회사이름,영문명,공시회사명,종목코드,대표자명,법인구분,법인등록번호,사업자등록번호,주소,홈페이지,IR홈페이지,업종명,설립일,결산월
주식회사 153로지스틱스,153logistics,153로지스틱스, ,강창현,기타법인,110111-5532787,101-86-93427,"경기도 군포시 고산로148번길 17 (당정동, 군포IT밸리) b동 1801호", ,,기타 보관 및 창고업,2014-10-09,12월
씨제이대한통운(주),CJ Logistics Corporation ,CJ대한통운,000120,"신영수, 민영학 (각자 대표)",유가증권시장,110111-0006167,110-81-05034,서울특별시 종로구 종로5길 7(청진동) Tower 8,www.cjlogistics.com,www.cjlogistics.com,도로 화물 운송업,1930-11-15,12월
"Delta Air Lines, Inc.","Delta Air Lines, Inc.","DeltaAirLines,Inc.", ,"Edward H, Bastian",기타법인, ,46961,"1030 Delta Boulevard, Atlanta, GA 30354, United States", ,,항공 운송업,1967-03-16,12월
주식회사 E1물류,E1 Logistics Corporation,E1물류, ,박동만,기타법인,124611-0257243,122-81-68541,인천광역시 계양구 아나지로 528,없음,,일반 화물자동차 운송업,2001-07-10,12월
주식회사 E1 컨테이너 터미널,E1 Container Terminal Corporation,E1컨테이너터미널, ,최석영,기타법인,120111-0432039,121-81-88826,인천광역시 중구 서해대로93번길 42,www.e1ct.co.kr,,항구 및 기타 해상 터미널 운영업,2008-01-01,12월
에이치엠엠(주) ,"HMM CO.,LTD",HMM,011200,최원혁,유가증권시장,110111-0193740,202-81-46197,"서울특별시 영등포구 여의대로 108 (여의도동, 파크원 타워1)",www.hmm21.com,,외항 화물 운송업,1976-03-25,12월
KG벌크터미날 주식회사,"KG BULK TERMINAL.CO.,LTD",KG벌크터미날, ,이재대,기타법인,181211-0009289,610-81-07342,울산광역시 울주군 온산읍 산암리 143-1, ,,수상 화물 취급업,1988-05-03,12월
(주)케이에스에스 해운,KSS LINE LTD.,KSS해운,044450,박찬도,유가증권시장,110111-0377055,101-81-34423,서울특별시 종로구 인사동길 12 대일빌딩 8층,www.kssline.com,,외항 화물 운송업,1984-06-27,12월
M&M통운(주),M&M TRANS Corporation,M&M통운, ,조항철,기타법인,110111-0860729,106-81-43174,인천광역시 중구 축항대로 147 (항동7가),www.mnmtrans.com,,도로 화물 운송업,1992-06-10,12월
PRIME SHIPPING SA,PRIME SHIPPING SA,PRIMESHIPPINGSA, ,LEONIDAS PAPAZIS,기타법인, ,29871,"Trust Company Complex, Ajeltake Road, Ajeltake Island, Majuro, Marshall Islands MH96960", ,,수상 화물 취급업,2008-05-12,12월
ROAD MAP(주),ROAD MAP,ROADMAP, ,현혜경,기타법인,201311-0028430,416-81-45517,전라남도 순천시 석현동 601-1번지, ,,그 외 기타 운송관련 서비스업,2004-08-17,12월
"S.F. Express Co. , Ltd.","S.F. Express Co. , Ltd.","S.F.ExpressCo.,Ltd.", ,NG WAI TING(응와이팅),기타법인,110111-4472546,107-87-43989,"서울특별시 영등포구 국회대로68길 17 (여의도동, 해운빌딩) 3층",www.sf-express.com/kr/ko/,,택배업,2010-11-17,12월
(주)SH로지스틱스&테크놀로지,SH Logistics & technology,SH로지스틱스&테크놀로지, ,김인석,기타법인,110111-0396831,215-81-55921,서울특별시 금천구 가산동 345-4 에이스하이앤드타워8차 3층,www.shlogistics.com/,,일반 화물자동차 운송업,1985-04-09,12월
SK Shipping Europe PLC.,SK Shipping Europe PLC.,SKShippingEuropePLC., ,Martin Bridge,기타법인, ,3808072,"24 Cornhill, London EC3V 3ND",www.skshippingeurope.com,,외항 화물 운송업,1999-07-12,12월
SK해운 주식회사,"SK SHIPPING CO., LTD",SK해운, ,김성익,기타법인,110111-6364212,171-86-00761,"서울특별시 중구 한강대로 416 (남대문로5가, 서울스퀘어) 21층",www.skshipping.co.kr,,외항 화물 운송업,2017-04-01,12월
(주)SPL,(주)SPL,SPL, ,최태은,기타법인,124411-0227985,631-87-01177,경기도 김포시 고촌읍 아라육로58번길 35-14 (전호리), ,,일반 창고업,2019-02-01,12월
SPP해운주식회사,"SPP SHIPPING CO.,LTD.",SPP해운, ,김인동,기타법인,191211-0013600,612-81-26286,경상남도 통영시 광도면 황리 1609-4,www.spp.co.kr,,내항 화물 운송업,2007-01-24,12월
(주)STX 그린 로지스,STX Green Logis Ltd,STX그린로지스,465770,유재호,유가증권시장,180111-1522465,423-86-02883,부산광역시 중구 중앙대로 102 17층(부산빌딩),www.stxgreenlogis.co.kr/,,해상 운송업,2023-09-01,12월
STX탱크터미널(주),"STX Tank-Terminal Co., Ltd.",STX탱크터미널, ,박태영,기타법인,131311-0037171,125-81-37843,경기도 평택시 포승읍 만호리 644, ,,위험물품 보관업,2001-06-13,12월
"Yamane Shipping Co., Ltd","Yamane Shipping Co., Ltd","YamaneShippingCo.,Ltd", ,FUKUYAMA NORIYOSI,기타법인, ,K0253103,서울특별시 강남구 청담동 76-5 삼성증권 청담지점, ,,외항 화물 운송업,2004-01-01,03월
(주)가나마린,KHANAMARINE LTD.,가나마린, ,정기웅,기타법인,180111-0502658,605-81-70106,부산광역시 동구 초량1동 1209 ~1213, ,,외항 화물 운송업,2005-01-01,12월
주식회사 가야강남,GAYAKANGNAM EXPRESS,가야강남, ,김주덕,기타법인,234111-0028534,621-81-48998,부산광역시 금정구 금사동 39-1, ,,시외버스 운송업,2002-03-15,12월
가야아이비에스(주),GAYAIBS,가야아이비에스, ,이성실,기타법인,184611-0002232,622-81-00963,경상남도 김해시 골든루트로66번길 143 (풍유동), ,,시내버스 운송업,1988-05-09,12월
(주)가이아로지스,GAIA LOGIS,가이아로지스, ,김호일,기타법인,134411-0051449,126-86-53763,경기도 이천시 대월면 대장로 187 (대대리) 527-17,www.gaialogis.co.kr,,일반 창고업,2012-06-29,12월
(주)가이아물류,"gaia mulryu Co,. Ltd",가이아물류, ,김호일,기타법인,131311-0102651,125-81-91911,경기도 평택시 포승읍 홍원농깨길 89 (홍원리) 가이아물류, ,,보관 및 창고업,2010-11-09,06월
(주)가자관광여행사,GAJA EXPRESS TOUR,가자관광여행사, ,정영권,기타법인,131311-0084536,125-81-76676,경기도 평택시 화촌2길 7-26 (통복동) 가자관광여행사, ,,전세버스 운송업,2008-09-01,12월
주식회사 가창물류,KACHANG LOGISPICS.CO.LTD,가창물류, ,이원호,기타법인,134511-0093308,135-81-80522,경기도 용인시 처인구 백암면 가창리 300-2,kstechinc.co.kt,,기타 보관 및 창고업,2005-08-25,12월
가평교통 주식회사,GAPYEONG TRAFFIC CORP.,가평교통, ,박원범,기타법인,115511-0000033,132-81-00913,"경기도 가평군 가평읍 가화로 51 (대곡리, 가평버스터미널)", ,,여객 자동차 터미널 운영업,1965-12-29,12월
(주)가현산업개발,Ga Hyeon,가현산업개발, ,지영만,기타법인,180111-0625509,605-81-87868,부산광역시 서구 암남공원로 82 (암남동), ,,기타 운송관련 서비스업,2008-03-11,12월
주식회사갑산,(JU)GAPSAN,갑산, ,박순만,기타법인,160111-0230774,305-81-89267,대전광역시 중구 중앙로138번길 30(대흥동), ,,주차장 운영업,2007-10-10,12월
강남물류(주),kangnam,강남물류, ,채형석,기타법인,134411-0028810,135-81-77901,경기도 용인시 처인구 양지면 평창리 666-13, ,,일반 창고업,2005-04-27,12월
(주) 강남선박,"Kang Nam Shipping.,ltd",강남선박, ,서말수,기타법인,180111-0387191,605-81-49734,부산광역시 중구 중앙동4가 동방빌딩 5층, ,,기타 해상 운송업,2001-12-07,12월
강남순환도로주식회사,Kangnam Beltway,강남순환도로, ,서근모,기타법인,110111-2566763,114-86-20366,서울특별시 금천구 시흥대로12길 40 (시흥동), ,,도로 및 관련시설 운영업,2002-07-12,12월
강동냉동(주),"KANG DONG NAENG DONG CO.,LTD",강동냉동, ,박희진,기타법인,214911-0004047,603-81-18934,부산광역시 서구 남부민동 523-45,없음,,냉장 및 냉동 창고업,1990-01-15,12월
강동냉장(주),"KANG DONG COLD STORAGE CO.,LTD",강동냉장, ,권병수,기타법인,110111-0882301,135-81-11952,"경기도 용인시 기흥구 동탄기흥로 776 (고매동, 강동냉장)",www.kangdongcs.co.kr,,냉장 및 냉동 창고업,1992-07-29,12월
주식회사 강동물류,"KangDong Logis co., Ltd.",강동물류, ,최기봉,기타법인,110111-6671435,694-87-01052,"서울특별시 양천구 공항대로 538 (목동, 씨디비 빌딩)",www.kangdonglogis.com,,"화물운송 중개, 대리 및 관련 서비스업",2018-03-23,12월
강릉예선(주),"Gangneungtug Co., Ltd.",강릉예선, ,어명수,기타법인,141111-0076717,471-86-02771,강원특별자치도 강릉시 강동면 와천로 470 (상시동리), ,,창고 및 운송관련 서비스업,2022-08-05,12월
주식회사 강서로지스,Gangseologis. lnc.,강서로지스, ,김재우,기타법인,110111-7499050,690-81-01908,"서울특별시 서초구 강남대로51길 10 비1층 106-214호 (서초동, 강남효성해링턴타워)", ,,창고 및 운송관련 서비스업,2020-05-27,12월
(주)강성냉장,"KANGSUNG COLD STORAGE CO., LTD",강성냉장, ,남문성,기타법인,180111-0334043,603-81-43073,부산광역시 사하구 장림동 325-1, ,,냉장 및 냉동 창고업,2000-08-20,12월
강원고속주식회사,KANG WON EXPRSS CO. LTD,강원고속, ,이동진,기타법인,140111-0000105,221-81-00682,강원도 춘천시 경춘로 2341 (온의동), ,,시외버스 운송업,1952-07-07,12월
강원물류주식회사,Kangwon logistics,강원물류, ,노주현,기타법인,145211-0006049,223-81-06533,강원도 홍천군 북방면 도둔길 49 강원물류(주), ,,일반 화물자동차 운송업,2002-07-27,12월
강원여객자동차주식회사,KANGWON EXPRESS,강원여객자동차, ,김기봉,기타법인,141111-0000245,226-81-00066,강원도 강릉시 하슬라로 27, ,,시외버스 운송업,1921-03-28,12월
강원흥업(주),Kangwon Enterprise,강원흥업, ,김진춘,기타법인,141111-0000039,221-81-05106,"강원도 강릉시 하슬라로 27 (홍제동, 강릉시외버스터미널)", ,,시외버스 운송업,1977-01-31,12월
강인교통(주),kangin,강인교통, ,최영락,기타법인,120111-0489064,122-86-04260,인천광역시 부평구 백범로 570 (십정동), ,,시내버스 운송업,2009-04-01,12월
강인여객(주),kangin,강인여객, ,최영락,기타법인,120111-0007733,137-81-04568,인천광역시 부평구 백범로 570 (십정동), ,,시내버스 운송업,1979-04-04,12월
(주)강호,KANG HO,강호, ,김남주,기타법인,191311-0003005,615-81-05145,부산광역시 남구 신선로 446 (용당동) 2층, ,,그 외 기타 운송관련 서비스업,2005-09-23,12월
강호개발(주), ,강호개발, ,이동준,기타법인,124511-0000660,136-81-03377,서울특별시 중구 남대문로2가 118, ,,도로 및 관련시설 운영업,1990-11-20,12월
강화교통(주),Ganghwasunjinbus,강화교통, ,노승후,기타법인,120111-0415564,137-81-77789,"인천광역시 강화군 선원면 중앙로 219 (창리, 선진버스(주)강화지점)", ,,시내버스 운송업,2006-11-13,12월
강화티엘(주),kanghwa t.l.co.ltd,강화티엘, ,신재호,기타법인,124411-0000092,136-81-06409,"인천광역시 강화군 강화읍 중앙로 43 (남산리, 강화여객자동차터미널)", ,,여객 자동차 터미널 운영업,1970-04-27,12월
주식회사 거석로지스틱스,gslogis,거석로지스틱스, ,정순희,기타법인,214711-0646817,269-86-02386,전라북도 부안군 부안읍 군청길 10-2 (동중리), ,,일반 창고업,2021-07-02,12월
주식회사 거성금속,"GeoSeong Metal co., ltd.",거성금속, ,이근철,기타법인,180111-1015931,341-88-00383,부산광역시 동래구 쇠미로 222-13 (온천동), ,,보관 및 창고업,2016-01-26,12월
거양해운(주),"KEOYANG SHIPPING CO., LTD.",거양해운, ,박정원,기타법인,110111-0694780,116-81-38057,서울특별시 영등포구 여의도동 한진해운빌딩6층,www.keoyang.com,,외항 화물 운송업,1990-04-23,12월
거영해운(주),"KEOYOUNG SHIPPING CO., LTD.",거영해운, ,탁재남,기타법인,180111-0412823,605-81-54014,"부산광역시 동구 중앙대로226번길 7-3 (초량동, 거영빌딩) 6층", ,,외항 화물 운송업,2002-06-21,12월
거제선박주식회사,"KEO JE MARITIME CO.,LTD",거제선박, ,최필규,기타법인,180111-0170273,601-81-25875,부산광역시 영도구 대평로28번길 19 (대평동1가) 우림빌딩 4층, ,,내항 화물 운송업,1994-12-26,12월
거제케이블카 주식회사,GOEJECABLECAR,거제케이블카, ,DLTMDRMS,기타법인,194911-0045276,813-81-00797,경상남도 거제시 동부면 거제중앙로 382 (구천리), ,,기타 부정기 여객 육상 운송업,2017-11-02,12월
거제현대고속(주),GEOJE HYUNDAE EXPRESS,거제현대고속, ,양일웅,기타법인,191411-0003251,611-81-08631,"경상남도 창원시 마산합포구 월영동서로 10 (해운동, 마산남부시외버스터미널)", ,,시외버스 운송업,2001-08-01,12월
주식회사 거창물류,-,거창물류, ,민병두,기타법인,134511-0190550,142-81-49271,경기도 용인시 처인구 원삼면 원양로 485 주식회사 거창물류,-,,일반 창고업,2012-07-02,12월
건영화물(주),KUNYOUNG,건영화물, ,김정환,기타법인,170111-0001983,501-81-00915,대구광역시 북구 노원로 125 (노원동3가), ,,"화물운송 중개, 대리 및 관련 서비스업",1971-09-17,12월
건창운수주식회사,KONCHANG,건창운수, ,주윤하,기타법인,130111-0016203,125-81-17599,경기도 안성시 공도면진사리55-8, ,,일반 화물자동차 운송업,1991-02-25,12월
주식회사경광유통,Kyung Kwang Yu Tong Co.,경광유통, ,정인호,기타법인,134211-0021214,126-81-30106,경기도 광주시 실촌읍 봉현리 539-13, ,,기타 보관 및 창고업,1997-09-25,12월
주식회사경기고속,Kyurg Gi Express,경기고속, ,허명회,기타법인,134411-0000016,126-81-00067,경기도 광주시 광주대로 171 (송정동), ,,시내버스 운송업,1961-03-27,12월
경기공항리무진버스(주),GYUNG GI AIRPORT LIMOUSINE CO. LTD,경기공항리무진버스, ,신유철,기타법인,130111-0039487,124-81-49104,경기도 수원시 권선구 산업로 60 (오목천동),ggairportbus.co.kr,,기타 도시 정기 육상 여객 운송업,1997-07-14,12월
경기교통주식회사,kyungi traffic,경기교통, ,장수진,기타법인,131111-0000924,129-81-00085,경기도 성남시 수정구 산성동7,없음,,시내버스 운송업,1974-06-20,12월
경기남부도로주식회사,"Kyunggi South Road Co., Ltd.",경기남부도로, ,송문선,기타법인,110111-3947805,211-88-16677,"경기도 의왕시 오전로 24 (왕곡동, 의왕영업소)",www.ksroad.co.kr,,도로 및 관련시설 운영업,2008-08-05,12월
경기동서순환도로 주식회사,Gyeonggi East-West Beltway Co.,경기동서순환도로, ,최백규,기타법인,110111-6060654,371-87-00368,경기도 화성시 마도면 쌍송길119번길 133 (쌍송리), ,,도로 및 관련시설 운영업,2016-05-16,12월
(주)경기버스,CORP GYEONG GI BUS,경기버스, ,허상준,기타법인,115411-0000027,127-81-00487,경기도 남양주시 진접읍 진벌리 638-5, ,,시내버스 운송업,1968-08-27,12월
경기복합물류공사(주),gyeoggi area integrated freight terminal ,경기복합물류공사, ,김석주,기타법인,110111-3680025,206-86-16045,서울특별시 광진구 구의동 546-4, ,,물류 터미널 운영업,2007-05-16,12월
(주)경기상운,KYUNGKI TRANSPORT,경기상운, ,허상준,기타법인,135711-0052169,126-81-76456,경기도 하남시 하남대로284번길 59 (상산곡동), ,,시내버스 운송업,2004-01-03,12월
(주)경기여객,kyungki passenger,경기여객, ,허상준,기타법인,284211-0050139,132-81-74813,"경기도 구리시 검배로 167 (수택동, 경기여객)",www.buspia.co.kr,,시내버스 운송업,2007-12-28,12월
(주)경기운수,gyeongki eunsu,경기운수, ,허상준,기타법인,284111-0061162,132-81-65949,경기도 남양주시 진접읍 경복대로 497 (진벌리),www.buspia.co.kr,,시내버스 운송업,2006-04-21,12월
경기철도(주),"Kyunggi Railroad Co.,Ltd",경기철도, ,송정호,기타법인,110111-4229822,211-88-35989,경기도 수원시 영통구 대학로 55 광교차량기지 종합관리동 2층,,,도시철도 운송업,2009-11-30,12월
(주)경기화학물류,k,경기화학물류, ,김종심,기타법인,135011-0061396,134-81-32390,"경기도 안산시 단원구 산단로 342 (원곡동, 원곡유통상가)", ,,기타 도로화물 운송업,1996-07-01,12월
경남고속뉴부산관광 주식회사,"KYEONGNAM EXPRESS NEW BUSAN TRAVEL SERVICE CO,LTD",경남고속뉴부산관광, ,이선호,기타법인,171211-0024461,505-81-27314,"부산광역시 금정구 중앙대로 2008 (남산동, 예일빌딩)", ,,전세버스 운송업,2000-09-26,12월
경남관광,KYUNGNAM TOURIST,경남관광, ,민병수,기타법인,110111-0063117,105-81-00342,서울특별시 마포구 서교동 353-5,kntourist.com,,전세버스 운송업,1966-02-21,12월
경동렌트카(주),"Kyung Dong Rent Car co., Ltd",경동렌트카, ,백성현,기타법인,161511-0036280,312-81-41825,충청남도 천안시 서북구 성정동 895, ,,기타 부정기 여객 육상 운송업,2002-07-08,12월
경동물류(주),KyungDong Logistics,경동물류, ,백영길,기타법인,130111-0049923,135-81-29340,경기도 수원시 장안구 송죽동 183-1,www.kdexp.com,,기타 도로화물 운송업,1998-12-28,12월
경동운수주식회사,Kyungdong.tun,경동운수, ,정부길,기타법인,110111-0114069,210-81-01361,서울특별시 강서구 화곡6동 974~982,-,,택시 운송업,1971-05-01,03월
주식회사 경동탱크터미널,Kyung Dong Tank Terminal,경동탱크터미널, ,지승한,기타법인,131311-0078737,125-81-72326,충청남도 당진시 신평면 당진항만로 81 (서부두 내),www.kdtt.com,,보관 및 창고업,2007-12-27,12월
경동화물자동차(주),KYUNG DONG,경동화물자동차, ,최억만,기타법인,175111-0000013,510-81-00199,경상북도 성주군 초전면 주천로 349, ,,일반 화물자동차 운송업,1969-07-23,12월
주식회사 경보,KYUNGBO,경보, ,추재희,기타법인, ,124-81-16850,경기도 화성군 팔탄면 해창리 산 161-2번지,없음,,일반 창고업,1991-07-26,12월
주식회사 경보,"KYONG BO CO.,LTD.",경보, ,추재희,기타법인,130111-0017532,124-81-16850,경기도 화성시 팔탄면 해창리 산 161-2, ,,일반 창고업,1991-07-26,12월
주식회사 경부종합물류,KB LOGSTICS,경부종합물류, ,임경호,기타법인,131311-0071236,125-81-66391,경기도 평택시 세교동 27-15, ,,보관 및 창고업,2007-01-29,12월
(주)경북고속,"Koreawide kyungbuk express co.,Ltd",경북고속, ,"류상우, 이상훈",기타법인,170111-0756075,842-87-01743,대구광역시 서구 서대구로 295 (비산동), ,,시외버스 운송업,2020-02-03,03월
경북고속(주),kyungbukexpress,경북고속, ,김낙구,기타법인,170111-0002642,503-81-01865,대구광역시 서구 비산7동 1856 3, ,,시외버스 운송업,1965-12-23,12월
경북교통(주),KYUNGBUK,경북교통, ,최준,기타법인,170111-0001652,502-81-06964,대구광역시 동구 경안로 752 (동호동), ,,시내버스 운송업,1965-06-25,02월
경산버스(주),"Gyeongsan Bus Co.,LTD",경산버스, ,홍정민,기타법인,170111-0010992,502-81-03216,"경상북도 경산시 압량읍 원효로 606 (당리리, 경산버스)",www.gsbg.co.kr,,시내버스 운송업,1979-12-28,12월
(주)경산씨스템,kyungsan system,경산씨스템, ,김광기,기타법인,110111-0755178,120-81-21521,경기도 수원시 영통구 봉영로 1612 605호 (영통동), ,,물류 터미널 운영업,1991-03-11,12월
주식회사 경산씨앤엘,Kyungsan C&L,경산씨앤엘, ,박봉석,기타법인,161411-0027364,316-81-19645,충청남도 서산시 대산읍 대죽산업로 105 (대죽리),www.kyungsancnl.com,,일반 화물자동차 운송업,2012-06-01,12월
경상버스자동차(주),KSB,경상버스자동차, ,이희욱,기타법인,170111-0019035,503-81-06138,대구광역시 서구 국채보상로 241 (평리동), ,,시내버스 운송업,1999-12-30,12월
경성여객자동차주식회사,"Kyungsung Bus Co., Ltd.",경성여객자동차, ,"김종원, 김정환",기타법인,110111-0014558,216-81-03066,"서울특별시 중랑구 용마산로 380 (면목동, 경성여객자동차(주))", ,,시내버스 운송업,1970-10-01,12월
경수고속도로주식회사,Gyeong Su Highway Corp,경수고속도로, ,박종혁,기타법인,110111-2921313,104-81-85130,경기도 용인시 수지구 성복1로 260 (신봉동),www.yseway.com,,도로 및 관련시설 운영업,2003-12-24,12월
경신교통(주),KYUNGSHIN TRANSPORT CO,경신교통, ,박준석,기타법인,170111-0010645,503-81-07670,대구광역시 달성군 다사읍 서재로 350 (방천리),-,,시내버스 운송업,1979-12-01,02월
경원여객자동차(주),"KYUNG WON RTANSPORTARION CO., LTD",경원여객자동차, ,이경덕,기타법인,134111-0005591,138-81-04799,경기도 안산시 성곡동 629-1,없음,,시내버스 운송업,1979-10-01,12월
경원여객자동차주식회사,"Gyeong-Won Passengers Bus co.,Ltd.",경원여객자동차, ,강상훈,기타법인,191111-0000097,613-81-00300,경상남도 진주시 남강로 698 (장대동), ,,시외버스 운송업,1966-02-08,12월
경익운수(주),"Kyoungik Transportation co., Ltd.",경익운수, ,윤유식,기타법인,160111-0000705,305-81-00506,대전광역시 유성구 계백로801번길 1 (원내동), ,,시내버스 운송업,1970-08-28,03월
경인냉장(주),"KYUNGIN COLD STORAGE CO.,LTD",경인냉장, ,이균,기타법인,110111-0591564,126-81-11341,경기도 광주시 쌍령동 254, ,,냉장 및 냉동 창고업,1988-09-20,12월
경인로지스틱스,kyoungin logistics,경인로지스틱스, ,배재일,기타법인,120111-0845787,273-81-00441,"인천광역시 부평구 안남로222번길 27 (산곡동, 경남아파트)종합상가동 101호", ,,일반 화물자동차 운송업,2016-11-01,12월
경인항컨테이너부두관리 주식회사,"Gyeongin Port Container Pier Management Co., Ltd.",경인항컨테이너부두관리, ,정승호,기타법인,120111-1170670,369-87-02228,"인천광역시 서구 거첨로 295 (오류동, 에스엠상선경인터미널), 205호", ,,수상 운송지원 서비스업,2021-08-10,12월
경인해운(주),kyug i hiig Co. Ltd.,경인해운, ,김문기,기타법인,110111-1418064,202-81-59178,서울특별시 강남구 역삼동 605-3, ,,내항 화물 운송업,1997-05-23,12월
(주)경일,"KYUNG IL  CO., LTD.",경일, ,"손영일, 고희광",기타법인,234111-0033484,621-81-55844,"경상남도 양산시 어곡공단2길 48 (어곡동, (주)경일)", ,,일반 창고업,2003-10-01,12월
경일글로벌로지스틱스(주),"KYUNG IL GLOBAL LOGISTICS CO., LTD.",경일글로벌로지스틱스, ,고희광,기타법인,194211-0208662,609-86-11254,"경상남도 창원시 진해구 신항8로 27 (남문동, 경일글로벌로지스틱스(주))", ,,일반 창고업,2012-12-28,12월
경일여객자동차(주),Kyeong-il Express co. Ltd,경일여객자동차, ,신동삼,기타법인,134611-0000088,135-81-14793,경기도 안성시 죽산면 죽주로 290 (죽산리), ,,시외버스 운송업,1965-03-17,12월
경전여객자동차(주),Kyungjeon Express,경전여객자동차, ,강병구,기타법인,191111-0001144,613-81-01013,경상남도 진주시 문산읍 삼곡리 1162번지, ,,시외버스 운송업,1951-10-23,12월
경진여객운수주식회사,Kyoung Jin Passenger  Traffic Company,경진여객운수, ,이장호,기타법인,134811-0000290,124-81-00421,경기도 화성시 안녕길 58 (안녕동), ,,시내버스 운송업,1970-07-01,12월
경평물류 주식회사,"KYUNG PYUNG LOGISTICS Co., Ltd.",경평물류, ,노현석,기타법인,131311-0064596,125-81-63716,경기도 평택시 포승읍 평택항만길 305 (만호리), ,,도로 화물 운송업,2006-02-17,12월
경한실업(주),"KYOUNG HAN SIL UP CO.,LTD.",경한실업, ,유광수,기타법인,134411-0001288,126-81-03647,"경기도 이천시 이섭대천로 1200 (중리동, 종합버스터미널)", ,,여객 자동차 터미널 운영업,1984-03-10,12월
경흥정기(주),"KYUNGHEUNG CORPORATION CO,LTD",경흥정기, ,이상진,기타법인,135011-0072195,133-81-26920,"경기도 시흥시 공단1대로321번길 46 (정왕동, (주)경흥정기)",-,,일반 화물자동차 운송업,1995-12-21,12월
계룡버스(주),kyeryoungbus,계룡버스, ,김창중,기타법인,160111-0000557,305-81-03084,대전광역시 대덕구 대화로32번길 521 (대화동),kyeryoungbus.com,,시내버스 운송업,1952-07-11,12월
(주)계명산업개발,gyemyoung,계명산업개발, ,조희선,기타법인,131211-0023685,126-86-02473,경기도 여주시 가남읍 대신리길 70, ,,창고 및 운송관련 서비스업,2007-04-11,12월
주식회사 계성,KYE SUNG CORPORATION,계성, ,최건,기타법인,164111-0000404,306-81-05504,대전광역시 대덕구 신탄진동 100-1번지, ,,일반 화물자동차 운송업,1984-05-14,12월
고려고속훼리(주),"korea express ferry co.,ltd.",고려고속훼리, ,김승남,기타법인,191211-0009659,121-81-78411,인천광역시 중구 중산동 1398번지,www.kefship.com,,내항 여객 운송업,2003-04-23,12월
고려기공(주),"KOREA ENGINEERING CO.,LTD",고려기공, ,배칠한,기타법인,180111-0082113,617-81-03779,"부산광역시 남구 수영로 312 1930호(대연동, 21센츄리시티오피스텔)",www.kec21.co.kr,,그 외 기타 운송관련 서비스업,1988-08-20,12월
고려냉장주식회사,"KOREA COLD STORES CO., LTD.",고려냉장, ,김학균,기타법인,180111-0030823,603-81-00318,부산광역시 사하구 장림동 432번지, ,,냉장 및 냉동 창고업,1978-07-27,12월
고려사일로(주),KCTCSILO,고려사일로, ,류주환,기타법인,180111-0782581,605-86-09950,부산광역시 동구 충장대로 314 고려사일로(주), ,,수상 화물 취급업,2011-11-16,12월
고려수산주식회사,"KOREA COLD STORES CO., LTD.",고려수산, ,김학균,기타법인,180111-0068832,603-81-09395,부산광역시 사하구 감천동 387-19번지,www.koryowater.koreasme.com,,냉장 및 냉동 창고업,1988-02-02,09월
(주) 고려에스엠,"KMTC SHIP MANAGEMENT CO.,LTD.",고려에스엠, ,문영,기타법인,180111-0734889,602-81-53433,"부산광역시 중구 충장대로 7 (중앙동4가, 교보생명보험(주)중앙동사옥) 10층",www.kmtcsm.co.kr,,기타 수상 운송지원 서비스업,2010-11-02,12월
고려여객자동차주식회사,KOREA EXPRESS BUS,고려여객자동차, ,이봉현,기타법인,180111-0006923,604-81-00077,부산광역시 동구 초량동 1211-8, ,,시내버스 운송업,1966-02-16,12월
고려예선주식회사,"KOREA TUG BOAT CO.,LTD",고려예선, ,이정경,기타법인,180111-0034643,601-81-09268,"부산광역시 중구 중앙대로 102 (중앙동4가, STX)",ktbc.co.kr,,기타 해상 운송업,1979-06-29,12월
고려종합국제운송(주),KCTC international LTD.,고려종합국제운송, ,권오인,기타법인,110111-0549117,110-81-30800,"서울특별시 중구 서소문로 89 (순화동, 순화빌딩)",www.kctcintl.com,,그 외 기타 운송관련 서비스업,1987-11-05,12월
고려종합물류(주),KOREA LOGISTICS CORP.,고려종합물류, ,정경근,기타법인,134511-0151990,142-81-27001,"경기도 용인시 기흥구 덕영대로 1994 (상갈동, 고려냉장)", ,,보관 및 창고업,2010-04-01,12월
(주)고려택배,"koryo co.,ltd.",고려택배, ,이창균,기타법인,130111-0056085,135-81-39979,경기도 수원시 영통구 원천동 362-31,www.klogis.kr,,택배업,1999-11-20,12월
고려항만(주),"KOREA PORT LOGISTICS CO., LTD.",고려항만, ,최현우,기타법인,181211-0000344,610-81-00238,울산광역시 남구 매암로 28 (매암동) 부두운영센터 3층, ,,화물 취급업,1963-03-13,12월
고려항업(주),korea hang up,고려항업, ,김종남,기타법인,120111-0203943,121-81-33980,경기도 평택시 포승읍 평택항만길 397 (원정리), ,,기타 보관 및 창고업,2000-01-01,12월
고려해운 (주),KOREA MARINE TRANSPORT CO. LTD,고려해운, ,"박정석, 신용화",기타법인,110111-0406531,201-81-12826,"서울특별시 중구 남대문로 63 (소공동, 한진빌딩) 15층 고려해운",www.kmtc.co.kr,,외항 화물 운송업,1985-10-01,12월
고려훼리주식회사,"KOREAFERRY CO.,LTD",고려훼리, ,김유진,기타법인,180111-0103183,601-81-19747,"부산광역시 동구 충장대로 206 (초량동, 부산항국제여객터미널)사무동4층",www.koreaferry.kr,,그 외 기타 운송관련 서비스업,1990-09-01,12월
고양교통(주),"Goyang Traffic co.,LTD.",고양교통, ,"조남선, 온영삼",기타법인,281111-0080842,137-81-65041,경기도 고양시 일산동구 무궁화로 385-11 (식사동), ,,시내버스 운송업,2005-01-01,12월
(주)골드웨이,"Goldway Logistics Service Co.,LTd",골드웨이, ,배기창,기타법인,110111-1201659,105-81-74960,서울특별시 영등포구 문래동3가 에이스하이테크시티 2-1401,goldway.co.kr,,외항 화물 운송업,1995-11-02,12월
골든베이 주식회사,"GOLDEN BAY CO., LTD.",골든베이, ,김병석,기타법인,110111-3999905,101-86-43271,서울특별시 중구 서소문동 75-95 유원빌딩, ,,그 외 기타 운송관련 서비스업,2008-11-19,06월
주식회사 골든코어,Golden Core,골든코어, ,정영제,기타법인,134511-0345022,276-86-01027,"서울특별시 서초구 서초대로 396 (서초동, 강남빌딩) 7층 702호", ,,일반 창고업,2018-01-04,12월
골라엘엔지,Golar LNG Lmited,골라엘엔지, ,John Fredriksen,기타법인, ,15062,서울특별시 중구 을지로2가 하나은행별관빌딩 (상임대리인-하나은행), ,,기타 해상 운송업,2001-05-10,12월
(주)공간지엘씨,gongganceramic,공간지엘씨, ,조백일,기타법인,110111-0821250,105-81-50575,경기도 안성시 미양면 미양로 156 (개정리)공간물류센터,www.ggceramic.com,,냉장 및 냉동 창고업,1991-12-09,12월
주식회사 공성,gong,공성, ,강승호,기타법인,120111-0346115,121-81-67438,전라남도 광양시 항만2로 166 (황길동) 1413-1, ,,일반 화물자동차 운송업,2004-05-27,12월
공성운수(주),"Gong Sung Co.,LTD",공성운수, ,심재선,기타법인,120111-0000042,121-81-13311,인천광역시 중구 신흥동3가 33-6,-,,기타 도로화물 운송업,1951-10-01,12월
공영급행주식회사,gongyoung,공영급행, ,장진수,기타법인,120111-0482216,121-81-94589,인천광역시 서구 원당대로 227-10 (오류동),gongyoung1@naver.com,,시내버스 운송업,2009-02-01,12월
공주교통주식회사,gongju kyotong,공주교통, ,유헌종,기타법인,161211-0000281,307-81-00875,충청남도 공주시 산성시장5길 34-33 (산성동), ,,시내버스 운송업,1980-09-01,12월
주식회사 공항리무진,"AIRPORTLIMOUSINE.CO.,LTD",공항리무진, ,권영찬,기타법인,110111-8308482,786-87-02549,서울특별시 강서구 개화동로8길 17 강서공영차고지 2층(개화동),www.airportlimousine.co.kr/,,시내버스 운송업,2022-05-23,12월
공항버스주식회사,KONG HANG BUS CO.LTD,공항버스, ,"최순정, 최영지",기타법인,110111-0049290,109-81-03754,서울특별시 강서구 개화동로8길 17 (개화동), ,,시내버스 운송업,1962-01-23,12월
공항시설관리주식회사,"AIRPORT FACILITY SERVICE CO., LTD.",공항시설관리, ,김규식,기타법인,110111-1598709,109-81-55096,서울특별시 강서구 내발산동665-9, ,,기타 항공 운송지원 서비스업,1998-11-01,12월
공항철도주식회사,AIRPORT RAILROAD,공항철도, ,김종대,기타법인,110111-2199788,101-81-68490,인천광역시 서구 검바위로 46 (검암동) 공항철도(주),www.arex.or.kr,,철도 운송업,2001-03-23,12월
관악교통주식회사,KWANAK TRAFFIC SERVICE,관악교통, ,조장우,기타법인,110111-0021719,112-81-00409,"서울특별시 양천구 신정로7길 17 (신정동, 양천공영차고지)", ,,시내버스 운송업,1970-06-15,12월
(주)관음교통,KWAN EUM,관음교통, ,안준석,기타법인,170111-0010885,502-81-03201,대구광역시 동구 둔산로40길 18 (방촌동), ,,시내버스 운송업,1979-11-22,12월
광남자동차(주),kwangnam,광남자동차, ,신문식,기타법인,170111-0003294,502-81-00621,대구광역시 동구 팔공로 400 (봉무동) 광남자동차, ,,시내버스 운송업,1998-10-27,12월
(주)광동티엘에스,Kwangdong TLS Inc.,광동티엘에스, ,박택순,기타법인,120111-0392184,121-81-76349,"인천광역시 남동구 인주대로 713 202호(구월동, 명성빌딩)", ,,일반 화물자동차 운송업,2005-12-29,12월
주식회사 광명역환승파크,"Gwangmyeong Station Trans Park Co., Ltd.",광명역환승파크, ,"김재봉, 홍성훈",기타법인,110111-6060977,723-86-00505,"서울특별시 금천구 가산디지털2로 14 413호(일부)(가산동, 대륭테크노타운12차)", ,,주차장 운영업,2016-05-16,12월
광명해운 주식회사,"KWANGMYEONG SHIPPING CO., LTD.",광명해운, ,김수홍,기타법인,180111-1027746,634-81-00398,부산광역시 중구 대영로242번길 9 5층 (영주동), ,,내항 운송업,2016-04-06,12월
주식회사 광성물류센터,GWANGSUNG,광성물류센터, ,박동호,기타법인,200111-0150030,409-81-66682,전라남도 장성군 남면 나노산단로 55 (삼태리), ,,일반 화물자동차 운송업,2002-02-18,12월
(주)광신고속,GWANGSHIN EXPRESS,광신고속, ,류종근,기타법인,200111-0029730,410-81-16538,광주광역시 북구 연제외촌길89번길 33 (연제동),www.gwangshinexpress.co.kr,,시외버스 운송업,1991-09-01,12월
(주)광양교통,gwangyangkyotong,광양교통, ,이순심,기타법인,206411-0011628,416-81-26617,전라남도 광양시 광양읍 인덕로 1195 (구산리), ,,시내버스 운송업,2000-01-10,12월
광양예선주식회사,"KwangYangTugBoat.Co.,Ltd",광양예선, ,임병환,기타법인,204711-0006831,417-81-11039,전라남도 여수시 수정동 350-42 여진빌딩 2층, ,,기타 해상 운송업,1995-07-28,12월
주식회사 광양인터내셔널물류센터,GIDC,광양인터내셔널물류센터, ,김상억,기타법인,204611-0043752,416-81-99177,전라남도 광양시 항만4로 20 (황길동), ,,일반 창고업,2014-08-28,12월
광양인터내셔널컨테이너터미널(주),Gwangyang International Container Terminal,광양인터내셔널컨테이너터미널, ,"박정원, 권행석",기타법인,204611-0022029,416-81-49605,전라남도 광양시 컨부두로 390 (도이동),www.gict.co.kr,,항구 및 기타 해상 터미널 운영업,2005-07-15,12월
광양항서부컨테이너터미널주식회사,"Gwangyang West Container Terminal CO.,LTD.",광양항서부컨테이너터미널, ,김경태,기타법인,110111-3547514,104-86-04258,"전라남도 광양시 컨부두로 150 (황길동, 광양항3단계1차컨테이너부두)",www.gwct.co.kr,,항구 및 기타 해상 터미널 운영업,2006-10-23,12월
광양해운(주),"WIDE OCEAN SHIPPING CO., LTD.",광양해운, ,김척수,기타법인,180111-0053528,601-81-13442,부산광역시 중구 중앙동4가 해양빌딩 9층 , ,,해상 운송업,1984-06-15,12월
광양훼리(주),"gyferry.co.,ltd",광양훼리, ,김중섭,기타법인,204611-0032052,416-81-72159,전라남도 광양시 황길동 1390 월드마린센터 10층,-,,외항 화물 운송업,2010-05-18,12월
광운선박(주),"KWANG WOON SHIPPING CO.,LTD",광운선박, ,"황철, 황윤",기타법인,204711-0007582,417-81-13435,"전라남도 여수시 좌수영로 57 (광무동, 흥국생명빌딩9층)", ,,기타 내륙 수상 여객 및 화물 운송업,1996-10-01,12월
광주순환주식회사,"Kwangju Ring Road Co., Ltd.",광주순환, ,이영훈,기타법인,200111-0143910,408-81-49318,광주광역시 남구 2순환로 1508 (송하동),www.krrc3.co.kr,,도로 및 관련시설 운영업,2001-10-24,12월
광주순환도로투자(주),"Kwangju Beltway Investment Co.,Ltd",광주순환도로투자, ,이영훈,기타법인,200111-0169213,408-81-56274,광주광역시 동구 2순환로 814 (소태동),www.kbicl.co.kr,,도로 및 관련시설 운영업,2003-01-15,12월
광주제2순환도로(주),GwangJu Belthighway.co.kr ,광주제2순환도로, ,이태원,기타법인,200111-0191224,410-81-86825,"광주광역시 서구 2순환로 2369 (덕흥동, 광주유덕영업소)",www.gjbelthighway.co.kr,,도로 및 관련시설 운영업,2004-03-17,12월
광주터미널주식회사,"KWANG JU TERMINAL.,CO.LTD",광주터미널, ,정승달,기타법인,134211-0073976,126-81-89344,"경기도 광주시 광주대로 30 (경안동, 광주종합터미널) 3층 관리사무실", ,,여객 자동차 터미널 운영업,2005-08-23,12월
광주화물터미널(주),"Gwangju Freight Terminal Co., Ltd.",광주화물터미널, ,고재관,기타법인,200111-0300239,409-86-15102,"광주광역시 북구 동문대로 280 (각화동, 화물터미널)  102호 관리사무실",없음,,물류 터미널 운영업,2010-06-25,12월
광진선박주식회사,"KWANG JIN SHIPPING CO., LTD",광진선박, ,이상돈,기타법인,110111-2151316,104-81-59419,"전라남도 여수시 여서1로 21 3층(여서동, 성원빌딩)", ,,항만 내 여객 운송업,2001-01-16,12월
광진통운(주),Kwangjin Transportation Co. Ltd,광진통운, ,김문식,기타법인,181211-0020805,610-81-16837,울산광역시 남구 여천동 657번지,www.kwanginex.com,,일반 화물자동차 운송업,1992-05-29,12월
주식회사 광진티엘에스,KWANGJIN T.L.S CORP,광진티엘에스, ,김경호,기타법인,180111-0212413,617-81-17744,부산광역시 남구 우암동 247-1,www.kwangjintls.co.kr,,그 외 기타 운송관련 서비스업,1996-08-09,12월
(주)교원스타트원,KYOWON StartOne CO. LTD,교원스타트원, ,장동하,기타법인,110111-3683079,214-88-09030,"서울특별시 중구 을지로 51 (을지로2가, 내외빌딩)", ,,일반 창고업,2007-05-21,12월
구미물류(주),"GumiTp Co.,Ltd",구미물류, ,김진동,기타법인,176011-0059334,513-81-53206,경상북도 구미시 인동39길 22-58 (구평동) 201호, ,,"화물운송 중개, 대리 및 관련 서비스업",2009-06-01,12월
구미버스 주식회사,"GUMI BUS Co.,Ltd",구미버스, ,조용호,기타법인,175311-0000572,513-81-01047,경상북도 구미시 선기로 135-8 (선기동), ,,시내버스 운송업,1979-12-24,12월
국민버스(주),Kookminbus.Corp,국민버스, ,조은애,기타법인,160111-0003527,306-81-04733,"대전광역시 대덕구 신탄진로756번안길 68-1 (신탄진동, (주)서진운수) 2층 국민버스", ,,시내버스 운송업,1979-08-01,12월
국민비투멘(주),NATIONAL BITUMEN CORPORATION,국민비투멘, ,김종선,기타법인,110111-1870040,107-81-76872,"서울특별시 성동구 아차산로 103 7층 711호(성수동2가, 영동테크노타워)", ,,외항 화물 운송업,2000-02-02,12월
(주)국보,"KUKBO Co.,LTD",국보,001140,"박찬하, 김룡영(각자 대표)",기타법인,110111-0296073,104-81-24870,"부산광역시 수영구 광남로 42 8층(남천동, 국보빌딩)",www.kukbo.com,,일반 화물자동차 운송업,1953-12-28,12월
국양로지텍(주),"KOOKYANG Logitech Co., Ltd.",국양로지텍, ,금창원,기타법인,110111-1618325,104-81-44880,"부산광역시 중구 충장대로 11 (중앙동4가, 무역회관빌딩)",www.kylogix.co.kr/,,일반 화물자동차 운송업,1991-01-01,12월
국양해운 주식회사,"KOOKYANG SHIPPING Co., Ltd. ",국양해운, ,김남덕,기타법인,110111-1773484,104-81-47155,"서울특별시 중구 세종대로 64 (태평로2가, 해남빌딩)",http://www.kookyang.co.kr,,외항 화물 운송업,1999-09-15,12월
국제28호선박투자회사,KMARIN NO.28 SHIP INVESTMENT CORPORATION,국제28호선박투자회사, ,정승욱,기타법인,220111-0205055,735-87-01902,제주특별자치도 제주시 연삼로 473 (이도이동) 경제통상진흥원, ,,외항 여객 운송업,2020-05-15,12월
국제도로기기(주),International Road Equipments,국제도로기기, ,박도현,기타법인,110111-0558952,207-81-45214,서울특별시 광진구 구의동 79-10 ,www. ire-parking.com,,주차장 운영업,1988-01-22,12월
(주)국제로지스틱,"Kukjae Logistics Co., Ltd.",국제로지스틱, ,나승진,기타법인,110111-1673395,104-81-45706,"서울특별시 강서구 강서로56가길 31 (등촌동, 우경빌딩3층)", ,,"화물운송 중개, 대리 및 관련 서비스업",1999-04-01,12월
국제물류 주식회사,"INTERNATIONAL LOGISTICS CO., LTD.",국제물류, ,조병은,기타법인,201111-0014293,411-81-47204,전라남도 목포시 신항로 264 (달동) 주2동 208호, ,,기타 내륙 수상 여객 및 화물 운송업,2000-02-23,12월
(주)국제선박투자운용,KUKJE Maritime Investment Corporation,국제선박투자운용, ,오운용,기타법인,110111-3210666,104-81-93907,"서울특별시 중구 수표로 45 (저동2가, 중구저동2가비즈센터 10층)",www.kmarin.co.kr,,외항 화물 운송업,2005-04-18,12월
국제여객주식회사,KookJeYoeKek,국제여객, ,유창한,기타법인,180111-1071636,147-88-00613,부산광역시 연제구 월드컵대로 420 (거제동), ,,시내버스 운송업,2017-01-02,12월
(주)국제종합물류,UNIVERSAL LOGISTICS INC.,국제종합물류, ,김성중,기타법인,134511-0008836,135-81-04029,경기도 용인시 기흥구 고매동 400-5,-,,일반 창고업,1991-01-10,12월
국제통운(주),"Kukje Transportation Co., Ltd.",국제통운, ,김정수,기타법인,180111-0020345,617-81-00068,부산광역시 남구 감만동 588-1,http://KUKJETPC.co.kr,,일반 창고업,1967-12-08,12월
주식회사 군산공용버스정류장, ,군산공용버스정류장, ,박노길,기타법인,211111-0000571,401-81-00707,전라북도 군산시 경암동 614-2번지, ,,여객 자동차 터미널 운영업,1976-09-01,08월
군산자동차무역센터주식회사,gunsan vehicle export (GVEX KOREA),군산자동차무역센터, ,설영길,기타법인,220111-0139808,496-81-00286,"전라북도 군산시 대학로 342 (나운동, 동아26빌딩) 611호",www.gvex.co.kr,,기타 보관 및 창고업,2016-01-18,12월
군산컨테이너터미널주식회사,"Gunsan Container Terminal co., LTD",군산컨테이너터미널, ,이국동외 2인,기타법인,211111-0018186,401-81-26032,전라북도 군산시 오식도동 839번지, ,,수상 화물 취급업,2004-07-22,12월
군산항7부두운영 주식회사,KUNSANPORT 7PIER INDUSTRIES,군산항7부두운영, ,이현호,기타법인,211111-0030651,401-81-41033,전라북도 군산시 서해로 692 (비응도동), ,,수상 운송지원 서비스업,2010-09-15,12월
군장신항만주식회사,GUNJANG NEW PORT TERMINAL CO. LTD,군장신항만, ,김종갑,기타법인,110111-3581471,108-81-77928,전라북도 군산시 서해로 510 (오식도동), ,,수상 화물 취급업,2006-12-18,12월
군포교통(주),kunpobus,군포교통, ,피정권,기타법인,110111-0083305,113-81-25475,"경기도 군포시 번영로 179-46 (부곡동, 공영차고지)", ,,시내버스 운송업,1967-11-04,12월
굿모닝물류(주),Goodmorninglogistics,굿모닝물류, ,구대우,기타법인,110111-2114140,214-86-71791,"경기도 수원시 영통구 월드컵로97번길 47 (원천동,굿모닝빌리지)", ,,"화물운송 중개, 대리 및 관련 서비스업",2000-11-21,12월
굿서비스(주),Goodservice Corp.,굿서비스, ,Woo Jae Song,기타법인,110111-4199877,214-88-51974,"서울특별시 마포구 대흥로 54 401호 (대흥동, TAF빌딩)",www.good-service.co.kr/,,창고 및 운송관련 서비스업,2009-10-16,12월
굿윌코리아주식회사,"Goodwill Korea Co., Ltd",굿윌코리아, ,노환우,기타법인,131111-0617919,344-86-02009,"경기도 성남시 분당구 판교로319번길 13 (삼평동, 디테라스) 501호", ,,그 외 기타 분류 안된 운송 관련 서비스업,2021-01-14,12월
그레이하운드(주),greyhound,그레이하운드, ,최문규,기타법인,161511-0065932,312-81-70091,충청남도 천안시 동남구 천안대로 802 (신부동), ,,전세버스 운송업,2004-07-27,12월
그로발스타로지스틱스(주),"GLOBAL STAR LOGISTICS CO.,LTD.",그로발스타로지스틱스, ,진병수,기타법인,180111-0617093,605-81-86501,부산광역시 동구 중앙대로226번길 3-8 (초량동), ,,그 외 기타 운송관련 서비스업,2008-01-17,12월
그로발스타해운(주),"GLOBAL STAR SHIPPING CO.,LTD.",그로발스타해운, ,진병수,기타법인,180111-0219675,604-81-33530,부산광역시 서구 충무대로 12 (암남동) 4.5층 GS프라자,www.globals.co.kr,,"화물운송 중개, 대리 및 관련 서비스업",1996-12-16,12월
(주)그린,"greengls co.,ltd.",그린, ,황정실,기타법인,131211-0004742,126-81-25068,경기도 여주시 대신면 여양로 693-10 (천남리),www.greengls.co.kr,,일반 화물자동차 운송업,1996-03-13,12월
(주)그린글로브라인,"GREEN GLOBE LINE CO.,LTD.",그린글로브라인, ,홍은표,기타법인,110111-3627043,104-86-06464,"서울특별시 영등포구 경인로 775 1-709 (문래동3가, 에이스하이테크시티)",www.ggl.co.kr,,"화물운송 중개, 대리 및 관련 서비스업",2007-02-26,12월
(주)그린로지스틱스,Green Integrated Logistics Inc.,그린로지스틱스, ,김원경,기타법인,110111-1486722,110-81-38350,서울특별시 서대문구 대현동 67-5 대현빌딩 402호,www.green-logistics.com,,그 외 기타 운송관련 서비스업,1996-11-20,12월
그린마린 주식회사,-,그린마린, ,최영배,기타법인,194111-0015671,609-81-90894,경상남도 진해시 안골동 산 118,-,,수상 운송업,2009-11-25,12월
그린써브주식회사,"Greenserve Co.,Ltd",그린써브, ,김의곤,기타법인,134511-0132651,142-81-17110,경기도 평택시 서탄면 서탄로 470-35 (수월암리) 그린써브주식회사,greenserve.co.kr,,냉장 및 냉동 창고업,2009-01-01,12월
극동여객자동차운수주식회사,kukdong,극동여객자동차운수, ,서석주,기타법인,220111-0000356,616-81-00051,제주특별자치도 제주시 서광로4길 11 (오라일동), ,,시내버스 운송업,1962-12-08,12월
(주)극동티엘에스,KUKDONG T.L.S,극동티엘에스, ,"홍현득, 노종태",기타법인,110111-0544414,112-81-16783,서울특별시 서초구 양재2동 하이브랜드 1312호,www.fareast.co.kr,,일반 화물자동차 운송업,1987-10-01,12월
글로넷엘엠에스(주),"GLONET LMS Co., Ltd.",글로넷엘엠에스, ,"이준일, 김지한",기타법인,110111-5886522,877-88-00392,06770 서울특별시 서초구 매헌로14길 33, ,,"화물운송 중개, 대리 및 관련 서비스업",2016-03-17,12월
글로넷티엘에스 주식회사,GLONET TLS,글로넷티엘에스, ,"이준일, 이병구",기타법인,110111-6099306,338-87-00492,"부산광역시 동구 중앙대로 331 18층(초량동, 메리츠화재)", ,,"화물운송 중개, 대리 및 관련 서비스업",2016-07-29,12월
주식회사 글로벌,global co.ltd,글로벌, ,김시환,기타법인,230111-0077147,610-81-51815,울산광역시 울주군 온산읍 온산로 256 (학남리) 3층 (주)글로벌, ,,일반 화물자동차 운송업,2001-07-12,12월
글로벌로지스틱스(주),"Global Logistics Co., Ltd.",글로벌로지스틱스, ,이원진,기타법인,110111-1885552,107-81-78619,서울특별시 영등포구 여의도동44-22 호성빌딩 본관7층, ,,외항 화물 운송업,2000-03-15,12월
주식회사 글로벌로지텍,"GLOBAL LOGITECH ., LTD",글로벌로지텍, ,"홍은표, 고대진",기타법인,194211-0208612,609-86-10046,"경상남도 창원시 진해구 신항10로 19 (남문동, (주)글로벌로지텍)", ,,일반 창고업,2012-12-27,12월
글로벌서비스주식회사,GLOBAL SERVICE CORP,글로벌서비스, ,신동식,기타법인,110111-1746051,105-86-01915,"서울특별시 마포구 마포대로 53 (도화동, 마포트라팰리스) 에이동 2807호",www.globalservice.co.kr,www.globalservice.co.kr,그 외 기타 분류 안된 운송 관련 서비스업,1999-08-02,12월
(주) 글로벌쉬핑마스터앤투앤,"GSM NtoN Co., Ltd.",글로벌쉬핑마스터앤투앤, ,장영석,기타법인,110111-3798860,211-88-06863,서울특별시 강남구 삼성2동 36-25 프러스원센터 3층,www.gsmnton.com,,그 외 기타 운송관련 서비스업,2007-12-04,12월
주식회사 글로벌익스프레스,Global Express Inc.,글로벌익스프레스, ,임동윤,기타법인,131411-0222986,134-86-54986,"서울특별시 서초구 강남대로95길 38 (잠원동, 토성빌딩)", ,,철도 운송업,2009-03-19,12월
주식회사 글로벡스,"GLOBEX CO., LTD.",글로벡스, ,왕성곤,기타법인,110111-5502813,109-86-50591,"서울특별시 강서구 양천로 401 (가양동, 강서한강자이타워) A동 308호", ,,항공 및 육상 화물 취급업,2014-08-28,12월
글로브링크코리아(주),GLOBELINK KOREA,글로브링크코리아, ,김상열,기타법인,110111-3309823,104-81-96447,"서울특별시 중구 을지로 16 (을지로1가, 프레지던트호텔) 11층",www.globelink-korea.com/,,"화물운송 중개, 대리 및 관련 서비스업",2005-10-01,12월
글로브에어카고 주식회사,"GLOBE AIR CARGO Co., Ltd.",글로브에어카고, ,신현억,기타법인,110111-8102694,482-88-02076,"서울특별시 강서구 화곡로68길 82 909호 (등촌동, 강서아이티밸리)", ,,"화물운송 중개, 대리 및 관련 서비스업",2021-11-23,12월
글로빌프로세스(주),"GLOVIL PROCESS CO., LTD					",글로빌프로세스, ,조형민,기타법인,110111-1724677,106-81-80320,서울특별시 강남구 대치동 996-16번지 육인빌딩 7층 705호, ,,그 외 기타 운송관련 서비스업,1999-07-01,12월
주식회사글로지스,GLOGIS,글로지스, ,김백호,기타법인,120111-0575946,121-86-10570,인천광역시 중구 공항동로296번길 98-11 (운서동) B동101호,www.glogis.kr,,창고 및 운송관련 서비스업,2011-07-18,12월
주식회사글로코어,"Glocore Co.,Ltd.",글로코어, ,이택,기타법인,110111-6660016,625-86-00915,"서울특별시 강남구 언주로 527 (역삼동, 강남텔레피아빌딩)", ,,기타 운송관련 서비스업,2018-02-13,12월
(주)글로텍,GLOTECH.CORP.LTD.,글로텍, ,"김승원, 이영달",기타법인,180111-0437847,605-81-58591,"부산광역시 동구 중앙대로 262 (초량동, 새담빌딩) 6층", ,,일반 창고업,2003-02-17,12월
주식회사 금강고속,"KUM KANG EXPRESS. CO., LTD",금강고속, ,이은중,기타법인,145211-0000017,223-81-00015,강원도 홍천군 홍천읍 희망리393, ,,시외버스 운송업,1952-06-06,09월
(주)금강고속관광,KumKang Express Tour,금강고속관광, ,이경자,기타법인,284911-0058882,141-81-05907,서울특별시 강서구 양천로 9 (방화동) 201호, ,,전세버스 운송업,2006-04-27,12월
금강물류 주식회사,KUMKANG Logistics,금강물류, ,박부택,기타법인,180111-0181626,618-81-19371,부산광역시 중구 중앙동4가 17-7 일경산업개발빌딩 2층,www.kktrans.co.kr,,일반 화물자동차 운송업,1996-01-01,12월
금강선박주식회사,"KUM GANG MARITIME., LTD",금강선박, ,최성용,기타법인,110111-1428104,105-81-87771,서울특별시 마포구 합정동 364-70, ,,기타 해상 운송업,1997-06-18,12월
금강해운주식회사,"KUMKANG MARINE CO., LTD.",금강해운, ,손석길,기타법인,110111-0173031,104-81-28541,서울특별시 중구 태평로2가 69-5 삼정빌딩 1702호,kkseoul@kumkangmarine.com,,해상 운송업,1974-12-12,12월
(주)금광해운,"GEUMGWANG SHIPPING.CO.,LTD",금광해운, ,김상석,기타법인,171711-0075092,506-81-62255,경상북도 울릉군 울릉읍 도동1길 13, ,,내항 화물 운송업,2007-10-04,12월
금남고속,geumnamexp,금남고속, ,조성일,기타법인,160111-0001480,305-81-00637,대전광역시 중구 유등천동로 340 (산성동), ,,시외버스 운송업,1965-12-30,02월
금남교통운수주식회사,kumnamtrans,금남교통운수, ,김경환,기타법인,160111-0003692,314-81-00437,대전광역시 대덕구 대전로 1032 40(오정동), ,,시내버스 운송업,1980-01-01,12월
금남여객운수(주),kumnam,금남여객운수, ,조경수,기타법인,220111-0000207,616-81-00065,제주특별자치도 제주시 서광로 128 (오라삼동),kn0753@naver.com,,시내버스 운송업,1970-04-20,12월
금마운수(주),KUMMA TRANSPORTATION Co. Ltd.,금마운수, ,김광수외1,기타법인,161511-0000954,312-81-01594,충청남도 천안시 동남구 고래울길 43 (구성동), ,,택시 운송업,1979-07-25,12월
금서,KUMSEO,금서, ,엄호엽,기타법인,230111-0099901,610-81-69635,울산광역시 북구 산하동 526-7, ,,일반 화물자동차 운송업,2003-12-01,12월
금성냉장주식회사,Keumsung Cold Storage,금성냉장, ,탁광래,기타법인,191211-0006910,612-81-11309,"경상남도 통영시 남망길 106 (동호동, 금성냉장(주))",-,,냉장 및 냉동 창고업,2000-04-12,12월
(주)금수원,Keumsuwon inc.,금수원, ,"김경숙, 변우섭",기타법인,134611-0000781,125-81-02612,경기도 안성시 보개면 서동대로 5908, ,,일반 창고업,1983-07-20,12월
(주)금아고속관광앤경주시티투어,gumabus,금아고속관광앤경주시티투어, ,"김윤미, 서범관",기타법인,171211-0000627,505-81-01105,경상북도 경주시 충현로 64 (충효동), ,,전세버스 운송업,1979-11-21,03월
(주)금아리무진,kuma리무진,금아리무진, ,장이락,기타법인,170111-0001488,502-81-00505,대구광역시 동구 화랑로 493 (용계동), ,,시외버스 운송업,1966-03-17,12월
주식회사 금아여행,"GUM-A EXPRESS Co., Ltd.",금아여행, ,백윤기,기타법인,171711-0052909,506-81-45300,경상북도 포항시 남구 희망대로659번길 40 (상도동), ,,시외버스 운송업,2002-06-01,12월
금양상선주식회사,"Keum Yang Shipping Co., Ltd.",금양상선, ,우방우,기타법인,180111-0046622,601-81-12012,부산광역시 중구 광복로97번길 11 (동광동1가) 우리은행빌딩 4층, ,,외항 화물 운송업,1982-12-10,12월
유한회사 금영,kumyoung co. Ltd,금영, ,"정영자, 이경구",기타법인,205414-0025195,411-81-05785,전라남도 영암군 삼호읍 용당부두길 50 (용당리)용당부두운영건물1층, ,,내항 화물 운송업,1991-09-09,12월
금오상선(주),"KEM OH Marine Co.,Ltd.",금오상선, ,조경래,기타법인,110111-1916555,104-81-53924,서울특별시 중구 충무로1가 고려대연각센터빌딩, ,,외항 화물 운송업,2000-03-23,12월
(주)금오에스엠,kumoh s.m,금오에스엠, ,길호성,기타법인,176011-0121729,704-81-00950,경상북도 구미시 봉곡서로 33 (봉곡동), ,,기타 운송관련 서비스업,2018-04-01,12월
(주)금제,KUM JYE,금제, ,이민호,기타법인,180111-0157015,607-81-27639,부산광역시 사상구 엄궁동 651-1 4-219호, ,,기타 부정기 여객 육상 운송업,1994-06-01,12월
금진여객자동차주식회사,"Geumjin Passenger Co., Ltd.",금진여객자동차, ,김용대,기타법인,180111-0035831,607-81-33747,부산광역시 연제구 고분로68번길 1 (연산동), ,,여객 자동차 터미널 운영업,1980-01-07,12월
금진해운(주),"Kum Jin Shipping Co., Ltd.",금진해운, ,박홍득,기타법인,110111-1209257,201-81-53870,부산광역시 중구 대창동2가,www.daehoship.co.kr,,외항 여객 운송업,1996-01-27,12월
금한냉동주식회사,"KUMHAN COLD STORAGE CO., LTD",금한냉동, ,김상은,기타법인,180111-0325901,603-81-42093,부산광역시 사하구 원양로 328 (감천동), ,,냉장 및 냉동 창고업,2000-06-08,12월
금호고속(주),Kumho Buslines,금호고속, ,이덕연,기타법인,200111-0331309,410-86-55671,"광주광역시 서구 무진대로 904 (광천동, 유스퀘어(광천터미널))",www.kumhobuslines.co.kr/,,시외버스 운송업,1946-04-07,12월
금호고속관광(주),"kumhotourbuslines Co., Ltd.",금호고속관광, ,강병도,기타법인,205211-0045440,228-86-01218,전라남도 화순군 북면 옥리길 14-7, ,,전세버스 운송업,2018-10-04,12월
금호고속관광 주식회사,"Kumhotourbuslines Co.,Ltd.",금호고속관광, ,채형옥,기타법인,150111-0228408,811-81-00506,"경기도 부천시 원미구 길주로 70 (상동, 강산타운) 601동 5호",www.kumhotourbuslines.co.kr,,부정기 육상 여객 운송업,2016-11-30,12월
금호고속관광(주),"kumhotourbuslines Co.,Ltd.",금호고속관광, ,강병도,기타법인,110111-5345734,114-87-15399,서울특별시 서초구 신반포로 194,www.kumhotourbuslines.co.kr/,,전세버스 운송업,2014-02-20,12월
금호목포시내 주식회사,Kumho Mokpo Intra-City Co.Ltd,금호목포시내, ,한명호,기타법인,201111-0076699,731-86-03333,"전라남도 목포시 영산로 525 2층 (상동, 목포종합버스터미널)", ,,시내버스 운송업,2024-11-25,12월
금호익스프레스 주식회사,"KumhoExpress Co.,Ltd",금호익스프레스, ,채형옥,기타법인,200111-0612999,899-87-02113,"광주광역시 서구 무진대로 904 (광천동, 유스퀘어(광천터미널))", ,,시외버스 운송업,2020-10-05,12월
금호티앤엘(주),KUMHO TERMINAL AND LOGISITICS COMPANY,금호티앤엘, ,송유선,기타법인,206211-0039707,417-81-38794,전라남도 여수시 여수산단로 1469-100 (낙포동), ,,수상 화물 취급업,2009-09-22,12월
금화냉동주식회사,KEUMHWA REFRIGERATION.CO.LTD,금화냉동, ,강신수,기타법인,180111-0105717,603-81-13680,부산광역시 사하구 구평동 414-10, ,,냉장 및 냉동 창고업,1990-11-28,12월
기원(주),KI WON,기원, ,윤정기,기타법인,131411-0132317,134-81-90935,경기도 안산시 단원구 성곡동 710, ,,일반 창고업,2002-10-17,12월
기현로토스(주),"KIHYUNLOTOS CO.,LTD",기현로토스, ,김기용,기타법인,161411-0012951,316-81-04365,"충청남도 서산시 성연면 명천산업로 86 (명천리, 기현로토스(주))", ,,보관 및 창고업,2003-06-27,12월
김포골드라인에스알에스 주식회사,"Gimpo Goldline SRS Co., Ltd.",김포골드라인에스알에스, ,이용주,기타법인,124411-0385981,625-88-03309,"경기도 김포시 돌문로 50-20 (사우동, 로얄프라자)",gimpogoldline.com,,도시철도 운송업,2024-03-08,12월
김포골드라인운영(주),Gimpogoldline,김포골드라인운영, ,권형택,기타법인,124411-0205676,437-87-01051,"경기도 김포시 양촌읍 양촌역길 139 (유현리, 김포한강차량기지)", ,,철도 여객 운송업,2018-01-12,12월
김포교통주식회사,kimpo bus tranportation companu limited,김포교통, ,유기만,기타법인,110111-0037873,109-81-05150,서울특별시 강서구 금낭화로 170 (방화동), ,,시내버스 운송업,1970-12-23,12월
김포운수주식회사,Gimpo trans,김포운수, ,신재호,기타법인,124411-0025579,136-81-20906,경기도 김포시 월곶면 갈산리 29-5번지, ,,시내버스 운송업,1996-11-20,12월
주식회사 김해비유에스,KIMHAEBUS,김해비유에스, ,정민준,기타법인,195511-0107362,615-81-63295,경상남도 김해시 골든루트로66번길 143 (풍유동), ,,시내버스 운송업,2008-06-01,12월
(주)나라로지스틱스,"Nara Logistics Co., Ltd.",나라로지스틱스, ,이성재,기타법인,134211-0072449,126-81-87730,경기도 이천시 마장면 서이천로 383 나라로지스틱스, ,,기타 보관 및 창고업,2005-07-01,12월
(주)나렉스,NAREX,나렉스, ,최동식,기타법인,110111-1958177,201-81-57084,서울특별시 중구 충무로1가 고려대연각센터빌딩 902호, ,,그 외 기타 운송관련 서비스업,2000-06-01,12월
(주)나루해운,"NARU SHIPPING CO., LTD",나루해운, ,황제현,기타법인,180111-0346527,602-81-19551,부산광역시 중구 중앙동4가 53-11 동아일보 5층, ,,그 외 기타 운송관련 서비스업,2000-12-28,12월
나비오스 쉽매니지먼트 아이앤씨,NAVIOS SHIPMANAGEMENT INC.,나비오스쉽매니지먼트아이앤씨, ,Vasiliki Papaefthymiou,기타법인, ,36253,"Trust Company Complex, Ajeltake Road, Ajeltake Island, Majuro MH96060 Marshall Islands", ,,외항 화물 운송업,1999-07-15,12월
나이가이부산물류센터(주),"NAIGAI BUSAN LOGISTICS CENTER CO.,LTD.",나이가이부산물류센터, ,IWASADA HITOSHI,기타법인,194211-0182436,609-81-97562,경상남도 창원시 진해구 신항로 434 (안골동), ,,일반 창고업,2011-01-26,12월
나이가이은산로지스틱스 주식회사,"NAIGAI EUNSAN LOGISTICS CO.,LTD",나이가이은산로지스틱스, ,IWASADA HITOSHI,기타법인,180111-0974493,557-86-00117,"경상남도 창원시 진해구 신항8로 343 (남문동, 나이가이은산로지틱스(주))", ,,일반 창고업,2015-06-01,12월
나이스씨엠에스주식회사,NICE Cash Management&Security,나이스씨엠에스, ,강명구,기타법인,110111-3956252,105-87-24026,"서울특별시 마포구 마포대로 130 (공덕동, 별정우체국연금관리단빌딩) 7층",www.nicecms.co.kr,,개인 화물자동차 운송업,2008-08-20,12월
주식회사 나주교통,najubus,나주교통, ,류종근,기타법인,205511-0001130,412-81-01915,전라남도 나주시 왕곡면 영산포로 30-9 (장산리), ,,육상 여객 운송업,1988-12-01,12월
(주)날개물류,NALGAE Books Logistics Co.Ltd.,날개물류, ,조노현,기타법인,115611-0018018,128-81-42345,경기도 파주시 교하읍 다율리 산40-9,www.nalgae.co.kr,,창고 및 운송관련 서비스업,1999-09-01,12월
남도버스(주),namdobus,남도버스, ,이경채,기타법인,170111-0010905,503-81-04770,대구광역시 달서구 한실로 10 (대곡동), ,,시내버스 운송업,1979-12-04,12월
남부공항서비스 주식회사,SOUTH AIRPORTS SERVICE,남부공항서비스, ,조영진,기타법인,180111-1252400,467-81-01502,"부산광역시 강서구 공항진입로 108 (대저2동) 국제화물청사 2층 218, 219호",www.sairports.kr,,공항 운영업,2019-11-25,12월
남부여객자동차(주),Nambu Bus.co,남부여객자동차, ,김창우,기타법인,180111-0035948,601-81-09161,"부산광역시 영도구 와치로 113 (청학동, 영도남부여객)",nambubus@naver.com,,시내버스 운송업,1980-04-10,12월
(주)남사물류,Namsa Logistic,남사물류, ,최장수,기타법인,134511-0229755,142-81-70115,경기도 용인시 처인구 남사읍 원암로 329, ,,냉장 및 냉동 창고업,2014-03-20,12월
(주)남사물류터미널,NamSamulryuteomineol co.,남사물류터미널, ,한주식,기타법인,134511-0290102,413-88-00427,경기도 용인시 처인구 남사면 완장천로 308-16 (완장리) 102,www.namsa.kr,,냉장 및 냉동 창고업,2016-05-16,12월
남서울경전철주식회사,"South-Seoul LRT CO. Ltd.,",남서울경전철, ,이영대,기타법인,134111-0199170,138-81-63901,"서울특별시 동작구 보라매로5길 15 12층 (신대방동, 전문건설회관빌딩)", ,,도시철도 운송업,2010-12-02,12월
남성교통(주),-,남성교통, ,김영상,기타법인,110111-0131071,209-81-09553,"서울특별시 성북구 보국문로 188 (정릉동, 대진운수)",-,,시내버스 운송업,1972-06-15,12월
주식회사 남성버스,NAMSUNGBUS,남성버스, ,김영상,기타법인,110111-7639151,261-87-01814,"서울특별시 성북구 보국문로 188 (정릉동, 대진운수)", ,,시내버스 운송업,2020-09-29,12월
남성여객자동차(주),Namsung Transportation,남성여객자동차, ,양재원,기타법인,181211-0007374,610-81-04156,울산광역시 울주군 청량읍 웅촌로 1263 (율리) 율리공영차고지, ,,시내버스 운송업,1969-09-28,12월
남성예선주식회사,"NAMSUNG YESUN CO., LTD.",남성예선, ,김용규,기타법인,110111-1256547,105-81-77929,"서울특별시 중구 삼일대로 363 17층(장교동, 장교빌딩)", ,,기타 해상 운송업,1996-04-01,12월
남성해운(주),"NAMSUNG SHIPPING CO.,LTD",남성해운, ,김용규,기타법인,110111-0406333,202-81-17182,"서울특별시 중구 삼일대로 363 (장교동, 장교빌딩)",www.namsung.co.kr,,외항 화물 운송업,1953-08-22,12월
주식회사 남안성물류피에프브이," South Anseong Logis PFV ,ltd",남안성물류피에프브이, ,김보라,기타법인,110111-8418447,234-87-02825,"서울특별시 영등포구 국제금융로 20 (여의도동, 율촌빌딩) 14층", ,,일반 창고업,2022-09-07,12월
남양여객자동차(주),"Namyang Passenger Transport Co., Ltd.",남양여객자동차, ,권성욱,기타법인,130111-0049767,124-81-59636,경기도 화성시 안녕길 49 (안녕동), ,,시내버스 운송업,1999-01-04,12월
남양주도시고속도로 주식회사,"Namyangju Urban Expressway Co.,Ltd",남양주도시고속도로, ,김영두,기타법인,284111-0060180,132-81-64616,경기도 남양주시 수석호평로 380 (이패동),www.nueway.co.kr,,도로 및 관련시설 운영업,2006-02-16,12월
(주)남양통운,NAMYANGTONGUN,남양통운, ,김상철,기타법인,230111-0335397,418-81-55442,울산광역시 북구 산성로 19 (효문동), ,,도로 화물 운송업,2020-07-22,12월
남양통운(주),NAMYANGTONGUN,남양통운, ,김상철,기타법인,164711-0001236,307-81-02247,세종특별자치시 장군면 장척로 425 (도계리), ,,도로 화물 운송업,1989-01-21,12월
남양항운(주),"NAM YANG PORT SERVICE CO.,LTD",남양항운, ,김진호,기타법인,204711-0003936,416-81-10492,전라남도 광양시 제철로 1655-251 (금호동) 남양항운, ,,기타 육상 운송지원 서비스업,1987-11-05,12월
주식회사 남원로지스틱스,namwonlogistics,남원로지스틱스, ,장현준,기타법인,211311-0016269,331-88-02201,전라북도 남원시 대산면 감성1길 29-8 (금성리), ,,보관 및 창고업,2021-06-15,12월
남원테마파크(주),"Namwon Thema park Co.,Ltd.",남원테마파크, ,현경식,기타법인,134111-0541892,372-87-01773,"전라북도 남원시 양림길 58-13 (어현동, 남원랜드)", ,,도시철도 운송업,2020-06-11,12월
주식회사 남해고속,"NAMHAE EXPRESS CO., Ltd.",남해고속, ,성기순,기타법인,201111-0001521,411-81-02115,"전라남도 목포시 해안로 182 (항동, 목포항연안여객터미널) 3층 315호", ,,내항 여객 운송업,1977-10-18,06월
남해선박(주),"namhae shipping co.,ltd",남해선박, ,고륜,기타법인,110111-0793540,105-81-48671,전라남도 여수시 여서동 240-13번지 주원빌딩 2층, ,,기타 수상 운송지원 서비스업,1991-07-24,12월
남해터미널개발(주),NAMHAE TERMINAL DEVELOPMENT COMPANY,남해터미널개발, ,송진엽,기타법인,194611-0000798,614-81-02112,경상남도 남해군 남해읍북변리 316-3, ,,여객 자동차 터미널 운영업,1994-08-23,12월
내트럭프랜즈 주식회사,Netruckfranz Co. LTD.,내트럭프랜즈, ,차규탁,기타법인,110111-4499201,104-86-32720,서울특별시 중구 장교동 장교빌딩 1306호,www.netruck.co.kr,,그 외 기타 운송관련 서비스업,2010-12-24,12월
(주)냉장인터불고,"COLD INTER-BURGO CO.,LTD.",냉장인터불고, ,"김삼남, 권철민",기타법인,180111-0044361,603-81-05574,부산광역시 사하구 다대로 359 (장림동), ,,냉장 및 냉동 창고업,1982-05-24,12월
주식회사 네덱스,NEDEX,네덱스, ,"김영기, 채명철",기타법인,110111-1915656,101-81-55700,서울특별시 금천구 가산동 549-1,www.nedex.co.kr,,택배업,2000-03-22,12월
(주)네오엘,NEOL,네오엘, ,박동헌,기타법인,110111-6579100,209-81-65045,"경기도 군포시 번영로 82 (부곡동, 한국복합물류(주))", ,,기타 육상 운송지원 서비스업,2017-11-24,12월
네오트랜스주식회사,"Neo Trans Co., Ltd.",네오트랜스, ,이관형,기타법인,131111-0141801,129-81-85411,경기도 성남시 분당구 대왕판교로606번길 33 신분당선빌딩, ,,도시철도 운송업,2005-05-30,12월
주식회사 네이쳐메이드,naturemaid inc.,네이쳐메이드, ,박지우,기타법인,110111-3928269,211-88-15741,서울특별시 강남구 신사동 637-11 서울빌딩 5층,www.naturemaid.co.kr,,항공 운송업,2008-07-03,12월
넥센L&C(주),"NEXEN L&C Co., Ltd.",넥센L&C, ,배경식,기타법인,230111-0162154,620-81-35904,"부산광역시 금정구 중앙대로 1596 (부곡동, 넥센타이어)", ,,그 외 기타 운송관련 서비스업,2010-01-21,12월
넥스트로(주),"NEXT Lo Co., Ltd.",넥스트로, ,이동호,기타법인,110111-8604210,526-81-02853,"서울특별시 서초구 마방로 68 , 8층(양재동, 동원산업빌딩)", ,,항공 및 육상 화물 취급업,2023-04-07,12월
주식회사 넵툰마린,Neptune Marine Corp,넵툰마린, ,신상엽,기타법인,110111-3143396,105-86-74612,서울특별시 영등포구 여의도동 동양증권빌딩 3층 , ,,외항 화물 운송업,2005-01-03,12월
주식회사 노루로지넷,"NOROO Loginet Co.,Ltd",노루로지넷, ,"김장호, 한영재",기타법인,134111-0033899,123-81-25910,경기도 안양시 만안구 박달로 351 (박달동),www.noroologinet.com,,"화물운송 중개, 대리 및 관련 서비스업",1991-07-02,12월
주식회사 노스우드스팀쉽,NORTHWOOD STEAMSHIPS Co. Ltd.,노스우드스팀쉽, ,박인탁,기타법인,110111-3528358,101-86-26291,서울특별시 종로구 내수동 74번지 광화문시대 1202호, ,,해상 운송업,2006-09-15,12월
농업회사법인(주)그린랜드,greenland,농업회사법인그린랜드, ,정의훈,기타법인,174811-0053910,515-81-40390,경상북도 경산시 진량읍 대구대로 513 (다문리), ,,일반 창고업,2010-02-26,12월
농업회사법인 주식회사 리코마켓팅,RICOMARKETING CO.LTD,농업회사법인리코마켓팅, ,김원중,기타법인,110111-5289528,215-87-87046,"서울특별시 송파구 송파대로 260 (가락동, 제일오피스텔) 1412호",www.ricologis.co.kr/,,냉장 및 냉동 창고업,2013-12-13,12월
농업회사법인(주)에스더블유씨,"swc coldstorage co., ltd",농업회사법인에스더블유씨, ,임창일,기타법인,134211-0179740,526-88-00494,경기도 광주시 도척면 국사봉로 97-27 (진우리), ,,냉장 및 냉동 창고업,2016-08-02,12월
(주)농협물류,"Nonghyup Logistics Service, Inc.",농협물류, ,최선식,기타법인,110111-3045039,201-81-87986,"서울특별시 서대문구 통일로 87 (미근동, NH농협생명빌딩)", ,,육상운송 및 파이프라인 운송업,2004-07-07,12월
누리네트웍스(주),"Noori Networks Co., Ltd.",누리네트웍스, ,배경식,기타법인,180111-0984286,516-88-00084,"부산광역시 금정구 중앙대로 1596 (부곡동, 넥센타이어)", ,,일반 창고업,2015-07-22,12월
뉴대진관광(주),"NEW DAEJIN CO.,LTD.",뉴대진관광, ,이순진,기타법인,131311-0021950,125-81-22511,경기도 평택시 도일로 164-29 (도일동),www.ndjtour.com,,전세버스 운송업,1997-05-09,12월
(주)뉴디피엘,NewDPL Corp.,뉴디피엘, ,최인석,기타법인,134411-0082296,457-86-01096,경기도 이천시 마장면 덕평로 831-30 (덕평리), ,,내항 화물 운송업,2018-07-02,12월
(주)뉴디피엘,NEW DPL INC.,뉴디피엘, ,최종록,기타법인,134411-0021666,126-81-65395,경기도 이천시 호법면 매곡리 산988-3,dpl.co.kr,,일반 창고업,2002-08-17,12월
(주)뉴로텍,NEWROTEC,뉴로텍, ,서정태,기타법인,200111-0282809,409-86-10349,광주광역시 서구 매월1로63번길 16 (매월동), ,,일반 창고업,2009-08-21,12월
뉴새한렌트카(주),NEWSAEHAN RENR A CAR,뉴새한렌트카, ,조영근,기타법인,194211-0106379,609-81-94357,"경상남도 창원시 성산구 상남로 37 (상남동, 덕산베스트텔)1231호", ,,기타 육상 운송지원 서비스업,2010-07-02,12월
뉴신정관광(주),newshinjungtour,뉴신정관광, ,민승현,기타법인,110111-4237958,109-86-21209,"서울특별시 강서구 수명로 31 (내발산동, 하버드아카데미) 403호", ,,전세버스 운송업,2010-01-01,12월
뉴월드쉬핑(주),"NEW WOLRD SHIPPING CO., LTD.",뉴월드쉬핑, ,김효곤,기타법인,110111-0536809,104-81-35469,"서울특별시 종로구 청계천로 41 (서린동, 영풍빌딩) 11층",www.nwskorea.co.kr,,수상 운송지원 서비스업,1987-07-16,12월
뉴통 주식회사,newtong corp.,뉴통, ,김석운,기타법인,124411-0235970,333-87-01609,"경기도 고양시 일산동구 무궁화로 20-38 404호, 405호(장항동, 로데오탑)",www.newtong.co.kr,,냉장 및 냉동 창고업,2019-06-10,12월
주식회사 뉴포트탱크컨테이너스코리아,Newport Tank Containers Korea Corp.,뉴포트탱크컨테이너스코리아, ,쑹웨이,기타법인,110111-5246718,104-86-51431,"서울특별시 중구 서소문로 50 4층(중림동, CENTRALPLACE)", ,,"화물운송 중개, 대리 및 관련 서비스업",2013-10-16,12월
늘푸른해운항공(주),"ALWAYS BLUE SEA & AIR., , LTD.",늘푸른해운항공, ,남극영,기타법인,110111-3697187,104-86-08384,"서울특별시 중구 삼일대로 363 (장교동, 장교빌딩) 1401호", ,,"화물운송 중개, 대리 및 관련 서비스업",2007-06-14,12월
주식회사 다,DA Company Limited,다, ,김태영,기타법인,110111-5964477,266-87-00315,경상남도 진주시 문산읍 문산로 906-25 (상문리) 주식회사 다, ,,냉장 및 냉동 창고업,2016-02-01,12월
주식회사 다다앤코로넷,"DADA & KONET CO.,Ltd.",다다앤코로넷, ,최종만,기타법인,131111-0169168,129-86-00455,경기도 이천시 호법면 이섭대천로 626 1층,www.dakonet.net,,일반 화물자동차 운송업,2006-08-30,12월
다모아자동차(주),DAMOA,다모아자동차, ,"이경동, 이준석",기타법인,110111-3029546,110-81-66477,서울특별시 마포구 가양대로 117 (상암동),www.damoabus.com,,시내버스 운송업,2004-06-14,12월
주식회사 다본익스프레스,DABON EXPRESS,다본익스프레스, ,박인수,기타법인,110111-2858417,104-81-83210,"서울특별시 중구 삼일대로 363 602호 (논현동, 썬라이더빌딩)",04541,,"화물운송 중개, 대리 및 관련 서비스업",2003-09-17,12월
(주)다온로지스틱스,"DAON LOGISTICS CO.,LTD",다온로지스틱스, ,"김제룡, 박건웅",기타법인,110111-3001784,214-87-53335,"서울특별시 강남구 논현로 503 (역삼동, 송촌빌딩) 801호",www.petratrading.net,,외항 화물 운송업,2004-04-27,12월
다온물류 주식회사,"DAON LOGISTICS CO.,LTD",다온물류, ,"김의욱, 김재민",기타법인,180111-1021433,438-81-00451,"부산광역시 중구 광복로97번길 20 (동광동2가, 부산해운센터) 4층 401호", ,,내항 화물 운송업,2016-03-03,12월
주식회사 다올컴퍼니,daol company inc.,다올컴퍼니, ,이춘원,기타법인,134511-0238855,142-81-75712,경기도 용인시 처인구 양지면 중부대로2565번길 21 (제일리), ,,택배업,2014-08-01,12월
주식회사 다원로지스틱스,DAWON LOGISTICS,다원로지스틱스, ,김근택,기타법인,110111-6455326,803-81-00806,"서울특별시 서초구 남부순환로347길 88 2층 (서초동, 승지빌딩)",www.dawonlogistics.co.k,,일반 창고업,2017-07-07,12월
주식회사 다원로지텍,DAWON LOGITECT,다원로지텍, ,김강용,기타법인,164711-0016813,307-81-26706,"충청남도 천안시 동남구 성남면 대정1길 19-11 (대정리, (주)대정)", ,,일반 화물자동차 운송업,2007-09-17,12월
주식회사 다이소인터내셔날,"DAISO INTERNATIONAL CO., LTD",다이소인터내셔날, ,박정부,기타법인,180111-0552455,606-81-97001,부산광역시 사상구 삼락동 360-4, ,,일반 창고업,2006-04-12,12월
(주)다코넷,dakonet,다코넷, ,최종만,기타법인,131111-0054468,129-81-38053,경기도 성남시 중원구 성남동 4123번지 메가프라자 404호,www.dakonet.net,,육상 운송지원 서비스업,2000-11-03,12월
닥서코리아 주식회사 ,DACHSER KOREA Inc.,닥서코리아, ,"에도아르도포데스타, 이브기까미유라크망",기타법인,110111-3391614,105-86-88907,"서울특별시 마포구 양화로 165 (동교동, 상진빌딩) 9층",www.dachser.kr/kr/,,"화물운송 중개, 대리 및 관련 서비스업",2006-03-01,12월
(주)단성해운,DANSUNG SHIPPING.CO.LTD,단성해운, ,이현규,기타법인,110111-3743732,120-87-18940,서울특별시 강남구 삼성동 144 단성빌딩 802,www.dansungshipping.com,,해상 운송업,2007-08-28,12월
(주)달구벌버스,dalgubal,달구벌버스, ,김인철,기타법인,170111-0302399,503-81-71186,대구광역시 동구 경안로 700 (동호동), ,,시내버스 운송업,2006-02-19,12월
당진고대부두운영(주),Dangjin Kodae-port Operating Company.Ltd.,당진고대부두운영, ,권영석,기타법인,165011-0034347,311-81-38614,충청남도 당진시 송악읍 고대공단2길 255 (한진리), ,,수상 운송업,2011-04-21,12월
당진여객운수(주),Dangjinbus,당진여객운수, ,윤수일,기타법인,165011-0000223,311-81-00587,"충청남도 당진시 밤절로 149 (수청동, 당진공영버스터미널)", ,,시내버스 운송업,1981-01-10,12월
당진탱크터미널주식회사 ,DANGJIN TANK TERMINAL ,당진탱크터미널, ,백풍렬,기타법인,165011-0011709,311-81-17680,충청남도 당진시 송악읍 고대공단2길 351 (한진리), ,,항구 및 기타 해상 터미널 운영업,2002-05-31,12월
대경TLS(주),"DAE KYUNG TOTAL LOGISTICS SERVICE CO.,LTD.",대경TLS, ,이신호,기타법인,110111-0021545,116-81-44340,서울특별시 영등포구 여의도동 15-4번지, ,,일반 화물자동차 운송업,1970-09-29,12월
대경지엘에스(주),DAE KYUNG GLS,대경지엘에스, ,"이희량, 박권용",기타법인,110111-3675331,107-86-92601,경기도 안산시 단원구 정왕천동로 116 (성곡동), ,,일반 화물자동차 운송업,2007-05-09,12월
주식회사 대광현대서비스,dklogist,대광현대서비스, ,임철수,기타법인,131211-0016870,126-81-68844,경기도 여주시 가남읍 여주남로 755 (본두리),100,,일반 화물자동차 운송업,2003-01-15,12월
대구도시철도공사,Daegu Metropolitan Transit Corporation,대구도시철도공사, ,류한국,기타법인,176171-0000149,514-82-06760,대구광역시 달서구 월배로 250,www.dtro.or.kr,,도시철도 운송업,1995-11-20,12월
대구동부순환도로주식회사,"daegu east circulation road co.,ltd",대구동부순환도로, ,정인호,기타법인,170111-0121161,502-81-39432,"대구광역시 수성구 범안로 585 (가천동, 고모영업소)", ,,도로 및 관련시설 운영업,1997-05-28,12월
대구물류주식회사,"DAEGU LOGISTICS CO.,LTD.",대구물류, ,박재구,기타법인,175211-0024368,513-81-44366,경상북도 칠곡군 석적면 반계리 22-3, ,,창고 및 운송관련 서비스업,2007-03-29,12월
(주)대구물류터미널, ,대구물류터미널, ,김동석,기타법인,170111-0052358,514-81-11908,대구광역시 달서구 월성동 895-7,myhome.naver.com/tax7491,,물류 터미널 운영업,1991-06-05,12월
대구복합화물터미널주식회사,"TAEGU COMBINED FREIGHT TERMINAL Co.,Ltd.",대구복합화물터미널, ,이병무,기타법인,170111-0092817,503-81-32882,대구광역시 서구 평리동 573-2, ,,철도 운송지원 서비스업,1995-12-08,12월
대구서북도로주식회사,TAEGU SEOBUK HIGHWAY INC.,대구서북도로, ,김홍기,기타법인,170111-0121153,502-81-39427,대구광역시 수성구 범어동 177-4 교원공제회관 13층, ,,도로 및 관련시설 운영업,1997-05-28,12월
대국해저관광 (주),Daekuk Subsea Company Ltd,대국해저관광, ,김용이,기타법인,224111-0001475,616-81-04246,제주특별자치도 서귀포시 남성중로 40 (서홍동) 서귀포잠수함,submarine.co.kr,,내륙 수상 및 항만 내 운송업,1988-09-01,12월
대기글로벌주식회사,"DAEKEE GLOBAL CO.,LTD.",대기글로벌, ,이순형,기타법인,180111-0023290,601-81-06956,"부산광역시 중구 충장대로 11 (중앙동4가, 무역회관빌딩) 12층 1205호",www.daekee.com,,"화물운송 중개, 대리 및 관련 서비스업",1975-12-18,12월
대덕교통 주식회사,DAEDEOK,대덕교통, ,권영갑,기타법인,170111-0774879,142-88-01752,대구광역시 동구 경안로 700 (동호동),-,,시내버스 운송업,2020-06-10,12월
(주)대덕로지스,"Daedeok logis Co., LTD)",대덕로지스, ,이한청,기타법인,134611-0111025,771-86-01916,경기도 안성시 삼죽면 용내길 14 (용월리), ,,일반 창고업,2020-12-09,12월
(주)대도운수,DAE DO ,대도운수, ,도원일,기타법인,180111-0035815,605-81-07660,"부산광역시 부산진구 엄광로 143 (가야동, 대도운수)", ,,시내버스 운송업,1980-01-16,12월
대동물산 주식회사, ,대동물산, ,안태환,기타법인,134511-0010344,135-81-08535,경기도 용인시 이동면 화산리 635-1,없음,,냉장 및 냉동 창고업,1992-05-01,12월
주식회사 대동종합물류,"DAE DONG INT''L LOGISTICS CO., LTD.",대동종합물류, ,윤원상,기타법인,180111-0028795,601-81-00476,서울특별시 마포구 월드컵북로2길 57 (동교동) 금화빌딩4층,www.dil.co.kr,,기타 운송관련 서비스업,1978-02-03,12월
대동항업주식회사,"DAEDONG MARINE SERVICE CO., LTD.",대동항업, ,신용완,기타법인,161411-0000857,310-81-01701,충청남도 서산시 대산읍 영좌동길 156 (대로리),www.portdaesan.co.kr,,기타 내륙 수상 여객 및 화물 운송업,1988-03-15,12월
대동해운주식회사,"DAEDONG SHIPPING CO., LTD",대동해운, ,박인규,기타법인,110111-4185371,104-86-23236,"서울특별시 종로구 사직로8길 4 (사직동, 광화문스페이스본) 201동 208,209호", ,,외항 화물 운송업,2009-09-25,06월
대동해운주식회사,"DAEDONG SHIPPING CO.,LTD",대동해운, ,김태수,기타법인,204611-0039040,416-81-87614,전라남도 광양시 항만9로 118 (중동), ,,기타 내륙 수상 여객 및 화물 운송업,2012-11-08,12월
대륙상운(주),"DAE RYUK SHIPPING CO.,LTD.",대륙상운, ,김일동,기타법인,120111-0012394,121-81-09286,인천광역시 중구 신흥동3가 정석빌딩 A동 706호, ,,기타 해상 운송업,1982-05-12,12월
(주)대륙상운,daeryuk shipping,대륙상운, ,김수금 김일동,기타법인,131311-0062277,125-81-60795,경기도 평택시 포승읍 연암길 80 (만호리), ,,기타 내륙 수상 여객 및 화물 운송업,2005-12-13,12월
대륜해운 주식회사,"DAERYUN SHIPPING CO,. LTD",대륜해운, ,정갑주,기타법인,180111-0282169,604-81-39908,부산광역시 동구 초량3동 1159-10 경교빌딩 501호, ,,외항 화물 운송업,1999-03-23,12월
대림로지스(주),daerimlogis,대림로지스, ,강선이,기타법인,200111-0411565,410-87-03898,광주광역시 광산구 하남산단5번로 46 (장덕동), ,,냉장 및 냉동 창고업,2014-11-10,12월
대림에이치앤엘(주),"Daelim H&L Co., Ltd.",대림에이치앤엘, ,기의석,기타법인,110111-2198631,104-81-60973,서울특별시 중구 남대문로4가 상공회의소회관 11층, ,,그 외 기타 운송관련 서비스업,2001-03-22,12월
대명교통(주),DAEMYUNG TRAFFIC,대명교통, ,김경도,기타법인,170111-0010637,514-81-00702,대구광역시 달서구 달서대로 117 (대천동), ,,시내버스 운송업,1979-12-01,12월
대명운수주식회사,"DaeMyeongTrafficService co.,ltd",대명운수, ,김영준,기타법인,131111-0044302,129-81-31273,경기도 성남시 중원구 순환로124번길 13 (상대원동), ,,시내버스 운송업,1999-11-25,12월
(주)대명특수대명크레인,Daemyung Special Transportation & Daemyung Crane,대명특수대명크레인, ,문승호,기타법인,205411-0012437,411-81-47558,전라남도 영암군 삼호읍 소등공원2길 23,-,,일반 화물자동차 운송업,2007-02-23,12월
대보엘앤에스 주식회사,"DAEBO L&S CO., LTD.",대보엘앤에스, ,김창중,기타법인,110111-3840538,101-86-37895,서울특별시 종로구 새문안로5길 19 11층(로얄빌딩), ,,외항 화물 운송업,2008-02-14,12월
대보팍스(주),"DAEBO P&S Co., Ltd.",대보팍스, ,최중원,기타법인,110111-1714305,119-81-31072,경기도 평택시 포승면 원정리 1019-4, ,,보관 및 창고업,1999-06-15,12월
대보해운(주),"DAEBO SHIPPING CO., LTD",대보해운, ,김창중,기타법인,110111-0169220,102-81-39678,서울특별시 종로구 당주동 5번지, ,,외항 화물 운송업,1974-08-24,12월
대복해운(주),DAEBOKSHIPPING,대복해운, ,김복문,기타법인,180111-0152578,601-81-24371,"부산광역시 동구 중앙대로 176 (초량동, 대한통운빌딩) 503호", ,,내항 화물 운송업,1994-02-17,12월
(주)대부로지스틱스,DAEBU LOGISTICS,대부로지스틱스, ,홍창의,기타법인,131311-0097349,125-81-87979,"인천광역시 연수구 송도과학로 32 (송도동, 송도테크노파크IT센터)에스2001호", ,,"화물운송 중개, 대리 및 관련 서비스업",2010-04-15,12월
(주)대빙고,"DAEBINGO CO., LTD.",대빙고, ,정의권,기타법인,180111-0391241,605-81-50148,"부산광역시 동구 충장대로 367 (범일동, (주)대빙고)",www.daebingo.com,,냉장 및 냉동 창고업,2002-01-07,12월
(주)대산,dae san,대산, ,정태민,기타법인,230111-0051216,620-81-17833,울산광역시 북구 천곡동 359, ,,일반 화물자동차 운송업,1998-09-01,12월
대산항만운영주식회사,"Daesan Port Operating Co.,Ltd",대산항만운영, ,김동식,기타법인,161411-0025756,316-81-17725,충청남도 서산시 대산읍 대죽1로 301-61 대산항만운영주식회사, ,,수상 화물 취급업,2011-08-22,12월
주식회사 대산홀딩스,"Daesan Holdings Co., Ltd",대산홀딩스, ,김연실,기타법인,131311-0226899,315-86-01638,경기도 평택시 만세로 1629-44 (대산홀딩스), ,,"화물운송 중개, 대리 및 관련 서비스업",2020-01-16,12월
(주)대상쉬핑,"Great Merchant Shipping co., ltd.",대상쉬핑, ,박정화,기타법인,230111-0159036,610-81-99842,울산광역시 남구 매암동 177-1 SK해운빌딩 4층, ,,외항 화물 운송업,2009-10-01,12월
대상해운 주식회사,GREAT MERCHANT SHIPPING CO.KR,대상해운, ,김준향,기타법인,230111-0081156,610-81-54791,울산광역시 남구 매암동 177-1, ,,해상 운송업,2001-12-01,12월
(주)대성고속,DaeseongExpress,대성고속, ,오흥교,기타법인,150111-0000434,315-81-00202,충청북도 청주시 서원구 궁뜰로 13 (미평동), ,,시외버스 운송업,1950-02-08,12월
대성냉동운수(주),DAESUNG,대성냉동운수, ,최헌기,기타법인,115611-0011096,128-81-21597,경기도 파주시 금촌동 765-22 다우스카이 빌딩 302, ,,창고 및 운송관련 서비스업,1995-12-01,12월
주식회사 대성냉장,DAE SEONG  REFRIGERATION,대성냉장, ,배은정,기타법인,134211-0073083,126-81-88461,경기도 광주시 삼동 269-2, ,,보관 및 창고업,2005-07-07,12월
대성로지스 주식회사,"DAESUNG LOGIS CO., LTD.",대성로지스, ,신대철,기타법인,134411-0038380,126-86-13650,"경기도 하남시 조정대로 35 F508호 (풍산동, 미사하우스디엘타워)", ,,일반 화물자동차 운송업,2008-07-01,12월
주식회사 대성물류,"DAESUNG LOGISTIC CO., LTD",대성물류, ,이순희,기타법인,135811-0276759,540-87-00284,경기도 수원시 권선구 산업로155번길 228-50 3층(고색동), ,,일반 창고업,2015-09-07,12월
대성운수(주),-,대성운수, ,나길남,기타법인,110111-0069264,209-81-06560,서울특별시 송파구 헌릉로 870 (장지동),-,,시내버스 운송업,1985-08-26,12월
주식회사 대성일렉트로닉스,"Daesung Electronics Co., Ltd",대성일렉트로닉스, ,정훈,기타법인,110111-2036956,113-81-63483,경기도 광명시 철산1동 626-3 광명테크노타운 603호, ,,항공 운송업,2000-07-28,12월
대성티.엘.에스 주식회사,DaeSung Total Logistics Service,대성티.엘.에스, ,이기동,기타법인,115611-0038892,615-81-47747,경상남도 밀양시 산외면 남기동길 111 대성티엘에스,dstls.co.kr,,냉장 및 냉동 창고업,2002-07-18,12월
주식회사 대성티엘에스,"DAESUNG Total Logicstics Service Co.,LTD",대성티엘에스, ,정규정,기타법인,180111-0534792,602-81-37582,부산광역시 강서구 녹산산단262로50번길 40 (죽림동) 2층,www.daesungtls.com,,냉장 및 냉동 창고업,2005-10-24,12월
대성해운주식회사,DAESUNGHAEUN,대성해운, ,강공필,기타법인,220111-0001429,616-81-01157,제주특별자치도 제주시 임항로 262-1 (건입동), ,,수상 화물 취급업,1976-07-05,12월
대승로지스틱스 주식회사,deaseung logistics Ltd.,대승로지스틱스, ,채명기,기타법인,110111-2767957,109-81-85829,서울특별시 구로구 구로동 212-8 대륭포스트타워1차 1412호, ,,기타 육상 운송지원 서비스업,2003-04-24,12월
대신로지스틱스(주),"DAISHIN LOGISTICS CO., LTD.",대신로지스틱스, ,양임석,기타법인,110111-2597221,206-81-74680,"서울특별시 송파구 오금로46길 5 (가락동, 보성빌딩) 3층",www.dslogis.com/,,"화물운송 중개, 대리 및 관련 서비스업",2002-09-16,12월
대신물류,dstrans,대신물류, ,윤백호,기타법인,134411-0085472,398-81-01389,경기도 이천시 마장면 덕평로 831-30 (덕평리), ,,일반 창고업,2019-02-01,12월
대신복합물류주식회사,"DAESIN INTEGRATED FREIGHT CO.,LTD",대신복합물류, ,윤광덕,기타법인,150111-0092738,301-81-87122,충청북도 청주시 상당구 우암동 327-6,없음,,도로 화물 운송업,2005-11-30,12월
주식회사 대신엘앤디,daishinlnd,대신엘앤디, ,최종만,기타법인,131211-0062550,297-87-02151,경기도 여주시 대신면 천남리 산8, ,,창고 및 운송관련 서비스업,2021-10-05,12월
대신정기화물자동차(주),"DAESIN Route Trucking Automobile Co.,Ltd",대신정기화물자동차, ,오흥배,기타법인,150111-0000301,301-81-00329,"충청북도 청주시 청원구 중앙로 95 (우암동, 대신정기화물자동차주식회사)",ds3211.co.kr,,일반 화물자동차 운송업,1966-08-24,06월
대신해운(주),"DAESHIN SHIPPING CO.,DTD",대신해운, ,함용관,기타법인,110111-1888572,101-81-54680,서울특별시 종로구 공평동5-1 공평빌딩 12층,www.daeshinshipping.co.kr,,외항 화물 운송업,2000-02-24,12월
주식회사 대아고속해운,"DAE-A Express Shipping Co., Ltd.",대아고속해운, ,이우극,기타법인,174611-0004280,506-81-03426,경상북도 포항시 북구 항구동 58-54,www.daea.com,,내항 여객 운송업,1983-06-03,12월
(주)대아동방항공,DAE-A EASTERN AIR CO.LTD,대아동방항공, ,황인규,기타법인,110111-1126758,211-86-35011,서울특별시 강남구 신사동 513 강남빌딩 4층, ,,그 외 기타 운송관련 서비스업,1995-02-08,12월
대아탱크터미널(주),"DAE-A TNAK TERMINAL CO.,LTD",대아탱크터미널, ,"고혁주, 김기형",기타법인,110111-0954704,114-81-74703,"서울특별시 강남구 영동대로 325 13층 (대치동, S-TOWER)",www.sptt.co.kr,,물류 터미널 운영업,1993-07-01,12월
주식회사 대아트란스,"DAE_A TRANSPORT CO.,LTD",대아트란스, ,박경호,기타법인,110111-0419964,104-81-37375,서울특별시 중구 남대문로5가 120단암빌딩8층, ,,그 외 기타 운송관련 서비스업,1996-09-30,12월
대아항운 주식회사,"DAE A MARITIME CO.,LTD",대아항운, ,"정홍, 황영욱",기타법인,180111-0307397,602-81-15915,경기도 평택시 포승읍 평택항만길 75-18 (만호리), ,,외항 화물 운송업,1999-12-10,12월
대양상선(주),"DaeYang Shipping Co., Ltd.",대양상선, ,정유근,기타법인,110111-0953540,102-81-32530,서울특별시 중구 다동 111 국제빌딩 14층,www.dyship.com,,외항 화물 운송업,1993-06-28,12월
대양운수주식회사,"DAE YANG TRANSPORTATION CO.,LTD",대양운수, ,송세훈,기타법인,180111-0026608,618-81-00187,부산광역시 해운대구 반여동 1439-12, ,,일반 화물자동차 운송업,1977-03-18,12월
대양운수(주),DAEYANGUNSOO,대양운수, ,문갑주,기타법인,115811-0000722,127-81-00134,경기도 동두천시 송내로 15 (송내동) 대양운수, ,,육상 여객 운송업,1970-08-13,12월
대양해운주식회사,"Daeyang shipping co.,LTD",대양해운, ,고성원,기타법인,220111-0000182,616-81-00013,제주특별자치도 제주시 동문로 125 (건입동),없음,,내항 화물 운송업,1968-12-23,12월
(주)대영통운,"DAEYOUNG EXPRESS CO.,LTD",대영통운, ,오윤석,기타법인,204611-0036608,416-81-81037,전라남도 광양시 백운1로 136 (태인동), ,,일반 화물자동차 운송업,2011-12-19,12월
대왕기업(주),"DAEWANG TAXICAB CO.,LTD",대왕기업, ,김민균,기타법인,110111-0112112,209-81-02429,"서울특별시 성북구 보국문로 67 (정릉동, 대왕기업운수(주))", ,,택시 운송업,1969-12-04,12월
(주)대우로지스틱스,DAEWOO LOGISTICS CORP,대우로지스틱스, ,김인호,기타법인,110111-1703514,104-81-46011,"서울특별시 중구 세종대로 39 12층 (남대문로4가, 대한서울상공회의소)",www.dwlogistics.co.kr,,외항 화물 운송업,1999-06-21,12월
(주)대우산업,"DAEWOO INDUSTRY  CO., LTD",대우산업, ,김석조,기타법인,130111-0011773,125-81-05507,경기도 안성시 양성면 필산리130-2,www.rtschain.com,,일반 화물자동차 운송업,1988-07-23,12월
대우선박(주),"DAEWOO MARINE CO., LTD.",대우선박, ,노덕치,기타법인,110111-0606355,202-81-49160,서울특별시 중구 서소문동 47-2 한성빌딩 503,www.dwmarine.com,,외항 화물 운송업,1989-02-01,12월
대우여객자동차(주),DAEWOO,대우여객자동차, ,"김익기, 박재권",기타법인,181211-0002605,610-81-26562,울산광역시 북구 호계로 80 (창평동), ,,시내버스 운송업,1982-08-01,12월
(주)대우지티엘,DAEWOO GTL CORP.,대우지티엘, ,안용남,기타법인,110111-2140442,104-81-59030,서울특별시 중구 남대문로5가 대우재단 17층, ,,그 외 기타 운송관련 서비스업,2000-12-30,12월
대운교통(주),daewoon transportation company,대운교통, ,임영훈,기타법인,190111-0004123,608-81-02363,경상남도 창원시 성산구 불모산로48번길 5 대운교통(성주동),dwoon3191@hanmail.net,,시내버스 운송업,1980-03-24,12월
주식회사 대원고속,"DAE WON EXPROSS CO., LTD",대원고속, ,허명회,기타법인,134211-0000490,126-81-00825,경기도 광주시 광주대로 171, ,,시외버스 운송업,1948-05-07,12월
주식회사 대원교통,"DAEWON TRAFFIC. CO., LTD",대원교통, ,허상준,기타법인,110111-0159130,216-81-01369,"서울특별시 성동구 왕십리로 125 (성수동1가, KD타워)",www.buspia.co.kr,,시내버스 운송업,1974-02-01,12월
(주)대원버스,DAEWON BUS,대원버스, ,허명회,기타법인,134211-0057342,126-81-70883,경기도 성남시 분당구 구미동 170-1,www.buspia.co.kr,,시내버스 운송업,2003-03-29,12월
주식회사 대원여객,"DAEWON BUS CO.,LTD.",대원여객, ,허상준,기타법인,110111-0125719,216-81-08945,"서울특별시 성동구 왕십리로 125 (성수동1가, KD타워)",www.buspia.co.kr,,시내버스 운송업,1972-01-25,12월
주식회사 대원운수,dae woan woon soo,대원운수, ,허명회,기타법인,115211-0029792,132-81-29962,경기도 남양주시 진건읍 사능리 355번지,www.buspia.co.kr,,시외버스 운송업,1999-02-26,12월
대유상선주식회사,"DAEYOO MERCHANT MARINE CO.,LTD.",대유상선, ,김홍모,기타법인,110111-2752825,220-86-60775,서울특별시 중구 태평로1가프레스센터빌딩 11층, ,,기타 해상 운송업,2003-04-03,12월
(주)대인교통,"Daein traffic co.,ltd",대인교통, ,김용옥,기타법인,120111-0077562,131-81-23645,인천광역시 부평구 대정로 38-1 (부평동) 3층, ,,시내버스 운송업,1992-09-15,12월
대인훼리(주),DAIN FERRY,대인훼리, ,양방웅,기타법인,110111-1130923,104-81-36395,서울특별시 강남구 논현동 19-7 전기공사공제조합 2층,www.dainferry.co.kr,,기타 수상 운송지원 서비스업,1995-02-22,12월
대일버스(주),daeilbus,대일버스, ,김판섭,기타법인,170111-0011023,502-81-06606,대구광역시 수성구 달구벌대로 2699 (만촌동), ,,시내버스 운송업,1979-12-18,12월
주식회사 대일해운,"Donghae shipping Co.,Ltd.",대일해운, ,장광호,기타법인,195411-0012935,613-81-41882,경상남도 통영시 서호동 316,www.yokjishipping.co.kr,,내항 여객 운송업,2006-10-02,12월
주식회사 대저페리,DAEZER FERRY ,대저페리, ,박석영,기타법인,175811-0004152,345-86-02486,"경상북도 울릉군 울릉읍 도동길 14 (도동리, 도동항게이트웨이)",www.daezer.com/main/main.html,,내항 여객 운송업,2022-06-03,12월
주식회사 대저해운,"daezer shipping co.,LTD",대저해운, ,임광태,기타법인,171711-0109643,506-81-87163,"경상북도 포항시 북구 해안로 44 (항구동, 포항연안여객터미널)",daezer.com,,내항 여객 운송업,2014-02-11,12월
대전교통 주식회사,Daejeon Gyotong.Ltd.,대전교통, ,김광철,기타법인,160111-0000119,305-81-00205,대전광역시 중구 계룡로 742 (오류동),없슴,,시내버스 운송업,1956-12-22,12월
대전로지스틱스,daejeon logistics,대전로지스틱스, ,배재일,기타법인,160111-0405195,155-86-00115,"대전광역시 대덕구 신일동로17번길 5 (신일동, 테크노시티)1005호", ,,일반 화물자동차 운송업,2015-08-25,12월
대전버스주식회사,daejeonbus,대전버스, ,김지훈,기타법인,160111-0005101,314-81-00816,대전광역시 중구 대둔산로137번길 23 (안영동), ,,시내버스 운송업,1969-01-10,12월
대전복합터미널(주),Daejeon Termial Complex,대전복합터미널, ,이영민,기타법인,160111-0003824,306-81-02924,대전광역시 동구 동서대로1695번길 30 (용전동),---------,,여객 자동차 터미널 운영업,1980-04-01,12월
대전승합(주),daejeon seunghab,대전승합, ,한강수,기타법인,160111-0003444,314-81-16899,대전광역시 대덕구 신탄진로315번길 72 신대공영차고지 2층, ,,시내버스 운송업,1979-06-27,12월
대전운수(주),DaeJeon Transportation inc.,대전운수, ,김철동,기타법인,160111-0003569,306-81-03637,대전광역시 대덕구 신탄진로315번길 72 (신대동) 신대공영차고지, ,,시내버스 운송업,1979-08-23,12월
대전천변도시고속화도로주식회사,"Daejeon Riverside Expressway Co., Ltd.",대전천변도시고속화도로, ,발레리아트라바기니,기타법인,160111-0119796,314-81-42742,대전광역시 대덕구 대전로1331번길 448 (대화동),www.dre.or.kr,,도로 및 관련시설 운영업,2001-06-28,12월
대주기업(주),"DAE JOO INDUSTRIAL CO., LTD.",대주기업, ,노진수,기타법인,204611-0004829,416-81-11171,전라남도 광양시 제철로 1655-294 (금호동), ,,일반 화물자동차 운송업,1995-04-09,12월
(주)대주실업,"Daejutp Co., Ltd.",대주실업, ,김창원,기타법인,180111-0007103,607-81-20747,"부산광역시 금정구 중앙대로 1815 (구서동, 가루라빌딩) 10층", ,,일반 화물자동차 운송업,1970-08-25,06월
주식회사대중교통,daejungbus,대중교통, ,하영배,기타법인,190111-0004115,608-81-02330,"경상남도 창원시 마산합포구 현동로 252 (덕동동, 덕동시내버스공영차고지)", ,,시내버스 운송업,1980-04-15,12월
대진물류(주),DAE JIN ,대진물류, ,김상복,기타법인,194211-0275603,420-87-00831,"경상남도 창원시 성산구 완암로 84 (성산동, 엘지전자(주)창원2공장)", ,,항공 및 육상 화물 취급업,2017-09-01,12월
대진여객주식회사,DAEJINtrs,대진여객, ,김영진,기타법인,110111-0065410,209-81-00362,"서울특별시 성북구 보국문로 204 (정릉동, 대진여객)", ,,시내버스 운송업,1966-05-01,12월
(주)대진여객,Dejin Transportation Service Corporation,대진여객, ,조현욱,기타법인,180111-0036681,618-81-02429,"부산광역시 기장군 철마면 반송로 979 (고촌리, (주)대진여객)", ,,시내버스 운송업,1980-03-14,12월
주식회사 대진항공,"DAE JIN AIR CO.,LTD",대진항공, ,정경환,기타법인,194211-0069725,609-81-65338,"경상남도 창원시 의창구 남산로9번길 8 (팔용동,)", ,,항공 화물 운송업,2004-10-05,12월
대진항운(주),"DAIJINEXPRESS.CO.,LTD",대진항운, ,박창현,기타법인,110111-0375108,105-81-32825,서울특별시 마포구 신촌로2안길 19 (동교동),daijinexpress.co.kr,,"화물운송 중개, 대리 및 관련 서비스업",1984-05-25,12월
대진해운(주),"DAEJIN SHIPPING CO.,LTD",대진해운, ,이경자,기타법인,180111-0293249,601-81-36125,부산광역시 영도구 태종로 70 (대교동1가), ,,기타 해상 운송업,1999-07-08,12월
대진흥업운수(주),daejin corp,대진흥업운수, ,"이동호, 민정선",기타법인,110111-0085385,207-81-05513,"서울특별시 광진구 자양로 227 (구의동, 대진흥업운수주식회사)", ,,택시 운송업,1967-12-29,12월
대창운수주식회사,DAECHANGWUNSU CO.LTD,대창운수, ,고형석,기타법인,200111-0000227,409-81-00017,광주광역시 북구 첨단과기로 240 (오룡동),daechangwunsu.com,,시내버스 운송업,1966-04-15,12월
대천여객자동차(주),Daecheon citybus corporation,대천여객자동차, ,이병덕,기타법인,164511-0000480,313-81-00171,"충청남도 보령시 보령남로 118 (명천동, 대천여객자동차)", ,,시내버스 운송업,1980-01-01,12월
대청냉장주식회사,"DAECHUNG REFRIGERATE CO., LTD",대청냉장, ,유영숙,기타법인,134211-0119613,126-86-46826,"경기도 성남시 분당구 판교역로192번길 22 (삼평동, 판교효성해링턴타워)", ,,보관 및 창고업,2011-12-13,12월
주식회사 대평,"Dae Pung CO., Ltd.",대평, ,정금랑,기타법인,204611-0034917,416-81-77514,전라남도 광양시 항만7로 54, ,,일반 창고업,2011-05-02,12월
주식회사 대하,"DAE HA CO., LTD.",대하, ,하평옥,기타법인,201111-0034332,411-81-67592,전라남도 무안군 삼향읍 후광대로 282 (전문건설회관 9층),www.daeha-enc.com/,,해상 운송업,2011-04-14,12월
(주)대한고속,DAEHAN EXPRESS,대한고속, ,이호진,기타법인,210111-0000358,402-81-00471,전북특별자치도 전주시 완산구 쑥고개로 267 (효자동2가), ,,시외버스 운송업,1951-09-01,12월
(주) 대한관광리무진,Daihan Airport Limousine,대한관광리무진, ,김종우,기타법인,210111-0002461,418-81-04448,"전북특별자치도 전주시 완산구 유연로 30 (효자동3가) 2호,3호",55022,,기타 도시 정기 육상 여객 운송업,1983-02-01,12월
대한글로벌(주),"Daehan Global Co., Ltd.",대한글로벌, ,조덕중,기타법인,200111-0216072,408-81-67859,충청남도 당진군 송악면 한진리 128-16,없슴,,기타 보관 및 창고업,2005-09-29,12월
대한네트웍스,Daehan Networks,대한네트웍스, ,한성민,기타법인,180111-0631184,602-81-45665,부산광역시 강서구 녹산산업북로 326 (송정동),www.idhnetworks.com,,창고 및 운송관련 서비스업,2008-04-24,12월
대한상선 주식회사,KOREA SHIPPING CORPORATION,대한상선, ,임희창,기타법인,110111-0356140,102-81-19430,"서울특별시 서대문구 신촌역로 30 (신촌동, 신촌민자역사)",www.smksc.co.kr,,외항 화물 운송업,1983-09-01,12월
대한상운(주),DEAHANSANGUN.CO.LTD,대한상운, ,권영선,기타법인,110111-0046410,207-81-42099,서울특별시 광진구 노유1동17-9,deahantaxi.co.kr,,시외버스 운송업,1970-11-30,12월
대한송유관공사,Daehan Oil Pipeline Corporation,대한송유관공사, ,박창길,기타법인,110111-0671522,108-81-43409,경기도 성남시 분당구 안양판교로828번길 201 대한송유관공사,www.dopco.co.kr,,파이프라인 운송업,1990-01-22,12월
대한쉬핑주식회사,"DAEHAN SHIPPING CO.,LTD.",대한쉬핑, ,오이수,기타법인,200111-0182942,408-81-59612,서울특별시 중구 서소문동 동화빌딩 본관 2층,www.daehanshipping.com,,그 외 기타 운송관련 서비스업,2003-10-08,12월
대한싸이로 주식회사,koreasilo,대한싸이로, ,도석안,기타법인,120111-0002220,121-81-00285,"인천광역시 중구 월미로 52 (북성동1가, 대한싸이로(주))", ,,수상 화물 취급업,1971-05-12,12월
대한여객자동차주식회사,daehan,대한여객자동차, ,조옥환,기타법인,191111-0002548,613-81-02574,경상남도 진주시 진양호로 436 (인사동), ,,시외버스 운송업,1973-06-19,12월
(주)대한여행사,DAE HAN TRAVEL,대한여행사, ,김정한,기타법인,135011-0037917,134-81-15620,"경기도 안산시 단원구 고잔로 76 (고잔동, 영풍빌딩) 106호",www.paranbus.com,,전세버스 운송업,1993-01-01,12월
대한통운국제물류(주),KECI,대한통운국제물류, ,이국동,기타법인,110111-0059918,110-81-00174,서울특별시 중구 서소문동 58-12 대한통운 B/D 대한통운국제물류,www.keci.co.kr,,그 외 기타 운송관련 서비스업,1965-12-13,12월
대한통운에스비주식회사,"Korea Express SB Co.,LTD",대한통운에스비, ,김호출,기타법인,180111-0793140,605-86-11247,경상남도 창원시 진해구 신항8로 95 (남문동), ,,보관 및 창고업,2012-01-31,12월
대한통운터미날(주),"THE KOREA EXPRESS TERMINAL CO., LTD.",대한통운터미날, ,김세종,기타법인,110111-1726227,110-81-41587,서울특별시 중구 서소문동 58-12, ,,항구 및 기타 해상 터미널 운영업,1999-07-01,12월
(주)대한항공,"KOREAN AIR LINES CO.,LTD",대한항공,003490,"조원태, 우기홍",유가증권시장,110111-0108484,110-81-14794,서울특별시 강서구 하늘길 260,www.koreanair.com,,항공 여객 운송업,1962-06-19,12월
대한해운(주),KOREA LINE CORPORATION,대한해운,005880,이동수,유가증권시장,110111-0008212,101-81-24624,서울특별시 서대문구 신촌역로 30 -,www.korealines.co.kr,,외항 화물 운송업,1968-12-12,12월
주식회사 대한해운,KOREA MARINE CORPORATION,대한해운, ,신오수,기타법인,180111-0039487,601-81-10237,부산광역시 중구 중앙동4가 74-1 견보빌딩 304호,www.kormar.com,,기타 수상 운송지원 서비스업,1981-04-30,02월
대한해운엘엔지 주식회사,"Korea Line LNG Co., Ltd.",대한해운엘엔지, ,이동수,기타법인,110111-7545522,824-87-01648,"서울특별시 서대문구 신촌역로 30 (신촌동, 신촌민자역사)",www.klclng.com,,외항 화물 운송업,2020-07-06,12월
대호상선주식회사,"DAEHO SHIPPING CO.,LTD",대호상선, ,박홍득,기타법인,110111-0675003,201-81-44615,서울특별시 중구 명동1가 1-3 YWCA빌딩 605호, ,,외항 화물 운송업,1990-02-12,12월
주식회사 대호창고,DEAHO WAREHOUSE CO LTD,대호창고, ,이재윤,기타법인,120111-0095358,121-81-19372,인천광역시 중구 축항대로 240 (항동7가), ,,일반 창고업,1994-07-01,12월
대호해운(주),"DAEHO SHIPPING CO., LTD",대호해운, ,신동현,기타법인,180111-0118380,601-81-22602,부산광역시 영도구 대평로28번길 19 (대평동1가), ,,외항 화물 운송업,1991-09-28,12월
대화네트웍스 주식회사,"DAEHWA NETWORKS CO.,LTD.",대화네트웍스, ,박수웅,기타법인,134411-0087345,435-81-01524,"경기도 용인시 기흥구 강남로 8 905동 30호(구갈동, 우성메디피아)", ,,일반 창고업,2019-05-09,12월
대화물류(주),DAEHWA LOGISTICS CO.LTD,대화물류, ,김영균,기타법인,134211-0020745,126-81-29856,"경기도 이천시 마장면 억만리로 140-29 (이치리, 대화물류(주))",www.dhlogis.co.kr,,그 외 기타 운송관련 서비스업,1997-08-28,12월
대화흥산(주),"Dalwa coldstorage co.,ltd",대화흥산, ,박원종,기타법인,110111-1499402,211-86-26754,부산광역시 사하구 감천동 344-2,www.chollian.net/dalwap,,냉장 및 냉동 창고업,1997-12-30,12월
(주)대흥교통,Daeheung transfer Service,대흥교통, ,"박병동, 박민식",기타법인,110111-0087638,206-81-46597,"서울특별시 서초구 양재대로 254-11 (염곡동, 서초(염곡)공영차고지사무동)", ,,시내버스 운송업,1968-03-16,12월
대흥실업주식회사,"Daeheung Industrial Co., Ltd",대흥실업, ,최병덕,기타법인,161411-0001756,310-81-03219,충청남도 서산시 대산읍 평신1로 3-33 (화곡리), ,,"화물 포장, 검수 및 계량 서비스업",1991-09-15,12월
주식회사 더광성물류,THE GWANG SUNG,더광성물류, ,박동호,기타법인,205911-0012841,409-81-99693,광주광역시 광산구 평동산단7번로 21 (연산동), ,,일반 화물자동차 운송업,2007-12-04,12월
더나이스코리아,THE NICE KOREA CORPORATION,더나이스코리아, ,스즈키아츠시,기타법인,110111-5058098,220-88-52041,"부산광역시 중구 충장대로9번길 52 1606(중앙동4가, 마린센터빌딩)", ,,일반 창고업,2013-01-31,03월
주식회사 더네이쳐,"THE NATURE CO., LTD.",더네이쳐, ,정은정,기타법인,110111-5162675,106-86-94659,"경기도 성남시 분당구 판교원로82번길 30 1311동 503호(운중동, 산운마을13단지아파트)", ,,일반 창고업,2013-06-20,12월
주식회사 더메이,"THE MAY.CO.,LTD",더메이, ,안영호,기타법인,110111-4648709,201-86-22222,"경기도 고양시 덕양구 통일로 140 4층 B동 449호(동산동, 삼송테크노밸리)", ,,일반 창고업,2011-07-20,12월
더본로지스틱스 주식회사,THEBON LOGISTICS,더본로지스틱스, ,신정빈,기타법인,134811-0252859,135-86-26222,"경기도 오산시 동부대로 470 (원동, 나들목)",www.thebonlogi.co.kr,,냉장 및 냉동 창고업,2012-09-13,12월
주식회사 더블유비엘,"WORLD BEST LOGISTICS CO., LTD.",더블유비엘, ,황의장,기타법인,110111-4498956,215-87-48927,서울특별시 중구 남대문로1길 34 (북창동) 범화빌딩 601호,www.wblkorea.com,,"화물운송 중개, 대리 및 관련 서비스업",2010-12-24,12월
더블유에이씨항공서비스(주),"WAC AIR SERVICE CO.,LTD",더블유에이씨항공서비스, ,조영우,기타법인,120111-0493958,121-81-95803,"인천광역시 중구 공항동로296번길 98-114 (운서동, 인천국제공항자유무역지역) D동 212호", ,,"화물 포장, 검수 및 계량 서비스업",2009-04-21,12월
더블유엠에스주식회사,"Warehouse management system CO.,LTD.",더블유엠에스, ,박성문,기타법인,154311-0051570,425-81-01624,충청북도 진천군 이월면 신척산단로 276, ,,냉장 및 냉동 창고업,2020-04-08,12월
(주)더블유제이씨,"WOOJIN AIR CONSOLIDATORS CO., LTD.",더블유제이씨, ,김명기,기타법인,110111-2047862,105-86-16247,서울특별시 영등포구 양평동3가 46 이앤씨드림타워 305호,woojinair.co.kr,,그 외 기타 운송관련 서비스업,2000-08-11,12월
주식회사 더블유지엘,WGL,더블유지엘, ,김한성,기타법인,134611-0118518,554-81-02300,경기도 안성시 일죽면 일죽당촌1길 24-9 (당촌리) 2층, ,,일반 창고업,2021-10-01,12월
주식회사 더블유피엑스,"WPX Co.,ltd",더블유피엑스, ,장훈철,기타법인,131111-0154557,129-81-92834,"경기도 성남시 분당구 야탑동 174-1 구일빌딩 4, 5층", ,,그 외 기타 운송관련 서비스업,2005-12-20,12월
주식회사 더아머베어러,"The Armor Bearer Co.,Ltd.",더아머베어러, ,박진수,기타법인,110111-6750297,821-88-01103,서울특별시 강서구 화곡로64길 67 (등촌동) 3층 301호 더아머베어러, ,,"화물운송 중개, 대리 및 관련 서비스업",2018-05-16,12월
(주)더에이치이엔씨,THE H ENC,더에이치이엔씨, ,권동회,기타법인,285011-0510368,410-87-11345,"경기도 고양시 덕양구 향기로 119 406호(향동동, Urbanplace)", ,,주차장 운영업,2022-07-13,12월
(주)더원인터내셔널,THE ONE INTERNATIONAL Co. Ltd.,더원인터내셔널, ,최현진,기타법인,180111-0967323,406-86-00070,부산광역시 해운대구 청사포로 72 (중동), ,,늘찬 배달업,2015-04-14,12월
주식회사 더원플러스,THE ONE PLUS,더원플러스, ,박재준,기타법인,204611-0056987,705-88-01102,전라남도 광양시 항만3로 20 201호(황길동), ,,일반 창고업,2018-09-06,12월
더월클라이밍(주),thewallclimb,더월클라이밍, ,김정환,기타법인,285011-0292867,302-86-00079,"서울특별시 강남구 남부순환로 2615 (도곡동, 극동스타클래스) B1",theclimb.co.kr,,창고 및 운송관련 서비스업,2015-05-01,12월
덕산피앤브이 주식회사,"DUKSAN P&V CO.,LTD",덕산피앤브이, ,정희철,기타법인,180111-1414555,314-86-67296,"부산광역시 중구 중앙대로 87 (중앙동4가) 2층,(동아일보빌딩)", ,,외항 화물 운송업,2022-01-05,12월
덕상티에스라인즈(주),"Duk Sang TS Lines CO.,LTD",덕상티에스라인즈, ,쳔태셩,기타법인,110111-3738064,104-86-10745,서울특별시 중구 다동 111번지 국제빌딩 14층,www.tslines.co.kr,,그 외 기타 운송관련 서비스업,2007-08-20,12월
(주)덕양유엘씨부산,"Duck Yang ULC Busan Co., Ltd",덕양유엘씨부산, ,양재도,기타법인,180111-0791269,605-86-11096,부산광역시 동구 중앙대로 176, ,,그 외 기타 운송관련 서비스업,2012-01-13,12월
덕양해운(주),"Duck Yang Shipping Co.,LTD",덕양해운, ,신현구,기타법인,180111-0049535,601-81-12521,부산광역시 중구 대창동1가 51 중앙빌딩 501호, ,,수상 운송업,1983-07-01,12월
덴 노르스케 아메리카린제 에이에스,Den Norske Amerikalinje AS,덴노르스케아메리카린제에이에스, ,Jan Eyvin Wang,기타법인, ,987008954,"Strandveien 20, P.O. Box 33 1324 Lysaker,", ,,외항 여객 운송업,2004-06-22,12월
주식회사 덴하토코리아,"DenHartoghKorea CO., Ltd.",덴하토코리아, ,김주훈,기타법인,110111-3570870,113-86-09446,"서울특별시 마포구 마포대로 109 101동 1703호(공덕동, 롯데캐슬프레지던트)", ,,그 외 기타 운송관련 서비스업,2006-11-29,12월
델.디.씨(주),"DEL D C CO.,LTD",델.디.씨, ,김승기,기타법인,194211-0050146,609-81-49885,"경상남도 창원시 성산구 적현로 490 (귀곡동, 델.디.씨(주)창원물류센타)",-,,농산물 창고업,2001-10-01,12월
델타마린(주),"DELTA MARINE CO.,LTD ",델타마린, ,권택관,기타법인,110111-1525471,202-81-60995,서울특별시 중구 장교동 장교빌딩 2406호 델타마린, ,,외항 화물 운송업,1998-04-01,12월
주식회사 도개,Dogae,도개, ,임현모,기타법인,131111-0539006,452-81-01325,경기도 평택시 칠괴길 93 402호, ,,주차장 운영업,2019-01-07,12월
(주)도리코,DORIKO Limited,도리코, ,강석권,기타법인,110111-2139817,104-81-58972,"서울특별시 중구 서소문로 89 (순화동, 순화빌딩) 13층", ,,그 외 기타 운송관련 서비스업,2000-12-29,12월
도선여객주식회사,dosunbus,도선여객, ,이종선,기타법인,110111-0141161,213-81-14792,"서울특별시 강남구 양재대로 486 (개포동, 도선여객정비공장)",-,,시내버스 운송업,1973-03-21,12월
(주)도야토탈로지스틱스,DOYATOTALLOGISTICS,도야토탈로지스틱스, ,정지영,기타법인,180111-0283810,606-81-21743,"부산광역시 부산진구 서전로37번길 25-9 (전포동, 예일프라자) 305호", ,,그 외 기타 운송관련 서비스업,1999-04-13,12월
도양선박주식회사,"OCEANROAD SHIPPING CO., LTD.",도양선박, ,이욱휘,기타법인,206211-0060885,391-87-00547,전라남도 여수시 웅천3길 4-6 3층 (웅천동), ,,기타 해상 운송업,2016-12-06,12월
도영운수(주),DOYOUNG TRANS,도영운수, ,김명화,기타법인,124611-0266632,131-81-67565,"인천광역시 연수구 먼우금로 19 (동춘동, 동남아파트) 212호",transport@naver.com,,시내버스 운송업,2001-10-24,12월
(주)도원교통,DOWON,도원교통, ,이삼구,기타법인,121111-0092452,130-86-04562,"경기도 부천시 봉오대로556번길 26 (고강동, 고강공영차고지)", ,,시내버스 운송업,2004-01-20,12월
도원교통(주),"Dowon Transportation.Co.,Ltd.",도원교통, ,김종원,기타법인,110111-0057095,209-81-00377,"서울특별시 성북구 정릉로10길 17 (정릉동, (주)도원교통)", ,,도시 정기 육상 여객 운송업,1979-12-21,12월
주식회사 도원투어,DOWON TOUR,도원투어, ,김이수,기타법인,135811-0281013,355-81-00331,경기도 평택시 오성면 오성서로 91 (숙성리)707-31 2층, ,,전세버스 운송업,2015-11-17,12월
도이그로코리아주식회사,"deugro Korea Co.,Ltd.",도이그로코리아, ,김희철,기타법인,110111-4511203,104-86-32905,서울특별시 중구 서소문로 115 한산빌딩 8층,www.deugro.com,,그 외 기타 운송관련 서비스업,2011-01-10,12월
동감투어주식회사,donggamtour,동감투어, ,김선규,기타법인,161511-0100580,312-86-01250,충청남도 천안시 동남구 풍세로 599 (신방동),www.donggamtour.com,,전세버스 운송업,2008-07-24,12월
동건운수(주),"Donggun Transportation Co., Ltd",동건운수, ,백창욱,기타법인,160111-0003733,306-81-04975,"대전광역시 대덕구 산업단지로87번길 56 (신일동, (주)동건운수)", ,,시내버스 운송업,1980-01-09,12월
동건해운 주식회사,"DONG KUN SHIPPING CO., LTD.",동건해운, ,최장섭,기타법인,180111-0057041,601-81-15547,서울특별시 영등포구 여의도 25-4 신송빌딩 1402, ,,외항 화물 운송업,1985-05-01,12월
동고택시(주),Donggo Taxi Corp.,동고택시, ,최바다,기타법인,110111-0130627,111-81-03591,서울특별시 은평구 증산서길 14-15 (증산동), ,,택시 운송업,1972-06-01,12월
(주)동국지엘피,"DKGLP.CO.,LTD",동국지엘피, ,김재면,기타법인,134811-0228800,124-87-21942,경기도 화성시 우정읍 물미길 11-5 (화산리),www.dkglp.com,,"화물 포장, 검수 및 계량 서비스업",2011-10-28,12월
동남여객자동차주식회사,dongnam bus trans copration,동남여객자동차, ,이헌수,기타법인,180111-0026947,617-81-00258,부산광역시 남구 신선로 335 (용당동),www.dongnam-bus.co.kr,,시내버스 운송업,1977-04-01,12월
주식회사 동륜물류,"DONGRYUNLOGISTIC CO.,LTD",동륜물류, ,"김병조, 김형섭",기타법인,180111-0521484,606-81-93058,"부산광역시 중구 중앙대로 136 (중앙동4가), 310호", ,,"화물운송 중개, 대리 및 관련 서비스업",2005-08-01,12월
동림로지스틱 주식회사,"Donglim Logistics Co., Ltd.",동림로지스틱, ,이복진,기타법인,135511-0192943,140-81-31057,경기도 시흥시 공단1대로379번안길 74 (정왕동), ,,도로 화물 운송업,2008-07-21,12월
(주)동림모스텍,"DONGLIM MOSTEC CO., LTD",동림모스텍, ,홍명재,기타법인,180111-0845610,605-86-18615,부산광역시 중구 대청로 136 (중앙동2가), ,,기타 해상 운송업,2013-02-01,12월
동림탱커(주),"DONGLIM TANKER CO., LTD.",동림탱커, ,홍명재,기타법인,230111-0053882,606-81-29032,부산광역시 중구 충장대로5번길 42 303호(중앙동4가),-,,기타 내륙 수상 여객 및 화물 운송업,2003-02-01,12월
동명교통(주),-,동명교통, ,최균,기타법인,170111-0010629,504-81-04467,대구광역시 북구 칠곡중앙대로 580 (읍내동),-,,시내버스 운송업,1979-12-01,12월
(주)동명물류,"Dong Myung Logistics co., Ltd.",동명물류, ,신학경,기타법인,110111-1387087,113-81-42533,"서울특별시 영등포구 선유로 27 (문래동5가, 대륭오피스텔) 408호", ,,항공 및 육상 화물 취급업,1997-03-08,12월
주식회사 동명상선,"DONG MYUNG SHIPPING CO.,LTD.",동명상선, ,양욱용,기타법인,110111-1765267,104-81-46893,서울특별시 강남구 수서동 수서현대벤쳐빌 1619호, ,,외항 화물 운송업,1999-09-02,12월
동명해운주식회사,"Dong myung shipping Co., Ltd",동명해운, ,정종만,기타법인,110111-0332223,220-81-22612,서울특별시 서초구 서초동 1332-2, ,,기타 해상 운송업,1983-02-12,12월
(주)동방,"DONGBANG TRANSPORT & LOGISTICS CO.,LTD",동방,004140,"김형곤, 박창기",유가증권시장,110111-0124521,105-81-69429,"서울특별시 중구 소월로 10 21층, 22층(남대문로5가, 단암빌딩)",www.dongbang.co.kr,,기타 운송관련 서비스업,1965-01-14,12월
주식회사 동방물류센터,Dongbang Logistics Center,동방물류센터, ,김정훈,기타법인,180111-0589359,602-81-42085,부산광역시 중구 중앙대로 70 (중앙동4가),www.dongbangdc.co.kr,,일반 창고업,2007-04-11,12월
동방쉽핑(주),"DONG BANG SHIPPING CO., LTD",동방쉽핑, ,권종영,기타법인,230111-0115632,610-81-78885,울산광역시 남구 달동 1262-9번치 3층, ,,외항 화물 운송업,2005-09-12,12월
주식회사 동방웅동물류센터,Dongbang Ungdong Logistics Center,동방웅동물류센터, ,이경민,기타법인,194211-0364696,514-87-02658,"경상남도 창원시 진해구 신항7로 6 (남문동, 동방웅동물류센터)", ,,일반 창고업,2024-04-01,12월
동방특송(주),dbtrans,동방특송, ,윤백호,기타법인,110111-1599450,229-81-34226,"서울특별시 서초구 강남대로27길 7-9 (양재동, 배상면주가) 2층", ,,"화물운송 중개, 대리 및 관련 서비스업",1998-11-01,12월
(주)동방해운,"DONGBANG SHIPPING CO.,LTD",동방해운, ,유성현,기타법인,180111-0580349,602-81-41558,부산광역시 동구 중앙대로180번길 6-12 (초량동) DK빌딩 13층,www.dongbangshipping.co.kr,,기타 해상 운송업,2007-02-01,12월
(주)동백섬마리나,Dongbaeksum Marina ,동백섬마리나, ,손일우,기타법인,180111-0584200,617-81-69427,부산광역시 해운대구 우1동 747-8, ,,주차장 운영업,2007-12-01,12월
(주)동보로직스,"DONGBO LOGISTICS CO., LTD",동보로직스, ,함동균,기타법인,110111-2492231,211-87-12150,"서울특별시 마포구 마포대로 136 10층(공덕동, 지방재정회관)", ,,"화물운송 중개, 대리 및 관련 서비스업",2002-04-08,12월
동보선박(주),dongboshipping,동보선박, ,곽명열,기타법인,120111-0014803,121-81-10968,"인천광역시 중구 서해대로 366 (신흥동3가, 정석빌딩)a동 706호", ,,기타 해상 운송업,1983-07-30,12월
주식회사 동보운수,dongbo,동보운수, ,김수현,기타법인,115311-0005582,127-81-27749,경기도 연천군 연천읍 연천로 195 (차탄리), ,,육상운송 및 파이프라인 운송업,1998-09-10,03월
동보항공주식회사,"Dongboair Services Co., Ltd.",동보항공, ,홍정희,기타법인,110111-0541824,110-81-26437,"서울특별시 중구 퇴계로 97 (충무로1가, 고려대연각타워) 1901호",www.idongboair.com,,항공 여객 운송업,1987-08-24,12월
동보해운(주),"DONGBOSHIPPING CO.,LTD",동보해운, ,이기복,기타법인,110111-1946114,107-81-83655,부산광역시 중구 중앙동4가 78-10번지 효동빌딩 301호, ,,해상 운송업,2000-04-20,12월
주식회사 동부고속,DONGBU EXPRESS COMPANY,동부고속, ,백호익,기타법인,110111-0123185,201-81-45647,서울특별시 강남구 역삼동 838,www.dongbu.co.kr,,항공 및 육상 화물 취급업,1971-11-26,12월
주식회사 동부고속,Dongbu Gosok Corporation,동부고속, ,강병도,기타법인,110111-6477007,353-87-00773,"서울특별시 서초구 신반포로 194 924호 (반포동, 강남고속버스터미널)",www.dongbubus.com,,시외버스 운송업,2017-08-01,12월
동부교통(주),DONGBUKYOTONG,동부교통, ,조창진,기타법인,110111-0290562,212-81-02390,"서울특별시 강동구 성안로 175 (천호동, 천호동빌딩)",dongbu81@hanmail.net,,택시 운송업,1981-04-01,06월
(주)동부교통,DONGBU TRAFFIC,동부교통, ,이성실,기타법인,184611-0038203,615-81-12141,경상남도 김해시 골든루트로66번길 143 1층 (풍유동), ,,시내버스 운송업,2020-03-03,12월
동부로지스주식회사,DONG BU LOGISTICS,동부로지스, ,이화우,기타법인,141211-0028229,224-81-29219,강원도 원주시 문막읍 원문로 2057,www.dblogis.co.kr,,일반 창고업,2003-07-16,12월
동부복합물류,Dongbu Complex Logistics,동부복합물류, ,고재천,기타법인,204611-0026203,416-81-58934,전라남도 광양시 도이동 780-2, ,,일반 창고업,2007-12-28,12월
동부상운(주),DONGBU,동부상운, ,조창진,기타법인,110111-0076045,215-81-14158,서울특별시 송파구 성내천로 316 (마천동), ,,택시 운송업,1971-01-26,12월
동부익스프레스마린주식회사,Dongbu Express Marine,동부익스프레스마린, ,김인수,기타법인,180111-0605866,617-81-68336,부산광역시 남구 감만동 626, ,,내항 화물 운송업,2007-10-01,12월
동북선도시철도주식회사,"Dongbuk lightrail co., ltd",동북선도시철도, ,김영두,기타법인,110111-6818970,874-88-01053,"서울특별시 동대문구 무학로36길 46 (용두동, 리더스캐슬)", ,,도시철도 운송업,2018-07-20,12월
동북화학 주식회사,"North East Chemicals., Ltd",동북화학, ,이상열,기타법인,230111-0072866,610-81-48402,울산광역시 울주군 온산읍 당목길 78, ,,위험물품 보관업,2001-02-13,12월
동산물류(주),dongsan,동산물류, ,채준석,기타법인,134411-0028828,135-81-77895,"서울특별시 강남구 강남대로 354 11층 1132호 (역삼동, 혜천빌딩)", ,,일반 창고업,2005-04-27,12월
동서다이너스티주식회사,"Dongsuh Dynasty Co., Ltd.",동서다이너스티, ,장창기,기타법인,110111-1513343,102-81-43342,서울특별시 서초구 양재동 275-5 태석빌딩 5층,www.serviceall.co.kr,,기타 육상 운송지원 서비스업,1998-02-17,12월
동서콘솔주식회사,DONGSUE CONSOL CO LTD,동서콘솔, ,이승희,기타법인,110111-3145912,201-81-90365,"부산광역시 중구 중앙대로 88 (중앙동4가, 정석빌딩) 1401호", ,,그 외 기타 운송관련 서비스업,2005-02-01,12월
동석물류 주식회사,dong seok logistics,동석물류, ,김호출외1,기타법인,144711-0009135,222-81-12406,강원도 동해시 대동로 210, ,,수상 운송지원 서비스업,2001-03-06,12월
동성교통(주),dongsung,동성교통, ,김영준,기타법인,110111-0131295,209-81-07569,"서울특별시 성북구 보국문로 204 (정릉동, 대진여객)", ,,시내버스 운송업,1972-06-20,12월
주식회사 동성물류,dongseongmulryu,동성물류, ,윤형정,기타법인,134611-0051974,125-81-96333,경기도 안성시 안성맞춤대로 1086-1 (연지동), ,,그 외 기타 분류 안된 운송 관련 서비스업,2011-06-13,12월
동성선박주식회사,"DONGSUNG MERCHANT MARINE CO.,LTD",동성선박, ,이문치,기타법인,110111-1239189,102-81-39076,서울특별시 중구 남대문로 4가 17-7, ,,외항 화물 운송업,1996-02-02,12월
동성실업주식회사,"Dongsung Transportation Co., Ltd.",동성실업, ,김민영,기타법인,180111-0002393,601-81-00855,부산광역시 영도구 청학동 1-51, ,,항만 내 여객 운송업,1964-06-01,12월
(주)동성항운,DONGSUNG AIR SEA EXPRESS LED,동성항운, ,홍준표,기타법인,110111-1487423,107-81-62155,"서울특별시 강서구 양천로 583 (염창동, 우림블루나인비즈니스센터) A동 1710~1711호",dongsungkorea.com,,"화물운송 중개, 대리 및 관련 서비스업",1997-11-22,12월
동성해운(주),"EASTERN STAR SHIPPING CO.,LTD",동성해운, ,동성해운(주),기타법인,180111-0450477,605-81-60781,부산광역시 동구 초량1동 1204-12 한창빌딩501호, ,,기타 해상 운송업,2003-05-27,12월
동수해운 주식회사,"DONGSOO SHIPPING CO., LTD",동수해운, ,이승복,기타법인,180111-0229286,601-81-31509,부산광역시 동구 중앙대로180번길 6-11 금민빌딩 202호(초량동), ,,외항 화물 운송업,1997-04-10,12월
동신글로벌마리타임(주),"DONGSHIN GLOBAL MARITIME CO.,LTD",동신글로벌마리타임, ,현상규,기타법인,110111-3808362,105-87-15658,"서울특별시 마포구 마포대로 38 (도화동, 일신빌딩) 1006호", ,,"화물운송 중개, 대리 및 관련 서비스업",2007-12-20,12월
동신선박 주식회사,"Dongshin Maritime Agency Co.,Ltd.",동신선박, ,강부부,기타법인,110111-0740525,102-81-31773,서울특별시 종로구 당주동 세종빌딩 8층, ,,그 외 기타 운송관련 서비스업,1991-01-29,12월
동신운수(주), ,동신운수, ,심상린,기타법인,141211-0000194,224-81-00022,강원도 원주시 우산동 76-1, ,,시외버스 운송업,1963-07-02,12월
동신운수(주),dong-sin taxi,동신운수, ,김종효,기타법인,180111-0006840,606-81-03425,"부산광역시 사상구 가야대로214번길 31 (학장동, 동신운수(주)", ,,택시 운송업,1967-09-26,12월
동신해운 주식회사,"DongShin Shipping co.,Ltd",동신해운, ,장성호,기타법인,174611-0003977,506-81-03130,경상북도 포항시 북구 중흥로225번길 7-7 (죽도동) 6층, ,,기타 내륙 수상 여객 및 화물 운송업,1983-12-03,12월
동아물류(주),"Dongah Logistics Co., Ltd",동아물류, ,김명오,기타법인,110111-1159684,109-81-43737,"인천광역시 중구 공항동로296번길 171 (운서동, 에이엠비) 동아물류(주)",www.dalogis.com,,일반 화물자동차 운송업,1995-06-01,12월
동아운수(주),Dong-A transportation,동아운수, ,임상욱,기타법인,110111-0048250,210-81-01226,"서울특별시 강북구 인수봉로 145 (수유동, (주)동아운수)", ,,시내버스 운송업,1964-12-02,12월
동아유조선(주),"DONG-A TANKER CO., LTD.",동아유조선, ,이종명,기타법인,180111-0043884,602-81-03476,부산광역시 중구 동광동 2-4, ,,내항 화물 운송업,1982-04-10,12월
동아육운주식회사,DONG-A TRANSPORTATION,동아육운, ,윤용호,기타법인,110111-0886725,229-81-15350,인천광역시 서구 당하동 456-1,www.dongadis.co.kr,,일반 창고업,1992-09-01,12월
동아탱커(주),Dong-A Tanker.co.kr,동아탱커, ,노영철,기타법인,180111-0555293,602-81-39275,"부산광역시 중구 광복로97번길 18 (동광동2가, 동양빌딩 9층)",www.dongtanker.com,,외항 화물 운송업,2006-05-09,12월
동아항공(주),EAST ASIA AIR EXPRESS INC.,동아항공, ,윤철호,기타법인,110111-0716922,106-81-60251,서울특별시 용산구 남영동 17-1,www.eaecargo.co.kr/,,그 외 기타 운송관련 서비스업,1990-08-16,12월
(주)동양고속,DONGYANG EXPRESS CORP.,동양고속,084670,최성원,유가증권시장,134111-0131073,138-81-28578,경기도 안양시 동안구 흥안대로 67,www.dyexpress.co.kr,,시외버스 운송업,2005-07-04,12월
동양고속훼리(주),Dong Yang ExpressFerry,동양고속훼리, ,황길연,기타법인,110111-0178354,101-81-04123,"서울특별시 종로구 우정국로2길 21 (관철동, 대왕빌딩)", ,,내항 여객 운송업,1975-03-24,12월
(주)동양고속훼리,Dongyang express ferry,동양고속훼리, ,황길연,기타법인,201111-0002040,411-81-20239,"전라남도 목포시 해안로 182 (항동, 목포항연안여객터미널) 3층 306호 (주)동양고속훼리",www.ihongdo.co.kr,,내륙 수상 및 항만 내 운송업,1999-01-01,12월
동양교통(주),DONG YANG BUS,동양교통, ,한현태,기타법인,150111-0001862,315-81-00783,충청북도 청주시 흥덕구 수의로 107 (수의동), ,,시내버스 운송업,1980-01-22,12월
동양교통(주),dongyanggyotong.lnc,동양교통, ,김외수,기타법인,194211-0000232,609-81-03180,경상남도 창원시 성산구 불모산로48번길 5 (성주동),"dybus1977@hanmail,net",,시내버스 운송업,1977-10-20,12월
주식회사 동양해운,dongyangmarine,동양해운, ,박순강,기타법인,120111-0495061,121-81-96156,"인천광역시 중구 연안부두로91번길 5 307(항동7가,한중빌딩)",www.dongyangmarine.co.kr,,내항 화물 운송업,2009-05-01,12월
(주)동연특수,"Dongyeon Specialty Co.,Ltd",동연특수, ,이도헌,기타법인,174711-0018247,505-81-41499,"경상북도 포항시 남구 철강로 468 (장흥동, (주)동연특수)", ,,일반 화물자동차 운송업,2005-03-25,12월
동영관광 주식회사,dongyeongtour,동영관광, ,문양호,기타법인,110111-1901499,104-81-51168,경기도 용인시 처인구 모현읍 외대로54번길 50 모현읍 왕산리 171-11, ,,전세버스 운송업,2000-03-09,12월
동영로지스틱스 주식회사,"dongyoung logistics co., ltd.",동영로지스틱스, ,최상수,기타법인,180111-0783878,605-86-10082,경상남도 창원시 진해구 신항8로 73 (남문동), ,,일반 창고업,2011-11-24,12월
(주)동영콜드프라자,"DONG YEONG COLD PLAZA CO.,LTD",동영콜드프라자, ,김재운,기타법인,180111-0025783,603-81-29896,부산광역시 서구 원양로 295 (암남동),DONG YEONG COLD.CO.KR,,냉장 및 냉동 창고업,1976-11-08,12월
동영해운주식회사,"DONGYOUNG SHIPPING CO.,LTD",동영해운, ,백승교,기타법인,110111-5935246,180-81-00310,"서울특별시 중구 다동길 43 (다동, 한외빌딩)3층",www.pcsline.co.kr,,외항 화물 운송업,2016-01-04,12월
동우개발주식회사,Dong Woo  Development Co. Ltd.,동우개발, ,김진홍,기타법인,180111-0229103,603-81-33177,부산광역시 중구 중앙동4가 76-23 , ,,일반 창고업,1997-04-08,12월
동우국제 주식회사,"DongWoo international co.,ltd",동우국제, ,"조철호, 조판제",기타법인,110111-0241169,116-81-44904,서울특별시 영등포구 여의도동 13-4,www.dongwoo.com,,일반 화물자동차 운송업,1978-11-02,12월
(주)동우물류,"DONG WOO LOGISTICS, CO., LTD",동우물류, ,이준수,기타법인,180111-0140820,621-81-10793,부산광역시 금정구 남산동 992-6,www.dwlo.co.kr,,기타 도로화물 운송업,1993-04-30,12월
동우케미칼(주),"Dong Woo chemical Co., Ltd.",동우케미칼, ,이대현,기타법인,134611-0003389,125-81-08052,경기도 안성시 일죽면 금일로 248, ,,일반 화물자동차 운송업,1991-07-05,06월
동원글로벌터미널부산 주식회사,"Dongwon Global Terminal Busan Co.,Ltd",동원글로벌터미널부산, ,김창훈,기타법인,194211-0354572,651-81-02635,경상남도 창원시 진해구 신항로 633 (연도동) 동원글로벌터미널부산, ,,화물 취급업,2022-06-24,12월
동원냉장 주식회사 ,DONGWON COLD STORAGE,동원냉장, ,송재권,기타법인,180111-0825349,603-81-81908,부산광역시 서구 원양로 147 (암남동),www.dongwoncs.com,,보관 및 창고업,2012-09-01,12월
동원로엑스 주식회사,DONGWON LOEX,동원로엑스, ,박성순,기타법인,110111-4505769,120-87-62427,"서울특별시 서초구 마방로 68 (양재동, 동원산업빌딩)",https://www.dongwonloex.com/,,창고 및 운송관련 서비스업,2011-01-03,12월
동원로엑스광양 주식회사 ,"DONGWON LOEX GWANGYANG CO.,LTD",동원로엑스광양, ,박성순,기타법인,204611-0025180,416-81-56498,전라남도 광양시 항만8로 40 (도이동), ,,일반 창고업,2007-06-08,12월
동원로엑스냉장투(주),"Dongwon LOEX Cold Storage Ⅱ Co., Ltd.",동원로엑스냉장투, ,홍진근,기타법인,180111-1280857,377-88-01440,경상남도 창원시 진해구 신항6로 101 (남문동), ,,냉장 및 냉동 창고업,2020-04-01,12월
동원로엑스인천 주식회사,"DONGWON LOEX INCHEON CO., LTD.",동원로엑스인천, ,은명섭,기타법인,120111-0305327,121-81-57774,인천광역시 서구 북항로309번길 84 (원창동),www.dongbuimt.co.kr,,항구 및 기타 해상 터미널 운영업,2002-12-23,12월
동원물류(주),Dongwon Logistics ,동원물류, ,신경용,기타법인,134511-0024155,135-81-24194,경기도 용인시 기흥구 고매로 42-26 (고매동),www.dwlog.co.kr,,그 외 기타 운송관련 서비스업,1997-08-01,12월
동원부산컨테이너터미널(주),"Dongwon Pusan Container Terminal Co.,Ltd",동원부산컨테이너터미널, ,안영복,기타법인,180111-0356013,602-81-20456,"부산광역시 남구 북항로 191 (감만동, 동부부산컨테이너터미널)",www.dpct.co.kr,,수상 화물 취급업,2001-03-23,12월
동원여객자동차(주),-,동원여객자동차, ,김병문,기타법인,180111-0015586,603-81-05026,부산광역시 연제구 월드컵대로 420 (거제동) 연제공용차고지내 6층, ,,시내버스 운송업,1979-09-27,12월
동원택배(주),DONGWON Parcel Service,동원택배, ,김선호,기타법인,134511-0063210,135-81-56532,서울특별시 서초구 양재동 동원산업빌딩 4층, ,,택배업,2002-08-01,12월
(주)동원통영수산,"TONG YOUNG FISHERIES CO., LTD.",동원통영수산, ,장창익,기타법인,110111-0656144,603-81-25677,부산광역시 사하구 감천항로 24 (감천동),tymarine.co.kr,,냉장 및 냉동 창고업,1989-10-23,12월
(주)동원티엘에스,Dongwon T.L.S,동원티엘에스, ,박성순,기타법인,284911-0180205,663-88-00866,"경기도 파주시 시청로 19 (금촌동, 다우스카이빌딩) 702호", ,,일반 화물자동차 운송업,2018-02-13,12월
동원해운주식회사,"DONGWON SHIPPING CO., LTD",동원해운, ,조창호,기타법인,180111-0114750,601-81-20526,부산광역시 중구 중앙동6가 1-1,-,,외항 화물 운송업,1991-07-01,12월
주식회사 동유파트너스,"KG MARITIME CO.,LTD",동유파트너스, ,"강성훈, 최영근",기타법인,110111-4995267,101-86-76622,"서울특별시 강남구 언주로 120 (도곡동, 인스토피아) 510호", ,,외항 화물 운송업,2012-11-05,12월
(주)동은피에프,DONG EUN PF,동은피에프, ,최성욱,기타법인,110111-1762312,117-81-38098,광주광역시 광산구 평동로803번길 43-28 (옥동), ,,여객 자동차 터미널 운영업,2002-02-26,12월
동인물류(주),dongin,동인물류, ,박상배,기타법인,120111-0116807,137-81-12035,인천광역시 서구 가좌동 590-1, ,,항공 및 육상 화물 취급업,1995-04-12,12월
동인여객주식회사,dongintrans,동인여객, ,한강수,기타법인,160111-0005606,306-81-04107,"대전광역시 동구 금산로 471 (구도동, 낭월지구시내버스공영차고지)", ,,시내버스 운송업,1979-11-01,12월
주식회사 동일관광,DONG-IL TOURISM.Co.Ltd.,동일관광, ,이상훈,기타법인,200111-0015558,410-81-06442,광주광역시 서구 덕흥동 13-1,mrthg@hanafos.com,,전세버스 운송업,1988-09-10,12월
동일냉장(주),DONGIL COLD STORAGE.CO,동일냉장, ,최종태,기타법인,180111-0092613,603-81-11381,부산광역시 사하구 신평동 554, ,,냉장 및 냉동 창고업,1989-10-10,12월
동일통운(주),"Dongil.trans.Co,LTD",동일통운, ,이재창,기타법인,175311-0003138,510-81-01413,경상북도 경산시 진량읍평사리 1201, ,,일반 화물자동차 운송업,1987-10-19,12월
동주해상주식회사,"Dong Joo International Shipping Co., Ltd.",동주해상, ,이동인,기타법인,110111-0512817,201-81-13562,"서울특별시 중구 퇴계로 97 (충무로1가, 고려대연각타워) 1803호",www.djis.co.kr,,외항 화물 운송업,1986-12-09,12월
동주해운(주),"Dongju Marine Co., Ltd,.",동주해운, ,임호석,기타법인,180111-0114825,604-81-16259,"부산광역시 중구 대교로 119 1307호 (중앙동6가, 씨제이대한통운빌딩)", ,,내항 화물 운송업,1991-06-03,12월
동진버스주식회사,dongjinbus,동진버스, ,최성환,기타법인,141111-0000956,226-81-01686,강원도 강릉시 강변로534번길 45 (입암동), ,,시내버스 운송업,1980-05-08,12월
동진상선주식회사,"DONGJIN SHIPPING CO., LTD.",동진상선, ,오융환,기타법인,180111-0069492,601-81-15440,"서울특별시 중구 을지로 16 (을지로1가, 프레지던트호텔)",www.djshipping.com,,외항 화물 운송업,1984-09-20,12월
(주)동진엘엔에스,DONGJINL&S,동진엘엔에스, ,강병진,기타법인,204611-0014901,416-81-34460,전라남도 광양시 명당길 219, ,,창고 및 운송관련 서비스업,2001-11-20,12월
(주)동진여객,dong jin yeogaek,동진여객, ,변민수,기타법인,220111-0005299,616-81-03913,제주특별자치도 제주시 서광로 178-6 (오라일동), ,,시외버스 운송업,1987-11-01,12월
(주)동진여객,dongjinbus,동진여객, ,하병권,기타법인,180111-0036095,603-81-04648,부산광역시 사하구 다대로 722 (다대동),webmail.dongjinbus.com,,시내버스 운송업,1980-04-14,12월
주식회사 동진오토텍,"DONGJIN AUTOTECH. Co.,Ltd.",동진오토텍, ,"예상우, 김순영",기타법인,230111-0129724,620-81-27063,울산광역시 북구 효문1로 45 (효문동), ,,일반 창고업,2007-02-01,12월
동진콘테이너터미날주식회사,"Dongjin Container Terminal Co.,Ltd",동진콘테이너터미날, ,박태진,기타법인,180111-0083385,618-81-09849,부산광역시 사하구 구평동 468, ,,물류 터미널 운영업,1988-10-24,12월
동진콜택시(주),dongjincalltaxi,동진콜택시, ,"최인선, 최승국",기타법인,110111-0246383,113-81-16660,서울특별시 구로구 부일로 833 (온수동), ,,택시 운송업,1979-04-10,12월
동천로지스주식회사,DONGCHUNLOGIS,동천로지스, ,이동준,기타법인,135511-0390935,203-86-02294,경기도 시흥시 공단1대로 13 (정왕동) 920호 (삼양스마트테크노파므),www.eunsungenc.com,,일반 창고업,2021-09-27,12월
동친해운(주),DONGCHIN SHIPPING CORPORATION,동친해운, ,최훈영,기타법인,110111-2691099,104-81-78814,서울특별시 중구 소공동 51 해운센터빌딩신관 10층,-,,외항 화물 운송업,2003-01-10,12월
(주)동특,dong teuk co.ltd,동특, ,윤강훈,기타법인,110111-2322975,107-86-05241,"서울특별시 영등포구 국제금융로 70 1005호(여의도동, 미원빌딩)", ,,일반 화물자동차 운송업,2001-09-01,12월
동해국제자원터미널 주식회사,"Donghae International Resources Terminal Co.,Ltd.",동해국제자원터미널, ,김정동,기타법인,144711-0029430,207-81-57990,강원도 동해시 공단2로 15-5 (구호동), ,,항구 및 기타 해상 터미널 운영업,2019-08-28,12월
동해상사 주식회사,Donghaesangsa Co Ltd.,동해상사, ,최범기,기타법인,141111-0000229,226-81-00071,강원도 강릉시 경강로 2628 (견소동)190-77, ,,시내버스 운송업,1927-04-17,12월
동해운수주식회사,"Dong hea,Transport.co.ltd",동해운수, ,김경희,기타법인,110111-0063381,110-81-27659,서울특별시 종로구 창경궁로35나길 14 (혜화동), ,,시내버스 운송업,1966-02-23,12월
동해종합해상(주),"DONGHAE MARINE SEVICES CO., LTD.",동해종합해상, ,이동인,기타법인,181211-0044376,610-81-28973,울산광역시 남구 장생포고래로 255 (매암동), ,,"화물운송 중개, 대리 및 관련 서비스업",1997-06-01,12월
동해터미날,DONG HAE TERMINAL,동해터미날, ,김용규,기타법인,144711-0000539,222-81-01520,강원도 동해시 천곡동 485-10, ,,여객 자동차 터미널 운영업,1986-12-01,12월
동현물류(주),DongHyun Logistics,동현물류, ,김지형,기타법인,135811-0278896,193-81-00295,경기도 이천시 마장면 이장로 115-21 (이치리) 동현물류(주), ,,냉장 및 냉동 창고업,2015-12-07,12월
주식회사 동화,DONG WHA,동화, ,박성순,기타법인,171711-0053569,506-81-45732,경상북도 포항시 남구 섬안로45번길 31 (장흥동), ,,기타 내륙 수상 여객 및 화물 운송업,2002-07-29,12월
주식회사 동화디에스비,DONGHWADSB,동화디에스비, ,강녹현,기타법인,151211-0025348,304-81-24994,충청북도 청주시 청원구 주성로 21 (사천동)301호, ,,일반 화물자동차 운송업,2011-06-21,12월
(주)동화솔루션,DONGHWA SOLUTION INC.,동화솔루션, ,김정현,기타법인,180111-1402162,266-86-02373,"부산광역시 중구 대교로 119 1306호 (중앙동6가, 씨제이대한통운빌딩)",www.dhsol.kr,,"화물운송 중개, 대리 및 관련 서비스업",2021-11-11,12월
동화실업(주),DONG WHA CO LTD,동화실업, ,문영국,기타법인,120111-0004648,121-81-04113,인천광역시 중구 북성동1가, ,,항공 및 육상 화물 취급업,1974-02-12,12월
동화운수주식회사,donghwabus,동화운수, ,염문규,기타법인,120111-0008161,122-81-12237,인천광역시 계양구 효서로 56 (효성동) 동화운수주식회사, ,,시내버스 운송업,1979-08-02,12월
 주식회사 동효,Dong Hyo,동효, ,최정헌,기타법인,141311-0000077,227-81-00017,강원도 속초시 설악산로 1085 (설악동), ,,기타 부정기 여객 육상 운송업,1970-09-09,12월
동훈운수(주),dongheun,동훈운수, ,"정부길, 정승오",기타법인,110111-0079635,117-81-03319,서울특별시 양천구 가로공원로 71 (신월동), ,,택시 운송업,1976-02-21,12월
두남해운(주),"DOONAM SHIPPING CO., LTD",두남해운, ,김동락,기타법인,110111-0962294,202-81-47143,서울특별시 종로구 내수동 대우빌딩 복합동 80층 3, ,,기타 운송관련 서비스업,1993-10-26,12월
(주)두두로지텍,DOODOO LOGITECH,두두로지텍, ,강봉덕,기타법인,134211-0063779,126-81-77630,경기도 광주시 실촌읍 신촌리219, ,,일반 창고업,2004-03-10,12월
(주)두라로지스틱스,"Doora logistics co., ltd",두라로지스틱스, ,김성호,기타법인,110111-2797582,117-81-45551,서울특별시 강서구 금낭화로 54-7 (방화동) 동해빌딩,doora.co.kr,,"화물운송 중개, 대리 및 관련 서비스업",2003-06-12,12월
두라해운(주),"Doolashipping Co., Ltd.",두라해운, ,"강건우, 강지언",기타법인,180111-0309674,602-81-16122,부산광역시 영도구 대평동1가 12, ,,내항 화물 운송업,2000-01-05,12월
두로로지텍주식회사,DOORO LOGITEC.,두로로지텍, ,박정규,기타법인,131211-0007803,126-81-30654,경기도 용인시 처인구 양지면 주북리, ,,일반 화물자동차 운송업,1997-11-10,12월
두루로지텍,DU RU RO GI TECH,두루로지텍, ,한기득,기타법인,171711-0058923,506-81-50216,"경상북도 포항시 남구 철강로492번길 44 (장흥동, (주)두루로지텍)", ,,창고 및 운송관련 서비스업,2003-10-01,12월
두림 주식회사,DOO LIM,두림, ,정우석,기타법인,150111-0232251,360-87-00581,충청북도 청주시 서원구 1순환로 1130-9 (분평동) 2층, ,,일반 화물자동차 운송업,2017-02-24,12월
두성선박(주),"DUSUNG SHIPPING.,LTD.",두성선박, ,박복희,기타법인,110111-1516892,214-86-21762,"서울특별시 서초구 서운로 19 (서초동, 서초월드오피스텔) 1006호", ,,외항 화물 운송업,1998-02-25,12월
주식회사 두양 리미티드,DOOYANG LIMITED,두양리미티드, ,한돈석,기타법인,110111-2142638,120-86-15873,서울특별시 강남구 삼성1동 167∼171, ,,외항 화물 운송업,2001-01-04,12월
두양상선 주식회사,"DOOYANG LINE CO., LTD.",두양상선, ,조동현,기타법인,110111-0375786,120-81-09702,서울특별시 강남구 삼성동 170-7,www.dooyang.co.kr,,외항 화물 운송업,1984-06-07,12월
두우해운 주식회사,DOOWOO SHIPPING CO.LTD.,두우해운, ,이상조,기타법인,110111-0539530,201-81-44497,서울특별시 중구 소공동 51 해운센터빌딩 신관 10, ,,외항 화물 운송업,1987-09-05,12월
두원상선(주),"DUWON SHIPPING CO.,LTD.",두원상선, ,이석기,기타법인,110111-3482661,101-86-24575,"서울특별시 중구 세종대로 64 1025 (태평로2가, 해남빌딩)",www.dwship.co.kr,,외항 화물 운송업,2006-07-01,12월
두월냉장주식회사,DuWolnaengjang,두월냉장, ,백남조,기타법인,134211-0242802,404-87-01949,"서울특별시 강남구 삼성로 508 (삼성동, LG트윈텔2) 1406 엘지트윈텔2", ,,냉장 및 냉동 창고업,2020-12-10,12월
주식회사 두웰로지스 ,DOWELL LOGIS Inc. ,두웰로지스, ,김상연,기타법인,134511-0273083,635-88-00240,"경기도 용인시 처인구 이동읍 남북대로 2549 (송전리, 두웰로지스물류센터)", ,,냉장 및 냉동 창고업,2015-10-29,12월
주식회사 두일냉장,DOOIL COLD STORE CO.LTD,두일냉장, ,황석주,기타법인,134511-0008274,135-81-07953,경기도 용인시 백암면 옥산리 17번지,WWW.dooilccs.co.kr,,냉장 및 냉동 창고업,1990-05-10,12월
주식회사 두핸즈,DOHANDS,두핸즈, ,박찬재,기타법인,110111-5044170,201-86-31231,서울특별시 강남구 테헤란로44길 8 (역삼동) 5층,dohands.com/,,"화물운송 중개, 대리 및 관련 서비스업",2013-01-15,12월
(주) 드림관광,DREAMTOUR,드림관광, ,위도량,기타법인,284911-0052165,141-81-02666,"서울특별시 강서구 강서로 215 (화곡동, 삼광빌딩)3층",www.dream-tour.co.kr,,전세버스 운송업,2005-03-18,03월
드림로지스틱스(주),Dream Logistics,드림로지스틱스, ,김병선,기타법인,120111-0296138,121-81-55359,경기도 평택시 도일유통길 20-7 (도일동),www.dmls.co.kr,,일반 화물자동차 운송업,2002-09-03,12월
드림에어웨이,DREAM AIRWAY,드림에어웨이, ,문상기,기타법인,110111-3325978,101-86-18578,서울특별시 종로구 경운동 운현궁SK허브 102동 407호,www.shenzhenair.co.kr,,항공 운송업,2005-10-20,12월
드림택배 주식회사,DREAM LOGIS,드림택배, ,최형규,기타법인,134111-0481527,682-86-00878,"경기도 안양시 동안구 시민대로 361 (관양동, 에이스평촌타워) 614호",www.idreamlogis.com,,창고 및 운송관련 서비스업,2017-11-16,12월
드림포워드(주),DREAMFORWARD,드림포워드, ,김종희,기타법인,134811-0138207,124-86-55014,경기도 오산시 황새로 109 (누읍동),dream581027@naver.com,,일반 창고업,2007-04-23,12월
주식회사 드올,DE ALL CORPORATION.,드올, ,김승영,기타법인,180111-0406842,603-81-49645,부산광역시 사하구 감천항로 239 (구평동), ,,냉장 및 냉동 창고업,2002-05-01,12월
(주)디더블유국제물류센터,"DW International Logistics Center Co., Ltd.",디더블유국제물류센터, ,이성도,기타법인,194211-0209909,609-86-10783,경상남도 창원시 진해구 신항10로 16 (남문동), ,,일반 창고업,2013-01-30,12월
(주)디더블유로지스틱스,"DW LOGISTICS CO., LTD",디더블유로지스틱스, ,우상진,기타법인,180111-0581727,602-81-41596,부산광역시 중구 중앙동4가 81 -12 상일빌딩 5층, ,,창고 및 운송관련 서비스업,2007-03-01,12월
주식회사 디더블유엘글로벌,"DWL GLOBAL CO., LTD",디더블유엘글로벌, ,"김인호, 김종현",기타법인,180111-1262417,886-86-01708,"부산광역시 강서구 신항로 96-82 (성북동, 부산신항CFS물류창고), 2층", ,,일반 창고업,2020-01-10,12월
디딤산업개발(주),DIDIM co.ltd,디딤산업개발, ,서재민,기타법인,205511-0018772,412-81-25616,전라남도 나주시 이창동 191, ,,여객 자동차 터미널 운영업,2003-12-18,12월
디로지텍(주),DLOGITECK CORP.,디로지텍, ,김인호,기타법인,110111-2484519,104-81-71223,서울특별시 중구 남대문로5가 대우재단 9층, ,,그 외 기타 운송관련 서비스업,2002-03-29,12월
(주) 디메르코익스프레스코리아,Dimerco Express Korea Corp.,디메르코익스프레스코리아, ,치우 주인 롱,기타법인,110111-1666209,220-81-59327,"서울특별시 영등포구 당산로41길 11 (당산동4가, 당산SKV1center) E동 1501/1502호",07217,,"화물운송 중개, 대리 및 관련 서비스업",1999-03-18,12월
주식회사 디비씨마린,"DBC MARINE CO.,LTD",디비씨마린, ,윤욱,기타법인,110111-4913904,104-86-42664,서울특별시 중구 서소문동 삼영빌딩 604-2호, ,,외항 화물 운송업,2012-07-11,12월
디비에스크루즈훼리(주),"DBS CRUISE FERRY CO., LTD.",디비에스크루즈훼리, ,정영태,기타법인,144711-0015603,222-81-21962,강원도 동해시 송정동 855 ~1682 동해항국제여객터미날 별관,dbsferry.com,,외항 여객 운송업,2007-12-18,12월
주식회사 디씨티,DCT,디씨티, ,"김연성, 유희석",기타법인,144711-0015786,222-81-22165,강원도 동해시 송정동 173, ,,창고 및 운송관련 서비스업,2008-03-31,12월
디아이로지스(주),"DILOGIS CO., Ltd",디아이로지스, ,박대일,기타법인,284411-0084952,801-81-00213,경기도 포천시 가산면 정금로 176-40 (정교리),www.dilogis.co.kr,,일반 창고업,2015-11-01,12월
주식회사 디아이에이치,"DIH Co., Ltd.",디아이에이치, ,김경회,기타법인,131211-0074620,193-87-03391,경기도 여주시 세종대왕면 양화로 344 (마래리), ,,"화물운송 중개, 대리 및 관련 서비스업",2024-10-01,12월
주식회사 디앤디로지스틱스,DND LOGISTICS CO LTD,디앤디로지스틱스, ,박성욱,기타법인,230111-0292191,548-81-01188,울산광역시 남구 신항로716번길 94 (황성동), ,,창고 및 운송관련 서비스업,2018-04-11,12월
주식회사 디앤비파트너스,"D&B Partners Co.,Ltd",디앤비파트너스, ,김우건,기타법인,134411-0087907,630-86-01560,경기도 이천시 백사면 이여로 404 (조읍리), ,,창고 및 운송관련 서비스업,2019-06-14,12월
(주)디앤제이로지스,D&JLOGIS,디앤제이로지스, ,조재균,기타법인,161511-0093404,312-81-95414,충청남도 아산시 영인면 아산호로 352 (구성리), ,,기타 육상 운송지원 서비스업,2007-11-01,12월
디에스브이솔루션스 주식회사,DSV Solutions Ltd.,디에스브이솔루션스, ,고재명,기타법인,110111-0718887,120-81-32654,서울특별시 강서구 마곡중앙6로 66 퀸즈파크텐  B동 1203호,www.dsv.com,,그 외 기타 운송관련 서비스업,1990-10-01,12월
(주) 디에스브이에어앤씨,DSV Air & Sea Ltd.,디에스브이에어앤씨, ,최문호,기타법인,110111-1483421,109-81-52390,"서울특별시 마포구 성암로 179 (상암동, 팬택빌딩) 16층", ,,기타 운송관련 서비스업,1997-11-24,12월
(유)디에스브이에어앤씨 인터내셔널,DSV Air&Sea International Ltd.,디에스브이에어앤씨인터내셔널, ,최문호,기타법인,110114-0239374,293-86-01420,"서울특별시 마포구 성암로 179 (상암동, 한샘상암) 16층", ,,"화물운송 중개, 대리 및 관련 서비스업",2019-03-19,12월
디에스쉬핑 주식회사,DS SHIPPING CO LTD,디에스쉬핑, ,최조영,기타법인,180111-1590933,354-86-03437,부산광역시 강서구 녹산산단382로50번길 3 (송정동) 3층,46757,,외항 화물 운송업,2024-11-25,12월
디에스쉽핑(주),"DS SHIPPING CO.,LTD",디에스쉽핑, ,신지훈,기타법인,180111-1190353,612-81-53731,"부산광역시 해운대구 센텀중앙로 97 (재송동, 센텀스카이비즈)에이동 2705", ,,외항 화물 운송업,2018-12-21,12월
디에스에프엘앤아이 주식회사,DSF L&I CO LTD,디에스에프엘앤아이, ,박남,기타법인,110111-6278489,419-87-00544,"서울특별시 종로구 새문안로5길 19 (당주동, 로얄빌딩) 506호", ,,"화물운송 중개, 대리 및 관련 서비스업",2017-01-03,12월
(주)디에스엘,DSL,디에스엘, ,신광철,기타법인,134411-0022581,126-81-70132,경기도 이천시 마장면 중부대로225번길 70-9 (회억리)174-3, ,,일반 창고업,2006-01-01,12월
디에스해운(주),"DS SHIPPING CO.,LTD.",디에스해운, ,이덕상,기타법인,180111-0552744,605-81-76978,부산광역시 동구 초량동 1212-11 해덕빌딩 10층7호, ,,외항 화물 운송업,2006-04-17,12월
(주)디에이치로지스,"DHlogistics Co.,Ltd",디에이치로지스, ,안강옥,기타법인,131311-0086756,125-81-78688,경기도 평택시 포승읍 만호리 610번지, ,,냉장 및 냉동 창고업,2008-12-19,12월
주식회사 디에이치로지스,"DH Logis co.,Ltd",디에이치로지스, ,"강덕현, 정현정",기타법인,151211-0021528,304-81-21662,충청북도 청주시 청원구 주성로 21 (사천동) 302호, ,,일반 화물자동차 운송업,2009-04-20,12월
(주)디에이치물류,dhlogistic,디에이치물류, ,안경배,기타법인,154511-0083173,608-86-11057,충청북도 음성군 금왕읍 대금로 1100 (오선리), ,,항만 내 여객 운송업,2019-03-21,12월
(주)디에이치쉬핑,"DH SHIPPING CO.,LTD",디에이치쉬핑, ,노희철,기타법인,180111-1396985,894-86-02538,"부산광역시 동구 조방로 14 611호(범일동, 동일타워)", ,,"화물운송 중개, 대리 및 관련 서비스업",2021-10-22,12월
디에이치엘글로벌포워딩코리아,"DHL GLOBAL RORWARDING KOREA.,LTD",디에이치엘글로벌포워딩코리아, ,이영기,기타법인,110111-0115554,109-81-19557,"서울특별시 중구 통일로 10 남대문로5가, 연세대학교세브란스빌딩 7층",없음,,기타 육상 운송지원 서비스업,1971-07-25,12월
디에이치엘서플라이체인코리아 (주),"DHL Supply Chain Korea, Ltd",디에이치엘서플라이체인코리아, ,EDMUND HSIUNG TZE HUI,기타법인,110111-1248966,120-81-59478,"서울특별시 중구 소공로 70 (충무로1가, 서울중앙우체국청사) 비동 17층",www.dhl.com,,그 외 기타 운송관련 서비스업,1996-03-08,12월
(주)디에이치엘코리아,DHL KOREA Ltd.,디에이치엘코리아, ,한지헌,기타법인,110111-2118267,105-86-19360,"서울특별시 마포구 백범로28길 22 (염리동, 일양빌딩신관)",www.dhl.co.kr,,그 외 기타 운송관련 서비스업,2000-11-27,12월
주식회사 디엔비로지스틱스,DNB LOGISTICS CO LTD,디엔비로지스틱스, ,박성욱,기타법인,230111-0290955,262-81-00913,울산광역시 남구 신항로716번길 60 (황성동), ,,창고 및 운송관련 서비스업,2018-03-15,12월
(주)디엘로지스코리아,DLLOGIS,디엘로지스코리아, ,"전성수, 이우준",기타법인,110111-5245661,212-86-06580,서울특별시 강동구 강동대로 143-48 서린빌딩 502호 (성내동), ,,그 외 기타 분류 안된 운송 관련 서비스업,2013-10-16,12월
디엘쉬핑(주),"DL SHIPPING CO., LTD",디엘쉬핑, ,백철,기타법인,180111-0515403,605-81-71444,부산광역시 동구 초량동 1211-1 대한통운빌딩 1106호, ,,외항 화물 운송업,2005-03-31,12월
(주)디엠물류,DM LOGISTIC,디엠물류, ,김명회,기타법인,161511-0324891,276-88-02689,"서울특별시 강서구 공항대로81길 35 (염창동, 염창투웨니퍼스트)14층", ,,일반 창고업,2022-08-22,12월
주식회사 디엠쉽핑,"DM SHIPPING CO., LTD",디엠쉽핑, ,곽민옥,기타법인,180111-0325365,602-81-17776,"부산광역시 해운대구 센텀중앙로 97 3002호 (재송동, 센텀스카이비즈)", ,,외항 화물 운송업,2000-06-01,12월
디엠씨마리타임(주),"DMC Maritime Co.,Ltd.",디엠씨마리타임, ,김성기,기타법인,110111-1508922,102-81-43319,서울특별시 종로구 신문로1가 광화문오피시아 1011, ,,그 외 기타 운송관련 서비스업,1998-02-09,12월
주식회사 디오비로지스,doblogis,디오비로지스, ,김범규,기타법인,120111-0936388,140-86-01067,서울특별시 강남구 언주로86길 5 (역삼동) 7층,doblogis.com/,,개인 화물자동차 운송업,2018-05-09,12월
디오토몰주식회사,dautomall.co.ltd,디오토몰, ,백승호,기타법인,160111-0527478,631-81-01762,"대전광역시 유성구 복용동로 35 255호(복용동, 디오토몰)", ,,주차장 운영업,2019-09-17,12월
주식회사 디와이쉬핑,"DY DHIPPING CO.,LTD",디와이쉬핑, ,이영진,기타법인,110111-5431054,220-88-80682,"서울특별시 강남구 언주로 120 (도곡동, 인스토피아) 503호", ,,외항 화물 운송업,2014-06-03,12월
주식회사 디와이쉽핑,DY CO. LTD,디와이쉽핑, ,조영철,기타법인,110111-4159631,101-86-49182,서울특별시 중구 장교동 장교빌딩 1506, ,,그 외 기타 운송관련 서비스업,2009-08-17,12월
주식회사 디유엑스케미컬,"DUX CHEMICAL CO., LTD",디유엑스케미컬, ,원성현,기타법인,230111-0345429,269-81-02116,울산광역시 울주군 온산읍 화산로 105 (원산리), ,,일반 창고업,2021-01-26,12월
디이로지스 주식회사,DELOGIS,디이로지스, ,안병덕,기타법인,110111-3288580,105-86-82830,서울특별시 중구 저동1가 1-2 나라키움저동빌딩, ,,그 외 기타 운송관련 서비스업,2005-08-18,12월
(주)디케이로지스틱,DKLogistic,디케이로지스틱, ,이지윤,기타법인,200111-0642962,192-81-02359,광주광역시 서구 상무누리로 57-3 (마륵동), ,,일반 창고업,2021-08-10,12월
주식회사 디케이로지스틱스,"DK Logistics,LTD.",디케이로지스틱스, ,문병화,기타법인,134611-0062971,125-86-15937,경기도 안성시 원곡면 원곡물류단지1로 49 (칠곡리), ,,보관 및 창고업,2013-10-01,12월
디케이마린,dkmarine.co.ltd,디케이마린, ,이재영,기타법인,110111-0917322,114-81-51452,"서울특별시 중구 소공로 109 13층 (소공동, 소공동한화빌딩)", ,,항만 내 여객 운송업,1993-04-01,12월
주식회사 디케이물류,Dklogisics Co. Ltd,디케이물류, ,김남석,기타법인,200111-0429542,241-81-00070,광주광역시 서구 상무누리로 57-3 (마륵동), ,,창고 및 운송관련 서비스업,2015-05-18,12월
디케이에스앤드 주식회사,"DK S& CO.,LTD.",디케이에스앤드, ,박자홍,기타법인,110111-3435660,104-86-00290,서울특별시 중구 수하동 66번지 페럼타워, ,,외항 화물 운송업,2006-04-07,12월
디케이에스에이치로지스틱스 주식회사,DKSH Logistics Ltd.,디케이에스에이치로지스틱스, ,한주환,기타법인,110111-1782451,211-86-57543,경기도 이천시 대월면 초지리 57,www.dksh.com,,일반 창고업,1999-10-04,12월
디케이해운(주),"DK SHIPPING CO.,LTD.",디케이해운, ,전동우,기타법인,110111-2550708,104-81-73411,서울특별시 중구 장교동장교빌딩1001-3호,www.dkshipping.co.kr,,외항 화물 운송업,2002-06-20,12월
주식회사 디투디,"Co.,Ltd.D TO D",디투디, ,정봉주,기타법인,134411-0022862,126-81-68621,"경기도 이천시 마장면 덕평로 831-59 (덕평리, 롯데글로벌로지스(주))", ,,그 외 기타 운송관련 서비스업,2003-01-20,12월
주식회사 디티씨,"DTC CO., LTD.",디티씨, ,"양철용, 이강신",기타법인,120111-0044496,121-81-13494,"인천광역시 연수구 인천타워대로 323 (송도동, 송도센트로드) 비동 2001호",www.dtc.co.kr,,기타 도로화물 운송업,1988-04-15,12월
주식회사 디피엘,DPL Corp.,디피엘, ,최인석,기타법인,134411-0005264,126-81-12016,경기도 이천시 마장면 덕평로 831-35 (덕평리),www.dpl.co.kr,,일반 창고업,1992-09-03,12월
주식회사디피엘,DPL INC.,디피엘, ,최종록,기타법인,134411-0013845,126-81-39897,경기도 이천시 마장면 이평리 157-10,dpl.co.kr,,일반 창고업,1999-08-23,12월
디피월드로지스틱스코리아,DP World Logistics Korea LLC.,디피월드로지스틱스코리아, ,김동완,기타법인,110114-0295566,708-87-02705,서울특별시 강서구 마곡중앙6로 34 (마곡동) 5층, ,,일반 창고업,2022-06-16,12월
딜리박스중앙 주식회사,"Delibox Joongang Co., Ltd.",딜리박스중앙, ,"박장희, 최회준",기타법인,110111-9106497,452-81-03769,"서울특별시 마포구 월드컵로 240 (성산동, 월드컵주경기장) 2층",www.dbox.co.kr/,,개인 화물자동차 운송업,2024-11-15,12월
주식회사 라온피앤에스,LAON,라온피앤에스, ,오애경,기타법인,110111-6594918,116-88-00910,서울특별시 강남구 테헤란로82길 15 1439호 (대치동), ,,택배업,2017-12-11,12월
라훈,RAHOON,라훈, ,왕영배,기타법인,150111-0206842,133-86-00148,"충청북도 옥천군 옥천읍 중앙로 135 (삼양리, 휴게편의시설) 101호", ,,일반 화물자동차 운송업,2015-07-22,12월
람세스물류 주식회사,"Ramses Logistics Co., Ltd.",람세스물류, ,박래문,기타법인,110111-1640021,104-81-45083,서울특별시 중구 북창동 70-1,www.ramseskr.com,,그 외 기타 운송관련 서비스업,1999-01-26,12월
래더서비스네트웍스(주),Ladder Service Networks.Co.Ltd,래더서비스네트웍스, ,최영갑,기타법인,110111-4048008,117-81-67900,서울특별시 영등포구 선유서로 117 (양평동3가) 502호, ,,"화물운송 중개, 대리 및 관련 서비스업",2009-02-20,12월
레샤코코리아(주),Leschaco Korea Ltd,레샤코코리아, ,김도균,기타법인,110111-1723778,120-81-90595,"서울특별시 용산구 한남대로 152 (한남동, HCC빌딩 3층)", ,,"화물운송 중개, 대리 및 관련 서비스업",1999-07-01,12월
(주)레스코,RESKO CORPORATION,레스코, ,조영삼,기타법인,110111-1370800,229-81-25993,서울특별시 서초구 양재동 275 동원빌딩 16층,http://RESKO.CO.KR,,그 외 기타 운송관련 서비스업,1997-01-28,12월
레이딕스 주식회사,"RADIX CO., LTD.",레이딕스, ,박현진,기타법인,110111-3912410,101-86-40482,"서울특별시 종로구 새문안로5길 19 406호 (당주동, 로얄빌딩)",www.radixkorea.com,,"화물운송 중개, 대리 및 관련 서비스업",2008-06-27,12월
(주)로고농업회사법인,"LOGO CO.,LTD.",로고농업회사법인, ,이성호,기타법인,115411-0006900,127-81-57622,경기도 포천시 가산면 포천로 916,www.logologis.co.kr,,일반 화물자동차 운송업,1993-09-01,12월
(주)로덱스,RODEX,로덱스, ,정대식,기타법인,201311-0010099,416-81-19697,전라남도 순천시 조례동 1500 ~1608,www.rodex.co.kr,,일반 화물자동차 운송업,1997-12-20,12월
로드스타씨앤에어(주),"LODESTAR SEA & AIR CO.,LTD",로드스타씨앤에어, ,구세현,기타법인,110111-2705387,104-81-78527,"서울특별시 강남구 영동대로106길 17 (삼성동, 경진빌딩) 2층",www.lodestars.com,,통관 대리 및 관련서비스업,2003-01-28,12월
로리첸 벌커스 에이/에스,Lauritzen Bulkers A/S,로리첸벌커스에이/에스, ,Ejner Kiel Bonderup,기타법인, ,33078,덴마크 코펜하겐 K DK-1250 상뜨 안네 프라즈 28번지, ,,외항 화물 운송업,1991-07-03,12월
로릭코리아 (주),ROHLIG KOREA LTD.,로릭코리아, ,홍현욱,기타법인,110111-1270307,110-81-34960,"서울특별시 중구 서소문로 103 (서소문동, 배재빌딩) 1012호",www.rohlig.com,,"화물운송 중개, 대리 및 관련 서비스업",1996-05-20,12월
(주)로비스,LOVICE,로비스, ,최대환,기타법인,206211-0031050,417-81-32091,전라남도 여수시 주삼덕양로 163, ,,도로 화물 운송업,2005-12-01,12월
로얄물류 주식회사,"Royal Logistics.,Ltd",로얄물류, ,박병주,기타법인,110111-0887442,211-86-75459,경기도 성남시 분당구 금곡동 395,www.royalcsw.co.kr,,냉장 및 냉동 창고업,2001-05-10,12월
주식회사 로이,"ROY Co., Ltd.",로이, ,김수진,기타법인,135211-0026239,138-81-54227,경기도 화성시 우정읍 포승향남로 969 (이화리), ,,일반 화물자동차 운송업,2009-08-01,12월
로젠(주),Logen.Co.Ltd,로젠, ,김동주,기타법인,134211-0029911,126-81-38772,경기도 성남시 수정구 창업로57번길 7 (시흥동)모다아울렛빌딩 5층,d2d.ilogen.com,,택배업,1999-04-30,12월
주식회사 로젠택배광주지점,logen,로젠택배광주지점, ,김성남,기타법인,200111-0714282,410-86-04022,광주광역시 광산구 하남산단4번로 19 (장덕동), ,,택배업,2006-07-01,12월
(주)로지션,logisian,로지션, ,박제명,기타법인,131111-0213965,129-86-23763,경기도 평택시 평택5로34번길 6-7 (합정동)정주빌딩4층,www.logisian.com,,택배업,2008-07-09,12월
주식회사 로지스마일,LOGISmile,로지스마일, ,박지용,기타법인,211111-0070946,401-81-36845,전라북도 군산시 가도로 144 (소룡동), ,,"화물운송 중개, 대리 및 관련 서비스업",2009-03-31,12월
(주)로지스몬,"Logis Mon, Inc.",로지스몬,223220,박호,코넥스시장,110111-5206283,230-81-01555,"서울특별시 성동구 왕십리로 5812층, 1212호(서울숲포휴, 성수동)",ipmonster.co.kr,,기타 운송관련 서비스업,2013-08-16,12월
주식회사 로지스밸리,"Logisvalley Co., Ltd.",로지스밸리, ,김필립,기타법인,131111-0583227,446-81-01811,경기도 용인시 기흥구 마북로 110 (마북동) 102호, ,,"화물운송 중개, 대리 및 관련 서비스업",2020-03-02,12월
주식회사 로지스밸리글로벌,"LOGISVALLEY GLOBAL CO., LTD",로지스밸리글로벌, ,윤건병,기타법인,134511-0339041,712-87-00759,"경기도 용인시 기흥구 마북로 110 (마북동, 선경빌딩)", ,,일반 창고업,2017-11-01,12월
주식회사 로지스밸리에스엘케이,LogisValley SLK Corp.,로지스밸리에스엘케이, ,김동석,기타법인,134511-0140266,142-81-20895,경기도 이천시 모가면 사실로 419-20,www.logisvalleyslk.com/,,일반 창고업,2009-06-01,12월
주식회사 로지스밸리이천풀필먼트,"LOGISVALLEY SLK CO., LTD",로지스밸리이천풀필먼트, ,김동석,기타법인,134511-0355534,203-87-01249,"경기도 용인시 기흥구 마북로 110 (마북동,선경빌딩),3층 301호", ,,일반 창고업,2018-04-25,12월
주식회사 로지스밸리천마,"Logisvalley chunma CO., LTD",로지스밸리천마, ,김필성,기타법인,134511-0374154,613-86-01134,경기도 용인시 기흥구 마북로 110 (마북동), ,,일반 창고업,2018-11-21,12월
주식회사 로지스밸리하나로,"LOGISVALLEY HANARO CO., LTD",로지스밸리하나로, ,구민규,기타법인,134511-0380002,596-88-01186,"경기도 용인시 기흥구 마북로 110 3층 301호 (마북동, 선경빌딩)", ,,일반 창고업,2019-01-15,12월
주식회사 로지스점프런,runpeople,로지스점프런, ,전영수,기타법인,161511-0281489,457-86-01932,충청남도 천안시 서북구 신당새터2길 15 (신당동) 2동 139호, ,,일반 창고업,2020-11-01,12월
(주)로지스캠프,"BearLogi Pyeongtaek CO., LTD",로지스캠프, ,이상규,기타법인,131311-0128764,125-86-14490,경기도 평택시 포승읍 서동대로 437-129 (신영리), ,,일반 창고업,2013-07-22,12월
(주)로지스퀘어,"logisquare.co.,ltd",로지스퀘어, ,김신배,기타법인,160111-0094964,314-81-31696,"서울특별시 강남구 봉은사로 479 13층, (삼성동) 479타워",www.logisquare.co.kr,,일반 화물자동차 운송업,2000-04-01,12월
주식회사 로지스타,LOGISTAR,로지스타, ,김진혁,기타법인,164811-0173710,199-88-02761,충청남도 아산시 배방읍 월천6길 81 (북수리) 3층301호, ,,일반 창고업,2023-10-23,12월
로지스파트너스 주식회사,"LOGIS PARTNERS CO., ltd.",로지스파트너스, ,박상균,기타법인,205911-0041791,336-86-02406,전라남도 장성군 동화면 임정로 160 (남산리), ,,냉장 및 냉동 창고업,2022-03-18,12월
로지스팟 주식회사,"Logispot co., Ltd.",로지스팟, ,"박재용, 박준규",기타법인,131411-0168198,134-86-23047,"서울특별시 서초구 사임당로 174 13층 (서초동, 강남미래타워)", ,,일반 화물자동차 운송업,2005-05-16,12월
주식회사 로지스홀딩스,LOGISHOLDINGS,로지스홀딩스, ,함상석,기타법인,134411-0092667,154-87-01646,"경기도 이천시 마장면 오천로 33 (오천리), 4층 408호(아리온프라자)", ,,기타 보관 및 창고업,2020-02-17,12월
주식회사 로지올,LOGIALL,로지올, ,채헌진,기타법인,110111-8411293,237-88-02554,"서울특별시 서초구 동산로 52 (양재동, 인성빌딩)", ,,기타 육상 운송지원 서비스업,2022-09-01,12월
로지피아,"LOGIPIA CO., LTD",로지피아, ,김경환,기타법인,110111-1584964,104-81-44274,서울특별시 서초구 강남대로41길 12 2층 (서초동), ,,기타 운송관련 서비스업,1998-09-11,12월
로터스상선 주식회사,"LOTUS MERCHANT MARINE CO., LTD.",로터스상선, ,김동락,기타법인,110111-3852799,101-86-38195,서울특별시 종로구 내수동 대우빌딩 복합동 802호, ,,외항 화물 운송업,2008-03-05,12월
로템에스알에스 주식회사,"Rotem SRS Co., Ltd.",로템에스알에스, ,전상훈,기타법인,110111-7722435,294-86-02169,"서울특별시 영등포구 여의대로 66 15층 (여의도동, 하이투자증권)", ,,도시철도 운송업,2020-12-18,12월
주식회사 로풀,LogisvalleyFulfillment,로풀, ,김동석,기타법인,134411-0062066,126-86-78589,경기도 이천시 부발읍 부흥로 135 (고백리) 3층 301호,100,,일반 창고업,2014-09-23,12월
주식회사 롤랩,"lolab Co., Ltd.",롤랩, ,최강림,기타법인,134511-0503448,352-87-01968,경기도 용인시 기흥구 죽현로 8-13 상가동 비201-1호, ,,도로 화물 운송업,2021-03-25,12월
롯데글로벌로지스(주),"Lotte Global Logistics Co.,LTD.",롯데글로벌로지스, ,강병구,기타법인,110111-0578231,102-81-23012,"서울특별시 중구 통일로 10 (남대문로5가, 연세세브란스빌딩)",https://www.lotteglogis.com,,그 외 기타 운송관련 서비스업,1988-06-13,12월
롯데로지스틱스(주),LOTTE LOGISTICS CORP.,롯데로지스틱스, ,박찬복,기타법인,110111-0040446,107-81-35250,서울특별시 중구 통일로 10,www.llc.co.kr,,화물 취급업,1970-11-09,12월
롯데로지스틱스,"Lotte Logistics Co., Ltd.",롯데로지스틱스, ,최문철,기타법인,110111-1329782,208-81-22738,서울특별시 중구 봉래동1가 48-3 연세봉래빌딩 11층, ,,일반 화물자동차 운송업,1996-10-14,12월
롯데로지스틱스 주식회사,LOTTE LOGISTICS CORPORATION,롯데로지스틱스, ,박찬복,기타법인,110111-6707636,474-81-01024,서울특별시 중구 통일로 10,www.llc.co.kr/,,창고 및 운송관련 서비스업,2018-04-02,12월
롯데부산신항로지스(주),"LOTTE BUSAN NEWPORT LOGISTICS CO.,LTD.",롯데부산신항로지스, ,권순근,기타법인,180111-0684282,609-81-89757,경상남도 창원시 진해구 신항4로 15-48 (용원동) 롯데부산신항로지스(주),www.hcl21.com,,창고 및 운송관련 서비스업,2009-08-24,12월
주식회사 루트,ROUTE Corporation,루트, ,김영준,기타법인,134111-0574348,158-86-02219,"경기도 의왕시 오봉산단3로 60 (삼동, 의왕물류센터)", ,,일반 창고업,2021-02-26,12월
주식회사 리더스케미컬,SUH YOUNG CORPORATION,리더스케미컬, ,이병일,기타법인,110111-0177611,107-81-12539,서울특별시 서초구 서초동 1337-4, ,,기타 육상 운송지원 서비스업,1975-03-31,12월
(주)리베라메인타워,"Riviera Tourism Development Co.,Ltd.",리베라메인타워, ,김태명,기타법인,194211-0226565,609-86-21510,경상남도 창원시 성산구 중앙대로100번길 9 604(상남동), ,,주차장 운영업,2014-09-22,12월
(주)리빙시스,LIVINGSYS COMPANY LIMITED,리빙시스, ,김태인,기타법인,110111-4662634,211-88-64859,서울특별시 강남구 논현동 51-6, ,,도로 화물 운송업,2011-08-16,12월
주식회사 리치로지스,Rich logis Co.,리치로지스, ,이상재,기타법인,134611-0103626,587-87-01716,경기도 안성시 죽산면 송문주로 219-1 (당목리), ,,냉장 및 냉동 창고업,2020-02-06,12월
주식회사 리치로지스평택,Rich logis Pyeongtaek Co.,리치로지스평택, ,이상재,기타법인,131311-0253082,554-86-02192,"경기도 평택시 탄현로 261 (신장동, 평택송탄역클래시아) 1002호", ,,냉장 및 냉동 창고업,2021-03-16,12월
릭스해운 주식회사,"RICS SHIPPING CO., LTD.",릭스해운, ,조미희,기타법인,110111-3837733,104-86-12665,서울특별시 중구 서소문동 57-10 정안빌딩 702호, ,,외항 화물 운송업,2008-02-01,12월
주식회사 린코스,"RINCOS Co., Ltd",린코스, ,김용현,기타법인,110111-6159499,579-87-00448,인천광역시 서구 백범로677번길 9 (가좌동),www.rincos.co.kr,,"화물 포장, 검수 및 계량 서비스업",2016-08-25,12월
(주)마니교통,manitrans,마니교통, ,박수응,기타법인,120111-0868648,427-87-00583,인천광역시 서구 경명대로 463 (경서동), ,,시내버스 운송업,2017-03-22,12월
주식회사 마니버스,manibus,마니버스, ,"박수응, 김영모",기타법인,120111-1396036,466-81-03749,인천광역시 서구 경명대로 276 (경서동) 2층, ,,시내버스 운송업,2024-08-01,12월
(주)마레콘솔리데이션,"MARE CONSOLIDATION CO.,LTD.",마레콘솔리데이션, ,김연청,기타법인,110111-3070060,101-86-08181,"서울특별시 영등포구 양산로 53 606,607호 (양평동3가, 월드메르디앙비즈센터)",www.mareconsol.co.kr,,"화물운송 중개, 대리 및 관련 서비스업",2004-08-23,12월
(주)마린글로리,"marinegloryco.,ltd",마린글로리, ,조성종,기타법인,206211-0024568,417-81-26833,전라남도 여수시 여수산단2로 11 (주삼동), ,,항공 및 육상 화물 취급업,2002-12-06,12월
주식회사 마린스케쥴,"MARINE-SCHEDULE CO., LTD",마린스케쥴, ,김성준,기타법인,180111-1496579,472-87-02617,"부산광역시 해운대구 센텀중앙로 97 A동 3901호(재송동, 센텀스카이비즈)", ,,기타 해상 운송업,2023-03-22,12월
마산신항운영 주식회사,"MASAN NEWPORT TERMINAL OPERATION CO.,LTD.",마산신항운영, ,노승철,기타법인,194211-0267014,256-81-01028,"경상남도 창원시 마산합포구 드림베이대로 201 (가포동, 마산항), 4층",www.samyangmarine.com/html/sub/group01.html,,항구 및 기타 해상 터미널 운영업,2017-01-18,12월
마산아이포트주식회사,"Masan I Port CO.,LTD.",마산아이포트, ,김선곤,기타법인,190111-0054102,608-81-56006,경상남도 창원시 마산합포구 드림베이대로 201 (가포동),www.mgnp.co.kr/,,수상 화물 취급업,2004-05-25,12월
마산항제4부두운영주식회사,"TERMINAL OPERATING CO., LTD OF MASAN PORT-PIER 4",마산항제4부두운영, ,임해곤,기타법인,194211-0035362,609-81-37638,경상남도 창원시 성산구 적현로 262 (신촌동), ,,수상 화물 취급업,1999-06-09,12월
(주)마성선박,"MA SUNG SHIPPING CO.,LTD",마성선박, ,진영기,기타법인,110111-4219493,119-86-22850,전라남도 여수시 학동 17-21번지 2층, ,,내륙 수상 및 항만 내 운송업,2009-11-17,12월
(주)마스터스해운항공,"MASTERS GLOBAL LOGISTICS, INC.",마스터스해운항공, ,민애란,기타법인,110111-4944438,101-86-74793,"서울특별시 중구 삼일대로 363 (장교동, 장교빌딩) 21층 13호",www.mastersgls.com,,"화물운송 중개, 대리 및 관련 서비스업",2012-09-05,02월
주식회사 마이더스홀딩스,MidisH,마이더스홀딩스, ,정연인,기타법인,174811-0114548,884-81-02327,경상북도 경산시 진량읍 일연로 659 (선화리), ,,일반 창고업,2021-09-10,12월
마이트앤메인 주식회사,M&M Industry Corp.,마이트앤메인, ,조항철,기타법인,120111-0352162,121-81-68500,인천광역시 중구 축항대로 147 (항동7가), ,,도로 화물 운송업,2004-07-29,12월
마이트앤메인(주),MIGHT&MAIN corporation,마이트앤메인, ,최철원,기타법인,120111-0538382,121-86-04267,인천광역시 중구 항동7가 27-9, ,,일반 창고업,2010-07-01,12월
마이트 앤 메인(주),MIGHT & MAIN Corporation,마이트앤메인, ,김재균 최철원,기타법인,120111-0294843,121-81-54947,인천광역시 중구 항동7가 27-9,www.mightmain.com,,일반 창고업,2002-09-01,12월
주식회사마인버스,meinbus,마인버스, ,임영욱,기타법인,190111-0072120,608-81-78387,"경상남도 창원시 마산합포구 현동로 252 (덕동동, 덕동시내버스공영차고지)", ,,시내버스 운송업,2009-10-12,12월
마창여객(주),MCBS,마창여객, ,장재영,기타법인,190111-0000022,608-81-00157,"경상남도 창원시 마산합포구 가포로 265 (가포동, 마창여객)", ,,시내버스 운송업,1970-01-02,12월
마켄코리아 유한회사,Marken Korea LLC,마켄코리아, ,도아 압델 파탈라,기타법인,110114-0126084,107-87-89122,"서울특별시 영등포구 영신로 220 (영등포동8가, KnK디지털타워) 706호",marken.com,,택배업,2013-02-27,12월
만월산터널(주),"MANWOLSAN TUNNEL CO.,LTD",만월산터널, ,홍정래,기타법인,120111-0144444,131-81-43151,"인천광역시 남동구 만월로 2 (간석동, 만월산터널관리소)", ,,도로 및 관련시설 운영업,1997-01-03,12월
(주)만재물류,-,만재물류, ,"박묘순, 김태형",기타법인,134611-0063896,125-86-17634,경기도 용인시 처인구 백암면 죽양대로912번길 54 씨동 2층,-,,일반 화물자동차 운송업,2013-11-26,12월
주식회사 맥스로지스틱스코리아,"MAX LOGISTICS KOREA CO., LTD.",맥스로지스틱스코리아, ,김기영,기타법인,110111-4700765,105-87-62850,"서울특별시 영등포구 당산로41길 11 이동 1811호 (당산동4가, 당산SKV1center)", ,,"화물운송 중개, 대리 및 관련 서비스업",2011-10-01,12월
주식회사 맥스탑로지스틱스,"MAXTOP LOGISTICS CO., LTD.",맥스탑로지스틱스, ,김철주,기타법인,110111-7729845,319-81-02013,"서울특별시 영등포구 당산로41길 11 (당산동4가, 당산SKV1center) W동 322호", ,,"화물운송 중개, 대리 및 관련 서비스업",2020-12-24,12월
(주)맥스피드,"Maxpeed Co., Ltd.",맥스피드, ,이주원,기타법인,110111-0692122,110-81-30983,서울특별시 중구 순화동 순화빌딩 706호,www.maxpeed.co.kr,,그 외 기타 운송관련 서비스업,1990-04-10,12월
(주)맥익스프레스인터내셔날,MC EXPRESS INTERNATIONAL,맥익스프레스인터내셔날, ,고춘일,기타법인,110111-2702250,109-81-83286,"서울특별시 강서구 하늘길 210 (공항동, 한국항공화물청사)", ,,"화물운송 중개, 대리 및 관련 서비스업",2003-02-01,12월
맥트랜스 인터내셔날(주),MC TRANS INTERNATIONAL INC,맥트랜스인터내셔날, ,구본상,기타법인,110111-0886642,109-81-29453,서울특별시 강서구 등촌동 652-14 영빌딩 3층, ,,그 외 기타 운송관련 서비스업,1992-09-01,12월
멀티카고(주),MULTI CARGO LOGISTICS,멀티카고, ,송원찬,기타법인,110111-3543950,104-86-03899,"서울특별시 동대문구 한천로 43 (답십리동, 리더스빌딩) 2층 202호", ,,"화물운송 중개, 대리 및 관련 서비스업",2006-10-23,12월
메가쉬핑 주식회사,"MEGA SHIPPING CO.,LTD",메가쉬핑, ,신현갑,기타법인,110111-3926370,104-86-16021,서울특별시 종로구 서린동 서린빌딩 12층,www.megashipping.co.kr/,,외항 화물 운송업,2008-07-01,12월
메인트란스주식회사,maintrans company,메인트란스, ,고호성,기타법인,110111-3920520,214-88-28696,서울특별시 강서구 개화동로8길 38 (개화동), ,,철도 운송지원 서비스업,2008-06-24,12월
(주)메트로물류,"METRO LOGISTCS CO.,LTD.",메트로물류, ,인풍기,기타법인,110111-1195589,104-81-38374,"서울특별시 서대문구 충정로 53 (충정로2가, 골든타워빌딩) 14층 1415~16호", ,,"화물운송 중개, 대리 및 관련 서비스업",1995-11-01,12월
메트로버스 주식회사,metrobus co.kr,메트로버스, ,최윤준,기타법인,110111-3028150,204-81-85916,"서울특별시 중랑구 신내역로 25 (신내동, 중랑권역공영차고지)",http://www.seoulmetro.net,,시내버스 운송업,2004-07-01,12월
명도주식회사,myungdo,명도, ,김동일,기타법인,230111-0361673,552-86-02309,"울산광역시 북구 송도길 35 (효문동, 명도주식회사)", ,,보관 및 창고업,2021-10-29,12월
(주)명량해상케이블카,MYONG RYANG AIR VOYAGER CORP.,명량해상케이블카, ,현경식,기타법인,110111-5891357,532-88-00223,"전라남도 진도군 군내면 만금길 112-31 (녹진리, 전망대)", ,,기타 부정기 여객 육상 운송업,2015-12-10,12월
명산해운(주),"MYUNG SAN SHIPPING CO.,LTD.",명산해운, ,이창섭,기타법인,180111-0535047,602-81-37641,부산광역시 중구 충장대로5번길 63-1 (중앙동4가) 오션빌딩8층, ,,해상 운송업,2005-11-01,12월
명성운수 주식회사,HYUNGSUNG TRANSPORTAION L.T.D,명성운수, ,서창호,기타법인,114711-0000858,128-81-01136,경기도 고양시 일산구 대화동 1478번지, ,,시내버스 운송업,1977-07-01,12월
(주)명신,"Myungsin Co.,Ltd",명신, ,정진석,기타법인,120111-0180604,139-81-39044,인천광역시 남동구 호구포로120번길 67 (고잔동), ,,"화물 포장, 검수 및 계량 서비스업",1998-12-02,12월
명신해운주식회사,MyungShin Shipping Co Ltd,명신해운, ,이홍주,기타법인,230111-0096311,610-81-66661,"울산광역시 남구 돋질로 423 (삼산동, 동심빌딩 3층)", ,,해상 운송업,2003-06-09,12월
(주)명인물류,"MYUNG IN LOGISTICS Co.,Ltd",명인물류, ,한상경,기타법인,110111-6790813,538-87-01091,"서울특별시 강남구 선릉로 704 (청담동, 청담빌딩), 1동 10층 1012호 비즈인강남구청역 비즈니스센터", ,,일반 창고업,2018-07-03,12월
주식회사 명일,"MYUNGIL Co., Ltd.",명일, ,박명식,기타법인,130111-0022359,124-81-21028,경기도 수원시 팔달구 효원로265번길 35 (인계동) 5층,www.milc.co.kr,,그 외 기타 운송관련 서비스업,1993-07-01,12월
명일로지스(주),myeongil gis,명일로지스, ,차재옥,기타법인,131311-0152325,603-81-90367,"경기도 용인시 기흥구 동백죽전대로 201-9 (중동, 조일물류)", ,,일반 화물자동차 운송업,2015-07-28,12월
명일물류 주식회사,"Myoungil Logistics Co.,Ltd.",명일물류, ,이명복,기타법인,110111-1072381,135-81-14134,경기도 하남시 춘궁동 303-39 엠아이빌딩 3층 명일물류(주),www.myoungil.com,,보관 및 창고업,1994-11-14,12월
명진교통주식회사,myungjin corporation,명진교통, ,"이상기, 민경덕",기타법인,120111-0949539,320-88-01013,"인천광역시 서구 보도진로54번길 18 (가좌동), 2층", ,,시내버스 운송업,2018-08-01,12월
(주)명진로직스,MyungJin Logics,명진로직스, ,남기헌,기타법인,135811-0134246,135-81-89329,경기도 이천시 호법면 중부대로 797-37 (안평리), ,,일반 창고업,2007-01-02,12월
명진선박(주),"MYUNG JIN SHIPPING CO.,LTD.",명진선박, ,조찬섭,기타법인,180111-0261725,603-81-35710,부산광역시 사하구 신평2동 590-12 명진빌딩801, ,,내항 화물 운송업,1998-07-31,12월
모건로지스틱스 주식회사,"MOGUN LOGISTICS CO.,LTD.",모건로지스틱스, ,"감동기, 배준성",기타법인,284911-0249449,456-81-02141,경기도 파주시 월롱면 엘지로360번길 148-26 (덕은리), ,,일반 창고업,2021-05-25,12월
주식회사 모덱스,MODEX Corporation,모덱스, ,이형규,기타법인,230111-0189158,610-86-13155,울산광역시 남구 부두로 265 (여천동), ,,일반 창고업,2012-03-15,03월
주식회사 모든,THE MODERN CORPORATION,모든, ,류상훈 외 1 명,기타법인,180111-0017673,603-81-01317,부산광역시 사하구 감천항로291번길 23 (구평동),해당사항없음,,냉장 및 냉동 창고업,1973-02-13,12월
주식회사모락스,MOLAX LINE Ltd,모락스, ,이도희,기타법인,110111-0536437,104-81-27085,서울특별시 중구 소공동 91-1 센타빌딩 1403호,www.molax.co.kr,,항공 및 육상 화물 취급업,1987-07-02,12월
모리슨익스프레스코리아(주),Morrison Express Corp. (Korea) Ltd.,모리슨익스프레스코리아, ,장패림,기타법인,110111-0867189,105-81-53795,"서울특별시 마포구 마포대로 45 (도화동, 일진빌딩), 4층", ,,그 외 기타 운송관련 서비스업,1992-08-01,12월
(주)모인로지스,"MOIN LOGIS CO.,LTD",모인로지스, ,김소일,기타법인,134511-0078219,135-81-68800,경기도 용인시 처인구 원삼면 맹리 698-71, ,,일반 창고업,2004-02-26,12월
목포신항만,Mokpo New Port Co. Ltd,목포신항만, ,허상범,기타법인,201111-0010994,411-81-17729,전라남도 목포시 신항로294번길 45 (달동),www.mokpoport.com,,항구 및 기타 해상 터미널 운영업,1997-11-24,12월
목포신항만운영(주),"Mokpo Newport Terminal Co., Ltd.",목포신항만운영, ,여종구,기타법인,201111-0029648,411-81-56528,"전라남도 목포시 신항로294번길 45 (달동, 목포신항만운영)", ,,외항 운송업,2009-02-05,12월
목포해상케이블카(주),Mokpo Marine Cable Car Corporation,목포해상케이블카, ,정인채,기타법인,201111-0046866,845-88-00361,"전라남도 목포시 영산로 118 8층 (호남동, KT목포지사)", ,,기타 도시 정기 육상 여객 운송업,2016-06-02,12월
무림로지텍(주),"Moorim Logitech Co., Ltd",무림로지텍, ,김현창,기타법인,110111-1076599,211-86-33099,경기도 광주시 곤지암읍 경충대로 135-26 (신촌리), ,,일반 창고업,1994-09-15,12월
무림통운(주),"Moorim Express Co.,Ltd",무림통운, ,이창덕,기타법인,124311-0007503,130-81-07768,"경기도 평택시 도일유통길 69 (도일동, 무림통운)", ,,일반 화물자동차 운송업,1981-12-14,12월
주식회사 무성페리,MUSUNG FERRY,무성페리, ,이훈,기타법인,230111-0081792,610-81-55446,울산광역시 동구 방어동 1292-2,www.musungferry.com,,외항 여객 운송업,2001-12-21,12월
주식회사 무신사로지스틱스 ,"MUSINSA LOGISTICS Co., Ltd.",무신사로지스틱스, ,이현석,기타법인,134411-0078568,564-88-00744,경기도 여주시 대신면 여양로 1303 (초현리), ,,일반 창고업,2017-11-13,12월
문성국제물류(주),"moonsung intemational loglistis co.,ltd",문성국제물류, ,김진욱,기타법인,120111-0046450,121-81-14080,인천광역시 중구 항동7가93-10,www.msil.co.kr,,창고 및 운송관련 서비스업,1989-04-19,12월
주식회사 문영,"imt incoporation.cd.,ltd",문영, ,정의용,기타법인,180111-0562131,602-81-39974,"부산광역시 해운대구 APEC로 17 (우동, 센텀리더스마크) 3302호",www.imtline.com,,외항 화물 운송업,2001-09-27,12월
주식회사 문은물류,"MOONEUNLOGISTICS co,.Ltd.",문은물류, ,유문성,기타법인,134111-0578738,174-81-02384,경기도 이천시 부발읍 중부대로 2046 고백리 239 번지, ,,일반 창고업,2021-04-17,12월
문학로지스틱스(주),munhak  logistic co. ltd,문학로지스틱스, ,박계자,기타법인,134411-0059211,126-86-75068,"경기도 이천시 호법면 중부대로 755 (안평리, 대영빌딩) 2층", ,,보관 및 창고업,2014-02-27,12월
(주)문화유통북스,Munhwa book distrbution.co,문화유통북스, ,이석표,기타법인,110111-1146152,128-81-22903,경기도 파주시 평화로342번길 120 (검산동),munhwabooks.co.kr,,일반 창고업,1995-04-10,12월
주식회사 물류하랑,harang logistics,물류하랑, ,박성준 한지혜,기타법인,234111-0131410,534-87-02744,경상남도 양산시 하북면 월평1길 25-1 (순지리), ,,냉장 및 냉동 창고업,2022-07-22,12월
(주)미광에너지,"MIKWANG ENERGY CO.,LTD",미광에너지, ,이희화,기타법인,171711-0059111,506-81-50384,경상북도 포항시 남구 오천읍 냉천로 544, ,,물류 터미널 운영업,2005-01-01,12월
미광운수(주),"MIKWANG.CO.,LTD",미광운수, ,정성윤,기타법인,180111-0004711,617-81-00317,부산광역시 수영구 수영동 499-1, ,,택시 운송업,1969-06-05,12월
미동운수(주),midong unsu,미동운수, ,김동현,기타법인,110111-0116552,212-81-05854,서울특별시 강서구 양천로66길 31 (등촌동), ,,택시 운송업,1971-06-15,12월
미래고속(주),"MIRAEJET CO., LTD",미래고속, ,김창중,기타법인,180111-0382240,602-81-22681,부산광역시 중구 중앙동4가 15 3, ,,외항 여객 운송업,2001-10-29,12월
미래교통주식회사,MIRAE,미래교통, ,최우석,기타법인,120111-0421488,122-81-94184,인천광역시 연수구 먼우금로 1 (동춘동), ,,시내버스 운송업,2007-01-10,12월
주식회사미래로물류서비스,Miraero Logistics Service,미래로물류서비스, ,박관용,기타법인,131211-0013660,126-81-54831,"경기도 남양주시 가운로1길 7 301,302호 (다산동, 아인스빌)",www.miraerosv.com,,일반 화물자동차 운송업,2006-06-28,12월
미래로해운(주),"MIRAERO SHIPPING CO., LTD",미래로해운, ,양재욱 채승협,기타법인,110111-2310508,105-86-29397,서울특별시 마포구 도화동 마스터즈타워빌딩, ,,기타 해상 운송업,2001-08-17,12월
(주) 미래해운,miraeshipping,미래해운, ,박성오,기타법인,124611-0277720,121-81-50918,"인천광역시 중구 축항대로118번길 29-19 (항동7가, (주)미래해운)",www.miraehw.com,,수상 화물 취급업,2002-02-18,12월
미래해운(주),"MI RAE SHIPPING CO.,LTD",미래해운, ,김영기,기타법인,180111-0429167,605-81-57025,부산광역시 동구 초량동 선경빌딩 203 (중앙대로180번길 16-6), ,,외항 화물 운송업,2002-11-14,12월
미쓰이소꼬코리아(주),"MITSUI-SOKO KOREA CO.,LTD.",미쓰이소꼬코리아, ,고한성,기타법인,110111-0534134,202-81-36122,"서울특별시 중구 남대문로10길 9 (삼각동, 경기빌딩)",www.mitsui-soko.co.kr,,창고 및 운송관련 서비스업,1987-06-17,12월
주식회사 미앤산스,mns,미앤산스, ,이교정,기타법인,131211-0062609,316-87-02511,경기도 여주시 가남읍 가남로 443 (양귀리), ,,일반 창고업,2022-03-30,12월
(주)미창,michang,미창, ,이종호,기타법인,230111-0082279,610-81-55859,"울산광역시 남구 장생포로 51 (여천동, (주)미창)  2층", ,,일반 화물자동차 운송업,2002-01-04,12월
미추홀교통주식회사,MICHUHOL,미추홀교통, ,"신기범, 김헌주",기타법인,120111-0309890,137-81-52833,인천광역시 중구 연안부두로53번길 4 (항동7가),icsunjin@naver.com,,시내버스 운송업,2003-03-01,12월
(주)미포쉬핑,"MIPO SHIPPING CO.,LTD",미포쉬핑, ,박유찬,기타법인,110111-1437783,105-81-88033,서울특별시 중구 남대문로4가 17-7 동성빌딩 5층, ,,외항 화물 운송업,1997-07-09,12월
미화물류주식회사,MIHWA LOGISTICS,미화물류, ,홍종곤,기타법인,230111-0072014,610-81-47359,울산광역시 남구 신여천로35번길 51 (여천동), ,,일반 화물자동차 운송업,2001-01-11,12월
바다해운주식회사,BADASHIPPING.INC,바다해운, ,박송식,기타법인,230111-0237428,756-81-00058,"울산광역시 남구 장생포고래로 249 (매암동, 한양아이클래스) 1403호", ,,기타 내륙 수상 여객 및 화물 운송업,2015-04-06,12월
(주)바로스,"BAROS,Inc",바로스, ,고승길,기타법인,134611-0009866,125-81-24144,경기도 안성시 공도읍 서동대로 4279,www.baros.co.kr/,,그 외 기타 운송관련 서비스업,1997-11-01,12월
주식회사 바론,baron,바론, ,조윤진,기타법인,134511-0254562,862-87-00020,경기도 용인시 수지구 고기로45번길 54 (동천동)3층, ,,냉장 및 냉동 창고업,2015-02-27,12월
바롬항공(주),baromair,바롬항공, ,김광현,기타법인,110111-1847552,105-86-06472,서울특별시 강서구 화곡로66길 58 (등촌동), ,www.baromair.com,그 외 기타 운송관련 서비스업,2000-01-10,12월
주식회사 바스,"bas Co.,Ltd",바스, ,이명수,기타법인,180111-1505130,698-81-02992,"부산광역시 강서구 공항진입로 108 (대저2동), 김해국제공항 국내선 3층", ,,기타 항공 운송지원 서비스업,2023-05-11,12월
바이넥스(주),BYNEX,바이넥스, ,채제두,기타법인,161211-0044552,367-88-01370,경기도 안성시 샛터길 40 (발화동), ,,냉장 및 냉동 창고업,2019-07-01,12월
주식회사 바이오로지스,"Biologis Co., Ltd.",바이오로지스, ,정태희,기타법인,110111-9062459,747-81-03556,서울특별시 서초구 강남대로10길 13 501호 (양재동), ,,일반 창고업,2024-09-25,12월
주식회사바이펙스,"BIPEX Co., Ltd.",바이펙스, ,조우현,기타법인,180111-0557752,621-81-67165,부산광역시 금정구 중앙대로 1817 (구서동), ,,그 외 기타 운송관련 서비스업,2006-06-01,12월
반도통운(주),"bandotp co.,ltd",반도통운, ,박필남,기타법인,171111-0001403,508-81-01123,경상북도 안동시 풍산읍 경서로 4519 (노리), ,,일반 화물자동차 운송업,1986-02-01,12월
반얀로지스틱스(주),"WOOJININTERLOGIS, INC.",반얀로지스틱스, ,최장복,기타법인,110111-6964509,194-88-01205,"서울특별시 강서구 공항대로 227 (마곡동, 마곡센트럴타워1) 311~314호", ,,"화물운송 중개, 대리 및 관련 서비스업",2018-12-24,12월
주식회사 발해물류,"BALHAI LOGISTICS CO.,LTD.",발해물류, ,김양명,기타법인,110111-1652844,104-81-45254,서울특별시 중구 남대문로5가 21-1 신남문빌딩, ,,그 외 기타 운송관련 서비스업,1999-03-02,12월
(주)백두에스앤티,BACKDOO LOGISTICS,백두에스앤티, ,변진환,기타법인,170111-0315136,514-81-59009,대구광역시 달성군 하빈면 봉촌리 1011-4, ,,일반 화물자동차 운송업,2006-09-01,12월
(주)백마종합물류,"Baeg Ma Logistics co., ltd",백마종합물류, ,한동석,기타법인,180111-0354736,606-81-66755,"인천광역시 중구 공항동로296번길 97-49 (운서동, 인천국제공항자유무역지역)", ,,일반 화물자동차 운송업,2001-01-03,12월
백성운수(주),Baekseongwoonsu,백성운수, ,"양욱모, 양수지",기타법인,134611-0002323,125-81-05297,경기도 안성시 금석길 14 (당왕동), ,,시내버스 운송업,1988-07-30,12월
(주)백스글로벌,BAX GLOBAL-KOREA,백스글로벌, ,이우종,기타법인,110111-1495179,105-81-90728,서울특별시 마포구 합정동 373-4 성지빌딩 4층,www.baxglobal.com,,그 외 기타 운송관련 서비스업,1997-12-16,12월
백양터널 유한회사,Baekyang Tunnel Ltd.,백양터널, ,김호윤,기타법인,180114-0007173,606-81-63743,"부산광역시 사상구 모라로 199 (모라동, 백양터널사업소)",www.bytl-bs.com,,도로 및 관련시설 운영업,2000-11-16,12월
(주)백제운수,baekje,백제운수, ,유규상,기타법인,110111-0295710,117-81-02682,서울특별시 강서구 공항대로 96-16 (공항동),www.taxiservce.co.kr,,육상 여객 운송업,1981-07-01,12월
번창운수주식회사,"BUNCHANG TRANSPORTATION CO.,LTD",번창운수, ,김윤기,기타법인,110111-0968739,217-81-07124,서울특별시 노원구 월계2동 800, ,,시내버스 운송업,1993-11-10,12월
(주)범아로지텍,Panasia Logitech,범아로지텍, ,손은희,기타법인,161511-0191878,226-81-52225,"서울특별시 강남구 논현로18길 10-20 5층 (개포동, 비케이빌딩)", ,,냉장 및 냉동 창고업,2016-01-06,12월
(주)범아비즈플랫폼,"Panasia BizPlatform., Ltd.",범아비즈플랫폼, ,이영만,기타법인,131111-0285344,129-86-61995,"서울특별시 강남구 논현로18길 10-20 (개포동, BK빌딩) 5층",www.pacorp.co.kr,,일반 창고업,2011-06-16,12월
(주)범아상사,PAN ASIA SERVICE COMPANY,범아상사, ,윤상호,기타법인,180111-0257708,601-81-33507,부산광역시 중구 중앙대로 87 (중앙동4가) 동아일보사 7층,pasc.co.kr,,"화물 포장, 검수 및 계량 서비스업",1998-07-01,12월
범아항운 주식회사,"pan asia transportation co.,ltd",범아항운, ,공석,기타법인,180111-0371235,602-81-21815,부산광역시 중구 중앙대로 79-1 (중앙동4가) 아름빌딩2층,489,,항공 운송업,2001-07-27,12월
범영해운(주),"BUM YOUNG SHIPPING CO.,LTD",범영해운, ,이기탁,기타법인,180111-0491851,605-81-67445,부산광역시 동구 초량3동 1196-2 금호빌딩 202호, ,,내항 화물 운송업,2004-07-29,12월
범영훼리주식회사,"PAN KOREA YINGKOU FERRY CO.,LTD",범영훼리, ,"왕펑, 쑹쩐이",기타법인,110111-2668767,101-81-89855,"인천광역시 연수구 국제항만대로326번길 57 (송도동, 인천항국제여객터미널) 340호",www.yingkouferry.com,,외항 화물 운송업,2002-12-07,12월
범일운수(주),"BUMIL Traffic Service Co., Ltd.",범일운수, ,문철수,기타법인,110111-0024599,119-81-06495,서울특별시 금천구 시흥동 271-51,www.bumilbus.co.kr,,시내버스 운송업,1970-05-30,12월
범주해운주식회사,"Pan Continental Shipping Co., Ltd.",범주해운, ,이상복,기타법인,110111-0108533,220-81-09851,"서울특별시 강남구 테헤란로8길 8 (역삼동, 동주빌딩)",www.pancon.co.kr,,외항 화물 운송업,1969-09-22,12월
범진상운(주),PANSTAR,범진상운, ,정영섭,기타법인,180111-0042323,601-81-11046,"부산광역시 중구 충장대로9번길 66 (중앙동4가, 한국선원센터) 9층", ,,내항 화물 운송업,1982-03-12,12월
(주)범한상선,Pan Korea Line.Corporation,범한상선, ,백성호,기타법인,110111-0839493,101-81-24226,서울특별시 종로구 안국동175-87,seoul@pankorealine.co.kr,,외항 화물 운송업,2002-03-03,12월
베가해운(주),"VEGA SHIPPING CO.,LTD.",베가해운, ,김정원,기타법인,180111-1018521,898-88-00327,"부산광역시 동구 중앙대로180번길 13 609호(초량동, 오피스텔프레지던트)",vegash1@naver.com,,내항 화물 운송업,2016-02-01,12월
(주)베레니스,Berenice,베레니스, ,김재훈,기타법인,110111-8226387,701-88-02297,"서울특별시 서초구 언남20길 20 (양재동, 송원빌딩) 304호", ,,일반 창고업,2022-03-15,12월
(주)베리티비티,berryTBT,베리티비티, ,김성균,기타법인,120111-0007436,121-81-05956,경기도 용인시 수지구 동천동 325-230, ,,수상 화물 취급업,1979-02-13,12월
베스타해운(주),"VESTA SHIPPING CO.,LTD.",베스타해운, ,신현태,기타법인,180111-0456813,605-81-61873,부산광역시 동구 초량1동 1211-7 DK빌딩 12-1, ,,외항 화물 운송업,2003-08-08,12월
베스트렌트카(주),bestrentcar,베스트렌트카, ,김동우,기타법인,150111-0096433,301-81-90501,경기도 하남시 감이동 359-1 번지, ,,창고 및 운송관련 서비스업,2008-05-08,12월
주식회사 베스트로지스,BESTLOGIS CORPORATION,베스트로지스, ,여권기,기타법인,134811-0671744,844-86-02213,경기도 오산시 가장산업서로 70 2층 201호(가장동), ,,창고 및 운송관련 서비스업,2022-02-26,12월
주식회사 베스트로지스,BESTLOGIS.Ltd,베스트로지스, ,김진혁,기타법인,161511-0347629,177-81-03058,"충청남도 천안시 서북구 봉정로 116 (성정동, 성정빌딩), 328호", ,,그 외 기타 분류 안된 운송 관련 서비스업,2023-10-23,12월
(주) 베스트웨이로지스틱스 ,"BESTWAYLOGISTICS.,CO.LTD",베스트웨이로지스틱스, ,양영원 심광훈 (각자대표),기타법인,110111-6244399,357-81-00720,"서울특별시 마포구 마포대로 86 (도화동, 창강빌딩) 712호",www.포워딩 net,,"화물운송 중개, 대리 및 관련 서비스업",2017-01-24,12월
주식회사 베스틱,-,베스틱, ,김효수,기타법인,230111-0233442,620-81-56971,울산광역시 북구 모듈화산업로 14 (효문동),-,,그 외 기타 운송관련 서비스업,2015-01-12,12월
베이지박스원 주식회사,BEIGBOXONE,베이지박스원, ,김훈,기타법인,110111-7420849,875-88-01487,서울특별시 서초구 반포대로 53 7층 (서초동), ,,일반 창고업,2020-03-10,12월
주식회사 베이지박스투,beigeboxtwo,베이지박스투, ,김훈,기타법인,131211-0041265,363-88-00063,경기도 용인시 기흥구 고매로43번길 1 베이지박스투 냉동창고(공세동), ,,일반 창고업,2015-06-04,12월
베이지원 주식회사,BEIGEONE,베이지원, ,김훈,기타법인,110111-7250478,503-88-01506,서울특별시 서초구 반포대로 53 4층(서초동), ,,일반 창고업,2019-10-04,12월
(주)벡스로직스,"BEX LOGIXCO., LTD.",벡스로직스, ,백종욱,기타법인,110111-4855841,107-87-70598,"서울특별시 영등포구 양평로21가길 19 (양평동5가, 선유도우림라이온스밸리B) 411호", ,,기타 운송관련 서비스업,2012-05-01,12월
주식회사 벤마로지스,"BENMA LOGISTICS CO., LTD",벤마로지스, ,강창주,기타법인,110111-7910543,256-81-02459,"서울특별시 종로구 새문안로5길 19 1108호 (당주동, 로얄빌딩)", ,,"화물운송 중개, 대리 및 관련 서비스업",2021-06-08,12월
(주)벨류코퍼레이션,Value Corporation,벨류코퍼레이션, ,홍경표,기타법인,110111-7936979,673-87-01943,"서울특별시 강남구 학동로 215 5층 507호(논현동, 씨엘타워)", ,,보관 및 창고업,2021-09-10,12월
주식회사 보고라인,"BOGO LINE CO.,LTD",보고라인, ,최재주,기타법인,110111-1388803,105-81-85943,서울특별시 종로구 내수동 75 용비어천가 734호,www.bogoline.co.kr,,외항 화물 운송업,1997-03-13,12월
보고선박(주),"BOGO MARITIME CO., LTD>",보고선박, ,정재북,기타법인,195411-0021001,613-81-60399,경상남도 사천시 남일로 135-1 (향촌동), ,,기타 내륙 수상 여객 및 화물 운송업,2011-04-21,12월
보고씨엔에스 주식회사,"BOGO CNS CO.,LTD",보고씨엔에스, ,최정수,기타법인,180111-0726498,603-81-75463,경상남도 창원시 진해구 신항3로 22,www.bogolgs.com,,일반 창고업,2010-08-13,12월
보고예선(주),"BoGo Shipping Co., Ltd",보고예선, ,정재북,기타법인,195411-0013975,613-81-44012,경상남도 사천시 벌리동 1 ~55, ,,기타 해상 운송업,2008-11-17,12월
보고해운(주),"BOGO SHIPPING CO.,LTD",보고해운, ,김성준,기타법인,180111-0861343,605-86-21667,"부산광역시 동구 중앙대로 176 506호 (초량동,대한통운빌딩)", ,,외항 화물 운송업,2013-05-21,12월
보광교통(주),BOGWANG,보광교통, ,"이경동, 이준석",기타법인,110111-0045959,110-81-35033,서울특별시 은평구 수색로24길 19 1층(수색동), ,,시내버스 운송업,1962-02-01,12월
보광운수(주),bogwang transportatin,보광운수, ,"이경동, 이준석",기타법인,110111-5760461,177-81-00124,"서울특별시 은평구 수색로24길 19 (수색동, 시내버스공영차고지)", ,,시내버스 운송업,2015-07-01,12월
보광해운(주),"BOKWANG SHIPPING CO.,LTD",보광해운, ,허광수,기타법인,110111-5140449,206-86-78037,"서울특별시 중구 삼일대로 363 2215호 (장교동, 장교빌딩)", ,,외항 화물 운송업,2013-05-22,12월
(주)보닉스,BONEX SHIPPING CORP.,보닉스, ,김영효,기타법인,110111-0735930,104-81-25184,서울특별시 종로구 서린동 88번지 서린빌딩 14층,www.bonex.co.kr,,그 외 기타 운송관련 서비스업,1990-12-11,12월
주식회사 보람로직스,Boram Logics ,보람로직스, ,강재천,기타법인,180111-1360641,628-86-01932,"경상남도 창원시 진해구 신항8로 14 (남문동, SHI)", ,,보관 및 창고업,2021-05-10,12월
보령쉬핑(주),"Boryung Shipping,.co.ltd",보령쉬핑, ,"서완봉, 서범석",기타법인,164511-0023317,313-81-32052,충청남도 보령시 대천방조제로 47 (대천동),-,,기타 내륙 수상 여객 및 화물 운송업,2014-06-10,12월
보령종합터미널(주),"boryeong terminal co.,ltd",보령종합터미널, ,강희완,기타법인,160111-0155807,314-81-58278,충청남도 보령시 궁촌동 347번지 2호,-,,여객 자동차 터미널 운영업,2003-04-10,12월
보림티엔엘,BORIM TNL ,보림티엔엘, ,이주헌,기타법인,110111-0772932,105-81-47051,"서울특별시 마포구 독막로 101 3층 (상수동, BR엘리텔)", ,,통관 대리 및 관련서비스업,1991-05-01,12월
보배해운(주),"BOBAE SHIPPING CO.,LTD.",보배해운, ,유승동,기타법인,110111-2692295,101-81-90935,서울특별시 종로구 적선동 적선현대빌딩 505호, ,,외항 화물 운송업,2003-01-13,12월
주식회사 보성,BOSUNG CO. LTD,보성, ,최성식,기타법인,184511-0017556,621-81-28518,"경상남도 양산시 어실로 461-1 (어곡동, (주)보성)",www.bosungwarehouse.co.kr,,일반 창고업,1997-10-15,01월
보성신항물류(주),"BOSUNG NEWPORT LOGISTICS CO.,LTD.",보성신항물류, ,최성식,기타법인,234111-0091086,899-86-00665,"경상남도 양산시 어실로 461-1 (어곡동, (주)보성)", ,,일반 창고업,2016-12-15,12월
보성여객자동차주식회사,"Bosung Transportation Co., Ltd.",보성여객자동차, ,조종윤,기타법인,161511-0001093,312-81-02050,"충청남도 천안시 서북구 부대중앙길 24 (부대동, 보성여객자동차(주))", ,,시내버스 운송업,1980-02-01,12월
보성운수 주식회사,BO SUNG,보성운수, ,조장원,기타법인,110111-0115603,113-81-08587,서울특별시 구로구 구로동 145-17, ,,시내버스 운송업,1971-06-01,12월
보성해상개발 주식회사,"Bosung Marine Transporter Co., Ltd.",보성해상개발, ,김구용,기타법인,181211-0044699,610-81-29157,울산광역시 남구 장생포동 335-21 3층, ,,기타 해상 운송업,1997-06-04,12월
주식회사 보양사,BOYANG LTD.,보양사, ,"김옥정, 김일호",기타법인,180111-0096825,603-81-29557,"서울특별시 강남구 영동대로 511 (삼성동, 트레이드타워)3604", ,,외항 화물 운송업,1990-03-12,12월
주식회사 보 양 사,BOYANG LTD,보양사, ,김옥정,기타법인,110111-0195192,220-81-12429,서울특별시 강남구 역삼동 822-4, ,,외항 화물 운송업,1976-04-28,12월
보양해운(주),"BOYANG SHIPPING CO., LTD",보양해운, ,최치현,기타법인,110111-2711558,214-87-28156,서울특별시 종로구 신문로1가 광화문오피시아 1204호, ,,외항 화물 운송업,2003-02-08,12월
보영운수주식회사,bo young trans.co,보영운수, ,신보영,기타법인,134111-0005963,123-81-06591,경기도 안양시 만안구 안양동 산 66-9, ,,시내버스 운송업,1979-12-31,12월
보영운수(주),boyoung,보영운수, ,류진연,기타법인,110111-0033037,119-81-06947,경기도 광명시 범안로 966, ,,시내버스 운송업,1970-10-02,12월
보트랜스 주식회사,botrans,보트랜스, ,황일순,기타법인,134211-0049852,126-81-61481,경기도 이천시 마장면 이장로311번길 91 (장암리)411호,경기 파주시 방촌로,,개인 화물자동차 운송업,2022-04-01,12월
주식회사 보해오션,"Bohae Ocean Co., Ltd.",보해오션, ,문용석,기타법인,180111-0885765,602-81-63213,부산광역시 중구 충장대로13번길 61 (중앙동4가) 한미해상빌딩 701호, ,,기타 해상 운송업,2013-11-13,12월
주식회사 볼드나인,"BOLD9 Co.,Ltd.",볼드나인, ,박용석,기타법인,124411-0223264,766-87-01212,경기도 김포시 대곶면 대곶북로 291 주식회사 볼드나인(송마리),www.bold-9.com/,,보관 및 창고업,2018-11-15,12월
주식회사 봉암물류,BONGAM LOGISTIC INC.,봉암물류, ,조효증,기타법인,284911-0058486,141-81-05697,경기도 파주시 파주읍 봉암리 509-9, ,,일반 창고업,2006-04-06,12월
부관훼리주식회사,"PU KWAN FERRY CO., LTD.",부관훼리, ,한도용,기타법인,180111-0005511,601-81-03401,부산광역시 중구 중앙동 4가 15번지,www. pukwan.co.kr,,외항 여객 운송업,1969-08-31,03월
주식회사 부광물산,"Bukwang co.,ltd",부광물산, ,김기호,기타법인,134411-0063113,126-86-79803,경기도 이천시 모가면 마국산로 20 (진가리), ,,기타 보관 및 창고업,2014-12-04,12월
부광해운(주),"BOO KWANG SHIPPING CO.,LTD",부광해운, ,이정만,기타법인,180111-0400753,605-81-51716,부산광역시 동구 초량동 1212-4 영동빌딩 503,-,,외항 화물 운송업,2002-03-18,12월
(주)부국물산,"bu kuk co., LTD.",부국물산, ,김형승,기타법인,134411-0064781,609-88-00066,경기도 이천시 대월면 대월로 627-59 (구시리), ,,일반 창고업,2015-09-10,06월
부국해운(주),"BK SHIPPING CO., LTD.",부국해운, ,최재원,기타법인,110111-3970004,104-86-17336,"서울특별시 중구 삼일대로 363 (장교동, 장교빌딩) 1507", ,,외항 화물 운송업,2010-07-06,12월
주식회사 부림로직스,"Burim Logix Co., Ltd.",부림로직스, ,"김미경, 이중근",기타법인,180111-0597617,603-81-65999,부산광역시 동래구 온천동 1163, ,,보관 및 창고업,2007-06-27,12월
부산-김해경전철(주),"Busan-Gimhae Light Rail Transit  Co,. Ltd.",부산-김해경전철, ,"권육상, 김성일",기타법인,195511-0061857,615-81-30644,경상남도 김해시 생림대로 38 부산김해경전철 차량기지 관리동 3층,www.bglrt.com,,도시철도 운송업,2003-01-13,12월
부산3부두운영(주),BUSAN TUREE PIER OPERATON COMPANY,부산3부두운영, ,이상룡,기타법인,180111-0289933,604-81-40744,부산광역시 동구 초량동 1185-1, ,,일반 창고업,1999-06-10,04월
부산감만컨테이너터미널주식회사,BGCT,부산감만컨테이너터미널, ,서정윤,기타법인,180111-0560234,617-81-61876,부산광역시 남구 북항로 141, ,,항구 및 기타 해상 터미널 운영업,2006-06-29,12월
부산교통주식회사,Busantransport.Co.,부산교통, ,조옥환,기타법인,191111-0000253,613-81-00090,경상남도 진주시 진양호로 436 (인사동),www.businfo.co.kr,,시외버스 운송업,1963-08-01,12월
부산교통공사,Busan Transportation Corporation,부산교통공사, ,박종흠,기타법인,184171-0004935,605-82-09189,부산광역시 부산진구 중앙대로644번길 20,humetro.busan.kr/,,도시철도 운송업,2006-01-01,12월
부산글로벌물류센터 주식회사,"BUSAN GLOBAL DISTRIBUTION CENTER CO.,LTD.",부산글로벌물류센터, ,김기업,기타법인,180111-0669143,617-81-77209,경상남도 창원시 진해구 신항4로 15-77 (용원동),www.bgdc.co.kr,,일반 창고업,2009-04-22,12월
부산김해경전철운영주식회사,"Busan-Gimhae Light Rail Transit Operation Co., Ltd.",부산김해경전철운영, ,고영환,기타법인,195511-0124415,615-81-74749,경상남도 김해시 생림대로 38 부산김해경전철운영(주),www.bngmetro.co.kr,,도시철도 운송업,2010-02-02,12월
주식회사 부산냉장,"BUSANCOLD STORAGE CO.,LTD",부산냉장, ,김태우,기타법인,180111-1255850,327-81-01505,부산광역시 사하구 원양로 328 (감천동), ,,냉장 및 냉동 창고업,2020-01-01,12월
(주)부산도선,"Busan Pilot Co., Ltd.",부산도선, ,최상문,기타법인,180111-1131034,748-81-00983,부산광역시 중구 충장대로 24 201호(중앙동4가), ,,기타 수상 운송지원 서비스업,2017-12-20,12월
부산로지스틱스,busan logistics,부산로지스틱스, ,배재일,기타법인,180111-1065019,456-81-00589,부산광역시 서구 원양로 105 (암남동)원양프라자 902호, ,,일반 화물자동차 운송업,2016-12-01,12월
부산마린앤오일(주),Busan Marine & Oil Corporation,부산마린앤오일, ,정국위,기타법인,180111-0745810,617-81-89103,"부산광역시 중구 충장대로9번길 46 (중앙동4가, 한진해운빌딩)", ,,보관 및 창고업,2011-01-28,12월
부산물류터미널(주),BLTC,부산물류터미널, ,황철호,기타법인,180111-0105288,606-81-50573,부산광역시 강서구 녹산산업북로 119 부산물류터미널(주)(송정동),www.pftc.co.kr,,물류 터미널 운영업,1990-11-15,12월
주식회사 부산버스환승터미널,busan bus joint transfer terminal,부산버스환승터미널, ,박정제,기타법인,180111-0698168,603-81-73621,부산광역시 사하구 장평로 22 (장림동) 부산버스환승터미널, ,,기타 운송관련 서비스업,2009-12-24,12월
(주)부산블루코스트,CHUNGWOON Development Company,부산블루코스트, ,허필식,기타법인,180111-0910976,312-86-66331,부산광역시 남구 이기대공원로 57-170 (용호동), ,,그 외 기타 분류 안된 운송 관련 서비스업,2014-04-28,12월
부산신항CFS(주),BUSAN NEWPORT CFS CORP.,부산신항CFS, ,김인호,기타법인,180111-0540640,606-81-95056,부산광역시 강서구 성북동 1490, ,,그 외 기타 운송관련 서비스업,2005-12-21,12월
부산신항국제터미널(주),Pusan Newport International Terminal,부산신항국제터미널, ,"이석, 임형구",기타법인,180111-0689852,617-81-80136,"부산광역시 강서구 신항남로 330 (성북동, 부산신항국제터미널(주))",www.pnitl.com,,수상 화물 취급업,2009-10-08,12월
부산신항다목적터미널(주),Busan Multipurpose Terminal Company,부산신항다목적터미널, ,"공동대표이사 김인수, 김수득",기타법인,180111-0290237,617-81-24677,부산광역시 강서구 신항남로 416 부산광역시 강서구 신항남로 416, ,,항구 및 기타 해상 터미널 운영업,1999-06-11,12월
(주)부산신항로지텍,"BUSAN NEW PORT LOGITECH CO.,LTD.",부산신항로지텍, ,박칠성,기타법인,180111-0739235,605-86-03636,부산광역시 강서구 성북동 1499번지, ,,창고 및 운송관련 서비스업,2010-12-28,12월
부산신항만주식회사,"Pusan Newport Co.,Ltd",부산신항만, ,김명후,기타법인,110111-1460354,120-81-75973,"부산광역시 강서구 신항남로 372 (성북동, 부산신항만(주))",www.pncport.com,,내항 화물 운송업,1997-09-05,12월
부산신항제이배후도로(주),"Busan New Port The 2nd Rear Road Co,.Ltd.",부산신항제이배후도로, ,박기원,기타법인,110111-3851410,201-86-05882,경상남도 창원시 진해구 대장로163번길 21-7 (소사동), ,,도로 및 관련시설 운영업,2008-03-03,12월
부산양곡터미널 주식회사,"BUSAN GRAIN  TERMINAL CO.,LTD.",부산양곡터미널, ,윤왕석,기타법인,180111-1592848,665-87-03372,"부산광역시 동구 충장대로 314 관리동 1층(좌천동, 고려사일로주식회사)", ,,수상 화물 취급업,2024-12-06,12월
부산여객자동차(주),BUSAN BUS SERVICE,부산여객자동차, ,서석순,기타법인,180111-0005743,618-81-00756,"부산광역시 기장군 기장읍 기장대로 313 (청강리, 동부산시내버스공영차고지) 3층", ,,시내버스 운송업,1996-06-01,12월
부산울산고속도로(주),Busan-Ulsan Expressway Co. Ltd.,부산울산고속도로, ,채철표,기타법인,131111-0163300,129-81-97052,울산광역시 울주군 온양읍 광청로 796-66 부산울산고속도로, ,,도로 및 관련시설 운영업,2006-05-04,12월
부산유조선주식회사,"PUSAN TANKER CO.,LTD",부산유조선, ,이우근,기타법인,180111-0010742,601-81-08065,부산광역시 중구 중앙동3가1번지 부산우체국12층, ,,외항 화물 운송업,1961-07-24,12월
(주)부산은성관광,EUNSEONG TRAVEL,부산은성관광, ,장영둘,기타법인,180111-0443208,621-81-53550,부산광역시 부산진구 범일로 190 (범천동), ,,전세버스 운송업,2003-03-18,12월
부산인터내셔널터미널주식회사,"Busan International Terminal Co., Ltd ",부산인터내셔널터미널, ,정의철,기타법인,180111-0525858,617-81-57071,부산광역시 남구 북항로 105 (감만동),www.bit21.co.kr,,항구 및 기타 해상 터미널 운영업,2005-07-15,12월
부산종합버스터미널(주),"BUSAN CENTRAL BUS TERM,CO,,LTD",부산종합버스터미널, ,박영준,기타법인,180111-0419019,621-81-50820,부산광역시 금정구 중앙대로 2238 (노포동), ,,여객 자동차 터미널 운영업,2002-08-13,12월
부산컨테이너터미널주식회사,Busan Container Terminal Company,부산컨테이너터미널, ,이상식,기타법인,110111-5031648,120-87-92066,부산광역시 강서구 신항남로 588-1 (성북동),www.bct2-4.com,,항구 및 기타 해상 터미널 운영업,2012-12-27,12월
(주)부산크로스독,BUSANCROSSDOCK,부산크로스독, ,이주원,기타법인,180111-0611293,602-81-44007,부산광역시 중구 중앙동4가 유창빌딩 1001,-,,일반 창고업,2007-11-05,12월
부산탱크터미널(주),Busan Tank Terminal.Co.Ltd,부산탱크터미널, ,류상훈 외 1 명,기타법인,180111-0444991,603-81-52776,부산광역시 사하구 감천항로291번길 73 (구평동), ,,일반 창고업,2003-04-02,12월
부산항사부두운영주식회사,"BUSAN PORT PIER4 CO.,LTD",부산항사부두운영, ,"김정수, 김진곤",기타법인,180111-0290047,604-81-41078,부산광역시 동구 초량3동 45-39, ,,일반 창고업,1999-06-10,12월
부산항인력관리 주식회사,Busan Port Resource Supply,부산항인력관리, ,김인수,기타법인,180111-1256064,881-81-01538,"부산광역시 남구 북항로 141 (감만동, 세방) 3층", ,,수상 화물 취급업,2019-12-19,12월
(주)부성고속관광,"Busung Express Tour Co., Ltd.",부성고속관광, ,최수용,기타법인,184511-0013090,621-81-17758,경상남도 양산시 상북면 소석리 138, ,,전세버스 운송업,1997-04-15,12월
부성여객주식회사,"buseong passenger co., ltd.",부성여객, ,김태인,기타법인,120111-0000274,137-81-07959,인천광역시 남동구 수현로 9 (장수동), ,,시내버스 운송업,1972-01-24,12월
주식회사 부신물류,BUSHIN LOGISTICS,부신물류, ,최동원,기타법인,110111-1771280,105-86-03233,서울특별시 마포구 월드컵북로 37 (서교동), ,,농산물 창고업,1999-09-10,12월
부일교통 주식회사,buill transportation co,부일교통, ,민맹호,기타법인,121111-0112846,130-86-16016,경기도 부천시 벌말로 43 (대장동) 대장공용차고지, ,,시내버스 운송업,2005-10-01,12월
부일로지스(주),buillogis.co.ltd,부일로지스, ,김일수,기타법인,110111-0829329,229-81-15122,경기도 수원시 장안구 이목동 728번지 210호,www.buillogis.com,,기타 도로화물 운송업,1992-01-20,12월
부일여객자동차(주),buil   bus,부일여객자동차, ,서현수,기타법인,180111-0036045,618-81-04655,"부산광역시 기장군 기장읍 기장대로 313 (청강리, 동부산시내버스공영차고지) 3층", ,,시내버스 운송업,1980-04-01,12월
(주)부자관광,BUJATOUR,부자관광, ,오기영,기타법인,131311-0072474,125-81-86456,경기도 평택시 청원로 1352 (이충동), ,,전세버스 운송업,2010-02-22,12월
부천버스주식회사,Bucheonbus,부천버스, ,조남순,기타법인,121111-0050608,130-81-50964,경기도 부천시 벌말로 43, ,,육상운송 및 파이프라인 운송업,1996-04-01,12월
(주)부천하이파킹,Bucheon Hi-Parking Co Ltd.,부천하이파킹, ,윤형관,기타법인,121111-0151802,130-86-24097,경기도 부천시 원미구 중동 1129-3, ,,주차장 운영업,2006-11-20,12월
북부운수(주),"BUK-BU TRANSPORTATION. CO., LTD",북부운수, ,최윤준,기타법인,110111-0170649,216-81-01995,"서울특별시 중랑구 면목로 230 (면목동, 북부운수)",해당사항 없음,,시내버스 운송업,1974-09-23,12월
(주)북스빌,booksvill,북스빌, ,조노현,기타법인,115611-0045681,128-81-89277,경기도 파주시 교하읍 다율리 산40-9, ,,일반 창고업,2003-12-11,12월
북항인력관리,NORTH PORT RESOURCES SUPPLY,북항인력관리, ,김인수,기타법인,180111-1256270,604-86-01601,부산광역시 남구 북항로 141 (감만동) 3층 북항인력관리, ,,수상 화물 취급업,2019-12-19,12월
브라이트해운주식회사,"BRIGHT SHIPPING CO.,LTD.",브라이트해운, ,오용균,기타법인,110111-1515323,104-81-43106,서울특별시 마포구 연남동 568-33 충무빌딩 2층,WWW.BRIGHTSHIPPING.CO.KR,,그 외 기타 분류 안된 운송 관련 서비스업,1998-02-23,12월
(주)브리지마린,"BRIDGE MARINE CO., LTD.",브리지마린, ,김진수,기타법인,110111-3041962,101-86-06859,서울특별시 종로구 내수동 경희궁의아침3단지 221호, ,,외항 화물 운송업,2004-07-09,12월
브리콘 주식회사,"BRICON CO.,LTD.",브리콘, ,"이치현, 이은미",기타법인,110111-3937145,104-86-16093,"서울특별시 중구 남대문로 120 (남대문로1가, 대일빌딩) 7층",bricongls.co.kr,,"화물운송 중개, 대리 및 관련 서비스업",2008-07-28,12월
(주)브링스코리아,BRINK'S KOREA LTD.,브링스코리아, ,박철민,기타법인,110111-0546618,105-81-28980,서울특별시 광진구 천호대로 540 (군자동),www.brinks.co.kr,,일반 화물자동차 운송업,1987-10-10,12월
주식회사 브이엠에스,"VMS Co., Ltd.",브이엠에스, ,홍영백,기타법인,135811-0353218,617-87-01230,경기도 평택시 포승읍 석정로 335 (석정리), ,,기타 보관 및 창고업,2018-10-29,12월
(주)블루오션,BLUE OCEAN GROUP,블루오션, ,오선교,기타법인,150111-0093025,301-81-87398,충청북도 청주시 상당구 사직대로361번길 91 (영동), ,,주차장 운영업,2005-12-12,12월
비너스해운(주),"VENUS SHIPPING CO., LTD.",비너스해운, ,이은주,기타법인,110111-7625655,502-88-01842,"서울특별시 강남구 선릉로86길 31 1830호 (대치동, 선릉역롯데골드로즈2)", ,,외항 화물 운송업,2020-09-16,12월
비디피로지스틱스코리아,BDP LOGISTICS KOREA,비디피로지스틱스코리아, ,입힝킨딕,기타법인,110114-0050184,101-86-10391,"서울특별시 마포구 마포대로 45 (도화동, 일진빌딩) 13층", ,,"화물운송 중개, 대리 및 관련 서비스업",2005-01-01,12월
비룡물산주식회사,Beroung,비룡물산, ,이상호,기타법인,134511-0243268,142-81-78193,경기도 용인시 처인구 원삼면 보개원삼로 2051, ,,일반 창고업,2014-10-01,12월
비아이디씨주식회사,BIDC,비아이디씨, ,김창훈,기타법인,180111-0549551,606-81-96394,부산광역시 강서구 신항로 96-72 비아이디씨 주식회사,www.bidc.co.kr,,창고 및 운송관련 서비스업,2006-03-16,12월
(주)비아이해운,"BI Shipping Co., Ltd.",비아이해운, ,성백일,기타법인,110111-3711838,104-86-08986,서울특별시 종로구 인의동 동원회관 12층, ,,외항 화물 운송업,2007-07-04,12월
(주)비앤비인터내셔날,B&B Distribution Center Co..,비앤비인터내셔날, ,양영호,기타법인,131211-0029526,126-86-31809,경기도 여주시 점동면 장여로 545 (원부리), ,,일반 창고업,2010-06-15,12월
주식회사 비앤지,"B&G Co.,Ltd",비앤지, ,권종열,기타법인,131211-0024328,126-86-04957,경기도 여주시 하거3길 61-42 (하거동), ,,일반 창고업,2007-07-18,12월
주식회사 비앤피로지스틱스,"BNP Logistics co.,ltd.",비앤피로지스틱스, ,김인호,기타법인,180111-0785981,605-86-10331,"경상남도 창원시 진해구 신항6로 12 (남문동, (주)비앤피로지스틱스)",www.bnplogistics.co.kr,,일반 창고업,2011-12-13,12월
(주)비앤피주성,B&P JOOSUNG CORP,비앤피주성, ,박진수,기타법인,110111-5058626,104-86-46656,"서울특별시 중구 퇴계로36가길 86 3층(필동2가,주성2빌딩)",jssa.co.kr,,"화물운송 중개, 대리 및 관련 서비스업",2018-02-08,12월
(주)비에스물류,"BS Logistic Co.,Ltd.",비에스물류, ,김락인,기타법인,160111-0484149,696-87-01188,대전광역시 중구 동서대로1304번길 33 2층 (오류동), ,,창고 및 운송관련 서비스업,2018-05-01,12월
비에스쉬핑 주식회사,"BS SHIPPING CO.,LTD",비에스쉬핑, ,김영수,기타법인,206211-0050555,417-81-47556,전라남도 여수시 관문4길 6 (관문동), ,,외항 화물 운송업,2013-12-06,12월
주식회사 비에스코퍼레이션,"BS Corporation  Co.,Ltd",비에스코퍼레이션, ,조병선,기타법인,284111-0415179,776-86-02832,경기도 남양주시 오남읍 양지로 149-78 (오남리), ,,창고 및 운송관련 서비스업,2023-06-15,12월
비에스탱커(주),"BS TANKER.CO.,LTD",비에스탱커, ,김영수,기타법인,206211-0057874,357-81-00303,전라남도 여수시 관문4길 6 (관문동), ,,외항 화물 운송업,2016-02-18,12월
주식회사 비에이치엔,"BHN Co.,Ltd.",비에이치엔, ,홍민표,기타법인,134111-0507646,718-87-01421,경기도 화성시 동탄물류로 48 (신동) 비블럭 지상1층, ,,"화물 포장, 검수 및 계량 서비스업",2018-11-01,12월
비에이치택시주식회사,woori taxi,비에이치택시, ,김병호,기타법인,110111-0016661,107-81-36787,서울특별시 서대문구 응암로 131 (북가좌동), ,,택시 운송업,1947-10-10,03월
주식회사 비엔씨티,BNCT,비엔씨티, ,최득선,기타법인,110111-3546152,120-87-06838,부산광역시 강서구 신항남로 586 (성북동),www.bnctkorea.com,,항구 및 기타 해상 터미널 운영업,2006-10-20,12월
(주)비엔에스로지스틱,BNS LOGISTIC KOREA,비엔에스로지스틱, ,방헌식,기타법인,110111-2579047,109-81-79841,"서울특별시 강서구 양천로 551-24 (가양동, 한화비즈메트로2차) 1510호", ,,기타 항공 운송지원 서비스업,2002-08-15,12월
"주식회사 비엘씨 (BLC Co.,Ltd)","BLC Co.,Ltd","비엘씨(BLCCo.,Ltd)", ,전병준,기타법인,134411-0081529,449-87-01374,경기도 이천시 부발읍 중부대로1928번길 20, ,,일반 창고업,2018-05-04,12월
주식회사 비엘피,"BLP Co. , Ltd.",비엘피, ,홍민표,기타법인,285011-0327094,531-86-00487,경기도 의왕시 장안남북로1길 4 (삼동) 101호, ,,항공 및 육상 화물 취급업,2016-06-22,12월
(주)비엠씨로지스틱스,bmclogistics,비엠씨로지스틱스, ,나은수,기타법인,134811-0471996,210-87-01096,경기도 화성시 동탄대로21길 10 (영천동) 더퍼스트타워1차 2011호,18476,,그 외 기타 운송관련 서비스업,2018-10-19,12월
비오로지스틱스(주),"BO LOGISTICS CO., LTD",비오로지스틱스, ,김선정,기타법인,110111-6409109,203-87-00857,"서울특별시 강서구 공항대로 237 (마곡동, 에이스타워마곡) 1310호", ,,"화물운송 중개, 대리 및 관련 서비스업",2017-05-25,12월
(주)비오티엘,"BOTL CO.,LTD.",비오티엘, ,김인호,기타법인,180111-0648212,605-81-90887,"경상남도 창원시 진해구 신항8로 139 (남문동, DNI로지스틱스)", ,,"화물운송 중개, 대리 및 관련 서비스업",2014-06-19,12월
비전해운주식회사,"VISION SHIPPING CO., LTD.",비전해운, ,황호문,기타법인,110111-2601725,104-81-75006,"서울특별시 중구 퇴계로 97 1603호 (충무로1가, 고려대연각센터빌딩)",www.visionship.co.kr,,그 외 기타 운송관련 서비스업,2002-09-03,12월
비제이로지스틱스주식회사,bumjin logistics.co.ltd,비제이로지스틱스, ,양주열,기타법인,234111-0031842,621-81-53491,경상남도 양산시 물금읍 제방로 225 양산ICD9단지내, ,,일반 창고업,2003-03-13,12월
비제이신항로직스(주),BJNEWPORT ,비제이신항로직스, ,양주열,기타법인,194211-0296609,462-87-01421,경상남도 창원시 진해구 두동남로 67 (두동), ,,보관 및 창고업,2020-03-15,12월
(주) 비지에스 인터내셔날,"BGS INTERNATIONAL CO., LTD",비지에스인터내셔날, ,한민수,기타법인,110111-2015934,104-81-54898,"서울특별시 종로구 율곡로2길 7 (수송동, 서머셋팰리스서울) 314호", ,,외항 화물 운송업,2000-07-04,12월
(주)비지에프네트웍스,BGFnetworks corporation,비지에프네트웍스, ,연정욱,기타법인,110111-4235267,119-86-23709,"서울특별시 광진구 광나루로56길 85 (구의동, 테크노-마트21), 사무동 24층",www.bgfnetworks.com,,"화물운송 중개, 대리 및 관련 서비스업",2009-12-04,12월
(주)비지에프로지스,"BGFlogis Co.,Ltd",비지에프로지스, ,이민재,기타법인,134511-0036845,135-81-34654,"경기도 용인시 기흥구 기흥로 58 비동 1801호. 1809호, 1810호(구갈동, ICT밸리 SK V1)",www.bgflogis.com,,일반 창고업,1999-11-15,12월
(주)비지에프로지스강화,"BGFlogisgangwha CO.,LTD.",비지에프로지스강화, ,김영욱,기타법인,120111-0206583,137-81-24701,인천광역시 강화군 길상면 길상로 197, ,,일반 창고업,1999-11-15,12월
비지에프로지스양주,"BGFlogisyangju Co.,Ltd,",비지에프로지스양주, ,금용섭,기타법인,111511-0045546,127-81-46902,경기도 양주시 백석읍 양주산성로 572번길, ,,택배업,2001-06-01,12월
(주)비지에프로지스팔탄,"BGFlogisPaltan Co.,Ltd.",비지에프로지스팔탄, ,정기철,기타법인,134811-0075079,124-86-00649,"경기도 화성시 팔탄면 시청로721번길 25 (율암리, 주)비지에프로지스팔탄)", ,,일반 창고업,2002-09-17,12월
주식회사 비지에프포스트,"BGFpost. Co., Ltd.",비지에프포스트, ,전태진,기타법인,110111-6247385,869-87-00550,"서울특별시 광진구 광나루로56길 85 24층 5~11호(구의동, 테크노-마트21)",www.cupost.co.kr,,"화물운송 중개, 대리 및 관련 서비스업",2016-12-01,12월
비컨로지스틱스(주),Beacon Logistics,비컨로지스틱스, ,김보겸,기타법인,150111-0076740,301-81-72589,충청북도 청주시 흥덕구 강내면 저산태성로 268-24, ,,"화물 포장, 검수 및 계량 서비스업",2005-08-01,12월
비케이로지텍주식회사,"BK Logitech Co.,Ltd",비케이로지텍, ,김기덕,기타법인,135811-0106451,135-81-73598,경기도 화성시 장안면 포승장안로 768 (장안리), ,,위험물품 보관업,2004-07-01,12월
주식회사 비케이로직스,Ltd. BK logics,비케이로직스, ,김부진,기타법인,230111-0116721,620-81-23844,울산광역시 북구 무룡로 60-8, ,,창고 및 운송관련 서비스업,2005-10-27,12월
비코해운(주),"Viko Shipping.&.Trading.Co.,Ltd",비코해운, ,공외식,기타법인,110111-2164856,101-81-67171,서울특별시 종로구 신문로1가 238 신문로빌딩 6층, ,,외항 화물 운송업,2001-02-08,12월
비투엘물류 주식회사,"BTL LOGISTICS CO.,LTD",비투엘물류, ,"김창호, 최윤범",기타법인,110111-3597783,107-86-86642,"서울특별시 금천구 디지털로9길 47 1301호(가산동, 한신IT타워2차)", ,,"화물운송 중개, 대리 및 관련 서비스업",2007-01-11,12월
(주)비트리플,"B TRIPLE Co., Ltd",비트리플, ,박건태,기타법인,211111-0053695,350-88-01106,전라북도 군산시 자유로 7 (소룡동), ,,일반 창고업,2018-05-18,12월
(주)비티엑스코리아,BTX KOREA,비티엑스코리아, ,박성준,기타법인,110111-1139595,113-81-33183,"서울특별시 금천구 가산디지털2로 95 (가산동, KMTOWER) 1111호",www.btxkorea.com,,기타 육상 운송지원 서비스업,1995-03-21,12월
(주)비피엘파트너스,BPL Partners,비피엘파트너스, ,오봉희,기타법인,131411-0460742,598-87-01507,"경기도 부천시 소사구 양지로 237 950호 (옥길동, 광양프런티어밸리5차지식산업센터)",www.bplp.co.kr,,"화물 포장, 검수 및 계량 서비스업",2020-05-01,12월
빅스타마린 주식회사,"BIG STAR MARINE CO.,LTD",빅스타마린, ,원경희,기타법인,194911-0021127,612-81-33661,경상남도 거제시 장승포동 687 202호, ,,수상 운송업,2009-11-19,12월
빌. 빌헴슨 아사,WILH. WILHELMSEN ASA,빌.빌헴슨아사, ,슈어갈통(Sjur Galtung),기타법인, ,2004-2499,"Strandvn 20, P.O.Box 33, N-124 Lysaker, Norway",www.ww-group.com,,항공 및 육상 화물 취급업,1861-10-01,12월
사조로지스 주식회사 ,"Sajo Logis Co., Ltd",사조로지스, ,김갑주,기타법인,131311-0319800,607-86-21853,경기도 평택시 산단로 263 (칠괴동), ,,그 외 기타 운송관련 서비스업,2024-01-09,12월
(주) 산천물류,SANCHEON LOGISTICS CO. LTD,산천물류, ,황석양,기타법인,134611-0042014,125-81-80807,경기도 안성시 죽산면 걸미로 145-29 (두교리), ,,일반 창고업,2009-05-13,12월
산호교통주식회사,sanhobus,산호교통, ,이기영,기타법인,160111-0005656,306-81-02623,"대전광역시 동구 금산로 471 (구도동, 낭월지구시내버스공영차고지) 산호교통주식회사",sanhobus.com,,시내버스 운송업,1979-07-27,12월
주식회사 살코,"SALVAGE KOREA.CO.,LTD",살코, ,이계택,기타법인,190111-0048808,608-81-49709,경상남도 창원시 마산합포구 해안대로 306 (신포동2가),www.salco.co.kr,,기타 내륙 수상 여객 및 화물 운송업,2002-10-16,12월
삼경운수(주),"SAMKYUNG TRANSPORTATION CO., LTD",삼경운수, ,김기성,기타법인,130111-0003060,124-81-06371,경기도 수원시 권선구 고색동 214-9,-,,시내버스 운송업,1979-11-13,12월
(주)삼광,SAM KWANG,삼광, ,김지헌,기타법인,131411-0528954,175-81-02688,"경기도 안산시 단원구 원포공원1로 70 (초지동, 키즈타워1)", ,,일반 창고업,2022-05-11,12월
삼광교통(주),sam kwang transportation,삼광교통, ,양근호,기타법인,110111-0065189,215-81-07695,서울특별시 송파구 장지동 851 ~863, ,,택시 운송업,1971-01-13,12월
주식회사삼덕로지스,"Samducklogis co.,ltd",삼덕로지스, ,전승훈,기타법인,134811-0278524,135-86-35740,경기도 화성시 장안면 3.1만세로281번길 5-9 (어은리), ,,일반 창고업,2013-08-23,12월
주식회사 삼덕로지스틱스,"Samduck Logistics Co.,Ltd.",삼덕로지스틱스, ,지명원,기타법인,131311-0160112,136-88-00234,경기도 평택시 포승읍 포승공단순환로 537 (원정리),www.sdls.co.kr,,일반 창고업,2016-02-01,12월
(주)삼덕티엘에스,"Samduck  Tecnical Logistics Service co, ltd",삼덕티엘에스, ,"전종훈, 전경훈",기타법인,164811-0028543,312-81-65787,경기도 용인시 기흥구 기흥단지로141번길 46-1 (고매동),stls.co.kr,,그 외 기타 운송관련 서비스업,2003-11-28,12월
삼목해운(주),"SAMMOK SHIPPING CO.,LTD.",삼목해운, ,김재윤,기타법인,110111-0957162,202-81-52869,"서울특별시 중구 삼일대로 363 1503호 (장교동, 장교빌딩)", ,,외항 화물 운송업,1993-07-09,12월
주식회사 삼미지엘에스,SAMMIGLS,삼미지엘에스, ,장성희,기타법인,110111-3870882,209-81-46257,"대전광역시 대덕구 신일동로17번길 5 (신일동, 테크노시티)707호",sammigls.com,,일반 화물자동차 운송업,2008-04-01,12월
삼보후레쉬(주),sambofresh,삼보후레쉬, ,이영수,기타법인,131311-0087283,125-81-79182,경기도 포천시 영중면 금화봉길 326-1 (거사리), ,,일반 화물자동차 운송업,2009-01-09,12월
(주)삼봉,"SAMBONG CO., LTD",삼봉, ,박종원,기타법인,180111-0345157,602-81-19454,"부산광역시 중구 해관로 58 (중앙동4가,삼봉빌딩)", ,,해상 운송업,2000-12-06,12월
삼부해운주식회사,"SAM BU SHIPPING CO., LTD",삼부해운, ,허영환,기타법인,180111-0007260,601-81-01970,"서울특별시 영등포구 여의나루로 71 1306호(여의도동, 동화빌딩)", ,,내항 화물 운송업,1967-10-02,09월
삼삼기업주식회사,"SAMSAM CO.,LTD.",삼삼기업, ,오현균,기타법인,120111-0158700,139-81-34073,인천광역시 서구 북항로245번길 39 (원창동 393-52), ,,일반 창고업,1997-09-10,12월
(주)삼선글로벌,SAMSUN GLOBAL CORPORATION,삼선글로벌, ,송봉용,기타법인,110111-0830631,102-81-29689,"서울특별시 영등포구 선유동1로 22 (당산동2가, 당산주차빌딩) 9층", ,,해상 운송업,1997-02-01,12월
삼선해운주식회사,"Samsun Shipping Co., Ltd.",삼선해운, ,송충원,기타법인,110111-0628010,102-81-24777,서울특별시 종로구 수송동 이마빌딩 5층,없음,,외항 화물 운송업,1970-12-01,12월
(주)삼성냉장,"SAMSUNG COLD STORAGE CO., LTD",삼성냉장, ,엄주택,기타법인,180111-0446848,603-81-52984,부산광역시 사하구 감천동 344-2,-,,냉장 및 냉동 창고업,2003-12-10,12월
(주)삼성냉장물류센터,"Samsung Cold Logistics Co., Ltd.",삼성냉장물류센터, ,엄주택,기타법인,180111-1428267,419-86-02642,부산광역시 강서구 미음국제2로 28 (미음동), ,,보관 및 창고업,2022-03-16,12월
삼성여객(주),samsungbus,삼성여객, ,박진성,기타법인,124611-0259992,122-81-68181,인천광역시 서구 원창로 74 (원창동), ,,시내버스 운송업,2001-09-10,12월
삼성여객주식회사,Samsung Transportation Service Corporation.,삼성여객, ,이준명,기타법인,180111-0015487,607-81-17112,부산광역시 연제구 좌수영로 300 (연산동), ,,시내버스 운송업,1971-06-10,12월
삼성여객자동차주식회사,"SAMSUNGTRANSPORTATION Co., LTD",삼성여객자동차, ,최기섭,기타법인,110111-0066575,106-81-06131,"서울특별시 서초구 양재대로 254 (염곡동, (주)삼성여객)", ,,시내버스 운송업,1966-05-29,12월
삼성전자로지텍(주),"SELC.CO.,LTD",삼성전자로지텍, ,김연성,기타법인,130111-0046797,124-81-55381,"경기도 수원시 영통구 삼성로 290 (원천동, 삼성전자(주)CS아카데미) 2층 삼성전자로지텍(주)",www.selc.co.kr,,그 외 기타 분류 안된 운송 관련 서비스업,1998-04-01,12월
삼성택시자동차(주),SAMSUNG TAXI CAR CO.Ltd,삼성택시자동차, ,김기철,기타법인,170111-0003004,502-81-10153,대구광역시 동구 안심로55길 42 (동호동),053)764-4999,,육상 여객 운송업,1967-01-03,12월
삼성해운주식회사,"SAMSUNG SHIPPING Co, Ltd",삼성해운, ,김만호,기타법인,224111-0006467,616-81-26838,"제주특별자치도 서귀포시 서홍로 146 (서홍동, 삼성해운)", ,,외항 화물 운송업,1999-09-18,12월
(주)삼승종합물류,Samseong,삼승종합물류, ,김현서,기타법인,131211-0024443,126-86-05107,경기도 여주시 가남읍 삼승2길 65, ,,일반 창고업,2007-08-01,12월
삼신교통주식회사,"Samshin Passenger Co., Ltd.",삼신교통, ,류원주,기타법인,180111-0007880,621-81-02430,"부산광역시 금정구 중앙대로 2310 (노포동, 금정시내버스공영차고지)",www.samshinbus.com,,시내버스 운송업,1970-11-01,12월
삼안여객주식회사,saman bus,삼안여객, ,이규백,기타법인,161511-0001085,312-81-02031,"충청남도 천안시 서북구 공단로 78-15 (성성동, 삼안여객사무실)", ,,시내버스 운송업,1980-02-01,12월
삼양교통주식회사,samyang,삼양교통, ,홍수길,기타법인,110111-0090219,210-81-01060,"서울특별시 강북구 삼양로173길 12 (우이동, 삼양교통(주))", ,,시내버스 운송업,1967-07-01,12월
(주)삼양냉장,"Sam Yang Cold-Storage Co.,LTD.",삼양냉장, ,김재호,기타법인,204711-0006774,417-81-10613,전라남도 여수 국 37-21, ,,냉장 및 냉동 창고업,1995-05-10,12월
삼양로지스틱스(주),"SAMYANG LOGISTICS CO.,LTD",삼양로지스틱스, ,박경철,기타법인,141111-0002275,224-81-03811,"강원도 원주시 우산로 177 (우산동, 삼양식품공장)", ,,일반 화물자동차 운송업,1989-02-24,12월
삼양엘앤디,SAMYANG L&D,삼양엘앤디, ,이종훈,기타법인,110111-2694085,211-87-27333,"서울특별시 강남구 테헤란로87길 22 (삼성동, 한국도심공항터미널) 509호", ,,기타 보관 및 창고업,2003-01-14,12월
삼양통운(주),"Samyang express co., Ltd.",삼양통운, ,신진철,기타법인,181211-0000104,620-81-00216,울산광역시 울주군 청량읍 화창6길 16 삼양통운(주) (상남리),samyanglgt.co.kr,,일반 화물자동차 운송업,1969-07-26,12월
삼양항업(주),"SAMYANG MARINE SERVICE.CO.LTD,.",삼양항업, ,노승철,기타법인,190111-0042537,608-81-42628,경상남도 창원시 마산합포구 반월동5길 38 (월포동),lashing.co.kr,,수상 화물 취급업,2001-05-21,12월
삼양해운(주),SamYang,삼양해운, ,정행주,기타법인,180111-0625062,602-81-45215,부산광역시 중구 태종로 12-1 (남포동1가)삼양빌딩4층, ,,내항 화물 운송업,2008-03-07,12월
(주)삼영교통,samyoung transportation co.ltd.,삼영교통, ,강지윤,기타법인,220111-0002716,616-81-02739,"제주특별자치도 제주시 공항로1길 14 (용담이동, 제주시삼영교통사옥)", ,,시내버스 운송업,1983-11-01,12월
삼영물류(주),"Samyoung Logistics co.,Ltd",삼영물류, ,이상근,기타법인,120111-0165375,131-81-46065,"인천광역시 서구 건지로 100 (가좌동, 삼성물류센타) 100",www.sytpl.com,,도로 화물 운송업,1998-02-01,12월
삼영운수주식회사,"sam young woon su co., ltd",삼영운수, ,신관선,기타법인,134111-0000898,123-81-00831,경기도 안양 만안 석수3동 747, ,,시내버스 운송업,1969-12-22,12월
(주)삼영유엘에스,SAM YOUNG ULS,삼영유엘에스, ,박동근,기타법인,161511-0040968,312-81-46306,충청남도 아산시 영인면 아산호로 352 (구성리), ,,일반 화물자동차 운송업,2001-02-07,12월
(주)삼영익스프레스,"SAM YOUNG EXPRESS CO.,LTD.",삼영익스프레스, ,정은구,기타법인,110111-0199194,105-81-48948,서울특별시 마포구 신수로 44, ,,그 외 기타 운송관련 서비스업,1976-12-20,12월
삼용운수주식회사,SAMYOUNG TRANS PORTATION CO.LTD,삼용운수, ,정부길 정승오,기타법인,110111-0180200,117-81-02095,서울특별시 양천구 가로공원로 71 (신월동), ,,택시 운송업,1976-01-10,12월
삼우물류(주),"SAMWOO  LOGISTICS  CO.,LTD",삼우물류, ,장현순,기타법인,131111-0025344,129-81-20252,경기도 이천시 창전동 401∼500, ,,창고 및 운송관련 서비스업,1996-08-07,12월
주식회사 삼우보세장치장,"samwoo bonded ware house co., ltd.",삼우보세장치장, ,김선배,기타법인,110111-1437387,113-81-44448,서울특별시 구로구 구로동 188-25, ,,일반 창고업,1997-07-08,12월
주식회사 삼우에프앤지,samwoo f&g,삼우에프앤지, ,송만우,기타법인,130111-0004456,124-81-31846,경기도 용인시 수지구 손곡로 29 (동천동)삼우에프앤지(주),www.samwoofg.co.kr,,항공 및 육상 화물 취급업,1984-04-10,12월
(주)삼이운수,samiwoonsu,삼이운수, ,박진성,기타법인,110111-0031974,111-81-25668,서울특별시 관악구 낙성대로3길 11 (봉천동),moonchangkr@naver.com,,택시 운송업,1962-05-19,12월
삼익물류주식회사,"SAMIK LOGISTICS CO., LTD.",삼익물류, ,"임병야, 박영진",기타법인,194211-0013087,609-81-16803,"서울특별시 중구 퇴계로 97 (충무로1가, 고려대연각타워) 9층",www.samik21.com,,일반 화물자동차 운송업,1993-06-18,12월
(주)삼일,SamIl,삼일,032280,"강승엽, 안인수(각자대표)",코스닥시장,174611-0001244,506-81-00754,경상북도 포항시 남구 대송면 송덕로 125-15(옥명리),www.samil31.co.kr,,기타 도로화물 운송업,1975-12-23,12월
삼일냉장(주),"SAMIL COLD STORAGE CO.,LTD.",삼일냉장, ,경승표,기타법인,110111-0409585,603-81-10761,부산광역시 사하구 서포로 36 (구평동),samilcs.co.kr,,냉장 및 냉동 창고업,1985-10-30,12월
(주)삼일냉장,SAMIL COLD STORAGE CO.LTD,삼일냉장, ,이균,기타법인,134211-0035893,126-81-44347,경기도 광주시 실촌면 수양리 425, ,,냉장 및 냉동 창고업,2000-03-01,12월
주식회사 삼일로지스,sk logis.ltd.,삼일로지스, ,이상기,기타법인,134511-0536340,318-86-02349,경기도 여주시 점동면 청안로 170, ,,일반 창고업,2021-09-08,12월
주식회사 삼일로지스틱스,"SAMIL CO., LTD.",삼일로지스틱스, ,남기섭,기타법인,130111-0019744,311-81-07504,충청남도 아산시 염치읍 아산로 645-44 (염성리),samillogistics.com/,,일반 화물자동차 운송업,1992-07-07,12월
주식회사 삼일티앤씨,SAMIL T & C,삼일티앤씨, ,강제호,기타법인,174611-0003711,506-81-06549,경상북도 포항시 남구 대잠동 48-46, ,,주차장 운영업,1983-06-13,12월
주식회사삼정고속관광,"Samjung ExpressTour Co,LTD",삼정고속관광, ,은수업,기타법인,134711-0003725,125-81-05958,경기도 화성시 태안로 385-29 (황계동), ,,전세버스 운송업,1989-06-20,12월
(주)삼정랜드,samjungland,삼정랜드, ,박상천,기타법인,180111-0856138,607-86-11054,부산광역시 부산진구 초읍천로 117 (초읍동), ,,주차장 운영업,2013-04-12,12월
주식회사 삼주냉장,"Samju Refrigerator Co., Ltd",삼주냉장, ,안기학,기타법인,134211-0254675,333-87-02520,"경기도 광주시 곤지암읍 경충대로 216-9 제1호동(수양리,)", ,,냉장 및 냉동 창고업,2021-08-19,12월
삼주마리타임주식회사,"SAMJOO MARITIME CO., LTD.",삼주마리타임, ,김정균,기타법인,110111-4128975,104-86-21688,"서울특별시 중구 서소문로 89 (순화동, 순화빌딩) 1307호",www.samjoomaritime.co.kr,,외항 화물 운송업,2009-07-01,12월
삼주마린 주식회사,"SAMJOO MARINE CO., LTD",삼주마린, ,김정균,기타법인,110111-7860516,584-87-02263,"서울특별시 중구 서소문로 89 (순화동, 순화빌딩)", ,,외항 화물 운송업,2021-05-10,12월
삼주항운(주),SAMJU TRANSPORTATION,삼주항운, ,정표화,기타법인,180111-0002872,617-81-15163,부산광역시 중구 중앙동4가 마린센터빌딩 13층, ,,수상 화물 취급업,1956-02-28,12월
(주)삼진관광개발,SAMJIN TOURISM DEVELOPMENT,삼진관광개발, ,김관석,기타법인,201111-0032633,411-81-63785,"전라남도 해남군 삼산면 대흥사길 88-45 (구림리, 두륜산케이블카)", ,,부정기 육상 여객 운송업,2010-07-01,12월
삼진냉동(주),SAMJIN NAENGDONG,삼진냉동, ,김관석,기타법인,201111-0041139,411-81-84397,전라남도 목포시 공단중앙로 75-22 (연산동), ,,보관 및 창고업,2014-04-01,12월
(주)삼진냉장,"Samjin Cold Storage Co.,Ltd.",삼진냉장, ,박정수,기타법인,134211-0274300,782-87-02663,경기도 광주시 경충대로 1801 (장지동), ,,냉장 및 냉동 창고업,2022-12-01,12월
삼진여객자동차(주),samjinyoegaek,삼진여객자동차, ,손효상,기타법인,180111-0035899,601-81-17773,"부산광역시 북구 금곡대로 692 (금곡동, 삼진여객자동차)", ,,시내버스 운송업,1980-01-22,12월
삼진지에스,"SAMJINGS CO., LTD",삼진지에스, ,유용식,기타법인,131111-0054088,129-81-37767,"서울특별시 송파구 법원로 127 (문정동, 문정대명벨리온) 1511호, 삼진지에스",www.samjings.com,,일반 창고업,2000-10-24,12월
(주)삼진해운,"Samjin Shipping Co., Ltd.",삼진해운, ,강정희,기타법인,110111-2377483,104-81-67092,"서울특별시 강서구 양천로 401 (가양동, 강서한강자이타워) A동 309,310호", ,,"화물운송 중개, 대리 및 관련 서비스업",2001-11-17,12월
삼척예선(주),"SAMCHEOG TUG CO.,LTD",삼척예선, ,한경주,기타법인,110111-4503812,214-88-70587,"서울특별시 서초구 서초중앙로24길 27 (서초동, G-5센트럴프라자) 417호", ,,기타 해상 운송업,2010-12-30,12월
삼천리버스(주),SamCheonRi,삼천리버스, ,서광화,기타법인,170111-0000670,502-81-04665,대구광역시 수성구 욱수천로 90-17 (신매동), ,,시내버스 운송업,1954-04-26,12월
삼표로지스틱스 주식회사,"Sampyo-Logistics CO.,LTD",삼표로지스틱스, ,김기택,기타법인,110111-1825186,215-81-84519,서울특별시 송파구 풍납동 391-5,www.e-kcl.co.kr,,기타 육상 운송지원 서비스업,1999-12-09,12월
삼표에스앤씨 주식회사,SAMPYO Shipping & Cargo Corp.,삼표에스앤씨, ,이규민,기타법인,144611-0019871,314-88-00310,"강원도 삼척시 삼척항길 152 (정하동, 동양시멘트)", ,,화물 취급업,2016-01-04,12월
삼표해운 주식회사,SAMPYO SHIPPING CORP,삼표해운, ,김상헌,기타법인,180111-1047299,267-87-00467,부산광역시 서구 원양로 268 (암남동), ,,내항 화물 운송업,2016-08-01,12월
삼호로지스(주),"SAMHO LOGIS CO.,LTD.",삼호로지스, ,신호철,기타법인,180111-0594001,602-81-42542,부산광역시 중구 중앙동4가 삼호중앙빌딩 1층, ,,기타 해상 운송업,2007-06-01,12월
삼호 아이 앤 디 주식회사,"SAMHO INDUSTRY DEVELOPMENT CO.,LTD",삼호아이앤디, ,손용호,기타법인,180111-0371748,602-81-21950,부산광역시 중구 중앙동4가 36-14 반도빌딩 702호,www.samhoshipping.com,,외항 화물 운송업,2001-07-30,12월
삼호해운주식회사,SAMHO SHIPPING CO.LTD,삼호해운, ,신용주,기타법인,180111-0122589,604-81-30926,부산광역시 중구 중앙동4가 36-14번지 반도빌딩7층, ,,외항 화물 운송업,1992-01-27,12월
(주)삼화고속,SAMHWA EXPRESS CO,삼화고속, ,배봉환,기타법인,110111-0063951,104-81-25831,인천광역시 중구 서해대로418번길 70 2층 (신흥동3가),WWW.SAMHWA-EXPRESS.COM,,시외버스 운송업,1966-03-12,12월
(주)삼화보세장치장,SAMHWA WAREHOUSE CORP.,삼화보세장치장, ,류재섭,기타법인,180111-0202646,617-81-16819,부산광역시 남구 감만동 73-2, ,,창고 및 운송관련 서비스업,1996-04-30,12월
삼화상운주식회사,Samwha transportationco,삼화상운, ,"조장우, 조장용",기타법인,110111-0064272,217-81-00719,"서울특별시 노원구 덕릉로 811 (상계동, 흥안운수(주))", ,,시내버스 운송업,1966-03-19,12월
주식회사 삼화여객,sam hwa,삼화여객, ,강영철,기타법인,220111-0001354,616-81-01026,제주특별자치도 제주시 서광로2길 43 (오라일동), ,,시내버스 운송업,1975-06-08,12월
삼화여객주식회사,"Samhwa Passenger Co., Ltd",삼화여객, ,하민,기타법인,194911-0000296,612-81-00724,"경상남도 거제시 거제중앙로 1525 (문동동,삼화여객)", ,,시내버스 운송업,1979-09-07,12월
삼화피티에스주식회사,SAMHWA public transportation service Inc,삼화피티에스, ,현영희,기타법인,180111-0009282,621-81-02653,"부산광역시 금정구 동현로 121 (서동, 삼화피티에스)",없음,,시내버스 운송업,1970-11-09,12월
(주)삼환교통,samwhangootong,삼환교통, ,김진수,기타법인,120111-0161620,131-81-45523,인천광역시 중구 서해대로94번길 13 (신흥동3가), ,,시내버스 운송업,1997-11-10,12월
삼환운수주식회사,"samhwanunsu Co.,Ltd.",삼환운수, ,김석운,기타법인,120111-0077546,139-81-14515,인천광역시 남동구 서창방산로 136 (서창동), ,,시내버스 운송업,1992-10-01,12월
삼환택시주식회사,sam hwan taxi,삼환택시, ,정승욱,기타법인,110111-0290330,109-81-17466,"서울특별시 강서구 까치산로17길 36 (화곡동, 경동운수(주)) 5층", ,,택시 운송업,1982-02-25,12월
주식회사 삼훈,SAMHOON CO. LTD.,삼훈, ,조성영,기타법인,134111-0013487,138-81-02544,"경기도 의왕시 벌모루앞길 27 (포일동, 삼훈창고)", ,,일반 창고업,1973-07-27,12월
주식회사삼흥고속,shks,삼흥고속, ,이승호,기타법인,161211-0000059,307-81-00142,충청남도 공주시 전막2길 10-3 (신관동), ,,시외버스 운송업,1966-04-07,12월
주식회사 삼흥기업,sam hung,삼흥기업, ,이상호,기타법인,230111-0093341,610-81-64265,"울산광역시 남구 처용로 260-158 (부곡동, 대한유화공업(주))후문내 삼흥기업", ,,항공 및 육상 화물 취급업,2003-03-01,12월
삼흥기업주식회사,"SAMHEUNG ENTERPRISE CO., LTD.",삼흥기업, ,이화관,기타법인,134511-0062759,135-81-55950,충청북도 청주시 청원구 북이면 신대석성로 149 (대율리)38-3 삼흥기업,sh-e.co.kr,,항공 및 육상 화물 취급업,2002-07-16,12월
상마운수(주),SANG MA,상마운수, ,오윤환,기타법인,110111-0063159,117-81-03959,서울특별시 관악구 신림7동 678-3,해당사항 없슴.,,시내버스 운송업,1966-02-21,12월
상우로지스 주식회사,Sang Woo Logistics,상우로지스, ,박상윤,기타법인,134511-0132536,142-81-16974,"경기도 이천시 호법면 이섭대천로 38-40 (매곡리, 상우로지스)",swlogis@hanmail.net,,일반 창고업,2008-11-12,12월
상원로지스틱(주),"SANGWON LOGISTICS CO., LTD.",상원로지스틱, ,유회상,기타법인,134811-0069634,124-81-95122,"경기도 화성시 동탄산단3길 19-22 (방교동, 상원로지스틱)",www.swlogic.co.kr,,일반 창고업,2002-04-12,12월
상지해운 주식회사,"SANGJI SHIPPING CO.,LTD",상지해운, ,김병수,기타법인,110111-1004243,214-81-65498,"전라남도 여수시 문수로 117 (문수동, KT북여수지점) 3층", ,,기타 수상 운송지원 서비스업,1994-01-19,12월
상진운수(주),"Sangjin Transportation. Co., Ltd.",상진운수, ,이흥현,기타법인,110111-0034100,209-81-02735,서울특별시 성북구 한천로76길 42 (석관동), ,,시내버스 운송업,1961-12-06,12월
상현운수,Sanghyeon Transportation,상현운수, ,박병훈,기타법인,134511-0075603,135-81-67460,경기도 용인시 처인구 모현읍 오산로 12-9 (오산리), ,,시내버스 운송업,2004-01-01,12월
주식회사 새로고침,saerogochim,새로고침, ,김경욱,기타법인,134111-0417233,838-87-00139,"경기도 안양시 동안구 시민대로110번길 20 (호계동, (주)동명화학) 3층", ,,"화물 포장, 검수 및 계량 서비스업",2015-08-10,12월
(주)새부산관광투어,"SaeBusan Tour Co., Ltd",새부산관광투어, ,정판덕,기타법인,180111-0119974,607-81-23142,부산광역시 동래구 충렬대로 447 (안락동) 새부산빌딩 7층,www.saepusan.co.kr,,전세버스 운송업,1991-11-06,12월
새서울고속(주),NEW SEOUL EXPRESS CO. LTD,새서울고속, ,권영선 권오석,기타법인,150111-0048559,301-81-46174,충청북도 청주시 흥덕구 복대동504, ,,시외버스 운송업,2000-09-01,12월
새서울철도 주식회사,"New Seoul Railroad co.,Ltd",새서울철도, ,정영균,기타법인,110111-4499970,211-88-53482,경기도 수원시 영통구 대학로 55 (이의동), ,,철도 운송업,2010-12-27,12월
새영기업 주식회사,saeyeong,새영기업, ,백성균,기타법인,134211-0199483,360-86-01185,경기도 광주시 경충대로 2210 (삼동), ,,일반 창고업,2018-06-21,12월
(주)새울로지스틱스 ,"SAE WOOL LOGISTICS CO., LTD.",새울로지스틱스, ,박세용,기타법인,110111-5241370,101-86-84670,"서울특별시 종로구 새문안로 92 302호 (신문로1가, 광화문오피시아빌딩)", ,,"화물운송 중개, 대리 및 관련 서비스업",2013-10-21,12월
새재개발주식회사,Saejae Development co.Ltd,새재개발, ,유광준,기타법인,110111-1074048,511-81-05805,경상북도 문경시 문경읍 각서리 93번지 , ,,도로 및 관련시설 운영업,1994-09-08,12월
주식회사 새천년미소,sachounmiso.co.ltd,새천년미소, ,"서병조, 김명환",기타법인,171211-0071587,505-81-72314,경상북도 경주시 충현로 84-36 (충효동), ,,시내버스 운송업,2013-01-10,12월
(유)새천안교통,saecheonan kyotong Limited company,새천안교통, ,이경수,기타법인,161414-0001479,409-88-00700,"충청남도 천안시 서북구 부대중앙길 12 (부대동, (유)새천안교통)", ,,시내버스 운송업,2017-07-17,12월
새한가스선,"SAEHAN MARIANE GAS CO.,LTD.",새한가스선, ,이정남,기타법인,110111-1350050,116-81-66567,"서울특별시 강남구 테헤란로 208 (역삼동, 안제타워) 안제타워 12층",www.shmarine.co.kr,,해상 운송업,1996-12-09,12월
새한물류주식회사,"Saehan Logistics Co., Ltd.",새한물류, ,김석태,기타법인,120111-0694746,137-86-47335,"인천광역시 서구 중봉대로393번길 36 (원창동, 화동주유소)", ,,일반 화물자동차 운송업,2014-05-01,12월
새한정보기술, ,새한정보기술, ,구명완,기타법인,131111-0033769,129-81-25257,서울특별시 서초구 서초동 1489-2 메디카빌딩 5층,www.saehan.net,,항공 및 육상 화물 취급업,1998-06-12,12월
새한해운(주),"Seahan Marine Co.,Ltd",새한해운, ,이정남,기타법인,110111-0254469,116-81-05444,"서울특별시 강남구 테헤란로 201 19층(역삼동, 아주빌딩)",www.shmarine.co.kr,,외항 화물 운송업,1979-11-23,06월
주식회사 샤프에비에이션케이,SHARP AVIATION K INC.,샤프에비에이션케이, ,백순석,기타법인,110111-0101503,102-81-20878,"서울특별시 종로구 종로 22 (서린동, 인주빌딩) 8층",www.sharp.co.kr,,기타 항공 운송지원 서비스업,1969-09-09,12월
샬롬종합물류 (주),"Shalom Logistic Co.,Ltd",샬롬종합물류, ,유선영,기타법인,110111-4143254,109-86-18776,"서울특별시 강서구 하늘길 210 (공항동, 한국항공화물청사)", ,,일반 창고업,2009-07-28,12월
샹차오홀딩스주식회사,Shang Chao Holdings Limited,샹차오홀딩스, ,류위항,기타법인,140111-0053419,221-81-44642,"강원도 춘천시 중앙로 16 (요선동, 무림빌딩)9층",scih.kr,,외항 여객 운송업,2013-11-01,12월
서강기업 주식회사,"SuhKang Enterprise Co., Ltd.",서강기업, ,송영수,기타법인,200111-0007306,416-81-16119,전라남도 광양시 태인동 1655,suhkang.co.kr,,항공 및 육상 화물 취급업,1985-11-20,12월
서강에스앤티,"SeogangS&T Co., Ltd",서강에스앤티, ,송영수,기타법인,204611-0032416,416-81-72746,전라남도 광양시 태인4길 30 (태인동), ,,일반 화물자동차 운송업,2010-07-01,12월
서강엘앤에스,"SeogangL&S Co., Ltd",서강엘앤에스, ,"송영수, 송재욱",기타법인,204611-0047233,215-88-00240,서울특별시 강남구 선릉로93길 29 6층 601-2호(역삼동), ,,일반 화물자동차 운송업,2015-10-01,12월
서귀포운수주식회사,dongseo,서귀포운수, ,김법민,기타법인,224111-0011987,616-81-54315,제주특별자치도 서귀포시 토상로20번길 17-12 (토평동), ,,시내버스 운송업,2005-10-12,12월
서기운수 주식회사,"SEOGI-TAXI CO.,LTD",서기운수, ,김병용,기타법인,110111-0357594,109-81-25398,서울특별시 마포구 중동 58-1, ,,택시 운송업,1983-10-10,03월
서도상선 주식회사,"SEODO COMMERCIAL AND SHIPPING CO., LTD.",서도상선, ,문정형,기타법인,180111-0139097,604-81-21994,"부산광역시 중구 충장대로9번길 46 12층 (중앙동4가, 한진해운빌딩)",www.seodoshipping.com,,"화물운송 중개, 대리 및 관련 서비스업",1993-03-18,12월
서래에스엔씨(주),"SEORAE SNC CO.,LTD",서래에스엔씨, ,목규열,기타법인,110111-3875634,104-86-14042,서울특별시 중구 서소문동 신아빌딩, ,,그 외 기타 운송관련 서비스업,2008-04-08,12월
서래해상(주),Seorae Sea Merchant Corp.,서래해상, ,김정태,기타법인,110111-1492373,104-81-42878,서울특별시 중구 서소문동 신아빌딩 202, ,,그 외 기타 운송관련 서비스업,1997-12-08,12월
서래홀딩스 주식회사,SEORAE HOLDINGS CORP,서래홀딩스, ,목규열,기타법인,110111-4184547,104-86-23177,서울특별시 중구 서소문동 39-1, ,,외항 화물 운송업,2009-09-23,12월
서방해운(주),Seo Bang Shipping,서방해운, ,차종원,기타법인,180111-0280212,601-81-35392,부산광역시 중구 중앙동4가 82 - 6, ,,내항 화물 운송업,1999-04-01,12월
서부광역메트로 주식회사,Seobu Gwang Yeok Metro,서부광역메트로, ,백상현,기타법인,110111-8982616,239-86-03083,"서울특별시 종로구 율곡로 75 (계동, 현대빌딩)", ,,철도 여객 운송업,2024-06-21,12월
서부운수주식회사,SBBUS,서부운수, ,김대성,기타법인,110111-0159148,111-81-00783,"서울특별시 서대문구 응암로1길 17 (북가좌동, 서부운수(주))", ,,도시 정기 육상 여객 운송업,1974-02-01,12월
서서울고속도로 (주),West-Seoul Highway Co. Ltd,서서울고속도로, ,노성훈,기타법인,134111-0169967,138-81-48730,"서울특별시 금천구 가산디지털1로 168 A동 1501호(가산동, 우림라이온스밸리)", ,,도로 및 관련시설 운영업,2008-08-29,12월
서서울도시고속도로주식회사,West Seoul Urban Expressway Inc.,서서울도시고속도로, ,이영태,기타법인,110111-5403871,101-86-89700,"서울특별시 영등포구 국제금융로8길 11 (여의도동, 대영빌딩) 341호", ,,도로 및 관련시설 운영업,2014-04-28,12월
서안성물류 주식회사,"Seoanseongmulryu Co., Ltd.",서안성물류, ,김현두,기타법인,134611-0064315,125-86-18138,경기도 안성시 양성면 이현배티길 42-17 (이현리 167-1)서안성물류 주식회사, ,,내항 화물 운송업,2013-12-23,12월
서안성복합물류(주),"West Anseong Mikxed Logistics co., Ltd",서안성복합물류, ,배형주,기타법인,134611-0080501,334-86-00455,경기도 안성시 양성면 남북대로 1698 1층(동항리), ,,냉장 및 냉동 창고업,2016-09-09,12월
서양해운(주),"SEO YANG SHIPPING CO., LTD.",서양해운, ,정영식,기타법인,180111-0155861,604-81-25030,부산광역시 중구 광복로97번길 26-2 (동광동2가) 조흥빌딩 1403호, ,,그 외 기타 분류 안된 운송 관련 서비스업,1994-04-23,12월
서영물류(주),"seo young logistics.co.,ltd ",서영물류, ,김일우,기타법인,110111-2558364,107-86-19745,"서울특별시 영등포구 문래북로 116 603호(문래동3가, 트리플렉스)",sylogis21.co.kr,,일반 창고업,2002-07-02,06월
서울-춘천고속도로(주),"Seoul-Chuncheon Highway.Co.,LTD",서울-춘천고속도로, ,조흥봉,기타법인,140111-0022935,221-81-22181,강원도 춘천시 남면 한덕발산길 1302-5 (발산리),www.schighway.co.kr,,도로 및 관련시설 운영업,2002-11-08,12월
서울9호선운영(주),Seoul Line 9 Operation Co. Ltd,서울9호선운영, ,피터 룬덴벨덴,기타법인,110111-3707613,214-88-11521,서울특별시 강서구 개화동로8길 38 (개화동),www.seoul9.co.kr,,도시철도 운송업,2007-06-28,12월
서울고속(주),SEOUL EXPRESS,서울고속, ,"권영선, 권오석",기타법인,150111-0000195,315-81-00255,"충청북도 청주시 흥덕구 죽천로 33 (복대동, 서울고속(주))", ,,시외버스 운송업,1954-04-01,12월
(주)서울고속관광,Seoul gosok kgwangwang,서울고속관광, ,정상서,기타법인,134211-0031578,126-81-40787,경기도 광주시 도척면 도척로 1043 (추곡리), ,,전세버스 운송업,1999-10-02,12월
서울고속도로(주),SEOULBELTWAY CORPORATION,서울고속도로, ,강태구,기타법인,110111-1969455,210-81-29618,경기도 양주시 장흥면 일영로501번길 373-63 (삼하리),www.seoulbeltway.co.kr,,도로 및 관련시설 운영업,2000-05-16,12월
서울고속버스터미널(주),Seoul Express Bus Terminal Co.,서울고속버스터미널, ,박주형,기타법인,110111-0187644,114-81-00574,서울특별시 서초구 신반포로 194 서울고속버스터미널 (반포동),www.exterminal.co.kr,,여객 자동차 터미널 운영업,1975-11-14,12월
서울공항리무진(주),SEOUL AIRPORT LIMOUSINE,서울공항리무진, ,박재영,기타법인,110111-5304756,215-87-87819,서울특별시 송파구 충민로6길 61-29 (장지동), ,,기타 도시 정기 육상 여객 운송업,2014-01-01,12월
서울교통네트웍(주),seoul transportation network .co.Ltd,서울교통네트웍, ,조장우,기타법인,110111-3038654,210-81-53914,"서울특별시 도봉구 도봉로 961 (도봉동, 도봉권역공영차고지)",www.stnbus.com,,시내버스 운송업,2007-06-17,12월
서울도시철도엔지니어링(주),Seoul Metropolitain Rapid Transit Engineering Coporation,서울도시철도엔지니어링, ,이철수,기타법인,110111-4021583,105-87-27173,서울특별시 강동구 아리수로87길 32 관리동2층, ,,철도 운송지원 서비스업,2008-12-31,12월
주식회사 서울라인,SEOUL LINE CORPORATION,서울라인, ,이두경,기타법인,110111-0743488,105-81-45806,서울특별시 마포구 공덕동 467 롯데캐슬프레지던트 O동 3801호,www.seline.co.kr,,그 외 기타 운송관련 서비스업,1991-03-04,12월
(주)서울라인서비스,"SEOUL LINE SERVICES CO., LTD.",서울라인서비스, ,이두경,기타법인,110111-3163774,105-86-75834,"서울특별시 마포구 마포대로 109 101-3802(공덕동, 롯데캐슬프레지던트)",04146,,"화물운송 중개, 대리 및 관련 서비스업",2005-02-01,12월
서울레저항공(주),Seoul Leisure Airlines Co. Ltd.,서울레저항공, ,이재발,기타법인,110111-3400639,215-86-82267,서울특별시 강서구 공항동 686-2 SD빌딩 3층, ,,항공 운송업,2006-02-15,12월
서울마린서비스(주),"SEOUL MARINE SERVICE CO., LTD.",서울마린서비스, ,김현교,기타법인,110111-1499535,116-81-66873,서울특별시 마포구 공덕동 256-13 제일빌딩 1307호, ,,외항 화물 운송업,1997-12-31,12월
서울매일버스(주),Anyang Transportation Co.LTD,서울매일버스, ,이원래,기타법인,110111-0112708,110-81-02167,서울특별시 구로구 고척로 128 (개봉동), ,,시내버스 운송업,1971-04-01,12월
서울메트로,Seoul Metro,서울메트로, ,이정원,기타법인,115071-0000839,114-82-01319,서울특별시 서초구 효령로 5,www.seoulmetro.co.kr,,도시철도 운송업,1981-08-30,12월
서울메트로9호선운영주식회사,"Seoulmetro Line Nine Co., Ltd.",서울메트로9호선운영, ,안세련,기타법인,110111-5685841,631-86-00069,서울특별시 송파구 올림픽로 25 (잠실동) 제1수영장 3층,www.seoulmetro9.co.kr,,도시철도 운송업,2015-04-03,12월
서울버스(주),SEOULBUS ,서울버스, ,조준서,기타법인,110111-0143654,229-81-10336,"서울특별시 송파구 충민로6길 61-29 (장지동, 서울버스)", ,,시내버스 운송업,1976-08-20,12월
서울북부고속도로주식회사,Seoul Northern Highway Corporation,서울북부고속도로, ,곽용규,기타법인,110111-3779399,107-87-01728,경기도 남양주시 별내면 구리포천고속도로 11 (광전리),www.gpeway.com,,도로 및 관련시설 운영업,2007-10-30,12월
주식회사서울스마트,SeoulSmart Co.Ltd,서울스마트, ,"유철선, 안종태",기타법인,110111-1310773,106-81-64150,"서울특별시 용산구 서빙고로 303 (동빙고동, 현대그린카서비스)", ,,택시 운송업,1996-08-20,12월
(주) 서울승합,CO. SEOUL SEUNG HAP,서울승합, ,유한철,기타법인,110111-3364124,212-81-74201,서울특별시 강동구 아리수로 426 (강일동), ,,시내버스 운송업,2005-12-21,12월
서울시메트로구호선 주식회사,SEOUL METRO LINE NINE CORPORATION,서울시메트로구호선, ,박성주,기타법인,110111-3134048,220-87-01375,"서울특별시 강서구 개화동로8길 38 (개화동, 종합관리및복리후생동) 종합관리동 2층",www.metro9.co.kr,,기타 육상 운송지원 서비스업,2004-12-20,12월
서울여객주식회사,seohyun woonsu co.,서울여객, ,"배경석, 심정환",기타법인,285011-0325460,799-81-00472,경기도 고양시 덕양구 보광로 192-16 (벽제동), ,,시내버스 운송업,2016-05-31,12월
서울운수주식회사,SEOUL WOONSU Co.,서울운수, ,"배경석, 심정환",기타법인,110111-5223394,576-87-00468,"서울특별시 은평구 통일로 1190 (진관동, 은평차고지)", ,,시내버스 운송업,2013-09-09,12월
주식회사 서울종합물류,"Seoul stroage Co.,Ltd",서울종합물류, ,전익호,기타법인,115211-0025839,132-81-26290,경기도 광주시 쌍령동 411-3, ,,냉장 및 냉동 창고업,1997-07-03,12월
서울특별시도시철도공사,Seoul Metropolitan Rapid Transit Corporation,서울특별시도시철도공사, ,김태호,기타법인,111171-0004734,218-82-00999,서울특별시 성동구 천호대로 346 서울특별시도시철도공사,www.smrt.co.kr,,철도 운송업,1994-03-15,12월
(주)서울항공,"SEOUL AIR CO.,LTD.",서울항공, ,김상국,기타법인,110111-3563320,104-86-04374,"서울특별시 종로구 세종대로 149 (세종로, 광화문빌딩)", ,,항공 운송업,2006-11-21,12월
서울항공화물(주),seoul air cargo co,서울항공화물, ,박무자,기타법인,110111-0047533,106-81-17375,"서울특별시 영등포구 선유로 146 (양평동3가, 이앤씨드림타워)501",www.seoulair.co.kr,,그 외 기타 운송관련 서비스업,1965-10-27,12월
(주)서일에이전시,"SEOIL AGENCY CO.,LTD",서일에이전시, ,김명종,기타법인,180111-0153930,602-81-12048,부산광역시 중구 동광동2가 4 동양빌딩 807, ,,그 외 기타 운송관련 서비스업,1994-04-01,12월
주식회사 서정인터내셔날,SJ International.Co.Ltd.,서정인터내셔날, ,장용서,기타법인,110111-2071358,105-86-17038,"서울특별시 강남구 테헤란로 226 6층 (역삼동, 태왕빌딩)", ,,그 외 기타 운송관련 서비스업,2000-09-19,12월
주식회사 서중물류,"SEOJOONG LOGISTICS CO.,LTD.",서중물류, ,류제엽,기타법인,110111-1161522,211-86-36591,"서울특별시 중구 소월로 10 (남대문로5가, 단암빌딩) 17층",www.sjl.co.kr,,철도 운송업,1995-05-26,12월
서진에이젠시 주식회사,"SUH JIN AGENCY CO., LTD.",서진에이젠시, ,김영휘,기타법인,110111-0426802,104-81-24754,서울특별시 중구 소공동 동양화학빌딩 9층, ,,그 외 기타 운송관련 서비스업,1986-05-12,12월
서창김포고속도로(주),"Seochang-Gimpo Highway.Co.,LTD",서창김포고속도로, ,김선태,기타법인,110111-8041678,184-87-01986,"서울특별시 용산구 한강대로23길 55 (한강로3가, 용산역)", ,,도로 및 관련시설 운영업,2021-10-01,12월
서해선박(주),Seohae shipping,서해선박, ,구용재,기타법인,110111-1606560,201-81-23546,충청남도 서산시 대산읍 구진천로 12 대산프라자 6층, ,,항만 내 여객 운송업,1999-02-01,12월
서해철도 주식회사,"Sosawonsi.co., Ltd.",서해철도, ,배종한,기타법인,131411-0404964,732-81-00969,경기도 안산시 단원구 동산로 185 (초지동) 3층 통합사무소,www.sosawonsi.co.kr,,철도 여객 운송업,2018-01-12,12월
(주)서호,kookjebus,서호, ,유남주,기타법인,180111-0007137,607-81-17693,부산광역시 동래구 사직북로5번길 49 국제여객(주), ,,시내버스 운송업,1968-06-11,12월
석도국제훼리(주),shidaoferry international ferry,석도국제훼리, ,김상겸,기타법인,211111-0023771,401-81-33120,"전라북도 군산시 임해로 378-14 (소룡동, 국제여객선터미널)",www. shidaoferry.com,,외항 여객 운송업,2009-01-31,12월
(주)석암,seok Am Co.,석암, ,김남수,기타법인,184511-0007325,621-81-02838,경상남도 양산시 유산동 산69, ,,보관 및 창고업,1991-09-12,12월
주식회사 석암물류,"Sukam Logistics Co., Ltd",석암물류, ,백정식,기타법인,234111-0132103,415-81-59416,경상남도 양산시 유산공단4길 28 178(유산동), ,,기타 보관 및 창고업,2022-08-24,12월
주식회사 선경이엔디,"Whumad Co.,Ltd",선경이엔디, ,이성진,기타법인,134411-0053172,126-86-57094,경기도 용인시 기흥구 마북로 110 선경빌딩(마북동), ,,일반 창고업,2012-10-01,12월
(주)선광,"SUN KWANG Co.,Ltd",선광,003100,이도희,코스닥시장,120111-0000034,121-81-01455,인천 중구 항동 34-2,www.sun-kwang.co.kr,,수상 화물 취급업,1961-01-25,12월
선광신컨테이너터미널(주),"sunkwang newport container terminal co.,ltd",선광신컨테이너터미널, ,정국위,기타법인,120111-0544602,131-86-23499,"인천광역시 연수구 인천신항대로 707 (송도동, 선광신컨테이너터미널)",snct.sun-kwang.co.kr,,항구 및 기타 해상 터미널 운영업,2010-09-09,12월
선광종합물류(주),"Sun Kwang Logistics Co.,Ltd.",선광종합물류, ,김덕일,기타법인,120111-0392168,121-81-76387,"인천광역시 중구 서해대로30번길 32 (신흥동3가, 인천남항컨테이너물류기지)",www.slc.co.kr,,창고 및 운송관련 서비스업,2005-12-28,12월
선도해운(주),"SEONDO SHIPPING CO.,LTD.",선도해운, ,금융철,기타법인,110111-2535883,211-87-15142,서울특별시 중구 장교동 1번지 장교빌딩 25층5호, ,,외항 화물 운송업,2002-05-29,12월
선명아암물류(주),"Sun Myoung A Am Logistics Co., Ltd.",선명아암물류, ,황순철,기타법인,120111-0458960,121-81-89811,"인천광역시 중구 서해대로94번길 96 (신흥동3가, 선명아암물류센터)", ,,창고 및 운송관련 서비스업,2008-03-13,12월
주식회사 선스코에스앤티,"SUNSKO S&T CO.,LTD",선스코에스앤티, ,장건순,기타법인,110111-5329168,264-81-35247,"서울특별시 성동구 성수일로8길 5 (성수동2가, 서울숲SKV1TOWER) 604호, 610호", ,,"화물운송 중개, 대리 및 관련 서비스업",2014-05-26,12월
선에이로지스틱스(주),Sun-A Logistics Corp.,선에이로지스틱스, ,이광선,기타법인,134811-0123422,124-86-45990,경기도 화성시 서신면 재안골길 6-5 (상안리), ,,일반 창고업,2006-06-23,12월
선영해운(주),"SUN YEONG SHIPPING CO., LTD.",선영해운, ,김태식,기타법인,180111-1192614,729-87-01135,부산광역시 영도구 절영로 15-1 (대교동2가), ,,선박관리업,2018-12-27,12월
선우상선(주),"SUNWOO MERCHANT MARINE CO.,LTD",선우상선, ,정인현,기타법인,110111-1209398,110-81-33511,서울특별시 종로구 내수동 경희궁의아침4단지 73번지 교보문고빌딩 12층,www.sunwooship.co.kr,,외항 화물 운송업,1995-10-31,12월
선우탱커(주),"SUNWOO TANKER CO., LTD.",선우탱커, ,전대연,기타법인,110111-4110534,105-87-32114,서울특별시 마포구 마포대로 86 (도화동) 창강빌딩 712호,www.sunwootanker.co.kr,,외항 화물 운송업,2009-06-15,12월
선우티엔스(주),"SUNWOO TRANSPORTATION CO.,LTD.",선우티엔스, ,최석호,기타법인,120111-0380444,121-81-77824,"인천광역시 미추홀구 인주대로35번길 2 301호(숭의동, 선광타워)", ,,일반 화물자동차 운송업,2006-03-17,12월
주식회사 선우해운,SUNWOO SHIPPING CO.,선우해운, ,정인현,기타법인,110111-1245269,102-81-40103,서울특별시 종로구 내수동 73번지 교보문고빌딩12층, ,,외항 화물 운송업,1996-06-20,12월
(주)선인기업,"SUNIN CO.,LTD",선인기업, ,박인영,기타법인,120111-0224600,121-81-38025,인천광역시 서구 북항로245번길 39 F동(원창동), ,,기타 육상 운송지원 서비스업,2000-06-27,12월
선일교통(주),"Sunil Transportation Co., Ltd.",선일교통, ,최혜경,기타법인,110111-0097166,210-81-01639,서울특별시 강북구 4.19로 84 (수유동), ,,시내버스 운송업,1968-12-19,12월
(주)선일로지스틱,sunil,선일로지스틱, ,이윤재,기타법인,120111-0104000,122-81-29489,인천광역시 부평구 청천동 384, ,,일반 화물자동차 운송업,1994-11-18,12월
선주해운(주),"SUNJOO SHIPPING CO.,LTD",선주해운, ,백철,기타법인,110111-1135460,202-81-52928,서울특별시 강남구 삼성동 142-3 엘지에클라트 B-827, ,,외항 화물 운송업,1995-03-10,12월
선진고속주식회사,sunjinexpress,선진고속, ,장진수,기타법인,131411-0416985,571-86-00995,"경기도 안산시 상록구 항가울로 410 (성포동, 안산종합버스터미널)", ,,시외버스 운송업,2018-08-10,12월
선진로지스틱스 주식회사,"Sunjin Logistics Co.,Ltd.",선진로지스틱스, ,정유진,기타법인,110111-0344145,102-81-21052,"서울특별시 강동구 양재대로 1553 (천호동, 선진빌딩)",www.sunjinsa.co.kr,,그 외 기타 운송관련 서비스업,1978-02-24,12월
선진버스(주),SUNJINBUS,선진버스, ,"신재호, 서창연",기타법인,124511-0000347,136-81-03343,경기도 김포시 월곶면 김포대로 2600 월곶공영차고지(갈산리), ,,시내버스 운송업,1955-02-28,12월
선진상운주식회사,SUN JIN SANG WOON,선진상운, ,신재호,기타법인,124411-0225814,319-86-01227,경기도 김포시 월곶면 김포대로 2600 (갈산리), ,,시내버스 운송업,2019-01-01,12월
선진시내버스(주),seonjin city bus corporation,선진시내버스, ,강대견,기타법인,284411-0038537,127-81-93439,경기도 포천시 이동면 화동로 2411 (도평리), ,,시내버스 운송업,2005-07-01,12월
선진에스씨엠(주),"Sunjin Supply Chain Management Co.,Ltd.",선진에스씨엠, ,정유진,기타법인,110111-0696554,102-81-26630,"서울특별시 강동구 양재대로 1553 (천호동, 선진빌딩)",www.sunjinsa.co.kr,,보관 및 창고업,1990-05-01,12월
선진엔티에스 주식회사,sunjinnts co,선진엔티에스, ,유익종,기타법인,211211-0009159,409-81-95310,전라남도 장성군 장성읍 영천로 35,www.sunjinnts.com,,일반 화물자동차 운송업,2005-07-28,12월
선진여객 주식회사,sun jin yeo geak,선진여객, ,신동완,기타법인,120111-0307456,137-81-50854,"인천광역시 서구 원창로89번길 42 (원창동, 동하실업)", ,,시내버스 운송업,2003-10-13,12월
주식회사선진운수,SUNJIN,선진운수, ,민배홍,기타법인,110111-0114332,111-81-01593,서울특별시 은평구 서오릉로 207 선진운수,없음,,시내버스 운송업,1971-04-30,12월
선진종합주식회사,"sunjin consolidated co.,ltd.",선진종합, ,박창서,기타법인,115211-0001889,132-81-00096,"부산광역시 해운대구 마린시티1로 127 (우동, 아라트리움) 901호", ,,기타 해상 운송업,1982-05-20,03월
선진통운(주),"Sunjin Transportation Express Co,LTD",선진통운, ,박성수,기타법인,110111-0598627,117-81-01932,서울특별시 양천구 신정로 167 (신정동) 서부트럭터미널 씨1132,www.sunjin21.co.kr,,일반 화물자동차 운송업,1989-02-01,12월
선진특장자동차주식회사,"Sun Jin Special Vehicle Moter.co., LTD  ",선진특장자동차, ,박성수,기타법인,154111-0000589,302-81-02655,충청남도 천안시 성남면 신사리 213-5 ,www.sunjin21.co.kr,,일반 화물자동차 운송업,1992-10-04,12월
주식회사 선화,"SUNHWA CO., LTD.",선화, ,장갑순,기타법인,120111-0004333,121-81-03870,인천광역시 중구 신흥동 3가 7-241,''-'',,기타 해상 운송업,1975-08-05,12월
(주)선화씨에스,sunhwacs,선화씨에스, ,류선원,기타법인,110111-4590421,214-88-77106,경기도 광주시 초월읍 두둘기길 33 (신월리),www.sunhwacs.com,,창고 및 운송관련 서비스업,2011-04-26,12월
주식회사 성곡물류,Sung Gok,성곡물류, ,한득수,기타법인,134411-0095223,734-81-01682,경기도 이천시 부악로 8 (중리동) 1동 307호, ,,일반 창고업,2020-06-25,12월
성공글로벌 (주),SUCCESS GLOBAL,성공글로벌, ,이기동,기타법인,110111-6730520,588-81-01018,"서울특별시 중구 무교로 32 806호 (무교동, 효령빌딩)",www.successglobal.co.kr/,,"화물운송 중개, 대리 및 관련 서비스업",2018-04-24,12월
성공해운항공 (주),"SUCCESS SHIPPING AND AIR CO., LTD.",성공해운항공, ,황선관,기타법인,110111-1683914,202-81-63589,"서울특별시 중구 무교로 32 (무교동, 효령빌딩) 806호", ,,"화물운송 중개, 대리 및 관련 서비스업",1999-05-01,12월
(주)성광에어서비스,SUNGKWANG AIR SERVICES INC,성광에어서비스, ,김규형,기타법인,110111-1024902,202-81-48308,서울특별시 중구 무교동 11.광일빌딩 202, ,,항공 운송업,1994-04-15,12월
성광운수 유한회사,Seong Gwangunsu XYZ,성광운수, ,최성규,기타법인,121114-0000425,130-81-84692,경기도 부천시 오정구 벌말로 43 (대장동), ,,시내버스 운송업,2002-01-09,12월
성남시내버스(주),sung-nam bus company,성남시내버스, ,김윤태,기타법인,131111-0014628,129-81-11694,경기도 성남시 분당구 야탑동 63, ,,시내버스 운송업,1992-09-21,12월
성동물류주식회사,"Sung Dong Logistics Co.,Ltd",성동물류, ,정흥준,기타법인,191211-0011901,612-81-23144,경상남도 통영시 광도면 황리 1609-2,-,,일반 화물자동차 운송업,2005-05-26,12월
성민버스,sungminbus,성민버스, ,박진성,기타법인,124411-0082777,131-86-12920,인천광역시 연수구 먼우금로 2 (동춘동),sungminbus@hanmail.net,,시내버스 운송업,2009-04-01,12월
성보교통(주),sung bo,성보교통, ,이희주,기타법인,170111-0010603,502-81-03123,"대구광역시 북구 검단북로11길 97 (검단동, 성보교통차고)",sb bus2401@naver.com,,시내버스 운송업,1979-11-17,12월
주식회사 성보냉장,"SUNG BO COLD STORE CO., LTD.",성보냉장, ,황선경,기타법인,180111-0072916,603-81-08625,부산광역시 사하구 장림동 510번지, ,,냉장 및 냉동 창고업,1987-04-17,12월
주식회사 성산,Seongsan,성산, ,김태경,기타법인,194211-0062133,609-81-59404,"경상남도 창원시 성산구 마디미로38번길 11 (상남동, Nest빌딩) 3층", ,,주차장 운영업,2003-05-30,12월
(주)성산산업,Sungsan Industry,성산산업, ,이상학,기타법인,165011-0046441,311-81-49315,충청남도 당진시 송악읍 대섬길 4-20 (고대리) 협력관빌딩 3층 (주)성산산업, ,,기타 보관 및 창고업,2014-07-29,12월
성산운수(주),SUNGSAN TAXI,성산운수, ,이민형,기타법인,120111-0013144,131-81-08019,인천광역시 서구 방축로 333 (가좌동), ,,택시 운송업,1982-11-05,12월
성신선박 주식회사,"SUNGSHIN MARINE CO.,LTD.",성신선박, ,이시호,기타법인,180111-0597071,602-81-43046,"부산광역시 중구 광복로97번길 20 (동광동2가, 부산해운센터) 303호", ,,기타 해상 운송업,2007-08-01,12월
성신엘엔에스 주식회사 (SungShin L&S Co.Ltd),SungShin L&S Co.Ltd,성신엘엔에스(SungShinL&SCo.Ltd), ,박성호,기타법인,154611-0013813,678-81-01437,"충청북도 단양군 매포읍 단양로 1315 (응실리, 안심주유소)", ,,"화물운송 중개, 대리 및 관련 서비스업",2019-01-25,12월
성신탱크터미날주식회사,Sung Shin Tank Terminal Co.Ltd,성신탱크터미날, ,배선식,기타법인,110111-0194350,610-81-16725,울산광역시 남구 매암동 354-5,sscem.co.kr,,위험물품 보관업,1976-04-07,12월
주식회사성안로지스틱스,seongan logistics  inc.,성안로지스틱스, ,이병관,기타법인,110111-3787251,107-87-03099,경기도 이천시 마장면 이장로 113 (이치리)91, ,,냉장 및 냉동 창고업,2007-12-12,12월
성암산업 주식회사,"sung-am industries.co.,ltd.",성암산업, ,유재각,기타법인,110111-1074759,120-81-42088,"서울특별시 강남구 영동대로 311 (대치동, 소모빌딩)",www.sungam.co.kr,,일반 화물자동차 운송업,1994-09-09,12월
주식회사 성우,"SUNGWOO.CO.,LTD",성우, ,강공칠,기타법인,220111-0120964,616-86-24946,제주특별자치도 제주시 거로길 1 (화북일동), ,,내항 화물 운송업,2014-12-04,12월
(주)성우,SungWoo Corporation,성우, ,정몽용,기타법인,164811-0020416,312-81-48721,충청남도 아산시 신창면 신곡리 105-2,http://www.swlogis.com,,일반 화물자동차 운송업,2001-06-01,12월
성우운수(주),soung woo,성우운수, ,김기성,기타법인,135811-0083386,124-81-98037,경기도 수원시 권선구 매송고색로804번길 37 (고색동),swwsbus2149@naver.com,,시내버스 운송업,2002-06-27,12월
성우해운주식회사,"SUNGWOO SHIPPING CO., LTD",성우해운, ,최무현,기타법인,220111-0086348,616-81-89639,"제주특별자치도 제주시 임항로 242 (건입동, 금아빌라)", ,,내항 화물 운송업,2011-10-05,12월
성운로지텍(주),SW Logitec,성운로지텍, ,이대식,기타법인,135111-0074727,138-81-27133,"경기도 화성시 남양시장로105번길 5 201(남양동,송호지학장학재단빌딩)", ,,일반 화물자동차 운송업,2005-03-14,12월
성원여객 주식회사,"Sungwon Passenger Co., Ltd",성원여객, ,나홍연,기타법인,110111-1038341,209-81-14527,서울특별시 성북구 보국문로 145 (정릉동), ,,시내버스 운송업,1994-06-02,12월
(주)성원여객,sungwon,성원여객, ,엄유섭,기타법인,180111-0593227,606-86-03454,부산광역시 사상구 사상로 456 (모라동), ,,시내버스 운송업,2007-06-01,12월
성원운수,sungwonunsu,성원운수, ,김종욱,기타법인,120111-0077679,139-81-12711,"인천광역시 남동구 인주대로 844 (만수동, 남동빌딩) 301호", ,,시내버스 운송업,2001-12-27,12월
성일해운항공주식회사,SUNGIL TRANS PORTATION CO LTD,성일해운항공, ,도한수,기타법인,110111-0810253,104-81-28411,서울특별시 마포구 도화동 538 성지빌딩15층,-,,그 외 기타 운송관련 서비스업,1991-10-16,12월
성제해운(주),"SUNG JE SHIPPING CO., LTD.",성제해운, ,전종영,기타법인,110111-1461170,202-81-60020,서울특별시 중구 무교동 24-2 휘닉스빌딩 1101호, ,,외항 화물 운송업,1997-09-09,12월
주식회사 성진물류,SUNGJINLOGISTICS,성진물류, ,최선우,기타법인,154311-0062519,470-88-02826,충청북도 진천군 이월면 용사길 120 (삼용리), ,,일반 창고업,2023-08-22,12월
(주)성진물류,SUNGJINLOGISTICS,성진물류, ,김병연,기타법인,171711-0068352,506-81-57505,경상북도 포항시 남구 오천읍 냉천로 540 (문덕리), ,,일반 화물자동차 운송업,2006-02-13,12월
유한회사 성진여객,SUNGJIN TRAFFIC,성진여객, ,김민수,기타법인,210114-0109807,760-87-00457,전라북도 전주시 완산구 난전들로 53 (평화동3가), ,,시내버스 운송업,2016-04-07,12월
주식회사 성현물류,sung hyun,성현물류, ,신영자,기타법인,134411-0063832,126-86-80896,"경기도 이천시 마장면 서이천로719번길 50-13 (장암리),1층", ,,보관 및 창고업,2015-01-20,12월
성호해운주식회사,SEONG HO SHIPPING CO.LTD,성호해운, ,신홍주,기타법인,180111-0005595,601-81-01096,"부산광역시 중구 충장대로9번길 46 (중앙동4가, 한진해운빌딩) 12층 성호해운", ,,내항 화물 운송업,1965-11-29,03월
성화기업택배(주),"sunghwaLogisticsCo.,Ltd",성화기업택배, ,"이성화, 이수근",기타법인,110111-0562599,110-81-31395,서울특별시 중구 만리재로 215 (만리동1가) 2층 성화기업택배(주),www.shl1978.com/,,택배업,1978-10-26,12월
(주)성화투어,SUNGHWA TOURS,성화투어, ,김성태,기타법인,134511-0097615,135-81-83631,"경기도 수원시 권선구 매송고색로804번길 224-46 2층(고색동, 성화빌딩)",www.sunghwatour.com,,전세버스 운송업,2006-01-18,12월
세강해운 주식회사,"SEGANG SHIPPING CO.,LTD",세강해운, ,서영길,기타법인,110111-5459353,104-86-55835,"서울특별시 중구 을지로 80-1 (을지로2가, 보승빌딩) 11층", ,,외항 화물 운송업,2014-07-07,12월
(주)세경선박,"SEKYEONG SHIPPING CO.,LTD.",세경선박, ,전항구,기타법인,110111-1878333,105-86-08053,서울특별시 중구 태평로1가 76-3 오양수산빌딩 206호, ,,기타 해상 운송업,2000-02-15,12월
세계로선박금융주식회사,"Global Marifin Finance Co.,ltd",세계로선박금융, ,박동호,기타법인,110111-3142629,101-86-13364,"서울특별시 종로구 종로 47 (공평동, SC제일은행본점) 16층",www.globalmarifin.com,,그 외 기타 분류 안된 운송 관련 서비스업,2005-01-04,12월
세계물류(주),"GLOBAL LOGISTICS CO., LTD.",세계물류, ,김윤일,기타법인,110111-1235749,120-81-58144,서울특별시 강남구 삼성동 165-11,www.iglc.co.kr,,일반 화물자동차 운송업,1996-01-24,12월
세계혼재항공화물 주식회사,"WAC INTERNATIONAL LOGISTICS CO.,LTD",세계혼재항공화물, ,이상영,기타법인,110111-0198013,110-81-04506,"서울특별시 영등포구 국회대로68길 11 (여의도동, 삼보호정빌딩) 421호",www.waclogistics.com,,"화물운송 중개, 대리 및 관련 서비스업",1976-06-28,12월
주식회사 세광쉽핑,"SEKWANG SHIPPING CO,.LTD.",세광쉽핑, ,박세룡,기타법인,110111-1277527,102-81-40063,서울특별시 종로구 내수동 167 대우복합빌딩 901, ,,외항 화물 운송업,1996-05-31,12월
(주)세광에이취알,sekwanghr.co.ltd,세광에이취알, ,서상주,기타법인,120111-0704545,121-86-32900,"인천광역시 중구 영종대로 124 902호(운서동, 한정빌딩)", ,,그 외 기타 운송관련 서비스업,2014-04-21,12월
(주)세기여행사,segitour,세기여행사, ,임준교,기타법인,135811-0084508,124-81-99604,"경기도 안양시 동안구 평촌대로223번길 64 (호계동, 제일빌딩) 204호",www.segitour.co.kr,,전세버스 운송업,2002-08-06,12월
세나해운(주),SENA SHIPPING CO LTD,세나해운, ,김석철,기타법인,110111-1873094,104-81-50136,"서울특별시 종로구 인사동5길 25 (인사동, 하나로빌딩) 1001호", ,,"화물운송 중개, 대리 및 관련 서비스업",2000-02-21,12월
(주)세동에너탱크,"SEDONG EnerTank Co.,Ltd.",세동에너탱크, ,이종만,기타법인,131311-0079149,125-81-72442,경기도 평택시 포승면 만호리 642번지, ,,위험물품 보관업,2008-01-14,12월
(주)세레온,SEREON,세레온, ,박명주,기타법인,110111-8172027,860-81-02791,서울특별시 영등포구 국회대로38길 8 4층 403호 에이-346호 (당산동3가),www.sereonbus.com,,전세버스 운송업,2022-01-26,12월
(주)세련항운,Global Avition Alliance,세련항운, ,김현진,기타법인,110111-3036731,101-86-06562,"서울특별시 종로구 우정국로 69 2층(수송동, 동일빌딩)", ,,항공 운송업,2004-06-24,12월
(주)세르파물류,SHERPA LOGISTICS CORPORATION,세르파물류, ,윤순창,기타법인,134811-0259706,135-86-28517,"경기도 오산시 가장산업동로 37 (가장동, 아모레퍼시픽오산공장) 세르파물류", ,,창고 및 운송관련 서비스업,2013-01-01,12월
(주)세림 엘.엔.디,"Serim L&D Co., Ltd.",세림엘.엔.디, ,최규홍,기타법인,134511-0019586,135-81-19895,경기도 용인시 구성읍 보정리 690-11,www.serimauto.co.kr,,일반 화물자동차 운송업,1996-07-11,12월
(주)세림오션쉬핑,"SERIM OCEAN SHIPPING CO.,LTD",세림오션쉬핑, ,임택수,기타법인,110111-3440510,104-86-00500,서울특별시 중구 무교동 효령빌딩 1203, ,,외항 화물 운송업,2006-04-14,12월
세모해운(주),"SEMO MARINE CO., LTD.",세모해운, ,이복훈,기타법인,180111-0196188,601-81-28019,부산광역시 중구 중앙동1가 16-5, ,,기타 내륙 수상 여객 및 화물 운송업,1995-12-21,12월
(주) 세바로지스틱스코리아,"CEVA Logistics Korea, Inc.",세바로지스틱스코리아, ,김도영,기타법인,110111-1259848,106-81-59638,"서울특별시 강서구 마곡중앙로 56 (마곡동, 마곡사이언스타워2) 5층", ,,그 외 기타 운송관련 서비스업,1996-05-01,12월
세바코리아 주식회사,CEVA KOREA,세바코리아, ,조윤주,기타법인,110111-1100968,105-81-68089,"서울특별시 마포구 삼개로 16 (도화동, 근신빌딩) 근신빌딩 제2신관 1층",www.bollore-logistics.com,,"화물운송 중개, 대리 및 관련 서비스업",1994-11-20,12월
세방(주),"SEBANG CO., LTD",세방,004360,최종일,유가증권시장,180111-0015932,617-81-03842,부산광역시 남구 우암로 127 (감만동),www.sebang.com,,일반 화물자동차 운송업,1965-09-13,12월
세방부산신항물류(주),"sebangnewportlogistics co.,ltd",세방부산신항물류, ,심상호,기타법인,180111-0602515,606-86-05068,부산광역시 강서구 성북동1499, ,,기타 보관 및 창고업,2008-03-01,12월
세방익스프레스(주),SEBANGEXPRESS CO. LTD.,세방익스프레스, ,최종일,기타법인,110111-0007602,220-81-02085,서울 강남구 테헤란로 151 3층,www.sebangexpress.com,,그 외 기타 운송관련 서비스업,1994-01-17,12월
(주)세성항운,Sesung Air Service,세성항운, ,배건호,기타법인,110111-0434920,104-81-24924,서울특별시 중구 소공동 동양화학빌딩 12층,-,,그 외 기타 분류 안된 운송 관련 서비스업,1986-09-15,01월
(주)세아물류,seah logistics,세아물류, ,박상철,기타법인,134511-0077360,135-81-68213,인천광역시 남동구 논현동 451-13,seahgold@hanmail.net,,일반 창고업,2004-01-29,12월
(주)세아엘앤에스,SeAH Logistics & Steel Corp.,세아엘앤에스, ,양영주,기타법인,151111-0000847,303-81-01756,경상북도 포항시 남구 철강로 348,www.seahlns.co.kr,,일반 화물자동차 운송업,1985-02-15,12월
(주)세안해운,"SEAN SHIPPING CO.,LTD.",세안해운, ,김봉관,기타법인,180111-0616201,605-81-87140,"부산광역시 동구 조방로 14 (범일동, 동일타워) 710호", ,,외항 화물 운송업,2008-02-01,12월
주식회사 세양물류,"SEYANG LOGISTICS CO.,LTD",세양물류, ,박근홍,기타법인,180111-0199067,621-81-25898,"부산광역시 해운대구 선수촌로 297 (석대동, (주)세양물류)", ,,항공 및 육상 화물 취급업,1997-01-20,12월
세영운수(주),SEYEONGUNSU,세영운수, ,김상철,기타법인,184511-0027894,621-81-47252,경상남도 양산시 동면 남양산2길 20 (석산리), ,,도로 화물 운송업,2002-01-07,12월
(주)세왕교통,sewang,세왕교통, ,이동원,기타법인,170111-0010455,502-81-03079,대구광역시 달성군 가창면 우록길 9 (삼산리), ,,시내버스 운송업,1979-10-23,03월
세운교통(주),SEUN TRAFFIC,세운교통, ,안광헌,기타법인,120111-0202622,122-81-64375,인천광역시 서구 보도진로18번길 24-1 (가좌동), ,,시내버스 운송업,2001-01-01,12월
세운버스,SEWOON,세운버스, ,이원국,기타법인,170111-0023200,514-81-02976,대구광역시 달서구 달서대로 117 (대천동), ,,시내버스 운송업,1979-12-12,12월
주식회사 세원,"SEWON CO.,LTD",세원, ,김용복,기타법인,184511-0000460,621-81-03249,경상남도 양산시 중부동 402, ,,시내버스 운송업,1980-01-01,12월
주식회사 세원마리타임,SEWON MARITIME LOGISTINC INC.,세원마리타임, ,김규완,기타법인,110111-1726730,110-81-41501,서울특별시 중구 순화동 순화빌딩901호, ,,그 외 기타 운송관련 서비스업,1999-07-02,12월
(주)세유항공,"seyou air co.,ltd.",세유항공, ,김상국,기타법인,110111-4136580,104-86-21918,서울특별시 종로구 삼봉로 95 대성스카이렉스 406호 (견지동), ,,항공 여객 운송업,2009-07-13,12월
주식회사 세이레,Seirye,세이레, ,윤성환,기타법인,200111-0352553,410-87-00227,광주광역시 서구 죽봉대로 12, ,,주차장 운영업,2014-08-01,12월
주식회사 세이프인3,"SAFEIN Co,.Ltd",세이프인3, ,홍호선,기타법인,284911-0129823,141-81-43008,경기도 파주시 적성면 적성산단로 36-14 (가월리)(주)세이프인3,www.safein.co.kr,,기타 보관 및 창고업,2014-08-27,12월
세익여객자동차주식회사,"seick transportatiion co.,ltd.",세익여객자동차, ,"이승건, 이상은",기타법인,180111-1582419,849-81-02931,"부산광역시 기장군 기장읍 기장대로 313 (청강리, 동부산시내버스공영차고지)", ,,시내버스 운송업,2024-10-01,12월
세인트블루 주식회사,Saint Blue corp,세인트블루, ,김형범,기타법인,110111-1817042,104-81-48509,서울특별시 영등포구 양평동3가 46 이앤씨드림타워 3층 313-314호, ,,그 외 기타 운송관련 서비스업,1999-11-26,12월
(주)세인티앤엘,sein tnl,세인티앤엘, ,박병호,기타법인,110111-3722257,211-88-01209,"서울특별시 강남구 언주로 710 (논현동, 성암빌딩) 4층",www.seinlogistics.com,,통관 대리 및 관련서비스업,2007-07-20,12월
주식회사 세인티앤엘 특수,"Seintnl Special Co., Ltd.",세인티앤엘특수, ,박병호,기타법인,120111-1367227,550-86-03336,"인천광역시 서구 정서진8로 13 (오류동, (주)세인티앤엘인천아라뱃길물류센터)", ,,위험물품 보관업,2025-03-08,12월
세인해운(주),"SEIN SHIPPING CO., LTD",세인해운, ,최승환,기타법인,110111-3271262,101-86-16677,서울특별시 종로구 필운동 254 신동아블루아 광화문의 꿈 404호, ,,외항 화물 운송업,2005-07-18,12월
세일교통자동차 주식회사,SEIL TRAFFIC MOTOR CO,세일교통자동차, ,강세환,기타법인,194911-0000527,612-81-01780,경상남도 거제시 서문로 79 (고현동) 세일교통자동차(주), ,,시내버스 운송업,1985-08-23,12월
(주)세일엘앤씨,"SEIL L&C CO.,LTD",세일엘앤씨, ,권민수,기타법인,164811-0055132,312-86-18668,"충청남도 아산시 인주면 아산호로 23-2 (공세리, (주)세일엘앤씨)", ,,일반 창고업,2010-07-12,12월
(주)세종,sejong,세종, ,윤재혁,기타법인,194211-0007262,609-81-12544,경상남도 창원시 의창구 평산로8번길 48 (팔용동), ,,그 외 기타 운송관련 서비스업,1991-05-01,12월
세종교통주식회사,Sejong Traffic,세종교통, ,"이창덕, 황인하",기타법인,164711-0000676,307-81-01587,세종특별자치시 연서면 당산로 389 (봉암리) 세종교통, ,,시내버스 운송업,1986-07-01,12월
주식회사 세종물류,"sejong logistics co.,ltd.",세종물류, ,윤봉석,기타법인,194211-0008476,609-81-13859,경상남도 창원시 성주동 23, ,,기타 육상 운송지원 서비스업,1992-01-18,12월
세종제일운수(주),SEJONG JEIL BUS,세종제일운수, ,백창욱,기타법인,164711-0144995,804-86-03117,세종특별자치시 갈매로 1008 (누리동), ,,시내버스 운송업,2024-04-24,12월
(주)세주,sejuu,세주, ,김진형,기타법인,180111-0649426,602-81-47299,부산광역시 중구 중앙동4가 36-14번지 반도빌딩702호, ,,내항 화물 운송업,2008-10-07,12월
세주인터내셔날(주),"SEJOO INTERNATIONAL CO., LTD",세주인터내셔날, ,강창호,기타법인,180111-0303098,617-81-25400,"부산광역시 해운대구 센텀중앙로 97 A동 1405호(재송동, 센텀스카이비즈)", ,,"화물운송 중개, 대리 및 관련 서비스업",1999-10-23,12월
(주) 세중로지스틱스,"sejoong logistics co.,ltd",세중로지스틱스, ,천세전,기타법인,110111-8125852,350-88-02406,"서울특별시 중구 세종대로21길 22 (태평로1가, 태성빌딩) 3층 306호", ,,통관 대리 및 관련서비스업,2021-12-21,12월
(주)세진교통,sejinbus,세진교통, ,김명섭,기타법인,170111-0010439,502-81-03098,대구광역시 수성구 달구벌대로 2699,sejinbus@daum.net,,시내버스 운송업,1979-09-01,12월
세진마리타임(주),"SEJIN MARITIME CO.,LTD",세진마리타임, ,박근혁,기타법인,110111-2226648,104-81-61671,서울특별시 중구 무교동 1번지 효령빌딩 606, ,,내항 화물 운송업,2001-04-27,12월
세진여객(주),Sejin Transportation Service Corporation,세진여객, ,강효중,기타법인,180111-0026038,607-81-03694,"부산광역시 금정구 중앙대로 2310 (노포동, 금정시내버스공영차고지)", ,,시내버스 운송업,1976-12-29,12월
(주)세창,"Sechang Co.,Ltd",세창, ,이창민,기타법인,220111-0014175,616-81-12256,전라남도 영암군 삼호읍 나불리 608-1, ,,내항 화물 운송업,1994-05-01,12월
세창해운(주),"Sechang Shipping Co.,Ltd",세창해운, ,최영자,기타법인,220111-0024546,616-81-24581,전라남도 영암군 삼호읍 용당리 2169-7,www.scline.co.kr,,내항 화물 운송업,1999-01-08,12월
세풍운수 주식회사,SE POONG BUS . CO,세풍운수, ,문인수,기타법인,110111-0154007,113-81-08743,"서울특별시 양천구 신정로7길 17 (신정동, 양천공영차고지)", ,,시내버스 운송업,1972-09-20,12월
세화통운주식회사,"SEHWA EXPRESS CO., Ltd",세화통운, ,이병성,기타법인,190111-0001468,608-81-00273,경상남도 창원시 마산합포구 월포동 2-121번지, ,,수상 화물 취급업,1972-05-20,12월
센트럴터미널코리아(주),"Central Terminal Korea Co., Ltd.",센트럴터미널코리아, ,김찬수,기타법인,181211-0012745,610-81-10449,울산광역시 남구 용잠로 459 (용잠동),www.taeyoung.co.kr,,농산물 창고업,1990-05-08,12월
소너스마린에스에이,"Soners Marine, S.A.",소너스마린에스에이, ,Eanwing Chi,기타법인, ,11668,"Wokington tower 78Bonham strand East, SheungWan, HongKong", ,,그 외 기타 분류 안된 운송 관련 서비스업,1989-03-28,12월
주식회사 소니드네트웍스,sonid networks,소니드네트웍스, ,황인석,기타법인,110111-8791091,693-86-03007,"서울특별시 서대문구 명물길 62 (창천동, 오시리스타워) 901호", ,,주차장 운영업,2023-11-14,12월
소니서플라이체인솔루션즈코리아 (주),"Sony Supply Chain Solutions (Korea) Co., Ltd.",소니서플라이체인솔루션즈코리아, ,시오세 마사아키,기타법인,110111-3161926,120-86-77355,서울특별시 강남구 삼성동 코엑스 무역센터 1401,www.sonyscs.co.kr,,그 외 기타 운송관련 서비스업,2005-01-27,03월
(주)소모홀딩스엔테크놀러지,"SOMO Holdings & Tech Co.,Ltd.",소모홀딩스엔테크놀러지, ,"신준수, 유재각",기타법인,110111-0324014,120-81-14980,"서울특별시 강남구 영동대로 311 (대치동, 소모빌딩)",somohnt.com,,항만 내 여객 운송업,1982-07-27,12월
소사산업 주식회사,sosaindustry company,소사산업, ,유금상,기타법인,121111-0232793,130-86-69610,경기도 부천시 소사구 소사본동65-6, ,,주차장 운영업,2012-04-13,12월
소신여객자동차 주식회사,soshin,소신여객자동차, ,여광혁,기타법인,121111-0299975,453-87-00262,경기도 부천시 원미구 부일로 490, ,,시내버스 운송업,2015-12-22,12월
(주)소신홀딩스,soshin,소신홀딩스, ,문병권,기타법인,124311-0000490,130-81-00595,경기도 부천시 원미구 심곡동 170-2, ,,기타 운송관련 서비스업,1930-01-15,12월
소양해운(주),"SOYANG SHIPPING CO.,LTD",소양해운, ,이윤수,기타법인,110111-0352429,102-81-26979,서울특별시 종로구 당주동 100번지 세종빌딩3층,WWW.SOYANG.COM,,그 외 기타 운송관련 서비스업,1983-09-01,12월
속리산고속(주),Songnisanbuslines,속리산고속, ,강병도,기타법인,150111-0000286,301-81-00353,충청북도 청주시 흥덕구 2순환로 1229,songnisanbuslines.co.kr,,시외버스 운송업,1967-04-04,12월
솔물류주식회사,Sol Logistics,솔물류, ,김영천,기타법인,134511-0065381,135-81-58165,"경기도 용인시 처인구 양지면 죽양대로2071번길 10-9 (평창리, 솔물류)", ,,일반 창고업,2002-10-28,12월
솜티앤엘 주식회사,SOM T and L Company Inc.,솜티앤엘, ,김희주,기타법인,134511-0367026,734-86-01197,"경기도 용인시 처인구 모현읍 곡현로 506-2 (매산리, 에스티엘냉장)", ,,냉장 및 냉동 창고업,2018-09-10,12월
송도버스,SONGDOBUS,송도버스, ,"신재호, 신기범",기타법인,120111-0006917,131-81-01471,인천광역시 연수구 앵고개로 86 (동춘동)768-1,songdobus@hanmail.net,,시내버스 운송업,1978-10-13,12월
(주)송도해상케이블카,"Songdo Marine Cable Car Co.,Ltd.",송도해상케이블카, ,최효섭,기타법인,180111-0868448,617-86-09671,"부산광역시 서구 송도해변로 171 (암남동, 송도케이블카하부정류장)", ,,기타 도시 정기 육상 여객 운송업,2013-07-10,12월
송림물류주식회사,sllogis logistics,송림물류, ,이점화,기타법인,134211-0077689,126-81-93358,경기도 이천시 호법면 덕평로 189-20 (매곡리), ,,"화물운송 중개, 대리 및 관련 서비스업",2006-02-28,12월
(주)송양,"SONGYANG Co., Ltd",송양, ,원대인,기타법인,181211-0048708,610-81-32220,울산광역시 남구 장생포고래로155번길 4 (장생포동),-,,기타 내륙 수상 여객 및 화물 운송업,1998-02-20,12월
송원엔터프라이즈(주),"SONGWON ENTERPRISE CO.,LTD.",송원엔터프라이즈, ,노재호,기타법인,110111-1954852,104-81-52997,서울특별시 중구 을지로1가 188-3 백남빌딩 1001, ,,그 외 기타 운송관련 서비스업,2000-04-27,12월
송원피씨에스(주),"Songwon PCS Co., Ltd.",송원피씨에스, ,노재호,기타법인,110111-4073302,104-86-20068,서울특별시 중구 을지로1가 188-3 백남빌딩 1005, ,,외항 화물 운송업,2009-04-07,12월
송파상운(주),"SONGPA TRANSPORTATION Co.,ltd",송파상운, ,이봉현,기타법인,110111-0008519,215-81-03044,서울특별시 송파구 오금로 567 (거여동), ,,시내버스 운송업,1970-11-07,12월
수도관광주식회사,SUDOTOUR,수도관광, ,변상봉,기타법인,110111-2162230,126-81-51867,"서울특별시 영등포구 영등포로3길 7 (양평동2가, 양평동삼성아파트) 상가동401호", ,,전세버스 운송업,2001-02-02,12월
수도권서부고속도로(주),Metropolitan Western Expressway,수도권서부고속도로, ,최영운,기타법인,135111-0082770,123-86-08274,경기도 군포시 번영로 147-95 (부곡동), ,,도로 및 관련시설 운영업,2006-12-18,12월
(주)수성로지스틱스,"SU SUNG LOGISTICS CO., LTD.",수성로지스틱스, ,유수명,기타법인,131111-0591006,238-88-01524,서울특별시 강남구 선릉로72길 10-16 (대치동) B1, ,,기타 내륙 수상 여객 및 화물 운송업,2020-05-06,12월
수성물류(주),daehan,수성물류, ,정재동,기타법인,170111-0441783,503-81-96611,대구광역시 달서구 성서공단로 275 (장동), ,,일반 창고업,2011-10-20,12월
수성해운(주),"Susung Shipping Co., Ltd.",수성해운, ,임덕춘,기타법인,180111-0364652,602-81-21402,"부산광역시 중구 대교로 119 1307 (중앙동6가, 씨제이대한통운빌딩)",suseong@hanmail.net,,외항 화물 운송업,2001-06-07,12월
수양물류주식회사,suyang logistics,수양물류, ,김현태,기타법인,210111-0038854,402-81-52061,전라북도 완주군 용진면 신지송광로 25 (신지리), ,,일반 화물자동차 운송업,2003-01-14,12월
수원순환도로주식회사,"Suwon Beltway Corporation, Limited",수원순환도로, ,이상효,기타법인,110111-5046340,120-87-93105,"경기도 수원시 장안구 수원북부순환로 188 (송죽동, 장안영업소,업무시설)",www.suwonbeltway.co.kr/,,도로 및 관련시설 운영업,2013-01-16,12월
수원여객운수주식회사,Suwon City Bus,수원여객운수, ,권성욱,기타법인,130111-0000313,135-81-02318,"경기도 수원시 권선구 온정로 88 (오목천동, 케이원모빌리티그룹,수원여객,용남고속)", ,,시내버스 운송업,1962-03-15,12월
수정산업(주),"SOOJEONG MARINE INDUSTRY CO., LTD.",수정산업, ,구용재,기타법인,161411-0002051,310-81-04348,"충청남도 서산시 대산읍 대산리 117,118번지 ", ,,기타 수상 운송지원 서비스업,1992-08-06,12월
순영코퍼레이션(주),Soonyoung Corporation Ltd.,순영코퍼레이션, ,강동철,기타법인,110111-1397507,110-81-37287,"서울특별시 종로구 새문안로5가길 28 1303호 (적선동, 광화문플래티넘)", ,,"화물운송 중개, 대리 및 관련 서비스업",1997-04-02,12월
(주)순천에코트랜스,Suncheon Eco Trans Co. LTD,순천에코트랜스, ,장인화,기타법인,201311-0045468,416-81-76494,전라남도 순천시 강변로 435,www.sc-prt.com,,철도 운송지원 서비스업,2011-03-03,12월
(주)쉥커코리아,Schenker Korea Ltd.,쉥커코리아, ,LUKAT DIRK OLIVER,기타법인,110111-1394066,102-81-41887,"인천광역시 중구 공항동로296번길 97-49 (운서동, 인천국제공항자유무역지역) G3블럭",www.dbschenker.com/kr,,그 외 기타 운송관련 서비스업,1997-03-25,12월
(주)쉬핑랜드,"SHIPPLING-LAND CO., LTD.",쉬핑랜드, ,이희선,기타법인,110111-1265027,110-81-34878,서울특별시 중구 서소문동 58-7 동화빌딩 9층,www.shipland.com,,외항 화물 운송업,1996-05-01,12월
쉬핑뱅크 주식회사,"SHIPPINGBANK.CO.,LTD",쉬핑뱅크, ,이태규,기타법인,110111-2737166,107-86-31939,서울특별시 영등포구 여의도동 44-1 대영빌딩 7층,www.shippingbank.co.kr,,외항 화물 운송업,2003-03-13,12월
쉬핑얼라이드코퍼레이션(주),SHIPPING ALLIED CORPORATION,쉬핑얼라이드코퍼레이션, ,권영수,기타법인,110111-3808289,104-86-11929,서울특별시 종로구 인사동 194-27 태화빌딩, ,,외항 화물 운송업,2007-12-18,12월
(주)쉽맨코,"Shipman Co.,Ltd.",쉽맨코, ,김학연,기타법인,180111-0655580,605-81-91590,"부산광역시 동구 중앙대로 263 1007호 (초량동, 국제오피스텔)", ,,외항 화물 운송업,2009-01-01,12월
슈퍼랙 주식회사,"Super Rack Co.,Ltd.",슈퍼랙, ,서철호,기타법인,110111-7231113,506-88-01387,"서울특별시 중구 세종대로 74 (태평로2가, 삼정빌딩)",www.super-rack.com,,그 외 기타 운송관련 서비스업,2019-09-11,12월
스마트로지스(주),"SMARTLOGIS.CO.,LTD",스마트로지스, ,"권정국, 권새로미",기타법인,135711-0194755,570-81-02938,"경기도 하남시 조정대로 150 (덕풍동, 아이테코) 블루존 712호", ,,일반 창고업,2022-04-01,12월
주식회사 스마트로지스틱스,Smart Logistics,스마트로지스틱스, ,이탁규,기타법인,284111-0243116,323-86-01793,"경기도 남양주시 와부읍 수레로9번길 13 (덕소리, IVYTower) 203-1호", ,,냉장 및 냉동 창고업,2020-10-30,12월
주식회사 스마트물산,"smartmulsan co.,ltd.",스마트물산, ,김순녀,기타법인,131311-0103302,125-81-92486,경기도 평택시 포승읍 원정리1206-1, ,,보관 및 창고업,2010-12-20,12월
주식회사 스마트엘,"SMART L  Co., Ltd.",스마트엘, ,서석범,기타법인,134411-0082022,848-88-01205,"경기도 이천시 마장면 마도로 70-77 (관리, (주)에스시로지스틱스)", ,,일반 창고업,2018-06-18,12월
스마트홀딩스(주),SMARTholdings,스마트홀딩스, ,권율,기타법인,110111-1199599,205-81-33099,경기도 하남시 서하남로 576 (교산동), ,,일반 창고업,1995-10-12,12월
스위스관광(주),"swisstour co., Ltd",스위스관광, ,황두연,기타법인,135111-0054737,123-81-62098,"경기도 평택시 고덕중앙로 322 (고덕동, 에이스S-TOWER지식산업센터) 208호",www.bus1st.com,,전세버스 운송업,2000-11-01,12월
스위스관광(주),"swisstour co., ltd",스위스관광, ,김민지,기타법인,110111-4459007,109-86-26223,경기도 포천시 영중면 호국로 2886 (양문리),www.bus1st.com,,전세버스 운송업,2011-02-01,12월
스위스포트코리아 주식회사,Swissport Korea Ltd,스위스포트코리아, ,김종욱,기타법인,110111-2157439,220-86-06728,인천광역시 중구 운서동 인천국제공항화물터미널 2068호,www.swissport.co.kr/,,기타 운송관련 서비스업,2001-03-29,12월
주식회사 스카이네트웍스,"SKY Networks Co.,Ltd",스카이네트웍스, ,정광면,기타법인,110111-4744763,107-87-62399,"서울특별시 영등포구 양평로30길 14 (양평동6가) ,1006호",www.skypartners.co.kr/,,기타 육상 운송지원 서비스업,2011-12-07,12월
(주)스카이로드,"SKYROAD EXPRESS ,INC",스카이로드, ,김영찬,기타법인,110111-1432048,109-81-51090,"서울특별시 강서구 양천로 583 (염창동, 우림블루나인비즈니스센터) a동 2101-2102호",www.skyrd.co.kr,,"화물운송 중개, 대리 및 관련 서비스업",1997-06-28,12월
(주)스카이매스터,Skymaster Express Inc.,스카이매스터, ,문진남,기타법인,110111-0896394,105-81-55172,서울특별시 마포구 서교동 353-5 경남빌딩 9층,skymaster.co.kr,,창고 및 운송관련 서비스업,1992-10-01,12월
스카이물류주식회사,"sky logistics co., ltd.",스카이물류, ,최정권,기타법인,134411-0022101,126-81-66448,경기도 이천시 마장면 덕평리 141-7, ,,일반 창고업,2002-10-07,12월
주식회사 스카이인터내셔널,"SKY International Co., Ltd.",스카이인터내셔널, ,이미라,기타법인,110111-5432325,261-81-13190,"서울특별시 서초구 방배천로 118 (방배동, 신구하이텍빌리지)", ,,창고 및 운송관련 서비스업,2014-06-05,12월
주식회사 스캔글로벌로지스틱스코리아,Scan global logistics korea,스캔글로벌로지스틱스코리아, ,Soren Madsen(소렌매드슨),기타법인,110111-8670807,106-87-15044,"서울특별시 영등포구 선유동2로 57 (양평동4가, 이레빌딩) 신관3층", ,,"화물운송 중개, 대리 및 관련 서비스업",2023-06-27,12월
(주)스타라인,starline.co.ltd,스타라인, ,노기현,기타법인,180111-0967498,160-87-00088,부산광역시 영도구 해양로 109 (청학동), ,,외항 여객 운송업,2015-04-16,12월
주식회사 스타물류,START Logics,스타물류, ,조정훈,기타법인,134411-0092013,409-87-01809,경기도 이천시 부악로 8 (중리동), ,,일반 창고업,2020-01-14,12월
스타클러스터(주),STAR CLUSTER,스타클러스터, ,KOH JAY,기타법인,110111-2763757,105-86-52942,서울특별시 서초구 서초대로78길 5 대각빌딩 9층, ,,그 외 기타 운송관련 서비스업,2003-04-18,03월
스텔라해운(주),"Stellar Shipping Co., Ltd.",스텔라해운, ,유경무,기타법인,110111-1655822,104-81-45273,서울특별시 중구 남대문로 5가 267 남산그린빌딩 18층, ,,외항 화물 운송업,1999-02-26,12월
스토어허브파이오니어1 주식회사,"StorHub Pioneer 1 Co., Limited",스토어허브파이오니어1, ,박상용,기타법인,110111-7891842,474-86-02241,"서울특별시 성동구 서울숲2길 32-14 (성수동1가, 갤러리아포레) 지하1층 비119호, 비120호", ,,일반 창고업,2021-05-18,12월
스토어허브파이오니어4 주식회사,STORHUB PIONEER 4 CH,스토어허브파이오니어4, ,박상용,기타법인,110111-8044713,721-86-02507,"서울특별시 강남구 논현로 641 지하1층 (논현동, 논현동대우아이빌힐타운)", ,,기타 보관 및 창고업,2021-10-06,12월
스토어허브파이오니어8 주식회사,"StorHub Pioneer 8 Co., Limited",스토어허브파이오니어8, ,박상용,기타법인,110111-8239413,145-88-02124,"경기도 고양시 덕양구 중앙로 616 (화정동, 스토어허브고양타워)", ,,일반 창고업,2022-03-22,12월
주식회사 스파럭스,"Spalux Co.,LTD",스파럭스, ,박진용,기타법인,171211-0001617,505-81-01139,경상북도 경주시 원효로 14-1 (노서동),www.spalux.co.kr,,시내버스 운송업,1979-11-08,12월
(주)스페이시스원,"SPASYS1 CO.,LTD",스페이시스원, ,모상희,기타법인,120111-1000075,216-81-42360,"인천광역시 중구 공항동로296번길 98-30 3층(운서동,엘엑스판토스인천물류센터)", ,,일반 창고업,2019-05-27,12월
(주) 스피드코리아,"Speedkorea.Co.,Ltd",스피드코리아, ,정승채,기타법인,110111-1760126,214-86-36800,서울특별시 서초구 서초2동 1376-1 외교센타빌딩 1층 102호,www.speedkorea.com,,일반 화물자동차 운송업,1999-08-28,12월
승일운수주식회사,"Seungilyunsu co.,Ltd",승일운수, ,"전동옥, 전승훈",기타법인,110111-0101751,212-81-01125,서울특별시 송파구 장지동 138-210, ,,택시 운송업,1969-03-26,12월
승주상운 주식회사,SEOUNGJU SANG UN,승주상운, ,"정승윤, 정부길",기타법인,110111-4810936,214-88-93445,서울특별시 금천구 범안로17길 67 (독산동), ,,기타 운송관련 서비스업,2012-03-28,12월
시너지코리아 주식회사,"SYNERGY KOREA CO.,LTD",시너지코리아, ,조호행,기타법인,180111-1287324,252-87-01843,부산광역시 중구 중앙대로 70 (중앙동4가) 13층, ,,선박관리업,2020-05-04,03월
시노코쉽매니지먼트 주식회사,"SINOKOR SHIP MANAGEMENT Co., Ltd.",시노코쉽매니지먼트, ,조금용,기타법인,180111-0965749,611-86-00051,"부산광역시 중구 충장대로 11 (중앙동4가, 무역회관빌딩) 15층 1501호", ,,수상 운송지원 서비스업,2015-04-06,12월
시노코탱커(주),"SINOKOR TANKER CO., LTD.",시노코탱커, ,김남덕,기타법인,110111-4389022,104-86-29337,"서울특별시 중구 세종대로 64 태평로2가, 해남빌딩 10층", ,,외항 화물 운송업,2010-07-08,12월
시노코페트로케미컬 주식회사,"Sinokor Petrochemical Co., Ltd.",시노코페트로케미컬, ,김남덕,기타법인,110111-4547034,104-86-33748,"서울특별시 중구 세종대로 64 태평로2가, 해남빌딩 10층", ,,외항 화물 운송업,2011-03-07,12월
(주)시노트란스코리아쉬핑,SINOTRANS KOREA SHIPPING,시노트란스코리아쉬핑, ,쑨웨이,기타법인,110111-1010349,104-81-36279,"서울특별시 중구 소공로 116 (소공동, 서울센타빌딩) 5층", ,,그 외 기타 운송관련 서비스업,1994-02-07,12월
(주)시노파이스트해운,"Sino Far East Shipping Co., Ltd.",시노파이스트해운, ,오창주,기타법인,110111-2697500,104-81-78435,서울특별시 중구 태평로2가 69-5, ,,외항 화물 운송업,2003-01-17,12월
시도상선(주),"CIDO SHIPPING (KOREA) CO., LTD.",시도상선, ,박무창,기타법인,110111-1135098,214-86-04782,부산광역시 동구 초량1동 1213-3번지 동일빌딩 201호, ,,기타 수상 운송지원 서비스업,1995-04-15,03월
시리우스항공(주),"SIRIUS AIRLINES  Co., Ltd.",시리우스항공, ,권도균,기타법인,110111-7446837,114-88-01650,"부산광역시 동구 중앙대로 331 (초량동, 메리츠화재)12층",www.siriusairlines.com,,항공 화물 운송업,2020-04-01,12월
(주)시민버스,siminbus.co,시민버스, ,추한식,기타법인,190111-0000147,608-81-00439,경상남도 마산시 합포구 가포동 606-3, ,,시내버스 운송업,1954-01-25,03월
시민여객자동차주식회사,"CI MIN PASSENSER CO., LTD.",시민여객자동차, ,이민재,기타법인,180111-0006866,617-81-00471,부산광역시 남구 백운포로 40 (용호동),www.siminbus.com,,시내버스 운송업,1970-07-28,12월
주식회사시민여객자동차,SIMINBUS,시민여객자동차, ,김진옥,기타법인,210111-0010844,418-81-05035,전라북도 전주시 덕진구 고내천변로 32-9 (송천동2가), ,,시내버스 운송업,1992-05-01,12월
(주)시앤시마리타임,"C&C Maritime Co., Ltd.",시앤시마리타임, ,정현석,기타법인,110111-6876803,766-81-01210,서울특별시 영등포구 영신로 166 (영등포동6가) 영등포반도아이비밸리 1101호,www.cncmaritime.co.kr,,외항 화물 운송업,2018-09-19,12월
주식회사 시에이치물류,CH LOGISTICS,시에이치물류, ,차희경,기타법인,110111-5221489,264-81-21480,경기도 용인시 기흥구 하갈로 141-17 (상갈동), ,,보관 및 창고업,2013-09-04,12월
시영운수 주식회사,SIYOUNG TRANSPORTION,시영운수, ,"안생준, 안광헌",기타법인,120111-0332784,122-81-80360,인천광역시 서구 보도진로18번길 24-1 (가좌동), ,,시내버스 운송업,2003-12-04,12월
시웅로직스(주),Siwoonglogics Corp.,시웅로직스, ,정대식,기타법인,204611-0022657,416-81-62947,전라남도 광양시 담안길 34 (태인동), ,,"화물운송 중개, 대리 및 관련 서비스업",2008-09-23,12월
주식회사 시유,cu.co.ltd,시유, ,전준영,기타법인,200111-0258834,409-86-01777,광주광역시 북구 무등로 239 한국시멘트빌딩 3층 (중흥동), ,,일반 화물자동차 운송업,2008-04-23,12월
시티항공 주식회사,"CITIAIR CO.,LTD.",시티항공, ,김철영,기타법인,110111-1174319,105-81-72657,서울특별시 마포구 도화동 22번지 창강빌딩 1821호, ,,항공 운송업,1995-07-05,12월
주식회사 시흥교통,Siheung Transport,시흥교통, ,민충기,기타법인,135511-0143532,134-86-07445,"경기도 시흥시 신현로 181 (포동, 포동공영차고지)",www.shbus.net,,시내버스 운송업,2003-11-17,12월
주식회사 신강교통,Sinkangtrans,신강교통, ,홍경섭,기타법인,120111-0617574,122-86-25284,인천광역시 서구 원당대로206번길 11-8 (오류동), ,,시내버스 운송업,2012-07-01,12월
신공항하이웨이 주식회사,"NEW AIRPORT HIWAY CO., LTD.",신공항하이웨이, ,방종구,기타법인,110111-1219909,229-81-13691,인천광역시 서구 봉수대로 1048 (검암동), ,,도로 및 관련시설 운영업,1995-12-06,12월
신광선박주식회사,"SHINKWANG SHIPPING CO.,LTD.",신광선박, ,서대원,기타법인,206211-0049970,417-81-47013,전라남도 여수시 여서1로 104 (여서동) 3층, ,,기타 해상 운송업,2013-08-21,12월
신기에스앤에이 주식회사,"SHINGI SNA CO., LTD.",신기에스앤에이, ,김진식,기타법인,110111-6460979,566-87-00817,"서울특별시 종로구 인사동길 12 (인사동, 대일빌딩) 902호", ,,기타 수상 운송지원 서비스업,2017-07-14,12월
신길교통 주식회사,"Singil Transportation Co., Ltd",신길교통, ,이강식,기타법인,110111-8070586,465-88-02260,"서울특별시 양천구 월정로 117 (신월동, 신길운수주식회사)", ,,시내버스 운송업,2021-11-23,12월
신길운수(주),"SHIN GIL TRANSPORTATION CO., LTD",신길운수, ,김유승,기타법인,110111-0001901,117-81-02514,"서울특별시 서초구 서초대로 397 (서초동, 부띠크모나코)", ,,시내버스 운송업,1977-07-19,12월
주식회사 신농유통,"Shinnhong circulation Co., Ltd",신농유통, ,장동규,기타법인,110111-0867824,107-81-52303,경기도 안산시 원시동 835-2, ,,일반 창고업,1992-06-19,12월
신대구부산고속도로(주),"NEW DAEGU BUSAN Expressway Co.,Ltd.",신대구부산고속도로, ,정준택,기타법인,110111-1824526,211-86-86937,"경상남도 밀양시 산외면 산외로 42-57 (남기리, 신대구부산고속도로본사)",www.dbeway.co.kr,,도로 및 관련시설 운영업,1999-12-08,12월
주식회사 신대동국제물류,"SINDAEDONG INTERNATIONAL LOGISTICS CO., LTD",신대동국제물류, ,박해광,기타법인,131311-0047295,125-81-47114,경기도 평택시 포승읍 서동대로 437-149 (신영리), ,,보관 및 창고업,2003-04-02,12월
신대륙물류(주),sindaeruk,신대륙물류, ,박원복,기타법인,120111-0505597,131-86-15742,인천광역시 중구 축항대로296번길 172 (신흥동3가) 신대륙물류, ,,보관 및 창고업,2009-08-13,12월
주식회사신대운여객,sindaewoon transport,신대운여객, ,이철수,기타법인,110111-5184132,220-88-62006,경기도 파주시 월롱면 도감로 164, ,,시내버스 운송업,2023-07-07,12월
신도여객자동차주식회사,sindo,신도여객자동차, ,김대종,기타법인,181211-0001772,610-81-04587,울산광역시 울주군 청량읍 웅촌로 1263 (율리) 118-2, ,,시내버스 운송업,1980-02-27,12월
주식회사 신명코퍼레이션,"SMC CO.,LTD.",신명코퍼레이션, ,구승찬,기타법인,134511-0569002,821-88-02475,"경기도 용인시 기흥구 하갈로15번길 34 (보라동, 아신)", ,,"화물 포장, 검수 및 계량 서비스업",2022-03-11,12월
(주)신백승여행사,"shin eaek seung tour co.,ltd",신백승여행사, ,박수응,기타법인,120111-0149329,122-81-53198,"인천광역시 서구 경명대로 463 (3층, 경서동)", ,,전세버스 운송업,1997-05-15,12월
신백승여행사 주식회사,Shin Baek Seung Tour,신백승여행사, ,박수응,기타법인,124411-0199241,693-86-00785,경기도 김포시 통진읍 김포대로2053번길 42-2 (도사리), ,,전세버스 운송업,2017-09-11,12월
신분당선주식회사,"Shinbundang Railroad Co.,Ltd",신분당선, ,민경수,기타법인,110111-3238999,220-87-10122,경기도 성남시 분당구 대왕판교로606번길 33 (삼평동),www.shinbundang.co.kr,,철도 운송업,2005-05-30,12월
신선대감만터미널 주식회사,"BUSAN PORT TEMINAL CO ., LTD",신선대감만터미널, ,이정행,기타법인,180111-1064756,509-88-00539,부산광역시 남구 신선로 294 (용당동),www.bptc.co.kr,,항구 및 기타 해상 터미널 운영업,2016-11-15,12월
신성교통주식회사,SHIN SUNG TYO TONG,신성교통, ,우정록,기타법인,110111-0059306,111-81-00819,서울특별시 은평구 대조동 2-30,없슴,,시내버스 운송업,1965-11-23,12월
(주)신성물류개발,SHINSUNG Logistics and Development,신성물류개발, ,신정식,기타법인,134511-0293362,858-87-00448,경기도 이천시 마장면 서이천로 288 (이치리), ,,일반 창고업,2016-06-23,12월
신성미래주식회사,sinsung,신성미래, ,우세환,기타법인,285011-0224430,128-86-78697,"경기도 고양시 일산서구 경의로789번길 3 (대화동, 신성교통)", ,,시내버스 운송업,2012-09-01,12월
신성여객(주),Shinsungyeogaek.CO,신성여객, ,우세환,기타법인,115611-0011898,128-81-23969,경기도 파주시 문산읍 문향로 72 (문산리), ,,시내버스 운송업,1996-06-29,12월
신성여객자동차(주),SHINSEONG PASSENSER CO.LTD,신성여객자동차, ,"이재희, 이원희",기타법인,180111-0035964,617-81-01072,"부산광역시 남구 우암로 58-1 (감만동, 신성여객(주))", ,,시내버스 운송업,1980-04-01,12월
(주)신성통운,Shinsung Logistics co.ltd,신성통운, ,김주식,기타법인,110111-6907202,791-86-01282,충청북도 음성군 음성읍 중앙로 165 (읍내리) 3층, ,,"화물운송 중개, 대리 및 관련 서비스업",2018-10-30,12월
신성해운(주),SHINSUNG SHIPPING CO LTD,신성해운, ,박영규,기타법인,110111-0574560,102-81-22920,"서울특별시 서초구 강남대로 329 (서초동, 산학재단빌딩)", ,,외항 화물 운송업,1988-05-12,12월
주식회사신세계센트럴,Shinsegae Central.Inc,신세계센트럴, ,박주형,기타법인,110111-0087612,114-81-00569,서울특별시 서초구 신반포로 176 (주)신세계센트럴, ,,여객 자동차 터미널 운영업,1977-11-03,12월
(주)신세대여행사,"Shinsedae Travel Agency Co., Ltd.",신세대여행사, ,홍상대,기타법인,134811-0024175,124-81-47450,경기도 수원시 권선구 서수원로 19 (오목천동), ,,전세버스 운송업,1996-12-20,12월
신수교통주식회사,SINSUTRAFFIC,신수교통, ,서미화,기타법인,110111-7630513,807-87-01997,"서울특별시 은평구 통일로 1190 (진관동, 진관공영차고지)", ,,시내버스 운송업,2020-10-01,12월
주식회사 신아주,SINAJ.CO.,신아주, ,문재영,기타법인,110111-0306541,216-81-00598,서울특별시 중랑구 상봉동 83-1,없음,,여객 자동차 터미널 운영업,1981-11-20,12월
신안교통 주식회사,sinan,신안교통, ,문지성,기타법인,110111-1599658,207-81-55648,"서울특별시 노원구 노원로 3 제지2층 제비2-1호(공릉동, 우토파크프라자)", ,,택시 운송업,1998-10-26,12월
(주)신안코스메틱,SHINAN COSMETICS,신안코스메틱, ,박서연,기타법인,110111-4100577,120-87-40194,"서울특별시 강남구 테헤란로 512 (대치동, 신안빌딩) 8층",www.shinancosmetic.co.kr/,,일반 화물자동차 운송업,2009-05-25,12월
주식회사 신양,"SHIN YANG CO.,LTD.",신양, ,김윤호,기타법인,110111-0344450,117-81-04017,경기도 평택시 포승읍 평택항만길 188 (만호리),www.sylc.co.kr,,그 외 기타 운송관련 서비스업,1983-06-09,12월
신양여객(주),shinyang transport,신양여객, ,"이희성, 박성관",기타법인,190111-0000337,608-81-00462,경상남도 마산시 가포동 499-5번지, ,,시내버스 운송업,1968-04-02,12월
주식회사 신영고속관광,SHINYOUNG TOUR,신영고속관광, ,이동희,기타법인,131311-0088976,125-81-80452,경기도 평택시 오리곡길 41, ,,전세버스 운송업,2009-04-14,12월
신우교통주식회사,shinwoo transportationco,신우교통, ,조장우,기타법인,110111-0151508,217-81-00776,서울특별시 노원구 상계3동 110-8, ,,시내버스 운송업,1973-08-30,12월
주식회사 신우냉장,"ShinWoo Cold-Storage Co.,Ltd.",신우냉장, ,임창일,기타법인,134211-0048846,126-81-59781,경기도 광주시 도척면 국사봉로 75 (진우리),www.shinwoo-coldstorage.com,,냉장 및 냉동 창고업,2002-01-29,12월
(주)신우농수산,"ShinWoo Agrifishery Co., Ltd",신우농수산, ,임창일,기타법인,131111-0043685,129-81-30842,부산광역시 사하구 다대동 680-8,http://www.shinwoo-agrifishery.com/,,냉장 및 냉동 창고업,1999-10-28,12월
신원해운 주식회사,"SHIN WON MARINE CO.,LTD.",신원해운, ,권만섭,기타법인,180111-0145606,601-81-23692,부산광역시 영도구 대교동2가 147, ,,기타 해상 운송업,1993-08-31,12월
신인운수주식회사,shininwoonsu Corp.,신인운수, ,우동환,기타법인,110111-0067185,111-81-00876,"서울특별시 금천구 가마산로 78 (가산동, 신인운수(주))", ,,시내버스 운송업,1966-05-23,12월
(주)신일여객,sinil,신일여객, ,나채진,기타법인,170111-0010835,502-81-03308,대구광역시 동구 대림로2길 8 (괴전동), ,,시내버스 운송업,1980-01-10,12월
신정관광(주),shinjungtour,신정관광, ,민승현,기타법인,124411-0040189,137-81-25146,"서울특별시 강서구 수명로 31 (내발산동, 하버드아카데미) 201호", ,,전세버스 운송업,1999-12-08,12월
신정선박(주),"SHINJUNG SHIPPING CO., LTD.",신정선박, ,박한규,기타법인,180111-0255231,605-81-57379,부산광역시 동구 초량3동 1195-2 장원빌딩 501호, ,,기타 해상 운송업,1998-04-11,12월
신조로지텍 주식회사,"Shin-Jo Logitech Co., Ltd.",신조로지텍, ,권순욱,기타법인,180111-0270031,601-81-34433,부산광역시 해운대구 센텀중앙로 90 (재송동) 2101호,www.sjl21.com,,그 외 기타 운송관련 서비스업,1998-11-20,12월
신진교통(주),"Shinjin Transportation Co.,Ltd",신진교통, ,정충용,기타법인,180111-0685123,621-81-81191,"부산광역시 금정구 공단서로8번길 81 (금사동, 세륭운수.한양교통)",나동 606호,,택시 운송업,2009-09-01,12월
신진자동차(주),sinjinbus,신진자동차, ,김태식,기타법인,170111-0001313,502-81-00636,대구광역시 수성구 청호로 14 (범물동), ,,시내버스 운송업,1961-11-17,12월
주식회사 신창,SHINCHANG.CO.LTD,신창, ,박병국,기타법인,206411-0006728,416-81-24360,"전라남도 광양시 폭포사랑길 20-26 (금호동, 광양제철소)", ,,수상 화물 취급업,1999-07-01,12월
신촌교통주식회사,shinchon,신촌교통, ,이기훈,기타법인,110111-0045941,111-81-00634,"서울특별시 서대문구 수색로 42 (남가좌동, 좌원상가) 가-101호", ,,시내버스 운송업,1961-02-10,12월
(주)신한상사,shinhansangsa,신한상사, ,문동준,기타법인,134211-0192221,542-81-00667,경기도 광주시 오포읍 오포로 726-14 (추자리), ,,보관 및 창고업,2017-04-15,12월
신한여객자동차주식회사,"Shinhan-Transportation Service Co.,Ltd",신한여객자동차, ,"안준식, 성민호",기타법인,180111-0009555,601-81-08217,"부산광역시 영도구 태종로 810 (동삼동, 신한여객)", ,,시내버스 운송업,1951-05-21,12월
주식회사 신한인비스타,"SHINHAN INVISTA CO.,Ltd",신한인비스타, ,장승희,기타법인,120111-0477267,121-81-93197,경기도 김포시 고촌읍 아라육로 95 (전호리), ,,일반 창고업,2008-10-27,12월
주식회사 신한해운,"shinhan marlin.co .,ltd",신한해운, ,한상정,기타법인,164511-0003468,313-81-04478,"충청남도 보령시 대천항중앙길 30 (신흑동, 대천항연안여객터미널)", ,,내항 여객 운송업,1997-01-28,12월
신항인력관리,newportrecourcessupply,신항인력관리, ,문성주,기타법인,194211-0309668,501-81-26370,"경상남도 창원시 진해구 신항4로 15-48 (용원동, 현대코스코로지스틱스) 207호", ,,수상 화물 취급업,2019-12-11,12월
신화개발 주식회사,Shin hwa development,신화개발, ,이상수,기타법인,171211-0000601,505-81-01124,경상북도 경주시 용강동 1228-41, ,,시내버스 운송업,1979-11-15,12월
(주)신화로직스,"SHINHWA LOGISTIC SERVICE.,LTD",신화로직스, ,박해광,기타법인,134811-0052332,124-81-83835,경기도 평택시 포승읍 신영리944, ,,일반 화물자동차 운송업,2001-05-02,12월
(주)신화여객,SHINHWA,신화여객, ,정판헌 김재범,기타법인,124611-0264610,137-81-39728,인천광역시 서구 원창로 90 (원창동) (주)신화여객, ,,시내버스 운송업,2001-09-25,12월
신흥교통주식회사,"SHINHEUNG TRANSPORTATION Co,.Ltd",신흥교통, ,송병진,기타법인,120111-0077596,131-81-23908,"인천광역시 중구 축항대로290번길 124 (신흥동3가, 신흥교통(주))", ,,기타 도시 정기 육상 여객 운송업,1992-09-15,12월
주식회사신흥기업,shinhung company,신흥기업, ,"여상현, 여승종",기타법인,110111-0036015,215-81-56823,서울특별시 송파구 중대로38길 17 (오금동), ,,시내버스 운송업,1955-03-22,12월
신흥버스(주),"SINHEUNG BUS CO.,LTD",신흥버스, ,김판출 김종철,기타법인,170111-0000779,503-81-13871,대구광역시 달서구 성서공단로 93 (갈산동), ,,시내버스 운송업,1973-07-01,12월
(주)신흥사,ShinHeung,신흥사, ,"이능환, 이정인",기타법인,181211-0001863,610-81-05795,울산광역시 남구 장생포고래로 271 (매암동), ,,파이프라인 운송업,1985-01-05,12월
(주)신흥여객,shin hung yae gak,신흥여객, ,김용원,기타법인,214911-0001603,403-81-01380,"전라북도 익산시 목천로 110 (목천동, 신흥여객)", ,,시내버스 운송업,1980-02-13,12월
신흥여객자동차주식회사,shinheungexpress,신흥여객자동차, ,류충현,기타법인,190111-0000189,608-81-00536,"경상남도 창원시 마산회원구 합성옛길 191-11 (합성동, 신흥여객자동차)", ,,시외버스 운송업,1966-11-04,03월
(주)신흥운수,okbus,신흥운수, ,여상현,기타법인,110111-3033175,113-81-91785,서울특별시 양천구 신정로7길 17 (신정동), ,,시내버스 운송업,2004-06-18,12월
싱크로해운 주식회사,"SYNCRO SHIPPING Co.,LTD",싱크로해운, ,"신식우, 오득진, 황의술",기타법인,206211-0016482,417-81-19837,"서울특별시 중구 삼일대로 363 (장교동, 장교빌딩)1901호",www.syncro.co.kr,,기타 수상 운송지원 서비스업,2003-01-23,12월
쌍용로지스틱스(주),"Ssangyong Logistics co., Ltd.",쌍용로지스틱스, ,윤민영,기타법인,144711-0025313,460-88-00501,"강원도 동해시 대동로 210 (송정동, 동해항)", ,,수상 화물 취급업,2016-10-18,12월
쌍용해운주식회사,"SsangyongShipping Co., Ltd",쌍용해운, ,김용식,기타법인,110111-0004814,116-81-36802,"서울특별시 중구 수표로 34 (저동2가, 씨티센터타워)", ,,내항 화물 운송업,1967-12-12,12월
주식회사 썬라이즈탱커,"SUNRISE TANKER CO.,LTD",썬라이즈탱커, ,김성호,기타법인,180111-1137719,321-86-00779,부산광역시 중구 중앙대로 124-2 (중앙동4가) 702호, ,,외항 여객 운송업,2018-02-08,12월
주식회사 썬익스프레스,sunexpress cooperation,썬익스프레스, ,오주헌,기타법인,110111-0528260,104-81-16759,서울특별시 강남구 대치동 1001-13,www.sunexpress.co.kr,,그 외 기타 운송관련 서비스업,1987-04-21,12월
(주)썬프로상사,SUNPRO Interanational inc.,썬프로상사, ,정락풍,기타법인,134111-0010144,138-81-06365,경기도 의왕시 오전동 150-1,www.sunpro.co.kr,,일반 화물자동차 운송업,1978-08-10,12월
씨. 에스. 티주식회사,C. S. T Corp.,씨.에스.티, ,정대식,기타법인,201311-0017318,416-81-29477,전라남도 순천시 해룡면 신대로 20 (신대리), ,,"화물운송 중개, 대리 및 관련 서비스업",2000-10-13,12월
씨넷쉬핑(주),"SEA NET SHIPPING CO.,LTD.",씨넷쉬핑, ,문태욱,기타법인,110111-1927916,101-81-56086,"서울특별시 종로구 새문안로3길 12 (신문로1가, 신문로빌딩) 5층", ,,창고 및 운송관련 서비스업,2000-04-01,12월
씨맥스해운항공(주),"SEAMAX EXPRESS CO., LTD.",씨맥스해운항공, ,엄선호,기타법인,110111-0958938,110-81-33452,"서울특별시 마포구 만리재로 14 (공덕동, 한국사회복지회관르네상스타워) 807호",seamax.co.kr,,창고 및 운송관련 서비스업,1993-08-19,12월
씨브이에스넷(주),"CVS Net Co.,Ltd",씨브이에스넷, ,손상현,기타법인,110111-2193417,117-81-32468,"서울특별시 강남구 테헤란로 201 (역삼동, 아주빌딩) 13층",cvsnet.co.kr,,그 외 기타 분류 안된 운송 관련 서비스업,2001-03-15,12월
씨스코유통(주), ,씨스코유통, ,이학재,기타법인,110111-0175897,114-81-65373,서울특별시 서초구 청담동, ,,기타 육상 운송지원 서비스업,1975-02-03,12월
씨스타마리타임 주식회사,"SEASTAR MARITIME CO., LTD.",씨스타마리타임, ,박래천,기타법인,110111-6209525,653-86-00545,"서울특별시 광진구 광나루로56길 85 (구의동, 테크노-마트21), 21층 12호", ,,외항 화물 운송업,2016-10-25,12월
씨스테인웨그 디스트리파크 부산 주식회사,"C.Steinweg Distripark Busan Co.,Ltd.",씨스테인웨그디스트리파크부산, ,김윤정,기타법인,180111-0592295,606-86-03100,부산광역시 강서구 성북동 1499, ,,일반 창고업,2007-05-07,12월
(주)씨스테인웨그로지스틱스코리아,"C.STEINWEG LOGISTICS KOREA CO.,LTD",씨스테인웨그로지스틱스코리아, ,김윤정,기타법인,204611-0020776,416-81-46568,"전라남도 광양시 항만10로 23 (중동, 광양LMEWAREHOUSE)", ,,일반 창고업,2004-12-01,12월
(주)씨스테인웨그웨어하우징,C.STEINWEG WAREHOUSING KOREA LTD,씨스테인웨그웨어하우징, ,김윤정,기타법인,110111-1996309,101-81-59313,서울특별시 중구 소공동 91-1 서울센터빌딩 1201,www.steinweg.com,,일반 창고업,2000-07-01,12월
주식회사 씨아이씨로지스틱,"CICLOGISTIC, CO. LTD.",씨아이씨로지스틱, ,정수봉,기타법인,120111-0527301,121-86-02065,인천광역시 중구 자유무역로 95 (운서동) D4블럭 301호, ,,일반 화물자동차 운송업,2010-03-26,12월
씨아이지해운 주식회사,"CIG SHIPPING CO.,LTD.",씨아이지해운, ,김현수,기타법인,110111-4459106,104-86-31380,"서울특별시 영등포구 양평로 12 (당산동6가, 정오빌딩) 3층", ,,통관 대리 및 관련서비스업,2010-11-01,12월
(주)씨앤라인,"CNLINE CO.,LTD",씨앤라인, ,황정규,기타법인,110111-0381212,201-81-41471,서울특별시 중구 남대문로2가 구KAL 3층 (주)씨앤라인,www.dnal.co.kr,,해상 운송업,1967-11-03,12월
(주)씨앤상선,"C&MERCHANT MARINE CO.,LTD",씨앤상선,000790,이인원,기타법인,110111-0385256,120-81-60432,서울특별시 중구 장교동 1번지 장교빌딩,www.seyangshipping.co.kr,,외항 화물 운송업,1951-07-04,12월
씨앤아이로지스틱스 주식회사,"Creative Innovation Logistics Co.,Ltd",씨앤아이로지스틱스, ,이세희,기타법인,110111-4607200,105-87-58088,"경기도 용인시 처인구 포곡읍 한금로 162-5 (금어리, 씨앤아이로지스틱스)", ,,일반 창고업,2011-05-26,12월
(주)씨앤에스국제물류센터,"C&S International Logistics Center Co.,Ltd. ",씨앤에스국제물류센터, ,노흥덕,기타법인,180111-0582064,602-81-41621,부산광역시 강서구 성북동 1499번지,www.cnsilc.com,,일반 창고업,2007-02-01,12월
씨앤에스헬스,CNSHEALTH,씨앤에스헬스, ,"최우혁, 성병윤",기타법인,134511-0427086,225-88-01697,경기도 화성시 동탄대로 683 (영천동) 423호, ,,기타 운송관련 서비스업,2020-01-03,12월
(주)씨앤에프로직스,"CNF LOGISTICS CO.,LTD.",씨앤에프로직스, ,김석태,기타법인,110111-2127656,104-81-58569,서울특별시 종로구 적선동 21 광화문 쌍용 플래티넘 빌딩 701호,없음,,외항 화물 운송업,2000-12-12,12월
(주)씨앤케이씨엘,C&KCL CO.LTD,씨앤케이씨엘, ,임형국,기타법인,110111-1538622,110-81-39058,서울특별시 중구 장교동 장교빌딩 1306, ,,해상 운송업,1998-04-28,12월
(주)씨앤크루즈,C&CRUISE CO.LTD,씨앤크루즈, ,정정민,기타법인,180111-0605709,602-81-43764,부산광역시 중구 중앙동4가 해양빌딩, ,,외항 여객 운송업,2007-09-07,12월
주식회사 씨앤해운,"C&SHIPPING CO.,LTD.",씨앤해운, ,임갑표,기타법인,110111-1179773,102-81-39756,서울특별시 중구 장교동 1 장교빌딩 1601,sevenmt.co.kr,,외항 화물 운송업,1995-07-21,12월
(주)씨앤훼리,cn ferry,씨앤훼리, ,정정민,기타법인,110111-2780735,104-81-80931,서울특별시 중구 장교동 장교빌딩 14층, ,,외항 운송업,2003-05-27,12월
씨에스냉장(주), ,씨에스냉장, ,김기돈,기타법인,134211-0010423,126-81-15236,경기도 광주시 초월읍 경충대로 1146 (쌍동리 271-1 씨에스냉장), ,,냉장 및 냉동 창고업,1994-03-11,12월
씨에스마린 주식회사,"CS MARINE CO.,LTD",씨에스마린, ,김백상,기타법인,230111-0187136,610-86-12291,"서울특별시 용산구 한강대로 92 (한강로2가, LS용산타워) 15층", ,,외항 화물 운송업,2012-01-25,12월
(주)씨에스마린,"csmarine co.,ltd",씨에스마린, ,이창섭,기타법인,180111-0346113,602-81-19565,부산광역시 중구 충장대로5번길 63-1 (중앙동4가) 오션빌딩8층,www.csmarine.co.kr,,외항 화물 운송업,2001-01-01,12월
(주)씨에스에이브이코리아,"CSAV GROUP AGENCIES(KOREA) CO., LTD.",씨에스에이브이코리아, ,길레르모 기네스타,기타법인,110111-3399064,104-81-99269,서울특별시 종로구 새문안로5길 13 1201호(당주동),www.csavagency-kr.com,,기타 해상 운송업,2006-02-22,12월
주식회사 씨에스에이에어카고,"CSA AIR CARGO CO., LTD",씨에스에이에어카고, ,김진홍,기타법인,110111-4881135,109-86-37899,"서울특별시 강서구 양천로 583 (염창동, 우림블루나인비즈니스센터) B-2104", ,,항공 화물 운송업,2012-07-01,12월
주식회사 씨에스엔엠,CS&M,씨에스엔엠, ,조성제,기타법인,110111-7650454,347-86-01877,"경기도 군포시 군포첨단산업2로7번길 8 (부곡동, 군포에이스더블유밸리) 801호", ,,기타 육상 운송지원 서비스업,2020-10-19,12월
(주)씨에스월드,"CSWORLD CO.,LTD.",씨에스월드, ,김익수,기타법인,110111-1818389,107-81-73934,인천광역시 남동구 간석1동 320-1 신진빌딩 3층,http://www.csworld.co.kr,,도로 화물 운송업,1999-11-30,12월
씨에스파트너쉽2019의4 주식회사,"CS Ptnership 4 of 2019 Co., Ltd.",씨에스파트너쉽2019의4, ,우엄미,기타법인,110111-7314183,898-81-01370,서울특별시 영등포구 여의나루로4길 18 (여의도동), ,,육상운송 및 파이프라인 운송업,2019-12-04,12월
씨에이치로빈슨코리아(주),C.H.ROBINSON FREIGHT SERVICES KOREA LTD.,씨에이치로빈슨코리아, ,김동렬,기타법인,110111-1791080,104-81-47951,"서울특별시 마포구 월드컵로 62 (서교동, 한림빌딩) 3층", ,,"화물운송 중개, 대리 및 관련 서비스업",1999-10-18,12월
(주)씨엔씨해운항공,"CNC SHIPPING & AIR FREIGHT CO., LTD.",씨엔씨해운항공, ,윤현,기타법인,110111-4300648,105-87-45055,"서울특별시 마포구 마포대로 86 17층 1721호(도화동, 창강빌딩)", ,,"화물운송 중개, 대리 및 관련 서비스업",2010-06-01,12월
(주)씨엔에프나주,C&F NaJoo,씨엔에프나주, ,손성수,기타법인,205511-0031675,412-81-42139,전라남도 나주시 다시면 송촌리 95,cnfnajoo@naver.com,,냉장 및 냉동 창고업,2011-05-30,12월
(주)씨엔엠,C&M Co.ltd,씨엔엠, ,박진용,기타법인,230111-0091460,610-81-62796,울산광역시 남구 달동 1305-20, ,,내항 운송업,2002-12-12,12월
씨엘스 주식회사,CLS,씨엘스, ,이재욱,기타법인,134511-0397081,692-87-01435,경기도 용인시 기흥구 흥덕4로15번길 3-21 (영덕동), ,,화물 취급업,2019-06-10,12월
씨엠에이씨지엠코리아(주),"CMA CGM Korea Co., Ltd.",씨엠에이씨지엠코리아, ,김상률,기타법인,110111-3364075,104-81-98329,"서울특별시 중구 세종대로9길 41 (서소문동, 퍼시픽타워) 15층", ,,그 외 기타 운송관련 서비스업,2005-12-21,12월
주식회사 씨엠에프,cmf co.ltd,씨엠에프, ,박재억,기타법인,180111-0602060,606-86-05317,부산광역시 남구 용당동 485-1, ,,항공 및 육상 화물 취급업,2007-08-01,12월
씨엠케이로지스틱스(주),"CMK LOGISTICS CO.,LTD.",씨엠케이로지스틱스, ,최명규,기타법인,180111-0840545,602-81-60268,"부산광역시 중구 충장대로13번길 17 203(중앙동4가, 삼양사B/D)", ,,일반 창고업,2012-12-28,12월
씨와이즈라인(주),"SEAWISE LINE CO., LTD.",씨와이즈라인, ,유재극,기타법인,110111-2160979,104-81-60158,서울특별시 서초구 서초동 1342-3 항우빌딩 5층,www.seawiseline.com,,외항 화물 운송업,2001-03-05,12월
씨월드고속훼리주식회사,seaworld express ferry.co.ltd,씨월드고속훼리, ,이혁영,기타법인,201111-0011861,411-81-20146,"전라남도 목포시 해안로148번길 14 (해안동1가, 목포국제여객터미널)",www.seaferry.co.kr,,내항 여객 운송업,1998-09-30,12월
씨웨이코리아주식회사,"seawaykorea co., ltd.",씨웨이코리아, ,류재수,기타법인,180111-0547092,605-81-76473,서울특별시 종로구 당주동 변호사빌딩 504호, ,,외항 화물 운송업,2006-02-23,12월
씨제이대한통운부산컨테이너터미널(주),"CJ Korea Express Busan Container Termina CO., LTD.",씨제이대한통운부산컨테이너터미널, ,최성호,기타법인,180111-0101252,617-81-06951,부산광역시 남구 신선로 294,www.kbct.co.kr,,항구 및 기타 해상 터미널 운영업,1990-06-26,12월
씨제이대한통운비엔디(주),korea express Busan Newport Distripark,씨제이대한통운비엔디, ,김웅연,기타법인,194111-0012403,609-81-77358,경상남도 창원시 진해구 신항4로 15-29 (용원동), ,,일반 창고업,2007-03-28,12월
씨제이대한통운인천컨테이너터미널 주식회사,"Korea Express Incheon Container Terminal Co.,Ltd",씨제이대한통운인천컨테이너터미널, ,김호출,기타법인,120111-0551665,121-86-06566,인천광역시 중구 제물량로 227 (항동3가), ,,수상 화물 취급업,2010-12-01,12월
씨제이지엘에스주식회사,CJGLS,씨제이지엘에스, ,손관수,기타법인,174811-0001141,515-81-00928,경상북도 경산시 압량면 부적리 151,www.cjgls.co.kr,,일반 화물자동차 운송업,1983-04-17,12월
(주)씨케이엑스,CKX CO LTD,씨케이엑스, ,김충권,기타법인,110111-4135730,101-86-48301,"서울특별시 종로구 세종대로 149 (세종로, 광화문빌딩) 1102호", ,,기타 운송관련 서비스업,2009-07-10,12월
씨트라스해운 (주),"SEATRAS MARINE CO., LTD.",씨트라스해운, ,"김광하, 신현묵",기타법인,110111-5194488,107-87-99616,"서울특별시 영등포구 국제금융로 70 (여의도동, 미원빌딩) 601호",없음,,"화물운송 중개, 대리 및 관련 서비스업",2013-07-30,12월
씨파이오니아해운(주),"SEAPIONEER SHIPPING CO., LTD.",씨파이오니아해운, ,이기훈,기타법인,110111-4010560,105-87-28978,"서울특별시 서초구 사임당로 174 (서초동, 강남미래타워) 801",www.seapioneer.co.kr,,"화물운송 중개, 대리 및 관련 서비스업",2009-03-17,12월
주식회사 씨펙스로지스틱,"CFEX Logistic Co.,Ltd",씨펙스로지스틱, ,이민재,기타법인,234111-0083736,861-88-00174,"경기도 용인시 기흥구 기흥로 58 비동 비121호(구갈동, 기흥아이씨티밸리 에스케이 브이1)", ,,"화물운송 중개, 대리 및 관련 서비스업",2015-10-15,12월
주식회사 씬시어로지텍,"SINCERE LOGITEC CO.,LTD.",씬시어로지텍, ,안택승,기타법인,134411-0070077,303-88-00381,경기도 이천시 부발읍 황무로 2037-57 (가산리) 씬시어로지텍 물류창고, ,,냉장 및 냉동 창고업,2016-04-16,12월
주식회사 씬시어물류,SINCERELOGITECS ,씬시어물류, ,안택승,기타법인,134111-0537007,406-81-05560,경기도 이천시 부발읍 경충대로1804번길 10,경기도 이천시 부발읍 가산리 322,,일반 창고업,2019-11-07,12월
(주)아로텍,"AROTEK CO., LTD.",아로텍, ,임철희,기타법인,110111-1811250,104-81-48377,"서울특별시 중구 퇴계로 97 1903-1호(충무로1가, 고려대연각타워)", ,,외항 화물 운송업,1999-11-30,12월
(주)아름다운섬나라,Wonderful island,아름다운섬나라, ,"송영권, 이나라미",기타법인,224111-0012612,616-81-56045,"제주특별자치도 서귀포시 대정읍 최남단해안로 120 (하모리, 모슬포항여객선대합실)",www.wonderfuis.co.kr,,내항 여객 운송업,2006-04-14,12월
아리스타쉬핑 주식회사,ARISTASHIPPING CO LTD,아리스타쉬핑, ,박기태,기타법인,180111-0797382,605-86-12061,부산광역시 동구 중앙대로 233 (초량동) 701호, ,,"화물운송 중개, 대리 및 관련 서비스업",2012-03-02,12월
(주)아리창,arichang,아리창, ,박흥규,기타법인,110111-3203520,113-81-97324,서울특별시 구로구 구로3동 212-13 벽산디지털밸리3차 1106호,arichang.co.kr,,일반 창고업,2005-04-15,12월
주식회사 아미재,Ameezae Corporation,아미재, ,류재욱,기타법인,110111-1579840,211-86-45616,경기도 파주시 파주읍 봉서산로225번길 28, ,,일반 창고업,1998-11-20,12월
아미종합물류,-,아미종합물류, ,이광수,기타법인,134211-0056188,126-81-69009,경기도 광주시 오포읍 포은대로 271,-,,창고 및 운송관련 서비스업,2003-02-03,12월
아산상선(주),"ASAN MERCHANT MARINE CO.,LTD.",아산상선, ,조창호,기타법인,110111-2044199,104-81-55903,서울특별시 강남구 논현로86길 26 (역삼동)아산상선,www.asanmm.com,,외항 화물 운송업,2000-08-08,12월
아산여객주식회사,A SAN YEO GAEK,아산여객, ,이상현,기타법인,164811-0011324,312-81-26770,충청남도 아산시 무궁화로 52-26 (초사동), ,,시내버스 운송업,1997-06-02,12월
아산하이테크복합물류 주식회사," Asan High-Tech Complex Logistics Co., Ltd.",아산하이테크복합물류, ,"이순영, 정용철",기타법인,134511-0692853,242-81-03541,경기도 평택시 고덕면 도시지원1길 116 10층 1074호(G1 지식산업센터)(해창리), ,,일반 창고업,2024-07-10,12월
아산하이테크복합물류제2차 주식회사,"Asan High-Tech Complex Logistics 2nd Co., Ltd.",아산하이테크복합물류제2차, ,강원신,기타법인,110111-0939837,616-87-03555,"서울특별시 서초구 강남대로 331 18층(서초동, 서초동광일빌딩)", ,,일반 창고업,2025-10-20,12월
아산하이테크복합물류제3차 주식회사,"Asan High-Tech Complex Logistics 3rd Co., Ltd.",아산하이테크복합물류제3차, ,정재영,기타법인,110111-0939850,392-87-03324,"서울특별시 서초구 강남대로 331 18층 (서초동, 서초동광일빌딩)", ,,일반 창고업,2025-10-20,12월
주식회사 아성,"A-SUNG CO., LTD.",아성, ,"손종수, 권석일",기타법인,110111-3462522,120-87-01885,경기도 하남시 하남대로934번길 11 (풍산동), ,,일반 창고업,2006-06-01,12월
(주)아성고속,"Asung Express Co., Ltd.",아성고속, ,최억만,기타법인,170111-0000456,502-81-00859,대구광역시 동구 효신로 7 (신천동), ,,시외버스 운송업,1964-09-01,12월
주식회사 아스톤에셋,koreawide jinan co.led,아스톤에셋, ,류상우,기타법인,170111-0005737,503-81-00852,대구광역시 서구 서대구로 295 (비산동), ,,시외버스 운송업,1962-01-30,12월
아시아나에어포트(주),ASIANA AIRPORT. INC,아시아나에어포트, ,정해용,기타법인,110111-0562713,104-81-17971,"서울특별시 강서구 하늘길 170-1 (공항동, 아시아나에어포트)",www.asianaairport.com,,기타 항공 운송지원 서비스업,1988-02-17,12월
아시아나항공(주),Asiana Airlines Inc.,아시아나항공,020560,송보영,유가증권시장,110111-0562804,104-81-17480,서울특별시 강서구  오정로 443-83,www.flyasiana.com,,항공 여객 운송업,1988-02-17,12월
아시아냉장주식회사,"ASIA COLD STORAGE CO.,LTD",아시아냉장, ,박삼암,기타법인,180111-0294958,605-81-32650,부산광역시 서구 원양로 179 (암남동), ,,냉장 및 냉동 창고업,1999-08-02,12월
주식회사아시아디앤씨,asiadnc,아시아디앤씨, ,송영우,기타법인,110111-4609363,120-87-68678,"서울특별시 영등포구 여의대로 8 비동 3302호 (여의도동, 여의도파크센터)", ,,보관 및 창고업,2011-05-24,12월
주식회사아시아로지스,asialogis,아시아로지스, ,송영우,기타법인,134611-0033104,125-81-65882,경기도 안성시 죽산면 송문주로 337 (당목리),www.asialogis.co.kr,,창고 및 운송관련 서비스업,2006-12-14,12월
아시아용선(주),"ASIA BULK CHARTERING CO., LTD.",아시아용선, ,이상훈,기타법인,110111-0886949,202-81-54794,서울특별시 중구 무교동 1번지 효령빌딩 902호, ,,외항 화물 운송업,1992-09-16,12월
아시아인터내셔널 주식회사,"Asia International Co., Ltd.",아시아인터내셔널, ,이상협,기타법인,161511-0300015,569-87-02226,충청남도 천안시 동남구 통정10로 33-5 3층 (신방동), ,,일반 화물자동차 운송업,2021-07-23,12월
아시아퍼시픽19호선박투자회사,Hanbada No.2 Ship Invesment Company,아시아퍼시픽19호선박투자회사, ,정경수,기타법인,220111-0076430,616-81-78675,제주특별자치도 제주시 이도2동 390 제주도 중소기업종합지원센터관리사무처,semaf.kr,,그 외 기타 분류 안된 운송 관련 서비스업,2010-05-14,12월
아시타상선주식회사,"ASITA MERCHANT MARINE CO., LTD.",아시타상선, ,김동락,기타법인,110111-4284777,101-86-53158,서울특별시 종로구 내수동 대우빌딩 복합동 802, ,,외항 화물 운송업,2010-02-16,12월
(주)아신,ASEEN,아신, ,최영덕,기타법인,110111-0266985,211-81-17584,"서울특별시 강남구 언주로 709 (논현동, 송암빌딩) 8층",www.aseen.co.kr,,그 외 기타 분류 안된 운송 관련 서비스업,1980-01-14,12월
주식회사 아이노마드,"I-NOMAD Co., Ltd. ",아이노마드, ,임준석,기타법인,110111-7972410,394-87-02262,"서울특별시 마포구 마포대로 38 (도화동, 일신빌딩) 702호",inomadcargo.com/,,항공 화물 운송업,2021-07-28,12월
주식회사 아이린냉장,irene auto cold storage,아이린냉장, ,김기복,기타법인,110111-0856471,214-81-56908,경기도 용인시 처인구 양지면 중부대로 2605, ,,냉장 및 냉동 창고업,1992-05-07,12월
주식회사 아이봇로지스,AIBOT LOGIS,아이봇로지스, ,김현수,기타법인,161511-0264790,189-87-01661,충청남도 천안시 동남구 풍세면 풍세산단로 26 (용정리), ,,일반 창고업,2020-02-13,12월
(주)아이스텀앤어소시에이트,ISTUM AND ASSOCIATE,아이스텀앤어소시에이트, ,박효석,기타법인,110111-1711814,116-81-74413,인천광역시 계양구 작전동 858-10 A-101, ,,주차장 운영업,1999-06-10,12월
아이앤케이신항만주식회사,"I&K Newport Co., Ltd.",아이앤케이신항만, ,임남규,기타법인,180111-0742296,605-86-04144,부산광역시 강서구 신항남로 586 (성북동) 아이앤케이신항만(주), ,,항구 및 기타 해상 터미널 운영업,2011-01-03,12월
(주)아이에스에이상운,ISA COMPANY LTD,아이에스에이상운, ,조현행,기타법인,110111-0820781,202-81-39527,"서울특별시 영등포구 여의공원로 101 (여의도동, C.C.M.M빌딩) 707호", ,,"화물운송 중개, 대리 및 관련 서비스업",1991-12-05,12월
아이에스해운 주식회사,"IS Shipping Co., Ltd.",아이에스해운, ,한상현,기타법인,110111-4356625,211-88-44396,"서울특별시 강남구 학동로 231 10층 (논현동, 백영논현센터)", ,,해상 운송업,2010-05-25,12월
주식회사 아이엘씨,"ILC co.,LTD",아이엘씨, ,김기성,기타법인,120111-0614588,131-86-38347,인천광역시 남동구 승기천로 138 (고잔동), ,,창고 및 운송관련 서비스업,2012-06-11,12월
주식회사 아이엠에이해운항공,"IMA SHIPPING CO.,LTD",아이엠에이해운항공, ,안성진,기타법인,180111-0793124,602-81-57292,"부산광역시 해운대구 센텀중앙로 48 (우동, 에이스하이테크21) 1802호,1803호,1804호",www.imashipping.co.kr,,그 외 기타 운송관련 서비스업,2012-01-31,12월
(주)아이엠엑스,"IMX CO., LTD",아이엠엑스, ,임용진,기타법인,180111-0728923,606-86-25083,"부산광역시 사상구 학감대로 273 (감전동, (주)아이엠엑스)", ,,"화물운송 중개, 대리 및 관련 서비스업",2010-09-08,12월
(주)아이티더블유메가라인,"ITW MEGA LINE CO.,LTD.",아이티더블유메가라인, ,박광배,기타법인,110111-4247361,119-86-24450,서울특별시 금천구 가산디지털2로 169-16 B803호(가산동),www.hi-megaline.com,,외항 화물 운송업,2010-01-05,12월
주식회사 아이티엘,ITL CO LTD,아이티엘, ,유재엽,기타법인,285011-0150495,128-86-34312,"경기도 고양시 일산서구 호수로 844 (대화동, 푸조빌딩) 404호", ,,"화물운송 중개, 대리 및 관련 서비스업",2008-10-09,12월
아주택배(주),AJUTAKBE,아주택배, ,김선호,기타법인,110111-3538349,214-87-97110,서울특별시 서초구 양재동 동원산업빌딩 7층, ,,도로 화물 운송업,2007-10-01,12월
주식회사 아진고속,AJIN Express,아진고속, ,노진목,기타법인,170111-0000852,503-81-01322,대구광역시 서구 비산동 1856-3, ,,시외버스 운송업,1953-03-23,03월
아진교통주식회사,A-JIN TRAFFIC CO. LTD,아진교통, ,신성호,기타법인,110111-0012726,210-81-00474,서울특별시 도봉구 도봉산길 50 (도봉동), ,,시내버스 운송업,1969-04-10,12월
아쿠아관광코리아(주),"Aqua Tour Korea Co.,Ltd",아쿠아관광코리아, ,장예원,기타법인,120111-0573966,121-86-10191,인천광역시 중구 은골로20번길 5 (운서동),aquabus.co.kr,,외항 화물 운송업,2011-07-01,12월
아태산업개발 주식회사,ATAE,아태산업개발, ,서현,기타법인,110111-1072216,112-81-37264,"서울특별시 관악구 신림로59길 23 813호 (신림동, 삼모스포렉스)", ,,항공 및 육상 화물 취급업,1994-09-10,12월
주식회사 아토즈서플라이서비스,Atoz Supply Service,아토즈서플라이서비스, ,황창국,기타법인,110111-1357717,116-81-63070,부산광역시 강서구 낙동남로991번길 36 (명지동),www.atozss.com,,기타 운송관련 서비스업,1996-12-27,12월
아투해운(주),"Atto Shipping Co., Ltd.",아투해운, ,김현주,기타법인,110111-4070762,201-86-10366,서울특별시 중구 충무로2가 50-6, ,,외항 화물 운송업,2009-04-01,12월
주식회사 안동버스,An Dong bus,안동버스, ,권희택,기타법인,171111-0000405,508-81-00589,경상북도 안동시 강남로 79-1 (수상동), ,,시내버스 운송업,1980-04-01,12월
(주)안동터미널,(주)안동터미널,안동터미널, ,김형순,기타법인,171111-0000372,508-81-00556,"경상북도 안동시 경동로 130 (송현동, 안동버스터미널)", ,,여객 자동차 터미널 운영업,1979-01-01,12월
(주)안산교통,"Co., Ltd. SamjinTaxi",안산교통, ,최개문,기타법인,130111-0026690,134-81-07756,경기도 안산시 단원구 석수로 146 (선부동), ,,택시 운송업,1986-11-21,12월
주식회사 안성종합물류,ansunglogis,안성종합물류, ,이경화,기타법인,134611-0061501,125-86-14302,경기도 안성시 대덕면 소마니길 179-1 (소현리), ,,택배업,2013-05-31,12월
(주)안성테크노로지스틱스,"Anseong Techno Logistics Co., Ltd.",안성테크노로지스틱스, ,김인성,기타법인,134611-0123418,509-86-02402,"경기도 안성시 아양3로 17 4층 (옥산동, 엘림프라자)", ,,보관 및 창고업,2022-04-13,12월
안신기업 주식회사,"ANSHIN ENTERPRISE CO., LTD.",안신기업, ,박영숙,기타법인,110111-0533566,117-81-10222,서울특별시 양천구 신월2동 454-6, ,,그 외 기타 운송관련 서비스업,1987-06-15,12월
(주) 안전기업,"AN JEON.,CO.LTD.",안전기업, ,한금철,기타법인,214811-0003255,405-81-06305,전라북도 김제시 하공로 58 (하동),www.an-jeon.com,,일반 화물자동차 운송업,2014-11-01,12월
안전펀드 선박투자회사,Safety Fund Ship Investment Company,안전펀드선박투자회사, ,박현주,기타법인,220111-0192054,504-86-20647,제주특별자치도 제주시 연삼로 473 (이도이동) 경제통상진흥원, ,,외항 화물 운송업,2019-06-12,12월
주식회사 안중관광여행,ANJUNG TOUR,안중관광여행, ,최윤호,기타법인,131311-0080112,125-81-73330,경기도 평택시 안중읍 안중로18번길 39 (현화리)2층, ,,전세버스 운송업,2008-03-11,12월
알스코주식회사,ALL SHIPPING KOREA,알스코, ,유덕환,기타법인,110111-3122928,107-86-56925,서울특별시 영등포구 여의도동 부국증권빌딩 7층 , ,,그 외 기타 분류 안된 운송 관련 서비스업,2004-11-26,12월
알파해운(주),"ALPHA MARITIME CO., LTD.",알파해운, ,조동준,기타법인,110111-1140732,104-81-36677,서울특별시 중구 남대문로1길 34 범화B/D 805호,alphamaritime@hanmail.net,,"화물운송 중개, 대리 및 관련 서비스업",1995-04-01,12월
주식회사 애플트리컴퍼니,APPLETREE COMPANY,애플트리컴퍼니, ,박희용,기타법인,110111-6545945,593-87-00764,"서울특별시 송파구 충민로 10 8층 에스29호(문정동, 가든파이브툴)", ,,항공 및 육상 화물 취급업,2017-10-24,12월
액세스월드부산 유한회사,Access World Busan Limited,액세스월드부산, ,SIEW YEE LENG(씨우이렁),기타법인,194214-0013841,704-81-01681,경상남도 창원시 진해구 신항10로 61 (남문동), ,,일반 창고업,2020-03-11,12월
주식회사 앤에치씨마린,"NHC MARINE CO.,LTD",앤에치씨마린, ,윤욱,기타법인,110111-4911924,104-86-42650,서울특별시 중구 서소문동 삼영빌딩 604-1, ,,외항 화물 운송업,2012-07-09,12월
야나세마린 주식회사,YANASEMARINE,야나세마린, ,김영순,기타법인,204611-0020198,416-81-45405,부산광역시 중구 중앙동4가 무역회관빌딩 1303, ,,내항 화물 운송업,2004-08-09,12월
주식회사양산시외버스정류장,yangsanterminal.ltd,양산시외버스정류장, ,김용원,기타법인,234111-0036446,621-81-60099,"경상남도 양산시 양산역1길 7 (중부동, 양산시외버스터미널)", ,,여객 자동차 터미널 운영업,2005-09-20,12월
(주)양산아이시디,"Yang San ICD Co., Ltd.",양산아이시디, ,이수천,기타법인,184511-0008703,621-81-07565,경상남도 양산시 물급읍 증산리 1416,www.ysicd.co.kr,,항구 및 기타 해상 터미널 운영업,1992-07-22,12월
양양티엠피,yungyung tmp,양양티엠피, ,김동혁,기타법인,131211-0025582,126-86-11818,경기도 광주시 퇴촌면 탑선길6번길 26 (도수리), ,,일반 화물자동차 운송업,2008-04-21,12월
주식회사 양주교통,Limited Yangju Transportation,양주교통, ,안보환,기타법인,280111-0088269,127-86-11602,경기도 양주시 화합로1796번길 162-18 경기도 양주시 화합로1796번길, ,,시내버스 운송업,2008-07-15,12월
양지물류(주),yangjilogis co.ltd,양지물류, ,조혜련,기타법인,134511-0044730,135-81-41932,경기도 용인시 처인구 양지면 죽양대로2071번길 12 양지물류주식회사,www.yangjilogis.com,,일반 창고업,2000-11-15,12월
(주)양천운수,YCBUS,양천운수, ,여상현,기타법인,110111-6595130,447-86-01084,"서울특별시 양천구 신정로7길 17 (신정동, 양천공영차고지)", ,,시내버스 운송업,2017-12-12,12월
(주)양해해운,"YANGHAI SHIPPING CO., LTD.",양해해운, ,최영후,기타법인,110111-4091015,104-86-20582,서울특별시 중구 남대문로5가 단암빌딩 12층,www.yscline.com,,외항 화물 운송업,2009-05-07,12월
주식회사 어시스트코리아,ASSISTKOREA CORP.,어시스트코리아, ,양대환,기타법인,134211-0012007,126-81-16841,경기도 광주시 도척면 국사봉로 35 (진우리),www.assist-korea.co.kr,,그 외 기타 운송관련 서비스업,1994-11-23,12월
어연스마트링크주식회사,Eoyeonsmartrink,어연스마트링크, ,정용철,기타법인,134811-0338914,405-87-00152,경기도 평택시 청북읍 원한산길 139 (어연리), ,,위험물품 보관업,2015-07-14,12월
어코드로지스틱스 주식회사,"Accord Logistics Korea Co., Ltd.",어코드로지스틱스, ,임오규,기타법인,110111-2265373,101-81-71447,서울특별시 강서구 등촌동 681-3 효성인텔리안 506호,www.accordkorea.com,,그 외 기타 운송관련 서비스업,2001-06-20,12월
(주)얼라이언스,"Alliance Co., Ltd",얼라이언스, ,이인수,기타법인,134511-0444527,436-88-01720,경기도 용인시 처인구 원삼면 원양로 487 (좌항리), ,,일반 화물자동차 운송업,2020-03-13,12월
에너지넷,Energy  Net,에너지넷, ,박신광,기타법인,110111-2242298,214-87-76473,서울특별시 서초구 서초동 1536-15, ,,일반 창고업,2001-05-18,12월
에렉스서비스 (주),"ELX Service. Co., Ltd",에렉스서비스, ,조원만,기타법인,110111-0336457,120-81-03620,서울특별시 강남구 삼성동 159 호텔오크우드프리미어내지하2층,www.elx.co.kr,,주차장 운영업,1982-11-04,12월
(주)에르메스로직스,hermeslogix,에르메스로직스, ,강종하,기타법인,134511-0015435,135-81-15657,경기도 용인시 처인구 백암면 죽양대로 808-18 (백봉리),www.hermes-logix.co.kr,,일반 창고업,1995-05-10,12월
에머리 월드와이드 코리아(주),"Emery Worldwide Korea Co.,Ltd.",에머리월드와이드코리아, ,피터케이 콴트릴,기타법인,110111-1338288,106-81-63938,서울특별시 용산구 남영동 17-1 동아빌딩 3층, ,,항공 및 육상 화물 취급업,1996-11-06,12월
(주)에버그린코리아,EVERGREENGREEN KOREA CORP.,에버그린코리아, ,張國政(장궈쳉),기타법인,110111-2139619,101-81-65872,"서울특별시 종로구 새문안로5길 19 (당주동, 로얄빌딩) 12층", ,,그 외 기타 운송관련 서비스업,2001-01-01,12월
(주)에버그린항공서비스,"Evergreen Air Sevic Co., Ltd.",에버그린항공서비스, ,이동철,기타법인,110111-3862532,220-87-66456,서울특별시 강남구 삼성동 143-20 경원빌딩 306호, ,,기타 항공 운송지원 서비스업,2008-03-19,12월
주식회사 에버로직스,"EVER LOGISTICS CO., LTD.",에버로직스, ,김성재,기타법인,110111-2938516,101-86-01679,"서울특별시 강서구 공항대로 168 (마곡동, 747), 1002호", ,,"화물운송 중개, 대리 및 관련 서비스업",2004-01-27,12월
에브제트아시아(주),"Avjet Asia Co., Ltd.",에브제트아시아, ,조욱상,기타법인,110111-3949794,120-87-31282,서울특별시 강서구 하늘길 38 (방화동) SGBAC(서울비즈니스항공센터) 격납고,www.avjet.kr,,기타 항공 운송지원 서비스업,2008-08-07,12월
에스더블유해운(주),"SW SHIPPING CO., LTD.",에스더블유해운, ,"강성훈, 최영근",기타법인,110111-0996392,102-81-33387,"서울특별시 강남구 언주로 120 (도곡동, 인스토피아)707호", ,,외항 화물 운송업,1993-12-23,12월
주식회사 에스디물류,"SD Logistics Co.,Ltd",에스디물류, ,신상덕,기타법인,131311-0169875,594-81-00542,경기도 평택시 경기대로 1286 (이충동)명성빌딩 4층 421-1호, ,,"화물운송 중개, 대리 및 관련 서비스업",2016-09-01,12월
주식회사 에스시로지스틱스,sc logisitcs.co.ltd,에스시로지스틱스, ,임경희,기타법인,134411-0065359,283-88-00054,경기도 이천시 마장면 덕평로 831-35 (덕평리), ,,기타 보관 및 창고업,2015-05-21,12월
에스씨글로벌주식회사,SC GLOBAL CORP,에스씨글로벌, ,"김종강, 전창목",기타법인,180111-0678756,617-81-78528,"부산광역시 해운대구 APEC로 17 (우동, 센텀리더스마크) 225호",www.scglobal.co.kr,,그 외 기타 운송관련 서비스업,2009-07-08,12월
에스씨로지스(주),"SC Logis co., Ltd.",에스씨로지스, ,손관수,기타법인,110111-1960362,214-86-57479,서울특별시 관악구 봉천동 729-21,www.sc-logis.co.kr,,택배업,2000-05-03,12월
주식회사 에스씨로지스틱스,"SC LOGISTICS CO.,LTD",에스씨로지스틱스, ,김미숙,기타법인,110111-4405034,105-87-47499,"서울특별시 마포구 월드컵북로 136 (성산동, 신안빌딩) 신안빌딩 201호",www.sclogistics.co.kr,,"화물운송 중개, 대리 및 관련 서비스업",2010-08-01,12월
주식회사 에스아이물류,"SI LOGISTICS.CO.,LTD",에스아이물류, ,김용기,기타법인,180111-0700509,606-86-21092,경상남도 진해시 안골동 부산항신항 북컨배후물류부지 4단계 이4-1,www.silogis.co.kr,,보관 및 창고업,2010-01-12,12월
(주)에스아이씨,"SHIPPING IMPERIAL CO., LTD.",에스아이씨, ,김근식,기타법인,110111-1209546,101-81-39388,서울특별시 중구 장교동 장교빌딩 1307호,www.sicship.com,,외항 화물 운송업,1995-11-03,12월
에스아이앤엘주식회사,"SINL CO., LTD.",에스아이앤엘, ,박영일,기타법인,120111-1060681,527-86-01793,"인천광역시 연수구 송도미래로 30 디동 1401호 (송도동, 송도BRC스마트밸리지식산업센터)", ,,일반 창고업,2020-03-23,12월
(주)에스아이티씨로지스틱스,Sitc Logisitics Korea,에스아이티씨로지스틱스, ,권오준,기타법인,110111-1849558,109-81-61297,"서울특별시 강서구 양천로 583 (염창동, 우림블루나인비즈니스센터) A동 501,502호",www.sitc.co.kr,,"화물운송 중개, 대리 및 관련 서비스업",2000-02-20,12월
주식회사 에스알,"SR Co., Ltd.",에스알, ,이종국,기타법인,160111-0362212,305-86-31590,서울특별시 강남구 광평로 56길 12,https://www.srail.co.kr/,,철도 운송업,2013-12-27,12월
(주)에스알냉장,SR cold storage,에스알냉장, ,김정섭,기타법인,134511-0081816,135-81-71590,경기도 용인시 처인구 모현면 매산리 603-4,www.srinc.co.kr,,냉장 및 냉동 창고업,2004-07-13,12월
에스앤에스마린(주),S&S MARINE CO.LTD,에스앤에스마린, ,기세만,기타법인,110111-4374015,214-88-61415,서울특별시 서초구 양재2동 352번지, ,,기타 해상 운송업,2010-06-18,12월
(주)에스앤에스물류,"S&SMULRU CO., LTD",에스앤에스물류, ,김재욱,기타법인,134411-0037051,126-86-08822,경기도 이천시 마장면 이평리 144-1 304호, ,,냉장 및 냉동 창고업,2008-01-11,12월
에스앤에스산업주식회사,S&S industry,에스앤에스산업, ,이한구,기타법인,131311-0157268,620-86-00225,충청북도 음성군 금왕읍 리노산단1길 5 (삼봉리),www.snsin.co.kr,,일반 창고업,2015-11-11,12월
에스앤케이로지스양주신도시(주),"SNK Logis Yangju New City Co., Ltd",에스앤케이로지스양주신도시, ,강해용,기타법인,124411-0319683,116-86-02608,"경기도 김포시 김포한강11로 288-32 401호, 501호 (운양동, 골든스퀘어)",없음,,일반 창고업,2022-01-12,12월
주식회사 에스앤피로직스,"S&P LOGIX CO.,LTD",에스앤피로직스, ,안영선,기타법인,120111-0522608,121-86-01125,"인천광역시 중구 서해대로30번길 35 (신흥동3가, 인천항공동물류센터)", ,,항공 운송업,2010-02-28,12월
에스앤피해운 주식회사,"S&P MARINE CO., LTD",에스앤피해운, ,박수현,기타법인,180111-0577213,606-86-01209,부산광역시 사상구 감전동 132-7 벽산디지털밸리 1104,-,,기타 해상 운송업,2007-01-02,12월
에스에스로지스틱스,"SS LOGISTICS CO., LTD.",에스에스로지스틱스, ,김윤성,기타법인,131111-0528330,808-86-00989,서울특별시 강남구 역삼로17길 61 3~5층 (역삼동), ,,기타 내륙 수상 여객 및 화물 운송업,2018-08-17,12월
에스에스마린 주식회사,"SS Marine Co.,Ltd.",에스에스마린, ,"탁재남, 박광준",기타법인,180111-0611649,605-81-85521,부산광역시 동구 초량3동 1197-5 성평빌딩 6층,.,,외항 화물 운송업,2007-11-07,12월
에스에이인터로지스 주식회사,"SA INTERLOGIS CO., LTD.",에스에이인터로지스, ,"박진민, 이상경",기타법인,110111-8783949,434-87-02691,서울특별시 마포구 양화로7길 71 (서교동) 2층, ,,외항 화물 운송업,2023-11-03,12월
에스에이치마린주식회사,SH MARINE LTD.,에스에이치마린, ,허욱,기타법인,110111-1240590,116-81-54343,서울특별시 마포구 도화1동창강빌딩621, ,,외항 화물 운송업,1996-02-07,12월
주식회사 에스에이치엘마리타임,"SHL Maritime Co., Ltd",에스에이치엘마리타임, ,이동혁,기타법인,180111-0480234,605-81-65355,부산광역시 동구 초량3동 1196-2 금호빌딩 601호, ,,외항 화물 운송업,2004-03-25,12월
(주)에스에프에스,"SFS CO.,Ltd",에스에프에스, ,"이윤서, 김기민",기타법인,180111-0089151,602-81-06191,부산광역시 사상구 강변대로456번길 16-8 (엄궁동),www.swtrg.com,,항공 운송업,1989-07-10,12월
에스에프익스프레스코리아 주식회사,"SF Express Korea Co., Ltd.",에스에프익스프레스코리아, ,푸지에 ( FU JIE ),기타법인,110111-8480438,245-81-02745,"서울특별시 영등포구 국회대로68길 17 3층. (여의도동, 해운빌딩)", ,,택배업,2022-11-18,12월
에스엔케이라인(주),"S&K LINE CO.,LTD",에스엔케이라인, ,김성조,기타법인,180111-0247345,603-81-33901,부산광역시 영도구 대평동2가 119번지, ,,그 외 기타 운송관련 서비스업,1997-12-11,12월
(주)에스엔케이로지스틱스,SNK LOGISTICS,에스엔케이로지스틱스, ,강경석,기타법인,110111-6146719,661-88-00458,"경기도 과천시 과천대로7길 65 (갈현동, 과천상상자이타워) B동 1202호",snke.co.kr,,"화물운송 중개, 대리 및 관련 서비스업",2016-08-10,12월
주식회사 에스엘물류,"SL Logis Co.,Ltd.",에스엘물류, ,최성찬,기타법인,134811-0634297,145-87-02485,경기도 평택시 포승읍 서둔물길 98 포승읍 석정리 869-2, ,,일반 창고업,2021-08-01,12월
(주)에스엘에스,SLS LTD,에스엘에스, ,허용수,기타법인,110111-1632424,229-81-35507,서울특별시 서초구 양재2동 315-1 전신빌딩, ,,일반 화물자동차 운송업,1999-01-12,12월
주식회사 에스엘엑스,"SLX Co.,LTD.",에스엘엑스, ,김대웅,기타법인,134511-0191855,142-81-48476,"경기도 이천시 마장면 덕평로 816-38 (덕평리, SLX물류센터) 4층", ,,일반 창고업,2012-06-01,12월
에스엘엑스택배 주식회사,"SLX EXP Co., Ltd.",에스엘엑스택배, ,김대웅,기타법인,110111-4537639,106-86-77397,경기도 이천시 호법면 덕평로 566 (매곡리), ,,보관 및 창고업,2001-02-17,12월
(주)에스엘인터,"SL INTER CO., LTD.",에스엘인터, ,최미형,기타법인,110111-5190585,105-87-89882,"서울특별시 마포구 월드컵로 62 (서교동, 한림빌딩) 4층", ,,"화물운송 중개, 대리 및 관련 서비스업",2013-07-26,12월
(주)에스엘피지엘씨,ForceTEC GLC CO. Ltd,에스엘피지엘씨, ,"이남수, 김성민, 김현진",기타법인,194211-0194085,609-86-02885,"경상남도 창원시 진해구 신항8로 74 (남문동, 포스텍GLC) 1층(남문동)", ,,보관 및 창고업,2011-12-20,12월
에스엠상선 주식회사,SM LINE CORPORATION,에스엠상선, ,"강호준, 성낙원",기타법인,200111-0026017,138-81-01773,부산광역시 중구 충장대로5번길 22 (중앙동4가),www.smlines.com,,외항 화물 운송업,1991-04-04,12월
에스엠상선 주식회사,SM LINE CORPORATION,에스엠상선, ,김칠봉,기타법인,110111-6261228,521-88-00674,"서울특별시 영등포구 국제금융로2길 25 (여의도동, (주)유수홀딩스)",www.smlines.com,,외항 화물 운송업,2016-12-15,12월
에스엠상선경인터미널(주),SM LINE Gyeong-In Terminal Corporation,에스엠상선경인터미널, ,"박준상, 반정우",기타법인,120111-0575409,121-86-10342,"인천광역시 서구 거첨로 295 (오류동, 에스엠상선경인터미널)",www.smlgi.co.kr,,항구 및 기타 해상 터미널 운영업,2011-07-13,12월
에스엠상선광양터미널 주식회사,"SM LINE Gwangyang Terminal Co., Ltd.",에스엠상선광양터미널, ,김경태,기타법인,204611-0032383,416-81-72708,전라남도 광양시 컨부두로 390,www.smlgt.co.kr,,항구 및 기타 해상 터미널 운영업,2010-06-21,12월
주식회사 에스엠알로지스틱,SMR LOGISTICS,에스엠알로지스틱, ,김석,기타법인,110111-5952092,122-87-00295,"서울특별시 강서구 까치산로 20 (화곡동,에스엠알빌딩2)", ,,"화물운송 중개, 대리 및 관련 서비스업",2016-01-20,12월
(주)에스엠에이치,SMH Corp.,에스엠에이치, ,서기성,기타법인,180111-1131919,830-86-00915,"부산광역시 동구 조방로 14 (범일동, 동일타워) 618호",www.smhcorp.co.kr,,"화물운송 중개, 대리 및 관련 서비스업",2017-12-27,12월
(주)에스엠잡,"Smjobs Co., Ltd",에스엠잡, ,이민우,기타법인,285011-0158382,128-86-38598,"경기도 고양시 일산동구 일산로 16 1308호 (백석동, 디아뜨크리스탈오피스텔)", ,,일반 창고업,2009-04-23,12월
에스엠텍선박관리주식회사,"SMTECH Ship Management Co., Ltd.",에스엠텍선박관리, ,임용준,기타법인,180111-0700856,605-81-98180,"부산광역시 해운대구 센텀동로 71 1510호 (우동, 벽산이센텀클래스원2차)",www.smtechsmc.co.kr/,,기타 수상 운송지원 서비스업,2010-01-20,12월
에스엠해운(주),"SM SHIPPING CO., LTD.",에스엠해운, ,김기은,기타법인,110111-2250093,104-81-62480,"서울특별시 중구 서소문로 103 726호 (서소문동, 배재빌딩)", ,,"화물운송 중개, 대리 및 관련 서비스업",2001-05-30,12월
(주)에스오엘,sol,에스오엘, ,임경호,기타법인,131311-0093313,125-81-84308,경기도 평택시 동삭로 189 (세교동), ,,일반 창고업,2009-11-02,12월
주식회사 에스와이,SY Corporation Ltd.,에스와이, ,"오세종, 오충석",기타법인,161511-0066344,312-81-70602,"충청남도 천안시 동남구 신촌로 24 바-4011 (신방동, 천안산업기자재유통단지)", ,,그 외 기타 분류 안된 운송 관련 서비스업,2004-08-18,12월
에스와이탱크터미널 (주),SY Tank Terminal,에스와이탱크터미널, ,박태경,기타법인,110111-0626139,114-81-74697,서울특별시 강남구 봉은사로 541 (삼성동) EG타워 3층 에스와이탱크터미널,없음,,위험물품 보관업,1989-05-01,12월
(주)에스원마리타임,"S1 Maritime co.,ltd.",에스원마리타임, ,김성욱,기타법인,110111-3288639,105-86-83125,서울특별시 마포구 공덕2동 르네상스타워빌딩 1701호, ,,외항 운송업,2005-08-20,12월
에스제이(주),sj co.ltd,에스제이, ,"김영호, 박현순",기타법인,154111-0005711,302-81-17497,충청북도 보은군 보은읍 월송로 160, ,,"화물운송 중개, 대리 및 관련 서비스업",2007-03-02,12월
(주)에스제이마린,SJ MARINE,에스제이마린, ,정태성,기타법인,110111-3430488,120-86-94693,서울특별시 강남구 대치4동 상제리제빌딩 A동 913호, ,,외항 화물 운송업,2006-04-01,12월
(주)에스제이탱커,"SJ TANKER CO.,LTD",에스제이탱커, ,박성진,기타법인,180111-0355304,602-81-20285,부산광역시 부산진구 중앙대로 749 (부전동) 11층, ,,내항 운송업,2001-04-01,12월
에스지레일주식회사,SG Rail Co.Ltd.,에스지레일, ,정경훈,기타법인,110111-6951291,751-88-01333,경기도 고양시 덕양구 대주로 103-60 (대장동), ,,도시철도 운송업,2018-12-10,12월
에스지모빌리티 주식회사,sgmobility,에스지모빌리티, ,"김상준, 이은희",기타법인,134511-0016772,135-81-16471,"경기도 용인시 기흥구 언동로30번길 25 (언남동, 신갈운수)", ,,택시 운송업,1995-09-15,03월
에스지엘로지스틱 주식회사,SGL LOGISTIC,에스지엘로지스틱, ,안보람,기타법인,120111-0945694,798-87-01034,"인천광역시 계양구 경명대로 1121 (계산동, 제이엠디엔지니어링빌딩) 4층  402호", ,,기타 해상 운송업,2018-07-01,12월
에스지해운주식회사,"SG SHIPPING CO., LTD.",에스지해운, ,공외식,기타법인,180111-0763086,605-86-07097,부산광역시 중구 중앙동4가 80-12 조선빌딩 5층, ,,외항 화물 운송업,2011-06-17,12월
에스케이에스엠 주식회사,"SK ship management co.,ltd.",에스케이에스엠, ,김기일,기타법인,180111-0761056,605-86-07063,부산광역시 동구 범일동 830-30 엘아이지부산빌딩 14층,www.skshipmanagement.com,,기타 수상 운송지원 서비스업,2011-06-15,12월
에스케이엔텀(주),"SK enterm Co., Ltd.",에스케이엔텀, ,장호준,기타법인,110111-8834255,673-88-03012,"서울특별시 종로구 종로 26 (서린동, SK서린동빌딩)", ,,위험물품 보관업,2024-01-03,12월
(주)에스케이훼리,"SKFERRY.CO.,LTD",에스케이훼리, ,"백성흠, 김일대",기타법인,194911-0003092,612-81-21485,부산광역시 중구 중앙동5가16번지 408호, ,,내항 여객 운송업,1995-07-13,12월
에스토라해운 주식회사,"ESTOLAR SHIPPING CO., LTD.",에스토라해운, ,강건우,기타법인,180111-0805424,602-81-58063,부산광역시 영도구 대평로28번길 19 (대평동1가),-,,내항 화물 운송업,2012-04-23,12월
에스트랜스 주식회사,"S-Trans Co., LTD.",에스트랜스, ,김준태,기타법인,110111-8724000,157-88-02938,"서울특별시 영등포구 여의대로 66 에이동 15층 (여의도동, 하이투자증권)", ,,도시 정기 육상 여객 운송업,2023-08-23,12월
에스티엑스썬에이스해운 주식회사,"STX SUN ACE SHIPPING CO.,LTD.",에스티엑스썬에이스해운, ,유재호,기타법인,110111-1208366,110-81-35542,"서울특별시 중구 소월로 10 (남대문로5가, 단암빌딩)",www.sunace.co.kr,,외항 화물 운송업,1995-10-25,12월
에스티엑스오션서비스 주식회사,STX Ocean Service Corporaion.,에스티엑스오션서비스, ,조승현,기타법인,180111-1579812,228-81-06988,"부산광역시 중구 중앙대로 102 (중앙동4가, STX)", ,,선박관리업,2024-09-11,12월
에스티엘글로벌(주),"STL GLOBAL CO., LTD.",에스티엘글로벌, ,황재웅,기타법인,110111-1839640,104-81-49380,서울특별시 마포구 마포대로 109 2층,www.stlkorea.com,,외항 화물 운송업,2000-01-10,12월
에스티오차터링코리아(주),STO CHARTERING KOREA CORPORATION,에스티오차터링코리아, ,양명훈,기타법인,180111-0815291,617-86-00215,"부산광역시 해운대구 센텀중앙로 66 (우동, 센텀T타워) 806호", ,,외항 화물 운송업,2012-07-01,12월
주식회사 에스피씨백사물류,SPCBaekSa ,에스피씨백사물류, ,박형빈,기타법인,110111-7789667,553-88-01990,"서울특별시 송파구 새말로 62 (문정동, 송파푸르지오시티)",www.공간창조.com,,보관 및 창고업,2021-02-20,12월
에스피에스라인 주식회사,"SPS LINE CO., LTD.",에스피에스라인, ,이기훈,기타법인,110111-7970802,704-88-02210,"서울특별시 서초구 사임당로 174 (서초동, 강남미래타워) 801", ,,"화물운송 중개, 대리 및 관련 서비스업",2021-07-29,12월
에스피해양(주),SP MARINE ENGINEERING CO.LTD,에스피해양, ,고성진,기타법인,180111-0579152,605-81-81092,부산광역시 동구 초량동 1212-11 해덕빌딩 801호,spmarine.co.kr,,기타 해상 운송업,2007-01-10,12월
에어로케이항공 주식회사,Aero K Airlines Co. Ltd.,에어로케이항공, ,강병호,기타법인,150111-0219829,274-88-00540,충청북도 청주시 흥덕구 오송읍 오송생명3로 183 (만수리) 201호, ,,그 외 기타 분류 안된 운송 관련 서비스업,2016-05-20,12월
에어로케이홀딩스 주식회사,Air Innovation Korea,에어로케이홀딩스, ,강병호,기타법인,110111-5906635,823-87-00267,"서울특별시 마포구 만리재로 47 (신공덕동, 공덕코어) 10층", ,,그 외 기타 분류 안된 운송 관련 서비스업,2015-12-02,12월
에어부산 주식회사,"Air Busan Co., Ltd",에어부산,298690,정병섭,유가증권시장,180111-0605121,605-81-84518,부산광역시 강서구 유통단지1로57번가길 6,www.airbusan.com,,항공 여객 운송업,2007-08-31,12월
에어서울,AIR SEOUL,에어서울, ,김중호,기타법인,120111-0755499,825-81-00091,인천광역시 중구 제2터미널대로 446 (운서동) 4층 3309호, ,,항공 운송업,2015-04-07,12월
(주)에어웨이엑스프레스,"Airway Express Co., Ltd.",에어웨이엑스프레스, ,박돈화,기타법인,110111-0130718,105-81-61844,서울특별시 마포 동교 158-11,www.airway.co.kr,,그 외 기타 운송관련 서비스업,1972-06-02,12월
(주) 에어웨이익스프레스,"AIRWAY EXPRESS CO., LTD.",에어웨이익스프레스, ,김운학,기타법인,120111-0405044,121-81-79123,"인천광역시 중구 공항동로193번길 90 (운서동, 인천항공화물터미널A) 219호", ,,"화물운송 중개, 대리 및 관련 서비스업",2006-06-02,12월
에어제타(주),"AIRZETA CO.,LTD",에어제타, ,김관식,기타법인,120111-0596900,121-86-15046,"인천광역시 중구 공항동로295번길 77-65 (운서동, 에어제타화물터미널)",https://portal.airzetacargo.com/home.do,,항공 운송업,2012-02-24,12월
에어코리아,AIR KOREA,에어코리아, ,김승복,기타법인,110111-3896325,109-86-13072,"인천광역시 중구 공항로 272 (운서동, 인천국제공항여객터미널) B109", ,,항공 운송업,2008-05-14,12월
에어콘테이너로지스틱스(주),"AIR CONTAINER LOGISTICS CO., LTD.",에어콘테이너로지스틱스, ,김현성,기타법인,110111-0985270,105-81-80050,"서울특별시 마포구 월드컵북로12안길 5 (성산동, 에어콘테이너빌딩)3층",www.aircontainer.co.kr,,"화물운송 중개, 대리 및 관련 서비스업",1993-11-11,12월
에어프레미아주식회사,Air Premia Inc.,에어프레미아, ,"유명섭, 김재현",기타법인,110111-6473344,864-81-00738,서울특별시 강서구 공항대로 248 (마곡동) 4층,www.airpremia.com,,항공 여객 운송업,2017-07-27,12월
(주)에어프리덤,"Air Freedom Co., Ltd.",에어프리덤, ,심양보,기타법인,110111-0967559,110-81-32282,서울특별시 중구 다동 88번지 동아빌딩,www.airfreedom.co.kr,,기타 항공 운송지원 서비스업,1994-06-25,03월
주식회사 에이디오인프라코어,adeoinfracore,에이디오인프라코어, ,정유석,기타법인,110111-6372778,221-88-00721,"서울특별시 중구 삼일대로 343 (저동1가, 대신파이낸스센터), 7층", ,,기타 보관 및 창고업,2017-04-12,12월
(주)에이블글로벌로지스틱스,"ABLE GLOBAL LOGISTICS Co.,Ltd",에이블글로벌로지스틱스, ,이민철,기타법인,110111-4188961,104-86-23686,"서울특별시 중구 서소문로 89 (순화동, 순화빌딩) 1303호", ,,"화물운송 중개, 대리 및 관련 서비스업",2009-09-28,12월
(주)에이블로지스,able logics,에이블로지스, ,이호진,기타법인,134411-0056738,126-86-68719,경기도 이천시 마장면 덕평로 771-10 (이평리), ,,일반 창고업,2015-08-17,12월
에이블 차터링 (주),Able Chartering Ltd,에이블차터링, ,정택균,기타법인,110111-5064300,104-86-46826,"서울특별시 중구 세종대로21길 22 (태평로1가, 태성빌딩) 305호", ,,외항 화물 운송업,2013-02-19,12월
(주)에이비로지스,Ablogis,에이비로지스, ,김건영,기타법인,154511-0082753,504-87-01273,충청북도 음성군 삼성면 상곡로 55-66 (상곡리), ,,항공 및 육상 화물 취급업,2019-03-01,12월
에이비엑스해영코리아(주),ABX HAEYOUNG KOREA LTD.,에이비엑스해영코리아, ,김영진,기타법인,110111-0569298,201-81-14479,서울특별시 중구 충무로2가 48~66,www.abx-haeyoung.co.kr,,그 외 기타 운송관련 서비스업,1988-04-04,12월
에이스냉장 주식회사,ACE Cold Storage Inc.,에이스냉장, ,김종평,기타법인,110111-7782794,407-88-01945,경기도 용인시 기흥구 원고매로 29 (고매동), ,,보관 및 창고업,2021-02-10,12월
에이스마린(주),"ACE MARINE CO., LTD.",에이스마린, ,김동하,기타법인,180111-0602929,617-81-68296,"부산광역시 동구 대영로 267 (초량동, 해광빌딩 302-1호)", ,,내항 화물 운송업,2007-10-01,12월
(주)에이스쉽핑,"ACE SHIPPING CO.,LTD",에이스쉽핑, ,박광준,기타법인,110111-1780661,107-81-71144,서울특별시 영등포구 여의도동 44-22 호성빌딩 8층,www.aceshipping.co.kr,,외항 화물 운송업,1999-10-04,12월
에이스후레쉬(주),"ACE FRESH.CO.,LTD.",에이스후레쉬, ,전윤석,기타법인,134811-0099178,124-86-24845,"경기도 화성시 비봉면 주석로485번길 19 (자안리, 에이스후레쉬(주))",acefresh.co.kr/,,냉장 및 냉동 창고업,2004-09-22,12월
(주)에이씨아이월드와이드,ACI WORLDWIDE EXPRESS CORP,에이씨아이월드와이드, ,정성욱,기타법인,110111-0850241,105-81-52457,서울특별시 강서구 남부순환로19길 121 ACI (외발산동),www.aciexpress.net,,"화물운송 중개, 대리 및 관련 서비스업",1992-05-01,12월
(주)에이씨이익스프레스,ACE EXPRESS.INC,에이씨이익스프레스, ,김종욱,기타법인,110111-1991474,109-81-64407,서울특별시 강서구 염창동 274-8 코인빌딩 5층, ,,그 외 기타 운송관련 서비스업,2000-06-08,12월
주식회사 에이씨티 로지스틱스,ACT logistics,에이씨티로지스틱스, ,최태은,기타법인,124411-0154625,234-81-07982,경기도 김포시 고촌읍 아라육로58번길 35-14, ,,물류 터미널 운영업,2015-01-01,12월
(주)에이씨티앤코아물류,"ACT&CORE Logistics CO.,LTD.",에이씨티앤코아물류, ,유석범,기타법인,110111-1642316,211-86-49422,인천광역시 중구 서해대로94번길 100 (신흥동3가),www.actcore.kr,,일반 창고업,1999-03-01,12월
(주)에이씨티항공화물터미날,"AIR CARGO TERMINAL CO.,LTD.",에이씨티항공화물터미날, ,최태은,기타법인,110111-2375289,109-81-74676,경기도 김포시 고촌면 전호리 702,www.actcr.com,,보관 및 창고업,2001-11-15,12월
에이에이씨티유한회사,"AACT Co., Ltd.",에이에이씨티, ,백순석,기타법인,110114-0067254,101-86-30247,인천광역시 중구 공항로424번길 47 AACT 화물터미널, ,,항공 및 육상 화물 취급업,2007-03-16,12월
에이에이치 주식회사,AH,에이에이치, ,유성일,기타법인,120111-0913584,149-87-01101,"인천광역시 중구 영종대로 124 (운서동, 한정빌딩) 905호", ,,기타 항공 운송지원 서비스업,2017-12-28,12월
(주)에이엔씨인터내셔날,ANC INTERNATIONAL INC.,에이엔씨인터내셔날, ,이호우,기타법인,110111-0397582,116-81-21764,서울특별시 강서구 남부순환로 29 (공항동) ANC빌딩,www.ancintl.com,,그 외 기타 운송관련 서비스업,1985-04-17,12월
(주)에이엔씨인터내셔널로지스틱스,ANC INTERNATIONAL LOGISTICS INC.,에이엔씨인터내셔널로지스틱스, ,문성림,기타법인,110111-5939363,269-87-00366,"서울특별시 강서구 남부순환로 29 (공항동, 에이엔시(ANC)빌딩)", ,,"화물운송 중개, 대리 및 관련 서비스업",2016-02-26,12월
주식회사 에이엔피개발,A&P,에이엔피개발, ,김래용,기타법인,110111-3294058,201-81-93585,"서울특별시 중구 동호로30길 30 (장충동2가, 성일빌딩)", ,,기타 육상 운송지원 서비스업,2005-08-27,12월
에이엠비인천로지스틱스파실리티 유한회사,AMB INCHEON LOGISTICS FACILITY,에이엠비인천로지스틱스파실리티, ,김현구,기타법인,110114-0059574,121-81-80218,"인천광역시 중구 공항동로296번길 171 (운서동, 에이엠비)", ,,일반 창고업,2006-07-20,12월
(주)에이엠씨코퍼레이션,AMC CO.,에이엠씨코퍼레이션, ,박충길,기타법인,110111-1092991,211-86-36529,"서울특별시 강남구 언주로 709 (논현동, 송암빌딩) 8층", ,,"화물 포장, 검수 및 계량 서비스업",2000-01-01,12월
주식회사 에이엠에이,AMA. lnc,에이엠에이, ,김영욱,기타법인,134811-0128547,124-86-49977,경기도 화성시 장안면 황골길 63-17 (수촌리),www.yesam.co.kr,,보관 및 창고업,2006-11-11,12월
에이오 주식회사,AO Inc.,에이오, ,안태수,기타법인,120111-0913592,482-81-00860,"인천광역시 중구 영종대로 124 801호 (운서동, 한스빌딩)", ,,항공 운송지원 서비스업,2018-02-01,03월
에이왓글로벌로지스틱스코리아(주),"AWOT Global Logistics (Korea) Co., Ltd.",에이왓글로벌로지스틱스코리아, ,김종현,기타법인,110111-5499143,113-86-89625,"서울특별시 구로구 디지털로 288 (구로동, 대륭포스트타워1차) 1312호",www.awotglobal.com,,기타 항공 운송지원 서비스업,2014-08-26,12월
에이제이렌탈서비스 주식회사,AJRENTALSERVICE. CO. LTD,에이제이렌탈서비스, ,이현우,기타법인,110111-3785627,113-86-17650,"서울특별시 송파구 정의로8길 9 (문정동, AJ빌딩) 9층", ,,"화물운송 중개, 대리 및 관련 서비스업",2007-11-09,12월
에이제이토탈(주),AJUCORPORATION.CO.LTD,에이제이토탈, ,조현만,기타법인,110111-3851965,220-87-62445,서울특별시 송파구 정의로8길 9 AJ빌딩 14층(문정동),www.aju-corporation.co.kr/,,냉장 및 냉동 창고업,2008-03-03,12월
에이제이트랜스밸류 주식회사,"AJ TransValue Co., Ltd.",에이제이트랜스밸류, ,곽정호,기타법인,110111-8843488,864-88-03020,"서울특별시 송파구 정의로8길 9 (문정동, AJ빌딩) 14층", ,,"화물운송 중개, 대리 및 관련 서비스업",2024-01-15,12월
에이제이파크부천6호,AJPARKbucheon6ho ,에이제이파크부천6호, ,이광재,기타법인,121111-0279282,130-87-04439,"경기도 부천시 원미구 조마루로291번길 9 (중동, 중동공영조회주차장)", ,,주차장 운영업,2014-11-12,12월
에이제이파크 중동타운 주식회사,AJPARK JOONGDONGTOWN ,에이제이파크중동타운, ,이광재,기타법인,121111-0256644,130-86-84590,"경기도 부천시 원미구 중동로254번길 90 (중동, 중동파크타운)", ,,주차장 운영업,2013-09-01,12월
(주)에이지엘,"AGL CO., LTD",에이지엘, ,김진순,기타법인,110111-2860925,105-86-58887,"서울특별시 강서구 양천로 583 (염창동, 우림블루나인비즈니스센터) B608호",www.agl.co.kr,,"화물운송 중개, 대리 및 관련 서비스업",2003-09-22,12월
에이치2인천북항물류 주식회사,"H2 INCHEON BUKHANG LOGISTICS CO.,LTD.",에이치2인천북항물류, ,한상현,기타법인,110111-7417771,299-87-01667,"인천광역시 연수구 송도미래로 9 3동 108호(송도동, 비알씨(주)연구소)", ,,일반 창고업,2020-03-06,12월
에이치디에스엘피(주),"HDSLP CO., LTD.",에이치디에스엘피, ,허기철,기타법인,184511-0022571,621-81-37962,경기도 용인시 기흥구 상갈동 482 주공프라자 202호,//hdslp.co.kr,,도로 화물 운송업,2000-03-01,12월
에이치라인해운 주식회사,"H-LINE Shipping Co.,Ltd.",에이치라인해운, ,서명득,기타법인,110111-5305663,107-88-10883,"서울특별시 종로구 종로1길 42 (수송동, 이마빌딩)",h-lineshipping.com,,외항 화물 운송업,2014-01-02,12월
에이치로지스틱스 주식회사,"H LOGISTICS ASSOCIATE CO., LTD.",에이치로지스틱스, ,김항우,기타법인,120111-0684333,121-86-29875,"인천광역시 중구 공항동로296번길 97-51 (운서동, 지1블럭)",www.hlogixs.com,,보관 및 창고업,2013-11-20,12월
주식회사 에이치비글로벌,"HB Global Co, Ltd",에이치비글로벌, ,김병수,기타법인,110111-5289932,109-86-44901,"서울특별시 강남구 선릉로 531 (역삼동, 전국택시연합회) 3층 303호", ,,일반 창고업,2013-12-16,12월
에이치비씨주식회사,"HBC CO.,LTD.",에이치비씨, ,김철홍,기타법인,180111-0576421,602-81-41091,"부산광역시 중구 광복로97번길 20 (동광동2가, 에이치비씨효천사옥)6층", ,,내항 화물 운송업,2006-12-13,12월
에이치알그룹(주),HR Group Corp,에이치알그룹, ,신호룡,기타법인,124411-0312009,624-87-02106,경기도 김포시 고촌읍 아라육로152번길 210-34 (전호리) 5층,www.hrgroup.kr/,,택배업,2021-10-26,12월
(주)에이치앤디로지스틱스,"HND LOGISTICS CO.,LTD.",에이치앤디로지스틱스, ,김인호,기타법인,194211-0209751,609-86-10804,"경상남도 창원시 진해구 신항10로 17 (남문동, (주)에이치앤디로지스틱스)", ,,일반 창고업,2013-02-01,12월
에이치앤브이물류(주),h&v,에이치앤브이물류, ,박원준외,기타법인,134411-0027565,126-81-83355,경기도 이천시 장호원읍 경충대로597번길 66, ,,일반 창고업,2004-12-27,12월
(주)에이치앤에스티아이에프,"H&S TIF CO., LTD",에이치앤에스티아이에프, ,소성일,기타법인,180111-0122365,606-81-44921,부산광역시 중구 충장대로5번길 37 (중앙동4가) 201호, ,,"화물운송 중개, 대리 및 관련 서비스업",1992-01-21,12월
주식회사 에이치앤철강,"HN Steel Co., Ltd",에이치앤철강, ,주영순,기타법인,201111-0001836,411-81-02740,전라남도 목포시 연산동 614-92, ,,기타 해상 운송업,1986-06-17,12월
에이치앤프랜즈(주),"H&FRIENDS CO., LTD.",에이치앤프랜즈, ,김항우,기타법인,110111-2960478,109-81-90695,"인천광역시 중구 공항동로296번길 97-51 (운서동, 지1블럭)",www.hnfriends.com,,그 외 기타 운송관련 서비스업,2004-02-24,12월
(주)에이치앤피로지스,"H&P LOGIS, INC.",에이치앤피로지스, ,허욱,기타법인,110111-5763142,355-81-00160,"서울특별시 강남구 영동대로 511 3305호(삼성동, 트레이드타워)", ,,내항 화물 운송업,2015-06-25,12월
(주)에이치에스엘쉬핑,"HSL SHIPPING CO., LTD.",에이치에스엘쉬핑, ,홍석민,기타법인,110111-3123182,105-86-73291,서울특별시 종로구 신문로1가 광화문오피시아 405호, ,,외항 화물 운송업,2004-11-29,03월
(주)에이치에스엠쉬핑,"HSM SHIPPING CO., LTD",에이치에스엠쉬핑, ,홍성무,기타법인,180111-0692178,605-81-97105,"부산광역시 해운대구 APEC로 17 (우동, 센텀리더스마크) 1902호", ,,외항 화물 운송업,2009-10-30,12월
에이치에스테크주식회사,HSTECH ,에이치에스테크, ,이석환,기타법인,134511-0080347,135-81-71057,"경기도 용인시 처인구 포곡읍 금어로 276 (금어리, 에이치에스물류)", ,,일반 창고업,2004-12-01,12월
주식회사 에이치에스트레이딩,HS TRADING,에이치에스트레이딩, ,이영임,기타법인,120111-0546971,121-86-05738,인천광역시 중구 서해대로30번길 32 (신흥동3가), ,,일반 화물자동차 운송업,2010-10-11,12월
에이치에스홀딩스 주식회사,HS Holdings,에이치에스홀딩스, ,최민영,기타법인,134911-0091479,897-88-01662,"경기도 광명시 일직로 72 (일직동,광명무역센터) c동 613호", ,,주차장 운영업,2019-08-30,12월
주식회사 에이치엔쉽핑,"HN Shipping Co., Ltd.",에이치엔쉽핑, ,강성구,기타법인,110111-7663655,568-88-01819,서울특별시 강남구 역삼로 455 (대치동) 하나빌딩 2층, ,,외항 화물 운송업,2020-10-27,12월
주식회사 에이치엔씨씨,"HNCC Co.,Ltd.",에이치엔씨씨, ,강석심,기타법인,110111-5067213,120-87-98982,"서울특별시 강남구 역삼로 455 (대치동, 하나빌딩) 4층", ,,내항 화물 운송업,2013-06-01,12월
에이치엔엘트랜스 주식회사,"HNL Trans Co.,Ltd.",에이치엔엘트랜스, ,정경인,기타법인,180111-1481314,729-86-02739,부산광역시 동구 중앙대로 240 현대해상 부산사옥 10 (초량동), ,,그 외 기타 운송관련 서비스업,2022-12-22,12월
에이치엠엠오션서비스(주),"HMM OCEAN SERVICE CO., LTD.",에이치엠엠오션서비스, ,최종철,기타법인,180111-0813550,602-81-58762,부산광역시 중구 중앙대로 63 부산우체국보험회관 5층,www.hos21.com,,수상 운송지원 서비스업,2012-06-20,12월
(주)에이치엠엠퍼시픽,"HMM PACIFIC Co., Ltd.",에이치엠엠퍼시픽, ,김태수,기타법인,110111-3535064,107-86-82632,서울특별시 영등포구 여의대로 108, ,,항구 및 기타 해상 터미널 운영업,2006-09-27,12월
에이치엠엠피에스에이신항만(주),"HMM PSA New-port Terminal Co.,Ltd.",에이치엠엠피에스에이신항만, ,김규봉,기타법인,180111-0730043,606-86-25399,부산광역시 강서구 신항남로 454 (성북동),www.hpnt.co.kr,,항구 및 기타 해상 터미널 운영업,2010-09-15,12월
(주)에이치엠티메가라인,"HMT MEGA LINE CO.,LTD",에이치엠티메가라인, ,박광배,기타법인,110111-4195346,119-86-22016,서울특별시 금천구 가산디지털2로 169-16 B803호(가산동),www.hi-megaline.com,,외항 화물 운송업,2009-10-09,12월
(주)에이치와이냉장,HYNAENGJANG,에이치와이냉장, ,백성일,기타법인,134411-0020767,126-81-62383,경기도 이천시 율면 고당리 296-5, ,,보관 및 창고업,2002-05-01,12월
주식회사 에이치원로지스틱스,H.ONE LOGISTICS,에이치원로지스틱스, ,장정모,기타법인,110111-8002969,672-88-02174,경기도 안성시 일죽면 조목동길 28-12 에이동 1206호, ,,일반 창고업,2021-08-25,12월
주식회사 에이치원솔루션,H1SOLUTION,에이치원솔루션, ,양재영,기타법인,135811-0435305,511-86-02628,"경기도 수원시 영통구 영통로 237 (신동, 에이스하이엔드타워영통) 1018호(신동", ,,일반 창고업,2021-12-27,12월
에이치인천북항물류 주식회사,"H-Incheon Northport Logistics Co,Ltd.",에이치인천북항물류, ,이홍중,기타법인,110111-7340609,661-87-01649,인천광역시 연수구 송도미래로 9 3동 108호 비알씨(주) 연구소, ,,일반 창고업,2020-01-17,12월
(주)에이치테크노로지스틱스,"H Techno Logistics Co.,Ltd.",에이치테크노로지스틱스, ,김학성,기타법인,134811-0772287,405-88-02986,경기도 화성시 향남읍 상신하길로 326 (하길리) 302호, ,,보관 및 창고업,2023-11-20,12월
(주)에이치티아이엘,HELLMAN WORLDWIDE LOGISTICS LIMITED,에이치티아이엘, ,배경식,기타법인,180111-0759457,606-86-30096,"부산광역시 금정구 중앙대로 1596 (부곡동, 넥센타이어)", ,,일반 창고업,2011-05-19,12월
주식회사 에이치해운,Hferry,에이치해운, ,정홍,기타법인,120111-0825698,455-88-00436,"인천광역시 중구 연안부두로 70 (항동7가, 인천항연안여객터미널) 209호",www.hferry.co.kr/,,내항 여객 운송업,2016-06-22,12월
에이큐 주식회사,AQ Inc.,에이큐, ,김정호,기타법인,110111-6036150,119-87-07685,"서울특별시 강서구 마곡중앙로 161-8 (마곡동, 두산더랜드파크) C동 704호,705호", ,,기타 항공 운송지원 서비스업,2016-04-19,12월
주식회사 에이티에스,"ATS Co.,Ltd",에이티에스, ,강태홍,기타법인,220111-0066689,616-81-67090,제주특별자치도 제주시 서해안로 410 (용담이동),atservice.co.kr,,기타 항공 운송지원 서비스업,2008-08-01,12월
주식회사 에이티엔,ATN,에이티엔, ,안동석,기타법인,134411-0034891,126-86-03002,경기도 이천시 마장면 덕평로 771-10 (이평리) 사무동,newatn.co.kr/,,일반 창고업,2007-06-01,12월
(주)에이피로지스틱스,APLOGISTICS,에이피로지스틱스, ,서동일,기타법인,110111-7444550,869-87-01544,서울특별시 금천구 가산로9길 54 (가산동), ,,일반 창고업,2020-04-01,12월
주식회사 에치디엘,HYUNDAI LOGISTLCE CO. LTD,에치디엘, ,한웅석,기타법인,134711-0011249,125-81-13119,경기도 평택시 포승읍 포승남로 105-14 (주)에치디엘,www.koreahdl.com,,일반 화물자동차 운송업,1994-07-01,12월
에치엠로지스 주식회사,HMLOGIS,에치엠로지스, ,이영운,기타법인,200111-0513668,280-81-01055,광주광역시 광산구 사암로 700 (도천동) 3층 6호, ,,항공 및 육상 화물 취급업,2018-01-01,12월
(주)에치티에치,"HTH Logistics.co., Ltd.",에치티에치, ,김규상,기타법인,110111-1663544,120-81-88537,경상북도 경산시 압량면 부적리 151,www.cjhth.com,,그 외 기타 운송관련 서비스업,1999-03-13,12월
(주)에코로지스틱스,"ECOLOGISTICS Co.,Ltd.",에코로지스틱스, ,강성인,기타법인,150111-0305561,221-88-01910,충청북도 청주시 청원구 오창읍 2산단1로 14 (주성리) 202호, ,,"화물운송 중개, 대리 및 관련 서비스업",2021-04-27,12월
주식회사 에코앤로지스부산,Eco&Logis Busan Corp.,에코앤로지스부산, ,백풍렬,기타법인,180111-1424877,317-87-02718,"부산광역시 강서구 녹산산단232로 38-26 (송정동, 부산진해경제자유구역청)", ,,보관 및 창고업,2022-02-25,12월
주식회사 에코원에셋,Eco1asset,에코원에셋, ,이장암,기타법인,170111-0399643,502-86-04490,대구광역시 수성구 범어3동 27-8 1층, ,,보관 및 창고업,2010-03-17,12월
주식회사 에티버스이앤엘,"ETEVERS E&L co., ltd.",에티버스이앤엘, ,"김영철, 백인식",기타법인,110111-3150531,107-86-58734,경기도 용인시 처인구 백암면 백봉로 37 (백봉리),www.logivice.co.kr,,보관 및 창고업,2005-02-01,12월
주식회사 에프앤에프로지스틱스,F&F LOGISTICS Co.Ltd.,에프앤에프로지스틱스, ,황경호,기타법인,110111-6013231,436-87-00291,"서울특별시 강남구 언주로 541 (역삼동, 에프앤에프사옥본관) 5층", ,,일반 창고업,2016-04-01,12월
에프에스케이엘앤에스 주식회사,"FSK L&S Co.,Ltd",에프에스케이엘앤에스, ,김용직,기타법인,131111-0462520,653-87-00483,"경기도 성남시 분당구 성남대로343번길 9 6층(정자동, 에스케이유타워)",www.fsklns.com,,창고 및 운송관련 서비스업,2016-10-20,12월
(주)에프엑스유통,FX DISTRIBUTION CORPORATION,에프엑스유통, ,김원석,기타법인,134511-0111746,142-81-06141,경기도 용인시 기흥구 공세동 467-4, ,,창고 및 운송관련 서비스업,2007-03-23,12월
주식회사 에프엔풀필먼트,"FNFulfillmetnt Co., Ltd.",에프엔풀필먼트, ,김현호,기타법인,284911-0286136,607-88-02729,경기도 파주시 탄현면 검산로 424-9 (축현리), ,,냉장 및 냉동 창고업,2022-07-22,12월
주식회사 에프티엘코리아,"FTL KOREA CO., LTD.",에프티엘코리아, ,조현덕,기타법인,110111-6125466,721-81-00386,"서울특별시 종로구 우정국로 69 (수송동, 동일빌딩)",www.ftlkorea.com,,"화물운송 중개, 대리 및 관련 서비스업",2016-08-01,12월
엑소후레쉬물류주식회사,"Exofresh Logistics CO.,LTD",엑소후레쉬물류, ,제환주,기타법인,134811-0034702,124-81-53739,경기도 용인시 기흥구 청명산로 2 (하갈동), ,,냉장 및 냉동 창고업,1997-12-30,12월
엑스트라스페이스코리아양재(주),Extra Space Korea Yangjae,엑스트라스페이스코리아양재, ,Worsdale Kenneth Charles,기타법인,110111-4397736,214-88-62864,"서울특별시 서초구 양재대로 173 (양재동, 톨게이트주유소)",extraspacekorea.com/,,기타 보관 및 창고업,2010-07-22,12월
(주)엑스트랜스,"EXTRANS CO., LTD.",엑스트랜스, ,신규승,기타법인,110111-1120750,211-86-06928,서울특별시 중구 순화동 순화빌딩 7층 703호, ,,그 외 기타 운송관련 서비스업,1995-02-01,03월
엔디에스엠주식회사,"NDSM Co., Ltd.",엔디에스엠, ,강수일,기타법인,180111-0876673,602-81-62586,"부산광역시 중구 대교로 119 6층 (중앙동6가, 씨제이대한통운빌딩)", ,,외항 화물 운송업,2013-09-02,12월
(주)엔로지스,NLogis,엔로지스, ,양복선,기타법인,131111-0195220,129-86-13606,경기도 성남시 중원구 갈마치로 200 (상대원동),www.nlogis.com,,냉장 및 냉동 창고업,2007-09-12,12월
엔알에스한익스 주식회사,nrshanex,엔알에스한익스, ,"양환기, 이나야마 히로시",기타법인,134811-0304759,143-81-23916,"울산광역시 울주군 청량면 덕하로 33 엔알에스한익스 (덕하리, 울주종합화물터미널(주))", ,,내항 화물 운송업,2014-06-26,12월
주식회사엔에스엘,-,엔에스엘, ,고우삼,기타법인,134611-0028452,125-81-58417,경기도 안성시 금광면 개산리 204-6 2층, ,,도로 화물 운송업,2005-06-17,12월
엔에스엘코퍼레이션주식회사,NSL CORPORATION,엔에스엘코퍼레이션, ,"김소연, 윤병훈",기타법인,205911-0034085,872-81-01418,광주광역시 서구 상무대로 799 (치평동)국제빌딩 601, ,,"화물운송 중개, 대리 및 관련 서비스업",2019-07-10,12월
(주)엔에스피,"nsp co.,ltd.",엔에스피, ,남석우,기타법인,131111-0219781,129-86-27172,"경기도 성남시 분당구 성남대로925번길 16 (야탑동, 분당종합터미널)",www.newseongnamterminal.co.kr,,여객 자동차 터미널 운영업,2008-10-23,12월
엔에이치센코물류주식회사,"NH SENKO CO., LTD",엔에이치센코물류, ,후지와라쇼키,기타법인,194211-0245127,449-86-00155,"경상남도 창원시 진해구 신항6로 15 (남문동, 엔에이치센코물류(주))", ,,일반 창고업,2015-08-05,12월
엔에이치엘개발(주),NHL Development co.ltd,엔에이치엘개발, ,유중식,기타법인,110111-3464073,214-87-90515,서울특별시 서초구 서초대로 326, ,,내항 화물 운송업,2006-05-24,12월
(주)엔와이디신항물류센터,NYD New Port Logistics Center,엔와이디신항물류센터, ,"손민영, 김명근",기타법인,180111-0892299,602-81-63678,경상남도 창원시 진해구 남영로544번길 64 (남양동), ,,일반 창고업,2014-01-01,12월
엔와이케이라인코리아 주식회사,"NYK LINE (KOREA) CO., LTD.",엔와이케이라인코리아, ,장철순,기타법인,110111-3063338,104-81-89024,서울특별시 중구 남대문로5가 연세세브란스빌딩 22층, ,,그 외 기타 운송관련 서비스업,2004-08-06,03월
엔와이케이벌크쉽코리아,NYK Bulkship Korea,엔와이케이벌크쉽코리아, ,장철순,기타법인,110111-2991514,101-86-04394,"서울특별시 중구 통일로 10 (남대문로5가, 연세세브란스빌딩)", ,,외항 화물 운송업,2004-04-12,03월
엔이에이치 주식회사,"NEH Co.,Ltd.",엔이에이치, ,신은주,기타법인,204611-0066340,738-86-02295,전라남도 광양시 제철로 2148-581 (금호동), ,,기타 보관 및 창고업,2021-10-15,12월
엔케이글로벌로지스틱스 주식회사,"NK Global Logistics Co., Ltd",엔케이글로벌로지스틱스, ,장인영,기타법인,120111-0929060,758-81-00995,인천광역시 연수구 능허대로 136 (옥련동) 케이티빌딩 본관3층, ,,"화물운송 중개, 대리 및 관련 서비스업",2018-04-03,12월
엔케이쉽핑주식회사,"NK SHIPPING CO., LTD",엔케이쉽핑, ,김재윤,기타법인,110111-7239167,510-87-01545,"서울특별시 종로구 종로5길 76 7층 (수송동, 목은관)", ,,외항 화물 운송업,2019-10-01,12월
주식회사 엔큐산업,"NQ INDUSTRY CO.,LTD.",엔큐산업, ,최현석,기타법인,131111-0144996,129-81-87194,광주광역시 북구 무등로 239 (중흥동)한국시멘트빌딩3층, ,,그 외 기타 운송관련 서비스업,2005-07-01,12월
(주)엔티아이국제운송,NTI LOGISTICS CO LTD,엔티아이국제운송, ,유덕종,기타법인,110111-1659600,105-81-98429,"서울특별시 마포구 양화로 92 (서교동, 유남빌딩)",nti-korea.com,,"화물운송 중개, 대리 및 관련 서비스업",1999-03-15,12월
엔티엘나이가이트랜스라인코리아(주),"NTL NAIGAI TRANS LINE KOREA CO.,LTD.",엔티엘나이가이트랜스라인코리아, ,황창세,기타법인,110111-2856023,104-81-83258,"서울특별시 중구 무교로 21 (무교동, 더익스체인지서울) 12층", ,,"화물운송 중개, 대리 및 관련 서비스업",2003-09-22,12월
(주)엘리온종합물류,"ELLION CO., LTD",엘리온종합물류, ,김도형,기타법인,180111-0705997,617-81-83088,경상북도 포항시 북구 흥해읍 영일만항로 238, ,,"화물운송 중개, 대리 및 관련 서비스업",2010-03-22,12월
주식회사 엘앤케이로지스틱스,LNK LOGISTICS ,엘앤케이로지스틱스, ,이경열,기타법인,110111-5034965,104-86-46108,"서울특별시 중구 삼일대로 363 (장교동, 장교빌딩) 1502호", ,,"화물운송 중개, 대리 및 관련 서비스업",2013-01-02,12월
엘앤케이씨티,"LNKCT Co., Ltd",엘앤케이씨티, ,김은영,기타법인,120111-0518110,121-86-01218,인천광역시 중구 축항대로117번길 38 (항동7가), ,,일반 창고업,2010-02-01,12월
주식회사 엘앤티,"L&T CO.,LTD",엘앤티, ,서정수,기타법인,210111-0094012,402-86-05447,전라북도 완주군 봉동읍 우동로 77 (장구리), ,,창고 및 운송관련 서비스업,2013-11-21,12월
주식회사 엘에스티,L.S.T.,엘에스티, ,서삼영,기타법인,200111-0142847,410-81-67435,광주광역시 서구 매월동 944번지,www.lst4u.com,,보관 및 창고업,2001-09-27,12월
(주)엘엑스판토스,"LX Pantos Co., Ltd.",엘엑스판토스, ,이용호,기타법인,110111-0208127,116-81-31734,서울특별시 종로구 새문안로 58,www.lxpantos.com,,그 외 기타 운송관련 서비스업,1977-01-18,12월
(주)엘엑스판토스부산신항물류센터,"LX Pantos Busan Newport Logistics Center Co., Ltd.",엘엑스판토스부산신항물류센터, ,어재혁,기타법인,180111-0641133,602-81-46591,경상남도 창원시 진해구 신항4로 15-85,www.lxpantos.com,,일반 창고업,2008-07-18,12월
(주)엘엑스판토스신항에코물류센터,"LX Pantos Newport Eco Logistics Center CO., Ltd",엘엑스판토스신항에코물류센터, ,어재혁,기타법인,194211-0380600,617-86-30271,"경상남도 창원시 진해구 신항4로 15-85 (용원동, 범한판토스), 2층", ,,보관 및 창고업,2024-03-11,12월
주식회사 엘투로지스틱스,L2logistics,엘투로지스틱스, ,이창모,기타법인,134411-0084276,187-88-01186,경기도 이천시 마장면 중부대로 656 (표교리) 1층 101호, ,,기타 보관 및 창고업,2018-11-01,12월
엘포유,Logis for U,엘포유, ,김기원,기타법인,134411-0067165,432-81-00185,"서울특별시 송파구 송파대로 201 (문정동, 송파테라타워2)", ,,"화물운송 중개, 대리 및 관련 서비스업",2015-10-01,12월
(주)엘피엘,(주)LPL,엘피엘, ,이장춘,기타법인,134411-0058718,126-86-73454,경기도 이천시 호법면 이섭대천로 38-2 (매곡리), ,,일반 창고업,2014-01-22,12월
(주)엠.씨.로지스틱스,M.C. LOGISTICS,엠.씨.로지스틱스, ,구숭완,기타법인,131111-0129394,129-81-80473,"경기도 성남시 분당구 서현로 170 (서현동, 풍림아이원플러스) 7층 711호", ,,일반 화물자동차 운송업,2005-01-01,12월
엠씨케이로지스 주식회사,MCK Logis Co. Ltd.,엠씨케이로지스, ,황상규,기타법인,131111-0444312,219-81-30558,"경기도 성남시 분당구 황새울로200번길 28 (수내동, 오너스타워) 801호", ,,일반 창고업,2016-04-22,12월
엠아이엔쉬핑(주),"MIN SHIPPING, CO. LTD",엠아이엔쉬핑, ,박주영,기타법인,180111-0789363,603-81-79474,부산광역시 사하구 신평동 장평로 277(외환은행 건물 3층),없음,,외항 화물 운송업,2012-01-02,12월
주식회사 엠아이피플,"MI People Co. Ltd.,",엠아이피플, ,이명복,기타법인,131411-0287443,134-87-01924,경기도 안성시 공단1로 80-6, ,,냉장 및 냉동 창고업,2012-11-05,12월
엠에스디스트리파크(주),MS DISTRIPARK. LTD,엠에스디스트리파크, ,이도희,기타법인,180111-0616318,602-81-44481,부산광역시 중구 중앙동4가 89-2 흥우빌딩 10층,www.msdistripark.co.kr,,일반 창고업,2007-12-20,12월
엠에스비(주),"MSB LOGISTICS CO., LTD.",엠에스비, ,김정식,기타법인,230111-0346162,474-87-02175,울산광역시 북구 중산산업2길 42 (중산동), ,,일반 화물자동차 운송업,2022-02-05,12월
엠에스씨 코리아 주식회사,MSC KOREA LIMITED,엠에스씨코리아, ,강관유,기타법인,110111-1795008,104-81-47868,"서울특별시 중구 남대문로9길 40 (다동, 센터플레이스(CenterPlace)) 12층", ,,그 외 기타 운송관련 서비스업,1999-10-22,12월
주식회사 엠에스엘,MSL Co.Ltd.,엠에스엘, ,이재학,기타법인,134411-0099473,868-86-01961,"경기도 이천시 호법면 중부대로 755 2층 (안평리, 대영빌딩)", ,,일반 창고업,2021-02-04,12월
엠에스엘(주),MSL,엠에스엘, ,김해명,기타법인,200111-0034987,408-81-15249,광주광역시 북구 첨단연신로77번길 20 (연제동), ,,일반 창고업,1992-06-25,12월
(주)엠에스페리,"MSFERRY CO.,LTD",엠에스페리, ,"최철희, 이장호",기타법인,180111-1017549,702-88-00273,부산광역시 중구 충장대로 24 구국제여객터미널 3층(중앙동4가), ,,기타 내륙 수상 여객 및 화물 운송업,2016-03-15,12월
(주)엠엔씨인터내쇼날,"MNC INTERNATIONAL CO.,LTD",엠엔씨인터내쇼날, ,박민규,기타법인,110111-5454189,105-88-04973,"서울특별시 마포구 와우산로 48 (상수동, 로하스타워) 302호", ,,"화물운송 중개, 대리 및 관련 서비스업",2014-07-01,12월
엠엔엑스코리아 유한회사,MNX Korea limited,엠엔엑스코리아, ,나단더블유기씨,기타법인,110114-0114047,211-88-79935,"서울특별시 영등포구 문래북로 8 (문래동6가, 에이스엔에스타워) 제 5층 제503, 제504호", ,,항공 화물 운송업,2012-07-03,12월
엠엘씨월드카고 주식회사, ,엠엘씨월드카고, ,신명철,기타법인,110111-0837182,220-81-32823,서울특별시 강남구 역삼동 824-24, ,,일반 화물자동차 운송업,1998-01-01,03월
주식회사 엠지로지스틱스,mglogistics,엠지로지스틱스, ,문홍천,기타법인,134511-0496651,250-86-02140,경기도 용인시 처인구 백암면 청강가창로174번길 98-16 (가창리), ,,보관 및 창고업,2021-02-09,12월
엠지로지스틱스 주식회사,MG Logistics,엠지로지스틱스, ,김기영,기타법인,110111-8086062,590-87-02481,"서울특별시 강남구 도산대로 158 (논현동, 세양APEXTOWER) 909호", ,,일반 창고업,2021-11-10,12월
주식회사 엠지엘,"MAX GLOBAL LOGISTICS CO.,LTD",엠지엘, ,강정유,기타법인,110111-4589581,117-81-76700,"서울특별시 강서구 양천로 583 (염창동, 우림블루나인비즈니스센터) B동 18층 1808호",www.mglogis.co.kr,,"화물운송 중개, 대리 및 관련 서비스업",2011-06-01,12월
주식회사 엠지플레잉,"EMJIPEULREING CO.,LTD.",엠지플레잉, ,이창민,기타법인,110111-7700671,174-87-01918,"서울특별시 강남구 강남대로 354 1203호 중 일부(역삼동, 혜천빌딩)", ,,소화물 전문 운송업,2020-12-01,12월
엠큐로지스틱스(주),MQ logistics,엠큐로지스틱스, ,김이근,기타법인,134211-0089337,126-86-06052,경기도 용인시 처인구 백암면 청계로 124 (박곡리)2층,www.mqgroup.kr,,일반 창고업,2007-09-10,12월
엠큐에스파트너스(주),"MQSPARTNERS CO., LTD.",엠큐에스파트너스, ,김이근,기타법인,284111-0260714,728-81-02309,경기도 화성시 팔탄면 온천로 118 (덕우리), ,,일반 창고업,2021-06-07,12월
주식회사 엠투엠코리아,M2M Korea,엠투엠코리아, ,장형광,기타법인,115611-0035632,128-81-65616,"경기도 파주시 문발로 155 3층 (문발동, 미래한국미디어)", ,,일반 창고업,2001-12-20,12월
엠트랜스주식회사,"M-TRANS CO., LTD.",엠트랜스, ,배선철,기타법인,110111-1788722,105-86-03932,"서울특별시 마포구 큰우물로 75 (도화동, 성지빌딩) 505-1", ,,"화물운송 중개, 대리 및 관련 서비스업",1999-10-18,12월
여산관광(주),"Yeosan Tour Co., Ltd.",여산관광, ,허윤성 허정,기타법인,131211-0018355,126-81-75739,경기도 용인시 기흥구 기흥단지로 71 (고매동), ,,전세버스 운송업,2003-12-05,12월
여수여객자동차주식회사,yeosu pasenger automabile,여수여객자동차, ,양정원,기타법인,204711-0000031,417-81-00207,"전라남도 여수시 좌수영로 531 (둔덕동, 여수여객)", ,,시내버스 운송업,1947-04-10,12월
주식회사 여수탱크터미날,YEOSU TANK TERMINAL CORP.,여수탱크터미날, ,"심재원, 심성원 (각자)",기타법인,204711-0004132,417-81-03693,전라남도 여수시 낙포단지길 79 (낙포동),www.jaewon.co.kr,,위험물품 보관업,1988-07-05,12월
여수페트로(주),Yeosu Petrochemical logistics corporation,여수페트로, ,손기성,기타법인,206211-0032909,417-81-33315,전라남도 여수시 여수산단4로 240 (중흥동), ,,수상 운송업,2006-10-11,12월
여수해상케이블카주식회사,Yeosucablecar co.ltd,여수해상케이블카, ,송진화,기타법인,206211-0039955,417-81-38931,"전라남도 여수시 돌산읍 돌산로 3600-1 (우두리, 여수해상케이블카(탑승장))",yeosucablecar.com,,기타 운송관련 서비스업,2009-10-29,12월
(주)여수해양,"YEOSU OCEAN.,LTD.",여수해양, ,김제상,기타법인,206211-0041918,417-81-40548,전라남도 여수시 돌산읍 신추길 54 (우두리),www.yeosuocean.com,,기타 수상 운송지원 서비스업,2010-08-27,12월
(유)여수화물,yeosu-whamul inc,여수화물, ,장상호,기타법인,204714-0001033,417-81-03844,전라남도 여수시 둔덕동 541, ,,일반 화물자동차 운송업,1988-12-23,12월
주식회사 여흥물류,YEO HEUNG,여흥물류, ,박수웅,기타법인,131211-0056082,251-87-01699,경기도 여주시 대신면 여양로 1489 (율촌리), ,,보관 및 창고업,2020-01-10,12월
주식회사 연경,-,연경, ,김순안,기타법인,134511-0264602,755-87-00080,경기도 용인시 처인구 경안천로 322 (고림동),-,,일반 창고업,2015-07-02,12월
(주)연성해상화물,(LTD)YUNSUNG MARINE CARGO,연성해상화물, ,이성수,기타법인,124611-0273314,131-81-68962,인천광역시 중구 축항대로 84 3층 (항동7가), ,,해상 운송업,2002-01-08,12월
주식회사 연합,"YOUNHAB.CO.,LTD",연합, ,이용철,기타법인,135111-0038757,123-81-32522,경기도 화성시 기안동 355-1, ,,창고 및 운송관련 서비스업,1993-08-01,12월
연호홀딩스 주식회사,YeonHo Holdings,연호홀딩스, ,배재희,기타법인,110111-7399276,635-87-01505,"서울특별시 강남구 테헤란로 313 (역삼동, 성지하이츠1) 2013호", ,,일반 창고업,2020-02-20,12월
영광교통주식회사,youngkwang trans,영광교통, ,박종환,기타법인,110111-0096001,209-81-07424,서울특별시 성북구 한천로 618 (장위동), ,,택시 운송업,1968-11-20,12월
(주)영남복합물류공사,"Youngnam Area Integrated Freight Terminal Co., Ltd.",영남복합물류공사, ,양성익,기타법인,110111-3231480,206-81-99279,경상북도 칠곡군 지천면 금호로 272 (연화리),www.yift.co.kr/,,물류 터미널 운영업,2005-05-19,12월
주식회사 영남사림,"koreawide Kyungbuk Co.,Ltd",영남사림, ,류상우,기타법인,170111-0321159,503-81-74451,대구광역시 서구 서대구로 295 (비산동), ,,시외버스 운송업,2006-12-11,12월
(주)영남알프스얼음골케이블카,Young-nam alps ice valley cable car,영남알프스얼음골케이블카, ,조계찬,기타법인,191311-0022245,615-86-03555,경상남도 밀양시 산내면 얼음골로 241 (삼양리) 영남알프스얼음골케이블카,www.icevalleycablecar.com,,기타 부정기 여객 육상 운송업,2013-09-02,12월
영동건강 주식회사,YD-botanics,영동건강, ,이윤미,기타법인,134511-0183787,142-81-45163,경기도 용인시 처인구 양지면 주북로 333-8, ,,기타 보관 및 창고업,2012-01-18,12월
(주)영성글로벌,"YOUNG SUNG GLOBAL CO., LTD",영성글로벌, ,구범수,기타법인,180111-0207521,604-81-31662,부산광역시 중구 대청로 148 (중앙동2가), ,,해상 운송업,1996-06-11,12월
영신여객자동차(주),yeshyege,영신여객자동차, ,마대준,기타법인,110111-0068414,210-81-03340,"서울특별시 강북구 삼양로173길 22 (우이동, 영신여객(주))", ,,시내버스 운송업,1966-06-25,12월
영암고속(주),Youngam Express Co,영암고속, ,박학도,기타법인,144811-0000040,228-81-00043,강원도 태백시 황지동 270-1, ,,시내버스 운송업,1963-02-09,12월
영인운수(주),"Youngin Transportation . Co., Ltd.",영인운수, ,박동혜,기타법인,110111-0029664,109-81-10600,서울특별시 강서구 남부순환로 224-58 (외발산동),yibus@naver.com,,시내버스 운송업,1970-10-13,12월
영일기업주식회사,"Youngil Enterprise Co.,Ltd.",영일기업, ,정봉화,기타법인,174611-0004842,506-81-04051,경상북도 포항시 남구 동촌동 5,www.youngilent.co.kr,,일반 화물자동차 운송업,1983-08-03,12월
(주)영종여객,"YoungJong Transportation Co., LTD.",영종여객, ,신옥안,기타법인,111511-0000714,127-81-00129,경기도 의정부시 금오동 90-3, ,,시외버스 운송업,1957-08-19,06월
(주)영진공사,"YOUNGJIN ENTERPRISE CO.,LTD.",영진공사, ,"이강신, 김승회",기타법인,120111-0001107,121-81-01590,인천광역시 중구 서해대로209번길 23 (항동7가), ,,수상 화물 취급업,1962-12-07,12월
영진교통(주),youngjinbus,영진교통, ,최을화,기타법인,170111-0261959,504-81-55724,대구광역시 북구 호국로 814 (학정동), ,,시내버스 운송업,2004-02-16,12월
영진로지스틱스 주식회사,"YOUNGJIN LOGISTICS CO., LTD.",영진로지스틱스, ,"이준배, 이강신",기타법인,131311-0099519,125-81-89400,경기도 평택시 포승읍 서동대로 437-158, ,,일반 창고업,2010-06-29,12월
주식회사 영진씨티,"YOUNGJIN CARGO TERMINAL CO., LTD.",영진씨티, ,정수동,기타법인,234111-0036628,621-81-60371,"경상남도 양산시 하북면 양산대로 1957-32 (용연리, (주)영진씨티)",www.yjint.co.kr,,보관 및 창고업,2004-11-01,12월
(주)영진지엘에스,"YOUNGJIN GLOBAL LOGISTICS CO., LTD.",영진지엘에스, ,송인석,기타법인,110111-3278739,101-86-17036,서울특별시 종로구 신문로1가 광화문오피시아1324호,www.yjgls.co.kr,,항만 내 여객 운송업,2005-08-08,12월
(주)영진통운,Youngjin trans ,영진통운, ,이영곤,기타법인,180111-0282862,617-81-23867,부산광역시 수영구 광안해변로 429 (민락동) 3층, ,,일반 화물자동차 운송업,1999-05-01,12월
(주)영진특수,"YEONGJIN TEUKSU CO,.LTD",영진특수, ,서영주,기타법인,230111-0171949,610-86-05387,울산광역시 울주군 온산읍 화산로 110-26 (원산리) 영진특수, ,,보관 및 창고업,2011-01-01,12월
영진티앤엠주식회사,"YOUNG JIN T&M CO.,LTD",영진티앤엠, ,이강석,기타법인,165011-0038654,311-81-42156,충청남도 당진시 신평면 당진항만로 73 (매산리), ,,보관 및 창고업,2012-07-04,12월
주식회사 영창기업사,"YOUNGCHANG ENTERPRISE CO., LTD",영창기업사, ,김계태,기타법인,180111-0115576,601-81-20638,부산광역시 동구 초량1동 대한통운빌딩 506호, ,,내항 화물 운송업,1991-07-01,12월
영천항운 주식회사,"YOUNG CHEON LOGISTICS CO., LTD.",영천항운, ,권병헌,기타법인,110111-1131971,109-81-48881,"서울특별시 강서구 양천로 583 (염창동, 우림블루나인비즈니스센터) A동 1103호",www.yclcargo.com,,"화물운송 중개, 대리 및 관련 서비스업",1995-02-24,12월
영풍운수(주),young pung,영풍운수, ,김수성,기타법인,120111-0008228,137-81-13413,인천광역시 서구 가정로 231 (석남동)538-11, ,,시내버스 운송업,1979-08-10,12월
영화여객자동차(주),yeonghwa,영화여객자동차, ,조옥환,기타법인,191111-0001459,613-81-01425,경상남도 진주시 진양호로 436 157-3(인사동),www.husinfo.co.kr,,시외버스 운송업,1980-02-11,12월
주식회사 예성코퍼레이션,YESEONG CORPORATION,예성코퍼레이션, ,손지승,기타법인,205911-0037493,349-88-00242,광주광역시 광산구 평동공단산정로 12 (연산동), ,,일반 창고업,2015-10-12,12월
(주)예스켐,yeschem.co.ltd,예스켐, ,정찬규,기타법인,131311-0207873,735-87-01407,경기도 평택시 포승읍 포승공단순환로 5,yeschemical.co.kr/,,위험물품 보관업,2018-12-14,03월
(주)예일로지스,YaleLogis Inc.,예일로지스, ,이근재,기타법인,110111-4045591,215-87-23552,경기도 광주시 초월읍 산수로 653 (무갑리),www.yalelogis.co.kr,,"화물운송 중개, 대리 및 관련 서비스업",2009-03-02,12월
주식회사 예일해운항공,"YALE SEA & AIR CO.,LTD.",예일해운항공, ,김만수,기타법인,110111-4263705,105-87-40477,"서울특별시 강서구 양천로 583 (염창동, 우림블루나인비즈니스센터) A동 1308~9호",www.yales.co.kr,,그 외 기타 분류 안된 운송 관련 서비스업,2010-02-01,12월
(주)옐로우캡,yellowcap,옐로우캡, ,이세형,기타법인,110111-2092205,215-81-98857,경기도 수원시 팔달구 화서2동 436-3 농민회관 9층,www.yellowcap.co.kr,,기타 육상 운송지원 서비스업,2000-10-20,12월
주식회사 옐로우코드,"yellow chord Co.,Ltd",옐로우코드, ,유윤식,기타법인,230111-0318351,622-86-01521,울산광역시 남구 삼산중로48번길 7 (삼산동), ,,주차장 운영업,2019-10-01,12월
오드펠터미널코리아(주),"Odfjell Terminal Korea Co.,Ltd.",오드펠터미널코리아, ,이종권,기타법인,230111-0074200,610-81-49226,울산광역시 울주군 온산읍 당월로 594,www.odfjell.co.kr,,위험물품 보관업,2001-03-28,12월
오뚜기물류서비스(주),"OTOKI LOGISTICS SERVICE CO., LTD.",오뚜기물류서비스, ,한태준,기타법인,134511-0487949,603-88-02071,"경기도 용인시 처인구 백암면 백암로 49 (백봉리, 오뚜기물류서비스)",ols.co.kr/,,"화물운송 중개, 대리 및 관련 서비스업",2020-12-02,12월
오뚜기물류서비스지주주식회사,OTTOGILOGISTICS SERVICE HOLDINGS,오뚜기물류서비스지주, ,한태준,기타법인,134511-0017142,135-81-16883,"경기도 용인시 처인구 백암면 백암로 49 (백봉리, 오뚜기물류서비스)",www.ols.co.kr,,창고 및 운송관련 서비스업,1995-10-05,12월
오람탱커주식회사,ORAM TANKER LTD,오람탱커, ,정대균,기타법인,110111-2131459,101-81-65800,서울특별시 중구 순화동 에이스타워빌딩 20층 , ,,외항 화물 운송업,2000-12-25,12월
(주)오로라씨에스,"AURORACS CO.,LTD.",오로라씨에스, ,노호준,기타법인,110111-0664288,135-81-08549,경기도 용인시 기흥구 중부대로684번길 14 (상하동),www.auroracs.co.kr,,냉장 및 냉동 창고업,1989-12-15,12월
오리엔탈쉬핑(주),"Oriental Shipping CO,.LTD",오리엔탈쉬핑, ,유인효,기타법인,180111-0438960,605-81-58801,"부산광역시 해운대구 달맞이길 43 2505호(우동, 이안해운대파일론)", ,,그 외 기타 운송관련 서비스업,2003-02-10,12월
오리엔트쉬핑 주식회사,"ORIENT SHIPPING CO.,LTD",오리엔트쉬핑, ,김홍영,기타법인,180111-1033123,530-81-00359,"부산광역시 동구 중앙대로 169 533호 (초량동, 태영노블리안)", ,,그 외 기타 운송관련 서비스업,2016-05-11,12월
(주)오리엔트스타로직스,ORIENT STAR LOGIX,오리엔트스타로직스, ,유영종,기타법인,110111-3032458,101-86-06280,서울특별시 마포구 독막로 10 (합정동), ,,"화물운송 중개, 대리 및 관련 서비스업",2004-06-30,12월
(주)오리엔트스타한진로직스센터,OHLC,오리엔트스타한진로직스센터, ,"박동민, 허윤정",기타법인,180111-0787698,606-86-34277,경상남도 창원시 진해구 신항7로 5 (남문동), ,,일반 창고업,2011-12-27,12월
오리온선박주식회사,"ORION SHIPPING CO.,LTD.",오리온선박, ,김희철,기타법인,110111-4358704,105-87-44997,서울특별시 마포구 창전동 402-76 3층, ,,그 외 기타 운송관련 서비스업,2010-05-27,12월
(주)오산교통,osan,오산교통, ,최병현,기타법인,134811-0132316,124-86-51435,경기도 오산시 서부로 21 (두곡동), ,,시내버스 운송업,2007-01-10,12월
주식회사 오성,"oseong co.,Ltd",오성, ,이태규,기타법인,195011-0019434,555-81-00339,경상남도 고성군 고성읍 월평로 122-11 (율대리) 주식회사 오성, ,,기타 보관 및 창고업,2016-07-01,12월
주식회사 오성물류,osung logistics,오성물류, ,이종철,기타법인,134811-0774788,369-81-03322,경기도 오산시 동부대로 446 (원동), ,,일반 창고업,2023-12-05,12월
오성여객주식회사,"o-sung city bus co.,ltd.",오성여객, ,전도영,기타법인,180111-0007773,617-81-00826,부산광역시 수영구 민락본동로31번길 33 (민락동), ,,시내버스 운송업,1954-06-21,12월
오션네트워크익스프레스코리아 주식회사,"Ocean Network Express (Korea) Co., Ltd.",오션네트워크익스프레스코리아, ,양승인,기타법인,110111-6489458,463-87-00667,"서울특별시 중구 을지로 100 (을지로2가, 파인애비뉴) A동 10층", ,,"화물운송 중개, 대리 및 관련 서비스업",2017-08-17,03월
오션렉스코리아(주),oceanrexkorea,오션렉스코리아, ,이상주,기타법인,110111-3969677,107-87-13113,서울특별시 마포구 도화동 진도빌딩37 1405호, ,,내항 화물 운송업,2008-09-16,12월
오션마리타임(주),"OCEAN MARINE TIME CO.,LTD",오션마리타임, ,김정현,기타법인,110111-1571200,105-81-94326,서울특별시 중구 장교동 장교빌딩 25층 2504호, ,,외항 화물 운송업,1998-08-01,12월
오션블루냉장(주),"OCEAN BLUE COLD STORAGE CO.,LTD",오션블루냉장, ,"김성열, 도병운",기타법인,180111-0598566,602-81-42805,부산광역시 사하구 장림1동 325-1, ,,냉장 및 냉동 창고업,2007-06-29,12월
(주)오션일레븐쉬핑,OCEAN ELEVEN SHIPPING CORP.,오션일레븐쉬핑, ,신진우,기타법인,110111-2950776,209-81-37044,"서울특별시 종로구 창경궁로 240-7 (명륜4가, A&ATOWER)", ,,외항 화물 운송업,2004-02-10,12월
(주)오션케이엔에스,OCEAN K&.S.CORP ORATION,오션케이엔에스, ,"김황, 윤수귀",기타법인,110111-1791973,101-81-50952,서울특별시 종로구 수송동 석탄회관빌딩 12층, ,,외항 화물 운송업,1999-10-20,12월
오션해운 주식회사,"OCEAN SHIPPING CO., LTD.",오션해운, ,송학동,기타법인,110111-5036086,104-86-46433,"서울특별시 중구 서소문로 89 801호 (순화동, 순화빌딩)", ,,외항 화물 운송업,2013-01-03,12월
(주)오씨엘,OCL,오씨엘, ,이광진,기타법인,110111-2295750,104-81-65037,"서울특별시 서초구 방배중앙로19길 9 (방배동, 더지니고) 201호", ,,"화물운송 중개, 대리 및 관련 서비스업",2001-07-26,12월
오아시스 주식회사,oasis co.ltd,오아시스, ,박관수,기타법인,134211-0073447,126-81-88613,경기도 광주시 실촌읍 곤지암리 16, ,,냉장 및 냉동 창고업,2005-07-25,12월
오양선박주식회사,"OYANG SHIPPING CO.,LTD.",오양선박, ,박득우,기타법인,204711-0007993,417-81-14884,서울특별시 서초구 서초동 1445-13 쌍용플래티넘 402호, ,,기타 해상 운송업,1997-07-09,12월
오에스쉽핑 주식회사,"OS SHIPPING CO.,LTD.",오에스쉽핑, ,김원장,기타법인,110111-4064898,104-86-20812,서울특별시 중구 서소문동 55-4 배재빌딩 8층, ,,외항 화물 운송업,2009-06-01,12월
(주)오에스티,"Orient Star Logistics Co., Ltd.",오에스티, ,조영문,기타법인,110111-0844971,104-81-27692,서울특별시 중구 소공동 70번지 삼구빌딩 402호,www.ostworld.co.kr,,그 외 기타 운송관련 서비스업,1992-04-01,12월
주식회사 오에스티에이,"OSTA Co.,Ltd",오에스티에이, ,안영용,기타법인,131311-0132963,125-86-18517,경기도 성남시 분당구 성남대로926번길 10 탑빌딩 5층 (야탑동),www.osta.co.kr,,일반 화물자동차 운송업,2013-12-26,12월
오에스홀딩스주식회사,"OH SEONG CEMENT CO,.LTD",오에스홀딩스, ,오영진,기타법인,224111-0016573,616-81-75552,제주특별자치도 서귀포시 안덕면 화순해안로 172 (화순리) 1층, ,,내항 화물 운송업,2009-12-21,12월
(주)오이씨월드와이드코리아,"OEC WORLD WIDE KOREA CO., LTD",오이씨월드와이드코리아, ,문상희,기타법인,110111-6223666,250-81-00657,"서울특별시 종로구 새문안로 92 (신문로1가, 광화문오피시아빌딩) 904호", ,,"화물운송 중개, 대리 및 관련 서비스업",2016-11-04,12월
오일허브코리아여수주식회사,"OilhubKoreaYeosu Co.,Ltd.",오일허브코리아여수, ,백종연,기타법인,206211-0037636,417-81-36985,전라남도 여수시 망양로 1100 오일허브코리아여수,www.okyc.co.kr,,위험물품 보관업,2008-11-13,12월
(주)오케이로지웰,OKLOGIWELL,오케이로지웰, ,김덕천,기타법인,134811-0183939,124-86-86007,경기도 화성시 봉담읍 마당바위로 174 (덕우리), ,,"화물운송 중개, 대리 및 관련 서비스업",2009-11-17,12월
(주)오토복스글로벌, ,오토복스글로벌, ,신대균,기타법인,110111-1239296,111-81-26764,"서울특별시 강남구 역삼동 원하빌딩1,2층",www.dpekorea.com,,그 외 기타 분류 안된 운송 관련 서비스업,1996-02-05,12월
(주)오토홀딩스,AUTO SHIPPING.CO.LTD,오토홀딩스, ,장청용,기타법인,110111-0657093,220-81-16084,서울특별시 서초구 서초동 1357-10 태우빌딩 10층,auto@autoshipping.co.kr,,그 외 기타 운송관련 서비스업,1989-11-03,12월
오픈마일 주식회사,"OPENMILE Co., Ltd.",오픈마일, ,박경현,기타법인,110111-4559774,206-86-52226,서울특별시 광진구 능동로35길 22,openmile.co.kr,,그 외 기타 분류 안된 운송 관련 서비스업,2011-03-18,12월
(주) 온라인국제특송,"ONLINE EXPRESS SERVICE CO. LTD.,",온라인국제특송, ,이안악,기타법인,110111-5079763,204-86-40568,"인천광역시 계양구 계양문화로 54 10층 1001호 중 104호 (계산동, 대산월드프라자)", ,,"화물운송 중개, 대리 및 관련 서비스업",2013-03-04,12월
(주)온라인카고,ONLINE CARGO SERVICE CO.LTD,온라인카고, ,최영선,기타법인,110111-0298651,105-81-60035,서울특별시 마포구 아현동 339-1,http://www.ocskorea.co.kr,,그 외 기타 운송관련 서비스업,1981-06-26,12월
주식회사 온바다,"ONBADA CO,. LTD",온바다, ,박종철,기타법인,110111-1605281,601-81-34597,부산광역시 중구 중앙동5가 16-5,onbadaro.co.kr,,내항 여객 운송업,1998-11-09,12월
주식회사 온버스,ONBUS,온버스, ,주원기,기타법인,134811-0177429,124-86-81768,경기도 이천시 경충대로2598번길 6 (중리동) 1층, ,,전세버스 운송업,2009-08-01,12월
온산탱크터미널 주식회사,"Onsan Tank Terminal Co.,Ltd.",온산탱크터미널, ,CRUZ OLIVER JACINTO CASTILLO,기타법인,230111-0163912,610-86-01931,울산광역시 울주군 온산읍 산암로 234,www.onsantt.com,,위험물품 보관업,2010-03-18,12월
온세물류 주식회사,Onse Logistics,온세물류, ,전이혁,기타법인,131411-0237000,134-86-68011,경기도 안양시 동안구 평촌대로 354 (비산동) 윤산군빌딩 3층, ,,냉장 및 냉동 창고업,2010-06-01,12월
온양교통운수(주),"ONYANG GYOTONG UNSU CO.,LTD",온양교통운수, ,이준일,기타법인,164811-0000608,312-81-00372,충청남도 아산시 신인동114-7, ,,기타 도시 정기 육상 여객 운송업,1966-03-01,12월
주식회사 올룰로,"Olulo, Inc.",올룰로, ,최영우,기타법인,110111-5853985,317-86-00256,"서울특별시 강남구 테헤란로 116 (역삼동, 동경빌딩) 4층",kickgoing.io/,,그 외 기타 분류 안된 운송 관련 서비스업,2015-10-06,12월
(주)올베스,"OLVES CO., LTD.",올베스, ,GON O SUN,기타법인,180111-0281426,604-81-39913,"부산광역시 중구 충장대로9번길 46 (중앙동4가, 관정빌딩)8층", ,,"화물운송 중개, 대리 및 관련 서비스업",1999-03-17,12월
올카고유엘에스터미널 주식회사,ALLCARGO ULS TERMINALS CO.LTD.,올카고유엘에스터미널, ,이현호,기타법인,194211-0387630,891-87-03229,경상남도 창원시 진해구 신항7로 3 새창로52 현대1차아파트 108동 1201호,www.allcargoterminals.com,,일반 창고업,2024-10-01,12월
와이씨에이치코리아 주식회사,YCH Korea Inc.,와이씨에이치코리아, ,황성남,기타법인,110111-4115617,109-86-18155,"서울특별시 강서구 양천로 551-17 (가양동, 한화비즈메트로1차) 1차 1105호", ,,"화물운송 중개, 대리 및 관련 서비스업",2009-07-01,12월
(주)와이앤(YN),YN Corp.,와이앤(YN), ,윤현철,기타법인,134111-0591409,803-87-02204,"경기도 군포시 군포첨단산업2로7번길 8 (부곡동, 군포에이스더블유밸리) 316호", ,,택배업,2021-10-01,12월
와이에스엘 주식회사,YSL. CO. LTD.,와이에스엘, ,임시호,기타법인,134411-0101707,397-88-01992,"경기도 이천시 호법면 중부대로 755 2층 (안평리, 대영빌딩)", ,,일반 창고업,2021-05-07,12월
와이에스엘에이전시 (주),"YSL AGENCY CO., LTD.",와이에스엘에이전시, ,남규석,기타법인,110111-4194801,101-86-50471,"서울특별시 중구 다산로 213 (신당동, 로지텍빌딩) 7층", ,,"화물운송 중개, 대리 및 관련 서비스업",2009-10-09,12월
(주)와이에스피,"YONG  SAN  PACKAGING  CO., LTD",와이에스피, ,전학수,기타법인,200111-0257216,410-86-18147,광주광역시 광산구 평동산단로169번길 25 (월전동),-,,"화물 포장, 검수 및 계량 서비스업",2008-03-21,12월
주식회사 와이에이치디앤씨,"YHD&C Co.,Ltd.",와이에이치디앤씨, ,이현효,기타법인,110111-7498531,536-86-01803,"서울특별시 금천구 가산디지털1로 5 (가산동, 대륭테크노타운20차)1811호", ,,일반 창고업,2020-05-26,12월
(주)와이엔쉬핑,"YN SHIPPING CO.,LTD.",와이엔쉬핑, ,유춘권,기타법인,206211-0030896,417-81-31864,전라남도 여수시 교동 632-2, ,,내항 화물 운송업,2005-10-05,12월
(주) 와이엔아이지엘에스,Y&I GLS,와이엔아이지엘에스, ,김현표,기타법인,161311-0040631,308-81-43300,"충청남도 논산시 강경읍 여강로 1180 (산양리, 삼영시스템)", ,,육상 운송지원 서비스업,2014-12-08,12월
(주)와이엘피,YLP inc.,와이엘피, ,황승현,기타법인,110111-5969229,516-86-00232,경기도 안성시 원곡면 청원로 1766 (내가천리) 104호,www.ylp.co.kr/,,"화물운송 중개, 대리 및 관련 서비스업",2016-02-04,12월
주식회사 와이제이씨,"Y.J.C CO., LTD.",와이제이씨, ,서철호,기타법인,110111-4217504,104-86-24332,"서울특별시 중구 세종대로 74 8층 801-A호 (태평로2가, 삼정빌딩)", ,,통관 대리 및 관련서비스업,2009-11-11,12월
와이케이엔젤스 주식회사,"YK Angels Co., Ltd",와이케이엔젤스, ,박현국,기타법인,110111-6511037,413-86-00840,"서울특별시 중구 세종대로14길 15 (북창동, 백영북창빌딩)",www.ykangels.com,,물류 터미널 운영업,2017-09-07,12월
(주)와이피엘해운항공,"YPLogistics co.,ltd",와이피엘해운항공, ,박영호,기타법인,110111-1543192,229-81-32062,"서울특별시 강남구 밤고개로1길 10 (수서동, 수서현대벤쳐빌) 1524",www.yplkorea.com,,그 외 기타 운송관련 서비스업,1998-05-07,12월
주식회사 요진그린냉장,"Yojin Green Cold Storgae Co., Ltd.",요진그린냉장, ,정태호,기타법인,110111-0554348,135-81-14416,경기도 용인시 기흥읍 공세리, ,,냉장 및 냉동 창고업,1988-01-04,12월
용남고속주식회사,"Yongnam Express. Co., Ltd.",용남고속, ,권성욱,기타법인,130111-0000420,124-81-01172,경기도 수원시 권선구 온정로 88 (오목천동),www.yongnam.co.kr,,시외버스 운송업,1961-09-01,12월
(주)용남고속버스라인,yongnam c.c,용남고속버스라인, ,조인행,기타법인,135811-0130939,124-86-49017,경기도 수원시 권선구 온정로 106 (오목천동),없음,,시외버스 운송업,2006-09-30,12월
용남공항리무진(주),yongnamairportlimousine,용남공항리무진, ,조인행,기타법인,135811-0341461,649-81-01157,경기도 수원시 권선구 온정로 88 (오목천동),www.yongnam.co.kr,,시외버스 운송업,2018-05-09,12월
주식회사 용덕로직스,yongduk logics,용덕로직스, ,허윤종,기타법인,150111-0281018,854-88-01480,"서울특별시 종로구 새문안로5가길 28 (적선동, 광화문플래티넘) 711호", ,,일반 창고업,2020-01-22,12월
용림교통주식회사,YONG LIM GYO TONG,용림교통, ,김종재,기타법인,110111-2927999,204-81-83709,서울특별시 중랑구 신내동64번지, ,,육상 여객 운송업,2004-01-05,12월
용마로지스 주식회사,"YONGMA LOGIS CO.,LTD.",용마로지스, ,금중식,기타법인,110111-0245369,211-86-40630,"경기도 김포시 고촌읍 아라육로 78 (전호리, 용마로지스(주)김포센터)",www.yongmalogis.co.kr,,일반 화물자동차 운송업,1979-01-20,12월
용마선박 주식회사,"yongma shipping co.,ltd",용마선박, ,한재희,기타법인,190111-0004470,608-81-02664,경상남도 마산시 신포동2가 대우백화점 1721호, ,,기타 내륙 수상 여객 및 화물 운송업,1978-08-01,12월
용마터널주식회사,"Yongma Tunnel Co.,Ltd.",용마터널, ,김영두,기타법인,110111-2906000,220-86-75303,"경기도 구리시 아차산로 226 (아천동, 용마터널관리영업소)", ,,도로 및 관련시설 운영업,2003-12-01,12월
용방통운 (주),YONGBANG LOGISTICS ,용방통운, ,김외용,기타법인,110111-4917659,264-81-02412,"서울특별시 송파구 법원로11길 11 에이동 1310호 (문정동, 문정현대지식산업센터1-1)", ,,일반 화물자동차 운송업,2012-07-16,12월
용성유로지스 주식회사,YONGSUNG U-LOGIS,용성유로지스, ,박철홍,기타법인,180111-0773415,605-86-08683,경상남도 창원시 진해구 신항8로 117 (남문동),www.yongsung-gls.com,,보관 및 창고업,2011-09-01,12월
용인경량전철주식회사,"Yongin Rapid Transit Co.,LTD",용인경량전철, ,김재권,기타법인,134511-0206456,142-81-57072,"경기도 용인시 처인구 중부대로 1074 (삼가동, 용인경전철차량기지)",ever-line.co.kr/,,철도 운송업,2013-03-08,12월
용인경전철주식회사,"Yongin LRT Co., Ltd.",용인경전철, ,김학필,기타법인,110111-2998700,104-81-87079,서울특별시 중구 소공동 21번지 삼화빌딩 8층,yilrt.co.kr,,도시철도 운송업,2004-04-22,12월
(주)용인국제물류,"Yongin Kukje Logistics Co., Ltd",용인국제물류, ,박용제,기타법인,134511-0276186,584-81-00171,경기도 용인시 처인구 양지면 죽양대로 2295, ,,일반 창고업,2015-12-01,12월
주식회사용인로직스,YONGIN LOGICS,용인로직스, ,최규성,기타법인,134511-0250106,142-81-81460,"경기도 용인시 기흥구 지삼로 16-15 시동 103호(지곡동, 효성남부빌라)", ,,일반 창고업,2014-12-30,12월
(주)용인물류터미널,Yong Inmulryuteomineol co.,용인물류터미널, ,한주식,기타법인,134511-0285351,478-87-00349,"경기도 용인시 처인구 백암면 죽양대로 818 (백봉리, 양양정기택배물류)",www.jisaneng.com/new/,,일반 창고업,2016-03-21,12월
용인에버라인운영 주식회사,"Yongin Everline Operation Co.,LTD",용인에버라인운영, ,정천희,기타법인,134511-0629236,854-86-02786,"경기도 용인시 처인구 중부대로 1074 (삼가동, 용인경전철차량기지)", ,,도시철도 운송업,2023-04-11,12월
주식회사 용인창고,korea warehouse. co. ltd,용인창고, ,한주식,기타법인,134511-0201117,142-81-53886,"경기도 용인시 기흥구 관곡로 64  18, 601호(구갈동)", ,,일반 창고업,2012-12-03,12월
용호선박(주),"yong ho shipping co.,ltd",용호선박, ,한진규,기타법인,180111-0069054,605-81-08937,부산광역시 부산진구 신천대로62번길 66 (부전동), ,,그 외 기타 분류 안된 운송 관련 서비스업,1985-10-24,12월
용화여객자동차(주),yonghwa passenger corporation ,용화여객자동차, ,정창환,기타법인,180111-0036061,617-81-01091,"부산광역시 수영구 민락본동로19번길 51 (민락동, 용화여객)", ,,시내버스 운송업,1980-04-03,12월
우남케미칼해운 주식회사,"Unam chemical carriers,ltd",우남케미칼해운, ,김영세,기타법인,110111-0703466,202-81-54800,서울특별시 중구 무교동 1번지 효령빌딩 15층,www.unamchemical.co.kr,,외항 화물 운송업,1990-06-08,12월
(주)우련TLS,"UNION TOTAL LOGISTICS SERVICE CO., LTD.",우련TLS, ,배요환,기타법인,120111-0565608,121-86-08981,"인천광역시 중구 서해대로30번길 13 2층 (신흥동3가, 유니온로직스센터)", ,,일반 화물자동차 운송업,2011-04-18,12월
우련통운주식회사,Union Transport C,우련통운, ,윤기림,기타법인,120111-0001389,121-81-01076,인천광역시 중구 제물량로166번길 1-17 (신생동), ,,수상 화물 취급업,1958-11-05,12월
우리고속훼리(주),"URI Express Ferry co.,Ltd.",우리고속훼리, ,김동록,기타법인,120111-0331223,121-81-64372,인천광역시 중구 항동7가 88번지 연안여객터미널내 우리고속훼리(주),www.urief.co.kr,,내항 여객 운송업,2003-11-13,12월
주식회사 우리들,We,우리들, ,김유랑,기타법인,200111-0448162,562-81-01016,광주광역시 서구 죽봉대로 12, ,,주차장 운영업,2018-04-30,12월
(주)우리들공원,"Wepark Co., Ltd.",우리들공원, ,윤형관,기타법인,160111-0338510,305-86-23523,대전광역시 중구 중앙로138번길 30 (대흥동), ,,주차장 운영업,2013-01-09,12월
주식회사 우리로지스텍,wologistec,우리로지스텍, ,강창성,기타법인,154511-0082836,212-87-01340,충청북도 음성군 삼성면 청용로 397-29 (용성리), ,,냉장 및 냉동 창고업,2019-02-28,03월
주식회사우리모두,Woorimodu,우리모두, ,이남언,기타법인,150111-0095021,301-81-89474,충청북도 청원군 부용면 외천리 1063-2, ,,냉장 및 냉동 창고업,2006-02-22,12월
(주)우리물류,woori,우리물류, ,신동열,기타법인,134411-0021773,126-81-65532,경기도 이천시 마장면 장암리 370-1, ,,냉장 및 냉동 창고업,2002-09-03,12월
우리버스 주식회사,wooribus,우리버스, ,김익기,기타법인,230111-0163144,610-86-01630,울산광역시 북구 무룡로 84 (연암동), ,,여객 자동차 터미널 운영업,2010-02-23,12월
우리상선 주식회사,"WOORI SHIPPING CO.,LTD.",우리상선, ,이우성,기타법인,110111-4286327,104-86-26363,"서울특별시 종로구 새문안로 92 (신문로1가, 광화문오피시아빌딩) 2120호", ,,외항 화물 운송업,2010-03-02,12월
(주)우리항공,woori aviation,우리항공, ,이금자,기타법인,124411-0121707,137-86-36027,경기도 김포시 대곶면 천호로 210 (대벽리) 김포항공산업단지, ,,항공 화물 운송업,2013-09-01,12월
우림해운(주),WOOLIM SHIPPING CO.LTD.,우림해운, ,최종태,기타법인,110111-0347496,116-81-12474,"서울특별시 영등포구 여의공원로 111 (여의도동, 여의도태영빌딩)",해당사항 없음.,,외항 화물 운송업,1983-04-02,12월
우민해운(주),WOOMIN SHIPPING,우민해운, ,최종석,기타법인,110111-3407148,107-86-75204,서울특별시 영등포구 여의도동 태영빌딩 10-2 9층, ,,내항 화물 운송업,2006-02-27,12월
우성국제물류주식회사,"Woosung International Logistics Co.,Ltd",우성국제물류, ,성도경,기타법인,180111-0724955,602-81-52735,"부산광역시 강서구 신항북로 50 (성북동, 우성국제물류(주)물류센터)", ,,일반 창고업,2010-07-29,12월
(주)우성냉장,"woosung logistics co.,ltd",우성냉장, ,유재붕,기타법인,134211-0106719,126-86-25947,경기도 광주시 초월읍 신월리 633-1,www.woosungcs.com,,보관 및 창고업,2009-11-23,12월
우성산업(주),"WOOSUNG INDUSTRIAL CO.,LTD.",우성산업, ,"허인석, 전영부",기타법인,180111-0002327,604-81-02736,부산광역시 동구 좌천동 1116,무,,농산물 창고업,1979-02-07,12월
우성운수(주),"WOOSUNG TRANSPORTATION CO.,LTD",우성운수, ,김순곤,기타법인,160111-0002842,306-81-01982,"대전광역시 동구 산내로 1267 (낭월동, 우성운수(주))", ,,"화물운송 중개, 대리 및 관련 서비스업",1978-05-01,12월
우성해상(주),"WOOSUNG EXPRESS CO,.LTD",우성해상, ,성도경,기타법인,180111-0186527,617-81-15538,"부산광역시 중구 충장대로5번길 72 6층(중앙동4가,케이티부산통신센터)", ,,"화물운송 중개, 대리 및 관련 서비스업",1995-09-01,12월
우신교통주식회사,woosintaxi,우신교통, ,김영종,기타법인,120111-0096497,139-81-20583,"인천광역시 남동구 방축로 500 (간석동, 우신교통)",woosintaxi.modoo.at/,,수상 운송업,1995-03-27,03월
주식회사 우신냉장,.,우신냉장, ,최용재,기타법인,180111-0510619,603-81-58896,부산광역시 서구 남부민동 523-37,.,,냉장 및 냉동 창고업,2005-02-18,12월
주식회사 우신버스,"WOOSHINBUS CO., LTD",우신버스, ,박복규,기타법인,110111-0067929,112-81-44237,"경기도 군포시 번영로 179-46 (부곡동, 공영차고지)", ,,시내버스 운송업,1979-01-30,12월
(주)우신선박,"WOOSHIN MARINE CO.,LTD",우신선박, ,곽홍봉,기타법인,180111-0771451,602-81-55751,"부산광역시 영도구 남항서로 120 (남항동1가, KT영도지점)", ,,해상 운송업,2011-08-18,12월
우신운수(주),WOOSIN.CO.LTD,우신운수, ,조희삼,기타법인,110111-0061773,114-81-71254,"서울특별시 서초구 과천대로 796 (방배동, 우신운수)",-,,시내버스 운송업,1979-12-13,12월
우양냉장(주),"Wooyang Cold Storage Co., Ltd",우양냉장, ,조효식,기타법인,180111-0384254,603-81-47860,부산광역시 서구 남부민동 689-10,-,,냉장 및 냉동 창고업,2001-11-15,12월
우양상선(주),"Woo Yang Shipping Co., Ltd.",우양상선, ,채영길,기타법인,180111-0044345,604-81-07745,"부산광역시 해운대구 센텀북대로 60 (재송동, 센텀아이에스타워) 1311",www.wooyangship.com,,외항 화물 운송업,1982-05-23,12월
주식회사 우영에스엔엘,WOOYOUNG S&L Co.Ltd Networks,우영에스엔엘, ,정유승,기타법인,180111-0620385,617-81-70337,"부산광역시 남구 유엔평화로153번길 8 (용당동, 우영빌딩)주건축물 제1동", ,,"화물 포장, 검수 및 계량 서비스업",2008-01-24,12월
우영운수 주식회사,WOOYOUNG LOGISTICS,우영운수, ,김보겸,기타법인,110111-1138696,229-81-15705,"서울특별시 영등포구 국회대로72길 6 (여의도동, 여의도아크로폴리스) 1205호", ,,육상운송 및 파이프라인 운송업,1995-03-16,12월
우이신설경전철(주),UITrans LRT co.,우이신설경전철, ,하도훈,기타법인,110111-3792309,220-87-57791,"서울특별시 마포구 독막로 331 1804호(도화동, 마스터즈타워빌딩)",www.ui-line.com,,도시철도 운송업,2007-11-22,12월
우이신설경전철운영(주),"Ui-Sinseol LRT Operation Co.,Ltd.",우이신설경전철운영, ,이헌영,기타법인,110111-6247749,834-87-00457,"서울특별시 강북구 삼양로181길 17 (우이동, 우이-신설도시철도차량기지)",www.ui-line.com,,철도 여객 운송업,2016-12-01,12월
우이신설도시철도 주식회사,UI METRO CO.,우이신설도시철도, ,강왈구,기타법인,110111-9117220,425-87-03871,"서울특별시 강북구 삼양로181길 17 (우이동, 우이-신설도시철도차량기지) 2층",www.ui-line.com,,도시철도 운송업,2024-11-27,12월
주식회사 우인,"Wooin Trading Ltd, Co..",우인, ,김정희,기타법인,204411-0008891,408-81-96446,"전라남도 광양시 항만8로 18-44 (도이동, (주)우인)", ,,보관 및 창고업,2012-05-29,12월
(주)우일산업,"uil co., ltd.",우일산업, ,문수용,기타법인,110111-4651489,206-86-56372,경기도 광주시 경충대로 2210(삼동), ,,냉장 및 냉동 창고업,2011-07-19,12월
(주)우전,WOOJUN,우전, ,김이호,기타법인,164811-0002133,312-81-04892,충청남도 아산시 모종동555- 9, ,,여객 자동차 터미널 운영업,1988-05-01,12월
우정항공,WOOJUNG AIR CONSOLIDATION INC.,우정항공, ,임준석,기타법인,110111-1025546,105-81-97982,"서울특별시 마포구 도화길 43 (도화동, 나눔빌딩) 5층 503호",www.woojungair.co.kr,,항공 운송업,1999-01-01,12월
우주교통(주),-,우주교통, ,추명석,기타법인,170111-0010851,514-81-25377,대구광역시 북구 관음로 127 (관음동), ,,시내버스 운송업,1996-08-27,12월
우주특수산업(주),WOOJOO INDUSTRIAL CO.LTD,우주특수산업, ,최진웅,기타법인,110111-0033110,215-81-30177,"서울특별시 서초구 논현로 79 (양재동, 윈드스톤오피스텔)", ,,항공 및 육상 화물 취급업,1970-10-22,12월
(주)우주해운항공,UNIVERSAL SEA AND AIR CO LTD,우주해운항공, ,JUNG JAE YEUL AND 1 OTHER,기타법인,180111-0571182,602-81-41164,부산광역시 중구 중앙대로 63 6층(중앙동 3가 부산우체국보험회관), ,,"화물운송 중개, 대리 및 관련 서비스업",2006-12-26,12월
우진교통주식회사,woojin,우진교통, ,박상철,기타법인,170111-0010611,503-81-07684,대구광역시 달성군 하빈면 하빈남로 414 (봉촌리),woojin9301@naver.com,,시내버스 운송업,1979-12-01,12월
우진교통 주식회사,woojin bus,우진교통, ,김재수,기타법인,150111-0051677,301-81-48736,충청북도 청주시 상당구 용암동175, ,,시내버스 운송업,2001-01-01,12월
우진글로벌로지스틱스주식회사,Woojin Global Logistics Co.Ltd,우진글로벌로지스틱스, ,신형석,기타법인,110111-0350473,104-81-21403,"서울특별시 강서구 양천로 551-17 (가양동, 비즈메트로1차) 801호",www.woojingl.com,,그 외 기타 운송관련 서비스업,1983-07-05,12월
주식회사 우진냉장,woojin cold storage inc.,우진냉장, ,배장용,기타법인,131311-0082217,125-81-90362,경기도 안성시 미양면 개정길 98-52 (개정리), ,,일반 창고업,2010-08-20,12월
주식회사 우진메트로,"WOOJIN METRO Co., Ltd.",우진메트로, ,팽정광,기타법인,110111-6903309,209-88-01109,"경기도 의정부시 고산로 27 (고산동, 의정부경전철차량기지)", ,,도시철도 운송업,2018-10-24,12월
우진선박(주),"WOOJIN SHIPPING CO.,LTD",우진선박, ,정지원,기타법인,180111-0093615,601-81-18530,부산광역시 중구 중앙동4가 81-11번지 이산빌딩 402, ,,외항 화물 운송업,1989-09-18,12월
(주)우진이엔엘,"Woojin Enl Co., Ltd.",우진이엔엘, ,김재웅,기타법인,161511-0012537,312-81-15079,"충청남도 천안시 동남구 동면 화복로 536 7동사무실(1공장2층, (주)승일실업)", ,,일반 화물자동차 운송업,1993-06-25,03월
우창여객(주),-,우창여객, ,김영우,기타법인,170111-0034760,502-81-10435,대구광역시 수성구 달구벌대로 2699 (만촌동), ,,시내버스 운송업,1988-08-02,12월
우천개발(주),"Woocheon development.Co.,Ltd",우천개발, ,이영진,기타법인,134411-0001337,127-81-18823,경기도 포천시 일동면 화동로 1586-8 (사직리), ,,화물 취급업,1984-06-01,12월
(주)우통로지스틱스,"UTONG LOGISTICS CO.,LTD.",우통로지스틱스, ,김영진,기타법인,120111-0478611,121-81-93256,"인천광역시 계양구 효서로 362 5층(작전동, 우통빌딩)", ,,"화물운송 중개, 대리 및 관련 서비스업",2008-10-23,12월
(주)우현상선,"WOOHYUN MERCHANT MARINE CO., LTD",우현상선, ,김동구,기타법인,180111-0839720,605-86-17751,부산광역시 중구 대청로155번길 6 (중앙동4가)유성빌딩 4층, ,,"화물운송 중개, 대리 및 관련 서비스업",2012-12-27,12월
(주)우현쉬핑,"WOOHYUN SHIPPING CO.,LTD",우현쉬핑, ,문호성,기타법인,180111-0495754,602-81-34208,부산광역시 중구 대청로155번길 6 (중앙동4가) 유성빌딩 4층, ,,외항 화물 운송업,2004-09-14,12월
(주)운창로지텍,woonchang,운창로지텍, ,최광열,기타법인,200111-0211535,410-81-96721,광주광역시 서구 금부로95번길 46 (쌍촌동),http:unchang.co.kr,,"화물운송 중개, 대리 및 관련 서비스업",2005-07-01,12월
울릉크루즈(주),"UL CRUISE Co,Ltd",울릉크루즈, ,조현덕,기타법인,175811-0003807,132-88-01755,경상북도 울릉군 북면 울릉순환로 2411 (현포리), ,,내항 여객 운송업,2020-11-04,12월
주식회사울산물류터미널,Ulsan Freight Terminal CO. LTD,울산물류터미널, ,김상철,기타법인,181211-0008851,610-81-44731,울산광역시 북구 산성로 19 (효문동), ,,물류 터미널 운영업,1988-02-24,12월
주식회사 울산선박,ULSAN SHIPPING Co.Ltd,울산선박, ,김종호,기타법인,230111-0192739,610-86-14834,울산광역시 남구 장생포고래로 309 (매암동), ,,내항 화물 운송업,2012-06-04,12월
(주)울산에너지터미널,"Ulsan Energy Terminal Co., Ltd. ",울산에너지터미널, ,서동호,기타법인,230111-0178490,610-86-08671,울산광역시 남구 용연로211번길 30 (용연동) (주)울산에너지터미널,www.ulsanterminal.co.kr/,,보관 및 창고업,2011-07-07,12월
울산여객자동차(주),ulsanyeogaek,울산여객자동차, ,최인수,기타법인,181211-0000378,610-81-00539,울산광역시 울주군 청량면 웅촌로 1263 (율리) 118-2, ,,시내버스 운송업,1969-09-28,12월
울산특수화물(주),-,울산특수화물, ,김시환,기타법인,181211-0010343,610-81-14391,울산광역시 울주군 온산읍 학남리 9-1, ,,도로 화물 운송업,1989-04-01,12월
울산항만운영(주),"Ulsan Terminal Operating Co.,LTD",울산항만운영, ,"서종철, 박성순",기타법인,230111-0057769,610-81-36473,울산광역시 남구 매암로 28 (매암동), ,,수상 화물 취급업,1999-06-08,12월
(주)웅진로지스틱스,"Woongjin Logistics Co., Ltd.",웅진로지스틱스, ,유필상,기타법인,184511-0004511,621-81-05820,경상북도 구미시 오태동 155-5,www.wjlts.co.kr,,기타 운송관련 서비스업,1989-05-27,12월
(주)웅진북센,"booxen co.,Ltd",웅진북센, ,이정훈,기타법인,115611-0011369,128-81-22320,경기도 파주시 문발로 77 파주출판문화산업단지 주식회사 북센,www.booxen.com,,그 외 기타 운송관련 서비스업,1997-01-01,12월
원남해운(주),"WONNAM SHIPPING CO.,LTD",원남해운, ,김성준,기타법인,180111-0368901,602-81-21547,부산광역시 동구 초량1동 대한통운빌딩 506호, ,,외항 화물 운송업,2001-07-07,12월
주식회사 원더스지엘에스 ,"WONDERS GLS CO., LTD",원더스지엘에스, ,김원구,기타법인,120111-1064592,760-81-01963,인천광역시 중구 공항동로296번길 97-43 (운서동)  p1블럭, ,,"화물운송 중개, 대리 및 관련 서비스업",2020-05-04,12월
주식회사 원로지스,one logis,원로지스, ,신재호,기타법인,110111-3599812,220-87-42245,"경기도 용인시 기흥구 한보라1로 14 401(보라동, 베스트프라자)",www.onelogis.kr,,일반 화물자동차 운송업,2007-01-15,12월
원명해운(주),"COSKOR SHIPPING CO., LTD",원명해운, ,황존신,기타법인,110111-1608532,104-81-44653,서울특별시 강남구 역삼동 708-1 동우빌딩, ,,그 외 기타 운송관련 서비스업,1998-12-01,12월
원양어업개발 주식회사,"Deep Sea Fisheries Debelopment co.,Ltd",원양어업개발, ,김선영,기타법인,184611-0003511,622-81-01472,부산광역시 서구 원양로 105 (암남동),http://dsfd.coreasme.com,,그 외 기타 분류 안된 운송 관련 서비스업,1990-06-05,12월
원우선박,"WONWOO SHIPPING CO., LTD.",원우선박, ,황성욱,기타법인,161411-0029899,316-81-22567,충청남도 서산시 대산읍 명지2로 183-10 (대로리)원우선박, ,,외항 화물 운송업,2013-09-01,12월
(주)원우유통,Won Woo Corporation,원우유통, ,임태권,기타법인,110111-0964406,135-81-18275,경기도 용인시 모현면 오산리 260번지,없음,,냉장 및 냉동 창고업,1993-08-10,12월
원적산터널(주),WONJEOKSAN TUNNEL Inc.,원적산터널, ,김현숙,기타법인,110111-1376907,104-81-41108,"인천광역시 부평구 길주로339번길 47 (산곡동, 천마톨게이트)", ,,도로 및 관련시설 운영업,1997-02-13,12월
원진물류주식회사,WONJIN LOGISTICS,원진물류, ,김영애,기타법인,110111-0579396,135-81-20859,경기도 용인시 처인구 양지면 죽양대로 2136 (평창리), ,,일반 창고업,1988-06-20,12월
원진운수(주),wonjinbus,원진운수, ,류광신,기타법인,120111-0218489,121-81-36575,"인천광역시 서구 원창로 81 (원창동, 공장) 2층", ,,시내버스 운송업,2000-04-25,12월
(주)원탱크터미널,"One Tank Terminal co.,ltd.",원탱크터미널, ,박세일,기타법인,131311-0183635,354-81-00814,경기도 평택시 포승읍 포승공단순환로 39 (만호리) (주)원탱크터미널, ,,일반 창고업,2017-07-21,12월
(주)월드마린,WORLD MARINE.CO.LTD.,월드마린, ,윤석정,기타법인,211111-0046236,271-87-00224,전라북도 군산시 내항1길 12 1층 월드마린, ,,수상 운송업,2017-09-27,12월
월드물산(주),"World Moolsan Co.,Ltd",월드물산, ,장창익,기타법인,180111-0565028,603-81-63026,"부산광역시 수영구 수영로 754 (민락동, 센텀비스타동원)", ,,일반 창고업,2006-08-22,12월
주식회사 월드비즈,WORLDBIZ,월드비즈, ,노환우,기타법인,110111-5106384,119-86-69739,"경기도 남양주시 별내면 청학로 78 (청학리, 스파빌) 831호",서울특별시 금천구 서부샛길 648. 510,,기타 운송관련 서비스업,2013-04-08,12월
(주)월드여행사,"World tour Co.,Ltd.",월드여행사, ,최정화,기타법인,121111-0153337,130-86-25397,"경기도 부천시 삼작로 266 (도당동, 흥아빌딩)",www.월드여행사.com,,전세버스 운송업,2007-01-29,12월
(주)월드익스프레스,world express,월드익스프레스, ,하태순,기타법인,110111-0426703,105-81-60831,서울특별시 마포구 동교동 165-5대아빌딩 7층,autfall@hanmail.net,,항공 및 육상 화물 취급업,1987-06-01,12월
주식회사월드쿠리어코리아,"World Courier Korea Co., Ltd.",월드쿠리어코리아, ,송선미,기타법인,110111-2749070,108-81-59819,"서울특별시 영등포구 문래로28길 25 (문래동3가, 세미콜론문래) N타워 6층",www.worldcourier.com,,"화물운송 중개, 대리 및 관련 서비스업",2003-04-01,09월
주식회사 월드피에이디,WORLD P.A.D CO.LTD.,월드피에이디, ,박동섭,기타법인,110111-2444159,108-81-52816,"경기도 고양시 일산동구 장항동 601-7,13",www.worldpad.co.kr,,택배업,2002-02-15,12월
웨스트사이드로지스틱스 주식회사,Westside Logistics Corporation,웨스트사이드로지스틱스, ,이창모,기타법인,211111-0080606,370-81-03467,전북특별자치도 군산시 임해로 297 (소룡동), ,,냉장 및 냉동 창고업,2024-02-15,12월
웰비스트랜스(주),"WELLVISTRANS Co.,Ltd",웰비스트랜스, ,강대연,기타법인,134511-0062428,135-81-55912,경기도 용인시 백암면 석천리 431-2, ,,기타 도로화물 운송업,2002-07-01,12월
주식회사 웰크론로지스틱스,"Welcron Logistics Co., Ltd.",웰크론로지스틱스, ,이영규,기타법인,134411-0124577,436-88-03261,경기도 이천시 장호원읍 이풍로 86, ,,보관 및 창고업,2024-07-04,12월
(주)위너스로직스,"WINNERS LOGICS CO.,LTD",위너스로직스, ,"공면석, 공영훈",기타법인,110111-7143988,329-87-01556,서울특별시 강남구 언주로 645,www.winners-trans.co.kr,,"화물운송 중개, 대리 및 관련 서비스업",2019-07-01,12월
(주)위너스해운항공,"WINNERS TRANS CO.,LTD.",위너스해운항공, ,공면석,기타법인,110111-0532112,202-81-49821,서울특별시 중구 충무로4가 306번지 남산센트럴자이315~317호,www.winners-trans.co.kr,,그 외 기타 운송관련 서비스업,1987-06-15,12월
(주)위동해운,"weidongshipping.,co.ltd",위동해운, ,전기정,기타법인,110111-0784953,105-81-51797,"서울특별시 마포구 큰우물로 75 (도화동, 성지빌딩) 1005호",www.weidong.com,,그 외 기타 운송관련 서비스업,1991-06-17,12월
주식회사 위즈국제물류,"WIZ GLS CO.,LTD",위즈국제물류, ,"강성규, 허행범",기타법인,110111-3589079,217-81-22839,"서울특별시 중구 삼일대로 363 (장교동, 장교빌딩) 2413호,2414호", ,,그 외 기타 운송관련 서비스업,2007-01-01,12월
위킵 주식회사,"WEKEEP CO.,LTD",위킵, ,장보영,기타법인,110111-5245588,113-86-76912,인천광역시 중구 축항대로212번길 28 (항동7가)위킵 주식회사,wekeep.co.kr,,일반 창고업,2013-10-23,12월
윌헴슨쉽매니지먼트코리아(주),WILHELMSEN SHIP MANAGEMENT KOREA LTD,윌헴슨쉽매니지먼트코리아, ,팔거널프슨,기타법인,180111-0510594,602-81-35997,부산광역시 중구 충장대로9번길 52 (중앙동4가) 마린센터 10층, ,,그 외 기타 분류 안된 운송 관련 서비스업,2005-04-01,12월
윌헴슨협운쉽스서비스 주식회사,WILHELMSEN HYOPWOON SHIPS SERVICE CO LTD,윌헴슨협운쉽스서비스, ,마성훈,기타법인,110111-1258874,102-81-39630,"서울특별시 종로구 새문안로5길 37 37,,", ,,"화물운송 중개, 대리 및 관련 서비스업",1996-05-01,12월
유나이트무역주식회사,"United Trading Co.,ltd",유나이트무역, ,정상용,기타법인,110111-0819510,120-81-57766,경기도 성남시 중원구 상대원동545-4, ,,냉장 및 냉동 창고업,1990-01-01,12월
유나이티드터미널코리아(주),United Terminal Korea Limited ,유나이티드터미널코리아, ,CRUZ OLIVER JACINTO CASTILLO,기타법인,230111-0050490,610-81-32458,울산광역시 울주군 온산읍 당월로 556-116 (처용리),www.htktl.co.kr,,위험물품 보관업,1998-06-11,12월
유나이티드파슬서비스코리아 (주),United Parcel Service Korea Ltd,유나이티드파슬서비스코리아, ,나진기,기타법인,110111-1246340,109-81-46016,서울특별시 영등포구 문래로 94-3 (문래동3가),www.ups.com,,기타 육상 운송지원 서비스업,1996-03-08,12월
유니로지텍(주),UniLogitech,유니로지텍, ,유용식,기타법인,131111-0086213,129-81-56497,경기도 성남시 중원구 상대원1동 SKn테크노파크 1315호, ,,일반 화물자동차 운송업,2002-11-14,12월
유니코로지스틱스(주),"UNICO LOGISTICS CO.,LTD.",유니코로지스틱스, ,박형주,기타법인,110111-2650798,104-81-76757,"서울특별시 중구 통일로2길 16 (순화동, AIATower)",www.unicologx.com,,"화물운송 중개, 대리 및 관련 서비스업",2002-11-12,12월
유니코해운(주),"UNICO SHIPPING CO.,LTD",유니코해운, ,박형주,기타법인,110111-3839193,104-86-12821,"서울특별시 중구 남대문로 109 (다동, 국제빌딩 11층)",http//:www.unicoshpg.com,,외항 화물 운송업,2008-02-12,12월
(주)유니트란스,"UNITRANS CO.,LTD",유니트란스, ,이준우,기타법인,110111-0743298,202-81-47482,"서울특별시 마포구 월드컵북로6길 30 5층 (동교동, 신원빌딩)",www.unitrans.co.kr/,,"화물운송 중개, 대리 및 관련 서비스업",1991-01-16,12월
주식회사 유니티해운,"UNITY SHIPPING CO.,LTD.",유니티해운, ,백선호,기타법인,110111-4391829,104-86-29579,서울특별시 중구 봉래동1가 10 우리빌딩 9층, ,,그 외 기타 운송관련 서비스업,2010-07-12,12월
주식회사 유니팩,UNIPACK,유니팩, ,이영호 김명자,기타법인,171211-0037943,505-81-41053,"울산광역시 울주군 두서면 활천산업로 136 (활천리, (주)우리산업)", ,,"화물 포장, 검수 및 계량 서비스업",2005-03-04,12월
유니푸로스해운(주),"UNIPROS MARINE CO., LTD",유니푸로스해운, ,황흥석,기타법인,110111-0185656,102-81-24874,서울특별시 종로구 당주동 로얄빌딩 811호,www.uniprosmarine.com,,기타 수상 운송지원 서비스업,1975-09-16,12월
유도해운주식회사,"YUDO SHIPPING CO., LTD.",유도해운, ,전상호,기타법인,110111-3014620,214-87-54106,서울특별시 서초구 서초4동 1685-8 G-5 센트럴플라자 527호, ,,그 외 기타 운송관련 서비스업,2004-05-18,03월
유로라인글로벌(주),"EUROLINE GLOBAL CO.,LTD.",유로라인글로벌, ,김성현,기타법인,110111-5616151,105-88-14506,서울특별시 마포구 양화로10길 19 (서교동) 1층, ,,"화물운송 중개, 대리 및 관련 서비스업",2015-01-15,12월
유림냉장주식회사,"YOORIM COLD STORAGE CO., LTD.",유림냉장, ,배영일,기타법인,180111-0269414,603-81-36529,부산광역시 서구 원양로 175 (암남동) 유림냉장주식회사,http://www.yoorimcs.com,,냉장 및 냉동 창고업,1998-10-28,12월
주식회사 유비에어,"UBAIR Co.,Ltd.",유비에어, ,이선경,기타법인,110111-4445402,220-88-06057,대전광역시 대덕구 한밭대로1003번길 158 (대화동),www.ubair.co.kr,,항공 화물 운송업,2010-10-07,12월
주식회사 유비오션,UB OCEAN.,유비오션, ,심태자,기타법인,110111-0090392,214-81-33695,"서울특별시 중구 창경궁로5가길 39 (산림동, 서울주차장)", ,,일반 화물자동차 운송업,1968-06-28,12월
(주)유상,"YOOSANG CO., LTD",유상, ,차임숙,기타법인,134511-0008000,135-81-04596,경기도 용인시 기흥읍 고매리 517-3,없음,,냉장 및 냉동 창고업,1990-01-11,12월
유성운수(주),yousungbus,유성운수, ,이희철이준수,기타법인,110111-0108343,105-81-68527,서울특별시 마포구 구룡길 40 (상암동),yousungbus@hanmail.net,,시내버스 운송업,1969-09-18,12월
(주)유성티엔에스,"YOOSUNG T&S CO.,LTD",유성티엔에스,024800,김원철,코스닥시장,110111-0217607,220-81-19698,"서울특별시 서초구  남부순환로 2583 9층(서초동, 서희타워)",www.yoosungtns.co.kr,,육상 여객 운송업,1977-08-10,12월
유센로지스틱스코리아(주),"YUSEN LOGISTICS KOREA CO.,LTD.",유센로지스틱스코리아, ,"김태우, 세키오카 마코토",기타법인,110111-2656811,105-86-46800,"서울특별시 마포구 월드컵북로 361 (상암동, DMC이안오피스텔) 17층",www.kr.yusen-logistics.com,,"화물운송 중개, 대리 및 관련 서비스업",2002-11-20,03월
주식회사 유수로지스틱스,"Eusu Logistics Co., Ltd",유수로지스틱스, ,송영규,기타법인,110111-3849217,107-87-06058,서울특별시 영등포구 국제금융로2길 25 11층,www.eusu-logistics.com,,그 외 기타 운송관련 서비스업,2008-03-03,12월
(주)유아이헬리제트,"UI Helijet co., LTD",유아이헬리제트, ,이상덕,기타법인,110111-3818303,214-88-20433,충청남도 예산군 삽교읍 효림송석길 275 (201동),www.uihelijet.com,,항공 운송업,2008-01-16,12월
(주)유안로지스틱스,"UANLOGISTICS Co.,Ltd.",유안로지스틱스, ,신현욱,기타법인,110111-5748912,319-86-00096,"서울특별시 강남구 봉은사로 215 (논현동, KTS빌딩) 13층",www.uanlogis.com,,일반 화물자동차 운송업,2015-06-10,12월
(주)유에스컴로지스틱스,USCOM LOGISTICS INC.,유에스컴로지스틱스, ,정태경,기타법인,110111-3899783,105-87-20317,서울특별시 마포구 동교동 LG팰리스빌딩 603호,www.uscomkorea.co.kr,,그 외 기타 운송관련 서비스업,2008-05-20,12월
유엔씨티(주),UNCT,유엔씨티, ,김성일,기타법인,110111-2770851,220-86-62341,"울산광역시 남구 신항로716번길 1 (황성동, 울산신항)", ,,수상 화물 취급업,2003-04-30,12월
유엘피(주),"ULP CO., LTD",유엘피, ,백준석,기타법인,120111-0213512,121-81-34918,충청남도 아산시 영인면 신봉길 103-38,www.ulp.co.kr/,,일반 화물자동차 운송업,2000-02-08,12월
주식회사유원물류,YOUWON BONDED WAREHOUSE,유원물류, ,최춘연,기타법인,161511-0186499,185-86-00173,경기도 평택시 포승읍 포승산단로 10 (만호리), ,,보관 및 창고업,2015-09-01,12월
주식회사유일냉장,"yuil cold storage.co.,ltd",유일냉장, ,김진수,기타법인,110111-0717582,105-81-62839,서울특별시 마포구 도화동 5-1, ,,냉장 및 냉동 창고업,1990-08-20,12월
주식회사유중,U JUNG CO. LTD,유중, ,홍승연,기타법인,110111-7166956,384-86-01560,"경기도 용인시 수지구 광교중앙로295번길 25 에이동 717호(상현동,광교2차푸르지오시티)", ,,일반 창고업,2019-07-10,12월
주식회사 유진로지스틱스,"EUGENE LOGISTICS CO, LTD.",유진로지스틱스, ,오영석,기타법인,131211-0007928,126-81-31269,경기도 여주시 주내로 841 (멱곡동), ,,일반 화물자동차 운송업,1997-12-05,12월
(주)유진물류,YOUJIN LOGISTICS,유진물류, ,신기철,기타법인,154311-0033734,301-86-27167,"충청북도 진천군 광혜원면 진광로 1298-4 (금곡리, (주)유진물류)", ,,일반 창고업,2014-01-01,12월
주식회사 유진버스,"yujinbus, Inc.",유진버스, ,양재원,기타법인,230111-0103257,610-81-72329,울산광역시 울주군 청량읍 웅촌로 1263 (율리), ,,시내버스 운송업,2004-04-30,12월
(주)유진소닉,"EUGENES SONIC Co., LTD.",유진소닉, ,오영석,기타법인,110111-6069705,250-87-00493,"서울특별시 용산구 원효로 138 (원효로3가, 청진빌딩)202호", ,,일반 화물자동차 운송업,2016-06-01,12월
주식회사 유진운수,"YUJIN Transportation Co., Ltd",유진운수, ,이한철,기타법인,201111-0000078,411-81-00228,전라남도 목포시 영산로 600 (석현동), ,,시내버스 운송업,1966-05-16,12월
유진해운(주),"YU JIN SHIPPING CO., LTD.",유진해운, ,장만,기타법인,180111-0250794,601-81-32997,"부산광역시 중구 충장대로9번길 66 (중앙동4가, 한국선원센터)606호", ,,외항 화물 운송업,1998-02-25,12월
유코카캐리어스주식회사,EUKOR Car Carriers Inc.,유코카캐리어스, ,자비에 에드가 패트릭 르루아,기타법인,110111-2606030,101-81-88064,"서울특별시 송파구 올림픽로 300, 28층(신천동, 롯데월드타워)",www.eukor.com,,외항 화물 운송업,2002-09-09,12월
(주)유티아이코리아,"UTi Korea Co.,Ltd.",유티아이코리아, ,박재성,기타법인,110111-0845549,105-81-52739,"서울특별시 강서구 양천로 551-17 707호 (가양동, 비즈메트로1차)",www.go2uti.com,,그 외 기타 운송관련 서비스업,2002-05-01,01월
유피에스에스씨에서코리아(주),UPS SCS Korea,유피에스에스씨에서코리아, ,리와이킷애니타,기타법인,110111-0721400,105-81-68570,서울특별시 영등포구 문래로 94-3,www.ups.com,,그 외 기타 운송관련 서비스업,1990-09-11,12월
주식회사 유한로지스틱스,YUHAN LOGISTICS,유한로지스틱스, ,허진영,기타법인,120111-0690463,131-86-55991,경기도 이천시 신둔면 서이천로 794 (수남리), ,,냉장 및 냉동 창고업,2024-01-01,12월
유한여객자동차주식회사,YOUHANTRANSAUTOMOBILE,유한여객자동차, ,신종열,기타법인,180111-0005975,601-81-03570,"부산광역시 영도구 청학서로 37 (청학동, 유한여객(주))",leedo7074@hamnail.net,,도시 정기 육상 여객 운송업,1970-06-15,12월
육육로지스틱스(주),YUKYUK Logistics,육육로지스틱스, ,이상권,기타법인,180111-0004646,621-81-04248,부산광역시 기장군 장안읍 정관로 1148 (좌천리), ,,창고 및 운송관련 서비스업,1969-07-24,12월
(주)윤성산업,.,윤성산업, ,이근국,기타법인,130111-0068387,124-81-82802,"경기도 안양시 동안구 경수대로 574 402호(호계동,윤성빌딩)", ,,도로 화물 운송업,2001-03-05,12월
(주)융창,"YUNG CHANG CO., LTD",융창, ,정한기,기타법인,180111-0896291,606-86-52635,부산광역시 사상구 새벽로 145 (감전동), ,,기타 해상 운송업,2014-01-24,12월
유한회사 은빈산업,"Eunbin industry co., Llc",은빈산업, ,김일도,기타법인,200114-0042687,330-86-00792,광주광역시 북구 하서로447번길 19 (용두동), ,,주차장 운영업,2012-04-17,12월
(주)은산,EunSan,은산, ,박관미,기타법인,134511-0255726,544-88-00037,경기도 용인시 처인구 양지면 죽양대로 2010 2층, ,,일반 창고업,2015-03-17,12월
은산컨테이너터미널 주식회사,"EUNSAN CONTAINER TERMINALS CO., LTD.",은산컨테이너터미널, ,양재생,기타법인,234111-0028584,621-81-48533,부산광역시 강서구 녹산산단232로 12 (송정동), ,,일반 창고업,2002-03-21,12월
은산해운항공 주식회사,"EUNSAN SHIPPING & AIRCARGO CO., LTD.",은산해운항공, ,양재생,기타법인,180111-0150499,601-81-24162,"부산광역시 중구 해관로 65 (중앙동4가, 은산빌딩)8-9층",www.eunsan.co.kr/,,그 외 기타 운송관련 서비스업,1993-12-31,12월
주식회사은성로지스틱스,EUNSEONGLOGIS,은성로지스틱스, ,배장용,기타법인,205511-0028870,412-81-38407,"경기도 성남시 분당구 성남대로 912 (야탑동, 분당BYC빌딩) 409-1", ,,냉장 및 냉동 창고업,2010-01-10,12월
은성이엔디(주),EUN SUNG END,은성이엔디, ,"이동준, 이형철",기타법인,135511-0304598,717-88-00450,"경기도 시흥시 협력로 121 (정왕동, 은성산업(주))", ,,일반 창고업,2016-12-12,12월
은성택시(주),EUN SEOUNG TAXI,은성택시, ,"정승윤, 정부길",기타법인,110111-0060254,217-81-00645,"서울특별시 강서구 남부순환로 203 (내발산동, 대성교통(주)차고지)", ,,창고 및 운송관련 서비스업,1965-12-04,12월
은진물류(주),eunjin,은진물류, ,"송원석, 현정이",기타법인,160111-0330425,305-86-21068,대전광역시 대덕구 신일서로125번길 2,eunjin1784@daum.net,,보관 및 창고업,2012-09-06,12월
을숙도대교(주),"Eulsukdo Bridge Co.,Ltd",을숙도대교, ,남훈,기타법인,180111-0460731,602-81-30347,부산광역시 강서구 을숙도대로 96 (명지동), ,,도로 및 관련시설 운영업,2003-09-09,12월
음성교통(주),Eumseong Transport,음성교통, ,신동삼,기타법인,154511-0015308,303-81-23084,충청북도 음성군 음성읍 음성로 800 (사정리), ,,시내버스 운송업,1999-07-16,12월
주식회사 의왕아이시디,"UIWANG ICD. Co., Ltd.",의왕아이시디, ,김인호,기타법인,134111-0036679,138-81-02258,경기도 의왕시 오봉로 175 경기도 의왕시 오봉로,www.uicd.co.kr,,도로 화물 운송업,1992-04-27,12월
의정부경량전철 주식회사,"Uijeongbu LRT Co., Ltd.",의정부경량전철, ,이세영,기타법인,110111-6906684,882-87-01227,"경기도 의정부시 고산로 27 (고산동, 의정부경전철차량기지)",www.ulrt.co.kr,,도시철도 운송업,2018-10-25,12월
의정부경전철주식회사,"Uijeongbu Light Rail Transit Co., Ltd",의정부경전철, ,홍만용,기타법인,280111-0071743,127-81-95174,"경기도 의정부시 고산로 27 (고산동, 의정부경전철차량기지)", ,,도시철도 운송업,2005-10-07,12월
이그린하나물류 주식회사,"E-GREEN HANA LOGISTICS CO.,LTD.",이그린하나물류, ,유완식,기타법인,170111-0169286,503-81-44734,대구광역시 북구 동암로12길 15 (동천동),hanalogis.co.kr,,일반 화물자동차 운송업,2000-03-13,12월
이글쉬핑(주),EAGLE SHIPPING CO.LTD,이글쉬핑, ,장윤철,기타법인,110111-0537451,104-81-39465,서울특별시 중구 남대문로 5가 120, ,,그 외 기타 분류 안된 운송 관련 서비스업,1987-09-30,12월
이노디아핀테크솔루션즈(주),innodeafintechsolutions,이노디아핀테크솔루션즈, ,정인태,기타법인,194211-0282799,542-87-00960,경상남도 창원시 의창구 차룡로48번길 54 (팔용동) 기업연구관 5층503호, ,,기타 육상 운송지원 서비스업,2018-03-06,12월
주식회사 이노지스,"INNOGIS CO., LTD, ",이노지스, ,신홍철,기타법인,110111-3338806,117-81-56174,서울특별시 구로구 구로동 235-2 에이스하이엔드타워 10층 11호,www.innogis.co.kr,,택배업,2005-11-04,12월
주식회사 이레인물류,jirehin logistics,이레인물류, ,채현종,기타법인,131211-0045019,848-87-00515,경기도 여주시 명품로 360 신세계인터내셔날 제1물류센터 3층(상거동), ,,"화물 포장, 검수 및 계량 서비스업",2016-11-07,12월
이마린 주식회사,"E MARINE CO., LTD.",이마린, ,홍석민,기타법인,110111-4256669,110-81-88879,서울특별시 중구 서소문로 95 정안빌딩 5층 (서소문동), ,,내항 화물 운송업,2010-01-07,12월
주식회사 이비씨마린,"EBC MARINE CO.,LTD",이비씨마린, ,윤욱,기타법인,110111-4913037,104-86-42645,서울특별시 중구 서소문동 삼영빌딩 5층 604호, ,,외항 화물 운송업,2012-07-13,12월
(주)이사론,"ISARON CO.,LTD",이사론, ,김윤성,기타법인,141211-0112246,111-81-34963,"인천광역시 중구 공항동로296번길 98-114 (운서동, 인천국제공항자유무역지역) D동 205-1호", ,,항공 및 육상 화물 취급업,2020-05-15,12월
(주)이사몰,ISAMOL,이사몰, ,박원재,기타법인,110111-1999436,215-81-93599,"경기도 하남시 조정대로 150 블루존 오103호(덕풍동, 아이테코)",2424.net,,"화물운송 중개, 대리 및 관련 서비스업",2000-06-16,12월
이산글로벌로지스틱주식회사,ESANGLOBAL,이산글로벌로지스틱, ,곽경호,기타법인,120111-0357360,121-81-69926,"인천광역시 중구 서해대로 366 601호 (신흥동3가, 정석빌딩,인천항만공사,인하대의과대학)",www.esanglobal.kr,,"화물운송 중개, 대리 및 관련 서비스업",2004-10-20,12월
(주)이산냉동,"Esan C&S co., Ltd",이산냉동, ,이 앤디진,기타법인,134511-0125276,142-81-13114,경기도 용인시 처인구 백암면 청계로67번길 30, ,,냉장 및 냉동 창고업,2008-04-16,12월
이스타항공 주식회사,"Eastar Jet Co.,Ltd.",이스타항공, ,조중석,기타법인,211111-0023268,401-81-32460,서울특별시 강서구 공항대로 236 (마곡동) 9층,www.eastarjet.co.kr,,항공 운송업,2007-10-23,12월
(주)이스턴웰스,"EasternWells Co., Ltd.",이스턴웰스, ,서흥주,기타법인,180111-0551093,603-81-61955,"부산광역시 서구 원양로 189 (암남동, (주)이스턴웰스)",-,,냉장 및 냉동 창고업,2006-03-29,12월
(주)이스턴탱커,"EASTERN TANKER CO.,LTD.",이스턴탱커, ,이신원,기타법인,180111-0780551,605-86-09926,"부산광역시 동구 중앙대로226번길 3-8 6층 (초량동,그로발스타빌딩)",www.easterntanker.co.kr,,그 외 기타 분류 안된 운송 관련 서비스업,2011-11-22,12월
이씨유월드와이드코리아 주식회사,"ECU WORLDWIDE KOREA CO.,LTD.",이씨유월드와이드코리아, ,이현호,기타법인,110111-7689479,559-86-02222,"서울특별시 영등포구 양산로 53 906호 (양평동3가, 월드메르디앙비즈센터)",www.ecuworldwide.com,,"화물운송 중개, 대리 및 관련 서비스업",2020-11-25,12월
(주)이아스물류,IASS Logistics,이아스물류, ,"이태영, 최낙정",기타법인,110111-3587643,109-86-05913,경기도 수원시 권선구 고색동 952, ,,보관 및 창고업,2007-01-02,12월
(주)이아스홀딩스,"iassholdings Co., Ltd.",이아스홀딩스, ,이태영,기타법인,135811-0235739,124-87-43913,"경기도 수원시 팔달구 권광로 208 (인계동,인송빌딩 3층)", ,,일반 창고업,2013-10-01,12월
이안기업(주),"EAN Co.,Ltd.",이안기업, ,민윤재,기타법인,131311-0101489,125-81-90950,경기도 화성시 장안면 포승장안로 737 (장안리), ,,기타 육상 운송지원 서비스업,2010-09-20,12월
주식회사 이안로지스,IAAN LOGIS,이안로지스, ,이종혁,기타법인,134511-0204327,142-81-55924,경기도 이천시 신둔면 경충대로 3035-1 (수남리), ,,냉장 및 냉동 창고업,2015-09-01,12월
이앤씨아이앤씨(주),"ENCINC CO., LTD.",이앤씨아이앤씨, ,우유석,기타법인,110111-1649742,105-81-98206,"서울특별시 서초구 반포대로15길 13 (서초동, 제이씨빌딩) 4층", ,,"화물운송 중개, 대리 및 관련 서비스업",1999-03-02,12월
(주)이앤에스,"E&S Co.,Ltd.",이앤에스, ,김지훈,기타법인,134811-0717176,414-81-08777,"서울특별시 송파구 법원로11길 11 6층 604,605호 (문정동, 문정현대지식산업센터1-1)", ,,"화물운송 중개, 대리 및 관련 서비스업",2022-11-28,12월
이앤에스글로벌주식회사,"E&SGLOBAL CO., LTD",이앤에스글로벌, ,이상웅,기타법인,110111-4283521,220-87-94501,서울특별시 강남구 선릉로 433 (역삼동), ,,창고 및 운송관련 서비스업,2010-02-03,12월
주식회사 이에이로지스,EA,이에이로지스, ,박정환,기타법인,120111-1027524,268-88-01660,"인천광역시 연수구 송도문화로84번길 84 (송도동, 베르디움더퍼스트) 105동 1903호", ,,일반 창고업,2019-10-29,12월
주식회사 이에이쉬핑,"EA  SHIPPING,. LTD",이에이쉬핑, ,노영철,기타법인,180111-0726224,602-81-52846,"부산광역시 중구 광복로97번길 18 (동광동2가,동양빌딩 906호)",-,,외항 화물 운송업,2010-08-11,12월
이에이에스쉽핑코리아(주),EAS SHIPPING KOREA,이에이에스쉽핑코리아, ,양빙,기타법인,110111-5045053,120-87-93779,"서울특별시 중구 남대문로 113 다동 901호(다동, 동부다동빌딩)", ,,"화물운송 중개, 대리 및 관련 서비스업",2013-01-14,12월
주식회사 이엔비에어,"EnB AIR CO.,LTD.",이엔비에어, ,김창원,기타법인,110111-7689156,780-87-01824,"서울특별시 서초구 강남대로6길 20 (양재동, 무아017B/D) 2층", ,,항공 화물 운송업,2020-11-19,12월
이엔제이마리타임 주식회사,"E&J Maritime Co., Ltd",이엔제이마리타임, ,김종원,기타법인,110111-7514585,435-87-01787,"서울특별시 성동구 연무장13길 9 (성수동2가, 아이템플)", ,,해상 운송업,2020-06-10,12월
(주)이엘에스솔루션,"ELS SOLUTION.co.,ltd",이엘에스솔루션, ,심재문,기타법인,110111-5262855,264-81-24492,"서울특별시 서초구 효령로 424 203호(서초동, 대명빌딩)", ,,일반 화물자동차 운송업,2013-11-06,12월
이조해운주식회사,"ijo shipping co., ltd",이조해운, ,이학수,기타법인,110111-0705522,220-81-06102,서울특별시 강남구 역삼동 831-30 이조빌딩, ,,외항 화물 운송업,1990-06-19,12월
주식회사 이지고,"EasyGo co., Ltd.",이지고, ,양중원,기타법인,110111-7116183,187-86-01334,"서울특별시 강남구 테헤란로 327 (역삼동, 빅토리아오피스텔) 17층 1722호", ,,그 외 기타 분류 안된 운송 관련 서비스업,2019-05-23,12월
(주)이지스,ezc,이지스, ,곽수영,기타법인,180111-0941541,605-86-32432,"부산광역시 동구 성남로 26 (좌천동, 2층 사무실)", ,,일반 화물자동차 운송업,2014-11-27,12월
(주)이지스에어콘솔리데이터스,"EGIS AIR CONSOLIDATORS CO.,LTD",이지스에어콘솔리데이터스, ,정수용,기타법인,110111-4121622,105-87-32579,"서울특별시 강서구 양천로 551-17 (가양동, 한화비즈메트로1차) 1205호", ,,항공 화물 운송업,2009-07-01,12월
이진운수주식회사,IJIN transportation,이진운수, ,박민희,기타법인,110111-1023839,120-81-38788,서울특별시 송파구 가락동 79-5, ,,그 외 기타 운송관련 서비스업,1994-03-30,12월
(주)이천국제물류,ICHEON KOOKJE Warehousing,이천국제물류, ,박용제,기타법인,110111-3687972,220-87-49438,서울특별시 강남구 개포동 1259-1, ,,일반 창고업,2007-06-01,12월
(주)이천시내버스,ICHEON TRANSITBUS,이천시내버스, ,허상준,기타법인,134411-0093045,147-87-01764,경기도 이천시 이섭대천로 981-42 (율현동),www.buspia.co.kr,,시내버스 운송업,2020-03-17,12월
주식회사이천창고,ICHEON WAREHOUSE. CO. LTD.,이천창고, ,한주식,기타법인,134511-0237683,142-81-74426,경기도 이천시 호법면 중부대로 894-46 (유산리), ,,일반 창고업,2014-07-07,12월
(주)이크루즈,"ELAND CRUISE Co.,Ltd",이크루즈, ,박동진,기타법인,110111-1005407,207-81-37903,서울특별시 영등포구 여의동로 290 (여의도동),www.elandcruise.com,,기타 내륙 수상 여객 및 화물 운송업,1994-02-01,12월
주식회사 이투마스,ETOMARS INC.,이투마스, ,정상훈,기타법인,285011-0367488,731-87-00876,"서울특별시 강서구 공항대로 212 (마곡동, 문영퀸즈파크11차) A동 830~832호",www.etomars.com/,,통관 대리 및 관련서비스업,2017-10-26,12월
주식회사 이투이로지스틱스솔루션,E2E LOGISTICS SOLUTIOIN,이투이로지스틱스솔루션, ,이향연,기타법인,110111-6999655,482-87-01240,"서울특별시 강남구 테헤란로 322 (역삼동, 한신인터밸리24) 서관 1704호",www.e2elogis.com,,"화물운송 중개, 대리 및 관련 서비스업",2019-01-31,12월
이파크 유한회사,E-Park Limited Company,이파크, ,안동준,기타법인,134914-0001224,567-87-01916,경기도 광명시 서독로 392, ,,주차장 운영업,2020-06-25,12월
이포컴(주),E4COM INC.,이포컴, ,강혜영,기타법인,110111-1919434,220-81-81872,경기도 이천시 설성면 진상미로531번길 14 (장능리), ,,일반 창고업,2000-03-25,12월
(주)이호물류,Lihologis,이호물류, ,김인식,기타법인,120111-0466046,121-81-91108,인천광역시 서구 북항로 132 (원창동), ,,기타 보관 및 창고업,2008-06-15,12월
(주)이화항공여행사,EHWA TOUR Co.,이화항공여행사, ,안종태,기타법인,115411-0023350,127-81-39769,경기도 포천시 화합로 283 (동교동), ,,전세버스 운송업,2000-07-01,12월
주식회사 익산여객,IKSAN BUS COMPANY,익산여객, ,강상선,기타법인,214911-0001108,403-81-00886,"전라북도 익산시 무왕로2길 140 (목천동, 익산여객)", ,,시내버스 운송업,1978-01-12,12월
(주)익스프레스라인,EXPRESSLINE CO.LTD,익스프레스라인, ,최석홍,기타법인, ,125-81-22281,경기도 안성시 죽산면 매산리 487-3,해당사항없슴,,일반 창고업,1997-04-07,12월
(주)익스피다이터스코리아,Expeditors Korea Ltd.,익스피다이터스코리아, ,왕젠릉,기타법인,180111-0157106,120-81-49418,"서울특별시 구로구 디지털로33길 55 (구로동, 이앤씨벤처드림타워2차) 2층",www.expeditors.com,,그 외 기타 운송관련 서비스업,1994-05-20,12월
주식회사 인강여객,inkangybus,인강여객, ,장진수,기타법인,120111-0395477,121-81-77159,인천광역시 연수구 앵고개로 86 (동춘동), ,,시내버스 운송업,2006-02-13,12월
(주)인성지엘씨,In-sung Global Logistics Corporation,인성지엘씨, ,오성관,기타법인,135811-0146811,135-81-94633,"경기도 수원시 영통구 광교로 114 (이의동, 광교데시앙루브) 1325호", ,,기타 보관 및 창고업,2007-12-13,12월
(주) 인성티티,INSUNGTT,인성티티, ,김진호,기타법인,180111-0577627,603-81-64103,부산광역시 사하구 을숙도대로 589 (신평동), ,,위험물품 보관업,2007-01-01,12월
인천공항시설관리 주식회사,Incheon Airport Facilities Corporation,인천공항시설관리, ,문정욱,기타법인,120111-0896508,646-88-00842,"인천광역시 중구 제2터미널대로 444 310호 (운서동, 제2합동청사)",www.airportfc.co.kr,,공항 운영업,2017-09-18,12월
인천공항외항사터미널(주),"INCON INT`L AIRPORT FOREIGN CARRIER CARGO TERMINAL CO.,LTD",인천공항외항사터미널, ,김형곤,기타법인,110111-1412488,109-81-50432,인천광역시 중구 운서동 2165 화물터미날c 화물청사 207호, ,,항공 운송업,1997-05-09,12월
인천교통공사,Incheon Transit Corporation,인천교통공사, ,고홍승,기타법인,120171-0000351,131-82-05120,인천광역시 남구 관교동지방공사인천터미널,www.icter.co.kr,,여객 자동차 터미널 운영업,1992-04-28,12월
인천국제공항공사,Incheon International Airport Corporation,인천국제공항공사, ,박완수,기타법인,124171-0003103,121-81-29114,"인천광역시 중구 공항로424번길 47 (운서동, 인천국제공항공사)",www.airport.kr,,공항 운영업,1999-02-01,12월
인천국제물류센터주식회사,Inchon International Logistics Center,인천국제물류센터, ,송정섭,기타법인,110111-2130576,101-81-65644,인천광역시 중구 운서동 2850 국제업무단지 IBC월드게이트 1214, ,,일반 창고업,2000-12-15,12월
인천글로벌물류센터 주식회사,"Incheon Global Distribution Center Co.,Ltd.",인천글로벌물류센터, ,류인관,기타법인,120111-1137513,897-87-01817,인천광역시 연수구 인천신항대로 816 (송도동), ,,보관 및 창고업,2021-03-18,12월
인천남항부두운영주식회사,Incheon South Terminal Operation Company,인천남항부두운영, ,유환기외2,기타법인,120111-0426305,121-81-83952,"인천광역시 중구 축항대로118번길 147 (항동7가, 인천항석탄전용부두)", ,,수상 화물 취급업,2007-02-14,12월
인천내항부두운영 주식회사,IPOC,인천내항부두운영, ,진혁화,기타법인,120111-0934390,754-88-01007,인천광역시 중구 내항로 67 (항동7가) 인천내항부두운영(주), ,,수상 화물 취급업,2018-04-25,12월
인천대교(주),"Incheon Bridge Co.,Ltd",인천대교, ,김수홍,기타법인,110111-1835416,214-86-46064,"인천광역시 중구 인천대교고속도로 3 (운남동, 인천대교영업소및사무소)",www.incheonbridge.com,,도로 및 관련시설 운영업,1999-12-23,12월
인천북항부두운영(주),Incheon North Port Terminal Co. Ltd,인천북항부두운영, ,장성환,기타법인,110111-3239111,215-86-71998,인천광역시 서구 원석로 101 (원창동), ,,항구 및 기타 해상 터미널 운영업,2005-05-31,12월
인천북항운영(주),INCHEON NORTH PORT CO. LTD,인천북항운영, ,이종진,기타법인,120111-0608383,137-86-20428,인천광역시 서구 북항로309번길 118, ,,수상 화물 취급업,2012-04-19,12월
인천에어카고센터 주식회사,Incheon Air Cargo Center,인천에어카고센터, ,조흠민,기타법인,110111-3051052,101-86-07071,"인천광역시 중구 공항동로296번길 97-49 (운서동, 인천국제공항자유무역지역) G5블럭", ,,보관 및 창고업,2007-01-05,12월
인천예선주식회사,"In Cheon Tug Co., LTD",인천예선, ,김영철,기타법인,110111-6314671,886-87-00647,"서울특별시 서초구 서초중앙로24길 27 (서초동, G5센트럴프라자)218호", ,,기타 해상 운송업,2017-02-10,12월
인천제물포교통(주),Incheon Gemulpo Traffic,인천제물포교통, ,신기범,기타법인,120111-0489618,137-81-93815,"인천광역시 중구 축항대로86번길 129 (항동7가, 인천선진교통(주)) 인천제물포교통(주)", ,,시내버스 운송업,2009-04-01,12월
인천컨테이너터미널(주),"Incheon Container Terminal Co., Ltd.",인천컨테이너터미널, ,이석 홍성장,기타법인,110111-2295841,220-86-17787,인천광역시 중구 축항대로118번길 135 (항동7가), ,,항구 및 기타 해상 터미널 운영업,2001-07-25,12월
인천콜드프라자  주식회사,"INCHEON  COLD  PLAZA  CO.,LTD",인천콜드프라자, ,김성영,기타법인,120111-0389727,121-81-75904,"인천광역시 중구 서해대로94번길 98 (신흥동3가, 인천콜드프라자냉동창고)", ,,냉장 및 냉동 창고업,2005-12-01,12월
인천항3부두운영주식회사,The third Terminal of Incheon Port Operating Co.Ltd.,인천항3부두운영, ,김종식,기타법인,120111-0194861,121-81-30926,인천광역시 중구 서해대로 353 (항동7가), ,,항구 및 기타 해상 터미널 운영업,1999-06-11,12월
인천항공화물터미널(주),"Incheon Air Cargo Terminal Co., LTD.",인천항공화물터미널, ,심창섭,기타법인,110111-1273351,116-81-59732,인천광역시 중구 운서동 2851, ,,그 외 기타 분류 안된 운송 관련 서비스업,1997-10-01,12월
(주)인터렉스메가라인,"INTEREX MEGALINE CO, LTD",인터렉스메가라인, ,"정준택, 이성현",기타법인,110111-3581851,105-87-04302,"서울특별시 금천구 가산디지털1로 145 1601호 (가산동, 에이스하이엔드타워3차)", ,,해상 운송업,2006-12-18,12월
인터상선 주식회사,"INTER MERCHANT MARINE CO.,LTD.",인터상선, ,이용배,기타법인,110111-4259613,105-87-40104,서울특별시 마포구 도화동 일진빌딩 13층, ,,해상 운송업,2010-01-12,12월
인터지스(주),"INTERGIS CO., LTD",인터지스,129260,최우일,유가증권시장,180111-0001973,601-81-00739,부산광역시 중구  충장대로9번길 52 마린센터 13층,www.intergis.co.kr,,일반 화물자동차 운송업,1956-02-23,12월
인터지스신항센터(주),"INTERGIS BUSAN NEWPORT CENTER CO.,LTD.",인터지스신항센터, ,정태현,기타법인,180111-0650027,617-81-74293,경상남도 창원시 진해구 신항5로 15-67 (용원동), ,,창고 및 운송관련 서비스업,2008-10-22,12월
인터지스웅동센터(주),"INTERGIS UNG DONG CENTER CO.,LTD.",인터지스웅동센터, ,정태현,기타법인,180111-0783779,602-81-56672,"경상남도 창원시 진해구 신항8로 110 (남문동, 인터지스웅동센터(주))", ,,보관 및 창고업,2011-11-24,12월
인터지스중앙부두 주식회사,"Intergis Central Pier Co.,Ltd.",인터지스중앙부두, ,정광식,기타법인,180111-0034065,601-81-08783,부산광역시 중구 충장대로9번길 52 (중앙동4가) 마린센터13층, ,,수상 화물 취급업,1980-03-01,12월
인터해운 주식회사,"inter shipping co.,ltd",인터해운, ,이용배,기타법인,120111-0213794,121-81-34989,서울특별시 중구 서소문동 배재빌딩 523, ,,외항 화물 운송업,2000-02-11,12월
주식회사 인트란스,"INTRANS CO.,LTD",인트란스, ,김종엽,기타법인,180111-0693952,621-81-82206,서울특별시 성북구 대사관로 141-24 (성북동), ,,외항 화물 운송업,2009-11-16,12월
인트란스해운(주),"INTRANS SHIPPING CO.,LTD",인트란스해운, ,김종엽,기타법인,110111-3141126,104-81-91549,서울특별시 성북구 대사관로 141-24 (성북동), ,,"화물운송 중개, 대리 및 관련 서비스업",2005-01-07,12월
(주)인트로지스,"Introgis Co., LTD.",인트로지스, ,이인섭,기타법인,134511-0353322,292-86-00980,"경기도 용인시 수지구 신수로 767 (동천동, 분당수지U-TOWER), 에이동 421호", ,,일반 창고업,2018-04-06,12월
인피쎄스해운(주),"inficess shipping co,.ltd",인피쎄스해운, ,원두철,기타법인,180111-0728832,605-86-02068,"부산광역시 동구 자성로133번길 6 (범일동, 진흥마제스타워범일)102-2140",없음,,외항 화물 운송업,2010-10-01,12월
인하창고(주),INHA WARE HOUSE,인하창고, ,임용구,기타법인,120111-0001595,131-81-06758,인천광역시 남구 용현동 574-5, ,,일반 창고업,1969-09-01,12월
(주)인핸스글로벌로지스틱스,"ENHANCE GLOBAL LOGISTICS Co., Ltd.",인핸스글로벌로지스틱스, ,엄현식,기타법인,110111-8203260,123-87-02603,"서울특별시 종로구 새문안로5길 19 (당주동, 로얄빌딩)13층 1306호(당주동)", ,,"화물운송 중개, 대리 및 관련 서비스업",2022-02-17,12월
일광네트웍스 주식회사,"ILKWANG Networks transportation co.,ltd",일광네트웍스, ,"이민하, 이상은",기타법인,180111-0004331,618-81-00760,부산광역시 수영구 황령대로 505 (남천동)지하1층, ,,시내버스 운송업,1971-08-21,12월
일광여객자동차(주),ILKWANG TRANSPORTAION LTD,일광여객자동차, ,최승탁,기타법인,180111-0003028,618-81-02491,"부산광역시 기장군 기장읍 기장대로 313 (청강리, 동부산시내버스공영차고지)", ,,시내버스 운송업,1970-03-26,12월
일도해운 주식회사,ILDO CHARTERING CORPORATION,일도해운, ,염정호,기타법인,110111-0914708,110-81-33578,"서울특별시 종로구 새문안로 92 (신문로1가, 광화문오피시아)",www.ildochtrg.co.kr,,그 외 기타 운송관련 서비스업,1993-01-25,03월
주식회사 일류물류,"IL RYU LOGISTICS CO., LTD.",일류물류, ,김정숙,기타법인,134411-0035039,126-86-03512,경기도 이천시 마장면 덕평로 582, ,,일반 창고업,2007-05-30,12월
주식회사일미물류,ILMI,일미물류, ,오일두,기타법인,134411-0031962,126-81-95472,충청남도 연기군 조치원읍 번암리 119-1, ,,일반 창고업,2006-06-12,12월
일사천리시스템주식회사,1472system,일사천리시스템, ,"정도민, 정영민",기타법인,110111-2768822,105-86-53183,"서울특별시 마포구 마포대로 38 (도화동, 일신빌딩) 1005호",www.1472s.co.kr,,"화물운송 중개, 대리 및 관련 서비스업",2003-05-01,12월
일산대교주식회사,ILSAN GRAND BRIDGE CORP.,일산대교, ,이상만,기타법인,110111-2576192,101-81-84791,경기도 김포시 감암로 148-24 (걸포동)일산대교(주), ,,도로 및 관련시설 운영업,2002-07-25,12월
일선교통주식회사,"IL SUN TRANSPORT CO.,LTD",일선교통, ,박상섭,기타법인,175311-0001413,513-81-02217,경상북도 구미시 선기로 207 (선기동), ,,시내버스 운송업,1985-06-12,12월
(주)일성해운,ilsungshipping co.kr,일성해운, ,서영일,기타법인,110111-0709216,201-81-46952,서울특별시 종로구 신문로1가 광화문오피시아 1026호, ,,외항 화물 운송업,1990-07-04,12월
일신로지스틱스주식회사,ILSHIN LOGISTICS CO.LTD,일신로지스틱스, ,문충도,기타법인,171711-0077915,506-81-64307,경상북도 포항시 북구 해동로 319 (동빈1가), ,,내항 화물 운송업,2008-05-28,12월
일신상선주식회사,"ILSHIN Merchant Marine Co.,Ltd",일신상선, ,문충도,기타법인,171711-0084142,506-81-68550,경상북도 포항시 북구 덕수동 37-16, ,,내항 화물 운송업,2009-08-06,12월
일신여객자동차주식회사,il-shin bus co.ltd,일신여객자동차, ,신민승,기타법인,180111-0001270,618-81-00168,부산광역시 해운대구 재반로 290 (반여동), ,,시내버스 운송업,1947-03-20,12월
일신해운주식회사,"lL SHIN Marine Transport Co., Ltd.",일신해운, ,문충도,기타법인,174611-0004090,506-81-03237,경상북도 포항시 북구 해동로 319 (동빈1가),www.ilshinshipping.com,,내항 화물 운송업,1984-01-18,12월
일신해운물류주식회사,"ILSHIN Marine Logistics Service Co.,Ltd",일신해운물류, ,"문충도, 김철균",기타법인,171711-0084150,506-81-68564,경상북도 포항시 북구 해동로 319, ,,외항 화물 운송업,2009-08-06,12월
(주)일양로지스,ILYANG Logis Ltd.,일양로지스, ,김형섭,기타법인,110111-1201104,105-81-79005,"서울특별시 마포구 창전로 28-1 (구수동, 이성빌딩)",www.ilyanglogis.com,,택배업,1995-10-02,12월
(주)일양물류,ILYANG LOGITECH LTD.,일양물류, ,배호성,기타법인,134811-0078445,124-86-05265,경기도 평택시 서탄면 발안로 1198-5,www.ilyang.com,,일반 창고업,2003-01-08,12월
(주)일양익스프레스,ILYANG EXPRESS LTD,일양익스프레스, ,김형섭,기타법인,110111-0180474,104-81-26276,서울특별시 마포구 독막로 299, ,,그 외 기타 운송관련 서비스업,1975-05-08,12월
(주)일양종합물류,ILYANG TOTAL LOGISTICS LTD,일양종합물류, ,배호성,기타법인,134811-0131574,124-86-50789,"경기도 오산시 경기대로 78-26 (갈곶동, (주)일양종합물류)",www.ilyang.com,,일반 창고업,2006-12-20,12월
일우선박 주식회사,ILWOO  MARITIME,일우선박, ,김경채,기타법인,110111-0267067,201-81-07677,서울특별시 강남구 신사동 556-26 보광빌딩 6층, ,,기타 수상 운송지원 서비스업,1979-07-19,03월
주식회사 일죽경기물류,ILJUKGYEONGGILOGISTIC CORPARATION,일죽경기물류, ,설유석,기타법인,134611-0036611,125-81-72137,경기도 안성시 일죽면 고은리 452-1, ,,일반 창고업,2007-12-17,12월
주식회사 일죽창고,"Iljuk warehouse Co., Ltd.",일죽창고, ,양승일,기타법인,134611-0088307,257-88-00870,경기도 안성시 일죽면 사실로 161-12 (방초리) 227-8 2층,www.jisaneng.com,,냉장 및 냉동 창고업,2017-12-13,12월
일진기업주식회사,"GENERAL FORWARDING CO.,LTD.",일진기업, ,백진옥 이성진,기타법인,110111-0744460,111-81-21420,"서울특별시 영등포구 선유로 146 (양평동3가, 이앤씨드림타워) 112호",http:www.gfkorea.co.kr,,창고 및 운송관련 서비스업,1991-01-27,12월
일진지엘에스 주식회사,ILJIN GLS,일진지엘에스, ,허세경,기타법인,134511-0107258,142-81-04099,"서울특별시 마포구 마포대로 45 14층(도화동, 일진빌딩)", ,,"화물운송 중개, 대리 및 관련 서비스업",2006-11-16,12월
일진파트너스 유한책임회사,"iljinpartners.co.,ltd",일진파트너스, ,박광진,기타법인,110115-0012447,105-81-83741,서울특별시 마포구 마포대로 45 일진빌딩 11층, ,,그 외 기타 운송관련 서비스업,1996-11-28,12월
주식회사 일케미,"ILCHEMI CO., LTD.",일케미, ,유종우,기타법인,110111-8344246,732-88-02758,"서울특별시 마포구 마포대로 25 (마포동, 대농빌딩) 401호", ,,"화물운송 중개, 대리 및 관련 서비스업",2022-06-23,12월
(주)일호로지스틱스,FIRST TIGER LOGISTICS INC,일호로지스틱스, ,이주화,기타법인,110111-2325226,101-81-74236,서울특별시 종로구 자하문로12길 17 (창성동) 에프티엘빌딩 2층,www.1sttiger.com,,"화물운송 중개, 대리 및 관련 서비스업",2001-09-15,12월
(주)임파크,limpaek,임파크, ,김성민,기타법인,110111-1451551,220-81-46782,서울특별시 강남구 역삼동652-5, ,,주차장 운영업,1997-08-20,12월
주식회사 자모에셋,"JAMO ASSET Co.,Ltd.",자모에셋, ,박기용,기타법인,110111-5112901,110-86-05193,"서울특별시 강남구 논현로86길 34 (역삼동, 역삼포커스빌딩) 4층", ,,주차장 운영업,2013-04-19,12월
주식회사 자스포워딩코리아,"Jas Forwarding(Korea) Co., Ltd.",자스포워딩코리아, ,박재성,기타법인,110111-0524929,214-81-14757,"서울특별시 영등포구 의사당대로1길 25 (여의도동, 하남빌딩) 7층 705호",www.jas.com,,"화물운송 중개, 대리 및 관련 서비스업",1987-04-01,12월
주식회사 자이언트네트워크그룹,GNG CORPORATION ,자이언트네트워크그룹, ,원제철,기타법인,110111-2284224,105-86-27929,"서울특별시 강서구 개화동로25길 19 (방화동, (주)자이언트)",www.gngcorp.net,,"화물운송 중개, 대리 및 관련 서비스업",2001-07-11,12월
작은회사(주),"A LITTLE COMPANY co., ltd.",작은회사, ,박원확,기타법인,180111-0745456,603-81-76666,부산광역시 수영구 광남로 54 (남천동) 2층, ,,"화물운송 중개, 대리 및 관련 서비스업",2011-01-26,12월
장금마리타임 주식회사,"SINOKOR MARITIME CO., LTD",장금마리타임, ,김남덕,기타법인,110111-3997826,104-86-17700,"서울특별시 중구 세종대로 64 태평로2가, 해남빌딩 923호", ,,외항 화물 운송업,2008-11-11,12월
장금상선(주),"SINOKOR MERCHANT MARINE CO.,LTD",장금상선, ,정태순,기타법인,110111-1680663,104-81-45803,서울특별시 중구 세종대로 64,www.sinokor.co.kr,,외항 화물 운송업,1999-04-14,12월
주식회사 장원물류,jangwon,장원물류, ,박기훈,기타법인,141111-0026283,226-81-33174,강원도 원주시 흥업면 대안로 429 (대안리), ,,일반 화물자동차 운송업,2005-02-01,12월
장풍에이치에스,JANGPUNG HS,장풍에이치에스, ,배기욱,기타법인,180111-0222397,618-81-21601,"부산광역시 부산진구 중앙대로775번길 5 801호 (부전동, 삼정기업빌딩)", ,,수상 화물 취급업,1997-01-14,12월
장하선박 주식회사,JANGHA MARINE CORPORATION,장하선박, ,이기남,기타법인,110111-1865497,101-81-53978,서울특별시 종로구 인사동 하나로빌딩 703호, ,,외항 화물 운송업,2000-01-02,12월
장호해운 주식회사,"JANGHO SHIPPING Co.,Ltd",장호해운, ,권영순,기타법인,180111-0258136,601-81-33579,부산광역시 동구 중앙대로236번길 12 (초량동) 7층, ,,외항 화물 운송업,1998-05-21,12월
주식회사 재성디앤에스,JAESUNG D&S,재성디앤에스, ,박성용,기타법인,110111-2564759,107-86-21974,"경기도 시흥시 승지로59번길 1 (능곡동, 건아빌딩) 502호",jslogis.co.kr/,,일반 화물자동차 운송업,2002-08-20,12월
주식회사 재세능원,JAE SE ENERGY CO. LTD,재세능원, ,바이호우샨,기타법인,110111-5115567,264-81-14349,"서울특별시 서초구 서초중앙로 69 (서초동, 르네상스빌딩) 2층206호", ,,항공 운송업,2013-04-17,12월
재우교통 주식회사,jaewoo traffic,재우교통, ,최태영,기타법인,110111-0246995,205-81-22933,"서울특별시 마포구 가양대로 143 (상암동, 재우교통)", ,,육상운송 및 파이프라인 운송업,1979-02-13,12월
(주)전국24시콜화물,"24si InfoCall Co.,Ltd",전국24시콜화물, ,윤수명,기타법인,120111-0505084,121-81-98192,"인천광역시 남구 석정로282번길 39-3 (도화동, 도화프라자)",www.15887924.com/,,그 외 기타 운송관련 서비스업,2009-09-08,12월
(주)전국화물마당,"JEONGUK FREIGHT MADANG CO.,LTD.",전국화물마당, ,문관석,기타법인,180111-0585498,606-86-02208,"서울특별시 금천구 가산디지털1로 212 706호(가산동, 코오롱디지털타워애스턴)", ,,육상 운송지원 서비스업,2007-03-08,12월
(주)전북고속,"JEONBUK EXPRESS CO.,LTD.",전북고속, ,황의종,기타법인,210111-0104960,463-88-00039,"전라북도 전주시 덕진구 가리내로 30 (금암동, 전주시외버스공용미널)",www.jbexpress.co.kr,,시외버스 운송업,2015-03-20,03월
(주)전북고속 터미널,"JEON BUK EXPRESS TERMINAL CO., LTD",전북고속터미널, ,황의종,기타법인,210111-0000225,418-81-02514,"전라북도 전주시 덕진구 가리내로 30 (금암동, 전주시외버스공용미널)", ,,여객 자동차 터미널 운영업,1944-04-01,12월
주식회사 전북여객,CHON BUK  PASSENGER,전북여객, ,황의종,기타법인,210111-0134074,224-86-01201,"전라북도 전주시 덕진구 가리내로 30 (금암동, 전주시외버스공용미널)", ,,시외버스 운송업,2018-06-28,12월
(유)전일여객,jeonilbus,전일여객, ,문용호,기타법인,210114-0000146,418-81-02547,전라북도 전주시 덕진구 가리내로 418 (덕진동2가) 38-3,jeonilbus@naver.com,,시내버스 운송업,1973-06-01,12월
전일운수(유),"jeonil transportation co,.ltd",전일운수, ,김창원,기타법인,180114-0008981,621-81-04398,"부산광역시 금정구 중앙대로 1815 (구서동, 가루라빌딩)", ,,창고 및 운송관련 서비스업,1984-05-01,12월
주식회사 전주고속,-,전주고속, ,이승환,기타법인,210111-0000241,418-81-02528,전라북도 전주시 덕진구 금암동 705-10,-,,시외버스 운송업,1970-03-01,02월
정동해운주식회사,"JUNG DONG SHIPPING CO., LTD.",정동해운, ,한근환,기타법인,180111-0426064,605-81-56399,부산광역시 동구 초량동 1203-10 O/T PRESIDENT 3층, ,,외항 화물 운송업,2002-10-21,12월
주식회사 정림통상,"JUNGRIM CO.,LTD",정림통상, ,전춘희,기타법인,120111-0439853,121-81-86376,"인천광역시 서구 청라커낼로 264 (청라동, 청라두손중앙프라자)307호", ,,주차장 운영업,2007-07-23,12월
(주)정석창고,"Korea Warehouse, co., ltd",정석창고, ,성용운,기타법인,134611-0048690,125-81-91250,경기도 안성시 일죽면 방초리 226, ,,냉장 및 냉동 창고업,2010-10-15,12월
(주) 정선해운,"CS SHIPPING CO., LTD.",정선해운, ,황승표,기타법인,110111-3741869,101-86-34414,서울특별시 중구 삼각동 115번지 경기빌딩 1603호, ,,외항 화물 운송업,2007-09-01,12월
정안교통주식회사,Jungan trattic lnc.,정안교통, ,"문성윤, 문영석",기타법인,110111-3166132,109-81-96156,"서울특별시 노원구 동일로204가길 34 (중계동, 씨앤미복합빌딩)지하2층 비201호", ,,택시 운송업,2005-02-18,12월
(주)정안로지스,junganlogis,정안로지스, ,신정빈,기타법인,134411-0061836,126-86-78314,경기도 이천시 마장면 오천로 72 1동 104호(오천리), ,,보관 및 창고업,2014-09-03,12월
정오교통(주),jeong o transportalo,정오교통, ,김종우,기타법인,110111-1336232,216-81-11187,서울특별시 중랑구 상봉1동 116 -27,jungoh2121@yahoo.co.kr,,택시 운송업,2006-12-31,12월
정우상운 주식회사,jungwoo,정우상운, ,"이광열, 이민성",기타법인,110111-4338334,109-86-23454,서울특별시 강서구 공항대로 96-16 (마곡동), ,,택시 운송업,2010-04-27,12월
주식회사 정원투어,JUNGWONTOUR,정원투어, ,이수한,기타법인,124411-0138033,137-86-39612,경기도 평택시 지산로 220 (지산동),www.jwtour.co.kr,,전세버스 운송업,2013-09-27,12월
(주)정인월드,JUNGIN WORLD,정인월드, ,송영승,기타법인,110111-2315574,105-86-29548,"서울특별시 중구 칠패로 46 (봉래동1가, 우남빌딩) 9층",www.junginworld.com,,"화물운송 중개, 대리 및 관련 서비스업",2001-08-29,12월
정일글로벌 주식회사,INSUNG GLOBAL CORPORATION,정일글로벌, ,박원모,기타법인,180111-0841725,602-81-60313,부산광역시 서구 원양로 243 (암남동),www.insungnet.co.kr,,냉장 및 냉동 창고업,2013-01-08,12월
주식회사 정일스톨트헤븐울산,"Jeong il Stolt heaven Ulsan Co., Ltd.",정일스톨트헤븐울산, ,이승만,기타법인,181211-0004354,610-81-06979,울산광역시 울주군 온산읍 산암로 297 (산암리), ,,위험물품 보관업,1985-12-12,12월
정일울산컨테이너터미널 주식회사,"JUNG IL ULSAN CONTAINER TERMINAL Co, Ltd",정일울산컨테이너터미널, ,강상일,기타법인,181211-0019379,610-81-14182,"울산광역시 울주군 온산읍 당목길 26 (산암리, 정일울산컨테이너터미널)", ,,수상 화물 취급업,1991-11-11,12월
정촌물류 주식회사,Jungchon Logistice,정촌물류, ,방도혁,기타법인,191111-0097961,248-81-02195,경상남도 진주시 정촌면 화개천로 12, ,,물류 터미널 운영업,2021-06-24,12월
(주)정평운수,jungpyung,정평운수, ,김효찬,기타법인,110111-3033159,109-81-92617,서울특별시 강서구 개화동로8길 17 (개화동) 강서공영차고지 3층, ,,시내버스 운송업,2004-07-01,12월
정현냉동(주),CHUNG HYUN COLD STORAGE CO.. LTD,정현냉동, ,정효현,기타법인,110111-0574122,106-81-56626,서울특별시 용산구 이촌동 212-1, ,,냉장 및 냉동 창고업,1995-10-17,12월
정현아이스텍주식회사,"CHUNG HYUN ICE TECH CO., LTD",정현아이스텍, ,정효현,기타법인,110111-2943713,101-86-02120,서울특별시 용산구 이촌동 212-1.202호, ,,냉장 및 냉동 창고업,2004-01-30,12월
제2목포신항만주식회사,Second Mokpo New Port Co. Ltd.,제2목포신항만, ,허상범,기타법인,201111-0017560,411-81-30421,전라남도 목포시 신항로294번길 45 (달동),www.mokpoport.com,,항구 및 기타 해상 터미널 운영업,2001-12-04,12월
(주)제너럴종합물류,"GENERAL LOGISTICS CO.,LTD",제너럴종합물류, ,"오세강, 김제세",기타법인,110111-2714445,101-81-91633,서울특별시 종로구 당주동 미도파빌딩 6층 603호,www.g-logis.com,,기타 수상 운송지원 서비스업,2003-02-13,12월
(주)제니엘시스템,"ZENIELSYSTEM CO.,LTD",제니엘시스템, ,정주용,기타법인,110111-1584518,214-86-25884,경기도 성남시 중원구 둔촌대로 484 시콕스타워 408, ,,늘찬 배달업,1998-09-10,12월
(주)제니켐상사,"ZENICHEM TRADING CO.,LTD",제니켐상사, ,김상석,기타법인,134111-0085501,123-81-67910,"서울특별시 강남구 테헤란로 302 (역삼동, 위워크타워) 2-101-아이",www.zenichem.co.kr,,냉장 및 냉동 창고업,2001-07-01,12월
주식회사 제니코,"Gen Inter-shipping & trading Co.,Ltd.",제니코, ,노형호,기타법인,180111-0376186,605-81-47361,부산광역시 동구 초량3동 1146-7번지,www.genico.co.kr,,해상 운송업,2001-03-10,12월
주식회사 제동,"JAE DONG CO.,LTD",제동, ,강대연,기타법인,134511-0013603,135-81-12801,서울특별시 서초구 양재2동 275-5 태석빌딩 4층, ,,일반 화물자동차 운송업,1994-03-29,12월
(주)제때,"Jette Co.,Ltd",제때, ,김광수,기타법인,110111-0604135,211-81-49636,서울특별시 동대문구 천호대로 263 부룡빌딩 9층 (답십리동),www.ejette.co.kr,www.ejette.co.kr,일반 화물자동차 운송업,1989-01-07,12월
(주)제로쿨투어,zerocooltour,제로쿨투어, ,박광수,기타법인,110111-2281618,220-86-15964,"서울특별시 송파구 올림픽로8길 23 401호 (잠실동, 보현빌딩)",www.zerocooltour.com,,전세버스 운송업,2001-07-07,12월
주식회사 제범,"JAWBUM CO.,LTD.",제범, ,이종윤,기타법인,110111-3532474,101-86-26350,"서울특별시 중구 무교로 32 (무교동, 효령빌딩501호)", ,,"화물운송 중개, 대리 및 관련 서비스업",2006-09-21,12월
제부도해상케이블카 주식회사,JEBU MARINE CABLE CAR,제부도해상케이블카, ,이백현,기타법인,110111-5111218,120-87-97080,"경기도 화성시 노작로4길 4 502호(반송동, 정일플러스)", ,,기타 부정기 여객 육상 운송업,2013-04-11,12월
제부여객(주),JEBUBUS,제부여객, ,조인행,기타법인,134811-0119059,124-86-44327,경기도 화성시 서신면 해양공단로 99 (장외리),www.yongnam.co.kr,,시내버스 운송업,2006-03-13,12월
(주)제양항공해운,JEYANG LOGITECH ,제양항공해운, ,김영록,기타법인,110111-0569397,109-81-18029,제주특별자치도 제주시 우정로8길 28 (외도일동),cargoworld.ejeju.net,,그 외 기타 분류 안된 운송 관련 서비스업,1988-04-01,12월
제우마린주식회사,"JEWOO MARINE CO., LTD",제우마린, ,김성근,기타법인,110111-4885244,101-86-72631,서울특별시 종로구 수송동 58 두산위브파빌리온 335호, ,,외항 화물 운송업,2012-06-05,12월
제이더블유해운주식회사,"JW SHIPPING CO.,LTD",제이더블유해운, ,정영식,기타법인,180111-1160736,897-81-00999,부산광역시 중구 중앙대로 130 (중앙동4가) 402호, ,,"화물운송 중개, 대리 및 관련 서비스업",2018-09-20,03월
제이디국제물류(주),"JD INTERNATIONAL FORWARDING AGENCY CO., LTD.",제이디국제물류, ,김정동,기타법인,110111-7064639,394-86-01534,"서울특별시 마포구 양화로 156 (동교동, LG팰리스빌딩) 915호",jd@jdforwarding.co.kr,,창고 및 운송관련 서비스업,2019-04-03,12월
(주)제이디로직스,JDLOGICS,제이디로직스, ,윤자희,기타법인,134511-0470564,746-86-01642,"경기도 용인시 처인구 중부대로 1315 (역북동, G3TOWER)703호", ,,일반 창고업,2020-07-22,12월
주식회사 제이브로마리타임,"J-BRO MARITIME CO., LTD.",제이브로마리타임, ,정회강,기타법인,180111-1474062,722-81-02785,"부산광역시 해운대구 APEC로 17 2201호(우동, 센텀리더스마크)", ,,외항 화물 운송업,2022-11-04,12월
주식회사 제이비,JB Corp.,제이비, ,정만호,기타법인,135711-0062241,126-86-01625,경기도 하남시 대성로 237 (천현동), ,,일반 화물자동차 운송업,2007-03-26,12월
주식회사 제이비상사,JBCC,제이비상사, ,구본식,기타법인,110111-2732471,105-86-51109,"서울특별시 마포구 마포대로 109 101동 2701호 (공덕동, 롯데캐슬프레지던트)", ,,일반 화물자동차 운송업,2003-03-06,12월
(주)제이비엘로지스틱스,"JBL Co.,ltd",제이비엘로지스틱스, ,이순섭,기타법인,220111-0091694,616-81-95048,제주특별자치도 제주시 선반로6길 9 (화북일동), ,,일반 화물자동차 운송업,2012-04-25,12월
주식회사 제이스페이스홀딩스,J SPACE HOLDINGS INC.,제이스페이스홀딩스, ,민봉기,기타법인,154511-0101355,503-88-02257,"서울특별시 성동구 상원12길 1 (성수동1가, 유앤아이빌딩) 6층", ,,항공 화물 운송업,2022-01-21,12월
주식회사제이씨알,"JCR CO,LTD.",제이씨알, ,김정주,기타법인,110111-3116228,101-86-10125,서울특별시 종로구 우정국로 68 동덕빌딩 6층 (관훈동), ,,기타 수상 운송지원 서비스업,2004-11-15,12월
주식회사 제이씨엘서비스,"JCL SERVICE CO., LTD.",제이씨엘서비스, ,최용성,기타법인,110111-7250436,484-81-01680,"서울특별시 강서구 공항대로 168 (마곡동, 747) 마곡747타워 7층 705호", ,,"화물운송 중개, 대리 및 관련 서비스업",2019-10-04,12월
제이앤쉬핑 주식회사,"J& Shipping Co., Ltd.",제이앤쉬핑, ,김상인,기타법인,134811-0592859,541-86-01993,"서울특별시 영등포구 국회대로72길 6 (여의도동, 여의도아크로폴리스) 6층 601호", ,,해상 운송업,2020-12-10,12월
주식회사 제이앤 제이트러스트,"J&J Trust Co,Ltd",제이앤제이트러스트, ,박병주,기타법인,110111-2781593,101-81-94775,서울특별시 종로구 관훈동 관훈빌딩 805, ,,항만 내 여객 운송업,2003-05-19,12월
제이앤탱커 주식회사,"J AND TANKER CO., LTD.",제이앤탱커, ,허광식,기타법인,180111-1559195,223-88-03253,"부산광역시 동구 중앙대로196번길 6-7 (초량동), 803", ,,외항 화물 운송업,2024-04-26,12월
주식회사 제이에스,"JS LOGIS Co., Ltd.",제이에스, ,김영철,기타법인,170111-0764846,112-86-01631,경상북도 칠곡군 지천면 금호로 272 정비동 2층 201호 (영남복합물류공사내),-,,일반 화물자동차 운송업,2020-03-27,12월
제이에스디 주식회사,"jsd Co.,Ltd.",제이에스디, ,오정택,기타법인,134211-0252249,274-81-02404,경기도 광주시 곤지암읍 열미길 57-11 (열미리), ,,일반 창고업,2021-06-29,12월
주식회사 제이에스엠,"JSM CO.,LTD",제이에스엠, ,이광석,기타법인,160111-0250300,314-86-01770,대전광역시 유성구 장대동 356-9 102, ,,그 외 기타 운송관련 서비스업,2008-11-19,12월
제이에스케이퍼시픽주식회사,"JSK PACIFIC CO.,LTD",제이에스케이퍼시픽, ,김명경,기타법인,180111-0589945,603-81-65024,부산광역시 사하구 신평동 489,-,,외항 화물 운송업,2007-04-16,12월
주식회사 제이에스해운,"JS HAEWOON CO., LTD",제이에스해운, ,오동열,기타법인,180111-1379973,686-81-02422,부산광역시 중구 중앙대로 70 (중앙동4가) 8층, ,,외항 여객 운송업,2022-10-12,12월
주식회사 제이에스해운,JSMARINE TRANSPORTATION,제이에스해운, ,김진성,기타법인,135811-0253202,135-86-47630,"서울특별시 강남구 밤고개로1길 10 (수서동, 수서현대벤쳐빌)",무,,기타 해상 운송업,2014-09-24,12월
(주)제이에이에스,Jejuair Services Inc.,제이에이에스, ,장우영,기타법인,150111-0048608,301-81-45573,"인천광역시 중구 공항로 272 2층, 4-24-07호 2093호 (운서동, 인천공항제1여객터미널)", ,,기타 항공 운송지원 서비스업,2000-11-01,12월
제이에이치쉬핑(주),"JH Shipping Co., Ltd",제이에이치쉬핑, ,최익수,기타법인,110111-3206350,101-86-13933,서울특별시 종로구 인사동 태화빌딩 8층, ,,외항 화물 운송업,2005-04-12,12월
(주)제이에이치페리,"JHFERRY CO.,LTD",제이에이치페리, ,황영욱,기타법인,110111-3810408,211-88-07178,경상북도 울진군 후포면 울진대게로 236-14 (후포리), ,,내항 여객 운송업,2007-12-21,12월
제이에이치홀딩스 주식회사,"JH Holdings Co., Ltd.",제이에이치홀딩스, ,박용수,기타법인,230111-0312361,769-81-01091,울산광역시 남구 테크노산업로55번길 49-20 (두왕동), ,,창고 및 운송관련 서비스업,2019-05-24,12월
주식회사 제이엠일레븐,JM ELEVEN,제이엠일레븐, ,이성욱,기타법인,110111-0114796,210-81-09515,"서울특별시 도봉구 도봉로152길 15 (도봉동, 금강상운(주))", ,,택시 운송업,1971-05-11,12월
주식회사 제이엠투,JM two,제이엠투, ,"조창진, 이성욱",기타법인,110111-8192695,615-88-02133,서울특별시 성동구 서울숲길 41 (성수동1가), ,,택시 운송업,2022-02-09,12월
제이케이로지스 (주),JK LOGIS,제이케이로지스, ,안태호,기타법인,134411-0050441,126-86-47941,경기도 이천시 마장면 관리 647-1, ,,보관 및 창고업,2012-01-11,12월
주식회사 제이케이로지스용인,J.K.Logis Yong-in Co. Ltd.,제이케이로지스용인, ,안태호,기타법인,134511-0456358,456-86-01870,경기도 용인시 처인구 남사읍 완장천로 448-38 (완장리) 산100, ,,일반 창고업,2020-05-28,12월
제이케이마리타임(주),"JK Maritime Co., Ltd",제이케이마리타임, ,김지회,기타법인,110111-4117457,214-88-43101,서울특별시 서초구 서초동, ,,기타 해상 운송업,2009-06-22,12월
제이케이에프 주식회사,JKF Co. Ltd.,제이케이에프, ,안종채,기타법인,134411-0069294,317-88-00357,경기도 이천시 마장면 마도로 177 (관리), ,,일반 창고업,2016-03-30,12월
(주)제이콘솔라인,"J CONSOL LINE CO.,LTD.",제이콘솔라인, ,김장호,기타법인,110111-5150381,105-87-87905,"서울특별시 마포구 마포대로 19 (마포동, 신화빌딩) 14층", ,,"화물운송 중개, 대리 및 관련 서비스업",2013-06-17,12월
제이투더블유(주),J2W,제이투더블유, ,권성술,기타법인,110111-1761215,211-86-55884,"서울특별시 중구 삼일대로 363 (장교동, 장교빌딩) 17층", ,,기타 운송관련 서비스업,1999-08-26,12월
(주)제이투케이글로벌,"J2K GLOBAL CO., LTD",제이투케이글로벌, ,강경완 정기호 김영광,기타법인,180111-0734673,602-81-53388,"부산광역시 해운대구 센텀서로 30 1006 1007 1008 1009호 (우동, 케이엔엔타워)",www.j2kglobal.com,,"화물운송 중개, 대리 및 관련 서비스업",2010-11-12,12월
제이티에이해운(주),"JTA Shipping Co.,Ltd",제이티에이해운, ,최영자,기타법인,201111-0027197,411-81-50806,전라남도 목포시 죽교동 11-10, ,,내항 화물 운송업,2007-12-01,12월
주식회사 제이피로지스틱스,JP LOGISTICS,제이피로지스틱스, ,김진희,기타법인,131311-0047477,125-81-47185,경기도 안성시 양성면 양성로 376-92 (도곡리),www.jp-logistics.co.kr,,냉장 및 냉동 창고업,2003-04-10,12월
제일교통(주),THE FIRSTTRANSPORTA,제일교통, ,이은주,기타법인,190111-0003878,608-81-02081,"경상남도 창원시 마산합포구 현동로 252 (덕동동, 덕동시내버스공영차고지)", ,,시내버스 운송업,1979-07-01,12월
주식회사 제일로지스,Cheil Loses,제일로지스, ,함형래,기타법인,204611-0046178,221-87-00063,전라남도 광양시 항만7로 71-46 (도이동), ,,일반 창고업,2015-06-15,12월
(주)제일로지텍,cheil logitec,제일로지텍, ,탁진영,기타법인,154611-0002684,304-81-09620,"충청북도 단양군 매포읍 매포길 113-9 (우덕리, 단양물류기지관리센터)", ,,여객 자동차 터미널 운영업,2000-01-01,12월
제일에스엘산업(주),"JEIL STORAGE LEASE INDUSTRIES CO., LTD",제일에스엘산업, ,장창익,기타법인,234111-0030802,621-81-51907,부산광역시 사하구 암남공원로 471 (감천동),-,,냉장 및 냉동 창고업,2002-11-25,03월
(주)제일엑세스,cheilaccess,제일엑세스, ,정병주,기타법인,110111-1174864,135-81-18300,경기도 용인시 기흥읍 고매리 746, ,,냉장 및 냉동 창고업,1995-08-01,12월
제일여객자동차(주),JEILBUS,제일여객자동차, ,우세환,기타법인,110111-0031487,111-81-01287,"서울특별시 은평구 통일로 1190 (진관동, 진관공영차고지) 제일여객자동차(주)", ,,시내버스 운송업,1954-08-20,12월
유한회사 제일여객자동차,Jeil Trans Portation CO.LTD,제일여객자동차, ,김진태,기타법인,210114-0119393,402-81-01392,전라북도 전주시 완산구 난전들로 59 (평화동3가), ,,시내버스 운송업,1975-12-22,12월
제일인터내셔널주식회사,"JEIL INTERNATIONAL CO.,LTD",제일인터내셔널, ,정희철,기타법인,180111-0856310,602-81-61331,부산광역시 중구 대교로 155 (중앙동4가) 105호, ,,외항 화물 운송업,2013-04-15,12월
주식회사 제임스포워딩,James Forwarding Corporation,제임스포워딩, ,정재원,기타법인,110111-0588511,214-81-47831,서울특별시 강남구 논현로76길 7 (역삼동) 제임스빌딩 2~3층,www.james.co.kr,,"화물운송 중개, 대리 및 관련 서비스업",1988-09-01,12월
(주)제주로지스틱스,Jeju Logistics Transport Company,제주로지스틱스, ,강성구,기타법인,110111-2099392,214-86-70297,제주특별자치도 제주시 한북로 108 (오등동),jlgs.co.kr,,"화물운송 중개, 대리 및 관련 서비스업",2000-10-28,12월
(주)제주로해운물류,-,제주로해운물류, ,이상석,기타법인,220111-0155804,602-87-00618,제주특별자치도 제주시 삼성로13길 26 203호(일도이동), ,,수상 화물 취급업,2016-12-14,12월
제주여객자동차주식회사,jejubus,제주여객자동차, ,양철웅,기타법인,220111-0000083,616-81-00726,제주특별자치도 제주시 서광로2길 39 (오라일동),jejubus1943@daum.net,,시외버스 운송업,1943-08-30,12월
제주웨어하우징 주식회사,jeju warehousing,제주웨어하우징, ,권양미,기타법인,220111-0225805,886-81-02435,"제주특별자치도 제주시 아봉로 234 104동 304호(영평동, 영평휴안2차)", ,,냉장 및 냉동 창고업,2021-08-12,12월
(주)제주유람선,jejucruise,제주유람선, ,박광용,기타법인,220111-0053545,616-81-53636,제주특별자치도 제주시 도두1동 2614-5번지,jejumir.com,,수상 운송업,2005-10-19,12월
주식회사 제주케이라인,"JEJU KLINE CO.,LTD",제주케이라인, ,강성구 김학수,기타법인,201111-0040389,616-86-19249,제주특별자치도 제주시 아봉로 16 (아라이동) 201호, ,,기타 내륙 수상 여객 및 화물 운송업,2014-07-01,12월
(주) 제주한라물류,jejuhanla,제주한라물류, ,이동희,기타법인,220111-0098062,616-86-02414,제주특별자치도 제주시 거로남8길 90 (화북이동) 1동2층, ,,일반 화물자동차 운송업,2013-11-21,12월
(주)제주항공,"JEJUAIR, CO., LTD.",제주항공,089590,김이배,유가증권시장,220111-0050575,616-81-50527,제주특별자치도 제주시 신대로 64 3층,www.jejuair.net,www.jejuair.net,항공 여객 운송업,2005-01-25,12월
주식회사 젤존항공여행사,zelzon.co.kr,젤존항공여행사, ,이준호,기타법인,110111-2298093,101-81-72830,서울특별시 용산구 한남동 737-28 안성타워3층,www.zelzonclub.co.kr,,항공 및 육상 화물 취급업,2001-08-01,12월
젯코리아 에어라인 주식회사 ,"JETKOREA AIRLINE CO ., LTD",젯코리아에어라인, ,원주한  이덕형,기타법인,110111-2052936,211-86-64758,서울특별시 강서구 공항동 1373 에이동 2층,www. jet-korea.com,,항공 운송업,2000-08-21,12월
조강해운주식회사,"Chokang Shipping Co., Ltd",조강해운, ,김남덕,기타법인,110111-2276578,104-81-63214,"서울특별시 중구 세종대로 64 (태평로2가, 해남빌딩) 본관 7층", ,,외항 화물 운송업,2001-07-02,12월
주식회사 조광선박,"CHO kWANG SHIPPING CO.,LTD.",조광선박, ,김경민,기타법인,181211-0002473,610-81-04971,울산광역시 남구 장생포고래로 225 (장생포동) (주)조광선박, ,,그 외 기타 분류 안된 운송 관련 서비스업,1982-05-13,12월
주식회사 조선냉장,"CHOSUN ICE CO., LTD",조선냉장, ,양원섭,기타법인,110111-1764318,114-81-91129,"서울특별시 종로구 지봉로 16 (숭인동, 동암빌딩)", ,,냉장 및 냉동 창고업,1999-09-01,12월
조선해운(주),"CHOSUN SHIPPING CO,.LTD",조선해운, ,김이수,기타법인,110111-0548945,201-81-44139,서울특별시 중구 명동2가31-1,WWW.aecx.co.kr,,외항 화물 운송업,1998-04-25,12월
조성해운(주),"JOSUNG SHIPPING CO., LTD.",조성해운, ,윤승열,기타법인,110111-1119183,102-81-38155,서울특별시 종로구 견지동 68번지 서흥빌딩6층, ,,외항 화물 운송업,1995-01-13,12월
주식회사 조양,"Choyang Co.,Ltd.",조양, ,김문식,기타법인,230111-0075589,610-81-50382,울산광역시 남구 여천로 129 (여천동), ,,일반 화물자동차 운송업,2001-05-25,12월
(주)조양,"CHOYANG SHIPPING CO.,LTD.",조양, ,최영배,기타법인,180111-0221555,601-81-30913,"부산광역시 동구 자성로133번길 6 (범일동, 진흥마제스타워범일)104동3401호", ,,기타 해상 운송업,1997-01-03,12월
조양국제종합물류(주),"JOYANG LOGISTICS INT''L CO., LTD",조양국제종합물류, ,김성우,기타법인,110111-0224602,218-81-15419,"서울특별시 강서구 강서로 406 (등촌동, 동광빌딩) 3층",www.joyang.com,,"화물운송 중개, 대리 및 관련 서비스업",1978-02-13,12월
조양상선주식회사,CHO YANG SHIPPING CO.,조양상선, ,박재우,기타법인,110111-0039150,104-81-24832,서울특별시 중구 남창동 51-1,www.choyang.com,,외항 화물 운송업,1961-03-15,12월
조양운수주식회사,"CHO-YANG TRANSPORATION CO.,LTD",조양운수, ,홍세기,기타법인,120111-0001264,121-81-01703,인천광역시 중구 신흥동 3가 33,http://www.choyangtrans.co.kr,,특수여객자동차 운송업,1968-06-24,12월
조양컨테이너터미날주식회사,"CHOYANG CONTAINER TERMINAL CO.,LTD.",조양컨테이너터미날, ,박재우,기타법인, ,110-81-38194,서울특별시 중구 남창동 51-1,해당사항없음,,수상 화물 취급업,1997-10-10,12월
조양흥진(주),cho yang heung jin,조양흥진, ,신태영,기타법인,110111-0192388,206-81-03943,"서울특별시 성동구 왕십리로16가길 11 (성수동1가, 조양흥진(주))", ,,육상운송 및 파이프라인 운송업,1976-05-01,12월
조엔쉬핑(주),"Joen Shipping Co.LTD.,",조엔쉬핑, ,구강영,기타법인,110111-2859358,104-81-83224,서울특별시 중구 무교동 1 효령빌딩 501, ,,외항 화물 운송업,2003-09-19,12월
조일로지스(주),joil logis,조일로지스, ,"차재옥, 차재오",기타법인,131111-0225738,129-86-30060,"경기도 평택시 서탄면 사리길 53 (사리, 조일물류(주))  3층",osch3088@daum.net,,일반 화물자동차 운송업,2009-02-19,12월
조일물류(주),joil.ltd,조일물류, ,차선환,기타법인,134811-0085127,124-86-11490,경기도 평택시 서탄면 사리, ,,일반 화물자동차 운송업,2003-07-18,12월
(주)종합예선서비스,"JONGHAPTUG CO., LTD.",종합예선서비스, ,염홍준,기타법인,180111-1093698,638-88-00744,"부산광역시 영도구 해양로23번길 27 3층(청학동, (주)종합해사)", ,,기타 해상 운송업,2017-05-10,12월
주)본길로지스,Bongil Logis,주)본길로지스, ,김재화,기타법인,110111-4003127,113-86-25790,서울특별시 중구 봉래동1가 48-3 11층, ,,기타 육상 운송지원 서비스업,2008-12-01,12월
주)이앤원,E&ONE,주)이앤원, ,정담,기타법인,131211-0037800,126-86-73793,"경기도 여주시 웅골로 161 (가업동, 이마트여주물리센터)",www.enone.co.kr,,"화물 포장, 검수 및 계량 서비스업",2014-02-05,12월
주성씨앤에어주식회사,"JOOSUNG SEA & AIR CO.,LTD",주성씨앤에어, ,박진수,기타법인,110111-3835828,104-86-12739,"서울특별시 중구 필동로 47 3층(필동3가, 주성빌딩)",www.jssa.co.kr,,"화물운송 중개, 대리 및 관련 서비스업",2008-02-10,12월
주원지엘에스(주),JOOWON GLS,주원지엘에스, ,김선식,기타법인,120111-0648933,131-86-49335,"서울특별시 강서구 공항대로 247 C동 1041호 (마곡동, 퀸즈파크나인)", ,,도로 화물 운송업,2013-03-05,12월
주코택배주식회사,jutrans,주코택배, ,홍재희,기타법인,110111-2438805,211-87-08694,경기도 군포시 부곡동 한국복합물류(주) b-2동 5층,http://www.jutrans.net,,택배업,2002-02-01,12월
준성월드주식회사,Jun Sung World Co. Ltd,준성월드, ,구본근,기타법인,110111-2040486,109-81-65648,인천광역시 남구 도화동 766-4, ,,기타 육상 운송지원 서비스업,2000-08-16,12월
중국해운한국주식회사,"CHINA SHIPPING(KOREA)AGENCY CO.,LTD",중국해운한국, ,"이극린, 이종희",기타법인,110111-1664097,202-81-63255,서울특별시 중구 다동 103 동부다동빌딩 11층,www.cnshipping.com,,수상 화물 취급업,1999-04-01,12월
(주)중동파크타운,JOONGDONG PARK TOWN,중동파크타운, ,김윤경,기타법인,110111-2905193,120-86-60325,"경기도 부천시 원미구 중동 1143-4, 4층", ,,주차장 운영업,2003-12-01,12월
(주)중부고속,jungbu express,중부고속, ,조성일,기타법인,160111-0000820,305-81-10682,대전광역시 대덕구 대전로 1429 (읍내동), ,,시외버스 운송업,1979-11-27,12월
주식회사 중부공용화물터미널,"Joongbu Public Freight Terminal Co., Ltd.",중부공용화물터미널, ,김태성,기타법인,115311-0002091,107-86-13149,서울특별시 강남구 삼성동 144-23 연당빌딩 9층,www.jbterminal.co.kr,,물류 터미널 운영업,1991-11-08,12월
중부대전화물터미널주식회사,joongbu daejeon freight terminal,중부대전화물터미널, ,신영환,기타법인,160111-0110372,305-81-45518,"대전광역시 유성구 대정로 67 (대정동, 중부대전화물터미널)",-,,물류 터미널 운영업,2001-01-12,12월
중부로지스틱스,joongbu logistics,중부로지스틱스, ,배재일,기타법인,150111-0228151,454-81-00676,"충청북도 청주시 청원구 오창읍 두릉유리로 1007 (양지리, 탁주유소)2층", ,,일반 화물자동차 운송업,2017-01-01,12월
중부물류(주),"CHUNBU PHYSICAL DISTRIBUTION CENTER CO,LTD",중부물류, ,안상섭,기타법인,134811-0029696,124-81-49308,경기도 화성시 팔탄면 율암리 52-15, ,,냉장 및 냉동 창고업,1997-09-01,12월
중부복합물류(주),"Jung-bu Integrated Freight Terminal Co.,LTD.",중부복합물류, ,최원혁,기타법인,110111-3284158,104-81-95720,경기도 군포시 번영로 82 (부곡동), ,,물류 터미널 운영업,2005-08-08,12월
중부예선주식회사,"JUNGBU TUG SERVICE CO.,LTD.",중부예선, ,정대균,기타법인,164511-0026254,513-88-00523,"충청남도 보령시 대흥로 94 (대천동, 만원빌딩)", ,,내항 화물 운송업,2016-05-02,12월
중부운수주식회사,jung bu transportation company,중부운수, ,박복규,기타법인,110111-0170681,117-81-03041,"서울특별시 양천구 지양로 106 (신월동, 중부운수)",joongboo@hitel.net,,시내버스 운송업,1974-10-08,12월
(주)중부제일물류,"CHUNGBU THE FIRST LOGISTICS CO., LTD.",중부제일물류, ,김길영,기타법인,134511-0069341,135-81-61490,경기도 안성시 일죽면 고은리 704-7,-,,그 외 기타 운송관련 서비스업,2003-03-19,12월
(주)중부화물터미널,"Chung Boo Cargo Terminal Co., Ltd",중부화물터미널, ,김현희,기타법인,161511-0036983,312-81-42654,"충청남도 천안시 동남구 청당산업길 33 (구룡동, 중부화물터미널)",-,,물류 터미널 운영업,2000-06-07,12월
주식회사 중앙고속,"JOONGANGEXPRESS CO., LTD.",중앙고속, ,이광석,기타법인,110111-0101090,219-81-01636,경기도 화성시 풀무골로 1 (영천동),www.jabus.co.kr,,시외버스 운송업,1971-03-09,12월
중앙기업,"jungang Enterprise Co.,Ltd",중앙기업, ,윤도원,기타법인,180111-0001808,601-81-07014,부산광역시 중구 중앙대로42번길 5 (중앙동5가),www.choong-ang.co.kr,,일반 화물자동차 운송업,1967-02-22,12월
중앙물류서비스(주),JUNG ANG LOGISTICS SERVICE,중앙물류서비스, ,이지훈,기타법인,160111-0200462,305-81-79134,세종특별자치시 전의면 산단길 22-50, ,,기타 운송관련 서비스업,2005-12-26,12월
중앙상선 주식회사,"Joong Ang Shipping Co., Ltd.",중앙상선, ,"김동기, 김지영",기타법인,110111-0183254,202-81-53887,서울특별시 중구 무교로 32 효령빌딩 14층 (무교동), ,,외항 화물 운송업,1975-07-18,12월
중앙운송서비스주식회사,"JUNGANG LOGISTICS SERVICE CO.,LTD",중앙운송서비스, ,이지훈,기타법인,160111-0436728,773-87-00526,"대전광역시 중구 계룡로 786 (오류동, 성공빌딩)", ,,"화물운송 중개, 대리 및 관련 서비스업",2016-09-28,12월
중한세계물류주식회사,"CNK WORLD LOGISTICS CO.,LTD",중한세계물류, ,민재이,기타법인,110111-3638496,104-86-06824,서울특별시 중구 다동 103번지 동부다동빌딩 10층, ,,그 외 기타 운송관련 서비스업,2007-03-15,12월
(유)지니집코리아,Geniezip Korea Inc,지니집코리아, ,김성일,기타법인,110114-0247715,786-88-00228,"서울특별시 중구 퇴계로 141-7 2층 202호(충무로2가, 뉴서울빌딩)", ,,외항 여객 운송업,2015-10-06,12월
(주)지디벨로프홀딩스,"G-Development Holding CO.,LTD",지디벨로프홀딩스, ,김기운,기타법인,134511-0306587,736-88-00470,"경기도 용인시 처인구 백암면 백암로 105 (박곡리), 1층 103호", ,,그 외 기타 운송관련 서비스업,2016-11-18,12월
(주)지디씨,"Global Distribution Center CO.,LTD",지디씨, ,김기운,기타법인,234111-0062798,621-81-92626,경상남도 창원시 진해구 신항6로 30 (남문동), ,,그 외 기타 운송관련 서비스업,2011-11-25,12월
(주)지비케이에스앤씨,"GBK,Ltd",지비케이에스앤씨, ,한재민,기타법인,180111-1258664,722-87-01527,부산광역시 영도구 해양로 69 2층 202호(청학동),-,,외항 여객 운송업,2019-12-23,12월
(주)지비케이익스프레스,"GBK Express Co.,Ltd",지비케이익스프레스, ,한재민,기타법인,180111-1426112,195-81-02585,부산광역시 영도구 해양로 69 (청학동) 2층 203호,-,,외항 여객 운송업,2022-03-04,12월
(주)지산물류,"JeeSan CO.,Ltd",지산물류, ,박종선,기타법인,134511-0088656,135-81-76940,경기도 용인시 처인구 백암면 청계로 124 (박곡리), ,,일반 창고업,2005-03-10,12월
주식회사 지산산업,Ji Sansaneop Co.,지산산업, ,김대집,기타법인,134611-0080147,665-88-00372,경기도 안성시 대덕면 소동산길 3-29 (무능리),www.jisangroup.com,,냉장 및 냉동 창고업,2016-08-22,12월
(주)지성쉬핑,jisung shipping,지성쉬핑, ,이경호,기타법인,110111-5054369,105-87-82384,"서울특별시 마포구 마포대로 45 (도화동, 일진빌딩)309", ,,외항 화물 운송업,2013-01-25,12월
지성해운(주),"JI SUNG SHIPPING CO., LTD",지성해운, ,성찬웅,기타법인,110111-1533242,110-81-38971,"서울특별시 종로구 새문안로3길 15 (당주동, 동원빌딩) 동원빌딩", ,,외항 화물 운송업,1998-04-10,12월
지세인,JISEIN,지세인, ,이진권,기타법인,110111-5570448,215-87-96415,전라북도 전주시 완산구 팔달로 227 (고사동) 라마다전주호텔, ,,항공 여객 운송업,2014-11-26,12월
주식회사 지소프트웨어뱅크코리아,"G Software Bank Korea Co., Ltd.",지소프트웨어뱅크코리아, ,토시로 나카무라,기타법인,180111-1026954,626-87-00332,부산광역시 중구 충장대로5번길 18 (중앙동4가), ,,기타 보관 및 창고업,2016-03-31,12월
주식회사 지수물류,jisu,지수물류, ,최대환,기타법인,206211-0034153,417-81-34463,전라남도 여수시 주삼덕양로 163 (주삼동) 지수물류, ,,일반 화물자동차 운송업,2007-06-01,12월
주식회사 지승,JISEUNG,지승, ,이주원,기타법인,134611-0095782,173-81-01441,경기도 안성시 미양면 당골길 12 (용두리), ,,일반 창고업,2019-06-19,12월
지아이지 주식회사,"G.I.G CO.,LTD.",지아이지, ,김기운,기타법인,234111-0047881,621-81-74763,경상남도 양산시 상북면 좌삼리 438-1, ,,그 외 기타 운송관련 서비스업,2008-02-05,12월
(주)지앤비마린서비스,"G&B MARINE SERVICE CO.,LTD.",지앤비마린서비스, ,장민호,기타법인,180111-0916403,605-86-29164,부산광역시 중구 광복로97번길 18 (동광동2가) 동양빌딩 602호,gnbmarineservice.com,,내항 화물 운송업,2014-06-03,12월
주식회사 지앤엘에스티,"GNL ST CO., LTD",지앤엘에스티, ,김한용,기타법인,110111-3919903,101-86-40390,"서울특별시 강서구 공항대로 237 911호 912호 913호 914호 (마곡동, 에이스타워마곡)", ,,"화물운송 중개, 대리 및 관련 서비스업",2008-06-24,12월
(주)지앤케이로지스틱스,"GNK LOGISTICS CO.,LTD",지앤케이로지스틱스, ,배기창,기타법인,120111-1034991,474-81-01548,인천광역시 연수구 인천신항대로 792-1 (송도동), ,,일반 창고업,2019-11-21,12월
주식회사 지앤피로지텍,"GNPLOGITECH CO.,LTD.",지앤피로지텍, ,배기창,기타법인,180111-0840735,602-81-60308,"경상남도 창원시 진해구 신항10로 137 (남문동, (주)지앤피로지텍)",www.gnplogitech.com,,일반 창고업,2013-01-01,12월
(주)지에스네트웍스,"GSNetworks Co., Ltd",지에스네트웍스, ,전광호,기타법인,134511-0344826,765-88-00857,경기도 용인시 처인구 포곡읍 포곡로 100, ,,창고 및 운송관련 서비스업,2018-01-02,12월
지에스쉽핑 주식회사,"GS Shipping Co., Ltd",지에스쉽핑, ,차영덕,기타법인,180111-0386458,602-81-23114,부산광역시 동구 초량동 1212-11 해덕 B/D 601, ,,그 외 기타 운송관련 서비스업,2001-12-01,12월
주식회사 지에이치물류,"GH Logistics Co.,Ltd.",지에이치물류, ,김정숙,기타법인,134411-0023167,126-81-69561,충청남도 아산시 염치읍 아산로 624 (서원리),www.keehung.com,,일반 창고업,2003-02-13,12월
(주)지에프포라,G.F POLLA,지에프포라, ,이병권,기타법인,110111-5017896,120-87-91392,"서울특별시 강남구 학동로 209 (논현동, 산하빌딩)", ,,그 외 기타 분류 안된 운송 관련 서비스업,2012-12-01,12월
지엔에스해운,"GNS Shipping co., Ltd.",지엔에스해운, ,박덕헌,기타법인,110111-2272683,104-81-63515,"서울특별시 종로구 종로 19 (종로1가, 르메이에르종로타운) 1003",-,,외항 화물 운송업,2001-06-28,12월
(주)지엔에프비쓰리,"GNFB3 Co., lnc.",지엔에프비쓰리, ,신종균,기타법인,110111-4141464,120-87-42682,"서울특별시 강남구 압구정로2길 18 (신사동, 이씨빌딩) 2층", ,,그 외 기타 운송관련 서비스업,2009-08-01,12월
주식회사 지엘,General Logistics Corp.,지엘, ,신상건,기타법인,134511-0095445,135-81-81803,경기도 용인시 처인구 원삼면 미평리 75,www.dooilcs.co.kr,,냉장 및 냉동 창고업,2005-11-11,12월
지엘마린유한회사,GL Marine,지엘마린, ,김낙영,기타법인,144714-0000781,673-86-01529,강원도 동해시 대동로 215 지엘마린, ,,내항 화물 운송업,2019-12-24,12월
주식회사 지엘물류,GL Logics,지엘물류, ,김재호,기타법인,134411-0087080,460-88-01271,경기도 이천시 신둔면 서이천로 796 (수남리), ,,"화물운송 중개, 대리 및 관련 서비스업",2019-04-23,12월
(주)지엘에스,GLS,지엘에스, ,서정수,기타법인,200111-0296321,410-86-38629,광주광역시 북구 첨단연신로 279, ,,일반 창고업,2010-04-22,12월
주식회사 지엘에스코리아,"GLS KOREA CO., LTD.",지엘에스코리아, ,인창혁,기타법인,110111-2990813,101-86-04716,"서울특별시 강남구 테헤란로37길 13-6 (역삼동, 태웅빌딩) 7층",www.glskorea.kr/,,"화물운송 중개, 대리 및 관련 서비스업",2004-04-20,12월
주식회사지엘코리아,GLKOREA,지엘코리아, ,최선호,기타법인,284911-0068196,141-81-10389,경기도 파주시 교하읍 문발리 출판문화정보산업단지 529-2, ,,보관 및 창고업,2007-10-17,12월
주식회사 지엘코아,"GLCORE Co.,Ltd.",지엘코아, ,김현철,기타법인,134511-0119659,142-81-10330,경기도 용인시 기흥구 고매로 42-26 (고매동),www.glcore.net,,항공 및 육상 화물 취급업,2007-11-09,12월
(주)지엠,"GM SHIPPING CO.,LTD",지엠, ,황제현,기타법인,180111-0723056,617-81-85581,부산광역시 해운대구 재송동 1210 벽산 이- 센텀클래스원 1516, ,,그 외 기타 운송관련 서비스업,2010-07-15,12월
지엠에프구호 선박투자회사,GMF No.9 Ship Investment Company,지엠에프구호선박투자회사, ,이우송,기타법인,220111-0258525,719-88-02681,제주특별자치도 제주시 연삼로 473 (이도이동) 경제통상진흥원, ,,외항 화물 운송업,2023-06-20,12월
지엠에프사호 선박투자회사,GMF No.4 Ship Investment Company,지엠에프사호선박투자회사, ,박현주,기타법인,220111-0236208,216-86-02437,제주특별자치도 제주시 연삼로 473 (이도이동) 경제통상진흥원, ,,외항 여객 운송업,2022-03-14,12월
지엠에프삼호 선박투자회사,GMF NO.3 Ship Investment Company,지엠에프삼호선박투자회사, ,박현주,기타법인,220111-0230094,750-81-02500,제주특별자치도 제주시 연삼로 473 (이도이동) 경제통상진흥원, ,,외항 여객 운송업,2021-11-22,12월
지엠에프이호 선박투자회사,GMF NO.2 SHIP INVESTMENT COMPANY,지엠에프이호선박투자회사, ,박현주,기타법인,220111-0230036,379-86-02548,제주특별자치도 제주시 연삼로 473 (이도이동) 경제통상진흥원, ,,그 외 기타 분류 안된 운송 관련 서비스업,2021-12-01,12월
지엠에프일호 선박투자회사,GMF NO.1 SHIP INVESTMENT COMPANY,지엠에프일호선박투자회사, ,박현주,기타법인,220111-0227380,102-86-02138,제주특별자치도 제주시 연삼로 473 (이도이동) 경제통상진흥원, ,,그 외 기타 분류 안된 운송 관련 서비스업,2021-10-05,12월
지엠에프칠호선박투자회사,GMF No.7 Ship Investment Company,지엠에프칠호선박투자회사, ,이우송,기타법인,220111-0255323,288-88-02760,제주특별자치도 제주시 연삼로 473 (이도이동) 경제통상진흥원, ,,외항 화물 운송업,2023-06-20,12월
지엠에프팔호선박투자회사,GMF No.8 Ship Investment Company,지엠에프팔호선박투자회사, ,이우송,기타법인,220111-0257519,686-87-02875,제주특별자치도 제주시 연삼로 473 (이도이동) 경제통상진흥원, ,,외항 화물 운송업,2023-06-20,12월
(주)지엠엘,"GML co.,LTD",지엠엘, ,진두영,기타법인,180111-0956516,602-81-67408,"경상남도 창원시 진해구 신항7로 132 (남문동, (주)지엠엘)",www.gmls.co.kr,,일반 창고업,2015-02-09,12월
(주)지엠지,"GMG CO.,LTD",지엠지, ,김미옥,기타법인,131111-0212454,129-86-23079,경기도 성남시 분당구 야탑동 분당종합터미널 341번지,www.seongnamterminal.co.kr,,여객 자동차 터미널 운영업,2008-07-01,12월
지오디스코리아 주식회사,GEODIS Korea Co. Ltd,지오디스코리아, ,브누아 피에르 브륄레,기타법인,110111-1366172,211-84-08510,"서울특별시 영등포구 국회대로76길 22 (여의도동, 기계산업진흥회) 10층", ,,그 외 기타 운송관련 서비스업,1997-02-01,12월
주식회사 지오항공여행사,geoclub.co.kr,지오항공여행사, ,이덕일,기타법인,110111-2234328,101-81-70055,서울특별시 용산구 한남동 737-28 안성타워3층,www.geoclub.co.kr,,항공 및 육상 화물 취급업,2001-05-09,12월
지케이해상도로주식회사,GK Fixed Link Corp,지케이해상도로, ,김경수,기타법인,180111-0443224,605-81-59436,부산광역시 강서구 거가대로 2571 (천성동),www.gklink.com,,도로 및 관련시설 운영업,2003-03-18,12월
지티엑스씨,GTXC,지티엑스씨, ,백상현,기타법인,110111-8726246,121-88-02910,"서울특별시 동대문구 왕산로 127 (제기동, 경동대성빌딩) 10층", ,,철도 여객 운송업,2023-08-25,12월
지티엑스에이운영주식회사,"GTX-A Operation Co., Ltd.",지티엑스에이운영, ,조진환,기타법인,134811-0768583,873-87-02917,경기도 고양시 덕양구 대주로 103-60 (대장동),www.gtx-a.com,,기타 운송관련 서비스업,2023-10-25,12월
지피아이에스 주식회사,GPIS Corp.,지피아이에스, ,주성원,기타법인,110111-8846119,716-88-02945,"서울특별시 송파구 송파대로 562 (신천동, 웰리스타워,삼성웰리스아파트)", ,,그 외 기타 운송관련 서비스업,2024-01-17,12월
지허브 주식회사,G.Hub co.Ltd,지허브, ,박명래,기타법인,230111-0205996,610-86-20656,울산광역시 남구 용잠로 630, ,,위험물품 보관업,2013-04-01,12월
진도운수 주식회사,"Jin Do Transportation.Co.,Ltd",진도운수, ,박관영,기타법인,201111-0001696,411-81-00096,전라남도 목포시 항동 6-10,WWW.JINDOTR.CO.KR,,기타 내륙 수상 여객 및 화물 운송업,1964-12-03,12월
주식회사 진로종합유통,JINRO MASS-MERCHANDISING INC.,진로종합유통, ,홍훈기,기타법인,110111-0128416,229-81-14706,서울특별시 서초구 양재동 226, ,,여객 자동차 터미널 운영업,1972-04-07,12월
(주)진로해운,"JINLO SHIPPING CO.,LTD",진로해운, ,조상곤,기타법인,110111-1506702,202-81-60618,서울특별시 중구 무교동 1 효령빌딩 801, ,,외항 화물 운송업,1998-02-01,12월
주식회사 진명여객,JIN MYUNG PASSENGER,진명여객, ,허상준,기타법인,111511-0059498,127-81-83853,경기도 양주시 화합로1325번길 222 (덕정동), ,,시내버스 운송업,2003-09-17,12월
(주)진모빌리티,JINMOBILITY Inc.,진모빌리티, ,"조창진, 이성욱",기타법인,134511-0457794,280-88-02107,"서울특별시 강남구 테헤란로26길 14 (역삼동, 대세빌딩) 7층", ,,기타 육상 운송지원 서비스업,2020-05-19,12월
(주)진보케미칼,GINBOCHEMICAL,진보케미칼, ,서태교,기타법인,171211-0014537,506-81-24950,경상북도 칠곡군 석적읍 동중리1길 79 (중리), ,,일반 화물자동차 운송업,1997-01-16,12월
(주)진선기업,Jin Sun Inc.,진선기업, ,이명철,기타법인,110111-3165986,104-81-92043,"서울특별시 마포구 마포대로 38 1405호(도화동, 일신빌딩)", ,,일반 화물자동차 운송업,2005-02-03,12월
(주)진선코리아,"JIN-SUN Korea co.,Ltd",진선코리아, ,정상훈,기타법인,120111-0151762,121-81-25063,"인천광역시 중구 서해대로94번길 106 (신흥동3가, 희창냉동창고)204호", ,,"화물운송 중개, 대리 및 관련 서비스업",1997-06-01,12월
주식회사 진성,"JINSUNG MARINE SERVICE CO.,LTD",진성, ,김성태,기타법인,206211-0071113,394-86-01650,전라남도 여수시 공화남3길 17-1 (공화동), ,,내항 여객 운송업,2019-08-21,12월
주식회사 진성비에프,"JINSUNGBF CO., LTD.",진성비에프, ,김진수,기타법인,134511-0335867,411-86-00922,경기도 용인시 처인구 이동읍 덕성산단2로50번길 12-3 (덕성리), ,,냉장 및 냉동 창고업,2017-09-25,12월
진아교통(주),JINA TRAFFIC,진아교통, ,이상도,기타법인,110111-0034241,217-81-00290,"서울특별시 노원구 마들로 145 (월계동, 진아교통)", ,,시내버스 운송업,1976-12-26,12월
(주)진안고속,"Koreawide jinan express Co.,Ltd.",진안고속, ,"류상우, 이상훈",기타법인,170111-0751778,476-81-01772,대구광역시 서구 서대구로 295 (비산동), ,,시외버스 운송업,2020-01-02,12월
(주)진양물류,JY.logistics,진양물류, ,조근형,기타법인,110111-2472051,214-87-07530,"서울특별시 서초구 서초대로70길 15 (서초동, 롯데칠성음료(주))", ,,"화물운송 중개, 대리 및 관련 서비스업",2002-03-20,12월
진양상운,JINYANG DRIVE,진양상운, ,장재호,기타법인,110111-0112336,209-81-15977,서울특별시 노원구 월계로44길 13, ,,택시 운송업,1976-08-03,03월
(주)진양에너지,JINYANG ENERGY,진양에너지, ,김학관,기타법인,110111-2103979,214-86-71243,충청북도 음성군 대소면 한삼로91번길 29-16,www.jinyangeng.com/,,위험물품 보관업,2000-11-04,12월
(주)진양유조선,jinyang tank co ltd,진양유조선, ,황경환,기타법인,181211-0022447,610-81-15992,울산광역시 남구 삼산로 251 (달동)대우증권빌딩2층, ,,내항 화물 운송업,1992-11-19,12월
진양해운(주),jinyang shipping,진양해운, ,홍승두,기타법인,110111-0615645,202-81-46372,서울특별시 종로구 서린동 서린빌딩 12층,www.jinyangshipping.com,,외항 화물 운송업,1989-03-15,12월
주식회사 진에어,"JIN AIR CO,.LTD.",진에어,272450,박병률,유가증권시장,120111-0454976,121-81-89086,"서울특별시 강서구 공항대로 453, 3층",www.jinair.com,,항공 여객 운송업,2008-01-23,12월
진영교통 주식회사,jinyung,진영교통, ,이종만,기타법인,110111-2788169,204-86-26208,"서울특별시 성동구 광나루로6길 49 (성수동2가, 모터씨티빌딩)3층 진영교통", ,,택시 운송업,2011-04-01,12월
주식회사 진영물류산업,"Jinyoung Logistics Development Management Co. , Ltd",진영물류산업, ,이주영,기타법인,141211-0073042,224-81-65345,경기도 화성시 우정읍 석천길 17-5 4층 (석천리),www.jyldm.com,,보관 및 창고업,2014-10-24,12월
진영운수(주),JinYoung Logistics Inc.,진영운수, ,김정은,기타법인,211111-0028995,401-81-39333,전라북도 군산시 옥구읍 광월안길 42 (상평리),-,,일반 화물자동차 운송업,2010-02-16,12월
주식회사진우월드,"jinwoo world co.,lte",진우월드, ,원준범,기타법인,160111-0001638,138-81-06569,경기도 화성시 동탄면 경기동로 220-17 (장지리)213-7, ,,일반 창고업,1973-05-20,05월
주식회사 진우자산,Jinwoo Asset,진우자산, ,심우진,기타법인,110111-4336750,120-87-55606,서울특별시 서초구 반포대로16길 7 (서초동) 서초센트럴주차장 1층, ,,주차장 운영업,2010-06-11,12월
진인해운주식회사,"QIN-IN SHIPPING CO.,LTD.",진인해운, ,한영락,기타법인,110111-2692394,120-86-47128,"서울특별시 용산구 한강대로62길 61 (용산동3가, 신우빌딩)",qininferry.com/,,기타 운송관련 서비스업,2003-01-13,12월
진천교통주식회사,"Jin-Chun BUS Co., Ltd.",진천교통, ,신동삼,기타법인,154311-0000080,301-81-02439,충청북도 진천군 진천읍 성석리 733-29, ,,시내버스 운송업,1980-01-15,12월
(주)진천국제객화항운,"JINCHON SHIPPING CO., LTD.",진천국제객화항운, ,GUO YIQIANG,기타법인,110111-0821888,114-81-70686,"인천광역시 중구 인중로 147 (항동7가, 제2국제여객터미널) 2층",www.jinchon.co.kr,,외항 화물 운송업,1991-12-11,12월
(주)진천로지스틱스,JINCHEONLOGISTICS,진천로지스틱스, ,허진석,기타법인,154311-0053956,138-88-01923,충청북도 진천군 진천읍 상신2길 53 (산척리) 96-9, ,,냉장 및 냉동 창고업,2021-01-04,12월
진천메가허브터미널 유한회사,"Jincheon Mega Hub Terminal co,Ltd",진천메가허브터미널, ,김병민,기타법인,110114-0247723,751-86-01421,"서울특별시 강남구 테헤란로 623 (삼성동, 삼성빌딩) 6층", ,,일반 창고업,2019-09-10,12월
주식회사진천여객터미널,"Chincheon bus terminal co., Ltd.",진천여객터미널, ,신동삼,기타법인,154311-0007086,301-81-37511,충청북도 진천군 진천읍 벽암리 569, ,,여객 자동차 터미널 운영업,1999-07-06,12월
진해여객자동차주식회사,Jin Hae Bus Transport Corporation,진해여객자동차, ,전진안,기타법인,194111-0000036,609-81-00150,경상남도 창원시 진해구 진희로 3 (태평동), ,,시내버스 운송업,1957-04-06,12월
(주)진화,Jinhwa Corp.,진화, ,최바다,기타법인,110111-0326010,220-81-10038,서울특별시 강남구 광평로39길 84 (수서동), ,,택시 운송업,1982-08-24,12월
진화운수주식회사,jinhwabus,진화운수, ,"문봉철, 문승택",기타법인,110111-0107882,215-81-03253,"서울특별시 송파구 충민로6길 61-5 (장지동, 진화운수)",www.jinhwabus.co.kr,,시내버스 운송업,1969-09-12,12월
(주)차바이오텍,"CHABIOTECH CO.,LTD",차바이오텍, ,정형민,기타법인,110111-2072778,220-81-98257,서울특별시 강남구 역삼동 606-16,www.chabio.com,,냉장 및 냉동 창고업,2000-09-20,12월
참빛산업(주),EAST ASIA AIR EXPRSS INC.,참빛산업, ,윤철호,기타법인,110111-0325525,106-81-23125,"서울특별시 용산구 한강대로 296 (남영동, 참빛빌딩)",www.eaecargo.co.kr,,항공 운송업,1975-10-07,12월
참손푸드 주식회사,"Dong Nam Fisheries Co., Ltd.",참손푸드, ,윤명길,기타법인,110111-0428634,603-81-11606,부산광역시 서구 암남동 739번지,chamson.co.kr,,냉장 및 냉동 창고업,1986-11-29,12월
창덕해운주식회사,Changduk marine Co.Ltd.,창덕해운, ,김영진,기타법인,180111-0050087,601-81-12633,부산광역시 중구 중앙동4가 78-12번지, ,,내항 화물 운송업,1983-09-13,12월
창명라이너스 주식회사,"changmyung liners co.,ltd",창명라이너스, ,김상겸,기타법인,110111-3060251,104-81-89077,서울특별시 중구 삼각동 115번지 경기빌딩 401호, ,,외항 여객 운송업,2004-08-02,12월
창명해운 주식회사,"CHANGMYUNG SHIPPING CO.,LTD.",창명해운, ,정승호,기타법인,110111-0565262,110-81-36497,"서울특별시 서대문구 신촌역로 30 3층 (신촌동, 신촌민자역사)",www.cmship.co.kr,,외항 화물 운송업,1988-03-15,12월
창성여객자동차 주식회사,changseong bus,창성여객자동차, ,성현도,기타법인,180111-0035972,617-81-01112,부산광역시 남구 신선로 335, ,,시내버스 운송업,1980-01-23,12월
창성해운(주),"CHANGSUNG SHIPPING CO., LTD",창성해운, ,박진용 이석기,기타법인,110111-1816656,104-81-48741,서울특별시 중구 서소문동 75-95 유원빌딩 2층, ,,외항 화물 운송업,1999-11-26,12월
창원버스(주),chang won bus . corp,창원버스, ,조복래,기타법인,190111-0004909,608-81-02359,경상남도 창원시 성산구 불모산로48번길 5 (성주동), ,,시내버스 운송업,1980-05-01,12월
창진운수 주식회사,chang jin woon su,창진운수, ,"이도형, 이성준",기타법인,130111-0031045,124-81-25475,"경기도 수원시 권선구 서수원로 25 (오목천동),창진운수", ,,택시 운송업,1994-10-01,12월
주식회사 천경,CK corporation,천경, ,서성훈,기타법인,180111-0020189,607-81-17733,"경상남도 양산시 물금읍 제방로 225 (증산리, (주)천경)",www.ckco.biz,,일반 화물자동차 운송업,1974-02-02,12월
천경해운주식회사,"ck line co., ltd.",천경해운, ,서성훈,기타법인,180111-0000149,601-81-02377,"서울특별시 중구 을지로 80-1 (을지로2가, 보승빌딩)",www.ckline.co.kr,,외항 화물 운송업,1962-10-22,12월
주식회사 천년미소,millennium smile bus,천년미소, ,서병조,기타법인,171211-0015535,505-81-13294,경상북도 경주시 충효동 710-13,gumabus.com,,시내버스 운송업,1997-05-15,12월
(주)천마고속,"Chunma Express Co., Ltd.",천마고속, ,손재헌,기타법인,170111-0001173,502-81-00499,대구광역시 동구 효신로 7 (신천동), ,,시외버스 운송업,1962-08-07,03월
천마물류주식회사,Chunma Logistics Company,천마물류, ,김필립,기타법인,115211-0033659,132-81-35426,"경기도 남양주시 화도읍 마치로 306 (묵현리, GS물류센타)",www.chunmalogistics.com,,일반 창고업,2000-07-07,12월
천마산터널주식회사,Cheonmasan Tunnel Corp.,천마산터널, ,김민석,기타법인,110111-4380096,101-86-56567,"부산광역시 서구 충무대로 83 4층(암남동, 암남동주민센터)", ,,도로 및 관련시설 운영업,2010-06-25,12월
천안논산고속도로(주),"CHEONAN NONSAN EXPRESSWAY CO.,Ltd",천안논산고속도로, ,임윤섭,기타법인,161511-0024102,312-81-27463,"충청남도 공주시 봉정길 103 (태봉동, 천안논산고속도로관리소)",www.cneway.co.kr,,도로 및 관련시설 운영업,1997-07-22,12월
(주)천안물류,"Chonan Logistics Co., Ltd.",천안물류, ,손창조,기타법인,161511-0018072,312-81-21926,"충청남도 천안시 서북구 성거읍 석문길 47-1 (요방리, (주)천안물류센타)",www.calogis.co.kr/,,일반 창고업,1995-11-01,12월
(주)천일고속,"CHUNIL EXPRESS CO.,LTD",천일고속,000650,박도현,유가증권시장,180111-0006915,604-81-00854,부산광역시 동구 중앙대로 168(초량동),www.chunilexpress.com,,시외버스 운송업,1949-09-30,12월
(주) 천일국제물류,"chunil international logistics co.,ltd",천일국제물류, ,김영식,기타법인,131111-0052503,129-81-36749,"경기도 성남시 분당구 야탑로 103 304호 (야탑동, 노블리치2오피스텔)",chunilkor.co.kr,,냉장 및 냉동 창고업,2000-08-22,12월
(주)천일국제보세창고,CIL,천일국제보세창고, ,김영식,기타법인,131311-0037650,125-81-38371,경기도 평택시 포승면 만호리 637, ,,일반 창고업,2001-07-12,12월
(주)천일냉장,CHUNIL COLD STORAGE,천일냉장, ,"이해녕, 권봉석",기타법인,134611-0041925,125-81-80582,"경기도 안성시 양성면 양성로 406 (이현리, (주)천일냉장)",www.1001ci.co.kr/,,냉장 및 냉동 창고업,2009-04-27,12월
(주)천일모터프레이트,CHUNIL MOTOR FREIGHT INC,천일모터프레이트, ,박재억,기타법인,170111-0001107,501-81-00759,부산광역시 사상구 엄궁동 651-1, ,,기타 부정기 여객 육상 운송업,1957-01-17,12월
천일여객(주),CHUN IL BUS CO.,천일여객, ,박재상,기타법인,180111-0026020,604-81-01829,부산광역시 동구 초량동 1211-6, ,,시내버스 운송업,1976-12-29,12월
천일정기화물자동차(주),"CHUNIL CARGO TRANSPORTION CO., LTD.",천일정기화물자동차, ,박재억,기타법인,180111-0004886,604-81-00868,"부산광역시 부산진구 전포대로 217 (전포동, 천일정기화물자동차(주)사옥)",www.chunil.co.kr,,일반 화물자동차 운송업,1956-06-26,12월
주식회사 천일택배,Chunil Parcel Service,천일택배, ,박재억,기타법인,180111-1132777,305-87-00866,"부산광역시 부산진구 전포대로 217 (전포동, 천일정기화물자동차(주)사옥) 5층", ,,육상운송 및 파이프라인 운송업,2018-01-01,12월
주식회사 천일티엘에스,Chunil Total Logistics Service,천일티엘에스, ,박재억,기타법인,180111-1132769,770-88-00771,"부산광역시 부산진구 전포대로 217 (전포동, 천일정기화물자동차(주)사옥) 5층", ,,육상운송 및 파이프라인 운송업,2018-01-01,12월
천일화물(주),"CHEONIL CARGO TRANS. CO.,LTD.",천일화물, ,손양근,기타법인,194811-0000727,613-81-09301,"경상남도 산청군 신안면 신차로 213 (외고리, 천일화물)",-,,일반 화물자동차 운송업,1994-05-02,12월
천주물류(주),chunju,천주물류, ,김현태,기타법인,190111-0051504,608-81-52806,경상남도 창원시 마산회원구 금강로 196 (합성동), ,,그 외 기타 운송관련 서비스업,2003-07-01,12월
(주)천지교통,choen ji,천지교통, ,김해숙,기타법인,120111-0508731,131-86-18486,인천광역시 연수구 아카데미로51번길 42 (송도동), ,,시내버스 운송업,2010-01-04,12월
천지해운주식회사,"CHUN JEE SHIPPING CO,.LTD.",천지해운, ,남기영,기타법인,110111-0811029,201-81-44328,"서울특별시 종로구 창경궁로 136 (원남동, 보령빌딩) 13층", ,,그 외 기타 운송관련 서비스업,1991-10-21,12월
철도운전기술주식회사,Railroad Operating Technology Company,철도운전기술, ,조규연,기타법인,110111-5602390,105-88-13171,"서울특별시 마포구 성암로 202 (상암동, 차륜전삭고)", ,,철도 여객 운송업,2015-01-01,12월
주식회사 청강,"CHUNGKANG CO., LTD",청강, ,강판수,기타법인,184511-0026531,621-81-44589,울산광역시 울주군 삼남면 방기리 42-1,www.chungkang.co.kr,,일반 창고업,2001-10-01,12월
청라교통 주식회사,CHEONGRA BUS,청라교통, ,김영한,기타법인,120111-0489056,122-86-04275,인천광역시 연수구 먼우금로 1 (동춘동), ,,시내버스 운송업,2009-04-01,12월
청라해운 주식회사,"CHUNG-RA SHIPPING CO., LTD.",청라해운, ,박영욱,기타법인,110111-3992553,101-86-42990,서울특별시 중구 서소문동 57-9 서영빌딩 301, ,,외항 화물 운송업,2008-10-30,06월
청룡교통(주),BLUEDRAGON,청룡교통, ,김해숙 백경,기타법인,120111-0011445,137-81-01009,인천광역시 서구 한서로53번길 16 청룡교통(백석동), ,,시내버스 운송업,1981-09-07,12월
청목해운(주),"Blue Marine Co.,Ltd.",청목해운, ,강규현,기타법인,144611-0030116,784-87-02790,강원특별자치도 삼척시 정라사거리길 73 2층 (정상동), ,,그 외 기타 분류 안된 운송 관련 서비스업,2023-01-10,12월
주식회사청백에프에스,"CHUNGBAEK FS CO.,LTD ",청백에프에스, ,정정락,기타법인,134211-0066749,126-81-80926,경기도 이천시 호법면 중부대로714번길 166 (안평리)21-1, ,,냉장 및 냉동 창고업,2004-08-19,12월
(주)청솔로직스,cheongsol logics,청솔로직스, ,김용관,기타법인,180111-0298984,617-81-24809,울산광역시 남구 신항로716번길 76 (황성동) 2층, ,,"화물운송 중개, 대리 및 관련 서비스업",1999-09-10,12월
청신운수(주),cheongsin,청신운수, ,윤태한,기타법인,150111-0000038,315-81-00314,충청북도 청주시 상당구 영운로 140 (석교동), ,,시내버스 운송업,1967-07-28,12월
(주)청야해운,"BLUEFIELD SHIPPING CO.,LTD",청야해운, ,김택호,기타법인,110111-2878944,101-81-98669,서울특별시 종로구 적선동156 쌍용플래티넘오피스텔 1115, ,,그 외 기타 운송관련 서비스업,2003-10-20,12월
주식회사청오물류,CheongOh Logistics,청오물류, ,임영길,기타법인,135811-0181669,135-86-09223,경기도 용인시 처인구 백암면 덕평로 140 (가창리), ,,냉장 및 냉동 창고업,2010-05-20,12월
(주)청우운수,"Cheongwootransport Co.,Ltd",청우운수, ,박종윤,기타법인,121111-0071315,130-81-63606,"경기도 부천시 봉오대로556번길 26 (고강동, 고강공영차고지)", ,,시내버스 운송업,1999-12-03,12월
(주)청조해운항공,CJLOGIX.INC,청조해운항공, ,강현호,기타법인,110111-1576797,203-81-26909,서울특별시 중구 장충단로 185 (장충동1가),cjlogix.com,,"화물운송 중개, 대리 및 관련 서비스업",1998-08-19,12월
주식회사 청주고속터미널,"Cheongju Express Terminal Co.,Ltd",청주고속터미널, ,이찬규,기타법인,150111-0096079,301-81-90419,"충청북도 청주시 흥덕구 2순환로 1229 (가경동, 고속버스터미널)",www.cjexpressterminal.com,,여객 자동차 터미널 운영업,2006-05-10,12월
청주교통(주),cheongjugyotong,청주교통, ,"류근홍, 오흥교",기타법인,150111-0001664,301-81-02180,"충청북도 청주시 청원구 사천로18번길 43 (사천동, 청주교통(주))", ,,시내버스 운송업,1989-05-31,12월
주식회사 청주아일관광,Cheong Ju Ail Tour Co.Ltd,청주아일관광, ,조경석,기타법인,150111-0003123,301-81-04214,충청북도 청주시 상당구 교서로 1 (영동) 1층, ,,전세버스 운송업,1994-07-18,12월
주식회사청주여객터미널,"chongju bus terminal co., Ltd.",청주여객터미널, ,신동엽,기타법인,150111-0034285,315-81-33343,충청북도 청주시 흥덕구 가경동 1449, ,,여객 자동차 터미널 운영업,1998-08-01,12월
청주화물터미널 주식회사,CHEONGJU FREIGHT TERMINAL,청주화물터미널, ,유귀현 류호진,기타법인,150111-0007505,315-81-02326,"충청북도 청주시 흥덕구 직지대로240번길 38 (지동동, 화물터미널)", ,,물류 터미널 운영업,1989-09-07,12월
청평물류주식회사,CheongPyeong Logistics,청평물류, ,김병국,기타법인,160111-0344228,305-86-25443,대전광역시 유성구 테크노중앙로 65 (관평동),cheongpyeong@gokms.co.kr,,물류 터미널 운영업,2013-03-26,12월
청풍로프웨이주식회사,Cheongpoong Rope Way Co.Ltd,청풍로프웨이, ,오영록,기타법인,151211-0028623,304-81-27991,충청북도 제천시 청풍면 청풍호로58길 10-13 (물태리), ,,기타 부정기 여객 육상 운송업,2013-03-12,12월
(주)청해진해운,Chonghaejin Marine Company Ltd.,청해진해운, ,안명수,기타법인,110111-1654254,120-81-88497,부산광역시 중구 중앙동5가 16-5,www.chonghaejin.co.kr,,내항 여객 운송업,1999-02-24,12월
청호냉동(주),"chongho cold warehouse co., Ltd",청호냉동, ,구문갑,기타법인,180111-0078518,603-81-09454,부산광역시 사하구 신평동 550, ,,냉장 및 냉동 창고업,1988-03-11,12월
(주)청호물류,Chungho Logistics,청호물류, ,김상도,기타법인,180111-0332162,617-81-29842,"부산광역시 남구 신선대산복로 38 (용당동, (주)1급우성자동차정비) 212호", ,,도로 화물 운송업,2000-10-01,12월
(주)춘천시민버스,chuncheon citizen bus,춘천시민버스, ,김건식,기타법인,140111-0080206,296-81-01332,"강원도 춘천시 동면 공단로 98 (장학리, 후평동버스종점)", ,,시내버스 운송업,2019-07-25,12월
주식회사 충남고속,chungnam express,충남고속, ,"이충용, 김태훈",기타법인,164911-0000060,311-81-00025,"충청남도 예산군 예산읍 금오대로 35-14 (산성리, 예산시외버스터미널)", ,,시외버스 운송업,1966-01-28,12월
충북리무진 주식회사,chung buk limujin,충북리무진, ,민경헌,기타법인,150111-0000294,301-81-00315,"충청북도 청주시 서원구 2순환로 1602 (미평동, 충북리무진)", ,,시외버스 운송업,1966-04-12,12월
충일고속(주),"CHOONG IL EXPRESS CO., LTD.",충일고속, ,신동삼,기타법인,150111-0000137,315-81-00236,충청북도 청주시 흥덕구 복대동514-1, ,,시외버스 운송업,1962-12-29,12월
충주공용버스터미널(주),Chungju Express Terminal,충주공용버스터미널, ,민경락,기타법인,151111-0013501,303-81-23411,충청북도 충주시 칠금동 849,없음,,여객 자동차 터미널 운영업,1999-07-01,12월
츠네이시 홀딩스,"Tsuneish Holdings Co.,Ltd",츠네이시홀딩스, ,kambara katsusige,기타법인, ,K0253061,서울특별시 강남구 청담동 41 삼성증권 강남구청지점, ,,외항 화물 운송업,1942-04-30,03월
친선고속(주),CHINSUNBUS,친선고속, ,이종선,기타법인,151111-0000029,303-81-00010,충청북도 충주시 대림9길 11, ,,시외버스 운송업,1951-12-15,12월
침버스코코리아주식회사,"CHIMBUSCO KOREA CO.,LTD.",침버스코코리아, ,GUO JIANGUANG,기타법인,110111-3587065,220-87-40475,"서울특별시 강남구 테헤란로 328 (역삼동, 동우빌딩) 15층", ,,외항 화물 운송업,2007-01-01,12월
(주)카리스해운,"KHARIS SHIPPING CO., LTD.",카리스해운, ,안효성,기타법인,110111-2203117,106-81-98155,"서울특별시 영등포구 영신로 220 (영등포동8가, KnK디지털타워) 1106호", ,,내항 화물 운송업,2001-04-02,12월
카스해운 주식회사,KAS TANK CONTAINER SERVICES LTD.,카스해운, ,김정희,기타법인,110111-1025273,105-81-63425,서울특별시 마포구 동교로 107 (서교동) 홍익빌딩 4층,www.kastank.com,,"화물운송 중개, 대리 및 관련 서비스업",1994-04-04,12월
카파네트웍스 주식회사,"KAFFA NeworksCo.,Ltd",카파네트웍스, ,손삼호,기타법인,134411-0041531,126-86-22237,경기도 이천시 마장면 덕평로 965 (오천리), ,,냉장 및 냉동 창고업,2009-07-10,12월
(주)카훼리코리아나,carferry koreana,카훼리코리아나, ,황길연,기타법인,180111-0363315,602-81-21101,서울특별시 종로구 우정국로2길 21 1301호 (관철동), ,,내항 여객 운송업,2001-05-25,12월
칸서스로지스틱스피에프브이 주식회사,"Consus logistics PFV Co., Ltd",칸서스로지스틱스피에프브이, ,오원석,기타법인,110111-7732848,483-81-02070,"서울특별시 영등포구 국제금융로8길 31 10층(여의도동, SK증권빌딩)", ,,냉장 및 냉동 창고업,2020-12-29,12월
칼트로지스부산(주),"CALT Logis Co.,Ltd.-Busan",칼트로지스부산, ,김고현,기타법인,180111-0591023,606-86-03115,경상남도 창원시 진해구 신항4로 16-15 (용원동),www.calt.co.kr,,일반 창고업,2007-04-24,12월
칼트로지스앤에스케이유(주),"CALT Logis Co,.Ltd.&SKU",칼트로지스앤에스케이유, ,김고현,기타법인,194211-0242123,769-88-00086,"경상남도 창원시 진해구 신항9로 137 (남문동, 칼트로지스앤에스케이유(주))",www.calt.co.kr,,일반 창고업,2015-05-22,12월
주식회사 커넥트9,"CONNECT9 CO., LTD.",커넥트9, ,김정환,기타법인,110111-7659597,547-88-02107,"서울특별시 강남구 선릉로 703 11층(논현동, HS TOWER)", ,,늘찬 배달업,2020-10-22,12월
주식회사 컬리넥스트마일,KurlyNextmile Inc,컬리넥스트마일, ,송승환,기타법인,110111-7008033,793-86-01269,"서울특별시 송파구 송파대로 55 에이동 701호(장지동, 서울복합물류)", ,,택배업,2019-02-11,12월
케리항운(주),Kerry Freight (Korea) Inc.,케리항운, ,Stackman Mathias Heinz Julius Osward U,기타법인,110111-1212458,109-81-45055,서울특별시 영등포구 선유로 146 901호,www.kerrylogistics.com,,"화물운송 중개, 대리 및 관련 서비스업",1995-11-10,12월
케이.디.아이 주식회사,K.D.I Co.Ltd,케이.디.아이, ,김형실,기타법인,135011-0043146,134-81-32935,인천광역시 동구 송현동 1-11 대주중공업 302호, ,,일반 화물자동차 운송업,1996-08-21,12월
케이.제이시스템(주),KJSYSTEM,케이.제이시스템, ,김광기,기타법인,135811-0102053,124-86-18566,"경기도 수원시 영통구 덕영대로1556번길 16 비동605호(영통동, 디지털엠파이어빌딩)", ,,물류 터미널 운영업,2004-03-05,12월
(주) 케이더블유이코리아, Kintetsu World Express ( korea ). inc.,케이더블유이코리아, ,키노시타준,기타법인,110111-0816483,105-81-76726,"서울특별시 강서구 방화대로 303 (방화동, KWE빌딩)", ,,그 외 기타 운송관련 서비스업,1991-11-15,03월
(주)케이더블유인터내셔널,"KWINTERNATIONAL CO., LTD.",케이더블유인터내셔널, ,이송희,기타법인,110111-2827008,105-86-57476,서울특별시 마포구 월드컵북로 22 (동교동), ,,"화물운송 중개, 대리 및 관련 서비스업",2003-08-04,12월
(주)케이드라이브,K-DRIVE CORP.,케이드라이브, ,김홍섭,기타법인,110111-7944112,280-86-02379,서울특별시 영등포구 국회대로 632 (영등포동7가)유윈시티 12층, ,,육상 운송지원 서비스업,2021-07-02,12월
(주)케이디마린,KD MARINE,케이디마린, ,조재성,기타법인,120111-0412693,121-81-81013,인천광역시 중구 신흥동3가 7-223 풍천빌딩 501호, ,,기타 해상 운송업,2006-09-12,12월
케이디탱크터미널 주식회사,"KD TANKTERMINAL CO.,LTD",케이디탱크터미널, ,장선우,기타법인,230111-0299163,712-86-01348,울산광역시 울주군 온산읍 산암로 213 (산암리), ,,위험물품 보관업,2018-09-04,12월
(주)케이라인마리타임코리아,"""K""LINE (KOREA) LTD.",케이라인마리타임코리아, ,김명호,기타법인,110111-0691116,116-81-44641,서울특별시 종로구 내수동 대우빌딩 1층,www.kline.co.kr,,그 외 기타 운송관련 서비스업,1990-04-02,12월
(주)케이바스,"K BATH Co.,Ltd",케이바스, ,김종관,기타법인,110111-0798699,109-81-38608,서울특별시 강서구 강서로54길 54 (등촌동), ,,항공 운송업,1991-08-19,12월
주식회사 케이비씨아이,"KBCI Co., Ltd.",케이비씨아이, ,배해봉,기타법인,110111-5301421,105-87-97039,"서울특별시 마포구 마포대로 92 (도화동, 효성해링턴스퀘어) A동 4층", ,,보관 및 창고업,2013-12-27,12월
주식회사 케이산업티앤씨 (T&C),"K Industrial T&C Co., Ltd.",케이산업티앤씨(T&C), ,이동원,기타법인,134811-0512435,336-88-01468,경기도 화성시 수노을2로 11 (새솔동) 501호, ,,"화물운송 중개, 대리 및 관련 서비스업",2019-09-09,12월
케이씨에스엘(주),KCSL,케이씨에스엘, ,김관남,기타법인,180111-0533223,602-81-37490,"부산광역시 중구 중앙대로 102 1207호(중앙동4가, 팬오션(주)부산빌딩)", ,,일반 창고업,2005-10-11,12월
(주)케이씨에이글로벌,KCAGLOBAL,케이씨에이글로벌, ,조은미,기타법인,110111-3054543,120-86-70236,"서울특별시 구로구 디지털로34길 43 1104,1105 (구로동, 코오롱싸이언스밸리1차)", ,,기타 운송관련 서비스업,2004-07-22,03월
케이씨에이치해운(주),"kchshipping co., ltd.",케이씨에이치해운, ,석종훈,기타법인,110111-4088765,120-87-39469,"서울특별시 성동구 연무장13길 9 832호(성수동2가, 아이템플)",www.kchglobal.com,,외항 화물 운송업,2009-04-30,12월
주식회사 케이씨인터내셔널코리아,"KC International Korea Co., Ltd.",케이씨인터내셔널코리아, ,김영선,기타법인,110111-4030724,105-87-27630,"서울특별시 강서구 마곡중앙4로 22 (마곡동, 파인스퀘어)에이동1002, 1003, 1004, 1005호",www.korchina.com,,"화물운송 중개, 대리 및 관련 서비스업",2009-01-19,12월
(주)케이씨티시,KCTC,케이씨티시,009070,류주환,유가증권시장,110111-0149446,201-81-10323,서울특별시 중구 남대문로 63 한진빌딩,www.kctc.co.kr,,일반 화물자동차 운송업,1973-07-20,12월
케이알 주식회사,"KR CO.,LTD.",케이알, ,김종옥,기타법인,120111-0749731,837-87-00010,인천광역시 중구 신도시남로142번길 17 (운서동)운서프라자 503호, ,,기타 항공 운송지원 서비스업,2015-03-04,12월
주식회사 케이앤케이쉽핑,"K&K SHIPPING CO., LTD",케이앤케이쉽핑, ,곽충곤,기타법인,180111-1318525,166-88-01739,"부산광역시 해운대구 센텀중앙로 97 에이동 3003호(재송동, 센텀스카이비즈)", ,,외항 화물 운송업,2020-10-22,12월
주식회사 케이앤티로지스틱스,"K&T Logistics Co.,Ltd",케이앤티로지스틱스, ,엄중현,기타법인,134811-0437675,574-81-00970,경기도 화성시 양감면 은행나무로62번길 18-99 (요당리), ,,위험물품 보관업,2018-01-16,12월
케이에비에이션 주식회사,"K-Aviation Co., Ltd.",케이에비에이션, ,이대준,기타법인,110111-8140173,777-86-02529,"서울특별시 중구 서소문로 117 (서소문동, 대한항공빌딩)", ,,항공 여객 운송업,2021-12-23,12월
(주)케이에스로지스틱,KSLOGISTIC.COM,케이에스로지스틱, ,이광심,기타법인,134411-0048719,126-86-42698,경기도 이천시 마장면 덕평로661번길 53 (이평리), ,,일반 창고업,2016-03-28,12월
(주)케이에스마린,KS MARINE CORPORATION,케이에스마린, ,김문환,기타법인,110111-2717473,211-87-28894,서울특별시 강남구 신사동 536-8 우림빌딩, ,,외항 화물 운송업,2003-03-01,12월
(주)케이에스아이엠,Korea Ship Investment & Management,케이에스아이엠, ,조준형,기타법인,110111-2787070,101-81-94815,"부산광역시 해운대구 센텀중앙로 66 (우동, 센텀티타워) 1106호", ,,외항 화물 운송업,2003-05-30,12월
주식회사 케이에스에스마린,"KSS MARINE CO.,LTD",케이에스에스마린, ,이대성,기타법인,180111-1004869,495-88-00297,부산광역시 중구 중앙대로 146 (중앙동4가) 8층,www.kssmarine.com/,,"화물운송 중개, 대리 및 관련 서비스업",2016-01-01,12월
케이에스엠 주식회사,"KSM CO.,LTD.",케이에스엠, ,이문희,기타법인,230111-0119329,610-81-80663,"부산광역시 동구 중앙대로180번길 13 (초량동, 프레지던트오피스텔) 502호",www.koreasm.co.kr,,해상 운송업,2006-02-03,12월
주식회사 케이에이치로지스,"KH LOGIS CO., LTD.",케이에이치로지스, ,김시현,기타법인,110111-4410546,105-87-47674,서울특별시 마포구 월드컵북로6길 45 (연남동), ,,"화물운송 중개, 대리 및 관련 서비스업",2010-08-10,12월
케이엔로지스틱스,"KCTC & NYK LOGISTICS CO., LTD",케이엔로지스틱스, ,신완섭,기타법인,180111-0608612,617-81-68603,"경상남도 창원시 진해구 신항5로 15-41 (용원동, KN로지스틱스)", ,,일반 창고업,2007-10-12,12월
케이엘씨에스엠 (주),"KLC SM Co.,Ltd.",케이엘씨에스엠, ,권오길,기타법인,110111-0211683,601-81-26632,부산광역시 중구 충장대로5번길 22 해운빌딩 4층 (중앙동4가), ,,외항 화물 운송업,1977-04-01,12월
(주)케이엘에스,KOREA LOGISTICS SYSTEMS INC,케이엘에스, ,조남선,기타법인,180111-0092899,601-81-18656,부산광역시 중구 중앙동4가 무역회관빌딩13층,www.kls89.com,,그 외 기타 운송관련 서비스업,1989-10-23,12월
(주)케이엠세븐,KM Seven Corp.,케이엠세븐, ,최바다,기타법인,110111-7282596,575-88-01442,"서울특별시 은평구 증산로1길 7-18 (증산동, 신성)", ,,택시 운송업,2019-11-06,12월
(주)케이엠식스,KM SIX Corp.,케이엠식스, ,최바다,기타법인,110111-7237210,842-81-01775,"서울특별시 마포구 가양대로 131 (상암동, 원일교통(주))", ,,택시 운송업,2019-09-19,12월
(주)케이엠쓰리,KM Three Corp.,케이엠쓰리, ,최바다,기타법인,110111-7237294,802-81-01549,서울특별시 중랑구 겸재로 261 (망우동), ,,택시 운송업,2019-09-19,12월
케이엠씨블루웨일 주식회사,"KMC Blue whale Co.,Ltd",케이엠씨블루웨일, ,김종훈,기타법인,110111-9043417,177-86-03709,"서울특별시 강남구 테헤란로 623 9층 (삼성동, 삼성빌딩)", ,,외항 화물 운송업,2024-09-01,12월
케이엠씨해운(주),"KMC Line Co.,Ltd.",케이엠씨해운, ,김종훈,기타법인,204611-0000497,416-81-02371,"전라남도 광양시 중동로 63 (중동, 해운빌딩) 5층",www.kmclines.com,,내항 화물 운송업,1989-02-23,12월
(주)케이엠원,KM ONE Corp.,케이엠원, ,최바다,기타법인,110111-7195004,354-88-01525,서울특별시 강남구 광평로39길 84 (수서동), ,,택시 운송업,2019-08-06,12월
(주)케이엠투,KM Two Corp.,케이엠투, ,최바다,기타법인,110111-7194965,564-86-01583,"서울특별시 노원구 동일로237나길 18 (상계동, 신영산업운수)", ,,택시 운송업,2019-08-06,12월
케이엠티씨로지스틱스(주),"KMTC LOGISTICS CO., LTD.",케이엠티씨로지스틱스, ,노기룡,기타법인,110111-0826698,105-81-50707,"서울특별시 영등포구 국제금융로2길 36 (여의도동, 유화증권빌딩) 16층",www.kmtclogistics.com,,그 외 기타 운송관련 서비스업,1992-01-03,12월
케이엠티씨벌크 주식회사,"KMTC BULK CO.,LTD",케이엠티씨벌크, ,신용화,기타법인,110111-4451798,201-86-18053,서울특별시 중구 남대문로2가 한진빌딩 12층 1206호,www.kmtc.co.kr,,외항 화물 운송업,2010-10-15,12월
(주)케이엠파이브,KM Five Corp.,케이엠파이브, ,최바다,기타법인,110111-7236957,531-81-01439,서울특별시 마포구 가양대로 141 (상암동), ,,택시 운송업,2019-09-19,12월
주식회사 케이엠파크,KM Park Corp.,케이엠파크, ,안규진,기타법인,110111-3413880,214-87-86175,"경기도 성남시 분당구 판교역로 152 (백현동, 알파돔타워) 13층",https://km-park.com/,,주차장 운영업,2006-03-08,12월
(주)케이엠포,KM Four Corp.,케이엠포, ,최바다,기타법인,110111-7237236,520-86-01583,서울특별시 마포구 가양대로 143 (상암동), ,,택시 운송업,2019-09-19,12월
케이오 주식회사,"KO CO.,LTD.",케이오, ,전인배,기타법인,110111-5655505,330-86-00036,"서울특별시 강서구 마곡서로 101 (마곡동, 동익드미라벨복합빌딩) 826호", ,,기타 항공 운송지원 서비스업,2015-03-03,12월
케이오엘주식회사,"KOREA OFF-SHORE LOGISTICS CO., LTD.",케이오엘, ,황성기,기타법인,230111-0095058,610-81-65639,울산광역시 울주군 온산읍 당월리 9-2,korol.co.kr,,내항 화물 운송업,2003-04-16,12월
케이원해운 주식회사,"K1 Shipping Co., Ltd.",케이원해운, ,이동건,기타법인,110111-3192054,120-86-79687,서울특별시 강남구 삼성동 157-15 구암빌딩 7층,-,,외항 화물 운송업,2005-03-22,12월
주식회사 케이월드라인,"K-WORLDLINE CO., LTD.",케이월드라인, ,하영준,기타법인,110111-3747700,107-87-00414,서울특별시 영등포구 양산로 57-5 이노플렉스 903호 (양평동3가), ,,외항 화물 운송업,2007-09-03,12월
(주)케이제이티티,"KJTT CO., LTD.",케이제이티티, ,이관재 유영복,기타법인,110111-0951677,109-81-46582,"서울특별시 강서구 양천로 620 (등촌동, 등촌지와인아파트,비즈니스센터) 301호~321호", ,,"화물운송 중개, 대리 및 관련 서비스업",1993-07-01,12월
케이지(주),"KG Co.,Ltd",케이지, ,윤영돈,기타법인,204311-0022273,409-86-17740,"광주광역시 서구 무진대로 904 (광천동, 유스퀘어(광천터미널))3층 306호", ,,부정기 육상 여객 운송업,2010-11-08,12월
(주)케이지로지스,"KG Logis Co., Ltd",케이지로지스, ,장지휘,기타법인,110111-4765230,120-87-76237,경기도 성남시 분당구 대왕판교로 660 A동 601호 (삼평동),www.kglogis.co.kr,,택배업,2012-01-02,12월
케이지비택배주식회사,KGB LOGIS,케이지비택배, ,장지휘,기타법인,134211-0029169,126-81-37318,경기도 성남시 분당구 대왕판교로 660 유스페이스1 A동 6층 601호 (삼평동),www.kgbls.co.kr,,택배업,1999-04-15,12월
케이지스틸에스앤아이 주식회사,"KG STEEL S&I CO., LTD.",케이지스틸에스앤아이, ,이성봉,기타법인,120111-1289710,279-87-02658,인천광역시 서구 백범로 789 (가좌동), ,,"화물 포장, 검수 및 계량 서비스업",2023-02-16,12월
케이지엘(주),"KGL CO.,LTD.",케이지엘, ,"문병도, 김봉회",기타법인,110111-4388917,101-86-57455,"서울특별시 중구 마른내로 34 (초동, (주)케이티앤지을지로타워) 8층",www.kglnetwork.com,,"화물운송 중개, 대리 및 관련 서비스업",2010-07-08,12월
케이지지엔에스주식회사,"KG GNS CO.,LTD.",케이지지엔에스, ,권효근,기타법인,165011-0043819,311-81-46768,충청남도 당진시 송악읍 북부산업로 1228 (고대리) 케이지지엔에스주식회사, ,,수상 화물 취급업,2013-11-29,12월
케이카티로지스틱스(주),"KE-CATI LOGISTICS CO.,LTD",케이카티로지스틱스, ,이국동,기타법인,204611-0024273,416-81-54199,전라남도 광양시 도이동 775번지, ,,그 외 기타 운송관련 서비스업,2006-11-14,12월
케이탑,KTOP,케이탑, ,조형호,기타법인,134511-0329844,758-87-00610,경기도 용인시 처인구 금령로 64 (김량장동) 310호,www.korea-top.co.kr,,일반 창고업,2017-07-25,12월
케이투로직스(주),"K2 LOGICS. CO., LTD",케이투로직스, ,정훈채,기타법인,110111-4376516,101-86-56418,"서울특별시 종로구 새문안로3길 15 (당주동, 동원빌딩) 9층",www.k2logics.co.kr/,,"화물운송 중개, 대리 및 관련 서비스업",2010-06-24,12월
(주)케이티마린,KTMARINE,케이티마린, ,박옥열,기타법인,180111-0359009,602-81-20946,"부산광역시 해운대구 센텀북대로 60 (재송동, 센텀아이에스타워) 1801호", ,,"화물운송 중개, 대리 및 관련 서비스업",2001-05-01,12월
케이티에스해운 주식회사,"KTS SHIPPING CO.,LTD",케이티에스해운, ,조경국,기타법인,110111-3034660,105-86-68537,"서울특별시 마포구 삼개로 16 (도화동, 근신빌딩) 제2신관 5층 505호", ,,내항 화물 운송업,2004-06-24,12월
(주)케이피에스,"KPS Co.,Ltd",케이피에스, ,이규호,기타법인,230111-0122182,610-81-82074,울산광역시 남구 야음동 580-24 가곡빌딩 4층, ,,기타 내륙 수상 여객 및 화물 운송업,2006-05-10,12월
케이피엑스글로벌 주식회사,"KPX GLOBAL CO., LTD.",케이피엑스글로벌, ,양준영,기타법인,230111-0228831,610-86-30800,"울산광역시 남구 납도로 156 (매암동, KPX글로벌(주))", ,,보관 및 창고업,2014-10-08,12월
주식회사 케이피해운,"KP SHIPPING CO.,LTD.",케이피해운, ,홍정국,기타법인,110111-3558008,105-87-02565,서울특별시 중구 북창동 35 우성빌딩 602호, ,,해상 운송업,2006-11-09,12월
켄오스해운(주),"KENOS SHIPPING CO., LTD.",켄오스해운, ,문식,기타법인,230111-0081924,610-81-55539,울산광역시 남구 삼산동 1472-9 3층, ,,외항 화물 운송업,2001-12-20,03월
주식회사 코랍글로벌,"KORAB GLOBAL CO.,LTD",코랍글로벌, ,김기영,기타법인,110111-2874918,105-86-60229,"서울특별시 중구 무교로 20 (무교동, 어린이재단) 401호",www.korab.co.kr,,"화물운송 중개, 대리 및 관련 서비스업",2003-10-14,12월
(주)코레일개발,Korail Development,코레일개발, ,이가연,기타법인,110111-1346463,104-81-40512,서울특별시 용산구 한강로3가 40-(999) 철도회관 6층,www.korail-pabalma.com,,주차장 운영업,1996-11-27,12월
코레일로지스주식회사,"KORAILLOGIS CO.,LTD",코레일로지스, ,이규의,기타법인,135211-0013400,123-81-94853,"경기도 의왕시 오봉로 175 (이동, 의왕 ICD내 6군 군운영건물204,205)",www.koraillogis.com,,그 외 기타 분류 안된 운송 관련 서비스업,2003-12-31,12월
코레일엔지니어링(주),"KORAIL Engineering Co., Ltd.",코레일엔지니어링, ,이달호,기타법인,180111-0502864,605-81-69588,부산광역시 부산진구 당감2동 82-2 고속철도차량관리단 내,www.kr2.co.kr,,철도 운송지원 서비스업,2004-12-02,12월
주식회사 코로지스,"COLOGIS Co., Ltd.",코로지스, ,이병호,기타법인,194211-0045741,609-81-46189,"경상남도 창원시 의창구 차룡로48번길 49 (팔용동, 집배송센타)", ,,일반 창고업,2001-02-07,12월
코로코종합물류센타(주),Koroko Warehousing and storage Co.Ltd.,코로코종합물류센타, ,최광용,기타법인,134611-0067418,125-86-23664,경기도 안성시 삼죽면 삼죽로 83 (내강리), ,,냉장 및 냉동 창고업,2014-06-24,12월
(주) 코르웰,KORWELL CORPORATION,코르웰, ,김성태,기타법인,180111-0069294,601-81-19465,부산광역시 사하구 원양로 391 (감천동),www.korwell.co.kr,,그 외 기타 운송관련 서비스업,1986-10-17,12월
(주)코리아냉장,"Korea Cold Storage Co., LTD.",코리아냉장, ,공봉애,기타법인,134411-0021377,126-81-68539,경기도 이천시 호법면 유산리 769-4,www.k2k2.co.kr,,일반 창고업,2002-07-05,12월
코리아 머천트마린(주),korea merchant marine,코리아머천트마린, ,안규창,기타법인,110111-4268185,101-86-53594,서울특별시 종로구 신문로1가 광화문오피시아 827호, ,,기타 해상 운송업,2010-03-08,12월
(주)코리아브이익스프레스,KOREA V EXPRESS CORPORATION,코리아브이익스프레스, ,"우수옥, 이용선",기타법인,180111-0100105,601-81-19301,부산광역시 중구 중앙대로 94 (중앙동4가),www.kvec.kr,,"화물운송 중개, 대리 및 관련 서비스업",1990-05-19,12월
주식회사 코리아쉽메니져스,"KOREA SHIPMANAGERS CO.,LTD",코리아쉽메니져스, ,채영길,기타법인,180111-0162840,617-81-13336,"부산광역시 해운대구 센텀북대로 60 (재송동, 센텀아이에스타워) 1310호",www.ksmgrs.com/xe/,,기타 수상 운송지원 서비스업,1994-09-13,12월
코리아에너지터미널 주식회사,"Korea Energy terminal Co., Ltd.",코리아에너지터미널, ,박현규,기타법인,134111-0379079,138-81-91687,울산광역시 남구 황성동 882-1,www.ket.co.kr,,위험물품 보관업,2014-02-28,12월
코리아엘엔지트레이딩(주),"korea lng trading co.,ltd",코리아엘엔지트레이딩, ,김종진,기타법인,131111-0157014,129-81-93833,경기도 성남시 분당구 정자일로 248 파크뷰상가 1407호, ,,외항 화물 운송업,2006-01-26,12월
(주)코리아인터링크,KOREA INTERLINK INC.,코리아인터링크, ,안병현,기타법인,110111-2026840,107-81-87909,"서울특별시 영등포구 영신로 220 (영등포동8가, KnK디지털타워) 1607", ,,그 외 기타 운송관련 서비스업,2000-07-14,12월
코리아후드써비스(주),Korea Food Service.co,코리아후드써비스, ,그레고리닉켈,기타법인,164811-0012059,312-81-28652,충청남도 아산시 영인면 영인로202번길 49, ,,일반 창고업,1998-01-01,12월
코리아후레쉬시스템주식회사,KOREA FRESH SYSTEM INC.,코리아후레쉬시스템, ,조철희,기타법인,134511-0065034,135-81-57977,경기도 평택시 포승면 만호리 612번지, ,,냉장 및 냉동 창고업,2002-10-11,12월
주식회사 코마스,KOMAS CORPORATION,코마스, ,강영,기타법인,230111-0146231,620-81-31664,울산광역시 동구 방어진순환도로 400, ,,기타 해상 운송업,2008-07-15,12월
코세로지스틱스(주),"KOSE LOGISTICS CO., LTD",코세로지스틱스, ,"정태호, 송영빈",기타법인,110111-1388093,211-86-21012,"서울특별시 강남구 신사동598-3 원방프라자빌딩 2,3층",cargotoday.co.kr,,일반 화물자동차 운송업,1997-03-12,12월
코센코물류주식회사,"KO-SENKO LOGISTICS CO.,LTD",코센코물류, ,이국동,기타법인,194211-0207961,609-86-09990,경상남도 창원시 진해구 신항8로 203 (남문동),www.kplg.co.kr,,보관 및 창고업,2012-12-12,12월
코스모스쉽핑주식회사,"COSMOS SHIPPING CO., LTD.",코스모스쉽핑, ,신해진,기타법인,180111-0045591,601-81-23009,부산광역시 중구 중앙동4가 36-15, ,,외항 화물 운송업,1982-09-06,12월
코스모항운(주),COSMO AIRFREIGHT CONSOLIDATORS LTD.,코스모항운, ,여경규,기타법인,110111-0069868,105-81-37252,서울특별시 마포구 도화동 진도빌딩 5층,www.cosmoair.com,,그 외 기타 운송관련 서비스업,1966-08-01,12월
코스코쉬핑라인스한국주식회사,"COSCO SHIPPING LINES KOREA CO.,LTD",코스코쉬핑라인스한국, ,LIU GUANG HUI,기타법인,110111-0747266,104-81-29443,"서울특별시 강남구 테헤란로 328 (역삼동, 동우빌딩)",없슴,,그 외 기타 운송관련 서비스업,1991-01-31,12월
코스코쉬핑한국주식회사,COSCO SHIPPING KOREA CO.Ltd,코스코쉬핑한국, ,윤위우,기타법인,110111-1171505,104-81-37638,"서울특별시 강남구 테헤란로 328 (역삼동, 동우빌딩 15층)", ,,외항 화물 운송업,1995-09-01,12월
코스타라인 주식회사,"KOSTAR LINE CO., LTD.",코스타라인, ,강정현,기타법인,120111-0805111,838-86-00336,인천광역시 남구 인중로 22 501호 (숭의동), ,,내항 화물 운송업,2017-02-25,12월
주식회사코어로지스,corerogis,코어로지스, ,김영숙,기타법인,134611-0049870,125-81-93199,경기도 이천시 대장로 144-5 (대포동), ,,일반 창고업,2011-01-10,12월
(주)코업로지스,Coopbook Logistics,코업로지스, ,조석현,기타법인,284911-0055812,141-81-04418,경기도 연천군 미산면 청정로755번길 53 (광동리), ,,창고 및 운송관련 서비스업,2005-11-05,12월
주식회사 코업로지스틱스,"CO-UP LOGISTICS.,LTD.",코업로지스틱스, ,신동섭,기타법인,134511-0107927,142-81-04293,경기도 화성시 동탄물류로 48 (신동), ,,"화물운송 중개, 대리 및 관련 서비스업",2006-12-01,12월
(주)코트랜스,kotrans,코트랜스, ,설진태,기타법인,110111-2355489,206-81-64203,서울특별시 동대문구 청량리1동 286-1, ,,일반 화물자동차 운송업,2001-10-18,12월
코펜마린 주식회사,"KOPEN MARINE CO., LTD.",코펜마린, ,김국진,기타법인,110111-4200583,101-86-50694,"서울특별시 종로구 새문안로 92 (신문로1가, 광화문오피시아) 1117호", ,,외항 화물 운송업,2009-11-04,12월
주식회사 콜로세움코퍼레이션,"Colosseum Corporation, Inc.",콜로세움코퍼레이션, ,박진수,기타법인,110111-7113543,507-86-01649,"서울특별시 강남구 역삼로 415 (대치동, 성진빌딩) 3층",colosseum.kr/,,일반 창고업,2019-05-22,12월
쿠팡로지스틱스서비스 유한회사,Coupang Logistics Service Ltd.,쿠팡로지스틱스서비스, ,이선승,기타법인,110114-0223666,254-88-01036,서울특별시 송파구 송이로 136 2층(가락동), ,,육상운송 및 파이프라인 운송업,2018-05-23,12월
쿠팡풀필먼트서비스 유한회사,Coupang Fulfillment Services Ltd.,쿠팡풀필먼트서비스, ,Joseph Nathan Nortman,기타법인,110114-0193520,837-87-00664,서울특별시 송파구 송파대로 570 (신천동) 8층,https://coupangfs.modoo.at/,,창고 및 운송관련 서비스업,2016-11-28,12월
주식회사 쿨스,"KOREA UNITED LOGISTICS SERVICE CO., LTD.",쿨스, ,김효열,기타법인,180111-0283240,604-81-40104,부산광역시 강서구 녹산산단 232로 16번지 (송정동),www.kuls.co.kr,,일반 창고업,1999-04-06,12월
쿨스엔씨주식회사,"KULS NC CO.,LTD",쿨스엔씨, ,김효열,기타법인,180111-0656942,617-81-75327,경상남도 창원시 진해구 신항5로 15-58 (용원동),www.npil.co.kr,,보관 및 창고업,2010-05-01,12월
주식회사 쿱로지스틱스,COOPLOGISTICS,쿱로지스틱스, ,오미예,기타법인,154411-0027975,643-86-00515,"충청북도 괴산군 괴산읍 자연식품2길 51 (능촌리, 괴산아이쿱상온창고)", ,,보관 및 창고업,2016-10-01,12월
퀴네앤드나겔주식회사,KUEHNE+NAGEL LTD.,퀴네앤드나겔, ,정재원,기타법인,110111-1277676,105-81-79306,서울특별시 마포구 마포대로4다길 41 마포타워빌딩 9층,www.kn-portal.com,,그 외 기타 운송관련 서비스업,1996-05-31,12월
(주)퀵서비스,quicksvc,퀵서비스, ,임항신,기타법인,110111-1306491,203-81-23066,"서울특별시 성동구 광나루로6길 35 (성수동2가, 성수동우림이비즈센터)", ,,늘찬 배달업,1997-01-01,12월
큐브인더스트리얼 주식회사,"Qube Industrial Co., Ltd.",큐브인더스트리얼, ,임재임스태근,기타법인,124411-0108333,137-86-06805,경기도 김포시 고촌읍 아라육로57번길 108 (전호리) 3층,www.qubeindustrial.com,,일반 창고업,2010-12-20,12월
(주)크랙스,CREX,크랙스, ,이장흠,기타법인,154511-0039994,303-81-52518,충청북도 음성군 대소면 대소산단로 20 (대풍리), ,,창고 및 운송관련 서비스업,2008-10-01,12월
(주)크레송유통,CRESSON,크레송유통, ,신봉기,기타법인,110111-2679011,119-81-61770,경기도 용인시 기흥구 기흥단지로121번길 24 (고매동), ,,일반 창고업,2013-01-01,12월
(주)크로텍,"Korea Logistics Technology Co., Ltd.",크로텍, ,김종호,기타법인,135111-0051783,123-81-55020,경기도 군포시 부곡동 451번지, ,,그 외 기타 운송관련 서비스업,2000-02-25,12월
주식회사 클러스터물류,Cluster Logistics,클러스터물류, ,오명호,기타법인,214911-0065724,747-86-02265,전라북도 익산시 왕궁면 궁성로 400-3 전라북도 익산시 왕궁면 발산리 1-2, ,,보관 및 창고업,2022-01-01,12월
주식회사클러스터플러스물류,Cluster Plus Logistics,클러스터플러스물류, ,오명호,기타법인,210111-0179830,276-86-02614,전라북도 전주시 덕진구 반월로 11 (반월동), ,,일반 창고업,2022-05-26,12월
주식회사 클레버해운항공,CLEVER SEA AND AIR CO LTD,클레버해운항공, ,황도근,기타법인,110111-4472653,110-81-92771,"서울특별시 마포구 월드컵북로8길 34 (연남동), 2층","96, jandari-ro, mapo-gu, seoul, 4f",,"화물운송 중개, 대리 및 관련 서비스업",2010-11-17,12월
(주)키멕스항공해운,"KIMEX AIR & SEA CO., LTD.",키멕스항공해운, ,김양수,기타법인,110111-1844152,109-81-61190,"서울특별시 강서구 화곡로 416 1013-1018호 (등촌동, 가양역더스카이밸리5차지식산업센터)",www.kimexairsea.com,,"화물운송 중개, 대리 및 관련 서비스업",2000-01-06,12월
키스코해운(주),"kysco shipping  co.,ltd",키스코해운, ,강요왕,기타법인,180111-0242527,601-81-32395,서울특별시 종로구 내수동1 대성빌딩710호, ,,외항 화물 운송업,1997-10-08,12월
(주)킴스솔루션,kimssolution.co.ltd,킴스솔루션, ,김종대,기타법인,134111-0082565,123-81-65509,서울특별시 강서구 오쇠동 7-10,kimssolution.co.kr,,그 외 기타 분류 안된 운송 관련 서비스업,2001-03-21,12월
주식회사킹스마린,"KINGS MARINE Co., LTD",킹스마린, ,김정률,기타법인,230111-0074391,610-81-49468,"부산광역시 중구 해관로 89 905호(대창동1가,부산중앙빌딩)", ,,내항 화물 운송업,2001-04-04,12월
킹스오션쉬핑 주식회사,"KINGS OCEAN SHIPPING CO., LTD.",킹스오션쉬핑, ,최동선,기타법인,110111-3711672,101-86-33017,서울특별시 종로구 신문로1가 에스타워 20층, ,,외항 화물 운송업,2007-07-07,12월
킹스웨이해운(주),"KINGS WAY SHIPPING CO., LTD.",킹스웨이해운, ,윤영기,기타법인,110111-1613870,101-81-46588,서울특별시 종로구 신문로1가고려빌딩 1012호, ,,외항 화물 운송업,1998-12-07,03월
타이거넷(주),"TIGERNET CO,.LTD.",타이거넷, ,정몽용,기타법인,110111-0395817,214-81-24288,서울특별시 중구 충무로3가 극동빌딩,HTTP://WWW.TIGERNET.CO.KR,,일반 화물자동차 운송업,1985-03-27,12월
주식회사 타이쿤쉽핑,"TAIKUN SHIPPING CO., LTD",타이쿤쉽핑, ,"곽태곤, 이일수",기타법인,180111-1047976,570-87-00500,"부산광역시 해운대구 센텀중앙로 97 에이동 3001호 (재송동, 센텀스카이비즈)", ,,기타 수상 운송지원 서비스업,2016-08-04,12월
타임로지스,TIMELOGIS,타임로지스, ,김성진,기타법인,136011-0086575,545-87-03078,경기도 오산시 남부대로 446 (고현동) 278호, ,,"화물 포장, 검수 및 계량 서비스업",2024-07-02,12월
태경탱커주식회사,"TAE KYUNG TANKER CO.,LTD",태경탱커, ,김태헌,기타법인,180111-0745159,605-86-04713,"부산광역시 중구 대교로 119 (중앙동6가, 씨제이대한통운빌딩) 15층 태경탱커 (주)",www.tktc.co.kr,,기타 내륙 수상 여객 및 화물 운송업,2011-02-11,12월
주식회사 태남토파스,"TAENAMTOPAS CO.,LTD",태남토파스, ,"강민옥, 조부래",기타법인,180111-0572429,602-81-40767,부산광역시 강서구 화전산단5로14번길 25(화전동), ,,그 외 기타 운송관련 서비스업,2006-11-03,12월
태릉교통(주),"taereung transportation co., ltd",태릉교통, ,조희준,기타법인,110111-0067218,217-81-00553,서울특별시 노원구 화랑로55길 7 (공릉동), ,,육상운송 및 파이프라인 운송업,1966-05-25,12월
주식회사 태성해운,TAESUNG MARINE TRANSPORT,태성해운, ,배성진,기타법인,175811-0002271,506-81-85393,경상북도 울릉군 울릉읍 울릉순환로 165 주식회사 태성해운(저동리),www.tssc.co.kr,,내항 여객 운송업,2012-07-23,12월
태양여객 주식회사,TEAYNG BUS,태양여객, ,주상준,기타법인,120111-0181842,122-81-56424,인천광역시 부평구 송내대로373번길 54 (삼산동) 태양여객(주), ,,시내버스 운송업,1999-01-01,12월
태영GLS(주),"TAEYOUNG GLS CO., LTD",태영GLS, ,변대수,기타법인,230111-0155406,610-81-98241,울산광역시 울주군 온산읍 산암로 381, ,,기타 보관 및 창고업,2009-06-12,12월
(주)태영그레인터미널,"Taeyoung Grain Terminal Co., Ltd.",태영그레인터미널, ,여태현,기타법인,134111-0136304,138-81-31490,경기도 평택시 포승읍 평택항안로 55 (신영리),taeyoung.co.kr/,,수상 화물 취급업,2005-12-19,12월
주식회사 태영버스,"Taeyoung Bus, Inc.",태영버스, ,선현득,기타법인,180111-0029149,622-81-01716,부산광역시 사상구 백양대로 480 태영버스 2층,sh.baek@tygr.co.kr,,시내버스 운송업,1978-02-24,12월
태영상선(주),"Taiyoung Shipping Co., Ltd.",태영상선, ,박영안,기타법인,110111-0098255,104-81-15648,"서울특별시 중구 남대문로 63 (소공동, 한진빌딩) 본관 505호",www.taiyoungship.co.kr,,외항 화물 운송업,1955-04-02,12월
(주)태영윈,TaeYoungWin,태영윈, ,조진연,기타법인,150111-0062939,301-81-60098,충청북도 청주시 서원구 현도면 청남로 805 3층, ,,육상운송 및 파이프라인 운송업,2002-03-29,12월
(주)태영종합물류,Taeyoung Global Logistics,태영종합물류, ,이규홍,기타법인,110111-1450165,211-86-23965,서울특별시 성동구 성수동2가 279-25,www.tylogis.co.kr,,일반 창고업,1997-08-11,12월
태웅글로벌(주),"twglb.,corp",태웅글로벌, ,염기운,기타법인,204611-0036012,416-81-80116,전라남도 광양시 항만2로 115 (황길동),www.twglb.com,,기타 보관 및 창고업,2011-10-05,12월
주식회사 태웅로직스,"Taewoong Logistics Co., Ltd.",태웅로직스,124560,Han Jae dong and Cho Yong jun (individual representative directors),코스닥시장,110111-1234543,202-81-53193,"서울특별시 서초구 서초대로42길 95 5층(서초동, 태웅빌딩)",www.e-tgl.com,,그 외 기타 운송관련 서비스업,1996-01-20,12월
주식회사 태웅물류센터,"TAEWOONG LOGISTICS CENTER CO. ,LTD.",태웅물류센터, ,구완모,기타법인,180111-1355791,259-86-02185,"경상남도 창원시 진해구 신항7로 32 (남문동, (주)태웅물류센터)", ,,보관 및 창고업,2021-04-14,12월
주식회사 태원여객,taewon,태원여객, ,이한철,기타법인,201111-0000028,411-81-00233,전라남도 목포시 영산로 600 (석현동), ,,시내버스 운송업,1966-05-16,12월
(주)태은,telos.co.ltd,태은, ,구은정,기타법인,131211-0038303,126-86-76280,경기도 이천시 호법면 이섭대천로 38-2 (매곡리), ,,일반 창고업,2014-04-16,12월
주식회사 태은물류,telogis,태은물류, ,구은정,기타법인,131211-0022158,126-81-94736,경기도 여주군 가남면 본두리 698-3,www.telogis.co.kr/,,보관 및 창고업,2008-01-01,12월
태진여객(주),Taejin bus transportation INC,태진여객, ,김진형,기타법인,180111-0036178,606-81-57289,"부산광역시 북구 시랑로185번길 66 (구포동, 태진여객)", ,,시내버스 운송업,1980-04-20,12월
태진운수 주식회사,"Taejintrans.Co.,Ltd.",태진운수, ,정진섭,기타법인,110111-0121212,218-81-08922,"서울특별시 성동구 둘레15길 8 (성수동2가, 태진운수(주))",taejintrans.co.kr,,시내버스 운송업,1971-09-24,12월
(주)태진해운,"TAEJIN SHIPPING Co., Ltd.",태진해운, ,"박영환, 구자영",기타법인,120111-0019556,121-81-26460,인천광역시 중구 축항대로166번길 34 (항동7가), ,,내항 화물 운송업,1985-07-23,12월
태창운수(주),TAECHANG ,태창운수, ,김종헌,기타법인,141211-0000095,224-81-00060,"강원도 원주시 서원대로 410 (단구동, 한솔프라자) 5층  태창운수(주)", ,,시내버스 운송업,1958-02-15,12월
주식회사 태크마린,"TECHMARINE CO., LTD",태크마린, ,조경훈,기타법인,110111-0315823,104-81-37055,서울특별시 중구 남대문로5가 120 단암빌딩 2201,www.techmarine.co.kr,,외항 화물 운송업,1982-03-26,12월
태한글로벌로지스틱스 주식회사,"TAEHAN GLOBAL LOGISTICS CO., LTD.",태한글로벌로지스틱스, ,김석규,기타법인,110111-3595498,105-87-05280,"서울특별시 강서구 양천로 620 (등촌동, 등촌지와인아파트,비즈니스센터) 1101-1102호", ,,"화물운송 중개, 대리 및 관련 서비스업",2007-02-01,12월
(주)태화로직스,Taehwa Logics Corporation,태화로직스, ,전철진,기타법인,230111-0132800,620-81-27947,"울산광역시 북구 매곡산업로 15 (매곡동, (주)태화로직스)", ,,항공 및 육상 화물 취급업,2007-05-09,12월
태화상운(주),TAEHWASANGWUN.Co.Ltd,태화상운, ,이태환,기타법인,130111-0003581,121-81-05349,인천광역시 중구 신흥동3가 35-10, ,,시외버스 운송업,1969-05-31,12월
태화엘앤씨(주),taehwa international transport inc.,태화엘앤씨, ,임경훈,기타법인,110111-0574213,105-81-36966,"서울특별시 영등포구 당산로 77 (당산동2가, 태창빌딩)",www.taf.co.kr,,그 외 기타 운송관련 서비스업,1988-12-28,12월
주식회사 테트리스스퀘어,"TETRIS SQUARE Co.,Ltd.",테트리스스퀘어, ,"이재혁, 이건용",기타법인,280211-0218533,758-81-02014,경기도 양주시 백석읍 양주산성로 763-31 (가업리), ,,일반 창고업,2020-11-20,12월
토탈다큐서비스(주),"TOTAL DOCUMENT SERVICE CO., LTD.",토탈다큐서비스, ,김대봉,기타법인,180111-1416105,296-86-02603,"부산광역시 중구 중앙대로 102 (중앙동4가, STX)", ,,"화물운송 중개, 대리 및 관련 서비스업",2022-01-12,12월
토탈마린앤드마케팅서비스(주),"TOTAL MARINE AND MARKETING SERVICE CO.,LTD.",토탈마린앤드마케팅서비스, ,홍인호,기타법인,180111-1258523,317-88-01341,"부산광역시 중구 중앙대로 88 (중앙동4가, 은산베이빌딩)", ,,"화물운송 중개, 대리 및 관련 서비스업",2019-12-20,12월
토탈하버서비스(주),"TOTAL HARBOR SERVICE CO.,LTD",토탈하버서비스, ,김정훈,기타법인,180111-0705715,602-81-51420,"부산광역시 중구 중앙대로 102 (중앙동4가, STX) 1002호", ,,기타 해상 운송업,2010-03-01,12월
톨글로벌로지스틱스코리아 주식회사,TOLL GLOBAL LOGISTICS (KOREA) LTD.,톨글로벌로지스틱스코리아, ,조나단코테고다브레덴,기타법인,110111-2883985,120-86-59041,"서울특별시 중구 무교로 28 (무교동, 시그너스빌딩) 801호", ,,일반 창고업,2003-12-01,03월
주식회사 통다글로벌로지스틱스,"TONDA GLOBAL LOGISTICS CO.,LTD.",통다글로벌로지스틱스, ,ZHOU CHENGGUANG,기타법인,120111-1283605,219-87-03112,인천광역시 중구 축항대로296번길 172 (신흥동3가) 신대륙물류 204-에이호, ,,"화물운송 중개, 대리 및 관련 서비스업",2023-01-25,12월
통영예선(주),"TONGYEONG TUG CO.,LTD.",통영예선, ,김경호,기타법인,110111-2286353,117-81-34151,"서울특별시 서초구 서초중앙로24길 27 (서초동, G5센트럴프라자)", ,,기타 수상 운송지원 서비스업,2001-07-13,12월
주식회사통영종합버스터미널,Tong yeong synthesis Bus terminal,통영종합버스터미널, ,김영준,기타법인,191211-0000409,612-81-01058,경상남도 통영시 무전동 986, ,,여객 자동차 터미널 운영업,1981-02-03,12월
통인안전보관(주),tongin safe warehouse.co.ltd,통인안전보관, ,김완규,기타법인,115611-0008019,128-81-13480,"경기도 파주시 조리읍 황새말2길 39 (오산리, (주)통인안전보관)",tonginwarehouse.com,,일반 창고업,1993-03-01,12월
주식회사 투게더,"TOGETHER CO.,LTD",투게더, ,이기열,기타법인,230111-0059210,610-81-37230,울산광역시 남구 신화로 101 (야음동), ,,일반 화물자동차 운송업,1999-09-01,12월
주식회사 트라보해운,"TRABO SHIPPING CO.,LTD",트라보해운, ,조재성,기타법인,200111-0167283,410-81-77141,전라남도 나주시 송월동 1099-7 대평빌딩 601호,-,,내항 화물 운송업,2002-12-10,12월
(주)트라이베스트,try best,트라이베스트, ,최동진,기타법인,110111-3029231,214-87-54993,경기도 광주시 곤지암읍 신만로 24 (신촌리), ,,일반 창고업,2004-06-14,12월
트랙스로지스코리아(주),"TracX Logis Korea Co., Ltd.",트랙스로지스코리아, ,"김양훈, 노현석",기타법인,110111-4173607,109-86-19926,"서울특별시 강서구 강서로 463 (마곡동, 새싹타워) 7층", ,,"화물운송 중개, 대리 및 관련 서비스업",2009-10-01,12월
(주)트랜스마린,"Trans Marine Co., Ltd.",트랜스마린, ,김동하,기타법인,180111-0070241,604-81-08569,부산광역시 동구 초량동 1212-11번지 해덕빌딩 701호, ,,외항 화물 운송업,1986-12-26,12월
트랜스브릿지라인 주식회사,"TRANS BRIDGE LINE CO.,LTD",트랜스브릿지라인, ,이영헌,기타법인,110111-3273862,101-86-16681,"서울특별시 종로구 종로1길 42 (수송동, 이마빌딩) 1305호", ,,"화물운송 중개, 대리 및 관련 서비스업",2005-07-26,12월
주식회사 트랜스올,Transall co,트랜스올, ,"민경조, 민경규",기타법인,110111-3490929,220-87-32790,"서울특별시 영등포구 당산로41길 11 1902호 (당산동4가, 당산SKV1center)",www.transall.co.kr/,,"화물운송 중개, 대리 및 관련 서비스업",2006-07-07,12월
트랜스컨테이너아시아퍼시픽엘티디 유한회사,TransContainer Asia Pacific Ltd,트랜스컨테이너아시아퍼시픽엘티디, ,ASTAFEV ALEXEY,기타법인,110114-0093316,101-86-57703,"서울특별시 중구 무교로 21 (무교동, 더익스체인지서울) 15층", ,,"화물운송 중개, 대리 및 관련 서비스업",2010-08-05,12월
트랜스켐해운주식회사,"TRANSCHEM SHIPPING CO., LTD.",트랜스켐해운, ,김용진,기타법인,230111-0094927,610-81-65599,서울특별시 중구 장교동 장교빌딩 1703-1호 트랜스켐해운(주), ,,해상 운송업,2003-04-08,03월
(주)트랜스포트메가라인,"TRANSPORT MEGALINE CO, LTD",트랜스포트메가라인, ,최병준,기타법인,110111-3886699,119-86-07131,서울특별시 금천구 가산동 IT캐슬, ,,해상 운송업,2008-04-24,12월
(주) 트랜스포트코리아,"TRANSPORT KOREA CO., LTD.",트랜스포트코리아, ,오승환,기타법인,180111-0818584,602-81-58966,"부산광역시 중구 중앙대로 63 (중앙동3가, 부산우체국) 8층","transport korea co.,ltd.",,통관 대리 및 관련서비스업,2012-07-18,12월
트레이드 메리타임 에스에이,Trade Maritime S.A.,트레이드메리타임에스에이, ,Massaki Kanayama,기타법인, ,13369,서울특별시 영등포구 여의도동 45-1 미래에셋빌딩 10층 국민은행 수탁업무팀, ,,외항 화물 운송업,1992-01-13,01월
트렌스월드로지스틱주식회사,"TRANS WORLD LOGISTICS, INC.",트렌스월드로지스틱, ,김홍일,기타법인,110111-0986898,105-81-61183,서울특별시 강남구 도곡동 453-16 아성빌딩 4층, ,,외항 화물 운송업,1993-11-18,12월
(주)트루웰,truwell,트루웰, ,이승주,기타법인,134211-0093536,126-86-11220,경기도 광주시 곤지암읍 경충대로 135-26 (신촌리),www.truwell.co.kr,,일반 화물자동차 운송업,2008-04-01,12월
(주)트리토네마린,TRITONE MARINE INC.,트리토네마린, ,서인준,기타법인,194911-0007581,612-81-11920,강원도 속초시 대포동 178-9,http://www.tritonemarine.com,,항만 내 여객 운송업,2000-09-07,12월
주식회사 트리플크라운인터내셔날,"Triple Crown International Co., Ltd.",트리플크라운인터내셔날, ,박천길,기타법인,110111-7541447,655-86-01900,서울특별시 강서구 공항대로 248 (마곡동) 3층 307호~311호, ,,"화물운송 중개, 대리 및 관련 서비스업",2020-07-27,12월
주식회사 티디아이씨,TDIC.CO.LTD,티디아이씨, ,김래용,기타법인,135511-0335741,131-88-01354,"인천광역시 연수구 송도미래로 30 (송도동, 송도BRC스마트밸리지식산업센터) 에이동 1406호", ,,창고 및 운송관련 서비스업,2018-12-12,12월
(주)티씨티마리타임,"TCT MARITIME CO.,LTD",티씨티마리타임, ,김태수  이창섭,기타법인,110111-1359408,104-81-40846,"서울특별시 영등포구 63로 32 13층(여의도동, 라이프콤비빌딩)", ,,외항 화물 운송업,1997-01-06,12월
티앤씨애그로유한회사,T&C AGRO LLC,티앤씨애그로, ,정영우,기타법인,230114-0002122,610-81-88608,서울특별시 영등포구 여의도동 10-2 태영빌딩 10층, ,,농산물 창고업,2007-08-21,12월
(주)티에스물류,"TS logistics.Co.,LTD",티에스물류, ,박종희,기타법인,171211-0068146,505-81-68649,경상북도 경주시 강동면 천강로 694 (왕신리), ,,일반 화물자동차 운송업,2012-05-04,12월
주식회사 티에스엘전북부안,"TSLJBBA. Co.,Ltd",티에스엘전북부안, ,김효근,기타법인,110111-8244272,490-88-02077,"경기도 안양시 동안구 시민대로 260 (관양동, 안양금융센터A.F.C) 1206호", ,,냉장 및 냉동 창고업,2022-03-25,12월
주식회사 티엔에스오션토잉,"TNS OCEANTOWING CO.,LTD.",티엔에스오션토잉, ,윤주동,기타법인,180111-1443504,383-88-02181,부산광역시 동구 중앙대로 289 (초량동) 3층 301-1호,www.towing.co.kr/ko/,,기타 해상 운송업,2022-06-13,12월
(주)티엔티익스프레스,TNT Express Korea Corporation,티엔티익스프레스, ,김종철,기타법인,110111-0510944,109-81-20428,서울특별시 강서구 공항동 687-8 TNT 빌딩,www.tnt.com/express/ko_kr/site/home.html,,항공 운송업,1986-12-01,12월
티엘주식회사,TL CO.LTD,티엘, ,안양훈,기타법인,134111-0436176,153-86-00399,"경기도 군포시 번영로 82 (부곡동, 한국복합물류(주)), 엠동", ,,그 외 기타 운송관련 서비스업,2016-03-24,12월
티엠쉬핑 주식회사,"TM SHIPPING CO., LTD",티엠쉬핑, ,신민식,기타법인,110111-5588029,107-88-40219,"서울특별시 영등포구 양평로21길 26 1709 (양평동5가, 선유도역1차아이에스비즈타워)", ,,외항 화물 운송업,2015-02-02,12월
주식회사 티오티,"TOT CO., LTD.",티오티, ,상희규,기타법인,135711-0114886,340-88-00624,"경기도 성남시 분당구 판교역로 231 에스동 204호(삼평동, 에이치스퀘어)", ,,그 외 기타 운송관련 서비스업,2016-08-26,12월
(주)티웨이에어서비스,"Tway Air Service Co., Ltd",티웨이에어서비스, ,박성섭,기타법인,110111-6551661,485-81-00855,"서울특별시 강서구 하늘길 210 (공항동, 한국항공화물청사) 2층 205-3호", ,,항공 여객 운송업,2017-10-27,12월
(주)티웨이항공,"T'way Air Co., Ltd.",티웨이항공,091810,이상윤,유가증권시장,110111-2782046,101-81-94800,대구광역시 중구 동덕로 167 케이티대구타워 신관 10층 (동인동2가),www.twayair.com,,항공 여객 운송업,2003-07-01,12월
(주)티제이물류,TJL,티제이물류, ,임재인,기타법인,110111-4767749,206-86-61308,경기도 김포시 고촌읍 아라육로58번길 147, ,,일반 창고업,2012-01-04,12월
주식회사 티케글로벌,"Tyche Global Co., Ltd.",티케글로벌, ,채승훈,기타법인,110111-6312302,848-88-01641,"서울특별시 강남구 테헤란로 322 , 동관 1601호~1603호 (역삼동, 한신인터밸리24)",tycheglobal.co.kr,,"화물운송 중개, 대리 및 관련 서비스업",2019-07-22,12월
(주)티피씨코리아,"TPC KOREA CO., LTD",티피씨코리아, ,정신종,기타법인,110111-2161000,104-81-59836,서울특별시 중구 서소문동 동화빌딩 58-7 10층,www.tpckr.com,,외항 화물 운송업,2001-02-01,12월
(주)티피아이메가라인,"TPI MEGALINE CO,LTD",티피아이메가라인, ,최병준,기타법인,110111-3848417,119-86-06637,서울특별시 금천구 가산동 IT캐슬 550-1 1-416호, ,,해상 운송업,2008-02-26,12월
티피엠로지스 주식회사,"TPMLOGIS CO.,LTD",티피엠로지스, ,민화영,기타법인,234111-0055561,621-81-83879,부산광역시 중구 중앙대로 124-2 동일빌딩501호(중앙동4가),www.tpmlogis.com,,일반 화물자동차 운송업,2010-03-18,12월
주식회사 팀프레시,TEAM FRESH,팀프레시, ,이성일,기타법인,110111-6761096,561-88-01138,서울특별시 강남구 봉은사로37길 7-9 (논현동),www.teamfresh.co.kr/,,일반 화물자동차 운송업,2018-05-25,12월
파라곤피알지,paragonprg,파라곤피알지, ,정한구,기타법인,284411-0113214,154-88-01852,경기도 포천시 군내면 용정경제로1길 83 (용정리), ,,일반 창고업,2020-03-19,12월
주식회사 파라타항공,"Flygangwon Co., Ltd.",파라타항공, ,주원석,기타법인,110111-6030441,710-81-00367,강원도 양양군 양양읍 일출로 166-20 (조산리),https://www.flygangwon.com/ko/main/main.do,,항공 운송업,2016-04-12,12월
파운드리더블유 주식회사 (구.로지스씨엘),LOGIS CL,파운드리더블유(구.로지스씨엘), ,장현준,기타법인,110111-7460598,755-87-01717,"경기도 성남시 중원구 양현로 409 (여수동, 어반스퀘어) 801호", ,,위험물품 보관업,2020-04-20,12월
파운드리더블유 주식회사 (구.코리아씨엘),KOREACL Co.Ltd,파운드리더블유(구.코리아씨엘), ,장현준,기타법인,110111-7580651,193-88-01804,경상남도 창원시 진해구 남영로552번길 56 (남양동), ,,보관 및 창고업,2020-08-19,12월
(주)파이스티엘에스,"pais tls .co.,ltd.",파이스티엘에스, ,김만호,기타법인,200111-0208433,410-81-95019,광주광역시 광산구 평동산단로 239-31 (옥동) 사무실 2층, ,,일반 화물자동차 운송업,2005-04-18,12월
주식회사 파이오니아강릉,"PIONEER GANGREUNG CO., LTD.",파이오니아강릉, ,"김상휘, 최재영",기타법인,110111-7741427,578-88-01849,서울특별시 강남구 도산대로 549 5층(청담동), ,,일반 창고업,2021-01-07,12월
주식회사 파이오니어그룹,"PIONEER GROUP CO., LTD.",파이오니어그룹, ,송윤철,기타법인,110111-5253052,105-87-93921,"서울특별시 강서구 화곡로68길 15 1209호 (등촌동, 아벨테크노)", ,,"화물운송 중개, 대리 및 관련 서비스업",2013-10-24,12월
파인에프엔씨주식회사,Pine F&C,파인에프엔씨, ,김영천,기타법인,134511-0231619,142-81-70906,경기도 용인시 처인구 양지면 죽양대로2071번길 4, ,,일반 창고업,2014-04-15,12월
파주디엠지곤돌라 주식회사,Paju DMZ gondola corporation,파주디엠지곤돌라, ,최재혁,기타법인,284911-0176593,263-86-00906,"경기도 파주시 금빛로 12 304호 (금촌동, 삼성프라자)",www.dmzgondola.com,,기타 부정기 여객 육상 운송업,2017-11-21,12월
(주)파크로드,PARKROAD CORPORATION,파크로드, ,염은선,기타법인,110111-1348394,110-81-36385,서울특별시 중구 서소문동배재빌딩8층, ,,외항 화물 운송업,1996-12-03,12월
파트너마리타임 주식회사,"PARTNER MARITIME CO.,LTD",파트너마리타임, ,김병래,기타법인,131311-0154751,242-87-00231,"경기도 평택시 포승읍 평택항만길 73 7층, 702호 (평택항 마린센터)", ,,외항 화물 운송업,2015-09-07,12월
(주)팍스글로발카고,"PAXGLOBALCARGO,INC.",팍스글로발카고, ,김종욱,기타법인,180111-0112548,601-81-20676,부산광역시 중구 중앙동4가 교보생명빌딩 1302호,www.paxglobalcargo.com,,그 외 기타 운송관련 서비스업,1991-08-01,12월
(주)팍트라인터내셔널,"Pactra International Co.,Ltd",팍트라인터내셔널, ,이헌호 박형순,기타법인,110111-1280190,202-81-54265,"서울특별시 서초구 강남대로41길 12 (서초동, 3층)",www.pactra.co.kr,,그 외 기타 분류 안된 운송 관련 서비스업,1996-07-01,12월
(주)판아시아로지스틱스,PAN AISA LOGISTICS (KOREA) LTD,판아시아로지스틱스, ,박상복,기타법인,110111-2732885,211-87-29971,"서울특별시 강남구 논현로134길 7 (논현동, 신한빌딩2층)", ,,그 외 기타 운송관련 서비스업,2003-03-07,12월
판알피나코리아(주),Panalpina Korea Ltd.,판알피나코리아, ,하미드 하부브,기타법인,110111-0904428,120-81-33691,서울특별시 종로구 통의동 35-22,www.panalpina.com,,그 외 기타 운송관련 서비스업,1992-12-01,12월
(주)팜코지엘에스,"FARMKO GLS CO., LTD",팜코지엘에스, ,황용하,기타법인,110111-2893504,201-81-84596,"서울특별시 중구 남대문로 120 15층 (남대문로1가, 대일빌딩)",www.farmkogls.co.kr,,"화물운송 중개, 대리 및 관련 서비스업",2003-11-19,12월
(주)패션익스체인지,FASHION EXCHANGE CORPORATION,패션익스체인지, ,정재봉,기타법인,134811-0024133,124-81-41489,경기도 용인시 기흥구 공세동467-4, ,,창고 및 운송관련 서비스업,1995-12-01,12월
패스트박스 주식회사,FASTBOX.INC,패스트박스, ,마동완,기타법인,124411-0143363,137-86-45318,인천광역시 중구 자유무역로 232 (운서동) 4층, ,,일반 창고업,2014-03-15,12월
(주)팬스타,"PANSTAR CO.,LTD.",팬스타, ,김현겸,기타법인,110111-0710271,202-81-48502,서울특별시 중구 무교로 20 한국복지재단빌딩 5층 (무교동),www.panstar.co.kr,,그 외 기타 운송관련 서비스업,1990-07-09,12월
(주)팬스타라인닷컴,"PANSTAR LINE DOT COM.,LTD",팬스타라인닷컴, ,김현겸,기타법인,110111-1627053,104-81-44895,부산광역시 중구 해관로 30 (중앙동2가),panstarline.com,,외항 여객 운송업,1999-01-01,12월
(주)팬스타신항국제물류센터,"PANSTAR BUSAN NEW PORT GLOBAL DISTRIPARK CO.,LTD.",팬스타신항국제물류센터, ,"김현겸, 조영탁",기타법인,180111-0786541,602-81-56783,부산광역시 중구 해관로 30 (중앙동2가), ,,일반 창고업,2011-11-14,12월
(주)팬스타트리,"Panstar Tree Co. Ltd,.",팬스타트리, ,권재근,기타법인,180111-0171031,601-81-26078,부산광역시 중구 해관로 30 (중앙동2가), ,,일반 화물자동차 운송업,1995-01-16,12월
팬오션(주),"Pan Ocean Co., Ltd.",팬오션,028670,"김홍국, 안중호(각자 대표이사)",유가증권시장,110111-0004286,104-81-19101,서울특별시 종로구 종로5길 7 Tower 8 팬오션(주),www.panocean.com,www.panocean.com,외항 화물 운송업,1966-05-28,12월
퍼시픽마리나 주식회사,"Pacificmarina Co., Ltd.",퍼시픽마리나, ,고정학,기타법인,224111-0015294,616-81-69050,제주특별자치도 서귀포시 중문관광로 154-17 (색달동), ,,기타 수상 운송지원 서비스업,2008-12-03,12월
퍼시픽 인터내셔널 해운(주),"PACIFIC INTERNATIONAL SHIPPING CO., LTD.",퍼시픽인터내셔널해운, ,허세르게이,기타법인,180111-0557869,605-81-77851,"부산광역시 해운대구 센텀중앙로 97 (재송동, 센텀스카이비즈) 에이동 36층 3605호", ,,수상 운송업,2006-06-07,12월
주식회사 퍼시픽플러스,Pacific plus,퍼시픽플러스, ,"김석휘, 이승열",기타법인,134511-0435930,346-87-01643,경기도 용인시 수지구 수지로 454-9 (동천동), ,,일반 창고업,2020-02-11,12월
페더럴익스프레스코리아 유한회사 ,FEDERAL EXPRESS KOREA CO LTD.,페더럴익스프레스코리아, ,박원빈,기타법인,110114-0192978,101-81-49187,"서울특별시 마포구 양화로 19 (합정동, 합정오피스빌딩)",www.fedex.com/kr,,그 외 기타 운송관련 서비스업,1999-07-01,05월
페덱스로지스틱스코리아,Fedex Logistics Korea Ltd.,페덱스로지스틱스코리아, ,Patrick Rene Alain Moebel,기타법인,110114-0279908,839-88-02156,서울특별시 마포구 월드컵북로 21 (서교동), ,,"화물운송 중개, 대리 및 관련 서비스업",2021-07-02,05월
페스코라인즈코리아 주식회사,"TRANSORIENT SHIPPING CO.,LTD.",페스코라인즈코리아, ,신남영,기타법인,110111-0781412,102-81-33392,서울특별시 종로구 새문안로5길 13 (당주동)변호사회관 7층 페스코,http://www.transorient.co.kr,,그 외 기타 운송관련 서비스업,1991-06-05,12월
페어콘라인(주),FAIRCONLINE. CO.LTD,페어콘라인, ,정욱현 박태준,기타법인,110111-1172040,110-81-36411,"서울특별시 중구 을지로 16 (을지로1가, 백남빌딩)",www.faircon.co.kr,,"화물운송 중개, 대리 및 관련 서비스업",1995-06-29,12월
페트로플러스로지스틱스(주),petropluslogistics corp,페트로플러스로지스틱스, ,김종선,기타법인,110111-3243683,104-81-94376,"서울특별시 성동구 아차산로 103 (성수동2가, 영동테크노타워) 611호",해당사항없슴,,외항 화물 운송업,2005-06-10,12월
주식회사평구로지스,"Pyung Koo Logistics co.,ltd.",평구로지스, ,구숭완,기타법인,134111-0372924,138-81-89221,경기도 과천시 용마로 2 3층(과천동), ,,일반 화물자동차 운송업,2013-11-27,12월
주식회사 평안,"PYEONGAN CO.,LTD",평안, ,이정수,기타법인,194311-0024579,608-81-74998,"경상남도 함안군 칠서면 공단안길 12 205호,(대치리, 칠서산업공단종합복지회관)", ,,"화물운송 중개, 대리 및 관련 서비스업",2009-02-04,12월
평안운수(주),pyong an yun soo,평안운수, ,허상준,기타법인,111511-0005764,127-81-00610,경기도 의정부시 가능동 224-1, ,,시내버스 운송업,1968-11-11,12월
평안운수주식회사,PyungAn. Ltd,평안운수, ,김택모,기타법인,110111-0046048,210-81-02720,서울특별시 도봉구 방학동 717-2, ,,택시 운송업,1995-01-03,12월
평창시티버스 주식회사,Pyeongchang City Bus,평창시티버스, ,김연성,기타법인,145011-0000227,225-81-01024,"강원특별자치도 평창군 용평면 금송길 6 (장평리, 장평터미널)", ,,시내버스 운송업,1985-12-01,12월
평택국제자동차부두(주),Pyengtaek International Ro-Ro Terminal,평택국제자동차부두, ,이홍규,기타법인,131311-0082150,125-81-74606,경기도 평택시 포승읍 평택항만길 399-16, ,,항구 및 기타 해상 터미널 운영업,2008-05-13,12월
평택당진중앙부두(주),PDCT,평택당진중앙부두, ,이현호,기타법인,131311-0075105,125-81-69573,충청남도 당진시 신평면 당진항만로 151 (매산리), ,,수상 화물 취급업,2014-07-19,12월
(주)평택당진항만,"PDLogistics Co., Ltd.",평택당진항만, ,윤기림,기타법인,131311-0059208,125-81-57117,"경기도 평택시 포승읍 평택항만길 75 (만호리, 평택항국제여객터미널)나 -253",www.ipdl.co.kr,,수상 화물 취급업,2005-04-18,12월
평택동방아이포트(주),"Pyeongtaek Dongbang I-Port Co., Ltd.",평택동방아이포트, ,손배식,기타법인,110111-3333963,120-86-88599,경기도 평택시 포승읍 하만호길 227, ,,수상 화물 취급업,2005-11-01,12월
주식회사 평택로지스틱스,"Pyongtaek Logistics Co.,Ltd.",평택로지스틱스, ,정창수,기타법인,131311-0052335,125-81-51433,경기도 평택시 포승읍 평택항만길 241, ,,보관 및 창고업,2004-03-03,12월
(주)평택버스,PYEONGTAEK BUS,평택버스, ,허상준,기타법인,134511-0436904,235-81-02001,경기도 평택시 만세로 1589-1 (청룡동),www.buspia.co.kr,,시내버스 운송업,2020-03-01,12월
주식회사 평택싸이로,"PTSILO CO.,LTD",평택싸이로, ,박태일,기타법인,131311-0186837,177-88-00690,경기도 평택시 포승읍 평택항안로 55 (신영리), ,http://www.ptsilo.co.kr/ptsilo/index.do,농산물 창고업,2017-09-22,12월
평택여객(주),pyeongtaek yeokaek,평택여객, ,양욱모,기타법인,131311-0070014,125-81-65811,경기도 평택시 안중읍 안현로서1길 39 평택여객, ,,시내버스 운송업,2007-01-01,12월
평택운수 주식회사,seoul public trapotation corpotation,평택운수, ,이교재,기타법인,134711-0000309,125-81-00346,경기도 평택시 이화로 139-19 (죽백동), ,,시내버스 운송업,1966-03-29,12월
평택항만주식회사,Pyeongtaek Terminal Operating,평택항만, ,김호출외 5,기타법인,131311-0026984,125-81-27331,경기도 평택시 포승읍 평택항만길 145 평택항만(주),-,,수상 화물 취급업,1999-01-21,12월
(주)평택항만물류,"pyeongtaek port logistics co.,ltd.",평택항만물류, ,오유석,기타법인,131311-0040504,125-81-41217,경기도 평택시 포승읍 포승공단순환로 49 (만호리),www.ptprlog.co.kr,,냉장 및 냉동 창고업,2002-01-26,12월
(주)평택해운로지스,"pyeong taek shipping logistics.co.,ltd",평택해운로지스, ,박해광,기타법인,131311-0094395,125-81-85194,"경기도 평택시 포승읍 서동대로 437-55 (신영리, 평택해운PDI센터)",없음,,일반 창고업,2009-12-11,12월
(주)포스,POS SHIP MANAGEMENT CO.,포스, ,김흥식,기타법인,180111-0227355,604-81-34830,부산광역시 중구 중앙동4가 89-2 흥우빌딩 11층,http://WWW.POSSHIP.COM,,기타 수상 운송지원 서비스업,1997-04-10,12월
(주)포스로,poslo,포스로, ,은광수,기타법인,171711-0113347,506-81-90085,경상북도 포항시 남구 오천읍 광명산단로 30 (광명리), ,,일반 창고업,2014-09-02,12월
주식회사 포스아이,"POSI CO., LTD.",포스아이, ,최기석,기타법인,194211-0057506,609-81-55524,경상남도 진해시 행암동 120번지,www.pos-i.co.kr,,그 외 기타 운송관련 서비스업,2002-10-01,12월
주식회사 포스에스엠,"POS SM CO.,LTD",포스에스엠, ,김동균,기타법인,180111-0995572,736-88-00179,"부산광역시 중구 중앙대로 102 3,4층(중앙동4가, 팬오션(주)부산빌딩)",www.possm.com/,,수상 운송업,2015-10-16,12월
포스코플로우 주식회사,"POSCO FLOW CO.,LTD.",포스코플로우, ,반돈호,기타법인,204611-0017575,416-81-39640,"전라남도 광양시 제철로 1800, 씨티에스 기지 내(금호동)",www.poscoflow.com,,기타 해상 운송업,2003-01-23,12월
(주)포스플레이트,"POSPlate Co.,Ltd.",포스플레이트, ,송재천,기타법인,204611-0031252,416-81-70622,전라남도 광양시 폭포사랑길 20-26,없음,,창고 및 운송관련 서비스업,2010-01-22,12월
(주)포엔시,PONC,포엔시, ,이기수,기타법인,174611-0022844,506-81-19762,경상북도 포항시 남구 동해안로 6262 (동촌동), ,,기타 도시 정기 육상 여객 운송업,1995-09-07,12월
주식회사 포원,"POONE, Inc.",포원, ,조형석,기타법인,171711-0063899,506-81-54319,경상북도 포항시 남구 포스코대로 437 (해도동), ,,항공 및 육상 화물 취급업,2005-02-01,12월
주식회사 포지트,POGIT,포지트, ,정태기,기타법인,171711-0140845,628-86-00909,경상북도 포항시 남구 형산강북로 79 (효자동) 2층, ,,수상 화물 취급업,2018-07-06,12월
(주) 포천교통,Po Cheon Transportation Company,포천교통, ,명동민,기타법인,115411-0017121,127-81-26605,경기도 포천시 신북면 신평로 150-17 (신평리), ,,시내버스 운송업,1998-06-25,12월
포천마린 주식회사,"FORTUNE MARINE CO.,LTD.",포천마린, ,이길만,기타법인,180111-0279562,602-81-14750,부산광역시 중구 남포동6가 113-1 하버타워 11층,www.fortunem.com,,내항 화물 운송업,1999-06-01,12월
주식회사포천사,"FORTUNE(TANKERS)CO.,LTD.",포천사, ,김성채,기타법인,180111-0183557,603-81-25279,부산광역시 중구 남포동6가 113-1 일원빌딩,해당없음,,외항 화물 운송업,1995-05-31,12월
주식회사 포커스온투자개발,FOCUSON ,포커스온투자개발, ,전명구,기타법인,120111-1044734,451-88-01734,경기도 안산시 단원구 범지기로141번길 86 (원시동)범지기로 141번길90, ,,일반 창고업,2020-01-09,12월
주식회사 포트랜스,POTRANS,포트랜스, ,이재수,기타법인,174611-0018562,506-81-15897,경상북도 포항시 남구 정몽주로 825 (청림동), ,,육상운송 및 파이프라인 운송업,1994-06-01,12월
주식회사 포트만,"PORTMANN CO., LTD",포트만, ,류방하,기타법인,180111-0831742,617-86-03022,"부산광역시 해운대구 해운대해변로 99 106-505(우동, 경남마리나아파트)", ,,외항 화물 운송업,2012-10-30,12월
포트엘 주식회사,PORTL,포트엘, ,우재태,기타법인,204611-0022764,416-81-50868,"전라남도 광양시 불로로 160-8 (중동) 1층, 포트엘(주)", ,,기타 내륙 수상 여객 및 화물 운송업,2005-12-05,12월
주식회사 포항국제물류센터 냉동창고 ,POHANG INTERNATIONAL LOGISTICS CENTER,포항국제물류센터냉동창고, ,전성곤,기타법인,171711-0115020,506-81-91143,경상북도 포항시 북구 흥해읍 영일만항로 236 (용한리) 포항국제물류센터 냉동창고, ,,일반 창고업,2014-12-16,12월
(주)포항버스,Koreawidepohang,포항버스, ,노진목,기타법인,174611-0002268,506-81-01694,"경상북도 포항시 남구 오천읍 냉천로 700 (문덕리, 오천버스차고지)",www.phbus.co.kr,,시내버스 운송업,1980-01-01,12월
포항영일만항운영주식회사,"Pohang Yeongilman Port Operating Co.,Ltd",포항영일만항운영, ,성경민,기타법인,171711-0095636,506-81-77063,경상북도 포항시 북구 흥해읍 영일만항로 233 (용한리), ,,항만 내 여객 운송업,2011-09-15,12월
주식회사포항터미날,POHANG TERMINAL.CO.LTD.,포항터미날, ,박태룡,기타법인,174611-0003853,506-81-03163,경상북도 포항시 남구 상도동 579-13, ,,여객 자동차 터미널 운영업,1983-09-16,12월
포항터미널(주),pohang ternminal ltd.,포항터미널, ,배창식,기타법인,110111-1601081,112-81-50710,경상북도 포항시 남구 상도동 579-13, ,,여객 자동차 터미널 운영업,1998-10-29,12월
포항항7부두운영(주),"Pohang Port 7th Terminal Operating Co.,LTD",포항항7부두운영, ,박동국 배태하 최귀철 이재훈,기타법인,171711-0036797,506-81-32289,경상북도 포항시 남구 동해안로 6262 (동촌동), ,,수상 화물 취급업,1999-06-10,12월
포항항8부두운영(주),Pohang Port 8th,포항항8부두운영, ,"손상석, 배태하, 이창훈",기타법인,171711-0036804,506-81-32197,경상북도 포항시 남구 동해안로 6262 (동촌동), ,,창고 및 운송관련 서비스업,1999-06-10,12월
폴라리스쉬핑(주),"POLARIS SHIPPING CO., LTD.",폴라리스쉬핑, ,김완중,기타법인,110111-3047754,101-86-06994,서울특별시 종로구 종로 47,www.polaris-shipping.com,,외항 화물 운송업,2004-07-12,12월
폴라에너지앤마린 주식회사,"Polar Energy & Marine Co.,Ltd.",폴라에너지앤마린, ,노재호,기타법인,110111-4470722,104-86-32695,"서울특별시 종로구 종로 47 (공평동, 한국스탠다드차타드은행빌딩) 20층",www.harmonycruise.com,,외항 여객 운송업,2010-12-29,12월
주식회사 표주산업개발,PYOJU IDC,표주산업개발, ,김화영,기타법인,195511-0292220,182-86-02930,경상남도 김해시 상동면 동북로473번길 125-46 (매리), ,,"화물운송 중개, 대리 및 관련 서비스업",2023-11-28,12월
푸른교통주식회사,pooreunbus,푸른교통, ,류원주,기타법인,181211-0003322,620-81-01253,경상남도 양산시 웅상대로 1510 (용당동), ,,시내버스 운송업,1979-12-29,12월
푸른솔관광(주),"purunsol tour co,. ltd",푸른솔관광, ,박형옥,기타법인,110111-1659139,229-81-37806,서울특별시 중구 서소문로9길 41-10 (순화동), ,,전세버스 운송업,1999-03-05,12월
풍국산업 주식회사,"POONG KUK INDUSTRIAL CO., LTD.",풍국산업, ,이진영,기타법인,180111-0001535,601-81-08328,부산광역시 영도구 봉래동 2가 151, ,,농산물 창고업,1955-12-23,12월
풍양운수(주),Pung Yang woonsu corp. ,풍양운수, ,이승용,기타법인,110111-0001381,112-81-03497,서울특별시 관악구 봉천동 467, ,,시내버스 운송업,1970-07-30,12월
주식회사 퓨멕스,PUMEX,퓨멕스, ,차주영,기타법인,110111-1001968,105-81-62009,"경기도 고양시 일산동구 고봉로678번길 9-14 (설문동, 퓨멕스빌딩)",www.pumex.co.kr,,"화물운송 중개, 대리 및 관련 서비스업",1994-01-15,12월
주식회사 퓨처피플,"Future People Co., Ltd.",퓨처피플, ,조하람,기타법인,110111-7253878,253-86-01572,"경기도 안양시 동안구 인덕원로24번길 44 , 5층(관양동)",www.futurepeople.co.kr/,,"화물운송 중개, 대리 및 관련 서비스업",2019-10-08,12월
주식회사 프렌즈물류,"FRENDSLOGISTIC. Co, LTD",프렌즈물류, ,조정현,기타법인,134411-0101731,403-87-02042,경기도 이천시 갈산로 69 (증포동),-,,일반 창고업,2021-05-04,12월
주식회사 프로젠스,FROZENS,프로젠스, ,김진석,기타법인,120111-0616857,121-86-18117,"인천광역시 중구 축항대로296번길 115 (신흥동3가, (주)프로젠스냉동창고)",www.frozens.co.kr,,냉장 및 냉동 창고업,2012-07-02,12월
(주)프리텍,"PRETEC CO., LTD",프리텍, ,서정태,기타법인,200111-0274369,410-86-27025,경기도 시흥시 매화산단로 16-15 (도창동), ,,일반 창고업,2009-03-20,12월
주식회사 프린스고속관광,-,프린스고속관광, ,"이명희, 심규광",기타법인,170111-0362723,504-81-78576,대구광역시 북구 고성동2가 25-1 2층,-,,시외버스 운송업,2008-09-04,12월
주식회사 플렉스포트 코리아,Flexport Korea Inc.,플렉스포트코리아, ,KENNETH CHUN FAI FONG,기타법인,110111-8105078,713-86-02409,"서울특별시 영등포구 의사당대로 83 (여의도동, 오투타워) 16-110호", ,,일반 창고업,2021-11-24,12월
(주)피셔리나,Fisherina,피셔리나, ,최낙현,기타법인,110111-2747826,120-86-50434,전라북도 군산시 소룡동 301∼999 신도시@상가B-301, ,,내항 여객 운송업,2003-03-28,12월
주식회사 피아해운,"PIA SHIPPING CO., LTD",피아해운, ,나덕환,기타법인,110111-1569396,220-81-53610,서울특별시 강남구 역삼동 642-1 역삼번처텔 1409호, ,,외항 화물 운송업,1998-07-25,12월
(주)피앤에스 네트웍스,"PNS NETWORKS CO., LTD.",피앤에스네트웍스, ,김상현,기타법인,110111-3803346,110-81-80601,"서울특별시 영등포구 의사당대로 83 (여의도동, 한국휴렛팩커드빌딩) 11층",www.pnsnetworks.com,,그 외 기타 운송관련 서비스업,2007-12-11,12월
(주)피앤에스로지스,"PNS LOGIS CO.,LTD",피앤에스로지스, ,"김상현, 조영식",기타법인,110111-7737749,388-86-02028,"서울특별시 영등포구 의사당대로 83 (여의도동, 오투타워) 13층",www.pnsnlogis.com,,기타 도로화물 운송업,2021-01-01,12월
주식회사 피앤에이치로지스,PNHLOGIS CO.LTD,피앤에이치로지스, ,홍순일,기타법인,110111-7282158,243-87-01567,경기도 고양시 일산서구 덕이로 10-6, ,,냉장 및 냉동 창고업,2019-11-05,12월
(주)피앤엘로지스,PNL Logis Inc,피앤엘로지스, ,이경하,기타법인,284111-0250822,169-86-02150,경기도 남양주시 진접읍 남가로131번길 21-12 (연평리) 2층 사무실, ,,일반 창고업,2021-02-08,12월
(주)피에스오성,"PS OSUNG CO., LTD.",피에스오성, ,장성훈,기타법인,110111-1666960,215-81-76120,서울특별시 강남구 삼성동 150-19, ,,주차장 운영업,1999-03-19,12월
주식회사 피엔씨티,PECT New Container Terminal,피엔씨티, ,이준갑,기타법인,180111-0449579,617-81-46254,부산광역시 남구 신선로 294, ,,항구 및 기타 해상 터미널 운영업,2003-05-16,12월
피엔에스홈즈물류센터,PNS Home''s L,피엔에스홈즈물류센터, ,남인석,기타법인,180111-1411139,787-87-02144,부산광역시 강서구 미음국제1로가길 9 (미음동) (주)피엔에스홈즈물류센터, ,,냉장 및 냉동 창고업,2021-12-30,12월
피엔에프선박주식회사,"P&F MARINE CO., LTD",피엔에프선박, ,박준원,기타법인,180111-0446442,605-81-59912,부산광역시 동구 대영로 261 (초량동)해덕빌딩 901호, ,,기타 수상 운송지원 서비스업,2013-04-16,12월
주식회사 피엔엘인터내셔날,"PNL International Co., Ltd",피엔엘인터내셔날, ,이재인,기타법인,131111-0111713,129-81-70354,"서울특별시 강남구 테헤란로 520 (대치동, 삼안빌딩)", ,,항공 및 육상 화물 취급업,2004-02-24,12월
(주)피엘에스,PLS Corp.,피엘에스, ,김태원,기타법인,131311-0093131,125-81-84647,경기도 평택시 포승읍 서동대로 437-100, ,,일반 창고업,2009-10-23,12월
주식회사 피제이케이,PJK,피제이케이, ,김성훈,기타법인,110111-8274584,689-81-02514,경기도 평택시 청북읍 오성산단1로 112-97 피제이케이 평택1센터, ,,일반 창고업,2022-04-21,12월
주식회사 피코이노베이션,"PICO Innovation Co., Ltd.",피코이노베이션, ,조용준,기타법인,110111-7557171,816-88-01794,서울특별시 서초구 효령로36길 4 2층, ,,일반 창고업,2020-07-16,12월
주식회사 핀로직스,"PINLOGIX CO., LTD.",핀로직스, ,도진수,기타법인,110111-6293792,196-81-00732,"경기도 과천시 과천대로7길 33 (갈현동, 디테크타워) B동 1003호",www.pinlogix.co.kr,,"화물운송 중개, 대리 및 관련 서비스업",2017-01-18,12월
(주)필로스,"PILLOS CO.,LTD.",필로스, ,이인원,기타법인,110111-4119776,201-86-11875,"서울특별시 중구 충무로 9 702호 (충무로3가, 미르내빌딩)",www.pillos.co.kr,,외항 화물 운송업,2009-07-01,12월
주식회사 필로스해운,"PILLOS SHIPPING CO.,LTD.",필로스해운, ,이인원,기타법인,110111-3262104,101-86-17109,"서울특별시 중구 충무로 9 (충무로3가, 해창빌딩)", ,,항만 내 여객 운송업,2005-07-05,12월
(주)하나로에스,HANAROS,하나로에스, ,정연돈,기타법인,134811-0406232,157-81-00789,"경기도 화성시 동탄산단4길 37 (방교동, (주)하나로티엔에스)",www.htnshs.com,,"화물운송 중개, 대리 및 관련 서비스업",2017-04-21,12월
주식회사 하나로지스,HANA LOGIS,하나로지스, ,배지호,기타법인,195511-0138721,615-81-84854,경상북도 김천시 공단2길 78-24 (응명동), ,,기타 운송관련 서비스업,2011-06-24,12월
(주)하나로티앤에스,"Hanaro TNS Co.,Ltd.",하나로티앤에스, ,윤건병,기타법인,130111-0050053,124-81-59766,"경기도 수원시 영통구 광교로 105 (이의동, 경기R&D 415)",www.htns.com,,그 외 기타 운송관련 서비스업,1999-01-05,12월
하나로해운(주),"Hanaro Shipping Co.,Ltd.",하나로해운, ,김철영,기타법인,110111-4010982,101-86-44095,"서울특별시 종로구 청계천로 35 (서린동, 관정빌딩)", ,,외항 화물 운송업,2008-12-15,12월
하나로해운,"HANARO SHIPPING CO.,LTD",하나로해운, ,이희석,기타법인,180111-0442177,605-81-59305,부산광역시 중구 중앙동6가 1-1 오션빌딩 2층, ,,그 외 기타 운송관련 서비스업,2003-03-12,12월
하나마린 주식회사,"HANAMARINE.CO.,LTD",하나마린, ,강석심,기타법인,110111-1355753,120-81-70361,"서울특별시 강남구 역삼로 455 (대치동, 하나빌딩) 4층",www.hana-marine.com,,해상 운송업,1996-12-23,12월
(주)하나쉬핑,"HANA Shipping Co.,Ltd",하나쉬핑, ,주봉운,기타법인,180111-1286946,179-87-01607,"부산광역시 중구 중앙대로 88 (중앙동4가, 은산베이빌딩) 905호",www.hanashipping.co.kr,,기타 수상 운송지원 서비스업,2020-05-01,12월
하나울산로지스틱스 주식회사,"HANA ULSAN LOGISTICS Co,. Ltd.",하나울산로지스틱스, ,정창윤,기타법인,200111-0675103,494-86-03021,울산광역시 남구 문수로 289 (옥동), ,,일반 창고업,2022-07-25,12월
주식회사 하나유통,Hanah Int'l Supply system Corp.,하나유통, ,신홍일,기타법인,134511-0051497,135-81-48347,경기도 용인시 원삼면 미평리 117번지, ,,냉장 및 냉동 창고업,2001-08-14,12월
(주)하늘안관광,HANULANTOUR,하늘안관광, ,박상인,기타법인,161511-0001556,312-81-02778,"충청남도 천안시 동남구 신방남부길 87 (신방동, 신방2동성당)", ,,전세버스 운송업,1983-02-09,12월
하동케이블카 주식회사,Hadong Ropeway Company Ltd.,하동케이블카, ,송용우,기타법인,194711-0018342,682-87-01495,경상남도 하동군 금남면 경충로 461-7, ,,기타 부정기 여객 육상 운송업,2019-08-08,12월
주식회사 하람로지스,"HARAM LOGIS CO., LTD.",하람로지스, ,정희석,기타법인,180111-1213444,406-81-64953,부산광역시 사상구 장인로77번길 47 (학장동), ,,일반 화물자동차 운송업,2019-04-18,12월
(주) 하르디,HARDY CORPORATION,하르디, ,KHARDIKOV IGOR,기타법인,110111-5188720,107-87-98903,서울특별시 용산구 원효로41길 52 (원효로2가) 하르디빌딩,www.hardycorp.co.kr,,외항 여객 운송업,2013-07-25,12월
(주)하스매니지먼트,"HAS Management Co., Ltd.",하스매니지먼트, ,최진섭,기타법인,180111-0179514,601-81-26990,"부산광역시 중구 중앙대로 102 (중앙동4가, 팬오션(주)부산빌딩) 1600-2호", ,,기타 수상 운송지원 서비스업,1995-07-01,12월
주식회사 하우저,"HOWSER Co.,Ltd.",하우저, ,심준형,기타법인,110111-6183662,766-86-00555,"서울특별시 성동구 성수이로 147 (성수동2가, 아이에스비즈타워) 4층 408호", ,,"화물운송 중개, 대리 및 관련 서비스업",2016-09-26,12월
하이골드오션13호국제선박투자회사,HI GOLD OCEAN KMARIN NO.13 SHIP INVESTMENT COMPANY,하이골드오션13호국제선박투자회사, ,양희권,기타법인,220111-0100354,616-86-04090,제주특별자치도 제주시 연삼로 473 (이도이동), ,,외항 화물 운송업,2013-03-08,12월
하이골드오션15호국제선박투자회사,HI GOLD OCEAN KMARIN NO.15 SHIP INVESTMENT COMPANY,하이골드오션15호국제선박투자회사, ,양희권,기타법인,220111-0102186,616-86-06119,제주특별자치도 제주시 연삼로 473 (이도이동), ,,외항 화물 운송업,2013-05-09,12월
하이골드오션7호 국제선박투자회사,HIGOLDOCEAN NO.7 SHIP INVESTMENT COMPANY,하이골드오션7호국제선박투자회사, ,양희권,기타법인,220111-0087073,616-81-92167,제주특별자치도 제주시 연삼로 473 (이도이동), ,,외항 화물 운송업,2011-10-31,12월
하이골드오션9호국제선박투자회사,HI GOLD OCEAN NO.9 SHIP INVESTMENT COMPANY,하이골드오션9호국제선박투자회사, ,오운용,기타법인,220111-0092022,616-81-96386,제주특별자치도 제주시 연삼로 473 산업경제진흥원(이도이동),www.kmaringroup.com,,외항 화물 운송업,2012-05-09,12월
하이그린파킹 주식회사,HIGREENPARKING,하이그린파킹, ,박현규,기타법인,285011-0135512,128-86-26184,"서울특별시 송파구 정의로8길 9 (문정동, AJ빌딩)",www.ajpark.co.kr,,주차장 운영업,2007-12-01,12월
하이로지스(주),"highlogis co.,ltd",하이로지스, ,유용식,기타법인,210111-0044083,402-81-59860,전라북도 완주군 봉동읍 완주산단2로 282-21 (둔산리),www.samjings.com,,일반 창고업,2004-06-15,12월
하이로지스틱스 주식회사,Hi Business Logistics,하이로지스틱스, ,최창욱,기타법인,110111-2921701,107-86-43814,서울특별시 영등포구 선유서로 50 LG전자 강서빌딩 4층,www.hilogistics.co.kr,,항공 및 육상 화물 취급업,2003-12-23,12월
(주)하이로지텍,HYLOGITEC,하이로지텍, ,길봉석,기타법인,134411-0037754,126-86-10691,경기도 이천시 부발읍 아미리 산 136-1, ,,"화물 포장, 검수 및 계량 서비스업",2008-03-18,12월
하이마트로지텍주식회사,"HimartLogitec. Co., Ltd.",하이마트로지텍, ,이병기,기타법인,134111-0110556,123-81-91439,경기도 안산시 단원구 고잔동 725, ,,그 외 기타 운송관련 서비스업,2003-08-25,12월
하이시티파킹 유한회사,HI CITY PARKING LTD.,하이시티파킹, ,조석민,기타법인,110114-0052362,104-81-91627,"서울특별시 중구 세종대로 73 9층 (서소문동, 태평로빌딩)",www.hiparking.co.kr,,주차장 운영업,2005-01-13,12월
(주)하이에어,"Hi Air Co.,Ltd.",하이에어, ,윤형관,기타법인,205011-0014473,222-87-00765,"울산광역시 북구 산업로 1103 (송정동, 울산공항)", ,,항공 여객 운송업,2017-12-22,12월
(주)하이이노베이션,"Hi Innovation Co.,Ltd",하이이노베이션, ,윤형관,기타법인,134811-0036104,128-81-84933,"인천광역시 서구 가정로58번길 24 3층 (가좌동, 인성엔프라(주))", ,,주차장 운영업,2003-07-01,12월
주식회사 하이파킹,"HIPARKING CO.,LTD",하이파킹, ,박준규,기타법인,110111-5988865,622-87-00330,"서울특별시 서대문구 충정로 60 (미근동, (주)케이티앤지서대문타워) 10층",www.hiparking.co.kr,,주차장 운영업,2016-03-01,12월
(주)하이한마음물류,hihanmaeum,하이한마음물류, ,정승일,기타법인,200111-0149629,410-81-70056,광주광역시 북구 우치로 846 (용전동), ,,육상운송 및 파이프라인 운송업,2002-02-10,12월
하파그로이드코리아 주식회사,"Hapag Lloyd Korea Co., Ltd.",하파그로이드코리아, ,최민규,기타법인,110111-1492042,104-81-42733,서울특별시 중구 퇴계로 10 (남대문로5가),www.hapag-lloyd.com,,그 외 기타 운송관련 서비스업,1998-01-01,12월
(주)학성버스,"HAKSUNG Bus Co.,Ltd.",학성버스, ,이병관,기타법인,181211-0001780,610-81-04573,울산광역시 동구 문현로 120 (방어동) 공영차고지 2층, ,,시내버스 운송업,1980-04-01,12월
학성여객자동차(주),haksungbus,학성여객자동차, ,정충용,기타법인,180111-0003896,607-81-17806,부산광역시 동래구 미남로 58, ,,시내버스 운송업,1969-11-11,12월
주식회사 한강글로벌,"Hangang global co.,Ltd",한강글로벌, ,강용택,기타법인,191311-0031303,163-88-01104,경상북도 경주시 외동읍 석계평리길 28-10 (석계리) (주)한강글로벌, ,,일반 창고업,2018-07-01,12월
한강글로벌해운(주),hangang industrial development do.ltd,한강글로벌해운, ,홍흥석,기타법인,110111-1508766,211-87-11262,"경기도 고양시 일산동구 무궁화로 43-15 302-2호(장항동,한강세이프빌)", ,,외항 화물 운송업,2008-06-23,12월
주식회사 한강포레크루즈,"Hangang Fore Cruise Co., Ltd.",한강포레크루즈, ,김진만,기타법인,110111-8613237,562-87-02813,"서울특별시 영등포구 여의대방로67길 21 (여의도동, 정곡빌딩)9층33호",www.seoulcruise.kr,,내항 여객 운송업,2023-04-18,12월
주식회사 한국Vopak터미날,Vopak Terminals Korea Ltd.,한국Vopak터미날, ,이진행,기타법인,110111-0053374,106-81-51067,"서울특별시 종로구 인사동5길 25 3층 3호(인사동, 하나로빌딩)",www.vopak.co.kr,,파이프라인 운송업,1970-12-22,12월
한국가스해운주식회사,"KOGAS MARINE CO.,LTD.",한국가스해운, ,장갑순,기타법인,120111-0125759,121-81-21465,인천광역시 연수구 하모니로 184 (송도동) 3층,'-',,기타 해상 운송업,1995-11-11,12월
한국공항(주),"KOREA AIRPORT SERVICE CO.,LTD",한국공항,005430,이수근,유가증권시장,110111-0003692,109-81-33068,서울특별시 강서구  양천로 13 (방화동) 한국공항(주),www.kas.co.kr,,기타 항공 운송지원 서비스업,1968-02-20,12월
한국공항공사,KOREA AIRPORTS CORPORATION,한국공항공사, ,윤웅섭,기타법인,114971-0004066,109-81-76596,서울특별시 강서구 과해동 274 한국공항공사,http://www.airport.co.kr/,,공항 운영업,2002-03-02,12월
주식회사 한국공항리무진,"korea airport limousine Co., Ltd.",한국공항리무진, ,"박진수, 박재현",기타법인,110111-7706067,258-81-02076,서울특별시 강서구 오정로 576 (공항동), ,,기타 도시 정기 육상 여객 운송업,2020-12-09,12월
한국국제터미널,KIT,한국국제터미널, ,에디웨관테,기타법인,204611-0014860,416-81-34247,전라남도 광양시 도이동 780-2, ,,항구 및 기타 해상 터미널 운영업,2001-11-09,12월
한국도로공사,KOREA EXPRESSWAY CORPORATION,한국도로공사, ,김학송,기타법인,131171-0000019,129-82-00103,"경상북도 김천시 혁신8로 77 (율곡동, 한국도로공사)",www.ex.co.kr,,기타 육상 운송지원 서비스업,1969-02-15,12월
한국도로인프라투자(주), ,한국도로인프라투자, ,진수흥,기타법인,170111-0286139,502-81-79787,대구광역시 수성구 가천동 990,없음,,도로 및 관련시설 운영업,2005-04-21,12월
한국도심공항 주식회사,City Air Logistic & Transportation. co. ltd,한국도심공항, ,김고현,기타법인,110111-6277655,367-81-00654,"서울특별시 강남구 테헤란로87길 22 (삼성동, 한국도심공항터미널) 609호",www.calt.co.kr,,기타 도시 정기 육상 여객 운송업,2017-01-01,12월
한국도심공항 자산관리(주),City Airport Asset Management,한국도심공항자산관리, ,김고현,기타법인,110111-0274368,120-81-02048,서울특별시 강남구 테헤란로87길 22 616호 한국도심공항자산관리(주),www.caltasset.co.kr,,기타 항공 운송지원 서비스업,1980-04-26,12월
한국로지스풀 주식회사,"KOREA LOGISPOOL CO.,LTD",한국로지스풀, ,서병륜,기타법인,110111-2539033,105-86-40937,"서울특별시 마포구 마포대로 63-8 (도화동, 삼창프라자빌딩) 6층",www.logispool.co.kr,,"화물운송 중개, 대리 및 관련 서비스업",2002-06-01,12월
한국머스크(주),MAERSK KOREA LIMITED,한국머스크, ,박재서,기타법인,110111-0679310,102-81-26284,"서울특별시 용산구 한강대로 366 (동자동, 트윈시티남산) 18층",https://www.maersk.com/,,그 외 기타 운송관련 서비스업,1990-03-10,12월
한국머스크물류서비스 주식회사,Maersk Logistics&Services Korea Limited,한국머스크물류서비스, ,애덤 제임스 파머,기타법인,110111-4328880,101-86-54822,"서울특별시 용산구 한강대로 366 (동자동, 트윈시티남산) 17층", ,,"화물운송 중개, 대리 및 관련 서비스업",2010-04-14,12월
한국머스크브로커 (주),"Maersk Broker Korea Co., Ltd",한국머스크브로커, ,마이클 맷슨,기타법인,110111-1012395,102-81-33766,서울특별시 종로구 신문로1가 광화문오피시아 1521호, ,,"화물 포장, 검수 및 계량 서비스업",1994-03-01,12월
한국물류에스케이케이,korealogisticsSKK,한국물류에스케이케이, ,"서성화, 김용구, 강호진",기타법인,175111-0015567,510-81-23891,경상북도 성주군 용암면 성암로 1214 (선송리), ,,항공 및 육상 화물 취급업,2014-10-02,12월
한국복합물류(주),"Korea Integrated Freight Terminal CO.,LTD",한국복합물류, ,이민기,기타법인,110111-0853576,123-81-40376,경기도 군포시 번영로 82,www.kift.co.kr,,물류 터미널 운영업,1992-04-24,12월
한국비알티자동차(주),BRTKOREA Corporation,한국비알티자동차, ,이강식,기타법인,110111-3027136,215-86-58409,서울특별시 송파구 헌릉로 870 (장지동) 송파공영차고지,koreabrt.com,,시내버스 운송업,2004-06-09,12월
한국삭도공업(주),"HANKOOK ROPEWAY IND.CO.,LTD",한국삭도공업, ,"한광수, 이기선",기타법인,110111-0013964,104-81-02352,서울특별시 중구 소파로 83 (회현동1가) 산1-19,www.cablecar.co.kr,,그 외 기타 분류 안된 운송 관련 서비스업,1958-01-15,12월
한국스마트버스협동조합,hancoop,한국스마트버스협동조합, ,한상우,기타법인,134851-0012332,724-88-00138,"경기도 화성시 동탄문화센터로 61 (반송동, 아시아프라자), 763호", ,,전세버스 운송업,2015-06-23,12월
한국알프스물류 주식회사,"ALPS LOGISTICS KOREA CO.,LTD.",한국알프스물류, ,시노자와 타츠노리,기타법인,110111-4554948,214-88-74642,"서울특별시 강남구 도산대로6길 8 (논현동, 신정빌딩) 502호",www.alps-logistics.co.kr,,그 외 기타 운송관련 서비스업,2011-03-11,12월
한국엠씨씨로지스틱스(주),MCC LOGISTICS KOREA LTD,한국엠씨씨로지스틱스, ,츠다 히로후미,기타법인,180111-0502880,603-81-57830,부산광역시 사하구 감천항로 315 (구평동), ,,일반 창고업,2004-12-02,03월
한국유니온살베지주식회사,"KOREA UNION SALVAGE CO.,LTD",한국유니온살베지, ,정헌철,기타법인,180111-0434611,602-81-27935,부산광역시 영도구 해양로23번길 24 (청학동)쿠스빌딩5층, ,,기타 해상 운송업,2003-01-03,12월
한국인프라관리(주),Korea Infrastructure Management,한국인프라관리, ,심창완,기타법인,180111-0725317,606-86-24594,부산광역시 강서구 거가대로 2571,www.koinfra.com,www.koinfra.com,도로 및 관련시설 운영업,2010-08-03,12월
한국일본통운(주),"NIPPON EXPRESS KOREA CO.,LTD",한국일본통운, ,하야시 유키오,기타법인,110111-2609141,107-86-23496,"서울특별시 영등포구 의사당대로 97 (여의도동, 교보증권빌딩 11층)",www.nipponexpress.co.kr,,그 외 기타 운송관련 서비스업,2002-09-19,12월
한국종합물류(주),"KOREA TOTAL LOGISTICS CO., LTD",한국종합물류, ,김연태,기타법인,110111-1851967,201-81-27843,"서울특별시 강서구 양천로 583 (염창동, 우림블루나인비즈니스센터) A동 1910호", ,,"화물운송 중개, 대리 및 관련 서비스업",2000-01-15,12월
한국지.더블물류(주),Korea G.W.Logistics,한국지.더블물류, ,최정호,기타법인,180111-0197102,601-81-28149,경상남도 양산시 상북면 좌삼리 438-1, ,,육상 운송지원 서비스업,1996-01-03,12월
한국철도공사,Korea Railroad Corp.,한국철도공사, ,최연혜,기타법인,160171-0004321,314-82-10024,대전광역시 동구 중앙로 240 한국철도공사,www.korail.com,,철도 운송업,2005-01-01,12월
주식회사 한국초저온,Korea Superfreeze Inc.,한국초저온, ,김진하,기타법인,110111-7653862,244-88-01873,서울특별시 서초구 언남길 15-3 (양재동) 신성빌딩 6층, ,,보관 및 창고업,2020-10-19,12월
주식회사 한국초저온인천,KOREA SUPERFREEZE INCHEON,한국초저온인천, ,강주형,기타법인,120111-1194000,505-88-02229,"인천광역시 연수구 송도과학로 32 17층 제엠 1704호 (송도동, 송도테크노파크IT센터)", ,,냉장 및 냉동 창고업,2021-11-29,12월
주식회사 한국초저온평택,"EUGENE Super Freeze Co.,ltd",한국초저온평택, ,정태영,기타법인,131311-0135157,125-86-20672,경기도 평택시 오성면 오성산단1로 131 (양교리), ,,냉장 및 냉동 창고업,2014-03-10,12월
한국케이시스검정 주식회사,KSIS CORPORATION,한국케이시스검정, ,"임성규, 박은용",기타법인,110111-4010750,113-86-26426,"서울특별시 구로구 디지털로26길 111 1208호~1209호 (구로동, 제이앤케이디지털타워)",www.ksis.kr,,"화물 포장, 검수 및 계량 서비스업",2008-12-09,12월
(주)한국탱크로리,"KOREA TANK LORRY CO.,LTD",한국탱크로리, ,김명기,기타법인,181211-0012175,610-81-10037,울산광역시 울주군 청량읍 화창6길 24 (상남리)2층, ,,창고 및 운송관련 서비스업,1990-03-26,12월
주식회사 한국통운,HANKOOK UNION TRANSPORTATION,한국통운, ,김유문,기타법인,181211-0011888,620-81-04774,울산광역시 울주군 온산읍 원산리 891-3,www.hankookt.com,,일반 화물자동차 운송업,1991-04-01,12월
주식회사 한국티비티,"KOREA TBT CO.,LTD ",한국티비티, ,송성재,기타법인,120111-0505878,121-81-97908,인천광역시 중구 서해대로 353 (북성동1가),www.tbt.co.kr,,수상 화물 취급업,2009-08-17,12월
한국풀운영 주식회사,KOREA POOL OPERATION,한국풀운영, ,조성재,기타법인,164811-0057039,312-86-21936,서울특별시 마포구 마포대로 63-8 701호,www.kpoo.co.kr,,항공 및 육상 화물 취급업,2010-11-19,12월
한국피앤지 유한회사,"Procter & Gamble Korea,",한국피앤지, ,BALAKA NIYAZEE,기타법인,161514-0000528,312-81-12276,"충청남도 천안시 서북구 성거읍 천흥8길 73 (천흥리, 한국피앤지(유))",pg.co.kr,,일반 창고업,1992-06-01,06월
한국항공화물터미널주식회사,KACT,한국항공화물터미널, ,서구창,기타법인,110111-2043547,206-81-52838,서울특별시 강서구 공항동 281번지,www.kact.co.kr,,그 외 기타 운송관련 서비스업,2000-08-05,12월
한국허치슨터미널(주),Hutchison Korea Terminals Ltd..,한국허치슨터미널, ,레이몬드 박잉로,기타법인,180111-0394948,605-81-50740,부산광역시 동구 좌천동 1116번지,http://www.hktl.com,,수상 화물 취급업,2002-01-31,12월
한나라해운(주),"HANNARA SHIPPING CO.,LTD.",한나라해운, ,김종경,기타법인,110111-1019276,104-81-24017,서울특별시 영등포구 여의도동 코오롱빌딩 45-13 코오롱포레스텔,무,,외항 화물 운송업,1994-03-15,12월
한남버스 주식회사,jeilbus,한남버스, ,박진성,기타법인,110111-8944335,632-87-03426,"서울특별시 은평구 통일로 1190 (진관동, 진관공영차고지)", ,,도시 정기 육상 여객 운송업,2024-07-01,12월
한남여객운수(주),hannambus,한남여객운수, ,박복규,기타법인,110111-0038798,112-81-01693,서울특별시 관악구 신림로 87-8 (신림동), ,,시내버스 운송업,1962-02-19,12월
(주)한남여행사,"HANNAM TOURIST CO., LTD.",한남여행사, ,이수영,기타법인,114711-0000444,128-81-00480,경기도 고양시 일산동구 풍동 634-4,www.hannamtourist.com,,전세버스 운송업,1974-04-29,12월
한독운수(주),handok transportation co. led.,한독운수, ,기호성,기타법인,110111-0061468,112-81-03352,"서울특별시 관악구 은천로6길 9 (봉천동, 한독운수사무실)", ,,택시 운송업,1978-10-25,12월
주식회사 한라석유,"HALLA Oil Co., Ltd.",한라석유, ,허광,기타법인,220111-0006122,616-81-08975,제주특별자치도 제주시 건입동 908, ,,기타 도로화물 운송업,1988-11-30,12월
한라해운 주식회사,"HALLA MERCHANT MARINE CO.,LTD",한라해운, ,정지로,기타법인,110111-0693758,219-81-22271,서울특별시 송파구 신천동 7-19, ,,기타 해상 운송업,1990-04-17,12월
한로해운(주),"SASCO INTERNATIONAL SHIPPING CO.,LTD",한로해운, ,SOUKOVATOV ANATOLI(수코바토브아나톨리),기타법인,110111-1060196,104-81-29399,"서울특별시 중구 을지로 16 (을지로1가, 프레지던트호텔 1001호)",sascoint.co.kr/,,"화물운송 중개, 대리 및 관련 서비스업",1994-07-22,12월
한림냉동 주식회사,"HanLimFreezing CO.,LTD.",한림냉동, ,서옥미,기타법인,150111-0126462,301-86-03016,충청북도 청원군 현도면 죽암리 415-1, ,,냉장 및 냉동 창고업,2009-06-24,12월
한마해운주식회사,"HANMA SHIPPING CO.,LTD",한마해운, ,김성수,기타법인,180111-0661280,605-81-92717,서울특별시 중구 서소문동 배재빌딩 811호, ,,외항 화물 운송업,2009-02-13,12월
(주)한맥물류,"HANMAEG DISTRIBUTION Co., Ltd.",한맥물류, ,송종호,기타법인,180111-0593813,603-81-65363,"부산광역시 서구 원양로 105 (암남동, 한맥빌딩)", ,,일반 화물자동차 운송업,2007-05-18,12월
주식회사 한미해운,"HANMI SHIPPING CO., LTD.",한미해운, ,"ZHOU, LEI",기타법인,180111-0835439,602-81-60045,"서울특별시 종로구 새문안로 92 (신문로1가, 광화문오피시아빌딩) 2030호",,,"화물운송 중개, 대리 및 관련 서비스업",2012-11-26,12월
(주)한바다코퍼레이션,HANBADA CORPORATION,한바다코퍼레이션, ,강철준,기타법인,110111-2864795,101-81-98015,서울특별시 종로구 수송동 코리안리재보험빌딩 8층 803호,www.hanbada.kr,,그 외 기타 운송관련 서비스업,2003-09-26,12월
한백뉴로텍 주식회사,Hanbaek Newlotec,한백뉴로텍, ,"강휴석, 차오길",기타법인,161411-0014072,316-81-05554,충청남도 서산시 성연면 선창길 114-11, ,,일반 화물자동차 운송업,2004-07-01,12월
(주)한백티엘에스,"HAN BAEK TLS CO.,LTD.",한백티엘에스, ,이재석,기타법인,110111-3528077,214-87-96687,"서울특별시 서초구 동산로 23 (양재동, 베델회관)", ,,"화물운송 중개, 대리 및 관련 서비스업",2006-09-15,12월
한빛로지스틱주식회사,HANBIT LOGISTICS CO LTD,한빛로지스틱, ,황재철,기타법인,180111-0531706,602-81-37433,"부산광역시 해운대구 센텀중앙로 97 (재송동, 센텀스카이비즈) 3402호", ,,"화물운송 중개, 대리 및 관련 서비스업",2005-10-01,12월
한생해운항공 주식회사,"HAN SAENG EXPRESS CO., LTD",한생해운항공, ,김영남,기타법인,110111-0221228,214-81-24648,서울특별시 서초구 강남대로37길 42 (서초동),han saeng.co.kr,,"화물운송 중개, 대리 및 관련 서비스업",1978-11-02,03월
한생해운항공 주식회사,"Hansaeng Express Co., Ltd.",한생해운항공, ,김영남,기타법인,110111-9104607,799-87-03165,서울특별시 서초구 강남대로37길 42 (서초동),www.hansaeng.co.kr,,"화물운송 중개, 대리 및 관련 서비스업",2024-11-14,12월
한서교통주식회사,-,한서교통, ,박석준,기타법인,110111-0009731,218-81-07108,"서울특별시 송파구 헌릉로 869 (장지동, 송파공영차고지)",-,,시내버스 운송업,1970-10-01,12월
한석맨파워 주식회사,"Hansuk manpower Co.,ltd",한석맨파워, ,"안성모, 이용국",기타법인,135511-0154357,140-81-04389,"서울특별시 관악구 과천대로 941 (남현동) 501호 (남현동, 지산빌딩)",www.hsmanpower.co.kr,,물류 터미널 운영업,2004-10-22,12월
한선해운(주),Han Sun Shipping Co. Ltd.,한선해운, ,홍중표,기타법인,110111-0627369,120-81-04823,서울특별시 강남구 대치동 945-1 홍우빌딩 6층,www.hansun.co.kr,,기타 해상 운송업,1989-05-11,03월
(주)한성교통,hansungkyotong,한성교통, ,김영곤,기타법인,181211-0007382,620-81-00986,울산광역시 울주군 청량읍 웅촌로 1263 (율리), ,,시내버스 운송업,1987-01-01,12월
주식회사 한성라인,HANSUNG LINE CO.LTD.,한성라인, ,구현철,기타법인,110111-2878134,201-81-84204,"서울특별시 중구 세종대로 64 (태평로2가, 해남빌딩) 본관 7층", ,,외항 화물 운송업,2003-10-17,12월
한성물류(주),hsnsung,한성물류, ,전윤석,기타법인,131211-0010111,126-81-40604,경기도 화성시 비봉면 주석로485번길 19 1층,www.hwangso21.co.kr,,개인 화물자동차 운송업,1999-09-14,12월
한성여객운수 (주),없음,한성여객운수, ,조성봉,기타법인,110111-0036388,217-81-00397,서울특별시 노원구 덕릉로 811 (상계동),없음,,시내버스 운송업,1962-01-31,12월
한성운수(주),HANSUNG TRANSPORTATION L.T.D,한성운수, ,임상규,기타법인,110111-0091390,210-81-18969,서울특별시 강북구 번2동 375번지, ,,시내버스 운송업,1967-07-27,12월
한성운수(주),"HANSUNG TRANSPORTATION CO.,LTD.",한성운수, ,이상현,기타법인,150111-0000476,315-81-00347,충청북도 청주시 흥덕구 직지대로240번길 76 1층, ,,시내버스 운송업,1970-01-01,12월
한성운수,HANSUNG,한성운수, ,윤래성,기타법인,120111-0004143,131-81-01199,"인천광역시 남구 주안로 166 (주안동, 한성운수)", ,,택시 운송업,1976-07-01,12월
한솔로지스유 주식회사,"Hansol Logisyou Co., Ltd.",한솔로지스유, ,안성일,기타법인,110111-8201496,499-86-01988,"서울특별시 강서구 마곡중앙4로 22 비동 7층,9층(마곡동, 파인스퀘어)",www.hansollogisyou.com/,,일반 창고업,2022-02-16,12월
한솔로지스틱스(주),"Hansol Logistics CO., Ltd",한솔로지스틱스,009180,고정한,유가증권시장,110111-0150659,102-81-41359,서울특별시 중구 을지로 100 파인애비뉴 B동 22층,www.hansollogistics.com,,그 외 기타 운송관련 서비스업,1973-08-14,12월
한솔로지스틱스씨에스씨엠 주식회사,"Hansol Logistics CSCM Co., Ltd",한솔로지스틱스씨에스씨엠, ,권용섭,기타법인,180111-1066538,648-81-00553,부산광역시 중구 중앙대로 87 (중앙동4가) 4층, ,,일반 화물자동차 운송업,2016-12-02,12월
한솔로지스틱스티에스씨엠 주식회사,"Hansol Logistics TSCM Co,. Ltd",한솔로지스틱스티에스씨엠, ,은주동,기타법인,134211-0183642,359-87-00543,경기도 광주시 장지9길 34-16 (장지동), ,,일반 화물자동차 운송업,2016-12-02,12월
한솔티씨에스 주식회사,Hansol TCS,한솔티씨에스, ,홍영석,기타법인,180111-0831081,617-86-03207,"부산광역시 중구 대교로 119 (중앙동6가, 씨제이대한통운빌딩) 9층", ,,"화물운송 중개, 대리 및 관련 서비스업",2012-11-16,12월
한송건영(주),hansong construction,한송건영, ,윤준열,기타법인,110111-5845081,507-86-00219,"서울특별시 송파구 송파대로24길 5 (가락동, 다농빌딩) 2층", ,,보관 및 창고업,2015-09-23,12월
주식회사 한스에프앤엘,"HANS F&L Co,.Ltd.",한스에프앤엘, ,한창호,기타법인,134211-0121907,126-86-43154,경기도 광주시 오포읍 봉골길 153-1 (문형리), ,,일반 창고업,2011-07-28,12월
(주)한승항만물류산업,Hanseung Logistics Service,한승항만물류산업, ,박진기,기타법인,180111-0465327,617-81-49135,"부산광역시 남구 북항로 191 (감만동, 동부부산컨테이너터미널) 별관1층",hsls.co.kr,,내륙 수상 및 항만 내 운송업,2013-11-01,12월
(주)한신물류,"hanshin logistics.co.,ltd",한신물류, ,박정웅,기타법인,184511-0024428,621-81-40754,경상남도 김해시 상동면 상동로 504 (대감리), ,,일반 창고업,2000-09-27,12월
(주)한신티앤에스,"HanShin T&S co., ltd.",한신티앤에스, ,임규상,기타법인,110111-3985160,120-87-33427,서울특별시 서초구 서초동 1319-11 두산베어스텔 409호, ,,기타 보관 및 창고업,2008-10-16,12월
한아름금호관광주식회사(구회사명: 금호고속관광주식회사),HANARM TOUR,한아름금호관광, ,정명택,기타법인,110111-0018287,101-81-00277,서울특별시 종로구 관철동 252, ,,전세버스 운송업,1970-02-17,12월
주식회사 한양고속,hanyangexpress,한양고속, ,"이경수, 서동석",기타법인,164911-0000010,311-81-00118,"충청남도 서산시 음암면 운암로 648-4 (탑곡리, (주)한양고속)", ,,시외버스 운송업,1968-12-30,12월
(주)한양산업개발,hanyang,한양산업개발, ,김봉현,기타법인,134411-0029876,126-81-89626,경기도 이천시 중리동 450-32, ,,그 외 기타 운송관련 서비스업,2005-09-08,12월
한양상선(주),HanYang Shipping Co. Ltd.,한양상선, ,한용,기타법인,110111-0715453,220-81-01655,서울특별시 강남구 역삼동 605-3, ,,기타 해상 운송업,1990-08-06,12월
한양항공주식회사,"HANYANGAIR CO.,LTD",한양항공, ,주정봉,기타법인,110111-1261603,105-81-78568,"서울특별시 마포구 도화동 22, 창강빌딩1821호", ,,항공 운송업,1996-04-17,12월
한양해운(주),"HAN YANG SHIPPING CO.,LTD.",한양해운, ,심재영,기타법인,110111-0557003,102-81-24326,서울특별시 종로구 당주동 5번지 로얄빌딩 12층, ,,그 외 기타 분류 안된 운송 관련 서비스업,1989-05-01,12월
(주)한예들,"HANYEADEUL. , CO. LTD",한예들, ,임정만,기타법인,134511-0031259,135-81-29490,경기도 광주시 실촌면 열미리 502-2,http://www.himarvel.co.kr,,외항 화물 운송업,1999-01-02,12월
주식회사 한올,"HANALL CO., LTD",한올, ,신정모,기타법인,134411-0100478,597-86-02336,"경기도 성남시 분당구 황새울로200번길 28 11층 1106-13호(수내동, 오너스타워)", ,,일반 창고업,2021-03-12,12월
한욱홀딩스 주식회사,"HANWOOK HOLDINGS CO.,LTD.",한욱홀딩스, ,박철현,기타법인,176011-0069987,513-81-63285,경상북도 구미시 삼일로 58-1 (황상동), ,,보관 및 창고업,2011-04-22,12월
한원마리타임(주),"HANWON MARITIME CO.,LTD.",한원마리타임, ,지용호,기타법인,110111-2071481,101-81-63044,"서울특별시 종로구 종로 47 (공평동, 한국스탠다드차타드은행빌딩) 21층", ,,그 외 기타 운송관련 서비스업,2000-09-19,12월
(주) 한유,"HANYU CO., LTD.",한유, ,박기흥,기타법인,110111-0132871,201-81-37211,서울특별시 관악구 남부순환로 1883 (봉천동) 한유빌딩 4층,www.hanyuholdings.co.kr,,기타 수상 운송지원 서비스업,1967-09-14,12월
한이해운주식회사,Hanii Shipping Corporation,한이해운, ,오덕근,기타법인,110111-0856207,101-81-24963,서울특별시 종로구 운니동 98-78, ,,외항 화물 운송업,1992-05-06,12월
(주)한익스프레스,"HAN EXPRESS CO.,LTD",한익스프레스,014130,유인철,유가증권시장,124311-0015051,130-81-16025,경기도 화성시 양감면 초록로 103 (주)한익스프레스,www.hanex.co.kr,,일반 화물자동차 운송업,1979-05-15,12월
주식회사 한일,"Hanil Co., Ltd.",한일, ,박상우,기타법인,110111-0610885,107-81-25183,경상남도 창원시 의창구 차상로96번길 7-8 (팔용동),www.haniltrans.com/,,일반 화물자동차 운송업,1989-02-20,12월
(주)한일고속,HANIL EXPRESS CO.,한일고속, ,최지환,기타법인,110111-0022189,114-81-02382,"서울특별시 서초구 신반포로 194 (반포동, 강남고속버스터미널)",www.hanilexp.co.kr,,기타 도시 정기 육상 여객 운송업,1970-04-11,12월
한일버스주식회사,HANILBUS,한일버스, ,서주원,기타법인,160111-0005573,306-81-02604,대전광역시 대덕구 신탄진로315번길 72 (신대동), ,,시내버스 운송업,1979-07-21,12월
한일엘앤씨(주),HANIL L&C,한일엘앤씨, ,조성회,기타법인,134211-0144420,126-86-69343,"서울특별시 서초구 효령로 275 (서초동, BC서초타워)",www.hanilcm.com,,내항 화물 운송업,2013-09-13,12월
주식회사 한일여객,"HANIL EXPRESS CO., LTD.",한일여객, ,최석봉,기타법인,170111-0003244,502-81-08564,대구광역시 동구 신천4동 481, ,,시외버스 운송업,1949-05-02,12월
한일운수(주),-,한일운수, ,최석화,기타법인,170111-0007973,502-81-05723,대구광역시 수성구 달구벌대로 3300 (신매동),-,,시내버스 운송업,1977-09-01,12월
한일탱크터미널주식회사,"HANL TANK-TERMINAL CO., LTD",한일탱크터미널, ,이성욱,기타법인,110111-0087737,120-81-64379,서울특별시 강남구 삼성동 144-23,없음,,수상 화물 취급업,1968-03-19,12월
한일해운(주),"HANIL SHIPPING CO., LTD",한일해운, ,엄정헌,기타법인,131311-0079701,125-81-72781,경기도 평택시 포승읍 내기리 680-14,무,,외항 화물 운송업,2008-02-11,12월
주식회사  한  중,"HANJUNG CO., LTD.",한중, ,조광선,기타법인,174611-0001773,506-81-01369,경상북도 포항시 남구 괴동 135-4, ,,일반 화물자동차 운송업,1978-05-15,12월
한중물류(주),"Korea-China Logistics Co., Ltd.",한중물류, ,"안용남, 김승회",기타법인,120111-0420927,121-81-82856,인천광역시 중구 신흥동3가 76번지, ,,일반 창고업,2006-12-18,12월
(주)한진,HANJIN Logistics Corporation,한진,002320,노삼석,유가증권시장,110111-0003668,201-81-02823,서울특별시 중구 남대문로 63 한진빌딩,www.hanjin.com,,기타 도로화물 운송업,1958-03-10,12월
(주)한진교통,HANJIN Taxi transport,한진교통, ,박준성,기타법인,134511-0025533,135-81-25188,"경기도 용인시 기흥구 신정로 280 (보정동, 한진교통)", ,,택시 운송업,1997-11-01,12월
한진교통(주),"hanjin traffic  co., ltd",한진교통, ,신용석 신한구,기타법인,180111-0006064,607-81-17126,부산광역시 연제구 고분로253번길 24 (연산동), ,,택시 운송업,1968-06-16,12월
(주) 한진드림익스프레스,Hanjin Dream Express,한진드림익스프레스, ,서용원,기타법인,110111-1956692,119-81-37886,서울특별시 금천구 두산로 24 한진드림익스프레스,www.e-handex.co.kr,,택배업,2000-04-29,12월
한진부산컨테이너터미널 주식회사,Hanjin Busan Newport Co.Ltd,한진부산컨테이너터미널, ,김규경,기타법인,194111-0012875,609-81-79619,경상남도 창원시 진해구 신항로 434 한진해운신항만 7층 지원팀,www.hjnc.co.kr,,항구 및 기타 해상 터미널 운영업,2007-09-05,12월
한진울산신항운영 주식회사,"Hanjin Ulsan Newport Operation Co.,Ltd",한진울산신항운영, ,남준현,기타법인,230111-0175389,610-86-06936,울산광역시 울주군 온산읍 산암로 379 한진울산신항운영(주), ,,일반 창고업,2011-04-04,12월
한진인천북항운영(주),"Hanjin Incheon North port Operation Co., Ltd.",한진인천북항운영, ,구수모,기타법인,120111-0460014,137-81-87104,인천광역시 서구 북항로177번길 115 (원창동), ,,수상 운송지원 서비스업,2008-03-25,12월
한진케리로지스틱스주식회사,"HANJIN KERRY LOGISTICS CO.,LTD",한진케리로지스틱스, ,유한일,기타법인,194111-0013948,609-81-84015,경상남도 창원시 진해구 신항5로 15-24 (용원동), ,,창고 및 운송관련 서비스업,2008-07-09,12월
한진평택컨테이너터미널(주),"Pyongtaek Container Terminal Co., Ltd.",한진평택컨테이너터미널, ,손창호,기타법인,131311-0054589,125-81-53620,경기도 평택시 포승읍 평택항만길 181-21 한진평택컨테이너터미널,www.pctc21.com,,수상 화물 취급업,2004-07-12,12월
(주)한진해운,"HANJIN SHIPPING CO., LTD.",한진해운,117930,석태수,기타법인,110111-4231835,107-87-28386,"서울특별시 강서구 공항대로 659 (염창동, 도레미빌딩)",www.hanjin.com,,해상 운송업,2009-12-02,12월
한창산업(주),"HAN CHANG INDUSTRIAL CO., LTD.",한창산업, ,김일동,기타법인,120111-0018483,121-81-11841,인천광역시 연수구 하모니로 184 2층(송도동), ,,기타 해상 운송업,1985-01-23,12월
주식회사 한창선박,"HAN CHANG SHIPPING CO.,LTD",한창선박, ,김진동,기타법인,131311-0062269,125-81-60780,경기도 평택시 포승읍 만호리 268-10, ,,기타 내륙 수상 여객 및 화물 운송업,2005-12-13,12월
한창여객주식회사,hanchang bus company,한창여객, ,이균필,기타법인,180111-0007012,605-81-03422,부산광역시 연제구 월드컵대로 420 (거제동), ,,시내버스 운송업,1967-10-11,12월
한창종합물류(주),HANCHANG,한창종합물류, ,이형규,기타법인,171711-0042075,506-81-36795,경상북도 포항시 남구 오천읍 송덕로212번길 27, ,,그 외 기타 운송관련 서비스업,2000-06-03,12월
(주)한큐한신익스프레스코리아,"HANKYU HANSHIN EXPRESS (KOREA) Co.,Ltd.",한큐한신익스프레스코리아, ,변종설,기타법인,110111-2931487,104-81-85810,"서울특별시 중구 서소문로 95 (서소문동, 정안빌딩)", ,,그 외 기타 운송관련 서비스업,2004-03-01,12월
(주)한타특수운송,-,한타특수운송, ,김영기,기타법인,180111-0283654,617-81-23741,"부산광역시 남구 신선로 168 (감만동, SK부산항화물차휴게소)", ,,도로 화물 운송업,1999-04-10,12월
(주)한터디앤디,HANTUR D&D,한터디앤디, ,조상철,기타법인,110111-0975677,214-87-32913,서울특별시 서초구 서초동1446-1, ,,여객 자동차 터미널 운영업,2003-04-16,12월
한호항공(주),"FLYING KOREA LTD., CO.",한호항공, ,김철영,기타법인,110111-0275902,105-81-61091,서울특별시 마포구 도화동 22,www.fkl.co.kr,,그 외 기타 운송관련 서비스업,1980-06-02,12월
합동물류(주),HapDong Logistics,합동물류, ,백영창,기타법인,130111-0049915,135-81-29355,경기도 수원시 장안구 송죽동 183-1,www.kdexp.com,,기타 도로화물 운송업,1998-12-28,12월
해강산업(주),haekang,해강산업, ,김흥기,기타법인,110111-0037576,201-81-49094,경기도 평택시 원평로28번길 6 (평택동) 2층, ,,택시 운송업,1962-04-20,12월
해강선박(주),"HAEKANG SHIPPING CO., LTD",해강선박, ,정연통,기타법인,181211-0021176,610-81-14751,울산광역시 남구 장생포고래로 271 (매암동) 울산항만공사 7층, ,,기타 수상 운송지원 서비스업,1992-06-23,12월
해광상선(주),"SEA BRIGHR MARITIME CO.,LTD",해광상선, ,이철,기타법인,110111-1536444,202-81-61198,서울특별시 용산구 한강로2가 용성비즈텔 1802, ,,외항 화물 운송업,1998-04-17,12월
(주)해광운수,HAEGWANGSHIPPING,해광운수, ,김병국,기타법인,200111-0260607,409-81-33537,전라남도 목포시 산정공단로 49-1 (연산동) 3층,www.땅끝보길.kr/,,내항 여객 운송업,1996-08-01,12월
(주)해나루항만,Haenaroo Harbor Inc.,해나루항만, ,신철석,기타법인,165011-0044841,311-81-47845,"충청남도 당진시 무수동2길 20 (읍내동, 나라빌딩)2층", ,,기타 내륙 수상 여객 및 화물 운송업,2014-03-10,12월
해도선박주식회사,"SEAWAY MARINE CO., LTD",해도선박, ,정태룡,기타법인,206211-0029691,417-81-30768,"전라남도 여수시 좌수영로 57, 7층 (광무동, 흥국생명빌딩)", ,,기타 내륙 수상 여객 및 화물 운송업,2007-07-10,03월
(주)해돋는관광,sunrisetour,해돋는관광, ,박대용,기타법인,131211-0022934,126-81-99333,경기도 여주시 점동면 성주로 674-3 (성신리), ,,전세버스 운송업,2006-12-25,12월
해동기업(주),"HAE DONG LTD.,Co.",해동기업, ,정영익,기타법인,174611-0012647,506-81-11019,경상북도 포항시 남구 연일읍 형산강남로418번길 58 (오천리) 해동기업(주), ,,창고 및 운송관련 서비스업,1992-02-01,12월
해동여객(주),"Haedong Co., Ltd",해동여객, ,손호진,기타법인,180111-0036201,618-81-02400,"부산광역시 기장군 기장읍 기장대로 313 (청강리, 동부산시내버스공영차고지)", ,,시내버스 운송업,1980-04-01,12월
주식회사 해동이엔씨,"HAEDONG ENGINEERING&CONSTRUCTION CO.,LTD",해동이엔씨, ,윤영배,기타법인,200111-0343700,408-81-96413,광주광역시 동구 금남로 190 (금남로5가), ,,전세버스 운송업,2012-05-29,12월
해륙해운항공(주),searoad trans,해륙해운항공, ,김한균,기타법인,110111-0364044,202-81-46106,서울특별시 중구 을지로1가 188-3,www.saroad.co.kr,,항공 운송업,1984-01-29,12월
해성마린 주식회사,"HAESUNG MARINE CO.,LTD.",해성마린, ,변해준,기타법인,110111-6658871,710-86-01148,"서울특별시 강남구 도산대로 168 6층 603호(논현동, 요진빌딩)", ,,외항 화물 운송업,2018-02-26,12월
(주)해성물류,HAE SUNG LOGISTICS,해성물류, ,이상경,기타법인,124611-0243630,121-81-42607,"인천광역시 중구 연안부두로33번길 10 3동115호(항동7가,2층)", ,,"화물운송 중개, 대리 및 관련 서비스업",2001-02-19,12월
해성선박(주),Haesung Shipping Co Ltd,해성선박, ,박성욱,기타법인,180111-0801711,605-86-12663,"울산광역시 남구 돋질로 423 3층(삼산동, 동심에드피아)", ,,해상 운송업,2012-04-10,12월
해성운수(주),Haesung Transportation,해성운수, ,정곤,기타법인,120111-0502311,137-81-96262,인천광역시 서구 거북로 27 (석남동) 3층 301호, ,,시내버스 운송업,2010-09-01,12월
해성운수(주),Hae Sung Une Su,해성운수, ,"정부길, 정승오",기타법인,110111-0017528,218-81-02535,서울특별시 양천구 가로공원로 71 (신월동), ,,택시 운송업,1964-01-01,12월
(주)해양공사,"HAE YANG CHECKERS CO., LTD.",해양공사, ,강창기,기타법인,180111-0108836,601-81-20128,부산광역시 중구 충장대로13번길 29-2 (중앙동4가) 해암빌딩, ,,"화물 포장, 검수 및 계량 서비스업",1991-05-01,12월
해용궁산업주식회사,"Hae Ryong gung Industry Co., LTD",해용궁산업, ,최정수,기타법인,180111-0240795,604-81-36143,부산광역시 사하구 다대동 680-21, ,,냉장 및 냉동 창고업,1997-10-29,12월
주식회사 해우지엘에스,"HAEWOO GLS CO.,LTD.",해우지엘에스, ,김진일,기타법인,110111-0360646,117-81-15697,서울특별시 강서구 등촌동 678-10 재영빌딩 8층, ,,항공 및 육상 화물 취급업,1984-01-04,12월
해운대고속(주),haeundae express,해운대고속, ,김선삼,기타법인,180111-0593079,605-81-83799,부산광역시 해운대구 해운대로 641 (우동), ,,시외버스 운송업,2007-07-16,12월
(주)해원냉장,hae won cold storage,해원냉장, ,박삼암,기타법인,180111-0044296,603-81-15499,부산광역시 서구 원양로 67 (암남동), ,,냉장 및 냉동 창고업,1982-05-20,12월
해윤물류(주),HAEYOON LOGISTICS,해윤물류, ,조양제,기타법인,110111-1923865,107-81-80191,"서울특별시 강서구 양천로 510 (등촌동, 현대프린스텔빌딩)  912호",www.haeyoon.co.kr,,도로 화물 운송업,2000-04-01,12월
해인상선주식회사,"Hayne Shipping Co.,Ltd",해인상선, ,"신식우, 양진호",기타법인,110111-3485433,104-86-02003,서울특별시 송파구 석촌호수로 222 J타워 8층,www.hayneshipping.com,,외항 화물 운송업,2006-06-29,12월
해인상선(주),"HAEIN SHIPPING CO.,LTD.",해인상선, ,강영복,기타법인,180111-1319466,840-88-01875,부산광역시 사하구 구평로 27 (구평동), ,,외항 운송업,2020-12-20,12월
(주)해준로지스,HJ LOGIS CO.LTD,해준로지스, ,문상희,기타법인,110111-2671744,104-81-77533,서울특별시 종로구 신문로1가 163번지 오피시아 빌딩 903호, ,,기타 육상 운송지원 서비스업,2002-12-12,12월
유한회사해진해운,haejinshipping,해진해운, ,이상우,기타법인,201114-0004298,411-81-17485,"전라남도 목포시 북항로181번길 6-1 (죽교동, 북항여객선터미널)", ,,"화물운송 중개, 대리 및 관련 서비스업",1997-10-02,12월
(주)해피드림,"HappyDream Co., Ltd.",해피드림,065180,"전태일, 정완진",기타법인,130111-0036318,124-81-41378,충청남도 당진시 북문로 15 120동 136호(읍내동),www.thehappydream.co.kr,,일반 화물자동차 운송업,1995-11-27,12월
주식회사 해피랜드물류,HAPPYLAND LOGIS,해피랜드물류, ,임용빈,기타법인,134211-0118532,126-86-38670,경기도 광주시 도척면 진우리 1005, ,,일반 창고업,2011-03-15,12월
(주)해피로물류,HAPPYRO LOGISTICS INC.,해피로물류, ,이중우,기타법인,110111-3344598,220-87-19588,"서울특별시 강남구 도곡로 150 7층(도곡동, 대광빌딩)", ,,일반 화물자동차 운송업,2005-11-18,12월
해피투게더 세한여객 주식회사,happy together sae han co ltd,해피투게더세한여객, ,조칠순,기타법인,170111-0572926,460-86-00190,대구광역시 달성군 유가읍 테크노중앙대로2길 45 (유곡리), ,,시내버스 운송업,2015-07-20,12월
해피투게더 현대교통(주),"Happytogether Hyundae Transportaion.co.,Ltd.",해피투게더현대교통, ,김미경,기타법인,170111-0000951,502-81-00562,대구광역시 달성군 유가읍 테크노중앙대로2길 45 (유곡리), ,,시내버스 운송업,1969-11-03,12월
(주)핸들포유,Handle4u,핸들포유, ,이범주,기타법인,110111-2241688,105-86-25784,"경기도 성남시 수정구 위례광장로 19 (창곡동, 아이페리온) 1004호",www.handle4u.com,,그 외 기타 운송관련 서비스업,2001-05-20,12월
(주)행복농장,happy farm,행복농장, ,민경호,기타법인,124411-0117037,137-86-16598,경기도 이천시 부발읍 무촌로 21-97, ,,농산물 창고업,2011-11-28,12월
향일해운(주),hyangilheawoon,향일해운, ,조성윤,기타법인,206211-0045324,417-81-43448,전라남도 여수시 공화동 공화남 2길 23, ,,내항 여객 운송업,2011-12-13,12월
허리중부유통(주),HURRY JUNGBU YU TONG,허리중부유통, ,문정민,기타법인,150111-0061832,301-81-58398,충청북도 청원군 현도면 중삼리 292-1, ,,그 외 기타 운송관련 서비스업,2002-02-01,12월
허밍아비스,"hummingavis Co., Ltd.",허밍아비스, ,권종훈 최석종,기타법인,110111-3123752,505-81-40831,"경상북도 경주시 건천읍 밀구1길 59 (용명리,  (주)허밍아비스)",https://www.hummingavis.com:5033/main/main.asp,,일반 창고업,2004-11-30,12월
주식회사 허브넷로지스틱스,"HUBNET LOGISTICS.CO.,LTD",허브넷로지스틱스, ,김정현,기타법인,110111-4237180,109-86-21010,서울특별시 강서구 공항대로2길 64 (공항동) 2층, ,,통관 대리 및 관련서비스업,2019-12-10,12월
(주)헤리티지박스,HeritageBox,헤리티지박스, ,김남석,기타법인,110111-7868792,495-86-02364,"경기도 성남시 분당구 동판교로 55 (백현동, 로제비앙스퀘어) 701호", ,,일반 창고업,2021-04-27,12월
주식회사 헬리스타항공,"HELISTAR AIR CO.,LTD",헬리스타항공, ,김영상,기타법인,120111-0528086,121-86-02347,"서울특별시 종로구 새문안로 92 7층 (신문로1가, 광화문오피시아빌딩)", ,,그 외 기타 운송관련 서비스업,2010-04-02,12월
(주)헬리코리아,"HelikoreaCO.,LTD",헬리코리아, ,민경조,기타법인,160111-0055065,306-81-26038,"대전광역시 대덕구 한밭대로1003번길 158 (대화동, 삼주물산)", ,,항공 운송업,1996-07-09,12월
(주)헬만월드와이드로지스틱스,Hellmann Worldwide Logistics Inc,헬만월드와이드로지스틱스, ,김광수,기타법인,110111-1675903,109-81-57037,"서울특별시 강서구 강서로 402 (등촌동, 재영빌딩) 10층",www.hellmann.com,,그 외 기타 운송관련 서비스업,1999-04-06,12월
현대교통주식회사,"Hyundae Transportation Co.,Ltd.",현대교통, ,"이수선, 전기영",기타법인,110111-0059398,111-81-02326,"서울특별시 서대문구 모래내로 289 (홍은동, 현대교통주식회사)", ,,시내버스 운송업,1965-11-26,12월
유한회사현대교통,private company hyundai traffic,현대교통, ,최창구,기타법인,200114-0000015,408-81-00751,광주광역시 광산구 동곡로 411-7 (월전동), ,,시내버스 운송업,1966-09-20,12월
현대글로비스(주),"HYUNDAI GLOVIS Co., LTD.",현대글로비스,086280,이규복,유가증권시장,110111-2177388,106-81-97118,서울특별시 성동구 왕십리로 83-21 -,www.glovis.net,,그 외 기타 운송관련 서비스업,2001-02-22,12월
현대글로빌 주식회사,"Hyundai Gloville Co.,Ltd.",현대글로빌, ,정은성,기타법인,110111-7397379,828-88-01609,"서울특별시 강남구 언주로157길 3-4 (신사동, 글로빌빌딩)",hyundaigloville.com/,,"화물운송 중개, 대리 및 관련 서비스업",2020-03-01,12월
현대 네비스 주식회사,HYUNDAI NAVIS,현대네비스, ,손용찬,기타법인,110111-7538999,179-86-01954,"서울특별시 종로구 율곡로2길 25 (수송동, 연합뉴스빌딩) 15층",www.hyundainavis.com,,"화물운송 중개, 대리 및 관련 서비스업",2020-07-01,12월
현대벌크라인 주식회사,"HYUNDAI BULK LINE Co., Ltd.",현대벌크라인, ,김충현,기타법인,110111-5845495,890-88-00148,"서울특별시 종로구 율곡로 194 (연지동, 현대그룹빌딩)", ,,외항 화물 운송업,2015-09-23,12월
현대성우신소재(주),"HYUNDAI SUNGWOO ADVANCED MATERIALS CO., LTD.",현대성우신소재, ,"김병호, 박민규",기타법인,110111-5843530,869-87-00230,"서울특별시 강남구 봉은사로 609 (삼성동, 현대성우홀딩스빌딩)", ,,일반 화물자동차 운송업,2015-09-21,12월
현대엘엔지해운 주식회사,"HYUNDAI LNG SHIPPING CO., LTD.",현대엘엔지해운, ,이규봉,기타법인,110111-5378842,101-86-89753,"서울특별시 중구 세종대로 39 (남대문로4가, 대한서울상공회의소) 7층", ,,외항 화물 운송업,2014-03-31,12월
현대오일터미널 주식회사,"Hyundai Oil Terminal Co., Ltd.",현대오일터미널, ,신동화,기타법인,230111-0188027,610-86-12495,"울산광역시 울주군 온산읍 산암로 311-96 (산암리, 현대오일터미널(주))",www.oilterminal.co.kr/,,위험물품 보관업,2012-02-14,12월
현대오일터미널울산 주식회사,"Hyundai Oil Terminal Ulsan Co., Ltd",현대오일터미널울산, ,신동화,기타법인,230111-0410470,245-86-03282,"울산광역시 울주군 온산읍 산암로 311-96 (산암리, 현대오일터미널(주)) 2층", ,,위험물품 보관업,2024-05-31,12월
현대종합물류시스템(주),hyundelogisticssystem,현대종합물류시스템, ,김진혁,기타법인,134511-0057627,135-81-52031,경기도 용인시 처인구 역북동 370-3, ,,일반 창고업,2002-02-01,12월
주식회사 현대파킹타워,Jusighoesa Hyeondaepakingtawo,현대파킹타워, ,백진구,기타법인,124411-0209545,853-81-00951,"경기도 김포시 김포한강9로75번길 22 8층801호(구래동,폴리프라자2)", ,,주차장 운영업,2018-03-26,12월
현대해운주식회사,"HYUNDAI SHIPPING CO., LTD.",현대해운, ,김광선,기타법인,120111-0094582,121-81-19028,인천광역시 중구 선화동33-2,-,,내항 화물 운송업,1994-03-23,12월
(주)현대해운,"HYUNDAI SHIPPING CO.,LTD",현대해운, ,조명현,기타법인,110111-1754442,101-81-49794,"서울특별시 종로구 사직로 130 (적선동, 적선현대빌딩)", ,,"화물운송 중개, 대리 및 관련 서비스업",1999-08-20,12월
현성MTS주식회사,HYUNSUNG MTS,현성MTS, ,성기윤,기타법인,110111-0087159,110-81-22033,경기도 평택시 청북읍 서해로 1500-39 (후사리), ,,기타 운송관련 서비스업,1981-05-17,12월
주식회사 현성엠씨티,"HYUNSUNG MCT CO.,LTD.",현성엠씨티, ,구범수,기타법인,180111-1093531,190-81-00734,경상남도 사천시 신항만1길 76 (향촌동) 삼천포신항여객터미널,www.oceanvista.co.kr,,내항 여객 운송업,2017-05-08,12월
현영코리아 주식회사,Hyun Young korea  Inc,현영코리아, ,송광용,기타법인,134811-0130063,124-86-50080,경기도 화성시 남양동 1268-2 센타프라자 402호, ,,보관 및 창고업,2006-11-20,12월
현이냉동(주),"HYUN YI COLD STORAGE CO.,LTD.",현이냉동, ,김수환,기타법인,180111-1431616,469-86-02424,부산광역시 사하구 감천항로 240 (구평동), ,,냉장 및 냉동 창고업,2022-05-02,12월
(주)현진로지스,hyunjin,현진로지스, ,김영현,기타법인,134211-0189228,888-81-00700,경기도 광주시 도척면 국사봉로 185-36, ,,보관 및 창고업,2017-04-24,12월
(주)현진케이에스,HyunJIn KS,현진케이에스, ,최정호,기타법인,110111-2862989,105-86-58984,서울특별시 영등포구 여의도동 14-21, ,,외항 운송업,2003-09-25,12월
협성콘테이너터미널(주),"HYOPSUNG CONTAINER TERMINAL CO., LTD",협성콘테이너터미널, ,이상학,기타법인,180111-0024793,618-81-12155,부산광역시 남구 용당동 205-1, ,,일반 창고업,1976-05-28,12월
협성해운(주),HYOPSUNG SHIPPING CORPORATION,협성해운, ,왕대철,기타법인,110111-0160020,202-81-46130,"서울특별시 중구 을지로 16 (을지로1가, 프레지던트호텔) 905호",www.hyopsung.com,,내항 화물 운송업,1965-03-24,12월
(주)협운인터내셔날,HYOPWOON INTERNATIONAL CO LTD,협운인터내셔날, ,마성훈,기타법인,110111-2231746,220-86-12424,"서울특별시 종로구 새문안로5길 37 (도렴동, 도렴빌딩)", ,,"화물운송 중개, 대리 및 관련 서비스업",2001-05-19,12월
협진글로벌주식회사,"Hyupjin Global co., Ltd",협진글로벌, ,이문구,기타법인,110111-0543721,214-81-70763,"서울특별시 강남구 테헤란로4길 5 12층 (역삼동, 해암빌딩)",www.hyup-jin.co.kr,,그 외 기타 운송관련 서비스업,1987-11-01,12월
협진여객운수주식회사,hyop jin Trans. Co. ,협진여객운수, ,김학열,기타법인,134711-0000599,125-81-00569,경기도 평택시 용이동 36-15 번지, ,,시내버스 운송업,1957-05-24,12월
협진운수(주),HYUP JIN CITY BUS CO,협진운수, ,손용석,기타법인,160111-0003494,306-81-02638,"대전광역시 유성구 금남구즉로 1377 (봉산동, 협진운수(주))", ,,시내버스 운송업,1979-08-01,12월
(주)형동,hyung dong,형동, ,전효정,기타법인,134911-0076778,111-86-00736,경기도 광주시 고불로279번길 17-23 (태전동), ,,일반 창고업,2017-02-14,12월
(주)혜성티앤시,Hyesung T&C,혜성티앤시, ,김영조,기타법인,204611-0017351,416-81-39261,전라남도 광양시 김시식지길 4 (태인동), ,,일반 화물자동차 운송업,2002-12-17,12월
(주)혜성티앤시,Hyesung T&C,혜성티앤시, ,김영조,기타법인,204611-0017351,416-81-39261,전라남도 광양시 김시식지길 4 (태인동), ,,일반 화물자동차 운송업,2002-12-17,12월
주식회사 혜인물류,HYEA IN LOGISTIC,혜인물류, ,하용포,기타법인,134611-0043533,125-81-83861,경기도 안성시 원곡면 만세로 959-33 (칠곡리), ,,일반 창고업,2009-10-16,12월
호경운수(주),ho kyoung trans,호경운수, ,"정승윤, 정부길",기타법인,110111-2651001,206-81-76451,"서울특별시 강서구 남부순환로 203 (내발산동, 대성교통(주)차고지)", ,,창고 및 운송관련 서비스업,2002-11-25,12월
(유)호남고속,HONAMEXPRESS,호남고속, ,김병수,기타법인,210114-0000873,418-81-02552,전라북도 전주시 덕진구 신복천변로 28 (팔복동1가),www.honamgosok.co.kr/main/main.asp,,시외버스 운송업,1980-03-08,12월
호남복합물류(주),"Honam Integrated Freight Terminal Co.,LTD",호남복합물류, ,김종호,기타법인,135111-0054050,123-81-60595,전라남도 장성군 서삼면 용흥리 576, ,,물류 터미널 운영업,2000-09-08,12월
(주)호남진흥,honamjinheung,호남진흥, ,심도섭,기타법인,206211-0023198,417-81-25718,전라남도 여수시 월내동 252번지, ,,기타 육상 운송지원 서비스업,2002-06-19,12월
호법물류 주식회사,HBTRANS,호법물류, ,윤백호,기타법인,110111-8194732,594-86-02394,"서울특별시 서초구 강남대로27길 7-9 (양재동, 배상면주가) 2층", ,,일반 창고업,2022-02-10,12월
호산물류(주),HOSAN,호산물류, ,이상호,기타법인,134511-0222692,142-81-66080,경기도 용인시 처인구 원삼면 보개원삼로 2051 (두창리), ,,일반 창고업,2013-12-09,12월
주식회사호신건설,hsoin,호신건설, ,신재섭,기타법인,171711-0107051,506-81-85321,경상북도 포항시 남구 동해면 연오로15번길 12-55 (도구리), ,,항공 운송업,2013-08-07,12월
호안해운(주),"HOAN SHIPPING CO.,LTD",호안해운, ,박숙희,기타법인,110111-3137787,101-86-11008,서울특별시 종로구 당주동 로얄빌딩 13층 1311호, ,,외항 화물 운송업,2004-12-24,12월
(주)호영,HOYOUNG,호영, ,공성식,기타법인,161511-0094634,312-81-95919,충청남도 천안시 동남구 풍세면 미죽로 438 (미죽리) (주)호영, ,,"화물운송 중개, 대리 및 관련 서비스업",2007-11-30,12월
주식회사 호텔화인,HOTEL FINE,호텔화인, ,최용호,기타법인,224111-0021613,616-86-01773,제주특별자치도 서귀포시 동문동로 15-1 제주특별자치도 서귀포시 칠십리로 87(서귀동),hotelfine.co.kr,,항공 여객 운송업,2012-12-21,12월
홍림수산냉동주식회사,"HONGLIM FISHERIES REFIGERATION CO.,LTD.",홍림수산냉동, ,장재수,기타법인,180111-0089309,603-81-11232,부산광역시 사하구 원양로 340 (감천동), ,,냉장 및 냉동 창고업,1989-06-15,12월
(주)홍익항공,"HONGIKAIR SERVICE.CO.,LTD",홍익항공, ,라석찬,기타법인,110111-0866719,107-81-39620,"서울특별시 강서구 국회대로 255 (화곡동, 원철빌딩) 5층",www.hongikair.co.kr,,항공 운송업,1992-06-17,12월
(주) 홍인관광여행사,hongintour,홍인관광여행사, ,홍이선,기타법인,134811-0039182,124-81-59465,경기도 용인시 처인구 신기로 113 (남동), ,,전세버스 운송업,1999-01-01,12월
화동해운주식회사,HUADONG SHIPPING CORPORATION,화동해운, ,송낙철,기타법인,110111-6289535,353-81-00733,"서울특별시 종로구 효자로 23 1층(통의동, 국제항운(주))", ,,"화물운송 중개, 대리 및 관련 서비스업",2017-01-13,12월
화륭기업(주),"HWA RYUNG CO.,LTD",화륭기업, ,정충기,기타법인,180111-0509282,607-81-71945,부산광역시 동구 초량동 1147-14 국제오피스텔 1613, ,,위험물품 보관업,2005-02-01,12월
(주)화성,HWASUNG,화성, ,박상준,기타법인,110111-0280282,134-81-10149,"경기도 안산시 상록구 항가울로 410 (성포동, 안산종합버스터미널)", ,,여객 자동차 터미널 운영업,1980-09-13,12월
화성고속주식회사,Hwasung express corp .,화성고속, ,박학도,기타법인,144811-0000363,228-81-00403,"강원도 태백시 광장로 6 (황지동, 영암운수)",www.bustago.com,,시외버스 운송업,1985-06-17,12월
화성도시고속도로주식회사,The HS-City Expressway,화성도시고속도로, ,박성범,기타법인,134111-0222301,138-81-75765,"경기도 화성시 비봉면 비봉매송로 479 (쌍학리, 화성비봉영업소)",www.hsuh.co.kr,,도로 및 관련시설 운영업,2012-06-08,12월
(주)화성여객,HWASUNG BUS,화성여객, ,허상준,기타법인,134811-0312182,135-86-52695,경기도 화성시 안녕남로 111 (안녕동),www.buspia.co.kr,,시내버스 운송업,2014-09-29,12월
주식회사 화성운수,HWASUNG,화성운수, ,권성욱,기타법인,134811-0153221,124-86-71746,"경기도 화성시 경기동로328번길 56 (장지동,동탄2차고지) 1층 K1사무실",100,,시내버스 운송업,2008-10-31,12월
(주)화순교통,Hwasun Transportation ,화순교통, ,이철우,기타법인,205211-0000197,408-81-07453,전라남도 화순군 화순읍 자치샘로 26-1 (교리), ,,시내버스 운송업,1987-10-01,12월
화신여객(주),hwashin yeogaek,화신여객, ,최자진,기타법인,180111-0026905,621-81-05908,"부산광역시 금정구 중앙대로 2310 (노포동, 금정시내버스공영차고지) 3층", ,,도시 정기 육상 여객 운송업,1977-06-29,12월
화신해운항공(주),"HWASIN SHIPPING&AIRCARGO CO., LTD",화신해운항공, ,서민재,기타법인,180111-0440072,603-81-53528,"부산광역시 동구 중앙대로180번길 13 (초량동, 오피스텔프레지던트) 1405호", ,,"화물운송 중개, 대리 및 관련 서비스업",2003-06-01,12월
화영엘앤씨 주식회사,DKL Corporation,화영엘앤씨, ,김익한,기타법인,131411-0228926,134-86-58740,인천광역시 서구 갑문2로 21 (오류동), ,,철도 운송지원 서비스업,2009-08-17,12월
화영운수주식회사,"WHA YOUNG BUS CO., LTD.",화영운수, ,김용운,기타법인,134911-0000438,133-81-04208,경기도 광명시 광명6동 748, ,,시내버스 운송업,1980-01-01,12월
(주)화이브오션,FIVE OCEAN CORPORATION,화이브오션, ,조병호,기타법인,110111-3393983,110-81-73702,"서울특별시 중구 무교로 6 9층 (을지로1가, 금세기빌딩)",www.fiveocean.co.kr,,외항 화물 운송업,2006-02-01,12월
주식회사 화인로지텍,WHAIN LOGITECH Co.Ltd,화인로지텍, ,원경연,기타법인,284111-0061500,132-81-65920,경기도 남양주시 수동면 비룡로 958 cu물류센타2층, ,,일반 창고업,2006-05-22,12월
(주) 화인물류,-,화인물류, ,김명숙,기타법인,135811-0106344,124-86-22963,"경기도 용인시 처인구 원삼면 보개원삼로 2160 (가재월리, 화인물류)",-,,일반 창고업,2004-08-01,12월
화인유통(주),finemart,화인유통, ,손창현,기타법인,131111-0016020,135-81-17505,경기도 양주시 광적면 광적로155번길 12 (석우리) 2층, ,,냉장 및 냉동 창고업,1993-07-01,12월
(주)화인훼미리,whainfamily,화인훼미리, ,원경연,기타법인,135711-0051187,126-81-73901,경기도 남양주시 수동면 입석리539-11, ,,기타 보관 및 창고업,2003-09-01,12월
화정터미널(주),hwajungterminal,화정터미널, ,오혁필,기타법인,110111-0842222,114-81-46191,경기도 고양시 덕양구 화정동 974번지, ,,여객 자동차 터미널 운영업,1992-03-13,12월
(주)환상제주투어버스,fantastic jeju tour bus,환상제주투어버스, ,조영구,기타법인,220111-0031744,616-81-32795,제주특별자치도 제주시 황사평길 35 (화북이동), ,,전세버스 운송업,2001-02-15,12월
(주)황금날개플러스,HWANGGUM NALGAE PLUS.CO.LTD,황금날개플러스, ,이강미,기타법인,284911-0195775,688-81-01322,경기도 파주시 파주읍 윗가마울길 77 (부곡리), ,,일반 창고업,2019-01-23,12월
(주)황소ENS,HWANG SO ENS,황소ENS, ,지경아,기타법인,151211-0023912,304-81-23582,충청북도 제천시 의병대로 351 (두학동), ,,일반 화물자동차 운송업,2010-08-19,12월
주식회사 황재물류,"HWANG JAE DISTRIBUTION CO.,LTD",황재물류, ,곽래영,기타법인,175011-0011559,503-81-85128,대구광역시 북구 노원동3가 58-3, ,,일반 화물자동차 운송업,2009-05-04,12월
효동선박주식회사,"hyodong shipping co,. ltd",효동선박, ,권세진,기타법인,180111-0000719,601-81-04040,부산광역시 중구 충장대로9번길 16 (중앙동4가),www.hyodongship.com,,내항 화물 운송업,1971-08-02,12월
효동항업주식회사,"HYO DONG MARINE SERVICE CO,LTD",효동항업, ,박영수,기타법인,204711-0004801,417-81-04799,전라남도 여수시 공화동 1047-6, ,,내항 화물 운송업,1990-04-18,03월
효성트랜스월드(주),"Hyosung Trans World co., Ltd.",효성트랜스월드, ,송성진,기타법인,110111-1396848,110-81-37083,서울특별시 마포구 마포대로 92 효성해링턴스퀘어 A동3층(도화동), ,,"화물운송 중개, 대리 및 관련 서비스업",1997-04-01,12월
효진상운(주),"Hyojin Logistics Co.,Ltd.",효진상운, ,윤상돈,기타법인,180111-0211556,617-81-17782,부산광역시 남구 유엔평화로14번길 40 (대연동) 아루나빌딩 4층, ,,일반 화물자동차 운송업,1996-07-29,12월
효천급유주식회사,"HYO CHEON MARINE  BUNKERING CO.,LTD.",효천급유, ,김철홍,기타법인,180111-0120533,601-81-20958,부산광역시 중구 해관로 39 (중앙동2가) 효천빌딩 4층, ,,내항 화물 운송업,1991-12-15,12월
(주)후지글로벌로지스틱,"Fuji Global Logistics Co.,Ltd.",후지글로벌로지스틱, ,이배명,기타법인,180111-0719279,603-81-75084,"경상남도 창원시 진해구 신항로 434-2 (안골동, 후지글로벌로지스틱)",www.fuji-global.com,,일반 창고업,2010-07-01,12월
훼어선박,"FAIRSHIPMANAGEMENT CO.,LTD",훼어선박, ,김성중,기타법인,180111-0270601,617-81-22494,부산광역시 중구 중앙대로 126 (중앙동4가) 부일빌딩 502호, ,,기타 수상 운송지원 서비스업,1998-12-01,12월
(주)휴맥스해운항공,HUMEX SHIPPING&AIR FREIGHT CORP,휴맥스해운항공, ,"정준택, 구원회",기타법인,110111-2637895,101-81-87973,"서울특별시 금천구 가산디지털2로 123 (가산동, 월드메르디앙2차) 617호", ,,수상 운송지원 서비스업,2002-10-23,12월
휴먼시스템 주식회사,Human System Inc.,휴먼시스템, ,박상균,기타법인,134511-0235968,142-81-73301,"경기도 용인시 처인구 양지면 중부대로 2453-36 (제일리, 신영냉장)",www.humansystem.net,,"화물 포장, 검수 및 계량 서비스업",2014-06-16,12월
흥아라인 주식회사,"HEUNG A LINE CO., LTD.",흥아라인, ,구현철,기타법인,110111-7291597,666-87-01659,서울특별시 중구 세종대로12길 12 (남대문로4가) 해남2빌딩 3층,www.heungaline.com,,외항 화물 운송업,2019-11-13,12월
주식회사 흥아로지스틱스,HEUNG-A LOGISTICS,흥아로지스틱스, ,성낙운,기타법인,110111-3631557,104-86-06576,"서울특별시 중구 동호로 336 14층 (쌍림동, 한림빌딩)",www.halogistics.co.kr,,그 외 기타 운송관련 서비스업,2007-03-06,12월
흥아마린(주),"PTS Co.,Ltd.",흥아마린, ,최진섭,기타법인,180111-0986000,641-88-00153,"부산광역시 중구 중앙대로 102 (중앙동4가, 팬오션(주)부산빌딩) 1600호", ,,기타 수상 운송지원 서비스업,2015-08-03,12월
(주)흥아지엘에스,HEUNG-A GLS,흥아지엘에스, ,오영훈,기타법인,110111-3381491,101-86-20768,"인천광역시 중구 공항동로296번길 98-114 (운서동, 인천국제공항자유무역지역) 공항물류단지B1블럭 C-204호", ,,일반 창고업,2006-01-16,12월
흥아해운(주),"HEUNG-A SHIPPING CO.,LTD.",흥아해운,003280,이환구,유가증권시장,110111-0515275,120-81-62522,"서울특별시 중구 청계천로 8 (무교동, 프리미어플레이스빌딩) 5층",www.heung-a.com,,외항 화물 운송업,1961-12-08,12월
흥안운수주식회사,Heungan transportaionco,흥안운수, ,조장우,기타법인,110111-0116792,217-81-00780,"서울특별시 노원구 덕릉로 811 (상계동, 흥안운수(주))", ,,시내버스 운송업,1972-06-21,12월
흥진상운 주식회사,"HEUNG JIN CO.,LTD",흥진상운, ,노종호,기타법인,230111-0180734,610-86-09331,울산광역시 남구 장생포고래로155번길 13 (장생포동), ,,기타 해상 운송업,2011-08-22,12월
(주)흥해,"HEUNG HAE CO., LTD",흥해, ,배동진,기타법인,120111-0008658,121-81-10667,인천광역시 동구 화수동 7, ,,기타 해상 운송업,1979-12-03,12월
희창냉장(주),"HEE CHANG COLDSTORAGE CO.,LTD.",희창냉장, ,권중천,기타법인,134511-0041133,135-81-38984,경기도 용인시 모현면 숙산리 260, ,,냉장 및 냉동 창고업,2000-06-01,12월
희창씨앤에프(주),"HEECHANG C&F CO., LTD",희창씨앤에프, ,권중천,기타법인,120111-0450792,121-81-88336,인천광역시 중구 항동7가71-1 희창물산내 209호, ,,냉장 및 냉동 창고업,2007-12-06,12월
