회사이름,영문명,공시회사명,종목코드,대표자명,법인구분,법인등록번호,사업자등록번호,주소,홈페이지,IR홈페이지,업종명,설립일,결산월
(주)EG메탈,"EG Metal Co.,Ltd",EG메탈, ,이인,기타법인,230111-0164506,610-86-02148,울산광역시 남구 황성동 836,-,,"금속류 해체, 선별 및 원료 재생업",2010-04-08,12월
NC부산(주),NC BUSAN,NC부산, ,강일영 강경진,기타법인,180111-0559914,603-81-62667,부산광역시 기장군 정관면 산단로 642,www.ncnet.co.kr,,지정 외 폐기물 처리업,2006-06-26,12월
NC양산(주),NC YANGSAN,NC양산, ,강경진,기타법인,181211-0014045,610-81-13107,경상남도 양산시 산막공단북5길 29 (산막동),www.ncnet.co.kr,,지정 외 폐기물 처리업,1990-12-26,12월
NC울산(주),"NC ULSAN CD.,LTD",NC울산, ,강경진,기타법인,181211-0022603,610-81-16287,울산광역시 남구 용잠동 529-18, ,,지정 폐기물 처리업,1993-09-01,12월
NC함안(주),NCHAMAN,NC함안, ,강일영 강경진,기타법인,194311-0024686,608-81-75264,경상남도 함안군 칠서면 공단안길 66-95,www.ncnet.co.kr,,"지정 외 폐기물 수집, 운반업",2009-02-23,12월
(주)가나엔텍,GANA ENTEC,가나엔텍, ,황창원,기타법인,285011-0176269,128-86-49057,경기도 남양주시 진접읍 금강로 976 (내곡리) 2층, ,,하수 처리업,2010-05-10,12월
주식회사 가람,"GARAM Co.,Ltd.",가람, ,"강진수, 서재석",기타법인,131411-0144768,134-86-04716,충청남도 아산시 인주면 걸매리 1045,-,,"금속류 해체, 선별 및 원료 재생업",2003-09-03,12월
(주)가이아환경,"GAIA ENVITONMENT Co., Ltd",가이아환경, ,배해자,기타법인,180111-0080208,606-81-40930,부산광역시 사상구 낙동대로815번길 28-31 (감전동), ,,"지정 외 폐기물 수집, 운반업",1991-04-25,12월
주식회사강남주민협의체,GangNam Jumin Hyeopche,강남주민협의체, ,이석선,기타법인,110111-4801307,120-87-79383,"서울특별시 강남구 개포로 623,634 (개포동대청타워)", ,,"지정 외 폐기물 수집, 운반업",2012-02-27,12월
강릉아랫물길주식회사,"Kangreung Sewage Pipe Co., ltd",강릉아랫물길, ,문인섭,기타법인,110111-3736662,104-86-09909,강원도 강릉시 사천면 석교리 394-3, ,,하수 처리업,2007-08-16,12월
(주)강북공영,"Gangbukgongyoung Co.,Ltd.",강북공영, ,김희철,기타법인,110111-1382615,210-81-22819,경기도 양주시 광적면 화합로 26 (효촌리), ,,"건설 폐기물 수집, 운반업",1997-02-26,12월
주식회사 강원금속,"KANG WON METAL CO.,LTD",강원금속, ,김덕규,기타법인,141211-0021322,224-81-22915,강원도 원주시 지정면 신평리787,www.kangwonmetal.co.kr,,"비금속류 해체, 선별 및 원료 재생업",2001-07-12,12월
강원바이오에너지(주),"Gangwon Bio Energy Co., Ltd.",강원바이오에너지, ,안상국,기타법인,141211-0057640,224-81-51972,강원도 원주시 저금어지길 456, ,,지정 외 폐기물 처리업,2011-09-21,12월
강인산업(주),kang in,강인산업, ,이경호,기타법인,206411-0013509,416-81-30993,충청남도 당진군 송산면 동곡리 174-2, ,,"금속류 해체, 선별 및 원료 재생업",2001-03-02,12월
(주)강화클린,kanghwaclean corporation,강화클린, ,허찬,기타법인,120111-0386880,137-81-71048,"인천광역시 강화군 불은면 강화동로726번길 126 (고능리, 강화클린)", ,,지정 외 폐기물 처리업,2005-10-26,12월
(주)개암이엔티,"GAEAM ENT Co.,Ltd",개암이엔티, ,박인규,기타법인,210111-0181380,418-81-11949,전라북도 전주시 덕진구 서귀로 150-4 (여의동), ,,"지정 외 폐기물 수집, 운반업",1995-01-04,12월
(주)거단산업,Keodan industry,거단산업, ,박형남,기타법인,131311-0059969,125-81-58192,경기도 평택시 청북읍 청북중앙로 692-23 (고잔리), ,,지정 외 폐기물 처리업,2005-06-02,12월
주식회사 건도개발,Geondo Inc.,건도개발, ,김권택,기타법인,180111-1277424,780-87-01843,부산광역시 사하구 다산로208번길 38 (장림동), ,,건설 폐기물 처리업,2020-12-01,12월
건백산업주식회사,GB environment ind.,건백산업, ,유수명,기타법인,144611-0004814,222-81-10505,"강원특별자치도 삼척시 우지1길 31 (우지동, 건백산업)", ,,건설 폐기물 처리업,1999-08-03,12월
주식회사 건용환경개발,kunyong,건용환경개발, ,김영철,기타법인,115311-0006644,127-81-34648,경기도 연천군 청산면 초대로 136 (대전리), ,,"폐기물 수집, 운반업",1999-10-15,12월
검단에코텍주식회사,Kumdan Ecotech Corporation,검단에코텍, ,김진헌,기타법인,110111-3205659,104-81-93251,인천광역시 서구 검단천로 333, ,,하수 처리업,2005-04-11,12월
경기이엔티 주식회사,"Gyeonggi ENT Co., Ltd.",경기이엔티, ,이정환,기타법인,134811-0410647,442-87-00791,경기도 화성시 남양읍 신남안길 251-95 (신남리),https://wik.co.kr,,건설 폐기물 처리업,2017-06-01,12월
경남기업 주식회사,KyungNam Co.Ltd,경남기업, ,윤민애,기타법인,124311-0005713,130-81-05547,"경기도 부천시 소향로 17 (상동, 두성프라자) 503호", ,,"지정 외 폐기물 수집, 운반업",1980-05-08,12월
(주)경동기업,"KyungDong co.,LTD.",경동기업, ,정광채,기타법인,174811-0052441,515-81-37615,경상북도 경산시 남천면 하도리 754-2 , ,,지정 폐기물 처리업,2009-10-12,12월
경마금속쓰리알(주),"Kyungma Metal 3R..,Co Ltd",경마금속쓰리알, ,김종태,기타법인,110111-1833634,206-81-20277,"서울특별시 성동구 성수일로 18 (성수동1가, 경마금속)", ,,"폐기물 수집, 운반업",2000-01-01,12월
경민철강(주),kyungminsteel.Co.Ltd,경민철강, ,박기언,기타법인,171711-0064574,506-81-54788,충청북도 충주시 엄정면 세고개안길 123-18 (신만리), ,,금속류 원료 재생업,2005-04-06,12월
경산맑은물 주식회사,Gyeongsan Pure Water Co.Ltd.,경산맑은물, ,조영주,기타법인,134111-0547410,720-86-01733,"경기도 안양시 만안구 일직로 88 8층(석수동, 케이타워 본관)", ,,하수 처리업,2020-03-13,12월
경산맑은물길(주),"Gyeongsan Clean Water Way CO.,LTD",경산맑은물길, ,조영주,기타법인,120111-0701848,131-86-59022,경상북도 경산시 경안로 497 (대정동), ,,하수 및 폐수 처리업,2014-03-27,12월
경산에코에너지 주식회사,"Kyeongsan Eco Energy Co.,Lt",경산에코에너지, ,이병진,기타법인,110111-4640325,215-87-55980,"서울특별시 영등포구 여의공원로 111 (여의도동, 여의도태영빌딩)", ,,"폐기물 수집, 운반, 처리 및 원료 재생업",2011-07-05,12월
경인그린텍주식회사,KYUN GREEN TECH CO.LTD,경인그린텍, ,김재우,기타법인,120111-0439043,137-86-06256,인천광역시 서구 길무로 232-13 (오류동), ,,비금속류 원료 재생업,2010-10-01,12월
(주)경주농원,"Co., Ltd. Gyeong Ju Farm",경주농원, ,최환혁,기타법인,171211-0108439,324-86-01331,경상북도 경주시 천북면 천강로 295-260 (화산리), ,,지정 외 폐기물 처리업,2019-03-22,12월
경주바이오텍(주),GYEONGJU BIOTECH CORPORATION,경주바이오텍, ,김종일,기타법인,171211-0036739,505-81-39810,경상북도 경주시 외동읍 문산리 864-6, ,,하수 처리업,2004-09-21,12월
(주)경주산업개발,"Gyeng Ju Industrial Development Co,. Ltd",경주산업개발, ,기노준,기타법인,171211-0051018,505-81-51570,경상북도 경주시 건천읍 건천리 283,-,,지정 폐기물 처리업,2008-04-10,12월
경주에스엠씨 주식회사,"Gyeongju SMC Co.,Ltd.",경주에스엠씨, ,양치호,기타법인,171211-0044675,505-81-45705,경상북도 경주시 외동읍 문산리 864-6, ,,"하수, 폐수 및 분뇨 처리업",2006-09-21,12월
경주엔바이로(주),Kyoungju enviroment,경주엔바이로, ,유재홍,기타법인,110111-4227743,104-86-24593,경상북도 경주시 내남면 반구대로 3027 (노곡리), ,,하수 처리업,2009-11-26,12월
주식회사 경한,"KYUNG HAN CO., LTD.",경한, ,"국만호, 신용환",기타법인,110111-0339170,506-81-10252,경상북도 포항시 남구 대송면 철강산단로 176,http://www.gokh.co.kr,,"금속류 해체, 선별 및 원료 재생업",1982-12-14,12월
(주)고려엠텍,"Koryo M Tech Co., Ltd.",고려엠텍, ,박정이,기타법인,170111-0167587,514-81-36160,대구광역시 달성군 논공읍 비슬로264길 46-11 (상리), ,,금속류 원료 재생업,2000-02-21,12월
고려철재(주),kofeco,고려철재, ,빈옥균,기타법인,110111-1207607,206-81-49895,인천광역시 부평구 송내대로373번길 73 (삼산동),kofeco.com,,"금속류 해체, 선별 및 원료 재생업",1995-11-01,12월
(주)고려환경,korea environment ,고려환경, ,한순일,기타법인,120111-0101791,121-81-19940,인천광역시 중구 도원로 61 (유동), ,,"건설 폐기물 수집, 운반업",1994-12-15,12월
곡성환경(주),Goksung env,곡성환경, ,조영주,기타법인,200111-0187330,408-81-60666,전라남도 곡성군 옥과면 죽림5길 67-23 (죽림리), ,,하수 및 폐수 처리업,2004-01-06,12월
골든에코 주식회사,"Golden Eco Co., Ltd.",골든에코, ,안창욱,기타법인,204611-0058579,389-87-01349,전라남도 광양시 제철로 2412 (금호동), ,,지정 폐기물 처리업,2019-04-03,12월
(주)공감이앤티,Empathy Earth&Technology,공감이앤티, ,김상우,기타법인,110111-5983823,808-81-00359,경상북도 경주시 건천읍 용명공단길 173-160 (용명리), ,,지정 외 폐기물 처리업,2016-02-24,12월
주식회사광메탈,"GWANGMETAL CO.,LTD",광메탈, ,이강준,기타법인,154511-0042913,303-81-55757,충청북도 음성군 생극면 일생로 435-33, ,,"금속류 해체, 선별 및 원료 재생업",2009-09-16,12월
주식회사 광신스크렙,Gwangshinscrap,광신스크렙, ,김인진,기타법인,200111-0100340,410-81-51312,광주광역시 광산구 하남산단7번로 91, ,,"금속류 해체, 선별 및 원료 재생업",1999-06-16,12월
(주)광양환경공사,"Gwangyang Environment Co., Ltd.",광양환경공사, ,김채진,기타법인,206411-0006926,416-81-16690,전라남도 광양시 광양읍 유당로 35 (목성리),kysr.modoo.at//,,"지정 외 폐기물 수집, 운반업",1997-01-21,12월
광주맑은물(주),"Gwangju Clean Water Co., Ltd.",광주맑은물, ,이종윤,기타법인,110111-4309187,104-86-26868,"서울특별시 종로구 인사동7길 32 (관훈동, SK건설빌딩) 8층 일부",없음,,하수 처리업,2010-03-19,12월
광주자원환경주식회사,"GRE. Co.,Ltd",광주자원환경, ,정해복,기타법인,134211-0107668,126-86-27154,경기도 광주시 실촌읍 수양리 423, ,,지정 외 폐기물 처리업,2009-12-30,12월
광진수지 주식회사,kwangjinsooji,광진수지, ,서상훈,기타법인,120111-0450289,137-81-83689,"인천광역시 서구 건지로86번길 33 (가좌동, 광진수지)", ,,비금속류 원료 재생업,2007-10-01,12월
광진폐차산업(주),"KWANG JIN Automotive Dismantling IND Co.,Ltd",광진폐차산업, ,허진행,기타법인,135011-0089645,134-81-46633,경기도 안산시 단원구 성곡동 710-14, ,,"금속류 해체, 선별 및 원료 재생업",1999-06-14,12월
주식회사 구미그린,"Gumi Green CO.,LTD.",구미그린, ,김영호,기타법인,176011-0169810,345-81-02803,"경상북도 구미시 4공단로10길 56 (금전동, 구미매립장)",www.ecorbit.com,,지정 외 폐기물 처리업,2023-12-27,12월
구미맑은물(주),GUMIMAKEUNMUL,구미맑은물, ,윤정환,기타법인,110111-6201901,409-87-00606,"서울특별시 종로구 종로 33 (청진동, 그랑서울)", ,,하수 처리업,2016-10-13,12월
군산그린에너지센터(주),GUNSANGREENENERGYCENTER,군산그린에너지센터, ,이종민,기타법인,110111-5873925,507-88-00187,"서울특별시 종로구 종로 33 (청진동, 그랑서울)", ,,지정 외 폐기물 처리업,2015-10-28,12월
군포에코텍(주),Gunpo Ecotech Corporation,군포에코텍, ,김진헌,기타법인,110111-2629941,104-81-75952,경기도 군포시 호수로 170-85, ,,하수 처리업,2002-10-14,12월
(주)군포종합폐차장,GUNPOJONGHAP AUTO RECYCLING CENTER,군포종합폐차장, ,이선우,기타법인,135111-0115589,123-86-38424,경기도 군포시 공단로 37-1 (당동), ,,"금속류 해체, 선별 및 원료 재생업",2013-05-08,12월
(주)그린바이로,"GREENVIRO.CO.,LTD",그린바이로, ,김영석,기타법인,171711-0110377,506-81-87519,경상북도 포항시 남구 대송면 송덕로 188 (옥명리),www.greenviro.co.kr,,지정 폐기물 처리업,2014-03-01,12월
(주)그린밸리,encompany,그린밸리, ,김정환,기타법인,110111-2291138,215-86-11699,"서울특별시 용산구 독서당로 111 3층 (한남동, 한남더힐제근린생활시설동)", ,,"지정 외 폐기물 수집, 운반업",2001-07-20,12월
주식회사 그린서비스,"GREENS SERVICE Co.,Ltd.",그린서비스, ,이주연,기타법인,171711-0177856,452-81-03041,경상북도 포항시 남구 오천읍 하원로46번길 15-8 (원리) 1층, ,,"지정 외 폐기물 수집, 운반업",2022-11-29,12월
(주)그린순창,Green Sunchang INC.,그린순창, ,조영주,기타법인,160111-0134942,305-81-53570,전라북도 순창군 유등면 향가로 65, ,,하수 처리업,2002-03-19,12월
(주)그린스코,"Greensco CO.,LTD",그린스코, ,박래수,기타법인,110111-0938188,120-81-38186,인천광역시 남동구 고잔동 742-3,없음,,하수 및 폐수 처리업,1993-04-27,12월
그린스톤산업(주),GreenStone Industry Inc.,그린스톤산업, ,조만형,기타법인,280111-0083475,127-86-06564,경기도 양주시 은현면 용암로 143-33 (용암리), ,,건설 폐기물 처리업,2007-09-18,12월
그린에코 주식회사,"Green Eco Co., Ltd",그린에코, ,류용탁,기타법인,230111-0112331,610-81-76849,경상북도 경주시 천북면 오야리 12-65, ,,지정 폐기물 처리업,2005-05-09,12월
그린에코사이클 주식회사,"Green Eco Cycle Co., Ltd.",그린에코사이클, ,조광재,기타법인,110111-5481554,105-88-06651,경기도 평택시 안중읍 서해로 1219-6 (용성리), ,,"폐기물 수집, 운반, 처리 및 원료 재생업",2014-08-01,12월
그린에코솔루션 주식회사,"GREEN ECO SOLUTION CO.,LTD.",그린에코솔루션, ,조광재,기타법인,110111-7808714,696-81-02259,"서울특별시 중구 수표로 34 (저동2가, 씨티센터타워) 7층", ,,지정 외 폐기물 처리업,2021-03-09,12월
(주)그린엔텍,Green entec,그린엔텍, ,김정애,기타법인,120111-0081422,137-81-19760,인천광역시 서구 건지로109번길 54 (석남동), ,,폐수 처리업,1998-03-01,12월
주식회사 그린워터텍,주식회사 그린워터텍,그린워터텍, ,이상복,기타법인,120111-0722232,137-86-49314,인천광역시 서구 중봉대로 374 (원창동) 382-69, ,,폐수 처리업,2014-08-19,12월
주식회사 그린월드,"Green World Co., Ltd.",그린월드, ,신은영,기타법인,141111-0040316,226-81-45817,강원도 강릉시 강동면 임곡로 511 (임곡리), ,,지정 외 폐기물 처리업,2012-07-01,12월
그린이엔티(주),GREEN ENT(Co. Ltd),그린이엔티, ,안성국,기타법인,210111-0067043,405-81-08701,전라북도 전주시 완산구 서신로 19 (서신동) 301호, ,,"건설 폐기물 수집, 운반업",2009-11-19,12월
(주)그린플러스,greenplus Co. Ltd,그린플러스, ,김우순,기타법인,134611-0044317,125-81-84443,경기도 안성시 미양면 개정산업단지로 85 (개정리), ,,지정 외 폐기물 처리업,2009-11-17,12월
(주)그린환경기술,"green environment technology co.,ltd.",그린환경기술, ,이재환,기타법인,115211-0030408,132-81-30703,충청남도 천안시 서북구 성거읍 망향로 903-19, ,,지정 외 폐기물 처리업,1999-05-20,12월
금강도시환경주식회사,KUMKANG CITY ENT,금강도시환경, ,남경호,기타법인,111511-0045108,127-81-46412,경기도 양주시 은현면 은현로 352-39 (봉암리) 20번지, ,,"건설 폐기물 수집, 운반업",2001-05-09,12월
금광개발주식회사,"GEUMGWANG DEVELOPMENT CO., LTD.",금광개발, ,유선주,기타법인,184611-0025036,622-81-19201,경상남도 김해시 삼계동 산120번지,www.goldrecycle.co.kr,,건설 폐기물 처리업,1997-11-15,12월
(주)금광공사,KUM KWANG KONG SA,금광공사, ,김환국,기타법인,200111-0000996,409-81-00282,광주광역시 북구 불태1로 8 (대촌동), ,,"지정 외 폐기물 수집, 운반업",1974-09-13,12월
(주)금륜,"KUMRYUN CO.,LTD.",금륜, ,김옥례,기타법인,194711-0009052,613-81-57744,경상남도 하동군 금성면 경제산업로 507-80 (가덕리), ,,"폐기물 수집, 운반, 처리 및 원료 재생업",2010-08-10,12월
주식회사 금보산업,KEUMBO INDUSTRY,금보산업, ,"강우진, 김진희",기타법인,160111-0507941,269-86-01349,대전광역시 대덕구 대화로132번안길 34-21 (대화동), ,,비금속류 해체 및 선별업,2019-02-20,06월
(주)금성테크,"Keum Sung Tech co,. ltd",금성테크, ,김지환,기타법인,135511-0166378,140-81-12614,"경기도 시흥시 정왕동 1268-4,5 2나 406,406",-,,"금속류 해체, 선별 및 원료 재생업",2005-12-22,12월
금풍재생에너지 주식회사,"Gumfung Jaesaeng Energy Co., Ltd.",금풍재생에너지, ,정재섭,기타법인,194211-0208084,608-81-96065,울산광역시 울주군 삼동면 암리3길 22, ,,지정 폐기물 처리업,2012-12-14,12월
금호그린바이오부산 주식회사,Kumho Green Bio Busan Inc.,금호그린바이오부산, ,한락균,기타법인,180111-1579903,235-87-03375,부산광역시 강서구 낙동남로533번길 41 (녹산동), ,,"지정 외 폐기물 수집, 운반업",2024-11-01,12월
금호그린바이오창원 주식회사,Kumho Green Bio Changwon Inc.,금호그린바이오창원, ,한락균,기타법인,201311-0060987,784-81-00164,"경상남도 창원시 마산회원구 내서읍 광려로 41 (삼계리, 청남우노프라자 제에이동 3층 303호)", ,,"지정 외 폐기물 수집, 운반업",2015-07-20,12월
(주)금호환경,KUMHO ENVIRONMENT ,금호환경, ,김순복,기타법인,134711-0002991,125-81-17207,경기도 평택시 안중면 성해리 161,없음,,지정 외 폐기물 처리업,1987-10-17,12월
기베스(주),GIBES.CO.LTD,기베스, ,문종규,기타법인,180111-0919796,605-86-29242,부산광역시 강서구 생곡산단2로11번길 19 (생곡동),gibes2020@nate.com,,"비금속류 해체, 선별 및 원료 재생업",2014-06-27,12월
주식회사 기은솔루션,"Kieun Solution Co.,Ltd",기은솔루션, ,이기중,기타법인,134811-0707581,333-81-02872,경기도 화성시 장안면 장안로227번길 40-5 (어은리), ,,"지정 외 폐기물 수집, 운반업",2022-09-15,12월
주식회사 기은알에스,"Kieun RS Co.,Ltd",기은알에스, ,이덕희,기타법인,134811-0716491,332-87-02828,경기도 화성시 양감면 용소금각로 2 (용소리), ,,"지정 외 폐기물 수집, 운반업",2022-11-16,12월
기전산업주식회사,gijeon industries,기전산업, ,김종원,기타법인,110111-0318570,139-81-10071,인천광역시 남동구 남동동로34번길 25 (고잔동), ,,"금속류 해체, 선별 및 원료 재생업",1982-05-10,12월
김제에스엠씨 주식회사,Gimjesmc,김제에스엠씨, ,우철식,기타법인,214811-0014012,403-81-59989,전라북도 김제시 검산동, ,,"하수, 폐수 및 분뇨 처리업",2010-09-09,12월
김천그린환경 주식회사,Gimcheon green enviroment company,김천그린환경, ,양승석,기타법인,171311-0012969,510-81-15862,경상북도 김천시 대광동 850, ,,하수 처리업,2005-03-24,12월
주식회사 김해이앤아이,"GIMHAE ENI Co., Ltd.",김해이앤아이, ,이해정,기타법인,151111-0074967,438-81-02084,경상남도 김해시 주촌면 골든루트로66번길 70 (농소리), ,,지정 폐기물 처리업,2020-04-24,12월
(주)깨끗한환경,"clean environment co., ltd.",깨끗한환경, ,박귀연,기타법인,131311-0210115,726-87-01266,경기도 평택시 청북읍 청북중앙로 692-21 (고잔리), ,,지정 외 폐기물 처리업,2019-01-30,12월
꿈에그린 주식회사,"Dream Green Co., Ltd.",꿈에그린, ,유영미,기타법인,134811-0151746,124-86-63800,경기도 화성시 향남읍 장안로 764-30 2동,www.집수조준설.com,,"폐기물 수집, 운반, 처리 및 원료 재생업",2008-02-13,12월
주식회사 나라산업,"NARA INDUSTRY CO.,LTD",나라산업, ,이현진,기타법인,201311-0052835,416-81-90967,전라남도 순천시 해촌길 26 (조례동), ,,금속류 원료 재생업,2013-05-27,12월
(주)나무야처리장,Namuya Recycling Inc.,나무야처리장, ,김용현,기타법인,134211-0239875,762-87-01961,경기도 광주시 고불로 355-9, ,,지정 외 폐기물 처리업,2020-09-29,12월
남양기업(주),namyang enterprise ,남양기업, ,석도준,기타법인,190111-0054475,608-81-56457,경상남도 마산시 진전면 율티리 128-2, ,,"금속류 해체, 선별 및 원료 재생업",2004-07-02,12월
남양나주씨앤지 주식회사,namyangnajooc&g,남양나주씨앤지, ,윤호,기타법인,200111-0276042,409-86-08106,광주광역시 북구 중흥동 712-14 남양빌딩, ,,하수 처리업,2009-06-17,12월
남원산업(주),namwon.co,남원산업, ,정향기,기타법인,110111-0355902,219-81-08231,"서울특별시 강동구 아리수로93길 33 (강일동, 베스트프라자)7층",no1nam1@hanmail.net,,"폐기물 수집, 운반, 처리 및 원료 재생업",1983-09-02,12월
주식회사 남호,Namho,남호, ,"김명숙, 남용진",기타법인,234111-0081160,748-87-00063,경상남도 양산시 산막공단남8길 30, ,,금속류 원료 재생업,2015-06-01,12월
(주)네비엔,"NEVEN Co,.LTD",네비엔, ,이승재,기타법인,174611-0027240,506-81-24566,경상북도 포항시 남구 대송면 송동리 850번지, ,,"금속류 해체, 선별 및 원료 재생업",1996-12-20,12월
네이처이앤티주식회사,natureent inc.,네이처이앤티, ,이호진,기타법인,174611-0005006,506-81-04518,경상북도 포항시 남구 대송면 철강로492번길 49, ,,지정 외 폐기물 처리업,1986-02-27,12월
주식회사 네이처이앤티경주,"Dong yang eco Gyeongju  co., Ltd ",네이처이앤티경주, ,이호진,기타법인,170111-0422634,505-81-65282,경상북도 경주시 외동읍 구어2산단로1길 62, ,,지정 외 폐기물 처리업,2011-02-16,12월
(주)넥스트워터,"NEXT Water CO., LTD.",넥스트워터, ,김인석,기타법인,131111-0532282,677-86-01176,"경기도 성남시 수정구 위례서일로 18 205(창곡동, 더존메디컬타워)",www.ecorbit.com/,,하수 처리업,2018-10-01,12월
녹색자원(주),GREEN RECYCLING,녹색자원, ,이필영,기타법인,170111-0182783,503-81-47478,대구광역시 달서구 성서공단로21길 78 (갈산동), ,,"폐기물 수집, 운반, 처리 및 원료 재생업",2000-10-16,12월
논산그린환경주식회사,NonsSanGreen.Co.Ltd,논산그린환경, ,김양수,기타법인,161311-0017391,308-81-20705,충청남도 논산시 은진면 시묘리, ,,지정 외 폐기물 처리업,2005-04-14,12월
논산아랫물길 주식회사,"Nonsan Sewage Pipe Co., Ltd",논산아랫물길, ,정재환,기타법인,161311-0021251,308-81-24002,충청남도 논산시 계백로665번길 100 (등화동), ,,하수 처리업,2006-04-26,12월
놀뫼환경(주),"NOLMOE ENVIRONMENT CO., LTD.",놀뫼환경, ,서주원,기타법인,161311-0003853,308-81-05970,충청남도 논산시 벌곡면 황룡재로 361-11 (한삼천리), ,,건설 폐기물 처리업,1994-08-31,12월
농업회사법인(주)기반,GIVAN,농업회사법인기반, ,김미서,기타법인,161111-0020835,310-81-31582,충청남도 홍성군 은하면 홍남서로886번길 230 (덕실리) 139,www.givan.co.kr,,축산 분뇨 처리업,2014-11-28,12월
주식회사 누리,"corporation, joint stock company nuri",누리, ,임대옥,기타법인,204311-0028833,409-86-49539,전라남도 나주시 산포면 산남로 141 (등정리)  201호, ,,하수 처리업,2014-09-29,12월
주식회사 뉴그린 ,"Newgreen CO.,LTD",뉴그린, ,김형순,기타법인,110111-1197759,213-86-14351,"경기도 평택시 포승읍 포승공단순환로 602 (원정리, (주)뉴그린)", ,,지정 외 폐기물 처리업,1995-09-21,12월
주식회사 뉴그린에코,"New Green Eco Co.,LTD.",뉴그린에코, ,남곤,기타법인,180111-1361756,816-87-01986,경상북도 김천시 남면 농남로 1071-25 (부상리), ,,"지정 외 폐기물 수집, 운반업",2021-05-10,12월
(주)뉴대성,NEW DAE SEONG CO.LTD,뉴대성, ,이대석,기타법인,161511-0068382,312-81-72503,경기도 안산시 상록구 석호로 348 (본오동) 2층, ,,"방사성 폐기물 수집, 운반 및 처리업",2005-02-01,12월
뉴워터(주),"New Water co,.Ltd",뉴워터, ,김월봉,기타법인,214911-0029580,403-81-51901,전라북도 익산시 왕궁면 온수리 320-1, ,,축산 분뇨 처리업,2008-10-15,12월
주식회사 늘푸른환경,EverGreen Environmental.Co.LTD,늘푸른환경, ,원성남,기타법인,180111-0209999,601-81-30306,부산광역시 영도구 청학2동 1-15, ,,건설 폐기물 처리업,1996-07-04,12월
주식회사 다나에너지솔루션,"Dana Energy Solution Co.,Ltd.",다나에너지솔루션, ,이종석,기타법인,150111-0125323,317-81-14492,충청북도 청주시 청원구 오창읍 여천3길 166 다나에너지솔루션,eco-management.co.kr,,지정 외 폐기물 처리업,2009-08-05,12월
주식회사 다우메탈,"DAUMETAL CO.,LTD",다우메탈, ,최형진,기타법인,110111-3314400,214-87-78525,울산광역시 울주군 온산읍 화산리 333,www.daumetal.com,,"비금속류 해체, 선별 및 원료 재생업",2005-09-29,12월
(주)다원환경,DAWON,다원환경, ,정병관 박건호,기타법인,134811-0031310,124-81-51366,경기도 화성시 송산면 삼존리 649-17, ,,"건설 폐기물 수집, 운반업",1997-08-09,12월
달성맑은물길(주),"Dalsung Clean Waterway Co.,Ltd",달성맑은물길, ,조영주,기타법인,160111-0317770,305-86-16809,대구광역시 달성군 논공읍 논공중앙로 13, ,,하수 및 폐수 처리업,2012-02-28,12월
담양하수관거(주),Damyang-Sewerage Co.Ltd,담양하수관거, ,윤석진,기타법인,110111-3365544,220-87-21798,전라남도 담양군 담양읍 강쟁리, ,,하수 처리업,2005-12-22,12월
대건산업 주식회사,"DAEKEUN INDUSTRY CO., LTD",대건산업, ,김세훈,기타법인,134811-0035156,124-81-54607,경기도 화성시 향남면 동오리 135-5,-,,"비금속류 해체, 선별 및 원료 재생업",1998-02-10,12월
(주)대경산업,"Daekyung Industry Co., LTD",대경산업, ,박주원,기타법인,195311-0007201,611-81-16844,경상남도 합천군 율곡면 임북길 171 (임북리),-,,"금속류 해체, 선별 및 원료 재생업",2008-12-23,12월
대경스틸 주식회사 ,Daekyeong Steal co.ltd,대경스틸, ,이병익,기타법인,200111-0261879,410-86-20584,광주광역시 광산구 도천남길 38-42 (도천동), ,,금속류 해체 및 선별업,2008-07-01,12월
대광에코텍 주식회사,"DAEKWANG ECOTECH Co., Ltd.",대광에코텍, ,유승무,기타법인,280211-0215141,125-86-32881,경기도 양주시 은현면 은현로 352-60, ,,지정 외 폐기물 처리업,2020-08-31,12월
대구에코 주식회사,DAEGUECO.CO.KR,대구에코, ,박한상,기타법인,110111-6561389,630-87-00952,서울특별시 용산구 한강대로 350 (갈월동) 9층, ,,하수 처리업,2017-11-20,12월
(주)대길이에스,DAEGILES,대길이에스, ,"김문회, 김구회",기타법인,115611-0012945,128-81-27761,경기도 파주시 월롱면 영태리 14-7,dgcall@hanmail.net,,"비금속류 해체, 선별 및 원료 재생업",1997-04-29,12월
대길환경 주식회사,WIK Environment Limited,대길환경, ,김영호,기타법인,161211-0009267,307-81-16606,충청남도 공주시 이인면 백제큰길 1096,wik.co.kr/,,"건설 폐기물 수집, 운반업",2001-03-31,12월
(주)대룡이앤씨,DAERYONG E&C,대룡이앤씨, ,이종대,기타법인,135011-0105558,134-81-59399,경기도 안산시 단원구 목내동 396-1, ,,"폐기물 수집, 운반, 처리 및 원료 재생업",2000-08-22,12월
대륙자원(주),daeruckresources co.ltd.,대륙자원, ,조영춘,기타법인,110111-0284862,107-81-11689,서울특별시 영등포구 문래동6가 5-2 문래아카데미8층, ,,"금속류 해체, 선별 및 원료 재생업", ,12월
주식회사대명크린,DaeMyeongClean,대명크린, ,정진환,기타법인,200111-0126445,410-81-61687,"광주광역시 서구 매월1로 50-4 (매월동, 대명크린)", ,,"지정 외 폐기물 수집, 운반업",2000-12-15,12월
(주)대방,"DAEBANG co,.LTD.",대방, ,방기경,기타법인,171311-0021910,510-81-26850,경상북도 김천시 농공단지1길 30 (신음동), ,,비금속류 원료 재생업,2011-08-19,12월
대생 리클린 주식회사,Daesaeng Re-Clean ,대생리클린, ,고정환,기타법인,110111-6342268,491-81-00715,"충청남도 당진시 대호지면 충장로 139 (두산리, (주)대생ENT)", ,,"폐기물 수집, 운반, 처리 및 원료 재생업",2017-03-13,03월
주식회사 대성에코에너지센터,"CO.,LTD DASUNG ECO ENERGY CENTER",대성에코에너지센터, ,"김호석, 김영중",기타법인,165011-0056888,382-86-01036,충청남도 당진시 석문면 산단4로 379 (장고항리 1421), ,,지정 폐기물 처리업,2016-12-23,12월
대성환경에너지(주),"Daesung Eco-Energy Co.,Ltd.",대성환경에너지, ,이석형,기타법인,170111-0267379,504-81-56913,대구광역시 달성군 다사읍 다사로 822,www.deeco.co.kr,,"비금속류 해체, 선별 및 원료 재생업",2004-05-24,12월
(주)대승메탈,"DAE SEUNG METAL CO.,LTD.",대승메탈, ,신명운,기타법인,115211-0045697,132-81-48917,경상북도 포항시 남구 오천읍 광명산단로 120 (광명리), ,,"금속류 해체, 선별 및 원료 재생업",2003-03-06,12월
대신철강주식회사,"DAESHIN RECYCLING CO., LTD.",대신철강, ,강창규,기타법인,120111-0044800,121-81-13500,인천광역시 서구 경서동 684-5,www.daeshin-recycling.co.kr,,"금속류 해체, 선별 및 원료 재생업",1988-03-23,12월
(주)대신환경기술,"DAESIN ENVIROTECH Co.,Ltd.",대신환경기술, ,전성훈,기타법인,284211-0043762,132-81-63107,"경기도 용인시 기흥구 동백중앙로16번길 16-4 1동 1314(중동, 에이스동백타워)", ,,하수 처리업,2005-11-14,12월
주식회사 대아산업개발,"DAE-A INDUSTRIAL DEVELOPMENT CO., LTD.",대아산업개발, ,신은식,기타법인,111511-0047477,127-81-49267,경기도 양주시 백석읍 연곡로 28 (오산리), ,,건설 폐기물 처리업,2001-09-20,12월
(주)대양디앤씨,"DAEYANGD.N.C CO.,LTD.",대양디앤씨, ,양재원,기타법인,180111-0460103,606-81-82809,"부산광역시 기장군 정관읍 정관로 923-58 (예림리, (주)대양디엔씨)",www.daeyangdnc.co.kr,,건설 폐기물 처리업,2003-09-01,12월
대양산업(주),"DAE YANG Industrial.Co.,Ltd",대양산업, ,좌대성,기타법인,165011-0057828,510-87-00769,충청남도 당진시 송산면 유곡1길 55 (유곡리) 301호, ,,"지정 외 폐기물 수집, 운반업",2017-03-23,12월
대양이앤이(주),DAEYANG E&E,대양이앤이, ,라영균,기타법인,230111-0176395,610-86-07522,울산광역시 울주군 삼동면 보은로 258-19, ,,지정 외 폐기물 처리업,2011-04-26,12월
대영자원(주),DAEYOUNG RESOURCES,대영자원, ,김명식,기타법인,120111-0068768,122-81-22924,인천광역시 서구 건지로 73 (석남동) 대영자원, ,,비금속류 해체 및 선별업,1991-08-16,12월
대원산업유통(주),daewon ,대원산업유통, ,최학호,기타법인,110111-4173821,105-87-35241,경기도 시흥시 정왕동 1702-3 (시화공단 2마 104),il7408@naver.com,,"해체, 선별 및 원료 재생업",2009-09-04,12월
(주)대원인바이로텍,DAEWON ENVIOROTEH,대원인바이로텍, ,강원기,기타법인,151211-0011719,304-81-14050,충청북도 제천시 왕암동 989번지, ,,지정 폐기물 처리업,2003-04-03,12월
대일개발(주),"DAEIL GEABAL CO., LTD",대일개발, ,김대웅,기타법인,124311-0008890,134-81-08890,"경기도 안산시 단원구 지원로 7 (성곡동, (주)대일개발)", ,,지정 외 폐기물 처리업,1983-03-15,12월
주식회사 대일이앤씨,"DAEILENC CO., LTD",대일이앤씨, ,김주엽,기타법인,131211-0022471,126-81-96355,경기도 여주군 북내면 외룡리 383-5,www.daeilenc.co.kr,,토양 및 지하수 정화업,2006-07-19,12월
대일주택관리(주),DAIILHOUSINGCORPORATION,대일주택관리, ,김위대,기타법인,170111-0015760,501-81-05642,대구광역시 중구 공평동 13-4번지 대일타워, ,,"폐기물 수집, 운반, 처리 및 원료 재생업",1982-04-14,12월
대전맑은물(주),"Daejeon Clean Water Co., Ltd.",대전맑은물, ,이종윤,기타법인,110111-4273960,104-86-25985,서울특별시 종로구 인사동7길 32 (관훈동 SK건설빌딩) 8층일부,없음,,하수 처리업,2010-01-29,12월
대전아랫물길주식회사,"Daejeon Sewage Pipe Co., ltd",대전아랫물길, ,윤준호,기타법인,110111-3841007,104-86-12777,"서울특별시 종로구 종로 33 (청진동, 그랑서울)", ,,하수 처리업,2008-02-14,12월
대전엔바이로주식회사,Daejeon Enviro,대전엔바이로, ,신경숙,기타법인,110111-8216065,844-87-02530,대전광역시 유성구 테크노중앙로 65 (관평동) 남정빌딩 306호, ,,하수 처리업,2022-02-28,12월
(주)대정 E.P.A,"DAI JEONG E.P.A Co., Ltd.",대정E.P.A, ,양재숙,기타법인,115311-0004229,127-81-66271,경기도 연천군 전곡읍 간파리 400, ,,건설 폐기물 처리업,1996-03-26,12월
(주)대진이앤티,DAEJINENT,대진이앤티, ,김보라,기타법인,170111-0474437,504-86-02940,"대구광역시 북구 침산로21길 23 오피스텔동307호(칠성동2가, 침산1차푸르지오아파트)", ,,건설 폐기물 처리업,2012-11-20,12월
대창철재(주),DCSCRAP,대창철재, ,서창석,기타법인,120111-0156176,121-81-25554,인천광역시 동구 송림동 297-18,www.dcscrap.com,,"금속류 해체, 선별 및 원료 재생업",1997-08-01,12월
대한강업 주식회사,"DaeHanSteel Recycling Co.,Ltd.",대한강업, ,권기호,기타법인,120111-0021634,137-81-16313,인천광역시 서구 사렴로65번길 19, ,,"금속류 해체, 선별 및 원료 재생업",1986-07-02,12월
(주)대한실업,-,대한실업, ,조성수,기타법인,170111-0180399,514-81-38284,대구광역시 달서구 성서로72길 82 (갈산동),-,,"폐기물 수집, 운반, 처리 및 원료 재생업",2000-08-30,12월
대한이앤이 주식회사,DAEHAN E&E,대한이앤이, ,유희권,기타법인,211111-0070459,401-81-15568,"전라북도 군산시 옥서북길 276-27 (내초동, 대한이앤이)", ,,건설 폐기물 처리업,1999-08-16,12월
(주)대호에코텍,dae ho ecotax,대호에코텍, ,안선희,기타법인,170111-0093237,503-81-29086,대구광역시 수성구 이천동 2 2,www.idaeho.com,,"지정 외 폐기물 수집, 운반업",1995-12-21,12월
대화산업(주),"DAEHWA CO., LTD.",대화산업, ,최석범,기타법인,171211-0082451,505-81-82864,경상북도 경주시 안강읍 두류길 214 (두류리) 1층, ,,금속류 원료 재생업,2014-11-27,12월
(주)대흥엠앤티,"DAEHEUNG M&T CO.,LTD",대흥엠앤티, ,한재현,기타법인,134511-0031952,135-81-30283,"경기도 용인시 처인구 이동읍 서리로 129 (서리, 대흥엠앤티)", ,,"금속류 해체, 선별 및 원료 재생업",1999-02-05,12월
더라미(주),"The Lamy Co., Ltd.",더라미,032860,조윤성,코스닥시장,110111-0412778,211-81-29606,경기도 가평군 상면 수목원로386번길 75 -,www.thelamy.com,,"해체, 선별 및 원료 재생업",1986-01-01,12월
더블유아이케이 주식회사,WIK Limited,더블유아이케이, ,이용규,기타법인,161111-0004374,310-81-11437,충청남도 홍성군 은하면 천광로 856-29 (장척리),www.wik.co.kr,,"폐기물 수집, 운반업",1998-11-06,12월
주식회사 더케이파트너스,The K Partners Corp.,더케이파트너스, ,김성현,기타법인,120111-1253070,835-86-02373,"인천광역시 연수구 인천타워대로 323 A동 1602호 (송도동, 송도센트로드)", ,,토양 및 지하수 정화업,2022-08-12,12월
주식회사 덕산금속,"duksan matals co., ltd",덕산금속, ,최창호,기타법인,191311-0004160,615-81-08235,경상남도 밀양시 청도면 인산1길 23,duksanmre.com,,폐기물 처리업,1998-07-01,12월
덕산실업(주),"DUKSAN CO., LTD",덕산실업, ,이범진,기타법인,134611-0036629,125-81-71778,경기도 안성시 미양면 미양로 269-130,www.dscn.co.kr,,비금속류 원료 재생업,2008-01-01,12월
덕은인터라인정유(주),"DUKEUN INTERLINE REFINERY CO.,LTD",덕은인터라인정유, ,임홍준,기타법인,110111-1113169,120-81-50521,경기도 화성시 마도면 마도로 747-14 (쌍송리)268-3번지,dukeunoil.com,,"비금속류 해체, 선별 및 원료 재생업",1994-12-28,12월
(주)도성환경개발,DOSUNG Environment.co,도성환경개발, ,윤훈철,기타법인,284111-0059919,132-81-66098,경기도 남양주시 진건읍 진건오남로 405-55 (송능리), ,,건설 폐기물 처리업,2006-06-15,12월
도시환경주식회사,CITY ENVIRONMENT,도시환경, ,오유곤,기타법인,115311-0009435,127-81-78632,경기도 연천군 전곡읍 양연로402번길 244 (간파리), ,,지정 폐기물 처리업,2003-10-01,12월
주식회사 동광철산, ,동광철산, ,안승학,기타법인,135011-0078242,133-81-33682,경기도 시흥시 정왕동 시화공단 2마 104, ,,"금속류 해체, 선별 및 원료 재생업",1997-07-01,12월
(주)동대문환경개발공사,DONGDAEMUN ENVIRONMENT,동대문환경개발공사, ,신학수,기타법인,110111-3388653,211-87-77100,"서울특별시 서초구 남부순환로 2583 (서초동, 서희타워)", ,,폐기물 처리업,2006-02-02,12월
(주)동림,donglim,동림, ,나형택,기타법인,174611-0002309,506-81-01734,"경상북도 포항시 남구 철강로492번길 33 경상북도 포항시 남구 철강로492번길 33, (주)동림(장흥동)", ,,비금속류 원료 재생업,1980-01-27,12월
(주)동명엔터프라이즈,"DONGMYUNG ENTERPRISE CO., LTD.",동명엔터프라이즈, ,김주영,기타법인,110111-0429773,220-81-04138,서울특별시 강남구 도곡로 131 (역삼동) 동명빌딩,www.dm-ent.co.kr,,토양 및 지하수 정화업,1986-07-01,12월
주식회사 동명테크,DONG MYENG TECH INC.,동명테크, ,김호권,기타법인,206211-0080106,646-81-02346,전라남도 여수시 진달래길 20-3 (중흥동), ,,폐기물 처리업,2021-05-25,12월
(주)동보TNC,"DONG BO TNC CO.,LTD",동보TNC, ,김지환,기타법인,110111-1210741,132-81-12947,경기도 남양주시 평내동 87 효성제상가106호, ,,"지정 외 폐기물 수집, 운반업",1995-11-03,12월
동부권푸른물(주),"Dongbugwon Puleunmul co., LTD. ",동부권푸른물, ,박세원,기타법인,174811-0088652,588-88-00717,경상북도 경산시 경안로 497, ,,하수 및 폐수 처리업,2017-06-27,12월
주식회사 동부스틸,"DONGBU STEEL CO.,LTD",동부스틸, ,박영재,기타법인,195511-0135917,615-81-82889,경상남도 김해시 장유면 부곡리 192-8, ,,"금속류 해체, 선별 및 원료 재생업",2011-03-22,12월
동부엔텍 주식회사,"Dongbu nTECH CO.,LTD",동부엔텍, ,류광성,기타법인,110111-7444104,323-88-01633,"서울특별시 강남구 테헤란로 137 (역삼동, 코레이트타워) 12층",dongbuntech.co.kr,,지정 외 폐기물 처리업,2020-04-01,12월
동부이엔티(주),DONGBUENT,동부이엔티, ,허진원 이호성,기타법인,134611-0018817,125-81-41328,경기도 안성시 원곡면 지문로 432 (산하리), ,,"건설 폐기물 수집, 운반업",2005-09-01,12월
동부환경주식회사,"DONG BU ENVIRONMENT CO., LTD",동부환경, ,최현섭,기타법인,180111-0389410,602-81-23322,부산광역시 해운대구 재송1동 801-12, ,,하수 처리업,2002-12-26,12월
동부환경개발(주),"dongbu environment development co.,ltd",동부환경개발, ,신동윤,기타법인,120111-0309288,122-81-76134,인천광역시 계양구 아나지로 573 (서운동), ,,"건설 폐기물 수집, 운반업",2003-01-29,12월
(주)동북권자원순환센터,"East North Resource Recycle Center, Inc.",동북권자원순환센터, ,김명대,기타법인,141211-0086714,869-81-00655,경기도 여주시 가남읍 광대2길 300 (본두리) 1-55, ,,금속류 해체 및 선별업,2016-12-09,12월
주식회사 동성그린테크,DONGSUNG GREEN TECH CO.LTD,동성그린테크, ,박영재,기타법인,110111-1249063,106-81-59259,부산광역시 수영구 남천동 6-26, ,,지정 외 폐기물 처리업,1996-03-09,12월
동신에이알씨 주식회사,Dong Shin ARC,동신에이알씨, ,이경민,기타법인,134811-0310912,143-81-26456,경기도 화성시 정남면 만년로98번길 115 동신에이알씨, ,,금속류 해체 및 선별업,2014-09-15,12월
(주)동신에코텍,"DONGSHIN ECOTEC CO.,LTD",동신에코텍, ,송강우,기타법인,195511-0097894,615-81-55892,경상남도 김해시 부원동 155 ~610, ,,"지정 폐기물 수집, 운반업",2007-05-16,12월
(주)동신화학,"DONG SHIN Chemical Co.,LTD",동신화학, ,김기웅,기타법인,230111-0064558,610-81-39392,"울산광역시 남구 처용로 688 (황성동, 동신화학(주))", ,,지정 폐기물 처리업,2000-01-01,12월
동아공사주식회사,Dongagongsajusikhoesa,동아공사, ,김건영,기타법인,120111-0199118,137-81-24244,인천광역시 서구 백석동, ,,지정 폐기물 처리업,1999-08-02,12월
주식회사동양SRP,"PACIFIC SRP CO.,LTD",동양SRP, ,박용덕,기타법인,110111-0884993,125-81-16402,경상북도 포항시 남구 대송면 송동리 867번지,없음,,"금속류 해체, 선별 및 원료 재생업",1992-08-14,12월
(주)동양알디,Dong Yang R D,동양알디, ,박동호,기타법인,161311-0012359,308-81-16254,충청남도 논산시 벌곡면 벌곡로 113-22 (신양리), ,,"건설 폐기물 수집, 운반업",2001-09-08,12월
(주)동양환경,Dong Yang Environment  Co. LTD,동양환경, ,오승재,기타법인,205711-0003688,411-81-23745,"전라남도 무안군 청계면 영산로 1525-26 (청계리, (주)동양환경)",dongyang2000.co.kr,,건설 폐기물 처리업,2000-02-01,12월
(주)동양환경,Dong Yang Environment Co. LTD.,동양환경, ,채상협,기타법인,160111-0032980,306-81-15434,대전광역시 대덕구 문평동로48번길 125,없음,,지정 폐기물 처리업,1992-10-08,12월
(주)동원테크,"DONGWONTECH CO.,LTD.",동원테크, ,박재흥,기타법인,134811-0184119,124-86-86157,"경기도 수원시 팔달구 효원로219번길 46-5 202호(인계동, 명진빌딩)", ,,환경 정화 및 복원업,2009-11-19,12월
(주)동일금속,Dongil.metal.co,동일금속, ,김후곤,기타법인,181211-0010682,620-81-02397,울산광역시 북구 중산산업2길 41 2층, ,,"지정 외 폐기물 수집, 운반업",1989-04-01,12월
주식회사 동일우드,"DONGIL WOOD COMPANY, INC.",동일우드, ,서대원,기타법인,124411-0097693,137-81-96281,경기도 김포시 통진읍 김포대로2385번길 67-142, ,,지정 외 폐기물 처리업,2022-10-19,12월
(주)동조철강,"Dong-Jo Steel,LTD.",동조철강, ,이현남,기타법인,170111-0155425,504-81-30209,대구광역시 달서구 성서공단북로2길 24 (파호동), ,,"금속류 해체, 선별 및 원료 재생업",1999-07-28,12월
주식회사 동하기업,DONG HA,동하기업, ,이명하,기타법인,124411-0136201,137-86-37123,경기도 김포시 대곶면 대곶로423번길 145 (쇄암리), ,,금속류 원료 재생업,2013-07-26,12월
동화개발주식회사,"Dong Hwa Development co. LTD.,",동화개발, ,곽기봉,기타법인,174611-0010469,506-81-08756,경상북도 포항시 북구 흥해읍 남성리 315-3, ,,"지정 외 폐기물 수집, 운반업",1990-09-20,12월
동화산업(주),dongwha,동화산업, ,김종석,기타법인,120111-0064147,133-81-22550,"경기도 시흥시 희망공원로 99 (정왕동, (주)동화산업)", ,,"금속류 해체, 선별 및 원료 재생업",1992-02-01,12월
주식회사 두산환경산업,"DOOSAN ENVIRONMENT INDUSTRY CO.,LTD.",두산환경산업, ,박상태,기타법인,180111-0159574,603-81-22632,부산광역시 서구 자갈치로 10 (충무동 1가), ,,"지정 외 폐기물 수집, 운반업",1994-06-29,12월
(주)두성기업,DOOSUNG,두성기업, ,고광종,기타법인,284611-0025936,509-81-06359,경기도 동두천시 삼육사로652번길 35 (상패동), ,,"건설 폐기물 수집, 운반업",2020-03-02,12월
두제산업개발(주),DOOJE,두제산업개발, ,이배식,기타법인,150111-0027298,301-81-28744,충청북도 청주시 서원구 남이면 저산척북로 542,www.dooje.co.kr,,건설 폐기물 처리업,1996-12-01,12월
두제에너지산업 주식회사,Dooje Energy Industry,두제에너지산업, ,유동균,기타법인,150111-0168430,317-81-32791,충청북도 청주시 서원구 남이면 연청로 1288-10, ,,지정 외 폐기물 처리업,2012-11-19,12월
(주)드림메탈,Dream Metal,드림메탈, ,최창원,기타법인,170111-0507824,514-81-90183,대구광역시 달서구 장기로 387 (장기동), ,,금속류 원료 재생업,2017-12-26,12월
(주)드림바이오스,"DreamBios Co.,Ltd.",드림바이오스, ,곽무영,기타법인,110111-0977293,105-81-67533,"서울특별시 금천구 디지털로9길 56 (가산동, 코오롱테크노밸리)401호", ,,토양 및 지하수 정화업,1993-10-09,12월
(주)드림피아,DREAMPIA,드림피아, ,이백구,기타법인,204611-0022805,416-81-50887,전라남도 광양시 제철로 1655-251, ,,"하수, 폐수 및 분뇨 처리업",2005-12-07,12월
주식회사 디디에스,DDS,디디에스, ,남세현,기타법인,170111-0422999,504-81-91453,충청남도 논산시 벌곡면 벌곡로 113-43, ,,지정 폐기물 처리업,2011-02-21,12월
주식회사 디에스, ,디에스, ,윤용혁,기타법인,124411-0005456,512-81-01781,경기도 안산시 초지동 649-2 반월공단 10B-79호, ,,"금속류 해체, 선별 및 원료 재생업",1986-10-01,12월
디에스그린(주),DS GREEN,디에스그린, ,이승희,기타법인,120111-0312455,131-81-78121,"인천광역시 남동구 하촌로 26 (만수동, 거신빌딩)", ,,하수 처리업,2003-03-10,12월
(주)디에스아이,"DSI CO.,LTD",디에스아이, ,김윤수,기타법인,171711-0058577,506-81-49946,경상북도 포항시 남구 호동로 30 (호동), ,,금속류 원료 재생업,2003-10-06,12월
주식회사 디에스엔프라,DSENPLA,디에스엔프라, ,박은정,기타법인,174811-0060030,515-81-43188,경상북도 경산시 진량읍 아사길 45-28 (아사리), ,,"폐기물 수집, 운반, 처리 및 원료 재생업",2011-10-20,12월
디에스이앤이(주),"DAESUNG E&E CO.,LTD",디에스이앤이, ,김세현,기타법인,134811-0218265,124-87-14169,경기도 오산시 황새로149번길 55 (누읍동), ,,지정 외 폐기물 처리업,2011-05-30,12월
디에스티,"Digital sigma technology co.,ltd",디에스티, ,김범귀,기타법인,135511-0107257,134-81-53527,경기도 시흥시 정왕동 1384-13 시화공단 3라 514, ,,"금속류 해체, 선별 및 원료 재생업",2000-04-01,12월
디에이치리사이클링주식회사,"DH Recycling Co.,Ltd.",디에이치리사이클링, ,가보렐마르셀루시앙프랑소와,기타법인,110111-3086877,101-86-08726,경기도 용인시 기흥구 신정로237번길 46 (신갈동), ,,"폐기물 수집, 운반업",2004-09-17,12월
주식회사 디에이치바이오,"DH Bio Co., Ltd",디에이치바이오, ,강태훈,기타법인,154411-0038972,228-87-02174,"충청북도 괴산군 사리면 농공단지길 15 (방축리, SEMTSCO)", ,,"지정 외 폐기물 수집, 운반업",2021-05-28,12월
주식회사 디엔스틸앤테크,DN Steel & Tech. Corppration,디엔스틸앤테크, ,조중근,기타법인,110111-3681825,105-87-09665,"서울특별시 강남구 학동로 320 (논현동, 신우빌딩) 403호", ,,금속류 해체 및 선별업,2007-06-01,12월
(주)디와이홀딩스,"DY HOLDINGS CO.,LTD.",디와이홀딩스, ,모종면,기타법인,131411-0181330,134-86-30761,"대전광역시 대덕구 문평동로48번길 125 (문평동, (주)동양환경)",-,,폐기물 처리업,2006-04-14,12월
주식회사 디케이,"D K Co.,LTD",디케이, ,박주원,기타법인,195311-0006097,611-81-15355,경상남도 합천군 율곡면 임북길 171 (임북리),-,,"금속류 해체, 선별 및 원료 재생업",2006-09-26,12월
(주)램코,"RAMKO.CO,.LTD",램코, ,유정순,기타법인,171211-0019511,505-81-17873,경상북도 경주시 건천읍 용명공단길 173-72,ramko.co.kr,,"비금속류 해체, 선별 및 원료 재생업",1999-03-10,12월
주식회사 럭키엔프라,"Lucky Enpla Co., Ltd.",럭키엔프라, ,이원준,기타법인,170111-0072588,503-81-22706,경상북도 칠곡군 가산면 학산리 460-1,http://www.polymer-com.com/,,"비금속류 해체, 선별 및 원료 재생업",1994-01-19,12월
(주)럭키환경건설,Construction of Lucky Environment,럭키환경건설, ,황영웅,기타법인,110111-2759467,109-81-84970,서울특별시 강서구 금낭화로26가길 152-136 (방화동), ,,"건설 폐기물 수집, 운반업",2003-04-20,12월
렘코 주식회사,"REMCO CO.,LTD.",렘코, ,장동훈,기타법인,180111-0789321,606-86-35316,경상북도 포항시 남구 장흥로39번길 44 (장흥동), ,,금속류 원료 재생업,2011-12-30,12월
리뉴랜드경주 주식회사,"renewland gyeongju Co., Ltd.",리뉴랜드경주, ,강봉효,기타법인,170111-0397522,503-81-88294,경상북도 경주시 강동면 강동산단로1길 94-14 (왕신리), ,,지정 외 폐기물 처리업,2010-02-18,12월
리뉴랜드신경주(주),"renewland Singyeongju Co., Ltd.",리뉴랜드신경주, ,강봉효,기타법인,170111-0804791,314-88-02114,경상북도 경주시 용황로13길 35 (용강동) 세현빌딩 2층, ,,지정 외 폐기물 처리업,2021-01-22,12월
리뉴랜드청주(주),"renewland Cheongju Co.,Ltd.)",리뉴랜드청주, ,안경철,기타법인,150111-0355285,897-86-02973,충청북도 청주시 흥덕구 옥산면 옥산산단4로 77 (국사리), ,,지정 외 폐기물 처리업,2023-10-01,12월
리뉴로지스 주식회사,Emedione Logis,리뉴로지스, ,황동규,기타법인,121111-0414789,569-87-02250,경기도 부천시 석천로442번길 67 (삼정동) 1층, ,,"지정 폐기물 수집, 운반업",2021-08-01,12월
리뉴로지스인더(주),renewlogisindustry,리뉴로지스인더, ,기민호,기타법인,165011-0093070,346-88-03051,충청남도 당진시 송악읍 부곡공단로 73 (복운리) 3층, ,,"지정 외 폐기물 수집, 운반업",2024-02-01,12월
리뉴리퀴드호남 주식회사,"renewliquid Honam Co., Ltd.",리뉴리퀴드호남, ,정문철,기타법인,160111-0523369,862-88-01180,"전라남도 여수시 여수산단4로 166-30 (중흥동, 리뉴리퀴드호남)", ,,폐수 처리업,2019-08-02,12월
리뉴어스 주식회사,"renewus Co., Ltd.",리뉴어스, ,권지훈,기타법인,134111-0486452,339-81-01041,경기도 안양시 만안구 일직로 88 (석수동) 케이타워 9층,www.renewus.co.kr,,하수 및 폐수 처리업,2018-01-22,12월
리뉴에너지경기 주식회사,Gyeonggi Environment  Energy  Corporation,리뉴에너지경기, ,송상호,기타법인,134211-0058473,126-81-72542,경기도 광주시 곤지암읍 열미길 22, ,,지정 외 폐기물 처리업,2003-06-18,12월
리뉴에너지경북주식회사,ENE Corporation,리뉴에너지경북, ,이광철,기타법인,176011-0055291,513-81-49513,경상북도 구미시 4공단로 44, ,,폐기물 처리업,2008-07-15,12월
리뉴에너지경인(주),Gyeongin Environment Energy Company,리뉴에너지경인, ,채희준,기타법인,134811-0279340,143-81-15565,경기도 광주시 곤지암읍 열미길 22 (열미리), ,,지정 외 폐기물 처리업,2013-09-04,12월
리뉴에너지그린 주식회사,"renewenergy Green Co., Ltd.",리뉴에너지그린, ,장명호,기타법인,161511-0347158,873-88-03169,충청남도 천안시 서북구 성거읍 망향로 903-19 (오목리), ,,지정 외 폐기물 처리업,2023-10-01,12월
리뉴에너지대원 주식회사,"renewenergy Daewon Co., Ltd",리뉴에너지대원, ,김희균,기타법인,161511-0347140,303-87-02835,충청남도 천안시 서북구 성거읍 남산3길 58-24 (정촌리),충남 천안시 서북구 성거읍 남산3길,,지정 외 폐기물 처리업,2023-10-01,12월
리뉴에너지메트로(주),"renewenergy Metro Co., Ltd",리뉴에너지메트로, ,남세현,기타법인,284311-0028506,757-88-02908,경기도 연천군 전곡읍 양연로402번길 244 (간파리), ,,"지정 외 폐기물 수집, 운반업",2023-10-01,12월
리뉴에너지새한 주식회사,"renewenergy Saehan Co., Ltd.",리뉴에너지새한, ,권순철,기타법인,161511-0347166,170-87-02778,충청남도 천안시 동남구 광덕면 대평교길 68 (대평리) 리뉴에너지새한 주식회사, ,,지정 외 폐기물 처리업,2023-10-01,12월
리뉴에너지전남 주식회사,"renewenergy Jeonnam Co.,Ltd.",리뉴에너지전남, ,우창제,기타법인,201211-0018780,799-87-02851,전라남도 장흥군 장평면 고정길 12 (두봉리), ,,지정 폐기물 처리업,2023-10-01,12월
리뉴에너지충남주식회사,"renewenergy Chungnam Co., Ltd.",리뉴에너지충남, ,이동섭,기타법인,161311-0069053,716-88-02848,충청남도 논산시 벌곡면 벌곡로 113-43 (신양리), ,,지정 폐기물 처리업,2023-10-01,12월
리뉴에너지충북(주),CLENKO,리뉴에너지충북, ,이해천,기타법인,150111-0034251,301-81-33965,충청북도 청주시 청원구 북이면 신대석성로 245 (용계리), ,,지정 외 폐기물 처리업,1998-07-29,12월
리뉴에너지충청(주),"renewenergy Chungcheong Co., Ltd.",리뉴에너지충청, ,김동균,기타법인,165011-0013078,311-81-18942,충청남도 당진시 송악읍 부곡공단로 73, ,,지정 폐기물 처리업,2003-03-15,12월
리뉴에코에너지,renewecoenergy,리뉴에코에너지, ,장송섭,기타법인,175411-0010892,511-81-19478,"경상북도 문경시 마성면 가은로 311-18 (하내리, (주)리뉴에코에너지)", ,,"폐기물 수집, 운반, 처리 및 원료 재생업",2011-06-15,12월
리뉴콘대원 주식회사,DAEWON HI-TECK Co.Ltd,리뉴콘대원, ,김희균,기타법인,161511-0197397,436-81-00440,충청남도 천안시 서북구 성거읍 남산3길 58-24 (정촌리), ,,건설 폐기물 처리업,2016-05-16,12월
(주)리싸이텍코리아,"RECYTECHKOREA CO., LTD.",리싸이텍코리아, ,김경수,기타법인,161511-0044861,312-81-50421,충청남도 천안시 동남구 동면 화복로 586-19 (화덕리),www.recytechkorea.com,,"금속류 해체, 선별 및 원료 재생업",2001-08-01,12월
(주)리엔텍,ReenTech Limited,리엔텍, ,곽호준,기타법인,120111-0146391,608-81-31591,경상남도 창원시 팔용동 6-22, ,,"비금속류 해체, 선별 및 원료 재생업",1997-01-24,12월
(주)리젠스,"DEAJI ENVIRONMENTAL INDUSTRY CO.,LTD",리젠스, ,박경득,기타법인,205211-0002929,408-81-18358,전라남도 곡성군 겸면 삼덕리 515, ,,"금속류 해체, 선별 및 원료 재생업",1993-11-09,12월
리클린,RECLEAN,리클린, ,박세원,기타법인,110111-3804055,215-87-09870,"서울특별시 송파구 헌릉로 793 리클린센터(장지동, 송파구자원순환공원)",www.reclean.kr,,"폐기물 수집, 운반, 처리 및 원료 재생업",2007-12-14,03월
마산아랫물길 주식회사,"Masan Sewage Pipe Co., Ltd",마산아랫물길, ,윤준호,기타법인,190111-0062288,608-81-64850,경상남도 창원시 마산합포구 중앙동로 21, ,,하수 처리업,2006-11-21,12월
주식회사 만성스텐,"MANSUNG STAINLESS CO., LTD.",만성스텐, ,이만섭,기타법인,124611-0250528,131-81-63744,인천광역시 남동구 고잔동 247-2, ,,"금속류 해체, 선별 및 원료 재생업",2001-04-27,12월
만수바이오텍 주식회사,"Mansu Biotech Co.,Ltd",만수바이오텍, ,박상규,기타법인,120111-1160077,408-86-16919,인천광역시 남동구 서창남순환로160번길 78 (서창동), ,,하수 처리업,2021-06-25,12월
(주)만해금속,"MANHAE METAL CO., LTD",만해금속, ,이훈,기타법인,134811-0110643,124-86-36021,경기도 화성시 향남읍 동오리 79-1,basis.kr,,"금속류 해체, 선별 및 원료 재생업",2005-08-23,12월
명민산업(주),"MYUNG-MIN INDUSTRY CO.,LTD",명민산업, ,오현숙,기타법인,134111-0117833,123-81-98242,인천광역시 남동구 고잔로 47-2 (고잔동),myung-min.com/,,"폐기물 수집, 운반, 처리 및 원료 재생업",2004-04-22,12월
주식회사 명성환경,"Myeongsung Environmental Co.Ltd.,",명성환경, ,홍기석 성영현,기타법인,200111-0068051,410-81-35758,"광주광역시 서구 매월1로 50-4 (매월동, 환경공사소각장)", ,,지정 외 폐기물 처리업,1996-08-16,12월
주식회사 명송,"MYUNGSONG CO,.LTD.",명송, ,최명갑,기타법인,195511-0224554,477-86-01260,경상남도 김해시 한림면 김해대로1538번길 101 (신천리), ,,건설 폐기물 처리업,2018-10-05,12월
주식회사 명일환경,myoungil,명일환경, ,오일환,기타법인,140111-0047420,226-81-48532,강원도 강릉시 사천면 지재길 52 (산대월리), ,,"폐기물 수집, 운반, 처리 및 원료 재생업",2013-10-01,12월
명진개발(주),"MYOUNG JIN DEVELOPMENT CO, LTD",명진개발, ,홍기호,기타법인,130111-0011344,134-81-03750,경기도 안산시 원시동 836-9,없슴,,지정 외 폐기물 처리업,1983-09-15,12월
무안환경비젼(주),Muanenviromnt,무안환경비젼, ,김인현,기타법인,205711-0008430,411-81-43509,전라남도 무안군 무안읍 매곡리 805-1, ,,지정 외 폐기물 처리업,2006-02-22,12월
문경에스코(주),"Mungyeong ESCO Co.,Ltd.",문경에스코, ,오택엽,기타법인,131311-0079553,125-81-72710,경상북도 문경시 배실안길 94 (공평동) 환경자원사업소내, ,,폐기물 처리업,2008-01-31,12월
주식회사 문안환경,"moonan Co., Ltd. ",문안환경, ,윤덕순,기타법인,284411-0083441,210-88-00186,경기도 포천시 내촌면 포천로 297 (진목리), ,,건설 폐기물 처리업,2015-07-02,12월
문화기업주식회사,MUNHWA,문화기업, ,최상우,기타법인,115611-0013430,128-81-29075,경기도 파주시 조리읍 정문로 70-33 (뇌조리), ,,"건설 폐기물 수집, 운반업",1997-06-10,12월
미건에너지주식회사,migunenergy ,미건에너지, ,송대호,기타법인,110111-5228196,215-87-85204,"경기도 용인시 기흥구 중부대로 579 (구갈동, 강남대프라자)408호중 416호", ,,지정 폐기물 처리업,2013-09-17,12월
주식회사 미래그린산업,miraegreen,미래그린산업, ,권오현,기타법인,175411-0022053,899-87-02578,경상북도 문경시 당교3길 9 (모전동), ,,하수 및 폐수 처리업,2021-10-18,12월
(주)미래리싸이클링,MIRAE RECYCLING CO. LTD,미래리싸이클링, ,이경옥,기타법인,120111-0629678,137-86-26437,인천광역시 서구 봉수대로 1234-8 (왕길동), ,,비금속류 원료 재생업,2012-10-08,12월
(주)미래스텐,MIRAE STAIN,미래스텐, ,이복재,기타법인,134811-0165359,124-86-72880,"경기도 시흥시 경제로 278 정왕동, (주)미래스텐", ,,금속류 원료 재생업,2008-11-01,12월
(주)미래와환경,"Future & Environment Co., Ltd.",미래와환경, ,홍성민,기타법인,175711-0000649,512-81-03168,경기도 화성시 우정면 주곡리 161 - 41, ,,지정 외 폐기물 처리업,1994-07-22,12월
주식회사미래유지,miraeoil,미래유지, ,허동욱,기타법인,110111-1626485,107-81-66113,경기도 포천시 가산면 우현로 104,miraeoil.com/,,비금속류 원료 재생업,1998-12-30,12월
미래인더스 주식회사,MIRAE INDUS Inc.,미래인더스, ,"강균천, 강석민",기타법인,120111-0689507,137-86-42742,"인천광역시 서구 한서로 24 ,한서로22 (백석동)", ,,금속류 해체 및 선별업,2013-12-27,12월
주식회사미래제주,miraejeju corp.,미래제주, ,서한철,기타법인,220111-0023390,616-81-24975,제주특별자치도 제주시 애월읍 봉매동산길 26 (상가리), ,,건설 폐기물 처리업,1999-06-01,12월
미추홀맑은물주식회사,"Michuhol Malkunmul Co, Ltd.",미추홀맑은물, ,정준호,기타법인,120111-1115824,312-86-79082,"인천광역시 서구 중봉대로 211 운영2센터(가좌동, 재이용공급시설비동)", ,,수도업,2020-12-10,12월
바이오엔비텍(주),"bioenvitech Co., Ltd",바이오엔비텍, ,최동수,기타법인,134811-0050089,124-81-72866,경기도 화성군 양감면 송산리 237-2,www.bioenvi.co.kr,,"비금속류 해체, 선별 및 원료 재생업",2000-05-17,12월
(주)바이텍,BYTEC,바이텍, ,변승호,기타법인,194311-0039320,608-86-07024,경상남도 함안군 법수면 장백로 623-37 (강주리)1084,bytec.kr,,금속류 원료 재생업,2014-10-01,12월
주식회사 방태,bangtae,방태, ,김용남,기타법인,115211-0029906,132-81-30310,경기도 남양주시 진건읍 독정로273번길 71 (송능리), ,,폐기물 처리업,1999-04-21,12월
백상기업(주),BAEKSANG,백상기업, ,민병곤,기타법인,130111-0024694,124-81-27264,경기도 수원시 권선구 서수원로63번길 139 (오목천동), ,,건설 폐기물 처리업,1995-03-15,12월
(주)백철금속,Back Cheul Metal Co. Ltd.,백철금속, ,김경배,기타법인,110111-0691968,137-81-07982,경기도 화성시 우정면 매향리 96-5, ,,"금속류 해체, 선별 및 원료 재생업",1990-04-06,12월
번영환경개발(주),Bunyoung,번영환경개발, ,김인숙,기타법인,284911-0082451,141-81-18095,경기도 파주시 파주읍 정문로 633-71, ,,지정 외 폐기물 처리업,2009-10-26,12월
(주)범우,"BUM WOO CO.,LTD",범우, ,김성림,기타법인,181211-0011614,610-81-13145,울산광역시 울주군 온산읍 온산로 219-3 (학남리), ,,지정 폐기물 처리업,1989-11-10,12월
(주) 범진,bumjin,범진, ,한구현,기타법인,150111-0087440,301-81-81851,충청북도 진천군 진천읍 문진로 936-35 (사석리),없음,,"폐기물 수집, 운반업",2005-04-01,12월
주식회사 베니온,BENION CORP,베니온, ,이규형,기타법인,195511-0082655,615-81-46054,경상남도 김해시 진영읍 본산로110번길 11-25 (본산리),www.benioncorp.com,,"금속류 해체, 선별 및 원료 재생업",2005-11-18,12월
주식회사 베르원 ,VERTONE CORP.,베르원, ,이기호,기타법인,115311-0005136,127-81-23476,경기도 연천군 전곡읍 양연로402번길 135 (간파리), ,,건설 폐기물 처리업,1997-08-17,12월
베스틸 주식회사,"BESTEEL CO., LTD.",베스틸, ,배원주,기타법인,131311-0126007,125-86-11912,경기도 평택시 고덕면 동고3길 106 (동고리), ,,금속류 원료 재생업,2013-04-18,12월
베올리아산업개발코리아주식회사,Vivendi Water Industrial Development Co.,베올리아산업개발코리아, ,마르셀가보렐루시앙프랑소와,기타법인,134411-0016774,126-81-49658,"서울특별시 중구 청계천로 100 (수표동, 시그니쳐타워), 동관 16층",vivendi.com,,지정 외 폐기물 처리업,2000-12-18,12월
베올리아삼성오퍼레이팅주식회사,VEOLIA SAMSUNG OPERATING CO LTD ,베올리아삼성오퍼레이팅, ,가보렐마르셀루시앙프랑소와,기타법인,110111-3098252,101-86-09287,인천광역시 남동구 서창남순환로160번길 78 (서창동),www.veolia.co.kr,,하수 처리업,2004-10-14,12월
베올리아에코사이클 주식회사,Veolia Ecocycle,베올리아에코사이클, ,가보렐마르셀루시앙프랑소와,기타법인,131211-0023130,126-81-99105,경기도 여주시 가남읍 일신로 88 (신해리), ,,지정 외 폐기물 처리업,2006-12-13,12월
베올리아워터여수울산 주식회사,"VEOLIA WATER KOREA YEOSU ULSAN CO., LTD.",베올리아워터여수울산, ,PENEAU HERVE ROLAND,기타법인,230111-0124493,610-81-83340,"울산광역시 남구 상개로 64 (상개동, 금호석유화학(주)), 1층",www.veolia.co.kr,,산업용수 공급업,2006-07-28,12월
베올리아워터자원개발 주식회사,"Veolia Water Resource Development Co., Ltd.",베올리아워터자원개발, ,가보렐마르셀루시앙프랑소와,기타법인,110111-2629777,110-81-58870,충청남도 당진시 송악읍 북부산업로 1228, ,,산업용수 공급업,2002-10-14,12월
베올리아워터코리아대산,Veolia Water Korea Daesan,베올리아워터코리아대산, ,가보렐마르셀루시앙프랑소와,기타법인,161411-0008760,310-81-13342,충청남도 서산시 대산읍 독곶1로 82 (독곶리), ,,산업용수 공급업,2000-03-21,12월
(주)벽제개발,Byuckjaegaebal,벽제개발, ,임희영,기타법인,115911-0000928,128-81-07974,경기도 고양시 덕양구 통일로771번길 16 (관산동), ,,"지정 외 폐기물 수집, 운반업",1990-03-03,12월
주식회사 보경이엠케이,"BOGYUNG EMK Co., Ltd.",보경이엠케이, ,마정열,기타법인,120111-0950221,460-81-01200,"인천광역시 계양구 계산새로 71 (계산동, 하이베라스) 디동 1205호", ,,"지정 외 폐기물 수집, 운반업",2018-08-07,12월
주식회사 보광,BG,보광, ,성기봉,기타법인,175011-0019371,726-87-00307,경상북도 영천시 금호읍 오계공단길 1-55 (어은리),-,,지정 폐기물 처리업,2015-11-09,12월
주식회사 보림씨에스,Borim CS,보림씨에스, ,정종천,기타법인,164511-0012336,313-81-16858,충청남도 보령시 웅천읍 대창증산로 166 (대창리), ,,폐기물 처리업,2005-05-26,12월
주식회사 보성,BOSUNG company,보성, ,최호용,기타법인,140111-0024014,221-81-22954,강원도 춘천시 후평동 198-66, ,,"금속류 해체, 선별 및 원료 재생업",2003-04-03,12월
보성환경(주),"BO SUNG ENVIRPMMENT CO., LTD",보성환경, ,김인화,기타법인,205011-0004648,416-81-41923,전라남도 보성군 미력면 덕림리 785, ,,하수 처리업,2007-07-01,12월
주식회사 보아스틸,boasteel,보아스틸, ,정해균,기타법인,201311-0047894,416-81-80931,전라남도 순천시 해룡면 인덕로 76 (호두리), ,,"금속류 해체, 선별 및 원료 재생업",2011-12-15,12월
주식회사보은리사이클링,Boeun Recycling co.,보은리사이클링, ,김찬옥,기타법인,285011-0506268,219-81-32823,경기도 고양시 일산동구 지영로100번길 12-21 (지영동), ,,비금속류 해체 및 선별업,2022-05-27,12월
보은물길관리주식회사,"Boeun Moolgil Co., Ltd",보은물길관리, ,임헌성,기타법인,110111-3757395,110-81-80009,서울특별시 서대문구 미근동 임광빌딩 267, ,,하수 처리업,2007-09-19,12월
부경산업 주식회사,Bukyung  Corporation,부경산업, ,김주한,기타법인,135011-0082508,134-81-40584,경기도 안산시 단원구 성곡동 633-2,http://Bukyung.co.kr,,지정 폐기물 처리업,1998-08-08,12월
부곡환경 주식회사,"BUGOK ENVIRONMENT CO., LTD.",부곡환경, ,신희식,기타법인,135211-0016488,138-81-27429,경기도 의왕시 왕송못동로 289 (월암동), ,,하수 처리업,2005-04-28,12월
부국산업주식회사,"Bookook INDUSTRIAL CO.,LTD",부국산업, ,남상규,기타법인,204611-0000306,416-81-01732,전라남도 광양시 금호동 859, ,,"금속류 해체, 선별 및 원료 재생업",1986-04-01,12월
부산그린파워 주식회사,Busangreenpower,부산그린파워, ,김정효,기타법인,180111-0679522,605-81-95301,부산광역시 강서구 녹산산단484로 58 (송정동),www.busangreenpower.com,,지정 외 폐기물 처리업,2009-07-14,12월
부산동천지킴이 주식회사,doncan gikime co.ltd,부산동천지킴이, ,김영수,기타법인,180111-1140712,219-87-01036,"부산광역시 남구 수영로 18-8 (문현동, 삼한사랑채)", ,,하수 처리업,2018-02-14,12월
부산바이오가스 주식회사,BUSAN BIO GAS,부산바이오가스, ,김호열,기타법인,180111-1490092,512-86-03014,"부산광역시 강서구 생곡산단로 9 (생곡동), 2층", ,,"지정 외 폐기물 수집, 운반업",2023-02-13,12월
부산워터케어주식회사,busanwatercare,부산워터케어, ,김영수,기타법인,180111-1358456,528-81-02072,"부산광역시 서구 보수대로 27 (토성동1가, 토성동경동리인타워)3층", ,,하수 처리업,2021-04-23,12월
주식회사 부산이앤이,"Busan E&E Co., Ltd.",부산이앤이, ,김권종,기타법인,180111-0721109,607-81-94763,부산광역시 강서구 생곡산단로52번길 32 (생곡동),www.busanene.co.kr,,"폐기물 수집, 운반, 처리 및 원료 재생업",2010-07-01,12월
부산푸른물주식회사,"BUSAN BLUE WATER CO., LTD",부산푸른물, ,김용일,기타법인,180111-1008746,527-81-00315,"부산광역시 동래구 온천천남로 185 (안락동, 동부시설사업소 맞은편 2층)",-,,하수 처리업,2015-12-18,12월
부산환경개발주식회사,"PUSAN ENVIRONMENT DEVELOPMENT CO.,LTD",부산환경개발, ,최덕윤,기타법인,180111-0118926,603-81-20478,부산광역시 사하구 신평동 642-10, ,,지정 외 폐기물 처리업,1991-09-27,12월
(주)부영개발,Buyoung Development,부영개발, ,김종각,기타법인,180111-0317304,606-81-28222,부산광역시 사하구 다산로208번길 44 (장림동), ,,"건설 폐기물 수집, 운반업",2000-07-01,12월
(주)부영환경산업,-,부영환경산업, ,이용학,기타법인,110111-4550178,104-86-33879,"서울특별시 중구 세종대로9길 42 (서소문동, 부영빌딩)",-,,환경 정화 및 복원업,2011-03-07,12월
(주)부일철강,"BU IL STEEL CO.,LTD.",부일철강, ,문정일,기타법인,134811-0321480,143-81-30251,경기도 화성시 향남읍 토성로 70-3 (행정리) 58-11, ,,금속류 원료 재생업,2015-01-02,12월
(주)부창자원,"BUCHANG RESOURCE CO., LTD.",부창자원, ,이태영,기타법인,200111-0097208,410-81-49946,광주광역시 광산구 평동산단외로 305 (송촌동) (주)부창자원, ,,금속류 해체 및 선별업,1999-04-01,12월
주식회사 부천리사이클링,BCrecycling,부천리사이클링, ,길정효,기타법인,284111-0243421,859-86-02137,"인천광역시 서구 봉수대로1394번길 32 (왕길동, 대윤포리머) 왕길동 168-6", ,,비금속류 해체 및 선별업,2020-10-20,12월
주식회사 블루골드,BLUEGOLD Inc.,블루골드, ,길병기,기타법인,230111-0314466,290-86-01377,울산광역시 남구 용연로50번길 177 1층, ,,산업용수 공급업,2019-07-10,12월
(주)블루오앤엠,"BLUE O&M Co., Ltd",블루오앤엠, ,김상태,기타법인,120111-0590283,131-86-32800,인천광역시 연수구 송도미래로 30 스마트밸리D동 1902호, ,,하수 처리업,2011-12-01,12월
비노텍 주식회사,"vinotec co.,ltd",비노텍, ,김현덕,기타법인,135011-0121273,134-81-78057,"경기도 안산시 단원구 해안로 308 (원시동, 비노텍(주))",www.vinotec.co.kr,,지정 폐기물 처리업,2002-01-08,12월
비벤디워터코리아이천(주),Vivendi Water Korea Ichon Co.,비벤디워터코리아이천, ,로랑오규스트,기타법인,134411-0016849,126-81-49833,경기도 이천시 부발읍 가좌리 산 5-1,vivendi.com,,"지정 폐기물 수집, 운반업",2000-12-21,12월
(주)비아이티,"Bio Innovation Technology Co., Ltd.",비아이티, ,주영호,기타법인,181211-0009718,610-81-07717,울산광역시 남구 용잠로 583-87 (용잠동),www.ecojy.co.kr,,지정 외 폐기물 처리업,1988-08-12,12월
(주)비앤엠,"B&M Co., Ltd.",비앤엠, ,조은경,기타법인,134811-0309379,135-86-46723,경기도 오산시 동부대로 291-12 (갈곶동), ,,비금속류 원료 재생업,2014-08-21,12월
비이에프 주식회사,"BeF. Co.,Ltd.",비이에프, ,이재승,기타법인,214911-0037210,403-81-66821,충청남도 아산시 신창면 환경공원로 190-26 (수장리),https://www.befasan.co.kr,,축산 분뇨 처리업,2012-02-22,12월
(주)비지에프에코사이클,BGFecocycle,비지에프에코사이클, ,백준오,기타법인,124411-0285975,742-88-02060,인천광역시 서구 건지로121번길 11 (석남동), ,,"비금속류 해체, 선별 및 원료 재생업",2021-01-21,12월
사천그린주식회사,"SACHEONGREEN.,CO.LTD",사천그린, ,이광범,기타법인,195411-0018561,613-81-54164,경상남도 사천시 사등동 86-2, ,,지정 외 폐기물 처리업,2009-10-15,12월
(주)산들환경,"Sandeul Environment CO., LTD.",산들환경, ,원봉희,기타법인,110111-7624061,560-87-02025,"서울특별시 서초구 방배천로18길 6 6층 (방배동, 인성빌딩)", ,,"건설 폐기물 수집, 운반업",2020-09-15,12월
주식회사 삼기엔텍,Samki Entech,삼기엔텍, ,강성순,기타법인,110111-2399495,120-86-30869,경기도 성남시 중원구 사기막골로 124 (상대원동) 비즈동 809호, ,,"비금속류 해체, 선별 및 원료 재생업",2001-12-18,12월
삼덕금속(주),"Samduck Precious Metals Co.,Ltd.",삼덕금속, ,강기현,기타법인,120111-0483579,131-86-11732,인천광역시 남동구 함박뫼로318번길 43 (논현동),samduckmetal.com,,"금속류 해체, 선별 및 원료 재생업",2009-01-02,12월
삼득산업(주),"SAMDEUCK CO.,LTD",삼득산업, ,권오봉,기타법인,180111-0561836,606-81-98223,부산광역시 강서구 송정동 1654-4 녹산국가산업단지 85블럭3노트, ,,지정 폐기물 처리업,2006-07-21,12월
삼삼환경 주식회사,samsam environment,삼삼환경, ,박수연 박명식,기타법인,191111-0029138,613-81-33330,경상남도 진주시 대곡면 남강로 2286 (단목리),www.samsam.co.kr,,"건설 폐기물 수집, 운반업",2003-11-04,06월
(주)삼성리사이클링,"SAMSUNG RECYCLING CO., LTD",삼성리사이클링, ,하영노,기타법인,281111-0101359,128-86-06795,경기도 고양시 일산동구 견달산로 318 (문봉동),재활용.biz/index.html,,"지정 외 폐기물 수집, 운반업",2005-09-23,12월
삼성베올리아인천환경주식회사,SAMSUNG VEOLIA INCHON WASTEWATER CO LTD ,삼성베올리아인천환경, ,가보렐마르셀루시앙프랑소와,기타법인,110111-2402173,110-81-54587,인천광역시 남동구 서창남순환로160번길 78 (서창동), ,,하수 처리업,2001-12-20,12월
주식회사 삼성펄프,SAMSUNG PULP,삼성펄프, ,성문경,기타법인,284211-0076565,394-86-00331,경기도 남양주시 진접읍 광릉내로57번길 47-20 (부평리), ,,"폐기물 수집, 운반, 처리 및 원료 재생업",2015-12-23,12월
삼성폐차 주식회사,"SAM SUNG AUTO DISMANTLING CO., LTD.",삼성폐차, ,박순현,기타법인,160111-0007280,306-81-05751,"대전광역시 대덕구 대화로52번길 171 (대화동, 삼성폐차)", ,,금속류 해체 및 선별업,1985-04-19,12월
삼양산업(주),"SAMYANG INDUSTRIAL CO.,LTD",삼양산업, ,김종현,기타법인,120111-0074980,131-81-21706,경기도 시흥시 정왕2동 시화공단2나707,www.systeel.com/,,"금속류 해체, 선별 및 원료 재생업",1992-05-12,12월
삼양에코테크,Samyang EcoTech Corporation,삼양에코테크, ,조덕희,기타법인,110111-8490685,766-87-02638,"서울특별시 종로구 종로33길 31 (연지동, 삼양사사옥)", ,,"폐기물 수집, 운반, 처리 및 원료 재생업",2022-12-01,12월
삼영엔지니어링 주식회사,"Samyoung Engineering CO,LTD",삼영엔지니어링, ,정지수,기타법인,110111-0570196,137-81-08166,"인천광역시 남구 인주대로 287 (주안동, 한국씨티은행)", ,,지정 폐기물 처리업,1988-04-09,12월
(주)삼우,SAMWOO,삼우, ,손병철,기타법인,210111-0017668,402-81-21821,전라북도 전주시 덕진구 전미중앙로 8 (전미동2가) 2-2, ,,"지정 외 폐기물 수집, 운반업",1996-10-10,12월
(주)삼우리콘산업,samwoorecon,삼우리콘산업, ,양진수,기타법인,191111-0023677,613-81-27099,"경상남도 창원시 의창구 창원대로397번길 34 (팔용동, 정우파티마빌딩)", ,,건설 폐기물 처리업,2001-10-08,06월
삼익환경산업(주),"SAMIK ENVIRONMENT INDUSTRIAL CO.,LTD",삼익환경산업, ,조종혁,기타법인,230111-0061059,610-81-38466,울산광역시 남구 용연동 490-4, ,,지정 폐기물 처리업,1999-11-01,12월
주식회사 삼정개발,"Samjeong Gaebal Co., Ltd.",삼정개발, ,권도형,기타법인,180111-0724541,603-81-75366,부산광역시 사하구 보덕포1길 101-1 (장림동), ,,폐수 처리업,2010-07-27,12월
주식회사 삼정기업,"Samjung Co., Ltd.",삼정기업, ,김정숙,기타법인,174611-0031473,506-81-28112,"경상북도 포항시 북구 흥해읍 도음로917번길 24 (학천리, 삼정빌딩) 삼정빌딩 3층", ,,사람 분뇨 처리업,1998-03-12,12월
삼정자동차해체재활용산업(주),samjung,삼정자동차해체재활용산업, ,박종호,기타법인,170111-0417940,504-81-90468,대구광역시 북구 검단북로11길 51 (검단동), ,,"금속류 해체, 선별 및 원료 재생업",2011-05-30,12월
삼지산업 주식회사,"SAMJI INDUSTRIES., LTD",삼지산업, ,유종달,기타법인,120111-0004961,139-81-21694,인천광역시 남동구 고잔동 742-3 남동공단 170B 5L,없음,,지정 외 폐기물 처리업,1973-07-03,12월
삼진기업주식회사,SAMJIN ENTERPRI SE.CO,삼진기업, ,조상진,기타법인,204611-0000182,416-81-01601,전라남도 광양시 태인동 1657-12번지,sisedu.co.kr,,"금속류 해체, 선별 및 원료 재생업",1995-10-28,12월
삼호환경기술(주),Samhoenv,삼호환경기술, ,이장근,기타법인,110111-2070970,220-81-98145,경기도 용인시 처인구 남사면 경기동로256번길 19 삼호환경기술,samhoenv.co.kr,,지정 폐기물 처리업,2000-10-01,12월
삼환환경(주),"Sam-Hwan enviroment Co., Ltd.",삼환환경, ,강재성,기타법인,130111-0031863,124-81-28278,경기도 수원시 권선구 삼천병마로 1519 (오목천동), ,,건설 폐기물 처리업,1995-06-01,12월
삼흥산업개발주식회사,"SAM HEUNG ENVIROMENTAL CO.,LTD.",삼흥산업개발, ,염태욱,기타법인,134811-0064204,124-81-90239,경기도 화성시 송산면 마산리 416-68,"samheung21cco,kr",,지정 폐기물 처리업,2001-12-01,12월
상교금속(주),"sang kyo metal ind.co.,std",상교금속, ,이도재,기타법인,130111-0028223,128-81-06543,경기도 고양시 일산구 식사동 277,www.sangkyo.co.kr,,"금속류 해체, 선별 및 원료 재생업",1987-11-30,12월
주식회사상원이엔씨,"SangWon ENC Co., Ltd.",상원이엔씨, ,이호인,기타법인,110111-0880206,109-81-37588,"충청남도 아산시 인주면 인주로 267 (문방리, 상원EnC)",http://www.sangwonenc.com/,,"금속류 해체, 선별 및 원료 재생업",1992-07-18,12월
(주)새롬이엔지,SEROM RECYCLE.CO,새롬이엔지, ,유영기,기타법인,134811-0058942,124-81-83418,경기도 화성시 팔탄면 안산동길 72, ,,"비금속류 해체, 선별 및 원료 재생업",2001-04-10,12월
주식회사새한산업,SAEHAN Corp.,새한산업, ,김종필,기타법인,170111-0439952,514-81-79209,대구광역시 달성군 다사읍 서재본길 62 (서재리), ,,"비금속류 해체, 선별 및 원료 재생업",2011-12-01,12월
주식회사 새한산업개발,-,새한산업개발, ,김형섭,기타법인,131311-0055090,125-81-53917,경기도 평택시 고덕면 율포리 550-40,-,,"폐기물 수집, 운반업",2004-08-13,12월
새한환경(주),"SAEHAN ENVIRONMENT CO., LTD",새한환경, ,권순철,기타법인,161511-0073563,312-81-77357,"충청남도 천안시 동남구 광덕면 대평교길 68 (대평리,새환환경(주))", ,,지정 외 폐기물 처리업,2005-07-22,12월
주식회사 서남환경,Seonam Environmental Technology,서남환경, ,이진용,기타법인,110111-2269630,109-81-72474,서울특별시 강서구 양천로 201 (마곡동),www.seonam.seoul.kr/,,하수 처리업,2001-08-01,12월
주식회사 서 농,"Seo Nong Co., Ltd.",서농, ,신익철,기타법인,110111-0574825,303-81-12554,충청북도 음성군 삼성면 청용리 546-1, ,,"비금속류 해체, 선별 및 원료 재생업",1998-03-01,12월
서봉리사이클링(주),"Seo Bong Recycling Co.,Ltd",서봉리사이클링, ,문정현,기타법인,180111-0164309,603-81-25319,부산광역시 사하구 다대동 1522-1,www.sbre.co.kr,,건설 폐기물 처리업,1994-10-07,12월
서산청천 주식회사,"SEOSAN CHONGCHUN CO., LTD.",서산청천, ,차승용,기타법인,161411-0021514,316-81-13210,충청남도 서산시 동문동 61-1, ,,하수 처리업,2009-06-11,12월
서울 엔이티(주),"Seoul New Environmental Technology.Co.,Ltd",서울엔이티, ,임철기,기타법인,110111-1183435,109-81-44279,서울특별시 강서구 방화동 217-163,www.seoul korea net.com,,건설 폐기물 처리업,1995-08-05,12월
주식회사 서원환경,"ECORBIT energy Cheongwon CO., Ltd",서원환경, ,김학철,기타법인,150111-0067260,301-81-63571,충청북도 청주시 흥덕구 옥산면 과학산업1로 155 (남촌리),-,,건설 폐기물 처리업,2002-08-14,12월
(주)서진인바이러테크,"Seojin Envirotech., LTD",서진인바이러테크, ,김태균,기타법인,190111-0039394,608-81-39327,"경상남도 함안군 법수면 윤외공단길 26-99 (윤외리, 공장)", ,,지정 외 폐기물 처리업,2000-07-21,12월
서천엔바이로주식회사,Seocheon Enviro.co.ltd,서천엔바이로, ,"이우평, 서영철",기타법인,164411-0004723,313-81-14831,충청남도 서천군 서천읍 군사리 819-8, ,,하수 처리업,2003-09-08,12월
(주)서해그린,seo ha green,서해그린, ,김하균,기타법인,161411-0009908,316-81-01922,울산광역시 울주군 온산읍 연자로 52, ,,"지정 외 폐기물 수집, 운반업",2001-10-05,12월
서해그린환경(주),"Seohae Green Environment.,Ltd.",서해그린환경, ,모종면,기타법인,161411-0021689,316-81-13317,충청남도 서산시 대산읍 죽엽로 382, ,,"폐기물 수집, 운반, 처리 및 원료 재생업",2009-07-03,12월
서해워터(주),"West Sea Water Co.,Ltd",서해워터, ,유방희,기타법인,161411-0017430,316-81-09002,충청남도 서산시 대산읍 독곳리 411-4, ,,산업용수 공급업,2006-11-15,12월
(주)서해환경,suahaehwankyong,서해환경, ,송재휘,기타법인,211111-0001793,401-81-02404,전라북도 군산시 공항로 338 (산북동), ,,"지정 외 폐기물 수집, 운반업",1986-01-06,12월
선경워텍주식회사,SunKyoung Watech,선경워텍, ,최동언,기타법인,230111-0087196,610-81-59457,울산광역시 울주군 온산읍 화산리 322번지, ,,폐수 처리업,2002-06-27,12월
선봉스틸(주),"CJ STEEL CO.,LTD.",선봉스틸, ,이한석,기타법인,180111-0565599,603-81-63195,부산광역시 강서구 생곡산단1로24번길 17 부산 강서구 생곡산단1로24번길 17, ,,"금속류 해체, 선별 및 원료 재생업",2006-10-01,12월
선산환경주식회사,SUNSAN ENVIRONMENT Co.Ltd,선산환경, ,양승석,기타법인,176011-0032629,513-81-28880,경상북도 구미시 선산읍 화조리 365, ,,하수 처리업,2003-01-18,12월
(주)선양,"SUNYANG CO., LTD",선양, ,김일주,기타법인,181211-0024899,620-81-08353,울산광역시 남구 용잠동 67-12, ,,지정 외 폐기물 처리업,1993-09-16,12월
선진기업(주),"SEON JIN CO., LTD",선진기업, ,윤돈모,기타법인,110111-0276140,107-81-13673,"경기도 시흥시 과림저수지길 6 (과림동, 철산기업(주))", ,,금속류 원료 재생업,1980-06-10,12월
(주)성강스틸,"SUNGGANGSTEEL.CO.,Ltd",성강스틸, ,이지훈,기타법인,180111-0765602,606-86-34506,부산광역시 강서구 화전동 602-3, ,,"해체, 선별 및 원료 재생업",2012-01-02,12월
성공에너지(주),"Seong Gong Energy co.Ltd,.",성공에너지, ,곽원신,기타법인,134611-0014427,125-81-32678,경기도 안성시 죽산면 당목리 724-1, ,,"비금속류 해체, 선별 및 원료 재생업",2000-04-26,12월
성남그린에너지주식회사,Seongnam Green Energy Corp,성남그린에너지, ,박성만,기타법인,110111-7723631,636-81-02048,"서울특별시 종로구 종로 33 (청진동, 그랑서울)", ,,"지정 외 폐기물 수집, 운반업",2020-12-21,12월
성림산업(주),Sunglim Com.,성림산업, ,김희중,기타법인,114711-0001591,124-81-39514,경기도 화성시 우정읍 주곡리 161-112, ,,"지정 폐기물 수집, 운반업",1983-03-07,12월
성림유화(주),"Sung oil and chemical co., ltd",성림유화, ,"김영중, 김민정",기타법인,115911-0001257,134-81-22290,"경기도 안산시 단원구 첨단로 215 (성곡동, 성림유화(주))",www.sunglim.com,,지정 폐기물 처리업,1990-07-18,12월
(주)성우모터스,SUNGWOOMOTORS,성우모터스, ,안돈환,기타법인,234111-0105241,648-88-01264,경상남도 양산시 산막공단북4길 24 (산막동),sungwo.kr/,,"폐기물 수집, 운반, 처리 및 원료 재생업",2019-04-01,12월
(주)성우무역,"SUNG WOO TRADING Co., LTD",성우무역, ,정우조,기타법인,180111-0361038,607-81-53914,충청남도 천안시 동남구 동면 화복로 326-48 (수남리), ,,"폐기물 수집, 운반, 처리 및 원료 재생업",2001-05-20,12월
주식회사 성원금속,Sungwon metal,성원금속, ,김태욱,기타법인,174311-0008410,508-81-32553,경상북도 김천시 남면 사모실길 81 (부상리), ,,지정 외 폐기물 처리업,2012-02-21,12월
성원이엔티(주),sungwonent,성원이엔티, ,김성우,기타법인,184611-0014774,622-81-10442,경상남도 김해시 한림면 김해대로1538번길 101 (신천리), ,,건설 폐기물 처리업,1995-08-01,12월
(주)성인,sungin,성인, ,김대현,기타법인,164711-0009793,307-81-18910,"경기도 성남시 분당구 정자일로 1 (금곡동, 코오롱트리폴리스1) b-2701호",www.sungincorp.com,,비금속류 원료 재생업,2002-07-01,12월
주식회사 성일산업,SEONG IL . LTD,성일산업, ,임수택,기타법인,175211-0004948,504-81-20832,대구광역시 달서구 본동 750∼1300,SEONG IL.NET,,건설 폐기물 처리업,1996-03-15,12월
주식회사성일플라텍,"SEONG IL CO.,LTD",성일플라텍, ,임수택,기타법인,174711-0013510,505-81-31725,경기도 포천시 내촌면 진목리 888-5,www.seongil.net,,건설 폐기물 처리업,2001-12-27,12월
(주)성진철재,sung jin steel,성진철재, ,손석현,기타법인,170111-0452285,503-81-98813,대구광역시 달서구 성서공단로51길 11 (장동), ,,"폐기물 수집, 운반, 처리 및 원료 재생업",2012-04-01,12월
주식회사 성창환경,"Sung Chang Environment Co., Ltd.",성창환경, ,박종팔,기타법인,141211-0037270,224-81-36914,강원도 원주시 문막읍 보통로 153 (동화리), ,,"지정 외 폐기물 수집, 운반업",2006-06-29,12월
(주)성호기업,"SUNG-HO CO.,LTD",성호기업, ,손명익,기타법인,171211-0030509,505-81-34547,경상북도 경주시 천북면 오야리 12-22,www.isungho.com,,"금속류 해체, 선별 및 원료 재생업",2002-10-01,12월
(주)세라폼,"CERA FOME INC., LTD",세라폼, ,한송근,기타법인,110111-2137374,220-86-03075,서울특별시 강남구 역삼동 823 풍림빌딩303호, ,,"비금속류 해체, 선별 및 원료 재생업",2000-12-27,12월
(주)세람그린에너지,"SERAM GREEN ENERGY Co.,Ltd",세람그린에너지, ,백한신,기타법인,141111-0061354,691-86-01420,강원도 강릉시 사천면 지재길 52 (산대월리),seramenergy.kr,,"지정 외 폐기물 수집, 운반업",2019-03-27,12월
(주)세명테크,"semyoung tech.co.,ltd.",세명테크, ,안흥식,기타법인,120111-0225064,131-81-56656,충청남도 아산시 둔포면 장영실로 922-5 (신남리),https://semyoungtech.com/,,지정 폐기물 처리업,2000-06-22,12월
세방정유 주식회사,SEBANG Oil Corporation,세방정유, ,임채남,기타법인,124411-0028101,136-81-23067,경기도 김포시 대곶면 산자뫼로104번길 166 (송마리),www.sebangoil.com,,"비금속류 해체, 선별 및 원료 재생업",1997-03-28,12월
세운철강 주식회사,"Seawoon Steel co.,Ltd",세운철강, ,김혜숙,기타법인,200111-0039838,410-81-20202,광주광역시 광산구 하남산단6번로 58-11 (오선동), ,,"금속류 해체, 선별 및 원료 재생업",1993-06-15,12월
(주)세원,SEWON,세원, ,정효주,기타법인,191111-0057105,613-81-70596,경상남도 진주시 사봉면 산업단지로 82 (사곡리), ,,폐기물 처리업,2013-06-26,12월
(주)세일환경,"SEILHWANGYEONG CO.,LTD",세일환경, ,김낙균,기타법인,204611-0017830,416-81-40171,"경상남도 사천시 곤양면 흥신로 11 (검정리, (주)세일환경)", ,,비금속류 원료 재생업,2003-03-01,12월
주식회사 세종바이오,sjbio,세종바이오, ,김남순,기타법인,154411-0017322,317-81-11699,경기도 남양주시 진접읍 진벌로 158, ,,"지정 외 폐기물 수집, 운반업",2009-03-01,12월
세종자원(주),"Sejong Resources.Co.,LTD.",세종자원, ,지일성,기타법인,160111-0079891,306-81-34412,대전광역시 대덕구 덕암로154번길 27, ,,"금속류 해체, 선별 및 원료 재생업",1999-03-20,12월
(주)세창이엔텍,"SEO CHANG E&Tech CO.,LTD",세창이엔텍, ,문성민,기타법인,161511-0051345,312-81-56935,"충청남도 천안시 동남구 광덕면 차령고개로 682-11 (원덕리, (주)세창이엔텍)", ,,건설 폐기물 처리업,2002-07-15,12월
(주)세현환경개발,SEHYUN ENVIROMENT ,세현환경개발, ,원광연,기타법인,110111-1519317,215-81-68687,서울특별시 영등포구 여의도동 17-8 동성빌딩 4층,WWW.SE-HYUN.CO.KR,,사람 분뇨 처리업,1998-03-10,12월
(주)세화엔스텍,Saehwa Ens Tec Co.Ltd,세화엔스텍, ,고병균,기타법인,110111-0569016,109-81-18000,인천광역시 서구 석남동 223-376, ,,지정 폐기물 처리업,2005-05-05,12월
주식회사 센트로음성,"Centro Eumseong Co.,Ltd.",센트로음성, ,장병석,기타법인,154511-0088727,666-86-01759,충청북도 음성군 맹동면 원중로 1374 (두성리)6층614호 킹스밀오피스텔1차, ,,지정 폐기물 처리업,2020-03-25,12월
(주)송림리사이클링,songlimrecycling,송림리사이클링, ,설종우,기타법인,116511-0032465,132-81-39043,경기도 남양주시 진접읍 금강로 1939-18 (팔야리), ,,비금속류 해체 및 선별업,2001-04-20,12월
수광산업 주식회사,"Sukwang Industries CO.,LTD.",수광산업, ,정흥열,기타법인,194211-0001214,609-81-05500,경상남도 창원시 대원동 86-4, ,,지정 외 폐기물 처리업,1980-10-28,12월
(주)수도권서부자원순환센터,Metropolitan west recycling center,수도권서부자원순환센터, ,김열환,기타법인,110111-1038292,136-81-11921,경기도 화성시 우정읍 매바위로237번길 86-1 (주곡리), ,,"금속류 해체, 선별 및 원료 재생업",1994-05-19,12월
주식회사 수도권환경,"sudokwon environment co., ltd",수도권환경, ,"하정현, 이병권",기타법인,120111-0151390,137-81-19800,인천광역시 서구 백석동 212-2. 34, ,,지정 외 폐기물 처리업,1997-04-23,12월
주식회사 수도권환경,"SUDOKWON ENVIRONMENT CO.,LTD",수도권환경, ,이병권,기타법인,110111-1156672,109-81-43760,인천광역시 서구 드림로 174 (백석동),www.sudoe.com,,건설 폐기물 처리업,1995-05-11,12월
수비올 주식회사,SUVIOL Co.Ltd.,수비올, ,이용성,기타법인,110111-1799703,209-81-23706,"경기도 부천시 원미구 도약로 261 B동 1105호 (도당동, 부천대우테크노파크)",https://www.suviol.com,,하수 처리업,1999-10-30,12월
수성산업주식회사,SOOSUNG INDUSTRY CO.LTD,수성산업, ,황장양,기타법인,194311-0002989,608-81-18074,경상남도 창원시 의창구 우곡로 2-11 강남프리텔 608호(도계동), ,,건설 폐기물 처리업,1993-11-01,12월
(주)수정개발,"Sujeong Co.,Ltd",수정개발, ,최재승,기타법인,110111-2347361,137-81-43635,인천광역시 서구 경서동 678-1, ,,지정 외 폐기물 처리업,2001-10-08,12월
(주)수정위너스,"Su Jung Winners Co.,Ltd.",수정위너스, ,박태우,기타법인,180111-0769753,606-86-31493,부산광역시 강서구 생곡산단1로24번길 51 (생곡동), ,,"금속류 해체, 선별 및 원료 재생업",2011-08-08,12월
순천에코그린,suncheonecogreen,순천에코그린, ,김문채,기타법인,201311-0046060,416-81-77756,전라남도 순천시 주암면 구산리 산33, ,,폐기물 처리업,2011-05-04,12월
주식회사 순환,Cycle Aggregate Association,순환, ,김만기,기타법인,120111-0407925,137-81-75821,인천광역시 서구 검단천로 201 (오류동), ,,건설 폐기물 처리업,2006-07-10,12월
주식회사 스마트상라,"SmartSangna Co.,Ltd.",스마트상라, ,최일성,기타법인,171211-0137975,167-86-03018,경상북도 경주시 초당길 35-7 103호 (동천동), ,,지정 폐기물 처리업,2023-09-01,12월
(주)승경산업,"Seung Kyoung l&d Co.,Ltd",승경산업, ,김영길,기타법인,214911-0016256,403-81-26436,전라북도 익산시 춘포면 쌍정리 236-13,-,,"지정 폐기물 수집, 운반업",2001-08-16,12월
주식회사 승지,"SEUNG JI CO., LTD.",승지, ,김광훈,기타법인,195511-0163752,615-86-03249,경상남도 김해시 진영읍 서부로396번길 20-20 (의전리), ,,"금속류 해체, 선별 및 원료 재생업",2013-09-11,12월
주식회사 승창철강,SEUNG CHANG STEEL,승창철강, ,송병관,기타법인,170111-0259699,514-81-50463,대구광역시 달성군 논공읍 논공중앙로45길 22-9 (북리)213-14, ,,"지정 외 폐기물 수집, 운반업",2004-01-02,12월
(주)시노펙스에코,SYNOPEX ECOLOGY INC,시노펙스에코, ,손경익,기타법인,131111-0163334,129-81-96733,부산광역시 사상구 학장동 722-20번지, ,,"하수, 폐수 및 분뇨 처리업",2006-05-04,12월
시흥맑은물사랑 주식회사,Si-heung clean water,시흥맑은물사랑, ,김용훈,기타법인,110111-6488939,451-86-00954,"서울특별시 영등포구 여의나루로4길 18 (여의도동, 키움파이낸스스퀘어)", ,,하수 처리업,2017-08-16,12월
시흥에코피아 주식회사,"Siheung Ecopia Co., Ltd",시흥에코피아, ,양동집,기타법인,110111-5327302,101-86-87357,"경기도 시흥시 월곶중앙로 48 (월곶동, 유호아파트) 상가2층", ,,하수 처리업,2014-01-28,12월
신강하이텍 주식회사,SHINGANG HI-TECH,신강하이텍, ,조성주,기타법인,135111-0049499,123-81-49488,경기도 군포시 산본동 1123-4 유공프라자 508호 ,sgenv.kr,,기타 환경 정화 및 복원업,1999-06-21,12월
주식회사신대양,"sindaeyangco.,ltd",신대양, ,양재원,기타법인,180111-0001824,606-81-01830,부산광역시 사하구 구평로16번길 67 (구평동), ,,토양 및 지하수 정화업,1962-08-23,12월
신대원에너지 주식회사,"NEW DAEWON ENERGY CO., LTD.",신대원에너지, ,"서명환, 신대호",기타법인,134811-0478314,551-88-01903,경기도 화성시 향남읍 발안공단로 139 (구문천리), ,,지정 외 폐기물 처리업,2020-05-20,12월
신대한정유산업주식회사,"SHINDAEHAN REFINED FUEL CO.,LTD",신대한정유산업, ,김정수,기타법인,124411-0022442,136-81-22490,경기도 화성시 정남면 가장로 334-10,www.wastes.co.kr,,"비금속류 해체, 선별 및 원료 재생업",1995-10-11,12월
(주)신명,"ShinMyung Co.,Ltd.",신명, ,유순상,기타법인,115811-0004005,127-81-21842,경기도 동두천시 강변서로 339-18, ,,건설 폐기물 처리업,1997-05-01,12월
(주)신성그린,sinsunggreen,신성그린, ,염기동,기타법인,124311-0006167,130-81-05950,"경기도 부천시 까치로74번길 102 (작동, (주)원미환경)",없음,,"지정 외 폐기물 수집, 운반업",1980-12-05,12월
(주)신성에너텍,"SHIN SUNG ENERTEC Co.,Ltd.",신성에너텍, ,김태극,기타법인,174711-0013015,505-81-30726,경상북도 영천시 금호읍 오계공단길 28, ,,"비금속류 해체, 선별 및 원료 재생업",2001-09-04,12월
(주)신세계자원,SHINSEKERESOURCE.LTD,신세계자원, ,김장성,기타법인,120111-0090598,137-81-00636,인천광역시 서구 금산로 46 (경서동), ,,지정 외 폐기물 처리업,1993-12-01,12월
주식회사 신승에너지,"Sinseung Energy Co,.Ltd",신승에너지, ,유희상,기타법인,134811-0269937,135-86-32549,경기도 화성시 남양읍 매바위로 570-10 (장덕리), ,,"폐기물 수집, 운반, 처리 및 원료 재생업",2013-05-07,12월
주식회사 신아폐차산업,"SHINAH CO.,LTD.",신아폐차산업, ,이상준,기타법인,134611-0053566,125-81-99951,경기도 화성시 정남면 만년로 379-49 (계향리), ,,금속류 해체 및 선별업,2011-12-01,12월
(주)신암정유,"SINAM REFINED FUEL.CO.,LTD",신암정유, ,이부섭,기타법인,164911-0009012,311-81-18961,충청남도 예산군 신암면 조곡리 9-30, ,,지정 폐기물 처리업,2003-03-11,12월
신에이코리아 주식회사,SHINEI KOREA,신에이코리아, ,카네코토요히사,기타법인,170111-0524224,504-86-12958,경상남도 김해시 진영읍 본산로193번길 47 신에이코리아 주식회사, ,,금속류 원료 재생업,2014-04-01,03월
(주)신풍자원,shin poong,신풍자원, ,문종식,기타법인,110111-1172107,212-81-30445,서울특별시 강동구 초광로294번길 22-1 (상일동)419-1번지, ,,비금속류 해체 및 선별업,1995-07-01,12월
신한환경(주),shinhanenvironment,신한환경, ,홍연택,기타법인,134711-0017213,125-81-20677,경기도 평택시 진위면 은산4길 63-37 (은산리), ,,"지정 외 폐기물 수집, 운반업",1997-01-01,12월
신해산업 주식회사,ShinHai Recycling Co.LTD,신해산업, ,김동형,기타법인,131111-0020873,129-81-16379,경기도 성남시 분당구 야탑동 404번지,http://www.shinhai.co.kr/index.asp,,"비금속류 해체, 선별 및 원료 재생업",1995-04-17,12월
신호환경,SHINHO ENVIRONMENT,신호환경, ,정광우,기타법인,135111-0045968,123-81-45274,경기도 오산시 누읍동 332,www.shinhoenv.co.kr/,,지정 외 폐기물 처리업,1998-06-16,12월
(주)실파인,"SILFINE CO., LTD.",실파인, ,임승룡,기타법인,110111-1641706,119-81-29692,충청남도 천안시 백석동 555-52,www.silfine.com,,"비금속류 해체, 선별 및 원료 재생업",1999-02-04,12월
주식회사 심팩글로벌 동부,SIMPAC Global Dongbu INC.,심팩글로벌동부, ,권형준,기타법인,194211-0387250,230-87-02949,"경상남도 창원시 성산구 적현로 184 (신촌동, 동림공업(주))",www.simpac.com,,금속류 해체 및 선별업,2024-08-19,12월
(주)씨에스에코,CSECO,씨에스에코, ,이민재,기타법인,134811-0337370,315-87-00091,경기도 화성시 장안면 매바위로366번길 68-13 (석포리), ,,지정 폐기물 처리업,2015-07-01,12월
(주)씨엔에스,C&S,씨엔에스, ,오용순,기타법인,120111-0431841,131-86-02489,인천광역시 남동구 고잔로 61, ,,지정 외 폐기물 처리업,2014-03-14,12월
씨엠액텍(주),"CM-Actec Co.,Ltd",씨엠액텍, ,유지영,기타법인,135511-0118981,134-81-72524,서울특별시 서초구 양재동 340-2,www.cmbio.com,,"비금속류 해체, 선별 및 원료 재생업",2001-08-14,12월
씨이케이 주식회사,"CEK Co., Ltd.",씨이케이, ,이상민,기타법인,206211-0018123,417-81-21269,전라남도 여수시 진달래길 310-73 (월내동),www.kc-enviro.com,,폐기물 처리업,2000-06-29,12월
씨케이리싸이클링(주),CKRECYCLING Inc,씨케이리싸이클링, ,박찬훈,기타법인,154511-0006670,303-81-11370,충청북도 음성군 대소면 오류리 136-2, ,,"금속류 해체, 선별 및 원료 재생업",1994-10-15,12월
아경물산주식회사,"A-K METAL Co.,Ltd",아경물산, ,신충균,기타법인,121111-0176131,130-86-36633,경기도 부천시 봉오대로527번길 73-1 (고강동), ,,비금속류 원료 재생업,2008-08-08,12월
아라연환경(주),"Arayeon co,.Ltd",아라연환경, ,김월봉,기타법인,206011-0005992,415-81-31422,전라남도 완도군 완도읍 망석리 산1, ,,지정 외 폐기물 처리업,2009-06-25,12월
아름다운환경건설(주),"Beautiful Environmental Construction Co.,Ltd.",아름다운환경건설, ,이종열,기타법인,110111-1959737,220-81-88671,"경기도 성남시 중원구 사기막골로 124 메가센터동 501호(상대원동, SKn테크노파크)",www.esakorea.com,,토양 및 지하수 정화업,2000-06-01,12월
주식회사 아리웰,AREWELL CO.LTD,아리웰, ,"김준영, 윤달우",기타법인,170111-0636631,159-87-00695,경상북도 경주시 안강읍 두류길 275 아리웰 건물, ,,폐수 처리업,2017-03-17,12월
(주)아림에너지,"Arimenergy Co., Ltd.",아림에너지, ,김진희,기타법인,170111-0575102,596-86-00219,경기도 평택시 청북읍 청북산단로 100 (율북리), ,,"지정 외 폐기물 수집, 운반업",2015-08-07,12월
(주)아림환경,ARIM environment,아림환경, ,김진희,기타법인,171111-0007261,514-81-46523,경상북도 고령군 다산면 다산산단로 54-58 (송곡리), ,,지정 폐기물 처리업,2000-10-06,12월
아산서해물길,ASANSOHEO.Corpration,아산서해물길, ,조영주,기타법인,134111-0539029,643-81-01445,"경기도 안양시 만안구 일직로 88 (석수동, 케이타워 본관) 8층", ,,하수 처리업,2019-11-29,12월
아산스마트워터(주),ASANSMARTWATER,아산스마트워터, ,구자군,기타법인,164811-0075552,312-86-57720,충청남도 아산시 탕정면 이순신대로 470-54 (갈산리), ,,하수 처리업,2013-10-29,12월
아세아테크주식회사,aseatech.co.ltd,아세아테크, ,김태진,기타법인,150111-0070304,301-81-66428,"충청북도 충주시 대소원면 첨단산업1로 279 (완오리, 아세아테크(주))", ,,지정 폐기물 처리업,2003-01-01,12월
주식회사 아신네트웍스,Asin Networks Inc.,아신네트웍스, ,이현용,기타법인,230111-0198349,610-86-17108,"울산광역시 중구 종가로 15 (다운동, 울산테크노파크)", ,,지정 외 폐기물 처리업,2012-10-20,12월
아이비환경 주식회사,IB-Environment Company,아이비환경, ,양승석,기타법인,111611-0072919,128-81-89068,경기도 고양시 일산서구 법곳동 740, ,,하수 처리업,2003-12-12,12월
아이앤에스주식회사,"I&S Co., Ltd.",아이앤에스, ,현상호,기타법인,164211-0018992,305-86-05675,충청남도 금산군 복수면 수목로 64, ,,지정 폐기물 처리업,2010-08-01,12월
(주)아이제이엔솔,"IJ ENVIRONMENT SOULUTION Co.,Ltd",아이제이엔솔, ,채경석,기타법인,284411-0142891,590-88-02964,경상북도 경산시 강변동로 76 (서상동) 2층,"경상북도 경산시 강변동로 76, 2층(서상동)",,"하수, 폐수 및 분뇨 처리업",2023-12-29,12월
아이케이,"IK. Co., Ltd.",아이케이, ,이상진,기타법인,120111-0189705,136-81-31567,"인천광역시 서구 검단천로 151 (오류동, 백년사옥)",www.ik.co.kr,,건설 폐기물 처리업,1999-04-02,12월
주식회사 아진강업,"A-JIN STEEL CO., LTD",아진강업, ,이상묵,기타법인,184511-0017853,621-81-28987,부산광역시 사상구 감전동 947-4,http://www.metalscraps.com,,"금속류 해체, 선별 및 원료 재생업",1997-12-10,12월
주식회사 안국,"ANGUK CO.,LTD",안국, ,김수종,기타법인,110111-0944573,121-81-20054,인천광역시 중구 신흥동3가 정석빌딩 신관 703호, ,,축산 분뇨 처리업,1993-05-25,12월
(주)안산이에스,ansanes,안산이에스, ,강민구,기타법인,131411-0268055,134-86-83249,경기도 안산시 단원구 선부동 1016-6번지, ,,"금속류 해체, 선별 및 원료 재생업",2011-11-25,12월
안성슈레더공업주식회사,anseongshredder.co.ltd,안성슈레더공업, ,이상준,기타법인,134811-0028581,124-81-48177,경기도 안성시 공도읍 기업단지로 8 (용두리),-,,"금속류 해체, 선별 및 원료 재생업",1997-01-28,12월
주식회사 알씨,Recyclable Company,알씨, ,이효석,기타법인,284211-0047152,132-81-69213,"경기도 남양주시 와부읍 양정로 375-1 (율석리, RC자원)", ,,"비금속류 해체, 선별 및 원료 재생업",1999-10-22,12월
(주)알엠,"RM Co.,Ltd.",알엠, ,김영민,기타법인,131311-0069603,125-81-65499,경기도 오산시 동부대로 291-12 (갈곶동),rmeco.kr/,,"비금속류 해체, 선별 및 원료 재생업",2006-11-14,12월
주식회사 알엠앤에스,"RM&S CO.,LTD.",알엠앤에스, ,임철구,기타법인,110111-4510461,212-81-93659,서울특별시 강동구 천중로 213 (길동) 어반라이프오피스빌딩, ,,폐기물 처리업,2011-01-07,12월
주식회사 알퍼트,"ALPERT Co., Ltd.",알퍼트, ,소면섭,기타법인,110111-4192839,201-86-12928,경기도 화성시 팔탄면 푸른들판로 767-8 (창곡리), ,,금속류 원료 재생업,2009-10-06,12월
(주)애니테크,"ANY TECH CO.,LTD",애니테크, ,임병곤,기타법인,111511-0039713,127-81-49495,경기도 양주시 남면 운하로 66-14 (상수리), ,,지정 폐기물 처리업,2001-10-06,12월
양산에코라인(주),"Yangsan Eco-line Co.,Ltd",양산에코라인, ,설상대,기타법인,134111-0158647,138-81-42911,경상남도 양산시 중부동 470-1,yangsanbtl.com,,하수 처리업,2007-09-20,12월
주식회사 양원이엔지,"Yangwoneng Co.,Ltd",양원이엔지, ,김영달,기타법인,175011-0022605,792-88-01218,경상북도 고령군 다산면 다산산단3길 55 (송곡리), ,,지정 폐기물 처리업,2019-06-11,12월
양주에코텍 주식회사,YANGJU ECOTECH,양주에코텍, ,송태을,기타법인,110111-4483840,104-86-32166,경기도 양주시 광적면 삼일로 236, ,,하수 처리업,2010-12-02,12월
양주엔바이로(주),Yangju Enviro Corporation,양주엔바이로, ,이우평,기타법인,110111-2503244,120-86-36261,서울특별시 중구 장교동 1번지,-,,하수 처리업,2002-04-19,12월
(주)에너지경산,"ECORBIT energy Gyeongsan CO., Ltd",에너지경산, ,박경석,기타법인,174711-0006044,515-81-10580,경상북도 경산시 진량읍 대구대로 355-26 주식회사 에너지경산, ,,지정 폐기물 처리업,1996-08-24,12월
(주)에너지경주,ECORBITenergygyeongju,에너지경주, ,이명호,기타법인,174611-0027844,506-81-25167,"경상북도 경주시 안강읍 두류길 178-1 (두류리, (주)원에코)",www.ecorbit.com,,지정 폐기물 처리업,2001-04-13,12월
주식회사 에너지광주,ESG Gwangju,에너지광주, ,양승한,기타법인,200111-0314587,408-81-90097,광주광역시 남구 산남로 690-14, ,,지정 폐기물 처리업,2011-03-04,12월
(주)에너지네트웍,Energy Networks.Ltd,에너지네트웍, ,심연규,기타법인,180111-0590562,603-81-65077,부산광역시 사하구 강변대로 20 (신평동), ,,"폐기물 수집, 운반, 처리 및 원료 재생업",2007-04-19,12월
(주)에너지드림,Energy dream ,에너지드림, ,안효득,기타법인,110111-4472447,214-88-74583,충청북도 제천시 왕암동 989,-,,지정 폐기물 처리업,2011-03-15,12월
주식회사 에너지명성,ecorbit energy myeongsung,에너지명성, ,주승환,기타법인,200111-0644067,844-87-02321,전라남도 여수시 대통2길 63-3 (화장동) 1층, ,,지정 외 폐기물 처리업,2021-08-19,12월
주식회사 에너지세종,"ECORBIT energy Sejong CO.,Ltd",에너지세종, ,윤명근,기타법인,164711-0024600,307-81-36771,세종특별자치시 전동면 솔티로 341 (송성리),www.ecorbit.com,,지정 외 폐기물 처리업,2012-03-21,12월
주식회사 에너지진천,ECORBIT energy Jincheon,에너지진천, ,김학철,기타법인,154311-0060753,594-81-02797,충청북도 진천군 진천읍 금사로 7, ,,지정 폐기물 처리업,2022-12-28,12월
(주)에너지파크,ENERGY PARK Corporation,에너지파크, ,김광웅,기타법인,230111-0320520,741-86-01685,울산광역시 남구 처용로 687 (주)에너지파크,www.energypark.co.kr,,지정 외 폐기물 처리업,2019-11-12,12월
(주)에니스,"Enis Environmental Construction Co.,Ltd",에니스, ,김재봉,기타법인,170111-0217142,514-81-43792,경상북도 영천시 북안면 유하큰길 43 (유하리), ,,토양 및 지하수 정화업,2002-02-18,12월
주식회사 에스닥스,S-DOCS,에스닥스, ,한영민,기타법인,134511-0187705,142-81-46027,"경기도 용인시 기흥구 신정로 206 (신갈동, 에스닥스)",www.s-docs.co.kr,,"지정 외 폐기물 수집, 운반업",2012-04-02,12월
(주)에스쓰리알,"S3R CO., LTD.",에스쓰리알, ,서종현,기타법인,214911-0027782,403-81-48385,인천광역시 남동구 음실서로 66,www.s3r.co.kr,,금속류 원료 재생업,2008-01-01,12월
에스아이이(주),"SIE Coperation Co.,Ltd",에스아이이, ,김종진,기타법인,230111-0116325,610-81-79341,울산광역시 남구 용연동 490-4, ,,지정 폐기물 처리업,2005-10-12,12월
주식회사 에스앤씨,SON&CO,에스앤씨, ,"손형준, 최민준",기타법인,170111-0431362,502-86-11026,경기도 안성시 대덕면 무능로 118 주식회사 에스앤씨, ,,"비금속류 해체, 선별 및 원료 재생업",2011-06-09,12월
주식회사 에스에스에너지,SSENERGY,에스에스에너지, ,오양섭,기타법인,141211-0110703,519-87-01955,"강원도 원주시 지정면 작압길 80-65 (보통리, 자원재생시설)", ,,폐기물 처리업,2020-06-18,12월
(주)에스에이치,SH,에스에이치, ,박진우,기타법인,170111-0435207,503-81-95965,대구광역시 달서구 장기로 374 (장기동),(42699)대구광역시 달서구 장기로 374(장기동),,지정 폐기물 처리업,2011-09-08,12월
(주)에스엠테크,"SM-TECH CO.,LTD",에스엠테크, ,김복수,기타법인,134111-0069894,123-81-52227,경기도 평택시 청북읍 어소길 293-9 (한산리), ,,비금속류 원료 재생업,1999-11-23,12월
(주)에스제이코퍼레이션,"SJ Environmental Industry co.,ltd",에스제이코퍼레이션, ,박현철,기타법인,151111-0031579,303-81-49949,"서울특별시 강남구 광평로 295 (수서동, 사이룩스오피스텔) 서관동 제12층 1220호",www.sjzerma.com,,지정 외 폐기물 처리업,2007-12-13,12월
주식회사 에스제이테크,SJ Environmental Industry,에스제이테크, ,박현철,기타법인,151111-0088041,516-81-02569,충청북도 충주시 주덕읍 주덕농공길 63, ,,비금속류 원료 재생업,2022-10-01,12월
에스지개발(주),"SG Development CO.,LTD",에스지개발, ,윤석환,기타법인,120111-0429044,131-86-01665,"인천광역시 남동구 논현고잔로 56 (고잔동, (주)두성건설)",www.sgdev.co.kr,,"지정 외 폐기물 수집, 운반업",2017-03-31,12월
(주)에스피리사이클링,songpa resources recycling.co.ltd,에스피리사이클링, ,엄창수,기타법인,110111-1108798,215-81-44633,서울특별시 서초구 헌릉로422길 25-2 (내곡동) 1-657번지, ,,"비금속류 해체, 선별 및 원료 재생업",1995-01-01,12월
에스피아이 (서산) 워터 엘티디,SPI (Seosan) Water Ltd,에스피아이(서산)워터엘티디, ,John Christopher Brown,기타법인, ,310-84-00080,충청남도 서산시 대산읍 삼성종합화학(주) SPI SEOSAN WATER, ,,지정 외 폐기물 처리업,2000-01-26,03월
주식회사 에스피환경,"SP Environment Co.,Ltd",에스피환경, ,강병군,기타법인,174711-0055108,732-81-01804,"경상북도 영천시 도남공단3길 25 (도남동, (주)네비엔)", ,,"지정 외 폐기물 수집, 운반업",2020-04-01,12월
(주)에이디피그린,ADPGREEN,에이디피그린, ,서정민,기타법인,284311-0022938,343-87-01552,경기도 연천군 전곡읍 양연로 488 (간파리), ,,지정 외 폐기물 처리업,2019-09-17,12월
주식회사 에이루트에코,"AROOT ECO Co., Ltd.",에이루트에코, ,"서문동군, 이민균",기타법인,161411-0060306,108-87-02491,"충청남도 서산시 대산읍 명지1로 35 (대로리), 1층", ,,비금속류 원료 재생업,2023-08-02,12월
주식회사 에이치솔루션,"H Solution Co., Ltd.",에이치솔루션, ,조문환,기타법인,150111-0365713,312-87-03352,"충청북도 청주시 흥덕구 가경로 8-1 (가경동, 태경빌딩)", ,,지정 폐기물 처리업,2024-05-08,12월
에이치알씨 주식회사,HRC,에이치알씨, ,김보생,기타법인,205911-0012338,409-81-96769,전라남도 장성군 삼계면 수양로 35 (월연리),hrc@hanmail.net,,"금속류 해체, 선별 및 원료 재생업",2017-06-04,12월
에이치엘비에너지주식회사,"HLB ENERGY Co., LTD.",에이치엘비에너지, ,진양호,기타법인,180111-0235332,603-81-32765,부산광역시 사하구 감천항로291번길 80 (구평동), ,,지정 외 폐기물 처리업,1997-06-27,12월
(주)에이치투,H2 Corp.,에이치투, ,김영민,기타법인,134811-0538514,771-81-01814,경기도 화성시 양감면 사격장길 88-45 (주)에이치투 (사창리), ,,비금속류 원료 재생업,2020-02-03,12월
주식회사에이티에너지,ATENERGY,에이티에너지, ,"최해두, 심진우",기타법인,110111-5174307,107-87-97864,인천광역시 서구 중봉대로386번길 9 (원창동), ,,지정 외 폐기물 처리업,2013-07-03,12월
(주)에임코리아,AIM KOREA Inc.,에임코리아, ,김정열,기타법인,110111-4649997,120-87-70742,서울특별시 강남구 수서동 수서타워 1009호, ,,지정 외 폐기물 처리업,2011-07-21,12월
(주)에코랜드,Ecoland,에코랜드, ,강덕신,기타법인,171211-0126879,667-81-02232,경상북도 경주시 건천읍 용명공단길 173-160 (용명리), ,,지정 외 폐기물 처리업,2022-01-03,12월
(주)에코비트,"ECORBIT Co., Ltd.",에코비트, ,임병용,기타법인,281111-0087640,128-81-98738,경기도 성남시 수정구 위례서일로 18,www.ecorbit.com,,하수 처리업,2005-11-17,12월
(주)에코비트 로지스,ECORBIT LOGIS,에코비트로지스, ,신홍재,기타법인,171211-0070274,505-81-70830,"경상북도 경주시 안강읍 두류길 178-1 (두류리, (주)ESG경주)", ,,"지정 폐기물 수집, 운반업",2012-09-27,12월
(주)에코비트로직스,"ECORBIT Logics Co.,Ltd.",에코비트로직스, ,장태성,기타법인,110111-8432835,438-86-02814,"서울특별시 송파구 송파대로 155 (문정동, NH송파농협) 10층", ,,"지정 폐기물 수집, 운반업",2022-09-26,12월
주식회사 에코비트로직스중부,"ECORBIT Logics Jungbu Co., Ltd.",에코비트로직스중부, ,"장태성, 최영식",기타법인,164211-0044442,664-86-03009,충청남도 금산군 복수면 수영길 20,www.ecorbit.com,,"지정 폐기물 수집, 운반업",2023-07-27,12월
주식회사 에코비트에너지,ECORBIT energy CO.Ltd,에코비트에너지, ,신홍재,기타법인,154311-0003828,301-81-21737,"충청북도 진천군 진천읍 금사로 7 (금암리 219-1, (주)에코비트에너지)", ,,지정 폐기물 처리업,1994-09-10,12월
주식회사 에코비트에너지정세,ECORBIT energy Jungse,에코비트에너지정세, ,김만수,기타법인,170111-0566177,732-81-00071,경상북도 경주시 안강읍 두류길 218-116, ,,지정 외 폐기물 처리업,2015-05-15,12월
주식회사 에코비트엔워터테크,"ECORBIT n watertech CO., LTD.",에코비트엔워터테크, ,김두현,기타법인,131111-0354107,144-81-17741,"충청남도 아산시 영인면 신정리길 209-43 (성내리, (주)에코비트에너지울산아산사업소)", ,,폐수 처리업,2019-08-13,12월
주식회사 에코솔루션,SeosanEST Ltd.,에코솔루션, ,"허성열, 맹태호",기타법인,170111-0456469,503-81-99637,충청남도 서산시 지곡면 무장산업로 180-73 (무장리), ,,"폐기물 수집, 운반, 처리 및 원료 재생업",2012-03-28,12월
에코술이홀 주식회사,"ECOSULIHALL CO., LTD",에코술이홀, ,이유진,기타법인,115611-0045657,128-81-88981,경기도 파주시 문산읍 자유로 4545, ,,하수 처리업,2003-12-09,12월
주식회사 에코앤리사이클,ECO AND RECYCLE CO LTD,에코앤리사이클, ,강현호,기타법인,161311-0070620,385-81-03362,"충청남도 논산시 연무읍 마봉로79번길 4 (마전리, (주)에코앤리사이클)", ,,비금속류 원료 재생업,2024-03-12,12월
에코이앤오(주),Eco E&O corporation,에코이앤오, ,송태을,기타법인,134111-0226874,138-81-78229,"서울특별시 중구 삼일대로6길 2 (충무로2가, 조양빌딩별관)", ,,하수 처리업,2012-09-10,12월
주식회사 에코코코리아,EcoKorea,에코코코리아, ,김병국,기타법인,154311-0015500,301-81-73268,"충청북도 진천군 덕산읍 초금로 852-18 (용몽리, (주)에코코리아)", ,,금속류 원료 재생업,2004-01-02,12월
(주)에코탑,ECOTOP Corp.,에코탑, ,신성철,기타법인,134811-0651390,544-81-02375,경기도 화성시 우정읍 매바위로237번길 46-315 (주곡리), ,,지정 외 폐기물 처리업,2021-10-27,12월
주식회사 에코테크놀로지,"ECO Technology Co., Ltd",에코테크놀로지, ,정영훈,기타법인,171211-0136539,183-88-02844,경상북도 경주시 건천읍 용명공단길 173-120 (용명리) 에코테크놀로지, ,,비금속류 원료 재생업,2023-06-15,12월
주식회사 에코프라임,"eco-prime.co.,ltd",에코프라임, ,김성현,기타법인,164911-0013542,311-81-28440,충청남도 예산군 대술면 대술로 699 (화산리),eco-prime.co.kr,,토양 및 지하수 정화업,2008-05-30,12월
(주)에코필,"EcoPhile Co.,Ltd.",에코필, ,고성환,기타법인,134511-0039518,135-81-37118,경기도 양주시 은현면 도하리,www.ecophile.com,,토양 및 지하수 정화업,2000-03-22,12월
주식회사 에타폴,DAEWOONG CO.LTD,에타폴, ,문영지,기타법인,165011-0015769,311-81-21637,충청남도 당진시 송악읍 가청로 97-7 (방계리),www.dwpolychem.com,,"해체, 선별 및 원료 재생업",2004-12-12,12월
주식회사 에프알에너지,FRENERGY Inc.,에프알에너지, ,임상재,기타법인,131311-0147186,320-81-00053,"경기도 평택시 삼봉로 106-10 (독곡동, 폐기물재활용시설)", ,,지정 외 폐기물 처리업,2015-03-09,12월
엔바이로테크놀리지 주식회사,Enviro Technology,엔바이로테크놀리지, ,구스타보미게스,기타법인,110111-2629793,110-81-58884,인천광역시 연수구 송도국제대로372번길 6 (송도동), ,,하수 및 폐수 처리업,2002-10-14,12월
엔비오코리아주식회사,Envio Korea Co.Ltd.,엔비오코리아, ,나윤태,기타법인,134111-0153572,138-81-40010,경기도 안양시 동안구 비산동 1108 금강벤처텔 708호,enviokorea.com,,폐기물 처리업,2007-04-24,12월
엔비텍(주),Envitek Corporation,엔비텍, ,이인재,기타법인,281111-0109387,128-86-11376,경기도 파주시 월롱면 덕은리 1007번지(파주LCD 단지내), ,,지정 외 폐기물 처리업,2006-03-15,12월
(주)엔비텍코리아,Envitech co. LTD,엔비텍코리아, ,전은우,기타법인,284411-0047778,127-86-06661,경기도 포천시 창수면 방골길 235, ,,"지정 폐기물 수집, 운반업",2007-09-21,12월
(주)엔아이티,"NIT CO.,LTD.",엔아이티, ,"김주한, 이강욱",기타법인,211111-0015190,401-81-22185,전북특별자치도 군산시 서해로 259, ,,지정 폐기물 처리업,2002-06-07,12월
(주)엔알미광텍,"New reprodution chemical co.,ltd",엔알미광텍, ,박희윤,기타법인,194511-0008165,608-81-81276,경상남도 의령군 용덕면 용덕2길 73, ,,"비금속류 해체, 선별 및 원료 재생업",2010-04-16,12월
엘비리텍주식회사,LB ReTech Inc.,엘비리텍, ,김태형,기타법인,150111-0166864,317-81-32904,"충청북도 청주시 청원구 오창읍 중신길 50-12 (중신리, LB리텍(주))", ,,금속류 해체 및 선별업,2012-10-12,12월
엠다온 주식회사,M-Daon Company Limited,엠다온, ,이승훈,기타법인,110111-6274594,681-81-00638,경기도 여주시 강천면 강천로 123 (적금리), ,,폐기물 처리업,2016-12-29,03월
주식회사 엠에이,"Co.,td MA",엠에이, ,최원재,기타법인,150111-0206123,238-87-00402,충청북도 청주시 흥덕구 옥산면 옥산산단로 76 (호죽리), ,,지정 폐기물 처리업,2016-07-18,12월
엠이천 주식회사,M-ICHEON,엠이천, ,박세원,기타법인,110111-5828318,481-81-00149,경기도 이천시 모가면 사실로 660-48 (두미리), ,,"지정 외 폐기물 수집, 운반업",2015-09-03,03월
(주)여수엑스포환경,YEOSU EXPO Environment Corporation ,여수엑스포환경, ,김두현,기타법인,120111-0451162,131-86-05720,전라남도 여수시 진달래길 310-142 (월내동), ,,지정 외 폐기물 처리업,2007-12-11,12월
주식회사 여주환경산업,"Yeoju Environment Industry Co., td",여주환경산업, ,김상현,기타법인,131211-0066388,878-87-02474,경기도 여주시 장여로 1578-16 (삼교동), ,,"건설 폐기물 수집, 운반업",2022-09-08,12월
연화신소재,yeonhwa advanced materials,연화신소재, ,심상미,기타법인,164911-0018534,311-81-42234,충청남도 예산군 예산읍 예산로 319-44,www.muhanrecytech.co.kr,,"지정 외 폐기물 수집, 운반업",2013-01-08,12월
영덕엔바이로 주식회사,YEONGDEOK ENVIRO,영덕엔바이로, ,전완명,기타법인,110111-3455593,104-86-00873,경상북도 영덕군 강구면 금호리 845, ,,"하수, 폐수 및 분뇨 처리업",2006-05-12,12월
영선산업재생업(주),Young Sun industry reproduction co.Ltd.,영선산업재생업, ,윤성현,기타법인,110111-0961014,127-81-23947,경기도 양주군 은현면 봉암리 39번지, ,,지정 외 폐기물 처리업,1997-10-01,12월
(주)영스틸에스티에스,YOUNG STEEL STS,영스틸에스티에스, ,김현주,기타법인,131411-0159155,134-86-17375,부산광역시 연제구 연산동, ,,"금속류 해체, 선별 및 원료 재생업",2004-09-06,12월
영주에스엠씨 주식회사,Yeongjusmc,영주에스엠씨, ,우철식,기타법인,175611-0011763,512-81-17852,경상북도 영주시 휴천동 123(선비로), ,,"하수, 폐수 및 분뇨 처리업",2010-11-24,12월
(주)영주자원,YOUNGJUJAWON,영주자원, ,유승무,기타법인,110111-2944430,210-81-52706,"인천광역시 서구 중봉대로 146 (가좌동, 금진목재)",22847,,비금속류 해체 및 선별업,2004-02-02,12월
주식회사 영진자원,"young jin recorces CO.,LTD",영진자원, ,박창호,기타법인,190111-0021789,608-81-19151,경상남도 함안군 칠서면계내리 624, ,,"금속류 해체, 선별 및 원료 재생업",1994-04-01,12월
영천에코 주식회사,"Yeongcheoneco Co.,Ltd",영천에코, ,이종균,기타법인,174711-0048012,543-88-00859,경상북도 영천시 고경면 호국로 811, ,,"폐기물 수집, 운반, 처리 및 원료 재생업",2017-12-26,12월
주식회사 영흥산업환경,"Young Hung Industry Environment co.,ltd",영흥산업환경, ,공진국,기타법인,161511-0023047,312-81-26289,"충청남도 천안시 동남구 목천읍 학수소사길 142-42 (소사리, (주)영흥산업환경)",yhie.co.kr,,건설 폐기물 처리업,1997-04-07,12월
(주)오성개발,Ohsung development Corp.,오성개발, ,최종민,기타법인,130111-0023802,124-81-25854,경기도 화성시 안녕길 59 (안녕동), ,,건설 폐기물 처리업,1994-04-01,12월
주식회사 오송바이오,"OHSONG BIO., Ltd",오송바이오, ,송재근,기타법인,284611-0027312,179-88-02108,경기도 평택시 청북읍 청북중앙로 424-30 (고잔리), ,,지정 외 폐기물 처리업,2020-12-01,12월
(주)오일텍,"OIL-TECHNOLOGY CO.,LTD.",오일텍, ,심만규,기타법인,135511-0185956,140-81-25647,경기도 시흥시 신천로25번길 18 (신천동),www.oiltech.kr,,지정 외 폐기물 처리업,2007-11-22,12월
(주)오창환경 ,"Ochang Environment CO.,LTD.",오창환경, ,반종윤,기타법인,150111-0205191,266-81-00098,충청북도 청주시 청원구 오창읍 후기길 483 (후기리), ,,지정 외 폐기물 처리업,2015-06-18,12월
옵트로그린텍(주),OPTROGREENTECH,옵트로그린텍, ,정욱희,기타법인,134811-0231027,124-87-24158,경기도 화성시 장안면 3.1만세로 478-5 (수촌리),www.optrogt.co.kr,,"비금속류 해체, 선별 및 원료 재생업",2011-12-12,12월
주식회사 와이에스,"YS CO.,LTD",와이에스, ,류해렬,기타법인,181211-0002225,610-81-03841,울산광역시 울주군 온산읍 연자로 52,www.zu-yoosung.co.kr,,지정 외 폐기물 처리업,1980-04-21,12월
(주)와이엔텍,"Y-ENTECCO.,LTD.",와이엔텍,067900,"박지영, 박용하(각자 대표이사)",코스닥시장,206211-0001540,417-81-05459,전라남도 여수시  여수산단로 1232,www.y-entec.co.kr,,지정 폐기물 처리업,1990-08-31,12월
(주)와이제이스틸,YJSTEEL,와이제이스틸, ,주재홍,기타법인,195511-0134365,615-81-81783,"경상북도 경주시 천북면 천북산단로1길 74-51 1층 (오야리, (주)성호기업)", ,,금속류 원료 재생업,2011-01-19,12월
와이케이메탈 주식회사,YKMETAL,와이케이메탈, ,김민진,기타법인,194311-0052380,611-87-01120,"경상남도 함안군 군북면 월촌공단로 160 (월촌리, 와이케이메탈주식회사)", ,,건설 폐기물 처리업,2019-02-19,12월
용신환경개발(주),"YONGSIN ENVIRONMENT DEVELOPMENT CO.,LTD",용신환경개발, ,이민석,기타법인,230111-0096931,610-81-69843,울산광역시 울주군 청량면 안산길 182 (용암리), ,,건설 폐기물 처리업,2003-07-03,12월
주식회사 용인그린파크,"Yongin Green Park CO., LTD.",용인그린파크, ,정대훈,기타법인,110111-0938153,231-87-03524,"서울특별시 송파구 송파대로 155 (문정동, NH송파농협) 10층", ,,"폐기물 수집, 운반, 처리 및 원료 재생업",2025-09-23,12월
용인맑은물사랑(주),yongincleanwater,용인맑은물사랑, ,홍성태,기타법인,134511-0118263,120-87-21130,"서울특별시 강남구 테헤란로 326 (역삼동, 역삼아이타워) 12층", ,,하수 처리업,2007-11-01,12월
(주)용인실업,YONGIN Incorporated ,용인실업, ,김종오,기타법인,134511-0225191,142-81-67134,"경기도 용인시 기흥구 동백중앙로16번길 16-4 1동 1815호(중동, 에이스동백타워)", ,,"지정 외 폐기물 수집, 운반업",2014-01-10,12월
용인자원,YONG IN JA WON,용인자원, ,조성근,기타법인,134511-0020880,135-81-21329,경기도 용인시 유방동352-6, ,,"금속류 해체, 선별 및 원료 재생업",1996-11-08,12월
(주)용진,YONG JIN,용진, ,허태만,기타법인,180111-0492627,606-81-87819,부산광역시 강서구 송정길 80-7 (송정동),6068187819@hanmail.net,,"금속류 해체, 선별 및 원료 재생업",2004-08-10,12월
용진환경(주),YONGJIN ENVI. CORP.,용진환경, ,김홍찬,기타법인,151311-0004126,302-81-11227,"충청북도 영동군 영동읍 계산로3길 9-30 (계산리, 한빛일보영동지사)",www.yje21.co.kr,,하수 처리업,2001-04-27,12월
우광개발주식회사,wookwangdev.com,우광개발, ,임태권,기타법인,121111-0083526,130-81-76931,경기도 부천시 신흥로511번길 165 (오정동) 5층,www.wookwangdev.com,,"건설 폐기물 수집, 운반업",2001-02-27,12월
(주)우광엔텍,WOOKWANG ENTECH Corp.,우광엔텍, ,임정문,기타법인,120111-0146250,137-81-17461,인천광역시 서구 건지로153번길 53 (석남동), ,,폐수 처리업,1997-02-17,12월
(주)우리기업,woori.,우리기업, ,박영란,기타법인,135011-0090791,133-81-35943,"경기도 시흥시 서해안로736번길 118 (월곶동, (주)우리기업)", ,,"건설 폐기물 수집, 운반업",1998-03-02,12월
주식회사 우리환경산업,Woori Environmental Industry ,우리환경산업, ,김순경,기타법인,195511-0117907,615-81-69931,"부산광역시 금정구 동천로 67 (회동동, (주)우리환경산업)", ,,"건설 폐기물 수집, 운반업",2014-03-19,12월
(주)우성산업개발,woosung industrydevelopment.co.ltd.,우성산업개발, ,김경철,기타법인,134711-0016629,125-81-19068,경기도 평택시 포승읍 원정리 799-9, ,,건설 폐기물 처리업,1996-07-01,12월
(주)우전자원개발,WOOJUN SCRAP INC,우전자원개발, ,한동석,기타법인,115911-0018301,128-81-33128,인천광역시 서구 검암동 596-3 대림프라자 203호,www.woojunscrap.com,,"금속류 해체, 선별 및 원료 재생업",1998-03-05,12월
(주)우주엔비텍,wooju envitech,우주엔비텍, ,곽태헌,기타법인,110111-1335987,104-81-40318,"서울특별시 영등포구 당산로41길 11 (당산동4가, 당산SKV1center)", ,,지정 외 폐기물 처리업,1996-10-31,12월
우주자원 주식회사,"woojoo resources Co., Ltd.",우주자원, ,이선미,기타법인,124611-0274487,137-81-42354,경기도 김포시 대곶면 종생로 87-61 (율생리), ,,금속류 원료 재생업,2002-01-15,12월
우진환경개발(주),WOOJIN ENVIRONMENT & DEVELOPEMENT CO.LTD,우진환경개발, ,이강우,기타법인,150111-0019013,301-81-22658,충청북도 청주시 청원구 북이면 의암로 298 (금암리), ,,건설 폐기물 처리업,1994-08-25,12월
(주)울산스틸이엔지,"Ulsan Steel ENG Co., Ltd",울산스틸이엔지, ,박종설,기타법인,230111-0274561,269-86-00734,"울산광역시 남구 산업로 242 (선암동, (주)울산스틸이엔지)", ,,금속류 원료 재생업,2017-04-03,12월
울산에스코 주식회사,ULSANESCO,울산에스코, ,오택엽,기타법인,230111-0147122,610-81-94186,울산광역시 남구 용연로179번길 18 용연동, ,,하수 및 폐수 처리업,2008-08-14,12월
울주청천주식회사,"ULJUCHONGCHUN CO., LTD.",울주청천, ,이영천,기타법인,230111-0164845,620-81-36387,울산광역시 울주군 언양읍 구수길 43-66 (구수리) 언양수질개선사업소내,없음,,"하수, 폐수 및 분뇨 처리업",2010-04-19,12월
원광개발주식회사, ,원광개발, ,송원근,기타법인,194311-0005284,610-81-29614,경상남도 양산시 어곡동 지방산업단지 16.17브럭, ,,지정 폐기물 처리업,1997-04-21,12월
주식회사 원보,wonbo,원보, ,유길문,기타법인,115211-0017860,132-81-13382,경기도 남양주시 진건읍 진건오남로 397-11 (송능리), ,,건설 폐기물 처리업,1996-05-20,12월
원주그린주식회사,WONJU GREEN CORP.,원주그린, ,송태을,기타법인,110111-4636431,104-86-35858,강원도 원주시 흥업면 수루니길 116 원주그린(주), ,,폐기물 처리업,2011-06-30,12월
주식회사 원창,"WONCHANG CO., LTD.",원창, ,오원수,기타법인,181211-0003760,610-81-05586,울산광역시 남구 성암동 320-2, ,,지정 외 폐기물 처리업,1984-08-25,12월
주식회사 원창에코,"WONCHANG ECO. CO. LTD.,",원창에코, ,이범근,기타법인,285011-0199849,128-86-62860,경기도 고양시 일산서구 장자길118번길 69-113 (덕이동), ,,지정 폐기물 처리업,2011-07-07,12월
월드메탈(주),"WORLD METAL CO., Ltd",월드메탈, ,주안자,기타법인,194211-0030742,609-81-33670,경상남도 함안군 군북면 유현리 552, ,,"금속류 해체, 선별 및 원료 재생업",1998-07-01,12월
(주)웨이브정읍,wave jeongeup Inc,웨이브정읍, ,박정우,기타법인,211211-0030708,801-87-02659,전북특별자치도 정읍시 소성면 고부동서로 276, ,,비금속류 원료 재생업,2022-12-06,12월
주식회사 웸코천안,"WAMKO Cheonan Co., LTd.",웸코천안, ,최영수,기타법인,161511-0225651,327-81-00879,충청남도 천안시 동남구 수신면 발산4길 251 (발산리),www.wamko.co.kr/,,폐기물 처리업,2018-01-08,06월
위에펠 주식회사,"weepel co.,ltd",위에펠, ,강종모,기타법인,120111-0454249,122-81-98711,"서울특별시 영등포구 여의나루로 67 ,302호(여의도동, 신송빌딩)",www.weepel.kr,,지정 외 폐기물 처리업,2008-01-16,12월
주식회사 윈텍글로비스,"WINTEC GLOVIS CO.LTD.,",윈텍글로비스, ,이상훈,기타법인,110111-4589622,215-87-53982,"서울특별시 송파구 오금로11길 12 (방이동, 효창플라자) 6층",www.wintecglovis.co.kr,,비금속류 원료 재생업,2011-05-16,12월
주식회사유니버셜메탈,"UNIVERSAL METAL CO.,LTD.",유니버셜메탈, ,"김영식, 스티브성준황",기타법인,164811-0039623,312-81-89061,충청남도 아산시 영인면 신봉리 506-1, ,,"금속류 해체, 선별 및 원료 재생업",2007-02-16,12월
(주)유니큰,"YOO NI KUN CO., LTD.",유니큰, ,류해열,기타법인,181211-0029914,610-81-21188,울산광역시 남구 용잠동 529-27, ,,지정 폐기물 처리업,1994-10-21,12월
(주)유닉스라바,"Unix Rubber, Inc.",유닉스라바, ,원충희,기타법인,110111-1360471,304-81-07016,서울특별시 성동구 성수2가 3동 277-17 성수아카데미테 306호,http://www.unixrubber.com,,"비금속류 해체, 선별 및 원료 재생업",1997-01-06,12월
주식회사 유성,"YOOSUNG CO., LTD.",유성, ,류해렬,기타법인,230111-0221140,610-86-27533,울산광역시 남구 용잠로 419 (용잠동), ,,지정 외 폐기물 처리업,2014-04-09,12월
(주)유성엔텍,"U-sung Environment Technology Co.,Ltd",유성엔텍, ,"최지성, 오만균",기타법인,134411-0017061,126-81-50683,경기도 이천시 설성면 설성로479번길 61 (암산리), ,,지정 외 폐기물 처리업,2001-01-22,12월
(주)유성엔텍,U-SUNG ENTHCH,유성엔텍, ,최지성,기타법인,120111-0333782,137-81-58327,인천광역시 서구 북항로245번길 7 (원창동), ,,"지정 외 폐기물 수집, 운반업",2004-01-01,12월
유승건기산업(주),u seung industry.co.LTD,유승건기산업, ,김영석,기타법인,184511-0018166,621-81-29797,부산광역시 금정구 부곡3동59-8번지, ,,"폐기물 수집, 운반업",1998-02-01,12월
유유리싸이클링(주),"YUYU RECYCLING CO.,LTD",유유리싸이클링, ,이필영,기타법인,170111-0619538,208-81-29314,대구광역시 달성군 하빈면 하산길 129-24 (하산리), ,,지정 외 폐기물 처리업,2016-10-20,12월
(주)유일,yuil corporation,유일, ,박승해,기타법인,234111-0040405,621-81-65056,"경상남도 양산시 어실로 415 (어곡동, 유일자원)", ,,"해체, 선별 및 원료 재생업",2005-12-22,12월
유일산업주식회사,"YUIL INDUSTRY CO.,LTD",유일산업, ,박승해,기타법인,234111-0042477,621-81-67767,경상남도 양산시 유산공단4길 94 (교동),www.yuil.or.kr,,"비금속류 해체, 선별 및 원료 재생업",2006-08-03,12월
(주)유진에코씨엘,yujin ecociel,유진에코씨엘, ,오영미,기타법인,110111-3960633,120-87-32210,서울특별시 송파구 백제고분로 75 올림피아빌딩 508호 (잠실동), ,,"금속류 해체, 선별 및 원료 재생업",2008-08-29,12월
(주)유창알앤씨,"YOOCHANG R&C co.,ltd",유창알앤씨, ,성기원,기타법인,170111-0259772,503-81-63013,대구광역시 서구 국채보상로20길 25 (중리동)1075-1, ,,"지정 외 폐기물 수집, 운반업",2004-01-07,12월
주식회사 유창환경,YUCHANG ENVIRONMENET,유창환경, ,성기원,기타법인,170111-0687296,816-86-01072,대구광역시 달서구 와룡로 220 (죽전동), ,,지정 외 폐기물 처리업,2018-06-29,12월
(주)윤진테크,YOON JIN TECH,윤진테크, ,이상진,기타법인,176011-0054409,513-81-48697,경상북도 김천시 공단4길 12 (응명동), ,,비금속류 원료 재생업,2008-05-01,12월
음성아랫물길주식회사,"Eumseong Sewage Pipe co., ltd",음성아랫물길, ,문인섭,기타법인,110111-3752965,104-86-10255,"서울특별시 종로구 종로 33 (청진동, 그랑서울)", ,,하수 처리업,2007-09-11,12월
주식회사 의성그린에너지,UiSeongGreenEnergy,의성그린에너지, ,김인출,기타법인,110111-6803690,275-88-01009,경상북도 의성군 금성면 도경4길 26 (개일리), ,,"지정 외 폐기물 수집, 운반업",2018-07-05,12월
의정부에코피아주식회사,UIJEONGBUECOPIA,의정부에코피아, ,최유순,기타법인,110111-0929681,611-87-02997,"서울특별시 송파구 송이로 108 5층, (가락동, 화승타워)", ,,하수 처리업,2025-07-11,12월
이도그린오산 주식회사,Yidogreenosan Inc.,이도그린오산, ,정종찬,기타법인,134811-0581183,860-86-01860,경기도 화성시 매송면 매송고색로375번길 5-1 2층 203호, ,,"폐기물 수집, 운반, 처리 및 원료 재생업",2020-09-18,12월
이도그린전주 주식회사,yidogreen,이도그린전주, ,정종찬,기타법인,210111-0141756,171-86-01488,전라북도 전주시 덕진구 원만성로 55 (팔복동3가), ,,"지정 외 폐기물 수집, 운반업",2019-04-19,12월
이도에코진천 주식회사,malgum co.ltd,이도에코진천, ,오동원,기타법인,160111-0350663,314-86-49003,충청북도 진천군 이월면 산수산단2로 154 (삼용리), ,,지정 외 폐기물 처리업,2013-07-04,12월
주식회사 이메디원,e - Medi One,이메디원, ,안찬주,기타법인,200111-0254767,408-81-76794,전라남도 장흥군 장평면 고정길 12 (두봉리), ,,폐기물 처리업,2008-01-25,12월
이써비스 주식회사,"E-service CO.,LTD.",이써비스, ,김성제,기타법인,284311-0011634,127-81-97129,경기도 연천군 전곡읍 간파리 253, ,,"지정 외 폐기물 수집, 운반업",2006-01-19,12월
주식회사 이알,ER Co.Ltd.,이알, ,임현열,기타법인,195511-0113468,615-81-66797,경상남도 김해시 한림면 안하로116번길 42 (안하리), ,,비금속류 해체 및 선별업,2008-12-15,12월
(주)이알지서비스,erg service,이알지서비스, ,한성수,기타법인,120111-0170803,139-81-36746,"인천광역시 남동구 남동서로316번길 41 (남촌동, (주)ERG서비스)",www.ergservice.com,,지정 폐기물 처리업,1998-06-10,12월
주식회사 이앤씨연천,"E&C YEONCHEON CO.,LTD",이앤씨연천, ,이한용,기타법인,120111-1256842,188-88-02723,인천광역시 서구 첨단기술로 50 디동 2층 (청라동), ,,지정 외 폐기물 처리업,2022-08-26,12월
주식회사 이앤알,E&R Inc.,이앤알, ,김길현,기타법인,164411-0005052,313-81-15975,충청남도 서천군 장항읍장암리 78-5, ,,"금속류 해체, 선별 및 원료 재생업",2004-09-16,12월
주식회사 이앤에스지,E&SG,이앤에스지, ,이종원,기타법인,134811-0647480,617-87-02393,경기도 화성시 장안면 고해길 61 (독정리) 이앤에스지, ,,비금속류 원료 재생업,2021-11-15,12월
(주)이앤에프,enf,이앤에프, ,박창수,기타법인,211211-0012491,404-81-30501,전라북도 정읍시 2산단5길 10 (하북동), ,,폐기물 처리업,2009-12-10,12월
주식회사 이앤티,Environment & Technology,이앤티, ,박갑진,기타법인,191311-0012296,615-81-51348,경상남도 밀양시 하남읍 남전리 36-1, ,,"비금속류 해체, 선별 및 원료 재생업",2006-10-13,06월
이앤티스소재(주),"EnTis Materials Co., Ltd.",이앤티스소재, ,권도형,기타법인,204611-0056945,414-86-01269,경기도 화성시 풀무골로60번길 4-6 (중동), ,,금속류 원료 재생업,2018-09-04,12월
(주)이에스그린,"ESGREEN Co.,Ltd",이에스그린, ,최기덕,기타법인,164711-0063004,164-86-00462,세종특별자치시 부강면 부강행산로 247-1 (산수리), ,,"지정 외 폐기물 수집, 운반업",2016-06-17,12월
주식회사 이에스알씨,East South Recycling Center,이에스알씨, ,제정곤,기타법인,191311-0028582,441-88-00515,경상남도 밀양시 삼랑진읍 용전산업단지길 250 (용전리), ,,금속류 원료 재생업,2016-12-26,12월
(주)이에스에스케이,ESSK,이에스에스케이, ,강상기,기타법인,131411-0197105,134-86-43650,서울특별시 강남구 대치동 912-31, ,,토양 및 지하수 정화업,2007-07-11,12월
주식회사 이에스티,"EST Co., Ltd.",이에스티, ,김희수,기타법인,230111-0097020,610-81-67336,울산광역시 울주군 온산읍 원산로 59 (당월리), ,,지정 폐기물 처리업,2003-07-08,12월
주식회사 이엔워터솔루션,"E&Watersolution CO., LTD.",이엔워터솔루션, ,권도형,기타법인,110111-7790317,363-81-02311,충청남도 당진시 송산면 가곡로 210 (동곡리), ,,지정 폐기물 처리업,2021-02-24,12월
(주)이엠알,"EMR Co.,Ltd.",이엠알, ,김일두,기타법인,134811-0027442,124-81-46470,경기도 화성시 남양읍 현대기아로 733-6 (북양리), ,,지정 외 폐기물 처리업,1996-11-01,12월
주식회사 이엠케이승경,EMK Seung Kyoung,이엠케이승경, ,서한철,기타법인,214911-0034232,403-81-61073,"전라북도 익산시 춘포면 궁성로 188-14 (쌍정리, 승경산업(주))", ,,지정 외 폐기물 처리업,2010-12-09,12월
이엠케이울산 주식회사,EMKULSAN,이엠케이울산, ,홍성록,기타법인,230111-0304384,666-81-01133,울산광역시 울주군 온산읍 산성길 76 (화산리), ,,폐기물 처리업,2018-12-18,12월
주식회사 이클린워터,"Ecleanwater Co., Ltd.",이클린워터, ,김창환,기타법인,110111-7789831,566-88-01943,충청남도 당진시 송산면 가곡로 200 (동곡리), ,,지정 폐기물 처리업,2021-02-23,12월
주식회사 이투인더스,e2indus,이투인더스, ,양진호,기타법인,110111-3583287,206-86-13387,서울특별시 송파구 가락동 46-9 씨제이빌딩 서관3층,www.e2indus.com,,폐기물 처리업,2007-01-25,12월
(주)이피에스솔루션,"EPS SOLUTION CO,. LTD",이피에스솔루션, ,박변주,기타법인,135211-0010753,123-81-82089,"경기도 안양시 동안구 흥안대로 415 11층 1119, 1120호(평촌동, 두산벤처다임)",www.weps.co.kr,,하수 처리업,2002-09-12,12월
주식회사 이피에스이앤이,"EPS-EnE CO., LTD",이피에스이앤이, ,박변주,기타법인,134111-0217344,138-81-73466,"경기도 안양시 동안구 흥안대로 415 (평촌동, 두산벤처다임) 1126호, 1127호, 1128호",www.eps-ene.co.kr,,하수 처리업,2012-03-02,12월
주식회사 인광이에스,inkwanges,인광이에스, ,"김용희, 강호종",기타법인,120111-1293258,490-87-03249,인천광역시 서구 검단천로 151 (오류동), ,,토양 및 지하수 정화업,2023-02-22,12월
인선기업(주),"INSUN GIEOP CO., LTD",인선기업, ,곽명헌,기타법인,164211-0003787,305-81-27257,"충청남도 금산군 복수면 수목로 64 (수영리, 인선기업주식회사)",insungs.co.kr,,건설 폐기물 처리업,1997-03-02,12월
인선에이치에스(주),INSUN HS ,인선에이치에스, ,김용수,기타법인,134811-0080226,124-86-08049,경기도 화성시 신남동 595-2, ,,건설 폐기물 처리업,2003-02-25,12월
인선이엔티(주),INSUN ENVIRONMENTAL NEW TECHNOLOGY CO.,인선이엔티,060150,김성수,코스닥시장,115911-0017303,128-81-31815,경기도 고양시 일산동구  동국로 240 인선ENT(주),www.insun.co.kr,,건설 폐기물 처리업,1997-11-06,12월
(주)인천리사이클링,incheon recycling,인천리사이클링, ,이기중,기타법인,120111-0532409,131-86-21278,인천광역시 남동구 고잔동 246-103, ,,지정 외 폐기물 처리업,2010-05-14,12월
주식회사 인천폐차사업소,"INCHEON AUTO DISMANTLING CO.,LTD",인천폐차사업소, ,박순용,기타법인,120111-0790601,171-86-00209,인천광역시 남동구 남동서로 291 (논현동),www.auto-web.co.kr,,"금속류 해체, 선별 및 원료 재생업",2015-07-01,06월
(주)일성,"ILSUNG  CO.,LTD.",일성, ,박승철,기타법인,120111-0142521,139-81-30403,인천광역시 남동구 청능대로409번길 19 (고잔동) 남동공단 77블럭 7롯트,www.ilsung21.net,,폐수 처리업,1997-01-01,12월
주식회사 장원폐차산업,"JangWon IndustryCo.,Ltd.",장원폐차산업, ,김성찬,기타법인,280211-0135729,127-86-57651,경기도 양주시 남면 감악산로 69 (상수리),www.jangwoncar.com,,금속류 해체 및 선별업,2014-09-23,12월
(주)장형기업,CHANGHYUNG ENTERPRIZE CO.LTD,장형기업, ,김봉숙,기타법인,124411-0017964,136-81-13652,"인천광역시 서구 검단천로 203 (오류동, 장형기업)", ,,건설 폐기물 처리업,1998-02-28,12월
(주)장호원환경,"Janghowon Environment Ltd., Co.",장호원환경, ,박귀연,기타법인,134411-0081777,136-87-01217,경기도 이천시 장호원읍 서동대로8369번길 52-19 (대서리), ,,지정 외 폐기물 처리업,2018-05-25,12월
주식회사 재운산업,JAE WOON,재운산업, ,유은경,기타법인,134511-0115300,142-81-08149,경기도 화성시 양감면 용소금각로36번길 154-83, ,,지정 외 폐기물 처리업,2007-06-28,12월
(주)재향사업소,JAE HYANG RECYCLING MANAGEMENT,재향사업소, ,"강정오, 김진희",기타법인,160111-0244832,305-81-93780,대전광역시 대덕구 대화로139번길 33 (대화동), ,,비금속류 해체 및 선별업,2008-07-15,12월
전주개발 주식회사,JEONJU DEVELOPMENT CORPRATION,전주개발, ,임강혁,기타법인,210111-0035264,402-81-45667,전라북도 전주시 덕진구 송천동2가 1035번지, ,,하수 처리업,2002-03-16,12월
전주리싸이클링에너지(주),"JeonjuRecyclingEnergy Co,.LTD",전주리싸이클링에너지, ,장호철,기타법인,210111-0096282,402-86-07668,전라북도 전주시 완산구 호동길 85 삼천동3가 749-5, ,,폐기물 처리업,2014-03-17,12월
전주아랫물길 주식회사,"Jeonju Sewage Pipe Co., Ltd",전주아랫물길, ,정재환,기타법인,210111-0051492,418-81-19830,"전라북도 전주시 덕진구 고내천변로 58 (송천동2가, 전주환경사업소및위생처리장)", ,,하수 처리업,2006-04-27,12월
정신산업주식회사,JungShin Inc.,정신산업, ,신상민,기타법인,134811-0089434,124-86-15782,경기도 화성시 향남면 동오리 154-1, ,,지정 폐기물 처리업,2003-11-27,12월
정우이앤알,jungwooenr,정우이앤알, ,이선일,기타법인,194311-0022010,608-81-70804,"경상남도 함안군 칠북면 덕남길 80-1 (검단리, 정우이앤알)",jungwooenr@co.kr,,금속류 해체 및 선별업,2008-02-22,12월
정읍하수관거주식회사,jungup,정읍하수관거, ,김정회,기타법인,211211-0009810,404-81-21657,전라북도 정읍시 영파동 232-1, ,,하수 처리업,2006-06-02,12월
정일산기(주),"jeong il industrial machine co., LTD",정일산기, ,강진수,기타법인,130111-0026632,134-81-06946,경기도 안산시 단원구 성곡동 634-4, ,,"금속류 해체, 선별 및 원료 재생업",1986-12-15,12월
정일산업 (주),jungill industry co.Ltd,정일산업, ,박상만,기타법인,134511-0014204,135-81-13381,"경기도 용인시 처인구 남사면 형제로 83 (북리, 정일산업)", ,,건설 폐기물 처리업,1994-07-15,12월
주식회사 제스코이지,JescoEg,제스코이지, ,금종민,기타법인,150111-0241872,162-88-00927,충청북도 청주시 흥덕구 강내면 태성1길 20-42 (태성리), ,,비금속류 해체 및 선별업,2017-10-01,12월
제이경주에스엠씨 주식회사,"The 2nd Gyeongju SMC Co.,Ltd.",제이경주에스엠씨, ,양치호,기타법인,171211-0058824,505-81-59403,경상북도 경주시 외동읍 문산리 864-6, ,,"하수, 폐수 및 분뇨 처리업",2010-03-17,12월
주식회사 제이디산업개발,JD Int,제이디산업개발, ,이영욱,기타법인,154511-0079057,315-86-01133,충청북도 음성군 대소면 한삼로 262 (수태리), ,,지정 외 폐기물 처리업,2018-08-07,12월
(주)제이메탈,"JMETAL SCRAP CO.,LTD",제이메탈, ,노제구,기타법인,134911-0031491,140-81-10367,"경기도 시흥시 시흥대로 1028 (은행동, 지성MS) (주)제이메탈", ,,"금속류 해체, 선별 및 원료 재생업",2005-08-22,12월
주식회사 제이스,JEIS coporation,제이스, ,이승구,기타법인,175111-0015385,510-81-23663,경상북도 성주군 선남면 오도리 1-6, ,,"폐기물 수집, 운반, 처리 및 원료 재생업",2009-12-30,12월
제이아이금속(주),"J.I METAL CO., LTD.",제이아이금속, ,송낙유,기타법인,120111-0396946,137-81-73629,경기도 화성시 장안면 포승장안로1054번길 29 (독정리), ,,"금속류 해체, 선별 및 원료 재생업",2006-02-24,12월
제이양산에코라인(주),"The 2nd Yangsan Eco-line Co., Ltd ",제이양산에코라인, ,설상대,기타법인,134111-0186317,138-81-57530,경상남도 양산시 중부동 470-1, ,,하수 처리업,2010-01-21,12월
주식회사 제이에이그린,"JA GREEN CO.,LTD",제이에이그린, ,안경철,기타법인,154311-0024486,301-86-02851,충청북도 청주시 흥덕구 옥산면 옥산산단4로 81 (국사리1089),www.usung.co.kr,,지정 외 폐기물 처리업,2009-06-11,12월
제이엔텍,JENTEC,제이엔텍, ,최동찬,기타법인,165011-0059527,398-88-00735,"충청남도 당진시 송산면 가곡로 250 (동곡리, 관리동)", ,,"하수, 폐수 및 분뇨 처리업",2016-08-02,12월
(주)제이엠테크,"JMTECH CO.,LTD",제이엠테크, ,이경복,기타법인,124411-0047250,137-81-36129,경기도 김포시 대곶면 쇄암리 240-6,www.jmtechkorea.com,,"금속류 해체, 선별 및 원료 재생업",2001-04-14,12월
제이영주에스엠씨 주식회사,"The 2nd Yeongju SMC Co.,Ltd.",제이영주에스엠씨, ,양치호,기타법인,175611-0012753,512-81-19409,경상북도 영주시 선비로 123 (휴천동), ,,"하수, 폐수 및 분뇨 처리업",2012-03-22,12월
주식회사 제일에너지,"JEIL ENERGY CO.,LTD",제일에너지, ,최재현,기타법인,175211-0030092,513-81-55484,경상북도 칠곡군 왜관읍 금산리 475-3,www.jeilenergy.com/,,폐기물 처리업,2009-11-18,12월
(주)제일이앤씨,"JEIL E&C Co., Ltd.",제일이앤씨, ,김종휘,기타법인,206211-0030945,417-81-31976,전라남도 여수시 여수산단로 285-11 (월하동), ,,지정 폐기물 처리업,2005-11-01,12월
제주산업주식회사,jejuindustry company,제주산업, ,서병일,기타법인,220111-0015658,616-81-14235,제주특별자치도 제주시 번영로 316 제4호 2층 210호(영평동), ,,건설 폐기물 처리업,1995-01-25,12월
제주에코텍 주식회사,jejuecotec,제주에코텍, ,이용우,기타법인,110111-4445866,104-86-31041,서울특별시 중구 장교동 한화빌딩 10층, ,,하수 처리업,2010-10-07,12월
제주엔바이로주식회사,jejuenviro,제주엔바이로, ,이우평,기타법인,110111-3751412,104-86-10293,제주특별자치도 제주시 아라1동 2567, ,,하수 처리업,2007-09-10,12월
제천맑은물사랑(주),jecheon-BTL2,제천맑은물사랑, ,최재준,기타법인,110111-4482206,104-86-32093,서울특별시 중구 남창동 9-1, ,,하수 처리업,2010-11-30,12월
(주)젝시엔,"XXI Environment Co., Ltd.",젝시엔, ,최덕윤,기타법인,180111-0403103,603-81-49403,부산광역시 사하구 신평2동 642-10, ,,지정 폐기물 처리업,2002-04-03,12월
(주)조치원환경,JOCHIWON ENVIRONMENT,조치원환경, ,김한식,기타법인,164711-0016318,307-81-26007,세종특별자치시 소정면 소정구길 185 (소정리), ,,"건설 폐기물 수집, 운반업",2007-03-29,12월
(주)조향메탈,johyangmetal,조향메탈, ,김판일,기타법인,180111-0918920,606-86-56214,부산광역시 사상구 낙동대로 871 (감전동), ,,금속류 원료 재생업,2014-06-20,12월
(주)종연산업,Jong Yeoun Industry,종연산업, ,박대식,기타법인,174711-0009634,505-81-19250,경상북도 영천시 도남동 214-1,없음,,지정 외 폐기물 처리업,1999-11-30,12월
주식회사 주명개발,jumyung development,주명개발, ,이기훈,기타법인,131111-0391828,129-86-91280,경기도 성남시 수정구 성남대로 1306 3층 303호(태평동), ,,"지정 외 폐기물 수집, 운반업",2014-11-12,12월
주영테크(주),juyoungtech,주영테크, ,서영철,기타법인,164811-0034631,312-81-78230,충청남도 아산시 실옥로 110-22 (실옥동), ,,폐수 처리업,2005-09-09,12월
(주)주원,"Juwon co ., ltd",주원, ,김기홍,기타법인,131311-0115886,125-86-03144,경기도 평택시 진위면 송탄고가길 5-43,,,"폐기물 수집, 운반, 처리 및 원료 재생업",2012-04-16,12월
주원전주 주식회사,JUWONJEONJU,주원전주, ,박진규,기타법인,210111-0120528,385-86-00550,전라북도 전주시 덕진구 원만성로 55 (팔복동3가) 주원전주 주식회사, ,,"지정 외 폐기물 수집, 운반업",2017-01-06,12월
(주)준성이티에스,"JUNSUNG ETS CO., LTD.",준성이티에스, ,김용구,기타법인,165011-0044122,311-81-48878,"충청남도 당진시 송산면 가곡로 200 (동곡리, 준성ETS)", ,,폐수 처리업,2013-12-26,12월
(주)중부에너텍,JUNGBOO ENERTEC,중부에너텍, ,김진권,기타법인,160111-0386288,314-86-63325,대전광역시 서구 실미길 3 (우명동), ,,지정 외 폐기물 처리업,2014-12-03,12월
(주)중산기업,"Joongsan Enterprise Co., Ltd.",중산기업, ,홍현수,기타법인,115611-0006146,128-81-10746,"경기도 파주시 지목로 85 (신촌동, 중산기업)", ,,비금속류 원료 재생업,1991-03-29,12월
주식회사 중앙환경,"JOONGANG ENVIRONMENT CO., LTD.",중앙환경, ,박용기,기타법인,195511-0070072,615-81-36560,경상남도 김해시 한림면 안하로 178 (안하리),www.ja21.co.kr,,건설 폐기물 처리업,2004-02-12,12월
중원철스크랩(주),"JUNG WON STEEL SCRAPCo., Ltd",중원철스크랩, ,안종태,기타법인,194211-0030122,609-81-33267,경상남도 창원시 신촌동 66-17, ,,"비금속류 해체, 선별 및 원료 재생업",1998-05-01,12월
중원철스크랩(주),"jungwon steel scrap co.,ltd",중원철스크랩, ,안종태,기타법인,200111-0240112,410-86-09838,광주광역시 광산구 하남동 506-8, ,,"금속류 해체, 선별 및 원료 재생업",2007-04-03,12월
주식회사 지솔알이에이치,jisolreh,지솔알이에이치, ,유재원,기타법인,134511-0077956,135-81-69717,"경기도 용인시 처인구 남사면 경기동로 52 (통삼리, (주)지솔알이에이치-해솔산업)", ,,"건설 폐기물 수집, 운반업",2004-02-17,12월
(주)지앤에스메탈,"G&S METAL CO.,LTD",지앤에스메탈, ,차재민,기타법인,180111-0674077,606-86-17114,부산광역시 강서구 가달2로 7 (생곡동), ,,"금속류 해체, 선별 및 원료 재생업",2009-06-05,12월
지에스에코메탈(주),"GS EcoMetal Co.,Ltd.",지에스에코메탈, ,손정현,기타법인,230111-0168657,610-86-03910,울산광역시 울주군 온산읍 화산1길 75-34 (화산리), ,,"비금속류 해체, 선별 및 원료 재생업",2010-09-10,12월
(주)지엠이앤씨,-,지엠이앤씨, ,정정국,기타법인,170111-0400820,514-81-76309,경상북도 성주군 성주읍 성주산업단지로1길 102 (예산리),-,,"지정 폐기물 수집, 운반업",2011-03-25,12월
(주)지엠피콥,GMP Corp,지엠피콥, ,최정원,기타법인,110111-5721546,358-86-00072,경기도 화성시 우정읍 매바위로237번길 46-251,www.gmpcorp.co.kr,,"금속류 해체, 선별 및 원료 재생업",2015-05-13,12월
지오콘머테리얼(주),geocon material,지오콘머테리얼, ,박천호,기타법인,110111-1663099,212-81-41729,충청북도 진천군 덕산면 신척리425-5,geocon.koreasme.com,,"비금속류 해체, 선별 및 원료 재생업",1999-03-12,12월
주식회사 지이케미칼,"GE CHEMICAL.Co.,Ltd.",지이케미칼, ,최상형,기타법인,134811-0559213,666-88-01689,경기도 화성시 장안면 덕다길50번길 84, ,,비금속류 원료 재생업,2020-05-21,12월
지케이스틸(주),gk steel,지케이스틸, ,배철훈,기타법인,205411-0015754,411-81-56644,전라남도 영암군 삼호읍 난전리 1716-11번지, ,,"금속류 해체, 선별 및 원료 재생업",2009-02-18,12월
주식회사 지파크개발,"G-Park Development Co., Ltd.",지파크개발, ,정동수,기타법인,134211-0220064,684-88-01479,"경기도 광주시 행정타운로 68 5층(송정동, 동하빌딩)", ,,지정 폐기물 처리업,2019-07-18,12월
진건개발주식회사,"JINGUN DEVELOPMENT CO.,LTD.",진건개발, ,"오세욱, 임강혁",기타법인,115211-0037163,132-81-39494,경기도 남양주시 진건읍 배양리 919, ,,하수 처리업,2001-05-16,12월
진건바이오텍 주식회사,"Jingeon Biotech Co,. LTD.",진건바이오텍, ,박세원,기타법인,284111-0149728,144-86-00191,경기도 남양주시 진건읍 금강로380번길 67, ,,하수 처리업,2015-11-23,12월
진성그린주식회사,"JINSUNGGREEN CO.,LTD",진성그린, ,한계현,기타법인,120111-0630831,137-86-25592,인천광역시 서구 마중2로 14 (오류동), ,,"금속류 해체, 선별 및 원료 재생업",2012-09-15,12월
진안바이오에너지 주식회사,Jinan bio energy Corp.,진안바이오에너지, ,조영주,기타법인,134111-0565438,638-87-01751,"경기도 안양시 만안구 일직로 88 8층 (석수동, 케이타워 본관)", ,,하수 처리업,2020-11-03,12월
주식회사 진에너텍,JINENERTECH,진에너텍, ,홍동욱,기타법인,110111-4300797,310-81-26755,충청남도 청양군 비봉면 작은한술길 48-39, ,,지정 외 폐기물 처리업,2011-03-29,12월
진주에코라인 주식회사,"Jinju Echo Line Co.,Ltd",진주에코라인, ,윤석진,기타법인,134111-0186383,138-81-57485,경상남도 진주시 집현면 지내리 285, ,,하수 처리업,2010-01-22,12월
진주청천주식회사,JINJUCHONGCHUN co. ltd,진주청천, ,김종한,기타법인,191111-0041091,613-81-46121,경상남도 진주시 집현면 사촌리 441-1, ,,하수 처리업,2007-10-26,12월
진천물자원 주식회사,JinCheonWaterResource co.Ltd.,진천물자원, ,이석형,기타법인,110111-3453472,107-86-78327,대전광역시 동구 옛신탄진로 2 (삼성동), ,,하수 처리업,2006-05-09,12월
(주)진평,-,진평, ,허봉,기타법인,200111-0025001,409-81-11718,전라남도 광양시 태인동 1652-4,-,,"금속류 해체, 선별 및 원료 재생업",1990-12-28,12월
(주)진흥중공업,"Jin Heung Heavy Industry.Co., Ltd.",진흥중공업, ,박찬양,기타법인,134811-0047060,124-81-69018,경기도 화성시 양감면 정문리506-3, ,,건설 폐기물 처리업,2000-01-14,12월
(주)참마루이엔티,"Chammaru.ENT.Co.,Ltd",참마루이엔티, ,"정달옥, 박준홍",기타법인,111511-0022057,127-81-67436,"경기도 동두천시 장고갯로 23 101호(생연동, 브라운스톤동두천)", ,,"건설 폐기물 수집, 운반업",1996-07-01,12월
창광실업(주),changkwang co.,창광실업, ,김남운,기타법인,161511-0021512,312-81-26159,"충청남도 천안시 서북구 성거읍 천흥8길 19 (천흥리, 창광실업(주))", ,,지정 폐기물 처리업,1997-05-10,12월
창원강업주식회사,"changwon steel scrap co..ltd.,",창원강업, ,송대용,기타법인,194211-0066482,609-81-62739,경상남도 함안군 칠서면 계룡로 112 (계내리), ,,"금속류 해체, 선별 및 원료 재생업",2004-03-18,12월
주식회사 창원그린,"Changwon Green CO.,LTD.",창원그린, ,김상록,기타법인,194211-0046476,609-81-46573,경상남도 창원시 성산구 적현로279번길 167 (신촌동),www.ecorbit.com,,지정 폐기물 처리업,2001-05-10,12월
주식회사 창원에너텍,"CHANGWON ENERTECH CO., LTD",창원에너텍, ,"홍상만, 홍상철",기타법인,194211-0225434,609-86-18728,경상남도 창원시 의창구 남면로113번길 27 (대원동),-,,지정 외 폐기물 처리업,2014-05-01,12월
주식회사천강,Cheongang.Co.Ltd.,천강, ,석지후,기타법인,194211-0032673,609-81-35173,"경상남도 함안군 산인면 싸리재로 19 (운곡리, (주)천강)",cheongang.com,,비금속류 원료 재생업,1998-12-20,12월
천보산업(주),CHUNBO,천보산업, ,전명우 김동준,기타법인,135011-0071650,133-81-21809,"경기도 시흥시 서해안로 766 (월곶동, 천보산업(주))", ,,"폐기물 수집, 운반, 처리 및 원료 재생업",1995-09-27,12월
천안에코파크주식회사,chunan ecopark co,천안에코파크, ,전종대,기타법인,161511-0324578,226-87-02654,"충청남도 천안시 서북구 불당22대로 86 (불당동, 마블러스에스타워) 401호", ,,환경 정화 및 복원업,2022-07-28,12월
천안엔바이로 주식회사,Cheocan Enviro.co.,천안엔바이로, ,송태을,기타법인,110111-7373428,365-88-01471,충청남도 천안시 동남구 천안천변길 127 (신방동) 천안시 환경사업소내 관리동 2층, ,,하수 처리업,2020-01-31,12월
천안환경에너지(주),"Cheonan Environment Energy Co., Ltd.",천안환경에너지, ,조윤호,기타법인,161511-0143019,312-86-41077,충청남도 천안시 서북구 백석공단1로 97-29 (백석동), ,,지정 외 폐기물 처리업,2012-07-05,12월
주식회사 천일산업,chunil,천일산업, ,김광덕,기타법인,131411-0313909,134-87-22327,경기도 안산시 상록구 용담로 75 (팔곡이동) 201호, ,,"건설 폐기물 수집, 운반업",2014-02-06,12월
주식회사 천호금속,"CHUNHOMETAL CO.,LTD",천호금속, ,배경환,기타법인,174811-0052037,515-81-37366,"경상북도 경산시 진량읍 문천길 166 (문천리, 동일패브릭)", ,,지정 외 폐기물 처리업,2009-08-10,12월
천화산업(주),CHEON HWA,천화산업, ,심재천,기타법인,164511-0012683,313-81-17162,인천광역시 남동구 고잔동 246-103, ,,"해체, 선별 및 원료 재생업",2005-09-23,12월
철산기업(주),Chulsan Co,철산기업, ,"이상준, 이상철",기타법인,180111-0077974,617-81-04439,부산광역시 강서구 대저2동 6138, ,,"금속류 해체, 선별 및 원료 재생업",1988-02-02,12월
청경에너지(주),CheongKyung Energy,청경에너지, ,류제형,기타법인,171211-0125392,389-88-02286,경상북도 경주시 외동읍 냉천제내공단길 234 청경에너지(주), ,,지정 외 폐기물 처리업,2021-10-28,12월
주식회사 청광 비이에프,CheongKwang Bef ,청광비이에프, ,김중호,기타법인,164811-0033287,312-81-76042,충청남도 아산시 인주면 아산만로 1386-20 (대음리), ,,지정 외 폐기물 처리업,2005-06-01,12월
주식회사 청륜산업,"CHEONGRYUN CO.,LTD",청륜산업, ,김시복,기타법인,180111-0093508,621-81-04874,부산광역시 금정구 금사동 78-2, ,,하수 처리업,1989-11-14,12월
유한회사 청명,"chungmyung Co.,Ltd",청명, ,정정진,기타법인,134814-0003214,124-81-77139,경기도 화성시 남양읍 현대기아로487번길 35-26 (무송리), ,,"폐기물 수집, 운반, 처리 및 원료 재생업",2000-11-01,12월
(주)청민,"Cheong-min Co., Ltd.",청민, ,김영남,기타법인,180111-0117788,617-81-08094,"부산광역시 수영구 좌수영로 149-5 (망미동, 청민)", ,,"지정 외 폐기물 수집, 운반업",1991-08-27,03월
(주)청보이앤디,"Cheong Bo Environment & Development Co., Ltd",청보이앤디, ,이종우,기타법인,180111-0456152,606-81-81983,부산광역시 사상구 학장동 722-20, ,,폐수 처리업,2003-08-10,12월
주식회사 청산철강,CHEONGSAN,청산철강, ,천병식,기타법인,175211-0011638,513-81-24695,대구광역시 달성군 화원읍 사문진로5길 21, ,,"금속류 해체, 선별 및 원료 재생업",2002-02-28,12월
(주)청석환경개발,CHUNG SUK ENVIRONMENTAL DEVELOPMENT INC,청석환경개발, ,정성범,기타법인,164711-0004298,307-81-09712,충청남도 연기군 전동면 송성리 668, ,,"지정 폐기물 수집, 운반업",1997-01-03,12월
청송산업개발,"Cheong Song Industrial Develpoment Co., Ltd.",청송산업개발, ,김재환,기타법인,111511-0025390,127-81-24908,경기도 동두천시 삼육사로652번길 60 (상패동), ,,지정 외 폐기물 처리업,1998-02-01,12월
청정빛고을 주식회사,Chung Jung,청정빛고을, ,김기성,기타법인,120111-0687618,131-86-55327,"광주광역시 남구 도동길 160 (양과동, 위생매립장 내)", ,,지정 외 폐기물 처리업,2013-12-13,12월
청정충주주식회사,Clean ChoongJu ,청정충주, ,신인철,기타법인,110111-3954660,220-87-70590,충청북도 충주시 안림동 497번지, ,,하수 처리업,2008-08-19,12월
청정파주주식회사,"Clean Paju Co., Ltd.",청정파주, ,박화용,기타법인,110111-3921023,220-87-67945,경기도 파주시 월롱면 덕은리 1229, ,,하수 처리업,2008-06-24,12월
청정포항 주식회사,CHUNGJEONGPOHANG CO.LTD,청정포항, ,김정주,기타법인,120111-0604331,131-86-35898,경상북도 포항시 남구 연일읍 부조길 51 (택전리), ,,하수 처리업,2012-03-20,12월
주식회사 충주그린,"Chungju Green CO.,LTD.",충주그린, ,김영호,기타법인,151111-0055842,225-87-00328,충청북도 충주시 대소원면 메가폴리스3로 95 (영평리), ,,지정 외 폐기물 처리업,2016-02-02,12월
측천산업(주),"CHEUK CHEON INDUSTRIAL CO.,LTD.",측천산업, ,이경화,기타법인,120111-0468000,137-81-89418,인천광역시 남동구 앵고개로697번길 50 (고잔동)3층, ,,"비금속류 해체, 선별 및 원료 재생업",2008-06-20,12월
칠곡엔바이로주식회사,CHILGOKENVIRO CO. LTD,칠곡엔바이로, ,전찬구,기타법인,175211-0014541,513-81-26752,경상북도 칠곡군 왜관읍 공단로 8 (금산리),www.chilgokenv.co.kr/,,하수 처리업,2002-06-07,12월
주식회사 카니어스,CARNIUS,카니어스, ,함성희,기타법인,134811-0037508,124-81-58127,경기도 화성시 팔탄면 무하로 149-8,www.carnius.com,,금속류 해체 및 선별업,1998-09-16,12월
주식회사카비,CABI,카비, ,문종갑,기타법인,180111-1150464,853-81-00999,부산광역시 강서구 생곡산단2로 14 (생곡동),cabi90@daum.net,,금속류 원료 재생업,2018-04-13,12월
카원 유한책임회사,carone.co.Ltd,카원, ,한상헌,기타법인,234115-0000162,606-81-74390,경상남도 양산시 상북면 공원로 403-19 (상삼리), ,,"지정 외 폐기물 수집, 운반업",2022-04-01,12월
주식회사 케이디환경,KD enviroment,케이디환경, ,강훈,기타법인,180111-0949438,617-86-25249,경상북도 경주시 안강읍 검단산단로5길 26 (검단리),https://eco-management.co.kr/kd_environment,,지정 폐기물 처리업,2015-01-06,12월
(주)케이비아이국인산업,"KBI Kukin Ind.Co.,Ltd",케이비아이국인산업, ,시명권,기타법인,171111-0004515,508-81-05677,경상북도 구미시 3공단3로 46-79 (시미동),www.kukin.co.kr/,,"지정 외 폐기물 수집, 운반업",1996-11-29,12월
(주)케이비아이텍,"KBI Tech Co.,Ltd",케이비아이텍, ,"박무웅, 박유상",기타법인,120111-0013251,137-81-09582,인천광역시 서구 건지로153번길 54 (석남동), ,,지정 외 폐기물 처리업,1981-05-16,12월
케이씨그린에너지 주식회사,KC GREEN ENERGY,케이씨그린에너지, ,이영운,기타법인,164611-0011683,895-87-01301,충청남도 청양군 비봉면 작은한술길 48-44 (방한리), ,,지정 폐기물 처리업,2018-12-27,12월
케이씨에코에너지(주),"KC EcoEnergy Co.,Ltd",케이씨에코에너지, ,이재영,기타법인,210111-0002867,418-81-03662,전라북도 전주시 덕진구 서귀로 211-6 (여의동), ,,지정 외 폐기물 처리업,1984-06-20,12월
케이씨유리자원 주식회사,"KC Glass Resources Co., Ltd",케이씨유리자원, ,김정완,기타법인,134811-0519853,547-87-01469,경기도 화성시 정남면 덕절제기길 13-13,www/kcglassresources.co.kr,,비금속류 원료 재생업,2019-10-11,12월
케이씨한미산업주식회사,"KC Hanmi Environment Co., Ltd.",케이씨한미산업, ,이강욱,기타법인,190111-0019031,608-81-15136,"경상남도 창원시 마산회원구 자유무역6길 103 (봉암동, KC한미산업(주))",www.kc-enviro.com,,폐수 처리업,1992-05-29,12월
케이씨환경개발(주),"KC Landfill Service Co., Ltd.",케이씨환경개발, ,서동영,기타법인,134811-0081927,124-86-08224,경기도 화성시 병점로 37-6 메트로프라자 607호 (진안동),www. kc-enviro.com,,지정 외 폐기물 처리업,2004-04-14,12월
케이씨환경건설(주),KC EnviroConstruction co.ltd.,케이씨환경건설, ,채수백,기타법인,211111-0008161,401-81-11257,"전라북도 군산시 새만금북로 624-53 (내초동, KC환경건설㈜)", ,,"건설 폐기물 수집, 운반업",1996-11-12,12월
주식회사케이알씨,korea recycling center,케이알씨, ,오전식,기타법인,135811-0137688,124-86-53923,경기도 양주시 광적면 현석로 476, ,,"금속류 해체, 선별 및 원료 재생업",2007-03-23,12월
주식회사 케이앤텍코리아,"K&Techkorea Co.,Ltd",케이앤텍코리아, ,이상길,기타법인,110111-4295873,214-88-58133,충청남도 보령시 청소면 신송리 263-2,www.kntechkorea.com,,"비금속류 해체, 선별 및 원료 재생업",2010-03-04,12월
케이에이치리텍 주식회사,"KHRETech co.,Ltd",케이에이치리텍, ,김정렬,기타법인,230111-0173060,610-86-06106,"울산광역시 울주군 웅촌면 고연공단5길 40-19 (고연리, 케이에이치리텍주식회사)",www.khretech.com,,"비금속류 해체, 선별 및 원료 재생업",2011-01-14,12월
주식회사 케이에이치환경,"KH Environment Co., Ltd.",케이에이치환경, ,이용범,기타법인,134411-0111376,867-87-02630,경기도 이천시 장호원읍 서동대로8369번길 52-19 (대서리),www.khenv.co.kr,,"지정 외 폐기물 수집, 운반업",2022-07-14,12월
(주) 케이에코,"KECO.CO.,LTD.",케이에코, ,"임경환, 강진원",기타법인,160111-0435639,197-81-00623,대전광역시 유성구 대학로 53 (봉명동), ,,지정 외 폐기물 처리업,2016-11-11,12월
주식회사 케이제이아이,"International Envioromental Industry Co.,Ltd",케이제이아이, ,오동식,기타법인,120111-0233312,137-81-31987,인천광역시 서구 백범로910번길 68 (가좌동), ,,폐수 처리업,2000-10-05,12월
케이지.텍,KG.Tech,케이지.텍, ,이정희,기타법인,154411-0004056,303-81-23804,서울특별시 강남구 논현동 117-2 한미빌딩 200호,없음,,"비금속류 해체, 선별 및 원료 재생업",1999-08-27,01월
주식회사 케이지이서비스,BOORIM TEC,케이지이서비스, ,김재상,기타법인,115811-0004443,127-81-26298,경기도 동두천시 삼육사로 536-25 (상패동), ,,지정 외 폐기물 처리업,1998-06-01,12월
(주)케이지인바이로텍,KZ Envirotech Corp.,케이지인바이로텍, ,"이승구, 노정호",기타법인,134811-0204636,124-87-05729,경기도 화성시 양감면 송산리 519-3 2층, ,,"폐기물 수집, 운반, 처리 및 원료 재생업",2010-11-05,12월
(주)케이테크,"K-TEC Ltd., Co.",케이테크, ,이상구,기타법인,194711-0001818,613-81-22793,경상남도 하동군 금성면 가덕리 308,www.kei-kech.co.kr,,"비금속류 해체, 선별 및 원료 재생업",2001-06-20,12월
코리아에너지(주),"Korea Energy Co.,Ltd",코리아에너지, ,김형식,기타법인,180111-0533059,605-81-74228,부산광역시 부산진구 범천동944-1 범천아파트상가109동4층,www.ko-energy.com,,지정 폐기물 처리업,2012-02-05,12월
주식회사 코리아오토,KOREA AUTO. LTD,코리아오토, ,임요근,기타법인,134411-0039990,126-86-59258,경기도 이천시 설성면 진상미로867번길 40-48,www.carusedpart.com,,금속류 해체 및 선별업,2009-01-05,12월
(주)코어메탈,"Coremetal Co., Ltd.",코어메탈, ,조초산,기타법인,131311-0110068,125-81-98234,경기도 평택시 현덕면 현덕로 350-7 (덕목리),www.coremetal.co.kr,,금속류 원료 재생업,2011-08-31,12월
코어엔텍 주식회사,"Core Energy Technology Co., Ltd.",코어엔텍, ,송용석,기타법인,135511-0404174,739-86-02584,"경기도 시흥시 소망공원로 5 (정왕동, 코어엔텍(주))",www.coreentech.co.kr,,지정 폐기물 처리업,2022-05-01,12월
코오롱웨이스트메니지먼트 주식회사,"KOLON Waste Management Co.,ltd",코오롱웨이스트메니지먼트, ,임재형,기타법인,134511-0057388, ,경기도 용인시 양지면 남곡리 274, ,,지정 외 폐기물 처리업,2002-01-18,12월
(주)크리오텍,"Cryotech Co.,ltd",크리오텍, ,손경식,기타법인,191211-0010226,612-81-18199,경상남도 통영시 광도면 안정로 770,www.cryotech.co.kr,,"비금속류 해체, 선별 및 원료 재생업",2003-10-29,12월
(주)클린에코,"CLEAN ECO CO., LTD",클린에코, ,이기표,기타법인,134811-0170879,124-86-78394,경기도 화성시 남양읍 장덕북길146번길 83 (신남리), ,,지정 외 폐기물 처리업,2009-03-05,12월
(주)클린코리아,klean korea co.,클린코리아, ,김용신,기타법인,134711-0004996,125-81-08085,경기도 평택시 진위면 서탄로 43-6,www.kleankorea.co.kr,,"비금속류 해체, 선별 및 원료 재생업",1991-06-21,12월
(주)클린환경,Clean Environment.co,클린환경, ,김창련,기타법인,124411-0092213,137-81-90690,경기도 김포시 대곶면 수남로 55 (대벽리), ,,"지정 폐기물 수집, 운반업",2008-09-01,12월
탄용환경개발(주),TANYONG ENVIRONMENTAL DEVELOPMENT,탄용환경개발, ,신동협,기타법인,151111-0015440,303-81-29341,충청북도 충주시 대소원면 창현로 911, ,,건설 폐기물 처리업,2001-05-01,12월
(주)탄천환경,tancheon sewage treatment center,탄천환경, ,유병기,기타법인,110111-1906473,120-86-02155,서울특별시 강남구 개포로 625 (일원동),https://www.tancheon.com/kr,,하수 처리업,2000-04-01,12월
주식회사 탑에코,TOP ECO ,탑에코, ,고영삼,기타법인,134811-0266446,309-88-00074,경기도 화성시 향남읍 장안로 662-107 (구문천리), ,,"폐기물 수집, 운반, 처리 및 원료 재생업",2013-03-25,12월
주식회사 태건리너텍,"Taegon Renertech Co., Ltd.",태건리너텍, ,유승호,기타법인,165011-0067736,310-87-01514,"충청남도 당진시 합덕읍 면천로 1361-46,2동 1층", ,,지정 외 폐기물 처리업,2019-05-15,12월
태경산업(주),TAEKYUNGSANUP,태경산업, ,윤효원,기타법인,134811-0143909,124-86-58632,경기도 평택시 도일로 325 (도일동), ,,지정 외 폐기물 처리업,2007-08-16,12월
주식회사 태림알앤티,TaeLimR&T Corporation,태림알앤티, ,윤성호,기타법인,160111-0261399,314-86-07319,충청남도 논산시 은진면 동산산업단지로 124-16 (시묘리), ,,토양 및 지하수 정화업,2009-06-29,12월
(주)태산파우텍,(JU)TAESANPAUTEK,태산파우텍, ,김현구,기타법인,170111-0239633,502-81-68373,경상북도 고령군 다산면 다산산단로 54-42 (송곡리), ,,건설 폐기물 처리업,2003-01-06,12월
태서리사이클링(주),"TAESEO RECYCLING CO., LTD.",태서리사이클링, ,조남훈,기타법인,110111-0279863,133-81-12275,경기도 광명시 오리로 468-14 (소하동),없음,,"비금속류 해체, 선별 및 원료 재생업",1980-09-10,12월
주식회사 태성,"TAE SUNG Co.,Ltd",태성, ,박외관,기타법인,194311-0028307,608-81-84045,충청남도 천안시 서북구 성거읍 오목모전길 38-4 (오목리), ,,"금속류 해체, 선별 및 원료 재생업",2010-11-10,12월
태성기초산업(주),TAESUNG BASIC INDERSTRY,태성기초산업, ,윤영춘,기타법인,110111-0946933,112-81-34194,서울특별시 금천구 기아로 208-41 (시흥동), ,,"건설 폐기물 수집, 운반업",1993-06-05,12월
(주)태영기업,"Taeyoung Co,Ltd",태영기업, ,황보영,기타법인,135511-0278925,535-81-00048,"경기도 안양시 만안구 만안로 49 (안양동, 호정타워)", ,,금속류 원료 재생업,2015-04-01,12월
태영환경개발주식회사,"Taeyoung Environmental Development.co.,Ltd",태영환경개발, ,박종수,기타법인,150111-0106175,317-81-04510,"충청북도 청주시 상당구 가덕면 금거내암로 60 (금거리, 태영환경개발(주))", ,,"폐기물 수집, 운반, 처리 및 원료 재생업",2007-05-17,12월
(주)태웅자원,TAEWOONG,태웅자원, ,박경순,기타법인,110111-2098427,108-81-24912,경기도 시흥시 광명로 22 (논곡동), ,,비금속류 해체 및 선별업,2000-11-01,12월
(주)태정바이오텍,"Teajeong Bio Technology Co., Ltd.",태정바이오텍, ,홍명순,기타법인,144611-0013013,222-81-24178,강원도 삼척시 도계읍 늑구리 산214-1, ,,폐기물 처리업,2009-09-01,12월
태형산업(주),"Taehyung Industry CO.,LTD",태형산업, ,김홍석,기타법인,171311-0038501,462-88-01165,경상북도 김천시 남면 농남로 1284-82 (부상리),www.tae-hyung.co.kr,,비금속류 원료 재생업,2018-05-24,12월
주식회사 태화산업,"TAEHWA INDUSTRIES CO., LTD",태화산업, ,정기훈,기타법인,180111-0147248,605-81-19550,경상남도 함안군 칠서면 회산리 1058,-,,"비금속류 해체, 선별 및 원료 재생업",1993-10-19,12월
(주)태화환경산업,Taehwa Environmental Engeneering Inc.,태화환경산업, ,김동일,기타법인,110111-5855684,291-86-00217,울산광역시 울주군 온산읍 산성길 76, ,,지정 외 폐기물 처리업,2015-10-07,12월
(주)태흥환경,TaeHeung Environment co. ltd,태흥환경, ,홍태순,기타법인,176011-0007432,513-81-06891,경상북도 구미시 시미동 116-7,없음,,"지정 외 폐기물 수집, 운반업",1993-03-09,12월
테스에이엑스 주식회사,"TES AX Co., LTD.",테스에이엑스, ,신학진,기타법인,130111-0126818,309-88-03479,"경기도 화성시 병점구 경기대로 1014 (병점동, 병점프라자) 6층 605-A39호", ,,지정 외 폐기물 처리업,2025-09-15,12월
주식회사 테크로스홀딩스,Techcross Holdings inc.,테크로스홀딩스, ,박규원,기타법인,110111-1963514,206-81-25312,서울특별시 강남구 삼성로 528 (삼성동 156-1),www.techcross.com,,기타 환경 정화 및 복원업,2000-05-09,12월
토다페라이트코리아(주),"Toda Ferrite Korea Co.,Ltd.",토다페라이트코리아, ,모리모토 토시오,기타법인,180111-0571447,606-81-99969,부산광역시 강서구 송정동 1642-5, ,,"금속류 해체, 선별 및 원료 재생업",2006-10-26,12월
주식회사 토탈,-,토탈, ,김홍휘,기타법인,230111-0210185,610-86-22955,울산광역시 남구 용연로179번길 18 (용연동),-,,지정 외 폐기물 처리업,2013-07-05,12월
티에스금속(주),"TS METAL CO.,LTD",티에스금속, ,다카사와 아키히로,기타법인,120111-0621476,137-86-24064,인천광역시 동구 보세로26번길 9 (만석동), ,,"금속류 해체, 선별 및 원료 재생업",2012-07-31,12월
(주)티에스케이에스앤더블유,TSKs&w,티에스케이에스앤더블유, ,김영석,기타법인,174611-0026557,506-81-26303,경기도 성남시 분당구 판교역로 231 (삼평동 에이치스퀘어에스동 7층),www.greenviro.co.kr,,토양 및 지하수 정화업,1997-07-03,12월
주식회사 티에스케이이엔이,"TSK E&E Co., Ltd.",티에스케이이엔이, ,김천수,기타법인,176011-0062238,513-81-55859,경상북도 구미시 4공단로10길 56, ,,지정 외 폐기물 처리업,2009-12-17,12월
주식회사 티지스틸,TG steel,티지스틸, ,황민영,기타법인,165011-0032101,311-81-35640,충청남도 당진시 송산면 상초길 16-19 (송석리), ,,"금속류 해체, 선별 및 원료 재생업",2010-08-01,12월
(주)티퓨얼,TFULE Inc.,티퓨얼, ,문운상,기타법인,110111-6540268,370-87-00822,전라남도 여수시 율촌면 율촌산단3로 215 여동리 365번지, ,,"지정 외 폐기물 수집, 운반업",2017-10-18,12월
(주)파이닉스알엔디,"PHINIX RESEARCH & DEVELOPMENT CO.,LTD.",파이닉스알엔디, ,고안상,기타법인,110111-0431992,220-81-04327,"경기도 성남시 분당구 성남대로331번길 8 609호(정자동, 킨스타워)",www.phinix.co.kr,,하수 처리업,1986-07-09,12월
주식회사 파주비앤알,PAJUBNR,파주비앤알, ,정갑수,기타법인,284911-0184009,680-88-01045,경기도 파주시 월롱면 정문로 160 (영태리),www.pajubnr.co.kr,,"건설 폐기물 수집, 운반업",2018-05-02,12월
주식회사 팜양주,FARM YANGJU,팜양주, ,공종근,기타법인,280211-0190400,632-81-01412,경기도 양주시 남면 감악산로 63-42, ,,지정 외 폐기물 처리업,2019-03-04,12월
펫컴코리아, ,펫컴코리아, ,김용범,기타법인,205511-0007121,412-81-15379,광주광역시 남구 진월동 333-30, ,,"비금속류 해체, 선별 및 원료 재생업",1998-08-18,12월
평택워터(주),Pyeongtaek Water co. Ltd,평택워터, ,조중환,기타법인,110111-2723644,204-81-76469,"서울특별시 영등포구 선유동1로 22 (당산동2가, 당산주차빌딩)", ,,하수 처리업,2003-02-24,12월
주식회사 평택해성환경,Haesung Environment,평택해성환경, ,박형수,기타법인,131311-0071905,125-81-67099,경기도 평택시 청북읍 청오로 317-16 (토진리), ,,"지정 외 폐기물 수집, 운반업",2007-03-02,12월
주식회사 포스칼슘,"POSCALCIUM Company, Ltd.",포스칼슘, ,이종열,기타법인,171711-0086180,506-81-70468,경상북도 포항시 남구 동촌동 5번지, ,,"비금속류 해체, 선별 및 원료 재생업",2009-12-29,12월
포운,po-un,포운, ,박원수,기타법인,204611-0062091,218-86-01695,전라남도 광양시 오류로 40 (중동) 3층, ,,"지정 외 폐기물 수집, 운반업",2020-05-28,12월
포천그린센터주식회사,"POCHEON GREEN CENTER CO., LTD",포천그린센터, ,김월봉,기타법인,284411-0046085,127-86-03683,경기도 포천시 신북면 만세교리 101,-,,지정 외 폐기물 처리업,2007-03-21,12월
포천맑은물(주),pwc,포천맑은물, ,정준호,기타법인,110111-5174729,209-81-59219,경기도 포천시 신북면 장자경제로 70-4 (신평리), ,,산업용수 공급업,2013-07-15,12월
포천바이오에너지 주식회사,"POCHEON BIO ENERGY CO.,LTD",포천바이오에너지, ,이병진,기타법인,284411-0057339,127-86-23087,경기도 포천시 영중면 가영로535번길 161, ,,"하수, 폐수 및 분뇨 처리업",2010-03-24,12월
주식회사 포항그린,"Pohang Green CO.,LTD.",포항그린, ,김태연,기타법인,171711-0186261,681-87-02827,경상북도 포항시 남구 대송면 송덕로 188 (옥명리),www.ecorbit.com,,지정 외 폐기물 처리업,2023-12-27,12월
포항맑은물(주),"Pohang Clean Water Co., Ltd.",포항맑은물, ,유명곤,기타법인,110111-3911834,104-86-15129,경상북도 포항시 북구 죽도로 30 (죽도동), ,,하수 처리업,2008-06-10,12월
포항수질환경(주),"POHANG WATER ENVIORNMENT.CO.,LTD",포항수질환경, ,강병덕,기타법인,171711-0059187,506-81-50424,경상북도 포항시 남구 상도동 125번지, ,,하수 처리업,2003-12-04,12월
푸른군산지키미주식회사,GreenGunSanGiKiMi,푸른군산지키미, ,김경수,기타법인,110111-3758195,107-87-00980,전라북도 군산시 대야면 산월리581-8, ,,하수 처리업,2007-09-20,12월
푸른서부환경 주식회사,"Pureun Seobu Environment Co., Ltd",푸른서부환경, ,박병균,기타법인,214911-0051616,213-86-41620,전라북도 익산시 선화로6길 25 (모현동1가) 2층 202호, ,,폐수 처리업,2017-07-10,12월
푸른안성지키미(주),"Green Anseong Enviro Co., Ltd",푸른안성지키미, ,임순주,기타법인,110111-3780833,114-86-62750,경기도 안성시 대덕면 신두만곡로 262-49 (죽리), ,,하수 처리업,2007-11-02,12월
푸른안성환경주식회사,Green Anseong Environment Co.Ltd,푸른안성환경, ,최동찬,기타법인,110111-4466812,101-86-59676,서울특별시 종로구 신문로1가 금호아시아나본관 16층, ,,하수 처리업,2010-11-08,12월
푸른여수지키미 주식회사,Green Yeosu Enviro,푸른여수지키미, ,김경수,기타법인,206211-0032272,417-81-32922,전라남도 여수시 신월로 284-1 (웅천동), ,,하수 처리업,2006-06-02,12월
(주)푸른영도,"PUREUN YOUNGDO CO.,LTD.",푸른영도, ,성주환,기타법인,180111-0370378,602-81-21718,부산광역시 중구 중앙동3가 18-1 제일은행7층, ,,하수 처리업,2001-07-19,12월
푸른울산(주),"Pureun ulsan  Co.,Ltd",푸른울산, ,이상균,기타법인,110111-4136944,114-86-74542,울산광역시 울주군 범서읍 굴화리 16-1, ,,하수 처리업,2009-07-16,12월
푸른장량주식회사,Green Jang Ryang Co.Ltd,푸른장량, ,박화용,기타법인,110111-3784059,220-87-57049,경상북도 포항시 북구 흥해읍 죽천리, ,,하수 및 폐수 처리업,2007-11-08,12월
푸른제주지키미 주식회사,Green Jeju Enviro Corporation,푸른제주지키미, ,신희식,기타법인,110111-3745548,114-86-61557,제주특별자치도 제주시 오라3동 2615번지, ,,하수 처리업,2007-08-30,12월
(주)피알아이,PRI.CO.KR,피알아이, ,박진매,기타법인,134811-0606577,341-86-02131,경기도 화성시 서신면 화남공단로 22 (송교리), ,,"지정 외 폐기물 수집, 운반업",2021-02-26,12월
(주)피엔알,PNR,피엔알, ,최웅렬,기타법인,171711-0076545,506-81-63180,경상북도 포항시 남구 동해안로 6262 (동촌동), ,,"금속류 해체, 선별 및 원료 재생업",2008-01-25,12월
하나환경산업(주),HANA environment industry company,하나환경산업, ,"원용한, 최동섭",기타법인,134411-0014463,126-81-41511,경기도 이천시 대월면 군량리 618-1,www.hana8888.co.kr,,건설 폐기물 처리업,1999-12-01,12월
(주)한강건설환경,"Hankang Construction Environment Co., Ltd.",한강건설환경, ,최병관,기타법인,120111-0199275,121-81-32017,"인천광역시 강화군 불은면 강화동로 348 (신현리, 한강환경)", ,,"건설 폐기물 수집, 운반업",1999-08-04,12월
(주)한강이앰피,HanKang Environment MultiPlex,한강이앰피, ,정승훈,기타법인,120111-0419467,121-81-82555,경기도 김포시 대곶면 대곶남로 53-151 (산85번지),www.hkemp.co.kr,,"건설 폐기물 수집, 운반업",2010-04-07,12월
한국기초소재(주),"HANKOOK SLAG & MATERIALS CO.,LTD",한국기초소재, ,박홍은,기타법인,120111-0487232,121-81-94935,"인천광역시 동구 만석부두로 16-3 (만석동, (주)한국기초소재)",www.hkslag.co.kr,,"금속류 해체, 선별 및 원료 재생업",2009-02-09,12월
(주) 한국리텍,"Retech Korea Co.,LTD.",한국리텍, ,김윤식,기타법인,134211-0018716,126-81-27353,경기도 안성시 일죽면 산북리 75,www.retechkorea.com,,"비금속류 해체, 선별 및 원료 재생업",1997-02-05,12월
한국산업(주),Han Kuk industrial,한국산업, ,장미희,기타법인,120111-0785107,871-87-00290,인천광역시 서구 드림로 153 (왕길동),dhid50@naver.com,,비금속류 원료 재생업,2015-10-16,12월
한국수자원공사,korea water resources corporation,한국수자원공사, ,최계운,기타법인,164171-0000052,306-82-00471,대전광역시 대덕구 신탄진로 200, ,,생활용수 공급업,1967-11-16,12월
한국시거스(주),Hankook Seghers,한국시거스, ,최영배,기타법인,135011-0097044,134-81-47312,"서울특별시 양천구 목동동로 293 (목동, 현대41타워) 2508호",www.seghers.co.kr,,지정 외 폐기물 처리업,1999-10-16,12월
한국에코산업 주식회사,"Korea Eco-Industry Co.,Ltd",한국에코산업, ,"배은숙, 이재영",기타법인,131311-0063720,125-81-61135,경기도 평택시 안중읍 서해로 1187-12 (금곡리), ,,지정 외 폐기물 처리업,2006-01-01,12월
"주식회사 한국의료환경 (Hanguk medical Eco Co., Ltd.)","Hanguk medical Eco Co., Ltd.","한국의료환경(HangukmedicalEcoCo.,Ltd.)", ,전은우,기타법인,134511-0031085,135-81-31002,경기도 용인시 처인구 남사면 천덕산로428번길 22,www.medicor.co.kr,,지정 폐기물 처리업,1999-03-17,12월
주식회사 한국이앤알,HANKUK ENR,한국이앤알, ,심상천,기타법인,161111-0031262,833-88-01902,충청남도 홍성군 은하면 백야로68번길 42 충청남도 홍성군 은하면 백야로68번길 42,32209,,토양 및 지하수 정화업,2020-08-20,12월
(주)한국자원환경,Korea Resources Environment,한국자원환경, ,김학전,기타법인,161511-0030927,511-81-11364,경상북도 문경시 산양면 산양공단1길 31 (진정리), ,,비금속류 해체 및 선별업,2002-12-01,12월
한국조명재활용공사 주식회사,Korea Lighting Recycling Corporation,한국조명재활용공사, ,"김용출, 조경희",기타법인,134811-0057580,124-81-81477,"경기도 화성시 양감면 초록로693번길 58-6 (송산리, 한국조명재활용공사(주))", ,,"비금속류 해체, 선별 및 원료 재생업",2001-02-20,12월
한국환경개발주식회사,"KOREA ENVIRONMENTAL DEVELOPMENT CO.,LTD",한국환경개발, ,조현희,기타법인,135011-0035937,134-81-02799,"경기도 안산시 단원구 첨단로207번길 5 (성곡동, 한국환경개발(주))",www.korenv.co.kr,,지정 외 폐기물 처리업,1978-06-29,12월
한국환경기술산업주식회사,Korea Environment Technology Ltd.,한국환경기술산업, ,임유순,기타법인,171111-0011543,508-81-13954,경상북도 안동시 일직면 광연리 590-1,www.oow.co.kr,,"비금속류 해체, 선별 및 원료 재생업",2003-01-01,12월
주식회사 한국환경복원기술,KOREA ENVIRONMENTAL REMEDIATION TECH.CO.LTD.,한국환경복원기술, ,최희철,기타법인,110111-1191199,117-81-14591,"서울특별시 금천구 가마산로 96 (가산동, 대륭테크노타운8차) 1206호", ,,토양 및 지하수 정화업,1995-09-11,12월
한국후라이애쉬시멘트공업(주),"korea flyash cement co.,ltd",한국후라이애쉬시멘트공업, ,박진규,기타법인,110111-0519532,313-81-00657,충청남도 보령시 주교면 은포리287,flyash.co.kr,,"비금속류 해체, 선별 및 원료 재생업",1987-02-10,12월
한남리사이클링주식회사,hannamrecycling,한남리사이클링, ,박재홍,기타법인,115911-0011735,128-81-20400,경기도 고양시 일산동구 장항동 601-3, ,,"비금속류 해체, 선별 및 원료 재생업",1995-08-01,12월
한남환경(주),HANNAM ENVIRONMENT,한남환경, ,"장지은, 김범중",기타법인,174711-0056015,493-87-01731,경상북도 영천시 금호읍 금창로 204-48 (삼호리), ,,지정 외 폐기물 처리업,2020-09-07,12월
한맥테코 주식회사,Hanmaek Total Environment Corporation,한맥테코, ,"임기주, 강병진",기타법인,131311-0158927,355-86-00321,"경기도 평택시 포승읍 포승공단순환로 614 (원정리, 한맥테코(주))", ,,폐수 처리업,2015-12-22,12월
한맥테코산업주식회사,Hanmaek Total Environment Corporation,한맥테코산업, ,"강병진, 임기주",기타법인,110111-1474678,104-81-42392,전라남도 여수시 율촌면 율촌산단1로 219 (조화리), ,,지정 외 폐기물 처리업,1997-11-01,12월
주식회사 한빛,Hanbit,한빛, ,한은식,기타법인,164711-0009686,307-81-18754,세종특별자치시 연서면 용연로 576-8 (와촌리) 1층, ,,"지정 외 폐기물 수집, 운반업",2002-04-26,12월
(주)한빛그린환경,hanbitgreen environment,한빛그린환경, ,신주호,기타법인,150111-0046181,301-81-43240,충청북도 청주시 청원구 오창읍 성산2길 158 (성산리), ,,"지정 외 폐기물 수집, 운반업",2000-05-01,12월
한빛에너지 주식회사,Hanbit Energy INC.,한빛에너지, ,심재국,기타법인,285011-0144381,128-86-31106,인천광역시 서구 원창동 382-34,www.hanbitenergy.com,,지정 외 폐기물 처리업,2008-06-01,12월
(주)한성기업,hansung,한성기업, ,"소환순, 문재수",기타법인,120111-0848567,248-88-00615,"인천광역시 서구 거월로 18 (왕길동, (주)순환골재협회)", ,,건설 폐기물 처리업,2016-11-15,12월
(주)한성비철,HANSEONG,한성비철, ,이세황,기타법인,175211-0088330,894-86-03503,경상북도 칠곡군 왜관읍 금남2길 50-18 1층, ,,금속류 원료 재생업,2024-08-01,12월
(주)한솔건설산업,Woori Development,한솔건설산업, ,김배기,기타법인,164811-0021042,312-81-50227,충청남도 아산시 신창면 궁화리 166-19, ,,건설 폐기물 처리업,2001-08-02,12월
(주)한승 엔테크,"HANSEUNG TECH.Com.,Inc",한승엔테크, ,윤무경,기타법인,134811-0041707,124-81-62242,경기도 화성군 팔탄면 서근리 52-5,http://www.hanseoung.co.kr,,"금속류 해체, 선별 및 원료 재생업",1999-04-21,12월
한신에스앤드(주),HANSHIN S& Co.Ltd,한신에스앤드, ,김수희,기타법인,120111-0353441,121-81-68849,인천광역시 서구 마중1로 26 (오류동), ,,"금속류 해체, 선별 및 원료 재생업",2004-08-19,12월
주식회사 한얼,"HANEOL.CO.,LTD",한얼, ,홍석완,기타법인,134811-0294611,143-81-20578,경기도 화성시 매송면 매송고색로 366 201호(천천리), ,,지정 외 폐기물 처리업,2014-03-12,12월
한일산업 주식회사,Hanil Industry,한일산업, ,정종선,기타법인,204611-0020172,416-81-45384,전라남도 광양시 광양읍 초남리 초남공단 2길 15, ,,"금속류 해체, 선별 및 원료 재생업",2004-08-09,12월
한일신재생 주식회사,Hanil Recycling,한일신재생, ,서욱,기타법인,174811-0082844,811-87-00342,경상북도 경산시 남천면 남성현로 1022,..,,지정 외 폐기물 처리업,2016-06-13,12월
한진산업,"HANJIN INDUSTRY CO., LTD",한진산업, ,김상현,기타법인,115211-0017365,132-81-12869,"경기도 남양주시 진접읍 양진로 922 (219,연평리)", ,,건설 폐기물 처리업,1996-03-01,12월
함양에코라인 주식회사,"Hamyang Echo Line Co., Ltd.",함양에코라인, ,문인기,기타법인,134111-0397550,138-81-99087,"경기도 안양시 동안구 시민대로 180 (호계동, G.SQURE) 19층", ,,하수 처리업,2014-11-19,12월
주식회사 해강스틸,"Haekang Steel,. Co.Ltd.",해강스틸, ,이진아,기타법인,135511-0108099,134-81-57692,인천광역시 서구 봉수대로 1266-1 (왕길동) 주식회사 해강스틸, ,,"금속류 해체, 선별 및 원료 재생업",2000-07-05,12월
주식회사 해든,haeden,해든, ,황의선,기타법인,214911-0063942,337-86-01924,전라북도 익산시 여산면 여강로 347-16 (두여리), ,,비금속류 원료 재생업,2020-12-24,12월
해성메탈(주),"HAESUNG METAL CO.,LTD",해성메탈, ,손군환,기타법인,184611-0031869,622-81-24077,경상남도 김해시 상동면 상동로 275-13 (우계리), ,,금속류 원료 재생업,1999-04-30,12월
현대드럼산업(주),"Hyundaedrum Industrial CO., Ltd",현대드럼산업, ,이상헌,기타법인,135011-0066859,134-81-36310,"경기도 안산시 단원구 번영로10번길 9 (성곡동, 현대드럼산업)", ,,"지정 폐기물 수집, 운반업",1997-06-27,12월
(주)현대에코텍,Hyundai Ecotech,현대에코텍, ,"최동철, 이경선",기타법인,120111-0120155,139-81-22655,인천광역시 남동구 남동대로262번길 30-43 (논현동), ,,"비금속류 해체, 선별 및 원료 재생업",1995-06-28,12월
현대환경(주),HYUNDAI ENVERMENT .CO .LTD,현대환경, ,고광만,기타법인,131211-0005044,126-81-28804,경기도 여주군 가남면 대신리 662, ,,건설 폐기물 처리업,1997-06-23,12월
주식회사 현우,"Co., ltd Hyun Woo",현우, ,김광운,기타법인,211111-0010728,401-81-15122,전라북도 군산시 내초동 163-10,-,,"금속류 해체, 선별 및 원료 재생업",1999-05-17,12월
협성스틸(주),HYUP SUNG STEEL,협성스틸, ,변용식,기타법인,120111-0186967,139-81-40255,인천광역시 남동구 고잔동 718-12, ,,"금속류 해체, 선별 및 원료 재생업",1999-03-06,12월
협진축산물도매시장 주식회사,"Hyobjin Co., Ltd",협진축산물도매시장, ,전성기,기타법인,120111-0090762,119-85-11851,서울특별시 금천구 독산동 1007-13, ,,"금속류 해체, 선별 및 원료 재생업",1993-12-08,12월
호남산업(주),"HONAM INDUSTRY CO.,LTD.",호남산업, ,김상헌,기타법인,201311-0007905,416-81-15217,전라남도 순천시 서면 매천로 209, ,,건설 폐기물 처리업,1996-07-26,06월
주식회사홍명산업,"Hyongmyeong Industry CO., LTD.",홍명산업, ,원봉희,기타법인,111511-0050751,127-81-73715,경기도 파주시 광탄면 장지산로 309 (분수리), ,,건설 폐기물 처리업,2002-04-16,12월
홍보산업(주),"HONGBO INDUSTRIAL CO., LTD.",홍보산업, ,송재홍,기타법인,211111-0005505,401-81-06507,전라북도 군산시 서해로 78 (소룡동), ,,지정 폐기물 처리업,1993-05-08,12월
(주)홍보에너지,"Hongbo Energy Co., Ltd.",홍보에너지, ,송재홍,기타법인,211111-0034215,401-81-45418,전라북도 군산시 서해로 40 (소룡동), ,,지정 외 폐기물 처리업,2012-01-05,12월
화성그린에너지밸류(주),"HWASEONG GREEN ENERGY VALUE,.Inc",화성그린에너지밸류, ,박형근,기타법인,164711-0118924,391-87-02486,경기도 화성시 향남읍 발안공단로 139 (구문천리), ,,지정 외 폐기물 처리업,2021-12-24,12월
화성리사이클링(주),HWASUNG RECYCLING,화성리사이클링, ,최상훈,기타법인,180111-0527789,605-81-73312,부산광역시 동구 충장대로297번길 64 (좌천동),www.hsrecycling.co.kr,,"비금속류 해체, 선별 및 원료 재생업",2005-08-03,12월
화성에코텍(주),HWASEONG ECOTECH CORPORATION,화성에코텍, ,유재홍,기타법인,110111-6245826,559-81-00665,경기도 화성시 비봉면 주석로 500-13 (자안리), ,,하수 처리업,2016-11-30,12월
화성엔바이로(주),Whasung Enviro.co.kr,화성엔바이로, ,"이평호, 최현섭",기타법인,134811-0072554,124-81-98207,경기도 화성시 향남면상신리 327번지 향남처리장, ,,하수 처리업,2002-07-23,12월
(주)화승이엔알,HWASEUNG E&R CO.LTD,화승이엔알, ,이신우,기타법인,230111-0123924,610-81-82977,울산광역시 울주군 온산읍 원산리921-2, ,,"폐기물 수집, 운반, 처리 및 원료 재생업",2006-06-06,12월
화신자원주식회사,HWASHINJAWON,화신자원, ,박영목,기타법인,170111-0117962,514-81-26380,대구광역시 달서구 성서로5길 3 (대천동), ,,"금속류 해체, 선별 및 원료 재생업",1997-03-15,12월
(주)화원,HWAWON,화원, ,이동화,기타법인,184511-0010360,621-81-11773,경상남도 양산시 유산동 산118번지, ,,지정 외 폐기물 처리업,1993-11-04,12월
환경관리 주식회사,-,환경관리, ,전양근,기타법인,110111-1458739,211-86-24208,대전광역시 동구 옛신탄진로 2 (삼성동),www.emc-water.com,,하수 처리업,1997-09-02,12월
환경시설운영(주),Environment Facilities Management Corporation,환경시설운영, ,최경규,기타법인,141411-0006564,511-81-07889,경상북도 상주시 영남제일로 1408-51,-,,지정 외 폐기물 처리업,1999-04-08,12월
환경에너지솔루션주식회사,"Environment & Energy Solution Co.,Ltd.",환경에너지솔루션, ,이용현,기타법인,135311-0005893,123-81-75138,"경기도 안양시 동안구 평촌대로212번길 55 6층(관양동, 대고빌딩)", ,,지정 외 폐기물 처리업,2002-01-18,12월
환경자원개발 주식회사,"Environmental Resources Development Co., Ltd",환경자원개발, ,신동훈,기타법인,110111-3252262,107-86-65711,서울특별시 영등포구 여의도동 52∼54 행진빌딩 513호, ,,지정 외 폐기물 처리업,2006-07-01,12월
(주) 황림,HWANLIM CO.LTD,황림, ,손정희,기타법인,171211-0107225,293-86-01338,경상북도 경주시 안강읍 안강중앙로 18 (2층), ,,"지정 외 폐기물 수집, 운반업",2019-01-09,12월
주식회사 황조,"HWANG JO CO,LTD",황조, ,장태봉,기타법인,171711-0063807,506-81-54298,경상북도 경주시 안강읍 두류길 149 (두류리),daemyungfc@hanmaill.net,,"폐기물 수집, 운반, 처리 및 원료 재생업",2002-02-04,12월
(주)효석,"HYOSUK CO., LTD.",효석, ,김효수,기타법인,204611-0019076,416-81-42771,전라남도 광양시 금호동 857,없음,,"지정 폐기물 수집, 운반업",2003-11-03,12월
주식회사 효진알이씨,HYOJIN R.E.C CO.Ltd,효진알이씨, ,김광택,기타법인,134811-0434027,466-88-00848,경기도 화성시 팔탄면 온천로 76-31 (덕우리) 효진알이씨, ,,"해체, 선별 및 원료 재생업",2017-12-22,12월
휴먼에코랜드 주식회사,"Human Eco-Land Co., Ltd",휴먼에코랜드, ,이기봉,기타법인,131411-0480328,407-88-01891,"경기도 용인시 처인구 포곡읍 옥현로 58 (유운리, 용인레스피아)", ,,하수 처리업,2020-12-16,12월
(주)흥진,Heung Jin. Co.Ltd,흥진, ,김만길,기타법인,230111-0076412,610-81-51023,울산광역시 남구 선암동 332-2, ,,"금속류 해체, 선별 및 원료 재생업",2001-07-01,12월
흥진환경(주),"HEUNGJIN ENVIRONMENT CO,.LTD",흥진환경, ,임홍락,기타법인,151111-0020465,303-81-36503,"충청북도 충주시 중앙탑면 첨단산업1로 302 (용전리, 흥진환경주식회사)", ,,건설 폐기물 처리업,2002-10-25,12월
