회사이름,영문명,공시회사명,종목코드,대표자명,법인구분,법인등록번호,사업자등록번호,주소,홈페이지,IR홈페이지,업종명,설립일,결산월
AJ네트웍스 주식회사,"AJ Networks Co.,Ltd.",AJ네트웍스,095570,곽정호,유가증권시장,110111-1874654,214-86-48586,"서울특별시 송파구 정의로8길 9 (문정동,AJ빌딩)",www.ajnet.co.kr,,컴퓨터 및 사무용 기계ㆍ장비 임대업,2000-02-10,12월
Arrowhead Research Corporation,Arrowhead Research Corporation,ArrowheadResearchCorporation, ,Christopher Anzalone,기타법인, ,31162,"201 S. Lake Avenue, Ste 703 Pasadena, CA, 91101", ,,그 외 기타 분류 안된 사업지원 서비스업,2009-10-14,12월
CUCKOO INTERNATIONAL (MAL) BERHAD,CUCKOO INTERNATIONAL (MAL) BERHAD,CUCKOOINTERNATIONAL(MAL)BERHAD, ,HOE KIAN CHOON,기타법인, ,201-40-1026804(1102894-H),"경기도 시흥시 엠티브이북로 349 (정왕동, 쿠쿠홈시스주식회사)", ,,그 외 기타 개인 및 가정용품 임대업,2014-07-24,12월
DFMS(주),DFMS(주),DFMS, ,"이병서, 신홍기",기타법인,110111-3008293,206-81-90735,서울특별시 강남구 논현동 105,www.dfms.co.kr,,사업시설 유지ㆍ관리 서비스업,2004-05-07,12월
"Fitch Ratings., Ltd ","Fitch Ratings., Ltd ","FitchRatings.,Ltd", ,ARD Monro-Davies,기타법인, ,13628,서울특별시 영등포구 여의도동 26-4,http://www.fitchratings.com,,신용 조사 및 추심 대행업,1997-12-03,12월
(주)NH여행,NH TOUR co. Ltd,NH여행, ,백현,기타법인,110111-3689366,212-81-79642,서울특별시 종로구 신문로1가 광화문오피시아,www.nhtour.co.kr,,여행사업,2007-06-01,12월
NICE인프라(주),"NICE Infra Co., Ltd",NICE인프라,063570,이현석,코스닥시장,110111-1848980,214-86-45634,"서울특별시 마포구 새창로 7 6층, 7층, 8층(도화동)",www.nicetcm.co.kr,,기타 사업지원 서비스업,2000-01-11,12월
Paradigm Investment Limited,Paradigm Investment Limited,ParadigmInvestmentLimited, ,WongWai Bun,기타법인, ,12635,"Unit 3(I),Main Office Tower,Financial Park Labuan, Jalan Merdeka,87000Labuan,F.T. Labuan,Malaysia", ,,그 외 기타 분류 안된 사업지원 서비스업,1999-07-12,12월
"PKG Group, LLC","PKG Group, LLC","PKGGroup,LLC", ,Shawn Sedaghat,기타법인, ,19874,"1875 Century Park E, Suite 2240, Los Angeles, CA 90067, U.S.A.", ,,포장 및 충전업,2001-11-12,12월
"SECOM CO., LTD.","SECOM CO., LTD.","SECOMCO.,LTD.", ,Shohei Kimura,기타법인, ,0110-01-035920,"5-1, Jingumae 1-chome, Shibuya-ku, Tokyo 150-0001, Japan", ,,경비 및 경호 서비스업,1962-07-07,03월
(주)가가이엔지,"GAGA ENG CO.,LTD",가가이엔지, ,"김호협, 장광회",기타법인,180111-0648618,617-81-74084,부산광역시 부산진구 새싹로210번길 6-16 (초읍동), ,,사업시설 유지ㆍ관리 서비스업,2008-10-07,12월
(주)가겐투안,"GARGANTUAN CO.,LTD.",가겐투안, ,정완수,기타법인,110111-2558273,101-81-84113,"서울특별시 종로구 종로1길 42 (수송동, 이마빌딩) 407호",www.gargantuan.co.kr,,인력 공급업,2002-07-01,12월
(주)가나티엠,kanatm,가나티엠, ,김상현,기타법인,134811-0047838,124-81-69982,"경기도 오산시 법원로 26 (청학동, 강남프라자), 4층",www.kanatm.co.kr,,사업지원 서비스업,2000-02-21,12월
(주)가우연,GAWYEON,가우연, ,한필석,기타법인,110111-2706103,211-87-27745,인천광역시 남동구 논현동 58-3 3층, ,,그 외 기타 분류 안된 사업지원 서비스업,2003-03-04,12월
가은글로벌 주식회사,"GAEUN GLOBAL Co.,Ltd",가은글로벌, ,기영욱,기타법인,121111-0243534,130-86-76125,"경기도 부천시 심곡로10번길 63 별관3층 (송내동, 휴앤유재활병원)", ,,그 외 기타 분류 안된 사업지원 서비스업,2012-12-03,12월
(주)가자제주렌트카,gajajejurentcar,가자제주렌트카, ,김봉감,기타법인,220111-0039321,616-81-40145,제주특별자치도 제주시 월성로4길 76-2 (용담이동), ,,자동차 임대업,2002-07-10,12월
(주)가장맛있는족발,good jok,가장맛있는족발, ,최종완,기타법인,110111-5320124,113-86-80639,"경기도 성남시 분당구 정자일로 162 702호 (정자동, 젤존타워2)",www.가장맛있는족발.com,,그 외 기타 분류 안된 사업지원 서비스업,2014-01-20,12월
감마정보통신(주),Gamma Info-Communication Cor.,감마정보통신, ,신현정,기타법인,111611-0064750,128-81-83235,경기도 고양시 일산구 일산동 566-1 다우빌딩 4층, ,,사업시설 유지ㆍ관리 서비스업,2003-05-16,12월
감만부두공용관리주식회사,GTMC,감만부두공용관리, ,이준갑외1인,기타법인,180111-0273499,617-81-22626,부산광역시 남구 감만동 624, ,,기타 사무지원 서비스업,1998-12-20,12월
감성테크놀로지 주식회사,"KAMSUNG TechnologyCo.,Ltd",감성테크놀로지, ,주명숙,기타법인,110111-5062247,107-87-88273,서울특별시 영등포구 여의도동 25-15, ,,사업지원 서비스업,2013-02-04,02월
(주)강남가설산업,Gangnam Industry,강남가설산업, ,장시철,기타법인,110111-3870569,114-86-65795,"서울특별시 서초구 논현로 87 1602호 (양재동, 삼호물산빌딩)", ,,건설 및 토목공사용 기계ㆍ장비 임대업,2008-04-03,12월
유한책임회사 강남도전상품권,Gangnam Challenge Gift Certificate Limited Liability Company,강남도전상품권, ,정원준,기타법인,110115-0001923,170-87-02875,"서울특별시 강남구 테헤란로92길 11 (대치동) , 1층 일부",knct.shop/,,그 외 기타 분류 안된 사업지원 서비스업,2025-05-15,12월
주식회사 강남터미널지하쇼핑센터,lee,강남터미널지하쇼핑센터, ,나문찬,기타법인, , ,서울특별시 서초구 반포동 163-1, ,,사업시설 유지ㆍ관리 서비스업,2010-03-17,12월
강변테크노마트주식회사,Gangbyeon Technomart Inc.,강변테크노마트, ,김영남,기타법인,110111-1489057,207-81-50677,"서울특별시 광진구 광나루로56길 85 (구의동, 테크노마트) 사무동 12층", ,,사업시설 유지ㆍ관리 서비스업,1997-12-01,12월
강북도시가스서비스(주),"GANGBUK CITY GAS SERVICE CO,LTD.",강북도시가스서비스, ,이은성,기타법인,110111-3742221,110-81-79690,서울특별시 은평구 증산서길 64-8 (증산동), ,,사업시설 유지ㆍ관리 서비스업,2007-08-24,12월
강서도시가스(주),GANGSEO CITY GAS,강서도시가스, ,윤재훈,기타법인,110111-4066175,109-86-17059,서울특별시 강서구 곰달래로 211, ,,사업시설 유지ㆍ관리 서비스업,2009-03-24,12월
강원남부주민주식회사,"KANGWON NAMBU JUMIN CO.,LTD.",강원남부주민, ,송재범,기타법인,144911-0002573,225-81-12399,강원도 정선군 고한읍 고한로 40,www.iknj.co.kr,,건축물 일반 청소업,2000-08-09,12월
(주)강원오에스,Gangwon OS,강원오에스, ,변상필,기타법인,144911-0006559,225-81-17623,"서울특별시 중구 청계천로 100 (수표동, 시그니쳐타워)", ,,임시 및 일용 인력 공급업,2006-03-06,12월
(주)강일기업,KANG IL Security,강일기업, ,최원순,기타법인,110111-1594062,211-86-46575,서울특별시 강남구 학동로34길 6 201호(논현동), ,,건축물 일반 청소업,1998-10-20,12월
갤럭시아에프엔(주),"Galaxia FN Co.,Ltd.",갤럭시아에프엔, ,신동훈,기타법인,110111-0928273,685-87-03624,"서울특별시 강남구 광평로 281 (수서동, 수서빌딩) 12층 1503호", ,,기타 산업용 기계 및 장비 임대업,2025-06-09,12월
거륜씨앤씨주식회사,KeoRyun C&C,거륜씨앤씨, ,유병국,기타법인,110111-2524505,201-81-73750,서울특별시 중구 명동1가 10-1, ,,그 외 기타 분류 안된 사업지원 서비스업,2002-05-16,12월
거북선2호 선박투자회사,Turtleship No.2 Ship Investment Company,거북선2호선박투자회사,101380,신주선,기타법인,180111-0602151,602-81-44346,부산광역시 영도구 남항동3가 141-165,-,,기타 운송장비 임대업,2007-07-31,12월
거북선3호 선박투자회사,Turtleship No.3 Ship Investment Company,거북선3호선박투자회사,102000,신주선,기타법인,180111-0602094,602-81-44332,부산광역시 영도구 남항동3가 141-165,-,,기타 운송장비 임대업,2007-07-31,12월
거북선4호선박투자회사,Turtleship No.4 Ship Investment Company,거북선4호선박투자회사,108890,신주선,기타법인,220111-0068122,616-81-68973,제주특별자치도 제주시 이도2동 390 제주도중소기업종합지원센터관리사무처,-,,기타 운송장비 임대업,2008-11-25,12월
거북선5호선박투자회사,Turtleship No.5 Ship Investment Company,거북선5호선박투자회사,114130,김연신,기타법인,220111-0070979,616-81-72216,"제주특별자치도 제주시 연삼로 473 (이도이동, 중소기업종합지원센터관리사무처)",-,,기타 운송장비 임대업,2009-06-22,12월
거북선6호선박투자회사,Turtleship No. 6 Ship Investment Company,거북선6호선박투자회사,114140,김연신,기타법인,220111-0070995,616-81-72201,"제주특별자치도 제주시 연삼로 473 (이도이동, 중소기업종합지원센터관리사무처)",-,,기타 운송장비 임대업,2009-06-22,12월
거북선7호선박투자회사,Turtleship No. 7 Ship Investment Company,거북선7호선박투자회사,134000,김연신,기타법인,180111-0727131,606-86-24949,부산광역시 사상구 사상로 461 (모라동),http://www.komarf.com,,기타 운송장비 임대업,2010-08-18,12월
거산종합관리 주식회사,"Geosan General Management Co., Ltd",거산종합관리, ,이대경,기타법인,161511-0121594,312-86-20261,충청남도 천안시 동남구 신방통정로 60-19 (신방동), ,,건축물 일반 청소업,2010-09-10,12월
주식회사 거상개발,"GEOSANG DEVELOPMENT CO., LTD. ",거상개발, ,이석준,기타법인,200111-0356456,410-86-68588,광주광역시 광산구 사암로 209 ,www.wm.co.kr,,기타 사무지원 서비스업,2012-12-12,12월
(주)거성지엠에스,"GeoSungGMS CO.,LTD.",거성지엠에스, ,양봉조,기타법인,170111-0044363,502-81-20438,대구광역시 동구 효목로 13 (효목동),www.geo-sung.co.kr,,사업시설 유지ㆍ관리 서비스업,1990-06-01,12월
(주)건우해양,gun woo marine,건우해양, ,안건표,기타법인,180111-0479823,602-81-32495,부산광역시 사하구 감천항로405번길 101 (구평동), ,,기타 운송장비 임대업,2004-03-23,12월
주식회사 건은,kun eun,건은, ,"권건춘, 이은희",기타법인,110111-1642887,107-81-66700,"서울특별시 영등포구 여의대방로 379 909호(여의도동, 제일빌딩)",www.kuneun.co.kr,,사업시설 유지ㆍ관리 서비스업,1999-02-01,12월
주식회사 게임엑스포,"GameExpo Co., Ltd.",게임엑스포, ,류지열,기타법인,110111-1801889,107-81-72600,서울특별시 중구 신당2동 422-1 청화빌딩305호,www.gameexpo.co.kr,,"전시, 컨벤션 및 행사 대행업",1999-11-03,12월
경기김포교육주식회사,gyoung gi gimpo kyo yuk .co,경기김포교육, ,신기범,기타법인,110111-4810093,114-86-94214,"서울특별시 서초구 사평대로84(반포동, 이수화학빌딩)", ,,사업시설 유지ㆍ관리 서비스업,2012-03-02,12월
경기남부학교관리(주),kyungginambuhakgyo,경기남부학교관리, ,윤도열,기타법인,134511-0126589,142-81-13773,"경기도 수원시 영통구 에듀타운로 17 (이의동, 국제프라자)", ,,사업시설 유지ㆍ관리 서비스업,2009-05-21,12월
경기도시가스(주),Kyeong gi City Gas ,경기도시가스, ,윤철중,기타법인,285011-0153283,128-86-35780,경기도 고양시 일산서구 일중로 72 동해빌딩 4층, ,,사업시설 유지ㆍ관리 서비스업,2009-01-01,12월
경기미래학교관리(주),kyunggihakkukoanri,경기미래학교관리, ,이동,기타법인,110111-3671884,214-88-08216,경기도 용인시 기흥구 언남동 215-8, ,,사업시설 유지ㆍ관리 서비스업,2009-05-03,12월
경기미래학당관리(주),kyunggimihakdangkoanri,경기미래학당관리, ,김용수,기타법인,110111-3741679,214-88-14187,"경기도 시흥시 승지로60번길 20 (능곡동, 명프라자) 402-1호", ,,사업시설 유지ㆍ관리 서비스업,2007-08-24,12월
경기청출람미래학교주식회사,gyoungkicheongchulram,경기청출람미래학교, ,임호순,기타법인,110111-8486650,668-86-02735,"경기도 수원시 장안구 연무로 53 2층, (연무동, 한동빌딩)", ,,사업시설 유지ㆍ관리 서비스업,2023-01-17,12월
경기평택항만공사,Gyeonggi Pyeongtaek Port Corporation,경기평택항만공사, ,김석구,기타법인,131371-0001477,125-82-06390,경기도 평택시 포승읍 평택항만길 73 (만호리) 평택항마린센터 10층,www.gppc.or.kr,,기타 사업지원 서비스업,2001-07-16,12월
경남공영 주식회사,"Kyeongnam Kong yeong Co., Ltd",경남공영, ,김석진,기타법인,180111-0468933,617-81-49339,경상남도 밀양시 삼랑진읍 미전리 624-1, ,,산업용 기계 및 장비 임대업,2003-12-02,12월
경남학교사랑(주),"kyungnam hakkyo sarang co.,ltd",경남학교사랑, ,황영돈,기타법인,170111-0316100,502-81-87079,"경상남도 창원시 마산합포구 해안대로 273 (신포동1가, 송민빌딩) 3층", ,,사업시설 유지ㆍ관리 서비스업,2006-09-01,12월
(주)경동기업,"Kyungdong Enterprise Co., Ltd.",경동기업, ,구서율,기타법인,180111-0549543,621-81-66429,부산광역시 금정구 남산로 2, ,,고용알선 및 인력공급업,2006-04-01,12월
경마진흥 주식회사,kyoung ma jin hung,경마진흥, ,이강일,기타법인,110111-0564686,229-81-10656,"경기도 시흥시 마유로 415 (정왕동, 역전프라자)", ,,사업시설 유지ㆍ관리 서비스업,1988-03-09,12월
(주)경복궁웨딩컨벤션, ,경복궁웨딩컨벤션, ,김은구,기타법인,200111-0158357,410-81-73539,광주광역시 서구 광천동 562-14, ,,그 외 기타 분류 안된 사업지원 서비스업,2002-06-26,12월
경북교육개발주식회사,"Gyoungbook kyoyook gaebal co.,Ltd.",경북교육개발, ,정숙인,기타법인,170111-0336116,502-81-91699,대구광역시 북구 유통단지로8길 120-11 (산격동), ,,사업시설 유지ㆍ관리 서비스업,2007-07-04,12월
경북교육관리 주식회사,"Gyeongbuk Education Management Co., Ltd",경북교육관리, ,김경회,기타법인,120111-0497421,131-86-14200,인천광역시 연수구 송도동 3-1 밀레니엄상가 807, ,,사업시설 유지ㆍ관리 서비스업,2009-05-27,12월
경북교육발전주식회사,"Gyoungbook kyoyook baljun co.,Ltd.",경북교육발전, ,정숙인,기타법인,170111-0336033,502-81-91705,대구광역시 북구 유통단지로8길 120-11 (산격동), ,,사업시설 유지ㆍ관리 서비스업,2007-07-04,12월
경북그린스마트스쿨 주식회사,"Gyeongbukgreensmartschool Co.,Ltd",경북그린스마트스쿨, ,노주훈,기타법인,170111-0888505,817-87-02708,"대구광역시 남구 현충로 105 (대명동, 3층)", ,,사업시설 유지ㆍ관리 서비스업,2022-11-25,12월
경북그린에너지센터(주),Gyongbuk Green Energy,경북그린에너지센터, ,박성만,기타법인,110111-5438422,101-86-90570,"서울특별시 종로구 종로 33 (청진동, 그랑서울)", ,,사업시설 유지ㆍ관리 서비스업,2014-06-16,12월
경북에코에듀주식회사,GYEONGBUKECOEDU CORPORATION,경북에코에듀, ,김성호,기타법인,110111-4537465,104-86-33452,"대구광역시 동구 동대구로 489 16층 (신천동, 대구무역회관)", ,,사업시설 유지ㆍ관리 서비스업,2011-02-17,12월
주식회사 경암,Kyung Am Corp.,경암, ,김기정,기타법인,285011-0478475,234-88-02195,"경기도 고양시 일산동구 호수로 646-24 (장항동, 위너스21II), 305호", ,,경비 및 경호 서비스업,2021-07-01,12월
주식회사 경연전람,KYUNGYON EXHIBITION CORPORATION,경연전람, ,김영수,기타법인,110111-0565527,116-81-22007,"서울특별시 영등포구 국회대로 750 (여의도동, 금산빌딩)", ,,콜센터 및 텔레마케팅 서비스업,1988-03-20,12월
경우이천원주개발주식회사,"Kyungwooihchon Co,ltd.",경우이천원주개발, ,임선현,기타법인,141211-0128243,699-88-02320,"강원도 원주시 문막읍 원문로 1386-39 101동 602호(문현동,문현범양레우스)", ,,사업시설 유지ㆍ관리 서비스업,2023-01-24,12월
경원문화(주),Kyung Won Mun Hwa co.,경원문화, ,박형훈,기타법인,110111-0539100,214-81-90245,광주광역시 광산구 첨단중앙로 164 (쌍암동), ,,사업시설 관리 및 조경 서비스업,1987-08-10,12월
경원산업관리(주),kyung won management co.ltd,경원산업관리, ,허증,기타법인,110111-0414550,214-81-15585,"서울특별시 동작구 보라매로5길 51 (신대방동, 롯데타워) 4층",www.kw-group.co.kr,,사업시설 유지ㆍ관리 서비스업,1986-01-08,12월
경원씨에스(주),"GYEONGONE CS CO., Ltd.",경원씨에스, ,김경남,기타법인,131311-0275474,339-88-02471,"경기도 평택시 고덕국제대로 5 603호 (고덕동, 고덕헤리움비즈타워1차)", ,,"산업설비, 운송장비 및 공공장소 청소업",2022-02-08,12월
주식회사 경일씨앤에스,"Gyeongil Cns Co., Ltd.",경일씨앤에스, ,변형석,기타법인,194211-0044735,609-81-45384,"경상남도 창원시 성산구 중앙대로 263 (용호동, 오피스프라자) 401호", ,,경비 및 경호 서비스업,2001-01-01,12월
주식회사 경일알씨,KYUNGIL,경일알씨, ,조영석,기타법인,110111-4515271,212-81-94003,서울특별시 강동구 선사로 52 (천호동), ,,자동차 임대업,2011-02-09,12월
(주)경주환경에너지,"Gyeongju environment energe Co,.Ltd",경주환경에너지, ,김원철,기타법인,110111-4088913,211-88-26326,경상북도 경주시 경감로 466-246 (천군동), ,,사업시설 유지ㆍ관리 서비스업,2009-05-01,12월
주식회사 경진이앤지,"Gyeong Jin Eng Co.,Ltd.",경진이앤지, ,안윤미,기타법인,110111-2834269,206-81-83966,"경기도 광명시 오리로854번길 16-7 (철산동, 승화빌딩) 3층", ,,경비 및 경호 서비스업,2008-08-10,12월
(주)경포,"GYEONG PO MANAGEMENT CO.,LTD.",경포, ,"김동율, 조기종",기타법인,171211-0007871,505-81-07619,경상북도 경주시 유림로 53-8 경포빌딩5층,www.kyongpo.co.kr,,그 외 기타 분류 안된 사업지원 서비스업,1993-11-30,12월
(주)경향하우징,"KYUNG HYANG HOUSING.Co.,Ltd",경향하우징, ,구운회,기타법인,110111-2050550,104-81-56106,서울특별시 중구 정동 경향신문사 빌딩 12층,www.ehousingfair.com,,"전시, 컨벤션 및 행사 대행업",2000-08-17,12월
경호학사(주),"KYUNGHOHAKSA CO.,LTD",경호학사, ,김춘근,기타법인,110111-3841354,101-86-37973,서울특별시 종로구 신문로1가 금호아시아나본관, ,,사업시설 유지ㆍ관리 서비스업,2008-02-15,12월
주식회사 고고컴퍼니,GOGOCOMPANY,고고컴퍼니, ,최종완,기타법인,280211-0237658,490-87-02712,경기도 의정부시 호국로1310번길 40 (의정부동),www.gogocompany.kr/,,그 외 기타 분류 안된 사업지원 서비스업,2023-05-11,12월
고래문화재단,uwcf,고래문화재단, ,서동욱,기타법인,230171-0005415,610-82-71915,울산광역시 남구 장생포고래로288번길 20 새운파래스 1동 202호, ,,"전시, 컨벤션 및 행사 대행업",2012-03-07,12월
고려신용정보(주),"KORYO CREDIT INFORMATION CO.,LTD.",고려신용정보,049720,윤태훈,코스닥시장,110111-0787080,214-81-72290,"서울특별시 서초구 서초대로 353 (서초동, 유니온타워)",www.koryoinfo.co.kr,,신용 조사 및 추심 대행업,1991-06-27,12월
고려에너지(주), ,고려에너지, ,전영계,기타법인,181211-0022421,610-81-16220,울산광역시 울주군 온산읍 대정리 505, ,,사업시설 유지ㆍ관리 서비스업,1992-11-17,12월
고려종합개발(주),"korea ceneral co.,ltd",고려종합개발, ,김성건,기타법인,180111-0098946,603-81-12454,"서울특별시 서초구 서초대로73길 40 709호(서초동, 강남오피스텔)", ,,건축물 일반 청소업,1990-05-10,12월
고려휴먼스(주),Koryo Humans CO.LTD,고려휴먼스, ,강선남,기타법인,110111-0886907,211-81-85933,"서울특별시 영등포구 시흥대로 613 (대림동, 고려휴먼스빌딩)",www.koryohumans.co.kr,,콜센터 및 텔레마케팅 서비스업,1992-12-01,12월
고려휴먼스디에스 주식회사,Koryo Humans DS,고려휴먼스디에스, ,윤수연,기타법인,110111-7476181,365-87-01703,"서울특별시 서초구 서초대로 353 (서초동, 서초동업무시설) 12층",ds.koryohumans.co.kr,,상용 인력 공급 및 인사관리 서비스업,2020-05-04,12월
주식회사 고암,GOAM,고암, ,이용진,기타법인,110111-0325351,105-81-37363,"서울특별시 영등포구 당산로47길 19 (당산동6가, 고암빌딩)",goam.co.kr,,사업시설 유지ㆍ관리 서비스업,1982-10-01,06월
골드만삭스자산운용주식회사,"Goldman Sachs Asset Management Korea Co., Ltd",골드만삭스자산운용, ,임태섭 조규상,기타법인,110111-1911951,104-81-52018,서울특별시 종로구 신문로1가 흥국생명빌딩 19층,www.goldman-sachs.co.kr,,그 외 기타 분류 안된 사업지원 서비스업,2000-03-18,03월
주식회사 골드프리,GOLDFREE.COM,골드프리, ,김태우,기타법인,120111-0175902,121-81-28003,서울특별시 중구 서소문동 75-95 유원빌딩 6층,www.goldfree.com,,여행사업,1998-09-12,12월
주식회사골든에스앤씨,goldensnc,골든에스앤씨, ,김명희,기타법인,110111-4294312,212-81-89704,서울특별시 강동구 명일로 198 한림빌딩 3층, ,,경비 및 경호 서비스업,2010-03-15,12월
(주)골든하베스트,goldenharvest,골든하베스트, ,오선혜,기타법인,131111-0399517,144-81-35467,경기도 성남시 분당구 성남대로343번길 12-2 B 313호(정자동), ,,기타 산업용 기계 및 장비 임대업,2015-02-09,12월
주식회사 골프몬,GOLFMON,골프몬, ,"조태석, 양승용",기타법인,110111-6910809,531-87-01163,서울특별시 양천구 목동서로 201 (목동) KT전산센타 23층, ,,여행사업,2018-10-30,12월
(주)골프존네트웍스,"GOLFZON NETWORKS CO.,LTD",골프존네트웍스, ,신종성,기타법인,160111-0263056,314-86-07605,"대전광역시 유성구 테크노11로 13 (탑립동, (주)골프존)",www.golfzonnet.com,,인력 공급업,2009-07-27,12월
공영기업(주),Gongyoung Corp.,공영기업, ,이흥주,기타법인,160111-0017502,306-81-08291,"대전광역시 대덕구 벚꽃길 71 (평촌동, KT&amp;amp;G) 공영기업(주) 본사", ,,인력 공급업,1989-04-01,12월
공우이엔씨 주식회사,KONGWOO ENC Corporation,공우이엔씨, ,김주훈,기타법인,110111-4810259,120-87-79739,"서울특별시 영등포구 여의대방로43라길 6 (신길동, 신길프라자)", ,,사업시설 유지ㆍ관리 서비스업,2012-03-01,12월
공주메디컬센터(주),KONGJUMED,공주메디컬센터, ,윤길호,기타법인,160111-0372302,314-86-59520,대전광역시 서구 문정로48번길 48 (탄방동) 14층, ,,사업시설 관리 및 조경 서비스업,2014-05-13,12월
공주환경(주),"GONGJU ENVIRONMENT CO., LTD",공주환경, ,김원,기타법인,161211-0011288,307-81-19108,충청남도 공주시 유구읍 만천길 118, ,,사업시설 관리 및 조경 서비스업,2002-08-06,12월
(주)관령몬스터글로벌,Gwan Ryeong Monster Global Inc,관령몬스터글로벌, ,김일,기타법인,110111-8288858,878-87-02396,"서울특별시 마포구 백범로 205 (신공덕동, 펜트라우스) 105동 104호", ,,여행사업,2022-05-04,12월
주식회사관령인터내셔날,GUANLING INTERNATIONAL CO.LTD,관령인터내셔날, ,최영욱,기타법인,110111-6966125,277-86-01258,"서울특별시 마포구 마포대로 109 (공덕동, 롯데캐슬프레지던트) 101동 1804호", ,,여행사업,2019-02-28,03월
(주)관선기공,"KWANSUN MACHINERY & CONST. CO., LTD.",관선기공, ,이달권,기타법인,110111-1592173,229-81-33950,서울특별시 서초구 양재동 283-3 신영빌딩, ,,산업용 기계 및 장비 임대업,1998-10-01,12월
(주)관우개발,"KWANWOO.CO.,LTD",관우개발, ,권혁남,기타법인,110111-0860505,120-81-49723,"서울특별시 강남구 강남대로58길 35 (도곡동, 수경빌딩)3층", ,,사업시설 유지ㆍ관리 서비스업,1992-06-01,12월
관촌실업(주),kwanchon service inc.,관촌실업, ,이광홍,기타법인,110111-0779582,211-81-71050,"서울특별시 강남구 개포로 644 (일원동, 청정빌딩) 3층",www.kcs4u.co.kr,,상용 인력 공급 및 인사관리 서비스업,1991-08-12,12월
주식회사 광개토환경,Gwanggaeto corp.,광개토환경, ,김종호,기타법인,110111-5420370,204-86-50426,서울특별시 양천구 오목로 177 (신정동) 603호,서울시 양천구 오목로177 영인빌딩 603호,,사업시설 유지ㆍ관리 서비스업,2014-06-01,12월
주식회사 광덕안정,GDAJ MSO,광덕안정, ,주홍원,기타법인,110111-7075008,591-87-01296,"서울특별시 서초구 강남대로 309 (서초동, 코리아비지니스센타), 408호, 지층2",gdajconsulting.com/,,그 외 기타 분류 안된 사업지원 서비스업,2019-04-01,12월
광림산업(주),kwang lim inc,광림산업, ,김영석,기타법인,134711-0003858,125-81-06146,경기도 평택시 합정동 373-13,-,,인력 공급업,1989-10-01,12월
(주)광명이엔지,kwangmyungENG,광명이엔지, ,박영규,기타법인,130111-0047795,124-81-56997,"경기도 수원시 영통구 덕영대로1556번길 16 (영통동, 디지털엠파이어빌딩) A동 708호", ,,사업시설 유지ㆍ관리 서비스업,1998-07-01,12월
주식회사 광명티엠씨,kmtmc.co.ltd,광명티엠씨, ,강언주,기타법인,170111-0579089,534-87-00241,대구광역시 달서구 성서로 375 (이곡동) 4층,광명티엠씨,,건축물 일반 청소업,2015-09-15,12월
주식회사 광성개발,"GOANGSUNG DEVELOPMENT CO., LTD. ",광성개발, ,유태섭,기타법인,200111-0356464,410-86-68593,광주광역시 광산구 사암로 209 (우산동),www.wm.co.kr,,기타 사무지원 서비스업,2012-12-12,12월
광은비지니스(주),KEbusiness,광은비지니스, ,선상열,기타법인,200111-0040950,408-81-17816,"광주광역시 동구 제봉로 225 (대인동, 광주은행본점빌딩)12층",www.yescom.kr/,,보안시스템 서비스업,1993-09-15,12월
주식회사 광주매일,The Kwangju Mail,광주매일, ,고경주,기타법인,200111-0025390,410-81-68512,광주광역시 서구 화정동 134-8,www.todaykwangju.co.kr,,기타 산업용 기계 및 장비 임대업,1991-01-29,12월
광주우정학사 주식회사,gwang ju woo jeong hak sa ju sik hoe sa,광주우정학사, ,정양기,기타법인,200111-0252943,408-81-76402,광주광역시 동구 서석로 42 안산빌딩 6층 (광산동), ,,임대업; 부동산 제외,2007-12-01,12월
교동국제해운주식회사,"JIAODONG INTERNATIONAL SHIPPING CO., LTD.",교동국제해운, ,장진무,기타법인,131311-0116719,125-86-03896,"경기도 평택시 포승읍 평택항만길 75 (만호리, 평택항국제여객터미널)",www.pjferry.com,,기타 운송장비 임대업,2012-05-15,12월
(주)교원나라여행사,KNTOUR,교원나라여행사, ,강경식,기타법인,110111-3645904,101-86-30780,서울특별시 중구 다동 88 동아빌딩 11층, ,,여행사 및 기타 여행보조 서비스업,2007-03-26,12월
교육나눔터 주식회사,"Kyo Yuk Na Num To Co.,Ltd.",교육나눔터, ,김성호,기타법인,170111-0324442,502-81-89058,"대구광역시 동구 동대구로 489 16층 (신천동, 대구무역회관)", ,,사업시설 유지ㆍ관리 서비스업,2007-01-18,12월
구산실업주식회사,"Kusan Industrial Co., Ltd.",구산실업, ,김명환,기타법인,110111-0224024,203-81-15019,서울특별시 중구 필동1가 10-9,없음,,그 외 기타 분류 안된 사업지원 서비스업,1978-01-16,12월
(주)구일일무인경비시스템,911security,구일일무인경비시스템, ,박종철,기타법인,110111-2797699,210-81-49521,"서울특별시 노원구 동일로 1056 (공릉동, 911빌딩)",911security.co.kr,,보안시스템 서비스업,2003-06-30,12월
국민신용정보(주),KOOK MIN CREDIT INFORMATION INC.,국민신용정보, ,장진복,기타법인,110111-0824147,101-81-24323,서울특별시 영등포구 여의도동 대하빌딩 1105호,www.kmcredit.co.kr,,신용 조사 및 추심 대행업,1991-12-23,12월
주식회사 국민티에스,"Kookmin TS, Inc.",국민티에스, ,한명규,기타법인,110111-5561819,201-86-43552,"서울특별시 중구 퇴계로 381 3층 (신당동, 국민은행)",www.kookmints.com,,기타 사무지원 서비스업,2014-11-11,12월
(주)국보종합관리,kookbo total management,국보종합관리, ,김우종,기타법인,110111-2921769,108-81-66101,서울특별시 동작구 사당로27길 42 301호(사당동), ,,건물 및 산업설비 청소업,2003-12-24,12월
국제16호선박투자회사,KMARIN NO.16 SHIP INVESTMENT COMPANY,국제16호선박투자회사, ,오운용,기타법인,220111-0107467,616-86-12488,"제주특별자치도 제주시 연삼로 473 (이도이동,산업경제진흥원)",www.kmarin.co.kr,,기타 운송장비 임대업,2013-11-29,12월
국제34호선박투자회사,KMARIN NO.34,국제34호선박투자회사, ,이규동,기타법인,220111-0244722,603-88-02668,제주특별자치도 제주시 연삼로 473 (이도이동)경제통상진흥원, ,,기타 운송장비 임대업,2022-09-13,12월
국제35호선박투자회사,KMARIN NO.35,국제35호선박투자회사, ,이규동,기타법인,220111-0246364,357-86-02835,제주특별자치도 제주시 연삼로 473 경제통상진흥원(이도이동), ,,기타 운송장비 임대업,2022-10-27,12월
국제37호선박투자회사,KMARIN NO.37 SHIP INVESTMENT COMPANY,국제37호선박투자회사, ,이규동,기타법인,220111-0255315,465-81-02825,제주특별자치도 제주시 연삼로 473 (이도이동)경제통상진흥원, ,,기타 운송장비 임대업,2023-06-16,12월
국제41호선박투자회사,KMARIN NO.41 SHIP INVESTMENT COMPANY,국제41호선박투자회사, ,이규동,기타법인,220111-0270678,356-87-03425,제주특별자치도 제주시 연삼로 473 경제통상진흥원(이도이동), ,,기타 운송장비 임대업,2024-08-27,12월
국제가설산업주식회사,"KUKJE Co.,Ltd",국제가설산업, ,오동환,기타법인,110111-1018088,219-81-12434,서울특별시 송파구 석촌동 174-2 태문빌딩6층, ,,산업용 기계 및 장비 임대업,1994-03-10,12월
국제개발주식회사,"KUK JE DEVELOPMETN CO., LTD.",국제개발, ,성동기,기타법인,134511-0022315,135-81-22600,경기도 용인시 모현면 능원리 15-4, ,,기타 산업용 기계 및 장비 임대업,1997-03-20,12월
국제럭셔리 투어(주),KOOKJE LUXURY TOUR,국제럭셔리투어, ,김려나,기타법인,110111-5498202,119-87-02337,"서울특별시 금천구 서부샛길 606 A2806호(가산동, 대성디폴리스지식산업센터)", ,,여행사업,2014-10-31,12월
국제마리타임17호선박투자회사,KMARIN NO.17 SHIP INVESTMENT COMPANY,국제마리타임17호선박투자회사, ,오운용,기타법인,220111-0118323,616-86-22574,"제주특별자치도 제주시 연삼로 473 (이도이동,산업경제진흥원)",www.kmarin.co.kr,,기타 운송장비 임대업,2014-10-06,12월
(주)국제스케폴딩,"kjsystem Co., Ltd.",국제스케폴딩, ,오세훈,기타법인,180111-0981969,862-87-00170,"부산광역시 부산진구 서면문화로 27 (부전동, 유원골든타워오피스텔)1814호",e-kukje.co.kr,,임대업; 부동산 제외,2015-08-01,12월
(주)국제안전시스템,"INTERNL SECURITY SYSTEM CO., LTD.",국제안전시스템, ,이의양,기타법인,110111-0543325,209-81-08097,서울특별시 성북구 화랑로 286 3층 301호(석관동),www.goiss.co.kr,,경비 및 경호 서비스업,1987-09-05,12월
굳팩코리아(주),Goodpack Korea Limited,굳팩코리아, ,류유핀,기타법인,110111-1329906,211-86-16862,서울특별시 마포구 마포대로 136 지방재정회관 11층, ,,기타 산업용 기계 및 장비 임대업,1996-10-14,06월
주식회사 굿맨뱅크,"Good Man Bank Co., Ltd.",굿맨뱅크, ,김정호,기타법인,110111-1555824,220-81-52872,서울특별시 강남구 역삼동 702-2 삼성제일빌딩 1318호,www.goodmanbank.com,,인력 공급업,1998-06-16,03월
(주)굿맨파워,goodman power,굿맨파워, ,전대길,기타법인,110111-5190428,201-86-34446,"서울특별시 중구 퇴계로27길 28 (충무로3가, 한영빌딩) 602호", ,,상용 인력 공급 및 인사관리 서비스업,2013-08-01,12월
주식회사 굿모닝이엔씨,"Good Morning E&C Co.,Ltd",굿모닝이엔씨, ,손중목,기타법인,170111-0251166,502-81-71238,"대구광역시 동구 동부로 76 (신천동) 302호,303호,304호", ,,임시 및 일용 인력 공급업,2003-07-09,12월
굿앤파트너스,good and partners,굿앤파트너스, ,장오진,기타법인,110111-6617679,897-86-00825,"서울특별시 용산구 청파로 40 (한강로3가, 삼구빌딩)2006호", ,,상용 인력 공급 및 인사관리 서비스업,2018-01-03,12월
주식회사 굿윌,Goodwill,굿윌, ,이영관,기타법인,200111-0534177,714-87-01017,"광주광역시 북구 첨단연신로91번길 42 (신용동, 첨단써밋센트럴타워)  4층~13층", ,,임대업; 부동산 제외,2018-07-11,12월
굿윌아이엔씨 주식회사,Goodwill INC,굿윌아이엔씨, ,노환우,기타법인,110111-4883066,107-87-76947,"서울특별시 금천구 서부샛길 648 510호(가산동, 대륭테크노타운6차)",www.gwinc.co.kr,,인력 공급업,2012-06-04,12월
굿차모빌리티 주식회사,"Goodcha mobility co.,Ltd.",굿차모빌리티, ,조종현,기타법인,110111-8382098,366-87-02587,서울특별시 서초구 과천대로 840 (방배동), ,,자동차 임대업,2022-07-29,12월
(주)규람타워렌탈,Gyooram Tower,규람타워렌탈, ,노성호,기타법인,134111-0114764,123-81-95513,"경기도 안양시 동안구 엘에스로 92 업무지원 나동 311호,312호(호계동,국제유통단지)",www.gyooramtower.co.kr/,,산업용 기계 및 장비 임대업,2014-01-16,12월
주식회사그래핀코리아,GRAPINKOREA,그래핀코리아, ,정재창,기타법인,110111-3901353,214-88-32389,서울특별시 서초구 양재동350-8, ,,사업시설 유지ㆍ관리 서비스업,2008-07-09,12월
그로웰지씨엠 주식회사,GROWELLGCM,그로웰지씨엠, ,장병권,기타법인,151111-0077606,406-86-01690,강원도 횡성군 서원면 경강로유현6길 28 (유현리), ,,조경 관리 및 유지 서비스업,2020-11-01,12월
그룹포팔크코리아(주),Group 4 Falck Korea Ltd,그룹포팔크코리아, ,Robert Logan McDonald,기타법인,110111-2868698,106-86-23493,서울특별시 마포구 도화동 50-1 ,www.group4securicor.com,,경비 및 경호 서비스업,2003-10-20,12월
(주)그린누리,"GREENNURI CO.,LTD",그린누리, ,송형준,기타법인,230111-0286144,710-86-01022,울산광역시 울주군 온양읍 덕망로 275, ,,건축물 일반 청소업,2017-12-11,12월
그린랜드컨설팅그룹(주),Green Land Real Estate Group,그린랜드컨설팅그룹, ,김박문,기타법인,110111-1319585,211-86-17013,서울특별시 용산구 한강로3가 65-399,없음,,그 외 기타 분류 안된 사업지원 서비스업,1996-10-10,12월
(주)그린로드,GREENROAD,그린로드, ,이헌준,기타법인,234111-0056494,621-81-84956,"경상남도 양산시 어실로 910 (어곡동, 에덴밸리골프장) 내에 경기과", ,,자동차 임대업,2010-06-08,12월
(주)그린맨파워,Green man power,그린맨파워, ,오진일,기타법인,110111-1563877,102-81-44171,"서울특별시 종로구 새문안로3길 30 (내수동, 대우빌딩) 복합동 505호", ,,상용 인력 공급 및 인사관리 서비스업,1998-07-11,12월
주식회사 그린브릿지,"GREEN BRIDGE CO., LTd.",그린브릿지, ,최일광,기타법인,180111-1356872,433-81-02089,"부산광역시 해운대구 센텀동로 99 (재송동, 벽산이센텀클래스원) 1501호", ,,기타 운송장비 임대업,2021-04-19,12월
주식회사 그린비앤피,Green B&P CO.LTD,그린비앤피, ,김책환,기타법인,110111-4482412,109-86-26316,"서울특별시 서대문구 경기대로 58 (충정로2가, 경기빌딩) 506호", ,,"산업설비, 운송장비 및 공공장소 청소업",2010-12-01,12월
그린산업주식회사,"Green Industrial Co., Ltd.",그린산업, ,이기욱,기타법인,174611-0002119,506-81-01582,경상북도 포항시 북구 중흥로 231 (죽도동), ,,"산업설비, 운송장비 및 공공장소 청소업",1979-06-01,12월
주식회사 그린씨에스,"GREENCS CO.,LTD",그린씨에스, ,"김석중, 조장현",기타법인,160111-0076160,314-81-23726,"대전광역시 중구 중앙로 149 (은행동, 한솔빌딩) 10층", ,,콜센터 및 텔레마케팅 서비스업,1998-11-30,12월
그린에너지개발주식회사,"GREEN ENERGY DEVELOPMENT CO.,LTD",그린에너지개발, ,박영소,기타법인,120111-0517732,137-81-99293,"인천광역시 서구 거월로 61 (백석동, 수도권매립지공사)",www.grenco.co.kr,,사업시설 유지ㆍ관리 서비스업,2009-12-17,12월
(주)그린온,"GreenON Co,Ltd",그린온, ,조봉제,기타법인,134111-0215455,138-81-73224,경기도 안양시 동안구 관악대로 317-4,www.greenonbiz.co.kr,,"소독, 구충 및 방제 서비스업",2012-02-27,12월
(주)그린월드하우징,greenworldhousing,그린월드하우징, ,이창희,기타법인,120111-0607955,130-86-70908,"경기도 부천시 상동로117번길 37 (상동, 진성프라자) 3층 302호",pureunsafety.com,,경비 및 경호 서비스업,2012-05-07,12월
그린위드 주식회사,Greenwith,그린위드, ,정찬우,기타법인,110111-7911395,386-81-02385,"서울특별시 송파구 올림픽로 269 (신천동, 롯데캐슬골드) 4층", ,,사업시설 유지ㆍ관리 서비스업,2021-06-09,12월
(주) 그린위치,"GREENWICH CO.,LTD",그린위치, ,김상원,기타법인,110111-6689503,729-81-01055,"서울특별시 강남구 언주로 805 4층 그린위치 (신사동, 준빌딩)",www.gwich.net/,,기타 산업용 기계 및 장비 임대업,2018-03-20,12월
(주)그린카,"Greencar Co., Ltd.",그린카, ,강현빈,기타법인,110111-4236520,220-87-91595,"서울특별시 강남구 테헤란로70길 16 6층(대치동, 동산빌딩)",www.greencar.co.kr,,자동차 임대업,2009-12-12,12월
그린코리아주식회사,"Green Korea co., ltd",그린코리아, ,유용섭,기타법인,135811-0186809,135-86-11433,경기도 화성시 배양길 53-6 (배양동) 그린코리아주식회사, ,,사업시설 유지ㆍ관리 서비스업,2010-09-15,03월
(주) 그린콕스, ,그린콕스, ,지춘배,기타법인,110111-1926190,107-81-80245,경기도 화성시 우정면 주곡리 161-41, ,,사업시설 유지ㆍ관리 서비스업,2000-03-30,12월
주식회사 그린파트너즈,Green Partners Corporation,그린파트너즈, ,황영민,기타법인,110111-6925171,628-88-01052,서울특별시 용산구 한강대로 350 (갈월동) 갑을빌딩,www.apgroup.com,,그 외 기타 사업지원 서비스업,2018-11-14,12월
주식회사그린피플,GREENPEOPLE,그린피플, ,마매리,기타법인,110111-4042555,120-87-36536,"서울특별시 종로구 새문안로 92 (신문로1가, 광화문오피시아빌딩) 1312호",ㅂ,,상용 인력 공급 및 인사관리 서비스업,2009-02-12,12월
주식회사 극동,"Kuk dong co,Ltd",극동, ,김수복,기타법인,131411-0318660,134-87-24719,"경기도 안산시 단원구 대부황금로 746 (대부동동, UCC골프클럽)", ,,조경 관리 및 유지 서비스업,2014-04-22,12월
(주)글레어마케팅커뮤니케이션즈,Glare Marketing Communications Co.,글레어마케팅커뮤니케이션즈, ,김준환,기타법인,110111-1793440,104-81-47854,서울특별시 강남구 대치동 913-11,www.gmckorea.net,,"전시, 컨벤션 및 행사 대행업",1999-10-20,12월
주식회사 글로벌국제여행사,GLOBAL INTERNATIONAL TRAVEL AGENCY,글로벌국제여행사, ,송경국,기타법인,220111-0146580,807-81-00375,"서울특별시 영등포구 선유로3길 10 (문래동5가, 하우스디비즈)", ,,여행사업,2016-05-17,12월
(주)글로벌금오렌트카,GLOBALKUMORENTCAR,글로벌금오렌트카, ,이광락,기타법인,170111-0243238,514-81-47920,대구광역시 서구 북비산로 95 (이현동),rentcarn.co.kr,,자동차 임대업,2003-02-27,12월
(주)글로벌네트웍,Global Network Inc,글로벌네트웍, ,김현진,기타법인,110111-1430282,102-81-42270,서울특별시 종로구 공평동 1가 한미빌딩 ,www.hotels.co.kr,,여행사업,1997-07-01,12월
글로벌렌탈 주식회사,"Global Rental Co., Ltd.",글로벌렌탈, ,정태영,기타법인,110111-1159030,202-81-51384,서울특별시 강남구 삼성동 141-28 동신빌딩 4층,해당없음,,기타 산업용 기계 및 장비 임대업,1995-05-18,03월
(주)글로벌휴먼스,"Global Humans Co., Ltd.",글로벌휴먼스, ,한성렬,기타법인,110111-5052321,201-86-31338,서울특별시 강남구 압구정로36길 18 (신사동) 신구빌딩 5층, ,,상용 인력 공급 및 인사관리 서비스업,2013-01-23,12월
(주)금강,KUMKANG,금강, ,양기태,기타법인,110111-2972770,210-81-53267,"경기도 남양주시 별내중앙로 36-31 (별내동, 별내백상앨리츠오피스텔2차) 4층 406호", ,,건설 및 토목공사용 기계ㆍ장비 임대업,2004-03-12,12월
(주)금강티에스,KUMKANG.T.S,금강티에스, ,"이윤한, 홍정표",기타법인,110111-4123298,105-87-33603,"서울특별시 마포구 토정로 187 (창전동), 금강티에스빌딩5층",www.igoldpower.com,,상용 인력 공급 및 인사관리 서비스업,2009-06-24,12월
주식회사 금강포스템,KUMKANG FOSTEM CO.LTD,금강포스템, ,김재일,기타법인,110111-1243700,220-81-17157,서울특별시 서초구 서초동 1445-2번지 금강공업빌딩 3층,www.kumkangfostem.com,,산업용 기계 및 장비 임대업,1996-02-16,12월
금만테크주식회사,"Kummantech Co., Ltd.",금만테크, ,전은정,기타법인,110111-4845149,107-87-69368,서울특별시 영등포구 여의도동 23-8 동양증권빌딩, ,,기타 사무지원 서비스업,2012-04-18,04월
(주)금원기업,GEUMWON ENTERPRISE CO.LTD,금원기업, ,김진홍,기타법인,171711-0079333,506-81-65247,경상북도 포항시 남구 동해안로 6262 (동촌동) 5번지, ,,건축물 일반 청소업,2008-09-01,12월
금정해운 주식회사,"KUMJUNG SHIPPING CO.,LTD.",금정해운, ,탁원익,기타법인,204711-0001146,417-81-01545,부산광역시 중구 해관로 89 (대창동1가) 부산중앙빌딩 11층, ,,기타 운송장비 임대업,1982-01-16,12월
주식회사 금탑건설,GOLD TOWER CONSTRUCTION,금탑건설, ,이석준,기타법인,200111-0385538,410-86-84180,광주광역시 광산구 사암로 209 (우산동),www.wm.co.kr,,기타 사무지원 서비스업,2013-12-20,12월
금호렌터카글로벌 (주),"Kumho Rent-a-car Co., Ltd.",금호렌터카글로벌, ,이희수,기타법인,110111-4211746,101-86-50656,서울특별시 강남구 대치동 890-20,www.kumhorent.com,,자동차 임대업,2009-11-01,12월
금호알에이시 (주),"Kumho RAC Co., Ltd.",금호알에이시, ,이삼섭,기타법인,110111-0513253,609-81-25961,서울특별시 종로구 새문안로 76 금호아시아나본관 8층 (신문로1가), ,,자동차 임대업,1986-12-13,12월
금호피에프브이원자산관리유한회사,"KUMHO PFV1 AMC, LC.",금호피에프브이원자산관리, ,김병섭,기타법인,110114-0053914,101-86-14330,서울특별시 종로구 신문로1가 금호사옥빌딩, ,,그 외 기타 분류 안된 사업지원 서비스업,2005-04-13,12월
주식회사기가에이젼시,GIGA Agency,기가에이젼시, ,이윤재,기타법인,110111-6290392,595-88-00563,"서울특별시 성동구 아차산로17길 49 404호(성수동2가, 생각공장데시앙플렉스)", ,,임시 및 일용 인력 공급업,2017-01-18,12월
기경실업주식회사,"KI KYOUNG BUISINESS CO., LTD.",기경실업, ,김기성,기타법인,110111-0350704,123-81-38185,경기도 안양시 만안구 석수동 314-9번지, ,,그 외 기타 분류 안된 사업지원 서비스업,1983-07-01,12월
주식회사 기린렌텍,girinrentech,기린렌텍, ,박홍빈,기타법인,110111-1501413,216-81-14388,경기도 평택시 서탄면 수월암리520-27, ,,기타 산업용 기계 및 장비 임대업,1998-01-09,12월
기숙학원운영 주식회사,"Boarding Academy Management Co., Ltd.",기숙학원운영, ,오우석,기타법인,110111-8807658,472-81-03157,"서울특별시 강남구 삼성로57길 28 (대치동), 3층", ,,사업시설 유지ㆍ관리 서비스업,2023-12-01,12월
기양실업주식회사,"KI YANG INDUSTRY CO., LTD",기양실업, ,정재명,기타법인,134811-0012584,124-81-36929,경기도 화성군 우정면 이화리 1122, ,,그 외 기타 분류 안된 사업지원 서비스업,1989-04-01,12월
주식회사 기적투어,"KIJEOK TOUR CO., LTD.",기적투어, ,PIAO HONGJI,기타법인,180111-1161354,665-86-01101,부산광역시 부산진구 가야대로784번길 29 여송빌딩 6층(부전동), ,,여행사업,2018-06-19,12월
(주)기프트캐시,"Giftcash co., Ltd",기프트캐시, ,임한호,기타법인,110111-2320135,110-81-52823,서울특별시 용산구 한강로2가 222-5 3 층, ,,그 외 기타 분류 안된 사업지원 서비스업,2003-09-16,12월
주식회사 기프티비즈,giftibiz,기프티비즈, ,우제성,기타법인,134911-0121169,263-86-02767,서울특별시 금천구 가산디지털2로 35 (가산동) 잔카드림타워 13층,www.giftibiz.co.kr,,그 외 기타 분류 안된 사업지원 서비스업,2023-01-05,12월
기현실업 주식회사,KI  HYUN CO. Ltd,기현실업, ,손창호,기타법인,134811-0047052,124-81-69167,경기도 화성군 우정면 화산리 664-13, ,,인력 공급업,2000-01-13,12월
기흥용인도로 주식회사,giheungyongin road company,기흥용인도로, ,박윤식,기타법인,110111-4499805,114-86-85262,"서울특별시 서초구 잠원로 88 (잠원동, 신반포아파트)", ,,사업시설 유지ㆍ관리 서비스업,2010-12-27,12월
김해맑은물(주),"Gimhae Co.,Ltd",김해맑은물, ,김종원,기타법인,110111-3721754,104-86-09156,서울특별시 중구 순화동 순화빌딩, ,,사업시설 유지ㆍ관리 서비스업,2007-07-20,12월
나노세븐오토모티브(주),nanoseven automotive co.ltd,나노세븐오토모티브, ,신종택,기타법인,180111-0691055,605-81-96955,부산광역시 부산진구 범천동859-16 세운이노빌203호, ,,기타 산업용 기계 및 장비 임대업,2009-10-20,12월
(주)나눔누리,NANUMNURI,나눔누리, ,이해철,기타법인,176011-0075546,513-81-68427,경상북도 구미시 3공단2로 235 (진평동) 엘지디스플레이 A1 나눔누리,www.nanumnuri.co.kr,,건축물 일반 청소업,2012-03-21,12월
주식회사 나다상품권,Nadagift,나다상품권, ,이영정,기타법인,220111-0246786,259-86-02924,제주특별자치도 서귀포시 서문로 1 (서귀동) 2층 329호, ,,그 외 기타 분류 안된 사업지원 서비스업,2022-11-09,09월
나라개발시스템(주),NARA DEVELOPMENT SYSTEM ,나라개발시스템, ,이한주,기타법인,110111-1709166,108-81-27506,서울특별시 강남구 논현로30길 36-4 (도곡동) 4층 401호, ,,건축물 일반 청소업,1999-06-04,12월
나라솔루션(주),"nara solution co.,ltd",나라솔루션, ,김선일,기타법인,170111-0362468,502-81-97655,대구광역시 수성구 상화로 122-1 (두산동), ,,사업시설 유지ㆍ관리 서비스업,2008-09-01,12월
나라신용정보(주),"Nara Credit Service Co.,Ltd",나라신용정보, ,유진하,기타법인,110111-1741499,214-86-35780,"서울특별시 동작구 사당로 272 (사당동, 삼보빌딩)",www.naracredit.com,,신용 조사 및 추심 대행업,1999-08-05,12월
주식회사 나라에이스홀딩스,nara gl.inc,나라에이스홀딩스, ,문찬혁,기타법인,110111-3180322,214-87-66918,서울특별시 강남구 영동대로 719 8층, ,,여행사 및 기타 여행보조 서비스업,2005-03-04,12월
(주)나래디엔씨,naraydnc,나래디엔씨, ,손형식,기타법인,110111-1333147,114-81-75129,서울특별시 강서구 화곡동 1063-3,www.naraydnc.co.kr,,인력 공급업,1996-10-23,12월
나래시큐리티 주식회사,NARAY SECURITY CO. LTD,나래시큐리티, ,김명섭,기타법인,110111-1442592,214-86-17502,서울특별시 서초구 반포4동 67-3 대륭B/D 4F,www.naraysecurity.co.kr,,보안시스템 서비스업,1997-07-21,12월
나산실업주식회사,"NASAN INDUSTRIAL CO., LTD",나산실업, ,김한수,기타법인,110111-1257123,120-81-62779,경기도 화성시 경기동로 250 (장지동), ,,사업시설 관리 및 조경 서비스업,1996-04-02,12월
(주)나우인베스트먼트,NOWINVESTMENT. Co. Ltd,나우인베스트먼트, ,문경환,기타법인,110111-5793553,738-88-00141,"서울특별시 강남구 테헤란로10길 8 6층 601호(역삼동, 녹명빌딩)", ,,기타 사무지원 서비스업,2015-08-03,12월
주식회사 나음,NAEUM,나음, ,조왕근,기타법인,110111-4286525,220-87-95117,"서울특별시 영등포구 양평로12가길 14 3층 306호(양평동4가, 르네상스한강오피스텔)",www.naeum.net,,사업시설 유지ㆍ관리 서비스업,2010-03-03,12월
(주)나이스디앤비,"NICE D&B CO., LTD.",나이스디앤비,130580,오규근,코스닥시장,110111-2629347,107-86-24874,서울특별시 중구 소공로 70 -,www.nicednb.com,,신용 조사 및 추심 대행업,2002-11-01,12월
나이스신용정보(주),NICE Credit Information Service Co. Ltd.,나이스신용정보, ,노태성,기타법인,110111-4296772,105-87-41914,"서울특별시 서대문구 경기대로 22 (충정로3가, 나이스신용정보(주))",www.niceamc.co.kr,,신용 조사 및 추심 대행업,2010-03-05,12월
주식회사 나이스피플,Nice people.Corp.,나이스피플, ,김근호,기타법인,134811-0487836,811-81-01387,"경기도 오산시 궐리사로 96 (궐동, 정빌딩), 4층", ,,상용 인력 공급 및 인사관리 서비스업,2019-03-05,12월
주식회사 나인투원,nine2one Inc.,나인투원, ,배지훈,기타법인,110111-6866523,654-81-01178,"서울특별시 성동구 왕십리로 83-21 (성수동1가, 아크로서울포레스트) 3층",www.elecle.bike/,,스포츠 및 레크리에이션 용품 임대업,2018-09-10,12월
남경종합관리(주),Namkyang,남경종합관리, ,박순희,기타법인,110111-3206946,209-81-39853,서울특별시 성북구 보문로13길 31 (보문동6가) 3층, ,,경비 및 경호 서비스업,2005-04-13,12월
남광개발(주),NKFMC,남광개발, ,남길석,기타법인,134111-0070263,123-81-52606,"경기도 안양시 만안구 박달로497번길 42 (박달동, 한신플러스타운상가동)3층",www.nk1280.kr,,사업시설 유지ㆍ관리 서비스업,2000-01-03,12월
남부건업(주),NAMBU,남부건업, ,하범종,기타법인,194211-0008707,609-81-14386,"경상남도 창원시 의창구 창이대로460번길 21-1 401호 (용호동, 원빌딩)", ,,사업시설 유지ㆍ관리 서비스업,1992-05-14,12월
남부공영(주),nambu,남부공영, ,설장우,기타법인,180111-0089698,607-81-21523,부산광역시 동래구 명안로 77 (명장동), ,,사업지원 서비스업,1989-11-30,12월
남부도시가스이엔지(주),Nam bu City Gas ENG,남부도시가스이엔지, ,안병훈,기타법인,110111-3921742,119-86-08498,서울특별시 관악구 은천로 5 (봉천동), ,,사업시설 유지ㆍ관리 서비스업,2008-07-01,12월
남산교육문화주식회사,Namsanedu,남산교육문화, ,이시구,기타법인,160111-0216188,314-81-86304,대전광역시 서구 월평동 519, ,,사업시설 유지ㆍ관리 서비스업,2006-12-18,12월
주식회사 남우진흥,namwoojinheung,남우진흥, ,윤광영,기타법인,110111-0510043,417-81-07234,전라남도 여수시 상암로 514 (호명동), ,,상용 인력 공급 및 인사관리 서비스업,1986-12-12,12월
내담에셋 주식회사,NAEDAMASSET,내담에셋, ,양태영,기타법인,110111-5193646,104-86-50091,"서울특별시 강남구 삼성로 573 303호 (삼성동, 성원빌딩)", ,,사업시설 유지ㆍ관리 서비스업,2013-07-29,12월
(주)내이드디앤씨,"NADEDNC CO,. LTD.",내이드디앤씨, ,이주형,기타법인,110111-5707603,205-86-00123,"서울특별시 광진구 천호대로 511 5층(중곡동,에이스침대사옥)", ,,사업시설 유지ㆍ관리 서비스업,2015-04-24,12월
(주)내일투어,"NAEIL TRAVEL Co.,Ltd.",내일투어, ,이진석,기타법인,110111-1187289,110-81-33092,서울특별시 중구 세종대로11길 43 (서소문동),www.naeiltour.co.kr,,여행사 및 기타 여행보조 서비스업,1995-08-17,12월
네이버아이앤에스 주식회사,NAVER I&S.Corp.,네이버아이앤에스, ,노세관,기타법인,131111-0225209,129-86-30212,"경기도 성남시 분당구 정자일로 95 (정자동, 네이버1784) 17층",www.naverins.com,,그 외 기타 사업지원 서비스업,2009-03-01,12월
네이버핸즈 주식회사,NAVER HANDS,네이버핸즈, ,노세관,기타법인,131111-0610054,315-81-38182,"경기도 성남시 분당구 불정로 6 (정자동, 그린팩토리) 5층",recruit.naverhands.com,,기타 사업지원 서비스업,2020-10-30,12월
(주)네트론,NETRON,네트론, ,이승석,기타법인,135811-0204461,135-86-18950,"경기도 수원시 팔달구 효원로249번길 18-5 (인계동, 경일빌딩) 201호", ,,상용 인력 공급 및 인사관리 서비스업,2011-11-07,12월
주식회사 넥스시스템즈,"NEX SYSTEMS, Co., Ltd.",넥스시스템즈, ,"정구용, 이동호",기타법인,131411-0397432,871-87-00999,경기도 안산시 단원구 해봉로 86 (성곡동),nexsystems.kr,,건설 및 토목공사용 기계ㆍ장비 임대업,2017-09-01,12월
주식회사 넥스투어,"nextour co., LTD",넥스투어, ,웡콕킷,기타법인,110111-1812315,114-81-92884,서울특별시 서초구 서초동 1464-30 호혜섬유빌딩 7층, ,,여행사업,1999-11-19,12월
주식회사 넥스퍼시픽,NEX PACIFIC INC.,넥스퍼시픽, ,김홍철,기타법인,110111-6069755,768-86-00395,"서울특별시 강남구 선릉로152길 21 6층 (청담동, 영인빌딩)", ,,임대업; 부동산 제외,2016-05-24,12월
넥슨네트웍스,NexonNetworks Corporation,넥슨네트웍스, ,박웅석,기타법인,110111-1122392,229-81-00046,제주특별자치도 제주시 1100로 3198-8 (노형동), ,,그 외 기타 사업지원 서비스업,1995-01-21,12월
주식회사 넥슨스페이스,NEXON SPACE,넥슨스페이스, ,지준숙,기타법인,131111-0349249,144-81-15947,경기도 성남시 분당구 판교로256번길 7 (삼평동), ,,사업시설 유지ㆍ관리 서비스업,2013-07-22,12월
(주)넥슨커뮤니케이션즈,NEXON COMMUNICATIONS,넥슨커뮤니케이션즈, ,이경준,기타법인,180111-0777483,617-81-94173,"부산광역시 해운대구 수영강변대로 140 (우동, 부산문화콘텐츠컴플렉스) 2층, 9층",nexon-communications.com/,,그 외 기타 사업지원 서비스업,2011-10-10,12월
넷플릭스엔터테인먼트코리아 유한회사,Netflix Entertainment Korea Ltd,넷플릭스엔터테인먼트코리아, ,에밀리허쉬캐틀린,기타법인,110114-0266195,797-87-01986,서울특별시 종로구 우정국로 26 (공평동) 센트로폴리스 타워에이 20층, ,,그 외 기타 분류 안된 사업지원 서비스업,2020-10-19,12월
(주)노랑풍선,"Yellow Balloon Tour Co., Ltd.",노랑풍선,104620,김진국,코스닥시장,110111-2307539,104-81-64440,"서울특별시 중구 수표로 31 (저동2가, 노랑풍선빌딩)",www.ybtour.com,,여행사업,2001-08-13,12월
녹색개발(주),"Green Development Co,. Ltd.",녹색개발, ,윤석붕,기타법인,110111-1380932,114-81-77961,"서울특별시 금천구 가산디지털1로 1 902호 (가산동, 더루벤스밸리)",www.green-sbm.co.kr/,,사업시설 유지ㆍ관리 서비스업,1997-02-10,12월
(주)녹십자비씨,Green Cross Business Service Corp,녹십자비씨, ,허영섭,기타법인,134511-0034302,135-81-32321,경기도 용인시 기흥읍 구갈리 227-3, ,,그 외 기타 분류 안된 사업지원 서비스업,1999-06-10,12월
주식회사 놀유니버스,"Nol Universe. Co., Ltd. ",놀유니버스, ,이철웅,기타법인,110111-8251772,824-81-02515,"경기도 성남시 수정구 금토로 70 (금토동, 텐엑스타워)", ,,여행사업,2022-04-01,12월
(주)농심캐피탈,"NONGSHIMCAPITAL CO.,LTD.",농심캐피탈, ,이종환,기타법인,180111-0607482,617-81-68340,"부산광역시 남구 수영로39번길 2-5 (문현동, 메가마켓)", ,,그 외 기타 분류 안된 사업지원 서비스업,2007-10-01,12월
(주)농협파트너스,Nonghyup Partners,농협파트너스, ,이범석,기타법인,110111-2126351,106-81-95255,"서울특별시 강동구 올림픽로48길 7 (성내동, 축협)",www.nhpartners.co.kr,,사업시설 유지ㆍ관리 서비스업,2000-12-09,12월
주식회사 누리에프엔씨,nuri F&C,누리에프엔씨, ,이누리,기타법인,120111-0855695,689-87-00575,인천광역시 서구 청라에메랄드로102번길 8-12 1층 111호(청라동), ,,사업시설 유지ㆍ관리 서비스업,2016-12-29,12월
주식회사누리티케이,nuritk,누리티케이, ,김성국,기타법인,110111-7727708,213-86-42949,서울특별시 동대문구 홍릉로 3 (청량리동) 1층 누리티켓상품권,www.nuritk.net,,그 외 기타 분류 안된 사업지원 서비스업,2021-01-08,12월
주식회사 누오바시에나,Nuova Sienna Inc.,누오바시에나, ,신동휴,기타법인,224111-0058921,361-81-02348,"제주특별자치도 서귀포시 용흥로66번길 158-7 (강정동, 토스카나가족호텔), 신관 비1층", ,,무형재산권 임대업,2021-07-20,12월
뉴보은 주식회사,"NEWBOEUN CO., LTD.",뉴보은, ,손명자,기타법인,121111-0136664,130-86-15939,"경기도 부천시 부천로198번길 27, 205호 (춘의동, 서림테크노파크I)", ,,경비 및 경호 서비스업,2005-09-01,12월
(주)뉴서울국제여행사,"NEWSEOUL INTERNATIONAL TRAVEL CO.,Ltd",뉴서울국제여행사, ,김상기,기타법인,110111-6650538,466-88-01056,"서울특별시 영등포구 국제금융로 10 19층(여의도동, 투 아이에프씨)", ,,여행사 및 기타 여행보조 서비스업,2018-02-02,12월
뉴월드112보안주식회사,NEWWORLD Security CO. Ltd,뉴월드112보안, ,정광용,기타법인,230111-0091238,610-81-62817,울산광역시 남구 화합로224번길 24 (삼산동)301호, ,,경비 및 경호 서비스업,2002-12-20,12월
늘푸른미래교육 주식회사,"Evergreen Edu Co., Ltd.",늘푸른미래교육, ,최경식,기타법인,110111-8486238,371-88-02494,"서울특별시 용산구 이촌로 352 신동아빌딩 (용산동6가, 신동아쇼핑)", ,,사업시설 유지ㆍ관리 서비스업,2022-11-25,12월
늘푸른보금자리 주식회사,"Evergreen House Co.,Ltd",늘푸른보금자리, ,유경원,기타법인,110111-4327098,106-86-71336,서울특별시 용산구 이촌로 352 (용산동6가) 신동아빌딩, ,,사업시설 유지ㆍ관리 서비스업,2010-04-13,12월
늘푸른선진병영 주식회사,"SUNJIN Ever-Green Co., Ltd.",늘푸른선진병영, ,김종근,기타법인,110111-6232097,322-86-00355,"서울특별시 용산구 이촌로 352 (용산동6가, 신동아쇼핑)", ,,사업시설 유지ㆍ관리 서비스업,2016-11-15,12월
늘푸른선진학사 주식회사,"Ever-Green Dorm Co., Ltd.",늘푸른선진학사, ,함명호,기타법인,110111-6407955,590-88-00608,"서울특별시 용산구 이촌로 352 (용산동6가, 신동아쇼핑)", ,,사업시설 유지ㆍ관리 서비스업,2017-05-23,12월
(주)늘푸른씨앤씨,npr.co,늘푸른씨앤씨, ,이한엄,기타법인,135811-0122473,124-86-41179,경기도 화성시 동학산1길 10-32 (석우동), ,,"산업설비, 운송장비 및 공공장소 청소업",2006-01-16,12월
늘푸른인천교육 주식회사,"Evergreen In-Cheon Co., Ltd.",늘푸른인천교육, ,최경식,기타법인,110111-8513247,630-87-03212,"서울특별시 용산구 이촌로 352 신동아빌딩 (용산동6가, 신동아쇼핑)", ,,사업시설 유지ㆍ관리 서비스업,2022-12-27,12월
늘푸른학교 주식회사,"Nul Pu Run Hak Kyo Co., Ltd.",늘푸른학교, ,이홍현,기타법인,170111-0347478,502-81-94319,대구광역시 동구 신천동 111 영남빌딩 9, ,,사업시설 유지ㆍ관리 서비스업,2008-01-11,12월
늘푸른학교(주),"Evergreen School Co.,Ltd",늘푸른학교, ,손동균,기타법인,110111-4089995,106-86-64456,서울특별시 용산구 용산동6가 69-167, ,,사업시설 유지ㆍ관리 서비스업,2009-05-06,12월
주식회사 다날핀테크,Danal Fintech Corp.,다날핀테크, ,황용택,기타법인,131111-0542257,394-81-01150,"경기도 성남시 분당구 황새울로359번길 11 4층(서현동, 미래에셋플레이스)",www.danalfintech.com,,조경 관리 및 유지 서비스업,2019-01-17,12월
주식회사 다니엘,"DANIEL Co., LTD",다니엘, ,박용기,기타법인,110111-7386017,856-88-01695,"서울특별시 영등포구 경인로 775 1동 518호(문래동3가, 에이스하이테크시티)", ,,그 외 기타 분류 안된 사업지원 서비스업,2020-02-11,12월
다드림한마음주식회사,dadreamhanmaum,다드림한마음, ,권희평,기타법인,284911-0055185,141-81-04548,경기도 고양시 일산서구 산현로 7 (탄현동) 701호, ,,경비 및 경호 서비스업,2005-12-05,12월
다래렛츠런,Darae let''s run,다래렛츠런, ,김호정,기타법인,110111-5839662,455-81-00247,"서울특별시 구로구 디지털로 273 506-1호 (구로동, 에이스트윈타워2차)", ,,기타 산업용 기계 및 장비 임대업,2015-09-16,12월
(주)다보산업관리,DABO,다보산업관리, ,정채열,기타법인,110111-2734782,113-81-83140,"서울특별시 구로구 경인로20가길 5 602호(오류동, 하늘쉼빌딩)", ,,사업시설 유지ㆍ관리 서비스업,2003-03-13,12월
다사마케팅(주),"DASA MARKETING CO.,LTD",다사마케팅, ,박용기,기타법인,110111-2868797,119-81-68716,"서울특별시 영등포구 경인로 775 1-609 (문래동3가, 에이스하이테크시티)", ,,그 외 기타 분류 안된 사업지원 서비스업,2003-10-02,12월
다온메르시 주식회사,DAONMERCI,다온메르시, ,김인숙,기타법인,110111-4483098,113-86-44574,"서울특별시 구로구 디지털로33길 12 (구로동, 우림이비지센터2차) 806호", ,,조경 관리 및 유지 서비스업,2010-12-13,12월
(주)다올씨앤에스,DAALL CNS,다올씨앤에스, ,이은경,기타법인,135511-0443627,275-86-03148,"경기도 시흥시 오이도로 21 (정왕동, STEELLAND) 에스비센타 618호", ,,인력 공급업,2024-07-16,12월
주식회사 다우리잡,"DAWOORIJOB,.CO.LTD",다우리잡, ,남순택,기타법인,110111-3470567,113-86-05907,"서울특별시 구로구 디지털로33길 50 1406호(구로동, 벽산디지털밸리7차)",www.dawoorijob.co.kr,,고용알선 및 인력공급업,2006-06-15,12월
(주)다원로지스틱스,DAWON LOGISTICS,다원로지스틱스, ,김형식,기타법인,131211-0041322,469-88-00089,경기도 용인시 처인구 중부대로 1540 (마평동) 희경빌딩 202호, ,,상용 인력 공급 및 인사관리 서비스업,2015-06-09,12월
(주)다인맨파워,dainmanpower,다인맨파워, ,김기설,기타법인,110111-4077958,104-86-20239,"서울특별시 서대문구 경기대로 15 (충정로3가, 엘림넷빌딩)2층",www.dainmanpower.co.kr,,인력 공급업,2009-04-14,12월
주식회사 다찬인더스,DACHAN INDUSTRIAL.CO.LTD.,다찬인더스, ,조진행,기타법인,121111-0095365,130-81-86991,인천광역시 계양구 계산동 1062 하이베라스 D 406호, ,,산업용 기계 및 장비 임대업,2002-04-09,12월
단양행복마을 주식회사,"Danyanghangbokmaeul Co., Ltd.",단양행복마을, ,김종성,기타법인,171211-0093169,812-81-00493,"경상북도 경주시 보문로 402-12 (신평동, 대명리조트)", ,,사업시설 유지ㆍ관리 서비스업,2016-08-22,12월
(주) 달 마,DALMA,달마, ,"정희병, 윤춘수",기타법인,110111-0231491,214-81-10881,서울특별시 서초구 서초동 1631-1, ,,건축물 일반 청소업,1978-05-16,12월
(주)대건기업,"DAEGEON CORPORATION CO., LTD.",대건기업, ,백종기,기타법인,110111-1109829,116-81-50084,서울특별시 영등포구 가마산로 317 (대림동) 5층, ,,"소독, 구충 및 방제 서비스업",1995-01-01,12월
주식회사 대건씨엔디,"DAEGUN C&D Co., Ltd.",대건씨엔디, ,민경인,기타법인,135011-0126687,223-81-06775,"인천광역시 부평구 길주로 623 101동 906호(삼산동, 대덕리치아노)", ,,산업용 기계 및 장비 임대업,2002-11-04,12월
주식회사 대경이앤에스,DAEKYUNG E&S,대경이앤에스, ,"이재홍, 이세도",기타법인,135811-0190488,135-86-12882,"경기도 용인시 기흥구 흥덕1로 13 타워동 705호 (영덕동, 흥덕IT밸리)",www.dkens.co.kr,,사업시설 유지ㆍ관리 서비스업,2010-12-10,12월
대경티엠에스,Daegyeong TMS,대경티엠에스, ,김경룡,기타법인,170111-0333427,504-81-72155,"대구광역시 중구 서성로 81 3층 대경티엠에스 (수창동, 대구은행)",dktms.co.kr,,고용 알선업,2007-06-02,12월
주식회사 대교산업,"DAEKYO INDUSTRY CO.,LTD",대교산업, ,"이종구, 연창만",기타법인,110111-0535554,116-81-18615,"서울특별시 영등포구 여의나루로 71 1004호(여의도동, 동화빌딩)",www.idaekyo.com,,사업시설 유지ㆍ관리 서비스업,1987-07-01,12월
대구그린에너지센터 주식회사,"DAEGU GREENENERGYCENTER Co.,Ltd",대구그린에너지센터, ,김동익,기타법인,110111-5116862,104-86-48052,대구광역시 달성군 다사읍 다사로 799 (방천리) 대구그린에너지센터, ,,사업시설 유지ㆍ관리 서비스업,2013-04-19,12월
대구남부순환도로 주식회사,Daegu South Circulation Road Corporation,대구남부순환도로, ,최성욱,기타법인,170111-0340125,502-81-92683,"대구광역시 수성구 앞산터널로 503 (파동, 앞산영업소)", ,,사업시설 유지ㆍ관리 서비스업,2007-09-14,12월
대구남부에이엠씨(주),"Daegu South AMC Co.,Ltd.",대구남부에이엠씨, ,최성욱,기타법인,170111-0356619,502-81-96321,"대구광역시 수성구 앞산터널로 503 (파동, 앞산영업소)", ,,사업시설 유지ㆍ관리 서비스업,2008-06-03,12월
(주)대구메트로환경,Daegu metro environment,대구메트로환경, ,김태한,기타법인,170111-0700618,801-88-00978,"대구광역시 달성군 다사읍 달구벌대로 431 (문양리, 대구지하철2호선1공구문양차량기지) 내", ,,사업시설 유지ㆍ관리 서비스업,2018-11-02,12월
대구뮤지엄서비스주식회사,"Daegu Museum Service. Co.,Ltd",대구뮤지엄서비스, ,김성일,기타법인,170111-0331504,502-81-90690,대구광역시 수성구 황금동 847-2, ,,"산업설비, 운송장비 및 공공장소 청소업",2007-04-30,12월
주식회사 대국인터내셔널,DJ INTERNATIONAL.,대국인터내셔널, ,JIN TIELONG,기타법인,110111-7882031,236-87-02234,"서울특별시 중구 퇴계로 272 (장충동2가, 아도라타워) 902호", ,,여행사업,2021-05-14,12월
주식회사대덕개발,"DAEDUK DEVELOPMENT CO,LTD",대덕개발, ,하태열,기타법인,160111-0036362,314-81-07804,대전광역시 서구 대덕대로 129 7층(갈마동),dddco@hanmail.net,,경비 및 경호 서비스업,2001-02-06,12월
(주)대덕휴비즈,DAIDUCKHUBIZ,대덕휴비즈, ,박형식,기타법인,110111-1106677,214-81-79783,"서울특별시 서초구 남부순환로 2433-3 (서초동, 거암빌딩) 3층", ,,인력 공급업,1994-12-31,12월
대림케어 주식회사,"DAELIMCARE CO.,LTD.",대림케어, ,"이해영, 강태식",기타법인,110111-5047984,206-86-73949,"서울특별시 구로구 디지털로 271 (구로동, 벽산디지털밸리Ⅲ) 106호",www.daelimcare.com,,그 외 기타 개인 및 가정용품 임대업,2013-03-01,12월
주식회사 대명국제여행사,"DAEMYEONG INTERNATIONAL TRAVEL Co., Ltd.",대명국제여행사, ,김상기,기타법인,110111-6328135,669-87-00741,"서울특별시 영등포구 국제금융로 10 (여의도동, 서울국제금융센터)", ,,여행사 및 기타 여행보조 서비스업,2017-03-30,12월
대방나래 주식회사,"Daebang Narae Co.,Ltd.",대방나래, ,손동균,기타법인,110111-3671909,106-86-51209,"서울특별시 용산구 이촌로 352 (용산동6가, 신동아쇼핑)", ,,사업시설 유지ㆍ관리 서비스업,2007-05-03,12월
대보렌터카(주),daeborent,대보렌터카, ,이만호,기타법인,110111-5115624,109-86-40943,"서울특별시 강서구 양천로53길 44 (가양동), 지하1층", ,,자동차 임대업,2013-04-18,12월
(주)대산시스템,daesansystem,대산시스템, ,최상호,기타법인,120111-0229501,122-81-63226,"인천광역시 남동구 하촌로 26 (만수동, 거신빌딩) 605호", ,,경비 및 경호 서비스업,2000-08-09,12월
대상휴먼씨주식회사,"DAESANG HUMAN C CO.,ltd",대상휴먼씨, ,김수현,기타법인,110111-5435600,107-88-21304,"서울특별시 영등포구 당산로 246 9층 (당산동6가, 뷰티플타워)",www.gumchim.co.kr,,그 외 기타 분류 안된 사업지원 서비스업,2014-06-11,12월
(주)대성,"Daesung Co., Ltd.",대성, ,김정주,기타법인,110111-2656887,101-81-89253,서울특별시 용산구 후암로 57 (후암동) 길 57,http://www.daesungbook.com,,고용 알선업,2002-11-20,12월
(주)대성개발,DAESUNG DEVELOPMENT CO.LTD,대성개발, ,"임영자, 장인권",기타법인,210111-0043605,402-81-25021,전라북도 전주시 덕진구 아중7길 9-4 (우아동2가), ,,건축물 일반 청소업,1998-04-15,12월
대성글로벌네트웍(주),"Daesung Global Network Co.,Ltd",대성글로벌네트웍, ,김영훈·백창기,기타법인,110111-2802654,128-81-84651,대구광역시 중구 명덕로 91 대성빌딩,www.daesungglobal.com,,콜센터 및 텔레마케팅 서비스업,2003-06-18,12월
대성물류주식회사,DAESUNG,대성물류, ,김문환,기타법인,110111-0755649,109-81-42077,서울특별시 강서구 내발산2동 660-13, ,,기타 산업용 기계 및 장비 임대업,1991-03-13,12월
대성물류건설(주),DAESUNG LOGISTCS & CONSTRUCTION,대성물류건설, ,"이상오, 임엽상",기타법인,110111-0577861,221-81-09887,"서울특별시 성동구 고산자로 269 (도선동, 신한넥스텔) 914호",daesung.co.kr,,인력 공급업,1988-07-01,12월
대성물류통신주식회사,DAESUNG,대성물류통신, ,김문환,기타법인,110111-1941817,109-81-63373,서울특별시 양천구 목1동 현대41타워 3507호, ,,기타 산업용 기계 및 장비 임대업,2000-04-18,12월
대성밸류인베스트먼트(주),"DAESUNG INVESTMENT Co., Ltd",대성밸류인베스트먼트, ,"김영훈, 김정주",기타법인,110111-4427947,101-86-58226,"서울특별시 마포구 월드컵북로54길 11 (상암동, 전자회관 3층)", ,,기타 사업지원 서비스업,2010-08-31,12월
대성에너지제1서비스(주),"ALPHA SERVICE CO., LTD.",대성에너지제1서비스, ,신현정,기타법인,170111-0290148,504-81-62638,대구광역시 서구 고성로 91 (원대동3가), ,,사업시설 유지ㆍ관리 서비스업,2005-06-27,12월
대성에너지제2서비스(주),"BETA SERVICE CO., LTD.",대성에너지제2서비스, ,신현정,기타법인,170111-0290156,504-81-62642,대구광역시 북구 구암로 110 (태전동), ,,사업시설 유지ㆍ관리 서비스업,2005-06-27,12월
대성에너지제3서비스(주),"GAMMA SERVICE CO., LTD.",대성에너지제3서비스, ,신현정,기타법인,170111-0290164,503-81-68658,대구광역시 달서구 와룡로 133 (감삼동), ,,사업시설 유지ㆍ관리 서비스업,2005-06-27,12월
대성통산주식회사,DAE SUNG TONG SAN CO.LTD,대성통산, ,김효석,기타법인,110111-0202225,220-81-25017,"서울특별시 강남구 테헤란로 329 (역삼동, 삼흥오피스텔)", ,,사업시설 유지ㆍ관리 서비스업,1976-09-09,12월
주식회사 대성티엠씨,DAESUNG TMC,대성티엠씨, ,이재훈,기타법인,134611-0112544,466-88-01959,"경기도 용인시 기흥구 용구대로 1859 (하갈동, 감미옥) 404호", ,,사업시설 유지ㆍ관리 서비스업,2021-02-10,12월
주식회사 대성퍼스트,DaeSungFirst,대성퍼스트, ,박병하,기타법인,150111-0228490,114-87-25034,대전광역시 동구 동서대로 1628 (성남동) 대성퍼스트빌딩 4층,daesungfirst.com/,,임시 및 일용 인력 공급업,2016-12-09,12월
대승관리(주),DAE-SEUNG,대승관리, ,양대석,기타법인,161511-0141849,312-86-39912,"충청남도 아산시 배방읍 광장로 210 212.213호(장재리, 요진와이시티)", ,,경비 및 경호 서비스업,2012-06-01,12월
대승종합관리(주),DAESEUNG,대승종합관리, ,김혜경,기타법인,115911-0009524,128-81-14645,"경기도 고양시 덕양구 중앙로 550 (행신동, 삼일프라자)603호", ,,사업시설 유지ㆍ관리 서비스업,1993-03-31,12월
주식회사대승케이비엠,dalsung,대승케이비엠, ,추종호,기타법인,120111-0469842,131-86-09240,"인천광역시 연수구 비류대로256번길 8-14 (청학동, 청학프라자)4층", ,,경비 및 경호 서비스업,2008-07-08,12월
대아산업주식회사,dea,대아산업, ,조양순,기타법인,120111-0128828,122-81-50420,"인천광역시 계양구 계양문화로 54 502호(계산동, 대산월드프라자)", ,,사업시설 유지ㆍ관리 서비스업,1996-05-01,12월
대양청과 주식회사,DAEYANGCHANGGA,대양청과, ,박기형,기타법인,170111-0056897,504-81-20263,"대구광역시 북구 매천로18길 34 (매천동, 농수산물도매시장,관문동행정복지센터)",www.dyvaf.co.kr,,그 외 기타 분류 안된 사업지원 서비스업,1996-03-05,12월
주식회사 대양해군,deayangheagun,대양해군, ,안중도,기타법인,110111-4358522,211-88-44080,"서울특별시 서초구 남부순환로 2583 (서초동, 서희타워)", ,,사업시설 유지ㆍ관리 서비스업,2010-06-01,12월
대양화인렌탈(주),DAE YANG FINE RENTAL,대양화인렌탈, ,허종수,기타법인,110111-1608342,215-81-75214,"서울특별시 송파구 송이로 28 (송파동, GS칼텍스) 2층", ,,산업용 기계 및 장비 임대업,1998-11-16,12월
대영관리 주식회사,DAEYOUNG MANAGEMENT,대영관리, ,최재호,기타법인,131111-0164366,129-81-97431,"경기도 안양시 동안구 관악대로 272 520호 대영관리(주) (비산동, 비산동키즈맘센터)",www.daeyoungm.com/,,사업시설 유지ㆍ관리 서비스업,2006-05-22,12월
(주)대우테크,"DAEWOO TECHNOLOGY, INC.",대우테크, ,강신혁,기타법인,110111-0835780,229-81-12988,경기도 성남시 분당구 수내동16-5 오너스타워, ,,그 외 기타 분류 안된 사업지원 서비스업,1992-02-17,12월
주식회사 대웅이엔지,"DAEWOONG ENGINEERING CO.,LTD",대웅이엔지, ,강대용,기타법인,134811-0034421,124-81-53821,경기도 용인시 처인구 포곡읍 포곡로 288 2층,daewoong-eng.com/,,사업시설 유지ㆍ관리 서비스업,1997-12-15,12월
(주)대원에이취알디,Daewon HRD,대원에이취알디, ,신창호,기타법인,176011-0014635,513-81-12087,경상북도 구미시 송원서로2길 67(원평동), ,,인력 공급업,1997-07-01,12월
(주)대의엔지니어링,DAEYEE Engineering,대의엔지니어링, ,김재성,기타법인,110111-1742835,220-81-64887,"서울특별시 강남구 언주로 120 902호 (도곡동, 인스토피아)",www.daeyee.com,,건설 및 토목공사용 기계ㆍ장비 임대업,1999-07-20,12월
(주)대재아이앤씨,"DaeJae Inc Co.,Ltd.",대재아이앤씨, ,서정원,기타법인,110111-2948721,107-86-46107,서울특별시 영등포구 여의도동 13-19 남중빌딩 705, ,,사업시설 유지ㆍ관리 서비스업,2004-02-06,12월
대전그린에너지센터(주),Daejeongreen,대전그린에너지센터, ,손근식,기타법인,110111-5264926,104-86-51843,대전광역시 유성구 불무로 186 (금고동) 대전그린에너지센터, ,,사업시설 유지ㆍ관리 서비스업,2013-11-08,12월
대주에어 주식회사,"DAEJOO AIR Co.,Ltd.",대주에어, ,김석규,기타법인,110111-6882123,733-88-01183,"서울특별시 중구 서소문로 115 (서소문동, 한산빌딩) 10층",daejooair.com,,여행사업,2018-10-01,12월
(주)대지시스템,daejisystem inc.,대지시스템, ,배범석,기타법인,211111-0052093,624-87-00883,"전라북도 군산시 월명로 120 (2층, 지곡동)", ,,상용 인력 공급 및 인사관리 서비스업,2017-12-15,12월
대진에스컴(주),DAJIN S COM,대진에스컴, ,김진열,기타법인,115911-0021560,128-81-38384,경기도 고양시 일산서구 웅비로12번길 20 (대화동), ,,경비 및 경호 서비스업,1999-03-19,12월
대청산업(주), ,대청산업, ,원경석,기타법인,110111-1704174,220-81-62327,서울특별시 강남구 대치3동 944∼31 섬유센터빌딩 5층, ,,건축물 일반 청소업,1999-05-27,12월
주식회사대한그린,daehangreen,대한그린, ,민원기,기타법인,160111-0159651,314-81-60605,대전광역시 서구 괴정로 18 (괴정동),daehangreen0184@hanmail.net,,건축물 일반 청소업,2003-07-03,12월
(주)대한안전관리공사,Korea Security Custody Service,대한안전관리공사, ,"이정만, 이영호",기타법인,110111-0850423,105-81-75033,"서울특별시 마포구 마포대로 44 (도화동, 진도빌딩)",gokscs.com/,,상용 인력 공급 및 인사관리 서비스업,1992-04-20,12월
대한여행사,"KOREA TRAVEL BUREAU, INC.",대한여행사, ,설영기,기타법인,110111-0147606,214-81-02080,서울특별시 서초구 서초동 1465-11, ,,여행사업,1973-06-19,12월
대한종합관리(주),"Daihan Total Management. Co.,Ltd",대한종합관리, ,정숙자,기타법인,110111-2477499,109-81-76989,인천광역시 부평구 마장로410번길 6 (청천동)201호, ,,경비 및 경호 서비스업,2002-03-21,12월
주식회사 대한콘설탄트,"DAE HAN CONSULTANTS CO.,LTD.",대한콘설탄트, ,이우정,기타법인,110111-0074437,102-81-03786,서울특별시 종로구 내자동 25-1,D-HAN.COM,,인력 공급업,1967-01-13,12월
(주)대현정공,DAIHYUND,대현정공, ,박중용,기타법인,151111-0071864,227-86-01568,충청북도 충주시 충주호수로 344 110호(용탄동), ,,상용 인력 공급 및 인사관리 서비스업,2019-09-24,12월
주식회사 대형,"DAEHYEONG Co,,Ltd",대형, ,"손보승, 조복기",기타법인,134111-0177697,138-81-52914,경기도 안양시 동안구 흥안대로 51 (호계동) 2층 203호(호계동), ,,상용 인력 공급 및 인사관리 서비스업,2009-05-19,12월
(주)대호안전관리공사,"DAEHO SECURITY Co.,Ltd ",대호안전관리공사, ,박수웅,기타법인,200111-0114250,409-81-53251,광주광역시 서구 계수로 58 (쌍촌동) 2층,www.codaeho.com,,경비 및 경호 서비스업,2000-04-04,12월
(주) 더 가디언스,THE GUARDIANS,더가디언스, ,홍정표,기타법인,110111-4808197,201-86-25933,"서울특별시 중구 삼일대로 308 (충무로2가, 조양빌딩본관) 1301호",www.theguardians.co.kr,,경비 및 경호 서비스업,2012-04-01,12월
주식회사 더그리트,THE GREET,더그리트, ,양우정,기타법인,110111-8026282,892-88-02405,"서울특별시 송파구 법원로 128 (문정동, 문정역SKV1), GL 메트로시티 16층 A동 1606호",thegreet.co.kr/,,그 외 기타 개인 및 가정용품 임대업,2021-10-01,12월
주식회사 더나눔,thenanum,더나눔, ,"정인우, 김정수",기타법인,131311-0178735,762-81-00636,경기도 평택시 평택지제역로 67 (지제동) 1층, ,,그 외 기타 분류 안된 사업지원 서비스업,2017-03-28,12월
주식회사 더라이프앤,THE LIFE&,더라이프앤, ,이병헌,기타법인,121111-0172006,130-86-34315,"서울특별시 강남구 테헤란로7길 8 (역삼동, 비와이씨생명보험빌딩)5층 501호",www.thelifen.co.kr,,여행사업,2008-05-09,12월
(주)더맨,theman.Co.Ltd,더맨, ,전상직,기타법인,110111-1623043,220-81-57498,"서울특별시 종로구 인사동5길 29 (인사동, 태화빌딩) 1202호 더맨",www.theman.co.kr,,인력 공급업,1999-01-04,12월
(주)더베스트이앤씨,-,더베스트이앤씨, ,박병진,기타법인,180111-0487264,607-81-69207,"부산광역시 동래구 수안로8번길 12 (수안동, 삼운빌딩) 4층",-,,기타 사무지원 서비스업,2004-06-11,12월
더불어홀딩스(주),"DOUBULER Holdings, Co., Ltd",더불어홀딩스, ,윤재영,기타법인,200111-0098694,410-81-50365,"광주광역시 서구 치평로 60 (치평동, 삼성리더스빌)", ,,그 외 기타 분류 안된 사업지원 서비스업,1999-05-11,12월
주식회사 더블유서비스네트워크,W SERVICENETWORK,더블유서비스네트워크, ,박성일,기타법인,110111-3280049,201-81-93192,"서울특별시 중구 퇴계로 413 (흥인동, 우리은행) 2층", ,,기타 사업지원 서비스업,2005-08-01,12월
(주)더블유앤컴퍼니,"W&Company Co., Ltd.",더블유앤컴퍼니, ,김성진,기타법인,110111-2709149,106-86-16615,서울특별시 관악구 신림동 1714 삼성산주공아파트 307-702 , ,,기타 사업지원 서비스업,2003-02-05,12월
주식회사 더블유에이치,wh,더블유에이치, ,전덕규,기타법인,134811-0614041,873-86-02337,"경기도 화성시 향남읍 상신하길로298번길 7-21 (하길리),401호(케이티시네마)", ,,사업시설 유지ㆍ관리 서비스업,2022-04-14,12월
주식회사 더블유케어,"W CARE. Co. ,Ltd.",더블유케어, ,이영주,기타법인,110111-6017449,341-87-00407,"서울특별시 구로구 디지털로30길 28 (구로동, 마리오타워) 9층 더블유케어",www.w-rental.co.kr,,그 외 기타 개인 및 가정용품 임대업,2016-04-01,12월
주식회사 더빌코리아,"The build Korea Co.,Ltd",더빌코리아, ,박주희,기타법인,160111-0052392,305-81-24721,"충청북도 청주시 흥덕구 직지대로 530 (송정동, 청주테크노S타워), 1동 118호 305호",www.tbkor.com,,경비 및 경호 서비스업,1996-03-05,12월
더송도컨벤시아(주),THE SONGDOCONVENSIA,더송도컨벤시아, ,조일환,기타법인,120111-0787913,759-81-00251,"인천광역시 연수구 인천타워대로 241 17층 (송도동, 포스코이앤씨타워)", ,,사업시설 유지ㆍ관리 서비스업,2015-11-02,12월
(주)더에이밍커뮤니케이션,"THE AMING COMMUNICATION Co., Ltd.",더에이밍커뮤니케이션, ,최주영,기타법인,110111-3336363,211-87-73157,"서울특별시 중구 서소문로 89-15 2층 (순화동, KC타워)",서울 중구 서소문로 89-15,,여행사업,2005-11-04,12월
(주)더엠커뮤니케이션즈,the M communications,더엠커뮤니케이션즈, ,주영숙,기타법인,110111-3362152,108-81-73484,"서울특별시 서초구 동작대로 230 (방배동, 화련회관) 6층",them@the-m.co.kr,,상용 인력 공급 및 인사관리 서비스업,2005-12-08,12월
더워런티그룹코리아(주),"The Warranty Group Korea, Inc.",더워런티그룹코리아, ,이기운,기타법인,110111-0971138,106-81-46282,"서울특별시 중구 삼일대로 308 (충무로2가, 조양빌딩본관 3층)",www.thewarrantygroup.com,,그 외 기타 분류 안된 사업지원 서비스업,1993-09-10,12월
(주)더인베스트먼트파트너스,The Investment Partners,더인베스트먼트파트너스, ,민유경,기타법인,110111-6385739,406-81-04542,"서울특별시 강남구 남부순환로 2621 (도곡동, 에스앤아이강남빌딩) 12층 1224호", ,,기타 사업지원 서비스업,2017-04-25,12월
주식회사 더존씨엠,"DeoJon Consulting & Management Co.,Ltd",더존씨엠, ,이부휘,기타법인,110111-5157006,120-87-99318,충청남도 천안시 서북구 성정중4길 39-7 (성정동),없음,,그 외 기타 분류 안된 사업지원 서비스업,2013-06-17,12월
주식회사 더지엠에스,"Dudel Korea Co., Ltd.",더지엠에스, ,이동석,기타법인,131411-0254913,134-87-07063,"경기도 광명시 소하로76번길 21 (소하동, 소하람1) 207호",코리아,,사업시설 유지ㆍ관리 서비스업,2011-03-08,12월
주식회사 더카,THE CAR,더카, ,이동현,기타법인,170111-0748204,681-87-01599,대구광역시 동구 반야월로 263 101호(동호동), ,,기타 사무지원 서비스업,2020-01-02,12월
더 케이텍(주),"The K-TEC Co.,Ltd",더케이텍, ,박영진,기타법인,110111-1524895,220-81-50990,서울특별시 서초구 반포대로12길 41 (서초동),www.k-tec.co.kr:9480/index.html,,인력 공급업,1998-04-01,12월
더케이휴먼 주식회사,TheKHuman,더케이휴먼, ,한승우,기타법인,130111-1205897,823-87-03532,경기도 수원시 영통구 대학4로 17  6층 606호(이의동), ,,상용 인력 공급 및 인사관리 서비스업,2024-10-14,12월
주식회사 더트라이브,The Trive,더트라이브, ,"전민수, 이현복",기타법인,110111-6229284,552-87-00496,"서울특별시 마포구 마포대로 122 (공덕동, 신용보증기금빌딩), 18층",www.thetrive.com,,자동차 임대업,2016-12-10,12월
주식회사 더풋샵컴퍼니,THE FOOTSHOP COMPANY,더풋샵컴퍼니, ,진은정,기타법인,110111-3367962,105-86-87325,서울특별시 용산구 원효로 7 (청암동),www.thefootshop.co.kr/main/,,그 외 기타 분류 안된 사업지원 서비스업,2005-12-27,12월
유한회사 더화청,THE HWA CHEONG INC.,더화청, ,우수한,기타법인,220114-0004708,616-81-99646,"제주특별자치도 제주시 연동8길 30 (연동, 대경빌딩) 9층", ,,여행사업,2012-10-02,12월
(주)덕진,dukjin,덕진, ,"임미자, 김진태",기타법인,150111-0121149,301-86-00528,"충청북도 청주시 흥덕구 과상미로 3 (봉명동, 우리은행) 7층 702호", ,,사업시설 유지ㆍ관리 서비스업,2011-02-07,12월
주식회사 데일리,"Daily Co., Ltd",데일리, ,신인식,기타법인,131111-0348754,144-81-15781,서울특별시 강남구 테헤란로20길 20 삼정빌딩 10층(역삼동), ,,여행사업,2013-07-17,12월
델타정보통신(주),Delta Info-Communication Cor.,델타정보통신, ,신현정,기타법인,111611-0064768,128-81-83249,경기도 고양시 덕양구 주교동 305-3, ,,사업시설 유지ㆍ관리 서비스업,2003-05-16,12월
주식회사 도도렌트카,DODO RENTCAR,도도렌트카, ,고진석,기타법인,110111-3609249,220-87-43661,서울특별시 서초구 홍씨마을길 3 (내곡동), ,,자동차 임대업,2007-01-26,12월
주식회사 도레미디엔아이,"DOREMI D&I. Co., Ltd",도레미디엔아이, ,장정근,기타법인,110111-1432791,211-86-46686,경기도 성남시 분당구 운중동 936 판교택지지구 케이티서판교사옥4층, ,,기타 사무지원 서비스업,1997-06-07,12월
(주)도명여행사,DOMYEONG TOUR,도명여행사, ,JIANG DAOHUI,기타법인,110111-6835784,515-86-01320,"서울특별시 중구 남대문로10길 9 (삼각동, 경기빌딩)801-2호", ,,여행사업,2018-09-01,12월
도신해운 주식회사,"DSMARITIME CO.,LTD.",도신해운, ,와타나베 모토히로,기타법인,180111-0567777,605-81-79413,부산광역시 동구 초량3동 1193-1 흥국생명빌딩 13층, ,,기타 운송장비 임대업,2006-10-10,12월
(주)도원,DOWON.Co.Ltd,도원, ,함경한,기타법인,170111-0184739,504-81-37181,대구광역시 서구 내당동 1105-19 성건빌딩 5층,-,,인력 공급업,2000-12-01,12월
도준해운 주식회사,"DOJUN Shipping Co,Ltd",도준해운, ,최용도,기타법인,110111-3057662,107-86-52972,서울특별시 영등포구 여의도동 미원빌딩 1102호, ,,운송장비 임대업,2004-07-28,12월
주식회사 동강레저,"dongkang lesiure co.,ltd",동강레저, ,김현수,기타법인,120111-0532821,131-86-21472,광주광역시 광산구 소촌로123번길 40-12 (소촌동), ,,그 외 기타 분류 안된 사업지원 서비스업,2010-05-18,12월
주식회사 동경상공리서치,"Tokyo Shoko Research, Ltd.",동경상공리서치, ,Sumio Suzuki,기타법인, ,15551,"Shin-Ichi Building,1-9-6,Shinbashi,Minato-ku,Tokyo,Japan", ,,신용 조사 및 추심 대행업,1933-05-11,12월
주식회사 동경스코토매니지먼트,Tokyo Scott Management Inc,동경스코토매니지먼트, ,Atshushi Hori,기타법인, ,010-00-1075975,일본 동경도 중앙구 니혼바시 토미사와쵸 7번 2호, ,,기타 사업지원 서비스업,2001-10-04,12월
동광개발(주),donggwang development. co. ltd.,동광개발, ,임학기,기타법인,200111-0002546,408-81-02569,광주광역시 북구 고운로23번길 11-3 (용봉동),dkos.co.kr,,상용 인력 공급 및 인사관리 서비스업,1980-01-24,12월
(주)동남개발잡,dongnamjob,동남개발잡, ,강희조,기타법인,180111-0368703,603-81-46274,부산광역시 사하구 낙동대로 339 (괴정동) 3층, ,,고용 알선업,2001-07-07,12월
주식회사 동남엘리베이터,"Dong Nam Elevator Co., Ltd.",동남엘리베이터, ,이민규,기타법인,180111-0166503,603-81-24377,부산광역시 강서구 녹산산단335로 48 (송정동), ,,건물ㆍ산업설비 청소 및 방제 서비스업,1995-03-01,12월
주식회사 동도시스템, DONGDO SYSTEM CO. LTD,동도시스템, ,김유기,기타법인,110111-0679344,202-81-37999,서울특별시 중구 을지로14길 8 (을지로3가) 을지빌딩 203호, ,,사업시설 유지ㆍ관리 서비스업,1990-03-02,12월
동래역사개발 주식회사,DONGNAE SUBWAY STATION DEVELOPMENT,동래역사개발, ,오진태,기타법인,180111-0656025,607-81-87879,부산광역시 동래구 온천동 465-8(3층), ,,사업시설 유지ㆍ관리 서비스업,2008-12-23,12월
주식회사 동명씨앤아이,DONGMYUNG CNI,동명씨앤아이, ,박상덕,기타법인,134111-0473699,509-86-00817,경기도 수원시 권선구 호매실로90번길 27 406 (호매실동),동명.kr,,사업시설 유지ㆍ관리 서비스업,2017-07-21,12월
동봉 주식회사,DONGBONG Co.Ltd,동봉, ,이홍식,기타법인,110111-7627578,289-81-01713,"서울특별시 서대문구 연희로26나길 21 에이동 201호 (연희동, 동도아카데미하우스)", ,,"산업설비, 운송장비 및 공공장소 청소업",2020-09-18,12월
동부교육사랑(주),"dongbu kyoyook sarang co.,ltd",동부교육사랑, ,김성호,기타법인,170111-0314724,502-81-86838,"대구광역시 동구 동대구로 489 16층(신천동, 대구무역회관)", ,,사업시설 유지ㆍ관리 서비스업,2006-08-08,12월
동부자산관리 주식회사,Dongbu AMC LTD.,동부자산관리, ,강경구,기타법인,110111-6212346,665-86-00548,"서울특별시 용산구 한강대로 372 (동자동, 센트레빌아스테리움서울) D동", ,,기타 운송장비 임대업,2016-10-24,12월
동북아10호선박투자회사,DONGBUKA NO.10 SHIP INVESTMENT CO.,동북아10호선박투자회사,083350,조용식,기타법인,180111-0514223,606-81-91026,"부산광역시 남구 문현금융로 40 (문현동, 부산국제금융센터)",-,,운송장비 임대업,2005-03-23,12월
동북아11호선박투자회사,DONGBUKA NO.11 SHIP INVESTMENT CO.,동북아11호선박투자회사,083360,조용식,기타법인,180111-0514231,606-81-91031,부산광역시 사상구 사상로 461 (모라동),-,,운송장비 임대업,2005-03-23,12월
동북아12호선박투자회사,DONGBUKA NO.12 SHIP INVESTMENT CO.,동북아12호선박투자회사,083370,고성준,기타법인,180111-0514249,606-81-91045,부산광역시 사상구 사상로 461 (모라동),-,,운송장비 임대업,2005-03-23,12월
동북아13호선박투자회사,DONGBUKA NO.13 SHIP INVESTMENT CO.,동북아13호선박투자회사,083380,고성준,기타법인,180111-0514257,606-81-91079,부산광역시 사상구 사상로 461 (모라동),-,,운송장비 임대업,2005-03-23,12월
동북아14호선박투자회사,DONGBUKA NO.14 SHIP INVESTMENT CO.,동북아14호선박투자회사,083390,조용식,기타법인,180111-0514265,606-81-91050,부산광역시 사상구 사상로 461 (모라동),-,,운송장비 임대업,2005-03-23,12월
동북아47호선박투자회사,Dongbuka No.47 Ship Investment Company,동북아47호선박투자회사, ,조용식,기타법인,180111-0992700,293-86-00265,"부산광역시 남구 문현금융로 40 (문현동, 부산국제금융센터) 22층",www.komarf.com,,기타 운송장비 임대업,2015-09-14,12월
동북아7호선박투자회사,"Dongbuka No.7 Ship Investment Company Co., Ltd",동북아7호선박투자회사, ,김연신,기타법인,180111-0498477,606-81-88540,부산광역시 사상구 모라동,komarf@komarf.co.kr,,기타 운송장비 임대업,2004-10-19,12월
동서 D&S(주),Dong Suh D&S Co. Ltd.,동서D&S, ,정규수,기타법인,194211-0001355,609-81-05999,경상남도 창원시 용호동 73-7, ,,사업시설 유지ㆍ관리 서비스업,1985-07-25,12월
동서기연(주),"DongSuh Co., Ltd.",동서기연, ,홍병수,기타법인,110111-0126816,116-81-34876,"서울특별시 금천구 서부샛길 606 219호(가산동, 대성디폴리스지식산업센터)",www.dsos.kr,,상용 인력 공급 및 인사관리 서비스업,1972-02-24,12월
(주)동서세일즈프로모션,dongsuh_sp,동서세일즈프로모션, ,박익춘,기타법인,110111-0521397,220-81-06816,"서울특별시 종로구 지봉로 29 (창신동, 금호팔레스) 1402호", ,,상용 인력 공급 및 인사관리 서비스업,1990-11-15,12월
(주)동서여행사,DONGSEO TRAVEL SERVICE,동서여행사, ,"배승현, 배영환",기타법인,110111-0117518,104-81-25879,서울특별시 강남구 논현로161길 11 (신사동) 502호 N빌딩,www.dsts.co.kr,,여행사업,1971-07-07,12월
주식회사동신종합관리,dongsin,동신종합관리, ,김영숙,기타법인,131411-0201617,113-86-53471,"경기도 시흥시 연성로 90 (하상동, 문화프라자)2층", ,,경비 및 경호 서비스업,2011-11-03,12월
동양쏠라(주),"DONG YANG SOLAR CO.,LTD.",동양쏠라, ,김남흥,기타법인,110111-0626155,220-81-25808,서울특별시 강남구 역삼동 642-16호 성지하이츠빌딩2관 2005호, ,,그 외 기타 분류 안된 사업지원 서비스업,1991-01-15,03월
(주)동양이엠에스,DongYneg EMS,동양이엠에스, ,전대길,기타법인,110111-2892093,201-81-84413,서울특별시 중구 충무로3가 57-8 한영빌딩 304호,www.emsjob.co.kr/,,인력 공급업,2003-11-07,12월
동양전자초자주식회사,"DongYang Electronic Glass Co., Ltd.",동양전자초자, ,장일성,기타법인,175311-0000217,513-81-00373,경상북도 구미시 수출대로3길 68-20 (공단동), ,,사업시설 관리 및 조경 서비스업,1973-05-15,12월
(주)동양종합개발,"Dong Yang Development Co., Ltd.",동양종합개발, ,최진연,기타법인,170111-0601006,877-81-00393,"경기도 평택시 포승읍 평택항로184번길 21-11 (만호리, 평택메트로하임) 1동 125호", ,,임시 및 일용 인력 공급업,2016-04-21,12월
(주)동영관광,Dongyeong tour,동영관광, ,문양호,기타법인,110111-3595000,117-81-60737,경기도 파주시 금정로 98 (금촌동),dongyeongtour.co.kr,,여행사업,2007-01-08,12월
주식회사 동우라이프산업,"DONGWOO LIFE INDUSTRY CO.,LTD",동우라이프산업, ,"조만현, 권진혁",기타법인,170111-0300385,502-81-83239,"서울특별시 송파구 올림픽로 293-19 711,712호(신천동, 현대타워)", ,,사업시설 유지ㆍ관리 서비스업,2005-12-14,12월
동우씨엠(주),-,동우씨엠, ,조만현,기타법인,170111-0145442,502-81-45633,"대구광역시 수성구 국채보상로 924 (범어동, 동우빌딩)",-,,고용 알선업,1999-03-05,12월
(주)동원리프트,DONGWON LIFT,동원리프트, ,윤도영,기타법인,134411-0023406,126-81-70393,경기도 안성시 미양면 구례골길 105-31,www.dwlift.co.kr,,건설 및 토목공사용 기계ㆍ장비 임대업,2003-03-21,12월
동원씨앤에스(주),"Dongwon CNS Co.,Ltd.",동원씨앤에스, ,이영란,기타법인,110111-2862591,214-87-41348,"서울특별시 강남구 개포로15길 29 (개포동) 3,4층", ,,그 외 기타 사업지원 서비스업,2003-09-24,12월
주식회사 동은,dongeun,동은, ,최문술,기타법인,134511-0276178,694-87-00261,경기도 용인시 기흥구 서천로201번길 14 4층 460호(농서동), ,,임시 및 일용 인력 공급업,2015-12-01,12월
주식회사 동익,dongick,동익, ,최영진,기타법인,110111-4188383,110-81-87846,서울특별시 마포구 모래내로9길 27 A동 201호 (중동), ,,경비 및 경호 서비스업,2009-10-16,12월
동인안전주식회사,dongin,동인안전, ,손진현,기타법인,110111-1460073,105-81-89051,"서울특별시 강남구 도산대로 125 (신사동, 농협신사동지점)", ,,경비 및 경호 서비스업,1997-09-05,12월
동일기업주식회사,"Dongil Enterprise Co., Ltd.",동일기업, ,노시철,기타법인,180111-0015677,506-81-05730,경상북도 포항시 남구 동해안로 6262 (동촌동),없음,,인력 공급업,1971-11-05,12월
동진상운(주),"DONGJIN SHIPPING CO.,LTD.",동진상운, ,김지훈,기타법인,180111-0023042,604-81-03579,부산광역시 동구 중앙대로 176 (초량동),www.djshipping.co.kr,,기타 사업지원 서비스업,1975-08-26,12월
동진해무주식회사,"DONGJIN MARINE CO.,LTD",동진해무, ,김홍양,기타법인,180111-0057273,604-81-10594,"부산광역시 중구 중앙대로 102 1501호(중앙동4가, STX)", ,,고용알선 및 인력공급업,1985-06-07,12월
동현엔지니어링주식회사,"DONG HYUN ENGINEERING CO.,LTD.",동현엔지니어링, ,김종무,기타법인,110111-0508329,211-81-33662,서울특별시 강남구 논현동 105,www.dhengco.com,,사업시설 유지ㆍ관리 서비스업,1986-10-18,12월
동호에이치알,DONGHOHR,동호에이치알, ,장원준,기타법인,110111-4613451,211-88-41346,"서울특별시 강남구 논현로132길 6 (논현동, 미래빌딩) 4층", ,,고용 알선업,2010-03-25,12월
동화기업(주),"DONGHWA,lnc",동화기업, ,박성홍,기타법인,180111-0326157,607-81-49900,부산광역시 금정구 가마실로 54 (부곡동), ,,임시 및 일용 인력 공급업,2000-06-12,12월
주식회사 두꺼비하우징,corporation toadhousing,두꺼비하우징, ,김승권,기타법인,110111-4497247,110-81-93391,서울특별시 은평구 연서로3가길 14 (역촌동)  2층, ,,기타 사무지원 서비스업,2010-12-22,12월
두나무씨엑스 주식회사,DunamuCX Inc.,두나무씨엑스, ,손혁진,기타법인,110111-8819554,364-88-02837,"서울특별시 강남구 테헤란로4길 14 (역삼동, 미림타워) 5층", ,,사업지원 서비스업,2023-12-14,12월
(주)두레비즈,DOOREBIZ CO.LTD.,두레비즈, ,송흠래,기타법인,110111-3242023,107-86-64987,"서울특별시 영등포구 국회대로 786 (여의도동, B&B타워) 9층",www.doorebiz.co.kr,,사업시설 유지ㆍ관리 서비스업,2005-06-03,12월
두산큐벡스 주식회사,"Doosan Cuvex Co.,Ltd",두산큐벡스, ,"곽승환, 문희종",기타법인,140111-0032570,221-81-28579,강원도 춘천시 신동면 칠전동길 72,doosancuvex.com/,,사업시설 유지ㆍ관리 서비스업,2006-12-27,12월
(주)두원에이앤씨,doowona&c,두원에이앤씨, ,박태종,기타법인,110111-3581182,113-86-09806,"서울특별시 영등포구 선유로9길 10 (문래동6가, 문래SKV1center) 313호", ,,건물 및 산업설비 청소업,2006-12-18,12월
(주)두잉씨앤에스,"DOING C&S CO.,LTD",두잉씨앤에스, ,이상권,기타법인,110111-0377617,120-81-14786,경기도 성남시 분당구 판교역로 231 (삼평동) 에스동 908호,www.doingcns.com,,사업시설 유지ㆍ관리 서비스업,1984-07-06,12월
주식회사 두잉이앤엠,"DOING ENM Co.,Ltd.",두잉이앤엠, ,이혜리,기타법인,131111-0725192,721-87-03217,"경기도 성남시 분당구 판교역로 231 ,에스동 712호(삼평동)", ,,사업시설 유지ㆍ관리 서비스업,2024-01-12,12월
(주)두잉피플플러스,Doing People Plus,두잉피플플러스, ,정승원,기타법인,110111-1584138,120-81-82848,"경기도 성남시 분당구 판교역로 231 (삼평동), 에스동 205호(에이치스퀘어)", ,,사업시설 유지ㆍ관리 서비스업,1998-09-09,12월
(주)듀델코리아,DUDEL Korea,듀델코리아, ,정현종,기타법인,110111-3460188,119-81-89778,"서울특별시 구로구 개봉로6길 12-5 4층 (개봉동, KT개봉지점)",www.dudel.co.kr,,경비 및 경호 서비스업,2006-05-20,12월
드림디엔엠 주식회사,DREAMDNM CORPORATION,드림디엔엠, ,이충식,기타법인,110111-7749645,746-86-01792,"서울특별시 구로구 디지털로31길 61 (구로동, 드림마크원데이터센타) 806호", ,,사업시설 유지ㆍ관리 서비스업,2021-01-19,12월
드림안전씨스템(주),DREAMSECURITYSYSTEM,드림안전씨스템, ,이재휴,기타법인,135811-0110080,124-86-26955,경기도 수원시 권선구 세권로138번길 21 (세류동) 영재빌딩 3층, ,,경비 및 경호 서비스업,2004-12-07,12월
주식회사 드림어스,"Dreamus Co.,Ltd.",드림어스, ,홍재만,기타법인,110111-4891556,114-87-01880,"서울특별시 서초구 서초대로 118 (방배동, 양지빌딩2) 7층",www.adreamus.co.kr,,상용 인력 공급 및 인사관리 서비스업,2012-06-15,12월
(주)드림위더스,"Dream With Us Co., Ltd.",드림위더스, ,김경태,기타법인,110111-6516160,825-87-00773,"서울특별시 송파구 위례성대로16길 12 (방이동, 한마을빌딩) 503호", ,,경비 및 경호 서비스업,2017-09-14,12월
주식회사 드림피플파트너스,Dream People Partners,드림피플파트너스, ,방정환,기타법인,110111-4905620,113-86-61234,"서울특별시 서초구 서초대로 122 (방배동, 효찬빌딩) 2층", ,,상용 인력 공급 및 인사관리 서비스업,2012-07-02,12월
(주)드림화인테크홀딩스,"DreamFineTechHoldings co.,ltd.",드림화인테크홀딩스, ,김현태,기타법인,170111-0260646,504-81-55331,서울특별시 강남구 삼성동 151-6 3층,-,,그 외 기타 분류 안된 사업지원 서비스업,2004-01-14,12월
(주)디노마드,DNOMADE,디노마드, ,이대우,기타법인,110111-5036549,105-87-81783,서울특별시 마포구 독막로9길 29 (서교동),dnmd.com/html/,,"전시, 컨벤션 및 행사 대행업",2013-01-03,12월
주식회사 디비에이컨설팅,DBA,디비에이컨설팅, ,박종운,기타법인,110111-1689508,105-81-99748,"서울특별시 마포구 마포대로 53 (도화동, 마포트라팰리스) a동 1604호",www.jobdba.co.kr,,고용알선 및 인력공급업,1999-04-29,12월
(주)디앤디네트웍스,DND NETWORKS,디앤디네트웍스, ,구태훈,기타법인,110111-5569524,264-81-45390,"서울특별시 송파구 올림픽로 212 에이동 1224호(잠실동, 갤러리아팰리스)", ,,기타 사무지원 서비스업,2014-11-20,12월
(주)디에스개발,"DS Development., LTD.",디에스개발, ,박종구,기타법인,134511-0112661,142-81-06710,"서울특별시 서초구 남부순환로347길 88 (서초동, 승지빌딩) 2층",www.velopment.co.kr,,사업시설 유지ㆍ관리 서비스업,2007-04-18,12월
디에스앤파트너 주식회사,DS&PARTNER,디에스앤파트너, ,정재환,기타법인,110111-3587172,214-88-01265,"서울특별시 강남구 강남대로 388 12층 (역삼동, 강남센타빌딩)", ,,사업시설 유지ㆍ관리 서비스업,2006-12-27,12월
주식회사 디에이치,DH,디에이치, ,최동우,기타법인,160111-0503858,882-88-01170,대전광역시 서구 둔산로 63 403-336호(둔산동),www.dhfirm.co.k,,인력 공급업,2019-02-01,12월
(주)디엠에스,"DMS CO.,LTD",디엠에스, ,김흥남,기타법인,180111-0234011,603-81-32616,부산광역시 강서구 송정동 녹산산단262로50번길 36, ,,사업시설 유지ㆍ관리 서비스업,1997-06-23,12월
(주)디엠에스2,DMS2,디엠에스2, ,김달호,기타법인,144411-0013447,798-88-01818,강원도 고성군 토성면 미시령옛길 1153 지하1층, ,,건축물 일반 청소업,2020-10-12,12월
(주)디엠에스에스,DMSS,디엠에스에스, ,손수일,기타법인,130111-0021525,124-81-34746,경기도 수원시 영통구 망포동 543-2 센타프라자 504호, ,,건축물 일반 청소업,1987-05-20,12월
주식회사디엠파트너스,"D.M Partners co.,ltd",디엠파트너스, ,김무현,기타법인,131111-0141869,129-81-85503,서울특별시 강남구 역삼동707-34 한신인테벨리24 서관1106호, ,,그 외 기타 분류 안된 사업지원 서비스업,2005-05-31,12월
주식회사 디오컴퍼니,DO COMPANY,디오컴퍼니, ,김진희,기타법인,110111-6514429,814-86-00951,"서울특별시 강남구 봉은사로 113 (논현동, 호텔더디자이너스리즈강남프리미어)", ,,사업시설 유지ㆍ관리 서비스업,2017-09-12,12월
디와이에스주식회사,DYS CO.KR,디와이에스, ,전동옥,기타법인,110111-1503162,215-81-68106,"서울특별시 송파구 충민로6길 61-6 (장지동, 승일운수빌딩)", ,,사업시설 유지ㆍ관리 서비스업,1998-01-14,12월
주식회사 디와이코리아,DYKOREA,디와이코리아, ,유두열,기타법인,151111-0068548,399-88-01120,충청북도 충주시 대소원면 성종두담길 113 코스관리동, ,,사업시설 유지ㆍ관리 서비스업,2019-02-01,12월
주식회사 디이씨오,DECO,디이씨오, ,송채원,기타법인,180111-0225557,604-81-34470,부산광역시 남구 유엔평화로3번길 42 2층(대연동), ,,경비 및 경호 서비스업,1997-02-26,12월
주식회사 디이에이엘,"DEAL Co.,Ltd.",디이에이엘, ,신재등,기타법인,120111-1345306,229-86-03015,"인천광역시 부평구 충선로203번길 16 5층 527-156호 (삼산동,창성프라자)", ,,인력 공급업,2023-11-13,12월
주식회사 디즈텍,"DJTECH.Co.,LTD.",디즈텍, ,김민자,기타법인,180111-0358118,605-81-44160,"부산광역시 동래구 충렬대로237번길 66 (복천동, 동림빌딩) 4층", ,,경비 및 경호 서비스업,2001-04-11,12월
주식회사 디지비신용정보,"DAEGU CREDIT INFORMATION CO.,LTD",디지비신용정보, ,정찬우,기타법인,170111-0176918,503-81-46178,대구광역시 서구 달서로 183 (비산동),www.dgbci.co.kr,,신용 조사 및 추심 대행업,2000-07-05,12월
(주)디지탈웨이브,Digitalwave,디지탈웨이브, ,홍기원,기타법인,110111-4027317,107-87-16236,"서울특별시 금천구 가산디지털1로 233 (가산동, 에이스하이엔드타워9차) 1209호", ,,그 외 기타 분류 안된 사업지원 서비스업,2009-01-15,12월
주식회사 디케이프라임홀딩스,"Fn Holdings Co., Ltd.",디케이프라임홀딩스, ,김덕근,기타법인,110111-4948315,264-81-02391,"서울특별시 서초구 방배로 110 (방배동, 하나은행) 2층 204호", ,,조경 관리 및 유지 서비스업,2012-08-29,12월
디케이피플주식회사,"DKPEOPLE CO.,LTD.",디케이피플, ,김이영,기타법인,194211-0022575,609-81-26198,"경상남도 창원시 성산구 중앙대로 77 (중앙동, 동성올림픽타운) 706호",www.dkpeople.co.kr,,상용 인력 공급 및 인사관리 서비스업,1996-06-25,12월
(주)디텍,"detec co., ltd",디텍, ,김중빈,기타법인,206211-0072731,249-87-01702,전라남도 여수시 삼동3길 13 (주삼동)  5층 503호, ,,상용 인력 공급 및 인사관리 서비스업,2020-01-01,12월
(주)디파이브,DFIVE,디파이브, ,오문준,기타법인,110111-2520595,105-86-39973,경기도 광주시 오포읍 신현리 634-12, ,,기타 산업용 기계 및 장비 임대업,2002-06-01,12월
(주)딜라이브텔레웍스,"D&apos;&apos;Live Teleworks Co., Ltd.",딜라이브텔레웍스, ,한우석,기타법인,281111-0092813,128-86-02372,서울특별시 송파구 송파대로34길 21 (송파동) 성학빌딩 5층,www.dlive.kr,,콜센터 및 텔레마케팅 서비스업,2005-03-18,12월
라미드에이치엠 주식회사,"RAMID HM CO., ltd.",라미드에이치엠, ,문유선,기타법인,110111-2621319,120-86-44233,경기도 용인시 기흥구 어정로 134-24 스윙쉐프동백,www.ramid.co.kr/,,그 외 기타 분류 안된 사업지원 서비스업,2002-10-02,12월
주식회사 라온플러스,LAON plus,라온플러스, ,김도성,기타법인,110111-5835678,642-81-00195,"서울특별시 중구 소공로 35 2층 213호 (회현동1가, 남산롯데캐슬)", ,,그 외 기타 분류 안된 사업지원 서비스업,2015-09-11,12월
라이트매니지먼트코리아 주식회사,"Right Management Ltd,",라이트매니지먼트코리아, ,문용기,기타법인,110111-2819815,120-86-55138,"서울특별시 강남구 테헤란로 409 (삼성동, 동신빌딩) 7층", ,,상용 인력 공급 및 인사관리 서비스업,2003-07-10,12월
주식회사라이트하우스에셋,"LIGHTOUSE ASSET CO.,Ltd",라이트하우스에셋, ,김동출,기타법인,131111-0161320,129-81-95767,경기도 성남시 분당구 수내동 6-1 한원빌딩 2층, ,,그 외 기타 분류 안된 사업지원 서비스업,2006-04-05,12월
라임코리아유한회사,Lime Korea Ltd.,라임코리아, ,웨인싱유안팅,기타법인,110114-0242492,556-86-01559,경기도 김포시 고촌읍 아라육로57번길 108 (전호리) 3층, ,,기타 운송장비 임대업,2019-05-27,12월
(주)라포르,"Rapport Co., Ltd.",라포르, ,"민현욱, 김화선",기타법인,120111-0715724,131-86-62231,인천광역시 남동구 소래로687번길 1 3층(만수동), ,,사업시설 유지ㆍ관리 서비스업,2014-07-08,12월
락소홀딩스 주식회사,"RAKSOHOLDINGS CO.,LTD",락소홀딩스, ,정옥,기타법인,110111-1650632,110-81-40725,"서울특별시 중구 서소문로11길 50 (서소문동, 신아빌딩) 101호", ,,기타 여행 보조 및 예약 서비스업,1999-03-22,12월
주식회사 래딕스파트너스,radixpartners,래딕스파트너스, ,심양래,기타법인,110111-2156465,105-86-21100,"서울특별시 마포구 마포대로 86 8층(도화동, 창강빌딩)", ,,상용 인력 공급 및 인사관리 서비스업,2001-01-22,12월
(주)래딕스플러스,radix,래딕스플러스, ,"심양래, 이혜진",기타법인,110111-2763690,105-86-53669,서울특별시 마포구 도화동 창강빌딩 812호, ,,기타 사업지원 서비스업,2003-05-01,12월
주식회사 랜닥거래소,LANDAQ,랜닥거래소, ,조재희,기타법인,110111-2533168,211-87-15477,서울특별시 강남구 대치동 514,www.landaq.kr,,"전시, 컨벤션 및 행사 대행업",2002-05-25,12월
러너블주식회사,"RUNABLE Co.,Ltd",러너블, ,류영호,기타법인,110111-7985885,360-81-02326,"서울특별시 마포구 상암산로 48-6 (상암동, 중앙일보빌딩) 5층", ,,"전시, 컨벤션 및 행사 대행업",2021-08-17,12월
(주)레드캡투어,"RedcapTour Co., Ltd.",레드캡투어,038390,인유성,코스닥시장,110111-1303140,111-81-26895,서울특별시 중구 을지로 100파인에비뉴 B동 19층,www.redcap.co.kr,www.redcap.co.kr,여행사업,1996-08-01,12월
주식회사 레저큐,"LeisureQ co., Ltd",레저큐, ,문보국,기타법인,110111-5081106,119-86-68287,"서울특별시 강남구 테헤란로108길 42 (대치동, 엠디엠타워)",www.leisureq.com,,그 외 기타 분류 안된 사업지원 서비스업,2013-03-05,12월
(주)렌텍코리아코포레이션,Rentech Korea Corporation,렌텍코리아코포레이션, ,우용택,기타법인,110111-1871171,104-81-50062,경기도 안양시 동안구 관양2동 799번지 메가밸리 5층 507호,www.rentech.co.kr,,기타 산업용 기계 및 장비 임대업,2000-02-07,12월
렌토킬이니셜코리아 주식회사,Rentokil Initial Korea LTD,렌토킬이니셜코리아, ,최재용,기타법인,110111-3516543,214-87-95131,"서울특별시 마포구 신수로 52 (신수동, 희망브리지전국재해구호협회 2층 201호,202호)",www.rentokil.co.kr/www.rentokil-initil.com,,"소독, 구충 및 방제 서비스업",2006-08-28,12월
로버트월터스코리아 주식회사,Robert Walters Korea Ltd,로버트월터스코리아, ,제레미마일즈샘슨,기타법인,110111-4424498,101-86-58153,"서울특별시 중구 을지로5길 26 (수하동, 미래에셋센터원(MiraeAssetCENTER1)), 동관21층", ,,고용 알선업,2010-09-01,12월
로얄관광개발 주식회사,"ROYAL TOUR & PEVELOPMENT CO., LTD.",로얄관광개발, ,손용근,기타법인,110111-0134976,101-81-15917,서울특별시 종로구 경운동 91-1 서월빌딩 14층,doonnaeresort.co.kr,,여행사업,1972-10-12,12월
로얄시니어스(주),ROYALSENIORS,로얄시니어스, ,장익진,기타법인,110111-1364209,210-81-22594,경기도 고양시 일산동구 중앙로 1071 (백석동), ,,임대업; 부동산 제외,1997-01-21,12월
(주)로이안에이치앤에프,"Roiaan CO.,LTD",로이안에이치앤에프, ,방준형,기타법인,180111-0572867,617-81-63840,부산광역시 해운대구 선수촌로 57-30 2층(반여동),www.roiaan.co.kr,,사업시설 유지ㆍ관리 서비스업,2006-11-08,12월
(주)로즈로사,roserosa,로즈로사, ,김은주,기타법인,110111-4133122,211-88-29338,"서울특별시 강남구 도산대로57길 20 (청담동, 오페라하우스) 2층", ,,의류 임대업,2009-07-13,12월
로지스올 주식회사,LOGISALL,로지스올, ,"서병륜, 서용기",기타법인,110111-0408727,105-81-54931,"서울특별시 마포구 마포대로 63-8 (도화동, 삼창프라자빌딩) 6층",kpp.logisall.com,,기타 산업용 기계 및 장비 임대업,1985-11-01,12월
록산에버그린주식회사,ROKSANEVERGREEN,록산에버그린, ,김찬식,기타법인,220111-0002774,616-81-02802,제주특별자치도 제주시 서광로 107-6 (용담이동),www.roksanevergreen.com,,임시 및 일용 인력 공급업,1983-10-21,12월
롯데관광(주),"LOTTE TRAVEL SERVICE CO.,LTD.",롯데관광, ,조광희,기타법인,110111-0134116,102-81-28211,"서울특별시 중구 을지로11길 15 (수표동, 동화빌딩)", ,,여행사업,1971-06-25,12월
롯데관광개발(주),"LOTTE TOUR DEVELOPMENT CO.,LTD",롯데관광개발,032350,"김기병, 백현, 김한준",유가증권시장,110111-0115504,101-81-10173,제주특별자치도 제주시 노연로 12 (노형동),lottetour.com,,여행사업,1971-05-24,12월
롯데김해개발주식회사,Lotte Gimhae Development Co.,롯데김해개발, ,현종혁,기타법인,195511-0125398,615-81-75578,경상남도 김해시 장유로 469 2층(신문동), ,,사업시설 유지ㆍ관리 서비스업,2010-03-08,12월
롯데렌탈(주),"LOTTE rental co., ltd.",롯데렌탈,089860,최진환,유가증권시장,110111-3326588,214-87-79183,"경기도 안양시 동안구 전파로 88, 8층",www.lotterental.com/,,자동차 임대업,2005-10-20,12월
롯데멤버스 주식회사,"Lotte Members Co., Ltd",롯데멤버스, ,김혜주,기타법인,110111-5605790,104-86-58491,서울특별시 중구 통일로2길 16 (순화동) 에이아이에이타워 14층,www.lottemembers.com,,그 외 기타 분류 안된 사업지원 서비스업,2015-01-05,12월
롯데제이티비 주식회사,"LOTTE JTB Co.,Ltd",롯데제이티비, ,박재영,기타법인,110111-3685710,201-86-02089,"서울특별시 중구 서소문로 50 (중림동, CENTRALPLACE) 13층",www.lottejtb.com,,여행사업,2007-05-25,12월
롯데피에스넷(주),LOTTE PS NET,롯데피에스넷, ,이찬석,기타법인,110111-3573767,107-86-85226,서울특별시 금천구 가산디지털2로 179 롯데센터 6층, ,,그 외 기타 분류 안된 사업지원 서비스업,2006-12-05,12월
(주)룡호인터내셔널(L.H.I),-,룡호인터내셔널(L.H.I), ,이서준,기타법인,120111-0748569,317-87-00011,"서울특별시 중구 퇴계로 108 1304호 (회현동3가, 세대빌딩)", ,,여행사업,2015-02-20,12월
주식회사 루미호스피탈리티,"LUMI HOSPITALITY CO.,LTD.",루미호스피탈리티, ,김대중,기타법인,110111-0927895,205-88-03143,"서울특별시 강남구 테헤란로 207 4층 (역삼동, 아가방빌딩)", ,,기타 사무지원 서비스업,2025-06-01,12월
주식회사 루시어돈,"LUCIRDON Co.,Ltd",루시어돈, ,박옥,기타법인,280211-0236569,296-86-02582,경기도 양주시 칠봉산로227번길 64-13 (봉양동), ,,그 외 기타 분류 안된 사업지원 서비스업,2021-11-30,12월
주식회사 뤼드코리아,REED KOREA,뤼드코리아, ,니겔레슬리마쉬,기타법인,110111-4432334,220-88-07191,"서울특별시 강남구 도산대로 458 (청담동, 도산458빌딩) 6층",https://www.reedglobal.co.kr,,고용 알선업,2010-11-04,06월
주식회사 르네셀생명과학,"Rene-cell Bio Co., Ltd",르네셀생명과학, ,이진기,기타법인,131111-0296127,129-86-68095,경기도 성남시 분당구 황새울로335번길 5 7층 (서현동), ,,무형재산권 임대업,2011-11-03,12월
리드커리어 주식회사,LEADCAREER,리드커리어, ,김민성,기타법인,135811-0263673,135-86-52661,경기도 용인시 기흥구 신구로12번길 32 (신갈동) 5층,https://leadcareer.co.kr/,,임시 및 일용 인력 공급업,2015-02-02,12월
(주)리딩아이,"Leadingi Co., Ltd.",리딩아이, ,이인재,기타법인,110111-3215301,220-87-08290,"서울특별시 영등포구 선유로 70 (문래동3가, 우리벤처타운2) 608호, 701호, 708호, 709호", ,,콜센터 및 텔레마케팅 서비스업,2005-04-26,12월
리딩잡 주식회사,leading job,리딩잡, ,심무궁,기타법인,110111-5870476,515-86-00277,서울특별시 서초구 서초중앙로12길 7 (서초동) 도체오빌딩 3층, ,,고용 알선업,2015-11-02,12월
주식회사 리센스,Lissence Inc.,리센스, ,전웅,기타법인,164211-0046620,337-86-03257,충청남도 금산군 추부면 금산로 2423-16  지동 (추정리), ,,무형재산권 임대업,2024-09-24,12월
리스코세스 주식회사,"LeaseKoces Co., LTD.",리스코세스, ,김웅,기타법인,110111-4161256,120-87-43788,서울특별시 강남구 개포4동 1164-24 세화빌딩 지하 1층, ,,컴퓨터 및 사무용 기계ㆍ장비 임대업,2009-08-18,12월
주식회사 리앤이엠지엠,"LELMGM Co., Ltd.",리앤이엠지엠, ,이왕산,기타법인,110111-4007484,214-88-35289,"서울특별시 동대문구 고산자로 399 (용두동, 동양프라자)209",www.lelmgm.com/,,건축물 일반 청소업,2009-01-01,12월
리에이즈 주식회사,Liaise inc,리에이즈, ,오주환,기타법인,110111-5796309,198-87-00138,"서울특별시 영등포구 선유동1로 32 204호 (당산동3가, 신일빌딩)", ,,사업시설 유지ㆍ관리 서비스업,2015-07-30,12월
(주)리치웨이클럽,"Richway Club Co., Ltd.",리치웨이클럽, ,조성우,기타법인,110111-1505118,114-81-82713,서울특별시 중구 서소문동 120~23호 동아빌딩4층,clubrichway.co.kr,,여행사업,1998-01-19,12월
(주)리컨벤션,LEE CONVENTION,리컨벤션, ,이봉순,기타법인,180111-0350271,617-81-32880,"부산광역시 해운대구 센텀북대로 60 (재송동, 센텀아이에스타워) 507호", ,,"전시, 컨벤션 및 행사 대행업",2001-02-03,12월
(주)마나부스포츠월드코리아,MANABU SPORTS WORLD KOREA,마나부스포츠월드코리아, ,강영자,기타법인,110111-6183307,661-87-00539,서울특별시 강서구 공항대로44길 11 4층(화곡동), ,,"전시, 컨벤션 및 행사 대행업",2016-09-23,12월
(주)마루에이치알,"Maru human resource Co., Ltd.",마루에이치알, ,박종필,기타법인,110111-3486762,107-86-80274,"서울특별시 영등포구 경인로 775 (문래동3가, 에이스하이테크시티) 4동 504호",www.mrhr.co.kr,,상용 인력 공급 및 인사관리 서비스업,2006-07-06,12월
(주)마루인스퍼레이션,"Maru Inspiration Co., Ltd",마루인스퍼레이션, ,이희진,기타법인,110111-5276773,101-86-86362,"인천광역시 연수구 송도과학로 56 1411호 (송도동, 송도테크노파크BT센터)", ,,여행사업,2013-11-26,12월
마산힐링네스트(주),MASANHEALINGNEST,마산힐링네스트, ,박종용,기타법인,110111-5476563,106-87-08499,"서울특별시 용산구 한강대로23길 55 8층(한강로3가, 용산역)", ,,사업시설 유지ㆍ관리 서비스업,2014-08-04,12월
(주)마스타자동차관리,"Master Motors Management Co.,LTD",마스타자동차관리, ,장기봉,기타법인,110111-0740533,105-81-80287,"서울특별시 서초구 서초중앙로31길 6-5 (반포동, 가호)",master.co.kr,,콜센터 및 텔레마케팅 서비스업,1991-01-03,12월
마스터카드인터내셔날코리아(주),"Mastercard International Korea Co.,Ltd",마스터카드인터내셔날코리아, ,최동천,기타법인,110111-1130238,102-81-36797,"서울특별시 중구 세종대로 136 (태평로1가, 파이낸스빌딩) 16층",-,,그 외 기타 사업지원 서비스업,1995-02-18,12월
주식회사 마이리얼트립,myrealtrip inc,마이리얼트립, ,이동건,기타법인,110111-4789397,209-81-55339,"서울특별시 서초구 강남대로 327 (서초동, 대륭서초타워 18층",www.myrealtrip.com,,여행사업,2012-02-29,12월
마이오토(주),"My Auto Co., Ltd.",마이오토, ,김병태,기타법인,160111-0278675,314-86-14843,대전광역시 대덕구 한남로 65 (오정동) 나동 1층,www.djrent.kr/,,자동차 임대업,2010-04-26,12월
(주)마이원카드,MyOne Card Corp.,마이원카드, ,박경철,기타법인,110111-1596117,214-86-26525,서울특별시 서초구 서초동 1443-12 천심빌딩 5층,www.myonecard.co.kr,,그 외 기타 분류 안된 사업지원 서비스업,1998-10-15,12월
(주)마인드브리지개발 ,mindbrige,마인드브리지개발, ,박태흥,기타법인,134511-0096005,135-81-82286,경기도 용인시 수지구 신봉동 141-12 2층, ,,임대업; 부동산 제외,2009-09-29,12월
주식회사 마창대교,"MCB Co.,Ltd.",마창대교, ,원범식,기타법인,190111-0051570,608-81-52747,경상남도 창원시 성산구 남해안대로 6687 (귀산동),www.machang-bridge.com,,사업시설 유지ㆍ관리 서비스업,2003-06-24,12월
마케팅하이랜즈,MARKETING HIGHLANDS,마케팅하이랜즈, ,이종성,기타법인,110111-6121266,586-81-00522,"서울특별시 종로구 청계천로 35 10층(서린동, 관정빌딩)", ,,여행사업,2016-07-14,12월
마포도시가스이엔지(주),Ma po City Gas ENG,마포도시가스이엔지, ,홍규식,기타법인,110111-4016526,105-87-26742,서울특별시 마포구 성미산로 60 성진빌딩 2층 (성산동), ,,사업시설 유지ㆍ관리 서비스업,2008-12-31,12월
(주)맑은누리,"Malgeun.Nuri Co.,Ltd",맑은누리, ,함재의,기타법인,131411-0223281,134-86-55097,경기도 안산시 단원구 신길중앙로5길 20-17 (신길동),www. 빌딩관리.한국,,사업시설 유지ㆍ관리 서비스업,2009-03-25,12월
맑은목포환경(주),"Malgun Mokpo Co.,Ltd",맑은목포환경, ,김여생,기타법인,110111-3758385,101-86-34957,전라남도 목포시 옥암동 773-37, ,,사업시설 유지ㆍ관리 서비스업,2007-09-19,12월
맑은샘물교육(주),"Malkun Sammul Education Co.,Ltd.",맑은샘물교육, ,김연수,기타법인,110111-3853359,106-86-57412,서울특별시 용산구 용산동6가 69-167, ,,사업시설 유지ㆍ관리 서비스업,2008-03-05,12월
매경휴스닥(주),MKHUSDAQ.Co.Ltd,매경휴스닥, ,황인태,기타법인,110111-1603178,203-81-27475,서울특별시 중구 필동1가 51번지 매일경제 구사옥 2층,www.mkhusdaq.com,,인력 공급업,1998-11-04,12월
매치워커스 주식회사,MATCHWORKERS Ltd.,매치워커스, ,서명수,기타법인,134611-0073572,771-86-00106,"서울특별시 성동구 마장로 327-1 (마장동, 군산빌딩) 5층", ,,상용 인력 공급 및 인사관리 서비스업,2015-07-14,12월
(주)매크로매트릭스,macromatrix,매크로매트릭스, ,김정진,기타법인,110111-1156218,203-81-60678,서울특별시 서초구 방배중앙로 180 서울특별시 서초구 방배중앙로,www.event.co.kr,,"전시, 컨벤션 및 행사 대행업",1995-09-10,12월
주식회사 맥클린,"mclean co.,ltd",맥클린, ,김성민,기타법인,124411-0059049,137-81-52231,경기도 김포시 양촌읍 유현삭시로241번길 86 (유현리), ,,사업시설 유지ㆍ관리 서비스업,2003-03-11,12월
(주)맥클린솔루션,mcs.corp.,맥클린솔루션, ,박찬수,기타법인,134811-0353839,695-88-00164,"경기도 화성시 동탄지성로 256 210동 1701호(기산동, 에스케이뷰파크2차)", ,,"산업설비, 운송장비 및 공공장소 청소업",2015-12-09,12월
(주)맥풍,"MAEK POONG Co., LTD.",맥풍, ,손영조,기타법인,110111-1118416,209-81-16016,"서울특별시 서초구 신반포로45길 9-22 2층(잠원동, 천우빌딩)",www.maekpoong.com,,사업시설 유지ㆍ관리 서비스업,1995-01-12,12월
(주)맨테크,"ManTech Co.,Ldt",맨테크, ,이희식,기타법인,110111-1586928,229-81-33718,서울특별시 구로구 구로동 197-10 E&C벤처드림타워II 804호,www.mantech.kr,,사업시설 유지ㆍ관리 서비스업,1998-09-17,12월
(주)맨토스파워,mantoss power,맨토스파워, ,최영은,기타법인,110111-3569906,105-87-03472,"서울특별시 마포구 월드컵로16길 3 (서교동, 맨토스빌딩)", ,,인력 공급업,2006-11-28,12월
(주)맨토스파트너,mantoss partner,맨토스파트너, ,최영은,기타법인,110111-3456385,105-86-92115,"서울특별시 마포구 월드컵로16길 3 (서교동, 맨토스빌딩) 2층", ,,인력 공급업,2006-05-17,12월
주식회사 맨투맨써비스,"MAN TO MAN SERVICE CO.,LTD.",맨투맨써비스, ,장호용,기타법인,170111-0138166,514-81-30787,"대구광역시 서구 서대구로 30 4층(내당동,맨투맨빌딩)",www.m2ms.co.kr,,사업시설 유지ㆍ관리 서비스업,1998-08-03,12월
(주)맨파워그룹,manpowergroup.co.kr,맨파워그룹, ,이종률,기타법인,110111-1680233,105-81-99165,"서울특별시 서초구 논현로 79 1117호(양재동, 윈드스톤오피스텔)",www.manpowergroup.co.kr,,상용 인력 공급 및 인사관리 서비스업,1999-04-13,12월
(주)맨파워그룹코리아,Manpwer Group Korea INC.,맨파워그룹코리아, ,이우화,기타법인,110111-5691822,472-88-00047,"서울특별시 강남구 테헤란로 409 (삼성동, 동신빌딩) 10층",www.manpower.co.kr,,인력 공급업,2015-04-09,12월
(주)맨파워코리아,Manpower Korea Inc.,맨파워코리아, ,김옥진,기타법인,110111-1635642,120-81-85831,"서울특별시 강남구 테헤란로 409 (삼성동, 동신빌딩) 11층",www.manpower.co.kr,,인력 공급업,1999-06-16,12월
주식회사 맨파크,manpark,맨파크, ,정한경,기타법인,110111-5969641,601-87-00202,"서울특별시 강남구 밤고개로1길 10 1328호 (수서동, 수서현대벤쳐빌)",www.man-park.co.kr,,상용 인력 공급 및 인사관리 서비스업,2016-02-05,12월
주식회사 멀티파워텍,multipowertec,멀티파워텍, ,이동재,기타법인,110111-3534800,215-86-89708,"서울특별시 송파구 백제고분로 139 (잠실동, 극동빌딩)B동401호", ,,사업시설 유지ㆍ관리 서비스업,2006-09-26,12월
주식회사 메디엔젤,mediangel,메디엔젤, ,최규덕,기타법인,110111-2093310,212-81-49395,"서울특별시 성동구 성수일로4길 25 (성수동2가, 서울숲코오롱디지털타워) 1차 201호",www.mediangel.co.kr,,상용 인력 공급 및 인사관리 서비스업,2000-10-19,12월
(주) 메디젠피아,MEDIZENPIA,메디젠피아, ,정진오,기타법인,284111-0179486,667-88-00761,"경기도 남양주시 와부읍 수레로9번길 11 (덕소리, 선플렉스본관)208호", ,,사업지원 서비스업,2017-09-15,12월
주식회사 메디캐피탈,"MEDICAPITAL,CO.,LTD",메디캐피탈, ,정병옥,기타법인,110111-1283425,220-81-25297,서울특별시 강남구 대치동 997-4 메디슨벤처타워, ,,기타 산업용 기계 및 장비 임대업,1996-06-18,03월
메르세데스벤츠모빌리티코리아 주식회사,Mercedes-Benz Mobility Korea Ltd.,메르세데스벤츠모빌리티코리아, ,송시찬,기타법인,110111-5369445,261-81-09323,"서울특별시 중구 한강대로 416 (남대문로5가, 서울스퀘어), 10층", ,,자동차 임대업,2014-03-19,12월
메리트컨설팅주 주식회사,MERIT CONSULTING,메리트컨설팅주, ,박승한,기타법인,211111-0011479,401-81-16214,전라북도 군산시 의료원로 40, ,,건축물 일반 청소업,1999-12-01,12월
(주)메쎄이상,"Messe eSang Co.,Ltd",메쎄이상,408920,조원표,코스닥시장,110111-8073613,372-81-02557,서울특별시 마포구 월드컵북로58길 9 ES타워,messeesang.com,,기타 사업지원 서비스업,2021-10-29,12월
주식회사 메쎄이상,"Messe eSang co., Ltd.",메쎄이상, ,조원표,기타법인,110111-6927101,682-86-01130,"서울특별시 마포구 월드컵북로58길 9 (상암동, ES타워)",www.messeesang.com,,"전시, 컨벤션 및 행사 대행업",2018-11-15,12월
(주)메쎄이상,"Messe eSang Co.,Ltd",메쎄이상, ,조원표,기타법인,110111-3835472,119-86-04944,"서울특별시 마포구 월드컵북로58길 9 (상암동, ES타워)",www.messeesang.com,,"전시, 컨벤션 및 행사 대행업",2008-01-17,12월
주식회사 메이저나인,"Major Nine Co.,Ltd.",메이저나인, ,박성태,기타법인,110111-3979387,211-88-19048,"서울특별시 강남구 도산대로72길 36 (청담동, 아쿠아빌딩)", ,,그 외 기타 분류 안된 사업지원 서비스업,2008-10-06,12월
(주)메이크인,MAKE IN ,메이크인, ,최현권,기타법인,110111-5069954,206-86-74889,서울특별시 중구 퇴계로 344 (광희동2가),www.make-in.net,,상용 인력 공급 및 인사관리 서비스업,2013-02-19,12월
(주)메타마케팅,"META Marketing Co., Ltd",메타마케팅, ,유지헌,기타법인,110111-3391763,105-86-88886,서울특별시 강남구 테헤란로 141 (역삼동) KR타워 8층,metamkt.co.kr,,조경 관리 및 유지 서비스업,2006-02-13,12월
(주)메타썬,"Metasun Co., Ltd.",메타썬, ,선경일,기타법인,135811-0482041,582-87-02933,"경기도 수원시 영통구 태장로82번길 32 101동 205호 (망포동, 동수원자이1차)",www.mono-tech.co.kr,,건축물 일반 청소업,2023-12-15,12월
주식회사 메타엠,MetaM,메타엠, ,신인수,기타법인,110111-1714066,120-81-92287,"서울특별시 강남구 언주로 725 (논현동, 보전빌딩) 동관 5~6층",www.meta-m.co.kr,,콜센터 및 텔레마케팅 서비스업,1999-07-01,12월
(주)멕헬스케어,"MEK Healthcare Co.,Ltd",멕헬스케어, ,이재원,기타법인,284911-0149425,672-86-00319,"서울특별시 마포구 모래내로7길 12 (성산동, MEK빌딩(멕빌딩)) 4층", ,,기타 산업용 기계 및 장비 임대업,2016-02-02,12월
주식회사멘토니아,"mentornia co.,ltd",멘토니아, ,홍광민,기타법인,110111-3730242,105-87-11797,서울특별시 마포구 마포대로14가길 8-18 (공덕동),www.mentornia.com,,임시 및 일용 인력 공급업,2007-07-01,12월
주식회사멘토르,MENTOR,멘토르, ,손상대,기타법인,110111-2310764,120-86-25411,서울특별시 강남구 삼성동146 포스코트 308, ,,그 외 기타 분류 안된 사업지원 서비스업,2001-08-17,12월
주식회사멘토커리어,"Mentorcareer co.,Ltd.",멘토커리어, ,윤혜경,기타법인,110111-4414077,105-87-47790,서울특별시 마포구 마포대로14가길 8-18 (공덕동), ,,임시 및 일용 인력 공급업,2010-08-17,12월
(주)명가종합관리,MYUNG GA MANAGEMENT CORP.,명가종합관리, ,이혜정,기타법인,180111-0338459,603-81-43582,부산광역시 사하구 낙동남로 1348-5 (하단동),없음,,사업시설 유지ㆍ관리 서비스업,2000-11-06,12월
주식회사 명문코리아,myeong mun korea,명문코리아, ,전정화,기타법인,180111-0044840,116-81-31151,"서울특별시 서초구 반포대로 89 (서초동, 유민빌딩) 2층",www.mmkor.com,,사업시설 유지ㆍ관리 서비스업,1982-06-20,12월
주식회사 명성티엠에스,MYOUNG SUNG TMS,명성티엠에스, ,최인호,기타법인,170111-0295172,503-81-69491,대구광역시 남구 삼정길 34 (봉덕동) 1~3층, ,,상용 인력 공급 및 인사관리 서비스업,2005-09-25,12월
명진기업(주),"MYONG JIN ENTERPRISE CO., LTD.",명진기업, ,홍숙이,기타법인,110111-0851893,107-81-37995,서울특별시 영등포구 영등포로 21 양평빌딩4층 401호, ,,건축물 일반 청소업,1992-04-29,12월
모건인프라주식회사,"Chang Jeon Engineering & Construction Co., LTD",모건인프라, ,김인자,기타법인,131111-0066380,129-81-45379,경기도 용인시 수지구 성복1로 279-18 (성복동), ,,사업시설 유지ㆍ관리 서비스업,2001-09-24,12월
(주) 모닝인,morningin,모닝인, ,김기환,기타법인,110111-2981789,201-81-86406,"서울특별시 중구 마른내로 156 (광희동1가, 광희빌딩별관)",www.morningin.co.kr:9415/index.html,,상용 인력 공급 및 인사관리 서비스업,2004-04-01,12월
(주)모델라인엔터테인먼트,Modelline Entertainment,모델라인엔터테인먼트, ,여상민,기타법인,110111-0350605,211-81-23989,서울특별시 강남구 청담동 91-2,www.modelline.com,,"전시, 컨벤션 및 행사 대행업",1984-02-15,12월
(주) 모두락,Modurak.co.ltd,모두락, ,김재천,기타법인,110111-6291605,731-88-00553,"서울특별시 강서구 하늘길 70 1층 L103-2호, 3층(과해동,항공지원센터)", ,,그 외 기타 사업지원 서비스업,2017-01-25,12월
(주)모두투어네트워크,MODETOURNETWORKINC.,모두투어,080160,우종웅,코스닥시장,110111-0609771,202-81-45295,서울특별시 중구  을지로 16 프레지던트호텔 5층 모두투어네트워크,www.modetour.co.kr,,여행사업,1989-02-14,12월
모스원주식회사,MOSONE,모스원, ,구자성,기타법인,194911-0041406,834-88-00508,"울산광역시 중구 강북로 105 (성남동, 롯데캐슬스카이)",www.mosone.co.kr,,상용 인력 공급 및 인사관리 서비스업,2016-08-16,12월
(주)모스트엑스,MOSTX,모스트엑스, ,김기범,기타법인,110111-2817588,107-86-37025,서울특별시 강남구 학동로 306-2 (논현동), ,,그 외 기타 개인 및 가정용품 임대업,2005-06-01,12월
(주)모스트인,MOSTIN.CO. INC,모스트인, ,조진형,기타법인,110111-5116606,119-86-70560,"서울특별시 금천구 범안로 1130 (가산동, 디지털엠파이어빌딩) 510~1511호",www.mostin.co.kr,,그 외 기타 사업지원 서비스업,2013-05-06,12월
(주)모스트피플,"MOSTPEOPLE CO.,LTD.",모스트피플, ,신효휴,기타법인,110111-3156919,105-86-75168,"서울특별시 성동구 광나루로 130 804호(성수동1가, 서울숲IT캐슬)", ,,상용 인력 공급 및 인사관리 서비스업,2005-01-24,12월
주식회사 모아모아여행사,MOAMOA TRAVEL LTD.,모아모아여행사, ,성창동,기타법인,110111-6453528,833-88-00790,서울특별시 중구 남대문시장길 73-3 (회현동1가) 제3호, ,,여행사업,2017-07-06,12월
(주)모아에스앤에스,"MOASNS Co., Ltd.",모아에스앤에스,052880,신동진,기타법인,120111-0124090,136-81-16019,대전광역시 중구 계룡로 858 (오류동),www.qands.co.kr,,그 외 기타 분류 안된 사업지원 서비스업,1995-09-29,12월
모젤스(주),"MOGELS  CO., Ltd",모젤스, ,박경민,기타법인,110111-2945313,211-87-45175,서울특별시 강남구 역삼동 837-11 유니온센터 1912, ,,그 외 기타 분류 안된 사업지원 서비스업,2004-02-10,12월
모터풀서비스(주),"MOTOR POOL SERVICE CO., LTD.",모터풀서비스, ,김순오,기타법인,110111-2130229,215-86-02021,서울특별시 송파구 풍납동 391-5 대원N빌딩 9층, ,,산업용 기계 및 장비 임대업,2000-12-04,12월
목송산업개발9주),moksong,목송산업개발9주), ,이명식,기타법인,200111-0037353,409-81-32561,광주광역시 서구 무진대로 567,www.moksong.com,,고용알선 및 인력공급업,1993-02-20,12월
(주)목평인력개발,mok pyoung corporation,목평인력개발, ,노재현,기타법인,180111-0282903,607-81-44282,부산광역시 연제구 고분로32번길 43 (연산동) 2층, ,,경비 및 경호 서비스업,1999-04-01,12월
목포에코드림 주식회사,Mokpo Ecodream,목포에코드림, ,박정수,기타법인,110111-8262521,639-88-02255,전라남도 목포시 대양산단로 58 (대양동) 2층, ,,그 외 기타 사업지원 서비스업,2022-03-25,12월
(주)무림하우징,MOOLIM HOUSING CORPORATION,무림하우징, ,이승엽,기타법인,110111-2413245,215-86-19444,"경기도 성남시 수정구 산성대로 223 9층 (신흥동, 일문파이낸스빌딩)",moolim.kr/,,사업시설 유지ㆍ관리 서비스업,2002-01-04,12월
(주)무엔투어,Muentour,무엔투어, ,김문,기타법인,110111-7323043,160-87-01452,"서울특별시 금천구 가산디지털1로 225 (가산동, 에이스가산포휴 212호", ,,여행사업,2019-12-15,12월
무원엘에스주식회사,MUWON LS Ltd.,무원엘에스, ,"최영수, 현경복",기타법인,110111-2390518,120-86-30097,"서울특별시 종로구 청계천로 85 (관철동, 삼일빌딩30층)",www.muwon.com,,기타 운송장비 임대업,2001-12-01,12월
(주)무지개렌트카,-,무지개렌트카, ,변창덕,기타법인,121111-0177519,130-86-50144,제주특별자치도 제주시 제성1길 30 (도두이동),-,,자동차 임대업,2008-09-22,12월
문산자유(주),"Moonsan Co.,Ltd",문산자유, ,김춘근,기타법인,110111-3720293,101-86-33486,서울특별시 종로구 신문로1가 금호아시아나본관, ,,사업시설 유지ㆍ관리 서비스업,2007-07-18,12월
문산파주병영관리 주식회사,"Munsan Paju Co., Ltd.",문산파주병영관리, ,김병수,기타법인,110111-8197869,232-81-06027,"서울특별시 용산구 이촌로 352 (용산동6가, 신동아쇼핑)", ,,사업시설 유지ㆍ관리 서비스업,2022-02-14,12월
문학개발주식회사,MUN HACK DEVELOPEMENT,문학개발, ,장익찬,기타법인,110111-1244261,105-81-77410,인천광역시 남구 문학동 75번지, ,,그 외 기타 분류 안된 사업지원 서비스업,1996-02-13,12월
미구산업 주식회사,"MIGU Co.,Ltd",미구산업, ,신영민,기타법인,165011-0049403,622-87-00039,충청남도 당진시 송악읍 대섬길 4-20 협력관빌딩, ,,사업시설 유지ㆍ관리 서비스업,2015-03-20,12월
주식회사 미디어앤아트 ,"MEDIA N ART Co.,Ltd.",미디어앤아트, ,지성욱,기타법인,110111-5342516,261-81-07403,서울특별시 서초구 양재천로21길 19,groundseesaw.co.kr/,,"전시, 컨벤션 및 행사 대행업",2014-02-20,12월
(주)미라클씨엔에스,"Miracle CNS Co.,Ltd.",미라클씨엔에스, ,오병민,기타법인,134511-0489747,446-88-02105,"경기도 용인시 기흥구 서천로201번길 14 5층 545호(농서동, 프리미엄원희캐슬기흥서천)", ,,건축물 일반 청소업,2020-12-16,12월
유한회사 미라클홀딩스,Miracle Holdings Limited Company,미라클홀딩스, ,김오정,기타법인,110114-0064713,211-87-88548,서울특별시 강남구 논현동 115-7 타호비즈니스센터 138,-,,그 외 기타 분류 안된 사업지원 서비스업,2006-10-23,12월
주식회사 미래가이드,miraeguide,미래가이드, ,송한엽,기타법인,120111-0392077,131-81-94913,인천광역시 남동구 매소홀로 1129 (서창동), ,,경비 및 경호 서비스업,2005-12-28,12월
미래병영 주식회사,mirae byeong yeong,미래병영, ,구본경,기타법인,284111-0080815,132-81-84437,경기도 가평군 설악면 유명로 1390-11 (신천리), ,,사업시설 관리 및 조경 서비스업,2009-07-30,12월
미래비엠,Mirae BM,미래비엠, ,이영수,기타법인,110111-4530550,201-86-19407,"서울특별시 중구 다산로 162 (신당동, 약수빌딩) 4층",www.miraebm.com,,사업시설 유지ㆍ관리 서비스업,2011-02-08,12월
(주)미래서비스,Mirae Service Co.Ltd,미래서비스, ,박기우,기타법인,110111-3206970,120-86-80224,서울특별시 강남구 삼성로 612 K707 4층(삼성동),www.bestms.co.kr,,임시 및 일용 인력 공급업,2005-04-20,12월
미래신용정보(주),Mirae Credit Information Service Corp.,미래신용정보, ,변현석,기타법인,110111-1548077,219-81-26355,"서울특별시 영등포구 영등포로 59 (양평동1가, MCI빌딩)",www.miraecredit.co.kr,,신용 조사 및 추심 대행업,1998-05-21,12월
(주)미래씨엔씨,miraecnc,미래씨엔씨, ,이수익,기타법인,161511-0208524,773-81-00621,"충청남도 천안시 서북구 불당17길 23 402호(불당동, 크리스탈프라자)", ,,사업시설 유지ㆍ관리 서비스업,2017-01-25,12월
(주)미래안산업개발,"miraean industry development co.,ltd",미래안산업개발, ,이삼재,기타법인,171111-0003743,110-81-61263,"서울특별시 은평구 응암로 291 (응암동, 드림캐시아) 2층", ,,사업지원 서비스업,2003-04-01,12월
(주)미래에이비엠,MIRAEABM,미래에이비엠, ,조삼수,기타법인,110111-2626236,204-81-72653,"서울특별시 강남구 영동대로 708 (청담동, 정화빌딩)",www.miraeabm.com,,사업시설 유지ㆍ관리 서비스업,2002-10-10,12월
주식회사미래엠에스,MIRAE.MS,미래엠에스, ,이종수,기타법인,160111-0129802,314-81-47204,대전광역시 서구 유등로43번길 14-25 201호(복수동),mrms2001@hanmail.net,,경비 및 경호 서비스업,2001-12-26,12월
미래티엠에스 주식회사,mirae T.M.S,미래티엠에스, ,이용우,기타법인,134111-0119566,138-81-22555,"인천광역시 남동구 경인로 722 (간석동, 에스엠빌딩2층)", ,,사업시설 유지ㆍ관리 서비스업,2004-06-28,12월
(주)미래휴넷시스템,mireahunet,미래휴넷시스템, ,김제민,기타법인,110111-5309425,106-87-03854,서울특별시 용산구 한강대로 320 2층 (갈월동), ,,상용 인력 공급 및 인사관리 서비스업,2014-01-10,12월
주식회사 미방항운,"Meebang Air Agencies Co.,Ltd.",미방항운, ,성재원,기타법인,110111-0290265,104-81-37088,"서울특별시 중구 을지로 50 (을지로2가, 을지한국빌딩)18층", ,,그 외 기타 분류 안된 사업지원 서비스업,1981-05-01,12월
(주)미성,MI SUNG,미성, ,김현순,기타법인,160111-0316706,305-86-16570,"대전광역시 대덕구 대화로 80 (대화동, (주)아모레퍼시픽)", ,,포장 및 충전업,2012-02-01,12월
미성강업주식회사,"MISUNG GANGUP CO., LTD.",미성강업, ,이군래,기타법인,110111-0770093,108-81-44368,서울특별시 동작구 사당1동 1049-15 사당빌딩 4층,www.misung91.com,,기타 산업용 기계 및 장비 임대업,1991-04-16,12월
주식회사 미성에스엔피,Misung security and people,미성에스엔피, ,서요원,기타법인,110111-2327173,105-86-30536,서울특별시 마포구 마포동 36-1,-,,사업시설 유지ㆍ관리 서비스업,2001-09-07,12월
미성엠프로 주식회사,"Misung Industrial Development Co.,Ltd.",미성엠프로, ,서요원,기타법인,160111-0019631,305-81-10789,"서울특별시 영등포구 당산동3가 260, 264번지", ,,사업시설 유지ㆍ관리 서비스업,1990-01-11,12월
(주)미성지에스이,misung GSE,미성지에스이, ,"서요원, 허석균",기타법인,164811-0035936,109-86-11564,"서울특별시 영등포구 당산로 118 702호(당산동3가, 대흥빌딩)",gse.misungmpro.com,,인력 공급업,2008-01-01,12월
미시령동서관통도로(주),misiryeong,미시령동서관통도로, ,안찬주,기타법인,140111-0014396,221-81-17878,강원도 고성군 토성면 미시령로 2625, ,,그 외 기타 분류 안된 사업지원 서비스업,2000-12-29,12월
미창티에스 주식회사,"Michangts TS Co.,Ltd.",미창티에스, ,이성중,기타법인,180111-0144773,601-81-23668,부산광역시 서구 충무대로 264 (충무동1가) 우양빌딩 3층,www.michang.co.kr,,사업시설 유지ㆍ관리 서비스업,1993-10-01,12월
주식회사 민경산업,"Min Kyeong industry Co., Ltd.",민경산업, ,송민경,기타법인,134311-0043638,756-86-01668,경기도 양평군 양평읍 남북로 106 (공흥리), ,,건설 및 토목공사용 기계ㆍ장비 임대업,2020-05-21,12월
주식회사 민기,"MINGI Co., Ltd",민기, ,서지영,기타법인,110111-6009800,837-88-00389,"서울특별시 송파구 법원로 135 (문정동, 소노타워)", ,,사업시설 유지ㆍ관리 서비스업,2016-04-11,12월
주식회사민미투어,MINMITOUR,민미투어, ,이문철,기타법인,110111-7935822,838-87-02025,"서울특별시 구로구 디지털로 288 (구로동, 대륭포스트타워1차)207알231호", ,,여행사업,2021-06-25,12월
주식회사 밀포드홀딩스,"Milford Holdings Co., Ltd.",밀포드홀딩스, ,이종은,기타법인,134511-0698158,330-81-03552,"경기도 용인시 기흥구 흥덕2로87번길 18 (영덕동, 이씨티)비동 4층 497호", ,,사업시설 관리 및 조경 서비스업,2024-08-14,12월
주식회사 밍크고래,MINKGORAE,밍크고래, ,강민수,기타법인,284911-0197474,665-86-01343,"경기도 용인시 기흥구 죽전로 10 (보정동, 장은메디칼프라자) 650호", ,,기타 사업지원 서비스업,2019-02-22,12월
바다로10호선박투자회사,Badaro No.10 Ship Investment Company,바다로10호선박투자회사, ,이재붕,기타법인,220111-0061803,616-81-62270,제주특별자치도 제주시 연삼로 473,www.globalmarifin.com,,기타 운송장비 임대업,2007-07-13,12월
바다로13호선박투자회사,Badaro No.13 Ship Investment Company,바다로13호선박투자회사, ,이재붕,기타법인,220111-0073105,616-81-74946,제주특별자치도 제주시 이도2동 제주도중소기업종합지원센터,www.globalmarifin.com,,기타 운송장비 임대업,2009-11-19,12월
바다로14호선박투자회사,Badaro No.14 Ship Investment Company,바다로14호선박투자회사, ,이재붕,기타법인,220111-0074351,616-81-76473,제주특별자치도 제주시 이도2동 제주도중소기업종합지원센터,www.globalmarifin.com,,기타 운송장비 임대업,2010-01-29,12월
바다로15호선박투자회사,Badaro No.15 Ship Investment Company,바다로15호선박투자회사, ,이재붕,기타법인,220111-0075672,616-81-78879,제주특별자치도 제주시 연삼로 473 (이도이동) 산업경제진흥원,www.globalmarifin.com,,기타 운송장비 임대업,2010-04-05,12월
바다로16호선박투자회사,Badaro No.16 Ship Investment Company,바다로16호선박투자회사, ,이재붕,기타법인,220111-0076498,616-81-79000,제주특별자치도 제주시 이도2동 제주도중소기업종합지원센터,www.globalmarifin.com,,기타 운송장비 임대업,2010-05-20,12월
바다로17호선박투자회사,Badaro No. 17 Ship Investment Shipping company,바다로17호선박투자회사, ,이재붕,기타법인,220111-0078361,616-81-81336,제주특별자치도 제주시 연삼로 473 (이도이동) 산업경제진흥원, ,,기타 운송장비 임대업,2010-09-09,12월
바다로18호선박투자회사,Badaro No.18 Shipping Investment Company,바다로18호선박투자회사, ,이재붕,기타법인,220111-0081116,616-81-85235,제주특별자치도 제주시 연삼로 473 (이도이동) 산업경제진흥원, ,,기타 운송장비 임대업,2011-11-23,12월
바다로19호선박투자회사,Badaro No.19 Ship Investment Company,바다로19호선박투자회사,155900,박현주,기타법인,220111-0086223,616-81-90169,"제주특별자치도 제주시 연삼로 473 (이도이동,산업경제진흥원)", ,,기타 운송장비 임대업,2011-09-29,12월
바다로1호선박투자회사 ,Badaro No.1 Ship Investment Company,바다로1호선박투자회사, ,이호진,기타법인,180111-0518712,602-81-36394,부산광역시 중구 동광동2가 4번지, ,,기타 운송장비 임대업,2005-05-05,12월
바다로22호선박투자회사,Badaro No.22 Ship Investment Company,바다로22호선박투자회사, ,이재붕,기타법인,220111-0130377,384-88-00094,제주특별자치도 제주시 연삼로 473 (이도이동), ,,기타 운송장비 임대업,2016-05-30,12월
바다로3호선박투자회사,Badaro No.3 Ship Investment Company,바다로3호선박투자회사,092630,이재붕,기타법인,220111-0057456,616-81-57457,"제주특별자치도 제주시 연삼로 473 (이도이동,제주도중소기업종합지원센터관리사무처)",www.globalmarifin.com,,기타 운송장비 임대업,2006-08-04,12월
바다로4호선박투자회사,Badaro No.4 Ship Investment Company,바다로4호선박투자회사, ,이재붕,기타법인,220111-0059238,616-81-61117,제주특별자치도 제주시 연삼로 473 (이도이동),www.globalmarifin.com,,기타 운송장비 임대업,2007-01-09,12월
바다로5호선박투자회사 ,Badaro No.5 Ship Investment Company,바다로5호선박투자회사, ,이재붕,기타법인,220111-0059246,616-81-60608,제주특별자치도 제주시 연삼로 473 (이도이동),www.globalmarifin.com,,기타 운송장비 임대업,2007-01-09,12월
바다로6호선박투자회사,Badaro No.6 Sjip Investment Company,바다로6호선박투자회사, ,이재붕,기타법인,220111-0059254,616-81-60613,제주특별자치도 제주시 연삼로 473,www.globalmarifin.com,,기타 운송장비 임대업,2007-01-09,12월
바다로7호선박투자회사,Badaro No.7 Ship Investment Company,바다로7호선박투자회사, ,이재붕,기타법인,220111-0059262,616-81-60627,제주특별자치도 제주시 연삼로 473 (이도이동),www.globalmarifin.com,,기타 운송장비 임대업,2007-01-09,12월
바다로8호선박투자회사,Badaro No.8 Ship Investment Company,바다로8호선박투자회사, ,이재붕,기타법인,220111-0060425,616-81-60632,제주특별자치도 제주시 연삼로 473 (이도이동),www.globalmarifin.com,,기타 운송장비 임대업,2007-04-09,12월
바다로9호선박투자회사,Badaro No.9 Ship Investment Company,바다로9호선박투자회사, ,이재붕,기타법인,220111-0061796,616-81-62265,제주특별자치도 제주시 연삼로 473 (이도이동),www.globalmarifin.com,,기타 운송장비 임대업,2007-07-13,12월
주식회사 바로컴퍼니,BARO COMPANY CO. Ltd,바로컴퍼니, ,김현표,기타법인,134411-0087733,242-81-01510,경기도 이천시 이섭대천로 1185 성원빌딩 302호, ,,그 외 기타 분류 안된 사업지원 서비스업,2019-06-17,12월
바른배움터(주),barunbaeumtur,바른배움터, ,윤순표,기타법인,200111-0258694,410-86-18905,"광주광역시 북구 양산로 204 2층, (일곡동)", ,,임대업; 부동산 제외,2008-04-17,12월
주식회사 바이웨이,byway co.kr,바이웨이, ,"정래익, 이정은",기타법인,110111-7498656,608-87-01629,서울특별시 강남구 도산대로28길 46 4층(논현동), ,,여행사업,2020-05-26,12월
바이크뱅크 주식회사,BikeBank,바이크뱅크, ,김민규,기타법인,170111-0729056,171-86-01585,"대구광역시 달서구 성서공단로11길 62 5층(호산동,대구융합알앤디센터)", ,,기타 운송장비 임대업,2019-07-01,12월
(주)반도레저,BANDO LEISURE CO. LTD,반도레저, ,이무균,기타법인,230111-0102788,610-81-72090,울산광역시 울주군 삼동면 삼동로 404 (금곡리), ,,기타 운송장비 임대업,2004-03-30,12월
(주)반도티에스,BANDO TOTAL SERVICES,반도티에스, ,김광태,기타법인,110111-1294266,107-81-56667,"서울특별시 영등포구 당산로 240 (당산동6가, 유상빌딩 3층)",www.bandots.co.kr,,인력 공급업,1996-09-05,12월
반딧불이에너지 주식회사,"Bandibuli Energy Co., Ltd",반딧불이에너지, ,MICHEL JACQUES ETIENNE GILLES EMMANUEL,기타법인,230111-0350139,879-86-02413,울산광역시 남구 번영로124번길 21 207-5호 (달동), ,,그 외 기타 분류 안된 사업지원 서비스업,2021-04-15,12월
주식회사 반석,bansuk,반석, ,윤석진,기타법인,194911-0046381,443-88-00883,"경상남도 거제시 장평3로 80 (장평동, 삼성중공업(주)거제조선소)", ,,그 외 기타 분류 안된 사업지원 서비스업,2018-03-16,12월
(주)발렉스서비스,"VALEXSERVICE CO., LTD.",발렉스서비스, ,박희영,기타법인,110111-4300680,105-87-42062,"서울특별시 영등포구 의사당대로 83 (여의도동, 오투타워 12층)",valexservice.com,,사업시설 유지ㆍ관리 서비스업,2010-03-10,12월
주식회사 발렉스특수물류,"Valex Expert Cargo Co., Ltd.",발렉스특수물류, ,김형엽,기타법인,110111-1377161,105-81-85467,"서울특별시 영등포구 의사당대로 83 (여의도동, 오투타워) 12층",www.valex.co.kr,,경비 및 경호 서비스업,1997-03-03,12월
주식회사 발리비아스뿌띠코리아,BALI BIAS PUTIH,발리비아스뿌띠코리아, ,염공헌,기타법인,110111-3921031,107-87-10232,서울특별시 영등포구 문래동3가 55-4 메가트리움 102-201, ,,그 외 기타 분류 안된 사업지원 서비스업,2008-06-25,12월
(주)밝은누리,"Balkeunnuri. Co., Ltd.",밝은누리, ,서덕천,기타법인,150111-0206876,796-81-00186,충청북도 청주시 흥덕구 2순환로 765 (송정동), ,,건축물 일반 청소업,2015-07-23,12월
밝은별 주식회사,balkeunbeol,밝은별, ,고재정,기타법인,161511-0142475,312-86-40379,"대전광역시 서구 문정로2번길 113 (탄방동, 탑스빌)209호", ,,사업시설 유지ㆍ관리 서비스업,2012-06-26,12월
(주)밝은티에스,"Brilliant total service co., ltd",밝은티에스, ,류규열,기타법인,110111-1582330,120-81-82983,"경기도 안양시 동안구 흥안대로 415 (평촌동, 두산벤처다임) 730호", ,,경비 및 경호 서비스업,1998-09-21,12월
주식회사 방송차량서비스,Broadcasting Carriage Service,방송차량서비스, ,최병덕,기타법인,110111-3027540,107-86-51221,"서울특별시 영등포구 여의공원로 13 (여의도동, 한국방송공사) KBS본관 1층 방송차량서비스",www.kbsbcs.co.kr,,기타 사업지원 서비스업,2004-07-01,12월
주식회사 백경비엠에스,BAEKGYUNG BMS Co.ltd,백경비엠에스, ,문만수,기타법인,110111-4139518,104-86-22052,"서울특별시 송파구 법원로9길 26 C동211호(문정동, 에이치비지니스파크)",www.baekgyung.co.kr,,사업시설 유지ㆍ관리 서비스업,2009-07-01,12월
백년건강지킴이 주식회사,baeknyeon geongang gikimi,백년건강지킴이, ,권용기,기타법인,170111-0402446,502-86-05204,"대구광역시 동구 동대구로 489 (신천동, 대구무역회관) 16층", ,,사업시설 유지ㆍ관리 서비스업,2010-04-16,12월
백년교육(주),Baek Non Yook Co.Ltd,백년교육, ,김성호,기타법인,170111-0356479,502-81-96262,"대구광역시 동구 동대구로 489 16층 (신천동, 대구무역회관)", ,,사업시설 유지ㆍ관리 서비스업,2008-05-29,12월
주식회사 백메가,Inc. 100Mega,백메가, ,신정권,기타법인,170111-0532053,503-86-14235,대구광역시 중구 중앙대로 273 3층 (남산동),www.100mb.kr,,그 외 기타 분류 안된 사업지원 서비스업,2014-07-01,12월
백상개발(주),"Baeksang Development Co., Ltd.",백상개발, ,김풍원,기타법인,110111-0390700,105-81-68115,"서울특별시 마포구 마포대로 49 (도화동, 성우빌딩) 4층", ,,사업시설 유지ㆍ관리 서비스업,1987-04-01,12월
백상비엠에스주식회사,BAEKSANG BMS. CO.LTD,백상비엠에스, ,하대용,기타법인,110111-4237271,105-87-38952,"서울특별시 마포구 마포대로 49 14층 1호(도화동, 성우빌딩)", ,,사업시설 유지ㆍ관리 서비스업,2009-12-09,12월
백상코퍼레이션주식회사,BAEKSANG CORPORATION. CO.LTD,백상코퍼레이션, ,김중권,기타법인,110111-0343791,105-81-33654,서울특별시 마포구 마포대로 49 성우빌딩 (도화동),www.baeksang.co.kr,,사업시설 유지ㆍ관리 서비스업,1983-02-09,12월
(주)백송종합관리,baek song,백송종합관리, ,이상희,기타법인,110111-5660570,455-86-00048,"서울특별시 도봉구 도봉로 415 (쌍문동, 쌍문리버뷰)", ,,경비 및 경호 서비스업,2015-03-11,12월
백천배움터 주식회사,baekcheon bae um tur,백천배움터, ,김성호,기타법인,170111-0515083,502-86-29415,"대구광역시 동구 동대구로 489 16층 (신천동, 대구무역회관)", ,,사업시설 유지ㆍ관리 서비스업,2014-01-02,12월
밸류그로스 주식회사,"Valuegrowth Co.,Ltd.",밸류그로스, ,신홍철,기타법인,110111-7520334,149-88-01660,"서울특별시 강남구 언주로 726 (논현동, 두산빌딩), 21층", ,,사업시설 유지ㆍ관리 서비스업,2020-06-15,12월
(주)밸류노믹스기업구조조정전문회사,"VALUENOMICS CRC CO., LTD.",밸류노믹스기업구조조정전문회사, ,이강수,기타법인,110111-2288648,120-86-25177,서울특별시 영등포구 여의도동 23-5 한화증권빌딩 2201, ,,그 외 기타 분류 안된 사업지원 서비스업,2001-07-16,12월
밸류라인(주),ValueLine Inc.,밸류라인, ,구자혁,기타법인,180111-0519158,606-81-91744,"경기도 성남시 분당구 서현로 170 (서현동, 풍림아이원플러스) 비동 2406호", ,,그 외 기타 사업지원 서비스업,2005-05-09,12월
주식회사 밸류인,valuein,밸류인, ,손유성,기타법인,110111-5379410,215-87-90293,"서울특별시 구로구 디지털로31길 38-21 (구로동, 이앤씨벤처드림타워3차)", ,,사업시설 유지ㆍ관리 서비스업,2014-04-01,12월
(주)버츄얼썬샤인,"Virtual Sunshine Co., Ltd",버츄얼썬샤인, ,현명호,기타법인,110111-2889321,117-81-47957,서울특별시 강남구 삼성동, ,,그 외 기타 분류 안된 사업지원 서비스업,2003-11-05,12월
주식회사 범아,"BUM-A CO.,LTD",범아, ,오세곤,기타법인,171211-0042611,505-81-44064,경상북도 경주시 외동읍 문산공단길 84-105 (문산리)  주식회사 범아, ,,포장 및 충전업,2006-04-01,12월
(주)범한여행,PANKOREA TRAVEL.LTD,범한여행, ,여성구,기타법인,110111-0909262,116-81-32617,서울특별시 영등포구 여의도동 하나증권빌딩,www.redcaptour.com,,여행사업,1992-12-22,12월
범호개발주식회사,Beomho develoment Co. Ltd.,범호개발, ,조홍식,기타법인,160111-0081721,314-81-25817,대전광역시 중구 선화동 282-13번지 1층,www.beomho.co.kr,,경비 및 경호 서비스업,1999-05-01,12월
주식회사 베스트스탭,"Beststaff Co., Ltd.",베스트스탭, ,송민섭,기타법인,110111-6434453,189-87-00736,"서울특별시 강남구 봉은사로 129 (논현동, 거평타운) 1601호",www.bestaff.co.kr,,건축물 일반 청소업,2017-06-20,12월
주식회사 베스트파트너스,BestPartners,베스트파트너스, ,홍기윤,기타법인,135111-0112981,123-86-35636,경기도 성남시 수정구 성남대로 1182 kt모란빌딩 2층 (수진동), ,,사무지원 서비스업,2012-12-03,12월
주식회사 베이트리,"Baytree Co.,Ltd",베이트리, ,김건수,기타법인,110111-6998780,591-81-01197,"서울특별시 서초구 신반포로45길 14 301호(잠원동, 우만빌딩)", ,,"전시, 컨벤션 및 행사 대행업",2019-01-28,12월
베일리컨벤션(주),baileyconvention,베일리컨벤션, ,심판구,기타법인,200111-0391246,410-86-87310,광주광역시 서구 상무대로673번길 8 (마륵동),www.bailey.or.kr,,"전시, 컨벤션 및 행사 대행업",2014-03-03,12월
베타정보통신(주),Beta Info-Communication Cor.,베타정보통신, ,신현정,기타법인,111611-0064742,128-81-83220,경기도 고양시 덕양구 토당동 847-4 갑근빌딩 2층, ,,사업시설 유지ㆍ관리 서비스업,2003-05-16,12월
(주)벡스코,BEXCO,벡스코, ,이태식,기타법인,180111-0195205,618-81-19366,"부산광역시 해운대구 APEC로 55 (우동, 벡스코)",www.bexco.co.kr,,사업시설 유지ㆍ관리 서비스업,1995-12-05,12월
(주)벨에스엠,BellSM,벨에스엠, ,이수한,기타법인,110111-3483841,107-86-80124,"서울특별시 서대문구 충정로 8 (충정로3가, 종근당빌딩)", ,,사업시설 유지ㆍ관리 서비스업,2006-06-27,12월
(주)벽원레저개발,BEUK WON LEISURE DEVELOPMENT CO.LTD,벽원레저개발, ,이우북,기타법인,210111-0027401,402-81-32804,전라북도 김제시 황산면 봉월리 10-14,-,,스포츠 및 레크리에이션 용품 임대업,2001-07-01,12월
(주)보광이천,"Bokwang Icheon Co.,Ltd",보광이천, ,안명호,기타법인,134411-0032382,126-81-96883,경기도 이천시 모가면 소고리 633, ,,사업시설 유지ㆍ관리 서비스업,2006-08-03,12월
(주)보라국제여행사,"BORA INTERNATIONAL TRAVLE Co.,Ltd.",보라국제여행사, ,김상기,기타법인,110111-5613420,107-88-39954,"서울특별시 영등포구 국제금융로 10 (여의도동, 서울국제금융센터) 19층", ,,여행사 및 기타 여행보조 서비스업,2015-01-13,12월
보라네트 주식회사,Boranet.Inc,보라네트, ,김용을,기타법인,110111-1462904,116-81-65777,서울특별시 서초구 서초동 1658-12 금혜빌딩 202호,http://www.boranet.com,,여행사업,1997-09-12,12월
보람항공(주),BOHRAMAIR,보람항공, ,홍정희,기타법인,111011-1947443,104-81-52681,"서울특별시 중구 퇴계로 97 (충무로1가, 고려대연각타워) 1901-1호", ,,기타 여행보조 및 예약 서비스업,2000-05-01,12월
주식회사 보민,BOMIN,보민, ,곽성윤,기타법인,180111-1192193,188-81-01287,"부산광역시 동래구 우장춘로 7 (온천동, 보민빌딩) 1401호", ,,인력 공급업,2019-01-01,12월
보보스링크(주),"Bobosink Co., Ltd.",보보스링크, ,홍형표,기타법인,110111-2536295,220-86-39345,"서울특별시 강남구 테헤란로 124 (역삼동, 삼원타워) 8층 805호",www.boboslink.com,,상용 인력 공급 및 인사관리 서비스업,2002-05-30,12월
주식회사 보성컴퍼니,BOSUNG,보성컴퍼니, ,오윤수,기타법인,150111-0300040,226-86-01982,충청북도 청주시 흥덕구 직지대로620번길 37 (봉명동) 1층 보성컴퍼니, ,,인력 공급업,2021-01-01,12월
(주)보승,BOSEONG ,보승, ,서병철,기타법인,164211-0034930,611-88-01414,"충청남도 금산군 제원면 금강로 1 (명암리, 한국타이어)", ,,상용 인력 공급 및 인사관리 서비스업,2019-06-20,12월
볼트테크코리아 주식회사,BOLTTECH KOREA LTD,볼트테크코리아, ,장영근,기타법인,110111-7445649,576-87-01526,"서울특별시 강남구 테헤란로 238 (역삼동, 마크로젠빌딩) 8층", ,,그 외 기타 개인 및 가정용품 임대업,2020-04-02,12월
부림스페이스(주),"BURIM SPACE Co.,Ltd.",부림스페이스, ,이지연,기타법인,110111-5061116,107-87-88287,서울특별시 영등포구 여의도동 25-15, ,,사업지원 서비스업,2013-02-04,02월
재단법인 부산경제진흥원,Busan Eco. Promo. Agency,부산경제진흥원, ,차재주,기타법인,184922-0000017,622-82-02139,부산광역시 연제구 연산동 702-1,www.bepa.kr,,그 외 기타 분류 안된 사업지원 서비스업,2000-07-01,12월
부산도시철도운영서비스 주식회사,Busan Metro Operation Service co.,부산도시철도운영서비스, ,조진원,기타법인,180111-1342392,518-87-02344,"부산광역시 강서구 낙동북로 485 (대저1동, 강서구청역) 4층",www.bmos.co.kr,,건축물 일반 청소업,2021-02-10,12월
주식회사 부산동부시외버스정류장,"PUSAN DONG-BU BUS TERMINAL CO., LTD.",부산동부시외버스정류장, ,손의용,기타법인,180111-0054948,607-81-06110,부산광역시 동래구 온천동 502-3번지, ,,기타 여행 보조 및 예약 서비스업,1985-10-31,12월
부산서부버스터미날주식회사,PUSAN SEOBU BUS T/R CO,부산서부버스터미날, ,박재상,기타법인,180111-0045880,605-81-21736,부산광역시 사상구 괘법동 533번지, ,,기타 여행 보조 및 예약 서비스업,1982-09-28,12월
부산신항만투자 주식회사,"PUSAN New Port Investment Co.,ltd",부산신항만투자, ,김장훈,기타법인,110111-5147693,211-88-96443,"서울특별시 강남구 언주로 609 A동 2층 2호 (논현동, 팍스타워)", ,,사업시설 유지ㆍ관리 서비스업,2013-07-01,12월
부산포항강군 주식회사,Busanpohang strong army,부산포항강군, ,박상원,기타법인,134111-0188454,138-81-58714,경기도 안양시 동안구 관양동 954-2, ,,사업시설 유지ㆍ관리 서비스업,2010-03-17,12월
주식회사 부산항보안공사,Busan Port Security Corporation,부산항보안공사, ,이상붕,기타법인,180111-0614198,602-81-44384,부산광역시 중구 충장대로 24 (중앙동4가) 연안여객터미널 3층,www.bpsc.co.kr,,경비 및 경호 서비스업,2007-12-03,03월
(주)부성,bu sung ,부성, ,임영순,기타법인,151211-0005267,304-81-08432,충청북도 제천시 용두천로 47  (명동) 부성빌딩 5층 (주)부성, ,,상용 인력 공급 및 인사관리 서비스업,1998-12-01,12월
주식회사 부성에스씨아이,BUSUNG SCI,부성에스씨아이, ,김기호,기타법인,180111-0383032,602-81-23152,부산광역시 중구 망양로 389 (영주동) 1층 일송빌딩, ,,사업시설 유지ㆍ관리 서비스업,2001-12-01,12월
부울경아이앤씨 주식회사,BuUlKyeong Inc,부울경아이앤씨, ,"허창윤, 박준길",기타법인,110111-0822068,202-81-41983,"부산광역시 금정구 금정로 252 (구서동, 세정타워) 8층", ,,인력 공급업,1992-01-01,12월
주식회사 부흥컴퍼니,buheungcompany,부흥컴퍼니, ,허정무,기타법인,110111-6847747,261-81-27108,"서울특별시 강북구 덕릉로 107 (번동, 금보빌딩)",buheungcompany.com/,,그 외 기타 분류 안된 사업지원 서비스업,2018-08-21,12월
(주)북극성여행사,North Star Travel Agency,북극성여행사, ,ZHU HULIN,기타법인,110111-6498540,747-81-00919,"서울특별시 중구 퇴계로 213 (충무로4가, 일흥빌딩) 3층 309 47호", ,,여행사업,2017-08-01,12월
(주)북두시스템,BUKDUSYSTEM,북두시스템, ,정성문,기타법인,110111-6744654,653-88-01121,충청북도 제천시 바이오밸리2로 93 (왕암동), ,,상용 인력 공급 및 인사관리 서비스업,2018-05-09,12월
북한강관사병영 주식회사,"Bukhangang Powerful Army Co. , Ltd.",북한강관사병영, ,이근규,기타법인,110111-6241816,468-87-00624,강원도 인제군 상남면 내린천로 2548 상남리 110번지, ,,사업시설 유지ㆍ관리 서비스업,2016-11-30,12월
북항아이브리지주식회사,"Bukhang I'Bridge Co., Ltd",북항아이브리지, ,박경신,기타법인,180111-0560979,605-81-78302,"부산광역시 남구 북항로 176 (감만동, 북항아이브릿지(주)관리사무소)", ,,그 외 기타 분류 안된 사업지원 서비스업,2006-07-06,12월
(주)뷰티플휴먼,"BEAUTIFULHUMAN.,LTD",뷰티플휴먼, ,하천기,기타법인,110111-3163899,107-86-59408,"서울특별시 서초구 방배로25길 17 (방배동, 대한전광사옥) 301호,302호", ,,상용 인력 공급 및 인사관리 서비스업,2005-02-01,12월
(주)브라운네트웍스,BROWNNETWORKS,브라운네트웍스, ,손유성,기타법인,110111-3243956,107-86-65138,"서울특별시 중구 청계천로 100 (수표동, 시그니쳐타워) 동관 6층", ,,고용 알선업,2005-06-13,12월
(주)브라운에프엔비,brown F&B,브라운에프엔비, ,"고영석, 이인호",기타법인,110111-2635378,110-81-59087,"서울특별시 구로구 디지털로31길 38-21 705호(구로동, 이앤씨벤처드림타워3차)", ,,임시 및 일용 인력 공급업,2002-10-21,12월
주식회사 브랜드아키텍츠,"Brand Atchitects Co.,Ltd",브랜드아키텍츠, ,임준영,기타법인,110111-6007820,371-86-00380,서울특별시 마포구 잔다리로3길 7 (서교동) 현재빌딩 3층, ,,"전시, 컨벤션 및 행사 대행업",2016-03-22,12월
브로드밴드경기씨에스 (주),"Broadband Gyeonggi CS Co., Ltd.",브로드밴드경기씨에스, ,손이항,기타법인,134111-0147575,138-81-37252,경기도 안양시 동안구 평촌동 922-6 SK브로드밴드 빌딩, ,,콜센터 및 텔레마케팅 서비스업,2006-11-10,12월
브로드밴드광주씨에스 (주),"Broadband Gwangju CS Co., Ltd.",브로드밴드광주씨에스, ,이병민,기타법인,200111-0233050,408-81-71770,광주광역시 동구 금남로3가 1-11 SK브로드밴드 빌딩, ,,콜센터 및 텔레마케팅 서비스업,2006-11-10,12월
브로드밴드디앤엠 (주),"Broadband D&M Co., Ltd.",브로드밴드디앤엠, ,김기태,기타법인,110111-1509269,118-81-17887,서울특별시 동작구 신대방동 470-9번지 SK브로드밴드 9층,www.broadbanddnm.com,,사업시설 유지ㆍ관리 서비스업,1998-02-05,12월
브로드밴드부산씨에스 (주),"Broadband Busan CS Co., Ltd.",브로드밴드부산씨에스, ,박민혁,기타법인,180111-0573774,607-81-78818,부산광역시 연제구 연산동 588-20, ,,콜센터 및 텔레마케팅 서비스업,2006-11-10,12월
브로드밴드서울씨에스 (주),"Broadband Seoul CS Co., Ltd.",브로드밴드서울씨에스, ,손이항,기타법인,110111-3558842,209-81-43003,서울특별시 성북구 동선동2가 3-1 SK브로드밴드 빌딩 5층, ,,콜센터 및 텔레마케팅 서비스업,2006-11-10,12월
브로드밴드씨에스 (주),"Broadband CS Co., Ltd.",브로드밴드씨에스, ,최용석,기타법인,110111-1592595,214-86-26277,서울특별시 성북구 동선동2가 3-1 SK브로드밴드 빌딩 5층, ,,콜센터 및 텔레마케팅 서비스업,1998-10-01,12월
브로드밴드티에스 (주),"broadband TS Co.,Ltd",브로드밴드티에스, ,신현승,기타법인,281111-0119401,128-86-16842,"서울특별시 영등포구 영중로 15 (영등포동4가, 타임스퀘어) 에이동 20층", ,,콜센터 및 텔레마케팅 서비스업,2006-11-10,12월
(주)브룸에셋,Bloom Asset Limited,브룸에셋, ,김창준,기타법인,110111-2661357,220-86-52445,서울특별시 중구 회현동1가 194-15, ,,그 외 기타 분류 안된 사업지원 서비스업,2002-11-27,12월
주식회사 브이카,"V CAR CO.,LTD.",브이카, ,김상우,기타법인,110111-3839888,206-86-22697,서울특별시 성동구 금호로 102 벽산아파트 상가동 305호, ,,자동차 임대업,2008-02-13,12월
주식회사 블랙잭,BLACK JACK,블랙잭, ,YU RUNYONG(우윤영),기타법인,110111-7908332,881-81-02196,"서울특별시 중구 남대문로10길 9 (삼각동, 경기빌딩)", ,,여행사업,2021-06-07,12월
블랙호크네트워크코리아 유한회사,"Blackhawk Network Korea, LLC",블랙호크네트워크코리아, ,마크시드니싱어,기타법인,110114-0113552,101-86-72820,"서울특별시 종로구 종로 1 (종로1가, 교보생명빌딩) 15층",www.blackhawknetwork.com,,그 외 기타 분류 안된 사업지원 서비스업,2012-06-14,12월
주식회사 블루렌트카,bluerentcar,블루렌트카, ,백희순,기타법인,220111-0143065,332-87-00359,"제주특별자치도 제주시 서문로 4 , 4층 506호(용담일동, 서림타워)", ,,자동차 임대업,2016-03-15,12월
블루아이즈테크 주식회사,BLUEYESTECH,블루아이즈테크, ,전수용수용,기타법인,110111-8593778,288-81-03227,"서울특별시 강남구 선릉로93길 50 (역삼동, 현석타워) 3층 301호",www.blueyestech.co.kr/,,기타 산업용 기계 및 장비 임대업,2023-03-27,12월
(주)블루인마케팅서비스,"Bluein Marketing Service CO., LTD",블루인마케팅서비스, ,양홍석,기타법인,110111-2665664,220-86-52877,"서울특별시 서초구 방배로 105 (방배동, 디엠타워2관) 2~4층",www.bluein.kr,,"전시, 컨벤션 및 행사 대행업",2002-12-03,12월
(주)블루캐시,"BLUECASH,CO.LTD",블루캐시, ,최종남,기타법인,110111-3268946,120-86-84268,서울특별시 강남구 대치동 904-16 송산빌딩 2층, ,,그 외 기타 분류 안된 사업지원 서비스업,2005-07-13,12월
주식회사 비 더블유 에스 텍,BWSTECH,비더블유에스텍, ,남태현,기타법인,110111-1378341,229-81-26070,"경기도 용인시 처인구 모현읍 곡현로480번길 23 (매산리, BwsTech)", ,,"소독, 구충 및 방제 서비스업",1997-02-18,12월
주식회사비씨에스,"BCS Co.,Ltd",비씨에스, ,도현우,기타법인,180111-1348720,864-81-02100,부산광역시 금정구 중앙대로 1829 (구서동) 3층 302호, ,,경비 및 경호 서비스업,2025-03-16,12월
주식회사 비아이,BI Corporation,비아이, ,오재환,기타법인,230111-0289362,198-88-00848,"울산광역시 남구 중앙로 230 3층 (신정동, 대원빌딩)", ,,사업시설 유지ㆍ관리 서비스업,2018-02-08,12월
(주)비아이,bi co.kr,비아이, ,최재혁,기타법인,220111-0185869,132-88-01115,서울특별시 강남구 도산대로28길 46 3층(논현동), ,,여행사업,2019-01-25,12월
(주)비앤에이서비스,"B&A SERVICE CO.,LTD",비앤에이서비스, ,김정림,기타법인,180111-0300482,607-81-46543,부산광역시 동래구 명륜로 47 2층(수안동), ,,경비 및 경호 서비스업,1999-10-01,12월
(주)비에스관광개발,"BS TOUR CO.,LTD",비에스관광개발, ,김복자,기타법인,110111-3112135,211-87-57652,서울특별시 마포구 연남동 571-4번지 스페이스원 빌딩 2층,www.bstour.net,,여행사업,2004-11-06,12월
비에스에이치에스 주식회사,BSHS.co.Ltd,비에스에이치에스, ,이희수,기타법인,110111-6950962,416-87-01146,서울특별시 용산구 후암로16가길 29 (후암동), ,,사업시설 관리 및 조경 서비스업,2018-12-10,12월
주식회사 비에스에치,BSH CORP.,비에스에치, ,박서영,기타법인,110111-1556616,104-81-43770,서울특별시 강남구 테헤란로19길 39 (역삼동),www.bshcorp.com,,그 외 기타 분류 안된 사업지원 서비스업,1998-06-17,12월
주식회사 비에스온,"BS ON CO.,LTD",비에스온, ,"이강진, 전용우",기타법인,110111-4504894,129-86-55571,"서울특별시 영등포구 영등포로 193 (영등포동6가, BS타워)",www.bsrental.com,,컴퓨터 및 사무용 기계ㆍ장비 임대업,2011-01-03,12월
(주)비에스휴먼텍,BS HUMANTECH,비에스휴먼텍, ,정병영,기타법인,180111-0575671,607-81-79438,부산광역시 연제구 거제동 890-1 정은빌딩 5층, ,,콜센터 및 텔레마케팅 서비스업,2007-01-20,12월
비엔케이신용정보 주식회사,"BNK Credit Information Co.,Ltd.",비엔케이신용정보, ,김성주,기타법인,180111-0452837,605-81-61096,부산광역시 동구 범일로 92 (범일동),www.bnkci.co.kr,,신용 조사 및 추심 대행업,2003-06-17,12월
(주)비엠에스종합개발,BEST MANAGEMENT SYSTEM OVERALL DEVELOPMENT.CO,비엠에스종합개발, ,오명숙,기타법인,121111-0144352,130-86-21144,"경기도 부천시 소향로13번길 20 (상동, 테마파크) 701호", ,,건축물 일반 청소업,2006-04-12,12월
주식회사 비엠케이,BMK,비엠케이, ,이재원,기타법인,234111-0073521,621-86-06329,부산광역시 금정구 금단로 206 (남산동),경기도 성남시 수정구 제일로,,건설 및 토목공사용 기계ㆍ장비 임대업,2020-03-25,12월
주식회사 비엠코리아,bmkorea,비엠코리아, ,박준석 이지현,기타법인,134111-0193346,138-81-61408,경기도 안양시 동안구 관악대로434번길 9-30 평일빌딩 5층, ,,사업시설 유지ㆍ관리 서비스업,2010-08-01,12월
(주)비오워크,"BOWORK Co.,Ltd",비오워크, ,이병훈,기타법인,110111-2628266,215-86-35712,"서울특별시 송파구 법원로11길 7 (문정동, 문정현대지식산업센터1-2) , C동 422호", ,,사업시설 유지ㆍ관리 서비스업,2002-10-10,12월
비전21,Vision21,비전21, ,류인혁,기타법인,171711-0077668,506-81-64103,경상북도 포항시 남구 대도동 100-1 102, ,,사업시설 유지ㆍ관리 서비스업,2008-05-08,12월
비전오피텍 주식회사,"Vision optech co.,ltd",비전오피텍, ,최성문,기타법인,110111-4883347,107-87-72539,"서울특별시 영등포구 의사당대로1길 25,902호(여의도동,하남빌딩)", ,,기타 사무지원 서비스업,2012-06-05,06월
(주)비즈인사이트,bizinsight,비즈인사이트, ,김형태,기타법인,110111-3668386,107-86-90485,"서울특별시 서대문구 충정로 7 (충정로3가, 구세군빌딩) B1 6호",www.bizinsight.co.kr/,,콜센터 및 텔레마케팅 서비스업,2007-05-01,12월
주식회사 비즈컨설팅,"BIZCONSULTING CO., LTD.",비즈컨설팅, ,김태흔,기타법인,110111-4208686,119-86-22296,"서울특별시 서초구 강남대로101길 43 2층 (잠원동, 유영빌딩)",bizconsulting.co.kr,,그 외 기타 분류 안된 사업지원 서비스업,2009-10-30,12월
주식회사 비즈테크온,"Biztech On Co., Ltd.",비즈테크온, ,송정훈,기타법인,110111-8355178,440-81-02530,"서울특별시 마포구 매봉산로 75 (상암동, 디디엠씨(DDMC)) 12층", ,,인력 공급업,2022-07-01,12월
(주)비즈테크 파트너스,"BizTechPartners Co.,Ltd.",비즈테크파트너스, ,이재성,기타법인,110111-6169266,136-87-00498,"서울특별시 영등포구 선유서로 50 (문래동6가, 엘지전자강서빌딩) 2층", ,,그 외 기타 분류 안된 사업지원 서비스업,2016-09-06,12월
주식회사 비케이디지웍,BK DigiWorks,비케이디지웍, ,이대성,기타법인,110111-4194827,114-86-77442,서울특별시 서초구 방배동 456-1 206, ,,사업지원 서비스업,2009-12-01,12월
(주)비코트립,"BICO TRIP CO., LTD",비코트립, ,왕섄,기타법인,110111-3454991,101-86-23805,"서울특별시 서대문구 충정로 7 (충정로3가, 구세군빌딩)", ,,여행사업,2006-05-10,12월
(주)비티앤아이여행사,business travel&incentive tour,비티앤아이여행사, ,송경애,기타법인,110111-0524599,105-81-42570,서울특별시 강남구 역삼동 820-8 신성빌딩 403호,www.btnikorea.com,,여행사업,1987-08-01,12월
(주)비티에스,"BTS Co., Ltd.",비티에스, ,최순용,기타법인,180111-0049931,601-81-13893,"부산광역시 영도구 대교로 22 (봉래동2가, 미광마린타워)", ,,인력 공급업,1984-12-01,12월
비티엠써비스 주식회사,"BTM Services. Co.,Ltd",비티엠써비스, ,박상앙,기타법인,110111-2152934,113-81-66821,"서울특별시 영등포구 경인로 775 1-821,(문래동3가, 에이스하이테크시티)",www.btms.co.kr,,사업시설 유지ㆍ관리 서비스업,2001-01-17,12월
(주)비포스,"BPOS Co.,Ltd.",비포스, ,김봉섭,기타법인,110111-2729379,214-87-29704,"서울특별시 금천구 디지털로9길 32 (가산동, 갑을그레이트밸리) 206호",www.bpos.co.kr,,콜센터 및 텔레마케팅 서비스업,2003-03-06,12월
주식회사 빅보스투어,"BIGBOSS TOUR CO., LTD.",빅보스투어, ,ZHANG JIE,기타법인,110111-6422010,779-88-00763,"서울특별시 중구 장충단로 275 지하2층(을지로6가, 두산타워빌딩)", ,,여행사 및 기타 여행보조 서비스업,2017-06-07,12월
빅스산업 주식회사,BIGS,빅스산업, ,이성애,기타법인,110111-8153598,384-81-02531,"서울특별시 서초구 사평대로 150 (반포동, 궁전상가) 308호",-,,사업시설 유지ㆍ관리 서비스업,2022-01-05,12월
주식회사 빅트리,"Bigtree co.,ltd",빅트리, ,최병호,기타법인,134511-0228418,142-81-69281,"경기도 용인시 처인구 남사면 경기동로 101 (북리, 엠디플렉스)", ,,임대업; 부동산 제외,2014-03-10,12월
(주)빌드엠파트너스,chael S&S,빌드엠파트너스, ,양재열,기타법인,110111-4153873,120-87-43323,"서울특별시 강남구 광평로56길 8-13 (수서동, 수서타워) 1216,1217호", ,,경비 및 경호 서비스업,2009-08-10,12월
(주)빌리스 코리아,billsikorea,빌리스코리아, ,천상영,기타법인,224111-0023891,616-86-11188,"제주특별자치도 서귀포시 천제연로 273-22 (중문동, 중문스마트타운) B동B106호",www.billiskorea.co.kr,,사업시설 관리 및 조경 서비스업,2013-11-15,12월
(주)빌컴,builcomm,빌컴, ,지창옥,기타법인,110111-2921892,201-81-84994,"서울특별시 중구 퇴계로 202 5층 (필동2가, 풍산빌딩)", ,,사업시설 유지ㆍ관리 서비스업,2003-12-24,12월
주식회사 빌코비전,"bilcovision co., ltd",빌코비전, ,정경주,기타법인,110111-4060383,201-86-10288,부산광역시 연제구 거제대로 295 4층(거제동),www.bilcovision.co.kr,,임시 및 일용 인력 공급업,2009-03-13,12월
주식회사 빌텍,"BILTECH CO.,LTD",빌텍, ,신해철,기타법인,110111-1575450,120-81-82402,"서울특별시 서초구 명달로 9 (방배동, 방배빌딩) 4층",www.biltech.com,,사업시설 유지ㆍ관리 서비스업,1998-08-01,12월
빌포스트(주),BILL POST CO. LTD.,빌포스트, ,정재기,기타법인,110111-2039512,220-81-94270,"서울특별시 광진구 자양로 76 (자양동, 동서울우편집중국)",billpost.co.kr,,그 외 기타 분류 안된 사업지원 서비스업,2000-08-01,12월
(주)빗썸나눔,"Bithumb Nanum Co., Ltd.",빗썸나눔, ,이서윤,기타법인,110111-8832879,685-86-02929,"서울특별시 강남구 테헤란로 124 (역삼동, 삼원타워),18층", ,,그 외 기타 사업지원 서비스업,2024-01-03,12월
주식회사 빗썸서비스,bithumb service,빗썸서비스, ,강두식,기타법인,110111-6633427,619-81-07280,"서울특별시 서초구 강남대로 343 (서초동, 신덕빌딩) 4층", ,,그 외 기타 사업지원 서비스업,2018-01-18,12월
주식회사 빠른컴퍼니,giftcard,빠른컴퍼니, ,이한솔,기타법인,120111-1265299,749-81-02757,인천광역시 부평구 장제로 228 (부개동) 1층 좌측 두번째,www.빠른티켓.com,,온라인 활용 마케팅 및 관련 사업지원 서비스업,2022-10-13,12월
(주)빨랑,"BBalRang.Co.,Ltd",빨랑, ,김상현,기타법인,110111-2737108,211-87-29888,서울특별시 강남구 신사동 630-2 외3필지 신사빌딩2층,http://www.bbalrang.com,,그 외 기타 분류 안된 사업지원 서비스업,2003-03-13,12월
주식회사 쁘띠프랑스,Petite France,쁘띠프랑스, ,한홍섭,기타법인,124411-0062414,137-81-55709,경기도 가평군 청평면 고성리 616-2,8200camp@naver.com,,여행사 및 기타 여행보조 서비스업,2003-08-26,12월
사단법인부산항시설관리센터,bpfmc,사단법인부산항시설관리센터, ,이진걸,기타법인,185121-0004658,602-82-08901,부산광역시 중구 충장대로 24 (중앙동4가) 연안여객터미널2층,www.bpfmc.or.kr,,사업시설 유지ㆍ관리 서비스업,2014-01-01,12월
(주)사람과사람,"SARAM & SARAM CO.,LTD",사람과사람, ,정영기,기타법인,230111-0051711,610-81-32948,울산광역시 남구 두왕로34번길 38-28 (선암동), ,,임시 및 일용 인력 공급업,1998-08-27,12월
(주)사람마중,-,사람마중, ,이지영,기타법인,110111-3886459,105-87-21295,"서울특별시 은평구 통일로 856 (불광동, 메트로타워)3층,3008호",sarammajung.com/,,고용알선 및 인력공급업,2008-04-24,12월
주식회사 사람인에이치에스,"SaraminHS Co., Ltd",사람인에이치에스, ,이성권,기타법인,110111-6049335,462-87-00378,서울특별시 강서구 공항대로 165 원그로브 C동 10층(마곡동),www.saraminhs.co.kr,,상용 인력 공급 및 인사관리 서비스업,2016-05-02,12월
(주)사랑누리,(주)사랑누리,사랑누리, ,오상현,기타법인,150111-0209507,606-88-00091,충청북도 청주시 흥덕구 오송읍 오송생명1로 151 (연제리)  엘지생명과학오송캠퍼스, ,,포장 및 충전업,2015-10-01,12월
(주)사비즈,SABIZ.CO.Ltd.,사비즈, ,김희정,기타법인,110111-1850282,220-81-74819,서울특별시 강남구 도곡2동 417-1호 우성빌딩 3층,www.sabiz.co.kr,,인력 공급업,1999-03-05,12월
사상해운대고속도로(주),"Sasanghaeundae Expressway Co.,Ltd.",사상해운대고속도로, ,양동완,기타법인,110111-8639712,466-87-02422,"서울특별시 종로구 종로 33 (청진동, 그랑서울)", ,,사업시설 유지ㆍ관리 서비스업,2023-05-17,12월
주식회사 사조씨앤씨,sajo consumer&company,사조씨앤씨, ,장희섭,기타법인,110111-4132504,114-86-74445,서울특별시 서초구 방배천로2길 12 (방배동),www.sajocnc.com/,,고용 알선업,2009-08-01,12월
산은비즈 주식회사,KDBBIZ,산은비즈, ,정성욱,기타법인,110111-7028502,864-87-01189,"서울특별시 영등포구 국회대로 786 (여의도동, B&B타워) 9층",www.kdbbiz.co.kr,,사업시설 유지ㆍ관리 서비스업,2019-02-28,12월
(주)삼경엠에스,"samkyeong ms co.,ltd",삼경엠에스, ,엄연옥,기타법인,110111-3584847,201-86-00043,"경기도 군포시 엘에스로 172 212호(금정동, 한림휴먼타워)",www.iskms.com,,사업시설 유지ㆍ관리 서비스업,2007-01-31,12월
주식회사 삼공통상,"SAMGONG TRADING CO., LTD",삼공통상, ,홍지연,기타법인,131211-0018280,126-81-75554,경기도 여주시 북내면 신라그린길 84 (덕산리)산6-5, ,,기타 산업용 기계 및 장비 임대업,2003-12-20,12월
(주)삼구아이앤씨,SAMKOO Inc,삼구아이앤씨, ,구자관 동일범,기타법인,110111-0195390,118-81-15986,"서울특별시 중구 청계천로 100 (수표동, 시그니쳐타워) 동관6층",www.samkoo.com,,사업시설 유지ㆍ관리 서비스업,1976-05-15,12월
(주)삼구에프에스,SAMKOO FS,삼구에프에스, ,조명근,기타법인,110111-2923864,108-81-64141,"서울특별시 강서구 마곡중앙로 143 타워비동 5층 7-16호(마곡동, 르웨스트시티)",www.samkoo.com,,인력 공급업,2004-01-01,12월
(주)삼구엘에스,samkoo LS,삼구엘에스, ,손유성,기타법인,230111-0171923,610-86-05373,"서울특별시 중구 청계천로 100 (수표동, 시그니쳐타워) 동관 6층", ,,임시 및 일용 인력 공급업,2010-12-24,12월
(주)삼백골프클럽,sam back golf club,삼백골프클럽, ,김순건,기타법인,110111-3157529,215-86-70849,서울특별시 송파구 삼전동 180-4 우진빌딩 302호,zamesh@hanmail.net,,그 외 기타 분류 안된 사업지원 서비스업,2005-05-26,12월
(주)삼보렌트카,Sambo Rentcar,삼보렌트카, ,최장순,기타법인,110111-0407076,106-81-42874,"서울특별시 서초구 서초대로 127 (방배동, 혁성빌딩)", ,,자동차 임대업,1985-09-18,12월
삼보엠피(주),SAMBOMP,삼보엠피, ,정재욱,기타법인,110111-0739502,106-81-26457,서울특별시 서초구 효령로31길 86 (방배동), ,,상용 인력 공급 및 인사관리 서비스업,1991-01-01,12월
(주)삼성보안공사,"SAM SUNG SECURITY CO.,LTD",삼성보안공사, ,한영희,기타법인,180111-0251388,604-81-37079,"부산광역시 서구 구덕로 216 (부민동1가, 명보빌딩) 8층", ,,임시 및 일용 인력 공급업,1998-02-18,12월
주식회사 삼성씨에스,-,삼성씨에스, ,이재광,기타법인,195511-0080386,609-81-78959,"경상남도 창원시 성산구 마디미로56번길 14 (상남동, 아모르빌딩) 4층, 401호",-,,기타 사무지원 서비스업,2007-07-18,12월
삼성전자서비스씨에스 주식회사,"SAMSUNG ELECTRONICS SERVICE CUSTOMER SATISFACTION., LTD.",삼성전자서비스씨에스, ,이명옥,기타법인,135811-0352541,789-87-01103,"경기도 수원시 영통구 중부대로 324 (매탄동, KT동수원지사)", ,,콜센터 및 텔레마케팅 서비스업,2018-11-05,12월
(주)삼성티엠에스,samsungtms,삼성티엠에스, ,권삼찬,기타법인,174611-0027042,607-81-38188,"부산광역시 부산진구 서전로10번길 28 (부전동, 오기빌딩)1201호",samsungtms.co.kr,,상용 인력 공급 및 인사관리 서비스업,1996-11-30,12월
삼아주식회사,SAM A,삼아, ,방병철,기타법인,134511-0276368,572-86-00227,"경기도 용인시 기흥구 탑실로 152 (공세동, 탑실마을대주피오레2단지) 203동 1902호", ,,건축물 일반 청소업,2016-01-01,12월
삼아개발 주식회사,"SamA Development Co., Ltd.",삼아개발, ,이광준,기타법인,180111-0268812,601-81-34321,부산광역시 중구 중앙동4가 36-14 반도빌딩 711호, ,,기타 운송장비 임대업,1998-10-22,12월
삼영파트너스 주식회사,"Samyoung Partners Co., Ltd.",삼영파트너스, ,전창옥,기타법인,194311-0007080,172-86-03572,경상남도 함안군 칠서면 공단서길 40 (대치리), ,,사업시설 유지ㆍ관리 서비스업,2025-10-16,12월
삼우서비스 주식회사,"samwooservice co.,Ltd",삼우서비스, ,김성용,기타법인,134111-0115704,123-81-96720,경기도 안양시 만안구 안양로 503 301(석수동), ,,"소독, 구충 및 방제 서비스업",2004-02-19,12월
(주)삼우통상,"SAMWOO TRADING., LTD",삼우통상, ,황영수,기타법인,120111-0072058,131-81-20463,"인천광역시 미추홀구 한나루로 573 (주안동, 유한빌딩) 3층",www.35om.com,,사업시설 유지ㆍ관리 서비스업,1992-02-17,12월
주식회사 삼이시스템,samesystem,삼이시스템, ,장윤근,기타법인,170111-0637134,602-87-00767,대구광역시 남구 대명로 72 (대명동) 7층702호,samesystem.co.kr,,건설 및 토목공사용 기계ㆍ장비 임대업,2017-03-22,12월
(주)삼이시스템,SAME SYSTEM.LTD,삼이시스템, ,채병훈,기타법인,174711-0026232,505-81-57064,경상북도 영천시 청통면 청통로 428-39 (보성리), ,,산업용 기계 및 장비 임대업,2009-09-08,12월
(주)삼익,SAMIK,삼익, ,전문수,기타법인,220111-0009126,616-81-07087,제주특별자치도 제주시 연동 282-27,www.isamik.co.kr,,건축물 일반 청소업,1991-02-05,12월
주식회사 삼익에스 ,"SAMIKS Co., Ltd.",삼익에스, ,전문수,기타법인,220111-0058686,616-81-59076,제주특별자치도 제주시 신대로12길 37 2층 (연동), ,,사업시설 유지ㆍ관리 서비스업,2006-11-28,12월
(주)삼정매니지먼트,"SJM.Co.,Ltd.",삼정매니지먼트, ,이선용,기타법인,110111-2819766,221-81-38460,강원특별자치도 춘천시 안마산로 324-8 (석사동), ,,경비 및 경호 서비스업,2011-04-27,12월
(주)삼정바이브로텍,SAMJUNG VIBRO TECH,삼정바이브로텍, ,박동규,기타법인,110111-2010710,113-81-62941,서울특별시 구로구 오류로 86  780호(오류동), ,,산업용 기계 및 장비 임대업,2000-07-01,12월
(주)삼정씨앤비,samjung C&B.corp.,삼정씨앤비, ,정재표,기타법인,131311-0171094,210-81-78083,"경기도 평택시 경기대로 1286 4층(이충동, 명성빌딩)", ,,"산업설비, 운송장비 및 공공장소 청소업",2016-10-05,12월
(주)삼정에스앤피,"Sam Jung S&P Co.,Ltd",삼정에스앤피, ,손혁,기타법인,110111-4485838,211-88-52713,서울특별시 강남구 논현동 249-6 논현로얄팰리스 403호, ,,기타 여행 보조 및 예약 서비스업,2010-12-07,12월
삼진엠피에스주식회사,SAMJINMPS CO.,삼진엠피에스, ,최낙기,기타법인,110111-2209264,120-86-19622,"서울특별시 송파구 올림픽로 80 (잠실동, 영원빌딩)", ,,고용 알선업,2001-04-06,12월
삼척에너지 주식회사,"Samcheok Energy Co.,Ltd",삼척에너지, ,배동환,기타법인,144611-0017370,222-81-30457,"강원도 삼척시 동양길 20 (사직동, 삼척에너지)", ,,기타 산업용 기계 및 장비 임대업,2013-07-29,12월
(주)삼천리렌트카,SAM CHEON RI RENT CAR,삼천리렌트카, ,이을숙,기타법인,180111-0241496,621-81-28328,부산광역시 강서구 공항진입로 28 (대저2동), ,,자동차 임대업,2011-07-15,12월
삼호실업(주),samho industrial co.ltd,삼호실업, ,장인수,기타법인,110111-0029531,116-81-09848,"서울특별시 영등포구 여의나루로 71 (여의도동, 동화빌딩) 1403호", ,,건축물 일반 청소업,1970-10-08,06월
삼환기술개발주식회사,"Samwhan Engineering & Development Co., Ltd.",삼환기술개발, ,정화동,기타법인,110111-0117774,129-81-21246,"경기도 성남시 분당구 돌마로476번길 31 (서현동, 효자촌삼환아파트)", ,,여행사업,1971-07-10,12월
(주)상록골프앤리조트,"Sangnok Golf and Resort co., Ltd.",상록골프앤리조트, ,이규식,기타법인,161511-0252042,523-81-01495,"충청남도 천안시 동남구 수신면 수신로 576 (장산리, 상록리조트)", ,,상용 인력 공급 및 인사관리 서비스업,2019-07-01,12월
(주)상림이엔씨,sanglim e&c,상림이엔씨, ,이희,기타법인,134111-0489951,582-86-01072,"경기도 의왕시 오봉산단3로 25 (삼동, 의왕테크노파크더리브비즈원)", ,,조경 관리 및 유지 서비스업,2018-04-20,12월
상명이엔에스주식회사,"Sangmyung ENS Co. ,Ltd.",상명이엔에스, ,성정헌,기타법인,110111-7401948,180-87-01475,"서울특별시 동대문구 천호대로79길 35 (장안동, 에스엠타운) 2층", ,,사업시설 유지ㆍ관리 서비스업,2020-02-21,12월
상명진흥주식회사,"SangMyung co.,Ltd",상명진흥, ,성정헌,기타법인,110111-1393901,205-81-36612,"서울특별시 동대문구 천호대로79길 35 2층(장안동, 에스엠타운)",sangmyung.biz/,,사업시설 유지ㆍ관리 서비스업,1997-04-01,12월
주식회사 상상,sangsang,상상, ,구영찬,기타법인,170111-0395047,504-81-85209,"대구광역시 중구 중앙대로 390 (동성로3가, 센트럴엠) 1201호", ,,그 외 기타 분류 안된 사업지원 서비스업,2010-01-13,12월
(주)상우시스템,Sangwoo System,상우시스템, ,변명선,기타법인,285011-0303292,650-81-00177,경기도 고양시 덕양구 마상로126번길 95 (주교동), ,,보안시스템 서비스업,2015-09-04,12월
(주)상원에스앤씨,sangwonS&C,상원에스앤씨, ,이종준,기타법인,170111-0268278,502-81-75608,"대구광역시 수성구 지범로 196 2층(범물동, (주)한국상업은행범물동지점)", ,,경비 및 경호 서비스업,2004-07-06,12월
(주)상일종합관리,SANGIL,상일종합관리, ,전종수,기타법인,174811-0054273,515-81-39160,대구광역시 남구 용두방천2길 34 3층(이천동),www.sangilsys.co.kr/,,사업시설 유지ㆍ관리 서비스업,2010-04-05,12월
(주)상일테크,sangiltech,상일테크, ,정문자,기타법인,120111-0334889,121-81-65712,인천광역시 미추홀구 한나루로357번길 5-4 (학익동) 2층,sangiltech.com/,,경비 및 경호 서비스업,2004-02-01,12월
주식회사 상품권가게,"ticketstore co.,ltd",상품권가게, ,강천일,기타법인,134111-0397203,138-81-98958,"경기도 안양시 동안구 동안로 120 (호계동, 평촌스포츠센타) 109호",www.ticketstore.co.kr,,그 외 기타 분류 안된 사업지원 서비스업,2014-11-14,12월
주식회사 상품권플러스,"Gift Certificate Plus Co., Ltd",상품권플러스, ,김재철,기타법인,160111-0687959,468-88-02819,대전광역시 유성구 문화원로146번길 7-21 (봉명동) 105호, ,,그 외 기타 분류 안된 사업지원 서비스업,2024-04-16,12월
주식회사 새로넷고객센터,"Saeronet Call Center Co., Ltd",새로넷고객센터, ,김용식,기타법인,176011-0049674,513-81-44217,경상북도 구미시 송정동 274-9, ,,콜센터 및 텔레마케팅 서비스업,2007-03-16,12월
새롬씨큐리티 주식회사,"Saeromsecurity Co,.Ltd",새롬씨큐리티, ,황요섭,기타법인,134111-0624812,398-87-02435,"경기도 안양시 만안구 덕천로152번길 25 (안양동, 안양아이에스BIZ타워센트럴) 534호", ,,경비 및 경호 서비스업,2022-12-02,12월
새롬에스앤씨 주식회사,hanyangsystem,새롬에스앤씨, ,황요섭,기타법인,110111-1441461,123-81-81552,경기도 안양시 만안구 박달로489번길 11 (박달동), ,,건물ㆍ산업설비 청소 및 방제 서비스업,1997-07-18,12월
새서울산업주식회사,"SAESEOUL CD.,LTD.",새서울산업, ,박종남,기타법인,110111-0298201,120-81-00676,"서울특별시 강남구 선릉로 664 (삼성동, 건설빌딩) 211호",sseoul.co.kr/,,그 외 기타 분류 안된 사업지원 서비스업,1981-06-17,12월
(유)새한국제여행사,Sae Han International Travel Limited.,새한국제여행사, ,박호산,기타법인,220114-0005201,616-86-18838,"서울특별시 강남구 테헤란로 445 (삼성동, 본솔빌딩)", ,,여행사 및 기타 여행보조 서비스업,2014-07-11,12월
(주)새한렌탈,se han rental co,새한렌탈, ,파산관재인 정성철,기타법인,110111-0863624,220-81-01539,서울특별시 강남구 논현동 203-1 거평빌딩 에이동 2층, ,,기타 산업용 기계 및 장비 임대업,1992-08-01,03월
새한신용정보(주),"SAEHAN CREDIT INFORMATION CO.,LTD",새한신용정보, ,지광윤,기타법인,110111-0092504,202-81-43754,"서울특별시 금천구 두산로 70 A동 T-205호(독산동,현대지식산업센터)",www.shcinfo.com,,신용 조사 및 추심 대행업,1969-02-04,12월
새한에프앤비(주),SAEHAN F&B,새한에프앤비, ,이정우,기타법인,174611-0016699,506-81-14262,서울특별시 강남구 삼성로149길 3-9 (청담동), ,,건축물 일반 청소업,1993-08-07,12월
샤프전자부품주식회사,SHARP ELECTRONIC COMPONENTS CORP.,샤프전자부품, ,이기호,기타법인,110111-0832687,105-81-51268,서울특별시 마포구 도화동 541 거성빌딩 501호,www.sharpseck.co.kr,,그 외 기타 분류 안된 사업지원 서비스업,1992-01-28,12월
서경에너지서비스(주),Seokyong Energy Service,서경에너지서비스, ,심성욱,기타법인,110111-3719460,108-81-80632,"서울특별시 동작구 여의대방로54길 14 3층(대방동, 경준빌딩)", ,,사업시설 유지ㆍ관리 서비스업,2007-07-16,12월
서륭통상주식회사,sureung trading corporation,서륭통상, ,김영규,기타법인,110111-0172075,202-81-47823,서울특별시 중구 다동 131 삼덕빌딩,www.sureung.com,,그 외 기타 분류 안된 사업지원 서비스업,1974-12-15,06월
서림주택관리(주),SEOLIMHOUSING MANAGEMENT,서림주택관리, ,"정동현, 김호종",기타법인,110111-0268733,108-81-38338,"서울특별시 동작구 사당로17길 8 대림프라자상가3층308호(사당동, 대림아파트)",www.seolimhouse.com,,사업시설 유지ㆍ관리 서비스업,1985-08-01,12월
서부도시가스서비스(주),Seo bu City Gas Service,서부도시가스서비스, ,안광원,기타법인,110111-4017871,117-81-67365,서울특별시 양천구 목동중앙북로10길 10 (목동), ,,사업시설 유지ㆍ관리 서비스업,2009-01-01,12월
서비스나우코리아 유한회사,ServiceNow Korea Limited,서비스나우코리아, ,"마크에이단코커릴, 마크윌리엄앨로이",기타법인,110114-0241387,834-81-01245,"서울특별시 강남구 테헤란로 152 (역삼동, 강남파이낸스센터) 4층", ,,그 외 기타 분류 안된 사업지원 서비스업,2019-05-02,12월
서비스에이스(주),"Serviceace Co.,Ltd",서비스에이스, ,이종규,기타법인,110111-4368688,113-86-39969,"서울특별시 영등포구 문래로28길 25 (문래동3가, 세미콜론문래) S타워 7층",www.serviceace.co.kr,,콜센터 및 텔레마케팅 서비스업,2010-06-10,12월
서비스탑(주),Service Top,서비스탑, ,오남주,기타법인,160111-0281090,314-86-15823,대전광역시 서구 문정로 41 sk텔레콤 14층,www.svctop.com,,콜센터 및 텔레마케팅 서비스업,2010-06-11,12월
주식회사 서비스플러스,serviceplus.ltd,서비스플러스, ,최영호,기타법인,135311-0012939,138-81-54305,"서울특별시 마포구 와우산로 118  5층(창전동, 후암빌딩)",www.serviceplus.com,,건축물 일반 청소업,2009-07-27,12월
(주)서빅,SERVIC Co.,서빅, ,이기범,기타법인,110111-3659799,214-88-07070,"서울특별시 용산구 한남대로 98 (한남동, 일신빌딩 5층)", ,,상용 인력 공급 및 인사관리 서비스업,2007-04-16,12월
서빈산업주식회사,Seobin.Co.Ltd,서빈산업, ,조동식,기타법인,110111-2213322,211-86-73825,서울특별시 강남구 논현동 5-4 광명빌딩 307,www.seobin.com,,인력 공급업,2001-04-02,12월
(주)서우투어 ,seowootour,서우투어, ,전청호,기타법인,110111-5963643,250-87-00362,"서울특별시 중구 남대문로7길 29 (소공동, 복창빌딩)702호", ,,여행사업,2016-03-16,12월
(주)서운,"Seoun Security & Total Service Co., Ltd",서운, ,박영상,기타법인,110111-0305931,106-81-36125,서울특별시 성동구 자동차시장1길 17 (용답동),www.seoun.co.kr,,인력 공급업,1981-10-31,12월
서운에스엠(주),seounsm,서운에스엠, ,이원형,기타법인,134211-0009335,106-81-52708,"서울특별시 성동구 자동차시장1길 17 (용답동, 서운빌딩)", ,,사업시설 관리 및 조경 서비스업,1993-07-29,12월
서운에스오엠(주),"Seoun Service of Manufacturing Co.,Ltd",서운에스오엠, ,최정호,기타법인,160111-0261894,305-81-99256,서울특별시 성동구 자동차시장1길 17 서운빌딩 5층,www.seoun.co.kr,,사업시설 유지ㆍ관리 서비스업,2009-07-06,12월
서운피오에스(주),SeounPOS,서운피오에스, ,김기철,기타법인,110111-6691194,419-81-00988,"서울특별시 성동구 자동차시장1길 17 5층(용답동, 서운빌딩)", ,,상용 인력 공급 및 인사관리 서비스업,2018-03-19,12월
서울농수산물도매시장정산(주),Seoul Public Wholesale Market Payment Service Incorporated,서울농수산물도매시장정산, ,"정환수, 강민규",기타법인,110111-5279818,215-87-86810,"서울특별시 송파구 양재대로 932 (가락동, 가락동농수산물도매시장) 3층 43-1",www.garakjs.co.kr,,기타 사무지원 서비스업,2013-11-26,12월
서울농수산시장관리주식회사,SEOUL AGRO-FISHERIES&FOOD MARKET MANAGEMENT,서울농수산시장관리, ,이영민,기타법인,110111-5281144,215-87-86896,"서울특별시 송파구 양재대로 932 관리금융동 5층 (가락동, 가락동농수산물도매시장)",www.snssgarak.co.kr,,사업시설 유지ㆍ관리 서비스업,2013-12-02,12월
서울대메디컬허브 주식회사,"SEOULUNIVERSITYMEDICALHUB Co.,Ltd",서울대메디컬허브, ,안상한,기타법인,110111-5499151,261-81-17099,"서울특별시 강남구 언주로 726 (논현동, 두산빌딩)", ,,사업시설 유지ㆍ관리 서비스업,2014-08-25,12월
서울도시철도그린환경주식회사,Seoul Metropolitan Rapid Transit Green Enviromental Corp.,서울도시철도그린환경, ,양주상,기타법인,110111-5097921,105-87-84932,서울특별시 마포구 월드컵로 202 오성빌딩 2층,www.smrtgen.co.kr,,건축물 일반 청소업,2013-04-01,12월
서울동방관광주식회사,SEOUL ORIENT EXPRESS CORP,서울동방관광, ,조용장,기타법인,110111-0210750,101-81-03406,서울특별시 종로구 경운동 70,www.soec.co.kr,,여행사업,1977-03-11,12월
(주)서울메트로환경,seoulmetroclean,서울메트로환경, ,석락희,기타법인,110111-5143857,206-86-78167,"서울특별시 서초구 효령로 5 (방배동, 서울메트로)서울교통공사 사당별관 3층",www.cleanmetro.co.kr,,건물ㆍ산업설비 청소 및 방제 서비스업,2013-05-24,12월
(주)서울커뮤니케이션,Seoul Communication ltd. ,서울커뮤니케이션, ,강건식,기타법인,110111-1008360,220-81-15391,"경기도 과천시 관문로 92 2003호~2005호(중앙동, 힐스테이트과천중앙)",www.scman.co.kr,,상용 인력 공급 및 인사관리 서비스업,1994-02-02,12월
서울학교사랑 주식회사,SEOULSCHOOLLOVE CORPORATION,서울학교사랑, ,고광정,기타법인,110111-4133362,107-87-22612,서울특별시 영등포구 영등포동6가 3-2 양우화인텔 307, ,,사업시설 유지ㆍ관리 서비스업,2009-07-08,12월
주식회사서조코퍼레이션,seojo corporation,서조코퍼레이션, ,이서호,기타법인,110111-6616580,132-86-35789,"서울특별시 중구 통일로 86 (순화동, 바비엥3)  12층 6호",www.seojo.co.kr,,그 외 기타 분류 안된 사업지원 서비스업,2018-02-08,12월
(주)서종글로벌,"Seo jong Global Co.,Ltd.",서종글로벌, ,서성만,기타법인,110111-6058526,685-86-00348,서울특별시 서초구 서초중앙로8길 38-30 (서초동),www.seojongglobal.com,,사업시설 유지ㆍ관리 서비스업,2016-05-12,12월
서추자에너지 주식회사,"Seo Chuja Energy Co., Ltd.",서추자에너지, ,BRAATHEN BJOERN INGE,기타법인,201111-0061814,722-88-01543,제주특별자치도 제주시 승천로 57 3층 2000호 (아라이동), ,,그 외 기타 분류 안된 사업지원 서비스업,2020-10-12,12월
주식회사 서평,주식회사 서평,서평, ,이현주,기타법인,160111-0191778,305-81-76044,대전광역시 동구 용전동 21-3 종근당빌딩 705호, ,,인력 공급업,2005-07-01,12월
서한기업주식회사,seohan enterprise co ltd,서한기업, ,정유진,기타법인,110111-0393663,204-81-11641,서울특별시 동대문구 답십리5동 481∼498 우창빌딩 8층,www.infojob.co.kr,,인력 공급업,1985-03-28,12월
(주)서한스카이,"seohansky co.ltd.,",서한스카이, ,최영희,기타법인,110111-6803286,474-87-01079,"서울특별시 강남구 도곡로 112 (도곡동, 서한빌딩)", ,,임대업; 부동산 제외,2018-03-01,12월
서한실업주식회사,SEOHAN,서한실업, ,노정조,기타법인,200111-0279046,408-81-19513,광주광역시 남구 대남대로 263 (백운동) 삼일빌딩 4층, ,,임시 및 일용 인력 공급업,1991-03-22,12월
서한통산(주),"seohan industrial co., ltd",서한통산, ,정정부,기타법인,110111-0809389,204-81-21440,"서울특별시 동대문구 천호대로 295 (답십리동, 우창프라자아파트) 802호",www.infojob.kr,,인력 공급업,1991-10-11,12월
서해인사이트(주),SEOHAEINSIGHT CO. LTD,서해인사이트, ,이지우,기타법인,110111-4782929,214-88-90375,서울특별시 서초구 서초중앙로 14 13층,www.seohaein.co.kr,,사업시설 유지ㆍ관리 서비스업,2012-01-27,12월
서현이엔지(주),Ser Hyun Eng,서현이엔지, ,박병택,기타법인,110111-3712844,105-87-10798,서울특별시 마포구 독막로 229 (신수동 3층), ,,사업시설 유지ㆍ관리 서비스업,2007-07-05,12월
석광산업(주),"SEOK KWANG INDUSTRIAL CO., LTD",석광산업, ,박종찬,기타법인,144911-0003787,225-81-15488,강원특별자치도 정선군 고한읍 고한로 191 (고한리) 2동 2층,seokdwang.com,,사업시설 유지ㆍ관리 서비스업,2003-04-18,12월
선라이즈쉬핑주식회사,SUNRISING SHIPPING CO.,선라이즈쉬핑, ,"김지훈, 김창윤",기타법인,180111-0725292,605-86-01661,부산광역시 동구 초량동 1211-1 대한통운빌딩,해당사항 없음,,기타 운송장비 임대업,2010-09-03,12월
선마린코퍼레이션 주식회사,SUNMARINE CORPORATION,선마린코퍼레이션, ,윤태인,기타법인,180111-0531524,605-81-74174,부산광역시 동구 중앙대로180번길 16-12 윤천빌딩 4층 선마린코퍼레이션,www.sunmarinecorp.com,,기타 사무지원 서비스업,2005-09-14,12월
선봉병영 주식회사,SUNBONG CO.,선봉병영, ,김일순,기타법인,144311-0010320,880-88-00947,강원도 인제군 서화면 해안서화로 1107 (서화리), ,,사업시설 유지ㆍ관리 서비스업,2018-03-02,12월
선우환경관리주식회사,sun woo ,선우환경관리, ,장몽용,기타법인,110111-3538282,105-87-07177,"서울특별시 금천구 가산디지털1로 2 (가산동, 우림라이온스밸리2차) 1303호", ,,건축물 일반 청소업,2006-10-02,12월
주식회사 선정인터내셔날,"SJ int,. Co.Ltd",선정인터내셔날, ,이기선,기타법인,110111-1556765,211-86-29713,서울특별시 강남구 도산대로8길 12 (논현동) 명화빌딩5층, ,,그 외 기타 분류 안된 사업지원 서비스업,1998-06-18,12월
주식회사 선진계룡관리,sunjinkyong,선진계룡관리, ,안중도,기타법인,110111-4358481,211-88-44095,서울특별시 강남구 논현동 165번지, ,,사업시설 유지ㆍ관리 서비스업,2010-06-01,12월
선진교육시설관리(주),SUNJIN ,선진교육시설관리, ,유양열,기타법인,110111-3514513,214-87-95257,서울특별시 강남구 논현로168길 24 (신사동), ,,사업시설 유지ㆍ관리 서비스업,2006-08-24,12월
선진보라매(주),"Sun-jin Boramae Co.,Ltd",선진보라매, ,손동균,기타법인,110111-4150647,106-86-66148,서울특별시 용산구 이촌로 352 (용산동6가) 신동아빌딩, ,,사업시설 유지ㆍ관리 서비스업,2009-08-03,12월
선진철원병영 주식회사,"Sun-Jin Cheolwon Byeongyoung Co.,Ltd",선진철원병영, ,유경원,기타법인,110111-4452077,106-86-74653,서울특별시 용산구 이촌로 352 (용산동6가) 신동아빌딩, ,,사업시설 유지ㆍ관리 서비스업,2010-10-18,12월
주식회사 선흥,SUN HUNG ,선흥, ,안정현,기타법인,210111-0130527,846-86-01073,전라북도 전주시 완산구 안행로 47 (효자동1가), ,,스포츠 및 레크리에이션 용품 임대업,2018-02-08,12월
(주)성도비에스,sungdo,성도비에스, ,김성엽,기타법인,131111-0068261,129-81-46290,"경기도 성남시 분당구 성남대로 69 (구미동, 로드랜드EZ타워)608호", ,,상용 인력 공급 및 인사관리 서비스업,2001-11-22,12월
주식회사 성도피엔에이,SUNGDO P&A,성도피엔에이, ,김규형,기타법인,131111-0201514,129-86-16689,"경기도 성남시 분당구 성남대로 69 (구미동, 로드랜드EZ타워) 609호",www.sungdopna.com/,,임시 및 일용 인력 공급업,2008-01-03,12월
(주)성보티씨에스,"sungbotcs Co.,Ltd.",성보티씨에스, ,도광점,기타법인,174811-0042971,515-81-31080,"대구광역시 수성구 알파시티2로 13 502호(시지동, 엘리트타워)", ,,인력 공급업,2006-10-18,12월
성산가설산업 주식회사,"SUNGSANGASUL CO., LTD",성산가설산업, ,배성현,기타법인,206211-0077632,208-87-02151,전라남도 여수시 여수산단로 285-10 (월하동), ,,건설 및 토목공사용 기계ㆍ장비 임대업,2020-12-01,12월
주식회사 성신문화인쇄사,"SungSin MoonHwa Printing co.,ltd",성신문화인쇄사, ,이병기,기타법인,110111-0629935,218-81-06185,서울특별시 성동구 성수1가1동 289-291,www.ssmhp.co.kr,,문서 작성 및 복사업,1998-08-01,12월
성암개발,seongamgaebal,성암개발, ,김재민,기타법인,110111-2112855,105-86-19114,"인천광역시 연수구 해돋이로 107 (송도동, 송도더샵퍼스트월드)G동 128호", ,,사업시설 유지ㆍ관리 서비스업,2000-11-17,12월
성오보안공사 주식회사,"SUNG O SECURITY CO. ,LTD.",성오보안공사, ,권경희,기타법인,171711-0048502,506-81-41997,대구광역시 동구 동호로3길 22 (동호동), ,,경비 및 경호 서비스업,2001-09-01,12월
성원산업개발(주),"SUNG WON INDUSTRIAL DEVELOPMENT CO., LTD.",성원산업개발, ,김병호,기타법인,200111-0036610,410-81-19175,광주광역시 서구 상무대로 944 (쌍촌동),www.es-sw.com,,상용 인력 공급 및 인사관리 서비스업,1992-10-05,12월
성원씨엔에프 주식회사,SUNGWONCNF,성원씨엔에프, ,정선경,기타법인,170111-0685381,136-86-01035,대구광역시 수성구 국채보상로186길 81 (범어동), ,,그 외 기타 분류 안된 사업지원 서비스업,2018-06-08,12월
(주)성지알펙스,SUNGJI ALFEX,성지알펙스, ,이상준,기타법인,110111-1417420,214-86-16430,서울특별시 서초구 명달로 93 (서초동) 702호, ,,건설 및 토목공사용 기계ㆍ장비 임대업,1997-05-23,12월
(주)성지제강,Sungji Steel,성지제강, ,김정순,기타법인,110111-0776439,214-81-76506,서울특별시 서초구 명달로 93 (서초동) 601호,sungjisteel.com/,,건설 및 토목공사용 기계ㆍ장비 임대업,1992-12-17,12월
주식회사 성진개발,sungjin develpment inc,성진개발, ,안성호,기타법인,134511-0255552,324-88-00035,경기도 용인시 수지구 포은대로59번길 15 (상현동), ,,임대업; 부동산 제외,2015-03-13,12월
(주)성진시스템즈,Sungjin Systems,성진시스템즈, ,김은정,기타법인,135011-0088374,134-81-43577,"서울특별시 영등포구 버드나루로14가길 10 (당산동, 동우빌딩) 4층",www.seongjints.co.kr,,건축물 일반 청소업,1994-04-12,12월
성진자산관리주식회사,"seongjin Co.Ltd.,",성진자산관리, ,강경훈,기타법인,110111-1631624,105-81-97357,"서울특별시 서초구 서운로 13 201호(서초동, 중앙로얄오피스텔)", ,,상용 인력 공급 및 인사관리 서비스업,1999-01-11,12월
성화개발(주),sungwha,성화개발, ,길준오,기타법인,110111-0585674,106-81-35669,"서울특별시 금천구 범안로 1130 (가산동, 디지털엠파이어빌딩) 1111호, 209호", ,,건축물 일반 청소업,1988-10-14,12월
주식회사 세가,SEGA,세가, ,이민형,기타법인,180111-0475095,602-81-32398,부산광역시 중구 남포동6가 85 남포프라자 9층, ,,사업시설 유지ㆍ관리 서비스업,2004-02-04,12월
(주)세계보안관리시스템,world security management system,세계보안관리시스템, ,장선영,기타법인,110111-2401670,117-81-36902,서울특별시 양천구 남부순환로 341 (신월동) 3층, ,,경비 및 경호 서비스업,2001-12-30,12월
(주)세계투어,"SEGYE TOUR CO., LTD",세계투어,047600,김영인,기타법인,110111-1022162,211-86-01544,경기도 용인시 죽전동 454번지 수지1차 길훈아파트상가동 203호 ,www.segyetour.com,,여행사업,1994-03-25,12월
(주)세광패션,"sekwang fashion co., ltd.",세광패션, ,정안식,기타법인,110111-4342020,201-86-15681,서울특별시 중구 동호로 310 (장충동2가), ,,그 외 기타 분류 안된 사업지원 서비스업,2010-05-03,12월
(주)세루,Selu co.LTD,세루, ,이춘환,기타법인,170111-0123258,502-81-40185,"대구광역시 중구 국채보상로 488 11층1101호(동산동, 섬유회관)", ,,인력 공급업,1997-07-11,12월
(주)세마스포츠마케팅,"SEMA Sports Marketing, Inc.",세마스포츠마케팅, ,이덕래,기타법인,110111-2662404,220-86-52431,"서울특별시 강남구 언주로 535 (역삼동, 세마스포츠마케팅코르 12층,13층)",www.semasm.com,,"전시, 컨벤션 및 행사 대행업",2002-11-28,12월
(주)세명엔터프라이즈,Semyung  Enterpris,세명엔터프라이즈, ,강옥선,기타법인,194211-0035552,609-81-37720,"경상남도 창원시 의창구 중앙대로 263 (용호동, 오피스프라자) 402호", ,,경비 및 경호 서비스업,1999-07-15,12월
주식회사 세명이엔지,"Se Myung Eng Co., LTD.",세명이엔지, ,최충식,기타법인,134811-0280975,135-86-36638,경기도 화성시 효행로 1362 201(반월동), ,,사업시설 유지ㆍ관리 서비스업,2013-09-30,12월
세미파트너스 주식회사,SEMIPARTNERS LTD,세미파트너스, ,이상율,기타법인,134811-0446105,482-86-01068,경기도 화성시 삼성1로5길 6 (석우동) 405호, ,,임시 및 일용 인력 공급업,2018-04-02,12월
(주)세방여행,GLOBAL TOUR LTD,세방여행, ,오세중,기타법인,110111-0060668,105-81-42416,서울특별시 마포구 동교동 186-43호 세방빌딩,travel@global your.co.kr,,여행사업,1960-11-18,12월
주식회사 세스코,"CESCO CO.,LTD",세스코, ,전찬혁,기타법인,110111-0201163,212-81-05946,서울특별시 강동구 상일로10길 46 세스코 터치센터,www.cesco.co.kr,,"소독, 구충 및 방제 서비스업",1976-08-23,12월
주식회사세스코라이프케어,"CESCO Life Care Co.,Ltd.",세스코라이프케어, ,신동훈,기타법인,110111-7850145,256-88-02180,"서울특별시 강동구 상일로6길 67 지하3층(상일동, 세스코아카데미)",www.cescolifecare.co.kr/,,그 외 기타 분류 안된 사업지원 서비스업,2021-04-13,12월
세신산업주식회사,SESHIN INDUSTRY Corp.,세신산업, ,박주천,기타법인,194211-0034257,609-81-37088,"경상남도 김해시 대청로210번길 24 (대청동, 장유엔트로빌딩) 501호", ,,사업시설 유지ㆍ관리 서비스업,1999-05-15,12월
세아모스마케팅주식회사,SEAMOS MARKETING LTD.,세아모스마케팅, ,"하이메바이롬, 엔리케바이롬",기타법인,110111-1959175,101-81-57386,서울특별시 중구 태평로1가 84 파이낸스센타 4층,-,,"전시, 컨벤션 및 행사 대행업",2000-05-03,03월
(주)세안텍스,SEAN TECHNICAL COMPANY,세안텍스, ,염규연,기타법인,110111-2191213,215-86-15851,"서울특별시 송파구 송이로30길 13 (문정동, 세안빌딩) 6층",www.seantecs.co.kr,,사업시설 유지ㆍ관리 서비스업,2001-03-13,12월
세연종합관리,seyoun,세연종합관리, ,장경선,기타법인,110111-4715673,109-86-32064,"서울특별시 구로구 디지털로 242 210호(구로동, 한화비즈메트로1차)", ,,경비 및 경호 서비스업,2011-10-26,12월
주식회사 세움,"SAEUM.CO.,LTD",세움, ,조용현,기타법인,110111-0875398,114-81-57437,"충청북도 진천군 이월면 진광로 358 (중산리, (주)세움)",www.src21.co.kr,,산업용 기계 및 장비 임대업,1999-07-03,12월
세움 주식회사,seum,세움, ,김동찬,기타법인,135811-0368390,343-81-01303,"경기도 수원시 팔달구 권광로 159 (인계동, 수원프라자) 1403호", ,,사업시설 유지ㆍ관리 서비스업,2019-05-30,12월
주식회사 세움,seum,세움, ,김영기,기타법인,121111-0106534,130-81-95641,"경기도 부천시 소향로 29 401호 (상동, 그린프라자)",www.inseum.co.kr,,건축물 일반 청소업,2003-03-01,12월
주식회사 세움영남,"SAEUMYOUNGNAM.CO.,LTD",세움영남, ,설근수,기타법인,180111-1242427,441-87-01555,"부산광역시 동래구 온천장로 1-1 (온천동), 5층", ,,기타 산업용 기계 및 장비 임대업,2019-10-01,12월
주식회사 세움이엔지,SAEUM ENG CO.LTD,세움이엔지, ,조영국,기타법인,110111-7045051,694-87-01412,"서울특별시 서초구 마방로10길 15 (양재동, 트윈타워) B동 706호", ,,건설 및 토목공사용 기계ㆍ장비 임대업,2019-03-15,12월
주식회사 세움호남,"SAEUMHONAM.CO.,LTD",세움호남, ,문병순,기타법인,200111-0575717,196-87-01581,"광주광역시 광산구 임방울대로 330 (수완동), 애플타워 9층 906호(B)", ,,기타 산업용 기계 및 장비 임대업,2019-10-01,12월
(주)세웅서비스,sewoong service,세웅서비스, ,"원형곤, 홍민혜",기타법인,180111-1062693,562-81-00550,부산광역시 사하구 하신번영로 153 (신평동) 4층, ,,경비 및 경호 서비스업,2016-11-08,12월
세원개발주식회사,"sewon development co, ltd",세원개발, ,김윤수,기타법인,110111-0383200,214-81-21734,서울특별시 강남구 역삼동 817-29, ,,경비 및 경호 서비스업,1990-10-01,12월
(주)세원종합관리,"SEWON Co., Ltd.",세원종합관리, ,"정화찬, 문경숙",기타법인,110111-2929888,214-87-47788,"서울특별시 노원구 공릉로58가길 4 2층(하계동, 세원빌딩)",www.esewon.co.kr,,건축물 일반 청소업,2017-06-20,12월
(주)세유,"SEYOU CO.,LTD.",세유, ,김상국,기타법인,110111-4073253,110-81-85611,"서울특별시 종로구 세종대로 149 (세종로, 광화문빌딩) 20층", ,,여행사업,2009-04-07,12월
세이프아시아(주),"Safe Asia Co., Ltd.",세이프아시아,066330,김재회,기타법인,110111-2493677,101-81-81192,서울특별시 강남구 논현동 125번지 한주빌딩 6층,www.securitykorea21.com,,경비 및 경호 서비스업,2002-04-01,12월
(주)세이프원,safe1,세이프원, ,이명근 김민석,기타법인,110111-4699033,106-86-82075,"서울특별시 영등포구 선유로 70 (문래동3가, 우리벤처타운2) 301호",www.safe1.co.kr,,경비 및 경호 서비스업,2011-11-01,12월
(주)세인트 힐,"Saint Hill Co.,LTD",세인트힐, ,안병준,기타법인,170111-0258013,502-81-72993,대구광역시 수성구 수성동2가 265-3, ,,그 외 기타 분류 안된 사업지원 서비스업,2003-12-02,12월
(주)세일로,saeilo,세일로, ,유경언,기타법인,110111-1686752,119-81-30559,"서울특별시 광진구 용마산로 9 (중곡동, 한국문화재단빌딩) 2층",www.saeilo.co.kr,,기타 사업지원 서비스업,1999-04-24,12월
세일신용정보,saeil credit ltd,세일신용정보, ,전성수,기타법인,110111-1774078,201-81-25563,서울특별시 중구 충무로2가 62-10, ,,신용 조사 및 추심 대행업,1999-09-15,12월
세일여행사,seil tour system,세일여행사, ,"한인기, 신달순",기타법인,110111-0389456,101-81-38768,"서울특별시 종로구 삼일대로 469 (경운동, 서원빌딩)8층",www.seiltour.co.kr,,여행사업,1985-01-08,12월
(주)세일코리아넷,SALEKOREANET,세일코리아넷, ,양희철,기타법인,110111-2546765,206-81-71795,"서울특별시 영등포구 당산로2길 12 11층(문래동3가, 에이스테크노타워)",salekorea.info,,콜센터 및 텔레마케팅 서비스업,2002-06-14,12월
(주)세잎,SEYIP,세잎, ,정석,기타법인,164211-0039691,350-86-02061,"충청남도 금산군 제원면 금강로 1 (명암리, 한국타이어)", ,,상용 인력 공급 및 인사관리 서비스업,2021-06-22,12월
(주)세중여행,"WORLDWIDE EXPRSS & TOURS CO.,LTD",세중여행, ,천신일,기타법인,110111-0318687,104-81-26693,서울특별시 중구 태평로2가 삼성생명빌딩19층,http://www.happytour.co.kr,,여행사업,1974-11-06,12월
(주)세중 항공여행,worldwide travel service.co.ltd,세중항공여행, ,김덕훈,기타법인,110111-1147027,220-81-00729,서울특별시 강남구 삼성2동 남경빌딩 17층, ,,여행사업,1995-04-11,12월
세중해운(주),"SEJUNG SHIPPING CO.,LTD",세중해운, ,"이호순, 한명수",기타법인,110111-1638852,202-81-63013,서울특별시 중구 북창동 35 우성빌딩 9층,www.sejungshipping.com,,기타 사업지원 서비스업,1999-01-22,12월
주식회사 세하에프에스,"Seha Farm Storage Co.,",세하에프에스, ,윤종국,기타법인,134511-0502507,890-88-02068,경기도 용인시 처인구 중부대로 1403 (김량장동) 태중빌딩 204호, ,,그 외 기타 분류 안된 사업지원 서비스업,2021-03-11,12월
주식회사 세화,"Sehwa Co.,Ltd.",세화, ,김승화,기타법인,164711-0072154,259-87-00753,세종특별자치시 전의면 산단길 245 (신정리), ,,포장 및 충전업,2017-11-13,12월
세화종합관리 주식회사,"SeaHwa Housing Co., Ltd.",세화종합관리, ,김강산,기타법인,110111-0548276,215-81-55635,서울특별시 관악구 남부순환로 1407 4층 (신림동),www.shhousing.co.kr,,사업시설 유지ㆍ관리 서비스업,1987-10-26,12월
주식회사 세화파마,SAEHWA FAMA,세화파마, ,김승화,기타법인,164711-0109238,840-86-02055,충청남도 천안시 서북구 서부역1길 37 (성정동), ,,포장 및 충전업,2021-03-23,12월
센텀시티주식회사,"Centum City Co., LTD",센텀시티, ,남충희,기타법인,180111-0222404,604-81-34126,부산광역시 연제구 연산5동 1000번지 부산광역시청15F,www.centumcity.com,,사업시설 유지ㆍ관리 서비스업,1997-01-13,12월
센트럴렌트카 주식회사,central rentcar,센트럴렌트카, ,구분임,기타법인,134611-0037560,125-81-73174,경기도 안성시 장기로 142 (봉산동), ,,자동차 임대업,2008-02-29,12월
센트럴장교 주식회사,"Central Jangkyo Co., Ltd.",센트럴장교, ,이혜란,기타법인,110111-4952085,101-86-74833,"서울특별시 종로구 종로1길 36 (수송동, 대림빌딩) 12층", ,,임대업; 부동산 제외,2012-09-04,12월
주식회사 셀트리온홀딩스,"Celltrion Holdings Co., Ltd.",셀트리온홀딩스, ,유헌영,기타법인,120111-0551178,131-86-24858,인천광역시 연수구 아카데미로51번길 19 (송도동), ,,그 외 기타 분류 안된 사업지원 서비스업,2010-11-25,12월
주식회사 셈프레,Sempre Inc.,셈프레, ,백국인,기타법인,110111-5531929,212-86-11860,"경기도 화성시 경기대로 1025-5 (병점동, 병점제일타운) 404호", ,,고용 알선업,2014-11-05,12월
(주)소노에스테이트서비스,"Sono Estate Service Co.,Ltd.",소노에스테이트서비스, ,김달호,기타법인,145211-0006966,223-81-07226,"강원도 홍천군 서면 한치골길 262 (팔봉리, 대명비발디파크)", ,,건축물 일반 청소업,2003-10-01,12월
소백그린 주식회사,"SOBEAKGREEN Co.,ltd",소백그린, ,이종배,기타법인,134511-0563228,247-86-02751,경기도 용인시 처인구 명지로 24 136호 (역북동), ,,건축물 일반 청소업,2022-02-08,12월
솔라웍스 주식회사,"SolarWorks. Inc,",솔라웍스, ,이영호,기타법인,210111-0128283,474-88-00999,"서울특별시 서초구 서초대로 396 6층 602호(서초동, 강남빌딩)", ,,사업시설 유지ㆍ관리 서비스업,2017-11-06,12월
솔로몬엠,solomonm,솔로몬엠, ,홍대오,기타법인,110111-2585630,210-81-42644,"서울특별시 영등포구 당산로37길 16 (당산동4가, 씨에스로직스복합시설) 복합동3층",www.dongbunts.co.kr,,콜센터 및 텔레마케팅 서비스업,2002-07-20,12월
솔루션렌탈 주식회사,"Solution Rental Co., Ltd.",솔루션렌탈, ,"김재우, 김현철",기타법인,110111-6987056,287-87-01422,"서울특별시 금천구 디지털로 121 (가산동, 에이스가산타워) 406호, 1601호",www.solutionrental.com,,기타 산업용 기계 및 장비 임대업,2019-01-16,12월
(주) 송도에스이,"songdose co., itd",송도에스이, ,장정희,기타법인,120111-0531021,131-86-20871,인천광역시 연수구 송도동 36 포스코 e&c 타워 B01호,www.songdese.com,,건축물 일반 청소업,2010-04-30,12월
(주)송도헬스케어네트웍스,"Songdo Healthcare Networks Co., Ltd.",송도헬스케어네트웍스, ,카네가와슌,기타법인,110111-5009249,201-86-30310,"서울특별시 중구 다산로 78 (신당동, 송도병원)",,,산업용 기계 및 장비 임대업,2012-11-23,12월
송월개발주식회사,"Songworl Development.co.,Ltd",송월개발, ,최영상,기타법인,110111-4363795,108-81-93710,서울특별시 동작구 사당동 1007-4, ,,임대업; 부동산 제외,2010-06-04,12월
(주)송촌,SONGCHON CO.LTD,송촌, ,양경완,기타법인,124311-0014251,131-81-09186,인천광역시 남구 주안동 3-1,www.songchon.co.kr,,사업시설 유지ㆍ관리 서비스업,1985-04-18,12월
수도권개발(주),"Su Dogwongaebal Co., Ltd.",수도권개발, ,우상도,기타법인,110111-4615253,107-87-53357,"서울특별시 강남구 봉은사로 211 (논현동, 그림바우빌딩) 10층", ,,사업지원 서비스업,2011-06-03,12월
수정산투자주식회사,"Macquarie Korea Infrastructure Co.,",수정산투자, ,유명선,기타법인,180111-0364371,605-81-45311,부산광역시 부산진구 가야동 568-12,,,사업시설 유지ㆍ관리 서비스업,2001-06-04,12월
주식회사 수하이엔에스,SUHA ENS,수하이엔에스, ,박종철,기타법인,161511-0271646,467-88-01743,충청남도 아산시 탕정면 삼성로 242-10 (명암리) 204동 206호, ,,그 외 기타 분류 안된 사업지원 서비스업,2020-05-04,12월
(주)수협개발,suhyup maintenance service,수협개발, ,김병욱,기타법인,110111-1146467,219-81-16013,"서울특별시 송파구 올림픽로30길 5 (방이동, 정윤빌딩) 2층", ,,사업시설 유지ㆍ관리 서비스업,1995-04-08,12월
순성협동화사업(주),sunsung,순성협동화사업, ,김동원,기타법인,164811-0034029,312-81-76848,충청남도 당진군 순성면 봉소리 92-11, ,,그 외 기타 사업지원 서비스업,2005-07-01,06월
(주)순일기업,"SOONIL CO.,LTD",순일기업, ,김은경,기타법인,110111-0509111,118-81-00561,"서울특별시 동작구 노량진로 26 ,305(대방동,솔표빌딩)",www.soonil.co.kr,,건축물 일반 청소업,1986-10-29,12월
주식회사 쉴드인터내셔널,"SHIELD INTERNATIONAL Co., Ltd",쉴드인터내셔널, ,김국병,기타법인,135711-0067663,126-86-12419,"서울특별시 송파구 법원로11길 11 A동 1007호 (문정동, 문정현대지식산업센터1-1)",www.shieldkr.co.kr,,그 외 기타 분류 안된 사업지원 서비스업,2008-06-05,12월
주식회사 슈퍼라이프,"SuperLife Co,. Ltd.",슈퍼라이프, ,정형진,기타법인,194611-0011926,513-86-03337,경상남도 남해군 창선면 흥선로 1545 (진동리), ,,자동차 임대업,2023-10-01,12월
주식회사 슝마오투어,XIONGMAOTOUR,슝마오투어, ,박건,기타법인,110111-6482949,567-86-00939,서울특별시 중구 퇴계로75길 7 (흥인동) 402호, ,,여행사 및 기타 여행보조 서비스업,2017-08-08,12월
주식회사 스마일여행사,WEIXIAO LVXINGSHE,스마일여행사, ,PIAO HURI,기타법인,110111-8229464,659-88-02259,"서울특별시 중구 명동3길 6 1304호 (명동1가, 개양빌딩)", ,,여행사업,2022-04-15,12월
스마일위드(주),"SMILE WITH CO., LTD.",스마일위드, ,김주한,기타법인,110111-6986066,672-81-01273,"서울특별시 중구 을지로 30 (소공동, 롯데호텔)", ,,건물 및 산업설비 청소업,2019-01-15,12월
(주)스마트비전,smart vision,스마트비전, ,김동철,기타법인,110111-2712100,215-86-37817,"경기도 하남시 조정대로 150 845호 (덕풍동, 아이테코)",www.sv2003.com,,사업시설 유지ㆍ관리 서비스업,2003-02-10,12월
스마트생활관주식회사,smartdormitory,스마트생활관, ,주휘중,기타법인,110111-8386131,535-86-02546,"서울특별시 용산구 한강대로71길 4 (갈월동, 갈월동오피스) 3층", ,,사업시설 유지ㆍ관리 서비스업,2022-08-03,12월
스마트안전 주식회사,"Smart safety Co., Ltd.",스마트안전, ,고진삼,기타법인,284111-0111553,132-86-12637,경기도 남양주시 와부읍 경강로 960 (팔당리), ,,보안시스템 서비스업,2013-01-02,12월
주식회사 스마트캅,"smart cap co.,ltd",스마트캅, ,이정희,기타법인,131411-0329592,134-87-32636,"서울특별시 금천구 가산디지털1로 168 (가산동, 우림라이온스밸리)씨동707호",www.smartcop.kr,,경비 및 경호 서비스업,2014-10-10,12월
주식회사 스마트콘,Smartcon,스마트콘, ,윤희중,기타법인,110111-4539073,120-87-64861,"서울특별시 강남구 가로수길 85 2층,3층 (신사동)",www.smartconcorp.com,,그 외 기타 분류 안된 사업지원 서비스업,2011-02-18,12월
스타렌트카 주식회사,STARRENTCAR ,스타렌트카, ,권용식,기타법인,110111-7090163,534-88-01285,"서울특별시 강남구 논현로146길 36 (논현동, 강남빌딩) 지층", ,,자동차 임대업,2019-05-01,12월
(주)스타링크,STARLINK,스타링크, ,김현겸,기타법인,180111-0717059,602-81-52225,부산광역시 중구 중앙동2가 3, ,,기타 운송장비 임대업,2010-06-01,12월
(주)스타웨이브,"Star Wave Co., Ltd.",스타웨이브, ,조용배,기타법인,110111-3879313,211-88-13817,서울특별시 강남구 신사동 성도빌딩 15층 1호, ,,사업지원 서비스업,2008-04-15,12월
스탠리에프컴퍼니,"Stanley F Company,.Ltd.",스탠리에프컴퍼니, ,조현욱,기타법인,110111-3422138,119-81-87917,서울특별시 강남구 역삼1동 702-10 아남타워오피스텔805, ,,그 외 기타 분류 안된 사업지원 서비스업,2006-03-20,12월
스탭스주식회사,staff.co.ltd,스탭스, ,박천웅,기타법인,110111-1589899,104-81-44371,서울특별시 중구 신당동423-6 BS빌딩,www.staffs.co.kr,,인력 공급업,1998-09-24,12월
(주)스탭포유,STAFF FOR YOU,스탭포유, ,이정영,기타법인,110111-2396011,201-81-69576,"서울특별시 중구 필동로 32 (필동2가, 낙원빌딩) 2층",www.staff4u.co.kr,,상용 인력 공급 및 인사관리 서비스업,2001-12-15,12월
주식회사 스테이폴리오,STAYFOLIO,스테이폴리오, ,장인성,기타법인,110111-5697094,676-87-00055,서울특별시 종로구 자하문로9길 24 2층, ,,여행사업,2015-04-15,12월
(주)스톤뮤직엔터테인먼트,Stonemusic Entertaionment.Inc,스톤뮤직엔터테인먼트, ,정형진,기타법인,110111-6708527,467-87-01066,"서울특별시 용산구 원효로 153 819호 (원효로3가, 원효빌딩)", ,,기타 사무지원 서비스업,2018-04-10,12월
주식회사 스파크플러스,SPARKPLUS,스파크플러스, ,손주환,기타법인,110111-6117710,877-87-00599,"서울특별시 강남구 테헤란로 201 2층(역삼동, 아주빌딩)",https://sparkplus.kr/,,사업시설 유지ㆍ관리 서비스업,2016-07-12,12월
주식회사 스페이스톡,"SpaceTalk Co,Ltd.",스페이스톡, ,김필주,기타법인,110111-2540957,211-87-15889,"서울특별시 강남구 영동대로82길 25 3,4층(대치동, 혜승빌딩)",spacetalk.co.kr,,조경 관리 및 유지 서비스업,2002-06-04,12월
주식회사 승광바이오,seungkwang bio co.ltd,승광바이오, ,김광두,기타법인,201311-0087288,266-87-02161,전라남도 순천시 별량면 동막1길 12-11 (동송리), ,,사업시설 관리 및 조경 서비스업,2021-07-01,12월
승리에스엠주식회사,SeungriSM,승리에스엠, ,김승주,기타법인,160111-0398184,668-81-00071,대전광역시 대덕구 계족로 563 (중리동) 2층, ,,경비 및 경호 서비스업,2015-06-01,12월
(주)승승씨앤디,seungseung,승승씨앤디, ,배창섭,기타법인,110111-1708051,105-86-00385,서울특별시 동대문구 신설동 97-8 동대문베르빌 804, ,,사업시설 유지ㆍ관리 서비스업,1999-06-03,12월
(주)승원씨앤디,SEUNGWON C&D,승원씨앤디, ,신장호,기타법인,110111-3562223,113-86-09198,"서울특별시 금천구 가산디지털1로 168 (가산동, 우림라이온스밸리)",www.swcnd.co.kr/,,건설 및 토목공사용 기계ㆍ장비 임대업,2006-11-20,12월
승인산업(주),SEUNGIN,승인산업, ,정병천,기타법인,110111-3146093,209-81-38984,"서울특별시 성북구 성북로4길 52 (돈암동, 한신한진아파트)스카이상가 동관 1116호",seungin3231@hanmail.net,,사업지원 서비스업,2005-01-07,12월
(주)승주,SEONGJU,승주, ,박판희,기타법인,170111-0325953,504-81-70628,대구광역시 중구 전동12-2, ,,기타 사업지원 서비스업,2007-02-21,12월
주식회사 승학,"SeungHak co,. Ltd",승학, ,김태현,기타법인,180111-0255067,605-81-65466,"서울특별시 영등포구 당산로36길 12 201동 상가 비 1-8호(당산동4가, 당산2차삼성아파트)", ,,임시 및 일용 인력 공급업,2009-12-24,12월
시그마개발(주),Sigma Development Corp,시그마개발, ,김은성,기타법인,110111-3474973,215-86-86619,서울특별시 송파구 신천동 시그마타워 7-19, ,,사업시설 유지ㆍ관리 서비스업,2006-06-13,12월
주식회사 시너지컨설팅,Synergy Consulting Ltd.,시너지컨설팅, ,이병철,기타법인,110111-4467563,214-88-68330,"서울특별시 성동구 왕십리로24나길 20 (도선동, 창성빌딩 8층)", ,,상용 인력 공급 및 인사관리 서비스업,2010-11-29,12월
(주)시노다이나믹스,"GLOCEAN CO., LTD",시노다이나믹스, ,이진희,기타법인,110111-3755042,211-88-02872,서울특별시 강남구 삼성로96길 6 엘지트윈텔1차 17층 1710호 (삼성동), ,,그 외 기타 분류 안된 사업지원 서비스업,2007-09-14,12월
(주)시데코기업구조조정전문회사,"CIDECO CRC Co., Ltd.",시데코기업구조조정전문회사, ,김중기,기타법인,180111-0289313,607-81-46693,서울특별시 중구 충무로3가 극동빌딩 1614호,www.cideco.co.kr,,그 외 기타 분류 안된 사업지원 서비스업,1999-09-02,12월
(주)시도항공여행사,"CIDO TRAVEL SERVICE CO.,LTD.",시도항공여행사, ,김선희,기타법인,110111-0556948,214-86-04778,서울특별시 서초구 서초4동 1685-8 G5 센트럴프라자 1F, ,,여행사업,1988-01-08,12월
주식회사 시스케어,SYSCARE LTD.,시스케어, ,김치호,기타법인,110111-2346644,214-86-91666,"서울특별시 송파구 정의로7길 13 (문정동, 힐스테이트에코송파) 오피스 1008호",www.syscare.co.kr,,인력 공급업,2001-10-06,12월
시스코시스템즈캐피탈코리아대부 유한회사,Cisco Systems Capital (Korea) Ltd.,시스코시스템즈캐피탈코리아대부, ,김영진,기타법인,110114-0130051,120-86-12217,"서울특별시 강남구 영동대로 517 (삼성동, ASEM및한국종합무역센타단지) 4층 401호", ,,컴퓨터 및 사무용 기계ㆍ장비 임대업,2000-08-30,07월
(주)시큐넷,SECUNET,시큐넷, ,홍문종,기타법인,131111-0026657,129-81-21135,경기도 성남 분당구 야탑동 383-5,www.isecunet.co.kr,,보안시스템 서비스업,1996-12-05,12월
시큐리타스코리아 주식회사,"Securitas Korea Co,. Ltd.",시큐리타스코리아, ,김준영,기타법인,110111-5452240,120-88-16667,서울특별시 강남구 영동대로 422 (대치동) 일원빌딩 4층 시큐리타스코리아 주식회사, ,,경비 및 경호 서비스업,2014-06-27,12월
주식회사 시큐원,SECURE1,시큐원, ,이후영,기타법인,135211-0029811,138-81-64929,"경기도 의왕시 성고개로 53 (포일동, 에이스청계타워) 3층 310호", ,,경비 및 경호 서비스업,2010-12-24,12월
시큐텍(주),"Secutec Co., Ltd",시큐텍, ,이인호,기타법인,171211-0110004,788-88-01238,경상북도 경주시 알천북로 345 (동천동),secutec.co.kr,,경비 및 경호 서비스업,2019-07-01,12월
시티애비뉴케이씨,cityavenuekc,시티애비뉴케이씨, ,박형진,기타법인,134511-0518075,512-81-26268,경상북도 칠곡군 왜관읍 매원1길 11 (매원리) 1층, ,,그 외 기타 분류 안된 사업지원 서비스업,2022-03-10,12월
시흥서울연결도로주식회사,"SiheungSeoul Access Road co., Ltd",시흥서울연결도로, ,이종수,기타법인,110111-7307724,108-88-01499,"서울특별시 용산구 한강대로23길 55 (한강로3가, 용산역) 9층", ,,사업시설 유지ㆍ관리 서비스업,2019-11-28,12월
(주)식객촌,sikgaek restaurant,식객촌, ,서대경,기타법인,110111-4304799,220-87-96794,"서울특별시 종로구 종로 33 (청진동, 그랑서울)",sikgaekchon.com,,그 외 기타 분류 안된 사업지원 서비스업,2010-03-23,12월
신경주지역개발 주식회사,Gyeongju development company,신경주지역개발, ,도병우,기타법인,171211-0053436,505-81-54072,"경상북도 경주시 충효구획길 1 (충효동), 2층", ,,기타 사업지원 서비스업,2008-11-27,12월
(주)신대한관리,sindaehan management,신대한관리, ,박천환,기타법인,135311-0003037,138-81-16747,"경기도 과천시 별양상가1로 18 5층 B-2호(별양동, 과천오피스텔)",sindaehan.co.kr,,사업시설 유지ㆍ관리 서비스업,1998-05-20,03월
신도림테크노마트(주),sindorim techno mart,신도림테크노마트, ,김영남,기타법인,110111-3780560,113-86-17285,서울특별시 구로구 새말로 97 신도림테크노마트 (구로동), ,,사업시설 유지ㆍ관리 서비스업,2007-11-01,12월
(주)신도시스템,"Sindoh System Co.,Ltd",신도시스템, ,현재성,기타법인,110111-0589064,120-81-15432,"서울특별시 강남구 테헤란로88길 14 대치동, 신도리코빌딩", ,,컴퓨터 및 사무용 기계ㆍ장비 임대업,1989-09-01,12월
신동아골프(주),shindoah golf,신동아골프, ,이용재 박정석,기타법인,110111-3164235,220-87-04052,"서울특별시 강남구 도곡로 150 (도곡동, 도곡빌딩)  대광빌딩 4층",www.sdagolf.com,,사업지원 서비스업,2005-02-02,12월
주식회사 신라애니멀그룹,Silla Animal Group,신라애니멀그룹, ,"장동현, 장미",기타법인,170111-0534538,514-81-95043,대전광역시 중구 보문산공원로 469 (대사동),www.djaquarium.com/default/,,"전시, 컨벤션 및 행사 대행업",2014-08-04,03월
(유)신룡국제여행사,LUCKY-DRAGON INTERNATIONAL TRAVEL Limited.,신룡국제여행사, ,우영매,기타법인,220114-0004849,616-86-02864,"서울특별시 영등포구 버드나루로 88 (영등포동7가, 인따르시아사옥)", ,,여행사 및 기타 여행보조 서비스업,2013-01-10,12월
주식회사 신명써비스,Shinmyung ,신명써비스, ,김규명,기타법인,110111-2647365,108-81-57790,"서울특별시 강서구 양천로62길 35 (등촌동, 영은빌딩) 6층",www.shinmyung.net,,건물 및 산업설비 청소업,2002-11-11,12월
신보운영관리 주식회사 ,SBFM,신보운영관리, ,도규호,기타법인,170111-0705030,313-81-34540,대구광역시 동구 첨단로8길 15 302호(신서동), ,,사업시설 유지ㆍ관리 서비스업,2018-12-17,12월
신서림에스앤에스(주),shinseolim S&S Inc.,신서림에스앤에스, ,남덕순,기타법인,194211-0000761,609-81-14028,"경상남도 창원시 성산구 용지로153번길 3 (용호동, 창원오피스텔) 706호", ,,기타 사업지원 서비스업,1982-04-09,12월
(주)신성비엠씨,"ShinSung BMC Co., LTD.",신성비엠씨, ,이현종,기타법인,110111-1400087,215-81-62403,"서울특별시 강서구 양천로 583 B동 2003호(염창동, 우림블루나인비즈니스센터)", ,,사업시설 유지ㆍ관리 서비스업,1997-04-09,12월
(주)신세계씨앤이,Shinsegae CnE,신세계씨앤이, ,임광상,기타법인,110111-3031707,101-86-06524,"서울특별시 서초구 방배로 131 (방배동, 외환은행방배사옥) 8층", ,,건축물 일반 청소업,2004-07-01,12월
신안에너지(주),"Shinan Energy Co., Ltd",신안에너지, ,김재석,기타법인,201111-0034241,411-81-67554,전라남도 목포시 대안동, ,,기타 사업지원 서비스업,2011-04-08,12월
(주)신영엘에스,shin young LS,신영엘에스, ,권순득,기타법인,110111-1069346,107-81-47120,"서울특별시 구로구 디지털로30길 31 (구로동, 코오롱디지털타워빌란트Ⅱ) 715호", ,,상용 인력 공급 및 인사관리 서비스업,1994-10-10,12월
주식회사 신영인더스트리,SINYOUNG INDUSTRY,신영인더스트리, ,이길훈,기타법인,120111-0009416,303-81-05922,충청북도 충주시 목행동 315, ,,조경 관리 및 유지 서비스업,1980-04-10,12월
신우산업관리(주),"SHINWOO Co.,Ltd",신우산업관리, ,전용수,기타법인,110111-1389687,214-86-14505,"서울특별시 영등포구 당산로 171 (당산동4가, 금강펜테리움IT타워)",https://www.shinwoomds.co.kr,,상용 인력 공급 및 인사관리 서비스업,1997-03-14,12월
주식회사 신우코퍼레이션,ShinWoo corporation.Ltd,신우코퍼레이션, ,유현권,기타법인,110111-7066510,841-86-01234,"서울특별시 송파구 올림픽로 269 (신천동, 롯데캐슬골드) 오피스텔 821호", ,,사업지원 서비스업,2019-04-08,12월
신의기술(주),shineui,신의기술, ,황명술,기타법인,110111-1110694,116-81-35782,"서울특별시 영등포구 여의나루로 71 (여의도동, 동화빌딩)306호",www.shineui.com,,인력 공급업,1994-12-26,12월
신일종합시스템(주),"Shinil Total System Co., Ltd.",신일종합시스템, ,김성훈,기타법인,110111-0144123,102-81-07462,서울특별시 서초구 서초3동 1555-2 금석빌딩 4층,www.shinil-system.co.kr,,그 외 기타 분류 안된 사업지원 서비스업,1973-10-01,12월
(주)신일플랜트,"SINILPLANT Co., Ltd.",신일플랜트, ,최창석,기타법인,165011-0038943,311-81-42438,충청남도 당진시 송악읍 대섬길 4-20 313호, ,,사업시설 유지ㆍ관리 서비스업,2012-08-01,12월
(주)신정에이치알엠,SJH.R.M,신정에이치알엠, ,정연한,기타법인,134511-0091568,135-81-78900,"경기도 용인시 수지구 문인로 30 (동천동, 현대그린푸드)",www.shinjunghrm.com,,임시 및 일용 인력 공급업,2005-07-01,12월
(주)신제주종합시장,sinjeju,신제주종합시장, ,이오길,기타법인,220111-0001817,616-81-01782,"제주특별자치도 제주시 신대로16길 44 (연동, 신제주종합시장)", ,,임대업; 부동산 제외,1979-04-06,12월
(주)신풍,SHINPOONG,신풍, ,남영우,기타법인,130111-0020527,124-81-19560,경기도 수원시 팔달구 매탄동 825-1,http://hi-sp.cd.kr,,인력 공급업,1992-11-13,12월
신한곤도라(주),SHINHANGONDOLA,신한곤도라, ,이용기,기타법인,134911-0025139,130-81-95957,경기도 광명시 공세동길 15-8 (가학동),shgl.kr,,건설 및 토목공사용 기계ㆍ장비 임대업,2003-03-24,12월
신한민자 주식회사,"SHIN HAN MIN JA  Co.,Ltd.",신한민자, ,김규식,기타법인,110111-3479527,101-86-24712,"서울특별시 서대문구 충정로7길 15 (충정로3가, 신한토건(주))", ,,사업시설 유지ㆍ관리 서비스업,2006-06-20,12월
주식회사 신한서브,shinhanserve,신한서브, ,최상열,기타법인,110111-0013401,218-81-05852,"서울특별시 강동구 강동대로 143-64 (성내동, 스퀘어100)", ,,콜센터 및 텔레마케팅 서비스업,1925-06-13,12월
신한신용정보주식회사,"Shinhan Credit Information Co.,Ltd.",신한신용정보, ,정용기,기타법인,110111-2562802,119-81-58580,"서울특별시 영등포구 문래북로 122 (문래동3가, 원터빌딩) 3층",www.shinhanci.co.kr,,신용 조사 및 추심 대행업,2002-07-08,12월
주식회사 신현대관리,Shin Hyundai Management ,신현대관리, ,신금분,기타법인,110111-4029165,212-81-85178,"서울특별시 강동구 성안로3길 121 (성내동, HYTOWER)  4층", ,,사업시설 유지ㆍ관리 서비스업,2009-01-20,12월
(주)신화비엠씨,SHINHWA BMC,신화비엠씨, ,정영희,기타법인,110111-4193936,217-81-29676,서울특별시 노원구 한글비석로52길 6 3층(상계동), ,,사업시설 관리 및 조경 서비스업,2009-10-09,12월
실버사랑 주식회사,silversarang,실버사랑, ,진채화,기타법인,200111-0316228,410-86-49223,"광주광역시 광산구 무진대로 272-9 (우산동, 오렌지빌611호)", ,,사업시설 유지ㆍ관리 서비스업,2011-03-29,12월
(주)심팩홀딩스,SIMPAC HOLDINGS,심팩홀딩스, ,최진식,기타법인,110111-2197906,107-81-97601,서울특별시 영등포구 국제금융로 52 심팩빌딩 13층 (여의도동), ,,그 외 기타 분류 안된 사업지원 서비스업,2001-03-21,03월
주식회사 싸이칸개발,"Cykan Development Co., Ltd",싸이칸개발, ,김정률,기타법인,110111-4601054,211-88-59865,경기도 남양주시 와부읍 수레로 659 101호(월문리), ,,사업시설 유지ㆍ관리 서비스업,2011-05-12,12월
(주)쌍금,-,쌍금, ,석태옥,기타법인,170111-0411380,502-86-06902,경상북도 경산시 남산면 대왕로 184-12 (우검리), ,,기타 사무지원 서비스업,2010-09-06,12월
썩세스월드, ,썩세스월드, ,변상신,기타법인,110111-1470329,215-81-66388,서울특별시 송파구 가락본동 99-2 뉴페밀리 2차 506, ,,기타 여행 보조 및 예약 서비스업, ,12월
(주)썬앤문,"sun & moon co.ltd.,",썬앤문, ,윤상진,기타법인,180111-0578972,602-81-41335,"부산광역시 중구 해관로 7 (동광동1가), 6층", ,,고용 알선업,2007-01-08,12월
주식회사 쎄니팡,"SSENYPANG Co., Ltd.",쎄니팡, ,김병준,기타법인,110111-5140887,109-86-41151,"서울특별시 강서구 강서로 468 (등촌동, 테크노타워) 502-1호 (주)쎄니팡",www.ssenypang.com,,"산업설비, 운송장비 및 공공장소 청소업",2013-05-22,12월
주식회사 쏘메이리테일,Sommet Retail,쏘메이리테일, ,김석주,기타법인,110111-5472933,261-81-16576,"서울특별시 강남구 언주로121길 13 (논현동, 쏘메이빌딩)", ,,사업지원 서비스업,2014-07-23,12월
(주)쏘카,"SOCAR, Inc.",쏘카,403550,박재욱,유가증권시장,220111-0087049,616-81-90529,제주특별자치도 제주시 공항서로 141 (도두이동),www.socarcorp.kr,https://www.socarcorp.kr/ir/events,자동차 임대업,2011-10-31,12월
(주)쓰리더블류투어,"3W Tour Co., Ltd.",쓰리더블류투어, ,지종기,기타법인,110111-1574303,106-81-74283,서울특별시 중구 서소문동 21-1 효성빌딩 13층,www.3wtuor.co.kr,,여행사업,1998-08-12,12월
주식회사 쓰리에스제이,3SJ CO. LTD,쓰리에스제이, ,정경희,기타법인,131311-0320328,787-81-03030,경기도 평택시 고덕여염로 118 (고덕동) 4층 403호, ,,건축물 일반 청소업,2024-03-01,12월
주식회사 쓰리에스포유,"3S for U CO.,LTD",쓰리에스포유, ,황재원,기타법인,110111-3242213,108-81-70978,서울특별시 동작구 여의대방로 112 농심관 2층,www.3sforu.com,,사업시설 유지ㆍ관리 서비스업,2005-06-03,12월
주식회사 쓰리에이원,"3A1 Co., Ltd.",쓰리에이원, ,장준호,기타법인,110111-7112157,629-88-01375,"서울특별시 서대문구 명물길 62 (창천동, 오시리스타워) 5층", ,,여행사업,2019-06-15,03월
씨마크서비스 주식회사,SEAMARQ Service Co.,씨마크서비스, ,이성호,기타법인,141111-0079018,532-86-02872,"강원도 강릉시 해안로406번길 2 (강문동, 씨마크호텔(SEAMARQ))", ,,상용 인력 공급 및 인사관리 서비스업,2023-02-13,12월
주식회사 씨베이스,C-BASE LTD,씨베이스, ,박희문,기타법인,110111-3237280,220-87-10078,서울특별시 강남구 역삼동 722-8 호서빌딩 2층, ,,콜센터 및 텔레마케팅 서비스업,2005-06-01,12월
주식회사 씨브이파트너스,"CV Partners CO.,Ltd.",씨브이파트너스, ,전민영,기타법인,110111-7687027,667-86-01897,서울특별시 금천구 시흥대로 479 (독산동),www.cvpartners.co.kr,,콜센터 및 텔레마케팅 서비스업,2020-11-18,12월
씨스페이스아론 주식회사,"SeaSpace ARON Co., Ltd.",씨스페이스아론, ,백종두,기타법인,195411-0042859,855-86-02867,"경상남도 사천시 사남면 해안산업로 537 5층 503호(초전리, SPP)", ,,그 외 기타 분류 안된 사업지원 서비스업,2022-04-13,12월
(주)씨아이템프러리,CITemporary,씨아이템프러리, ,차동혁,기타법인,110111-2719346,214-87-29515,"서울특별시 영등포구 경인로 775 (문래동3가, 에이스하이테크시티) 3동 305호", ,,인력 공급업,2003-03-03,12월
씨아이티에스브이서비스 주식회사 ,"CITS V SERVICE(KOREA) CO.,LTD",씨아이티에스브이서비스, ,FAN ZHISHI,기타법인,110111-4969890,220-88-59632,"서울특별시 중구 한강대로 416 6층(남대문로5가, 서울스퀘어)", ,,기타 여행보조 및 예약 서비스업,2012-11-16,12월
주식회사 씨알이홀딩스,CREHOLDINGS,씨알이홀딩스, ,"황보지훈, 정문호",기타법인,170111-0763674,224-87-01800,"대구광역시 수성구 동대구로 395 (블루시마팰리스, 7층)", ,,임시 및 일용 인력 공급업,2020-03-24,12월
씨앤씨해운 주식회사,"C&C Shipping Co.,Ltd.",씨앤씨해운, ,TANABE HIDEKI,기타법인,180111-1078161,168-81-00644,"부산광역시 동구 충장대로 206 (초량동, 부산항국제여객터미널) 4층", ,,기타 운송장비 임대업,2017-02-07,03월
(주)씨앤알 ,CNR,씨앤알, ,임태홍,기타법인,110111-4175546,108-81-89443,"서울특별시 동작구 동작대로35길 2 (사당동, 원일빌딩)4층",www.cnr114.com,,상용 인력 공급 및 인사관리 서비스업,2009-10-01,12월
(주)씨앤에스자산관리,"C&S ASSET MANAGEMENT CO., LTD.",씨앤에스자산관리,032040,이선욱,기타법인,110111-0266620,102-81-19575,"서울특별시 종로구  사직로 130 (적선동,적선현대제1빌딩제907호)",www.cnsamc.com,,기타 사업지원 서비스업,1980-01-08,12월
(주)씨앤에이,C&A,씨앤에이, ,김현미,기타법인,135811-0169178,124-86-81813,"경기도 성남시 분당구 황새울로258번길 10-3 4층(수내동,대창빌딩)", ,,사업시설 유지ㆍ관리 서비스업,2009-08-01,12월
씨앤에이치프리미어렌탈(주),"CNH Premier Rental Co.,Ltd.",씨앤에이치프리미어렌탈, ,김양수,기타법인,134211-0059520,126-81-73046,"경기도 용인시 기흥구 죽전로 17 (보정동, 풍산프라자) 802호내 H85",www.cnhpremier.com,,자동차 임대업,2003-07-24,03월
(주) 씨앤컨리,"C& CONTAINER LEASING CO.,LTD.",씨앤컨리, ,손상목,기타법인,110111-2096158,215-81-98916,서울특별시 중구 장교동 1 장교빌딩 2612, ,,기타 운송장비 임대업,2000-10-04,12월
(주)씨앤피라이너스,C&P Liners Co. Ltd.,씨앤피라이너스, ,이봉재,기타법인,110111-2434895,104-81-69178,서울특별시 중구 충정로1가 51-6 동양빌딩 4층, ,,기타 운송장비 임대업,2002-01-29,12월
(주)씨에스,CS,씨에스, ,이창균,기타법인,110111-3402966,201-81-96073,"서울특별시 송파구 올림픽로 319 (신천동, 새마을교통회관) 10층", ,,기타 산업용 기계 및 장비 임대업,2006-02-21,12월
주식회사 씨에스렌탈,"CS Rental Co., Ltd",씨에스렌탈, ,이우섭,기타법인,110111-6892809,209-81-65332,"서울특별시 송파구 올림픽로 319 (신천동, 새마을교통회관) 9층 (주)씨에스렌탈",www.csrental.co.kr,,그 외 기타 개인 및 가정용품 임대업,2018-10-12,12월
주식회사 씨에스로지션,CS ,씨에스로지션, ,홍종기,기타법인,134511-1700680,586-86-03335,경기도 용인시 처인구 백옥대로1402번길 9-6 (유방동)  상가1층 일부 104호, ,,인력 공급업,2024-09-02,12월
(주)씨에스리더,CSLEADER,씨에스리더, ,고은정,기타법인,110111-2271924,211-86-78121,"서울특별시 금천구 가산디지털1로 189 (가산동, (주)LG가산디지털센터) 1001호",https://cslguplus.co.kr,,콜센터 및 텔레마케팅 서비스업,2001-07-01,12월
씨에스쉐어링 주식회사,cssharing co. Ltd.,씨에스쉐어링, ,임지은,기타법인,110111-6697803,685-86-00917,서울특별시 강서구 마곡중앙1로 10 (마곡동) 마곡역한일노벨리아 517~520호,www.cssharing.com,,콜센터 및 텔레마케팅 서비스업,2018-03-28,12월
(주)씨에스원파트너,CS One partner Corporation,씨에스원파트너, ,이금자,기타법인,110111-3961756,106-86-60595,"서울특별시 금천구 금하로 597 (시흥동, 시흥동오피스)", ,,콜센터 및 텔레마케팅 서비스업,2008-08-29,12월
(주)씨에이치엠,"CHM.CO., LTD",씨에이치엠, ,"신규근, 이용석",기타법인,110111-4222925,104-86-24967,"서울특별시 강남구 봉은사로111길 5 6층 (삼성동, 씨에이치엠빌딩)",www.i-chm.co.kr,,사업시설 관리 및 조경 서비스업,2009-11-19,12월
씨에이치엠서비스 주식회사,"CHM SERVICE CO.,LTD.",씨에이치엠서비스, ,양민수,기타법인,110111-5333656,201-86-38097,"서울특별시 강남구 봉은사로111길 5 5층(삼성동, 씨에이치엠빌딩)", ,,사업시설 유지ㆍ관리 서비스업,2014-02-07,12월
주식회사 씨에프여행사,"CF Travel Agency Co.,Ltd",씨에프여행사, ,최욱동,기타법인,124411-0299786,541-86-02221,"서울특별시 성동구 성수이로 118 7층 706호 (성수동2가, 성수아카데미타워)", ,,여행사업,2021-06-22,12월
씨엑스씨모터스 주식회사,"CXC Motors Co.,Ltd",씨엑스씨모터스, ,HENRY KIM CHO,기타법인,110111-2500547,220-86-35863,인천광역시 동구 송현동 77,-,,자동차 임대업,2002-04-18,12월
주식회사 씨엘클린솔루션,cielclean solution,씨엘클린솔루션, ,박해진,기타법인,134811-0728206,541-88-02832,"경기도 화성시 동탄첨단산업1로 27 기숙사동 에스517호(영천동, 금강펜테리움IX타워)", ,,건축물 일반 청소업,2023-03-01,12월
주식회사 씨엠관리,"CM Management Co.,Ltd.",씨엠관리, ,강언석,기타법인,110111-7915684,348-81-02345,서울특별시 중랑구 동일로143길 19 (중화동), ,,사업시설 유지ㆍ관리 서비스업,2021-06-03,12월
주식회사 씨엠에스원,"CMSONE CO.,LTD",씨엠에스원, ,김은우,기타법인,180111-0120517,601-81-21054,"부산광역시 동구 중앙대로 262 (초량동, 한국정보통신공사협회)", ,,사업시설 관리 및 조경 서비스업,1992-01-01,12월
주식회사 씨엠에이치홀딩스,"CMHHoldings Co., Ltd",씨엠에이치홀딩스, ,채만희,기타법인,110111-2402850,211-87-34120,서울특별시 강남구 청담동 84-19 하얀빌딩 2층, ,,그 외 기타 분류 안된 사업지원 서비스업,2001-12-21,12월
씨제이엠디원주식회사,CJ MD1 Corp.,씨제이엠디원, ,김동환,기타법인,110111-2593758,105-86-43574,"서울특별시 중구 세종대로7길 43 16층 (순화동, 순화타워)",www.md1.co.kr,,그 외 기타 분류 안된 사업지원 서비스업,2002-08-22,12월
주식회사 씨제이월디스,"CJ Worldis Co., Ltd",씨제이월디스, ,엄익선,기타법인,110111-3870527,201-86-06014,"서울특별시 종로구 우정국로 48 (견지동, S&S빌딩)",www.cjtour.com,,여행사업,2008-04-01,12월
(주)씨제이텔레닉스,"CJ telenix co.,Ltd",씨제이텔레닉스, ,성용준,기타법인,110111-2146888,106-81-96346,"서울특별시 구로구 디지털로 288 (구로동, 대륭포스트타워1차)",www.cjtelenix.com/homepage/index.jsp,,그 외 기타 사업지원 서비스업,2001-01-10,12월
(주)씨지투어,"CGTour CO,.LTD",씨지투어, ,최정익,기타법인,110111-3418822,107-86-77901,"서울특별시 영등포구 영중로 114-1 (영등포동8가, 대하빌딩4층)",www.cgtour.co.kr,,여행사업,2006-03-15,12월
씨케이엠 주식회사,"CKM Co.,Ltd.",씨케이엠, ,윤상현,기타법인,110111-5924314,208-87-00279,"서울특별시 서초구 사임당로 18 (서초동, 씨엔아이빌딩) 7층", ,,무형재산권 임대업,2015-12-28,12월
(주)씨큐어넷,SECURITY&NETWO,씨큐어넷, ,"최규철, 김복희",기타법인,110111-1502940,109-81-52823,서울특별시 강남구 논현동 221-2, ,,경비 및 경호 서비스업,1998-01-13,12월
주식회사 씨트립코리아,CTRIP KOREA CO LTD,씨트립코리아, ,OOI CHEE TEONG,기타법인,110111-6416328,231-86-00568,"서울특별시 종로구 종로3길 17 (청진동, D타워) 701호", ,,여행사업,2017-05-31,12월
(주)씨티알에너지,CTR Energy,씨티알에너지, ,모유청,기타법인,194211-0268624,783-81-00706,"경상남도 창원시 진해구 천자로 67 (이동, 해양주유소)",www.eneris.kr,,임대업; 부동산 제외,2017-03-07,12월
주식회사 씨티에이엠,"CTAM CO,. LTD",씨티에이엠, ,이학룡,기타법인,110111-8030233,182-81-02309,"서울특별시 서초구 서운로 26-1 (서초동, 보일빌딩) 202호", ,,기타 산업용 기계 및 장비 임대업,2021-09-17,12월
주식회사 씨티캅,"Citycop Co., Ltd.",씨티캅, ,연규일,기타법인,110111-2267171,120-86-23219,서울특별시 강남구 삼성1동 154-10 융전빌딩 5층,www.chubb-korea.co.kr,,보안시스템 서비스업,2001-06-27,12월
주식회사 씨티컴퍼니,"CTCOMPANY Co., Ltd.",씨티컴퍼니, ,노수열,기타법인,110111-6602266,406-88-00735,"서울특별시 영등포구 영신로 220 (영등포동8가, KnK디지털타워) 511호", ,,상용 인력 공급 및 인사관리 서비스업,2017-12-22,12월
씨티파트너스 주식회사,"CT Partners Co.,Ltd",씨티파트너스, ,윤희철,기타법인,110111-2643222,211-87-23166,서울특별시 강남구 역삼동 837-12 서우B/D 4층, ,,그 외 기타 분류 안된 사업지원 서비스업,2002-10-31,09월
씨푸드샹그릴라주식회사,"SeafoodShangri-La Co.,Ltd",씨푸드샹그릴라, ,박상욱,기타법인,224111-0014816,616-81-66790,제주특별자치도 서귀포시 중문관광로 154-17 (색달동), ,,사업시설 유지ㆍ관리 서비스업,2008-07-16,12월
씨프렌드쉬핑(주),"SEAFFRIEND SHIPPING CO., LTD.",씨프렌드쉬핑, ,박인재,기타법인,110111-3213462,220-87-08039,서울특별시 강남구 수서동 713 현대벤처빌 2016, ,,기타 운송장비 임대업,2005-04-25,12월
아고다트레블오퍼레이션스코리아 유한회사,"Agoda Travel operations Korea Co., Ltd.",아고다트레블오퍼레이션스코리아, ,"제프리카이릉리, 수난타통캄소파",기타법인,110114-0210142,275-87-00643,"서울특별시 중구 을지로 100 (을지로2가, 파인애비뉴), 5층, 9층", ,,콜센터 및 텔레마케팅 서비스업,2017-09-07,12월
아그레코코리아(주),Aggreko South Korea Limited,아그레코코리아, ,David James Kenvyn Rees,기타법인,110111-4559005,215-87-51664,"서울특별시 마포구 마포대로 109 (공덕동, 롯데캐슬프레지던트) 101-2504", ,,기타 산업용 기계 및 장비 임대업,2011-03-17,12월
아나로그디바이스 한국 (주),Analog devices Korea ,아나로그디바이스한국, ,자넨아이린아스게르슨,기타법인,110111-0656970,120-81-16182,"서울특별시 강남구 테헤란로 440 (대치동, 포스코센터)", ,,기타 사무지원 서비스업,1989-11-03,10월
주식회사 아니베,annvie,아니베, ,김수경,기타법인,110111-4122844,211-88-28469,서울특별시 강남구 청담동 115-16, ,,"전시, 컨벤션 및 행사 대행업",2009-07-01,12월
(주)아데코 코리아,"Adecco Korea Co., Ltd.",아데코코리아, ,브라이언장필립루로,기타법인,110111-1692965,120-81-89220,"서울특별시 송파구 백제고분로 69  5층 아데코코리아 (잠실동, 애플타워)",https://www.adecco.co.kr,,고용알선 및 인력공급업,1999-05-06,12월
주식회사 아람엔지니어링,"Aram Engineering Co.,Ltd.",아람엔지니어링, ,최준혁,기타법인,134511-0344884,780-81-01050,"경기도 용인시 처인구 모현읍 새래로 147 (초부리, 페트라)", ,,건설 및 토목공사용 기계ㆍ장비 임대업,2018-01-03,12월
(주)아람인테크,aramintech,아람인테크, ,이서윤,기타법인,110111-2544868,220-86-40648,"서울특별시 강남구 논현로 416 (역삼동, 운기빌딩) 7층",www.aramjob.co.kr,,"전시, 컨벤션 및 행사 대행업",2002-06-24,12월
주식회사 아레나레저,"ARENA LEISURE Co.,Ltd.  ",아레나레저, ,신동철,기타법인,120111-0615023,131-86-38444,부산광역시 중구 태종로 14-1 (남포동1가) 5층 반도빌딩, ,,조경 관리 및 유지 서비스업,2012-06-14,12월
(주)아름누리,Aremnuri. Co. Ltd,아름누리, ,이원률,기타법인,150111-0302103,734-81-01834,충청북도 청주시 흥덕구 옥산면 과학산업3로 29, ,,건물 및 산업설비 청소업,2021-02-01,12월
(주) 아름사,"A-REUMSA co,.ltd ",아름사, ,임지현,기타법인,110111-5070670,107-87-88268,"서울특별시 영등포구 여의나루로 61 (여의도동, 8층)", ,,사업지원 서비스업,2013-02-19,06월
주식회사 아리랑,Arirang Inc.,아리랑, ,전주동,기타법인,220111-0063825,616-81-64109,제주특별자치도 제주시 용마서길 34 (용담삼동), ,,여행사업,2007-12-28,12월
주식회사 아리오,ARIO Inc,아리오, ,이인희,기타법인,110111-3193367,105-86-77434,"서울특별시 마포구 만리재로 15 503호 (공덕동, 제일빌딩)", ,,임시 및 일용 인력 공급업,2005-03-25,12월
(주)아리오씨오에스,ARIOCOS,아리오씨오에스, ,김승준,기타법인,110111-7549607,547-88-01961,"서울특별시 마포구 만리재로 15 501 (공덕동, 제일빌딩)", ,,임시 및 일용 인력 공급업,2020-07-08,12월
(주)아마존카,"amazoncar.co.,Ltd.",아마존카, ,조성희,기타법인,115611-0019610,128-81-47957,서울특별시 영등포구 의사당대로 8 태흥빌딩 802호 (여의도동),www.amazoncar.co.kr,,자동차 임대업,2000-04-19,12월
주식회사 아비아투어,AVIA TOUR,아비아투어, ,최한광,기타법인,170111-0561474,814-86-00058,경상북도 경산시 성동로 36 정평동, ,,여행사업,2015-03-27,12월
아산맨파워(주),asanmanpower,아산맨파워, ,안상준,기타법인,110111-1658595,106-81-77581,"서울특별시 동작구 남부순환로 2029 (사당동), 2층",www.asanmanpower.com,,그 외 기타 사업지원 서비스업,1999-03-05,12월
아슈리온코리아 유한회사,Asurion Korea Ltd.,아슈리온코리아, ,백승흠,기타법인,110114-0036314,104-86-37803,"서울특별시 종로구 우정국로 26 (공평동, 센트로폴리스) 에이동 10층", ,,콜센터 및 텔레마케팅 서비스업,2011-11-09,12월
(주)아스타렌트카,astarent a car,아스타렌트카, ,김경수,기타법인,110111-2966567,113-81-90049,서울특별시 강남구 삼성1동 78-1 동흥빌딩 6층, ,,자동차 임대업,2004-03-22,12월
(주)아스타아이비에스,ASTA IBS,아스타아이비에스, ,임만규,기타법인,110111-1161051,203-81-58610,서울특별시 구로구 구로5동 106-4 선경오피스텔 1층, ,,건축물 일반 청소업,1995-05-25,12월
(주)아시아밸류인베스트,"Asia Value Invest Co., Ltd.",아시아밸류인베스트, ,오인기,기타법인,110111-1825988,120-81-96610,서울특별시 영등포구 여의도동 26-5 대오빌딩1503호, ,,그 외 기타 분류 안된 사업지원 서비스업,1999-12-10,03월
아시아신용정보(주),asiacredit,아시아신용정보, ,김태균,기타법인,110111-1825566,104-81-48912,서울특별시 마포구 도화2동 도원빌딩 9층,www.asiacredit.co.kr,,신용 조사 및 추심 대행업,1999-12-10,12월
아시아퍼시픽10호선박투자회사,"ASIA PACIFIC NO. 10 SHIP INVESTMENT CO.,LTD",아시아퍼시픽10호선박투자회사,083570,신주선,기타법인,180111-0513556,602-81-36002,부산광역시 영도구  남항서로 6-7,www.koreashipfinance.com,,기타 운송장비 임대업,2005-03-17,05월
아시아퍼시픽11호선박투자회사,"ASIA PACIFIC NO. 11 SHIP INVESTMENT CO.,LTD",아시아퍼시픽11호선박투자회사,083580,신주선,기타법인,180111-0513564,602-81-36017,부산광역시 영도구  남항서로 6-7,www.koreashipfinance.com,,기타 운송장비 임대업,2005-03-17,06월
아시아퍼시픽12호선박투자회사,"ASIA PACIFIC NO. 12 SHIP INVESTMENT CO.,LTD",아시아퍼시픽12호선박투자회사,083590,신주선,기타법인,180111-0513572,602-81-36021,부산광역시 영도구  남항서로 6-7,www.koreashipfinance.com,,기타 운송장비 임대업,2005-03-17,06월
아시아퍼시픽13호선박투자회사,"ASIA PACIFIC NO. 13 SHIP INVESTMENT CO.,LTD",아시아퍼시픽13호선박투자회사,083600,신주선,기타법인,180111-0513580,602-81-36036,부산광역시 영도구  남항서로 6-7,www.koreashipfinance.com,,기타 운송장비 임대업,2005-03-17,05월
아시아퍼시픽14호선박투자회사,"ASIA PACIFIC NO. 14 SHIP INVESTMENT CO.,LTD",아시아퍼시픽14호선박투자회사,083610,신주선,기타법인,180111-0514603,602-81-36230,부산광역시 영도구  남항서로 6-7,www.koreashipfinance.com,,기타 운송장비 임대업,2005-03-24,09월
아시아퍼시픽15호선박투자회사,"ASIA PACIFIC NO. 15 SHIP INVESTMENT CO.,LTD",아시아퍼시픽15호선박투자회사,083620,신주선,기타법인,180111-0514611,602-81-36244,부산광역시 영도구  남항서로 6-7,www.koreashipfinance.com,,기타 운송장비 임대업,2005-03-24,08월
아시아퍼시픽16호 선박투자회사,"Asia Pacific No.16 Ship Investment Co., Ltd.",아시아퍼시픽16호선박투자회사, ,정경수,기타법인,220111-0078486,616-81-81210,제주특별자치도 제주시 이도2동 제주도중소기업종합지원센터 관리사무처,www.koreashipfinance.com,,기타 운송장비 임대업,2010-09-28,12월
아시아퍼시픽17호선박투자회사,"Asia Pacific No.17 Ship Investment Co., Ltd.",아시아퍼시픽17호선박투자회사, ,신주선,기타법인,220111-0086893,616-81-90835,제주특별자치도 제주시 이도2동 제주도중소기업종합지원센터,www.koreashipfinance.com,,기타 운송장비 임대업,2011-10-24,08월
아시아퍼시픽1호선박투자회사,AsiaPacificNo.1,아시아퍼시픽1호선박투자회사,080180,신주선,기타법인,180111-0487701,602-81-33572,부산광역시 영도구  남항서로 6-7,www.koreashipfinance.com,,기타 운송장비 임대업,2004-06-18,12월
아시아퍼시픽24호 선박투자회사,"Asia Pacific No.24 Ship Investment Co., Ltd.",아시아퍼시픽24호선박투자회사, ,신주선,기타법인,220111-0097684,616-86-02243,제주특별자치도 제주시 연삼로 473 (이도이동) 중소기업지원센터,www.koreashipfinance.com,,기타 운송장비 임대업,2012-12-13,08월
아시아퍼시픽25호 선박투자회사,"Asia Pacific No.25 Ship Investment Co., Ltd.",아시아퍼시픽25호선박투자회사, ,신주선,기타법인,220111-0101641,616-86-06614,제주특별자치도 제주시 연삼로 473 (이도이동) 중소기업지원센터,www.koreashipfinance.com,,기타 운송장비 임대업,2013-04-24,08월
아시아퍼시픽26호 선박투자회사,"Asia Pacific No.26 Ship Investment Co., Ltd.",아시아퍼시픽26호선박투자회사, ,신주선,기타법인,220111-0101906,616-86-08422,제주특별자치도 제주시 연삼로 473 (이도이동) 산업경제진흥원,www.koreashipfinance.com,,기타 운송장비 임대업,2013-05-01,08월
아시아퍼시픽27호 선박투자회사,"Asia Pacific No.27 Ship Investment Co., Ltd.",아시아퍼시픽27호선박투자회사, ,신주선,기타법인,220111-0101914,616-86-08441,제주특별자치도 제주시 연삼로 473 (이도이동) 산업경제진흥원,www.koreashipfinance.com,,기타 운송장비 임대업,2013-05-01,08월
아시아퍼시픽28호 선박투자회사,"Asia Pacific No.28 Ship Investment Co., Ltd.",아시아퍼시픽28호선박투자회사, ,신주선,기타법인,220111-0101922,616-86-08456,제주특별자치도 제주시 연삼로 473 (이도이동) 산업경제진흥원,www.koreashipfinance.com,,기타 운송장비 임대업,2013-05-01,08월
아시아퍼시픽29호 선박투자회사,"Asia Pacific No.29 Ship Investment Co., Ltd.",아시아퍼시픽29호선박투자회사, ,신주선,기타법인,220111-0101930,616-86-08460,제주특별자치도 제주시 연삼로 473 (이도이동) 산업경제진흥원,www.koreashipfinance.com,,기타 운송장비 임대업,2013-05-01,08월
아시아퍼시픽2호선박투자회사,"ASIA PACIFIC NO. 2 SHIP INVESTMENT CO.,LTD",아시아퍼시픽2호선박투자회사,081190,신주선,기타법인,180111-0493386,602-81-34488,부산광역시 영도구  남항서로 6-7,www.koreashipfinance.com,,기타 운송장비 임대업,2004-08-19,12월
아시아퍼시픽31호 선박투자회사,"Asia Pacific No.31 Ship Investment Co., Ltd.",아시아퍼시픽31호선박투자회사, ,신주선,기타법인,220111-0105502,616-86-10194,제주특별자치도 제주시 연삼로 473 (이도이동) 산업경제진흥원,www.koreashipfinance.com,,기타 운송장비 임대업,2013-09-10,03월
아시아퍼시픽33호 선박투자회사,"Asia Pacific No.33 Ship Investment Co., Ltd.",아시아퍼시픽33호선박투자회사, ,신주선,기타법인,220111-0110410,616-86-15734,제주특별자치도 제주시 연삼로 473 (이도이동),www.koreashipfinance.com,,기타 운송장비 임대업,2014-02-28,12월
아시아퍼시픽34호 선박투자회사,"Asia Pacific No.34 Ship Investment Co., Ltd.",아시아퍼시픽34호선박투자회사, ,신주선,기타법인,220111-0110428,616-86-15826,제주특별자치도 제주시 연삼로 473 (이도이동),www.koreashipfinance.com,,기타 운송장비 임대업,2014-02-28,12월
아시아퍼시픽35호 선박투자회사,"Asia Pacific No.35 Ship Investment Co., Ltd.",아시아퍼시픽35호선박투자회사, ,신주선,기타법인,220111-0113365,616-86-19083,제주특별자치도 제주시 연삼로 473 (이도이동),www.koreashipfinance.com,,기타 운송장비 임대업,2014-05-22,12월
아시아퍼시픽36호 선박투자회사,"Asia Pacific No.36 Ship Investment Co., Ltd.",아시아퍼시픽36호선박투자회사, ,신주선,기타법인,220111-0115585,616-86-20130,제주특별자치도 제주시 연삼로 473 (이도이동),www.koreashipfinance.com,,기타 운송장비 임대업,2014-07-17,12월
아시아퍼시픽37호 선박투자회사,"Asia Pacific No.37 Ship Investment Co., Ltd.",아시아퍼시픽37호선박투자회사, ,신주선,기타법인,220111-0117200,616-86-22462,제주특별자치도 제주시 연삼로 473 (이도이동),www.koreashipfinance.com,,기타 운송장비 임대업,2014-09-01,12월
아시아퍼시픽38호 선박투자회사,"Asia Pacific No.38 Ship Investment Co., Ltd.",아시아퍼시픽38호선박투자회사, ,신주선,기타법인,220111-0117193,616-86-25120,제주특별자치도 제주시 연삼로 473 (이도이동),www.koreashipfinance.com,,기타 운송장비 임대업,2014-09-01,12월
아시아퍼시픽39호 선박투자회사,"Asia Pacific No.39 Ship Investment Co., Ltd.",아시아퍼시픽39호선박투자회사, ,신주선,기타법인,180111-0948696,617-86-25744,"부산광역시 남구 문현금융로 40 (문현동, 부산국제금융센터) 22층",www.koreashipfinance.com,,기타 운송장비 임대업,2014-12-23,12월
아시아퍼시픽3호선박투자회사,"ASIA PACIFIC NO. 3 SHIP INVESTMENT CO.,LTD.",아시아퍼시픽3호선박투자회사,081200,신주선,기타법인,180111-0493394,602-81-34493,부산광역시 영도구  남항서로 6-7,www.koreashipfinance.com,,기타 운송장비 임대업,2004-10-04,12월
아시아퍼시픽45호선박투자회사,"Asia Pacific No.45 Ship Investment Co., Ltd.",아시아퍼시픽45호선박투자회사, ,신주선,기타법인,220111-0131440,858-86-00174,제주특별자치도 제주시 연삼로 473 (이도이동),www.koreashipfinance.com,,기타 운송장비 임대업,2015-07-23,12월
아시아퍼시픽48호 선박투자회사,"Asia Pacific No.48 Ship Investment Co., Ltd.",아시아퍼시픽48호선박투자회사, ,신주선,기타법인,220111-0163451,826-81-00570,제주특별자치도 제주시 연삼로 473 (이도이동),www.koreashipfinance.com,,기타 운송장비 임대업,2017-06-09,12월
아시아퍼시픽49호 선박투자회사 ,"Asia Pacific No.49 Ship Investment Co., Ltd.",아시아퍼시픽49호선박투자회사, ,신주선,기타법인,220111-0174523,198-87-00889,제주특별자치도 제주시 연삼로 473 (이도이동),www.koreashipfinance.com,,기타 운송장비 임대업,2018-04-03,12월
아시아퍼시픽4호선박투자회사,"ASIA PACIFIC NO.4 SHIP INVESTMENT CO.,LTD.",아시아퍼시픽4호선박투자회사,081210,신주선,기타법인,180111-0493401,602-81-34509,부산광역시 영도구  남항서로 6-7,www.koreashipfinance.com,,기타 운송장비 임대업,2004-10-04,12월
아시아퍼시픽50호 선박투자회사,"Asia Pacific No.50 Ship Investment Co., Ltd.",아시아퍼시픽50호선박투자회사, ,신주선,기타법인,220111-0178947,444-86-01222,제주특별자치도 제주시 연삼로 473 (이도이동),www.koreashipfinance.com,,기타 운송장비 임대업,2018-07-23,12월
아시아퍼시픽51호 선박투자회사,"Asia Pacific No.51 Ship Investment Co., Ltd.",아시아퍼시픽51호선박투자회사, ,석흔욱,기타법인,220111-0205857,252-87-01921,제주특별자치도 제주시 연삼로 473 (이도이동), ,,기타 운송장비 임대업,2020-05-29,12월
아시아퍼시픽5호선박투자회사,"ASIA PACIFIC NO.5 SHIP INVESTMENT CO.,LTD.",아시아퍼시픽5호선박투자회사,082240,신주선,기타법인,180111-0497289,602-81-34775,부산광역시 영도구  남항서로 6-7,www.koreashipfinance.com,,기타 운송장비 임대업,2004-10-05,12월
아시아퍼시픽6호선박투자회사,"ASIA PACIFIC NO.6 SHIP INVESTMENT CO.,LTD.",아시아퍼시픽6호선박투자회사,082250,신주선,기타법인,180111-0497297,602-81-34756,부산광역시 영도구  남항서로 6-7,www.koreashipfinance.com,,기타 운송장비 임대업,2004-10-05,12월
아시아퍼시픽7호선박투자회사,"ASIA PACIFIC NO. 7 SHIP INVESTMENT CO.,LTD",아시아퍼시픽7호선박투자회사,082260,신주선,기타법인,180111-0497304,602-81-34760,부산광역시 영도구  남항서로 6-7,www.koreashipfinance.com,,기타 운송장비 임대업,2004-10-05,12월
아시아퍼시픽8호선박투자회사,"ASIA PACIFIC NO. 8 SHIP INVESTMENT CO.,LTD",아시아퍼시픽8호선박투자회사,081930,신주선,기타법인,180111-0497312,602-81-34741,부산광역시 영도구  남항서로 6-7,www.koreashipfinance.com,,기타 운송장비 임대업,2004-10-05,12월
아시아퍼시픽9호선박투자회사,"ASIA PACIFIC NO. 9 SHIP INVESTMENT CO.,LTD",아시아퍼시픽9호선박투자회사,081940,신주선,기타법인,180111-0502632,602-81-35022,부산광역시 영도구  남항서로 6-7,www.koreashipfinance.com,,기타 운송장비 임대업,2004-11-30,02월
(주)아영,AYOUNG,아영, ,이병철,기타법인,201411-0024030,572-81-02346,전라남도 해남군 산이면 비석길 102 구성리 580,-,,사업시설 관리 및 조경 서비스업,2021-04-08,12월
아오모리여행사 주식회사,"Aomori tour co.Ltd.,",아오모리여행사, ,강민중,기타법인,110111-3863514,211-88-11162,서울특별시 강남구 신사동 587-16 6층, ,,여행사업,2008-04-01,12월
아워박스 주식회사,OURBOX,아워박스, ,박철수,기타법인,131111-0484805,358-81-00820,"서울특별시 구로구 디지털로 288 9층 908호(구로동, 대륭포스트타워1차)", ,,포장 및 충전업,2017-06-20,12월
주식회사 아윰,"Fly Yangyang Development Co., Ltd.",아윰, ,이용재,기타법인,110111-5729441,602-86-00095,강원도 양양군 손양면 손중로 211-8 101동 4층 404호(양양삼호임대아파트), ,,여행사업,2015-06-04,12월
(주) 아이그린,IGREEN,아이그린, ,송희영,기타법인,110111-4735134,106-86-82793,"서울특별시 용산구 한강대로 31 (한강로3가, 금영빌딩) 4층",www.igreenus.co.kr,,사업지원 서비스업,2011-11-23,12월
아이디어허브 주식회사,Ideahub Inc,아이디어허브, ,임경수,기타법인,110111-6239407,815-86-00482,"서울특별시 서초구 서초대로 411 (서초동, GTTOWER) 11층 1101호", ,,무형재산권 임대업,2016-12-01,12월
(주)아이로지스틱스,I Logistics Corporation,아이로지스틱스, ,강종홍,기타법인,284911-0047728,141-81-00260,경기도 화성시 동탄물류로 48 동탄물류센터 B블럭 2층 (신동),i-logistics.co.kr,,포장 및 충전업,2004-05-01,12월
(주)아이비에스이엔엠,IBS E&M Co.Ltd,아이비에스이엔엠, ,윤중철,기타법인,110111-4395532,201-86-17113,서울특별시 강남구 언주로 531 (역삼동), ,,사업시설 유지ㆍ관리 서비스업,2010-07-19,12월
(주)아이비에스인더스트리,IBS Industry co.Ltd,아이비에스인더스트리, ,구성회,기타법인,110111-0125363,102-81-23496,"서울특별시 강남구 언주로 531 (역삼동, 송헌빌딩)", ,,사업시설 유지ㆍ관리 서비스업,1972-01-15,12월
아이비커리어(주),"ibcareer Co.,Ltd.",아이비커리어, ,황인범,기타법인,110111-3260348,120-86-83600,"서울특별시 강남구 선릉로 433 (역삼동, 세방빌딩) 9층", ,,상용 인력 공급 및 인사관리 서비스업,2005-07-01,12월
아이비케이신용정보(주),"IBK Credit Information Co., Ltd",아이비케이신용정보, ,김동엽,기타법인,110111-1855646,220-81-76215,서울특별시 영등포구 국회대로62길 15 (여의도동) 광복회관 6층,www.ibkcredit.co.kr,,신용 조사 및 추심 대행업,2000-01-18,12월
(주)아이언렌트카,IRONRENTCAR,아이언렌트카, ,김기문,기타법인,110111-5722958,715-88-00129,"서울특별시 강남구 봉은사로114길 38 204호(삼성동, 경인빌딩)", ,,자동차 임대업,2015-06-01,12월
주식회사 아이에너리소스,"ienerresource Co., Ltd.",아이에너리소스, ,이명선,기타법인,110111-3128364,215-86-64745,서울특별시 마포구 합정동 366-29 4층, ,,기타 사업지원 서비스업,2004-12-08,12월
주식회사 아이에스큐,"I.S.Q. Eng.CO., LTD",아이에스큐, ,신상호,기타법인,110111-0432495,215-81-58777,서울특별시 송파구 동남로2길 13 (문정동), ,,사업시설 유지ㆍ관리 서비스업,1995-01-03,12월
(주)아이엔티원,INTONE,아이엔티원, ,이삼주,기타법인,110111-4281153,105-87-41739,경기도 파주시 회동길 325-22 도서출판세화 2층(서패동), ,,고용 알선업,2004-02-10,12월
(주)아이엠씨마케팅,IMC-Teleperformance,아이엠씨마케팅, ,김남국,기타법인,110111-1063760,211-86-32936,서울특별시 동작구 노량진동 197번지 남강타워 7층,http://www.imctp.co.kr,,콜센터 및 텔레마케팅 서비스업,1994-04-01,12월
(주)아이엠에스그룹(IMS Group Inc.),"International Media Services Co.,Ltd",아이엠에스그룹(IMSGroupInc.), ,김재식,기타법인,110111-0941222,116-81-45067,경기도 성남시 수정구 수정로 158 IMS 빌딩, ,,조경 관리 및 유지 서비스업,1993-05-11,12월
아이엠에스모빌리티 주식회사(IMS Mobility Inc),"IMS1. Co., Ltd.",아이엠에스모빌리티(IMSMobilityInc), ,조영탁,기타법인,110111-5120946,206-86-77227,"서울특별시 광진구 아차산로 355 (자양동, 타워더모스트광진아크로텔) 3층 302호",www.ims1.co.kr,,자동차 임대업,2013-04-24,12월
(주)아이원서비스,I ONE SERVICE,아이원서비스, ,신호철,기타법인,110111-4568262,210-81-66476,"경기도 성남시 수정구 위례서일로 18 (창곡동, 더존메디컬타워), 제501-2,3,4호",iwant1953@daum.net,,경비 및 경호 서비스업,2011-04-14,12월
(주)아이유홀딩스,IU Holdings,아이유홀딩스, ,주동인,기타법인,110111-3689803,214-88-09893,서울특별시 서초구 서초동,-,,그 외 기타 분류 안된 사업지원 서비스업,2007-06-01,12월
주식회사 아이카,"ICAR Co., Ltd.",아이카, ,김영혁,기타법인,135811-0367798,503-88-01369,경기도 수원시 권선구 수인로 43-2 (서둔동), ,,자동차 임대업,2019-05-22,12월
주식회사 아이큐브,ICUBE,아이큐브, ,김용호,기타법인,134811-0550112,297-87-01623,경기도 화성시 우정읍 기아자동차로 95 (매향리) 주식회사 아이큐브, ,,상용 인력 공급 및 인사관리 서비스업,2020-04-01,12월
주식회사 아이크로,ICROW,아이크로, ,"방우석, 윤경호",기타법인,206211-0072509,406-86-01439,"서울특별시 서초구 반포대로20길 57 (서초동, 한송빌딩) 1층, 2층 1호",www.icrow.co.kr/,,그 외 기타 분류 안된 사업지원 서비스업,2019-12-10,12월
(주)아이티데스크,"ITDesk.Co.,Ltd.",아이티데스크, ,강대성,기타법인,110111-3728841,214-88-12699,"서울특별시 영등포구 양평로21가길 19 6층 611호(양평동5가, 선유도우림라이온스밸리B)",www.itdesk.co.kr,,컴퓨터 및 사무용 기계ㆍ장비 임대업,2007-08-01,12월
아이피로지스틱스 주식회사,IPLogistics,아이피로지스틱스, ,김경준,기타법인,110111-5851971,135-86-53262,"서울특별시 강서구 마곡중앙1로 14 (마곡동, M밸리W-TOWERⅣ) 502호", ,,임시 및 일용 인력 공급업,2015-10-07,12월
주식회사 아이피시,Innovation Passion Creation,아이피시, ,김판수,기타법인,120111-0097164,122-81-47376,"서울특별시 강서구 마곡중앙1로 14 (마곡동, M밸리WTOWER 4차) 5층",www.ipc.co.kr,,고용 알선업,1994-06-02,12월
(주)아이피엘씨,IPLC,아이피엘씨, ,현융기,기타법인,110111-0985379,113-81-35371,"서울특별시 구로구 디지털로33길 55 (구로동, 이앤씨벤처드림타워2차) 1011",ipl21.com,,인력 공급업,1993-11-25,12월
(주)아이피엘에스,IPLS,아이피엘에스, ,현종혁,기타법인,110111-8792320,886-81-03337,서울특별시 양천구 국회대로 162 (신정동) 2층,www.iplmate.com/,,임시 및 일용 인력 공급업,2023-11-14,12월
(주)아인텔레서비스,"AIN TeleService, LTD.",아인텔레서비스, ,고은정,기타법인,180111-0367581,606-81-69048,부산광역시 사상구 감전천로 216 엘지유플러스 빌딩 9층, ,,콜센터 및 텔레마케팅 서비스업,2001-06-28,12월
주식회사 아일랜드홀딩스,"Island Holdings Co., Ltd.",아일랜드홀딩스, ,엄세웅,기타법인,110111-4721654,113-86-53812,"경기도 안양시 동안구 벌말로 123 1005호(관양동, 평촌스마트베이)", ,,기타 사무지원 서비스업,2011-11-03,12월
아임파워(주),i m power,아임파워, ,이명희,기타법인,110111-5888437,719-86-00224,"서울특별시 영등포구 선유로9길 10 (문래동6가, 문래SKV1center)911호",www.impower.co.kr,,사업시설 유지ㆍ관리 서비스업,2015-11-12,12월
(주)아정네트웍스,"AJung Networks, Inc. ",아정네트웍스, ,김민기,기타법인,180111-1360071,329-88-02173,"부산광역시 북구 만덕대로 104 (덕천동, 중앙빌딩), 3층", ,,그 외 기타 분류 안된 사업지원 서비스업,2021-06-01,12월
아주얼라이언스 주식회사,"AJU Alliance Co., Ltd.",아주얼라이언스, ,이욱환,기타법인,110111-0919864,454-86-03606,서울특별시 서초구 방배로 230-1 (방배동) B층 3호,www.ajualliance.co.kr,,그 외 기타 분류 안된 사업지원 서비스업,2025-03-04,03월
아주해양자원개발 주식회사,"AJU Marine Resources Development Co., Ltd.",아주해양자원개발, ,박상일,기타법인,164811-0097879,640-87-00454,충청남도 아산시 둔포면 관용로 12-11 (산전리), ,,사업시설 유지ㆍ관리 서비스업,2016-08-18,12월
(주)아츠풀닷컴,"Artspool.Com Co., Ltd",아츠풀닷컴, ,진교영,기타법인,110111-1696529,214-86-35140,서울특별시 서초구 서초동 1355,-,,"전시, 컨벤션 및 행사 대행업",1999-05-13,12월
아쿠아플라넷 주식회사,"Aqua planet Co.,Ltd.",아쿠아플라넷, ,김시훈,기타법인,110111-7839529,624-81-02142,"서울특별시 영등포구 63로 36 801호 (여의도동, 리버타워)", ,,그 외 기타 사업지원 서비스업,2021-04-02,12월
아트리움컨설턴트(주),Artrium Consultant,아트리움컨설턴트, ,최수진,기타법인,180111-0894790,621-86-06810,"부산광역시 남구 자성로 152 (문현동, 한일오피스텔) 509호", ,,"전시, 컨벤션 및 행사 대행업",2014-01-13,12월
아트빌리온(주),Art Billion,아트빌리온, ,오재영,기타법인,110111-3774068,220-87-56394,서울특별시 강남구 도곡동, ,,그 외 기타 분류 안된 사업지원 서비스업,2007-10-26,12월
(주)아티타야,"Artitaya Co.,LTD.",아티타야, ,손옥분,기타법인,110111-3861724,217-81-25874,"경기도 하남시 위례대로2길 20 (학암동, 밀리토피아골프) 2층 (주)아티타야",www.artitaya.com,,여행사업,2008-04-01,12월
안산에듀피아 주식회사,ansanedupia,안산에듀피아, ,이수진,기타법인,110111-3460089,107-86-78666,서울특별시 영등포구 여의도동 정우빌딩, ,,무형재산권 임대업,2006-05-07,12월
주식회사안산지킴이,"Ansanzikimi Co.,Ltd",안산지킴이, ,김태환,기타법인,131411-0229388,134-86-58890,경기도 안산시 단원구 고잔동 731 대진빌딩 301,-,,그 외 기타 사업지원 서비스업,2009-08-18,12월
주식회사 안전,ANJUN,안전, ,정연욱,기타법인,191311-0014151,615-81-63581,경상남도 창원시 마산회원구 두척2길 62 (두척동), ,,자동차 임대업,2008-06-10,12월
(주)안주,ANJUE,안주, ,신리나,기타법인,110111-5552446,106-87-10243,"서울특별시 중구 남대문로 5 5층, 6층 (남대문로4가, 흥국생명빌딩)",www.anjue.co.kr,,사업시설 유지ㆍ관리 서비스업,2014-10-31,12월
(주)안진종합관리,beomho,안진종합관리, ,김명숙,기타법인,160111-0302557,305-86-12142,"서울특별시 동대문구 천호대로 52 3층 305호(용두동,신일빌딩)", ,,상용 인력 공급 및 인사관리 서비스업,2011-07-05,12월
알디파트너스 주식회사,"R.D.Partners Co.,Ltd.",알디파트너스, ,"김종영, 최영현",기타법인,110111-6942240,353-88-01181,"서울특별시 성동구 서울숲2길 44-7 1층, (성수동1가)",rdpartners.co.kr,,온라인 활용 마케팅 및 관련 사업지원 서비스업,2018-12-21,12월
(주)알앤지서비스,"R&G Service Co., Ltd.",알앤지서비스, ,정태상,기타법인,110111-4461177,220-88-07037,"서울특별시 강남구 논현로79길 72 816호(역삼동, 올림피아센타)", ,,사업지원 서비스업,2010-11-02,12월
(주)알앤텍,R&TECH Corporation,알앤텍, ,김희수,기타법인,110111-1986409,120-86-06281,서울특별시 강남구 대치동 1008-2 시화빌딩 1층,http://www.rentalenjoy.com,,컴퓨터 및 사무용 기계ㆍ장비 임대업,2000-06-01,12월
알에이코프 (주), ,알에이코프, ,심상규,기타법인,110111-1494329,116-81-66650,서울특별시 중구 북창동93-52 진흥금고빌딩 2층, ,,사업시설 유지ㆍ관리 서비스업,1997-12-13,12월
(주)알엠디퀵폼코리아,"RMA Kwiform Korea Co.,Ltd",알엠디퀵폼코리아, ,이근,기타법인,110111-1285661,220-81-00087,서울특별시 강남구 논현동 19 대남빌딩 9층,www.rmdkwikform.co.kr,,기타 산업용 기계 및 장비 임대업,1996-06-21,12월
알이비파트너스 주식회사,"REBPartners Co.,Ltd",알이비파트너스, ,남칠우,기타법인,170111-0700387,129-86-93992,대구광역시 동구 이노밸리로 309 (신서동) 3층,www.rebp.co.kr/,,그 외 기타 사업지원 서비스업,2018-11-01,12월
주식회사 알찬마루,"Al Chan Ma Ru Co.,Ltd.",알찬마루, ,김성호,기타법인,170111-0333451,502-81-91078,"대구광역시 동구 동대구로 489 16층 (신천동, 대구무역회관)", ,,사업시설 유지ㆍ관리 서비스업,2007-06-01,12월
(주)알파베타,"ALPHA BETA CO.,LTD.",알파베타, ,허훈,기타법인,110111-1021130,120-81-36946,서울특별시 강남구 역삼1동 827-66,ALPHABETA.CO.KR,,그 외 기타 분류 안된 사업지원 서비스업,1994-03-22,12월
(주)알파솔루션,"Alpha Solution Co.,Ltd.",알파솔루션, ,임성관,기타법인,134811-0433540,631-87-00765,"경기도 화성시 향남읍 행정중앙2로 40 103호(행정리, 향남시범넓은들마을향남지웰2차 상가동)", ,,"산업설비, 운송장비 및 공공장소 청소업",2017-12-14,12월
주식회사 알파원산업,ALPHAONE ,알파원산업, ,권오만,기타법인,154311-0043163,266-86-00680,충청북도 음성군 감곡면 감노로 678 (월정리), ,,건설 및 토목공사용 기계ㆍ장비 임대업,2017-08-10,12월
알파정보통신(주),Alpha Info-Communication Cor.,알파정보통신, ,신현정,기타법인,111611-0064734,128-81-83216,경기도 고양시 일산구 장항동 566-8, ,,사업시설 유지ㆍ관리 서비스업,2003-05-16,12월
(주)애니렌트카,Aanyrnetcar,애니렌트카, ,여동찬,기타법인,110111-2382789,215-86-18668,서울특별시 송파구 송파동 27-8, ,,자동차 임대업,2001-11-23,12월
(주)애니벨,"ANYBELL CO.,LTD",애니벨, ,김광훈,기타법인,110111-2456857,109-81-76558,서울특별시 금천구 가산동 426-5 월드메르디앙2차 901호,www.anybell.co.kr,,콜센터 및 텔레마케팅 서비스업,2002-02-27,12월
애니텍프러스주식회사,"ANYTECHPLUS CO.,LTD",애니텍프러스, ,"손보승, 이은영",기타법인,135211-0031709,138-81-70756,경기도 안양시 동안구 흥안대로 51 (호계동) 2층 202호,daehyeong.inpiad.net/,,상용 인력 공급 및 인사관리 서비스업,2011-11-04,12월
(주)애드닷컴,(주)ADDOTCOM,애드닷컴, ,허선영,기타법인,110111-2066317,110-81-47747,경기도 양평군 용문면 광탄리, ,,임대업; 부동산 제외,2000-09-01,12월
(주)애드민,admin,애드민, ,"정승세, 정성문",기타법인,110111-2028846,214-86-63928,서울특별시 송파구 잠실동181-2 성진빌딩 5층,www.admin4u.co.kr,,인력 공급업,2000-07-20,12월
(주)애드민에스엔에스,ADMINSNS.CO.LTD,애드민에스엔에스, ,정승세정성문,기타법인,110111-4638651,215-87-55942,"서울특별시 송파구 올림픽로 98 (잠실동, 성진빌딩)  7층",www.admin4u.co.kr,,상용 인력 공급 및 인사관리 서비스업,2011-07-01,12월
주식회사 애플투어,APPLETOUR Ltd,애플투어, ,이상수,기타법인,110111-7930624,248-86-02322,"서울특별시 종로구 종로 80-2 3층 309호 (종로2가, 삼양빌딩)", ,,여행사업,2021-10-19,12월
주식회사앰앰아이,MMI,앰앰아이, ,심재민,기타법인,134811-0307258,135-86-45947,경기도 화성시 금곡로249번길 34-1 (금곡동), ,,건축물 일반 청소업,2014-07-22,12월
(주)앰웨스트펀딩코리아,AmWest Funding Korea Corporation,앰웨스트펀딩코리아, ,김상효,기타법인,110111-4994326,220-88-47534,서울특별시 강남구 봉은사로70길 5 1층 (삼성동),yk8211@naver.com,,사업지원 서비스업,2012-11-06,12월
(주)야후건기,YAHOOGUNGI,야후건기, ,양상균,기타법인,131311-0022578,125-81-23280,경기도 성남시 분당구 구미동 시그마2오피스텔 C-824, ,,산업용 기계 및 장비 임대업,1997-07-16,12월
양승토건 주식회사,"Yang Seung Engineering & Construction Co.,Ltd.",양승토건, ,이동순,기타법인,180111-0708264,605-81-99248,"부산광역시 동구 중앙대로 360 901호(수정동,협성타워)",ssjj0430@naver.com,,기타 운송장비 임대업,2010-03-22,12월
양우학교사랑(주),"YANGW00 SCHOOL LOVE CO.,LTD",양우학교사랑, ,고광정,기타법인,110111-3780065,107-87-02144,서울특별시 영등포구 영등포동6가 3-2 양우화인텔 312호, ,,사업시설 관리 및 조경 서비스업,2007-11-01,12월
양천고양통일동산(주),"Tong-Il Dongsan Co.,Ltd.",양천고양통일동산, ,함명호,기타법인,110111-4834431,106-86-85581,"서울특별시 용산구 이촌로 352 (용산동6가, 신동아쇼핑)", ,,사업시설 유지ㆍ관리 서비스업,2012-04-02,12월
에너지케이 주식회사,Energy-K Company Limited.,에너지케이, ,김태훈,기타법인,110111-6901981,384-81-01207,"서울특별시 강남구 논현로 305 2층(역삼동, 쎄듀타워)", ,,사업시설 유지ㆍ관리 서비스업,2018-10-22,12월
주식회사 에덴밸리리조트,edenvalley co.ltd,에덴밸리리조트, ,황연수,기타법인,234111-0064281,621-81-94677,"경상남도 양산시 원동면 어실로 1206 (대리, 에덴밸리리조트)",www.edenvalley.co.r,,사업시설 유지ㆍ관리 서비스업,2012-03-13,12월
주식회사 에드토,"ADTO Co., Ltd.",에드토, ,박형진,기타법인,131311-0225263,753-81-01500,경기도 평택시 목천로 5 (신장동) 2층,adto.co.kr,,상용 인력 공급 및 인사관리 서비스업,2019-12-19,12월
주식회사 에버가드,EVERGUARD,에버가드, ,오세동,기타법인,110111-2439291,220-86-29809,"서울특별시 강남구 밤고개로1길 10 (수서동, 수서현대벤쳐빌) 1520호", ,,경비 및 경호 서비스업,2007-02-01,12월
(주)에스가드,SGUARD,에스가드, ,김기태,기타법인,110111-4239417,108-81-90407,경기도 용인시 기흥구 사은로126번길 10 113동 10층 4호, ,,보안시스템 서비스업,2009-12-16,12월
에스더블유엠(주),SWM,에스더블유엠, ,박서연,기타법인,110111-4704931,120-87-74210,"서울특별시 강남구 테헤란로 512 (대치동, 신안빌딩) 8층", ,,건축물 일반 청소업,2011-10-12,12월
주식회사에스디씨,S.D.Corp.,에스디씨, ,최경남,기타법인,206211-0080685,589-88-02101,전라남도 여수시 소호로 219-1 (소호동), ,,그 외 기타 분류 안된 사업지원 서비스업,2021-07-09,12월
(주)에스디케이,Service Development Korea,에스디케이, ,황인성,기타법인,110111-0432255,102-81-24476,"서울특별시 마포구 월드컵북로 45 (서교동, SDTowerB&C) 7층",www.sdgroup.co.kr,,경비 및 경호 서비스업,1986-07-14,12월
(주)에스모티베이션,Emotivation,에스모티베이션, ,박상규,기타법인,180111-1367845,430-81-02299,부산광역시 북구 만덕1로 53 (만덕동), ,,무형재산권 임대업,2021-06-04,12월
에스비개발산업주식회사,SB Development industry co.,에스비개발산업, ,백미,기타법인,200111-0411367,409-86-50303,광주광역시 광산구 임방울대로 779 (쌍암동) 쌍둥이빌딩 302호, ,,사업지원 서비스업,2014-11-04,06월
주식회사 에스비렌탈,"SBRENTAL CO., LTD.",에스비렌탈, ,권용정,기타법인,110111-7931250,447-81-02322,"서울특별시 서초구 서초대로74길 23 (서초동, 서초타운트라팰리스) 807호", ,,임대업; 부동산 제외,2021-06-22,12월
에스비마리타임주식회사,"SBmaritime co.,ltd",에스비마리타임, ,신민식,기타법인,110111-4339704,107-87-35382,서울특별시 영등포구 여의도동 대영빌딩1112, ,,기타 운송장비 임대업,2010-04-29,12월
에스비티엠 주식회사,SBTM Corporation,에스비티엠, ,이강일,기타법인,110111-6536556,640-88-00825,"서울특별시 중구 퇴계로 173 (충무로3가, 남산스퀘어) 18층", ,,여행사업,2017-10-13,12월
주식회사 에스씨엘홀딩스,SCL HOLDINGS,에스씨엘홀딩스, ,이경률,기타법인,134511-0645315,569-87-03002,"경기도 용인시 기흥구 흥덕1로 13 1207호 (영덕동, 흥덕IT밸리)",www.sclholdings.co.kr,,그 외 기타 분류 안된 사업지원 서비스업,2023-08-02,12월
에스씨케이(주),sck,에스씨케이, ,이남수,기타법인,110111-2985195,206-81-89674,"서울특별시 성동구 아차산로11길 18 (성수동2가, (주)부래당,(주)언어더필) 608호", ,,인력 공급업,2004-04-01,12월
(주)에스알피,SRP,에스알피, ,양혜경,기타법인,131411-0251399,134-86-72567,"경기도 안산시 단원구 광덕서로 68 (고잔동, 삼영빌딩) b101호",.,,사업지원 서비스업,2010-12-15,12월
(주) 에스앤제이네트웍스,S&J NETWORKS,에스앤제이네트웍스, ,정재기,기타법인,110111-1447360,214-86-18928,"서울특별시 중구 삼일대로 299 (충무로2가, 성창빌딩)",www.snjnetworks.co.kr,,콜센터 및 텔레마케팅 서비스업,1997-08-01,12월
(주)에스에스렌터카,SS RENT A CAR CO LTD,에스에스렌터카, ,이선호,기타법인,284211-0056608,132-81-88845,"경기도 남양주시 늘을2로14번길 5 506 (호평동, 샤르망메디칼프라자)",www.ssrentacar.co.kr,,자동차 임대업,2010-03-22,12월
주식회사 에스에스클럽,"SSCLUB Co., LTD",에스에스클럽, ,"이민석, 조철현",기타법인,110111-5138113,108-86-06336,경기도 화성시 동탄영천로 105 (영천동),ssclubkorea.co.kr/,,사업시설 유지ㆍ관리 서비스업,2013-05-20,12월
(주)에스에스피플코리아,"S S People Korea Co.,Ltd",에스에스피플코리아, ,안순자,기타법인,110111-5294915,119-86-80923,"서울특별시 금천구 디지털로9길 46 (가산동, 이앤씨드림타워7차) 601호", ,,상용 인력 공급 및 인사관리 서비스업,2013-12-18,12월
주식회사 에스에이씨홀딩스,"SAC HOLDINGS CO.,LTD.",에스에이씨홀딩스, ,"한형기, 남정은",기타법인,164811-0082854,312-86-72599,충청남도 아산시 인주면 인주산단로 123-81 (걸매리), ,,사업시설 유지ㆍ관리 서비스업,2014-10-31,12월
주식회사 에스에이치렌탈,SH RENTAL,에스에이치렌탈, ,이호원,기타법인,110111-7287520,439-81-01735,"서울특별시 서초구 강남대로 341 8층, 840호 (서초동, 삼원빌딩)", ,,컴퓨터 및 사무용 기계ㆍ장비 임대업,2019-11-15,12월
(주)에스에프피씨,sfpc,에스에프피씨, ,한승청,기타법인,110111-6774023,169-88-01214,"서울특별시 구로구 디지털로31길 38-21 905호(구로동, 이앤씨벤처드림타워3차)", ,,상용 인력 공급 및 인사관리 서비스업,2018-06-01,12월
(주)에스엔피,S&P,에스엔피, ,권영구,기타법인,195511-0120695,615-81-72061,"경상남도 김해시 대청로210번길 24 (대청동, 장유엔트로빌딩) 402호", ,,고용알선 및 인력공급업,2009-09-15,12월
(주)에스엘산업개발,SL Industrial Development Co. Ltd,에스엘산업개발, ,안병준,기타법인,170111-0334243,502-81-91802,대구광역시 남구 용두방천2길 34 (이천동), ,,경비 및 경호 서비스업,2007-06-13,12월
(주) 에스엘시스템,SL SYSTEM,에스엘시스템, ,정영권,기타법인,110111-5324978,114-87-14745,"서울특별시 서초구 서초대로15길 8-14 (방배동), 2층", ,,사업시설 유지ㆍ관리 서비스업,2014-01-23,12월
(주)에스엘아이평생교육원,SLI Edu ltd.,에스엘아이평생교육원, ,박진석,기타법인,110111-2432469,215-86-20276,서울특별시 서초구 강남대로30길 31 (양재동), ,,그 외 기타 분류 안된 사업지원 서비스업,2002-01-25,12월
(주)에스엘알렌트,SLRRENT Corp.,에스엘알렌트, ,김기흥,기타법인,110111-4585852,214-88-76771,"서울특별시 강남구 테헤란로6길 9 (역삼동, 장원빌딩)1층",slrrent.com,,그 외 기타 개인 및 가정용품 임대업,2011-04-20,12월
주식회사 에스엘홀딩스,SL HOLDINGS,에스엘홀딩스, ,김선린,기타법인,161511-0256086,896-87-01492,충청남도 천안시 동남구 태조산길 135 외1필지(유량동), ,,무형재산권 임대업,2019-09-01,12월
유한회사에스엠,SM,에스엠, ,박재영,기타법인,206214-0011121,417-81-40946,전라남도 여수시 선소로 130 (신기동) 3층, ,,상용 인력 공급 및 인사관리 서비스업,2010-10-27,12월
에스엠레저산업 주식회사,"SM Leisure Industry Co.,Ltd.",에스엠레저산업, ,이재만,기타법인,145111-0019557,735-88-01326,경상북도 김천시 어모면 작점로 606 (능치리), ,,상용 인력 공급 및 인사관리 서비스업,2019-08-07,12월
(주)에스엠마리타임,"SM MARITIME CO., LTD",에스엠마리타임, ,배승단,기타법인,180111-0547670,602-81-38617,"부산광역시 해운대구 APEC로 17 (우동, 센텀리더스마크) 3303호", ,,상용 인력 공급 및 인사관리 서비스업,2006-03-01,12월
주식회사 에스엠브이홀딩스,"SMV Holdings Co., Ltd.",에스엠브이홀딩스, ,위청드어,기타법인,220111-0144849,886-88-00402,"서울특별시 영등포구 국제금융로 10 (여의도동, 서울국제금융센터)",-,,여행사업,2016-04-12,12월
주식회사 에스엠서비스,smservice,에스엠서비스, ,김인성,기타법인,110111-4452267,108-81-93947,"서울특별시 구로구 공원로 3 (구로동, 선경오피스텔),504호", ,,고용 알선업,2010-10-18,12월
에스엠신용정보(주),"SM Credit Information Co.,Ltd.",에스엠신용정보, ,공문용,기타법인,110111-1801277,110-81-42932,"서울특별시 서대문구 충정로 53 (충정로2가, 골든타워빌딩)",sm-credit.com,,신용 조사 및 추심 대행업,1999-11-02,12월
에스엠씨엔지니어링(주),SMCENGINEERING,에스엠씨엔지니어링, ,김현주,기타법인,150111-0057683,301-81-54655,충청북도 청주시 흥덕구 가포산로 124 (휴암동), ,,사업시설 유지ㆍ관리 서비스업,2001-08-09,12월
에스엠알이 주식회사,"SMRE Co., Ltd.",에스엠알이, ,이용걸,기타법인,110111-7542362,117-86-01577,"서울특별시 강남구 테헤란로82길 15 (대치동) 839호(대치동, 디아이타워)", ,,그 외 기타 분류 안된 사업지원 서비스업,2020-07-03,12월
주식회사 에스엠컨설팅,Safety Manage Consulting,에스엠컨설팅, ,박성준,기타법인,164811-0097853,221-86-00576,경기도 이천시 구만리로 270 2층(안흥동),smc2014.co.kr/,,경비 및 경호 서비스업,2016-08-16,12월
주식회사 에스엠케이글로벌,"SMK GLOBAL CO.,LTD",에스엠케이글로벌, ,PIAO WENHAO,기타법인,220111-0157925,751-86-00553,"경기도 용인시 기흥구 죽전로 10 701-14호(보정동, 장은메디칼프라자)", ,,여행사업,2017-01-31,12월
(주)에스엠피엠씨,SMPMC Inc.,에스엠피엠씨, ,기인주,기타법인,110111-8189593,142-86-02363,"서울특별시 강남구 테헤란로 306 2층 (역삼동, 카이트타워)", ,,사업시설 유지ㆍ관리 서비스업,2022-02-07,12월
(주)에스오에스쎄븐,SOS7,에스오에스쎄븐, ,김홍찬,기타법인,134811-0032011,124-81-51968,"서울특별시 강남구 역삼로 166 403호 (역삼동, 세현빌딩)", ,,사업시설 유지ㆍ관리 서비스업,1997-09-10,12월
(주)에스오케이,"SOK Co., Ltd.",에스오케이,032610,윤용철,기타법인,110111-0298665,215-81-34396,서울특별시 송파구 오금동 23 - 2,www.sok.co.kr,,경비 및 경호 서비스업,1981-06-25,12월
(주)에스와이인터텍,"SY Intertech Co.,Ltd.",에스와이인터텍, ,"최병창, 엄주혁",기타법인,110111-0911754,114-81-50851,"서울특별시 서초구 신반포로 189 (잠원동, 반포쇼핑타운),4동 509호", ,,건축물 일반 청소업,1993-01-05,12월
(주)에스원,S-1 CORPORATION,에스원,012750,"남궁범, 하나오카 타쿠로",유가증권시장,110111-0221939,208-81-13302,서울 중구 순화동 168 에스원빌딩 17층 총무팀,www.s1.co.kr,,보안시스템 서비스업,1977-11-28,12월
에스원씨알엠(주),S1CRM,에스원씨알엠, ,소재승,기타법인,135811-0190199,135-86-13130,경기도 수원시 팔달구 경수대로 522 에스원빌딩 4층,www.s1crm.com,www.s1crm.com,콜센터 및 텔레마케팅 서비스업,2010-12-01,12월
(주)에스유엔지에이치오,SUNGHO,에스유엔지에이치오, ,최형복,기타법인,110111-2617334,211-87-20908,"서울특별시 강남구 강남대로 578 (논현동, 성현빌딩) 601호", ,,건축물 일반 청소업,2002-09-26,12월
주식회사 에스이에스,"SES Co., Ltd.",에스이에스, ,이용,기타법인,135811-0210955,124-87-30271,"경기도 수원시 영통구 덕영대로1556번길 16 ,B동502호(영통동, 디지털엠파이어빌딩)",www.ses.or.kr,,그 외 기타 분류 안된 사업지원 서비스업,2012-03-26,12월
에스제이앤 주식회사,"SJN Co.,Ltd.",에스제이앤, ,조병찬,기타법인,110111-8584644,612-86-02896,서울특별시 노원구 상계로 260 (상계동),www.sj-n.kr,,그 외 기타 분류 안된 사업지원 서비스업,2023-03-16,12월
(주)에스제이파워,s. j. power,에스제이파워, ,신항철,기타법인,110111-4971275,107-87-80290,서울특별시 영등포구 선유로28길 6 (양평동1가)노무빌딩303-2호,www.sjpo.co.kr,,"산업설비, 운송장비 및 공공장소 청소업",2012-09-28,12월
에스지아이신용정보(주),SGI Credit Information Company,에스지아이신용정보, ,남상일,기타법인,110111-2931700,101-86-01723,"서울특별시 양천구 목동서로 159-1 19층(목동, CBS빌딩)",www.sgicic.co.kr,,신용 조사 및 추심 대행업,2004-01-08,12월
주식회사 에스지아큐먼,SG ACUMEN CORPORATION,에스지아큐먼, ,이정근,기타법인,224111-0034905,164-87-00585,제주특별자치도 서귀포시 안덕면 녹차분재로 199 (서광리) (주)에스지아큐먼, ,,인력 공급업,2016-10-01,12월
주식회사 에스지이,semiconductor green environment,에스지이, ,김요정,기타법인,134511-0564507,762-88-02176,"경기도 용인시 수지구 광교중앙로 338 (상현동, 광교우미뉴브)", ,,건축물 일반 청소업,2022-02-09,12월
(주)에스지항공여행사,Smile Global Air Travel Inc.,에스지항공여행사, ,이강희,기타법인,110111-1481516,201-81-21441,"서울특별시 종로구 새문안로 92 (신문로1가, 광화문오피시아) 1419호",www.bcdtravel.com/korea,,여행사업,1997-12-01,12월
주식회사 에스카,s-car,에스카, ,염동곤,기타법인,135811-0187055,124-87-03793,서울특별시 강남구 논현로 545,www.esrentcar.com,,자동차 임대업,2010-09-27,12월
주식회사 에스카테크,"S-CARTECH CO.,LTD.",에스카테크, ,김장현,기타법인,110111-1962607,214-86-58309,"서울특별시 강남구 선릉로112길 12-2 (삼성동, 호암빌딩) 203호",www.ssautoland.biz,,자동차 임대업,2000-05-08,12월
에스케이렌터카(주),"SK RENT A CAR CO.,LTD",에스케이렌터카,068400,이정환,기타법인,110111-0577233,113-81-32864,충청남도 천안시 동남구 유량로 75 (구성동),https://company.skcarrental.com,,자동차 임대업,1988-06-03,12월
에스케이쉴더스(주),"SK shieldus Co.,Ltd",에스케이쉴더스, ,민기식,기타법인,110111-2007858,120-86-07747,경기도 성남시 분당구 판교로227번길 23,www.skshieldus.com,,보안시스템 서비스업,2000-06-26,12월
에스케이오앤에스 주식회사,SK ons,에스케이오앤에스, ,최승원,기타법인,110111-4370708,107-87-37395,"서울특별시 영등포구 선유로49길 23 (양평동4가, 선유도역2차아이에스비즈타워) 9층",www.skons.co.kr,,사업시설 유지ㆍ관리 서비스업,2010-06-14,12월
에스케이 플래닛(주),"SK Planet Co.,Ltd.",에스케이플래닛, ,유재욱,기타법인,110111-4699794,104-86-36968,"경기도 성남시 분당구 판교로 264 (삼평동, sk플래닛판교사옥)",www.skplanet.com,,그 외 기타 사업지원 서비스업,2011-10-05,12월
에스케이하이스텍 주식회사,skhystec.inc,에스케이하이스텍, ,이재훈,기타법인,134411-0037746,126-86-10707,경기도 이천시 부발읍 경충대로 2091 (에스케이하이닉스),www.skhystec.com,,사업시설 관리 및 조경 서비스업,2008-03-18,12월
주식회사 에스코,"ESSCO Co., Ltd",에스코, ,박범수,기타법인,230111-0092830,610-81-63820,"울산광역시 동구 북진2길 21 (방어동,201호)",-,,인력 공급업,2003-01-23,12월
(주)에스코리아,SKOREA,에스코리아, ,김정환,기타법인,110111-3083758,106-86-31144,"서울특별시 강남구 테헤란로52길 6 (역삼동, 테헤란로오피스빌딩) 202호", ,,고용알선 및 인력공급업,2004-09-14,12월
주식회사 에스코아,S-CORE,에스코아, ,이순석,기타법인,180111-0467969,607-81-67626,"부산광역시 동래구 명륜로75번길 8 5층(수안동,한주빌딩))", ,,경비 및 경호 서비스업,2004-01-15,12월
주식회사 에스탑,"SERVICE TOP Co., LTD",에스탑, ,정기화,기타법인,110111-5072452,113-86-68862,"서울특별시 구로구 새말로 97 14층001호(구로동, 신도림테크노마트)", ,,사업시설 유지ㆍ관리 서비스업,2013-02-26,12월
주식회사 에스텍베스트,S-TEC BEST CO.,에스텍베스트, ,강규식,기타법인,180111-0382969,607-81-56605,"부산광역시 부산진구 중앙대로 920 (양정동, 기계설비건설회관 2층)",www.s-tec.co.kr,,경비 및 경호 서비스업,2001-11-05,12월
주식회사 에스텍서비스,"STEC SERVICE CO.,LTD",에스텍서비스, ,이범달,기타법인,110111-4319194,220-87-97361,서울특별시 강남구 역삼동 676 삼부빌딩 8층, ,,사업시설 유지ㆍ관리 서비스업,2010-04-01,12월
주식회사 에스텍세이프,S-Tec Safe,에스텍세이프, ,정규찬,기타법인,160111-0287254,305-86-07616,"대전광역시 중구 계룡로 786 (오류동, 사학연금회관) 603호",s-tec.co.kr,,경비 및 경호 서비스업,2010-10-15,12월
(주)에스텍시스템,S-Tec System ,에스텍시스템, ,이병화,기타법인,110111-1627144,202-81-62708,서울특별시 강남구 개포로 619 강남우체국빌딩 9층 (개포동),www.s-tec.co.kr,,경비 및 경호 서비스업,1999-01-01,12월
주식회사 에스텍에이스,"S-TEC ACE CO.,LTD",에스텍에이스, ,김종기,기타법인,110111-1827819,220-81-72617,"서울특별시 강남구 언주로146길 18 (논현동, 동현상가2층)", ,,경비 및 경호 서비스업,2015-12-23,12월
(주)에스텍퍼스트,S-Tec FIRST CO.,에스텍퍼스트, ,김대웅,기타법인,134111-0090229,123-81-72368,경기도 수원시 팔달구 권광로 197 남현프라자 4층 401호(인계동),www.s-tec.co.kr,,경비 및 경호 서비스업,2001-11-01,12월
(주)에스텍플러스,s-tecplus,에스텍플러스, ,서광수,기타법인,110111-3359000,120-86-90080,"서울특별시 강남구 테헤란로52길 21 (역삼동, 역삼동벤처빌딩) 14층",www.stechr.com,,임시 및 일용 인력 공급업,2005-12-13,12월
주식회사 에스투엘레바,s2elevar,에스투엘레바, ,양일구,기타법인,150111-0290952,473-81-01754,"충청북도 청주시 서원구 사운로 95 (사직동, 빌딩) 뉴센터빌딩 3층", ,,기타 사무지원 서비스업,2020-07-17,12월
주식회사 에스티디씨,"STDC Co., Ltd.",에스티디씨, ,김바위,기타법인,110111-5910264,292-81-00345,"서울특별시 성동구 아차산로 104 (성수동2가, 스탈릿성수),8층", ,,인력 공급업,2015-12-10,12월
주식회사 에스티아이,STI Corp.,에스티아이, ,김우권,기타법인,115611-0019652,128-81-47995,경기도 파주시 탄현면 평화로 711, ,,인력 공급업,2000-04-18,12월
주식회사에스티에스커뮤니케이션,"STS Communication co.,ltd",에스티에스커뮤니케이션, ,임기호,기타법인,110111-2346850,201-81-68179,서울특별시 중구 충무로5가 36-2 삼성생명빌딩 6층,www.u-sts.com/,,콜센터 및 텔레마케팅 서비스업,2001-10-08,12월
(주)에스티에이,"STA CO., LTD",에스티에이, ,장선형,기타법인,120111-0985541,633-88-01374,"인천광역시 연수구 송도국제대로 123 (송도동, 현대프리미엄아울렛송도점) 지하1층 450호", ,,그 외 기타 분류 안된 사업지원 서비스업,2019-05-17,12월
에스티엘(주),"STL.,Ltd",에스티엘, ,임채우,기타법인,110111-3544693,214-87-97497,"서울특별시 강남구 테헤란로84길 15 (대치동, 시몬타워)", ,,사업시설 유지ㆍ관리 서비스업,2006-10-19,12월
에스티엠대광 주식회사,STMDAEKWANG,에스티엠대광, ,이병규,기타법인,135811-0162122,124-86-75534,"충청북도 진천군 이월면 성중로 279 (동성리, 에스티엠대광(주))",www.3057.com,,기타 산업용 기계 및 장비 임대업,2009-02-02,12월
(주)에스팀,ESTEEM,에스팀, ,김소연,기타법인,110111-3050806,211-87-53165,"서울특별시 종로구 인사동9길 27 (견지동, 웅지빌딩)", ,,"전시, 컨벤션 및 행사 대행업",2004-07-15,12월
주식회사 에스피씨클라우드,"SPC Cloud CO.,LTD.",에스피씨클라우드, ,황재복,기타법인,110111-5230547,264-81-21971,경기도 성남시 중원구 사기막골로31번길 18 (상대원동), ,,그 외 기타 분류 안된 사업지원 서비스업,2013-10-01,12월
주식회사 에스피에스,sps,에스피에스, ,홍순명,기타법인,121111-0139676,130-86-17693,경기도 부천시 경인로 264 (심곡본동) 성원빌딩 402호,sps@e-sps.co.kr,,그 외 기타 분류 안된 사업지원 서비스업,2006-01-01,12월
주식회사 에스피에스컴퍼니,"SPS COMPANY Co,.Ltd.",에스피에스컴퍼니, ,최기호,기타법인,210111-0150351,828-81-01901,"전북특별자치도 전주시 완산구 마전중앙로 13 (효자동3가, 동화빌딩) 301호", ,,그 외 기타 분류 안된 사업지원 서비스업,2020-02-03,12월
주식회사 에스피엠,"SOUTHERN PROPERTY MANAGEMENT COMPANY, LTD.",에스피엠, ,송순영,기타법인,110111-1962938,105-86-12125,부산광역시 사상구 괘법동 559-13 동훈빌딩 6층, ,,인력 공급업,2000-05-20,12월
에쓰렌트카 주식회사,SRENTCAR,에쓰렌트카, ,김진규,기타법인,160111-0213499,314-81-85417,"대전광역시 중구 대종로 583 (선화동, 선호아파트) 101동 207호", ,,자동차 임대업,2006-11-09,12월
에어에너지키트코,Air Energi Kitco,에어에너지키트코, ,칼럼패트릭스미스,기타법인,230114-0003055,620-81-52238,울산광역시 동구 문현로 109 로얄프린스 6층 (방어동), ,,고용 알선업,2014-02-12,12월
주식회사 에어테크,AIRTECH,에어테크, ,조영준,기타법인,165011-0076919,105-88-17411,충청남도 당진시 송악읍 대섬길 4-20 (고대리) 207호, ,,사업시설 유지ㆍ관리 서비스업,2021-03-01,12월
주식회사 에이디디보안환경관리단,"ADD Security Clearance Management Co., Ltd",에이디디보안환경관리단, ,이황규,기타법인,160111-0540850,107-88-43007,대전광역시 유성구 북유성대로488번길 160 (수남동), ,,경비 및 경호 서비스업,2020-02-03,12월
주식회사 에이디티캡스,ADT CAPS Co.Ltd,에이디티캡스, ,박진효,기타법인,110111-0072639,205-81-21711,"서울특별시 강남구 봉은사로 613 (삼성동, ADT캡스제1빌딩)",www.adtcaps.co.kr,,보안시스템 서비스업,1971-01-22,12월
에이렌탈앤서비스주식회사,"A Rental & Service Co.,Ltd.",에이렌탈앤서비스, ,홍성관,기타법인,110111-3067942,108-81-67492,경기도 김포시 고촌읍 장곡로 36 (풍곡리),www.ajbike.co.kr,,기타 운송장비 임대업,2004-08-17,12월
(주)에이렘,arem,에이렘, ,김성곤,기타법인,110111-3820382,120-87-23856,서울특별시 강남구 테헤란로43길 14 (역삼동)청수빌딩 8층,www.aremasset.com,,사업시설 유지ㆍ관리 서비스업,2008-01-09,12월
주식회사 에이스렌트카,"Acerentcar,co,ltd",에이스렌트카, ,임기원,기타법인,170111-0748816,573-87-01599,대구광역시 서구 북비산로33길 5-7 (평리동), ,,자동차 임대업,2019-12-12,12월
(주)에이스엠,ACE.M,에이스엠, ,윤여선,기타법인,135811-0190470,135-86-13260,경기도 수원시 장안구 조원로 80-1 (조원동) 2층, ,,사업시설 유지ㆍ관리 서비스업,2011-01-01,12월
에이스하이홀딩스(주),"Ace High Holdings co., Ltd.",에이스하이홀딩스, ,원수연,기타법인,110111-5237593,113-86-76402,"서울특별시 구로구 디지털로 273 (구로동, 에이스트윈타워2차) 지하 101호", ,,그 외 기타 분류 안된 사업지원 서비스업,2013-10-01,12월
에이스휴먼파워(주),ACE HUMAN POWER,에이스휴먼파워, ,황종근,기타법인,110111-2663395,214-87-24145,서울특별시 서초구 서초중앙로12길 7 도체오빌딩 2층,www.acehp.co.kr,,상용 인력 공급 및 인사관리 서비스업,2002-11-29,12월
(주)에이씨휴먼넷,Agri-Coop Human Net,에이씨휴먼넷, ,조현종,기타법인,110111-4430809,101-86-58323,"서울특별시 마포구 신촌로 66 (노고산동, 농협중앙회) 11층", ,,임시 및 일용 인력 공급업,2010-09-08,12월
에이아이지글로벌파트너스 주식회사,"AIG Global Partners Co., LTD.",에이아이지글로벌파트너스, ,권미한,기타법인,110111-2782286,101-81-95089,"서울특별시 영등포구 국제금융로 10 (여의도동, 서울국제금융센터)", ,,그 외 기타 분류 안된 사업지원 서비스업,2003-06-12,12월
에이알렌트서비스(주),ARrentservice,에이알렌트서비스, ,유성엽,기타법인,110111-3768996,206-86-19722,서울특별시 용산구 이태원로27가길 9 (이태원동) 4층, ,,자동차 임대업,2007-10-17,12월
에이앤디신용정보(주),Advanced&Different credit information.co.Ltd.,에이앤디신용정보, ,이경복,기타법인,110111-2458481,104-81-69917,"서울특별시 영등포구 문래로28길 25 (문래동3가, 영시티N타워) 10~11층",www.andamc.com,,신용 조사 및 추심 대행업,2002-04-01,12월
(주)에이에스대부,ASbusiness,에이에스대부, ,정해찬,기타법인,134811-0727323,334-86-02865,경기도 화성시 팔탄면 무하로 148 (하저리) 2층 202호,chan0606@daum.net,,신용 조사 및 추심 대행업,2023-09-04,12월
주식회사 에이에이아이헬스케어,AAI Health Care Co. Ltd.,에이에이아이헬스케어, ,이창석,기타법인,110111-5265924,120-88-04725,"서울특별시 강남구 삼성로 531 2-3층 (삼성동, 고운빌딩)",www.aaihc.com,,그 외 기타 분류 안된 사업지원 서비스업,2013-11-13,12월
에이엔씨 제이피플(주),ancjpeople,에이엔씨제이피플, ,정유진,기타법인,110111-6600765,819-86-01028,"서울특별시 용산구 한강대로 69 (한강로2가, 용산푸르지오써밋) 업무동 3623호", ,,상용 인력 공급 및 인사관리 서비스업,2017-12-20,12월
에이엘오주식회사,"A.L.O Co.,Ltd.",에이엘오, ,장대영,기타법인,150111-0106092,317-81-04446,"서울특별시 영등포구 은행로 29 (여의도동, 정우빌딩) 205호",없음,,사업시설 유지ㆍ관리 서비스업,2007-05-14,12월
에이엠영보(주),AM youngbo CO.LTD,에이엠영보, ,주맹규,기타법인,110111-1258048,120-81-60465,서울특별시 강남구 영동대로85길 20-5 6층601호(대치동),www.amyb.co.kr,,사업시설 유지ㆍ관리 서비스업,1996-04-10,12월
주식회사 에이엠컨설팅,Aid Man Consulting,에이엠컨설팅, ,김일수,기타법인,134111-0162747,123-86-13118,"경기도 안양시 만안구 경수대로 1267 (석수동, 안양원예농업협동조합빌딩) 3층",www.e-amc.co.kr,,고용 알선업,2008-02-01,12월
에이엠피엠(주),AMPM.COMPANY,에이엠피엠, ,이명구,기타법인,110111-1138167,211-86-18083,"서울특별시 강남구 테헤란로34길 6  15층 1503호 (역삼동, 태광타워)", ,,건축물 일반 청소업,1995-04-10,12월
(주)에이원,"A-ONE CO.,LTD",에이원, ,김민수,기타법인,204611-0017294,416-81-39223,전라남도 광양시 광양읍 예구길 64 (덕례리) 2층, ,,사업지원 서비스업,2003-01-01,12월
(주)에이원디앤씨,AoneDnc,에이원디앤씨, ,김민수,기타법인,195411-0010559,613-81-34950,전라남도 광양시 광양읍 예구길 64 에이원빌딩, ,,경비 및 경호 서비스업,2004-10-01,12월
(주)에이원알폼,"A ONE ALFORM CO., LTD.",에이원알폼,234070,안호중,코넥스시장,110111-3216276,215-86-70626,충청북도 괴산군 괴산읍 대제산단3길 46 -,www.aonealform.co.kr,,건설 및 토목공사용 기계ㆍ장비 임대업,2005-04-26,12월
(주)에이월드,"A WORLD Co., Ltd",에이월드, ,김기만,기타법인,110111-4822923,215-87-67472,경기도 안양시 동안구 관양동 평촌아크로타워, ,,여행사업,2012-03-16,12월
에이제이메인터넌스파트너스 주식회사,"AJMaintenance Partners CO.,LTD",에이제이메인터넌스파트너스, ,이국현,기타법인,110111-2210394,113-81-68227,"서울특별시 송파구 정의로8길 9 (문정동, AJ빌딩), 14층", ,,사업시설 유지ㆍ관리 서비스업,2001-04-06,12월
에이제이파이낸스 주식회사,AJFINANCE,에이제이파이낸스, ,손삼달,기타법인,110111-4384204,113-86-40772,"서울특별시 구로구 디지털로26길 5 (구로동, 에이스하이엔드타워1차) 9층", ,,기타 산업용 기계 및 장비 임대업,2010-07-01,12월
주식회사 에이제이피,AJP,에이제이피, ,송근목,기타법인,110111-6829365,758-87-00925,"서울특별시 금천구 벚꽃로 278 1510호 (가산동, SJ테크노빌)", ,,기타 사업지원 서비스업,2018-08-01,12월
주식회사 에이젝코리아,AGEKKE KOREA CORPORATION,에이젝코리아, ,손윤철,기타법인,110111-3552290,214-87-98399,"서울특별시 중구 소월로 10 (남대문로5가, 단암빌딩) 9층", ,,기타 사업지원 서비스업,2006-10-31,09월
에이치디(HD)투어존(주),"HD TOUR ZONE Co., Ltd",에이치디(HD)투어존, ,정재철,기타법인,110111-5981942,360-81-00309,서울특별시 강서구 양천로 364 (등촌동),https://www.htourzone.co.kr,,여행사업,2016-03-15,12월
에이치디에스 주식회사,"HDS SECURITY.CO.,LTD",에이치디에스, ,조한봉,기타법인,110111-2368961,214-86-93742,"서울특별시 서초구 양재대로11길 36 금관416호(양재동, 서울오토갤러리)",hds-secu.com,,경비 및 경호 서비스업,2001-11-07,12월
(주)에이치디에스씨,"HDSC CO.,LTD",에이치디에스씨, ,신동화,기타법인,135811-0128398,135-81-86899,"경기도 수원시 장안구 연무로 53 3층(연무동, 한동빌딩)",hdser.com,,사업시설 유지ㆍ관리 서비스업,2006-07-18,12월
에이치디현대중공업모스 주식회사,"HYUNDAI HEAVY INDUSTRIES MOS CO., LTD",에이치디현대중공업모스, ,김병조,기타법인,230111-0261964,189-87-00473,"울산광역시 동구 방어진순환도로 1000 (전하동, 현대중공업(주))", ,,사업시설 유지ㆍ관리 서비스업,2016-07-25,12월
주식회사 에이치리더스,H LEADERS,에이치리더스, ,권상호,기타법인,110111-0844179,211-86-17707,"경기도 성남시 중원구 양현로405번길 5 (여수동, 신야탑푸르지오시티1) 207호",www.gaseol.com,,컴퓨터 및 사무용 기계ㆍ장비 임대업,1992-04-01,12월
(주)에이치비세계로,"hanbat logisticspack co., Ltd.",에이치비세계로, ,박현만,기타법인,120111-0352740,137-81-62480,"인천광역시 동구 보세로 105 (만석동, (주)삼미물류창고)",www.hanbat.biz,,포장 및 충전업,2004-08-06,12월
(주)에이치씨비,HCB,에이치씨비, ,최수진,기타법인,110111-0739437,108-81-46084,"서울특별시 동작구 남부순환로 2013 (사당동, 모범빌딩)", ,,임대업; 부동산 제외,1995-01-03,12월
에이치씨엠 주식회사,HCM,에이치씨엠, ,박노훈,기타법인,134811-0176885,124-86-80871,경기도 화성시 삼성1로 332-7 (반월동), ,,사업시설 유지ㆍ관리 서비스업,2009-07-01,12월
에이치씨해운주식회사,hc co.ltd,에이치씨해운, ,이기원,기타법인,180111-0560044,605-81-78296,부산광역시 중구 대창동1가 51, ,,운송장비 임대업,2006-06-27,12월
(주)에이치알메이트,HRMATE,에이치알메이트, ,이종수,기타법인,110111-3723403,114-86-60878,"서울특별시 서초구 강남대로97길 23 5층(잠원동, 거산빌딩)", ,,상용 인력 공급 및 인사관리 서비스업,2007-07-23,12월
(주)에이치알엔,(주)HRN,에이치알엔, ,성백우,기타법인,110111-1608095,114-81-85928,서울특별시 관악구 남부순환로 2008 (금산빌딩 302호),www.hrn.co.kr,,상용 인력 공급 및 인사관리 서비스업,1999-01-01,12월
(주)에이치앤비파트너,hnbpartner,에이치앤비파트너, ,박익래,기타법인,171711-0108174,506-81-85879,경상북도 포항시 남구 대이로 55 (대잠동) 3층, ,,고용 알선업,2013-11-07,12월
에이치앤씨네트웍스주식회사,"H&C Networks Co., Ltd",에이치앤씨네트웍스, ,한성원,기타법인,110111-5844033,861-81-00137,"서울특별시 강서구 양천로 583 (염창동, 우림블루나인비즈니스센터) B동 1708, 1709호",www.hnclental.com,,그 외 기타 개인 및 가정용품 임대업,2015-10-01,12월
(주)에이치앤아이컨설팅,H&I Consulting ,에이치앤아이컨설팅, ,황성진,기타법인,110111-3241348,107-86-64842,"서울특별시 영등포구 여의대방로69길 7 (여의도동, 충무빌딩) 405호",www.ihni.co.kr,,상용 인력 공급 및 인사관리 서비스업,2005-06-02,12월
에이치앤에스파트너스,"HNS Partners , Inc.",에이치앤에스파트너스, ,한동훈,기타법인,110111-1631062,116-81-71134,서울특별시 영등포구 여의도동 대영빌딩 7층,-,,그 외 기타 분류 안된 사업지원 서비스업,1999-01-08,12월
(주)에이치앤케이,H&K Corp.,에이치앤케이, ,손재문,기타법인,165011-0055179,440-81-00508,"충청남도 당진시 송악읍 북부산업로 1480 (고대리, 현대제철주식회사) 한아름관 3층", ,,그 외 기타 분류 안된 사업지원 서비스업,2016-07-21,12월
에이치에너지(주),"HEnergy.Co.,LTD.",에이치에너지, ,윤대영,기타법인,110111-7335395,338-88-01498,"경기도 시흥시 은계중앙로306번길 55 (대야동, 리더스스마트허브) 420호", ,,사업시설 유지ㆍ관리 서비스업,2019-12-24,12월
주식회사에이치에스홀딩스,-,에이치에스홀딩스, ,김덕현,기타법인,180111-0730217,603-81-75667,부산광역시 사하구 구평동 416-2 제비동호 2층,-,,그 외 기타 분류 안된 사업지원 서비스업,2010-09-16,12월
에이치에이씨오더블유(주),"HA C.O.W  CO., LTD",에이치에이씨오더블유, ,"손현아, 최성희",기타법인,230111-0226489,620-81-54497,울산광역시 동구 문현로 33 (방어동), ,,인력 공급업,2014-08-13,12월
에이치에프파트너스 주식회사,HF Partners Corp.,에이치에프파트너스, ,송광하,기타법인,180111-1242401,321-87-01421,"부산광역시 부산진구 중앙대로 639 (범천동, 삼성생명보험빌딩) 2층",www.hfp.co.kr,,콜센터 및 텔레마케팅 서비스업,2019-10-01,12월
주식회사 에이치엔서브,HN SERVE Corp.,에이치엔서브, ,이현숙,기타법인,110111-5186469,101-86-82804,"서울특별시 종로구 새문안로 89 (신문로1가, 정우빌딩) 4층",www.hnserve.co.kr,,경비 및 경호 서비스업,2013-08-26,12월
(주)에이치엔씨네트워크,H&C NETWORK,에이치엔씨네트워크, ,손용선,기타법인,110111-3644162,104-86-06993,"서울특별시 서초구 서초중앙로2길 30 (서초동, 비씨퓨처센터) 동관 6층",www.hncnet.co.kr,,인력 공급업,2007-03-22,12월
에이치엘에코텍 주식회사,"HL Ecotech Co., Ltd.",에이치엘에코텍, ,최인명,기타법인,110111-3600370,215-86-94083,경상북도 안동시 경북대로 359,www.hlecotech.co.kr,,사업시설 유지ㆍ관리 서비스업,2007-01-17,12월
주식회사 에이치엠씨,HMC,에이치엠씨, ,정철승,기타법인,284111-0381304,183-88-02714,"경기도 남양주시 경춘로 508-8 912호,913호,914호(다산동,안강프라이빗)",www.hmc2022.co.kr,,경비 및 경호 서비스업,2022-09-01,12월
에이치엠지에스 유한회사,HMGS Ltd.,에이치엠지에스, ,최재호,기타법인,110114-0338473,137-87-03315,"서울특별시 종로구 율곡로 75 (계동, 현대빌딩) 3층", ,,사업시설 관리 및 조경 서비스업,2024-06-20,12월
에이치엠투어주식회사,"HmTour. Co.,Ltd.",에이치엠투어, ,선현석,기타법인,110111-2906117,211-87-42673,서울특별시 강남구 신사동 563-33,www.e-hmtour.co.kr,,여행사업,2004-01-01,12월
주식회사 에이치와이디엠씨,hydmc,에이치와이디엠씨, ,문현정,기타법인,200111-0444524,816-81-00200,"광주광역시 서구 상무민주로76번길 1 5층(쌍촌동, 안산빌딩)", ,,조경 관리 및 유지 서비스업,2015-10-28,12월
에이치와이플러스(주),HYPlus,에이치와이플러스, ,"박화영, 서원상",기타법인,110111-6861549,288-88-01136,"서울특별시 광진구 아차산로 355 (자양동, 타워더모스트광진아크로텔) 206호",www.hyplus.kr,,사업시설 유지ㆍ관리 서비스업,2018-09-01,12월
(주)에이치티씨 밀리토피아,HTC Militopia,에이치티씨밀리토피아, ,서정완,기타법인,141211-0009924,514-85-27882,경기도 성남시 수정구 위례대로 83 밀리토피아 360-1(창곡동),www.htc21.co.kr,,인력 공급업,2015-04-02,12월
(주)에이치피아이,"Hy Plus In Co.,Ltd.",에이치피아이, ,양장호,기타법인,110111-6962438,732-86-01283,"서울특별시 서초구 강남대로 577 (잠원동, HY빌딩) 8층","www,hyplusin.co.kr",,상용 인력 공급 및 인사관리 서비스업,2018-12-20,12월
주식회사 에이케이지,AngusKnight Pty Limited,에이케이지, ,손위준,기타법인,110111-4031227,220-87-76352,"서울특별시 강남구 논현로 503 (역삼동, 송촌빌딩) 19층",https://akgkorea.co.kr/,,고용 알선업,2009-01-19,09월
에이플 주식회사,"aple Co.,Ltd.",에이플, ,정성남,기타법인,205511-0059643,558-88-01258,전라남도 나주시 빛가람로 685 비전타워 806호 (빛가람동), ,,사업시설 유지ㆍ관리 서비스업,2018-12-14,12월
(주)에이플러스원,aplusone.co.ltd,에이플러스원, ,한준환,기타법인,130111-0066315,135-81-42571,경기도 수원시 팔달구 장다리로306번길 26 407호 (인계동), ,,사업지원 서비스업,2000-12-20,12월
(주)에임메드,AIMMED,에임메드, ,이영준,기타법인,110111-1787386,214-86-39734,서울특별시 강남구 도산대로 221 동남빌딩 3층 303호 경영지원팀 (신사동),www.aimmed.com,,그 외 기타 분류 안된 사업지원 서비스업,1999-10-12,12월
(주)에치.아이.에스 코리아,"H.I.S. KOREA CO.,LTD",에치.아이.에스코리아, ,이병근,기타법인,110111-0768436,104-81-25239,서울특별시 마포구 월드컵북로 40 스페이스원빌딩 6층 (연남동), ,,여행사업,1991-04-09,07월
(주)에코그린티엠,ECHOGREENTM,에코그린티엠, ,백송이,기타법인,110111-2979809,108-81-65529,"서울특별시 강서구 공항대로 325 (등촌동, 에이스빌딩) 7층",ww.echogreentm.co.kr,,상용 인력 공급 및 인사관리 서비스업,2004-03-24,12월
(주)에코바이브,"EcoVive Co., Ltd.",에코바이브,015540,송관호,기타법인,110111-0302565,118-81-03215,"서울특별시 강남구 역삼로14길 6-6 SH빌딩, 3층",www.thelma.co.kr,,기타 사업지원 서비스업,1981-09-02,12월
에코바이오홀딩스(주),"EcoBio Holdings Co., Ltd.",에코바이오,038870,송효순,코스닥시장,110111-1448128,229-81-28817,서울특별시 강서구 마곡중앙14로 38 5층,www.ecoenergyholdings.com,,사업시설 유지ㆍ관리 서비스업,1997-08-04,12월
에코에너지솔루션(주),"ECO ENERGY SOLUTION CO.,LTD",에코에너지솔루션, ,이범혁,기타법인,110111-8362892,135-86-55635,"서울특별시 영등포구 여의대로 24 (여의도동, 전경련회관) 34층", ,,사업시설 유지ㆍ관리 서비스업,2022-07-11,12월
(주)에코이에스,"ECOES CO.,LTD.",에코이에스, ,"민명준, 조병술",기타법인,110111-1462300,218-81-21361,강원도 철원군 갈말읍 풍전길 44 갈말농공단지 내,www.ecoes.co.kr,,그 외 기타 분류 안된 사업지원 서비스업,1997-09-15,12월
(주)에프앤비밸류파트너스,"F&B Value Partners Co., Ltd.",에프앤비밸류파트너스, ,이현택,기타법인,110111-4624155,101-86-64276,"서울특별시 구로구 디지털로33길 48 (구로동, 대륭포스트타워7차) 1102호", ,,사업시설 유지ㆍ관리 서비스업,2011-06-15,12월
(주)에프앤씨시스템,"FNC SYSTEM.,LTD",에프앤씨시스템, ,주현식,기타법인,110111-3277806,211-87-68969,"서울특별시 강서구 공항대로45길 75 3층 (등촌동, 제일빌딩)",www.fncpeople.co.kr,,상용 인력 공급 및 인사관리 서비스업,2005-07-27,12월
(주)에프앤에이치 인베스트먼트,F&H INVESTMENT CO.LTD,에프앤에이치인베스트먼트, ,이국보,기타법인,110111-4948927,581-86-00497,서울특별시 서초구 잠원로 145-35 (잠원동) 서울웨이브아트센터, ,,"전시, 컨벤션 및 행사 대행업",2012-08-29,12월
에프앤유신용정보 (주),F&U Credit Information,에프앤유신용정보, ,김현국,기타법인,135311-0003300,138-81-18371,"서울특별시 마포구 마포대로 144 (공덕동, 마포T타운), 7층",www.fnucni.co.kr,,신용 조사 및 추심 대행업,1998-12-23,12월
에프에스비티아이 코리아(주),FSBTI Korea Ltd.,에프에스비티아이코리아, ,데이비드 얼 무어,기타법인,110111-1819783,109-81-60681,"서울특별시 강서구 공항동 1370 대한항공 8층, SELOT",해당사항없음,,기타 산업용 기계 및 장비 임대업,1999-12-01,12월
주식회사 에프에스컨설팅(FSD&C),FSD&C,에프에스컨설팅(FSD&C), ,배일환,기타법인,110111-4744961,106-86-82982,서울특별시 마포구 홍익로5길 32 (서교동), ,,사업시설 유지ㆍ관리 서비스업,2011-12-17,12월
에프에스 코리아,FS KOREA,에프에스코리아, ,김태호,기타법인,120111-1034256,323-87-01470,"인천광역시 중구 영종대로 124 (운서동, 한정빌딩) 705호", ,,고용알선 및 인력공급업,2019-11-14,12월
(주)에프에이모스트,FAMOST,에프에이모스트, ,박종주,기타법인,110111-3081629,105-86-71070,"서울특별시 영등포구 양산로 53 (양평동3가, 월드메르디앙비즈센터) 1101호",www.famost.co.kr,,사업지원 서비스업,2004-09-09,12월
(주)에프엔씨인베스트먼트,"FNC Investment Co., Ltd.",에프엔씨인베스트먼트, ,이장원,기타법인,110111-7770468,141-88-02011,서울특별시 강남구 도산대로85길 46 (청담동), ,,무형재산권 임대업,2021-02-01,12월
(주)에프엠비스,FMVICE,에프엠비스, ,김기영,기타법인,110111-2930041,107-86-44977,"서울특별시 영등포구 영등포로5길 19 (양평동2가, 동아프라임밸리) 4층",www.fmvice.com,,콜센터 및 텔레마케팅 서비스업,2004-01-07,12월
(주)에프엠커뮤니케이션즈,FM COMMUNICATIONS,에프엠커뮤니케이션즈, ,조수연,기타법인,110111-0627111,229-81-17590,서울특별시 서초구 서초동 1560-1, ,,"전시, 컨벤션 및 행사 대행업",1989-05-08,12월
(주)에프엠텍,fmtec,에프엠텍, ,유동기,기타법인,110111-1344491,102-81-41285,"서울특별시 성동구 왕십리로 315 15층(행당동, 한동타워)", ,,사업시설 관리 및 조경 서비스업,1996-11-22,12월
에프엠파트너 주식회사,"Facility Management Partnet Co., Ltd.",에프엠파트너, ,박종구,기타법인,110111-2789092,110-81-62108,"서울특별시 강남구 도곡로2길 10 (도곡동, 뱅뱅별관)503호", ,,사업시설 유지ㆍ관리 서비스업,2003-05-28,12월
에픽게임즈코리아 유한회사,Epic Games Korea ,에픽게임즈코리아, ,박성철,기타법인,110114-0079811,101-86-46206,서울특별시 강남구 언주로 855 (신사동), ,,무형재산권 임대업,2009-04-08,12월
엑스퍼트,EXPERT,엑스퍼트, ,오상훈,기타법인,110111-0799803,116-81-41023,서울특별시 영등포구 국제금융로6길 33 (여의도동) 맨하탄빌딩 1218호,www.expertkorea.co.kr,,임시 및 일용 인력 공급업,1991-09-01,12월
주식회사 엑스포럼,Exporum Inc,엑스포럼, ,신현대,기타법인,110111-2714164,120-86-50341,"서울특별시 송파구 송파대로 201 (문정동, 송파테라타워2) A동 1301호외",www.exporum.com,,"전시, 컨벤션 및 행사 대행업",2003-04-01,12월
(주)엔씨타스,NC TAS,엔씨타스, ,이원구,기타법인,110111-4442622,119-86-33852,"서울특별시 동작구 노량진로 104 (노량진동, 리더스타워)",www.nctas.co.kr,,사업시설 유지ㆍ관리 서비스업,2010-10-04,12월
(주)엔아이스틸 용인시스,"N.I steel Yongin Sys Co.,Ltd",엔아이스틸용인시스, ,서경원,기타법인,134511-0631463,342-87-02859,경기도 용인시 처인구 포곡읍 곡현로 216-3 (신원리), ,,건설 및 토목공사용 기계ㆍ장비 임대업,2023-04-27,12월
주식회사 엔앤씨,"N&C Co.,Ltd.",엔앤씨, ,안상덕,기타법인,164811-0110829,779-88-00889,"충청남도 아산시 탕정면 탕정면로 223 302호 (호산리, 태화오피스텔)", ,,사업시설 유지ㆍ관리 서비스업,2018-01-04,12월
주식회사 엔에스오케이,NSOK,엔에스오케이, ,김장기,기타법인,110111-3913187,105-87-20976,"서울특별시 금천구 가산디지털1로 186 14층 1404호 (가산동, 제이플라츠)",www.nsok.co.kr,,보안시스템 서비스업,2008-06-12,12월
엔에이씨씨코리아 주식회사,NACC Korea Limited ,엔에이씨씨코리아, ,이무열,기타법인,110111-6841567,825-88-00974,"서울특별시 강남구 영동대로 602 (삼성동, 삼성동미켈란107) 6층 A172호", ,,기타 운송장비 임대업,2018-08-13,12월
엔에이치씨엠에스 주식회사,NAUTILUS HYOSUNG CMS INC.,엔에이치씨엠에스, ,황인성,기타법인,110111-4611897,214-88-78385,서울특별시 서초구 서운로 19 1층,www.nhcms.hyosung.com,,경비 및 경호 서비스업,2011-05-27,12월
(주)엔에이치엔여행박사,NHN Doctortour Corporation,엔에이치엔여행박사, ,윤태석,기타법인,110111-4002765,105-87-26271,서울특별시 용산구 한강대로 313 (갈월동) 여행박사 빌딩,www.drtour.com,,여행사업,2009-01-01,12월
(주)엔에프엠프로모션,NFM PROMOTION,엔에프엠프로모션, ,공명섭,기타법인,110111-3584095,107-86-86002,서울특별시 마포구 동교로17길 46 (서교동), ,,"전시, 컨벤션 및 행사 대행업",2006-12-20,12월
(주)엔엘에스,NLS,엔엘에스, ,김태균,기타법인,110111-3222025,220-87-08835,"서울특별시 강남구 논현동 33-20 키드코빌딩 3,4,5층", ,,여행사업,2005-05-09,12월
주식회사 엔젤스태프,angelstaff,엔젤스태프, ,오희덕,기타법인,110111-3777864,206-86-20118,"서울특별시 광진구 능동로 267 (군자동, 영진빌딩) 7층",www.angelstaff.co.kr,,상용 인력 공급 및 인사관리 서비스업,2007-11-10,12월
엔크루트닷컴(주),ncruit.com,엔크루트닷컴, ,김광수,기타법인,110111-1479222,116-81-66266,서울특별시 영등포구 여의도동 12번지, ,,인력 공급업,1997-12-01,12월
엔탑자산관리 주식회사,"G-SQUARE AMC Co., Ltd",엔탑자산관리, ,김민구,기타법인,110111-5985853,680-81-00300,"서울특별시 구로구 디지털로26길 38 (구로동, G-Tower)", ,,사업시설 유지ㆍ관리 서비스업,2016-02-26,12월
(주)엔피,NP Inc.,엔피,291230,"백승업, 최지훈",코스닥시장,110111-6652790,786-87-00838,"서울특별시 강남구 도산대로 128 8층, 9층",www.npinc.co.kr/,,기타 사업지원 서비스업,2018-02-06,12월
(주)엔피,NP Inc.,엔피, ,"송방호, 박상준",기타법인,110111-3491456,211-87-84300,"서울특별시 강남구 언주로133길 27 (논현동, THEMAYBUILDING)",www.anpcomm.com,,"전시, 컨벤션 및 행사 대행업",2006-07-10,12월
엘리브에이트 주식회사,Elev8 Corp.,엘리브에이트, ,정밝음,기타법인,110111-9161160,655-81-03747,"서울특별시 강남구 테헤란로 151 614호 (역삼동, 역삼하이츠빌딩)", ,,그 외 기타 사업지원 서비스업,2025-01-17,12월
(주)엘리펀트앤컴퍼니,Elephant n Company,엘리펀트앤컴퍼니, ,황의준,기타법인,110111-1817000,120-81-96148,"서울특별시 강남구 밤고개로21길 71 3층(율현동,명품빌딩)",www.dongyoungitech.com,,그 외 기타 분류 안된 사업지원 서비스업,1999-12-01,12월
(주)엘림비엠에스,"ELLIM BMS CO.,LTD.",엘림비엠에스, ,김영구,기타법인,110111-2056087,204-81-52701,"서울특별시 동대문구 청계천로 417 (신설동, 청계천대성스카이렉스1) 4층", ,,건축물 일반 청소업,2000-09-01,12월
엘림에스(주),ELIMS.CO.LTD,엘림에스, ,이윤필,기타법인,120111-0636805,122-86-28618,"서울특별시 영등포구 양산로 16 (양평동2가), 2층",elims.co.kr/,,상용 인력 공급 및 인사관리 서비스업,2012-11-29,12월
엘림테크,ELIMTECH,엘림테크, ,이승준,기타법인,131111-0249241,129-86-43148,"경기도 성남시 분당구 돌마로 47 (금곡동, 이코노샤르망)713호", ,,경비 및 경호 서비스업,2010-03-03,12월
(주)엘브이엔터테인먼트,LVENTER,엘브이엔터테인먼트, ,장민성,기타법인,110111-5641645,220-88-97387,"서울특별시 강남구 언주로30길 13 (도곡동, 대림아크로빌,대림아크로텔) C-2304", ,,무형재산권 임대업,2015-02-11,12월
엘비유세스 주식회사,"LB Ucess Co.,Ltd",엘비유세스, ,서해융,기타법인,110111-3798026,113-86-17932,"서울특별시 구로구 경인로 661 신도림동, 핀포인트타워 26층",www.lbucess.com,,콜센터 및 텔레마케팅 서비스업,2007-12-03,12월
엘비휴넷 주식회사,LBHunet Co.Ltd.,엘비휴넷, ,구본완,기타법인,110111-4025006,106-86-62628,"서울특별시 구로구 새말로 97 (구로동, 신도림테크노마트) 4층",lbhunet.com,,콜센터 및 텔레마케팅 서비스업,2009-01-08,12월
주식회사 엘소,LSO,엘소, ,고광민,기타법인,190111-0023264,608-81-20828,"경상남도 창원시 의창구 의창대로54번길 1 (팔용동, 금복빌딩)", ,,건물ㆍ산업설비 청소 및 방제 서비스업,1994-11-10,12월
(주)엘아이지휴세코,"LIG Huseco Co.,Ltd",엘아이지휴세코, ,김기환,기타법인,110111-1929954,114-81-97424,"서울특별시 용산구 한남대로 98 (한남동, 일신빌딩) 4",lighuseco.com,,사업시설 유지ㆍ관리 서비스업,2000-04-04,12월
엘앤씨인베스트먼트(주),L&C,엘앤씨인베스트먼트, ,김광수,기타법인,110111-3392919,120-86-92661,"서울특별시 중랑구 중랑역로 44-1 2층 (중화동, 예당피아노)", ,,신용 조사 및 추심 대행업,2006-02-07,12월
(주)엘앤제이렌탈,LNJ Rental,엘앤제이렌탈, ,전용우,기타법인,110111-6017506,621-87-00337,"서울특별시 영등포구 선유로13길 25 (문래동6가, 에이스하이테크시티2) 715호", ,,그 외 기타 개인 및 가정용품 임대업,2016-04-01,12월
(주)엘에스컴퍼니,LSCOMPANY,엘에스컴퍼니, ,강대철,기타법인,110111-5393527,206-86-89631,제주특별자치도 제주시 청사로 11 (도남동) 4층, ,,여행사업,2014-04-18,12월
주식회사 엘에이치사옥관리,LHBM,엘에이치사옥관리, ,김규명,기타법인,191111-0082904,601-87-01142,"경상남도 진주시 에나로 142 (충무공동, 솔레어빌딩) 4층",www.lhbm.co.kr,,사업시설 유지ㆍ관리 서비스업,2018-10-16,12월
엘에이치주거복지정보(주),LH housing welfare information,엘에이치주거복지정보, ,김용규,기타법인,131111-0533462,580-87-01016,"경기도 성남시 분당구 성남대로54번길 3 (구미동, 한국토지주택공사)804호", ,,콜센터 및 텔레마케팅 서비스업,2018-10-16,12월
주식회사 엘에프리조트,LF RESORT CORP,엘에프리조트, ,김기준,기타법인,204611-0063510,142-87-01930,"전라남도 광양시 광양읍 순광로 466 (덕례리, 광양LF스퀘어)", ,,조경 관리 및 유지 서비스업,2020-11-26,12월
(주)엘티팜,LT Pharm,엘티팜, ,"최미이, 이상호",기타법인,150111-0167599,301-86-19992,충청북도 청주시 청원구 북이면 신대석성로 144 (대율리), ,,포장 및 충전업,2012-11-01,12월
주식회사 엘펨스,"L.FEMS Co., Ltd",엘펨스, ,송미경,기타법인,180111-1425560,425-86-02287,부산광역시 기장군 장안읍 명례산단3로 9 (명례리) 에이동 2층, ,,기타 산업용 기계 및 장비 임대업,2022-03-02,12월
(주)엘피씨렌탈,LPCRENTAL,엘피씨렌탈, ,이희동,기타법인,110111-3177642,107-86-60720,"서울특별시 영등포구 버드나루로 88 (영등포동7가, 인따르시아사옥) 6층",www.lpcrental.co.kr,,컴퓨터 및 사무용 기계ㆍ장비 임대업,2005-03-08,12월
(주)엠비모스트,MBMOST,엠비모스트, ,천호규,기타법인,180111-0518514,617-81-56145,"부산광역시 부산진구 중앙대로775번길 5 7호 (부전동, 삼정기업빌딩)",www.mbmost.com,,임시 및 일용 인력 공급업,2005-05-02,12월
(주)엠비씨아트 ,MBC ARTS,엠비씨아트, ,유현,기타법인,110111-0875116,116-81-32000,경기도 고양시 일산동구 호수로 596 (장항동) 엠비씨드림센터,www.mbcart.com,,"전시, 컨벤션 및 행사 대행업",1992-07-02,12월
주식회사엠비에스파트너스,"Meritz Business Service Co., Ltd.",엠비에스파트너스, ,윤여일,기타법인,110111-1661291,104-81-45458,"서울특별시 강남구 테헤란로4길 40 (역삼동, 신소애빌딩) 5층",www.meritzbs.co.kr,,사업시설 유지ㆍ관리 서비스업,1999-03-10,12월
(주)엠서비스,MSERVICE,엠서비스, ,박주상,기타법인,110111-2874455,120-86-58305,"서울특별시 강남구 테헤란로52길 17 (역삼동,이에스타워 12층)",www.mservice.co.kr,,인력 공급업,2003-10-13,12월
(주)엠스퀘어,"M-SQUARE CO.,LTD",엠스퀘어, ,민병용,기타법인,110111-4204262,119-86-22170,"서울특별시 종로구 새문안로5가길 28 (적선동, 광화문플래티넘) 1512호",03170,,사업시설 유지ㆍ관리 서비스업,2009-10-22,12월
주식회사 엠씨테크놀러지,"MC TECHNOLOGY CO.,LTD.",엠씨테크놀러지, ,조경희,기타법인,110111-4453760,211-88-53726,서울특별시 강남구 신사동 635-12 호선빌딩 2층, ,,그 외 기타 개인 및 가정용품 임대업,2011-08-04,12월
주식회사 엠아이알에스티비,MIRDTB,엠아이알에스티비, ,박시영,기타법인,110111-3562489,107-86-85041,"서울특별시 성동구 뚝섬로 447 (성수동2가, 성동마트)  3028,3029호", ,,경비 및 경호 서비스업,2006-12-05,12월
(주)엠앤비,mnb,엠앤비, ,박태순,기타법인,160111-0073760,314-81-22805,대전광역시 유성구 은구비남로7번길 16 (지족동) 2층,www.i-mnb.co.kr/,,인력 공급업,1998-09-01,12월
엠앤엠서비스주식회사,M&M SERVICE CO. LTD.,엠앤엠서비스, ,손병화,기타법인,110111-1614240,106-81-75768,서울특별시 용산구 두텁바위로 53 (후암동), ,,임시 및 일용 인력 공급업,1998-12-15,12월
주식회사 엠에스씨스템,"MS System Co.,Ltd",엠에스씨스템, ,장인숙,기타법인,131311-0117824,125-86-05119,경기도 평택시 진위면 진위서로 2 (하북리) 1층, ,,그 외 기타 분류 안된 사업지원 서비스업,2012-06-25,12월
주식회사 엠에스티지,"MSTG, Inc.",엠에스티지, ,전상구,기타법인,110111-3782657,220-87-56943,서울특별시 강남구 도곡동 553-1 동성빌딩 201호, ,,무형재산권 임대업,2007-11-06,12월
주식회사 엠에이엠지,"Most Advanced Medical Group Co.,Ltd.",엠에이엠지, ,권택근,기타법인,110111-3580770,214-88-00868,"경기도 용인시 기흥구 이현로29번길 18-6 (보정동, 엠에이엠지)", ,,그 외 기타 분류 안된 사업지원 서비스업,2006-12-18,12월
(주)엠에이치알,mhr,엠에이치알, ,신기호,기타법인,285011-0183123,128-86-53191,"경기도 고양시 일산동구 호수로 358-39 (백석동, 동문타워I) 416호", ,,임시 및 일용 인력 공급업,2010-09-25,12월
주식회사 엠에이치알,"MHR Co., Ltd.",엠에이치알, ,정미경,기타법인,194211-0316936,458-86-01920,"경상남도 창원시 성산구 중앙대로61번길 4 (중앙동, 캔버라호텔) 420호", ,,그 외 기타 개인 및 가정용품 임대업,2020-05-06,12월
엠와이에이치 (주),MYH,엠와이에이치, ,승만호,기타법인,110111-0353732,101-81-19209,서울특별시 서대문구 서소문로 61-1 (미근동) 오진빌딩 405호, ,,여행사업,1983-07-25,12월
엠제이투어,"mjtour co.,ltd",엠제이투어, ,김진양,기타법인,110111-5371995,212-86-08915,"서울특별시 마포구 마포대로 49 808(도화동, 성우빌딩)",www.jmeditour.co.kr,,여행사업,2014-03-24,12월
(주)엠제이플렉스,"MJPLEX Co.,Ltd",엠제이플렉스, ,김시출,기타법인,110111-3194646,201-81-91684,"서울특별시 구로구 디지털로26길 43 R동 1801~1804호(구로동, 대륭포스트타워8차)",www.mjplex.co.kr,,사업지원 서비스업,2005-03-24,12월
(주)엠즈파트너스,m''s partners,엠즈파트너스, ,"이용형, 김진희",기타법인,110111-4405571,212-81-91670,"서울특별시 강동구 올림픽로 833 2층(암사동, 매일우리아이센타)",www.mzpartners.co.kr,,그 외 기타 분류 안된 사업지원 서비스업,2010-08-05,12월
주식회사 엠지뉴턴,"MG Newton Co., Ltd.",엠지뉴턴, ,양경란,기타법인,170111-0356198,504-81-77034,대구광역시 수성구 명덕로 422 (수성동2가) 10층, ,,사업지원 서비스업,2008-05-23,12월
엠지신용정보 주식회사,MG Credit Infomation Service,엠지신용정보, ,박준철,기타법인,110111-4465749,107-87-43257,"서울특별시 영등포구 영등포로 162 (당산동1가, MG신용정보빌딩)",www.mginfo.co.kr,,신용 조사 및 추심 대행업,2010-11-05,12월
엠지코리아솔루션스 주식회사,"MG KOREA SOLUTIONS CO., LTD.",엠지코리아솔루션스, ,자레드프랭클린사인,기타법인,110111-7824893,489-81-02200,"서울특별시 강남구 테헤란로 521 (삼성동, 파르나스타워) 11층", ,,기타 사무지원 서비스업,2021-03-22,12월
주식회사 엠지토탈서비스,"MG Asset management CO.,LTD.",엠지토탈서비스, ,반영식,기타법인,110111-4477380,120-87-62183,"서울특별시 강서구 공항대로 434 5층 (화곡동, 대지빌딩)",https://www.mgasset.co.kr,,건축물 일반 청소업,2010-11-23,12월
(주)엠큐리티,mcurity,엠큐리티, ,손원상,기타법인,154311-0028652,301-86-12742,충청북도 진천군 진천읍 덕금로 215-20 (송두리) 2층, ,,경비 및 경호 서비스업,2011-08-16,12월
(주)엠티에스,Maximum Total Service,엠티에스, ,최영혜,기타법인,134611-0032586,125-81-65000,경기도 안성시 공도읍 승두3길 7-7 (승두리), ,,임시 및 일용 인력 공급업,2006-10-12,12월
(주)엠피씨플러스,MPC plus Inc.,엠피씨플러스,050540,조성완,기타법인,110111-0793657,120-81-33916,서울특별시 중구 소월로2길 30 남산트라팰리스 12층,www.mpc.co.kr,,콜센터 및 텔레마케팅 서비스업,1991-07-24,12월
(주) 여기어때투어,"GCtour Co.,Ltd.",여기어때투어, ,김진성,기타법인,110111-1847536,110-81-43912,"서울특별시 종로구 효자로 23 (통의동, 국제항운(주))",www.onlinetour.co.kr,,여행사업,2000-01-10,12월
여수광양항만관리 주식회사,Yeosu Gwangyang Port Management,여수광양항만관리, ,오선경,기타법인,204611-0054709,343-87-00970,"전라남도 광양시 항만대로 465 (황길동, 월드마린센터) 5층", ,,경비 및 경호 서비스업,2017-12-07,12월
여수챌린지파크관광(주),yeosu challengepark tour,여수챌린지파크관광, ,윤중섭,기타법인,200111-0388699,410-86-86039,전라남도 여수시 소라면 죽림중앙로 24 (죽림리) 3층, ,,그 외 기타 분류 안된 사업지원 서비스업,2014-02-05,12월
(주) 여행매니아,TOURMANIA,여행매니아, ,이재덕,기타법인,110111-1881815,104-81-50761,서울특별시 중구 삼각동,www.tourmania21.com,,여행사업,2000-03-02,12월
주식회사 여행박사,Tour Baksa,여행박사, ,신창연,기타법인,110111-2060880,101-81-62119,서울특별시 종로구 종로1가 24 르메이에르 종로타운 621호,www.tourbaksa.com,,여행사업,2000-08-30,12월
주식회사 여행사닷컴,YEOHANGSA.COM,여행사닷컴, ,엄기원,기타법인,110111-2200014,110-81-50510,서울특별시 중구 충무로1가 24-1 명동밀리오레 빌딩 9층,www.good.co.kr ,,여행사업,2001-03-23,12월
주식회사 여행큐,"Tour Cue Co.,Ltd",여행큐, ,고중석,기타법인,110111-4908856,107-87-74726,서울특별시 강남구 학동로25길 27 (논현동), ,,여행사업,2012-07-04,12월
(주)연.하나로기획,Yonhanaro Communications,연.하나로기획, ,송태일,기타법인,110111-0740046,105-81-45034,"서울특별시 마포구 월드컵북로 59 7층 (성산동, 레이즈빌딩)",www.yonhanaro.com,,"전시, 컨벤션 및 행사 대행업",1990-12-28,12월
연기인천강군주식회사,yeongiincheonganggun,연기인천강군, ,이돈수,기타법인,134111-0225652,138-81-77477,"경기도 안양시 동안구 시민대로 180 (호계동, G.SQURE)", ,,사업시설 유지ㆍ관리 서비스업,2012-08-08,12월
(주)연합진흥,YOUN-HAB JIN HJING CO..LTD.,연합진흥, ,진효근,기타법인,110111-0846422,112-81-32013,"전라북도 임실군 임실읍 호국로 1735 (이도리, ㈜연합진흥)", ,,사업시설 유지ㆍ관리 서비스업,1992-03-27,12월
주식회사 연합크레인,"YEANHAP CRANE CO.,LTD",연합크레인, ,김영덕,기타법인,134511-0226983,142-81-68851,"경기도 용인시 기흥구 석성로301번길 6 (언남동, 은동빌딩) 3층", ,,산업용 기계 및 장비 임대업,2014-02-11,12월
열린창조교육(주),YeolinChangJo KyoYook Co.Ltd,열린창조교육, ,이명운,기타법인,110111-4806399,214-88-92091,"서울특별시 서초구 마방로 68 6층(양재동, 동원산업빌딩)", ,,사업시설 유지ㆍ관리 서비스업,2012-02-24,12월
(주)영광물류,YOUNGKWANG LOGISTICS,영광물류, ,김우선,기타법인,134411-0034552,126-86-02115,경기도 이천시 마장면 덕평리 130, ,,임대업; 부동산 제외,2007-04-10,12월
주식회사 영광종합개발,"YOUNG GWANG,CO.LTD",영광종합개발, ,정혜정,기타법인,131111-0086685,129-81-56857,강원도 태백시 태백로 1230 (황지동), ,,사업시설 유지ㆍ관리 서비스업,2002-11-25,12월
영남산업(주),"Young Nam Industrial Co.,LTD",영남산업, ,박서용,기타법인,174611-0022472,506-81-19398,"경상북도 포항시 남구 철강로 362 (호동, 포항철강산업관리공단) 3층 영남산업(주)", ,,기타 사업지원 서비스업,1995-08-01,12월
주식회사 영남상품권,YOUNGNAMTK,영남상품권, ,김동우,기타법인,134111-0585725,668-88-02286,경기도 안양시 만안구 안양로 327 (안양동) 4층,www.youngnamtk.com/,,그 외 기타 분류 안된 사업지원 서비스업,2021-07-21,12월
영림티앤에스주식회사,"Young Lim Tech & Service Co., Ltd.",영림티앤에스, ,정진욱,기타법인,206211-0057311,745-86-00276,전라남도 여수시 여수산단3로 118 (평여동), ,,포장 및 충전업,2015-12-21,12월
주식회사영엔영컨설팅,"Yeong&Yeong Consulting Co.,Ltd.",영엔영컨설팅, ,이천우,기타법인,164811-0055497,312-86-19347,"충청남도 아산시 배방읍 배방로 219-27 (북수리, (주)영엔영컨설팅)",www.zezc.co.kr,,사업지원 서비스업,2010-08-09,12월
(주)영윤이에프,"Yeongyun EF Co., Ltd.",영윤이에프, ,이호영,기타법인,134811-0672023,797-86-02294,"경기도 화성시 큰재봉길 23-11 427호 (석우동, 동탄삼성쉐르빌)", ,,"산업설비, 운송장비 및 공공장소 청소업",2022-02-15,12월
(주)영일,YOUNG IL,영일, ,황달연,기타법인,180111-0073336,605-81-18925,경상남도 김해시 안곡로 68 (삼계동), ,,사업시설 관리 및 조경 서비스업,1987-05-14,12월
영진기술 주식회사,"YOUNG JIN TECHNICS CO., LTD",영진기술, ,김광중,기타법인,206211-0014866,417-81-17955,전라남도 여수시 좌수영로 883 (여천동), ,,"산업설비, 운송장비 및 공공장소 청소업",1999-02-19,12월
영천대구통일마당(주),"Tong-Il Madang Co.,Ltd.",영천대구통일마당, ,함명호,기타법인,110111-4834499,106-86-85577,"서울특별시 용산구 이촌로 352 (용산동6가, 신동아쇼핑)", ,,사업시설 유지ㆍ관리 서비스업,2012-04-02,12월
㈜영풍항공여행사,-,영풍항공여행사, ,조태숙,기타법인,110111-0879811,211-81-92434,"서울특별시 강남구 테헤란로 327 (역삼동, 빅토리아오피스텔) 401호", ,,사업지원 서비스업,1992-07-15,12월
주식회사영화미래관리,corporation yeonghwamilaegwanli,영화미래관리, ,김관일,기타법인,110111-3923631,117-81-65538,"서울특별시 강서구 마곡중앙6로 93 (마곡동, 열린프라자)", ,,건축물 일반 청소업,2008-08-26,12월
주식회사 영화와교육, ,영화와교육, ,김동권,기타법인,110111-2886046,209-81-36195,서울특별시 성북구 보문동7가 118, ,,그 외 기타 분류 안된 사업지원 서비스업,2003-10-30,12월
예림산업 주식회사,"YERIM INDUSTRIAL CO.,LTD.",예림산업, ,김덕수,기타법인,135111-0065081,123-81-88540,경기도 안양시 동안구 귀인동 910-1 1층, ,,그 외 기타 분류 안된 사업지원 서비스업,2003-05-16,12월
예스맨파워,YES MANPOWER,예스맨파워, ,임진아,기타법인,110111-5382918,107-88-16081,"서울특별시 영등포구 국제금융로 70 (여의도동, 미원빌딩)", ,,상용 인력 공급 및 인사관리 서비스업,2014-04-03,12월
주식회사 예스코서비스,"YESCO SERVICE CO.,LTD",예스코서비스, ,정성찬,기타법인,110111-1030082,204-81-36109,서울특별시 동대문구 천호대로 273 (답십리동)경원빌딩 10층, ,,그 외 기타 분류 안된 사업지원 서비스업,1994-04-18,12월
(주)예스콘씨에스,yeskoncs,예스콘씨에스, ,이영래,기타법인,110111-3183037,117-81-53750,"서울특별시 영등포구 여의대방로65길 12 (여의도동, 에리트빌딩)", ,,상용 인력 공급 및 인사관리 서비스업,2005-03-08,12월
주식회사 예울에프엠씨,Yeul Facility Management Company,예울에프엠씨, ,정동호,기타법인,110111-6978534,589-88-01096,"서울특별시 중구 청계천로 30 (다동, 예금보험공사) 3층", ,,사업시설 유지ㆍ관리 서비스업,2019-02-28,12월
예주산업주식회사,yeaju,예주산업, ,황재희,기타법인,110111-0408701,108-81-46726,"서울특별시 마포구 월드컵북로12길 19 (성산동, 대성빌딩) 501호", ,,사업시설 유지ㆍ관리 서비스업,1985-11-01,12월
(주)예카투어,YECA TRAVEL SERVICE INC,예카투어, ,이수영,기타법인,110111-2534900,211-87-15759,"서울특별시 중구 퇴계로 243 (충무로5가, 평광빌딩) 3층", ,,여행사업,2002-05-28,12월
(주)옐로트래블,Yellotravel Inc.,옐로트래블, ,최정우,기타법인,110111-5417559,220-88-79846,"서울특별시 용산구 한강대로 313 (갈월동, 여행박사빌딩)",www.yellotravel.com,,여행사업,2014-05-19,12월
(주)오.케이,O.K corporation,오.케이, ,문무양,기타법인,210111-0038052,402-81-50758,"전라북도 완주군 소양면 상관소양로 890-78 (화심리, OKC.C)",okcc.co.kr,,스포츠 및 레크리에이션 용품 임대업,2002-11-15,12월
오더블유코리아 주식회사,"OW Korea Co., Ltd.",오더블유코리아, ,RODRIGUEZ BAUTISTA,기타법인,110111-7368825,685-87-01515,"서울특별시 종로구 세종대로 149 17층 (세종로, 광화문빌딩)", ,,기타 사무지원 서비스업,2020-01-28,12월
(주)오뚜기프렌즈,"Ottogi Friends Co., Ltd.",오뚜기프렌즈, ,이학천,기타법인,134111-0587896,747-87-02239,경기도 안양시 동안구 흥안대로 405 (평촌동), ,,그 외 기타 분류 안된 사업지원 서비스업,2021-08-06,12월
오라산업관리(주),ORA,오라산업관리, ,양석민,기타법인,110111-3588998,105-87-04506,"서울특별시 마포구 월드컵로29길 57 (망원동, 한성빌딩) 201호", ,,인력 공급업,2007-01-01,12월
(주)오른,Oreun.corp.,오른, ,이승백,기타법인,134511-0377190,102-81-45700,"경기도 용인시 기흥구 죽현로 31 501호(보정동, 로얄캠퍼빌)", ,,"산업설비, 운송장비 및 공공장소 청소업",2018-12-18,12월
(주)오리엔탈국제여행사,Oriental Internationgal Tour Inc.,오리엔탈국제여행사, ,CUI XIAN(최헌),기타법인,110111-5864908,438-88-00300,"서울특별시 중구 명동7길 21 (을지로2가, 명동아르누보센텀)", ,,여행사업,2015-10-19,12월
오메가정보통신(주),Omega Info-Communication Cor.,오메가정보통신, ,신현정,기타법인,115611-0043057,128-81-83254,경기도 파주시 금촌동 521-1, ,,사업시설 유지ㆍ관리 서비스업,2003-05-16,12월
주식회사 오비에프산업,"O.B.F Industry Co.,Ltd",오비에프산업, ,김영환,기타법인,110111-1054272,120-86-06016,서울특별시 강남구 역삼동 837-36,-,,사업시설 유지ㆍ관리 서비스업,1994-07-06,12월
(주)오성산업에프시,OSUNG SANUP F.C,오성산업에프시, ,백운회,기타법인,131111-0130953,129-81-80207,"경기도 군포시 금산로 15 (금정동, 삼성빌딩)", ,,인력 공급업,2005-01-05,12월
오성씨에스티(주),Osung CST,오성씨에스티, ,서영동,기타법인,170111-0150730,502-81-48305,대구광역시 달서구 선원로 272 (용산동) 청하빌딩 2층,osung7640@naver.com,,상용 인력 공급 및 인사관리 서비스업,1999-09-01,12월
오성연료전지 주식회사,"Osung Fuel Cell CO., Ltd",오성연료전지, ,양원돈,기타법인,131311-0190250,552-86-00825,경기도 평택시 오성면 오성산단1로 131 (양교리), ,,사업시설 유지ㆍ관리 서비스업,2017-12-07,12월
오성파워 오엔엠,osungpower O&M,오성파워오엔엠, ,김종경,기타법인,194211-0282690,354-86-01045,"경상남도 창원시 성산구 두산볼보로 22 (귀곡동, 두산중공업(주))", ,,사업시설 유지ㆍ관리 서비스업,2018-02-26,12월
오션티앤아이 주식회사,"OCEAN T&I CO., LTD.",오션티앤아이, ,김현국,기타법인,180111-0905323,617-86-16492,"부산광역시 해운대구 달맞이길 143 (중동, 오션빌딩 5층)", ,,기타 운송장비 임대업,2014-03-26,12월
(주)오시리스,OSRIS,오시리스, ,송승훈,기타법인,131111-0128908,129-81-79170,경기도 성남시 중원구 상대원동 500-2, ,,그 외 기타 분류 안된 사업지원 서비스업,2004-12-01,12월
오씨아이드림 주식회사,"OCI Dream Co., Ltd",오씨아이드림, ,이지현,기타법인,110111-7198024,548-86-01432,"서울특별시 중구 소공로 94 (소공동, OCI주식회사)", ,,상용 인력 공급 및 인사관리 서비스업,2019-08-08,12월
오에이치엠씨(주),OHMC Inc.,오에이치엠씨, ,최영철,기타법인,110111-8734512,185-87-03162,"서울특별시 강남구 봉은사로 509 2충(삼성동, 수당빌딩)",www.ohmckorea.com,,기타 사업지원 서비스업,2023-09-05,12월
(주)오제이지,OJG,오제이지, ,박원재,기타법인,110111-6161923,865-81-00430,서울특별시 종로구 윤보선길 71 (화동), ,,"전시, 컨벤션 및 행사 대행업",2016-09-01,12월
오주개발(주),"OJU DEVELOPMENT Co., LTD.",오주개발, ,좌성욱,기타법인,110111-0412158,214-81-11008,서울특별시 중구 저동 2가 24-1, ,,그 외 기타 분류 안된 사업지원 서비스업,1985-12-07,12월
오주개발주식회사,"OJU DEVELOPMENT Co., LTD.",오주개발, ,좌성욱,기타법인,110111-0412158,214-81-11008,서울특별시 중구 저동 2가 24-1, ,,그 외 기타 분류 안된 사업지원 서비스업,1985-12-07,12월
(주)오케이시스템,OKSYSTEM,오케이시스템, ,임치성,기타법인,110111-2262999,214-86-84452,서울특별시 금천구 가산디지털1로 100 (가산동) 204호,www.oksystem.kr,,사업시설 유지ㆍ관리 서비스업,2001-06-22,12월
오케이신용정보주식회사,OK CREDIT INFORMATION,오케이신용정보, ,김인범,기타법인,110111-4012714,104-86-19159,"서울특별시 중구 수표로 23 (저동2가, 영락빌딩) 9층 901호", ,,신용 조사 및 추심 대행업,2008-12-12,12월
주식회사 오케이투어,OKTOUR Service Inc.,오케이투어, ,경재희,기타법인,110111-1515183,220-81-50966,서울특별시 종로구 인사동 43 대일빌딩 15층,www.oktour.com,,여행사업,1998-02-20,12월
주식회사 오토매닉스,"Automanix Co., Ltd",오토매닉스, ,이상학,기타법인,110111-7574448,319-88-01686,서울특별시 강남구 논현로57길 32 (도곡동) 2층, ,,사업지원 서비스업,2020-08-05,12월
주식회사 오토원,AUTOONE,오토원, ,이현우,기타법인,121111-0372797,455-86-01483,"인천광역시 부평구 주부토로 236 (갈산동, 인천테크노밸리U1센터) 디동 1513호", ,,자동차 임대업,2019-08-14,12월
주식회사 오투,"OTWO CO., LTD",오투, ,오병문,기타법인,110111-4455071,220-88-06737,"서울특별시 송파구 올림픽로 300 월드타워동 6207호 (신천동, 롯데월드타워)", ,,보안시스템 서비스업,2010-10-21,12월
주식회사 오티디코퍼레이션,"OTD Corporation Co.,Ltd",오티디코퍼레이션, ,사공훈,기타법인,110111-5395747,104-86-56057,"서울특별시 용산구 대사관로34길 21 (한남동, 영풍빌딩) 5층",otdcorp.co.kr/,,그 외 기타 분류 안된 사업지원 서비스업,2014-04-17,12월
주식회사 오힘알이씨(OHYM REC.Corp),OHYM REC.Corp,오힘알이씨(OHYMREC.Corp), ,박영동,기타법인,165011-0065805,445-86-01133,충청남도 당진시 송악읍 대섬길 4-20 협력관빌딩 202호(고대리), ,,상용 인력 공급 및 인사관리 서비스업,2019-01-14,12월
(주)옥산유통,oksan distribution ,옥산유통, ,차광중,기타법인,110111-1426108,217-81-13378,서울특별시 종로구 계동길 31 보헌빌딩 (주)옥산유통, ,,그 외 기타 분류 안된 사업지원 서비스업,1997-06-13,12월
옥천그린환경(주),"Okcheon green Co.,Ltd",옥천그린환경, ,신인수,기타법인,110111-3756131,211-88-03342,서울특별시 강남구 청담동 41-2, ,,사업시설 유지ㆍ관리 서비스업,2007-09-18,12월
주식회사 온가드,ONGUARD,온가드, ,김성일,기타법인,110111-6623551,431-81-00993,"서울특별시 강남구 도곡로7길 17 303호 (역삼동, 두범빌딩)", ,,경비 및 경호 서비스업,2018-01-10,12월
주식회사 온누리투어,"ONNURI TOUR Co., Ltd",온누리투어, ,김동권,기타법인,110111-4841048,120-87-81443,"서울특별시 광진구 광나루로56길 85 10층(구의동, 테크노-마트21)",www.onnuritour.com,,여행사업,2012-04-09,12월
온오프코리아주식회사,onoffkorea.co.ltd,온오프코리아, ,서은교,기타법인,134911-0081339,636-88-00753,경기도 광명시 오리로619번길 11 예원빌딩,www.onoffpg.co.kr,,그 외 기타 분류 안된 사업지원 서비스업,2017-12-06,12월
올림푸스에프엔코리아(주),"Olympus Finance Korea Co., Ltd.",올림푸스에프엔코리아, ,오카다나오키,기타법인,110111-4540385,120-87-64949,서울특별시 강남구 봉은사로 446 올림푸스타워 B동 5층 (삼성동), ,,임대업; 부동산 제외,2011-03-01,03월
(주)옴니스,OMNICE,옴니스, ,서현정,기타법인,110111-1903437,107-81-78846,서울특별시 강남구 대치동 904-16 송산빌딩 6층,http://www.ehealth24.com,,그 외 기타 분류 안된 사업지원 서비스업,2000-03-11,12월
(주)옵티캠,Opticam,옵티캠, ,김완석,기타법인,110111-1217565,203-81-59545,서울특별시 중구 동호로 195-6 ARRI B/D,www.opticam.co.kr,,기타 산업용 기계 및 장비 임대업,1996-01-01,12월
주식회사 와이비서비스,ybservice,와이비서비스, ,장진성,기타법인,110111-4983436,264-81-05952,서울특별시 강동구 올림픽로62길 13 (성내동) 아스테르 201호, ,,건축물 일반 청소업,2012-11-12,12월
주식회사 와이알엠,YRM Inc.,와이알엠, ,이동구,기타법인,110111-5554153,110-86-15051,"서울특별시 용산구 한강대로 324 (갈월동, 한성빌딩) 1층", ,,여행사업,2015-01-20,12월
주식회사 와이앤피,"Y&P CO., LTD",와이앤피, ,양승은,기타법인,160111-0069909,314-81-21636,대전광역시 서구 계룡로 676 4층 (용문동),ys1.co.kr,,사업지원 서비스업,1998-05-01,12월
와이엠에스 주식회사,"YMS CO,. LTD.",와이엠에스, ,이윤용,기타법인,161511-0201453,559-86-00433,충청남도 아산시 둔포면 아산밸리중앙로 154-25 (석곡리), ,,그 외 기타 분류 안된 사업지원 서비스업,2016-08-23,12월
주식회사 와이오테크,YOTECH,와이오테크, ,조영준,기타법인,165011-0071240,313-81-35044,충청남도 당진시 송악읍 대섬길 4-20, ,,사업시설 유지ㆍ관리 서비스업,2020-03-01,12월
주식회사 와이제이이엔씨,"YJ EQUIPMENT&CONSTRUCTION CO.,LTD.",와이제이이엔씨, ,장기중,기타법인,110111-5025998,220-88-49982,"서울특별시 강남구 테헤란로7길 8 (역삼동, 비와이씨생명보험빌딩) 805호", ,,산업용 기계 및 장비 임대업,2012-12-26,12월
(주)와이즈비젼,"WISEVISION CO.,LTD.",와이즈비젼, ,김석곤,기타법인,110111-3451848,108-81-75390,전라북도 익산시 무왕로 905 3층(신동),www.wisevision.co.kr,,건축물 일반 청소업,2006-06-01,12월
주식회사 와이즈퍼시픽홀딩스,"Wise Pacific Holdings Co.,Inc.",와이즈퍼시픽홀딩스, ,이수진,기타법인,110111-3070630,120-86-71351,"서울특별시 강남구 테헤란로63길 12 비동 834호 (삼성동, LG선릉에클라트B)", ,,기타 산업용 기계 및 장비 임대업,2005-01-25,12월
(주)와이피인베스트먼트,ypinvestment,와이피인베스트먼트, ,김완석,기타법인,110111-4094027,106-86-64645,서울특별시 용산구 원효로1가 40-16, ,,기타 사업지원 서비스업,2009-05-13,12월
외향산업주식회사,"Oye Hyang Industry Co.,Ltd",외향산업, ,손창석,기타법인,110111-0115124,218-81-02888,"서울특별시 중구 다동길 43 (다동, 한외빌딩4층)",www.kebsvc.co.kr,,그 외 기타 분류 안된 사업지원 서비스업,1971-05-17,12월
요트투어샹그릴라주식회사,"Yacht tour Shangri-La Co.,Ltd",요트투어샹그릴라, ,박종춘,기타법인,224111-0012688,616-81-56439,제주특별자치도 서귀포시 중문관광로 154-17 (색달동), ,,여행사업,2006-05-24,12월
용산도시가스이엔지(주),Yong san City Gas ENG,용산도시가스이엔지, ,이한걸,기타법인,110111-4019025,106-86-62332,서울특별시 용산구 원효로90길 11 (원효로1가), ,,사업시설 유지ㆍ관리 서비스업,2009-01-01,12월
용인맑은물(주),Yoing Clean Water,용인맑은물, ,최정일,기타법인,110111-4414473,120-87-58786,서울특별시 강남구 영동대로 312, ,,사업시설 유지ㆍ관리 서비스업,2010-08-17,12월
주식회사 용인에코벨리,Yong In Eco Bally,용인에코벨리, ,나원주,기타법인,110111-2846610,214-87-41372,서울특별시 서초구 서초3동 서초이오빌 2층, ,,건축물 일반 청소업,2003-08-25,12월
주식회사 용주산업,YONGJU INDUSTRY,용주산업, ,조정현,기타법인,134811-0463133,826-87-01076,경기도 화성시 송산면 송산서로240번길 62-43 (지화리), ,,기타 운송장비 임대업,2018-08-09,12월
주식회사용진티엔에스,"YONG JIN TOTAL NET SERVICE CO.,KR.",용진티엔에스, ,방문성,기타법인,110111-0070485,116-81-31976,"서울특별시 영등포구 국제금융로8길 27-9 (여의도동, 동북빌딩) 708호",www.yji.co.kr,,경비 및 경호 서비스업,1966-09-01,12월
(주)용진하이테크,YONGJIN HIGH TECH,용진하이테크, ,김규원,기타법인,121111-0191642,130-86-45210,"서울특별시 금천구 가산디지털1로 146 712호,713호(가산동)", ,,임시 및 일용 인력 공급업,2009-09-02,12월
주식회사우리관광,WOORITOUR CO LTD,우리관광, ,안희섭,기타법인,110111-4848086,109-86-34553,"서울특별시 양천구 가로공원로 137 (신월동, 우리빌딩) 2층",www.wooritour.or.kr,,여행사 및 기타 여행보조 서비스업,2012-04-19,12월
(주)우리두리,"WOORIDOORI Tour Co., Ltd",우리두리, ,양준용,기타법인,110111-3548687,104-86-03943,"서울특별시 중구 을지로 6 (을지로1가, 재능빌딩) 1001호 보물섬투어",bomultour.com,,여행사 및 기타 여행보조 서비스업,2006-10-24,12월
(주)우리비젼,woori vision,우리비젼, ,이성순,기타법인,120111-0518839,122-86-09528,"인천광역시 계양구 효서로 226 (작전동, 현대백화점)2층 1호", ,,임시 및 일용 인력 공급업,2010-03-16,12월
우리신용정보주식회사,"woori credit Information co., Ltd.",우리신용정보, ,이중호,기타법인,110111-0757266,202-81-52516,서울특별시 중구 을지로11길 15 동화빌딩 3층,www.wooricredit.com,,신용 조사 및 추심 대행업,1991-03-15,12월
(주)우리아이앤디,"WOORIIND,CO.LTD",우리아이앤디, ,신영진,기타법인,110111-6881266,440-81-01263,"강원도 태백시 태백로 1230 (황지동),3층", ,,사업시설 유지ㆍ관리 서비스업,2018-09-27,12월
(주)우리엔유,WoorienyuCo.Ltd.,우리엔유, ,김상우,기타법인,110111-5133311,107-87-94004,"서울특별시 영등포구 국제금융로 70 1206호 (여의도동, 미원빌딩)",woorienyu.co.kr,,상용 인력 공급 및 인사관리 서비스업,2013-05-10,12월
우리자산관리(주),WOORI Asset Management Co. Ltd,우리자산관리, ,송점종,기타법인,110111-3374876,104-81-98595,서울특별시 용산구 회나무로 66 (이태원동), ,,사업시설 유지ㆍ관리 서비스업,2006-01-06,12월
우리주민주식회사,woorijumin,우리주민, ,김진복,기타법인,144911-0006963,225-81-17977,강원도 정선군 사북읍 사북7길 6 KT사음사옥 3층,www.woorijumin.kr,,"산업설비, 운송장비 및 공공장소 청소업",2006-10-02,12월
우리캐피탈렌터카(주),WOORI CAPITAL RENT A CAR,우리캐피탈렌터카, ,강율완,기타법인,134511-0129898,142-81-15688,인천광역시 부평구 청천2동 대우자동차판매 426 - 1,wooricap-rentacar.com,,자동차 임대업,2008-09-04,12월
(주)우리티에스,"WOOLITS Co.,Ltd",우리티에스, ,최상권,기타법인,180111-0960814,420-88-00065,부산광역시 해운대구 재반로 79 (재송동), ,,건축물 일반 청소업,2015-03-10,12월
우리피앤엠(주),"C&L PLAZA CO.,Ltd.",우리피앤엠, ,"김흥기, 이원영",기타법인,110111-3922922,211-88-14965,서울특별시 강남구 테헤란로13길 30 (역삼동), ,,여행사업,2008-07-01,12월
(주)우리휴먼서비스,woorihumanservice,우리휴먼서비스, ,박상권,기타법인,110111-3806316,104-86-11889,"서울특별시 성동구 연무장11길 10 2층 우리휴먼서비스 (성수동2가, 우리큐브)", ,,건축물 일반 청소업,2007-12-17,12월
(주)우림맨테크,WOOLIM MANTECH,우림맨테크, ,최인석,기타법인,110111-1977911,107-81-84090,"서울특별시 영등포구 선유로 146 (양평동3가, 이앤씨드림타워) 203호 (주)우림맨테크",www.woolimmt.co.kr,,인력 공급업,2000-05-24,12월
(주)우림엠에스,WOOLIM MS,우림엠에스, ,송철원,기타법인,115911-0022972,128-81-40347,"서울특별시 영등포구 선유로 146 (양평동3가, 이앤씨드림타워) 311호", ,,상용 인력 공급 및 인사관리 서비스업,1999-06-09,12월
주식회사 우성국제여행사,WOOSUNG INTERNATIONAL TRAVEL,우성국제여행사, ,LI XUEMEI,기타법인,110111-5781839,691-81-00130,"서울특별시 영등포구 선유로13길 25 (문래동6가, 에이스하이테크시티2)    11층,1101,1102호", ,,여행사업,2015-09-01,12월
(주)우성에이치알,WOOSUNGHR,우성에이치알, ,유우진,기타법인,110111-4266519,211-88-38555,"서울특별시 광진구 아차산로 345 (자양동, 래미안프리미어팰리스) 101동 301호",www.woosunghr.co.kr,,상용 인력 공급 및 인사관리 서비스업,2010-01-21,12월
주식회사 우신,wooshin,우신, ,성민경,기타법인,134811-0289274,135-86-39523,경기도 수원시 영통구 월드컵로150번길 10 (원천동) YM빌딩 5층, ,,임시 및 일용 인력 공급업,2014-01-06,12월
주식회사 우신에어텍,wooshinairtec,우신에어텍, ,조윤제,기타법인,134811-0293481,135-86-41183,경기도 성남시 중원구 둔촌대로388번길 18 경기 수원시 영통구 센트럴파크로127번길, ,,상용 인력 공급 및 인사관리 서비스업,2014-02-24,12월
주식회사 우아한청년들,Woowahan Youths Inc,우아한청년들, ,김병우,기타법인,110111-5758937,417-87-00193,서울특별시 송파구 올림픽로35다길 32 (신천동) 9층(예전빌딩), ,,그 외 기타 분류 안된 사업지원 서비스업,2015-06-25,12월
(주)우일가설,wooilgaseol,우일가설, ,김완수,기타법인,110111-1277428,215-81-54373,서울특별시 송파구 문정동 17-8,www.wooilgaseol.co.kr,,산업용 기계 및 장비 임대업,1996-06-01,12월
우지기업(주),"WOOJI ENTERPRISE CO.,LTD",우지기업, ,송문현,기타법인,110111-0043325,102-81-03296,"서울특별시 종로구 사직로10길 17 (내자동, 인왕빌딩) 2층",www.wooji.co.kr,,건축물 일반 청소업,1970-12-10,06월
우지산업(주),wooji,우지산업, ,송문현,기타법인,160111-0058415,314-81-17641,"서울특별시 종로구 사직로10길 17 (내자동, 인왕빌딩) 2층 202호", ,,건축물 일반 청소업,1997-01-01,12월
우진관광개발주식회사,WooJin Tour Development.CO.CTD,우진관광개발, ,김경곤,기타법인,210111-0011694,418-81-08745,전라북도 전주시 덕진구 서노송동 568-121, ,,스포츠 및 레크리에이션 용품 임대업,1992-11-12,12월
주식회사우창개발,woochang development,우창개발, ,"조병원, 조병식",기타법인,110111-5983914,785-81-00342,"서울특별시 강서구 공항대로 627 (염창동, 대신빌딩)  7층", ,,사업지원 서비스업,2016-02-24,12월
주식회사 울산박물관,ulsan museum,울산박물관, ,김인년,기타법인,110111-3941295,104-86-16166,서울특별시 중구 장교동 한화빌딩 5층, ,,무형재산권 임대업,2008-07-24,12월
울산하버브릿지(주),The ulsan harbour bridge,울산하버브릿지, ,권헌직,기타법인,230111-0149970,620-81-32402,"울산광역시 동구 봉수로 215 (화정동, 염포산영업소)", ,,사업시설 유지ㆍ관리 서비스업,2008-11-28,12월
웅산산업개발(주),woongsan Co.Ltd,웅산산업개발, ,이상묵,기타법인,110111-1772676,215-81-81211,서울특별시 송파구 위례성대로18길 23 동우빌딩 1층(방이동), ,,경비 및 경호 서비스업,1999-09-13,12월
주식회사 원국제여행사,Won International Travel Company,원국제여행사, ,황원희,기타법인,110111-5809631,644-88-00128,"서울특별시 강남구 강남대로150길 12 501호 (논현동, 대원빌딩)",-,,여행사업,2015-08-17,12월
원방기업 주식회사,"WONBANG Enterprises.Co.,Ltd.",원방기업, ,심철용,기타법인,110111-0370132,211-81-37334,"서울특별시 강남구 학동로30길 18 (논현동, 성목빌딩)2층",won-bang.com,,사업시설 유지ㆍ관리 서비스업,1984-03-19,12월
주식회사 원봉,"Won bong Co.,Ltd.",원봉, ,권순석,기타법인,180111-0117845,604-81-19765,"부산광역시 부산진구 거제대로36번길 26 (양정동, 4,5층)",.,,인력 공급업,1991-08-28,12월
주식회사 원봉기업,"Wonbong.Co.,LTD.",원봉기업, ,박정옥,기타법인,180111-0371772,605-81-49597,부산광역시 부산진구 서면문화로 27 유원골든타워오피스텔 1301호 (부전동),-,,사업시설 유지ㆍ관리 서비스업,2001-12-20,12월
주식회사 원비아이,ONEBI,원비아이, ,박천희,기타법인,110111-4041119,206-86-31575,서울특별시 성동구 뚝섬로 429 4층 (성수동2가), ,,무형재산권 임대업,2009-04-01,12월
(주)원스탑,ONESTOP,원스탑, ,장위숙,기타법인,285011-0198297,128-86-62161,경기도 고양시 일산동구 고봉로770번길 44-7 3층(설문동), ,,사업지원 서비스업,2011-06-14,12월
주식회사 원어나더,ONEANOTHER LTD,원어나더, ,김준로,기타법인,135511-0356127,289-86-01611,"경기도 시흥시 소망공원로 232 1304호 (정왕동, 시화동원베네스트)", ,,콜센터 및 텔레마케팅 서비스업,2020-02-05,12월
주식회사 원에이치알컴퍼니,ONEHR COMPANY,원에이치알컴퍼니, ,김동영,기타법인,110111-5973204,387-81-00250,"서울특별시 영등포구 양산로 43 , 511호(양평동3가, E-BIZ센터)",www.onehr.co.kr/,,사업지원 서비스업,2016-02-22,12월
(주)원영,WON YOUNG,원영, ,김인호,기타법인,180111-0714617,603-81-74635,부산광역시 사하구 다대로 210 (장림동) 제일제당 내 (주)원영, ,,포장 및 충전업,2010-05-01,12월
(주)원영,WON YOUNG,원영, ,노석순,기타법인,110111-1685241,138-81-33479,"경기도 의왕시 경수대로 257 (고천동, 대영골든밸리) 303호", ,,산업용 기계 및 장비 임대업,2006-04-03,12월
(주)원이앤에스,ONE E&S,원이앤에스, ,"지연관, 이홍배",기타법인,110111-4488999,104-86-32400,"서울특별시 중구 세종대로18길 16 701호(북창동, 우성빌딩)",www.oneens.com,,사업시설 유지ㆍ관리 서비스업,2010-12-16,12월
주식회사원일자산개발,wonil,원일자산개발, ,홍성우,기타법인,110111-5518597,212-86-11346,충청북도 청주시 흥덕구 가로수로1164번길 41-34 (강서동) 더마크호텔, ,,인력 공급업,2014-09-22,12월
주식회사 원주자동차부품클러스트,"wonjoo car assembly cluster co., ltd.",원주자동차부품클러스트, ,이영열,기타법인,141211-0042328,224-81-40005,강원도 원주시 문막읍 반계리 2223 일륭기공(주) 내, ,,그 외 기타 분류 안된 사업지원 서비스업,2007-10-16,12월
(주)원준,WONJUN,원준, ,고현규,기타법인,141211-0063548,224-81-56754,강원도 원주시 부론면 견훤로 573 (노림리), ,,건설 및 토목공사용 기계ㆍ장비 임대업,2012-12-26,12월
(주)원중기업,WONJOONG,원중기업, ,고재정,기타법인,120111-0071902,131-81-20328,"인천광역시 남동구 인주대로 670 901호 (구월동, 인향빌딩)",www.wjtms.co.kr,,사업시설 유지ㆍ관리 서비스업,1992-01-10,12월
(주)원창,wonchang,원창, ,문승표,기타법인,204611-0020859,416-81-46817,"전라남도 광양시 폭포사랑길 20-26 (금호동, 광양제철소)", ,,사업시설 유지ㆍ관리 서비스업,2005-01-01,12월
(주)원프라이드,WONPRIDE,원프라이드, ,김영호,기타법인,110111-5743756,280-81-00172,"서울특별시 서초구 서초대로73길 54 (서초동, 서초동오피스텔) 920호", ,,상용 인력 공급 및 인사관리 서비스업,2015-06-05,12월
월드라이센스(주),"World License Co., LTD",월드라이센스, ,박경현,기타법인,110111-1635056,120-81-85791,서울특별시 송파구 가락동 98-3 소방공제 조합 3층,www.wld.co.kr,,그 외 기타 분류 안된 사업지원 서비스업,1999-01-15,12월
월드사이버게임즈(주),"World Cyber Games, Inc.",월드사이버게임즈, ,김형석,기타법인,110111-2030924,211-86-63045,"서울특별시 서초구 서초대로 118 (방배동, 양지빌딩2)",www.wcg.com,,"전시, 컨벤션 및 행사 대행업",2000-07-20,12월
월드알에스씨가설자재(주),world,월드알에스씨가설자재, ,이효상,기타법인,134811-0145567,124-86-59233,"서울특별시 서초구 남부순환로339길 64 (서초동, 현우빌딩) 4층", ,,건설 및 토목공사용 기계ㆍ장비 임대업,2007-09-20,12월
주식회사 월드와이드써비스코리아,"WORLDWIDE SERVICE KOREA CO.,LTD",월드와이드써비스코리아, ,봉하천,기타법인,110111-1075020,120-81-64971,"서울특별시 강남구 영동대로 421 (대치동, 삼탄빌딩) B1",www.wwsk.co.kr,,사업시설 유지ㆍ관리 서비스업,1994-09-12,12월
주식회사 월드원디엔씨,worldonednc,월드원디엔씨, ,강세원,기타법인,110111-6640472,676-86-00868,"인천광역시 부평구 열우물로25번길 10 (십정동) 14-10, 301호", ,,사업시설 유지ㆍ관리 서비스업,2018-03-08,12월
월드유니텍 주식회사,worldunitec,월드유니텍, ,길종선,기타법인,110111-2046187,215-81-96126,경기도 성남시 분당구 대왕판교로351번길 15 (궁내동),www.worldunitec.com/,,사업시설 유지ㆍ관리 서비스업,2000-08-07,12월
웰리브에프앤에스 주식회사,WELLIV F&S,웰리브에프앤에스, ,윤진웅,기타법인,194911-0056645,755-87-01978,"경상남도 거제시 옥포로 122 (옥포동, 하모니센터) 5층 웰리브에프앤에스 사무실", ,,상용 인력 공급 및 인사관리 서비스업,2020-11-12,12월
웰릭스렌탈(주),welrixrental,웰릭스렌탈, ,이창영,기타법인,110111-6275287,773-81-00581,"서울특별시 구로구 디지털로31길 12 (구로동, 태평양물산) 9층 웰릭스렌탈",www.welrixrental.co.kr,,그 외 기타 개인 및 가정용품 임대업,2016-12-29,12월
웰시스,WELSYS,웰시스, ,이해성,기타법인,110111-1338204,120-81-67129,"서울특별시 서초구 강남대로 365 1209호 서초도씨에빛 1차(서초동, 대우도씨에빛)", ,,경비 및 경호 서비스업,1996-11-30,12월
웰컴에듀서비스 주식회사,WELCOMEEDUESERVICE,웰컴에듀서비스, ,이근배,기타법인,110111-3995424,120-87-33903,서울특별시 강남구 삼성동 160 아이파크타워 12층, ,,사업시설 관리 및 조경 서비스업,2008-11-05,12월
(주)웰푸드,"WELLFOOD CO.,LTD",웰푸드, ,최홍식,기타법인,110111-3024306,211-87-50358,서울특별시 강남구 압구정1동 369-1번지 구상가 2층, ,,인력 공급업,2004-06-01,12월
웹투어(주),"WEB TOUR CO,.LTD",웹투어, ,홍성원,기타법인,110111-1171133,214-81-89957,"서울특별시 종로구 인사동5길 29 (인사동,태화빌딩11층)",www.webtour.com,,여행사업,1995-07-01,12월
주식회사 위너스메이트,winnersmate,위너스메이트, ,조현석,기타법인,110111-3936840,201-86-07482,"서울특별시 중구 동호로 207 (신당동, 중앙빌딩) 4층",www.winnersmate.co.kr/,,임시 및 일용 인력 공급업,2008-07-17,12월
(주)위니어스컴퍼니,winius,위니어스컴퍼니, ,정미숙,기타법인,110111-5827675,280-87-00228,"서울특별시 강남구 논현로 570 (역삼동, 부봉빌딩) 503호",www.winius.co.kr,,상용 인력 공급 및 인사관리 서비스업,2015-09-08,12월
위더스엔,withusn,위더스엔, ,오영재,기타법인,110111-4054667,119-86-34846,"경기도 부천시 원미구 길주로 428 (춘의동, SJ로얄팰리스) 301호", ,,상용 인력 공급 및 인사관리 서비스업,2019-03-04,12월
위더스코리아레져(주),WIDUS KOREA LEISURE. INC,위더스코리아레져, ,한대식,기타법인,151211-0017022,304-81-18338,서울특별시 마포구 마포대로 25 신한디엠빌딩 761호 (마포동),widus.com,,여행사업,2006-08-20,12월
위드가인 (주),WITH GAIN,위드가인, ,박명희,기타법인,110111-4138221,215-87-28620,"서울특별시 송파구 송파대로49길 51 (석촌동, 제퍼빌딩)5,6층", ,,상용 인력 공급 및 인사관리 서비스업,2009-07-14,12월
주식회사 위드굿피플,With Good People Corp.,위드굿피플, ,김백수,기타법인,110111-5239721,206-86-82579,"서울특별시 광진구 강변역로4길 68 (구의동, 리젠트오피스텔)",www.wgpeople.net,,사업시설 유지ㆍ관리 서비스업,2013-10-10,12월
주식회사 위드림,"We-Dream Co.,Ltd",위드림, ,나훈철,기타법인,134811-0310665,135-86-48416,"경기도 오산시 궐리사로 8 (궐동, 센트하임), 119호", ,,그 외 기타 사업지원 서비스업,2014-09-05,12월
(주)위드마이샵,with my shop,위드마이샵, ,한명선,기타법인,110111-5826114,219-86-00194,서울특별시 중구 명동2길 16 (명동2가) 진주빌딩 1층,www.modooticket.co.kr,,그 외 기타 분류 안된 사업지원 서비스업,2015-09-02,12월
주식회사 위드유,WithU Corporation,위드유, ,황준성,기타법인,110111-5145556,119-86-72082,"경기도 안양시 만안구 덕천로48번길 37 (안양동, 엘지유플러스) 1층",www.widyou.co.kr,,그 외 기타 분류 안된 사업지원 서비스업,2013-05-28,12월
(주)위드잡,withjob,위드잡, ,황진호,기타법인,161511-0162647,312-86-61660,"충청남도 천안시 동남구 터미널2로 16 (신부동, 백석빌딩) 6층", ,,상용 인력 공급 및 인사관리 서비스업,2014-02-06,12월
주식회사 위드코리아,withkorea,위드코리아, ,여용훈,기타법인,110111-5555086,107-88-34115,"서울특별시 영등포구 영신로38길 4-1 (영등포동6가, 위드앤빌) 2,3층", ,,건축물 일반 청소업,2014-11-13,12월
주식회사위드플러스시스템,withplus,위드플러스시스템, ,"김승모, 김현경",기타법인,121111-0287467,452-87-00051,"경기도 부천시 원미구 조마루로385번길 92 (원미동, 부천테크노밸리U1center) 1408호", ,,상용 인력 공급 및 인사관리 서비스업,2015-04-29,12월
주식회사 위인크,Weinc Corp,위인크, ,허동욱,기타법인,110111-3908534,120-87-28638,"서울특별시 강남구 테헤란로108길 12 (대치동, 하나빌딩) 3층",www.we1.co.kr,,인력 공급업,2008-06-10,06월
주식회사 위즈돔,Wizdome inc.,위즈돔, ,한상우,기타법인,110111-4205442,214-88-49124,"경기도 성남시 분당구 판교로 255 (삼평동, 판교이노밸리)", ,,여행사업,2009-10-23,12월
위티아 주식회사,WITIA,위티아, ,동일범,기타법인,110111-3157074,108-81-69374,"서울특별시 중구 청계천로 100 동관동 6층 (수표동, 시그니쳐타워)", ,,인력 공급업,2005-02-01,12월
주식회사 윈윈파트너스,WIN-WIN PARTNERS,윈윈파트너스, ,김형준,기타법인,110111-4022341,215-87-21724,"서울특별시 송파구 법원로11길 7 (문정동, 문정현대지식산업센터1-2)  C동 제 6층 제609, 610 호",wwpartners.co.kr/,,상용 인력 공급 및 인사관리 서비스업,2009-01-02,12월
주식회사 윈잉,WINNING inc.,윈잉, ,윤호,기타법인,110111-7056412,630-81-01435,"서울특별시 중구 청계천로 400 (황학동, 롯데캐슬베네치아) 제메가몰동 2104호",www.winning-no1.com,,인력 공급업,2019-04-01,12월
(주)윌앤비전,will&vision.co.ltd,윌앤비전, ,"이화택, 하봉수",기타법인,110111-3528605,107-86-82160,"서울특별시 영등포구 영등포로 150 (당산동1가, 생각공장당산) C동 5층, 6층",www.willvi.co.kr,www.willvi.co.kr,콜센터 및 텔레마케팅 서비스업,2006-09-15,12월
유광에너지(주),"Yu Kwang Energy Co.,Ltd",유광에너지, ,구성만,기타법인,110111-3708942,107-86-92746,"서울특별시 영등포구 영중로 131-10 (영등포동8가,자원회관1층)", ,,사업시설 유지ㆍ관리 서비스업,2007-06-29,12월
유니맥코리아(주),UNIMACKOREA,유니맥코리아, ,신동석,기타법인,110111-2444729,211-87-09413,서울특별시 강남구 신사동 성도빌딩 4층,www.unimackorea.co.kr,,고용 알선업,2002-02-07,12월
(주)유니버설뮤직퍼블리싱,Universal Music Publishing Ltd.,유니버설뮤직퍼블리싱, ,조규철,기타법인,110111-2098568,206-81-52162,서울특별시 강남구 논현로 653 (논현동) 3층 에이앤에이빌딩, ,,무형재산권 임대업,2000-11-02,12월
(주)유니스컨설팅 ,EUNICE CONSULTING,유니스컨설팅, ,김은영,기타법인,120111-0527525,131-86-20298,"경기도 용인시 수지구 신수로 767 (동천동, 분당수지U-TOWER) 지식산업센터 1814호", ,,임시 및 일용 인력 공급업,2010-03-29,12월
유니스텝스(주),unistaffs,유니스텝스, ,이용훈,기타법인,110111-2745359,120-86-50152,"서울특별시 강남구 선릉로 514 9층 902호(삼성동, 성원빌딩)", ,,사업지원 서비스업,2003-03-25,12월
주식회사유니에스,UNIES,유니에스, ,이용훈,기타법인,110111-0724719,214-81-22280,서울특별시 강남구 삼성동 141 성원빌딩 11층,WWW.UNIES.COM,,인력 공급업,1990-10-08,12월
주식회사 유니에스시큐리티,unies security,유니에스시큐리티, ,유춘호,기타법인,110111-2845836,206-81-84698,"인천광역시 중구 공항로424번길 72 447호, 448호 (운서동, IBC디오빌)", ,,사업시설 관리 및 조경 서비스업,2003-08-22,12월
(주)유니온산업,"unionindustry co., ltd",유니온산업, ,문상봉,기타법인,206211-0007085,417-81-14448,"전라남도 여수시 여수산단4로 53 (중흥동, 롯데케미칼(주))", ,,경비 및 경호 서비스업,1997-04-17,12월
(주)유니원컴퍼니,UNIONE Company Inc.,유니원컴퍼니, ,조현일,기타법인,110111-1903669,211-86-92588,서울특별시 서초구 서운로 42 유니원빌딩 (서초동),www.unione.co.kr,,"전시, 컨벤션 및 행사 대행업",2000-03-11,12월
유니컨버스투자 주식회사,"Uniconverse Investment Co., Ltd.",유니컨버스투자, ,김윤휘,기타법인,110111-4589789,109-86-28560,서울특별시 강서구 양천로 13 한국공항빌딩 3층 (방화동), ,,그 외 기타 분류 안된 사업지원 서비스업,2011-04-26,12월
(주)유니코써치,Unico Search Inc.,유니코써치, ,김혜양,기타법인,110111-0847222,120-81-10494,"서울특별시 강남구 테헤란로87길 36 17층,15층 1503호,25층 2504호(삼성동, 도심공항타워)",www.unicosearch.com/home,,고용 알선업,1992-04-13,12월
(주)유니토스,unitos,유니토스, ,최상덕,기타법인,110111-3018812,220-86-85397,"서울특별시 강남구 삼성로95길 35 4층(삼성동,메디스퀘어빌딩)", ,,사업지원 서비스업,2004-05-25,12월
유니포트 주식회사,UNIPORT CORPORATION,유니포트, ,김정래,기타법인,131111-0161403,215-86-84571,경기도 성남시 분당구 대왕판교로351번길 13 (궁내동), ,,건축물 일반 청소업,2006-04-05,12월
주식회사 유디렌탈,"UDRENTAL Co., Ltd.",유디렌탈, ,김현인,기타법인,110111-4882985,214-88-98095,서울특별시 서초구 서초대로78길 50 우영벤처타워 8층, ,,컴퓨터 및 사무용 기계ㆍ장비 임대업,2012-06-01,12월
유로렌트카,eurorent,유로렌트카, ,성기경,기타법인,110111-2624561,206-81-75675,"서울특별시 강서구 마곡서로 157 (마곡동, 스프링파크타워) 2층 209-2호", ,,자동차 임대업,2002-11-01,12월
주식회사 유명크레인,youmyung crane,유명크레인, ,문요섭,기타법인,280211-0152046,690-88-00873,경기도 양주시 고삼로 101 (삼숭동),ymcrane.com,,건설 및 토목공사용 기계ㆍ장비 임대업,2016-03-15,12월
주식회사 유베이스,"Ubase, Inc.",유베이스, ,목진원,기타법인,110111-1621823,110-81-40249,서울특별시 용산구 한강대로38길 37 (용산동5가),www.ubase.co.kr,,콜센터 및 텔레마케팅 서비스업,1998-12-18,12월
(주)유베이스티엠에스,ubasetms,유베이스티엠에스, ,이홍순,기타법인,110111-1467350,109-81-51917,경기도 부천시 원미구 중동 1126 유베이스타워, ,,콜센터 및 텔레마케팅 서비스업,1997-10-13,12월
(주)유성시에스,KUKJEHEUNUP CO.LTD,유성시에스, ,이은영,기타법인,110111-0397764,214-81-00520,서울특별시 용산구 새창로 213 (한강로2가) 석우빌딩 3층, ,,건축물 일반 청소업,1985-04-18,12월
(주)유성안전시스템,"yusung security system co., ltd.",유성안전시스템, ,김균수,기타법인,190111-0026846,608-81-24687,"경상남도 창원시 성산구 연덕로184번길 42 (내동, 현대상가) 3층",yusungsafety.com,,경비 및 경호 서비스업,1996-04-01,12월
유쉘컴 주식회사,"Ushellcom CO.,LTD.",유쉘컴, ,구건우,기타법인,110111-3246215,101-86-15945,서울특별시 중구 장교동 장교빌딩 13층 2호,www.ysc.sbs.seoul.kr/,,인력 공급업,2005-07-01,12월
(주)유안에이치알,UANHR Ltd.,유안에이치알, ,신현욱,기타법인,110111-4207620,215-87-32648,"서울특별시 강남구 봉은사로 215 (논현동, KTS빌딩) 13층",www.uanhr.com,,고용알선 및 인력공급업,2009-11-01,12월
(주)유앤미시스템,U&ME SYSTEM,유앤미시스템, ,오태훈,기타법인,110111-3224641,120-86-81354,"서울특별시 마포구 삼개로 16 301호 (도화동, 근신빌딩2신관)",www.unmesys.co.kr,,상용 인력 공급 및 인사관리 서비스업,2005-05-10,12월
(주)유앤미에스피,U&ME SP ,유앤미에스피, ,오태훈,기타법인,110111-6766385,816-86-01034,"서울특별시 마포구 삼개로 16 2신관 303호 (도화동, 근신빌딩2신관)", ,,상용 인력 공급 및 인사관리 서비스업,2018-05-31,12월
주식회사 유에스씨,"USC Co., Ltd.",유에스씨, ,이정미,기타법인,110111-9041726,643-87-03241,"서울특별시 강남구 도산대로 445 8층 (청담동, M빌딩)", ,,건축물 일반 청소업,2024-08-28,12월
주식회사 유엔에스코리아,UNS KOREA,유엔에스코리아, ,"김성환, 고현석",기타법인,110111-2927246,120-86-62852,"서울특별시 송파구 올림픽로8길 23 (잠실동, 보현빌딩) 3층", ,,경비 및 경호 서비스업,2004-01-28,12월
주식회사 유우투어,LI CHENGZHI,유우투어, ,이성식,기타법인,110111-7806958,783-88-02019,"서울특별시 금천구 디지털로9길 65 (가산동, 백상스타타워1차)", ,,여행사업,2021-03-26,12월
주식회사 유유테이진메디케어,YUYUTEIJIN MEDICARE INC.,유유테이진메디케어, ,유원상,기타법인,134111-0146733,123-86-07635,"경기도 의왕시 오전공업길 19 (오전동, 대현테크노월드) 8층",www.yuyuteijin.co.kr,,그 외 기타 개인 및 가정용품 임대업,2006-10-20,12월
유진기업주식회사,EU JIN CO.,유진기업, ,안화섭,기타법인,206211-0038204,417-81-37534,전라남도 여수시 무선1길 17 (선원동), ,,임시 및 일용 인력 공급업,2009-02-24,12월
주식회사 유케이개발,UK development,유케이개발, ,신형우,기타법인,110111-3955006,209-81-47692,서울특별시 강북구 삼양로139길 86-7, ,,경비 및 경호 서비스업,2008-12-18,12월
(주)유켄씨인터텍,"UcanC Intertech Co.,Ltd.",유켄씨인터텍, ,최병창,기타법인,110111-1804958,114-81-92337,"서울특별시 서초구 신반포로 189 (잠원동, 반포쇼핑타운), 4동 506호", ,,건축물 일반 청소업,1999-11-09,12월
주식회사 윤코레이션,"YOON CORPORATION CO., LTD.",윤코레이션, ,박영희,기타법인,180111-0890392,605-86-25173,부산광역시 부산진구 거제대로36번길 26 (양정동), ,,사업시설 유지ㆍ관리 서비스업,2013-12-16,12월
율산개발 주식회사,yulsan,율산개발, ,봉유종,기타법인,115911-0009201,128-81-14567,"경기도 고양시 일산동구 하늘마을로 158 비동 502호(중산동, 대방트리플라온비즈니스타워)",www.yul-san.co.kr,,사업시설 유지ㆍ관리 서비스업,1993-01-06,12월
은성기업(주),eunsung co. ltd,은성기업, ,배성현,기타법인,206211-0029188,417-81-30341,전라남도 여수시 여수산단로 285-10 (월하동), ,,기타 산업용 기계 및 장비 임대업,2004-12-21,12월
주식회사 은진,EUNJIN,은진, ,조현순,기타법인,110111-0719215,201-81-45216,서울특별시 동작구 여의대방로26길 22 (대방동) 은진빌딩,www.eun-jin.co.kr,,사업시설 관리 및 조경 서비스업,1990-09-07,12월
은하수티켓,galaxy ticket,은하수티켓, ,이승혁,기타법인,110111-8979093,553-86-03427,서울특별시 중구 남대문로 36 1층35호(회현동1가), ,,그 외 기타 분류 안된 사업지원 서비스업,2024-10-22,12월
주식회사 응카,Eung Car,응카, ,김도응,기타법인,180111-1243863,769-86-01330,부산광역시 강서구 대저중앙로394번길 32 (대저1동), ,,자동차 임대업,2019-12-10,12월
주식회사 의조산업,EUCHO INDUSTRIAL CO. LTD,의조산업, ,이호년,기타법인,110111-1222150,105-81-75654,서울특별시 마포구 서교동 395-166, ,,컴퓨터 및 사무용 기계ㆍ장비 임대업,1995-12-14,12월
(주)이.씨.웹,"ECWEB Co.,Ltd",이.씨.웹, ,오창환,기타법인,180111-0316413,617-81-26980,부산광역시 남구 대연3동 21세기센츄리시티 부산 S/W 지원센터 1006,www.ecweb.co.kr,,여행사업,2000-03-10,12월
(주)이네스트,ELAND SERVICE,이네스트, ,권재덕,기타법인,110111-3656688,105-87-08195,"서울특별시 금천구 범안로 1155 (독산동, 동남빌딩)", ,,사업시설 유지ㆍ관리 서비스업,2007-04-10,12월
(주)이노바스복합시설관리,INNOVAS,이노바스복합시설관리, ,김현철,기타법인,110111-3937905,120-87-30814,"서울특별시 강남구 영동대로 513 지하1층 24호(삼성동,무역센터 코엑스)",www.innovas.co.kr,,사업시설 유지ㆍ관리 서비스업,2008-07-18,12월
(주)이노서브비엠,Innoserve B.M ,이노서브비엠, ,김민동,기타법인,110111-5390648,204-86-51731,"서울특별시 서초구 언남길 43 (양재동, 이노빌딩) 401호",www.innoserve.co.kr,,사업시설 관리 및 조경 서비스업,2018-04-24,12월
(주)이노서브에프엠,innoserve fm corp.,이노서브에프엠, ,김민동,기타법인,110111-7289633,423-86-01638,"서울특별시 서초구 언남길 43 4층 2호 (양재동, 이노빌딩)",www.innoserve.co.kr,,사업시설 유지ㆍ관리 서비스업,2019-11-12,12월
이노위드(주),INNOWITH,이노위드, ,김석수,기타법인,200111-0343156,410-86-61625,광주광역시 광산구 하남산단5번로 26 (장덕동), ,,사업시설 관리 및 조경 서비스업,2012-05-18,12월
이더블유피서비스(주),"EWP Service Co., Ltd.",이더블유피서비스, ,정영철,기타법인,230111-0302528,370-81-01284,울산광역시 중구 종가로 655 혁신센트럴시티 212호(서동), ,,사업시설 유지ㆍ관리 서비스업,2018-11-16,12월
주식회사 이데아그룹,IDEA group.co.ltd,이데아그룹, ,이건희,기타법인,110111-3246554,119-81-82362,경기도 부천시 부천로198번길 27 (춘의동) 서림테크노파크 1차  204호, ,,상용 인력 공급 및 인사관리 서비스업,2005-05-13,12월
주식회사 이도,"Yido. Co., Ltd.",이도, ,최정훈,기타법인,205911-0011744,409-81-93379,인천광역시 서구 드림로 174 (백석동),www.yido.com,,사업시설 유지ㆍ관리 서비스업,2006-11-28,12월
(주)이도골프엔지니어링,yidogolfeng.inc.,이도골프엔지니어링, ,"전재찬, 이경행",기타법인,110111-5101772,211-88-93107,"경기도 안양시 동안구 시민대로 180 26층 (호계동, G.SQURE,롯데백화점평촌점)",yidogolfeng.com/,,조경 관리 및 유지 서비스업,2013-04-01,12월
이둔,IDUN,이둔, ,이선수,기타법인,110111-3150630,215-86-66122,서울특별시 송파구 위례성대로 126 1동 보원빌딩 5층,www.idun.co.kr,,사업시설 유지ㆍ관리 서비스업,2005-01-14,12월
이드림오션 주식회사,"E Dream Ocean Co.,Ltd.",이드림오션, ,이보람,기타법인,110111-8224589,450-88-02410,"서울특별시 강남구 테헤란로 425 (삼성동, 신일빌딩) 5층 5414호", ,,기타 사업지원 서비스업,2022-03-08,12월
(주)이든,"I Deun Co., Ltd.",이든, ,김준현,기타법인,134511-0489333,252-86-02020,"경기도 용인시 기흥구 용구대로2394번길 27 111동 504호 (마북동, 삼성래미안1차아파트)", ,,그 외 기타 분류 안된 사업지원 서비스업,2020-12-14,12월
(주)이랜드서비스,"ELANDSERVICE CO., LTD",이랜드서비스, ,최경민,기타법인,110111-7375606,226-88-01633,"서울특별시 금천구 가산디지털1로 212 (가산동, 코오롱디지털타워애스턴) 14층 1401호", ,,그 외 기타 사업지원 서비스업,2020-02-03,12월
이레안전시스템(주),"ire security system co.,ltd",이레안전시스템, ,강수령,기타법인,110111-0385701,116-81-08188,"서울특별시 송파구 가락로16길 3-20 203호(석촌동, 양주빌딩)", ,,사업시설 유지ㆍ관리 서비스업,1985-04-10,12월
이레일주식회사,ERAIL.CO,이레일, ,임주빈,기타법인,110111-4013267,114-86-70702,경기도 안산시 단원구 동산로 185 (초지동), ,,사업시설 유지ㆍ관리 서비스업,2008-12-12,12월
(주)이렌컴서비스,"Erencom service, Inc.",이렌컴서비스, ,구병수,기타법인,180111-0612647,617-81-69067,"부산광역시 해운대구 APEC로 55 1층 벡스코비지니스센터 (우동, 벡스코)",www.erencom.com,,컴퓨터 및 사무용 기계ㆍ장비 임대업,2007-11-23,12월
주식회사 이렌트카,"erentcar.co.,ltd.",이렌트카, ,김성규,기타법인,120111-0320143,131-81-79834,인천광역시 남구 경인로 460 (주안동),www.erentcar.com,,자동차 임대업,2003-06-12,12월
(주)이브레인뱅크,"eBrainbank co.,ltd",이브레인뱅크, ,김영한,기타법인,110111-1913733,220-81-81514,서울특별시 강남구 역삼동 824-11 한라클레식오피스텔 918호,www.ebrainbank.com,,고용 알선업,2000-03-21,12월
(주)이브릿지,ebridge,이브릿지, ,박재현,기타법인,120111-0330936,121-81-64144,"서울특별시 강서구 마곡중앙로 161-8 (마곡동, 두산더랜드파크) A동 901호",www.ebridge.co.kr,,기타 사무지원 서비스업,2003-11-11,12월
(주)이세큐,ESeQ.Co.Ltd,이세큐, ,임화숙,기타법인,110111-6034443,819-81-00475,"인천광역시 연수구 송도문화로28번길 28 (송도동, 송도글로벌캠퍼스푸르지오) 201-415", ,,경비 및 경호 서비스업,2016-04-15,12월
주식회사 이솔산업,"esol co., ltd",이솔산업, ,"오흥기, 최대엽",기타법인,120111-0703141,122-86-38829,인천광역시 부평구 부평북로 83 (청천동),esol-ltd.com/,,포장 및 충전업,2014-04-04,12월
(주)이스턴네트웍스,"EasternNetworks Co., LTD",이스턴네트웍스, ,유세권,기타법인,110111-1857204,106-81-85437,서울특별시 강남구 영동대로 316 5층,www.east21.co.kr,,그 외 기타 분류 안된 사업지원 서비스업,2000-01-19,11월
(주)이스트어소시에이트,EST Associate,이스트어소시에이트, ,김장중,기타법인,110111-4248351,119-86-24222,서울특별시 관악구 봉천동 895-2, ,,기타 사무지원 서비스업,2009-12-23,12월
주식회사 이시스템,e-system,이시스템, ,정구창,기타법인,110111-5401990,117-81-87963,"서울특별시 영등포구 선유로13길 25 (문래동6가, 에이스하이테크시티2) 8층 810호", ,,고용 알선업,2014-04-25,12월
(주)이씨플라자,EC PLAZA NETWORK INC.,이씨플라자, ,"임승택, 박인규",기타법인,110111-1941205,212-81-46495,서울특별시 강동구 성내1동 452-3 신호빌라트1층,www.ecplaza.co.kr,,사업시설 유지ㆍ관리 서비스업,2000-04-15,06월
이앤밸류(주),E&VALUE,이앤밸류, ,안병덕,기타법인,110111-7772901,398-86-02267,"서울특별시 강남구 밤고개로1길 10 1328호 (수서동, 수서현대벤쳐빌)", ,,그 외 기타 분류 안된 사업지원 서비스업,2021-02-02,12월
이앤알파워홀딩스(주),"E&R Power Holdings Co., Ltd",이앤알파워홀딩스, ,고민호,기타법인,285011-0264965,128-87-08771,"경기도 고양시 일산동구 호수로 340-11 1522(백석동,밀레니엄리젠시)",-,,그 외 기타 분류 안된 사업지원 서비스업,2014-04-25,12월
이에스크리에이터즈 주식회사,"ES Creators. co., Ltd.",이에스크리에이터즈, ,"정영수, 김길수",기타법인,110111-4134500,214-88-44323,서울특별시 서초구 반포대로 101 도원빌딩 5층 (서초동),www.eunsan21.co.kr,,기타 사업지원 서비스업,2009-07-09,12월
(주)이엔아이캐피탈, ,이엔아이캐피탈, ,박문식,기타법인,110111-1833452,220-81-73936,서울특별시 송파구 방이동 65-5 태원빌딩 2층, ,,그 외 기타 분류 안된 사업지원 서비스업, ,12월
주식회사이엠컨설팅,E.M Consulting.co.Ltd,이엠컨설팅, ,권희근,기타법인,110111-2639619,107-86-25456,"서울특별시 마포구 월드컵로 204 (성산동, 이안상암) 2층 211호", ,,그 외 기타 분류 안된 사업지원 서비스업,2002-10-25,12월
(주)이엠피서비스,EMPSERVICE,이엠피서비스, ,"정구창, 양석길",기타법인,110111-2558166,108-81-56132,"서울특별시 영등포구 선유로13길 25 809호(문래동6가, 에이스하이테크시티2)",www.empsvc.co.kr,,사업시설 유지ㆍ관리 서비스업,2002-06-29,12월
(주)이오티앤디,EOTND,이오티앤디, ,서광희,기타법인,180111-0314459,605-81-36108,"서울특별시 강동구 천호대로 1111 (길동, 정우빌딩)  6층",eotnd.kt,,기타 사업지원 서비스업,2004-08-03,12월
(주)이온누리닷컴,"onnuri travel co.,ltd",이온누리닷컴, ,김학영,기타법인,110111-1363540,101-81-46477,서울특별시 강남구 역삼동 820-10 글라스타워 6층,www.e-onnuri.com,,여행사업,1997-01-13,12월
(주)이은주택,leeun,이은주택, ,양동심,기타법인,200111-0220099,410-86-00540,광주광역시 남구 봉선동109-8,ler9987@daum.net,,임대업; 부동산 제외,2011-10-24,12월
(주)이즈피엠피,"Ezpmp Co.,Ltd.",이즈피엠피, ,"한신자, 최학찬",기타법인,110111-2794356,114-86-28276,"서울특별시 서초구 남부순환로 2465 (서초동, 혜준빌딩) 2-6층",www.ezpmp.co.kr/,,"전시, 컨벤션 및 행사 대행업",2003-06-04,12월
(주)이지네트웍스,"easyrental, Inc.",이지네트웍스, ,박관병,기타법인,110111-1993842,109-81-64708,"서울특별시 구로구 디지털로 288 (구로동, 대륭포스트타워1차) 1408호",www.easyrental.co.kr,,컴퓨터 및 사무용 기계ㆍ장비 임대업,2000-06-12,12월
이지다큐플러스 주식회사,"ez-docuplus co., ltd.",이지다큐플러스, ,최성문,기타법인,110111-4916619,107-87-75574,"서울특별시 영등포구 의사당대로1길 25 902(여의도동,하남빌딩)", ,,사업지원 서비스업,2012-07-13,04월
(주)이지앤드아이오,EG&IO,이지앤드아이오, ,이정식,기타법인,110111-3439430,214-87-88493,"서울특별시 송파구 송파대로 167 B동 720,721,722호(문정동, 문정역테라타워)",www.egio.co.kr/,,"전시, 컨벤션 및 행사 대행업",2006-04-20,12월
주식회사 이지오스,eGIOS Inc.,이지오스, ,신인수,기타법인,110111-1732406,120-81-91672,서울특별시 중구 을지로4가 310-68 삼풍빌딩6층,www.egios.com,,콜센터 및 텔레마케팅 서비스업,1999-07-10,12월
주식회사 이지위드,EASYWITH,이지위드, ,양정하,기타법인,110111-3471044,109-86-03332,"서울특별시 강남구 학동로 175 (논현동, 미디어센타) 8층",easywith.com/,,"전시, 컨벤션 및 행사 대행업",2006-06-08,12월
(주)이지테크,EG TECH CORPORATION,이지테크, ,고근수,기타법인,164211-0007151,416-81-38170,전라남도 광양시 마장1길 5-3 2층 (중동),www.egtech.co.kr,,사업시설 유지ㆍ관리 서비스업,2000-12-22,12월
이진산업주식회사,ejinlift,이진산업, ,이병철,기타법인,110111-3155416,117-81-53328,"서울특별시 양천구 오목로50길 23 201호(신정동, 문창오피스텔)", ,,건설 및 토목공사용 기계ㆍ장비 임대업,2005-01-20,12월
이천메디컬센터 (주),Icheon Medical Center Co.,이천메디컬센터, ,윤길호,기타법인,160111-0437718,110-87-00517,대전광역시 서구 문정로48번길 48 (탄방동), ,,사업시설 유지ㆍ관리 서비스업,2016-10-10,12월
이케이맨파워(주),"EKMANPOWER CO.,Ltd.",이케이맨파워, ,김동규,기타법인,110111-0728373,120-81-17013,서울특별시 강남구 대치동 997-8 동국빌딩 5층,ekmanpower.co.kr,,인력 공급업,1990-11-01,12월
이큐티파트너스코리아 주식회사,"EQT Partners Korea Co., Ltd.",이큐티파트너스코리아, ,서상준,기타법인,110111-8167854,191-88-02262,"서울특별시 중구 을지로5길 26 (수하동, 미래에셋센터원(MiraeAssetCENTER1))", ,,그 외 기타 분류 안된 사업지원 서비스업,2022-01-14,12월
(주)이티엠,"ETM Co.,Ltd.",이티엠, ,박찬영,기타법인,110111-4536558,206-86-50757,"서울특별시 성동구 성수이로 90 (성수동2가, 기산전자사옥) 덕수빌딩5층 (주)이티엠",www.e-tm.co.kr,,사업시설 유지ㆍ관리 서비스업,2011-02-16,12월
(주)이피엠네트워크,EPMNETWORKS,이피엠네트워크, ,이재찬,기타법인,110111-3922683,206-86-25961,"서울특별시 광진구 능동로 352-1 (중곡동, 장안빌딩) 2층", ,,그 외 기타 분류 안된 사업지원 서비스업,2008-06-26,12월
익산문화관리(주),IKSANMUNWH,익산문화관리, ,조성규,기타법인,134411-0051168,126-86-50301,경기도 이천시 부발읍 경충대로 2042-1, ,,임대업; 부동산 제외,2012-03-15,12월
익산지킴이(주),Ik-San Jikimi,익산지킴이, ,최준호,기타법인,200111-0308556,410-86-44683,"서울특별시 서초구 남부순환로 2583 (서초동, 서희타워) 17층", ,,사업시설 유지ㆍ관리 서비스업,2010-11-26,12월
주식회사 익스피디아코리아,"Expedia Korea Co., Ltd.",익스피디아코리아, ,로버트존뒬락,기타법인,110111-3891367,101-86-39710,"서울특별시 종로구 종로5길 7 9층(청진동, Tower8)", ,,기타 여행 보조 및 예약 서비스업,2014-02-06,12월
인덕종합관리(주),induck,인덕종합관리, ,손성기,기타법인,110111-1168627,210-81-19648,서울특별시 도봉구 마들로 664-5 (도봉동) 601호, ,,건축물 일반 청소업,1995-06-19,12월
인동종합관리주식회사,INDONG MANAGEMENT COMPLEX CO.LTD.,인동종합관리, ,이화수,기타법인,110111-4806638,217-81-36920,서울특별시 노원구 중계로 90 (중계동), ,,사업시설 유지ㆍ관리 서비스업,2012-03-06,12월
(주)인사이드잡,INSIDEJOB.CO.LTD,인사이드잡, ,최윤석,기타법인,110111-2869513,220-86-71971,"서울특별시 강남구 강남대로 340 (역삼동, 경원빌딩) 8층",www.insidejob.co.kr/inside/index.jsp,,상용 인력 공급 및 인사관리 서비스업,2003-10-01,12월
인사이어티 주식회사,enciety,인사이어티, ,유승무,기타법인,285011-0508206,591-86-02658,경기도 파주시 고봉로 755-27 (상지석동) 가동 b01층 p34호,purokorea.com/,,사업시설 유지ㆍ관리 서비스업,2022-06-21,12월
주식회사 인성종합관리,-,인성종합관리, ,최영임,기타법인,120111-0444092,131-86-04420,인천광역시 미추홀구 인하로367번길 16 3층 301호(주안동), ,,사업지원 서비스업,2007-09-12,12월
인셋 주식회사,INSET,인셋, ,장지영,기타법인,110111-5274991,107-88-07210,"서울특별시 영등포구 여의대로 8 (여의도동, 여의도파크센터) A동 502호", ,,사업시설 관리 및 조경 서비스업,2013-11-22,12월
(주)인스펌,INSFIRM,인스펌, ,박은지,기타법인,110111-6171815,404-88-00501,"서울특별시 서초구 남부순환로 2433-7 5층 (서초동, 서전빌딩)", ,,사업시설 유지ㆍ관리 서비스업,2016-09-07,12월
인앤인주택관리주식회사,"INANDIN HOUSING management Co., Ltd",인앤인주택관리, ,정수안,기타법인,110111-5756767,893-87-00117,서울특별시 마포구 마포대로14길 19-1 302호(공덕동), ,,경비 및 경호 서비스업,2015-06-23,12월
인주이앤이(주),"INJOO E&E Co., Ltd.",인주이앤이, ,정진서,기타법인,110111-0026686,101-81-01354,서울특별시 중구 퇴계로18길 14 (남산동1가), ,,그 외 기타 분류 안된 사업지원 서비스업,1953-02-04,12월
인지어스 유한회사 ,Ingeus Co. LTD,인지어스, ,잭소이어,기타법인,110114-0075918,214-88-31153,"서울특별시 강남구 선릉로 433 (역삼동, 세방빌딩) 7층",ingeus.co.kr,,고용 알선업,2008-08-19,06월
인천공항운영서비스 주식회사,incheon airport operation services,인천공항운영서비스, ,김필연,기타법인,120111-0979221,847-87-01296,"인천광역시 중구 공항로424번길 84 7층(운서동, 인하국제의료센터)", ,,그 외 기타 분류 안된 사업지원 서비스업,2019-01-22,12월
인천국제공항보안 주식회사 ,"Incheon International Airport Security Co., Ltd.",인천국제공항보안, ,백정선,기타법인,120111-1056408,172-87-01571,"인천광역시 중구 공항로424번길 84 (운서동, 인하국제의료센터) 8층", ,,경비 및 경호 서비스업,2020-03-04,12월
인천메트로서비스 주식회사,Incheon Metro Service Corp,인천메트로서비스, ,강도희,기타법인,120111-1168310,311-88-02323,"인천광역시 남동구 경인로 764 (간석동, 이화빌딩) 3층",www.imetroservice.co.kr/,,사업시설 유지ㆍ관리 서비스업,2021-07-30,12월
인천보람교육(주),Incheon boram education,인천보람교육, ,홍낭기,기타법인,110111-4607490,101-86-63772,서울특별시 종로구 신문로1가 금호아시아나본관 건축, ,,사업시설 유지ㆍ관리 서비스업,2011-05-23,12월
인천스마트시티(주),"Incheonucity Co., Ltd.",인천스마트시티, ,성기욱,기타법인,120111-0612821,131-86-37839,"인천광역시 연수구 아트센터대로 175 문화동 4층(송도동, 지타워)",www.ismartcity.co.kr,,그 외 기타 분류 안된 사업지원 서비스업,2012-05-24,12월
주식회사 인천스마트에너지,"Incheon Smart Energy Co., Ltd",인천스마트에너지, ,차영일,기타법인,120111-1365966,519-88-02984,인천광역시 서구 봉수대로183번길 12-1 201호, ,,기타 산업용 기계 및 장비 임대업,2024-02-23,12월
주식회사 인천항보안공사,INCHEON PORT SECURITY.CO,인천항보안공사, ,류국형,기타법인,120111-0449406,121-81-88151,"인천광역시 중구 서해대로 365 (항동7가, 국립인천검역소,인천항보안공사) 인천항보안공사", ,,경비 및 경호 서비스업,2007-11-20,12월
인케이코리아 주식회사,INK KOREA,인케이코리아, ,김주리,기타법인,110111-7173521,735-88-01312,"서울특별시 강남구 삼성로 573 (삼성동, 성원빌딩) 302-3호", ,,그 외 기타 분류 안된 사업지원 서비스업,2019-07-16,12월
인크루트 주식회사,INCRUIT,인크루트, ,서미영,기타법인,110111-6828929,320-87-01210,"서울특별시 종로구 북촌로 104 (계동, 계동빌딩) 2,3층",https://www.incruit.com/,,"전시, 컨벤션 및 행사 대행업",2018-08-01,12월
인터내셔날에스오에스코리아(주),International SOS Korea Ltd.,인터내셔날에스오에스코리아, ,마크아타웨이,기타법인,110111-0837702,106-81-39928,서울특별시 송파구 백제고분로 69 애플타워 15층 (잠실동), ,,여행사업,1992-08-01,06월
주식회사 인터내셔널패스앤커머스,international pass & commerce,인터내셔널패스앤커머스, ,성기철,기타법인,110111-3080613,106-86-31066,서울특별시 중구 봉래동2가 한국철도공사 서울사옥 8층,www.ktxfamily.com,,그 외 기타 분류 안된 사업지원 서비스업,2004-09-07,12월
(주)인터비즈시스템,InterbizSystem,인터비즈시스템, ,이동환,기타법인,110111-0666664,116-81-41019,"서울특별시 영등포구 은행로 30 601호(여의도동, 중소기업중앙회)",www.inter-biz.co.kr,,기타 사무지원 서비스업,1989-12-28,12월
(주)인터알리아,INTERALIA,인터알리아, ,김종길,기타법인,110111-2196768,114-86-21104,서울특별시 강남구 삼성동 147-17 레베쌍트빌딩 지하1층, ,,그 외 기타 분류 안된 사업지원 서비스업,2001-03-20,12월
인터코리아맨파워시스템(주),Inter Korea Manpower System,인터코리아맨파워시스템, ,양무승,기타법인,110111-1552862,202-81-61510,서울특별시 중구 무교동 95.어린이재단빌딩 801호, ,,인력 공급업,1998-06-05,12월
(주)인터파크투어,INTERPARKTOUR CORPORATION,인터파크투어, ,박진영,기타법인,110111-3573618,214-87-98900,서울특별시 서초구 서초동 1304-3 남서울빌딩, ,,여행사업,2006-12-01,12월
인터퍼시픽 주식회사,Inter Pacific Investment Corp.,인터퍼시픽, ,이준일,기타법인,110111-1842502,120-81-97486,서울특별시 강남구 논현동 277-27 경복빌딩 302호, ,,그 외 기타 분류 안된 사업지원 서비스업,2000-01-05,12월
인터프로셀(주),INTERPROSEL CO.LTD,인터프로셀, ,김영호,기타법인,110111-0994338,116-81-50099,"서울특별시 구로구 디지털로33길 11 (구로동, 에이스테크노타워8차) 904호",www.interprosl.co.kr,,상용 인력 공급 및 인사관리 서비스업,1993-12-20,12월
주식회사 인텍,Intech,인텍, ,김흥섭,기타법인,170111-0386145,504-81-83517,대구광역시 북구 학정로106길 15 (학정동) 명보빌딩 4층, ,,상용 인력 공급 및 인사관리 서비스업,2009-09-09,12월
인트로맨(주),Introman,인트로맨, ,고은희,기타법인,110111-1168073,113-81-34289,"서울특별시 성동구 연무장5가길 7 더블유 13층 (성수동2가, 성수역현대테라스타워)",www.introman.co.kr,,상용 인력 공급 및 인사관리 서비스업,1995-06-20,12월
주식회사 인푸드웰,INFOODWELL,인푸드웰, ,이태호,기타법인,110111-6731776,598-87-00959,"서울특별시 영등포구 국제금융로8길 34 (여의도동, 오륜빌딩)", ,,상용 인력 공급 및 인사관리 서비스업,2018-10-15,12월
주식회사 인푸드웰스,INFOODWELLS,인푸드웰스, ,이태호,기타법인,110111-6724713,496-88-01135,"서울특별시 영등포구 국제금융로8길 34 (여의도동, 오륜빌딩)", ,,상용 인력 공급 및 인사관리 서비스업,2018-04-18,12월
인프라커뮤니케이션즈(주),"Infracommunications Co.,Ltd.",인프라커뮤니케이션즈, ,김상돈,기타법인,110111-6478873,692-88-00753,"서울특별시 관악구 보라매로3길 23 (봉천동, 대교빌딩) 14층",www.infracomms.co.kr,,그 외 기타 사업지원 서비스업,2017-08-03,12월
주식회사 인프로,INPRO,인프로, ,정민철,기타법인,131111-0239226,129-86-37568,"경기도 성남시 분당구 탄천상로 164 (구미동, 시그마2오피스텔) B동 822호", ,,상용 인력 공급 및 인사관리 서비스업,2009-10-01,12월
(주)인하그린씨앤씨,inhagreenc&c,인하그린씨앤씨, ,박기수,기타법인,120111-0597586,137-86-18261,인천광역시 서구 가남로 435-1 (가정동),inha0661@naver.com,,건축물 일반 청소업,2012-12-29,12월
주식회사 일사천리,ilsacheonri Inc.,일사천리, ,김창민,기타법인,130111-0054253,124-81-64880,경기도 수원시 권선구 경수대로 330 (권선동) 3층 일사천리, ,,상용 인력 공급 및 인사관리 서비스업,1999-08-16,12월
(주)일성티엔씨,ILSUNGTNC,일성티엔씨, ,이규표,기타법인,110111-3826497,120-87-24781,"서울특별시 광진구 광나루로56길 85 (구의동, 테크노-마트21) 1301호", ,,여행사업,2008-02-22,12월
일진푸드(주),"ILJINFOOD CO.,LTD.",일진푸드, ,조범래,기타법인,180111-0634401,603-81-69127,부산광역시 사하구 다대로 210 (장림동), ,,포장 및 충전업,2008-07-01,12월
(주)임창정,YESIM,임창정, ,임창정,기타법인,110111-5936434,554-86-00331,경기도 파주시 회동길 192 (문발동), ,,그 외 기타 사업지원 서비스업,2016-01-05,12월
주식회사 자란다,JARANDA INC.,자란다, ,장서정,기타법인,110111-6095536,779-81-00425,"서울특별시 강남구 테헤란로 152 (역삼동, 강남파이낸스센터) 40층, 엘구역",jaranda.kr,,고용 알선업,2016-06-20,12월
(주)자비스넷,xavisnet Inc,자비스넷, ,박주영,기타법인,110111-6623915,157-87-00724,"서울특별시 금천구 디지털로9길 46 (가산동, 이앤씨드림타워7차) 508호",www.xavisnet.com,,보안시스템 서비스업,2018-01-10,12월
(주)자유투어,"Freedom Travel Co., Ltd.",자유투어,046840,김희철,기타법인,110111-1099153,213-81-97186,"서울특별시 중구 남대문로 117 동아빌딩 (다동) 13,14층",www.jautour.com,,여행사업,1994-11-07,12월
자이서비스(주),xiservice,자이서비스, ,함대웅,기타법인,110111-3141720,214-87-64017,서울특별시 강서구 양천로 401 (가양동) 강서한강자이타워 A동 8층, ,,사업시설 유지ㆍ관리 서비스업,2005-01-03,12월
자이에너지운영주식회사,"Zeit O&M CO., LTD.",자이에너지운영, ,박승범,기타법인,110111-3945338,101-86-41477,"서울특별시 중구 남대문로9길 40 (다동, 센터플레이스(CenterPlace)) 5층",www.zeitonm.com,,사업시설 유지ㆍ관리 서비스업,2008-07-31,12월
자이온 (주),"Zion Co.,Ltd",자이온, ,이인호,기타법인,131111-0192458,129-86-12285,경기도 군포시 산본동 1142-2 산본대우디오플러스 610, ,,그 외 기타 분류 안된 사업지원 서비스업,2007-08-07,12월
자인건영주식회사,"zain co.,LTD",자인건영, ,이종열,기타법인,110111-3337882,211-87-73216,서울특별시 강남구 논현동 115-25, ,,산업용 기계 및 장비 임대업,2005-11-08,12월
(주)잡모아,jobmoa,잡모아, ,박문순,기타법인,110111-0407852,117-81-00272,"서울특별시 양천구 오목로 180 (신정동, 평화빌딩) 4층, 5층",www.jobmoa.com/,,고용 알선업,1985-10-05,12월
주식회사 잡스테이션,JOBSTATION,잡스테이션, ,정진원,기타법인,150111-0153449,301-86-13867,충청북도 청주시 흥덕구 대신로10번길 5-8 (복대동),www.jobstation.co.kr,,상용 인력 공급 및 인사관리 서비스업,2011-11-10,12월
(주)잡위드,"Jobwith. Co., Ltd.",잡위드, ,임승우,기타법인,110111-3500794,220-87-33595,"서울특별시 강남구 강남대로62길 31 4층(역삼동, 예원빌딩)",www.jobwith.co.kr,,상용 인력 공급 및 인사관리 서비스업,2006-08-10,12월
(주)잡플러스,"JOB PLUS CO., LTD",잡플러스, ,최희용,기타법인,110111-3596967,113-86-10389,서울특별시 광진구 광나루로15길 7-4 (군자동),www.job-plus.co.kr,,고용 알선업,2007-01-10,12월
주식회사 장남,JANGNAM,장남, ,임헌경,기타법인,164711-0015667,307-81-25124,"세종특별자치시 연기면 문암신촌길 33-15 (눌왕리, 세종시주민생계조합)", ,,사업시설 관리 및 조경 서비스업,2006-10-20,12월
(주)장백산업기계,"JANGBAEK INDUSTRIAL MACHINERY CO.,LTD.",장백산업기계, ,김정은,기타법인,110111-1446924,110-81-37900,경기도 안성시 공도읍 신두만곡로 20,www.rentaljb.co.kr,,산업용 기계 및 장비 임대업,1997-07-31,12월
주식회사장생개발,-,장생개발, ,이정희,기타법인,110111-0562888,211-81-82936,서울특별시 중구 남대문로5가,-,,여행사업,1988-02-19,12월
(주)장원렌트카,"Jang Won Rental Co.,Ltd",장원렌트카, ,"이해근, 황인자",기타법인,110111-1736375,120-81-96740,서울특별시 강남구 삼성동 1-4,-,,자동차 임대업,1999-12-15,12월
주식회사 장천,jang cheon,장천, ,하경숙,기타법인,180111-0377754,617-81-35738,"부산광역시 해운대구 센텀북대로 60 (재송동, 센텀아이에스타워) 1002호", ,,사업시설 유지ㆍ관리 서비스업,2001-09-18,12월
주식회사 장풍,"JANGPUNG Co.,Ltd",장풍, ,김대숙,기타법인,194211-0008898,609-81-14159,경상남도 창원시 의창구 용동로 87 호영아너스빌딩 5층(사림동),www.jangpung.co.kr,,사업지원 서비스업,1992-04-13,12월
(주)장풍아도르,JANGPUNG,장풍아도르, ,서정용,기타법인,110111-4775750,214-88-91748,서울특별시 서초구 강남대로 202 4층(양재동), ,,사업시설 유지ㆍ관리 서비스업,2012-01-13,12월
장풍에치알,JANGPUNG HR,장풍에치알, ,손병종,기타법인,110111-1377020,106-81-66158,서울특별시 서초구 강남대로 202 모산빌딩 4층(양재동), ,,건축물 일반 청소업,1997-02-13,12월
장흥친환경(주),"Jangheung eco Co.,Ltd.",장흥친환경, ,전병훈,기타법인,110111-3822776,211-88-07799,전라남도 장흥군 장흥읍 외평길 84 (평화리), ,,사업시설 유지ㆍ관리 서비스업,2008-01-14,12월
재경렌트카 주식회사,JAEKYEONG RENTCAR,재경렌트카, ,유순희,기타법인,134811-0207581,124-87-08731,"경기도 수원시 권선구 곡반정로85번길 6-13 (곡반정동, 해피빌) 재경렌트카", ,,자동차 임대업,2011-02-18,12월
주식회사 재밋섬파크,"jamissum park co.,ltd.",재밋섬파크, ,이재성,기타법인,110111-5414183,120-88-12768,"제주특별자치도 제주시 중앙로14길 18 (삼도이동, 아카데미극장)",www.jamissum.com,,"전시, 컨벤션 및 행사 대행업",2014-05-16,12월
재인물산 주식회사,JAEIN PRODUCTS,재인물산, ,김영욱,기타법인,110111-3575408,214-88-00136,서울특별시 서초구 서초중앙로29길 16 (반포동) 4층, ,,상용 인력 공급 및 인사관리 서비스업,2006-12-26,12월
재인산업주식회사,JAEIN Industry,재인산업, ,장종구,기타법인,110111-2567589,114-86-20537,서울특별시 서초구 서초중앙로29길 16 3층(반포동), ,,임시 및 일용 인력 공급업,2002-07-25,12월
재인자산관리 주식회사,"JAEIN ASSET MANAGEMENT CO., LTD.",재인자산관리, ,최승삼,기타법인,110111-2836596,114-86-29858,"서울특별시 서초구 서초중앙로29길 12 2층(반포동, 화빌딩)", ,,상용 인력 공급 및 인사관리 서비스업,2003-09-01,12월
(주)전국관광,JungukTour Co.,전국관광, ,김종철,기타법인,110111-0629886,202-81-47497,서울특별시 용산구 한남동 110-1, ,,여행사업,1989-06-19,12월
주식회사 전국렌탈,Jun-kook Rental,전국렌탈, ,김효숙,기타법인,115911-0057482,128-81-63302,경기도 고양시 덕양구 해포길 160-23 전국렌탈(현천동),www.jkrental.co.kr/,,운송장비 임대업,2001-09-24,12월
전남기업(주),CHEONNAMENTERPRISE.CO.KR,전남기업, ,정남균,기타법인,200111-0023922,416-81-11337,전라남도 광양시 담안길 120 (태인동), ,,사업시설 유지ㆍ관리 서비스업,1990-10-15,12월
전북교육나눔터주식회사,"JeonbukNanumteo Co., Ltd.",전북교육나눔터, ,이진일,기타법인,210111-0054876,418-81-21923,전라북도 전주시 덕진구 우아동3가 748-16, ,,사업시설 유지ㆍ관리 서비스업,2007-01-30,12월
전북김제학교사랑(주),"jeonbukgimjehakgyosarang co.,ltd",전북김제학교사랑, ,김영길,기타법인,210111-0060237,418-81-25837,전라북도 전주시 덕진구 송천동1가 417, ,,사업시설 관리 및 조경 서비스업,2008-05-07,12월
전북꿈나눔터주식회사,JUNBUK DREAM-NANUMTER,전북꿈나눔터, ,이진일,기타법인,210111-0056822,418-81-23260,전라북도 전주시 덕진구 우아동3가 748-16, ,,사업시설 유지ㆍ관리 서비스업,2007-07-13,12월
전북동부학교관리(주),jeonbukdongbuhakgyo,전북동부학교관리, ,곽태용,기타법인,110111-3586025,214-88-02115,"광주광역시 서구 풍금로151번길 6-2 (금호동, 연수빌딩)", ,,사업시설 관리 및 조경 서비스업,2006-12-22,05월
전북서부학교관리(주),jeonbukseobuhakgyo,전북서부학교관리, ,윤도열,기타법인,110111-3586166,214-88-02662,경기도 용인시 기흥구 언남동 215-8, ,,사업시설 관리 및 조경 서비스업,2006-12-22,12월
전북제일학사(주),jeonbukjeilhaksa,전북제일학사, ,황윤주,기타법인,110111-3545584,101-86-26971,서울특별시 종로구 신문로1가 금호사옥빌딩환경팀, ,,사업시설 유지ㆍ관리 서비스업,2006-10-20,12월
정건안전 주식회사,jungkun safety corporation,정건안전, ,박진범,기타법인,110111-4006395,109-86-15798,서울특별시 강서구 강서로17길 25 601호 (화곡동), ,,임시 및 일용 인력 공급업,2008-11-28,12월
(주)정다운컴퍼니,Jungdaun company,정다운컴퍼니, ,김미현,기타법인,134511-0390605,644-87-01396,"서울특별시 송파구 올림픽로 99 (잠실동, 잠실엘스) 134-1603", ,,그 외 기타 분류 안된 사업지원 서비스업,2016-04-20,12월
(주)정범,jeongbum,정범, ,최하종,기타법인,201311-0047175,416-81-79512,"전라남도 순천시 해룡면 인덕로 300 (신성리, 현대하이스코)", ,,상용 인력 공급 및 인사관리 서비스업,2011-09-21,12월
정보가설(주),jungbogasul,정보가설, ,이광희,기타법인,134611-0040969,125-81-79144,경기도 안성시 삼죽면 용내길 98-16 (용월리), ,,건설 및 토목공사용 기계ㆍ장비 임대업,2009-01-21,12월
주식회사 정성디앤엠,JUNGSUNG D&M,정성디앤엠, ,"강신화, 이정연",기타법인,110111-1818090,107-81-73782,"서울특별시 용산구 원효로 40 (원효로4가, 강변삼성아파트) 상가3층", ,,건축물 일반 청소업,1999-11-29,12월
(주)정성이앤지,"jung sung eng co.,ltd",정성이앤지, ,"강신화, 정연욱",기타법인,110111-0638176,116-81-26963,서울특별시 용산구 원효로4가 강변삼성아파트 상가 2층, ,,사업시설 유지ㆍ관리 서비스업,1989-09-01,03월
정안투어주식회사,jungahn tour,정안투어, ,정재훈,기타법인,110111-4252972,109-86-21723,서울특별시 강서구 화곡동 1111-6 유림빌딩 5층, ,,여행사업,2009-12-31,12월
(주)정안티에스,jeongan total service,정안티에스, ,성낙범,기타법인,110111-1730674,229-81-39240,"서울특별시 서초구 방배중앙로 200 (방배동, 일등산업사옥) 퍼스트빌딩 3층", ,,사업시설 유지ㆍ관리 서비스업,1999-07-12,12월
정연코퍼레이션 주식회사,woojung h&c,정연코퍼레이션, ,장두희,기타법인,161511-0165097,312-86-64352,"충청남도 천안시 서북구 백석3로 130-14 (백석동, 오동도) 4층", ,,사업시설 유지ㆍ관리 서비스업,2014-04-03,12월
(주)정우이에프,"JUNGWOO EF Co.,Ltd.",정우이에프, ,유석영,기타법인,131311-0227475,259-88-01481,경기도 평택시 국제로 114 1동 301호 (신장동), ,,건축물 일반 청소업,2020-01-23,12월
정인해운(주),"JEONG IN SHIPPING CO.,LTD.",정인해운, ,손경이,기타법인,180111-0243202,604-81-36293,부산광역시 동구 초량3동 1196-2금호빌딩 8층,www.jisco-shipping.com,,기타 운송장비 임대업,1997-10-16,12월
주식회사 정직한컴퍼니,honesty company,정직한컴퍼니, ,장지훈,기타법인,131111-0689249,754-81-02502,"서울특별시 강남구 선릉로72길 20 ,1층 102호(대치동)", ,,그 외 기타 분류 안된 사업지원 서비스업,2022-11-29,12월
정진기업주식회사,Jeongjin,정진기업, ,김석중,기타법인,206411-0012254,416-81-27708,전라남도 광양시 백운로 1111 (중동), ,,상용 인력 공급 및 인사관리 서비스업,2000-05-23,12월
주식회사정풍시큐리티,JUNG PUNG SECURITY,정풍시큐리티, ,조상욱,기타법인,170111-0259029,502-81-73255,대구광역시 동구 송라로 66 2층(신천동), ,,경비 및 경호 서비스업,2003-12-22,12월
제8요일 주식회사,"THE EIGHTDAY Co.,Ltd.",제8요일, ,XU GUANHE,기타법인,220111-0101534,616-86-05385,"제주특별자치도 제주시 노연로 70 (연동, 명지빌딩) 4층", ,,기타 여행 보조 및 예약 서비스업,2013-04-25,12월
주식회사 제니엘,"ZENIEL.CO.,LTD",제니엘, ,박춘홍,기타법인,110111-1230715,214-81-98494,서울특별시 서초구 효령로 402 제니엘빌딩,www.zeniel.co.kr,,인력 공급업,1996-01-11,12월
(주)제니엘메디컬,"Zeniel Medical Co.,Ltd",제니엘메디컬, ,이창수,기타법인,110111-2955528,214-87-49409,서울특별시 서초구 서초대로 260 (서초동) 지하1층, ,,고용 알선업,2004-02-27,12월
(주)제니엘이노베이션,"Zenielinnovation co.,LTD.",제니엘이노베이션, ,홍원기,기타법인,110111-5019610,107-87-83884,"서울특별시 영등포구 당산로41길 11 (당산동4가, 당산SKV1center) 1402호", ,,고용 알선업,2012-12-10,12월
(주)제니엘휴먼,Zenielhuman,제니엘휴먼, ,정태훈,기타법인,110111-2715732,214-87-28646,"서울특별시 중구 칠패로 42 (봉래동1가, 우리빌딩) 303호",www.zenielhuman.co.kr/,,고용 알선업,2003-02-13,12월
제이경영컨설팅(주),"cheil management consulting co.,ltd",제이경영컨설팅, ,이용섭,기타법인,110111-2027195,114-86-01355,서울특별시 서초구 방배3동 1027-4 수암빌딩8층, ,,사업시설 유지ㆍ관리 서비스업,2000-07-14,12월
제이디씨파트너스 주식회사,JDC PARTNERS,제이디씨파트너스, ,김진덕,기타법인,220111-0177931,881-87-01092,"제주특별자치도 제주시 첨단로 213-4 (영평동, JDC엘리트빌딩)",www.jdcpartners.com,,상용 인력 공급 및 인사관리 서비스업,2018-06-28,12월
제이서해안고속도로(주),2nd Seohaean Expressway,제이서해안고속도로, ,최길대,기타법인,134111-0148375,138-81-37650,"경기도 화성시 마도면 평택시흥고속도로 21 (슬항리, 송산마도IC영업소)", ,,임대업; 부동산 제외,2006-12-06,12월
주식회사 제이세븐,"Jseven Co.,Ltd",제이세븐, ,정기범,기타법인,110111-4024678,215-87-21821,"서울특별시 송파구 중대로 134 (가락동, 부광아트빌딩) 6,7층",www.jseven.co.kr,,컴퓨터 및 사무용 기계ㆍ장비 임대업,2009-01-07,12월
(주)제이스에너지솔루션,JAS Energy Solution Inc.,제이스에너지솔루션, ,정대흠,기타법인,164811-0164818,741-88-02771,충청남도 천안시 서북구 성환읍 우신새터길 6 (우신리),www.jases.co.kr,,사업시설 유지ㆍ관리 서비스업,2023-07-20,12월
(주)제이앤비맨파워,JNBMANPOWER,제이앤비맨파워, ,박재완,기타법인,110111-1117054,114-81-62487,"서울특별시 영등포구 경인로 775 (문래동3가, 에이스하이테크시티) 2동 1503호",www.jnbmanpower.com,,고용알선 및 인력공급업,1995-01-09,12월
(주)제이앤비컨설팅,JNG CONSULTING,제이앤비컨설팅, ,이수연,기타법인,110111-1573719,114-81-85006,서울특별시 영등포구 문래동3가 에이스하이테크시티 2동 1501호,www.ijnb.com,,인력 공급업,1998-08-10,12월
주식회사 제이앤비티앤에스,JNBTNS,제이앤비티앤에스, ,이수연,기타법인,110111-2792102,114-86-28067,"서울특별시 영등포구 경인로 775 (문래동3가, 에이스하이테크시티) 2동 1503호", ,,상용 인력 공급 및 인사관리 서비스업,2003-06-03,12월
(주)제이앤솔로몬파트너,j&solomon partner,제이앤솔로몬파트너, ,정교순 외,기타법인,110111-2052150,120-86-47564,서울특별시 강남구 삼성동 157-8 엘지트윈텔 1차 809호, ,,그 외 기타 분류 안된 사업지원 서비스업,2003-01-24,12월
(주)제이앤엘휴먼스,JNL HUMANS,제이앤엘휴먼스, ,정효진,기타법인,110111-5544055,215-87-95565,"서울특별시 송파구 법원로11길 7 c동203호(문정동, 문정현대지식산업센터1-2)", ,,사업시설 유지ㆍ관리 서비스업,2014-10-27,12월
제이앤제이마린주식회사,"J&J MARINE.CO., LTD.",제이앤제이마린, ,박수현,기타법인,180111-1112224,226-81-52749,부산광역시 해운대구 센텀3로 26 3507호(우동), ,,기타 운송장비 임대업,2017-08-23,12월
제이앤제이파트너스 주식회사,"J&J Partners Co.,Ltd",제이앤제이파트너스, ,이태교 외 1인,기타법인,110111-2684820,220-86-54797,서울특별시 강남구 삼성동 162-2 엘슨빌딩 6층,www.JJ-partners.com,,그 외 기타 분류 안된 사업지원 서비스업,2003-01-02,12월
(주)제이앤케이디엔씨,"J&K DNC,.co.ltd",제이앤케이디엔씨, ,이인수,기타법인,135711-0112583,244-86-00394,서울특별시 노원구 덕릉로126길 33 2층(상계동),-,,그 외 기타 분류 안된 사업지원 서비스업,2016-05-16,12월
주식회사 제이앤피21,"J AND P 21.CO.,LTD ",제이앤피21, ,박인성,기타법인,110111-4194744,214-88-50276,"서울특별시 서초구 서초중앙로6길 17 2층 (서초동, 웰스빌딩)",www.jnp21.co.kr,,상용 인력 공급 및 인사관리 서비스업,2009-11-11,12월
주식회사 제이에스,-,제이에스, ,고권종,기타법인,220111-0074567,616-81-36786,"제주특별자치도 제주시 신대로22길 40 (연동, 벽강하이본타워) 201호",-,,경비 및 경호 서비스업,2001-10-29,12월
제이에스그룹,JSgroup,제이에스그룹, ,김명숙,기타법인,135811-0110478,124-86-27478,"서울특별시 송파구 양재대로62길 17 (가락동, 대원빌딩)402호", ,,건축물 일반 청소업,2004-12-22,12월
(주)제이에스씨밀레,JSSIMILE,제이에스씨밀레, ,이종순,기타법인,135511-0177680,140-81-19922,경기도 시흥시 마유로 226 C동 309호(정왕동), ,,사업시설 유지ㆍ관리 서비스업,2007-02-01,12월
(주)제이에스에이,JSA,제이에스에이, ,최조영,기타법인,160111-0217954,305-81-85960,대전광역시 동구 동대전로 295 (가양동) 203호(신도빌딩), ,,사업시설 유지ㆍ관리 서비스업,2007-01-18,12월
주식회사 제이에스엔쉬핑,"JSN Shipping Co., Ltd",제이에스엔쉬핑, ,김정호,기타법인,180111-1159151,688-87-01168,부산광역시 영도구 남항로16번길 18 (남항동2가), ,,기타 운송장비 임대업,2018-06-05,12월
제이에스엠인터내셔날 주식회사,JSM International Ltd.,제이에스엠인터내셔날, ,변재철,기타법인,180111-0188234,601-81-27311,"부산광역시 동구 중앙대로 263 301호 (초량동, 국제오피스텔)", ,,고용 알선업,1995-09-01,06월
(주)제이에이치맨파워,JHMANPOWER,제이에이치맨파워, ,김창식,기타법인,134611-0091582,644-81-00847,경기도 수원시 권선구 새터로 46 (세류동), ,,사업시설 유지ㆍ관리 서비스업,2018-05-31,12월
(주)제이에이치파트너,JHPARTNER,제이에이치파트너, ,이숙효,기타법인,145111-0017808,462-81-01002,"강원도 횡성군 횡성읍 청용길 15 (묵계리, 대상(주)종가집)", ,,사업시설 유지ㆍ관리 서비스업,2018-04-06,12월
주식회사제이엠신용정보,JM Credit Service,제이엠신용정보, ,김진호,기타법인,110111-3866071,108-81-83662,"서울특별시 서초구 방배로 56 (방배동, 위너스마당) 6층",www.jmcinfo.com,,신용 조사 및 추심 대행업,2008-03-24,12월
(주)제이엠프로,JMPRO Inc.,제이엠프로, ,김경철,기타법인,210111-0059272,402-81-78310,전라북도 전주시 완산구 중화산동2가 전주문화방송,www.jmpro.co.kr,,"전시, 컨벤션 및 행사 대행업",2008-02-25,12월
제이엠피코리아 (주),JMPKOREA,제이엠피코리아, ,노수열,기타법인,110111-2447666,211-87-09242,"서울특별시 영등포구 영신로 220 (영등포동8가, KnK디지털타워) 1301호",www.jmpkorea.co.kr,,상용 인력 공급 및 인사관리 서비스업,2002-02-16,12월
제이지산업(주),JG Industry CO. LTD.,제이지산업, ,이규필,기타법인,110111-4807975,212-81-99162,충청남도 아산시 인주면 서해로532번길 111-3, ,,산업용 기계 및 장비 임대업,2012-02-29,12월
제이충무주식회사,JEAICHUNGMU,제이충무, ,조재근,기타법인,194211-0180191,609-81-96447,경상남도 진해시 도만동 5번지, ,,사업시설 유지ㆍ관리 서비스업,2010-11-17,12월
주식회사 제이카,"J'car co., ltd.",제이카, ,강오순,기타법인,110111-6017712,179-88-00376,"광주광역시 북구 첨단과기로 123 기업지원센터 A동 116-2호 (오룡동, 광주과학기술원)", ,,자동차 임대업,2016-04-01,12월
(주)제이케이링커스,jklinkus,제이케이링커스, ,변종근,기타법인,110111-5621423,117-81-91360,"서울특별시 양천구 목동중앙북로7가길 61 4층 403호(목동, 목동RICHSQUARE)", ,,상용 인력 공급 및 인사관리 서비스업,2015-01-21,12월
주식회사 제이케이코리아,"JK KOREA CO., LTD.",제이케이코리아, ,조현정,기타법인,180111-1088186,830-86-00711,"부산광역시 부산진구 서면문화로 27 (부전동, 유원골든타워오피스텔)", ,,그 외 기타 분류 안된 사업지원 서비스업,2017-04-05,12월
주식회사 제이투비,-,제이투비, ,박보경,기타법인,134511-0262101,218-81-71764,"경기도 용인시 처인구 영문로 2 (유방동, HUMAX용인공장) 가동 3층", ,,사업지원 서비스업,2015-06-09,12월
(주)제이포엔터테인먼트,J4ENTERTAINMENT,제이포엔터테인먼트, ,이종필,기타법인,110111-3630369,114-86-57830,"서울특별시 서초구 강남대로99길 28 (잠원동, 새서울맨션) 비동 1층 102호",https://www.j4.co.kr/,,기타 산업용 기계 및 장비 임대업,2007-03-05,12월
주식회사 제이플러스,jplus,제이플러스, ,임언배,기타법인,110111-5206548,108-86-07975,전북특별자치도 군산시 공항로 90 (소룡동) 201호, ,,그 외 기타 분류 안된 사업지원 서비스업,2013-09-30,12월
제이피스 주식회사,JPS,제이피스, ,김서용,기타법인,110111-6758035,569-81-01166,서울특별시 성동구 한림말길 18 (옥수동), ,,상용 인력 공급 및 인사관리 서비스업,2018-05-31,12월
제일가설산업(주),"Jeil gaseol Co.,Ltd.",제일가설산업, ,김경찬,기타법인,174711-0014469,505-81-34042,"경상북도 영천시 북안면 대경로 2420 (반정리, 제일가설산업(주))", ,,건설 및 토목공사용 기계ㆍ장비 임대업,2002-07-13,12월
주식회사 제일렌트카,Korea First Rentcar. CO. LTD,제일렌트카, ,박태호,기타법인,110111-0827737,214-81-36218,서울특별시 중구 서소문로9길 41-10 (순화동)3층,www.jeilrentcar.co.kr,,자동차 임대업,1992-02-01,12월
제일비에스(주),"Jeilbs Co., Ltd.",제일비에스, ,김정현,기타법인,110111-3867152,220-87-65253,"서울특별시 서초구 논현로 171 (양재동, 제일빌딩)",www.jeilbmc.co.kr,,인력 공급업,2008-05-01,12월
(주)제일비엠시,jeilbmc,제일비엠시, ,김정현,기타법인,110111-1624398,108-81-17099,"서울특별시 서초구 논현로 171 (양재동, 제일빌딩)",jeilbmc.co.kr,,인력 공급업,1998-12-24,12월
주식회사제일씨앤씨,jeilcnc,제일씨앤씨, ,김민석,기타법인,180111-0599168,621-81-72125,부산광역시 북구 만덕대로 134 (덕천동) KT구포지점 2층, ,,그 외 기타 분류 안된 사업지원 서비스업,2007-07-01,12월
제일씨앤에스(주),JEILCNS,제일씨앤에스, ,차성호,기타법인,120111-0333766,131-81-83022,"인천광역시 남동구 선수촌공원로23번길 11 (구월동, 네이쳐프라자) 602호", ,,건축물 일반 청소업,2004-01-01,12월
제일에스피(주),jeilsp,제일에스피, ,김낙현,기타법인,110111-4544189,220-88-13844,"서울특별시 서초구 논현로 171 (양재동, 제일빌딩)",www.jeilbmc.co.kr,,상용 인력 공급 및 인사관리 서비스업,2011-03-01,12월
제일에쿼티파트너스 주식회사,"Jeil Equity Partners Co., Ltd.",제일에쿼티파트너스, ,임재헌,기타법인,110111-6394566,793-87-00646,서울특별시 강남구 테헤란로20길 18 2층(역삼동),-,,그 외 기타 분류 안된 사업지원 서비스업,2017-05-08,12월
제일엠앤이(주),"JEIL MANAGEMENT & ENGINEERING CO., LTD",제일엠앤이, ,"정정식, 이철준",기타법인,110111-4490887,220-88-09433,"서울특별시 강남구 테헤란로 309 (역삼동, 삼성제일빌딩) 1619호",www.jeilmne.com,,사업시설 유지ㆍ관리 서비스업,2010-12-17,12월
제일종합관리주식회사,"Cheil General Management Co., Ltd",제일종합관리, ,이정화,기타법인,110111-4402204,215-87-43596,"서울특별시 금천구 시흥대로 84 (시흥동, 윤빌딩) 301호", ,,사업시설 관리 및 조경 서비스업,2010-07-28,12월
제일종합관리서비스(주),"Jeil Total Management co.,ltd.",제일종합관리서비스, ,박재동,기타법인,110111-2086737,206-81-51751,"서울특별시 중구 을지로 100 (을지로2가, 파인에비뉴) 9층",www.jeiltm.co.kr,,경비 및 경호 서비스업,2000-10-10,12월
주식회사 제주국제컨벤션센터,"INTERNATIONAL CONVENTTION CENTER JEJU CO., LTD",제주국제컨벤션센터, ,이선화,기타법인,220111-0021823,616-81-20339,"제주특별자치도 서귀포시 중문관광로 224 (중문동, 제주국제컨벤션센터)",www.iccjeju.co.kr,,그 외 기타 분류 안된 사업지원 서비스업,1997-08-13,12월
주식회사 제주다움렌터카,JEJUEAUM ,제주다움렌터카, ,현대훈,기타법인,220111-0141027,381-87-00292,제주특별자치도 제주시 어영길 42 (용담삼동) 제주다움렌터카,www.daumrent.com,,자동차 임대업,2016-02-04,12월
제주렌트카주식회사,JEJURENTCAR,제주렌트카, ,한미경,기타법인,220111-0001627,616-81-01496,제주특별자치도 제주시 용문로 8 (용담이동),jejurentcar.co.kr,,자동차 임대업,1978-07-25,12월
제주스타렌탈,JEJU STAR RENTAL,제주스타렌탈, ,장호,기타법인,220111-0035113,616-81-36530,"서울특별시 양천구 목동동로 293 (목동, 현대41타워) 1801호",jejustar.co.kr,,자동차 임대업,2001-08-07,12월
주식회사 제주스타투어,JEJU STARTOUR,제주스타투어, ,장호,기타법인,110111-5368786,220-88-76475,"서울특별시 금천구 디지털로9길 68 (가산동, 대륭포스트타워5차) 11층 1108호",jejustar.co.kr/,,여행사업,2014-03-19,12월
(주)제주유레카,URECARJEJU,제주유레카, ,강동협,기타법인,220111-0172600,852-86-00986,제주특별자치도 제주시 어영길 20, ,,자동차 임대업,2018-02-14,12월
제주유명렌트카,jeju yumyeong rentcar,제주유명렌트카, ,고경필,기타법인,220111-0113521,616-86-17877,제주특별자치도 제주시 오일장중길 128 (도두이동) 제주로렌트카,ymrentcar@daum.net,,자동차 임대업,2014-06-20,12월
(주)제천,Jecheon,제천, ,원재석,기타법인,110111-6541852,572-86-00886,"서울특별시 강남구 영동대로 638 (삼성동, 삼보빌딩)", ,,여행사 및 기타 여행보조 서비스업,2018-01-02,12월
제트에프오버시즈 주식회사,ZF Overseas Inc.,제트에프오버시즈, ,김기홍,기타법인,110181-0018181,116-84-03786,"서울특별시 송파구 법원로11길 12 (문정동, 한양타워) 6층", ,,사업시설 관리 및 조경 서비스업,1994-01-26,12월
주식회사 제트카,JETCAR,제트카, ,임재형,기타법인,110111-5988584,814-81-00368,충청남도 금산군 복수면 대둔산로 934 (수영리), ,,자동차 임대업,2016-03-09,12월
주식회사 젠스타메이트,"GENSTAR Co., Ltd.",젠스타메이트, ,이명근,기타법인,110111-4885088,107-87-72470,"서울특별시 중구 을지로5길 16 (을지로2가, 삼화타워) 10층",www.mygenstar.com,,사업시설 유지ㆍ관리 서비스업,2012-05-22,12월
(주)젠인터네셔날,"Zen International Co.,LTD.",젠인터네셔날, ,장동선,기타법인,110111-5800704,357-86-00123,"서울특별시 영등포구 경인로 775 (문래동3가, 에이스하이테크시티)3층, 301호", ,,여행사업,2015-09-02,12월
주식회사 조블페이,"Joble pay Co., Ltd.",조블페이, ,서민석,기타법인,131411-0465677,645-81-02270,"경기도 안산시 단원구 고잔로 57-9 (고잔동, 아이즈빌II오피스텔)", ,,그 외 기타 분류 안된 사업지원 서비스업,2021-10-05,12월
주식회사 조블핀,JOBLEPIN,조블핀, ,서민석,기타법인,131411-0453599,468-86-01816,"경기도 안산시 단원구 고잔로 57-9 (고잔동, 아이즈빌II오피스텔)207호", ,,그 외 기타 분류 안된 사업지원 서비스업,2020-02-14,12월
조아렌트카(주),joarentcar,조아렌트카, ,권정환,기타법인,220111-0113571,616-86-17765,제주특별자치도 제주시 오일장서길 63 (도두일동), ,,자동차 임대업,2014-05-27,12월
조은관리시스템 주식회사,good management system.co.kr,조은관리시스템, ,김세아,기타법인,180111-1311355,832-87-01902,"부산광역시 사하구 다대로 339 (장림동, 극동정림아파트) 상가동 403호(3층)",100,,사업시설 유지ㆍ관리 서비스업,2020-09-01,12월
(주)조은세이프,Joeunsafe,조은세이프, ,이명근,기타법인,110111-3582370,107-86-85468,서울특별시 영등포구 선유로 70 우리벤쳐타운2 301호 (문래동3가),www.safe1.co.kr,,"경비, 경호 및 탐정업",2007-12-16,12월
(주)조은시스템,JOEUN SYSTEMS CO.,조은시스템, ,김승남,기타법인,110111-0915722,110-81-31570,서울특별시 영등포구 선유로 70 우리벤처타운투 9층 (문래동3가),www.joeun.com,,경비 및 경호 서비스업,1993-01-26,12월
주식회사 조이렌트카,JOY RENT A CAR,조이렌트카, ,최현석,기타법인,110111-1235674,106-81-58037,"서울특별시 중구 청계천로 100 (수표동, 시그니쳐타워)",www.joyrentcar.com,,자동차 임대업,1996-01-24,12월
조인핸즈네트워크 주식회사,"Join Hands Network Co., Ltd.",조인핸즈네트워크, ,김우일,기타법인,110111-7737822,572-87-02178,"서울특별시 구로구 디지털로26길 38 (구로동, G-SQUARE)", ,,인력 공급업,2021-01-05,12월
(주)조현시스템,johyunsystem,조현시스템, ,고득령,기타법인,134111-0411722,595-81-00486,"경기도 성남시 분당구 이매로 13 (이매동, 뉴선경프라자) 401호", ,,경비 및 경호 서비스업,2015-05-15,12월
(주)존앤존,ZONE & ZONE MANAGEMENT,존앤존, ,구대회,기타법인,121111-0057802,122-86-08534,인천광역시 미추홀구 경원대로 740 (주안동)광성빌딩 4층 403호, ,,건축물 일반 청소업,1997-08-21,12월
(주)좋은사람,GOOD MAN,좋은사람, ,유판종,기타법인,180111-0508490,606-81-90288,"부산광역시 해운대구 좌동순환로 310 (좌동, 성문종합학원) 9층", ,,사업지원 서비스업,2005-01-27,12월
주식회사좋은일컴퍼니,joeunilcompany,좋은일컴퍼니, ,이영진,기타법인,120111-0342478,121-81-66685,"경기도 부천시 신흥로 169 (중동, 미림프라자오피스텔) 4층",www.onejob.co.kr,,그 외 기타 분류 안된 사업지원 서비스업,2004-04-01,12월
주)신명인,shinmyungin,주)신명인, ,김동호,기타법인,110111-5690551,302-88-00073,"서울특별시 강서구 양천로62길 35 (등촌동, 영은빌딩) 2층", ,,사업지원 서비스업,2015-04-08,12월
주)인우홀딩스,INWOOHOLDINGS,주)인우홀딩스, ,이인자,기타법인,180111-0707555,617-81-83040,"부산광역시 해운대구 센텀2로 20 203호(우동, 센텀타워메디컬)","iwhds@naver,com",,임대업; 부동산 제외,2010-03-11,12월
주)토토부킹,totobooking,주)토토부킹, ,설광호,기타법인,110111-5076769,101-86-79949,"서울특별시 중구 세종대로21길 49 (태평로1가, 오양수산빌딩) 602호",www.monkeytraver.com,,여행사업,2013-04-01,12월
주)피앤피,P&P,주)피앤피, ,송명종,기타법인,285011-0335823,212-87-02859,"경기도 고양시 일산동구 중앙로 1171 3층 311호 (장항동, 현대프리젠트)", ,,인력 공급업,2023-01-01,12월
(주)주안디앤씨,juand&c,주안디앤씨, ,김재필,기타법인,170111-0366428,502-81-98412,대구광역시 동구 신천동 317-7 삼광빌딩 10층 1003호, ,,인력 공급업,2008-11-13,12월
(주)주영아이엔씨, ,주영아이엔씨, ,이철희,기타법인,110111-1224213,211-86-12492,서울특별시 강남구 논현동 248-5, ,,"산업설비, 운송장비 및 공공장소 청소업",1996-03-01,12월
(주)주원,"joowon co., LTD.",주원, ,정민철,기타법인,161511-0128392,312-86-26474,"충청남도 천안시 서북구 성정두정로 82 (두정동, 두정역펜타폴리스) 202호", ,,상용 인력 공급 및 인사관리 서비스업,2011-04-18,12월
(주)주원그린,jwgreen,주원그린, ,유정임,기타법인,110111-3470640,217-81-22028,"서울특별시 노원구 동일로237길 59 (상계동, 영컴퓨터학원)3층",(01613)서울특별시 노원구 동일로237길 59(상계동),,임시 및 일용 인력 공급업,2006-06-05,12월
중문비치카오카오주식회사,"JungmunbeachKaokao Co.,Ltd",중문비치카오카오, ,박상화,기타법인,224111-0018264,616-81-84347,제주특별자치도 서귀포시 중문관광로 154-17 (색달동), ,,사업시설 유지ㆍ관리 서비스업,2011-03-18,12월
중부발전서비스,komipo service,중부발전서비스, ,강석중,기타법인,164511-0031310,192-87-01032,충청남도 보령시 명천로4길 23 (명천동) 2층, ,,상용 인력 공급 및 인사관리 서비스업,2018-12-01,12월
중앙신용정보 주식회사,JOONGANGCREDIT,중앙신용정보, ,"박철수, 유권중",기타법인,110111-1741845,120-81-91745,서울특별시 동작구 신대방동 395-68 보라매나산스위트 19층, ,,신용 조사 및 추심 대행업,1999-07-26,12월
주식회사 중앙에너지,Jungang energy,중앙에너지, ,김학서,기타법인,120111-0472374,131-86-09667,경기도 김포시 양촌읍 김포대로1685번길 76,www.cscg.co.kr/,,그 외 기타 분류 안된 사업지원 서비스업,2008-09-01,12월
주식회사 중앙엠앤에이치,JOONGANG MERCHANDISE & HUMAN,중앙엠앤에이치, ,윤상철,기타법인,110111-3038175,214-87-55366,"서울특별시 강남구 역삼로 423 (대치동, 화남빌딩) 3층",www.joongang-human.co.kr,,상용 인력 공급 및 인사관리 서비스업,2004-06-26,12월
(주)중앙일보문화사업,Joongang Culture Media,중앙일보문화사업, ,양승용,기타법인,110111-1538408,110-81-39024,서울특별시 중구 순화동중앙일보사건물 L1층,culture.joins.com,,"전시, 컨벤션 및 행사 대행업",1998-04-23,12월
중앙일보미디어유통(주),JoongAng Ilbo Media Circulation,중앙일보미디어유통, ,함영해,기타법인,110111-1630361,110-81-40346,서울특별시 중구 순화동 중앙일보사건물, ,,포장 및 충전업,1999-01-08,12월
중앙일보어문연구소(주),JoongAng Ilbo Copyediting & Education Center,중앙일보어문연구소, ,홍종민,기타법인,110111-3142372,104-81-91404,서울특별시 중구 순화동중앙일보사건물 3층, ,,문서 작성 및 복사업,2005-01-03,12월
주식회사 중앙제이유엠피,JoongAng JUMP,중앙제이유엠피, ,이봉재,기타법인,110111-1611709,110-81-40083,"서울특별시 마포구 월드컵북로54길 11 (상암동, 전자회관) 303호",www.jjump.co.kr,,상용 인력 공급 및 인사관리 서비스업,1998-12-15,12월
주식회사 중앙컴퍼니,"JoongAng Company Co., Ltd.",중앙컴퍼니, ,문성민,기타법인,160111-0465975,323-81-00746,"대전광역시 서구 청사로 128 (월평동) 13, 14층", ,,콜센터 및 텔레마케팅 서비스업,2017-12-01,12월
중앙트래블서비스(주),"JoongAng Travel Service co.,Ltd.",중앙트래블서비스, ,장신태,기타법인,110111-1777402,104-81-47344,서울특별시 중구 순화동 중앙문화센터빌딩 1층,www.jtsnet.co.kr,,여행사업,1999-09-21,12월
중진공파트너스(주),"SBC Partners Co.,Ltd.",중진공파트너스, ,최천세,기타법인,191111-0081310,479-88-00922,경상남도 진주시 에나로77번길 6-20 (충무공동) 남도빌딩 403호,design2.sbcp9572.we-builder.co.kr/,,사업시설 유지ㆍ관리 서비스업,2018-07-01,12월
주식회사 중천디앤씨,"Joongcheon DNC CO.,LTD",중천디앤씨, ,이용숙,기타법인,110111-2638900,114-86-22743,서울특별시 강남구 도곡동 163번지,www.hanbangs.co.kr,,그 외 기타 분류 안된 사업지원 서비스업,2002-10-24,12월
주식회사 지디이,GDE Inc.,지디이, ,윤종열,기타법인,110111-3837577,206-86-22737,"경상북도 포항시 북구 흥해읍 영일만대로 493 (남송리, A-201호)", ,,산업용 기계 및 장비 임대업,2008-02-04,12월
(주)지마린서비스,"G-Marine Service Co., Ltd.",지마린서비스, ,권치오,기타법인,180111-0566133,602-81-40258,"부산광역시 동구 중앙대로 331 15층 (초량동, 메리츠화재)",www.gmarineservice.com,,그 외 기타 분류 안된 사업지원 서비스업,2006-09-01,12월
주식회사 지바이크,"G Bike Co.,Ltd",지바이크, ,윤종수,기타법인,131111-0489483,727-88-00869,"서울특별시 강남구 테헤란로4길 28 (역삼동, 송민빌딩) 12층",gbike.io/,,스포츠 및 레크리에이션 용품 임대업,2017-08-11,12월
지산주택(주),JI SAN JOO TECK,지산주택, ,한종덕,기타법인,181211-0016862,610-81-13688,울산광역시 남구 정동로 126 (삼산동) 버들빌딩2층, ,,상용 인력 공급 및 인사관리 서비스업,1991-10-20,12월
주식회사 지상인,G SANGIN,지상인, ,한미정,기타법인,110111-7966710,376-81-02506,"서울특별시 중구 명동길 58 (명동2가, 한송빌딩) 901호", ,,여행사업,2021-07-22,12월
주식회사 지수아이앤씨,JISUinc.,지수아이앤씨, ,윤경선,기타법인,110111-4186486,105-87-36385,"서울특별시 중구 서소문로 95 (서소문동, 정안빌딩) 9층",www.jisuinc.co.kr,,사업시설 유지ㆍ관리 서비스업,2009-09-24,12월
(주)지스클럽,JIS CLUB LTD,지스클럽, ,지준상,기타법인,110111-1224990,220-81-40508,서울특별시 서초구 서초동 1631-5,http://www.jisclub.com,,여행사업,1995-12-22,12월
주식회사 지씨에스,GCS Corp.,지씨에스, ,김태진,기타법인,140111-0033487,221-81-29369,강원도 춘천시 남산면 북한강변길 688, ,,사업시설 유지ㆍ관리 서비스업,2007-04-02,12월
(주)지알엔홀딩스,"GRN Holdings co.,ltd",지알엔홀딩스, ,유난주,기타법인,110111-2558702,220-86-42059,서울특별시 강남구 역삼동 835, ,,그 외 기타 분류 안된 사업지원 서비스업,2002-07-02,12월
지알이에스 주식회사,"GLOBAL RESOURCE ENGINEERING SERVICE CO.,LTD.",지알이에스, ,이용형,기타법인,110111-6042511,183-87-00378,서울특별시 강서구 양천로77길 21 (염창동), ,,그 외 기타 분류 안된 사업지원 서비스업,2016-04-25,12월
(주)지애드스포츠,"GAD SPORTS, INC.",지애드스포츠, ,"오봉서, 한도오안",기타법인,110111-7838076,851-88-02078,"서울특별시 서초구 사평대로 140 (반포동, 코웰빌딩) 6층",www.gad-sports.com,,"전시, 컨벤션 및 행사 대행업",2021-04-01,12월
(주)지앤디전자,"Z&D electronics  CO.,LTD.",지앤디전자, ,박춘홍,기타법인,110111-4586967,214-88-77203,서울특별시 서초구 서초대로 260 (서초동), ,,고용 알선업,2011-05-04,12월
(주)지앤비시스템,"G&B SYSTEM Co.,Ltd.",지앤비시스템, ,"채일웅, 박준길, 전승환",기타법인,110111-4914035,107-87-75235,"서울특별시 강서구 공항대로 165 (마곡동, 원그로브) C동 3층",www.gnbsystem.com/,,사업시설 유지ㆍ관리 서비스업,2012-07-11,12월
(주) 지앤비시스템,GNB SYSTEM,지앤비시스템, ,허찬,기타법인,110111-1794604,220-81-69048,"서울특별시 강남구 논현로 561 6층 (역삼동, 언주에스타워)", ,,사업시설 유지ㆍ관리 서비스업,1999-10-22,12월
지앤알개발주식회사,G & R Developement. co.,지앤알개발, ,천은,기타법인,110111-3801605,214-88-18994,서울특별시 서초구 서초동 1355-17 서초대우디오빌 606호, ,,기타 사무지원 서비스업,2007-12-10,12월
지앤지그래스 주식회사,GNGGRASS.Inc,지앤지그래스, ,조세도,기타법인,170111-0840589,343-81-02262,대구광역시 중구 달구벌대로 2109-18 흥국생명빌딩 6층(덕산동), ,,조경 관리 및 유지 서비스업,2021-10-18,12월
주식회사지앤지라인,GNGLINE,지앤지라인, ,김완수,기타법인,110111-3557951,220-87-39599,"서울특별시 강남구 강남대로 320 (역삼동, 황화빌딩) 7층 지앤지라인",www.gngline.com,,사업지원 서비스업,2006-11-09,12월
주식회사 지앤지라인,GNGLINE,지앤지라인, ,김완수,기타법인,110111-6588002,322-88-00854,"서울특별시 강남구 강남대로 320 (역삼동, 황화빌딩) 4층 402호",www.gngline.com,,상용 인력 공급 및 인사관리 서비스업,2017-12-05,12월
지에스안전(주),"GS Security Co., Ltd.",지에스안전, ,이재붕,기타법인,134111-0068507,123-81-50480,경기도 안양시 동안구 호계3동 974 한국통신3층,www.gssecurity.com,,보안시스템 서비스업,1999-09-20,12월
주식회사 지에스알홀딩스,GSR HOLDINGS INC.,지에스알홀딩스, ,김근호,기타법인,110111-4990796,264-81-05350,서울특별시 강남구 도산대로55길 16-6 (청담동) 솔루체빌딩 5층, ,,기타 사업지원 서비스업,2012-11-01,12월
(주)지에스텔레서비스,GS teleservice,지에스텔레서비스, ,이정선,기타법인,110111-2618192,119-81-60072,"서울특별시 강서구 양천로 366 (가양동, 미라클빌딩)",www.gstelesvc.com,,콜센터 및 텔레마케팅 서비스업,2002-10-01,12월
지에이치에스(주),G.H.S,지에이치에스, ,제해국,기타법인,180111-0465939,605-81-68726,"부산광역시 부산진구 중앙대로 786 (전포동, 에머랄드홈) 101-301호", ,,무형재산권 임대업,2004-10-20,12월
유한회사 지에프,God''s Foundation,지에프, ,김주호,기타법인,171714-0001760,506-81-73878,경상북도 경산시 남산면 대왕로 184-12 (우검리), ,,그 외 기타 분류 안된 사업지원 서비스업,2010-11-24,12월
주식회사 지에프메디텍,gfmeditec.ltd,지에프메디텍, ,신종헌,기타법인,170111-0822587,661-81-02234,대구광역시 수성구 수성못길 22 2층 (두산동), ,,사무지원 서비스업,2021-06-09,12월
지에프엠에스 주식회사,"GFMS Co.,Ltd",지에프엠에스, ,박종구,기타법인,134111-0014120,123-81-15329,서울특별시 서대문구 충정로2가 충정빌딩 7층,http://www.serviceall.co.kr/affilaiated/gfms/index,,사업시설 유지ㆍ관리 서비스업,1985-08-15,12월
(주)지엔로드투어,"gnroadtour Co.,Ltd.",지엔로드투어, ,이인숙,기타법인,110111-5037761,212-86-03171,"서울특별시 강남구 선릉로107길 3-4 (역삼동,운경빌딩)2층",www.gnroadtour.co.kr/,,여행사업,2013-01-07,12월
주식회사 지엔비,GOOD&BEST,지엔비, ,정성희,기타법인,284211-0061318,132-86-00558,경기도 성남시 수정구 신촌로 37 3층 (신촌동), ,,사업시설 유지ㆍ관리 서비스업,2011-09-21,12월
지엔씨미디어,GNC Media,지엔씨미디어, ,홍성일,기타법인,110111-2087107,105-86-17891,서울특별시 마포구 동교로 156-4 (서교동) 지엔씨미디어빌딩 2층,www.gncmedia.com,,"전시, 컨벤션 및 행사 대행업",2000-10-11,12월
(주)지엔에이,GNA,지엔에이, ,하재준,기타법인,110111-6606250,862-88-00653,서울특별시 강남구 봉은사로 322 (역삼동)Altwell빌딩 6층,www.gnacar.com/,,그 외 기타 사업지원 서비스업,2017-12-26,12월
(주)지엔텍홀딩스,"GENTECH HOLDINGS Co., Ltd.",지엔텍홀딩스,065410,정봉규,기타법인,174611-0009892,506-81-07984,서울특별시 강남구 역삼동 737 강남파이낸스센터 28층 ,www.gentechholdings.com,,사업시설 유지ㆍ관리 서비스업,1990-03-26,12월
지엘씨엔에스 주식회사,GL CnS,지엘씨엔에스, ,이귀로,기타법인,134511-0489143,123-88-01843,"경기도 용인시 기흥구 서천로201번길 14 (농서동, 프리미엄원희캐슬기흥서천)", ,,건축물 일반 청소업,2021-02-01,12월
지엘에스서비스 주식회사,GLS Service Corp.,지엘에스서비스, ,김성진,기타법인,110111-3532846,104-86-03550,"서울특별시 중구 퇴계로 10 (남대문로5가, GS역전타워)", ,,사업시설 유지ㆍ관리 서비스업,2006-09-22,12월
(주)지엘컴,GLCOM.CO.LTD,지엘컴, ,조중규,기타법인,281111-0105103,128-86-08828,서울특별시 마포구 홍익로5안길 36 (서교동), ,,"전시, 컨벤션 및 행사 대행업",2005-12-13,12월
(주)지엠네트웍스,"GMNETWORKS CO., LTD.",지엠네트웍스, ,이현찬,기타법인,180111-0995671,499-81-00174,"부산광역시 남구 수영로266번길 77 (대연동, 센트럴지엠빌딩)",www.gmnetworks.co.kr,,사업시설 유지ㆍ관리 서비스업,2015-10-05,12월
주식회사 지엠씨,GMC.INC,지엠씨, ,김영만,기타법인,134511-0072766,135-81-64430,경기도 용인시 기흥구 기흥단지로 406, ,,조경 관리 및 유지 서비스업,2003-07-29,12월
지엠에프비비씨이호 선박투자회사,GMF BBC NO.2 Ship Investment Company,지엠에프비비씨이호선박투자회사, ,이우송,기타법인,220111-0259002,278-81-03195,"제주특별자치도 제주시 연삼로 473 (이도이동, 경제통상진흥원)", ,,기타 운송장비 임대업,2023-10-04,12월
지엠에프비비씨일호 선박투자회사,GMF BBC NO.1 Ship Investment Company,지엠에프비비씨일호선박투자회사, ,이우송,기타법인,220111-0259028,384-86-03267,"제주특별자치도 제주시 연삼로 473 (이도이동, 경제통상진흥원)", ,,기타 운송장비 임대업,2023-10-04,12월
지엠에프십사호 선박투자회사,GMF NO.14 Ship Investment Company,지엠에프십사호선박투자회사, ,이우송,기타법인,220111-0266023,780-88-03246,"제주특별자치도 제주시 연삼로 473 (이도이동, 경제통상진흥원)", ,,기타 운송장비 임대업,2024-04-16,12월
지엠에프십삼호 선박투자회사,GMF NO.13 Ship Investment Company,지엠에프십삼호선박투자회사, ,이우송,기타법인,220111-0265497,440-81-03091,"제주특별자치도 제주시 연삼로 473 (이도이동, 경제통상진흥원)", ,,기타 운송장비 임대업,2024-04-03,12월
지엠에프십오호 선박투자회사,GMF NO.15 Ship Investment Company,지엠에프십오호선박투자회사, ,이우송,기타법인,220111-0268003,523-81-03362,"제주특별자치도 제주시 연삼로 473 (이도이동, 경제통상진흥원)", ,,기타 운송장비 임대업,2024-06-11,12월
지엠에프십육호 선박투자회사,GMF NO.16 Ship Investment Company,지엠에프십육호선박투자회사, ,이우송,기타법인,220111-0268011,867-86-03291,"제주특별자치도 제주시 연삼로 473 (이도이동, 경제통상진흥원)", ,,기타 운송장비 임대업,2024-06-11,12월
지엠에프십일호 선박투자회사,GMF NO.11 Ship Investment Company,지엠에프십일호선박투자회사, ,이우송,기타법인,220111-0263326,431-86-03321,"제주특별자치도 제주시 연삼로 473 (이도이동, 경제통상진흥원)", ,,기타 운송장비 임대업,2024-01-30,12월
지엠에프십칠호 선박투자회사,GMF NO.17 Ship Investment Company,지엠에프십칠호선박투자회사, ,이우송,기타법인,220111-0269514,706-87-02811,"제주특별자치도 제주시 연삼로 473 (이도이동, 경제통상진흥원)", ,,기타 운송장비 임대업,2024-07-24,12월
지엠에프십팔호 선박투자회사,GMF NO.18 Ship Investment Company,지엠에프십팔호선박투자회사, ,이우송,기타법인,220111-0271866,841-87-03087,"제주특별자치도 제주시 연삼로 473 (이도이동, 경제통상진흥원)", ,,기타 운송장비 임대업,2024-10-04,12월
지엠에프십호 선박투자회사,GMF NO.10 Ship Investment Company,지엠에프십호선박투자회사, ,이우송,기타법인,220111-0261510,337-87-03273,"제주특별자치도 제주시 연삼로 473 (이도이동, 경제통상진흥원)", ,,기타 운송장비 임대업,2023-12-11,12월
지엠에프육호 선박투자회사,GMF NO.6 Ship Investment Company,지엠에프육호선박투자회사, ,이우송,기타법인,220111-0251016,819-81-02978,"제주특별자치도 제주시 연삼로 473 (이도이동, 경제통상진흥원)", ,,기타 운송장비 임대업,2023-03-03,12월
(주)지엠컴,"GMCOM Co.,Ltd.",지엠컴, ,신정일,기타법인,110111-1964786,211-86-97773,"서울특별시 강남구 선릉로 535 (역삼동, 지엠컴빌딩)",www.gmcom.co.kr,,"전시, 컨벤션 및 행사 대행업",2000-05-10,12월
주식회사 지엠케이산업,"GMK INDUSTRY Co.,Ltd",지엠케이산업, ,정경찬,기타법인,284111-0272636,544-86-02405,경기도 남양주시 별내중앙로 26 (별내동) 10층 1002-A17호, ,,사무지원 서비스업,2021-10-27,12월
지역난방안전(주),"DISTRICT HEATING SAFETY Co., Ltd.",지역난방안전, ,박영진,기타법인,134511-0377588,216-81-18050,"경기도 용인시 수지구 광교중앙로 338 C동 C1013 (상현동, 광교우미뉴브)", ,,그 외 기타 분류 안된 사업지원 서비스업,2018-12-21,12월
지역난방플러스 주식회사,"District Heating Plus Co., Ltd",지역난방플러스, ,김진홍,기타법인,134511-0377570,506-86-01326,"경기도 용인시 수지구 광교중앙로 338 (상현동, 광교우미뉴브) A동 911호",dhplus.kr,,사업시설 유지ㆍ관리 서비스업,2018-12-21,12월
지오스탭로지스(주),geostaffslogis,지오스탭로지스, ,허준호,기타법인,110111-4064046,105-87-29429,"서울특별시 마포구 독막로 331 (도화동, 마스터즈타워빌딩)2409호", ,,고용 알선업,2009-03-20,12월
(주)지오시티에스,GIO Construction Total Service,지오시티에스, ,이남복,기타법인,110111-3023233,104-81-87759,서울특별시 중구 남대문로5가 대우센터빌딩 1209호,www.giocts.com,,기타 산업용 기계 및 장비 임대업,2004-06-02,12월
주식회사 지음기획,jiumsystem corporation,지음기획, ,남경태,기타법인,131111-0611929,579-81-01877,"경기도 하남시 신우실로 100 (감이동, 현대테라타워감일)7층 701호", ,,사업시설 관리 및 조경 서비스업,2020-11-23,12월
(주)지이,G.E,지이, ,김주호,기타법인,170111-0414566,502-86-07366,경상북도 경산시 남산면 대왕로 184-12 (우검리), ,,기타 사무지원 서비스업,2010-10-29,12월
주식회사 지인21,"JI IN 21 Co., Ltd",지인21, ,이승희,기타법인,110111-4734706,220-88-28328,"서울특별시 강남구 봉은사로 326 (역삼동, 남전빌딩) 8층", ,,사업시설 유지ㆍ관리 서비스업,2011-12-01,12월
(주)지컴,"Gcomm co.,ltd",지컴, ,최성식,기타법인,110111-1294240,214-86-07436,"서울특별시 서초구 서초대로 144 (방배동, 네오피스1)",www.gcomm.co.kr,,"전시, 컨벤션 및 행사 대행업",1996-07-10,12월
지케이엘위드 주식회사,GKLWITH,지케이엘위드, ,문태금,기타법인,110111-6911617,195-81-01209,"서울특별시 강남구 삼성로 603 4,5,6층(삼성동, 선산빌딩)",www.gklwith.co.kr/,,상용 인력 공급 및 인사관리 서비스업,2018-10-31,12월
지텍에이치,gtech-h,지텍에이치, ,김세철,기타법인,135811-0208752,124-87-30664,"경기도 수원시 영통구 영통로 237 (신동, 에이스하이엔드타워영통) 417호",www.gtech-h.co.kr/,,고용 알선업,2012-02-15,12월
주식회사 지피인더스트리,"GP Industry Co., Ltd",지피인더스트리, ,이관희,기타법인,230111-0343142,181-86-01879,울산광역시 울주군 두서면 활천산업1길 145-21 (활천리), ,,포장 및 충전업,2020-12-23,12월
(주)진광,Jinkwang lnc.,진광, ,김영진,기타법인,194211-0024076,609-81-28008,"경상남도 창원시 성산구 용지로 96 309호(중앙동, 하이페르)", ,,건축물 일반 청소업,1996-11-19,12월
(주)진명스탭스,JINMYUNGSTAFFS Co.Ltd.,진명스탭스, ,박종휘,기타법인,110111-1155624,118-81-11791,"서울특별시 종로구 새문안로3길 12 (신문로1가, 신문로빌딩) 6층",www.jinmyungs.co.kr,,사업시설 유지ㆍ관리 서비스업,1995-05-11,12월
(주)진방템프그룹,"JINBANG TEMPORARY SERVICE CO., LTD.",진방템프그룹, ,김선규,기타법인,110111-0640254,105-81-74728,서울특별시 마포구 염리동, ,,인력 공급업,1989-07-31,12월
(주)진성관리,jinsung management,진성관리, ,송석환,기타법인,110111-4744325,210-81-68042,서울특별시 도봉구 도봉로145길 8 (방학동) 2층, ,,건축물 일반 청소업,2017-07-18,12월
진양메인티넌스 주식회사,"JINYNGA MAINTENANCE CO.,Ltd",진양메인티넌스, ,정상원,기타법인,110111-0507016,214-81-62040,"서울특별시 서초구 반포대로 59 (서초동, 선흥빌딩)", ,,사업시설 유지ㆍ관리 서비스업,1986-09-30,12월
진영주식회사,"JINYOUNG CO.,LTD.",진영, ,강영태,기타법인,135711-0089518,126-86-53064,"경기도 하남시 신장동로 130 3층(신장동, SM빌딩)",www.jycfm.com,,상용 인력 공급 및 인사관리 서비스업,2012-06-08,12월
(주) 진오, ,진오, ,반광준,기타법인,170111-0048323,503-81-17765,대구광역시 달서구 성서공단로 167,.,,의류 임대업,1999-08-01,12월
주식회사 진은종합개발,"JINEUN GENERAL DEVELOPMENT CO., LTD.",진은종합개발, ,"진은은, 전명자",기타법인,110111-1054628,214-81-72801,"서울특별시 영등포구 양평로14길 4 3층 (당산동6가, 환희빌딩)", ,,상용 인력 공급 및 인사관리 서비스업,1994-08-01,12월
진천그린환경(주),"Jincheon green Co.,Ltd.",진천그린환경, ,신인수,기타법인,110111-3756636,211-88-03361,서울특별시 강남구 청담동 41-2, ,,사업시설 유지ㆍ관리 서비스업,2007-09-18,12월
진해로지스틱스 주식회사,"JINHAE LOGISTICS CO., LTD",진해로지스틱스, ,최재혁,기타법인,110111-4013605,107-87-15353,서울특별시 영등포구 여의도동 대영빌딩 1121, ,,기타 운송장비 임대업,2008-12-15,12월
참다운창조교육 주식회사,chamdaun,참다운창조교육, ,강진호,기타법인,110111-4353663,123-86-22524,경기도 안양시 만안구 석수동 241-43 안양블루몬테유스호스텔 본관4층, ,,사업시설 유지ㆍ관리 서비스업,2010-05-19,12월
(주)참신렌트카여행사,chamsin rent a car,참신렌트카여행사, ,이수근,기타법인,160111-0251689,314-86-03050,"대전광역시 서구 둔산중로 38 (둔산동, 둔산메트로존)",csrent.co.kr,,자동차 임대업,2009-02-01,12월
(주)참우리,chamwoori,참우리, ,정수근,기타법인,110111-6333382,476-86-00690,"서울특별시 노원구 동일로243길 49 6층(상계동, 씨에스빌딩)", ,,경비 및 경호 서비스업,2017-03-02,12월
참조은환경주식회사,ecobest. ltd,참조은환경, ,전경아,기타법인,110111-1227887,110-81-34072,서울특별시 마포구 월드컵북로 192 (성산동) 미소빌딩 4층, ,,사업시설 유지ㆍ관리 서비스업,1996-01-03,12월
참좋은여행(주),"Very Good Tour Co.,Ltd.",참좋은여행,094850,이종혁(대표이사),코스닥시장,110111-3624007,211-87-93420,"서울특별시 중구 서소문로 135 (서소문동, 연호빌딩)",www.verygoodtourcompany.com,,여행사 및 기타 여행보조 서비스업,2007-02-20,12월
참좋은여행주식회사,"VERYGOODTOUR.CO.,LTD.",참좋은여행, ,윤대승,기타법인,110111-1581556,211-86-45635,서울특별시 중구 서소문동 21-1 미스빌딩 11층,www.verygoodtour.com,,여행사업,1998-09-02,12월
(주)창건이앤씨,CHANGGUN E&C,창건이앤씨, ,한영균,기타법인,154311-0031415,301-86-19309,충청북도 진천군 이월면 진광로 946 (내촌리), ,,건설 및 토목공사용 기계ㆍ장비 임대업,2012-10-01,12월
주식회사 창스여행사,changs tour,창스여행사, ,CUI LONG,기타법인,110111-1417777,105-81-87316,"서울특별시 중구 남대문로7길 16 (소공동, 소공한국빌딩) 403", ,,여행사업,1997-06-02,12월
주식회사 채영앤지,CHAEYOUNG,채영앤지, ,이준호,기타법인,200111-0382617,410-86-84730,"서울특별시 금천구 디지털로9길 68 (가산동, 대륭포스트타워5차) 1109호", ,,자동차 임대업,2013-11-12,12월
(주)챔스,"CHAMPS CO.,Ltd",챔스, ,김재홍,기타법인,176011-0069250,513-81-62457,경상북도 구미시 야은로 535 (지산동) 2층 (주)챔스,cs2530.co.kr,,"경비, 경호 및 탐정업",2011-03-11,12월
(주)천계국제여행사,CHEONGYE INTERNATIONAL TRAVEL Co..Ltd.,천계국제여행사, ,김상기,기타법인,110111-5555458,107-88-34925,"서울특별시 영등포구 국제금융로 10 (여의도동, 서울국제금융센터) 19층", ,,여행사 및 기타 여행보조 서비스업,2014-11-04,12월
(주)천마,(Ju) Cheon ma,천마, ,허동찬,기타법인,194911-0000361,612-81-01494,경상남도 거제시 연초면 송정5길 8 (송정리), ,,자동차 임대업,1984-01-07,12월
천안도서마루 주식회사,"Cheon An Do Seo Ma Ru Co.,Ltd.",천안도서마루, ,김성호,기타법인,161511-0098925,312-81-99410,"대구광역시 동구 동대구로 489 16층 (신천동, 대구무역회관)", ,,사업시설 유지ㆍ관리 서비스업,2008-05-20,12월
(주)천조국제여행사,"QTInternational Travel Co.,Ltd",천조국제여행사, ,조재욱,기타법인,110111-6446531,778-81-00742,"서울특별시 영등포구 양평로22길 21 (양평동5가, 선유도코오롱디지털타워)A409호", ,,여행사업,2017-07-01,12월
주식회사 천조코퍼레이션,"CHUNJO CORPORATION CO.,LTD",천조코퍼레이션, ,김영후,기타법인,110111-4697839,215-87-59142,"서울특별시 강동구 천호대로 1111 (길동, 정우빌딩)9층",www.chunjo.com,,산업용 기계 및 장비 임대업,2011-10-06,12월
철도산업개발주식회사,"Korean Railroad Industry Development.,Ltd.",철도산업개발, ,민덕기,기타법인,110111-2989478,104-81-86954,서울특별시 중구 청파로 426 (봉래동2가), ,,사업시설 유지ㆍ관리 서비스업,2004-04-08,12월
주식회사 청담국제여행사,Cheongdam International Tour,청담국제여행사, ,김성,기타법인,110111-7857026,176-87-02155,서울특별시 중구 명동길 55 (명동1가) 태흥빌딩 806호,서울특별시 중구 명동길 55,,여행사업,2021-04-19,12월
청도개발(주),"cheongdo development Co., Ltd",청도개발, ,변재길,기타법인,150111-0240254,180-86-00824,"충청북도 청주시 서원구 사직대로 168 (사창동, 신라빌딩)4층", ,,기타 운송장비 임대업,2017-10-24,12월
청룡화랑주식회사,chungryonghwarang,청룡화랑, ,최익수,기타법인,110111-4168567,114-86-75497,서울특별시 서초구 잠원동 65-32, ,,사업시설 유지ㆍ관리 서비스업,2009-08-28,12월
주식회사 청명환경시스템,"Cheong Myeong Clean System Co.,Ltd.",청명환경시스템, ,최진웅,기타법인,164811-0080551,312-86-68057,충청남도 아산시 음봉면 음봉로447번길 35 (동암리),www.청명환경시스템.com,,"산업설비, 운송장비 및 공공장소 청소업",2014-07-10,12월
청송주식회사,Cheong Song co.,청송, ,윤기섭,기타법인,161311-0039593,308-81-42276,충청남도 논산시 연무읍 죽본2길 16, ,,상용 인력 공급 및 인사관리 서비스업,2014-07-01,12월
(주)청송씨앤유,cheongsong c&u,청송씨앤유, ,장은정,기타법인,110111-3991290,119-86-13399,서울특별시 관악구 관악로 251 (봉천동)  6층, ,,건축물 일반 청소업,2009-01-01,12월
주식회사 청송안전시스템,"Chungsong Security System co.,ltd",청송안전시스템, ,황일성,기타법인,131311-0024235,125-81-24877,경기도 평택시 성동로11번길 24, ,,경비 및 경호 서비스업,1998-02-04,12월
(주)청송안전씨스템,Cheong Song Safety System co.ltd,청송안전씨스템, ,박홍식,기타법인,120111-0147969,131-81-43689,"인천광역시 남동구 인주대로 670 (구월동, 인향콤비타워) 902호",cssm.co.kr,,경비 및 경호 서비스업,1997-02-25,12월
주식회사 청심,CHEONGSHIM.CO,청심, ,김현진,기타법인,110111-2582842,101-81-85238,서울특별시 종로구 당주동로얄빌딩1001호, ,,사업시설 유지ㆍ관리 서비스업,2002-08-06,12월
주식회사 청암,"CHUNG AM Co., Ltd.",청암, ,문지원,기타법인,121111-0320126,423-88-00458,경기도 용인시 처인구 양지면 새실로 93-3 (평창리), ,,사업시설 유지ㆍ관리 서비스업,2017-01-03,12월
청양해운 주식회사,"CHUNG YANG SHIPPING CO.,LTD.",청양해운, ,박종은,기타법인,180111-0952598,617-86-25900,"부산광역시 해운대구 APEC로 17 2302호 (우동, 센텀리더스마크)",www.cyship.co.kr,,기타 운송장비 임대업,2015-01-21,12월
(주)청영종합건설, ,청영종합건설, ,곽청훈,기타법인,110111-0891287,214-81-54201,서울특별시 서초구 서초동1534-5, ,,산업용 기계 및 장비 임대업,1992-09-22,03월
(주)청우티에스,"CHUNGWOOTS CO.,LTD.",청우티에스, ,이행호,기타법인,110111-2819089,101-81-96017,서울특별시 송파구 오금로 489 솔렌시아타워 7층(거여동), ,,사업시설 유지ㆍ관리 서비스업,2003-07-10,12월
주식회사 청운씨앤씨,CheongunC&C Corp.,청운씨앤씨, ,박성환,기타법인,134811-0390716,261-81-26583,"경기도 화성시 동탄문화센터로 38 413동 1501호(반송동, 솔빛마을서해그랑블아파트)", ,,사업시설 유지ㆍ관리 서비스업,2016-12-06,12월
(주)청원종합관리,chung won summarizing supervisional,청원종합관리, ,이평훈,기타법인,135011-0061643,134-81-32406,"경기도 안산시 상록구 광덕1로 370 401호(이동, 코로스프라자)", ,,사업시설 유지ㆍ관리 서비스업,1996-07-26,12월
(주)청인,"Cheong In Co., Ltd.",청인, ,김태진,기타법인,171711-0137686,746-86-00871,경상북도 포항시 남구 대이로63번길 4-2 (대잠동), ,,사업시설 유지ㆍ관리 서비스업,2018-02-02,12월
(주)청인에프엔에스,chung-in F&S,청인에프엔에스, ,임종상,기타법인,110111-3094135,106-86-32046,서울특별시 서초구 서초동 1357-45, ,,사업시설 유지ㆍ관리 서비스업,2004-10-27,12월
(주)청지기,cheongjiki,청지기, ,현인성,기타법인,134611-0010376,125-81-25333,경기도 안성시 개내교3길 5 (신건지동),무,,경비 및 경호 서비스업,1998-04-15,12월
주식회사 청천투어,"QINGTIAN CO.,LTD",청천투어, ,ZHAO YINLAN,기타법인,110111-6908698,105-88-16668,"서울특별시 중구 장충단로8길 42 2층 등기상2층 전부(건물표기 4층)(장충동1가, 수용빌딩)", ,,여행사업,2018-10-26,12월
청출람배움터주식회사,Chungchulrambaeumtoe co.ltd,청출람배움터, ,조운준,기타법인,110111-4332360,211-88-42739,경기도 김포시 봉화로 21 (사우동) 4층 다호, ,,사업시설 유지ㆍ관리 서비스업,2010-04-20,12월
청하종합개발(주),chungha total management consultant,청하종합개발, ,송준호,기타법인,170111-0232471,503-81-57660,대구광역시 달서구 선원로 272 (용산동) 3층, ,,사업시설 유지ㆍ관리 서비스업,2002-10-16,12월
청호개발,Chungho development,청호개발, ,소용섭,기타법인,110111-0716518,214-81-20598,"서울특별시 서초구 강남대로 483 1401호(반포동, 청호빌딩)", ,,사업시설 유지ㆍ관리 서비스업,1990-09-10,12월
청호국제,.,청호국제, ,김주휘,기타법인,110111-6926476,422-81-01377,"서울특별시 중구 남대문로7길 29 (소공동, 복창빌딩)602호", ,,여행사업,2018-11-15,12월
(주)체스넛,chestnut,체스넛, ,박정식,기타법인,110111-4057900,204-86-13421,"서울특별시 광진구 아차산로 197 (화양동, 동흥빌딩) 4층", ,,사업시설 유지ㆍ관리 서비스업,2009-03-11,12월
(주) 체스투어즈,CHESS TOURS,체스투어즈, ,김영규,기타법인,110111-1424508,209-81-19920,서울특별시 중구 장충동1가 31-7 봉우빌딩 4층, ,,여행사업,1997-06-10,12월
초록꿈미래학교 주식회사,"chorokkummirehakgyo Co,.Ltd",초록꿈미래학교, ,노주훈,기타법인,170111-0888365,274-81-03062,"대구광역시 남구 현충로 105 (대명동, 3층)", ,,사업시설 유지ㆍ관리 서비스업,2022-11-22,12월
주식회사 초록마을알에스,"ChorocmaeulRS Co., Ltd.",초록마을알에스, ,모진,기타법인,110111-3401025,105-86-89226,"서울특별시 중랑구 면목로 470 (상봉동, 대상빌딩)", ,,그 외 기타 분류 안된 사업지원 서비스업,2006-02-15,12월
초장배움터 주식회사,"Cho Jang Bae Um To.,Ltd.",초장배움터, ,김성호,기타법인,170111-0396235,502-86-03768,"대구광역시 동구 동대구로 489 16층 (신천동, 대구무역회관)", ,,사업시설 유지ㆍ관리 서비스업,2010-01-28,12월
(주)쵸이스맨파워,Choicemanpower,쵸이스맨파워, ,이태호,기타법인,110111-0927264,116-81-36554,"서울특별시 영등포구 국제금융로8길 34 (여의도동, 오륜빌딩)",https://www.choice-ms.co.kr,,상용 인력 공급 및 인사관리 서비스업,1993-03-15,12월
(주)쵸이스시스템,CHOICE SYSTEM,쵸이스시스템, ,이태호,기타법인,110111-1037963,116-81-36549,"서울특별시 영등포구 국제금융로8길 34 (여의도동, 오륜빌딩)", ,,상용 인력 공급 및 인사관리 서비스업,1994-05-27,12월
충남교육발전주식회사,Choongnamedu,충남교육발전, ,윤길호,기타법인,160111-0234015,314-81-94503,대전광역시 서구 문정로48번길 48 (탄방동), ,,사업시설 유지ㆍ관리 서비스업,2007-11-27,12월
충남대배움터 주식회사,chungnamdae-baeumteo,충남대배움터, ,장문혁,기타법인,120111-1394006,670-86-03305,"인천광역시 남동구 경인로 722 4층 402호(간석동, 남양빌딩)", ,,사업지원 서비스업,2024-07-01,12월
충남미래개발(주),"chungnam mirae development co.,ltd",충남미래개발, ,김성호,기타법인,170111-0311655,502-81-86162,"대구광역시 동구 동대구로 489 16층 (신천동, 대구무역회관)", ,,사업시설 유지ㆍ관리 서비스업,2006-06-14,12월
주식회사 충보이엔씨,"CHUNGBO ENC CO.,LTD.",충보이엔씨, ,김병호,기타법인,150111-0074744,301-81-70280,충청북도 청주시 흥덕구 봉명2동 2057, ,,인력 공급업,2003-07-03,12월
충북교육마당(주),"chungbuk kyoyook madang co.,ltd",충북교육마당, ,김성호,기타법인,170111-0334524,502-81-91272,"대구광역시 동구 동대구로 489 16층 (신천동, 대구무역회관)", ,,사업시설 유지ㆍ관리 서비스업,2007-06-15,12월
충북그린스마트미래학교 주식회사,"Chungbuk Green Smart School Co., Ltd.",충북그린스마트미래학교, ,추명철,기타법인,151111-0088869,536-87-02736,"충청북도 충주시 중앙탑면 감노로 2230 (용전리, (주)대흥레미콘)", ,,그 외 기타 분류 안된 사업지원 서비스업,2022-12-08,12월
충북배움사랑주식회사,Choongbukedu,충북배움사랑, ,김선국,기타법인,160111-0238562,314-81-96457,대전광역시 서구 월평동 519, ,,사업시설 유지ㆍ관리 서비스업,2008-03-04,12월
충북사랑나눔(주),chungbuksarangnanum,충북사랑나눔, ,김성호,기타법인,161511-0097729,312-81-98333,"대구광역시 동구 동대구로 489 16층 (신천동, 대구무역회관)", ,,사업시설 유지ㆍ관리 서비스업,2008-04-03,12월
충북스마트에듀(주),Chungbuk smartedu,충북스마트에듀, ,박종용,기타법인,110111-5206944,106-87-01201,"서울특별시 용산구 한강대로23길 55 (한강로3가, 현대아이파크몰8층)", ,,사업시설 유지ㆍ관리 서비스업,2013-08-19,12월
충북참교육주식회사,"Chungbuk ChamkyoyookCo.,Ltd.",충북참교육, ,김성호,기타법인,170111-0309832,502-81-85746,"대구광역시 동구 동대구로 489 (신천동, 대구무역회관) 16층", ,,사업시설 유지ㆍ관리 서비스업,2006-05-15,12월
충의병영주식회사,chungui co.,충의병영, ,김일순,기타법인,134111-0430037,754-88-00309,경기도 안양시 동안구 평촌대로 491 (비산동), ,,사업시설 유지ㆍ관리 서비스업,2016-01-08,12월
충주메디컬센터 주식회사,-,충주메디컬센터, ,윤길호,기타법인,160111-0270530,314-86-11206,대전광역시 서구 월평동 519, ,,사업시설 유지ㆍ관리 서비스업,2009-12-26,12월
충호건설기계주식회사,CHUNG HO CONSTRUCTION EQUIPMENT,충호건설기계, ,이진영,기타법인,110111-1338296,107-81-58947,"서울특별시 영등포구 버드나루로 50 (영등포동2가, 리버타워오피스텔) 917호", ,,산업용 기계 및 장비 임대업,1997-02-01,12월
(주)취한망,QUHANWANG,취한망, ,JIANG ZAIFEN,기타법인,110111-7211743,241-86-01598,서울특별시 중구 퇴계로71길 34-3 (신당동), ,,여행사업,2019-09-01,12월
카라이프서비스 주식회사,"Car Life Service Co., Ltd.",카라이프서비스, ,이준,기타법인,160111-0306525,305-86-13379,"서울특별시 금천구 가산디지털2로 95 18층, 19층 (가산동, KMTOWER)", ,,사업지원 서비스업,2011-10-01,12월
주식회사 카라허메스인베스트먼트,"Kara hermes Investment Co., Ltd.",카라허메스인베스트먼트, ,김광선,기타법인,110111-4282101,220-87-95010,서울특별시 강남구 역삼동 623, ,,사업지원 서비스업,2010-02-10,12월
카스토르제사차 주식회사,"Castor 4th Co.,Ltd",카스토르제사차, ,정동현,기타법인,110111-5232296,107-88-02874,"서울특별시 영등포구 여의대로 60 (여의도동, 우리투자증권빌딩)",.,,사무지원 서비스업,2013-09-26,12월
카스토르제오차 주식회사,"Castor 5th co.,ltd",카스토르제오차, ,정동현,기타법인,110111-5397462,107-88-17436,"서울특별시 영등포구 여의대로 60 (여의도동, 우리투자증권빌딩)",.,,사무지원 서비스업,2014-04-22,04월
카스토르제육차 주식회사,"Castror 6th Co.,Ltd",카스토르제육차, ,정동현,기타법인,110111-5491131,107-88-26745,"서울특별시 영등포구 여의대로 60 (여의도동, 우리투자증권빌딩)",.,,사무지원 서비스업,2014-08-14,09월
카스토르제이차 주식회사,"Castor 2nd co.,ltd",카스토르제이차, ,최성문,기타법인,110111-5084051,107-87-89286,서울특별시 영등포구 여의대로 60 (여의도동), ,,사업지원 서비스업,2013-03-07,03월
(주)카일이삼제스퍼,CAR123-Jasper corp.,카일이삼제스퍼, ,송윤화,기타법인,110111-1763211,220-81-66191,"서울특별시 금천구 서부샛길 606 비동 2203호(가산동, 대성디폴리스지식산업센터)",www.car123.co.kr,,자동차 임대업,1999-09-01,12월
주식회사 카타고,CARTAGO,카타고, ,김두환,기타법인,141111-0037123,141-81-22959,"서울특별시 동대문구 왕산로 225 (청량리동, 미주상가) 509-2", ,,자동차 임대업,2011-03-02,12월
"주식회사 캐플릭스 (KAFLIX Co.,Ltd)",KAFLIX,"캐플릭스(KAFLIXCo.,Ltd)", ,윤형준,기타법인,110111-4892174,105-87-76000,제주특별자치도 제주시 신광로 21 (연동) 4층,rentcar.jejupass.com/,,기타 여행 보조 및 예약 서비스업,2012-06-15,12월
캐피탈익스체인지,"capital exchange,inc.",캐피탈익스체인지, ,김근배,기타법인,110111-2059304,101-81-64631,서울특별시 종로구 서린동 서린빌딩, ,,그 외 기타 분류 안된 사업지원 서비스업,2000-08-29,12월
주식회사 캔버스,CANBUS,캔버스, ,장창기,기타법인,131311-0317622,194-81-03354,경기도 평택시 고덕갈평6길 25 (고덕동) 512호, ,,그 외 기타 분류 안된 사업지원 서비스업,2023-12-05,12월
캠코글로벌24호선박투자회사,Kamco Global No.24 Ship Investment Company,캠코글로벌24호선박투자회사, ,이정훈,기타법인,220111-0076985,616-81-79091,제주특별자치도 제주시 이도2동 390, ,,기타 운송장비 임대업,2010-06-18,12월
캠코글로벌25호선박투자회사,Kamco Global No.25 Ship Investment Company,캠코글로벌25호선박투자회사, ,이정훈,기타법인,220111-0077751,616-81-79941,제주특별자치도 제주시 이도2동 390, ,,기타 운송장비 임대업,2010-08-03,12월
캠코글로벌26호선박투자회사,Kamco Global No.26 Ship Investment Company,캠코글로벌26호선박투자회사, ,이정훈,기타법인,220111-0077975,616-81-80185,제주특별자치도 제주시 이도2동 390, ,,기타 운송장비 임대업,2010-08-18,12월
캠코글로벌 27호 선박투자회사,KAMCO Global No.27 Ship Investment Company,캠코글로벌27호선박투자회사, ,이종진,기타법인,220111-0077983,616-81-80190,제주특별자치도 제주시 이도2동 제주도중소기업종합지원센터, ,,기타 운송장비 임대업,2010-08-20,12월
캠코글로벌 28호 선박투자회사,KAMCO Global No.28 Ship Investment Company,캠코글로벌28호선박투자회사, ,이종진,기타법인,220111-0087148,616-81-90193,제주특별자치도 제주시 이도2동 제주도중소기업종합지원센터, ,,기타 운송장비 임대업,2011-11-04,12월
캠코글로벌29호선박투자회사,KAMCO NO.29 SHIPPING COMPANY,캠코글로벌29호선박투자회사, ,이종진,기타법인,220111-0087156,616-81-90209,제주특별자치도 제주시 이도2동 제주도중소기업종합지원센터, ,,기타 운송장비 임대업,2011-11-04,12월
캠코글로벌30호선박투자회사,KAMCO NO.30 SHIPPING COMPANY,캠코글로벌30호선박투자회사, ,이종진,기타법인,220111-0087164,616-81-90247,제주특별자치도 제주시 이도2동 제주도중소기업종합지원센터 , ,,기타 운송장비 임대업,2011-11-04,12월
캠코글로벌 31호 선박투자회사,KAMCO Global No.31 Ship Investment Company,캠코글로벌31호선박투자회사, ,이종진,기타법인,220111-0087172,616-81-90214,제주특별자치도 제주시 이도2동 제주도중소기업종합지원센터, ,,기타 운송장비 임대업,2011-11-04,12월
캠코글로벌32호선박투자회사,KAMCO NO.32 SHIPPING COMPANY,캠코글로벌32호선박투자회사, ,이종진,기타법인,220111-0087180,616-81-90228,제주특별자치도 제주시 이도2동 제주도중소기업종합지원센터, ,,기타 운송장비 임대업,2011-11-04,12월
캠코글로벌 33호 선박투자회사,KAMCO Global No.33 Ship Investment Company,캠코글로벌33호선박투자회사, ,이종진,기타법인,220111-0087198,616-81-90233,제주특별자치도 제주시 이도2동 제주도중소기업종합지원센터, ,,기타 운송장비 임대업,2011-11-04,12월
주식회사 캠코시설관리,"Kamcofmc Co., Ltd.",캠코시설관리, ,송유성,기타법인,135811-0356238,533-81-01264,"경기도 수원시 영통구 월드컵로150번길 33 (원천동, 한국자산관리공사경기지역본부)", ,,사업시설 유지ㆍ관리 서비스업,2018-12-12,12월
주식회사 캠파트너스,-,캠파트너스, ,정진용,기타법인,110111-3931204,214-88-30213,"서울특별시 서초구 강남대로25길 49 , 4층(양재동, 솔로몬)",-,,사업지원 서비스업,2008-07-09,12월
주식회사 캡스텍,"CAPSTEC CO.,LTD.",캡스텍, ,최상열,기타법인,110111-3141663,120-86-76415,서울특별시 강남구 영동대로112길 36 (삼성동), ,,경비 및 경호 서비스업,2005-01-01,12월
(주)커넥스트,"CONEXT.CO,LTD",커넥스트, ,김진철,기타법인,110111-6115110,263-87-00432,서울특별시 마포구 월드컵북로5가길 8-17 (서교동) 4층, ,,"전시, 컨벤션 및 행사 대행업",2016-07-08,12월
(주)커리어케어,"CAREERCARE, lnc.",커리어케어, ,신현만,기타법인,110111-2686404,105-86-48583,"서울특별시 강남구 테헤란로87길 35 (삼성동, 씨엔드에치빌딩) 5,6,7층",www.careercare.co.kr/,,고용 알선업,2003-01-04,12월
(주)커리어텍,Careertech,커리어텍, ,안성경,기타법인,110111-2235780,220-86-12026,"서울특별시 강남구 테헤란로 322 (역삼동, 한신인터밸리24) 동관 807호, 808호",www.careertech.co.kr/careertech/,,상용 인력 공급 및 인사관리 서비스업,2002-10-31,12월
(주)컬쳐테크놀로지그룹아시아,"CULTURE TECHNOLOGY GROUP ASIA CO.,LTD.",컬쳐테크놀로지그룹아시아, ,이수만,기타법인,110111-5737080,424-88-00072,서울특별시 성동구 상원12길 23 (성수동1가) 4층, ,,무형재산권 임대업,2015-05-29,12월
주식회사 컴컴컴퍼니,comecome company,컴컴컴퍼니, ,김영운,기타법인,131111-0688613,786-88-02570,"서울특별시 서초구 서초중앙로 238 ,상가내 239호, 242호(반포동, 삼호가든쇼핑센타)", ,,그 외 기타 분류 안된 사업지원 서비스업,2022-11-21,12월
주식회사 케넷투어,"KENNET Tour Co.,Ltd",케넷투어, ,신금영,기타법인,110111-3037721,105-86-69351,서울특별시 강서구 방화동 712-1 국제선2청사 3층, ,,여행사업,2004-06-25,12월
(주)케로이인더스, ,케로이인더스, ,윤창호,기타법인,110111-2370263,220-86-23917,서울특별시 강남구 역삼동 725-34 동이빌딩 101호, ,,그 외 기타 분류 안된 사업지원 서비스업,2001-11-12,12월
케어링코리아 주식회사,Kering Korea Ltd.,케어링코리아, ,JEAN MARC DUPLAIX,기타법인,110111-5045003,211-88-88792,"서울특별시 강남구 도산대로 458 13층 (청담동, 도산458빌딩)", ,,기타 사무지원 서비스업,2013-01-15,12월
주식회사 케어원,TM,케어원, ,김호영,기타법인,110111-3333799,220-87-21411,서울특별시 강남구 역삼로 148 (역삼동),-,,"소독, 구충 및 방제 서비스업",2005-11-01,12월
(주)케이,kei,케이, ,한정환,기타법인,134511-0499762,482-86-02091,"경기도 화성시 동탄첨단산업1로 27 (영천동, 금강펜테리움IX타워) b동 3132호",www.kticket.co.kr,,그 외 기타 사업지원 서비스업,2021-02-25,12월
주식회사 케이네트워크,"KOREA NETWORK CO.,LTD",케이네트워크, ,조재만,기타법인,110111-3451658,214-87-89852,"서울특별시 강남구 역삼로 110 (역삼동, 태양21) 8층", ,,그 외 기타 분류 안된 사업지원 서비스업,2006-05-04,12월
주식회사 케이두레,kedure,케이두레, ,안언숙,기타법인,110111-5597103,107-88-37994,"서울특별시 강서구 강서로 468 (등촌동, 테크노타워) 701호",www.kdoore.kr/ko/,,사업시설 유지ㆍ관리 서비스업,2014-12-24,12월
(주)케이디,"KunDo Co.,Ltd",케이디, ,권충화,기타법인,200111-0168207,409-81-72700,광주광역시 동구 독립로 324 (계림동), ,,사업시설 관리 및 조경 서비스업,2002-12-27,12월
주식회사 케이디산업개발,"kdid co., ltd.",케이디산업개발, ,정창오,기타법인,135511-0405784,820-86-02202,경기도 시흥시 금오로465번길 40 (과림동) 가동 1층, ,,사업시설 유지ㆍ관리 서비스업,2022-06-03,12월
(주)케이디알한국기업서비스,"KDR Service co., Ltd",케이디알한국기업서비스, ,장영환,기타법인,110111-0514657,202-81-54547,"서울특별시 중구 퇴계로 439 (황학동, 기업은행성동지점) 2층", ,,사업시설 유지ㆍ관리 서비스업,1986-12-26,12월
주식회사 케이디에코허브,"KD ECOHUB CO., LTD",케이디에코허브, ,강원구,기타법인,230111-0374353,386-86-02681,울산광역시 남구 장생포로 298 행복관 1층, ,,기타 산업용 기계 및 장비 임대업,2022-06-01,12월
케이디에프에스주식회사,kdfs,케이디에프에스, ,황욱정,기타법인,110111-4411552,106-86-73464,"서울특별시 강남구 광평로47길 28 (수서동, KT) 3층",kd-fs.com,,사업시설 유지ㆍ관리 서비스업,2010-08-10,12월
(주)케이디텍,"KDTECH Co.,Ltd",케이디텍, ,김남기,기타법인,110111-4361038,214-88-60866,"서울특별시 영등포구 영등포로5길 19 901 (양평동2가, 동아프라임밸리)",kdt@kd-t.com,,사업시설 유지ㆍ관리 서비스업,2010-06-01,12월
주식회사 케이렌터카,Krentacar Inc.,케이렌터카, ,최준영,기타법인,220111-0117218,616-86-21352,제주특별자치도 제주시 남성로 30, ,,자동차 임대업,2014-09-01,12월
(주)케이브이앤,KOREA VENTURE NETWORKS,케이브이앤, ,문종관,기타법인,110111-2043092,107-81-88081,서울특별시 강남구 역삼동 706-20 진넥스빌 2202호, ,,그 외 기타 분류 안된 사업지원 서비스업,2000-08-04,12월
케이블카서비스,Cablecar Service,케이블카서비스, ,윤지혜,기타법인,206211-0065356,508-86-00871,"전라남도 여수시 돌산읍 돌산로 3600-1 (우두리, 여수해상케이블카(탑승장))", ,,기타 여행 보조 및 예약 서비스업,2018-02-28,12월
(주)케이비개발,kb development,케이비개발, ,김현,기타법인,200111-0379557,410-87-05616,"광주광역시 광산구 월계로 223-22 (쌍암동) 2층 201호,202호", ,,사업시설 유지ㆍ관리 서비스업,2015-12-02,12월
케이비비글로벌,KBBGLOBAL,케이비비글로벌, ,최명자,기타법인,110111-7513272,739-88-01838,"서울특별시 강남구 학동로 342 (논현동, 에스케이허브블루) 9층 925호", ,,여행사업,2020-06-11,12월
주식회사 케이비손보씨엔에스,"KB sonbo Customer & Service co.,Ltd",케이비손보씨엔에스, ,배규호,기타법인,110111-4216499,220-87-90164,"서울특별시 관악구 보라매로3길 23 13층(봉천동, 대교타워)",www.kbsonbocns.com,,콜센터 및 텔레마케팅 서비스업,2009-11-10,12월
주식회사 케이비시스템,"KB SYSTEM CO.,LTD.",케이비시스템, ,김민자,기타법인,180111-0444016,617-81-45594,"부산광역시 동래구 충렬대로237번길 66 (복천동, 동림빌딩) 4층", ,,경비 및 경호 서비스업,2003-04-01,12월
케이비신용정보(주),KB Credit Information CO.LTD,케이비신용정보, ,김해경,기타법인,110111-1786354,107-81-71426,"서울특별시 종로구 청계천로 35 (서린동, 관정빌딩)7층",www.kbci.co.kr,,신용 조사 및 추심 대행업,1999-10-09,12월
(주)케이비아주,KBAZU ,케이비아주, ,김태인,기타법인,110111-2736811,209-81-34445,"서울특별시 노원구 동일로242길 123 (상계동, 영빌딩)", ,,경비 및 경호 서비스업,2003-03-17,12월
(주)케이비에스시큐리티,KBS security Ltd,케이비에스시큐리티, ,배정철,기타법인,110111-4531748,107-87-48548,"서울특별시 영등포구 여의공원로 13 (여의도동, 한국방송공사) 27호", ,,경비 및 경호 서비스업,2011-03-01,12월
(주)케이비엠플러스,kbmplus,케이비엠플러스, ,고병진,기타법인,135811-0117622,124-86-35624,서울특별시 금천구 시흥대로 302 (독산동)2층, ,,경비 및 경호 서비스업,2005-08-02,12월
케이씨글라스(주),KCglass,케이씨글라스, ,김정완,기타법인,110111-3735028,105-87-12006,서울특별시 마포구 동교동 160-1, ,,사업지원 서비스업,2007-08-13,12월
(주)케이씨알파트너스,KCR Partners,케이씨알파트너스, ,임태주,기타법인,110111-2148826,120-86-16377,서울특별시 강남구 대치동 945-1 홍우빌딩 9층, ,,그 외 기타 분류 안된 사업지원 서비스업,2001-01-11,12월
케이씨에이서비스 주식회사,"KCA Service Co., Ltd.",케이씨에이서비스, ,김혜옥,기타법인,110111-6245628,176-87-00574,"서울특별시 영등포구 영등포로 96 (당산동2가, 교보생명빌딩) 5층",www.kcase.co.kr,,콜센터 및 텔레마케팅 서비스업,2016-11-30,12월
(주)케이알서비스,KR service,케이알서비스, ,남종현,기타법인,134411-0053924,126-86-59976,"경기도 수원시 팔달구 인계로138번길 8 208호 (인계동, 수원인계리슈빌S)", ,,사업시설 유지ㆍ관리 서비스업,2012-12-21,12월
(주)케이알피엠,KRPM Inc.,케이알피엠, ,남진우,기타법인,110111-2906836,220-86-75400,서울특별시 강남구 역삼동 825-18, ,,그 외 기타 분류 안된 사업지원 서비스업,2003-12-01,12월
주식회사 케이앤엘에스,K&LS,케이앤엘에스, ,김동주,기타법인,110111-4282622,106-86-70109,경기도 수원시 권선구 금곡로197번길 65 1층(금곡동), ,,보안시스템 서비스업,2018-11-02,12월
주식회사 케이앤와이즈,KNWISE,케이앤와이즈, ,김용남,기타법인,110111-5590941,120-88-22965,"서울특별시 금천구 가산디지털1로 131 (가산동, BYCHIGHCITY) C동1504호",www.knwise.com,,상용 인력 공급 및 인사관리 서비스업,2014-12-25,12월
주식회사 케이에스메이트,KSmate,케이에스메이트, ,박이근,기타법인,110111-3833848,106-86-56091,"서울특별시 용산구 한강대로62나길 17 (용산동3가, 인월빌딩)",www.ksmate.com,,사업시설 유지ㆍ관리 서비스업,2008-02-01,12월
케이에스신용정보 주식회사,"KS Credit Information Co.,Ltd.",케이에스신용정보, ,최기의,기타법인,110111-4395011,120-87-57638,"서울특별시 강남구 영동대로112길 66 6층 (삼성동, 아메리칸스탠다드바쓰하우스빌딩)",www.kscredit.co.kr,,신용 조사 및 추심 대행업,2010-10-01,12월
(주)케이에스씨네트워크,KSC Network,케이에스씨네트워크, ,이강근,기타법인,110111-1639355,203-81-28057,서울특별시 중구 장충동2가 186-69번지 ,www.goksc.co.kr,,보안시스템 서비스업,1999-01-23,12월
케이에스에프10호선박투자회사,"KSF No.10 Ship Investment Co., Ltd.",케이에스에프10호선박투자회사, ,김병규,기타법인,220111-0220954,278-81-02309,"제주특별자치도 제주시 연삼로 473 (이도이동), 경제통상진흥원", ,,기타 운송장비 임대업,2021-05-17,12월
케이에스에프11호선박투자회사,"KSF No.11 Ship Investment Co., Ltd.",케이에스에프11호선박투자회사, ,김병규,기타법인,220111-0223742,207-88-02325,"제주특별자치도 제주시 연삼로 473 (이도이동), 경제통상진흥원", ,,기타 운송장비 임대업,2021-07-06,12월
케이에스에프12호선박투자회사,"KSF No.12 Ship Investment Co., Ltd.",케이에스에프12호선박투자회사, ,김병규,기타법인,220111-0223750,470-86-02365,"제주특별자치도 제주시 연삼로 473 (이도이동), 경제통상진흥원", ,,기타 운송장비 임대업,2021-07-06,12월
케이에스에프13호선박투자회사,"KSF No.13 Ship Investment Co., Ltd.",케이에스에프13호선박투자회사, ,김병규,기타법인,220111-0223560,235-88-02015,"제주특별자치도 제주시 연삼로 473 (이도이동), 경제통상진흥원", ,,기타 운송장비 임대업,2021-07-01,12월
케이에스에프14호선박투자회사,"KSF No.14 Ship Investment Co., Ltd.",케이에스에프14호선박투자회사, ,김병규,기타법인,220111-0223693,118-81-23550,"제주특별자치도 제주시 연삼로 473 (이도이동), 경제통상진흥원", ,,기타 운송장비 임대업,2021-07-06,12월
케이에스에프15호선박투자회사,"KSF No.15 Ship Investment Co., Ltd.",케이에스에프15호선박투자회사, ,김병규,기타법인,220111-0226522,869-87-02091,제주특별자치도 제주시 연삼로 473 (이도이동), ,,기타 운송장비 임대업,2021-08-30,12월
케이에스에프17호선박투자회사,"KSF No.17 Ship Investment Co., Ltd.",케이에스에프17호선박투자회사, ,김병규,기타법인,220111-0239046,224-88-02349,제주특별자치도 제주시 연삼로 473 (이도이동), ,,기타 운송장비 임대업,2022-05-03,12월
케이에스에프20호선박투자회사,"KSF No.20 Ship Investment Co., Ltd.",케이에스에프20호선박투자회사, ,김병규,기타법인,220111-0239814,535-87-02539,제주특별자치도 제주시 연삼로 473 (이도이동), ,,기타 운송장비 임대업,2022-05-18,12월
케이에스에프21호선박투자회사,"KSF No.21 Ship Investment Co., Ltd.",케이에스에프21호선박투자회사, ,김병규,기타법인,220111-0241273,801-86-02609,제주특별자치도 제주시 연삼로 473 (이도이동), ,,기타 운송장비 임대업,2022-06-17,12월
케이에스에프22호선박투자회사,"KSF No.22 Ship Investment Co., Ltd.",케이에스에프22호선박투자회사, ,김병규,기타법인,220111-0247031,749-86-02596,제주특별자치도 제주시 연삼로 473 (이도이동), ,,기타 운송장비 임대업,2022-11-16,12월
케이에스에프23호선박투자회사,"KSF No.23 Ship Investment Co., Ltd.",케이에스에프23호선박투자회사, ,김병규,기타법인,220111-0246348,883-81-02979,제주특별자치도 제주시 연삼로 473 (이도이동), ,,기타 운송장비 임대업,2022-10-27,12월
케이에스에프24호선박투자회사,"KSF No.24 Ship Investment Co., Ltd.",케이에스에프24호선박투자회사, ,문해준,기타법인,220111-0250521,243-87-02829,제주특별자치도 제주시 연삼로 473 (이도이동), ,,기타 운송장비 임대업,2023-02-20,12월
케이에스에프25호선박투자회사,"KSF No.25 Ship Investment Co., Ltd.",케이에스에프25호선박투자회사, ,문해준,기타법인,220111-0252999,656-88-02639,제주특별자치도 제주시 연삼로 473 (이도이동), ,,기타 운송장비 임대업,2023-04-14,12월
케이에스에프26호선박투자회사,"KSF No.26 Ship Investment Co., Ltd.",케이에스에프26호선박투자회사, ,문해준,기타법인,220111-0254333,144-81-38858,제주특별자치도 제주시 연삼로 473 (이도이동), ,,기타 운송장비 임대업,2023-05-23,12월
케이에스에프27호선박투자회사,"KSF No.27 Ship Investment Co., Ltd.",케이에스에프27호선박투자회사, ,문해준,기타법인,220111-0254416,798-86-02792,제주특별자치도 제주시 연삼로 473 (이도이동), ,,기타 운송장비 임대업,2023-05-23,12월
케이에스에프28호선박투자회사,"KSF No.28 Ship Investment Co., Ltd.",케이에스에프28호선박투자회사, ,문해준,기타법인,220111-0254507,101-88-02804,제주특별자치도 제주시 연삼로 473 (이도이동), ,,기타 운송장비 임대업,2023-05-26,12월
케이에스에프29호선박투자회사,"KSF No.29 Ship Investment Co., Ltd.",케이에스에프29호선박투자회사, ,문해준,기타법인,220111-0254739,334-88-02947,제주특별자치도 제주시 연삼로 473 (이도이동), ,,기타 운송장비 임대업,2023-05-31,12월
케이에스에프2호선박투자회사,"KSF No.2 Ship Investment Co., Ltd.",케이에스에프2호선박투자회사, ,석흔욱,기타법인,220111-0197848,170-86-01689,"제주특별자치도 제주시 연삼로 473 (이도이동), 경제통상진흥원", ,,기타 운송장비 임대업,2019-11-20,12월
케이에스에프30호선박투자회사,"KSF No.30 Ship Investment Co., Ltd.",케이에스에프30호선박투자회사, ,문해준,기타법인,220111-0256925,489-88-02849,제주특별자치도 제주시 연삼로 473 (이도이동), ,,기타 운송장비 임대업,2023-07-31,12월
케이에스에프31호선박투자회사,"KSF No.31 Ship Investment Co., Ltd.",케이에스에프31호선박투자회사, ,문해준,기타법인,220111-0256892,149-88-02825,제주특별자치도 제주시 연삼로 473 (이도이동), ,,기타 운송장비 임대업,2023-07-31,12월
케이에스에프32호선박투자회사,"KSF No.32 Ship Investment Co., Ltd.",케이에스에프32호선박투자회사, ,문해준,기타법인,220111-0260471,489-87-02615,제주특별자치도 제주시 연삼로 473 (이도이동), ,,기타 운송장비 임대업,2023-11-13,12월
케이에스에프33호선박투자회사,"KSF No.33 Ship Investment Co., Ltd.",케이에스에프33호선박투자회사, ,문해준,기타법인,220111-0265504,528-88-03032,제주특별자치도 제주시 연삼로 473 (이도이동), ,,기타 운송장비 임대업,2024-04-03,12월
케이에스에프34호선박투자회사,"KSF No.34 Ship Investment Co., Ltd.",케이에스에프34호선박투자회사, ,문해준,기타법인,220111-0265752,258-81-03283,제주특별자치도 제주시 연삼로 473 (이도이동), ,,기타 운송장비 임대업,2024-04-09,12월
케이에스에프35호선박투자회사,"KSF No.35 Ship Investment Co., Ltd.",케이에스에프35호선박투자회사, ,문해준,기타법인,220111-0266164,312-87-03328,제주특별자치도 제주시 연삼로 473 (이도이동), ,,기타 운송장비 임대업,2024-04-18,12월
케이에스에프36호선박투자회사,"KSF No.36 Ship Investment Co., Ltd.",케이에스에프36호선박투자회사, ,문해준,기타법인,220111-0266122,548-87-02952,제주특별자치도 제주시 연삼로 473 (이도이동), ,,기타 운송장비 임대업,2024-04-18,12월
케이에스에프37호선박투자회사,"KSF No.37 Ship Investment Co., Ltd.",케이에스에프37호선박투자회사, ,문해준,기타법인,220111-0266130,799-86-03474,제주특별자치도 제주시 연삼로 473 (이도이동), ,,기타 운송장비 임대업,2024-04-18,12월
케이에스에프38호선박투자회사,"KSF No.38 Ship Investment Co., Ltd.",케이에스에프38호선박투자회사, ,문해준,기타법인,220111-0275173,724-87-03142,제주특별자치도 제주시 연삼로 473 (이도이동), ,,기타 운송장비 임대업,2025-01-08,12월
케이에스에프39호선박투자회사,"KSF No.39 Ship Investment Co., Ltd.",케이에스에프39호선박투자회사, ,문해준,기타법인,220111-0027679,567-87-03419,제주특별자치도 제주시 연삼로 473 (이도이동), ,,기타 운송장비 임대업,2025-02-28,12월
케이에스에프41호선박투자회사,"KSF No.41 Ship Investment Co., Ltd.",케이에스에프41호선박투자회사, ,문해준,기타법인,220111-0028158,544-87-03584,제주특별자치도 제주시 연삼로 473 (이도이동), ,,기타 운송장비 임대업,2025-08-06,12월
케이에스에프42호선박투자회사,"KSF No.42 Ship Investment Co., Ltd.",케이에스에프42호선박투자회사, ,문해준,기타법인,220111-0028185,404-88-03677,제주특별자치도 제주시 연삼로 473 (이도이동), ,,기타 운송장비 임대업,2025-08-13,12월
케이에스에프43호선박투자회사,"KSF No.43 Ship Investment Co., Ltd.",케이에스에프43호선박투자회사, ,문해준,기타법인,220111-0028228,230-81-14249,제주특별자치도 제주시 연삼로 473 (이도이동), ,,기타 운송장비 임대업,2025-08-26,12월
케이에스에프6호선박투자회사,"KSF No.6 Ship Investment Co., Ltd.",케이에스에프6호선박투자회사, ,석흔욱,기타법인,220111-0208942,607-88-01846,"제주특별자치도 제주시 연삼로 473 (이도이동, 경제통상진흥원)", ,,기타 운송장비 임대업,2020-08-18,12월
케이에스에프7호선박투자회사,"KSF No.7 Ship Investment Co., Ltd.",케이에스에프7호선박투자회사, ,석흔욱,기타법인,220111-0210814,693-87-01914,"제주특별자치도 제주시 연삼로 473 (이도이동, 경제통상진흥원)", ,,기타 운송장비 임대업,2020-10-05,12월
케이에스에프9호선박투자회사,"KSF No.9 Ship Investment Co., Ltd.",케이에스에프9호선박투자회사, ,김병규,기타법인,220111-0220623,598-88-02046,제주특별자치도 제주시 연삼로 473 (이도이동), ,,기타 운송장비 임대업,2021-05-11,12월
케이에스에프선박금융(주),"KSF Co., Ltd.",케이에스에프선박금융, ,정현재,기타법인,110111-2884909,120-86-59449,서울특별시 강남구 삼성동 157-15 구암빌딩 6층,koreashipfinance.com,,그 외 기타 분류 안된 사업지원 서비스업,2003-10-28,12월
케이에스엔시 주식회사,KS&C CO. ,케이에스엔시, ,송상헌,기타법인,130111-0066042,124-81-79286,"서울특별시 영등포구 영신로 220 (영등포동8가, KnK디지털타워)",www.ktsnc.co.kr,,경비 및 경호 서비스업,2001-01-01,12월
(주)케이에스지,"KSG Co.,Ltd",케이에스지, ,이철호,기타법인,150111-0084082,301-81-79146,충청북도 청주시 흥덕구 서현북로 81 1-504(가경동), ,,경비 및 경호 서비스업,2009-05-22,12월
케이에스피앤주식회사,"KSPN Co.,LTD.",케이에스피앤, ,"남호동, 심재정",기타법인,110111-2937542,108-81-64632,서울특별시 강서구 마곡중앙1로 20 (마곡동) 엠시그니처 612호,www.kspn.kr/,,경비 및 경호 서비스업,2004-01-16,12월
(주)케이에스한국고용정보,KSJOB,케이에스한국고용정보, ,"손영득, 허대건",기타법인,110111-7278769,470-87-01378,서울특별시 강동구 고덕비즈밸리로 38 (고덕동) KS타워,ksjob.co.kr,,콜센터 및 텔레마케팅 서비스업,2019-11-01,12월
케이에이 주식회사,"KA CO.,LTD.",케이에이, ,임종석,기타법인,110111-4981191,105-87-78750,서울특별시 강서구 강서로 456 (등촌동 센타빌딩 404호), ,,기타 사업지원 서비스업,2012-12-01,12월
주식회사 케이에이레저,KA Leisure Inc.,케이에이레저, ,문철재,기타법인,164811-0086632,523-81-00045,경기도 여주시 북내면 신라그린길 84 (덕산리),www.acegolf.com/index.html,,여행사업,2015-04-15,12월
케이에이씨공항서비스 주식회사,KAC AIRPORTS SERVICES,케이에이씨공항서비스, ,이상연,기타법인,110111-6605765,627-86-00828,서울특별시 강서구 하늘길 70 (과해동) 항공지원센터 201-2,www.kacas.kr,,사업시설 관리 및 조경 서비스업,2017-12-21,12월
주식회사 케이에이치블루홀딩스,"KH BLUE  HOIDINGS, INC.",케이에이치블루홀딩스, ,김춘기,기타법인,110111-5414969,114-87-17892,"서울특별시 송파구 중대로 148 (가락동, 삼성빌딩) 2층", ,,그 외 기타 분류 안된 사업지원 서비스업,2014-05-15,12월
케이에프 주식회사,"KF CO.,LTD.",케이에프, ,전인배,기타법인,110111-4978403,101-86-76073,"서울특별시 종로구 삼봉로 81 1228호 (수송동,두산위브파빌리온)", ,,건물ㆍ산업설비 청소 및 방제 서비스업,2012-11-01,12월
케이에프앤에스주식회사,"KFnS Co.,Ltd",케이에프앤에스, ,김성열,기타법인,110111-4214013,105-87-37593,"경기도 과천시 새술막길 39 5층(중앙동, kt과천스마트타워)",www.kfns.co.kr,,사업시설 유지ㆍ관리 서비스업,2009-11-06,12월
케이엑스홀딩스주식회사,KX Holdings Corporation,케이엑스홀딩스, ,손관수,기타법인,110111-5097715,104-86-47714,"서울특별시 중구 세종대로9길 53 (서소문동, 대한통운빌딩)", ,,사업지원 서비스업,2013-04-01,12월
(주)케이엠신용정보,"K.M. CREDIT INFORMATION CO., Ltd.",케이엠신용정보, ,이광호,기타법인,110111-1744245,220-81-64927,서울특별시 강남구 역삼동 702-13 성지하이츠1차 2층,www.kmcic.co.kr,,신용 조사 및 추심 대행업,1999-07-29,06월
주식회사 케이오엠,KOM,케이오엠, ,김성용,기타법인,110111-5054294,209-81-57846,"서울특별시 성북구 보문로 91 6층(보문동5가, 엠투)",www.komjob.co.kr,,임시 및 일용 인력 공급업,2013-01-30,12월
케이와이에너지(주),KYENERGY,케이와이에너지, ,김순길,기타법인,110111-5234531,120-88-03328,"서울특별시 강남구 남부순환로 3179 (대치동, 3층)",-,,그 외 기타 분류 안된 사업지원 서비스업,2013-09-27,12월
케이워터운영관리(주),K-water Operation & Maintenance corporation,케이워터운영관리, ,전병구,기타법인,160111-0492879,484-86-01123,"대전광역시 대덕구 신탄진로 200 별관2층(연축동, 한국수자원공사)", ,,상용 인력 공급 및 인사관리 서비스업,2018-08-29,12월
케이웨이프라퍼티 주식회사,"K-Way Property Co., Ltd.",케이웨이프라퍼티, ,유종석,기타법인,110111-0937835,754-81-03592,서울특별시 중구 서소문로 117, ,,사업시설 유지ㆍ관리 서비스업,2025-09-22,12월
주식회사 케이제이렌탈,"KJ Rental Co.,Ltd.",케이제이렌탈, ,권영관,기타법인,110111-4909268,210-81-69852,"서울특별시 중랑구 신내로 202 KT신내빌딩1층(신내동, 신내전화국)", ,,자동차 임대업,2012-07-04,12월
(주)케이종합서비스,Korail/korva integrted service,케이종합서비스, ,임삼,기타법인,110111-1010547,106-81-46701,서울특별시 용산구 한강로3가 40-999,www.kisinc.co.kr,,사업시설 유지ㆍ관리 서비스업,1994-02-08,12월
케이케이데이 주식회사,"Kkday Co.,Ltd",케이케이데이, ,chen ming ming,기타법인,110111-6064599,735-87-00558,서울특별시 서초구 서초대로 398, ,,여행사업,2016-05-18,12월
케이투마케팅,K2Marketing Co. Ltd.,케이투마케팅, ,정경란,기타법인,110111-2212639,105-86-24150,"서울특별시 서대문구 신촌로3길 15 2층(창천동, 산성빌딩)",www.ik2.kr,,그 외 기타 분류 안된 사업지원 서비스업,2001-04-10,12월
주식회사 케이티넷코어,kt netcore Co. Ltd,케이티넷코어, ,최시환,기타법인,110111-9094973,648-81-03230,"서울특별시 강남구 광평로47길 28 (수서동, KT)", ,,사업시설 유지ㆍ관리 서비스업,2024-11-04,12월
(주)케이티렌탈, ,케이티렌탈, ,조완행,기타법인,110111-1819486,220-81-69413,서울특별시 강남구 역삼동 826-20 하나로종금빌딩9층,WWW.CENTEL.CO.KR,,기타 산업용 기계 및 장비 임대업,1999-12-01,03월
케이티링커스 주식회사,KT Linkus Inc.,케이티링커스, ,김충성,기타법인,110111-0585393,113-81-35124,"경기도 성남시 수정구 성남대로 1182 (수진동, KT모란지점) 2층, 7층",www.ktlinkus.co.kr,,사업시설 유지ㆍ관리 서비스업,1988-08-01,12월
주식회사 케이티비투어,"KTB Tour Co., Ltd. ",케이티비투어, ,김재원,기타법인,110111-3683235,109-86-08259,서울특별시 종로구 안국동 안국빌딩 175-87, ,,여행사업,2007-05-22,12월
주식회사 케이티알,KTR,케이티알, ,이희수,기타법인,134111-0192017,138-81-60544,경기도 안양시 동안구 호계동 898 신원비전타워 8층, ,,산업용 기계 및 장비 임대업,2010-06-01,12월
(주)케이티에스,"KTS.CO.,LTD",케이티에스, ,강진구,기타법인,214911-0059024,140-87-01588,"서울특별시 강서구 강서로 466 (등촌동, 우리벤처타운)204호", ,,상용 인력 공급 및 인사관리 서비스업,2019-10-14,12월
(주)케이티에스글로벌,"KTSGlobal Co., Ltd",케이티에스글로벌, ,이정원,기타법인,110111-1500556,116-81-67023,"서울특별시 강서구 강서로 466 901호(등촌동, 우리벤처타운)",www.ktsglobal.co.kr,,상용 인력 공급 및 인사관리 서비스업,1998-01-20,12월
(주)케이티에스솔루션스,KTS Solutions,케이티에스솔루션스, ,최종철,기타법인,110111-2132134,211-86-70978,"서울특별시 송파구 위례성대로 6 (방이동, 현대토픽스) 714호",www.ikts.co.kr/,,상용 인력 공급 및 인사관리 서비스업,2001-01-01,12월
케이티에스엔시(주),KT S&C CO.,케이티에스엔시, ,송상헌,기타법인,110111-4860113,114-87-00635,"서울특별시 영등포구 영신로 220 (영등포동8가, KnK디지털타워)",www.ktsnc.co.kr,,경비 및 경호 서비스업,2012-05-01,12월
(주)케이티에스원,"KTS One Co.,Ltd",케이티에스원, ,김민영,기타법인,110111-2539132,107-86-18921,"서울특별시 강서구 강서로 466 901호(등촌동, 우리벤처타운)", ,,인력 공급업,2002-06-03,12월
(주)케이티에스푸드,"KTSFOOD.CO.,LTD",케이티에스푸드, ,이광춘,기타법인,214911-0056301,681-81-01277,전라북도 익산시 무왕로 929 (신동)2층, ,,상용 인력 공급 및 인사관리 서비스업,2018-11-30,12월
(주)케이티에이치에스,kths corporation,케이티에이치에스, ,김철현,기타법인,164811-0117536,246-86-01249,"강원도 평창군 대관령면 송천2길 21 (횡계리, KT대관령수련관)", ,,기타 사무지원 서비스업,2018-10-11,12월
케이티오파트너스 주식회사,"KTO PARTNERS CO.,LTD",케이티오파트너스, ,정진수,기타법인,141211-0100259,420-86-01153,강원도 원주시 혁신로 19 (반곡동) H타워 608호,www.ktopartners.com,,사업시설 유지ㆍ관리 서비스업,2018-11-07,12월
케이티텔레캅 (주),"KT Telecop Co,.Ltd",케이티텔레캅, ,장지호,기타법인,110111-3563023,113-86-09204,서울특별시 구로구 가마산로 291 KT텔레캅빌딩,www.kttelecop.co.kr,,경비 및 경호 서비스업,2006-11-17,12월
(주)케이티팝스,"KTPOPS Co., Ltd",케이티팝스, ,구희태,기타법인,135811-0177262,135-86-07263,"경기도 수원시 팔달구 인계로 110 3층(인계동, 비와이씨수원사옥)",www.ktpops.com,,경비 및 경호 서비스업,2010-02-10,12월
케이프피버아이앤드디,capefever i&d,케이프피버아이앤드디, ,장태호,기타법인, , ,서울특별시 금천구 독산3동 894~908, ,,여행사업,2005-07-15,12월
케이프피버아이앤디,CAPEFEVER I&D,케이프피버아이앤디, ,장태호,기타법인, , ,서울특별시 금천구 독산3동 894~908, ,,여행사업,2005-07-11,12월
(주)케이플러스홀딩스,KPLUSHOLDINGS LTD,케이플러스홀딩스, ,고은경,기타법인,110111-3965740,211-88-17905,"서울특별시 강남구 도산대로 332 (논현동, 문화빌딩)", ,,"전시, 컨벤션 및 행사 대행업",2008-09-10,12월
주식회사 케이피알엠,KPRM Ltd.,케이피알엠, ,조용호,기타법인,110111-4829193,120-87-80804,"서울특별시 강남구 영동대로76길 10 (대치동, 굳후렌드빌딩) 2층",www.kprm.kr,,그 외 기타 사업지원 서비스업,2012-03-30,12월
케이피에스파트너스주식회사,KPS Partners,케이피에스파트너스, ,임광문,기타법인,205511-0067422,139-88-01848,전라남도 나주시 문화로 204 (빛가람동) 303호,kpsp.co.kr,,사업시설 유지ㆍ관리 서비스업,2020-06-04,12월
주식회사 켄싱턴월드,"KENSINGTON WORLD CO.,LTD",켄싱턴월드, ,"윤성대, 손창우",기타법인,110111-3964172,104-86-16749,"강원도 고성군 토성면 신평골길 8-25 (신평리, 켄싱턴리조트설악밸리)", ,,기타 여행 보조 및 예약 서비스업,2008-09-03,12월
코가스 보안관리(주),KOGAS SECURITY MANAGEMENT,코가스보안관리, ,한동근,기타법인,170111-0947864,127-87-02890,"대구광역시 동구 이노밸리로 140 3층 303호 (각산동, 영우빌딩)", ,,경비 및 경호 서비스업,2024-01-24,12월
코가스서비스얼라이언스 주식회사,KOGAS SERVICE ALLIANCE,코가스서비스얼라이언스, ,정철수,기타법인,170111-0947856,792-86-03304,"대구광역시 동구 이노밸리로 140 (각산동, 영우빌딩) 305호",kogasservicealliance.co.kr/,,건축물 일반 청소업,2024-01-24,12월
(주)코디서비스코리아,"CODY SERVICE CO.,LTD",코디서비스코리아, ,윤성민,기타법인,110111-3353193,214-87-81767,"경기도 수원시 장안구 경수대로1220번길 23 4층 (파장동, 크라운제과창고)", ,,인력 공급업,2005-12-02,12월
코라솔,KORASOL,코라솔, ,양선애,기타법인,110111-4930023,106-86-87838,서울특별시 용산구 청파로89길 4-12 (서계동) 201호 (주)코라솔,korasol@bill36524.com,,상용 인력 공급 및 인사관리 서비스업,2012-07-31,12월
코레일관광개발 (주),KORAIL TOURISM DEVELOPMENT,코레일관광개발, ,이건태,기타법인,110111-3068601,104-81-89311,서울특별시 용산구 청파로 378 (동자동 43-229),www.korailtravel.com,,그 외 기타 분류 안된 사업지원 서비스업,2004-08-11,12월
코레일네트웍스 주식회사,Korailnetworks co. ltd,코레일네트웍스, ,강귀섭,기타법인,110111-3088344,104-81-89776,"서울특별시 용산구 한강대로 69 (한강로2가, 용산푸르지오써밋) 업무동 13, 14층",www.korailnetworks.com,,기타 여행 보조 및 예약 서비스업,2004-09-21,12월
주식회사 코리아골프앤아트빌,Korea Golf & Artvil,코리아골프앤아트빌, ,오진국,기타법인,134511-0127115,142-81-14020,"경기도 용인시 기흥구 기흥단지로 406 (고매동, 골드훼미리콘도)4층", ,,여행사 및 기타 여행보조 서비스업,2008-06-04,12월
(주)코리아길림자원,Koreajilim Resource Company,코리아길림자원, ,김영철,기타법인,110111-1737258,116-81-75727,서울특별시 송파구 가락본동,www.kojilin.co.kr,,그 외 기타 분류 안된 사업지원 서비스업,1999-07-29,12월
코리아리복테크니칼서비스즈 주식회사,"Reebok Korea Technical Service Co., Ltd",코리아리복테크니칼서비스즈, ,데이비드페이스,기타법인,180111-0084250,618-81-15977,부산광역시 연제구 연산동 858-5번지,www.reebok.com,,그 외 기타 분류 안된 사업지원 서비스업,1989-01-01,12월
(주)코리아미즈타니,korea mizutani.co.kr,코리아미즈타니, ,미즈타니 이사오,기타법인,220111-0049445,616-81-49511,제주특별자치도 제주시 연동 1373-1 마이빌 611, ,,기타 운송장비 임대업,2004-11-02,12월
주식회사 코리아시스템,KOREA SYSTEM,코리아시스템, ,최길수,기타법인,120111-0210980,131-81-53305,인천광역시 계양구 주부토로 394 (작전동) 3층, ,,경비 및 경호 서비스업,2000-01-11,12월
코리아이지텔주식회사,korea easytel,코리아이지텔, ,임규학,기타법인,110111-2245614,113-81-69250,"서울특별시 강서구 강서로56가길 53 6층(등촌동, 청호빌딩)", ,,경비 및 경호 서비스업,2000-05-24,12월
(주)코리아인,KOREAIN,코리아인, ,박진영,기타법인,110111-3978371,215-87-19102,"서울특별시 금천구 벚꽃로 254 (가산동, 월드메르디앙1차) 304호",korea-in.co.kr,,상용 인력 공급 및 인사관리 서비스업,2008-10-02,12월
코리아인스트루먼트(주),"Korea Instruments Co., Ltd.",코리아인스트루먼트, ,"최병란, 정재호",기타법인,110111-1585516,101-81-45861,"서울특별시 구로구 남부순환로 1303 (가리봉동, KIC빌딩)",www.kic21.co.kr,,사업시설 유지ㆍ관리 서비스업,1998-09-14,12월
(주)코리아종합관리,"korea generalmanagement co.,ltd",코리아종합관리, ,박재성,기타법인,120111-0175720,139-81-37653,"인천광역시 계양구 도두리로 21 (계산동, 이-프라자)", ,,경비 및 경호 서비스업,1998-09-05,12월
코리아크레딧뷰로 (주),Korea Credit Bureau,코리아크레딧뷰로, ,황종섭,기타법인,110111-3173369,101-86-12443,서울특별시 영등포구 국제금융로6길 15 (여의도동),www.koreacb.com,,신용 조사 및 추심 대행업,2005-02-22,12월
코리아퍼시픽01호선박투자회사,"Korea Pacific No.01 Ship Investment Co.,Ltd.",코리아퍼시픽01호선박투자회사,090970,신주선,기타법인,180111-0546614,602-81-39197,부산광역시 영도구  남항서로 6-7,koreashipfinance.com,,기타 운송장비 임대업,2006-02-20,12월
코리아퍼시픽02호선박투자회사,"Korea Pacific No.02 Ship Investment Co.,Ltd.",코리아퍼시픽02호선박투자회사,090980,신주선,기타법인,180111-0546622,602-81-39203,부산광역시 영도구  남항서로 6-7,koreashipfinance.com,,기타 운송장비 임대업,2006-02-20,12월
코리아퍼시픽03호선박투자회사,"Korea Pacific No.03 Ship Investment Co.,Ltd.",코리아퍼시픽03호선박투자회사,090990,신주선,기타법인,180111-0546630,602-81-39218,부산광역시 영도구  남항서로 6-7,koreashipfinance.com,,기타 운송장비 임대업,2006-02-20,12월
코리아퍼시픽04호선박투자회사,"Korea Pacific No.04 Ship Investment Co.,Ltd.",코리아퍼시픽04호선박투자회사,091000,신주선,기타법인,180111-0546648,602-81-39222,부산광역시 영도구  남항서로 6-7,koreashipfinance.com,,기타 운송장비 임대업,2006-02-20,12월
코리아퍼시픽05호 선박투자회사,"Korea Pacific No.05 Ship Investment Co., Ltd.",코리아퍼시픽05호선박투자회사,093400,신주선,기타법인,220111-0058024,616-81-58252,"제주특별자치도 제주시 연삼로 473 (이도이동, 중소기업지원센터)",koreashipfinance.com,,기타 운송장비 임대업,2006-09-21,12월
코리아퍼시픽06호 선박투자회사,"Korea Pacific No.06 Ship Investment Co., Ltd.",코리아퍼시픽06호선박투자회사,093410,신주선,기타법인,220111-0058032,616-81-58271,제주특별자치도 제주시 연삼로 473 중소기업지원센터,koreashipfinance.com,,기타 운송장비 임대업,2006-09-21,12월
코리아퍼시픽07호 선박투자회사,"Korea Pacific No.07 Ship Investment Co., Ltd.",코리아퍼시픽07호선박투자회사,099210,신주선,기타법인,180111-0597948,602-81-43177,부산광역시 영도구 남항서로 6-7 (남항동3가),www.koreashipfinance.com,,기타 운송장비 임대업,2007-06-26,12월
코리아퍼시픽08호 선박투자회사,"Korea Pacific No.08 Ship Investment Co., Ltd.",코리아퍼시픽08호선박투자회사, ,신주선,기타법인,180111-0625997,602-81-45554,부산광역시 영도구 남항동3가 141-165,www.koreashipfinance.com,,기타 운송장비 임대업,2008-03-14,12월
코리아퍼시픽09호 선박투자회사,"Korea Pacific No.09 Ship Investment Co., Ltd.",코리아퍼시픽09호선박투자회사, ,신주선,기타법인,180111-0628256,602-81-45587,부산광역시 영도구 남항동3가 141-165,www.koreashipfinance.com,,기타 운송장비 임대업,2008-04-01,12월
코리아퍼시픽10호 선박투자회사,"Korea Pacific No.10 Ship Investment Co., Ltd.",코리아퍼시픽10호선박투자회사, ,신주선,기타법인,180111-0628214,602-81-45568,부산광역시 영도구 남항동3가 141-165,www.koreashipfinance.com,,기타 운송장비 임대업,2008-04-01,12월
코리아퍼시픽11호 선박투자회사,"Korea Pacific No.11 Ship Investment Co., Ltd.",코리아퍼시픽11호선박투자회사, ,신주선,기타법인,180111-0628272,602-81-45573,부산광역시 영도구 남항동3가 141-165,www.koreashipfinance.com,,기타 운송장비 임대업,2008-04-01,12월
코리아퍼시픽12호 선박투자회사,"Korea Pacific No.12 Ship Investment Co., Ltd.",코리아퍼시픽12호선박투자회사, ,신주선,기타법인,180111-0628230,602-81-45592,부산광역시 영도구 남항동3가 141-165,www.koreashipfinance.com,,기타 운송장비 임대업,2008-04-01,12월
코리아퍼시픽13호 선박투자회사,"Korea Pacific No.13 Ship Investment Co., Ltd.",코리아퍼시픽13호선박투자회사, ,신주선,기타법인,180111-0628248,602-81-45608,부산광역시 영도구 남항동3가 141-165,www.koreashipfinance.com,,기타 운송장비 임대업,2008-04-01,12월
(주)코리아포인트뱅크,"koreapointbank co.,ltd",코리아포인트뱅크, ,안병인,기타법인,110111-1604720,229-81-34721,경기도 의왕시 오전동 174 대현테크노월드 606호,http://koreapointbank.com,,그 외 기타 분류 안된 사업지원 서비스업,1998-11-06,12월
주식회사 코리아환경산업,"Korea Environmental Industry Co., Ltd",코리아환경산업, ,정인영,기타법인,160111-0107204,314-81-37477,"대전광역시 대덕구 대화로106번길 66 (대화동, 펜타플렉스) 322호", ,,건축물 일반 청소업,2000-11-07,12월
코리아휴먼리스오스시스템(주),"korea human resource system.co.,ltd",코리아휴먼리스오스시스템, ,오민환,기타법인,110111-0805626,214-81-32658,"서울특별시 구로구 디지털로31길 38-21 301호 (구로동, 이앤씨벤처드림타워3차)",www.koreahuman.co.kr,,상용 인력 공급 및 인사관리 서비스업,1991-10-07,12월
코린스타 주식회사,"KORINSTAR CO.,LTD.",코린스타, ,신인철,기타법인,180111-0770974,602-81-55839,"부산광역시 중구 중앙대로 21 (중앙동6가, 부산데파트)4층 501호", ,,기타 운송장비 임대업,2011-09-01,12월
(주)코세스,"KOSSES co.,Ltd",코세스, ,백봉현,기타법인,110111-3430694,215-86-84362,서울특별시 송파구 송파대로 474 (송파동),www.kosses.co.kr,,경비 및 경호 서비스업,2006-04-03,12월
주식회사 코스,"COSS CO.,LTD",코스, ,황해진,기타법인,194211-0066862,609-81-63567,"경상남도 창원시 의창구 의창대로54번길 1 701호(팔용동, 금복빌딩)", ,,인력 공급업,2004-04-09,12월
주식회사 코스원 ,KOSONE,코스원, ,여운산,기타법인,204611-0032002,416-81-72111,"전라남도 광양시 폭포사랑길 20-26 (금호동, 광양제철소) 방재센터",www.kosone.kr,,경비 및 경호 서비스업,2010-05-04,12월
코스타(주),kosta,코스타, ,공덕호,기타법인,180111-0861294,617-86-08293,"부산광역시 해운대구 APEC로 17 (우동, 센텀리더스마크) 3802호",https://www.kosta-hr.co.kr:9152/index.php,,상용 인력 공급 및 인사관리 서비스업,2013-05-23,12월
주식회사 코스틸홀딩스,KOSTEEL HOLDINGS,코스틸홀딩스, ,박성혁,기타법인,204611-0000596,220-81-08944,서울특별시 동대문구 사가정로 122, ,,그 외 기타 분류 안된 사업지원 서비스업,1989-07-13,12월
코스포서비스 주식회사,"KOSPO Service Co., Ltd.",코스포서비스, ,김종대,기타법인,180111-1184124,264-81-51209,"부산광역시 연제구 중앙대로 1130 (연산동, 연산동SKVIEW(2단지)) 5층 502호",kosposervice.co.kr/superboard/adm/,,사업시설 유지ㆍ관리 서비스업,2018-11-08,12월
(주)코스피아,"KOSPIA co.,ltd",코스피아, ,백철우,기타법인,206211-0038569,417-81-37873,전라남도 여수시 좌수영로 683-17 (봉계동),kospia3353@naver.com,,사업시설 유지ㆍ관리 서비스업,2009-04-22,12월
(주)코아서브,corserve.co.kr,코아서브, ,한연주,기타법인,110111-1789944,211-86-58182,"서울특별시 서초구 서운로 138 (서초동, 서초동아타워) 6층 코아서브", ,,사업시설 관리 및 조경 서비스업,1999-10-21,12월
코아신용정보주식회사,"coreCredit Information INC.,",코아신용정보, ,모종헌,기타법인,110111-1785835,220-81-69859,"서울특별시 광진구 광나루로56길 85 (구의동, 테크노-마트21) 31층 1, 2호",www.corecredit.co.kr,,신용 조사 및 추심 대행업,1999-10-08,12월
(주)코압섹,"KOREA AVIATION SECURITY CO., LTD.",코압섹, ,김길범,기타법인,110111-2169418,109-81-69061,"서울특별시 강서구 방화동로3길 1 202호 (방화동, 에어시티 )",www.koavsec.com,,경비 및 경호 서비스업,2001-02-12,12월
주식회사 코엑스,COEX,코엑스, ,이동원,기타법인,110111-0428345,120-81-01603,서울특별시 강남구 영동대로 513 (삼성동),coex.co.kr,,"전시, 컨벤션 및 행사 대행업",1986-05-30,12월
주식회사 코엔서비스,Co. KOENSERVICE,코엔서비스, ,안영대,기타법인,191111-0083283,806-81-01269,경상남도 진주시 충의로 26 (충무공동),koenservice.co.kr,,사업시설 유지ㆍ관리 서비스업,2018-11-09,12월
(주)코엔스,"COENS CO., LTD",코엔스, ,"이영호, 김영철",기타법인,194911-0008662,612-81-14169,"부산광역시 해운대구 센텀6로 21 (우동, 인텔리움센텀)901호",www.coens.com,,그 외 기타 분류 안된 사업지원 서비스업,2001-08-01,12월
코오롱엘에스아이주식회사,"KOLONLSI CO.,Ltd",코오롱엘에스아이, ,장재혁,기타법인,134111-0427042,145-87-00304,"경기도 과천시 코오롱로 11 (별양동, 코오롱)",www.kolonlsi-am.com,,사업시설 유지ㆍ관리 서비스업,2015-12-01,12월
(주) 코오롱 티엔에스,"kolon travel network system , Inc",코오롱티엔에스, ,심완보,기타법인,110111-0102551,101-81-17685,서울특별시 종로구 인사동 194-27 태화빌딩 10층,www. yeskolon.co.kr,,여행사업,1969-04-08,12월
(주)코웍스,KOWORKS,코웍스, ,엄주환,기타법인,131111-0539783,399-81-01567,"서울특별시 서초구 헌릉로 15-18 (염곡동, 국제협력연수센터)",www.koworks.org,,사업시설 유지ㆍ관리 서비스업,2019-02-01,12월
코웨포서비스 주식회사,Kowepo Service,코웨포서비스, ,김남호,기타법인,165111-0018331,378-87-01107,충청남도 태안군 태안읍 동백로 319 (동문리) 2층,kwps.co.kr/,,그 외 기타 분류 안된 사업지원 서비스업,2018-11-13,12월
주식회사 코인즈,"KOINS CO., LTD",코인즈, ,최명환,기타법인,206211-0030581,417-81-31578,전라남도 여수시 율촌면 율촌산단3로 297 (여동리)372-6,www.koins21.co.kr,,"산업설비, 운송장비 및 공공장소 청소업",2005-07-25,12월
주식회사 코인트써비스,koint service,코인트써비스, ,성광영,기타법인,110111-1582877,107-81-69707,"서울특별시 서초구 바우뫼로 150 (양재동, 혜산빌딩) 3층", ,,그 외 기타 분류 안된 사업지원 서비스업,1999-08-25,12월
(주)코틴기획,"cotin.co,ltd",코틴기획, ,임양대,기타법인,110111-1681637,229-81-37320,서울특별시 송파구 삼학사로 87 (삼전동),cotin@cotin.co.kr,,"전시, 컨벤션 및 행사 대행업",1995-04-15,12월
(주)콘도닷컴,condo.com ,콘도닷컴, ,최성호,기타법인,110111-1909435,214-86-52080,서울특별시 서초구 서초동 산 1687-2 중앙서초프라자 1층,www.condominium.co.kr,,여행사업,2000-03-16,12월
콘센트릭스서비스코리아 유한회사,Concentrix Services Korea,콘센트릭스서비스코리아, ,스티븐린리리치,기타법인,110114-0141008,104-86-53370,"서울특별시 강남구 테헤란로 509 (삼성동, 엔씨타워I) 5층", ,,콜센터 및 텔레마케팅 서비스업,2014-01-28,11월
(주)쿠오니지티에스코리아,Kuoni GTS Korea Limited,쿠오니지티에스코리아, ,까를로스마누엘까쁘용무뇨스,기타법인,110111-2661117,101-81-89909,"서울특별시 중구 을지로 50 (을지로2가, 을지한국빌딩) 19층",https://k.kuoni.com/,,여행사업,2002-12-23,12월
(주)쿠우쿠우,QOOQOO,쿠우쿠우, ,김동현,기타법인,110111-4799544,119-86-52863,"경기도 성남시 수정구 수정로 138 , 5층 (수진동, 쿠우쿠우빌딩)", ,,무형재산권 임대업,2012-02-24,12월
쿠쿠홈시스 주식회사,"CUCKOO HOMESYS CO.,LTD",쿠쿠홈시스,284740,구본학,유가증권시장,135511-0319406,590-87-00993,경기도 시흥시 엠티브이북로 349(정왕동),"www,cuckoo.co.kr",,개인 및 가정용품 임대업,2017-12-04,12월
쿠팡이츠서비스 유한회사,Coupang Eats Services Ltd.,쿠팡이츠서비스, ,장기환,기타법인,110114-0275518,896-87-02133,"서울특별시 송파구 올림픽로 289 (신천동, 잠실시그마타워) 4층", ,,사업지원 서비스업,2021-05-15,12월
주식회사 퀸테이너,"QUEENTAINER CO.,LTD",퀸테이너, ,이상일,기타법인,110111-8315156,653-88-02571,"서울특별시 강서구 마곡중앙8로7길 57 (마곡동, 마곡아이파크디어반) B동 1005호", ,,기타 운송장비 임대업,2022-05-27,12월
(주)큐릭스네트웍스,"Qrix Networks,Inc",큐릭스네트웍스, ,원재연,기타법인,110111-1458581,210-81-23588,서울특별시 강북구 번동 463-57,www.qrix.com,,사업시설 유지ㆍ관리 서비스업,1997-09-02,12월
(주)큐브리펀드,"CUBEREFUND.CO.,LTD",큐브리펀드, ,좌정훈,기타법인,110111-4412774,105-87-47709,"서울특별시 금천구 가산디지털2로 187 2층 (가산동, 롯데정보통신)", ,,그 외 기타 분류 안된 사업지원 서비스업,2010-08-13,12월
(주)큐엘용산,qlys,큐엘용산, ,전현용,기타법인,110111-3761023,201-86-03768,서울특별시 중구 신당동 333-79 성원빌딩7층, ,,기타 사업지원 서비스업,2007-10-01,12월
(주)큐원,Q-1 CORPORATION,큐원, ,임동수,기타법인,110111-1445695,112-81-48534,서울특별시 서초구 안골4길 6 (내곡동),www.q-1.co.kr,,사업시설 유지ㆍ관리 서비스업,1997-07-29,12월
(주)크라운티엠에스,CROWNTMS,크라운티엠에스, ,박경일,기타법인,121111-0359745,673-81-01131,"경기도 하남시 미사강변서로 25 10층 6호 (풍산동, 미사테스타타워지식산업센터)", ,,사업시설 유지ㆍ관리 서비스업,2019-01-07,12월
주식회사 크레인월드코리아,"CRANE WORLD KOREA CO.,LTD.",크레인월드코리아, ,나빌알잘라위,기타법인,110111-5037258,119-86-65499,서울특별시 금천구 두산로 70 A-2410호,www.craneworldkorea.com,,산업용 기계 및 장비 임대업,2013-01-07,12월
크루즈파 주식회사,cruisepa ,크루즈파, ,오미애,기타법인,110111-4151306,101-86-48640,"서울특별시 종로구 종로 19 (종로1가, 르메이에르종로타운) A동 1505",www.cruisepa.co.kr,,여행사업,2009-08-05,12월
(주)크리에이티브통,"CREATIVE TONG CO., LTD",크리에이티브통, ,이종웅,기타법인,110111-3361683,105-86-86947,"서울특별시 종로구 인사동5길 26 (관훈동, MONGIKBLNG)홍익빌딩 7,8층",www.trickart.co.kr,,"전시, 컨벤션 및 행사 대행업",2005-12-16,12월
주식회사 크리에이티브통제주,"TRICKART MUSEUM CO.,LTD",크리에이티브통제주, ,이종웅,기타법인,224111-0024229,616-86-12834,제주특별자치도 서귀포시 중문관광로 42 (색달동), ,,"전시, 컨벤션 및 행사 대행업",2013-12-01,12월
(주)크릭앤리버엔터테인먼트,"CREEK & RIVER ENTERTAINMENT CO.,LTD",크릭앤리버엔터테인먼트, ,김민철,기타법인,110111-6247468,332-87-00567,"서울특별시 영등포구 영등포로 150 씨동 7층 703호(당산동1가, 생각공장당산)",www.crikorea.com,,상용 인력 공급 및 인사관리 서비스업,2016-12-01,12월
(주)크린서비스, cleanservice,크린서비스, ,황규만,기타법인,134111-0372099,138-81-88765,"경기도 안양시 동안구 학의로 282 (관양동, 금강펜테리움IT타워)", ,,경비 및 경호 서비스업,2013-11-12,12월
큰희망,큰희망,큰희망, ,강형구,기타법인,110111-6632221,697-87-00877,"서울특별시 영등포구 버드나루로2길 7 1층(영등포동2가, 흥국생명빌딩)", ,,기타 사업지원 서비스업,2018-01-17,12월
(주)클럽리치항공,"clubrich.co,.ltd.",클럽리치항공, ,고상일,기타법인,110111-1248669,104-81-38748,서울특별시 중구 무교동 19번지 대한체육회관빌딩 4층,www.clubrichtour.co.kr,,여행사업,1996-03-11,12월
클럽메드바캉스(주),Club Med Vacance (Korea) Ltd.,클럽메드바캉스, ,강민경,기타법인,110111-0848303,104-81-25414,"서울특별시 강남구 테헤란로87길 36 (삼성동, 도심공항타워) 5층",www.clubmed.co.kr,,여행사업,1992-05-15,12월
주식회사 클럽이앤씨,"Club E&C Co., Ltd.",클럽이앤씨, ,문철재,기타법인,110111-8637625,638-81-02971,"서울특별시 강동구 고덕비즈밸리로6길 90 9층 (고덕동, KX)", ,,사업시설 유지ㆍ관리 서비스업,2023-05-15,12월
(주) 클럽프렌즈,"Club FRIENDS Co.,Ltd.",클럽프렌즈, ,하승호,기타법인,110111-1901267,120-86-01248,서울특별시 강남구 대치3동 일동빌딩 6층 클럽 프렌즈,http://www.clubfriends.co.kr,,"전시, 컨벤션 및 행사 대행업",2000-03-10,12월
(주)클리어존,Clear zone,클리어존, ,박형열,기타법인,110111-3628140,108-81-78515,"서울특별시 중구 청계천로 100 (수표동, 시그니쳐타워)", ,,임시 및 일용 인력 공급업,2007-02-27,12월
주식회사 키노콘,KINOCON,키노콘, ,박성진,기타법인,110111-3358218,105-86-86613,"경기도 파주시 산남로 265 (산남동), 하나빌딩", ,,사업시설 유지ㆍ관리 서비스업,2005-12-12,12월
(주)키스템프,"KIS TEMP CO., LTD",키스템프, ,유수중,기타법인,110111-1819981,214-86-43510,서울특별시 중구 을지로5가 273-4 수도빌딩,www.kistemp.co.kr,,인력 공급업,1999-12-01,12월
(주)키스템프그룹,KISTEMPGROUP,키스템프그룹, ,이정호,기타법인,110111-3380534,201-81-95808,"서울특별시 중구 을지로5길 16 (을지로2가, 삼화타워) 4F", ,,상용 인력 공급 및 인사관리 서비스업,2006-02-01,12월
(주)키스템프엘비에스,"KISTEMPLBS CO.,LTD",키스템프엘비에스, ,허남홍,기타법인,110111-6566199,202-81-65836,"서울특별시 중구 을지로5길 16 (을지로2가, 삼화타워)4층", ,,상용 인력 공급 및 인사관리 서비스업,2017-12-01,12월
(주)키스템프엠엔씨에스,"KISTEMPMNCS CO.,LTD",키스템프엠엔씨에스, ,이정호,기타법인,110111-6566272,607-88-00978,"서울특별시 중구 을지로5길 16 (을지로2가, 삼화타워) 4층", ,,고용 알선업,2017-12-01,12월
(주)키스템프오씨에스,"KISTEMPOCS CO.,LTC",키스템프오씨에스, ,허남홍,기타법인,110111-6566058,803-88-00799,"서울특별시 중구 을지로5길 16 (을지로2가, 삼화타워)4층", ,,상용 인력 공급 및 인사관리 서비스업,2017-11-13,12월
키암코쉬핑케이엑스제일호 주식회사,"kiamco shipping co.,ltd",키암코쉬핑케이엑스제일호, ,이준윤,기타법인,110111-5448273,104-86-55742,"서울특별시 중구 세종대로9길 53 (서소문동, 대한통운빌딩)", ,,임대업; 부동산 제외,2014-06-25,12월
키와코리아(주),KIWA KOREA Ltd,키와코리아, ,"아드리안베세머, 이승찬",기타법인,110111-2784167,105-86-54106,"서울특별시 금천구 벚꽃로 278 411호 (가산동, SJ테크노빌)",www.kiwa.com,,"소독, 구충 및 방제 서비스업",2003-05-22,12월
주식회사 키콕스파트너스,KICOXPARTNERS CORPORATION,키콕스파트너스, ,윤선미,기타법인,170111-0714560,312-87-01301,"대구광역시 동구 과학로 12 (각산동, 에이스빌딩) 4층", ,,사업시설 유지ㆍ관리 서비스업,2019-03-21,12월
주식회사 키트코,"KOREA INSPECTION & TESTING CO.,LTD",키트코, ,최원성,기타법인,181211-0049160,610-81-31556,울산광역시 중구 학성8길 2 (학성동),www.kitcoltd.com,,그 외 기타 분류 안된 사업지원 서비스업,1998-03-21,12월
주식회사 킨텍스플러스,Kintex Plus,킨텍스플러스, ,이재철,기타법인,285011-0326103,666-87-00437,"경기도 고양시 일산서구 킨텍스로 217-59 (대화동, 제2킨텍스)", ,,사업시설 관리 및 조경 서비스업,2016-06-07,12월
(주)킴스엠앤티,"Kim's M&T Co., Ltd.",킴스엠앤티, ,김춘추,기타법인,110111-0746523,105-81-46620,서울특별시 은평구 증산로 379 6층(신사동),www.beyondkims.com,,여행사업,1991-03-20,12월
주식회사타미마케팅,TAMI MARKETING,타미마케팅, ,전민숙,기타법인,110111-3615337,220-87-43318,"서울특별시 성동구 아차산로 15-8 (성수동1가, DS빌딩) 6층", ,,콜센터 및 텔레마케팅 서비스업,2007-02-01,12월
주식회사 타스글로벌,"TAS GLOBAL CO., LTD.",타스글로벌, ,김유식,기타법인,110111-5483849,106-87-08811,부산광역시 강서구 생곡로189번길 23 (생곡동),usmtas.kr/,,"산업설비, 운송장비 및 공공장소 청소업",2014-08-25,12월
주식회사 타요타,TAYOTA,타요타, ,오창균,기타법인,124411-0274118,285-87-01799,"경기도 김포시 김포한강1로 250 707호(운양동,골든타임)", ,,기타 운송장비 임대업,2020-08-13,12월
(주)타워랜드,"TOWER LAND CO.,LTD.",타워랜드, ,안창호,기타법인,110111-0973663,107-81-43046,서울특별시 금천구 시흥대로153길 27 (독산동) (주)타워랜드,tower.co.kr,,기타 산업용 기계 및 장비 임대업,1993-10-01,12월
(주)타워씨앤에스,TowerCNS,타워씨앤에스, ,"장세준, 강민수",기타법인,110111-2826571,214-87-38391,"서울특별시 서초구 논현로 167 (양재동, 해산빌딩) 5층", ,,임시 및 일용 인력 공급업,2003-07-22,12월
주식회사 타이드스퀘어,TIDESQUARE,타이드스퀘어, ,윤민,기타법인,134811-0183955,124-86-86370,"서울특별시 영등포구 영중로 15 타임스퀘어타워 A동 14층 (영등포동4가, 타임스퀘어)", ,,여행사업,2009-11-17,12월
(유)탄천산업,Tancheon Security,탄천산업, ,이승갑,기타법인,110114-0246147,108-81-54788,"서울특별시 송파구 마천로 83 (오금동, 제이에스빌딩) 204호",www.tancheonsecurity.co.kr,,건축물 일반 청소업,2002-05-22,12월
(주)탄천이앤이,TANCHEON E&E,탄천이앤이, ,정상원,기타법인,110111-4163690,120-87-43871,서울특별시 강남구 개포로 625 탄천물재생센터내(일원동),www.poscoene.co.kr,,사업시설 유지ㆍ관리 서비스업,2009-08-21,12월
탐라사랑 주식회사,"Tamrasarang Co., Ltd.",탐라사랑, ,최현,기타법인,220111-0224203,655-81-02466,"제주특별자치도 제주시 서사로 92 (삼도일동, 제동해피죤) 907호", ,,사업시설 유지ㆍ관리 서비스업,2021-07-14,12월
탑스관리(주),topsgwanri,탑스관리, ,염철영,기타법인,160111-0312093,305-86-15116,대전광역시 서구 월평새뜸로 6 (월평동) 1층, ,,"소독, 구충 및 방제 서비스업",2011-12-09,12월
탑스텐동강시스타(주),TOPSTEN DONGGANGCISTAR,탑스텐동강시스타, ,정환오,기타법인,141411-0015082,384-86-01686,강원도 영월군 영월읍 사지막길 160, ,,상용 인력 공급 및 인사관리 서비스업,2020-01-13,12월
탑아트 주식회사,top art,탑아트, ,이미환 조재중,기타법인,284111-0165089,704-86-00620,경기도 남양주시 오남읍 양지로대대울1길 15-45 (양지리) 1층, ,,기타 산업용 기계 및 장비 임대업,2016-11-07,12월
(주)탑코리아서비스,TOP KOREA SERVICE,탑코리아서비스, ,박태란,기타법인,135811-0148239,135-81-96363,서울특별시 강동구 양재대로138길 14 (명일동)  201호,hanyd2006@naver.com,,그 외 기타 분류 안된 사업지원 서비스업,2008-01-28,12월
주식회사 탑피플,"T. A. P People. Co. , Ltd.",탑피플, ,김선혁,기타법인,110111-7765211,801-88-01827,"서울특별시 강남구 테헤란로4길 46 (역삼동, 쌍용플래티넘밸류) 104동 701호", ,,임시 및 일용 인력 공급업,2021-01-31,12월
(주)탑항공,"Top Travel Service Co., LTD",탑항공, ,유봉국,기타법인,110111-0336704,101-81-32293,서울특별시 종로구 종로2가 9,WWW.TOPTRAVEL.CO.KR,,여행사업,1982-11-08,12월
태가비엠(주),"TAEGA BM Co., Ltd.",태가비엠, ,장경숙,기타법인,110111-0086292,202-81-42420,"서울특별시 영등포구 국제금융로 106 (여의도동, 행진빌딩), 510호", ,,사업시설 유지ㆍ관리 서비스업,1968-03-01,03월
태경이씨디(주),"TAEKYUNG ECD CO., LTD",태경이씨디, ,박대순,기타법인,110111-3014399,120-86-67920,서울특별시 강남구 대치동 1008-1, ,,사업지원 서비스업,2004-05-18,12월
(주)태광개발,"TAEKWANG DEVELOPMENT CO.,Ltd",태광개발, ,김희준,기타법인,110111-1408479,105-81-86641,"서울특별시 강남구 테헤란로34길 6 15층,1501호(역삼동, 태광타워)",www.taekwangdni.com,,사업시설 유지ㆍ관리 서비스업,1997-04-28,12월
주식회사 태룡에스디,Tae Ryoung SD,태룡에스디, ,김주형,기타법인,115911-0009540,128-81-18490,"경기도 고양시 일산동구 숲속마을1로 26 (풍동, 다인타운) 304호", ,,경비 및 경호 서비스업,1993-06-17,12월
(주)태성티에스,"Taesung TS Co., Ltd",태성티에스, ,김광태,기타법인,110111-5320249,107-88-11261,"서울특별시 영등포구 당산로 240 401호(당산동6가, 유상빌딩)", ,,사업시설 유지ㆍ관리 서비스업,2014-01-20,12월
주식회사태양삼차원환경,"Sun Three Dimensions Environment. co.,Ltd",태양삼차원환경, ,이영열,기타법인,284211-0049174,132-81-72794,경기도 구리시 체육관로80번길 32 (수택동) 골드프라자 601호, ,,상용 인력 공급 및 인사관리 서비스업,2007-09-01,12월
(주)태영,"Tae Young co.,Ltd.",태영, ,한병찬,기타법인,134111-0052807,138-81-13115,"경기도 안양시 동안구 벌말로 126 906호(관양동, 평촌오비즈타워)", ,,경비 및 경호 서비스업,1996-12-23,12월
태영그린 (주),"Taeyoung green.,Ltd",태영그린, ,장현성,기타법인,134811-0093394,124-86-19468,"서울특별시 강북구 솔샘로67길 62 702호(미아동, 코리아나빌딩)", ,,건물ㆍ산업설비 청소 및 방제 서비스업,2004-04-01,12월
(주)태영매니지먼트,TAE YOUNG MANAGEMENT CORPORATION,태영매니지먼트, ,변철,기타법인,110111-1246556,105-81-77384,서울특별시 마포구 공덕동 252-5 태영빌딩, ,,사업시설 유지ㆍ관리 서비스업,1996-02-28,12월
주식회사 태영이엔씨,"TAEYOUNG E&C Co.,Ltd",태영이엔씨, ,문진구,기타법인,135811-0121467,135-81-82758,"경기도 수원시 영통구 창룡대로 260 (이의동, 광교센트럴비즈타워) 1116호",www.tyenc.co.kr,,건축물 일반 청소업,2005-12-16,12월
주식회사 태영티에스,TAEYOUNG TS,태영티에스, ,김춘규,기타법인,135811-0171793,135-86-05004,경기도 용인시 처인구 양지면 반정로 46-5 (송문리),www.tyts.co.kr,,사업시설 유지ㆍ관리 서비스업,2009-10-08,12월
태원비엠씨(주),TAEWON BMC,태원비엠씨, ,김민수,기타법인,131111-0148279,129-81-89042,"경기도 성남시 분당구 내정로31번길 7-7 (정자동, 태원빌딩)",www.taewonbc.co.kr/,,상용 인력 공급 및 인사관리 서비스업,2005-09-07,12월
(주)태원아이앤씨,TAEWONINC,태원아이앤씨, ,최삼길,기타법인,120111-0402892,122-81-91722,전라북도 군산시 외항로 1111(오식도동), ,,포장 및 충전업,2006-05-08,12월
태진자산관리(주),"TAEJIN ASSET MANAGEMENT Co.,Ltd",태진자산관리, ,이영석,기타법인,110111-0654552,229-81-11053,"서울특별시 광진구 아차산로62길 8 (구의동, 태진빌딩)",www.taejinbm.co.kr,,사업시설 유지ㆍ관리 서비스업,1989-11-01,12월
주식회사 태협,-,태협, ,박명희,기타법인,180111-0429795,605-81-57350,"부산광역시 부산진구 전포대로275번길 13 (전포동, 한울트라움) 302호",-,,기타 사무지원 서비스업,2002-11-20,12월
탠덤코리아주식회사,TANDEM KOREA Ltd,탠덤코리아, ,김종욱,기타법인,110111-2704751,107-86-30885,"서울특별시 영등포구 국제금융로6길 33 1132호 (여의도동,여의도백화점 11층)", ,,경비 및 경호 서비스업,2003-01-27,12월
(주)테카스,"TeCas, Ltd",테카스, ,김경우,기타법인,200111-0136999,410-81-65325,광주광역시 서구 광천동 35-1 ,tecas.biz,,콜센터 및 텔레마케팅 서비스업,2001-06-27,12월
(주)테크노그린,"TECHNOGREEN CO.,LTD",테크노그린, ,전민구,기타법인,134511-0031986,135-81-30250,"경기도 용인시 처인구 양지면 죽양대로2031번길 14 (평창리, 테크노그린)",www.technogreen.co.kr,,조경 관리 및 유지 서비스업,1999-02-10,12월
주식회사테크노마트,technomart,테크노마트, ,백종헌,기타법인,110111-0586862,206-81-20957,서울특별시 광진구 구의동 546-4,http://,,그 외 기타 분류 안된 사업지원 서비스업,2000-01-17,12월
(주)테크노마트여행사,"Technomart Tour Co., Ltd.",테크노마트여행사, ,장용화,기타법인,110111-0353617,102-81-19600,서울특별시 광진구 구의동 546-4 테크노마트판매동 1층, ,,기타 여행보조 및 예약 서비스업,1983-11-04,12월
테크놀로지인프라스트럭처코리아,Technology Infastructure Korea LLC,테크놀로지인프라스트럭처코리아, ,Choe David S(최성욱),기타법인,110114-0247939,342-86-01611,서울특별시 강남구 봉은사로18길 60 (역삼동),lp.kitchenvalley.co.kr/,,사업시설 유지ㆍ관리 서비스업,2019-09-16,12월
템코,temko,템코, ,정병윤,기타법인,110111-4669268,220-88-23319,"서울특별시 강남구 테헤란로14길 6 713호(역삼동, 남도빌딩)", ,,사업시설 관리 및 조경 서비스업,2011-08-17,12월
주식회사 템테크,TEM Tech,템테크, ,이상훈,기타법인,230111-0159656,610-86-00081,울산광역시 남구 선암동 221-4, ,,사업시설 유지ㆍ관리 서비스업,2009-11-01,12월
템퍼스유한회사,"Tempus Co., Ltd ",템퍼스, ,류청수,기타법인,110114-0067767,119-81-98092,경기도 군포시 금정동 1-40 한림휴먼타워 806, ,,"소독, 구충 및 방제 서비스업",2007-04-19,12월
(주)토마토렌트카,TOMATORENTCAR,토마토렌트카, ,강기용,기타법인,110111-5397909,120-88-13146,"서울특별시 송파구 송파대로 260 (가락동, 제일오피스텔)",www.tomatorentcar.kr,,자동차 임대업,2014-04-21,12월
(주)토마토세븐,"TOMATO SEVEN CO.,LTD",토마토세븐, ,신동규,기타법인,110111-3131432,217-81-18072,경기도 구리시 동구릉로 267-3 (금곡동),www.tomato7.co.kr,,건축물 일반 청소업,2004-12-14,12월
주식회사 토브엘,TOVEEL,토브엘, ,성종민,기타법인,134911-0102185,727-87-01594,경기도 광명시 충현로 32 기아복지회관 2층(소하동), ,,사업시설 유지ㆍ관리 서비스업,2021-01-01,12월
토산 엠에스(주),tosanms,토산엠에스, ,한규선,기타법인,135811-0454652,545-88-02514,경기도 수원시 영통구 대학4로 17  606호(이의동), ,,그 외 기타 분류 안된 사업지원 서비스업,2022-10-13,12월
토스씨엑스 주식회사,"Toss CX Co., Ltd.",토스씨엑스, ,신동훈,기타법인,110111-7871464,364-81-02309,"서울특별시 강남구 테헤란로 133 9층, (역삼동, 한국타이어빌딩)", ,,콜센터 및 텔레마케팅 서비스업,2021-04-29,12월
(주)토탈에스이엠시스템,"TOTALSEM SYSTEM Co.,Ltd",토탈에스이엠시스템, ,전용수,기타법인,110111-2282559,214-86-87008,"서울특별시 영등포구 당산로 171 (당산동4가, 금강펜테리움IT타워)",https://www.shinwoomds.co.kr,,상용 인력 공급 및 인사관리 서비스업,2001-07-09,12월
통영메디칼타운(주),Tong Young Medical Center,통영메디칼타운, ,최경유,기타법인,110111-1810905,114-81-95090,경상남도 통영시 광도면 죽림리 603-11, ,,기타 산업용 기계 및 장비 임대업,2000-02-20,12월
주식회사 통일렌트카,tong il rent car,통일렌트카, ,변창덕,기타법인,220111-0107996,616-86-12246,제주특별자치도 제주시 제성1길 28-1 (도두이동), ,,자동차 임대업,2013-12-23,12월
투어몰여행(주),TOURMALL.COM.LIMITED,투어몰여행, ,김봉훈,기타법인,110111-1984875,104-81-53870,서울특별시 중구 서소문동 34,www.tourmall.com,,여행사업,2000-05-31,12월
(주)투어익스프레스,Tourexpress. Inc,투어익스프레스, ,장연상,기타법인,110111-1799860,120-81-95343,서울특별시 중구 남대문로4가 17-7번지 동성빌딩 6층, ,,여행사업,1999-10-30,12월
투어컴 주식회사,Tourcom,투어컴, ,박배균,기타법인,110111-5342293,264-81-30465,"서울특별시 서초구 효령로53길 54 (서초동, 정훈오피스텔) 2층", ,,여행사 및 기타 여행보조 서비스업,2014-02-18,12월
투투렌트카(유),TOTORENT,투투렌트카, ,"김태기, 서호진",기타법인,110114-0138443,114-86-64705,"서울특별시 서초구 신반포로3길 8 (반포동, 반포프라자) 611호", ,,자동차 임대업,2008-02-21,12월
주식회사 트래스코,"TRAESCO Co.,Ltd.",트래스코, ,김영태,기타법인,110111-5231165,106-87-01797,"서울특별시 동작구 여의대방로24다길 40 (대방동, 보라매코오롱하늘채아파트), 102동 101호",www.traesco.co.kr/,,여행사업,2013-09-25,12월
(주)트랜스코스모스코리아,transcosmos Korea inc.,트랜스코스모스코리아, ,타니 히로유키,기타법인,110111-2244327,106-81-99659,"서울특별시 영등포구 여의대로 24 (여의도동, 전국경제인연합회회관) 35층",www.trans-cosmos.co.kr,,콜센터 및 텔레마케팅 서비스업,2001-05-22,12월
주식회사 트립토파즈,TRIP TOPAZ,트립토파즈, ,강길성,기타법인,110111-7384623,781-81-01558,"서울특별시 강남구 논현로135길 48 2층(논현동, 나인빌딩)",www.triptopaz.com,,여행사업,2020-02-13,12월
티디씨엑스코리아 유한회사,TDCX Korea Ltd.,티디씨엑스코리아, ,주니끄로랑베르나르마리,기타법인,110114-0272176,741-86-02229,"서울특별시 종로구 종로3길 17 (청진동, D타워) 19층", ,,콜센터 및 텔레마케팅 서비스업,2021-05-03,12월
주식회사 티몬글로벌,TMON Global Inc.,티몬글로벌, ,이시준,기타법인,110111-7703914,832-87-02008,"서울특별시 중구 을지로5길 26 (수하동, 미래에셋센터원(MiraeAssetCENTER1))", ,,그 외 기타 분류 안된 사업지원 서비스업,2020-12-03,12월
주식회사 티씨에스코리아,"TCS Korea co., ltd",티씨에스코리아, ,김재언,기타법인,110111-6449254,494-87-00680,"서울특별시 강남구 봉은사로 317, 3층 3086호 (논현동, 아모제논현빌딩)", ,,"전시, 컨벤션 및 행사 대행업",2017-07-03,12월
티씨엠코리아인베스먼트(유),TCM KOREA INVESTMENTS LTD.,티씨엠코리아인베스먼트, ,마크네포런트,기타법인, ,104-84-04972,서울특별시 중구 을지로2가 185, ,,그 외 기타 분류 안된 사업지원 서비스업,1999-06-18,12월
(주)티알엔,TRN co. Ltd.,티알엔, ,한상욱,기타법인,110111-0763759,116-81-50973,서울특별시 중구 동호로 310 태광산업 별관,www.trncompany.co.kr,,그 외 기타 분류 안된 사업지원 서비스업,1991-03-27,12월
(주)티알홀딩스,TRHOLDINGS,티알홀딩스, ,홍오기,기타법인,110111-1437551,214-86-17690,서울특별시 강남구 역삼동 828-7, ,,사업지원 서비스업,1997-07-28,12월
(주)티앤에스엔지니어링,"T&S Engineering Co., Ltd ",티앤에스엔지니어링, ,정우진,기타법인,120111-0769276,568-87-00128,"충청북도 청주시 흥덕구 진재로 141 209호 (복대동, 대농지구롯데캐슬시티)",www.tnseng.co.kr,,사업시설 유지ㆍ관리 서비스업,2015-07-01,12월
주식회사 티앤제이,T&J,티앤제이, ,이현철,기타법인,164711-0086246,378-87-01219,"세종특별자치시 마음로 78 503호 (고운동, 세종스마트큐브Ⅱ)", ,,기타 사무지원 서비스업,2019-04-25,12월
주식회사 티앤지인터내셔널,T&G International,티앤지인터내셔널, ,LI XIANHAO(이현호),기타법인,110111-7336335,854-81-01536,"서울특별시 중구 명동7길 21 (을지로2가, 명동아르누보센텀) 603호", ,,기타 여행보조 및 예약 서비스업,2020-01-05,12월
주식회사티에스관리산업,TS management,티에스관리산업, ,김진석,기타법인,160111-0344658,314-86-45967,대전광역시 서구 유등로65번길 13 2층(복수동),mrts2013@naver.com,,경비 및 경호 서비스업,2013-04-01,12월
주식회사 티에스산업,TS,티에스산업, ,양영국,기타법인,121111-0048033,130-81-90194,"경기도 고양시 일산동구 백마로 195  오피스 섹션동 10008-1호(장항동, 엠시티타워&엠시티오피스텔)", ,,경비 및 경호 서비스업,1995-08-30,12월
(주)티에스우인,TS WOOIN CORP.,티에스우인, ,정영무,기타법인,110111-0169999,220-81-03895,서울특별시 강남구 언주로 551 (역삼동),www.wooin654.co.kr,,사업시설 유지ㆍ관리 서비스업,1974-09-11,12월
주식회사 티엘에이솔루션,TLA Soulution,티엘에이솔루션, ,엄병훈,기타법인,110111-7321295,303-81-80047,"서울특별시 금천구 가산디지털1로 88 (가산동, IT프리미어타워) 4층", ,,문서 작성 및 복사업,2019-12-11,12월
(주)티엠에스코리아,"TMSKOREA CO.,LTD.",티엠에스코리아, ,한경화,기타법인,180111-0330827,605-81-39406,부산광역시 동구 중앙대로196번길 6-5 (초량동) 지에스스퀘어 6층,www.tmskor.com,,임시 및 일용 인력 공급업,2020-08-11,12월
(주)티오에스코리아,TOSKorea,티오에스코리아, ,이승우,기타법인,110111-3053298,107-86-52685,"서울특별시 영등포구 당산로2길 12 (문래동3가, 에이스테크노타워) 907호",www.toskorea.net,,상용 인력 공급 및 인사관리 서비스업,2004-07-21,12월
(주)티오엠네트웍,TOM NETWORK,티오엠네트웍, ,이준호,기타법인,110111-3458406,114-86-51796,"서울특별시 중구 세종대로14길 38 4층 (북창동, 단암빌딩)",www.tomnetwork.co.kr,,상용 인력 공급 및 인사관리 서비스업,2006-05-16,12월
주식회사 티움기프트,TiumGift,티움기프트, ,이진호,기타법인,110111-9077680,550-87-03162,"서울특별시 강남구 논현로105길 11-7 1층 (역삼동, 명성빌딩)", ,,그 외 기타 분류 안된 사업지원 서비스업,2024-10-16,12월
주식회사 티제이파트너스,TJ Partners Corp.,티제이파트너스, ,최바다,기타법인,131111-0559533,359-86-01303,"경기도 성남시 분당구 분당내곡로 117 (백현동, 크래프톤타워) 4층", ,,사무지원 서비스업,2019-06-27,12월
주식회사 티케파트너스,"TYCHE PARTNERS Co.,Ltd",티케파트너스, ,서기호,기타법인,131311-0299185,385-87-02894,경기도 평택시 고덕면 도시지원1길 111 (해창리) 903호(에스타워 프라임), ,,건축물 일반 청소업,2023-03-01,12월
티켓나라주식회사,ticketnara,티켓나라, ,이란수,기타법인,160111-0333205,314-86-40754,대전광역시 서구 도솔로388번길 28 (괴정동) 샤롯데빌딩 1층 티켓나라, ,,그 외 기타 분류 안된 사업지원 서비스업,2012-11-03,12월
(주)티켓나라,"Ticketnara Co.,Ltd",티켓나라, ,최종걸,기타법인,110111-2578099,220-86-43908,서울특별시 서초구 서초동 1307-7 센터프라자빌딩 4층 401호,www.ticketnara.net,,그 외 기타 분류 안된 사업지원 서비스업,2002-07-30,12월
(주)티켓라이프,TICKET LIFE CO. LTD.,티켓라이프, ,김성진,기타법인,180111-1247295,863-86-01665,"부산광역시 부산진구 서면문화로 27 (부전동, 유원골든타워오피스텔) 203호", ,,그 외 기타 분류 안된 사업지원 서비스업,2019-10-29,12월
(주)파라다이스투어,"PARADISE TOUR CO.,LTD.",파라다이스투어, ,전원미,기타법인,110111-3702043,201-86-02454,서울특별시 중구 퇴계로 299, ,,여행사업,2007-07-01,12월
주식회사 파라다이스포인트,paradisepoint Inc.,파라다이스포인트, ,서진석,기타법인,110111-6399491,789-86-00617,"서울특별시 송파구 송파대로28길 24 (가락동, 밀리아나2차오피스텔) 1207호", ,,여행사업,2017-05-10,12월
(주)파워엠,powerm co.ltd,파워엠, ,전성준,기타법인,110111-1566277,229-81-32946,"서울특별시 강남구 개포로 211 (개포동, 파워엠빌딩)",www.pwm.co.kr,,임시 및 일용 인력 공급업,1998-07-20,12월
(주)파인스,FINES,파인스, ,이광호,기타법인,174611-0004785,506-81-03955,"경상북도 포항시 남구 상도로 5 (상도동, Twin빌딩A) 201호",www.fines.kr/,,사업시설 유지ㆍ관리 서비스업,1984-08-10,12월
(주)파인스태프,FINESTAFF,파인스태프, ,권영록,기타법인,110111-2761959,114-86-26851,"서울특별시 서초구 강남대로39길 6-21 4층 (서초동, 파인빌딩)",www.finestaff.co.kr,,상용 인력 공급 및 인사관리 서비스업,2003-04-18,12월
주식회사 파주장단콩웰빙마루,pajujangdancongwell-being,파주장단콩웰빙마루, ,전상오,기타법인,284911-0150365,501-88-00286,"경기도 파주시 문화로 42 (금촌동, 보훈회관) 1층 (주)파주장단콩웰빙마루", ,,사업시설 유지ㆍ관리 서비스업,2016-03-02,12월
파주지식공유 주식회사,"Pa-ju knowledge public ownership,Inc",파주지식공유, ,이영균,기타법인,285011-0123971,128-86-19664,경기도 고양시 덕양구 주교동 610-2, ,,사업지원 서비스업,2007-03-08,12월
(주)팔봉,PALBONG,팔봉, ,정규운,기타법인,170111-0093881,502-81-32967,"대구광역시 달서구 달구벌대로 1834 17층1701호(두류동, 성안오피스텔)", ,,사업시설 유지ㆍ관리 서비스업,1996-01-16,12월
팜스코(주),FAMSCO,팜스코, ,박종희,기타법인,284511-0007960,132-81-69038,경기도 가평군 설악면 미사리로 156-22, ,,사업시설 유지ㆍ관리 서비스업,2007-01-01,12월
팜프레도제이차 주식회사,"Pamphredo 2nd co.,ltd",팜프레도제이차, ,정동현,기타법인,110111-5385657,107-88-16363,"서울특별시 영등포구 여의대로 60 (여의도동, 우리투자증권빌딩)",.,,사무지원 서비스업,2014-04-15,04월
팬코텍 유한회사,PANCOTEC LTD.,팬코텍, ,임현호,기타법인,206214-0018226,595-81-01812,전라남도 여수시 산단중앙로 669 (중흥동), ,,인력 공급업,2020-09-03,12월
팬텍 주식회사,Pantech Corporation,팬텍, ,김형윤,기타법인,110111-7302063,121-86-41957,"서울특별시 서초구 강남대로 251 (서초동, 해동빌딩)", ,,무형재산권 임대업,2019-11-22,12월
퍼솔코리아 유한회사,"PERSOL KOREA, LTD.",퍼솔코리아, ,전유미,기타법인,110114-0198538,220-87-13982,"서울특별시 중구 세종대로 136 15층 (태평로1가, 파이낸스빌딩)", ,,고용 알선업,2005-08-04,03월
주식회사 퍼스트인 로직스,FIRSTINLOGICS,퍼스트인로직스, ,남관석,기타법인,134411-0058304,126-86-72251,경기도 이천시 마장면 서이천로 383 (표교리), ,,인력 공급업,2013-12-20,12월
퍼스트키퍼스(주),firstkeepers,퍼스트키퍼스, ,손태경,기타법인,171211-0110012,739-86-01417,경상북도 경주시 양정로 278 2층 (동천동),www.firstkeepers.co.kr/,,사업시설 유지ㆍ관리 서비스업,2019-06-20,12월
퍼시픽렌터카,pacificrentcar,퍼시픽렌터카, ,이원진,기타법인,110111-3751751,105-87-13233,"서울특별시 마포구 마포대로 15 (마포동, 현대빌딩) 301호", ,,자동차 임대업,2007-09-10,12월
주식회사 퍼시픽링스코리아,"PACIFICLINKS KOREA CO.,",퍼시픽링스코리아, ,장옥영,기타법인,110111-6393378,848-81-00925,"서울특별시 강남구 역삼로 235 (역삼동, 위너스빌딩) 4층",www.pacificlinks.co.kr/,,기타 여행 보조 및 예약 서비스업,2017-05-02,12월
(주)퍼시픽블루,"Pacific Blue, Inc.",퍼시픽블루, ,유상현,기타법인,110111-5748863,721-87-00073,경기도 성남시 분당구 판교로 700 (야탑동) 이동b225호,없음,,여행사업,2015-06-10,12월
퍼시픽블루골프앤리조트홀딩스(주),"Pacific Blue Golf & Resort Holdings Co.,Ltd.",퍼시픽블루골프앤리조트홀딩스, ,이동철,기타법인,110111-4036904,120-87-36104,서울특별시 강남구 삼성동 158-24 동성빌딩 16층,www.pacificbluegolf.co.kr,,여행사업,2009-02-03,12월
페리코리아 유한회사,PERI(Korea) Ltd,페리코리아, ,베른트키슬리히,기타법인,110114-0025286,120-81-39604,"서울특별시 강남구 테헤란로 132 (역삼동, 한독약품빌딩) 14층",www.perikorea.com,,건설 및 토목공사용 기계ㆍ장비 임대업,1994-06-10,12월
평택당진항만부두(주),"Pyeongtaek Port Co.,LTD",평택당진항만부두, ,이종성,기타법인,110111-3936824,214-88-29958,서울특별시 서초구 서초3동 1706-12 승소빌딩 3층, ,,사업시설 관리 및 조경 서비스업,2008-07-17,12월
평해해운 주식회사,"PYUNG HAE SHIPPING CO.,LTD.",평해해운, ,박숙희,기타법인,110111-4316140,104-86-27120,서울특별시 중구 남대문로4가 상공회의소회관 8층, ,,기타 운송장비 임대업,2010-03-26,12월
포센,POSEN,포센, ,유재광,기타법인,171711-0064110,506-81-54639,경상북도 포항시 남구 새천년대로 434 (대잠동) 새론빌딩 2층,www.posen.co.kr/,,사업시설 유지ㆍ관리 서비스업,2005-04-28,12월
(주)포스코와이드,POSCO WIDE,포스코와이드, ,김원희,기타법인,110111-0739841,120-81-28198,"서울특별시 중구 세종대로 73 (서소문동, 태평로빌딩)",https://www.poscowide.com/,,사업시설 유지ㆍ관리 서비스업,1990-12-28,12월
주식회사 포스코휴먼스,"POSCO Humans Co.,Ltd.",포스코휴먼스, ,박승대,기타법인,171711-0085893,506-81-69850,경상북도 포항시 남구 동해안로 6213번길 15-1(동촌동) 포스코휴먼스, ,,기타 사무지원 서비스업,2009-12-14,12월
주식회사 포웰,"POWELL.Co.,LTD",포웰, ,최기석,기타법인,171711-0067362,506-81-56603,"경상북도 포항시 남구 오천읍 하원로 29 (원리, 주식회사포웰)",e-powell.com,,사업시설 유지ㆍ관리 서비스업,2005-11-16,12월
주식회사 포유티켓,FORYOU TICKET,포유티켓, ,이승혁,기타법인,131111-0681675,836-87-02863,"경기도 성남시 수정구 공원로 322 ,상가동 156호(신흥동, 신동아파라디움)", ,,그 외 기타 분류 안된 사업지원 서비스업,2022-09-02,12월
포천강군 주식회사,Pocheon strong army,포천강군, ,홍낭기,기타법인,110111-4502088,101-86-60756,서울특별시 종로구 신문로1가 금호아시아나본관, ,,사업시설 유지ㆍ관리 서비스업,2010-12-28,12월
포트렌탈 주식회사,"PORT RENTAL CO.,LTD.",포트렌탈, ,김학희,기타법인,110111-3870725,107-87-07488,"서울특별시 강서구 양천로 583 B동 211호(염창동, 우림블루나인비즈니스센터)", ,,기타 산업용 기계 및 장비 임대업,2008-04-01,12월
주식회사 포트서비스,PORTSERVICE,포트서비스, ,"서순원, 허석균",기타법인,110111-3778151,109-86-10454,"서울특별시 강서구 화곡로61길 53 (등촌동, 경진종합전력) 2층", ,,사업시설 유지ㆍ관리 서비스업,2007-10-30,12월
포항영일만해양케이블카 주식회사,Pohang Yeongilman Ocean Cable car co. Ltd.,포항영일만해양케이블카, ,강석태,기타법인,171711-0137959,279-86-00916,"경상북도 포항시 북구 삼흥로 21 (장성동, 대몽빌딩)",-,,사업시설 유지ㆍ관리 서비스업,2018-02-26,12월
포항황룡(주),"Pohang hwangryong Co.,Ltd",포항황룡, ,홍낭기,기타법인,110111-4263242,101-86-52426,서울특별시 종로구 신문로1가 금호아시아나본관 13층, ,,사업시설 유지ㆍ관리 서비스업,2010-01-15,12월
(주)폴렉스존,POLLEXZONE,폴렉스존, ,김민규,기타법인,110111-3531400,105-87-01019,"서울특별시 마포구 마포대로 34 (도화동, 도원빌딩) 13층",www.pollexzone.com,,콜센터 및 텔레마케팅 서비스업,2006-09-22,12월
푸르른연천 주식회사,"Blue Yeon-Cheon Co., Ltd.",푸르른연천, ,함명호,기타법인,110111-6657063,621-86-16400,"서울특별시 용산구 이촌로 352 (용산동6가, 신동아쇼핑)", ,,사업시설 유지ㆍ관리 서비스업,2018-02-09,12월
(주)푸른경남,Green KyungNam,푸른경남, ,황보연,기타법인,110111-4118968,211-88-28514,서울특별시 강남구 논현동 165 서희빌딩3층, ,,사업시설 유지ㆍ관리 서비스업,2009-07-01,12월
푸른광주환경 주식회사,Pureun kwangju environment,푸른광주환경, ,김여생,기타법인,110111-4258566,101-86-52289,서울특별시 종로구 신문로1가 금호아시아나본관, ,,사업시설 유지ㆍ관리 서비스업,2010-01-05,12월
푸른김제환경(주),Pureun Gimje,푸른김제환경, ,장해남,기타법인,110111-3796236,101-86-36289,전라북도 김제시 검산동 829, ,,사업시설 유지ㆍ관리 서비스업,2007-12-01,12월
푸른목포환경(주),prmp,푸른목포환경, ,장해남,기타법인,201111-0024466,411-81-44420,전라남도 목포시 산정1동 1080-225, ,,사업시설 유지ㆍ관리 서비스업,2006-05-12,12월
푸른상주환경(주)," Pureun Sangju Co.,Ltd",푸른상주환경, ,김여생,기타법인,110111-3758327,101-86-34976,경상북도 상주시 신봉동 141-6, ,,사업시설 유지ㆍ관리 서비스업,2007-09-19,12월
푸른순천환경주식회사,푸른순천환경주식회사,푸른순천환경, ,최준희,기타법인,110111-5898824,258-87-00309,"서울특별시 종로구 새문안로 76 (신문로1가, 금호아시아나본관) 16층", ,,사업시설 유지ㆍ관리 서비스업,2015-11-24,12월
(주)푸른안전산업,pureun safety,푸른안전산업, ,이순자,기타법인,120111-0141359,122-81-51604,"경기도 부천시 상동로117번길 37 (상동, 진성프라자) 3층",pureunsafe.com,,경비 및 경호 서비스업,1996-11-01,12월
푸른예산환경주식회사,푸른예산환경주식회사,푸른예산환경, ,최동찬,기타법인,110111-5324168,101-86-87264,"서울특별시 종로구 새문안로 76 (신문로1가, 금호아시아나본관)", ,,사업시설 유지ㆍ관리 서비스업,2014-01-21,12월
푸른용산(주),"PUREUN  YOUNGSAN.,Ltd",푸른용산, ,홍낭기,기타법인,110111-4332609,101-86-54889,서울특별시 종로구 신문로1가 금호아시아나본관 13층, ,,사업시설 유지ㆍ관리 서비스업,2010-04-19,12월
푸른익산환경(주),Pureun Iksan,푸른익산환경, ,장해남,기타법인,110111-3758236,101-86-34995,전라북도 익산시 황등면 신기리117-17, ,,사업시설 유지ㆍ관리 서비스업,2007-09-19,12월
푸른제주환경 주식회사,Pureun cheju environment,푸른제주환경, ,김여생,기타법인,110111-4251429,101-86-52066,서울특별시 종로구 신문로1가 금호아시아나본관, ,,사업시설 유지ㆍ관리 서비스업,2009-12-28,12월
푸른통영환경 주식회사,Pureun tongyeong environment,푸른통영환경, ,김여생,기타법인,110111-4249581,101-86-51859,서울특별시 종로구 신문로1가 금호아시아나본관, ,,사업시설 유지ㆍ관리 서비스업,2009-12-24,12월
풀무원아이엔 주식회사,"Pulmuone IN Co., Ltd.",풀무원아이엔, ,서종백,기타법인,110111-6609303,835-81-00841,"서울특별시 강남구 광평로 280 (수서동, 로즈데일오피스텔) 3층", ,,상용 인력 공급 및 인사관리 서비스업,2017-12-26,12월
풍성에너지 주식회사,"POONGSUNG ENERGY Co., Ltd.",풍성에너지, ,황재용,기타법인,110111-5606912,206-87-04420,서울특별시 성동구 왕십리로 46 (성수동1가) 풍성빌딩 2층, ,,건축물 일반 청소업,2015-01-02,12월
주식회사 프레시푸드팩토리,"Freshfoodfactory Co.,Ltd",프레시푸드팩토리, ,황제영,기타법인,120111-0963266,890-86-01411,경기도 용인시 처인구 이동읍 삼배울로 23 4층 프레시푸드팩토리, ,,임시 및 일용 인력 공급업,2018-10-26,12월
(주)프로렌트카,PRORENTCAR,프로렌트카, ,송영수,기타법인,110111-3434456,215-86-84964,"서울특별시 강남구 광평로 280 1206(수서동, 로즈데일오피스텔)",prorent.kr/,,자동차 임대업,2006-04-06,12월
주식회사 프로뱅크,PROBANK,프로뱅크, ,신용욱,기타법인,110111-3005322,120-86-67314,서울특별시 강남구 학동로30길 13 (논현동) 2층, ,,상용 인력 공급 및 인사관리 서비스업,2004-05-01,12월
(주)프로에스콤,PROSCOM,프로에스콤, ,신양주,기타법인,110111-0923981,205-81-28112,서울특별시 강남구 테헤란로 322 한신인터밸리24 서관20층,www.proscom.co.kr,,경비 및 경호 서비스업,1993-03-02,12월
주식회사 프로엠,PROM.CO.LTD,프로엠, ,이태주,기타법인,110111-5880376,234-86-00155,"서울특별시 강남구 테헤란로 520 6층 (대치동, 삼안빌딩)",프로엠.com,,고용알선 및 인력공급업,2015-11-04,12월
프로이즈(주),Prois.co,프로이즈, ,이청묵,기타법인,110111-0853237,214-81-41064,서울특별시 용산구 한강대로30길 25 (한강로2가) 센트레빌아스테리움 9층,www.prois.co,,건물ㆍ산업설비 청소 및 방제 서비스업,1992-05-10,12월
프로종합관리(주),"PRO TOTAL SYSTEM CO.,LTD",프로종합관리, ,권욱상,기타법인,110111-1513509,119-81-27281,서울특별시 금천구 시흥대로 97 1동 330호,www.proclean21.co.kr,,"산업설비, 운송장비 및 공공장소 청소업",1998-02-17,12월
(주)프로케어,"PROCARE.Co.,Ltd",프로케어, ,허지안,기타법인,110111-5558220,107-88-33718,"서울특별시 강남구 테헤란로 151 (역삼동, 역삼하이츠빌딩) 804호", ,,사업시설 유지ㆍ관리 서비스업,2014-11-06,12월
주식회사 프리드투어,"PREEDTOUR CO.,LTD",프리드투어, ,박경희,기타법인,230111-0182475,620-81-40881,"서울특별시 영등포구 여의나루로 71 506 (여의도동, 동화빌딩 5층)", ,,여행사업,2011-10-12,12월
프리머스에이치알(주),PrimusHR.Co.Ltd,프리머스에이치알, ,강석린,기타법인,110111-1523590,120-81-79061,"서울특별시 금천구 디지털로 130 (가산동, 남성프라자) 9층",www.primushr.co.kr,,고용알선 및 인력공급업,1998-03-16,12월
주식회사 프리젠트앤퓨처,Present & Future Co Ltd,프리젠트앤퓨처, ,이용훈,기타법인,110111-4106393,104-86-20976,"서울특별시 중구 명동3길 6 (명동1가, 개양빌딩) 17층",www.pnfc.co.kr,,기타 사무지원 서비스업,2009-06-02,12월
주식회사 프리죤,FREEZONE,프리죤, ,"김영열, 최정우",기타법인,120111-0364787,131-81-89365,"인천광역시 연수구 인천타워대로 323 (송도동, 송도센트로드) A동 2505,2506호",www.efreezone.co.kr,,상용 인력 공급 및 인사관리 서비스업,2005-01-24,12월
주식회사 프리죤에어포트서비스,Freezone Airport Service Inc.,프리죤에어포트서비스, ,박억만,기타법인,120111-0933227,378-86-01041,"인천광역시 중구 공항로424번길 66 지하103호 (운서동, LG인천공항에클라트)",fas-korea.co.kr,,경비 및 경호 서비스업,2018-05-01,12월
(주)플러스기획,PLUS communication,플러스기획, ,허공학,기타법인,110111-4166959,211-88-31891,"서울특별시 강서구 양천로 401 (가양동, 강서한강자이타워)  에이동 1209호", ,,"전시, 컨벤션 및 행사 대행업",2009-08-26,12월
(주)플러스렌터카,Plusrentacar,플러스렌터카, ,장규영,기타법인,110111-4457093,204-86-23744,"서울특별시 용산구 한강대로98길 3 (갈월동, KCCIT빌딩) 3층",www.plusrentacar.co.kr/,,자동차 임대업,2010-11-01,12월
플러스매니지먼트 주식회사,Plus Management Ltd.,플러스매니지먼트, ,허상진,기타법인,220111-0183912,112-86-01155,제주특별자치도 제주시 애월읍 애월해안로 516-7 (신엄리), ,,상용 인력 공급 및 인사관리 서비스업,2018-12-04,12월
(주)플러스앤,"Plus N Co. , Ltd",플러스앤, ,이재형,기타법인,110111-1882631,220-81-78800,"서울특별시 강남구 영동대로96길 34 (삼성동, 대윤빌딩) 6층",www.plusn.co.kr,,여행사업,2000-02-18,12월
주식회사 플러스에스앤씨,"Plus Security and clean Co., Ltd.",플러스에스앤씨, ,이종호,기타법인,110111-6298271,330-81-00593,서울특별시 강남구 테헤란로 318 (역삼동) 3층, ,,사업시설 유지ㆍ관리 서비스업,2017-01-23,12월
(주)플레이통,"PLAYTONG Co., Ltd.",플레이통, ,최상길,기타법인,110111-3551234,217-81-22504,서울특별시 강남구 압구정로42길 27 카페캠프통 3층 (신사동),www.teencash.co.kr,,그 외 기타 분류 안된 사업지원 서비스업,2006-10-27,12월
(주)플렉스페이,"FLEXPAY Co., Ltd",플렉스페이, ,"최병우, 김연수",기타법인,110111-6950714,251-87-01379,"서울특별시 성동구 성수이로 66 (성수동2가, 서울숲드림타워) 12층",www.flexpay.co.kr,,그 외 기타 개인 및 가정용품 임대업,2018-12-14,12월
(주)피너,Pner corp.,피너, ,김향민,기타법인,150111-0329272,262-86-02352,"충청북도 청주시 서원구 사운로 91 (사직동, 두산위브더제니스상가) 204호", ,,고용 알선업,2022-06-01,12월
피노 주식회사 ,Pino Co.,피노, ,김지인,기타법인,110111-5018521,105-87-80580,"서울특별시 마포구 도화동 566 자람빌딩 8,9층", ,,사무지원 서비스업,2012-12-07,12월
피누스이앤씨,PINUS ENC,피누스이앤씨, ,김진수,기타법인,110111-3637852,206-86-15333,경기도 고양시 일산서구 구산로101번길 57-12 (구산동), ,,경비 및 경호 서비스업,2017-04-18,12월
피닉스스포츠 주식회사,Phoenix Sports Inc.,피닉스스포츠, ,CHUNG SEUNGSOO(정승수),기타법인,110111-9003742,258-87-03271,"서울특별시 마포구 상암산로 48-6 (상암동, 중앙일보빌딩), 5층", ,,무형재산권 임대업,2024-07-17,12월
주식회사 피비파트너즈,PBPARTNERS,피비파트너즈, ,황재복,기타법인,110111-6550754,406-81-64370,경기도 성남시 중원구 사기막골로31번길 18 6층(상대원동), ,,상용 인력 공급 및 인사관리 서비스업,2017-10-27,12월
 피아이유엔주식회사,"PIUN Co.,Ltd",피아이유엔, ,신종립,기타법인,134111-0383195,123-86-43252,"경기도 군포시 공단로 149 301호(당동, 아이밸리군포)", ,,사업시설 유지ㆍ관리 서비스업,2014-04-25,12월
(주)피앤디,"pnd co., ltd",피앤디, ,신흥식,기타법인,206211-0079597,323-87-02028,"전라남도 여수시 여수산단4로 129 (중흥동, 롯데케미칼(주))", ,,상용 인력 공급 및 인사관리 서비스업,2021-04-26,12월
피앤비솔루션(주),"P&B Solution Co.,Ltd",피앤비솔루션, ,남국현,기타법인,180111-1195808,186-88-01223,"부산광역시 해운대구 센텀중앙로 97 (재송동, 센텀스카이비즈) A-3011",https://www.pnbs.co.kr:9173/,,그 외 기타 분류 안된 사업지원 서비스업,2019-03-01,12월
주식회사 피앤에스맨파워,PNSMANPOWER Corp.,피앤에스맨파워, ,윤재로,기타법인,110111-6730835,840-88-00992,"서울특별시 영등포구 국회대로70길 19 (여의도동, 대하빌딩) 510-2", ,,상용 인력 공급 및 인사관리 서비스업,2018-05-03,12월
주식회사 피앤에스제이,P&SJ,피앤에스제이, ,정경희,기타법인,131311-0303473,143-81-34830,경기도 평택시 고덕여염로 118 (고덕동), ,,건축물 일반 청소업,2023-04-07,12월
(주)피앤에쓰,"PNS Co., Ltd.",피앤에쓰, ,이원문,기타법인,110111-4973164,201-86-29638,서울특별시 중구 명동10길 51,www.ninetreehotel.com,,그 외 기타 분류 안된 사업지원 서비스업,2012-10-04,12월
(주)피앤엠코스메틱스,P&M COSMETICS,피앤엠코스메틱스, ,이재순,기타법인,110111-3482926,120-87-03393,"서울특별시 강남구 삼성로100길 24-1 (삼성동, 오트리스빌딩)4,5층", ,,인력 공급업,2006-07-01,06월
주식회사 피앤피머천다이징,P&P Merchandising,피앤피머천다이징, ,조수현,기타법인,110111-5887538,783-88-00215,"서울특별시 강남구 논현로 414 (역삼동, 세일빌딩) 4층",www.pnpmd.com/,,사업지원 서비스업,2016-01-01,12월
(주)피앤피시스템,"P&P System Co., Ltd",피앤피시스템, ,이백선,기타법인,134811-0412859,891-87-00751,"경기도 화성시 동탄첨단산업1로 27 (영천동, 금강펜테리움IX타워) B동 1633호", ,,인력 공급업,2017-07-01,12월
피에스씨에너지글로벌 주식회사,"PSC Energy Global Co., Ltd.",피에스씨에너지글로벌, ,김권종,기타법인,171711-0092286,506-81-74654,경상북도 포항시 북구 흥해읍 영일만산단로88번길 153 (죽천리), ,,사업지원 서비스업,2011-02-16,12월
(주)피에스엠씨,PUNG SUNG,피에스엠씨, ,최영혜,기타법인,135811-0086843,124-86-02216,"경기도 안산시 단원구 광덕4로 144 (고잔동, 트윈타운) A동 605호", ,,사업시설 유지ㆍ관리 서비스업,2005-05-19,12월
(주)피엔에이링크,P&ALink,피엔에이링크, ,박윤철,기타법인,110111-2494691,120-86-35791,"서울특별시 강남구 봉은사로 533 2층(삼성동, 윤곡빌딩)",www.pnalink.com,,상용 인력 공급 및 인사관리 서비스업,2002-03-20,12월
(주)피엠에스,posco maintence service.co.lte,피엠에스, ,최경식,기타법인,204611-0029877,416-81-67388,"전라남도 광양시 제철로 1800 (금호동, (주)POSCO)", ,,사업시설 유지ㆍ관리 서비스업,2009-07-07,12월
피엠에스코리아,PMSKOREA,피엠에스코리아, ,유광현,기타법인,110111-1740566,120-81-91600,"서울특별시 마포구 매봉산로 80 (상암동, PARKM)", ,,"전시, 컨벤션 및 행사 대행업",1999-07-23,12월
주식회사 피오에쓰,POS KOREA,피오에쓰, ,곽성윤,기타법인,180111-1093383,243-87-00739,"부산광역시 동래구 우장춘로 7 (온천동, 보민빌딩) 1401호", ,,인력 공급업,2017-05-02,12월
주식회사 피유엠피,"PUMP CO, LTD.",피유엠피, ,김동현,기타법인,110111-6969393,658-87-01231,"서울특별시 성동구 뚝섬로1길 31 606호,607호,608호(성수동1가, 서울숲M타워)",www.xingxingmobility.com,,스포츠 및 레크리에이션 용품 임대업,2019-03-01,12월
(주)피플씨앤에스,PEOPLECNS.CO.LTD,피플씨앤에스, ,윤재로,기타법인,110111-3864554,107-87-07436,"서울특별시 영등포구 국회대로70길 19 (여의도동, 대하빌딩) 5층", ,,상용 인력 공급 및 인사관리 서비스업,2008-04-01,12월
(주)하나,HANA CORP.,하나, ,황희진,기타법인,131211-0044970,654-81-00621,경기도 여주시 점동면 장여로 1369 (주)하나, ,,건설 및 토목공사용 기계ㆍ장비 임대업,2016-10-31,12월
주식회사 하나로넷,HANARONET,하나로넷, ,윤종원,기타법인,134811-0571663,809-86-01768,"경기도 화성시 동탄산단4길 37 (방교동, (주)하나로티엔에스) 4층", ,,상용 인력 공급 및 인사관리 서비스업,2020-07-22,12월
(주)하나로렌트카,hanarorent,하나로렌트카, ,김종성,기타법인,110111-1611767,212-81-40962,서울특별시 강동구 천호동 459-3 1층,www.hanarorent.com,,자동차 임대업,1998-12-01,12월
하나리스트럭쳐링제일호 주식회사,Hana Restructuring1,하나리스트럭쳐링제일호, ,이현준,기타법인,110111-5644293,107-88-41483,서울특별시 영등포구 의사당대로 82 8층, ,,무형재산권 임대업,2015-02-17,03월
(주)하나바이오,HANA BIO,하나바이오, ,권순국,기타법인,141311-0007049,227-81-09546,"서울특별시 서초구 법원로3길 6-9 (서초동, 법조빌딩)", ,,건축물 일반 청소업,2002-06-25,12월
하나엠앤에스(주),HANA M&S Inc.,하나엠앤에스, ,이희선,기타법인,110111-5308930,119-86-81975,"경기도 안양시 동안구 관악대로 338 (관양동, 동선빌딩) 602호",13945,,경비 및 경호 서비스업,2014-01-07,12월
(주)하나우리,HANAWOORI,하나우리, ,이수원,기타법인,110111-1883548,113-81-59029,서울특별시 구로구 구로본동 505 재남빌딩 3층,www.tour007.co.kr,,여행사업,2000-02-19,12월
(주)하나제이알,HANA J.R,하나제이알, ,강태현,기타법인,110111-1699375,214-86-32726,경기도 용인시 처인구 양지면 제일리 608-2, ,,사업시설 유지ㆍ관리 서비스업,1999-05-18,12월
하나제일호사모투자전문회사,"Hana Equity Partners I,L.P",하나제일호사모투자전문회사, ,하나대투증권 주식회사,기타법인,110113-0014702,107-87-29594,서울특별시 영등포구 의사당대로 82 (여의도동), ,,그 외 기타 분류 안된 사업지원 서비스업,2009-12-22,12월
주식회사 하나종합관리,-,하나종합관리, ,이상철,기타법인,190111-0045010,608-81-46774,경상남도 김해시 삼문로 19 (대청동) 802호,-,,기타 사무지원 서비스업,2001-12-11,12월
(주)하나투어,HANATOUR SERVICE INC.,하나투어,039130,송미선,유가증권시장,110111-0981038,102-81-39440,서울특별시 종로구 인사동5길 41 (주)하나투어,www.hanatour.com,,여행사업,1993-11-01,12월
(주)하나 투어리스트,HANA TOURIST INC.,하나투어리스트, ,김진환,기타법인,110111-2444828,101-81-79191,"서울특별시 종로구 인사동5길 41 (공평동, 하나빌딩8층)",www.hanatourist.com,,여행사업,2002-02-08,12월
주식회사 하나투어비즈니스,Hana Tour Business Service Inc.,하나투어비즈니스, ,신석원,기타법인,110111-1197064,202-81-54585,"서울특별시 종로구 삼봉로 94 (공평동, 94빌딩)", ,,여행사업,1995-09-19,12월
(주)하나투어아이티씨,HANATOUR ITC INC.,하나투어아이티씨, ,"왕인덕, 권희석(각자대표)",기타법인,110111-2830655,101-81-97302,"서울특별시 종로구 삼봉로 71 (수송동, G타워)  5층", ,,여행사업,2003-09-01,12월
(주)하누리,HANURI,하누리, ,주종명,기타법인,134811-0262254,135-86-29758,"경기도 평택시 진위면 진위2산단로 140 (갈곶리, 더퍼스트타워평택) 1030호,1031호",www.lghanuri.com,,건축물 일반 청소업,2013-01-29,12월
(주)하모니렌트카,HARMONY RENTCAR,하모니렌트카, ,김연운,기타법인,110111-4699603,109-86-31667,"서울특별시 강서구 방화대로 408 202호 (방화동, 세언빌딩)",www.arcarok.co.kr,,자동차 임대업,2011-10-04,12월
하운교육주식회사,hawoon education,하운교육, ,이연작,기타법인,285011-0148367,128-86-33370,경기도 고양시 덕양구 주교동 610-2, ,,사업시설 유지ㆍ관리 서비스업,2008-08-13,12월
하이골드오션11호 국제선박투자회사,HI GOLD OCEAN KMARIN NO.11 SHIP INVESTMENT COMPANY,하이골드오션11호국제선박투자회사, ,양희권,기타법인,220111-0097022,616-86-00662,제주특별자치도 제주시 연삼로 473 (이도이동),www.kmarin.co.kr,,기타 운송장비 임대업,2012-11-15,12월
하이골드오션12호국제선박투자회사,HI GOLD OCEAN KMARIN NO.12 SHIP INVESTMENT COMPANY,하이골드오션12호국제선박투자회사,172580,전주식,기타법인,220111-0098327,616-86-02388,제주특별자치도 제주시 연삼로 473 산업경제진흥원 (이도이동),imt@kmaringroup.com,,운송장비 임대업,2013-01-10,12월
하이골드오션2호 선박투자회사,"HI GOLD OCEAN NO.2 SHIP INVESTMENT CO., LTD.",하이골드오션2호선박투자회사,139200,신주선,기타법인,220111-0079806,616-81-83649,제주특별자치도 제주시  연삼로 473 산업경제진흥원,www.koreashipfinance.com/,,기타 운송장비 임대업,2010-12-09,12월
하이골드오션3호선박투자회사,Hi Gold Ocean No.3 Ship Investment Company,하이골드오션3호선박투자회사,153360,전주식,기타법인,220111-0087057,616-81-92319,제주특별시자치도 제주시 연삼로 473 산업경제진흥원,imt@kmaringroup.com,,운송장비 임대업,2011-10-31,12월
하이골드오션8호국제선박투자회사,HI GOLD OCEAN KMARIN NO.8 SHIP INVESTMENT COMPANY,하이골드오션8호국제선박투자회사,159650,오운용,기타법인,220111-0087065,616-81-94277,제주특별자치도 제주시 연삼로 473 산업경재진흥원 연삼로 473 산업경제진흥원(이도이동),www.kmarin.co.kr,,운송장비 임대업,2011-10-31,12월
하이드릭앤스트러글스코리아(주),Heidrick&Struggles (Korea) Inc.,하이드릭앤스트러글스코리아, ,김인혜,기타법인,110111-1713117,104-81-46253,서울특별시 강남구 역삼동 737 강남파이낸스센타 16층,www.heidrick.com,,고용알선 및 인력공급업,1999-06-23,12월
하이디스테크놀로지 (주),"HYDIS Technologies CO.,LTD.",하이디스테크놀로지, ,리우치청,기타법인,134411-0022490,126-81-67258,서울특별시 강남구 테헤란로 325 (역삼동) 어반벤치빌딩 9층,www.hydis.com,,무형재산권 임대업,2002-11-25,12월
주식회사 하이렌터카,"Hi Rent A Car Co., Ltd.",하이렌터카, ,김성준,기타법인,110111-2670697,220-86-53366,서울특별시 강남구 역삼1동 619-13 한아빌Ⅱ빌딩 1층,www.sixt.co.kr,,자동차 임대업,2002-12-11,12월
하이리치자산관리 주식회사,HIRICH,하이리치자산관리, ,장숙원,기타법인,110111-0581945,207-81-41713,"경기도 군포시 산본천로214번길 30 (산본동, 삼성아파트상가) 103호", ,,건축물 일반 청소업,2010-10-01,12월
(주)하이맥스컨설팅,Hi-max consulting.co.ltd,하이맥스컨설팅, ,서화덕,기타법인,110111-1132763,116-81-36137,"서울특별시 서초구 반포대로20길 61 (서초동, 동성빌라) 2층",www.hi-max.co.kr,,상용 인력 공급 및 인사관리 서비스업,1995-03-10,12월
하이오토렌탈,HIAUTORENTAL,하이오토렌탈, ,윤형관,기타법인,110111-4405589,104-86-29792,서울특별시 중구 의주로2가 16-72 서소문공원 지하주차장내 상가,hprent.com,,자동차 임대업,2010-08-02,12월
주식회사 하이오토클럽,"Hi Auto Club Co., LTD",하이오토클럽, ,안정희,기타법인,110111-2326464,109-81-73231,"서울특별시 강서구 양천로 401 13층 1310호(가양동, 강서한강자이타워)", ,,기타 사무지원 서비스업,2001-09-06,12월
주식회사 하이원파트너스,High1 Partners Corporation,하이원파트너스, ,유채상,기타법인,144911-0015930,888-87-01550,강원도 정선군 사북읍 하이원길 265, ,,사업시설 유지ㆍ관리 서비스업,2019-12-18,12월
(주)하이이노서비스,"Hi Inno Service Co., Ltd.",하이이노서비스, ,이창호,기타법인,110111-1757165,101-81-49853,"서울특별시 양천구 목동서로 225 (목동, 대한민국예술인센터 8층)",www.hiinno.com,,사업시설 유지ㆍ관리 서비스업,1999-08-20,12월
주식회사 하이잡케어,"HIJOBCARE Co.,Ltd.",하이잡케어, ,김성용,기타법인,110111-5452779,215-87-92743,"서울특별시 송파구 중대로 220 7층 701호(가락동, 국토빌딩)",www.hijobcare.com/,,인력 공급업,2014-07-02,12월
주식회사 하이진로지스틱스,"HijinLogistics Co., Ltd.",하이진로지스틱스, ,윤종옥,기타법인,134811-0269101,135-86-32156,경기도 오산시 가장산업동로 37 (가장동), ,,임시 및 일용 인력 공급업,2013-04-25,12월
하이케어솔루션 주식회사,Hi-Caresolution Corp,하이케어솔루션, ,손대기,기타법인,110111-7737070,460-81-02233,"서울특별시 강서구 마곡중앙5로 18 (마곡동, KGSQUARE)",https://www.hi-caresolution.com/,,그 외 기타 사업지원 서비스업,2021-01-04,12월
주식회사 하이테크주택,HI·TECH HOUSING Inc.,하이테크주택, ,강민경,기타법인,230111-0076975,610-81-52852,울산광역시 남구 돋질로 74 5층(달동), ,,사업시설 유지ㆍ관리 서비스업,2001-10-01,12월
(주)하이텍서비스,"HIGHTECHSERVICE.,CO LTD",하이텍서비스, ,김종현,기타법인,110111-2380791,215-86-17674,"서울특별시 강남구 강남대로 624 (신사동, ICTTOWER) 5층", ,,건축물 일반 청소업,2001-11-22,12월
(주)하이텔레서비스,"HITELESERVICE CO.,LTD",하이텔레서비스, ,김기남,기타법인,110111-4251552,107-87-30067,"서울특별시 금천구 디지털로10길 56 (가산동, LG전자가산A) 8층",www.hiteleservice.co.kr,,콜센터 및 텔레마케팅 서비스업,2009-12-29,12월
(주)한강티에스,hangangts,한강티에스, ,김정수,기타법인,110111-4715376,119-86-47910,서울특별시 금천구 시흥대로 268 207호 (시흥동), ,,사업시설 유지ㆍ관리 서비스업,2011-10-26,12월
한국강재산업(주),hankook,한국강재산업, ,정동장,기타법인,134511-0069937,135-81-61850,경기도 이천시 대월면 설가로 663 (군량리), ,,건설 및 토목공사용 기계ㆍ장비 임대업,2003-04-12,12월
(주)한국경영원,bizpoll,한국경영원, ,김보현,기타법인,200111-0066633,409-81-33798,광주광역시 북구 중흥동712-3 한경빌딩6층,www.bizpoll.net,,그 외 기타 분류 안된 사업지원 서비스업,1996-07-19,12월
(주)한국고용정보,kbsjob.co.kr,한국고용정보, ,손영득,기타법인,110111-1537434,220-81-51548,강원도 춘천시 영서로 2491 첨단정보산업단지,www.kbsjob.co.kr,,콜센터 및 텔레마케팅 서비스업,1998-04-27,12월
한국공항보안 주식회사,Korea Airport Security Corporation,한국공항보안, ,김수봉,기타법인,110111-7301453,554-88-01483,"서울특별시 강서구 하늘길 38 (방화동)국제선청사 223-2, 223-3",www.airsecure.kr,,경비 및 경호 서비스업,2019-11-22,12월
한국관리,HANKOOK MANAGEMENT,한국관리, ,김영기,기타법인,110111-3356923,214-87-81603,"경기도 하남시 미사강변남로 103 (망월동, 미사랑데르3차) 807호 809-1호",hms21.co.kr/,,사업시설 유지ㆍ관리 서비스업,2005-12-12,12월
한국금융안전(주),"KOREA FINANCE SECURITY CO., LTD",한국금융안전, ,김석,기타법인,110111-0735302,120-81-29066,"서울특별시 동작구 대림로 27 (신대방동, 한국금융안전빌딩)",www.kfsco.com,,경비 및 경호 서비스업,1990-12-07,12월
(주)한국기계유통렌탈,KOREA MACHINE DISTRIBUTION RENTAL CO.LTD.,한국기계유통렌탈, ,임기화,기타법인,135511-0189932,140-81-28284,"경기도 시흥시 산기대학로 115, 5-304(정왕동,시화공작기계판매단지)",www.kmdr.co.kr,,기타 산업용 기계 및 장비 임대업,2008-04-02,12월
한국기업금융자문(주),Korea Corporate Finance Consulting,한국기업금융자문, ,박행수,기타법인,110111-1782641,120-81-94081,서울특별시 강남구 대치동 945-1 홍우빌딩 9층, ,,그 외 기타 분류 안된 사업지원 서비스업,1999-10-04,12월
한국기업평가(주),Korea Ratings Corporation,한국기업평가,034950,김기범,코스닥시장,110111-0362808,116-81-40193,서울특별시 영등포구 의사당대로 97 교보증권 7층,www.korearatings.com,,신용 조사 및 추심 대행업,1983-12-29,12월
한국도로공사시설관리 주식회사,Expressway Facility Management Coporation,한국도로공사시설관리, ,장진영,기타법인,171311-0038816,721-86-01115,"경상북도 김천시 혁신8로 77 (율곡동, 한국도로공사) 2층 시설관리", ,,사업시설 유지ㆍ관리 서비스업,2018-06-26,12월
한국동그라미파트너스 주식회사,Hankook Donggeurami Partner,한국동그라미파트너스, ,정일룡,기타법인,160111-0392798,666-81-00186,"대전광역시 대덕구 대덕대로1447번길 40 (목상동, 한국타이어(주)대전공장)", ,,기타 사무지원 서비스업,2015-07-01,12월
주식회사 한국디엘서비스,koreadlservice,한국디엘서비스, ,최병록,기타법인,120111-1034561,748-87-01529,"인천광역시 중구 영종대로162번길 26 (운서동, 삼성홈큐브) 207호", ,,그 외 기타 분류 안된 사업지원 서비스업,2019-11-19,12월
한국렌탈(주),Korea Rental Corporation,한국렌탈, ,범진규,기타법인,110111-0639900,220-81-15601,"서울특별시 성동구 연무장11길 10 (성수동2가, 우리큐브) 3층",www.korearental.co.kr,,기타 산업용 기계 및 장비 임대업,1989-07-21,12월
주식회사 한국리더십센터,KOREA LEADERSHIP CENTER,한국리더십센터, ,김경섭,기타법인,110111-1086928,214-81-90129,서울특별시 강남구 수서동 724번지 로즈데일빌딩 8층,www.eklc.co.kr,,그 외 기타 분류 안된 사업지원 서비스업,1994-10-11,03월
한국마사회시설관리(주),krafm,한국마사회시설관리, ,박상민,기타법인,134111-0537297,630-81-01605,"경기도 안양시 동안구 동편로 54-11 (관양동, 디어스) 6층",krafm.co.kr/,,사업시설 유지ㆍ관리 서비스업,2019-11-07,12월
(주)한국면세서비스시스템,"KOREA DUTY FREE SERVICE SYSTEM Co., Ltd.",한국면세서비스시스템, ,황병환 박창능,기타법인,110111-3156365,109-81-95778,"인천광역시 중구 영종대로 124 (운서동, 한정빌딩) 906", ,,임시 및 일용 인력 공급업,2005-01-21,12월
한국문화진흥(주),Korea Culture Promotion Corporation,한국문화진흥, ,정필묵,기타법인,110111-0364474,126-81-05548,"경기도 광주시 삼지곡길 95 (삼동, 뉴서울컨트리클럽)", ,,사업시설 유지ㆍ관리 서비스업,1984-01-26,12월
주식회사 한국문화진흥,Korea Culture Promotion Inc.,한국문화진흥, ,고승범,기타법인,110111-1482217,120-81-77097,"서울특별시 강남구 영동대로 326 (대치동, 컬쳐랜드타워) 9층",www.cultureland.co.kr,,그 외 기타 분류 안된 사업지원 서비스업,1997-11-07,12월
(주)한국바이오텍,"KOREA BIOTEC CO.,LTD",한국바이오텍, ,천세기,기타법인,214911-0033739,403-81-60128,경상북도 상주시 발산로 135 (초산동), ,,그 외 기타 분류 안된 사업지원 서비스업,2010-10-04,12월
한국보안컨설팅(주),Korea Security Consulting,한국보안컨설팅, ,김재욱,기타법인,110111-2366626,206-81-64580,서울특별시 송파구 백제고분로 279 송파동산빌딩 6층, ,,경비 및 경호 서비스업,2001-11-02,12월
한국선박글로벌1호선박투자회사,KOREA SHIPPING GLOBAL NO.1 INVESTMENT COMPANY,한국선박글로벌1호선박투자회사, ,이기혁,기타법인,220111-0161140,196-88-00783,제주특별자치도 제주시 연삼로 473 (이도이동), ,,기타 운송장비 임대업,2017-04-12,12월
한국선박글로벌2호선박투자회사,KOREA SHIPPING GLOBAL NO.2 INVESTMENT COMPANY,한국선박글로벌2호선박투자회사, ,이기혁,기타법인,220111-0161158,475-87-00622,제주특별자치도 제주시 연삼로 473 (이도이동), ,,기타 운송장비 임대업,2017-04-12,12월
한국선박글로벌3호선박투자회사,KOREA SHIPPING GLOBAL NO.3 INVESTMENT COMPANY,한국선박글로벌3호선박투자회사, ,신주선,기타법인,220111-0169334,114-88-00802,제주특별자치도 제주시 연삼로 473 (이도이동) 경제통상진흥원, ,,기타 운송장비 임대업,2017-11-24,12월
한국선박글로벌4호선박투자회사,KOREA SHIPPING GLOBAL NO.4 INVESTMENT COMPANY,한국선박글로벌4호선박투자회사, ,조용식,기타법인,220111-0169459,287-88-00809,"부산광역시 남구 문현금융로 40 (문현동, 부산국제금융센터)", ,,기타 운송장비 임대업,2017-11-28,12월
한국선박해양주식회사,Korea Shipping and Maritime Transportation,한국선박해양, ,나성대,기타법인,180111-1076016,305-88-00577,"부산광역시 남구 문현금융로 40 (문현동, 부산국제금융센터) 13층",www.ko-smart.co.kr,,기타 운송장비 임대업,2017-01-25,12월
한국시스템주식회사,"HK SYSTEM CO., LTD.",한국시스템, ,"하재진, 김용성",기타법인,180111-0953207,605-86-33635,"부산광역시 부산진구 서면문화로 27 605호 (부전동, 유원골든타워오피스텔)",www.hks.kr,,건설 및 토목공사용 기계ㆍ장비 임대업,2015-01-20,12월
(주)한국시스템가설산업,Hankook System Hypothesis Industry,한국시스템가설산업, ,이경표,기타법인,150111-0171699,317-81-34353,충청북도 진천군 진천읍 생거진천로 1435 (장관리) 1층,www.hankookgroup.co.kr/,,건설 및 토목공사용 기계ㆍ장비 임대업,2013-02-21,12월
한국씨에이인크 주식회사 ,CA Korea Inc,한국씨에이인크, ,마이클리 최,기타법인,110111-0632954,120-81-25847,"서울특별시 강남구 테헤란로87길 36 (삼성동, 도심공항타워) 22층", ,,컴퓨터 및 사무용 기계ㆍ장비 임대업,1989-06-13,03월
(주)한국아이티시스템,KOREA IT SYSTEM,한국아이티시스템, ,김호진,기타법인,110111-1777048,107-81-71367,서울특별시 강동구 길동 367-4 만종빌딩 2층,www.kitsys.com,,여행사업,1999-10-01,12월
한국애보트 유한회사,Abbott Korea Limited,한국애보트, ,김현정,기타법인,110114-0253267,120-81-54740,"서울특별시 강남구 영동대로 421 (대치동, 삼탄빌딩) 7층", ,,기타 산업용 기계 및 장비 임대업,1988-06-10,12월
(주)한국에스웨이,S-waykorea,한국에스웨이, ,조구현,기타법인,110111-3076571,106-86-30752,"서울특별시 송파구 오금로11길 7 (방이동, 제이타워빌딩)7층",www.s-waykorea.com,,상용 인력 공급 및 인사관리 서비스업,2004-09-01,12월
한국오릭스렌텍주식회사,ORIX Rentec(Korea)Corporation,한국오릭스렌텍, ,김재년,기타법인,110111-2216243,220-86-10028,"서울특별시 강남구 삼성로96길 19 (삼성동, 청림빌딩)3층",www.orixrentec.co.kr,,기타 산업용 기계 및 장비 임대업,2001-04-13,03월
(주)한국유로폼,hankook euroform,한국유로폼, ,이상훈,기타법인,150111-0110952,317-81-07180,충청북도 진천군 진천읍 생거진천로 1435 (장관리),www.hkeuroform.co.kr,,임대업; 부동산 제외,2007-11-28,12월
주식회사한국이앤엑스,Korea E&Ex Inc.,한국이앤엑스, ,김정조,기타법인,110111-1532244,120-81-81311,"서울특별시 강남구 영동대로 511 (삼성동, 트레이드타워) 2001호",www.eandex.co.kr,,"전시, 컨벤션 및 행사 대행업",1998-04-07,12월
한국잡월드파트너즈 주식회사,"Korea JobWorld Partners Co.,Ltd.",한국잡월드파트너즈, ,김성오,기타법인,131111-0531911,780-87-01178,경기도 성남시 분당구 분당수서로 501 (정자동),www.kjwpartners.co.kr,,그 외 기타 사업지원 서비스업,2018-09-27,12월
주식회사한국종합녹화산업,"HAN KOOK JONG HAP NOCK HWA INDUSTRY CO.LTD.,",한국종합녹화산업, ,차상수,기타법인,175911-0004225,507-81-05029,충청남도 태안군 근흥면 정죽리 2259-1 제1호, ,,조경 관리 및 유지 서비스업,2006-06-01,12월
한국주차장운영 주식회사,"Korea Parking Operation Co.,Ltd",한국주차장운영, ,안동준,기타법인,110111-5943869,380-88-00336,"강원도 평창군 용평면 탑거리길 63 (이목정리, 평창상휴게소)", ,,무형재산권 임대업,2016-01-12,03월
한국체육산업개발(주),KSPO&CO,한국체육산업개발, ,이한조,기타법인,110111-0713233,215-81-12034,"서울특별시 송파구 올림픽로 424 (방이동, 올림픽공원)",www.korea-sports.com,,사업시설 유지ㆍ관리 서비스업,1990-08-01,12월
한국컨테이너풀주식회사,Korea Container Pool Co. Ltd.,한국컨테이너풀, ,서병륜,기타법인,110111-1344251,105-81-83590,"서울특별시 마포구 마포대로 63-8 (도화동, 삼창프라자빌딩) 6층",http://www.kcps.co.kr,,기타 산업용 기계 및 장비 임대업,1996-11-21,12월
한국타운세이퍼(주),Korean Town Safer,한국타운세이퍼, ,이상길,기타법인,160111-0284557,314-86-17419,"대전광역시 서구 가수원로 43 (가수원동, 규장각학원) 3층", ,,"전시, 컨벤션 및 행사 대행업",2010-08-23,12월
한국탕화쿵푸 주식회사,"TANGHUOKUNGFU KOREA CO.,LTD.",한국탕화쿵푸, ,TENG FEILONG YU HONGTAO,기타법인,110111-7087350,424-86-01247,"서울특별시 강남구 도산대로 330 (논현동, 서림빌딩) 9층", ,,그 외 기타 분류 안된 사업지원 서비스업,2019-05-09,12월
한국 토니지 13호 선박투자회사,Korea Tonnage Investment No.13 Company,한국토니지13호선박투자회사, ,장성수,기타법인,220111-0148106,629-86-00445,제주특별자치도 제주시 연삼로 473 (이도이동),www.kamcosimc.com,,기타 운송장비 임대업,2016-06-15,12월
한국 토니지 14호 선박투자회사,Korea Tonnage Investment No.14 Company,한국토니지14호선박투자회사, ,장성수,기타법인,220111-0154301,375-86-00534,제주특별자치도 제주시 연삼로 473 (이도이동),www.kamcosimc.com,,기타 운송장비 임대업,2016-11-09,12월
한국 토니지 18호 선박투자회사,Korea Tonnage Investment No.18 Company,한국토니지18호선박투자회사, ,장성수,기타법인,220111-0154369,379-88-00582,제주특별자치도 제주시 연삼로 473 (이도이동),www.kamcosimc.com,,기타 운송장비 임대업,2016-11-09,12월
한국토니지1호 선박투자회사,Korea Tonnage Investment No.1 Company,한국토니지1호선박투자회사, ,장성수,기타법인,220111-0126459,243-86-00047,제주특별자치도 제주시 연삼로 473 (이도이동), ,,기타 운송장비 임대업,2015-04-07,12월
한국토니지27호 선박투자회사,Korea Tonnage Investment No.27 Company,한국토니지27호선박투자회사, ,장성수,기타법인,220111-0161679,328-81-00697,제주특별자치도 제주시 연삼로 473 (이도이동),www.kamcosimc.com,,기타 운송장비 임대업,2017-04-24,12월
한국토니지28호 선박투자회사,Korea Tonnage Investment No.28 Company,한국토니지28호선박투자회사, ,장성수,기타법인,220111-0161687,882-86-00653,제주특별자치도 제주시 연삼로 473 (이도이동),www.kamcosimc.com,,기타 운송장비 임대업,2017-04-24,12월
한국토니지29호 선박투자회사,Korea Tonnage Investment No.29 Company,한국토니지29호선박투자회사, ,장성수,기타법인,220111-0161695,841-86-00725,제주특별자치도 제주시 연삼로 473 (이도이동),www.kamcosimc.com,,기타 운송장비 임대업,2017-04-24,12월
한국토니지2호선박투자회사,Korea Tonnage Investment No.2 Company,한국토니지2호선박투자회사, ,장성수,기타법인,220111-0126441,803-87-00069,제주특별자치도 제주시 연삼로 473 (이도이동), ,,기타 운송장비 임대업,2015-04-07,12월
한국토니지30호 선박투자회사,Korea Tonnage Investment No.30 Company,한국토니지30호선박투자회사, ,장성수,기타법인,220111-0161702,592-88-00638,제주특별자치도 제주시 연삼로 473 (이도이동),www.kamcosimc.com,,기타 운송장비 임대업,2017-04-24,12월
한국토니지31호 선박투자회사,Korea Tonnage Investment No.31 Company,한국토니지31호선박투자회사, ,장성수,기타법인,220111-0161710,171-87-00865,제주특별자치도 제주시 연삼로 473 (이도이동),www.kamcosimc.com,,기타 운송장비 임대업,2017-04-24,12월
한국토니지32호 선박투자회사,Korea Tonnage Investment No.32 Company,한국토니지32호선박투자회사, ,장성수,기타법인,220111-0161728,867-88-00508,제주특별자치도 제주시 연삼로 473 (이도이동),www.kamcosimc.com,,기타 운송장비 임대업,2017-04-24,12월
한국토니지37호 선박투자회사,Korea Tonnage Investment No.37 Company,한국토니지37호선박투자회사, ,장성수,기타법인,220111-0161778,644-87-00742,제주특별자치도 제주시 연삼로 473 (이도이동),www.kamcosimc.com,,기타 운송장비 임대업,2017-04-24,12월
한국토니지38호 선박투자회사,Korea Tonnage Investment No.38 Company,한국토니지38호선박투자회사, ,장성수,기타법인,220111-0161786,430-86-00812,제주특별자치도 제주시 연삼로 473 (이도이동),www.kamcosimc.com,,기타 운송장비 임대업,2017-04-24,12월
한국토니지3호선박투자회사,Korea Tonnage Investment No.3 Company,한국토니지3호선박투자회사, ,장성수,기타법인,180111-0997792,177-86-00191,"부산광역시 남구 문현금융로 40 (문현동, 부산국제금융센터), 43층 한국자산관리공사 투자금융부", ,,기타 운송장비 임대업,2015-10-19,12월
한국토니지40호선박투자회사,Korea Tonnage Investment No.40 Company,한국토니지40호선박투자회사, ,장성수,기타법인,220111-0169029,148-86-01057,제주특별자치도 제주시 연삼로 473 (이도이동), ,,기타 운송장비 임대업,2017-11-14,12월
한국토니지41호선박투자회사,Korea Tonnage Investment No.41 Company,한국토니지41호선박투자회사, ,장성수,기타법인,220111-0168972,508-81-41386,제주특별자치도 제주시 연삼로 473 (이도이동), ,,기타 운송장비 임대업,2017-11-14,12월
한국토니지43호선박투자회사,Korea Tonnage Investment No.43 Company,한국토니지43호선박투자회사, ,장성수,기타법인,220111-0168998,894-88-00835,제주특별자치도 제주시 연삼로 473 (이도이동), ,,기타 운송장비 임대업,2017-11-14,12월
한국토니지46호선박투자회사,Korea Tonnage Investment No.46 Company,한국토니지46호선박투자회사, ,장성수,기타법인,220111-0173814,695-87-00885,제주특별자치도 제주시 연삼로 473 (이도이동), ,,기타 운송장비 임대업,2018-03-19,12월
한국토니지47호선박투자회사,Korea Tonnage Investment No.47 Company,한국토니지47호선박투자회사, ,장성수,기타법인,220111-0179804,352-86-01199,제주특별자치도 제주시 연삼로 473 (이도이동), ,,기타 운송장비 임대업,2018-08-16,12월
한국토니지48호선박투자회사,Korea Tonnage Investment No.48 Company,한국토니지48호선박투자회사, ,장성수,기타법인,220111-0182295,547-86-01216,제주특별자치도 제주시 연삼로 473 (이도이동), ,,기타 운송장비 임대업,2018-10-25,12월
한국토니지49호선박투자회사,Korea Tonnage Investment No.49 Company,한국토니지49호선박투자회사, ,장성수,기타법인,220111-0182302,137-86-53690,제주특별자치도 제주시 연삼로 473 (이도이동), ,,기타 운송장비 임대업,2018-10-25,12월
한국토니지4호선박투자회사,Korea Tonnage Investment No.4 Company,한국토니지4호선박투자회사, ,장성수,기타법인,180111-0997916,699-86-00274,"부산광역시 남구 문현금융로 40 (문현동, 부산국제금융센터), 43층 한국자산관리공사 투자금융부", ,,기타 운송장비 임대업,2015-10-19,12월
한국토니지50호선박투자회사,Korea Tonnage Investment No.50 Company,한국토니지50호선박투자회사, ,장성수,기타법인,220111-0182310,639-81-01238,제주특별자치도 제주시 연삼로 473 (이도이동), ,,기타 운송장비 임대업,2018-10-25,12월
한국토니지51호선박투자회사,Korea Tonnage Investment No.51 Company,한국토니지51호선박투자회사, ,장성수,기타법인,220111-0182328,876-87-01178,제주특별자치도 제주시 연삼로 473 (이도이동), ,,기타 운송장비 임대업,2018-10-25,12월
한국토니지52호선박투자회사,Korea Tonnage Investment No.52 Company,한국토니지52호선박투자회사, ,장성수,기타법인,220111-0182336,584-86-01229,제주특별자치도 제주시 연삼로 473 (이도이동), ,,기타 운송장비 임대업,2018-10-25,12월
한국토니지7호선박투자회사,Korea Tonnage Investment No.7 Company,한국토니지7호선박투자회사, ,장성수,기타법인,180111-0997932,828-81-00289,"부산광역시 남구 문현금융로 40 (문현동, 부산국제금융센터), 43층 한국자산관리공사 투자금융부", ,,기타 운송장비 임대업,2015-10-19,12월
한국 토니지 신조1호 선박투자회사,Korea Tonnage NB Investment No.1 Company,한국토니지신조1호선박투자회사, ,최정훈,기타법인,220111-0216622,292-86-02052,제주특별자치도 제주시 연삼로 473 (이도이동),www.kamcosimc.com/ktnb1,,기타 운송장비 임대업,2021-02-22,12월
한국 토니지 신조2호 선박투자회사,Korea Tonnage NB Investment No.2 Company,한국토니지신조2호선박투자회사, ,최정훈,기타법인,220111-0216680,442-88-01967,제주특별자치도 제주시 연삼로 473 (이도이동),www.kamcosimc.com/ktnb2,,기타 운송장비 임대업,2021-02-22,12월
한국파렛트풀 주식회사,"KOREA PALLET POOL Co.,LTD.",한국파렛트풀, ,서병륜 서용기,기타법인,110111-6505098,293-86-00907,"서울특별시 마포구 마포대로 63-8 6층 (도화동, 삼창프라자빌딩)",kpp.logisall.com/,,기타 산업용 기계 및 장비 임대업,2017-09-01,12월
한국파워엔지니어링서비스 주식회사,"Korea Power Engineering Service Co., LTD.",한국파워엔지니어링서비스, ,서성재,기타법인,280211-0120209,127-86-46080,"경기도 성남시 분당구 정자일로 239 (정자동, 아이파크분당1) 102동 701호",www.kopes.co.kr,,사업시설 유지ㆍ관리 서비스업,2013-01-10,12월
한국해양2호선박투자회사,Korea Ocean No.1 Ship Investment Company,한국해양2호선박투자회사, ,오운용,기타법인,220111-0182427,346-81-01317,제주특별자치도 제주시 연삼로 473 (이도이동), ,,기타 운송장비 임대업,2018-10-29,12월
한국해운(주),"KOREA MARITIME CO., LTD",한국해운, ,장행수,기타법인,110111-0029838,201-81-03119,"서울특별시 강남구 선릉로 433 신관 16층 한국해운 (역삼동, 세방빌딩)", ,,상용 인력 공급 및 인사관리 서비스업,1960-02-24,12월
(주)한길커넥트,Hangil connect,한길커넥트, ,민경수,기타법인,135811-0408930,297-86-02149,"경기도 수원시 팔달구 장다리로306번길 26 (인계동)평은빌딩 604,605호", ,,사업지원 서비스업,2020-12-22,12월
한남여행인터내셔날(주),HANNAM TRAVEL INTERNATIONAL.CO.LTD,한남여행인터내셔날, ,조영균,기타법인,110111-0624191,101-81-20915,서울특별시 중구 장교동 장교빌딩 10층,www.hannam.co.kr,,여행사업,1989-05-22,12월
한동개발주식회사,Han-dong development co. Ltd,한동개발, ,맹창영,기타법인,110111-3531723,206-86-10793,서울특별시 용산구 갈월동 103-17 2층 201, ,,사업시설 관리 및 조경 서비스업,2006-09-25,12월
주식회사 한동종합관리,"HANDONG TOTAL MANAGEMENT, INC.",한동종합관리, ,이진호,기타법인,171711-0120699,179-88-00245,경상북도 포항시 남구 운하로 227 (송도동)3층, ,,사업시설 유지ㆍ관리 서비스업,2015-10-08,12월
한라제주개발주식회사,Halla Jeju Development Corporation,한라제주개발, ,이현정,기타법인,134511-0283967,374-88-00291,경기도 용인시 기흥구 기흥단지로 46, ,,그 외 기타 사업지원 서비스업,2016-03-07,12월
한류우드에이엠주식회사,"HallyuWood Asset Management Co.,Ltd",한류우드에이엠, ,이덕행,기타법인,110111-3439901,206-86-06964,서울특별시 광진구 구의3동 테크노마트 546-4, ,,기타 사업지원 서비스업,2006-04-14,12월
(주)한미기술,koam tech services,한미기술, ,강규익,기타법인,110111-0432700,211-81-32794,서울특별시 강남구 학동로44길 6 (논현동) 모아빌딩 203호,www.hanmiks.co.kr,,사업시설 유지ㆍ관리 서비스업,1986-07-25,12월
한바다1호 선박투자회사,Hanbada No. [1] Ship Investment Company,한바다1호선박투자회사, ,최종걸,기타법인,180111-0557215,602-81-39498,부산광역시 중구 중앙동4가 해양빌딩 1층,www.cnfinancing.co.kr,,기타 운송장비 임대업,2006-05-25,12월
(주)한보주택관리,HANBOHOUSING,한보주택관리, ,이승엽,기타법인,170111-0141599,514-81-31525,"대구광역시 서구 서대구로 195 (평리동, 서대구농협)2층", ,,사업시설 유지ㆍ관리 서비스업,1998-11-04,12월
주식회사 한불,"Hanbul Co.,Ltd",한불, ,김종천,기타법인,110111-2763278,204-81-79618,"서울특별시 강동구 풍성로 177 ,2층 (성내동)",www.hanbul.net,,사업시설 유지ㆍ관리 서비스업,2003-04-18,12월
한불에너지관리(주),Hanbul Energy Management,한불에너지관리, ,염정관,기타법인,110111-1154014,120-81-50064,"경기도 성남시 분당구 대왕판교로 660 (삼평동, 유스페이스1) A동 1008호",www.hemoc.co.kr,,사업시설 관리 및 조경 서비스업,1995-05-02,12월
주식회사 한빛씨앤씨,company hanbit C&C,한빛씨앤씨, ,전경숙,기타법인,110111-2668460,120-86-45983,"서울특별시 강서구 화곡로68길 82 (등촌동, 강서아이티밸리)405호", ,,기타 사업지원 서비스업,2002-12-01,12월
주식회사 한샘개발,Hanssem Development. co.ltd,한샘개발, ,"노정현, 박상은",기타법인,110111-4805276,119-86-53353,"서울특별시 금천구 가산디지털2로 70 (가산동, 대륭테크노타운19차) 1801호",www.hanssemdev.com/,,인력 공급업,2012-02-24,12월
한성안전관리(주),"HANSUNG.CO.,LTD",한성안전관리, ,노병태,기타법인,110111-1150806,209-81-16277,"서울특별시 송파구 송파대로 467 (석촌동, 대성빌딩) 4층", ,,경비 및 경호 서비스업,1995-04-21,12월
(주)한성엠에스,"Hansung Manpower Services Co., LTD.",한성엠에스, ,유광열,기타법인,110111-1354052,120-81-70191,"서울특별시 영등포구 선유로 146 (양평동3가, 이앤씨드림타워), 1013호",www.hansungms.co.kr,,상용 인력 공급 및 인사관리 서비스업,1996-12-19,12월
주식회사 한성이노베이션,"Hansunginnovation.Co.,Ltd",한성이노베이션, ,김학수,기타법인,110111-8012215,760-81-02550,"서울특별시 광진구 광나루로56길 85 10층 (구의동, 테크노-마트21)", ,,사업시설 유지ㆍ관리 서비스업,2021-09-01,12월
(주)한성프라임,"HANSUNG PRIME CO.,LTD",한성프라임, ,권오만,기타법인,110111-1079121,213-86-27652,서울특별시 강남구 논현로36길 12 (도곡동) 2층, ,,사업시설 유지ㆍ관리 서비스업,1994-10-15,12월
한신렌탈(주),hanshinrentalcorporation,한신렌탈, ,장승웅,기타법인, ,114-81-61678,서울특별시 서초구 양재동 275-4번지,해당사항없음.,,기타 산업용 기계 및 장비 임대업,1994-11-30,12월
한양테크앤서비스 주식회사,HANYANG TECH & SERVICE,한양테크앤서비스, ,"홍원균, 곽영신",기타법인,134811-0206640,124-87-06524,"경기도 화성시 삼성1로 160 614호 (석우동, 디지털스테이션)", ,,사업시설 유지ㆍ관리 서비스업,2010-12-07,09월
한영민자개발,Han-young private capital development co. Ltd,한영민자개발, ,맹창영,기타법인,110111-3728156,206-86-17952,서울특별시 용산구 갈월동 103-17 2층 201, ,,사업시설 관리 및 조경 서비스업,2006-09-25,12월
(주)한우리종합컨설팅,Hanwoori,한우리종합컨설팅, ,유동진,기타법인,110111-1506926,212-81-52100,"서울특별시 강동구 양재대로 1465 (길동, 마루홈타운) 5층 501호", ,,상용 인력 공급 및 인사관리 서비스업,2001-05-07,12월
한울사랑 유한회사,"Hanul Love Co., Ltd.",한울사랑, ,이인배,기타법인,206214-0018367,261-86-02058,"전라남도 여수시 덕충2길 32 (덕충동, GS칼텍스벨류센터) 1층 1-1호", ,,그 외 기타 분류 안된 사업지원 서비스업,2020-11-05,12월
한일렌탈(주),Hanil Rental,한일렌탈, ,이창우,기타법인,110111-0847826,220-81-01766,서울특별시 강남구 역삼동 737 스타타워 6층, ,,산업용 기계 및 장비 임대업,1994-04-01,03월
한전기술서비스 주식회사,KEPCO E&C SERVICES,한전기술서비스, ,이강진,기타법인,171311-0044996,210-81-79419,"경상북도 김천시 혁신로 269 (율곡동, 한국전력기술) 지하 1층",www.k-encs.com/,,사업시설 유지ㆍ관리 서비스업,2020-04-01,12월
한전씨에스씨 주식회사,KEPCOCSC,한전씨에스씨, ,권춘택,기타법인,205511-0064717,660-81-01547,전라남도 나주시 빛가람로 685 (빛가람동) 801호,https://www.kepcocsc.co.kr,,콜센터 및 텔레마케팅 서비스업,2019-12-05,12월
한전에프엠에스 주식회사,KEPCO FMS,한전에프엠에스, ,최병운,기타법인,205511-0061002,868-86-01296,전라남도 나주시 빛가람로 727 (빛가람동) 칠성빌딩 5층, ,,사업시설 유지ㆍ관리 서비스업,2019-03-25,12월
한전엠씨에스 주식회사,KEPCOMMCS,한전엠씨에스, ,권기보,기타법인,205511-0060997,222-88-01266,전라남도 나주시 상야1길 7 (빛가람동) 506호,www.kepcomcs.co.kr,,그 외 기타 분류 안된 사업지원 서비스업,2019-03-25,12월
한종산업개발 주식회사,samjung environment tecnology,한종산업개발, ,임남재,기타법인,130111-0064690,124-81-77731,"경상남도 창원시 성산구 완암로 50 714호 (성산동, SK테크노파크)",samjungent.co.kr,,그 외 기타 분류 안된 사업지원 서비스업,2000-10-11,12월
한주상운주식회사,HANJOO MARITIME CO.LTD.,한주상운, ,한관수,기타법인,180111-0079342,601-81-16982,부산광역시 중구 중앙동 4가 87-5, ,,고용 알선업,1988-05-01,01월
(주)한진관광,HANJIN TRAVEL SERVICE,한진관광, ,이장훈,기타법인,110111-5059533,104-86-46544,서울특별시 중구 소공로 88 한진빌딩 신관 9층,www.kaltour.com/,,여행사업,2013-02-01,12월
주식회사 한진관광,Hanjin Travel Service Co.,한진관광, ,권오상,기타법인,110111-0219405,104-81-12243,서울특별시 중구 소공동 51,kaltour.com,,여행사업,1977-09-19,12월
한진에너지 주식회사,"Hanjin Energy Co.,Ltd.",한진에너지, ,장경환,기타법인,180111-0584903,602-81-41752,울산광역시 남구 사평로 227-50 (선암동),-,,그 외 기타 분류 안된 사업지원 서비스업,2007-03-02,12월
한진인천컨테이너터미널(주),"Hanjin Incheon Container Terminal Co.,Ltd",한진인천컨테이너터미널, ,윤준광,기타법인,120111-0730821,131-86-66125,"인천광역시 연수구 인천신항대로 777 (송도동, 한진인천컨테이너터미널)",www.hjit.co.kr,,그 외 기타 분류 안된 사업지원 서비스업,2014-10-22,12월
(주)한진피엠,"HANJINPM CO.,LTD.",한진피엠, ,이행수,기타법인,150111-0252390,397-81-00941,충청북도 청주시 청원구 공항로 42 (내덕동) 201호, ,,그 외 기타 분류 안된 사업지원 서비스업,2018-05-08,12월
한창중기주식회사,"HAN CHANG HEAVY MACHINE LTD,.CO",한창중기, ,이균필,기타법인,180111-0099746,605-81-12028,부산광역시 부산진구 전포동 690-7 현대타워 O/T 1008호, ,,산업용 기계 및 장비 임대업,1990-05-08,12월
(주)한케이골프,"HANKGOLF CO.,LTD",한케이골프, ,전대만,기타법인,110111-3375618,114-86-48971,"경기도 안양시 동안구 벌말로 126 (관양동, 평촌오비즈타워) 3405~3407호", ,,여행사업,2006-01-11,12월
(주)한특,"HAN TEUK CO.,LTD",한특, ,유호석,기타법인,180111-0275114,605-81-30730,"부산광역시 부산진구 중앙대로 993 811호 (양정동,  시청역롯데골드로즈)", ,,경비 및 경호 서비스업,1999-01-06,12월
(주) 한화63시티,HANWHA 63 CITY CORPORATION,한화63시티, ,이성호,기타법인,110111-0425622,116-81-13925,서울특별시 영등포구 63로 50 63빌딩,www.63realty.co.kr,,사업시설 유지ㆍ관리 서비스업,1986-04-26,12월
(주)한화에스테이트,"Hanwha Estate Co., Ltd.",한화에스테이트, ,이강만,기타법인,110111-0560650,202-81-38815,서울특별시 영등포구 63로 50 13층 (여의도동),www.hanwhaestate.com,,사업시설 유지ㆍ관리 서비스업,1988-02-02,12월
(주)한화에스테이트서비스,HANWHA ESTATE SERVICE,한화에스테이트서비스, ,이강만,기타법인,110111-7126249,360-81-01365,"서울특별시 영등포구 63로 50 (여의도동, 63한화생명빌딩)", ,,사업시설 유지ㆍ관리 서비스업,2019-06-03,12월
함께일하는세상(주),Working Together Corporation,함께일하는세상, ,이철종,기타법인,110111-2858970,105-86-59019,"경기도 수원시 팔달구 덕영대로 905 (매산로1가, 아이메카상가) 405호406호", ,,사업시설 유지ㆍ관리 서비스업,2003-09-18,12월
(주)항공종합서비스,AIRTOTALSERVICE,항공종합서비스, ,정석환,기타법인,110111-2204024,109-81-70025,서울특별시 강서구 오정로 576 (공항동), ,,인력 공급업,2001-03-28,12월
주식회사 해길,-,해길, ,국수용,기타법인,134511-0308038,652-86-00557,경기도 용인시 처인구 양지면 평촌로43번길 27-9 (평창리),-,,"소독, 구충 및 방제 서비스업",2016-12-06,12월
(주)해동우남,"HAEDONGWOONAM Co., Ltd.",해동우남, ,여혜련,기타법인,110111-1367500,211-86-19573,"서울특별시 영등포구 버드나루로 56 502호 (영등포동7가, 오성빌딩)", ,,건축물 일반 청소업,1997-01-21,12월
해양문화(주),"SEA CULTURE Co.,Ltd",해양문화, ,김철,기타법인,180111-0688698,602-81-50042,"부산광역시 영도구 해양로301번길 45 (동삼동, 국립해양박물관) 사무동 2f", ,,사업시설 유지ㆍ관리 서비스업,2009-10-01,12월
해양신조1호선박투자회사,KMARIN NO.1,해양신조1호선박투자회사, ,이규동,기타법인,220111-0229196,384-88-02414,제주특별자치도 제주시 연삼로 473 경제통상진흥원(이도이동), ,,기타 운송장비 임대업,2023-02-15,12월
해양신조2호산박투자회사,KMARIN NO.2,해양신조2호산박투자회사, ,이규동,기타법인,220111-0229188,434-86-02656,제주특별자치도 제주시 연삼로 473 경제통상진흥원(이도이동), ,,기타 운송장비 임대업,2023-02-15,12월
해양진흥2호선박투자회사,KMARIN PO NO.2,해양진흥2호선박투자회사, ,이규동,기타법인,220111-0231604,238-87-02619,제주특별자치도 제주시 연삼로 473 경제통상진흥원(이도이동), ,,기타 운송장비 임대업,2021-12-16,12월
해양진흥3호선박투자회사,KMARIN PO NO.3,해양진흥3호선박투자회사, ,이규동,기타법인,220111-0234244,516-86-02507,제주특별자치도 제주시 연삼로 473 경제통상진흥원(이도이동), ,,기타 운송장비 임대업,2022-02-04,12월
주식회사 해찬들 씨에스,HaechandleCS.co.ltd,해찬들씨에스, ,이순영,기타법인,160111-0183139,314-81-71102,대전광역시 서구 괴정동 359-2번지 KT인재개발원 별관2층,없음,,인력 공급업,2004-12-27,12월
(주)해피그린서비스,Happy Green Service,해피그린서비스, ,안병돈,기타법인,110111-3708869,114-86-60408,"서울특별시 동작구 동작대로11길 42 (사당동, 서울도시가스)", ,,사업시설 유지ㆍ관리 서비스업,2007-06-29,12월
(주)해피투어,happytour,해피투어, ,정민영,기타법인,201311-0052893,416-81-91156,"경기도 군포시 공단로 149 (당동, 아이밸리군포)", ,,자동차 임대업,2013-05-29,12월
행복관리플러스 주식회사,hangbok plus. co.kr,행복관리플러스, ,호예현,기타법인,120111-0767204,378-88-00070,"서울특별시 강서구 마곡중앙1로 10 915호 (마곡동, 한일노벨리아타워)", ,,"전시, 컨벤션 및 행사 대행업",2015-06-19,12월
행복나무 주식회사,Happy NAMUH Company Limited,행복나무, ,이혜승,기타법인,130111-0125488,425-87-04088,경기도 화성시 봉담읍 효행로 250, ,,포장 및 충전업,2025-06-26,12월
주식회사 행복누리,Haengboknuri,행복누리, ,이원률,기타법인,150111-0172829,317-81-34824,충청북도 청주시 흥덕구 2순환로971번길 93, ,,건축물 일반 청소업,2013-03-15,12월
행복동행(주),"Happy Companion Co., Ltd.",행복동행, ,김화균,기타법인,175611-0021671,846-81-01419,경상북도 영주시 가흥공단로 63 (상줄동), ,,사업시설 유지ㆍ관리 서비스업,2019-06-20,12월
행복두드리미(주),-,행복두드리미, ,남경환,기타법인,110111-5205574,107-88-00288,"서울특별시 영등포구 선유동2로 57 (양평동4가, 이레빌딩) 14층", ,,사업지원 서비스업,2013-08-14,12월
행복디딤 주식회사,HAPPYDIDIM,행복디딤, ,안옥경,기타법인,110111-6984325,734-88-01231,"서울특별시 종로구 종로 26 (서린동, SK서린동빌딩)", ,,상용 인력 공급 및 인사관리 서비스업,2019-01-14,12월
주식회사 행복마루,HAENGBOKMARU,행복마루, ,이호석,기타법인,110111-6140993,461-88-00542,"서울특별시 마포구 매봉산로 75 12층 (상암동, DDMC빌딩)", ,,건축물 일반 청소업,2016-08-04,12월
행복모음 주식회사,HAPPYMOEUM,행복모음, ,안옥경,기타법인,230111-0318187,613-86-01468,"울산광역시 남구 신여천로 2 (고사동, SK(주))", ,,인력 공급업,2019-09-26,12월
행복믿음 주식회사,Happy midum,행복믿음, ,안옥경,기타법인,110111-8079215,433-81-02342,"서울특별시 종로구 종로 26 (서린동, SK서린동빌딩)", ,,인력 공급업,2021-11-04,12월
행복생활 주식회사,hanboksanghwal,행복생활, ,박상혁,기타법인,134411-0060979,126-86-77237,경기도 이천시 부발읍 경충대로 2042-1, ,,임대업; 부동산 제외,2014-07-01,12월
행복채움주식회사,"happy filling co.,ltd",행복채움, ,이숭희,기타법인,176011-0130902,268-81-01661,"경상북도 구미시 임수로 53 (임수동, 엘지실트론)", ,,건축물 일반 청소업,2019-05-02,12월
행복키움 주식회사,HAPPYKIUM,행복키움, ,안옥경,기타법인,110111-6984672,539-88-01150,"서울특별시 종로구 종로 26 (서린동, SK서린동빌딩)", ,,상용 인력 공급 및 인사관리 서비스업,2019-01-14,12월
행복한울 주식회사,"HappyHanool Co.,Ltd.",행복한울, ,조인숙,기타법인,110111-7197167,148-88-01497,"서울특별시 중구 을지로 65 (을지로2가, SK텔레콤빌딩)",www.happyhanool.com,,콜센터 및 텔레마케팅 서비스업,2019-08-08,12월
향우산업주식회사,HYANG WOO INDUSTRY LTD. COM.,향우산업, ,김성섭,기타법인,110111-0232423,121-81-18559,서울특별시 용산구 한강로 3가 40-113,WWW.HYANG WOO.CO.KR,,"산업설비, 운송장비 및 공공장소 청소업",1976-09-17,12월
향우종합관리(주),HyangWoo Integrated service,향우종합관리, ,성기균,기타법인,110111-0514061,219-81-01688,"서울특별시 송파구 올림픽로35길 123 7층, (신천동, 향군타워)",www.hwgm.co.kr,,경비 및 경호 서비스업,1986-12-22,12월
(주)허니문리조트,Honeymoon Resort Co.Ltd,허니문리조트, ,송종석,기타법인,110111-3011717,211-87-49754,"서울특별시 강남구 도산대로 506 (청담동, 재정빌딩) 2,5,6층",new.honeymoonresort.co.kr/,,여행사업,2004-05-13,12월
주식회사 헤럴드아트데이,HERALD ARTDAY,헤럴드아트데이, ,최지혜,기타법인,110111-5312155,101-86-86950,"서울특별시 용산구 후암로4길 10 (후암동,헤럴드스퀘어)",www.artday.co.kr/,,"전시, 컨벤션 및 행사 대행업",2014-01-10,12월
주식회사 헤이어,HEYER,헤이어, ,김상민,기타법인,285011-0519716,572-88-02670,"경기도 고양시 일산동구 백마로 195 (장항동, 엠시티타워&엠시티오피스텔)2층 2001호", ,,고용 알선업,2022-11-16,12월
(주)헬로서치,Hellosearch Inc,헬로서치, ,정주섭,기타법인,110111-3686726,220-87-49985,"서울특별시 강남구 삼성로81길 22 (대치동, 한정빌딩) 3층",hellosearch.co.kr,,상용 인력 공급 및 인사관리 서비스업,2007-06-16,12월
현대드림투어,HYUNDAI DREAM TOUR,현대드림투어, ,장영순,기타법인,110111-3434307,105-86-90908,"서울특별시 서대문구 충정로 23 (충정로3가, 풍산빌딩) 8층",www.hyundaidreamtour.com,,여행사업,2006-04-01,12월
(주)현대렌탈서비스,"HYUNDAI RENTAL SERVICE.CO.,LTD",현대렌탈서비스, ,가철,기타법인,120111-0462317,131-86-07714,"서울특별시 금천구 벚꽃로 286 (가산동, 삼성리더스타워) 603,604호",hyundairs.co.kr,,그 외 기타 개인 및 가정용품 임대업,2008-04-17,12월
주식회사 현대렌탈케어,"HYUNDAI RENTAL CARE Co., Ltd",현대렌탈케어, ,김인석,기타법인,110111-5698638,818-87-00076,"서울특별시 강동구 올림픽로 753 (암사동, 우진빌딩)", ,,그 외 기타 개인 및 가정용품 임대업,2015-04-17,12월
현대렌텍주식회사,Hyundae Rentech Corporation,현대렌텍, ,고황석,기타법인,110111-1395155,215-81-61928,서울특별시 강남구 삼성동 44-9 한국통신사업자연합회빌딩 4층,billida.co.kr,,산업용 기계 및 장비 임대업,1997-04-01,12월
현대메디스,HYUNDAI MEDIS,현대메디스, ,홍석화,기타법인,110111-4116227,105-87-32263,서울특별시 송파구 올림픽로 293-19 601호 현대메디스,www.hyundaimedis.com,,여행사업,2009-06-15,12월
(주)현대산업관리,Hyundai Industrial Management Co.Ltd,현대산업관리, ,임헌표,기타법인,150111-0030473,315-81-31286,충청북도 청주시 흥덕구 1순환로 607 3층 (봉명동),hd4411@hanmail.net,,인력 공급업,1997-09-01,12월
주식회사 현대상품권,"Hyundai Gift Certificate Co., Ltd.",현대상품권, ,최현우,기타법인,110111-8676574,189-88-02667,"서울특별시 금천구 가산디지털1로 168 (가산동, 우림라이온스밸리)",61118,,그 외 기타 분류 안된 사업지원 서비스업,2023-06-29,12월
(주)현대수리조트,HYUNDAISOORESORT,현대수리조트, ,이수원,기타법인,141311-0010539,227-81-14146,서울특별시 강남구 삼성동 169-1 대한기독교서회빌딩 2층,www.hyundaisoo.com,,기타 여행 보조 및 예약 서비스업,2007-07-25,12월
현대씨앤알주식회사,Hyundai C&R INC,현대씨앤알, ,조윤상,기타법인,110111-0563901,102-81-32281,서울특별시 송파구 송파대로 570 (신천동) 타워730 27층,www.hdcnr.co.kr,,사업시설 유지ㆍ관리 서비스업,1988-03-02,12월
현대아산 주식회사,Hyundai Asan Corporation,현대아산, ,이백훈,기타법인,140111-0011714,221-81-13834,강원도 고성군 현내면 화진포서길 10,www.hdasan.com,,여행사업,1999-02-05,12월
(주)현대에쓰앤에쓰,HYUNDAI SNS,현대에쓰앤에쓰, ,이재욱,기타법인,110111-2972960,211-87-46927,서울특별시 종로구 사직로12길 21 (내자동), ,,그 외 기타 사업지원 서비스업,2004-03-12,12월
현대주택관리 주식회사,HYUNDAYJUTEK,현대주택관리, ,한경숙외1,기타법인,200111-0037337,408-81-16476,"광주광역시 동구 천변우로 339 801호(수기동, 제일오피스텔)",www.현대주택관리.kr,,사업시설 관리 및 조경 서비스업,1992-12-04,12월
현대지비에프엠에스(주),HYUNDAI GBFMS,현대지비에프엠에스, ,백천호,기타법인,110111-5855452,175-87-00192,"서울특별시 종로구 율곡로 194 (연지동, 현대그룹빌딩동관)", ,,사업시설 유지ㆍ관리 서비스업,2015-10-07,12월
(주)현대캐터링시스템,HYUNDAI CATERING SYSTEM CO,현대캐터링시스템, ,박홍진 고태윤,기타법인,110111-4940931,101-86-74546,경기도 성남시 분당구 야탑로 98 (야탑동) 2층, ,,인력 공급업,2012-08-29,12월
현대티엠에스(주),"HYUN DAI SAFETY & SECURITY CO.,LTD",현대티엠에스, ,김종해,기타법인,170111-0022038,503-81-19292,"대구광역시 중구 서성로 20 905호 (계산동2가, 대구매일신문사)",www.hyundaitms.com,,경비 및 경호 서비스업,1986-04-01,12월
주식회사 현대푸드시스템,"HYUNDAI FOOD SYSTEM CO.,LTD",현대푸드시스템, ,권경로,기타법인,134511-0195378,142-81-51082,경기도 용인시 수지구 문인로 30 (동천동), ,,고용알선 및 인력공급업,2012-08-10,12월
현대화펀드선박투자회사,Modernize Fund Ship Investment Company,현대화펀드선박투자회사, ,이재붕,기타법인,220111-0143833,788-86-00569,제주특별자치도 제주시 연삼로 473, ,,기타 운송장비 임대업,2016-03-25,12월
현성개발 주식회사,HYUNSUNG DEVELOPMENT CORPERATION,현성개발, ,박재현,기타법인,164711-0100153,663-86-01861,"세종특별자치시 마음로 78 5층 506호 (고운동, 세종스마트큐브2)", ,,그 외 기타 사업지원 서비스업,2020-06-18,12월
현우리시스템(주),"HYUNWOORI SYSTEM CO., LTD.",현우리시스템, ,김재순,기타법인,124411-0017261,136-81-10505,"서울특별시 구로구 디지털로26길 5 (구로동, 에이스하이엔드타워1차) 209호", ,,건축물 일반 청소업,1994-04-01,12월
현우서비스주식회사,HYUNWOO SERVICE,현우서비스, ,김문일,기타법인,110111-3578585,211-87-90670,"서울특별시 강남구 강남대로 606 402호 (논현동, 삼주빌딩)", ,,사업지원 서비스업,2006-12-12,12월
(주)현장종합관리,"HYUNJANG GENERAL MANAGEMENT CO.,LTD",현장종합관리, ,박현장,기타법인,110111-0907802,204-81-24336,"서울특별시 마포구 양화로 156 (동교동, LG팰리스빌딩) 506호", ,,사업시설 유지ㆍ관리 서비스업,1993-02-26,12월
협성개발주식회사,"Hyopsung Development Co., Ltd.",협성개발, ,최은옥,기타법인,180111-0029040,604-81-04656,"부산광역시 동구 조방로 39 1406호(범일동,썬오피스텔)", ,,사업시설 유지ㆍ관리 서비스업,1976-06-28,12월
주식회사 혜강종합관리,"HyeGang Inc., ",혜강종합관리, ,김봉진,기타법인,180111-0149434,605-81-21167,부산광역시 남구 유엔평화로41번가길 42 (대연동) 3층, ,,사업시설 관리 및 조경 서비스업,1993-01-03,12월
(주)혜동,HYEDONG.CO.LTD,혜동, ,조희승,기타법인,230111-0101160,610-81-70689,울산광역시 남구 신정동685-4효천빌딩5층, ,,산업용 기계 및 장비 임대업,2004-01-20,12월
(주)혜진종합관리,Hae Jin General Management,혜진종합관리, ,안이재,기타법인,110111-3671694,210-81-58767,"서울특별시 도봉구 시루봉로 234 (방학동, 동우빌딩) 4층 동우빌딩",hyejin.kr/,,경비 및 경호 서비스업,2007-05-14,12월
혜초여행개발주식회사,"Hyecho Adventure Travel Co.,Ltd",혜초여행개발, ,석채언,기타법인,110111-1860348,101-81-54642,"서울특별시 종로구 인사동5길 29 12층(인사동, 태화빌딩)",hyecho.com,,여행사업,2000-03-01,12월
주식회사 호도투어,"HODO TOUR Co., Ltd",호도투어, ,전춘섭,기타법인,110111-1540875,202-81-61223,서울특별시 중구 무교동 11 광일빌딩 13층,http://www.82ok.com,,여행사업,1998-04-29,12월
호미오세라피 주식회사,"HomeoTherapy Co.,Ltd.",호미오세라피, ,이상균,기타법인,120111-0473546,121-81-92558,"인천광역시 중구 서해대로 366 (신흥동3가, 정석빌딩)A동, 310호", ,,무형재산권 임대업,2008-08-21,12월
(주)호벤,JOVEN,호벤, ,함영기,기타법인,141111-0005667,229-81-01967,서울특별시 구로구 가리봉동 137-1 호벤빌딩, ,,조경 관리 및 유지 서비스업,1991-11-27,12월
(주)호산서비스,"Hosan Service CO.,Ltd",호산서비스, ,전철수,기타법인,110111-4100725,214-88-42363,"서울특별시 서초구 양재천로21길 15 4층 (양재동, 정우빌딩)", ,,건축물 일반 청소업,2009-05-25,12월
호텔앤에어닷컴(주),Hotel n Air.com Inc.,호텔앤에어닷컴, ,손호권,기타법인,120111-0576415,121-86-10565,"서울특별시 중구 소공로 116 (소공동, 서울센타빌딩)", ,,여행사업,2011-07-26,12월
(주)호텔탑스텐강릉,HOTEL TOPSTEN GANGREUNG,호텔탑스텐강릉, ,고용재,기타법인,141111-0070769,807-88-01811,강원도 강릉시 옥계면 헌화로 455-34 (금진리), ,,인력 공급업,2021-07-01,12월
호텔패스글로벌(주),HOTELPASS GLOBAL LTD.,호텔패스글로벌, ,이병혁,기타법인,110111-1721459,203-81-64219,"서울특별시 중구 퇴계로 307 (광희동1가, 광희빌딩) 13층", ,,여행사 및 기타 여행보조 서비스업,1999-07-01,12월
(주)홈스웰,"HOMSWELL CO.,Ltd",홈스웰, ,이기섭,기타법인,110111-2984692,215-86-56283,"경기도 안양시 동안구 학의로 282 (관양동, 금강펜테리움IT타워) A동21층", ,,경비 및 경호 서비스업,2004-03-29,12월
주식회사 홈스텍,Home Security Technology,홈스텍, ,김호년,기타법인,131111-0128297,129-81-79447,"경기도 성남시 분당구 서현로 170 (서현동, 풍림아이원플러스)A동 820호", ,,경비 및 경호 서비스업,2004-11-17,12월
주식회사 홍덕,Hong Duk,홍덕, ,문유환,기타법인,161111-0012139,310-81-22894,"충청남도 홍성군 홍북읍 의향로 289 (신경리, A-one프라자) 3층 307호", ,,경비 및 경호 서비스업,2007-09-10,12월
주식회사 홍운국제,"HONGWOON INTERNATIONAL CO.,LTD",홍운국제, ,HONG WENXUE,기타법인,110111-8075908,671-81-02508,"서울특별시 중구 수표로 45 (저동2가, 비즈센터) 1208호", ,,여행사업,2021-11-15,12월
주식회사 홍윤,hong yoon,홍윤, ,홍종서,기타법인,164811-0166161,436-88-02898,"충청남도 아산시 배방읍 광장로 177-10 102호(장재리, 펜타폴리스)", ,,건축물 일반 청소업,2023-01-30,12월
홍천에코라인(주),Hongcheon  Echo Line co. Ltd,홍천에코라인, ,신덕수,기타법인,134111-0159398,138-81-43375,강원도 홍천군 홍천읍 결운리 9-4, ,,사업시설 유지ㆍ관리 서비스업,2007-10-22,12월
주식회사 홍콩국제여행사,"HONGKONG INTERNATIONAL TRAVEL SERVICE CO.,LTD",홍콩국제여행사, ,김명조,기타법인,110111-7985538,250-88-02203,"서울특별시 중구 퇴계로 235 (충무로4가, 남산센트럴자이)", ,,여행사업,2021-08-24,12월
(주)화성관리공사,"Wha Sung Management Co.,Ltd.",화성관리공사, ,신진섭,기타법인,110111-1104192,120-81-49626,"서울특별시 중구 퇴계로 141-7 (충무로2가, 뉴서울빌딩)",www.whasung.kr,,사업시설 유지ㆍ관리 서비스업,1994-11-28,12월
화성보안시스템(주),"hwaseong security system co.,Ltd",화성보안시스템, ,이희주,기타법인,135811-0150193,124-86-65792,경기도 수원시 권선구 장다리로 54 (세류동) 대주빌딩 4층,hwasoung.co.kr,,경비 및 경호 서비스업,2008-04-10,12월
화성씨앤디 주식회사,"Hwa Sung Consulting & Development Co.,Ltd",화성씨앤디, ,이인재,기타법인,110111-3089821,105-86-71594,서울특별시 마포구 마포동 253번지 에스디지빌딩2층,www.hscnd.kr,,그 외 기타 분류 안된 사업지원 서비스업,2004-09-23,12월
화성학교사랑(주),HwaSung,화성학교사랑, ,조창식,기타법인,135811-0128025,135-81-86716,"경기도 수원시 장안구 연무로 53 (연무동, 한동빌딩) 3층", ,,사업시설 유지ㆍ관리 서비스업,2006-07-04,12월
화천강군 주식회사,Hwachon strong army,화천강군, ,공관식,기타법인,134111-0187175,138-81-58034,경기도 안양시 동안구 관양동 954-2, ,,사업시설 유지ㆍ관리 서비스업,2010-02-10,12월
주식회사 화천대유자산관리,"HwaCheonDaeU AMC.Co.,Ltd",화천대유자산관리, ,이성문,기타법인,110111-5636589,264-81-49474,"경기도 성남시 분당구 서판교로 164 (판교동, 훼미리프라자) 2층", ,,기타 사무지원 서비스업,2015-02-06,12월
활기찬병영주식회사,hwalgichanbarrack,활기찬병영, ,주휘중,기타법인,110111-8282024,882-81-02530,"서울특별시 용산구 한강대로71길 4 (갈월동, 갈월동오피스)", ,,사업시설 유지ㆍ관리 서비스업,2022-04-27,12월
효성아이티엑스(주),"HYOSUNG ITX.CO.,LTD",효성 ITX,094280,"남경환, 홍혜진(각자대표이사)",유가증권시장,110111-1412256,120-81-73505,서울특별시 영등포구  선유동2로 57 이레빌딩 15층,www.hyosungitx.com,,기타 사업지원 서비스업,1997-05-09,12월
후인실업주식회사,HUIN Industrial.co.Ltd,후인실업, ,김상후,기타법인,110111-4811166,107-87-67171,서울특별시 영등포구 여의도동 동양증권빌딩 19층, ,,인력 공급업,2012-03-05,09월
(주)휘닉스골프앤스키,"PHOENIX GOLF & SKI Co.,Ltd",휘닉스골프앤스키, ,박호균,기타법인,145011-0002918,224-81-18804,강원도 평창군 봉평면 면온리 1095, ,,사업시설 유지ㆍ관리 서비스업,2000-05-01,12월
(주)휘닉스 디.에스.씨,"PHOENIX D.S.C Co.,Ltd",휘닉스디.에스.씨, ,김주환,기타법인,145011-0002091,224-81-14486,강원도 평창군 봉평면 면온리 1095, ,,사업시설 유지ㆍ관리 서비스업,1998-05-18,12월
(주)휘닉스레져개발,"PHOENIX LEISURE DEVELOPMENT Cc.,Ltd",휘닉스레져개발, ,김명조,기타법인,145011-0002934,224-81-18819,강원도 평창군 봉평면 면온리 1095, ,,사업시설 유지ㆍ관리 서비스업,2000-05-01,12월
(주)휘닉스모비스,"PHOENIX MOBIS CO.,LTD",휘닉스모비스, ,이종환,기타법인,145011-0003809,224-81-24214,강원도 평창군 봉평면 면온리 1095, ,,사업시설 유지ㆍ관리 서비스업,2001-12-22,12월
(주)휘닉스스포비즈,"PHOENIX SPOBIZ Co.,Ltd",휘닉스스포비즈, ,배승기,기타법인,145011-0002926,224-81-18823,강원도 평창군 봉평면 면온리 1095, ,,사업시설 유지ㆍ관리 서비스업,2000-05-01,12월
(주)휘닉스스프링스,"Phoenix Springs Co.,Ltd",휘닉스스프링스, ,안명호,기타법인,134411-0035055,126-86-03389,경기도 이천시 모가면 소고리 633, ,,사업시설 유지ㆍ관리 서비스업,2007-06-01,12월
휘닉스중앙에프앤비 주식회사,"Phoenix F&B Co.,Ltd",휘닉스중앙에프앤비, ,이윤규,기타법인,224111-0014460,616-81-65108,"제주특별자치도 서귀포시 성산읍 섭지코지로 93-66 (고성리, 섭지코지개발회사)", ,,사업시설 유지ㆍ관리 서비스업,2008-03-31,12월
휘닉스파크,Phoenixpark,휘닉스파크, ,우진홍,기타법인,145011-0005566,224-81-31151,강원도 평창군 봉평면 면온리 1095,www.phoenixpark.co.kr,,그 외 기타 분류 안된 사업지원 서비스업,2004-04-27,12월
휘닉스평창 주식회사,"Phoenix Pyeongchang Co., Ltd.",휘닉스평창, ,전영기,기타법인,145011-0018436,647-87-00659,"강원도 평창군 봉평면 태기로 174 (면온리, (주)휘닉스평창)", ,,사업시설 유지ㆍ관리 서비스업,2017-03-14,12월
(주)휴넥트,HUNECT CORP.,휴넥트, ,성승모,기타법인,180111-0276261,607-81-43376,"부산광역시 연제구 중앙대로 1217 (거제동, 국제문화센터)",www.hunect.co.kr,,고용알선 및 인력공급업,1999-01-15,12월
휴렛팩커드파이낸셜서비스대부 유한회사,Hewlett-Packard Financial Services Ltd (Korea),휴렛팩커드파이낸셜서비스대부, ,야쿱쥴리안야쿠타,기타법인,110114-0134003,107-88-00935,"서울특별시 영등포구 국제금융로8길 31 (여의도동, SK증권빌딩), 13층", ,,컴퓨터 및 사무용 기계ㆍ장비 임대업,2013-09-24,10월
주식회사 휴맥스모빌리티,Humax Mobility Corp.,휴맥스모빌리티, ,김태훈,기타법인,110111-5944312,559-81-00291,"경기도 성남시 분당구 황새울로 216 (수내동, 휴맥스빌리지)",https://kr.humaxdigital.com/humax-mobility,,자동차 임대업,2016-01-11,12월
(주)휴머니아,"HUMANIA CO., LTD.",휴머니아, ,서철수,기타법인,110111-1865356,105-86-07340,"서울특별시 마포구 마포대로 86 (도화동, 창강빌딩) 11층 1121호",www.humania.co.kr,,상용 인력 공급 및 인사관리 서비스업,2000-01-30,12월
휴먼교육주식회사,HUMAN KYOYUK Corporation,휴먼교육, ,구만성,기타법인,280111-0093234,127-86-16892,경기도 의정부시 의정부동 440-2, ,,사업시설 유지ㆍ관리 서비스업,2009-05-01,12월
(주)휴먼그린플러스,HUMANGREENPLUS,휴먼그린플러스, ,신원국,기타법인,285011-0154249,128-86-36794,"경기도 수원시 팔달구 장다리로 276 (인계동, 동부프라자) 307호",www.humangreen.kr,,경비 및 경호 서비스업,2009-02-17,12월
주식회사 휴먼닷컴,humandotcom,휴먼닷컴, ,이광숙,기타법인,110111-1902554,113-81-59602,"서울특별시 금천구 가산디지털2로 98 2동 302호 (가산동, IT캐슬)", ,,상용 인력 공급 및 인사관리 서비스업,2000-03-10,12월
주식회사 휴먼리더,HUMANLEADER,휴먼리더, ,장재성,기타법인,110111-5047877,119-86-66386,"서울특별시 강남구 도곡로 145 (역삼동, 동희빌딩) 5층", ,,상용 인력 공급 및 인사관리 서비스업,2013-01-18,12월
(주)휴먼리더스,Human Leaders,휴먼리더스, ,이장혁,기타법인,170111-0597007,685-87-00345,대구광역시 수성구 동대구로77길 30 2층(범어동), ,,상용 인력 공급 및 인사관리 서비스업,2016-03-09,12월
주식회사 휴먼스글로벌,HUMANS GLOBAL ,휴먼스글로벌, ,문창선,기타법인,110111-7855145,456-87-02032,"서울특별시 중구 을지로 16 (을지로1가, 프레지던트호텔) 8층 806 A호", ,,여행사업,2021-04-27,12월
(주)휴먼스텝스,humanstaffs,휴먼스텝스, ,이명진,기타법인,110111-4571702,114-86-87300,"서울특별시 구로구 디지털로 243 1406호, 1407호 (구로동, 지하이시티)",www.humanstaffs.co.kr,,임시 및 일용 인력 공급업,2011-04-06,12월
휴먼스토리에프에스(주),Humanstoryfs,휴먼스토리에프에스, ,홍성만,기타법인,131111-0239218,129-86-37684,"경기도 수원시 영통구 반달로35번길 30 (영통동, 영통역아이파크) 339호", ,,"전시, 컨벤션 및 행사 대행업",2009-09-08,12월
주식회사휴먼시티,humancity,휴먼시티, ,김형훈,기타법인,200111-0361091,408-86-00377,"광주광역시 북구 각화대로 5 2층(각화동,동광주웨딩프라자)", ,,기타 사무지원 서비스업,2013-02-18,12월
(주)휴먼씨앤씨,HUMAN C&C,휴먼씨앤씨, ,김창식,기타법인,110111-1732068,220-81-64397,경기도 수원시 권선구 덕영대로 1128 2층 (세류동), ,,사업시설 유지ㆍ관리 서비스업,1999-09-01,12월
휴먼에듀주식회사,HUMAN EDUCATION Corporatiom,휴먼에듀, ,구만성,기타법인,280111-0093242,127-86-16908,경기도 의정부시 의정부동 440-2, ,,사업시설 유지ㆍ관리 서비스업,2009-05-01,12월
(주)휴먼에셋엠씨엠,HUMAN ASSET MCM,휴먼에셋엠씨엠, ,최범수,기타법인,110111-6237253,323-87-00409,"충청남도 천안시 서북구 2공단2로 95 (차암동, 천안테크노타운) 501호", ,,상용 인력 공급 및 인사관리 서비스업,2016-11-23,12월
주식회사 휴먼종합관리,HUMAN TOTAL MANAGEMENT,휴먼종합관리, ,박민주,기타법인,200111-0296511,409-86-14156,서울특별시 마포구 독막로22길 1-17 (창전동222), ,,경비 및 경호 서비스업,2010-04-21,12월
주식회사 휴먼코아,HUMAN-CORE corporation,휴먼코아, ,"조목희, 김진석",기타법인,110111-2399304,215-86-18498,"서울특별시 송파구 중대로 97 (가락동, 효원빌딩)13층",www.huco.co.kr,,고용알선 및 인력공급업,2001-12-17,12월
(주)휴먼티에스에스,HUMAN TOTAL SECURITY SYSTEMS Corp.,휴먼티에스에스, ,김수범,기타법인,110111-4272706,214-88-55043,"경기도 수원시 권선구 권광로 141 8층 (권선동, 대보빌딩)",www.humantss.com,,경비 및 경호 서비스업,2010-03-01,12월
주식회사 휴먼파워텍,HUMAN POWER TECH,휴먼파워텍, ,최동욱,기타법인,131111-0395474,144-81-33789,"경기도 성남시 분당구 구미로 16 (구미동, 성우스타우스오피스텔) 336호", ,,인력 공급업,2014-12-23,12월
주식회사 휴먼포스,humanfoce,휴먼포스, ,이영배,기타법인,134511-0114716,142-81-07946,충청북도 음성군 대소면 대물로 36 (오류리) 엑소후레쉬물류2층, ,,고용 알선업,2007-07-01,12월
(주)휴먼프라임,"HUMANPRIME CO.,LTD.",휴먼프라임, ,신효휴,기타법인,110111-3225748,214-87-70649,"서울특별시 성동구 광나루로 130 804호(성수동1가, 서울숲IT캐슬)",www.humanprime.com,,상용 인력 공급 및 인사관리 서비스업,2005-05-12,12월
주식회사 휴비즈넷,"Hubiznet Co., Ltd.",휴비즈넷, ,양병만,기타법인,110111-2001347,101-81-59685,"서울특별시 구로구 디지털로30길 28 (구로동, 마리오타워) 1007호",www.hubiz.net,,임시 및 일용 인력 공급업,2000-07-01,12월
주식회사 휴스트,"HUUST Co., Ltd.",휴스트, ,시주운,기타법인,135811-0224013,124-87-37217,"서울특별시 마포구 마포대로19길 33 (아현동, 현암사)", ,,경비 및 경호 서비스업,2013-01-04,12월
주식회사 휴앤미디어,"Hu&Media Co., Ltd.",휴앤미디어, ,주성진,기타법인,110111-4841808,113-86-58587,경기도 김포시 양촌읍 황금로258번길 9 (학운리), ,,그 외 기타 개인 및 가정용품 임대업,2012-04-16,12월
(주)휴콥,"HUCORP,lnc",휴콥, ,김경숙,기타법인,110111-0268709,105-81-39283,서울특별시 마포구 와우산로26길 8, ,,사업지원 서비스업,1980-02-04,12월
(주)흥덕기업,HEUNG DEOK Co,흥덕기업, ,유상월,기타법인,204611-0023580,416-81-53021,"전라남도 광양시 광양읍 인서4길 19 (인서리, 부영아파트) 상가 4층 2호", ,,사업시설 유지ㆍ관리 서비스업,2006-06-29,12월
흥안실업 주식회사,heungan industry,흥안실업, ,탁재용,기타법인,110111-0385925,118-81-03030,"서울특별시 서초구 강남대로43길 14-1 (서초동, 서초빌딩) 4층, 5층",www.heungan.com,,사업시설 유지ㆍ관리 서비스업,1986-10-01,12월
주식회사 흥업,"Heung Up Co.,Ltd.",흥업, ,김용선,기타법인,150111-0009270,301-81-10259,"서울특별시 용산구 한강대로 92 지하4층 (한강로2가, LS용산타워)", ,,사업시설 유지ㆍ관리 서비스업,1990-12-01,12월
희망꿈나무(주),heemang,희망꿈나무, ,김장욱,기타법인,110111-4111384,114-86-73674,서울특별시 관악구 장군봉2길 14 (봉천동),,,사업시설 유지ㆍ관리 서비스업,2009-06-09,12월
희준씨앤씨,huijunc&c,희준씨앤씨, ,윤성준,기타법인,110111-5550490,261-81-20352,"서울특별시 강남구 언주로 601 (논현동, 파크랜드빌딩) 11층", ,,"전시, 컨벤션 및 행사 대행업",2014-10-29,12월
(주)히카리글로벌,HIKARI GLOBAL,히카리글로벌, ,주원혜 김영록,기타법인,180111-0674001,605-81-94898,부산광역시 중구 중앙대로 57 시가이아빌딩 8층 (중앙동2가),www.hikariglobal.com/,,여행사업,2009-07-01,12월
