회사이름,영문명,공시회사명,종목코드,대표자명,법인구분,법인등록번호,사업자등록번호,주소,홈페이지,IR홈페이지,업종명,설립일,결산월
CJ푸드빌주식회사,"CJ Foodville Co., Ltd.",CJ푸드빌, ,이건일,기타법인,161511-0036967,312-81-42519,"서울특별시 중구 마른내로 34 (초동, (주)케이티앤지을지로타워)",www.cjfoodville.co.kr,,서양식 음식점업,2000-06-07,12월
(주)KAL호텔네트워크,KAL HOTEL NETWORK,KAL호텔네트워크, ,데이빗페이시,기타법인,110111-2240169,109-81-71140,"인천광역시 중구 영종해안남로321번길 208 (운서동, 그랜드하얏트인천이스트타워)", ,,호텔업,2001-05-16,12월
STX리조트주식회사,STX Resort Corporation,STX리조트, ,이영민,기타법인,110111-3794644,104-86-11593,경상북도 문경시 농암면 청화로 509,www.stxresort.com,,휴양콘도 운영업,2007-11-27,12월
가람푸드써비스 주식회사,garamfoodservice,가람푸드써비스, ,남궁열,기타법인,110111-1754517,120-81-92481,"서울특별시 서초구 동산로 48 (양재동, 서희빌딩)201호", ,,기관 구내식당업,1999-08-20,12월
주식회사 가보개발,KABO HOTEL,가보개발, ,안연숙,기타법인,131311-0035670,125-81-36581,경기도 평택시 비전2동 845-1,www.hotelkabo.com,,호텔업,2001-02-27,12월
(주)가보관광산업,"KABO Tourist Industry co.,LTD.",가보관광산업, ,한호석,기타법인,131311-0107239,125-81-96051,경기도 평택시 비전동 845-1번지,www.hotelkabo.com,,호텔업,2011-05-20,12월
주식회사 가  야,"KAYA CO., LTD.",가야, ,김태경,기타법인,170111-0006727,501-81-01928,경상북도 김천시 대항면 향천리 327-1,없음,,호텔업,1976-02-11,12월
(주)가야호텔,"GAYA HOTEL CO.,LTD.",가야호텔, ,정규석,기타법인,175111-0011432,510-81-17759,경상북도 성주군 수륜면 가야산식물원길 52,www.gayahotel.kr/,,호텔업,2006-09-28,12월
주식회사 가온에프앤에스,Gaon F&S,가온에프앤에스, ,김주홍,기타법인,160111-0407464,610-88-00237,"대전광역시 유성구 계룡로 55 3층 302호(봉명동, 유성자이)",gaonfns.co.kr/,,기관 구내식당업,2015-09-08,12월
주식회사 가우플랜,"Gawoo Plan Co., Ltd.",가우플랜, ,안필호,기타법인,110111-1228992,214-86-36076,"서울특별시 서초구 강남대로107길 6 (잠원동, 더리버사이드호텔)",www.riversidehotel.co.kr,,숙박업,1999-08-01,12월
주식회사 가평빠지 캠프통포레스트수상레저,CAMPTONGFOREST,가평빠지캠프통포레스트수상레저, ,장기남,기타법인,284511-0024451,197-86-01291,경기도 가평군 설악면 자잠로 377,www.camptongforest.com,,기타 일반 및 생활 숙박시설 운영업,2018-10-18,12월
주식회사 갈릴리농원,"Galilee Farm co.,Ltd",갈릴리농원, ,유광열,기타법인,284911-0091668,141-81-22207,경기도 파주시 탄현면 방촌로 1196, ,,한식 해산물요리 전문점,2010-12-13,12월
(주)감성타코,GAMSUNG TACO Inc.,감성타코, ,박재윤,기타법인,110111-5706457,742-81-00103,서울특별시 강남구 강남대로162길 31 (신사동), ,,외국식 음식점업,2015-04-24,12월
주식회사 갓텐코리아,"gattenkorea co.,ltd",갓텐코리아, ,제성수,기타법인,110111-4400175,220-88-02823,경기도 하남시 산곡동로86번길 8-1 (하산곡동), ,,일식 음식점업,2010-07-28,12월
갓파크리에이트코리아주식회사,"KAPPA CREATE CO.,LTD.",갓파크리에이트코리아, ,YAMAKADO TSUYOSHI,기타법인,180111-0667759,607-81-88941,부산광역시 연제구 반송로 44 갓파크리에이트코리아 주식회사 3층,www.kappa-sushi.co.kr,,일식 음식점업,2009-04-13,12월
(주)강릉씨티호텔,Gangneung CityHotel,강릉씨티호텔, ,최유헌,기타법인,141111-0057353,792-86-01121,강원도 강릉시 교동광장로 112 (교동),www.gnchotel.com,,호텔업,2018-03-27,12월
주식회사 강원레져개발,KANGWON LEISURE DEVELOPMENT,강원레져개발, ,박윤배,기타법인,144911-0002713,225-81-12628,강원도 태백시 화전동 산47-71, ,,호텔업,2000-04-24,12월
강유 주식회사,"Kangyu Co.,Ltd.",강유, ,정군영,기타법인,110111-8447917,568-86-02721,강원특별자치도 양양군 서면 곰밭길 242-6 1층 (북평리), ,,기타 일반 및 생활 숙박시설 운영업,2022-10-20,12월
강화로얄관광호텔,kang hwa royal hotel,강화로얄관광호텔, ,이효일,기타법인,120111-0222068,137-81-48436,인천광역시 강화군 길상면 선두리 93-8, ,,호텔업,2000-05-16,12월
주식회사 갤러리,"Gallery Co.,Ltd.",갤러리, ,심지훈,기타법인,224111-0023015,616-86-08077,제주특별자치도 제주시 서해안로 100 (이호일동), ,,숙박업,2013-06-28,12월
주식회사 거성인베스트,"Gun Sung Invest Co., Ltd",거성인베스트, ,김복도,기타법인,180111-0367317,605-81-46829,부산광역시 부산진구 부전로 57 (부전동), ,,한식 육류요리 전문점,2001-08-07,12월
거제관광호텔한양주식회사,GEOJE TOURIST HOTEL,거제관광호텔한양, ,김석용,기타법인,194911-0007200,612-81-11196,경상남도 거제시 신현읍 고현리 33-30,www.geojehotel.com,,호텔업,2000-03-27,12월
거제돔관광호텔주식회사,geojedome hotel,거제돔관광호텔, ,신동룡,기타법인,161511-0176672,312-86-75505,경상남도 거제시 일운면 지세포해안로 105 거제대로 2372, ,,호텔업,2015-01-16,12월
(주)거촌,gerchon,거촌, ,김미숙,기타법인,110111-0300527,111-81-06851,"서울특별시 서대문구 신촌로 67 (창천동, 거촌빌딩)", ,,중식 음식점업,1981-08-01,12월
(주)건영식품,"Geonyeong Food co.,ltd",건영식품, ,김덕건,기타법인,160111-0277172,314-86-14085,"대전광역시 대덕구 신일동로93번길 14 (신일동, (주)건영식품)", ,,한식 일반 음식점업,2010-04-01,12월
주식회사 건우스토리,GUNWOO STORY,건우스토리, ,김영원,기타법인,200111-0639836,218-81-73796,서울특별시 관악구 양녕로1길 46 (봉천동) 1동 지하1층 에이치03호, ,,호텔업,2021-08-09,12월
경기제사공업(주),kyeonggirawsilk,경기제사공업, ,이종주,기타법인,115511-0000067,132-81-00193,경기도 가평군 청평면 잠곡로 69-16 (청평리), ,,한식 일반 음식점업,1954-01-01,12월
경성호텔(주),GSHOTEL,경성호텔, ,홍훈표,기타법인,180111-1421344,428-87-02420,부산광역시 부산진구 서면문화로 26 (부전동),-,,호텔업,2022-02-10,12월
경안개발 주식회사,"Kyungan development co., LTD.",경안개발, ,김맹수,기타법인,141211-0052252,224-81-48064,강원도 원주시 문막읍 궁촌리 1042, ,,휴양콘도 운영업,2010-06-17,12월
경안건업(주),Kyung an Construction. Co Ltd ,경안건업, ,변기태,기타법인,110111-0417603,211-86-38925,서울특별시 강남구 역삼동 705-7, ,,호텔업,1986-02-11,12월
(주)경원라이프,KYUNGWONLIFE,경원라이프, ,황보현,기타법인,110111-3579187,211-87-90549,서울특별시 강남구 논현동 165, ,,기숙사 및 고시원 운영업,2006-12-13,12월
주식회사 경주시티호텔,gyeong ju city hotel,경주시티호텔, ,정종배,기타법인,180111-1478270,433-86-03050,경상북도 경주시 북성로 127 (성동동), ,,호텔업,2022-12-02,12월
주식회사 경주조선호텔,Kyungju Chosun Hotel Corporation,경주조선호텔, ,김용일,기타법인,171211-0000411,505-81-00810,경상북도 경주시 신평동 410-2,www.chosun.com,,호텔업,1977-06-24,12월
주식회사 경주조선호텔,gyeongju chosun hotel,경주조선호텔, ,권혁진,기타법인,171211-0027225,505-81-30541,경상북도 경주시 신평동452-1번지,www.chosunspahotel.com,,호텔업,2001-09-04,01월
주식회사 계림원에프앤비,Kyelimwon F&B ,계림원에프앤비, ,신익재,기타법인,110111-4358118,201-86-16040,경기도 고양시 일산서구 고양대로662번길 5 (2층),www.kyelimwon.com,,한식 음식점업,2010-05-01,12월
주식회사 고기한마당,dae wangjangeo,고기한마당, ,장석운,기타법인,180111-1009885,456-81-00240,부산광역시 연제구 반송로 43 (연산동),jsdreamfood@gmail.com,,한식 일반 음식점업,2015-12-24,12월
유한회사 고려,THE KORYO HOTEL,고려, ,임명수,기타법인,121114-0005037,124-81-55741,"경기도 부천시 원미구 길주로 66 (상동, 고려호텔)",www.hotelkoryo.net/,,호텔업,1998-04-14,12월
고려개발 주식회사,"KOREA DEVELOPEMENT CO., LTD",고려개발, ,박호성,기타법인,195511-0095377,615-81-53818,"경상남도 김해시 김해대로 2342 C702 (부원동,아이스퀘어몰)", ,,호텔업,2007-02-16,12월
주식회사 고려흑연,"KOREA GRAPHITE CORP,.",고려흑연, ,임기현,기타법인,194311-0034651,608-81-98044,경상남도 창원시 성산구 성주로97번길 28 (남산동), ,,기타 일반 및 생활 숙박시설 운영업,2013-05-01,12월
고메드갤러리아 주식회사,"Gourmet de Galleria Co., Ltd",고메드갤러리아, ,차기팔,기타법인,110111-0934694,750-87-03495,"서울특별시 강남구 역삼로 115 (역삼동, 아워홈역삼빌딩)", ,,기관 구내식당업,2025-08-18,12월
주식회사 고베하우스,KOBE HOUSE,고베하우스, ,박미진,기타법인,134111-0414487,705-88-00141,경기도 안양시 동안구 관평로176번길 10 (관양동),kobehouse.modoo.at,,일식 음식점업,2015-06-22,12월
(주)고센인코퍼레이티드,goshenincorporated,고센인코퍼레이티드, ,윤태경,기타법인,110111-0986145,120-81-33347,서울특별시 강남구 선릉로158길 18 (청담동),www.i-goshen.com,,서양식 음식점업,2000-06-01,12월
주식회사 고품질,"Gopoomjil Co.,Ltd",고품질, ,임정식,기타법인,110111-6589365,224-88-00754,서울특별시 강남구 선릉로158길 11 (청담동),www.jungsik.kr,,한식 일반 음식점업,2017-12-06,12월
(주)골드마인홀딩스,goldmine holdings,골드마인홀딩스, ,김문수,기타법인,110111-1430133,112-81-48140,서울특별시 서초구 서초동1601-7, ,,일반 및 생활 숙박시설 운영업,1997-06-23,12월
주식회사골드문인터내셔날,Gold Internation Inc.,골드문인터내셔날, ,한창일,기타법인,195111-0022089,205-81-41871,경상남도 창녕군 부곡면 온천로 634-13 (사창리) 크라운호텔,www.crown-hotel.co.kr,,호텔업,2016-03-30,12월
주식회사 골든,"golden,ltd",골든, ,김옥선,기타법인,180111-1316008,729-87-01794,"부산광역시 수영구 광안해변로278번길 42 8층 에이801호 (민락동, 오션브릿지)", ,,호텔업,2020-09-16,12월
주식회사 골든스페이스,GOLDEN SPACE,골든스페이스, ,유규상,기타법인,110111-4630087,204-86-28486,"서울특별시 강서구 마곡중앙6로 89 (마곡동, 뉴골든타워) 9~11층", ,,호텔업,2011-06-22,12월
주식회사 곰바우,GOM BA WIE,곰바우, ,이민섭,기타법인,110111-1415474,120-86-39138,서울특별시 강남구 영동대로115길 10 (삼성동) 곰바위 빌딩,www.gbw.co.kr,,한식 육류요리 전문점,1997-05-19,12월
주식회사 공간7,N.A (Not Available),공간7, ,김서은,기타법인,220111-0140748,520-88-00220,"제주특별자치도 제주시 구좌읍 번영로 2133-50 (송당리), 에이5동", ,,기타 일반 및 생활 숙박시설 운영업,2016-01-29,12월
(주)공차코리아 ,"GongCha Korea Co.,Ltd",공차코리아, ,"박재홍, 조준흠",기타법인,110111-4694918,214-88-84534,"서울특별시 종로구 종로 47 (공평동, 한국스탠다드차타드은행빌딩) 7층", ,,비알코올 음료점업,2011-09-27,12월
공항건설 주식회사,Gong Hang Construction,공항건설, ,이청윤,기타법인,110111-5293339,109-86-45157,서울특별시 강서구 방화대로40길 36 (방화동), ,,호텔업,2013-12-17,12월
(주)관광호텔 바빌론,-,관광호텔바빌론, ,김양수,기타법인,110111-3713561,114-86-60539,서울특별시 서초구 잠원동 18-5,-,,호텔업,2007-07-01,12월
주식회사 광동유통,Kangdong Youtong,광동유통, ,김길웅,기타법인,171111-0006578,508-81-08131,"경상북도 안동시 풍산읍 풍산태사로 1913-40 (계평리, 서안동휴게소)", ,,출장 음식 서비스업,2000-01-12,12월
주식회사 광온,"kwangon Co.,Ltd.",광온, ,진용헌,기타법인,180111-1458529,374-87-02517,부산광역시 수영구 광남로 68 (남천동), ,,호텔업,2022-07-29,12월
(주)광주관광호텔,KWANG JU RESORTS HOTEL.CO.LTD,광주관광호텔, ,"조시형, 이진수",기타법인,134211-0030554,126-81-38525,경기도 광주시 남종면 분원리 250-3,www.hotelariahous.com,,호텔업,1999-06-11,12월
(주)구루라이프스타일,"Gurulifestyle Co., Ltd.",구루라이프스타일, ,김두성,기타법인,110111-4178285,114-86-75954,"서울특별시 용산구 이태원로 270 (한남동, 호성빌딩)", ,,서양식 음식점업,2009-09-14,12월
국도관광개발 주식회사,"Kuk Do Tourism Development Co.,Ltd.",국도관광개발, ,이교상,기타법인,110111-0015605,202-81-41931,서울특별시 중구 을지로 4가 310,www.hotelkukdo.com,,호텔업,1946-10-15,12월
(주)국도타운, ,국도타운, ,박광준,기타법인,180111-0350338,602-81-19866,부산광역시 중구 남포동6가 91번지, ,,서양식 음식점업,2001-02-03,12월
주식회사 국제관광호텔,HOTEL KUKJE,국제관광호텔, ,강석문,기타법인,180111-0031441,604-81-02814,부산광역시 동구 범일동 830-62,www.hotelkukje.com,,호텔업,1978-09-12,12월
(주)국제스카이웨이호텔,International SkyWayHotel,국제스카이웨이호텔, ,김의재,기타법인,110111-0102056,209-81-01245,서울특별시 성북구 성북동 산5-1, ,,음식점업,1969-08-04,12월
주식회사 국제스테이,KUKJEHOTEL,국제스테이, ,김영훈,기타법인,200111-0012371,410-81-05424,"광주광역시 남구 봉선로 8 (주월동, 국제호텔)", ,,호텔업,1988-05-01,12월
군산스테이 주식회사,GUNSANSTAY,군산스테이, ,박정호,기타법인,230111-0286665,324-81-02257,"전북특별자치도 군산시 성산면 철새로 56 (성덕리, 군산스테이관광호텔)", ,,호텔업,2017-12-19,12월
주식회사 굿모닝뷰,GOOD MORING VIEW,굿모닝뷰, ,김정오,기타법인,180111-1091618,482-88-00592,울산광역시 남구 삼산로383번길 6-17 (삼산동), ,,호텔업,2017-04-24,12월
주식회사그랜드관광호텔,"TAEGU GRAND HOTEL Co.,Ltd",그랜드관광호텔, ,서윤자,기타법인,170111-0034330,502-81-10323,"대구광역시 수성구 동대구로 305 (범어동, 그랜드관광호텔)",www.taegugrand.co.kr,,호텔업,1988-05-10,03월
그랜드애플,Grandapple,그랜드애플, ,김선희,기타법인,180111-1126910,777-88-00826,"부산광역시 해운대구 센텀1로 25 (우동, 센텀한샘빌딩) 5층 6층", ,,서양식 음식점업,2017-11-28,03월
주식회사 그랜드팰리스호텔익산,Grandpalacehoteliksan,그랜드팰리스호텔익산, ,"김지원, 조용환",기타법인,214911-0048275,167-86-00461,"전라북도 익산시 목천로1길 9 (평화동, 그랜드호텔)",www.iksangrandhotel.co.kr,,호텔업,2016-05-24,12월
(주)그랜드호텔,Grand Hotel,그랜드호텔, ,이종순,기타법인,110111-1188154,117-81-14572,경기도 의정부시 의정부동 199-3, ,,호텔업,1995-08-21,12월
주식회사 그린라군,GREEN LAGOON,그린라군, ,오경오,기타법인,141311-0020968,175-87-01207,경기도 양주시 남면 개나리18길 27 (신산리),www.greenlagoon.co.kr/,,호텔업,2018-09-14,12월
그린랜드센터제주 유한회사,"Greenland Center Jeju Co.,Ltd",그린랜드센터제주, ,GU XIAFANG,기타법인,220114-0005285,616-86-18293,"제주특별자치도 제주시 1100로 3351 7층 (노형동, 세기빌딩)", ,,휴양콘도 운영업,2014-06-16,12월
주식회사 그린빌라,Hotel Green Villa Cheju,그린빌라, ,최용자,기타법인,110111-0271819,107-81-34718,서울특별시 영등포구 양평4가 156-1,www.green.kol.net,,호텔업,1980-03-28,12월
주식회사 그린씨앤디,GREEN C&D,그린씨앤디, ,지필근,기타법인,110111-4754598,108-81-99320,"서울특별시 동작구 대방동15나길 20-5 지하1층(대방동, 그린플러스대방해담채)",hotelhaedamchae.com,,호텔업,2011-12-20,12월
(주)그린앤블루,"GREEN AND BLUE CO., LTD",그린앤블루, ,김영배,기타법인,110111-0624737,120-81-49311,서울특별시 서초구 잠원 28-1, ,,휴양콘도 운영업,1989-04-20,12월
주식회사 그린익스프레스파크,Green-Express Park.Co,그린익스프레스파크, ,권혁희,기타법인,135511-0229978,140-81-57533,경기도 시흥시 서울외곽순환고속도로 105 (조남동), ,,한식 음식점업,2011-10-19,12월
(주)그린캐슬,Green Castle Inc.,그린캐슬, ,이장우,기타법인,110111-2321266,120-86-28607,서울특별시 강남구 삼성동 109-15, ,,호텔업,2001-11-09,12월
주식회사 그린트리,Green Tree,그린트리, ,홍성용,기타법인,210111-0088578,402-86-00587,전라북도 완주군 이서면 오공로 21-19 이서면 갈산리 665-16번지,www.classichotelgt.com,,호텔업,2013-12-01,12월
근화관광개발 주식회사,"kunhwa tour development Co,. Ltd",근화관광개발, ,이애자,기타법인,201111-0051310,150-86-01007,전라남도 목포시 용당로 209 (용당동), ,,호텔업,2017-12-20,12월
글래드호텔앤리조트(주),"GLAD HOTELS & RESORTS CO., LTD.",글래드호텔앤리조트, ,이정은,기타법인,220111-0001536,616-81-01370,제주특별자치도 제주시 노연로 80 (연동),www.glad-hotels.com/,,호텔업,1977-06-24,12월
글레즈하임호텔주식회사,Gladsheim Hotel,글레즈하임호텔, ,정성훈,기타법인,224111-0027794,519-81-00084,제주특별자치도 서귀포시 이어도로 777 (강정동),www.gladsheim-hotel.com,,호텔업,2015-04-24,12월
주식회사 글로벌시티,"Global City Co., Ltd.",글로벌시티, ,주석진,기타법인,180111-1340487,401-87-01969,"부산광역시 강서구 유통단지1로 76 (대저2동, 건축자재판매단지) 4동201호", ,,여관업,2021-02-01,12월
글로우 주식회사,"Glow Co., Ltd",글로우, ,조원기,기타법인,284911-0262045,435-88-02027,"경기도 파주시 정담길 41 가동 302호 (아동동, 영창빌딩)", ,,기타 일반 및 생활 숙박시설 운영업,2021-10-14,12월
(주)금강웰빙푸드,kumkangfood,금강웰빙푸드, ,김정순,기타법인,161511-0103667,312-86-05014,"충청남도 천안시 서북구 오성로 64 충남 천안시 서북구 오성로 64, 3층",kumkangfood.co.kr/,,기관 구내식당업,2009-01-05,12월
금돌산개발(주),KUM DOL SAN,금돌산개발, ,최금열,기타법인,110111-0892409,129-81-13275,경기도 성남시 분당구 금곡동 157,www.New town hotel.Co.Kr,,호텔업,1992-09-26,12월
주식회사 금보,"KEUMBO CO.,LTD",금보, ,조태근,기타법인,194211-0237950,821-81-00013,경상남도 창원시 의창구 창원대로363번길 22-5 (팔용동), ,,호텔업,2015-02-16,12월
금성프라자 주식회사,HOTEL GS PLAZA,금성프라자, ,김홍기,기타법인,170111-0173956,502-81-52610,대구광역시 동구 방촌동 1060-1번지,www.gsplazahotel.co.kr,,호텔업,2000-05-25,12월
금양개발 주식회사,"Kumyang development Co., Ltd.",금양개발, ,이용희,기타법인,234111-0080443,706-88-00090,경상남도 양산시 물금읍 증산역로 155 (가촌리), ,,서양식 음식점업,2015-04-01,12월
주식회사 금월봉,-,금월봉, ,최장백,기타법인,151211-0005431,304-81-08714,서울특별시 강남구 대치동 889-5 샹제리제센터 A-902,-,,기타 일반 및 생활 숙박시설 운영업,1999-04-20,12월
(주)금자탑,KUMJATAP,금자탑, ,황시형,기타법인,220111-0007295,616-81-05435,"제주특별자치도 제주시 서사로 20 (용담일동, 제주퍼시픽호텔)", ,,호텔업,1990-12-01,12월
주식회사 금택,GeumTaek,금택, ,김영조,기타법인,180111-1119733,337-86-00852,"부산광역시 해운대구 달맞이길62번길 49 (중동, 클라우드미포)", ,,커피 전문점,2017-10-20,12월
금호리조트(주),"KUMHO RESORT CO., LTD",금호리조트, ,김성일,기타법인,134511-0105856,142-81-03111,"경기도 용인시 처인구 양지면 양대로 290 (정수리, 아시아나C.C)",www.kumhoresort.co.kr,,휴양콘도 운영업,2006-10-02,12월
기원관광주식회사,"KIWON TRAVEL Co.,Ltd.",기원관광, ,이동걸,기타법인,110111-0272594,102-81-16054,서울특별시 종로구 공평동 1번지,없음,,호텔업,1980-04-10,12월
기흥아이씨티스퀘어,"Giheung ICT Square Co., Ltd.",기흥아이씨티스퀘어, ,조은순,기타법인,110111-7682225,545-87-01691,경기도 용인시 기흥구 기흥로 58-1 (구갈동) 기흥ICT밸리 A동 201~207호,ictconvention.co.kr,,음식점업,2021-11-12,12월
길만 인베스트먼트 아시아,Gillmann Investment Asia Ltd,길만인베스트먼트아시아, ,제프리 맥도웰,기타법인,110111-3741489,211-88-02208,서울특별시 강남구 신사동 563-30 피에스지빌딩 13층,www.thegillmanngroup.com,,호텔업,2007-08-23,12월
주식회사 김덕규과자점,KDK bakery,김덕규과자점, ,김덕규,기타법인,195511-0188346,611-87-00266,경상남도 김해시 구지로 20 (내동) KDK빌딩, ,,제과점업,2015-10-08,12월
꿈꾸는이상(주),Dreams of leesang ,꿈꾸는이상, ,이승호,기타법인,110111-4670611,209-81-54010,"서울특별시 성북구 정릉로 395 (하월곡동, 이상빌딩)",www.esang.co.kr,,한식 육류요리 전문점,2011-09-01,12월
(주)나경인터내셔날,NA KYUNG INTERNATIONAL CO.LTD,나경인터내셔날, ,문복숙,기타법인,134811-0074542,215-86-48366,광주광역시 동구 지산동 산 63-1 산 68-17, ,,호텔업,2003-10-01,12월
주식회사나노디앤씨,nano D&C,나노디앤씨, ,장광태,기타법인,131411-0141699,134-86-01780,강원도 평창군 용평면 속사리540-20, ,,기타 일반 및 생활 숙박시설 운영업,2003-06-16,12월
주식회사 나이아가라관광,Niagara co.Ltd,나이아가라관광, ,유기종,기타법인,110111-0202210,109-81-17563,"서울특별시 강서구 양천로 743 (염창동, 나이아가라관광호텔)",www.niagarahotel.co.kr,,호텔업,1976-09-09,12월
주식회사낙산개발,NAKSAN DEVELOPMENT CO.LTD,낙산개발, ,최의석,기타법인,110111-0640824,211-81-51976,서울특별시 강남구 논현동 203,WWW.FREYACONDO.CO.KR,,휴양콘도 운영업,1989-07-28,12월
주식회사 낙산관광호텔,Freya Naksan Resortel,낙산관광호텔, ,김노언,기타법인,144511-0000228,227-81-00958,강원도 양양군 강현면 전진2리 3-2, ,,휴양콘도 운영업,1989-07-28,12월
주식회사 낙원,"NAKWON Co., Ltd",낙원, ,한선이,기타법인,111511-0022122,127-81-67173,경기도 의정부시 의정부동 431-23,없음,,출장 음식 서비스업,1996-06-18,12월
주식회사 남문,"Nammoon, Inc",남문, ,민경혁,기타법인,140111-0050390,221-81-42076,"강원도 춘천시 남산면 남이섬길 1 (방하리, 남이섬)", ,,한식 일반 음식점업,2012-12-12,12월
주식회사 남영,"NAM YOUNG Co.,Ltd.",남영, ,남종길,기타법인,170111-0019712,514-81-04300,대구광역시 남구 대명2동 1824-2,WWW.PRINCEHOTEL.CO.KR,,호텔업,1984-05-11,12월
남우관광(주),"Nam Woo Tourism Co., Ltd.",남우관광, ,조남욱,기타법인,110111-0509624,220-81-02881,"서울특별시 강남구 테헤란로 237 (역삼동, 벨레상스서울호텔)", ,,호텔업,1986-11-05,12월
(주)남일대리조트,Namiltte Resort,남일대리조트, ,"이동주, 이경희",기타법인,180111-0328864,613-81-32078,경상남도 사천시 서동 178-88,www.namiltte.com,,숙박업,2003-05-23,12월
남지리산관광개발 주식회사,"Namchirisan Tourist Co., Ltd.",남지리산관광개발, ,정대훈,기타법인,200111-0025112,409-81-27845,광주광역시 북구 중흥동 699-4번지,www.swresort.co.kr,,휴양콘도 운영업,1991-01-07,12월
(주)남태평양관광호텔,김선경,남태평양관광호텔, ,"HOTEL NAM TAEPYUNG YANG CO, , LTD",기타법인,180111-0069632,606-87-10042,부산광역시 광역시 사상구 엄궁동 149-1, ,,호텔업,1986-11-13,12월
남풍산업(주),nampung,남풍산업, ,신영철,기타법인,110111-0253619,104-81-15691,서울특별시 중구 퇴계로 19 (남대문로5가), ,,숙박업,1984-12-12,12월
(주)남해레져,"NAM HAE LEISURE CO., LTD",남해레져, ,정응기,기타법인,110111-2201294,114-86-10193,경상남도 남해군 서면 서상리 1182-9,http://www.nsfh.co.kr,,호텔업,2001-03-26,12월
주식회사 넌럭셔리어스컴퍼니,Non Luxurious Company,넌럭셔리어스컴퍼니, ,양창근,기타법인,110111-8110390,564-86-02428,서울특별시 송파구 백제고분로 362 (석촌동)5층,www.popeyes.co.kr,,서양식 음식점업,2021-11-30,12월
네스트주식회사,nest,네스트, ,"김영재, 이종화",기타법인,120111-1114272,535-86-01931,"인천광역시 중구 영종해안남로 19-5 (운서동, 네스트호텔)",www.nesthotel.co.kr,,호텔업,2020-12-01,12월
네스트홀딩스주식회사,"NEST Co.,Ltd",네스트홀딩스, ,정건영,기타법인,120111-0604513,121-86-15968,"인천광역시 중구 영종해안남로 19-5 (운서동, 에잇에르메스)",www.nesthotel.co.kr,,호텔업,2012-03-21,12월
네오골드윙스파라다이스 주식회사,NEO GOLDWINGS PARADISE Corp.,네오골드윙스파라다이스, ,현명인,기타법인,110111-0916043,215-81-32457,서울특별시 관악구 봉천동 856-5 대우디오슈페리움 1단지 B 동 1208호,www.ngp153.com,,호텔업,1993-01-27,12월
(주)네오캠퍼스이십일,Neo campus 21,네오캠퍼스이십일, ,원혜경,기타법인,110111-2413229,107-86-10628,제주특별자치도 제주시 이도동, ,,숙박업,2002-01-09,12월
넥스트다이닝(주),Next Dining,넥스트다이닝, ,장경훈,기타법인,110111-5224037,220-88-64891,서울특별시 용산구 대사관로 35 BC동 지2층 15호(한남동), ,,일식 음식점업,2013-09-06,12월
(주)노블스테이,Noblestay,노블스테이, ,나영준,기타법인,170111-0910514,506-81-94723,대구광역시 중구 국채보상로123길 23 (동문동) 노블스테이, ,,호텔업,2023-09-01,12월
녹지제주헬스케어타운 유한회사,Greenland Jeju Healthcare Center Limited,녹지제주헬스케어타운, ,GU XIAFANG,기타법인,224114-0000835,616-86-10516,제주특별자치도 서귀포시 솔오름로 12 (동홍동), ,,휴양콘도 운영업,2013-10-23,12월
녹지한국투자개발 유한회사,"Greenland Korea Investment & Development Co.,Ltd",녹지한국투자개발, ,GU XIAFANG,기타법인,220114-0004732,616-81-99836,제주특별자치도 서귀포시 솔오름로 12 (동홍동), ,,휴양콘도 운영업,2012-10-11,12월
농업회사법인 동화주식회사,"DONGHWA Agricultural co.,ltd",농업회사법인동화, ,장동문,기타법인,284911-0105097,141-81-34120,경기도 파주시 파평면 파평산로363번길 32-9 (두포리),www.dwhealingcamp.com,,기타 일반 및 생활 숙박시설 운영업,2013-04-01,12월
농업회사법인 마리오허브빌리지(주),"mario herbvillage co.,ltd",농업회사법인마리오허브빌리지, ,홍셩열,기타법인,284311-0018391,195-87-00255,"경기도 연천군 왕징면 북삼로20번길 55 (북삼리, 허브빌리지)",www.herbvillage.co.kr,,여관업,2015-12-07,12월
농업회사법인 주식회사 밀모,MILMO COMPANY,농업회사법인밀모, ,이금희,기타법인,195511-0134711,615-81-82031,전라북도 무주군 적상면 밀모길 79-14 (사산리), ,,호텔업,2011-01-31,12월
농업회사법인주식회사소풍캠핑장,sopoongcamping,농업회사법인소풍캠핑장, ,김기숙,기타법인,134511-0275659,397-88-00275,경기도 용인시 처인구 이동읍 경기동로785번길 30 (송전리)소풍캠핑장,beobhee@naver.com,,숙박업,2015-11-24,12월
농업회사법인주식회사장산,jang san,농업회사법인장산, ,이재천,기타법인,164211-0024006,305-86-27591,"충청남도 금산군 추부면 검한1길 156 (요광리, 하늘물빛정원,장산관광농원)", ,,한식 음식점업,2013-07-01,12월
농업회사법인 주식회사 한마루,"Hanmaru, Inc.",농업회사법인한마루, ,박희옥,기타법인,145011-0013262,226-81-44410,강원도 평창군 용평면 이승복생가길 210 (노동리), ,,휴양콘도 운영업,2012-05-04,12월
농업회사법인 한울팜 주식회사,Hanul Farm Corporation,농업회사법인한울팜, ,김진식,기타법인,164911-0034233,159-86-02191,충청남도 예산군 응봉면 예당로 1133 (신리), ,,기타 일반 및 생활 숙박시설 운영업,2021-03-18,12월
(주)누리서울타워,nuriseoultower,누리서울타워, ,장병수,기타법인,110111-3039214,109-81-92714,서울특별시 서초구 효령로 83 누리플랜빌딩 1층,www.nuriseoultower.com,,음식점업,2001-06-29,12월
(주)누보쉐프,"NOUVEAUCHEF CO.,LTD",누보쉐프, ,이영운,기타법인,134611-0038609,125-81-75037,경기도 안성시 양성면 노곡리, ,,한식 음식점업,2008-06-09,12월
주식회사뉴대구호텔,"NewDaegu-HotelCo,Ltd",뉴대구호텔, ,조광래,기타법인,170111-0518839,503-86-11354,대구광역시 서구 서대구로 45 (내당동),newdaegu2100@naver.com,,호텔업,2014-02-07,12월
주식회사 뉴서울호텔,NEW SEOUL HOTEL,뉴서울호텔, ,임종빈,기타법인,110111-0027080,104-81-25656,"서울특별시 중구 세종대로22길 16 (태평로1가, 뉴서울호텔)", ,,호텔업,1969-10-15,12월
(주)뉴세림,rgnt,뉴세림, ,정한회,기타법인,110111-2322199,109-81-73449,서울특별시 도봉구 마들로11길 29 (창동), ,,호텔업,2001-08-31,12월
(주)뉴오리엔탈호텔,New Oriental Hotel,뉴오리엔탈호텔, ,송기동,기타법인,110111-0143558,104-81-05908,"서울특별시 중구 퇴계로14길 1 (회현동3가, 뉴오리엔탈호텔)",www.orientalmyeongdong.com,,호텔업,1973-04-03,12월
뉴콘티넨탈호텔주식회사,New Continental Hotel ,뉴콘티넨탈호텔, ,정길성,기타법인,180111-0987529,297-81-00165,"부산광역시 연제구 반송로 40 (연산동, 뉴콘티넨탈관광호텔)", ,,호텔업,2015-09-14,12월
(주)뉴크라운 관광호텔,NEW CROWN TOURIST HOTEL,뉴크라운관광호텔, ,오영근,기타법인,220111-0015913,616-81-14313,제주특별자치도 제주시 연동 274-12, ,,호텔업,1995-03-03,12월
(주)뉴프린스관광호텔,"NewPrinceHotel Co., Ltd.",뉴프린스관광호텔, ,이완엽,기타법인,200111-0120017,409-81-55754,광주광역시 북구 운암동 65-8,없음,,호텔업,2000-08-01,12월
주식회사 느리게걷기,"Nurigaegutgi Co.,Ltd",느리게걷기, ,여상민,기타법인,110111-3507261,211-87-87665,서울특별시 강남구 신사동 631-34 제성빌딩 1층,walkingslowly.co.kr,,서양식 음식점업,2006-08-09,12월
주식회사 늘푸름개발,NUL PURUM GAEBAL,늘푸름개발, ,"정재형, 박지호",기타법인,220111-0174721,373-86-00955,제주특별자치도 제주시 조천읍 신북로 443 (함덕리), ,,호텔업,2018-04-10,12월
다다산업개발(주),"Dada industrial Development.Co.,Ltd.",다다산업개발, ,김효겸,기타법인,150111-0033922,301-81-33626,충청북도 청원군 내수읍 마산리, ,,기관 구내식당업,1998-07-01,12월
(주)다대포관광호텔, ,다대포관광호텔, ,김용태,기타법인,180111-0294122,603-81-39040,부산광역시 사하구 다대동 769번지, ,,호텔업,1999-08-01,12월
주식회사 다온신개발,"Daonsin Development Co.,Ltd",다온신개발, ,정희석,기타법인,170111-0554883,140-81-95819,대구광역시 중구 중앙대로81길 18 (전동),-,,호텔업,2015-01-23,12월
주식회사 다온푸드서비스,"Daon Food Service Co., Ltd",다온푸드서비스, ,이대석,기타법인,134811-0569452,145-86-01951,"경기도 화성시 동탄첨단산업1로 27 (영천동, 금강펜테리움IX타워)",www.daonfood.com,,기관 구내식당업,2020-07-15,12월
유한회사 다올,DAOL,다올, ,정상용,기타법인,211114-0028460,401-81-46611,제주특별자치도 서귀포시 중문상로82번길 24 (중문동) 301호, ,,기타 일반 및 생활 숙박시설 운영업,2012-04-12,12월
주식회사 다올관광개발,DAOLTOUR,다올관광개발, ,최승호,기타법인,110111-5680726,673-86-00044,서울특별시 동작구 동작대로27가길 11 (사당동) 3층, ,,숙박업,2015-04-01,12월
주식회사 다옴,daom,다옴, ,권영태,기타법인,171111-0027508,508-81-36694,경상북도 안동시 관광단지로 346-84 (성곡동), ,,호텔업,2013-10-14,12월
다옴레져개발,daomleisure,다옴레져개발, ,김주영,기타법인,150111-0314299,694-81-02200,충청북도 청주시 흥덕구 예체로 155, ,,휴양콘도 운영업,2021-08-24,12월
주식회사 다운타우너,"DOWNTOWNER Co.,Ltd.",다운타우너, ,이건호,기타법인,110111-7088382,145-86-01441,서울특별시 강남구 논현로85길 70 (역삼동) 13층,www.instagram.com/downtowner.official/,,서양식 음식점업,2019-04-24,12월
다이와로얄코리아 주식회사,"Daiwa Royal Korea Co., Ltd.",다이와로얄코리아, ,타카츠카쿠니미츠,기타법인,110111-7779238,325-88-02055,서울특별시 마포구 마포대로 67 3층(도화동), ,,호텔업,2021-02-05,12월
(주)다인리조트,Dyne Resort Corporation,다인리조트, ,권혁성,기타법인,220111-0044172,616-81-44608,제주특별자치도 제주시 애월읍 애월해안로 400-9 (고내리),www.dyneresort.co.kr,,기타 일반 및 생활 숙박시설 운영업,2003-07-28,12월
다인인베스트먼트 주식회사,"DAIN INVESTMENT CO., LTD",다인인베스트먼트, ,최경화,기타법인,194211-0240557,712-81-00077,경상남도 창원시 의창구 원이대로 332 (대원동 그랜드머큐어앰배서더창원), ,,호텔업,2015-05-01,12월
(주)다함,DAHAM,다함, ,"이원철, 김동석",기타법인,121111-0172717,130-86-34601,서울특별시 강남구 신사동 575 극동스포츠빌딩9층, ,,서양식 음식점업,2008-05-26,12월
(주)닥터로빈,DRROBBIN,닥터로빈, ,"송경석, 김미혜",기타법인,110111-3343037,211-87-73725,"서울특별시 강서구 공항대로 396 (화곡동, (주)귀뚜라미보일러사옥빌딩) 3층", ,,서양식 음식점업,2005-11-16,12월
달톤인베스트먼트주식회사,DANTON INVESTMENT,달톤인베스트먼트, ,김모영,기타법인,134511-0023256,135-81-23161,서울특별시 송파구 오금동 122-4,www.daltongolf.co.kr,,휴양콘도 운영업,1997-05-09,12월
주식회사 달해,tal hae,달해, ,한옥정,기타법인,220111-0145699,670-87-00362,제주특별자치도 제주시 애월읍 하귀로25길 26-3, ,,음식점업,2016-04-27,12월
주식회사 담양온천,"damyangresort co,. ltd",담양온천, ,명민호,기타법인,204311-0010913,409-81-62935,전라남도 담양군 금성면 원율리 399,http://www.damyangresort.com,,호텔업,2001-07-25,12월
(주)대구아미고호텔,HOTEL AMIGO,대구아미고호텔, ,이수우,기타법인,170111-0244096,504-81-51238,대구광역시 중구 하서동 28,www.hotelamigo.co.kr,,호텔업,2003-03-13,12월
주식회사 대기개발,Daegi Development Inc.,대기개발, ,김형우,기타법인,134211-0146434,126-86-71795,경기도 광주시 초월읍 경충대로 1337-74 (대쌍령리), ,,음식점 및 주점업,2014-01-01,12월
주식회사 대덕크리스탈,"Dae Deok Crystal Co., Ltd",대덕크리스탈, ,황의덕,기타법인,110111-0524507,314-81-06858,대전광역시 유성구 도룡동 3-1,www.kumdori.co.kr,,기타 일반 및 생활 숙박시설 운영업,1987-03-24,12월
대륙흥업개발 주식회사,Continental Hotel,대륙흥업개발, ,황호남,기타법인,110111-0881444,214-86-12661,서울특별시 강서구 화곡동 1110-3, ,,호텔업,1992-07-23,12월
(주)대명레저,DAE MYUNG LEISURE CO.,대명레저, ,박흥석,기타법인,134311-0000987,220-81-04083,서울특별시 강남구 역삼동 719-4 도원빌딩, ,,기타 숙박업,1991-10-25,06월
주식회사 대명소노,daemyungsono,대명소노, ,"김정훈, 서준혁",기타법인,110111-0777635,220-81-04079,"강원도 홍천군 서면 한치골길 262 (팔봉리, 대명비발디파크)",www.daemyung.co.kr,,휴양콘도 운영업,1987-11-08,12월
주식회사 대명호텔앤리조트제주,"Daemyung Hotel & Resort Jeju Co.,Ltd",대명호텔앤리조트제주, ,최주영,기타법인,224111-0003330,616-81-12300,"제주특별자치도 서귀포시 표선면 일주동로 6347-17 (토산리, 샤인빌리조트)",www.daemyungresort.com,,휴양콘도 운영업,1994-05-01,12월
(주)대명호텔앤리조트천안,DAEMYUNG RESORT CHEONAN,대명호텔앤리조트천안, ,정상수,기타법인,161511-0092448,312-81-93454,"충청남도 천안시 동남구 성남면 종합휴양지로 200 (용원리, 대명리조트)",http//www.tedin.co.kr,,휴양콘도 운영업,2007-09-12,12월
대보디앤에스(주),"DAEBO DISTRIBUTION CO.,LTD.",대보디앤에스, ,한제영,기타법인,110111-0856710,301-81-23531,"충청북도 청주시 흥덕구 옥산면 경부고속도로 309 (오산리, 옥산휴게소부산방향)",www.daeboro.co.kr,,간이음식 포장 판매 전문점,1992-05-09,12월
대보유통(주),Daebo distribution,대보유통, ,김진경,기타법인,134811-0046624,124-81-68402,경기도 화성시 팔탄면 서해안고속도로 302 (덕천리), ,,간이음식 포장 판매 전문점,1999-12-27,12월
대신기업주식회사,DAESHIN.CO.LTD,대신기업, ,이강년,기타법인,174811-0000143,515-81-00122,경상북도 칠곡군 왜관읍 경부고속도로 158 (아곡리),daeshinsa.co.kr,,음식점 및 주점업,1972-03-31,03월
대신투자개발 주식회사,"Daeshin Investment & Development Co., Ltd.",대신투자개발, ,신진우,기타법인,110111-5015791,114-87-05488,"서울특별시 강남구 영동대로 736 (청담동, aloftHOTELS)", ,,호텔업,2012-12-04,12월
(주)대아울릉리조트,"Daea-Ulleung resort Co.,Ltd",대아울릉리조트, ,황성욱,기타법인,175811-0000176,506-81-20143,"경상북도 울릉군 울릉읍 사동1길 43 (사동리, 대아리조트)",http://www.daearesort.com,,호텔업,1986-09-10,12월
(주)대용그룹,Daeyong group co.,대용그룹, ,여상준 외 1명,기타법인,140111-0049640,221-81-41489,강원도 춘천시 스포츠타운길 376 (삼천동) 베니키아 베어스호텔, ,,호텔업,2012-11-01,12월
대우송도호텔 (주),"Daewoo Songdo Hotel Co.,Ltd.",대우송도호텔, ,홍제민,기타법인,120111-0451998,131-86-05808,"인천광역시 연수구 컨벤시아대로 153 (송도동, 쉐라톤인천호텔)", ,,호텔업,2007-12-21,12월
(주)대웅,DAE WOONG,대웅, ,김영택,기타법인,180111-0560820,606-81-99009,부산광역시 강서구 녹산산단261로14번길 17-23 (송정동), ,,기관 구내식당업,2006-07-04,12월
대의산업주식회사,"daeeuysaneop.co.,ltd",대의산업, ,박용국,기타법인,200111-0003833,408-81-03501,광주광역시 동구 지산동 산40,http://www.hotelmudeung.co.kr,,호텔업,1982-05-02,12월
(주) 대일인터내셔널하스피탈리티그룹,DAEILINTERNATIONALHOSPITALITYGROUP,대일인터내셔널하스피탈리티그룹, ,박대식,기타법인,120111-0452673,131-86-09594,"인천광역시 연수구 송도미래로 30 (송도동, 송도BRC스마트밸리지식산업센터) 이동1813-2호",www.daeilhg.co.kr/,,호텔업,2008-08-14,12월
주식회사 대전용전개발,DJMARUHILL,대전용전개발, ,박성진,기타법인,200111-0600035,638-81-01685,대전광역시 동구 동서대로1725번길 44 (용전동), ,,숙박업,2020-05-27,12월
주식회사대주산업,DAEJOO.CO.LTD,대주산업, ,이성재,기타법인,175211-0004203,504-81-18597,경상북도 칠곡군 왜관읍 경부고속도로 159 (아곡리),daejoosa.co.kr,,음식점 및 주점업,1995-05-01,03월
대진산업(주),"DAEJIN INDUSTRY CO., LTD.",대진산업, ,조미선,기타법인,120111-0005208,315-81-22211,충청북도 괴산군 증평읍 초중리45-4, ,,호텔업,1977-07-15,06월
(주)대천리조트,"Daecheon Resort, Inc.",대천리조트, ,김충수,기타법인,164511-0015108,313-81-20027,"충청남도 보령시 옥마벚길 10 (명천동, 대천리조트)",www.westopia.co.kr/,,휴양콘도 운영업,2007-12-26,12월
주식회사 대천리조트개발,"Daechoen Resort Development Co., Ltd.",대천리조트개발, ,이명수,기타법인,164511-0012518,313-81-17013,충청남도 보령시 신흑동 2208-1, ,,휴양콘도 운영업,2005-07-29,12월
주식회사 대통상사,datong,대통상사, ,신길식,기타법인,180111-1340023,780-88-01966,"부산광역시 해운대구 마린시티2로 33 (우동, 해운대두산위브더제니스) 103-3807", ,,호텔업,2021-02-04,12월
대한관광개발 주식회사,"DAEHAN SIGHT-SEEING DEVELOPMENT CO.,LTD",대한관광개발, ,장성천,기타법인,110111-0073489,201-81-31518,서울특별시 중구 명동1가 6,http://www.seoulroyal.co.kr,,호텔업,1966-12-09,12월
주식회사 대흥,"DaeHeung CO.,LTD",대흥, ,이재열,기타법인,170111-0036740,502-81-11322,"대구광역시 수성구 동대구로 27 (두산동, 아리아나호텔)", ,,호텔업,1989-05-30,12월
(주)대흥레져, ,대흥레져, ,박래윤,기타법인,110111-2227224,210-81-34372,서울특별시 강서구 화곡동 1111-7, ,,호텔업,2001-04-27,12월
(주)더노블쉽,THE NOBLESHIP,더노블쉽, ,이재열,기타법인,180111-1279115,496-88-01815,부산광역시 중구 대청로 107 (대청동2가), ,,숙박업,2020-04-15,12월
(주)더레스토랑컴퍼니,THE RESTAURANT COMPANY,더레스토랑컴퍼니, ,이혁준,기타법인,110111-4574748,108-81-96153,서울특별시 강남구 도산대로15길 32-4 (신사동), ,,서양식 음식점업,2011-04-06,12월
유한회사 더링크호텔,The Link Hotel,더링크호텔, ,이지희,기타법인,110114-0270526,322-81-02154,"서울특별시 구로구 경인로 610 (신도림동, 더링크호텔)",www.thelinkseoul.com/,,호텔업,2024-01-01,12월
주식회사 더반,the van,더반, ,황영철,기타법인,180111-1227891,711-81-01490,"부산광역시 해운대구 해운대해변로197번길 10-18 (우동, 더반호텔)", ,,호텔업,2019-07-05,12월
더부쓰,The Booth,더부쓰, ,양성후,기타법인,110111-5099357,106-86-92855,서울특별시 용산구 녹사평대로54길 7 (이태원동) 1층,www.theboothpub.com,,주점업,2013-03-28,12월
주식회사 더부페,"The buffet co., Ltd.",더부페, ,조창열,기타법인,110111-3192731,105-86-77813,"서울특별시 마포구 마포대로 73 (도화동, SK허브그린)",the-buffet.com,,서양식 음식점업,2005-03-22,12월
(주)더블류 에이치,W.H,더블류에이치, ,김창봉 윤하나,기타법인,200111-0200405,410-86-06850,광주광역시 서구 죽봉대로 12 (농성동) 라페스타웨딩홀, ,,한식 음식점업,2006-12-01,12월
(주)더블유스퀘어제주,"W Square Jeju Co.,Ltd.",더블유스퀘어제주, ,김완식,기타법인,220111-0103051,616-86-07345,제주특별자치도 제주시 일주동로 372 (삼양이동), ,,호텔업,2013-06-14,12월
(주)더블유앤,wn,더블유앤, ,오경종,기타법인,134511-0332102,322-86-00544,경기도 용인시 기흥구 원고매로2번길 5 (고매동), ,,커피 전문점,2017-08-17,12월
더블유에이치지코리아 주식회사,WHG KOREA,더블유에이치지코리아, ,NAKAMURA TETSUYA,기타법인,110111-5570472,201-86-43663,서울특별시 중구 세종대로12길 12 (남대문로4가), ,,호텔업,2014-11-21,12월
주식회사 더블유제이노체앤코,"WJ NOCE & CO.,Ltd.",더블유제이노체앤코, ,최효진,기타법인,110111-3843673,214-88-22601,"서울특별시 구로구 새말로 97 (구로동, 신도림테크노마트) 8층",www.todaikorea.com,,기타 외국식 음식점업,2008-02-19,12월
주식회사 더블유투,WyouTo Corp,더블유투, ,서명우외2명,기타법인,230111-0267152,208-81-29352,울산광역시 남구 삼산로383번길 6-10 (삼산동), ,,숙박업,2016-11-15,12월
주식회사 더블유홀딩스,WHOLDINGS,더블유홀딩스, ,김상우,기타법인,170111-0951815,189-86-03279,"대구광역시 수성구 청호로 490 101동705호(만촌동, 해링턴플레이스만촌)", ,,호텔업,2024-03-06,12월
더 센트럴홀딩스 주식회사,THE CENTRAL HOLDINGS,더센트럴홀딩스, ,김대영,기타법인,180111-1395896,738-87-02351,부산광역시 부산진구 중앙대로691번길 53 (부전동), ,,호텔업,2021-10-20,12월
주식회사 더스위트호텔남포,"THE SWEET HOTEL NAMPO Co.,Ltd",더스위트호텔남포, ,최지아,기타법인,180111-1173177,538-87-01145,부산광역시 중구 백산길 15 (동광동3가), ,,호텔업,2018-05-26,12월
더스테이인애월,thestayinaewol,더스테이인애월, ,이지연,기타법인,220111-0119347,616-86-23383,제주특별자치도 제주시 애월읍 일주서로 7113 (하귀1리) 더스테이인애월, ,,호텔업,2014-11-03,12월
주식회사 더스토리컴퍼니,"The Story Company CO., LTD",더스토리컴퍼니, ,한기운,기타법인,180111-0943274,617-86-23799,부산광역시 해운대구 구남로12번길 32 (우동) 에스시헬싱키호텔, ,,일반 및 생활 숙박시설 운영업,2014-11-14,12월
(주)더시젠,The Czen,더시젠, ,김흥연,기타법인,110111-2787880,211-87-33456,서울특별시 강남구 청담동 92-16 아트빌딩 3층,www.theczen.net,,간이음식 포장 판매 전문점,2003-05-27,12월
주식회사 더앤리조트,The N Resort,더앤리조트, ,이효진,기타법인,110111-7021077,631-81-01476,서울특별시 강동구 천호대로 1124 5층 (성내동), ,,호텔업,2019-02-26,12월
더연리지 주식회사,"THE YEONRIJI CO., LTD.",더연리지, ,김하숙,기타법인,194211-0232083,609-86-22289,"경상남도 창원시 진해구 진해대로1026번길 4 (풍호동, 더연리지)", ,,서양식 음식점업,2014-10-08,12월
주식회사 더원글로벌,"Theoneglobal, Inc.",더원글로벌, ,한지동,기타법인,135711-0098973,126-86-74356,"경기도 부천시 원미구 길주로 262 2층(중동, 이안더클래식)", ,,간이음식 포장 판매 전문점,2016-02-11,12월
주식회사더원라운지컴퍼니,THEWONLOUNGE COMPANY,더원라운지컴퍼니, ,원혜경,기타법인,110111-7669942,332-81-01846,"서울특별시 서대문구 성산로 565 (대신동, 연세대학교대신빌딩)", ,,기숙사 및 고시원 운영업,2020-11-03,12월
더원아카데미(카엘리움),thewon academy caelrium,더원아카데미(카엘리움), ,원충도,기타법인,180111-1439355,279-86-02160,부산광역시 북구 중리로 97 (만덕동), ,,숙박업,2022-04-29,12월
더웰시(주),Thewealthy corporation.,더웰시, ,경태현,기타법인,160111-0353154,305-86-28571,충청남도 공주시 반포면 임금봉길 88-2 (학봉리),-,,여관업,2013-08-08,12월
(주)더위,"THE WE Co.,Ltd)",더위, ,송현숙,기타법인,180111-0786517,617-81-95696,부산광역시 해운대구 달맞이길62번길 78 (중동), ,,기타 일반 및 생활 숙박시설 운영업,2011-12-14,12월
더케이제주호텔(주),Ramada Plaza Jeju Hotel,더케이제주호텔, ,김정태,기타법인,220111-0033251,616-81-33907,제주특별자치도 제주시 탑동로 66 (삼도이동),www.ramadajeju.co.kr,,호텔업,2001-03-29,12월
더케이호텔앤리조트(주) ,The-K Hotel & Resort,더케이호텔앤리조트, ,유재중,기타법인,110111-0694756,229-81-20585,"경상북도 경주시 엑스포로 45 (신평동, The-KHOTEL경주)",www.thek-hotel.co.kr,,호텔업,1995-07-01,12월
더클래스호텔 주식회사,THECLASS HOTEL COMPANY,더클래스호텔, ,맹창수,기타법인,110111-6054144,349-86-00520,"서울특별시 서초구 서초대로 355 B 102호(서초동, 서초메이플라워맴버스빌)",www.theclass300.com,,호텔업,2016-05-09,12월
주식회사 더클래식호텔,"JS The Classic Hotel Co., Ltd.",더클래식호텔, ,홍삼식,기타법인,134811-0298712,135-86-42917,경기도 화성시 큰재봉길 31-7 (석우동), ,,호텔업,2014-04-30,12월
(주)더파이낸셜어드바이저리그룹,The Financial Advisory Group Ltd.,더파이낸셜어드바이저리그룹, ,신재영,기타법인,110111-5013711,215-87-76267,"서울특별시 영등포구 국제금융로 10 (여의도동, 서울국제금융센터) Three IFC 47층", ,,호텔업,2012-12-01,12월
(주)더파크삼육오,The park 365,더파크삼육오, ,김농일,기타법인,110111-1549091,107-86-49477,서울특별시 영등포구 여의도동 15-13 , ,,호텔업,2004-04-26,12월
주식회사 더파티플러스,"THE PARTY PLUS Co., Ltd.",더파티플러스, ,김기태,기타법인,230111-0398212,663-88-02812,"울산광역시 북구 진장17길 10 (진장동, 신선도원몰)", ,,한식 음식점업,2023-09-05,12월
주식회사 더포그레이스호텔앤리조트,The Four Graces Hotel & Resort,더포그레이스호텔앤리조트, ,현덕찬,기타법인,224111-0024964,616-86-17014,"제주특별자치도 서귀포시 성산읍 해맞이해안로 2670 (시흥리, 더포그레이스호텔)",thefourgraces.co.kr,,호텔업,2014-04-11,12월
(주)더프레임,kynd tour,더프레임, ,이청윤,기타법인,110111-3583196,211-87-90909,"경기도 성남시 분당구 황새울로329번길 10 (서현동, 카인드호텔)", ,,호텔업,2006-12-20,12월
(주)더프리마,The Prima,더프리마, ,이상준,기타법인,110111-0521743,120-81-01919,서울특별시 강남구 도산대로102길 10 (청담동), ,,호텔업,1987-02-28,12월
주식회사 더한,"THEHAN CO., LTD.",더한, ,한정희,기타법인,110111-0264921,201-81-45496,"서울특별시 중구 삼일대로2길 50 (예장동, 오리엔스)", ,,기타 일반 및 생활 숙박시설 운영업,1979-12-06,12월
더한옥헤리티지 주식회사,"The Hanok Hotel & Resort CO.,LTD.",더한옥헤리티지, ,조정일,기타법인,110111-5946988,314-87-00268,"서울특별시 영등포구 은행로 3 8층(여의도동, 익스콘벤처타워)", ,,숙박업,2016-01-14,12월
주식회사 더휴식,"The Hyoosik Co., Ltd.",더휴식, ,"김준하, 신현욱",기타법인,161511-0262257,363-87-01411,"서울특별시 강남구 영동대로76길 12 ,2층(대치동)",thehyoosik.com/,,여관업,2019-12-16,12월
주식회사 덕림제주샹그릴라호텔,DEOKLIM,덕림제주샹그릴라호텔, ,우영매,기타법인,220111-0095779,616-81-99520,제주특별자치도 제주시 해안마을북길 14-6 (해안동),jejushangrila.co.kr,,호텔업,2014-01-19,12월
주식회사덕산온천관광호텔,DUCK SAN SPA HOTEL,덕산온천관광호텔, ,이성훈,기타법인,164911-0000309,311-81-00608,충청남도 예산군 덕산면 사동리 15번지,ducksanhotel.co.kr,,호텔업,1980-11-26,12월
주식회사 덕용푸드시스템,"DeokyongFoodsystem.Co.,Ltd.",덕용푸드시스템, ,박노봉,기타법인,120111-0449589,131-86-05472,인천광역시 연수구 청량로 120, ,,한식 음식점업,2007-12-10,12월
주식회사 덕은,Golden Dragon Hotel,덕은, ,우성덕,기타법인,220111-0093070,616-81-96620,제주특별자치도 제주시 삼무로 78 (연동), ,,호텔업,2012-10-04,12월
(주)데미테르,"Demeter Co., Ltd",데미테르, ,신재범,기타법인,110111-4933085,211-88-81668,서울특별시 강남구 논현동 248-5 6층, ,,호텔업,2012-08-06,12월
주식회사 델로스,DELOS.CO.LTD,델로스, ,김시환,기타법인,230111-0213543,610-86-24064,울산광역시 울주군 온산읍 온산로 264 (학남리),-,,호텔업,2013-10-11,12월
(주)델리에프에스,"DELY FS CO., LTD.",델리에프에스, ,신무현,기타법인,110111-2135237,220-86-02760,"서울특별시 강남구 선릉로93길 9 501호(역삼동, 장원빌딩)",www.defs.co.kr,,기관 구내식당업,2000-12-21,12월
주식회사 도경,HOTEL DK,도경, ,양연식,기타법인,224111-0034898,850-88-00359,제주특별자치도 서귀포시 중앙로54번길 12 (서귀동),도경.com,,호텔업,2016-09-28,12월
도남개발(주),"Donam Development Co., Ltd.",도남개발, ,"서원석, 강석동",기타법인,110111-0180979,106-81-60173,경기도 성남시 중원구 상대원동 442-5, ,,호텔업,1966-01-24,12월
주식회사도도관광호텔,smhotel,도도관광호텔, ,김창호,기타법인,110111-0229751,214-86-10509,서울특별시 영등포구 영등포동2가 94-154, ,,호텔업,2006-04-14,12월
주식회사 도레도레,DORE DORE,도레도레, ,김경하,기타법인,120111-0740169,131-86-68405,"인천광역시 남동구 예술로 138 512호(구월동, 이토타워)",doredore.co.kr/,,커피 전문점,2014-12-29,12월
(주)도림아스타,DOLIM ASTAR,도림아스타, ,송춘옥,기타법인,220111-0079236,616-81-81582,"제주특별자치도 제주시 서사로 129 (삼도일동, ASTARHOTEL)",-,,호텔업,2010-11-11,12월
주식회사도온,"Do-on Co.,Ltd.",도온, ,윤희원,기타법인,180111-1311660,417-87-02056,부산광역시 기장군 기장읍 연화길 70 (연화리), ,,호텔업,2020-11-12,12월
(주)도이치브로이하우스,DOICHI BROUI HOUS CO.LTD,도이치브로이하우스, ,홍연희,기타법인,110111-2663577,211-87-26085,서울특별시 강남구 신사동 중산빌딩,-,,주점업,2002-11-29,12월
돈비치관광호텔(주),DAWN BEACH CO. LTD,돈비치관광호텔, ,김용희,기타법인,180111-0312776,617-81-26355,부산광역시 수영구 광안동,없슴,,호텔업,2000-02-03,12월
주식회사 동강시스타,"Dong Gang Cistar.Co,.Ltd",동강시스타, ,박찬성,기타법인,141411-0005851,225-81-17773,"강원도 영월군 영월읍 사지막길 160 (삼옥리, 동강시스타)",www.cistar.co.kr,,휴양콘도 운영업,2006-05-15,12월
주식회사 동광개발,Dongkwang Development. Co. Ltd,동광개발, ,김상주,기타법인,144411-0002086,227-81-07363,강원도 고성군 죽왕면 순포로 188 (삼포리), ,,휴양콘도 운영업,2000-10-27,12월
동궁이유엠 주식회사,Donggung eum corp.,동궁이유엠, ,음우석,기타법인,141311-0020629,864-81-00984,강원도 속초시 동해대로 3707 (대포동),donghaecondo.co.kr,,휴양콘도 운영업,2018-06-01,12월
(주)동남해상관광호텔, ,동남해상관광호텔, ,배성일,기타법인,180111-0232495,618-81-21936,부산광역시 해운대구 우1동 1434 선프라자729, ,,호텔업,1997-03-01,12월
(주)동남홀딩스,Dongnam holdings co,동남홀딩스, ,박규태,기타법인,180111-0869412,617-86-10144,부산광역시 해운대구 해운대해변로237번길 12 (우동), ,,호텔업,2013-07-29,12월
동도이앤디주식회사,Dongdo E&D Inc.,동도이앤디, ,황형구,기타법인,110111-5660504,646-88-00032,경기도 용인시 수지구 포은대로 479 (풍덕천동), ,,호텔업,2015-03-09,12월
동도이앤씨주식회사,DONG DO E&C ,동도이앤씨, ,황형구,기타법인,110111-5612894,119-87-05431,경기도 용인시 기흥구 동백3로11번길 29,,,호텔업,2015-01-15,12월
(주)동래온천관광호텔,Dongraehotel,동래온천관광호텔, ,추홍수,기타법인,180111-0873455,607-86-10545,부산광역시 동래구 온천장로 64-1 (온천동)2층, ,,호텔업,2013-08-22,12월
(주)동문성,-,동문성, ,김숙자,기타법인,200111-0252307,410-86-15612,광주광역시 광산구 쌍암동 688-9,-,,무도 유흥주점업,2007-03-01,12월
(주) 동민수산,"DONG MIN SEA FOOD CO.,LTD",동민수산, ,김용진,기타법인,180111-1108182,294-88-00791,"서울특별시 강남구 도곡로 401 지하1층(대치동, 롯데백화점)",서울 동작구 동작대로1길 9-1,,일식 음식점업,2017-07-31,02월
(주)동바오,"Dong Bo,.co.ltd",동바오, ,이충헌,기타법인,110111-3262279,201-81-93023,서울특별시 중구 남산동2가 6-1,www.dongbo.net,,중식 음식점업,2005-07-06,12월
주식회사 동방관광호텔,DONGBANG TOURIST HOTEL,동방관광호텔, ,김회조,기타법인,191111-0002564,613-81-02614,경상남도 진주시 옥봉동 803-4,.,,호텔업,1985-12-18,12월
주식회사 동백온실,dongbaekonsil,동백온실, ,이선혁,기타법인,285011-0521290,356-88-02438,"경기도 고양시 일산동구 호수로 646-24 208-31 (장항동, 위너스21II)", ,,한식 일반 음식점업,2022-12-01,12월
(주)동부산온천호텔,DONGBUSAN SPA HOTEL,동부산온천호텔, ,정욱상,기타법인,180111-0557398,621-81-67127,"부산광역시 기장군 장안읍 장안로 38 (기룡리, 동부산관광호텔) 동부산온천호텔", ,,호텔업,2006-06-01,12월
(주)동서울관광호텔,DONGSEOUL TOURIST HOTEL,동서울관광호텔, ,신현백,기타법인,110111-0560527,207-81-22526,"서울특별시 광진구 구의강변로 38 (구의동, 동서울호텔)", ,,호텔업,1988-02-02,12월
(주)동서울레스피아,Dongseoul Respia Co. LTD,동서울레스피아, ,박해천,기타법인,141211-0021067,224-81-22763,강원도 원주시 지정면 월송리 산2-2, ,,기타 일반 및 생활 숙박시설 운영업,2001-06-22,06월
동서유통(주),dong seo Store,동서유통, ,신세훈,기타법인,110111-0430853,214-81-09308,경기도 고양시 일산구 장항1동 855번지,-,,간이음식 포장 판매 전문점,1986-07-01,12월
동수원관광개발(주),Dongsuwon,동수원관광개발, ,조도상,기타법인,130111-0033380,135-81-17392,경기도 수원시 팔달구 우만동 139-18, ,,한식 음식점업,1995-11-06,12월
(주)동승에이치엠씨,"DongsungHMC Co.,Ltd",동승에이치엠씨, ,박용민,기타법인,110111-3059535,101-86-07858,"서울특별시 종로구 종로 266 (종로6가, 동대문종합시장)", ,,호텔업,2004-07-30,12월
(주)동승호텔앤리조트,"DONGSUNG HOTEL & RESORT Co., Ltd",동승호텔앤리조트, ,김용식,기타법인,171411-0002285,511-81-11670,"경기도 평택시 고덕면 첨단대로 110 (방축리, 코트야드바이메리어트호텔)", ,,호텔업,2003-03-18,12월
동양개발(주),DONGYANG DEVELOPMENT LTD.,동양개발, ,윤현구,기타법인,220111-0013599,616-81-12595,제주특별자치도 제주시 애월읍 애월해안로 708 (구엄리) 동양콘도,www.dycondo.com/,,휴양콘도 운영업,1995-12-20,12월
(주)동양에이치앤알,Tong Yang Hotels&Resorts Corp.,동양에이치앤알, ,김희선,기타법인,110111-0754170,211-81-67857,서울특별시 마포구 도화2동 39-1 번지, ,,호텔업,1991-03-21,12월
주식회사 동원산업,DONGWON INDUSTRY,동원산업, ,정은집,기타법인,201311-0052786,408-86-04086,"전라남도 순천시 백강로 234 (조례동, 에코그라드호텔)", ,,호텔업,2013-05-21,12월
주식회사 동주,DONGJU,동주, ,홍종표,기타법인,141111-0046794,226-81-51342,강원도 강릉시 교동광장로100번길 8 (교동), ,,호텔업,2014-12-04,12월
(주)동해그랜드관광호텔,Donghae Grand Hotel,동해그랜드관광호텔, ,정삼암,기타법인,170111-0133900,502-81-42903,"강원도 동해시 동해대로 6285 (망상동, 동해보양온천)",www.mangsanggrand.co.kr,,호텔업,1998-04-14,12월
동해현진관광호텔(주),DONGHEA HYUNJIN TOURIST HOTEL,동해현진관광호텔, ,채창희,기타법인,144711-0019902,222-81-28209,강원도 동해시 동굴로 125-3 (천곡동), ,,호텔업,2012-04-18,12월
주식회사 동행하는사람들,donghanghsd,동행하는사람들, ,제대언,기타법인,194911-0056124,755-88-01728,경상남도 거제시 계룡로9길 9 1~2층 (고현동), ,,한식 육류요리 전문점,2020-09-01,12월
주식회사두레,doore.co.ltd,두레, ,"하종곤, 김규학",기타법인,180111-1076074,390-81-00498,"부산광역시 기장군 일광면 화전2길 86-16 (화전리, (주)예서건설)", ,,호텔업,2017-02-01,12월
두림호텔주식회사,Doolim Hotel,두림호텔, ,김옥희,기타법인,210111-0072050,418-81-33337,경기도 평택시 포승읍 여술1길 5 (도곡리), ,,호텔업,2010-08-26,12월
두성유통(주),"Doo Sung Distribution.co.,Ltd",두성유통, ,양재정,기타법인,191111-0070321,355-87-00236,"경상남도 진주시 문산읍 남해고속도로 195 (소문리, 문산휴게소)", ,,간이음식 포장 판매 전문점,2016-01-01,12월
(주)두진아이디,DOOJINID,두진아이디, ,이선원,기타법인,110111-0824890,120-81-10102,"서울특별시 강남구 삼성로96길 6 (삼성동, LG트윈텔1) 611호",djid158@outlook.kr,,호텔업,1992-01-01,12월
(주)둘둘치킨,TWOTWO CHICKEN,둘둘치킨, ,정점순,기타법인,110111-2513334,201-81-91952,서울특별시 중구 필동2가 134-2 지하2층,www.22chicken.co.kr,,주점업,2005-04-01,03월
드로잉컴퍼니(주),Drawing Company,드로잉컴퍼니, ,이준희,기타법인,134511-0356087,424-86-00952,"경기도 화성시 동탄대로 181 (송동, 동탄린스트라우스더레이크) 판매시설 B동 C111,C112호", ,,서양식 음식점업,2018-05-01,12월
(주)드림스퀘어,DREAM SQUARE,드림스퀘어, ,정순원,기타법인,110111-3016535,214-87-53859,"서울특별시 강남구 선릉로 704 (청담동, 청담빌딩)1252-1", ,,음식점 및 주점업,2004-05-20,12월
주식회사 드림타워,"DREAMTOWER CO,LTD",드림타워, ,정균일,기타법인,200111-0388152,410-86-89185,광주광역시 서구 상무번영로 57, ,,음식점 및 주점업,2014-01-22,12월
주식회사 디.와이.,"D.Y.CO.,LTD.",디.와이., ,이종현,기타법인,171711-0066075,506-81-55768,경상북도 포항시 북구 흥해읍 칠포리 197,www.pinebeachhotel.com,,호텔업,2005-07-20,12월
주식회사 디그니티 그룹,Dignity Group,디그니티그룹, ,심규태,기타법인,144511-0012166,311-86-01261,강원도 양양군 강현면 동해대로 3347 (정암리), ,,호텔업,2018-05-18,12월
(주)디도미,DIDOMI CO.LTD,디도미, ,유윤성 강상호,기타법인,110111-2547432,101-81-83583,서울특별시 종로구 관수동 112,douloshomes.com,,호텔업,2002-06-15,12월
디디에스코리아 주식회사,DDS Korea,디디에스코리아, ,박기태,기타법인,284911-0158351,562-88-00447,경기도 군포시 당정로 9 (당정동), ,,음식점업,2016-09-09,12월
주식회사 디딤,Didim Inc.,디딤, ,이범택,기타법인,120111-0788771,131-81-99048,인천광역시 남동구 논현로46번길 39-24 (논현동),www.didimfood.co.kr,,한식 음식점업,2006-10-23,12월
주식회사 디에스아이,"Dsi co.,ltd ",디에스아이, ,이영섭,기타법인,134211-0055627,126-81-68825,"경기도 남양주시 화도읍 북한강로 1146 (금남리, 북한강모텔)", ,,기타 일반 및 생활 숙박시설 운영업,2003-03-10,12월
(주)디에스앤비,"Robin F&B Co.Ltd.,",디에스앤비, ,홍순원,기타법인,110111-1838345,215-81-85463,경기도 성남시 분당구 정자동 169-1 아데나팰리스 105,www.robin.co.kr,,중식 음식점업,2005-10-26,12월
디엠주식회사,DM,디엠, ,김연주,기타법인,134511-0239902,142-81-75861,경상북도 포항시 북구 해동로 207 (동빈2가)G7 무인텔, ,,여관업,2014-08-07,12월
(주)디엠엘,DML,디엠엘, ,조현철,기타법인,110111-3316224,220-87-16941,서울특별시 강남구 역삼동 719-5 4층, ,,휴양콘도 운영업,2005-10-01,12월
디초콜릿코리아주식회사,"DE CHOCOLATE KOREA CO.,LTD",디초콜릿코리아, ,나장수,기타법인,110111-3650292,211-87-95786,서울특별시 강남구 논현2동 82-13 수산빌딩 503호, ,,비알코올 음료점업,2007-03-30,12월
디케이관광개발 주식회사,"DK Tourism Development Co.,Ltd",디케이관광개발, ,주영하,기타법인,200111-0340318,410-86-60209,광주광역시 서구 상무누리로 55(치평동)  홀리데이 인 광주호텔, ,,일반 및 생활 숙박시설 운영업,2012-04-02,12월
디큐브바피아노(주),"D-CUBE VAPIANO CO.,LTD.",디큐브바피아노, ,김시호,기타법인,110111-4605212,113-86-48828,"서울특별시 구로구 경인로 662 (신도림동, 디큐브시티)", ,,서양식 음식점업,2011-05-16,12월
디큐브월드스트리트푸드(주),"D3 WORLD STREET FOOD CO.,LTD.",디큐브월드스트리트푸드, ,윤순용,기타법인,110111-4626424,113-86-49773,서울특별시 구로구 신도림동 360-51 지하1층, ,,음식점업,2011-06-17,12월
디큐브차이나풍 주식회사,"D-CUBE CHINA FUNG CO.,LTD.",디큐브차이나풍, ,"윤순용, 양혜경",기타법인,110111-4586347,113-86-47998,서울특별시 구로구 신도림동 360-51, ,,중식 음식점업,2011-04-21,12월
디큐브한식저잣거리 주식회사,"D-CUBE KOREAN FOODSTREET CO.,LTD.",디큐브한식저잣거리, ,"김시호, 오진권",기타법인,110111-4572958,113-86-47488,"서울특별시 구로구 경인로 662 (신도림동, 디큐브시티) 지하2층", ,,한식 음식점업,2011-04-05,12월
(주)딘타이펑코리아,DINTAIFUNG KOREA,딘타이펑코리아, ,김선옥,기타법인,121111-0120823,130-86-06478,"경기도 부천시 수도로 164 ,1층 (도당동)",www.dintaifung.co.kr,,중식 음식점업,2004-06-02,12월
뚜쥬루개발(주),toujours,뚜쥬루개발, ,윤석호,기타법인,161511-0053226,312-81-61326,충청남도 천안시 동남구 풍세로 706 뚜쥬루돌가마점(구룡동),www.toujours.co.kr,,제과점업,2003-03-07,12월
주식회사 뚝심,DDUkSIM CO . LTD,뚝심, ,곽한근,기타법인,110111-3734161,119-86-01710,"서울특별시 강남구 테헤란로 512 (대치동, 신안빌딩) 12층",www.dduksim.co.kr,,한식 일반 음식점업,2013-05-30,12월
(주)뚝심외식산업,tsfood,뚝심외식산업, ,최용석,기타법인,194211-0187311,609-81-99880,대구광역시 달서구 달구벌대로 1796 (두류동),www.pyeokeun.co.kr,,음식점 및 주점업,2011-06-13,12월
주식회사 라까사웍스,"lacasaworks co. ltd.,",라까사웍스, ,이현구,기타법인,134211-0134504,126-86-57264,"경기도 광명시 일직로12번길 22 (일직동, 라까사타워)", ,,호텔업,2012-09-10,12월
(주)라까사호텔,LACASA HOTEL,라까사호텔, ,이현구,기타법인,110111-4964098,211-88-84175,"서울특별시 강남구 도산대로1길 83 (신사동,까사미아호텔)",www.hotellacasa.kr,,호텔업,2012-09-10,12월
라미드관광 주식회사, ,라미드관광, ,문병근,기타법인,110111-1794828,210-81-28899,서울특별시 강남구 봉은사로 410 (삼성동), ,,호텔업,2000-04-01,12월
라미드송도호텔 주식회사,"Ramid Songdo Hotel. Co.,Ltd",라미드송도호텔, ,"최영수, 문유선",기타법인,120111-0483892,131-86-11635,"인천광역시 연수구 능허대로267번길 29 (동춘동, 라마다송도호텔)",www.ramada-songdo.co.kr,,일반 및 생활 숙박시설 운영업,2008-12-31,12월
주식회사 라바꼬레아,LAVACOREA,라바꼬레아, ,신호경,기타법인,180111-0958570,894-81-00364,"부산광역시 해운대구 해운대해변로 257 (우동, 하버타운)  1204호", ,,호텔업,2016-02-02,12월
(주)라비돌,LA VIE DOR,라비돌, ,강희준외1,기타법인,110111-0169204,124-81-23064,경기도 화성시 정남면 세자로 286,www.laviedorresort.co.kr,,호텔업,1990-10-05,12월
라온레저개발(주),"Raon Leisure Development co.,Ltd",라온레저개발, ,손천수,기타법인,220111-0021162,616-81-20964,"제주특별자치도 제주시 한경면 용금로 998 (저지리, 라온골프클럽)",www.raon.co.kr,,휴양콘도 운영업,2001-01-01,12월
주식회사 라온제나,"raonzena co.,ltd.",라온제나, ,정행철,기타법인,194911-0045424,769-86-00777,"경상남도 거제시 일운면 거제대로 2631 (소동리, 라마다호텔)",www.ramadasuitesgeoje.com,,기타 일반 및 생활 숙박시설 운영업,2017-12-05,12월
라온컨벤션주식회사,LAONhotel,라온컨벤션, ,이지원,기타법인,160111-0041329,314-81-09796,"대전광역시 유성구 온천로 88 (봉명동, 라온컨벤션)",laonhotel.com,,호텔업,1994-10-24,12월
주식회사 라이프플러스,"Life Plus Co., Ltd",라이프플러스, ,전충수,기타법인,206211-0057642,227-86-00287,전라남도 여수시 돌산읍 강남로 72-1 (우두리) 3층,https://www.hoteljcs.co.kr,,호텔업,2016-01-21,12월
주식회사 라전,RAJEON CO.,라전, ,남재우,기타법인,111511-0004922,127-81-08155,경기도 의정부시 장암동 135, ,,휴양콘도 운영업,1964-10-26,12월
주식회사 라한호텔,"LAHAN HOTELS CO., LTD.",라한호텔, ,"이동춘, 곽영호",기타법인,134511-0045797,135-81-42741,울산광역시 동구 방어진순환도로 875,www.lahanhotels.com,,호텔업,2001-01-01,12월
주식회사 라한호텔전주,"Lahan hotel Jeonju Co., Ltd. ",라한호텔전주, ,"이동춘, 곽영호",기타법인,210111-0131690,193-86-00868,"전라북도 전주시 완산구 기린대로 85 (풍남동3가, 라한호텔전주)",https://lahanhotels.com/jeonju/index.do,,호텔업,2018-03-28,12월
주식회사 라한호텔포항,"Lahan Hotel Pohang Co., Ltd.",라한호텔포항, ,"이동춘, 곽영호",기타법인,171711-0142594,382-87-00956,"경상북도 포항시 북구 삼호로265번길 1 (두호동, 라한호텔포항)", ,,호텔업,2018-10-16,12월
(주)락고재,RAKKOJAE,락고재, ,안영환,기타법인,171111-0019323,508-81-26196,"경상북도 안동시 풍천면 전서로 186-20 (하회리, 락고재하회마을한옥호텔)", ,,호텔업,2009-08-05,12월
(주)래도인,raedoin,래도인, ,김동철,기타법인,110111-0546577,219-81-22005,서울특별시 영등포구 당산동3가 80-6 5층, ,,출장 음식 서비스업,2003-01-22,12월
래미안관광개발(주),"RAEMIAN TOURIST DEVELOPMENT CO., LTD",래미안관광개발, ,조경선,기타법인,130111-0002228,135-81-00625,경기도 수원시 팔달구 구천동 47, ,,호텔업,1978-01-27,12월
랜드마크필코(주),landmarkphilcor co.ltd,랜드마크필코, ,박상기,기타법인,110111-3831842,214-88-21354,서울특별시 서초구 서초1동 1625-12 명화빌딩 3층, ,,휴양콘도 운영업,2008-01-25,12월
(주)레드루팡,Red Lupin co.LTD,레드루팡, ,석근준,기타법인,134811-0118093,124-86-42218,"서울특별시 강남구 삼성동 112-5 지하1,2,3층", ,,무도 유흥주점업,2006-02-15,12월
주식회사 레이크인,lakein,레이크인, ,송관석,기타법인,110111-1401168,211-86-20992,"서울특별시 송파구 석촌호수로 216 (석촌동, 호텔레이크)",hotellake@daum.net,,호텔업,1997-04-16,12월
(주)레이크힐스리조트,lakehills Resort,레이크힐스리조트, ,윤석한,기타법인,110111-1866594,101-81-54356,"서울특별시 종로구 사직로 130 (적선동, 적선현대빌딩) 적선현대빌딩 1001호",lakehills.co.kr/main/main.asp,,휴양콘도 운영업,2000-05-01,12월
주식회사 레저가온,GAON,레저가온, ,김영중,기타법인,200111-0431498,748-87-00103,"광주광역시 광산구 신가번영로24번길 35-8 (신가동) ,1층", ,,기타 일반 및 생활 숙박시설 운영업,2015-07-10,12월
주식회사 로드비치영종,roadbeachyeongjong,로드비치영종, ,백대용,기타법인,124411-0310508,653-88-02343,"경기도 김포시 유현로238번길 36 (풍무동), 3층",없음,,호텔업,2021-10-14,10월
주식회사 로아프라퍼티,Loa Property Inc.,로아프라퍼티, ,온성준,기타법인,220111-0027650,768-81-03553,제주특별자치도 제주시 죽성길 84-47 (오등동), ,,야영장업,2025-02-24,12월
로얄개발(주),ROYAL COUNTRY CLUB,로얄개발, ,LEE RYAN SEOKWON,기타법인,111511-0000219,127-81-00599,경기도 양주시 만송로 244 (만송동)레이크우드 컨트리클럽,www.lakewood.co.kr,,기타 숙박업,1971-09-01,12월
주식회사 로얄관광호텔,ROYAL HOTEL,로얄관광호텔, ,노명선,기타법인,120111-0059261,139-81-00933,인천광역시 남동구 감석동 173-4,www.Royalhotel.co.kr,,기타 일반 및 생활 숙박시설 운영업,1990-05-23,12월
로키(주),loki,로키, ,윤봉석,기타법인,194211-0047226,609-81-47306,경상남도 마산시 석전동229-17, ,,호텔업,2001-04-17,12월
로터스가든, ,로터스가든, ,김용삼,기타법인,110111-0834956,220-81-01029,서울특별시 강남구 역삼동 700-29, ,,출장 음식 서비스업, ,12월
주식회사 롯데시티호텔,"Lotte City Hotel Co.,Ltd",롯데시티호텔, ,최장원,기타법인,110111-3946518,104-86-16434,서울특별시 마포구 공덕동 423-3번지, ,,호텔업,2008-08-01,12월
롯데 케이케이디 주식회사,"Lotte Krispy Kreme Doughnuts Co., Ltd.",롯데케이케이디, ,박정환,기타법인,110111-4253053,104-86-25423,서울특별시 중구 소공동 롯데쇼핑센터빌딩 21층 롯데KKD(주),www.krispykreme.co.kr,,김밥 및 기타 간이 음식점업,2009-12-31,12월
롸이즈온주식회사,rise ON.INC,롸이즈온, ,이화경,기타법인,110111-2618944,220-86-46701,서울특별시 강남구 도곡동, ,,서양식 음식점업,2002-10-01,12월
주식회사루스톤,"LUSTON Co.,Ltd",루스톤, ,김운영,기타법인,220111-0098715,616-86-04902,제주특별자치도 제주시 애월읍 애월해안로 408 루스톤호텔,www.luston.co.kr,,호텔업,2013-01-21,12월
루트인터내셔널주식회사,ROOT International,루트인터내셔널, ,안영호,기타법인,110111-5141728,230-81-00293,서울특별시 동대문구 왕산로 226 (전농동), ,,호텔업,2013-05-23,12월
(주)리더스써클,"Leader''s Circle Co. ltd.,",리더스써클, ,정우영,기타법인,110111-2406323,108-81-51840,서울특별시 강남구 청담동 3-22, ,,호텔업,2002-01-01,12월
주식회사 리버빌,River Ville Inc.,리버빌, ,하재훈,기타법인,144311-0002905,223-81-07231,강원특별자치도 인제군 기린면 내린천로 4723, ,,기타 숙박업,2003-10-16,12월
리버유성호텔,riveryuseonghotel,리버유성호텔, ,선영만,기타법인,160111-0549216,419-88-01443,대전광역시 서구 계룡로583번길 52 (탄방동), ,,호텔업,2020-04-03,12월
(주)리브인피스,"LiveInPeace Co., Ltd.",리브인피스, ,손희철,기타법인,110111-8132823,809-86-02302,"서울특별시 금천구 디지털로9길 99 (가산동, 스타밸리) 1307호",대구 중구 동덕로 82 (대봉동),,호텔업,2021-12-17,12월
주식회사 리솜리조트,RESOM RESORT,리솜리조트, ,김윤환,기타법인,144411-0006773,227-81-17065,강원도 고성군 거진읍 대대3길 11-2, ,,휴양콘도 운영업,2010-10-29,12월
주식회사 리아타운,"Lia-Town Co.,Ltd",리아타운, ,박만진,기타법인,160111-0234693,314-86-13301,"대전광역시 서구 만년로68번길 15-20 (만년동,리틀아메리카빌딩2층)",www.vivaceresort.co.kr,,휴양콘도 운영업,2010-03-10,12월
주식회사 리앤이라마띠네,lellamatine,리앤이라마띠네, ,이왕산,기타법인,120111-1031202,275-86-01567,"서울특별시 동대문구 고산자로 399 (용두동, 동양프라자) 209호 리앤이엠지엠", ,,한식 일반 음식점업,2020-02-14,12월
리앤호텔 주식회사,L&HOTEL,리앤호텔, ,원미경,기타법인,194211-0224428,609-86-21048,경상남도 창원시 의창구 북면 천주로1150번길 15-2 (신촌리), ,,숙박업,2014-08-25,12월
주식회사 리윤 홀딩스,"LEEYOON HOLEINGS, Inc.",리윤홀딩스, ,LEE DANIEL SOO,기타법인,110111-6676203,822-87-01069,"서울특별시 강남구 선릉로148길 48-5 2층 (청담동, 대현빌딩)", ,,일식 음식점업,2018-03-05,12월
주식회사 리즈빌관광호텔,LEEDSBILL TOURIST HOTEL,리즈빌관광호텔, ,이재춘,기타법인,120111-0190223,122-81-57592,경기도 부천시 원미구 상동 538-5 리즈빌관광호텔, ,,호텔업,1999-04-09,12월
주식회사 리치몬드,RICHMOND,리치몬드, ,한상곤,기타법인,110111-5375799,120-88-10912,"경기도 가평군 설악면 유명로 2384 (회곡리, CASA32) 구)나이아가라호텔",www.casa32.co.kr,,호텔업,2014-03-26,12월
(주)리치빔,RICHBEAM,리치빔, ,남양우,기타법인,110111-2069543,215-81-97483,서울특별시 송파구 동남로 323 (오금동) 리치빔빌딩,www.pncg.co.kr,,치킨 전문점,2000-09-15,12월
(주)리치팜,"RICH PHARM Co.,Ltd.",리치팜, ,하봉갑,기타법인,134811-0447038,673-81-00938,경기도 화성시 향남읍 발안로 7 2층 (평리), ,,호텔업,2018-04-03,12월
리켄코리아 주식회사 ,"Riken Korea Co., Ltd.",리켄코리아, ,아라이에이 쥰,기타법인,224111-0025459,616-86-18217,제주특별자치도 서귀포시 논짓물로 45 (하예동),grandmerjeju.com/,,호텔업,2014-06-12,12월
주식회사 리호관광호텔,REE HO TOURIST HOTEL,리호관광호텔, ,공음분,기타법인,150111-0018552,315-81-06899,충청북도 청주시 흥덕구 비하동 35-7번지,http://www.reeho.com,,호텔업,1994-06-24,12월
릴레이인터내셔널 주식회사,"RELAY INTERNAIONAL CO., LTD",릴레이인터내셔널, ,주로니,기타법인,110111-2668585,110-81-59786,"서울특별시 마포구 동교동 203-8 마로빌딩 지하1층, 2층",www.redmango.co.kr,,김밥 및 기타 간이 음식점업,2003-02-01,12월
주식회사 마레누비움,MARE NUBIUM ,마레누비움, ,"박우진, 정종훈",기타법인,180111-1023710,113-87-00990,"부산광역시 해운대구 구남로 49 5층 (중동, 엘리시아)",hotelelysia.com,,여관업,2016-03-15,12월
(주)마레몬스,MAREMONS,마레몬스, ,최케빈경남,기타법인,141311-0006851,227-81-09380,강원도 속초시 동해대로 3705 (대포동), ,,호텔업,2006-12-01,12월
(주)마레보,marevo,마레보, ,김형길,기타법인,220111-0094937,616-86-00037,제주특별자치도 제주시 애월읍 신엄안3길 135 (고내리),www.marevoresort.com,,기타 일반 및 생활 숙박시설 운영업,2012-08-21,12월
마루심(주),"MARUSIM CO., LTD",마루심, ,이영심,기타법인,110111-5509976,114-87-20117,서울특별시 강남구 테헤란로8길 32 (역삼동),www.marusim.co.kr,,한식 해산물요리 전문점,2014-09-05,12월
마르코폴로호텔 주식회사,Marco Polo hotel,마르코폴로호텔, ,윤기수,기타법인,205411-0002214,411-81-13290,전라남도 영암군 삼호면 삼포리 산 168-16, ,,호텔업,1996-01-29,12월
마리안느센트럴 주식회사,mariannehotel central,마리안느센트럴, ,이종근,기타법인,180111-0972223,270-81-00423,부산광역시 해운대구 해운대해변로 310 (중동), ,,호텔업,2016-08-12,12월
(주)마이다스관광호텔, ,마이다스관광호텔, ,김종욱,기타법인,180111-0238352,617-81-20031,부산광역시 수영구 수영동 444-3, ,,호텔업,1997-08-05,12월
주식회사 마이애미정선,"Miamijeoungseon Co.,Ltd",마이애미정선, ,이범로,기타법인,144911-0018637,330-86-02766,강원도 정선군 고한읍 고한로 45 (고한리) 1층 (마이애미정선호텔), ,,숙박업,2022-06-10,12월
주식회사 마크호텔,MARKHOTEL,마크호텔, ,한준,기타법인,110111-5217248,101-86-83079,"서울특별시 중구 퇴계로 52 (회현동1가, 티마크그랜드호텔명동)", ,,호텔업,2013-09-03,12월
마키노차야,makinochaya,마키노차야, ,한만웅,기타법인,110111-7860623,636-81-02072,"서울특별시 송파구 송파대로 111 (문정동, 파크하비오) 202동, 210, 211호",www.makinochaya.co.kr/html/,,한식 해산물요리 전문점,2021-04-20,12월
주식회사 만석닭강정,MANSUK ,만석닭강정, ,곽승연,기타법인,141311-0014218,227-81-18711,강원도 속초시 중앙로147번길 16 (중앙동) 141호,mansuk.kr,,치킨 전문점,2012-03-21,12월
주식회사 만수정,"MANSUJEONG CO.,LTD",만수정, ,김민수,기타법인,134511-0193439,142-81-49742,경기도 용인시 기흥구 신정로 270-4 (보정동),-,,한식 일반 음식점업,2012-07-04,12월
매송커뮤니티 주식회사,"MaesongCommunity Co., Ltd",매송커뮤니티, ,양태희,기타법인,134811-0443507,856-86-00902,"경기도 화성시 효행로 1059 807호(진안동, 미래프라자)", ,,기숙사 및 고시원 운영업,2018-03-06,12월
주식회사 맥.킴,McKim Corporation,맥.킴, ,김형수,기타법인,180111-0118497,607-81-27395,부산광역시 동구 초량 3동 1145-11 동성빌딩 9층,www.mcdonelds.co.kr,,"피자, 햄버거, 샌드위치 및 유사 음식점업",1991-09-12,12월
주식회사 머드린,"mudrin hotel co.,Ltd.",머드린, ,안주봉,기타법인,164511-0031972,514-81-99938,충청남도 보령시 해수욕장8길 28 (신흑동), ,,호텔업,2019-03-04,12월
(주)메드빌트,medbuilt,메드빌트, ,김정미,기타법인,134611-0025549,125-81-53052,"경기도 안성시 남파로 169 (당왕동, 안성성요셉병원)", ,,음식점 및 주점업,2004-10-15,12월
(주)메디케이터링, ,메디케이터링, ,유운형,기타법인,110111-1591935,101-85-12164,서울특별시 성북구 성북동 35-8, ,,기타 숙박업, ,12월
주식회사 메이더,MADER Corp.,메이더, ,최형진,기타법인,110111-5535814,105-88-09721,서울특별시 마포구 독막로 215 (신수동)2층, ,,음식점업,2014-10-20,12월
메이플레이스(주),"Mayplace Co.,Ltd",메이플레이스, ,김용훈,기타법인,110111-1001629,109-81-39795,서울특별시 강서구 남부순환로 162-23 (외발산동), ,,호텔업,1994-10-01,12월
(주)메이호텔,"May Hotel.co,.ltd",메이호텔, ,강미란,기타법인,180111-0943505,617-86-24008,부산광역시 수영구 남천바다로33번길 12 (광안동), ,,호텔업,2014-12-04,12월
주식회사 메트로호텔,metrohotel corporation,메트로호텔, ,이근,기타법인,110111-0028533,202-81-02068,"서울특별시 중구 명동9가길 14 (을지로2가, 메트로호텔)",www.metrohotel.co.kr,,호텔업,1954-05-18,12월
주식회사 명동교자,MYEONGDONGKYOJA,명동교자, ,PARKJAMESHWIJOON,기타법인,110111-7290424,415-81-58192,서울특별시 중구 명동10길 29 (명동2가),www.mdkj.co.kr,,음식점업,2019-10-01,12월
(주)명성에프엠씨,MYUNGSUNG FMC,명성에프엠씨, ,김미경,기타법인,135811-0123744,124-86-42635,"경기도 수원시 권선구 산업로156번길 142-10 (고색동, 수원벤처밸리∥) 에이동 8층 824호",www.msfmc.co.kr/,,기관 구내식당업,2006-02-24,12월
주식회사 명장홍종흔,Myoungjang Hong Jong Heun Inc.,명장홍종흔, ,홍종흔,기타법인,134811-0268674,135-86-31934,"경기도 오산시 외삼미로 162-44 (외삼미동)1,2,3층", ,,제과점업,2013-04-19,12월
주식회사 모나밸리,"MONAMOUR Co., Ltd.",모나밸리, ,윤경숙,기타법인,131411-0339393,255-81-00045,충청남도 아산시 순천향로 624 (장존동), ,,한식 일반 음식점업,2015-03-20,12월
모나용평(주),"MONA YONGPYONG CO.,LTD ",모나용평,070960,박인준,유가증권시장,145011-0002801,226-81-24374,강원도 평창군  대관령면 올림픽로 715,www.yongpyong.co.kr,,휴양콘도 운영업,2000-02-14,12월
(주)모두락애경산업,Modurak Aekyung,모두락애경산업, ,송기복,기타법인,110111-6769058,467-86-01190,"서울특별시 마포구 양화로 188 (동교동, 애경타워)", ,,기타 비알코올 음료점업,2018-06-01,12월
(주)모두스테이,modestay,모두스테이, ,강기태,기타법인,110111-5445261,104-86-55626,"서울특별시 중구 충무로9길 20 (을지로3가, 일주빌딩)", ,,호텔업,2014-07-31,12월
(주)모아레저산업,BOSEONG DABEACH,모아레저산업, ,유형은,기타법인,205011-0004797,416-81-42465,전라남도 보성군 회천면 충의로 36 보성다비치콘도,dabeach.co.kr,,휴양콘도 운영업,2003-09-22,03월
주식회사 목은,"Co.,Ltd MOKEUN",목은, ,최경화,기타법인,194211-0295601,722-86-01379,"경상남도 창원시 의창구 원이대로 332 (대원동, 더시티세븐풀만호텔)", ,,서양식 음식점업,2019-03-01,12월
몽베르컨트리클럽 주식회사,Montvert Country Club Company Limited,몽베르컨트리클럽, ,길경철,기타법인,284411-0142031,148-86-03171,경기도 포천시 영북면 산정호수로 359-12 (산정리),www.montvertcc.com/,,휴양콘도 운영업,2023-11-10,12월
(주)무등산레져,M.D.S Leisure Corp.,무등산레져, ,김병수,기타법인,200111-0352595,409-86-32019,광주광역시 북구 동문대로249번길 14 (문흥동),없음,,여관업,2012-10-11,12월
주식회사 무주티엘랜드,-,무주티엘랜드, ,강행자,기타법인,200111-0158258,409-81-70944,광주광역시 북구 풍향동 584-10, ,,휴양콘도 운영업,2002-06-24,12월
(주)문화관광호텔,moonhwa tourist hotel,문화관광호텔, ,윤정환,기타법인,180111-0005199,605-81-01142,부산광역시 부산진구 부전동 517-65,-,,호텔업,1964-04-21,12월
주식회사 미래금,"Miraekum Co., Ltd.",미래금, ,오법균,기타법인,120111-0645715,131-86-45509,"인천광역시 연수구 테크노파크로 193 (송도동, 송도센트럴파크호텔)", ,,호텔업,2013-02-05,12월
주식회사 미래엠,"miraeM Co.,Ltd",미래엠, ,권오윤,기타법인,134211-0190259,467-87-00728,"서울특별시 강서구 마곡중앙12로 10 (마곡동, 메리어트호텔)", ,,호텔업,2017-05-26,12월
미래인베스트먼트,miraeinvestment,미래인베스트먼트, ,조현호,기타법인,120111-0873118,377-81-00627,"인천광역시 중구 신도시남로142번길 6 (운서동, 메가스타영종) 3층", ,,호텔업,2017-04-04,03월
주식회사미봉,"MIBONG CO.,LTD",미봉, ,김도헌,기타법인,144411-0000559,227-81-01923,강원도 고성군 현내면 금강산로 416 (마차진리),WWW.MIBONG.CO.KR,,휴양콘도 운영업,1990-09-17,12월
(주)미셸푸드,Michel Food,미셸푸드, ,박상수,기타법인,110111-3909805,214-88-27630,"서울특별시 서초구 반포대로 22 (서초동, 서초평화빌딩,대호빌딩)",www.michelfood.co.kr,,한식 일반 음식점업,2008-06-02,12월
주식회사 미소,MISO,미소, ,장병길,기타법인,164911-0029482,117-87-01458,"경상남도 남해군 서면 스포츠파크길 73 (서상리, 남해스포츠파크호텔)", ,,호텔업,2019-01-15,12월
미조투자개발 (주),MI-JO Investment & Development,미조투자개발, ,김신의,기타법인,110111-2063537,120-86-11732,서울특별시 강남구 대치동 891-6, ,,호텔업,2000-09-18,12월
주식회사 민,"WBEACHHOTEL CO.,LTD",민, ,하인환,기타법인,141211-0067889,224-81-60506,강원도 삼척시 새천년도로 219 (정하동), ,,숙박업,2013-11-08,12월
(주)밀리오레비엠,MiglioreBM,밀리오레비엠, ,전영실,기타법인,110111-8024799,807-88-01903,"서울특별시 중구 퇴계로 115 (충무로1가, 밀레오레명동)", ,,호텔업,2021-09-13,12월
(주)밀탑,"MealTop Co.,Ltd.",밀탑, ,김성수,기타법인,110111-4749151,206-86-60541,"서울특별시 성동구 아차산로 103 (성수동2가, 영동테크노타워) 601, 602호",www.mealtop.com,,비알코올 음료점업,2011-11-29,12월
주식회사 바나플에프엔비,"BANAPLE F&B Co., Ltd.",바나플에프엔비, ,송민기,기타법인,110111-6549905,358-87-00860,"서울특별시 강남구 테헤란로81길 9 3층(삼성동, 대천빌딩)", ,,커피 전문점,2017-10-26,12월
주식회사 바로테이스티,HOPOGALBI,바로테이스티, ,"손윤숙, 허훈",기타법인,234111-0091119,573-81-00638,부산광역시 남구 우암로 359 (문현동) 2층, ,,한식 육류요리 전문점,2017-01-01,12월
(주)바론즈인터내셔널,"Baron's international, Inc.",바론즈인터내셔널, ,박동환,기타법인,110111-0980494,229-81-18319,서울특별시 강남구 청담동 73-4,www.sizzler.co.kr,,서양식 음식점업,1993-10-22,12월
(주)바르다김선생,"BARUDA KIMSUNSENG Co., LTD.",바르다김선생, ,나상균,기타법인,110111-5334646,209-81-61001,서울특별시 강남구 언주로147길 20 2층 (논현동), ,,한식 일반 음식점업,2014-02-10,12월
주식회사 바른파트너즈,Bareun Partners corp,바른파트너즈, ,문정환,기타법인,110111-6635043,576-81-00879,서울특별시 서초구 사임당로18길 22-14 (서초동),www.bareunpartners.com,,일식 음식점업,2018-02-01,12월
주식회사 바빌론,HOTEL BABYLON,바빌론, ,최윤성,기타법인,110111-5224160,261-81-00448,"서울특별시 서초구 나루터로 64 (잠원동, 바빌론관광호텔)", ,,일반 및 생활 숙박시설 운영업,2013-09-09,12월
(주)바이오시스,"BIOSIS CO.,LTD.",바이오시스, ,심광보,기타법인,180111-0345371,617-81-31635,"부산광역시 부산진구 황령대로 24 702호 (범천동, 부산상공회의소)", ,,간이음식 포장 판매 전문점,2000-12-14,12월
주식회사 바이오피드백,SUN&MOON Co.Ltd,바이오피드백, ,문병근,기타법인,110111-1379670,210-81-22880,경기도 이천시 중리천로115번길 45 (안흥동),www.mirandahotel.com,,호텔업,1997-02-19,12월
(주)바이킹그룹,Viking Group,바이킹그룹, ,박제준,기타법인,281111-0098845,128-86-06096,서울특별시 강남구 영동대로 513 (삼성동),www.ivikings.co.kr,,서양식 음식점업,2005-08-10,12월
주식회사 바텍에스앤씨,"VATECH S&C CO.,LTD",바텍에스앤씨, ,최명규,기타법인,134511-0065696,135-81-58544,경기도 화성시 석우동 23-4 4층 ,www.vatechsnc.com,,기관 구내식당업,2002-11-06,12월
바피아노거제(주),VAPIANOGEOJE,바피아노거제, ,송경남,기타법인,194911-0026185,612-81-40876,"경상남도 거제시 장평로 12 (장평동,8층)", ,,서양식 음식점업,2012-06-12,12월
주식회사 바피아노청량리,VAPIANO CHUNGRYANGRI,바피아노청량리, ,강병철,기타법인,110111-4409135,204-86-22444,서울특별시 동대문구 전농동 591-53 702, ,,서양식 음식점업,2010-08-09,12월
백남관광 주식회사,"Paik Nam Tourist Co.,Ltd",백남관광, ,임승순,기타법인,110111-0102121,202-81-45562,"서울특별시 중구 을지로 16 (을지로1가, 프레지던트호텔)",www.hotelpresident.co.kr,,호텔업,1969-03-28,12월
백미당아이앤씨 주식회사,"BAEKMIDANG I&C CO., LTD.",백미당아이앤씨, ,김현락,기타법인,130111-1203213,599-88-03280,서울특별시 강남구 도산대로 240 (논현동) 11층, ,,커피 전문점,2024-09-26,12월
백통신원(주),"Baitong Xinyuan Co.,Ltd ",백통신원, ,우궈훼이,기타법인,220111-0079898,616-81-82499,"제주특별자치도 서귀포시 서호동 중산간동로 8446, 디-401", ,,휴양콘도 운영업,2010-12-14,12월
버자야에이치알카페코리아주식회사,Berjaya HR Cafe Korea Ltd.,버자야에이치알카페코리아, ,조재형,기타법인,110111-5206473,220-88-64042,"서울특별시 송파구 오금로 99 7층 (방이동, 진넥스레이크뷰)",www.hardrock.com,,서양식 음식점업,2013-08-16,04월
주식회사 범섬리조트,범섬리조트,범섬리조트, ,김정수,기타법인,224111-0024831,499-81-00058,"제주특별자치도 서귀포시 막숙포로 106 (법환동, 라이슬라다세대주택)", ,,호텔업,2015-05-26,12월
주식회사범어세인트웨스튼호텔,STS Development Co.,범어세인트웨스튼호텔, ,이양희,기타법인,170111-0369977,503-81-83154,대구광역시 달서구 성서로 413(이곡동), ,,호텔업,2009-01-20,12월
베니키아해운대호텔마리안느(주),mariannehotel,베니키아해운대호텔마리안느, ,이종근,기타법인,180111-0772699,607-86-04984,부산광역시 해운대구 해운대해변로 310 (중동), ,,호텔업,2012-08-07,12월
주식회사 베러스쿱크리머리,Better Scoop creamery Inc.,베러스쿱크리머리, ,서종원,기타법인,110111-9152698,294-81-03799,서울특별시 강남구 선릉로 827 (신사동) 4층, ,,김밥 및 기타 간이 음식점업,2025-01-08,12월
주식회사 베리,VERY,베리, ,윤정호,기타법인,161511-0183106,728-87-00088,충청남도 천안시 동남구 해솔1길 27 (구성동), ,,서양식 음식점업,2015-07-01,12월
유한회사 베스타까르르스타,Besta Co.Ltd,베스타까르르스타, ,박희삼,기타법인,160114-0009181,314-86-25466,대전광역시 서구 만년로 70 (만년동), ,,서양식 음식점업,2011-06-21,12월
(주)베이힐,BAYHILL,베이힐, ,안희태,기타법인,220111-0093939,616-81-97691,제주특별자치도 서귀포시 예래로 424 (하예동) 베이힐,www.bayhill.co.kr,,휴양콘도 운영업,2012-07-23,12월
주식회사 벨루가,Beluga,벨루가, ,정덕일,기타법인,110111-0268759,219-81-02896,서울특별시 송파구 석촌동 24,www.newstar.co.kr,,호텔업,1980-02-04,12월
(주)벽제,HANSIK BYEOK JE,벽제, ,김태현,기타법인,110111-1718191,215-81-78531,서울특별시 송파구 양재대로71길 1-4 (방이동), ,,한식 육류요리 전문점,1999-07-01,12월
(주)보나비,BONAVIE,보나비, ,이종민,기타법인,110111-4253508,220-87-92541,서울특별시 강남구 테헤란로28길 32, ,,제과점업,2010-01-04,12월
보령물산(주),Boryoung Corporation,보령물산, ,최만규,기타법인,154211-0004993,302-81-09963,"충청북도 옥천군 옥천읍 옥천동이로 242-34 (매화리, 옥천상휴게소)", ,,간이음식 포장 판매 전문점,1999-12-27,12월
주식회사 보림로지스틱스,BORIM LOGISTICS,보림로지스틱스, ,윤승구,기타법인,110111-0146583,214-81-15789,서울특별시 서초구 서초동 1444-1 보림빌딩 6층,없음,,비알코올 음료점업,1973-05-28,12월
보문관광 주식회사,BOMUN TOURISM CORPORATION,보문관광, ,조남립,기타법인,171211-0000453,505-81-00843,경상북도 경주시 신평동 410,www.concorde.co.kr,,호텔업,1977-08-10,12월
주식회사보민,bomin,보민, ,홍경석,기타법인,220111-0113886,616-86-18162,제주특별자치도 제주시 도두봉2길 2 (도두일동) 호텔 펄리플러스, ,,호텔업,2014-06-05,12월
(주)본수원,bonsuwon,본수원, ,"김현주, 김희정",기타법인,135811-0449190,698-86-02930,경기도 수원시 팔달구 중부대로223번길 41 (우만동) 본수원갈비,경기도 수원시 팔달구 중부대로223번길 41,,한식 일반 음식점업,2022-12-27,12월
주식회사 본태인터네셔널,Bontaeinternational Inc.,본태인터네셔널, ,강용호,기타법인,220111-0135822,769-88-00261,제주특별자치도 제주시 애월읍 애월북서길 56-1 (애월리), ,,커피 전문점,2015-10-26,12월
본푸드서비스주식회사,Bonfs,본푸드서비스, ,"강환영, 김용태, 강유태",기타법인,110111-0852536,229-81-11219,서울특별시 종로구 종로12길 23 (관철동),www.bonfs.co.kr,,기관 구내식당업,1992-04-21,12월
주식회사 볼락스,VOLAKAS,볼락스, ,이국현,기타법인,206211-0080213,581-87-02245,전라남도 여수시 돌산읍 진모1길 29-10 (평사리), ,,호텔업,2021-06-01,12월
주식회사 봄날,Bomnal Co.,봄날, ,이선희,기타법인,134811-0337362,668-81-00090,"경기도 화성시 동탄중심상가2길 15 (반송동, 수성프라자) 7층", ,,기타 일반 및 생활 숙박시설 운영업,2015-07-06,12월
(주)봄푸드서비스,bomfoodservice,봄푸드서비스, ,김춘숙,기타법인,120111-0515174,131-86-18074,인천광역시 남동구 논현고잔로54번길 8 (고잔동),www.bomfood.kr,,기관 구내식당업,2009-12-16,12월
봉우물산(주),bong woo corporation ltd.,봉우물산, ,박인철,기타법인,110111-0349228,203-81-46069,"서울특별시 중구 장충단로 198 (장충동1가, 봉우빌딩)", ,,호텔업,1983-06-18,12월
(주)봉포머구리집,"Bongpomeogurijip Co.,Ltd",봉포머구리집, ,이수정,기타법인,141311-0015969,227-81-21031,강원특별자치도 속초시 영랑해안길 223 (영랑동), ,,한식 해산물요리 전문점,2014-03-11,12월
부곡관광(주),lakehills hotel bugok,부곡관광, ,김상만,기타법인,195111-0000225,615-81-00631,경상남도 창녕군 부곡면 거문리 213-19,www.lakehills.co.kr,,호텔업,1979-02-24,06월
(주)부곡엘아이,POOKOK LEISURE INTERNATIONAL,부곡엘아이, ,유상준,기타법인,110111-3272765,220-87-13003,서울특별시 강남구 역삼동 799-16 우평빌딩2층, ,,호텔업,2005-07-19,12월
주식회사 부띠크136,BOUTIQUE136,부띠크136, ,도선기,기타법인,110111-8998150,633-81-03238,"서울특별시 금천구 벚꽃로 286 11층, 1107호-아이에프83호(가산동, 삼성리더스타워)", ,,기타 일반 및 생활 숙박시설 운영업,2024-07-09,12월
주식회사 부루나,"BRUNA CO.,LTD",부루나, ,서원준,기타법인,206211-0053567,417-81-50124,"전라남도 광양시 광양읍 백운로 2 (인동리, 부루나호텔)",bruna.co.kr,,호텔업,2014-11-19,12월
주식회사 부맥개발,BUMAC,부맥개발, ,강선호,기타법인,170111-0474429,502-86-20689,대구광역시 수성구 동대구로 199 (황금동)3층, ,,호텔업,2012-10-18,12월
주식회사 부산롯데호텔,"Busan Lotte Hotel Co., LTD",부산롯데호텔, ,"권정근, 양희상",기타법인,180111-0053461,605-81-09668,부산광역시 부산진구 가야대로 772 부산롯데호텔,www.lottehotel.com/busan-hotel/ko,,호텔업,1978-11-25,12월
(주)부산비즈니스호텔,BUSAN BUSINESS HOTEL,부산비즈니스호텔, ,윤경숙,기타법인,180111-0860139,605-86-23947,부산광역시 부산진구 부전로65번길 4 (부전로 67) (주)부산비즈니스호텔,www.busanbusinesshotel.com,,호텔업,2013-05-09,12월
주식회사 부산시티센터,Busan City Center Inc.,부산시티센터, ,권기태,기타법인,180111-0641042,607-81-86278,"부산광역시 부산진구 중앙대로 777 (부전동, 서면호텔복합시설)", ,,호텔업,2008-07-21,12월
주식회사 부연산업,BUYEON,부연산업, ,라윤대,기타법인,165011-0040542,311-81-43761,"경기도 김포시 김포한강9로75번길 132 (구래동, 김포안강럭스나인)", ,,호텔업,2012-12-17,12월
(주)부자,"THE RICH CO.,LTD.",부자, ,정대해,기타법인,110111-2143157,120-86-15999,경기도 화성시 송산면 평택시흥고속도로 25 (고정리), ,,비알코올 음료점업,2001-01-01,12월
(주)부자,BooJa,부자, ,송정목,기타법인,195511-0061352,615-81-30310,경상남도 김해시 장유면 대청리 301-7, ,,출장 음식 서비스업,2002-12-30,12월
주식회사 부자되세요,"Buja Co.,Ltd",부자되세요, ,임금옥,기타법인,110111-4635615,107-87-54832,서울특별시 영등포구 국제금융로6길 33 (여의도동)4층 408호 ~ 410호, ,,한식 음식점업,2011-08-01,12월
주식회사 브랜트홈,"BRANTHOM CO., LTD.",브랜트홈, ,남명은,기타법인,110111-7985009,670-88-02052,서울특별시 송파구 중대로 197 305호 에이143(가락동), ,,호텔업,2021-08-09,12월
(주)브레댄코,bread&co,브레댄코, ,홍평우,기타법인,110111-0296247,114-81-43097,서울특별시 서초구 방배로 166 한승빌딩 2층 (방배동),www.breadnco.kr,,김밥 및 기타 간이 음식점업,1981-06-01,12월
블랑제리길 주식회사(GIL),Boulangerie GIL,블랑제리길(GIL), ,이정우,기타법인,176011-0169563,767-86-03216,경상북도 구미시 1공단로4길 152 (임은동), ,,김밥 및 기타 간이 음식점업,2023-12-13,12월
주식회사 블루망고블랙,bluemangoblack,블루망고블랙, ,최우영,기타법인,206211-0085742,462-86-02613,전라남도 여수시 돌산읍 계동해안길 90-1,bluemangopoolvilla.co.kr/#,,기타 일반 및 생활 숙박시설 운영업,2022-12-01,12월
(주)블루망고풀빌라앤리조트,Blue Mango Pool Villa & Resort Co,블루망고풀빌라앤리조트, ,최성용,기타법인,206211-0067667,438-81-01620,전라남도 여수시 돌산읍 계동해안길 90 (평사리), ,,숙박업,2018-12-01,12월
블루보틀커피코리아 유한회사,bluebottlecoffeekorea,블루보틀커피코리아, ,브라이언케빈미한,기타법인, ,42613,"서울특별시 성동구 아차산로 7 (성수동1가, 케이티링커스)", ,,커피 전문점,2018-06-19,12월
블루보틀커피코리아유한회사,bluebottle coffee korea,블루보틀커피코리아, ,bryan kevin meehan,기타법인,110114-0225141,155-81-01195,서울특별시 성동구 아차산로 7 (성수동1가), ,,커피 전문점,2018-06-19,12월
주식회사 블루비치호텔,Bluebeach HOTEL & RESORTS,블루비치호텔, ,김태우,기타법인,180111-0950873,465-81-00021,"부산광역시 해운대구 청사포로128번길 40 (중동, 블루비치호텔)", ,,호텔업,2015-01-06,12월
(주)블루오션자산관리,Blueoceanhotel,블루오션자산관리, ,이호성,기타법인,110111-6769199,638-88-01137,"인천광역시 중구 영종대로 911 (중산동, 블루오션1차)", ,,기타 일반 및 생활 숙박시설 운영업,2018-06-01,12월
(주)블루원,"BlueOne Co.,Ltd",블루원, ,김봉호,기타법인,171211-0081362,505-81-81749,"경기도 용인시 처인구 원삼면 보개원삼로1534번길 40 (목신리, ClubHouse)",www.blueone.com,,휴양콘도 운영업,2014-09-01,12월
주식회사 블리스,"BLISS CO.,LTD.",블리스, ,장선윤,기타법인,110111-4473940,212-81-92984,서울특별시 강동구 성내3동 445-7 코스카빌딩 501호, ,,김밥 및 기타 간이 음식점업,2010-11-18,12월
주식회사 비노에프앤비,VINOFNB,비노에프앤비, ,강태웅,기타법인,110111-8577772,259-88-02705,서울특별시 용산구 한남대로20길 55 (한남동), ,,기타 주점업,2023-03-09,12월
(주)비손,Pishon,비손, ,조형도,기타법인,145111-0023300,161-86-02501,강원도 춘천시 시청길 20 (조양동) 3충 307호, ,,기타 일반 및 생활 숙박시설 운영업,2022-10-01,12월
주식회사 비앤리월드,B&LEE WORLD,비앤리월드, ,유정하,기타법인,224111-0022174,616-86-06176,제주특별자치도 서귀포시 보목로64번길 178 (보목동), ,,호텔업,2013-03-05,12월
주식회사 비앤에스에프앤비,"B&S F&B Co., Ltd.",비앤에스에프앤비, ,한정안,기타법인,110111-5241990,206-86-82808,서울특별시 광진구 중곡동 186-11, ,,서양식 음식점업,2013-10-10,12월
(주)비앤에스푸드,BNSFOOD,비앤에스푸드, ,강호종,기타법인,194211-0092966,609-81-83919,"경상남도 창원시 성산구 상남로 60 (상남동, 오션타워)602호", ,,기관 구내식당업,2008-06-25,12월
주식회사 비에디션,bedition corp.,비에디션, ,배일환,기타법인,160111-0644917,608-87-02588,"대전광역시 유성구 계룡로 127 (봉명동, 라마다호텔) 2층",www.ramadadaejeon.com,,호텔업,2022-11-11,12월
주식회사 비엔씨제과,B&C Bakery Co.,비엔씨제과, ,김준욱,기타법인,180111-0848995,602-81-60837,부산광역시 동구 중앙대로226번길 13-3 (초량동) 학빌딩 1층 지하1층 비엔씨제과, ,,제과점업,2013-02-27,12월
비엔엠유통(주),BNM,비엔엠유통, ,"이병민, 진영돈",기타법인,110111-1911943,120-86-02946,서울특별시 강남구 삼성동 159 무역센타쇼핑몰 T6, ,,출장 음식 서비스업,2000-05-01,12월
(주)비엠랜드개발,"BM Land Development Co.,Ltd",비엠랜드개발, ,나상권,기타법인,201111-0023872,411-81-42873,전라남도 신안군 흑산면 진리 31, ,,호텔업,2005-12-21,12월
(주)비엠케이푸드,BMK FOOD,비엠케이푸드, ,전선주,기타법인,110111-7573903,235-86-01797,"서울특별시 강서구 마곡동로3길 6 (마곡동, NY타워) 101호", ,,한식 음식점업,2020-07-31,12월
주식회사 비제이,"BJ Co.,Ltd",비제이, ,"정승재, 정현주",기타법인,131111-0240885,129-86-38285,"경기도 성남시 분당구 정자일로 248 (정자동,파크뷰) 상가동 1305,1306호", ,,한식 해산물요리 전문점,2009-10-07,12월
(주)비젼,VISION.CO.LTD,비젼, ,송영희,기타법인,284911-0128487,141-81-42241,경기도 파주시 탄현면 성동로 36-30, ,,호텔업,2014-07-10,12월
주식회사 비케이알,BKR CORPORATION,비케이알, ,이동형,기타법인,110111-5006112,101-86-76277,"서울특별시 종로구 삼봉로 71 (수송동, G타워) 4,5층", ,,"피자, 햄버거, 샌드위치 및 유사 음식점업",2012-11-21,12월
주식회사 빅바이트컴퍼니,"Big Bite Company Co.,Ltd",빅바이트컴퍼니, ,이광,기타법인,131111-0721934,393-86-02980,경기도 성남시 중원구 사기막골로31번길 18 6층 (상대원동),www.shakeshack.kr,,"피자, 햄버거, 샌드위치 및 유사 음식점업",2023-12-01,12월
(주)빅토리아산업개발,VICTORIA,빅토리아산업개발, ,노헌호,기타법인,110111-3304625,210-81-56279,서울특별시 강북구 미아동 42-8, ,,호텔업,2005-11-01,12월
주식회사 빈센트호텔,VINCENT HOTEL,빈센트호텔, ,신성철,기타법인,150111-0264783,453-81-01478,충청북도 청주시 흥덕구 오송읍 오송생명13로 52-3, ,,호텔업,2019-03-27,12월
(주)빌더스개발에이엠씨,Builders Development AMC,빌더스개발에이엠씨, ,"최종아, 변기호",기타법인,141111-0055183,604-88-00718,"강원도 강릉시 해안로 476 (강문동, 스카이베이경포호텔)",skybay.co.kr,,호텔업,2017-09-08,12월
주식회사 빌라드애월,Villa de Aewol,빌라드애월, ,홍성선,기타법인,220111-0072181,616-81-73699,제주특별자치도 제주시 애월읍 신엄리 2768-7, ,,숙박업,2009-09-04,12월
빵쌤주식회사,bbangssaem,빵쌤, ,김선종,기타법인,124411-0239592,587-87-01472,서울특별시 강서구 마곡중앙로 59-5 (마곡동) 608~612호, ,,제과점업,2019-07-16,12월
(주)사미헌,samihun Inc.,사미헌, ,최영숙,기타법인,180111-0692285,605-81-97497,부산광역시 부산진구 서면문화로 19 (부전동), ,,한식 일반 음식점업,2009-11-02,12월
(주)사보이호텔, Savoy Hotel Ltd.,사보이호텔, ,조현식,기타법인,110111-2750928,201-81-81172,서울특별시 중구 충무로1가 23-1,www.savoyhotel.co.kr,,호텔업,2003-04-01,12월
주식회사 사보이호텔,SAVOY HOTEL,사보이호텔, ,조현식,기타법인,110111-0085153,201-81-30649,"서울특별시 중구 명동8나길 10 (충무로1가, 사보이호텔)", ,,호텔업,1957-09-06,12월
사우스퍼시픽호텔주식회사,south pacific,사우스퍼시픽호텔, ,김용희,기타법인,180111-0568600,606-81-98975,부산광역시 사상구 엄궁동 149-1, ,,호텔업,2006-09-25,12월
(주)사조마을, ,사조마을, ,김영배,기타법인,110111-0203119,110-81-22561,서울특별시 서초구 잠원동 28번지,없슴,,호텔업,1979-09-29,06월
(주)사천온천랜드앤관광호텔,"sacheon grandhotel co., Ltd.",사천온천랜드앤관광호텔, ,이영경,기타법인,195411-0029104,413-88-00072,"경상남도 사천시 용현면 청골길 126 (선진리, 사천테마온천)",www.scgrandhotel.co.kr,,호텔업,2015-07-02,12월
사합(주),SIHE,사합, ,왕환,기타법인,220111-0106609,616-86-10874,제주특별자치도 제주시 1100로 2671-51 (노형동), ,,기타 일반 및 생활 숙박시설 운영업,2013-10-30,12월
산청한방가족호텔 주식회사,SANCHEONG ORIENTAL FAMILY HOTEL,산청한방가족호텔, ,심재범,기타법인,194211-0052100,609-81-67772,경상남도 산청군 금서면 동의보감로479번길 43 특리 산청한방가족호텔(주),www.dkfh.kr,,호텔업,2002-01-08,12월
주식회사 산토리니,"Santorini Co., Ltd",산토리니, ,선영래,기타법인,200111-0610646,299-87-01861,전라남도 여수시 돌산읍 무술목길 91 광주광역시 서구 운천로 253, ,,기타 일반 및 생활 숙박시설 운영업,2020-09-04,12월
삼광개발 (주),Oriental Hotel,삼광개발, ,"박성호, 김남석",기타법인,220111-0003152,616-81-03529,"제주특별자치도 제주시 탑동로 47 (삼도이동, 제주오리엔탈호텔)", ,,호텔업,1986-01-20,12월
주식회사 삼당,SAMDANG,삼당, ,"김찬휴, 김은혜",기타법인,180111-1310240,685-87-01873,부산광역시 강서구 가락대로1182번길 48 (봉림동), ,,한식 일반 음식점업,2020-12-01,12월
삼두실업 주식회사,Sam Doo Industrial,삼두실업, ,김태현,기타법인,110111-0226129,133-81-12727,"경기도 광명시 디지털로 27 (철산동, DianaHotel)",www.hoteldiana.co.kr,,호텔업,1978-02-22,12월
삼매봉개발 주식회사,"SAMMAEBONG DEVELOPMENT CO.,LTD.",삼매봉개발, ,"강영삼, YUAN MEIRONG",기타법인,224111-0010244,616-81-44724,"제주특별자치도 서귀포시 태평로 156 (호근동, 델앤델리조트)", ,,휴양콘도 운영업,2003-08-06,12월
(주)삼보에프앤디,"Sambo F&D Co.,Ltd",삼보에프앤디, ,이용우,기타법인,180111-0620476,605-81-86855,부산광역시 부산진구 양정동 321-4번지, ,,서양식 음식점업,2008-01-28,12월
주식회사 삼보유통,"SAM BO DISTRIBUTION., LTD",삼보유통, ,김기민,기타법인,180111-0095645,605-81-11413,부산광역시 부산진구 거제대로72번길 2 (양정동),www.sambofs.co.kr,,기관 구내식당업,1990-02-08,12월
삼성웰스토리(주),SAMSUNG WELSTORY INCORPORATED,삼성웰스토리, ,정해린,기타법인,110111-5282077,104-86-51732,"경기도 성남시 분당구 구미로 8 (구미동, 엠타워)",www.welstory.com,,기관 구내식당업,2013-12-01,12월
삼성유통주식회사,"samsung distribution co., ltd",삼성유통, ,이순옥,기타법인,194211-0066242,609-81-62651,경상남도 창원시 성주동 53-2, ,,한식 음식점업,2004-03-08,12월
삼성파로스호텔 주식회사,samsung pharos hotel,삼성파로스호텔, ,최홍윤,기타법인,110111-6135952,154-81-00378,서울특별시 강남구 봉은사로 608-10 (삼성동) 파로스삼성빌딩 5층, ,,호텔업,2016-08-03,12월
(주)삼양에프앤비,"seven springs co., ltd",삼양에프앤비, ,서정배,기타법인,110111-2376716,105-86-32252,"서울특별시 종로구 북촌로 18 (재동, 삼양사재동사옥) 4층 삼양에프앤비",www.sevensprings.co.kr/,,서양식 음식점업,2001-11-16,12월
(주)삼양푸드앤다이닝,SAMYANG F&D Inc.,삼양푸드앤다이닝, ,진영돈,기타법인,110111-3482025,215-86-86638,서울특별시 송파구 방이동 44-3 현대토픽스 814, ,,출장 음식 서비스업,2006-07-01,12월
주식회사 삼우진,Samwoojin co.,삼우진, ,"김정이, 박회옥, 이옥자",기타법인,180111-1219624,846-87-01406,"경상남도 창원시 성산구 마디미로70번길 10 (상남동, 베스트루이스해밀턴호텔창원점)", ,,호텔업,2019-05-23,12월
(주)삼원가든,"SAMWONGARDEN CO.,LTD",삼원가든, ,박수남,기타법인,110111-6913506,827-87-01161,"서울특별시 강남구 언주로 835 (신사동, 삼원가든)", ,,한식 일반 음식점업,2018-11-01,12월
주식회사 삼원개발,samwon,삼원개발, ,권태훈,기타법인,170111-0865719,863-88-02329,대구광역시 북구 칠성남로30길 34 (칠성동2가), ,,여관업,2022-04-19,12월
삼원관광개발주식회사,Hill Top & New Hilltop Tourist Hotel,삼원관광개발, ,김미경,기타법인,110111-0481400,211-81-32057,"서울특별시 강남구 논현로 645 (논현동, 엘리에나호텔)",www.new hilltop hotel co.kr,,호텔업,1986-11-30,12월
삼원프라자호텔,samwonplazahotel,삼원프라자호텔, ,박현준,기타법인,134111-0004874,123-81-05137,경기도 안양시 만안구 장내로 139 7(안양동),samwonhotel.co.kr,,호텔업,1979-02-27,12월
주식회사 삼정,samjung,삼정, ,윤희준,기타법인,120111-1320671,889-88-02864,인천광역시 강화군 삼산면 어류정길177번길 17,https://uniislandspaville.com/,,호텔업,2023-07-21,12월
주식회사 삼정관광호텔,SAMJUNG HOTEL,삼정관광호텔, ,"박원빈, 박명길",기타법인,110111-0260002,220-81-28237,서울특별시 강남구 봉은사로 150,www.samjunghotel.co.kr,,호텔업,1979-09-07,12월
삼척펠리스타운 주식회사, ,삼척펠리스타운, ,고진식,기타법인,144611-0005143,222-81-12518,강원도 삼척시 정하동 1, ,,호텔업,2001-03-15,01월
삼풍개발(주),sampoong,삼풍개발, ,이순재외2,기타법인,134411-0037671,126-86-10594,경기도 이천시 모가면 어농로 105-22, ,,휴양콘도 운영업,2008-03-17,12월
(주)삼화개발,"SAMWHADEVELOPEMENT.CO.,LTD",삼화개발, ,이종식,기타법인,220111-0007188,616-81-06166,제주특별자치도 제주시 삼도1동 57-2, ,,호텔업,1989-09-27,12월
상락푸드(주),sanglak food,상락푸드, ,이재영,기타법인,110111-2637837,114-86-23515,서울특별시 중구 퇴계로 10 GS역전타워 11층,www.slfood.co.kr,,기관 구내식당업,2002-11-15,12월
(주)상록개발,Sang Rok Gae Bal,상록개발, ,한승호,기타법인,134811-0236085,124-87-27679,경기도 화성시 팔탄면 온천로 434-14 (율암리), ,,여관업,2012-02-13,12월
상명민자학사(주),"Sangmyung Co.,Ltd",상명민자학사, ,정태진,기타법인,110111-3750000,105-87-13188,서울특별시 마포구 서교동 354 ~372, ,,기숙사 및 고시원 운영업,2007-11-01,12월
주식회사 상상스테이 ,SangSang Stay Inc.,상상스테이, ,오원택,기타법인,110111-5875484,545-88-00200,"서울특별시 중구 남대문로 9 (남대문로4가, 남대문호텔) 코트야드 메리어트 호텔",www.sangsangstay.com,www.sangsangstay.com,호텔업,2015-10-29,12월
상아아카데미주식회사,SANGAHACADEMY,상아아카데미, ,지문갑,기타법인,110111-4212017,201-86-13155,서울특별시 중구 필동3가 동국대학교내, ,,기숙사 및 고시원 운영업,2009-11-04,02월
상진공영주식회사,Sang Jin Enterprise,상진공영, ,"전진순, 김지영",기타법인,110111-6242880,393-81-00556,"서울특별시 중구 서소문로 120 (서소문동, ENACentrr) 2층", ,,일식 음식점업,2016-11-25,06월
주식회사 상화원,Sanghwawon,상화원, ,홍정완,기타법인,164511-0015538,313-81-20783,충청남도 보령시 남포면 남포방조제로 408-52 (월전리),http://www.sanghwawon.com,,일반 및 생활 숙박시설 운영업,2008-05-27,12월
(주)새명,SAE MYUNG,새명, ,이동문,기타법인,210111-0060857,402-81-79508,"전라북도 전주시 완산구 기린대로 85 (풍남동3가, 새명)",http://www.hotellewin.co.kr/,,호텔업,2008-07-01,12월
(주)새벽집,seabuk,새벽집, ,박곤옥,기타법인,110111-2485997,608-81-46492,서울특별시 강남구 도산대로101길 6 (청담동), ,,한식 음식점업,2002-03-09,12월
새일산업(주),Saeil.co,새일산업, ,안복규,기타법인,130111-0009084,207-81-44229,서울특별시 광진구 광장동 127번지 리버힐502호, ,,한식 음식점업,1989-12-23,12월
주식회사 생활속행복,coporation Happy-Life,생활속행복, ,박완,기타법인,170111-0388836,504-81-84006,대구광역시 동구 방촌동 1060-1번지,www.queenvell.com,,호텔업,2009-10-26,12월
샤모니웨딩관광호텔주식회사,"CHAMONIX WEDDING TOURIST HOTEL CO,. LTD",샤모니웨딩관광호텔, ,심미성,기타법인,211111-0023341,305-81-89909,대전광역시 동구 용전동 63-31, ,,호텔업,2007-11-05,12월
서대산드림리조트주식회사,SEODESAN DREAM RESORT,서대산드림리조트, ,김종준,기타법인,164211-0000874,305-81-10396,"충청남도 금산군 추부면 성당로 247 (성당리, 서대산드림리조트)",www.seodaesan-dreamreresort.,,기타 일반 및 생활 숙박시설 운영업,1985-06-08,12월
서라벌관광(주),SORABOL,서라벌관광, ,조치형,기타법인,180111-0027672,602-81-02477,부산광역시 중구 대청동 1가 97-1,www.sorabolhotel.co.kr,,호텔업,1977-08-23,12월
(주)서부티엔디,"Seobu T&D Co.,Ltd",서부T&D,006730,승만호,코스닥시장,110111-0256788,117-81-01927,서울특별시 양천구  신정로 167, ,,일반 및 생활 숙박시설 운영업,1979-07-13,12월
(주)서울가든,"SEOUL GARDEN CO., LTD",서울가든, ,"이일규, 이교상",기타법인,110111-0198914,105-81-03830,"서울특별시 마포구 마포대로 58 (도화동, 가든호텔)",www.seoulgarden.co.kr,,호텔업,1976-07-15,12월
서울관광 주식회사,Seoul Tourist Co. Ltd.,서울관광, ,홍명표,기타법인,224111-0007035,616-81-29247,제주특별자치도 서귀포시 회수동 30번지,www.jejusrh.com,,호텔업,2000-05-16,12월
서울남대문호텔운영주식회사,Seoul South Gate Hotel Operation Company,서울남대문호텔운영, ,황인섭,기타법인,110111-8875457,256-86-03448,"서울특별시 중구 퇴계로 52 (회현동1가, 보코서울명동호텔)", ,,호텔업,2024-02-22,12월
서울레저관광호텔(주),SEOUL LEISURE TOURIST HOTEL,서울레저관광호텔, ,최윤경,기타법인,110111-1653454,213-86-37975,서울특별시 은평구 불광동 302-13, ,,호텔업,1999-03-01,12월
서울미라마 유한회사,Seoul Miramar Corp.,서울미라마, ,STEPHEN O'GRADY,기타법인,110114-0037009,106-81-07732,"서울특별시 용산구 소월로 322 (한남동, 하얏트호텔)",grandhyattseoul.com,,호텔업,1973-05-14,12월
(주)서울시니어스엠엔에스,Seoul Seniors management & service,서울시니어스엠엔에스, ,이종균,기타법인,284111-0054125,132-81-58623,서울특별시 강서구 화곡로68길 102, ,,기타 일반 및 생활 숙박시설 운영업,2004-12-29,12월
서울예술대학연연생활관관리운영 주식회사,"Management of Dormitory in Seoul Institute Of The Arts Co., Ltd.",서울예술대학연연생활관관리운영, ,김호동,기타법인,131411-0180126,134-86-30271,경기도 안산시 단원구 고잔동 640,-,,기숙사 및 고시원 운영업,2006-03-17,12월
주식회사 서울인베스타,Seoul Investa Inc.,서울인베스타, ,김규영,기타법인,110111-2076895,120-86-12196,"서울특별시 동대문구 왕산로 200 호텔 2층 (전농동, 청량리역 롯데캐슬스카이엘65타워))",www.lottehotel.com/cheongnyangni-l7,,호텔업,2000-09-29,12월
주식회사 서울프린스호텔,HOTEL PRINCE SEOUL,서울프린스호텔, ,남상만,기타법인,110111-0076574,203-81-01612,"서울특별시 중구 퇴계로 130 (남산동2가, 프린스호텔) 13층", ,,호텔업,1967-03-30,12월
서윤푸드,seoyoonfood,서윤푸드, ,위영란,기타법인,134611-0064464,125-86-18574,경기도 안성시 보개면 보삼로 302 골프존카운티 안성H 서윤푸드, ,,한식 일반 음식점업,2010-01-01,12월
(주)서한사,"SEOHANSA CO., LTD",서한사, ,이승소,기타법인,110111-0127872,203-81-43548,서울특별시 중구 동호로 287 (장충동2가), ,,호텔업,1972-03-24,12월
(주)석정온천호텔,SEOK JEONG HOT SPRING TOURIST HOTEL.CO LTD,석정온천호텔, ,안재환,기타법인,174811-0013980,515-81-11478,경상북도 경산시 남천면 협석리 559,www.hotelsj.co.kr,,호텔업,1997-05-06,12월
석파랑,seokparang,석파랑, ,김주원,기타법인,110111-0526975,214-81-72723,서울특별시 종로구 자하문로 309 (홍지동) 석파랑, ,,한식 음식점업,1987-04-14,12월
선산산업주식회사,"SUNSAN INDUSTRY CO, LTD.",선산산업, ,박치웅,기타법인,110111-6423513,802-87-00687,"서울특별시 서초구 반포대로 49 (서초동, 선산토건)", ,,김밥 및 기타 간이 음식점업,2017-06-28,12월
주식회사 선산터미널,Sun San Terminae Co.LTD,선산터미널, ,김학송,기타법인,176011-0011293,513-81-09321,경상북도 구미시 선산읍 동부리 327-5번지,없음,,호텔업,1995-08-18,12월
주식회사 선샤인,"SUNSHINE CO., LTD.",선샤인, ,황승용,기타법인,224111-0022728,616-86-06782,제주특별자치도 서귀포시 남성중로 135 (서홍동),www.hotelsunshine.co.kr/jeju,,호텔업,2013-06-11,12월
(주)선샤인, ,선샤인, ,황대현,기타법인,110111-0346381,211-81-16246,서울특별시 강남구 신사동 587-1, ,,호텔업,1984-03-01,12월
선샤인푸드(주),Sunshine Food Inc.,선샤인푸드,217620,김대은,코스닥시장,110111-5680643,896-81-00036,인천광역시 남동구 호구포로 194 제11층 제1117호(고잔동),www.sunshinefood.co.kr,,음식점업,2015-03-30,12월
선일통산주식회사,SUNIL,선일통산, ,정치섭,기타법인,110111-0572655,213-81-23480,경기도 안성시 원곡면 반제리 142-4,www.sirmc.co.kr,,출장 음식 서비스업,1988-01-01,12월
(주)선재가,SUNJEGA,선재가, ,김희정,기타법인,180111-0524462,617-81-56937,부산광역시 남구 감만1동 248-28,www.sunjega.com,,기관 구내식당업,2005-07-01,12월
(주)선프라자,"SUNPLAZA CONVENTION CENTER CO. LTD.,",선프라자, ,김진식,기타법인,150111-0072673,301-81-68843,"충청북도 청주시 상당구 1순환로1480번길 11-12 (용정동, 선프라자컨벤션센터)",www.sunplaza21.co.kr,,기관 구내식당업,2003-03-21,12월
주식회사 선한푸드앤컬처,SUNHANFAC,선한푸드앤컬처, ,빈정은,기타법인,230111-0310373,870-86-01339,"울산광역시 동구 봉수로 101 (화정동, 울산과학대학동부캠퍼스) 제1대학관 학생식당", ,,기관 구내식당업,2019-04-25,12월
(주)섬오름,sumorum,섬오름, ,"김은주, 조현강",기타법인,224111-0020277,616-81-95882,제주특별자치도 서귀포시 막숙포로 114 (법환동), ,,호텔업,2012-05-15,12월
(주)성동레저산업,Sung Dong Leisure co.,성동레저산업, ,박성기,기타법인,141311-0007289,227-81-09925,강원도 속초시 조양동 1432-1,www.hotelgoodmorning.net,,호텔업,2002-10-07,12월
유한회사 성문더플레이스,sungmuntp,성문더플레이스, ,허윤정,기타법인,110114-0288454,212-81-74477,"경기도 수원시 팔달구 효원로307번길 27 (인계동, 포포인츠바이쉐라톤수원)", ,,호텔업,2006-01-24,12월
성산글로벌,SEONGSAN GROBAL,성산글로벌, ,윤현호,기타법인,194214-0010201,609-86-16531,"경상남도 창원시 성산구 마디미로63번길 7 (상남동, 성산명가)", ,,한식 육류요리 전문점,2013-11-26,12월
(주)성호리조트,sunghoresort,성호리조트, ,차순주,기타법인,171211-0063352,505-81-63756,경상북도 경주시 외동읍 영지로 636,www.sunghoresort.co.kr/,,휴양콘도 운영업,2011-03-23,12월
주식회사 세가사미 부산,SEGA SAMMY BUSAN INC.,세가사미부산, ,츠루미 나오야,기타법인,180111-0856708,617-86-07464,부산광역시 동구 중앙대로 233 (초량동), ,,일반 및 생활 숙박시설 운영업,2013-04-18,03월
세마앤드남경 주식회사,Sema & Namkyung. Co.,세마앤드남경, ,김수자,기타법인,110111-0309769,107-81-19643,서울특별시 중구 명동2가 55-2, ,,출장 음식 서비스업,1982-01-05,12월
주식회사 세명에프엔지,SEMYEONG.INC,세명에프엔지, ,이종찬,기타법인,134511-0669456,425-87-03639,"경기도 용인시 기흥구 서천로117번길 7 (서천동, M-STAY호텔기흥)",www.hotelelora.co.kr/,,호텔업,2024-01-23,12월
(주)세븐스타홀딩스,SEVENSTAR,세븐스타홀딩스, ,방정숙,기타법인,180111-1162500,695-81-01112,"부산광역시 수영구 광안해변로278번길 42 (민락동, 오션브릿지) 8층 에이801호", ,,호텔업,2018-06-26,12월
세영식품(주),"SEYOUNG FOOD, INC.",세영식품, ,박필선,기타법인,180111-0291780,605-81-32228,"부산광역시 남구 용소로 45 (대연동, 부경대학교 세종1관)", ,,음식점업,1999-07-01,12월
(주) 세종에스엠에스,"Sejong Management Systems, Inc.",세종에스엠에스, ,"정원영, 이종길",기타법인,110111-0703921,201-81-43289,"서울특별시 광진구 천호대로132길 15 (구의동, (주)세종에스엠에스빌딩)",www.sejongsms.com,,한식 음식점업,1990-06-30,12월
주식회사 세종웨딩,sejong wedding.co.ltd,세종웨딩, ,윤영두,기타법인,161511-0047625,312-81-53170,충청남도 천안시 신부동 495-7, ,,호텔업,2002-01-21,12월
세종투자개발,Sejong Investment & Development Corporation,세종투자개발, ,"오세인, 이종길",기타법인,110111-0239164,201-81-06815,"서울특별시 중구 퇴계로 145 (충무로2가, 세종호텔)",www.sejong.co.kr,,호텔업,1978-09-19,12월
세한주식회사,"SEHAN CO.,LTD.",세한, ,신혜진,기타법인,110111-4825018,212-81-99497,서울특별시 강동구 아리수로61길 105 (고덕동) 스테이지28 레스토랑,www.stage28.co.kr,,서양식 음식점업,2012-03-21,12월
주식회사 센터마크호텔,Center Mark Hotel Inc.,센터마크호텔, ,"신언식, 한준",기타법인,110111-4774281,101-86-68909,서울특별시 종로구 인사동5길 38, ,,호텔업,2012-01-12,12월
센트럴관광개발(주),"CENTRAL TOURIST DEVELOPMENT Co., Ltd.",센트럴관광개발, ,성영목,기타법인,110111-0652150,114-81-64618,서울특별시 서초구 신반포로 176 (반포동), ,,호텔업,1989-11-01,12월
주식회사 센트럴베이,Central bay Co.Ltd,센트럴베이, ,박재희,기타법인,180111-0914069,617-86-18525,부산광역시 수영구 광안해변로 189 (광안동), ,,숙박업,2014-05-21,12월
(주)센트로,centro,센트로, ,이연신,기타법인,110111-0586599,214-86-12093,"서울특별시 서초구 효령로55길 39 (서초동, 호텔센트로)",centrohotel.co.kr,,호텔업,1996-07-29,12월
주식회사 셀라던,"CELADON CO., LTD",셀라던, ,임태형,기타법인,110111-5709691,601-87-00051,"부산광역시 해운대구 센텀1로 17 (우동, 센텀프리미어호텔)",www.premierhotel.co.kr,,숙박업,2015-05-04,12월
주식회사 소나무 ,"SONAMOO CO.,LTD",소나무, ,"채용석, 이혜경",기타법인,220111-0063164,616-81-63643,"서울특별시 서초구 효령로 15 (방배동, 백합빌딩)", ,,호텔업,2007-10-29,12월
(주)소노인터내셔널,"Sono International Co.,Ltd.",소노인터내셔널, ,"이광수, 이병천",기타법인,145211-0008433,223-81-08341,강원도 홍천군 서면 한치골길 262, ,,휴양콘도 운영업,2005-10-01,12월
(주)소우케이티지푸드,sowooktgFood,소우케이티지푸드, ,김태규,기타법인,180111-1030012,492-87-00291,부산광역시 해운대구 해운대해변로237번길 15 (우동), ,,한식 육류요리 전문점,2016-05-20,12월
소이디엔씨 주식회사,"SOY D&C Co.,Ltd.",소이디엔씨, ,김치용,기타법인,224111-0065439,843-86-02393,제주특별자치도 서귀포시 일주동로 8954 (호근동), ,,기타 일반 및 생활 숙박시설 운영업,2022-08-02,12월
(주)소테츠인터내셔널한국,"Sotetsu International Korea Co., Ltd",소테츠인터내셔널한국, ,니시다 히사시,기타법인,110111-6356235,765-87-00641,"서울특별시 중구 남대문로5길 15 (북창동, SOTETSUHOTELSTHESPLAISIR)",https://www.splaisir.com/,,호텔업,2017-03-24,12월
속리산개발(주),songnisan hotel,속리산개발, ,윤진섭,기타법인,154111-0000084,302-81-00322,"충청북도 보은군 속리산면 법주사로 305 (사내리, 관광호텔)",www.lakehills.co.kr,,호텔업,1976-10-01,12월
솔로몬홀딩스 주식회사,"solomon holdings CO.,LTD.",솔로몬홀딩스, ,김호민,기타법인,160111-0219702,305-81-85714,대전광역시 서구 둔산동 916번지 3층, ,,일반 및 생활 숙박시설 운영업,2007-02-23,12월
주식회사 솜코리아,"SOM KOREA Co.Ltd.,",솜코리아, ,이영신,기타법인,131111-0220788,129-86-27153,경기도 성남시 분당구 황새울로 321 (서현동),www.galleryhotel.co.kr,,호텔업,2008-11-15,12월
송도갈매기 주식회사,songdogalmeagi,송도갈매기, ,유정훈,기타법인,120111-0540569,131-86-22942,인천광역시 연수구 능허대로151번길 25 송도갈매기, ,,한식 육류요리 전문점,2010-07-27,12월
주식회사 송도개발,SONGDOGAEBAL CO.,송도개발, ,노국진,기타법인,124611-0256386,131-81-65193,인천광역시 남동구 간석동 173-4, ,,호텔업,2001-07-01,12월
(주)송산에이앤씨,songsananc,송산에이앤씨, ,박승주,기타법인,120111-0776065,243-81-00101,인천광역시 강화군 화도면 해안남로 2782-22 (내리)엘리야리조트 201호, ,,휴양콘도 운영업,2015-08-07,12월
주식회사 송옥개발,"SONG OK DEVELOPMENT CO., LTD",송옥개발, ,"전용사, 김정년",기타법인,170111-0123977,502-81-40375,대구광역시 동구 신천4동 331-1번지, ,,출장 음식 서비스업,1997-08-05,12월
(주)송추가마골,"SONGCHOO GAMAGOLL CO.,LTD.",송추가마골, ,김재민,기타법인,280211-0124657,127-86-50468,경기도 양주시 장흥면 호국로527번길 11-10,www.gamagoll.com,,한식 음식점업,2013-07-09,12월
주식회사 수암,"Sooahm Co.,Ltd",수암, ,안병화,기타법인,164911-0002488,311-81-05205,충청남도 예산군 삽교읍 신리 산 2-1,www.sesimcheon.com,,호텔업,1994-02-01,12월
주식회사수원관광개발,Suwon Tourist Hotel,수원관광개발, ,최승률,기타법인,110111-0521628,124-81-73977,경기도 수원시 팔달구 인계동 1133-8,www.suwonhotel.co.kr,,호텔업,2000-06-20,12월
(주)숭실라이프,Soongsil life Co. Ltd,숭실라이프, ,이기성,기타법인,110111-3820506,211-88-08288,서울특별시 강남구 논현동 165번지, ,,기숙사 및 고시원 운영업,2008-01-10,12월
주식회사 슈퍼두퍼코리아,"Super Duper Korea Co.,Ltd.",슈퍼두퍼코리아, ,SONG DAVID HOSUP(송호섭),기타법인,110111-5861459,464-87-00170,"서울특별시 송파구 올림픽로 300 (신천동, 롯데월드타워앤드롯데월드몰)", ,,"피자, 햄버거, 샌드위치 및 유사 음식점업",2015-10-14,12월
스무디킹코리아(주),"Smoothie King Korea, Inc.,",스무디킹코리아, ,임형섭,기타법인,110111-5905033,390-81-00218,"서울특별시 성동구 아차산로5길 7 7층(성수동2가, 아주디지털타워)",www.smoothieking.co.kr,,비알코올 음료점업,2015-12-01,12월
스무디킹홀딩스 주식회사,"SMOOTHIE KING HOLDINGS, INC.",스무디킹홀딩스, ,김성완,기타법인,110111-2709628,119-81-63195,서울특별시 강남구 도산대로11길 11 KI빌딩 6층,-,-,비알코올 음료점업,2003-02-05,12월
주식회사 스시로한국,SUSHIRO KOREA. Inc.,스시로한국, ,최세철,기타법인,110111-4573956,214-88-75700,서울특별시 서초구 양재1동 3-2 인환빌딩 302호,sushiro.co.kr,,일식 음식점업,2011-04-06,09월
(주)스위스콘도미니엄,swisscondominium,스위스콘도미니엄, ,서영준,기타법인,220111-0023895,616-81-24067,제주특별자치도 북제주군 한경면 판포리 2872,swisscondominium.co.k,,휴양콘도 운영업,1998-09-25,12월
주식회사스카이뷰관광호텔,"LCThotel.Co.,Ltd",스카이뷰관광호텔, ,김태명,기타법인,190111-0049608,608-81-50453,경상남도 창원시 마산합포구 해안대로 317 엘시티 호텔, ,,호텔업,2002-12-20,12월
스카이컨벤션웨딩(주),SKYCONVENTLONWEEDING,스카이컨벤션웨딩, ,최대식,기타법인,140111-0058211,484-88-00036,강원도 춘천시 동면 춘천순환로 770 (장학리), ,,출장 음식 서비스업,2016-12-28,12월
스카이함백(주),SKYHAMBAEK CO. Ltd,스카이함백, ,이연근,기타법인,144811-0001915,228-81-03375,서울특별시 서초구 잠원동 11-2 아세아빌딩 5층,www.sky-hotel.co.kr,,호텔업,1999-12-20,12월
(주)스타빌건설,STAR BILL,스타빌건설, ,김종복,기타법인,180111-0808395,606-86-37629,부산광역시 부산진구 가야대로756번길 16 (부전동), ,,숙박업,2012-05-12,12월
주식회사 스타월드몰,ninestay,스타월드몰, ,현동부,기타법인,160111-0483571,191-87-01058,제주특별자치도 제주시 노형로 19 (해안동), ,,커피 전문점,2018-04-26,12월
주식회사 스타일로프트글로벌,styleloftglobal,스타일로프트글로벌, ,이훈,기타법인,110111-5440881,113-86-86031,"서울특별시 중구 서소문로11길 50 (서소문동, 신아빌딩) 6층 604호",www.styleloft.co.kr/,,숙박업,2014-06-19,12월
주식회사 스타포드인,"STARFORD INN CO., LTD.",스타포드인, ,권용범,기타법인,180111-0934372,603-81-88895,부산광역시 서구 충무대로 146 (남부민동), ,,호텔업,2014-10-14,12월
스탠포드호텔안동(주),"STANFORDHOTEL ANDOON CO.,LTD.",스탠포드호텔안동, ,KWON JOONG GAB,기타법인,175511-0008952,581-86-00522,경상북도 예천군 예천읍 농공단지길 9 (지내리), ,,호텔업,2018-04-01,12월
스탠포드호텔앤리조트 주식회사,STANFORD HOTEL AND RESORT,스탠포드호텔앤리조트, ,KWON JOONG GAB,기타법인,191211-0023435,612-81-48053,경상남도 통영시 도남로 347 (도남동),www.stanfordseoul.com/seoul/,,호텔업,2016-05-01,12월
스탠포드호텔코리아(주),stanford hotel korea do.ltd,스탠포드호텔코리아, ,권중갑,기타법인,110111-3327312,220-87-18352,서울특별시 강남구 도곡동416-6 갑산빌딩 3층, ,,호텔업,2005-11-01,12월
스튜디오테마파크 주식회사,"STUDIOTHEMEPARK CO.,LTD",스튜디오테마파크, ,정동근,기타법인,285011-0450225,408-88-01711,인천광역시 중구 용유서로 32 1층 (남북동), ,,제과점업,2020-09-01,12월
(주)승화썬크루즈,"SEUNG HWA SUNCRUISE CO.,LTD",승화썬크루즈, ,한상배,기타법인,141111-0009718,226-81-09811,강원도 강릉시 강동면 정동진리,www.suncruise-resort.co.kr,,호텔업,1996-08-14,12월
(주)시그너스골프클럽,cygnusgolfclub,시그너스골프클럽, ,강석무,기타법인,151111-0068316,709-81-01158,충청북도 충주시 앙성면 중방곡길 57-44 (중전리), ,,숙박업,2018-12-24,12월
(주)시네마통상,Cinematrading.co. Ltd,시네마통상, ,이용쥰,기타법인,110111-3180918,201-81-91286,"부산광역시 부산진구 중앙대로 981 (양정동, 시청센트빌)629호", ,,간이음식 포장 판매 전문점,2005-03-04,12월
주식회사 시더스에프엔비,"Cedars FnB Co., Ltd.)",시더스에프엔비, ,박승렬,기타법인,110111-7792420,340-81-02021,서울특별시 강남구 테헤란로6길 42 (역삼동) 4층, ,,일식 음식점업,2021-02-25,12월
시드니관광호텔주식회사,sydney tourist hotel co. Ltd,시드니관광호텔, ,문병호,기타법인,180111-0283109,617-81-23611,부산광역시 수영구 광안2동 192-5,www.sydneyhotel.co.kr,,호텔업,1999-05-01,12월
주식회사 시에나삼척,"SIENA SAMCHEOK CO., LTD.",시에나삼척, ,신동휴,기타법인,224111-0063798,567-81-02418,강원도 삼척시 새천년도로 219 (정하동), ,,호텔업,2022-04-19,12월
주식회사 시에나프리모,Toscana,시에나프리모, ,변고은,기타법인,180111-1004182,388-81-00457,제주특별자치도 서귀포시 용흥로66번길 158-7 (강정동) 토스카나호텔, ,,호텔업,2015-11-25,12월
시카프관광개발 주식회사,"Sicaf tourism developement Co.,Ltd.",시카프관광개발, ,김대원,기타법인,200111-0150577,410-81-70250,광주광역시 서구 치평동 1238-3, ,,호텔업,2002-02-23,12월
(주)시티관광호텔,City Tourist Hotel,시티관광호텔, ,정영희,기타법인,201311-0010495,416-81-19848,전라남도 순천시 남내동 22-24,http://cityhotel.co.kr,,호텔업,1998-02-15,12월
주식회사 시티호텔,city hotel,시티호텔, ,엄창수,기타법인,180111-1260536,514-88-01433,"부산광역시 동구 중앙대로 294 (초량동, 시티호텔)", ,,호텔업,2020-01-02,12월
주식회사 시흥관광호텔,"Siheung Tourist Hotel Co.,LTD",시흥관광호텔, ,최환석,기타법인,135011-0077129,133-81-32534,경기도 시흥시 정왕동 1622-6,해당사항없음,,호텔업,1997-04-07,12월
주식회사 식의,"SIKEUI Co.,Ltd",식의, ,"박정수, 장철용, 김영균",기타법인,131411-0235640,134-86-62792,"경기도 성남시 수정구 성남대로 1298 (태평동,4층)",www.fph.co.kr,,한식 음식점업,2010-01-11,12월
신라에이치엠 주식회사,"SHILLA STAY CO., LTD.",신라에이치엠, ,박상오,기타법인,110111-5433927,201-86-40254,"서울특별시 중구 다산로 210 (신당동) 홍진빌딩 5,6층", ,,호텔업,2014-06-10,12월
신성리조트주식회사,"shinsung resort co., ltd",신성리조트, ,정동운,기타법인,110111-1057945,220-81-13452,서울특별시 강남구 역삼동 820-8, ,,휴양콘도 운영업,1994-07-15,12월
(주)신성리조트,Shinsung Resor,신성리조트, ,정선희,기타법인,224111-0007390,616-81-30948,제주특별자치도 서귀포시 법환동 87-1,www.ss-resort.co.kr,,기타 일반 및 생활 숙박시설 운영업,2000-09-09,12월
신성푸드서비스(주),"SHINSUNG FOOD SERVICE CO., LTD",신성푸드서비스, ,정우용,기타법인,110111-3750422,212-81-80514,"서울특별시 송파구 양재대로66길 30 (가락동, 삼신빌딩201호)",www.shinsungfs.com,,기관 구내식당업,2007-09-07,12월
(주)신세계개발,"Shinsaegye Development Co., Ltd.",신세계개발, ,김준한,기타법인,110111-0536700,229-81-07409,서울특별시 강남구 논현동 205-9,-,,호텔업,1987-07-06,12월
주식회사 신세계개발,Shinsegye Development Inc,신세계개발, ,문성필,기타법인,184511-0007367,621-81-03481,"경상남도 양산시 원동면 어실로 1206 (대리, 에덴밸리리조트)",www.edenvalley.co.kr/,,휴양콘도 운영업,2009-09-25,12월
(주)신세계영랑호리조트,SHINSEGAE YOUNGRANGHO RESORT Inc.,신세계영랑호리조트, ,송태승,기타법인,141311-0010513,227-81-14073,강원도 속초시 영랑호반길 170 (금호동), ,,휴양콘도 운영업,2007-07-23,12월
(주)신세계푸드,SHINSEGAE FOOD Inc.,신세계푸드,031440,강승협,유가증권시장,110111-0305288,215-81-47377,"서울특별시 성동구 성수일로 56 성수동BY센터 4-7층(성수동2가, 백영 성수빌딩)",www.shinsegaefood.com,,기관 구내식당업,1979-10-11,12월
신신관광개발(주),"shinshin tourism develpment co.,ltd",신신관광개발, ,김화영,기타법인,110111-0066591,104-81-02478,서울특별시 중구 남대문로5길 17-5 신신호텔 (북창동), ,,호텔업,1966-05-02,12월
(주)신안관광,"SHINAN TOUR CO.,LTD",신안관광, ,김성희,기타법인,160111-0005383,120-81-27151,서울특별시 강남구 영동대로 737 (청담동),www.hotelriviera.co.kr,,호텔업,1978-05-01,12월
신안관광주식회사,"Shin An Tour Co.,Ltd",신안관광, ,우경선,기타법인,201111-0001620,411-81-02395,전라남도 목포시 죽교동 440-8,www.shinanbeachhotel.com,,호텔업,1984-11-20,12월
신안관광개발 주식회사,everis golf & resort,신안관광개발, ,정재하,기타법인,134911-0010859,133-81-30614,제주특별자치도 제주시 애월읍 평화로 1693-75 (어음리), ,,휴양콘도 운영업,1996-10-25,12월
(주)신안레져,"Shinan Leisuer Co.,Ltd",신안레져, ,박승운,기타법인,160111-0145915,314-81-53628,"대전광역시 유성구 온천서로 7 (봉명동, 리베라관광호텔)",hotelriviera.co.kr,,호텔업,2002-10-01,12월
신안종합리조트(주),wellihillipark,신안종합리조트, ,민영민,기타법인,145111-0011298,224-81-52476,강원도 횡성군 둔내면 고원로 451,wellihillipark.com,,휴양콘도 운영업,2011-11-08,12월
주식회사신우에프에스,SHINWOOFS,신우에프에스, ,최기성,기타법인,135811-0170852,135-86-04607,"경기도 용인시 기흥구 흥덕1로 13 (영덕동, 흥덕IT밸리) 컴플렉스 B-1205", ,,기관 구내식당업,2009-10-01,12월
(주)신정,"Sinjeong Co.,LTD",신정, ,박승문,기타법인,110111-1530389,220-81-51359,"서울특별시 강남구 테헤란로8길 29 (역삼동, 신정)", ,,한식 음식점업,1998-04-01,12월
신진양레저관광 주식회사,"SINJINYANG LEISURE TOUR CO.,Ltd.",신진양레저관광, ,장기민,기타법인,110111-3775397,214-88-17511,"서울특별시 서초구 마방로2길 74 (양재동,5층)", ,,숙박업,2007-10-24,12월
신한개발 주식회사,SHINHAN DEVELOPMENT COMPANY,신한개발, ,김철순,기타법인,205411-0002339,412-81-11280,전라남도 영암군 군서면 해창리 6-10,WWW.WOLCHULSPA.CO.KR,,기타 일반 및 생활 숙박시설 운영업,1996-05-29,12월
(주)신화관광개발,SHIN WHA TD,신화관광개발, ,조병화,기타법인,131311-0047922,125-81-47638,경기도 평택시 탄현로 261 (신장동),http://www.kghotel.com/,,호텔업,2003-05-15,12월
주식회사 신화교육문화,sinhwa youthhostel,신화교육문화, ,이정선,기타법인,120111-0904591,248-81-00765,"인천광역시 강화군 하점면 창후로288번길 52 (창후리, 청소년유스호텔)", ,,일반 및 생활 숙박시설 운영업,2017-11-01,12월
(주)신화아이푸드,SIN WHA I FOOD,신화아이푸드, ,김지연,기타법인,131111-0149079,129-81-89343,"경기도 성남시 분당구 안골로 24 (서현동, 서현태평빌딩)", ,,일식 음식점업,2005-10-01,12월
(주)신화인터내셔널푸드,-,신화인터내셔널푸드, ,김한수,기타법인,131111-0066942,129-81-46403,경기도 성남시 분당구 서현동 195번지 4층, ,,한식 음식점업,2001-12-01,12월
(주)신화케이푸드,ShinhwaKfood inc.,신화케이푸드, ,최상규,기타법인,134311-0042119,507-88-01487,경기도 양평군 강하면 강남로 319 (전수리),shinhwaifood.co.kr,,음식점업,2021-02-01,12월
주식회사 싸이트비젼,SITEVISION,싸이트비젼, ,박상우,기타법인,110111-6104361,324-81-00360,"경기도 안산시 단원구 고잔2길 91 (고잔동, 첼로모텔)", ,,호텔업,2016-07-01,09월
주식회사 쌍교숯불갈비,SSANGKYO sutbulgalbi,쌍교숯불갈비, ,김창회,기타법인,204311-0046356,669-81-00827,전라남도 담양군 봉산면 송강정로 212,www.ssangkyo.com,,한식 일반 음식점업,2017-08-09,06월
(주)써클관광개발,"Circle Tours co.,ltd",써클관광개발, ,김정호,기타법인,110111-5020245,105-87-79609,서울특별시 마포구 합정동 382-17, ,,호텔업,2012-12-11,12월
(주)써튼명동,SUTTON MYENONDONG,써튼명동, ,이경훈,기타법인,110111-3609843,104-86-41194,서울특별시 중구 을지로3가 95-7, ,,호텔업,2012-05-01,12월
주식회사 써튼호텔,"Sutton Hotel Co. , Ltd",써튼호텔, ,이경훈,기타법인,110111-3198127,214-87-68686,서울특별시 종로구 관수동 125-1번지 ,sutton.co.kr,,호텔업,2005-03-30,12월
(주)썬미라클,"sunmiracle co.,ltd.",썬미라클, ,오경안,기타법인,194211-0225616,609-86-18859,"경상남도 창원시 의창구 원이대로 332 (대원동, 더시티세븐풀만호텔) 1층", ,,한식 음식점업,2014-04-22,12월
썬밸리호텔(주),"Sunvalley Hotel Co,.LTD",썬밸리호텔, ,이신근,기타법인,131211-0041611,296-81-00110,"경기도 여주시 강변유원지길 45 (연양동, 선밸리호텔)", ,,호텔업,2015-07-17,12월
주식회사 썬앳푸드,SUNATFOOD,썬앳푸드, ,김용균,기타법인,110111-1158008,211-86-36456,"서울특별시 서초구 사평대로22길 6 (반포동, 썬앳푸드)",www.sunatfood.co.kr,,서양식 음식점업,1995-06-09,12월
(주)썬엘,"SunEl Co.,Ltd",썬엘, ,심공보,기타법인,180111-0292564,605-81-32382,"부산광역시 부산진구 황령대로 24 702호(범천동, 부산상공회의소)", ,,간이음식 포장 판매 전문점,1999-07-01,12월
썬호텔주식회사,"SUNHOTEL CO., LTD.",썬호텔, ,허계영,기타법인,174811-0093239,721-86-01056,대구광역시 중구 태평로 100-1 (태평로3가), ,,기타 일반 및 생활 숙박시설 운영업,2018-05-09,12월
쏠레어코리아 주식회사,"Solaire Korea Co,Ltd.",쏠레어코리아, ,이성열,기타법인,110111-5602689,261-81-23456,"인천광역시 연수구 인천타워대로 323 (송도동, 송도센트로드) B동 2003호",,,호텔업,2014-12-30,12월
쓰리알비엔비 주식회사,"3R B&B co., ltd.",쓰리알비엔비, ,최섭,기타법인,110111-2410556,201-81-70108,서울특별시 강남구 논현동 225-3,-,,일반 유흥주점업,2002-01-02,12월
(주)쓰리에프글로벌,"THREE F GLOBAL.CO.,LTD.",쓰리에프글로벌, ,김말분,기타법인,170111-0338790,502-81-92325,대구광역시 수성구 두산동 433-2,-,,한식 음식점업,2007-08-23,12월
주식회사 씨네마,Cinema Corporation,씨네마, ,신옥순,기타법인,134811-0106840,124-86-32573,"서울특별시 영등포구 영중로4길 36 (영등포동3가, 에스비호텔)", ,,호텔업,2005-05-06,12월
씨디엔에이,CDNA,씨디엔에이, ,김태성,기타법인,110111-5013422,105-87-79986,서울특별시 마포구 와우산로 72 (서교동) 3층 씨디엔에이, ,,한식 음식점업,2012-12-10,12월
(주)씨사이드,sea side,씨사이드, ,김진백,기타법인,180111-0711259,617-81-83735,부산광역시 수영구 민락동 162 ~299, ,,음식점 및 주점업,2011-04-09,12월
씨스포빌주식회사,"Seaspovill Co,.LTD",씨스포빌, ,"최연희, 박상무",기타법인,144611-0009062,222-81-16547,"강원도 삼척시 근덕면 상맹방길 30-80 (하맹방리, 씨스포빌리조트)", ,,휴양콘도 운영업,2003-05-28,12월
주식회사씨씨,"Co., Ltd cc",씨씨, ,장현희,기타법인,180111-1320330,278-86-01867,부산광역시 해운대구 구남로24번길 16 (우동) 브라운도트호텔,부산 해운대구 구남로24번길 16,,숙박업,2020-10-20,12월
씨앤아이레저산업(주),C&I Leisure Industry Corp.,씨앤아이레저산업, ,허훈,기타법인,110111-3477969,104-86-01678,경기도 평택시 신평로 28 (유천동), ,,호텔업,2006-06-19,12월
씨에스개발(주),"SEAES DEVELOPMENT Co., Ltd",씨에스개발, ,이형용,기타법인,110111-1004061,105-81-62727,"서울특별시 마포구 양화로 166 (동교동, 미래프라자)",www.seaes.co.kr,,호텔업,1994-01-19,12월
주식회사 씨에스프리미어,CS PREMIER,씨에스프리미어, ,김상교,기타법인,110111-4973122,107-87-80285,서울특별시 영등포구 선유로9나길 26 (문래동5가),www.thecshotel.com,,호텔업,2012-10-04,12월
주식회사 씨에스프리미어호텔서울,hotel c cullinan.inc,씨에스프리미어호텔서울, ,윤상미,기타법인,110111-3162354,119-81-78174,"서울특별시 관악구 조원로18길 28 (신림동, 후창빌딩)", ,,호텔업,2005-01-31,12월
씨에스호텔,cshotel,씨에스호텔, ,위의환강대인이계선,기타법인,200111-0490874,698-87-00564,광주광역시 서구 상무평화로 128 씨에스호텔,cshotelkj@naver.com,,숙박업,2017-06-02,12월
씨에이치개발(주),CH,씨에이치개발, ,임준형,기타법인,161511-0076145,312-81-79452,충청남도 천안시 동남구 천안대로 802 (신부동), ,,호텔업,2005-11-23,12월
주식회사 씨에이치디그룹,CHD GROUP,씨에이치디그룹, ,구제연,기타법인,110111-5423093,120-88-13262,"서울특별시 서초구 사평대로 354 (서초동, 호진빌딩) ,3층 chd그룹", ,,제과점업,2014-05-23,12월
(주)씨엔씨,CNC,씨엔씨, ,김평환,기타법인,170111-0341967,514-81-62921,경상남도 창녕군 부곡면 거문리215-1번지,bugokroyal.co.kr,,일반 및 생활 숙박시설 운영업,2009-09-01,12월
(주)씨엔에치,"CNH  CO.,LTD",씨엔에치, ,이홍석,기타법인,131411-0280398,134-86-92205,경기도 안산시 상록구 본오동 상록수로 22, ,,여관업,2012-07-05,12월
주식회사 씨엠개발,"Catering Management & Dvelopment Co., Ltd.",씨엠개발, ,권흥구,기타법인,110111-0782890,215-81-44666,서울특별시 송파구 석촌동 158-2번지 보정빌딩 9층, ,,기관 구내식당업,1991-06-21,12월
(주)씨엠케이푸드,"Cmkfood Co., Ltd.",씨엠케이푸드, ,윤민환,기타법인,170111-0623878,508-87-00510,대구광역시 수성구 지범로48길 30 (범물동),www.chimcking.com,,한식 일반 음식점업,2016-11-30,12월
씨엠파크호텔 주식회사,CM PARK HOTAL,씨엠파크호텔, ,정재만,기타법인,175511-0009190,373-88-00643,"경상북도 안동시 풍천면 검무로 10-17 (갈전리),1층", ,,일반 및 생활 숙박시설 운영업,2016-10-05,12월
(주)아난티,Ananti Inc.,아난티,025980,이만규,코스닥시장,130111-0026814,134-81-07135,충청북도 진천군  백곡면 배티로 818-105,www.ananti.kr,,일반 및 생활 숙박시설 운영업,1987-01-16,12월
주식회사 아난티한라,"Ananti Halla Co.,Ltd",아난티한라, ,이만규,기타법인,220111-0238709,168-81-02623,"제주특별자치도 제주시 구좌읍 선유로 445-55 (김녕리, 아난티클럽제주)", ,,휴양콘도 운영업,2022-04-28,12월
아라마크 주식회사,ARAMARK Co. Ltd.,아라마크, ,전응준,기타법인,110111-0947882,104-81-39349,"서울특별시 마포구 마포대로 137 (공덕동, KPX빌딩) 8층", ,,기관 구내식당업,1993-06-07,09월
주식회사아르피나,"arpina.co.,ltd",아르피나, ,안영모,기타법인,171111-0020578,508-81-28345,경상북도 안동시 관광단지로 346-69 (성곡동), ,,호텔업,2010-04-22,12월
주식회사 아리아나,"HOTEL ARIANA CO., LTD",아리아나, ,김윤식,기타법인,170111-0591538,776-81-00348,"대구광역시 수성구 동대구로 27 (두산동, 아리아나호텔)",www.ariana.co.kr,,호텔업,2016-01-11,12월
주식회사아모렉스리조트,Amoureux ,아모렉스리조트, ,현승남,기타법인,110111-2434978,206-81-67345,"제주특별자치도 제주시 서해안로 216 (도두일동, 제주아모렉스가족호텔)", ,,호텔업,2002-02-05,12월
주식회사 아모르,corporation amor,아모르, ,이영제,기타법인,151211-0043043,864-88-01492,충청북도 제천시 봉양읍 제원로 224 (봉양리), ,,여관업,2019-08-29,12월
주식회사 아모제에프앤엘,AMOJE F&L  Inc.,아모제에프앤엘, ,신희호,기타법인,110111-4946749,211-88-82634,"서울특별시 강남구 언주로 603 (논현동, 서진빌딩) 7층", ,,서양식 음식점업,2012-09-03,12월
아모제푸드(주),AMOJE Inc.,아모제푸드, ,신희호,기타법인,110111-1170987,220-81-15014,서울특별시 강남구 역삼동 680-1 건우빌딩 6층,www.marche.co.kr,,서양식 음식점업,1996-05-01,12월
주식회사아발론,"AVALON CO.,LTD.",아발론, ,전성도,기타법인,134111-0428230,393-88-00235,"경기도 안양시 만안구 태평로52번길 21 520호, 521호(안양동,마드리드)",www.hotelavl.com/,,호텔업,2015-12-17,12월
(주)아산온천호텔,"ASANONCHON HOTEL CO.,LTD.",아산온천호텔, ,곽만수,기타법인,164811-0073936,312-86-54359,충청남도 아산시 음봉면 아산온천로 217-7 (신수리),www.asanonchon.co.kr,,호텔업,2013-07-30,12월
주식회사 아셈,ASSEM,아셈, ,정미숙,기타법인,124411-0241498,268-86-01439,경기도 김포시 태장로795번길 145 1층 101호 (장기동),hotelassem.com/,,호텔업,2019-10-17,12월
아스티호텔 주식회사,ASTIHOTEL BUSAN,아스티호텔, ,CHO JINHO,기타법인,180111-1144459,235-86-00895,부산광역시 동구 중앙대로214번길 7-8 (초량동), ,,호텔업,2018-03-12,12월
주식회사 아시시,assisi,아시시, ,안혁환,기타법인,110111-2479297,214-87-10087,서울특별시 동대문구 왕산로 192-2 케이씨티호텔빌딩, ,,숙박업,2002-04-01,12월
아시아매니징 주식회사,ASIA Managing,아시아매니징, ,"박근범, 전용태",기타법인,110111-7495925,524-88-01750,"서울특별시 중구 다동길 30 (다동), 2층", ,,호텔업,2020-05-22,12월
(유)아웃백스테이크하우스코리아,OUTBACK STEAKHOUSE KOREA,아웃백스테이크하우스코리아, ,박현종,기타법인,110114-0058592,211-86-42619,"서울특별시 송파구 올림픽로 300 (신천동, 롯데월드타워앤드롯데월드몰) 19층",https://www.outback.co.kr,,서양식 음식점업,1996-08-28,12월
(주)아워홈,Our Home Ltd,아워홈, ,김태원,기타법인,110111-1862592,107-81-76324,"서울특별시 강서구 마곡중앙10로 91 (마곡동, 아워홈마곡식품연구센터)",www.ourhome.co.kr,,기관 구내식당업,2000-01-25,12월
주식회사 아유,"AYU Co., Ltd.",아유, ,장미영,기타법인,110111-6147915,163-86-00625,경기도 남양주시 화도읍 북한강로 1650-32 (금남리),ayuspace.kr/,,커피 전문점,2016-08-18,12월
주식회사 아이리스컴퍼니,"IRISCOMPANY CO.,LTD",아이리스컴퍼니, ,최형기,기타법인,110111-0372005,213-81-33028,서울특별시 강남구 포이동 167-7, ,,서양식 음식점업,1984-04-09,12월
(주)아이비관광호텔,"IBHOTEL,Co ,Ltd",아이비관광호텔, ,조임규,기타법인,141211-0017230,225-81-15080,서울특별시 서초구 양재동 11-6, ,,호텔업,2001-08-10,12월
(주)아이비푸드,IBFOOD,아이비푸드, ,반용호,기타법인,170111-0309494,504-81-66783,대구광역시 북구 유통단지로 130 보고파워빌딩 206호(산격동),www.ibfood.co.kr,,기관 구내식당업,2006-05-08,12월
(주)아이에프씨앤드에이,IF C&A,아이에프씨앤드에이, ,고석구,기타법인,110111-1006900,215-81-37957,서울특별시 송파구 오금동 3-1, ,,기타 일반 및 생활 숙박시설 운영업,1994-01-28,12월
아이에프지앤드씨,"IF G&C Co.,Ltd.",아이에프지앤드씨, ,박윤용,기타법인,110111-2652893,215-86-34329,서울특별시 송파구 오금동 3-1 7층, ,,휴양콘도 운영업,2002-11-14,12월
주식회사 아인에이치엠,AINHM,아인에이치엠, ,이율비,기타법인,180111-1549394,831-86-02949,"부산광역시 기장군 장안읍 정관로 1142 (좌천리, 힐탑프리미엄아울렛) 302호",www.ainhm.co.kr/,,호텔업,2024-02-27,12월
(주)아주호텔서교,AJU HOTEL SEOKYO,아주호텔서교, ,송홍섭,기타법인,110111-4995861,105-87-79161,"서울특별시 마포구 양화로 130 6층, 재경팀",www.hotelseokyo.co.kr,,호텔업,2012-11-01,12월
(주)아주호텔제주,AJU HOTEL JEJU,아주호텔제주, ,문윤회,기타법인,224111-0021449,616-86-00755,제주특별자치도 서귀포시 중문관광로72번길 114(색달동), ,,일반 및 생활 숙박시설 운영업,2012-11-09,12월
아킴보주식회사,"akimbo co.,ltd",아킴보, ,김대원,기타법인,200111-0595749,287-88-01773,광주광역시 동구 천변우로 369, ,,일반 및 생활 숙박시설 운영업,2020-04-14,12월
(주)아트팩토리,Art Factory,아트팩토리, ,조재규,기타법인,110111-4797671,120-87-98906,"서울특별시 강남구 봉은사로 410 (삼성동, 라마다호텔)", ,,무도 유흥주점업,2013-06-04,12월
주식회사 아프로디테,Aphrodite Corporation,아프로디테, ,이영희,기타법인,220111-0028837,616-81-28928,제주특별자치도 제주시 이도2동 315 미래금고빌딩4층, ,,호텔업,2000-04-12,12월
안산관광개발 주식회사,Ansan MIRAMA Hotel,안산관광개발, ,박수홍,기타법인,135011-0048782,134-81-29629,경기도 안산시 고잔동 537-9, ,,호텔업,1995-11-09,12월
주식회사 안스,"ANS CO., LTD",안스, ,안복현,기타법인,120111-0777245,292-87-00177,인천광역시 연수구 청명로3번길 1 (청학동) 안스베이커리,www.ansbakery.com,,김밥 및 기타 간이 음식점업,2015-08-21,12월
(주)안스베이커리,Ansbakery,안스베이커리, ,안창현,기타법인,110111-5458694,107-88-25256,"서울특별시 영등포구 경인로 846 (영등포동, 영등포민자역사) 비1층동(영등포동,롯데백화점)",www.ansbakery.com,,제과점업,2014-07-07,12월
주식회사 안영,ahn young,안영, ,안승부,기타법인,180111-1030111,384-87-00438,부산광역시 동구 중앙대로196번길 12-5 (초량동)호텔아몬드, ,,호텔업,2016-06-05,12월
(주)안테레스,"anteres,ltd",안테레스, ,신호경,기타법인,180111-1344489,793-86-01880,부산광역시 기장군 기장읍 대변로 133 (대변리),-,,호텔업,2021-02-23,12월
(주)알레나,"arena,ltd",알레나, ,신호경,기타법인,180111-1321510,602-88-01803,부산광역시 기장군 기장읍 기장해안로 599 (대변리),-,,호텔업,2020-10-27,12월
주식회사 알트윈푸드,altwinfood.co.ltd,알트윈푸드, ,"조미영, 정귀열",기타법인,131111-0138098,129-81-94259,경기도 성남시 분당구 매화로37번길 7-12 (야탑동),www.altwinfood.com,,음식점 및 주점업,2005-04-12,12월
주식회사 알파개발,alphadevelopment,알파개발, ,유정주,기타법인,170111-0642183,868-87-00732,대구광역시 수성구 알파시티1로32길 28-17 (대흥동), ,,호텔업,2017-05-10,12월
(주)애성,ASUNG INC.,애성, ,정순범,기타법인,110111-7760021,295-87-01869,서울특별시 서초구 서초중앙로 123 5층 (서초동),www.asung-invest.com,,기타 일반 및 생활 숙박시설 운영업,2021-01-21,12월
(주)애월스테이,"Aeweolstay Co.,Ltd.",애월스테이, ,CHANG JYH PING,기타법인,220111-0216143,550-87-01844,제주특별자치도 제주시 애월읍 애월해안로 708 (구엄리), ,,휴양콘도 운영업,2021-02-04,12월
주식회사 앤드테라스,AND TERRACE CO.LTD,앤드테라스, ,정명아,기타법인,284911-0243912,516-87-01897,경기도 파주시 오도로 89-1 (연다산동),www.andterrace.com,,제과점업,2021-02-24,12월
주식회사 앰배서더즈,Ambassadors Inc.,앰배서더즈, ,서정호,기타법인,110111-0595516,220-81-01562,"서울특별시 강남구 봉은사로 130 (역삼동, 노보텔앰배서더강남서울)",www.ambatel.com,,호텔업,1988-10-31,12월
주식회사 앰배스텔,AMBASSTEL INC.,앰배스텔, ,서정호 외1명(이규근),기타법인,110111-1122152,211-86-07005,"서울특별시 강남구 삼성로 431 (대치동, 이비스스타일앰배서더서울강남)",www.ambatel.com,,호텔업,1995-02-01,12월
주식회사 앰배텔,Ambatel Inc.,앰배텔, ,서정호,기타법인,110111-0603278,119-81-09115,서울특별시 금천구 독산 4동 1030-1,www.ambatel.com,,호텔업,1988-12-29,12월
주식회사 야놀자씨앤디,"Yanolja CnD co.,Ltd",야놀자씨앤디, ,임상규,기타법인,110111-5114767,211-88-93825,"서울특별시 강남구 테헤란로114길 38 8층 (대치동, 동일타워)",yanoljalab.com,,여관업,2013-04-19,12월
(주)야호리조트,YAHORESEORT,야호리조트, ,박영숙,기타법인,110111-3226035,214-87-70673,울산광역시 울주군 상북면 등억리 527-1, ,,기타 일반 및 생활 숙박시설 운영업,2005-05-11,12월
어반라이프주식회사,"URBAN LIFE CO. , Ltd.",어반라이프, ,손지호,기타법인,110111-6724424,144-81-08204,"서울특별시 강남구 도산대로45길 6 10층 (신사동, 호림아트센터2빌딩)", ,,제과점업,2012-12-31,12월
주식회사 업랜드,"UPLAND Co.,Ltd",업랜드, ,강동걸,기타법인,180111-1408681,556-88-02251,부산광역시 기장군 일광읍 못골길 46 (문중리), ,,제과점업,2021-12-01,12월
주식회사 에디션스(EDITIONS.Corp.),EDITIONS ,에디션스(EDITIONS.Corp.), ,김민상,기타법인,201111-0062052,609-88-01935,전라남도 목포시 평화로 75 전남 목포시 공단중앙로 75-7 (연산동) 협선, ,,호텔업,2021-03-17,12월
(주)에렉스,"ELX. Co.,Ltd",에렉스, ,최진원,기타법인,110111-0270952,120-81-03635,"서울특별시 강남구 테헤란로87길 29 (삼성동, MTOWER)7층",www.elx.co.kr,,출장 음식 서비스업,1978-06-14,12월
주식회사 에버산업개발,Ever Industrial Development Co.LTD,에버산업개발, ,지분순,기타법인,110111-1392151,107-81-59330,전라남도 여수시 공화동 766번지,www.,,호텔업,2001-03-24,12월
주식회사 에스씨비에이치,CO. SCBH,에스씨비에이치, ,유재복,기타법인,110111-5421849,261-81-13977,서울특별시 서초구 효령로61길 8, ,,"피자, 햄버거, 샌드위치 및 유사 음식점업",2014-07-01,12월
주식회사 에스씨케이컴퍼니,"SCK COMPANY Co., Ltd.",에스씨케이컴퍼니, ,손정현,기타법인,110111-1461667,201-81-21515,"서울특별시 중구 퇴계로 100 (회현동2가, 스테이트타워남산)",www.starbucks.co.kr,,비알코올 음료점업,1997-09-10,12월
에스아이에프씨호텔디벨로프먼트유한회사,SIFC Hotel Development YH,에스아이에프씨호텔디벨로프먼트, ,스튜어트메르시에,기타법인,110114-0055457,104-81-94925,"서울특별시 영등포구 국제금융로 10 (여의도동, 서울국제금융센터)", ,,호텔업,2005-06-24,12월
에스아이엔플러스(주),"SINPLUS CO.,LTD.",에스아이엔플러스, ,이유진,기타법인,110111-4325307,109-86-23094,경기도 파주시 탄현면 성동로 34 (성동리), ,,호텔업,2010-04-09,12월
주식회사 에스알호텔,SR HOTEL,에스알호텔, ,권철희,기타법인,110111-7080495,409-88-01164,서울특별시 동작구 동작대로1길 15 (사당동), ,,기타 일반 및 생활 숙박시설 운영업,2019-04-17,12월
(주)에스앤호텔,S& HOTEL,에스앤호텔, ,조용희,기타법인,160111-0352065,314-86-49532,대전광역시 유성구 테크노중앙로 69 (관평동),www.sandhotel.co.kr/,,호텔업,2013-07-25,12월
(주)에스에스유통,"SS DISTRIBUTION CO.,LTD.",에스에스유통, ,박치웅,기타법인,176011-0027141,513-81-23944,경상북도 구미시 옥성면 중부내륙고속도로 128 (대원리),www.sunsan.co.kr,,간이음식 포장 판매 전문점,2001-10-05,12월
주식회사 에스에스코퍼레이션,SS. Corporation,에스에스코퍼레이션, ,좌승삼,기타법인,110111-5005213,211-88-86552,"서울특별시 강남구 압구정로79길 29 301호 (청담동, 동산빌리지)", ,,기관 구내식당업,2012-11-19,12월
(주)에스에이치레저관광,S.H Leisure Tourist. CO. LTD.,에스에이치레저관광, ,이국현,기타법인,205411-0009145,412-81-25635,전라남도 영암군 군서면 해창리6-10,www.wolchulspa.co.kr,,호텔업,2003-12-29,12월
주식회사 에스엔디,"SND CO., LTD",에스엔디, ,김우식,기타법인,134511-0362761,311-86-01301,경기도 용인시 기흥구 마북로 110 (마북동), ,,호텔업,2018-07-24,12월
주식회사 에스엔디유통,"SND LOGIX CO.,LTD.",에스엔디유통, ,강종완,기타법인,195511-0195391,270-87-00463,경상남도 김해시 진영읍 하계로96번길 94-4 (우동리),sndlogix.co.kr,,한식 일반 음식점업,2016-05-10,12월
주식회사 에스엘앤씨,SL&C Co.Ltd,에스엘앤씨, ,전상호,기타법인,110111-3977191,107-87-13525,서울특별시 영등포구 여의도동 35-6 삼천리빌딩 10층,www.chai797.co.kr,,음식점 및 주점업,2008-10-10,12월
(주)에스엠에프앤비디벨롭먼트,"SM F&B Development Co., LTD",에스엠에프앤비디벨롭먼트, ,이진규,기타법인,110111-3828584,211-88-08541,"서울특별시 강남구 압구정로79길 58 3층, 4층(청담동)",www.smt-seoul.com/,,서양식 음식점업,2008-01-23,12월
(주)에스엠엔터프라이즈,SMenterprise,에스엠엔터프라이즈, ,박제준,기타법인,176011-0044301,513-81-39674,경기도 용인시 기흥구 공세로 22 (고매동),-,,서양식 음식점업,2006-02-10,12월
주식회사 에스와이팀,"SYTEAM Co.,Ltd.",에스와이팀, ,정수용,기타법인,161511-0171846,312-86-70849,충청남도 천안시 서북구 성정공원5로 42 (성정동) 티포인트관광호텔, ,,호텔업,2014-09-16,12월
(주)에스이에이치엠,"SEHM.CO.,LTD.",에스이에이치엠, ,이승은,기타법인,110111-7940631,793-86-02031,"서울특별시 마포구 마포대로 8 (마포동, 나루)", ,,호텔업,2021-07-06,12월
에스이엔비 주식회사,SE&B corp,에스이엔비, ,정희영,기타법인,110111-2598766,211-87-19852,경상북도 울진군 온정면 온천로 84,-,,호텔업,2002-08-29,12월
에스이엔에프(주),se&f,에스이엔에프, ,정희영,기타법인,110111-2429002,211-87-07846,"서울특별시 강남구 도산대로 435 (청담동, 삼이빌딩)",sam-e.co.kr,,호텔업,2002-01-22,12월
(주)에스제이관광개발,"SJ Tourism Development Co., Ltd.",에스제이관광개발, ,홍진유,기타법인,134511-0204608,142-81-55870,경기도 용인시 기흥구 기흥단지로110번길 11-12 (고매동 261-6) (주)에스제이관광개발,-,,호텔업,2013-02-06,12월
주식회사 에스제이뺑오르방,SJ LEVAIN,에스제이뺑오르방, ,최인호,기타법인,134511-0267622,506-88-00170,경기도 용인시 처인구 백령로 47 (유방동),없음,,제과점업,2015-10-01,12월
(주)에스지(SG)다인힐,SG dinehill Ltd.,에스지(SG)다인힐, ,박영식,기타법인,110111-2461955,211-87-10147,서울특별시 강남구 언주로165길 7-20 (신사동),www.dinehill.co.kr,,서양식 음식점업,2002-03-06,12월
주식회사 에스지빌라앤호텔,"S.G Villa & Hotel CO.,LTD",에스지빌라앤호텔, ,황진혁,기타법인,230111-0247667,102-81-44550,경상북도 경주시 감포읍 동해안로 1819-23, ,,기타 일반 및 생활 숙박시설 운영업,2015-10-19,12월
에스지엠,SGM,에스지엠, ,김종우,기타법인,110111-1633571,107-81-66336,서울특별시 강남구 테헤란로16길 11 (역삼동),jwk5105@naver.com,,숙박업,1999-01-14,03월
주식회사 에스케이비,skb,에스케이비, ,선종길,기타법인,144611-0028450,620-86-02223,강원도 삼척시 근덕면 장호항길 76-2, ,,여관업,2022-10-01,12월
에스케이핀크스 주식회사,"SK PINX Co.,Ltd.",에스케이핀크스, ,정우성,기타법인,224111-0003760,616-81-14083,제주특별자치도 서귀포시 안덕면 산록남로 863 에스케이핀크스 주식회사,www.thepinx.co.kr,,호텔업,1994-12-23,12월
(주)에스투홀딩스컴퍼니,"stwo holding company co.,ltd",에스투홀딩스컴퍼니, ,성영환,기타법인,180111-1546069,555-86-03118,부산광역시 해운대구 송정광어골로 80 1층,부산광역시 수영구 망미배산로48번길 98 (망미동),,호텔업,2024-02-01,12월
에스플러스인터내셔널,S-PLUS INTERNATIONAL CORP.,에스플러스인터내셔널, ,서동범,기타법인,110111-4954031,211-88-83161,서울특별시 용산구 회나무로13가길 22 (이태원동) 3층, ,,서양식 음식점업,2012-09-01,12월
(주)에어포트콘도텔,Airport Condotel co.,에어포트콘도텔, ,신동희,기타법인,144511-0006408,227-81-12911,강원도 양양군 양양읍 조산리 384-28,www.airportcondtel.com,,기타 일반 및 생활 숙박시설 운영업,2006-01-10,12월
(주)에이더블유호텔,AWhotel,에이더블유호텔, ,권기태,기타법인,170111-0246969,503-81-60544,대구광역시 달서구 성서로 413,www.awhotel.co.kr,,호텔업,2003-04-23,12월
에이블현대호텔앤리조트(주),ABLE HYUNDAI HOTEL & RESORT,에이블현대호텔앤리조트, ,최종윤,기타법인,110111-0819031,104-81-21344,서울특별시 중구 장충단로 60, ,,호텔업,1991-12-02,12월
주식회사 에이비디에셋,"ABD Asset Co., Ltd.",에이비디에셋, ,김기림,기타법인,110111-3744772,107-86-94652,서울특별시 영등포구 여의대로 8 (여의도동), ,,호텔업,2007-08-29,12월
주식회사 에이서비스,A-Service,에이서비스, ,이동훈,기타법인,131411-0302142,134-87-12775,경기도 안산시 단원구 영동고속도로 15 (선부동), ,,간이음식 포장 판매 전문점,2013-07-16,12월
주식회사 에이서비스코리아,A Service Korea Co.Ltd,에이서비스코리아, ,김경록,기타법인,180111-1178507,455-81-01213,부산광역시 남구 전포대로 133 (문현동)IFC부산아바니센트럴호텔, ,,호텔업,2018-10-05,12월
에이에이호텔매니지먼트,AAHotel Management,에이에이호텔매니지먼트, ,패트릭 바셋,기타법인,110111-3526485,201-81-98616,서울특별시 중구 동호로 297, ,,호텔업,2006-09-12,12월
주식회사 에이엠씨글로벌,"AMC Global Co.,Ltd.",에이엠씨글로벌, ,장관우,기타법인,124411-0162678,843-88-00083,경기도 김포시 고촌읍 아라육로152번길 210-50 (전호리)호텔 마리나베이서울,https://www.hotel-marinabay.co.kr/,,호텔업,2015-05-08,12월
에이와주식회사,EYWA.CO.KR,에이와, ,이윤성,기타법인,110111-4406123,214-88-63581,서울특별시 강남구 테헤란로29길 11 1층(역삼동), ,,호텔업,2010-08-05,12월
(주)에이치.티.씨,H.T.C,에이치.티.씨, ,김종만,기타법인,141211-0009624,224-81-12149,"서울특별시 마포구 서강로 136 (노고산동, 아이비타워) wlgk2cmd",www.htc21.co.kr,,호텔업,1997-01-22,12월
에이치디씨리조트주식회사,"HDCRESORT Co.,Ltd",에이치디씨리조트, ,조영환,기타법인,141211-0005540,224-81-06308,"강원도 원주시 지정면 오크밸리1길 66 (월송리, 한솔오크밸리)",www.oakvalley.co.kr,,휴양콘도 운영업,1998-03-15,12월
(주)에이치비리솜,"HB RESOM Co.,Ltd",에이치비리솜, ,이향진,기타법인,165111-0018513,801-86-01221,"충청남도 태안군 안면읍 꽃지해안로 204 (중장리, 리솜오션캐슬)", ,,휴양콘도 운영업,2018-12-14,12월
주식회사 에이치앤에프컴퍼니,H&F COMPANY,에이치앤에프컴퍼니, ,이영섭,기타법인,161511-0210181,745-86-00543,충청남도 천안시 서북구 성정공원4길 29 (성정동), ,,숙박업,2017-03-03,12월
주식회사 에이치앤포세카,H&Foseca corporation Ltd.,에이치앤포세카, ,윤찬혁,기타법인,110111-6040325,486-88-00459,"서울특별시 마포구 큰우물로 75 (도화동, 성지빌딩) 1502", ,,기관 구내식당업,2016-05-01,12월
(주)에이치엘비,Hue Leisure & Business,에이치엘비, ,정한식,기타법인,234111-0145437,462-88-03222,"부산광역시 금정구 개좌로 270 (회동동, 첨단산단우성스마트시티) 303호", ,,호텔업,2024-09-09,12월
에이치엠인베스트(주),HM INVEST Co.Ltd.,에이치엠인베스트, ,한형수,기타법인,161511-0134026,312-86-31813,"충청남도 아산시 온천대로 1462 (온천동, 온양제일호텔)", ,,호텔업,2011-10-10,12월
주식회사 에이치엠홀딩스,HMHOLDINGS,에이치엠홀딩스, ,박현민,기타법인,160111-0580210,149-81-01977,대전광역시 유성구 엑스포로 244-9 (원촌동), ,,한식 일반 음식점업,2021-02-01,12월
주식회사 에이치원,"H ONE CO., LTD",에이치원, ,양현정,기타법인,220111-0102938,616-86-07082,제주특별자치도 제주시 삼무로 48 (연동), ,,숙박업,2013-11-05,12월
주식회사에이치원호텔,H1HOTEL,에이치원호텔, ,박재구,기타법인,200111-0591995,684-88-01713,광주광역시 북구 대자로106번길 10-6 (운암동), ,,호텔업,2020-03-10,12월
주식회사 에이치지플레이스,"HG Place Inc,",에이치지플레이스, ,조강태,기타법인,110111-6374881,831-88-00867,"서울특별시 성동구 뚝섬로1나길 5 1층 (성수동1가, 헤이그라운드(HEYGROUND))",hginitiative.com,,서양식 음식점업,2017-04-13,12월
주식회사 에이치케이하이웨이,HK-HIGHWAY,에이치케이하이웨이, ,정민,기타법인,131311-0175872,794-86-00619,"경기도 평택시 청북읍 평택제천고속도로 6 (현곡리, 평택복합휴게시설)", ,,한식 일반 음식점업,2017-01-19,12월
(주)에이티컴퍼니,AT company,에이티컴퍼니, ,이상문,기타법인,110111-5731892,228-87-00138,서울특별시 영등포구 당산로35길 4-3 (당산동4가)(주)에이티컴퍼니, ,,한식 일반 음식점업,2015-08-20,12월
(주)에코럭스,EcoLux,에코럭스, ,정행섭,기타법인,180111-0972629,102-88-00100,제주특별자치도 서귀포시 김정문화로27번길 9-1 (강정동), ,,호텔업,2015-05-21,12월
에코패밀리호텔 주식회사,ecofamilyhotel corporation,에코패밀리호텔, ,강영탁,기타법인,220111-0103556,616-86-07802,제주특별자치도 제주시 한림읍 귀덕6길 94 (귀덕리),ecogreenresort.com,,호텔업,2013-07-01,12월
에프앤에스주식회사,fresh food and service,에프앤에스, ,김재성,기타법인,191111-0049053,613-81-57536,경상남도 진주시 정촌면 삼일로95번길 50-35 (예하리),fnsfood.kr,,기관 구내식당업,2010-07-21,12월
주식회사 에프지케이,FGK,에프지케이, ,김익태,기타법인,180111-1247675,672-86-01619,"부산광역시 중구 광복중앙로 31 (신창동1가, 중앙아파트) 2층", ,,"피자, 햄버거, 샌드위치 및 유사 음식점업",2019-10-31,12월
(주)에프지코리아,FG Korea Inc.,에프지코리아, ,김남기,기타법인,110111-8625703,583-86-02507,"서울특별시 강남구 선릉로 827 3,4층 (신사동)", ,,"피자, 햄버거, 샌드위치 및 유사 음식점업",2023-05-01,12월
(주)엑스,"X. Co., Ltd",엑스, ,김학수,기타법인,110111-2973041,215-86-54887,"서울특별시 강남구 영동대로 513 100-6(삼성동,코엑스상사전시장C-)", ,,한식 음식점업,2004-03-12,12월
(주)엔바이콘,"NBICORN Co.,Ltd.",엔바이콘, ,한원탁,기타법인,131111-0446798,188-81-00347,"경기도 성남시 분당구 판교로228번길 15 6층 (삼평동, 판교세븐벤처밸리1)",nbicorn.com,,음식점 및 주점업,2016-05-12,12월
(주)엔에스케이,NSK,엔에스케이, ,노정일,기타법인,230111-0319474,808-86-01367,울산광역시 북구 진장유통로 43 (진장동), ,,한식 일반 음식점업,2019-10-23,12월
주식회사 엔에이디,"NAD Co., LTD.",엔에이디, ,정민기,기타법인,120111-0740771,131-86-68633,"경기도 시흥시 오이도로 21 (정왕동, STEELLAND) 제5동 제1층 제 522호",www.group-nad.com,,호텔업,2014-12-31,12월
주식회사 엔에프에스,"NFS.Co.,Ltd",엔에프에스, ,유병기,기타법인,110111-2200311,107-81-97727,서울특별시 중구 회현동1가 100-49,www.nfourseason.com/,,호텔업,2001-03-26,12월
엔엔알호텔즈인터내셔널코리아 주식회사,"NNR Hotels International Korea Co.,Ltd.",엔엔알호텔즈인터내셔널코리아, ,이시다 타카히로,기타법인,110111-5488534,201-86-41554,"서울특별시 중구 명동8길 27 (명동2가, 엠플라자)", ,,호텔업,2014-08-12,12월
(주)엔타스,ENTAS.Inc,엔타스, ,박노봉,기타법인,110111-2696370,120-86-47813,서울특별시 송파구 오금로11길 7 거봉빌딩 2층 (방이동), ,,일식 음식점업,2003-01-16,12월
주식회사 엔타스시스템,"Entasystem.Co.,Ltd.",엔타스시스템, ,박노봉,기타법인,120111-0449571,131-86-05486,인천광역시 연수구 능허대로267번길 70, ,,한식 음식점업,2007-12-10,12월
(주)엔타스에스디,ENTASSD.CO.LTD,엔타스에스디, ,박노봉,기타법인,120111-0674219,131-86-52150,"인천광역시 연수구 테크노파크로 180 (송도동, 가동1층)", ,,한식 음식점업,2013-09-30,12월
(주)엘까페딸,"ELCAFETAL CO.,LTD",엘까페딸, ,강인규,기타법인,110111-2363789,220-86-22975,"서울특별시 강남구 논현로159길 21 (신사동, 신사빌딩) 102호", ,,커피 전문점,2001-10-30,12월
(주)엘디스 리젠트 호텔,Eldis Regent Hotel,엘디스리젠트호텔, ,김도헌,기타법인,170111-0395013,504-81-84971,대구광역시 중구 달구벌대로 2033,www.eldishotel.com,,호텔업,2010-01-01,12월
주식회사 엘라포니시,ELAFONISI,엘라포니시, ,김종렬,기타법인,171211-0113412,259-81-01653,경상북도 경주시 감포읍 동해안로 1594 (대본리), ,,호텔업,2020-01-08,12월
주식회사엘르인,"ELLEINN Co.,Ltd.",엘르인, ,오재환,기타법인,110111-5679406,106-87-10146,서울특별시 용산구 한강대로71길 24 (갈월동),www.hotelelleinn.com,,호텔업,2014-11-01,12월
엘리스테이보령 유한회사,"elystayBoryeong.co.,ltd",엘리스테이보령, ,김기현,기타법인,164514-0002349,696-81-02550,충청남도 보령시 웅천읍 독산로 746 (독산리), ,,기타 일반 및 생활 숙박시설 운영업,2022-01-24,12월
(주)엘브이아이파트너스,LVI Partners,엘브이아이파트너스, ,김지남,기타법인,110111-4828286,105-87-70194,"서울특별시 강남구 언주로168길 5 (신사동, 지미안빌딩) 3층", ,,기타 외국식 음식점업,2012-04-09,12월
주식회사 엘비엠,"LBM Co.,Ltd",엘비엠, ,강관구,기타법인,110111-8191100,219-88-02288,서울특별시 종로구 율곡로 45 (안국동), ,,제과점업,2022-02-16,12월
주식회사 엘아이지홈앤밀,"LIG Home&Meal Co., Ltd.",엘아이지홈앤밀, ,윤종구,기타법인,110111-4682690,106-86-88180,서울특별시 성동구 성수일로12길 35 5층(성수동2가),lighnm.kr,,한식 일반 음식점업,2012-08-02,12월
주식회사 엘알디,LRD,엘알디, ,최면식,기타법인,110111-3141655,204-81-89120,"서울특별시 동대문구 전농로 20 305(답십리동, 부영빌딩)", ,,한식 음식점업,2005-01-01,12월
주식회사엘앤엘컴퍼니,L&Lcompany,엘앤엘컴퍼니, ,이동헌,기타법인,220111-0249194,869-81-02949,"제주특별자치도 제주시 노연로 24 (노형동, 엠버호텔센트럴)", ,,호텔업,2023-03-01,12월
주식회사 엘에스씨푸드,"LSC Food CO,.Ltd",엘에스씨푸드, ,"정기옥, 곽한민",기타법인,110111-3712828,217-81-24119,"서울특별시 노원구 동일로 1021 501호(공릉동, 하이서울빌딩)",www.lscfood.co.kr,,기관 구내식당업,2007-07-01,12월
(주)엘에프메니지먼트,LF Management,엘에프메니지먼트, ,이은호,기타법인,180111-1558535,896-88-02921,부산광역시 사상구 백양대로768번길 63-6 (덕포동), ,,호텔업,2024-04-24,12월
주식회사 엘케이매니지먼트,"LK Management Co.,Ltd",엘케이매니지먼트, ,홍성진,기타법인,110111-6100989,566-81-00381,"강원도 강릉시 창해로 307 (강문동, 세인트존스호텔)",https://stjohns.co.kr/,,호텔업,2016-06-24,12월
주식회사 엘티알,LTR co.Ltd,엘티알, ,안현섭,기타법인,180111-1124948,662-86-00893,부산광역시 해운대구 해운대로 230 (재송동), ,,한식 육류요리 전문점,2017-11-16,12월
주식회사 엠시에타호텔광명,"M-cieta Hotel Gwangmyeong Co.,Ltd.",엠시에타호텔광명, ,황성환,기타법인,134911-0105147,352-88-02270,경기도 광명시 신기로 22 (일직동), ,,호텔업,2021-04-21,12월
(주)엠에스에이코퍼레이션,msacorpration,엠에스에이코퍼레이션, ,채승호,기타법인,110111-0561567,105-81-29811,"서울특별시 마포구 월드컵북로 328 (상암동, 엠에스에이빌딩)",-,,한식 음식점업,1988-01-01,12월
주식회사 엠에프지코리아,MFG Korea Co. Ltd,엠에프지코리아, ,윤나라,기타법인,110111-5483542,261-81-16391,서울특별시 중구 동호로15길 31 (신당동) 종하빌딩 B동,www.madforgarlic.com/,,서양식 음식점업,2014-08-05,12월
주식회사 엠엔엠레저코리아,M&M leisure korea,엠엔엠레저코리아, ,맹정환,기타법인,284111-0171284,816-81-00758,경기도 남양주시 화도읍 북한강로 1630-18 (금남리),www.wavesurf.co.kr/,,음식점 및 주점업,2017-03-23,12월
엠오에이치개발 (주),moh ,엠오에이치개발, ,김봉수,기타법인,110111-1221566,214-81-97331,서울특별시 서초구 서초동1598-3르네상스1201, ,,호텔업,1995-12-13,12월
엠제이부티끄 주식회사 ,"MJ Boutique Co., LTD.",엠제이부티끄, ,민준홍,기타법인,110111-6172772,408-86-15166,서울특별시 송파구 석촌호수로 220 (석촌동) 6층 엠제이부티끄(주),www.mjboutique.kr/,,커피 전문점,2016-09-08,12월
주식회사 엠제이오,corp. mjo,엠제이오, ,이명진,기타법인,110111-6067246,325-88-00377,서울특별시 중랑구 송림길 13 (상봉동) 1층, ,,음식점업,2016-05-20,12월
엠즈씨드주식회사,"m''s seed Co., Ltd.",엠즈씨드, ,권익범,기타법인,110111-5149904,211-88-95935,서울특별시 강남구 도산대로75길 22 (청담동),https://www.baristapaulbassett.co.kr/index.pb,https://www.baristapaulbassett.co.kr/whatsNews/notice/List.pb,비알코올 음료점업,2013-06-03,12월
주식회사 엠클래스컨벤션,Mclassconvention.INC,엠클래스컨벤션, ,김성환,기타법인,134111-0200422,138-81-64593,"경기도 안양시 동안구 호계동 1051 평촌올림픽스포츠센터 6층, 7층",8081@mclassconvention.com,,서양식 음식점업,2011-01-03,12월
주식회사 엠티푸드시스템,"MT FoodSystem Co.,Ltd.",엠티푸드시스템, ,조준모,기타법인,110111-8191259,156-81-02300,서울특별시 용산구 백범로99길 50 (한강로1가) 엠티푸드, ,,한식 일반 음식점업,2022-02-08,12월
주식회사 엠파이어관광호텔,empirehotel,엠파이어관광호텔, ,기훈호,기타법인,200111-0163372,410-81-75385,광주광역시 광산구 임방울대로800번길 25,www.empirehotel.co.kr,,호텔업,2002-09-26,12월
주식회사 엠파이어 에프앤비,empirefnb,엠파이어에프앤비, ,박상원,기타법인,180111-0800739,606-86-37600,부산광역시 북구 만덕대로 23 (덕천동),www.polarlexbuffet.com,,한식 음식점업,2012-05-02,03월
(주)엣세두에,"Essedue Co., Ltd.",엣세두에, ,송재승,기타법인,110111-1889306,211-86-91634,서울특별시 강남구 봉은사로 469 (삼성동) 15층, ,,커피 전문점,2000-02-25,12월
주식회사 여수예술랜드,YEOSUARTLAND.CO.LTD,여수예술랜드, ,박미숙,기타법인,206211-0049136,417-81-46372,전라남도 여수시 돌산읍 우두1길 12-10,www.yeosuartland.co.kr,,휴양콘도 운영업,2013-04-16,12월
(주)여수오션관광호텔,YOCEAN HOTEL.CO.LTD,여수오션관광호텔, ,한연수,기타법인,206211-0020681,417-81-23705,전라남도 여수시 덕충동 61-25번지,hirider@naver.com,,호텔업,2001-07-12,12월
주식회사 여행박사플러스,Doctortour Plus Corporation,여행박사플러스, ,윤태석,기타법인,110111-6785822,856-88-00978,서울특별시 강남구 도산대로 153 (신사동), ,,호텔업,2018-06-20,12월
(주)연림,"Yeon Lim Co.,Ltd",연림, ,이연주,기타법인,180111-0667139,607-81-88859,부산광역시 기장군 기장읍 시랑리 170-65, ,,비알코올 음료점업,2009-04-07,12월
연세대학교송도캠퍼스제이기숙사 (주),"YIC The Second Dormitory Co.,Ltd.",연세대학교송도캠퍼스제이기숙사, ,김현정,기타법인,120111-0688616,131-86-55744,"인천광역시 연수구 송도과학로 85 (송도동, 연세대학교국제캠퍼스)", ,,숙박업,2013-12-27,02월
연전개발주식회사,"YEONJUN Development Co., Ltd ",연전개발, ,황기철,기타법인,170111-0016700,502-81-07871,"대구광역시 동구 동부로26길 5 (신천동, 부띠끄시티테라스) 상가219호", ,,호텔업,1982-09-27,12월
(주)연정개발,Yeonjeong,연정개발, ,송지연,기타법인,170111-0443896,502-86-13835,대구광역시 동구 동부로30길 12 (신천동), ,,커피 전문점,2011-11-18,12월
주식회사 열해당,-,열해당, ,조종철,기타법인,220111-0096735,616-86-00527,제주특별자치도 제주시 월랑로 59 (노형동),-,,호텔업,2012-11-05,12월
영동레저산업주식회사,Youngdong Leisure company.,영동레저산업, ,이준학,기타법인,110111-0309123,120-81-02465,"서울특별시 강남구 봉은사로 507 (삼성동, 우림보보카운티오피스텔) 608호",www.youngdongleisure.co.kr,,출장 음식 서비스업,1982-01-21,12월
(주)영진관광,"YoungJin tourism co.,ltd",영진관광, ,윤영진,기타법인,180111-0964246,760-88-00037,부산광역시 연제구 과정로 161 (연산동),없음,,호텔업,2015-03-26,12월
(주)영천관광호텔,YONGCHUNHOTEL,영천관광호텔, ,정태호,기타법인,134711-0002797,125-81-04565,경기도 평택시 신장동 304-14, ,,호텔업,1987-05-22,12월
영풍개발주식회사,"YOUNGPOONG DEVELOPMENT CO.,LTD",영풍개발, ,최광림,기타법인,180111-0379809,621-81-46200,부산광역시 남구 백운포로 14 (용호동), ,,한식 일반 음식점업,2005-02-17,12월
영현개발주식회사,YOUNGHYUN,영현개발, ,전현배,기타법인,200111-0575733,345-88-01268,전라남도 목포시 통일대로 10 (상동), ,,숙박업,2019-10-14,12월
예래클리프개발주식회사,YERE CLIFF DEVELOPMENT CORP. LTD,예래클리프개발, ,이병혁,기타법인,224111-0020764,616-81-98536,제주특별자치도 서귀포시 예래해안로 550 (상예동),hiddencliff.kr,,호텔업,2012-07-20,12월
(주)예승,"YESEUNG.co.,ltd",예승, ,후선준,기타법인,220111-0092444,616-81-95956,제주특별자치도 제주시 노연로 24 (노형동), ,,호텔업,2012-05-25,12월
오라호텔,ora hotel,오라호텔, ,최태환,기타법인,134511-0667145,271-81-03398,"경기도 용인시 기흥구 죽전로 29 (보정동, 포레스트프라자) 6층 6102호", ,,호텔업,2024-01-10,12월
오렌지개발 주식회사,"Orange Development Co.,Ltd",오렌지개발, ,"김용길, 김연희, 김지영, 김현호",기타법인,224111-0027900,345-88-00046,제주특별자치도 서귀포시 이어도로 1032 (서호동),www.goldonehotel.com,,호텔업,2015-03-11,12월
(주)오름에프앤비,oreum fnb,오름에프앤비, ,김유진,기타법인,110111-7352597,538-87-01596,"서울특별시 강남구 삼성로95길 23 (삼성동, 남양빌딩)", ,,한식 일반 음식점업,2020-01-10,12월
주식회사 오리지널팬케이크하우스코리아,"THE ORIGINAL PANCAKE HOUSE KOREA CO.,LTD.",오리지널팬케이크하우스코리아, ,전현준,기타법인,110111-5304326,109-86-45351,"서울특별시 중구 서소문로11길 50 5층 505호(서소문동, 신아빌딩)",www.originalpancakehouse.co.kr/,,서양식 음식점업,2014-01-07,12월
(주)오발탄에프에스,OBALTAN FS,오발탄에프에스, ,이헌룡,기타법인,110111-3821968,214-88-20582,서울특별시 강남구 역삼로5길 22 (역삼동),www.hiobaltan.com,,한식 일반 음식점업,2008-01-11,12월
(주)오션벨리,"oceanvalley co.,ltd",오션벨리, ,강두수,기타법인,144511-0001945,227-81-07155,강원도 양양군 양양읍 일출로 127-30,www.econdo.net,,휴양콘도 운영업,2000-08-01,12월
오션블루발리(주),Oceanbluebali.co.Ltd,오션블루발리, ,김창철,기타법인,110111-3371369,105-86-87344,서울특별시 강남구 논현동 61-6 지안빌딩 4층,www.oceanbluebali.com,,휴양콘도 운영업,2006-01-03,12월
오션플러스 주식회사,"OCEAN PLUS CO., LTD.",오션플러스, ,정재원,기타법인,110111-4323765,302-88-02260,"서울특별시 중구 남대문로1길 26-3 4,5층 (북창동, 위더스빌딩)", ,,출장 음식 서비스업,2021-03-31,12월
오송호텔 주식회사,Osong Hotel,오송호텔, ,홍성진,기타법인,150111-0177275,317-81-37078,충청북도 청원군 오창읍 중심상업로 20 (양청리) 거묵빌딩 303호, ,,호텔업,2013-07-24,12월
오양관광(주),OYANG TOURIST,오양관광, ,유제운,기타법인,110111-0141351,215-81-02706,"서울특별시 송파구 오금로11길 11-11 (방이동, 실론호텔)", ,,호텔업,1973-02-26,12월
(주)오에이치,OH,오에이치, ,신종억,기타법인,170111-0740515,436-87-01723,대구광역시 달서구 달서대로 467 (호산동), ,,호텔업,2019-10-01,12월
오일관광(주),"OIL TOURIST CO.,LTD.",오일관광, ,이준정,기타법인,110111-0023137,201-81-48299,"서울특별시 중구 마른내로 71 (인현동1가, 오일관광(주)호텔피제이)", ,,호텔업,1970-04-29,12월
오크밸리리저브주식회사,"OAKVALLEY RESERVE Co. ,Ltd.",오크밸리리저브, ,조영환,기타법인,141211-0051816,224-81-47857,"강원도 원주시 지정면 오크밸리1길 66 (월송리, 한솔오크밸리)", ,,휴양콘도 운영업,2010-05-06,12월
주식회사 오투리조트,o2resort,오투리조트, ,"신명호, 김영윤",기타법인,144811-0011097,222-81-13889,"강원도 태백시 서학로 861 (황지동, 오투리조트)",www.o2resort.com,,일반 및 생활 숙박시설 운영업,2001-12-08,12월
(주)오티비즈,OTBIZ,오티비즈, ,이성용,기타법인,180111-1041746,805-88-00330,부산광역시 중구 대청로 107 (대청동2가), ,,호텔업,2016-07-01,12월
(주)오페라,OPERA,오페라, ,"전긍수, 최경섭",기타법인,160111-0100141,305-81-38735,대전광역시 서구 탄방동 587, ,,한식 음식점업,2002-07-01,12월
(주)오페라하우스컨벤션센터,Opera house wedding hall,오페라하우스컨벤션센터, ,강섭,기타법인,211111-0017641,401-81-25450,전라북도 군산시 대명동, ,,비알코올 음료점업,2004-03-11,12월
주식회사 오픈테이블,"OPENTABLE CO., LTD.",오픈테이블, ,홍성철,기타법인,110111-5715177,824-86-00114,"서울특별시 송파구 올림픽로 269 205호 (신천동, 롯데캐슬골드)",openjamsil.modoo.at/,,한식 일반 음식점업,2015-05-06,12월
주식회사 오호라프로젝트,O'hora project Inc.,오호라프로젝트, ,"이윤미, 박덕진",기타법인,110111-7440251,136-87-02012,"서울특별시 종로구 창경궁로27길 27-1 (명륜3가, 명륜쎄레노)", ,,일식 음식점업,2020-03-27,12월
옥포공영주식회사,"okpo welfare services management & consulting co., ltd",옥포공영, ,배문한,기타법인,194911-0000262,612-81-01247,경상남도 거제시 아주동 1번지,http://www.okpo.co.kr,,기관 구내식당업,1982-09-01,12월
(주)온양관광호텔,"ONYANG HOT SPRING HOTEL Co., Ltd",온양관광호텔, ,김종하,기타법인,164811-0027701,312-81-64018,"충청남도 아산시 온천대로 1459 (온천동, 온양관광호텔)",www.onyanghotel.co.kr,,호텔업,2003-07-29,12월
(주)온양팔래스호텔,onyang palace hotel ,온양팔래스호텔, ,이병채,기타법인,110111-2271651,107-86-02851,충청남도 아산시 온천동 228-1,onyangpalacehotel.co.kr,,호텔업,2001-07-01,12월
온유랜드 주식회사,OnYouLand,온유랜드, ,유희범,기타법인,110111-1137276,205-81-31714,충청북도 충주시 앙성면 가곡로 1500 (능암리), ,,숙박업,2002-03-07,12월
주식회사 온율,"ONYUL CO.,LTD.",온율, ,이정아,기타법인,161511-0322077,640-87-02428,충청남도 천안시 서북구 불당25로 152 (불당동), ,,한식 육류요리 전문점,2022-06-17,12월
(주)올림피아스위트,OLYMPIA SUITE CO. LTD.,올림피아스위트, ,서건웅,기타법인,110111-0209167,102-81-05391,서울특별시 종로구 평창동 108-2,OLYMPIA.CO.KR,,호텔업,1977-06-25,12월
주식회사 올림픽개발,OLYMPIC DEVELOPMENT CO.,올림픽개발, ,김영진,기타법인,110111-2744426,210-81-47974,서울특별시 강남구 논현동 91-3 삼안빌딩 906호,www.elfpension.com,,기타 일반 및 생활 숙박시설 운영업,2003-03-25,12월
(주)올마루,"All Maru Co., Ltd.",올마루, ,이창섭,기타법인,110111-7321203,402-86-15853,"서울특별시 종로구 효자로 49 (창성동, 온지음)", ,,한식 음식점업,2019-12-05,12월
주식회사 올킹,Allking inc.,올킹, ,정정희,기타법인,134511-0364767,631-81-01253,경기도 용인시 기흥구 동백죽전대로 557 (동백동), ,,음식점업,2018-08-30,12월
올투딜리셔스,All to Dealicious,올투딜리셔스, ,정한석,기타법인,110111-5469641,113-86-87684,"서울특별시 강남구 테헤란로 503 (삼성동, 옥산빌딩) 14층 1405호", ,,음식점 및 주점업,2014-07-22,12월
주식회사 와이시너지,"Y Synergy Co.,Ltd.",와이시너지, ,최용학,기타법인,110111-5770006,245-88-00111,"서울특별시 강남구 테헤란로108길 42 (대치동, 엠디엠타워)", ,,기타 일반 및 생활 숙박시설 운영업,2015-07-07,12월
와이씨앤티(주),YC&T,와이씨앤티, ,최지원,기타법인,110111-4129080,211-88-29492,"서울특별시 구로구 디지털로32길 72 (구로동, 포포인츠바이쉐라톤서울구로)", ,,일반 및 생활 숙박시설 운영업,2009-07-02,12월
와이에스인베스트먼트주식회사,YS Investment Corp.,와이에스인베스트먼트, ,오진국,기타법인,134511-0101218,142-81-00792,경기도 용인시 기흥구 고매동 30-18, ,,휴양콘도 운영업,2006-04-29,12월
와이에프코리아,"YF KOREA CO.,LTD.",와이에프코리아, ,박두병,기타법인,110111-2022848,220-81-93117,서울특별시 강남구 역삼동 824-21 상경빌딩 9층,http://www.swensen.co.kr,,서양식 음식점업,2000-07-21,12월
(주)와이티산업개발,Inc. YT Industrial Development,와이티산업개발, ,오용석,기타법인,110111-5265479,215-87-86687,서울특별시 광진구 천호대로 560 (능동), ,,호텔업,2013-11-20,12월
주식회사 와이피하우스앤비치클럽, YPHOUSE&BEACHCULB,와이피하우스앤비치클럽, ,박순애,기타법인,206211-0082350,663-81-02400,"전라남도 여수시 돌산읍 진모1길 29-26 (평사리) 1405-50,1405-51,1405-101,1405-151,1405-188",clubyp-hotel.com/,,기타 일반 및 생활 숙박시설 운영업,2021-11-18,12월
왕림개발주식회사,"WANGLIM Co,.Ltd",왕림개발, ,문종철,기타법인,135511-0102827,134-81-51311,경기도 화성시 봉담읍 삼천병마로 1093,www.greenparkwedding.com,,간이음식 포장 판매 전문점,1999-12-31,12월
주식회사 외식365,"oesik365 co., ltd",외식365, ,유민철,기타법인,180111-1376523,514-86-02097,부산광역시 동래구 동래로 65 (명륜동) 외식365 대게좋은날, ,,한식 일반 음식점업,2021-07-12,12월
(주)용암산업개발,"Yongam industry development.Inc.,",용암산업개발, ,정한태,기타법인,170111-0224923,504-81-48709,경상북도 경산시 압량면 금구길 23, ,,호텔업,2002-10-02,12월
주식회사 용우매니지먼트,-,용우매니지먼트, ,오정택,기타법인,110111-1333080,120-81-71318,서울특별시 강남구 삼성동 141-10, ,,호텔업,1997-03-01,12월
용월개발(주),"Yong Wol development co.,ltd",용월개발, ,김윤기,기타법인,110111-1144354,123-81-77999,인천광역시 남동구 구월동 1472-1, ,,여관업,1995-04-01,12월
주식회사 용진,Yongjin co. ltd.,용진, ,최준경,기타법인,110111-4936625,104-86-43377,"서울특별시 중구 을지로12길 11 (을지로3가, 삼정빌딩)", ,,숙박업,2012-11-01,12월
용창산업(주),yongchang,용창산업, ,"오상준, 오기창",기타법인,110111-0154271,116-81-02753,서울특별시 영등포구 은행로 62 (여의도동),www.yoidohotel.co.kr,,호텔업,1973-10-26,12월
주식회사 우담,woodam co.kr,우담, ,이종철,기타법인,194211-0198821,608-81-92133,경상남도 김해시 번화1로44번길 11 (대청동) 더테라스 1층, ,,여관업,2012-04-12,12월
(주)우리들리조트제주,WOORIDUL RESORT JEJU,우리들리조트제주, ,이승열,기타법인,110111-1064396,111-81-23700,"제주특별자치도 서귀포시 산록남로 2914 (상효동, 우리들골프장)",wooridulresort.com,,휴양콘도 운영업,1995-04-01,12월
(주)우리머천다이징,woorimerchandising,우리머천다이징, ,유광현,기타법인,110111-3127291,120-86-75468,제주특별자치도 제주시 한경면 판포4길 41-41 (판포리), ,,기타 일반 및 생활 숙박시설 운영업,2004-12-20,12월
우림레저개발(주),WOO LIM LEISURE EVOLUTION CO.LTD,우림레저개발, ,심영섭,기타법인, ,314-81-15134,대전광역시 유성구 덕명동 41,www.woolim.com,,휴양콘도 운영업,1996-04-01,12월
우양산업개발 주식회사,"Wooyang lndustry Development Co.,Ltd.",우양산업개발, ,조영준,기타법인,110111-0198542,104-81-04006,"서울특별시 중구 퇴계로 212 6층(필동2가, 대한극장)", ,,호텔업,1976-07-08,12월
우정스포츠레저주식회사,"WOO JUNG SPORTS LEISURE CO.,LTD.",우정스포츠레저, ,전병상,기타법인,110111-0242266,111-81-09241,서울특별시 서대문구 연희동 194-30,www.woojungplaza.co.kr,,출장 음식 서비스업,1984-08-22,12월
주식회사 우주,"Woo Ju Co.,Ltd.",우주, ,이찬석,기타법인,220111-0006162,616-81-04663,제주특별자치도 북제주군 조천읍 함덕리 1035,www.hotelsunshinejeju.com,,호텔업,1988-12-24,12월
(주)우주앤터프라이즈,-,우주앤터프라이즈, ,권오규,기타법인,110111-0399546,204-81-37433,경기도 과천시 별량동1-15,-,,호텔업,1996-10-24,12월
(주)우창홀딩스,"Woochangholdings Co.,Ltd.",우창홀딩스, ,이한림,기타법인,110111-1067407,211-87-02443,서울특별시 강남구 논현로 647 (논현동), ,,호텔업,1994-08-18,12월
주식회사웅지생활관관리,spc corporation,웅지생활관관리, ,문기현,기타법인,110111-3358705,110-81-72950,경기도 파주시 탄현면 웅지로144번길 73, ,,기숙사 및 고시원 운영업,2005-12-13,12월
주식회사 워커힐,WALKERHILL Inc.,워커힐, ,유용종,기타법인,110111-0142854,207-81-00314,서울특별시 광진구 광장동 21,www.walkerhill.co.kr,,호텔업,1963-04-08,12월
(주)원더플러스,JEJUWONDERRESORT,원더플러스, ,유미경,기타법인,224111-0012505,616-81-56119,제주특별자치도 서귀포시 법환동 978, ,,휴양콘도 운영업,2006-04-24,12월
(주)원데이타,"Onedata Co.,LTd.",원데이타, ,양종운,기타법인,110111-4843010,119-86-55007,"서울특별시 강서구 마곡중앙6로 45 311-312호 (마곡동, 리더스퀘어마곡)",www.onedata.co.kr,,한식 육류요리 전문점,2012-04-13,12월
주식회사 원스텝,"ONE STEP GARDEN CO.,LTD",원스텝, ,웨이핑,기타법인,220111-0252246,790-87-02422,제주특별자치도 제주시 연동12길 4 (연동), ,,휴양콘도 운영업,2023-05-01,12월
(주)원앤온니에이엠씨,One & Only AMC,원앤온니에이엠씨, ,김진성,기타법인,110111-4199439,105-87-36935,서울특별시 마포구 동교로17길 46-13 (서교동),hotelamanti.com,,호텔업,2009-10-15,12월
원영,WONYOUNG,원영, ,김우협,기타법인,284911-0244209,591-86-02056,경기도 양주시 장흥면 권율로309번길 67-22 (석현리), ,,기타 일반 및 생활 숙박시설 운영업,2021-03-02,12월
(주)월드원,world one co.ltd,월드원, ,심동남,기타법인,200111-0125299,410-81-61519,광주광역시 서구 치평동 1218-3,hotelcentral.co.kr,,일반 및 생활 숙박시설 운영업,2001-06-28,12월
(주)월향,"Wolhyang co.,ltd",월향, ,이여영,기타법인,110111-4762583,106-86-90425,서울특별시 중구 세종대로21길 40 2층(태평로1가), ,,한식 일반 음식점업,2012-12-13,12월
(주)웨딩헤너스,weddinghenus,웨딩헤너스, ,주명자,기타법인,110111-4992784,217-81-39290,서울특별시 동대문구 망우로 61 웨딩헤너스 웨딩홀,www.weddinghenus.com,,한식 일반 음식점업,2012-11-01,12월
(주)웰리브,welliv.corp,웰리브, ,유광종,기타법인,194911-0013843,612-81-22539,"경상남도 거제시 옥포로 122 5층 (옥포동,하모니센터)",https://www.welliv.co.kr,,기관 구내식당업,2005-02-01,12월
웰리치개발(주),Wellichchosunhotel & Casino,웰리치개발, ,신득일,기타법인,171211-0027100,505-81-30560,경상북도 경주시 신평동 410-2,www.chosunhotel.com,,호텔업,2001-10-01,12월
주식회사 웰스프레쉬,"wellsfresh Co., Ltd",웰스프레쉬, ,오원근,기타법인,120111-0607749,121-86-16540,"경기도 성남시 중원구 사기막골로45번길 14 B동 10층 1002호(상대원동, 성남우림라이온스밸리)", ,,기관 구내식당업,2012-04-16,12월
(주)웰푸드팜,"Wellfoodfarm Co., Ltd.",웰푸드팜, ,류일우,기타법인,165011-0056804,776-87-00490,충청남도 아산시 영인면 월선길 20-42 (월선리),wellfoodfarm.com,,제과점업,2016-12-16,12월
주식회사 위드펫,WITHPET,위드펫, ,신도억,기타법인,180111-1026285,821-88-00365,"부산광역시 해운대구 해운대해변로197번길 12 (우동, 더펫텔프리미엄스위트)",thepetel.com/,,숙박업,2016-03-28,12월
(주)윈,win,윈, ,소재영,기타법인,180111-0839754,607-86-07701,부산광역시 연제구 거제천로154번길 56 (연산동), ,,숙박업,2013-03-14,12월
(유)유기개발,Yuki Development Ltd.,유기개발, ,황철선,기타법인,110114-0106440,203-81-32532,"서울특별시 서초구 사평대로26길 48 (반포동, 미성빌딩)", ,,한식 음식점업,1981-08-10,12월
주식회사 유니,unihotel jeju,유니, ,김후자,기타법인,230111-0099232,610-81-69106,제주특별자치도 제주시 애월읍 애월해안로 656 (구엄리),www.unihotel.kr,,호텔업,2003-10-22,12월
주식회사 유니리조트개발,"UNI RESORT DEVELOPEMNT CO., LTD",유니리조트개발, ,이장원,기타법인,145211-0027417,635-88-02059,강원도 홍천군 북방면 팔봉산로 1759 (원소리), ,,휴양콘도 운영업,2021-04-09,12월
(주)유니온브릿지홀딩스,"union bridege holdings co., ltd.",유니온브릿지홀딩스, ,임희목,기타법인,110111-0800543,108-81-16052,경기도 의정부시 장암동 135,www.islandcastle.net,,휴양콘도 운영업,1997-09-22,12월
(주)유니크서울,AJU IP&TRL,유니크서울, ,이국형,기타법인,110111-3728362,220-87-52520,"서울특별시 동대문구 이문로 192 (이문동, 유니크바이포레)", ,,기타 일반 및 생활 숙박시설 운영업,2007-08-06,12월
주식회사유림인터내셔널,Uurim Int,유림인터내셔널, ,정석,기타법인,124411-0218661,182-87-01016,경기도 김포시 태장로795번길 147,www.staviahotel.com,,호텔업,2018-08-28,12월
(주)유비즈,"UBIZ Co., Ltd.",유비즈, ,신성민,기타법인,230111-0213452,610-86-24050,울산광역시 남구 문수로483번길 14 (신정동), ,,호텔업,2013-10-08,12월
유성관광개발 주식회사,YOUSUNG HOTEL,유성관광개발, ,김영문,기타법인,160111-0005367,314-81-00719,"대전광역시 유성구 온천로 20 (봉명동, 신성빌딩) 505호",www.yousunghotel.com,,호텔업,1977-04-25,12월
유성온천개발(주),"YUSONG HOT SPRING DEVELOPMENT CO,.LTD",유성온천개발, ,이재하,기타법인,160111-0018568,314-81-02094,"대전광역시 유성구 온천로 33 (봉명동, 유성온천대온탕)",www.hoteladria.co.kr,,호텔업,1989-09-05,12월
유성컨벤션뷔페(주),yuseongconventionbuffet,유성컨벤션뷔페, ,권영준,기타법인,160111-0328040,314-86-38641,대전광역시 유성구 온천북로 77 (봉명동),yswed.co.kr,,한식 음식점업,2012-07-24,12월
유씨앤파트너스(주),"UC&Partners Co.,Ltd.",유씨앤파트너스, ,마쓰자키카즈시,기타법인,110111-3708885,120-87-16694,서울특별시 강남구 삼성동 157-27 경암빌딩 18층, ,,일반 및 생활 숙박시설 운영업,2007-07-01,12월
주식회사 유아이,UI,유아이, ,윤광재,기타법인,141211-0071921,224-81-64365,강원도 원주시 건강로 4 (반곡동), ,,호텔업,2014-08-08,12월
유아이플러스주식회사,yuiplus,유아이플러스, ,김헌주,기타법인,170111-0552845,514-81-97833,대구광역시 달성군 화원읍 명천로27길 86 (천내리), ,,호텔업,2015-01-08,12월
주식회사 유에이치씨,UHC,유에이치씨, ,박성재,기타법인,110111-6343547,136-86-00642,서울특별시 중구 명동8가길 42-1 (충무로2가),uhsuite.co.kr,,기타 일반 및 생활 숙박시설 운영업,2017-03-28,12월
유일산업(주),YouEal.co,유일산업, ,김순애,기타법인,115611-0001691,128-81-03828,경기도 파주시 광탄면 마장리 83-10,,,기타 일반 및 생활 숙박시설 운영업,1985-07-01,12월
유진엠(주),Eugene M,유진엠, ,이수혁,기타법인,110111-2894073,107-86-41946,"서울특별시 영등포구 의사당대로1길 34 8층 (여의도동, 인영빌딩)",www.eugenem.co.kr,,기관 구내식당업,2003-11-12,12월
(주)은빛,"EUN BIT Co.,Ltd",은빛, ,문대식,기타법인,230111-0076264,610-81-50868,울산광역시 동구 전하1동 312-12, ,,호텔업,2001-06-20,12월
주식회사 은종,eun jong,은종, ,김종성,기타법인,220111-0005091,616-81-03946,제주특별자치도 제주시 연동 261-23 그레이스호텔, ,,호텔업,1988-09-01,12월
주식회사 이너스,INUS CO. Ltd,이너스, ,이승오,기타법인,175211-0076145,258-87-02651,경상북도 구미시 산호대로29길 13-19 (옥계동), ,,여관업,2022-07-21,12월
주식회사 이더블유에스(EWS),EWS Inc.,이더블유에스(EWS), ,김광민,기타법인,110111-7366001,398-88-01452,"서울특별시 용산구 한남대로 91 (한남동, 나인원한남)지하2층 5호", ,,일식 음식점업,2020-01-22,12월
이도밸류평택 주식회사,"Yidovaluepyeongtaek Co., Ltd.",이도밸류평택, ,정종찬,기타법인,120111-1412949,254-87-03624,경기도 평택시 현덕면 평택호3길 63 (권관리), ,,중식 음식점업,2024-09-25,12월
이도클럽디대구 주식회사,"YIDO CLUBD DAEGU CO., LTD.,",이도클럽디대구, ,정종찬,기타법인,170111-0895972,380-86-02913,"대구광역시 동구 동부로26길 6 (신천동), 3층", ,,호텔업,2023-02-06,12월
주식회사 이든에프엔비,EDFNB,이든에프엔비, ,윤원준,기타법인,110111-8170112,672-88-02290,"서울특별시 금천구 디지털로9길 68 116~118호 (가산동, 대륭포스트타워5차)", ,,서양식 음식점업,2022-01-18,12월
(주)이랜드이츠,"ELAND EATS Co., Ltd.",이랜드이츠, ,황성윤,기타법인,110111-7155412,514-86-01083,"인천광역시 미추홀구 염전로 336 2층 2-1, 2-2호", ,,서양식 음식점업,2019-07-01,12월
(주)이랜드파크,ELAND PARK LIMITED,이랜드파크, ,윤성대,기타법인,144411-0000098,227-81-00735,강원도 고성군 토성면 신평골길 8-25, ,,휴양콘도 운영업,1982-10-25,12월
(주)이로버리더스클럽,ERBLeadersclub,이로버리더스클럽, ,유덕재,기타법인,121111-0059692,130-81-55085,서울특별시 서초구 양재동 275-1 삼호물산 A동 302호,www.leadersclub.or.kr,,한식 음식점업,2008-12-10,12월
주식회사 이루다,IRUDA,이루다, ,안준교,기타법인,134811-0249591,135-86-24976,경기도 안양시 만안구 만안로 71 (안양동)512-10,www.hoteliruda.com,,호텔업,2014-11-26,12월
이룸생명과학 주식회사,"IRoom.co,.Ltd",이룸생명과학, ,한영순,기타법인,110111-1872806,119-81-35516,서울특별시 관악구 신림8동 1655-43 대광빌딩2F,www.516shopping.com,,기관 구내식당업,2000-02-07,12월
주식회사 이목,imok,이목, ,김태웅,기타법인,180111-1488526,819-88-02638,부산광역시 동래구 명륜로112번가길 22 (명륜동), ,,숙박업,2023-04-28,12월
주식회사 이삼,"LEESAM Co., Ltd",이삼, ,홍종대,기타법인,190111-0047892,608-81-48618,경상남도 마산시 산호동 8-2, ,,호텔업,2002-08-01,12월
이스트베이주식회사,"East Bay Co., Ltd.",이스트베이, ,차세영,기타법인,180111-0909961,605-86-27924,"부산광역시 부산진구 중앙대로 668 (부전동, 에이원플라자) 711호", ,,호텔업,2014-04-21,01월
이스트웨스트 주식회사,EASTWEST Co.,이스트웨스트, ,조수봉,기타법인,180111-1039593,518-88-00396,"부산광역시 영도구 봉래나루로 82 (봉래동1가, 라발스호텔부산)", ,,호텔업,2016-06-16,12월
(주)이에스리조트클럽,"ES RESORT CLUB CO., LTD.",이에스리조트클럽, ,이종용,기타법인,110111-1163198,220-81-20900,서울특별시 강남구 역삼동 837-7번지 혜주빌딩, ,,휴양콘도 운영업,1995-06-01,05월
(주)이에스오리엔트,esorient,이에스오리엔트, ,이종용,기타법인,110111-2679540,220-86-54201,서울특별시 강남구 역삼1동 837-11 유니온센터 2003, ,,휴양콘도 운영업,2002-12-26,12월
이제이레저 주식회사,E J leisure,이제이레저, ,최원진,기타법인,145111-0013468,224-81-63255,강원도 횡성군 우천면 한우로 1295 (하대리), ,,음식점 및 주점업,2014-05-30,12월
이지앤스토리 주식회사,"EZNstory Co.,Ltd.",이지앤스토리, ,김상용,기타법인,110111-6020799,160-87-00341,"서울특별시 구로구 디지털로34길 43 1103호 (구로동, 코오롱싸이언스밸리1차)",www.eznstory.com,,휴양콘도 운영업,2016-04-04,12월
주식회사 이티앤제우스,ET & ZEUS Inc.,이티앤제우스, ,정인태,기타법인,110111-3439240,214-87-88381,서울특별시 서초구 양재2동 오토갤러리 금관 430호,www.bulgogibros.com,,음식점업,2006-04-13,12월
(주)이팝,E-pop,이팝, ,구충남,기타법인,134511-0456738,887-81-02082,"경기도 고양시 일산서구 킨텍스로 255 (대화동, 일산디엠시티스카이뷰) 103동 4704호", ,,한식 음식점업,2020-05-14,12월
주식회사 이흥용과자점,LEEHEUNGYONG BAKERY Inc.,이흥용과자점, ,이흥용,기타법인,180111-0915299,617-86-18511,부산광역시 금정구 금샘로 379-1 (구서동) 4층, ,,제과점업,2014-05-27,12월
주식회사 익산그랜드팰리스호텔,IKSAN GRAND PALACE HOTEL,익산그랜드팰리스호텔, ,"김문심, 김경선",기타법인,134511-0153988,214-88-76882,"전라북도 익산시 목천로1길 9 (평화동, 그랜드호텔)",www.iksangrandhotel.co.kr,,호텔업,2010-12-01,12월
(주) 인디브리움,indibrium,인디브리움, ,"정해성, 정경민",기타법인,200111-0417662,410-87-07384,광주광역시 서구 상무대로956번길 6 (쌍촌동) 별관, ,,호텔업,2015-01-13,12월
(주)인세인,HOTEL ACACIA ,인세인, ,손형석,기타법인,110111-3872309,104-86-14004,"서울특별시 중구 동호로 360 (을지로5가, 아카시아호텔)",www.hotelacacia.co.kr,,호텔업,2008-09-01,12월
주식회사 인스파이어인티그레이티드리조트,Inspire Integrated Resort,인스파이어인티그레이티드리조트, ,Chen Si,기타법인,120111-0762874,496-86-00049,"인천광역시 중구 공항문화로 127 (운서동, 인스파이어)", ,,호텔업,2015-06-01,09월
(주)인앤아웃,Kiheung Corporation,인앤아웃, ,엄정욱,기타법인,134511-0025989,135-81-25422,"경기도 용인시 기흥구 공세로 173 (공세동, 기흥휴게소)", ,,간이음식 포장 판매 전문점,1997-12-05,12월
인터내셔날클럽매니지먼트그룹(주),"International Club Management Group Co., Ltd.",인터내셔날클럽매니지먼트그룹, ,김복우,기타법인,110111-1093907,211-86-05540,서울특별시 영등포구 여의도동12번지,www.seoulcityclub.co.kr,,출장 음식 서비스업,1994-10-28,12월
(주)인터내셔널시티스퀘어,"international city square Co.,ltd.",인터내셔널시티스퀘어, ,한정윤,기타법인,180111-1130432,175-87-00912,부산광역시 부산진구 황령대로7번길 20-11 (범천동), ,,호텔업,2017-12-18,12월
(주)인터불고엑스코,"Inter Burgo Exco Co.,Ltd",인터불고엑스코, ,이진수,기타법인,170111-0779390,271-86-01643,대구광역시 북구 유통단지로 80,www.ibhotel.com,,호텔업,2020-07-08,12월
(주)인터하우스커뮤니케이션,Interhouse Communication,인터하우스커뮤니케이션, ,이상욱,기타법인,115911-0064750,128-81-70123,경기도 평택 현덕면 권관리 536-26,start-hotel.co.kr,,호텔업,2002-04-02,12월
주식회사인토외식산업,INTO FOOD SYSYTEM.HK,인토외식산업, ,이효복,기타법인,110111-2320317,211-86-81359,서울특별시 강동구 길동 388-3 와바빌딩3층,www.wabar.co.kr,,음식점 및 주점업,2001-08-30,12월
(주)인포아트,Infoart corporation,인포아트, ,박성호,기타법인,110111-1759822,203-81-64975,서울특별시 종로구 명륜동2가 8-28 국제빌딩 5층,http://www.infoart.com,,서양식 음식점업,1999-08-25,12월
(주)인피니트,"Infinite Co., Ltd.",인피니트, ,용치우,기타법인,134311-0047953,489-86-02205,"경기도 남양주시 화도읍 북한강로 1602-21 (금남리, 리버데일101동)", ,,호텔업,2021-03-18,12월
(주)일동인터내쇼날,IL DONG INTERNATIONAL,일동인터내쇼날, ,용옥화,기타법인,110111-1425994,203-81-24177,서울특별시 중구 필동2가 134-2, ,,치킨 전문점,1997-06-13,03월
일성레저산업(주),"ILSUNG LEISURE INDUSTRIES CO., LTD",일성레저산업, ,이규표,기타법인,110111-0645402,105-81-40612,"서울특별시 강남구 봉은사로 411 (삼성동, 서정빌딩)",WWW.ILSUNGCONDO.CO.KR,,호텔업,1989-08-25,12월
일성리조트 주식회사,Ilsung Condominium,일성리조트, ,박성수,기타법인,110111-1679294,101-81-48140,서울특별시 서대문구 충정로2가 사조산업빌딩 4층 406호 일성리조트, ,,휴양콘도 운영업,1999-04-12,12월
(주)일연인베스트먼트,ILYEON INVESTMENT,일연인베스트먼트, ,안교식,기타법인,110111-2974429,214-87-59436,서울특별시 서초구 양재2동 오토갤러리 금관 306호, ,,기타 일반 및 생활 숙박시설 운영업,2004-09-23,12월
일진리조트주식회사,ILJIN RESORT,일진리조트, ,박상현,기타법인,165111-0019975,888-81-01596,충청남도 태안군 태안읍 기업도시9길 205 (송암리), ,,휴양콘도 운영업,2019-11-28,12월
자자호텔(주),"ZAZA Hotel Co.,Ltd.",자자호텔, ,박성일,기타법인,161511-0138515,312-86-36327,충청남도 천안시 서북구 성정공원5로 60 (성정동), ,,호텔업,2012-02-20,12월
(주)장산우가,JANGSANWOOGA,장산우가, ,지용섭,기타법인,180111-0634146,617-81-72029,부산광역시 해운대구 우동 641-4, ,,한식 음식점업,2008-05-22,12월
장안동산개발(주),"JANGAN REAL PROPERTY Co., Ltd.",장안동산개발, ,강두연,기타법인,110111-0191447,209-81-02259,"서울특별시 성북구 도봉로 1 (길음동, 베누스타)", ,,한식 음식점업,1976-02-07,12월
주식회사 재욱,Jae Wook co. Ltd,재욱, ,유병일,기타법인,110111-4890574,217-81-43076,서울특별시 성북구 아리랑로 6-5 (동선동4가), ,,호텔업,2012-06-14,12월
(주)재원푸드,JAEWON FOOD,재원푸드, ,오현준,기타법인,110111-2161034,220-86-04977,"서울특별시 서초구 반포대로 22 (서초동, 서초평화빌딩) 10층",www.jaewonfood.co.kr,,김밥 및 기타 간이 음식점업,2001-02-05,12월
주식회사 잭과 콩나무,jack&kongnamu,잭과콩나무, ,김기상,기타법인,110111-8544151,665-88-02685,"서울특별시 강남구 강남대로 588 (논현동, 렉스관광호텔)", ,,음식점업,2023-02-01,12월
주식회사 잼버리리조트,"jamboreeresort CO.,LTD",잼버리리조트, ,김성택,기타법인,144411-0007789,227-81-19710,강원도 고성군 토성면 잼버리동로 583-20 (용촌리),www.lakeoceanresort.com,,휴양콘도 운영업,2012-11-01,12월
저스트슬립호텔 동탄역점 주식회사,JUST SLEEP HOTEL DONGTANSTATION,저스트슬립호텔동탄역점, ,박순민,기타법인,120111-1092725,219-81-32084,"경기도 화성시 동탄대로11길 83 (오산동) 6,7층", ,,기타 일반 및 생활 숙박시설 운영업,2020-08-18,12월
전앤코(주),"JUNNCO CO.,LTD",전앤코, ,전계형,기타법인,110111-4672500,214-88-84548,"서울특별시 성동구 성수이로 96 (성수동2가, 1층)", ,,호텔업,2011-09-26,12월
전원산업주식회사,"CHEONWON INDUSTRY CO., LTD.",전원산업, ,최태영,기타법인,110111-0095516,209-81-00606,서울특별시 서초구 논현로 79 (양재동),없음,,호텔업,1968-10-14,12월
전자관웨딩프라자,junjakumweddingplaza,전자관웨딩프라자, ,박재범,기타법인,170111-0256108,504-81-54384,대구광역시 북구 산격2동 유통단지전자관 4층 전자관웨딩프라자,www.대구웨딩.kr/,,한식 음식점업,2004-07-01,03월
주식회사 전주코아호텔,CoreHotel.CO.LTD,전주코아호텔, ,곽재호,기타법인,210111-0012155,418-81-06733,전라북도 전주시 덕진구 서노송동 627-3, ,,호텔업,1993-04-01,12월
전주코아호텔,CoreHotel.CO.LTD,전주코아호텔, ,강성민,기타법인,210111-0013822,418-81-08366,전라북도 전주시 완산구 노송광장료 51 (서노승동), ,,호텔업,1994-08-01,12월
(주)전한,JUNHAN,전한, ,최종만,기타법인,110111-2807430,210-81-49502,"서울특별시 서초구 반포대로 111 (서초동, 보광빌딩) 4층 (주)전한",www.sullai.com,,한식 음식점업,2003-06-25,12월
정림개발주식회사,"JUNGLIM DEVELOPEMENT CO., LTD.",정림개발, ,김영문,기타법인,110111-0299639,109-81-36070,서울특별시 강서구 방화대로 94 (외발산동),mayfield.co.kr,,호텔업,1981-07-13,12월
(주)정상북한산리조트,"jungskngbukhansan.co.,ltd",정상북한산리조트, ,박상천,기타법인,180111-1172765,201-88-01158,부산광역시 동래구 쇠미로 222-13 (온천동), ,,일반 및 생활 숙박시설 운영업,2018-08-30,12월
(주)정오아카데미,JUNGOH ACADEMY,정오아카데미, ,한정석,기타법인,110111-2183989,210-81-33524,서울특별시 도봉구 도봉로110길 39-16 (창동) 3층, ,,기관 구내식당업,2001-03-01,12월
주식회사 정우푸드,JUUNWOOFOOD,정우푸드, ,백태진,기타법인,161411-0016804,316-81-08342,"서울특별시 서초구 서초중앙로 63 (서초동, 리더스빌딩)", ,,기관 구내식당업,2006-06-12,12월
주식회사 정원개발,JUNG  WON  HOTEL,정원개발, ,박정우,기타법인,181211-0010476,620-81-02363,부산광역시 사하구 당리동 302-1, ,,호텔업,1989-03-18,12월
(주)정정당당,"JUNGJUNGDANGDANG,Inc.",정정당당, ,이종은,기타법인,135711-0052789,126-81-77697,서울특별시 송파구 올림픽로 553 (풍납동), ,,한식 음식점업,2004-03-11,12월
주식회사정진홈푸드,JEONGJIN HOMEFOOD,정진홈푸드, ,김형채,기타법인,204611-0024801,416-81-55413,전라남도 광양시 백운로 1111 (중동), ,,기관 구내식당업,2007-03-02,12월
주식회사 제석관광,je suk tourist corp.,제석관광, ,서동열,기타법인,201311-0008185,416-81-15764,전라남도 순천시 장천동15-9,royaltourist.co.kr,,호텔업,1996-10-01,12월
제이더블유웨딩컨벤션주식회사,"JW Wedding Convention Co, LTD.",제이더블유웨딩컨벤션, ,최정우,기타법인,195511-0152440,615-81-95424,경상남도 김해시 김해대로 2449 삼정동 삼어택지개발지구 14B 7L, ,,서양식 음식점업,2012-09-20,12월
(주)제이디씨,(주)JDC,제이디씨, ,이동열,기타법인,284911-0061538,141-81-07211,경기도 파주시 탄현면 성동리 666-3,www.bmhotel.co.kr,,여관업,2007-01-01,12월
(주)제이디앤드디,"JD&D CO. , Ltd",제이디앤드디, ,현종필,기타법인,110111-4696633,105-87-63543,서울특별시 종로구 종로16길 28 (관철동),hotelmong@naver.com,,숙박업,2011-12-15,12월
주식회사 제이디파트너스,JD PARTNERS Inc.,제이디파트너스, ,최성락,기타법인,220111-0090133,616-81-93768,"제주특별자치도 서귀포시 태평로431번길 3 (서귀동, 디아일랜드블루오피스텔)", ,,호텔업,2012-03-01,12월
주식회사 제이비그룹,JBgroup,제이비그룹, ,"전병린, 정지인",기타법인,180111-1353331,294-86-02102,부산광역시 해운대구 구남로12번길 31 (우동), ,,호텔업,2021-04-05,12월
주식회사 제이스퀘어호텔,JSQUAREHOTEL,제이스퀘어호텔, ,오동주,기타법인,191111-0069093,771-81-00265,경상남도 진주시 솔밭로 107 (상대동),www.jsquarehotel.com,,호텔업,2016-01-04,12월
(주)제이아이디,INC.JID,제이아이디, ,정미옥,기타법인,210111-0085417,418-81-41517,"전라북도 전주시 덕진구 백제대로 752 301호(인후동2가, 모닝타워)", ,,여관업,2012-08-23,12월
주식회사 제이알더블유,"JRW, INC.",제이알더블유, ,이지용,기타법인,110111-3536525,108-81-76929,서울특별시 마포구 백범로 130 뉴한일빌딩 3층,www.ontheborder.co.kr,,서양식 음식점업,2006-10-11,12월
주식회사 제이앤에스인부산,"J&S in Busan Co.,Ltd.",제이앤에스인부산, ,신재영,기타법인,110111-5917575,763-87-00228,"서울특별시 영등포구 국제금융로 10 (여의도동, 서울국제금융센터) Three IFC 47층", ,,호텔업,2015-12-15,12월
제이앤제이컴퍼니 주식회사,J&J COMPANY LTD.,제이앤제이컴퍼니, ,정혜린,기타법인,230111-0362382,154-81-02435,울산광역시 남구 삼산로392번길 8 (삼산동) 10층, ,,호텔업,2021-11-12,12월
주식회사 제이에스레저산업,jsboutiquehotel,제이에스레저산업, ,문병권,기타법인,134811-0291419,135-86-40428,경기도 화성시 큰재봉길 31-9 (석우동) JS부티크호텔,www.jsboutiquehotel.com,,호텔업,2014-01-27,12월
주식회사 제이에스에프앤비,JS F&B,제이에스에프앤비, ,김준수,기타법인,110111-5511848,220-88-87730,"서울특별시 강남구 강남대로106길 29 (역삼동, 유니켐) 1층", ,,서양식 음식점업,2014-09-12,12월
(주)제이에스지,JSG,제이에스지, ,송홍구,기타법인,161511-0051527,312-81-57079,"충청남도 천안시 서북구 직산읍 남산2길 221 (남산리, (주)제이에스지)", ,,기관 구내식당업,2002-08-01,12월
(주)제이에이치레전드호텔,JH hotel legend,제이에이치레전드호텔, ,김홍철,기타법인,160111-0033194,314-81-06426,대전광역시 유성구 계룡로141번길 21 (봉명동),www.legendhoel.co.kr,,호텔업,1992-10-30,12월
(주)제이엠더블유인터내셔날,JMW INTERNATIONAL,제이엠더블유인터내셔날, ,최재욱,기타법인,110111-3291567,215-86-74831,서울특별시 송파구 백제고분로45길 18 지하2층 (송파동), ,,서양식 음식점업,2005-08-22,12월
제이제이케터링(주),J&J Catering.Co..Ltd,제이제이케터링, ,JIN ANTHONY,기타법인,110111-1342693,211-86-44086,서울특별시 강남구 신사동 625-11 세종빌딩,www.jjfs.co.kr/jj/,,기관 구내식당업,1996-11-18,12월
제일흥업주식회사,JeilHungUp Incorporated,제일흥업, ,가나자와겐지,기타법인,195111-0000291,615-81-00776,경상남도 창녕군 부곡면 온천중앙로 77 (거문리),www.bugokhawaii.co.kr,,호텔업,1982-04-01,12월
제주금시 주식회사,JEJU GOLDEN TIME,제주금시, ,TANG JUNZHE,기타법인,220111-0118935,616-86-22948,"제주특별자치도 서귀포시 대포중앙로 41 102동 504호(대포동, 더바른 오피스텔)", ,,호텔업,2014-10-17,12월
주식회사 제주아이브,"jeju i''ve, Inc,.",제주아이브, ,황요록,기타법인,224111-0019022,616-81-88339,"제주특별자치도 서귀포시 산록남로 1966-34 (영남동, 제주아이브)",www.jejuive.com,,기타 일반 및 생활 숙박시설 운영업,2011-08-26,12월
제주아일랜드호텔리조트,JEJU ISLAND HOTEL RESORT,제주아일랜드호텔리조트, ,박장록,기타법인,220111-0058371,616-81-58612,제주특별자치도 북제주군 애월읍 고성리 863, ,,호텔업,2006-11-06,12월
주식회사 제주애서,JEJUAESEO,제주애서, ,송재철,기타법인,224111-0026853,616-86-24475,제주특별자치도 서귀포시 동홍로 244 제주특별자치도 서귀포시 동홍동 1001, ,,호텔업,2014-11-27,12월
주식회사 제주하버뷰호텔,JEJUHARBORVIEW,제주하버뷰호텔, ,이옥희,기타법인,224111-0046702,334-87-01368,제주특별자치도 서귀포시 남원읍 태위로 108 (위미리), ,,호텔업,2019-02-19,12월
제주항공우주호텔 주식회사,"Jeju Aero Space Hotel Co.,Ltd.",제주항공우주호텔, ,박민용,기타법인,224111-0021308,616-86-00075,제주특별자치도 서귀포시 안덕면 녹차분재로 216 (서광리), ,,숙박업,2012-10-25,12월
(주)제주협재콘도미니엄,Jeju Hyubjae Condo,제주협재콘도미니엄, ,이윤진,기타법인,220111-0031645,616-81-34551,제주특별자치도 북제주군 한림읍 협재리,hj.clickjeju.net,,휴양콘도 운영업,2001-07-01,12월
(주)조선관광호텔,CHOSUN TOURIST HOTEL,조선관광호텔, ,임각순,기타법인,151111-0018840,303-81-32211,충청북도 충주시 상모면 온천1리 109-1,http://www.suanbo.co.kr,,호텔업,2002-02-21,12월
(주)조선호텔앤리조트,JOSUN HOTELS AND RESORTS,조선호텔앤리조트, ,최훈학,기타법인,110111-0003999,104-81-27386,"서울특별시 중구 소공로 106 (소공동, 웨스턴 조선 호텔)",www.echosunhotel.com,,호텔업,1967-08-08,12월
조양개발(주),marinahotel,조양개발, ,이원호,기타법인,110111-0675219,211-81-55481,서울특별시 서초구 강남대로18길 16-12 (양재동),marinahotel.co.kr,,일반 및 생활 숙박시설 운영업,1990-03-01,12월
주식회사 조이마당,JOY MADANG,조이마당, ,류재욱,기타법인,284911-0208578,581-81-01375,서울특별시 서초구 사평대로55길 56 501호, ,,서양식 음식점업,2019-09-03,12월
(주)종로크라운,jongno crown,종로크라운, ,김관식,기타법인,110111-1118458,101-81-73033,"서울특별시 종로구 삼일대로30길 9 (낙원동, 종로크라운호텔)", ,,숙박업,2003-03-28,12월
주)엘도라도에프엔에스,"El Dorado F&S Co., Ltd.",주)엘도라도에프엔에스, ,김상범,기타법인,110111-7324611,563-87-01404,"경기도 안양시 동안구 관평로170번길 43 (관양동, 훼미리타운) 6층 601호", ,,기관 구내식당업,2019-12-15,12월
주)홍준,houng jun,주)홍준, ,이병택,기타법인,115211-0040217,127-85-55113,"경기도 의정부시 가능로152번길 14 (의정부동, 의정부1동주민센터) 평화로 558 의정부동,호텔반월",www.banwolhotel.co.kr,,기타 숙박업,2012-02-10,12월
주로인터내셔날 주식회사,juroInternational ,주로인터내셔날, ,김성용,기타법인,110111-1620635,120-81-85296,제주특별자치도 제주시 연동 276-1,www.baume.co.kr,,호텔업,2005-01-31,12월
주식회사 주리주,"JURIJU CO., LTD.",주리주, ,임순익,기타법인,135811-0226720,124-87-39103,"서울특별시 관악구 신사로 76 (신림동,길상오피스텔)", ,,여관업,2013-07-01,12월
주식회사주안기업,"Juan Corporate Co., LTD.",주안기업, ,문현만,기타법인,141111-0022835,226-81-30726,강원도 강릉시 초당동 548-4, ,,호텔업,2003-04-09,12월
주식회사 주앤진,Ltd. Ju&Jin,주앤진, ,이병진,기타법인,160111-0361602,314-86-54976,대전광역시 유성구 온천북로 14 (봉명동 537-2),stendhalhotel.co.kr/,,호텔업,2013-12-18,12월
주식회사 주영이십일,"jooyoung twenty-one co.,ltd.",주영이십일, ,이철희,기타법인,110111-0121064,106-81-03395,서울특별시 용산구 한남동 737-32,,,호텔업,1977-09-13,12월
주왕산업개발 주식회사,"Joowang Industry and Development Co., Ltd.",주왕산업개발, ,오동근,기타법인,220111-0094896,616-81-98671,제주특별자치도 서귀포시 성산읍 한도로 269-37,thecloudhotel.co.kr,,휴양콘도 운영업,2012-08-20,12월
주식회사 중문관광어촌,Sea-Village,중문관광어촌, ,윤미자,기타법인,110111-0533087,105-81-32897,서울특별시 마포구 서교동 371-10,없음,,호텔업,1988-03-25,06월
주식회사 중문랜드,jungmunland,중문랜드, ,김용국,기타법인,224111-0020491,616-81-96732,제주특별자치도 서귀포시 소보리당로164번길 62 (상예동), ,,한식 음식점업,2013-02-01,12월
주식회사중앙하이츠개발,centeral heights development,중앙하이츠개발, ,조승규,기타법인,110111-0713605,105-81-66233,서울특별시 마포구 염리동 172-2, ,,휴양콘도 운영업,1990-07-27,12월
주식회사 중원미디어,media.co,중원미디어, ,"송재건, 송관휘",기타법인,110111-0525729,208-81-22723,"서울특별시 종로구 종로41길 25 3층 (종로6가, 한덕빌딩)",joongwon16@hanmail.net,,호텔업,1987-03-30,12월
주식회사 중원산업,"JOONGWON INDUSTRY CO.,Ltd",중원산업, ,송재건,기타법인,150111-0076849,301-81-72352,"충청북도 청주시 청원구 충청대로 114 (율량동, 라마다프라자청주)", ,,호텔업,2003-11-11,12월
주식회사 즐거운세상,Funworld Inc.,즐거운세상, ,김성곤,기타법인,170111-0241703,502-81-68897,대구광역시 수성구 달구벌대로 2889 (연호동), ,,한식 음식점업,2003-02-06,12월
지금경주 주식회사,NOW_GYEUNGJU,지금경주, ,양준호,기타법인,171211-0130614,812-86-02647,"경상북도 경주시 보문로 407 (신평동, 경주조선온천호텔)", ,,일반 및 생활 숙박시설 운영업,2022-07-22,12월
(주)지냄,JIENEM,지냄, ,이준호,기타법인,110111-5462273,220-88-83511,"부산광역시 해운대구 달맞이길 30 3층 3041호(중동, 엘시티)",jienem.com,,기타 일반 및 생활 숙박시설 운영업,2014-07-10,12월
(주)지리산스파월드,"JIRISAN SPAWORLD CO.,LTD",지리산스파월드, ,임범수,기타법인,204511-0003998,416-81-73857,전라남도 구례군 산동면 관산리 683,www.spaland.co.kr,,기타 일반 및 생활 숙박시설 운영업,2010-08-06,12월
지리산온천관광개발주식회사,JIRIMOUNTAIN SPALAND LTD.,지리산온천관광개발, ,최완숙,기타법인,180111-0080745,621-81-04651,부산광역시 금정구 부곡동 891, ,,기타 일반 및 생활 숙박시설 운영업,1988-06-13,12월
주식회사 지붕,JI BOONG Corporation,지붕, ,이아정,기타법인,144511-0011895,516-87-00772,강원도 양양군 현남면 인구중앙길 10 (인구리),coralloyangyang.com,,기타 일반 및 생활 숙박시설 운영업,2018-01-19,12월
(주)지비오에프에스,-,지비오에프에스, ,한윤희,기타법인,110111-3181289,215-86-68227,"경기도 의왕시 고산로 8 (고천동, ㈜지비오)",-,,김밥 및 기타 간이 음식점업,2005-03-04,12월
지쓰리관광 주식회사,G3 TOUR,지쓰리관광, ,"임광수, 임재헌",기타법인,110111-8806832,580-88-02972,서울특별시 중구 충무로 7 (필동1가),www.g3hotel.co.k,,호텔업,2023-12-01,12월
(주)지아고,"Giago Co.,Ltd",지아고, ,정성교,기타법인,180111-0146159,606-81-50253,부산광역시 부산진구 부전동 517-65,-,,호텔업,2001-03-26,12월
주식회사 지에프에프지,CAFE KNOTTED,지에프에프지, ,이준범,기타법인,110111-8354998,248-81-00620,서울특별시 강남구 도산대로53길 15 (신사동),www.instagram.com/cafeknotted/,,음식점 및 주점업,2017-06-12,12월
지엘디앤씨(주),GL DNC CO. LTD,지엘디앤씨, ,이찬범,기타법인,200111-0299458,409-86-15096,광주광역시 광산구 쌍암동 686-2, ,,기타 숙박업,2010-06-15,12월
지투관광 주식회사,G2 TOUR,지투관광, ,"임광수, 이낙영",기타법인,110111-6670073,514-86-00726,서울특별시 중구 수표로 24 (저동2가), ,,호텔업,2018-02-26,12월
(주)지프러스,G-PLUS,지프러스, ,홍문선,기타법인,141211-0025910,224-81-27225,강원도 원주시 판부면 서곡리 548, ,,휴양콘도 운영업,2002-11-23,12월
진산애셋에이치앤엠(유),"Jinsan Asset H&M, LLC",진산애셋에이치앤엠, ,장흥선,기타법인,180114-0006886,101-85-11035,서울특별시 종로구 내수동 167 세종로 대우빌딩 14층,-,,호텔업,1999-07-10,12월
진산호텔앤리조트(주),"Jinsan Hotel&Lesort Co.,Ltd",진산호텔앤리조트, ,강용,기타법인,180111-0767137,606-81-22489,부산광역시 해운대구 중동 1405-16,www.novotelbusan.com,,호텔업,1999-06-25,12월
주식회사 진성관광개발,"Jinsung Tourst Development Co., Ltd",진성관광개발, ,조기조,기타법인,110111-3010793,114-86-36247,"경기도 성남시 분당구 서현로180번길 29 1층 (서현동, 진성빌딩)", ,,호텔업,2004-05-12,12월
주식회사 진솔원,JINSOLWON,진솔원, ,지용석,기타법인,175411-0010496,511-81-19352,경상북도 문경시 문경읍 팔영길 368-30 (팔영리), ,,휴양콘도 운영업,2010-10-21,12월
진양기업(주),JIN YANG ENTERPRISE CO.LTD,진양기업, ,이귀식,기타법인,120111-0041822,121-81-13359,인천광역시 중구 신흥동 3가 29번지,무,,호텔업,1987-07-27,12월
진원관광주식회사,Jin Won Tourist Co.,진원관광, ,신기수,기타법인,124311-0011356,130-81-12674,경기도 부천시 소사구 심곡본동 560, ,,호텔업,1975-07-18,12월
(주)진주랑,"JINJURANG CO.,LTD",진주랑, ,이성태,기타법인,110111-1348914,108-81-15238,"경기도 성남시 중원구 갈마치로 302 비동 505호 (상대원동, 성남우림라이온스밸리5차)", ,,기관 구내식당업,1996-12-04,12월
(주)진주랑푸드서비스,"Jinjurang Foodservice Co., Ltd.",진주랑푸드서비스, ,이성태,기타법인,170111-0639552,169-86-00695,경기도 안성시 원곡면 새터1길 55-7 (내가천리), ,,기관 구내식당업,2017-04-13,12월
주식회사 진풍푸드서비스,jinpoong food service co.ltd,진풍푸드서비스, ,이충건,기타법인,110111-1444176,215-81-64911,서울특별시 강남구 논현로 38 (개포동 다우빌딩(,www.jpfs.co.kr,,기관 구내식당업,1997-08-01,12월
(주)진하호텔리조트,jinharesort,진하호텔리조트, ,백승용,기타법인,230111-0229079,610-86-30682,울산광역시 울주군 서생면 진하7길 7 (진하리),www.jinharesort.co.kr,,호텔업,2014-10-14,12월
진호 주식회사,Jin ho INC,진호, ,이병택,기타법인,124411-0338295,119-88-02673,경기도 김포시 태장로795번길 151 (장기동) 레스트호텔,www.gimpo-rest.jalib.site,,호텔업,2022-07-20,12월
차이나테디주식회사,"China Teddy co.,Ltd",차이나테디, ,박영조,기타법인,220111-0105669,616-86-10030,"제주특별자치도 서귀포시 안덕면 서광동로34번길 204 129호 (서광리, 테디팰리스)", ,,휴양콘도 운영업,2013-09-16,12월
창신리조트사이판 주식회사,Changshin Resort Saipan Corp.,창신리조트사이판, ,김도식,기타법인, ,660500375,서울특별시 도봉구 창동,www.hrssaipan.com,,호텔업,1990-11-21,12월
천원개발(주),"Choenwon Development Co.,Ltd.",천원개발, ,이채형,기타법인,134611-0080048,362-87-00461,경기도 안성시 양성면 안성맞춤대로 2134-36, ,,기타 일반 및 생활 숙박시설 운영업,2016-08-12,12월
청남,cheong nam,청남, ,석두숙,기타법인,160111-0419518,572-86-00284,전라북도 무주군 설천면 만선1로 116 (심곡리),mujustay.com,,음식점 및 주점업,2018-02-28,12월
(주)청산물산,"CHUNG SAN CO.,LTD.",청산물산, ,정홍덕,기타법인,110111-5407930,201-86-38821,"서울특별시 중구 충무로 23-1 (충무로3가, 비스테이명동)",www.stayb.co.kr,,호텔업,2014-04-01,12월
주식회사 청안빌리지,"chungan Co., Ltd.",청안빌리지, ,김한규,기타법인,110111-5876010,855-87-00167,"제주특별자치도 제주시 원노형2길 19-2 (노형동, 청안)", ,,호텔업,2015-10-29,12월
청오디피케이(주),DOMINOS PIZZA KOREA,청오디피케이, ,"오광현, 김영훈",기타법인,110111-0652118,220-81-03371,"서울특별시 강남구 역삼로25길 35 (역삼동, 청오큐브타워)",dominos.co.kr,,"피자, 햄버거, 샌드위치 및 유사 음식점업",1989-09-29,12월
(주)청옥,cheongok,청옥, ,이학수,기타법인,200111-0128318,410-81-62347,광주광역시 서구 치평동 1238-4,www.mastershotel.com,,호텔업,2001-01-30,12월
청우건설 주식회사,CHUNGWOO CONSTRUCTION,청우건설, ,이복원,기타법인,110111-0587068,123-81-63874,경기도 부천시 원미구 상동 532-21, ,,호텔업,1997-06-14,12월
주식회사 청초수,CHUNG CHO SOO CO.LTD,청초수, ,김진성,기타법인,141311-0015604,227-81-20556,강원도 속초시 엑스포로 12-36 (조양동),www.chungchosoofish.com/,,음식점 및 주점업,2013-10-29,12월
주식회사 청초수에프앤비,chungchosoof&b,청초수에프앤비, ,장성엽,기타법인,110111-7627297,284-81-01907,서울특별시 강남구 압구정로28길 24 1층(신사동), ,,한식 해산물요리 전문점,2020-09-17,12월
(주)체리비홀딩스,"153KOREA Co.,Ltd",체리비홀딩스, ,신동욱,기타법인,110111-2621286,214-87-20528,경기도 용인시 기흥구 이현로30번길 17-17 (보정동),cheogjip.co.kr,,치킨 전문점,2002-10-02,12월
주식회사 초석,chosuk,초석, ,김수진,기타법인,150111-0185088,317-81-40501,충청북도 청주시 청원구 내수읍 신기초정로 699 세종스파텔,www.cjspatel.co.kr,,호텔업,2014-07-01,12월
주식회사  충 방,Choong Bang.co.ltd,충방, ,지학재,기타법인,110111-0050833,104-81-25786,서울특별시 중구 태평로 1가 62-4,www.grand-hotel.co.kr,,호텔업,1965-02-25,12월
카시아속초호텔앤리조트 주식회사,"CASSIA SOKCHO HOTEL AND RESORT CO,. LTD.",카시아속초호텔앤리조트, ,"정덕윤, 최현진",기타법인,141311-0028938,712-86-03050,"강원특별자치도 속초시 대포항희망길 120 (대포동, 카시아속초)", ,,기타 일반 및 생활 숙박시설 운영업,2023-07-01,12월
(주)카페꼼마,"CAFECOMMA CO.,LTD",카페꼼마, ,염현숙,기타법인,110111-7487831,425-86-01672,서울특별시 마포구 포은로 49 3층(합정동),cafecomma.com,,커피 전문점,2020-05-20,12월
(주) 카후나빌,KAHUNAVILLE,카후나빌, ,조현식,기타법인,110111-2399362,201-81-69673,서울특별시 중구 충무로1가 23-1,www.kahunaville.co.kr,,서양식 음식점업,2001-12-17,12월
주식회사 칼리오페,CALLIOPE,칼리오페, ,전상우,기타법인,134511-0395225,785-81-01394,"경기도 용인시 처인구 성산로170번길 23-1 (역북동, 칼리오페)",www.calliopecorp.com/,,서양식 음식점업,2019-05-15,12월
(주)캘리스코,KALISCO Ltd.,캘리스코, ,구지은,기타법인,110111-4191055,211-88-32153,"서울특별시 강남구 역삼로 115 (역삼동, 아워홈빌딩) 2층",www.kalisco.co.kr,,한식 음식점업,2009-10-01,12월
(주)캘리포니아베이커리카페,California Bakery & Cafe Corp.,캘리포니아베이커리카페, ,박흥기,기타법인,160111-0459126,709-81-00746,"대전광역시 서구 둔산남로91번길 13 1층,2층(일부)(둔산동, 호텔디에디션)", ,,제과점업,2017-06-26,12월
주식회사 캠프통,Camptong Island,캠프통, ,남경우,기타법인,284511-0017414,385-88-00063,경기도 가평군 청평면 호반로 976 (캠프통아일랜드),www.camptong.com,,휴양콘도 운영업,2015-03-24,12월
주식회사커피베이,"APPLETREE CO., LTD.",커피베이, ,백진성,기타법인,110111-4225359,119-86-23354,"서울특별시 금천구 벚꽃로 254 (가산동, 월드메르디앙1차)  201호, 201-1호",www.appletreefc.com,,비알코올 음료점업,2009-11-23,12월
(주)케이부띠크호텔,"K Boutique Hotel Co.,Ltd.",케이부띠크호텔, ,나양자,기타법인,206211-0057436,689-81-00423,전라남도 여수시 성산3길 21-15 (화장동), ,,여관업,2016-01-04,12월
케이브이엠(주),kvm corporation,케이브이엠, ,이용수,기타법인,120111-0636813,131-86-43267,인천광역시 남동구 예술로204번길 15 (구월동), ,,호텔업,2012-11-29,12월
케이비스소르젠떼 주식회사,"KBISSORGENTE CO.,LTD",케이비스소르젠떼, ,테영진,기타법인,180111-1231660,832-87-01329,"부산광역시 사상구 광장로81번길 55 (괘법동, 소르젠떼비즈니스호텔)", ,,호텔업,2019-08-01,12월
(주)케이알에스,"KRS.CO.,LTD",케이알에스, ,김창규,기타법인,180111-1080786,562-81-00619,부산광역시 서구 송도해변로 113 (암남동), ,,호텔업,2017-02-23,12월
주식회사 케이알 코스모랜드,KR COSMOLAND.CORP,케이알코스모랜드, ,사토루 타니카도,기타법인,180111-1029370,811-88-00387,부산광역시 해운대구 해운대해변로209번가길 8 베스트 루이스 해밀턴 호텔,www.bestlouishamiltonhaeundae.com/,,호텔업,2016-04-18,12월
주식회사 케이앤에스,K&S,케이앤에스, ,김정호,기타법인,120111-0916835,790-81-00887,"인천광역시 남동구 인하로507번길 21-1 (구월동, Hotelbay204)", ,,호텔업,2018-01-15,12월
(주)케이앤엘벨리,KNL,케이앤엘벨리, ,이동경,기타법인,110111-3567463,114-86-55550,서울특별시 서초구 잠원동 1∼17 9-4 유영빌딩 5층,-,,휴양콘도 운영업,2006-11-23,12월
주식회사 케이앤피어라운드,K&P AROUND,케이앤피어라운드, ,이율비,기타법인,180111-1214624,871-88-01049,"부산광역시 기장군 장안읍 정관로 1142 (좌천리, 힐탑프리미엄아울렛) 에이동 101호,101-1호,102호,103호", ,,한식 일반 음식점업,2019-04-24,12월
(주)케이에스비케이,"KSBK Co., Ltd",케이에스비케이, ,최애경,기타법인,110111-5280675,101-86-86057,"서울특별시 강남구 언주로 821 (신사동, 금수빌딩)", ,,한식 음식점업,2013-12-20,12월
케이에이치강원개발 주식회사,"KH Gangwon Development Co., LTD.",케이에이치강원개발, ,장철원,기타법인,280211-0226916,485-81-02533,"강원도 평창군 대관령면 솔봉로 325 (용산리, 알펜시아리조트), 디216동 디216호",www.alpensia.com/main.do,,휴양콘도 운영업,2021-05-07,12월
(주)케이에이치엠아이,KHMI,케이에이치엠아이, ,백성호,기타법인,110111-7690856,485-87-02253,제주특별자치도 제주시 삼무로 57 (연동) 글로스터호텔, ,,기타 일반 및 생활 숙박시설 운영업,2020-11-20,12월
주식회사 케이에프씨코리아,"KFC Korea Co., Ltd.",케이에프씨코리아, ,신호상,기타법인,110111-3139733,201-81-89723,서울특별시 송파구 올림픽로 299 2층 케이에프씨코리아, ,,치킨 전문점,2004-12-28,12월
주식회사 케이엠이엔씨,Corp.KMENC,케이엠이엔씨, ,송관호,기타법인,220111-0129734,852-81-00093,제주특별자치도 제주시 동고산로 4 (이도이동) 101호, ,,숙박업,2015-06-15,12월
주식회사 케이엠인터내셔널코리아,KM International Korea,케이엠인터내셔널코리아, ,백요한,기타법인,140111-0096295,808-88-02394,"서울특별시 강남구 강남대로84길 23 1303-2호(역삼동, 한라클래식오피스텔)", ,,호텔업,2022-02-25,12월
주식회사 케이원관광개발,grand hillstone hotel,케이원관광개발, ,김금석,기타법인,210111-0097769,606-86-62754,"전라북도 전주시 완산구 서곡5길 22-5 (효자동3가, 그랜드힐스턴호텔)", ,,호텔업,2015-10-02,12월
주식회사 케이위드에이치,KwithH Co.Ltd,케이위드에이치, ,황지명,기타법인,180111-1569441,803-88-02934,부산광역시 수영구 남천바다로33번길 51 (광안동) 문베이 호텔, ,,호텔업,2024-07-04,12월
주식회사 케이지산업개발,KG DEVELOPMENT CORPORATION,케이지산업개발, ,이성일,기타법인,211111-0031807,401-81-42328,"전라북도 군산시 대학로 400 (나운동, 라마다군산호텔)", ,,호텔업,2011-02-23,12월
케이피오스트레일리아(주),"KP AUSTRALIA CO. , L.t.d",케이피오스트레일리아, ,김한스(KIM HANSE),기타법인,224111-0018917,616-81-87835,제주특별자치도 서귀포시 예래해안로 15 (하예동),thecove.co.kr,,호텔업,2011-07-15,12월
(주)코델리아리조트,-,코델리아리조트, ,현연정,기타법인,224111-0019733,616-81-92828,"제주특별자치도 서귀포시 성산읍 일주동로4120번길 23-20 (오조리, 코델리아리조트)",-,,기타 일반 및 생활 숙박시설 운영업,2012-01-30,12월
(주)코럴핑크,"Coral Pink co. ltd.,",코럴핑크, ,변재석,기타법인,110111-5777226,234-87-00206,"서울특별시 서초구 서초대로73길 30 102호(서초동, 서초성우빌리지)", ,,음식점업,2015-09-30,12월
(주)코레스코,koresco,코레스코, ,주영길,기타법인,110111-0535918,220-81-09638,"강원도 횡성군 우천면 전재로 254 (오원리, 코레스코)",www.koresco.kr/,,숙박업,1987-09-01,12월
(주)코리아관광호텔,koreahotel,코리아관광호텔, ,노흥준,기타법인,110111-2381939,215-86-17669,경기도 수원시 팔달구 인계동 1021 ~1050, ,,호텔업,2001-11-26,12월
주식회사 코리아나호텔,KOREANA HOTEL,코리아나호텔, ,방성오,기타법인,110111-0165369,104-81-25812,"서울특별시 중구 세종대로 135 (태평로1가, 코리아나호텔)",www.koreanahotel.com,,호텔업,1974-08-07,12월
(주)코리아밸류그로쓰호텔제4호기업구조조정부동산투자회사,"KVG H-4 CR-REIT Co., Ltd",코리아밸류그로쓰호텔제4호기업구조조정부동산투자회사, ,이영두,기타법인,110111-5993236,742-81-00535,"서울특별시 서초구 남부순환로 2477 (서초동, JWTOWER) 5층", ,,호텔업,2016-03-07,12월
주식회사 코리아홀딩스,"Koreaholdings co.,Ltd",코리아홀딩스, ,심영자,기타법인,180111-0530170,605-81-73947,제주특별자치도 서귀포시 서귀동 820-1, ,,호텔업,2005-08-31,12월
주식회사 코모도호텔,Commodore Hotel,코모도호텔, ,"신성용, 신경록",기타법인,180111-0043157,602-81-02249,"부산광역시 중구 중구로 151 (영주동, 코모도호텔)",www.commodore.co.kr,,호텔업,1972-06-12,12월
(주)코스트꼬레아,.,코스트꼬레아, ,신호경,기타법인,180111-0803543,617-81-98301,"부산광역시 해운대구 해운대해변로 257 (우동, 하버타운)901",.,,호텔업,2012-04-10,12월
(주)코코브루니,"Coco BRUNI Co., Ltd.",코코브루니, ,홍성훈,기타법인,110111-1836513,105-86-05978,서울특별시 서초구 잠원동 28 ~34 28-10 한국야쿠르트빌딩 8층,www.cocobruni.co.kr,,비알코올 음료점업,2003-03-06,12월
주식회사 코코스,"COCOS CO.,LTD",코코스, ,이한민,기타법인,110111-1232232,120-81-57640,서울특별시 강남구 대치동 1024-4,www.cocos.co.kr,,서양식 음식점업,1996-01-16,12월
(주)콩두에프앤씨,congduf&C,콩두에프앤씨, ,한윤주,기타법인,110111-4247725,101-86-52203,서울특별시 종로구 삼청로 129 (삼청동),congdu.co.kr,,한식 일반 음식점업,2009-12-23,12월
(주)퀸즈코리아,"Queens Korea CO.,Ltd.",퀸즈코리아, ,김우남,기타법인,284111-0112121,132-86-13164,경기도 남양주시 별내2로 70 (별내동), ,,호텔업,2013-01-22,12월
주식회사 큐스키친,"Q''s Kitchen, Inc.",큐스키친, ,박남식,기타법인,131111-0407170,758-81-00108,"경기도 성남시 수정구 성남대로 1298 (태평동, 4층)",uglystove.com,,서양식 음식점업,2015-04-22,12월
주식회사 크라운관광호텔,HOTEL CROWN,크라운관광호텔, ,김관식,기타법인,110111-0232291,106-81-08653,"서울특별시 용산구 녹사평대로 140 (이태원동, 크라운호텔)", ,,호텔업,1978-05-29,12월
(주)크라운에셋,"crownAsset Co.,Ltd",크라운에셋, ,이종환,기타법인,110111-0099617,104-81-25258,"서울특별시 중구 남대문로7길 19 (소공동, 삼영빌딩)",www.crownparkhotel.co.kr,,호텔업,1972-01-01,03월
주식회사 크라이치즈버거,CRYCHEESEBURGER,크라이치즈버거, ,"신지우, 정도환",기타법인,110111-6049872,589-86-00356,"서울특별시 강남구 테헤란로 620 (대치동, 미래에셋타워)", ,,"피자, 햄버거, 샌드위치 및 유사 음식점업",2013-03-18,12월
크라제인터내셔날(주),kraze International inc.,크라제인터내셔날, ,민정환,기타법인,110111-2063157,211-86-65612,"서울특별시 송파구 석촌호수로 272 (송파동, 대림빌딩)4층",www.kraze.co.kr,,한식 음식점업,2000-09-02,12월
(주)크레티,CRT.LTD,크레티, ,장영미,기타법인,180111-1238872,504-88-01343,부산광역시 기장군 기장읍 연화1길 27 (연화리),-,,호텔업,2019-09-06,12월
크루즈산업개발(주),CRUISE INDUSTRIAL DEVELOPMENT CORPORATION,크루즈산업개발, ,윤재현,기타법인,110111-5721273,193-88-00125,"서울특별시 강남구 테헤란로 425 (삼성동, 신일빌딩)12층",cruiseid.com,,호텔업,2015-05-13,12월
주식회사 크리스월드더레지던스,"Chrisworldtheresidence Co., Ltd",크리스월드더레지던스, ,길미정,기타법인,280211-0214656,288-87-01823,경기도 가평군 가평읍 북한강변로 360-91 (49-4외 7필지),chrisworld.co.kr/,,기타 일반 및 생활 숙박시설 운영업,2020-08-20,12월
크리스탈제이드코리아 주식회사,"Crystal Jade Korea. Co., Ltd",크리스탈제이드코리아, ,"김정완, 정동훈",기타법인,110111-3273309,120-86-84555,서울특별시 강남구 도산대로75길 22 (청담동) 1층 크리스탈제이드, ,,중식 음식점업,2005-07-20,12월
(주)클럽디아뜨,Club DiART,클럽디아뜨, ,유진중,기타법인,134511-0097425,135-81-83290,경기도 용인시 수지구 풍덕천 1165 샤르망오피스텔 1 406,www.clubdiart.co.kr,,휴양콘도 운영업,2006-01-12,12월
(주)클럽올레,"CLUB OLLE CO.,LTD",클럽올레, ,양창훈,기타법인,110111-3723833,101-86-33808,제주특별자치도 제주시 애월읍 신엄리 2867-3, ,,숙박업,2007-07-27,12월
(주)키즈라라,Kidslala,키즈라라, ,문팔갑,기타법인,205211-0032778,408-81-94230,전라남도 화순군 도곡면 온천1길 35,www.kidslala.co.kr,,휴양콘도 운영업,2012-01-06,12월
주식회사 키친보리에,Daedowon Corporation,키친보리에, ,박지만,기타법인,180111-0624072,603-81-67963,"부산광역시 동구 범일로 85 (범일동, 삼미85빌딩) 6층", ,,한식 음식점업,2008-03-01,12월
주식회사 키친포어스,Kitchenforus,키친포어스, ,우영창,기타법인,120111-0766941,376-86-00139,"경기도 부천시 신흥로 173 1604호(중동, 중동아크로텔)", ,,음식점 및 주점업,2015-06-18,12월
타니앤어소시에이츠,TANI AND ASSOCIATES,타니앤어소시에이츠, ,김흥기,기타법인,110111-3673583,129-86-09999,서울특별시 중구 동호로10길 16 (신당동), ,,한식 음식점업,2007-05-08,12월
주식회사 타르틴코리아,"Tartine Korea Co., Ltd",타르틴코리아, ,홍용완,기타법인,110111-6256112,357-86-00517,서울특별시 강남구 압구정로42길 50 4층 (신사동), ,,제과점업,2016-12-12,12월
(주)타워호텔,tower hotel,타워호텔, ,남철우,기타법인,110111-3133967,201-81-90308,서울특별시 중구 장충동2가 산5-5, ,,호텔업,2004-12-17,12월
주식회사 타워홀딩스,TOWER HOLDINGS,타워홀딩스, ,남이본,기타법인,110111-0098651,203-81-43306,"서울특별시 강남구 도산대로11길 22 (신사동, 브론즈22)", ,,호텔업,1969-01-27,12월
주식회사 탐라스테이,tamnastay,탐라스테이, ,한주택,기타법인,220111-0106477,616-86-16558,제주특별자치도 제주시 애월읍 애월해안로 881 (하귀2리),tamnastay.com,,호텔업,2014-01-01,12월
탑스텐빌라드애월제주 주식회사,Topsten Villadeaewol JeJu Ltd,탑스텐빌라드애월제주, ,김창환,기타법인,220111-0253559,440-81-02772,제주특별자치도 제주시 애월읍 애월해안로 516-7,www.villadeaewol.com,,호텔업,2023-05-01,12월
(주)탑위드씨디엠,Topwithcdm co.,탑위드씨디엠, ,서기종,기타법인,110111-3697111,220-87-52627,경기도 수원시 권선구 서부로1934번길 42 (구운동), ,,호텔업,2007-08-10,12월
주식회사 탑클라우드코퍼레이션,"Top Cloud Corporation Co.,Ltd.",탑클라우드코퍼레이션, ,윤영규,기타법인,110111-4848317,104-86-40875,"서울특별시 강남구 언주로 848 (신사동, 화경빌딩) 4층", ,,음식점업,2012-04-18,12월
태경에프앤지 주식회사,TAE KYUNG F&G,태경에프앤지, ,유재호,기타법인,110111-1273385,229-81-24015,"서울특별시 강서구 공항대로 467 (등촌동, 송원빌딩)",www.taekyungfng.co.kr/,,간이음식 포장 판매 전문점,1996-10-31,12월
(주)태남,TAENAM,태남, ,이승민,기타법인,180111-0772326,617-81-93266,"부산광역시 수영구 광안해변로 311 319호 (민락동, 서희스타힐스센텀프리모)", ,,일반 및 생활 숙박시설 운영업,2011-08-25,12월
태대산,tae daesan,태대산, ,홍건표,기타법인,220111-0115791,616-86-19841,제주특별자치도 제주시 월성로4길 19 (용담이동), ,,호텔업,2014-07-28,12월
태동관광개발(주),TAEDONG Tours,태동관광개발, ,최정호,기타법인,130111-0005462,124-86-13862,경기도 수원시 팔달구 인계동 1038-3, ,,호텔업,1997-10-07,12월
태라관광주식회사,TERRATOUR,태라관광, ,김성호,기타법인,110111-5014462,108-86-03474,"서울특별시 동작구 상도로 120 (상도동, 핸드픽트호텔.서울)", ,,호텔업,2012-12-03,03월
주식회사태백가야랜드,Taebak kayaland,태백가야랜드, ,김세휘,기타법인,144811-0002658,222-81-13517,강원도 태백시 소도동 47-6, ,,호텔업,2001-09-20,12월
(주)태범,"Tae Bum Co.,Ltd",태범, ,이중오,기타법인,110111-1020405,205-81-29805,"서울특별시 강남구 역삼로98길 23 (대치동, 태범빌딩)", ,,커피 전문점,1994-03-18,12월
(주) 태성골뱅이,Taesunggolbangi,태성골뱅이, ,손창우,기타법인,110111-4760587,104-86-38796,서울특별시 중구 을지로3길 35 (다동), ,,한식 일반 음식점업,2011-12-27,12월
(주)태승 이십일,TAESEUNG 21 CO.,태승이십일, ,이철희,기타법인,110111-1828966,211-86-87163,"서울특별시 강남구 언주로 640 (논현동, 임피리얼팰리스호텔)",www.imperialpalace.co.kr,,호텔업,1999-12-15,12월
태아산업주식회사,"Tae-A Industrial Co.,Ltd",태아산업, ,박문규,기타법인,154511-0013542,303-81-20748,충청북도 음성군 삼성면 용성리 산44,http://www.goodtaea.com,,간이음식 포장 판매 전문점,1998-08-03,12월
태안,TAE AN,태안, ,박영면,기타법인,134411-0002129,126-81-06038,경기도 이천 안흥 313-5,www.seolbong.co.kr,,호텔업,1988-02-11,12월
태진관광(주), ,태진관광, ,차윤희,기타법인,206211-0018743,417-81-21987,전라남도 여수시 충무동 343번지, ,,호텔업,2001-08-17,01월
주식회사태평양식품,"Tae Pyeong Yang Sea Food Co.,Ltd.",태평양식품, ,최흥규,기타법인,160111-0110356,314-81-38762,대전광역시 서구 월평동 1498,tpy3375@kornet.net,,한식 음식점업,2001-01-12,12월
태화 주식회사,TAE HWA CORP.,태화, ,이강영,기타법인,214911-0001934,403-81-02676,전라북도 익산시 약촌로8길 62-21, ,,기관 구내식당업,1981-12-29,12월
(주)태훈,TAEHOON CO.,태훈, ,김수연,기타법인,110111-4974576,220-88-46762,서울특별시 강남구 강남대로92길 13 (역삼동), ,,호텔업,2012-10-08,12월
주식회사 터루,teoroo Ltd,터루, ,우희명,기타법인,110111-8547303,412-81-57160,서울특별시 강남구 테헤란로25길 10 (역삼동) 지하2층, ,,호텔업,2023-02-08,12월
주식회사 터존,TERZONE,터존, ,김옥원,기타법인,160111-0250996,314-86-02110,전라북도 전주시 덕진구 송천동1가 292-7 전주센트럴파크1-1블럭동 101,www.terzone.co.kr/,,한식 음식점업,2008-11-28,12월
주식회사 테이스터스,"Tasters CO.,LTD",테이스터스, ,서경원,기타법인,110111-5313723,106-87-05191,"서울특별시 마포구 토정로 316 4층 (용강동, 성진빌딩)",www.basburger.net/,,"피자, 햄버거, 샌드위치 및 유사 음식점업",2014-01-10,12월
테크노밸리호텔주식회사,Technovalley hotel,테크노밸리호텔, ,안현호,기타법인,160111-0339261,314-86-43260,대전광역시 유성구 테크노중앙로 57 (관평동),www.hoteltechnovalley.com/,,호텔업,2013-01-17,12월
(주) 토마토크루즈,"TOMATO CRUISE CO., LTD.",토마토크루즈, ,윤효선,기타법인,131111-0117993,129-81-93134,부산광역시 해운대구 우동 1443 지선, ,,호텔업,2004-06-04,12월
주식회사 토비스레저개발,"Tovice Leisure Development., Co. LTD",토비스레저개발, ,이교정,기타법인,110111-1634115,220-81-57464,서울특별시 강남구 역삼동 773-3, ,,휴양콘도 운영업,1999-01-14,12월
(주)토비스레저산업,"Tovice Leisure Industry Co., ltd",토비스레저산업, ,이교정,기타법인,110111-0784565,220-81-02921,서울특별시 강남구 역삼동 773-3 영광빌딩 9층 901호,www.etovice.com,,휴양콘도 운영업,1991-06-21,12월
(주)토비스리조트,TOVICE RESORT,토비스리조트, ,이교정,기타법인,110111-3231240,220-87-09886,서울특별시 강남구 역삼동 773-3 영광빌딩 6층, ,,휴양콘도 운영업,2005-05-19,12월
(주)토비스알앤씨,"Tovice R&C Co., ltd",토비스알앤씨, ,이교성,기타법인,110111-0419021,220-81-02896,서울특별시 강남구 역삼동 773-3 영광빌딩 7 층,www.etovice.com,,휴양콘도 운영업,1986-02-27,12월
(주)토비스지앤지,tovice g&g co.ltd,토비스지앤지, ,이교정,기타법인,110111-3340364,220-87-21895,서울특별시 강남구 역삼동773-3, ,,휴양콘도 운영업,2006-01-01,12월
주식회사 토속촌삼계탕,tosokchon,토속촌삼계탕, ,정성훈,기타법인,110111-8176649,236-87-02438,"서울특별시 종로구 자하문로5길 5 (체부동, 토속촌)",www.tosokchon.co.kr/,,한식 일반 음식점업,2021-11-01,12월
주식회사  통,Tong cafe,통, ,양승룡,기타법인,131211-0033238,126-86-50072,"경기도 여주시 세종로 338 (교동, 여주대학)  마로니에공원내", ,,커피 전문점,2012-03-07,12월
주식회사 통나무집닭갈비,Tongnamudakgalbi,통나무집닭갈비, ,"김성인, 김성철",기타법인,140111-0052586,221-81-44128,강원도 춘천시 신북읍 신샘밭로 763 (천전리) 통나무집닭갈비,www.chdakgalbi.com/,,한식 일반 음식점업,2013-07-24,12월
(주)통도,TongDo Inc.,통도, ,황석노,기타법인,234111-0129720,737-81-02749,경상남도 양산시 하북면 양산대로 2648, ,,한식 육류요리 전문점,2022-04-26,12월
투나웨딩컨벤션 주식회사, ,투나웨딩컨벤션, ,진재화,기타법인,110111-1076648,119-81-16412,경기도 부천시 원미구 상동 461 투나빌딩, ,,음식점 및 주점업,1994-09-15,12월
투썸플레이스 주식회사,"A Twosome Place Co., Ltd.",투썸플레이스, ,이영상,기타법인,110111-6648062,404-86-01054,서울특별시 중구 을지로 170 (을지로4가) 을지트윈타워 동관,https://www.twosome.co.kr,,커피 전문점,2018-02-01,12월
주식회사 트리시아에셋,trisiaasset,트리시아에셋, ,김건우,기타법인,160111-0355100,314-86-51023,충청남도 공주시 반포면 임금봉길 77-14 (학봉리), ,,여관업,2013-09-11,12월
티디에이치쓰리 주식회사,"TDH3 Co.,Ltd",티디에이치쓰리, ,양운재(Yang Chae Thomas),기타법인,170111-0660135,558-87-00757,"대구광역시 중구 국채보상로 611 (문화동, 대구시티센터) 지하2층",https://www.ambatel.com/novotel/daegu/ko/main.do,,호텔업,2017-11-06,12월
주식회사 티에스에프청춘조개본점,TSF Co. Ltd,티에스에프청춘조개본점, ,박성원,기타법인,135511-0377230,162-86-02090,"경기도 시흥시 오이도로 199-1 1,2층(정왕동)", ,,음식점업,2021-03-19,12월
티티호텔이호주식회사,titihotelsecond co.ltd,티티호텔이호, ,이원남,기타법인,180111-1238947,866-81-01408,부산광역시 부산진구 새싹로 35 (부전동), ,,호텔업,2019-09-06,12월
파고다,PAGODA,파고다, ,고효식,기타법인,135811-0105990,135-81-71474,"서울특별시 강남구 언주로 547 (역삼동, 파고다호텔)", ,,호텔업,2004-07-07,12월
주식회사 파라다이스세가사미,"PARADISE SEGASAMMY Co ., Ltd.",파라다이스세가사미, ,최종환,기타법인,120111-0620056,121-86-18441,인천광역시 중구 영종해안남로321번길 186 (운서동),www.p-city.com,,호텔업,2012-07-18,12월
주식회사 파라다이스웨딩,paradisewedding,파라다이스웨딩, ,신익재,기타법인,170111-0512485,514-81-90811,대구광역시 달서구 구마로 52,paradisewedding.co.kr/,,한식 음식점업,2013-12-01,12월
(주)파라다이스 인천,PARADISE INCHON,파라다이스인천, ,김성택,기타법인,110111-0742232,121-81-35479,인천광역시 중구 항동1가 3-2,paradise.co.kr,,호텔업,2000-04-06,12월
주식회사 파라다이스제주,"PARADISE CHEJE CO., LTD.",파라다이스제주, ,이원생,기타법인,220111-0000851,616-81-00819,제주특별자치도 서귀포시 토평동 511,www.paradise.co.kr,,호텔업,1968-12-20,12월
주식회사 파라다이스호텔 도고,Paradise Hotel Dogo,파라다이스호텔도고, ,곽좌상,기타법인,164811-0000351,312-81-01013,충청남도 아산시 도고면 기곡리 180-1,해당사항 없음,,호텔업,1971-05-06,12월
(주)파라다이스호텔부산,PARADISEHOTEL BUSAN,파라다이스호텔부산, ,최종환,기타법인,180111-0000313,618-81-00741,"부산광역시 해운대구 해운대해변로 296 (중동, 파라다이스호텔부산)",www.busanparadisehotel.co.kr,,호텔업,1969-08-07,12월
(주)파란하늘앤드지,"Blue sky and land co., ltd.",파란하늘앤드지, ,김영일,기타법인,110111-0898415,104-81-22402,서울특별시 송파구 신천동 현대타워9층 911호, ,,호텔업,1993-11-03,12월
(주)파로스관광호텔,pharos hotel.co.ltd,파로스관광호텔, ,서정태,기타법인,110111-5204287,230-81-00600,서울특별시 송파구 올림픽로10길 5 (잠실동),hjkimseoul@hanmail.net,,호텔업,2013-08-13,12월
파르나스호텔(주),"PARNAS HOTEL CO., LTD.",파르나스호텔, ,여인창,기타법인,110111-0411142,120-81-01336,서울특별시 강남구 테헤란로 521,www.parnashotel.com,,호텔업,1985-11-22,12월
(주)파워산업개발,power,파워산업개발, ,박외현,기타법인,171711-0074755,506-81-62013,경상북도 포항시 남구 중흥로57번길 6 (상도동), ,,호텔업,2007-08-24,12월
파인그로브(주),pinegrove ,파인그로브, ,박진희,기타법인,195511-0273147,321-88-02510,경상남도 김해시 번화1로67번길 20 (대청동)파인그로브호텔,경상남도 김해시 번화1로67번길 20(대청동),,기타 일반 및 생활 숙박시설 운영업,2022-09-21,12월
파크비지니스관광호텔(주),hotelparkbusiness,파크비지니스관광호텔, ,박정철,기타법인,176011-0021630,513-81-18117,경상북도 구미시 남통동 150-1번지,www.hotelparkbusiness.com,,호텔업,2000-04-20,12월
파크원호텔매니지먼트 주식회사,"PARC1 Hotel management Co.,Ltd",파크원호텔매니지먼트, ,김기섭,기타법인,110111-7393731,663-86-00955,"서울특별시 영등포구 여의대로 108 (여의도동, 파크원) 페어몬트 호텔", ,,호텔업,2017-07-28,12월
파크호텔주식회사,"HOTEL K2 Co.,LTD",파크호텔, ,고동천,기타법인,110111-5124253,107-87-93489,서울특별시 양천구 신월로 257 (신월동), ,,호텔업,2013-05-03,12월
주식회사팔공산온천관광호텔,Mt.Palgong Hot spring Tourist. Hotel,팔공산온천관광호텔, ,이상달,기타법인,170111-0196875,502-81-58098,대구광역시 동구 용수동 89-16,-,,호텔업,2001-05-15,12월
주식회사 팰리스레저산업,"Palace Leisure Industry Co., Ltd.",팰리스레저산업, ,윤민혁,기타법인,224111-0021712,616-86-02258,제주특별자치도 서귀포시 중앙로 14 제주오션팰리스호텔, ,,호텔업,2014-01-07,12월
주식회사 퍼스트그린에프앤비,"FIRST GREEN F&B Co.,Ltd.",퍼스트그린에프앤비, ,박순철,기타법인,110111-4689422,214-88-84005,"서울특별시 서초구 반포대로20길 7-4 (서초동, D&O빌딩) 2층", ,,한식 일반 음식점업,2011-09-19,12월
퍼스트민서 주식회사,firstminseo.inc,퍼스트민서, ,서민지,기타법인,140111-0051843,221-81-43338,서울특별시 강남구 언주로 619 (논현동)아이올리그린타워 5층,firstminseo.com,,호텔업,2013-12-20,12월
퍼스트쉽핑주식회사,"First Shipping Co., Ltd",퍼스트쉽핑, ,"오윤복, 김홍환",기타법인,110111-3560235,206-86-11720,서울특별시 종로구 신문로1가 광화문오피시아 1807호, ,,호텔업,2006-11-13,12월
(주)퍼시픽스타 ,PACIFIC STAR,퍼시픽스타, ,김미애,기타법인,120111-0428038,131-86-01442,인천광역시 연수구 능허대로267번길 59 (동춘동), ,,한식 일반 음식점업,2007-04-01,12월
주식회사 퍼시픽호텔,PACIFIC HOTEL,퍼시픽호텔, ,이종철,기타법인,110111-0160260,203-81-01719,"서울특별시 중구 퇴계로20길 2 (남산동2가, 퍼시픽호텔)",'-',,호텔업,1974-02-14,09월
주식회사 펀비스,"Funbis Co.,Ltd.",펀비스, ,이영일,기타법인,110111-8770144,663-86-02972,전북특별자치도 전주시 완산구 전주객사4길 74-50 비01호(고사동), ,,호텔업,2023-10-24,12월
(주)페닌슐라코리아,"PENINSULA KOREA CO.,LTD",페닌슐라코리아, ,김경화,기타법인,110111-3364067,120-86-90907,서울특별시 강남구 대치동 1005-5,www.todai.co.kr,,한식 음식점업,2005-12-21,12월
(주)평가옥푸드시스템,PYEONGGAOCK FOODSYSTEM,평가옥푸드시스템, ,이창건,기타법인,131111-0271004,129-86-54738,경기도 성남시 분당구 느티로51번길 9 (정자동),changkun1166@naver.com,,한식 일반 음식점업,2010-12-23,12월
평창개발주식회사,"PyeongChang Development Co., Ltd",평창개발, ,심근훈,기타법인,131311-0105861,125-86-09094,경기도 평택시 포승읍 여술2길 55 (도곡리), ,,휴양콘도 운영업,2013-01-02,12월
(주)포비아워스,FOURBHOURS,포비아워스, ,박영진,기타법인,110111-6175859,122-87-00558,서울특별시 강남구 삼성로63길 21 (대치동), ,,커피 전문점,2016-10-20,12월
포스타홀스,Fourstarhorse,포스타홀스, ,강봉석,기타법인,180111-1041316,596-81-00489,부산광역시 부산진구 신천대로62번길 3 (부전동)6층, ,,호텔업,2016-11-21,12월
주식회사 포씨즈,"FOURCZ Ltd.,Co.",포씨즈, ,함형철,기타법인,110111-3487215,108-81-90616,"서울특별시 서초구 방배로27길 9 (방배동, 덕산빌딩)", ,,호텔업,2006-07-03,12월
주식회사 폰타나비치호텔베니키아,FONTANA BEACH HOTEL,폰타나비치호텔베니키아, ,박은석,기타법인,201111-0033425,411-81-67869,전라남도 목포시 평화로 69 (상동),www.fontanahotel.co.kr,,호텔업,2010-11-29,12월
주식회사 폴라렉스뷔페,polarlexbuffet,폴라렉스뷔페, ,박상원,기타법인,180111-0587915,617-81-65907,부산광역시 북구 덕천2동 398-2 폴라렉스쇼핑몰 12층,www.polarlexbuffet.com,,한식 음식점업,2008-07-01,12월
주식회사 폴라리스관광호텔,Polaris Hotel,폴라리스관광호텔, ,노상원,기타법인,110111-2576019,214-87-16548,경기도 부천시 원미구 소향로13번길 27 (상동),www.polarishotel.co.kr,,호텔업,2002-07-25,12월
(주)폴라리스엠넷,POLARISMNET,폴라리스엠넷, ,이종명,기타법인,110111-4917170,211-88-81426,서울특별시 강남구 논현로 816 (신사동), ,,음식점업,2012-07-16,12월
주식회사 폴앤파트너스,"PAUL & PARTNERS CO., LTD",폴앤파트너스, ,신상범,기타법인,110111-4132083,104-86-22237,서울특별시 중구 순화동 151 순화동더샵 207-1호,www.ramadapnp.com,,호텔업,2009-07-07,12월
주식회사 푸드스타,"FoodStar, Inc.",푸드스타, ,김병홍,기타법인,110111-1739155,112-81-53041,서울특별시 관악구 남현동 1059-16,www.tgif.co.kr,,서양식 음식점업,1999-07-20,12월
(주)푸드앤갤러리,"food&gallery co.,ltd.",푸드앤갤러리, ,김지희,기타법인,116511-0034635,132-81-44420,서울특별시 용산구 이태원로 222-26 (한남동), ,,음식점업,2002-05-15,12월
주식회사 푸드온,foodon,푸드온, ,노경연,기타법인,134811-0552960,506-87-01717,"경기도 수원시 영통구 광교중앙로 170 (하동, 광교효성해링턴타워)", ,,기관 구내식당업,2020-04-14,12월
푸드웨이,"FOODWAY.CO.,LTD",푸드웨이, ,변기규,기타법인,180111-0481761,602-81-32802,부산광역시 영도구 동삼동 628-2,http://www.mokjangwon.co.kr,,한식 음식점업,2004-04-12,12월
푸디스트 주식회사,FOODIST CO.LTD,푸디스트, ,박정훈,기타법인,110111-7383526,711-81-01637,서울특별시 용산구 청파로 363 (서계동),www.efoodist.com/,,기관 구내식당업,2020-02-06,12월
(주)푸르웰,DAEWOO FOODREAM.LTD,푸르웰, ,서영근,기타법인,110111-4545624,101-86-62400,"인천광역시 연수구 센트럴로 263 (송도동, 송도국제업무단지C8-2블럭업무복합시설) IBS타워 15층",www.foodreams.co.kr,,음식점 및 주점업,2011-02-28,12월
주식회사 푸른산업,"Blue Industrial Co., Ltd",푸른산업, ,차철용,기타법인,206211-0059557,641-86-00504,"전라남도 여수시 오동도로 61-13 (수정동, 여수베네치아호텔앤리조트)",yeosuvenezia.com,,기타 일반 및 생활 숙박시설 운영업,2016-08-02,12월
푸른숲이엔티(주),POOLUNSOOPENT,푸른숲이엔티, ,전희광,기타법인,110111-4322676,114-86-80461,경기도 동두천시 천보산로 567-12 (탑동동), ,,호텔업,2010-04-19,12월
주식회사 푸른콘도,"BLUE Condo Co., Ltd",푸른콘도, ,김순여,기타법인,220111-0049700,616-81-49656,제주특별자치도 북제주군 한림읍 귀덕리 2575,www.bluecondo.kr,,휴양콘도 운영업,2004-11-17,12월
(주)풀무원푸드앤컬처,"Pulmuone Food & Culture CO., LTD",풀무원푸드앤컬처, ,이동훈,기타법인,110111-1174591,214-86-08930,"서울특별시 송파구 송파대로34길 29 (송파동, 풀무원푸드앤컬처빌딩)", ,,기관 구내식당업,1995-07-06,12월
(주)프라도관광호텔,PRADO HOTEL,프라도관광호텔, ,여운장,기타법인,200111-0170624,408-81-57161,광주광역시 남구 백운동 638-1, ,,호텔업,2003-02-11,12월
(주)프라임아이티,SMART TOURIST HOTEL,프라임아이티, ,공배,기타법인,134111-0376348,123-86-42030,"경기도 군포시 군포로 697 (금정동, 스마트호텔)",www.smarthotel.co.kr,,호텔업,2014-02-06,12월
프라임외식산업(주),Prime Food Service Co.,프라임외식산업, ,유승엽,기타법인,110111-1789910,206-81-18238,서울특별시 강남구 삼성동 159 코엑스상사전시장 C-30, ,,한식 음식점업,1999-10-15,12월
프레쉬니스코리아 주식회사,"Benex international Co.,LTD",프레쉬니스코리아, ,김준홍,기타법인,110111-2185729,120-86-18962,서울특별시 강남구 대치동 타워크리스탈빌딩 2층 201호,www.benexi.co.kr,,중식 음식점업,2001-03-06,12월
(주)프레쉬인터내셔날,"FRESH International CO.,LTD",프레쉬인터내셔날, ,최병덕,기타법인,110111-0888028,214-81-46206,서울특별시 강남구 역삼동 828-10 올림피아빌딩 3층, ,,서양식 음식점업,1999-03-31,12월
(주)프로비스타,"PROVISTA.Co.,Ltd.",프로비스타, ,김정석,기타법인,110111-0333859,114-81-71083,서울특별시 서초구 서초대로 338,www.provista.co.kr,,호텔업,1983-01-21,12월
프리모산업,PRIMO,프리모산업, ,최형의,기타법인,110111-3663922,217-81-23653,경기도 안양시 만안구 만안로 69 (안양동), ,,여관업,2014-11-26,12월
주식회사 프리스코,"FRISCO Co., Ltd",프리스코, ,김양수,기타법인,110111-8411590,645-88-02508,서울특별시 마포구 마포대로14길 4 2층 203호(공덕동), ,,제과점업,2022-09-01,12월
주식회사 프리츠,"Fritz Co.,Ltd",프리츠, ,"김병기, 박근하",기타법인,110111-5380706,105-88-01127,서울특별시 마포구 새창로2길 17 (도화동), ,,기타 비알코올 음료점업,2014-04-02,12월
주식회사 플랜허브플러스,PlanHubPlus,플랜허브플러스, ,김영순,기타법인,110111-5904598,685-87-00248,"서울특별시 구로구 디지털로 288 (구로동, 대륭포스트타워1차) 208-에이224호", ,,호텔업,2015-12-01,12월
주식회사플러스모아, ,플러스모아, ,김종화외1,기타법인,110111-0929608,118-81-07337,서울특별시 영등포구 대림동 993-15, ,,출장 음식 서비스업,1999-04-19,12월
(주)플레이에프앤비,"PLAY F&B Co,.ltd",플레이에프앤비, ,조형석,기타법인,110111-6039112,269-86-00414,"서울특별시 강남구 도산대로45길 10-11 (신사동, JYC2빌딩) 1층", ,,제과점업,2016-04-21,12월
(주)플레임,Flame Co. Ltd,플레임, ,장영미,기타법인,180111-1088657,614-88-00689,부산광역시 수영구 광안해변로 276 (민락동), ,,호텔업,2017-04-10,12월
주식회사 플로렌스,"Florence Co.,LTD",플로렌스, ,박정수,기타법인,110111-6695568,721-86-01003,"경기도 성남시 분당구 야탑로81번길 10 (야탑동, 분당아미고타워) 7층 710호",www.fph.co.kr,,한식 일반 음식점업,2018-11-07,12월
(주)플로팅,floting.co.ltd,플로팅, ,박장현,기타법인,194211-0245474,793-86-00197,경상남도 창원시 성산구 삼귀로 167 (귀곡동), ,,서양식 음식점업,2015-09-01,12월
주식회사 피닉스홀딩스,"Phoenixholdings Co., Ltd.",피닉스홀딩스, ,허대영,기타법인,134511-0121159,142-81-10868,경기도 용인시 처인구 양지면 중부대로 2359, ,,호텔업,2007-12-26,12월
(주)피디엔코리아,"pdnkorea co. ltd.,",피디엔코리아, ,김원배,기타법인,110111-2441931,204-81-65735,서울특별시 강남구 역삼동 678-24 늘봄빌딩7층, ,,호텔업,2002-02-06,12월
피앤에이건설(주),P&A conspruction co.ltd,피앤에이건설, ,고영훈,기타법인,110111-3498634,214-87-93680,서울특별시 서초구 서초동 1445-14 더샵서초 103-2309, ,,휴양콘도 운영업,2006-07-24,12월
(주)피에스타,Fiesta,피에스타, ,전혜영,기타법인,120111-0530031,131-86-20639,"인천광역시 연수구 갯벌로 12 (송도동, 미추홀타워) 21층",www.sd-fiesta.com/,,서양식 음식점업,2010-04-22,12월
주식회사 피에스타웨딩,Ulsan MBC Convention Wedding,피에스타웨딩, ,김철중,기타법인,230111-0140994,620-81-30379,"울산광역시 중구 염포로 55 (남외동, 울산종합운동장)",www.umw.co.kr,,음식점업,2008-02-15,12월
주식회사 피엔앨브라더스,P&L Brothers Inc.,피엔앨브라더스, ,박태일 외 1명(이준용),기타법인,110111-8318803,513-88-02628,"서울특별시 금천구 디지털로9길 65 1동 15층 1508-38호 (가산동, 백상스타타워1차)", ,,호텔업,2022-06-02,12월
주식회사 피오르,"Fjord Co., Ltd.",피오르, ,조성민,기타법인,174811-0084296,494-87-00429,경상북도 경산시 강변동로 250-1 (중방동), ,,서양식 음식점업,2016-10-01,12월
(주)픽파이엔원,"PickPie N1 Co.,LTD",픽파이엔원, ,문욱,기타법인,110111-0922174,196-86-03660,"서울특별시 용산구 한강대로 180 1, 2층 (한강로1가)", ,,기타 주점업,2025-03-28,10월
주식회사 하누소,"HANUSO Co.,Ltd.",하누소, ,장세은,기타법인,110111-4388280,217-81-31380,서울특별시 도봉구 창5동 337-1, ,,한식 음식점업,2010-05-01,12월
하늘과바다사이리조트(주),SKY-SEA RESORT,하늘과바다사이리조트, ,이홍열,기타법인,165111-0004801,316-81-04666,충청남도 태안군 원북면 신두해변길 207 (신두리),sky-sea.co.kr,,기타 일반 및 생활 숙박시설 운영업,2003-07-11,12월
(주)하늘물빛정원,Garden Of Sky,하늘물빛정원, ,이재천,기타법인,160111-0075013,305-81-30596,"충청남도 금산군 추부면 검한1길 156 (요광리, 하늘물빛정원,장산관광농원)", ,,한식 음식점업,1998-10-25,12월
(주)하니관광호텔,HOTEL HONEY CROUN,하니관광호텔, ,오영근,기타법인,220111-0015709,616-81-14201,제주특별자치도 제주시 이도1동 1315, ,,호텔업,1995-02-09,12월
(주)하루유,HARYOU CO LTD,하루유, ,이광수,기타법인,135511-0369261,347-81-01886,경기도 시흥시 엠티브이26로20번길 57,www.youonejae.com,,호텔업,2020-10-05,12월
주식회사 하림엠에스,"Harim Ms Co., Ltd.",하림엠에스, ,홍대광,기타법인,110111-5056547,211-88-89578,전라북도 익산시 중앙로 121 (마동) 3층, ,,한식 음식점업,2013-01-29,12월
(주)하슬라아트월드,"HASLLA ART WORLD,LTD",하슬라아트월드, ,박신정,기타법인,141111-0016809,226-81-25878,강원도 강릉시 강동면 정동진리 산33-1,haslla.kr,,호텔업,2003-03-01,12월
주식회사 하얀,hotel ciel bleu,하얀, ,김행선,기타법인,220111-0102293,616-86-06012,"제주특별자치도 제주시 서해안로 368-3 (용담삼동, cielbleu호텔)", ,,호텔업,2013-05-14,12월
하이디라오코리아(유),"Haidilao Korea Co.,Ltd.",하이디라오코리아, ,Shu Ping,기타법인,110114-0145125,201-86-39719,"서울특별시 영등포구 경인로 870 (영등포동1가, 영등포J&S), 2층", ,,중식 음식점업,2014-05-01,12월
하이오아시스(주),HIOASIS,하이오아시스, ,김기석,기타법인,134811-0339144,457-88-00150,경기도 화성시 매송면 서해안고속도로 316 (야목리),www.maesong24.com/main/index.aspx,,음식점업,2015-07-07,12월
하이원상동테마파크,high1sangdongthemepark,하이원상동테마파크, ,이성훈,기타법인,141411-0007592,225-81-20550,강원도 영월군 상동읍 태백산로 3246 하이원상동테마파크,high1curacura.com,,휴양콘도 운영업,2009-10-30,12월
(주)하이원추추파크,High1 ChooChoo Park,하이원추추파크, ,정병선,기타법인,144611-0013534,222-81-24770,"강원도 삼척시 도계읍 심포남길 99 (심포리, 하이원추추파크)",www.high1sbr.com/,,휴양콘도 운영업,2010-01-25,12월
하쿠시,HAKUSI,하쿠시, ,이희성,기타법인,110111-8178984,871-81-02530,"서울특별시 용산구 독서당로29길 6 (한남동, 한남플레이스)", ,,일식 음식점업,2022-01-24,12월
주식회사 하크베리,HACKBERRY,하크베리, ,이병일,기타법인,191111-0100946,375-86-02420,경상남도 사천시 석양길 160 (노룡동), ,,야영장업,2021-12-23,12월
(주)학승,hakseung,학승, ,김진호,기타법인,180111-0078386,606-81-55020,부산광역시 사상구 새벽로223번길 39 (괘법동), ,,기타 일반 및 생활 숙박시설 운영업,1994-11-01,12월
주식회사 한국드라이브인,"HAN KUK DRIVE-IN CO.,LTD",한국드라이브인, ,"이상국, 이원희",기타법인,171311-0000138,510-81-00151,경상북도 김천시 봉산면 광천리 691, ,,간이음식 포장 판매 전문점,1971-07-01,12월
한국사학진흥재단행복기숙사 유한회사,Happy Dormitory,한국사학진흥재단행복기숙사, ,김찬,기타법인,170114-0009684,502-86-32467,"대구광역시 동구 혁신대로 345 (신서동, 한국사학진흥재단)",https://www.happydorm.or.kr/,,기숙사 및 고시원 운영업,2019-03-14,02월
한국상역개발(주),"HANKOOK SANGYOK DEVELO., CO",한국상역개발, ,홍진태,기타법인,110111-0307995,102-81-25913,서울특별시 종로구 청운동 8-4, ,,기타 숙박업,1981-12-10,12월
한국예술종합학교교육원 주식회사,Korea School of Lifelong Education of Art,한국예술종합학교교육원, ,김영미,기타법인,200111-0225297,408-81-70126,광주광역시 동구 서석로 89 (대의동),www.kbda.or.kr,,호텔업,2006-04-25,12월
(주)한국코타,HanKook Kota co. LTD,한국코타, ,김길태,기타법인,110111-0305535,213-81-20052,서울특별시 서초구 서초동 1365번지 원효빌딩 3층, ,,일반 및 생활 숙박시설 운영업,1981-10-23,12월
(주)한국해양레저스포츠,Korea Marine Leisure Sports,한국해양레저스포츠, ,김형일 이길만,기타법인,180111-0594142,605-81-90757,"부산광역시 해운대구 송정구덕포길 37 (송정동, 송정해양레포츠시설)",www.songjeongmarina.com,,휴양콘도 운영업,2007-05-22,12월
한국호텔개발(주),Corporation Korea Hotel Development,한국호텔개발, ,이명섭,기타법인,161511-0240112,230-81-11825,충청남도 아산시 탕정면 온샘로 32 슈어스테이 플러스 호텔,surestayasanhotel.com,,호텔업,2018-10-22,12월
한누리주식회사,Hannuri Co.Ltd,한누리, ,허만섭,기타법인,140111-0034245,221-81-29826,강원도 춘천시 공지로 337 (효자동), ,,호텔업,2007-08-01,12월
한덕개발(주),Chow Corporation,한덕개발, ,노용호,기타법인,135311-0005950,123-81-75782,"경기도 과천시 광명로 181 (막계동, 서울랜드)", ,,한식 음식점업,2002-03-01,12월
주식회사  한 도,HOTEL PARAGON,한도, ,김진호,기타법인,180111-0080266,606-81-35908,부산광역시 사상구 괘법동 564-25번지, ,,호텔업,1988-05-20,12월
한도관광(주),"HANDO TOUR CO., LTD",한도관광, ,김영신,기타법인,151111-0000607,303-81-01396,충청북도 충주시 상보면 온천리 838-1,http://www.suanbopark.co.kr,,호텔업,1984-08-20,12월
주식회사 한라관광호텔,"HANLA HOTEL CO.,LTD.",한라관광호텔, ,"류동원, 함영배",기타법인,134111-0383278,138-81-93119,제주특별자치도 제주시 삼무로 76 (연동), ,,호텔업,2014-04-29,12월
한라산리조트(주),hallasan resort,한라산리조트, ,김용덕,기타법인,220111-0068784,616-81-69778,제주특별자치도 제주시 오등동 산57,www.hallasancc.com,,휴양콘도 운영업,2009-02-04,12월
주식회사 한라축산,hanrachuksan,한라축산, ,안현종,기타법인,220111-0187724,169-87-01293,제주특별자치도 제주시 1100로 3128 (노형동), ,,한식 육류요리 전문점,2019-03-04,12월
한류 주식회사,hanryoo inc.,한류, ,이얜(YI YAN),기타법인,220111-0047762,616-81-47852,"제주특별자치도 제주시 애월읍 하소로 769-15 (유수암리, 뉴코리아유스호호텔)", ,,기타 일반 및 생활 숙박시설 운영업,2004-05-27,12월
한무컨벤션주식회사,"Hanmoo Convention Co, Ltd",한무컨벤션, ,조윤영,기타법인,110111-0808290,120-81-09492,"서울특별시 강남구 테헤란로87길 46 (삼성동, 호텔오크우드프리미어)",없음,,휴양콘도 운영업,1991-10-07,12월
주식회사 한반도 개발,"HANBANDO Co.,Ltd",한반도개발, ,이연근,기타법인,224111-0032280,774-86-00385,제주특별자치도 제주시 도령로 133 (연동),-,,호텔업,2016-03-15,12월
한서외식산업(주),"hanseo restaurants & services co.,ltd",한서외식산업, ,조의제,기타법인,110111-4050772,211-88-23784,서울특별시 강남구 도산대로 308 6층, ,,한식 음식점업,2009-02-16,12월
한성개발(주),-,한성개발, ,장한식,기타법인,220111-0095802,616-81-99670,제주특별자치도 제주시 일주서로 7316 (외도일동),-,,호텔업,2012-09-21,12월
한승개발주식회사,"Han Seung Co.,Ltd.",한승개발, ,김응호,기타법인,120111-0331893,121-81-64601,경기도 안산시 상록구 월피동 460-18, ,,여관업,2003-11-24,12월
주식회사 한승투자개발,Hanseung Investment & Development,한승투자개발, ,권한호,기타법인,110111-5136612,107-87-94436,"서울특별시 강서구 화곡로68길 82 (등촌동, 강서아이티밸리) 508호", ,,일반 및 생활 숙박시설 운영업,2013-05-15,12월
(주)한어울,"HANEUL CO.,LTD",한어울, ,구길용,기타법인,191211-0021637,612-81-44514,경상남도 통영시 산양읍 삼칭이해안길 826 (영운리), ,,호텔업,2013-01-18,12월
한우리외식산업주식회사,"HANWOORI RESTAURANTS CO.,LTD",한우리외식산업, ,조용훈,기타법인,110111-0564561,211-81-40237,서울특별시 강남구 도산대로 304 (논현동),hanwoori-restaurants.co.kr,,한식 음식점업,1988-03-11,12월
(주)한우리월드리조트,Hanwori World Resort,한우리월드리조트, ,권준성,기타법인,284411-0042778,127-81-97658,경기도 포천시 일동면 기산리 568-1, ,,휴양콘도 운영업,2006-02-16,12월
(주)한울글로벌,hanul global,한울글로벌, ,강민구,기타법인,180111-1006972,209-81-64371,부산광역시 동래구 우장춘로 11 2층 (온천동), ,,호텔업,2015-12-08,12월
(주)한울랜드 ,HANUL LAND,한울랜드, ,정성용,기타법인,220111-0099797,616-86-03941,제주특별자치도 제주시 구좌읍 동백로 458 (덕천리) 8동,hanulland.co.kr/,,간이음식 포장 판매 전문점,2013-02-27,12월
(주)한울에프앤에스,HANULF&S,한울에프앤에스, ,백창기,기타법인,160111-0044381,306-81-20903,대전광역시 대덕구 덕암로 144 (상서동),www.hanulfs.co.kr,,기관 구내식당업,1994-12-08,12월
(주)한일관,HANILKWAN,한일관, ,김은숙,기타법인,110111-2620593,101-81-89006,"서울특별시 강남구 압구정로38길 14 (신사동, 한일관)", ,,한식 일반 음식점업,2002-10-01,12월
한창개발(주),HAN CHANG DEVELOP,한창개발, ,오상준,기타법인,110111-1409229,106-81-70268,경상북도 구미시 임수동 92-10,없음,,호텔업,1997-10-29,12월
한화개발주식회사,Seoul Plaza Hotel,한화개발, ,정이만,기타법인,110111-0154776,104-81-27687,서울특별시 중구 태평로 2가 23,www.seoulplaza.co.kr,,호텔업,1976-11-06,12월
(주)한화비앤비,"Hanwha B&B Co., Ltd.",한화비앤비, ,한성구,기타법인,110111-5281988,204-86-45563,"서울특별시 성동구 아차산로17길 48 (성수동2가, 성수SKV1CENTERI) 301호", ,,커피 전문점,2013-12-01,12월
한화푸드테크 주식회사,"Hanwha Foodtech Co., Ltd.",한화푸드테크, ,조용기,기타법인,110111-7942778,189-87-02127,"서울특별시 영등포구 63로 40 (여의도동, 라이프오피스텔) 102호",hanwhafoodtech.com/kr/,,한식 일반 음식점업,2021-07-01,12월
한화호텔앤드리조트 (주),"Hanwha Hotels & Resorts CO.,LTD.",한화호텔앤드리조트, ,김형조,기타법인,110111-0249709,101-81-30747,서울특별시 중구 소공로 119 (태평로2가),www.hwhnr.co.kr,,휴양콘도 운영업,1979-03-20,12월
주식회사 함백종합레져타운,"Hambaek General Leisure Town Co.,Ltd.",함백종합레져타운, ,양화석,기타법인,144911-0002169,225-81-11575,강원도 정선군 신동읍 조동리 228, ,,기타 일반 및 생활 숙박시설 운영업,1999-09-14,12월
함평엘리체컨트리클럽 주식회사,HAMPYEONG ELICHE C.C,함평엘리체컨트리클럽, ,한길수,기타법인,200111-0000201,408-81-00125,광주광역시 서구 금화로 15 서진빌딩 3층,www.hpelichecc.co.kr,,휴양콘도 운영업,1967-05-15,12월
(주)해교코리아,hgkorea,해교코리아, ,이은경,기타법인,110111-3453183,105-86-91834,서울특별시 강남구 삼성동 160-23 장안빌딩 B층 703, ,,휴양콘도 운영업,2006-05-08,12월
주식회사 해람,"Hearam Co., Ltd",해람, ,이환봉,기타법인,131411-0431818,327-87-01375,"경기도 안산시 단원구 광덕대로 206 (고잔동, 골든빌) 301호", ,,기타 일반 및 생활 숙박시설 운영업,2019-04-11,12월
주식회사 해마,haema.co.ltd,해마, ,김범종,기타법인,220111-0102996,616-86-10419,제주특별자치도 제주시 삼무로 28 (연동),www.haemahotel.co.kr,,호텔업,2013-10-01,12월
해밀톤관광(주),"HAMILTON TOURIST CO, LTD.",해밀톤관광, ,이상용,기타법인,110111-0137798,106-81-01174,서울특별시 용산구 이태원동 119-25,www.hamilton.co.kr,,호텔업,1973-05-23,12월
해비치호텔앤드리조트 (주),"Haevichi Hotels&Resorts Co.,Ltd.",해비치호텔앤드리조트, ,김민수,기타법인,224111-0006681,616-81-27929,"제주특별자치도 서귀포시 남원읍 원님로399번길 319 (신흥리, 해비치골프장)",www.haevichi.com,http://www.haevichi.com,휴양콘도 운영업,2000-01-01,12월
(주식회사) 해성개발,"HAESUNG DEVELOPMENT CO.,LTD.",해성개발, ,양점호,기타법인,194211-0105701,609-81-94075,"경상남도 창원시 성산구 마디미로56번길 7 201호(상남동, 레알주차장빌딩)",www.oribs.kr,,한식 음식점업,2010-07-20,12월
해와나루 주식회사,HAESUNG,해와나루, ,이성관,기타법인,194911-0018885,612-81-29833,경상남도 거제시 연초면 오비리 176-1 해와나루유스호스텔,www.geojesea.com,,기타 일반 및 생활 숙박시설 운영업,2008-05-23,12월
해운대개발,"Haeundae Development Co.,Ltd",해운대개발, ,장경작,기타법인,180111-0032209,618-81-00737,부산광역시 해운대구 우 1동 737번지,www.chosunveach.co.kr,,호텔업,1978-06-03,12월
(주)해운대 관광호텔,"co.,Ltd Haeundae Tourist Hotel",해운대관광호텔, ,이종길,기타법인,180111-0830265,617-86-02566,부산광역시 해운대구 해운대해변로 317 (중동), ,,호텔업,2012-10-18,12월
(주)해운대그랜드호텔,"HAEUNDA GRAND HOTEL CO., LTD",해운대그랜드호텔, ,손련화,기타법인,180111-0073881,618-81-06221,"부산광역시 해운대구 해운대해변로 217 (우동, 해운대그랜드호텔)", ,,호텔업,1987-06-16,12월
해운대센텀호텔(주),"HAEUNDAE CENTUMHOTEL CO., LTD.",해운대센텀호텔, ,박이종,기타법인,180111-0477273,621-81-57876,부산광역시 해운대구 센텀3로 20 (우동),www.ecentumhotel.com/,,호텔업,2004-02-25,12월
(주)해운대암소갈비집,"haeundae rib barbecue restaurant co., Ltd.",해운대암소갈비집, ,윤성원,기타법인,180111-1081461,455-87-00614,부산광역시 해운대구 중동2로10번길 32-10 (중동),www.해운대암소갈비집.com,,한식 육류요리 전문점,2017-02-27,12월
주식회사 해평,haepyung.ltd,해평, ,김옥연,기타법인,110111-4429159,224-81-48986,강원도 원주시 문막읍 건등리 203-10, ,,호텔업,2010-09-07,12월
주식회사 핸디즈,Handys Inc.,핸디즈, ,정승호,기타법인,131111-0441045,152-86-00358,"서울특별시 서초구 강남대로 327 (서초동, 대륭서초타워) 5층",urbanstay.co.kr,,기타 일반 및 생활 숙박시설 운영업,2016-03-21,12월
(주)행담오션파크,haengdamoceanpark,행담오션파크, ,이성문,기타법인,110111-3824300,120-87-23744,충청남도 당진군 신평면 매산리513, ,,간이음식 포장 판매 전문점,2008-01-03,12월
(재)행복에프앤씨,HAPPYFNC,행복에프앤씨, ,안범환,기타법인,274322-0030758,106-82-15603,서울특별시 용산구 장문로 60 (동빙고동),www.happyfnc.org,,한식 일반 음식점업,2012-04-12,12월
재단법인 행복전통마을,Happy Heritage Foundation,행복전통마을, ,조재환,기타법인,171122-0002060,508-82-12229,"경상북도 안동시 민속촌길 190 (성곡동, 안동민속촌한자마을) (재)행복전통마을",happyheritage.org/,,호텔업,2012-12-24,12월
주식회사 허니월드,"Honey World Co.,Ltd.",허니월드, ,문숙정,기타법인,110111-6689222,471-86-00977,"충청남도 천안시 서북구 양지21길 42 (성정동, 천안호텔)", ,,호텔업,2018-03-16,12월
주식회사 허브빌 ,"Hub Ville Co.,Ltd.",허브빌, ,안동준,기타법인,210111-0035743,402-81-46652,"인천광역시 중구 공항로424번길 48-27 (운서동, 인천에어포트호텔)", ,,호텔업,2002-04-02,12월
(주)현대리조트관광,JEJU GREEN TOURIST HOTEL,현대리조트관광, ,조인창,기타법인,220111-0014711,616-81-12940,제주특별자치도 제주시 연동 274-37,www.greenhotel.co.kr,,호텔업,1994-09-15,12월
(주)현대수콘도미니엄,"HYUNDAISOO CONDOMINIUM CO.,LTD",현대수콘도미니엄, ,이수원,기타법인,110111-0429244,116-81-15452,"강원도 속초시 이목로 153 (노학동, 현대훼미리타운휴양콘도미니엄)",www.hyundaisoo.com,,휴양콘도 운영업,1986-06-13,12월
(주)현대스카이리조트,hdskyresort,현대스카이리조트, ,남대희,기타법인,110111-0368567,214-81-13030,강원도 속초시 조양동 1378 ~1499, ,,휴양콘도 운영업,1984-07-14,12월
(주)현대푸드시스템,HYUNDAI FOOD SYSTEM,현대푸드시스템,114410,이규성,기타법인,134511-0037695,135-81-35309,서울특별시 강동구 암사동 선사로 111번지 ,www.hyundaifoodsystem.com,,기관 구내식당업,1999-12-23,12월
주식회사현성리조트,"hyunsung rqsort co.,ltd",현성리조트, ,박남경,기타법인,110111-0761472,114-81-72646,서울특별시 서초구 서초3동 1487-53, ,,휴양콘도 운영업,1991-03-22,12월
주식회사 현성에프엔티,"HYUNSUNG F&T CO.,LTD.",현성에프엔티, ,정찬,기타법인,200111-0241152,410-86-10320,"광주광역시 서구 상무연하로 31 (치평동, 현성F&T빌딩)", ,,서양식 음식점업,2007-04-25,12월
주식회사 현정알엔에스,"Hyun Jung R&S Co.,Ltd.",현정알엔에스, ,윤창열,기타법인,110111-3484344,211-87-85712,서울특별시 강남구 청담동 71-26, ,,서양식 음식점업,2006-06-28,12월
(주)협진원,Corp.HYEPJINWON,협진원, ,한상진,기타법인,110111-2769268,501-85-17995,부산광역시 해운대구 해운대해변로221번길 22 306호 (우동),kwangsuhotel.co.kr,,호텔업,2020-10-16,12월
주식회사 형석,"HYUNG SUK CO., LTD",형석, ,고인희,기타법인,220111-0054486,616-81-56953,제주특별자치도 제주시 연동 272-34,없음,,호텔업,2006-01-03,12월
혜민서,Hyeminseo,혜민서, ,구제길,기타법인,200111-0083653,410-81-43898,광주광역시 동구 남문로 697 (학동), ,,한식 일반 음식점업,1998-02-16,03월
호메르스호텔(주),"HOMERS HOTEL CO.,LTD",호메르스호텔, ,이충권,기타법인,180111-0609553,617-81-68883,부산광역시 수영구 광안2동 193-1,www.homershotel.com,,일반 및 생활 숙박시설 운영업,2007-10-19,12월
주식회사 호반호텔앤리조트,"HOBAN HOTEL & RESORT Co.,Ltd.",호반호텔앤리조트, ,이정호,기타법인,160111-0056344,305-81-26321,"서울특별시 서초구 양재대로2길 18 (우면동, 호반파크2관)",www.resom.co.kr,,휴양콘도 운영업,1996-09-08,12월
주식회사 호연관광레저산업,"Hoyeon Tourist Leisure Industry Co., Ltd",호연관광레저산업, ,임일호,기타법인,131411-0176612,134-86-28571,경기도 안산시 상록구 사1동 1271 , ,,기숙사 및 고시원 운영업,2005-12-21,12월
(주)호영개발,"hoyoungdvelopment co.,ltd",호영개발, ,홍성진,기타법인,220111-0108879,616-86-13115,제주특별자치도 제주시 한림읍 화전길 82 (금악리), ,,휴양콘도 운영업,2014-01-21,12월
주식회사 호텔그랜드유통,GRAND CHAIN STORE,호텔그랜드유통, ,김은영,기타법인,110111-0258198,109-81-10876,서울특별시 종로구 청계천로 117 (관수동),없음,,호텔업,1979-08-10,12월
(주)호텔금오산,HOTEL GEUMOSAN,호텔금오산, ,김남철,기타법인,174811-0007454,515-81-05087,경상북도 구미시 남통동 산24-9번지, ,,호텔업,1993-07-19,12월
주식회사 호텔농심,HOTELNONGSHIM,호텔농심, ,서흥주,기타법인,180111-0295592,607-81-45864,부산광역시 동래구 금강공원로20번길 23 (온천동),www.hotelnongshim.com,,호텔업,1999-08-02,12월
주식회사 호텔대구,"HOTEL TAEGU Co.,Ltd",호텔대구, ,김종수,기타법인,170111-0031534,503-81-08892,대구광역시 서구 내당4동 245-9번지, ,,호텔업,1987-07-09,12월
(주)호텔더디자이너스건대,hotelthedesigners-kondae,호텔더디자이너스건대, ,강홍원,기타법인,110111-5253143,217-81-42757,"서울특별시 광진구 천호대로 521 (중곡동, 호텔더디자이너스건대)",hotelthedesigners.com/kondae/,,호텔업,2013-10-24,12월
주식회사 호텔더디자이너스서울대,Hotel The Desingers Snu,호텔더디자이너스서울대, ,이웅,기타법인,134511-0678895,416-86-05387,"경기도 용인시 수지구 동천로99번길 3 (동천동, 상록제일프라자) 203호", ,,호텔업,2023-11-01,12월
주식회사호텔더블에이,HOTEL DOUBLE A,호텔더블에이, ,이경수,기타법인,110111-0018906,203-81-00608,서울특별시 중구 퇴계로 176 (남학동),hoteldoublea.com,,호텔업,1959-01-27,11월
(주)호텔더숨포레스트,HOTEL THESOOM FOREST,호텔더숨포레스트, ,박용수,기타법인,134511-0228640,142-81-69563,경기도 용인시 처인구 포곡읍 성산로 633 호텔더숨포레스트,hotelthesoom.com/,,호텔업,2014-03-05,12월
호텔 더원,hotel the one,호텔더원, ,서정림,기타법인,220111-0100685,616-86-05143,제주특별자치도 제주시 사장3길 33 (연동),www.hoteltheone.com,,호텔업,2013-03-22,12월
주식회사호텔덕구온천,DEOKU HOT SPRING HOTEL,호텔덕구온천, ,강윤석,기타법인,110111-0291718,211-81-46982,"서울특별시 강남구 압구정로 154 (신사동, 새서울주유소)",www.duckku.co.kr,,호텔업,1981-03-18,12월
주식회사호텔동방,HOTEL DONGBANG,호텔동방, ,김현진,기타법인,191111-0076147,335-88-00675,"경상남도 진주시 논개길 103 (옥봉동, 동방호텔)", ,,호텔업,2017-04-25,12월
(주)호텔라미르,"HOTELLAMIR Co., Ltd.",호텔라미르, ,고정옥,기타법인,110111-1370488,220-86-55710,서울특별시 강남구 역삼동 662-7번지, ,,호텔업,1997-01-27,12월
호텔라온주식회사,hotel laon,호텔라온, ,서성덕,기타법인,180111-1048453,821-81-00478,부산광역시 해운대구 송정광어골로 39 (송정동),www.busan-laon.com,,호텔업,2016-08-16,12월
(주)호텔라온제나,"HOTEL LAONZENA CO., LTD.",호텔라온제나, ,성태기,기타법인,170111-0556607,502-86-39591,대구광역시 수성구 범어천로 73 (범어동),www.hotellaonzena.com,,호텔업,2015-02-10,12월
주식회사 호텔레오,HOTEL LEO,호텔레오, ,LI BIN,기타법인,220111-0098385,616-86-02393,"제주특별자치도 제주시 삼무로 14 (연동, HOTELLEO)",www.hotelleo.co.kr,,호텔업,2015-04-01,12월
주식회사 호텔롯데,"Hotel Lotte Co., Ltd.",호텔롯데, ,정호석,기타법인,110111-0145410,104-81-25980,서울특별시 중구 을지로 30,www.hotellotte.com,,호텔업,1973-05-05,12월
주식회사 호텔리츠,hotelrutz,호텔리츠, ,나세운,기타법인,135811-0186073,124-87-02775,경기도 수원시 팔달구 권광로134번길 44-11 (인계동),www.hotelritz.co.kr,,호텔업,2010-08-24,12월
(주)호텔 머드린,HOTELMUDRIN,호텔머드린, ,이은주,기타법인,164511-0022202,313-81-28897,충청남도 보령시 해수욕장8길 28 (신흑동),www.mudrin.com,,호텔업,2013-08-01,12월
주식회사 호텔빅토리아,"HOTEL VICTORIA Co.,Ltd",호텔빅토리아, ,문병욱,기타법인,110111-5805390,803-81-00126,"서울특별시 강북구 도봉로 16 (미아동, 빅토리아호텔)",www.hotelvictoria.co.kr,,호텔업,2015-08-11,12월
호텔빠레브(주),Hotelbareve,호텔빠레브, ,양인석,기타법인,224111-0020574,616-81-97051,제주특별자치도 서귀포시 김정문화로 15 (강정동) 호텔빠레브(주),www.barevehotel.com,,호텔업,2012-06-29,12월
주식회사 호텔샬롬,Hotel Shalom Jeju,호텔샬롬, ,박화진,기타법인,220111-0109851,616-86-14429,제주특별자치도 제주시 동광로 34 (이도이동) 호텔샬롬,www.hotelshalom.co.kr,,호텔업,2014-02-18,12월
(주)호텔샹그릴라,"HOTEL SHANGRILA CO., LTD",호텔샹그릴라, ,YU YINGMEI,기타법인,161511-0104219,312-86-04674,제주특별자치도 제주시 노형로 79 (해안동) 호텔샹그릴라, ,,호텔업,2009-01-02,12월
(주)호텔설악파크,HOTEL SORAK PARK,호텔설악파크, ,심양보,기타법인,141311-0012238,227-81-16203,강원도 속초시 설악동 74-3, ,,숙박업,2009-12-11,12월
(주)호텔설악파크,HOTEL SORAKPARK,호텔설악파크, ,우성하,기타법인,141311-0000316,227-81-00550,강원도 속초시 설악동 74-3,www.hotelsorakpark.com,,호텔업,1980-04-20,12월
(주) 호텔송도비치,Hotel Songdo Beach,호텔송도비치, ,정재수,기타법인,120111-0019738,131-81-03654,인천광역시 연수구 동춘1동 812, ,,호텔업,1985-09-11,12월
(주)호텔수성,HOTEL SUSUNG,호텔수성, ,김영미,기타법인,170111-0003278,502-81-00276,대구광역시 수성구 용학로 106-7 (두산동),www.hotelsusung.co.kr,,호텔업,1968-03-20,12월
주식회사 호텔스카이파크,HOTEL SKYPARK,호텔스카이파크, ,최영재,기타법인,110111-4413235,201-86-17127,"서울특별시 중구 명동8나길 15 (충무로1가, 명동하늘빌딩) 8,9,10층",www.skyparkhotel.com,,호텔업,2010-08-16,12월
주식회사 호텔아띠,"HOTEL ATTI CO.,LTD",호텔아띠, ,"남근국, 이재원",기타법인,110111-5301314,206-87-00841,"인천광역시 남동구 인하로507번길 50 (구월동, 호텔라트리)",-,,호텔업,2020-03-31,12월
(주)호텔아리나,hotelarina,호텔아리나, ,"이선이, 이지연",기타법인,180111-0223270,606-81-13355,경상남도 밀양시 삼문강변로 82 (삼문동),www.hotelarina.com/,,호텔업,1997-01-24,12월
주식회사 호텔아이시시,"HOTEL ICC Co.,Ltd",호텔아이시시, ,이명신,기타법인,160111-0300262,314-86-25054,대전광역시 유성구 엑스포로123번길 55 (도룡동 4-29), ,,호텔업,2011-05-26,12월
주식회사 호텔아트하임,corporation bentleyhotel,호텔아트하임, ,이진권,기타법인,200111-0516406,377-81-00874,"광주광역시 동구 서석로10번길 5 (불로동, 히딩크콘티넨탈관광호텔)",www.bentleyhotel.co.kr,,호텔업,2018-01-03,12월
주식회사 호텔앙코르,"HOTEL ENCORE CO.,LTD",호텔앙코르, ,최희한,기타법인,135811-0151753,135-81-97061,경기도 수원시 팔달구 인계동 1132-12, ,,호텔업,2008-04-18,12월
호텔에이치디씨주식회사,"Hotel HDC CO,.LTD",호텔에이치디씨, ,이성용,기타법인,110111-3177220,120-86-79275,서울특별시 강남구 테헤란로 606 (대치동),www.hdc-hotel.com/,,호텔업,2005-02-25,12월
(주)호텔인터내셔널,"Hotel International Co., Ltd.",호텔인터내셔널, ,윤영호,기타법인,194211-0003781,609-81-08341,경상남도 창원시 중앙동 97-4,www.hotelinternational.co.kr,,호텔업,1988-09-06,12월
주식회사 호텔인터불고,Hotel Inter-Burgo,호텔인터불고, ,성희구,기타법인,170111-0013326,502-81-07513,대구광역시 수성구 팔현길 212 (만촌동),hotel.inter-burgo.com,,호텔업,1981-03-31,12월
(주)호텔인터불고엑스코,"Hotel Inter burgo Exco.,Co.Ltd",호텔인터불고엑스코, ,김삼남,기타법인,170111-0277245,502-81-77964,대구광역시 북구 유통단지로 80,https://exco.inter-burgo.com,,호텔업,2004-12-03,12월
(주)호텔인터불고원주,"Hotel Inter-Burgo WonJu Co.,Ltd",호텔인터불고원주, ,김삼남,기타법인,141211-0042592,224-81-40155,"강원도 원주시 동부순환로 200 (반곡동, (주)호텔인터불고원주컨벤션호텔)",ibwonju.com/,,호텔업,2007-11-15,12월
주식회사 호텔일구칠사,"Hotel 1974 Co., Ltd",호텔일구칠사, ,강성남,기타법인,224111-0041877,137-87-00924,제주특별자치도 서귀포시 태평로 347 (서귀동), ,,호텔업,2018-03-09,12월
주식회사 호텔일루아,HOTEL ILLUA,호텔일루아, ,허주희,기타법인,180111-0080167,618-81-07176,부산광역시 해운대구 중동 1509-2,www.hotelillua.com,,호텔업,1991-06-24,12월
(주)호텔카리스,"HOTEL CHARIS CO.,LTD",호텔카리스, ,백하은,기타법인,110111-0199772,113-81-05218,"인천광역시 계양구 계양대로 28 (작전동, (주)호텔카리스)", ,,호텔업,1976-08-03,12월
(주)호텔 캐피탈,"Hotel Capital Co.,Ltd",호텔캐피탈, ,이성구,기타법인,110111-0037724,106-81-18879,서울특별시 용산구 장문로 23,hotelcapital.co.kr,,호텔업,1970-11-03,12월
주식회사 호텔컬리넌매니지먼트,HOTEL CULLINAN MANAGEMANT,호텔컬리넌매니지먼트, ,최윤배,기타법인,110111-4105296,107-87-20967,서울특별시 광진구 동일로 212 군자동, ,,호텔업,2017-06-02,12월
호텔탑스텐 주식회사,HOTEL TOPSTEN CO LTD,호텔탑스텐, ,고용재,기타법인,141111-0086708,760-86-03592,강원특별자치도 강릉시 옥계면 헌화로 455-34,www.hotel-topsten.co.kr/,,호텔업,2025-01-02,12월
주식회사 호텔티롤,"Hotel Tirol Co.,Ltd.",호텔티롤, ,박종천,기타법인,110111-4977710,264-81-05011,"서울특별시 서초구 나루터로 64 (잠원동, 주식회사호텔티롤)", ,,호텔업,2018-03-16,12월
(주)호텔페이토,Hotel Peyto,호텔페이토, ,이재훈,기타법인,110111-4811281,120-87-79592,"서울특별시 서초구 강남대로 259 (서초동, 호텔페이토)",www.peytohotel.com,,호텔업,2012-03-05,12월
호텔필레모(주),hotal philemo,호텔필레모, ,박영선,기타법인,204611-0022186,416-81-49866,전라남도 광양시 광양읍 인동리 412-1,www.philemo.co.kr,,호텔업,2005-12-01,12월
(주)호텔하나,hotel hana,호텔하나, ,김경혜,기타법인,224111-0019254,616-81-90266,경기도 용인시 기흥구 중부대로 438,www.hotelhana.co.kr,,호텔업,2011-11-01,12월
주식회사 호텔현대 경포대,Hotel Hyundai Gyeongpodae,호텔현대경포대, ,이동호,기타법인,141111-0031183,226-81-37414,강원도 강릉시 강문동 274-1,www.hyundaihotel.com,,호텔업,2008-01-03,12월
(주)홀리데이파크,HOLIDAYPARK,홀리데이파크, ,유형석,기타법인,110111-2830225,220-86-68501,서울특별시 강남구 역삼동 707-34 한신인터밸리24빌딩내 14층 서관 1403호, ,,기타 숙박업,2008-04-02,12월
주식회사 홍인,ghddls,홍인, ,김용덕,기타법인,150111-0070627,301-81-66976,충청북도 청주시 흥덕구 과상미로60번길 5-3 (봉명동), ,,호텔업,2003-01-06,12월
홍인관광산업(주),"hongin tourist industry ltd, co ",홍인관광산업, ,이광재,기타법인,160111-0017635,314-81-01703,대전광역시 유성구 봉명동536-8, ,,호텔업,1990-01-01,12월
(주)화송 ,HWASONG,화송, ,김운지,기타법인,180111-0237180,607-81-39324,부산광역시 연제구 중앙대로 1122 (연산동), ,,호텔업,1997-07-22,12월
주식회사 화음,-,화음, ,이해경,기타법인,120111-0467094,121-81-92510,"인천광역시 중구 공항로 272 (운서동, 인천공항) 4층", ,,음식점 및 주점업,2008-06-11,12월
화진실업(주),"HWA JIN INDUSTRIAL CO., LTD",화진실업, ,곽유지,기타법인,134811-0019085,124-81-23292,경기도 화성시 비봉면 구포리 산 6-1, ,,기타 숙박업,1994-04-06,12월
(주)황솔촌상무점,HWANG SOL CHON,황솔촌상무점, ,황의남,기타법인,110111-3070549,210-81-54214,광주광역시 서구 운천로 143 (쌍촌동), ,,한식 육류요리 전문점,2010-08-01,12월
(주)효원연수문화쎈타,HyoWONEducation&CultureCenter,효원연수문화쎈타, ,이의갑,기타법인,124411-0024901,136-81-19563,경기도 김포시 사우동 243-9,-,,기타 숙박업,1996-10-01,12월
(주)후게츠코리아,"Fugetsu Korea Co.,Ltd",후게츠코리아, ,이츠가게다까노리,기타법인,110111-3746471,105-87-12699,서울특별시 마포구 서교동 408-27 서교동케이빌딩 5층, ,,일식 음식점업,2007-08-31,12월
(주)후니드,WHONEED Co. ltd,후니드, ,서승규,기타법인,110111-3135418,215-86-65235,"서울특별시 송파구 중대로 132 (가락동, 쌍둥이빌딩)",www.whoneed.co.kr/,,기관 구내식당업,2004-12-21,12월
(주)후니에프앤비,"Hoonyfnb,Inc.",후니에프앤비, ,"김형일, 임준성",기타법인,110111-5962356,382-87-00261,"서울특별시 마포구 마포대로 109 (공덕동, 롯데캐슬프레지던트) 101동 3303호",hdgaemi.com,,한식 일반 음식점업,2016-01-29,12월
주식회사 휘성,HWISUNG,휘성, ,김승하,기타법인,110111-8811807,721-88-02802,"서울특별시 금천구 가산디지털1로 181 10층 1013호(가산동, 가산더블유센터)", ,,기타 일반 및 생활 숙박시설 운영업,2023-12-07,12월
주식회사 휘찬,"HWEECHAN Co., Ltd.",휘찬, ,김동현,기타법인,110111-1225831,112-81-42049,"제주특별자치도 서귀포시 안덕면 산록남로 786 (상천리, 루체빌리조트)",www.luceville.com,,휴양콘도 운영업,1996-04-05,12월
주식회사 휘찬산업,HWEECHAN INDUSTRIAL,휘찬산업, ,"조창걸, 정민교",기타법인,110111-7191581,279-88-01414,"서울특별시 종로구 창경궁로 143 6층 (원남동, 세중타워)", ,,호텔업,2019-08-01,12월
주식회사 휴네스트,"hunest co.,ltd",휴네스트, ,이종현,기타법인,170111-0573859,621-88-00159,경상북도 영덕군 병곡면 흰돌로 46 (병곡리), ,,숙박업,2015-07-27,12월
휴랜드(주),HUY LAND COMPANY,휴랜드, ,이용호,기타법인,134811-0512823,671-88-01508,경기도 화성시 정남면 보통내길219번길 17 (보통리590-1), ,,제과점업,2019-08-16,12월
주식회사 휴먼푸드서비스,humanfood service,휴먼푸드서비스, ,김종철,기타법인,135811-0354175,774-87-01135,경기도 수원시 권선구 경수대로 93 휴먼빌리지 401호(대황교동),www.humanfood.co.kr/,,기관 구내식당업,2018-11-08,12월
주식회사 흥해당진타워,"Heung Hae Dangjin Tower Co., Ltd.",흥해당진타워, ,배양숙,기타법인,165011-0039446,311-81-42928,"충청남도 당진시 송악읍 안섬포구길 24-58 (고대리, 정자)", ,,호텔업,2012-09-07,12월
주식회사 희스토리푸드,HEESTORYFOOD,희스토리푸드, ,육경희,기타법인,110111-4907676,101-86-73310,"서울특별시 종로구 동숭길 127 6층 (동숭동, 우성빌딩)", ,,한식 일반 음식점업,2012-07-03,12월
주식회사 히든베이호텔,HongHae ,히든베이호텔, ,김재호,기타법인,206211-0040233,417-81-39231,"전라남도 여수시 신월로 496-25 (신월동, 히든베이호텔)", ,,호텔업,2009-12-10,12월
힐리언스,healience,힐리언스, ,송인수,기타법인,110111-3265778,211-87-67960,강원도 홍천군 서면 종자산길 122,www.healinence.com,,일반 및 생활 숙박시설 운영업,2005-07-08,12월
