회사이름,영문명,공시회사명,종목코드,대표자명,법인구분,법인등록번호,사업자등록번호,주소,홈페이지,IR홈페이지,업종명,설립일,결산월
주식회사 595비청라,595b cheongna,595비청라, ,박재영,기타법인,170111-0837081,647-87-02297,대구광역시 중구 달구벌대로 2011 1090,-,,경영 컨설팅업,2021-09-23,12월
(주)9아토엔터테인먼트,"9ATO Entertainment Co., Ltd",9아토엔터테인먼트, ,SHIBATA KUMIKO,기타법인,110111-6324498,463-86-00637,서울특별시 강남구 봉은사로51길 41 2층 (논현동), ,,매니저업,2017-02-21,12월
Alliedus Logistics Limited ,Alliedus Logistics Limited ,AlliedusLogisticsLimited, ,Ho Siu Ping,기타법인, ,  45981  ,"1201, Tower1, 33Canton Road, Tsim Sha Tsui     Kowloon, China, Hong Kong", ,,제조업 회사 본부,2000-03-01,12월
씨지인바이츠(주),"CG Invites Co., Ltd.",CG인바이츠,083790,"오수연, 이호영(공동대표이사)",코스닥시장,160111-0101016,314-81-34562,서울특별시 강서구 마곡중앙8로 38 마곡동,www.cginvites.com,,의학 및 약학 연구개발업,2000-07-07,12월
씨제이바이오사이언스(주),CJ Bioscience,CJ 바이오사이언스,311690,윤상배,코스닥시장,110111-4222503,119-86-23145,서울특별시 중구 세종대로 14 그랜드센트럴타워 B동 7층,www.cjbioscience.com,,자연과학 및 공학 연구개발업,2009-11-18,12월
"DigiCert, INC.","Digicert, INC.","DigiCert,INC.", ,Michael Johnson,기타법인, ,48859,"Lehi, Utah 84043 United States 2801 N Thanksgiving Way 500", ,,"그 외 기타 전문, 과학 및 기술 서비스업",2003-04-10,12월
DL에너지(주),"DL Energy Co., Ltd.",DL에너지, ,정기동,기타법인,284411-0075258,231-81-03444,경기도 포천시 창수면 포천로2797번길 17, ,,경영 컨설팅업,2013-12-31,12월
(주)DNSC,DNSC,DNSC, ,채홍대,기타법인,110111-3446667,101-86-23407,"서울특별시 중구 퇴계로 235 321호(충무로4가, 남산센트럴자이)",dnsc.co.kr,,광고 대행업,2006-04-25,12월
디엑스앤브이엑스(주),"Dx & Vx Co., Ltd.",DXVX,180400,"권규찬, 유건상 각자대표이사",코스닥시장,110111-2262890,101-81-71321,"서울특별시 금천구 디지털로 173, 1003",www.dxvx.com,,기타 과학기술 서비스업,2001-06-16,12월
이원다이애그노믹스(주),"Eone Diagnomics Genome Center Co., Ltd.",EDGC,245620,대표이사 이민섭,코스닥시장,120111-0658289,131-86-48582,인천광역시 연수구 갯벌로 143 -,www.edgc.com,,의학 및 약학 연구개발업,2013-05-06,12월
"FYSIKUS, LLC","FYSIKUS, LLC","FYSIKUS,LLC", ,JAIBUM KIM,기타법인, ,48446,"Suite 600, Irvine CA 92614, USA 17901 Von Karman Avenue", ,,의학 및 약학 연구개발업,2018-04-12,12월
Hanwha Impact Partners INC.,Hanwha Impact Partners INC.,HanwhaImpactPartnersINC., ,하석원,기타법인, ,6940278,"San Francisco, CA 94107 501 2nd St, Suite 500", ,,기타 전문 서비스업,2018-06-20,12월
Hanwha Power Systems Global Corp.,Hanwha Power Systems Global Corp.,HanwhaPowerSystemsGlobalCorp., ,이구영,기타법인, ,52250,"1440 W Indiantown Rd, Jupiter, FL 33458, USA", ,,기타 전문 서비스업,2021-03-08,12월
Hanwha Power Systems Holdings Corp.,Hanwha Power Systems Holdings Corp.,HanwhaPowerSystemsHoldingsCorp., ,손영창,기타법인, ,883603969,"501 2nd St STE 1010 San Francisco, CA 94107, USA", ,,기타 전문 서비스업,2022-08-04,12월
에이치디현대마린솔루션(주),"HD Hyundai Marine Solution Co., Ltd",HD현대마린솔루션,443060,이기동,유가증권시장,180111-1065811,582-81-00535,경기도 성남시 분당구 분당수서로 477 경기도 성남시 분당구 분당수서로 477,www.hd-marinesolution.com/,,엔지니어링 서비스업,2016-11-28,12월
주식회사 에이치이엠파마,HEM Pharma Inc.,HEM파마,376270,지요셉,코스닥시장,171711-0129857,793-86-00692,경기도 수원시 영통구 창룡대로256번길 50 711호,www.hempharma.bio,,"물리, 화학 및 생물학 연구개발업",2016-12-30,12월
에이치엘비바이오스텝(주),"HLB bioStep Co.,Ltd.",HLB바이오스텝,278650,백성진,코스닥시장,284211-0063231,132-86-05757,인천광역시 연수구 아카데미로79번길 38 -,www.knotus.co.kr,,의학 및 약학 연구개발업,2012-04-19,12월
에이치엘비제약(주),"HLB PHARMACEUTICAL CO., LTD.",HLB제약,047920,박재형,코스닥시장,110111-1538391,208-81-25623,경기도 남양주시 경강로 27,www.hlbpharma.co.kr,,"물리, 화학 및 생물학 연구개발업",1998-04-23,12월
HNC비즈니스지원센터,HNbusiness,HNC비즈니스지원센터, ,배성환,기타법인,591111-1630122,850-51-00275,"전라남도 광양시 항만대로 465 501호 인코리아금융서비스(황길동, 월드마린센터)", ,,경영 컨설팅업,2017-11-13,12월
HONG KONG TIGERMED ,"HONG KONG TIGERMED CO.,LIMITED",HONGKONGTIGERMED, ,SHI XIALI,기타법인, ,40763,"서울특별시 종로구 사직로 130 10층 (적선동, 적선현대빌딩)", ,,"그 외 기타 분류 안된 전문, 과학 및 기술 서비스업",2011-09-14,12월
(주)에이치에스애드,HS Ad Inc.,HS애드,035000,박애리,유가증권시장,110111-0375398,105-81-29368,서울특별시 마포구  마포대로 155 LG마포B/D15F,www.hsad.co.kr/kor/main,,광고 대행업,1984-05-30,12월
"INOVIO PHARMACEUTICALS,INC.","INOVIO PHARMACEUTICALS,INC.","INOVIOPHARMACEUTICALS,INC.", ,KIM JONG JOSEPH,기타법인, ,47644,660 W. Germatown Pike Plymouth Meeting P.A 19462,www.inovio.com,,의학 및 약학 연구개발업,1979-08-08,12월
(주)INVENI,"INVENI Co., Ltd.",INVENI,015360,"구본혁, 이창우",유가증권시장,110111-0290778,218-81-06851,서울특별시 용산구 한강대로 92 LS 용산타워,www.inveni.com,,회사 본부 및 경영 컨설팅 서비스업,1981-03-05,12월
Kensington Technology Investments Limited,Kensington Technology Investments Limited,KensingtonTechnologyInvestmentsLimited, ,Sien Ha Lilian Chan,기타법인, ,11581,"Lot 2&3, Level 3, Wizma Lazenda, Jalan Kemajuan, 87000, Federal Territory of Labuan, Malaysia", ,,경영 컨설팅업,2000-11-09,12월
KPMG 세정회계법인,KPMG Sehjung Accounting Corporation,KPMG세정회계법인, ,안택수,기타법인,114634-0028846,120-86-25935,서울특별시 강남구 역삼동 737 스타타워 9층,www.kr.kpmg.com,,공인회계사업,2001-08-31,03월
KTB글로벌스타주식형펀드, ,KTB글로벌스타주식형펀드, ,김형찬,기타법인,110111-2248569,107-86-00566,서울특별시 영등포구 여의도동 23-7,www.abrain.co.kr,,경영 컨설팅업,2001-05-28,05월
KTB밸류스타혼합형펀드, ,KTB밸류스타혼합형펀드, ,김형찬,기타법인,110111-2284753,107-86-02749,서울특별시 영등포구 여의도동 23-7,www.abrain.co.kr,,경영 컨설팅업,2001-07-11,07월
KTB밸류코리아혼합형사모펀드, ,KTB밸류코리아혼합형사모펀드, ,김영준,기타법인,110111-2614794,107-86-24103,서울특별시 영등포구 여의도동 23-7,www.abrain.co.kr,,경영 컨설팅업,2002-09-23,09월
KTB밸류코스닥혼합형펀드, ,KTB밸류코스닥혼합형펀드, ,선형렬,기타법인,110111-2480252,107-86-15846,서울특별시 영등포구 여의도동 23-7,www.abrain.co.kr,,경영 컨설팅업,2002-03-25,03월
KTB베스트바이혼합형펀드, ,KTB베스트바이혼합형펀드, ,최민재,기타법인,110111-2582686,107-86-21917,서울특별시 영등포구 여의도동 23-7,www.abrain.co.kr,,경영 컨설팅업,2002-08-05,08월
KTB에버스타혼합형펀드, ,KTB에버스타혼합형펀드, ,선형렬,기타법인,110111-2201541,107-81-98158,서울특별시 영등포구 여의도동 23-7,www.abrain.co.kr,,경영 컨설팅업,2001-03-26,03월
KTB에이스찬스혼합형펀드, ,KTB에이스찬스혼합형펀드, ,김영준,기타법인,110111-2411124,107-86-10666,서울특별시 영등포구 여의도동 23-7,www.abrain.co.kr,,경영 컨설팅업,2002-01-02,01월
KTB에이플러스2호혼합형사모펀드, ,KTB에이플러스2호혼합형사모펀드, ,김송우,기타법인,110111-2480351,107-86-15787,서울특별시 영등포구 여의도동 23-7,www.abrain.co.kr,,경영 컨설팅업,2002-03-25,03월
KTB에이플러스혼합형사모펀드, ,KTB에이플러스혼합형사모펀드, ,이종욱,기타법인,110111-2421545,107-86-11345,서울특별시 영등포구 여의도동 23-7,www.abrain.co.kr,,경영 컨설팅업,2002-01-14,01월
KTB장기증권저축펀드, ,KTB장기증권저축펀드, ,장상기,기타법인,110111-2288622,107-86-02996,서울특별시 영등포구 여의도동 23-7,www.abrain.co.kr,,경영 컨설팅업,2001-07-16,07월
KTB장기증권저축펀드1호, ,KTB장기증권저축펀드1호, ,박형렬,기타법인,110111-2356669,107-86-07235,서울특별시 영등포구 여의도동 23-7,www.abrain.co.kr,,경영 컨설팅업,2001-10-20,10월
KTB채권형펀드, ,KTB채권형펀드, ,최민재,기타법인,110111-2219974,107-81-99268,서울특별시 영등포구 여의도동 23-7,www.abrain.co.kr,,경영 컨설팅업,2001-04-19,04월
KTB포트폴리오스타혼합형펀드, ,KTB포트폴리오스타혼합형펀드, ,정승욱,기타법인,110111-2446535,107-86-12742,서울특별시 영등포구 여의도동 23-7,www.abrain.co.kr,,경영 컨설팅업,2002-02-14,02월
KTB프라임2호혼합형사모펀드, ,KTB프라임2호혼합형사모펀드, ,정승욱,기타법인,110111-2461880,107-86-14319,서울특별시 영등포구 여의도동 23-7,www.abrain.co.kr,,경영 컨설팅업,2001-03-05,03월
KTB프라임4호주식형사모펀드, ,KTB프라임4호주식형사모펀드, ,조영찬,기타법인,110111-2473984,107-86-14890,서울특별시 영등포구 여의도동 23-7,www.abrain.co.kr,,경영 컨설팅업,2002-03-18,03월
KTB프리미엄찬스혼합형펀드, ,KTB프리미엄찬스혼합형펀드, ,김형찬,기타법인,110111-2277617,107-86-02356,서울특별시 영등포구 여의도동 23-7,www.abrain.co.kr,,경영 컨설팅업,2001-07-03,07월
KTB플러스찬스혼합형펀드, ,KTB플러스찬스혼합형펀드, ,김영준,기타법인,110111-2269606,107-86-02069,서울특별시 영등포구 여의도동 23-7,www.abrain.co.kr,,경영 컨설팅업,2001-06-25,06월
KTB하이스타혼합형펀드, ,KTB하이스타혼합형펀드, ,장상기,기타법인,110111-2421834,107-86-11331,서울특별시 영등포구 여의도동 23-7,www.abrain.co.kr,,경영 컨설팅업,2002-01-14,01월
KTB하이턴펀드, ,KTB하이턴펀드, ,김중완,기타법인,110111-2506214,107-86-18197,서울특별시 영등포구 여의도동 23-7,www.abrain.co.kr,,경영 컨설팅업,2002-04-23,04월
KTB혼합형펀드, ,KTB혼합형펀드, ,박형렬,기타법인,110111-2164963,107-81-95898,서울특별시 영등포구 여의도동 23-7,www.abrain.co.kr,,경영 컨설팅업,2001-02-06,02월
(주)케이티나스미디어,"kt nasmedia Co., Ltd.",KT나스미디어,089600,박평권,코스닥시장,110111-1905516,220-81-80363,"서울특별시 강남구 도곡로1길 14 삼일프라자오피스텔4,5F",www.nasmedia.co.kr,,광고 대행업,2000-03-13,12월
(주)LG경영개발원,LG Management Development Institute,LG경영개발원, ,김재문,기타법인,110111-0423494,116-81-13527,서울특별시 영등포구 여의대로 128 LG트윈타워,www.lgbr.co.kr,,경제 및 경영학 연구개발업,1986-04-01,12월
LG공모주혼합형펀드,LG IPO Stock Balanced Fund                        ,LG공모주혼합형펀드, ,최창훈,기타법인,110111-2488149,107-86-15394,서울특별시 영등포구 여의도동 23-7 ,www.abrain.co.kr,,경영 컨설팅업,2002-04-02,04월
LG드림혼합형펀드,LG Dream Balanced Fund                            ,LG드림혼합형펀드, ,최창훈,기타법인,110111-2604208,107-86-23399,서울특별시 영등포구 여의도동 23-7,www.abrain.co.kr,,경영 컨설팅업,2002-09-05,09월
LG차이나디벨로프먼트주식형사모펀드,LG CHINA DEVELOPMENT EQUITY PRIVATE PLACEMENT FUND,LG차이나디벨로프먼트주식형사모펀드, ,신종기,기타법인,110111-2519267,107-86-17387,서울특별시 영등포구 여의도동 23-7,www.abrain.co.kr,,경영 컨설팅업,2002-05-08,05월
"MACROMILL,INC.","MACROMILL,INC.","MACROMILL,INC.", ,Sasaki Toru,기타법인, ,48428,일본 도쿄도 미나토구 코우난 2-16-1 시나가와  이스트원 타워 11층, ,,시장조사 및 여론조사업,2013-11-25,06월
MASTER UNION HOLDING LIMITED,MASTER UNION HOLDING LIMITED,MASTERUNIONHOLDINGLIMITED, ,CAO LAN,기타법인, ,44929,"서울특별시 종로구 사직로 130 (적선동, 적선현대빌딩) 10층", ,,"그 외 기타 분류 안된 전문, 과학 및 기술 서비스업",2017-04-07,12월
(주)MBC애드컴,MBCAD COMMUNICATION CORP.,MBC애드컴, ,전종건,기타법인,110111-0160715,105-81-76217,서울특별시 마포구 공덕동 450번지,www.mbcad.com,,광고 대행업,1974-02-26,12월
"Nexland, Inc.","Nexland, Inc.","Nexland,Inc.", ,Justin M Lee,기타법인, ,KTHQ-외투06-506,"3250 Wilshire Blvd, #1702 Los Angeles, CA 90010 USA", ,,변호사업,2000-03-15,12월
(주)NICE홀딩스,"NICE Holdings Co., Ltd",NICE,034310,조대민,유가증권시장,110111-0505614,214-81-74186,서울특별시 영등포구 은행로 17 (여의도동) NICE 그룹 1사옥,www.nice.co.kr,,회사 본부 및 경영 컨설팅 서비스업,1986-09-11,12월
OncoQuest Inc.,OncoQuest Inc.,OncoQuestInc., ,Madi Madiyalakan,기타법인, ,48409,"서울특별시 강남구 테헤란로 445 4층(삼성동, 본솔빌딩)",https://www.oncoquestinc.com/,,의학 및 약학 연구개발업,2015-03-25,01월
Photronics Singapore PTE LTD.,Photronics Singapore PTE LTD.,PhotronicsSingaporePTELTD., ,Soo Hong Jeong,기타법인, ,16841,서울특별시 종로구 내자동 세양빌딩, ,,상업용 사진 촬영업,1994-09-16,12월
"PRIMAX MANAGEMENT, Inc.","PRIMAX MANAGEMENT, Inc.","PRIMAXMANAGEMENT,Inc.", ,Stephen Chandoo Park,기타법인, ,40640,"35 Marjorie Terrace, Englewood Cliffs, New Jersey, U.S.A.", ,,경영 컨설팅업,1997-06-19,12월
(주)SC커뮤니케이션즈,SC Communications,SC커뮤니케이션즈, ,임정민,기타법인,111011-4325901,105-87-43421,서울특별시 마포구 구수동 16-5번지 국제미디어밸리 3층,www.sccin.co.kr,,"광고물 문안, 도안, 설계 등 작성업",2010-04-12,12월
"Shin Nippon Biomedical Laboratories, Ltd.","Shin Nippon Biomedical Laboratories, Ltd.","ShinNipponBiomedicalLaboratories,Ltd.", ,Ryoichi Nagata,기타법인, ,529900C10QR47J2U5R44,"2438 Miyanouracho, Kagoshima-shi, Kagoshima, Japan", ,,의학 및 약학 연구개발업,1973-05-18,03월
SILVERBRIDGE HOLDING LP,SILVERBRIDGE HOLDING LP,SILVERBRIDGEHOLDINGLP, ,"SilverHouse Management Pte, Ltd",기타법인, ,T18LP0073D,"서울특별시 종로구 종로3길 17 (청진동, D타워) D2 23층",-,,경제 및 경영학 연구개발업,2018-07-20,12월
(주)에스엠컬처앤콘텐츠,"SM Culture & Contents Co., Ltd.",SM C&C,048550,박태현,코스닥시장,110111-0275134,219-81-11153,"서울특별시 성동구 왕십리로 83-21 디타워동 14층(성수동1가, 아크로 서울포레스트)",www.smcultureandcontents.com,,광고업,1980-05-13,12월
(주)STX 종합기술원,"STX Institute of Technology Co., Ltd",STX종합기술원, ,신성수,기타법인,110111-4474401,220-88-08088,"서울특별시 강남구 도곡2동 448-2, STX R&D 센터 5층", ,,자연과학 및 공학 연구개발업,2010-11-18,12월
 Sun Metals Holdings Limited, Sun Metals Holdings Limited,SunMetalsHoldingsLimited, ,Lee Sung Chae,기타법인, ,254900JC249OK76PM936,"1 Zinc Avenue Stuart Townsville, Queensland AUSTRALIA", ,,경영 컨설팅업,1991-05-02,12월
"Tongguang Group Co., Ltd. ","Tongguang Group Co., Ltd. ","TongguangGroupCo.,Ltd.", ,Zhang Qiang,기타법인, ,43170,"Changqiao village, Baochang town, Haimen city, Jiangsu Province, China",www.chinatgg.com.cn,,전기ㆍ전자공학 연구개발업,2003-08-18,12월
"Wanfu Investment Co., Ltd","Wanfu Investment Co., Ltd","WanfuInvestmentCo.,Ltd", ,Tommy Lee,기타법인, ,025639,인천광역시 남동구 고잔동 530-2 거풍스카이팰리스 2층, ,,경영 컨설팅업,2008-12-01,12월
주식회사 가교김해오토갤러리,Gagy Auto Gallery,가교김해오토갤러리, ,박성진,기타법인,195511-0230486,533-87-01285,경상남도 김해시 생림면 나전로 60 407호(나전리), ,,"그 외 기타 분류 안된 전문, 과학 및 기술 서비스업",2019-03-28,12월
가교회계법인,Gagyo Accounting Coporation,가교회계법인, ,강효식,기타법인,114634-0035081,120-87-13270,서울특별시 강남구 삼성로95길 6 삼혜빌딩 4층 (삼성동),www.gagyoac.co.kr,,공인회계사업,2007-04-06,03월
주식회사 가든시티,gardencity,가든시티, ,"곽성현, 곽성희",기타법인,110111-4270247,104-86-26209,"서울특별시 중구 서소문로 130 , 1006호 (서소문동, 대양빌딩)", ,,경영 컨설팅업,2010-01-26,12월
주식회사 가디언 네트웍스,Guardian Networks Co. Ltd.,가디언네트웍스, ,김보겸,기타법인,180111-0582361,605-81-81428,부산광역시 부산진구 범천동 1057-2 대우디오빌 2201, ,,경영 컨설팅업,2007-02-06,12월
가디언앤컴퍼니 주식회사,"Guardian&Company Co.,Ltd",가디언앤컴퍼니, ,이성우,기타법인,110111-6744646,421-87-01153,"서울특별시 강남구 테헤란로82길 15 (대치동)335호(대치동, 디아이타워)", ,,경영 컨설팅업,2018-05-09,12월
주식회사 가디언홀딩스,"Guardian Holdings Co., Ltd.",가디언홀딩스, ,박정삼,기타법인,110111-3122051,214-87-62284,서울특별시 강동구 성내동 444-3, ,,경영 컨설팅업,2004-11-25,12월
가립회계법인,GARIB ACCOUNTING FIRM,가립회계법인, ,권흥락,기타법인,114671-0022569,220-81-44106,"대구광역시 중구 동덕로 61 3층 (대봉동, 선모빌딩)",www.garib.co.kr,,공인회계사업,1997-04-19,03월
주식회사 가온엠에스,gaonms,가온엠에스, ,정재문,기타법인,110111-5656967,658-87-00023,"서울특별시 강서구 공항대로 247 (마곡동, 퀸즈파크나인)", ,,인문 및 사회과학 연구개발업,2015-03-04,12월
가우디오랩 주식회사,"Gaudio Lab, Inc.",가우디오랩, ,오현오,기타법인,110111-5715581,775-86-00108,"서울특별시 강남구 테헤란로 505 (삼성동, 싹타워) 2층",www.gaudiolab.com/,,전기ㆍ전자공학 연구개발업,2015-05-06,12월
가원도시개발주식회사,kawon urban development company,가원도시개발, ,박준석,기타법인,160111-0187561,314-81-73298,대전광역시 유성구 노은동로75번길 20 (노은동)2층 201호, ,,기타 전문 서비스업,2005-03-22,12월
가율 회계법인,GAUL Accounting Corporation,가율회계법인, ,서용욱,기타법인,114634-0035437,120-87-19478,서울특별시 강남구 역삼로7길 11 조선빌딩 4층,www.gaul-acc.com,,공인회계사업,2007-09-21,03월
가은회계법인,gaeun accounting firm,가은회계법인, ,최용,기타법인,110171-0078029,220-88-80931,서울특별시 강남구 삼성로81길 31 (대치동) 애드라빌딩 2층,www.gecpa.co.kr,,공인회계사업,2014-05-22,03월
주식회사 가이아,"Gaia Co.,Ltd.",가이아, ,정우천,기타법인,120111-0995623,833-87-01467,"인천광역시 연수구 인천타워대로 253-25 (송도동, 아트윈푸르지오) 102동 406호", ,,경영 컨설팅업,2020-12-23,12월
가인솔루션스 주식회사,"Gain-Solutions Co,Ltd.",가인솔루션스, ,안정수,기타법인,110111-4515221,215-87-49208,서울특별시 송파구 신천동 11-6, ,,경영 컨설팅업,2011-01-18,01월
(주)가진에이케이엠,"Ga Jin AKM Co.,Ltd",가진에이케이엠, ,이희재,기타법인,110111-9168405,858-87-03616,"서울특별시 서초구 반포대로28길 42 4층 (서초동, 우신1557빌딩)", ,,경영 컨설팅 및 공공 관계 서비스업,2025-01-24,12월
가톨릭대학교기술지주 주식회사,"THE CATHOLIC UNIVERSITY OF KOREA Technology Holdings co., Ltd.",가톨릭대학교기술지주, ,조석구,기타법인,110111-4875659,114-87-01522,서울특별시 서초구 반포대로 222 가톨릭대학교 의생명산업연구원 1007호, ,,경영 컨설팅업,2012-05-23,12월
주식회사 가트너리서치어드바이저리코리아,"Gartner Research & Advisiory Korea Co., Ltd",가트너리서치어드바이저리코리아, ,테리마이클파스코,기타법인,110111-2809395,120-86-54347,"서울특별시 강남구 영동대로 511 (삼성동, 트레이드타워) 2407호", ,,경영 컨설팅업,2003-06-27,12월
(주)가하컨설팅,kahaconsulting,가하컨설팅, ,김정한,기타법인,110111-0729438,206-81-46904,"서울특별시 구로구 경인로 662 (신도림동, 디큐브시티)", ,,공공관계 서비스업,1988-10-04,06월
가현회계법인,GAHYUN ACCOUNTING CORPORATION,가현회계법인, ,최승근,기타법인,110134-0079364,220-88-89397,서울특별시 강남구 언주로86길 5 (역삼동)육성빌딩 12층, ,,공인회계사업,2014-10-15,03월
(주)간삼건축종합건축사사무소,GANSAM ARCHITECTS&PARTNERS,간삼건축종합건축사사무소, ,"김자호, 김태집",기타법인,110111-0380967,208-81-18350,서울특별시 중구 동호로20다길 16 (신당동) 간삼건축사옥,www.gansam.com,,건축설계 및 관련 서비스업,1983-06-29,12월
(주)개그스테이션,GAGSTATION CO.KR,개그스테이션, ,최용섭,기타법인,110111-3151000,107-86-58772,경기도 고양시 일산동구 장항동 856-3 5층,www.gagstation.co.kr,,매니저업,2005-01-14,12월
갤럭스주식회사,Galux Inc.,갤럭스, ,석차옥,기타법인,110111-7615747,456-81-01894,"서울특별시 관악구 남부순환로 1837 5층 501호,502호 6층 (봉천동, 샤론빌딩)",www.galux.co.kr,,의학 및 약학 연구개발업,2020-09-09,12월
갤럭시아에셋매니지먼트(주),"Galaxia Asset Management Co, Ltd.",갤럭시아에셋매니지먼트, ,이태근,기타법인,110111-0945539,639-87-03771,"서울특별시 성북구 선잠로2나길 12-8 (성북동, 효성성북동빌라) 302호", ,,경영 컨설팅 및 공공 관계 서비스업,2025-12-18,12월
거림의료컨설팅,georimmedicalconsulting,거림의료컨설팅, ,이석재,기타법인,180111-0992114,888-86-00122,부산광역시 수영구 연수로324번길 18 (망미동),www.grmc.co.kr,,기타 전문 서비스업,2015-09-01,12월
거버너스M&A사모펀드2호,Governors M&A Private Placement Fund2,거버너스M&A사모펀드2호, ,강성,기타법인,110111-2488123,107-86-15400,서울특별시 영등포구 여의도동 23-7,www.abrain.co.kr,,경영 컨설팅업,2002-04-02,04월
거버너스M&A사모펀드3호,Governors M&A Private Placement Fund3,거버너스M&A사모펀드3호, ,명성욱,기타법인,110111-2586159,107-86-21620,서울특별시 영등포구 여의도동 유화증권빌딩 23-7,www.abrain.co.kr,,경영 컨설팅업,2001-05-30,04월
거버너스엠앤에이사모펀드4호,Governors M&A Private Placement Fund4,거버너스엠앤에이사모펀드4호, ,고재철,기타법인,110111-2625791,107-86-28924,서울특별시 영등포구 여의도동 23-7,www.abrain.co.kr,,경영 컨설팅업,2002-10-08,10월
주식회사 거성건축사 사무소,"Geoseong Architects & Engineering Co., Ltd",거성건축사사무소, ,이홍기,기타법인,180111-0184836,605-81-22341,부산광역시 부산진구 부전동 406-7, ,,건축설계 및 관련 서비스업,1995-07-01,12월
주식회사 거스트앤게일,GUST N GALE,거스트앤게일, ,이용규,기타법인,110111-4744367,211-88-69761,서울특별시 강남구 학동로21길 35 (논현동),www.gustngale.com,,기타 과학기술 서비스업,2011-12-08,12월
(주)거원엔지니어링,Geowon Enginering Co.Ltd,거원엔지니어링, ,김무창,기타법인,180111-0266444,621-81-31518,부산광역시 수영구 광일로29번길 68 (광안동), ,,기타 엔지니어링 서비스업,1998-09-18,12월
주식회사 거잔,"Geojan co., Ltd.",거잔, ,한린규,기타법인,110111-7368495,824-88-01456,"서울특별시 종로구 삼봉로 94 9층 (공평동, 94빌딩)", ,,경영 컨설팅업,2020-04-17,12월
건민회계법인,KUNMIN,건민회계법인, ,장문원,기타법인,134134-0008646,123-86-43999,"경기도 군포시 고산로 166 (당정동, SK벤티움) 101동 321호",-,,공인회계사업,2014-06-12,03월
(주)건설품질기술연구원,ICQT,건설품질기술연구원, ,"강성찬, 홍정훈",기타법인,134511-0289874,261-88-00428,경기도 화성시 양감면 초록로693번길 47 (송산리), ,,"기타 기술 시험, 검사 및 분석업",2016-05-17,12월
(주)건양기술공사건축사사무소,KUN YANG,건양기술공사건축사사무소, ,"유대현, 이구병",기타법인,164311-0002109,308-81-07508,충청북도 청주시 청원구 교서로 111 (우암동), ,,"건축기술, 엔지니어링 및 기타 과학기술 서비스업",1996-02-01,12월
주식회사 건우플러스,"GunWoo Plus Co., LTD.",건우플러스, ,오해석,기타법인,180111-0593805,606-86-03468,경상남도 김해시 한림면 안하로116번길 43 (안하리), ,,제조업 회사 본부,2007-05-18,12월
주식회사 건인투자,"Conin investment Co., Ltd",건인투자, ,박시영,기타법인,134511-0151685,142-81-26768,경기도 용인시 처인구 영문로 2 (유방동), ,,회사 본부 및 경영 컨설팅 서비스업,2010-03-26,12월
(주)건일,"KUNILENG Engineering CO., LTD",건일, ,김석환,기타법인,110111-0999172,220-81-25958,경상북도 포항시 남구 대이로1번길 20 602, ,,기타 엔지니어링 서비스업,1994-01-10,12월
(주)건일엠이씨,KUNIL M.E.C Ltd.,건일엠이씨, ,남상윤,기타법인,124611-0257996,131-81-65529,"경기도 부천시 중동로254번길 64 208호(중동, 신일아르디세)",www.kunilmec.co.kr,,건물 및 토목 엔지니어링 서비스업,2001-07-19,12월
(주)건창이엔씨,Gunchang E&C,건창이엔씨, ,김진귀,기타법인,110111-8993085,276-86-03364,"서울특별시 강남구 논현로76길 24 5층 5267호(역삼동, BPT빌딩)",-,,경영 컨설팅업,2024-07-08,12월
(주)건축사사무소 건원엔지니어링,"KUNWONENGINEERING CO, LTD.",건축사사무소건원엔지니어링, ,김진황,기타법인,110111-1820441,220-81-71530,서울특별시 강남구 역삼동 678-32 동림빌딩 4층,kunwoneng.com,,건축설계 및 관련 서비스업,1999-12-01,12월
(주)건축사사무소광장,PLAZA ARCHITECTS & CONSULTANTS CO . . LTD,건축사사무소광장, ,신만석,기타법인,134511-0023892,135-81-23685,"경기도 용인시 기흥구 죽전로 39 (보정동, 에스제이타워) 707호",www.kwangjangarch.com,,건축설계 및 관련 서비스업,1997-11-11,12월
(주)건축사사무소도움채,DOUMCHAE,건축사사무소도움채, ,임언재,기타법인,170111-0222323,502-81-64135,대구광역시 수성구 범어3동 43-8 정암빌딩8층, ,,건축설계 및 관련 서비스업,2002-04-22,12월
(주)건축사사무소뿌리건축,ROOT ARCHITECTS&ENGINEERS,건축사사무소뿌리건축, ,안재린,기타법인,110111-1066772,211-86-04288,서울특별시 강남구 논현동 62 조일빌딩8층,WWW.AROOT.CO.KR,,건축설계 및 관련 서비스업,1994-09-01,12월
(주)건축사사무소아라그룹,ARAGROUP,건축사사무소아라그룹, ,"왕정한, 이상포",기타법인,110111-1606023,105-81-96232,"서울특별시 송파구 법원로9길 26 C동 413호(문정동, 에이치비지니스파크)",wwww.aragroup.co.kr,,제도업,1998-03-19,12월
(주)건축사사무소에스파스,PLANNING AND DESIGN GROUP ESPACE,건축사사무소에스파스, ,박성환,기타법인,110111-3041037,214-87-55779,"서울특별시 서초구 논현로 145 (양재동, 풍국빌딩) 7층", ,,건축설계 및 관련 서비스업,2004-07-01,12월
주식회사 건축사사무소원오원아키텍스,ONE O ONE architects,건축사사무소원오원아키텍스, ,황선영,기타법인,110111-4415190,101-86-57853,"서울특별시 서대문구 성산로 559 (대신동, 진솔빌딩) 4층", ,,제도업,2010-08-01,12월
(주)건축사사무소 테마공간,THEME SPACE,건축사사무소테마공간, ,"유정현, 정종섭",기타법인,110111-4620012,214-88-80601,"서울특별시 강남구 역삼로 424 (대치동, 진영빌딩) 2층", ,,건축설계 및 관련 서비스업,2011-07-06,12월
(주)건축사사무소테크뱅크,TECHBANK ENGINEERS&ARCHITECTS,건축사사무소테크뱅크, ,"김용봉, 정진우",기타법인,131111-0440401,752-86-00309,경기도 성남시 수정구 복정로118번길 40 102호 (복정동),www.techbank.co.kr,,건축설계 및 관련 서비스업,2016-03-11,12월
(주)건축이상,architecure ideadl,건축이상, ,김정현,기타법인,110111-6033255,563-81-00418,강원특별자치도 고성군 토성면 학사촌길 67 (봉포리)3층 302호, ,,건축설계 및 관련 서비스업,2016-05-13,12월
주식회사 건하홀딩스,GUNHA HOLDINGS,건하홀딩스, ,진태원,기타법인,110111-7617743,861-87-01837,서울특별시 강남구 논현로 616 4층 4120호(논현동), ,,경영 컨설팅업,2020-09-09,12월
(주)건화,"Kunhwa Engineering & Consulting Co., Ltd.",건화, ,황광웅,기타법인,110111-0687058,138-81-01152,경기도 안양시 동안구 흥안대로427번길 38(관양동),www.kunwhaeng.co.kr,,건물 및 토목 엔지니어링 서비스업,1990-03-26,12월
게르마니셀로이드코리아(주),"Germanischer Lloyd Korea Co., Ltd.",게르마니셀로이드코리아, ,WAGNER HEINZ,기타법인,180111-0304278,602-81-15647,부산광역시 중구 중앙동 5가 50, ,,기타 엔지니어링 서비스업,1999-11-08,12월
주식회사 게인홀드,"Gain Hold Co., Ltd.",게인홀드, ,이홍직,기타법인,110111-4915166,220-88-41597,서울특별시 강남구 테헤란로52길 21 파라다이스벤처타워 4층, ,,경영 컨설팅업,2012-07-12,12월
(주)게티이미지코리아,"Getty Images Korea Co., Ltd.",게티이미지코리아, ,박건원,기타법인,110111-6380549,160-87-00623,"서울특별시 마포구 독막로 311 (염리동, 재화스퀘어) 12층 게티이미지코리아",www.gettyimages.co.kr,,사업 및 무형 재산권 중개업,2017-04-19,12월
주식회사 경동에너아이,"KYUNGDONG ENERGY & INVESTMENT CO.,LTD",경동에너아이, ,조진수,기타법인,131111-0479129,646-81-00765,"경기도 성남시 분당구 수내로46번길 4 (수내동, 경동빌딩)", ,,"그 외 기타 분류 안된 전문, 과학 및 기술 서비스업",2017-04-10,12월
주식회사 경동엔지니어링,"Kyongdong Engineering Co.,Ltd",경동엔지니어링, ,강재홍외,기타법인,160111-0015845,312-81-11675,"충청남도 천안시 동남구 만남로 72 (신부동, 삼부르네상스오피스텔)",없음,,건물 및 토목 엔지니어링 서비스업,1988-12-28,04월
경복회계법인,Gyeongbok Accounting Corporation,경복회계법인, ,전성수,기타법인,110134-0105888,201-88-02647,서울특별시 강남구 테헤란로81길 13 (삼성동) 14층, ,,공인회계사업,2022-04-01,03월
경상북도개발공사,GYEONGSANGBUK-DO DEVELOPMENT CORPORATION,경상북도개발공사, ,김영재,기타법인,170171-0001416,514-82-07454,경상북도 경산시 경산로44길 7,gbdc.co.kr,,도시계획 및 조경설계 서비스업,1997-07-01,12월
경신회계법인,Kyungshin accounting corporation,경신회계법인, ,안경준,기타법인,171834-0005304,503-86-03892,대구광역시 달서구 달구벌대로 1680 (두류동) 감삼빌딩 4층,www.kyungshin.pro,,공인회계사업,2012-12-06,03월
경우인베스트먼트 주식회사,Kyungwoo Investment Co.Ltd,경우인베스트먼트, ,신동성,기타법인,110111-7586667,290-86-01886,"서울특별시 마포구 마포대로 92 (도화동, 효성해링턴스퀘어) 에이동 7층", ,,경영 컨설팅업,2020-08-12,12월
(주)경우커뮤니케이션,Gyeongu communication,경우커뮤니케이션, ,윤규하,기타법인,110111-3204750,201-81-91665,서울특별시 서초구 서초동 1554-8 601,-,,경영 컨설팅업,2005-04-08,12월
경우홀딩스 주식회사,KYUNGWOOHOLDINGSCORP.,경우홀딩스, ,신동성,기타법인,110111-6273124,339-87-00568,"서울특별시 마포구 마포대로 92 (도화동, 효성해링턴스퀘어) A동 7층 경우홀딩스 주식회사", ,,경영 컨설팅업,2017-01-26,12월
(주)경원엔지니어링 건축사사무소,KYUNGWON ENGINEERING CONSULTANTS & ARCHITECTE.INC.,경원엔지니어링건축사사무소, ,"이도춘, 최종환, 최광지",기타법인,141211-0006499,224-81-07350,강원도 원주시 소초면 섬배로 109-10 (장양리),kyungwoneng.com,,건물 및 토목 엔지니어링 서비스업,1993-12-08,12월
(주)경인플랙스,"KYUNGIN FLAX CO.,LTD.",경인플랙스, ,안동규,기타법인,135511-0358751,624-86-01885,"경기도 안산시 단원구 갖바치로 8 (목내동, 코아샘(주))", ,,제조업 회사 본부,2020-03-20,12월
주식회사 경정,"KYUNG JUNG CO.,LTD",경정, ,윤석환,기타법인,110111-3734533,101-86-33832,서울특별시 종로구 종로2가 6, ,,경영 컨설팅업,2007-08-13,12월
(주)경호엔지니어링종합건축사사무소,"KYONG-HO ENGINEERING & ARCHITECTS Co.,Ltd",경호엔지니어링종합건축사사무소, ,조영수,기타법인,115211-0010880,132-81-06125,"경기도 구리시 체육관로74번길 41 (수택동, 경호빌딩)", ,,건물 및 토목 엔지니어링 서비스업,1991-06-18,12월
(주)경화엔지니어링,KYUNGHWA ENGINEERING,경화엔지니어링, ,김홍식,기타법인,134111-0040167,609-81-18136,경기도 성남시 분당구 서현동 251-3 LG에클라트4층,www.kyunghwa.co.kr,,건물 및 토목 엔지니어링 서비스업,1993-06-08,12월
(주)고도기술,"GODO TECH CO., LTD",고도기술, ,"권수천, KWON SANG HEOYK",기타법인,110111-5300134,215-87-87594,"경기도 하남시 조정대로 150 746호(덕풍동, 아이테코)", ,,"기타 전문, 과학 및 기술 서비스업",2013-12-24,12월
고려검사 주식회사,"KOREA INSPECTION CO., LTD",고려검사, ,김병래 외 1인,기타법인,180111-0396754,606-81-73256,경상남도 김해시 가야로30번길 5 (삼계동),www.koreandi.com,,"기타 기술 시험, 검사 및 분석업",2002-02-19,12월
고려검사기술(주),"KOREA INSPECTION TECHNOLOGY CO., LTD",고려검사기술, ,박광석,기타법인,180111-0916974,606-86-55739,부산광역시 사상구 새벽로137번길 41,www.kitc-ndi.co.kr/,,"기타 기술 시험, 검사 및 분석업",2014-06-01,12월
고려공업검사주식회사,"KOREA INDUSTRIAL TESTING CO., LTD",고려공업검사, ,송흥식,기타법인,110111-0135487,106-81-04827,서울특별시 용산구 청파로89길 4-12 (서계동)3층,www.kitco.co.kr,,"기타 기술 시험, 검사 및 분석업",1972-10-26,12월
고려대학교 기술지주(주),Korea University Holdings,고려대학교기술지주, ,"김수원, 홍승표",기타법인,110111-4187765,209-81-49399,"서울특별시 성북구 안암로 145 (안암동5가, 고려대학교안암캠퍼스)", ,,"그 외 기타 분류 안된 전문, 과학 및 기술 서비스업",2009-09-25,12월
주식회사 고바이오랩,"KoBioLabs, Inc.",고바이오랩,348150,고광표,코스닥시장,110111-5487437,119-86-92996,"서울특별시 관악구 관악로 1 220동 745-1호(신림동, 서울대학교종합연구동)",kobiolabs.com,,의학 및 약학 연구개발업,2014-08-11,12월
고성한가족병영 주식회사,GSMILITARY,고성한가족병영, ,윤길호,기타법인,160111-0503733,512-86-01243,대전광역시 서구 문정로48번길 48 (탄방동), ,,"기타 기술 시험, 검사 및 분석업",2019-01-10,12월
고성홀딩스 유한회사,Goseong Holdings,고성홀딩스, ,이승철,기타법인,110114-0207743,448-88-00710,경상남도 고성군 동해면 내산3길 51-1 (내산리), ,,경영 컨설팅업,2017-08-02,12월
(주)고센인베스트먼트,GOSENINVESTMENT,고센인베스트먼트, ,민성진,기타법인,110111-7319183,784-87-01466,"서울특별시 강남구 도산대로101길 29 (청담동, 청담현대3차아파트) 102동 303호", ,,경영 컨설팅업,2019-12-09,12월
(주)고스트로보틱스테크놀로지,GHOSTROBOTICSTECHNOLOGY,고스트로보틱스테크놀로지, ,공현웅,기타법인,110111-8265541,553-81-02947,"서울특별시 강남구 봉은사로 326 (역삼동, 남전빌딩) 4층", ,,제조업 회사 본부,2022-04-13,12월
주식회사 고스트스튜디오,"GHOST STUDIO CO.,LTD",고스트스튜디오, ,최명규,기타법인,110111-7982394,648-81-02129,"서울특별시 용산구 청파로 345 (서계동, 주연빌딩)", ,,매니저업,2021-08-06,12월
주식회사 고영홀딩스,Koh Young Holdings,고영홀딩스, ,고광일,기타법인,110111-6390853,551-87-00644,"서울특별시 금천구 가산디지털2로 53 (가산동, 한라시그마밸리)11층 1106호", ,,회사 본부 및 경영 컨설팅 서비스업,2017-04-28,12월
주식회사 고위드,GOWID Inc.,고위드, ,김항기,기타법인,110111-5639343,261-81-25793,"서울특별시 강남구 도산대로 317 14층 (신사동, 호림아트센터1빌딩)",www.gowid.com,,경영 컨설팅업,2015-02-10,12월
주식회사 고은인베스트먼트,Go Eun Investment Inc.,고은인베스트먼트, ,김민수,기타법인,134411-0099621,282-88-02160,경기도 이천시 부발읍 죽당로 167-90 (죽당리), ,,전문 서비스업,2021-02-04,12월
(주)고을인더스트리,GOAL INDUSTRY,고을인더스트리, ,오성진,기타법인,110111-1297773,213-86-26366,경기도 과천시 막계동 서울랜드, ,,기타 엔지니어링 서비스업,1996-07-15,12월
주식회사골드,gold,골드, ,장세준,기타법인,134311-0057598,262-81-02769,경기도 양평군 양평읍 양근로 187-1 (양근리), ,,경영 컨설팅업,2022-12-16,12월
주식회사 골드넥스,GOLDENAX,골드넥스, ,김성모,기타법인,110111-4403046,211-88-46910,"서울특별시 강남구 논현로135길 48 지하1층, 3층, 4층, 5층 (논현동)", ,,"광고물 문안, 도안, 설계 등 작성업",2010-07-28,12월
(주)골드만컨설팅,GOLDMAN CONSULTING,골드만컨설팅, ,조정호,기타법인,110111-4733782,220-88-28202,"서울특별시 강남구 강남대로 320 (역삼동, 황화빌딩) 8층", ,,광고 대행업,2011-11-21,12월
주식회사 골드메달리스트,"GOLDMEDALIST Co.,Ltd.",골드메달리스트, ,안성수,기타법인,110111-7301510,441-81-01612,서울특별시 성동구 성수일로 112 성수빌딩 3층 (성수동2가),www.goldmedalist.com,,매니저업,2019-11-22,12월
주식회사 골든레인,"GOLDENRAIN CO., LTD",골든레인, ,황금비,기타법인,110111-4959354,211-88-83481,"서울특별시 강남구 강남대로 330 (역삼동, 우덕빌딩)", ,,경영 컨설팅업,2012-09-12,12월
주식회사 골든브릿지,"Golden Bridge Co.,Ltd",골든브릿지, ,이광구,기타법인,110111-1934341,220-81-87973,"서울특별시 서대문구 충정로 50 (충정로3가, 골든브릿지빌딩) 5층",www.goldenbridgefg.com,,경영 컨설팅업,2000-04-08,12월
(주) 골든브릿지기술투자,Golden Bridge Information Technology co. ltd,골든브릿지기술투자, ,최형철,기타법인,110111-2198079,220-86-08783,서울특별시 서대문구 충정로3가 222 골든브릿지빌딩 5층, ,,경영 컨설팅업,2001-03-22,12월
주식회사 골든센츄리코리아,"Golden Century Korea Co., Ltd.",골든센츄리코리아, ,PIAO CHENGZHE,기타법인,110111-7898773,764-81-02421,"서울특별시 영등포구 국제금융로 10 (여의도동, 서울국제금융센터) 43층",www.goldencentury.co.kr/,,기타 전문 서비스업,2021-05-26,12월
골든스틱 주식회사,Golden Stick,골든스틱, ,김숙희,기타법인,110111-5075175,264-81-12166,서울특별시 서초구 효령로67길 71-6 202호 (서초동), ,,경영 컨설팅 및 공공 관계 서비스업,2013-03-11,12월
주식회사 골든앤와이즈,Golden  & Wise,골든앤와이즈, ,이웅,기타법인,134511-0376142,722-81-01108,"경기도 용인시 수지구 풍덕천로129번길 9 508호 (풍덕천동, 오성빌딩)", ,,경영 컨설팅업,2018-09-01,12월
주식회사 골든에이,GOLDENA,골든에이, ,염현복,기타법인,165111-0026706,612-88-02721,서울특별시 강남구 테헤란로1길 28-11 (역삼동) 4층 4027호, ,,연구개발업,2023-10-25,12월
(주)골든에이지인베스트,Golen Age Invest Co.Ltd,골든에이지인베스트, ,김미선,기타법인,110111-5883552,646-87-00262,"서울특별시 성동구 왕십리로 369 1005호(하왕십리동, 동인레반트오피스텔)", ,,경영 컨설팅업,2015-11-06,12월
(주)골든웍스 인베스트먼트,Golden Works Investment,골든웍스인베스트먼트, ,오상근,기타법인,170111-0192327,504-81-38711,대구광역시 수성구 범어동 136-66 태영빌딩 2층, ,,경영 컨설팅업,2001-03-01,12월
주식회사 골든이글매니지먼트,"GoldenEagle Management co., ltd",골든이글매니지먼트, ,오창수,기타법인,110111-5344950,261-81-07664,"서울특별시 강남구 학동로50길 47 (논현동, 이모스빌딩)", ,,경영 컨설팅업,2014-02-26,12월
골든트러스트파트너스 주식회사,"GOLDEN TRUST PARTNERS Co.,Ltd.",골든트러스트파트너스, ,박윤경,기타법인,110111-6279742,685-81-00703,"서울특별시 영등포구 국제금융로8길 27-8 (여의도동, 엔에이치농협캐피탈빌딩) 4층 4662호", ,,기타 전문 서비스업,2017-01-04,12월
(주)골프뷰,Golfview,골프뷰, ,최지형,기타법인,110111-3460849,211-87-83183,서울특별시 강남구 논현2동 74-24 3층, ,,사업 및 무형 재산권 중개업,2006-05-18,12월
공간디벨로퍼피케이투,PK2G,공간디벨로퍼피케이투, ,"강장완, 강훈",기타법인,110111-1378375,120-81-72016,서울특별시 강동구 성내동 458번지 성진빌딩 5층, ,,경영 컨설팅업,1997-02-17,12월
(주)공간종합건축사사무소,SPACE GROUP,공간종합건축사사무소, ,이상림,기타법인,110111-0132897,101-81-04991,서울특별시 중구 퇴계로36가길 104 (필동2가), ,,건축설계 및 관련 서비스업,1972-07-26,12월
(주)공덕컨설팅,kongduck consulting co.,공덕컨설팅, ,김기인,기타법인,110111-3485532,105-86-94898,서울특별시 마포구 공덕동 256-10 , ,,경영 컨설팅업,2006-06-29,12월
공항리무진서비스(주),AIRPORT LIMOUSINE SERVICE CO.LTD,공항리무진서비스, ,"권영찬, 권오인",기타법인,110111-0124662,109-81-25501,서울특별시 강서구 개화동로8길 17 강서공영차고지 2층(개화동), ,,옥외 광고업,1981-07-01,12월
광교회계법인,Gwang Gyo Accounting Corporation,광교회계법인, ,"하헌건, 박정규, 황용현",기타법인,114634-0031956,220-86-81877,"서울특별시 서초구 남부순환로 2145 5층 (방배동, 대화빌딩)",www.ggcpa.co.kr,,공인회계사업,2004-03-25,03월
주식회사 광백태양광투자,Kwangbaek,광백태양광투자, ,강창원,기타법인,110111-7019717,111-88-01122,전라남도 영광군 영광읍 그린테크로 23, ,,회사 본부 및 경영 컨설팅 서비스업,2019-02-20,12월
광주물류단지주식회사,"kwangju logistics Co.,Ltd.",광주물류단지, ,박옥식,기타법인,200111-0051519,410-81-34045,광주광역시 남구 주월동 1283-2, ,,사업 및 무형 재산권 중개업,1994-11-23,12월
(주)광진,"KWANGJIN CO.,LTD.",광진, ,권오철,기타법인,135011-0086948,134-81-43112,"충청남도 아산시 인주면 인주산단로 23-50 (걸매리, 인주지방산업단지)", ,,기타 공학 연구개발업,1999-02-11,12월
(주)교원위즈,"Kyowon Wiz Co., Ltd.",교원위즈, ,장동하,기타법인,131111-0106516,129-81-67558,경기도 성남시 분당구 정자일로 248,wizisland.com,,경영 컨설팅업,2003-11-26,12월
구골홀딩스 주식회사,"GOGOLHOLDINGS CO., LTD.",구골홀딩스, ,이성호,기타법인,141211-0015888,224-81-18779,서울특별시 서초구 바우뫼로 154 401호(양재동), ,,농림수산학 및 수의학 연구개발업,2000-04-18,12월
구글코리아 유한회사,Google Korea LLC,구글코리아, ,낸시메이블워커,기타법인,110114-0047545,120-86-65164,"서울특별시 강남구 테헤란로 152 (역삼동, 강남파이낸스센터) 22층",https://about.google,,그 외 기타 광고 관련 서비스업,2004-03-15,12월
주식회사국도산업개발,"GUKDOIndustrial Dev.CO.,Ltd.",국도산업개발, ,박혜경,기타법인,180111-1100005,510-81-35849,"부산광역시 중구 비프광장로 18 602호 (남포동6가, 국도타운)", ,,경영 컨설팅업,2017-07-10,12월
국민이주(주),KOOKMIN MIGRATION CONSULTING,국민이주, ,김지영,기타법인,110111-2930968,120-86-63259,"서울특별시 강남구 테헤란로 310 (역삼동, 두꺼비빌딩) 4층", ,,기타 법무관련 서비스업,2004-02-01,12월
(주)국성건설엔지니어링,"kuksung engineering consultants. co.,ltd",국성건설엔지니어링, ,박동우,기타법인,210111-0018426,418-81-14679,전북특별자치도 전주시 완산구 후곡길 6-9 2층 203호(효자동2가), ,,건물 및 토목 엔지니어링 서비스업,1997-03-01,12월
국일그래핀 주식회사,"KUK-IL GRAPHENE CO.,LTD",국일그래핀, ,강태현,기타법인,160111-0499049,814-86-01339,"경기도 성남시 중원구 갈마치로 302 (상대원동, 성남우림라이온스밸리5차) A동 304호~308호",www.kukilgraphene.com/,,기타 공학 연구개발업,2018-11-06,12월
주식회사 국전,"KUKJEON Co., Ltd.",국전, ,윤병호,기타법인,110111-0287709,220-81-11925,서울특별시 서초구 반포동 707-2,www.kukjeon.com,,광고 대행업,1981-01-17,12월
국제세무법인,KUKJE tax&law firm,국제세무법인, ,허성호,기타법인,131471-0020673,750-81-00123,"경기도 안산시 단원구 광덕대로 151 601호(고잔동, 삼영타운)", ,,세무사업,2016-10-01,12월
(주)국제해양기술,KMARIN OCEAN SERVICE CORPORATION ,국제해양기술, ,홍준경,기타법인,110111-5041902,104-86-46210,"부산광역시 중구 대교로 119 (중앙동6가, 씨제이대한통운빌딩) 14층", ,,기타 전문 서비스업,2013-01-18,12월
주식회사 국토해양환경기술단,LAND & OCEAN ENVIRONMENTAL ENG.,국토해양환경기술단, ,권철휘,기타법인,134811-0151308,124-86-63305,"경기도 수원시 영통구 덕영대로1556번길 16 디동 1301호(영통동, 디지털엠파이어빌딩)", ,,환경 관련 엔지니어링 서비스업,2008-01-29,12월
굿셀라이프,Good Cell Life,굿셀라이프, ,정용식,기타법인,110111-3281980,104-81-95564,서울특별시 서초구 서초3동 1500-8 명종빌딩 401호, ,,의학 및 약학 연구개발업,2005-08-03,12월
주식회사 굿앤네트웍스,Good&Networks Inc.,굿앤네트웍스, ,박종훈,기타법인,110111-4359900,120-87-55402,"서울특별시 노원구 동일로 1323 (상계동, 하라프라자센타) 2층 213호", ,,사업 및 무형 재산권 중개업,2010-05-28,12월
주식회사 굿윌씨앤아이,Goodwill C&I,굿윌씨앤아이, ,김현철,기타법인,110111-0902042,114-81-51151,서울특별시 영등포 여의도동 61-5리버타워빌딩,www.goodwillnet.co.kr,,경영 컨설팅업,1992-11-17,12월
굿컴퍼니,Good company,굿컴퍼니, ,김태동,기타법인,110111-8635356,660-86-03012,서울특별시 강남구 테헤란로77길 11-9 (삼성동)7층 에이105호, ,,경영 컨설팅업,2023-05-16,12월
그랑몬스터(주),"Granmonster Co., Ltd.",그랑몬스터, ,인소민,기타법인,110111-4422658,220-88-04194,"서울특별시 강남구 도산대로 220 12-14층(논현동, 엠포리아빌딩)",www.gmonster.co.kr/renewal/#home,,광고 대행업,2010-08-27,12월
주식회사 그랑플레이스 ,"Gran Place co.,Ltd",그랑플레이스, ,임섭,기타법인,110111-6584737,818-87-00907,"서울특별시 강남구 언주로85길 24 (역삼동, 유니팜타워) 3층", ,,광고 대행업,2018-11-30,12월
(주)그레이스어소시에이츠,"Grace Associates Co.,Ltd",그레이스어소시에이츠, ,신인섭,기타법인,110111-2823296,204-81-80298,서울특별시 중랑구 중화동 110-43, ,,경영 컨설팅업,2003-08-18,12월
(주)그레이스엔존,GRACE&ZONE CO.LTD,그레이스엔존, ,이의원,기타법인,110111-1004326,211-86-42754,서울특별시 강남구 논현1동 180∼187 인성빌딩 401호, ,,공인회계사업,1996-09-05,12월
그레이스파트너스 주식회사,Grace Partners,그레이스파트너스, ,배성훈,기타법인,141111-0060984,552-87-01286,강원도 강릉시 경강로 2236 1층(포남동), ,,경영 컨설팅업,2019-02-21,01월
그레이월드와이드코리아(주),Grey Worldwide Korea Ltd.,그레이월드와이드코리아, ,"이영수, 너빅싱",기타법인,110111-1929491,220-81-83448,"서울특별시 강남구 도산대로 318 (논현동, SBTOWER) 3층", ,,광고 대행업,2000-04-03,12월
그레이터차이나1호사모펀드,Greater China 1 Private Placement Fund,그레이터차이나1호사모펀드, ,국경오,기타법인,110111-2514340,107-86-17484,서울특별시 영등포구 여의도동 23-7,www.abrain.co.kr,,경영 컨설팅업,2002-05-02,05월
주식회사 그레이트분캐피탈매니지먼트,GREAT BOON CAPITAL MANAGEMENT,그레이트분캐피탈매니지먼트, ,최홍승,기타법인,110111-5179688,296-88-00012,"서울특별시 서초구 강남대로53길 8 (서초동, 스타크강남빌딩) 10층 16호", ,,경영 컨설팅업,2015-02-23,12월
(주)그레이프커뮤니케이션즈,Grape Communications,그레이프커뮤니케이션즈, ,장정윤,기타법인,110111-1299109,102-81-40345,"서울특별시 영등포구 영중로 56 (영등포동5가, 신한빌딩)",www.grapecomm.co.kr,,광고 대행업,1996-08-01,12월
주식회사 그로우트리,Growtree Co Ltd.,그로우트리, ,김영모,기타법인,110111-8424121,157-86-02536,"서울특별시 강남구 봉은사로 317 (논현동, 아모제논현빌딩) 3층 3089호(논현동)", ,,경영 컨설팅업,2022-09-16,12월
그룹메가(주),GROUPMEGA,그룹메가, ,서현수,기타법인,110111-5147263,120-87-98852,"서울특별시 서초구 서초대로48길 101 (서초동, 그룹메가타워)1층",www.group-mega.co.kr,,광고 대행업,2013-06-06,12월
주식회사 그룹아이디디,Group IDD Inc,그룹아이디디, ,이정찬,기타법인,110111-4596792,211-88-59507,"서울특별시 강남구 언주로 637 9층~11층 (논현동, 싸이칸홀딩스타워)",https://www.facebook.com/groupidd/,,광고 대행업,2011-05-04,12월
그룹엠코리아 주식회사,GroupM Korea Inc.,그룹엠코리아, ,CHUNG JASON,기타법인,110111-3039975,107-86-51949,서울특별시 강남구 도산대로 318 SB Tower 8층,www.groupm.com,,광고 대행업,2004-06-30,12월
(주)그룹한어소시에이트,Group Han Associates Inc.,그룹한어소시에이트, ,박명권,기타법인,110111-1113101,114-81-62551,서울특별시 서초구 방배로 143 (방배동), ,,도시계획 및 조경설계 서비스업,1994-12-27,12월
(주)그리너리,Greenery Inc.,그리너리, ,황유식,기타법인,110111-7843364,401-88-02247,"서울특별시 영등포구 의사당대로 83 (여의도동, 오투타워) 4,5,6,8,17,19층", ,,경영 컨설팅업,2021-11-01,12월
(주)그리드위즈,"Gridwiz Co.,Ltd",그리드위즈,453450,김구환,코스닥시장,131111-0336238,144-81-10578,경기도 성남시 분당구 산운로208번길 25 1010빌딩,www.gridwiz.com,,"그 외 기타 전문, 과학 및 기술 서비스업",2013-03-05,12월
그리트프라이빗에쿼티 주식회사,"GRIT PRIVATE EQUITY Co., Ltd.",그리트프라이빗에쿼티, ,백지은,기타법인,110111-5911270,275-88-00164,"서울특별시 금천구 가산디지털1로 70 (가산동, 호서대벤처타워)", ,,경영 컨설팅업,2015-12-08,12월
주식회사 그리하여,Therefore Co. Ltd.,그리하여, ,오병욱,기타법인,110111-8713491,757-81-03010,"서울특별시 서초구 나루터로 59 (잠원동, 라성빌딩) 4층 4619호", ,,경영 컨설팅업,2023-08-10,12월
(주)그린랩스,"Greenlabs co., Ltd.",그린랩스, ,"안동현, 최성우, 신상훈",기타법인,110111-6387727,320-88-00732,"서울특별시 송파구 정의로8길 9 (문정동, AJ비전타워) 3-6층",www.greenlabs.co.kr,,기타 전문 서비스업,2017-05-02,12월
그린미디어(주),"Green Media co, Ltd.",그린미디어, ,공창원,기타법인,110111-2019837,214-86-63874,서울특별시 강남구 역삼1동 831-11 서울빌딩 202호,www.greenmedia.co.kr,,광고 대행업,1997-10-01,12월
주식회사 그린벳,greenvet,그린벳, ,박대우,기타법인,134511-0487618,243-87-01984,경기도 용인시 기흥구 용구대로2469번길 15 (보정동) GC 구성캠퍼스 1층, ,,수의업,2020-12-01,12월
(주)그린스트리트,"Green Street Co.,Ltd",그린스트리트, ,임지현,기타법인,110111-7833266,222-87-01901,서울특별시 강남구 언주로134길 6 202호-에이233(논현동), ,,공공관계 서비스업,2021-03-29,12월
그린시티컨설팅주식회사,greencityconsulting.co.ltd,그린시티컨설팅, ,정영도,기타법인,190111-0052883,220-87-07933,경상남도 진주시 금산면 중천리 285-12(201호), ,,경영 컨설팅업,2003-12-17,12월
주식회사 그린에스엠,"GSM Co.,Ltd",그린에스엠, ,이성희,기타법인,180111-0860569,617-86-08162,"부산광역시 해운대구 센텀중앙로 97 (재송동, 센텀스카이비즈) 2502=5호", ,,기타 엔지니어링 서비스업,2013-05-13,12월
그린에코넥서스 주식회사,"GREEN ECO NEXUS CO.,LTD.",그린에코넥서스, ,조광재,기타법인,110111-7952305,322-86-02066,"서울특별시 중구 수표로 34 (저동2가, 씨티센터타워),7층", ,,"기타 기술 시험, 검사 및 분석업",2021-07-09,12월
그린에코로직스 주식회사,"GREEN ECO LOGICS CO.,LTD",그린에코로직스, ,조광재,기타법인,110111-7961728,234-88-02180,경기도 평택시 안중읍 서해로 1219-6 (용성리) 그린에코로직스 주식회사, ,,"기타 기술 시험, 검사 및 분석업",2021-07-19,12월
그린에코리소스 유한회사,Green Eco Resource ,그린에코리소스, ,김홍열,기타법인,110114-0333548,167-86-03298,경기도 포천시 내촌면 부마로 270-23 (마명리), ,,경영 컨설팅업,2024-04-15,12월
(주)극동미디어넷,KukDong Medianet Inc. ,극동미디어넷, ,윤동립,기타법인,110111-2187014,204-81-57007,서울특별시 동대문구 장안동 416-10 삼우빌딩 301호,www.kdmanet.com,,그 외 기타 광고 관련 서비스업,2001-03-07,12월
(주)극동선박설계,"Far East Ship Design & Engineering co.,Ltd.",극동선박설계, ,인정강,기타법인,180111-0242981,604-81-36333,부산광역시 사상구 감전동 132-7 벽산디지털밸리 1113호, ,,기타 엔지니어링 서비스업,1997-10-14,12월
극동엔지니어링주식회사,Geukdong Engineering Co.Ltd,극동엔지니어링, ,이철준,기타법인,110111-1645344,208-81-26957,"인천광역시 남동구 경인로 617 303호 (간석동, 간석오피앙)",www.gdeng.co.kr,,건물 및 토목 엔지니어링 서비스업,1999-02-02,12월
(주)글라세움,"Glaceum inc.,",글라세움, ,유상구,기타법인,135811-0247974,135-86-43240,"경기도 수원시 영통구 신원로 304 (원천동, 영통이노플렉스-2단지) 3동 906호",www.glaceum.com,,의학 및 약학 연구개발업,2014-04-25,12월
주식회사 글라이칸,"Glycan Co., Ltd.",글라이칸, ,구본민,기타법인,110111-5692391,824-87-00028,"경기도 성남시 분당구 돌마로 172 (정자동, 분당서울대학교병원헬스케어혁신파크)",www.glycan.kr,,"그 외 기타 분류 안된 전문, 과학 및 기술 서비스업",2015-04-09,12월
(주)글러브엔터테인먼트,"Glove Entertainment Co.,Ltd",글러브엔터테인먼트, ,김기석,기타법인,110111-4090497,211-88-26438,서울특별시 용산구 한남대로20길 21-15 에이동(한남동),www.gloveent.com,,매니저업,2009-05-06,12월
주식회사 글렌로이드,Glenn Lloyd,글렌로이드, ,강기훈,기타법인,110111-6286341,218-81-23428,"서울특별시 영등포구 여의대방로65길 24 (여의도동, 호성빌딩) 9층 317호", ,,경영 컨설팅업,2017-01-11,12월
글로리아서비스(주),gloriaservice Ltd.,글로리아서비스, ,노성우,기타법인,110111-3864869,204-86-08030,서울특별시 동대문구 용두동 102-172, ,,광고 대행업,2008-03-21,12월
주식회사 글로벌,"GLOBAL Co,. LTD.",글로벌, ,장현석,기타법인,171211-0092062,602-88-00406,경상북도 경주시 강동면 천강로 920-37 (왕신리), ,,제조업 회사 본부,2016-06-21,12월
주식회사 글로벌그로스투자,GLOBALGROSS INVESTMENT INC.,글로벌그로스투자, ,박재훈,기타법인,134111-0647525,322-88-02847,"서울특별시 강남구 영동대로 517 (삼성동, ASEM및한국종합무역센타단지) 37충", ,,기타 엔지니어링 서비스업,2023-10-19,12월
주식회사 글로벌다이닝스탠다드,Global Dining Standard Corp.,글로벌다이닝스탠다드, ,김형철,기타법인,110111-7949584,794-81-02102,서울특별시 강남구 강남대로100길 13 (역삼동) 5층,gdsone.kr,,경영 컨설팅업,2021-07-14,12월
(주)글로벌리서치,GLOBAL RESEARCH,글로벌리서치, ,김범주,기타법인,110111-3073006,114-86-38681,"서울특별시 서초구 반포대로 45 (서초동, 명정빌딩) 2~4층",www.globalri.co.kr,,시장조사 및 여론조사업,2004-09-01,12월
글로벌세아(주),"GLOBAL SAE-A CO., LTD",글로벌세아, ,김기명,기타법인,110111-0581565,114-81-56118,서울특별시 강남구 영동대로 429 세아빌딩 (대치동),www.sae-a.com,,경영 컨설팅업,1988-08-16,12월
글로벌소싱앤드솔루션21(주),"Global Sourcing & Solutions 21, Inc.     ",글로벌소싱앤드솔루션21, ,정인조,기타법인,121111-0090175,130-81-82563,"경기도 부천시 원미로156번길 38 3층 301호(원미동, 지평교회)",www.globalss21.com/,,"기타 기술 시험, 검사 및 분석업",2001-10-12,12월
주식회사 글로벌심텍,"GLOBAL SIMMTECH Co., Ltd.",글로벌심텍, ,김영구,기타법인,150111-0248323,198-88-00867,"충청북도 청주시 흥덕구 산단로 73 (송정동, (주)심텍)",www.globalsimmtech.co.kr,,경영 컨설팅업,2018-02-21,12월
(주)글로벌에셋에프아이씨,Global Asset FIC CORP.,글로벌에셋에프아이씨, ,"최제성, 박근중",기타법인,110111-1615876,106-81-75884,서울특별시 강남구 신사동 660-7 2층, ,,매니저업,1998-12-04,12월
(주)글로벌엔지니어링테크놀로지,Global Engineering Technology ,글로벌엔지니어링테크놀로지, ,심수용,기타법인,110111-4335398,105-87-43891,"서울특별시 서대문구 충정로 7 (충정로3가, 구세군빌딩) 13층",www.getech.com.sg,,"건축기술, 엔지니어링 및 관련 기술 서비스업",2010-03-04,12월
글로벌오션인베스트(주),"Global Ocean Invest Co., LTD.",글로벌오션인베스트, ,변용희,기타법인,110111-4611417,220-88-18757,서울특별시 강남구 양재천로 163 에스티엑스빌딩 (도곡동), ,,경영 컨설팅업,2011-05-26,12월
(주)글로벌의학연구센터,Global Medical Research Center,글로벌의학연구센터, ,이환철,기타법인,110111-6727858,765-88-00920,"서울특별시 강남구 도산대로 107 (신사동, BIO), 17층", ,,의학 및 약학 연구개발업,2018-04-26,12월
글로벌제스트주식회사,GLOBAL ZEST,글로벌제스트, ,박준서,기타법인,110111-4033786,214-88-37176,서울특별시 서초구 서초동 1445-14 더샵서초 102-103호, ,,경영 컨설팅업,2009-01-23,12월
글로벌텍주식회사,"Global Technology Co., Ltd",글로벌텍, ,강석원,기타법인,130111-0049254,124-81-58826,충청남도 천안시 서북구 입장면 연곡길 392,www.gtv.co.kr,,기타 엔지니어링 서비스업,1998-11-03,12월
주식회사 글로벌파마,"global pama co.,ltd",글로벌파마, ,오창근,기타법인,110111-7222386,596-86-01407,"서울특별시 강남구 영동대로 602 6층 C174호 (삼성동, 삼성동미켈란107)", ,,경영 컨설팅업,2019-09-02,12월
주식회사 글로스퍼홀딩스,"Glosfer Holdings Co., Ltd.",글로스퍼홀딩스, ,김태원,기타법인,110111-6646701,203-88-01080,"서울특별시 서초구 강남대로 581 6층(잠원동, 푸른빌딩)", ,,경영 컨설팅업,2018-02-06,12월
(주)글로텍엔지니어링,Glotec Engineering,글로텍엔지니어링, ,김균,기타법인,110111-2733213,108-81-59497,"서울특별시 금천구 가산디지털1로 171, 12층 1201호~1218호, 13층 1301호~1318호 (가산동, 가산에스케이브이원센터)",gteng.co.kr,,기타 엔지니어링 서비스업,2003-03-07,12월
주식회사 글로텍이엔씨,"GLOTEC E&C CO.,Ltd",글로텍이엔씨, ,황창현,기타법인,110111-6723575,490-86-01017,"서울특별시 금천구 가산디지털1로 171 14층 1401호-1408호(가산동, 가산에스케이브이원센터)", ,,건물 및 토목 엔지니어링 서비스업,2018-04-23,12월
글링크미디어(주),GlinkMedia corporation,글링크미디어, ,임현재,기타법인,110111-7139185,669-81-01428,서울특별시 강남구 테헤란로 142 (아크플레이스) 위워크 역삼 5층,www.glinkmedia.co.kr,,광고 대행업,2019-06-24,12월
주식회사 금강기획,"Diamond Ad.,Ltd.",금강기획, ,채갑병,기타법인,110111-0359070,208-81-18743,서울특별시 서초구 잠원동 27-8,www.diamond.co.kr,,광고 대행업,1983-11-01,12월
금강산업개발 주식회사,"geumgang Co., Ltd",금강산업개발, ,정원조,기타법인,134811-0516429,167-88-01222,"전라북도 익산시 웅포면 강변로 130 (웅포리, 베어포트리조트)", ,,경영 컨설팅업,2019-09-16,12월
금강엔지니어링 주식회사,Kumkang Environmental Engineering,금강엔지니어링, ,정선용,기타법인,161511-0024459,312-81-27916,"충청남도 천안시 서북구 2공단2로 95 407호(차암동, 천안테크노타운)",www.kkeng.co.kr,,환경 관련 엔지니어링 서비스업,1997-09-02,12월
금강회계법인,Keumkang accounting corporation,금강회계법인, ,"박재형, 배남억",기타법인,165234-0012359,453-81-02614,"대전광역시 서구 계룡로 314 9층(갈마동, 대전일보사)",keumkangcpa.com,,공인회계사업,2022-01-12,03월
주식회사 금당건설,KEUM DANG,금당건설, ,김현진,기타법인,214111-0002285,307-81-37329,세종특별자치시 장군면 정자말길 15-18 (금암리), ,,건물 및 토목 엔지니어링 서비스업,2012-05-29,12월
금복홀딩스 주식회사,KUMBOK HOLDINGS,금복홀딩스, ,김일환,기타법인,170111-0006165,503-81-00338,대구광역시 달서구 성서로 276 (장동), ,,경영 컨설팅업,1975-01-18,12월
주식회사 금성종합건축사사무소,Geumsung architects&Associates co.Ltd,금성종합건축사사무소, ,"김상식, 김용미, 이석범",기타법인,110111-0097570,208-81-03935,서울특별시 서초구 동광로11길 115,www.gsarchi.co.kr,,건축설계 및 관련 서비스업,1968-12-28,12월
주식회사 금아,"GEUMA CO., LTD.",금아, ,김철현,기타법인,110111-6436178,718-88-00792,"서울특별시 영등포구 의사당대로1길 25 10층 1002호 (여의도동, 하남빌딩)", ,,경영 컨설팅업,2017-06-21,12월
금오도해상풍력 주식회사 ,"Geumodo Offshore Wind Power Co., Ltd.",금오도해상풍력, ,김민태,기타법인,206211-0084976,319-88-02439,전라남도 여수시 좌수영로 962-12 (봉계동) 2층 8호, ,,경영 컨설팅업,2022-06-16,12월
금호기술검사 주식회사,KUMHO Engineering Inspection,금호기술검사, ,김영채,기타법인,200111-0143605,410-81-67681,"광주광역시 서구 상무공원로 126 (치평동, 호반아파트상가 지층)", ,,"기타 기술 시험, 검사 및 분석업",2001-10-18,12월
주식회사 기경인베스트먼트,kikyounginvestment.co.ltd,기경인베스트먼트, ,권중실,기타법인,110111-3631135,108-81-78586,서울특별시 동작구 노량진동267-6 4층,-,,경영 컨설팅업,2007-03-06,12월
주식회사 기로,"Khiro Co., Ltd.",기로, ,성준경,기타법인,110111-7080461,877-81-01470,"서울특별시 서초구 법원로2길 23 (서초동, 한성빌딩) 302호", ,,경영 컨설팅업,2019-04-16,12월
기린뉴시니어라이프주식회사,kirinnewseniorlife,기린뉴시니어라이프, ,김민수,기타법인,134511-0419687,303-88-01599,"경기도 남양주시 순화궁로 272 (별내동, 동광비즈타워별내)12층 1220호", ,,경영 컨설팅업,2019-11-25,12월
주식회사 기반테크,Kiban Tech.co.ltd,기반테크, ,최규설,기타법인,110111-5316975,220-88-72033,경기도 안성시 삼죽면 밤고개1길 10, ,,"그 외 기타 분류 안된 전문, 과학 및 기술 서비스업",2014-01-15,12월
기유홀딩스주식회사,"KEYOU HOLDINGS. CO., LTD.",기유홀딩스, ,임용빈,기타법인,110111-2689482,107-86-29277,서울특별시 서초구 서초동 1338-21 코리아비즈니스센터빌딩 1012호, ,,경영 컨설팅업,2003-01-09,12월
(주)길교이앤씨,"GILGYO E&C Co., Ltd.",길교이앤씨,456700,김선동,기타법인,110111-3101097,119-81-76216,경상북도 포항시 남구 철강로 306,길교.com,,"건축기술, 엔지니어링 및 관련 기술 서비스업",2004-10-19,12월
(주)길종합건축사사무소이엔지,GIL ARCHITECTS AND ENGINEERS CO.LTD,길종합건축사사무소이엔지, ,이길환,기타법인,214911-0010092,403-81-15360,전라북도 전주시 완산구 서곡5길 14-3 (효자동3가),www.gilgroup.co.kr,,건축설계 및 관련 서비스업,1996-06-26,12월
주식회사 길천실업,GILCHEUN CORPORATION,길천실업, ,유선형,기타법인,110111-0397863,116-81-11043,서울특별시 영등포구 여의도동 60, ,,"물리, 화학 및 생물학 연구개발업",1985-04-19,12월
(주)김앤에이엘,Kim-aL Communications,김앤에이엘, ,김명하,기타법인,110111-2682650,220-86-54536,서울특별시 강남구 역삼동 688-4 아시아빌딩5층,www.kim-al.co.kr,,광고 대행업,2002-12-30,12월
(주)까락컴퍼니,carac company corp,까락컴퍼니, ,전혜진,기타법인,134511-0547264,865-86-02336,"경기도 용인시 기흥구 동백중앙로 191 씨동 8281호(중동, 씨티프라자)", ,,매니저업,2021-11-08,12월
꽃엔터테인먼트,Flowerentertainment,꽃엔터테인먼트, ,최수자,기타법인,110111-3390864,120-86-92899,서울특별시 강남구 삼성동 85-21 2층, ,,매니저업,2006-02-01,12월
주식회사 끄라나희엘엠,KKRANAHEELM,끄라나희엘엠, ,신소영,기타법인,174311-0016439,185-81-03059,대구광역시 군위군 군위읍 장천로 895 (수서리), ,,옥외 광고업,2023-05-24,12월
주식회사 나눔에셋,Nahnum Asset Management Co. Ltd.,나눔에셋, ,서영수,기타법인,110111-3210640,105-86-78321,서울특별시 마포구 도화동 555 한화오벨리스크 214호, ,,경영 컨설팅업,2005-04-20,12월
(주)나라기술단,nara engineering consultant,나라기술단, ,박우현,기타법인,110111-0955893,211-81-98909,"서울특별시 강남구 논현로142길 34 (논현동, 나라빌딩)",www.nara-eng.com,,기타 엔지니어링 서비스업,1993-07-30,12월
나래건민회계법인,NaraeKunmin Accounting Corporation,나래건민회계법인, ,"유진호, 서민호, 유경그, 장문원(각자대표)",기타법인,114334-0009701,119-86-05088,"서울특별시 금천구 디지털로 121 (가산동, 에이스가산타워)1209호",-,,공인회계사업,2008-02-15,03월
(주)나로개발,naroenc,나로개발, ,위명희,기타법인,135311-0013482,138-81-56977,"경기도 안양시 동안구 학의로 250 (관양동, 관양두산벤처다임)807호", ,,"건축기술, 엔지니어링 및 관련 기술 서비스업",2010-01-04,12월
주식회사 나로이엔씨,naroenc,나로이엔씨, ,위명희,기타법인,134111-0598562,360-86-02433,"경기도 안양시 동안구 학의로 250 807호(관양동, 관양두산벤처다임)", ,,"건축기술, 엔지니어링 및 기타 과학기술 서비스업",2021-12-15,12월
나매인 주식회사,NAMAIN Corporation,나매인, ,김민국,기타법인,110111-7394862,421-87-01696,서울특별시 마포구 어울마당로5길 7 (서교동) 5층, ,,광고 대행업,2020-02-18,12월
(주)나무엑터스,NAMOO ACTORS,나무엑터스, ,김동식,기타법인,110111-2936792,211-87-45291,"서울특별시 강남구 언주로150길 34 6층(논현동,삼경빌딩)",www.namooactors.com,,매니저업,2004-01-15,12월
(주)나무온,"NAMUON CO., LTD.",나무온, ,조영주,기타법인,131111-0270569,129-86-54290,"서울특별시 동작구 사당로 261 (사당동, 나무온스퀘어) 3층", ,,광고 대행업,2010-12-17,12월
(주)나무이쿼티,"Namu Equity Co., Ltd",나무이쿼티, ,전종화,기타법인,110111-4148436,220-87-84963,경기도 용인시 수지구 성복동 84 성동마을 강남빌리지 104-1101, ,,사업 및 무형 재산권 중개업,2009-07-29,12월
나무자산운용 주식회사,"TG Invest Co., Ltd.",나무자산운용, ,이병협,기타법인,110111-7853991,167-81-02329,서울특별시 용산구 신흥로26길 29 (용산동2가),-,,경영 컨설팅업,2021-04-20,12월
(주)나무커뮤니케이션,NAMUCOMMUNICATIONS,나무커뮤니케이션, ,김병섭,기타법인,110111-2677750,120-86-46264,"서울특별시 송파구 중대로 135 (가락동, 아이티벤처타워) 13층 서관 1301호",www.namukorea.com,,광고 대행업,2002-12-23,12월
주식회사 나무코프,NAMUCORP,나무코프, ,민유성,기타법인,110111-2718405,211-87-28671,"서울특별시 강남구 논현로 318 (역삼동, 메디빌딩) 2층", ,,경영 컨설팅업,2013-07-03,12월
주식회사 나스에쿼티,NA''S EQUITY CO. LTD,나스에쿼티, ,강상진,기타법인,134511-0346616,496-86-00976,"경기도 성남시 분당구 황새울로335번길 10 (서현동, 멜로즈프라자) 5층 506호", ,,경영 컨설팅업,2018-01-18,12월
(주)나스텍엔지니어링,"NASSTECHENG.CO.,LTD",나스텍엔지니어링, ,정철권,기타법인,176011-0029379,513-81-26320,경기도 안양시 동안구 평촌동 126-1 두산벤처다임 531호,www.nasstech.co.kr,,건물 및 토목 엔지니어링 서비스업,2002-04-25,12월
주식회사 나우동인건축사사무소,NOW Arhitects ,나우동인건축사사무소, ,"김수훤, 박병욱, 안대호",기타법인,110111-8489399,219-87-03053,"서울특별시 서초구 매헌로 54 (양재동, 나우건축)", ,,건축설계 및 관련 서비스업,2022-11-30,12월
주식회사 나우씨엠건축사사무소,NOW CM Architects,나우씨엠건축사사무소, ,김홍룡,기타법인,110111-1283293,213-86-27292,"서울특별시 서초구 매헌로 54 (양재동, 커매닉빌딩)",www.nowarch.com,,건축설계 및 관련 서비스업,1994-06-27,12월
나우회계법인,Nau Accounting Corporation,나우회계법인, ,"고창로, 최청운",기타법인,114634-0039512,211-88-58338,"서울특별시 강남구 학동로 158 501 논현동,율암빌딩", ,,공인회계사업,2011-04-11,03월
나운기술 주식회사,"Nawoon Tech Co,. Ltd",나운기술, ,이건환,기타법인,135511-0234399,140-81-60891,경기도 시흥시 정왕1동 시화공단3나 206호, ,,경영 컨설팅업,2012-02-10,12월
나이스알앤씨(주),"NICE Research & Consulting, Inc",나이스알앤씨, ,이상호,기타법인,110111-3797151,107-87-03478,서울특별시 영등포구 여의도동 14-33,www.nicerc.co.kr,,시장조사 및 여론조사업,2007-11-30,12월
나이스인베스트먼트 주식회사,"NICE Investment Co,. Ltd.",나이스인베스트먼트, ,조대민,기타법인,164811-0061618,312-86-30959,충청남도 예산군 삽교읍 산단1길 140,-,,경영 컨설팅업,2011-09-05,12월
나인원벤처스주식회사,Nineoneventures inc,나인원벤처스, ,최원구,기타법인,110111-7918745,429-86-02144,"서울특별시 강남구 봉은사로 510 (삼성동, 삼성동포스코더샵) 204호", ,,경영 컨설팅업,2021-06-11,12월
주식회사 나인인베스트,Nineinvest.co,나인인베스트, ,김성오,기타법인,110111-7685576,478-88-01724,"서울특별시 강서구 마곡중앙4로 22 (마곡동, 파인스퀘어)B동818호", ,,경영 컨설팅업,2020-11-17,03월
나인케이컴퍼니 주식회사,"Nainkaycompany, Inc.",나인케이컴퍼니, ,이봉관,기타법인,110111-6615938,477-86-01009,서울특별시 영등포구 의사당대로 97 17층 (여의도동), ,,회사 본부 및 경영 컨설팅 서비스업,2018-01-01,12월
주식회사 나인후르츠미디어,"9Fruitsmedia,Inc.",나인후르츠미디어, ,김남호,기타법인,110111-2150459,215-86-03020,서울특별시 강남구 역삼동 725-21 청송빌딩,www.9,,광고 대행업,2001-01-13,12월
남경회계법인,Namkyung Accounting Corporation,남경회계법인, ,신용수,기타법인,184134-0006674,605-86-19759,"부산광역시 부산진구 중앙대로 627 (범천동, 삼비빌딩 805호)", ,,공인회계사업,2013-04-01,12월
주식회사 남선홀딩스,"Namsun Holdings Co., Ltd",남선홀딩스, ,박귀봉,기타법인,170111-0706393,659-86-01386,대구광역시 달성군 논공읍 논공중앙로 288 (본리리), ,,경영 컨설팅업,2018-12-27,12월
남성홀딩스(주),NAMSUNG HOLDINGS CORP.,남성홀딩스, ,김용규,기타법인,110111-0158439,202-81-46218,"서울특별시 중구 삼일대로 363 17층(장교동, 장교빌딩)", ,,경영 컨설팅업,1974-01-15,12월
주식회사 남송바이탈,NAMSONGVITAL,남송바이탈, ,이영주,기타법인,110111-6657584,489-86-00978,대구광역시 남구 앞산순환로95길 42 (대명동), ,,농림수산학 및 수의학 연구개발업,2018-02-09,12월
(주) 남송인피니티,Inc.NamSonginpiniti,남송인피니티, ,김양임,기타법인,110111-7806552,781-87-02049,"서울특별시 성동구 독서당로62길 43 (응봉동, 대림아파트) 7동 701호", ,,경영 컨설팅업,2022-04-26,12월
남일회계법인,NAM-IL  Accounting Corporation,남일회계법인, ,김용성,기타법인,180134-0000125,601-81-31552,"부산광역시 부산진구 범일로 162 (범천동,부산건설회관)",www.namil.net,,공인회계사업,1997-04-01,03월
(주)내경엔지니어링,NaeKyung Eng Corp.,내경엔지니어링, ,강한구,기타법인,110111-0684715,138-81-10200,"경기도 안양시 동안구 인덕원로 16 (관양동, 2층)", ,,건물 및 토목 엔지니어링 서비스업,1990-03-21,12월
주식회사 내이처건설건축사사무소,"Nature Construction Co.,Ltd.",내이처건설건축사사무소, ,조일권,기타법인,110111-3819533,114-86-63991,서울특별시 서초구 방배2동 462-6 2층 201,www.pannature.com,,건축설계 및 관련 서비스업,2008-01-09,12월
내일회계법인,Naeil Accounting Corporation,내일회계법인, ,최규진,기타법인,181134-0004324,457-81-00127,"부산광역시 해운대구 센텀중앙로 78 ,1608호 (우동, 센텀그린타워)",-,,공인회계사업,2015-04-01,03월
유한회사 내추럴코어,NATURALCORE,내추럴코어, ,김신우,기타법인,110114-0245389,371-86-01472,"서울특별시 송파구 올림픽로 269 817호(신천동, 롯데캐슬골드)", ,,경영 컨설팅업,2019-07-19,12월
(주)내츄럴엔도텍,"Naturalendo Tech Co., Ltd",내츄럴엔도텍,168330,김희도,코스닥시장,110111-2246414,106-81-99964,"경기도 성남시 분당구 판교로 255 번길 58, 에이동 301호",www.naturalendo.com,,"물리, 화학 및 생물학 연구개발업",2001-05-31,12월
(주)내츄럴포스,"NATURAL FORCE CO., LTD",내츄럴포스, ,김관민,기타법인,110111-3279456,211-87-68843,서울특별시 강남구 청담동 100-7 예인빌딩 3층, ,,매니저업,2005-07-29,12월
(주) 네모파트너즈에프앤브이,Nemo Partners F&V,네모파트너즈에프앤브이, ,이수범,기타법인,110111-2083775,120-86-12653,서울특별시 강남구 역삼동 838 프루덴셜타워 13층,www.nemopartners.com,,경영 컨설팅업,2000-10-05,12월
주식회사 네오나노메딕스코리아,"NeoNanoMedicsKorea Co.,Ltd.",네오나노메딕스코리아, ,조연구,기타법인,110111-6579879,331-86-00801,"경기도 성남시 분당구 판교역로 225-15 (삼평동, 업무B동) 5층",www.neonanomedics.com,,의학 및 약학 연구개발업,2017-12-01,12월
네오뉴테라 주식회사,"Neo New Terra Co., Ltd.",네오뉴테라, ,최성문,기타법인,110111-6815637,111-81-34357,서울특별시 종로구 새문안로 68 (신문로1가), ,,회사 본부 및 경영 컨설팅 서비스업,2018-07-18,01월
네오드림하우스 주식회사,"Neo Dream House Co., Ltd.",네오드림하우스, ,최성문,기타법인,110111-6562725,313-88-00807,서울특별시 영등포구 여의나루로 61 (여의도동), ,,회사 본부 및 경영 컨설팅 서비스업,2017-11-09,11월
주식회사 네오디지탈플러스,NEO DIGITAL PLUS,네오디지탈플러스, ,한봉수,기타법인,120111-0969793,758-87-01017,인천광역시 서구 경명대로 322 (경서동), ,,"기타 기술 시험, 검사 및 분석업",2018-11-28,12월
네오밸류 주식회사,Neo Value,네오밸류, ,진태준,기타법인,110111-5032703,201-86-30585,서울특별시 중구 을지로6가 두산타워빌딩, ,,경영 컨설팅업,2012-12-21,12월
주식회사 네오브레인,Neo brain Inc.,네오브레인, ,정두영,기타법인,110111-8811956,554-86-03191,"서울특별시 영등포구 국회대로68길 23 (여의도동, 정원빌딩) 308 309호", ,,경영 컨설팅업,2023-12-07,12월
(주)네오브이,NEOV INC.,네오브이, ,김수현,기타법인,110111-3487679,113-86-06866,"서울특별시 구로구 디지털로33길 12 (구로동, 우림이비지센터2차) 14층",www.neov.co.kr,,광고 대행업,2006-07-04,12월
주식회사 네오솔루션즈,Neo-solutions Inc.,네오솔루션즈, ,정두영,기타법인,110111-8902896,325-87-03265,"서울특별시 영등포구 국회대로68길 23 (여의도동, 정원빌딩) 308 309호", ,,경영 컨설팅업,2024-03-21,12월
네오스텔라 주식회사,"Neo Stellar co., ltd.",네오스텔라, ,임지현,기타법인,110111-6775310,268-86-01098,서울특별시 영등포구 여의나루로 61 (여의도동), ,,회사 본부 및 경영 컨설팅 서비스업,2018-06-08,02월
네오아티잔 주식회사,"Neo Artisan Co., Ltd.",네오아티잔, ,홍용완,기타법인,110111-7557519,121-88-00076,"서울특별시 강남구 압구정로42길 50 4층(신사동, 우진빌딩)", ,,경영 컨설팅업,2020-07-16,12월
(유)네오앤파트너스,neonpartners,네오앤파트너스, ,이진광,기타법인,131114-0010365,625-81-01471,경기도 성남시 분당구 운중로 192 3층(운중동), ,,경영 컨설팅업,2019-06-19,12월
(주)네오엔비즈,neoenbiz,네오엔비즈, ,이규태,기타법인,135811-0080704,135-81-53549,경기도 부천시 원미구 성곡로97번길 74 도약로 261 부천대우테크노파크 A-1306,www.neoenbiz.com/index.html,,환경 관련 엔지니어링 서비스업,2002-04-08,12월
주식회사 네오영,Neo-young Inc.,네오영, ,정두영,기타법인,110111-8998019,652-87-03094,"서울특별시 영등포구 국회대로68길 23 (여의도동, 정원빌딩)", ,,경영 컨설팅업,2024-07-09,12월
주식회사 네오위즈파트너스,NEOWIZ Partners,네오위즈파트너스, ,김상욱,기타법인,110111-3667586,120-87-14250,경기도 성남시 분당구 대왕판교로645번길 14 (삼평동) 네오위즈판교타워,https://www.neowizpartners.com/,,경영 컨설팅업,2007-04-26,12월
주식회사 네오이뮨텍,"NeoImmuneTech, Inc.",네오이뮨텍,950220,-,코스닥시장, ,47452,"2400 Research Boulevard, Suite 250, Rockville, MD 20850",neoimmunetech.co.kr,,자연과학 및 공학 융합 연구개발업,2014-01-29,12월
주식회사 네오젠티씨,NeogenTC,네오젠티씨, ,이희진,기타법인,110111-7385332,888-86-01612,"서울특별시 송파구 올림픽로43길 88 11층 (풍납동, 서울아산병원)",www.neogentc.com,,"물리, 화학 및 생물학 연구개발업",2020-02-11,12월
주식회사 네오컴퍼니,NEO COMPANY.INC,네오컴퍼니, ,임채화,기타법인,131411-0315715,134-87-23141,"서울특별시 송파구 백제고분로20길 13-8 5층 10호-5 (잠실동, 삼우빌딩)", ,,경영 컨설팅업,2014-03-13,12월
네오큐 주식회사,"NEOQ Co.,LTD",네오큐, ,안병용,기타법인,120111-1346388,207-81-59741,"인천광역시 서구 경명대로 322 (경서동, 엘지전자인천캠퍼스)",www.neoqvalidation.com/,,"그 외 기타 분류 안된 전문, 과학 및 기술 서비스업",2023-11-17,12월
주식회사 네패스아크,Nepes Ark Corporation,네패스아크,330860,"이창우, 이병구(각자 대표이사)",코스닥시장,150111-0267365,413-86-01441,충청북도 괴산군 청안면 네패스로 42 주식회사 네패스아크,www.nepesark.co.kr,,"그 외 기타 전문, 과학 및 기술 서비스업",2019-04-01,12월
(주)넥서스인베스트먼트,"NEXUS investment Co.,Ltd.",넥서스인베스트먼트, ,이병국,기타법인,110111-6572782,399-86-00938,"서울특별시 강남구 테헤란로87길 36 (삼성동, 도심공항타워) 6층 603호", ,,경영 컨설팅업,2017-11-20,12월
주식회사 넥서스칩스,"NexusChips Co., Ltd.",넥서스칩스, ,김학근,기타법인,110111-2402313,212-81-55432,서울특별시 송파구 가락본동 IT벤쳐타워 서관 12층,www.nexuschips.com,,전기ㆍ전자공학 연구개발업,2001-12-20,12월
(주)넥셀,NEXEL,넥셀, ,한충성,기타법인,110111-4967208,109-86-37282,"서울특별시 동대문구 왕산로 21 (신설동, 민족통일대통령빌딩) 901,902,1101호",https://www.nexel.co.kr/,,의학 및 약학 연구개발업,2012-09-24,12월
주식회사 넥스아이,"NEX-I, Inc.",넥스아이, ,윤경완,기타법인,110111-7849370,439-88-01904,"서울특별시 송파구 송파대로 201 (문정동, 송파테라타워2) 922,923,924호",www.nex-i.co.kr,,의학 및 약학 연구개발업,2021-04-12,12월
(주)넥스인베스트먼트,Nexinvestment Co. Ltd,넥스인베스트먼트, ,한명건,기타법인,110111-5478171,120-88-16629,"서울특별시 강남구 영동대로85길 20-7 5층 569호(대치동,우협빌딩)", ,,경영 컨설팅업,2014-07-29,12월
주식회사 넥스지오,NEXGEO Inc.,넥스지오, ,윤운상,기타법인,110111-2309014,119-81-49932,"서울특별시 송파구 양재대로66길 39 정화빌딩 5층, 6층",www.nexgeo.co.kr,,건물 및 토목 엔지니어링 서비스업,2001-08-16,12월
(주)넥스턴바이오,NEXTURN Bio Inc.,넥스턴바이오, ,김의서,기타법인,110111-7850989,517-88-01785,"서울특별시 강남구 도산대로 420 7층 (청담동, 청담스퀘어)", ,,의학 및 약학 연구개발업,2021-04-16,12월
(주)넥스트미디어그룹,"NEXT MEDIA GROUP Co.,Ltd.",넥스트미디어그룹, ,윤민혁,기타법인,110111-6742179,545-81-00889,"서울특별시 강남구 언주로 637 (논현동, 싸이칸타워) 13층",www.nextmediagroup.co.kr/,,광고 대행업,2018-05-01,12월
(주)넥스트젠바이오사이언스,NEXTGENBIOSCIENCE,넥스트젠바이오사이언스, ,이봉용,기타법인,131111-0528653,586-81-01249,"경기도 성남시 분당구 판교로228번길 17 (삼평동, 판교세븐벤처밸리2)이랜텍동 3층",www.nextgenbio.co.kr,,의학 및 약학 연구개발업,2018-08-21,12월
(주)넥스트젠엠앤씨,NEXTGENMNC,넥스트젠엠앤씨, ,서현석,기타법인,110111-7947900,494-86-02605,서울특별시 강남구 논현로142길 25 (논현동),06049,,광고 대행업,2021-07-07,12월
넥스트카본솔루션 주식회사,Next Carbon Solution Corporation,넥스트카본솔루션, ,박철홍,기타법인,110111-8848397,147-86-03237,"서울특별시 서초구 강남대로 27 (양재동, AT센터) 13층 1301호", ,,기타 전문 서비스업,2024-01-18,12월
넥스홀딩스 주식회사,"NEX Holdings Co., Ltd.",넥스홀딩스, ,테페이코노 (Teppei Kono),기타법인,110111-4885955,220-88-39387,서울특별시 서초구 반포대로 235 (반포동), ,,경영 컨설팅업,2012-06-07,12월
주식회사 넥슨에이치큐,"Nexon HQ Co.,Ltd.",넥슨에이치큐, ,이정헌,기타법인,131111-0078075,144-81-39731,경기도 성남시 분당구 판교로256번길 7 (삼평동) 10층, ,,경영 컨설팅 및 공공 관계 서비스업,2025-11-26,12월
주식회사넴코코리아,"Nemko Korea Co., Ltd.",넴코코리아, ,양승인,기타법인,134111-0055851,138-81-14472,경기도 용인시 처인구 유림로 165-51 (유방동),www.nemko.com/,,"기타 기술 시험, 검사 및 분석업",1997-07-01,12월
(주)넵튜터스,NEPTUTERS CO.LTD,넵튜터스, ,유길상,기타법인,110111-6113627,263-88-00399,"서울특별시 강남구 논현로 509 (역삼동, 송암II빌딩) 비706", ,,경영 컨설팅업,2016-07-06,12월
주식회사 넷제로,"BYFOREST CO., LTD",넷제로, ,신서경,기타법인,110111-8124614,894-88-02148,"서울특별시 강남구 선릉로 704 10층 (청담동, 청담빌딩)", ,,경영 컨설팅업,2021-12-10,12월
주식회사 넷폼알앤디,NETFORM R&D Corp.,넷폼알앤디, ,이승우,기타법인,110111-7758034,403-81-84528,경기도 오산시 서동로 77 1층 3층(서동),www.netformrnd.com/,,기타 공학 연구개발업,2021-01-21,12월
넷플릭스서비시스코리아 유한회사,Netflix Services Korea Ltd.,넷플릭스서비시스코리아, ,레지날드숀톰슨,기타법인,110114-0165686,165-87-00119,"서울특별시 종로구 우정국로 26 타워 에이 20층 (공평동, 센트로폴리스)", ,,"그 외 기타 전문, 과학 및 기술 서비스업",2015-08-01,12월
(주)노무라마이크로사이언스코리아,"Nomura Micro Science Korea Co., Ltd.",노무라마이크로사이언스코리아, ,"김종산, 센다토요사쿠",기타법인,161211-0002667,307-81-05604,경기도 성남시 분당구 성남대로779번길 20 (이매동) 에이스빌딩 5층,www.nomura-nmsk.co.kr,,기타 엔지니어링 서비스업,1994-01-03,12월
노무라 인터내셔널 펀딩 피티이,NOMURA INTERNATIONAL FUNDING PTE. LTD.,노무라인터내셔널펀딩피티이, ,Alok Vimalkishore Tapadia,기타법인, ,40367,10 Marina Boulevard Marina Bay Financial Centre Tower 2, ,,기타 산업 회사 본부,2012-05-17,03월
주식회사 노바셀테크놀로지,Novacell Technology Inc,노바셀테크놀로지, ,이태훈,기타법인,171711-0042356,506-81-36908,"경상북도 포항시 남구 청암로 77 (지곡동, 포항공과대학교)",www.novacelltech.com,,의학 및 약학 연구개발업,2000-06-23,12월
(주)노벨티노빌리티,Novelty Nobility Inc.,노벨티노빌리티, ,박상규,기타법인,135811-0324061,555-81-00697,경기도 성남시 분당구 운중로 227 (판교동) 6층,www.noveltynobility.com,,의학 및 약학 연구개발업,2017-08-28,12월
(주)노보믹스,"Novomics Co., Ltd.",노보믹스,283100,허용민,기타법인,110111-4296029,110-81-90017,서울특별시 영등포구 당산로 171 306호,novomics.com/,,자연과학 및 공학 연구개발업,2010-03-04,12월
(주)노보스,"NOVOS, Incorporated",노보스, ,정지택,기타법인,110111-1886055,201-81-28880,서울특별시 종로구 공평동 제일은행본점건물 16층,novos.co.kr,,경영 컨설팅업,2000-02-22,12월
노보텍래버러토리코리아 주식회사,"Novotech Laboratory Korea Co., Ltd.",노보텍래버러토리코리아, ,존 러셀 몰러,기타법인,110111-4270461,214-88-53633,경기도 성남시 중원구 둔촌대로 474, ,,기타 전문 서비스업,2010-01-26,12월
노보텍아시아코리아(주),"Novotech Asia Korea Co., ltd.",노보텍아시아코리아, ,존러셀몰러,기타법인,110111-3829201,120-87-24011,"서울특별시 강남구 테헤란로87길 22 (삼성동, 한국도심공항터미널) 405호", ,,"그 외 기타 분류 안된 전문, 과학 및 기술 서비스업",2008-01-23,06월
(주)노브메타파마,"NovMetaPharma Co., Ltd.",노브메타파마,229500,"황선욱, 정회윤  (각자 대표)",코넥스시장,110111-4465111,120-87-61016,"서울특별시 강남구 언주로 727 13층 (논현동, 트리스빌딩)",www.novmeta.com,,의학 및 약학 연구개발업,2010-11-04,12월
노블리언 제1차,NOBLEAN NO.1,노블리언제1차, ,오유준,기타법인,180111-1522499,516-87-02668,부산광역시 해운대구 구남로21번길 6 (중동) 엘본더스테이 3402, ,,"광고물 문안, 도안, 설계 등 작성업",2021-12-23,12월
주식회사 노스퀘스트,"NosQuest Co.,Ltd",노스퀘스트, ,"조응준, 유신종",기타법인,131111-0272945,129-86-55659,"경기도 성남시 분당구 대왕판교로 660 (삼평동, 유스페이스1 에이동 1103호-2)", ,,의학 및 약학 연구개발업,2011-01-17,12월
노스타캐피탈파트너스 주식회사,"Norstar Capital Partners Co., Ltd.",노스타캐피탈파트너스, ,신치호,기타법인,110111-1258254,220-81-43354,서울특별시 영등포구 여의도동 정우빌딩 612, ,,사업 및 무형 재산권 중개업,1996-04-04,12월
노스타코리아 주식회사,NORSTAR KOREA INC.,노스타코리아, ,신치호,기타법인,110111-2634049,107-86-25081,서울특별시 강남구 삼성동 159-1 아셈타워30층 3059호, ,,경영 컨설팅업,2002-10-18,12월
주식회사 노티플러스,"Notiplus Co., Ltd.",노티플러스, ,LEE YOUNG JAE,기타법인,135711-0120560,596-87-00782,서울특별시 강남구 테헤란로37길 7,www.notiplus.co.kr/,,광고 대행업,2017-04-26,12월
주식회사 녹십자헬스케어시스템스,Greencross Healthcare Systems,녹십자헬스케어시스템스, ,조응준,기타법인,134511-0047678,135-81-44486,경기도 용인시 구성면 보정리 303,greencross.com,,경영 컨설팅업,2001-03-13,12월
(주)녹십자홀딩스,Green Cross Holdings,녹십자홀딩스,005250,"허일섭, 허용준",유가증권시장,134511-0000014,135-81-05009,경기 용인시 구성읍 동백리 (주)녹십자 303,www.gccorp.com,,회사 본부 및 경영 컨설팅 서비스업,1967-10-05,12월
주식회사 녹턴벤처스,"Nocturne Ventures Co., Ltd.",녹턴벤처스, ,성종훈,기타법인,110111-7945433,881-88-02142,"서울특별시 서초구 서초대로 397 ,에이동 2607호(서초동, 부띠크모나코)", ,,경영 컨설팅업,2021-07-05,12월
(주)농심기획,Nong Shim Communications,농심기획, ,문재한,기타법인,110111-1305188,118-81-14916,"서울특별시 동작구 여의대방로 112 (신대방동, 농심신대방사옥) 농심관 2층",www.nscom.co.kr,,광고 대행업,1996-08-05,12월
농심엔지니어링(주),"NongShim Engineering co., Ltd.",농심엔지니어링, ,우덕현,기타법인,110111-1444069,118-81-17174,"서울특별시 동작구 여의대방로 112 (신대방동, 농심신대방사옥)",www.nongshimeng.com,,기타 엔지니어링 서비스업,1997-07-24,12월
농업회사법인 주식회사 대경푸드빌,"Daekyeongfoodville co.,ldt",농업회사법인대경푸드빌, ,염종록,기타법인,120111-0705832,137-86-47446,인천광역시 서구 소담2로 47 (금곡동)아이푸드산업단지, ,,제조업 회사 본부,2014-04-23,12월
농업회사법인 서해안영농조합(주),"Seohaean Farming Association Co., Ltd",농업회사법인서해안영농조합, ,전승근,기타법인,161411-0012399,316-81-03949,충청남도 서산시 장동 311-1,없음,,"그 외 기타 분류 안된 전문, 과학 및 기술 서비스업",2003-01-01,12월
농업회사법인 현대에이비지구영농조합법인 주식회사,"Hyundae AB area Farming Association Co.,Ltd",농업회사법인현대에이비지구영농조합법인, ,지원근,기타법인,161411-0013602,316-81-05030,충청남도 서산시 부석면 창리 248-9 펜션 B-101,www.현대AB지구영농조합.com,,"그 외 기타 분류 안된 전문, 과학 및 기술 서비스업",2004-01-13,12월
(주)농협경제연구소,NHERI,농협경제연구소, ,이수화,기타법인,110111-3537846,110-81-76349,"서울특별시 중구 통일로 92 (순화동, 에이스타워) 6층 농협경제연구소",www.nheri.re.kr/,,경제 및 경영학 연구개발업,2006-10-02,12월
(주)누리유니슨홀딩스,"Nuriunisonholdings Co., Ltd",누리유니슨홀딩스, ,이강우,기타법인,131111-0560788,296-87-01561,"경기도 안산시 상록구 팔곡두레길 111 (팔곡일동), 4층", ,,경영 컨설팅업,2019-07-12,12월
주식회사 누베베,Nubebe Corp.,누베베, ,오수미,기타법인,230111-0104627,610-81-72896,경기도 성남시 분당구 성남대로926번길 10 (야탑동) 탑빌딩 2층, ,,경영 컨설팅업,2004-06-24,12월
주식회사 뉴데이즈,Newdays,뉴데이즈, ,신미경,기타법인,110111-0989222,211-86-38056,"서울특별시 중구 세종대로 39 (남대문로4가, 대한서울상공회의소)10층", ,,"광고물 문안, 도안, 설계 등 작성업",1993-12-04,12월
(주)뉴라이프비에스티,"NewLife BST Co.,Ltd.",뉴라이프비에스티, ,안채은,기타법인,110111-8144547,601-86-02294,"서울특별시 금천구 가산디지털1로 5 (가산동, 대륭테크노타운20차) 813호", ,,"물리, 화학 및 생물학 연구개발업",2021-12-27,12월
(주)뉴라클사이언스,NEURACLE SCIENCE CO. LTD,뉴라클사이언스, ,성재영,기타법인,110111-5850105,403-87-00229,"서울특별시 성북구 안암로 145 (안암동5가, 고려대학교안암캠퍼스) 자연계 산학관 702-2호", ,,"물리, 화학 및 생물학 연구개발업",2015-10-01,12월
주식회사 뉴런,newrun,뉴런, ,최원,기타법인,135811-0479808,496-87-03077,"경기도 수원시 팔달구 장다리로 179 309호(인계동, 오피스밸리 3035호)", ,,경영 컨설팅 및 공공 관계 서비스업,2023-11-10,12월
뉴런엔지니어링 주식회사,Neuron Engineering,뉴런엔지니어링, ,"이동준, 안금준",기타법인,121111-0253939,130-86-82710,경기도 부천시 원미구 수도로 90 (도당동) 5층 일부, ,,엔지니어링 서비스업,2013-07-01,12월
뉴레이크인바이츠투자 주식회사,"NEWLAKE INVITESINVESTMENT CO., LTD",뉴레이크인바이츠투자, ,홍문기,기타법인,110111-8582888,611-86-02840,"서울특별시 성동구 광나루로 176 6층 (성수동1가, 밤부성수)", ,,경영 컨설팅업,2023-03-15,12월
주식회사 뉴로게이저,NEUROGAZER Inc.,뉴로게이저, ,이흥열,기타법인,110111-5417971,261-81-12468,"서울특별시 강남구 봉은사로 325 (논현동, 라임타워) 13층",www.neurogazer.com,,"그 외 기타 분류 안된 전문, 과학 및 기술 서비스업",2014-05-20,12월
뉴롭진,neurobgyn,뉴롭진, ,박기석,기타법인,110111-8279287,842-81-02717,"경상남도 김해시 장유로 232 (부곡동, 코아상가) 705호", ,,경영 컨설팅업,2022-04-29,12월
주식회사 뉴본씨앤디,"NEWBORN CND.,Ltd.",뉴본씨앤디, ,이근웅,기타법인,110111-5387158,261-81-10913,서울특별시 강남구 역삼로73길 5 (대치동), ,,경영 컨설팅업,2014-04-10,12월
(주)뉴빛테크놀러지,Newbit Technology,뉴빛테크놀러지, ,김진묵,기타법인,131111-0136472,129-81-82976,"경기도 성남시 분당구 성남대로 69 309(구미동, 로드랜드EZ타워)", ,,"그 외 기타 분류 안된 전문, 과학 및 기술 서비스업",2005-03-21,12월
주식회사 뉴아인,"Nu Eyne Co., Ltd.",뉴아인, ,김도형,기타법인,110111-6507325,511-87-00821,서울특별시 동대문구 회기로 117-3 서울바이오허브 산업지원동 403호(회기동),www.nueyne.com,,자연과학 및 공학 융합 연구개발업,2017-09-05,12월
뉴에스티에스,NewSTS ,뉴에스티에스, ,강재중,기타법인,230111-0167245,610-86-03394,울산광역시 동구 화잠로 106 (방어동)  3층,www.newsts.co.kr,,기타 엔지니어링 서비스업,2010-07-01,12월
주식회사 뉴원홀딩스,"New One Holdings Co.,Ltd",뉴원홀딩스, ,이동열,기타법인,110111-1382821,211-87-41335,서울특별시 강남구 도곡2동 우성캐릭터199오피스텔 404호, ,,경영 컨설팅업,1997-02-26,12월
주식회사 뉴젝스,NEWGEX INC.,뉴젝스, ,이태규,기타법인,110111-1984958,119-81-38774,서울특별시 관악구 신림동 산56-1 서울대학교 유전공학특화창업보육센타 312호,www.newgex.com,,의학 및 약학 연구개발업,2000-05-31,12월
뉴젠인베스트먼트 주식회사,"NEWGEN Investment Co.,Ltd.",뉴젠인베스트먼트, ,임홍재,기타법인,110111-7057460,899-87-01453,"서울특별시 강남구 언주로86길 5 1303호(역삼동, 육성빌딩)", ,,경영 컨설팅업,2019-03-27,12월
주식회사 뉴컴퍼니,"NewCompany Co., Ltd.",뉴컴퍼니, ,이현수,기타법인,134111-0494158,786-81-01266,"경기도 안양시 동안구 흥안대로 528 7층 701호(관양동, 타워빌딩)", ,,경영 컨설팅 및 공공 관계 서비스업,2018-05-01,12월
주식회사 뉴텔리전,none,뉴텔리전, ,노태호,기타법인,120111-1378969,715-88-03301,인천광역시 중구 축항대로296번길 60-42 (신흥동3가), ,,제조업 회사 본부,2024-04-19,12월
주식회사뉴프론티어파트너스,newfrontier,뉴프론티어파트너스, ,박재훈,기타법인,110111-8462022,542-86-02675,서울특별시 강남구 언주로147길 42 (논현동), ,,경영 컨설팅업,2022-10-28,12월
니모엠앤알 주식회사,"NimoM&R Co.,Ltd",니모엠앤알, ,전은정,기타법인,110111-4563056,215-87-51816,서울특별시 송파구 신천동 11-6, ,,경영 컨설팅업,2011-03-25,03월
니오 주식회사 ,NEO ,니오, ,성지수,기타법인,124411-0370213,531-87-03050,경기도 김포시 대곶면 대곶로382번길 70 (석정리),경기도 김포시 대곶면 대곶로382번길 70,,경영 컨설팅업,2023-08-22,12월
닐슨미디어코리아 유한회사,Nielsen Media Korea LLC,닐슨미디어코리아, ,조선국,기타법인,110114-0163185,303-87-00138,"서울특별시 중구 서소문로 50 (중림동, CENTRALPLACE) 15층",www.nielsenkorea.co.kr,,시장조사 및 여론조사업,2015-06-08,12월
닐슨아이큐서비스코리아 유한회사,NielsenIQ Services Korea Ltd,닐슨아이큐서비스코리아, ,이수정,기타법인,110114-0152021,104-86-57212,"서울특별시 중구 서소문로 50 (중림동, CENTRALPLACE)", ,,시장조사 및 여론조사업,2014-10-15,12월
닐슨아이큐코리아 유한회사,NielsenIQ Korea Ltd.,닐슨아이큐코리아, ,최경희,기타법인,110114-0072047,211-81-95159,"서울특별시 중구 서소문로 50 (중림동, CENTRALPLACE) 14F", ,,시장조사 및 여론조사업,1992-12-01,12월
주식회사 닛시인베스트먼트,NISSI INVESTMENT,닛시인베스트먼트, ,신환률,기타법인,110111-7170460,785-81-01434,"서울특별시 서초구 강남대로95길 40 7층(잠원동, 광운빌딩)", ,,경영 컨설팅업,2019-07-12,12월
(주)다나넷,DANANET,다나넷, ,윤상우,기타법인,110111-2193243,220-86-08240,서울특별시 서초구 서초동 1445-4 삼성래미안유니빌 2003, ,,경영 컨설팅업,2001-03-15,12월
주식회사 다나스,"Danas.Co.,Ltd.",다나스, ,남동훈,기타법인,110111-4472778,108-81-94363,서울특별시 강남구 테헤란로2길 8 (역삼동)4층, ,,경영 컨설팅업,2010-11-17,12월
주식회사 다대코퍼레이션,DADAE CORPORATION,다대코퍼레이션, ,황병호,기타법인,110111-8036306,816-81-02630,"서울특별시 서초구 서초중앙로 113 (서초동, 영한빌딩)", ,,경영 컨설팅업,2021-09-27,03월
주식회사 다보중앙,"Dabo Joongang Co., Ltd.",다보중앙, ,이창섭,기타법인,110111-3847097,104-86-12966,"서울특별시 중구 칠패로 37 (봉래동1가, 에이취에스비씨빌딩) 15층", ,,경영 컨설팅업,2008-02-25,12월
주식회사 다빈치에프앤,davincifn,다빈치에프앤, ,박철훈,기타법인,110111-5986653,415-86-00244,"서울특별시 금천구 벚꽃로 278 (가산동, SJ테크노빌)", ,,경영 컨설팅업,2016-02-29,12월
(주)다산벤처스,DASAN VENTURES Inc.,다산벤처스, ,유상현,기타법인,131111-0537555,642-81-01383,경기도 성남시 분당구 판교로 700 (야탑동) 테크노파크 이동 b225, ,,경영 컨설팅업,2018-12-01,12월
(주)다산컨설턴트,"Dasan Consultants co.,Ltd",다산컨설턴트, ,이해경,기타법인,110111-0929806,135-81-11947,경상북도 구미시 구미중앙로42길 5-66 (송정동),www.dasan93.co.kr,,건물 및 토목 엔지니어링 서비스업,1993-02-24,12월
다산회계법인,Dasan Accounting Corporation,다산회계법인, ,김용국,기타법인,114671-0022535,220-81-44047,"서울특별시 강남구 영동대로 325 (대치동, S-TOWER) 9층 다산회계법인",www.dasancpa.com,,공인회계사업,1997-04-23,03월
다산회계법인,Dasan Accounting Corporation,다산회계법인, ,김일섭,기타법인,110134-0028486,201-81-71709,서울특별시 강남구 대치동 967-3 KM빌딩 6층, ,,공인회계사업,2002-03-06,03월
유한회사 다안헤리티지,DAAN HERITAGE,다안헤리티지, ,고동환,기타법인,110114-0214251,466-87-00730,"서울특별시 용산구 독서당로 65-1 (한남동, 문약국) 지하1층", ,,경영 컨설팅업,2018-03-05,12월
다온기술(주),DAON Engineering,다온기술, ,이창신,기타법인,205211-0040276,874-86-00235,"경기도 안양시 동안구 시민대로 361 제1동 3층 305호(관양동, 에이스평촌타워)",daonec.co.kr,,건물 및 토목 엔지니어링 서비스업,2015-12-08,12월
주식회사 다온컴퍼니,Daon Corp.,다온컴퍼니, ,송문근,기타법인,124411-0319112,338-81-02538,"경기도 김포시 김포대로 841 (사우동, 제우스프라자) 305-4호", ,,경영 컨설팅업,2022-01-07,12월
주식회사 다올글로벌,DAOLGLOBAL,다올글로벌, ,이상복,기타법인,131311-0220768,856-87-01475,경기도 평택시 서정역로47번길 7 (서정동), ,,경영 컨설팅업,2019-09-19,12월
다옴시스템 주식회사,Daom system ltd,다옴시스템, ,이옥란,기타법인,110111-4817081,211-88-74911,서울특별시 송파구 오금로 62 (신천동), ,,경영 컨설팅 및 공공 관계 서비스업,2012-03-12,12월
(주)다우진유전자연구소,"DOWGENE CO,. LTD",다우진유전자연구소, ,황춘홍,기타법인,110111-3741538,107-86-94763,"서울특별시 금천구 가산디지털1로 233 (가산동, 에이스하이엔드타워9차) 513호",www.dowgene.com,,물질성분 검사 및 분석업,2007-08-27,12월
주식회사 다원스,dawons,다원스, ,임영규,기타법인,110111-6105880,723-88-00417,"서울특별시 강남구 역삼로3길 17-4 (역삼동, 에레프),비01호", ,,경영 컨설팅업,2016-06-29,12월
다윈기술금융주식회사,"DARWIN Venture Capital Co.,Ltd.",다윈기술금융, ,여용동,기타법인,110111-3827809,220-87-60700,서울특별시 강남구 도곡동 168 SK리더스뷰 1407호, ,,경영 컨설팅업,2008-01-23,12월
다율회계법인,Dah-Yul Accounting Corporation,다율회계법인, ,이호현,기타법인,110134-0092100,364-88-01032,"서울특별시 서초구 효령로61길 6 7층 (서초동, 신도빌딩)", ,,공인회계사업,2018-04-26,03월
(주)다음기술단,"DAUM ENGINEERING.CO.,LTD.",다음기술단, ,박철,기타법인,131111-0120798,129-81-75136,"경기도 성남시 분당구 판교역로 240 에이동 309호(삼평동, 삼환하이펙스)",www.daumeng.com,,도시계획 및 조경설계 서비스업,2004-07-21,12월
다음회계법인,DAUM Accounting Corporation,다음회계법인, ,"정용길, 한정규",기타법인,194234-0009658,615-86-17592,"경상남도 창원시 성산구 창원대로 754 (외동, 한국산업단지공단동남지역본부)",daumac.co.kr,,회계 및 세무관련 서비스업,2019-08-20,03월
다이나세라퓨틱스 주식회사,DYNA THERAPEUTICS CO,다이나세라퓨틱스, ,박수연,기타법인,110111-6071429,784-81-00349,"서울특별시 동작구 상도로 7 (대방동) 서울특별시 동작구 상도로 7, 2층",www.dynatx.com,,의학 및 약학 연구개발업,2016-05-25,12월
다이노나(주),DiNonA Inc.,다이노나,086080,조경숙,기타법인,110111-1649627,104-81-45370,"경기도 성남시 분당구 판교로 228번길 153동 902호(삼평동, 판교세븐벤처밸리1)",www.dinonainc.com,,의학 및 약학 연구개발업,1999-02-11,12월
다이아몬드 에셋,"DIAMOND ASSET CO.,LTD.",다이아몬드에셋, ,김종규,기타법인,110111-2422634,104-81-68766,서울특별시 강남구 삼성동,www.diamondasset.com,,경영 컨설팅업,2002-01-15,12월
(주)다이오진,"DIOGENE CO., LTD",다이오진,271850,임성식,기타법인,110111-4141604,113-86-31424,경기도 성남시 중원구 사기막골로 124 SKn테크노파크 메가동 1401호,www.diogene.co.kr,,자연과학 및 공학 연구개발업,2009-07-21,12월
(주)다인씨엠건축사사무소,DAAIN ARCHITECTURE GROUP INC.,다인씨엠건축사사무소, ,이경희,기타법인,115211-0017050,132-81-12608,"서울특별시 강남구 헌릉로569길 33 (세곡동, 다인빌딩)",www.daineng.net,,건축설계 및 관련 서비스업,1995-12-18,12월
주식회사 다인커뮤니케이션,dainecommunication,다인커뮤니케이션, ,조우철,기타법인,160111-0115934,314-81-41670,"대전광역시 서구 계룡로 314 (갈마동, 대전일보사) 7층", ,,광고 대행업,2001-05-15,12월
다인회계법인,Dyne Accounting Corporation,다인회계법인, ,오신환,기타법인,110234-0005846,214-86-90783,서울특별시 서초구 강남대로 329 산학협동재단빌딩 7층 (서초동),www.dyneac.co.kr,,공인회계사업,2001-09-01,03월
다한회계법인,DAHAN Accounting Corporation,다한회계법인, ,이정실,기타법인,254134-0019763,107-88-18283,"서울특별시 영등포구 국제금융로 70 706호(여의도동, 미원빌딩)",www.da-han.co.kr,,전문 서비스업,2014-04-17,03월
다현회계법인,DAHYUN Accounting Corporation,다현회계법인, ,김종오,기타법인,180134-0034447,722-86-03120,부산광역시 금정구 부곡로 140 (부곡동) 7층, ,,공인회계사업,2023-11-09,03월
닥터노아바이오텍 주식회사 ,DR.NOAH BIOTECH Inc.,닥터노아바이오텍, ,이지현,기타법인,134511-0309846,341-87-00673,"경기도 수원시 영통구 창룡대로256번길 91 (이의동, 에이스광교타워2) 1208호",www.drnoahbiotech.com,,의학 및 약학 연구개발업,2016-12-22,12월
(주)닥터비케이,Dr.BK,닥터비케이, ,김동철,기타법인,110111-3654020,211-88-23300,"서울특별시 강남구 도산대로 106 (논현동, BK빌딩)", ,,경영 컨설팅업,2009-02-23,12월
주식회사 닥터스클럽,doctorsclub,닥터스클럽, ,안효준,기타법인,160111-0428501,838-87-00411,대전광역시 서구 둔산로31번길 21 (둔산동) 백남빌딩 6층, ,,경영 컨설팅업,2016-07-11,12월
(주)단건축사사무소,"DAN ARCHI TECTS CONSUL TANT CO.,LTD.",단건축사사무소, ,박규석 김의식,기타법인,120111-0095093,139-81-13044,인천광역시 남구 학익2동 240-47 선정빌딩3층,dannet.co.kr,,건물 및 토목 엔지니어링 서비스업,1994-04-15,12월
단동 홍룬로봇과학기술유한공사,"DANDONG HONGRUN ROBOT TECHNOLOGY CO., LTD.",단동홍룬로봇과학기술유한공사, ,수석항,기타법인, ,41276,요녕성 단동시 친환경산업센터 A-082호, ,,기타 엔지니어링 서비스업,2015-01-07,12월
주식회사 단우기술단,DANWOO E&C,단우기술단, ,추석연,기타법인,110111-3087007,215-86-61812,"서울특별시 송파구 송파대로 167 (문정동, 문정역테라타워) A동 1513-1517호", ,,건물 및 토목 엔지니어링 서비스업,2004-09-20,12월
(주)담소이야기,damsostory,담소이야기, ,오응석,기타법인,110111-5189827,220-88-62520,서울특별시 강남구 역삼로15길 9 (역삼동), ,,경영 컨설팅업,2013-08-01,12월
(주)당신의파트너,"YOURPARTNER.CO.,LTD.",당신의파트너, ,김철웅,기타법인,110111-2699291,214-87-27308,서울특별시 영등포구 양평로30길 40 (양평동6가), ,,사진 처리업,2003-01-21,12월
(주)대건엔지니어링,DAEDEON ENGINEERING,대건엔지니어링, ,이대형,기타법인,135511-0234894,140-81-61342,"경기도 시흥시 신천로44번안길 23 (신천동) ,5층", ,,건물 및 토목 엔지니어링 서비스업,2012-02-24,12월
(주)대경이앤씨,Dae Kyung E$G,대경이앤씨, ,우대원,기타법인,134111-0074546,123-81-57334,경기도 안양시 동안구 평촌동 126-1 두산벤처다임 819, ,,건물 및 토목 엔지니어링 서비스업,2000-05-27,12월
대경회계법인,DAE GYEONG ACCOUNTING CORPORATION,대경회계법인, ,"이균발, 손원조",기타법인,174134-0004943,504-81-76151,대구광역시 중구 동덕로 82 수경빌딩 (대봉동), ,,공인회계사업,2008-03-21,03월
주식회사 대광네트웍스,"DaeGwang networks Co.,Ltd.",대광네트웍스, ,이선종,기타법인,200111-0475660,555-87-00608,"서울특별시 강남구 테헤란로13길 18, 5층 (역삼동, 우진빌딩)", ,,사업 및 무형 재산권 중개업,2016-10-24,12월
대교회계법인,DaeGyo Accounting Corporation,대교회계법인, ,김희호,기타법인,135834-0009269,135-86-41693,"경기도 수원시 영통구 광교로 105 (이의동, 경기R&DB센터) 603호",-,,공인회계사업,2014-02-17,12월
대구경북컨설팅그룹 주식회사,"Daegu Kyumgbuk Consulting Group, Inc.",대구경북컨설팅그룹, ,배종호,기타법인,170111-0624991,102-86-00601,대구광역시 북구 구암로21길 38 (읍내동) 104/1102, ,,경영 컨설팅업,2016-12-12,12월
주식회사 대드,"Digital Asset Directors Co., Ltd.",대드, ,김명각,기타법인,131111-0451185,318-87-00431,"서울특별시 강남구 봉은사로44길 2 (역삼동, 아모제역삼빌딩) 2층", ,,광고 대행업,2016-06-22,12월
대련오마과기 유한공사,DALIAN OMA TECHNOLOGY HOLDING CO LTD,대련오마과기유한공사, ,왕동화,기타법인,210231-2104924,210-23-12104924,경기도 광명시 하안동 606 104호, ,,전문 서비스업,2009-02-09,12월
대륜회계법인,DAERYUN ACCOUNTING CORPORATION,대륜회계법인, ,"박성윤, 서형식",기타법인,250134-0049524,863-88-03177,"서울특별시 금천구 가산디지털2로 108 207호 (가산동, 뉴티캐슬)", ,,공인회계사업,2024-12-20,06월
(주)대림엠이씨,DaeLim MEC Co.LTD,대림엠이씨, ,이용철,기타법인,161511-0072664,312-81-76474,"충청남도 천안시 서북구 1공단4길 27 3층 (두정동,새론타워)", ,,기타 엔지니어링 서비스업,2005-06-12,12월
대림인터내셔널주식회사,"DAE RIM INTERNATIONAL.CO.,LTD.",대림인터내셔널, ,이태훈,기타법인,180111-0695875,621-81-82448,부산광역시 기장군 정관면 농공길 2-127 정관농공단지, ,,경영 컨설팅업,2009-12-01,12월
대림종합건설더블유(주),DaelimW,대림종합건설더블유, ,박종훈,기타법인,144911-0014841,733-87-01115,강원도 정선군 신동읍 조동1길 154 (조동리), ,,전문 서비스업,2018-09-01,12월
(주)대마디앤에스,DAI MA D&S,대마디앤에스, ,강창호,기타법인,110111-3130707,215-86-65064,"서울특별시 송파구 송이로30길 7 (문정동, 동일빌딩)", ,,건물 및 토목 엔지니어링 서비스업,2004-12-21,12월
대명디앤엘 유한회사,Daemyeong D&L Inc.,대명디앤엘, ,이홍규,기타법인,164714-0000670,307-81-30855,"세종특별자치시 전의면 운주산로 1510 (유천리, 세종에머슨CC)", ,,경영 컨설팅업,2009-12-10,12월
대명회계법인,Daemyung Accounting corp.,대명회계법인, ,안철희,기타법인,114634-0032128,120-86-67463,"서울특별시 영등포구 국제금융로2길 7 (여의도동, 한주빌딩)",www.dmgt.co.kr,,공인회계사업,2004-05-07,03월
주식회사 대방기획,DAE BANG COMMUNICATIONS,대방기획, ,김진섭,기타법인,110111-0612089,114-81-51864,서울특별시 서초구 반포동 54-1 반포쌍동빌딩 서관 5층,www. daebang-ad.co.kr,,광고 대행업,1989-02-23,12월
(주)대보기획,DAEBO COMMUNICATION,대보기획, ,이용준,기타법인,110111-0302127,211-86-11440,서울특별시 강남구 논현동 90 대용빌딩 4층, ,,광고 대행업,1981-10-15,12월
대보정보통신(주),DaeBo Communication & Systems Corporation,대보정보통신, ,김상욱,기타법인,134511-0019271,135-81-19406,"서울특별시 강남구 광평로 280 (수서동, 로즈데일오피스텔) 6층",www.dbcs.co.kr,,기타 엔지니어링 서비스업,1996-06-01,12월
(주)대산홀딩스컴퍼니,DeaSan Holdings ltd,대산홀딩스컴퍼니, ,김상욱,기타법인,160111-0707559,540-87-03700,대전광역시 유성구 교촌대정로 198 2층(대정동), ,,경영 컨설팅업,2024-12-18,12월
(주)대선,"DAESUN CO., LTD.",대선, ,안성혁,기타법인,110111-6713477,162-87-01119,"서울특별시 강남구 테헤란로82길 15 , 919호(대치동, 디아이타워)", ,,경영 컨설팅업,2018-04-03,12월
(주)대성아트센터,DAESUNG ART CENTER,대성아트센터, ,김민홍,기타법인,110111-4761808,211-86-34502,서울특별시 구로구 경인로 662, ,,광고 대행업,1994-12-21,06월
주식회사 대성종합건축사사무소,Daesung architects & planners,대성종합건축사사무소, ,이율구,기타법인,110111-3108233,105-86-72502,"인천광역시 남동구 구월남로 148 1101호(구월동, 타워플러스)",해당없음,,건축설계 및 관련 서비스업,2004-11-01,12월
대성초저온이엔지주식회사,daesung-freezer engineering co.ltd,대성초저온이엔지, ,김신한,기타법인,131411-0196561,134-86-39253,경기도 안산시 단원구 원시동 781-1, ,,전기ㆍ전자공학 연구개발업,2007-05-03,12월
(주)대성합동지주,"DAESUNG GROUP PARTNERS CO.,LTD.",대성합동지주,005620,김영대,기타법인,110111-0090780,101-81-00205,"서울특별시 구로구 경인로 662 (신도림동, 디큐브시티)",www.daesung.co.kr,,회사 본부 및 경영 컨설팅 서비스업,1968-07-04,12월
대성홀딩스(주),"DAESUNG HOLDINGS CO., LTD.",대성홀딩스,016710,대표이사 김영훈 대표이사 김정주,유가증권시장,170111-0017237,503-81-06405,대구광역시 중구 명덕로 85 대성홀딩스,http://www.daesung-holdings.com,,회사 본부 및 경영 컨설팅 서비스업,1983-01-31,12월
대성회계법인,Daesung Accounting Corporation,대성회계법인, ,김순태,기타법인,114671-0022577,120-81-72807,"서울특별시 강남구 영동대로 333 , 8층 (대치동, 동원빌딩)",www.dsacc.co.kr,,공인회계사업,1997-04-24,06월
대성회계법인,DaeSung SamKyeong Accounting Corporation,대성회계법인, ,최경수,기타법인,114671-0022519,220-81-44028,서울특별시 강남구 영동대로 333 동원빌딩 3층,dssk.co.kr,,공인회계사업,1997-04-19,03월
(주)대신경제연구소,Daishin Economic Research Institute,대신경제연구소, ,백재욱,기타법인,110111-0381626,116-81-09101,"서울특별시 중구 명동11길 24 9층(을지로2가, 중국건설은행타워)",www.deri.co.kr,,경영 컨설팅업,1984-09-17,12월
대신브로콤(주),"Daeshin Broadcast & Communication System Co., Ltd.",대신브로콤, ,한성웅,기타법인,110111-1404211,105-81-86490,서울특별시 마포구 서교동 463-31,www.brocom.co.kr,,기타 엔지니어링 서비스업,1997-04-18,12월
주식회사 대신에셋파트너스,"Daisin Asset Partners Co.,Ltd",대신에셋파트너스, ,김지욱,기타법인,110111-5971331,450-81-00349,"서울특별시 성동구 아차산로 17 501호(성수동1가, 서울숲엘타워)", ,,경영 컨설팅업,2016-02-12,12월
대신엔지니어링(주),"Daeshin engineering Co., Ltd.",대신엔지니어링, ,"박용우, 황규찬",기타법인,110111-0613756,112-81-20157,"서울특별시 구로구 디지털로 271 (구로동, 벽산디지털밸리Ⅲ) 10층 8,9,10호",www.daeshin-eng.co.kr,,건물 및 토목 엔지니어링 서비스업,1989-03-07,12월
대신프라퍼티플랫폼 주식회사,"Daishin Property Platform Co., Ltd.",대신프라퍼티플랫폼, ,이윤배,기타법인,110111-8325072,550-88-02345,"서울특별시 중구 삼일대로 343 상가동 비12호(온의동, 춘천센트럴파크푸르지오)", ,,경영 컨설팅업,2022-06-08,12월
대신회계법인,Daesin Accounting Corporation,대신회계법인, ,김형대,기타법인,194214-0004246,609-81-78298,경상남도 창원시 성산구 상남로 71 창원코아 6층 (상남동), ,,공인회계사업,2007-06-04,12월
대안합명회사,DAEAN,대안합명회사, ,박근범,기타법인,110112-0005349,211-88-50995,"서울특별시 강남구 학동로 311 (논현동,미성빌딩306호)", ,,경영 컨설팅업,2010-10-29,12월
대안회계법인,Dae An Accounting Corp.,대안회계법인, ,조진규,기타법인,110134-0080791,495-87-00010,"서울특별시 강남구 봉은사로 622 2층 (삼성동, 공조회관)",www.daac.co.kr,,공인회계사업,2015-03-02,03월
(주)대양디엔아이,Daeyang D & I,대양디엔아이, ,이영운,기타법인,110111-1657513,220-81-59119,"서울특별시 강남구 테헤란로87길 17 607호 (삼성동, 마젤란21아스테리움)", ,,경영 컨설팅업,1999-03-03,12월
대양레져산업개발주식회사,DAEYANG LEISURE  COMPANY,대양레져산업개발, ,권미정,기타법인,160111-0462377,209-88-00736,충청남도 논산시 연무읍 연무로 810 (황화정리), ,,도시계획 및 조경설계 서비스업,2017-08-04,12월
주식회사 대양홀딩스컴퍼니,DAEYANG HOLDINGS COMPANY,대양홀딩스컴퍼니, ,이옥순,기타법인,110111-7213830,598-87-01278,"서울특별시 서초구 강남대로51길 10 (서초동, 강남효성해링턴타워), 비1층 104-204호", ,,경영 컨설팅업,2019-08-23,12월
주식회사 대양환경기술,"DAEYANG ENVIRONMENT CO.,LTD",대양환경기술, ,김재규,기타법인,191411-0007419,611-81-16543,강원도 강릉시 주문진읍 농공단지길 40-22 (교항리), ,,환경 관련 엔지니어링 서비스업,2008-09-01,12월
주식회사 대영씨앤티,Dae Yeong C&T Co. Ltd.,대영씨앤티, ,남기동,기타법인,135211-0007502,123-81-65853,"경기도 군포시 공단로140번안길 10-10 (당정동, (주)대영씨앤티)",www.dycnt.co.kr,,기타 엔지니어링 서비스업,2001-03-29,12월
대영애드카,Daeyoung Advertising,대영애드카, ,김연식,기타법인,121111-0069063,130-81-61817,경기도 부천시 오정로 27-12,www.idaeyoung.co.kr,,옥외 광고업,1999-07-28,12월
(주)대영엔지니어링,"DY ENGINEERING CO., LTD",대영엔지니어링, ,유병화,기타법인,110111-0279178,120-81-23062,"경상남도 창원시 성산구 중앙대로 56 (상남동, 양지빌딩)301-2호",dyengco.com,,건물 및 토목 엔지니어링 서비스업,1980-08-22,12월
대영유비텍,DAEYEONG UBITEC,대영유비텍, ,조근환,기타법인,110111-0564107,114-81-64393,서울특별시 금천구 벚꽃로 234 에이스하이엔드타워6차 7층 (가산동),www.dyeng.net,,기타 엔지니어링 서비스업,1988-03-03,12월
대영이피 주식회사,"DAEYOUNG EP CO., LTD.",대영이피, ,백서재,기타법인,174811-0091358,544-86-00858,경기도 평택시 산단로15번길 12 (모곡동), ,,전기ㆍ전자공학 연구개발업,2018-01-19,12월
대영회계법인,Dae Young Accounting Corporation,대영회계법인, ,김인상,기타법인,114634-0038176,220-87-95188,"서울특별시 강남구 테헤란로14길 16 4층 (역삼동, 라인빌딩)", ,,공인회계사업,2010-02-22,03월
주식회사 대우경제연구소,Daewoo Economic Research Institute,대우경제연구소, ,김영호,기타법인,110111-0374697,116-81-05537,서울특별시 영등포구 여의도동 34-3,www.DWERI.re.kr,,경제 및 경영학 연구개발업,1984-05-19,12월
대우에스티반도체설계(주),"Daewoo ST semiconductor design co.,ltd",대우에스티반도체설계, ,강찬형,기타법인,110111-1509516,104-81-43033,서울특별시 중구 남대문로5가 541 대우센타빌딩 2414호, ,,기타 엔지니어링 서비스업, ,12월
대우조선해양이엔알(주),DSME E&R Ltd.,대우조선해양이엔알, ,김진석,기타법인,194911-0008175,612-81-13326,서울특별시 중구 다동 85 대우조선해양빌딩 4층,www.dsmeenr.co.kr,,지질 조사·탐사 및 지도 제작업,2001-04-06,12월
대운가스프랜트(주),DAEWOONGASPLANT,대운가스프랜트, ,최병만,기타법인,206211-0002572,417-81-07684,"울산광역시 남구 용연로 131 (용연동, 청도공업(주))","daewoon92@hanmail,net",,"기타 기술 시험, 검사 및 분석업",1963-06-01,12월
대운에너지솔루션,"DAEWOON ENERGYSOLUTION Co., Ltd",대운에너지솔루션, ,김현진,기타법인,131411-0418379,190-87-01259,경기도 김포시 양촌읍 황금1로 185 (학운리), ,,경영 컨설팅업,2018-09-04,12월
대율 회계법인,Daeyul Accounting Corporation,대율회계법인, ,김용대,기타법인,110134-0113609,646-86-03258,"서울특별시 강남구 테헤란로38길 6 (역삼동, MeMo빌딩) 4층", ,,공인회계사업,2024-07-24,03월
대일회계법인,Daeil Accounting Corporation,대일회계법인, ,박순호,기타법인,116134-0009117,107-81-82243,서울특별시 영등포구 여의도동 25-12 신송센타빌딩 7층, ,,공인회계사업,2000-04-20,03월
대전교육사랑3차 주식회사,DAEJEONEDUSARANG3TH,대전교육사랑3차, ,조명원,기타법인,160111-0674964,244-86-02918,대전광역시 서구 문정로48번길 48 (탄방동), ,,"그 외 기타 분류 안된 전문, 과학 및 기술 서비스업",2023-11-13,12월
대주회계법인,Grant Thornton Daejoo,대주회계법인, ,조승호,기타법인,114634-0020008,120-81-48350,서울특별시 강남구 남부순환로 2913 동하빌딩 2층,www.grantthornton.kr,,공인회계사업,1995-02-20,03월
대중종합관리시스템,DAEJUNG,대중종합관리시스템, ,이진희,기타법인,204511-0004037,416-81-74138,전라남도 구례군 마산면 화엄사로 39 (냉천리), ,,시장조사 및 여론조사업,2010-10-06,12월
(주)대지,"Daejiad co,.ltd",대지, ,강승용,기타법인,110111-0040173,119-81-03367,서울특별시 강남구 역삼동 786-19 정민빌딩 7층 702호, ,,옥외 광고업,1961-12-08,12월
(주)대진이엔지,DAEJIN ENG,대진이엔지, ,정진철,기타법인,194311-0017590,608-81-63069,"부산광역시 사상구 모라로 22 503호(모라동, 부산벤처타워)", ,,건물 및 토목 엔지니어링 서비스업,2006-06-12,12월
주식회사 대천산업,"daechun industry,co.ltd",대천산업, ,류진영,기타법인,200111-0429980,471-87-00595,"광주광역시 동구 지호로 81-11 (지산동, 지산아파트) 상가동", ,,경영 컨설팅업,2015-05-21,12월
대평엔지니어링(주),"DAE PYUNG ENGINEERING CO.,LTD.",대평엔지니어링, ,박종환,기타법인,110111-1739288,219-81-29615,"경기도 과천시 과천대로7길 33 에이동 1109호, 1112호 (갈현동, 디테크타워)",www.dp-eng.co.kr,,기타 엔지니어링 서비스업,1999-07-01,12월
(주)대학내일,"UnivTomorrow Co.,Ltd.",대학내일, ,김영훈,기타법인,110111-3592676,101-86-28789,"서울특별시 마포구 독막로 331 (도화동, 마스터즈타워빌딩)",corp.univ.me,,광고 대행업,2007-01-15,12월
대한검사기술(주),"Korea Inspection & Eng.Co.,Ltd",대한검사기술, ,손태순,기타법인,110111-0520430,114-81-53799,경기도 하남시 미사강변중앙로 25 영동스마트타워 508호 (풍산동),www.kieco.co.kr,,"기타 기술 시험, 검사 및 분석업",1987-02-18,12월
주식회사 대한그린엔지니어링,DGE,대한그린엔지니어링, ,임창용,기타법인,200111-0502356,146-81-00891,전라남도 여수시 율촌면 서부로 1942 (조화리), ,,측량업,2017-08-03,12월
(주)대한이앤씨,DAEHAN ENGINEERING & CONSTRUCTION,대한이앤씨, ,박주경,기타법인,101111-1507057,219-81-25701,경기도 성남시 수정구 위례서일로 6 (창곡동) 우대빌딩 4층, ,,기타 엔지니어링 서비스업,1998-01-23,12월
(주)대한피부과학연구소,KDRI,대한피부과학연구소, ,홍소영,기타법인,131111-0308534,144-81-00293,"경기도 성남시 분당구 야탑로81번길 10 (야탑동, 분당아미고타워) 713호", ,,기타 공학 연구개발업,2012-04-09,12월
대향유통 주식회사,DAEHYANG,대향유통, ,심영택,기타법인,110111-2567323,215-86-29199,"서울특별시 송파구 양재대로 932 (가락동, 가락동농수산물도매시장)",www.daehyanng.com,,제조업 회사 본부,2002-07-12,12월
(주)대현환경,"DAEHYUN ENVIRONMENT CO.,LTD",대현환경, ,서병원,기타법인,135011-0091111,133-81-36054,경기도 안양시 동안구 벌말로118번길 14 (관양동),www.daehyun98.com,,환경 관련 엔지니어링 서비스업,1998-03-14,12월
대현회계법인,DaeHyun Accounting Corporation,대현회계법인, ,"송재현, 이광준",기타법인,116234-0004082,215-86-23424,"서울특별시 광진구 능동로 7 (자양동, 한강복합빌딩)6층",www.daehyuncpa.com,,공인회계사업,2002-03-22,03월
주식회사 대혜건축,"DAEHYE CO., LTD.",대혜건축, ,권성우,기타법인,110111-0632053,211-81-49728,서울특별시 강남구 논현동 274-11,www.daehye.com,,인테리어 디자인업,1989-06-08,12월
(주)대홍기획,DAEHONG COMMUNICATIONS INC.,대홍기획, ,김덕희,기타법인,110111-6707800,821-88-01030,"서울특별시 중구 통일로 10 (남대문로5가, 연세대학교세브란스빌딩)",https://www.daehong.com,,광고 대행업,2018-04-02,12월
(주)대홍기획,DAEHONG COMMUNICATIONS INC.,대홍기획, ,이갑,기타법인,110111-0249981,102-81-18969,"서울특별시 중구 통일로 10 (남대문로5가, 연세세브란스빌딩 7~9층)",www.daehong.co.kr,,광고 대행업,1982-04-08,12월
(주)대흥종합엔지니어링건축사사무소,daeheung architects & engineers co.,대흥종합엔지니어링건축사사무소, ,정태석,기타법인,181211-0029394,610-81-20549,울산광역시 남구 두왕로322번길 6-7 (신정동),daeheungeng.com,,건축설계 및 관련 서비스업,1994-12-07,12월
주식회사 더건축종합건축사사무소,The Architects Consultants,더건축종합건축사사무소, ,"윤성식, 원형준, 박찬식",기타법인,110111-7270062,826-86-01690,"서울특별시 서초구 양재천로 129 (양재동, 파크센터)",thearch.co.kr,,건축설계 및 관련 서비스업,2019-10-24,12월
더그린 주식회사,THEGREEN,더그린, ,조준형,기타법인,165011-0011791,311-81-17962,"충청남도 당진시 송산로 60 (원당동, 더그린 주식회사)", ,,경영 컨설팅업,2002-08-01,12월
주식회사 더디자이너스그룹,The Designers Group,더디자이너스그룹, ,"최윤배, 최형욱",기타법인,110111-5687441,787-81-00066,"서울특별시 영등포구 국회대로68길 24 (여의도동, 호텔더디자이너스여의도)", ,,경영 컨설팅업,2015-04-07,12월
주식회사 더라움,"The raum Co.,Ltd",더라움, ,김대의,기타법인,120111-1236860,538-86-02701,"인천광역시 연수구 송도미래로 30 (송도동, 송도BRC스마트밸리지식산업센터) 이동 308호", ,,경영 컨설팅업,2022-05-25,12월
주식회사 더라이브레이블,"THE L1VE LABEL CO., LTD",더라이브레이블, ,"김원식, 김지훈",기타법인,110111-7999951,195-86-02367,서울특별시 강남구 학동로67길 12 (청담동), ,,"그 외 기타 전문, 과학 및 기술 서비스업",2021-08-01,12월
더랜드필 주식회사,THE LANDFILL,더랜드필, ,최종복,기타법인,131411-0438773,419-87-01392,경기도 안산시 단원구 첨단로207번길 5 (성곡동), ,,경영 컨설팅업,2019-07-25,12월
주식회사 더렉스컴퍼니,therexcompany,더렉스컴퍼니, ,김민수,기타법인,120111-0766412,624-86-00120,"서울특별시 마포구 양화로12길 8-5 (서교동, 세르보빌딩) 3층", ,,"광고물 문안, 도안, 설계 등 작성업",2015-06-17,12월
(주)더루트컴퍼니,THEROOTCOMPANY,더루트컴퍼니, ,김민애,기타법인,110111-6185915,315-86-00492,서울특별시 강남구 테헤란로6길 30 421호(역삼동), ,,경영 컨설팅업,2016-10-01,12월
주식회사 더리즈파인트리,The leespinetree,더리즈파인트리, ,구미란,기타법인,134511-0618396,642-86-02785,"경기도 용인시 수지구 현암로 153 (죽전동, 건영타운) 7층 703호", ,,광고 대행업,2023-02-08,12월
주식회사 더리츠웰,"THEREITSWELL Co.,Ltd",더리츠웰, ,김민수,기타법인,110111-6599231,102-87-00777,"서울특별시 강남구 학동로 224 513호(논현동, 삼환아르누보3)", ,,경영 컨설팅업,2017-12-14,12월
더마인드에셋(주),The mind asset,더마인드에셋, ,김형민,기타법인,110111-6762086,784-86-01004,"서울특별시 영등포구 국제금융로2길 37 (여의도동, S-TRENUE) 1904호", ,,경영 컨설팅업,2018-05-31,12월
(주)더바오파트너스,THE BAO PARTNERS,더바오파트너스, ,김승진,기타법인,110111-3325902,106-86-39433,서울특별시 성동구 아차산로17길 49 (성수동2가) 생각공장데시앙플렉스 1417-1421호, ,,제조업 회사 본부,2005-10-20,12월
(주)더밸류앤코,THE VALUE & CO.,더밸류앤코, ,"홍은주, 최희정",기타법인,110111-2690348,119-81-62537,"서울특별시 서초구 서초대로77길 54 (서초동, 서초더블유타워) 1242호", ,,경영 컨설팅업,2003-01-09,12월
주식회사 더베이커스,"The VAKERS Co., Ltd",더베이커스, ,전익범,기타법인,110111-7376290,112-87-01735,"서울특별시 성동구 아차산로17길 57 (성수동2가, 일신건영휴먼테코) 1108호", ,,제조업 회사 본부,2020-10-31,12월
주식회사 더블랙레이블,THE BLACK LABEL Inc.,더블랙레이블, ,정경인,기타법인,110111-5998674,629-86-00391,"서울특별시 마포구 희우정로1길 3 (합정동, 더블랙레이블)", ,,매니저업,2016-03-11,12월
더블에스파트너스 주식회사,"Double S Partners Co., Ltd.",더블에스파트너스, ,김은희,기타법인,110111-4148288,104-86-59409,"서울특별시 서초구 방배중앙로 207-10 104동 1803호(방배동, 아크로리버)",-,,경영 컨설팅업,2015-11-23,12월
(주)더블에이치파트너스,Double H Partners Inc.,더블에이치파트너스, ,사공훈,기타법인,110111-6984523,682-88-01250,대구광역시 서구 달구벌대로 1911 (내당동) 6, ,,경영 컨설팅업,2019-01-14,12월
(주)더블에이치파트너스,"Double H Partners Co., Ltd",더블에이치파트너스, ,조영기,기타법인,110111-4413631,220-88-04234,서울특별시 강남구 역삼동 700-3 힐헤븐빌딩 12층, ,,경영 컨설팅업,2010-08-16,12월
주식회사 더블유더파티,"W the Party Co., Ltd",더블유더파티, ,김성곤,기타법인,180111-1575430,869-81-03370,"부산광역시 부산진구 자유평화로 11 11층 (범천동, 누리엔)", ,,경영 컨설팅업,2024-08-12,12월
주식회사 더블유브랜드커넥션,W Brand Connection Co.,더블유브랜드커넥션, ,이재헌,기타법인,110111-3240449,211-87-66393,서울특별시 강남구 논현동 269-13 4층, ,,광고 대행업,2005-06-10,12월
더블유사이언스 주식회사,WSCIENCE,더블유사이언스, ,우종수,기타법인,110111-8667052,797-87-03136,"서울특별시 강남구 언주로 118 2409호, (도곡동, 우성캐릭터199)",www.wscience.co.kr,,의학 및 약학 연구개발업,2023-06-19,12월
(주)더블유산업," W Industrial Co., Ltd.",더블유산업, ,김선영,기타법인,150111-0315065,121-86-42844,충청북도 음성군 맹동면 용두3길 5 (두성리), ,,기타 전문 서비스업,2021-09-06,12월
주식회사 더블유시티,wcity,더블유시티, ,이상유,기타법인,210111-0151648,833-86-01679,"전라북도 전주시 덕진구 송천로 12 (송천동1가, 송천새마을금고) 5층", ,,경영 컨설팅업,2020-03-06,12월
더블유앤씨인베스트먼트 유한회사,WNC Investment Ltd.,더블유앤씨인베스트먼트, ,정원선,기타법인,110114-0290277,476-81-02621,"서울특별시 강동구 고덕로 47 (암사동, 정산아파트) 3층 301-17호", ,,경영 컨설팅업,2022-01-28,12월
(주)더블유어쏘시에이츠,W Associates,더블유어쏘시에이츠, ,이문석,기타법인,110111-2344317,211-87-01798,서울특별시 강남구 도산대로15길 7 (신사동), ,,경영 컨설팅업,2001-09-28,12월
(주)더블유에스디홀딩스,"WSD Holdings Co., Ltd.",더블유에스디홀딩스, ,김성환,기타법인,110111-6421202,331-81-00771,"서울특별시 강남구 학동로 201 495호(논현동, 구연빌딩)", ,,경영 컨설팅업,2017-06-05,12월
더블유에스엔터테인먼트 주식회사,WS Entertainment,더블유에스엔터테인먼트, ,오원철,기타법인,110111-3554973,211-87-88854,서울특별시 강남구 청담동 93-13 4층,www.wsenter.co.kr,,매니저업,2006-11-03,09월
주식회사 더블유에이치홀딩스,WHHOLDINGS,더블유에이치홀딩스, ,김영애,기타법인,110111-8754023,423-86-02904,"서울특별시 영등포구 의사당대로 8 (여의도동, 삼환까뮤빌딩) 11층", ,,경영 컨설팅업,2023-09-25,12월
주식회사 더블유엘,wl,더블유엘, ,윤경식,기타법인,160111-0496483,442-81-01105,"대전광역시 서구 문예로 63 6층 634호(둔산동, 행촌회관)", ,,경영 컨설팅업,2018-10-05,12월
(주)더블유엠엔터테인먼트,WM ENTERTAINMENT INC.,더블유엠엔터테인먼트, ,"김정수, 김국진",기타법인,110111-4860626,114-87-00824,"서울특별시 마포구 월드컵로15길 8 (망원동, WM엔터테인먼트)", ,,매니저업,2012-05-04,12월
(주)더블유컴즈,"W Comms. Co ., Ltd",더블유컴즈, ,정성은,기타법인,110111-4984062,114-87-04719,"서울특별시 구로구 디지털로30길 28 (구로동, 마리오타워)9층", ,,"광고물 문안, 도안, 설계 등 작성업",2012-10-19,12월
더블유투,W2,더블유투, ,임재한,기타법인,110111-5877464,708-81-00189,"서울특별시 중구 퇴계로 18 (남대문로5가, 대우재단빌딩) 8층", ,,경영 컨설팅업,2015-11-10,12월
(주)더블유피앤컴퍼니,"Valuei Co.,Ltd.",더블유피앤컴퍼니, ,박기호,기타법인,110111-2251463,220-86-13404,서울특별시 영등포구 문래동3가 에이스테크노타워 509호,www.valuei.com,,경영 컨설팅업,2001-05-31,12월
주식회사 더블제이,Double J,더블제이, ,하정기,기타법인,141211-0148704,315-81-39482,"강원특별자치도 원주시 오성마을길 63-25 상가동 201-267호 (단구동, 원주단구내안애카운티에듀파크1단지)", ,,경영 컨설팅업,2024-04-02,12월
(주)더블제이코퍼레이션,"DoubleJ Coporation Co., Ltd.",더블제이코퍼레이션, ,최석진,기타법인,110111-6671071,642-87-01143,"서울특별시 강남구 논현로 503 (역삼동, 송촌빌딩) 5층 546호", ,,경영 컨설팅업,2018-02-27,12월
주식회사 더블제이파트너스,DOUBLEJAY PARTNERS,더블제이파트너스, ,김화영,기타법인,110111-6512522,713-87-00859,경기도 김포시 고촌읍 김포대로 349 아라베스트빌 11동 1104호, ,,경영 컨설팅업,2017-09-11,12월
(주)더블트리인터랙티브,doubletree interactive,더블트리인터랙티브, ,권오진,기타법인,134111-0230700,123-86-35811,"서울특별시 강남구 삼성로 511 16층(삼성동, 골든타워)",www.dtcompany.co.kr,,광고 대행업,2012-12-10,12월
주식회사 더비기닝홀딩스,The Biginning Holdings Inc.,더비기닝홀딩스, ,정기도,기타법인,160111-0707682,571-86-03371,대전광역시 서구 계룡로 366 (갈마동), ,,경영 컨설팅업,2024-12-23,12월
(주)더세븐홀딩스,The Seven Holdings Inc.,더세븐홀딩스, ,이주석,기타법인,170111-0606402,486-86-00362,"서울특별시 송파구 가락로 102 비1층 120호(석촌동, 석촌꽃마을빌딩)", ,,경영 컨설팅업,2016-06-01,12월
주식회사 더쇼엔터테인먼트,"The Show Entertainment CO., LTD",더쇼엔터테인먼트, ,이유진,기타법인,110111-3360263,105-86-86699,서울특별시 종로구 종로1가 24번지 르메이에르 종로타운 A동 1501호, ,,매니저업,2005-12-15,12월
주식회사 더슈퍼클래스젯,The superclassget,더슈퍼클래스젯, ,신동걸,기타법인,110111-3684895,120-87-16258,강원도 횡성군 우천면 한우로 1295 (하대리), ,,경영 컨설팅업,2007-05-01,12월
주식회사 더시드그룹,"THE SEED GROUP Co., Ltd.",더시드그룹, ,박상영,기타법인,110111-5767615,184-81-00118,"서울특별시 강남구 도산대로 317 13층 (신사동, 호림아트센터1빌딩)",www.theseedgroup.co.kr,,경영 컨설팅업,2015-07-01,12월
주식회사 더에스엠씨,"THE SMC GROUP CO., Ltd.",더에스엠씨, ,김용태,기타법인,110111-6007896,331-87-00356,"서울특별시 강남구 봉은사로49길 22 (논현동, 더에스엠씨빌딩)",www.dadecomm.co.kr,,광고 대행업,2016-03-22,12월
(주)더에스엠씨홀딩스,"The SMC HOLDINGS CO., Ltd.",더에스엠씨홀딩스, ,김용태,기타법인,110111-4440915,108-81-93684,"서울특별시 강남구 봉은사로49길 22 (논현동, 더에스엠씨빌딩) 6층",https://thesmc.co.kr/,,광고 대행업,2010-09-30,12월
더에이치테크 주식회사,"The H Teck Co., Ltd",더에이치테크, ,김형준,기타법인,110111-5858836,668-87-00170,"서울특별시 강남구 봉은사로 317 (논현동, 아모제논현빌딩)3층 3035호",-,,연구개발업,2015-10-13,12월
(주)더와이홀딩스,"The Y Holdings, Inc.",더와이홀딩스, ,오창규,기타법인,110111-7300926,694-87-01635,"서울특별시 강남구 테헤란로82길 15 1015호 (대치동, 디아이타워)", ,,기타 전문 서비스업,2019-11-20,12월
더원테라,the1terra,더원테라, ,김종칠,기타법인,180111-1023471,317-87-00326,경상남도 양산시 동면 금오2길 66 (석산리), ,,전기ㆍ전자공학 연구개발업,2016-04-08,12월
(주)더웨이헬스케어,THE WAY HEALTHCARE,더웨이헬스케어, ,이정우,기타법인,110111-4145549,220-87-84944,"서울특별시 서초구 서초대로 320 5층 (서초동, 하림인터내셔날빌딩)",www.theway-hc.co.kr,,"그 외 기타 분류 안된 전문, 과학 및 기술 서비스업",2009-07-27,12월
㈜더이스트코퍼레이션,THE EAST CORPORATION INC.,더이스트코퍼레이션, ,윤정식,기타법인,134111-0529583,693-86-01315,경기도 군포시 공단로 356-3 5층(산본동), ,,경영 컨설팅업,2019-07-24,12월
주식회사 더작은,-,더작은, ,오승환,기타법인,110111-4930320,120-87-86598,"서울특별시 종로구 인사동7길 12 (관훈동, 백상빌딩) 1010", ,,전문 서비스업,2012-08-01,12월
더죤환경기술(주),THEZONE Environment Technology Consultant,더죤환경기술, ,이한빈,기타법인,110111-3572959,217-81-22732,경기도 양주시 덕정12길 38 (덕정동) 1층 4호,www.thezoneetc.com/,,환경 관련 엔지니어링 서비스업,2006-12-06,12월
주식회사 더컨텐츠엔터테인먼트,"The Contents Entertainment Co.,Ltd.",더컨텐츠엔터테인먼트, ,박해량,기타법인,110111-1021411,211-86-06078,서울특별시 강남구 삼성동 40-9 2층,www.the-contents.com,,매니저업,1994-10-01,12월
(주)더케이커뮤니케이션,The K communication,더케이커뮤니케이션, ,김현우,기타법인,110111-4674366,119-86-46172,서울특별시 관악구 봉천동 산4-1 서울대 연구공원 sk텔레콤 연구동 1층 T7, ,,경영 컨설팅업,2011-08-24,12월
주식회사 더 코스모스,"COSMOS.CO.,LTD",더코스모스, ,최홍준,기타법인,120111-0840638,673-88-00451,"인천광역시 연수구 인천타워대로 323 (송도동, 송도센트로드) B동 3003호", ,,경영 컨설팅업,2016-09-28,12월
(주)더크림유니언,THE CREAMUNION,더크림유니언, ,이정훈,기타법인,110111-3056903,206-81-92596,"서울특별시 강남구 도산대로12길 18 (논현동, 크림빌딩)",www.crea-m.com,,"광고물 문안, 도안, 설계 등 작성업",2004-07-27,12월
더클회계법인,Thecl Accounting Corporation,더클회계법인, ,원형태,기타법인,110134-0085056,578-81-00370,서울특별시 서초구 사평대로52길 1 대경빌딩 201호(서초동), ,,공인회계사업,2016-04-01,03월
주식회사 더터닝포인트,"The Turningpoint Co. Ltd., ",더터닝포인트, ,서재일,기타법인,110111-4383751,107-87-38109,서울특별시 강남구 논현로 427-1 4층 (역삼동), ,,경영 컨설팅업,2019-07-01,12월
주식회사 더파티,"THE PARTY Co.,Ltd.",더파티, ,김성곤,기타법인,180111-0788430,899-88-00150,"부산광역시 남구 전포대로 26 (문현동, 문현삼성힐타워)", ,,경영 컨설팅업,2015-07-01,12월
주식회사 더프라핏,"The Profit Co., Ltd.",더프라핏, ,정중용,기타법인,134111-0208385,138-81-69225,서울특별시 강남구 논현로85길 5-14 3층 (역삼동),theprofit.co.kr,,경영 컨설팅업,2011-08-08,12월
주식회사 더플라잉홀딩스,"The flying holdings co., ltd",더플라잉홀딩스, ,안동진,기타법인,110111-5877274,703-81-00199,서울특별시 성동구 왕십리로 336 (도선동) 영일빌딩 1층, ,,사업 및 무형 재산권 중개업,2015-10-30,12월
주식회사 더플레이어,"ThePlayer co.,Ltd",더플레이어, ,이재범,기타법인,110111-5809912,148-87-00244,서울특별시 강남구 삼성로100길 23-3 (삼성동), ,,"광고물 문안, 도안, 설계 등 작성업",2015-08-17,12월
주식회사 더피알,THE PR Inc.,더피알, ,김진희,기타법인,110111-6480034,831-81-00849,서울특별시 강남구 도산대로30길 53 (논현동),www.t-pr.co.kr,,광고 대행업,2017-08-07,12월
주식회사 더피알커뮤니케이션,THE PR COMMUNICATION,더피알커뮤니케이션, ,이성규,기타법인,110111-4252906,101-86-52182,서울특별시 서대문구 경기대로 47 (충정로2가) 진양빌딩 7층,www.theprcomm.co.kr/,,광고 대행업,2010-01-01,12월
주식회사 더함에스디,deoham SD,더함에스디, ,양동수,기타법인,110111-7692000,110-86-16123,"서울특별시 중구 명동11길 20 (명동1가, 서울YWCA회관) 601호",www.deoham.co.kr,,연구개발업,2014-12-12,12월
주식회사 덕산개발,duksan,덕산개발, ,김성수,기타법인,170111-0833633,859-88-02238,"대구광역시 달서구 달구벌대로323길 39 1동406호(감삼동, 감삼보성청실아파트)", ,,경영 컨설팅업,2021-08-26,12월
데마틱코리아 유한회사,Dematic Korea Limited,데마틱코리아, ,마이클존제로긴,기타법인,110114-0281200,542-88-02252,"서울특별시 송파구 중대로 109 (가락동, 대동빌딩) 7층",www.dematic.com/ko-kr/,,"기타 전문, 과학 및 기술 서비스업",2021-07-30,12월
주식회사 데뷰월드와이드,"De.View Worldwide Co., Ltd.",데뷰월드와이드, ,김수현,기타법인,110111-5665306,671-87-00083,서울특별시 마포구 월드컵북로1길 26-8 (서교동) 2층 215호, ,,경영 컨설팅업,2015-04-01,12월
주식회사 데오로,deoro,데오로, ,백승원,기타법인,110111-6664753,454-87-00907,"서울특별시 강남구 테헤란로52길 15 (역삼동, 금천빌딩),319호", ,,경영 컨설팅업,2018-02-20,12월
주식회사 데이뷰네트웍스,DayBeau Networks,데이뷰네트웍스, ,이종진,기타법인,124411-0377962,435-86-03022,"서울특별시 강남구 논현로97길 73 (역삼동, 좋은사람좋은집) 지하1층 101, 102호", ,,경영 컨설팅업,2023-12-08,12월
(주)데이브컴퍼니,DAVE COMPANY,데이브컴퍼니, ,정진기,기타법인,110111-1209801,102-81-41247,서울특별시 영등포구 여의도동45-2 장은증권빌딩7층,WWW.davecompany.com,,광고 대행업,1995-10-31,12월
주식회사 데이비드앤제이케이,MediCoreTech.CO.LTD,데이비드앤제이케이, ,유병목,기타법인,110111-6153681,681-86-00477,"서울특별시 강남구 역삼로 114 8층 865호 (역삼동, 현죽빌딩)", ,,경영 컨설팅업,2016-08-23,12월
(주)데이지파트너스,"Daisy Partners Co.,Ltd.",데이지파트너스, ,조현건,기타법인,110111-2293035,214-86-87051,"서울특별시 서초구 논현로 79 1007호 (양재동, 윈드스톤호피스텔빌딩)",-,,경영 컨설팅업,2001-10-29,12월
데이터애널리틱스랩,"DATA ANALYTICS LAB Co.,LTD",데이터애널리틱스랩, ,김성환,기타법인,110111-6791192,376-86-01031,"서울특별시 영등포구 63로 50 (여의도동, 63한화생명빌딩)",dataanalyticslab.center,dataanalyticslab.center,경영 컨설팅업,2018-06-25,12월
데이터코아젠헬스,DataCoreZenHealth,데이터코아젠헬스, ,이상연,기타법인,110111-6858140,203-87-01410,서울특별시 강남구 역삼로19길 3 (역삼동) 302호, ,,경영 컨설팅업,2018-10-18,12월
주식회사 데이터테크놀로지,"Data Technology Co.,Ltd.",데이터테크놀로지, ,이병용,기타법인,110111-6178746,716-81-00462,"서울특별시 양천구 신정로7길 60-5 115호(신정동, 동일프라자)", ,,경영 컨설팅업,2016-09-20,12월
주식회사 덱스레보,DexLevo Inc.,덱스레보, ,유재원,기타법인,110111-5245158,119-86-78150,"서울특별시 금천구 서부샛길 632 5층 505호 (가산동, 대륭테크노타운5차)",www.dexlevo.com,,의학 및 약학 연구개발업,2013-10-15,12월
주식회사 덱스터크레마,"Dexter krema Co., Ltd.",덱스터크레마, ,손동진,기타법인,110111-4092873,220-87-80934,서울특별시 강남구 도산대로30길 21-9 (논현동),www.kremaworldwide.com,,광고 대행업,2009-05-01,12월
(주)덴쯔,Dentsu Inc,덴쯔, ,Yutaka Narita,기타법인, ,11069,서울특별시 강남구 테헤란로 534 글라스타워 30층 (대치동),http://www.dentsu.com,,광고 대행업,1901-07-01,03월
"주식회사 덴쯔,영앤드루비컴코리아",Dentsu Young & Rubicam,"덴쯔,영앤드루비컴코리아", ,김성규,기타법인,110111-0660111,211-81-53431,서울특별시 강남구 논현동 70-13 보전빌딩 2층,www.dyr.com.sg,,광고 대행업,1989-11-23,12월
주식회사 덴츠엑스,dentsu X Inc,덴츠엑스, ,Woo Hyuna Nam,기타법인,110111-4246644,120-87-48653,"서울특별시 강남구 테헤란로79길 6 (삼성동, 제이에스타워) 10층",www.dxglobal.co.kr,,광고 대행업,2009-12-22,12월
주식회사 덴츠크리에이티브코리아,Dentsu McgarryBowen Inc,덴츠크리에이티브코리아, ,남우현,기타법인,110111-1657232,120-81-87085,"서울특별시 강남구 테헤란로79길 6 (삼성동, 제이에스타워) 11층 (삼성동)",www.dentsukorea.com,,광고 대행업,1999-03-03,12월
델리치푸드주식회사,delrichfood,델리치푸드, ,장남산,기타법인,134811-0039405,124-81-59640,경기도 화성시 팔탄면 버들로 1296,www.delrichfood.co.kr,,공인회계사업,1999-01-01,12월
(주)델텍,"DELTECH CO.,LTD",델텍, ,조인근,기타법인,134911-0010809,133-81-30458,경기도 군포시 엘에스로 162 6층 (금정동), ,,전기ㆍ전자공학 연구개발업,1996-10-17,12월
도경회계법인,Dokyung Accounting Corporation,도경회계법인, ,"송정길, 양지혁",기타법인,180134-0003633,611-88-03426,부산광역시 동구 중앙대로260번길 3-7 5층 (초량동), ,,공인회계사업,2025-09-01,03월
주식회사 도담이앤씨,DODAM E&C,도담이앤씨, ,이명재,기타법인,110111-1439359,204-81-39033,인천광역시 남동구 예술로192번길 40 새마을회빌딩4층(구월동), ,,건물 및 토목 엔지니어링 서비스업,1997-07-21,12월
도담회계법인,DODAM Accounting Corporation,도담회계법인, ,"김성균, 이수범",기타법인,250134-0036969,742-88-01566,"서울특별시 영등포구 국회대로70길 19 (여의도동, 대하빌딩) 9층 911호",dodamac.com/,,공인회계사업,2019-12-02,03월
(주)도도커뮤니케이션,DODOCOMMUNICATION,도도커뮤니케이션, ,장현영,기타법인,110111-3989922,212-81-84558,서울특별시 강동구 고덕로23길 37 (암사동), ,,광고 대행업,2008-10-29,12월
도미누스인베스트먼트 유한책임회사,DOMINUS INVESTMENT LLC ,도미누스인베스트먼트, ,정도현,기타법인,110115-0001932,214-88-77687,서울특별시 서초구 반포대로27길 16 102호 (서초동), ,,경영 컨설팅업,2011-05-12,12월
도시디자인플러스 주식회사,"Dosi Design Plus Co.,LTD.",도시디자인플러스, ,이광태,기타법인,160111-0641799,735-86-02919,"대전광역시 유성구 계룡로105번길 15 203호(봉명동, 한진오피스텔)", ,,경영 컨설팅업,2022-09-26,12월
도시바글로벌커머스솔루션즈코리아(주),"Toshiba Global Commerce Solutions Korea Co., Ltd.",도시바글로벌커머스솔루션즈코리아, ,이호진,기타법인,110111-7072947,106-86-87987,"서울특별시 중구 퇴계로 18 (남대문로5가, 대우재단빌딩)", ,,"건축기술, 엔지니어링 및 관련 기술 서비스업",2012-08-06,03월
(주)도시엔지니어링,-,도시엔지니어링, ,유승하,기타법인,124411-0063660,137-81-57522,"경기도 김포시 돌문로 50-20.402호(사우동,로얄프라자)",-,,기타 엔지니어링 서비스업,2003-11-21,12월
주식회사 도시환경종합건축사사무소,CES ,도시환경종합건축사사무소, ,"권영태, 최은정",기타법인,110111-2899966,106-86-24304,서울특별시 용산구 유엔빌리지3길 54-16, ,,건축설계 및 관련 서비스업,2003-11-20,12월
(주)도심엔지니어링종합건축사사무소,"DOSIM ARCHITECTS AND ENGINEERS CO.,LTD",도심엔지니어링종합건축사사무소, ,김왕선,기타법인,110111-1404419,229-81-27220,"경기도 안양시 동안구 평촌대로212번길 55 (관양동, 대고사옥) 4층", ,,"건축기술, 엔지니어링 및 관련 기술 서비스업",1997-05-01,12월
도안회계법인,Doan Accounting Corporation,도안회계법인, ,황지원,기타법인,110134-0112734,268-87-02721,"서울특별시 강남구 테헤란로33길 3-6 4층 (역삼동, 역삼스마트타워)",jcdoan.com,,공인회계사업,2024-04-01,03월
주식회사 도암엔지니어링,"DOARM engineering CO.,LTD",도암엔지니어링, ,오관준,기타법인,220111-0023960,616-81-24150,제주특별자치도 제주시 첨단로8길 86-9 (영평동),www.doarm.co.kr,,"건축기술, 엔지니어링 및 관련 기술 서비스업",1998-10-19,12월
도영회계법인,Doyoung Accounting Corporation,도영회계법인, ,김재필,기타법인,114634-0035106,220-87-46896,"서울특별시 강남구 테헤란로113길 7 3,4층(삼성동, 백암아트센터)",www.doyoungcpa.com,,공인회계사업,2007-04-11,03월
도요엔지니어링코리아주식회사,Toyo Engineering Korea Ltd.,도요엔지니어링코리아, ,오사나이 토루,기타법인,110111-0553910,107-81-52434,"서울특별시 강남구 테헤란로37길 11 (역삼동, KECKOREA) 도요빌딩",www.toyokorea.com,,건물 및 토목 엔지니어링 서비스업,1987-12-28,12월
(주)도우엔지니어링,Dowoo ENG,도우엔지니어링, ,강희양,기타법인,120111-0494427,131-86-13666,"인천광역시 연수구 송도미래로 30 디동 1604호, 1605호, 1606호 (송도동, 송도BRC스마트밸리지식산업센터)",www.dowoo.com,,기타 엔지니어링 서비스업,2009-04-24,12월
(주)도울건축건축사사무소,"DOUL INTERNATIONAL,LTD.",도울건축건축사사무소, ,채일석,기타법인,110111-1077638,214-81-75512,서울특별시 강남구 역삼동 732-21 델타빌딩 3층,www.idoul.com,,건축설계 및 관련 서비스업,1994-09-23,12월
(주)도원엔지니어링건축사사무소,"DOWON ENGINEERING & ARCHITECTS CO., LTD.",도원엔지니어링건축사사무소, ,"최철순, 이강희, 손정숙",기타법인,160111-0046634,314-81-12554,대전광역시 서구 계룡로 390,www.dowoneng.co.kr,,건축설계 및 관련 서비스업,1995-04-12,12월
도원회계법인,DoOne Accounting Corporation,도원회계법인, ,임진윤,기타법인,110234-0004244,214-86-29691,서울특별시 강남구 테헤란로87길 21 5층,www.doac.co.kr,,공인회계사업,1999-02-10,03월
도프텍 주식회사,DOFTECH ,도프텍, ,강성오,기타법인,110111-1921538,107-81-80129,"서울특별시 중구 통일로 86 (순화동, 바비엥3) 401호~406호",www.doftech.co.kr,,건물 및 토목 엔지니어링 서비스업,2000-03-28,12월
(주)도화엔지니어링,"DOHWA ENGINEERING Co., Ltd.",도화엔지니어링,002150,"박승우, 곽준상, 손영일, 김덕구",유가증권시장,110111-0037740,211-81-08009,서울특별시 강남구  삼성로 438 도화타워,www.dohwa.co.kr,,건물 및 토목 엔지니어링 서비스업,1962-05-05,12월
주식회사 돌고래유괴단,Dolphiners films,돌고래유괴단, ,신우석,기타법인,110111-5652303,213-86-40859,서울특별시 강남구 봉은사로114길 28 (삼성동), ,,광고 대행업,2015-02-28,12월
주식회사 동경홀딩스,Dong Kyung Holdings. INC,동경홀딩스, ,서경식,기타법인,110111-7439238,675-86-01772,"서울특별시 성동구 아차산로7길 15-1 (성수동2가, 효정빌딩), 3층 3046호", ,,경영 컨설팅업,2020-03-26,12월
동광레져회원권거래소(주),Donggwang Leisure Membership Trade Co,동광레져회원권거래소, ,이성헌,기타법인,110111-3579004,109-86-05704,서울특별시 강서구 등촌동 678-7, ,,사업 및 무형 재산권 중개업,2006-12-13,12월
동광태양광발전(주),"DK Solar Energy Co., Ltd. ",동광태양광발전, ,김승유,기타법인,110111-5720423,823-81-00080,"서울특별시 서초구 서초중앙로 69 (서초동, 르네상스빌딩) 908호", ,,경영 컨설팅업,2015-05-02,12월
주식회사 동국건설,-,동국건설, ,박윤동,기타법인,200111-0034705,409-81-16372,광주광역시 동구 학동 46-4,-,,공인회계사업,1992-05-11,12월
동국대학교경주캠퍼스산학협력단,DGSANHAK,동국대학교경주캠퍼스산학협력단, ,전동협,기타법인,171271-0003154,505-82-09007,"경상북도 경주시 동대로 123 (석장동, 동국대학교경주캠퍼스) 산학협력관",iacf.dongguk.ac.kr/iacf/,,기타 전문 서비스업,2009-03-01,12월
동국대학교산학협력단,DONGGUK UNIVERSITY Industry-Academic Cooperation Foundation ,동국대학교산학협력단, ,정영식,기타법인,110171-0029535,201-82-04468,"서울특별시 중구 필동로1길 30 (필동3가, 동국대학교) 본관2층 산학협력단", ,,기타 전문 서비스업,2004-04-09,02월
(주)동남종합감리공단건축사사무소,"DongNam Supervision&Architecture Engineering Co., Ltd.",동남종합감리공단건축사사무소, ,"윤승문, 이창열",기타법인,181211-0029071,610-81-20442,울산광역시 남구 신정로 114 (신정동),www.dongnam94.com/index.html,,건축설계 및 관련 서비스업,1994-12-01,12월
동남회계법인,Dongnam Accounting Corporation,동남회계법인, ,장경식,기타법인,114671-0022486,220-81-44144,"서울특별시 강남구 역삼로 153 (역삼동,케이엘넷빌딩)", ,,공인회계사업,1997-04-19,03월
주식회사 동림컨설턴트,"DONGRIM Consultant Co., Ltd.",동림컨설턴트, ,배기혁,기타법인,161211-0004738,307-81-09992,경기도 안양시 동안구 비산동 1112-1 안양건설타워 12층,www.dongrim.co.kr,,건축설계 및 관련 서비스업,1997-01-06,12월
주식회사 동림티엔에스,dongrim tns,동림티엔에스, ,이탁수,기타법인,110111-2463547,215-86-22444,울산광역시 남구 월평로48번길 17-1 (신정동)5층,www.dongrimtns.co.kr,,기타 엔지니어링 서비스업,2002-03-07,12월
동명기술공단종합건축사사무소,"DONGMYEONG ENGINEERING CONSULTANTS & ARCHITECTURE Co., Ltd",동명기술공단종합건축사사무소, ,신희정,기타법인,110111-0037550,204-81-08919,경기도 화성시 노작로4길 8 4층 (반송동),www.dmec.co.kr,,건물 및 토목 엔지니어링 서비스업,1960-10-01,12월
동명회계법인,Dong Myung Accounting Corporation,동명회계법인, ,"정준섭, 정내석",기타법인,206334-0000336,409-81-37756,광주광역시 서구 상무중앙로 43 BYC빌딩 7층 (치평동),www.dmcpa.co.kr,,공인회계사업,1997-04-19,03월
동물진료법인 선진브릿지,Animal Medical Corporation Sunjin Bridge,동물진료법인선진브릿지, ,김주한,기타법인,134422-0001475,150-82-00543,"경기도 이천시 부발읍 신아로 87 (아미리, 부발역)", ,,수의업,2023-07-24,12월
동물진료법인하림애니멀클리닉센터,Harim Animal Clinic Center,동물진료법인하림애니멀클리닉센터, ,권정택,기타법인,214971-0019874,209-82-12638,전라북도 익산시 중앙로 121 (마동) 1층, ,,수의업,2023-07-18,12월
동부엔지니어링주식회사,"DONGBU ENGINEERING CO., LTD.",동부엔지니어링, ,노재화,기타법인,110111-0659536,201-81-45690,경기도 안양시 만안구 안양로 155 3층,www.dbeng.co.kr,,건물 및 토목 엔지니어링 서비스업,1989-11-20,12월
동북아15호선박투자회사,Dongbuka No.15 Ship Investment Company,동북아15호선박투자회사,084240,김연신,기타법인,180111-0520254,606-81-91986,부산광역시 사상구 모라동 795-22,-,,경영 컨설팅업,2005-05-20,12월
동북아1호선박투자회사,DongBukaNO1ShipInvst,동북아1호선박투자회사,078420,김연신,기타법인,180111-0473809,607-81-67664,부산광역시 사상구 모라동 795-22,-,,경영 컨설팅업,2004-01-16,12월
동북아21호 선박투자회사,"DONGBUKA NO. 21 SHIP INVESTMENT COMPANY CO., LTD.",동북아21호선박투자회사,088010,김연신,기타법인,180111-0535120,606-81-94299,부산광역시 사상구 모라동 795-22,-,,경영 컨설팅업,2005-10-26,12월
동북아27호선박투자회사,Dongbuka No. 27 Ship Investment Company,동북아27호선박투자회사,089170,김연신,기타법인,180111-0545179,606-81-95662,부산광역시 사상구 모라동 795-22,-,,경영 컨설팅업,2006-02-06,12월
동북아28호선박투자회사,Dongbuka No. 28 Ship Investment Company,동북아28호선박투자회사,089180,김연신,기타법인,180111-0545187,606-81-95677,부산광역시 사상구 모라동 795-22,-,,경영 컨설팅업,2006-02-06,12월
동북아29호선박투자회사,Dongbuka No. 29 Ship Investment Company,동북아29호선박투자회사,089190,김연신,기타법인,180111-0545195,606-81-95681,부산광역시 사상구 모라동 795-22,-,,경영 컨설팅업,2006-02-06,12월
동북아2호선박투자회사,DongbukaNo.2ShipInv,동북아2호선박투자회사,080030,권기훈,기타법인,180111-0487363,606-81-87008,부산광역시 사상구 모라동 795-22,-,,경영 컨설팅업,2004-06-15,12월
동북아30호선박투자회사,Dongbuka No. 30 Ship Investment Company,동북아30호선박투자회사,089200,김연신,기타법인,180111-0545137,606-81-95696,부산광역시 사상구 모라동 795-22,-,,경영 컨설팅업,2006-02-06,12월
동북아31호선박투자회사,Dongbuka No. 31 Ship Investment Company,동북아31호선박투자회사,093730,김연신,기타법인,220111-0058214,616-81-58062,제주특별자치도 제주시 이도2동 390 제주도중소기업종합지원센터 관리사무처,-,,경영 컨설팅업,2006-10-12,12월
동북아32호선박투자회사,Dongbuka No.32 Ship Investment Company,동북아32호선박투자회사, ,김연신,기타법인,220111-0060409,616-81-60291,제주특별자치도 제주시 이도2동 제주도중소기업종합지원센터, ,,경영 컨설팅업,2007-04-05,12월
동북아33호선박투자회사,Dongbuka No.33 Ship Investment Company,동북아33호선박투자회사, ,김연신,기타법인,220111-0060392,616-81-60307,제주특별자치도 제주시 이도2동 제주도중소기업종합지원센터, ,,경영 컨설팅업,2007-04-05,12월
동북아37호선박투자회사,Dongbuka No.37 Ship Investment Company,동북아37호선박투자회사, ,김연신,기타법인,180111-0735100,606-86-26044,부산광역시 사상구 모라동 795-22,www.komarf.com,,경영 컨설팅업,2010-11-04,12월
동북아39호선박투자회사,Dongbuka No.39 Ship Investment Company,동북아39호선박투자회사, ,조용식,기타법인,180111-0790443,617-81-96185,"부산광역시 남구 문현금융로 40 (문현동, 부산국제금융센터)",www.komarf.com,,경영 컨설팅업,2012-01-09,12월
동북아3호선박투자회사,Dongbuka  No.3 Ship Investment Company Co.Ltd,동북아3호선박투자회사,080960,권기훈,기타법인,180111-0490506,606-81-87425,부산광역시 사상구 사상로 461 (모라동),-,,경영 컨설팅업,2004-07-15,12월
동북아41호선박투자회사,Dongbuka No.41 Ship Investment Company,동북아41호선박투자회사, ,권기훈,기타법인,220111-0096793,616-86-00492,제주특별자치도 제주시 연삼로 473 (이도이동),www.komarf.com,,경영 컨설팅업,2012-11-08,12월
동북아44호선박투자회사,Dongbuka No.44 Ship Investment Company,동북아44호선박투자회사, ,권기훈,기타법인,220111-0102136,616-86-05901,제주특별자치도 제주시 연삼로 473 (이도이동),www.komarf.com,,경영 컨설팅업,2013-05-09,12월
동북아45호선박투자회사,Dongbuka No.45 Ship Investment Company,동북아45호선박투자회사, ,권기훈,기타법인,220111-0102269,616-86-05954,제주특별자치도 제주시 연삼로 473 (이도이동), ,,경영 컨설팅업,2013-05-14,12월
동북아4호선박투자회사,"Dongbuka No.4 Ship Investment Company Co., Ltd",동북아4호선박투자회사,080970,권기훈,기타법인,180111-0490514,606-81-87430,부산광역시 사상구 사상로 461 (모라동),-,,경영 컨설팅업,2004-07-15,12월
동북아5호선박투자회사,"Dongbuka No.5 Ship Investment Company Co., Ltd",동북아5호선박투자회사,080980,권기훈,기타법인,180111-0490522,606-81-87444,부산광역시 사상구 사상로 461 (모라동),-,,경영 컨설팅업,2004-07-15,12월
동북아6호선박투자회사,DongbukaNo.6ShipInv,동북아6호선박투자회사,080410,김연신,기타법인,180111-0495267,606-81-88157,부산광역시 사상구 모라동 795-22,-,,경영 컨설팅업,2004-09-08,12월
동북아8호선박투자회사,Dongbuka No.8 Ship Investment Company,동북아8호선박투자회사,082110,김연신,기타법인,180111-0501709,606-81-89078,부산광역시 사상구 모라동 795-22,-,,경영 컨설팅업,2004-11-19,12월
동북아9호선박투자회사,DONGBUKA NO.9 SHIP INVESTMENT COMPANY,동북아9호선박투자회사,083120,김연신,기타법인,180111-0513308,606-81-90880,부산광역시 사상구 모라동 795-22,-,,경영 컨설팅업,2005-03-16,12월
동산엔지니어링(주),Dongsan eng,동산엔지니어링, ,김동만,기타법인,110111-1234874,220-81-13656,"서울특별시 송파구 충민로 10 8층 S18호 (문정동, 가든파이브툴)", ,,기타 엔지니어링 서비스업,1996-01-22,12월
동서기술단(주),Dong-seo Technical group Corporation,동서기술단, ,김명숙,기타법인,154311-0016871,301-81-80740,충청북도 진천군 진천읍 문진로 1451 (교성리), ,,"건축기술, 엔지니어링 및 관련 기술 서비스업",2005-02-14,12월
(주)동서엔지니어링,Dong seo Engineering,동서엔지니어링, ,이익상,기타법인,140111-0006202,221-81-04733,강원특별자치도 춘천시 후석로 44 3층 (석사동),www.dongseoeng.kr/,,건물 및 토목 엔지니어링 서비스업,1991-08-23,12월
주식회사 동서울에프앤디,DONG SEOUL F&D,동서울에프앤디, ,SHIN ALLEN BUMSIK,기타법인,110111-8213855,430-88-02056,"서울특별시 송파구 송파대로28길 13 3층 305-14호 (가락동, 거북이빌딩)", ,,경영 컨설팅업,2022-02-25,12월
동서회계법인,Dongsuh Accounting Corp.,동서회계법인, ,"윤중선, 김형주, 송영섭",기타법인,114634-0034174,220-87-27787,서울특별시 강남구 테헤란로108길 29 상림빌딩 (대치동),-,,공인회계사업,2006-04-03,03월
(주)동성엔지니어링,"DONGSUNG ENGINEERING CO., LTD.",동성엔지니어링, ,이상규,기타법인,176011-0006228,513-81-09001,"경상북도 경산시 성암로21길 41 (옥산동, K&K빌딩)",www.dongsungeng.co.kr,,건물 및 토목 엔지니어링 서비스업,1991-09-01,12월
동성회계법인,Dongseong Accounting Corp.,동성회계법인, ,"박창하, 박병곤",기타법인,254134-0014846,107-86-86322,"서울특별시 서초구 강남대로 221 408호(양재동, 양재역환승주차장)", ,,공인회계사업,2007-02-01,06월
동신기술개발(주),Dongchin Engineering Co. LTD,동신기술개발, ,최귀열,기타법인,200111-0003700,408-81-15929,전라남도 화순군 화순읍 만연리 238-3, ,,건물 및 토목 엔지니어링 서비스업,1976-12-29,12월
동신회계법인,DONGSHIN Accounting Corporation,동신회계법인, ,송강준,기타법인,184134-0004785,605-81-72220,부산광역시 동구 중앙대로 233 (초량동), ,,공인회계사업,2005-05-06,03월
주식회사 동아기술공사,donga engineering CO.LTD,동아기술공사, ,"김찬정, 김영삼",기타법인,200111-0011711,408-81-07055,"전라남도 화순군 화순읍 충의로 247 (다지리, 동아기술공사)",dong-aeng.co.kr,,건물 및 토목 엔지니어링 서비스업,1998-01-23,12월
(주)동아닷컴,donga.com,동아닷컴, ,"김승환, 신석호",기타법인,110111-2366618,101-81-75666,"서울특별시 서대문구 충정로 29 (충정로3가, 동아일보사건물)",www.donga.com,,옥외 광고업,2001-11-01,12월
(주)동아일보 제1광고,DONGA ILBO NO.1 AD LTD.,동아일보제1광고, ,송도선,기타법인,110111-1100794,102-81-35973,서울특별시 종로구 청진동 244 한백빌딩 4층, ,,그 외 기타 광고 관련 서비스업,1996-12-20,12월
주식회사 동아컨설턴트,"DONG-A CONSULTANTS CO., LTD.",동아컨설턴트, ,정국성,기타법인,110111-0072093,120-81-00735,서울특별시 강남구 삼성동 160-23,www.dacc.co.kr,,지질 조사·탐사 및 지도 제작업,1971-01-21,12월
주식회사 동아홀딩스,"Dongah Holdings Co.,Ltd",동아홀딩스, ,박춘영,기타법인,170111-0413732,514-81-74373,대구광역시 달성군 논공읍 논공로 562 (본리리), ,,경영 컨설팅업,2010-10-12,12월
동아회계법인,Dong-A accounting firm,동아회계법인, ,박창하,기타법인,110134-0085139,411-88-00284,"서울특별시 서초구 강남대로 221 4층 408호 (양재동, 양재역환승주차장)", ,,공인회계사업,2016-04-01,03월
동아회원권 주식회사,"DONG-A MEMBERSHIP CO., LTD. ",동아회원권, ,송영택,기타법인,110111-4224278,120-87-47649,"서울특별시 강남구 언주로 601 (논현동, 파크랜드빌딩) 1층",www.dongagolf.co.kr/,,사업 및 무형 재산권 중개업,2009-11-20,12월
동아회원권거래소 주식회사,"Dong-a Membership Exchange Co. Lltd,.",동아회원권거래소, ,민춘호,기타법인,110111-2632027,220-86-49538,"서울특별시 강남구 언주로 601 12층(논현동, 파크랜드빌딩)",www.dagolf.co.kr,,사업 및 무형 재산권 중개업,2002-10-18,12월
주식회사 동안기획,DongAn Inc.,동안기획, ,노윤숙,기타법인,120111-1196791,744-87-02400,"인천광역시 남동구 성말로 10 (구월동, 효명프라자) 7층 701호 701-1호",daplan.com/,,광고 대행업,2021-12-06,12월
주식회사 동암,DONG AM,동암, ,임수환,기타법인,131111-0361714,144-81-20644,"경기도 성남시 분당구 성남대로 165 508 (금곡동, 천사의도시1오피스텔)", ,,경영 컨설팅업,2013-12-17,12월
주식회사 동양건축사사무소,changjo architects co.,동양건축사사무소, ,신동석,기타법인,200111-0184576,408-81-59951,광주광역시 북구 경양로 107 (신안동) 2층, ,,건축설계 및 관련 서비스업,2003-11-11,12월
(주)동양정보통신M&A,Dong Yang M&A,동양정보통신M&A, ,박만규,기타법인,110111-1146227,117-81-13665,서울특별시 마포구 도화2동 일신빌딩 1402,www.dymac.co.kr,,경영 컨설팅업,1995-05-01,12월
(주)동양파트너스,DONGYANG PARTNERS.CO.LTD ,동양파트너스, ,양두승,기타법인,110111-3477779,107-86-79777,서울특별시 영등포구 여의도동 25 신송빌딩 606호,www.dypart.com,,경영 컨설팅업,2006-06-19,12월
동우공영(주),"DONGWOO MANAGEMENT CONSULTING CO., LTD",동우공영, ,이광수,기타법인,110111-0228191,104-81-08943,"서울특별시 중구 청파로 450 (중림동, 신흥빌딩) 4층",www.dongwoomo.co.kr,,"그 외 기타 분류 안된 전문, 과학 및 기술 서비스업",1978-04-01,12월
동우바이오주식회사,"DONGWOOBIO CO.,LTD",동우바이오, ,김용호,기타법인,160111-0144305,305-81-57751,"경기도 용인시 처인구 백암면 삼백로 367-21 (석천리, 동우바이오)", ,,환경 관련 엔지니어링 서비스업,2002-09-05,12월
(주)동우이앤씨,"DONG WOO ENGINEERS & CONSTRUCTION CO.,LTD",동우이앤씨, ,홍준표,기타법인,170111-0066804,502-81-23570,"대구광역시 동구 동대구로 489 16층 (신천동, 대구무역회관)",-,,건축설계 및 관련 서비스업,1993-06-22,12월
동원메닉스(주),"Dong Won Menics Co., Ltd",동원메닉스, ,이태규,기타법인,180111-0560408,606-81-97786,부산광역시 강서구 지사동 1218-1,-,,자연과학 및 공학 연구개발업,2006-06-23,12월
동원회계법인,DONGWON Accounting Corporation,동원회계법인, ,김은태,기타법인,180134-0034992,315-86-03219,부산광역시 동구 중앙대로 233 4층 (초량동), ,,공인회계사업,2024-04-29,03월
주식회사 동유인베스트먼트,"DONGYU INVESTMENT CO.,LTD",동유인베스트먼트, ,이영진,기타법인,110111-4201200,220-87-88770,"서울특별시 강남구 언주로 120 502호 (도곡동, 인스토피아)", ,,경영 컨설팅업,2009-10-21,12월
유한회사 동인동디엠,DIDDM,동인동디엠, ,김범준,기타법인,134514-0007270,675-88-01397,경기도 용인시 처인구 포곡읍 금어로 445 (금어리), ,,경영 컨설팅업,2019-06-28,12월
주식회사 동일기술공사,"DONG-IL ENGINEERING CO., LTD.",동일기술공사, ,"황주환, 김수보, 강창호",기타법인,110111-0059885,219-81-07585,"서울특별시 송파구 송이로30길 7 (문정동, 동일빌딩)",www.dongileng.co.kr,,건물 및 토목 엔지니어링 서비스업,1978-07-01,12월
(주)동일애드컴,dongiladcom,동일애드컴, ,박종혁,기타법인,110111-0941248,214-81-69422,서울특별시 서초구 양재1동 9-62 ,www.dongilad.com,,그 외 기타 광고 관련 서비스업,1994-05-11,12월
(주)동진이엔시,DONGJIN ENGINEERING CO. LTD,동진이엔시, ,김창수,기타법인,174811-0036031,515-81-26267,"경상북도 김천시 혁신로 185 (율곡동, 메타폴리스) 2층 230호",dongjinenc.kr,,건물 및 토목 엔지니어링 서비스업,2004-06-15,12월
동하코퍼레이션(주),DONGHA CORPORATION,동하코퍼레이션, ,김응,기타법인,110111-1573040,201-81-22756,"경기도 부천시 삼작로 22 (삼정동, 부천테크노파크) 103동 601호",www.dongha21.com,,"기타 기술 시험, 검사 및 분석업",1998-09-15,12월
동함평산업단지개발(주),Epd,동함평산업단지개발, ,한주석,기타법인,110111-4715011,211-88-67875,서울특별시 강남구 논현동 239-11번지 유경빌딩별관 5층, ,,도시계획 및 조경설계 서비스업,2011-10-25,12월
(주)동해종합기술공사,"Donghae Engineering & Consultants CO.,Ltd",동해종합기술공사, ,정점래,기타법인,110111-2462218,220-86-32319,서울특별시 성동구 광나루로6길 35 우림e-biz 610호,www.dh2002.co.kr,,환경 관련 엔지니어링 서비스업,2002-03-06,12월
주식회사 동해프라이빗에쿼티,donghaeprivateequity,동해프라이빗에쿼티, ,KIM SHINHO HARRIS,기타법인,110111-6971257,665-81-01159,"서울특별시 강남구 언주로 729 (논현동, 마스터스729빌딩) 마스터스빌딩 9층", ,,경영 컨설팅업,2019-01-04,12월
동현회계법인,Donghyun Accounting Corporation,동현회계법인, ,"곽상훈, 장선택, 임헌경",기타법인,110134-0072194,220-88-56765,"서울특별시 강남구 논현로 652 (논현동, 한일빌딩) 한일빌딩 4층", ,,공인회계사업,2013-04-15,03월
주식회사 동호,"KUMHO ENGINEERING CO., LTD.",동호, ,신훈,기타법인,134111-0027157,138-81-04085,경기도 안양시 동안구 관양동 1588-8(건설회관),www.kumhoeng.co.kr,,건물 및 토목 엔지니어링 서비스업,1989-06-01,12월
(주)동희홀딩스,"DONGHEE Holdings CO., LTD.",동희홀딩스, ,이동호,기타법인,181211-0004586,610-81-03763,"울산광역시 남구 처용로 675 (황성동, (주)동희홀딩스)",www.donghee.co.kr,,회사 본부 및 경영 컨설팅 서비스업,1986-05-02,12월
(주)두가씨앤씨종합건축사사무소,DUGA CNC ARCHITECTS&ASSOCIATES,두가씨앤씨종합건축사사무소, ,김재학,기타법인,110111-1665665,220-81-59481,"서울특별시 성동구 성수일로10길 26 18층(성수동2가, 하우스디세종타워)",dugacc.com/,,건축설계 및 관련 서비스업,1999-03-17,12월
주식회사 두나,"DOO NA CO., LTD",두나, ,나회수,기타법인,110111-5981950,119-87-07647,서울특별시 서대문구 통일로 348 (홍제동) 110동 1001호, ,,경영 컨설팅업,2016-02-23,12월
두나무글로벌 유한회사,dunamu global,두나무글로벌, ,백동호,기타법인,110114-0290706,629-81-02531,"서울특별시 서초구 강남대로 369 (서초동, DFTower(DF타워)) 15층", ,,전문 서비스업,2022-02-10,12월
두레커뮤니케이션(주),Durae Communication Inc.,두레커뮤니케이션, ,박희정,기타법인,110111-1833527,214-86-44028,충청북도 충주시 수안보면 온천리 806-1, ,,경영 컨설팅 및 공공 관계 서비스업,1999-12-01,12월
두루건설 주식회사,-,두루건설, ,박기영,기타법인,200111-0047419,408-81-20664,광주광역시 동구 대의동 32,-,,공인회계사업,1994-08-19,12월
(주)두마리토끼,tworabbit,두마리토끼, ,김진희전혜숙,기타법인,110111-4847161,101-86-71442,서울특별시 강남구 언주로86길 5 (역삼동) 육성빌딩 2층,www.two-rabbit.co.kr/,,광고 대행업,2012-04-12,12월
주식회사 두민,"Doomin Co.,Ltd.",두민, ,김재영,기타법인,134811-0306143,143-81-24671,경기도 화성시 만세구 마도면 마도공단로6길 33 (쌍송리),www.doomin.co.kr,,전기ㆍ전자공학 연구개발업,2014-07-11,12월
두산에이치투이노베이션 주식회사,"Doosan H2 Innovation Co., Ltd.",두산에이치투이노베이션, ,정형락,기타법인,110111-8033998,502-88-02235,"서울특별시 중구 장충단로 275 (을지로6가, 두산타워빌딩)", ,,기타 공학 연구개발업,2021-09-24,12월
두산엔지니어링 주식회사,"Doosan Engineering Co.,Ltd",두산엔지니어링, ,김홍구,기타법인,110111-0516801,211-86-01656,서울특별시 강남구 논현동 105-7,www.dseng.co.kr,,건물 및 토목 엔지니어링 서비스업,1978-02-16,12월
두산지오솔루션(주),"Doosan GeoSolution Co., Ltd",두산지오솔루션, ,"김봉준, 박종환",기타법인,131111-0722130,658-87-03199,"경기도 성남시 분당구 정자일로 155 (정자동, 분당두산타워) 에스동 9층", ,,경영 컨설팅업,2023-12-04,12월
(주)두산테스나,DOOSAN TESNA Inc.,두산테스나,131970,"김도원, 김윤건",코스닥시장,131111-0082427,129-81-54164,경기도 평택시 산단로 16번길 72,www.tesna.co.kr,,"그 외 기타 전문, 과학 및 기술 서비스업",2002-09-06,12월
두산포트폴리오홀딩스 주식회사,"Doosan Portfolio Holdings Co., Ltd",두산포트폴리오홀딩스, ,백승암,기타법인,110111-8224266,243-81-02356,"서울특별시 중구 장충단로 275 (을지로6가, 두산타워빌딩) 29층", ,,회사 본부,2022-03-08,12월
주식회사 두성홀딩스,Doosung holdings Ltd.,두성홀딩스, ,김천수,기타법인,134811-0197196,124-87-00762,경기도 화성시 팔탄면 덕우리 84-23, ,,회사 본부 및 경영 컨설팅 서비스업,2010-06-29,12월
(주)두손디엔아이,"Dooson Development & Inestment.co,.Ltd",두손디엔아이, ,라상근,기타법인,191211-0013840,612-81-26495,경상남도 통영시 무전동 986, ,,인문 및 사회과학 연구개발업,2007-03-15,12월
두올물산홀딩스 주식회사,"Dual Moolsan Holdings Co., Ltd.",두올물산홀딩스, ,이창현,기타법인,110111-8004006,825-86-02129,"서울특별시 강남구 테헤란로 445 4층(삼성동, 본솔빌딩)",www.dmh-k.co.kr/,,기타 전문 서비스업,2021-08-25,12월
(주)두현이엔씨,"Doo Hyun Engineering & Construction co.,Ltd",두현이엔씨, ,"김규열, 서정식",기타법인,161111-0002693,310-81-06803,충청남도 홍성군 홍성읍 의사로72번길 30-14 (대교리),www.doo-hyun.co.kr,,환경 관련 엔지니어링 서비스업,1994-09-12,12월
주식회사 둠밈,"THUMMIM CO.,LTD",둠밈, ,주정일,기타법인,134511-0422127,340-86-01503,"경기도 용인시 수지구 성복2로 38 (성복동, 롯데몰성복점,롯데캐슬골드타운오피스텔), 201동 1604호", ,,경영 컨설팅업,2019-12-04,12월
주식회사 듀크코리아,"Duke Korea Co., LTD.",듀크코리아, ,조민우,기타법인,110111-6866698,224-87-01057,"서울특별시 성동구 상원1길 25 4162호 (성수동1가, 솔623빌딩)", ,,경영 컨설팅업,2018-09-10,12월
드림라인쏠라파워2호 주식회사,DREAMLINE SOLAR-POWER 2,드림라인쏠라파워2호, ,유지창,기타법인,110111-6341301,811-88-00621,"서울특별시 송파구 중대로 135 (가락동, 아이티벤처타워) 동관 9층",www.dreamline-spc2.co.kr,,경영 컨설팅업,2017-03-10,12월
드림라인쏠라파워3호 주식회사,DREAMLINE SOLAR-POWER 3,드림라인쏠라파워3호, ,김형석,기타법인,110111-6367365,827-88-00801,"서울특별시 송파구 중대로 135 (가락동, 아이티벤처타워) 동관 803호",www.dreamline-spc3.co.kr,,경영 컨설팅업,2017-04-06,12월
주식회사 드림스틸,DreamSteel.inc.,드림스틸, ,문용호,기타법인,214911-0059818,403-81-44507,"전라북도 익산시 석암로3길 146 (팔봉동, 드림스틸)", ,,제조업 회사 본부,2006-12-10,12월
(주)드림씨아이에스,DreamCIS INC.,드림씨아이에스,223250,유정희,코스닥시장,110111-1953953,101-81-57329,"서울특별시 종로구 사직로 130 적선현대빌딩, 10층 10호",www.dreamcis.com,,의학 및 약학 연구개발업,2000-04-27,12월
(주)드림아크코리아,"DreamArk KOREA Corporation Co.,Ltd",드림아크코리아, ,김학준,기타법인,110111-4149757,107-87-24584,"서울특별시 서초구 마방로 60 23층(양재동, 동원에프앤비빌딩)", ,,회사 본부 및 경영 컨설팅 서비스업,2009-07-31,12월
(주)드림연수원,Dream Training Institute Inc.,드림연수원, ,LEE HWA SEEL(이화실),기타법인,214211-0008918,859-81-03238,전북특별자치도 무주군 무주읍 무금로 292-7, ,,"그 외 기타 분류 안된 전문, 과학 및 기술 서비스업",2023-11-02,12월
주식회사드림원에이치,"DREAM ONE H Co.,Ltd",드림원에이치, ,이호성,기타법인,110111-4490100,101-86-60270,서울특별시 종로구 종로1가 르메이에르종로타운1 919,없음,,회사 본부 및 경영 컨설팅 서비스업,2010-12-13,12월
(주)드림이룸,dream yirum.co.ltd,드림이룸, ,남윤광,기타법인,110111-7632288,846-86-02091,서울특별시 강남구 테헤란로 413 (삼성동) 태양빌딩 7층, ,,기타 전문 서비스업,2020-09-25,12월
주식회사 드림이앤디,"DreamEND CO.,LTD",드림이앤디, ,"홍윤표, 박용성",기타법인,161211-0009176,307-81-16488,"충청남도 공주시 신관로 24 (신관동, 명원빌딩 3층)", ,,"건축기술, 엔지니어링 및 기타 과학기술 서비스업",2001-02-05,12월
주식회사 드림인사이트,"DREAMINSIGHT Co., Ltd.",드림인사이트,362990,김기철,코스닥시장,110111-4941038,114-87-03025,"서울특별시 구로구 디지털로33길 12 1410,1411,1412호",bydream.co.kr/,,광고 대행업,2012-08-20,12월
(주)드림티엔터테인먼트,"Dream T Entertainment Co., Ltd.",드림티엔터테인먼트,220110,유연학,기타법인,110111-4146745,220-87-84793,"서울특별시 송파구 법원로 114 B동 511호(문정동,엠스테이트)",www.dreamteaent.co.kr,,매니저업,2009-07-28,12월
든든파트너스 주식회사,DNDNPARTNERS,든든파트너스, ,"이수영, 김효원",기타법인,110111-8613849,394-88-02745,서울특별시 강남구 논현로122길 11 (논현동) 3층, ,,경영 컨설팅업,2023-04-18,12월
주식회사 등림,deunglim,등림, ,황보구백,기타법인,110111-5265007,261-81-03066,"서울특별시 금천구 가산디지털1로 142 (가산동, 가산더스카이밸리1차) 216호", ,,"광고물 문안, 도안, 설계 등 작성업",2013-11-08,12월
디나인인베스트 주식회사,"D9 Invest, Corp.",디나인인베스트, ,이봉관,기타법인,110111-7109550,201-86-46409,서울특별시 영등포구 여의대로 66 (여의도동), ,,회사 본부 및 경영 컨설팅 서비스업,2019-05-16,12월
(주)디디비코리아,DDB Korea Inc.,디디비코리아, ,고광수,기타법인,110111-0703947,110-81-35386,"서울특별시 강남구 언주로 727 (논현동, 트리스빌딩) 5층", ,,광고 대행업,1990-07-01,12월
디디에이치 주식회사,DDH Inc.,디디에이치, ,"허수복, 이주한",기타법인,110111-6353504,704-86-00727,"서울특별시 종로구 대학로 101 21동 102-1호 (연건동, 서울대학교병원)", ,,의학 및 약학 연구개발업,2017-04-04,12월
주식회사 디디에프엔비,DDFNB,디디에프엔비, ,임인엽,기타법인,110111-5416783,264-81-34189,서울특별시 강남구 논현로6길 10-10 4층(개포동), ,,경영 컨설팅업,2014-05-16,12월
주식회사 디디에프홀딩스,DDFholdings,디디에프홀딩스, ,이성진,기타법인,110111-7271185,452-86-01524,"서울특별시 성동구 광나루로 275 3층 315-37호(송정동, 금융빌딩)", ,,경영 컨설팅업,2019-10-28,12월
주식회사 디디케이컴퍼니,"DDK Co., Ltd.",디디케이컴퍼니, ,김동근,기타법인,110111-7395472,884-88-01647,"서울특별시 강남구 선릉로 704 (청담동, 청담빌딩) 10층, 1013호", ,,경영 컨설팅업,2020-02-19,12월
디딤코퍼레이션(주),DIDIM Corp.,디딤코퍼레이션, ,김시환,기타법인,110111-3256553,209-81-40189,"서울특별시 중랑구 신내역로3길 40-36 B304호(신내동,지식산업센터)", ,,경영 컨설팅업,2005-06-28,12월
주식회사 디렉터스컴퍼니,DIRECTORSCOMPANY,디렉터스컴퍼니, ,신재혁,기타법인,110111-4943274,211-88-82823,"서울특별시 강남구 봉은사로44길 2 (역삼동, 아모제역삼빌딩)", ,,"광고물 문안, 도안, 설계 등 작성업",2012-08-22,12월
(주)디마린서비스,"D MARINE SERVICE Co., Ltd.",디마린서비스, ,김관수,기타법인,180111-1279199,303-88-01721,부산광역시 동구 조방로49번길 29 (범일동) 호림빌딩 702호,www.dmarine.kr,,기타 엔지니어링 서비스업,2020-03-24,12월
주식회사 디마코코리아,"Dimaco Korea Co.,Ltd.",디마코코리아, ,진도윤,기타법인,110111-5693034,138-88-00069,"서울특별시 강남구 언주로134길 31 (논현동, 디마코빌딩) 3층, 4층",www.dimaco.co.kr,,광고 대행업,2015-04-17,12월
(주)디메이트커뮤니케이션즈,DMATE COMUNICATIONS,디메이트커뮤니케이션즈, ,김재광,기타법인,110111-6098027,103-87-00386,"서울특별시 강남구 선릉로 703 13충 (논현동, HSTOWER)", ,,광고 대행업,2016-06-02,12월
주식회사 디모네트웍스,"Dimo Networks CO., Ltd",디모네트웍스, ,박형근,기타법인,110111-3852557,215-87-17410,서울특별시 송파구 잠실동 40 갤러리아팰리스에이동 11층, ,,경영 컨설팅업,2008-08-12,12월
(주)디바이너홀딩스,diviner holdings,디바이너홀딩스, ,이병호,기타법인,110111-5740306,461-88-00085,"서울특별시 금천구 디지털로9길 47 506호(가산동, 한신IT타워2차)", ,,경영 컨설팅업,2015-06-02,12월
(주)디바인매니지먼트,"Divine Management Co.,Ltd",디바인매니지먼트, ,이병주,기타법인,110111-3981514,120-87-33091,서울특별시 강남구 대치동 890-59 롯데골드로즈2차 2203호, ,,경영 컨설팅업,2008-10-15,12월
(주)디블렌트,D.BLENT,디블렌트, ,홍성은,기타법인,110111-5955476,789-81-00271,"서울특별시 강남구 선릉로 637 (논현동, 디블렌트빌딩)",dblent.com/,,광고 대행업,2016-01-22,12월
디비스탁인베스트 주식회사,"DB STOCK INVEST CO.,LTD. ",디비스탁인베스트, ,곽제동,기타법인,110111-4983329,120-87-89751,서울특별시 강남구 테헤란로 432 대치동 13층, ,,경영 컨설팅업,2012-10-18,12월
디비에스글로벌파트너스 주식회사,"DBS Global Partners Co.,Ltd",디비에스글로벌파트너스, ,최준한,기타법인,110111-4423739,107-87-40532,서울특별시 영등포구 여의도동 23-2 신한금융투자타워 12층, ,,경영 컨설팅업,2010-08-30,12월
디비인베스트 주식회사 ,"DB INVEST CO., LTD",디비인베스트, ,최경진,기타법인,110111-4220359,120-87-46859,서울특별시 강남구 테헤란로 432 (대치동 13층), ,,경영 컨설팅업,2009-11-16,12월
디비인베스트먼트 주식회사,"DB INVESTMENT CO.,LTD",디비인베스트먼트, ,이상규,기타법인,110111-6383709,287-86-00542,"서울특별시 금천구 가산디지털1로 19 1809호(가산동, 대륭테크노타운18차)", ,,경영 컨설팅업,2017-04-21,12월
디비커뮤니케이션즈 주식회사,"DB Communications Co., Ltd.",디비커뮤니케이션즈, ,정진용,기타법인,110111-8732029,279-81-03204,"서울특별시 강남구 테헤란로 432 (대치동, DB금융센터) 24층", ,,광고 대행업,2023-09-01,12월
주식회사 디비코리아,DB Korea,디비코리아, ,신동준,기타법인,134811-0611120,524-87-01904,서울특별시 송파구 오금로15길 5-12 (방이동) 3층 3476호, ,,제조업 회사 본부,2021-03-25,12월
디비코리아파트너스 주식회사,"DB Korea Partners Co.,Ltd",디비코리아파트너스, ,최준한,기타법인,110111-4423325,107-87-40546,서울특별시 영등포구 여의도동 23-2 신한금융투자타워12층, ,,경영 컨설팅업,2010-08-30,12월
디비프론티어 주식회사,"DB Frontier Co., Ltd",디비프론티어, ,최준한,기타법인,110111-4418037,101-86-57907,서울특별시 종로구 공평동 100 6층, ,,경영 컨설팅업,2010-08-23,12월
주식회사 디비홀딩스,DB HOLDINGS,디비홀딩스, ,윤성운,기타법인,230111-0165661,610-86-02702,"울산광역시 남구 돋질로 415 (삼산동,2층)",www.dbholdings.asia,,기타 엔지니어링 서비스업,2010-06-01,12월
(주)디섹,"DSEC co.,LTD.",디섹, ,윤석용,기타법인,180111-0137942,607-81-36685,부산광역시 중구 충장대로13번길 67 (중앙동4가),www.dsec.com,www.dsec.com,기타 엔지니어링 서비스업,1993-02-18,12월
(주)디스커션,DISCUSSION ,디스커션, ,임유진,기타법인,110111-6831550,144-81-37150,"서울특별시 종로구 새문안로 82 (신문로1가, 에스타워) 1824호",www.discussionkorea.com,,경영 컨설팅업,2018-08-01,12월
주식회사 디시젠,"DCGen Co.,Ltd",디시젠, ,"한원식, 김홍섭",기타법인,110111-6417988,474-88-00951,"서울특별시 종로구 사직로 130 (적선동, 적선현대빌딩) 902호 외",dcgen.co.kr/,,의학 및 약학 연구개발업,2017-06-01,12월
디식스인베스트 주식회사,"D6 Invest,Corp.",디식스인베스트, ,이봉관,기타법인,110111-6979467,704-88-01303,서울특별시 영등포구 여의대로 66 (여의도동), ,,회사 본부 및 경영 컨설팅 서비스업,2019-01-09,12월
디쓰리인베스트주식회사,"DThreeInvest Co.,ltd.",디쓰리인베스트, ,명노열,기타법인,110111-6746634,655-81-01206,서울특별시 영등포구 의사당대로 97 (여의도동), ,,경영 컨설팅업,2018-05-10,12월
주식회사 디아이씨글로벌,"DIC GLOBAL CO. ,LTD ",디아이씨글로벌, ,김정렬,기타법인,230111-0260528,310-88-00531,"울산광역시 울주군 두동면 봉계농공길 8 (봉계리, (주)디아이씨)",www.dic-global.co.kr,,경영 컨설팅업,2016-06-27,12월
디알자산관리 주식회사,DR Asset Management Inc. ,디알자산관리, ,김대희,기타법인,110111-7488962,838-88-01682,"서울특별시 강남구 테헤란로 317 (역삼동, 동훈타워) 16층", ,,기타 전문 서비스업,2020-05-18,12월
(주)디앤디파마텍,D&D Pharmatech Inc.,디앤디파마텍,347850,이슬기,코스닥시장,110111-5575662,120-88-21933,"경기도 성남시 수정구 금토로80번길 27 (금토동, 텔레칩스) 4층",www.ddpharmatech.com,,의학 및 약학 연구개발업,2014-11-28,12월
디앤에스어소시에이츠 (주),"D&S Associates Co., Ltd.",디앤에스어소시에이츠, ,"배형용, 황대일",기타법인,120111-0420761,121-81-82818,서울특별시 강남구 역삼동 834-67 지엠타운 413호, ,,경영 컨설팅업,2006-12-15,12월
주식회사 디앤에이치홀딩스,DNH Holdings Inc.,디앤에이치홀딩스, ,김건기,기타법인,200111-0242902,408-81-83295,"서울특별시 송파구 법원로11길 11 (문정동, 문정현대지식산업센터1-1) B동 513호", ,,경영 컨설팅업,2007-05-28,12월
(주)디앤오씨엠,D&O CM Corp.,디앤오씨엠, ,이영호,기타법인,110111-7030507,116-81-95664,"서울특별시 강서구 마곡중앙로 150 (마곡동, 에스앤아이강서사옥)",www.snicm.co.kr,,건물 및 토목 엔지니어링 서비스업,2019-03-01,12월
(주)디에스시동탄,"Daechang Seat Co.,LTD-Dongtan",디에스시동탄, ,조희오,기타법인,134811-0334029,290-81-00086,경기도 화성시 동탄산단10길 6 (방교동),www.godsc.co.kr,,자연과학 및 공학 연구개발업,2015-05-20,12월
디에스앤파트너스 유한회사,DS&PARTNERS,디에스앤파트너스, ,김종원,기타법인,110114-0197069,615-87-00685,"서울특별시 영등포구 여의대로 70 (여의도동, 신한금융투자타워) 21층", ,,경영 컨설팅업,2017-01-24,12월
주식회사 디에스에스디,dssd,디에스에스디, ,김호수,기타법인,110111-6496015,243-81-00682,"서울특별시 서초구 강남대로 327 (서초동, 대륭서초타워) , 비1층 408-4호", ,,경영 컨설팅업,2017-08-23,12월
디에스케이엔지니어링(주),"DSK Engineering Co., Ltd.",디에스케이엔지니어링, ,김응교,기타법인,110111-2452582,214-87-05681,서울특별시 동작구 여의대방로62길 1 이투데이 빌딩 3층,www.dskeng.com,,엔지니어링 서비스업,2002-02-21,12월
(주)디에스텍,"DSTECH CO.,LTD.",디에스텍, ,박천덕,기타법인,171711-0074151,506-81-61538,경상북도 포항시 남구 연일읍 연일로145번길 72 4층 (오천리),www.dstecheng.co.kr,,건물 및 토목 엔지니어링 서비스업,2007-07-09,12월
주식회사 디에스티아이,"DSTI CO.,LTD",디에스티아이, ,전대현,기타법인,180111-1097658,303-86-00693,부산광역시 사하구 신산로 99 3층 (신평동), ,,회사 본부 및 경영 컨설팅 서비스업,2017-06-07,12월
디에스파워 주식회사,DSPOWER ,디에스파워, ,"지관, 이종석",기타법인,110111-5079820,113-86-70766,경기도 오산시 황새로149번길 55 (누읍동) 디에스파워, ,,자연과학 및 공학 연구개발업,2013-03-04,12월
(주)디에스피코퍼레이션,"DSP Co., Ltd",디에스피코퍼레이션, ,고창훈,기타법인,110111-7792644,557-81-02070,"전라북도 군산시 요죽4길 35-3 (오식도동) 304호 (오식도동, 캐슬드림)", ,,경영 컨설팅업,2021-02-22,12월
디에스홀딩스(주),DS Holdings Corporation,디에스홀딩스, ,금영섭,기타법인,110111-5425544,113-86-85707,"서울특별시 용산구 한강대로 148 7층 (한강로2가, 웰컴금융타워)", ,,경영 컨설팅업,2014-05-27,12월
주식회사 디에이그룹엔지니어링종합건축사사무소,"DA GROUP Architecture co.,ltd.",디에이그룹엔지니어링종합건축사사무소, ,김현호,기타법인,110111-2226268,211-86-75027,서울특별시 강남구 대치동 890-38 동성빌딩 2층,www.dagroup.co.kr,,건물 및 토목 엔지니어링 서비스업,2001-05-02,12월
디에이치씨인베스트먼트(주),DHCINVESTMENT CO.,디에이치씨인베스트먼트, ,정대현,기타법인,110111-7566122,490-87-02099,서울특별시 양천구 화곡로 53 (신월동) 지하1층, ,,기타 전문 서비스업,2020-08-14,12월
디에이치파트너스(주),"DH Partners Co.,Ltd.",디에이치파트너스, ,김삼선,기타법인,110111-2292954,107-86-03281,서울특별시 영등포구 여의도동 35-6 삼천리빌딩 5층,www.dhpartners.co.kr,,경영 컨설팅업,2001-07-24,12월
디에이피홀딩스(주),"DAP Holding, Inc.",디에이피홀딩스, ,김수형,기타법인,110111-4344521,220-87-99184,서울특별시 강남구 도곡동 467-23 인스토피아빌딩 508호, ,,경영 컨설팅업,2010-05-13,12월
주식회사 디에이허브,DAHUB,디에이허브, ,김종민,기타법인,134611-0121660,511-86-02690,"경기도 안성시 보개면 내방상삼로 1 (내방리), 2층", ,,경영 컨설팅업,2022-02-04,12월
디에잇인베스트 주식회사,"D8 Invest,Corp.",디에잇인베스트, ,이봉관,기타법인,110111-7109617,886-86-01386,서울특별시 영등포구 여의대로 66 (여의도동), ,,회사 본부 및 경영 컨설팅 서비스업,2019-05-16,12월
디에지오브코리아 주식회사,"The EDGEof Korea Co., Ltd.",디에지오브코리아, ,이준표,기타법인,110111-8596128,174-81-03215,"서울특별시 서초구 강남대로 465 (서초동, 교보생명보험(주)서초사옥) b동 19층", ,,경영 컨설팅업,2023-04-17,12월
(주)디엑스이,DXE Inc.,디엑스이, ,백승록,기타법인,110111-6707404,581-81-00925,"서울특별시 중구 동호로 330 8층 (쌍림동, 씨제이제일제당센터)", ,,광고 대행업,2018-04-02,12월
(주)디엔브이비즈니스어슈어런스코리아,DNV Business Assurance Korea Ltd.,디엔브이비즈니스어슈어런스코리아, ,이장섭,기타법인,110111-1126592,102-81-36671,"서울특별시 종로구 종로 1 (종로1가, 교보생명빌딩) 18층", ,,"그 외 기타 분류 안된 전문, 과학 및 기술 서비스업",1995-02-08,12월
디엔브이코리아 유한회사,DNVGL Korea Ltd.,디엔브이코리아, ,비달돌로넨,기타법인,110114-0104676,101-81-65533,"부산광역시 해운대구 마린시티2로 38 (우동, 해운대아이파크) C1, 8층", ,,기타 엔지니어링 서비스업,2000-12-08,12월
(주)디엔비건축사사무소,D&B architecture design group,디엔비건축사사무소, ,조도연,기타법인,160111-0097356,314-81-33087,대전광역시 유성구 유성대로 778 (장대동),www.dnbarch.co.kr,,건축설계 및 관련 서비스업,2000-04-27,12월
(주)디엔에이소프트 ,"DNASOFT.Co.,Ltd.",디엔에이소프트, ,김연수,기타법인,160111-0090657,305-81-34840,"서울특별시 강남구 논현로 710 (논현동, 서울빌딩)",www.dnasoft.co.kr,,광고 대행업,1999-12-23,12월
주식회사 디엔에이테크,DNATECH INC.,디엔에이테크, ,김민호,기타법인,135811-0252402,124-87-51499,경기도 화성시 정남면 괘랑1길 45 (괘랑리),www.dnasys.com,,제조업 회사 본부,2014-07-22,12월
주식회사 디엔파트너스,DN PARTNERS Co. LTD,디엔파트너스, ,조은영,기타법인,110111-6081840,506-87-00436,"서울특별시 서초구 반포대로14길 71 (서초동, LG서초에클라트)", ,,경영 컨설팅업,2016-06-07,12월
주식회사 디엔프라퍼티스,"DN Properties Co., Ltd.",디엔프라퍼티스, ,KIM IN SONG (김인송),기타법인,110111-7968831,832-86-02184,서울특별시 용산구 서빙고로 17 (한강로3가) 2310-1호, ,,경영 컨설팅업,2021-07-23,12월
디엘에너지글로벌(주),"DL Energy Global Co.,Ltd.",디엘에너지글로벌, ,정일태,기타법인,284411-0127596,179-81-02661,경기도 포천시 창수면 포천로2797번길 17 (추동리), ,,경영 컨설팅업,2021-12-07,12월
(주)디엠씨미디어,DMC Media,디엠씨미디어, ,이준희,기타법인,110111-2556631,120-86-39351,"서울특별시 강남구 학동로 401 5층(청담동, 금하빌딩)",www.dmcmedia.co.kr,,그 외 기타 광고 관련 서비스업,2002-06-27,12월
(주)디엠이엔지종합건축사사무소,"THE M Architects & Engineers Co., Ltd.",디엠이엔지종합건축사사무소, ,김경옥,기타법인,200111-0122386,408-81-42391,"경기도 과천시 과천대로7나길 37 1301호 (갈현동, 디엠(TheM))",www.myeng.co.kr,,건축설계 및 관련 서비스업,2000-10-05,12월
(주)디오개발,deodevelopment,디오개발, ,"조선호, 오경식",기타법인,134811-0638273,846-88-02251,경기도 화성시 동탄대로21길 10 (영천동) 1512-08, ,,공학 연구개발업,2021-08-23,12월
(주)디오로지텍,DOLOGITECH,디오로지텍, ,정유석,기타법인,110111-3913301,120-87-29068,"서울특별시 중구 삼일대로 343 (저동1가, 대신파이낸스센터(DaishinFinanceCenter))", ,,경영 컨설팅업,2008-06-11,12월
주식회사 디오스홀딩스,"Dios Holidings. Co.,LTD.",디오스홀딩스, ,최연우,기타법인,134511-0328325,158-86-00846,"경기도 용인시 처인구 남사면 당하로 113-12 (북리,디오스텍)", ,,경영 컨설팅업,2017-07-12,12월
주식회사 디오토몰모터스,Dautomallmotors co.ltd,디오토몰모터스, ,강인수,기타법인,160111-0463341,617-86-27780,"대전광역시 유성구 복용동로 35 (복용동, 디오토몰) B151~155호", ,,"기타 기술 시험, 검사 및 분석업",2017-08-22,12월
디와이로보틱스(주),"DY ROBOTICS CO., LTD",디와이로보틱스, ,김세훈,기타법인,134811-0595457,752-87-01815,경기도 화성시 남양읍 무하로 70-15 (무송리) K동, ,,기타 엔지니어링 서비스업,2020-12-24,12월
(주)디와이에셋,"DY ASSET CO., LTD",디와이에셋, ,원진,기타법인,110111-4017582,104-86-18427,경기도 화성시 영천로 38 (영천동), ,,경영 컨설팅업,2008-12-23,12월
(주)디와이엔터테인먼트,"DY ENTERTAINMENT Co.,Ltd",디와이엔터테인먼트, ,정경문,기타법인,110111-3103415,209-81-38757,서울특별시 강남구 삼성동 48-13 명인빌딩 2층,www.dyenter.co.kr,,매니저업,2004-10-22,12월
주식회사 디와이엠파트너스 ,DYMPartners,디와이엠파트너스, ,공갑상,기타법인,110111-8799152,311-86-03162,"서울특별시 강남구 논현로168길 36 (신사동, 안국빌딩), 3층 364호", ,,경영 컨설팅업,2023-11-22,12월
주식회사 디인,Diin Corporation,디인, ,박양서,기타법인,110111-7558913,578-86-01904,대전광역시 유성구 대정로28번길 74-6, ,,경영 컨설팅업,2020-07-17,12월
디일레븐인베스트 주식회사,"Deleveninbest, Inc.",디일레븐인베스트, ,이봉관,기타법인,110111-7164728,765-81-01518,서울특별시 영등포구 의사당대로 97 (여의도동), ,,회사 본부 및 경영 컨설팅 서비스업,2019-07-09,12월
(주)디자인실버피쉬,"Design Silver Fish Co.,Ltd.",디자인실버피쉬, ,홍경태,기타법인,110111-1592107,105-81-96310,서울특별시 종로구 삼청로 90-4 (삼청동), ,,전문 디자인업,1998-11-10,12월
(주)디자인엘,"designaile co.,ltd",디자인엘, ,정기윤,기타법인,110111-2811382,211-87-35191,서울특별시 강남구 논현로151길 52 (신사동), ,,"광고물 문안, 도안, 설계 등 작성업",2003-07-01,12월
(주)디자인윌,"Designwill CO., LTD",디자인윌, ,김영만,기타법인,110111-1804718,201-81-26413,서울특별시 중구 수표동 47-6 천수빌딩 201호,www.designwill.com,,시각 디자인업,1999-11-09,12월
(주)디자인피버,"Designfever Co.,Ltd.",디자인피버, ,"노진영, 박재형, 최동현",기타법인,110111-5768332,864-86-00107,"서울특별시 마포구 양화로10길 40 (서교동, (주)디자인피버신사옥)", ,,시각 디자인업,2015-07-01,12월
디제이엠홀딩스(주),"DJM Holdings Co., Ltd.",디제이엠홀딩스, ,김민호,기타법인,110111-3972810,220-87-72114,서울특별시 강남구 역삼동 837-36 랜드마크타워 1308호, ,,전문 서비스업,2008-09-30,12월
(주)디조벤처,"DIZZOVENTURE CO., LTD.",디조벤처, ,김국환,기타법인,110111-1963415,214-86-57620,서울특별시 서초구 서초동 1365-10,www.dizzoventure.com,,사업 및 무형 재산권 중개업,2000-05-09,12월
주식회사 디지웍스,"DIZIWORKS.Co.,Ltd.",디지웍스, ,안종국,기타법인,110111-2222232,209-81-28429,서울특별시 서초구 반포대로 53 (서초동) 3층,-,,기타 과학기술 서비스업,2001-04-23,12월
(주)디지탈바이오텍,"Digital Biotech co., Ltd.",디지탈바이오텍, ,묵현상,기타법인,110111-1822439,120-81-96532,경기도 안산시 단원구 신길동 1227, ,,의학 및 약학 연구개발업,1999-12-06,12월
디지털공간연구소주식회사,DSLCO,디지털공간연구소, ,신정자,기타법인,110111-1234709,214-86-02353,서울특별시 서초구 서초중앙로18길 41 (서초동), ,,건축설계 및 관련 서비스업,1996-01-22,12월
(주)디지털다임,DIGITALDIGM,디지털다임, ,임종현,기타법인,110111-1874480,211-86-90483,서울특별시 용산구 대사관로11길 41 (한남동),www.d2.co.kr,,경영 컨설팅업,2000-02-10,12월
디지털서울2 유한회사,DIGITAL SEOUL 2 LTD.,디지털서울2, ,데이비드루시,기타법인,110114-0278413,731-86-02182,"서울특별시 용산구 한강대로 92 4층(한강로2가, LS용산타워)", ,,경영 컨설팅업,2021-06-04,12월
(주)디지털오션,DigitalOcean Inc.,디지털오션, ,"이지행, 이호대",기타법인,110111-3012939,220-86-84874,서울특별시 강남구 역삼2동 770-18 옹정빌 3층,diocean.co.kr,,광고 대행업,2004-05-14,12월
주식회사 디지털킹덤홀딩스,DigitalkingdomHongdings,디지털킹덤홀딩스, ,강민기,기타법인,110111-8062591,636-86-02418,"서울특별시 강남구 테헤란로 507 (삼성동, WeWork빌딩) 10층 104호", ,,경영 컨설팅업,2021-10-20,12월
(주)디지털트리니티,digitaltrinity,디지털트리니티, ,"신희진, 윤석태",기타법인,110111-4016336,211-88-21544,서울특별시 용산구 서빙고로 17 (한강로3가),www.smartcorp.co.kr/,,광고 대행업,2009-01-01,12월
디지털퍼스트 주식회사,DIGITAL FIRST Inc.,디지털퍼스트, ,장덕수,기타법인,110111-6280517,770-81-00660,"서울특별시 강남구 테헤란로5길 7 13층 (역삼동, KGTower)",www.dfirst-inc.com,,광고 대행업,2017-07-01,12월
(주)디지틀조선애드,Digital Chosun AD,디지틀조선애드, ,오인석,기타법인,110111-1360249,104-81-40832,서울특별시 중구 태평로2가 62-4,pr.chosun.com,,옥외 광고업,1997-01-03,09월
(주)디지파이홀딩스,"DIFI Holding co.,ltd",디지파이홀딩스, ,한만기,기타법인,110111-5981786,249-87-00488,"서울특별시 영등포구 국제금융로 10 (여의도동, 서울국제금융센터) 22층", ,,경영 컨설팅업,2016-02-23,12월
(주)디케이쏠라,"DK Solar Co., Ltd",디케이쏠라, ,류희석,기타법인,200111-0677000,533-88-02530,광주광역시 서구 상무누리로 57-3 3층 (마륵동), ,,경영 컨설팅 및 공공 관계 서비스업,2022-08-22,12월
(주)디케이아이상사,DKI International Inc. ,디케이아이상사, ,이경호,기타법인,110111-5401388,114-87-18566,서울특별시 서초구 방배로 140 인산빌딩 401호,없음,,옥외 광고업,2014-04-24,12월
주식회사 디케이알홀딩스,"DKR HOLDINGS CO.,LTD.",디케이알홀딩스, ,홍석진,기타법인,110111-4348599,211-88-43984,서울특별시 서초구 효령로 255 (서초동) 성현빌딩 2층, ,,경영 컨설팅업,2010-05-20,12월
주식회사 디케이에스,"DKS Co.,Ltd",디케이에스, ,노봉길,기타법인,170111-0196263,502-81-57895,대구광역시 동구 신천4동 307-3 부림약품빌딩 3F,www.dksolar.co.kr,,경영 컨설팅업,2001-05-04,12월
주식회사 디케이엔지,"DK&G Co., Ltd.",디케이엔지, ,김대기,기타법인,120111-0557093,121-86-07250,"인천광역시 부평구 부평대로 283 A동 509호 (청천동, 부평우림라이온스밸리)",www.dkng.co.kr,,기타 엔지니어링 서비스업,2011-01-20,12월
(주)디케이전력,"DK Electric Power Co., Ltd",디케이전력, ,정태원,기타법인,200111-0677018,745-81-02454,광주광역시 서구 상무누리로 57-3 3층 (마륵동), ,,경영 컨설팅 및 공공 관계 서비스업,2022-08-22,12월
디텐인베스트 주식회사,"Dteninbest, Inc.",디텐인베스트, ,이봉관,기타법인,110111-7164760,441-81-01437,서울특별시 영등포구 의사당대로 97 (여의도동), ,,회사 본부 및 경영 컨설팅 서비스업,2019-07-08,12월
주식회사 디투에스원파트너스,"D2S1 Partners Co.,Ltd",디투에스원파트너스, ,김건,기타법인,110111-8242565,405-88-02410,서울특별시 강남구 도산대로 208 (논현동) 14층 1406호, ,,경영 컨설팅업,2022-03-28,12월
(주)디투엔지니어링,d2 ENGINEERING.Co.Ltd,디투엔지니어링, ,김낙경,기타법인,110111-1346794,111-81-28082,서울특별시 마포구 성산1동 금수빌딩5층, ,,기타 엔지니어링 서비스업,1996-11-28,12월
주식회사 디투이엔지,"d2 ENG CO.,. LTD.",디투이엔지, ,서동훈,기타법인,110111-9158729,290-87-03372,"서울특별시 마포구 월드컵로 134 5층 2호(성산동, 금수빌딩)", ,,기타 엔지니어링 서비스업,2025-01-15,12월
디티씨글로벌파트너스 유한회사,DTC Global Partners,디티씨글로벌파트너스, ,장희정,기타법인,110114-0238037,509-88-01294,"서울특별시 중구 남대문로 120 (남대문로1가, 그레이츠청계) 10층", ,,경영 컨설팅업,2019-02-25,12월
(주)디티앤씨,"Dt&C Co., Ltd.",디티앤씨,187220,남기혁,코스닥시장,131111-0053874,129-81-37694,경기도 용인시 처인구 유림로154번길 42,www.dtnc.co.kr,,기타 과학기술 서비스업,2000-10-18,12월
주식회사 디티앤씨알오,"DT&CRO CO., Ltd.",디티앤씨알오,383930,박채규,코스닥시장,110111-6363313,551-88-00689,경기도 용인시 처인구 유림로154번길 24 PKPD센터,www.dtncro.com,,의학 및 약학 연구개발업,2017-04-03,12월
(주)디티에스아이,dtSI Inc.,디티에스아이, ,윤정근,기타법인,110111-3675901,220-87-48138,"서울특별시 강남구 도산대로 318 602호 (논현동, 에스비타워)",www.dtsi.co.kr,,광고 대행업,2007-05-09,12월
디퍼런트밀리언즈(주),"Different Millions, Inc",디퍼런트밀리언즈, ,이헌주,기타법인,110111-7148160,663-88-01337,"서울특별시 강남구 논현로161길 47 (신사동, 디밀테라스빌딩)",dmil.kr,,광고 대행업,2019-07-01,12월
주식회사 디퍼플,"D-Purple Co.,Ltd.",디퍼플, ,최혁수,기타법인,110111-4754621,211-88-70292,"서울특별시 강남구 언주로 609 7층 (논현동, 팍스타워)",www.d-purple.co.kr/,,그 외 기타 광고 관련 서비스업,2011-12-20,12월
주식회사 디플랜360,"D-plan360 Co., Ltd.",디플랜360, ,신영희,기타법인,110111-7167483,647-86-01398,"서울특별시 강남구 테헤란로 443 (삼성동, 애플트리타워 11층)",www.d-plan360.com/default/,,광고 대행업,2019-07-11,12월
주식회사디피즈,dipiz,디피즈, ,김동수,기타법인,110111-7911905,512-81-25992,"서울특별시 강남구 테헤란로25길 19 (역삼동) 5층,6층", ,,광고 대행업,2021-06-07,12월
주식회사 디피코 홀딩스,Dpeco,디피코홀딩스, ,송신근,기타법인,134111-0513833,422-86-01353,경기도 군포시 공단로140번길 47-7 (당정동), ,,기타 엔지니어링 서비스업,2019-01-15,12월
딜로이트컨설팅(유), Deloitte Consulting LLC,딜로이트컨설팅, ,배재민,기타법인,110114-0028941,116-81-72977,"서울특별시 영등포구 국제금융로 10 (여의도동, 서울국제금융센터 원아이에프씨빌딩 12층)", ,,경영 컨설팅업,1999-04-01,05월
딜코리아 유한회사,DEEL KOREA Ltd.,딜코리아, ,ALEXANDRE NATHANEL EPHRAIM BOUAZIZ,기타법인,110114-0281565,866-87-01962,"서울특별시 강남구 강남대로 584 (논현동, 성일빌딩) 6F", ,,경영 컨설팅업,2021-08-06,12월
(주)딥다이브컴퍼니,DEEPDIVECOMPANY,딥다이브컴퍼니, ,윤석규,기타법인,110111-1506306,110-81-38592,01044 (신당동), ,,광고 대행업,1998-01-22,12월
(주)땡큐플레이트,TKU,땡큐플레이트, ,이상현,기타법인,110111-5047942,119-86-66450,"서울특별시 성북구 종암로25길 29 (종암동, 성북구마을사회적경제센터)", ,,경영 컨설팅업,2013-01-24,12월
주식회사 떠나요,ddnayo Inc.,떠나요, ,이재원,기타법인,110111-5216141,117-81-85422,서울특별시 송파구 송파대로 570 (신천동) 13층,https://pmsadmin.ddnayo.com,,광고 대행업,2013-08-30,12월
(주)떠블아이,doublei,떠블아이, ,김영석,기타법인,110111-7658309,350-87-02073,서울특별시 강남구 영동대로 725 (청담동)5층, ,,그 외 기타 광고 관련 서비스업,2020-10-22,12월
라데팡스파트너스,La Defense Partners,라데팡스파트너스, ,김남규,기타법인,110111-7086443,358-88-01264,"서울특별시 서초구 반포대로24길 47 (서초동, 석당빌딩) 3층",ldpartners.co.kr/,,경영 컨설팅업,2019-04-22,12월
주식회사 라디아,Radia Inc.,라디아, ,이호준,기타법인,110111-8008826,279-81-02466,"서울특별시 영등포구 국제금융로8길 25 (여의도동, 주택건설회관빌딩) 6층 698호", ,,경영 컨설팅업,2021-08-30,12월
주식회사 라마다골프앤드호텔,RAMADA GOLF&HOTEL,라마다골프앤드호텔, ,이승훈,기타법인,110111-7223459,605-86-35647,"서울특별시 강남구 선릉로 704 12층, 1252-1호(청담동, 청담빌딩)", ,,사업 및 무형 재산권 중개업,2019-09-04,12월
(주)라마르홀딩스,LaMar Holdings Co.Ltd,라마르홀딩스, ,박병춘,기타법인,110111-4378215,211-88-45584,"서울특별시 강남구 학동로33길 41 3층(논현동, 영진빌딩)", ,,경영 컨설팅업,2010-07-01,12월
주식회사 라미쿠스,LAMICUS INC.,라미쿠스, ,정집훈,기타법인,110111-7982526,395-81-02318,"서울특별시 서초구 논현로 121 6층 (양재동, 두일빌딩)", ,,경영 컨설팅업,2021-08-13,12월
라부 주식회사,raboo Inc.,라부, ,민정협,기타법인,110111-7376860,311-81-53274,"서울특별시 서초구 남부순환로 2275-5 (방배동, 서초라임스) 301호", ,,경영 컨설팅업,2020-02-05,12월
주식회사 라스트하우스,lasthouse,라스트하우스, ,최영두,기타법인,141211-0118963,535-81-02158,강원특별자치도 원주시 흥업면 복술길 40 (사제리), ,,경영 컨설팅업,2021-02-17,12월
라아인베스트먼트(주),RA AH INVESTMENT,라아인베스트먼트, ,연지영,기타법인,110111-3799181,114-86-63521,서울특별시 서초구 반포동 52-7 진일빌딩 8층, ,,경영 컨설팅업,2007-12-06,12월
주식회사 라엘코리아,"RAEL KOREA CO., LTD.",라엘코리아, ,원빈나,기타법인,110111-6639996,106-88-00854,"서울특별시 강남구 선릉로 642 5층(삼성동, 서경빌딩)",www.grtrael.co.kr,,제조업 회사 본부,2018-01-24,12월
(주)라온아이티,raonit,라온아이티, ,박시영,기타법인,130111-1189257,203-87-03500,"경기도 화성시 동탄원천로 360 (능동, 동탄푸르지오시티)", ,,경영 컨설팅업,2024-07-17,12월
(주)라온엔지니어링건축사사무소,LAONARCHITECTURE&ENGINEERING,라온엔지니어링건축사사무소, ,김기동,기타법인,110111-5724798,625-86-00098,"경기도 안양시 동안구 흥안대로 516 4층(관양동, 멤피스타워)", ,,제도업,2015-06-01,12월
라이스기술투자 주식회사,rice & technology investment,라이스기술투자, ,강병욱,기타법인,110111-6187135,452-87-00482,서울특별시 강남구 테헤란로27길 8 (역삼동) 10층, ,,경영 컨설팅업,2016-09-29,12월
주식회사 라이언인터내셔널,LION INTERNATIONAL ,라이언인터내셔널, ,임나형,기타법인,110111-6077196,543-81-00428,"서울특별시 강남구 테헤란로 441 5층 에이68호(삼성동, 송암빌딩III)", ,,경영 컨설팅업,2016-05-31,12월
(주)라이크앤클릭,"LIKENCLICK Co.,LTD.",라이크앤클릭, ,안준호,기타법인,110111-6184107,259-87-00433,"서울특별시 강남구 삼성로 511 (삼성동, 골든타워) 16층", ,,"광고물 문안, 도안, 설계 등 작성업",2016-09-27,12월
라이트론홀딩스(주),"Lightron Holdings, Inc.",라이트론홀딩스, ,"박찬희, 전진우",기타법인,110111-7191036,186-81-01466,"서울특별시 강남구 선릉로 663 307호(논현동, 영창빌딩)", ,,경영 컨설팅업,2019-08-01,12월
(주)라이트팜텍,"LITEPHARMTECH Co., Ltd.",라이트팜텍, ,김철주,기타법인,110111-3157850,204-81-89630,"서울특별시 구로구 디지털로31길 41 (구로동, 이앤씨벤처드림타워6차) 811호",www.litepharm.com,,의학 및 약학 연구개발업,2005-02-15,12월
(주)라이프코드,"LIFECORD Inc., Corp",라이프코드, ,최수환,기타법인,110111-1438450,120-81-75158,"서울특별시 강남구 역삼동 708-33 파라다이스벤쳐타워 1,2층",www.lifecord.co.kr,,"물리, 화학 및 생물학 연구개발업",1997-07-10,12월
(주)라인테이스트,linetaste,라인테이스트, ,장재영,기타법인,110111-4614908,120-87-94986,"서울특별시 서초구 양재천로 103-2 3층,4층,5층 (양재동)",www.linetaste.com,,인테리어 디자인업,2013-03-06,12월
(주)라임피엔이,LIME P& E,라임피엔이, ,정원관,기타법인,110111-2393562,211-87-05270,서울특별시 강남구 논현동 10-32, ,,매니저업,2001-12-10,12월
라자드코리아리미티드 주식회사,Lazard Korea Limited,라자드코리아리미티드, ,CHOI WILLIAM WOOSUK 외 1명,기타법인,110111-5121986,209-81-58563,"서울특별시 중구 소공로 109 (소공동, 소공동한화빌딩) 8층 라자드코리아", ,,경영 컨설팅업,2013-04-26,03월
라주크앤컴퍼니 주식회사,"Larzukandcompany Co., Ltd.",라주크앤컴퍼니, ,강성덕,기타법인,110111-7400396,458-87-01679,서울특별시 강동구 양재대로 1424 (둔촌동), ,,경영 컨설팅업,2020-02-21,12월
(주)라티스글로벌커뮤니케이션스,Latis Global Communications Inc.,라티스글로벌커뮤니케이션스, ,윤강원,기타법인,110111-3728312,215-87-05592,"서울특별시 송파구 삼학사로 33 (삼전동, 동원빌딩) 2층",www.latisglobal.com,,번역 및 통역 서비스업,2007-08-01,12월
주식회사 라플레,"RAPPELER CO., LTD",라플레, ,나유란,기타법인,110111-6805943,359-81-01138,"경기도 안양시 동안구 엘에스로116번길 39 엘에스엠트론 하이테크 센터 4층 , 403호 (호계동)",www.rappelercompany.kr/,,의학 및 약학 연구개발업,2018-07-09,12월
주식회사 락앤크리에이티브,rock-creative,락앤크리에이티브, ,고영준,기타법인,200111-0358155,409-86-33401,광주광역시 북구 첨단과기로208번길 17-13 (오룡동), ,,전문 디자인업,2013-01-07,12월
주식회사 랑크,"Lanc co.,ltd",랑크, ,이성우,기타법인,110111-4967604,211-88-84025,서울특별시 강남구 도산대로 301 (신사동), ,,제도업,2012-09-09,12월
래이앤코 유한회사,ray & co.,래이앤코, ,성래은,기타법인,110114-0215366,557-88-00858,서울특별시 중구 만리재로 161 (만리동2가),04500,,광고 대행업,2017-12-21,12월
(주)래티스테크놀로지,LATTICE Technology,래티스테크놀로지, ,박훈진,기타법인,160111-0335920,314-86-41831,"대전광역시 유성구 대학로 291 (구성동, 한국과학기술원) N28 3101호",www.lattice-technology.com,,"기타 전문, 과학 및 기술 서비스업",2012-12-03,12월
주식회사 랜드스톤에이엠씨,landstoneamc inc.,랜드스톤에이엠씨, ,노상현,기타법인,110111-0504608,113-81-04989,"서울특별시 강남구 봉은사로 462 (삼성동, 세림타워) 12층", ,,경영 컨설팅업,1986-10-01,12월
주식회사 랜스퍼트에이엠씨,Landspert AMC Inc.,랜스퍼트에이엠씨, ,권우태,기타법인,110111-6750065,254-87-01136,"서울특별시 종로구 인사동길 12 (인사동, 대일빌딩) 1409호", ,,연구개발업,2015-05-14,12월
램리서치코리아테크놀로지 유한회사,Lam Research Korea Technology LLC YH,램리서치코리아테크놀로지, ,"피터알렌오노우스키, 박준홍, TAN WEE",기타법인,131114-0010969,744-88-01335,경기도 용인시 기흥구 지삼로201번길 52 (지곡동), ,,전기ㆍ전자공학 연구개발업,2019-11-25,06월
램스웨이(주),ramsway Corp.,램스웨이, ,이승훈,기타법인,110111-2596108,220-86-46278,경기도 성남시 분당구 야탑동 323∼329 BYC빌딩 609호, ,,전기ㆍ전자공학 연구개발업,2002-08-26,12월
(주)랩지노믹스,"LabGenomics. Co., Ltd.",랩지노믹스,084650,류재학 대표이사,코스닥시장,134511-0059821,135-81-53419,경기도 성남시 분당구 대왕판교로 700 (삼평동) 6층,www.labgenomics.co.kr,,의학 및 약학 연구개발업,2002-03-29,12월
주식회사 랩티,Lab T Inc.,랩티, ,김종영,기타법인,110111-2350124,120-86-27438,경기도 용인시 처인구 모현읍 백옥대로 2182-42 2182-40 (갈담리),lab-t.net/,,"기타 기술 시험, 검사 및 분석업",2001-10-11,12월
주식회사 런커뮤니케이션,runcommunication,런커뮤니케이션, ,천경옥,기타법인,110111-4450295,211-88-50199,"서울특별시 강남구 봉은사로 129-1 (논현동, 751빌딩) 702-엘에스14호", ,,"광고물 문안, 도안, 설계 등 작성업",2010-10-14,12월
(주)레고레고,LEGOLEGO,레고레고, ,서현석,기타법인,134511-0562527,631-86-02674,"경기도 용인시 기흥구 강남로 9 (구갈동, 태평양프라자) 503-527호", ,,전문 서비스업,2023-02-10,12월
주식회사 레덱,"REDEC CO.,LTD",레덱, ,유일선,기타법인,110111-2243965,220-86-12633,서울특별시 강동구 천호2동 467-35 JADE빌딩 3층,-,,경영 컨설팅업,2001-05-22,12월
레드엔비아,"REDNVIA Co.,Ltd.",레드엔비아, ,이훈모,기타법인,110111-6958502,743-86-01041,"서울특별시 송파구 올림픽로43길 88 (풍납동, 서울아산병원) 11층",www.rednvia.com,,의학 및 약학 연구개발업,2018-12-17,12월
(주)레드원플러스,"REDONE PLUS, Inc.",레드원플러스, ,여철호,기타법인,110111-7606796,139-86-01863,"서울특별시 송파구 송파대로 201 B동 502호 (문정동, 송파테라타워2)", ,,경영 컨설팅업,2020-09-01,12월
레드하우징 주식회사,"Redhousingco.,LTD",레드하우징, ,이옥란,기타법인,110111-5019834,220-88-51339,"서울특별시 강남구 강남대로 388 (역삼동, 강남센타빌딩)", ,,경영 컨설팅업,2012-12-11,08월
(주)레디엔터테인먼트,Ready Entertainment.Inc,레디엔터테인먼트, ,구기운,기타법인,110111-3095331,211-87-56819,"서울특별시 강남구 언주로130길 13 (논현동, 다은빌딩) 2층",www.readymodel.com,,광고 대행업,2004-10-08,12월
주식회사 레모넥스,Lemonex Inc.,레모넥스, ,원철희,기타법인,110111-5293347,119-86-83691,"서울특별시 서초구 방배로18길 5 (방배동, BH빌딩) 7층",www.lemonexbio.com,,의학 및 약학 연구개발업,2013-12-17,12월
(주)레몬페이스,lemonface cop.,레몬페이스, ,이창헌,기타법인,110111-7064069,287-88-01318,"서울특별시 강남구 테헤란로51길 18 (역삼동, 광진빌딩) 434호", ,,경영 컨설팅업,2019-04-08,12월
(주)레뷰코퍼레이션,RevuCorporation Inc,레뷰코퍼레이션,443250,송인상,코스닥시장,110111-5576438,261-81-22044,서울특별시 강남구 논현로135길 29,corp.revu.net,,광고 대행업,2014-11-28,12월
(주) 레오모터스 (영업소),"Leo Motors, Inc.",레오모터스(영업소), ,강시철,기타법인,110181-0055638,214-84-06525,서울특별시 강남구 테헤란로52길 17 (역삼동) 이에스타워 7층, ,,제조업 회사 본부,2016-11-02,12월
레오버넷주식회사,"Leo Burnett, Inc.",레오버넷, ,노유경,기타법인,110111-0805791,101-81-38657,"서울특별시 중구 청계천로 100 (수표동, 시그니쳐타워) 15층",www.leoburnett.com,,광고 대행업,1991-10-01,12월
(주) 레이홀딩스,"UJU Co,Ltd.",레이홀딩스, ,이상철,기타법인,134511-0248747,142-81-80632,"경기도 성남시 분당구 정자일로156번길 12 218호(정자동, 타임브릿지)", ,,회사 본부 및 경영 컨설팅 서비스업,2014-12-11,12월
레인베스트 주식회사,"REINbest Co,.Ltd.",레인베스트, ,박순상,기타법인,110111-8079306,433-86-02589,"경기도 용인시 기흥구 동탄기흥로 647 ,나동(고매동)", ,,경영 컨설팅업,2021-11-04,12월
(주)레저뱅크,Leisure Bank,레저뱅크, ,권영현,기타법인,110111-1865893,220-81-76234,서울특별시 강남구 역삼2동 세방빌딩 7층 신관,www.lsbank.co.kr,,사업 및 무형 재산권 중개업,2000-01-31,12월
주식회사 레저플러스,Leisure Plus,레저플러스, ,조태석,기타법인,131211-0055563,394-87-01564,"경기도 김포시 고촌읍 장차로5번길 5-25 (신곡리, 엔타운) 5층", ,,경영 컨설팅업,2019-11-08,12월
(주)레조넌스파트너스,"Resonance Partners Co., Ltd.",레조넌스파트너스, ,김일환,기타법인,135011-0031563,134-81-08833,"서울특별시 강남구 선릉로 818 (청담동, 디자이너크럽) 4층 131호", ,,경영 컨설팅업,1989-07-01,06월
주식회사 레페리,"Leferi Co., Ltd.",레페리, ,유원,기타법인,110111-5184124,210-81-72906,"서울특별시 강남구 영동대로 417 (대치동) ,오토웨이타워 2층", ,,광고 대행업,2013-07-13,12월
주식회사 렉스다임,"REXDIGM Co.,Ltd",렉스다임, ,오대규,기타법인,110111-4799049,220-88-33234,서울특별시 강남구 역삼동 725-66, ,,경영 컨설팅업,2012-02-20,12월
(주)렉스윈디앤씨,"REXWIN D&C co.,Ltd",렉스윈디앤씨, ,홍재화,기타법인,110111-3816886,220-87-60170,서울특별시 강남구 역삼1동 837-36 랜드마크타워 2102호, ,,경영 컨설팅업,2008-01-04,12월
주식회사 렉스트림,LEXTERME,렉스트림, ,"이겸, 이동걸",기타법인,110111-6476661,258-87-00804,서울특별시 성동구 아차산로7길 45-1 (성수동2가), ,,"광고물 문안, 도안, 설계 등 작성업",2017-08-01,12월
렌어쏘시에이츠,renassociates,렌어쏘시에이츠, ,김보균,기타법인,110111-3370816,114-86-49005,"서울특별시 강남구 언주로136길 3-6 (논현동, 일공6일공)", ,,인테리어 디자인업,2006-01-02,12월
로고스산업 주식회사,Logos,로고스산업, ,유영린,기타법인,110111-5375484,220-88-76363,"서울특별시 강남구 테헤란로 328 (역삼동, 동우빌딩)", ,,전문 서비스업,2014-03-26,12월
(주)로드코리아,ROADKOREA Inc.,로드코리아, ,정철기,기타법인,134811-0085903,124-86-12219,"경기도 화성시 동탄대로21길 10 (영천동)1801~1805호(영천동, 더퍼스트타워)", ,,건물 및 토목 엔지니어링 서비스업,2003-08-13,12월
로디아에너지코리아 주식회사,"Rhodia Energy Korea Co., Ltd.",로디아에너지코리아, ,얍셍행,기타법인,110111-3300128,214-87-93356,서울특별시 서초구 서초2동 1321-1 강남빌딩 3층, ,,환경 관련 엔지니어링 서비스업,2006-07-01,12월
(주)로버스트홀딩스,"Robust Holdings, Inc.",로버스트홀딩스, ,박정윤,기타법인,110111-4358514,107-87-39049,"서울특별시 영등포구 국제금융로8길 25 (여의도동, 주택건설회관빌딩) 3층 2호", ,,경영 컨설팅업,2010-07-26,12월
(주)로보쓰리에이아이,"Robo3 Ai co.,Ltd",로보쓰리에이아이,238500,황용운,코넥스시장,110111-2858483,206-81-84723,"서울특별시 강동구 고덕비즈밸리로 26 고덕동, 강동U1센터 지식산업센터 B동 508호",www.robo3.com,www.robo3.com,"그 외 기타 전문, 과학 및 기술 서비스업",2003-09-17,12월
(주)로빈스앤컴퍼니,ROBINS & COMPANY,로빈스앤컴퍼니, ,김대건,기타법인,110111-2668717,220-86-53288,서울특별시 강남구 학동로97길 43-5 (청담동) 베네빌딩,blog.naver.com/kdgch,,광고 대행업,2002-12-06,12월
(주)로셈클럽,ROCEM CLUB,로셈클럽, ,최수인,기타법인,110111-3198391,105-86-77735,서울특별시 마포구 합정동 448-3 로셈빌딩 5층,www.rocem.co.kr,,경영 컨설팅업,2005-04-01,12월
로스팅코리아,RoastingKoera,로스팅코리아, ,로스팅코리아,기타법인,230111-0290062,114-87-25349,부산광역시 기장군 장안읍 오리산단로 161 (오리), ,,제조업 회사 본부,2018-03-19,12월
(주)로아앤코,"Loa & Co Co., Ltd.",로아앤코,214310,정의환,기타법인,131111-0191004,129-86-11651,경기도 화성시 동탄영천로 150 (영천동) 비동 13층 1335-1338호,www.loanco.co.kr,www.loanco.co.kr,경영 컨설팅업,2007-07-04,12월
주식회사 로아홀딩스컴퍼니,Loa holdings Company,로아홀딩스컴퍼니, ,이지수,기타법인,110111-8961800,696-81-03578,"서울특별시 강남구 언주로30길 13 2911호(도곡동, 대림아크로텔)", ,,경영 컨설팅업,2024-05-30,12월
주식회사 로앤컴퍼니,"Law & Company Co., Ltd.",로앤컴퍼니, ,김본환,기타법인,110111-4928375,264-81-01728,서울특별시 서초구 법원로4길 11-6 (서초동) 로앤컴퍼니빌딩,www.lawtalk.is/,,그 외 기타 광고 관련 서비스업,2012-07-30,12월
로얄에이알씨주식회사,royalarc,로얄에이알씨, ,이재희,기타법인,110111-2326688,204-81-74044,서울특별시 강동구 천호대로 1171 (길동), ,,수의업,2002-10-24,12월
(주)로얄파인즈파트너스,ROYALPINESPARTNERS,로얄파인즈파트너스, ,YOO ANDY C,기타법인,110111-7091848,736-81-01301,"서울특별시 강남구 선릉로190길 78 (청담동, 연세빌라) 1000호", ,,경영 컨설팅업,2019-04-26,12월
(주)로얄하우스홀드,"Royal Household Co.,Ltd.",로얄하우스홀드, ,이성주,기타법인,194211-0188640,609-86-00378,"서울특별시 종로구 삼청로 119 (삼청동, 용수산) 용수산빌딩 3층", ,,경영 컨설팅업,2011-07-13,12월
로엘회계법인,LOEL Accounting Corporation,로엘회계법인, ,"이지형, 김도현",기타법인,250134-0040754,284-86-02143,"서울특별시 영등포구 국제금융로2길 7 9층(여의도동, 한주빌딩)", ,,공인회계사업,2021-04-30,12월
(주)로웸,ROWEM Inc.,로웸, ,권오승,기타법인,110111-4835570,113-86-58272,"서울특별시 구로구 디지털로32길 30 1015호(구로동, 코오롱디지털타워빌란트)", ,,기타 자연과학 연구개발업,2012-04-03,12월
로이드인증원(주),LRQA Korea Limited,로이드인증원, ,이일형,기타법인,110111-1273955,110-81-35412,"서울특별시 중구 소월로2길 30 (남대문로5가, 남산트라팰리스) 2층", ,,"그 외 기타 전문, 과학 및 기술 서비스업",1996-05-21,12월
로이즈(주),LLOYDS,로이즈, ,안로이드,기타법인,110111-3807067,108-81-82983,서울특별시 금천구 가산디지털1로 146 (가산동) 1401~5호, ,,경영 컨설팅업,2023-06-08,12월
로즈컴포넌트 주식회사,"Rose Component co.,ltd.",로즈컴포넌트, ,김상후,기타법인,110111-4689216,107-87-58634,서울특별시 영등포구 여의도동 26-4, ,,경영 컨설팅업,2011-09-27,10월
주식회사 로코모티브,LOCOMOTIVE,로코모티브, ,이태성,기타법인,110111-3217232,212-81-71655,"서울특별시 성동구 뚝섬로1길 31 (성수동1가, 서울숲M타워) 1105호",www.locomotive.co.kr,,경영 컨설팅업,2005-05-17,12월
유한책임회사 로터스원,Lotus One Korea LLC,로터스원, ,"(주)고릴라인베스트먼트, 이건훈",기타법인,110115-0003008,894-87-00560,경기도 광주시 초월읍 산수로 614 (신월리), ,,경영 컨설팅업,2016-12-07,12월
주식회사 로한,"Rohan Co., Ltd.",로한, ,윤호영,기타법인,180111-1530434,145-88-02629,경상남도 양산시 물금읍 증산역로 155 (가촌리), ,,경영 컨설팅업,2023-10-31,12월
주식회사 록팰,"Rockpal Co.,Ltd.",록팰, ,김현제,기타법인,134811-0310730,135-86-47305,경기도 화성시 삼성1로5길 46, ,,경영 컨설팅업,2014-09-05,12월
록펠러회원권거래소(주),Rockefeller Membership,록펠러회원권거래소, ,고재진,기타법인,200111-0301584,410-86-41556,"광주광역시 서구 상무중앙로 110 (치평동, 우체국보험광주회관) 14층",www.r-golf.com,,사업 및 무형 재산권 중개업,2010-08-02,12월
주식회사 롬버스,Rombus Inc.,롬버스, ,송영빈,기타법인,110111-2308438,220-86-18597,서울특별시 강남구 역삼동 662-18 강남텔레피아빌딩 10층,www.rombus.co.kr,,경영 컨설팅업,2001-08-14,12월
롯데미래전략연구소 주식회사,LOTTE Institude of Economy & Business Strategy,롯데미래전략연구소, ,이진성,기타법인,110111-6609402,420-88-00838,"서울특별시 송파구 올림픽로35길 137 (신천동, 한국광고문화회관)", ,,경영 컨설팅업,2017-12-26,12월
롯데아이티테크 주식회사,"LOTTE IT TECH CO., LTD.",롯데아이티테크, ,마용득,기타법인,110111-1358343,118-81-16078,"서울특별시 금천구 가산디지털2로 179 4층 (가산동, 롯데센터)",www.lotteittech.co.kr,,경영 컨설팅업,1996-12-28,12월
롯데이엠글로벌 주식회사,LOTTE EM GLOBAL CORPORATION,롯데이엠글로벌, ,김훈,기타법인,110111-7919553,630-88-01642,"서울특별시 서초구 서초대로 396 (서초동, 강남빌딩)", ,,기타 전문 서비스업,2021-06-11,12월
루맵젠 주식회사,Lumapzen,루맵젠, ,백태환,기타법인,110111-7117131,160-88-01425,"서울특별시 강남구 테헤란로51길 18 448호 (역삼동, 광진빌딩)", ,,경영 컨설팅업,2019-05-29,12월
루미너스컨설팅(주),"Luminous Consulting Co., Ltd ",루미너스컨설팅, ,남궁현,기타법인,110111-4543511,107-87-48330,서울특별시 영등포구 여의도동 23-5, ,,경영 컨설팅업,2011-02-28,10월
루미에스트라 주식회사,"Lumiastra Co., Ltd.",루미에스트라, ,황은석,기타법인,131111-0077681,256-87-03431,경기도 성남시 분당구 판교역로 136 (백현동) 102동 701호, ,,경영 컨설팅업,2025-09-26,12월
주식회사 루시,Lucy Inc.,루시, ,조원홍,기타법인,131111-0722982,204-87-02708,경기도 성남시 분당구 느티로 70 상가동2층 205-26호, ,,경영 컨설팅업,2023-12-13,12월
루인스에셋매니지먼트 주식회사,LUINS Asset Management,루인스에셋매니지먼트, ,박희원,기타법인,131111-0542984,464-88-01104,"경기도 성남시 분당구 성남대로 393 (정자동, 두산위브파빌리온) 2921호", ,,경영 컨설팅업,2019-01-24,12월
주식회사 루카에이아이셀,LUCA AICELL,루카에이아이셀, ,"안승희, 조남준",기타법인,171711-0158062,520-88-01758,경기도 안양시 동안구 시민대로327번길 11-35 3층 (관양동), ,,의학 및 약학 연구개발업,2020-10-01,12월
루프원에너지 주식회사,Roof One Energy,루프원에너지, ,김민태,기타법인,206211-0092010,511-87-02926,전라남도 여수시 산단중앙로 261 (평여동) 루프원에너지(주), ,,경영 컨설팅업,2024-03-25,12월
주식회사 루플렉스,rufllex,루플렉스, ,윤수영,기타법인,110111-6857952,887-81-01424,"서울특별시 강남구 테헤란로82길 15 865호 (대치동,디아이타워)", ,,경영 컨설팅업,2018-09-10,12월
뤼미에르에셋주식회사,Lumiere Asset co.Ltd,뤼미에르에셋, ,김진환,기타법인,110111-2300749,107-86-03689,서울특별시 영등포구 여의도동 대영빌딩 821호, ,,경영 컨설팅업,2001-08-02,12월
주식회사 륜,"RYUN Co., Ltd.",륜, ,반선영,기타법인,170111-0829351,711-81-02368,대구광역시 수성구 동대구로12길 9-18 (지산동),www.sincerelyryun.co.kr,,기타 과학기술 서비스업,2021-08-04,12월
(주)르호봇비즈니스인큐베이터,"Rehoboth Business Incubator Co., Ltd.",르호봇비즈니스인큐베이터, ,목영두,기타법인,110111-4089119,107-87-19868,"서울특별시 마포구 새창로 11 9층 (도화동, 공덕빌딩)",www.ibusiness.co.kr,,경영 컨설팅업,2009-05-01,12월
리가인베스트먼트유한회사,"RIGA INVESTMENT, LLC",리가인베스트먼트, ,이안철,기타법인,110114-0197209,768-88-00690,"서울특별시 강남구 삼성로96길 6 (삼성동, LG트윈텔1) 1801호", ,,경영 컨설팅업,2017-02-01,12월
(주)리가켐 바이오사이언스,LigaChem Biosciences Inc.,리가켐바이오,141080,김용주,코스닥시장,160111-0206866,314-81-82268,대전광역시 유성구 국제과학10로 10 (주)레고켐 바이오사이언스,www.legochembio.com,,의학 및 약학 연구개발업,2006-05-02,12월
주식회사 리건홀딩스,LEEGUN HOLDINGS,리건홀딩스, ,김대건,기타법인,110111-4902907,211-88-80596,서울특별시 강남구 학동로97길 43-5 (청담동), ,,"광고물 문안, 도안, 설계 등 작성업",2012-07-16,12월
(주)리노커뮤니케이션즈,"RENOCOMMUNICATIONS.Co.,Ltd.",리노커뮤니케이션즈, ,김덕구,기타법인,110111-3087867,220-86-92530,"서울특별시 송파구 송이로 145 (가락동, 리노타운)",www.renocomms.com,,광고 대행업,2004-10-01,12월
리뉴어블에너지코리아 주식회사,"Renewable Energy Korea Co., Ltd.",리뉴어블에너지코리아, ,김재윤,기타법인,134911-0051928,140-81-61279,"경기도 용인시 기흥구 구갈로60번길 9 (구갈동, 구갈로얄프라자)", ,,경영 컨설팅업,2012-02-20,12월
리뉴원 주식회사,"renewone Co., Ltd.",리뉴원, ,권지훈,기타법인,161511-0134795,312-86-32452,충청남도 천안시 서북구 성거읍 남산3길 58-24, ,,경영 컨설팅업,2011-10-30,12월
(주)리더스에셋홀딩스,THEWELLRICH,리더스에셋홀딩스, ,나용선,기타법인,110111-6599372,635-88-01007,"서울특별시 강남구 선릉로 704 12층 1237-5호(청담동, 청담빌딩)", ,,경영 컨설팅업,2017-12-14,12월
주식회사 리더스인사노무컨설팅,"Leadersconsulting Co.,Ltd",리더스인사노무컨설팅, ,김지훈,기타법인,110111-4050334,214-88-38404,"서울특별시 강남구 강남대로 546 (논현동, 삼양빌딩), 6층", ,,경영 컨설팅업,2009-02-25,12월
(주)리딩씨앤씨,"Leading C&C Co.,Ltd.",리딩씨앤씨, ,서상길,기타법인,110111-1331141,211-87-14954,서울특별시 강남구 신사동 563-15,.,,사업 및 무형 재산권 중개업,1996-10-17,12월
주식회사 리딩유아이,"LeadingUI Co.,Ltd",리딩유아이, ,송우석,기타법인,134111-0213772,138-81-71551,"경기도 안양시 동안구 시민대로 401 2112(관양동, 대륭테크노타운15차)", ,,전기ㆍ전자공학 연구개발업,2011-12-13,12월
리메이크 디지털 주식회사 ,"Remake Digital Co., Ltd.",리메이크디지털, ,남산성(NAM SAMUEL SANSUNG),기타법인,110111-6780351,210-88-01152,"서울특별시 강남구 테헤란로82길 15 1576호 (대치동, 디아이타워)",www.remakedigital.com/,,광고 대행업,2018-06-14,12월
주식회사 리버스에이징,"Reverse Aging Co., Ltd.",리버스에이징, ,이상문,기타법인,110111-8522462,483-88-02443,"서울특별시 강남구 언주로 537 8층 (역삼동, 에이비티타워)", ,,"물리, 화학 및 생물학 연구개발업",2023-01-06,12월
(주)리버스코퍼레이션,"Rebirth.co.,Ltd",리버스코퍼레이션, ,강이삭,기타법인,110111-6810091,645-88-01095,"서울특별시 송파구 올림픽로 300 (신천동, 롯데월드타워앤드롯데월드몰) 6204호", ,,경영 컨설팅업,2018-07-12,12월
리버티씨아이코리아주식회사,"Liberty CI Korea Co.,Ltd.",리버티씨아이코리아, ,백창기,기타법인,110111-2457615,114-86-16692,서울특별시 서초구 서초3동 1557-7 우영빌딩 2층, ,,경영 컨설팅업,2002-02-27,12월
(유)리버티파트너스,LIBERTY PARTNERS,리버티파트너스, ,최경현,기타법인,110114-0164505,472-81-00131,"서울특별시 강남구 학동로 311 (논현동, 미성빌딩), 320호", ,,경영 컨설팅업,2015-06-30,12월
(주)리본머트리얼홀딩스,"Reborn material holdings Co.,Ltd.",리본머트리얼홀딩스, ,박성국,기타법인,110111-5353381,119-86-84574,서울특별시 강남구 언주로147길 10 301호(논현동), ,,경영 컨설팅업,2020-10-21,12월
리비스 주식회사,rebyss inc,리비스, ,한승현,기타법인,110111-7437258,815-86-01588,서울특별시 마포구 포은로 72 (망원동) 3-5층, ,,"광고물 문안, 도안, 설계 등 작성업",2020-03-03,12월
(주)리서치앤리서치,Research&Research,리서치앤리서치, ,노규형,기타법인,110111-0638829,214-81-32018,서울특별시 서초구 신반포로 303 (잠원동), ,,시장조사 및 여론조사업,1989-08-01,12월
(주) 리서치인터내셔날 KRC,RESEARCH INTERNATIONAL ,리서치인터내셔날KRC, ,"오효성, 박영준",기타법인,110111-1472325,214-86-19418,서울특별시 강남구 삼성동 108-7 인탑스빌딩,www.research-int.co.kr,,시장조사 및 여론조사업,1997-10-14,12월
(주)리스인터내셔날,"Ridgeinternational.Co.,Ltd",리스인터내셔날, ,장기옥,기타법인,110111-0842131,214-81-39404,서울특별시 서초구 서초동 1617-36, ,,건축설계 및 관련 서비스업,1992-03-28,12월
주식회사 리스큐어바이오사이언시스,LISCure Biosciences Inc.,리스큐어바이오사이언시스, ,진화섭,기타법인,110111-6951457,594-81-01240,"경기도 성남시 분당구 대왕판교로 700 c동 8층 801호(삼평동, 코리아바이오파크)",www.liscure.bio,,"물리, 화학 및 생물학 연구개발업",2018-12-11,12월
리스펙홀딩스,RESPECT HOLDINGS,리스펙홀딩스, ,공정식,기타법인,134511-0646157,279-88-02975,"경기도 용인시 기흥구 흥덕중앙로 55 (영덕동, 리써밋타워) 923호", ,,광고 대행업,2023-08-10,12월
주식회사리스피엔씨,"RIDGE P&C Co.,Ltd.",리스피엔씨, ,이경운,기타법인,110111-0505234,214-81-10635,서울특별시 서초구 서초동 1617-36,www.ridge.co.kr,,인테리어 디자인업,1986-09-06,12월
(주)리앤리파트너스,"Lee & Lee Partners Co,. Ltd.",리앤리파트너스, ,이강현,기타법인,131111-0609685,551-87-01702,경기도 성남시 수정구 위례한빛로 21 (창곡동), ,,경영 컨설팅업,2020-10-28,12월
(주)리앤비홀딩스,"R&B Holdings Co., Ltd. ",리앤비홀딩스, ,김연호,기타법인,110111-8054712,633-86-02122,"서울특별시 강남구 테헤란로 423 9328 (삼성동, 현대타워)", ,,경영 컨설팅업,2021-10-18,12월
주식회사 리앤에이파트너스,Lee&A PARTNERS,리앤에이파트너스, ,이한민,기타법인,110111-7159802,888-86-01378,"서울특별시 서초구 강남대로51길 10 비1층 109-166호 (서초동, 강남효성해링턴타워)", ,,경영 컨설팅업,2019-07-05,12월
리어소시에이트주식회사,"Lee associates Co.,Ltd.",리어소시에이트, ,김기웅,기타법인,110111-3602045,206-86-13373,서울특별시 용산구 이태원로15길 30-39 (이태원동), ,,매니저업,2007-01-17,12월
주식회사 리얼디자인랩건축사사무소,Real design lab architects & planners,리얼디자인랩건축사사무소, ,김정아,기타법인,110111-5316545,120-88-07590,"서울특별시 강남구 봉은사로 110 6층(역삼동, 연우빌딩)",www.rdl.co.kr,,건축설계 및 관련 서비스업,2014-01-15,12월
리얼티디아이파트너스(주),RealTDI Partners LTD,리얼티디아이파트너스, ,인풍기,기타법인,110111-3841578,215-87-38720,"서울특별시 송파구 새말로5길 21 (문정동, 흥아해운(주)) 1층", ,,경영 컨설팅업,2010-03-17,12월
주식회사 리오플래닝,"Leo Planning Co., Ltd.",리오플래닝, ,김애리,기타법인,110111-8851548,248-87-03110,"서울특별시 영등포구 의사당대로1길 11 1106호 (여의도동, 메종리브르오피스텔)", ,,경영 컨설팅업,2024-01-23,12월
(주)리젠플러스커뮤니케이션즈,"REGENPLUSCOMMUNICATIONS,CO.LTD",리젠플러스커뮤니케이션즈, ,김우정,기타법인,110111-3734583,211-88-01548,"서울특별시 서초구 사평대로58길 4 (서초동, 석원빌딩5층)", ,,광고 대행업,2009-11-05,12월
주식회사 리조이스,Rejoice Inc.,리조이스, ,한성수,기타법인,110111-7589588,368-86-02062,"서울특별시 강남구 봉은사로67길 5 4층(삼성동, HJ0410)", ,,경영 컨설팅업,2020-08-14,12월
(주)리즈골프,LIZ GOLF,리즈골프, ,이종일,기타법인,110111-2680050,220-86-54399,"서울특별시 강남구 삼성로 531 (삼성동, 고운빌딩2층)",www.lizgolf.kr,,사업 및 무형 재산권 중개업,2002-12-26,12월
(주)리차드앤컴퍼니,Richard & company,리차드앤컴퍼니, ,온영두,기타법인,110111-5515501,220-88-87986,"서울특별시 강남구 언주로30길 13 (도곡동, 대림아크로텔 c동 2102호)", ,,경영 컨설팅업,2015-09-17,12월
주식회사리챠드,LEECHARD ,리챠드, ,이기원,기타법인,161511-0112931,312-86-12548,충청남도 천안시 동남구 서부대로 273 (신방동),www.leechstyle.com,,경영 컨설팅 및 공공 관계 서비스업,2010-01-01,12월
주식회사 리치몬드홀딩스,Richmond holdings,리치몬드홀딩스, ,배준오,기타법인,110111-8418786,633-86-02520,"서울특별시 강남구 봉은사로1길 6 5층 5233호(논현동, 용천빌딩)", ,,경영 컨설팅 및 공공 관계 서비스업,2022-09-08,12월
주식회사 리튬인사이트 ,Lithium Insight Inc.,리튬인사이트, ,전웅,기타법인,120111-0970170,419-88-02006,"경기도 성남시 분당구 판교역로192번길 16 (삼평동, 판교타워) C107동 8층 806호", ,,기타 공학 연구개발업,2021-11-18,12월
(주)리튬코리아,"Lithium Korea Co., Ltd.",리튬코리아, ,김대진,기타법인,110111-5899103,842-88-00208,"서울특별시 강남구 역삼로 558 (대치동, 안양빌딩)", ,,기타 자연과학 연구개발업,2015-11-24,12월
주식회사 리팅랩스,"LITING LABS Co., Ltd.",리팅랩스, ,김용현,기타법인,110111-7300257,664-86-01388,"서울특별시 강남구 도산대로 121 10, 11층 (신사동, YK타워)", ,,경영 컨설팅업,2019-11-21,12월
주식회사 리프앤바인,"Leaf&Vine Co.,Ltd.",리프앤바인, ,송인준,기타법인,110111-5010874,211-88-86682,"서울특별시 금천구 가산디지털1로 119 (가산동, SK트윈테크타워) 에이동 403호",www.leafnvine.com/,,광고 대행업,2012-11-27,12월
린데엔지니어링코리아(주),"Linde Engineering Korea, Ltd.",린데엔지니어링코리아, ,조민석,기타법인,110111-1240988,120-81-59051,"경기도 성남시 분당구 돌마로 48 (구미동, 구미동후성빌딩) 2층", ,,기타 엔지니어링 서비스업,1996-02-09,12월
린치핀뮤직 주식회사,LINCHPINMUSIC,린치핀뮤직, ,문지훈,기타법인,110111-5558361,105-88-11663,"서울특별시 서대문구 연희로 122 (연희동, 경교빌딩) 5층", ,,매니저업,2014-12-01,12월
주식회사 링크솔루텍,Lynk Solutec Inc.,링크솔루텍, ,서정목,기타법인,110111-7559086,714-81-01878,"서울특별시 영등포구 영등포로 150 (당산동1가, 생각공장당산)",www.lynksolutec.com,,의학 및 약학 연구개발업,2020-07-23,12월
링크투자컨설팅 주식회사,"Link Investment consulting Co.,Ltd",링크투자컨설팅, ,김명환,기타법인,110111-4327808,119-86-27947,서울특별시 금천구 가산동 345-40, ,,경영 컨설팅업,2010-04-19,12월
(주)링크프라이스,Link Price,링크프라이스, ,"박진영, 박윤봉",기타법인,110111-3451682,120-87-01134,"서울특별시 강남구 영동대로86길 21 (대치동, 태화빌딩2층)",www.linkprice.com,,광고 대행업,2006-05-03,12월
주식회사 마겐 파트너스 ,"Magen Partners Co.,Ltd. ",마겐파트너스, ,이창국,기타법인,110111-0939163,776-88-03344,"서울특별시 마포구 마포대로 92 에이동 3층(도화동, 효성해링턴스퀘어)", ,,경영 컨설팅업,2025-10-15,12월
(주)마더브레인,MOTHERBRAIN,마더브레인, ,유제남,기타법인,110111-4055285,211-88-24084,"서울특별시 서초구 서초대로77길 54 (서초동, 서초더블유타워) 15,16층 마더브레인", ,,광고 대행업,2009-03-09,12월
마루기획(주),"MAROO CO.,LTD.",마루기획, ,이재혁,기타법인,110111-4397596,211-88-46884,"서울특별시 강남구 선릉로111길 6 2층(논현동,성암아트센터)",www.marooentertainment.co.kr,,매니저업,2010-07-15,12월
주식회사 마루이엔지,MARU ENG,마루이엔지, ,권용기,기타법인,200111-0347653,409-86-30457,"광주광역시 남구 에너지밸리산업1로 15 (압촌동), (주)마루이엔지", ,,기타 엔지니어링 서비스업,2012-07-17,12월
(주)마리나홀딩스,"Marina Holdings, Inc.",마리나홀딩스, ,박준탁,기타법인,110111-4909408,211-88-80669,"서울특별시 서초구 매헌로 54-1 (양재동, 양재동빌딩) 5층 (주)마리나홀딩스", ,,경영 컨설팅업,2012-07-05,12월
(주)마리아바이오텍,Maria Biotech,마리아바이오텍, ,양기덕,기타법인,110111-1922247,204-81-48643,서울특별시 동대문구 난계로30길 23 (신설동),www.mariabiotech.co.kr,,의학 및 약학 연구개발업,2000-04-10,12월
(주)마린콤,Marincom Inc.,마린콤, ,황인서,기타법인,180111-0672675,602-81-48828,"부산광역시 동구 중앙대로236번길 7-12 (초량동, MRC빌딩) 901호", ,,경영 컨설팅업,2009-05-28,12월
주식회사 마스컴,"MARSCOM CO., LTD.",마스컴, ,채진아,기타법인,110111-4240282,220-87-91746,서울특별시 강남구 논현로99길 23 302호(역삼동),www.marscom.co.kr,,광고업,2009-12-14,12월
마운드미디어 주식회사,Mound Media Inc.,마운드미디어, ,신동익,기타법인,110111-5460334,105-88-05268,"서울특별시 강남구 강남대로 302 3층(역삼동, 동희빌딩)",moundmedia.co.kr/,,매니저업,2014-07-08,12월
마이다스A등급채권혼합형펀드,Midas A Grade Fixed Income Fund,마이다스A등급채권혼합형펀드, ,백송호,기타법인,110111-2248527,107-86-00514,서울특별시 영등포구 여의도동 23-7,www.abrain.co.kr,,경영 컨설팅업,2001-05-28,05월
마이다스국공채혼합형펀드,MIDAS GOVERNMENT & PUBLIC BOND BALANCED FUND,마이다스국공채혼합형펀드, ,백송호,기타법인,110111-2120486,107-81-93041,서울특별시 영등포구 여의도동 유화증권빌딩 16층,WWW.ABRAIN.CO.KR,,경영 컨설팅업,2000-11-30,11월
(주)마이다스동아,donga.com,마이다스동아, ,정구종,기타법인,110111-1321556,102-81-40758,서울특별시 종로구 세종로 139번지,www.donga.com,,그 외 기타 광고 관련 서비스업,1996-09-16,12월
마이다스커버드콜주식형펀드,Midas Covered Call Equity Fund,마이다스커버드콜주식형펀드, ,마이다스에셋자산운용,기타법인,110111-2473950,107-86-14487,서울특별시 영등포구 여의도동 23-7,www.abrain.co.kr,,경영 컨설팅업,2002-03-18,01월
마이다스코스닥50인덱스펀드,Midas Kosdaq 50 Index Fund,마이다스코스닥50인덱스펀드, ,이승문,기타법인,110111-2230657,107-81-99540,서울특별시 영등포구 여의도동 23-7,www.abrain.co.kr,,경영 컨설팅업,2001-05-03,05월
주식회사 마이더스파트너스,MIDASPARTNERS,마이더스파트너스, ,서석현,기타법인,180111-1169564,554-81-01145,부산광역시 해운대구 해운대해변로298번길 15 2층 (중동),midas-partners.com/,,경영 컨설팅업,2018-08-15,12월
주식회사 마이샵제나,myshopzena co. Ltd,마이샵제나, ,권오석,기타법인,110111-3508293,120-87-04830,서울특별시 강남구 대치4동 891-36 제나빌딩 8층,www.zena2001.com / www.kbmyshop.com,,광고 대행업,2006-08-10,12월
(주)마이크로바이오틱스,"Microbiotix Co., Ltd.",마이크로바이오틱스, ,용동은,기타법인,110111-6233590,539-88-00530,"서울특별시 금천구 디지털로9길 33 (가산동, IT미래TOWER) 304호",서울특별시 금천구 디지털로9길 33 304호,,의학 및 약학 연구개발업,2016-11-16,12월
주식회사 마이크로엑스,microx,마이크로엑스, ,임재철,기타법인,110111-8234588,686-88-02493,"경상남도 창원시 진해구 충장로 361 (경화동, 그랜드메디컬)", ,,연구개발업,2022-03-17,12월
마이티하이브한국,"MIGHTYHIVE KOREA CO., LTD",마이티하이브한국, ,미셀페르디난드드리크,기타법인,110111-6049955,467-87-00316,"서울특별시 중구 퇴계로 166 (주자동, 흥국빌딩) 3층", ,,"광고물 문안, 도안, 설계 등 작성업",2016-05-10,12월
(주)마이퍼스트레이디,myfirstladystudio,마이퍼스트레이디, ,이호근,기타법인,110111-5578301,261-81-23043,서울특별시 강남구 압구정로60길 26 (청담동) 5층, ,,인물사진 및 행사용 영상 촬영업,2014-12-26,12월
마인엔지니어링건축사사무소 주식회사,MA-IN Engineering & Architects,마인엔지니어링건축사사무소, ,"박재형, 김윤오",기타법인,205511-0043993,337-87-00086,"전라남도 나주시 빛가람로 685 , 1동 6층 612호(빛가람동)",ma-in.kr,,건축설계 및 관련 서비스업,2015-06-11,12월
주식회사 마일스톤벤처파트너스,"Milestoneventurepartners Co., Ltd.",마일스톤벤처파트너스, ,문보국,기타법인,110111-7175709,502-86-41272,"서울특별시 금천구 가산디지털1로 212 (가산동, 코오롱디지털타워애스턴) 709호", ,,경영 컨설팅업,2019-07-18,12월
(주)마일즈스톤인베스트먼트,MilesStoneinvestment,마일즈스톤인베스트먼트, ,황귀남,기타법인,161511-0176367,312-86-75408,"충청남도 천안시 서북구 원두정8길 6 (두정동, 두정동주차장빌딩본동) 301", ,,경영 컨설팅업,2015-01-19,12월
주식회사 마카리오스,Markrios Inc.,마카리오스, ,김세민,기타법인,110111-3871913,120-87-32656,서울특별시 강남구 삼성동 147-2 미켈란4층 408호, ,,회사 본부 및 경영 컨설팅 서비스업,2008-04-03,12월
마카온바이오테라퓨틱스 주식회사,"Machaon Biotherapeutics, Inc.",마카온바이오테라퓨틱스, ,KIM STEVEN,기타법인,150111-0291174,828-81-02083,충청북도 청주시 흥덕구 오송읍 오송생명6로 70 (만수리), ,,의학 및 약학 연구개발업,2020-07-15,12월
주식회사 마케팅가이드,"Marketing Guide Co., Ltd.",마케팅가이드, ,이승기,기타법인,110111-4952986,220-88-44328,서울특별시 구로구 남부순환로95길 8-5 (개봉동), ,,전문 서비스업,2012-09-04,12월
주식회사 마케팅모먼트,marketing moment,마케팅모먼트, ,최재명,기타법인,110111-7655785,886-81-02115,"서울특별시 금천구 디지털로9길 65 13층 1301~1303호 (가산동, 백상스타타워1차)", ,,광고 대행업,2020-10-20,12월
마콜컨설팅그룹 주식회사,"Macoll Consulting Group Co., Ltd.",마콜컨설팅그룹, ,이보형,기타법인,110111-3254614,107-86-65778,"서울특별시 영등포구 국제금융로 10 16층 (여의도동, 투아이에프씨)",www.macoll.com,,"그 외 기타 분류 안된 전문, 과학 및 기술 서비스업",2005-06-24,12월
(주)마크로젠,"Macrogen, Inc.",마크로젠,038290,"서정선, 김창훈 (각자 대표이사)",코스닥시장,110111-1423576,208-81-24115,"서울특별시 강남구 테헤란로 238 (역삼동, 마크로젠빌딩)",www.macrogen.com,,"그 외 기타 분류 안된 전문, 과학 및 기술 서비스업",1997-06-05,12월
(주)마크세븐,"MARKSEVEN.Co.,Ltd",마크세븐, ,심주현,기타법인,110111-5852870,745-86-00198,서울특별시 강남구 언주로168길 6 5층 (신사동), ,,경영 컨설팅업,2015-10-05,12월
마크스 유한책임회사,MARKS LLC,마크스, ,KEY MIN JUNG,기타법인,110115-0003727,261-81-24829,"서울특별시 강동구 상일로6길 51 (상일동, 다올빌딩) 802-1호", ,,경영 컨설팅업,2015-01-20,12월
마크스앤컴퍼니 유한책임회사,Marks and Company LLC.,마크스앤컴퍼니, ,KEY MIN JUNG,기타법인,110115-0003371,252-81-00255,"서울특별시 강동구 상일로6길 51 (상일동, 다올빌딩) 8022호", ,,경영 컨설팅업,2015-12-30,12월
(주)마크포스트,"Mark Post Co., Ltd.",마크포스트, ,안홍식,기타법인,110111-6943230,642-87-01406,"서울특별시 구로구 디지털로29길 38 N64호 (구로동, 에이스테크노타워Ⅲ)", ,,경영 컨설팅업,2018-11-30,12월
마크프로,Markpro co.,마크프로, ,차상진,기타법인,110111-1110165,116-81-52646,"서울특별시 영등포구 경인로 775 (문래동3가, 에이스하이테크시티) 2동 301호",www.markpro.com,,기타 법무관련 서비스업,1992-04-20,12월
주식회사 마태플라워,Mattee flower Inc.,마태플라워, ,김여준,기타법인,134511-0475118,424-87-01865,"경기도 용인시 기흥구 죽전로 10 (보정동, 장은메디칼프라자) 601-8호",없음,,경영 컨설팅업,2022-08-27,12월
주식회사 마틴제이,MARTIN J,마틴제이, ,정국창,기타법인,110111-6638427,322-87-00935,"서울특별시 강남구 학동로 201 (논현동, 구연빌딩) 3층 394호", ,,경영 컨설팅업,2018-01-25,12월
막시모 피티이 엘티디,MAXIMO PTE. LTD.,막시모피티이엘티디, ,마 후아텡(MA HUATENG),기타법인, ,38706,"10 Anson road, #21-07, International plaza, Singapore (079903)", ,,경영 컨설팅 및 공공 관계 서비스업,2012-02-22,12월
주식회사 만도차이나홀딩스,Mando China Holdings Limited,만도차이나홀딩스, ,동창진,기타법인,131311-0119630,125-86-06383,경기도 평택시 포승읍 하만호길 32 주식회사 만도차이나홀딩스, ,,경영 컨설팅업,2012-08-20,12월
(주)만보사커뮤니케이션,MANBOSA Inc,만보사커뮤니케이션, ,김지우,기타법인,110111-1722613,211-86-53872,서울특별시 강남구 논현동 105-7 두산빌딩 5층,http://,,광고 대행업,1999-06-25,12월
만에너지솔루션즈코리아 주식회사,MAN Energy Solutions Korea Ltd.,만에너지솔루션즈코리아, ,RASMUSSEN TOMMY RENE,기타법인,110111-0881626,203-81-51539,부산광역시 강서구 녹산산단261로74번길 54 만에너지솔루션즈코리아 (송정동), ,,기타 엔지니어링 서비스업,1992-07-04,12월
(주)매경아이비아이,Maekyung International Business Incubator,매경아이비아이, ,김정실,기타법인,110111-1858533,201-81-28046,서울특별시 강남구 역삼동 702-10 아남타워 2009,www.mkibi.com,,경영 컨설팅업,2000-01-20,12월
(주)매니지먼트엠엠엠,management mmm,매니지먼트엠엠엠, ,김상희,기타법인,110111-7923926,659-88-01885,"서울특별시 용산구 독서당로 122-1 501호 (한남동, 포트힐(FortHill)빌딩)",www.management-mmm.com/,,매니저업,2021-06-16,12월
매드머니(주),"MADMONEY CO., LTD.",매드머니, ,조동식,기타법인,110111-2004961,129-81-64997,서울특별시 강남구 신사동 561 상운빌딩1층, ,,사업 및 무형 재산권 중개업,2000-06-23,12월
매립지관리 주식회사,-,매립지관리, ,류완규,기타법인,134111-0481056,372-87-01021,"경기도 안양시 만안구 일직로 88 (석수동, 케이타워 본관)", ,,경영 컨설팅업,2017-11-08,12월
(주)매머드커피랩,MAMMOTH COFFEE LAB,매머드커피랩, ,"김범수, 최경환",기타법인,110111-4991223,105-87-79176,"서울특별시 송파구 삼전로2길 57 (삼전동, 매머드빌딩)",mmthcoffee.com/,,경영 컨설팅업,2012-12-03,12월
(주)매송기획,"MAESONG COMMUNICATIONS CO.,LTD",매송기획, ,김세훈,기타법인,110111-6466779,474-88-00868,"경기도 용인시 기흥구 강남로 8 9층905-08호(구갈동, 우성메디피아)", ,,"광고물 문안, 도안, 설계 등 작성업",2017-07-24,12월
주식회사 매스씨앤지,MASS C&G Co. Ltd.,매스씨앤지, ,이희곤,기타법인,110111-3093301,108-81-68109,"서울특별시 마포구 성암로 330 (상암동, DMC첨단산업센터) 4층 418호",www.masscg.kr,,전문 디자인업,2004-10-06,12월
매스코,MASCO,매스코, ,김미성,기타법인,134111-0134530,138-81-30467,"경기도 안양시 동안구 흥안대로427번길 38 (관양동, 인덕원성지스타위드) 501~503호",masco.kr/,,지질 조사·탐사 및 지도 제작업,2005-10-20,12월
주식회사 매지움,MAZIUM,매지움, ,최승환,기타법인,180111-1232064,209-87-01489,"부산광역시 연제구 중앙대로1043번길 34 1층 118호(연산동, 시청역SKVIEW)", ,,경영 컨설팅업,2019-07-29,12월
주식회사 매커스인베스트먼트,"Makus Investment Co., Ltd.",매커스인베스트먼트, ,최승근,기타법인,110111-3947152,220-87-70208,"서울특별시 강남구 도곡로 155 (역삼동, 명빌딩) 6층", ,,경영 컨설팅업,2008-08-05,12월
주식회사 매크로넷,"Macro Net Co., Ltd.",매크로넷, ,최형철,기타법인,110111-2286171,220-86-16212,서울특별시 영등포구 여의도동 25-2 경호빌딩 6층, ,,경영 컨설팅업,2001-07-13,12월
주식회사맥스솔루션,maxsolution,맥스솔루션, ,강천일,기타법인,134111-0461339,150-86-00712,"경기도 안양시 동안구 학의로 46 (비산동, 관악부영아파트) 210-302", ,,광고 대행업,2017-02-17,12월
(주)맥스페이스,"MAC SPACE CO.,LTD",맥스페이스, ,맹보영,기타법인,110111-1424889,120-81-73989,서울특별시 강남구 역삼동824-12메가시티303호, ,,공인회계사업,1997-06-11,12월
맥스포저코리아(주),Maxposure Korea Inc.,맥스포저코리아, ,윤영민,기타법인,110111-3679177,120-87-15109,서울특별시 강남구 삼성동 161-17, ,,광고 대행업,2007-05-15,12월
맥심인터그레이티드프로턱트코리아 주식회사,Maxim Integrated,맥심인터그레이티드프로턱트코리아, ,에드윈비메들린,기타법인,110111-1364499,220-81-42428,"서울특별시 강남구 테헤란로87길 29 (삼성동, M타워) 1층, 3층", ,,전기ㆍ전자공학 연구개발업,1997-03-03,12월
주식회사 맥이앤지건축사사무소,maceng,맥이앤지건축사사무소, ,이상돈,기타법인,110111-3001924,120-86-67027,"서울특별시 강남구 광평로51길 6-27 (수서동, 성우빌딩) 202호", ,,건물 및 토목 엔지니어링 서비스업,2004-05-01,12월
주식회사 맥전자,"Mac Electrlc Co.,Ltd",맥전자, ,김미서,기타법인,110111-8125109,685-81-02623,"서울특별시 관악구 남현길 96 로비층 1호(남현동, 하이파크아파트)", ,,시각 디자인업,2021-12-10,03월
맥쿼리IMM마켓뉴트럴혼합형사모펀드,Mac-IMM Market Neutral Balanced Private.          ,맥쿼리IMM마켓뉴트럴혼합형사모펀드, ,이지형,기타법인,110111-2324426,107-86-05256,서울특별시 영등포구 여의도동 23-7,www.abrain.co.kr,,경영 컨설팅업,2001-09-04,09월
맥쿼리IMM마켓플러스채권혼합형펀드,Macquarie Market Plus Fixed bal                   ,맥쿼리IMM마켓플러스채권혼합형펀드, ,이동근,기타법인,110111-2512485,107-86-17112,서울특별시 영등포구 여의도동 23-7,www.abrain.co.kr,,경영 컨설팅업,2002-04-30,04월
맥쿼리IMM슈페리어채권형사모펀드,Macqurie-IMM Superior Fixed Income Private        ,맥쿼리IMM슈페리어채권형사모펀드, ,강승구,기타법인,110111-2542987,107-86-18824,서울특별시 영등포구 여의도동 23-7,www.abrain.co.kr,,경영 컨설팅업,2002-06-07,06월
맥쿼리IMM코리아플러스채권형펀드 ,MacquarieIMM Korea Plus Bond Fund                 ,맥쿼리IMM코리아플러스채권형펀드, ,이지형,기타법인,110111-2339102,107-86-05993,서울특별시 영등포구 여의도동 23-7,www.abrain.co.kr,,경영 컨설팅업,2001-09-21,09월
맥쿼리IMM포세이돈3채권형사모,Macquarie Poseidon Fixed Income 3                 ,맥쿼리IMM포세이돈3채권형사모, ,강승구,기타법인,110111-2573700,107-86-20863,서울특별시 영등포구 여의도동 23-7,www.abrain.co.kr,,경영 컨설팅업,2002-07-23,07월
맥쿼리IMM홀인원채권형펀드,Mac-IMM HOLE-IN-ONE  Fixed Income Fund            ,맥쿼리IMM홀인원채권형펀드, ,장원영,기타법인,110111-2675407,107-86-28055,서울특별시 영등포구 여의도동23-7,www.abrain.co.kr,,경영 컨설팅업,2002-12-17,12월
맥쿼리장기채권형펀드,Macquarie Long-term Fixed Income Fund             ,맥쿼리장기채권형펀드, ,조규상,기타법인,110111-2619760,107-86-24398,서울특별시 영등포구 여의도동 23-7,www.abrain.co.kr,,경영 컨설팅업,2002-09-30,09월
주식회사 맥킨리자산관리,MCKINLEY ASSET MANAGEMENT. INC.,맥킨리자산관리, ,이재수,기타법인,110111-6569606,468-81-00976,"서울특별시 강남구 선릉로87길 12 3층 388호(역삼동, 송경빌딩)", ,,경영 컨설팅업,2017-10-20,12월
주식회사 맨바인트러스트,manbinetrust,맨바인트러스트, ,조훈증,기타법인,110111-2506008,214-87-10471,서울특별시 서초구 서초동 1371-1 외교센타빌딩 706호, ,,경영 컨설팅업,2002-04-23,12월
주식회사 맨하탄에셋,"Manhattan Asset Co.,Ltd",맨하탄에셋, ,조용석,기타법인,110111-6069078,709-86-00469,"서울특별시 강남구 강남대로 622 (신사동, 영동빌딩)", ,,경영 컨설팅업,2016-05-23,12월
머서코리아 주식회사,Mercer Korea,머서코리아, ,박형철,기타법인,110111-0743230,120-81-27675,"서울특별시 강남구 역삼동 강남대로 358 7층 (역삼동, 삼성생명역삼동빌딩)",www.mercer.com,,경영 컨설팅업,1991-02-11,12월
주식회사 머큐리어드바이저,Mercury Advisor Co.Ltd,머큐리어드바이저, ,김병양,기타법인,110111-6070273,532-87-00319,서울특별시 강남구 봉은사로84길 24-1 (삼성동), ,,경영 컨설팅업,2016-07-29,12월
(주)머큐리파이낸셜어드바이저리,"Mercury Financail advisory Co., Ltd.",머큐리파이낸셜어드바이저리, ,이규수,기타법인,110111-3446154,214-87-92342,서울특별시 서초구 양재동 210-2 합동빌딩 4층, ,,경영 컨설팅업,2006-06-01,12월
머큐리프로젝트 주식회사,Mercury Project Inc.,머큐리프로젝트, ,정진문,기타법인,110111-8010855,286-88-01260,서울특별시 강남구 역삼로26길 5 머큐리프로젝트, ,,광고 대행업,2018-08-29,12월
멋쟁이사자처럼,"LIKE LION CO.,LTD.",멋쟁이사자처럼, ,이두희,기타법인,135811-0339846,264-88-01106,"서울특별시 종로구 종로3길 17 (청진동, D타워) 16, 17층",www.likelion.net/,,"그 외 기타 분류 안된 전문, 과학 및 기술 서비스업",2018-05-23,12월
(주)메가골프앤레져컨설팅,"San Kyeong Golf & Leisure Consulting Co.,Ltd",메가골프앤레져컨설팅, ,홍정우,기타법인,110111-3086273,107-86-54873,서울특별시 영등포구 여의도동 60 대한생명63빌딩 11층, ,,도시계획 및 조경설계 서비스업,2004-09-17,12월
(주)메가나인,"MegaNine co.,",메가나인, ,김왕순,기타법인,110111-3224279,114-86-43980,서울특별시 서초구 반포1동 748-1 청호타워 702호, ,,경영 컨설팅업,2002-05-11,12월
주식회사 메가라인홀딩스,"MEGALINE HOLDINGS CO.,LTD.",메가라인홀딩스, ,강석환,기타법인,110111-8795449,164-81-03028,"서울특별시 금천구 가산디지털1로 145 1601호(가산동, 에이스하이엔드타워3차)", ,,경영 컨설팅업,2023-11-17,12월
메가베이스주식회사,megabase,메가베이스, ,이용갑,기타법인,110111-2549587,114-86-20110,서울특별시 마포구 서교동 398-1 창평빌딩 5층, ,,경영 컨설팅업,2002-06-19,12월
주식회사 메가아크,Mega Ark,메가아크, ,한데이브경환,기타법인,110111-3724550,220-87-52078,서울특별시 강남구 역삼1동 803-67 유성빌딩 105, ,,경영 컨설팅업,2007-07-30,12월
메덕스 주식회사,meddox,메덕스, ,이인우,기타법인,110111-6812609,789-81-01154,서울특별시 강남구 테헤란로82길 15 (대치동) 7층 721호, ,,경영 컨설팅업,2018-07-13,12월
(주)메드빌,medvill,메드빌, ,홍은경,기타법인,110111-1817349,101-81-52625,서울특별시 금천구 가산동 60-21, ,,의학 및 약학 연구개발업,1999-11-27,12월
(주)메드팩토,"MedPacto, Inc.",메드팩토,235980,김성진,코스닥시장,135811-0232363,135-86-33854,"서울특별시 서초구 명달로 92, 보림빌딩",www.medpacto.com,www.medpacto.com,의학 및 약학 연구개발업,2013-06-19,12월
주식회사 메디노,Medinno Inc.,메디노, ,주경민,기타법인,135811-0334747,427-87-00910,"서울특별시 금천구 가산로9길 66 (가산동, 더리즌밸리지식산업센터) 820",www.medinno.kr/,,의학 및 약학 연구개발업,2018-03-01,12월
주식회사 메디웰홀딩스,"Mediwellholdings.Co.,Ltd",메디웰홀딩스, ,김삼여,기타법인,180111-0612994,606-86-07028,부산광역시 북구 덕천동 380-29 301호, ,,전기ㆍ전자공학 연구개발업,2007-11-20,12월
(주)메디젠휴먼케어,"Medizen Humancare Inc Co., Ltd",메디젠휴먼케어,236340,신동직,코넥스시장,110111-4922286,120-87-85788,서울특별시 송파구 정의로7길 6 PNS홈즈타워 6층,www.medizencare.com,,의학 및 약학 연구개발업,2012-07-20,12월
주식회사 메디진바이오,Medi Gene Bio,메디진바이오, ,박찬호,기타법인,134511-0143624,142-81-22684,"서울특별시 강남구 영동대로 511 9층 902호(삼성동, 트레이드타워)", ,,의학 및 약학 연구개발업,2009-09-15,12월
(주)메디커뮤니케이션,"medi communication.co.,lte",메디커뮤니케이션, ,문기홍,기타법인,110111-3285601,214-87-75907,서울특별시 강남구 역삼동 776-12 메디빌딩, ,,광고 대행업,2005-08-10,12월
메디컬인더스트리인베스트먼트,"Medical Industry Investment Co.,Ltd",메디컬인더스트리인베스트먼트, ,박배서,기타법인,110111-2602111,220-86-56849,서울특별시 마포구 상수동 281-1 건양사빌딩 8층, ,,경영 컨설팅업,2002-09-03,12월
주식회사 메디클라우드,MEDICLOUD CO.LTD,메디클라우드, ,이형기,기타법인,205511-0060294,652-87-01266,전라남도 화순군 화순읍 산단길 12-55 (내평리)본관동 110호,medicloudgroup.com/,,물질성분 검사 및 분석업,2019-02-01,12월
(주)메디팁,Meditip,메디팁, ,유정희,기타법인,134111-0149026,120-87-13630,"서울특별시 강남구 개포로 619 (개포동, 서울강남우체국)",서울특별시 강남구 개포로 619 (개포동),,경영 컨설팅업,2007-04-01,12월
메디파트너(주),"Medipartner Co., Ltd.",메디파트너, ,김종민,기타법인,110111-1720667,207-81-55594,서울특별시 강남구 봉은사로 218 (역삼동),www.medipartner.com/,,경영 컨설팅업,1999-06-24,12월
메디포스트 씨디엠오 주식회사,MEDIPOST CDMO,메디포스트씨디엠오, ,LEE ANTONIO SEUNG JIN,기타법인,131111-0672921,587-81-02523,"경기도 성남시 분당구 대왕판교로644번길 21 (삼평동, 연구동)", ,,의학 및 약학 연구개발업,2022-05-25,12월
(주)메디헬프라인,"MediHelpLine Co., Ltd.",메디헬프라인, ,박옥남,기타법인,110111-2899502,107-86-42571,"서울특별시 중구 퇴계로 131 (충무로2가, 신일빌딩)10층",www.medihelpline.net,,의학 및 약학 연구개발업,2003-11-19,12월
주식회사 메디호스피탈컨설팅,"Medihospital Consulting Co.,Ltd",메디호스피탈컨설팅, ,김동철,기타법인,110111-5093169,211-88-92976,"서울특별시 강남구 도산대로 106 5층(논현동, 비케이빌딩)", ,,경영 컨설팅업,2013-03-22,12월
주식회사 메리디안홀딩스,"MERIDIAN HOLDINGS CO., LTD",메리디안홀딩스, ,윤경욱,기타법인,110111-5685031,103-86-00040,"서울특별시 송파구 올림픽로35가길 10 (신천동, 잠실더샵스타파크) 비동 404호", ,,경영 컨설팅업,2015-04-02,12월
주식회사 메사플러스,Mesa Plus Co. Ltd.,메사플러스, ,이본느페트라소비츠,기타법인,110111-1981459,106-81-90435,서울특별시 중구 회현동1가 메사빌딩, ,,경영 컨설팅업,2006-02-02,12월
주식회사 메이던스,"Maidons Co., Ltd.",메이던스, ,김선이,기타법인,110111-4269498,120-87-50182,서울특별시 강남구 역삼동 702-10 아남타워 1709, ,,경영 컨설팅업,2010-01-25,12월
메이린파트너스,"meilin partners co., ltd",메이린파트너스, ,명강식,기타법인,110111-4748145,211-88-70647,"서울특별시 강남구 도산대로 427 (청담동, 파모소빌딩)", ,,경영 컨설팅업,2011-12-21,12월
주식회사 메이블,Mable Inc.,메이블, ,장덕수,기타법인,110111-4416700,101-86-57931,"서울특별시 강남구 테헤란로14길 16 역삼동, 라인빌딩 10층",www.mable-inc.com,,광고 대행업,2010-08-24,12월
메이요파트너스 주식회사,"meiyopartners co,.LTD",메이요파트너스, ,송소영,기타법인,110111-7087623,631-86-01618,서울특별시 강남구 봉은사로63길 11 468호 (삼성동), ,,경영 컨설팅업,2019-04-23,12월
주식회사 메이크루,maycrew,메이크루, ,김성국,기타법인,110111-5561413,120-88-20953,"서울특별시 마포구 잔다리로2길 7 (서교동, S368빌딩) 4층 401호",www.maycrew.com,,제품 디자인업,2014-11-12,12월
(주)메이크메이커,MAKEMAKER,메이크메이커, ,유지백,기타법인,110111-6632198,207-86-00997,"서울특별시 성동구 연무장13길 9 (성수동2가, 아이템플) 844호", ,,"광고물 문안, 도안, 설계 등 작성업",2018-01-16,12월
(주)메이트인디펜던스,MATE COMMUNICATIONS,메이트인디펜던스, ,이동훈,기타법인,110111-2063264,220-81-96768,"서울특별시 강남구 선릉로111길 32 (논현동,송현빌딩)",www.matead.com,,광고 대행업,2000-09-01,12월
(주)메인넷코리아,mainnetkorea,메인넷코리아, ,노상현,기타법인,110111-6637106,241-88-00856,서울특별시 강남구 언주로93길 25 406호 (역삼동), ,,경영 컨설팅업,2018-01-22,12월
주식회사 메인테크,"maintech co.,ltd",메인테크, ,정창환,기타법인,204611-0020883,416-81-46840,"전라남도 광양시 폭포사랑길 20-26 (금호동, 광양제철소)", ,,기타 엔지니어링 서비스업,2005-01-01,12월
주식회사 메종드바하,Mezondbaha Corp.,메종드바하, ,한혜연,기타법인,110111-5509885,142-81-78820,"서울특별시 강남구 언주로153길 10-6 3층 5층(신사동,이데아빌딩)", ,,"그 외 기타 전문, 과학 및 기술 서비스업",2014-10-31,12월
(주)메지온,"Mezzion Pharma Co., Ltd.",메지온,140410,박동현,코스닥시장,110111-2615578,204-81-72221,서울특별시 강남구 삼성로 570 석천빌딩 7층,-,www.mezzion.co.kr,의학 및 약학 연구개발업,2002-09-25,12월
주식회사 메콕스바이오메드 ,"MECOX BIOMED Co.,Ltd. ",메콕스바이오메드, ,김철현,기타법인,121111-0297458,745-81-00209,서울특별시 강남구 선릉로92길 28 4층 440호(삼성동), ,,경영 컨설팅업,2015-11-04,12월
메콕스큐어메드 주식회사,"MECOX CureMed Co., Ltd.",메콕스큐어메드, ,정재용,기타법인,110111-3510462,206-86-09879,"서울특별시 서초구 남부순환로356길 100 4층 (양재동, 윤화빌딩)",mecoxcuremed.com,,의학 및 약학 연구개발업,2006-08-16,12월
주식회사 메타센스,Metasense Inc,메타센스, ,김철기,기타법인,110111-6400850,156-81-00700,"서울특별시 강남구 봉은사로103길 5 3층(삼성동, 성재빌딩)", ,,연구개발업,2017-06-05,12월
주식회사 메타에스앤씨,"META S&C CO., Ltd",메타에스앤씨, ,최홍수,기타법인,110111-5434925,261-81-13939,"서울특별시 강남구 봉은사로29길 6-12 3층 (논현동, 케이티에스2)", ,,경영 컨설팅업,2014-06-10,12월
주식회사메타월드,Metaworld co. ltd,메타월드, ,허성태,기타법인,110111-0571607,220-81-06306,서울특별시 종로구 종로 162-1 (종로4가) 3층,무,,광고 대행업,1988-04-19,12월
주식회사 메타코미디,METACOMEDY INC,메타코미디, ,정영준,기타법인,110111-7942083,202-88-02408,"서울특별시 마포구 와우산로29가길 42 (서교동, 정윤빌딩)",www.metacomedy.net/,,매니저업,2021-07-01,12월
주식회사 메타파인즈,"MetaFines Co., Ltd.",메타파인즈, ,배철민,기타법인,131111-0527853,878-81-00979,"경기도 성남시 분당구 판교로 438 (이매동, 경림빌딩) 2층",www.metafines.com,,의학 및 약학 연구개발업,2018-08-10,12월
주식회사메타플렉스,"METAPLEX CO., LTD.",메타플렉스, ,김병진,기타법인,110111-8095930,341-88-02149,"서울특별시 금천구 가산디지털1로 171 (가산동, 가산SKV1center) , 303-323호", ,,경영 컨설팅업,2021-11-17,12월
(주)메트릭스리서치,Metrix Research,메트릭스리서치, ,나윤정,기타법인,110111-7310313,324-88-01602,서울특별시 서초구 양재천로19길 42 (양재동), ,,시장조사 및 여론조사업,2019-12-02,12월
(주)메트릭스코퍼레이션,metrixcorporation,메트릭스코퍼레이션, ,조일상,기타법인,110111-1750903,105-86-02272,서울특별시 서초구 양재천로19길 42 (양재동) 세련빌딩,www.metrix.co.kr,,시장조사 및 여론조사업,1999-08-13,12월
주식회사 메티메디제약,"Metimedi Pharmaceuticals Co., Ltd.",메티메디제약, ,장종환,기타법인,134111-0430095,859-81-00338,"인천광역시 연수구 센트럴로 263 908호(송도동, 송도국제업무단지C8-2블럭업무복합시설)", ,,의학 및 약학 연구개발업,2016-01-11,12월
주식회사 메프로,"Mepro Co., Ltd.",메프로, ,이수형,기타법인,110111-4918839,211-88-80790,"서울특별시 강남구 선릉로 669 제비 1201호(논현동, 강남파라곤)", ,,경영 컨설팅업,2012-07-17,12월
주식회사 멜빈에프앤비,melbinf&b,멜빈에프앤비, ,지혜원,기타법인,110111-9090278,232-88-03034,"서울특별시 강남구 영동대로 602 (삼성동, 삼성동미켈란107) 6층 씨197호", ,,경영 컨설팅업,2024-10-29,12월
(주)명광엔지니어링건축사사무소,MYoung Kwang Eng,명광엔지니어링건축사사무소, ,진교삼,기타법인,115911-0012569,128-81-22276,경기도 고양시 덕양구 안진2길 4 (지축동),www.myoungkwang.com/,,건축설계 및 관련 서비스업,1996-02-02,12월
(주)명보디앤씨,MYOUNG BO D&C CO.LTD,명보디앤씨, ,김진원,기타법인,134511-0107084,142-81-03988,경기도 용인시 수지구 풍덕천1동 672-3 대아빌딩 3층, ,,전기ㆍ전자공학 연구개발업,2006-11-13,12월
(주)명보애드넷,myoungboadnet,명보애드넷, ,김태준,기타법인,110111-1749493,202-81-64628,"서울특별시 중구 남대문로9길 51 (을지로1가, 효덕빌딩)", ,,광고 대행업,1999-08-07,12월
(주)명성엔지니어링 종합건축사사무소,Myungsung Engineering & Architecture,명성엔지니어링종합건축사사무소, ,"김승진, 노민택",기타법인,230111-0140233,610-81-90803,경상북도 칠곡군 왜관읍 평장길 29 (왜관리), ,,건물 및 토목 엔지니어링 서비스업,2008-01-16,12월
명일회계법인,Myungil Accounting Corporation,명일회계법인, ,명장호,기타법인,254134-0021099,484-86-00217,"서울특별시 영등포구 국제금융로 10  (여의도동, 서울국제금융센터), two IFC 22층 명일회계법인",www.halos.one,,공인회계사업,2015-11-04,06월
주식회사 모,Moh Corporation,모, ,"이주현, 신동우",기타법인,110111-5101201,264-81-13597,"서울특별시 강남구 봉은사로44길 67 (역삼동,제지1층 제비101호)", ,,시각 디자인업,2013-03-29,12월
(유)모닝스타얼라이언스,Morning Star Alliance Ltd.,모닝스타얼라이언스, ,김영모,기타법인,110114-0089406,211-88-39928,서울특별시 강남구 신사동 626 ~26, ,,경영 컨설팅업,2010-02-22,12월
모더나코리아 주식회사,Moderna Korea Limited,모더나코리아, ,손지영,기타법인,110111-7890349,629-81-02206,"서울특별시 종로구 새문안로 76 (신문로1가, 콘코디언(concordian)) 5층", ,,기타 전문 서비스업,2021-05-17,12월
주식회사 모드하우스 ,MODHAUS INC.,모드하우스, ,정병기,기타법인,110111-8110994,127-87-02153,"서울특별시 강남구 도산대로 532 (청담동, 인희빌딩) 5층", ,,매니저업,2021-11-30,12월
주식회사 모라이,MORAI INC,모라이, ,"정지원, 홍준",기타법인,160111-0480535,722-88-00734,"서울특별시 강남구 테헤란로 501 12(삼성동, 브이플렉스)", ,,"기타 전문, 과학 및 기술 서비스업",2018-04-10,12월
주식회사 모베오,"moveo Co.,Ltd.",모베오, ,이시우,기타법인,110111-7404116,157-81-01809,"서울특별시 강남구 테헤란로 518 (대치동, 한국섬유산업연합회) 13층 136호", ,,광고 대행업,2020-02-25,12월
모본(주),CETECOM KOREA LTD.,모본, ,송상희,기타법인,110111-1177454,110-81-32899,서울특별시 강남구 삼성동 140-28 현죽빌딩 5츠,www.cetecom.co.kr,,"기타 기술 시험, 검사 및 분석업",1995-07-14,12월
모브호텔앤리조트 유한회사,mov hotel & resort,모브호텔앤리조트, ,김기경,기타법인,195314-0000457,668-86-02021,경상남도 합천군 용주면 가호길 30-52 (가호리), ,,"기타 전문, 과학 및 기술 서비스업",2021-04-23,12월
(주)모비데이즈,Mobidays Inc.,모비데이즈,363260,유범령,코스닥시장,110111-7588506,832-87-01824,서울시 강남구 역삼동 721-38 -, ,,광고업,2020-08-13,12월
주식회사 모비데이즈,"Mobidays, Inc.",모비데이즈, ,유범령,기타법인,110111-5427384,220-88-80659,서울특별시 강남구 역삼로8길 15 홍우빌딩 2층 (역삼동),www.mobidays.com,,광고 대행업,2014-05-29,12월
(주)모비도미,mobidomi corp.,모비도미, ,신동빈,기타법인,110111-2115403,104-81-58273,서울특별시 중구 을지로4가 310-68 삼풍빌딩 8층,www.mobidomi.com,,"그 외 기타 분류 안된 전문, 과학 및 기술 서비스업",2000-11-22,12월
(주)모비우스인베스트먼트,MOBIUS INVESTMENTS COMPANY,모비우스인베스트먼트, ,김태근,기타법인,110111-2539934,220-86-40503,서울특별시 강남구 역삼동 702-10 아남타워1416호, ,,경영 컨설팅업,2002-06-02,12월
(주)모비쟆미디어,MOBIZAP MEDIA INC.,모비쟆미디어, ,이갑,기타법인,110111-4519992,104-86-33151,"서울특별시 중구 통일로 10 7층 (남대문로5가, 연세세브란스빌딩)", ,,광고 대행업,2011-01-21,12월
주식회사 모빌테크,"MOBILTECH CO., LTD",모빌테크, ,김재승,기타법인,110111-6370087,574-88-00585,서울특별시 서초구 마방로4길 16-9,www.mobiltech.io/,,전기ㆍ전자공학 연구개발업,2017-04-10,12월
(주)모아라이프플러스,MOA Life Plus Co. Ltd.,모아라이프플러스,142760,한상진,코스닥시장,160111-0091332,314-81-29870,"경기도 용인시 수지구 신수로 767 7층 (동천동, 분당수지유타워 지식산업센터)",www.bioleaders.co.kr,http://www.bioleaders.com,자연과학 및 공학 연구개발업,1999-12-30,12월
모아에셋,MoreAsset Holdings,모아에셋, ,원종승,기타법인,110111-2381260,120-86-29324,서울특별시 강남구 역삼동 705-19 동아신용금고빌딩 5층,www.jnbia.com,,경영 컨설팅업,2001-11-20,03월
주식회사 모어비전,MoreVision Inc.,모어비전, ,박재범,기타법인,110111-8039813,828-86-02400,서울특별시 강남구 논현로145길 30 (논현동), ,,매니저업,2021-09-30,12월
주식회사 모자이크벤처스,"Mosaic Ventures Co.,Ltd.",모자이크벤처스, ,염현복,기타법인,110111-7581401,833-88-01805,서울특별시 강남구 영동대로 725 (청담동) 4층 N-03호, ,,경영 컨설팅업,2020-08-12,12월
(주)모자이크홀딩스,"Mosaic Holdings Co.,Ltd.",모자이크홀딩스, ,한일주,기타법인,120111-0767840,625-81-00069,"서울특별시 강남구 학동로 338 (논현동, 강남파라곤) 비동 1801호", ,,경영 컨설팅업,2015-06-23,12월
모토로라 코리아 테크놀로지 센터,Motorola Korea Technology Center Ltd.,모토로라코리아테크놀로지센터, ,오인식,기타법인,110111-1566558,109-81-54383,서울특별시 강남구 청담동 41-2, ,,전기ㆍ전자공학 연구개발업,1998-07-20,12월
(주)모토모테크원,motomotechwon,모토모테크원, ,전영숙,기타법인,285011-0186325,128-86-54832,경기도 고양시 일산동구 장항동622-5,www.motomo1.com,,전기ㆍ전자공학 연구개발업,2010-11-15,12월
주식회사 모투스컴퍼니,Motus Company Inc.,모투스컴퍼니, ,허준수,기타법인,110111-7946225,687-87-02183,"서울특별시 용산구 녹사평대로11길 58 (서빙고동, 모투스엔실버불렛사옥)",www.motuscompany.co.kr,,"광고물 문안, 도안, 설계 등 작성업",2021-07-05,12월
(주)모투스홀딩스,Motus Company Inc.,모투스홀딩스, ,허준수,기타법인,110111-2692716,106-86-15988,서울특별시 용산구 녹사평대로11길 58,www.motuscompany.co.kr,,광고 대행업,2003-01-13,12월
주식회사 모티브인텔리전스,MOTIV INTELLIGENCE Inc.,모티브인텔리전스, ,양준모,기타법인,110111-5387992,212-86-09248,"서울특별시 강남구 테헤란로 132 (역삼동, 한독약품빌딩) 13층",www.motiv-i.com,,광고업,2014-04-10,12월
(재)목암생명공학연구소,MBRI,목암생명공학연구소, ,허일섭,기타법인,134522-0000061,135-82-02538,경기도 용인시 기흥구 보정동 341, ,,의학 및 약학 연구개발업,1984-06-08,12월
주식회사 몬몬,monmon,몬몬, ,김도현,기타법인,110111-7893781,139-81-66819,"서울특별시 송파구 올림픽로34길 6 (방이동, 잠실제니알) 2층 206호", ,,경영 컨설팅업,2021-05-21,12월
(주)몬티스월드와이드,Montis Worldwide,몬티스월드와이드, ,윤수연,기타법인,110111-7358462,120-86-59982,"서울특별시 강남구 영동대로 517 (삼성동, 아셈타워) 201호", ,,경영 컨설팅업,2003-11-22,12월
주식회사 몰로코,"Moloco. Co., Ltd. ",몰로코, ,안익진,기타법인,110111-5550052,206-87-01869,"서울특별시 강남구 테헤란로 231 (역삼동, 센터필드) WEST 8층",www.moloco.com,,광고 대행업,2014-11-01,12월
무구에셋 주식회사,MOOGOO ASSET INC,무구에셋, ,김성범,기타법인,110111-3641340,120-87-12970,서울특별시 강남구 삼성동 , ,,경영 컨설팅업,2007-03-20,12월
무궁화글로벌홀딩스 주식회사,"Mugungwha Global Holdings Co.,LTD",무궁화글로벌홀딩스, ,양명희,기타법인,110111-7109279,567-86-01622,"서울특별시 강남구 테헤란로 134 (역삼동, 포스코타워역삼) 23층", ,,경영 컨설팅업,2019-05-20,12월
(주)무안청정에너지,muancheongjeong,무안청정에너지, ,백종관,기타법인,200111-0696836,136-81-37071,광주광역시 북구 첨단연신로30번길 41 (연제동), ,,경영 컨설팅업,2023-05-12,12월
(주)무영씨엠건축사사무소,"MOOYOUNG CONSTRUCTION MANAGEMENT CO.,LTD.",무영씨엠건축사사무소, ,한일기,기타법인,110111-3133107,220-87-01360,"경기도 과천시 과천대로7길 26 B동 2층 (갈현동, 과천스마트케이업무시설)",www.mooyoungcm.com,,건축설계 및 관련 서비스업,2004-12-15,12월
(주)무영종합건축사사무소,MOOYOUNG ARCHITESCTS & ENGINEERS,무영종합건축사사무소, ,박건규,기타법인,110111-0399728,220-81-25375,"서울특별시 강남구 테헤란로26길 12 (역삼동, 스타빌딩) 4~8층",www.mooyoung.com,,"그 외 기타 분류 안된 전문, 과학 및 기술 서비스업",1985-07-01,12월
(주)무이아미고,MUYAMIGO,무이아미고, ,황병기,기타법인,110111-5862910,295-87-00195,"경기도 수원시 영통구 덕영대로1556번길 16 (영통동, 디지털엠파이어빌딩) A동 1302호",www.muyamigo.co.kr,,"그 외 기타 분류 안된 전문, 과학 및 기술 서비스업",2015-10-16,12월
(주)무전도시개발,Mujeon City Developmenet,무전도시개발, ,강동우,기타법인,191211-0027015,804-88-00282,경상남도 통영시 원문로 97 (무전동) 1층, ,,경영 컨설팅업,2015-12-22,12월
무지개컨설팅 주식회사,rainbowconsulting,무지개컨설팅, ,박안성,기타법인,110111-6708254,315-81-37067,"서울특별시 강남구 테헤란로 327 3층 (역삼동, 빅토리아오피스텔)",rainbowconsulting.kr,,경영 컨설팅업,2018-04-04,12월
주식회사 무진메디,"Moogene Medi Co., Ltd.",무진메디,322970,윤태종,코넥스시장,110111-6098324,541-87-00496,"경기도 하남시 미사강변중앙로7번안길 25씨동 10층(풍산동,유-테크밸리씨타워)",www.moogene.com/,,의학 및 약학 연구개발업,2016-06-22,12월
주식회사 문래씨앤엠,"MULLAECNM Co., Ltd.",문래씨앤엠, ,김동우,기타법인,110111-8068789,840-86-02259,"서울특별시 영등포구 여의대방로65길 6 (여의도동, 센터빌딩) 15층 1550호", ,,경영 컨설팅업,2021-11-01,12월
문무바람 주식회사,"Munmu Baram Co., Ltd",문무바람, ,주영규,기타법인,180111-1208479,486-81-01347,울산광역시 중구 장춘로 164 2층 210호 (학산동),www.munmubaram.com/,,건물 및 토목 엔지니어링 서비스업,2019-03-27,12월
문엔지니어링(주),"MOON ENGINEERING CO.,LTD.",문엔지니어링, ,문헌일,기타법인,110111-0688262,116-81-47309,"서울특별시 구로구 디지털로 242 17층 (구로동, 한화비즈메트로1차)",www.mooneng.co.kr,,기타 엔지니어링 서비스업,1990-05-15,12월
(주)문종합건축사 사무소,"MOON ARCHITECTURE CO.,LTD",문종합건축사사무소, ,박양근,기타법인,110111-2749989,107-86-33131,서울특별시 구로구 신도림동 306-13 엠엔더블유빌팅 4층, ,,건축설계 및 관련 서비스업,2003-04-01,12월
(주)문해,"Mun Hae Co.,ltd.",문해, ,박종은,기타법인,110111-7648996,140-81-97840,서울특별시 성북구 북악산로 912 (돈암동), ,,경영 컨설팅업,2020-10-20,12월
주식회사 문화상품권,CULTUREGIFT Inc.,문화상품권, ,이동현,기타법인,110111-8001408,307-88-02120,"서울특별시 강남구 영동대로 326 (대치동, 컬쳐랜드타워) 6층", ,,"그 외 기타 분류 안된 전문, 과학 및 기술 서비스업",2021-08-27,12월
주식회사 문화인,"Mun Hwa In Co., Ltd.",문화인, ,"김영민, 최원민",기타법인,110111-6064573,350-88-00392,서울특별시 마포구 월드컵북로4길 47 (동교동), ,,매니저업,2016-05-18,12월
(주)문화창고,"Culturedepot Co.,Ltd.",문화창고, ,장진욱,기타법인,110111-4332196,101-86-55345,"서울 마포구 매봉산로 75 101동 1315호 (여의도동, 여의도더샵아일랜드파크)", ,,매니저업,2010-04-20,12월
주식회사 물고기뮤직,Mulgogi Music,물고기뮤직, ,신정훈,기타법인,110111-5604883,105-88-13642,서울특별시 마포구 월드컵북로 97,www.mulgogimusic.com,,매니저업,2015-01-02,03월
주식회사 뮌스터담카페앤펍,munsterdamCafeandpub,뮌스터담카페앤펍, ,이선혁,기타법인,284911-0269067,203-88-02565,"경기도 고양시 일산서구 강성로 271 (대화동, 대화씨티빌)", ,,기타 전문 서비스업,2022-01-05,12월
(주)뮤직카우에셋,"Musicow Asset, Inc.",뮤직카우에셋, ,김지수,기타법인,110111-6912194,894-88-01101,서울특별시 마포구 토정로5길 17 (합정동),www.musicow.com,,사업 및 무형 재산권 중개업,2018-10-31,12월
주식회사 뮤직카우포트폴리오인베스트먼트,Musicow Portfolio Investment Inc.,뮤직카우포트폴리오인베스트먼트, ,김지수,기타법인,110111-8175667,130-87-09962,"서울특별시 중구 세종대로 92 (태평로2가, 한화금융센터태평로) 9층", ,,"그 외 기타 분류 안된 전문, 과학 및 기술 서비스업",2022-01-20,12월
미니쉬테크놀로지 주식회사,MINISH TECHNOLOGY Inc.,미니쉬테크놀로지, ,강정호,기타법인,110111-7758315,396-86-02131,"서울특별시 강남구 언주로 729 (논현동, 마스터스729빌딩) 12층", ,,"그 외 기타 전문, 과학 및 기술 서비스업",2021-01-21,12월
미디앳주식회사,Medi@ Ltd,미디앳, ,전재호,기타법인,110111-1038052,114-81-74514,서울특별시 영등포구 여의도동 12번지,없음,,광고 대행업,1994-08-01,12월
(주)미디어랩아이리스,"MEDIA REP. IRIS Co., Ltd",미디어랩아이리스, ,박철희,기타법인,110111-7435450,352-86-01850,서울특별시 마포구 와우산로29가길 69 (서교동) 5층, ,,광고 대행업,2020-04-27,12월
주식회사 미디어렙에이,MEDIAREPA Co.ltd,미디어렙에이, ,강준구,기타법인,110111-5391266,101-86-88899,"서울특별시 종로구 청계천로 1 (서린동, 동아일보사)",www.mediarepa.com,,그 외 기타 광고 관련 서비스업,2014-04-22,12월
주식회사 미디어링크,MEDIA LINK,미디어링크, ,홍정인,기타법인,110111-6117249,311-81-51918,"서울특별시 성동구 왕십리로 50 (성수동1가, 메가박스스퀘어)",media-link.co.kr,,광고 대행업,2016-07-11,12월
(주)미디어밸리,Media Valley.Inc,미디어밸리, ,이기영,기타법인,110111-1359771,116-81-62843,서울특별시 강남구 역삼동 770-9,ww.mvalley.co.kr,,시장조사 및 여론조사업,1996-12-30,12월
미디어브랜즈코리아 주식회사,Mediabrands Korea Inc.,미디어브랜즈코리아, ,김민정,기타법인,110111-1807308,101-81-51742,"서울특별시 강남구 봉은사로2길 31 (역삼동, 더블유빌딩 6층)",www.mbww.com,,광고 대행업,1999-11-12,12월
주식회사 미디어쿼터스,Media Quarters,미디어쿼터스, ,소병걸,기타법인,110111-3149310,211-87-59801,서울특별시 서초구 서초동 1697-6 백석빌딩 B1, ,,그 외 기타 광고 관련 서비스업,2005-01-13,12월
미디어텍코리아주식회사,MediaTek Korea Inc.,미디어텍코리아, ,쿠타웨이,기타법인,135811-0135608,135-81-90296,"경기도 성남시 분당구 황새울로 216 (수내동, 휴맥스빌리지)", ,,경영 컨설팅업,2007-02-01,12월
미라셀,Miracell,미라셀, ,박종식,기타법인,110111-3236050,214-87-71916,서울특별시 서초구 서초동 1599-2, ,,의학 및 약학 연구개발업,2005-05-26,12월
(주)미래도시건축사사무소,MIRAEDOSI,미래도시건축사사무소, ,이성오,기타법인,110111-1824419,211-86-87085,서울특별시 송파구 잠실동 175-14, ,,건축설계 및 관련 서비스업,1999-12-10,12월
주식회사 미래디앤디,"MIRAE D&D Co.,Ltd.",미래디앤디, ,박정수,기타법인,110111-5907534,887-81-00240,서울특별시 중구 마른내로10길 31 3층(충무로4가), ,,경영 컨설팅업,2015-12-03,12월
미래비츠로 주식회사,"Mirae Vitzro co.,ltd.",미래비츠로, ,허수미,기타법인,110111-4686915,107-87-57974,서울특별시 영등포구 여의도동 26-4, ,,경영 컨설팅업,2011-09-16,09월
(주)미래셀바이오,Mirae Cell Bio Inc.,미래셀바이오, ,"김은영, 정형민",기타법인,110111-3567265,206-86-11996,"서울특별시 성동구 성수이로 147 (성수동2가, 아이에스비즈타워) 1502호",www.miraecellbio.com,,의학 및 약학 연구개발업,2006-11-23,12월
(주)미래아이엔씨,MiR ae i&C,미래아이엔씨, ,박승운,기타법인,110111-2068941,106-81-93204,"서울특별시 금천구 가산디지털2로 144 (가산동, 현대테라타워 가산디케이) 13층",www.toup.net,,"광고물 문안, 도안, 설계 등 작성업",2000-09-18,12월
(주)미래안코리아,"Miraean Korea Co.,Ltd",미래안코리아, ,정찬희,기타법인,150111-0294920,811-86-02004,충청북도 청주시 청원구 오창읍 두릉유리로 836-18 (성산리) 관리동 2층, ,,경영 컨설팅업,2020-09-23,12월
미래에셋매니지먼트 주식회사,"Mirae Asset Management Co., Ltd.",미래에셋매니지먼트, ,채창선,기타법인,110111-7962700,794-88-02232,"서울특별시 중구 을지로5길 26 (수하동, 미래에셋센터원(MiraeAssetCENTER1)) 19층", ,,경영 컨설팅업,2021-07-19,12월
미래에셋운용리서치센타(주),"Mirae Asset Research Center Co., Ltd.",미래에셋운용리서치센타, ,박만순,기타법인,110111-2350257,107-86-07176,서울특별시 영등포구 여의도동 45-1 미래에셋빌딩, ,,시장조사 및 여론조사업,2001-10-11,03월
(재)미래인력연구원,center for future human resource studies,미래인력연구원, ,송복,기타법인,110121-0027724,214-82-04445,경기도 양평군 강하면 항금리57, ,,기타 인문 및 사회과학 연구개발업,2001-07-27,12월
미래케어 주식회사,miraecare,미래케어, ,김은정,기타법인,180111-1340594,628-87-01996,부산광역시 남구 전포대로 133 3층 322호 (문현동), ,,경영 컨설팅업,2021-01-01,12월
주식회사 미래티에스,MI RAE TS CO.Ltd,미래티에스, ,이태수,기타법인,110111-3308403,211-87-71009,"서울특별시 송파구 오금로13길 7 303호(방이동, 일신빌딩)", ,,경영 컨설팅업,2014-03-19,12월
(주)미래플,Mireaple,미래플, ,한의석,기타법인,110111-9104665,481-87-03584,"서울특별시 마포구 마포대로 92 (도화동, 효성해링턴스퀘어)",-,,경영 컨설팅업,2024-11-13,12월
주식회사 미래피엠피,MIRAE PMP Inc,미래피엠피, ,이기수,기타법인,110111-8001606,742-81-02251,"서울특별시 강남구 언주로149길 9 (논현동, 시엘빌딩)", ,,광고 대행업,2021-08-24,12월
미래회계법인,MIRAE accounting corporation,미래회계법인, ,"문병무, 권안석, 남택진",기타법인,135834-0003790,135-81-48726,"경기도 수원시 영통구 광교로 105 6층 611호(이의동, 경기R&DB센터)",www.miraecpa.co.kr,,공인회계사업,2001-08-29,03월
주식회사 미리앤코,MIRI & Co.,미리앤코, ,배현진,기타법인,284911-0198571,767-88-01380,경기도 파주시 광인사길 68 304호(문발동), ,,광고 대행업,2019-03-14,12월
미립회계법인,Mi Lib Accounting Corporation,미립회계법인, ,최진민,기타법인,285034-0005254,128-86-28896,"서울특별시 용산구 서빙고로 38 ,202호(한강로3가,바울빌딩)", ,,공인회계사업,2008-02-15,03월
주식회사미사티에스비즈타워,misatsbiztower,미사티에스비즈타워, ,박환민,기타법인,200111-0547948,552-88-01172,광주광역시 북구 첨단연신로30번길 41 (연제동), ,,경영 컨설팅 및 공공 관계 서비스업,2018-12-05,12월
(주)미산파트너스,misan partners ,미산파트너스, ,오종원,기타법인,110111-5338458,264-81-30029,"서울특별시 서초구 서초대로 248 558호(서초동, 월헌회관)", ,,경영 컨설팅업,2014-03-01,12월
미성회계법인,MISUNG ACCOUNTING & CONSULTING CORP0RATION,미성회계법인, ,김헌주,기타법인,171834-0006899,341-87-00033,대구광역시 달서구 당산로 137 2층 (감삼동),www.misungacc.com,,공인회계사업,2015-03-30,03월
(주)미스틱스토리,MYSTIC STORY INC.,미스틱스토리, ,조영철,기타법인,110111-5054351,211-88-89656,서울특별시 용산구 한남대로20길 41 (한남동), ,,매니저업,2013-01-23,12월
주식회사 미영,miyoung,미영, ,최강미,기타법인,170111-0620189,185-81-00616,"대구광역시 달서구 월배로 215 (상인동별관, 나사렛병원) 6층", ,,경영 컨설팅 및 공공 관계 서비스업,2016-10-25,12월
주식회사 미젠스토리,MiGenstory Co.Ltd,미젠스토리, ,강택균,기타법인,131111-0466580,509-86-00627,"서울특별시 강서구 양천로 401 (가양동, 강서한강자이타워) B동 13층 1305, 1306호", ,,"기술 시험, 검사 및 분석업",2016-12-20,12월
주식회사 미토이뮨테라퓨틱스,Mitoimmune Therapeutics Inc.,미토이뮨테라퓨틱스, ,김순하,기타법인,110111-6844454,350-87-01166,"서울특별시 강남구 봉은사로 108 (역삼동, 글라스톤빌딩)",www.mitoimmune.com,,의학 및 약학 연구개발업,2018-08-16,12월
주식회사 민스포지,MINSFORGE,민스포지, ,이대형,기타법인,110111-7951654,859-86-02461,"서울특별시 서초구 서초대로 397 (서초동, 부띠크모나코), 1109호", ,,경영 컨설팅업,2021-07-08,12월
민스홀딩스(주),MINS HOLDINGS,민스홀딩스, ,구수진,기타법인,110111-8384391,246-87-02852,"서울특별시 강남구 테헤란로77길 11-9 (삼성동), 7층 에이30호", ,,경영 컨설팅 및 공공 관계 서비스업,2022-08-03,12월
(주)민아이티에스,"Min I.T.S. Co., Ltd.",민아이티에스, ,김명열,기타법인,124411-0034299,136-81-28927,경기도 김포시 풍무동 438-1,www.minits.com,,인테리어 디자인업,1998-09-25,12월
주식회사민앤플러스,"MIN AND PLUS CO.,LTD",민앤플러스, ,이경민,기타법인,110111-5961605,759-86-00275,"서울특별시 강남구 테헤란로34길 6 13층 1303호(역삼동, 태광타워)", ,,경영 컨설팅업,2016-01-28,12월
민태림 주식회사,"MINTERIM Co., Ltd.",민태림, ,김종우,기타법인,284911-0254026,677-86-02103,경기도 용인시 수지구 동천로 24 (동천동) 3층 301호, ,,경영 컨설팅업,2021-07-02,12월
(주)밀레니언,"Millenniun, Inc.",밀레니언, ,김용석,기타법인,110111-4821082,109-86-33947,"서울특별시 서초구 서초대로 397 (서초동, 부띠크모나코) B동 1903호", ,,경영 컨설팅업,2012-03-16,12월
밀레니엄홀딩스(주),Millennium Holdings.co.kr,밀레니엄홀딩스, ,이강택,기타법인,110111-5223485,119-86-76865,"서울특별시 금천구 가산디지털2로 107 (가산동, 밀레니엄홀딩스(주)", ,,경영 컨설팅업,2013-09-09,12월
(주) 밀리,millie,밀리, ,김태형,기타법인,110111-6008513,301-88-00288,"전라북도 익산시 석암로7길 19 (여의도동, 여의도파크센터)", ,,경영 컨설팅업,2016-03-24,12월
밀머란에스피씨(주),"Millmerran SPC Co., Ltd",밀머란에스피씨, ,하훈철,기타법인,284411-0074721,231-81-02732,경기도 포천시 창수면 포천로2797번길 17 (추동리) 포천파워, ,,경영 컨설팅업,2013-11-25,12월
주식회사 밍고크리에이티브,MingoCreative Inc.,밍고크리에이티브, ,이대한,기타법인,110111-7312632,364-86-01585,"서울특별시 강남구 논현로79길 72 (역삼동, 올림피아센타) 1008호", ,,"광고물 문안, 도안, 설계 등 작성업",2019-12-03,12월
주식회사 바로건축사사무소,Baro,바로건축사사무소, ,김휘현,기타법인,180111-1592947,180-87-03186,"부산광역시 남구 수영로 312 1718호 (대연동, 21센츄리시티오피스텔)", ,,건축설계 및 관련 서비스업,2024-12-09,12월
바로상화제일차 주식회사,Baro Sangwha 1st. Inc.,바로상화제일차, ,송지환,기타법인,110111-7932323,732-88-02423,"서울특별시 강남구 봉은사로112길 12 2층(삼성동, 상화빌딩)", ,,경영 컨설팅업,2021-06-23,12월
바로회계법인,Baro Accounting Corporation,바로회계법인, ,조세용,기타법인,240134-0033305,702-87-02798,"서울특별시 송파구 법원로9길 26 (문정동, 에이치비지니스파크)C동 116호", ,,공인회계사업,2022-12-05,09월
바르질라코리아(주),wartsila Korea Ltd.,바르질라코리아, ,오세정,기타법인,110111-0952641,120-81-37566,"부산광역시 중구 충장대로9번길 46 20층 (중앙동4가, 관정빌딩)",www.wartsila.com,,기타 엔지니어링 서비스업,1993-07-01,12월
(주)바른파트너스,"BARUN PARTNERS CO.,LTD.",바른파트너스, ,정진아,기타법인,135811-0285916,837-88-00303,"경기도 수원시 팔달구 장다리로196번길 7-19 2층 203호(인계동, HomeN)", ,,경영 컨설팅업,2016-02-04,12월
바름회계법인,BARUM Accounting Corporation,바름회계법인, ,"이헌철, 김도형, 남병노",기타법인,110334-0018897,527-86-01018,"서울특별시 서초구 법원로2길 21 204,304호(서초동, 칠보빌딩)",www.barumacc.co.kr,,공인회계사업,2018-03-22,03월
주식회사 바바코,BABACO,바바코, ,박지흥,기타법인,200111-0495212,175-81-00701,광주광역시 서구 풍암신흥안길 31-11 303호(풍암동), ,,제조업 회사 본부,2017-05-19,12월
(주) 바우컨설탄트,BAU Consultant,바우컨설탄트, ,"김용년, 김종오",기타법인,110111-1141128,120-81-48398,"인천광역시 부평구 길주로 659 (삼산동, 미라쥬타워), 308",www.bau.co.kr/,,건물 및 토목 엔지니어링 서비스업,1995-03-23,12월
주식회사 바이런,Byron inc.,바이런, ,이인우,기타법인,110111-6880177,489-86-01263,서울특별시 마포구 새창로 11 1227호 (도화동), ,,경영 컨설팅업,2018-10-01,12월
바이오디지트,BioDigit Laboratories Corp.,바이오디지트, ,이은상,기타법인,110111-2320672,209-81-29563,"경기도 성남시 분당구 판교로228번길 15 (삼평동, 판교세븐벤처밸리1)2동 1004호",www.biodigit.com,,의학 및 약학 연구개발업,2001-08-30,12월
(주)바이오메디앙,Biomedieng,바이오메디앙, ,이헌수,기타법인,131111-0121853,129-81-75679,경기도 성남시 중원구 사기막골로 137 (상대원동) 중앙인더스피아 5차 805호,www.biomedieng.co.kr,,의학 및 약학 연구개발업,2004-08-06,12월
(주)바이오메트로,BIOMETRO,바이오메트로, ,오천택,기타법인,110111-5868348,737-86-00203,"서울특별시 구로구 디지털로33길 11 (구로동, 에이스테크노타워8차) 205호", ,,"그 외 기타 분류 안된 전문, 과학 및 기술 서비스업",2015-10-22,12월
바이오소프트주식회사,BIO-SOFT INC.,바이오소프트, ,이규홍,기타법인,160111-0072150,305-81-30219,대전광역시 대덕구 오정동 95-22,http://www.biosoftinc.co.kr,,전기ㆍ전자공학 연구개발업,1998-06-19,12월
주식회사 바이오스타코리아,"Biostarkorea.CO.,LTD",바이오스타코리아, ,라정찬,기타법인,110111-4085464,211-88-26501,"서울특별시 영등포구 국회대로76길 10 (여의도동, 기독교한국침례회총회빌딩)", ,,의학 및 약학 연구개발업,2009-04-24,12월
(주)바이오시네틱스,"Bio-Synectics, Inc.",바이오시네틱스,281310,김갑식,기타법인,110111-2943010,105-86-63304,"서울특별시 금천구 가산디지털2로 184, 708호(가산동, 벽산디지털밸리 2차)",www.bio-synectics.com,,의학 및 약학 연구개발업,2004-01-29,12월
(주)바이오써포트,Biosupport,바이오써포트, ,김경민,기타법인,110111-1945166,214-86-57348,경기도 안양시 동안구 동편로13번길 65 (관양동)넥스트아이빌딩 2층,www.biosupport.co.kr,,"기타 기술 시험, 검사 및 분석업",2000-04-19,12월
(주)바이오썬텍,biosuntek,바이오썬텍, ,조준상,기타법인,131111-0217660,129-86-25932,"경기도 성남시 중원구 둔촌대로 474 704,713호(상대원동, 선텍시티1)",www.biosuntek.co.kr,,의학 및 약학 연구개발업,2008-12-09,12월
주식회사 바이오아이앤에스,"Bio I&S, Inc",바이오아이앤에스, ,현병환,기타법인,160111-0097877,314-81-33165,대전광역시 서구 둔산동 1396 명진빌딩 801호,www.bioins.com,,경영 컨설팅업,2000-05-06,12월
(주)바이오에이지,Bioage,바이오에이지, ,"김양석, 노갑용",기타법인,110111-2458689,120-86-34531,"서울특별시 강남구 봉은사로 644 (삼성동, 대웅제약빌딩)",www.agingstop.co.kr,,"그 외 기타 분류 안된 전문, 과학 및 기술 서비스업",2002-02-28,12월
바이오엔시스템스 주식회사,"BioNSYSTEMS, Inc",바이오엔시스템스, ,서정근,기타법인,110111-4148395,105-87-34581,"경기도 의왕시 성고개로 53 (포일동, 에이스청계타워) A동 1024호",www.bionsystems.co.kr,,"그 외 기타 분류 안된 전문, 과학 및 기술 서비스업",2009-07-29,12월
(주)바이오엔텍,bioentech.co.ltd,바이오엔텍, ,최원석,기타법인,181211-0048998,610-81-31478,인천광역시 연수구 송도동 7-50 송도테크노파크 벤처B동 408호,bioentech.com,,"물리, 화학 및 생물학 연구개발업",1998-03-16,12월
주식회사 바이오오케스트라,"BIORCHESTRA Co., Ltd.",바이오오케스트라, ,류진협,기타법인,161311-0046217,276-88-00551,"대전광역시 유성구 과학로 125 , 바이오벤처센터 116호,216호(어은동, 한국생명공학연구원)",www.biorchestra.com,,의학 및 약학 연구개발업,2016-10-13,12월
바이오인포메틱스,bioinfomatix.inc.,바이오인포메틱스, ,이승동,기타법인,110111-1727944,211-86-54041,서울특별시 강남구 논현동 81-7,www.bioinfomatix.com,,"물리, 화학 및 생물학 연구개발업",1999-07-05,12월
주식회사 바이오인프라,"BioInfra Co.,Ltd.",바이오인프라,199730,이상득,코스닥시장,135811-0139949,135-81-91937,"경기도 용인시 기흥구 흥덕중앙로 120 4층, 5층",bioinfrakorea.co.kr,,의학 및 약학 연구개발업,2007-05-23,12월
(주)바이오인프라생명과학,BioInfra Life Science Inc.,바이오인프라생명과학,266470,이덕윤,코넥스시장,124611-0241808,121-81-42247,"서울특별시 금천구 가산로9길 66 제1동 712호(가산동, 더리즌밸리지식산업센터)",bioinfra.co.kr,,의학 및 약학 연구개발업,2001-01-30,12월
바이오젠 코리아 유한회사,Biogen Korea LLC,바이오젠코리아, ,DING WEIBO(웨이보딩),기타법인,110114-0207040,582-86-00831,"서울특별시 중구 한강대로 416 (남대문로5가, 서울스퀘어) 14층", ,,의학 및 약학 연구개발업,2017-07-14,12월
바이오코엔 주식회사,"BioCOEN Co.,LTD.",바이오코엔, ,양원돈,기타법인,134511-0313467,326-81-00648,"경기도 용인시 기흥구 흥덕중앙로 120 906호(영덕동, UTOWER)", ,,"그 외 기타 분류 안된 전문, 과학 및 기술 서비스업",2017-01-31,12월
(주)바이오톡스텍,"BiotoxtechCo.,Ltd.",바이오톡스텍,086040,강종구,코스닥시장,150111-0048707,301-81-45781,충청북도 청주시 청원구 오창읍 연구단지로 53,www.biotoxtech.com,,의학 및 약학 연구개발업,2000-08-23,12월
(주)바이오팜솔루션즈,"Bio-Pharm Solutions Co.,Ltd.",바이오팜솔루션즈, ,최용문,기타법인,135811-0150325,135-81-96422,"경기도 수원시 영통구 광교로 145 (이의동, 차세대융합기술연구원) C동 6층",-,,의학 및 약학 연구개발업,2008-03-20,12월
주식회사 바이오푸드랩,biofoodlab,바이오푸드랩, ,이용표,기타법인,110111-5734036,658-87-00076,"서울특별시 구로구 디지털로30길 28 (구로동, 마리오타워) 1410~1414호",www.biofl.co.kr,,물질성분 검사 및 분석업,2015-06-01,12월
(주)바이오피드,BIOPID CORP,바이오피드, ,박두진,기타법인,140111-0030061,221-81-26907,강원도 춘천시 신북읍 신북로 260,www.biopid.com,,"물리, 화학 및 생물학 연구개발업",2005-12-01,06월
바이와알이코리아 주식회사,"BayWa r.e. Korea Co., Ltd.",바이와알이코리아, ,배양호,기타법인,110111-7231858,673-87-01356,"서울특별시 용산구 한강대로 366 (동자동, 트윈시티남산) 5층", ,,경영 컨설팅업,2019-09-11,12월
바이젠셀 주식회사,ViGenCell Inc.,바이젠셀,308080,기평석,코스닥시장,110111-5059773,114-87-07720,서울특별시 금천구 가산로9길 66 더리즌밸리 지식산업센터(가산동),www.vigencell.com/kr/index.asp,,자연과학 및 공학 연구개발업,2013-02-01,12월
주식회사 바이칼솔루션,"BAIKAL SOLUTION CO.,LTD",바이칼솔루션, ,장영호,기타법인,110111-6182341,452-86-00466,"서울특별시 송파구 송파대로 201 (문정동, 송파테라타워2) A동 313호", ,,전기ㆍ전자공학 연구개발업,2016-09-23,12월
(주)바이케어스,Bycares Co.Ltd,바이케어스, ,이은석,기타법인,110111-7486247,442-87-01766,서울특별시 강남구 선릉로86길 38 (대치동), ,,경영 컨설팅업,2020-05-18,12월
주식회사 바이탈,"VITAL Co., Ltd",바이탈, ,김상천,기타법인,110111-8908852,883-81-03527,"서울특별시 강남구 테헤란로 152 (역삼동, 강남파이낸스센터) 41 층 22호", ,,경영 컨설팅업,2024-04-03,12월
바이탈코어 주식회사,Vital Core Co.Ltd,바이탈코어, ,조용욱,기타법인,110111-6300638,513-87-00716,"서울특별시 강남구 밤고개로1길 10 (수서동, 수서현대벤쳐빌) 1607호", ,,경영 컨설팅업,2017-01-24,12월
주식회사 바젠,bazen cop,바젠, ,윤수영,기타법인,206211-0050787,417-81-47764,"서울특별시 강남구 테헤란로51길 18 (역삼동, 광진빌딩) 4층", ,,경영 컨설팅업,2019-05-24,12월
바즈바이오메딕 주식회사,"BAZBIOMEDIC CO., LTD.",바즈바이오메딕, ,여재익,기타법인,110111-6348513,179-86-00732,"서울특별시 관악구 관악로 1 (신림동, 서울대학교) 940동 420호 (신림동, 서울대학교 연구공원)",www.bazbiomedic.com,,"그 외 기타 분류 안된 전문, 과학 및 기술 서비스업",2017-03-21,12월
(주)박경애홀딩스,pnhholdings,박경애홀딩스, ,김진태,기타법인,110111-5597773,110-86-16026,"서울특별시 영등포구 양산로 43 (양평동3가, 양평동우림이비지센타) 1210호", ,,경영 컨설팅업,2014-12-26,12월
주식회사 박셀바이오,Vaxcell-Bio Therapeutics,박셀바이오,323990,이제중 (단독 대표이사),코스닥시장,205211-0029832,408-81-85541,전라남도 화순군 화순읍 산단길 98-1 (주)박셀바이오,www.vaxcell-bio.com,,의학 및 약학 연구개발업,2010-02-18,12월
(주)반도홀딩스,"Bando Holdings Co., Ltd.",반도홀딩스, ,유대식,기타법인,180111-0036615,604-81-18179,"서울특별시 강남구 테헤란로7길 12 12층 (역삼동, 허바허바빌딩)",www.bando2000.co.kr,,경영 컨설팅업,1980-03-11,12월
반석회계법인,Banseok Accounting Corporation,반석회계법인, ,"한윤교, 김정호",기타법인,110134-0081111,719-86-00035,"서울특별시 강남구 테헤란로69길 13 (삼성동, 명지빌딩) 3층",,,공인회계사업,2015-03-26,03월
발리아스니코리아 유한회사,Balyasny Korea Ltd.,발리아스니코리아, ,JIAN YI HEW,기타법인,110114-0317279,175-81-03159,"서울특별시 중구 을지로5길 19 (수하동, FERRUMTOWER) 24층", ,,시장조사 및 여론조사업,2023-07-13,12월
주식회사 배빵빵해,Baebbangbbanghae Inc.,배빵빵해, ,조준영,기타법인,110111-8164660,368-88-02130,"서울특별시 구로구 디지털로30길 31 (구로동, 코오롱디지털타워빌란트) 8층 805호내 에이11호", ,,경영 컨설팅업,2022-01-13,12월
주식회사 배터리이노베이션,Battery Innovation,배터리이노베이션, ,이나연,기타법인,110111-8633970,168-81-03127,서울특별시 강남구 테헤란로82길 15 8층 886호 (대치동), ,,경영 컨설팅업,2023-05-11,12월
주식회사 백루타,"Baekloota Co.,Ltd",백루타, ,장동식,기타법인,160111-0073127,712-81-03491,대전광역시 유성구 장대로 106 (장대동) 2층 제이290호, ,,경영 컨설팅업,2025-10-21,12월
(주)백림종합건축사사무소,BAEKLIM LIM. ARCHTCTS ENGINEERS CONSULTANTS,백림종합건축사사무소, ,이명진,기타법인,110111-1383837,120-81-71676,"인천광역시 미추홀구 주안로 86 (주안동, 주안메디컬센타)10층 1001호",www.baeklim.co.kr,,건축설계 및 관련 서비스업,1991-06-05,12월
백양엔지니어링(주),"BeakYang Engineering. Co.,Ltd.",백양엔지니어링, ,차철준,기타법인,110111-2930140,215-86-51463,"서울특별시 송파구 충민로 10 (문정동, 가든파이브툴) 8층 제8-에스25호(문정동,가든파이브툴)", ,,건물 및 토목 엔지니어링 서비스업,2004-01-07,12월
주식회사 백운에이앤씨,"BAEKWOON A&C CO.,LTD.",백운에이앤씨, ,신무,기타법인,135211-0017402,138-81-29543,경기도 의왕시 내손동 810-3, ,,공인회계사업,2005-08-25,12월
백운회계법인,Baekwoon Accounting Corporation,백운회계법인, ,"이상환, 김도형",기타법인,110134-0114144,104-88-03160,"서울특별시 서초구 방배천로 10 403호(방배동, 동화빌딩)", ,,공인회계사업,2024-09-30,03월
(주)백합홀딩스,baikhap holdings,백합홀딩스, ,고춘홍,기타법인,110111-6893691,603-88-01183,서울특별시 동대문구 망우로 47 (휘경동) 4층, ,,경영 컨설팅업,2018-10-12,12월
주식회사 밴드앤링크,BAND&LINK,밴드앤링크, ,원혜진,기타법인,110111-7018602,814-88-01221,서울특별시 강남구 영동대로 616 3층(삼성동), ,,광고 대행업,2019-02-19,12월
밸류아시아캐피탈 주식회사,"Value Asia Capital Co.,Ltd.",밸류아시아캐피탈, ,이형승,기타법인,110111-4662048,211-88-63995,"서울특별시 강남구 강남대로 476 (논현동, urbanhive) 13층",www.valueasia.co.kr/,,경영 컨설팅업,2011-08-03,12월
주식회사 밸류아이스탠다드,"valuei co.,ltd",밸류아이스탠다드, ,박기호,기타법인,110111-3656555,220-87-46218,서울특별시 영등포구 문래동3가 에이스테크노타워 509호, ,,경영 컨설팅업,2007-04-10,12월
밸류인포맥스 주식회사,Value inpomax,밸류인포맥스, ,김춘희,기타법인,180111-0475756,603-81-55619,"부산광역시 해운대구 센텀중앙로 78 (우동, 센텀그린타워), 1602호", ,,사업 및 무형 재산권 중개업,2004-02-03,12월
밸류평택1차 주식회사,"Value Pyeongtaek No.1 Co., Ltd.",밸류평택1차, ,정종찬,기타법인,120111-1014756,550-88-03330,인천광역시 서구 드림로 174 (백석동), ,,경영 컨설팅업,2025-07-23,12월
주식회사 밸류포션,"Valuepotion Co., Ltd.",밸류포션, ,김기범,기타법인,110111-5717040,155-87-00107,서울특별시 강남구 강남대로162길 27-8 3층(신사동),www.valuepotion.com,,광고 대행업,2015-05-07,12월
주식회사 밸리온,valion,밸리온, ,김현자,기타법인,110111-4650598,211-88-63452,"서울특별시 강남구 도산대로8길 16 (논현동, 세기빌딩) 301호", ,,"광고물 문안, 도안, 설계 등 작성업",2011-07-29,12월
주식회사 뱅가즈,"Vanguarz Co.,Ltd",뱅가즈, ,김대웅,기타법인,110111-2252718,220-86-13874,서울특별시 서대문구 충정로3가 골든브릿지빌딩 6층, ,,경영 컨설팅업,2001-06-01,12월
유한회사 버들,limited company Budle,버들, ,오경규,기타법인,205514-0013643,138-87-01886,대전광역시 유성구 동서대로656번길 31-4 (용계동), ,,경영 컨설팅업,2020-07-31,12월
(주)버즈빌,"Buzzvil.Co.,Ltd",버즈빌, ,이영호,기타법인,110111-4856724,119-86-55841,"서울특별시 송파구 석촌호수로 272 (송파동, 대림빌딩)",www.buzzvil.com,,그 외 기타 광고 관련 서비스업,2012-05-08,12월
주식회사 벅스컴애드,Bugs Com Ad,벅스컴애드, ,노봉조,기타법인,110111-3252949,211-87-66942,서울특별시 강남구 논현동 17-5, ,,옥외 광고업,2005-06-23,12월
(주)범건축종합건축사사무소,"BAUM Architects, Engineers & Consultants Inc.",범건축종합건축사사무소, ,"서영호, 김기영",기타법인,110111-0380545,220-81-41152,"서울특별시 송파구 송파대로 111 하비오타워동 법조대로 205동 608호 외(문정동, 파크하비오)",www.baum.co.kr,,건축설계 및 관련 서비스업,1984-09-11,12월
(주)범도시건축종합건축사사무소,BAUM URBAN ARCHITECTS,범도시건축종합건축사사무소, ,"단준배, 정승권",기타법인,110111-6089563,722-81-00434,"서울특별시 성동구 왕십리로 88 2층 (성수동1가, 노벨빌딩)",baum-ua.com/xe/,,건축설계 및 관련 서비스업,2016-06-23,12월
(주)범씨엠건축사사무소,"BAUM CM Registered Architect CO.,LTD",범씨엠건축사사무소, ,"조윤성, 조성제",기타법인,110111-6074176,818-86-00439,"서울특별시 송파구 송파대로 167 (문정동, 문정역테라타워)  A-1311",https://www.baumcm.co.kr,,건축설계 및 관련 서비스업,2016-06-01,12월
주식회사 범아엔지니어링,"PANASIA  ENGINEERING  CO., LTD.",범아엔지니어링, ,안호준,기타법인,110111-0207187,214-81-01868,경기도 수원시 권선구 효원로266번길 25 (권선동),http://www.panasia.co.kr,,건물 및 토목 엔지니어링 서비스업,1976-12-29,12월
(주)범한엔지니어링종합건축사사무소,PAN KOREA ENGINEERING CO.LTD,범한엔지니어링종합건축사사무소, ,함영욱,기타법인,110111-1173212,120-81-51817,"경상남도 창원시 의창구 의안로8번길 23 (소답동, 범한)",www.beomhaneng.co.kr,,도시계획 및 조경설계 서비스업,1995-07-03,12월
법무법인 김신앤드유,"Kim, Shin & Yu",법무법인김신앤드유, ,김진억,기타법인,110146-0026683,102-81-43129,서울특별시 종로구 수송동 146-1 이마빌딩 12층,www.ksy.co.kr,,변호사업,1997-12-12,12월
법무법인 다인,Dyne Partners,법무법인다인, ,오세혁,기타법인,110246-0005495,214-86-77247,서울특별시 강남구 역삼1동 824-22 홍은빌딩 2층,www.lawyer.co.kr,,변호사업,2001-02-13,12월
법무법인 대륙아주,DR&AJU International law firm,법무법인대륙아주, ,김선중,기타법인,110246-0002648,220-85-29573,"서울특별시 강남구 역삼동 702-19 동훈타워 7,11,12,13층",www.draju.com,,변호사업,2009-01-29,12월
법무법인 동서파트너스,Dongsuh Partners,법무법인동서파트너스, ,김한주,기타법인,110246-0014066,214-88-07046,서울특별시 서초구 서초동 1675-12 모인터빌딩 202, ,,법무관련 서비스업,2007-05-01,12월
법무법인(유한)동인,DongIn Law Group,법무법인동인, ,"이철, 김진권, 최병덕, 원창연, 노상균",기타법인,110246-0017531,220-86-79842,"서울특별시 서초구 서초대로74길 4 (서초동, 삼성생명서초타워)17층",www.donginlaw.co.kr,,변호사업,2004-02-20,12월
법무법인 세종,Shin & Kim,법무법인세종, ,신영무,기타법인,110146-0026609,110-81-37778,서울특별시 중구 순화동 1-170 삼도빌딩 4층,www.shinkim.com,,변호사업,1997-07-07,12월
법무법인 에이디엘,The Law Firm A.D.L,법무법인에이디엘, ,신성수,기타법인,110146-0070705,264-81-08357,"서울특별시 서초구 반포대로 98 5층(서초동, 일신빌딩)", ,,변호사업,2013-01-21,12월
법무법인 지암,LAWFIRM JIAM,법무법인지암, ,이정환,기타법인,110146-0079575,264-81-44348,"서울특별시 서초구 서초중앙로26길 17 2층(서초동, 동신빌딩)", ,,변호사업,2014-11-03,12월
법무법인 한결,HanKyul Law Firm,법무법인한결, ,박성민,기타법인,110246-0003717,214-86-19887,서울특별시 강남구 역삼동 825-33 테헤란빌딩 5층,www.hklaw.co.kr,,변호사업,1997-10-28,12월
법무법인 한국,lawfirm hankug,법무법인한국, ,김상채,기타법인,110146-0070581,264-81-07552,서울특별시 서초구 서초중앙로 153 서울빌딩 5층 (서초동), ,,변호사업,2012-12-03,12월
법무법인 한서,Hanseo office of lawers,법무법인한서, ,김형민,기타법인,110246-0005544,214-86-79906,"서울특별시 서초구 서초대로 314 (서초동, 정보통신공제조합빌딩) 7층",https://hanseolaw.com,,변호사업,2001-03-10,12월
베넥스인베스트먼트(주),BENEX INVESTMENT,베넥스인베스트먼트, ,김기용,기타법인,110111-3530949,107-86-82442,"서울특별시 중구 퇴계로 72 (회현동1가, 리더스뷰남산)", ,,경영 컨설팅업,2006-09-20,12월
(주)베노바이오,benobio,베노바이오, ,한승일,기타법인,110111-6822252,621-88-01143,"경기도 성남시 분당구 대왕판교로 670 B동 803호 (삼평동, 유스페이스2)",www.benobio.com,,의학 및 약학 연구개발업,2018-07-24,12월
베리타스아이앤씨 주식회사,VERITAS I&C INC.,베리타스아이앤씨, ,김석한,기타법인,110111-5688126,251-87-00050,"서울특별시 영등포구 여의대로 8 A동 3402호(여의도동, 여의도파크센터)", ,,경영 컨설팅업,2015-04-01,03월
(주)베리타스에셋,"VERITAS ASSET Co.,Ltd",베리타스에셋, ,신현석,기타법인,110111-2918774,215-86-50955,서울특별시 강남구 대치동 890-59 롯데골드로즈2 101동2022호, ,,경영 컨설팅업,2003-12-19,12월
주식회사 베리타스 파트너스,veritas partner co. ltd,베리타스파트너스, ,김진태,기타법인,200111-0195094,408-81-62475,서울특별시 강남구 삼성동 , ,,경영 컨설팅업,2004-06-14,12월
주식회사 베스탠드코리아,"vestand korea Co.,Ltd.",베스탠드코리아, ,김지원,기타법인,110111-0936767,786-88-03453,"서울특별시 강남구 선릉로90길 56 (대치동, 대치동대우아이빌명문가) 205호", ,,경영 컨설팅업,2025-09-08,12월
(주)베스트플로우,BestFlow Inc.,베스트플로우,060410,박대웅,기타법인,110111-1078206,116-81-49331,서울특별시 서초구 양재동 275-2 윈드스톤호피스텔 605호 ,www.yuriint.com,,매니저업,1994-09-26,12월
베어링 포인트 주식회사,Bearing Point Inc.,베어링포인트, ,고영채,기타법인,110111-0509575,211-86-03163,서울특별시 강남구 역삼1동 스타타워 23층,www.bearingpoint.com,,"그 외 기타 분류 안된 전문, 과학 및 기술 서비스업",1986-11-05,06월
(주)베이스,BASE,베이스, ,김영애,기타법인,110111-4660290,119-86-45703,"서울특별시 영등포구 의사당대로 8 (여의도동, 삼환까뮤빌딩) 11층",없음,,경영 컨설팅업,2011-08-01,12월
(주)베이스명동,"Base Myungdong Co., Ltd.",베이스명동, ,정항용,기타법인,110111-5000073,104-86-44930,"서울특별시 강남구 영동대로 602 (삼성동, 삼성동미켈란107) 6층 C185", ,,경영 컨설팅업,2012-11-12,12월
(주)베이스엔지니어링,base engineering,베이스엔지니어링, ,김종윤,기타법인,110111-1459290,211-86-24402,서울특별시 중랑구 면목2동 144-22 삼경빌딩 2층,www.baseeng.co.kr,,기타 엔지니어링 서비스업,1997-09-10,12월
주식회사 베이스인베스트먼트,"Bass Investment Co., Ltd",베이스인베스트먼트, ,강준열,기타법인,110111-6658227,490-81-01045,"서울특별시 강남구 봉은사로 449 (삼성동, BAMBUTOWER) 10층",www.bassinvestment.com,,경영 컨설팅업,2018-02-09,12월
(주)베타젠,Betagen Inc.,베타젠, ,장창수,기타법인,110111-3113612,214-87-61631,"서울특별시 금천구 범안로 1130 (가산동, 디지털엠파이어빌딩), 907-1호",www.betagen.co.kr,,"기타 기술 시험, 검사 및 분석업",2004-11-10,12월
주식회사 벡터컴,Vectorcom Inc.,벡터컴, ,권익주,기타법인,110111-4005016,211-88-21068,"서울특별시 강남구 테헤란로 427 (삼성동, 위워크타워)15층",www.vectorcom.co.kr,,광고 대행업,2008-11-26,12월
주식회사 벡터코어에이,"VectorCoreA Co, Ltd.",벡터코어에이, ,김연수,기타법인,160111-0100836,314-81-34446,대전광역시 유성구 신성동 217-2 애경종합기술원,www.vectorcorea.com,,의학 및 약학 연구개발업,2000-07-05,12월
(주)벤처가이드,VentureGuide Inc,벤처가이드, ,김희인,기타법인,110111-1901994,211-86-93286,서울특별시 중구 을지로 2가 198번지 일은증권빌딩 19층, ,,경영 컨설팅업,2000-03-19,12월
주식회사 벤처라이프,"venturelife.co.,ltd",벤처라이프, ,박형준,기타법인,110111-1918923,211-86-93914,서울특별시 강남구 신사동 666-14 배강빌딩 605호,www.venturelife.com,,경영 컨설팅업,2000-03-24,12월
벤처허브(주),"Venture Hub Co.,Ltd",벤처허브, ,허훈,기타법인,110111-1909914,220-81-80572,서울특별시 서초구 서초동 1445-2 우진빌딩,www.venturehub.com,,경영 컨설팅업,2000-03-16,12월
벨에어인베스트먼트 주식회사 ,"BEL AIR INVESTMENT CO., LTD.",벨에어인베스트먼트, ,고상희,기타법인,110111-5125772,220-88-57857,"서울특별시 광진구 동일로 350 3층, (중곡동)", ,,경영 컨설팅업,2013-05-04,12월
주식회사 벨웨이브,"Bellwave Co., Ltd.",벨웨이브, ,양기곤,기타법인,110111-1768906,214-86-37546,경기도 성남시 중원구 상대원1동 쌍용IT트윈타워아파트형공장 B-206,www.bellwave.com,,전기ㆍ전자공학 연구개발업,1999-09-08,12월
(주)벨커뮤니케이션즈,Bellcom,벨커뮤니케이션즈, ,최재영,기타법인,110111-0847610,110-81-33831,"서울특별시 서대문구 충정로 8 (충정로3가, 종근당빌딩)",www.bellcomm.co.kr,,광고 대행업,1992-04-01,12월
벨키리홀딩스 (주),Valkyrie Holdings Corporation,벨키리홀딩스, ,송현창,기타법인,110111-2893299,211-87-41320,서울특별시 강남구 신사동 630-7 코오롱모터스빌딩 5층,http://,,경영 컨설팅업,2003-11-11,12월
벽산엔지니어링 주식회사,"ByuckSan Engineering Co.,Ltd.",벽산엔지니어링, ,김도영,기타법인,110111-0257116,116-81-08140,"경기도 성남시 분당구 벌말로50번길 41 (야탑동, (주)KT&G)",www.bseng.co.kr,,건물 및 토목 엔지니어링 서비스업,1979-07-20,12월
벽산파워주식회사,"Byucksanpower.co.Ltd.,",벽산파워, ,김도영,기타법인,110111-4192920,107-87-26452,서울특별시 구로구 디지털로31길 62 18층(구로동),bspower.co.kr,,"건축기술, 엔지니어링 및 기타 과학기술 서비스업",2009-10-01,12월
(주)벽송엔지니어링건축사사무소,"BEOKSONG ENGINEERING CO., LTD.",벽송엔지니어링건축사사무소, ,국석래,기타법인,110111-1182635,220-81-01242,"서울특별시 송파구 법원로 135 (문정동, 소노타워)", ,,건축 및 조경 설계 서비스업,1995-07-29,12월
주식회사 보나파트너스,"BONA PARTNERS CO., LTD.",보나파트너스, ,"조영도, 김형규",기타법인,110111-3322966,214-87-81452,서울특별시 서초구 서초동 1319-5 대각빌딩 17층, ,,경영 컨설팅 및 공공 관계 서비스업,2005-10-10,12월
주식회사 보다코리아,Voda Korea Co Ltd.,보다코리아, ,박미숙,기타법인,110111-4658625,120-87-71396,서울특별시 강남구 삼성동 143-39 신일빌딩 4층, ,,경영 컨설팅업,2011-07-28,12월
주식회사 보드웰인베스트먼트컴파니,Bodewell Investment Company ,보드웰인베스트먼트컴파니, ,신인재,기타법인,110111-2261222,214-86-84108,서울특별시 강남구 논현2동 97-23 세종빌딩 5층,-,,경영 컨설팅업,2001-06-18,12월
보람기업자문(주),Boram Investment & Consulting  Inc.,보람기업자문, ,나종호,기타법인,135311-0002774,138-81-15919,경기도 과천시 별양동 1가 19번지 뉴코아 6층,boramventure.co.kr,,경영 컨설팅업,1997-12-30,12월
(주)보람엔지니어링건축사사무소,"BoramEngineering&ArchitectureCo.,Ltd",보람엔지니어링건축사사무소, ,김현석,기타법인,280111-0069615,127-81-93254,"경상북도 구미시 수출대로 152 (공단동) 206호(공단동,지식산업센터)", ,,기타 엔지니어링 서비스업,2005-05-30,12월
보람회계법인,BORAM ACCOUNTING CORPORATION,보람회계법인, ,"홍덕조, 이준영",기타법인,170114-0005575,514-81-45897,대구광역시 남구 봉덕로 9,-,,공인회계사업,2002-09-02,03월
주식회사 보령파트너스,"Boryung Partners .Co.,Ltd.",보령파트너스, ,김정균,기타법인,110111-5878652,217-87-00142,"서울특별시 종로구 북촌로 104 (계동, 계동빌딩)", ,,경영 컨설팅업,2015-11-02,12월
주식회사 보령홀딩스,"Boryung Holdings Co., Ltd.",보령홀딩스, ,안재현,기타법인,110111-6276805,695-87-00527,"서울특별시 종로구 창경궁로 136 (원남동, 보령빌딩)", ,,회사 본부 및 경영 컨설팅 서비스업,2017-01-01,12월
보로노이(주),"Voronoi, Inc.",보로노이,310210,김현태,코스닥시장,134811-0326191,340-81-00023,인천광역시 연수구 송도과학로 32 에스동 18층,voronoi.io,,자연과학 및 공학 연구개발업,2015-02-24,12월
주식회사 보머스디자인,"Vomusdesign Co., Ltd.",보머스디자인, ,정소이,기타법인,110111-5187772,114-87-10623,"서울특별시 서초구 사평대로 102 4층 (반포동, 대국빌딩)",www.vomusdesign.com,,제품 디자인업,2013-07-19,12월
보문개발(주),"bomoon.co.,ltd",보문개발, ,양승록,기타법인,110111-6060183,379-88-00452,"서울특별시 송파구 법원로11길 12 (문정동, 한양타워) 10층", ,,경영 컨설팅업,2016-05-13,12월
주식회사 보배네트워크,bobaedream,보배네트워크, ,김보배,기타법인,110111-3501776,117-81-64543,"서울특별시 양천구 목동동로 233-1 (목동, 드림타워) 1204호",www.bobaedream.co.kr,,광고 대행업,2008-03-01,12월
보성환경이엔텍(주),"BOSUNG ENVIRONMENT E&Tech. Co.,Ltd",보성환경이엔텍, ,박상호,기타법인,134111-0050257,123-81-41074,"경기도 안산시 단원구 광덕4로 260 4층 (고잔동, Win-Win프라자)", ,,물질성분 검사 및 분석업,1996-07-01,12월
보스톤엠앤에이(주),Boston M&A,보스톤엠앤에이, ,김현우,기타법인,110111-2828759,214-87-38595,서울특별시 강남구 논현동 18 미혜빌딩 13층,http://,,경영 컨설팅업,2003-07-25,12월
주식회사 보아스인베스트,TRS Inc.,보아스인베스트, ,김재균,기타법인,110111-5923960,354-88-00297,서울특별시 강남구 봉은사로63길 11 447호 (삼성동), ,,경영 컨설팅업,2015-12-21,12월
(주)보앤샘홀더스,boandsam holders,보앤샘홀더스, ,심정희,기타법인,110111-5711993,842-81-00081,"서울특별시 성동구 아차산로17길 12-3 (성수동2가, 하하호호빌딩)", ,,옥외 광고업,2015-04-30,12월
주식회사 보이스루,"VOITHRU CO.,LTD.,",보이스루, ,이상헌,기타법인,180111-1170975,342-88-01221,서울특별시 강남구 강남대로 374 케이스퀘어 강남2 10층,voithru.com/,,번역 및 통역 서비스업,2018-08-17,12월
보이스인베스트먼트 주식회사,Voice Investment. Inc.,보이스인베스트먼트, ,배대준,기타법인,110111-3753898,220-87-54983,서울특별시 강남구 역삼동 646 현대해상화재보험빌딩, ,,경영 컨설팅업,2007-09-17,12월
보이저인베스트먼트(주),"Voyager Investment Co.,Ltd.",보이저인베스트먼트, ,허정대,기타법인,110111-7343877,620-81-58979,"서울특별시 강남구 언주로30길 10 (도곡동, 현대비전21) 613호", ,,경영 컨설팅업,2020-01-02,12월
보잉코리아 유한회사,Boeing Korea LLC,보잉코리아, ,John Eric Grant,기타법인,110114-0038627,104-81-73065,"서울특별시 중구 세종대로 136 (태평로1가, 파이낸스빌딩) 16층", ,,기타 공학 연구개발업,2002-06-19,12월
보현회계법인,Bohyun Accounting Corporation,보현회계법인, ,노명환,기타법인,110334-0019845,329-86-01151,"서울특별시 중구 세종대로 55 (태평로2가, 부영태평빌딩) 5층",www.bnhacs.com,,공인회계사업,2019-04-01,06월
복다온 주식회사,"Bok Da On Co., Ltd.",복다온, ,김동섭,기타법인,124411-0230334,695-87-01190,경기도 안산시 단원구 산단로 326 2동 306호 (원곡동), ,,경영 컨설팅업,2019-03-05,12월
주식회사 본에스티스,"VONESTIS Co.,Ltd.",본에스티스, ,한도숙,기타법인,110111-4076679,211-88-28310,"서울특별시 강남구 논현로 803 (신사동, 나라키움신사빌딩) 6층",www.vonestis.com,,제조업 회사 본부,2009-06-24,12월
주식회사 볼드코퍼레이션,Bold corporation ,볼드코퍼레이션, ,하상백,기타법인,170111-0701666,325-86-01203,대구광역시 중구 국채보상로 586 (동성로2가) 16층 1686호, ,,경영 컨설팅업,2018-11-14,12월
부경엔지니어링(주),BUKYOUNG ENGINEERING CO. Ltd.,부경엔지니어링, ,백경희외1명(구종회),기타법인,210111-0022493,418-81-17851,"충청남도 보령시 흥곡천변로 21 , 201호(명천동)",www.bke99.com,,환경 관련 엔지니어링 서비스업,1999-03-01,12월
부경회계법인,Bukyung Accounting Corporation,부경회계법인, ,정정시,기타법인,184134-0005270,605-81-82257,부산광역시 부산진구 황령대로 24 부산상공회의소 415호,-,,공인회계사업,2007-04-02,03월
부동산디벨로퍼스쿨,Developerschool,부동산디벨로퍼스쿨, ,이지고,기타법인,110111-8214887,715-81-02512,"경기도 하남시 감일백제로 20 (감이동, 포웰시티푸르지오라포레) 1901호", ,,경영 컨설팅업,2022-03-02,12월
주식회사 부산에쿼티파트너스,BUSAN EQUITY PARTNERS Inc.,부산에쿼티파트너스, ,이윤성,기타법인,110111-8021810,235-81-02748,"서울특별시 강남구 테헤란로79길 11-1 (삼성동, 에이타워2) 11층", ,,경영 컨설팅업,2021-10-06,12월
(주)부스터즈,BOOSTERZ,부스터즈, ,서정교,기타법인,110111-7310446,455-86-01557,"서울특별시 강남구 언주로 637 (논현동, 싸이칸타워), 12층",www.boosterz.co.kr/,,"광고물 문안, 도안, 설계 등 작성업",2019-12-02,12월
주식회사 부스트랩,"BOOSTLAB.CO.,LTD.",부스트랩, ,추형재,기타법인,110111-6818235,839-88-01064,서울특별시 강남구 논현로76길 25 (역삼동),boostlab.kr,,제조업 회사 본부,2018-07-19,12월
부에노컴퍼니 주식회사,"Bueno Company  Co.,Ltd.",부에노컴퍼니, ,주명숙,기타법인,110111-6320123,612-86-00694,서울특별시 영등포구 여의대로 66 4층(여의도동), ,,회사 본부 및 경영 컨설팅 서비스업,2017-02-16,02월
부영회계법인,Buyoung accounting coporation,부영회계법인, ,조상구,기타법인,184134-0008828,123-88-00621,"부산광역시 동구 중앙대로260번길 7-5 (초량동, 부산항운노조종합복지회관)1층",-,,공인회계사업,2017-03-31,12월
부원회계법인,Buwon Accounting Corporation,부원회계법인, ,박경철,기타법인,184134-0005262,605-81-82261,부산광역시 동구 중앙대로260번길 7-5,-,,공인회계사업,2007-04-01,03월
주식회사 부일,buil,부일, ,강효중,기타법인,180111-0001684,603-81-04221,부산광역시 중구 구덕로 40 (남포동2가)호림빌딩 11층, ,,"광고물 문안, 도안, 설계 등 작성업",1978-05-31,03월
부일회계법인,Buil accounting coporation,부일회계법인, ,박경철,기타법인,184134-0008836,509-86-00699,"부산광역시 동구 중앙대로260번길 7-5 (초량동, 부산항운노조종합복지회관)5층",-,,공인회계사업,2017-03-31,03월
부일회계법인,PUIL Accounting Corporation,부일회계법인, ,엄재홍,기타법인,180134-0000109,605-81-27123,부산광역시 부산진구 전포2동 194-27 남경B/D 8층, ,,공인회계사업,1997-04-15,03월
(주)부즈,VOOZ,부즈, ,김부경,기타법인,110111-2687949,211-87-26824,서울특별시 강남구 봉은사로50길 20 부즈빌딩 (역삼동),www.vooz.co.kr,,사업 및 무형 재산권 중개업,2003-01-07,12월
부평씨앤에이(주),-,부평씨앤에이, ,이계상,기타법인,110111-3688376,220-87-49398,서울특별시 용산구 한강대로71길 4 2층 (갈월동),-,,공공관계 서비스업,2007-05-30,12월
주식회사 북극성벤처스,polarstar,북극성벤처스, ,양재연,기타법인,110111-8614871,637-86-02916,"서울특별시 영등포구 여의나루로 71 (여의도동, 동화빌딩) 302호", ,,경영 컨설팅업,2023-06-21,12월
분당엔피엘대부 주식회사,Bungdang Npl deabu,분당엔피엘대부, ,어영화,기타법인,134811-0170291,124-86-76208,"경기도 성남시 분당구 돌마로 86 (구미동, 엘레강스프라자) 802호", ,,경영 컨설팅업,2009-02-20,12월
뷰로베리타스씨피에스코리아 주식회사,Bureau Veritas CPS Korea Limited,뷰로베리타스씨피에스코리아, ,김선아,기타법인,131111-0277763,129-86-63969,"경기도 안양시 동안구 벌말로 126 (관양동, 평촌오비즈타워) 8층", ,,"그 외 기타 분류 안된 전문, 과학 및 기술 서비스업",2011-08-04,12월
뷰로베리타스씨피에스코리아테크 주식회사,"KOSTEC Co.,Ltd",뷰로베리타스씨피에스코리아테크, ,세바스티안두제,기타법인,134111-0067343,138-81-20620,"경기도 화성시 세자로406번길 28 (안녕동, 코스텍기술연구소)", ,,"기타 기술 시험, 검사 및 분석업",1999-07-20,12월
뷰로베리타스아이씨티케이(주),"BUREAU VERITAS ICTK CO., Ltd.",뷰로베리타스아이씨티케이, ,김동현,기타법인,110111-2261511,120-86-22715,서울특별시 강남구 테헤란로7길 12 (역삼동) 9층,https://bureauveritas-ictk.com,,"기타 기술 시험, 검사 및 분석업",2001-07-01,12월
주식회사 뷰파트너스,VIEW PARTNERS Corp.,뷰파트너스, ,조신영,기타법인,110111-5501972,220-88-86589,서울특별시 강남구 봉은사로 107 지하3층 외(논현동), ,,광고 대행업,2014-08-28,12월
브라보앤뉴,"Bravo & New Co.,Ltd",브라보앤뉴, ,김우택,기타법인,110111-5651264,291-88-00017,"서울특별시 강남구 논현로72길 16 (역삼동, 초원빌딩) 4층", ,,광고 대행업,2015-02-26,12월
주식회사 브라운파트너스,Brown partners,브라운파트너스, ,김동진,기타법인,110111-5997535,406-81-04218,"서울특별시 마포구 새창로 11 1331호(도화동, 공덕빌딩)",-,,경영 컨설팅업,2016-03-10,12월
(주)브라이시스코리아,BRYSYS KOREA,브라이시스코리아, ,이상길,기타법인,110111-2250027,215-86-08802,서울특별시 강남구 삼성동 157-18 하남빌라텔 904호, ,,경영 컨설팅업,2001-06-01,12월
브라이트오아시스1호 주식회사,"Brite Oasis No.1 Co., Ltd.",브라이트오아시스1호, ,김희성,기타법인,110111-8755914,487-81-02897,"서울특별시 종로구 종로1길 50 A동 9층 (중학동, 더케이트윈타워)", ,,경영 컨설팅업,2023-09-27,12월
브락사 주식회사,BRXA,브락사, ,이종철,기타법인,110111-6586189,366-81-01010,"서울특별시 강남구 영동대로138길 12 (청담동, 청담자이아파트) 104동 805호", ,,경영 컨설팅업,2017-12-01,12월
브랜드네트웍스홀딩스 주식회사,BrandNetworksHoldings Inc.,브랜드네트웍스홀딩스, ,"변영욱, 김기대",기타법인,110111-5719905,587-88-00086,"서울특별시 금천구 벚꽃로 286 (가산동, 삼성리더스타워) 10층 1008호", ,,경영 컨설팅업,2015-05-15,12월
브랜드무브(주),Brand Moove,브랜드무브, ,김은령,기타법인,110111-3729998,107-86-94026,"서울특별시 중구 을지로5길 26 (수하동, CENTER1) 동관 12층", ,,광고 대행업,2007-08-02,12월
(주)브랜드발전소,"Brand Power Station Co., Ltd",브랜드발전소, ,함창식,기타법인,110111-5536458,113-86-91039,"서울특별시 구로구 디지털로34길 55 (구로동, 코오롱싸이언스밸리2차) 8층 801호",www.brandp.co.kr,,옥외 광고업,2014-10-13,12월
주식회사 브랜드스톰마케팅앤커뮤니케이션그룹,BRAND STORM MARKETING&COMMUNICATION GROUP,브랜드스톰마케팅앤커뮤니케이션그룹, ,황두연,기타법인,110111-3038894,120-86-69442,"서울특별시 강남구 영동대로 517 7층 (삼성동, 아셈타워)",www.bstormgroup.com,,광고 대행업,2004-06-28,12월
브렉소젠(주),"Brexogen Inc.,",브렉소젠, ,김수,기타법인,110111-7047940,574-81-01474,"서울특별시 송파구 법원로8길 9 (문정동, 청림타워(CHUNGLIMTOWER)) 3층, 9층",brexogen.com/,,의학 및 약학 연구개발업,2019-03-19,12월
브로딘 엔터테인먼트,Broadin Entertainment,브로딘엔터테인먼트, ,허영회,기타법인,110111-3242148,220-87-10699,서울특별시 강남구 청담동 5-12 JS 빌딩 ,www.broadin.com,,매니저업,2005-06-03,12월
주식회사 브로스앤킴,BROS&KIM,브로스앤킴, ,김홍현,기타법인,110111-6857340,601-86-01223,"서울특별시 성동구 연무장5가길 25 705호 (성수동2가, 성수역SKV1Tower)", ,,경영 컨설팅업,2018-09-10,12월
(주)브로스텍,"Bross technology, inc",브로스텍, ,조유찬,기타법인,110111-5175363,206-86-79638,"서울특별시 금천구 가산디지털1로 128 1801호, (가산동, 에스티엑스브이타워)",-,,회사 본부 및 경영 컨설팅 서비스업,2017-05-23,12월
브루킹스하이츠밀 주식회사,"Brookings Height Mill Co.,Ltd",브루킹스하이츠밀, ,박희정,기타법인,110111-6300935,222-81-33978,"서울특별시 금천구 가마산로 96 (가산동, 대륭테크노타운8차) 1007호", ,,경영 컨설팅업,2017-01-26,12월
브룩스 브라더즈 코리아,Brooks Brothers (Korea) Ltd.,브룩스브라더즈코리아, ,"클라우디오델베키오, 후쿠이카쓰미츠",기타법인,110111-3407916,220-87-29539,서울특별시 강남구 대치3동 946-18번지 대원빌딩 9층, ,,공인회계사업,2006-06-01,07월
(주)브리시스, ,브리시스, ,윤종근,기타법인,110111-2042614,214-86-67114,서울특별시 광진구 광장동 457-1, ,,사업 및 무형 재산권 중개업,2003-12-12,12월
브릴리언트코리아 주식회사,"MT HOLDINGS Co., Ltd.",브릴리언트코리아, ,박동원,기타법인,110111-1777816,101-81-50419,"서울특별시 종로구 청계천로 11 (서린동, 청계11빌딩)", ,,경영 컨설팅업,1999-09-22,12월
브릿지커뮤니케이션즈(주),"Bridge Communications Co.,Ltd",브릿지커뮤니케이션즈, ,윤순자,기타법인,110111-1473555,120-81-76725,"서울특별시 강남구 테헤란로103길 17 , 2층", ,,광고 대행업,1997-11-01,12월
(주)브이더블유홀딩스,VW Holdings Inc.,브이더블유홀딩스, ,최연구,기타법인,110111-4732073,211-88-68933,서울특별시 강남구 청담동 영인빌딩 4층, ,,경영 컨설팅업,2011-11-18,12월
주식회사 브이시파트너스,VCPARTNERS,브이시파트너스, ,"정영배, 김정중",기타법인,131111-0685924,748-87-02829,"경기도 성남시 분당구 정자일로 248 (정자동,파크뷰)상가동 1307,1308호", ,,경영 컨설팅업,2022-10-24,12월
주식회사 브이씨디네트웍스,"VCD Networks Co.,Ltd.",브이씨디네트웍스, ,성동훈,기타법인,170111-0820979,135-88-02146,"대구광역시 달서구 달구벌대로 1834 1803호 (두류동, 성안오피스텔)", ,,경영 컨설팅업,2021-05-20,12월
(주)브이씨아이앤파트너스,"VCI&Partners co., Ltd.",브이씨아이앤파트너스, ,박상훈,기타법인,180111-0681006,617-81-78815,부산광역시 남구 문현동 815 한일오피스텔, ,,경영 컨설팅업,2009-07-22,12월
주식회사 브이알컨티뉴,vrcontinue,브이알컨티뉴, ,엄진성,기타법인,124411-0344333,895-87-02858,"경기도 김포시 김포한강9로75번길 190 (구래동, 이너매스한강) 713호", ,,경영 컨설팅업,2022-10-05,12월
(주)브이앤씨인베스트먼트,V&C INVESTMENT,브이앤씨인베스트먼트, ,김병현,기타법인,110111-3743948,114-86-62143,서울특별시 중구 다동 88 동아빌딩 11층, ,,경영 컨설팅업,2007-09-01,12월
주식회사 브이에스팜텍,"VSPharmTech Co., Ltd.",브이에스팜텍, ,박신영,기타법인,110111-6931839,230-81-11859,"대구광역시 달서구 성서4차첨단로 191 (월암동), 410호",www.vspharmtech.com,,의학 및 약학 연구개발업,2018-11-21,12월
주식회사 브이에이에스티,"VAST.CO.,Ltd.",브이에이에스티, ,장세정,기타법인,110111-5921899,618-87-00248,서울특별시 강남구 도산대로101길 30 4-6층(청담동),www.vastenm.com,,매니저업,2015-12-18,12월
주식회사 브이에이치1,"VH1.Co., LTD",브이에이치1, ,이기재,기타법인,230111-0328871,427-81-01713,울산광역시 울주군 상북면 길천산업1길 17 길천산업3길 14-23, ,,경영 컨설팅업,2020-04-01,12월
주식회사 브이엘인베스트먼트,"VL Investment Co., Ltd.",브이엘인베스트먼트, ,박영준,기타법인,110111-5698034,867-81-00061,"서울특별시 서초구 사평대로 140 7층 브이엘인베스트먼트 (반포동, 코웰빌딩)",www.vlinvest.com,,경영 컨설팅업,2015-04-16,12월
(주)브이원,Vibration No.1,브이원, ,박해동,기타법인,161511-0096482,312-81-97260,충청남도 아산시 음봉면 월산로 231 (산동리),www.v1.co.kr,,환경 관련 엔지니어링 서비스업,2008-03-02,12월
주식회사 브이이엔에스,"V-ENS CO.,LTD.",브이이엔에스, ,이우종,기타법인,120111-0334897,122-81-80472,인천광역시 계양구 효성2동 V-ENS 3층,www.v-ens.com,,기타 엔지니어링 서비스업,2004-01-05,12월
브이지엑스파마수티컬스,"VGX Pharmaceuticals,LLC.",브이지엑스파마수티컬스, ,"J, Joseph Kim, Ph, D",기타법인, ,18190,"450 Sentry Parkway Blue Bell, PA 19422 U.S.A",www.inovio.com/,,의학 및 약학 연구개발업,2000-04-08,12월
주식회사 브이키퍼,VKEEPER COMPANY,브이키퍼, ,공광택,기타법인,110111-7070735,355-86-01392,서울특별시 강남구 테헤란로20길 18 2층(역삼동), ,,경영 컨설팅업,2019-04-09,12월
주식회사 브이티엠인베스트먼트,VTM Investment Inc.,브이티엠인베스트먼트, ,이상원,기타법인,180111-1431327,836-87-02714,"부산광역시 기장군 정관읍 정관6로 5-20 5층 504호(매학리, 미래안전통상가)",-,,경영 컨설팅업,2022-04-11,12월
블랙마운틴홀딩스 주식회사,laelapslab,블랙마운틴홀딩스, ,양지성,기타법인,110111-8090170,885-88-02367,서울특별시 강남구 선릉로119길 10 (논현동), ,,경영 컨설팅업,2021-11-12,12월
블랙스톤어드바이저스코리아 유한회사,Blackstone Advisors Korea Limited,블랙스톤어드바이저스코리아, ,하영구,기타법인,110114-0268753,224-86-02189,"서울특별시 중구 을지로5길 26 (수하동, 미래에셋센터원(MiraeAssetCENTER1)) 서관 18층", ,,경영 컨설팅업,2020-11-24,12월
유한회사 블랙트리,"Black Tree Co., Ltd.",블랙트리, ,이종도,기타법인,131314-0004364,799-88-01242,"서울특별시 송파구 올림픽로4길 15 (잠실동, 아시아선수촌아파트) 17동 703호", ,,경영 컨설팅업,2019-10-29,12월
주식회사 블랙펄홀딩스,"Black Pearl Holdings Co.,Ltd.",블랙펄홀딩스, ,구본진,기타법인,110111-8422802,587-86-02912,"서울특별시 서초구 강남대로 623 (잠원동, 잠원동우일빌딩) 11층",www.blackpearlam.co.kr,,경영 컨설팅업,2022-09-15,12월
주식회사 블랙힐1호투자목적회사,"blackhill1co.,ltd",블랙힐1호투자목적회사, ,박찬수,기타법인,110111-6762812,722-87-01018,"서울특별시 영등포구 여의대로 24 44층(여의도동, 전국경제인연합회회관)",www.blackhillcm.com,,경영 컨설팅업,2018-05-24,12월
(주)블레서스,BLESUS.CO.KR,블레서스, ,김은영,기타법인,110111-6377398,621-86-16074,서울특별시 강남구 도산대로27길 25 (신사동), ,,옥외 광고업,2017-04-18,12월
블루라인기술투자 주식회사,"Blue Line Technology Investment Co., Ltd.",블루라인기술투자, ,강철홍,기타법인,110111-2889660,107-86-41631,서울특별시 영등포구 여의도동 63대한생명빌딩 11층, ,,"기타 전문, 과학 및 기술 서비스업",2003-11-12,12월
주식회사 블루랜드인베스트,BLUELAND INVEST,블루랜드인베스트, ,김상환,기타법인,110111-3536145,120-87-06269,서울특별시 강남구 삼성1동 157-8 엘지트윈텔 1차 710호, ,,회사 본부 및 경영 컨설팅 서비스업,2006-09-28,12월
(주)블루록,"Bluerock Co., Ltd.",블루록, ,김동훈,기타법인,110111-8321674,283-86-02742,서울특별시 용산구 녹사평대로26길 90-5 엘115호(이태원동), ,,경영 컨설팅업,2022-06-03,12월
(주)블루문홀딩스,Blue moon Holdings,블루문홀딩스, ,심대찬,기타법인,110111-8650007,299-81-03023,서울특별시 영등포구 국회대로38길 8 (당산동3가)4층403호, ,,경영 컨설팅업,2023-05-30,12월
주식회사 블루밍그레이스,"Blooming Grace Co.,Ltd.",블루밍그레이스, ,"이진규, 서형준",기타법인,110111-8580345,185-86-02943,"서울특별시 강남구 도산대로81길 12 (청담동, 알렌센터빌딩)", ,,경영 컨설팅업,2023-03-13,12월
블루밍이노베이션 주식회사,BLUMING INOVATION,블루밍이노베이션, ,권순백,기타법인,110111-7504776,868-87-01880,"서울특별시 강남구 학동로31길 12 제7층 제759호 (논현동, 벤쳐캐슬빌딩)", ,,경영 컨설팅업,2020-06-02,12월
주식회사 블루비스타,"BLUE VISTA Co.,Ltd.",블루비스타, ,안영민,기타법인,131111-0509835,742-86-00957,"경기도 성남시 분당구 성남대로926번길 10 5층 알598호(야탑동,탑빌딩)", ,,회사 본부 및 경영 컨설팅 서비스업,2018-02-23,12월
블루서밋캐피털 주식회사,"Blue Summit Capital Co, Inc.",블루서밋캐피털, ,김원국,기타법인,110111-6260791,125-88-00587,"서울특별시 강남구 테헤란로79길 6 (삼성동, 제이에스타워) 3층 브이1241", ,,경영 컨설팅업,2016-12-15,12월
(주)블루스톤컴퍼니,bluestone company,블루스톤컴퍼니, ,문상철,기타법인,121111-0196171,130-86-47727,경기도 부천시 원미구 도당동 175 ~209, ,,경영 컨설팅 및 공공 관계 서비스업,2009-12-15,12월
주식회사 블루앤라이프,"BLUE AND LIFE CO., LTD.",블루앤라이프, ,이문승,기타법인,110111-6685030,807-81-00846,서울특별시 강남구 테헤란로28길 42 (역삼동) 씨엘빌딩 지하1층, ,,경영 컨설팅업,2018-03-13,12월
(유)블루엔지니어링,BLUE ENGINEERING INC,블루엔지니어링, ,"서용운, 류병욱",기타법인,214514-0004162,461-87-00661,전라북도 완주군 봉동읍 테크노밸리1로 53 (장구리) 4동 2층 1호, ,,건축설계 및 관련 서비스업,2017-06-01,12월
주식회사 블루오렌지커뮤니케이션즈,Blueorange Communications Inc.,블루오렌지커뮤니케이션즈, ,이상화,기타법인,110111-5449833,264-81-37022,"서울특별시 서초구 명달로 95 4, 5층 (서초동, NK빌딩)",www.blorange.co.kr/,,광고 대행업,2014-06-26,12월
주식회사 블루오앤엠,Blue O&M Co.Ltd,블루오앤엠, ,"정태형, 박영희",기타법인,171711-0087592,506-81-71190,"인천광역시 연수구 인천타워대로 241 (송도동, 부영송도타워) 타워2 17층",www.plant-est.com,,기타 엔지니어링 서비스업,2010-04-01,12월
블루윈에이엠씨(주),Blue Win AMC,블루윈에이엠씨, ,박정훈,기타법인,110111-4560325,220-88-14877,"서울특별시 영등포구 여의나루로 67 1205-이에스04(여의도동, 신송빌딩)", ,,경영 컨설팅업,2011-03-17,12월
주식회사 블루커넬,BLUE CANAL,블루커넬, ,진용주,기타법인,110111-6034534,655-86-00385,서울특별시 광진구 아차산로 635 한수상가 1층1호, ,,경영 컨설팅업,2016-04-20,12월
주식회사 블루코브3호,"Bluecove No.3 Co., Ltd.",블루코브3호, ,권용재,기타법인,110111-8232714,384-88-02530,"서울특별시 종로구 새문안로 76 (신문로1가, 콘코디언(concordian)) 9층",www.bluecoveinvestment.com,,경영 컨설팅업,2022-03-17,12월
블루콤주식회사,BLUECOMM.CO.LTD,블루콤, ,곽정흔,기타법인,194211-0027369,609-81-31139,대전광역시 서구 월평동 522번지 콤텔빌딩, ,,경영 컨설팅업,2005-10-26,12월
주식회사 블루큐브,BLUECUBE Corporation,블루큐브, ,황병윤,기타법인,134511-0656718,227-87-02851,"경기도 용인시 수지구 현암로 153 704호-나10(죽전동, 건영타운)", ,,옥외 광고업,2023-10-30,12월
주식회사 블루포인트파트너스,Bluepoint Partners inc.,블루포인트파트너스, ,이용관,기타법인,160111-0375710,318-81-02422,"대전광역시 유성구 엑스포로 1 2102호(도룡동, 엑스포타워)",www.bluepoint.ac,,경영 컨설팅업,2014-07-03,12월
블룸에너지코리아 유한회사,Bloom Energy Korea LLC.,블룸에너지코리아, ,팀조엘슈바이커트,기타법인,110114-0223202,618-87-00947,"서울특별시 중구 소월로2길 30 (남대문로5가, 남산트라팰리스)", ,,기타 엔지니어링 서비스업,2018-05-17,03월
주식회사 블리트,"Blit Co., Ltd.",블리트, ,이순재,기타법인,110111-3763706,214-88-16211,서울특별시 강서구 화곡로68길 15 (등촌동) 14층, ,,연구개발업,2007-10-25,12월
주식회사 비긴스제주,"Beginsjeju Co., Ltd.",비긴스제주, ,이종한,기타법인,220111-0128059,746-81-00110,제주특별자치도 제주시 첨단로 213-4 제주첨단과학기술단지 엘리트빌딩 401호(영평동), ,,자연과학 및 공학 연구개발업,2015-05-12,12월
주식회사 비니,bini.Inc.,비니, ,서구,기타법인,180111-1326792,713-81-02215,부산광역시 강서구 미음산단로 267 (미음동), ,,제조업 회사 본부,2020-11-25,12월
주식회사 비디에스,BDS,비디에스, ,정민호,기타법인,194211-0348484,128-88-02342,"경상남도 창원시 의창구 의창대로282번길 3 3층 (중동, SM빌딩A동)", ,,경영 컨설팅업,2022-02-18,12월
비디오컨설팅 주식회사,BDO Consulting Corp.,비디오컨설팅, ,박혜정,기타법인,114711-0000634,128-81-00874,"서울특별시 강남구 테헤란로 440 3층(대치동, 포스코센터 서관)", ,,경영 컨설팅업,1954-09-06,06월
주식회사 비바이오,"B-bio Co., Ltd.",비바이오, ,오세인,기타법인,134111-0363957,123-86-38991,"경기도 성남시 분당구 판교로 253 (삼평동, 판교이노밸리) C동 801호",www.b-bio.com,,의학 및 약학 연구개발업,2013-07-01,12월
주식회사 비보존,"Vivozon, Inc.",비보존, ,이두현,기타법인,110111-3910026,209-81-46636,"서울특별시 송파구 올림픽로35길 123 (신천동, 향군타워) 7층",www.vivozon.com,,의학 및 약학 연구개발업,2008-06-01,12월
주식회사 비보존홀딩스,"Vivozon Holdings, Inc.",비보존홀딩스, ,이두현,기타법인,110111-7291323,256-87-01369,"경기도 용인시 기흥구 죽전로 10 (보정동, 장은메디칼프라자) 6층 601-20호", ,,경영 컨설팅업,2019-11-13,12월
비브이씨피에스에이디티코리아,BV CPS ADT Korea Ltd.,비브이씨피에스에이디티코리아, ,니콜라스폴진지라드,기타법인,135811-0204411,135-86-18912,"경기도 수원시 영통구 신원로 306 (원천동, 영통이노플렉스-1단지 제2B303호,제2B304호)",https://www.bureauveritas.co.kr/cps/eaw,,"그 외 기타 분류 안된 전문, 과학 및 기술 서비스업",2011-11-04,12월
(주)비비디오코리아,BBDO Korea,비비디오코리아, ,김장용,기타법인,110111-0321903,211-81-21211,"서울특별시 용산구 한강대로 100 (한강로2가, 아모레퍼시픽)",www.bbdo.co.kr,,광고 대행업,1982-07-01,12월
(주)비비지네트웍스,BBGNETWORKS,비비지네트웍스, ,"김은희, 이동진",기타법인,110111-4798869,211-88-73800,"서울특별시 강남구 도산대로67길 13-5 (청담동, BLS클리닉빌딩) 6.7층", ,,광고 대행업,2012-02-25,12월
주식회사 비상인베스트,VISANG INVEST ,비상인베스트, ,김준현,기타법인,110111-8016168,280-86-02442,"서울특별시 금천구 가산디지털1로 212 (가산동, 코오롱디지털타워애스턴)709호", ,,경영 컨설팅업,2021-11-18,03월
(주)비스타에비엘,VISTA ABL,비스타에비엘, ,이홍기,기타법인,110111-4051663,114-86-72296,경기도 남양주시 화도읍 북한강로1191번길 42-10 2, ,,"그 외 기타 분류 안된 전문, 과학 및 기술 서비스업",2009-03-18,12월
주식회사 비스트라코리아,"Vistra Korea Co., Ltd.",비스트라코리아, ,이경호,기타법인,110111-1839153,106-81-84665,"서울특별시 용산구 한강대로71길 4 (갈월동, 갈월동오피스) 8층", ,,기타 회계 관련 서비스업,2000-01-01,12월
주식회사 비씨켐,"BiSiChem Co.,Ltd",비씨켐, ,서정법,기타법인,110111-6480092,213-86-41654,"경기도 성남시 분당구 판교로289번길 20 1동 5층 501호(삼평동, 판교테크노밸리스타트업캠퍼스)",bisichem.com/,,의학 및 약학 연구개발업,2017-08-04,12월
주식회사비아이티범우연구소,BUHMWOO INSTITUTE OF TECHNOLOGY RESEARCH,비아이티범우연구소, ,김명원,기타법인,135011-0129318,134-81-87333,경기도 화성시 장안면 매바위로366번길 8 (석포리), ,,전기ㆍ전자공학 연구개발업,2002-07-25,12월
비알씨주식회사,"BRC Co., Ltd.",비알씨, ,박준용,기타법인,120111-0492017,131-86-13216,"인천광역시 연수구 송도미래로 9 (송도동, 비알씨(주)연구소)",www.webbrc.com,,연구개발업,2009-04-01,12월
비앤브이코리아 유한회사,"B&V Korea, Ltd.",비앤브이코리아, ,CHAUDHARY NARSINGH PARSURAM,기타법인,180114-0034093,168-81-03243,부산광역시 부산진구 서전로 8 (부전동) 위워크 서면 3층, ,,기타 엔지니어링 서비스업,2023-08-01,12월
(주)비앤비인베스트먼트,B&B INVESTMENT,비앤비인베스트먼트, ,임정규,기타법인,110111-5238450,261-81-01369,"서울특별시 강남구 테헤란로 423 6층 602호 (삼성동, 현대타워)", ,,경영 컨설팅업,2013-10-10,12월
비앤에이치 세무법인,BnH tax LLC,비앤에이치세무법인, ,백상훈,기타법인,110371-0019409,390-86-01167,"서울특별시 중구 을지로5길 26 서관 10층(수하동, 미래에셋센터원(MiraeAssetCENTER1))", ,,세무사업,2018-11-01,12월
(주)비앤에이치투자,"BNH INVEST Co., Ltd.",비앤에이치투자, ,한상민,기타법인,110111-4847723,120-87-81967,"서울특별시 강남구 테헤란로70길 14-8 (대치동, 세왕개발빌딩) 8층", ,,경영 컨설팅업,2012-04-18,12월
비앤오바이오 주식회사,"BNO BIO CO., Ltd.",비앤오바이오, ,유희원,기타법인,110111-6822898,209-86-01051,서울특별시 동작구 상도로 7 (대방동), ,,의학 및 약학 연구개발업,2018-07-25,12월
주식회사 비에스아이그룹코리아,BSI Group Korea,비에스아이그룹코리아, ,임성환,기타법인,110111-1619117,104-81-44779,"서울특별시 종로구 인사동5길 29 (인사동, 태화빌딩) 8층",www.bsigroup.com,,기타 엔지니어링 서비스업,1998-12-11,12월
주식회사 비에스엠플러스,"BSM Plus Co., Ltd.",비에스엠플러스, ,한이헌,기타법인,110111-3951632,211-88-17002,"서울특별시 강남구 도산대로 235 5층 (신사동, (주)평화자동차강남사옥)", ,,광고 대행업,2008-08-11,12월
(주)비에스제이에스,"BSJS CO., ltd.",비에스제이에스, ,신용섭,기타법인,110111-0947648,504-86-22679,"서울특별시 강남구 선릉로 704 10층 721호(청담동, 청담벤처프라자)", ,,경영 컨설팅업,2026-01-12,12월
(주)비에스제이홀딩스,BSJ Holdings Inc.,비에스제이홀딩스, ,김병성,기타법인,164811-0007654,312-81-21611,"서울특별시 강남구 학동로 105 5층(논현동, 제이빌딩)",www.bsjholdings.co.kr,,경영 컨설팅업,1995-02-03,12월
(주) 비에스컴퍼니,"BS company Co.,Ltd.",비에스컴퍼니, ,"김명준, 장두봉",기타법인,110111-6172524,807-86-00458,"서울특별시 강남구 논현로119길 16 107호(논현동,우성빌리지)", ,,매니저업,2016-09-13,12월
주식회사 비에이인베스트 ,BA INVEST,비에이인베스트, ,이재철,기타법인,110111-8374582,366-87-02568,서울특별시 강남구 도산대로 509 13층, ,,경영 컨설팅업,2022-07-22,12월
(주)비에이지,"BAG, LTD.",비에이지, ,김성집,기타법인,110111-2097594,104-81-57838,서울특별시 강남구 논현동 63-17 언북빌딩 2층,-,,경영 컨설팅업,2000-11-01,12월
(주)비에이치글로벌,BHGLOBAL INC.,비에이치글로벌, ,이대훈,기타법인,110111-5958230,777-81-00375,서울특별시 마포구 성지길 45 B1층 (합정동), ,,경영 컨설팅업,2016-01-26,12월
비에이치에쿼티스(주),"BH Equities Co.,Ltd",비에이치에쿼티스, ,전은정,기타법인,110111-4557588,215-87-51586,서울특별시 송파구 오금로 62 (신천동), ,,회사 본부 및 경영 컨설팅 서비스업,2011-03-18,03월
(주)비에이치엔터테인먼트,BH ENTERTAINMENT,비에이치엔터테인먼트, ,손석우,기타법인,110111-3469487,104-86-01455,"서울특별시 강남구 도산대로 532 5층(청담동, 인희빌딩)", ,,매니저업,2006-06-02,12월
주식회사비에이치케이 인베스트먼트,"BHK Investment Co., Ltd",비에이치케이인베스트먼트, ,곽병현,기타법인,110111-5889922,446-81-00262,"서울특별시 강남구 학동로 342 (논현동, 에스케이허브블루) 714호",없음,,경영 컨설팅업,2015-11-19,12월
비에이티 주식회사,"archetype company Co.,Ltd.",비에이티, ,박준규,기타법인,110111-6158821,562-87-00493,"서울특별시 중구 퇴계로20나길 16 (남산동2가, 대명빌딩)",www.batcrew.co.kr/,,광고 대행업,2016-08-24,12월
(주)비엔씨바이오팜 ,"B&C Biopharm. Co., Ltd",비엔씨바이오팜, ,김종우,기타법인,134511-0035269,135-81-34130,경기도 수원시 영통구 이의동 906-5 차세대융합기술연구원,www.bncbio.com,,의학 및 약학 연구개발업,1999-07-30,03월
비엔씨홀딩스 주식회사,"B&C Holings Co.,LTD",비엔씨홀딩스, ,최상민,기타법인,110111-7085487,317-87-01422,"서울특별시 강남구 삼성로92길 23 301호(삼성동, 경진빌딩)", ,,경영 컨설팅업,2019-04-22,12월
(주)비엘사이언스,TCM BIOSCIENCES INC.,비엘사이언스,228180,신동진,기타법인,110111-4150457,220-87-85225,"경기도 성남시 분당구 판교로228번길 15, 3동 3층 (삼평동, 판교세븐벤처밸리 1)",www.tcmbiosciences.com,,자연과학 및 공학 연구개발업,2009-08-03,12월
주식회사 비엘에스홀딩스,"BLS Holdings Co., Ltd.",비엘에스홀딩스, ,이영미,기타법인,110111-6867232,129-86-93949,서울특별시 영등포구 국제금융로8길 27-8 4층 (여의도동), ,,경영 컨설팅업,2018-09-10,12월
비엠에이치 코리아(유),-,비엠에이치코리아, ,이광민,기타법인,110114-0057734,206-86-02895,서울특별시 동대문구 용두동 255-53 삼광빌딩 6층,-,,경영 컨설팅업,2005-11-01,12월
(주)비오에프,BOF Inc.,비오에프, ,배성웅,기타법인,110111-3020841,211-87-50436,서울특별시 강남구 청담2동 90-8 히든힐하우스 4층, ,,매니저업,2004-05-28,12월
주식회사 비오케이,BOK Corp.,비오케이, ,심인용,기타법인,110111-7538402,816-88-01912,"서울특별시 강남구 테헤란로 329 13층 1309호(역삼동, 삼흥오피스텔)", ,,경영 컨설팅업,2020-10-15,12월
비욘드바이오 주식회사,BeyondBio Inc,비욘드바이오, ,민창희,기타법인,160111-0348759,314-86-47849,대전광역시 유성구 국제과학13로 42 (둔곡동),www.beyondbio.co.kr,,의학 및 약학 연구개발업,2013-06-05,12월
주식회사 비원영상기술연구소,"B1 Institute of Image Technology, Inc.",비원영상기술연구소, ,김기백,기타법인,110111-7780300,231-87-02108,"서울특별시 강남구 봉은사로 129 (논현동, 거평타운오피스텔) 1320호", ,,전기ㆍ전자공학 연구개발업,2021-02-17,12월
비자인터내셔날 아시아퍼시픽 코리아(주),Visa International Asia-pacific Korea,비자인터내셔날아시아퍼시픽코리아, ,제임스패트릭딕슨,기타법인,110111-1196438,104-81-37768,"서울특별시 중구 을지로5길 26 (수하동, 미래에셋센터원(MiraeAssetCENTER1)) 서관 17층",www.visa-asia.com/ap/kr/,,시장조사 및 여론조사업,1995-09-18,09월
비젼구조조정컨설팅(주),vision corporate restructuring consulting Ltd.,비젼구조조정컨설팅, ,조율로,기타법인,110111-1934531,101-81-71016,서울특별시 종로구 창신동 327-2, ,,사업 및 무형 재산권 중개업,2001-06-08,12월
주식회사 비주얼지,"VisualG Co., Ltd.",비주얼지, ,정경아,기타법인,110111-3599507,107-86-87092,서울특별시 성동구 연무장11길 15 (성수동2가), ,,시각 디자인업,2007-02-20,12월
주식회사 비즈솔루션랩,"BIZ SOLUTION LAB. Co., Ltd.",비즈솔루션랩, ,김진원,기타법인,110111-7243556,371-86-01545,"서울특별시 종로구 종로 33 (청진동, 그랑서울) 타워1, 7층", ,,경영 컨설팅업,2019-09-26,12월
주식회사 비즈알파,"Bizalpha co., ltd.",비즈알파, ,김언중,기타법인,110111-8494661,725-88-02217,"서울특별시 구로구 디지털로26길 111 (구로동, 제이앤케이디지털타워), 1707호", ,,경영 컨설팅업,2022-12-06,12월
주식회사 비즈제이,Business Joint Co.,비즈제이, ,오상석,기타법인,110111-2539653,107-86-18557,"서울특별시 노원구 화랑로 449-7 (공릉동, 로우폴리스) 101호",www.kbjshop.co.kr,,광고 대행업,2002-05-20,12월
비즈피어(주),"Bizpeer.Co.,Ltd.",비즈피어, ,정병현,기타법인,110111-1108607,220-81-18025,"서울특별시 금천구 벚꽃로 254 (가산동, 월드메르디앙1차) 610.611",www.bizpeer.co.kr,,기타 엔지니어링 서비스업,1994-12-14,12월
비지니스플러스, ,비지니스플러스, ,김영선,기타법인,110111-1023649,105-81-63385,서울특별시 강남구 도곡동 467-23, ,,경영 컨설팅업,2000-09-25,12월
(주)비지에이치코리아,"BGHkorea Co.,Ltd",비지에이치코리아, ,"박진성, 김주인",기타법인,110111-2147076,105-86-20697,"서울특별시 마포구 마포대로 58 (도화동, 가든호텔), 1층", ,,경영 컨설팅업,2001-01-10,12월
(주)비츠로미디어," Vitzromedia.Co.,LTD",비츠로미디어, ,장현식,기타법인,110111-4163799,206-86-35396,"서울특별시 강남구 언주로94길 5 (역삼동) 2,3층 (성림빌딩)", ,,옥외 광고업,2009-08-21,03월
비츠로아이씨티,VITZRO ICT,비츠로아이씨티, ,유병언,기타법인,110111-6855683,567-87-01196,"경기도 안산시 단원구 별망로 327 2층, 4층(성곡동)", ,,경영 컨설팅업,2018-08-28,12월
주식회사 비츠로애드컴,VITZROADCOM,비츠로애드컴, ,장현식,기타법인,110111-4341098,105-87-44172,"서울특별시 성동구 성덕정길 151 (성수동2가, (주)비츠로시스)",www.vitzroadcom.com,,"광고물 문안, 도안, 설계 등 작성업",2010-04-30,12월
주식회사 비케이굿파트너스,BK Good Partners,비케이굿파트너스, ,권형근,기타법인,110111-8680369,454-88-02746,서울특별시 강남구 봉은사로 129-1 (논현동) 702-LS23호, ,,경영 컨설팅업,2023-07-05,12월
주식회사 비케이에스피,"BKSP Co.,Ltd",비케이에스피, ,박혜성,기타법인,110111-6880945,184-86-01198,"서울특별시 영등포구 국제금융로 10 (여의도동, 서울국제금융센터) 16층", ,,경영 컨설팅업,2018-09-27,12월
비케이이엔지 주식회사,BK-ENG Inc.,비케이이엔지, ,길병기,기타법인,230111-0231602,610-86-31890,울산광역시 남구 두왕로64번길 5-5 2층 (선암동),www.bk-eng.kr,,환경 관련 엔지니어링 서비스업,2014-12-04,12월
(주)비케이홀딩스,"BK Holdings CO.,LTD.",비케이홀딩스,050090,"홍석규, 고승범 각자대표",코스닥시장,176011-0022266,513-81-18626,경상북도 구미시 산동읍 신당2로 23 골든프라자 제1동 3층,www.phoenixmaterials.kr,,광고업,2000-06-17,12월
주식회사 비큐코퍼레이션,BQ corporation,비큐코퍼레이션, ,황규연,기타법인,110111-6881795,256-88-01240,"서울특별시 영등포구 국회대로66길 17 (여의도동, 성우빌딩) 301호", ,,"광고물 문안, 도안, 설계 등 작성업",2018-09-28,12월
비크라트레이딩,Vikra trading Corp.,비크라트레이딩, ,황재호,기타법인,110111-6689602,792-86-01081,서울특별시 강남구 테헤란로84길 14 (대치동), ,,경영 컨설팅업,2018-03-16,12월
주식회사 비트센싱,bitsensing,비트센싱, ,"이재은, 이성진",기타법인,110111-6630671,850-88-00679,"경기도 성남시 수정구 고등로 3 (고등동, 현대지식산업센터성남고등) 에이동 301호",www.bitsensing.com,,전기ㆍ전자공학 연구개발업,2018-01-16,12월
주식회사 비트윈스페이스,Betwin Space,비트윈스페이스, ,김정곤,기타법인,110111-4738790,206-86-60013,서울특별시 성동구 서울숲길 50 (성수동1가) 3층, ,,인테리어 디자인업,2011-12-01,12월
주식회사 비티씨팜,"BTC Pharm Co.,Ltd.",비티씨팜, ,박영숙,기타법인,134511-0143187,142-81-22383,경기도 용인시 처인구 이동면 서리 432-1, ,,경영 컨설팅업,2009-09-07,12월
(주)비티앤와이파트너스,BT&Y Partners Corporation,비티앤와이파트너스, ,김태형,기타법인,110111-3745845,211-88-02213,서울특별시 강남구 청담동 129-11 세신빌딩 15층, ,,경영 컨설팅업,2007-08-30,12월
주식회사 비티엑스홀딩스,"BTX Holdings Co., Ltd.",비티엑스홀딩스, ,이웅,기타법인,110111-8244553,805-81-02867,서울특별시 성동구 상원1길 25 (성수동1가) 4176호, ,,경영 컨설팅업,2022-03-25,12월
주식회사 비티엘,"BTL Co.,Ltd.",비티엘, ,강주희,기타법인,284111-0433999,888-81-03240,경기도 남양주시 별내중앙로 30 (별내동), ,,경영 컨설팅업,2024-01-10,12월
(주)비티이에프컴퍼니,BTEF Company,비티이에프컴퍼니, ,이성재,기타법인,110111-8343595,274-87-02745,"서울특별시 금천구 가산디지털1로 83 2층 204-30호(가산동, 파트너스타워)", ,,경영 컨설팅업,2022-06-28,12월
유한회사 비프라우드,Be Proud LC.,비프라우드, ,이승준,기타법인,110114-0258788,795-86-01703,"서울특별시 서초구 서초대로 334 (서초동, 브라운스톤서초)", ,,경영 컨설팅업,2020-04-22,12월
(주)빅밴드앤코, BIG BAND & Co.,빅밴드앤코, ,"박재영, 김영훈",기타법인,110111-5556547,119-87-02720,서울특별시 마포구 토정로 36 (합정동),bigband.co.kr/,,광고 대행업,2014-11-05,12월
주식회사 빅버디,"bicbuddy co.,Ltd",빅버디, ,박민식,기타법인,110111-4978966,220-88-46215,경기도 군포시 흥안대로 28 이큐빅 주식회사, ,,자연과학 및 공학 연구개발업,2012-10-15,12월
(주)빅스코이엔씨,BIXCO E&C,빅스코이엔씨, ,최영수,기타법인,110111-0660939,108-81-40227,서울특별시 강남구 도곡로7길 28 (역삼동) 우정빌딩, ,,건축설계 및 관련 서비스업,1989-11-28,12월
주식회사 빅씽크,"BIXINK THERAPEUTICS CO.,LTD.",빅씽크, ,김성철,기타법인,110111-6148054,820-86-00320,"서울특별시 강남구 강남대로 292 (도곡동, 뱅뱅빌딩)",www.bixink.com,,의학 및 약학 연구개발업,2016-08-16,12월
(주)빅앤트,BigAnt Ltd.,빅앤트, ,"박서원, 한장권",기타법인,110111-5304996,106-87-03820,"서울특별시 중구 동호로 272 웰콤시티 다동 4, 5층 (장충동2가)",www.bigantinternational.com,,"기타 전문, 과학 및 기술 서비스업",2014-01-02,12월
주식회사 빅토,"Victor Co.,Ltd.",빅토, ,임광덕,기타법인,110111-6604791,536-88-00827,"서울특별시 광진구 천호대로 562 (능동, 쥬얼테크) 202호", ,,경영 컨설팅업,2017-12-20,12월
주식회사 빅토리제일에스피씨,"VICTORYCHEILSPC CO.,LTD",빅토리제일에스피씨, ,이정두,기타법인,234111-0104003,707-87-01208,경상남도 양산시 충렬로 61, ,,경영 컨설팅 및 공공 관계 서비스업,2018-12-01,12월
주식회사 빅페스타,"Big Festa Co., Ltd.",빅페스타, ,이광보,기타법인,110111-6503357,782-81-00834,제주특별자치도 제주시 연북로 161 2층 216호(연동), ,,경영 컨설팅업,2017-09-01,12월
주식회사 빅플래닛메이드엔터,bigplanetmadeenter Corp.,빅플래닛메이드엔터, ,박장근,기타법인,110111-7947926,586-87-02065,서울특별시 강남구 선릉로127길 9 (논현동) 율림빌딩,www.bpment.co.kr/bpm/main.do,,매니저업,2022-07-09,12월
주식회사 빅히트뮤직,"BIGHIT MUSIC CO.,LTD",빅히트뮤직, ,신선정,기타법인,110111-7942140,244-88-02192,"서울특별시 용산구 한강대로 42 (한강로3가, 용산트레이드센터)", ,,매니저업,2021-07-01,12월
주식회사 빅히트파트너스,BigHit Partners ,빅히트파트너스, ,김상연,기타법인,110111-7819323,537-88-01926,"서울특별시 강남구 테헤란로52길 6 9층층 914호(역삼동, 테헤란로오피스빌딩)", ,,경영 컨설팅업,2021-03-19,12월
주식회사 빌룸,VILLUM Co.. Ltd.,빌룸, ,안락,기타법인,161511-0311062,173-87-02404,"경기도 화성시 메타폴리스로 42 (반송동, 디앤씨빌딩)", ,,"기타 전문, 과학 및 기술 서비스업",2022-01-10,12월
주식회사 빌리언,billion ,빌리언, ,황태원,기타법인,134811-0471243,469-86-00988,"경기도 화성시 효행로 241 213호 (기안동, 남수원씨티프라자)", ,,경영 컨설팅업,2018-10-15,12월
주식회사 빌릭스,"BILIX CO.,Ltd.",빌릭스, ,김명립,기타법인,134511-0371283,665-87-01262,"경기도 용인시 수지구 광교중앙로 338 (상현동, 광교우미뉴브) C동 604~606호",www.bilix.com,,의학 및 약학 연구개발업,2018-10-24,12월
주식회사 빌립에스,"BilLipS.Co., Ltd.",빌립에스, ,양재진,기타법인,110111-7037199,736-88-01218,"서울특별시 강남구 테헤란로64길 13 (대치동, 선릉역풍림아이원레몬) 제오801호", ,,경영 컨설팅업,2019-03-08,12월
주식회사 빗썸에이,"Bithumb A Co., Ltd",빗썸에이, ,이정훈,기타법인,110111-0938517,345-86-03622,"서울특별시 강남구 테헤란로 124 11층 (역삼동, 삼원타워)", ,,경영 컨설팅업,2025-09-25,12월
주식회사 빛채,Bitchae CO. Ltd.,빛채, ,이병철,기타법인,110111-6401600,887-87-00728,"서울특별시 강남구 영동대로142길 29 2층(청담동, 약손명가골기연구소)", ,,경영 컨설팅업,2017-06-01,12월
사단법인 공공기관사회책임연구원,PSR,사단법인공공기관사회책임연구원, ,이종재,기타법인,250121-0037336,388-82-00207,"서울특별시 마포구 성암로 189 (상암동, 중소기업DMC타워) 508호",psr.kr,,공공관계 서비스업,2017-10-17,12월
주식회사 사라홀딩스,Sara Holdings Inc.,사라홀딩스, ,김명건,기타법인,110111-1802837,220-81-69844,서울특별시 마포구 숭문4길 15 (염리동),www.nownfuture.co.kr,,시장조사 및 여론조사업,1999-11-05,12월
주식회사 사람과안전건설화재에너지연구원,"CFEL Co., Ltd.",사람과안전건설화재에너지연구원, ,"김기동, 김경식",기타법인,145211-0020049,858-81-00558,강원특별자치도 홍천군 북방면 송학정로 23-42 (하화계리),www.cfel.or.kr/,,"기타 기술 시험, 검사 및 분석업",2016-10-04,12월
(주)사람엔터테인먼트,SARAM ENTERTAINMENT,사람엔터테인먼트, ,이소영,기타법인,180111-0398122,605-81-51512,서울특별시 마포구 성미산로 157 (연남동), ,,매니저업,2002-03-04,12월
사보이이앤엠 주식회사,Savoy E&M Corporation.,사보이이앤엠, ,조성식,기타법인,110111-3751199,201-86-03545,서울특별시 중구 명동8길 38-5 (충무로1가) 사보이시티별관 4층, ,,경영 컨설팅업,2007-09-07,12월
사보이홀딩스주식회사,Savoy Holdings Inc,사보이홀딩스, ,조성식,기타법인,110111-3484526,201-81-97669,서울특별시 중구 명동8길 38-5 (충무로1가),www.savoy.co.kr,,경영 컨설팅업,2006-06-28,12월
사운드백신 주식회사,"Sound Vaccine, Inc.",사운드백신, ,곽은이,기타법인,160111-0431637,533-87-00438,"대전광역시 유성구 테크노4로 17 A동 703호 (관평동,대덕비즈센터)",www.soundvaccine.co.kr,,의학 및 약학 연구개발업,2016-07-19,12월
(주)사이러스테라퓨틱스,Cyrus Therapeutics Inc.,사이러스테라퓨틱스, ,김병문,기타법인,110111-7324439,442-86-01643,"서울특별시 송파구 정의로8길 4 (문정동, KD70) 5층",www.cyrustx.com,,의학 및 약학 연구개발업,2019-12-16,12월
주식회사 사이먼파트너스,SIMONPARTNERS INC.,사이먼파트너스, ,최정용,기타법인,110111-8996279,620-88-03153,"서울특별시 강남구 테헤란로 614 (대치동, 슈페리어사옥) 9층", ,,회사 본부 및 경영 컨설팅 서비스업,2024-07-09,12월
(주)사이버쓰리스탁닷컴,cyber3stock.com,사이버쓰리스탁닷컴, ,김민호,기타법인,110111-1961625,120-86-04930,서울특별시 영등포구 여의도동 17-8 동성빌딩4층,www.cyber3stock.com,,경영 컨설팅업,2000-05-06,12월
(주)사이버펄스네트워크,"cyberPulse Network, inc.",사이버펄스네트워크, ,윤영각,기타법인,110111-1902075,120-86-02403,서울특별시 강남구 대치3동 943-27 신도빌딩7층,www.cyberpulse.co.kr,,경영 컨설팅업,2000-03-09,12월
사조씨앤에프(주),-,사조씨앤에프, ,신동식,기타법인,214411-0001025,407-81-07498,전라북도 임실군 신평면 대리 1-9,-,,공인회계사업,2000-04-01,12월
주식회사 사피엔스바이오,Sapiensbio Inc.,사피엔스바이오, ,유인철,기타법인,131111-0527556,492-88-01109,경기도 성남시 중원구 사기막골로 148 (상대원동) 중앙이노테크 910호,www.sapiensbio.com,,의학 및 약학 연구개발업,2018-08-08,12월
(주)산경앰엔에이캐피탈,"SANKYEONG M&A CAPITAL CO.,LTD",산경앰엔에이캐피탈, ,김성진,기타법인,110111-1225443,211-86-14879,서울특별시 영등포구 여의도동 60번지 대한생명63빌딩 11층, ,,경영 컨설팅업,1995-12-23,12월
(주)산돌커뮤니케이션,SandollCommunications. Inc.,산돌커뮤니케이션, ,윤영호,기타법인,110111-1446891,208-81-24416,서울특별시 종로구 창경궁로26길 22 (명륜4가),www.sandoll.co.kr,,시각 디자인업,1997-07-31,12월
산동회계법인,KPMG San Tong Corp,산동회계법인, ,김연규,기타법인,110134-0006367,211-86-03028,서울특별시 강남구 논현동 71-2 건설회관 15층,www.kr.kpmg.com,,공인회계사업,1974-06-25,03월
(주)산리오코리아,"SANRIO KOREA CO., LTD.",산리오코리아, ,키요시 사이토,기타법인,110111-1566318,214-86-24755,"서울특별시 강남구 테헤란로 509 4층 (삼성동, 엔씨타워I)",www.sanriokorea.co.kr,,"그 외 기타 분류 안된 전문, 과학 및 기술 서비스업",1998-07-16,12월
(주)산업공해연구소,Institute of Industrial Pollution Co.,산업공해연구소, ,"이기채, 이기성",기타법인,110111-0289143,114-81-43082,"서울특별시 금천구 디지털로 130 (가산동, 남성프라자) 10층 1008호", ,,환경 관련 엔지니어링 서비스업,1981-02-13,12월
주식회사 산하이앤씨,SANHA ENGINEERING & CONSTRUCTION CO.,산하이앤씨, ,하은룡,기타법인,110111-0834708,214-81-78839,경기도 성남시 중원구 상대원동 190-1 SKn테크노파크비즈센터 1001호,www.sanhaenc.com,,건물 및 토목 엔지니어링 서비스업,1992-02-12,12월
주식회사 살롱드룬,Corporation salondelune,살롱드룬, ,남세호,기타법인,110111-5389667,261-81-10946,"서울특별시 강남구 강남대로128길 67 (논현동, NSH빌딩)",www.dalsstudio.com/,,인물사진 및 행사용 영상 촬영업,2014-04-22,12월
살롱드쿡 주식회사,"H.B Invest Co.,Ltd.",살롱드쿡, ,김유선,기타법인,110111-6594835,656-86-00942,"서울특별시 강남구 도산대로 442 (청담동, 피엔폴루스) 1804호", ,,경영 컨설팅업,2017-12-11,12월
주식회사 살룩스어드바이저리,Sallux Advisory Limited,살룩스어드바이저리, ,조장은,기타법인,110111-5581792,220-88-92854,"서울특별시 강남구 테헤란로 152 41층(역삼동, 강남파이낸스센터)", ,,경영 컨설팅업,2014-12-05,12월
주식회사 삼경,"sam-kyung Co,. Ltd.",삼경, ,김진용,기타법인,140111-0001822,221-81-04131,강원도 춘천시 중앙로 74-1 (중앙로2가), ,,건물 및 토목 엔지니어링 서비스업,1975-04-22,12월
삼경물산(주),K S Invetmt,삼경물산, ,최윤규,기타법인,110111-4236629,220-87-91538,충청남도 천안시 서북구 백석동 555-12, ,,경영 컨설팅 및 공공 관계 서비스업,2009-12-09,12월
주식회사 삼광랩트리,"SAMKWANG LABTREE Co., Ltd.",삼광랩트리, ,구성재,기타법인,110111-6948595,284-88-01115,"서울특별시 서초구 바우뫼로 225 (양재동, 한마음빌딩)", ,,"그 외 기타 분류 안된 전문, 과학 및 기술 서비스업",2018-12-06,12월
삼덕회계법인,NEXIA-SAMDUK ,삼덕회계법인, ,김명철,기타법인,110134-0000799,102-81-15564,서울특별시 종로구 우정국로 48 S&S빌딩 12층 삼덕회계법인,www.samdukcpa.co.kr,,공인회계사업,1976-08-09,03월
삼도회계법인,SAMDO Accounting Corp.,삼도회계법인, ,오준석,기타법인,110134-0080957,575-81-00046,서울특별시 서초구 사평대로 361 청원빌딩 3층(반포동),www.samdoacc.com,,공인회계사업,2015-04-01,03월
(주) 삼동,-,삼동, ,강주홍,기타법인,110111-4315142,621-86-04054,"서울특별시 종로구 세종대로23길 47 (당주동, 미도파광화문빌딩) 601-10호",-,,경영 컨설팅업,2010-03-26,12월
(주)삼라홀딩스,SM Holdings,삼라홀딩스, ,김용완,기타법인,200111-0295761,408-81-86007,광주광역시 동구 중앙로196번길 21 (궁동),-,,경영 컨설팅업,2010-04-13,12월
(주)삼림엔지니어링,"SAMLIM ENGINEERING CONSULTANTS.,INC",삼림엔지니어링, ,최현,기타법인,110111-2143537,214-86-74819,"서울특별시 송파구 법원로9길 26 13층 1301호(문정동, 에이치비지니스파크)",www.samlimeng.com,,측량업,2001-01-05,12월
주식회사 삼미홀딩스,"SAMMI HOLDINGS Co.,Ltd",삼미홀딩스, ,박지만,기타법인,180111-0840496,605-86-17862,"부산광역시 해운대구 동백로 23 (우동, 현대아쿠아팰리스동백섬) 3층", ,,경영 컨설팅업,2012-12-28,12월
(주)삼보기술단,sambo engering co.ltd,삼보기술단, ,이두화,기타법인,110111-0956033,605-81-24465,경상북도 경산시 대학로 63 7층(정평동), ,,건물 및 토목 엔지니어링 서비스업,1993-07-07,12월
주식회사 삼보엔지니어링,SamBo Engineering.Co.Ltd,삼보엔지니어링, ,장석만,기타법인,230111-0094480,610-81-65153,울산광역시 남구 신정2동 694-7 삼보빌딩 3층, ,,도시계획 및 조경설계 서비스업,2003-03-24,12월
삼빛회계법인,Samvit Accounting Corporation,삼빛회계법인, ,"김재규, 양대석",기타법인,254134-0020679,219-88-00053,"서울특별시 영등포구 국제금융로6길 33 1122호(여의도동, 맨하탄빌딩)", ,,공인회계사업,2015-05-12,03월
삼빛회계법인,Samvit  Accounting Corperation,삼빛회계법인, ,김재규,기타법인,110134-0029020,104-81-82623,서울특별시 중구 태평로1가 25 프레스센터 11층, ,,공인회계사업,2003-07-26,05월
삼성이앤에이(주),"SAMSUNG E&A CO.,LTD",삼성E&A,028050,남궁홍,유가증권시장,110111-0240509,120-81-56184,서울특별시 강동구 상일동 500 삼성 GEC,www.samsungena.com,,기타 엔지니어링 서비스업,1978-10-19,12월
주식회사 삼성골덱스,Samsung Goldex,삼성골덱스, ,김기철,기타법인,110111-6488997,149-81-00774,서울특별시 종로구 종로 143 (종로3가) 2층 월드귀금속,www.goldexworld.com,,제조업 회사 본부,2017-08-21,12월
삼성글로벌리서치,Samsung Global Research,삼성글로벌리서치, ,김원준,기타법인,110111-0766670,106-81-62787,서울특별시 서초구 서초대로74길 4 31층, ,,경제 및 경영학 연구개발업,1991-04-01,12월
주식회사 삼성금거래소홀딩스,"SAMSUNG GOLD EXCHANGE HOLDING CO., Ltd",삼성금거래소홀딩스, ,조윤서,기타법인,110111-6373164,246-88-00642,"서울특별시 강남구 언주로30길 13 C동 2204호(도곡동, 대림아크로빌,대림아크로텔)", ,,경영 컨설팅업,2017-04-17,12월
삼성다이나믹한증권투자회사주식,Samsung Team Power 90 Equity type Mutual Fund,삼성다이나믹한증권투자회사주식, ,삼성액티브자산운용,기타법인,110111-2431411,107-86-11608,"서울특별시 서초구 서초대로74길 11 (서초동, 삼성전자빌딩)",samsungactive.co.kr,,경영 컨설팅업,2002-01-24,01월
삼성바이오에피스주식회사,"SAMSUNGBIOEPIS CO,.LTD",삼성바이오에피스, ,김경아,기타법인,120111-0601501,131-86-35262,"인천 연수구 송도교육로 76  (송도동, 삼성바이오에피스(주))",www.samsungbioepis.com,,의학 및 약학 연구개발업,2012-02-28,12월
(재)삼성복지재단,SAMSUNG WELFARE FOUNDATION,삼성복지재단, ,김성원,기타법인,110122-0023720,104-82-05958,서울특별시 용산구 이태원로55길 64 (한남동), ,,경영 컨설팅업,1989-12-15,12월
삼성생명서비스(주),"SAMSUNG LIFE INSURENCE SERVICE.CO.,LTD",삼성생명서비스, ,황규헌,기타법인,110111-0736631,116-81-37631,서울특별시 영등포구 여의도동 36-1, ,,인테리어 디자인업,1990-12-14,03월
삼성인덱스프리미엄30증권투자회사채권혼합,Samsung Index Premium 30 Balanced Mutual Fund,삼성인덱스프리미엄30증권투자회사채권혼합, ,삼성자산운용,기타법인,110111-2431461,107-86-11613,"서울특별시 서초구 서초대로74길 11 (서초동, 삼성전자빌딩)",samsungfund.com,,경영 컨설팅업,2002-01-24,01월
삼성인덱스프리미엄증권투자회사주식파생형,Samsung Index Premium Equity Type Mutual Fund,삼성인덱스프리미엄증권투자회사주식파생형, ,삼성자산운용,기타법인,110111-2318643,107-86-04922,"서울특별시 서초구 서초대로74길 11 (서초동, 삼성전자빌딩)",samsungfund.com,,경영 컨설팅업,2002-08-28,08월
삼성중소형알짜주식형뮤추얼펀드,Samsung Small Cap Equity type Mutual Fund,삼성중소형알짜주식형뮤추얼펀드, ,박희운,기타법인,110111-2489436,107-86-16393,서울특별시 영등포구 여의도동 23-7,www.abrain.co.kr,,경영 컨설팅업,2002-04-03,04월
삼성케이미 주식회사,"SAM SUNG K-ME Co., Ltd.",삼성케이미, ,왕동용,기타법인,110111-4852491,220-88-36702,"서울특별시 강남구 강남대로84길 23 (역삼동, 한라클래식오피스텔) 1508호", ,,광고 대행업,2012-04-24,12월
삼성회계법인,SAMSEONG ACCOUNTING CORPORATION,삼성회계법인, ,"김병준, 이찬기, 조동근",기타법인,110134-0096897,426-87-01478,"서울특별시 강남구 영동대로 708 802호 (청담동, 정화빌딩)", ,,공인회계사업,2019-10-17,03월
삼아항업㈜,"SAMAH AERIAL SURVEY CO.,LTD",삼아항업, ,길영옥,기타법인,115911-0012600,128-81-22335,"경기도 고양시 일산동구 일산로 142 1024호 삼아항업㈜ (백석동, 유니테크벤처타운)",www.samah.com,,지질 조사·탐사 및 지도 제작업,1996-02-12,12월
(주)삼안,Saman Corporation,삼안, ,최동식,기타법인,110111-0085517,211-81-25425,"경기도 과천시 별양상가3로 5 (별양동, 유니온빌딩) 6층",www.samaneng.com,,건물 및 토목 엔지니어링 서비스업,1967-12-30,12월
주식회사 삼양,SAMYANG CO.LTD,삼양, ,김승주,기타법인,284111-0166988,528-86-00496,경기도 남양주시 두물로11번길 40-40 (별내동) 성원빌딩 3층, ,,회사 본부 및 경영 컨설팅 서비스업,2017-01-01,12월
(주)삼양밸류파트너스,"Samyang Value Partners Co.,LTD",삼양밸류파트너스, ,"허성광, 김승찬",기타법인,110111-4452689,120-87-60171,서울특별시 강남구 삼성동 158-12 서영빌딩 12층, ,,경영 컨설팅 및 공공 관계 서비스업,2010-10-18,12월
(주)삼양씨엔씨,"SAM YANG C & C CO,.LTD",삼양씨엔씨, ,양영석,기타법인,110111-0258651,211-86-15131,서울특별시 강남구 논현동 2-15 수일빌딩 7층,www.sycnc.co.kr,,"광고물 문안, 도안, 설계 등 작성업",1979-09-01,12월
(주)삼영검사엔지니어링,"SAM YONG INSPECTION ENGINEERING CO., LTD.",삼영검사엔지니어링, ,김두일,기타법인,110111-0329139,203-81-51989,"서울특별시 중구 다산로11길 19 (신당동, 백석빌딩) 신관 2층",www. samyong.co.kr,,"기타 기술 시험, 검사 및 분석업",1982-09-23,12월
(주)삼영기술,samyoung technology,삼영기술, ,이기상,기타법인,180111-0148189,605-81-18435,"부산광역시 부산진구 전포대로199번길 15 (전포동, 현대타워) 3층",www.samyoungeng.com,,환경 관련 엔지니어링 서비스업,1993-11-17,12월
삼영회계법인,SAMYOUNG Accounting Corporation,삼영회계법인, ,손언승,기타법인,110134-0028840,201-81-81129,서울특별시 중구 퇴계로 307 광희빌딩 11층, ,,공인회계사업,2003-03-20,03월
(주)삼우공간건축사사무소,samwoospace Architecture Associates,삼우공간건축사사무소, ,정용찬,기타법인,110111-0774441,214-81-45056,경기도 구리시 안골로 1 삼우빌딩,samwoospace.co.kr,,건물 및 토목 엔지니어링 서비스업,1992-07-25,12월
주식회사 삼우씨엠건축사사무소,"SAMOOCM ARCHITECTS & ENGINEERS CO., LTD.",삼우씨엠건축사사무소, ,"정승진, 강인철",기타법인,110111-0248529,215-81-25903,"서울특별시 송파구 백제고분로 69 (잠실동, 애플타워)",www.samoocm.com,,건축설계 및 관련 서비스업,1979-03-07,12월
(주)삼우에이엔씨,Inc SAMWOOANC ,삼우에이엔씨, ,조만희,기타법인,110111-3116608,214-87-61908,"서울특별시 동작구 남부순환로 2021 2층 (사당동, 중앙대학교동창회관)",www.samwooanc.com,,"건축기술, 엔지니어링 및 관련 기술 서비스업",2004-11-16,12월
(주)삼우종합건축사사무소,SAMOO ARCHITECTS & ENGINEERS,삼우종합건축사사무소, ,손창규,기타법인,110111-5494151,230-81-07807,"서울특별시 강동구 천호대로 1077 (천호동, 이스트센트럴타워)",www.samoo.com,,건축설계 및 관련 서비스업,2014-08-20,12월
삼우회계법인,Samwoo Accounting Corporation,삼우회계법인, ,마성욱,기타법인,114634-0039489,220-88-15629,서울특별시 강남구 도곡로23길 20 5층(역삼동), ,,공인회계사업,2011-04-05,03월
삼원기술 주식회사,Samwon Technology Inc,삼원기술, ,오재욱,기타법인,134511-0342523,821-88-00915,"경기도 성남시 분당구 판교로 253 (삼평동, 판교이노밸리) A동 601호", ,,경영 컨설팅업,2017-12-12,09월
주식회사 삼원에스앤디,"SAM WON S&D CO.,LTD",삼원에스앤디, ,김태열,기타법인,110111-0433310,214-86-06742,서울특별시 서초구 서초동 1631-6,www.samwongj.co.kr,,인테리어 디자인업,1986-07-25,12월
삼원회계법인,SAMWON Accounting Corporation,삼원회계법인, ,"박준상, 이재호, 현수룡",기타법인,170134-0024226,427-88-00732,"대구광역시 수성구 청수로 133 (황금동, 황금동JM타워) 402호", ,,공인회계사업,2017-04-01,03월
주식회사 삼육오엠씨(365mc),365MC Networks Co.Ltd,삼육오엠씨(365mc), ,김남철,기타법인,110111-3501932,120-87-04354,"서울특별시 서초구 서초대로52길 7 (서초동, 제일빌딩) 4층",365mc.co.kr,,기타 전문 서비스업,2006-07-28,12월
삼율회계법인,Samyul accounting corporation,삼율회계법인, ,박상형,기타법인,110134-0011684,194-88-03289,서울특별시 강남구 논현로145길 6 301호(논현동), ,,공인회계사업,2025-08-04,06월
(주)삼융,SAMYOONG CORPORATION,삼융, ,안평기,기타법인,131111-0260271,129-81-90461,"경기도 성남시 분당구 황새울로 315 (서현동, 대현빌딩)", ,,경영 컨설팅업,2005-10-25,12월
(주)삼일엘텍,"SAMIL ELTEC CO., LTD.",삼일엘텍, ,이양원,기타법인,110111-0837463,138-81-10699,경기도 화성시 팔탄면구장리 127-6번지,www.samileltec.co.kr,,공인회계사업,1992-03-10,12월
삼일회계법인,Samil PricewaterhouseCoopers,삼일회계법인, ,윤훈수,기타법인,114234-0004042,106-81-19621,서울특별시 용산구 한강대로 100,www.samil.com,,공인회계사업,1971-04-01,06월
(주)삼정건축사사무소,"SAMJUNG Co.,Ltd.",삼정건축사사무소, ,김종래,기타법인,120111-0291683,131-81-73198,인천광역시 남동구 구월1동 1129-19 이노프라자텔 201호, ,,건축설계 및 관련 서비스업,2002-07-10,12월
삼정벤처넷(주),"Samjong VentureNet, Incorporated",삼정벤처넷, ,김종민,기타법인,110111-1959159,120-86-05074,서울특별시 강남구 역삼동 737 스타타워 9층, ,,경영 컨설팅업,2000-05-03,12월
주식회사 삼정이알케이,SAM JEONG E.R.K CORPORATION,삼정이알케이, ,이상헌,기타법인,210111-0092462,402-86-03833,전라북도 전주시 완산구 우전로 323 (효자동3가)1642-4번지 럭키빌딩 4층, ,,환경 관련 엔지니어링 서비스업,2013-08-03,12월
삼정케이피엠지(주),Samjong KPMG Inc.,삼정케이피엠지, ,윤영각,기타법인,110111-2209602,120-86-19597,서울특별시 강남구 역삼동 737 스타타워 10층,www.kr.kpmg.com,,경영 컨설팅업,2001-04-04,03월
삼정케이피엠지어드바이저리(주),Samjong KPMG Advisory Inc.,삼정케이피엠지어드바이저리, ,"윤영각, 이근모",기타법인,110111-2211053,120-86-19753,서울특별시 강남구 역삼1동 스타타워 10층, ,,경영 컨설팅업,2001-04-07,03월
삼정케이피엠지컨설팅(주),Samjong KPMG Consulting Inc.,삼정케이피엠지컨설팅, ,김인수,기타법인,110111-4319417,220-87-97376,서울특별시 강남구 역삼동 737 강남파이낸스센터11층,www.kpmg.com/kr,,경영 컨설팅업,2010-04-01,03월
삼정테크이앤씨 주식회사,samjung technical environment & construction corporation,삼정테크이앤씨, ,김형태,기타법인,284911-0069011,141-81-10865,경기도 파주시 탄현면 평화로 569 1동 5호 (갈현리),www.samjungt.com,,환경 관련 엔지니어링 서비스업,2007-11-26,12월
삼정회계법인,KPMG Samjong Accounting Corp.,삼정회계법인, ,김교태,기타법인,110171-0001218,102-81-34334,"서울특별시 강남구 테헤란로 152 (역삼동,강남파이낸스센터) 27층",www.kr.kpmg.com,,공인회계사업,1994-03-28,03월
주식회사 삼중나비스,"SAMJUNG NAVIS CO., LTD.",삼중나비스, ,김성대,기타법인,134811-0065757,124-81-90409,"경기도 안양시 동안구 학의로 268 609-1호(관양동, 메가밸리)", ,,환경 관련 엔지니어링 서비스업,2001-12-05,12월
삼지회계법인,SamJi Accounting Corporation,삼지회계법인, ,유기열,기타법인,110171-0068898,120-87-81574,"서울특별시 서초구 효령로53길 23 6층(서초동, 진란회관)", ,,회계 및 세무관련 서비스업,2012-04-12,03월
삼진인베스트(주),SAMJIN INVEST,삼진인베스트, ,"임헌봉, 박문덕",기타법인,161511-0104152,312-86-04655,충청남도 천안시 동남구 목천읍 소사리 216-2, ,,경영 컨설팅업,2009-01-02,12월
(주)삼진탑테크엔지니어링,samjintoptecheng,삼진탑테크엔지니어링, ,김진현,기타법인,110111-1876121,215-81-88868,"서울특별시 금천구 가산디지털1로 212 (가산동, 코오롱디지털타워애스턴) 305~306호", ,,건축설계 및 관련 서비스업,2000-03-31,12월
삼창기업주식회사,"Sam Chang Enterprise Co., Ltd.",삼창기업, ,이두철,기타법인,181211-0004461,610-81-03574,울산광역시 남구 달동 629-9,www.samchang.com,,기타 엔지니어링 서비스업,1986-02-16,12월
(주)삼천리이앤이,SAMCHULLY E&E,삼천리이앤이, ,"김영배, 김상진",기타법인,110111-2424870,204-81-65429,경기도 포천시 내촌면 금강로 2520-12 (내리), ,,공인회계사업,2002-02-01,12월
삼표에스씨(주),Sampyo Cement Copration,삼표에스씨, ,최병길,기타법인,144611-0019409,311-87-00158,강원도 삼척시 동양길 20 (사직동), ,,경영 컨설팅업,2015-08-06,12월
(주)삼현에이치,SAMHYUNH,삼현에이치, ,"김범곤, 김재우",기타법인,135711-0101081,233-81-01928,경기도 하남시 감일남로 16-1 (감일동), ,,경영 컨설팅업,2014-06-19,12월
삼화회계법인,Sam Hwa Accounting Corporation,삼화회계법인, ,이동주,기타법인,110234-0003535,214-86-15576,"서울특별시 강남구 봉은사로 407 (삼성동, 삼화빌딩)",www.shcpa.co.kr,,공인회계사업,1997-04-23,03월
상계시장(주),"Sang Gye Co., Ltd.",상계시장, ,지경숙,기타법인,110111-0081672,217-81-00529,"서울특별시 강남구 언주로 118 (도곡동, 우성캐릭터199) 11층 1109호", ,,경영 컨설팅업,1967-09-13,12월
(주)상귄홀딩스,sangguinholdings,상귄홀딩스, ,오상수,기타법인,110111-2382169,215-86-17368,서울특별시 강남구 논현동 61-4 호산빌딩 302, ,,"그 외 기타 분류 안된 전문, 과학 및 기술 서비스업",2001-11-23,12월
상록회계법인,Sangrok Accounting Corporation,상록회계법인, ,이화범,기타법인,116134-0012706,107-86-21071,서울특별시 서초구 강남대로 581 푸른빌딩 5층 (잠원동),www.srac.co.kr,,공인회계사업,2002-06-28,03월
주식회사 상무푸드,"Sangmufood Co., Ltd.",상무푸드, ,선영래,기타법인,200111-0586649,665-86-01630,광주광역시 서구 운천로 253 404호(치평동), ,,경영 컨설팅업,2020-09-04,12월
주식회사 상상바이오,"SangSangBio, Inc.",상상바이오, ,"최무신, 박균배",기타법인,110111-7651254,360-86-02016,"서울특별시 강남구 선릉로 577 (역삼동, 조선내화빌딩)", ,,제조업 회사 본부,2020-10-23,12월
(주) 상암상사,sangam co.,상암상사, ,홍성관,기타법인,110111-0379671,128-81-15246,경기도 고양시 덕양구 자유로 38 (덕은동), ,,"그 외 기타 분류 안된 전문, 과학 및 기술 서비스업",1984-08-25,12월
주식회사 상원컴트루,"Sang Won Comtru, Co.,LTD",상원컴트루, ,정세진,기타법인,110111-1959240,107-81-82791,경상남도 창원시 성산구 연덕로 18 (웅남동), ,,경영 컨설팅업,2000-05-03,12월
주식회사 상지엔지니어링건축사사무소,"Sangji Environment & Architects, Inc",상지엔지니어링건축사사무소, ,김동회,기타법인,180111-0122836,602-81-08127,부산광역시 중구 남포동5가,www.sangji21c.co.kr,,건축설계 및 관련 서비스업,1992-02-27,12월
상지이앤씨(주),SANGEE E AND C,상지이앤씨, ,노현상,기타법인,110111-2312942,215-86-12780,"서울특별시 성동구 성수이로7길 27 (성수동2가, 서울숲코오롱디지탈타워) 206,207호", ,,건축설계 및 관련 서비스업,2001-08-21,12월
상지회계법인,SANGJI Accounting & Audit LLC,상지회계법인, ,김민성,기타법인,250134-0036381,425-88-01185,"서울특별시 영등포구 은행로 30 본관 10층(여의도동, 중소기업중앙회)",www.scsglobal.co.kr,,공인회계사업,2019-09-04,03월
상진기술엔지니어링(주),"sangjin engineering Co., Ltd.",상진기술엔지니어링, ,서상진,기타법인,134511-0030102,215-81-74379,"서울특별시 금천구 두산로 70 A동 1509호(독산동, 현대지식산업센터)",sjenc.com,,기타 엔지니어링 서비스업,1999-01-01,12월
새결회계법인,Saegyeol Accounting Firm,새결회계법인, ,박기용,기타법인,110134-0011742,733-88-03347,"서울특별시 서초구 사임당로 171 (서초동, EWR빌딩) 7층",sgcpa.co.kr,,공인회계사업,2025-11-04,03월
새두레회계법인,SaeDoore Accounting Corporation,새두레회계법인, ,이우섭,기타법인,131434-0023071,807-81-01715,"경기도 안산시 단원구 화랑로 358 511 호 (고잔동, 자유센터빌딩)", ,,공인회계사업,2020-09-01,06월
(주)새람아이앤디,Saelam Ind,새람아이앤디, ,정우용,기타법인,110111-2589715,101-81-86732,서울특별시 구로구 구로3동 에이스테크노3차 209호, ,,경영 컨설팅업,2006-02-23,12월
새로회계법인,Saero Accounting Corporation,새로회계법인, ,이인상,기타법인,110134-0103907,438-86-02319,"서울특별시 강남구 언주로141길 6 204호(논현동, 백향빌딩)",saero.com,,공인회계사업,2021-08-20,12월
주식회사 새론사이언스,gooeul aging lab,새론사이언스, ,김다섭,기타법인,135711-0103574,233-81-06923,"경기도 하남시 조정대로 150 (덕풍동, 아이테코) 715", ,,자연과학 및 공학 연구개발업,2014-12-05,12월
주식회사 새빛이엔이,ACT-RMT CO.LTD,새빛이엔이, ,이성은,기타법인,160111-0319289,314-86-33947,"서울특별시 금천구 가산디지털1로 219 (가산동, 벽산디지털밸리6차) 12층 1208호", ,,기타 엔지니어링 서비스업,2012-03-21,12월
(주)새빛인베스트먼트,"SAEVIT INVESTMENT. CO, LTD",새빛인베스트먼트, ,전익균,기타법인,110111-2322769,117-81-36877,서울특별시 강남구 삼성동 128-22번지 삼혜빌딩 4층,www.saeviti.co.kr,,경영 컨설팅업,2001-09-01,12월
새빛회계법인,Mazars SeBit Corp.,새빛회계법인, ,박승하,기타법인,114634-0026220,211-86-93549,"서울특별시 용산구 원효로90길 11 (원효로1가, 용산더프라임) 19층",www.mazars.kr,,공인회계사업,2000-03-23,08월
새턴홀딩스 주식회사,Saturn Holdings Inc.,새턴홀딩스, ,김석한,기타법인,110111-1615561,105-81-96488,"서울특별시 영등포구 여의대로 8 A동 3402호(여의도동, 여의도파크센터)", ,,경영 컨설팅업,1998-12-04,12월
새한검사기술주식회사,"SAEHAN INSPECTION TECHNOLOGY CO., LTD",새한검사기술, ,이병희,기타법인,180111-0683242,606-86-18388,"부산광역시 강서구 미음산단5로42번길 56 (미음동, 새한검사기술주식회사)", ,,"기타 기술 시험, 검사 및 분석업",2009-08-13,12월
(주)새한비젼컨소시엄,"SAEHAN VISION CONSORTIUM CO.,LTD",새한비젼컨소시엄, ,박창호,기타법인,134111-0406103,664-86-00074,전라북도 전주시 완산구 평화16길 6 4층(평화동1가), ,,기타 전문 서비스업,2015-03-11,12월
(주)새한엘에스씨,"SaeHan L.S.C. Co.,Ltd ",새한엘에스씨, ,구진서,기타법인,110111-3322924,215-86-77371,서울특별시 송파구 잠실동 175-14 두성빌딩 10층 ,www.saehangolf.co.kr,,사업 및 무형 재산권 중개업,2005-10-14,12월
새한항업(주),"SAEHAN AERO SURVY. CO., LTD.",새한항업, ,김여일,기타법인,150111-0043723,301-81-40355,"충청북도 청주시 흥덕구 직지대로 530 1동 614호 (송정동, 청주테크노S타워)",www.shasco.co.kr,,측량업,1999-12-30,12월
(주)샌드크래프트,SANDCRATF Inc.,샌드크래프트, ,김정수,기타법인,284911-0056373,145-88-01746,"서울특별시 강남구 선릉로 613 (논현동, 진영빌딩)2 층", ,,제조업 회사 본부,2021-03-02,12월
주식회사 샘표아이에스피,sempioisp,샘표아이에스피, ,박용학,기타법인,110111-2557077,201-81-74782,"서울특별시 중구 충무로 2 (필동1가, 매일경제신문사빌딩)",www.sempioisp.com/,,엔지니어링 서비스업,2002-06-28,12월
주식회사 생각더하기느낌,"THINKPLUSFEEL.CO,LTD",생각더하기느낌, ,박효정,기타법인,110111-6231974,310-86-00691,서울특별시 강남구 학동로38길 6 (논현동) 3층, ,,"광고물 문안, 도안, 설계 등 작성업",2016-11-16,12월
재단법인 생명다양성재단,The Biodiversity Foundation,생명다양성재단, ,최재천,기타법인,274122-0010514,110-82-17347,"서울특별시 서대문구 이화여대길 52 (대현동, 이화여자대학교) 종합과학관 비319-4",diversityinlife.org/,,"물리, 화학 및 생물학 연구개발업",2013-07-08,12월
주식회사 샤를글레르,Charles Gleyre,샤를글레르, ,김형준,기타법인,134511-0666379,878-81-03054,"경기도 용인시 기흥구 동백중앙로 191 8층 씨835호(중동, 씨티프라자)", ,,경영 컨설팅업,2024-01-03,12월
서경엔지니어링(주),"SEOKYUNG ENGINEERING CO.,LTD",서경엔지니어링, ,민경식,기타법인,110111-0969852,120-81-58896,서울특별시 송파구 문정동292번지 가든파이브 툴동 8층 S-28, ,,엔지니어링 서비스업,1993-10-05,12월
(주)서경이엔지,"seo-gyong eng co.,ltd",서경이엔지, ,이민규,기타법인,150111-0049169,301-81-46214,"충청북도 음성군 음성읍 문화1길 25-6 2층(읍내리, 조한의원)", ,,"건축기술, 엔지니어링 및 관련 기술 서비스업",2000-09-25,12월
(유)서광파트너스,Seokwang Partners,서광파트너스, ,이정호,기타법인,110114-0122537,105-87-80713,서울특별시 마포구 백범로25길 80 (염리동), ,,경영 컨설팅업,2012-12-26,12월
주식회사 서린디앤씨,"SEORIN CO.,LTD",서린디앤씨, ,서주영,기타법인,170111-0112730,502-81-37278,"대구광역시 중구 태평로51길 5 (동인동1가, 서린빌딩)",www.seorin.com,,"건축기술, 엔지니어링 및 관련 기술 서비스업",1996-11-19,12월
서린회계법인,SEOLIN,서린회계법인, ,박경기,기타법인,114634-0035693,120-87-25567,"서울특별시 강남구 언주로 527 (역삼동, 강남텔레피아빌딩) 8층", ,,공인회계사업,2008-03-01,03월
(주)서밋에셋스트레티지스코리아,"Summit Asset Strategies Korea, Co., Ltd.",서밋에셋스트레티지스코리아, ,크리스 영동 유,기타법인,110111-3961095,211-88-17619,서울특별시 강남구 언주로 609 팍스타워 14층 A (논현동),www.summitassetstrategies.com,,경영 컨설팅업,2008-09-01,12월
주식회사 서방,"SUHBANG  CO.,LTD",서방, ,서진녕,기타법인,170111-0017675,502-81-05927,대구광역시 동구 신천1동 740-5번지, ,,옥외 광고업,1983-05-01,12월
서부파트너스 주식회사,seobupartners,서부파트너스, ,최병무,기타법인,200111-0456206,657-88-00328,광주광역시 서구 하남대로680번길 1 401호(동천동), ,,경영 컨설팅업,2016-03-22,12월
서비스마스타(주),"SERVICE MASTER CO.,LTD",서비스마스타, ,황재연,기타법인,131111-0232618,129-86-34241,충청북도 음성군 삼성면 덕호로474번길 10 (용대리), ,,"그 외 기타 분류 안된 전문, 과학 및 기술 서비스업",2009-06-03,12월
주식회사 서연이화에이디엠,"SEOYON E-HWA ADM. CO., LTD.",서연이화에이디엠, ,윤여진,기타법인,134111-0584751,367-86-02303,"경기도 안양시 동안구 시민대로 267 (관양동, 아크로팰리스) 1411호", ,,경영 컨설팅업,2021-07-02,12월
(주)서영엔지니어링,"Seoyoung Engineering Co., Ltd.",서영엔지니어링, ,김종흔,기타법인,134111-0032106,138-81-04348,경기도 성남시 분당구 황새울로 246 (수내동) 도담빌딩,seoyoungeng.com,,기타 엔지니어링 서비스업,1991-01-04,12월
주식회사 서용엔지니어링,"SEOYONG ENGINEERING CO.,LTD",서용엔지니어링, ,박철한,기타법인,180111-0312974,605-81-36001,부산광역시 강서구 녹산산단77로 17 (송정동) (주)서용엔지니어링,seoyong.co.kr,,건물 및 토목 엔지니어링 서비스업,2000-02-09,12월
서우프라퍼티,Seowoo Property Inc,서우프라퍼티, ,정승우,기타법인,110111-7428059,896-88-01499,"경기도 용인시 수지구 풍덕천로139번길 8 (풍덕천동, 동림빌딩) 255호", ,,경영 컨설팅업,2020-03-17,12월
서우회계법인,seou accounting corp.,서우회계법인, ,이용찬,기타법인,110134-0077384,220-88-77019,"서울특별시 강남구 테헤란로 123 (역삼동, 여삼빌딩) 3층, 12층",www.scpa.co.kr,,공인회계사업,2014-04-01,03월
서울검사(주),"SEOUL INSPECTION & TESTING CO., LTD.",서울검사, ,강신태,기타법인,110111-0772768,213-81-79460,"서울특별시 서초구 바우뫼로41길 54 (양재동,용진빌딩)",www.sitcos.co.kr,,"기타 기술 시험, 검사 및 분석업",1991-04-11,12월
(주) 서울광고,Seoul Communications,서울광고, ,홍우식,기타법인,110111-0272891,110-81-09082,서울특별시 종로구 원남동 66-21 보령빌딩,www.seoulcoms.co.kr,,광고 대행업,1980-04-14,12월
(주)서울로보틱스,"Seoul Robotics Co.,Ltd.",서울로보틱스, ,이한빈,기타법인,280211-0169843,893-88-00768,서울특별시 서초구 반포대로22길 4 (서초동), ,,자연과학 및 공학 연구개발업,2017-08-04,12월
서울메가쇼핑 주식회사,Seoul Mega Shopping Co.Ltd ,서울메가쇼핑, ,최준한,기타법인,110111-4433001,107-87-41152,서울특별시 영등포구 여의도동 23-2 신한금융투자타워12층, ,,경영 컨설팅업,2010-09-10,12월
서울벤처투자(주),seoul venture,서울벤처투자, ,김흥석,기타법인,110111-2291922,214-86-86479,경기도 안양시 동안구 관양2동 1488-28 창덕에버빌 1811호,http://,,경영 컨설팅업,2001-07-23,12월
(주)서울사람들,"Seoulian co.,ltd.",서울사람들, ,권오성,기타법인,110111-3259276,114-86-45386,서울특별시 강남구 논현동39-21 초석빌딩 4층, ,,경영 컨설팅업,2005-07-01,12월
서울아이알네트워크 주식회사,"Seoul IR NetworkCo., Ltd",서울아이알네트워크, ,한현석,기타법인,110111-2440446,114-86-15752,서울특별시 영등포구 의사당대로1길 34 802호 (여의도동), ,,경영 컨설팅업,2002-02-04,12월
주식회사 서울엠에스,SEUNGHWA ENC,서울엠에스, ,이승재,기타법인,110111-1542855,203-81-26345,"서울특별시 송파구 마천2동 41번지 승화빌딩 4,5층",newsh.co.kr,,"건축기술, 엔지니어링 및 관련 기술 서비스업",1998-05-06,12월
재단법인 서울의과학연구소,Seoul Clinical Laboratories,서울의과학연구소, ,이관수,기타법인,110122-0024249,101-82-04848,"경기도 용인시 기흥구 흥덕1로 13 24층, 25층, 26층, 27층(영덕동, 흥덕IT밸리 타워동)",www.scllab.co.kr,,"그 외 기타 분류 안된 전문, 과학 및 기술 서비스업",1990-10-19,12월
주식회사 서울인,SEOUL IN,서울인, ,이건행,기타법인,110111-7106580,446-88-01386,"서울특별시 강남구 봉은사로 640 (삼성동, 에스빌딩) 6층", ,,경영 컨설팅업,2019-05-14,12월
서울인베스트(주),Seoul Invest,서울인베스트, ,박윤배,기타법인,110111-2512716,107-86-17029,"서울특별시 영등포구 여의서로 43 (여의도동, 한서리버파크)", ,,공공관계 서비스업,2002-05-01,12월
(주) 서울 파이낸스 클럽,SEOUL FINANCE CLUB,서울파이낸스클럽, ,장성환,기타법인,110111-7426194,677-86-01685,"서울특별시 서초구 사임당로 58 (서초동, 제일빌딩) G114호", ,,경영 컨설팅업,2020-03-16,12월
서원회계법인,Seowon Accounting Corporation,서원회계법인, ,"정치금, 김천환",기타법인,180134-0013029,255-86-01374,"부산광역시 연제구 월드컵대로164번길 9 3층(연산동, 해원빌딩)", ,,공인회계사업,2019-05-24,03월
서원회계법인,Seowon Accounting Corporation,서원회계법인, ,하상수,기타법인,170146-0001352,514-81-27244,대구광역시 남구 봉덕동 982-10, ,,공인회계사업,1997-04-20,03월
서율회계법인,SeoYul Accounting Corporation,서율회계법인, ,홍원표,기타법인,110134-0094370,151-86-01316,서울특별시 서초구 반포대로20길 27 2층 (서초동),https://syac.co.kr/,,공인회계사업,2019-01-09,03월
(주)서전ILS,"SEOJEON.CO.,Ltd",서전ILS, ,이영주,기타법인,194211-0018219,609-81-21719,경상남도 창원시 상남동 71-6번지 동양생명 3층,www.seojeon.co.kr,,전기ㆍ전자공학 연구개발업,1991-09-18,12월
주식회사 서정아트프린팅,Seojung Art Printing Corp.,서정아트프린팅, ,강대,기타법인,120111-1016064,321-86-01292,"서울특별시 강남구 봉은사로47길 12 2동 B101호(논현동, 진현빌딩)",sjartprinting.com/,,제조업 회사 본부,2019-08-19,12월
주식회사 서초엔터프라이즈,"SEOCHO ENTERPRISE CO.,LTD.",서초엔터프라이즈, ,이영국,기타법인,110111-0377948,114-81-18545,서울특별시 서초구 서초동 1426-1, ,,도시계획 및 조경설계 서비스업,1994-08-01,12월
(주)서플러스21,Surplus 21 Inc.,서플러스21, ,서윤경,기타법인,110111-6840014,204-87-00938,서울특별시 강남구 테헤란로82길 15, ,,경영 컨설팅업,2018-08-14,12월
(주)서한종합건축사사무소,SUHHAN ARCHITECTS&ENGINEERS INC.,서한종합건축사사무소, ,"유찬, 이상현",기타법인,110111-0223183,220-81-26786,"서울특별시 강남구 테헤란로7길 22 7층(역삼동, 과학기술회관)", ,,건축설계 및 관련 서비스업,1978-01-04,12월
(주)서현기술단,Seohyuneng,서현기술단, ,안명숙,기타법인,110111-3637133,114-86-57882,"경기도 안양시 동안구 흥안대로 500 서현빌딩 8,9,10,11층 (관양동)", ,,건물 및 토목 엔지니어링 서비스업,2007-03-13,12월
서현회계법인,Seo-Hyun  Accounting  Corporation,서현회계법인, ,배홍기,기타법인,110134-0027305,202-81-63217,"서울특별시 강남구 테헤란로 440 (대치동, 포스코센터) 서관 3층",shacc.kr,,공인회계사업,1999-03-11,03월
(주)서호,Seoho Corporation,서호, ,최연상,기타법인,210111-0038359,402-81-51437,전라북도 전주시 덕진구 혁신로 586 (여의동),www.seoho.biz,,"기타 기술 시험, 검사 및 분석업",2003-01-01,12월
(주)서홍엔지니어링건축사사무소,SEOHONG ENG,서홍엔지니어링건축사사무소, ,우 병 용외,기타법인,110111-0834500,214-81-39194,"경기도 성남시 중원구 하대원동 105-8,9",www.seohong.com,,건물 및 토목 엔지니어링 서비스업,1992-03-25,12월
서화회계법인,SEOWHA ACCOUNTING CORPORATION,서화회계법인, ,신현태,기타법인,240134-0035872,198-88-03262,"서울특별시 강동구 천호옛길 67 , 4층(성내동, 샬롬빌딩)", ,,공인회계사업,2024-05-24,03월
주식회사 석정애드써밋,SEOK JEONG ADSUMMIT,석정애드써밋, ,이창섭,기타법인,110111-5865724,773-88-00182,"경기도 과천시 과천대로7길 33 (갈현동, 디테크타워) 제공장비동 8층 807호", ,,광고 대행업,2015-11-01,12월
주식회사 석탑건설,Seoktap,석탑건설, ,이석준,기타법인,205911-0022858,410-87-05479,광주광역시 광산구 사암로 209 (우산동), ,,경영 컨설팅업,2014-12-05,12월
(주)석탑엔지니어링,SOKTOP ENGINEERING,석탑엔지니어링, ,정지용,기타법인,110111-1079593,502-81-33651,서울특별시 성북구 안암동5가 133-6,www.soktop.co.kr,,건물 및 토목 엔지니어링 서비스업,1994-09-28,12월
선경회계법인,sunkyung accounting corporation,선경회계법인, ,"이호상, 권영모",기타법인,254134-0021544,293-86-00440,"서울특별시 중구 동호로 336 (쌍림동, 한림빌딩) 13층 1301호", ,,공인회계사업,2016-04-14,03월
(주)선광티앤에스,"SUNKWANG T&S Co.,Ltd.",선광티앤에스, ,"조준호, 김은선",기타법인,160111-0082951,306-81-35482,"서울특별시 구로구 공원로 3 (구로동, 선경오피스텔) 2001호",www.sktns.co.kr,,"그 외 기타 분류 안된 전문, 과학 및 기술 서비스업",1999-06-07,12월
(주)선구엔지니어링,SUNKOO,선구엔지니어링, ,강윤식,기타법인,160111-0150419,314-81-55719,대전광역시 유성구 노은동 549-3 한밭빌딩,www.sunkoo.co.kr,,건물 및 토목 엔지니어링 서비스업,2002-12-26,12월
(주)선명비아이,sunmyungbi,선명비아이, ,양재찬,기타법인,110111-1541039,211-86-29047,서울특별시 강남구 삼성동 157-27 경암빌딩, ,,경영 컨설팅업,1998-05-06,12월
선명회계법인,SUNMYUNG ACCOUNTING CORPORATION,선명회계법인, ,신민철,기타법인,114634-0028854,120-86-25987,서울특별시 강남구 테헤란로 306 카이트타워 14층,www.sunmyung.net,,공인회계사업,2001-09-01,03월
선민회계법인,Sunmin Accounting Corp.,선민회계법인, ,선종민,기타법인,180134-0035510,232-81-06954,"부산광역시 동구 조방로 14 818호 (범일동, 동일타워)", ,,공인회계사업,2024-10-17,03월
선보엔젤파트너스 주식회사,"Sunbo Angel Partners Co.,Ltd.",선보엔젤파트너스, ,"최영찬, 오종훈",기타법인,180111-1020758,111-86-00357,"부산광역시 해운대구 센텀중앙로 97 에이동 2802호(재송동, 센텀스카이비즈)",www.sunbonpartners.com/,,경영 컨설팅업,2016-02-26,12월
선산주식회사,SUNSAN Corp.,선산, ,김현기,기타법인,110111-6114138,226-88-00459,"서울특별시 서초구 서초대로 397 (서초동, 부띠크모나코) B동 2702호",www.sunsan.co,,제품 디자인업,2016-07-07,12월
(주)선엔지니어링종합건축사사무소,SEON ARCHITECTURE & ENGNEERING GROUP,선엔지니어링종합건축사사무소, ,"신동안, 오선교",기타법인,150111-0038790,301-81-36564,충청북도 청주시 상당구 사직대로361번길 91 (영동),www.seon.co.kr,,건축설계 및 관련 서비스업,1975-02-24,12월
주식회사 선연,SON YON communication.,선연, ,김석년,기타법인,110111-0688440,203-81-52125,서울특별시 중구 장충2가 186-210,SONYONcom.co.kr,,광고 대행업,1990-04-01,12월
선영회계법인,SEONYEONG Accounting Corporation,선영회계법인, ,최학수,기타법인,110134-0114657,144-86-03413,"서울특별시 강남구 테헤란로70길 12 6층, (대치동, H타워)", ,,공인회계사업,2024-11-27,06월
선우회계법인,Sunwoo Accounting Corporation,선우회계법인, ,조성근,기타법인,150134-0009967,301-86-22070,"충청북도 청주시 흥덕구 2순환로1167번길 4 (복대동, 호인리더스빌딩)", ,,공인회계사업,2013-04-01,03월
선율회계법인,sunyul accounting corporation,선율회계법인, ,방희명 우정식,기타법인,250134-0033428,498-88-01048,"서울특별시 금천구 가산디지털2로 70 (가산동, 대륭테크노타운19차)601호", ,,공인회계사업,2018-04-02,03월
선일회계법인,Sunil Accounting Corporation,선일회계법인, ,반경찬,기타법인,184334-0003783,798-88-00764,"부산광역시 남구 자성로 152 (문현동, 한일오피스텔)",www.sunilac.com,,공인회계사업,2017-12-01,03월
선일회계법인,Sunil Accounting & Consulting Corporation,선일회계법인, ,박상원 김종민,기타법인,110114-0037257,220-86-29129,서울특별시 송파구 신천동 대한제당건물 중층,http://www.sunacc.com,,공인회계사업,2002-01-24,03월
선진네트웍스(주),"sunjinnetworks,co.ltd.",선진네트웍스, ,신재호,기타법인,281111-0109676,107-86-85570,서울특별시 영등포구 신길동 1351-3 천록빌딩 3층,sunjingroup.com,,경영 컨설팅업,2006-12-02,12월
주식회사 선진에너지,SUNJINENERGY,선진에너지, ,조정훈,기타법인,134811-0409624,234-87-00939,경기도 화성시 마도면 송정로97번길 96 (송정리) 주식회사 선진에너지,www.sunjinenergy.com/,,제조업 회사 본부,2017-05-24,12월
(주)선진엔지니어링종합건축사사무소,SUNJIN Engineering & Architecture,선진엔지니어링종합건축사사무소, ,"배성진, 유태원",기타법인,110111-0229628,117-81-08600,"경기도 과천시 과천대로7길 20 B타워 5~6층 (갈현동, 과천스마트케이업무시설)",www.sunjin.co.kr,,건물 및 토목 엔지니어링 서비스업,1978-04-15,12월
선진회계법인,Seon Jin Accounting Corporation,선진회계법인, ,문성헌,기타법인,114671-0022527,220-81-44125,서울특별시 강남구 논현로 422 키움예스저축은행빌딩 5~7층,www.sjacc.co.kr,,공인회계사업,1997-04-19,03월
주식회사 선한,"Sunhan co.,LTD",선한, ,송명근,기타법인,284211-0102766,492-81-02036,"경기도 구리시 건원대로 51 3층 3180호(인창동,창일빌딩)",sunhanhp@naver.com,,경영 컨설팅업,2021-06-22,12월
주식회사 선한,"SunHan Co., Ltd.",선한, ,정혜선,기타법인,131311-0099923,125-81-89564,"경기도 화성시 동탄대로 551-16 (오산동, 동탄역푸르지오시티) 비동 1507호", ,,제조업 회사 본부,2010-07-08,12월
주식회사 설악의아침   ,"MORNING OF SORAK Co., Ltd.",설악의아침, ,백덕기,기타법인,110111-1976012,212-81-47330,서울특별시 강남구 삼성동 35-15 나라빌딩 4층, ,,경영 컨설팅업,2000-05-23,12월
성건관광산업(주),Sunggun Industry,성건관광산업, ,정병준,기타법인,110111-0927115,214-81-91415,"경기도 용인시 수지구 성복2로 86 (성복동, 성동마을엘지빌리지1차)114-1704", ,,경영 컨설팅업,1993-03-13,12월
성균관대학교기술지주 주식회사,"SKK Tech Holdings Co., Ltd",성균관대학교기술지주, ,최재붕,기타법인,135811-0215426,124-87-32925,"경기도 수원시 장안구 서부로 2066 85261호 (천천동, 성균관대학교 자연과학캠퍼스 산학협력센터)", ,,"그 외 기타 전문, 과학 및 기술 서비스업",2012-06-28,12월
성균관대학교산학협력단,Sungkyunkwan University Research & Business Foundation,성균관대학교산학협력단, ,박선규,기타법인,110171-0029501,101-82-12009,경기도 수원시 장안구 서부로 2066 성균관대학교 산학협력단(제2공학관 27232호), ,,기타 공학 연구개발업,2004-03-22,02월
(주)성도이엔지,SUNGDO Engineering & Construction.,성도이엔지,037350,"이언웅, 정영용(각자대표)",코스닥시장,110111-0574669,220-81-10950,서울특별시 강남구 영동대로106길 42,www.sungdokorea.com,,"건축기술, 엔지니어링 및 관련 기술 서비스업",1988-05-13,12월
성문회계법인,sungmoon accounting corporation,성문회계법인, ,"안영기, 김현희",기타법인,171834-0006287,503-86-12329,대구광역시 남구 봉덕로 14 (봉덕동) 성문빌딩 7층,www.성문회계법인.com,,공인회계사업,2014-04-01,06월
성산회계법인,Sungsan Accounting Corporation,성산회계법인, ,김헌,기타법인,194271-0005856,609-81-93004,경상남도 창원시 의창구 용지로153번길 4-15 태화빌딩 5층 (용호동), ,,공인회계사업,2010-03-30,03월
성송회계법인,SUNGSONG Accounting Corporation,성송회계법인, ,나경수,기타법인,240134-0034808,402-86-17303,"서울특별시 송파구 올림픽로34길 5-14 311호(방이동, 잠실역웰리지더테라스)", ,,공인회계사업,2023-10-24,03월
(주)성신광고공사,sung shin,성신광고공사, ,김중목,기타법인,110111-0822018,220-81-21423,서울특별시 강남구 역삼동 642-16 성지하이츠빌딩 2차 2005호, ,,옥외 광고업,1992-01-03,03월
성신회계법인,SUNG-SHIN ACCOUNTING,성신회계법인, ,진봉근,기타법인,110234-0003551,114-81-78752,"서울특별시 강남구 논현로28길 54 덕원빌딩 4,6,7층",www.sscpa.co.kr,,공인회계사업,1997-04-19,03월
성우회계법인,SungWoo Accounting Corporation,성우회계법인, ,김현준,기타법인,250134-0048972,823-87-03565,"서울특별시 영등포구 국회대로66길 17 (여의도동, 성우빌딩) 8층 5호", ,,공인회계사업,2024-10-21,03월
성운회계법인,Seongun Accounting Corporation,성운회계법인, ,최용석,기타법인,114634-0037053,220-87-79422,"서울특별시 강남구 광평로51길 6-27 (수서동, 성우빌딩) 401호", ,,공인회계사업,2009-04-09,03월
(주)성원엔지니어링,sungwonengineering,성원엔지니어링, ,김성진,기타법인,194911-0025335,612-81-39665,경상남도 거제시 옥포로 122 하모니센터 2층 성원엔지니어링, ,,기타 엔지니어링 서비스업,2012-03-01,12월
성율회계법인,Sung yul Accounting Corporation,성율회계법인, ,성권상,기타법인,244234-0008691,673-87-00060,"서울특별시 송파구 백제고분로 121 (잠실동, 베네빌딩3층)",-,,공인회계사업,2015-04-09,03월
주식회사 성일엔케어,-,성일엔케어, ,우타관,기타법인,180111-0656736,603-81-70546,부산광역시 사하구 다산로 185 (다대동),-,,회사 본부 및 경영 컨설팅 서비스업,2009-01-01,12월
(주)성일종합건축사사무소,SUNGIL Architects&Engineers,성일종합건축사사무소, ,김영곤,기타법인,110111-2228149,220-86-11288,서울특별시 강남구 역삼동 788-15 신우빌딩,www.s1eng.com,,건축설계 및 관련 서비스업,2001-05-02,12월
주식회사 성지산업,SUNGJI INDUSTRY,성지산업, ,윤상민,기타법인,135511-0232814,140-81-59680,"경기도 시흥시 옥구천동로 218 5층 비511호(정왕동, 타원타크라6차지식산업센터)", ,,제조업 회사 본부,2012-01-01,12월
(주)성지토목기술공사,Sungji Civil Engineering Corporation,성지토목기술공사, ,정석준,기타법인,230111-0063063,610-81-40069,울산광역시 울주군 청량읍 군청3길 12 (율리) 3층, ,,"건축기술, 엔지니어링 및 기타 과학기술 서비스업",2000-01-18,12월
성진이앤티(주),"Sung Jin E&T CO., Ltd.",성진이앤티, ,김인태,기타법인,110111-0877617,220-81-04216,서울특별시 송파구 가락동 78 아이티벤처타워 동관 14층,www.setkor.com,,기타 엔지니어링 서비스업,1992-08-08,12월
주식회사 성진홀딩스,"SUNGJIN HOLDINGS. CO.,LTD",성진홀딩스, ,유석우,기타법인,160111-0524234,285-88-01307,전라남도 나주시 문화로 244 (빛가람동) 1동 5층 504호,yejin7222@gmail.com,,경영 컨설팅업,2019-08-13,12월
성창기업지주(주),Sungchang Enterprise Holdings Limited.,성창기업지주,000180,우인석,유가증권시장,180111-0001717,603-81-08663,부산광역시 사하구  다대로 627 (다대동),www.sce.kr,,경영 컨설팅업,1916-11-20,12월
성창아이엔디,SUNGCHANG IND CO.LTD,성창아이엔디, ,정연교,기타법인,180111-0411453,617-81-40468,부산광역시 기장군 장안읍 장안산단9로 87, ,,도시계획 및 조경설계 서비스업,2002-06-10,12월
주식회사 성현파트너스,SeongHyeon Partners Inc.,성현파트너스, ,이준호,기타법인,110111-9028386,599-87-03264,서울특별시 송파구 오금로15길 5-12 3층 3532호(방이동), ,,경영 컨설팅업,2024-08-13,12월
성현회계법인,BDO Sunghyun LLC,성현회계법인, ,윤길배,기타법인,184134-0000163,605-81-41450,"서울특별시 강남구 테헤란로 508 (대치동, 해성2빌딩) 12층",www.bdo.kr,,공인회계사업,2000-12-05,03월
(주)세계한상드림아일랜드,"World Hansang Dreamisland Co., Ltd.",세계한상드림아일랜드, ,"양창영, 김찬일, 모리베코지",기타법인,110111-4910778,109-86-36056,인천광역시 중구 영종순환로339번길 17-2 (중산동),www.hansangdream.com,http://www.hansangdream.com,건물 및 토목 엔지니어링 서비스업,2012-07-06,12월
(주)세광종합기술단,"Se-kwang Engineering Consultants co,.ltd",세광종합기술단, ,이재완,기타법인,110111-0085442,110-81-02570,서울특별시 서대문구 창천동 506-20 아륭빌딩 8층,se-kwangeng.co.kr,,건물 및 토목 엔지니어링 서비스업,1967-12-29,12월
세덕 회계법인,SEDUK Accounting Corporation,세덕회계법인, ,김동우,기타법인,270134-0033284,731-87-01991,"서울특별시 강남구 봉은사로 407 13층 (삼성동, 삼화빌딩)", ,,공인회계사업,2020-06-26,03월
세동경영회계법인,Saedong Accounting & Consulting Corporation,세동경영회계법인, ,,기타법인,111234-0000085,116-81-07272,서울특별시 영등포구 여의도동 60 대한생명 14~16층,www.saedong.co.kr,,공인회계사업,1970-02-13,03월
(주)세명개발,Semyung development Co. Ltd,세명개발, ,임일호,기타법인,110111-0207640,306-81-25290,대전광역시 대덕구 신일동 1688-1, ,,"그 외 기타 분류 안된 전문, 과학 및 기술 서비스업",1977-01-18,12월
세명검사기술(주),"SAEMYNG INSPECTION TECHNOLOGY.CO.,LTD",세명검사기술, ,제정근,기타법인,194211-0039702,609-81-41165,"경상남도 창원시 의창구 원이대로56번길 2-39 (도계동, 세명빌딩)", ,,"기타 기술 시험, 검사 및 분석업",2000-03-17,12월
(주)세명이엠에스,"Semyung ENS CO., LTD.",세명이엠에스, ,노영곤,기타법인,110111-1667918,104-81-45652,서울특별시 중구 회현동1가 203 메사 21층, ,,건축설계 및 관련 서비스업,1999-03-12,12월
세무법인가덕,gaduktax consulting associates,세무법인가덕, ,안춘수,기타법인,114671-0034697,220-87-37344,서울특별시 강남구 테헤란로7길 12 (역삼동) 2층, ,,세무사업,2006-12-01,12월
세무법인 다승,dstax,세무법인다승, ,김재형,기타법인,110171-0086014,825-85-00390,"서울특별시 영등포구 여의대로 66 18층 (여의도동, 하이투자증권)", ,,세무사업,2016-07-20,06월
세무법인 유일,Tax corporation Uil,세무법인유일, ,정병철,기타법인,110371-0015788,104-86-58244,"서울특별시 중구 수표로 45 814호 (저동2가, 비즈센터)", ,,세무사업,2014-12-18,12월
세미솔루션,SEMISOLUTION,세미솔루션, ,이정원,기타법인,110111-2729725,104-81-79389,경기도 용인시 기흥구 흥덕중앙로 120 흥덕U타워 2005호 (영덕동),www.semisolution.com,,기타 엔지니어링 서비스업,2003-03-04,12월
세미코리아(주),SEMI Korea Ltd.,세미코리아, ,차지현,기타법인,110111-4028779,120-87-37326,"서울특별시 강남구 영동대로 511 (삼성동, 트레이드타워) 4205호",www.semi.org/ko,,"그 외 기타 분류 안된 전문, 과학 및 기술 서비스업",2009-03-09,12월
(주)세미파이브,SemiFive Inc.,세미파이브,490470,조명현,코스닥시장,110111-7124574,684-81-01543,"경기도 성남시 분당구 양현로 322, 6층 603호, 605호",semifive.com,,"건축기술, 엔지니어링 및 관련 기술 서비스업",2019-05-30,12월
세븐레이어스코리아(주),7Layers Korea Ltd.,세븐레이어스코리아, ,배태경,기타법인,110111-3207093,120-86-80199,"경기도 수원시 영통구 효원로 400 (매탄동, 레몬스포렉스) 305호",www.7layers.com,,"기타 기술 시험, 검사 및 분석업",2005-06-23,12월
(주)세븐인베스트먼트,"Seven Investment One Inc.,",세븐인베스트먼트, ,최성민,기타법인,110111-2912809,211-87-43463,서울특별시 강남구 삼성동 141-30 동신빌딩 7층, ,,경영 컨설팅업,2003-12-11,12월
세븐케이컴퍼니 주식회사,-,세븐케이컴퍼니, ,이봉관,기타법인,110111-6587137,266-86-00827,"서울특별시 영등포구 의사당대로 97 (여의도동, 교보증권빌딩)",-,,회사 본부 및 경영 컨설팅 서비스업,2017-12-04,12월
세빌스코리아(주),"Savills Korea Co., Ltd",세빌스코리아, ,이수정,기타법인,110111-1091878,105-81-67552,"서울특별시 중구 세종대로 136 (무교동, 파이낸스빌딩) 13층",www.savills.co.kr,,경영 컨설팅업,1994-10-25,12월
주식회사세심,"SESIM co.,Ltd",세심, ,이재규,기타법인,110111-5296945,114-87-14124,서울특별시 강남구 논현로133길 9 (논현동), ,,경영 컨설팅업,2013-12-20,12월
(주)세아이앤티,"SeAH ENT CO., LTD",세아이앤티, ,김주현,기타법인,110111-0740707,133-81-27517,경상북도 포항시 남구 철강로 348 (호동),www.seahent.co.kr,,기타 엔지니어링 서비스업,1991-01-04,12월
세아이에스지인베스트먼트 주식회사,"SAE-A ESG INVESTMENT CO.,LTD",세아이에스지인베스트먼트, ,하정수,기타법인,110111-8116819,391-88-02237,"서울특별시 강남구 영동대로 429 (대치동, 세아빌딩) 1층", ,,경영 컨설팅업,2021-12-06,12월
세아인베스트먼트 주식회사,"SAE-A INVESTMENT CO.,LTD.",세아인베스트먼트, ,하정수,기타법인,110111-7311139,347-86-01542,"서울특별시 강남구 영동대로 429 (대치동, 세아빌딩),1층", ,,경영 컨설팅업,2019-12-02,12월
세아회계법인,SeAh Accounting Corporation,세아회계법인, ,최정호,기타법인,250134-0033452,255-81-01122,"서울특별시 영등포구 양산로 107 (당산동3가, 인곡빌딩) 5,8,9층",www.seahac.kr/,,공인회계사업,2018-04-01,03월
세안기술 주식회사,SAE-AN ENGINEERING,세안기술, ,"박봉식, 박재석",기타법인,110111-1383655,112-81-47461,서울특별시 금천구 가산동 벽산디지털2차밸리 910,www.sae-an.co.kr/,,"그 외 기타 분류 안된 전문, 과학 및 기술 서비스업",1997-02-27,12월
세안에너텍(주),SAE-AN ENERTECH CORP,세안에너텍, ,박재석,기타법인,110111-6797827,458-86-01217,"서울특별시 금천구 가산디지털2로 184 (가산동, 벽산디지털밸리2차) 922호", ,,"기타 기술 시험, 검사 및 분석업",2018-06-29,12월
세연회계법인,Seyeon Accounting Corporation,세연회계법인, ,문성환,기타법인,110134-0085189,639-88-00387,"서울특별시 강남구 언주로159길 27 3층(신사동, J&G빌딩)",https://seyeonacc.com/,,공인회계사업,2016-04-01,03월
주식회사 세영,"SAYENG Co.,Ltd.",세영, ,김진영,기타법인,120111-0914467,354-86-00954,"인천광역시 서구 이음1로 383 801호 (원당동, 세중시그니쳐)", ,,기타 엔지니어링 서비스업,2018-01-03,12월
세영회계법인,SEYOUNG&COMPANY,세영회계법인, ,"김호근, 강병규",기타법인,174234-0002424,504-81-51219,대구광역시 중구 동덕로 61 선모빌딩 8층 (대봉동),seoungac.com,,공인회계사업,2003-04-01,03월
세우엔지니어링(주),"Cewoo Engineering Co.,Ltd",세우엔지니어링, ,장문택,기타법인,110111-0622145,220-81-20609,서울특별시 강남구 역삼동 837-26 삼일프라자 620호, ,,건물 및 토목 엔지니어링 서비스업,1989-04-06,12월
세움회계법인,Seum Accounting Corporation,세움회계법인, ,유중선,기타법인,110134-0114392,698-81-03424,"서울특별시 서초구 남부순환로 2558 (서초동, 외교타운) 2층",www.seumer.com/,,공인회계사업,2024-12-05,03월
세일기술(주),"SEIL TECHNOLOGY CO.,LTD",세일기술, ,정종수,기타법인,180111-0152891,621-81-12447,부산광역시 해운대구 센텀중앙로 48 에이스하이테크21 11층 (우동),www.seiltec.com,,건물 및 토목 엔지니어링 서비스업,1994-02-25,12월
주식회사 세일종합기술공사,"SEIL ENGINEERING CO.,LTD",세일종합기술공사, ,이호순,기타법인,110111-0558233,312-81-13464,"충청남도 천안시 동남구 만남로 72 (신부동, 삼부르네상스오피스텔) 405호",www.seileng.com,,건물 및 토목 엔지니어링 서비스업,1988-01-18,12월
세정회계법인,Sejung. LLC.,세정회계법인, ,홍경표,기타법인,110134-0088670,274-88-00782,"서울특별시 서초구 남부순환로 2606 (양재동, 금정빌딩) 7층",finacc.co.kr,,공인회계사업,2017-04-13,03월
세종기술(주),"SEJONG ENGINEERING GO.,LTD",세종기술, ,"송진호, 송성모",기타법인,110111-0735633,204-81-19769,"서울특별시 구로구 디지털로 242 (구로동, 한화비즈메트로1차) 11층",www.sejongeng.co.kr/,,기타 엔지니어링 서비스업,1991-01-05,12월
(주)세종기술단,SEJONG ENGINEERING,세종기술단, ,조욱제,기타법인,180111-0230861,604-81-35047,부산광역시 부산진구 거제천로 52 (양정동), ,,"그 외 기타 전문, 과학 및 기술 서비스업",1997-05-06,12월
주식회사 세종마일스톤,Sejong Milestone,세종마일스톤, ,이홍규,기타법인,164711-0151205,653-87-03253,"세종특별자치시 전의면 운주산로 1510 (유천리, 세종에머슨CC) 주식회사 세종마일스톤", ,,경영 컨설팅업,2024-12-04,12월
주식회사 세종메디칼컴퍼니,TIME INVESTMENT ,세종메디칼컴퍼니, ,윤병학,기타법인,110111-6271475,683-86-00551,"서울특별시 강남구 도산대로 509 (청담동, 미래메디컬허브(MIRAEMEDICALHUB)) 15층", ,,경영 컨설팅업,2016-12-29,12월
(주)세종미디어그룹,"SEJONG MEDIA GROUP Co., Ltd",세종미디어그룹, ,박종원,기타법인,110111-3762055,105-87-15809,서울특별시 마포구 삼개로 20 (도화동) 315호(근신빌딩 별관),ad3.co.kr/,,광고 대행업,2007-12-24,12월
(주)세종코퍼레이션,sejongcorperation,세종코퍼레이션, ,김윤수,기타법인,110111-2699853,105-86-49113,"서울특별시 영등포구 선유로9길 10 (문래동6가, 문래SKV1center)", ,,도시계획 및 조경설계 서비스업,2003-01-21,12월
세종회계법인,sejong accounting corporation,세종회계법인, ,이상남,기타법인,110234-0003543,214-86-15178,서울특별시 강남구 대치동 651 두산신협빌딩5층, ,,공인회계사업,1997-04-10,03월
세진종합기술주식회사,"SEJINPLANT ENGINEERING CO., LTD.",세진종합기술, ,최용길,기타법인,110111-0953863,118-81-08132,"서울특별시 금천구 가산디지털1로 145 903호,904호 (가산동,에이스하이엔드타워3차)", ,,기타 엔지니어링 서비스업,1993-08-14,12월
(주)세코,"SECO CO.,LTD",세코, ,장강돌,기타법인,180111-0233790,607-81-38723,부산광역시 동래구 온천2동 1428-34번지 호성빌딩 6층,http://www.eseco.co.kr,,기타 엔지니어링 서비스업,1997-06-16,12월
(주)세코하이텍,SECOHITEC,세코하이텍, ,주철인,기타법인,180111-1122207,380-81-00813,경상남도 창원시 진해구 죽곡로 158 (죽곡동), ,,회사 본부,2017-11-01,12월
주식회사 세티,"SETI Co., Ltd.",세티, ,허용준,기타법인,134411-0095710,422-86-01969,경기도 이천시 부발읍 신아로 58,www.setieco.com,,환경 관련 엔지니어링 서비스업,2020-08-01,12월
주식회사 세하씨앤씨,Seha CnC,세하씨앤씨, ,김광원,기타법인,110111-3134197,220-87-01389,서울특별시 강남구 역삼동 837-11 유니온센타빌딩 1705호, ,,건축설계 및 관련 서비스업,2004-12-17,12월
세하원 주식회사,SE HA WON,세하원, ,전종고,기타법인,110111-3898967,107-87-09128,서울특별시 영등포구 여의도동 17번지 더？아일랜드파크 101동 410호, ,,경영 컨설팅업,2008-05-19,12월
(주)세화시스템,Seahwa inc.,세화시스템, ,김현규,기타법인,110111-2504581,120-86-36621,서울특별시 중구 장교동 장교빌딩 602호, ,,사업 및 무형 재산권 중개업,2002-04-22,12월
주식회사 세화알엔티,"sehwarnt Co.,Ltd.",세화알엔티, ,고동균,기타법인,230111-0198084,610-86-17049,울산광역시 남구 처용로 772 (용연동),sehwarnt.chol.com,,환경 관련 엔지니어링 서비스업,2012-10-09,12월
세화이앤티 주식회사,"SE HWA E&T Co., Ltd.",세화이앤티, ,김상권,기타법인,180111-0823286,617-86-01456,부산광역시 해운대구 우동 1462 센텀그린타워 17층,www.sehwagroup.com,,엔지니어링 서비스업,2012-08-27,12월
세화회계법인,Sehwa Accounting Firm,세화회계법인, ,이인직,기타법인,110134-0095526,550-87-01150,"서울특별시 강남구 영동대로 511 2층 207호 (삼성동, 트레이드타워)", ,,공인회계사업,2019-04-26,03월
(주)센구조연구소,"SEN STRUCTURAL ENGINEERS CO.,LTD",센구조연구소, ,이창남,기타법인,110111-1146384,116-81-36457,"서울특별시 영등포구 버드나루로19길 6 (당산동, 센스빌딩)",www.senkuzo.com,,건축설계 및 관련 서비스업,1995-04-07,12월
주식회사 센터원플래닛,Center One Planet Corp.,센터원플래닛, ,곽성균,기타법인,110111-6456283,330-81-00818,"서울특별시 강남구 논현로 404 , 4층 (역삼동, 정안빌딩)", ,,경영 컨설팅업,2017-07-10,03월
주식회사 센트럴바이오,"CENTRALBIO CO., LTD.",센트럴바이오, ,권민,기타법인,124411-0180828,292-81-00646,인천광역시 부평구 새벌로 14 (청천동) 424-13 (주)센트럴바이오,www.centralbio.co.kr/,,"물리, 화학 및 생물학 연구개발업",2016-08-25,12월
주식회사 센트럴이엔지,CENTRAL ENG,센트럴이엔지, ,정재건,기타법인,110111-5260528,230-81-02928,서울특별시 강남구 테헤란로82길 15 (대치동), ,,제조업 회사 본부,2013-11-11,12월
주식회사 센트럴인사이트홀딩스,central insight holdings ,센트럴인사이트홀딩스, ,사중진,기타법인,110111-6264785,882-88-00472,"서울특별시 서초구 반포대로30길 81 14층 1401호 (서초동, 웅진타워)", ,,경영 컨설팅업,2016-12-20,12월
(주)센트럴타임즈,centraltimes inc.,센트럴타임즈, ,이상권,기타법인,110111-7858636,756-87-01933,서울특별시 강남구 봉은사로63길 11 (삼성동) 475호, ,,경영 컨설팅업,2021-04-20,12월
(주)센틸리언인베스트먼트,Centillion Investment,센틸리언인베스트먼트, ,임창완,기타법인,110111-4275271,211-88-39234,"서울특별시 강남구 테헤란로7길 8 6층, 606호(역삼동)", ,,경영 컨설팅업,2010-02-01,12월
주식회사 셀라토즈테라퓨틱스,"CELLATOZ THERAPEUTICS, INC.",셀라토즈테라퓨틱스, ,임재승,기타법인,110111-6488434,302-81-29498,"경기도 성남시 분당구 판교로228번길 17 (삼평동, 판교세븐벤처밸리2) 1동 5층 501호", ,,"물리, 화학 및 생물학 연구개발업",2017-08-21,12월
주식회사 셀랩메드,CellabMED Inc.,셀랩메드, ,송성원,기타법인,110111-7095262,479-88-01241,서울특별시 성북구 정릉로 161 (정릉동) 메디사이언스파크 동화바이오관 3층,www.cellabmed.com,,의학 및 약학 연구개발업,2019-05-01,12월
(주)셀리드,"Cellid Co., Ltd.",셀리드,299660,강창율,코스닥시장,110111-3572636,119-81-94247,서울특별시 관악구 관악로 1 서울대학교 관악 940동(연구공원지원시설) B119호,www.cellid.co.kr,,자연과학 및 공학 연구개발업,2006-12-01,12월
(주)셀리버리,"Cellivery Therapeutics, Inc.",셀리버리,268600,윤주원,기타법인,180111-0902791,617-86-16037,서울특별시 강남구 논현로98길 28 (역삼동),www.cellivery.com,,의학 및 약학 연구개발업,2014-03-14,12월
주식회사 셀인셀즈,Cellincells,셀인셀즈, ,조재진,기타법인,110111-5600229,101-87-00395,"서울특별시 종로구 창경궁로 240-39 (명륜4가, 광원빌딩) 다움관 203호",www.cellincells.com,,의학 및 약학 연구개발업,2014-12-26,12월
주식회사 셀킷,CELLKIT Inc.,셀킷, ,박주호,기타법인,134511-0356954,170-87-00988,"경기도 용인시 기흥구 동백3로11번길 33 802-839호(중동, 새롬프라자)", ,,경영 컨설팅업,2018-05-16,12월
주식회사 셀트리온바이오솔루션스,"Celltrion BioSolutions, Inc.",셀트리온바이오솔루션스, ,이혁재,기타법인,120111-1430876,446-86-03570,"인천광역시 연수구 센트럴로 263 (송도동, 송도국제업무단지C8-2블럭업무복합시설)", ,,의학 및 약학 연구개발업,2024-12-17,12월
주식회사 셀트리온충북대바이오메딕스,CTB Biomedics Inc.,셀트리온충북대바이오메딕스, ,"권기성, 최상현",기타법인,150111-0255906,417-87-01299,"충청북도 청주시 청원구 오창읍 양청4길 45 (주성리, 충북대학교오창캠퍼스융합기술원) 에이301-1호", ,,의학 및 약학 연구개발업,2018-07-24,12월
주식회사 셀트리온충북대코스메틱스,CTB Cosmetics Inc.,셀트리온충북대코스메틱스, ,"최상현, 이수영",기타법인,150111-0255914,338-88-01033,"충청북도 청주시 청원구 오창읍 양청4길 45 (주성리, 충북대학교오창캠퍼스융합기술원) 에이301-2호", ,,의학 및 약학 연구개발업,2018-07-24,12월
주식회사 셀트리온화학연구소,CELLTRION CHEMICAL RESEARCH INSTITUTE,셀트리온화학연구소, ,박영준,기타법인,134511-0058104,135-81-52064,"경기도 용인시 기흥구 동백중앙로16번길 16-9 (중동, 대우프론티어밸리Ⅱ) 7층",www.celltrionchem.com/,,"물리, 화학 및 생물학 연구개발업",2002-02-07,12월
셀파이엔씨 주식회사,Sherpa Engineering and Construction Inc,셀파이엔씨, ,곽정하,기타법인,110111-2259706,215-86-09494,"서울특별시 송파구 새말로 125 3층(문정동, 어은회관)", ,,건물 및 토목 엔지니어링 서비스업,2001-06-13,12월
주식회사 셍고,singo Inc.,셍고, ,민정협,기타법인,141111-0065968,588-86-01804,강원특별자치도 강릉시 성덕포남로174번길 17 (포남동), ,,경영 컨설팅업,2020-06-04,12월
재단법인 소노수의재단,Sono Veterinary Foundation,소노수의재단, ,이지희,기타법인,145222-0000931,201-82-32076,강원특별자치도 홍천군 서면 한치골길 262, ,,수의업,2020-07-03,12월
주식회사 소노테크,sono tech,소노테크, ,이상민,기타법인,171211-0092244,590-86-00434,"경상북도 경주시 광중길 24 (용강동) 306호(용강동,스타타워)", ,,제조업 회사 본부,2016-06-23,12월
(주)소노파트너스,Sono Partners,소노파트너스, ,전창희,기타법인,110111-5743392,528-88-00132,"서울특별시 송파구 올림픽로35다길 42 (신천동, 한국루터회관)", ,,사업 및 무형 재산권 중개업,2015-06-05,12월
소르젠바이오베터 주식회사,"SOREGEN BIO BETTER CO.,LTD",소르젠바이오베터, ,이동빈,기타법인,110111-7782398,531-87-02196,"서울특별시 중구 세종대로 64 5층 566호 (태평로2가, 해남빌딩 신관)", ,,자연과학 연구개발업,2021-02-10,12월
소마세라퓨틱스,Psoma Therapeutics Inc.,소마세라퓨틱스, ,김종일,기타법인,110111-3689233,119-81-99204,"서울특별시 금천구 벚꽃로 254 (가산동, 월드메르디앙1차) 9층 911호", ,,의학 및 약학 연구개발업,2007-06-01,12월
주식회사 소마젠,"Psomagen, Inc.",소마젠,950200,홍수,코스닥시장, ,D10331502,"City of Wilmington, County of New Castle, State of Delaware, Postal Code 19801 Corporation Trust Cen",psomagen.com,,"그 외 기타 분류 안된 전문, 과학 및 기술 서비스업",2004-12-02,12월
소바젠주식회사,"SovarGen Co., Ltd.",소바젠, ,김병태,기타법인,160111-0485585,475-81-01158,"대전광역시 유성구 문지로 193 (문지동, KAIST문지캠퍼스) 부속2동 2층",www.sovargen.com,,의학 및 약학 연구개발업,2018-05-29,12월
(주)소빈폼테크 코리아,"SOVINFORMTECH KOREA CO.,LTD.",소빈폼테크코리아, ,이은식,기타법인,110111-2090613,220-81-99106,서울특별시 강남구 역삼동 779-7 신한빌딩 401호,http://www.sovinformtech.co.kr,,"그 외 기타 분류 안된 전문, 과학 및 기술 서비스업",2000-10-16,12월
주식회사 소셜빈,"SOCIALBEAN CO,.Ltd.",소셜빈, ,김학수,기타법인,195511-0162100,615-86-02347,부산광역시 기장군 장안읍 반룡산단2로 17 (반룡리),socialbean.co.kr,,제조업 회사 본부,2013-07-24,12월
주식회사 소울에너지,Soul Energy Inc.,소울에너지, ,안지영,기타법인,110111-6574233,140-87-00920,"서울특별시 중구 을지로 100 (을지로2가, 파인에비뉴) B동 18층",www.soulenergy.co.kr,,경영 컨설팅업,2017-11-21,12월
주식회사 소울인베스트먼트,"Soul Investment Co.,Ltd.",소울인베스트먼트, ,손용빈,기타법인,124411-0140640,137-86-41888,"서울특별시 영등포구 경인로 775 (문래동3가, 에이스하이테크시티) 1동 5층", ,,경영 컨설팅업,2013-12-19,12월
주식회사 소인국테마파크홀딩스,small-scale theme park holdings,소인국테마파크홀딩스, ,김남훈,기타법인,110111-7468782,647-88-01728,"서울특별시 강남구 강남대로 342 (역삼동, 역삼빌딩) 5층", ,,경영 컨설팅업,2020-04-24,12월
소주모 주식회사,"Sojumo Co., Ltd.",소주모, ,안우혁,기타법인,131111-0240794,129-86-38515,경기도 성남시 중원구 성남동 2486 상산빌딩 303호, ,,환경 관련 엔지니어링 서비스업,2009-09-29,12월
(주)소타인베스트먼트,Sota Investment,소타인베스트먼트, ,강상엽,기타법인,110111-1801673,214-86-41152,"서울특별시 강남구 봉은사로 327 (논현동, 궁도빌딩)", ,,경영 컨설팅업,1999-11-03,12월
주식회사 소테리아,Soteria Inc,소테리아, ,김종만,기타법인,110111-6637627,409-87-01037,"서울특별시 관악구 남부순환로 1921-1 (봉천동, 범산빌딩) 401-B5호",www.soteria-sys.com,,전기ㆍ전자공학 연구개발업,2018-01-22,12월
주식회사 손앤풋볼리미티드,"Son&Football Limited Co.,Ltd",손앤풋볼리미티드, ,손웅정,기타법인,110111-4628264,201-86-22431,강원특별자치도 춘천시 동면 가락재로 40 (감정리), ,,매니저업,2011-06-21,12월
솔라디루프 주식회사,Solar D Roof,솔라디루프, ,"금종석, 최준신",기타법인,131111-0754779,480-87-03524,경기도 성남시 분당구 서현로210번길 1 4층 405-라97호(서현동), ,,경영 컨설팅업,2024-12-20,12월
솔라에쿼티 주식회사,"SolarEquity, Inc.",솔라에쿼티, ,이영호,기타법인,110111-6272655,518-88-00611,"서울특별시 서초구 서초대로 396 6층, 603호(서초동, 강남빌딩)", ,,경영 컨설팅업,2017-01-12,12월
주식회사 솔라옵틱스,"Solar Optics Co., Ltd.",솔라옵틱스, ,배석만,기타법인,135511-0333274,580-81-01159,"경기도 화성시 동탄첨단산업1로 27 (영천동, 금강펜테리움IX타워) C동 335", ,,자연과학 및 공학 연구개발업,2018-11-01,12월
(주)솔렉스플랜닝,Solex Planning Ltd,솔렉스플랜닝, ,장용성,기타법인,110111-1634230,213-86-37655,서울특별시 서초구 서초동 1338-23, ,,경영 컨설팅업,1999-02-01,12월
솔리드파워코리아 주식회사,"Solid Power Korea Co., Ltd.",솔리드파워코리아, ,JOHN CHARLES VAN SCOTER II,기타법인,110111-8745395,313-86-02776,"서울특별시 서초구 서초대로 398 (서초동, BNK디지털타워) 4층, 410호", ,,경영 컨설팅업,2023-09-15,12월
(주)솔본,"SOLBORN, Inc.",솔본,035610,홍기태,코스닥시장,110111-1064429,211-86-07024,"서울특별시 강남구  학동로95길 51 청담동,청담스포피아",www.solborn.co.kr,,회사 본부 및 경영 컨설팅 서비스업,1994-08-05,12월
솔브레인홀딩스(주),"Soulbrain Holdings Co., Ltd.",솔브레인홀딩스,036830,"정현석, 정문주 (공동 대표이사)",코스닥시장,110111-0610083,214-81-03416,"경기도 성남시 분당 판교로 255번길 34, 5층(삼평동, 솔브레인)",http://www.soulbrainholdings.co.kr,,회사 본부 및 경영 컨설팅 서비스업,1986-05-06,12월
(주)솔빛나라,Solbit Nara,솔빛나라, ,서충모,기타법인,110111-2980335,107-86-48181,서울특별시 영등포구 여의도동라이프콤비빌딩 718호, ,,경영 컨설팅업,2004-03-24,12월
(주)솜씨,SOMC Environmentel Design Instit,솜씨, ,이문호,기타법인,110111-2067125,220-81-96958,서울특별시 서초구 동광로 99 (방배동),"www.somc.co,kr",,도시계획 및 조경설계 서비스업,2000-09-07,12월
주식회사 송암스페이스센터,"SONGAM SPACECENTER CO.,LTD",송암스페이스센터, ,엄춘보,기타법인,280111-0066190,127-81-89838,경기도 양주시 장흥면 석현리 산 170-1,www.songamspacecenter.com,,"그 외 기타 분류 안된 전문, 과학 및 기술 서비스업",2004-11-25,03월
송정회계법인,Songjeong Accounting Corporation,송정회계법인, ,송수익,기타법인,110134-0107850,742-81-02703,"서울특별시 강남구 도곡로 111 4층 (역삼동, 미진빌딩)",www.songjeongcpa.co.kr,,공인회계사업,2022-10-27,03월
송현회계법인,SongHyun Accounting corporation,송현회계법인, ,박종구,기타법인,114671-0022551,120-81-72511,서울특별시 강남구 논현로87길 23 소정빌딩 3층 (역삼동), ,,공인회계사업,1997-04-15,03월
(주)수레커뮤니케이션,"Sure Commucation Co., Ltd.",수레커뮤니케이션, ,강창석,기타법인,110111-3059840,220-86-89369,서울특별시 구로구 구로3동 197-5 삼성IT밸리 1012호, ,,사진 처리업,2004-07-31,12월
수민인베스트먼트유한책임회사,"Sumin Investment, LLC",수민인베스트먼트, ,기수경,기타법인,110515-0009767,895-88-01841,"서울특별시 용산구 독서당로 111 (한남동, 한남더힐) 113동 102호", ,,경영 컨설팅업,2020-07-03,12월
(주)수산이앤에스,"SOOSAN ENS Co.,Ltd.",수산이앤에스, ,한봉섭,기타법인,230111-0180396,610-86-09122,"울산광역시 북구 매곡산업로 21 , 3층 (매곡동, 자동차조선기술관)",www.soosanens.co.kr,,기타 엔지니어링 서비스업,2011-08-08,12월
(주)수성엔지니어링,(L)SOOSUNG ENG,수성엔지니어링, ,김석환,기타법인,110111-0746078,609-81-14412,"경상남도 창원시 성산구 창이대로 510 (용호동, 경남보훈회관) 403호",www.soo-sung.co.kr,,건물 및 토목 엔지니어링 서비스업,1990-03-01,12월
(주)수앤파트너스,SUANDPARTNERS,수앤파트너스, ,김현중,기타법인,110111-3267922,120-86-83973,"서울특별시 서초구 서초대로 397 (서초동, 부띠크모나코) B동 2004호", ,,경영 컨설팅업,2005-07-14,12월
(주)수양엔지니어링,SUYANG ENG,수양엔지니어링, ,박상일,기타법인,130111-0042076,124-81-49079,"경기도 수원시 영통구 태장로7번길 6-1 (망포동, 망포동쌍용3차아파트) 2동 2층", ,,건축설계 및 관련 서비스업,1997-03-20,12월
수인회계법인,SUIN Accounting Corporation,수인회계법인, ,김경혜,기타법인,110134-0104690,302-87-02088,서울특별시 강남구 논현로132길 34 (논현동) 시전빌딩 3층 수인회계법인, ,,회계 및 세무관련 서비스업,2021-11-23,03월
수자원환경산업진흥(주),KWECO,수자원환경산업진흥, ,조중희,기타법인,120111-0566614,137-86-09743,경기도 김포시 고촌읍 아라육로270번길 74 김포여객터미널 3층, ,,건축 및 조경 설계 서비스업,2011-04-26,12월
주식회사 수컴퍼니,"Su Company Co., Ltd",수컴퍼니, ,권상우,기타법인,110111-4119974,120-87-42004,"서울특별시 성동구 왕십리로10길 12 (성수동1가) 1,2층", ,,매니저업,2009-07-07,12월
주식회사 숲엔터테인먼트 ,"SOOP ENTERTAINMENT CO.,LTD",숲엔터테인먼트, ,김장균,기타법인,110111-4584549,211-88-58847,서울특별시 강남구 학동로50길 27 (논현동),www.soopent.com,,"그 외 기타 전문, 과학 및 기술 서비스업",2011-04-19,12월
주식회사 쉬스케미칼컨설팅,"SHES Chemical Consulting Co., Ltd.",쉬스케미칼컨설팅, ,박용순,기타법인,110111-5056430,105-87-82588,"서울특별시 마포구 마포대로 45 (도화동, 일진빌딩) 9층", ,,"물리, 화학 및 생물학 연구개발업",2013-01-29,12월
슈퍼셀코리아 유한회사,Supercell Korea Limited,슈퍼셀코리아, ,"얀네올라비스넬만, 마쿠안테로이그네이셔스",기타법인,110114-0139748,220-88-70317,서울특별시 성동구 연무장7길 13 7층 (성수동2가), ,,"그 외 기타 분류 안된 전문, 과학 및 기술 서비스업",2013-12-17,12월
주식회사 슈퍼트러스트,SUPER TRUST,슈퍼트러스트, ,김학응,기타법인,110111-8393607,559-87-02646,"서울특별시 송파구 송파대로 167 에이동 1303호(문정동, 문정역테라타워)", ,,광고 대행업,2022-08-12,12월
주식회사 슈퍼홀릭인베스트먼트,superholic investment ,슈퍼홀릭인베스트먼트, ,김윤회,기타법인,110111-6364147,393-81-00691,서울특별시 강남구 논현로152길 30 3층(신사동), ,,경영 컨설팅업,2017-04-06,12월
슈프림에셋 주식회사,Supreme Asset Management,슈프림에셋, ,유병덕,기타법인,110111-3767477,107-87-01034,"서울특별시 영등포구 여의대방로65길 17 409호 (여의도동, 서린빌딩)", ,,경영 컨설팅업,2007-10-16,12월
주식회사 스노우볼컨설팅,SnowBallConsulting,스노우볼컨설팅, ,사중진,기타법인,110111-3619412,214-88-04092,"서울특별시 강남구 강남대로44길 7 ,2층 247호(도곡동, 글수레빌딩)", ,,경영 컨설팅업,2007-02-09,12월
스누메드 주식회사,Snumed Inc.,스누메드, ,조경예,기타법인,110111-5770733,318-86-00211,"서울특별시 금천구 가산디지털1로 168 (가산동, 우림라이온스밸리) 에이동 403호", ,,경영 컨설팅업,2015-07-02,12월
주식회사 스마젠,SUMAGEN co.Ltd ,스마젠, ,조중기,기타법인,110111-2072223,114-86-02733,서울특별시 강남구 테헤란로77길 7,www.sumagen.com,,의학 및 약학 연구개발업,2000-09-20,12월
스마트미디어렙 주식회사,"Smart Media Representative Co., Ltd.",스마트미디어렙, ,김유호,기타법인,110111-5438258,105-88-04051,"서울특별시 마포구 성암로 179 (상암동, 한샘상암) 12층",www.smartmediarep.com,,광고 대행업,2014-06-13,12월
(주)스마트인베스트먼트,"Smart Investment, Inc",스마트인베스트먼트, ,"이미현, 김재성",기타법인,120111-0712001,234-81-01673,인천광역시 강화군 강화읍 강화대로 158 (용정리), ,,경영 컨설팅업,2014-06-13,12월
주식회사 스마트채널,"SMART CHANNEL Co., Ltd",스마트채널, ,홍순모,기타법인,110111-4096479,214-88-41888,서울특별시 강동구 천호대로175길 39 (길동)2층,www.smartchannel.co.kr/,,그 외 기타 광고 관련 서비스업,2009-05-18,12월
스마트코어팜,smartcorefarm,스마트코어팜, ,이헌,기타법인,110111-6751261,267-88-01008,서울특별시 중구 다산로19길 46 (신당동) 지하1층, ,,경영 컨설팅업,2018-05-21,12월
주식회사 스마트홀딩스,"Smart holdings Co., Ltd.",스마트홀딩스, ,이혁재,기타법인,110111-4437243,210-81-65332,서울특별시 강북구 인수봉로 272-1 (수유동), ,,경영 컨설팅업,2010-09-17,12월
스몰빌,smallville,스몰빌, ,김규열,기타법인,124411-0224139,336-81-01284,경기도 김포시 고촌읍 장차로 1 1층 704호, ,,경영 컨설팅업,2018-12-04,12월
(주)스미스경영컨설팅,"SMIS MANAGEMENT CO.,LTD",스미스경영컨설팅, ,송민우,기타법인,110111-4069377,211-88-25050,서울특별시 강남구 청담동 경원하이츠텔16층 19호, ,,경영 컨설팅업,2009-03-30,12월
(주)스웨이브,SWAVE,스웨이브, ,신혜연,기타법인,110111-4144327,214-88-45017,서울특별시 강남구 봉은사로63길 21 (삼성동), ,,"광고물 문안, 도안, 설계 등 작성업",2009-07-01,12월
(주)스위스레저코리아,SWISSLEISUREKOREA,스위스레저코리아, ,오필은,기타법인,110111-1629538,120-81-85485,서울특별시 강남구 역삼동 704-55, ,,사업 및 무형 재산권 중개업,1999-01-07,12월
주식회사 스위트스팟,"Sweet Spot Co., Ltd.",스위트스팟, ,김정수,기타법인,110111-5799478,846-86-00225,"서울특별시 성동구 뚝섬로1길 63 (성수동1가, 영창디지털타워)", ,,광고 대행업,2015-08-03,12월
스윙엔터테인먼트(주),"SWING ENTERTAINMENT CO.,LTD",스윙엔터테인먼트, ,신동길,기타법인,110111-6773968,651-88-00937,"서울특별시 용산구 녹사평대로26길 36 (이태원동, 고려빌딩) B1",www.singent.com,,매니저업,2018-06-08,12월
주식회사 스카디홀딩스,"Active Value Asia Partners Co., Ltd.",스카디홀딩스, ,임지원,기타법인,110111-5239565,264-81-22698,"서울특별시 서초구 서초중앙로 114 (서초동, 일광빌딩) 타호비지니스교대2센터 에스2-01호", ,,경영 컨설팅업,2013-10-04,12월
(주)스카우트,scout,스카우트, ,문영철,기타법인,130111-0047539,124-81-57055,"서울특별시 강남구 언주로 431 (역삼동, 삼봉빌딩)3-5층",https://www.scout.co.kr/,,경영 컨설팅업,1998-06-02,12월
스카이라인인베스트먼트 주식회사,skylineinvestment corp,스카이라인인베스트먼트, ,정인준,기타법인,180111-1077858,571-88-00553,"부산광역시 남구 분포로 111 (용호동, 엘지메트로시티) 137층 906호", ,,경영 컨설팅업,2017-02-08,12월
스카이랜디벨롭먼트주식회사,Skylan Development Limited,스카이랜디벨롭먼트, ,조나단데이비드페랫,기타법인,110111-3603085,104-86-05640,서울특별시 중구 태평로1가 파이낸스빌딩 20층, ,,경영 컨설팅업,2007-01-18,12월
주식회사 스카이리소스매니지먼트,SKY RESOURCE MANAGEMENT INC.,스카이리소스매니지먼트, ,ZHUANG LEI,기타법인,110111-7186756,491-81-01505,"서울특별시 중구 남대문로7길 29 (소공동, 복창빌딩) 202호",04532,,"건축기술, 엔지니어링 및 기타 과학기술 서비스업",2019-07-29,12월
주식회사 스카이칩스,SKAICHIPS,스카이칩스, ,이강윤,기타법인,135811-0365396,747-87-01453,"경기도 수원시 권선구 효원로266번길 11 (권선동, SPACE&ERUMTOWER) 15층, 16층, 17층", ,,전기ㆍ전자공학 연구개발업,2019-04-19,12월
(주)스카이콤,Sky Communications Group Inc.,스카이콤, ,노제호,기타법인,110111-1174400,211-86-42036,서울특별시 종로구 신문로2가 1-131 축구회관 3층,http://www.skycommgroup.com,,광고 대행업,1995-07-05,12월
주식회사 스카이테라퓨틱스,SCAI Therapeutics,스카이테라퓨틱스, ,김철환,기타법인,110111-7138559,194-81-01619,"서울특별시 서초구 강남대로107길 21 2층 (잠원동, 대능빌딩)",scaitrx.com/,,의학 및 약학 연구개발업,2019-06-21,12월
(주)스케줄코퍼레이션,Schedule Corporation,스케줄코퍼레이션, ,권동혁 박정호,기타법인,110111-7722633,849-87-01894,"서울특별시 강남구 도산대로61길 10 (청담동, 해석빌딩)5층", ,,경영 컨설팅업,2021-01-01,12월
스퀘어에퀴티파트너스 유한회사,Square Equity Partners LC.,스퀘어에퀴티파트너스, ,황윤정,기타법인,110114-0342367,461-87-02975,"서울특별시 은평구 진관2로 15-46 (진관동, 메트로프라자)7층 704호", ,,경영 컨설팅 및 공공 관계 서비스업,2024-08-13,12월
주식회사 스킨앤내추럴,SKIN N NATURAL,스킨앤내추럴, ,이정자,기타법인,284911-0226447,684-86-01951,경기도 파주시 문산읍 돈유2로 14-1 (선유리), ,,경영 컨설팅업,2020-06-10,12월
(주)스타쉽엔터테인먼트,"starship entertainment co.,ltd",스타쉽엔터테인먼트, ,"김시대, 이진성",기타법인,110111-3853226,114-86-65214,서울특별시 강남구 삼성로146길 4-5 (청담동),www.starship-ent.co.kr,,매니저업,2008-03-04,12월
(주)스타앤파트너스,starnpartnerst,스타앤파트너스, ,이재룡,기타법인,110111-4239392,211-88-36858,"서울특별시 강남구 학동로97길 41 (청담동, 리유빌딩)", ,,매니저업,2009-12-11,12월
(주)스타엠엔터테인먼트,starM ENT.,스타엠엔터테인먼트, ,홍의,기타법인,110111-3122621,211-87-59155,서울특별시 강남구 삼성동 85-21 2층, ,,매니저업,2004-12-01,12월
(주)스타워크,star work,스타워크, ,신동렬,기타법인,110111-1443988,203-81-24541,서울특별시 중구 필동3가 48-1 3층,starworkkorea.co.kr,http://starworkkorea.co.kr,옥외 광고업,1997-08-01,12월
주식회사 스타케이,"Star K Co.,Ltd",스타케이, ,김병선,기타법인,110111-3375915,211-87-75795,서울특별시 강남구 청담동 93-11 쿤빌딩 5층,www.star-k.co.kr,,매니저업,2006-01-09,12월
(주)스타하우스엔터테인먼트,"STARHAUS ENTERTAINMENT  Co., Ltd.",스타하우스엔터테인먼트, ,장영훈,기타법인,110111-3416553,211-87-78943,"서울특별시 강남구 도산대로24길 7 (논현동, 효진빌딩)6,7층",starhaus.co.kr,,매니저업,2006-03-13,12월
(주)스탠다드뱅크,"Standardbank Co., Ltd.",스탠다드뱅크, ,김한준,기타법인,135111-0091937,123-86-16172,"경기도 군포시 군포첨단산업2로 48 (부곡동, (주)스탠다드뱅크)",www.standardbank.co.kr,,"기타 기술 시험, 검사 및 분석업",2009-01-02,12월
(주)스탠다임,Standigm Inc.,스탠다임, ,김진한,기타법인,110111-5714757,637-86-00053,서울특별시 강남구 논현로85길 70 (역삼동) 3층 (역삼823빌딩),www.standigm.com,,의학 및 약학 연구개발업,2015-05-04,12월
주식회사 스탠더스,NUB CORPORATION,스탠더스, ,이상록,기타법인,110111-6670411,227-87-00800,서울특별시 강남구 언주로149길 17 6층 (논현동), ,,경영 컨설팅업,2018-02-26,12월
주식회사 스탠드업테라퓨티스,Stand Up Therapeutics Inc.,스탠드업테라퓨티스, ,유준상,기타법인,110111-8017760,222-87-02045,"서울특별시 용산구 한남대로 98 (한남동, 일신빌딩)2층 스탠드업테라퓨티스",www.stutps.com,,의학 및 약학 연구개발업,2021-09-17,12월
스터디월드넷주식회사,Studyworldnet Inc.,스터디월드넷, ,남기성,기타법인,110111-1706625,213-86-39653,서울특별시 강남구 신사동 574-1번지 성우빌딩한미은행내,http://www.studyworld.net,,광고 대행업,1999-06-01,12월
스테이트에셋 주식회사,State Asset,스테이트에셋, ,안정환,기타법인,110111-6073475,320-86-00456,"서울특별시 강남구 선릉로 524 443호 (삼성동, 선릉대림아크로텔)", ,,경영 컨설팅업,2016-05-26,12월
주식회사 스텔로,Stello Inc.,스텔로, ,이정임,기타법인,110111-8201131,375-87-02387,인천광역시 중구 용유서로 492 (을왕동), ,,경영 컨설팅업,2022-02-10,12월
주식회사 스토어링크,Storelink,스토어링크, ,정용은,기타법인,135811-0391523,835-87-01750,경기도 수원시 권선구 곡선로50번길 13-2 404호 (곡반정동), ,,광고 대행업,2020-04-27,12월
(주)스톡씨닷컴,www.stockc.com,스톡씨닷컴, ,상준규,기타법인,110111-1952187,107-81-82490,서울특별시 영등포구 여의도동 13-19 남중빌딩10층,www.stockc.com,,도시계획 및 조경설계 서비스업,2000-04-26,05월
스톤리버 유한회사,Stone River Limited,스톤리버, ,정진국,기타법인,110114-0270047,761-88-01927,"서울특별시 중구 청계천로 100 17층 (수표동, 시그니쳐타워)", ,,경영 컨설팅업,2020-12-15,12월
주식회사 스톤비치,"DongHae D&C Co.,Ltd.",스톤비치, ,"최원석, 홍진표",기타법인,140111-0071099,548-86-00700,충청남도 태안군 근흥면 갈음이길 77, ,,경영 컨설팅업,2017-10-13,12월
주식회사 스톰에스컴퍼니,STORM S COMPANY,스톰에스컴퍼니, ,송경복,기타법인,110111-4088559,211-88-26097,"서울특별시 서초구 강남대로 595 (잠원동, 경승빌딩)",https://www.facebook.com/stormscom/,,매니저업,2009-04-30,12월
주식회사 스톰홀딩스,"STOM HOLDINGS CO.,LTD",스톰홀딩스, ,양우진,기타법인,110111-2631318,214-87-22400,서울특별시 서초구 양재동263 401호,www.pipe8282.com,,경영 컨설팅업,2002-10-16,12월
(주)스튜디오에피소드,STUDIO EPISODE Inc.,스튜디오에피소드, ,한정훈,기타법인,110111-6793544,697-87-00988,"서울특별시 강남구 학동로23길 13 (논현동, 에피소드그룹빌딩)",episode.team,,광고 대행업,2018-06-27,12월
주식회사 스튜디오좋,STUDIOK110,스튜디오좋, ,"남우리, 송재원",기타법인,110111-8191225,739-87-00448,서울특별시 강남구 도산대로 150 7층 (논현동), ,,광고 대행업,2016-07-25,12월
(주)스튜어드파트너스,Steward Partners Inc.,스튜어드파트너스, ,이홍직,기타법인,110111-1889596,120-86-00439,서울특별시 강남구 역삼2동 726-8번지 맥캔리하이츠 2층, ,,경영 컨설팅업,2000-02-25,12월
(주)스트라타컨설팅,STRATA Counsulting Co.,스트라타컨설팅, ,이종승,기타법인,134111-0169256,138-81-49272,"경기도 안양시 동안구 흥안대로 415 (평촌동, 두산벤처다임), 518호", ,,경영 컨설팅업,2008-08-06,12월
주식회사 스트락스건축사사무소,STRX ARCHITECTURE,스트락스건축사사무소, ,문혁주,기타법인,110111-4932772,211-88-81576,서울특별시 강남구 도산대로30길 41-4 (논현동) 2층, ,,제도업,2012-08-03,12월
(주)스틱네트워크," STIC Network Co., Ltd.",스틱네트워크, ,박기홍,기타법인,110111-2252627,120-86-21996,서울특별시 강남구 대치동 891-43 MSA빌딩 9층,www.stic.co.kr,,경영 컨설팅업,2001-05-30,12월
스틱인터랙티브 주식회사,STICK interactive,스틱인터랙티브, ,김택기,기타법인,110111-4045426,101-86-45172,"서울특별시 종로구 율곡로 33 10층, 11층(안국동, 안국빌딩)", ,,광고 대행업,2009-02-17,12월
유한책임회사 스틸앤코,STEEL & CO INC.,스틸앤코, ,공태현,기타법인,110115-0000335,105-87-84344,"서울특별시 마포구 마포대로 78 (도화동, 경찰공제회관자람빌딩10층)", ,,경영 컨설팅업,2013-03-19,12월
주식회사 스파크바이오파마,"Spark Biopharma, Inc.",스파크바이오파마, ,박승범,기타법인,110111-5956482,441-88-00285,"서울특별시 관악구 관악로 134 3,4,5,6,7층 (봉천동)",sparkbiopharma.com/,,의학 및 약학 연구개발업,2016-01-25,12월
스페이셜바이오테크놀러지 주식회사,Spatial Bio Technology Inc.,스페이셜바이오테크놀러지, ,김기윤,기타법인,110111-5387207,120-88-11814,"경기도 용인시 기흥구 중부대로 382 (신갈동, STAYTOWER) 213호", ,,기타 전문 서비스업,2014-04-09,12월
스페이셜인베스트먼트 주식회사,"Space Investment, Inc",스페이셜인베스트먼트, ,김병진,기타법인,110111-8686888,730-88-03009,"서울특별시 송파구 백제고분로7길 8-16 (잠실동, 남광빌딩) 지층비1-에이02호", ,,경영 컨설팅업,2023-07-10,12월
(주)스페이스애드,SPACEADD,스페이스애드, ,오창근,기타법인,110111-6603800,433-88-00926,"서울특별시 강남구 도산대로 156 (논현동, 중앙엠앤비사옥) 5층",spaceadd.com/,,옥외 광고업,2017-12-20,12월
(주)스포톤인터내셔날코리아,SPORTON INTERNATIONAL KOREA INC.,스포톤인터내셔날코리아, ,후앙원리앙,기타법인,110111-3367673,123-86-04899,"경기도 군포시 산본로324번길 8 101호 (금정동, 동영센트럴타워)", ,,"그 외 기타 분류 안된 전문, 과학 및 기술 서비스업",2006-01-26,12월
주식회사 스포티비커넥트,"SPOTV KONNECT Co., Ltd",스포티비커넥트, ,홍원의,기타법인,110111-6970374,879-86-01428,"서울특별시 서초구 사평대로 140 6F (반포동, 코웰빌딩)", ,,광고 대행업,2019-01-01,12월
스푼(주),spoon Inc.,스푼, ,김덕희,기타법인,110111-1619729,211-86-48118,"서울특별시 중구 통일로 10 (남대문로5가, 연세대학교세브란스빌딩) 7층",www.m-hub.co.kr,www.m-hub.co.kr,광고 대행업,1998-12-14,12월
스프랏코리아,SPROTTKOREA CORP,스프랏코리아, ,이재우,기타법인,110111-4970368,107-87-80572,"서울특별시 영등포구 국제금융로 10 (여의도동, 서울국제금융센터)ThreeIFC 46층 스프랏코리아",www.sprottkorea.co.kr,,전문 서비스업,2012-09-27,12월
주식회사 스프링힐우진,Springhll woojin Inc.,스프링힐우진, ,김명호,기타법인,110111-7189297,354-86-01521,서울특별시 강남구 테헤란로 407 (삼성동) 4층, ,,경영 컨설팅업,2019-08-07,12월
슬로운테크코리아 주식회사,Sloan Tech Korea,슬로운테크코리아, ,조상철,기타법인,110111-8675956,797-86-02824,"서울특별시 강남구 테헤란로 423 (삼성동, 현대타워) 9층 9461호", ,,경영 컨설팅업,2023-07-04,12월
(주)승보광고,seungboad.co.ltd,승보광고, ,김경택,기타법인,110111-0961808,120-81-30637,서울특별시 강남구 테헤란로64길 24 유경빌딩 6층 (대치동),www.seungboad.com,,옥외 광고업,1993-08-01,12월
승일회계법인,Seungil Accounting Corporation,승일회계법인, ,최석봉,기타법인,200134-0021928,408-86-01380,광주광역시 남구 중앙로 87 KBC 광주방송 10층 (서동), ,,공인회계사업,2013-04-01,03월
주식회사 승한이엔씨,Seunghan E&C,승한이엔씨, ,이동욱,기타법인,110111-4215011,211-88-35543,서울특별시 강남구 논현동 91-3 삼안빌딩 5층, ,,경영 컨설팅업,2009-11-10,12월
(주)시공테크,"SIGONG TECH Co.,Ltd.",시공테크,020710,김승태,코스닥시장,110111-0562896,120-81-26128,경기도 성남시 분당구 판교역로 225-20 시공빌딩,www.sigongtech.co.kr,,전문 디자인업,1988-02-19,12월
(주)시그넷홀딩스,Signet Holdings Inc.,시그넷홀딩스, ,황호철,기타법인,285011-0396891,573-86-01312,"경기도 고양시 일산동구 일산로 138 (백석동, 일산테크노타운) 공장동 104호", ,,경영 컨설팅업,2018-11-09,12월
(주)시너스홀딩스,sinusholdings,시너스홀딩스, ,이시형,기타법인,110111-3059519,211-87-53530,경기도 수원시 권선구 서수원로 92 (오목천동) 3층, ,,경영 컨설팅업,2004-08-05,12월
(주)시너지힐앤놀튼,"SYNERGY HILL AND KNOWLTON CO.,, LTD.",시너지힐앤놀튼, ,정현순,기타법인,110111-1833303,101-81-52611,"서울특별시 종로구 율곡로 33 (안국동, 안국빌딩) 14층", ,,공공관계 서비스업,1999-12-21,12월
주식회사 시네마홀딩스,CINEMA HOLDINGS ,시네마홀딩스, ,양병호,기타법인,120111-1029091,163-88-01521,"인천광역시 서구 고산후로121번길 25 (원당동, 제일프라자) 402-2", ,,경영 컨설팅업,2019-10-24,12월
시네오스헬스코리아 유한회사,Syneos Health Korea LLC,시네오스헬스코리아, ,이소라,기타법인,110114-0094827,101-86-59040,서울특별시 강남구 테헤란로 129 (역삼동) 강남N타워 4층, ,,"기타 전문, 과학 및 기술 서비스업",2010-10-13,12월
주식회사 시대컨설팅,sidae consulting ,시대컨설팅, ,남현,기타법인,110111-6556687,632-88-00765,인천광역시 중구 영종대로 881 리베라베리움 1동 1810호 (중산동), ,,경영 컨설팅업,2017-11-02,12월
주식회사 시더스파트너스,cedarspartners,시더스파트너스, ,이상은,기타법인,110111-8442230,258-81-02815,"서울특별시 서초구 서초대로74길 29 (서초동, 서초파라곤) 409호", ,,경영 컨설팅업,2022-10-15,12월
주식회사 시디에스윈드,"CDS WIND CO., LTD.",시디에스윈드, ,박용걸,기타법인,110111-4495754,120-87-62825,전라남도 신안군 압해읍 천사로 897 (신장리) 1동 201호, ,,"그 외 기타 분류 안된 전문, 과학 및 기술 서비스업",2010-12-20,12월
주식회사 시리얼,SeeReal Inc.,시리얼, ,신희정,기타법인,135711-0121823,667-81-00684,"서울특별시 강남구 논현로72길 16 4층 4854호(역삼동, 초원빌딩)", ,,경영 컨설팅업,2017-07-04,12월
시리우스홀딩스,Sirius Holdings Co. Ltd,시리우스홀딩스, ,이수훈,기타법인,230111-0400760,565-87-02980,울산광역시 북구 무룡1로 66 4층(연암동), ,,경영 컨설팅업,2023-11-03,12월
유한회사 시만,Shiman Ltd.,시만, ,크리스찬 클루게,기타법인,120114-0010764,387-81-00890,"인천광역시 연수구 송도미래로 30 E동 1308-1호 (송도동, 송도BRC스마트밸리지식산업센터)", ,,"기타 기술 시험, 검사 및 분석업",2017-11-24,12월
(주)시몽건축사사무소,cemong architech,시몽건축사사무소, ,변희협,기타법인,110111-1462152,220-81-47608,서울특별시 강남구 자곡로 174-10 (자곡동) 강남에이스타워 1017호, ,,건축설계 및 관련 서비스업,1997-10-01,12월
시믹바이오리서치센터(주),"CMIC BIORESEARCH CENTER .Co., Ltd",시믹바이오리서치센터, ,"사이토 아케미(齋藤明美), 요시다 케이죠((吉田啓造)",기타법인, ,090-00-1011851,일본국 야마나시현 호쿠코시 코부치사와쵸 10221번지,www.cmic-br.co.jp/,,자연과학 연구개발업,2008-12-01,09월
시민햇빛발전소 주식회사,-,시민햇빛발전소, ,정창현,기타법인,110111-6614162,627-81-00783,"서울특별시 중구 소공로 94 (소공동, OCI주식회사)", ,,건축설계 및 관련 서비스업,2018-01-02,12월
(주)시스앤코,"SYSNCO CO., LTD",시스앤코, ,최민,기타법인,110111-3107425,211-87-56901,"인천광역시 연수구 컨벤시아대로 126 (송도동, 푸르지오월드마크) 801-613호", ,,광고 대행업,2004-11-01,12월
시아인베스먼트 주식회사,Sia Investment,시아인베스먼트, ,김대능,기타법인,110111-6810538,581-81-01230,"서울특별시 서초구 사임당로 28 (서초동, 청호나이스) 574호", ,,경영 컨설팅업,2019-04-18,12월
(주)시아플랜건축사사무소,SIAPLAN Architects&planners,시아플랜건축사사무소, ,조주환,기타법인,110111-1589807,215-81-72158,서울특별시 강남구 도곡동 467-6 대림아크로텔 16층,www.siaplan.com,,건축설계 및 관련 서비스업,1998-09-24,12월
(주)시양인터내셔널인베스트먼트코리아,xiyang international investment korea ,시양인터내셔널인베스트먼트코리아, ,펀호치우,기타법인,110111-4779231,107-87-64892,서울특별시 영등포구 여의도동 교보증권빌딩 10층, ,,경영 컨설팅업,2012-01-19,12월
주식회사 시에스,"CS Co., Ltd",시에스, ,김춘성,기타법인,120111-1163550,601-81-38588,"인천광역시 연수구 인천타워대로 323 (송도동, 송도센트로드) C동3401호", ,,경영 컨설팅업,2021-07-22,12월
주식회사 시영,siyoung,시영, ,황보구백,기타법인,110111-2937584,107-86-45020,서울특별시 강남구 강남대로160길 21 6층 (신사동), ,,경영 컨설팅업,2004-01-16,12월
(주)시큐어셀,SECURECELL,시큐어셀, ,김동영,기타법인,110111-3592709,214-88-01493,"경기도 하남시 미사대로 550 (덕풍동, 현대지식산업센터한강미사)",www.securecell.co.kr,,기타 자연과학 연구개발업,2007-01-03,12월
주식회사 시클리드,CICHLID,시클리드, ,김승란,기타법인,110111-5590917,261-81-22651,"서울특별시 강남구 언주로 647 (논현동, 강남빌딩) 4층 445호", ,,경영 컨설팅업,2014-12-16,12월
(주)시티라이프알앤디,CITY LIFE R&D,시티라이프알앤디, ,임성빈,기타법인,110111-3325150,211-87-72217,서울특별시 강남구 청담동 132-1 삼청빌딩502호, ,,공인회계사업,2005-10-19,12월
주식회사 시티인베스트먼트,"City Investment Co.,Ltd",시티인베스트먼트, ,박용민,기타법인,134511-0247765,142-81-82149,서울특별시 강남구 봉은사로30길 63 (역삼동), ,,경영 컨설팅업,2014-12-02,12월
(주)시험과측량,"Laborotory Test & Surveying Co.,Ltd.",시험과측량, ,이세원,기타법인,110111-2060608,209-81-26509,서울특별시 영등포구 당산동4가 80번지,www.ltns.co.kr,,건물 및 토목 엔지니어링 서비스업,2000-08-30,12월
식스케이컴퍼니 주식회사,-,식스케이컴퍼니, ,이봉관,기타법인,110111-6587210,797-81-00739,"서울특별시 영등포구 의사당대로 97 (여의도동, 교보증권빌딩)",-,,회사 본부 및 경영 컨설팅 서비스업,2017-12-04,12월
재단법인 식품안전상생재단,MUTUAL COOPERATION FOUNDATION FOR FOOD SAFETY,식품안전상생재단, ,최은석,기타법인,254322-0011900,113-82-08624,"서울특별시 구로구 경인로 518 (구로동, 2층)",www.cfs.or.kr,,"그 외 기타 분류 안된 전문, 과학 및 기술 서비스업",2014-01-07,12월
신라젠(주),"SillaJen, Inc.",신라젠,215600,김재경,코스닥시장,180111-0550194,603-81-61936,"서울특별시 중구 청계천로 106 3층(수표동, 크리스탈스퀘어)",www.sillajen.com,,의학 및 약학 연구개발업,2006-03-28,12월
주식회사신록성장,shinrok,신록성장, ,김태림,기타법인,110111-8833330,194-81-03368,"서울특별시 강남구 밤고개로 223 (자곡동, 강남센터뷰)", ,,경영 컨설팅업,2024-01-04,12월
신루이샹홀딩리미티드,XINRUIXIANG HOLDING LIMITED,신루이샹홀딩리미티드, ,주영남,기타법인, ,50986,"FLAR RM A 12F ZJ300, 300 LOCKHART RD WAN CHAI HONGKONG", ,,경영 컨설팅업,2020-11-17,12월
(주)신명건설기술공사,"ShinMyeong Construction Engineering CO., LTD",신명건설기술공사, ,김장흥,기타법인,115211-0026134,132-81-26344,"전라남도 순천시 가곡길 12 (가곡동, 신명건설기술공사)", ,,건물 및 토목 엔지니어링 서비스업,1997-08-20,12월
(주)신박한 사람들,sinparkhanpeople,신박한사람들, ,정재형,기타법인,110111-7379434,218-81-73200,"서울특별시 서초구 서초중앙로 15 에이동1401호(서초동, 현대슈퍼빌)", ,,경영 컨설팅업,2020-02-05,12월
신밧드인베스트먼트 주식회사,sinbadinvest,신밧드인베스트먼트, ,김용현,기타법인,110111-5741172,139-88-00121,서울특별시 서초구 강남대로18길 16-12 (양재동)삼영빌딩4층, ,,경영 컨설팅업,2015-06-03,12월
주식회사 신성시스템,shinsung system,신성시스템, ,안대종,기타법인,134111-0180492,123-86-18530,경기도 안양시 만안구 안양5동 380-2, ,,경영 컨설팅업,2009-07-31,12월
(주)신성애드,"shinsung advertising co., Ltd",신성애드, ,"김강, 이성균",기타법인,110111-0925870,105-81-64119,서울특별시 영등포구 여의도동 신송센터빌딩 11층, ,,옥외 광고업,1993-04-08,12월
주식회사  신성엔지니어링,ShinSung Engineering,신성엔지니어링, ,"정재규, 정태섭",기타법인,110111-0741622,138-81-00094,"경기도 과천시 별양상가로 7 414호, (별양동)",sseng.co.kr,,건물 및 토목 엔지니어링 서비스업,1991-01-23,12월
주식회사 신성이넥스,"SHINSUNG INNEX CO.,Ltd",신성이넥스, ,이정선,기타법인,131111-0157999,129-81-94263,"경기도 과천시 과천대로7나길 60 (갈현동, 과천어반허브) B동 201호",www.shinsunginnex.co.kr,,엔지니어링 서비스업,2006-02-14,12월
주식회사 신성인베스트먼트,SinsungInvestment.Inc.,신성인베스트먼트, ,조성환,기타법인,110111-3813353,130-86-36915,경기도 부천시 소사구 송내동 708-3, ,,경영 컨설팅업,2008-08-28,12월
신성종합건축사사무소(주),"SHINSUNG ARCHITECTS & ENGINEERS ASSOCIATES CO.,LTD",신성종합건축사사무소, ,"권오준, 정현석",기타법인,150111-0030382,301-81-31079,"충청북도 청주시 흥덕구 2순환로1261번길 40 (가경동, 프라임타워) 3층",www.shinsungac.com,,건축설계 및 관련 서비스업,1997-09-01,12월
신성회계법인,Sin Sung Accounting Corporation,신성회계법인, ,조남석,기타법인,110234-0005851,214-86-90177,"서울특별시 서초구 효령로 353 (서초동 동인빌딩 2,3층)",www.ssacc.co.kr,,공인회계사업,2001-09-08,03월
(주)신스바이오,"SINCEBIO CO., LTD",신스바이오, ,신동두,기타법인,110111-2160565,220-86-06408,서울특별시 강남구 삼성동 144-25 신스타워빌딩 7층,www.sincebio.com,,의학 및 약학 연구개발업,2001-02-01,12월
신승회계법인,Shin Seung Accounting Corporation,신승회계법인, ,신완민,기타법인,110134-0068424,120-87-78633,"서울특별시 강남구 테헤란로78길 12 (대치동, MSA빌딩)",www.ssac.kr,,공인회계사업,2012-02-13,03월
신아회계법인,SHINAH ACCOUNTING CORPORATION,신아회계법인, ,금우섭,기타법인,110134-0070453,220-88-48514,"서울특별시 강남구 테헤란로 123 3층(역삼동, 여삼빌딩)", ,,공인회계사업,2012-11-27,03월
신영회계법인,SHIN YOUNG ACCOUNTING CORPORATION,신영회계법인, ,"이준상, 김종한",기타법인,114634-0031998,220-86-81576,"서울특별시 서초구 효령로 304 (서초동, 국제전자센터) 10층 73호", ,,공인회계사업,2004-03-19,03월
(주)신우디엔시,"SINWOO DNC CO., LTD",신우디엔시, ,이기환,기타법인,110111-0725717,220-81-08717,"서울특별시 송파구 법원로 114 B동 909호 (문정동, 엠스테이트)",www.sinwoodnc.co.kr/,,건축설계 및 관련 서비스업,1990-10-16,12월
(주)신우엔지니어링,"SHINWOO ENGINEERING Co., Ltd",신우엔지니어링, ,"염재성, 노의석",기타법인,110111-0574651,229-81-15229,"경기도 성남시 중원구 둔촌대로 388 302호 (상대원동, 크란츠테크노)",www.shinwoo-eng.co.kr,,건물 및 토목 엔지니어링 서비스업,1988-05-13,12월
신우회계법인,Shinwoo Accounting Co,신우회계법인, ,한상우,기타법인,114671-0022501,120-81-72748,서울특별시 강남구 언주로86길 5 육성빌딩 1002호, ,,회계 및 세무관련 서비스업,1997-04-19,03월
신원회계법인,Shinwon Accounting Corporation,신원회계법인, ,"노진석, 신태용",기타법인,230134-0015826,302-86-02077,"울산광역시 남구 화합로 240 5층 (삼산동, 한석빌딩)", ,,공인회계사업,2021-06-04,03월
신원회계법인,Shinwon Accounting Corporation,신원회계법인, ,김문규,기타법인,110234-0003527,229-81-27123,"서울특별시 강남구 논현로 651 논현동,법무사회관 8층", ,,공인회계사업,1997-04-23,03월
신정회계법인,Shinjung Accounting Corporation,신정회계법인, ,"김석민, 김병민",기타법인,114634-0031493,220-86-71118,"서울특별시 강남구 강남대로 502 (논현동, 에임하이타워) 6층",www.sjcpa.co.kr,,공인회계사업,2003-09-18,03월
주식회사 신주인베스트먼트,"Shinju Investment Co., Ltd",신주인베스트먼트, ,"정태진, 양욱승",기타법인,110111-7269536,630-87-03376,"서울특별시 금천구 가산디지털1로 168 , 비동 201호-15호(가산동, 우림라이온스밸리)", ,,경영 컨설팅업,2019-10-24,12월
"(주)신주피이(SHINJU PE Co.,ltd.)","SHINJU PE Co.,ltd.","신주피이(SHINJUPECo.,ltd.)", ,이홍민,기타법인,110111-7456464,663-87-01567,"서울특별시 관악구 행운1나길 8-8 (봉천동, 뷰캐슬)", ,,경영 컨설팅업,2020-04-13,12월
주식회사 신주홀딩스,SHINJUHOLDINGS ,신주홀딩스, ,"이홍민, HEONWOOK CHUNG",기타법인,110111-7240552,218-86-01415,서울특별시 강남구 영동대로85길 20-7 (대치동)5층 5-3호, ,,경영 컨설팅업,2019-09-25,12월
신진테크노(주),"SHIN JIN TECHNO CO.,LTD.",신진테크노, ,박근옥,기타법인,211111-0051962,158-87-00993,전북특별자치도 군산시 공항로 86 2층 203호 (소룡동), ,,제조업 회사 본부,2017-12-07,12월
(주)신창파트너스,shinchang partners,신창파트너스, ,백승배,기타법인,110111-8964094,391-81-03329,"서울특별시 강남구 논현로76길 24 5층, 5263호(역삼동, BPT빌딩)",-,,경영 컨설팅업,2024-06-17,12월
(주)신천기업,NAMAE HOLDINGS CORP.,신천기업, ,최민,기타법인,120111-0439960,131-86-03756,"인천광역시 연수구 컨벤시아대로 126 (송도동, 푸르지오월드마크) 801-613", ,,경영 컨설팅업,2007-07-24,12월
(주)신텍이엔씨,"SeenTec E&C Co., Ltd",신텍이엔씨, ,박정준,기타법인,110111-4585654,220-88-16609,경상남도 창원시 상남동 74-6 8층 신텍타워,-,,건물 및 토목 엔지니어링 서비스업,2011-04-20,12월
주식회사 신한SIT,"SHIN HAN SIT CO.,LTD",신한SIT,054530,황순상,기타법인,180111-0159532,606-81-54088,부산광역시 강서구 송정동 1473-2 8B-3L,www.shinhansit.co.kr,,"기타 기술 시험, 검사 및 분석업",1994-06-29,12월
신한엠엔에이컨설팅,"SHINHAN M&A CONSULTING Co., Ltd",신한엠엔에이컨설팅, ,강민규,기타법인,110111-2102781,107-81-92789,서울특별시 마포구 상수동 281-1 건양사빌딩 8층, ,,경영 컨설팅업,2002-02-18,12월
(주)신한종합건축사사무소,Shinhan Architects&Engineers.co.ltd,신한종합건축사사무소, ,송영인,기타법인,110111-0192875,215-81-23448,"서울특별시 강남구 테헤란로103길 17 2층-4층(삼성동,정석빌딩)", ,,건축설계 및 관련 서비스업,1976-03-09,12월
(주)신한항업,"Shinhan Aerial Survey Co.,LTD ",신한항업, ,배상태,기타법인,110111-1837412,107-81-74705,"경기도 광명시 오리로876번길 26 401호(철산동, 미성오피스텔2차)",www.shas.co.kr,,지질 조사·탐사 및 지도 제작업,1994-10-10,12월
신한회계법인,Shinhan Accounting Corporation,신한회계법인, ,이상문,기타법인,110134-0000749,116-81-35628,서울특별시 영등포구 의사당대로 8 8층,www.rsm.global/korea/,,공인회계사업,1970-02-13,03월
신현회계법인,Shinhyun Accounting Corporation,신현회계법인, ,지찬주,기타법인,240134-0025039,161-87-00892,"서울특별시 성동구 아차산로 143 408호(성수동2가, 성수빌딩)",www.shac.co.kr,,공인회계사업,2018-03-29,03월
신화디앤디 주식회사,"SHINHWA D&D CO., Ltd",신화디앤디, ,우명아,기타법인,110111-6370574,574-88-00606,"서울특별시 서대문구 신촌역로 30 (신촌동, 신촌민자역사) 2층", ,,경영 컨설팅업,2017-04-14,12월
주식회사 신화에프이원,shinhwa f.e.one,신화에프이원, ,오석열,기타법인,110111-2932740,107-86-45087,서울특별시 영등포구 당산로 168 (당산동4가) 7층,www.shfeone.co.kr/,,기타 엔지니어링 서비스업,2004-01-04,12월
(주)신화엔지니어링종합건축사사무소,"SHINHWA Engineering & Architecture Co., Ltd.",신화엔지니어링종합건축사사무소, ,김인수,기타법인,160111-0019269,306-81-09266,대전광역시 동구 동서대로 1659 (용전동),www.sh-eng.co.kr,,"건축기술, 엔지니어링 및 기타 과학기술 서비스업",1989-11-29,12월
신화회계법인,Shin Wha Accounting Corporation,신화회계법인, ,김용관,기타법인,114634-0030437,220-86-62230,"서울특별시 강남구 테헤란로86길 15 9층(대치동, 동구빌딩)",www.swacc.com,,공인회계사업,2003-04-25,03월
(주)실리콘마이터스,"Silicon Mitus, Inc.",실리콘마이터스, ,허염,기타법인,110111-3614727,206-86-13733,경기도 성남시 분당구 대왕판교로 660 (삼평동) 유스페이스1 A동 8층,siliconmitus.com,,기타 엔지니어링 서비스업,2007-02-05,12월
실크로드인베스트먼트아시아 주식회사,Silkroad Investment Asia Inc.,실크로드인베스트먼트아시아, ,이환희,기타법인,110111-5605930,107-88-38616,"서울특별시 영등포구 여의대로 8 (여의도동, 여의도파크센터)", ,,경영 컨설팅업,2015-01-05,12월
(주)실홀딩스,SealHoldings,실홀딩스, ,김주현,기타법인,110111-3349340,211-87-74419,서울특별시 강남구 신사동 538, ,,경영 컨설팅업,2005-11-25,12월
주식회사 심명건설,"Simmyung Construction Co., Ltd.",심명건설, ,이춘석,기타법인,205911-0011752,409-81-93461,전라남도 장성군 장성읍 영천리 944-2 2층, ,,경영 컨설팅업,2006-11-28,12월
주식회사 심명산업개발,"Symmyung Industrial Development Co., Ltd.",심명산업개발, ,양영한,기타법인,200111-0232622,410-86-06525,광주광역시 광산구 우산동 1582-2, ,,경영 컨설팅업,2006-11-03,12월
(주)심명종합건설,"Simmyung General Construction Co., Ltd.",심명종합건설, ,조영관,기타법인,131111-0175371,129-86-03544,경기도 성남시 분당구 정자동 15-3, ,,경영 컨설팅업,2006-11-28,12월
심뱅스 주식회사,"SIMBANKS CO., Ltd",심뱅스, ,심주엽,기타법인,120111-0150190,637-81-03550,"인천광역시 서구 중봉대로586번길 15 8층 804-5호(청라동, 청연프라자)", ,,경영 컨설팅업,2025-12-09,12월
(주)심엔터테인먼트,"Sim Entertainment Co.,Ltd.",심엔터테인먼트, ,심정운,기타법인,110111-3285081,211-87-69269,"서울특별시 성동구 독서당로39길 37-37 (옥수동, 루하우스) 302호",www.sim2005.co.kr,,매니저업,2005-08-09,12월
주식회사 심정개발,"Simjung Development Co., Ltd.",심정개발, ,이장원,기타법인,200111-0233737,410-86-07029,광주광역시 광산구 우산동 1582-2, ,,경영 컨설팅업,2006-11-28,12월
(주)심텍홀딩스,"SIMMTECH HOLDINGS Co., Ltd.",심텍홀딩스,036710,박광준,코스닥시장,150111-0006185,315-81-01652,충청북도 청주시 흥덕구 산단로 73,www.simmtechholdings.co.kr,,회사 본부 및 경영 컨설팅 서비스업,1987-08-24,12월
(주)싸이토젠,"Cytogen, Inc.",싸이토젠,217330,안지훈,코스닥시장,131111-0251395,129-86-44021,서울특별시 송파구 법원로 128 문정에스케이브이원지엘메트로시티 8층,cytogenlab.com,,의학 및 약학 연구개발업,2010-03-18,12월
싸토리우스코리아바이오텍 유한회사,Sartorius Korea Biotech LLC,싸토리우스코리아바이오텍, ,김덕상,기타법인,131114-0013822,129-81-83994,"경기도 성남시 분당구 판교역로 220 8층 (삼평동, 쏠리드스페이스)",www.sartorius.co.kr,www.sartorius.co.kr,기타 엔지니어링 서비스업,2005-04-18,12월
(주)써브감정평가법인,Serve Appraiser,써브감정평가법인, ,정대환,기타법인,110111-3438218,220-87-27870,"서울특별시 중구 수표로 7 3층, 5층(충무로2가, 인성빌딩)",www.appraiser.co.kr,,"물품 감정, 계량 및 견본 추출업",2006-04-06,12월
써브라임 주식회사,SUBLIME INC CORP,써브라임, ,라강윤,기타법인,110111-5687954,803-86-00024,"서울특별시 강남구 언주로146길 3 (논현동, 로사퍼시픽빌딩5) 2층(논현동)",www.sublimeartist.co.kr/,,매니저업,2015-04-17,12월
주식회사 써브스토어,SUBSTORE,써브스토어, ,한경민,기타법인,110111-6445632,746-87-00922,"서울특별시 서초구 사평대로55길 112-7 (반포동, 한빛위너스) 2층", ,,경영 컨설팅업,2018-01-19,12월
(주)써비움,servium,써비움, ,이영환,기타법인,134511-0464674,685-87-01626,"경기도 용인시 수지구 신수로 767 에이동 241-1호 (동천동, 분당수지U-TOWER)", ,,경영 컨설팅업,2020-06-18,12월
주식회사 써치엠,searchm.co.ltd,써치엠, ,박규태,기타법인,110111-3917436,211-88-14382,"서울특별시 강남구 논현로 319 (역삼동, 정유빌딩) 3층,4층", ,,"광고물 문안, 도안, 설계 등 작성업",2008-06-20,12월
주식회사 썬메이트홀딩스,Sunmate Holdings Co.Ltd,썬메이트홀딩스, ,조성기,기타법인,110111-3949223,120-87-32239,서울특별시 강남구 개포동 13-3 대청타워 1401호, ,,경영 컨설팅업,2008-08-07,12월
주식회사 썬크리에이티브,Sun Creative Inc.,썬크리에이티브, ,김상진,기타법인,110111-5353612,106-87-05264,"서울특별시 성동구 뚝섬로1나길 5 (성수동1가, 헤이그라운드(HEYGROUND)) 6층 S647", ,,전문 디자인업,2014-03-03,12월
유한회사 썬트리인베스트먼트,Suntree Investment,썬트리인베스트먼트, ,김정현,기타법인,110114-0173100,283-87-00305,"서울특별시 강남구 선릉로100길 30 (삼성동, 유니콘빌딩)", ,,경영 컨설팅업,2015-12-23,12월
주식회사 썬홀딩스,"Sun-Holdings Co.,Ltd.",썬홀딩스, ,정일호,기타법인,170111-0679532,805-81-01188,대구광역시 달서구 성서4차첨단로 146 (월암동) (주)썬홀딩스, ,,사업 및 무형 재산권 중개업,2018-04-17,12월
주식회사 쎌트로이,"Celltroy, Inc.",쎌트로이, ,이재호,기타법인,110111-3016080,109-81-92825,"서울특별시 성동구 연무장5가길 25 (성수동2가, 성수역SKV1Tower) 410호", ,,연구개발업,2004-07-09,12월
쏘나브이피씨코리아 주식회사,"SONA VPC KOREA CO.,LTD.",쏘나브이피씨코리아, ,손영호,기타법인,110111-1482598,211-86-25885,"서울특별시 강남구 도산대로 221 (신사동, 동남빌딩)",www.sonavpckorea.co.kr,,"그 외 기타 분류 안된 전문, 과학 및 기술 서비스업",1997-11-10,03월
주식회사 쏘스뮤직,"SOURCE MUSIC CO., Ltd.",쏘스뮤직, ,김주영,기타법인,110111-5404514,261-81-11421,"서울특별시 용산구 한강대로 42 (한강로3가, HYBE) 16층", ,,매니저업,2014-04-29,12월
쏘테크 주식회사,"SOTEC Co., Ltd.",쏘테크, ,정호현,기타법인,194911-0014239,612-81-23163,"경상남도 거제시 장평3로 75 (장평동, 삼성사우매장)", ,,기타 엔지니어링 서비스업,2005-05-30,12월
(주)쓰리빌리언,3billion Inc.,쓰리빌리언,394800,금창원,코스닥시장,110111-6196756,290-81-00524,"서울특별시 강남구 테헤란로 415 8층(삼성동, 엘7호텔스강남타워)",3billion.io,,자연과학 및 공학 연구개발업,2016-10-10,12월
(주)쓰리에스커뮤니케이션,"3S COMMUNICATION.CO.LTD.,",쓰리에스커뮤니케이션, ,장성환,기타법인,110111-1858616,215-81-85876,서울특별시 영등포구 여의도동 12번지 CCMM빌딩 505A호,www.3kstock.co.kr,,경영 컨설팅업,2000-01-21,06월
쓰리케이컴퍼니 주식회사,-,쓰리케이컴퍼니, ,이봉관,기타법인,110111-6576841,879-88-00802,"서울특별시 영등포구 의사당대로 97 (여의도동, 교보증권빌딩)",-,,회사 본부 및 경영 컨설팅 서비스업,2017-11-23,12월
주식회사 씨나인이엔티,"C9ENT Co.,Ltd.",씨나인이엔티, ,이재영,기타법인,285011-0280028,128-87-15888,서울특별시 중랑구 동일로 606 (면목동), ,,매니저업,2014-11-14,12월
주식회사 씨디비개발,cdb development,씨디비개발, ,박희군,기타법인,110111-7883740,689-81-02101,"서울특별시 강남구 테헤란로86길 15 (대치동, 동구빌딩) 333호", ,,"그 외 기타 전문, 과학 및 기술 서비스업",2021-05-11,12월
주식회사 씨디앰에스,"CDMS, Inc.",씨디앰에스, ,박호,기타법인,110111-6310413,885-81-00813,서울특별시 강남구 테헤란로82길 15 (대치동) 392호, ,,환경 관련 엔지니어링 서비스업,2017-02-07,12월
씨디어댑코코리아(주),CD-adapco Korea,씨디어댑코코리아, ,백영렬,기타법인,110111-1334294,116-81-68420,"서울특별시 금천구 가산디지털1로 186 1306호(가산동, 제이플라츠)",www.cd-adapco.co.kr,,기타 엔지니어링 서비스업,1997-01-27,09월
(주) 씨브이 맥스,CVMax Corp.,씨브이맥스, ,이양범,기타법인,131111-0049972,129-81-35075,서울특별시 종로구 내수동 대우빌딩 401-2, ,,사업 및 무형 재산권 중개업,2000-06-08,12월
씨비앤아이코리아 유한회사,CB&I Korea Limited,씨비앤아이코리아, ,베리스테픈하울리,기타법인,110114-0143195,107-88-17998,"서울특별시 영등포구 국제금융로 10 One IFC 4층(여의도동, 서울국제금융센터)", ,,경영 컨설팅업,2014-03-26,12월
(주)씨비티컨설팅,CBT Consulting,씨비티컨설팅, ,이상길,기타법인,110111-3270595,214-87-75004,서울특별시 서초구 서초동 1702-9 상림빌딩 2층,없음,,경영 컨설팅업,2005-07-15,12월
씨씨지모뉴먼트홀딩스 주식회사,CCG Monument Holdings Ltd.,씨씨지모뉴먼트홀딩스, ,이기운,기타법인,110111-0929952,865-88-03377,"서울특별시 종로구 새문안로 82 (신문로1가, 에스타워) 14층 CCGI", ,,경영 컨설팅업,2025-10-23,12월
(주)씨아이엘티디,"CILTD Co.,Ltd.",씨아이엘티디, ,박찬수,기타법인,110111-2534182,104-81-72504,"서울특별시 영등포구 여의대로 24 에프케이아이타워44층 (여의도동, 전국경제인연합회회관)", ,,경영 컨설팅업,2013-03-20,12월
씨아이오프쇼어윈드코리아 주식회사,"CI Offshore Wind Korea Co., Ltd.",씨아이오프쇼어윈드코리아, ,토마스위브폴센,기타법인,110111-7519816,228-87-01821,"서울특별시 종로구 우정국로 26 (공평동, 센트로폴리스) 센트로폴리스 A동 16층", ,,경영 컨설팅업,2020-07-01,12월
(주)씨앤드씨신약연구소,C&C Research Laboratories,씨앤드씨신약연구소, ,최학배,기타법인,134811-0016015,124-81-17219,"경기도 수원시 장안구 서부로 2066 (천천동, 성균관대학교자연과학캠퍼스)",www.cnclab.co.kr,,"물리, 화학 및 생물학 연구개발업",1992-01-31,12월
씨앤리치홀딩스주식회사,"C&Rich Hodlings Co., Ltd.",씨앤리치홀딩스, ,박항준,기타법인,110111-3337709,120-86-88696,서울특별시 강남구 대치동, ,,경영 컨설팅업,2005-11-07,12월
(주)씨앤마케팅서비스,C&Marketing Services,씨앤마케팅서비스, ,정순영,기타법인,110111-1580863,120-81-82571,서울특별시 강남구 대치3동 글라스타워빌딩 19층,www.cnms.co.kr,,광고 대행업,1998-09-01,12월
(주)씨앤비텍,TOPFIELD INTERNATIONAL Inc.,씨앤비텍, ,김백산,기타법인,131111-0467760,457-87-00584,경기도 성남시 분당구 정자일로 23 (금곡동), ,,전기ㆍ전자공학 연구개발업,2016-12-15,12월
주식회사 씨앤비텍,"C&B Tech Co., Ltd.",씨앤비텍, ,엄흥식,기타법인,134511-0197803,142-81-52214,"경기도 용인시 기흥구 흥덕1로 13 (영덕동, 흥덕IT밸리,영덕동주민센터)A동 911호",www.cnenergy.co.kr,,"기타 전문, 과학 및 기술 서비스업",2012-10-04,12월
(주)씨앤씨인베스트,C&C INVEST,씨앤씨인베스트, ,조운수,기타법인,110111-8722012,441-86-03065,"서울특별시 강남구 헌릉로569길 39-4 (세곡동, 어반클라인세곡)", ,,경영 컨설팅업,2023-09-12,12월
씨앤에이치파트너스(주),"CNHPARTNERS CO.,LTD",씨앤에이치파트너스, ,조광수,기타법인,131111-0353117,129-86-83330,"경기도 성남시 중원구 사기막골로 177 (상대원동, 금강하이테크밸리) 407", ,,경영 컨설팅업,2013-09-06,12월
(주)씨앤원컨설팅그룹,C&1 consulting group,씨앤원컨설팅그룹, ,남윤택,기타법인,110111-3577628,107-86-85115,"서울특별시 영등포구 국제금융로 70 (여의도동, 미원빌딩)", ,,경영 컨설팅업,2006-12-11,12월
씨앤유플러스 주식회사,CNUPLUS,씨앤유플러스, ,손몽영,기타법인,110111-5196096,206-86-80514,"서울특별시 성동구 성수이로 147 (성수동2가, 아이에스비즈타워) 708,709호", ,,건물 및 토목 엔지니어링 서비스업,2013-08-05,12월
(주)씨앤지엔테크,"C&G EnTech Co.,Ltd",씨앤지엔테크, ,윤명조,기타법인,110111-1577323,118-81-18848,서울특별시 서초구 서초동 1425-1 보성빌딩 205호, ,,환경 관련 엔지니어링 서비스업,1998-08-20,12월
씨앤피글로벌리소스(주),CNP Global Resources Limited,씨앤피글로벌리소스, ,박진성,기타법인,110111-3416090,120-86-94029,서울특별시 강남구 삼성1동 무역센터무역타워 3304호, ,,경영 컨설팅업,2006-03-10,12월
주식회사 씨앤피동양,"CNP DONGYANG CO.,LTD.",씨앤피동양, ,정광량,기타법인,110111-1179202,211-86-09610,"서울특별시 송파구 법원로11길 7 (문정동, 문정현대지식산업센터1-2) C동 1101호",www.cnpgroup.co.kr,,건물 및 토목 엔지니어링 서비스업,1995-07-21,12월
주식회사 씨에스제이네트웍스,"CSJ Networks Co.,Ltd",씨에스제이네트웍스, ,안준석,기타법인,110111-2733594,211-87-29646,서울특별시 강남구 도산대로38길 14 타이텍스빌딩 4층 (논현동), ,,경영 컨설팅업,2003-03-08,12월
주식회사 씨에스티컴퍼니,"CSTCOMPANY Co., Ltd.",씨에스티컴퍼니, ,문하선,기타법인,110111-6305076,646-86-00533,"서울특별시 강남구 테헤란로 625 (삼성동, 덕명빌딩) 16층 1644호", ,,경영 컨설팅업,2017-02-06,12월
(주)씨엔씨프로젝트,"c&c project.co.,ltd",씨엔씨프로젝트, ,노행식,기타법인,200111-0031503,220-81-35188,"서울특별시 광진구 광나루로 556 (구의동, 씨엔씨빌딩)",cncproject.com,,옥외 광고업,1992-02-20,12월
(주)씨엔아이엔지니어링,cnieng,씨엔아이엔지니어링, ,박광태,기타법인,110111-3832767,211-88-08371,서울특별시 강남구 선릉로 614-1 나라빌딩 2층, ,,엔지니어링 서비스업,2008-02-01,12월
(주)씨엔알리서치,"C&R Research, co.ltd",씨엔알리서치, ,윤문태,기타법인,110111-1895999,214-86-50573,"서울특별시 강남구 역삼로 412 (대치동, 대치MS빌딩) 6층", ,,"그 외 기타 분류 안된 전문, 과학 및 기술 서비스업",2000-03-06,12월
(주)씨엔알리서치,C&R Research Inc.,씨엔알리서치,359090,윤문태,코스닥시장,110111-7525110,829-87-01755,"서울특별시 강남구 역삼로 412 (대치동, 씨엔알빌딩)", ,,"그 외 기타 전문, 과학 및 기술 서비스업",2020-06-18,12월
주식회사 씨엔에이치코퍼레이션,Cnh Corporation Ltd.,씨엔에이치코퍼레이션, ,박철완,기타법인,110111-5070977,120-87-94706,"서울특별시 강남구 봉은사로 462 (삼성동, 세림타워) 7층 2호", ,,경영 컨설팅업,2013-03-01,12월
(주)씨엔에이치홀딩스,C&Hholdings,씨엔에이치홀딩스, ,"이창모, 이장춘",기타법인,110111-5215094,264-81-21063,"서울특별시 서초구 서초대로50길 63 (서초동, 한성빌딩)301호", ,,경영 컨설팅업,2013-08-30,12월
주식회사 씨엔푸드,seanfood,씨엔푸드, ,유인식,기타법인,120111-0605769,627-85-01397,경기도 화성시 송산면 송산포도로 573 (마산리),seafood8639@hanmail.net,,제조업 회사 본부,2020-12-01,12월
(주)씨엘바이오,"CLBiO Co,. Ltd.",씨엘바이오, ,최종백,기타법인,110111-5862465,104-88-00289,서울특별시 서초구 효령로60길 23-11 (서초동) 서전빌 3층,www.clbio.com,,의학 및 약학 연구개발업,2015-10-15,12월
씨엠알(주),"CMR, Inc.",씨엠알, ,김동숙,기타법인,135311-0013755,138-81-58000,서울특별시 강남구 역삼동 730-7 제너시스빌딩 지하2층, ,,경영 컨설팅업,2010-02-16,12월
씨엠제이씨(주),"CMJC Co., Ltd.",씨엠제이씨, ,윤원영,기타법인,110111-2724030,120-86-48995,"서울특별시 서초구 양재천로21길 28 , 302(양재동, 문정타워)", ,,경영 컨설팅업,2003-02-25,12월
씨엠케이아이앤비,CMK Inv.,씨엠케이아이앤비, ,김윤섭,기타법인,110111-3714650,220-87-51370,서울특별시 강남구 역삼동 788-26 역삼빌딩 7층, ,,경영 컨설팅업,2007-07-06,12월
(주)씨엠파트너스건축사사무소,"cm partners co., ltd.",씨엠파트너스건축사사무소, ,조시연,기타법인,110111-2054320,201-81-59888,"서울특별시 성동구 성수이로 51 201호(성수동2가, 서울숲한라시그마벨리)", ,,건축설계 및 관련 서비스업,2000-08-23,12월
씨오엔주식회사,"Champ Of Network  Co.,Ltd",씨오엔, ,이상빈,기타법인,120111-0208753,122-81-60030,서울특별시 구로구 온수동 51-7 국철온수역구내,www.cofn.com,,옥외 광고업,1999-12-15,12월
주식회사 씨와이,"CY co.,ltd.",씨와이, ,김창윤,기타법인,280211-0160354,865-88-00628,"부산광역시 사상구 모라로 22 (모라동, 부산벤처타워) 702호", ,,경영 컨설팅업,2016-11-10,12월
주식회사 씨와이성서드림,.,씨와이성서드림, ,권재웅,기타법인,110111-7016375,235-87-01324,"서울특별시 영등포구 여의대로 70 11층(여의도동, 신한금융투자타워)", ,,전문 서비스업,2019-02-18,12월
(주)씨유코퍼레이션,CU Corporation,씨유코퍼레이션, ,김지은,기타법인,141211-0152606,687-81-03706,강원특별자치도 원주시 문막읍 동화공단로 130-1 (동화리) 2층, ,,경영 컨설팅업,2024-09-09,12월
씨이브이(주),"CEV CO., LTD.",씨이브이, ,이용우,기타법인,131411-0188097,134-86-34511,경기도 성남시 분당구 구미동 153 로드랜드이지타워 610호,www.cevglobal.com,,환경 관련 엔지니어링 서비스업,2006-10-24,12월
주식회사 씨이에스,"CES CO., LTD",씨이에스, ,김남구,기타법인,120111-0187816,139-81-40750,"인천광역시 연수구 갯벌로 12 10층 (송도동, 갯벌타워)", ,,엔지니어링 서비스업,1999-03-15,12월
주식회사 씨제스스튜디오,C-JeS Studios,씨제스스튜디오, ,백창주,기타법인,110111-4247288,211-88-37347,서울특별시 강남구 테헤란로38길 40-12 (역삼동),www.c-jes.com,,매니저업,2009-12-21,12월
(주)씨제이메조미디어,CJ MezzoMedia Inc.,씨제이메조미디어, ,백승록,기타법인,110111-1679343,120-81-88352,"서울특별시 중구 동호로 330 4층 (쌍림동, 씨제이제일제당센터)",www.cjmezzomedia.co.kr,,그 외 기타 광고 관련 서비스업,1999-04-12,12월
(주)씨제이무터,CJ Mooter Inc.,씨제이무터, ,이재환,기타법인,110111-3538175,220-87-36345,서울특별시 강남구 역삼동 823-30 라인빌딩 6층, ,,광고 대행업,2006-10-02,12월
주식회사 씨지아이홀딩스,CGIHoldings co. ltd,씨지아이홀딩스, ,나순화,기타법인,110111-6195592,114-87-25048,"서울특별시 강남구 테헤란로87길 33 (삼성동, 융전빌딩)", ,,경영 컨설팅업,2016-12-21,12월
(주)씨지파트너스,"CG PARTNERS CO.,LTD",씨지파트너스, ,오범석,기타법인,110111-3906778,211-88-13632,서울특별시 서초구 서초동 1321-9 풍림아이원매직 1302호, ,,경영 컨설팅업,2008-05-30,12월
씨케이 유한회사,CK LTD.,씨케이, ,장형진,기타법인,131414-0004396,134-87-01021,경기도 안산시 단원구 범지기로141번길 50 (원시동),-,,전문 서비스업,2012-10-09,12월
(주)씨케이솔루션,"CK SOLUTION Co., Ltd.",씨케이솔루션,480370,"김유곤, 안근표 (공동 대표이사)",유가증권시장,134511-0077964,135-81-68571,"경기도 용인시 기흥구 신구로12번길 32, 씨케이빌딩",www.cksolution.co.kr/,,"건축기술, 엔지니어링 및 관련 기술 서비스업",2004-02-23,12월
주식회사 씨케이엑소젠,"CK-Exogene CO., Ltd",씨케이엑소젠, ,김재영,기타법인,110111-7102273,122-88-01476,"전라북도 완주군 봉동읍 완주산단6로 224 (둔산리, (재)전북테크노파크전북과학기술진흥센터) 연구동 2층 204,206호",www.ckexogene.com,,의학 및 약학 연구개발업,2019-05-09,12월
주식회사 씨티셀즈,"CTCELLS, INC.",씨티셀즈, ,"이정민, 김민",기타법인,234111-0099303,226-81-52958,"서울특별시 강남구 개포로 216 (개포동, 씨티셀즈빌딩)",ctcells.com/,,의학 및 약학 연구개발업,2018-04-04,12월
주식회사 씨티앤디,CT&D Ltd.,씨티앤디, ,최동주,기타법인,220111-0050393,616-81-50380,제주특별자치도 제주시 노형동 제주한라대학창업보육센터 1119~1120호,www.uctnd.com/,,기타 인문 및 사회과학 연구개발업,2005-01-12,12월
(주)씨티앤티,"CT&T Co.,Ltd.",씨티앤티,050470,"이영기, 한우근",기타법인,110111-1489982,220-81-49023,서울특별시 강남구 수서동 713번지 현대벤쳐빌 315호,www.cms.co.kr,,그 외 기타 광고 관련 서비스업,1997-11-28,12월
주식회사 씨티에이엠씨,KCFI,씨티에이엠씨, ,박건주,기타법인,110111-6003042,658-87-00310,"서울특별시 성동구 성수일로 89 (성수동1가, Metamorpho(지식산업센터)) 10층 2호", ,,건축설계 및 관련 서비스업,2016-03-16,12월
씨티유글로벌 주식회사,Seoul Biotechnology,씨티유글로벌, ,이결,기타법인,110111-6615095,265-88-00769,"서울특별시 강남구 테헤란로82길 15 1504호(대치동,디아이타워)", ,,"물리, 화학 및 생물학 연구개발업",2018-01-10,12월
(주)씨티케이,CTK Co. LTD.,씨티케이, ,도미닉 존 머피,기타법인,134511-0029478,135-81-28088,경기도 용인시 기흥구 신정로41번길 52-17 (신갈동),www.e-ctk.com,,"기타 기술 시험, 검사 및 분석업",1998-12-01,12월
씨티티디,CTTD,씨티티디, ,이경연,기타법인,110111-4240183,105-87-38990,"서울특별시 강남구 역삼로17길 51 (역삼동, 미드타운센터역삼), 1층", ,,"광고물 문안, 도안, 설계 등 작성업",2009-12-16,12월
씨피에이글로벌코리아 유한회사,CPA Global Korea LLC,씨피에이글로벌코리아, ,사이몬린리웹스터,기타법인,110114-0098134,120-87-65138,"서울특별시 영등포구 경인로 775 (문래동3가, 에이스하이테크시티)", ,,사업 및 무형 재산권 중개업,2011-02-01,12월
씨피엘비 주식회사,CPLB Corp,씨피엘비, ,"MINETTE BELLINGAN STONEMAN, 허찬우, 박정복, FISHER PETER",기타법인,110111-7539723,116-86-01889,서울특별시 송파구 올림픽로35다길 32 (신천동) 12층, ,,제조업 회사 본부,2020-07-01,12월
주식회사 씨피홀딩스,"CP HOLINGS Co.,Ltd.",씨피홀딩스, ,심영복,기타법인,110111-7381546,166-81-01458,"서울특별시 서초구 효령로 83 (방배동, 엠젠플러스빌딩) 506호", ,,경영 컨설팅업,2020-02-07,12월
(주)씽킹홀딩스(주),Thinking Holdings.co.ltd.,씽킹홀딩스, ,김지영,기타법인,110111-2610932,105-86-44608,서울특별시 서초구 양재동 3-14 이스타빌 B-502호, ,,경영 컨설팅업,2002-09-16,12월
(주)아거스,ARGUS,아거스, ,김진하,기타법인,110111-0559736,214-81-67614,"경기도 성남시 분당구 성남대로779번길 19 (이매동, (주)아거스분당사옥) 4층",www.arguseye.co.kr,,"기타 기술 시험, 검사 및 분석업",1998-01-28,12월
아고다페이먼트코리아 유한회사,Agoda Payments Korea LLC.,아고다페이먼트코리아, ,"수난타통캄소파, 크리스토프구스타프씨프랑수아, 제프리카이릉리",기타법인,110114-0214029,114-87-25295,"서울특별시 중구 을지로 100 (을지로2가, 파인애비뉴) 9층", ,,광고 대행업,2017-11-24,12월
주식회사 아날로그,"Analog Co., Ltd",아날로그, ,옥현아,기타법인,110111-2042581,220-81-94284,"서울특별시 서초구 서초중앙로 188 (서초동, 아크로비스타) C동 307호", ,,경영 컨설팅업,2006-08-03,12월
아더앤더슨지씨에프,Arthur Andersen GCF Inc.,아더앤더슨지씨에프, ,이수억,기타법인,110114-0031910,107-81-89381,서울특별시 영등포구 여의도동 23-5 한화증권빌딩 11층,www.aagcf.com,,경영 컨설팅업,2000-09-01,08월
주식회사 아델,"ADEL, Inc.",아델, ,윤승용,기타법인,110111-6227022,159-86-00650,"서울특별시 강동구 풍성로 90 (성내동, 한스빌딩)", ,,의학 및 약학 연구개발업,2016-11-10,12월
(주)아라기술,ARA TECHNOLOGY INC,아라기술, ,손병진,기타법인,110111-3282269,215-86-74355,경상북도 포항시 남구 상도로 42 (상도동) 2층,www.aratec.kr,,"건축기술, 엔지니어링 및 기타 과학기술 서비스업",2005-08-03,12월
주식회사 아라진,"ARAJIN CO.,Ltd.",아라진, ,정재욱,기타법인,194211-0260034,426-87-00464,"경상남도 창원시 진해구 만금로 19 301호(용원동, 그린피아)", ,,사업 및 무형 재산권 중개업,2016-07-20,12월
(주)아람산업개발,"ARAM ARCHITECTURE CO., LTD",아람산업개발, ,임용병,기타법인,200111-0061550,410-81-31709,광주광역시 서구 쌍촌동 1239-7,aram072@hananet.net,,건축설계 및 관련 서비스업,1995-12-28,12월
아람코아시아코리아 유한회사,Aramco Asia Korea Ltd.,아람코아시아코리아, ,"앤와르압둘라엠알-헤자지, ALHARBI MITIB AWADH M",기타법인,110114-0110962,104-86-41137,"서울특별시 영등포구 국제금융로 10 (여의도동, 서울국제금융센터) 45층", ,,경영 컨설팅업,2012-06-21,12월
아람파이낸셜서비스(주),ARAM Financial Services Inc.,아람파이낸셜서비스, ,이충식,기타법인,110111-2386096,105-86-32704,서울특별시 마포구 도화2동 성우빌딩 1009호, ,,경영 컨설팅업,2001-11-29,12월
주식회사 아레스 홀딩스,ARES HOLDINGS CORP.,아레스홀딩스, ,권재욱,기타법인,135811-0411462,435-88-01765,"경기도 수원시 권선구 매송고색로533번길 7 상가동 비01호(오목천동, 태산아파트)", ,,경영 컨설팅업,2021-02-03,12월
(주)아로마포스텍신재생에너지,"Aroma Postech Renewable Energy, Co., Ltd.",아로마포스텍신재생에너지, ,박상태,기타법인,110111-3784504,113-86-17363,서울특별시 구로구 구로동 212-8 대륭포스트타워1차 1910, ,,자연과학 및 공학 연구개발업,2007-11-08,12월
주식회사 아론컴퍼니,Aaron company Inc. ,아론컴퍼니, ,김여준,기타법인,134511-0444337,117-87-01841,"경기도 용인시 기흥구 죽전로 10 601호(보정동, 장은메디칼프라자)", ,,경영 컨설팅 및 공공 관계 서비스업,2020-03-12,12월
주식회사 아르고,"ARGO Co., Ltd.",아르고, ,박준규,기타법인,131111-0234135,129-86-34445,"경기도 수원시 영통구 광교중앙로248번길 7-8 3층(하동, 에이디테크놀로지)", ,,기타 엔지니어링 서비스업,2009-06-26,12월
주식회사 아름드리코퍼레이션,Valueadd Partners CO. LTD,아름드리코퍼레이션, ,강수진,기타법인,110111-6098770,742-88-00363,"서울특별시 강남구 언주로 647 4층 443호(논현동, 강남빌딩)", ,,경영 컨설팅업,2016-06-22,12월
(주)아름홀딩스,"Arum Holdings Co., Ltd.",아름홀딩스, ,전병우,기타법인,160111-0501224,415-87-01240,대전광역시 유성구 테크노8로 44 (용산동), ,,경영 컨설팅업,2018-12-04,12월
(주)아리바이오,aribio.co.ltd,아리바이오, ,정재준,기타법인,110111-4448977,107-87-42277,"경기도 성남시 분당구 동판교로 56 (백현동, 아리바이오빌딩)",www.aribio.com,,의학 및 약학 연구개발업,2010-10-13,12월
아마존웹서비시즈코리아 유한회사,Amazon Web Services Korea LLC,아마존웹서비시즈코리아, ,마이클리최,기타법인,110114-0154910,120-88-21627,"서울특별시 강남구 논현로 508 13층 (역삼동, GS타워)", ,,"그 외 기타 분류 안된 전문, 과학 및 기술 서비스업",2014-11-24,12월
아마존코퍼레이트서비시즈코리아 유한회사,Amazon Corporate Services Korea LLC,아마존코퍼레이트서비시즈코리아, ,박제이크세준,기타법인,110114-0112116,104-86-41627,"서울특별시 중구 을지로 100 에이동 12층 (을지로2가, 파인애비뉴)", ,,경영 컨설팅업,2012-05-15,12월
주식회사 아메바,AMOEBA,아메바, ,조주희,기타법인,110111-2406860,211-87-06357,서울특별시 강남구 도산대로 222 호산빌딩 5층,www.amoeba.co.kr,,시각 디자인업,2002-01-03,12월
아미스타드파트너스 주식회사,"Amistad Partners co.,ltd.",아미스타드파트너스, ,전은정,기타법인,110111-4680636,107-87-57464,서울특별시 영등포구 여의도동 26-4, ,,경영 컨설팅업,2011-09-05,09월
주식회사 아미쿠스컨설팅그룹,AMICUS CONSULTING GROUP,아미쿠스컨설팅그룹, ,이동화,기타법인,110111-3186255,214-87-67504,서울특별시 서초구 서초동 1338-2 코리아비지니스센타빌딩 1114, ,,경영 컨설팅업,2005-03-15,12월
(주)아미팜 ,AMI PHARM,아미팜, ,이기택,기타법인,110111-3162346,220-87-03897,"경기도 성남시 중원구 둔촌대로 545 (상대원동, 한라시그마밸리) 9층 907호",www.amipharm.com,,의학 및 약학 연구개발업,2005-02-01,12월
아밀로이드솔루션 주식회사,Amyloid Solution Inc.,아밀로이드솔루션, ,장진태,기타법인,131111-0492428,847-81-00825,경기도 성남시 분당구 판교로255번길 58 601호 (삼평동),www.amyloidsolution.com,,의학 및 약학 연구개발업,2017-09-01,12월
주식회사 아바쿠스글로벌,"ABACUS global Co., Ltd",아바쿠스글로벌, ,박진환,기타법인,110111-6839827,649-88-01006,"서울특별시 강남구 테헤란로82길 15 425호 (대치동, 디아이타워)", ,,경영 컨설팅업,2018-08-16,12월
(주)아벨리노,Avellino  Laboratory Inc.,아벨리노, ,이진,기타법인,110111-3986275,214-88-33845,"서울특별시 강남구 강남대로106길 23 (역삼동) 서울쏘울빌딩 1, 2층",www.avellinolab.com,,물질성분 검사 및 분석업,2008-10-17,12월
주식회사 아보메드,Arbormed,아보메드, ,"박교진, 임원빈",기타법인,110111-6591154,887-86-00997,서울특별시 강남구 논현로81길 12 (역삼동),www.arbormed.com,,의학 및 약학 연구개발업,2017-12-07,12월
아본데일 인베스트먼트 주식회사,"Avondale Investment Co., Ltd.",아본데일인베스트먼트, ,이중오,기타법인,110111-7700902,571-86-01897,"서울특별시 강남구 역삼로98길 23 (대치동, 태범빌딩) 1층", ,,경영 컨설팅업,2020-12-01,12월
주식회사 아비트리지트레이딩,Arbitrage Trading Co. Ltd.,아비트리지트레이딩, ,이은미,기타법인,110111-7280649,718-88-01582,"서울특별시 성동구 독서당로40길 37 (옥수동, 옥수어울림)", ,,경영 컨설팅업,2019-11-04,12월
아산개발 주식회사,"Asan Development Co., Ltd",아산개발, ,안태일,기타법인,110111-8363303,337-87-02804,"서울특별시 강동구 아리수로91길 32-6 (강일동, 유러피안하우스2)", ,,사업 및 무형 재산권 중개업,2022-10-06,12월
아세아(주),"ASIA HOLDINGS CO.,LTD",아세아,002030,"이훈범, 오기호",유가증권시장,110111-0030710,220-81-23120,서울특별시 강남구  논현로 430 아세아타워빌딩 14층,asiaholdings.co.kr,,회사 본부 및 경영 컨설팅 서비스업,1957-04-27,12월
(주)아세아항측,ASIA AERO SURVEY CO. LTD,아세아항측, ,임상문,기타법인,110111-1209215,105-81-75163,경기도 고양시 덕양구 성사동 419-6 경남주택상가 타-102호,www.asiagis.co.kr,,"측량, 지질조사 및 지도제작업",1995-11-15,12월
주식회사 아스트로젠,"Astrogen, inc.",아스트로젠, ,황수경,기타법인,170111-0649840,470-87-00684,대구광역시 동구 혁신대로 440 (대림동) 아스트로젠 본사,www.astrogen.co.kr/,,의학 및 약학 연구개발업,2017-08-20,12월
아시아기업구조조정(주),"ASIA Corporate Restructuring Company., Ltd.",아시아기업구조조정, ,박근범,기타법인,110111-3772591,211-88-04905,서울특별시 강남구 청담동 91-1 재림빌딩 5층, ,,경영 컨설팅업,2007-10-19,12월
아시아리얼티 주식회사,ASIA REALTY,아시아리얼티, ,최윤선,기타법인,110111-6036093,776-81-00450,"경기도 용인시 수지구 광교중앙로 338 (상현동, 광교우미뉴브) C동 1025호", ,,경영 컨설팅업,2016-04-19,12월
(주)아시아에볼루션코리아,"Asia evolution Korea Co., Ltd",아시아에볼루션코리아, ,존제이박,기타법인,110111-1914377,107-81-79490,서울특별시 용산구 한남대로 59 (한남동) 남한빌딩 5층,www.asiaevolution.com,,경영 컨설팅업,2000-03-22,12월
아시아캐릭터홀딩스(주),"Asia Character Holdings, Inc.",아시아캐릭터홀딩스, ,장재혁,기타법인,110111-2423179,211-87-07375,서울특별시 강남구 신사동 666-14 배강빌딩 702호, ,,시각 디자인업,2002-01-07,12월
아시아투데이(주),asiatoday,아시아투데이, ,우종순,기타법인,110111-3371682,220-87-22555,"서울특별시 영등포구 의사당대로1길 34 (여의도동, 인영빌딩)",www.asiatoday.co.kr,,제조업 회사 본부,2006-01-05,12월
아시아홀딩컴퍼니(주),ASIA HOLDING COMPANY,아시아홀딩컴퍼니, ,전용태,기타법인,110111-3424861,214-87-87102,"서울특별시 강남구 도산대로101길 9 4층(청담동,영명빌딩)", ,,경영 컨설팅업,2006-03-23,12월
주식회사 아썸,"Assum Co., Ltd.",아썸, ,권오병,기타법인,110111-2028862,214-86-64039,서울특별시 서초구 양재동 300 명우빌딩 2층,www.assum.co.kr,,전기ㆍ전자공학 연구개발업,2000-07-19,12월
(주)아우라진스,"AURAJEANS CO., LTD",아우라진스, ,신문철,기타법인,110111-4943307,201-86-28911,"서울특별시 중구 퇴계로 461 (황학동, 민족통일대통령빌딩) 9층 901-2호", ,,제조업 회사 본부,2012-08-22,12월
주식회사아우름투자,AURUM,아우름투자, ,배형철,기타법인,110111-8510392,254-86-02690,"서울특별시 서초구 사임당로 39 (서초동, 한성빌딩)", ,,경영 컨설팅업,2022-12-23,12월
주식회사 아울바이오,AULBIO,아울바이오, ,김청주,기타법인,135811-0334474,766-81-01020,"경기도 성남시 수정구 고등로 3 (고등동, 현대지식산업센터성남고등) 에이동 613호~614호",www.aulbio.com,,의학 및 약학 연구개발업,2018-02-12,12월
주식회사 아유디자인컨설턴트종합건축사사무소,AU Design ,아유디자인컨설턴트종합건축사사무소, ,김병욱,기타법인,110111-2706484,106-86-19363,서울특별시 용산구 동빙고동 10-8 남도빌딩 401호, ,,건축설계 및 관련 서비스업,2003-03-01,12월
주식회사 아이나비시스템즈,INAVI Systems Corp,아이나비시스템즈, ,성득영,기타법인,110111-2056590,114-86-02301,경기도 성남시 분당구 판교역로 240 (삼평동)삼환하이펙스 A동 8층,inavisys.com/,,지질 조사·탐사 및 지도 제작업,1994-03-10,12월
(주)아이단바이오,AIdanBio Ind.,아이단바이오, ,한영만,기타법인,160111-0644636,785-88-02301,"대전광역시 유성구 가정북로 96 (장동, 대전일자리경제진흥원) B102", ,,자연과학 및 공학 융합 연구개발업,2022-10-26,12월
(주)아이디스홀딩스,"IDIS Holdings Co., Ltd",아이디스홀딩스,054800,김영달,코스닥시장,160111-0065824,314-81-20205,대전 유성구 관평동 1301,www.idisholdings.co.kr,www.idisholdings.co.kr,기타 전문 서비스업,1997-09-24,12월
(주)아이디알,IDRTECH INC.,아이디알, ,한철규,기타법인,160111-0091803,314-81-30076,"대전광역시 유성구 전민동 461-58,8 대전바이오벤처타운 4층",www.idrtech.com,,의학 및 약학 연구개발업,2000-01-11,12월
(주)아이디알서비스,IDR Service Inc.,아이디알서비스, ,"강혜정, 김현철",기타법인,110111-4398437,220-88-02537,전라남도 나주시 호수로 74 (빛가람동) 1동 401호,idr-s.co.kr,,"그 외 기타 분류 안된 전문, 과학 및 기술 서비스업",2010-07-22,12월
(주)아이디어스마트,"Idea Smart Co.,Ltd.",아이디어스마트, ,장진영,기타법인,131111-0348788,144-81-15762,경기도 성남시 분당구 고기로554번길 8-8 (대장동), ,,경영 컨설팅업,2013-07-18,12월
(주)아이디어스톰,"Ieda Storm Co., Ltd",아이디어스톰, ,방형린,기타법인,110111-3303833,215-86-82044,서울특별시 송파구 잠실동 40 갤러리아펠리스비동 811호,-,,광고 대행업,2006-02-15,12월
(주)아이디어컴퍼니프로그,ideacompanyprog,아이디어컴퍼니프로그, ,김성철,기타법인,110111-4620517,211-88-61376,서울특별시 강남구 신사동 622 ~634 629-26 현대벨로스 5층, ,,광고 대행업,2011-06-09,12월
아이디언스 주식회사,idience,아이디언스, ,이원식,기타법인,110111-7117470,357-86-01286,"서울특별시 서초구 바우뫼로27길 2 (양재동, 일동홀딩스(주)사옥) 2층", ,,의학 및 약학 연구개발업,2019-05-24,12월
아이디퀀티크 유한회사,ID Quantique Limited,아이디퀀티크, ,GREGOIRE RIBORDY,기타법인,131114-0009566,426-86-01035,"경기도 성남시 분당구 황새울로258번길 6 (수내동, SK텔레콤) 1층", ,,전기ㆍ전자공학 연구개발업,2018-09-01,12월
아이라인스튜디오스코리아 유한회사,EYELINE STUDIOS KOREA LTD.,아이라인스튜디오스코리아, ,에밀리허쉬캐틀린,기타법인,110114-0302006,257-88-02524,"서울특별시 마포구 매봉산로 45 (상암동, KBS미디어센터) 12fl.", ,,"그 외 기타 전문, 과학 및 기술 서비스업",2022-09-28,12월
(주)아이랩,"ILAb Co., Ltd.",아이랩, ,"허태회, 오태권",기타법인,121111-0325928,281-81-00705,"경기도 성남시 분당구 판교로255번길 9-22 (삼평동, 판교우림W-CITY) 804호",www.ilab.co.kr,,의학 및 약학 연구개발업,2017-04-14,12월
주식회사 아이랩,ILAB Co. Ltd,아이랩, ,이재은,기타법인,120111-0910704,568-88-01008,"인천광역시 연수구 송도국제대로 157 (송도동, 오네스타), 상가동 710호", ,,경영 컨설팅업,2019-01-01,12월
(주)아이러브아이센터,ILOVEEYE CENTER,아이러브아이센터, ,이종호,기타법인,110111-2626137,211-87-21800,서울특별시 강남구 신사동 665-1 한양타운 6층, ,,경영 컨설팅업,2009-03-25,12월
주식회사 아이리시스,"IRISYS Co.,Ltd",아이리시스, ,한승은,기타법인,110111-4806498,107-87-66736,"서울특별시 구로구 디지털로 272 (구로동, 한신아이티타워)1201호",https://www.irisys.co.kr,,전기ㆍ전자공학 연구개발업,2012-02-27,12월
아이린에셋(주),IRNE ASSET CO.,아이린에셋, ,진연길,기타법인,170111-0463745,514-81-82927,"충청남도 천안시 서북구 한들3로 107 (백석동, 백석계룡리슈빌아파트) 106/2102",speechintop@naver.com,,경영 컨설팅업,2014-06-20,12월
주식회사 아이바이오코리아,EYEBIOKOREA INC.,아이바이오코리아, ,양재욱,기타법인,180111-1013050,376-81-00357,"부산광역시 부산진구 복지로 75 1010호 (개금동, 인제대학교부산백병원)",www.eyebiokorea.com,,의학 및 약학 연구개발업,2016-01-12,12월
주식회사 아이베스트,"IVEST Co., Ltd",아이베스트, ,김영달,기타법인,160111-0577952,184-86-01989,대전광역시 유성구 테크노3로 8-10 301호 (관평동), ,,경영 컨설팅업,2021-01-14,12월
주식회사 아이브이쥐 ,"IVG CO.,LTD.",아이브이쥐, ,김도영,기타법인,131111-0077673,533-81-03578,"경기도 성남시 분당구 판교역로 166 B동 9층 (백현동, 카카오판교아지트)", ,,경영 컨설팅업,2025-09-26,12월
아이비기업투자(주),IB Inverstment Company,아이비기업투자, ,박성훈,기타법인,110111-4170249,104-86-22751,서울특별시 중구 을지로2가 199-40 명동아르누보센텀 902호, ,,경영 컨설팅업,2009-09-01,12월
(주)아이비디티,IBDT INC,아이비디티, ,안성현,기타법인,110111-5470325,119-86-91527,"서울특별시 금천구 디지털로10길 9 (가산동, 현대아울렛금천점) 신한생명빌딩 8층 802호",www.ibdt.co.kr,,의학 및 약학 연구개발업,2014-07-18,12월
아이비씨앤파트너스주식회사,ibc&partners,아이비씨앤파트너스, ,김남은,기타법인,110111-2068678,211-86-67172,서울특별시 강남구 역삼동 720-25 디오빌역삼 24층 11호, ,,경영 컨설팅업,2000-09-14,12월
주식회사 아이비알커머스,"IBR Commerce Co.,Ltd",아이비알커머스, ,김태완,기타법인,120111-1036260,312-86-78671,서울특별시 강남구 강남대로136길 60 (논현동), ,,광고 대행업,2019-11-29,12월
아이비코리아 유한회사,IB KOREA LTD.,아이비코리아, ,LOY DOUGLAS EVERITT,기타법인,131114-0002643,129-86-29321,"경기도 성남시 중원구 둔촌대로 474 (상대원동, 선텍시티1) 910호", ,,제조업 회사 본부,2009-01-21,12월
아이비텍 주식회사,"IBTECH Co., LTD.",아이비텍, ,양재현,기타법인,150111-0094263,301-81-88567,"충청북도 청주시 흥덕구 산단로 162 (송정동, 아이비텍(주))", ,,"기타 기술 시험, 검사 및 분석업",2006-01-25,12월
주식회사 아이소바코리아,"Isobar Korea Co.,Ltd",아이소바코리아, ,"남우현, 히비노타카키",기타법인,110111-1868152,211-86-90498,"서울특별시 강남구 테헤란로79길 6 (삼성동, 제이에스타워) 9층", ,,광고 대행업,2000-02-01,12월
아이스텀투자(주),Istum Investment Corporation,아이스텀투자, ,유영석,기타법인,110111-2334508,120-86-26803,서울특별시 강남구 삼성동 159-1 무역센터 아셈타워 7층, ,,경영 컨설팅업,2001-09-17,12월
(주)아이시스컨텐츠,"ISIS Contents Co.,Ltd",아이시스컨텐츠, ,안우진,기타법인,110111-2337289,220-86-20583,서울특별시 강남구 청담동 41-1 청담벤처프라자 5층,www.isiscontents.com,,제품 디자인업,2001-09-20,12월
(주)아이씨비앤코,"ICB&CO., Ltd.",아이씨비앤코, ,김영진,기타법인,110111-6589943,749-88-01441,"경기도 용인시 기흥구 동백중앙로 191 (중동, 씨티프라자) 8층 케이869호", ,,경영 컨설팅 및 공공 관계 서비스업,2017-12-06,12월
주식회사 아이씨알,"ICR CO., LTD.",아이씨알, ,김덕용,기타법인,110111-2431479,105-86-35114,경기도 김포시 양촌읍 황금3로7번길 112 (학운리),www.icrqa.com,,"그 외 기타 분류 안된 전문, 과학 및 기술 서비스업",2002-01-24,12월
아이씨엠 주식회사,"ICM Co., Ltd.",아이씨엠, ,김대원,기타법인,110111-4963058,110-86-02352,서울특별시 서대문구 연세로 50 102동 459호(신촌동),www.icm-bio.com,,의학 및 약학 연구개발업,2012-09-18,12월
아이씨와이파트너즈 주식회사,"ICY Partners Co., Ltd.",아이씨와이파트너즈, ,윤두건,기타법인,131111-0221653,129-86-27944,경기도 성남시 분당구 서현동 255-1 풍림아이온플러스 비동 2127호, ,,경영 컨설팅업,2008-11-26,12월
아이씨지제이티홀딩스 주식회사,"ICG JT Holdings Co., Ltd",아이씨지제이티홀딩스, ,김은애,기타법인,110111-8017611,623-86-02028,"서울특별시 금천구 시흥대로 281 (시흥동, 새한벤처월드) 801", ,,제조업 회사 본부,2021-09-07,12월
주식회사 아이알큐더스,IR KUDOS Corporation,아이알큐더스, ,"이준호, 이종승",기타법인,110111-1870462,220-81-76613,"서울특별시 영등포구 국제금융로8길 2 14층 (여의도동, 농협재단빌딩)",www.irkudos.co.kr,,경영 컨설팅업,2000-02-01,12월
아이알파트너스 주식회사,IRPARTNERS,아이알파트너스, ,오선환,기타법인,110111-5555284,261-81-20522,"서울특별시 강남구 도산대로59길 13 (청담동, 세명빌딩) 5층", ,,경영 컨설팅업,2014-10-10,12월
(주)아이앤비100,"INB100 Co.,Ltd.",아이앤비100, ,변백현,기타법인,110111-8671110,578-81-03101,서울특별시 강남구 논현로 557 (역삼동), ,,매니저업,2023-06-26,12월
아이앤비코퍼레이션 주식회사,"I&B Corporation Co., Ltd.",아이앤비코퍼레이션, ,박정수,기타법인,131111-0629550,531-87-02236,경기도 성남시 분당구 판교로 286 (삼평동) 8층, ,,경영 컨설팅업,2021-04-23,12월
아이앤에프컨설팅 주식회사,INF Consulting Inc,아이앤에프컨설팅, ,"백만용, 천석범, 김재영",기타법인,110111-8340319,699-81-01981,"서울특별시 강남구 영동대로106길 5 (삼성동, 아이파크타워2) 5층",infc.co.kr,,경영 컨설팅업,2021-03-05,12월
아이앤제이자산운용(주),INJ INVESTMENT MANAGENT,아이앤제이자산운용, ,오인영,기타법인,110111-3927279,120-87-29791,"서울특별시 영등포구 국제금융로 20 (여의도동, 율촌빌딩) 13층", ,,경영 컨설팅업,2008-07-02,03월
아이앤컨설팅주식회사,"I&consulting Co.,ltd.",아이앤컨설팅, ,이봉관,기타법인,110111-6649549,452-86-00904,서울특별시 영등포구 의사당대로 97 17층(여의도동), ,,경영 컨설팅업,2018-02-19,12월
아이언사이드 주식회사,Ironside inc.,아이언사이드, ,유가희,기타법인,110111-7956802,176-87-02252,"서울특별시 강서구 마곡중앙6로 11 (마곡동, 보타닉파크타워3) 3층 313-19호", ,,경영 컨설팅업,2021-07-14,12월
(주)아이에스이인베스트먼트,ISE Investment Company Limited,아이에스이인베스트먼트, ,김응수,기타법인,110111-3794412,211-88-06335,"서울특별시 강남구 영동대로 648 (삼성동, 삼안빌딩)", ,,경영 컨설팅업,2007-11-27,12월
주식회사 아이에스티,International Standard Technology,아이에스티, ,이준환,기타법인,131111-0042124,129-81-29947,경기도 용인시 기흥구 신갈동 400-19,www.ist.re.kr,,기타 엔지니어링 서비스업,1999-09-01,06월
(주)아이에스티엔터테인먼트, IST Entertainment Corp.,아이에스티엔터테인먼트, ,"장현진, 윤영로",기타법인,110111-4504638,211-88-53987,서울특별시 강남구 언주로172길 8 (신사동),www.play-m.co.kr,,매니저업,2011-01-03,12월
주식회사 아이에스피건축사사무소,integration of space & place architect & engineering,아이에스피건축사사무소, ,이주경,기타법인,200111-0301162,409-86-15529,광주광역시 동구 동명로 19-16 (동명동)3층,ispa.kr/,,제도업,2010-07-09,12월
주식회사 아이에이비홀딩스,IAB Holdings Inc.,아이에이비홀딩스, ,선현석,기타법인,110111-3419078,220-87-26513,"서울특별시 강남구 영동대로 735 9층 (청담동,골프존타워)", ,,경영 컨설팅업,2006-04-01,12월
아이에이치홀딩스,IHholdings,아이에이치홀딩스, ,김재성,기타법인,195511-0170468,615-86-08356,경상남도 김해시 주촌면 서부로1637번길 355, ,,경영 컨설팅업,2014-04-14,12월
아이에프글로벌 주식회사,"iFinanceGlobal Co., Ltd",아이에프글로벌, ,김경화,기타법인,110111-1964372,120-86-05093,서울특별시 강남구 역삼1동 737 강남파이낸스센터 28층, ,,경영 컨설팅업,2000-05-09,12월
아이에프제이코리아(주),IFJ Korea Limited,아이에프제이코리아, ,이쿠마히로시,기타법인,110111-2845498,220-86-69946,서울특별시 강남구 역삼1동 삼성제일빌딩 1604호, ,,환경 관련 엔지니어링 서비스업,2003-08-22,12월
주식회사 아이엔디코리아,INDKOREA,아이엔디코리아, ,이성운,기타법인,110111-6686179,737-86-00896,"대전광역시 유성구 테크노4로 17 디515호(관평동, 비즈센터)",indko.net,,경영 컨설팅업,2018-03-13,12월
주식회사 아이엠바이오로직스,IMBiologics Corp.,아이엠바이오로직스, ,하경식,기타법인,131111-0601384,738-81-01869,"경기도 수원시 영통구 창룡대로 260 10,11층(이의동, 광교센트럴비즈타워)",www.imbiologics.com,,연구개발업,2020-08-04,12월
주식회사 아이엠비디엑스,"IMBdx, Inc.",아이엠비디엑스,461030,김태유,코스닥시장,110111-6801206,256-86-01187,"서울특별시 금천구 가산디지털1로 131 A동 605-가, 605-나, 21층",www.imbdx.com/,,자연과학 및 공학 연구개발업,2018-07-05,12월
아이엠아이,Image Management Institute,아이엠아이, ,조태형,기타법인,110111-0724462,105-81-44001,서울특별시 도봉구 쌍문1동 508-1 1층, ,,경영 컨설팅업,2010-01-01,12월
(주)아이엠애드리퍼블릭,"IMADREPUBLIC Co., Ltd.",아이엠애드리퍼블릭, ,김주희,기타법인,110111-4125020,113-86-30857,"서울특별시 구로구 디지털로34길 27 404.405호 (구로동, 대륭포스트타워3차)",imad.co.kr,,광고 대행업,2009-06-25,12월
주식회사 아이엠에스씨,IMSC,아이엠에스씨, ,이강수,기타법인,110111-5077832,107-87-89312,전라북도 김제시 금산면 구월2길 75-3 (구월리) 주택, ,,경영 컨설팅업,2013-02-27,12월
(주)아이엠엠,IMM Corporation,아이엠엠, ,지성배,기타법인,110111-2047325,120-86-10131,"서울특별시 강남구 테헤란로 152 (역삼동, 강남파이낸스센터) 5층", ,,경영 컨설팅업,2000-08-11,06월
아이엠엠앤드컴퍼니(주),"IMM & Company Co., Ltd.",아이엠엠앤드컴퍼니, ,"장동우, 손인호",기타법인,110111-2189119,104-81-61119,서울특별시 중구 소공동 한화빌딩(소공동),www.imm.co.kr,,경영 컨설팅업,2001-03-09,06월
(주)아이엠엠앤파트너스,IMM&Partners,아이엠엠앤파트너스, ,박성우,기타법인,110111-2155722,104-81-59476,서울특별시 중구 무교동 63번지 서울파이낸스빌딩, ,,경영 컨설팅업,2001-01-20,12월
(주)아이엠엠어드바이저리,"IMM Advisory Co., Ltd.",아이엠엠어드바이저리, ,최재원,기타법인,110111-2031972,211-86-63104,서울특별시 중구 소공동 한화빌딩(소공동), ,,경영 컨설팅업,2000-07-21,12월
아이엠엠홀딩스 주식회사,"IMM Holdings,",아이엠엠홀딩스, ,송인준,기타법인,110111-8100987,169-86-02524,"서울특별시 강남구 테헤란로 152 (역삼동, 강남파이낸스센터) 12층",www.immholdings.co.kr/,,경영 컨설팅업,2021-11-22,12월
주식회사 아이엠인베스트,iminbest ltd,아이엠인베스트, ,임준균,기타법인,110111-6793289,129-86-93895,"서울특별시 강남구 논현로28길 30 (도곡동, 대원빌딩)", ,,연구개발업,2018-06-26,12월
아이오유홀딩스 주식회사,"IOUHOLDINGS CO.,LTD.",아이오유홀딩스, ,민경호,기타법인,110111-6136687,284-86-00470,"서울특별시 금천구 디지털로9길 46 605호(가산동, 이앤씨드림타워7차)", ,,경영 컨설팅업,2016-07-29,12월
주식회사 아이원아이홀딩스,"I-ONE-I HOLDINGS CO., LTD.",아이원아이홀딩스, ,김필배,기타법인,110111-3760778,220-87-55089,"서울특별시 강남구 논현로 317 (3층,역삼동)", ,,경영 컨설팅업,2007-10-01,12월
주식회사 아이유노글로벌,"I-YUNO GLOBAL CO., LTD.",아이유노글로벌, ,유승희,기타법인,110111-3078981,211-87-55538,"서울특별시 마포구 월드컵북로56길 19 12층 (상암동, 드림타워)",https://www.iyunomg.com/,,번역 및 통역 서비스업,2004-09-03,12월
(주)아이즈커뮤니케이션즈,REVIEWPLACE,아이즈커뮤니케이션즈, ,이현철,기타법인,110111-5104031,119-86-69724,서울특별시 금천구 가산디지털1로 146 301호~309호 (가산동),www.reviewplace.co.kr/,,"광고물 문안, 도안, 설계 등 작성업",2013-04-03,12월
주식회사 아이지씨인증원,"IGC CO.,LTD",아이지씨인증원, ,공길택,기타법인,110111-1865348,107-81-76722,"서울특별시 금천구 서부샛길 638 (가산동, 대륭테크노타운7차) 501호", ,,"그 외 기타 전문, 과학 및 기술 서비스업",2000-02-01,12월
아이진(주),"EyeGene,Inc",아이진,185490,최석근,코스닥시장,110111-2005018,101-81-60412,경기도 의왕시 양지편2로 13 2층,www.eyegene.co.kr,www.eyegene.co.kr,의학 및 약학 연구개발업,2000-06-23,12월
주식회사 아이캐스팅 ,icasting INC.,아이캐스팅, ,안병윤,기타법인,110111-2045486,211-86-65010,서울특별시 강남구 논현동 , ,,광고 대행업,2000-07-24,12월
주식회사 아이케이파트너스,IK PARTNERS INC.,아이케이파트너스, ,원일권,기타법인,280211-0287695,667-87-04061,경기도 의정부시 가능로15번길 40 (가능동) 1층, ,,광고 대행업,2025-02-03,12월
아이콘클리니컬리서치코리아(유),ICON Clinical Research Korea,아이콘클리니컬리서치코리아, ,트리오나 프라이스스미스,기타법인,110114-0059110,120-86-90931,"서울특별시 강남구 테헤란로 142 (역삼동, 캐피탈타워) 18층", ,,"그 외 기타 분류 안된 전문, 과학 및 기술 서비스업",2005-12-22,12월
(주)아이클러스터,icluster inc.,아이클러스터, ,박재천,기타법인,110111-1940877,120-86-03848,서울특별시 강남구 삼성동 159 무역회관2205,www.icluster.co.kr,,경영 컨설팅업,2000-04-15,12월
유한회사아이텍,"I-TEK Co., Ltd.",아이텍, ,박광진,기타법인,110114-0233897,105-86-07845,서울특별시 마포구 마포대로 45 일진빌딩 (도화동),www.i-tek.co.kr,,경영 컨설팅업,2000-02-14,12월
아이텍주식회사,"ITEK, Inc.",아이텍,119830,이장혁,코스닥시장,135111-0074149,123-86-00952,경기도 화성시 동탄면 동탄산단4길 9-15 -,www.iteksemi.com,,"그 외 기타 전문, 과학 및 기술 서비스업",2005-02-01,12월
(주)아이텍기술,ITEC SERVICE,아이텍기술, ,김헌영,기타법인,110111-0730154,229-81-10622,"경기도 성남시 중원구 사기막골로 159 (상대원동, 금강하이테크밸리2차) 301호",www.ndeilte.co.kr,,"기타 전문, 과학 및 기술 서비스업",1990-11-07,12월
(주)아이티엔지니어링,IT Engineering.co.ltd,아이티엔지니어링, ,김석주,기타법인,124611-0276079,122-81-70431,"서울특별시 금천구 가산디지털1로 88 (가산동, IT프리미어타워) 12층 1101호",www.iteng.co.kr,,기타 엔지니어링 서비스업,2002-01-30,12월
주식회사 아이티엘,"Innovative Technology Lab Co. , Ltd ",아이티엘, ,황차동,기타법인,110111-5213262,264-81-21025,"서울특별시 서초구 바우뫼로 175 (양재동, 창덕빌딩) 4층, 5층",biznavi.co.kr/,,경영 컨설팅업,2013-09-02,12월
주식회사 아이티엠건축사사무소,ITM CORPORATION Co.Ltd,아이티엠건축사사무소, ,임재춘,기타법인,110111-1395858,211-86-20779,"서울특별시 강남구 선릉로 747 (논현동, 삼성당빌딩)2층",www.itmpro.co.kr,,건축설계 및 관련 서비스업,1997-03-28,12월
주식회사 아이티컨티뉴,itcontinue,아이티컨티뉴, ,엄진성,기타법인,284911-0300605,130-88-02724,"경기도 파주시 경의로 1114 406호 (야당동, 에펠타워)", ,,"광고물 문안, 도안, 설계 등 작성업",2023-04-01,12월
(주)아이팝엔지니어링종합건축사사무소,"Eyepop Engineering & Architects Co.,LTD",아이팝엔지니어링종합건축사사무소, ,노영섭,기타법인,160111-0162042,314-81-61069,대전광역시 서구 월드컵대로484번안길 10 3층 (월평동), ,,건물 및 토목 엔지니어링 서비스업,2003-08-28,12월
주식회사 아이프로스펙트코리아,"Vizeum Korea Co.,Ltd",아이프로스펙트코리아, ,"로버트알란휴즈, 김수정",기타법인,110111-4986919,120-87-90637,"서울특별시 강남구 테헤란로79길 6 (삼성동, 제이에스타워)", ,,광고 대행업,2013-09-13,12월
아이피뱅크 주식회사,"IPBANK Co.,Ltd",아이피뱅크, ,옥세열,기타법인,110111-7455599,828-87-01825,"서울특별시 서초구 마방로2길 84 5층 (양재동, 포엠아이2빌딩)", ,,기타 엔지니어링 서비스업,2020-04-10,12월
아이피씨개발(주),IPC DEVELOPEMENT CO.LTD.,아이피씨개발, ,장동주,기타법인,110111-4333912,211-88-42549,"서울특별시 강남구 테헤란로 226 (역삼동, 태왕빌딩) 10층", ,,경영 컨설팅업,2010-04-21,12월
아이피지덱스트라코리아유한회사,IPG DXTRA Korea Ltd,아이피지덱스트라코리아, ,배정화,기타법인,110114-0087038,220-87-90053,"서울특별시 강남구 테헤란로 126 (역삼동, 대공빌딩) 5층",www.webershandwick.co.kr,,공공관계 서비스업,2009-11-12,12월
아이피큐브파트너스(주),"IP Cube Partners Co., Ltd.",아이피큐브파트너스, ,민승욱,기타법인,110111-4286880,107-87-32046,"서울특별시 영등포구 국제금융로2길 37 2804호 (여의도동, 에스트레뉴)",www.ipcubepartners.com,,사업 및 무형 재산권 중개업,2010-02-19,12월
주식회사 아이피포엠,IPForM. Inc.,아이피포엠, ,김길원,기타법인,110111-8632021,690-88-02847,"대전광역시 서구 대덕대로 325 6층 70호(월평동, 스타게이트몰)", ,,"기타 전문, 과학 및 기술 서비스업",2023-05-09,12월
주식회사아인스미디어,EINSMEDIA,아인스미디어, ,김중완,기타법인,110111-4206466,109-86-20253,"서울특별시 금천구 가산디지털1로 168 (가산동, 우림라이온스밸리) B동 907,908,909호", ,,광고 대행업,2009-10-23,12월
주식회사 아인파트너스,Ayinpartners,아인파트너스, ,오종원,기타법인,110111-5559294,264-81-45575,"서울특별시 성동구 연무장13길 9 715호 (성수동2가, 아이템플)", ,,경영 컨설팅업,2014-11-10,12월
주식회사 아임뉴런,IMNEWRUN Inc.,아임뉴런, ,김한주,기타법인,135811-0365205,717-86-01358,"경기도 수원시 장안구 서부로 2066 (천천동, 성균관대학교) N센터 A동 5층",www.imnewrun.com,,의학 및 약학 연구개발업,2019-04-17,12월
주식회사 아임존,"IM Co., Ltd.",아임존, ,한수지,기타법인,134511-0480604,672-81-01953,경기도 용인시 기흥구 덕영대로 1871 상가동 306-13호,-,,경영 컨설팅업,2020-10-14,12월
아주글로벌주식회사,AJU GLOBAL. Corp.,아주글로벌, ,유재형,기타법인,110111-0028608,214-81-57590,"서울특별시 서초구 강남대로 351 (서초동, 청남빌딩) 7층",www.aju.co.kr,,경영 컨설팅업,1960-09-01,12월
아주엘앤에프홀딩스 주식회사,"AJU LNF HOLDINGS CO., LTD ",아주엘앤에프홀딩스, ,문덕영,기타법인,110111-0665608,214-81-15983,서울특별시 강남구 역삼로 111 대세빌딩 11층 (역삼동),www.ajulnf.co.kr,,경영 컨설팅업,1990-01-15,12월
아주프라퍼티즈(주),"AJU Properties CO.,LTD",아주프라퍼티즈, ,유재형,기타법인,134811-0002791,124-81-31550,서울특별시 서초구 강남대로 351 (서초동)청남빌딩 7층, ,,경영 컨설팅업,1979-06-14,12월
아주홀딩스 주식회사,"AJU Holdings CO., LTD",아주홀딩스, ,김태훈,기타법인,110111-0026214,113-81-06691,서울특별시 구로구 경인로 600 (신도림동),www.aju-holdings.co.kr,,경영 컨설팅 및 공공 관계 서비스업,1953-05-04,03월
주식회사 아진빌딩,AJIN BD,아진빌딩, ,박정민,기타법인,134211-0295356,413-86-03323,"경기도 김포시 김포한강4로420번길 30 (구래동, 한강비즈나인지식산업센터) 707호", ,,경영 컨설팅업,2024-05-16,12월
아처스코리아 주식회사,ArchersKorea Inc,아처스코리아, ,김영건,기타법인,110111-3615155,119-81-96420,"서울특별시 강남구 테헤란로70길 14-6 비동 3층 (대치동, 세왕종합상사빌딩)", ,,경영 컨설팅업,2007-02-07,12월
(주)아침해,ACHIMHEA.LTD,아침해, ,손동준,기타법인,134811-0207854,124-87-07334,경기도 화성시 남양로930번길 28 (북양동), ,,"그 외 기타 분류 안된 전문, 과학 및 기술 서비스업",2010-12-28,12월
주식회사 아카글로벌,David&K.CO.LTD,아카글로벌, ,윤병호,기타법인,110111-6117166,631-86-00491,"경기도 안양시 동안구 시민대로 230 지니센터 D동 582호(관양동, 평촌아크로타워)", ,,경영 컨설팅업,2016-07-11,12월
주식회사 아케마코리아홀딩,"Arkema Korea Holding Co., Ltd.",아케마코리아홀딩, ,한현수,기타법인,110111-8666236,368-86-03004,"경기도 김포시 고촌읍 장차로13번길 25 (신곡리, 세종프라자) 3층, 302-330호", ,,경영 컨설팅업,2023-06-16,12월
아쿠아블루에너지 주식회사,"Aqua Blue Energy Co., Ltd.",아쿠아블루에너지, ,김준욱,기타법인,110111-8559465,256-88-02894,"서울특별시 종로구 새문안로5길 19 4층 4호(당주동, 로얄빌딩)", ,,기타 전문 서비스업,2023-02-17,12월
유한회사 아크로파트너스,Acro partners lnc.,아크로파트너스, ,김영찬,기타법인,110114-0241072,789-87-01248,서울특별시 마포구 새창로 11 (도화동) 1322호, ,,경영 컨설팅업,2019-04-30,12월
아크홀딩스 주식회사,"Ark Holdings Co., Ltd",아크홀딩스, ,유지석,기타법인,174711-0068317,310-86-03892,경상북도 영천시 완산8길 3 (완산동) 2층 202호, ,,경영 컨설팅업,2024-10-30,12월
아크회계법인,ARK Accounting Corporation,아크회계법인, ,권익상,기타법인,240134-0031458,824-86-02223,서울특별시 성동구 왕십리로16가길 12 (성수동1가) 2층,https://ark.kr/,,공인회계사업,2021-11-01,06월
(주)아키너스건축사사무소,"Archiinus Architect Co., Ltd.",아키너스건축사사무소, ,이충순,기타법인,134511-0026953,135-81-26227,경기도 용인시 수지구 풍덕천동 742 덕윤프라자 3층 301호, ,,건축설계 및 관련 서비스업,1998-03-15,12월
주식회사 아트밸리,Art Valley,아트밸리, ,정승진,기타법인,154311-0044062,187-81-00946,충청북도 진천군 진천읍 문진로 962, ,,사업 및 무형 재산권 중개업,2017-11-21,12월
(주)아트엠앤씨,ART M&C,아트엠앤씨, ,연한준,기타법인,110111-6605517,838-86-00845,경기도 고양시 덕양구 꽃내음3길 41 1층 (향동동), ,,매니저업,2018-01-03,12월
(주)아틀라스팔천,Atlas8000,아틀라스팔천, ,신진형,기타법인,110111-8106604,271-86-02230,"서울특별시 강남구 강남대로 584 6층 669호(논현동, 성일빌딩)", ,,경영 컨설팅업,2021-11-25,12월
주식회사 아티스트컴퍼니,"ARTIST COMPANY CO.,LTD",아티스트컴퍼니, ,이상일,기타법인,110111-4861898,211-88-77387,서울특별시 강남구 도산대로 430 401호(청담동),www.artistcompany.co.kr,,매니저업,2012-05-04,12월
아파트멘터리 주식회사,"APARTMENTARY Co., Ltd",아파트멘터리, ,"윤소연, 김준영",기타법인,110111-5927342,723-87-00195,"서울특별시 강남구 도산대로 237 (신사동, 현대벨로스오피스텔) 3층,4층 아파트멘터리",apartmentary.com/,,인테리어 디자인업,2015-12-24,12월
아퓨어스 주식회사,"APURES CO., LTD.",아퓨어스,149300,최선덕,코넥스시장,115911-0054727,128-81-60678,경기도 평택시 청북읍 한산길 44,www.apures.com,,자연과학 및 공학 연구개발업,2001-07-05,12월
(주)아프로R&D,APRO RND,아프로R&D, ,김형태,기타법인,130111-0071760,135-81-46897,"서울특별시 구로구 디지털로33길 28 (구로동, 우림이비지센터1차) 211호",www.apro.re.kr/,,"기타 기술 시험, 검사 및 분석업",2001-06-26,12월
아피스주식회사,APIS.CO.LTD,아피스, ,한상원,기타법인,110111-7207867,516-86-01492,"서울특별시 구로구 디지털로33길 48 (구로동, 대륭포스트타워7차)6층 601호", ,,경영 컨설팅업,2019-08-20,12월
주식회사 아피아홀딩스,APPIAHOLDINGS INC.,아피아홀딩스, ,YUN JIN S,기타법인,110111-5514181,220-88-87521,"서울특별시 강남구 논현로 509 (역삼동, 송암II빌딩) A910호", ,,경영 컨설팅업,2014-09-16,12월
안건회계법인,Ahn kwon & Co,안건회계법인, ,이원희,기타법인,110134-0000822,105-81-75751,서울특별시 마포구 공덕동 252-5 태영빌딩,www.ahnkwon.co.kr,,공인회계사업,1977-06-29,03월
안경회계법인,Ankyung Accounting Corporation,안경회계법인, ,김지영,기타법인,184134-0007250,605-86-26468,"부산광역시 해운대구 센텀서로 30 (우동, 케이엔엔타워) 1405호",www.akcpa.co.kr,,공인회계사업,2014-02-21,03월
(주)안국엔지니어링,"Ankug Engineering Co., Ltd.",안국엔지니어링, ,안병국,기타법인,110111-1197957,118-81-12596,"서울특별시 구로구 디지털로30길 28 (구로동, 마리오타워) 1301호",www.ankugenc.com,,기타 엔지니어링 서비스업,1991-01-07,12월
(주)안그라픽스,ahn graphics co.ltd,안그라픽스, ,안미르,기타법인,110111-0671663,209-81-15114,"경기도 파주시 회동길 125-15 (문발동, 안그라픽스)",www.ag.co.kr,,시각 디자인업,1990-01-18,12월
(주)안다인베스트먼트 파트너스,"Anda Investment Partners.co,Ltd",안다인베스트먼트파트너스, ,민동오,기타법인,110111-2794570,220-86-64733,서울특별시 강남구 역삼동 837-26 삼일프라자 201호, ,,경영 컨설팅업,2003-06-05,12월
안세회계법인,ANSE Accounting corporation,안세회계법인, ,박윤종,기타법인,254134-0014854,108-81-78121,서울특별시 영등포구 영등포로84길 41 안세빌딩 2층 (신길동),www.ceotax.com,,공인회계사업,2007-01-24,03월
(주)안지오랩,"AngioLab, Inc.",안지오랩,251280,김민영,코넥스시장,160111-0082795,314-81-26271,대전광역시 유성구 테크노3로 65,www.angiolab.co.kr,,의학 및 약학 연구개발업,1999-06-03,12월
안진회계법인,Deloitte Anjin LLC,안진회계법인, ,홍종성,기타법인,114234-0003929,116-81-22521,서울특별시 영등포구 국제금융로 10 서울국제금융센터 원아이에프씨빌딩 9층,www.deloitteanjin.co.kr,,공인회계사업,1987-02-10,05월
주식회사 안테나,"ANTENNA Co., Ltd.",안테나, ,유희열,기타법인,110111-5784362,551-81-00166,서울특별시 강남구 언주로135길 32-10 (논현동), ,,매니저업,2015-07-16,12월
알더블유이리뉴어블즈코리아 유한회사,RWE Renewables Korea LLC,알더블유이리뉴어블즈코리아, ,"문고영, JONES DAVID EDWARD LLOYD",기타법인,110114-0266096,860-87-01926,"서울특별시 강남구 테헤란로 508 (대치동, 해성2빌딩) 16층 RWE", ,,기타 엔지니어링 서비스업,2020-09-25,12월
주식회사 알도,"Aldo Co., Ltd",알도, ,김경진,기타법인,110111-6166519,153-87-00552,대전광역시 서구 가장로 52 (괴정동) 439호, ,,경영 컨설팅업,2016-09-08,12월
주식회사 알비케이엔컴퍼니,RBK&Co,알비케이엔컴퍼니, ,김영철,기타법인,110111-5793107,752-88-00133,"서울특별시 강남구 남부순환로 2806 (도곡동, 군인공제회관) 21층 RBK", ,,경영 컨설팅업,2015-08-15,12월
알비케이홀딩스(주),"RBK Holdings Co., Ltd.",알비케이홀딩스, ,김은수,기타법인,110111-5428316,101-86-90551,서울특별시 강남구 언주로 736, ,,경영 컨설팅업,2014-06-01,12월
알스톰트랜스포트코리아 주식회사,"EUKORAIL  CO., LTD",알스톰트랜스포트코리아, ,프랑시스베르통,기타법인,110111-1009657,214-81-93844,서울특별시 특별시 중구 남대문로 5가 84-11 세브란스B/D 18층, ,,경영 컨설팅업,1994-02-04,03월
알앤비컨설팅(주),R&B Consulting,알앤비컨설팅, ,정진영,기타법인,110111-3751884,220-87-54493,"서울특별시 서초구 서초대로 397 (서초동, 부띠크모나코) B동 19층 1901호", ,,경영 컨설팅업,2007-09-10,03월
(주)알앤아이코리아,R&I KOREA CORPORATION,알앤아이코리아, ,이상묵,기타법인,110111-4937714,212-86-01402,"서울특별시 강동구 성내로6가길 34 -24, 201호(성내동, 우창빌딩)", ,,시장조사 및 여론조사업,2012-08-13,12월
주식회사 알앤알물류,RNRLOGISTICS,알앤알물류, ,이헌석,기타법인,110111-6371184,637-87-00818,"서울특별시 서초구 서운로 13 (서초동, 중앙로얄오피스텔)", ,,건물 및 토목 엔지니어링 서비스업,2017-05-01,12월
(주)알에스씨에이건축사사무소,RSCA ARCHITECTS &ENGINEERS,알에스씨에이건축사사무소, ,김선,기타법인,110111-0986038,211-81-91250,서울특별시 성동구 성수2가3동 277-17 성수아카데미타워1912호,rscarch@empal.com,,건축설계 및 관련 서비스업,1995-01-01,12월
주식회사 알에스에이치그룹,RSH Group Inc.,알에스에이치그룹, ,류성호,기타법인,110111-7445813,397-87-01729,"서울특별시 강남구 테헤란로 423 9층 9125호 (삼성동, 현대타워)", ,,경영 컨설팅업,2020-04-06,12월
(주)알에스피,"RSP Co.,Ltd.",알에스피, ,김대용,기타법인,131411-0164295,134-86-21336,경기도 안산시 단원구 산단로67번길 83 (목내동),www.rsp.co.kr,,물질성분 검사 및 분석업,2005-03-08,12월
(주)알에이엠씨,RAMC,알에이엠씨, ,이기종,기타법인,110111-3884289,204-86-09271,서울특별시 강동구 천호대로 1171 4층(길동), ,,수의업,2008-06-20,12월
(주)알에이치앤코,RHANDCO,알에이치앤코, ,최재성,기타법인,110111-4044452,210-81-62086,서울특별시 도봉구 쌍문2동 80-60,www.rhnco.com,,경영 컨설팅업,2009-02-13,12월
주식회사 알이엘개발,REL development Inc.,알이엘개발, ,권용희,기타법인,110111-5690296,457-88-00072,"서울특별시 강남구 선릉로100길 54 (삼성동, 삼성빌딩) 5층", ,,경영 컨설팅 및 공공 관계 서비스업,2015-04-08,12월
알제이씨홀딩스 유한회사,RJCHoldings,알제이씨홀딩스, ,김주용,기타법인,110114-0128725,101-86-80335,서울특별시 종로구 북촌로 89 (가회동), ,,경영 컨설팅업,2013-04-15,12월
알지노믹스(주),Rznomics Inc.,알지노믹스,476830,이성욱,코스닥시장,134511-0333209,531-81-00949,경기도 성남시 분당구 판교로 253 C동 801호,www.rznomics.com/,https://rznomics.irpage.co.kr/#ir-announce,의학 및 약학 연구개발업,2017-08-29,12월
주식회사 알케미스트캐피탈파트너스코리아,"ALCHEMIST CAPITAL PARTNERS KOREA Co.,Ltd.",알케미스트캐피탈파트너스코리아, ,이재경,기타법인,110111-6337839,158-87-00708,"서울특별시 강남구 강남대로 354 11층 (역삼동, 혜천빌딩)", ,,전문 서비스업,2017-03-07,12월
알테어엔지니어링주식회사,Altair Engineering Ltd,알테어엔지니어링, ,문성수,기타법인,110111-2372946,107-86-08229,"경기도 성남시 분당구 대왕판교로 660 에이-410호 (삼평동, 유스페이스1)",www.altair.com,,기타 자연과학 연구개발업,2001-11-13,12월
(주)알테오젠,Alteogen Inc.,알테오젠,196170,전태연,코스닥시장,160111-0242050,314-81-97965,대전광역시 유성구 유성대로1628번길 62 (전민동 461-38번지),www.alteogen.com,,의학 및 약학 연구개발업,2008-05-13,12월
주식회사 알텐코리아,"AP Solutions co.,Ltd",알텐코리아, ,이치열,기타법인,120111-0306523,131-81-76647,"인천광역시 연수구 갯벌로 129 201호 (송도동, 산업기술연구집적센터)",www.apsolutions.co.kr,,기타 엔지니어링 서비스업,2013-01-02,12월
(주)알토스바이오로직스,"ALTOS BIOLOGICS, INC.",알토스바이오로직스, ,지희정,기타법인,160111-0569206,620-81-59361,대전광역시 유성구 유성대로1628번길 62 (전민동), ,,의학 및 약학 연구개발업,2020-10-15,12월
(주)알투써밋,"R2SUMMIT Co., LTD",알투써밋, ,"현지웅, 안성호",기타법인,110111-7078309,164-86-01215,"서울특별시 강남구 선릉로 565 6층(역삼동, 한국빌딩)", ,,경영 컨설팅업,2019-04-15,12월
주식회사 알티넷,RTNET,알티넷, ,박명수,기타법인,110111-3741025,215-87-06121,"서울특별시 강남구 테헤란로8길 40 5층 외 (역삼동, 알티넷빌딩)", ,,제조업 회사 본부,2007-09-01,12월
"주식회사 알티스트 (Altist Co., Ltd)","Altist Co., Ltd","알티스트(AltistCo.,Ltd)", ,윤소현,기타법인,110111-5556183,120-88-20706,"서울특별시 영등포구 선유서로 17 (문래동5가, 문래동빅토리테크노타워) 1층", ,,제조업 회사 본부,2014-11-05,12월
알파라발한국홀딩(주),Alfa Laval Korea Holding,알파라발한국홀딩, ,최영구,기타법인,161511-0102130,312-86-02579,경기도 평택시 포승읍 평택항로268번길 169 제비동, ,,경영 컨설팅업,2008-09-25,12월
알파뷰파트너스,Alphaview Partners,알파뷰파트너스, ,윤형식,기타법인,110111-4744086,107-87-63307,"서울특별시 영등포구 국제금융로2길 32 (여의도동, 여의도파이낸스타워) 7층", ,,경영 컨설팅업,2011-12-07,12월
알파온파트너스 주식회사,"ALPHAONPARTNERS.CO.,LTD",알파온파트너스, ,최정윤,기타법인,110111-7105508,753-87-01201,서울특별시 강남구 봉은사로63길 11 (삼성동) 3층 391호, ,,경영 컨설팅업,2019-05-13,12월
알파투자파트너스 주식회사,"Alpha Investment Partners Co., Ltd.",알파투자파트너스, ,임공진,기타법인,110111-3581603,104-86-05242,"서울특별시 강남구 삼성로 508 (삼성동, LG트윈텔2)", ,,경영 컨설팅업,2006-12-19,12월
주식회사 알파트너스코리아,INS MANAGEMENT CO.LTD,알파트너스코리아, ,유재찬,기타법인,134511-0465573,873-87-01747,경기도 용인시 수지구 풍덕천로129번길 6-4 (풍덕천동)328호, ,,공공관계 서비스업,2020-07-01,12월
(주)알패트론,ALPATRON,알패트론, ,김기현,기타법인,110111-6457364,716-87-00784,"서울특별시 서초구 효령로60길 15 (서초동, 풍원빌딩) 402호", ,,경영 컨설팅업,2017-07-11,12월
주식회사 알펜시아,alpensia,알펜시아, ,장철원,기타법인,145011-0011604,226-81-40414,"강원도 평창군 대관령면 솔봉로 325 (용산리, 알펜시아리조트)",alpensiaresort.co.kr,,경영 컨설팅업,2009-09-01,12월
주식회사 알포산업,"ALPO INDUSTRIAL CO.,LTDL.",알포산업, ,황구연,기타법인,184511-0021276,621-81-34795,부산광역시 기장군 장안읍 장안산단6로 51 (반룡리)837,www.alpokorea.com,,제조업 회사 본부,1999-07-09,12월
(주)암브레이리스크코리아,"Ambreyriskkorea Co., Ltd.",암브레이리스크코리아, ,남봉관,기타법인,110111-5067031,104-86-46791,서울특별시 종로구 삼청로7길 36 (삼청동), ,,"기타 전문, 과학 및 기술 서비스업",2013-02-14,12월
주식회사 암크바이오,AMCBIO,암크바이오, ,부지홍,기타법인,110111-8130108,156-88-02347,"서울특별시 성북구 성북로9길 24 (성북동, 준공공임대주택)", ,,의학 및 약학 연구개발업,2021-12-15,12월
주식회사 압타머사이언스,Aptamer Sciences Inc,압타머사이언스,291650,정집훈,코스닥시장,171711-0093010,506-81-75181,"경기도 성남시 분당구 판교로228번길 15 3동 301호(삼평동, 판교세븐벤처밸리1)",www.aptsci.com,,자연과학 및 공학 연구개발업,2011-04-01,12월
압타바이오(주),Aptabio Therapeutics Inc.,압타바이오,293780,이수진,코스닥시장,135811-0168906,135-86-03821,"경기도 용인시 기흥구 흥덕1로 13 타워동 에이504호(영덕동, 흥덕아이티밸리)",www.aptabio.com,,의학 및 약학 연구개발업,2009-07-24,12월
주식회사 애나그램,"Anagram Co., Ltd. ",애나그램, ,성용근,기타법인,020111-0150521,334-81-03893,"인천광역시 연수구 컨벤시아대로 165 (송도동, 포스코타워-송도)", ,,경영 컨설팅업,2025-12-22,03월
주식회사 애니타입,AnyType ,애니타입, ,노승태,기타법인,110111-6270063,640-87-00508,"서울특별시 강남구 테헤란로 419 (삼성동, 삼성금융프라자) 18층", ,,경영 컨설팅업,2016-12-28,12월
애드게이트홀딩스 주식회사,"ADGATE HOLDINGS.Co.,Ltd.",애드게이트홀딩스, ,김경태,기타법인,110111-4449735,107-87-42559,전라남도 목포시 영산로 119 2층 201호(명륜동), ,,광고 대행업,2010-10-13,12월
(주)애드니즈,"ADNEEDS CO.LTD.,",애드니즈, ,박치평,기타법인,110111-5447960,220-88-83049,"서울특별시 강남구 학동로 402 (삼성동, 천마빌딩) 509호", ,,광고 대행업,2014-06-24,12월
주식회사 애드라인,ADLINE.CO.LTD,애드라인, ,류석,기타법인,110111-1198426,211-86-10868,서울특별시 강남구 논현동 100-5,www.adlines.co.kr,,광고 대행업,1995-09-22,12월
(주)애드리치,ADRICH Communications Inc.,애드리치, ,은명희,기타법인,110111-3299090,120-86-85933,"서울특별시 강남구 테헤란로 410 (대치동, 금강타워 12층)",adrich.co.kr,,광고 대행업,2005-09-01,12월
주식회사 애드마이비지니스,"AdMyBusiness Co., Ltd.",애드마이비지니스, ,고양필,기타법인,160111-0378441,314-86-61007,"대전광역시 유성구 봉명로 43 5층(원신흥동, (주)고혼진리퍼블릭사옥)", ,,"광고물 문안, 도안, 설계 등 작성업",2014-08-14,12월
주식회사 애드미션,"ADmission.co.,Ltd.",애드미션, ,배항식,기타법인,110111-2681751,220-86-54614,"서울특별시 서초구 서운로9길 14 일석빌딩 4,5층 (서초동)",www.admission.co.kr,,광고 대행업,2002-12-27,12월
주식회사 애드밴스개발,-,애드밴스개발, ,손석민,기타법인,130111-0032829,124-81-27662,경기도 수원시 팔달구 인계동 1121-9 304호,-,,의학 및 약학 연구개발업,1995-02-18,12월
애드버츄얼(주),"AD VIRTUAL. CO.,LTD",애드버츄얼, ,유병관,기타법인,110111-1904633,107-81-79919,서울특별시 영등포구 여의도동 25-12 신송센타빌딩 4층,http://www.advirtual.co.kr,,광고 대행업,2000-03-13,06월
(주)애드브릿지,Adbridge Co.,애드브릿지, ,장기진,기타법인,170111-0393439,502-86-03114,대구광역시 수성구 상록로 42 2층 (범어동), ,,광고 대행업,2009-12-29,12월
주식회사 애드세븐미디어,Ad sevenmedia Inc,애드세븐미디어, ,이규,기타법인,110111-3784950,120-87-21668,경기도 성남시 분당구 궁내동 384번지 라메르빌딩 3층, ,,광고 대행업,2007-11-08,09월
주식회사 애드스카이코리아,"ADSKYKOREA CO., LTD",애드스카이코리아, ,박정하,기타법인,110111-2193318,214-86-78436,서울특별시 서초구 서초동 1602-4 일복빌딩 3층,www.adskykorea.co.kr,,광고 대행업,2001-03-15,12월
애드스프링,adspring,애드스프링, ,이재덕,기타법인,110111-1747546,211-86-54997,서울특별시 용산구 한남동 258번지 리버티하우스 4층, ,,광고 대행업,1999-08-05,12월
(주)애드씨케이,adck,애드씨케이, ,이호열,기타법인,110111-2313403,114-86-11630,"서울특별시 강남구 언주로 647 (논현동, 강남빌딩)",www.adck.co.kr,,광고 대행업,2001-08-24,12월
주식회사 애드엑스플러스,AD(X) INC,애드엑스플러스, ,강율빈,기타법인,110111-8465901,605-88-02330,"서울특별시 강남구 언주로 508 (역삼동, 공무원연금공단) 11층",www.adxcorp.kr/,,광고 대행업,2022-11-02,12월
(주)애드엠,"AD M, Co.,Ltd.",애드엠, ,김철,기타법인,141111-0036399,226-81-41994,서울특별시 강남구 신사동 631-36 주명빌딩 3층,www.mirus.co.kr,,광고 대행업,2010-06-24,12월
주식회사 애드오일,"ADOIL.CO.,LTD",애드오일, ,주영호,기타법인,110111-0777974,202-81-45693,서울특별시 중구 을지로1가 37-5 서광B/D 7층,www.adpaper.co.kr,,광고 대행업,1991-05-23,12월
(주)애드위너,adwinner co.,애드위너, ,윤준재,기타법인,110111-1736789,114-81-90038,서울특별시 서초구 방배동 1027-5 태영교역빌딩 4층,www.adwinner.com,,광고 대행업,1999-07-17,12월
주식회사 애드이피션시,"AD Efficiency Co., Ltd",애드이피션시, ,"박소현, 한유진",기타법인,110111-4953992,264-81-02917,"서울특별시 서초구 효령로77길 28 (서초동, 경농사옥) 동오빌딩 4, 6층",www.adef.co.kr,,광고 대행업,2012-09-10,12월
애드커넥스 주식회사,"ADCONEX CO., LTD.",애드커넥스, ,인주호,기타법인,110111-8353388,451-81-03048,"서울특별시 강남구 영동대로106길 11 2층 (삼성동, 현성빌딩)", ,,광고 대행업,2022-07-01,12월
(주)애드쿠아인터렉티브,AdQUA Interactive Inc.,애드쿠아인터렉티브, ,정건영,기타법인,110111-2676463,211-87-25387,"서울특별시 강남구 언주로 637 (논현동, 싸이칸타워), 2.3.4층", ,,광고 대행업,2002-12-20,12월
애드파마(주),Addpharma Inc.,애드파마, ,이용택,기타법인,134811-0421678,782-81-00829,경기도 성남시 분당구 정자일로 23 (금곡동) 애드파마 주식회사,www.addpahrma.co.kr,,의학 및 약학 연구개발업,2017-09-01,12월
(주)애드파워,ADPOWER,애드파워, ,천연재,기타법인,110111-4653708,120-87-70999,"서울특별시 강남구 봉은사로 304 7층(역삼동, 금강빌딩)", ,,광고 대행업,2011-08-01,12월
주식회사 애드파워씨엠씨,"ADPOWERCMC Co., Ltd.",애드파워씨엠씨, ,천연재,기타법인,110111-7002928,478-86-01337,"서울특별시 강남구 논현로164길 26 (신사동) 2,4,5층",없음,,광고업,2019-02-13,12월
주식회사 애드포러스,"ADforus Co., Ltd.",애드포러스,397810,이은현,코스닥시장,110111-5457365,261-81-14578,서울특별시 강남구 강남대로 560 7층(삼익전자빌딩),www.adforus.co.kr,,광고 대행업,2014-07-04,12월
주식회사 애스톤사이언스,ASTON Sci. Inc.,애스톤사이언스, ,정헌,기타법인,110111-6876423,354-88-01258,"경기도 하남시 미사대로 520 (덕풍동, 현대지식산업센터한강미사2차(25BL)) CA916-917",www.astonsci.com,,의학 및 약학 연구개발업,2018-09-19,12월
(주)애영,AEYOUNG,애영, ,신득기,기타법인,180111-1327237,711-87-01925,"부산광역시 해운대구 APEC로 17 (우동, 센텀리더스마크) 4304호", ,,경영 컨설팅업,2020-12-25,12월
(주)애이플,"Apple Co., Ltd.",애이플, ,김필호,기타법인,110111-8243696,801-81-02545,"서울특별시 강남구 테헤란로 423 (삼성동, 현대타워) 9362호", ,,경영 컨설팅업,2022-03-25,12월
애틀란티스디앤씨(주),"Atlantis D&C Co., Ltd.",애틀란티스디앤씨, ,문원상,기타법인,110111-3446097,107-86-77745,서울특별시 영등포구 여의도동 대우트럼프월드2차 에이-208, ,,경영 컨설팅업,2006-04-25,12월
(주)애플오브디아이,Apple of the eye,애플오브디아이, ,정행록,기타법인,110111-1900045,211-86-92384,서울특별시 성동구 독서당로 344 101-1502 (금호동4가),www.aeent.com,,매니저업,2000-03-08,12월
액티브인터내쇼날 주식회사,"Active International, Inc. Korea",액티브인터내쇼날, ,전종환,기타법인,110111-4653956,120-87-73429,"서울특별시 강남구 테헤란로87길 36 (삼성동, 도심공항타워) 2304호",www.activeinternational.co.kr,,"광고물 문안, 도안, 설계 등 작성업",2011-10-01,12월
액티스코리아파트너스 주식회사,Aktis Korea Partners Ltd.,액티스코리아파트너스, ,영국인 와이럼리,기타법인,110111-5753268,772-87-00090,"서울특별시 영등포구 국제금융로 10 (여의도동, 서울국제금융센터)22층", ,,기타 전문 서비스업,2015-06-16,12월
(주)액화수소생산단지조성에쿼티1호,hydrogen1,액화수소생산단지조성에쿼티1호, ,박철진,기타법인,110111-6848232,209-87-01266,"서울특별시 구로구 디지털로 306 (구로동, 대륭포스트타워2차) 810호", ,,경영 컨설팅업,2018-08-29,12월
(주)액화수소생산단지조성에쿼티5호,suso,액화수소생산단지조성에쿼티5호, ,이은석,기타법인,110111-6848414,661-86-01128,"서울특별시 구로구 디지털로33길 48 (구로동, 대륭포스트타워7차) 601호", ,,경영 컨설팅업,2018-08-27,12월
주식회사 앤드마크,ANDMARQ Corporation,앤드마크, ,권오현,기타법인,110111-7408762,606-88-01616,서울특별시 강남구 도산대로87길 19 5층(청담동), ,,매니저업,2020-02-28,12월
주식회사 앤드비언드,ANDBEYOND CO.LTD,앤드비언드, ,박철준,기타법인,110111-5148667,264-81-16901,"서울특별시 서초구 강남대로51길 1 (서초동, 511TOWER).15층 1585호 (서초동, 511TOWER)", ,,경영 컨설팅업,2013-05-31,12월
앤스코(주),ANSCO,앤스코, ,이종포,기타법인,160111-0235815,314-81-95176,대전광역시 유성구 유성대로1628번길 66 (전민동), ,,"기타 기술 시험, 검사 및 분석업",2008-01-07,12월
주식회사앤컨설팅,NCONSULTING,앤컨설팅, ,함보영,기타법인,110111-6698603,149-81-00959,경기도 남양주시 진건읍 사릉로425번길 21-1 (사능리) 태은빌딩 201호, ,,경영 컨설팅업,2018-03-28,12월
앨리슨하이퍼앰,Allison HyperM,앨리슨하이퍼앰, ,정민아,기타법인,110111-3928368,120-87-30380,"서울특별시 강남구 테헤란로87길 36 (삼성동, 도심공항타워) 3층 301-303호", ,,공공관계 서비스업,2008-07-04,12월
앰버스톤 주식회사,AmberStone Co. Ltd.,앰버스톤, ,이동혁,기타법인,110111-5773307,640-88-00484,서울특별시 강남구 압구정로80길 35 (청담동), ,,경영 컨설팅업,2015-07-06,12월
주식회사 앰버캐피탈코리아,Amber Capital Korea,앰버캐피탈코리아, ,유태성,기타법인,110111-7923819,379-81-02320,"서울특별시 강남구 테헤란로 432 (대치동, DB금융센터) 26층", ,,경영 컨설팅업,2021-07-15,12월
(주)앰틱스바이오,"AMTIXBIO CO., LTD.",앰틱스바이오, ,이종승,기타법인,110111-5734820,209-88-00129,"경기도 하남시 미사대로 540 (덕풍동, 현대지식산업센터한강미사2차(26BL)) B동 830호",www.amtixbio.com,,의학 및 약학 연구개발업,2015-05-27,12월
앱솔루트홀딩스 주식회사,"Absolut Holdings Co.,Ltd.",앱솔루트홀딩스, ,최성문,기타법인,110111-6161238,702-86-00487,서울특별시 영등포구 국제금융로 24 (여의도동), ,,회사 본부 및 경영 컨설팅 서비스업,2016-08-26,08월
(주)앱자인,Abxign,앱자인, ,손영선,기타법인,110111-3816076,120-87-23521,서울특별시 종로구 연건동 서울대학교 암연구소 221, ,,의학 및 약학 연구개발업,2008-01-03,12월
(주)앱튼,APTN Inc.,앱튼,270520,김재섭,코스닥시장,110111-6383543,580-86-00757,"경기도 성남시 수정구 창업로 43 4층 제비-402호(시흥동,판교글로벌비즈센터)",www.aptn-inc.com,,"건축기술, 엔지니어링 및 관련 기술 서비스업",2017-04-20,12월
앳킨스리알리스코리아 유한회사,AtkinsRealis Korea LLC,앳킨스리알리스코리아, ,RICHARD POULIN,기타법인,110114-0097102,214-88-43741,서울특별시 강남구 선릉로93길 5 (역삼동) 대유타워 9-11층, ,,엔지니어링 서비스업,2009-07-03,12월
앵커인베스트먼트 주식회사,ANCHOR INVESTMENT CORPORATION,앵커인베스트먼트, ,원용태,기타법인,110111-7607984,786-81-02173,"서울특별시 강남구 테헤란로 534 (대치동, 글라스타워빌딩) 20층, 2002-05호",anchorinvestment.co.kr,,경영 컨설팅업,2020-09-01,12월
양지회계법인,Yang Ji Accounting Corporation,양지회계법인, ,김기욱,기타법인,200171-0025188,408-86-08821,"광주광역시 서구 상무중앙로 43 (5층, 치평동)", ,,공인회계사업,2014-04-28,03월
양진석 디자인주식회사,"Jinseok Yang Design Co., Ltd.",양진석디자인, ,양진석,기타법인,110111-1892838,211-86-91954,서울특별시 강남구 논현동 128-6 도현 B/D 3F,www.yangdesign.com,,인테리어 디자인업,2000-02-29,12월
(주)어노인트앤컴퍼니 ,"Anoint&Co.,Ltd.",어노인트앤컴퍼니, ,김길수 한홍규,기타법인,110111-1628283,113-81-50746,서울특별시 강남구 삼성동159-6 도심공항터미널 5층 516호 , ,,경영 컨설팅업,1999-01-05,12월
주식회사 어도어,"ADOR Co., LTD.",어도어, ,이도경,기타법인,110111-8077318,578-81-02422,"서울특별시 용산구 한강대로 42 (한강로3가, HYBE) 16층", ,,매니저업,2021-11-02,12월
(주)어드벤티지인베스트먼트홀딩스,"Advantage Investment Holdings Co., Ltd",어드벤티지인베스트먼트홀딩스, ,김창환,기타법인,110111-2771924,114-86-27277,서울특별시 마포구 도화동 173 삼창프라자빌딩 301, ,,경영 컨설팅업,2003-05-02,12월
주식회사 어바인아시아,"Irvine Asia Co.,Ltd.",어바인아시아, ,정복헌외 1명(구제경),기타법인,110111-8378203,501-87-02588,"서울특별시 강남구 테헤란로5길 7 (역삼동, KGTower) 8층 105호",-,,경영 컨설팅업,2022-08-01,12월
어반어스홀딩스(주),Urbanus Holdings,어반어스홀딩스, ,이형재,기타법인,110111-4945254,220-88-44686,"서울특별시 강남구 테헤란로98길 6-9, 5층 (대치동)", ,,경영 컨설팅업,2012-08-24,12월
주식회사 어반에스에이,"Urban SA Co.,Ltd",어반에스에이, ,"서상철, 서석현",기타법인,110111-7800786,441-88-01872,"서울특별시 강남구 역삼로 413 (대치동, 대치상부타워)", ,,"광고물 문안, 도안, 설계 등 작성업",2021-03-02,12월
주식회사 어반플레이,URBANPLAY Inc.,어반플레이, ,홍주석,기타법인,110111-5292993,105-87-96063,"서울특별시 서대문구 연희로5길 22 2층, 3층(연희동)",www.urbanplay.co.kr/,,"그 외 기타 분류 안된 전문, 과학 및 기술 서비스업",2013-12-20,12월
주식회사 어센트코프,"Ascentcorp Co,. Ltd.",어센트코프, ,윤성재,기타법인,110111-5401817,215-87-90823,"서울특별시 서초구 강남대로51길 10 비1층 103-17호(서초동, 강남효성해링턴타워)", ,,경영 컨설팅업,2014-04-24,12월
(주)어센트프라이빗에쿼티,"Ascent Private Equity co., Ltd.",어센트프라이빗에쿼티, ,이재현,기타법인,110111-6799815,320-86-01080,"서울특별시 강남구 테헤란로88길 14 (대치동, 신도리코빌딩) 9층",www.ascentpe.co.kr,,경영 컨설팅업,2018-07-03,12월
주식회사 어셈블컴퍼니,assemblecompany,어셈블컴퍼니, ,이기호,기타법인,110111-7437878,509-87-01448,"서울특별시 서초구 강남대로93길 32 (잠원동, 한골빌딩)", ,,경영 컨설팅업,2020-03-25,12월
주식회사 어스이노베이션,"Group Lee Co., Ltd. ",어스이노베이션, ,박수철,기타법인,110111-8165436,727-81-02761,"서울특별시 강남구 테헤란로 423 9353호 (삼성동, 현대타워)", ,,경영 컨설팅업,2022-01-17,12월
주식회사 어썸이엔티,awesomeent Co.Ltd.,어썸이엔티, ,양근환,기타법인,110111-6773009,101-88-00989,"서울특별시 성동구 서울숲4길 12-8 (성수동1가, 용빌딩) 2층/3층",www.awesomeent.co.kr/,,매니저업,2018-07-01,12월
어업회사법인주식회사블루젠,"BLUGEN KOREA Co., Ltd.",어업회사법인블루젠, ,이우재,기타법인,180111-0856675,617-86-07386,"부산광역시 해운대구 송정중앙로5번길 106-14 (송정동, 알파)",www.blugen.co.kr,,농림수산학 및 수의학 연구개발업,2013-04-16,12월
어울림모터스(주),-,어울림모터스, ,설진연,기타법인,110111-3263110,220-87-12135,경기도 광주시 오포읍 추자리 452, ,,경영 컨설팅업,2005-07-06,12월
어울림에이치큐(주),-,어울림에이치큐, ,박동혁,기타법인,110111-3917311,214-88-28022,서울특별시 서초구 양재동 315-1 어울림빌딩 6층,-,,경영 컨설팅업,2008-06-18,12월
주식회사 어지니스,aznis,어지니스, ,최충훈,기타법인,110111-4486547,109-86-26368,"서울특별시 마포구 월드컵북로 361 (상암동, DMC이안오피스텔) 2동 14층 4호",www.aznis.kr/,,"광고물 문안, 도안, 설계 등 작성업",2010-12-01,12월
어펄마캐피탈매니져스코리아주식회사,Affirma Capital Managers Korea Limited,어펄마캐피탈매니져스코리아, ,김태엽,기타법인,110111-4149179,101-86-48596,"서울특별시 종로구 종로 47 (공평동, SC제일은행본점 17층)", ,,기타 전문 서비스업,2009-07-30,12월
주식회사 어프레시,afresh corp.,어프레시, ,이상권,기타법인,170111-0806169,105-88-17390,"서울특별시 서초구 강남대로51길 10 (서초동, 강남효성해링턴타워) 비1층 109-74", ,,경영 컨설팅업,2021-02-01,12월
어플라이언스챔피언 주식회사,Appliance  Champion Corporation,어플라이언스챔피언, ,김웅,기타법인,110111-8193924,869-87-02198,"서울특별시 강남구 선릉로 531 3층, 302호(역삼동, 전국택시연합회)", ,,경영 컨설팅업,2022-02-10,12월
언스트앤영어드바이저리 주식회사,"Ernst & Young Advisory, Inc.",언스트앤영어드바이저리, ,박용근,기타법인,110111-3918236,107-87-10299,"서울특별시 영등포구 여의공원로 111 (여의도동, 여의도태영빌딩)", ,,경영 컨설팅업,2008-07-01,06월
주식회사 언아더월드,ANOTHER WORLD,언아더월드, ,오응석,기타법인,110111-5256121,230-81-02739,서울특별시 광진구 천호대로 558 (능동), ,,경영 컨설팅업,2013-11-12,12월
(주)언주개발,"Onju Development Co., Ltd.",언주개발, ,이본느페트라소비츠,기타법인,110111-1653933,106-81-77465,서울특별시 강남구 논현동 261 현대인텔렉스빌딩, ,,경영 컨설팅업,2006-02-27,12월
주식회사 얼라이언스인터넷,Allianceinternet,얼라이언스인터넷, ,이정민,기타법인,110111-4501139,211-88-53648,"서울특별시 강남구 테헤란로 507 (삼성동, WeWork빌딩)", ,,광고 대행업,2011-01-01,12월
얼라이언스캐피탈파트너즈(주),"Alliance Capital Partners Co., Ltd.",얼라이언스캐피탈파트너즈, ,"이병훈, 이황상",기타법인,110111-1694739,120-81-89007,서울특별시 서초구 서초동 1337-31 산학협동재단빌딩 10층,www.acpc.co.kr,,경영 컨설팅업,1999-05-10,12월
(주)얼라이언스홀딩스,alliance holdings,얼라이언스홀딩스, ,김용주,기타법인,110111-3439464,214-87-88474,서울특별시 서초구 잠원동 23-4 삼양빌딩 6층, ,,매니저업,2006-04-21,12월
(주)엄앤드이종합건축사사무소,AUM&LEE Architects&Associates,엄앤드이종합건축사사무소, ,"이관표, 이각표, 이근창, 이민",기타법인,110111-1003964,206-81-48256,"서울특별시 종로구 삼일대로 451 3층~6층 (경운동, 라이온스회관)",www.aumlee.com,,건축 및 조경 설계 서비스업,1994-01-18,12월
(주)업테라,UPPTHERA,업테라, ,최시우,기타법인,120111-0948185,179-87-01005,대구광역시 북구 호암로 51 (침산동) 메이커스페이스동 207-210호,www.uppthera.com/,,의학 및 약학 연구개발업,2018-07-19,12월
주식회사 에너넷,enernet,에너넷, ,신승업,기타법인,160111-0471237,841-88-01072,"대전광역시 유성구 대덕대로 582 (도룡동, 옥토빌딩)",www.enernet.kr/,,기타 엔지니어링 서비스업,2017-12-07,12월
에너지관리공단,Korea Energy Management Corporation,에너지관리공단, ,이태용,기타법인,114671-0001505,214-82-00191,경기도 용인시 수지구 풍덕천2동 에너지관리공단,www.kemco.or.kr,,"그 외 기타 분류 안된 전문, 과학 및 기술 서비스업",1980-07-04,12월
에너지관리기술(주),"Energy Management Technology, Inc",에너지관리기술, ,심수섭,기타법인,110111-3603514,214-88-02643,서울특별시 구로구 디지털로26길 111 (구로동) JnK디지털타워 607호,www.emtic.co.kr,,기타 엔지니어링 서비스업,2007-01-19,12월
에너지시설관리 주식회사,Energy facility management Corporation,에너지시설관리, ,류완규,기타법인,134111-0511887,386-86-01270,경기도 안양시 만안구 일직로 88, ,,경영 컨설팅업,2018-12-17,12월
에너지에스 주식회사,Energy-S Company Limited,에너지에스, ,김태훈,기타법인,131211-0050472,684-87-01069,"서울특별시 강남구 논현로 305 2층(역삼동,쎄듀타워)", ,,경영 컨설팅업,2018-06-01,03월
에너지환경연구소 주식회사,"INSTITUTE OF RENEWABLE ENERGY AND ENVIRONMENT .,LTD",에너지환경연구소, ,이영호,기타법인,170111-0309337,514-81-58072,대구광역시 중구 동인동2가 현대생명 50-3번지 호수빌딩 18층, ,,"그 외 기타 분류 안된 전문, 과학 및 기술 서비스업",2006-05-03,12월
(주)에니아소프트,ENIASOFT,에니아소프트, ,곽범규,기타법인,150111-0086575,301-81-81109,충청북도 청주시 상당구 대성로 7 (석교동), ,,기타 과학기술 서비스업,2005-03-07,12월
(주)에덴에셋,EDEN ASSET,에덴에셋, ,김현석,기타법인,131111-0159309,129-81-96086,경기도 용인시 기흥구 보정동 1263 죽전누리에뜰 A동 417호, ,,경영 컨설팅업,2006-03-06,12월
에델만코리아 주식회사,Edelman Korea Ltd.,에델만코리아, ,로버트조나단가우드그로브,기타법인,110111-0924244,102-81-33446,"서울특별시 중구 을지로5길 16 (을지로2가, 삼화타워) 17층 & 18층",www.edelman.kr,,전문 서비스업,1993-03-02,06월
주식회사 에듀시크릿,edu secret .co.ltd,에듀시크릿, ,정해진,기타법인,110111-2316217,107-86-04771,서울특별시 서초구 서초동 1327 서초트라팰리스2오피스텔 806, ,,경영 컨설팅업,2001-10-01,12월
주식회사 에릭바이오파밍,"Eric Bio pharming Co., Ltd.",에릭바이오파밍, ,오규환,기타법인,110111-6608230,839-87-00961,"서울특별시 서초구 효령로53길 45 201-82호(서초동, 서초이오빌)", ,,경영 컨설팅업,2017-12-22,12월
(주)에미커스파트너스,"Amicus Partners Co.,Ltd.",에미커스파트너스, ,노철수,기타법인,110111-3796658,120-87-22124,"경기도 화성시 향남읍 발안로 116 (행정리, 중앙프라자) 701-1호", ,,경영 컨설팅업,2007-11-29,12월
에버그린컨텐츠그룹 주식회사,Evergreen Content Group,에버그린컨텐츠그룹, ,전티모시상,기타법인,110111-3376369,104-81-85367,서울특별시 중구 정동 3-7 성공회빌딩 201호, ,,공인회계사업,2003-12-30,12월
에버그린투자파트너스(유),"Evergreen Investment Partners, LLC",에버그린투자파트너스, ,홍종국,기타법인,110114-0171419,637-81-00252,"서울특별시 서초구 헌릉로 7 (염곡동, 외국기업창업지원연구센터) 803호 804호", ,,경영 컨설팅업,2015-11-17,12월
(주)에버리치파트너스,everrichpartners,에버리치파트너스, ,송상욱,기타법인,110111-6158491,694-88-00462,"서울특별시 은평구 통일로71길 2-1 (대조동, 대조빌딩) 5층 537호", ,,경영 컨설팅업,2016-08-24,12월
주식회사 에버맥스엘,"EVERMAXEL Co,.Ltd.",에버맥스엘, ,권세진,기타법인,110111-5052222,220-88-52018,"서울특별시 동대문구 답십리로 209 (답십리동, 힐스포츠파크)", ,,경영 컨설팅업,2013-02-01,12월
(주) 에버솔루션,"Eversolution co., Ltd.",에버솔루션, ,김동준,기타법인,110111-4738146,107-87-62098,서울특별시 마포구 월드컵북로5길 56 (서교동) 1층,..,,경영 컨설팅업,2011-11-07,12월
주식회사 에버시버리,"EVERCHIVALRY Co.,Ltd",에버시버리, ,변재석,기타법인,110111-5720316,617-88-00029,"서울특별시 서초구 서초대로73길 30 (서초동, 서초성우빌리지) 502호", ,,경영 컨설팅업,2015-05-12,12월
(주)에버원솔루션,EVERONE SOLUTION.CO.LTD,에버원솔루션, ,박인출,기타법인,110111-3584219,211-87-90874,서울특별시 강남구 청담동 131-6,www.everone.kr,,"그 외 기타 전문, 과학 및 기술 서비스업",2006-12-21,12월
(주) 에버코어인베스트먼트홀딩스,-,에버코어인베스트먼트홀딩스, ,김지훈,기타법인,110111-5965178,162-88-00306,"서울특별시 강남구 테헤란로108길 25 (대치동, 대동빌딩)", ,,경영 컨설팅업,2016-03-04,12월
(주)에브리메디,everymedi,에브리메디, ,김승택,기타법인,131111-0195717,129-86-13455,"경기도 여주시 가남읍 경충대로961번길 2-15 (은봉리, 베스트요양병원 )", ,,경영 컨설팅업,2007-09-19,12월
(주)에빅스젠,AVIXGEN Inc,에빅스젠, ,한성준,기타법인,110111-1991606,114-81-99742,"서울특별시 금천구 벚꽃로 254 (가산동, 월드메르디앙1차) 913-914호",www.avixgen.com,,의학 및 약학 연구개발업,2000-06-08,12월
주식회사 에센비케이,"S&BK Co. ,Ltd",에센비케이, ,최진석,기타법인,110111-4232916,220-87-91974,"서울특별시 강남구 테헤란로 151 1703호 (역삼동, 역삼하이츠빌딩)", ,,경영 컨설팅업,2009-12-03,12월
에스더블유세이프티 주식회사,"SWSAFETY Co.,Ltd.",에스더블유세이프티, ,유병희,기타법인,161511-0171432,312-86-69740,"충청남도 천안시 서북구 동서대로 125-5 (성정동, 성정빌딩)", ,,"그 외 기타 분류 안된 전문, 과학 및 기술 서비스업",2014-08-29,12월
에스더블유제이개발,SWJ development inc,에스더블유제이개발, ,엄준용,기타법인,110111-8107206,542-88-02460,서울특별시 강남구 논현로34길 32 하나빌딩 6층 (주)에스더블유제이개발, ,,도시계획 및 조경설계 서비스업,2021-11-29,12월
주식회사 에스더블유홀딩스,"SW HOLDINGS.,Co.",에스더블유홀딩스, ,전병우,기타법인,110111-4262129,214-88-54156,"서울특별시 서초구 서초대로49길 18 202호 (서초동, 상림빌딩)", ,,경영 컨설팅업,2010-01-14,12월
에스디지노믹스 주식회사,"SD Genomics Inc,",에스디지노믹스, ,하건우,기타법인,110111-5630218,120-88-25448,"서울특별시 강남구 개포로 619 (개포동, 서울강남우체국) 11층 에스디지노믹스 주식회사",www.sdgenomics.com,,의학 및 약학 연구개발업,2015-01-30,12월
에스디티 주식회사,SDT Inc.,에스디티, ,윤지원,기타법인,120111-0903345,630-87-00933,"서울특별시 강남구 테헤란로44길 5 10층(역삼동, 대아빌딩)",sdt.inc,,기타 자연과학 연구개발업,2017-11-02,12월
주식회사 에스디티에스,SDTS corp,에스디티에스, ,이지연,기타법인,110111-4520775,107-87-46875,서울특별시 영등포구 여의대로 56 (여의도동), ,,경영 컨설팅업,2011-01-25,03월
주식회사 에스디홀딩스,"SDHoldins Co.,ltd.",에스디홀딩스, ,이동중,기타법인,120111-0451071,137-81-85334,인천광역시 서구 신현동 152-46, ,,경영 컨설팅업,2007-12-07,12월
에스맥웰스매니지먼트 주식회사,"Wells Management Co., Ltd.",에스맥웰스매니지먼트, ,조경숙,기타법인,131311-0232367,847-87-01767,경기도 평택시 산단로 241 (칠괴동), ,,경영 컨설팅업,2020-04-13,12월
주식회사 에스머러스,S-meres,에스머러스, ,양용승,기타법인,110111-6756716,406-88-00899,"서울특별시 송파구 백제고분로20길 13-8 (잠실동, 삼우빌딩) 5층 20호-2", ,,경영 컨설팅업,2018-05-21,12월
주식회사 에스모홀딩스,Esmo Holdings Inc.,에스모홀딩스, ,김정훈,기타법인,110111-6581139,318-86-00996,"서울특별시 영등포구 국회대로68길 23 308호(여의도동, 정원빌딩)", ,,회사 본부 및 경영 컨설팅 서비스업,2017-12-01,12월
에스브이어드바이저(주),SV Advisor,에스브이어드바이저, ,김정열,기타법인,110111-5226752,107-88-02821,"서울특별시 영등포구 여의나루로 27 (여의도동, 사립학교교직원연금공단) 12층",www.svadvisor.com,,경영 컨설팅업,2013-09-26,03월
에스브이파트너스(주),"SV Partners co., ltd.",에스브이파트너스, ,김태영,기타법인,110111-2005456,214-86-61861,"서울특별시 영등포구 국제금융로 10 (여의도동, 서울국제금융센터) Three IFC 46층",www.svpartners.co.kr,,경영 컨설팅업,2000-06-26,12월
에스비노브스 주식회사,SB Novus Co. Ltd.,에스비노브스, ,하남,기타법인,131111-0604742,485-81-02149,"경기도 성남시 분당구 서판교로 162 (판교동, 랜드리스타워) 503호", ,,경영 컨설팅업,2020-09-04,12월
에스비디인베스트먼트 유한회사,SBD Investment Ltd,에스비디인베스트먼트, ,KIM JULIE ANN,기타법인,110114-0308161,141-81-49735,"서울특별시 강동구 고덕로 47 (암사동, 정산아파트) 3층 301-209호", ,,경영 컨설팅 및 공공 관계 서비스업,2023-02-14,12월
주식회사 에스비메트로,"S. B. Metro. Co., Ltd",에스비메트로, ,서진녕,기타법인,170111-0354689,502-81-96199,대구광역시 동구 신천동 740-5 3층, ,,전문 서비스업,2008-04-28,12월
(주)에스비벤쳐스,SB VENTURES,에스비벤쳐스, ,신동진,기타법인,110111-1753907,211-86-55545,"서울특별시 영등포구 국제금융로 70 1604호 (여의도동, 미원빌딩)", ,,경영 컨설팅업,1999-08-16,12월
에스비아이비에프,"SBIBF Co.,Ltd.",에스비아이비에프, ,나카노 코지,기타법인,110111-5055929,220-88-52226,"서울특별시 중구 을지로5길 26 (수하동, CENTER1) 9층", ,,경영 컨설팅업,0213-01-29,12월
에스비아이씨에프 주식회사,"SBICF Co.,Ltd.",에스비아이씨에프, ,나카노 코지,기타법인,110111-5058775,220-88-52089,"서울특별시 중구 을지로5길 26 (수하동, CENTER1) 9층", ,,경영 컨설팅업,2013-01-29,12월
에스비아이아이에프 주식회사,"SBIIF Co.,Ltd.",에스비아이아이에프, ,나카노 코지,기타법인,110111-5057090,220-88-52003,"서울특별시 중구 을지로5길 26 (수하동, CENTER1) 9층", ,,경영 컨설팅업,2013-01-29,12월
에스비아이에셋코리아 주식회사,"SBI Asset Korea Co., Ltd.",에스비아이에셋코리아, ,윤유식,기타법인,110111-4654714,120-87-72129,서울특별시 강남구 대치동 944-25 석주빌딩 8층, ,,경영 컨설팅업,2011-07-22,12월
에스비아이에이에프(주),"SBI AF Co.,Ltd.",에스비아이에이에프, ,나카노 코지,기타법인,110111-4654524,120-87-72115,"서울특별시 중구 을지로5길 26 (수하동, 미래에셋CENTER1) 동관 9층", ,,경영 컨설팅업,2011-07-22,12월
에스비아이엘케이(주),"SBI LK Co.,Ltd.",에스비아이엘케이, ,니시카와 야스오,기타법인,110111-5422318,120-88-13317,"서울특별시 중구 을지로5길 26 (수하동, CENTER1)동관9층", ,,경영 컨설팅업,2014-05-22,12월
에스비아이피케이(주),"SBI PK CO., LTD.",에스비아이피케이, ,SHIRAGAMI KATSUMI,기타법인,110111-5455145,120-88-15159,"서울특별시 중구 을지로5길 26 (수하동, CENTER1) 동관9층", ,,경영 컨설팅업,2014-07-01,12월
(주)에스비에스네오파트너스,"SBS Neo Pratners Co., Ltd",에스비에스네오파트너스, ,황선호,기타법인,110111-6480620,186-88-00807,"서울특별시 영등포구 여의공원로 111 (여의도동, 여의도태영빌딩)",www.sbsneopartners.co.kr,,경영 컨설팅업,2017-08-07,12월
주식회사 에스비에스디앤피,"SBS D&P Co.,Ltd",에스비에스디앤피, ,조재룡,기타법인,110111-8601290,117-87-03058,"서울특별시 마포구 상암산로 82 (상암동, SBS프리즘타워)", ,,그 외 기타 광고 관련 서비스업,2023-04-01,12월
(주) 에스비에스엠앤씨,SBS M&C,에스비에스엠앤씨, ,강선우,기타법인,110111-4717108,101-86-67119,"서울특별시 종로구 종로 1 (종로1가, 교보생명빌딩) 11층",sbsmnc.co.kr,http://sbsmnc.co.kr,그 외 기타 광고 관련 서비스업,2011-11-01,12월
(주)에스비이펙트코리아,SBEffect korea Inc.,에스비이펙트코리아, ,김진희,기타법인,110111-4886797,120-87-84284,"서울특별시 성동구 독서당로 184 1층 201호 (옥수동, 옥수경보이리스힐)", ,,경영 컨설팅업,2012-06-08,12월
주식회사 에스비케이파트너스,"SBK Partners Co., Ltd",에스비케이파트너스, ,김태훈,기타법인,110111-6386844,404-88-00777,서울특별시 종로구 삼청로2길 37-2 3층(소격동), ,,경영 컨설팅업,2017-04-26,12월
에스비파이낸스코리아(주),"Softbank Finance Korea.,Ltd",에스비파이낸스코리아, ,다까하시요시미,기타법인,110111-1990054,106-81-90342,서울특별시 강남구 삼성동 143-40 현대 스위스 타워 6층, ,,경영 컨설팅업,2000-06-07,12월
에스씨글로벌 주식회사,scglobal inc.,에스씨글로벌, ,유지연,기타법인,110111-6643319,296-81-00901,"서울특별시 영등포구 여의대로 8 (여의도동, 여의도파크센터) A/605", ,,경영 컨설팅업,2018-01-29,12월
주식회사 에스씨바이오,SCBIO Inc.,에스씨바이오, ,이창훈,기타법인,160111-0606751,872-86-02275,"대전광역시 유성구 테크노2로 94-14 (관평동, SC바이오)",www.sc-bio.co.kr,,의학 및 약학 연구개발업,2021-10-08,12월
주식회사 에스씨엘헬스케어,SCL HEALTHCARE,에스씨엘헬스케어, ,이경률,기타법인,110111-4312578,211-88-41405,"경기도 용인시 기흥구 흥덕1로 13 23층 (영덕동, 흥덕IT밸리)", ,,경영 컨설팅업,2010-04-01,12월
에스씨지랩(주),"SCG lap co,.ltd.",에스씨지랩, ,박동녘,기타법인,110111-5481736,105-88-06501,"서울특별시 마포구 월드컵북로6길 3 (연남동, 이노베이스빌딩)", ,,"패션, 섬유류 및 기타 전문 디자인업",2014-08-01,12월
(주)에스씨티,SCT Ltd.,에스씨티, ,김현규,기타법인,150111-0071708,301-81-67596,충청북도 청원군 남이면 척산리 615-11,www.scteng.co.kr,,기타 엔지니어링 서비스업,2003-02-14,12월
주식회사 에스씨파트너,"SC Partner Co.,Ltd",에스씨파트너, ,김민재,기타법인,110111-7252424,255-87-01522,서울특별시 금천구 두산로 70 (독산동) A동 2610호, ,,경영 컨설팅업,2019-10-15,12월
주식회사 에스아이그룹건축사사무소,SI GROUP,에스아이그룹건축사사무소, ,"김한섭, 이찬식",기타법인,110111-5322998,120-88-08003,"서울특별시 강남구 봉은사로112길 26 (삼성동, 한호빌딩) 2,4층", ,,건축설계 및 관련 서비스업,2014-01-22,12월
주식회사 에스아이비,"SIB CO., Ltd.",에스아이비, ,원성역,기타법인,134411-0082717,451-81-01211,경기도 하남시 산곡동로14번길 10 2층 (하산곡동), ,,기타 전문 서비스업,2018-07-25,12월
(주)에스아이아이에스,SI Imaging Services,에스아이아이에스, ,김문규,기타법인,160111-0369789,318-81-00249,"대전광역시 유성구 엑스포로 441 (문지동, 쎄트렉아이문지연구소)", ,,사진 촬영 및 처리업,2014-04-01,12월
(주)에스아이알홀딩스,"SIR Holdings CO., LTD.",에스아이알홀딩스, ,박희연,기타법인,110111-6656065,250-88-00883,"서울특별시 영등포구 여의공원로 111 (여의도동, 여의도태영빌딩)", ,,전기ㆍ전자공학 연구개발업,2018-02-08,12월
주식회사 에스아이앤에이,"SI&A CO.,LTD.",에스아이앤에이, ,김용훈,기타법인,110111-2383125,206-81-64542,서울특별시 광진구 광장동 413-16 201호, ,,자연과학 및 공학 연구개발업,2001-11-24,12월
(주)에스아이이노텍,SIINNOTEC.CO.LTD,에스아이이노텍, ,박무식,기타법인,151111-0029178,303-81-46980,"서울특별시 강남구 개포로15길 34 (개포동, 내외빌딩)  302호",www.siinnotec.co.kr,,경영 컨설팅업,2007-01-09,12월
(주)에스알파테라퓨틱스,"S-Alpha Therapeutics, Inc.",에스알파테라퓨틱스, ,최승은,기타법인,134811-0506579,477-81-01590,"서울특별시 서초구 강남대로 311 2층 (서초동, 한화생명보험빌딩)",www.salphadtx.com,,의학 및 약학 연구개발업,2019-07-04,12월
(주)에스앤드컴퍼니,S&Company Corporation,에스앤드컴퍼니, ,성정원,기타법인,120111-1082396,287-88-01787,"인천광역시 연수구 인천타워대로 323 (송도동, 송도센트로드) 비동 1607(내 에프16)", ,,경영 컨설팅업,2020-06-26,12월
주식회사 에스앤산업,sn industries,에스앤산업, ,이보라,기타법인,150111-0300008,721-87-02066,"충청북도 청주시 청원구 율량로 192 (율량동, SM메디타워2) 402호", ,,공학 연구개발업,2020-12-24,12월
(주)에스앤씨파트너스,"SNC PARTNERS Co., Ltd.",에스앤씨파트너스, ,최우준,기타법인,110111-7452115,650-88-01670,"서울특별시 강남구 테헤란로 128 2층 269호 (역삼동, 성곡빌딩)", ,,경영 컨설팅업,2020-04-08,12월
주식회사 에스앤에스코퍼레이션,SNSCORPORATION,에스앤에스코퍼레이션, ,이성민,기타법인,170111-0584096,718-87-00209,대구광역시 수성구 수성로 354 (수성동2가)3층 에스앤에스코퍼레이션, ,,경영 컨설팅업,2015-11-04,12월
에스앤엘 주식회사,"S&L Co., Ltd.",에스앤엘, ,임정철,기타법인,200111-0396668,410-86-91018,광주광역시 서구 상무중앙로 43 (치평동) 6층 604호, ,,법무관련 서비스업,2014-05-02,12월
유한회사 에스앤이아이,SNEI LLC,에스앤이아이, ,신문수,기타법인,110114-0217106,662-88-00937,"서울특별시 영등포구 의사당대로 8 (여의도동, 삼환까뮤빌딩) 11층", ,,경영 컨설팅업,2018-01-24,12월
(주)에스앤피기술투자,"S&P Technology Investment CO .,Ltd",에스앤피기술투자, ,손구호,기타법인,110111-3746257,215-87-06801,서울특별시 송파구 가락동 99-3 제일오피스텔 5층 112, ,,경영 컨설팅 및 공공 관계 서비스업,2007-10-01,12월
(주)에스앤피리스트럭처링,"S&P Restructuring Co.,Ltd.",에스앤피리스트럭처링, ,"박형근, 문석찬",기타법인,110111-4476035,211-88-52386,서울특별시 강남구 논현동 231-13 팍스타워 14층 에이, ,,경영 컨설팅업,2010-11-22,12월
(주)에스에스씨글로벌,SSC Global,에스에스씨글로벌, ,최보원,기타법인,110111-5922483,505-87-00281,서울특별시 강남구 영동대로85길 20-7 (대치동) 4층, ,,경영 컨설팅업,2016-01-04,12월
에스에스아이에이치 주식회사,SSIH,에스에스아이에이치, ,오상수,기타법인,110111-4262864,206-86-39922,서울특별시 광진구 자양동 88 광영빌딩, ,,경영 컨설팅업,2010-01-15,12월
주식회사 에스에스앤티,"SSNT CO., LTD.",에스에스앤티, ,유해귀,기타법인,171311-0054242,165-87-02460,"경상북도 김천시 혁신로 303 (율곡동, 지텍지식산업센터) 1층 114호", ,,경영 컨설팅업,2022-11-09,12월
주식회사 에스에이에이치케이,SAHK Corp.,에스에이에이치케이, ,이호준,기타법인,110111-5697599,278-88-00071,"서울특별시 강남구 삼성로100길 24-1 5층(삼성동, 오트리스빌딩)", ,,경영 컨설팅 및 공공 관계 서비스업,2015-04-15,12월
(주)에스에이엠오,"SAMO CO., LTD",에스에이엠오, ,박차웅,기타법인,110111-2068389,211-86-65849,서울특별시 마포구 서교동 338∼353, ,,경영 컨설팅업,2000-09-01,12월
에스에이치벤처스 주식회사,"SH Ventures Co., Ltd.",에스에이치벤처스, ,이민주,기타법인,110111-6260577,180-88-00401,"서울특별시 강남구 테헤란로103길 9 (삼성동, 제일빌딩)", ,,경영 컨설팅업,2016-12-15,12월
주식회사 에스에이치씨,SHC Incorporated,에스에이치씨, ,정유석,기타법인,110111-8782785,140-88-03093,서울특별시 강남구 논현로149길 75 (논현동) 유진빌딩 6층, ,,경영 컨설팅업,2023-11-02,12월
주식회사  에스에이치인베스트먼트,SH Investment.,에스에이치인베스트먼트, ,이호,기타법인,110111-5781706,281-81-00175,"서울특별시 서초구 남부순환로 2636 501-에이43호(양재동, 성문빌딩)", ,,경영 컨설팅업,2015-07-14,12월
주식회사 에스에이치파트너스,SH Partnes,에스에이치파트너스, ,백운표,기타법인,110111-4117796,211-88-28135,서울특별시 강남구 논현동3-1 신사빌딩3층 르호봇 신사비즈니스센터 103호, ,,경영 컨설팅업,2009-06-22,12월
(주)에스에이치홀딩스,"SH Holdins Co., Ltd.",에스에이치홀딩스, ,김득자,기타법인,134511-0128410,142-81-14715,경기도 용인시 기흥구 하갈동 451, ,,경영 컨설팅업,2008-07-08,12월
(주)에스에이코퍼레이션,sacorporation,에스에이코퍼레이션, ,서상철,기타법인,110111-6403515,510-87-00833,"경기도 용인시 기흥구 흥덕중앙로 120 (영덕동, U-TOWER) 19층 1907호", ,,경영 컨설팅업,2017-05-17,12월
주식회사에스에프아이파트너스,"SFI Partners Co.,Ltd.)",에스에프아이파트너스, ,박수철,기타법인,110111-5880590,828-86-00339,"서울특별시 강남구 테헤란로20길 10 11층 1176호(역삼동, 쓰리엠타워)", ,,경영 컨설팅업,2015-11-12,12월
에스에프에이서비스 주식회사,SFA SERVICE Corp.,에스에프에이서비스, ,이종인,기타법인,164811-0052245,312-86-13265,"충청남도 천안시 서북구 백석공단7로 16 (백석동, 에스에프에이서비스 (주))",www.sfaservice.co.kr/,,"그 외 기타 분류 안된 전문, 과학 및 기술 서비스업",2010-01-08,12월
에스에프인베스트먼트(주),"SF INVESTMENT CO., LTD.",에스에프인베스트먼트, ,김정실,기타법인,110111-3237397,220-87-10082,서울특별시 강남구 도곡동 545-7 소프트포럼빌딩 8층, ,,경영 컨설팅업,2005-06-15,12월
(주)에스엔바이오사이언스,SNBioScience Inc.,에스엔바이오사이언스, ,박영환,기타법인,134511-0322864,776-81-00843,"경기도 성남시 수정구 창업로 54 나동 422호(시흥동, 판교제2테크노밸리기업성장센터)",www.snbioscience.com,,의학 및 약학 연구개발업,2017-05-16,12월
주식회사 에스엘바이젠,SL Bigen,에스엘바이젠, ,안미정,기타법인,171711-0070191,506-81-58504,"인천광역시 연수구 송도과학로 85 (송도동, 연세대학교국제캠퍼스)",slbigen.com,,의학 및 약학 연구개발업,2006-07-24,12월
주식회사 에스엘백시젠,SL Vaxigen Inc.,에스엘백시젠, ,박준영,기타법인,131111-0475515,189-86-00665,"인천광역시 연수구 송도과학로 85 (송도동, 연세대학교국제캠퍼스) 에스엘바이젠 산학협력관 2층",www.slvaxigen.com,,의학 및 약학 연구개발업,2017-03-03,12월
유한책임회사 에스엘씨엔씨,SLCNC LLC.,에스엘씨엔씨, ,이시우,기타법인,110115-0015574,226-87-02163,"서울특별시 성북구 한천로66길 189 7층 707호(석관동, 브룩스톤오피스텔)", ,,경영 컨설팅업,2021-04-05,12월
에스엘아이투 주식회사,"SLI2 Co.,Ltd.",에스엘아이투, ,임재환,기타법인,110111-5544451,261-81-19947,"서울특별시 강남구 선릉로 704 12층 1293-3호(청담동, 청담빌딩)", ,,경영 컨설팅업,2014-10-22,12월
(주)에스엘앤피,"SL&P Co., Ltd.",에스엘앤피, ,이기순,기타법인,110111-3967275,220-87-72055,경기도 고양시 일산동구 호수로 358-39 동문굿모닝타워1차 612호 (백석동), ,,경영 컨설팅업,2008-09-16,12월
(주)에스엘에스바이오,"SLSBio(Specialty Lab Solution Bio) Co., Ltd",에스엘에스바이오,246250,이영태,코스닥시장,110111-3602524,220-87-41848,"경기도 수원시 영통구 창룡대로 260, 광교센트럴비즈타워7층 (이의동)",www.slabs.co.kr,,"그 외 기타 전문, 과학 및 기술 서비스업",2007-01-17,12월
주식회사 에스엘에쿼티,"SL EQUITY CO.,LTD.",에스엘에쿼티, ,김영진,기타법인,110111-6168424,261-81-26453,"서울특별시 강남구 선릉로 704 5층 (청담동, 청담빌딩)", ,,경영 컨설팅업,2016-09-07,12월
(주)에스엘엠앤씨,"SLMNC CO., LTD",에스엘엠앤씨, ,이상훈,기타법인,110111-4958059,210-81-72978,"서울특별시 강남구 도산대로 318 (논현동, SB타워) 13층 3,4호",www.slmnc.co.kr,,광고 대행업,2013-08-08,12월
(주)에스엘이앤티,"SLENT CO.,LTD.",에스엘이앤티, ,김태형,기타법인,110111-1196032,211-87-23263,서울특별시 강남구 청담동 50-13 상민빌딩 3층, ,,경영 컨설팅업,2002-11-01,12월
유한회사 에스엘코퍼레이션,SL corporation,에스엘코퍼레이션, ,윤정인,기타법인,160114-0019552,115-86-01867,"대전광역시 서구 둔산중로 40 (둔산동, 둔산더리치빌) 1028호", ,,경영 컨설팅업,2020-04-08,12월
(주)에스엘테라퓨틱스,"SL Therapeutics, Inc.",에스엘테라퓨틱스,258540,최종성,기타법인,110111-4643626,107-87-54996,서울특별시 성북구 안암로 145산학관 602-4호(안암동5가(고려대학교 자연계캠퍼스),www.stemlab.co.kr,,의학 및 약학 연구개발업,2011-07-08,12월
주식회사 에스엘홀딩스컴퍼니,SL Holdings Company Inc.,에스엘홀딩스컴퍼니, ,온영두,기타법인,110111-7634672,327-86-01854,"서울특별시 강남구 선릉로87길 12 3층 3130호(역삼동, 송경빌딩)", ,,경영 컨설팅업,2020-09-24,12월
에스엠마케팅컴퍼니 주식회사,SM MARKETING COMPANY,에스엠마케팅컴퍼니, ,김선미,기타법인,110111-5830511,259-88-00177,"서울특별시 영등포구 여의대방로65길 20 9층 345호 (여의도동,호성빌딩신관)", ,,광고 대행업,2015-09-09,12월
(주)에스엠세이프,SMSAFE ,에스엠세이프, ,조용삼,기타법인,110111-3256925,108-81-71322,"서울특별시 금천구 디지털로9길 68 (가산동, 대륭포스트타워5차) 205호", ,,기타 엔지니어링 서비스업,2005-06-29,12월
(주)에스엠씨홀딩스,SMC Holdings,에스엠씨홀딩스, ,김영진,기타법인,110111-6632958,170-86-01087,"서울특별시 강남구 언주로 626 1103호 (논현동, 논현로얄팰리스)", ,,경영 컨설팅업,2018-01-17,12월
(주)에스엠아이테크놀로지,"SMI Technologies.,Inc.",에스엠아이테크놀로지, ,김영렬,기타법인,110111-1385255,220-81-42938,서울특별시 강남구 역삼동 828-5 청원빌딩 502,www.smitec.com,,"그 외 기타 전문, 과학 및 기술 서비스업",1997-03-05,12월
(주)에스엠에이취,smh corporation,에스엠에이취, ,김종문,기타법인,110111-2234401,201-81-64983,서울특별시 중구 충무로1가 고려대연각센타빌딩 1705호,-,,경영 컨설팅업,2001-05-09,12월
(주)에스엠엔지니어링,"SM Engineering CO.,LTD.",에스엠엔지니어링, ,이우택,기타법인,161511-0026778,312-81-30162,"충청남도 천안시 서북구 4산단로 64 (차암동, 크린캐슬) 2층",www.smenv.com,,환경 관련 엔지니어링 서비스업,1998-05-01,12월
에스엠이씨 주식회사,SMEC LTD.,에스엠이씨, ,정석권,기타법인,134811-0743098,122-87-03050,"경기도 용인시 수지구 광교중앙로 338 (상현동, 광교우미뉴브) 비동 820,821호", ,,"그 외 기타 분류 안된 전문, 과학 및 기술 서비스업",2023-05-08,12월
에스엠지홀딩스 주식회사,"SMG HOLDINGS Co., Ltd",에스엠지홀딩스, ,"최준석, 김불경",기타법인,110111-5252640,105-87-93542,"서울특별시 구로구 디지털로26길 61 (구로동, 에이스하이엔드타워2차) 1802호",smg-h.com/,,"그 외 기타 분류 안된 전문, 과학 및 기술 서비스업",2013-10-20,12월
주식회사 에스엠컬처,"SM Culture Co., Ltd.",에스엠컬처, ,안성민,기타법인,110111-6279601,269-88-00489,"서울특별시 송파구 백제고분로 67 (잠실동, 위너스오피스텔2) 507호", ,,경영 컨설팅업,2017-01-04,12월
에스엠홀딩스 주식회사,SM Holdings,에스엠홀딩스, ,우지영,기타법인,134411-0123412,496-87-03290,경기도 이천시 애련정로 126 (창전동) 2층, ,,경영 컨설팅 및 공공 관계 서비스업,2024-05-07,12월
(주)에스엠홀딩스,SMHOLDINGS CORPORATION,에스엠홀딩스, ,우오현,기타법인,176011-0028438,513-81-25262,대구광역시 북구 원대로 128 (침산동), ,,경영 컨설팅업,2002-02-01,12월
(주)에스오씨엔지니어링,SOC ENGINEERING CO.Ltd,에스오씨엔지니어링, ,하태운,기타법인,110111-0963911,215-81-58267,인천광역시 중구 운서동 2850 아이비시월드게이트 909호,www.soceng.co.kr/,,"건축기술, 엔지니어링 및 기타 과학기술 서비스업",1993-08-16,12월
(주)에스오지홀딩스,"sog holdings co.,ltd",에스오지홀딩스, ,장홍기,기타법인,110111-5831775,807-87-00232,"서울특별시 강남구 강남대로 502 (논현동, 서희빌딩)", ,,회사 본부 및 경영 컨설팅 서비스업,2015-09-10,12월
유한책임회사 에스오큐알아이,SOQRI CORP.,에스오큐알아이, ,이재웅,기타법인,110115-0011126,211-88-26059,서울특별시 성동구 왕십리로2길 20 (성수동1가), ,,경영 컨설팅업,2009-04-30,12월
유한책임회사 에스오피오오엔지,sopoong llc ,에스오피오오엔지, ,금현애,기타법인,220115-0000192,211-88-07917,제주특별자치도 제주시 연미길 42 (오라삼동), ,,경영 컨설팅업,2008-01-16,12월
(주)에스와이투자자문,"S Y Investment Co., Ltd",에스와이투자자문, ,최중건,기타법인,110111-6064127,202-87-00378,"서울특별시 동대문구 천호대로 257 (답십리동, 청계푸르지오시티) 1동 817호", ,,경영 컨설팅업,2016-05-26,12월
주식회사 에스유디엔씨,"SUD&C CO., Ltd",에스유디엔씨, ,박성태,기타법인,160111-0614671,144-87-02444,대전광역시 동구 옥천로176번길 15-4 지하층(판암동), ,,경영 컨설팅업,2021-12-27,12월
에스이에쿼티스컴퍼니(주),"SE Equities Company Co., Ltd",에스이에쿼티스컴퍼니, ,남궁현,기타법인,110111-4554386,215-87-51306,서울특별시 송파구 신천동 11-6, ,,경영 컨설팅업,2011-03-14,03월
주식회사 에스제이디인베스트먼트,SJD INVESTEMENT,에스제이디인베스트먼트, ,이석상,기타법인,110111-7807873,248-81-02045,"서울특별시 강남구 테헤란로 310 (역삼동, 두꺼비빌딩) 10층 1001호", ,,경영 컨설팅업,2021-03-08,12월
주식회사 에스제이씨에스,"SJCS Co., Ltd.",에스제이씨에스, ,서승진,기타법인,170111-0830449,838-81-02362,대구광역시 수성구 범어천로 54 3에이-8호 (범어동), ,,경영 컨설팅업,2021-08-03,12월
에스제이에셋주식회사 ,SJ Asset Co.,에스제이에셋, ,오윤석,기타법인,110111-2038168,220-81-93854,"서울특별시 강남구 테헤란로19길 18 (역삼동, 대영빌딩)", ,,경영 컨설팅업,2000-07-28,12월
주식회사 에스제이에쿼티,SJ Equity Co. Ltd.,에스제이에쿼티, ,이성령,기타법인,194211-0307860,578-81-01573,경상남도 창원시 마산합포구 3·15대로 230 (중앙동3가), ,,경영 컨설팅업,2019-11-06,12월
에스제이지중앙연구소 주식회사,SJG CENTRAL RND CENTER,에스제이지중앙연구소, ,윤창섭,기타법인,230111-0354511,358-86-02444,"울산광역시 북구 효산1길 20 (효문동, 에스제이지세종부설연구소)", ,,"건축기술, 엔지니어링 및 기타 과학기술 서비스업",2021-07-02,12월
주식회사 에스제이지홀딩스,"SJG HOLDINGS Co., Ltd.",에스제이지홀딩스, ,서혜숙,기타법인,110111-5634260,261-81-25454,"서울특별시 강남구 언주로 732 (논현동, 세종빌딩)", ,,회사 본부 및 경영 컨설팅 서비스업,2015-02-04,12월
주식회사 에스제이케이파트너스,SJK Partners Inc.,에스제이케이파트너스, ,김성주,기타법인,131111-0543065,601-88-01208,"경기도 성남시 분당구 성남대로916번길 11 (야탑동, 글라스타워) 401호", ,,경영 컨설팅업,2019-01-24,12월
(주)에스제이테크, ,에스제이테크, ,김용옥,기타법인,180111-0189836,606-81-58406,부산광역시 금정구 구서1동 444 덕산빌딩 7층,www.sj-tech.net,,건축설계 및 관련 서비스업,1995-09-11,12월
주식회사 에스제이홀딩스컴퍼니,SJHolingscompany,에스제이홀딩스컴퍼니, ,양진우,기타법인,134611-0110100,814-87-02034,"서울특별시 강남구 영동대로 638 (삼성동, 삼보빌딩) 7층 701호", ,,공학 연구개발업,2020-11-20,12월
에스지서비스 주식회사,"SG SERVICE Co., Ltd.",에스지서비스, ,김상준,기타법인,110111-4003854,105-87-26494,"서울특별시 마포구 독막로 311 (염리동, 재화스퀘어) 10층", ,,기타 전문 서비스업,2008-11-24,12월
주식회사 에스지스텝스,SGstaffs,에스지스텝스, ,이규복,기타법인,134811-0631706,236-87-02312,경기도 화성시 동탄영천로 150 C동 1408호 (영천동), ,,경영 컨설팅업,2021-07-15,12월
(주)에스지씨컴퍼니,"SGC COMPANY Co., Ltd.",에스지씨컴퍼니, ,정명훈,기타법인,110111-7216826,197-81-01582,서울특별시 강남구 도산대로55길 37 (청담동), ,,경영 컨설팅업,2019-08-27,12월
주식회사 에스지앤아이,SAEHAN GEOMATICS & INFRA,에스지앤아이, ,김명호,기타법인,110111-5032290,107-87-84622,"충청북도 청주시 흥덕구 직지대로 530 1동 614-1호 (송정동, 청주테크노S타워)",https: esgi.co.kr,,측량업,2013-01-01,12월
주식회사 에스지에스 컨테크,"SGS contruction Technology Resources, Inc.",에스지에스컨테크, ,이수의,기타법인,110111-0757207,111-81-15909,서울특별시 중구 남대문로 2가 130,www.scontech.com,,건축설계 및 관련 서비스업,1991-03-15,12월
에스지에스테스코,"SGS TESCO CO., Ltd.",에스지에스테스코, ,권이성,기타법인,130111-0053213,124-81-63732,경기도 용인시 기흥구 고매동 398번지-1호, ,,기타 엔지니어링 서비스업,1999-07-01,12월
에스지에스테스팅코리아(주),"SGS Testing Korea Co., Ltd.",에스지에스테스팅코리아, ,피터포세미어스,기타법인,134111-0055348,138-81-14303,경기도 군포시 산본동 18-34,www.sgs.com,,"그 외 기타 분류 안된 전문, 과학 및 기술 서비스업",1997-05-20,12월
주식회사 에스지파트너스,"SG Partners co.,Ltd",에스지파트너스, ,송성근,기타법인,120111-1279563,282-81-02822,인천광역시 중구 큰우물로 8 (경동), ,,경영 컨설팅업,2022-12-23,12월
에스케이바이오팜 주식회사,"SK biopharmaceuticals Co., Ltd.",에스케이바이오팜,326030,이동훈,유가증권시장,110111-4570720,101-86-62394,경기도 성남시 분당구 판교역로 221,www.skbp.com,,자연과학 연구개발업,2011-04-01,12월
에스케이신텍 주식회사,SK Syntec,에스케이신텍, ,김철,기타법인,131411-0232597,124-86-85648,경기도 오산시 남부대로 430-11, ,,경영 컨설팅업,2009-10-30,12월
에스케이에스투자 주식회사,"SKS Investment Co., Ltd.",에스케이에스투자, ,정두현,기타법인,110111-4492619,105-87-51881,서울특별시 마포구 서교동 395-122, ,,경영 컨설팅업,2010-12-16,12월
(주)에스케이테크,"SK TECH CO., LTD.",에스케이테크, ,송윤관,기타법인,110111-0736615,132-81-20146,"경기도 남양주시 와부읍 글개울로81번길 88 (월문리, (주)에스케이테크)",www.skemc.co.kr,,"그 외 기타 분류 안된 전문, 과학 및 기술 서비스업",1990-12-17,12월
에스케이하이닉스시스템아이씨 주식회사,SK hynix system ic Inc.,에스케이하이닉스시스템아이씨, ,김준한,기타법인,150111-0235586,660-81-00626,충청북도 청주시 흥덕구 대신로 215 에스케이 하이닉스 시스템아이씨,www.skhynixsystemic.com,,"그 외 기타 전문, 과학 및 기술 서비스업",2017-05-12,12월
에스케이하이닉스시스템아이씨우시솔루션스 주식회사,SK hynix system ic Wuxi solutions Inc.,에스케이하이닉스시스템아이씨우시솔루션스, ,이원호,기타법인,150111-0371124,854-86-03276,충청북도 청주시 흥덕구 대신로 215 에스케이하이닉스시스템아이씨우시솔루션스 주식회사,www.skhynixsystemicwuxisolutions.com,,"그 외 기타 분류 안된 전문, 과학 및 기술 서비스업",2024-08-22,12월
에스케이하이이엔지(주),SK hyeng Inc.,에스케이하이이엔지, ,윤종수,기타법인,134411-0017540,126-81-52677,경기도 이천시 부발읍 경충대로 2091 1층,www.skhyeng.com,,기타 엔지니어링 서비스업,2001-04-10,12월
(주)에스코컨설턴트,esco consultant & engineers company,에스코컨설턴트, ,김승렬,기타법인,110111-1319238,214-86-09754,서울특별시 서초구 서초동 1599-2 엘지서초에클라트 2117,www.escoeng.com,,건물 및 토목 엔지니어링 서비스업,1996-09-09,12월
에스큐엔지니어링(주),"S & Q Engineering co., LTD",에스큐엔지니어링, ,이래철,기타법인,110111-1554727,120-81-81024,서울특별시 송파구 중대로 212 드림빌딩 4층(가락동),sqeng.co.kr,,건물 및 토목 엔지니어링 서비스업,1998-06-12,12월
에스투비네트워크(주),"S TO B network.co.,ltd.",에스투비네트워크, ,최영,기타법인,170111-0270108,514-81-52082,인천광역시 부평구 새벌로 4 (청천동), ,,경영 컨설팅업,2004-07-20,12월
(주)에스티네트워크,STNETWORK,에스티네트워크, ,김희태,기타법인,170111-0385410,502-86-01760,대구광역시 수성구 범물2동 1330-3번지 8층,stnsta.co.kr,,경영 컨설팅업,2009-08-28,12월
(주)에스티벤처스,"ST Ventures, INC.",에스티벤처스, ,백승옥,기타법인,110111-1945900,114-81-98122,"서울특별시 영등포구 여의서로 43 (여의도동, 한서리버파크) 1409호", ,,경영 컨설팅업,2000-04-20,12월
(주)에스티비,"System Technology Byuck hae Co.,Ltd",에스티비, ,성기석,기타법인,120111-0223537,121-81-37569,인천광역시 남동구 구월동 1136번지 구월빌딩 A동 202호,www.stbchip.co.kr,,"물리, 화학 및 생물학 연구개발업",2000-06-01,12월
주식회사 에스티비홀딩스,STB Holdings,에스티비홀딩스, ,정종선,기타법인,160111-0589478,668-87-02197,"대전광역시 유성구 테크노2로 187 (용산동, 미건테크노월드), 씨동 519호", ,,경영 컨설팅업,2021-05-10,12월
(주)에스티사이언스,"STSciences, Inc.",에스티사이언스, ,정현진,기타법인,110111-5060134,264-81-10528,"대전광역시 서구 문예로 63 (둔산동, 행촌회관) 6층 633호", ,,의학 및 약학 연구개발업,2013-02-04,12월
(주)에스티엑스미래연구원,STX FutureInstitute,에스티엑스미래연구원, ,신철식,기타법인,110111-4573433,104-86-34539,서울특별시 중구 남대문로5가 서울시티타워빌딩 16층, ,,경영 컨설팅업,2011-04-12,12월
(주)에스티임,esteem,에스티임, ,김기유,기타법인,110111-3845463,104-86-13102,서울특별시 중구 장충단로8가길 1 (장충동1가) 동림38빌딩 1층, ,,광고 대행업,2008-03-01,12월
(주)에스티큐브앤컴퍼니,"STCube & Co., Inc.",에스티큐브앤컴퍼니, ,정현진,기타법인,110111-5632751,120-88-25230,"서울특별시 강남구 삼성로96길 6 905호 (삼성동, LG트윈텔1)", ,,의학 및 약학 연구개발업,2015-02-04,12월
에스팍디엔디,ESPARK DND,에스팍디엔디, ,박상욱,기타법인,134511-0621612,876-86-02559,"경기도 용인시 기흥구 중부대로 579 (구갈동, 강남대프라자) 508-29", ,,경영 컨설팅업,2023-02-17,12월
(주)에스피나래애드,spnaread,에스피나래애드, ,원유진,기타법인,110111-4003606,114-86-70532,"서울특별시 강남구 강남대로132길 5 503호 (논현동, 남종빌딩)",www.nare-ad.com/,,그 외 기타 광고 관련 서비스업,2008-01-20,12월
주식회사 에스피씨,"SPC Co.,LTD",에스피씨, ,박규동,기타법인,170111-0828981,284-88-01982,"대구광역시 수성구 알파시티1로 30 106호(대흥동, 그루타워)", ,,경영 컨설팅업,2021-07-22,12월
(주)에스피알파트너스,"SPR Partners Co., Ltd.",에스피알파트너스, ,김태훈,기타법인,110111-6008159,473-88-00434,"서울특별시 강남구 테헤란로 146 (역삼동, 현익빌딩) 1327호", ,,경영 컨설팅업,2016-04-01,12월
주식회사 에스피에스,"SPS Co.,Ltd.",에스피에스, ,신은숙,기타법인,110111-6848662,405-87-01073,서울특별시 강남구 테헤란로82길 15 (대치동), ,,경영 컨설팅업,2018-08-21,12월
에스피팀(주),SPTEAM,에스피팀, ,김형태,기타법인,110111-6836120,671-87-01141,"서울특별시 강남구 테헤란로25길 20 (역삼동, 역삼현대벤쳐텔) 1904호", ,,경영 컨설팅업,2018-08-08,12월
(주)에쓰씨기획,"SC PLAN. CO.,LTD",에쓰씨기획, ,장정호,기타법인,110111-2475782,120-86-34827,"서울특별시 서초구 서초중앙로 209 (반포동, 해성빌딩)", ,,광고 대행업,2002-04-01,12월
에쓰씨밸류리서치 주식회사,"SC SENCESS CO.,LTD",에쓰씨밸류리서치, ,장정호,기타법인,110111-5090769,107-87-90221,"서울특별시 영등포구 의사당대로 83 (여의도동, 한국휴렛팩커드빌딩)",www.sencess.com,,경영 컨설팅업,2013-03-18,12월
유한회사 에쓰에프파트너스,"SF Partners, LLC.",에쓰에프파트너스, ,조성수,기타법인,110114-0254819,561-86-01624,"서울특별시 강남구 언주로 118 2311호 (도곡동, 우성캐릭터199)", ,,경영 컨설팅업,2020-02-04,12월
에어버스헬리콥터스코리아 유한회사,Airbus Helicopters Korea Limited,에어버스헬리콥터스코리아, ,로익폭슈홍,기타법인,110114-0062676,106-86-44106,경상남도 사천시 정동면 사천강1길 33 3층, ,,기타 공학 연구개발업,2006-06-12,12월
주식회사 에어큐홀딩스,AirQ holdings Inc.,에어큐홀딩스, ,문보국,기타법인,110111-8317813,523-87-02778,"서울특별시 구로구 디지털로 288 (구로동, 대륭포스트타워1차), 2층 209-알257호", ,,경영 컨설팅업,2022-05-31,12월
에이더블유엠 주식회사,AWM Co.Ltd.,에이더블유엠, ,하진규,기타법인,110111-4717273,120-87-74694,"서울특별시 강남구 삼성로112길 10 (삼성동, 4층)", ,,경영 컨설팅업,2011-10-28,12월
(주)에이드피플,AIDPEOPLE,에이드피플, ,서영재,기타법인,110111-5035905,105-87-81560,"서울특별시 강서구 양천로 583 A동 1102호 (염창동, 우림블루나인비즈니스센터)",www.aidpeople.co.kr,,경영 컨설팅업,2013-01-11,12월
에이든엘린 주식회사 ,Adenellyn Inc. ,에이든엘린, ,제현종,기타법인,134511-0391801,379-87-01191,"경기도 용인시 수지구 성복1로281번길 20 (성복동, 수지성복효성해링턴코트) 114동 304호", ,,경영 컨설팅업,2019-04-22,12월
(주)에이디엠홀딩스,"ADM Holdings CO.,LTD.",에이디엠홀딩스, ,유영선,기타법인,110111-4113950,211-88-27835,서울특별시 강남구 개포동 186-15 소망빌딩 B1 511, ,,경영 컨설팅업,2009-06-11,12월
주식회사 에이디이스포츠,"AD-ESPORTS CO., LTD",에이디이스포츠, ,이동형,기타법인,110111-6910164,663-87-01077,"서울특별시 영등포구 도신로 73 (도림동, 덕우빌딩)",dpluskia.gg/,,"그 외 기타 분류 안된 전문, 과학 및 기술 서비스업",2018-11-01,12월
(주)에이마케팅,amarketing,에이마케팅, ,"신경수, 신익식",기타법인,170111-0518037,504-86-11570,"대구광역시 달서구 중흥로 20 (송현동, 중소기업성장지원센터), 403호",www.amarketing.co.kr,,광고 대행업,2014-02-04,12월
에이멕코리아(주),AMEC Korea Ltd,에이멕코리아, ,Wong Shiufai Jimmy,기타법인,110111-3436303,211-87-80449,"서울특별시 영등포구 여의대로 66 (여의도동, KTB) 19층",www.amecfw.com,,엔지니어링 서비스업,2006-04-10,12월
(주)에이브이씨파트너스,AVC Partners,에이브이씨파트너스, ,곽용석,기타법인,110111-3540675,211-87-88062,"서울특별시 강남구 테헤란로78길 14-12 (대치동, 동영빌딩) 11층", ,,경영 컨설팅업,2006-10-11,12월
에이브이엔컨설팅주식회사,"AVNCONSULTING CO.,LTD",에이브이엔컨설팅, ,이구,기타법인,110111-2905002,110-81-64159,"서울특별시 강남구 논현동 9-19, 4층", ,,경영 컨설팅업,2003-11-28,12월
(주)에이블리,"ABLEA CO.,LTD",에이블리, ,"이주석, 이동진",기타법인,110111-2568248,220-86-42684,"서울특별시 강남구 압구정로 118 (신사동, 향원빌딩) 505호", ,,광고 대행업,2002-07-15,12월
에이블커뮤니케이션즈 주식회사,"ablecommunication Co., Ltd.",에이블커뮤니케이션즈, ,이희정,기타법인,110111-4953752,211-88-83007,서울특별시 강남구 논현로133길 10 (논현동), ,,그 외 기타 광고 관련 서비스업,2012-09-05,12월
(주)에이블파트너스,"Able Partners Co., Ltd",에이블파트너스, ,정명호,기타법인,110111-1993149,211-86-60029,"서울특별시 강남구 삼성로86길 23 4층(대치동,구일빌딩)", ,,사업 및 무형 재산권 중개업,2000-06-01,12월
(주)에이비라인건축사사무소,AB Line Architects,에이비라인건축사사무소, ,"서영철, 박래훈",기타법인,110111-3021849,201-81-87410,"서울특별시 성동구 성수이로7길 27 501호,502호,503호(성수동2가, 서울숲코오롱디지털타워2차)",www.abline.com,,건축설계 및 관련 서비스업,2004-06-01,12월
(주)에이비솔루션,"AB Solution co.,Ltd.",에이비솔루션, ,김용석,기타법인,135811-0237438,135-86-36884,경기도 화성시 정남면 정남산단2길 26 (음양리),www.absolution.co.kr,,물질성분 검사 및 분석업,2013-10-08,12월
주식회사 에이비씨엠,"ABCM Co., Ltd.",에이비씨엠, ,구본상,기타법인,110111-4730845,214-88-86774,"서울특별시 서초구 서초중앙로2길 21 102동 2502호 (서초동, 더샵서초)", ,,경영 컨설팅업,2011-11-17,12월
(주)에이비엘,"Advanced Business Link, Inc.",에이비엘, ,이승찬,기타법인,110111-1660649,214-86-30811,서울특별시 서초구 서초 1328-3 나라종합금융 8층,www.abl.co.kr,,경영 컨설팅업,1999-03-09,12월
에이비온(주),ABION Inc.,에이비온,203400,신영기,코스닥시장,110111-3660142,214-88-07712,서울특별시 구로구 디지털로 242 한화비즈메트로1차 242915호,www.abionbio.com,,의학 및 약학 연구개발업,2007-04-16,12월
주식회사 에이비프런티어,"ABFRONTIER CO., LTD.",에이비프런티어, ,이종서,기타법인,110111-3623546,110-81-77654,서울특별시 서대문구 대현동 이화여자대학교 종합과학관 C동,www.abfrontier.com,,"물리, 화학 및 생물학 연구개발업",2007-02-14,12월
에이수스에쿼티,ASUSEQUTY,에이수스에쿼티, ,박승현,기타법인,110111-6589191,414-86-00988,서울특별시 강남구 테헤란로82길 15 (대치동)9층 920호, ,,경영 컨설팅업,2017-12-22,12월
주식회사 에이스102,inc. ACE102 ,에이스102, ,원경환,기타법인,110111-8567327,672-87-02672,"서울특별시 영등포구 경인로 775 (문래동3가, 에이스하이테크시티)", ,,경영 컨설팅업,2023-03-02,12월
에이스이공이공(주),-,에이스이공이공, ,이상직,기타법인,110111-2525389,104-81-72047,서울특별시 중구 서소문동 58-17 명지빌딩 19층, ,,경영 컨설팅업,2002-05-16,12월
주식회사 에이스테이트,"A.STATE Co.,Ltd.",에이스테이트, ,송인숙,기타법인,110111-0823602,119-81-10174,"서울특별시 중구 장충단로13길 20 13층 제이-8호(을지로6가, 현대시티타워)", ,,경영 컨설팅업,1992-01-03,12월
에이스투자(주),"ACE INVESTMENT HOLDINGS CO.,LTD",에이스투자, ,양덕준,기타법인,110111-1418353,106-81-67370,"서울특별시 용산구 한남대로 76 (한남동, 한남프라자) 7층", ,,사업 및 무형 재산권 중개업,1997-05-26,12월
(주)에이스파트너스,ACE Partners,에이스파트너스, ,설이수,기타법인,134811-0534801,561-87-01674,경기도 화성시 팔탄면 온천로 318 (덕천리) 2층 202호, ,,경영 컨설팅업,2020-01-18,12월
에이씨아이코리아창업투자(주),ACI Korea Inc.,에이씨아이코리아창업투자, ,손정학 김승일,기타법인,110111-1947774,101-81-56878,서울특별시 강남구 역삼동 824-19 동경빌딩 8층, ,,경영 컨설팅업,2000-04-21,12월
(주)에이알케이텍,"ARK TECH Co., LTD.",에이알케이텍, ,강종봉,기타법인,194211-0275918,784-87-00701,경상남도 창원시 마산합포구 해안대로 303 1101호 (신포동2가), ,,경영 컨설팅업,2017-09-01,12월
(주)에이알텍,"Asia Railway Technology Co., Ltd.",에이알텍, ,이상남,기타법인,134111-0152251,123-86-09555,"서울특별시 금천구 벚꽃로 298 909호(가산동, 대륭포스트타워6차)",ar-tech.co.kr/main/main.php,,기타 엔지니어링 서비스업,2007-04-01,12월
주식회사 에이알티코퍼레이션,ART Corporation Inc.,에이알티코퍼레이션, ,윤재광,기타법인,110111-7778321,885-88-01956,충청북도 음성군 삼성면 선정로 63 2층 (선정리), ,,경영 컨설팅업,2021-02-08,12월
(주)에이앤아이,"A&I co.,ltd.",에이앤아이, ,정명한,기타법인,110111-6661949,631-81-01044,"서울특별시 마포구 잔다리로 28 (서교동, 서교동근린생활시설) 8층", ,,경영 컨설팅업,2018-03-01,12월
에이앤에스제1호유한회사,A&S No.1 limited liability company,에이앤에스제1호, ,이재현,기타법인,110114-0263662,819-86-02013,"서울특별시 강남구 테헤란로88길 14 (대치동, 신도리코빌딩) 9층", ,,경영 컨설팅업,2020-07-24,12월
에이앤에이이엔지(주),"A&A ENG CO.,LTD",에이앤에이이엔지, ,신승용,기타법인,134511-0050986,135-81-47668,"서울특별시 강남구 언주로 120 10층 3호(도곡동, 인스토피아)",www.anaeng.co.kr,,건물 및 토목 엔지니어링 서비스업,2001-07-19,12월
주식회사 에이앤에이인베스트,"A&A Invest Co., Ltd.",에이앤에이인베스트, ,이주현,기타법인,110111-7533311,431-86-02002,"서울특별시 강남구 테헤란로 518 (대치동, 한국섬유산업연합회)", ,,경영 컨설팅업,2020-06-25,12월
에이앤유디자인그룹건축사사무소(주),A&U Design Group,에이앤유디자인그룹건축사사무소, ,오성제,기타법인,110111-3559642,120-87-07841,서울특별시 송파구 문정동 289 가든파이브 웍스 4층,www.anudg.com/,,건축설계 및 관련 서비스업,2006-11-13,12월
에이앤유씨엠건축사사무소(주),"ANU CM architecture Co.,Ltd",에이앤유씨엠건축사사무소, ,조재유,기타법인,110111-5849603,415-87-00178,"서울특별시 송파구 충민로 52 에이동 4층 409호, 410호 411호 (문정동, 가든파이브웍스)",www.anucm.com/,,건축설계 및 관련 서비스업,2015-10-06,12월
(주)에이앤지홀딩스,ANGHOLDINGS,에이앤지홀딩스, ,김창희 김근영,기타법인,110111-2529638,120-86-37896,"서울특별시 송파구 정의로8길 7 (문정동, 한스) 1102호", ,,경영 컨설팅업,2002-05-21,12월
주식회사 에이에스씨,ASC Co. Ltd,에이에스씨, ,조용수,기타법인,110111-1907538,220-81-80873,경기도 성남시 분당구 불정로 7 (정자동), ,,경영 컨설팅업,2000-03-15,12월
에이에스엠엘코리아 유한회사,"ASML KOREA CO.,LTD.",에이에스엠엘코리아, ,이우경,기타법인,134814-0010566,129-81-19610,경기도 화성시 삼성1로5길 25 (석우동),www.asml.com,,기타 엔지니어링 서비스업,1996-07-12,12월
(주)에이에스피기업구조조정전문,Advanced Special Planner CRC,에이에스피기업구조조정전문, ,이승훈,기타법인,110111-1790967,214-86-45032,서울특별시 강남구 삼성동 130-10 신일빌딩 12층,www.asp-crc.com,,사업 및 무형 재산권 중개업,1999-10-16,12월
에이에이아키그룹건축사사무소(주),AA Archigroup Inc.,에이에이아키그룹건축사사무소, ,김길상,기타법인,110111-2210097,101-81-69015,"서울특별시 종로구 율곡로 75 (계동, 현대빌딩) (충정로3가, 풍산빌딩) 6층",www.hda.co.kr,,건축설계 및 관련 서비스업,2001-04-06,12월
(주)에이에프인베스트먼트,AF INVESTMENT Corp.,에이에프인베스트먼트, ,양관운,기타법인,110111-6102357,843-88-00477,"서울특별시 영등포구 국제금융로 10 (여의도동, 서울국제금융센터) TWO IFC 25층", ,,경영 컨설팅업,2016-06-27,12월
주식회사 에이엔에이치스트럭쳐,"ANH Structure Co.,Ltd.",에이엔에이치스트럭쳐, ,안현수,기타법인,191111-0060182,613-81-73462,경상남도 진주시 범골로54번길 2 (충무공동),www.anhstructure.com,,기타 엔지니어링 서비스업,2013-12-05,12월
에이엠시사이언스 주식회사,"AMC Sciences Co., Ltd.",에이엠시사이언스, ,"부지홍, 박성욱",기타법인,110111-9117494,123-86-51446,"서울특별시 송파구 올림픽로43길 88 (풍납동, 서울아산병원) 교육연구관 6층", ,,의학 및 약학 연구개발업,2024-11-28,12월
주식회사 에이엠에스바이오,"AMSBIO.CO.,LTD",에이엠에스바이오, ,박혜린,기타법인,110111-2025313,120-86-08620,"서울특별시 성동구 광나루로 172 (성수동1가, 린하우스) 2층",amsbio.co.kr,,의학 및 약학 연구개발업,2000-07-13,12월
(주)에이엠컨설팅,AMCONSULTING,에이엠컨설팅, ,김원철,기타법인,110111-6799146,202-86-01050,경상남도 남해군 남해읍 화전로96번길 35 (북변리) 1층, ,,경영 컨설팅업,2018-07-01,12월
에이엠파트너스(주),"AMPARTNERS CO., LTD.",에이엠파트너스, ,김관억,기타법인,134111-0433205,783-87-00412,"경기도 군포시 번영로587번안길 63 601호 (금정동, 소명빌딩)", ,,경영 컨설팅업,2016-02-24,12월
(주) 에이엠피엠글로벌,"AMPMGLOBAL CO.,LTD",에이엠피엠글로벌, ,김종규,기타법인,110111-8992607,257-81-03674,"서울특별시 금천구 가산디지털2로 144 가산동 11층 1101호(가산동, 현대테라타워가산DK)", ,,광고 대행업,2024-07-01,12월
(주)에이엠피엠에셋,"AMPM ASSET CO.,LTD",에이엠피엠에셋, ,김종규,기타법인,110111-3021930,105-86-67746,"서울특별시 금천구 가산디지털2로 144 현대테라타워가산DK 1101호~1123호(가산동, 현테테라타워가산DK)", ,,광고 대행업,2004-06-01,12월
에이오엔리얼이스테이트 유한회사,AON Real Estate Limited Liability Company,에이오엔리얼이스테이트, ,장준원,기타법인,110114-0055259,107-86-65405,"서울특별시 강남구 테헤란로 218 (역삼동, 나래빌딩)", ,,경영 컨설팅업,2005-06-20,12월
(주)에이와이에스 홀딩스,"AYS Holdings Co., Ltd",에이와이에스홀딩스, ,안동진,기타법인,110111-5874337,264-81-50248,"서울특별시 강남구 테헤란로87길 39 (삼성동, 심스빌딩) 502호", ,,경영 컨설팅업,2015-11-01,12월
에이원기술검사주식회사,"Aone Engineering & Inspection CO., LTD",에이원기술검사, ,박덕영,기타법인,110111-5443017,210-81-75484,경기도 부천시 까치로74번길 116 (작동),a-onendt.kr,,"기타 기술 시험, 검사 및 분석업",2014-06-18,12월
(주)에이원퍼포먼스팩토리,"A1 Performance Factory Co.,Ltd.",에이원퍼포먼스팩토리, ,"정재우, 박수진",기타법인,110111-5491743,120-88-17220,"서울특별시 강남구 테헤란로 501 (삼성동, 브이플렉스) 16층", ,,광고 대행업,2016-12-27,12월
주식회사 에이유디,AUD,에이유디, ,조융기,기타법인,180111-0732619,617-81-87162,부산광역시 해운대구 우동 760-3 오션타워1805, ,,사업 및 무형 재산권 중개업,2010-10-15,12월
(주)에이유디씨종합건축사사무소,"Architectural & Urban Design Consultant Co., Ltd",에이유디씨종합건축사사무소, ,김병욱,기타법인,110111-4294891,211-88-40575,서울특별시 강남구 논현동, ,,"건축기술, 엔지니어링 및 관련 기술 서비스업",2010-03-02,12월
주식회사에이제이엠,"AJ M Co.,Ltd.",에이제이엠, ,홍성관,기타법인,134611-0096045,770-86-01081,경기도 안성시 공도읍 문터길 60 (마정리), ,,경영 컨설팅업,2019-01-18,12월
(주)에이제이컨설팅그룹,"AJ Consulting Group Co.,Ltd",에이제이컨설팅그룹, ,양정소,기타법인,110111-6182698,623-88-00460,"서울특별시 서초구 강남대로 489 (반포동, 제애정형외과타워) 11층", ,,경영 컨설팅업,2016-09-23,12월
주식회사 에이젠생명과학,"Agen Lifescience Co., Ltd.",에이젠생명과학, ,김태훈,기타법인,110111-6518504,555-81-00718,"서울특별시 강남구 테헤란로 116 10층 에이치1043호(역삼동, 동경빌딩)", ,,경영 컨설팅업,2017-09-15,12월
(주)에이조스바이오,AZothbio Inc.,에이조스바이오, ,신재민,기타법인,134511-0289808,745-81-00344,"경기도 성남시 중원구 둔촌대로388번길 24 (상대원동, 성남우림라이온스밸리3차) 1205호",www.azothbio.com,,의학 및 약학 연구개발업,2016-05-17,12월
주식회사 에이지네트웍스,"AG Networks Co., Ltd",에이지네트웍스, ,신광진,기타법인,110111-5255470,264-81-23853,서울특별시 강남구 언주로75길 20 102호(역삼동), ,,경영 컨설팅업,2013-10-28,12월
에이지비닐슨미디어리서치주식회사,AGB Nielsen Media Research,에이지비닐슨미디어리서치, ,황덕현,기타법인,110111-3110329,104-81-91568,서울특별시 구로구 구로동 182-13 대륭포스트타워2차 401, ,,시장조사 및 여론조사업,2005-02-01,12월
주식회사 에이지엘컴퍼니,AGL COMPANY,에이지엘컴퍼니, ,오대강,기타법인,110111-8965050,760-88-02957,"서울특별시 금천구 벚꽃로 286 11층 1107-01호(가산동, 삼성리더스타워)", ,,경영 컨설팅업,2024-06-04,12월
에이취에이취개발(주),HH Development ,에이취에이취개발, ,황길순,기타법인,200111-0133060,408-81-46188,광주광역시 동구 남동 36-9,없음,,경영 컨설팅업,2001-04-23,12월
주식회사 에이치나인 ,"H9Design Co., Ltd.",에이치나인, ,"최우식, 배윤찬",기타법인,110111-4329929,214-88-58206,"서울특별시 성동구 뚝섬로1길 25 (성수동1가, 서울숲한라에코밸리) 서울숲한라에코밸리 10층 1001호~1005호",www.hnine.com,,시각 디자인업,2010-04-19,12월
에이치디현대마린솔루션테크 주식회사,"HD Hyundai Marine Solution Tech Co., LTD",에이치디현대마린솔루션테크, ,임영호,기타법인,180111-1430113,479-81-02765,"부산광역시 해운대구 센텀중앙로 79 (우동, 센텀사이언스파크) 6층", ,,엔지니어링 서비스업,2022-03-23,12월
에이치디현대미래파트너스 주식회사,"HD Hyudai Future Partners Co., Ltd.",에이치디현대미래파트너스, ,부지홍,기타법인,110111-6972247,266-81-01480,"서울특별시 송파구 올림픽로43길 88 6층 (풍납동, 아산생명과학연구원 교육연구관)", ,,경영 컨설팅업,2019-01-02,12월
에이치디현대엘앤에스(주),HYUNDAI LNS,에이치디현대엘앤에스, ,강철호,기타법인,131111-0582774,420-86-01721,"경기도 성남시 분당구 돌마로 43 (금곡동, 메디파크빌딩) 2층", ,,기타 엔지니어링 서비스업,2020-02-18,12월
에이치디현대이엔티(주),HD HYUNDAI ENGINEERING & TECHNOLOGY,에이치디현대이엔티, ,이만섭,기타법인,230111-0108075,610-81-74778,"울산광역시 동구 문현6길 42 (방어동, 문현기술관)",www.hd-hent.co.kr,,기타 엔지니어링 서비스업,2004-12-03,12월
(주)에이치바이오홀딩스,"HBIO HOLDINGS CO., LTD.",에이치바이오홀딩스, ,김희재,기타법인,110111-6339794,271-88-00745,서울특별시 성동구 성수이로 69 (성수동2가), ,,경영 컨설팅업,2017-03-09,12월
주식회사 에이치바이온,H BION INC.,에이치바이온, ,황우석,기타법인,110111-3893941,114-86-66815,"서울특별시 구로구 경인로 64 (오류동, SOOAMBIOTECH)", ,,자연과학 연구개발업,2008-05-09,12월
에이치비밸류 주식회사,"hb value co.,ltd",에이치비밸류, ,김영일,기타법인,110111-8347274,805-88-02610,"서울특별시 강남구 선릉로 704 10층 223호 (청담동, 청담벤처프라자)", ,,경영 컨설팅업,2022-06-27,12월
(주)에이치비어드바이저스,HB Advisors,에이치비어드바이저스, ,홍영화,기타법인,110111-2950114,220-86-79240,서울특별시 강남구 역삼동 653 봉암빌딩 2층, ,,경영 컨설팅업,2004-02-10,12월
주식회사 에이치비엔킹덤,HB&Kingdom,에이치비엔킹덤, ,안재현,기타법인,110111-3836181,211-88-09157,서울특별시 강남구 논현동, ,,경영 컨설팅업,2008-02-01,12월
(주)에이치비홀딩스그룹,HB Holdings group,에이치비홀딩스그룹, ,배원국,기타법인,110111-6092673,601-88-00456,"서울특별시 강남구 강남대로 556 (논현동, 논현빌딩) 2,10~13층", ,,경영 컨설팅업,2016-06-16,12월
주식회사 에이치사이언스,"H.science Co. Ltd.,",에이치사이언스, ,김장호,기타법인,110111-5288900,113-86-78680,"서울특별시 구로구 구로중앙로 198 31동 203호(구로동, 구로기계공구상가)", ,,연구개발업,2013-12-11,12월
(주)에이치시티,"HCT CO., LTD.",에이치시티,072990,허봉재,코스닥시장,134411-0015635,126-81-45399,경기도 이천시 마장면 서이천로578번길 74,www.hct.co.kr,,물질성분 검사 및 분석업,2000-05-12,12월
에이치씨 유한회사,HC LTD.,에이치씨, ,장형진,기타법인,131414-0010319,435-81-02300,"경기도 안산시 단원구 강촌로139번길 9 (성곡동, 에이치씨(유))", ,,기타 전문 서비스업,2021-01-06,12월
(주)에이치씨자산관리,HC AMC,에이치씨자산관리, ,윤장원,기타법인,110111-2097693,120-86-13458,"서울특별시 영등포구 의사당대로1길 34 (여의도동, 인영빌딩) 1202호", ,,경영 컨설팅업,2010-09-03,12월
에이치아너스 주식회사,H-HONORS CORPORATION,에이치아너스, ,홍석준,기타법인,110111-7942455,115-87-02223,"서울특별시 강남구 테헤란로 534 (대치동, 글라스타워빌딩) 10층", ,,경영 컨설팅업,2021-07-01,12월
(주)에이치아이엠앤드에이코리아,"HIM&A KOREA, Inc.",에이치아이엠앤드에이코리아, ,장승태,기타법인,110111-4311679,211-88-41180,서울특별시 강남구 신사동 563-30 PSG빌딩 1201, ,,경영 컨설팅업,2010-03-23,12월
주식회사 에이치앤,H&Company,에이치앤, ,"서승원, 김창도",기타법인,205711-0012069,411-81-64993,전라남도 강진군 병영면 병영성로 150-1 (성남리), ,,경영 컨설팅업,2010-10-20,12월
에이치앤드엔터테인먼트,H&ENTERTAINMENT,에이치앤드엔터테인먼트, ,홍민기,기타법인,110111-7507895,857-87-01712,"서울특별시 강남구 논현로105길 11-7 (역삼동, 명성빌딩)", ,,매니저업,2020-06-04,12월
(주)에이치앤씨피앨라이즈,H&CP ALLIES,에이치앤씨피앨라이즈, ,박철현,기타법인,110111-2282848,107-86-02680,서울특별시 강남구 삼성1동 무역센터아셈타워 1803호, ,,경영 컨설팅업,2001-07-09,12월
(주)에이치앤아이,"H&I Co., Ltd",에이치앤아이, ,정성민,기타법인,134511-0413233,638-81-01443,경기도 용인시 처인구 영문로 2, ,,경영 컨설팅업,2019-10-02,12월
주식회사 에이치앤엠인베스트,"H&MINVEST Co.,Ltd",에이치앤엠인베스트, ,김호준,기타법인,170111-0807183,416-87-01942,"대구광역시 남구 대명로 66 (대명동,프라임시티) 3층 06호", ,,기타 전문 서비스업,2021-02-09,12월
주식회사 에이치앤와이홀딩스,HNYHOLDINGS,에이치앤와이홀딩스, ,황연하,기타법인,110111-7602760,879-88-01849,"서울특별시 강남구 강남대로 320 (역삼동, 황화빌딩) 5층 엘에스72", ,,경영 컨설팅업,2020-09-03,12월
(주)에이치앤홀딩스,"H&Holdings Co., Ltd.",에이치앤홀딩스, ,김병호,기타법인,110111-1767007,105-86-03062,서울특별시 마포구 큰우물로 75 1414호,www.foseca.com,,경영 컨설팅업,1999-09-04,12월
주식회사 에이치에스비컴퍼니,HSB Company Co. Ltd,에이치에스비컴퍼니, ,홍성범,기타법인,110111-5965855,209-81-64430,서울특별시 강남구 논현로163길 10 (신사동) 4층, ,,경영 컨설팅업,2016-02-02,12월
(주)에이치에스애드,HS Ad,에이치에스애드, ,정성수,기타법인,110111-3076662,107-86-53665,서울특별시 마포구 마포대로 155 LG마포빌딩 14층,www.hsad.co.kr/,,광고 대행업,2004-09-01,12월
주식회사 에이치에스투자,hs investment co.,에이치에스투자, ,김호수,기타법인,110111-6515287,216-87-00907,"서울특별시 강남구 삼성로 11 (개포동, 디에이치아너힐즈) 318동 804호", ,,경영 컨설팅업,2017-09-15,12월
(주)에이치에프네트웍스,HF Networks,에이치에프네트웍스, ,한성호,기타법인,110111-7822839,263-81-01894,"서울특별시 성동구 성수이로 118 (성수동2가, 성수아카데미타워)", ,,경영 컨설팅업,2021-03-22,12월
(주)에이치엔씨,HNC Engineering Co.Ltd,에이치엔씨, ,임재영,기타법인,134111-0068614,123-81-50670,"경기도 군포시 고산로 166 (당정동, SK벤티움) 102-1204",www.cleanrooms.co.kr,,기타 엔지니어링 서비스업,1999-09-21,12월
에이치엘비바이오코드 주식회사,HLBbiocode,에이치엘비바이오코드, ,백성진,기타법인,110111-4175299,119-86-21166,"경기도 수원시 영통구 매영로 155 (원천동, HLB바이오코드)",www.hlbbiocode.com/,,기타 전문 서비스업,2009-09-08,12월
에이치엘비셀 주식회사,"HLB Cell Co., Ltd.",에이치엘비셀, ,이두훈,기타법인,131311-0092331,125-81-83269,경기도 화성시 동탄첨단산업1로 51-9 8층(영천동),www.hlbcell.co.kr,,의학 및 약학 연구개발업,2009-09-16,12월
에이치엘지노믹스 주식회사,"HL GENOMICS Co., Ltd",에이치엘지노믹스, ,김호진,기타법인,134511-0044624,135-81-41887,경기도 용인시 처인구 원삼면 보개원삼로 1552, ,,의학 및 약학 연구개발업,2000-11-09,12월
에이치엠브이코리아,hmv korea inc.,에이치엠브이코리아, ,박종오,기타법인,285011-0289583,297-86-00044,"서울특별시 마포구 잔다리로 20 (서교동, 서진빌딩)", ,,경영 컨설팅업,2015-03-16,12월
주식회사 에이치이앤엠,H E&M Co. Ltd.,에이치이앤엠, ,박매희,기타법인,110111-5473105,261-81-15596,"서울특별시 강남구 학동로3길 41 (논현동, 연우빌딩)", ,,매니저업,2014-07-25,03월
에이치인베스트먼트,H.investment,에이치인베스트먼트, ,김동원,기타법인,110111-6284121,765-87-00582,서울특별시 마포구 새창로 11 (도화동), ,,경영 컨설팅업,2017-01-09,12월
(주)에이치제이에프앤아이,HJFNI,에이치제이에프앤아이, ,최승환,기타법인,110111-4016667,119-86-12954,"서울특별시 영등포구 국회대로62길 21 11층(여의도동, 동성빌딩)", ,,경영 컨설팅업,2008-12-22,12월
(주)에이치제이오토모티브일렉트로닉스,"HJ automotive electronics co.,ltd",에이치제이오토모티브일렉트로닉스, ,박흥규,기타법인,110111-4236439,119-86-23771,"서울특별시 금천구 가산디지털2로 53 (가산동, 한라시그마밸리) 1209호", ,,기타 자연과학 연구개발업,2009-12-08,12월
에이치제이제이컴퍼니 주식회사,"HJJ Company  Co., Ltd.",에이치제이제이컴퍼니, ,최성문,기타법인,110111-6622032,491-81-00980,서울특별시 영등포구 국제금융로6길 15 (여의도동), ,,회사 본부 및 경영 컨설팅 서비스업,2018-01-08,06월
주식회사 에이치제이케이프로퍼티즈,HJK Properties Corporation,에이치제이케이프로퍼티즈, ,김희준,기타법인,134511-0396869,357-86-01312,"경기도 용인시 수지구 만현로 107 (상현동, 만현마을쌍용아파트) 707동 504호","서울시 송팍 올림픽로 300, 시그니엘레지던스 5202호",,경영 컨설팅업,2019-05-28,12월
(주)에이치제이피,-,에이치제이피, ,박기훈,기타법인,110111-6496825,838-87-00823,"서울특별시 강남구 역삼로 139 (역삼동),401호 성일빌딩", ,,경영 컨설팅업,2017-08-24,12월
에이치지(주),HG,에이치지, ,류제학,기타법인,180111-1223766,480-88-01498,부산광역시 영도구 해양로247번길 35 5층, ,,기타 전문 서비스업,2019-06-14,12월
에이치지아이파트너스 유한회사,"HGI Partners Co., Ltd.",에이치지아이파트너스, ,서지은,기타법인,110114-0289650,734-87-02174,"서울특별시 성동구 뚝섬로1나길 5 (성수동1가, 헤이그라운드(HEYGROUND)) G605", ,,경영 컨설팅업,2022-01-18,12월
주식회사 에이치지파이낸스,"HG Finance Inc,",에이치지파이낸스, ,진홍제,기타법인,110111-7480166,212-86-15319,"서울특별시 성동구 뚝섬로1나길 5 G202호 (성수동1가, 헤이그라운드(HEYGROUND))",hginitiative.com,,경영 컨설팅업,2020-05-08,12월
(주)에이치케이건축사사무소,"HK Architects & Associates co.,Ltd.",에이치케이건축사사무소, ,서진철,기타법인,110111-1160102,114-81-64961,"경기도 과천시 과천대로7나길 9 (갈현동, DX타워) 9~11층",www.hkarchit.com,,건축설계 및 관련 서비스업,1995-05-23,12월
주식회사 에이치케이랩스,"Hk Labs co,Ltd",에이치케이랩스, ,김효근,기타법인,134811-0791873,189-86-03319,경기도 화성시 병점노을5로 20 (병점동)1018-엠1호, ,,경영 컨설팅업,2024-04-01,12월
주식회사 에이치케이피컴퍼니,HKP Company Inc.,에이치케이피컴퍼니, ,안성욱,기타법인,110111-6026763,181-81-00384,서울특별시 강남구 언주로135길 34 (논현동), ,,회사 본부 및 경영 컨설팅 서비스업,2016-04-08,12월
주식회사 에이치큐솔루션,HQSOLUTION,에이치큐솔루션, ,고현석,기타법인,134411-0060804,126-86-77071,"경기도 수원시 영통구 광교로 109 (이의동, 한국나노기술원)", ,,"그 외 기타 분류 안된 전문, 과학 및 기술 서비스업",2014-06-19,12월
주식회사에이치투파트너스,"H2 PARTNERS Co., Ltd.",에이치투파트너스, ,임성진,기타법인,134811-0750267,224-86-03136,경기도 오산시 남부대로 36 (두곡동), ,,경영 컨설팅업,2023-06-23,12월
에이치트레포트(주),H-TREPORT,에이치트레포트, ,심정섭,기타법인,110111-6749208,101-88-00956,서울특별시 서초구 사평대로57길 63-4 6층(반포동), ,,경영 컨설팅업,2018-05-14,12월
주식회사 에이치티아이엔티,H.T. INT Inc.,에이치티아이엔티, ,조창현,기타법인,134811-0153015,124-86-64570,경기도 성남시 수정구 금토로80번길 56 A동 3층 306호 (금토동),www.htint.kr,,경영 컨설팅업,2008-03-06,12월
에이치플러스에코(주),H-Plus Eco Ltd.,에이치플러스에코, ,허자홍,기타법인,110111-2104802,220-86-00404,서울특별시 송파구 석촌호수로 222 제이타워 6층 (석촌동),www.hpluseco.co.kr,,환경 관련 엔지니어링 서비스업,2000-11-06,12월
주식회사 에이치피바이오연구소,HPBIOLAB INC.,에이치피바이오연구소, ,이승재,기타법인,110111-6600484,350-86-00777,서울특별시 강남구 논현로111길 21 (논현동) 2층,www.hpbio.co.kr,,자연과학 및 공학 연구개발업,2017-12-15,12월
주식회사 에이치피앤케이인베스트먼트,HP&K Investment,에이치피앤케이인베스트먼트, ,김철현,기타법인,110111-6931201,681-88-01053,"서울특별시 마포구 백범로 8 (노고산동, 우정마샹스오피스텔) 930호", ,,경영 컨설팅업,2018-11-20,12월
(주)에이치피피,"HPP Co., Ltd.",에이치피피, ,이근홍,기타법인,110111-5386366,105-88-01054,"서울특별시 마포구 양화로 45 19층 (서교동, 세아타워)", ,,경영 컨설팅업,2014-04-08,12월
주식회사 에이케이와이,"AKYco.,LTD",에이케이와이, ,한대규,기타법인,110111-4543909,107-87-48418,"서울특별시 영등포구 여의대로 56 (여의도동, 한화증권빌딩)", ,,경영 컨설팅업,2011-02-28,02월
에이투씨엔젤스,ATOCANGELS,에이투씨엔젤스, ,이혜영,기타법인,110111-8061725,301-86-35629,"서울특별시 영등포구 여의대로 8 (여의도동, 여의도파크센터) A동 1901호", ,,경영 컨설팅업,2021-11-10,12월
주식회사 에이투젠,"ATOGEN.CO.,LTD",에이투젠, ,강지희,기타법인,160111-0290728,314-86-20291,"대전광역시 유성구 테크노1로 11-8 (관평동, 주식회사이노템즈) 2층 에이투젠", ,,제조업 회사 본부,2010-12-27,12월
(주)에이티세미콘,"JHCOS Co., Ltd.",에이티세미콘,089530,정혜윤,기타법인,134411-0022747,126-81-55539,"서울특별시 금천구 가산디지털1로 83 (가산동, 파트너스타워) 2층 204-11호", ,,"그 외 기타 전문, 과학 및 기술 서비스업",2001-07-27,12월
에이티알 주식회사,"Project team ATR, INC.",에이티알, ,장재영,기타법인,180111-1243897,861-88-01417,"부산광역시 해운대구 센텀북대로 60 (재송동, 센텀아이에스타워) 1107호",www.atr-pt.com,,"그 외 기타 전문, 과학 및 기술 서비스업",2019-10-16,12월
(주)에이티움,ATIUM CO LTD,에이티움, ,장영우,기타법인,110111-6933299,140-86-01223,"서울특별시 서초구 강남대로79길 35 서울 서초구 강남대로79길 35 (반포동, 그라티아빌딩)", ,,"광고물 문안, 도안, 설계 등 작성업",2018-11-22,12월
주식회사 에이티지,Asset Technology Group,에이티지, ,임강민,기타법인,131111-0349702,144-81-16437,"경기도 성남시 분당구 정자일로 100 (정자동, 미켈란쉐르빌) E동 506-510호",www.atg.co.kr,,엔지니어링 서비스업,2013-07-29,12월
주식회사 에이티지그라운드,ATZGROUND,에이티지그라운드, ,송정우,기타법인,110111-3844415,211-88-09462,"경기도 성남시 분당구 느티로 2 (정자동, AK와이즈플레이스)에이동 2103호", ,,경영 컨설팅업,2008-02-20,12월
(주)에이티지씨,"ATGC Co., LTD.",에이티지씨, ,장성수,기타법인,131111-0267897,129-86-53267,"서울특별시 강남구 자곡로7길 4 3,4층(자곡동, 아세아ICT센터)",www.atgcbio.com,,의학 및 약학 연구개발업,2010-11-10,12월
에이티커니코리아 유한회사,A.T. kearney Korea LLC,에이티커니코리아, ,"이원주, 조승용",기타법인,110114-0170669,774-88-00128,"서울특별시 강남구 영동대로 517 (삼성동, 아셈타워) 40층", ,,경영 컨설팅업,2015-09-01,12월
주식회사 에이티커니코리아 ,"A.T. Kearney Korea Co.,Ltd.",에이티커니코리아, ,최영상,기타법인,110111-5697101,101-86-25778,"서울특별시 강남구 영동대로 517 (삼성동, 아셈타워) 4001호",www.atkearney.co.kr,,경영 컨설팅업,2006-08-22,12월
주식회사에이틱,"ATIC.CO.,LTD.",에이틱, ,홍수경,기타법인,110111-3223148,220-87-08795,"서울특별시 강남구 개포로 508 (개포동, 소망빌딩) B1층 581호", ,,경영 컨설팅업,2005-05-01,12월
에이팩스기술투자(주),"APEX Technology Investment Co.,Ltd.",에이팩스기술투자, ,윤종석,기타법인,110111-1729271,101-81-49232,서울특별시 종로구 서린동 영풍빌딩 5층,http://www.apextechnology.co.kr,,경영 컨설팅업,1999-07-06,12월
유한책임회사 에이팩스인터내셔널파이낸셜서비스,Apex International Financial Services,에이팩스인터내셔널파이낸셜서비스, ,조병택,기타법인,124415-0000888,114-86-91629,경기도 김포시 봉화로 13 5층 (사우동), ,,경영 컨설팅업,2011-11-02,12월
(주)에이프러스씨엠건축사사무소,-,에이프러스씨엠건축사사무소, ,이택준,기타법인,135011-0104097,134-81-57159,"충청남도 천안시 서북구 오성로 103 (두정동,3층",-,,건축설계 및 관련 서비스업,2000-07-15,12월
(주)에이프로젠,"Aprogen, Inc",에이프로젠, ,김재섭,기타법인,160111-0096168,314-81-32303,"경기도 성남시 중원구 둔촌대로 545 (상대원동, 한라시그마밸리)",www.aprogen.com,,의학 및 약학 연구개발업,2000-04-04,12월
(주)에이프로젠바이오로직스,Aprogen Biologics Inc.,에이프로젠바이오로직스, ,김재섭,기타법인,131111-0373222,129-86-87262,"경기도 성남시 중원구 둔촌대로 545 비1층 (상대원동, 한라시그마밸리)", ,,의학 및 약학 연구개발업,2014-04-24,12월
주식회사 에이프릴바이오,"AprilBio Co.,Ltd.",에이프릴바이오,397030,차상훈,코스닥시장,140111-0050944,221-81-42488,강원도 춘천시 강원대학길 1 의생명과학대학 B동 602호,www.aprilbio.com/,,의학 및 약학 연구개발업,2013-01-30,12월
주식회사 에이플럼,APLUM,에이플럼, ,남기태,기타법인,110111-5041043,113-86-67408,"서울특별시 성동구 상원1길 26 (성수동1가, 서울숲A타워 1404호",www.aplum.co.kr,,제품 디자인업,2013-01-01,12월
(주)에이피알에이전시,apragency,에이피알에이전시, ,박효진,기타법인,110111-4828939,211-88-76049,서울특별시 강남구 압구정로46길 67 라임빌딩(신사동),aprpr.com,,광고 대행업,2012-03-27,12월
(주)에이피앤,"APN.co.,Ltd",에이피앤, ,노만기,기타법인,110111-4413855,113-86-41863,"경기도 용인시 기흥구 흥덕중앙로 120 2701호 (영덕동, UTOWER)", ,,"기타 전문, 과학 및 기술 서비스업",2010-08-16,12월
주식회사 에이피엔,"APN Co.,Ltd.",에이피엔, ,정태화,기타법인,110111-0749840,214-81-25517,"경기도 용인시 기흥구 기흥로 58-1 A동 1901호,1912호,1913호,1914호,B214호 (구갈동, 기흥ICT밸리)",nde.co.kr,,"기타 기술 시험, 검사 및 분석업",1991-03-01,12월
에이피지코리아케이이 주식회사,APG KOREA KE LTD.,에이피지코리아케이이, ,스티븐존비커톤,기타법인,110111-6370178,653-87-00616,경상남도 창원시 성산구 연덕로 18 (웅남동), ,,경영 컨설팅업,2017-04-14,12월
에이피텍주식회사,"AP Tech Co., Ltd.",에이피텍, ,이형엽,기타법인,131111-0028299,129-81-35420,경기도 성남시 분당구 수내동 4-4 경동빌딩 3층,aptechn.com,,기타 엔지니어링 서비스업,1997-04-10,12월
(주)에이홀딩스,AHoldings Inc.,에이홀딩스, ,최낙모,기타법인,110111-2407785,220-86-27761,경기도 군포시 엘에스로91번길 59 (금정동), ,,경영 컨설팅업,2001-12-28,12월
주식회사 에임드,Aimed inc,에임드, ,임형철,기타법인,110111-4629246,214-88-80047,"서울특별시 서초구 서초대로38길 12 (서초동, 마제스타시티,힐스테이트서리풀) 마제스타시티타워2, 11층",www.aimed.xyz,,"그 외 기타 분류 안된 전문, 과학 및 기술 서비스업",2011-06-28,12월
(주)에임드바이오,Aimed Bio Inc.,에임드바이오,0009K0,허남구,코스닥시장,110111-6854461,772-86-00977,"서울특별시 송파구 정의로 67 9층, 10층, 11층(문정동, 엠케이타워)",www.aimedbio.com,,의학 및 약학 연구개발업,2018-08-27,12월
에지워터파트너스(주),egiwater partners ,에지워터파트너스, ,박그레타,기타법인,110111-5088368,106-86-92646,"서울특별시 중구 서소문로11길 50 (서소문동, 신아빌딩)", ,,경영 컨설팅업,2013-03-14,12월
에코그린풍력 주식회사,"ECOGREENWINDPOWER Co.,Ltd.",에코그린풍력, ,김시옥,기타법인,110111-5785097,721-87-00490,"경기도 성남시 분당구 정자일로 177 (정자동, 인텔리지Ⅱ) 에이동 3104호", ,,기타 회계 관련 서비스업,2015-07-17,12월
에코네트워크(주),ECONETWORK Inc.,에코네트워크, ,유정령,기타법인,110111-3786112,101-86-35728,경기도 성남시 분당구 대왕판교로 660 유스페이스1 A동 602호(삼평동), ,,환경 관련 엔지니어링 서비스업,2007-11-12,12월
에코리드(주),"EcoLead co., Ltd.",에코리드, ,박재용,기타법인,110111-4506650,106-86-76461,"서울특별시 용산구 한강대로 257 (갈월동, 청룡빌딩) 3층",www.ecolead.co.kr,,"건축기술, 엔지니어링 및 관련 기술 서비스업",2011-01-04,12월
(주)에코마케팅,"ECHOMARKETING Co.,Ltd.",에코마케팅,230360,김철웅,코스닥시장,110111-2743866,220-86-60192,"서울특별시 송파구 올림픽로35다길 42 한국루터회관 9,10,15층",www.echomarketing.co.kr,,광고 대행업,2003-03-24,12월
에코매니지먼트코리아홀딩스(주),Eco Management Korea Holdings Inc.,에코매니지먼트코리아홀딩스, ,이홍열,기타법인,131411-0242984,134-86-68025,"경기도 안산시 단원구 첨단로207번길 5 (성곡동, 1층)", ,,경영 컨설팅업,2010-06-17,12월
에코매니지먼트코리아홀딩스2 ,Eco Management Korea Holdings2,에코매니지먼트코리아홀딩스2, ,조현호,기타법인,131411-0336224,134-87-36985,"경기도 안산시 상록구 이호로 68-1 (본오동, 명성빌딩)", ,,경영 컨설팅업,2015-01-30,12월
주식회사 에코비트 엔솔,ECORBIT ENVSOL,에코비트엔솔, ,"배영, 신홍재",기타법인,135811-0096800,135-81-65123,"서울특별시 송파구 송파대로 155 10층 (문정동, NH송파농협)", ,,환경 관련 엔지니어링 서비스업,2003-09-17,12월
주식회사 에코시안,ECOSIAN,에코시안, ,문성철,기타법인,171711-0050250,506-81-43317,"서울특별시 금천구 디지털로9길 65 (가산동, 백상스타타워1차) 8층",www.ecosian.com,,환경 관련 엔지니어링 서비스업,2001-12-29,12월
주식회사 에코아이,"ECOEYE CO., LTD.",에코아이,448280,이수복,코스닥시장,160111-0188262,314-81-73570,서울특별시 영등포구 여의나루로 61 11층,www.ecoeye.com,,기타 전문 서비스업,2005-04-06,12월
(주)에코아이,"Ecoeye co., ltd.",에코아이, ,정재수,기타법인,131111-0101227,129-81-64890,경기도 성남시 분당구 삼평동 625 판교세븐벤처밸리 1단지 2동 4층,www.ecoeye.com,,환경 관련 엔지니어링 서비스업,2003-08-19,12월
(주)에코에너지기술연구소,EcoEnergy Research Institute,에코에너지기술연구소, ,이재근,기타법인,180111-0743393,606-86-27285,부산광역시 강서구 체육공원로6번길 211 (대저1동), ,,기타 공학 연구개발업,2011-01-12,12월
에코이앤티주식회사,ECO E&T,에코이앤티, ,김용찬,기타법인,211111-0065509,446-87-01827,"전라북도 군산시 옥녀로 109-5 (산북동, 에코이앤티(주))", ,,제조업 회사 본부,2020-12-01,12월
주식회사 에코프로글로벌,"ECOPRO GLOBAL Co., Ltd.",에코프로글로벌, ,김장우,기타법인,150111-0315312,420-81-02249,충청북도 청주시 청원구 오창읍 2산단로 100 (송대리), ,,제조업 회사 본부,2021-09-08,12월
(주)에코프론티어,Eco-Frontier.Co.,에코프론티어, ,정해봉,기타법인,110111-1116238,205-81-33783,"서울특별시 마포구 상암동 DMC단지 E3-2 DMC 산학협력연구센터 10층,11층",www.ecofrontier.co.kr,,경영 컨설팅업,1995-01-05,12월
주식회사 에쿠노바 홀딩스,"EQUNOVA Holdings Co., Ltd",에쿠노바홀딩스, ,조중길,기타법인,161111-0010901,211-87-95980,서울특별시 강남구 논현동 237-10 서진빌딩 4층, ,,경영 컨설팅업,2006-04-26,12월
에쿼티스퍼스트홀딩스코리아 유한회사,Equities First Holdings Korea Limited,에쿼티스퍼스트홀딩스코리아, ,이지철,기타법인,110114-0249315,876-88-01608,서울특별시 종로구 우정국로 26 (공평동) 센트로폴리스빌딩 A동 16층,www.equitiesfirst.com,,경영 컨설팅업,2019-10-14,12월
에퀴노르코리아 주식회사,"Equinor Korea Co., Ltd.",에퀴노르코리아, ,MICHEL JACQUES ETIENNE GILLES EMMANUEL,기타법인,110111-5439165,104-86-55698,"부산광역시 해운대구 센텀중앙로 79 16층 1601호 (우동, 센텀사이언스파크)", ,,"그 외 기타 분류 안된 전문, 과학 및 기술 서비스업",2014-06-13,12월
에포케주식회사,"EPOCHE co., ltd.",에포케, ,이현수,기타법인,110111-5998111,887-86-00298,"서울특별시 강남구 테헤란로 420 (대치동, KT선릉타워West) 17층",-,,경영 컨설팅업,2016-03-11,12월
주식회사 에프넷,"F-net co., ltd ",에프넷, ,정성원,기타법인,285011-0179429,128-86-50933,"경기도 군포시 엘에스로 175 (산본동, 에스에이타워703호)", ,,경영 컨설팅업,2010-07-01,06월
(주)에프브이씨,"FVC Co., Ltd.",에프브이씨, ,김재훈,기타법인,131111-0500156,455-81-00965,"경기도 용인시 기흥구 중부대로 184 (영덕동, 힉스유타워) A동 2404호", ,,"그 외 기타 전문, 과학 및 기술 서비스업",2017-11-23,12월
(주)에프솔루션,F-Solutions,에프솔루션, ,채수강,기타법인,110111-2588767,220-86-45361,"서울특별시 강남구 영동대로122길 15 3층 (삼성동, 시공간빌딩)", ,,경영 컨설팅업,2002-08-23,12월
에프씨비파미셀주식회사,FCB Pharmicell,에프씨비파미셀, ,김현수,기타법인,110111-2827389,211-87-36297,경기도 성남시 중원구 상대원동 513-14 시콕스타워 920,http://www.futurecellbank.co.kr/,,의학 및 약학 연구개발업,2003-07-23,12월
에프씨비한인주식회사,FCB Hahnin Inc.,에프씨비한인, ,조관성,기타법인,110111-0656764,116-81-35725,서울특별시 강남구 역삼동 큰길타워 10층, ,,광고 대행업,1989-11-01,12월
(주)에프아이에이치티케이,FIH Technology Korea Ltd.,에프아이에이치티케이, ,오병구,기타법인,110111-3464445,211-87-82277,서울특별시 금천구 가산동 459-11 제이플라츠 6층, ,,전기ㆍ전자공학 연구개발업,2006-05-24,12월
(주)에프앤디파트너,F&D Partner,에프앤디파트너, ,유재용,기타법인,110111-3392943,114-86-49460,서울특별시 서초구 서초3동 1459-2 와라빌딩,www.wara-wara.co.kr/html/00_main/main_index.asp,,경영 컨설팅업,2006-02-03,12월
(주)에프앤앰,FNMC,에프앤앰, ,구명준,기타법인,134811-0443284,606-88-00811,"서울특별시 송파구 법원로9길 26 씨동318호-알391(문정동, 에이치비지니스파크)",-,,경영 컨설팅업,2018-03-10,12월
유한회사 에프앤티,F&T,에프앤티, ,강대균,기타법인,110114-0098407,220-88-13204,서울특별시 강남구 논현로 513 예지빌딩 509호 (역삼동), ,,회사 본부 및 경영 컨설팅 서비스업,2011-02-18,12월
주식회사 에프엔파트너스,FN PARTNERS,에프엔파트너스, ,나형균,기타법인,110111-3633264,220-87-44622,서울특별시 강남구 역삼동 746 피엠케이빌딩 3층,-,,경영 컨설팅업,2007-03-08,12월
주식회사 에프엠씨네트워크,"FMC NETWORK Co.,Ltd",에프엠씨네트워크, ,이정환,기타법인,110111-1925043,220-81-82696,서울특별시 광진구 구의동 215-1 선진빌딩 3층,www.loancapital.co.kr,,경영 컨설팅업,2000-03-30,12월
주식회사 에프콧한남에스피씨,"Epcot Hannam Co.,Ltd.",에프콧한남에스피씨, ,홍지협,기타법인,134511-0626787,240-87-02820,"경기도 용인시 기흥구 동백중앙로 191 (중동, 씨티프라자)", ,,경영 컨설팅업,2023-03-27,12월
(주)에피바이오텍,"Epi Biotech Co., Ltd.",에피바이오텍,446440,성종혁,코넥스시장,120111-0795817,785-87-00266,"인천광역시 연수구 송도과학로 32 엠동 1903호(송도동, 송도테크노파크아이티센터)",epibiotech.com/,,의학 및 약학 연구개발업,2015-12-23,12월
에피스넥스랩 주식회사,Epis NexLab,에피스넥스랩, ,홍성원,기타법인,120111-0149652,835-81-03421,"인천광역시 연수구 송도교육로 76 2층(송도동, 삼성바이오에피스)", ,,의학 및 약학 연구개발업,2025-11-11,12월
주식회사 에피폴라,-,에피폴라, ,김기태,기타법인,131111-0419472,417-81-50861,"경기도 성남시 분당구 판교로 253 (삼평동, 판교이노밸리) 에이동 3층", ,,연구개발업,2015-12-16,12월
주식회사 엑셀시어파트너스,Excelsior Partners,엑셀시어파트너스, ,김대균,기타법인,110111-7791852,158-87-02216,"서울특별시 영등포구 국제금융로8길 25 6층 A612호(여의도동, 주택건설회관빌딩)", ,,경영 컨설팅업,2021-02-19,12월
주식회사 엑셀인베스트먼트,"Excel Investment Co., Ltd.",엑셀인베스트먼트, ,임완,기타법인,110111-6305563,694-86-00721,서울특별시 서초구 동광로46길 6-8 (반포동), ,,경영 컨설팅업,2017-02-02,12월
(주)엑소스템텍,Exostemtech,엑소스템텍, ,조용우,기타법인,131411-0362394,248-86-00377,"경기도 안산시 상록구 한양대학로 55 (사동, 한양대학교) 창업보육센터 216호",www.exostemtech.co.kr,,"물리, 화학 및 생물학 연구개발업",2016-03-08,12월
(주)엑스오비스,"XORBIS Co., Ltd.",엑스오비스, ,김용민,기타법인,110111-1910929,220-81-80849,"서울특별시 강남구 테헤란로38길 10 (역삼동, IS빌딩) 10층", ,,전문 디자인업,2000-03-18,12월
주식회사 엑스트,"Axt Co., Ltd.",엑스트, ,송은동,기타법인,110111-1677991,118-81-20359,경기도 화성시 반월동 348-9, ,,공인회계사업,1999-04-09,03월
(주)엑스티라이프스타일즈,XT Life Styles,엑스티라이프스타일즈, ,"김흥기, 이상민",기타법인,110111-1440306,120-81-74969,서울특별시 강남구 청담동 93-8, ,,경영 컨설팅업,1998-01-09,12월
주식회사 엑스퍼트컨설팅,EXPERT CONSULTING,엑스퍼트컨설팅, ,김정문,기타법인,110111-1044760,116-81-48332,"서울특별시 송파구 중대로 121 (가락동, 송파롯데캐슬파인힐) 2층",https://www.exc.co.kr,,"기타 전문, 과학 및 기술 서비스업",1994-06-09,12월
엑스피니티코리아 주식회사,Xfiniti Korea,엑스피니티코리아, ,염동훈,기타법인,110111-1952517,220-81-86125,서울특별시 강남구 역삼동 680-1 건우빌딩 2층,http://www.xfiniti.com,,경영 컨설팅업,2000-04-26,12월
엑시나 주식회사 (XCENA Inc.),XCENA Inc.,엑시나(XCENAInc.), ,김진영,기타법인,131111-0657311,710-81-02837,"경기도 성남시 분당구 판교역로241번길 20 (삼평동, 미래에셋벤처타워) 8층",www.xcena.com,,"그 외 기타 분류 안된 전문, 과학 및 기술 서비스업",2022-01-03,12월
주식회사 엑시옴파트너스,"Sachem Value Asia Partners Co., Ltd",엑시옴파트너스, ,강민수,기타법인,110111-6292471,846-81-00690,"서울특별시 강남구 강남대로156길 12 4층(신사동, 다복빌딩)", ,,경영 컨설팅업,2017-01-17,12월
주식회사 엔더블유투자파트너스,NW Investment Parters,엔더블유투자파트너스, ,위영수,기타법인,110111-7419149,150-86-01730,서울특별시 강남구 봉은사로 129-1 7층 702-CS05호 (논현동), ,,경영 컨설팅업,2020-03-09,12월
엔데버주식회사,Endeavor Inc.,엔데버, ,정헌,기타법인,110111-2023870,104-81-55067,경상남도 의령군 가례면 가례로 747-37 (개승리), ,,경영 컨설팅업,2000-07-12,09월
주식회사 엔딕,"NDIC Co., Ltd.",엔딕, ,임택주,기타법인,134211-0148183,126-86-73871,"경기도 화성시 동탄기흥로 560 (영천동) 동익미라벨타워 3층,4층", ,,의학 및 약학 연구개발업,2014-02-05,12월
주식회사 엔마트,NMART Corp.,엔마트, ,임종빈,기타법인,211111-0071332,875-87-02344,경기도 오산시 오산로 28 (갈곶동), ,,기타 전문 서비스업,2022-01-26,12월
주식회사 엔메디컬홀딩스,nowon 24hours Animal Medical Center,엔메디컬홀딩스, ,한재웅,기타법인,110111-5180263,217-81-41928,"서울특별시 노원구 노원로 408 (상계동, (주)노원24시동물의료센터)", ,,수의업,2013-07-11,12월
(주)엔미디어,"N-MEDIA Co.,Ltd.",엔미디어, ,장우진,기타법인,110111-2910077,106-86-24361,"서울특별시 서초구 반포대로20길 36 (서초동, 화성빌딩 2층)",www.oohmedia.co.kr,,옥외 광고업,2003-12-05,12월
엔브이에이치원방테크(주),NVH WONBANG TECH INC.,엔브이에이치원방테크, ,구자겸,기타법인,284411-0100146,303-87-00986,경기도 포천시 화합로 169-32 (동교동), ,,경영 컨설팅업,2018-05-11,12월
(주)엔비티,NBT INC.,엔비티,236810,박수근,코스닥시장,110111-4962042,211-88-83652,서울특별시 강남구 논현로145길 31 -,nbt.com/,,광고 대행업,2012-09-17,12월
주식회사 엔비피헬스케어,"NAVIPHARM CO., LTD.",엔비피헬스케어, ,이창규,기타법인,135111-0088025,123-86-13122,경기도 수원시 장안구 장안로448번길 5 (이목동),navipharm.co.kr,,의학 및 약학 연구개발업,2008-01-30,12월
엔비홀딩스 주식회사,"NB Holdings Co., Ltd",엔비홀딩스, ,박미희,기타법인,110111-8327979,296-86-02831,"서울특별시 영등포구 국제금융로 10 (여의도동, 서울국제금융센터) 3IFC 16층", ,,경영 컨설팅업,2022-06-10,12월
(주)엔솔바이오사이언스,Ensol Biosciences Inc.,엔솔바이오사이언스,140610,김해진,코넥스시장,160111-0112716,314-81-39908,대전광역시 유성구 테크노10로 51(탑립동),www.ensolbio.co.kr,,의학 및 약학 연구개발업,2001-02-20,12월
(주)엔씨에이치엔터테인먼트,nCH Entertainment,엔씨에이치엔터테인먼트, ,"정창환, 장현진",기타법인,110111-6316007,791-88-00797,"서울특별시 강남구 논현로153길 53 4층(신사동, 제이엔디스튜디오)",nchworld.com,,매니저업,2017-02-13,12월
주식회사 엔씨티,"NCT Co.,Ltd",엔씨티, ,서주억,기타법인,134511-0245404,142-81-79023,경기도 화성시 금곡로 211-71 (금곡동),www.nct.re.kr,,"기타 기술 시험, 검사 및 분석업",2014-10-28,12월
주식회사 엔아이글로벌,"NI Global Co., Ltd.",엔아이글로벌, ,HAN JUNG SU,기타법인,110111-7271961,228-81-05048,"서울특별시 강남구 선릉로 555 (역삼동, 선릉빌딩) 506호", ,,광고 대행업,2019-10-30,12월
엔에스워크 주식회사,NS work Inc,엔에스워크, ,권병두,기타법인,134511-0305430,288-81-00652,"경기도 용인시 기흥구 강남로 9 503-330호 (구갈동, 태평양프라자)", ,,경영 컨설팅업,2022-02-01,12월
주식회사 엔에스케이홀딩스,NSK Holdings,엔에스케이홀딩스, ,전용범,기타법인,134111-0470843,687-86-00650,"경기도 군포시 엘에스로 172 2층 304-3호(금정동, 한림휴먼타워)", ,,경영 컨설팅업,2017-06-19,12월
주식회사 엔에이치디홀딩스,"NHD HOLDINGS CO., LTD.",엔에이치디홀딩스, ,조동형,기타법인,110111-3135046,120-86-76021,서울특별시 강남구 논현동 70-6 트리스빌딩 8층, ,,경영 컨설팅업,2004-12-22,12월
주식회사 엔에이치알,NHR,엔에이치알, ,김종원,기타법인,110111-6972437,161-86-01410,"서울특별시 강서구 까치산로 23 (화곡동, NHR타워)",www.nhr.kr,,기타 전문 서비스업,2019-01-02,12월
엔에이치엔애드 주식회사,NHN AD Corporation,엔에이치엔애드, ,심도섭,기타법인,131111-0380475,144-81-27690,"경기도 성남시 분당구 대왕판교로645번길 16 (삼평동, NHN), 5층",www.nhnad.co.kr,,광고 대행업,2014-07-04,12월
엔에이치엔인베스트먼트파트너스(주),NHN Investment Partners,엔에이치엔인베스트먼트파트너스, ,차동하,기타법인,110111-6190138,641-88-00487,서울특별시 강남구 영동대로 416 (대치동) KT&G타워 7층, ,,경영 컨설팅업,2016-10-04,12월
엔에이치캐슬주식회사,"NH Castle Co., Ltd.",엔에이치캐슬, ,박주연,기타법인,110111-8953732,753-81-03134,"서울특별시 중구 통일로 120 (충정로1가, 농협중앙회중앙본부신관)", ,,"그 외 기타 분류 안된 전문, 과학 및 기술 서비스업",2024-05-22,12월
주식회사 엔엑스브이피,NXVP,엔엑스브이피, ,박성훈,기타법인,110111-9159090,377-87-03382,"서울특별시 강남구 도산대로 313 (신사동, 313빌딩) 4층", ,,경영 컨설팅업,2025-01-15,12월
(주)엔엑스씨,NXC Corporation,엔엑스씨, ,이재교,기타법인,110111-0666838,120-81-61881,제주특별자치도 제주시 은수길 17 (연동),https://www.nxc.com,,경영 컨설팅 및 공공 관계 서비스업,1989-12-29,12월
(주)엔이오정보통신,"neoinfomation..co.,ltd",엔이오정보통신, ,박관규,기타법인,160111-0075831,306-81-33335,대전광역시 서구 변동 62-6 삼정빌딩 602호,neoinfotel.co.kr,,"그 외 기타 분류 안된 전문, 과학 및 기술 서비스업",1998-11-01,12월
주식회사 엔제이에스,"NJS. Co., Ltd.",엔제이에스, ,황재승,기타법인,134111-0437380,895-86-00284,"경기도 안양시 동안구 부림로 171 (관양동, 평촌라츠오피스텔) 72호", ,,경영 컨설팅업,2016-04-14,12월
주식회사 엔젠바이오,"NGeneBio Co., Ltd.",엔젠바이오,354200,김민식,코스닥시장,110111-5877480,435-88-00238,"서울특별시 구로구 디지털로 288 303호. 304호. 305호. 306호. 307호. 제지1층 제비 127호, 제지1층 제비 1",ngenebio.com,,"그 외 기타 전문, 과학 및 기술 서비스업",2015-10-30,12월
주식회사 엔지더블유,NZW Inc.,엔지더블유, ,김형기,기타법인,110111-7017175,296-87-01367,"서울특별시 서대문구 이화여대1길 10 (대현동, 예스에이피엠) 8층", ,,의학 및 약학 연구개발업,2019-02-18,12월
주식회사 엔지알홀딩스,NGR holdings,엔지알홀딩스, ,장종원,기타법인,110111-1890444,211-86-92894,서울특별시 광진구 광장동 457-1 3층, ,,경영 컨설팅업,2000-02-25,12월
주식회사 엔지케이파트너즈,NGK.partners,엔지케이파트너즈, ,최용건,기타법인,110111-5663813,389-86-00038,"서울특별시 강남구 선릉로 577 4층 4046호(역삼동, POSTOWER)", ,,경영 컨설팅업,2015-03-12,12월
(주)엔케이씨엘바이오그룹,NKCL Bio Group Inc.,엔케이씨엘바이오그룹, ,신동,기타법인,110111-7292587,775-86-01451,"경기도 화성시 동탄첨단산업1로 51-9 14층 1402, 1408~1414호(영천동, 동탄엠타워)",nkclbio.com,,의학 및 약학 연구개발업,2019-11-14,12월
주식회사 엔켐모빌리티,"ENCHEM MOBILITY Co.,Ltd.",엔켐모빌리티, ,이승규,기타법인,110111-8225462,753-81-02377,서울특별시 강남구 영동대로 725 (청담동) 펜타리움, ,,경영 컨설팅업,2022-03-10,12월
(주)엔텔리아,ntelia,엔텔리아, ,소동석,기타법인,134111-0113972,123-81-94590,경기도 안양시 동안구 시민대로 401 대륭테크노타운15차 1012호 (관양동),www.ntelia.com,,자연과학 및 공학 연구개발업,2003-12-22,12월
(주)엔톰애드,"NTOM AD Co., Ltd.",엔톰애드, ,이동재,기타법인,110111-3616525,220-87-43910,서울특별시 강남구 역삼1동 824 ~825,www.ntomad.co.kr,,광고업,2007-02-07,12월
(주) 엔트리연구원,"NTREE Co.,Ltd.",엔트리연구원, ,김홍수,기타법인,134111-0138441,138-81-32811,"경기도 수원시 장안구 파장천로44번길 30 (파장동, 유로빌딩)",www.ntree.or.kr,,기타 엔지니어링 서비스업,2006-02-24,12월
(주)엔티씨,New Taepyung Construction,엔티씨, ,하원철,기타법인,120111-0102400,131-81-77082,인천광역시 남동구 구월동 1154-4, ,,공인회계사업,1994-10-10,12월
유한회사 엔티아이,"NTI, L.L.C.",엔티아이, ,유준형,기타법인,110114-0086155,220-87-88649,"서울특별시 강남구 테헤란로 152 (역삼동, 강남파이낸스센터) 25층", ,,경영 컨설팅업,2009-10-06,12월
(주)엔티에스,NTS CORPORATION,엔티에스, ,최정우,기타법인,110111-4825258,117-81-79556,"서울특별시 양천구 목동동로 293 (목동, 현대41타워) 1701호", ,,기타 엔지니어링 서비스업,2012-03-27,12월
주식회사엔티엔인터내셔널,"NTN INTERNATIONAL Co.,Ltd",엔티엔인터내셔널, ,박현우,기타법인,281111-0098605,128-86-05307,"서울특별시 마포구 마포대로 38 (도화동, 일신빌딩) 10층 5호",없슴,,경영 컨설팅업,2005-07-15,12월
(주)엔파인,nPine Inc.,엔파인, ,이병진,기타법인,110111-1411109,208-81-23945,경기도 성남시 분당구 판교역로 240 (삼평동) 삼환하이펙스 A동 405호,www.npine.com,,시각 디자인업,1997-05-07,12월
주식회사 엔포인트인베스트먼트,Enpointinvestment inc.,엔포인트인베스트먼트, ,조상희,기타법인,110111-6418928,116-88-00716,"서울특별시 강남구 봉은사로 462 (삼성동, 세림타워) 12층", ,,경영 컨설팅업,2017-06-02,12월
엔플랫폼(주),"nPlatform, Inc.",엔플랫폼, ,마상준,기타법인,110111-1896765,220-81-79755,서울특별시 종로구 세종로 광화문빌딩 10층,www.enplatform.com,,경영 컨설팅업,2000-03-06,12월
(주)엔피씨,npc,엔피씨, ,김영남,기타법인,160111-0130966,314-81-47524,대전광역시 유성구 장동 23-14 중소기업지원센타 404, ,,의학 및 약학 연구개발업,2002-01-15,12월
주식회사 엘153인베스트먼트,L153 Investment,엘153인베스트먼트, ,민현일,기타법인,110111-6445228,468-88-00733,"서울특별시 성동구 성수이로 89 9층(성수동2가, MG빌딩)", ,,경영 컨설팅업,2017-07-04,12월
주식회사 엘드,-,엘드, ,이민휘,기타법인,210111-0024431,402-81-28256,전라북도 전주시 완산구 중화산동2가 624-15,-,,공인회계사업,1999-08-06,12월
(주)엘디미디어플러스,LDMEDIAPLUS,엘디미디어플러스, ,박명애,기타법인,110111-5521285,217-81-46433,"서울특별시 노원구 동일로197길 21 5층 (공릉동, 우성빌딩)", ,,"광고물 문안, 도안, 설계 등 작성업",2014-09-25,12월
주식회사 엘디케이에쿼티,"LDK EQUITY Co., Ltd.",엘디케이에쿼티, ,김도영,기타법인,160111-0485197,860-86-01012,"대전광역시 서구 대덕대로 244 805호(둔산동, 건국타워)", ,,경영 컨설팅업,2018-05-28,12월
유한회사 엘디크레스코리아,LD CRES KOREA Ltd.,엘디크레스코리아, ,Lloyd Yeonsu Lee,기타법인,284914-0003831,248-86-01551,경기도 파주시 직지길 302 (문발동), ,,경영 컨설팅업,2020-02-03,12월
주식회사 엘리노어앤케이,Eleanor&K Inc.,엘리노어앤케이, ,김지수,기타법인,110111-8446191,864-88-02716,"서울특별시 강남구 강남대로156길 12 4층 디53호(신사동, 다복빌딩)", ,,경영 컨설팅 및 공공 관계 서비스업,2022-10-14,12월
(주)엘리드,ELLEAD,엘리드, ,변경수,기타법인,131111-0057686,129-81-39988,"경기도 성남시 분당구 황새울로 325 (서현동, 서현하우비8층)",www.ellead.com,,"기타 기술 시험, 검사 및 분석업",2001-02-15,12월
유한회사 엘리시움,Elysium.ltd.,엘리시움, ,신원호,기타법인,134514-0005315,417-86-00838,"경기도 용인시 기흥구 동백4로 6 801호(중동, 아이브타운)", ,,경영 컨설팅업,2017-08-02,12월
주식회사 엘리시움,ELYSIUM,엘리시움, ,신원호,기타법인,110111-6246478,240-81-00591,"서울특별시 강남구 논현로10길 28 4층(개포동, 연희빌딩)", ,,경영 컨설팅업,2016-12-05,12월
주식회사 엘리시젠,Elisigen Inc.,엘리시젠, ,김종묵,기타법인,110111-6750867,618-81-35293,"서울특별시 성북구 안암로 145 (안암동5가, 고려대학교안암캠퍼스) 산학관 402-2호",www.elisigen.com,,"물리, 화학 및 생물학 연구개발업",2018-05-04,12월
엘리오앤컴퍼니(주),Elio&Comapny,엘리오앤컴퍼니, ,박개성,기타법인,110111-2098104,211-86-67906,서울특별시 강남구 언주로103길 7 (역삼동),www.elio.co.kr,,경영 컨설팅업,2000-10-26,12월
(주)엘리파트너스,"ELI PARTNERS, Inc.",엘리파트너스, ,이종찬,기타법인,110111-3111989,117-81-52260,서울특별시 양천구 목동 917-9 현대41타워 3601, ,,경영 컨설팅업,2004-11-01,12월
(주)엘베스트,LBEST,엘베스트, ,정성수,기타법인,110111-3806267,211-88-06451,서울특별시 서초구 반포대로 235 반포효성빌딩 16층, ,,광고 대행업,2007-12-17,12월
주식회사 엘씨,-,엘씨, ,양동호,기타법인,200111-0159511,410-81-73918,광주광역시 광산구 첨단중앙로 96 (월계동) LC타워 303호,-,,공인회계사업,2002-07-15,12월
주식회사 엘씨바이오,LC Bio Inc.,엘씨바이오, ,신유철,기타법인,161511-0266241,271-86-01532,충청남도 천안시 서북구 신당새터2길 15 (신당동), ,,경영 컨설팅업,2020-02-17,12월
주식회사 엘아이,"LI Co.,Ltd",엘아이, ,노종구,기타법인,110111-5922699,650-81-00293,"서울특별시 강남구 테헤란로70길 14-6 비동 3층 (대치동, 세왕종합상사빌딩)", ,,경영 컨설팅업,2015-12-18,12월
엘아이지엔설팅주식회사,"LIG Ensulting Co.,Ltd",엘아이지엔설팅, ,최승기,기타법인,110111-2566531,105-86-42143,서울특별시 강남구 역삼동 825-22 미림빌딩 3층, ,,기타 엔지니어링 서비스업,2002-07-23,12월
(주)엘앤브이프라이빗에쿼티,L&V PRIVATE EQUITY,엘앤브이프라이빗에쿼티, ,진경미,기타법인,110111-5825736,103-87-00125,서울특별시 영등포구 국제금융로 20 3층 387호(여의도동), ,,사업 및 무형 재산권 중개업,2015-09-01,12월
(주)엘앤브이프라이빗에쿼티홀딩스,L&V PRIVATE EQUITY HOLDINGS,엘앤브이프라이빗에쿼티홀딩스, ,김태훈,기타법인,110111-5448794,220-88-82303,"서울특별시 강남구 테헤란로25길 6-9 (역삼동, 석암빌딩)419호", ,,경영 컨설팅업,2014-06-26,12월
엘앤에이홀딩스 주식회사,L&A HOLDINDS INC.,엘앤에이홀딩스, ,박선후,기타법인,110111-6714946,429-88-00873,"서울특별시 강남구 영동대로 511 (삼성동, 트레이드타워) 3401호", ,,경영 컨설팅업,2018-04-11,12월
(주)엘앤엘파트너스,"L&L Partners Co., Ltd.",엘앤엘파트너스, ,이준민,기타법인,110111-7434973,705-88-01567,서울특별시 영등포구 여의대방로 417 (여의도동) 대교에이상가 1층 125호, ,,경영 컨설팅업,2020-03-26,12월
주식회사 엘앤와이코퍼레이션,"L&Y CORPORATION Co., Ltd.",엘앤와이코퍼레이션, ,이병열,기타법인,110111-8199782,216-81-19272,서울특별시 강남구 학동로 209 (논현동) 가동 203호, ,,경영 컨설팅업,2022-03-01,12월
주식회사 엘앤케이,L&K,엘앤케이, ,이경상,기타법인,110111-5690965,876-86-00041,"서울특별시 강남구 강남대로 508 (논현동, 영동월드빌딩)", ,,경영 컨설팅업,2015-04-08,12월
주식회사 엘에스와이코리아,LSY KOREA,엘에스와이코리아, ,양정빈,기타법인,110111-5517565,264-81-42530,"서울특별시 서초구 반포대로28길 28 3층 (서초동, 초석빌딩)",,,광고 대행업,2014-09-19,03월
주식회사 엘에스이노베이션,LS INNOVATION,엘에스이노베이션, ,심상미,기타법인,110111-6294419,789-87-00647,서울특별시 강서구 공항대로 242 901호, ,,광고 대행업,2017-01-18,12월
(주)엘에스케이글로벌파마서비스,"LSK Global Pharma Services Co., Ltd.",엘에스케이글로벌파마서비스, ,이영작,기타법인,110111-2340646,211-87-01667,"서울특별시 중구 퇴계로 97 (충무로1가, 고려대연각센터타워16층)",lskglobal.com,,의학 및 약학 연구개발업,2001-10-01,12월
주식회사 엘에스테크,"LS TEC CO.,LTD.",엘에스테크, ,김봉호,기타법인,131111-0260239,129-86-48857,경기도 평택시 진위면 마산9로 9 (마산리),www.lstec.co.kr,,제조업 회사 본부,2010-07-20,12월
엘에이치큐 주식회사,LHQ,엘에이치큐, ,박선,기타법인,110111-7603726,763-88-01831,"서울특별시 서초구 강남대로53길 8 (서초동, 스타크강남빌딩)5층 3-5호", ,,경영 컨설팅업,2020-08-28,12월
주식회사 엘엑스엠디아이,LX Management Development Institute Corp.,엘엑스엠디아이, ,"서동현, 구형모",기타법인,110111-8490932,625-87-02526,"서울특별시 종로구 새문안로 58 (신문로2가, LG광화문빌딩)", ,,경영 컨설팅업,2022-12-01,12월
(주)엘엠케이파트너스,"LMK Partners CO.,LTD",엘엠케이파트너스, ,이홍헌,기타법인,110111-5974153,690-88-00330,"서울특별시 강남구 학동로 338 (논현동, 강남파라곤) B동 1104호", ,,경영 컨설팅업,2016-02-16,12월
(주)엘와이케이기술투자,"LYK Technology Investment Co.,Ltd ",엘와이케이기술투자, ,이현규,기타법인,110111-3527516,120-87-05824,서울특별시 강남구 대치동 889-13 금강타워 201, ,,경영 컨설팅업,2006-09-18,12월
(주) 엘제이 (LJ) 인베스트먼트,LJ INVESTMENT,엘제이(LJ)인베스트먼트, ,이장수,기타법인,110111-5133006,107-87-93908,"서울특별시 영등포구 국제금융로2길 37 (여의도동, S-TRENUE) 3003호", ,,경영 컨설팅업,2013-05-15,12월
엘지도요엔지니어링 주식회사,"LG-TOYO Engineering Co.,Ltd",엘지도요엔지니어링, ,손정선,기타법인,110111-4432459,104-86-30528,"서울특별시 종로구 새문안로 58 (신문로2가, LG광화문빌딩)", ,,엔지니어링 서비스업,2010-09-10,12월
엘지퓨얼셀시스템즈코리아 주식회사,LG Fuel Cell Systems Korea Inc.,엘지퓨얼셀시스템즈코리아, ,정대화,기타법인,110111-4922070,264-81-00753,경기도 평택시 진위면 엘지로 222 P4동, ,,전기ㆍ전자공학 연구개발업,2012-07-20,12월
주식회사엘컴즈,LCOMS,엘컴즈, ,LEE EUN SOON,기타법인,121111-0166546,130-86-31958,경기도 김포시 검단로 910 (감정동), ,,광고 대행업,2008-01-07,12월
주식회사 엘케이,LK Corp.,엘케이, ,구본욱,기타법인,110111-6073102,765-88-00411,"서울특별시 영등포구 여의공원로 101 (여의도동, C.C.M.M빌딩), 409호", ,,경영 컨설팅업,2016-05-26,12월
주식회사 엘케이비스타,"LK VISTA Co. Ltd.,",엘케이비스타, ,이현조,기타법인,110111-4406917,120-87-57846,"서울특별시 강남구 도산대로 427 (청담동, 파모소빌딩) M층", ,,경영 컨설팅업,2017-01-02,12월
엘케이엠에스리미티드 (주),LKMS Limited,엘케이엠에스리미티드, ,김영웅,기타법인,110111-5298743,104-86-53157,"서울특별시 영등포구 국제금융로 10 (여의도동, 서울국제금융센터) 투아이에프씨 22층", ,,경영 컨설팅업,2013-12-23,12월
주식회사 엘케이파트너즈,LK PARTNERS CORPORATON ,엘케이파트너즈, ,김언희,기타법인,134511-0507036,707-88-02204,"경기도 용인시 수지구 죽전로 146 202호 (죽전동, 보람프라자)", ,,경영 컨설팅업,2021-04-06,12월
엘큐브파트너스(주),LCUBE PARTNERS,엘큐브파트너스, ,이상윤,기타법인,110111-8426531,748-87-02760,서울특별시 강남구 논현로157길 15 (신사동) 306호, ,,경영 컨설팅업,2022-10-01,12월
엘티메트릭 주식회사,LTMETRIC,엘티메트릭, ,강인구,기타법인,210111-0043001,402-81-58274,"전라북도 전주시 덕진구 견훤로 209 2층(인후동1가, 엘티메트릭)", ,,"건축기술, 엔지니어링 및 기타 과학기술 서비스업",2004-03-10,12월
(주)엘피바이오,"LPBIO Co.,Ltd.",엘피바이오, ,최수경,기타법인,110111-1656341,214-86-30029,서울특별시 강남구 도곡동 467-18 우성캐릭터빌 404, ,,경영 컨설팅업,1999-02-27,12월
(주)엘피스파트너스,LPS PARTNERS,엘피스파트너스, ,장홍기,기타법인,110111-5839836,433-88-00251,"서울특별시 강남구 봉은사로 326 (역삼동, 남전빌딩)",-,,사업 및 무형 재산권 중개업,2015-09-17,12월
엠더블유앤컴퍼니주식회사,"MW&Company Co.,Ltd",엠더블유앤컴퍼니, ,박창원,기타법인,110111-7939246,488-86-02143,"서울특별시 강남구 도산대로 318 (논현동, SB타워) 9층",www.mwcompany.co.kr/,,경영 컨설팅업,2021-06-29,12월
(주)엠디뮨,MDimune Inc.,엠디뮨, ,배신규,기타법인,110111-5706944,702-86-00056,"서울특별시 성동구 아차산로 49 10층 1001,1002,1003,1005호(성수동1가, 서울숲코오롱디지털타워Ⅲ)",www.mdimune.com,,의학 및 약학 연구개발업,2015-04-24,12월
주식회사 엠디비젼,MDVISION,엠디비젼, ,이상훈,기타법인,110111-4406769,120-87-59086,"서울특별시 강남구 선릉로 614-1 (삼성동, 삼성동나라빌딩)", ,,"광고물 문안, 도안, 설계 등 작성업",2010-08-04,12월
주식회사엠디애드,"mdad co.,ltd.",엠디애드, ,최원탁,기타법인,110111-5833002,526-81-00141,서울특별시 강남구 테헤란로83길 11 (삼성동) 1101호 아셈빌라텔, ,,"광고물 문안, 도안, 설계 등 작성업",2015-09-09,12월
엠디에이2호 주식회사,MDA2,엠디에이2호, ,김진수,기타법인,124411-0311788,895-88-02286,경기도 김포시 통진읍 김포대로2385번길 111 (옹정리), ,,경영 컨설팅업,2021-10-25,12월
엠디에이3호 주식회사,MDA3,엠디에이3호, ,김진수,기타법인,124411-0311796,421-88-02241,경기도 김포시 통진읍 김포대로2385번길 111 (옹정리), ,,경영 컨설팅업,2021-10-25,12월
엠디헬스케어,MD healthcare,엠디헬스케어, ,김윤근,기타법인,110111-5532167,117-81-90115,"서울특별시 마포구 월드컵북로56길 9 (상암동, (주)우리기술사옥) 1303호",www.mdhc.kr,,"물리, 화학 및 생물학 연구개발업",2014-10-07,12월
엠마우스생명과학,Emmaus Life Sciences Inc.(USA),엠마우스생명과학, ,Yutaka Niihara,기타법인, ,42876,"21250 Hawthorne Blvd. Suite 800 Torrance, CA 90503",www.emmauslifesciences.com,,의학 및 약학 연구개발업,2011-09-14,12월
(주)마크로밀엠브레인,"Macromill Embrain Co., Ltd.",엠브레인,169330,최인수,코스닥시장,110111-1670234,105-81-98720,서울특별시 서초구 명달로 9 -,embrain.com/,,시장조사 및 여론조사업,1998-10-12,06월
주식회사 엠비엔미디어렙,MBN MEDIA REP,엠비엔미디어렙, ,황의준,기타법인,110111-5565100,201-86-43339,"서울특별시 중구 퇴계로 190 (필동1가, 매경미디어센터)", ,,광고 대행업,2014-11-14,12월
(주)엠비케이엔터테인먼트,MBK Entertainment,엠비케이엔터테인먼트, ,김태경,기타법인,110111-5469691,220-88-84086,"서울특별시 강남구 봉은사로51길 19 (논현동, 스타빌딩) 1층",www.mbk-ent.com,,매니저업,2014-07-17,12월
엠비케이파트너스스페셜시튜에이션스 주식회사,MBKSSL,엠비케이파트너스스페셜시튜에이션스, ,부재훈,기타법인,110111-6796126,385-81-01234,"서울특별시 종로구 종로3길 17 21층 (청진동, D타워)", ,,사업 및 무형 재산권 중개업,2018-06-28,12월
주식회사 엠스텍,MSTech,엠스텍, ,황경석,기타법인,110111-4872803,119-86-56476,"서울특별시 금천구 벚꽃로 278 (가산동, SJ테크노빌) 812호",www.mstech-one.com/,,기타 자연과학 연구개발업,2012-06-01,12월
엠스토리컴퍼니(주),M Story Company Inc.,엠스토리컴퍼니, ,신재명,기타법인,110111-5906510,267-81-00223,서울특별시 강남구 영동대로57길 14 1층(대치동), ,,"광고물 문안, 도안, 설계 등 작성업",2015-12-02,12월
(주)엠아이케이,MIK,엠아이케이, ,이만중,기타법인,151111-0033046,303-81-51881,충청북도 충주시 문화동 697, ,,기타 산업 회사 본부,2008-07-14,12월
엠알홀딩스 주식회사,"MR Holdings Co.,Ltd",엠알홀딩스, ,임혁,기타법인,195511-0122196,615-81-73148,"부산광역시 해운대구 센텀1로 28 102-2802 (우동, 더블유비씨더팔레스)", ,,경영 컨설팅업,2009-11-13,12월
주식회사 엠앤제이인베스트먼트,MNJ INVESTMENT,엠앤제이인베스트먼트, ,최금옥,기타법인,110111-6054029,212-87-00337,"서울특별시 영등포구 여의동로 143 (여의도동, 대우트럼프월드) 에이동 211호",해당사항 없음,,경영 컨설팅업,2016-05-09,12월
엠앤케이홀딩스 주식회사,M&K HOLDINGS INC.,엠앤케이홀딩스, ,민원국,기타법인,110111-4637009,105-87-59923,"서울특별시 서초구 서초대로25길 67 3층(방배동, 기산빌딩)", ,,"기타 전문, 과학 및 기술 서비스업",2011-07-04,12월
엠얼라이언스 주식회사,"M Alliance Inc.,Korea",엠얼라이언스, ,김성중,기타법인,110111-0660963,208-81-11003,서울특별시 강남구 봉은사로2길 31 (역삼동) 7층,mccann.co.kr,,광고 대행업,1989-11-28,12월
엠에스리 주식회사,"MSLee Co.,Ltd.",엠에스리, ,이말실,기타법인,110111-6898899,330-81-01291,"서울특별시 강남구 테헤란로 152 (역삼동, 강남파이낸스센터),41층", ,,경영 컨설팅업,2018-10-17,06월
엠에스센타(주),M.S CENTER CORP.,엠에스센타, ,임채윤,기타법인,230111-0093961,610-81-64872,울산광역시 울주군 삼남읍 연봉상천길 9 (상천리), ,,제조업 회사 본부,2003-03-10,12월
엠에스엔케이엔터테인먼트유한책임회사,MSNK ENTERTAINMENT LLC.,엠에스엔케이엔터테인먼트, ,나의정,기타법인,180115-0001446,230-86-02791,부산광역시 해운대구 재반로125번길 9 (재송동), ,,매니저업,2022-08-17,12월
주식회사 엠에스지,MSG Corp.,엠에스지, ,박혜원,기타법인,131411-0320110,134-87-25907,서울특별시 강남구 도산대로12길 7 (논현동), ,,광고 대행업,2014-05-28,12월
(주)엠에스팀엔터테인먼트,msteam entertainment,엠에스팀엔터테인먼트, ,김민숙,기타법인,110111-1957202,211-86-97263,서울특별시 강남구 도산대로24길 15 3층 (논현동),www.msteam.co.kr,,매니저업,2000-05-10,12월
(주)엠에이치,"MH Co.,Ltd",엠에이치, ,조성만,기타법인,110111-4205517,214-88-49293,경기도 안산시 단원구 고잔동, ,,경영 컨설팅업,2009-10-23,12월
주식회사 엠에이치지,"MHG CO., LTD",엠에이치지, ,김수현,기타법인,110111-7798915,123-88-01940,"서울특별시 강남구 강남대로156길 12 4층 F41호 (신사동, 다복빌딩)", ,,경영 컨설팅업,2021-02-26,12월
엠에이치지코리아 주식회사,MHG KOREA,엠에이치지코리아, ,강기효,기타법인,110111-7403142,695-88-01620,"서울특별시 마포구 잔다리로 127-1 (서교동, 레이즈빌딩) 4층", ,,경영 컨설팅업,2020-02-25,12월
(주)엠에이피건축종합건축사사무소,-,엠에이피건축종합건축사사무소, ,"한일호, 정형무",기타법인,110111-1092206,120-81-43980,"서울특별시 서초구 바우뫼로18길 19 (양재동, 비젼빌딩)", ,,제도업,1994-10-26,12월
엠에프씨주식회사,Mercury future Consulting,엠에프씨, ,임두영,기타법인,110111-1694359,202-81-63712,서울특별시 서초구 서초동 1689-6 경복B/D 4층, ,,경영 컨설팅업,1999-05-10,12월
엠엔비 주식회사,MNB Production Inc.,엠엔비, ,정용,기타법인,110111-6256089,466-81-00650,"서울특별시 구로구 디지털로26길 123 (구로동, 지플러스타워) 10층 1001~1004호", ,,광고 대행업,2016-12-12,12월
주식회사 엠엔티홀딩스,mntholdings corporation,엠엔티홀딩스, ,최제헌,기타법인,110111-8321088,617-88-02309,"서울특별시 강남구 강남대로156길 12 (신사동, 다복빌딩) 4층 9호", ,,경영 컨설팅업,2022-06-03,12월
주식회사 엠와이소셜컴퍼니,"Merry Year Social Company Co.,Ltd",엠와이소셜컴퍼니, ,김정태,기타법인,110111-4736554,214-88-87695,서울특별시 성동구 연무장13길 8 (성수동2가) 메리히어 6층,www.mysc.co.kr,,경영 컨설팅업,2011-11-25,12월
주식회사 엠와이엠,"MYM Co.,Ltd.",엠와이엠, ,이윤정,기타법인,110111-5903566,631-87-00218,서울특별시 강남구 학동로46길 23 (논현동) 3층,mym-ent.com/layout/main.html,,매니저업,2015-12-10,12월
엠와이컨설팅 주식회사,"MYConsulting Co.,ltd.",엠와이컨설팅, ,이봉관,기타법인,110111-6650140,875-86-00903,서울특별시 영등포구 의사당대로 97 17층(여의도동), ,,경영 컨설팅업,2018-02-19,12월
주식회사 엠와이케이인코퍼레이티드,MYK.Inc,엠와이케이인코퍼레이티드, ,박정근,기타법인,110111-4679283,106-86-81324,서울특별시 용산구 이태원로 199 봄빌딩 402호(이태원동),www.mykinc.com,,경영 컨설팅업,2011-09-09,12월
(주)엠지비파트너스,"MGB Partners Co.,Ltd.",엠지비파트너스, ,박준탁,기타법인,110111-7020798,637-88-01361,"서울특별시 강남구 언주로 603 2층 (주)엠지비파트너스 (논현동, 서진빌딩)", ,,경영 컨설팅업,2019-02-21,12월
주식회사 엠컨설팅,"philosyslifescience Co., Ltd",엠컨설팅, ,최인환,기타법인,110111-6690790,578-86-01035,"서울특별시 강남구 봉은사로 462 (삼성동, 세림타워) 12층",www.philosyslifescience.com,,"물리, 화학 및 생물학 연구개발업",2018-04-01,12월
주식회사 엠케이에스홀딩스,"MKS HOLDINGS.CO.,LTD",엠케이에스홀딩스, ,황의엽,기타법인,110111-2778772,107-86-34727,서울특별시 영등포구 여의도동 45-13 포레스텔 605호,www.primesalt.com,,기타 회계 관련 서비스업,2003-11-12,12월
엠케이인베스트먼트 주식회사,"MK Investment Co.,Ltd.",엠케이인베스트먼트, ,장영시,기타법인,134511-0207735,142-81-57693,경기도 용인시 처인구 포곡읍 금어로 405,-,,경영 컨설팅업,2013-03-29,12월
(주) 엠케이케어랩,MK carelab,엠케이케어랩, ,김문규,기타법인,110111-7323390,874-81-01641,"서울특별시 영등포구 여의나루로 67 (여의도동, 신송빌딩),1205-이에스01", ,,경영 컨설팅업,2019-12-17,03월
엠케이티홀딩스 주식회사,"MKT Holdings Co., Ltd.",엠케이티홀딩스, ,배재달,기타법인,160111-0303761,314-86-26387,대전광역시 대덕구 문평서로 45 (문평동), ,,회사 본부 및 경영 컨설팅 서비스업,2011-07-18,12월
주식회사 엠케이퍼시픽홀딩스,MKPacificHoldings,엠케이퍼시픽홀딩스, ,"김근영, 이창근",기타법인,284911-0125805,141-81-40715,"서울특별시 영등포구 국제금융로8길 27-8 (여의도동, 엔에이치농협캐피탈빌딩) 4층", ,,경영 컨설팅업,2014-04-17,12월
주식회사 엠코퍼레이션,"M Corporation Co., Ltd",엠코퍼레이션, ,박용현,기타법인,110111-6209418,534-87-00616,"서울특별시 강남구 논현로 503 (역삼동, 송촌빌딩) 11,12층", ,,광고 대행업,2016-10-21,12월
엠큐렉스 주식회사,mCureX Therapeutics Inc. ,엠큐렉스, ,염주환,기타법인,135811-0410539,686-81-02174,"서울특별시 송파구 법원로 128 (문정동, 문정역SKV1) 17층", ,,의학 및 약학 연구개발업,2021-01-20,12월
엠큐브아이앤디 주식회사,"MQUBE I&D Co., Ltd.",엠큐브아이앤디, ,김승주,기타법인,134511-0487676,321-86-01730,경기도 이천시 백사면 이여로 501 B1 (송말리), ,,경영 컨설팅업,2020-12-01,12월
엠테라파마 주식회사,"MTHERA PHARMA Co., Ltd.",엠테라파마, ,손미원,기타법인,110111-7382693,448-81-01914,서울특별시 강서구 마곡중앙8로1길 38 (마곡동) 102호,mtherapharma.com/,,의학 및 약학 연구개발업,2020-02-07,12월
주식회사 엠투디지털,M2 Digital Inc.,엠투디지털, ,Michael Francis Beecroft,기타법인,110111-1530769,102-81-43774,"서울특별시 강남구 도산대로 318 (논현동, SBTOWER), 14층",www.m2digital.co.kr,,광고 대행업,1998-04-02,12월
(주)엠튜브,"MTUBE Co., LTD.",엠튜브, ,노수용,기타법인,110111-2196263,220-86-08482,서울특별시 서초구 서초동 1586-7 9층,www.mtube.com,,광고 대행업,2001-03-20,12월
(주)엠파이런,"empiron.co.,ltd",엠파이런, ,한동수,기타법인,110111-3419599,105-86-90081,서울특별시 강남구 논현동 61-4 호산빌딩 303호, ,,사업 및 무형 재산권 중개업,2006-03-24,12월
주식회사 엠포,M4 Inc.,엠포, ,박선경,기타법인,110111-6710556,161-81-01021,"서울특별시 송파구 석촌호수로 278 (송파동, 여흥레이크빌 1801호)", ,,매니저업,2018-04-02,12월
엠포드에쿼티파트너스,Emford Equity Partners,엠포드에쿼티파트너스, ,"김강민, 윤별수",기타법인,110114-0211421,701-88-00682,"서울특별시 영등포구 국제금융로 10 (여의도동, 서울국제금융센터) Three-IFC 43층 TEC", ,,경영 컨설팅업,2017-10-10,12월
(주)엠포스,EMFORCE INC.,엠포스, ,윤미경,기타법인,110111-2112524,220-86-00933,"서울특별시 서초구 방배로 285 (방배동, 한샘빌딩) 2층~5층",www.emforce.co.kr,,광고 대행업,2000-11-17,12월
주식회사 엠피씨,PXN Holdings,엠피씨, ,김은덕,기타법인,110111-6808723,751-88-01236,"서울특별시 강남구 언주로 729 9층 (논현동, 마스터스빌딩)", ,,경영 컨설팅업,2018-07-11,12월
(주)엠피에스씨,"MPSC Co.,Ltd.",엠피에스씨, ,김정환,기타법인,110111-4730548,220-88-27969,서울특별시 강남구 역삼동 한신인터밸리 24 동관, ,,경영 컨설팅업,2011-11-17,12월
(주)엠피인터랙티브,MPINTERACTIVE,엠피인터랙티브, ,김경자,기타법인,110111-4399980,113-86-41728,"서울특별시 구로구 디지털로 306 607호(구로동, 대륭포스트타워2차)", ,,광고 대행업,2010-07-23,12월
주식회사 엠허브플래닝,Lnc. Mhubplanning,엠허브플래닝, ,전병주,기타법인,180111-0831180,605-86-16655,대구광역시 달성군 현풍읍 테크노상업로 30 9층 801호(중리),www.mhubplanning.com/,,"광고물 문안, 도안, 설계 등 작성업",2012-10-25,12월
주식회사 엣온파트너스,atone partners inc.,엣온파트너스, ,서철,기타법인,150111-0255881,575-88-01063,"충청북도 청주시 흥덕구 2순환로1167번길 4 201호 (복대동, 호인리더스빌딩)", ,,경영 컨설팅업,2018-07-17,12월
주식회사 엣지랭크,EDGERANK,엣지랭크, ,장정우,기타법인,110111-4939025,211-88-82541,서울특별시 강남구 언주로133길 26-5 (논현동),edgerank.co.kr/,,광고 대행업,2012-08-14,12월
(주)여미미디어,"Yeomi midia CO. LTD.,",여미미디어, ,이영민,기타법인,110111-5120962,117-81-83972,"서울특별시 양천구 목동서로 377 (신정동, 이스타빌) 비동1505호", ,,경영 컨설팅업,2013-04-25,12월
여울회계법인,Yeoul Accounting Corporation,여울회계법인, ,원영민,기타법인,110134-0011673,650-86-03387,서울특별시 서초구 서운로 22 6층(JS빌딩), ,,공인회계사업,2025-09-01,06월
여의도글로벌투자 주식회사,YGI Investment Inc.,여의도글로벌투자, ,한의석,기타법인,110111-8176201,420-81-02410,서울특별시 영등포구 국제금융로 10,-,,경영 컨설팅업,2022-01-21,12월
여주건설단(주),"YEOJU  CONSTRUCTION CO.,LTD",여주건설단, ,조홍석,기타법인,131211-0027968,126-86-22810,경기도 여주시 명품로 81, ,,경영 컨설팅업,2009-08-04,12월
주식회사 역전에프앤씨,Yeok Jeon FnC Inc.,역전에프앤씨, ,"이병윤, 박봉섭",기타법인,214911-0049570,388-81-00608,"서울특별시 금천구 가산디지털1로 168 (가산동, 우림라이온스밸리) C동 14층 1407~1412호",https://yeokjeonfnc.com/,,경영 컨설팅업,2016-10-27,12월
(주)연리지개발,"YONLEEJEE Develop. Co., Ltd.",연리지개발, ,임학수,기타법인,170111-0653031,129-88-00750,인천광역시 서구 원창로 6 (청라동), ,,"광고물 문안, 도안, 설계 등 작성업",2017-08-25,12월
연세대학교기술지주 주식회사,"Yonsei University Technology Holdings, Inc.",연세대학교기술지주, ,김지현,기타법인,120111-0570508,131-86-28927,인천광역시 연수구 송도과학로 85,www.ysuholdings.com,,기타 전문 서비스업,2011-04-11,12월
주식회사 연안항만엔지니어링,"Coastal&Harbor Engineering Co.,Ltd",연안항만엔지니어링, ,고성훈,기타법인,134111-0510144,588-81-01191,부산광역시 동래구 연안로52번길 105-3 (안락동),www.yeonhang.co.kr/,,"건축기술, 엔지니어링 및 기타 과학기술 서비스업",2018-11-27,12월
(주)연우피씨엔지니어링,YUNWOOPC,연우피씨엔지니어링, ,이종민,기타법인,110111-3371145,211-87-75664,"서울특별시 서초구 방배로33길 29 (방배동, 방배한신트리플) 2층",www.yunwoopc.co.kr/,,건물 및 토목 엔지니어링 서비스업,2006-01-03,12월
주식회사 열린공간이엔씨,Yeolin gonggan E&C,열린공간이엔씨, ,"윤진옥, 윤영수",기타법인,135811-0296442,164-88-00374,"서울특별시 서초구 효령로53길 18 (서초동, 석탑오피스텔) 1002호", ,,도시계획 및 조경설계 서비스업,2016-07-13,12월
(주)영광네트웍크,"glory networks co,.ltd",영광네트웍크, ,신재훈,기타법인,110111-6060224,135-87-00423,"서울특별시 서초구 마방로10길 15 (양재동, 트윈타워) 1107호", ,,경영 컨설팅업,2016-05-13,12월
영남알프스컨트리클럽(주),"Young Nam Alps Country Club Co.,Ltd",영남알프스컨트리클럽, ,김정현,기타법인,110111-2983280,107-86-49856,서울특별시 영등포구 여의도동 60 대한생명63빌딩 11층, ,,도시계획 및 조경설계 서비스업,2004-03-30,12월
영신회계법인,YOUNGSHIN ACCOUNTING CORPORATION,영신회계법인, ,김영철,기타법인,110134-0011686,850-87-03607,"서울특별시 강남구 테헤란로10길 8 7층 (역삼동, 녹명빌딩)", ,,공인회계사업,2025-08-05,06월
영우회계법인,youngwoo accounting corporation,영우회계법인, ,우영제,기타법인,110134-0110085,784-87-02882,"서울특별시 서초구 바우뫼로 162 (양재동, 우광빌딩) 6층",www.young-woo.kr,,공인회계사업,2023-06-28,03월
(주)영일,YOUNG IL,영일, ,이근홍,기타법인,180111-0170132,603-81-23835,부산광역시 사하구 비봉로 83 (신평동),www.yecoa.com,,제조업 회사 본부,1995-01-01,12월
영주에코파워(주),"YEONGJU ECO POWER CO.,LTD.",영주에코파워, ,최홍원,기타법인,175611-0022364,180-87-01403,경상북도 영주시 대학로201번길 8-20 (가흥동) 201호, ,,경영 컨설팅업,2019-11-20,12월
주식회사 영진엔지니어링,YOUNGJIN,영진엔지니어링, ,이호익,기타법인,150111-0016225,315-81-05643,"충청북도 청주시 흥덕구 죽천로 139 (복대동, 영진빌딩)", ,,기타 엔지니어링 서비스업,1993-07-23,12월
(주)영파,youngpa.co.ltd,영파, ,윤부임,기타법인,110111-0917332,481-87-03740,서울특별시 서초구 반포대로20길 53 (서초동) 3층, ,,경영 컨설팅업,2025-02-06,12월
영퓨처 주식회사,"YOUNGFUTURE CO., LTD",영퓨처, ,민원식,기타법인,110111-2426454,114-86-15276,서울특별시 서초구 방배동 1002-15 재광빌딩 3층,HTTP://WWW.YOUNGFUTURE.COM,,"그 외 기타 분류 안된 전문, 과학 및 기술 서비스업",2002-01-18,12월
주식회사 영현,YungHyun inc.,영현, ,오현근,기타법인,134111-0428537,486-81-00256,"경기도 안양시 동안구 시민대로109번길 35 (호계동, 대우공업)", ,,경영 컨설팅업,2015-12-23,12월
(주)영화키스톤건축사사무소,YOUNGHWA KEYSTONE,영화키스톤건축사사무소, ,김주열,기타법인,110111-1006140,118-81-12617,"서울특별시 서초구 강남대로 190 (양재동, 대관빌딩)",www.yhkeystone.co.kr,,기타 엔지니어링 서비스업,1994-02-03,12월
(유)영훈회계법인,YOUNGHOON Accounting Corporation,영훈회계법인, ,윤재원,기타법인,250134-0005091,158-86-03824,"서울특별시 영등포구 국제금융로2길 37 (여의도동, S-TRENUE) 1401호", ,,공인회계사업,2025-09-12,03월
주식회사예메디칼상해,YE MEDICAL SHANGHAI. CORP,예메디칼상해, ,노원호,기타법인,110111-2959059,220-86-80107,"서울특별시 송파구 올림픽로 289 (신천동, 잠실시그마타워)", ,,경영 컨설팅업,2004-02-21,12월
(주)예손마케팅그룹,"YAESON MARKETING GROUP Co.,Ltd.",예손마케팅그룹, ,원유식,기타법인,160111-0284010,314-86-17229,대전광역시 서구 가장동 삼성래미안1단지아파트 117-1902, ,,경영 컨설팅업,2010-08-09,12월
예스벤처(주),yesventure,예스벤처, ,박주관,기타법인,110111-1918816,201-81-57328,서울특별시 장충동1가31-5덕양빌딩2층,www.yesventure.co.kr,,경영 컨설팅업,2000-05-10,12월
(주)예스코컨설팅,"YESCO Consulting Co., Ltd.",예스코컨설팅, ,김창진,기타법인,110111-6648723,171-86-01038,"서울특별시 용산구 한강대로 92 (한강로2가, LS용산타워) 20층", ,,경영 컨설팅업,2018-02-01,12월
(주)예스큐홀딩스,SQ holdings,예스큐홀딩스, ,박석전,기타법인,110111-3565988,215-86-91844,서울특별시 강남구 삼성동 157-8 lg트윈텔1704호, ,,회사 본부 및 경영 컨설팅 서비스업,2009-05-15,12월
주식회사예인종합건축사사무소,YEIN ARCHITECTURE,예인종합건축사사무소, ,오영모,기타법인,131111-0024924,129-81-19871,경기도 성남시 분당구 방아로23번길 7-1 (이매동), ,,건축설계 및 관련 서비스업,1996-08-01,12월
예인회계법인,YEIN ACCOUNTING CORPORATION,예인회계법인, ,"박준원, 최승경",기타법인,110134-0109525,380-87-02851,"서울특별시 강남구 테헤란로 322 (역삼동, 한신인터밸리24) 동관 613호",yein.co.kr,,공인회계사업,2023-04-26,12월
예일회계법인,YALE Accounting Corporation,예일회계법인, ,김재율,기타법인,110234-0012461,214-87-80356,"서울특별시 서초구 효령로72길 60 (서초동, 한전아트센터) 5층,6층",www.yeilac.co.kr,,공인회계사업,2005-11-10,03월
주식회사 예지솔루션,"YEJISOLUTION CO., LTD",예지솔루션, ,김정화,기타법인,110111-3139973,211-87-59290,"서울특별시 금천구 가산디지털2로 166 3층 (가산동, 에이스K1타워)",www.ye-ji.com,,광고 대행업,2004-12-29,12월
예지회계법인,YEJI Accounting Corporation,예지회계법인, ,이의웅,기타법인,110234-0016091,214-88-38821,"서울특별시 강남구 강남대로 334 (역삼동, SM타워)",www.yejiacc.com,http://www.yejiacc.com/,공인회계사업,2009-03-16,03월
유한회사 예찬1,YE CHAN1,예찬1, ,김명숙,기타법인,131314-0007706,753-81-02514,"경기도 평택시 안중읍 안현로서6길 10 (현화리, 대원빌딩)", ,,경영 컨설팅업,2022-06-16,12월
주식회사 예천홀딩스,ycholdings,예천홀딩스, ,고기웅,기타법인,134511-0571403,710-81-02929,"경기도 용인시 기흥구 동백중앙로 191 (중동, 씨티프라자)디호", ,,경영 컨설팅업,2022-04-25,03월
주식회사 예코타,yekota,예코타, ,김재우,기타법인,180111-1364015,658-87-02128,"부산광역시 동래구 충렬대로 379 (안락동, 안락주유소)", ,,경영 컨설팅업,2021-05-18,12월
주식회사 예향엔지니어링,"YEHYANG ENGINEERING Co.,Ltd.",예향엔지니어링, ,이창현,기타법인,110111-5358787,131-86-58983,"인천광역시 부평구 길주로 635 (삼산동, 엘림타워) 703호",www.yehyangeng.com,,건물 및 토목 엔지니어링 서비스업,2014-04-01,12월
주식회사 옐로디지털마케팅,Yello Digital Marketing Inc.,옐로디지털마케팅, ,이상혁,기타법인,110111-5339365,114-87-15370,"서울특별시 강남구 학동로31길 12, 7층 A714호 (논현동, 벤쳐캐슬빌딩)",http//yellodm.com,,광고 대행업,2014-02-13,12월
(주)옐로모바일,Yellomobile Inc.,옐로모바일, ,이상혁,기타법인,110111-4943109,114-87-03078,"서울특별시 강남구 도산대로 139 (신사동, 제이타워)",www.yellomobile.com,,광고 대행업,2012-08-24,12월
오가노이드사이언스(주),ORGANOIDSCIENCES LTD.,오가노이드사이언스,476040,"유종만, 오상훈 (각자대표이사)",코스닥시장,131111-0534650,806-88-01327,충청북도 청주시 흥덕구 오송읍 오송생명2로 154 -,organoidrx.com,,기타 공학 연구개발업,2018-10-26,12월
오늘회계법인,ontac,오늘회계법인, ,공병기,기타법인,114634-0037897,220-87-92430,서울특별시 강남구 테헤란로8길 33 청원빌딩 4층 (역삼동), ,,회계 및 세무관련 서비스업,2010-01-11,12월
오닉스컨설팅(주),onix consulting ,오닉스컨설팅, ,김찬용,기타법인,110111-2180571,211-81-02233,서울특별시 강남구 논현동 105-7 두산빌딩 14층, ,,경영 컨설팅업,2001-02-27,12월
주식회사 오라엠,"Ora_M Co.,Ltd",오라엠, ,김태형,기타법인,131111-0512151,379-81-01020,"경기도 성남시 분당구 야탑로 28 (야탑동, 우당프라자)", ,,경영 컨설팅업,2018-04-01,12월
오라이언시스워크,Orion Syswork,오라이언시스워크, ,김만수,기타법인,110111-1672230,220-81-59929,서울특별시 서초구 잠원동 11-2 아세아빌딩 4층,www.orirog.co.kr,,경영 컨설팅업,1999-03-29,06월
오라이언앤컴퍼니,ORION&COMPANY,오라이언앤컴퍼니, ,육심강,기타법인,110114-0053609,107-86-61544,서울특별시 영등포구 여의도동 12번지 CCMM빌딩 10층, ,,경영 컨설팅업,2005-03-19,12월
오라이언퍼시픽투자주식회사,Orion Pacific Investments,오라이언퍼시픽투자, ,김정식,기타법인,110111-1941247,120-86-03800,서울특별시 강남구 논현동 248-2 한도빌딩 5층, ,,경영 컨설팅업,2000-04-15,12월
오라클랜드 주식회사,Oracleland,오라클랜드, ,노영우,기타법인,160111-0213192,314-81-85931,"서울특별시 강남구 봉은사로 325 8층(논현동, 라임타워)", ,,경영 컨설팅 및 공공 관계 서비스업,2006-12-01,12월
오라클엔터테인먼트(주),Oracle Entertainment,오라클엔터테인먼트, ,"전 티모시 상, 김정수",기타법인,110111-3555210,104-86-04146,서울특별시 강남구 청담동 80-19,www.oracleent.com,,매니저업,2006-11-03,12월
(주)오렌지팩,"ORANGE PACK CO.,LTD",오렌지팩, ,박노열,기타법인,134111-0410641,115-87-00093,경기도 안산시 상록구 오목로13길 5 (본오동), ,,제조업 회사 본부,2015-04-30,12월
(주)오렌지플러스,OrangePlus,오렌지플러스, ,서정호,기타법인,110111-2908402,211-87-42746,서울특별시 강남구 논현동, ,,경영 컨설팅업,2003-12-04,12월
오로라월드(주),AURORA WORLD Corporation,오로라,039830,노재연,코스닥시장,110111-0407456,215-81-02803,서울특별시 강남구 테헤란로 624 오로라빌딩,www.auroraworld.com,,시각 디자인업,1985-09-25,12월
주식회사 오로라리조트 홀딩스,"Aurora resort holdings co., Ltd",오로라리조트홀딩스, ,김영기,기타법인,110111-3755422,220-87-54509,서울특별시 강남구 역삼1동 689-8 세일빌딩 4 층, ,,경영 컨설팅업,2007-09-18,12월
오륜산업개발(주),oryun,오륜산업개발, ,정학기,기타법인,110111-5375658,808-87-00332,경기도 용인시 처인구 중부대로1188번길 5 101호 (삼가동), ,,기타 엔지니어링 서비스업,2014-03-26,12월
(주)오르비텍,"Orbitech Co., Ltd.",오르비텍,046120,도은성,코스닥시장,110111-0753734,112-81-27107,"서울특별시 금천구 범안로 1130 8층(가산동, 가산디지털엠파이어)",orbitech.co.kr,,"기술 시험, 검사 및 분석업",1991-03-05,12월
(주)오리온이엔씨,"ORION EnC Co., Ltd",오리온이엔씨, ,이운장,기타법인,131111-0317436,144-81-03325,"서울특별시 성동구 성수이로22길 37 1306호 (성수동2가, 성수동아크벨리)",www.orionenc.com,,기타 엔지니어링 서비스업,2012-07-09,12월
오리지날스푼,original spoon,오리지날스푼, ,송준호,기타법인,110111-5272268,230-81-03193,"서울특별시 송파구 오금로 99 (방이동, 진넥스레이크뷰) 5층",www.spoonthemarket.co.kr,,경영 컨설팅업,2013-11-20,12월
(주)오리콤,ORICOM Inc,오리콤,010470,"박병철, 정승우(각자 대표이사)",코스닥시장,110111-0176986,211-81-34531,서울특별시 강남구  언주로 726 두산빌딩,www.oricom.co.kr,,광고 대행업,1975-02-24,12월
주식회사 오버맨,OVERMAN INC,오버맨, ,장승은,기타법인,110111-5693935,503-87-00058,"서울특별시 서초구 강남대로85길 20 (반포동, 오버맨)",overman.kr,,광고 대행업,2015-04-10,12월
오브라운 주식회사,OHBROWN ,오브라운, ,안승현,기타법인,110111-5031317,120-87-92163,"서울특별시 강남구 테헤란로 437 (삼성동, 삼영빌딩) 8층", ,,옥외 광고업,2012-12-26,12월
주식회사 오비지,OBIGI Co.,오비지, ,오정우,기타법인,134511-0578772,486-81-02685,"경기도 용인시 기흥구 강남로 9 (구갈동, 태평양프라자), 205-5호", ,,경영 컨설팅업,2022-04-29,12월
오성회계법인,OSUNG ACCOUNTING CORPORATION,오성회계법인, ,남시환,기타법인,110134-0098554,177-87-01824,"서울특별시 강남구 테헤란로 109 (역삼동, 강남제일빌딩)", ,,공인회계사업,2020-04-07,12월
주식회사 오션드라이브인베스트먼트,"Oceandrive Investment Co., Ltd.",오션드라이브인베스트먼트, ,최수경,기타법인,110111-8038485,480-87-02340,서울특별시 강남구 강남대로92길 31 (역삼동) 6층 6096호, ,,기타 전문 서비스업,2021-09-29,12월
(주) 오션비홀딩스,OCEANBE HOLDINGS,오션비홀딩스, ,이강영,기타법인,110111-3793951,106-86-54754,"서울특별시 강남구 테헤란로87길 22 601호(삼성동, 한국도심공항터미널)", ,,경영 컨설팅업,2007-11-26,12월
주식회사 오션스프링홀딩스,"Oceean Spring Holdings Co., Ltd.",오션스프링홀딩스, ,박해춘,기타법인,110111-5017268,206-86-72654,"서울특별시 광진구 아차산로78길 7 (광장동, 유진스웰) 1103호", ,,경영 컨설팅업,2012-12-06,12월
오션어스(주),"OCEANUS Co., Ltd.",오션어스, ,김창수,기타법인,230111-0155927,620-81-34036,부산광역시 해운대구 중동 1480-7,www.ocean-us.co.kr,,기타 엔지니어링 서비스업,2009-06-29,12월
주식회사 오스카자산운용,OSCAR AMC,오스카자산운용, ,김도균,기타법인,110111-8247218,293-87-02445,"서울특별시 강남구 테헤란로 620 에이동 13층(대치동, 미래에셋타워)", ,,경영 컨설팅업,2022-04-01,12월
오스테드 코리아 주식회사,Orsted Korea,오스테드코리아, ,Per Mejnert Kristensen(페어마이너크리스텐센),기타법인,110111-7173240,358-81-01514,"서울특별시 중구 을지로5길 19 (수하동, FERRUMTOWER) 23층, 24층", ,,경영 컨설팅업,2019-07-16,12월
(주)오스티오뉴로젠,osteoneurogen,오스티오뉴로젠, ,김준환,기타법인,131111-0353919,144-81-18250,"서울특별시 금천구 가산디지털1로 233 (가산동, 에이스하이엔드타워9차) 705호",www.osteoneurogen.com,,의학 및 약학 연구개발업,2013-09-16,12월
오스틴 세이버 파이낸셜 프래닝 리미티드,Austin Saver Financial Planning Limited,오스틴세이버파이낸셜프래닝리미티드, ,"Bert E, Kelly",기타법인, ,12345,"210 East Mesquite Boulevard Mesquite, Nevada 89027", ,,경영 컨설팅업,1998-05-23,12월
(주)오시리스,OSIRIS.CO.KR,오시리스, ,윤경표,기타법인,110111-3658725,120-87-14191,서울특별시 강남구 삼성동 143-3 엘지에클라트 218호, ,,경영 컨설팅업,2007-04-12,12월
주식회사 오쎄인,"OSSEIN CO., LTD.",오쎄인, ,박경준,기타법인,141211-0066550,224-81-59673,강원도 원주시 흥업면 한라대길 28 2-203 (한라대학교창업보육센타),www.ossein.kr,,의학 및 약학 연구개발업,2013-07-25,12월
(주)오아시스홀딩스,OASIS HOLDINGS ,오아시스홀딩스, ,김형완,기타법인,110111-4649145,120-87-71964,"서울특별시 서초구 서초중앙로 110 1층 b-110호(서초동, 서초동롯데캐슬메디치)", ,,경영 컨설팅업,2011-07-15,12월
주식회사 오앤엔터테인먼트,O&Entertainment,오앤엔터테인먼트, ,홍미정,기타법인,110111-4987272,211-88-85058,"서울특별시 강남구 선릉로145길 16 (논현동, 동성빌딩) 601호", ,,매니저업,2012-10-25,12월
주식회사 오에이티씨,OATC Inc.,오에이티씨, ,방상구,기타법인,110111-5722255,136-81-33639,"서울특별시 금천구 범안로 1130 (가산동, 디지털엠파이어빌딩), 801-806,905-912,1010,1011,1103",oatc.co.kr,,물질성분 검사 및 분석업,2015-05-13,12월
오엠아이텔레콤(주),OMI TELECOM CO.LTD,오엠아이텔레콤, ,류준열,기타법인,110111-2139297,220-86-04531,서울특별시 강남구 역삼동 788-16 원경빌딩 2층,http://www.omitelecom.com,,기타 엔지니어링 서비스업,2000-12-28,12월
(주)오오츠인베스트먼트,"OOCHE CO.,LTD",오오츠인베스트먼트, ,김진희,기타법인,110111-2824541,108-81-61464,서울특별시 강남구 역삼동 606-16, ,,경영 컨설팅업,2008-11-25,12월
주식회사 오이디,"Oriental Engineering Development Co.,Ltd",오이디, ,박영노,기타법인,110111-0241721,138-81-08010,경상북도 김천시 평화동 229-12, ,,기타 엔지니어링 서비스업,1978-11-16,12월
(주)오이코스,"OIKOS Co.,Ltd",오이코스, ,박희정,기타법인,110111-1952286,107-81-82388,"서울특별시 금천구 가마산로 96 1007호 (가산동, 대륭테크노타운8차)",www.oikos.co.kr,,환경 관련 엔지니어링 서비스업,2000-04-26,12월
(주)오즈앤블레싱,"Odds & Blessing Co.,Ltd",오즈앤블레싱, ,김용현,기타법인,110111-4001410,108-81-86276,서울특별시 동작구 성대로1길 9 (상도동), ,,경영 컨설팅업,2008-11-18,12월
오케이레저 주식회사,"OK LEISURE Co., Ltd.",오케이레저, ,김재민,기타법인,110111-7424073,846-81-01646,"서울특별시 성동구 상원1길 26 (성수동1가, 서울숲A타워) 408호", ,,사업 및 무형 재산권 중개업,2020-03-12,12월
(주)오케이씨앤씨,OK C&C company Ltd.,오케이씨앤씨, ,이진환,기타법인,110111-2850661,211-87-38131,서울특별시 서초구 서초동 1601-1 서초브이샤르망 8층, ,,광고 대행업,2003-09-01,12월
주식회사 오큐피바이오,OQP BIO Inc.,오큐피바이오, ,이창현,기타법인,110111-8003983,518-87-02534,"서울특별시 강남구 테헤란로 445 4층(삼성동, 본솔빌딩)",www.oqp.co.kr,,의학 및 약학 연구개발업,2021-08-25,12월
주식회사 오큐피바이오엠,OQPBIOM INC.,오큐피바이오엠, ,유병우,기타법인,110111-8921218,826-88-02903,경기도 평택시 송탄로 119 (이충동) 5층 553호, ,,기타 전문 서비스업,2024-04-11,12월
(주)오투스페이스,"OTWOSPACE CO.,LTD",오투스페이스, ,이경수,기타법인,110111-3867318,215-87-13258,서울특별시 강동구 천호대로 1120 엘아아지건영 상가 201호 (성내동),www.addal.co.kr,,경영 컨설팅업,2008-03-26,12월
주식회사 오트렌드랩,"O Trend Lab Co.,Ltd",오트렌드랩, ,최윤정,기타법인,110111-4892504,211-88-79293,서울특별시 강남구 도산대로13길 5, ,,경영 컨설팅업,2012-06-15,12월
주식회사 오티오코퍼레이션,"OTOCorporation Co, ltd.",오티오코퍼레이션, ,김세영,기타법인,110111-4526054,211-88-55160,서울특별시 강남구 언주로 647 (논현동) 4층 475호, ,,경영 컨설팅업,2011-01-28,12월
(주)오픈,"OPEN CO., LTD",오픈, ,홍성철,기타법인,110111-6369353,180-88-00527,"서울특별시 강남구 도산대로55길 16-6 지하 1층~4층 (청담동, 갤러리K)",www.openine.com,,기타 산업 회사 본부,2017-04-13,12월
오픈딜코리아 유한회사,OpenDeal Korea Limited,오픈딜코리아, ,"조셉희성윤, 이영로, 이성훈",기타법인,110114-0283537,316-86-02213,서울특별시 강남구 선릉로 428 15층 113호 (대치동), ,,경영 컨설팅업,2021-09-17,12월
오픈아시아컴퍼니 주식회사,"OpenAsia Company, Inc.",오픈아시아컴퍼니, ,양금엽,기타법인,110111-8545109,782-88-02637,"서울특별시 강남구 언주로 620 11층(논현동, 현대인텔렉스)", ,,경영 컨설팅업,2023-02-06,12월
오픈엣지스퀘어 주식회사,"Openedges Square , Inc.",오픈엣지스퀘어, ,이성현,기타법인,110111-8707626,769-86-02886,"서울특별시 강남구 역삼로 114 10층(역삼동, 현죽빌딩)", ,,전기ㆍ전자공학 연구개발업,2023-08-03,12월
주식회사 오픈타이드 차이나,OpenTide China Company Limited,오픈타이드차이나, ,이준승,기타법인,110111-4889634,220-88-39733,서울특별시 강남구 역삼동 718-2 안제타워 3층,www.opentidechina.co.kr,,광고 대행업,2012-06-13,12월
주식회사 오픈타이드코리아,OpenTide Korea Corporation,오픈타이드코리아, ,이은택,기타법인,110111-1984768,104-81-53905,서울특별시 강남구 테헤란로 203 SI타워 4층 (역삼동),www.opentide.com,,"그 외 기타 분류 안된 전문, 과학 및 기술 서비스업",2000-06-01,12월
주식회사 오픈플러스건축사사무소,Openplus,오픈플러스건축사사무소, ,이한나,기타법인,110111-5389378,220-88-80208,"서울특별시 종로구 사직로 107 (내자동, 한빛빌딩)", ,,건축설계 및 관련 서비스업,2014-05-26,12월
오픈헬스케어 주식회사,"Open Healthcare, Inc.",오픈헬스케어, ,이민철,기타법인,110111-8689668,382-87-02707,"서울특별시 성동구 천호대로 280 (용답동, (주)한성에프아이올포유빌딩)", ,,경영 컨설팅업,2023-07-13,12월
오피전력기술(주),"OP ELECTRIC CO.,LTD",오피전력기술, ,"최길수, 신승걸",기타법인,131111-0155828,129-81-92979,"경기도 성남시 수정구 달래내로 20 (금토동, 판교OP빌딩)", ,,"그 외 기타 분류 안된 전문, 과학 및 기술 서비스업",2006-01-10,12월
주식회사 오하,oha,오하, ,김희중,기타법인,110111-6640852,791-87-01085,서울특별시 강남구 영동대로85길 20-7 4층 426호(대치동), ,,경영 컨설팅업,2018-01-31,12월
옥토스제일차 주식회사,"Octose The FIrst Co., Ltd.",옥토스제일차, ,김경만,기타법인,110111-6062387,730-86-00309,"서울특별시 영등포구 국제금융로 24 (여의도동, 유진빌딩)", ,,경영 컨설팅업,2016-05-17,06월
주식회사 온나무건축사사무소,"ONNAMU Co., Ltd.",온나무건축사사무소, ,박채원,기타법인,110111-0923186,672-87-03399,"서울특별시 종로구 효자로 49 (창성동, 온지음) 지하1층", ,,건축 및 조경 설계 서비스업,2025-04-08,12월
온더플래닛(주),ON THE PLANET,온더플래닛, ,김상영,기타법인,110111-7441506,182-87-01578,"서울특별시 중구 통일로 10 (남대문로5가, 연세대학교세브란스빌딩) 17층",www.ontheplanet.co.kr,,광고 대행업,2020-04-01,12월
(주)온에어엔터테인먼트,"On-Air Entertainment co., Ltd.",온에어엔터테인먼트, ,현익기,기타법인,154311-0022828,301-81-98459,서울특별시 강남구 역삼동 681-17 대일빌딩 9층, ,,매니저업,2008-06-01,12월
주식회사 온천동디에이,OncheondongD.A,온천동디에이, ,임건주,기타법인,110111-7907334,563-86-02124,"서울특별시 강남구 삼성로 540 5층(삼성동, 빌딩브로모)", ,,기타 전문 서비스업,2021-06-02,12월
온코닉테라퓨틱스(주),Onconic Therapeutics Inc.,온코닉테라퓨틱스,476060,김존,코스닥시장,110111-7478088,268-86-01778,서울특별시 강남구 테헤란로26길 12 제일비젼타워 11층,onconic.co.kr,,자연과학 및 공학 연구개발업,2020-05-07,12월
주식회사 온코크로스,"Oncocross Co.,Ltd.",온코크로스,382150,"김이랑, 강지훈 (각자대표)",코스닥시장,110111-5758333,482-86-00109,"서울특별시 송파구 법원로11길 7 905호(문정동, 문정현대지식산업센터1-2)",www.oncocross.com/,,"물리, 화학 및 생물학 연구개발업",2015-06-22,12월
온힐파트너스,ONHEAL PARTNERS,온힐파트너스, ,조현선,기타법인,120111-1410703,531-86-03280,"인천광역시 연수구 첨단대로30번길 15 (송도동, 주식회사온힐)", ,,경영 컨설팅업,2024-09-11,12월
(주)올네이션,ALL NATIONS,올네이션, ,김종호,기타법인,110111-1841174,119-81-34496,"서울특별시 강남구 역삼로 152 (역삼동, 올네이션빌딩)", ,,"기타 기술 시험, 검사 및 분석업",2000-01-08,12월
주식회사 올뉴원,"Allnewone Co., Ltd.",올뉴원, ,이두진,기타법인,230111-0364213,254-87-02789,"울산광역시 중구 장춘로 164 (학산동, 정림탑스빌) 2층 206, 207, 209호", ,,환경 관련 엔지니어링 서비스업,2021-12-10,12월
주식회사 올리브나인엔터테인먼트,"Olivenine Entertainment Co.,Ltd.",올리브나인엔터테인먼트, ,박정호,기타법인,110111-2286890,211-86-79061,서울특별시 영등포구 여의도동 11-13 한국가정법률상담소빌딩 3층,www.olive9.com,,매니저업,2001-07-14,12월
올릭스 주식회사,"OliX Pharmaceuticals, Inc.",올릭스,226950,이동기,코스닥시장,135811-0177957,124-86-90516,경기도 성남시 수정구 고등동 608-3 -,www.olixpharma.com,,의학 및 약학 연구개발업,2010-02-26,12월
주식회사 올바른에프앤비,"ALLBARUNFNB Co., Ltd",올바른에프앤비, ,고영호,기타법인,110111-6154689,585-81-00650,"서울특별시 송파구 법원로 114 B동 413호 (문정동, 엠스테이트)",www.mikadosushi.co.kr,,"그 외 기타 분류 안된 전문, 과학 및 기술 서비스업",2016-08-25,12월
(주)올이즈웰,awmr,올이즈웰, ,"한주원, 양광철",기타법인,110111-4720151,214-88-85886,"서울특별시 용산구 보광로60길 3 (이태원동, 이화빌딩) 5층,6층,7층", ,,옥외 광고업,2011-11-02,12월
주식회사 올인이룸,ALL-IN IROOM,올인이룸, ,남윤광,기타법인,110111-7202495,158-86-01506,서울특별시 강남구 테헤란로 413 (삼성동) 태양빌딩 9층, ,,경영 컨설팅업,2019-08-19,12월
옴니버스인베스트먼트,OMNIBUS INVESTMENT,옴니버스인베스트먼트, ,김정용,기타법인,110111-2591710,211-87-19283,서울특별시 강남구 도곡동 467-17 타워펠리스 E-4408, ,,경영 컨설팅업,2005-12-01,12월
옴니콤미디어그룹코리아 주식회사,"Omnicom Media Group Korea Co., Ltd",옴니콤미디어그룹코리아, ,양희윤,기타법인,110111-6242864,697-86-00512,"서울특별시 강남구 테헤란로 223 (역삼동, 큰길타워빌딩) 9층",www.phdmedia.com/,,광고 대행업,2016-12-01,12월
주식회사 옵티멈미디어코리아,Optimum Media Korea Inc.,옵티멈미디어코리아, ,고광수,기타법인,110111-2970211,120-86-65034,"서울특별시 강남구 언주로 727 5층 (논현동, 트리스빌딩)", ,,광고 대행업,2004-03-10,12월
주식회사 와우매니지먼트그룹,"Wow Management Group Co.,Ltd.",와우매니지먼트그룹, ,장상진,기타법인,110111-7675527,604-88-01570,"서울특별시 강남구 도산대로 458 8층(청담동, 청담한국빌딩)", ,,매니저업,2020-11-06,12월
(주)와이드넷컨설팅,"WIDE NET CONSULTING  CO., LTD.",와이드넷컨설팅, ,권혁준,기타법인,131111-0058030,129-81-40170,경기도 성남시 분당구 수내동 21-2 현대판테온 1108호,-,,경영 컨설팅업,2001-02-26,12월
(주)와이드에스컴퍼니,widescompany,와이드에스컴퍼니, ,신지로,기타법인,110111-6183860,709-86-00625,"서울특별시 강남구 학동로3길 41 (논현동, 연우빌딩)", ,,매니저업,2016-09-26,12월
와이드에이치컴퍼니 주식회사,"Wide H Company Co.,Ltd.",와이드에이치컴퍼니, ,홍용완,기타법인,110111-6926541,490-86-01133,서울특별시 강남구 선릉로145길 7 (논현동) 302호, ,,경영 컨설팅업,2018-11-15,12월
(주)와이드이앤엠,"Wide E&M Co,Ltd",와이드이앤엠, ,박종진,기타법인,110111-3126649,211-88-00758,서울특별시 강남구 논현동 101-20 1층, ,,경영 컨설팅업,2004-12-03,12월
(주)와이디생명과학,YD GLOBAL LIFE SCIENCE INC.,와이디생명과학, ,이진우,기타법인,110111-4017144,217-81-27606,경기도 성남시 중원구 사기막골로 148 중앙이노테크 909호(상대원동),www.bioyd.co.kr,,의학 및 약학 연구개발업,2008-12-22,12월
(주)와이바이오로직스,"Y-Biologics, Inc",와이바이오로직스,338840,"박영우, 장우익",코스닥시장,160111-0235641,314-81-95083,"대전광역시 유성구 테크로 4로 17, 비715호",ybiologics.com,,의학 및 약학 연구개발업,2007-12-31,12월
주식회사 와이비버스,YBVERSE,와이비버스, ,공선필,기타법인,110111-8674487,699-87-02658,"서울특별시 강남구 논현로168길 36 (신사동, 안국빌딩), 319호", ,,경영 컨설팅업,2023-06-27,12월
주식회사 와이앤케이인베스트먼트,Y&Kinvestment,와이앤케이인베스트먼트, ,김지은,기타법인,285011-0270863,495-88-01054,"서울특별시 서초구 사평대로 368 7층 814호 (서초동, 중앙빌딩)", ,,경영 컨설팅업,2018-09-20,12월
(주)와이에스에이치홀딩스,"YSH Holdings Co., Ltd.",와이에스에이치홀딩스, ,윤제영,기타법인,110111-7440996,880-87-01968,서울특별시 영등포구 국제금융로 10 3동 43층 07326호,-,,경영 컨설팅업,2021-02-03,12월
주식회사 와이에이치컨설팅,YH Consulting,와이에이치컨설팅, ,박흥석,기타법인,134811-0605587,735-88-01855,경기도 화성시 동탄기흥로 560 (영천동) 905호, ,,경영 컨설팅업,2021-02-23,12월
(주)와이에이치컨설팅컴퍼니,"YH Consulting Company Co., Ltd.",와이에이치컨설팅컴퍼니, ,허현,기타법인,110111-5786269,764-86-00127,"서울특별시 서초구 강남대로 305 1216호 (서초동, 현대렉시온)", ,,경영 컨설팅업,2015-07-20,12월
주식회사 와이엔케이인베스트먼트,Y&K Investment,와이엔케이인베스트먼트, ,박세현,기타법인,110111-4606880,204-86-27395,서울특별시 강남구 강남대로 636 10층 (신사동), ,,경영 컨설팅업,2011-05-20,12월
주식회사 와이엔케이컴퍼니,YNK Company Inc.,와이엔케이컴퍼니, ,김기찬,기타법인,110111-6671287,662-81-00883,"서울특별시 영등포구 국회대로68길 23 (여의도동, 정원빌딩)", ,,경영 컨설팅업,2018-03-06,12월
와이엘산업 주식회사,"YL INDUSTRY Co., Ltd.",와이엘산업, ,최성문,기타법인,110111-6098259,116-81-94758,서울특별시 영등포구 여의대로 60 (여의도동), ,,회사 본부 및 경영 컨설팅 서비스업,2016-06-22,06월
와이엠씨엔터테인먼트(주),"YMC ENTERTAINMENT Co.,Ltd",와이엠씨엔터테인먼트, ,조유명,기타법인,110111-5304863,106-87-03951,"서울특별시 용산구 녹사평대로26길 36 (이태원동, 고려빌딩) 4층",www.ymcent.com,,매니저업,2014-01-02,12월
주식회사 와이엠월드,"YM world Co.,Ltd.",와이엠월드, ,이용우,기타법인,120111-1078741,184-87-01502,"인천광역시 남동구 남동대로 353 (남촌동, JK루체스타) 609호", ,,경영 컨설팅업,2020-06-11,12월
(주)와이제이디앤아이,"YJDNI CO.,Ltd",와이제이디앤아이, ,최인영,기타법인,134811-0296865,135-86-42367,"서울특별시 서초구 서초대로 397 , 2103호(서초동, 부띠크모나코)", ,,경영 컨설팅업,2014-03-28,12월
와이준파트너스 주식회사,YJOONPARTNERS CORP.,와이준파트너스, ,전민재,기타법인,110111-8012918,826-81-02239,서울특별시 송파구 마천로28길 12 202호 (오금동), ,,경영 컨설팅업,2021-09-02,12월
(주)와이즈버즈,Wise birds Inc.,와이즈버즈,273060,"김종원, 최호준(각자 대표이사)",코스닥시장,110111-6417590,703-86-00909,경기도 성남시 수정구 금토로 69 다우디지털스퀘어 5층,www.wisebirds.co,,광고업,2017-06-01,12월
주식회사 와이즈버즈,wisebirds Inc.,와이즈버즈, ,김종원,기타법인,110111-5138022,211-88-94969,"서울특별시 강남구 테헤란로 317 17층 (역삼동, 동훈타워)", ,,광고 대행업,2013-05-20,12월
(주)와이즈벨,Wisebell,와이즈벨, ,이승헌,기타법인,110111-3503235,105-86-94525,서울특별시 마포구 공덕동 105-116, ,,광고 대행업,2006-08-01,12월
(주) 와이즈오토모티브,WISE AUTOMOTIVE Corp.,와이즈오토모티브, ,박재홍,기타법인,110111-3172931,119-81-78908,"서울특별시 관악구 관악로 1 (신림동, 서울대학교) 자동화시스템공동연구소",wise-automotive.com/,,전기ㆍ전자공학 연구개발업,2005-03-02,12월
주식회사 와이즈코프,WISE CORP Ltd,와이즈코프, ,이준호,기타법인,110111-3421841,220-87-26852,서울특별시 서초구 방배동 752-36 대림아크로리버 104-212,www.wisecorp.co.kr,,경영 컨설팅업,2006-03-20,12월
(주)와이즈프라퍼티스,Wiseproperties,와이즈프라퍼티스, ,김덕호,기타법인,131111-0583954,357-86-01627,서울특별시 강남구 논현로68길 14 (역삼동), ,,경영 컨설팅업,2020-03-02,12월
주식회사 와이즈플래닛컴퍼니,Wiseplanet Company,와이즈플래닛컴퍼니, ,주경민,기타법인,110111-5116101,113-86-71071,"서울특별시 금천구 벚꽃로 244 (가산동, 벽산디지털밸리5차), 906호",wplanet.co.kr,,"광고물 문안, 도안, 설계 등 작성업",2013-04-18,12월
와이진컨설팅 주식회사,"Y.Jin consulting Co.,Ltd.",와이진컨설팅, ,양주진,기타법인,110111-7111125,447-81-01395,"서울특별시 영등포구 여의대로 66 (여의도동, KTB)", ,,경영 컨설팅업,2019-05-20,06월
(주)와이커뮤니케이션즈,Y'COMMUNICAIONS,와이커뮤니케이션즈, ,오용탁,기타법인,110111-1390311,219-81-23310,서울특별시 강남구 청담동 85-3 남한강빌딩5층,www.ycomm.co.kr,,광고 대행업,1997-04-01,12월
주식회사 와이케이동그라미,YK DONGRAMI,와이케이동그라미, ,김영광,기타법인,110111-4036748,114-86-71341,"서울특별시 강남구 학동로 139 (논현동, 대웅빌딩) 3층", ,,경영 컨설팅업,2009-02-03,12월
(주)와이티씨엔텍,YTC En-tech,와이티씨엔텍, ,김기석,기타법인,110111-0899728,213-81-66816,서울특별시 서초구 서초동 1667-1유성빌딩 3층,www.ytcentech.com,,기타 엔지니어링 서비스업,1992-11-04,12월
(주)와일리,WYLIE,와일리, ,박수인,기타법인,110111-4556035,211-88-56742,"서울특별시 강남구 학동로 146 (논현동, WYLIETOWER)", ,,광고 대행업,2011-03-15,12월
㈜요즈마그룹코리아,"YOZMA GROUP KOREA Co., Ltd",요즈마그룹코리아, ,이원재,기타법인,110111-5628239,120-88-25278,"경기도 성남시 분당구 판교로289번길 20 (삼평동, 판교테크노밸리스타트업캠퍼스)", ,,경영 컨설팅업,2015-01-28,12월
주식회사 요홀딩스,yoholdings,요홀딩스, ,류석구,기타법인,110111-7403720,689-87-01569,"서울특별시 구로구 디지털로32가길 25 204호(구로동, 티타운빌딩)", ,,회사 본부 및 경영 컨설팅 서비스업,2020-02-25,12월
주식회사 용마엔지니어링," YONGMA ENGINEERING CO., LTD.",용마엔지니어링, ,차윤호,기타법인,131111-0362449,129-86-85231,"경기도 성남시 분당구 구미로9번길 7 (구미동, 분당팬텀광장) 602-1, 603-2호",www.ymeng.co.kr,,건물 및 토목 엔지니어링 서비스업,2013-12-24,12월
용산역세권개발주식회사,"Yongsan Development Co., Ltd.",용산역세권개발, ,이원익,기타법인,110111-3807661,101-86-36479,서울특별시 종로구 세종대로 149 광화문빌딩 7층 (세종로), ,,경영 컨설팅업,2007-12-18,12월
(주)용연지주,"Yong Yeon Holding Co.,Ltd.",용연지주, ,성주헌,기타법인,180111-1094109,144-86-00702,부산광역시 영도구 태종로 376 (청학동), ,,경영 컨설팅업,2017-05-11,12월
(주)용진엔지니어링,"YJ Engineering Co.,LTD.",용진엔지니어링, ,김태영,기타법인,131111-0028596,129-81-22226,경기도 성남시 중원구 상대원동5445 우림라이온스밸리 3차 12층,www.ymeng.co.kr,,건물 및 토목 엔지니어링 서비스업,1997-05-01,12월
주식회사 우경,WooKyung,우경, ,김혜경,기타법인,131111-0503530,711-88-00995,"경기도 성남시 분당구 야탑로 96-8 (야탑동, 상우빌딩)", ,,경영 컨설팅업,2017-12-27,12월
(주)우경,wookyoung,우경, ,김진욱,기타법인,161511-0266829,583-86-01449,충청남도 천안시 서북구 충무로 125 (쌍용동), ,,광고 대행업,2020-03-10,12월
(주)우대기술단,"WOODAI ENGINEERING CONSULTANTS CO., LTD",우대기술단, ,강상구,기타법인,110111-0098156,138-81-07457,강원도 춘천시 요선동 4-9,www.woodai.co.kr,,건물 및 토목 엔지니어링 서비스업,1968-05-15,01월
우덕회계법인,WooDuk Accounting Corporation,우덕회계법인, ,김기범,기타법인,244271-0006291,215-87-39165,"서울특별시 송파구 법원로11길 11  B동 304호(문정동, 문정현대지식산업센터1-1)",-,,회계 및 세무관련 서비스업,2010-04-01,03월
우드브릿지인베스트먼트 주식회사,"Woodbridge Investment Co., Ltd.",우드브릿지인베스트먼트, ,Jorge Federico Nogues Claro,기타법인,110111-8302492,513-86-02809,"서울특별시 강남구 테헤란로25길 6-9 502호(역삼동, 석암빌딩)", ,,경영 컨설팅업,2022-05-17,12월
주식회사우리강산시스템,WGSYSTEM,우리강산시스템, ,조성환,기타법인,110111-3584607,119-81-94816,"충청남도 홍성군 홍북읍 청사로 146 (신경리, 센텀시티) 1동 306호",www.wgsystem.co.kr,,"측량, 지질조사 및 지도제작업",2006-12-21,12월
우리금융경영연구소,woori finance research institute,우리금융경영연구소, ,최광해,기타법인,110111-5031127,104-86-46001,"서울특별시 중구 후암로 110 (남대문로5가, 서울시티타워) 12층",www.wfri.re.kr,,경제 및 경영학 연구개발업,2012-12-26,12월
주식회사 우리네트워크,Woori Network,우리네트워크, ,류원웅,기타법인,110111-4606335,220-88-18515,"서울특별시 서초구 반포대로18길 36 (서초동, 서초센트럴IPARK) 201동 19층 1902호", ,,경영 컨설팅업,2020-02-25,12월
(유)우리넷벨류업파트너스,Woorinet Value up Partners LLC,우리넷벨류업파트너스, ,김경준,기타법인,110114-0310207,312-86-79985,"서울특별시 강남구 영동대로 602 6층 H74호(삼성동, 삼성동미켈란107)", ,,사업 및 무형 재산권 중개업,2023-03-17,12월
(주)우리들헬스케어,Wooridul Healthcare,우리들헬스케어, ,이승열,기타법인,110111-2884917,220-86-73848,"제주특별자치도 서귀포시 산록남로 2914 (상효동, 우리들골프장)", ,,경영 컨설팅업,2003-10-27,12월
(주)우리모두브라보,INC. WOORIMODU VRAVO,우리모두브라보, ,박천일,기타법인,110111-3157537,105-86-75358,서울특별시 마포구 잔다리로 24 (서교동) 서영빌딩 4층,vravo.so/,,경영 컨설팅업,2005-01-03,12월
주식회사 우리에프앤지,"WOORI F&G,Inc.",우리에프앤지, ,김충석,기타법인,110111-6666832,536-86-01026,"서울특별시 강남구 강남대로 310 4층,409호(역삼동, 유니온센터)", ,,경영 컨설팅업,2018-02-22,12월
주식회사 우리원헬스케어,we-want-healthcare,우리원헬스케어, ,백완기,기타법인,110111-4772657,104-86-39121,서울특별시 중구 수표동 99번지 시그니쳐타워 서관2층, ,,경영 컨설팅업,2012-01-11,12월
(주)우리종합기술,woorieng,우리종합기술, ,윤지현,기타법인,206111-0004421,415-81-42384,전라남도 담양군 담양읍 향교길 11-10 (향교리),www.woorieng.net,,엔지니어링 서비스업,2011-11-01,12월
우리회계법인,Woori Accounting Corporation,우리회계법인, ,김호준,기타법인,114671-0022494,120-81-72734,서울특별시 강남구 영동대로86길 17 육인빌딩 (대치동),wooricpa.co.kr,,공인회계사업,1997-04-21,03월
(주)우림엔지니어링건축사사무소,WOORIM Engineering&Architects,우림엔지니어링건축사사무소, ,김태원,기타법인,134211-0022262,126-81-30974,서울특별시 구로구 신도림로 67 (신도림동)엠앤더블유빌딩 5층, ,,건축설계 및 관련 서비스업,1997-12-01,12월
(주)우림엔지니어링건축사사무소,WOOLIM ARCHITECTS & ENGINEERS. CO.LTD,우림엔지니어링건축사사무소, ,"윤재을, 홍창선",기타법인,120111-0093758,118-81-15313,서울특별시 동작구 대방동 339-1 솔표빌딩 8층, ,,건축설계 및 관련 서비스업,1994-03-02,03월
(주)우림코윈,"WOOLIM COWIN CO.,LTD",우림코윈, ,송철원,기타법인,161211-0021576,307-81-30122,충청남도 공주시 유구읍 유구마곡사로 150, ,,제조업 회사 본부,2009-07-01,12월
우림회계법인,woorim accounting corporation,우림회계법인, ,장문원,기타법인,114634-0032467,220-86-92199,서울특별시 강남구 논현동 192-19 에이치타워 14층,www.wrac.co.kr,,공인회계사업,2004-10-08,03월
주식회사 우분트월드,"Ubuntuworld Co., Ltd.",우분트월드, ,이권효,기타법인,284911-0123891,141-81-39713,"서울특별시 송파구 중대로 302 (오금동, 신대원빌딩)6층",ilpumfood.co.kr/,,제조업 회사 본부,2014-02-21,12월
(주)우빈기술개발건축사사무소,WOOBIN ENGINEERING &CONSTRUCTION CO.LTD.,우빈기술개발건축사사무소, ,조연우,기타법인,206211-0025988,417-81-28035,전라남도 여수시 도원로 271 (학동),www.woobineng.com,,건물 및 토목 엔지니어링 서비스업,2003-07-09,12월
(주)우석이엔씨,WOOSEOK E&C ENGINEERING AND CONSTRUCTURE,우석이엔씨, ,이성광,기타법인,110111-5775543,484-81-00148,"서울특별시 송파구 법원로11길 11 B동1110호 (문정동, 문정현대지식산업센터1-1)", ,,건물 및 토목 엔지니어링 서비스업,2015-07-09,12월
주식회사 우성주웰리엠에프지시오,-,우성주웰리엠에프지시오, ,김흥규,기타법인,214911-0005522,403-81-06482,전라북도 익산시 영등동 215-44, ,,공인회계사업,1991-07-24,12월
주식회사 우송개발,Woo Song ,우송개발, ,고은영,기타법인,230111-0313591,491-86-01591,"울산광역시 북구 진장유통로 51-10 (진장동, CGV)", ,,경영 컨설팅업,2019-06-25,12월
(주)우신보석연구원,WOOSHINLAB,우신보석연구원, ,오선주,기타법인,110111-3580803,101-86-28421,"서울특별시 강남구 압구정로32길 11 (신사동, 캐럴라인타워) 201호",www.wooshinlab.com,,"물품 감정, 계량 및 견본 추출업",2006-12-18,12월
우암홀딩스주식회사,"Wooam Holdings Co., Ltd.",우암홀딩스, ,장인우,기타법인,110111-1878185,101-81-54297,서울특별시 종로구 새문안로3길 30 세종로대우빌딩 14층 (내수동), ,,기타 산업 회사 본부,2000-02-15,12월
(주)우영,"WOO YOUNG CO., LTD",우영, ,박준영,기타법인,120111-0838998,130-88-00518,"인천광역시 서구 백범로934번길 32 (가좌동, 우진사료공업사)", ,,경영 컨설팅업,2016-09-19,12월
(주)우영기술단건축사사무소,"WOO YOUNG ENGINEERING & CONSTRUCTION CO.,LTD.",우영기술단건축사사무소, ,김호신,기타법인,200111-0203293,410-81-92502,전라남도 영암군 영암읍 열무정로 12-1 (서남리) 2층, ,,건물 및 토목 엔지니어링 서비스업,2004-12-24,12월
우영회계법인,Woo Young Accounting Corporation,우영회계법인, ,이병주,기타법인,110134-0083919,147-87-00222,서울특별시 강남구 봉은사로 207 (논현동) 케이제이타워 6층, ,,회계 및 세무관련 서비스업,2015-12-16,03월
우인회계법인,Wooin Accounting & Tax,우인회계법인, ,김기현,기타법인,254134-0021057,867-81-00227,"서울특별시 영등포구 여의나루로 53-1 15층 (여의도동, 대오빌딩)",www.iwooin.kr,www.iwooin.kr,공인회계사업,2015-10-26,03월
우일회계법인,Wooil,우일회계법인, ,김범수,기타법인,254134-0021172,663-87-00307,"서울특별시 영등포구 국회대로70길 15-1 6층 601호 (여의도동, 극동브이아이피빌딩)", ,,공인회계사업,2015-12-18,03월
(주)우정바이오,"WOOJUNG BIO, Inc.",우정바이오,215380,천희정,코스닥시장,110111-5649938,810-86-00018,"경기도 화성시 동탄기흥로 593-8 (영천동, 우정바이오 신약클러스터I)",www.woojungbio.kr,,자연과학 및 공학 연구개발업,2015-02-25,12월
(주)우진엔텍,WOOJIN Ntec Inc.,우진엔텍,457550,신상연,코스닥시장,134811-0260331,135-86-28889,"경기도 화성시 동탄역로 24-2 , 24-1",www.woojinntec.com/,,"그 외 기타 전문, 과학 및 기술 서비스업",2013-01-02,12월
우창국제조사평가(주),우창국제조사평가(주),우창국제조사평가, ,문두현,기타법인,110111-3336553,120-86-88643,"서울특별시 강남구 삼성로 608 (삼성동, 우창빌딩)", ,,변리사업,2005-11-08,12월
주식회사 울림엔터테인먼트,"Woollim Entertainment Co., Ltd",울림엔터테인먼트, ,이중엽,기타법인,110111-6090346,111-81-33789,서울특별시 마포구 월드컵북로23길 14 (성산동), ,,매니저업,2016-06-14,12월
울산과학대학교 산학협력단,"Ulsan college, Foundation for Industry-College Cooperation",울산과학대학교산학협력단, ,이남우,기타법인,234271-0002481,620-82-04301,"울산광역시 동구 봉수로 101 (화정동, 울산과학대학동부캠퍼스)",www.uc.ac.kr/sanhak1/,,기타 전문 서비스업,2004-09-01,02월
울산관광발전곤돌라 주식회사,Ulsan Tourism Development Gondola,울산관광발전곤돌라, ,권용철,기타법인,110111-7934444,217-81-50728,"서울특별시 서초구 서초대로74길 23 (서초동, 서초타운트라팰리스) 808호", ,,경영 컨설팅업,2021-07-01,12월
울산대학교기술지주 주식회사,UOUHOLDINGS,울산대학교기술지주, ,박규열,기타법인,230111-0196450,610-86-16448,"울산광역시 남구 대학로 93 5호관 302호(무거동, 울산대학교)", ,,경영 컨설팅업,2012-09-11,12월
울산북구시민햇빛발전주식회사,"ulsan bukgu citizen power co.,ltd",울산북구시민햇빛발전, ,홍부영,기타법인,230111-0195212,620-81-45324,울산광역시 북구 진장동 285-3 울산 진장디플렉스 제1동 제2층 제2023호, ,,"그 외 기타 분류 안된 전문, 과학 및 기술 서비스업",2012-07-24,12월
(주)울타리,"ULTARI CO., LTD.",울타리, ,이창열,기타법인,120111-0135542,139-81-27927,경기도 화성시 마도면 송정리 624-3,www.ultarifurniture.com,,공인회계사업,1996-04-01,12월
(주)울트라트랙코리아,"Ultratrex Korea Co., Ltd.",울트라트랙코리아, ,강윤구,기타법인,110111-0932356,116-81-98206,"서울특별시 강서구 마곡동로 166 510호 (마곡동, 보타닉게이트)", ,,기타 엔지니어링 서비스업,2025-07-21,12월
(주)웅진,"WOONGJIN CO., LTD.",웅진,016880,"윤새봄, 이수영 각자대표",유가증권시장,110111-0346745,208-81-06344,서울특별시 중구 청계천로 24 케이스퀘어 시티,www.woongjin.com,,회사 본부 및 경영 컨설팅 서비스업,1983-03-21,12월
주식회사원규플러스,wonkyu plus,원규플러스, ,최원규,기타법인,110111-4825472,120-87-80726,서울특별시 강남구 영동대로118길 66, ,,인물사진 및 행사용 영상 촬영업,2012-03-21,12월
원더맨톰슨코리아 주식회사,"Marketing Communications Korea Co., Ltd.",원더맨톰슨코리아, ,마크 시글,기타법인,110111-3486960,120-87-04413,"서울특별시 강남구 언주로 541 (역삼동, 에프앤에프사옥본관) 3층", ,,광고 대행업,2006-08-01,12월
(주)원더보이즈필름,wonderboys film,원더보이즈필름, ,이명기,기타법인,110111-3168849,211-87-61156,서울특별시 강남구 도산대로24길 25 (논현동), ,,광고 대행업,2005-02-15,12월
주식회사 원데이즈인터네셔널,"Onedays International Co.,Ltd.",원데이즈인터네셔널, ,서해석,기타법인,110111-2259144,106-86-00374,"경기도 성남시 분당구 성남대로 393 (정자동, 두산위브파빌리온) 비동 24층 2411호", ,,경영 컨설팅업,2001-06-12,12월
주식회사 원데이즈프라이빗에쿼티,"Onedays Private Equity Co., Ltd.",원데이즈프라이빗에쿼티, ,최형철,기타법인,110111-5125136,120-87-97697,"서울특별시 강남구 테헤란로 134 (역삼동, 포스코타워역삼) 16층", ,,경영 컨설팅업,2013-04-30,12월
원방삼현 주식회사,WONBANG SAMHYUN INC.,원방삼현, ,김규범,기타법인,284411-0105518,160-88-01333,경기도 포천시 화합로 169-32 1층 (동교동), ,,경영 컨설팅업,2019-03-13,12월
(주)원스테이지,"Onestage Co.,Ltd",원스테이지, ,김홍태,기타법인,110111-1549067,214-86-23630,"서울특별시 용산구 효창원로 6-4 (원효로4가, 금홍2빌딩)", ,,경영 컨설팅업,1998-05-23,12월
(주)원스톤커뮤니케이션,"Onestone Communication co., Ltd.",원스톤커뮤니케이션, ,이미경,기타법인,110111-1896442,211-86-92142,서울특별시 강남구 역삼동 820-8 신성빌딩 12층, ,,광고 대행업,2000-03-05,12월
주식회사 원시그니처,"One Signature Co., Ltd.",원시그니처, ,강찬이,기타법인,110111-8650487,491-88-02745,서울특별시 용산구 유엔빌리지3길 8 (한남동) 401호, ,,경영 컨설팅업,2023-06-01,12월
(주)원양건축사사무소,WONYANG Architects & Engineers,원양건축사사무소, ,"이종찬, 이승연",기타법인,110111-1299935,120-81-63763,"서울특별시 강남구 테헤란로63길 20 (삼성동, 제이제이빌딩)",wonyang.net,,"건축기술, 엔지니어링 및 관련 기술 서비스업",1996-07-22,03월
주식회사 원와이즈,OneWise,원와이즈, ,배수영,기타법인,110111-5810951,195-86-00281,"서울특별시 서초구 명달로 54 (서초동, 혜원빌딩), 7층", ,,경영 컨설팅업,2015-08-18,12월
주식회사 원우,DaejunBricks,원우, ,shin mark jungho,기타법인,110111-6555845,886-88-00907,"서울특별시 강남구 테헤란로82길 15 1302호(대치동,디아이타워)", ,,"그 외 기타 전문, 과학 및 기술 서비스업",2017-12-28,12월
(주)원우기술개발,WONWOO,원우기술개발, ,박주원,기타법인,205211-0015154,408-81-45044,전라남도 장성군 장성읍 영천로 191 (영천리), ,,건물 및 토목 엔지니어링 서비스업,2001-02-15,12월
주식회사 원정인프라홀딩스,"Wonjeong Infra Hodlings Co., Ltd.",원정인프라홀딩스, ,PIAO HEFENG(박학봉),기타법인,110111-0931586,826-87-03905,"서울특별시 중랑구 봉화산로 194 (신내동, 신아타운) 3층 369-B001호", ,,경영 컨설팅업,2025-07-11,12월
(주)원종합엔지니어링,WON ENGINEERING,원종합엔지니어링, ,김선영,기타법인,134411-0011550,126-81-32399,"서울특별시 강남구 언주로 711 5층(논현동, 건설회관)", ,,건축설계 및 관련 서비스업,1998-01-19,12월
(주)원진바이오헬스케어,"WONJIN BIO HEALTHCARE Co., Ltd.",원진바이오헬스케어, ,김민경,기타법인,110111-5837608,613-81-80473,"서울특별시 서초구 강남대로65길 12 (서초동, 한서그린빌리지) 313호", ,,의학 및 약학 연구개발업,2015-09-15,12월
원진테크 (주),WON JIN Tech.co.kr,원진테크, ,정효찬,기타법인,230111-0172038,610-86-05465,"울산광역시 울주군 웅촌면 부채골길 24-30 (삼산동,태화빌딩 102호)",won jin tec go.kr,,제조업 회사 본부,2010-12-29,12월
주식회사 원진파트너스,WONJINPARTNERS,원진파트너스, ,안원환,기타법인,110111-7411913,745-81-01509,"서울특별시 강남구 언주로93길 10 (역삼동, 후너스역삼빌딩)", ,,경영 컨설팅업,2022-05-24,12월
원진회계법인,Wonjin Accounting Corporation,원진회계법인, ,"서동우, 황선욱",기타법인,114634-0038647,211-88-47603,"서울특별시 서초구 논현로 87 B동 5층(양재동, 삼호물산빌딩)", ,,공인회계사업,2010-08-17,03월
원케이컴퍼니 주식회사,-,원케이컴퍼니, ,이봉관,기타법인,110111-6576809,539-81-00813,"서울특별시 영등포구 의사당대로 97 (여의도동, 교보증권빌딩)",-,,회사 본부 및 경영 컨설팅 서비스업,2017-11-23,11월
(주)원택,"ONETECH Co.,",원택, ,김인철,기타법인,110111-0970940,214-81-59754,경기도 광주시 초월읍 진새골길 43-14 (대쌍령리), ,www.onetech.co.kr,"기타 기술 시험, 검사 및 분석업",1989-08-01,12월
(주)원테크,"OneTech Co., Ltd.",원테크, ,이효중,기타법인,161411-0032876,316-81-26199,경기도 화성시 향남읍 칼바위길 49-22 (상신리), ,,제조업 회사 본부,2015-03-01,12월
주식회사 원팀피플,OneTeam People,원팀피플, ,송일영,기타법인,110111-7968807,875-86-02269,서울특별시 마포구 와우산로29나길 24-4 2층(서교동), ,,경영 컨설팅업,2021-07-26,12월
주식회사 원헌드레드레이블,One hundred label,원헌드레드레이블, ,강찬이,기타법인,110111-8689858,510-86-02867,서울특별시 강남구 선릉로132길 25 (청담동), ,,매니저업,2023-07-17,12월
(주)월간윤종신,"Monthly Yoonjongshin Co.,Ltd",월간윤종신, ,"윤종신, 전미옥",기타법인,110111-4637231,101-86-65071,"서울특별시 용산구 이태원로54길 58-12 (한남동)1층,2층",yoonjongshin.com,,매니저업,2011-07-18,03월
(주) 월드파워코리아, WORLD POWER OF KOREA CO LTD,월드파워코리아, ,나규성외 1명 (이장호),기타법인,110111-5519066,220-88-88840,서울특별시 강남구 강남대로94길 88 (역삼동) 역삼산업빌딩 4층, ,,"그 외 기타 분류 안된 전문, 과학 및 기술 서비스업",2014-10-01,12월
월송앤컴퍼니 주식회사,"WULSONG & COMPANY CO., Ltd",월송앤컴퍼니, ,유승진,기타법인,110111-8422711,694-86-03015,"서울특별시 강남구 언주로30길 26 (도곡동, 타워팰리스) 지동 9층 910호", ,,경영 컨설팅업,2022-09-15,12월
월송티앤씨 주식회사,"WULSONG TNC CO., Ltd",월송티앤씨, ,유승진,기타법인,110111-8422604,567-81-02586,"서울특별시 강남구 언주로30길 26 (도곡동, 타워팰리스) 지동 9층 910호", ,,경영 컨설팅업,2022-09-15,12월
주식회사 웨이크원 (wakeone),wakeone Co. Ltd.,웨이크원(wakeone), ,방윤태,기타법인,110111-5342582,261-81-07698,"서울특별시 마포구 토정로 153 (하중동, 하중동빌딩) 지하1층,1층,3층", ,,매니저업,2014-02-18,12월
웰릭스파이낸셜그룹(주),Welrix Financial Group Corporation,웰릭스파이낸셜그룹, ,금영섭,기타법인,110111-4489286,113-86-44384,"서울특별시 용산구 한강대로 148 7층 (한강로2가, 웰컴금융타워)", ,,경영 컨설팅업,2010-12-10,12월
웰마커바이오 주식회사,"Wellmarker Bio Co., LTD.",웰마커바이오, ,진동훈,기타법인,110111-6267705,847-87-00472,"서울특별시 송파구 송파대로 155 (문정동, NH송파농협) 7층",www.wmbio.co,,의학 및 약학 연구개발업,2016-12-22,12월
(주)웰메이드엔터테인먼트,Well made entertainment,웰메이드엔터테인먼트, ,조대원,기타법인,110111-3043025,211-87-52147,서울특별시 강남구 청담1동 52-1 인희빌딩 2층, ,,매니저업,2004-07-03,12월
주식회사 웰스베이,WEALTHBAY INVEST,웰스베이, ,정상훈,기타법인,110111-5981744,866-88-00368,서울특별시 강남구 언주로97길 11-2 (역삼동) 101호,www.wbinvest.com,,기타 전문 서비스업,2016-02-23,12월
웹스크리에이티브 주식회사,WEBSPREAD,웹스크리에이티브, ,"장우영, 박지환",기타법인,110111-2439308,211-87-09335,서울특별시 강남구 테헤란로 314 금성빌딩 7층 (역삼동),www.webspread.kr,,광고 대행업,2002-02-02,12월
주식회사위고고파트너스,wegogo partners,위고고파트너스, ,박형규,기타법인,110111-7386504,402-88-01732,"서울특별시 강남구 테헤란로 128 (역삼동, 성곡빌딩)", ,,경영 컨설팅업,2020-01-14,12월
위너스펀딩 주식회사,winnersfunding,위너스펀딩, ,승호성,기타법인,180111-1287944,132-87-01705,"부산광역시 해운대구 센텀중앙로 48 (우동, 에이스하이테크21) 2005호", ,,경영 컨설팅업,2020-05-07,12월
(주)위니언,WYNNIEN,위니언, ,"김덕하, 윤철수",기타법인,110111-4076877,201-86-10667,"서울특별시 서초구 서초대로77길 9 13층(서초동, 강남누드죤빌딩)", ,,광고 대행업,2009-05-01,12월
(주)위니치,WINEACH CORPORATION,위니치, ,조상현,기타법인,110111-1985740,120-86-06108,"서울특별시 강남구 학동로 402 (삼성동, 천마빌딩 2층)",www.wineach.co.kr,,경영 컨설팅업,2000-06-02,12월
(주)위더스글로벌그룹,"Withus Global Group Co., Ltd.",위더스글로벌그룹, ,이원영,기타법인,110111-5080421,120-87-95423,"서울특별시 강남구 영동대로 511 3304 (삼성동, 트레이드타워)",wgg.co.kr,,광고 대행업,2013-12-11,12월
위더스스포츠주식회사,withusports,위더스스포츠, ,정정일,기타법인,110111-2213497,101-81-69131,"서울특별시 서초구 방배로27길 27 (방배동, 동우빌딩)", ,,경영 컨설팅업,2001-04-16,12월
주식회사 위더코어,"Wethecore Co., Ltd.",위더코어, ,이원욱,기타법인,110111-7476248,650-87-01751,서울특별시 강남구 언주로149길 17 (논현동) 5층, ,,경영 컨설팅업,2020-05-04,12월
주식회사 위드,"WITH Co., Ltd.",위드, ,이재춘,기타법인,134211-0240020,487-87-02036,경기도 광주시 초월읍 현산로 83 (도평리), ,,광고 대행업,2020-10-07,12월
주식회사 위드내추럴,WITHNATURAL,위드내추럴, ,서기성,기타법인,110111-5462976,110-86-12980,"서울특별시 도봉구 방학로3길 6 (방학동, SYO빌딩) 5층", ,,경영 컨설팅업,2014-07-10,12월
주식회사 위드윈이앤씨,WIDWIN E&C,위드윈이앤씨, ,안성민,기타법인,110111-5772490,665-88-00130,"서울특별시 서초구 강남대로 631 (잠원동, 크레신타워) 1501호", ,,경영 컨설팅업,2015-10-07,12월
(주)위드윈홀딩스,WIDWIN HOLDINGS,위드윈홀딩스, ,안성민,기타법인,110111-4652354,107-87-55544,"서울특별시 강남구 학동로3길 41 1층 (논현동, 연우빌딩)", ,,경영 컨설팅업,2011-07-22,12월
위드파트너스 주식회사,"Wid partners Co.,Ltd.",위드파트너스, ,박정윤,기타법인,135711-0150856,660-87-01743,"경기도 화성시 동탄첨단산업1로 27 (영천동, 금강펜테리움IX타워) B동 2944호", ,,경영 컨설팅업,2020-02-14,12월
위드회계법인,WITH Accounting corporation,위드회계법인, ,이영석,기타법인,110114-0035615,211-87-03874,"서울특별시 강남구 언주로 711 (논현동, 건설회관) 13층", ,,공인회계사업,2001-11-12,03월
주식회사 위버랩스,"UBER LABS Co., Ltd.",위버랩스, ,하지성,기타법인,110111-7793428,224-88-01864,서울특별시 강남구 언주로 647 4층 478호(논현동), ,,경영 컨설팅업,2021-02-22,12월
주식회사 위벨롭먼트,"wevelopment Co.,Ltd.",위벨롭먼트, ,정승민,기타법인,131411-0415630,329-88-01081,"경기도 안산시 단원구 광덕대로 137 (고잔동, 밀레니엄1) 6층 601호",wevelop.net,,경영 컨설팅업,2018-07-11,12월
(유)위시본,Wishbone,위시본, ,임지현,기타법인,110114-0330479,488-86-03142,서울특별시 강남구 선릉로92길 28 4층 4200호 (삼성동), ,,공공관계 서비스업,2024-02-26,12월
주식회사 위시파트너스,"Wish Partners Co., Ltd",위시파트너스, ,한수지,기타법인,110111-5376094,105-88-00792,"서울특별시 구로구 가마산로 282 963호(구로동, 대림오피스밸리)", ,,경영 컨설팅업,2018-11-21,12월
주식회사 위에화엔터테인먼트코리아,"YUEHUA ENTERTAINMENT KOREA CO., LTD",위에화엔터테인먼트코리아, ,이상규,기타법인,110111-5502368,220-88-87856,서울특별시 강남구 논현로 403,www.yhfamily.co.kr,,매니저업,2014-08-28,12월
(주)위즈커뮤니케이션,"Wiz communications Co.,Ltd",위즈커뮤니케이션, ,김진국,기타법인,110111-2214825,214-86-80010,"서울특별시 강남구 언주로 337 6층 (역삼동, 동영문화센터)",www.wiz.co.kr,,기타 과학기술 서비스업,2001-04-12,12월
(주) 위코어,Wecore.co.kr,위코어, ,이동화,기타법인,110111-5152262,264-81-17313,서울특별시 서초구 서초동 효령로72길 57,-,,경영 컨설팅업,2013-06-18,12월
위피앤씨 주식회사,Webcash Vector Corporation,위피앤씨, ,이석환,기타법인,110111-4880335,107-87-72295,"서울특별시 영등포구 영신로 220 (영등포동8가, KnK디지털타워 20층)", ,,경영 컨설팅업,2012-05-30,12월
주식회사 윈가드코리아,"wingruard korea co.,Ltd",윈가드코리아, ,정미나,기타법인,110111-5114882,264-81-14413,"서울특별시 강남구 선릉로 704 1244(청담동, 청담빌딩)", ,,경영 컨설팅업,2013-04-14,12월
주식회사 윈드시너지,Windsynergy Co. Ltd.,윈드시너지, ,오창근,기타법인,110111-5728568,738-88-00078,"경기도 성남시 분당구 판교역로 230 B동 501호(삼평동, 삼환하이펙스)",www.windsynergy.co.kr/,,"건축기술, 엔지니어링 및 관련 기술 서비스업",2015-05-20,12월
주식회사 윈윈컨설팅,"Winwin Consulting Co., Ltd.",윈윈컨설팅, ,승문수,기타법인,110111-6306355,627-86-00624,"서울특별시 강동구 천호대로 1006 1306호 (성내동, 브라운스톤천호)", ,,경영 컨설팅업,2017-02-08,12월
(주)윈택씨앤씨건축사사무소,WINTECH C&C,윈택씨앤씨건축사사무소, ,김재열,기타법인,110111-1926736,120-86-03998,서울특별시 서초구 방배동 910-14 청유빌딩 3층,www.wcnc.co.kr,,건축설계 및 관련 서비스업,2000-04-19,12월
(주)윈테코,WINTECO,윈테코, ,정석윤,기타법인,111511-0050222,127-81-72749,"서울특별시 금천구 디지털로9길 65 (가산동, 백상스타타워1차)1301-3", ,,건물 및 토목 엔지니어링 서비스업,2002-03-15,12월
(주)윈텍,WINTEK,윈텍, ,이길래,기타법인,131111-0088623,129-81-57778,"경기도 성남시 분당구 구미로 120 (구미동, 건우스포츠프라자) 201",win-tek.co.kr/,,"그 외 기타 분류 안된 전문, 과학 및 기술 서비스업",2003-01-03,12월
주식회사 윌러스표준기술연구소,WILUS Institute of Standards and Technology Inc. ,윌러스표준기술연구소, ,곽진삼,기타법인,110111-4874544,212-86-00290,"경기도 성남시 분당구 황새울로 216 (수내동, 휴맥스빌리지) 5층", ,,전기ㆍ전자공학 연구개발업,2012-05-23,12월
주식회사 윌엔터테인먼트,Will Entertainment Inc.,윌엔터테인먼트, ,손지현,기타법인,110111-4699132,220-88-25530,"서울특별시 강남구 언주로 617 5층(논현동,논현자동차전시장빌딩)",www.willent.co.kr,,매니저업,2011-10-04,12월
윙쉽테크놀러지(주),Wing Ship Technology Corp.,윙쉽테크놀러지, ,강창구,기타법인,160111-0234081,314-81-94371,대전광역시 유성구 관평동 1359번지 한신SMECA 528호 529호 530호,www.wingship.com,,자연과학 및 공학 연구개발업,2007-11-28,12월
주식회사 유끼커뮤니케이션,YOOKKY COMMUNICATION,유끼커뮤니케이션, ,이종수,기타법인,110111-3166497,211-87-60948,서울특별시 강남구 언주로170길 37 (신사동),www.yookky.com,,광고 대행업,2005-02-04,12월
주식회사 유나스엔터테인먼트,UNAS ENTERTAINMENT,유나스엔터테인먼트, ,송문규,기타법인,110111-6059227,810-87-00510,"서울특별시 강남구 도산대로50길 25 2층, 3층(논현동, 유나스빌딩)",www.unas.co.kr/,,광고 대행업,2016-05-13,12월
유노비아 주식회사,"YUNOVIA CO., LTD.",유노비아, ,"서진식, 최성구",기타법인,134811-0769739,443-88-02917,경기도 화성시 삼성1로1길 20 (석우동), ,,"그 외 기타 분류 안된 전문, 과학 및 기술 서비스업",2023-11-01,12월
(주)유니,UNI. CO.LTD,유니, ,이장원,기타법인,110111-1414343,114-81-79974,서울특별시 종로구 북촌로 80 (가회동), ,,매니저업,2005-11-04,12월
(주)유니기획,Uni Communications Inc,유니기획, ,최선규,기타법인,110111-0902216,229-81-12182,"서울특별시 서초구 바우뫼로27길 2 2층(양재동, 일동홀딩스(주)사옥)",www.uni-ad.com,,광고 대행업,1992-11-17,12월
유니버설 엔터테인먼트 ,Universal Entertainment ,유니버설엔터테인먼트, ,쿠도 마사나오,기타법인,120111-0585078,131-86-31698,인천광역시 연수구 송도동 7-50 미추홀타워 10층 1006호,www.universal-777.com,,경영 컨설팅업,2011-10-17,12월
유니베스트 주식회사,"Unibest Co,.Ltd.",유니베스트, ,임병진,기타법인,121111-0267469,130-86-91354,"서울특별시 강남구 논현로 641 (논현동, 논현동대우아이빌힐타운)702호", ,,기타 전문 서비스업,2014-04-02,12월
유니스토리자산운용(주),"Unistory Asset Management.Co,Ltd",유니스토리자산운용, ,윤창보,기타법인,110111-7175006,562-86-01495,"서울특별시 영등포구 여의공원로 101 (여의도동, C.C.M.M빌딩)",wwww.utim.co.kr,,경영 컨설팅 및 공공 관계 서비스업,2019-07-17,12월
(주)유니온,"UNION CO., LTD",유니온, ,박진규,기타법인,194911-0029882,612-81-45527,경상남도 거제시 중곡로1길 49 황제빌딩 4층(고현동),www.unionkr.com,,기타 엔지니어링 서비스업,2013-08-27,12월
(주)유니원커뮤니케이션즈,"UNIONE Communications.CO.,Ltd.",유니원커뮤니케이션즈, ,박지광,기타법인,110111-8680559,539-81-03047,서울특별시 서초구 서운로 42 B1-5층(서초동), ,,광고 대행업,2023-07-01,12월
유니콘네스트창업투자 주식회사,"Unicorn Nest investment co.,Ltd",유니콘네스트창업투자, ,이기택,기타법인,110111-6843323,241-86-01211,"서울특별시 강남구 영동대로 511 (삼성동, 트레이드타워) 3401호", ,,경영 컨설팅업,2018-08-17,12월
(주)유니콘파트너스,"unicorn partners co., Ltd",유니콘파트너스, ,김희수,기타법인,110111-6055275,474-81-00404,"서울특별시 강남구 테헤란로 145 (역삼동, 우신빌딩)", ,,경영 컨설팅업,2016-05-12,12월
유니크코리아인베스트먼트(주),"unique korea investment co., ltd",유니크코리아인베스트먼트, ,김수진,기타법인,110111-1696610,120-81-89012,서울특별시 영등포구 여의도동 라이프오피스텔빌딩 546호, ,,경영 컨설팅업,1999-05-13,03월
주식회사 유니프로,unipro Co.Ltd,유니프로, ,양승민,기타법인,214911-0068702,462-81-02490,전라북도 익산시 왕궁면 송선길 42, ,,경영 컨설팅업,2022-03-16,12월
주식회사 유디,"UD Co., Ltd",유디, ,고광욱,기타법인,110111-4862664,214-88-96592,서울특별시 영등포구 여의대방로 65길 6 센터빌딩 7층,http://www.udh.co.kr,,경영 컨설팅업,2012-05-08,12월
주식회사 유디엠,"URBAN Digital Marketing Co., Ltd.",유디엠, ,박종욱,기타법인,110111-4740638,119-86-49825,"서울특별시 금천구 가산디지털1로 181 10층 1001호 1002호 1003호 1004호 1007호 1008호(가산동, 가산더블유센터)", ,,시장조사 및 여론조사업,2011-12-01,12월
주식회사 유라인홀딩스,"U Line Holdings Co., Ltd.",유라인홀딩스, ,유승민,기타법인,110111-6471372,384-87-00874,"서울특별시 강남구 선릉로160길 7 (청담동, ULINE) 4층", ,,경영 컨설팅업,2017-07-26,12월
주식회사 유러스에너지코리아,Eurus Energy Korea Corporation,유러스에너지코리아, ,에사키 코타,기타법인,110111-3287897,120-86-85189,"서울특별시 강남구 영동대로 511 (삼성동, 트레이드타워) 2506호", ,,기타 전문 서비스업,2005-08-16,12월
주식회사유렌코리아,"YUREN KOREA CO.,LTD.",유렌코리아, ,김영휘,기타법인,110111-6013158,715-81-00417,"서울특별시 금천구 가산디지털1로 168 (가산동, 우림라이온스밸리) B-1312, C-203",www.ruuic.co.kr,,제조업 회사 본부,2016-03-25,12월
주식회사 유로핀즈케이씨티엘,KCTL Inc.,유로핀즈케이씨티엘, ,최창영,기타법인,134511-0050720,135-81-47222,경기도 수원시 영통구 신원로 65 (신동),www.kctl.co.kr,,전기ㆍ전자공학 연구개발업,2011-07-10,12월
주식회사 유리웍스,yurieworks,유리웍스, ,정크리스토퍼영,기타법인,110111-3579658,211-87-90398,서울특별시 강남구 대치동 890-16 하이리빙빌딩 9층, ,,경영 컨설팅업,2006-01-13,12월
주식회사 유리홀딩스,"YURI HOLDINGS CO., LTD.",유리홀딩스, ,안효윤,기타법인,110111-5946748,408-88-00269,"서울특별시 강남구 테헤란로 521 30층 (삼성동, 파르나스타워)",www.yuriholdings.com,,매니저업,2016-01-14,12월
유미홀딩스 (주),"Bullscoco Co., Ltd.",유미홀딩스, ,박건수,기타법인,110111-2319146,211-87-00431,서울특별시 서초구 서초1동 1628-11 영원빌딩 3층,www.bullscoco.com,,경영 컨설팅업,2001-08-29,12월
(주)유민엔지니어링종합건축사사무소,YOOMIN ARCHITECTS & ENIGNEERS,유민엔지니어링종합건축사사무소, ,서의권,기타법인,110111-0896336,118-81-06662,"서울특별시 서초구 반포대로 89 (서초동, 유민빌딩) 5층",www.yoomin.co.kr,,제도업,1999-06-04,12월
유바이오(주),Ubio Inc.,유바이오, ,김건남,기타법인,110111-3693680,215-87-03366,"서울특별시 송파구 삼전로 69 (잠실동, 유니메드빌딩) 2층", ,,의학 및 약학 연구개발업,2007-06-08,12월
주식회사 유바이오파트너스,EuBioPartners,유바이오파트너스, ,김병용,기타법인,110111-7699593,813-81-01971,"서울특별시 서초구 양재천로 103-18 2층(양재동, 모노제이빌딩)", ,,경영 컨설팅업,2020-11-30,12월
주식회사 유비쿼스이앤엠,Ubiquoss E&M Inc.,유비쿼스이앤엠, ,김수한,기타법인,131111-0475367,225-81-27664,경기도 성남시 분당구 판교로255번길 68 (삼평동) 유비쿼스B/D,www.ubiquoss.com,,경영 컨설팅업,2017-03-02,12월
주식회사 유빅스테라퓨틱스,"Ubix Therapeutics, Inc",유빅스테라퓨틱스, ,서보광,기타법인,110111-6783785,165-81-01095,"서울특별시 송파구 법원로11길 7 (문정동, 문정현대지식산업센터1-2) 1512호",ubixtrx.com/,,의학 및 약학 연구개발업,2018-06-28,12월
유빅스테크놀러지,"UBIX Technology Co.,Ltd.",유빅스테크놀러지, ,강래훈,기타법인,110111-3856775,220-87-63084,서울특별시 강남구 역삼동 706-15 성보빌딩 10층,www.ubix-tech.com,,"그 외 기타 전문, 과학 및 기술 서비스업",2008-03-10,12월
유빈홀딩스(주),"Yuvin Holdings Co., Ltd.",유빈홀딩스, ,김수연,기타법인,110111-2853277,209-81-35880,서울특별시 성북구 장위동 149-19, ,,경영 컨설팅업,2003-09-04,12월
(주)유선엔지니어링건축사사무소,"USUN CO.,LTD",유선엔지니어링건축사사무소, ,조영돈,기타법인,110111-1843394,120-81-97884,"서울특별시 강남구 봉은사로 422 (삼성동, 원경빌딩 302)", ,,건축설계 및 관련 서비스업,2000-01-11,12월
주식회사 유세이홀딩스,Yousay Holdings Inc,유세이홀딩스, ,박종필,기타법인,110111-2234691,114-86-24436,경기도 성남시 분당구 정자동 두산위브파빌리온 A동 315호, ,,경영 컨설팅업,2002-12-25,12월
(주)유수홀딩스,"EUSU HOLDINGS CO., LTD.",유수홀딩스,000700,송영규,유가증권시장,110111-0003262,116-81-35822,"서울특별시 영등포구 여의나루로 60 9층 (여의도동, 포스트타워)",www.eusu-holdings.com,,회사 본부 및 경영 컨설팅 서비스업,1950-01-01,12월
(주)유신,Yooshin Engineering Corporation,유신,054930,"박석성, 전경수, 장학성",코스닥시장,110111-0061666,220-81-18141,"서울특별시 동작구 보라매로5가길 24 4층(신대방, 보라매나산스위트)",www.yooshin.co.kr,,건축설계 및 관련 서비스업,1966-01-17,12월
(주)유신건축종합건축사사무소,"YOOSHIN ARCHITECTS & ENGINEERS, INC.",유신건축종합건축사사무소, ,김지덕,기타법인,110111-0301971,213-81-00226,경기도 안양시 동안구 평촌대로227번길 48 승진빌딩 5층,www.yooshinae.co.kr,,건축설계 및 관련 서비스업,1981-09-17,12월
주식회사 유아이엘홀딩스,"UIL Holdings Co., Ltd",유아이엘홀딩스, ,박찬화,기타법인,284911-0160984,648-81-00534,"경기도 파주시 광탄면 보광로 870 (마장리, 2층)", ,,경영 컨설팅업,2016-11-10,12월
(주)유아이지, ,유아이지, ,김홍철,기타법인,110111-2290312,220-86-16662,서울특별시 강남구 삼성동 157-33 옥산빌딩 501,www.ucgkorea.com,,경영 컨설팅업,2001-07-19,12월
(주)유아이홀딩스,UIHOLDINGS,유아이홀딩스, ,김종수,기타법인,170111-0542523,514-81-96168,대구광역시 달서구 성서4차첨단로 76, ,,경영 컨설팅업,2014-10-01,12월
유앤아이글로벌파트너스 주식회사,Y&I Global Partners Inc.,유앤아이글로벌파트너스, ,안정훈,기타법인,110111-6345105,571-88-00607,"서울특별시 영등포구 국제금융로6길 30 (여의도동, 백상빌딩) 608호", ,,경영 컨설팅업,2017-04-03,12월
주식회사 유앤파트너스,YOU N PARTNERS,유앤파트너스, ,주상훈,기타법인,131111-0514412,750-86-01132,"경기도 성남시 분당구 내정로17번길 2 5009호(정자동, 한솔프라자)", ,,경영 컨설팅업,2018-04-09,12월
주식회사유어넷,Yournet Inc.,유어넷, ,"주영천, 채진석",기타법인,110111-3111153,114-86-39924,서울특별시 서초구 우면동 17 KT연구개발센터 내,www.ktyournet.co.kr,www.ktyournet.co.kr,전기ㆍ전자공학 연구개발업,2004-11-04,12월
(주)유에스티21,UST21 inc,유에스티21, ,김종욱,기타법인,120111-0209959,121-81-33938,"인천광역시 연수구 갯벌로 129 (송도동, 산업기술연구집적센터) 503호",www.ust21.co.kr,,기타 엔지니어링 서비스업,1999-12-28,12월
주식회사 유에이에이아이엔씨,UAAINC,유에이에이아이엔씨, ,박현정,기타법인,110111-7709798,613-87-01994,서울특별시 강남구 선릉로119길 20 3층(논현동), ,,매니저업,2020-12-09,12월
주식회사 유엔인베스트먼트,"UN Investment Co.,Ltd.",유엔인베스트먼트, ,이재칠,기타법인,110111-5472157,261-81-15937,서울특별시 강남구 학동로23길 29 (논현동), ,,경영 컨설팅업,2014-07-22,12월
유엘코리아(주),UL KOREA LTD.,유엘코리아, ,사지브제수다스,기타법인,110111-1260530,116-81-59649,"서울특별시 강남구 테헤란로 152 (역삼동, 강남파이낸스센터) 26층",korea.ul.com/,,"기타 기술 시험, 검사 및 분석업",1996-04-15,12월
(주)유엠아이,"UMI Co., Ltd.",유엠아이, ,박종현,기타법인,160111-0202632,314-81-80504,대전광역시 유성구 전민동 461-61,없음,,기타 엔지니어링 서비스업,2006-02-02,12월
주식회사 유엠엑스,UMX,유엠엑스, ,이완기,기타법인,230111-0140788,620-81-30345,울산광역시 중구 학성동 409-1 울산문화방송, ,,광고업,2008-02-01,12월
유영검사(주),"YU-YEONG Inspection co., LTD",유영검사, ,임우택,기타법인,110111-3295494,211-87-70387,서울특별시 강남구 도산대로51길 20 3층 (신사동), ,,"기타 기술 시험, 검사 및 분석업",2005-10-01,12월
(주)유원건축사사무소,youwon architect&engineering,유원건축사사무소, ,김기원  오형환,기타법인,134511-0018083,135-81-18988,경기도 용인시 처인구 역북동 428-7, ,,건축설계 및 관련 서비스업,1996-04-10,12월
(주)유일씨스템즈,"Yuilsystems Co., LTD",유일씨스템즈, ,최경희,기타법인,110111-4484046,104-86-32360,서울특별시 중구 저동2가 78번지 비즈센타 814호, ,,경영 컨설팅업,2010-12-02,12월
(주)유일엔지니어링종합건축사사무소,"Yooil Architects & Engineering Co., Ltd.",유일엔지니어링종합건축사사무소, ,김환성,기타법인,110111-1208879,220-81-05762,"경기도 안양시 동안구 시민대로 317 901,902호(관양동, 대한스마트타워)", ,,건축설계 및 관련 서비스업,1995-11-01,12월
주식회사 유주네트웍스,uzunetworks,유주네트웍스, ,김도균,기타법인,134511-0323218,583-87-00675,"서울특별시 강남구 테헤란로 146 1314호 (역삼동, 현익빌딩)", ,,경영 컨설팅업,2017-06-09,12월
주식회사 유지엠씨,UGMC,유지엠씨, ,황문숙,기타법인,110111-4038918,107-87-16916,"서울특별시 강남구 언주로 432-6 9층(역삼동, 성보빌딩Ⅱ)", ,,전문 서비스업,2009-02-05,12월
주식회사 유진메트로컴,YUJIN METRO COMMUNICATIONS.INC,유진메트로컴, ,정흥식,기타법인,110111-2873522,120-86-58402,"서울특별시 강남구 영동대로 511 1302호(삼성동, 트레이드타워)",www.yujinmetro.com,,광고 대행업,2003-10-10,12월
유진바이오에너지 주식회사,"EUGENE BioEnergy Co., Ltd.",유진바이오에너지, ,장성언,기타법인,110111-5629344,105-88-14812,"경기도 용인시 기흥구 흥덕중앙로 120 906호(영덕동, UTOWER)", ,,"그 외 기타 분류 안된 전문, 과학 및 기술 서비스업",2015-01-05,12월
유진엔랩 주식회사,"Eugene En Lab Co., Ltd.",유진엔랩, ,양원돈,기타법인,110111-5606384,105-88-13604,"경기도 용인시 기흥구 흥덕중앙로 120 905호(영덕동, UTOWER)",wwww.eugeneenlab.com,,환경 관련 엔지니어링 서비스업,2015-01-05,12월
유진프라이빗에쿼티 주식회사,"Eugene Private Equity Co.,Ltd.",유진프라이빗에쿼티, ,오주성,기타법인,110111-5654010,295-87-00045,서울특별시 영등포구 국제금융로 39 (여의도동) 16층,https://www.eugenepe.co.kr/,,경영 컨설팅업,2015-03-02,12월
유진회계법인,EUGENE Accounting Corporation,유진회계법인, ,김인천,기타법인,110134-0074744,120-88-04405,"서울특별시 강남구 삼성로86길 18 5층(대치동,우경빌딩)", ,,공인회계사업,2013-10-14,03월
유카인터내셔날(주),"UCA International Co.,Ltd",유카인터내셔날, ,박영신,기타법인,110111-2763799,215-86-41363,서울특별시 강남구 역삼동, ,,경영 컨설팅업,2008-04-18,12월
주식회사 유케이두아이,"UK DO-I CO.,LTD",유케이두아이, ,오기범,기타법인,110111-0265234,104-81-19061,서울특별시 서초구 서초2동 1321-1 강남빌딩 9층,www.ukdo-i.com,,"그 외 기타 분류 안된 전문, 과학 및 기술 서비스업",1979-12-10,12월
유콘파트너스 주식회사,"Ucon Partners Co.,Ltd",유콘파트너스, ,신현욱,기타법인,110111-6571966,631-81-00929,"서울특별시 서초구 논현로 83 12층 20호 (양재동, 삼호물산빌딩)", ,,경영 컨설팅업,2017-11-17,12월
(주)유투바이오,"U2BIO CO., LTD.",유투바이오,221800,김진태,코스닥시장,110111-4022325,113-86-26732,서울특별시 송파구 오금로 489 4층,www.u2bio.com,,물질성분 검사 및 분석업,2009-01-02,12월
(주)유티지,"UTG co., Ltd.",유티지, ,김영준,기타법인,121111-0263235,130-86-88830,경기도 하남시 초광산단로 25 (초이동) 2층, ,,제조업 회사 본부,2014-01-08,03월
주식회사 유포릭,"Euphoric Co., Ltd.",유포릭, ,정초은,기타법인,110111-8368543,183-87-02717,"경기도 양주시 부흥로 1936 (광사동, 다온프라자) 406호", ,,광고 대행업,2022-07-18,12월
(주)유피티파트너스,UPT.Partners,유피티파트너스, ,문재명,기타법인,110111-7311923,724-87-01241,"서울특별시 강동구 천호대로 1073 (천호동, 힐탑프라자) 12층, 1221호", ,,경영 컨설팅업,2019-12-04,12월
주식회사 유현건설,-,유현건설, ,이영석,기타법인,201111-0002381,411-81-21276,광주광역시 북구 신안동 263-3,-,,공인회계사업,1999-04-29,12월
주식회사유현메디탑홀딩스,yuhyun meditop holdings,유현메디탑홀딩스, ,김소라,기타법인,284911-0261138,187-87-02010,"경기도 파주시 경의로 1218 (와동동, 월드타워12차)406-10호", ,,전문 서비스업,2021-09-28,12월
윤결컴퍼니,Yungyeolcompany,윤결컴퍼니, ,김현우,기타법인,170111-0627185,474-81-00592,대구광역시 중구 달구벌대로 2094 5층 (남산동), ,,"광고물 문안, 도안, 설계 등 작성업",2017-01-10,12월
윤성회계법인,YOONSUNG ACCOUNTING FIRM,윤성회계법인, ,조영민,기타법인,110134-0097332,462-87-01514,"서울특별시 강남구 봉은사로 407 (삼성동, 삼화빌딩) 3층", ,,공인회계사업,2019-12-04,03월
윤솔회계법인,Yoon Sol Accounting Corporation,윤솔회계법인, ,송윤한,기타법인,195534-0008512,799-81-02577,경상남도 김해시 호계로 411 (부원동) 골든빌딩 5층, ,,공인회계사업,2022-04-15,03월
주식회사 윤송산업개발,yunsong inc,윤송산업개발, ,정백규,기타법인,205511-0049222,606-88-00484,광주광역시 남구 백양로 27-1 (백운동), ,,기타 자연과학 연구개발업,2017-10-30,12월
주식회사 율리시스코리아,Ulysses Korea,율리시스코리아, ,이준효,기타법인,180111-1124922,537-88-00757,서울특별시 영등포구 국제금융로2길 17 (여의도동) 4층 443호,www.ulyssescap.com,,경영 컨설팅업,2017-11-22,12월
율성회계법인,Yulsung Accounting Corporation,율성회계법인, ,이종택,기타법인,110134-0104385,231-81-11662,"서울특별시 강남구 논현로79길 16 (역삼동, 백조빌딩) 4층", ,,공인회계사업,2021-10-13,03월
율현회계법인,YULHYUN Accountingfirm,율현회계법인, ,류형수,기타법인,110134-0011532,506-81-95474,"서울특별시 강남구 논현로85길 22 8층(역삼동, 동경빌딩)",barotax.co.kr,,공인회계사업,2025-02-03,06월
(주)융도엔지니어링,"Yungdo Engineering Co.,Ltd.",융도엔지니어링, ,"허종구, 이동락",기타법인,110111-0806765,219-81-19626,서울특별시 강남구 봉은사로59길 26 (삼성동),www.yungdo.co.kr,,기타 엔지니어링 서비스업,1991-10-10,12월
주식회사 은,EUN,은, ,유종하,기타법인,134511-0380888,756-87-01952,"서울특별시 강남구 영동대로 602 (삼성동, 삼성동미켈란107) 6층 H1호", ,,경영 컨설팅업,2021-05-20,12월
은민물산 주식회사,EUMMN CORP,은민물산, ,이광자,기타법인,110111-7656535,899-87-02146,서울특별시 강남구 도산대로92길 44 (청담동) 칼라하우스 2층, ,,경영 컨설팅업,2020-10-20,12월
(주)은탑건설,untop,은탑건설, ,이석준,기타법인,200111-0447148,734-86-00242,광주광역시 광산구 사암로 209 (우산동), ,,경영 컨설팅업,2015-12-01,12월
재단법인 의약바이오컨버젼스연구단,Medicinal Bioconvergence Research Center,의약바이오컨버젼스연구단, ,김성훈,기타법인,135822-0006260,135-82-15014,"인천광역시 연수구 송도과학로 85 (송도동, 연세대학교국제캠퍼스) 511동 4층",target.re.kr,,"물리, 화학 및 생물학 연구개발업",2010-10-22,12월
(주)의종,"Eujong Development Co.,Ltd ",의종, ,서정호,기타법인,110111-0252447,203-81-43285,서울특별시 중구 동호로 297 (장충동2가),www.eujong.com,,경영 컨설팅업,1979-04-17,12월
(주)이가에이씨엠건축사사무소,"EGA ACM CO.,LTD",이가에이씨엠건축사사무소, ,오혁근,기타법인,110111-0660434,215-81-08826,경상북도 경산시 성동로 15-1 5층 (정평동), ,,건축설계 및 관련 서비스업,1990-01-17,12월
(주)이가종합건축사사무소,"EGA Architecture Co.,Ltd.",이가종합건축사사무소, ,은동신,기타법인,110111-2006371,211-86-61197,서울특별시 강남구 삼성동 9-2 유라테크빌딩 8층,www.ega-group.com,,건축설계 및 관련 서비스업,2000-06-24,12월
(주)이건 종합건축사사무소 ,"Lee Geon Architects & Engineers Associates co.,Ltd ",이건종합건축사사무소, ,양상훈,기타법인,200111-0040281,409-81-19762,광주광역시 동구 중앙로 306 (계림동), ,,"건축기술, 엔지니어링 및 기타 과학기술 서비스업",1993-07-01,12월
주식회사 이구아수인베스트먼트,"IGUASU Investment LTD.,",이구아수인베스트먼트, ,전영신,기타법인,110111-5900207,498-87-00265,서울특별시 강남구 학동로23길 29 (논현동), ,,경영 컨설팅업,2015-11-25,12월
주식회사 이노그로스,INOGROWS,이노그로스, ,윤강열,기타법인,110111-6902335,614-81-05588,"서울특별시 강동구 진황도로 72 3층 (천호동, SH창업센터)", ,,경영 컨설팅업,2018-10-22,12월
(주)이노디자인,INNODESIGN INC.,이노디자인, ,김영세,기타법인,110111-1644677,120-81-86427,서울특별시 강남구 청담동 1-24 이동수패션빌딩 3층,www.innodesign.com,,제품 디자인업,1999-02-02,12월
(주)이노리어,INNOREA CO.. LTD,이노리어, ,김정미,기타법인,134111-0183983,138-81-56429,"서울특별시 송파구 법원로 128 (문정동, 문정역SKV1) B동 820호", ,,"광고물 문안, 도안, 설계 등 작성업",2009-11-24,12월
이노배어케이티아이파이어드히터스(주),"INNOVARE KTI-FIRED HEATERS CO., LTD.",이노배어케이티아이파이어드히터스, ,이상훈,기타법인,110111-6090388,338-87-00454,"서울특별시 구로구 디지털로34길 55 612호 (구로동, 코오롱싸이언스밸리2차)",www.ktikorea.com,,기타 엔지니어링 서비스업,2016-06-15,12월
주식회사 이노버코리아,INNOVER KOREA Co.,이노버코리아, ,한승우,기타법인,110111-4883272,211-88-91074,"서울특별시 성동구 성수일로12길 26 (성수동2가, 서울숲코리아IT센터) 903호", ,,"광고물 문안, 도안, 설계 등 작성업",2012-06-04,12월
(주)이노버티브홀딩스,"Innovative Holdings Co.,Ltd",이노버티브홀딩스, ,박성훈,기타법인,110111-1729411,106-81-80392,서울특별시 서초구 반포1동 748-1 청호타워 702호, ,,경영 컨설팅업,1999-07-07,12월
(주)이노베이션바이오,"InnoBation Bio Co.,Ltd.",이노베이션바이오, ,유병철,기타법인,131111-0576024,422-88-01681,"서울특별시 마포구 성암로 189 (상암동, 중소기업DMC타워)",www.innobationbio.com/,,의학 및 약학 연구개발업,2019-12-17,12월
이노베이스 주식회사,"Innobase Co.,Ltd",이노베이스, ,안상현,기타법인,134111-0429402,859-81-00298,"경기도 과천시 코오롱로 11 (별양동, 코오롱) 코오롱타워 17층", ,,경영 컨설팅 및 공공 관계 서비스업,2016-01-04,12월
(주)이노보테라퓨틱스,Innovo Therapeutics Inc.,이노보테라퓨틱스, ,박희동,기타법인,110111-7046801,379-86-01520,"서울특별시 마포구 마포대로 38 (도화동, 일신빌딩) 507호",innovothera.co.kr,,의학 및 약학 연구개발업,2019-03-18,12월
주식회사 이노센싱,"Inovative Sensing Co., Ltd",이노센싱, ,장수혁,기타법인,131111-0155802,129-81-93094,서울특별시 구로구 구로5동 103-5 KM타워,www.inosensing.co.kr,,건물 및 토목 엔지니어링 서비스업,2006-01-09,12월
(주)이노션,INNOCEAN WORLDWIDE INC.,이노션,214320,김정아,유가증권시장,110111-3229097,220-87-09310,서울특별시 강남구 강남대로 308,www.innocean.com,,광고 대행업,2005-05-17,12월
주식회사 이노션에스,"INNOCEAN S Co, Ltd.",이노션에스, ,이윤경,기타법인,110111-8806246,246-88-02956,서울특별시 강남구 테헤란로7길 12 7층 (역삼동), ,,광고 대행업,2023-11-30,12월
주식회사 이노아이티,"INNO-IT Co.,Ltd",이노아이티, ,권수일,기타법인,180111-1325231,526-86-01830,"부산광역시 해운대구 센텀서로 24 (우동, KNN아트센터)", ,,전기ㆍ전자공학 연구개발업,2020-11-16,12월
주식회사 이노커뮤니게이션즈,iNNOCOMMUNICATIONS INC,이노커뮤니게이션즈, ,김철수,기타법인,110111-1295834,120-81-65683,서울특별시 강남구 대치4동 910-1 동호빌딩 3층,www.innocom.co.kr,,광고 대행업,1996-07-09,12월
이노클트러스트 유한회사,"Innocle Trust Co., Ltd.",이노클트러스트, ,장석환,기타법인,110114-0249919,355-86-01709,"서울특별시 금천구 가산디지털1로 5 (가산동, 대륭테크노타운20차)", ,,경영 컨설팅업,2019-10-23,12월
주식회사 이노트론테크놀로지,"Innotron Technolncy CO.,LTD.",이노트론테크놀로지, ,김영택,기타법인,110111-3238379,105-86-82771,서울특별시 마포구 성산동 260-4 금수빌딩 3층,innotrontech.com,,전기ㆍ전자공학 연구개발업,2005-05-30,12월
주식회사 이노헬스,innohealth co.ltd,이노헬스, ,김동윤,기타법인,110111-4664143,209-81-53836,서울특별시 성북구 동소문로 305 4층(길음동), ,,경영 컨설팅업,2011-08-01,12월
유한회사 이니코프,INI CORP,이니코프, ,권도균,기타법인,110114-0061298,215-86-83913,서울특별시 은평구 은평로 127 (응암동), ,,전문 서비스업,2006-04-11,12월
(유)이니텍스마트로홀딩스,"INITECHSMARTROHOLDINGS Co., Ltd",이니텍스마트로홀딩스, ,양태헌,기타법인,110114-0079332,215-87-23950,서울특별시 구로구 디지털로31길 20 에이스테크노타워5차 308호 (구로동), ,,경영 컨설팅업,2009-03-23,12월
주식회사 이담엔터테인먼트,EDAM Entertainment Corp.,이담엔터테인먼트, ,배종한,기타법인,110111-7319323,779-87-01692,"서울특별시 송파구 위례성대로 106 (방이동, 한상빌딩)", ,,매니저업,2019-12-10,12월
(주)이더블유비엠,"EWBM Co., Ltd",이더블유비엠, ,OH STEPHEN SANG GEUN,기타법인,131111-0241586,129-86-38742,"경기도 성남시 분당구 장미로 78 (야탑동, 시그마3) 1237호",www.e-wbm.com,,전기ㆍ전자공학 연구개발업,2009-10-15,12월
이데미츠어드밴스트머티리얼즈코리아주식회사,"Idemitsu Advanced Materials Korea Co.,Ltd",이데미츠어드밴스트머티리얼즈코리아, ,"NAGASE TAKAMITSU, KANESHIGE MASAYUKI",기타법인,134811-0732710,840-87-03013,경기도 오산시 경기대로632번길 129-20 (내삼미동), ,,"물리, 화학 및 생물학 연구개발업",2023-03-02,03월
이도그린진천 주식회사,yidogreenjc,이도그린진천, ,정종찬,기타법인,150111-0334031,275-86-02552,충청북도 청주시 흥덕구 옥산면 환희2길 100-16 (환희리), ,,경영 컨설팅업,2022-12-01,12월
이도그린청주 주식회사,yidogreencheongju,이도그린청주, ,정종찬,기타법인,134511-0523446,433-81-02167,충청북도 청주시 흥덕구 옥산면 환희2길 100-16, ,,경영 컨설팅업,2021-07-09,12월
이도블루인천 주식회사,"yido blue incheon co., ltd",이도블루인천, ,정종찬,기타법인,134811-0524943,771-88-01638,경기도 화성시 매송면 매송고색로375번길 5-1 (천천리) 2층, ,,경영 컨설팅업,2019-11-18,12월
이도코어밸류 주식회사,yidocore-value,이도코어밸류, ,정종찬,기타법인,134811-0478380,274-87-01241,"경기도 화성시 효행로 1059 807호(진안동, 미래프라자)", ,,경영 컨설팅업,2018-12-12,12월
이도회계법인,Yido Accounting Corporation,이도회계법인, ,조성찬,기타법인,110134-0097978,782-86-01672,"서울특별시 강남구 삼성로86길 7 (대치동, 삼성빌딩) 9층", ,,공인회계사업,2020-02-03,03월
(주)이든앤앨리스마케팅,Ethan & Alice Marketing Inc.,이든앤앨리스마케팅, ,이정훈,기타법인,110111-0814536,114-81-61606,"서울특별시 서초구 강남대로 483 12층(반포동, 청호빌딩)",www.ethan-alice.com,,광고 대행업,1991-11-06,12월
(주)이래,Erae,이래, ,장창환,기타법인,110111-2922262,211-87-45520,서울특별시 중구 장충동2가 191-6 BH빌딩4층, ,,옥외 광고업,2004-02-23,12월
(주)이랜드벤처스,ELAND VENTURES LIMITED,이랜드벤처스, ,우준호,기타법인,110111-7741972,373-86-01876,"서울특별시 영등포구 국회대로74길 19 11층 1호(여의도동, 동우국제빌딩)", ,,경영 컨설팅업,2021-01-07,12월
(주)이랜드위시디자인,ELAND WISH DESIGN LIMITED,이랜드위시디자인, ,김우섭,기타법인,110111-4609214,119-86-42481,서울특별시 금천구 가산디지털1로 159 (가산동), ,,"패션, 섬유류 및 기타 전문 디자인업",2011-05-24,12월
(주)이랜드인베스트,ELAND INVESTMENT,이랜드인베스트, ,이윤주,기타법인,110111-8440523,267-87-02766,"서울특별시 금천구 가산디지털1로 159 5층 (가산동, 이랜드가산동사옥)", ,,기타 전문 서비스업,2022-10-01,12월
(주)이랜드투자자문,"Eland Investment Management Co.,Ltd",이랜드투자자문, ,오영찬,기타법인,110111-7324562,386-86-01585,"서울특별시 영등포구 국회대로70길 19 (여의도동, 대하빌딩) 6층 610호", ,,경영 컨설팅업,2019-12-17,12월
이롬회계법인,EROM ACCOUNTING,이롬회계법인, ,안후상,기타법인,194234-0001238,561-81-03613,"경상남도 창원시 성산구 충혼로 91 (두대동, 창원문성대학)", ,,공인회계사업,2025-09-30,03월
(주)이루다마케팅,"ERUDAMARKETING CO.,LTD",이루다마케팅, ,최범석,기타법인,110111-5612505,261-81-24396,"서울특별시 성동구 아차산로17길 48 (성수동2가, 성수SKV1CENTERI) 1동 8층,10층", ,,광고 대행업,2015-01-12,12월
주식회사 이룸메디컬,yirum,이룸메디컬, ,김정훈,기타법인,170111-0828238,349-86-02455,대구광역시 북구 원대로 46 (고성동3가), ,,경영 컨설팅업,2021-07-16,12월
이뮤노바이옴 주식회사,ImmunoBiome Inc.,이뮤노바이옴, ,임신혁,기타법인,171711-0147784,610-87-01336,"경상북도 포항시 남구 지곡로 47 2101호(효자동, 바이오오픈이노베이션센터)",www.immunobiome.co.kr,,기타 인문 및 사회과학 연구개발업,2019-06-20,12월
이뮤노포지 주식회사,"ImmunoForge Co.,Ltd.",이뮤노포지, ,"안성민, 장기호",기타법인,131111-0483477,792-88-00830,"서울특별시 금천구 가산디지털1로 58 (가산동, 에이스한솔타워) 1701호~1711호", ,,의학 및 약학 연구개발업,2017-05-16,12월
(주)이뮨온시아,"ImmuneOncia Therapeutics, Inc.",이뮨온시아,424870,김흥태,코스닥시장,134511-0299881,404-87-00519,경기도 용인시 기흥구 탑실로35번길 25,www.immuneoncia.com/immun/,,의학 및 약학 연구개발업,2016-09-01,12월
이밸류텍(주),"E-ValueTech, INC.",이밸류텍, ,이귀영,기타법인,134511-0042074,135-81-39552,경기도 용인시 백암면 고안리 633-2 용인우체국사서함 25호,www.evtech.co.kr,,경영 컨설팅업,2000-07-07,03월
(주)이비젼네트웍스,E-Vision Networks,이비젼네트웍스, ,이황수,기타법인,110111-1943756,107-81-82199,서울특별시 서초구 양재동 삼호물산빌딩 B동 1702호, ,,경영 컨설팅업,2000-04-18,12월
주식회사 이삭,ISSAC E&C,이삭, ,권종호,기타법인,194911-0022703,612-81-36159,"경상남도 거제시 서간도길 78 2층2005호(옥포동, 옥포쇼핑센터)",www.issacenc.com,,기타 엔지니어링 서비스업,2010-12-01,12월
(주)이산,ISAN.CO.LTD,이산, ,이원찬,기타법인,110111-0359714,138-81-01278,경기도 안양시 동안구 관양동 1608-4,www.isg.kr,,건물 및 토목 엔지니어링 서비스업,1983-11-17,12월
(주)이산네트웍스,"Isan Networks.Co.,Ltd",이산네트웍스, ,구자균,기타법인,110111-2136897,214-86-74139,서울특별시 강남구 삼성동 77-11 랜드마크빌딩 11층, ,,경영 컨설팅업,2000-12-26,12월
이산회계법인,ESAN Accounting Corporation,이산회계법인, ,"김진태, 권혁태",기타법인,254334-0013406,119-86-27670,"서울특별시 금천구 디지털로 130 (가산동, 남성프라자(에이스9차)) 401호",www.esancpa.co.kr,,공인회계사업,2010-04-01,03월
이상파트너스(주),Ideal Private Equity,이상파트너스, ,손영민,기타법인,110111-5965095,118-86-00324,"서울특별시 강남구 봉은사로 316 (역삼동, ASK벤처타운) 6층", ,,경영 컨설팅업,2016-02-02,12월
이성씨엔아이(주),"IHSUNGCNI CO.,LTD.",이성씨엔아이,379390,"박기선, 이명춘",코넥스시장,180111-1059509,566-81-00514,부산광역시 기장군 장안읍 의과학2로 78 이성씨엔아이(주),www.iscni.co.kr/,,기타 엔지니어링 서비스업,2016-11-03,12월
(주)이솔파트너스,"Esol Partners Co., Ltd.",이솔파트너스, ,김기백,기타법인,110111-5719319,230-81-10845,서울특별시 강남구 강남대로84길 24-4 (역삼동), ,,경영 컨설팅업,2015-05-12,12월
이스라비젼코리아 주식회사,"ISRA VISION Korea Co., Ltd.",이스라비젼코리아, ,정중헌,기타법인,110111-1980352,120-86-05981,"경기도 의왕시 이미로 40 (포일동, 인덕원IT밸리) B동 301호",16006,,기타 전문 서비스업,2000-05-30,12월
주식회사 이스타홀딩스,"EASTAR HOLDINGS CO.,Ltd. ",이스타홀딩스, ,이수지,기타법인,110111-5877183,466-86-00257,"서울특별시 강서구 양천로 28 (방화동, 벽산에어트리움) 본관동 625호", ,,경영 컨설팅업,2015-10-30,12월
(주)이스터씨앤아이,EASTER C&I,이스터씨앤아이, ,김동영,기타법인,110111-2956261,211-87-45554,"서울특별시 강남구 삼성로134길 8 (청담동, 이스터빌딩)",www.easter.co.kr,,광고 대행업,2004-02-17,12월
이스턴투자 주식회사,Asia Pacific Investment Corp,이스턴투자, ,이동근,기타법인,110111-1149354,211-86-35990,서울특별시 종로구 세종로 동아일보사 19층, ,,경영 컨설팅업,1995-04-20,12월
주식회사 이스트로젠,"estrozen co.,ltd",이스트로젠, ,신혜종,기타법인,110111-6141967,178-81-00525,"서울특별시 강남구 강남대로150길 12 302호(논현동, 대원빌딩)", ,,경영 컨설팅업,2016-08-09,12월
(주)이스트버건디,East burgundy Co.Ltd.,이스트버건디, ,조경숙,기타법인,110111-5910016,804-87-00330,경기도 성남시 분당구 정자일로156번길 12, ,,경영 컨설팅업,2015-12-07,12월
이스트브릿지프라이빗에쿼티 주식회사,"EastBridge Private Equity Co., Ltd.",이스트브릿지프라이빗에쿼티, ,최동석,기타법인,110111-7112371,117-86-01112,"서울특별시 강남구 학동로 318 6층(논현동, 유경빌딩)",www.eastbridge.asia,,경영 컨설팅업,2019-05-20,12월
주식회사 이스트블루,"EASTBLUE CO.,LTD",이스트블루, ,"정인호, 이봉래",기타법인,110111-3588097,211-87-91062,서울특별시 강남구 역삼동 832-10 부성빌딩 520호, ,,경영 컨설팅업,2006-12-28,11월
이스트샤인텍(주),"Eastshintech  CO., Ltd",이스트샤인텍, ,김재홍,기타법인,110111-6597780,386-87-00884,"서울특별시 강남구 테헤란로 419 18층 108호(삼성동, 삼성금융프라자)", ,,경영 컨설팅업,2017-12-19,12월
이스페이스인베스텍(주),"E-space investech CO.,LTD",이스페이스인베스텍, ,김성규,기타법인,134211-0239255,623-81-02023,경기도 광주시 곤지암읍 경충대로 425 3층(곤지암리), ,,경영 컨설팅업,2020-09-16,12월
이십일세기티앤디(주),"21 Tourism and Development(T&D) Co.,Ltd.",이십일세기티앤디, ,양화석,기타법인,110111-0674112,120-81-05235,서울특별시 강남구 개포동 186-18 공신빌딩 403호, ,,경영 컨설팅업,1990-02-07,12월
주식회사 이아이이십일,EI21 Co..Ltd,이아이이십일, ,김경환,기타법인,110111-3040005,215-86-58831,서울특별시 강남구 논현동 35-7, ,,"그 외 기타 분류 안된 전문, 과학 및 기술 서비스업",2004-06-30,12월
(주)이안,"IAAN CO., LTD",이안, ,이승호,기타법인,121111-0222447,130-86-63159,"경기도 부천시 소향로 127 504호 (중동, 프라움시티)",www.iaansoft.co.kr,,기타 엔지니어링 서비스업,2011-08-25,12월
주식회사 이안네트워크,"Ian Network, Inc.",이안네트워크, ,손경남,기타법인,110111-6673316,390-88-00895,"서울특별시 강남구 언주로 118 (도곡동, 우성캐릭터199) 311호",없음,,경영 컨설팅업,2018-02-28,12월
주식회사 이안플래닛,"IAN Planet Co.,Ltd.",이안플래닛, ,김정주,기타법인,110111-6118578,284-86-00446,"서울특별시 영등포구 국제금융로8길 25 (여의도동, 주택건설회관빌딩) 636호", ,,경영 컨설팅업,2016-07-12,12월
이알엠코리아(주),ERM Korea Limited,이알엠코리아, ,곽승현,기타법인,110111-1837131,201-81-27391,"서울특별시 중구 을지로5길 16 (을지로2가, 삼화타워) 12층", ,,환경 관련 엔지니어링 서비스업,1999-12-27,03월
이앤에스인베스트먼트 유한회사,ENS Investment Inc.,이앤에스인베스트먼트, ,오미선,기타법인,110114-0251865,429-86-01539,"서울특별시 강남구 영동대로 511 30층 3001호(삼성동, 트레이드타워)", ,,경영 컨설팅업,2019-12-10,12월
주식회사 이앤에스티,"E&ST Co.,Ltd",이앤에스티, ,강항식,기타법인,134511-0135457,142-81-18462,"경기도 용인시 수지구 디지털벨리로 81 다우기술 4층 (죽전동, 다우기술)",www.enst.co.kr,,기타 엔지니어링 서비스업,2009-03-02,12월
주식회사 이앤티스,"E&Tis Co.,Ltd.",이앤티스, ,박종주,기타법인,180111-1238799,403-81-84038,"부산광역시 금정구 금강로 352 6층 (장전동, 서우빌딩)", ,,경영 컨설팅업,2019-09-06,12월
㈜이앤티스토리엔터테인먼트,E&Tstory entertainment,이앤티스토리엔터테인먼트, ,박찬우,기타법인,110111-6611770,455-88-00945,"서울특별시 강남구 언주로138길 9 (논현동) 4층 (논현동, 꾸메하임빌딩)", ,,"그 외 기타 전문, 과학 및 기술 서비스업",2017-12-28,12월
주식회사 이얼,Year Corporation,이얼, ,이상엽,기타법인,110111-6851623,420-88-01157,서울특별시 마포구 성지1길 12 (합정동)401호, ,,경영 컨설팅업,2018-08-23,12월
이에셋글로벌,E-asset Global co. Ltd,이에셋글로벌, ,오태석,기타법인,110111-6862753,380-88-01072,"서울특별시 강남구 강남대로 556 (논현동, 이투데이빌딩) 18층", ,,경영 컨설팅업,2018-09-05,12월
주식회사 이에스밸류,"ES Value Co.,Ltd.",이에스밸류, ,전은주,기타법인,110111-6030863,887-87-00408,"서울특별시 강남구 강남대로 320 (역삼동, 황화빌딩) 1108호", ,,경영 컨설팅업,2016-04-12,12월
(주)이에이엔테크놀로지,"EAN TECHNOLOGY CO.,LTD",이에이엔테크놀로지, ,신지웅,기타법인,110111-2903270,101-81-99824,"서울특별시 강남구 테헤란로82길 14 (대치동, 부영빌딩)청풍빌딩 5, 7층",www.eantec.co.kr,,기타 엔지니어링 서비스업,2003-11-26,12월
이에이텍이비 주식회사,"E.A.TECH.EB CO., LTD.",이에이텍이비, ,김수현,기타법인,285011-0468905,147-86-02223,"경기도 고양시 일산서구 킨텍스로 217-59 (대화동, 제2킨텍스), 오피스동 802호", ,,경영 컨설팅업,2021-03-30,12월
주식회사 이에이티,eat,이에이티, ,조원희,기타법인,170111-0427163,503-81-93614,서울특별시 금천구 시흥대로 217 4층(시흥동),www.eatkorea.co.kr,,제조업 회사 본부,2011-04-14,12월
이엔디이 주식회사,"eNDE Co.,Ltd",이엔디이, ,공일형,기타법인,194211-0064212,609-81-61031,"경상남도 창원시 성산구 완암로 50  909호 (성산동, SK테크노파크 메카동)", ,,"기타 기술 시험, 검사 및 분석업",2003-11-03,12월
(주)이엔스컴퍼니,enscompany,이엔스컴퍼니, ,이성근,기타법인,110111-8492376,685-81-03054,경기도 용인시 기흥구 흥덕4로16번길 4-19 201호(영덕동), ,,경영 컨설팅업,2022-12-02,12월
(주)이엔쓰리,"En3. Co., Ltd",이엔쓰리, ,김승우,기타법인,110111-1952202,214-86-56602,서울특별시 강남구 논현동 267-2 동천빌딩 4층,http://www.en3.co.kr,,환경 관련 엔지니어링 서비스업,2000-05-01,12월
(주)이엔에쓰플랜트엔지니어링,ENSPLANT ENGINEERING,이엔에쓰플랜트엔지니어링, ,천찬우,기타법인,110111-4914556,119-86-59153,"서울특별시 금천구 서부샛길 606 60, E동 904호(소하동, 광명테크노파크)", ,,제도업,2012-07-24,12월
이엔워터(주),"E&Water Co., Ltd.",이엔워터, ,김황래,기타법인,110111-0792609,205-81-24741,"서울특별시 강남구 강남대로 556 5층 (논현동, 이투데이빌딩)",www.enwater.co.kr,,환경 관련 엔지니어링 서비스업,1991-08-01,12월
(주)이엔지코리아,engkorea,이엔지코리아, ,김봉진,기타법인,161511-0149992,312-86-48124,"충청남도 아산시 음봉면 탕정로 487-8 (동암리), (주)이엔지코리아", ,,기타 엔지니어링 서비스업,2013-02-08,12월
주식회사 이엘라이즈,EL RISE Corporation,이엘라이즈, ,"김동업, 형성민",기타법인,110111-5801439,718-88-00190,"서울특별시 마포구 월드컵북로54길 12 9층 (상암동, 디지털매직스페이스)",www.el-rise.com,,광고 대행업,2015-08-05,12월
(주)이엠넷,EMNET INC.,이엠넷,123570,김영원,코스닥시장,110111-1946601,214-86-56053,서울특별시 구로구 디지털로34길 27 대륭포스트타워3차14층,www.emnet.co.kr,,광고 대행업,2000-04-20,12월
이엠씨홀딩스 주식회사,"EMC Holdings Co., Ltd.",이엠씨홀딩스, ,김태엽,기타법인,110111-6075603,443-88-00355,서울특별시 종로구 종로 47 (공평동), ,,회사 본부 및 경영 컨설팅 서비스업,2016-05-30,12월
주식회사 이원생명과학연구원,eone lifescience institute,이원생명과학연구원, ,윤영호,기타법인,120111-0527624,131-86-21832,인천광역시 연수구 하모니로 291 이원생명과학연구원, ,,의학 및 약학 연구개발업,2010-06-01,12월
주식회사 이원이엔지,EONE ENG,이원이엔지, ,이영대,기타법인,110111-4359520,215-87-41021,"서울특별시 송파구 법원로 135 (문정동, 대명타워) 3층",www.e1eng.co.kr,,환경 관련 엔지니어링 서비스업,2010-06-01,12월
이음회계법인,Eum Accounting Corporation,이음회계법인, ,이성,기타법인,110134-0114425,702-87-03496,"서울특별시 강남구 역삼로 542 (대치동, 신사에스앤지) 3층", ,,공인회계사업,2024-11-01,06월
이인베스트먼트 주식회사,"TOBEHK CO.,LTD.",이인베스트먼트, ,양용석,기타법인,110111-6156198,859-87-00397,"서울특별시 금천구 범안로 1130 (가산동, 디지털엠파이어빌딩) 1102호", ,,경영 컨설팅업,2016-08-23,12월
(주)이인벤션,EINVENTION,이인벤션, ,김은현,기타법인,110111-4085878,109-86-17438,"서울특별시 구로구 디지털로31길 38-21 (구로동, 이앤씨벤처드림타워3차) 1009호", ,,"광고물 문안, 도안, 설계 등 작성업",2009-04-24,12월
(주)이정컴퍼니,Leejoung company,이정컴퍼니, ,이영선,기타법인,120111-1174127,749-87-02119,"인천광역시 연수구 인천타워대로 323 (송도동, 송도센트로드), 비동 1607호 에이치14", ,,경영 컨설팅업,2021-08-30,12월
이정회계법인,E-jung Accounting Corporation,이정회계법인, ,강상철,기타법인,110134-0035564,211-87-02818,"서울특별시 서초구 반포대로 306 5층 (잠원동, 우진빌딩)",www.ejgy.co.kr,,공인회계사업,2001-10-22,03월
이제이앤파트너스(주),ej&partners,이제이앤파트너스, ,박재홍,기타법인,110111-3407867,105-86-89338,서울특별시 강남구 개포동 12-4 석탑프라자 8층, ,,경영 컨설팅업,2006-02-24,12월
(주)이제이텍,"ejtech Co., Ltd.",이제이텍, ,남순성,기타법인,110111-1006124,229-81-18793,"경기도 성남시 분당구 미금로33번길 10 (구미동, 석정빌딩)",www.ejtech.net,,건물 및 토목 엔지니어링 서비스업,1994-02-01,12월
주식회사 이제트가이드 ,"EZ Guide Co,.Ltd.",이제트가이드, ,강재현,기타법인,110111-5577577,206-87-03101,"서울특별시 성동구 뚝섬로17가길 49 1층 (성수동2가, 동양물류센타)", ,,경영 컨설팅업,2014-12-01,12월
이즈네트웍스 주식회사,ISNETWORKS,이즈네트웍스, ,박수진,기타법인,110111-8266713,392-88-02512,"서울특별시 강남구 학동로 165 (논현동, 마일스디오빌)", ,,경영 컨설팅업,2022-04-14,12월
주식회사 이지,Yiji Inc.,이지, ,박지영,기타법인,224111-0024378,616-86-13468,제주특별자치도 서귀포시 대정읍 에듀시티로50번길 15 1호, ,,경영 컨설팅업,2014-01-24,12월
주식회사 이지셀바이오,IZICELLBIO,이지셀바이오, ,이종희,기타법인,120111-0811291,722-86-00365,"경기도 성남시 중원구 갈마치로 215 (상대원동, 금강펜테리움IT타워) A동 1007호",www.izicellbio.com,,"물리, 화학 및 생물학 연구개발업",2016-04-01,12월
주식회사 이지스,EZIS,이지스, ,김규완,기타법인,134111-0489810,831-87-00782,"경기도 안양시 동안구 벌말로 123 (관양동, 평촌스마트베이) A동 1111호 (관양동)", ,,경영 컨설팅업,2018-03-23,12월
주식회사 이지스블루,"EasysBlue Co., Ltd.",이지스블루, ,이상범,기타법인,110111-6106151,183-81-00454,"서울특별시 강남구 테헤란로108길 25 (대치동, 대동빌딩)", ,,제조업 회사 본부,2016-06-29,12월
이지스유에이치 주식회사,"IGIS UH Co., Ltd.",이지스유에이치, ,조언우,기타법인,110111-8568218,862-88-02573,"서울특별시 영등포구 여의공원로 115 (여의도동, 세우빌딩), 5층", ,,경영 컨설팅업,2023-02-27,12월
이지앤캐피탈파트너스 유한회사,EZN Capital Partners LLC,이지앤캐피탈파트너스, ,김상용,기타법인,110114-0102125,107-87-55132,"서울특별시 영등포구 국제금융로 20 (여의도동, 율촌빌딩) 5층 에이560호", ,,경영 컨설팅업,2011-07-04,12월
주식회사 이지앤홀딩스,IzienHoldings,이지앤홀딩스, ,이종희,기타법인,110111-5787093,104-88-00218,"서울특별시 강남구 압구정로34길 11 (신사동, 압구정스퀘어) 408호", ,,그 외 기타 광고 관련 서비스업,2015-07-23,12월
(주)이지엠닷컴,easyM.com Inc.,이지엠닷컴, ,이경훈,기타법인,110111-1828099,120-81-97448,서울특별시 강남구 삼성동 159-1 무역센터 아셈타워 7층,www.easyM.com,,경영 컨설팅업,1999-12-14,12월
주식회사 이지엠앤씨,"EZ M & C Co., Ltd",이지엠앤씨, ,김용수,기타법인,234111-0100639,210-81-78652,울산광역시 남구 삼산로 169 (달동) 5-15층,ezcorp.kr/,,"광고물 문안, 도안, 설계 등 작성업",2018-06-21,12월
주식회사 이지이엔씨,"EGENC Co.,Ltd",이지이엔씨, ,김권중,기타법인,131411-0180457,134-86-30058,"경기도 안양시 동안구 엘에스로 92 (호계동, 국제유통단지) 226,227호",www.egenc.co.kr,,기타 엔지니어링 서비스업,2006-03-24,12월
이지케이파트너스주식회사,"EZK Partners co.,ltd.",이지케이파트너스, ,전은정,기타법인,110111-4602739,107-87-52284,서울특별시 영등포구 여의도동 26-4, ,,경영 컨설팅업,2011-05-18,05월
이지크리스탈주식회사,"EG crystal Co, Ltd. ",이지크리스탈, ,유신자,기타법인,110111-4478552,104-86-31890,서울특별시 중구 다동 111 국제빌딩 12층, ,,경영 컨설팅업,2010-11-26,11월
이지플러스제일차 주식회사,"EGPLUS 1ST CO.,Ltd.",이지플러스제일차, ,박주민,기타법인,110111-4450782,107-87-42239,서울특별시 중구 을지로2가 50, ,,경영 컨설팅업,2010-10-14,10월
이지회계법인,Easi Acccounting Corporation,이지회계법인, ,진형준,기타법인,114634-0029787,211-87-15481,"서울특별시 서초구 강남대로 483 , 8층(반포동, 청호빌딩)", ,,공인회계사업,2002-05-31,03월
이촌회계법인 ,Echon & Co.,이촌회계법인, ,이한선,기타법인,116134-0012532,107-86-09515,"서울특별시 영등포구 여의나루로 60 (여의도동, 여의도우체국)",www.e-chon.co.kr,,공인회계사업,2001-11-23,03월
이커넥트,econnect,이커넥트, ,김중권,기타법인,180111-1312022,658-88-01811,"부산광역시 해운대구 센텀중앙로 97 (재송동, 센텀스카이비즈) A동 3902호",econnect.kr,,그 외 기타 광고 관련 서비스업,2020-08-31,12월
주식회사 이케이텍,E.K. Tech Corp.,이케이텍, ,이강락,기타법인,110111-6829612,177-88-01006,서울특별시 종로구 청계천로 187-11 (예지동) 5층, ,,경영 컨설팅업,2018-08-01,12월
이터니티 주식회사,eternity company,이터니티, ,이훈섭,기타법인,110111-8380977,322-87-02613,경기도 오산시 청학로 266-22 (수청동) 1층 102호,eternity02613@naver.com,,매니저업,2022-07-28,12월
주식회사 이테크,E-TEC Inc.,이테크, ,백철진,기타법인,194911-0022315,612-81-35617,경상남도 거제시 장평2로2길 17 (장평동), ,,기타 엔지니어링 서비스업,2010-09-01,12월
이투스이씨아이 주식회사,ETOOSECI,이투스이씨아이, ,우희철,기타법인,110111-5820447,539-86-00235,서울특별시 서초구 남부순환로 2547 (서초동) 2층, ,,경영 컨설팅업,2015-09-01,12월
(주)이투컬렉션,"E2 Collection Co., Ltd",이투컬렉션, ,"이용철, 이창만",기타법인,170111-0468563,514-81-83305,대구광역시 남구 대명남로 192 (대명동),www.dailylike.co.kr,,제품 디자인업,2012-08-08,12월
이트너스(주),ETNERS.CO.LTD,이트너스, ,임각균,기타법인,110111-2297615,201-81-66865,"경기도 성남시 분당구 대왕판교로 670 B동 704호 (삼평동, 유스페이스2)",www.etners.com,,기타 전문 서비스업,2001-08-01,12월
주식회사 이티엘,ETL INC.,이티엘, ,김주민,기타법인,131211-0008372,126-81-32929,"서울특별시 금천구 가산디지털2로 114 (가산동, 한국전자협동(주))", ,,"기타 기술 시험, 검사 및 분석업",1998-06-02,12월
주식회사 이티홀딩스,"E.T. Holdings Co.,Ltd.",이티홀딩스, ,이경화,기타법인,110111-6700218,504-88-00820,"서울특별시 영등포구 여의서로 43 911호 (여의도동, 한서리버파크)", ,,경영 컨설팅업,2018-03-26,12월
(주)이푸른환경,E-BLUE.CO.LTD,이푸른환경, ,홍기정,기타법인,134211-0065105,126-81-79114,"경기도 성남시 중원구 순환로 165 (상대원동, 포스테크노) 603",www.blueeng.com,,물질성분 검사 및 분석업,2004-06-30,12월
(주)이피아이씨,EPIC.CO.LTD,이피아이씨, ,박혜성,기타법인,110111-3708603,211-87-99370,서울특별시 강남구 신사동 586-13 삼원빌딩 602, ,,광고 대행업,2007-07-04,12월
(주)이피에스코리아,"EPS KOREA CO.,LTD",이피에스코리아, ,오자현,기타법인,110111-1429235,120-81-74218,서울특별시 강남구 삼성동 161-17 경진빌딩 2층,해당사항없슴,,기타 엔지니어링 서비스업,1997-06-20,12월
이현케이 주식회사,"Ehyunk Co., Ltd.",이현케이, ,전은정,기타법인,110111-4614362,107-87-52983,서울특별시 영등포구 여의대로 56 (여의도동), ,,경영 컨설팅업,2011-06-01,06월
이현회계법인,Ehyun Accounting Corporation,이현회계법인, ,최종헌,기타법인,114634-0035411,220-87-52840,"서울특별시 강남구 테헤란로 508 (대치동, 해성2빌딩) 12층",www.ehyunac.com,,공인회계사업,2007-08-14,03월
주식회사 익스퍼,"EXPER CO.,LTD",익스퍼, ,김승란,기타법인,110111-6776227,488-87-01122,서울특별시 강남구 선릉로92길 28 4층(삼성동), ,,"광고물 문안, 도안, 설계 등 작성업",2018-06-11,12월
주식회사 익전,"Ikjeon Co., Ltd",익전, ,김일,기타법인,150111-0351514,268-81-03505,"충청북도 청주시 청원구 충청대로 113 (율량동) 2층, 033호", ,,경영 컨설팅업,2023-07-21,12월
(주)인고트,INGOT Inc.,인고트, ,김상수,기타법인,110111-2780967,113-81-84488,서울특별시 영등포구 양평동3가 56 우진빌딩 4층, ,,경영 컨설팅업,2005-05-16,12월
주식회사 인공지능연구원,AIRI,인공지능연구원, ,김진형,기타법인,131111-0455062,776-87-00374,"경기도 성남시 분당구 대왕판교로712번길 22 (삼평동, 판교테크노밸리글로벌R&D센터) A동 5층",airi.kr,,전기ㆍ전자공학 연구개발업,2016-07-28,12월
주식회사 인더머니,Inthemoney.inc,인더머니, ,이재호,기타법인,110111-7443792,236-87-01818,"서울특별시 마포구 독막로28길 10 109동 상가 비101-616(신수동, 밤섬경남아너스빌)", ,,"기타 전문, 과학 및 기술 서비스업",2020-04-01,12월
인덕회계법인,Induk Accounting Corporation,인덕회계법인, ,박규환,기타법인,116134-0008022,116-81-64104,서울특별시 영등포구 국회대로70길 19 대하빌딩 205호,www.indukacc.com,,공인회계사업,1997-04-22,03월
인바이츠바이오코아(주),"INVITES BIOCORE CO., LTD",인바이츠바이오코아,216400,"신승수, 양성우 (공동대표)",코넥스시장,110111-2250077,106-81-99931,서울특별시 금천구 디지털로9길 33,www.bio-core.com,,의학 및 약학 연구개발업,2001-05-30,12월
인바이츠지노믹스(주),"INVITES GENOMICS CO.,LTD.",인바이츠지노믹스, ,"신용규, 변석수",기타법인,110111-7321592,567-88-01534,제주특별자치도 제주시 첨단로8길 40 (아라일동) 204호,invitesgenomics.com,,자연과학 및 공학 융합 연구개발업,2019-12-11,12월
인바이츠투자 주식회사,invites invest,인바이츠투자, ,신승수,기타법인,110111-8572681,529-81-02833,"서울특별시 강남구 테헤란로70길 12 (대치동, H타워) 9층", ,,경영 컨설팅업,2023-03-03,12월
(주)인베스터유나이티드,Investor United Inc.,인베스터유나이티드, ,이성현,기타법인,110111-1972515,220-81-87823,"서울특별시 서초구 효령로 237 402호 (서초동, 서초한신리빙타워)", ,,경영 컨설팅업,2000-05-18,12월
(주)인베스트포유,Investforyou Co.LTD,인베스트포유, ,신광용,기타법인,110111-3586877,120-87-09738,서울특별시 강남구 대치동, ,,경영 컨설팅업,2007-01-02,12월
주식회사 인벤테라,Inventera Inc.,인벤테라, ,신태현,기타법인,154511-0080872,143-86-01237,"서울특별시 서초구 서초대로 111 2층 (방배동, JS)",www.inventera.kr,,의학 및 약학 연구개발업,2018-11-02,12월
주식회사 인벤티지랩,Inventage Lab Inc.,인벤티지랩,389470,김주희,코스닥시장,131111-0409481,124-88-00129,"경기도 성남시 중원구 둔촌대로388번길 24, 101호, 601호, 612호",www.inventagelab.com,,자연과학 및 공학 연구개발업,2015-05-14,12월
(주)인사이드브릿지코리아,INSIDE BRIDGE LTD,인사이드브릿지코리아, ,김재우,기타법인,285011-0495651,633-81-02409,"경기도 고양시 일산동구 하늘마을로 158 (중산동, 대방트리플라온비즈니스타워) B동 903호", ,,광고 대행업,2022-01-01,12월
주식회사 인사이트,"INSIGHT Co., Ltd.",인사이트, ,허대욱,기타법인,180111-0695164,606-86-20185,"부산광역시 북구 금곡대로 28 (덕천동, 10층)", ,,경영 컨설팅업,2009-11-27,12월
인성회계법인,InSung Accounting Corporation,인성회계법인, ,정재학,기타법인,254134-0014391,107-86-76881,서울특별시 영등포구 양평로 144 (양평동5가) 온스퀘어빌딩 4층,www.insungacc.com,,공인회계사업,2006-04-04,03월
주식회사 인스앤드,"INSAND Co., Ltd.",인스앤드, ,박귀철,기타법인,110111-5986207,225-86-00317,서울특별시 송파구 백제고분로7길 7-5 (잠실동) 6층, ,,경영 컨설팅업,2016-02-26,12월
주식회사 인스펙트,"INSPECT CO., LTD.",인스펙트, ,이영식,기타법인,110111-2729452,214-87-30313,"서울특별시 서초구 바우뫼로41길 54 ,201(양재동,용진빌딩)",www.insp.co.kr,,"기타 기술 시험, 검사 및 분석업",2003-03-10,12월
(주)인스프로메디컬,insfromedical,인스프로메디컬, ,권광오,기타법인,110111-4788745,211-88-72489,"서울특별시 강남구 압구정동 압구정로4길 13-3(신사동,지은빌딩2층)", ,,경영 컨설팅업,2012-02-03,12월
주식회사 인시티,incity,인시티, ,국우각,기타법인,131111-0298248,129-86-68983,"경기도 성남시 분당구 대왕판교로 155 (금곡동, 더헤리티지)",www.incity.co.kr,,"건축기술, 엔지니어링 및 기타 과학기술 서비스업",2011-12-01,12월
(주)인싸이트,INPSYT,인싸이트, ,김진환,기타법인,110111-5791391,872-86-00281,서울특별시 마포구 동교로18길 20 (서교동),inpsyt.co.kr/,,기타 인문 및 사회과학 연구개발업,2015-07-27,12월
주식회사 인애,"INAE CO.,LTD.",인애, ,이영석,기타법인,110111-4280535,220-87-94836,"서울특별시 서초구 고무래로 6-5 (반포동, 시원빌딩) 7층", ,,"광고물 문안, 도안, 설계 등 작성업",2010-02-12,12월
(주) 인앤시스템,-,인앤시스템, ,정은성,기타법인,110111-3783762,220-87-59275,"서울특별시 강남구 언주로 727 (논현동, 트리스빌딩) 9층", ,,연구개발업,2007-12-26,12월
주식회사 인에이블코리아,Enable Korea Inc.,인에이블코리아, ,조성곤,기타법인,110111-5651785,336-81-00039,"서울특별시 성동구 연무장7길 16 201호 (성수동2가, 한서빌딩)",www.enablekorea.co.kr,,경영 컨설팅업,2015-02-26,12월
주식회사 인유즈,Artec studio,인유즈, ,백기훈,기타법인,110111-7331294,715-87-01626,"서울특별시 강남구 강남대로 624 (신사동, ICTTOWER) 806호", ,,제품 디자인업,2019-12-19,12월
인일회계법인,Inil Accounting Corporation,인일회계법인, ,김도영,기타법인,124134-0002997,121-81-24889,"인천광역시 남동구 남동대로 217 (고잔동, 한국산업단지공단인천지역본부)",inilac.co.kr/,,공인회계사업,1997-04-19,03월
(주)인코미디어넷,Inkomedianet,인코미디어넷, ,서홍은,기타법인,121111-0183706,130-86-41117,서울특별시 중구 충무로9길 29 (을지로3가) 5층 503호, ,,광고 대행업,2009-03-23,12월
주식회사 인큐벤처인베스트,Incuventure invest Inc.,인큐벤처인베스트, ,고승환,기타법인,110111-1891913,120-86-00652,서울특별시 강남구 삼성동 8-2 남경빌딩 8층, ,,경영 컨설팅업,2000-02-29,12월
주식회사인큐에쿼티매니지먼트,"In-Q Equity Management Co.,Ltd",인큐에쿼티매니지먼트, ,김상우,기타법인,110111-3701920,105-87-10240,서울특별시 마포구 신수동 185-2 신광빌딩 201, ,,경영 컨설팅업,2007-07-01,12월
인크로스(주),"Incross Co.,Ltd.",인크로스,216050,손윤정,코스닥시장,110111-3734955,214-88-13475,"서울특별시 관악구 남부순환로 1926 (경동제약빌딩 5층,8층)",www.incross.com,,광고 대행업,2007-08-13,12월
(주)인터내셔날데이터코퍼레이션코리아,IDC KOREA LTD.,인터내셔날데이터코퍼레이션코리아, ,CHUAH KEE BOON(추아키분),기타법인,110111-1485378,120-81-77331,"서울특별시 강남구 영동대로 511 (삼성동, 트레이드타워), 406호", ,,시장조사 및 여론조사업,1997-11-18,12월
주식회사 인터내셔널세미컨덕터그룹,International Semiconductor Group,인터내셔널세미컨덕터그룹, ,SHIM JAY,기타법인,110111-7737814,572-86-02088,서울특별시 강남구 테헤란로82길 15 (대치동), ,,전문 서비스업,2021-01-05,12월
(주)인터넷리서치,INTERNET RESEARCH INS.,인터넷리서치, ,김종오,기타법인,110111-1865489,110-81-44610,서울특별시 서대문구 충정로3가 63-1 삼창빌딩 10층, ,,시장조사 및 여론조사업,2000-01-28,12월
(주)인터랙티브미디어시스템,INTERACTIVE MEDIA SYSTEM,인터랙티브미디어시스템, ,한대진,기타법인,110111-3053777,104-81-88758,서울특별시 금천구 가산동 우림라이온스밸리 C동 1207호, ,,환경 관련 엔지니어링 서비스업,2004-07-21,12월
주식회사 인터바인엠엔에이,Intervine M&A Inc.,인터바인엠엔에이, ,현병훈,기타법인,110111-2023268,214-86-63331,서울특별시 영등포구 여의도동 13-17 세실2빌딩 5층, ,,사업 및 무형 재산권 중개업,2000-07-11,12월
인터베일리 주식회사,INTERBALEY,인터베일리, ,이희승,기타법인,110111-4410009,101-86-57630,"서울특별시 강남구 선릉로 704 (청담동, 청담빌딩)", ,,경영 컨설팅업,2010-08-01,03월
주식회사 인터빅스,Interbigs Inc.,인터빅스, ,경규관,기타법인,110111-6445715,245-81-00830,"서울특별시 강남구 테헤란로 425 (삼성동, 신일빌딩)", ,,경영 컨설팅업,2017-11-06,12월
주식회사 인터스텔라,INTERSTELLA Inc.,인터스텔라, ,박성혜,기타법인,110111-5613462,206-87-04769,서울특별시 성동구 광나루로 160 (성수동1가),www.interstella.co.kr/,,광고 대행업,2015-01-13,12월
(주)인터웍스코리아,Interworks Korea Inc,인터웍스코리아, ,이기섭,기타법인,110111-2406852,105-86-33853,서울특별시 강남구 논현1동 211-20 강남빌딩 6층, ,,경영 컨설팅업,2001-12-27,12월
(주)인터콤어소시에이션,intercom,인터콤어소시에이션, ,허동호,기타법인,180111-0071843,604-81-08900,서울특별시 강남구 학동로53길 29 (논현동),intercomad.com,,광고 대행업,1987-03-02,12월
인터텍이티엘셈코(주),INTERTEK ETK SEMKO KOREA LIMITED,인터텍이티엘셈코, ,그렉다릴티만,기타법인,110111-1972987,104-81-53598,"경기도 군포시 공단로160번길 3 (당정동, 인터텍빌딩)", ,,"기타 기술 시험, 검사 및 분석업",2000-06-01,12월
(주)인터텍킴스코,"Intertek Kimsco Co., Ltd.",인터텍킴스코, ,김주용,기타법인,110111-0110900,104-81-28779,"경기도 군포시 공단로160번길 3 (당정동, 인터텍빌딩)",intertek.com,,물질성분 검사 및 분석업,1969-12-05,12월
(주)인터파크에이치엠,Interparkhm. co. LTD.,인터파크에이치엠, ,한정훈,기타법인,110111-3709180,214-88-11399,서울특별시 서초구 서초동 1231-1 강남빌딩7층 702호,www.interparkhm.com,,경영 컨설팅업,2007-07-02,12월
(주)인테크디자인,intech design ,인테크디자인, ,최광일,기타법인,134911-0017376,130-81-72366,경기도 의왕시 왕곡로 216-6 (왕곡동),www.i-intech.co.kr,,인테리어 디자인업,2000-08-01,12월
인텔렉추얼 디스커버리(주),"Intellectual Discovery co.,ltd",인텔렉추얼디스커버리, ,장세익,기타법인,110111-4400266,120-87-57375,"서울특별시 강남구 테헤란로 419 7층 (삼성동, 강남파이낸스플라자)",www.i-discovery.com,,"그 외 기타 분류 안된 전문, 과학 및 기술 서비스업",2010-07-23,12월
주식회사 인텔리전스파트너스,Intelligence Partners,인텔리전스파트너스, ,박성희,기타법인,110111-8329777,755-86-02704,"서울특별시 영등포구 여의나루로 71 (여의도동, 동화빌딩) 1408호",intelligencepe.com/,,경영 컨설팅업,2022-06-13,12월
(주)인텔리콘연구소,Intellicon Lab ,인텔리콘연구소, ,"임영익, 양석용",기타법인,134111-0367834,138-81-86812,"서울특별시 강남구 논현로 554 (역삼동, 삼성빌딩) 5층",www.intellicon.co.kr,,자연과학 및 공학 융합 연구개발업,2013-09-01,12월
(주)인투셀,"IntoCell, Inc.",인투셀,287840,박태교,코스닥시장,160111-0395354,274-86-00037,대전광역시 대덕구 신일동로 101,intocell.com,,의학 및 약학 연구개발업,2015-04-01,12월
주식회사 인트로바이오파마,"INTROBIOPHARMA Co,. Ltd. ",인트로바이오파마, ,박석용,기타법인,131411-0252975,134-86-73663,경기도 평택시 서탄면 마두길 104-12 (주)인트로바이오파마 (마두리),경기도 평택시 서탄면 마두길 104-12,,의학 및 약학 연구개발업,2011-01-20,12월
주식회사 인팩지씨에프,INPACT G.C.F. Inc,인팩지씨에프, ,이영준,기타법인,110111-2577851,120-86-40412,"서울특별시 강남구 테헤란로26길 10 (역삼동, 성보빌딩5층)",-,,경영 컨설팅업,2002-07-30,12월
(주)인포마스터,"Infomaster, Inc",인포마스터, ,김경철,기타법인,110111-2264672,105-86-27007,"서울특별시 영등포구 선유로49길 23 (양평동4가, 선유도역2차아이에스비즈타워) 812호", ,,공공관계 서비스업,2001-06-19,12월
(주)인풍,"InPoong Co, Ltd,.",인풍, ,류대우,기타법인,110111-0393613,105-81-41305,서울특별시 마포 서교 466-15,www.inpoong.co.kr,,옥외 광고업,1985-03-05,12월
인피니언테크놀로지스코리아 유한회사,"Infineon Technologies Korea Co., LLC",인피니언테크놀로지스코리아, ,이승수,기타법인,110114-0229284,220-86-12481,"서울특별시 강남구 테헤란로 534 (대치동, 글라스타워빌딩)", ,,경영 컨설팅업,2001-05-21,09월
주식회사 인피니튜드,Infinitude Inc. ,인피니튜드, ,백소연,기타법인,110111-6863941,665-87-01210,서울특별시 강남구 봉은사로 207 (논현동) KJ타워 4층,www.infinitude.com,,경영 컨설팅업,2018-09-11,12월
(주)인피니티파트너스,"Infiniti Partners Co., Ltd.",인피니티파트너스, ,성다연,기타법인,110111-7122156,139-86-01335,"서울특별시 강남구 테헤란로 329 902호(역삼동, 삼흥오피스텔)", ,,경영 컨설팅업,2019-05-30,12월
(주)인피온,"INPION CO.,LTD.",인피온, ,박세철,기타법인,110111-5046423,106-86-91405,"서울특별시 용산구 한강대로30길 25 한강로2가, 센트레빌아스테리움용산 9층", ,,경영 컨설팅업,2013-01-16,12월
인하대학교 산학협력단,INHA UNIVERSITY RESEARCH AND BUSINESS FOUNDATION,인하대학교산학협력단, ,김동욱,기타법인,120171-0003321,121-82-10209,"인천광역시 미추홀구 인하로 100 (용현동, 인하대,인하공전,정석항공고) 인하대학교 본관",rnd.inha.ac.kr/,,기타 전문 서비스업,2004-01-28,02월
(주)인핸스드바이오,Enhancedbio Inc.,인핸스드바이오, ,김홍중,기타법인,110111-6224599,194-81-00639,"서울특별시 성동구 상원길 19 (성수동1가, 신한ITTOWER), 3층", ,,의학 및 약학 연구개발업,2016-11-07,12월
(주)인핸스먼트컨설팅코리아,ENHANCEMENT CONSULTING KOREA,인핸스먼트컨설팅코리아, ,이귀남,기타법인,110111-1221780,220-81-32920,서울특별시 강남구 역삼동 648-23 여삼빌딩 12층 5호, ,,경영 컨설팅업,1995-12-13,12월
주식회사 일공일이컴퍼니,1012company,일공일이컴퍼니, ,고기봉,기타법인,131411-0514383,306-88-02317,"경기도 안산시 단원구 중앙대로 907 1동 402호(고잔동, 안산종합상가)", ,,경영 컨설팅업,2022-01-11,12월
주식회사 일그램 ,ILGRAM,일그램, ,신욱철,기타법인,110111-5976539,295-88-00358,"서울특별시 광진구 광나루로24길 8 (화양동, 건국빌딩) 2,3,4층", ,,광고 대행업,2016-02-15,12월
일루미나코리아유한회사,illumina Korea Limited.,일루미나코리아, ,탄카링마비스,기타법인,110114-0130001,105-87-87282,"서울특별시 영등포구 여의대로 66 (여의도동, KTB) 14층",www.illumina.com,,물질성분 검사 및 분석업,2013-06-01,12월
일리아스바이오로직스,ILIAS Biologics,일리아스바이오로직스, ,최철희,기타법인,160111-0411407,161-86-00309,대전광역시 유성구 테크노6로 40-20 일리아스바이오로직스,www.iliasbio.com,,의학 및 약학 연구개발업,2015-11-02,12월
일본콜마홀딩스,"NIHON KOLMAR HOLDINGS CO., LTD",일본콜마홀딩스, ,Tomoji Kanzaki,기타법인, ,43146,"4-4-1, Fushimimachi, Chuo-ku, Osaka, Japan 541-0044", ,,회사 본부 및 경영 컨설팅 서비스업,2010-10-07,07월
(주)일삼사메리트컴,134 Meritcim,일삼사메리트컴, ,김상호,기타법인,110111-3825069,120-87-23953,서울특별시 강남구 삼성동 162-2 엘슨빌딩 4층,www.eppad.co.kr,,광고 대행업,2008-01-16,12월
일상산업 주식회사,ilsang industry,일상산업, ,박성균,기타법인,134211-0297386,783-86-03315,경기도 광주시 순암로36번길 128 (장지동) 402호, ,,경영 컨설팅업,2024-06-27,12월
(주)일신이앤씨,"ILSHINENC Co.,Ltd",일신이앤씨, ,송진규,기타법인,134111-0092994,123-81-74992,강원도 원주시 학성동 331-7,www.ilshinenc.co.kr,,엔지니어링 서비스업,2002-01-23,12월
일신회계법인,IL SHIN Accounting Corporation,일신회계법인, ,허정,기타법인,110114-0037182,120-86-32528,"서울특별시 강남구 삼성로95길 23 5층(삼성동, 남양빌딩)",www.isacc.co.kr,,공인회계사업,2002-01-17,03월
일우회계법인,ILWOO Accounting Corporation,일우회계법인, ,김정훈,기타법인,200134-0030599,327-81-00957,"광주광역시 서구 상무대로 1071 (화정동, 대광빌딩) 6층", ,,공인회계사업,2018-04-18,03월
(주)일진라드,ILJIN RAD ENG,일진라드, ,정영근,기타법인,110111-0669303,108-81-45237,서울특별시 강남구 선릉로111길 36 (논현동),www.iljinrad.co.kr,,기타 엔지니어링 서비스업,1993-10-18,12월
일진라이프사이언스(유),"ILJIN LIFESCIENCE Co.,Ltd",일진라이프사이언스, ,김영화,기타법인,110114-0170255,105-87-49371,서울특별시 마포구 마포대로 45 일진빌딩, ,,의학 및 약학 연구개발업,2010-10-06,12월
재단법인 일환경건강센터,Center for Working Environment Health Foundation,일환경건강센터, ,박다혜,기타법인,150122-0013484,177-82-00586,"충청북도 청주시 흥덕구 직지대로 530 (송정동, 청주테크노S타워) 212호",www.cweh.org,,기타 전문 서비스업,2023-06-13,12월
(주)임팩홀딩스,"Impact Holdings Co., Ltd",임팩홀딩스, ,조상희,기타법인,110111-2302852,105-86-28888,경기도 안산시 상록구 이동 715-7 진성프라자 405호, ,,경영 컨설팅업,2001-08-06,12월
(주)입소스코리아,"IPSOS Co., LTD",입소스코리아, ,"길양관, 로헝스스토클레",기타법인,110111-1355836,105-81-84639,"서울특별시 중구 청파로 463 (중림동, 한국경제신문사빌딩)",www.ipsoskorea.com/,,시장조사 및 여론조사업,1997-01-01,12월
자동차부품산업진흥재단,Foundation of Korea Automotive Parts Industry Promotion,자동차부품산업진흥재단, ,오원석,기타법인,114222-0026679,106-82-11761,"서울특별시 용산구 원효로 74 (원효로4가, 현대자동차원효로사옥) 5F",www.kapkorea.org,,기타 전문 서비스업,2002-07-15,12월
주식회사 자람앤수엔지니어링,JARAM&SU ENGINEERING,자람앤수엔지니어링, ,오대영,기타법인,134111-0224505,138-81-76949,"경기도 안양시 동안구 엘에스로91번길 16-39 (호계동, 안양IT밸리) 803호", ,,기타 엔지니어링 서비스업,2012-07-09,12월
자명산업 주식회사,jmcm,자명산업, ,이명선,기타법인,110111-7668332,378-86-02017,경기도 양평군 양서면 두물머리길 125, ,,경영 컨설팅업,2020-10-30,12월
자안홀딩스 주식회사,"JAANH HOLDINGS, INC.",자안홀딩스, ,안시찬,기타법인,110111-7308938,522-87-01489,서울특별시 강남구 테헤란로 328 지층 104-비4호(역삼동), ,,경영 컨설팅업,2019-11-29,12월
주식회사 자연과도시,"Nature and City Co., Ltd",자연과도시, ,이상기,기타법인,140111-0030011,221-81-26853,강원도 춘천시 퇴계동 187∼4, ,,전기ㆍ전자공학 연구개발업,2005-11-23,12월
자이가이스트건축사사무소 주식회사,XiGEIST A&E,자이가이스트건축사사무소, ,김성곤,기타법인,110111-7846508,443-88-02014,"서울특별시 서초구 남부순환로 2477 (서초동, GS건설서초타워) 9층",개설준비중,,"건축기술, 엔지니어링 및 기타 과학기술 서비스업",2021-04-09,12월
자이언트지엠제오차 주식회사,"Giantgm 5th, Inc.",자이언트지엠제오차, ,이봉관,기타법인,110111-6885200,680-88-01142,서울특별시 영등포구 여의대로 60 (여의도동), ,,회사 본부 및 경영 컨설팅 서비스업,2018-10-02,12월
자이언트지엠제이차 주식회사,"Giantgm 2nd, Inc.",자이언트지엠제이차, ,이준영,기타법인,110111-6746460,163-88-01026,서울특별시 영등포구 여의대로 60 (여의도동), ,,회사 본부 및 경영 컨설팅 서비스업,2018-05-10,12월
자이에스텍 주식회사,"Xi-ESTEC Co., Ltd",자이에스텍, ,엄관석,기타법인,110111-3253583,104-81-94959,서울특별시 금천구 가산디지털1로 186 제이플라츠 1104-1호, ,,건축설계 및 관련 서비스업,2005-06-20,12월
주식회사 자이온에쿼티파트너스,zion equity partners,자이온에쿼티파트너스, ,박성권,기타법인,110111-7401310,840-87-01752,"서울특별시 강남구 삼성로100길 15 (삼성동, 명당빌딩) 2층", ,,경영 컨설팅업,2020-02-24,12월
(주)자임당,JAIMDANG,자임당, ,김동연,기타법인,110111-5747956,856-81-00076,"서울특별시 강남구 도산대로 163 (신사동, 현대오일뱅크)",www.gongmi.co.kr,,기타 산업 회사 본부,2015-06-18,12월
주식회사 자전거,JAJEONGEO,자전거, ,이재칠,기타법인,110111-7847209,336-81-02115,서울특별시 서초구 강남대로 601 401호 (잠원동), ,,경영 컨설팅업,2021-04-08,12월
자트코코리아엔지니어링(주),JATCO Korea Engineering Corp.,자트코코리아엔지니어링, ,나가하라히로시,기타법인,110111-1544421,116-81-68191,서울특별시 금천구 가산동 550-1 아이티캐슬 2동 4층, ,,전기ㆍ전자공학 연구개발업,1998-05-09,12월
자프코인베스트먼트코리아주식회사,"JAFCO Investment (Korea) Co., Ltd.",자프코인베스트먼트코리아, ,다카시마후미토,기타법인,110111-2205121,120-86-19296,"서울특별시 강남구 테헤란로87길 36 (삼성동, 도심공항타워) 1801호", ,,전문 서비스업,2001-03-29,06월
(주)장맥엔지니어링,"JANGMAEK ENGINEERING CO.,LTD.",장맥엔지니어링, ,백진기,기타법인,110111-1016206,229-81-17625,"경기도 안양시 동안구 엘에스로91번길 16-39 (호계동, 안양IT밸리 9층)",www.jmeng.co.kr/,,건물 및 토목 엔지니어링 서비스업,1994-03-16,12월
(주) 장민이엔씨,JANGMIN E&C,장민이엔씨, ,한영필,기타법인,170111-0282640,514-81-54299,"서울특별시 송파구 충민로 52 (문정동, 가든파이브웍스)",jangminenc.com,,건물 및 토목 엔지니어링 서비스업,2005-03-09,12월
(주)장헌산업,"JANG HEON Industrial Co., Ltd",장헌산업, ,안병록,기타법인,110111-3184291,215-86-68310,충청남도 당진군 고대면 성산리 1022-6, ,,건물 및 토목 엔지니어링 서비스업,2005-03-09,12월
재능홀딩스,JEI Holdings Corporation,재능홀딩스, ,박종우,기타법인,110111-6220836,615-87-00628,"서울특별시 종로구 창경궁로 293 (혜화동, 재능교육) 3층", ,,경영 컨설팅업,2016-11-01,12월
(주)재담,JAEDAM INC.,재담, ,이태검,기타법인,110111-5122893,206-86-77440,"서울특별시 강남구 테헤란로20길 10 (역삼동, 쓰리엠타워) 11층, 1167호", ,,경영 컨설팅업,2013-04-26,12월
주식회사 재산커뮤니케이션즈,JS communications,재산커뮤니케이션즈, ,이재환,기타법인,110111-3269043,220-87-12697,"서울특별시 강남구 테헤란로114길 38 18층 (대치동, 동일타워)", ,,광고 대행업,2005-07-14,12월
재산홀딩스 주식회사,Jaesan Hoilings,재산홀딩스, ,윤기훈,기타법인,110111-7283213,535-88-01594,"서울특별시 강남구 테헤란로114길 38 18층 (대치동, 동일타워)", ,,경영 컨설팅업,2019-11-06,12월
재정회계법인,jaejeong accounting corporation,재정회계법인, ,나철호,기타법인,114634-0032285,220-86-87814,"서울특별시 강남구 강남대로 320 , 4층(역삼동, 황화빌딩)", ,,공인회계사업,2004-07-01,03월
(주)잼컴퍼니,zamcompany,잼컴퍼니, ,이근웅,기타법인,110111-6109402,581-88-00583,서울특별시 강남구 역삼로73길 5 5층(대치동), ,,매니저업,2016-07-07,12월
(주)전북지역대학연합기술지주회사,"Jeonbuk Technology Holdings Co., Ltd.",전북지역대학연합기술지주회사, ,지건열,기타법인,210111-0077125,418-81-36329,"전라북도 전주시 덕진구 반룡로 109 (팔복동2가, 테크노빌)",www.jbth.co.kr,,경영 컨설팅업,2011-06-07,12월
(주)전인씨엠건축사사무소,"JEONINCM., Inc.",전인씨엠건축사사무소, ,"안명제, 한상규, 한준오",기타법인,110111-1190688,211-86-37853,"서울특별시 강남구 테헤란로 620 (대치동, 미래에셋타워) A동 17층",jeonincm.com,,건축설계 및 관련 서비스업,1995-09-01,12월
주식회사 전홍,"JEON HONG CO.,LTD",전홍, ,박정하,기타법인,110111-0186886,214-81-08070,서울특별시 서초구 효령로 285 (서초동),http://www.jeonhong.co.kr,,옥외 광고업,1975-10-20,09월
주식회사 전흥씨엔씨,JeonheungC&C,전흥씨엔씨, ,이용흥,기타법인,110111-8364955,542-86-02559,서울특별시 강남구 논현로76길 24 (역삼동) 5층 5168호, ,,경영 컨설팅업,2022-07-13,12월
정규재티브이,Jeongkyujaetv,정규재티브이, ,정규재,기타법인,110111-6398576,581-87-00719,"서울특별시 종로구 인사동5길 26 (관훈동, 홍익빌딩) 8층",jkjtv.kr,,광고 대행업,2017-05-02,12월
정담회계법인,JungDahm Accounting Corporation,정담회계법인, ,배준원,기타법인,110114-0079952,211-88-25540,"서울특별시 서초구 서초중앙로 63 (서초동, 리더스빌딩) 1507호",www.jungdahm.com,,공인회계사업,2009-04-15,03월
(주) 정도엔지니어링,JUNGDO ENGINEERING CO. LTD,정도엔지니어링, ,천성열,기타법인,141211-0007695,308-81-08152,충청남도 부여군 부여읍 구아리 117-1,http://www.jungdoeng.com,,건물 및 토목 엔지니어링 서비스업,1995-05-02,12월
정동회계법인,JUNG DONG ACCOUNTING CORP.,정동회계법인, ,김지환,기타법인,114634-0031625,211-87-41408,서울특별시 강남구 언주로 651 삼원빌딩 7층,www.jdac.co.kr,,공인회계사업,2003-11-12,03월
(주)정림건축종합건축사사무소 ,junglim architecture.co.kr,정림건축종합건축사사무소, ,"정용교, 이명진",기타법인,110111-0154495,208-81-02969,서울특별시 중구 세종대로12길 12 (남대문로4가),www.junglim.co.kr,,건축설계 및 관련 서비스업,1973-10-31,12월
주식회사정림씨엠건축사사무소,"JUNGLIM CM Architecture Co., Ltd",정림씨엠건축사사무소, ,방명세,기타법인,110111-8517752,770-88-02560,서울특별시 중구 세종대로12길 12 (남대문로4가) 6층, ,,건축설계 및 관련 서비스업,2023-01-01,12월
정명회계법인,Jeong Myung Accounting Corp.,정명회계법인, ,조상진,기타법인,114634-0037574,120-87-44128,"서울특별시 강남구 역삼로 558 (대치동, 안양빌딩 2층)", ,,회계 및 세무관련 서비스업,2009-08-31,03월
주식회사 정방종합건축사사무소,JUNGBANG ARCHITECTURE & PLANNAERS,정방종합건축사사무소, ,송대석,기타법인,110111-2604612,214-87-18833,서울특별시 서초구 서초3동 1585-13 성현빌딩 5층,www.jungbang.net/web/index.php,,건축설계 및 관련 서비스업,2002-09-06,12월
(주)정상 에스앤에스,"JUNGSANG S&S LTD,.CO",정상에스앤에스, ,김정환,기타법인,134511-0036019,135-81-44341,경기도 안양시 동안구 부림로 182 (관양동) 가동 3층, ,,기타 전문 서비스업,2001-03-11,12월
(주)정설시스템,JUNGSEOL SYSTEM,정설시스템, ,전우수,기타법인,110111-1717250,229-81-38799,경기도 성남시 분당구 삼평동 621번지 판교이노밸리 비동 501호,www.jss.co.kr,,기타 엔지니어링 서비스업,1999-07-01,03월
주식회사 정성재,-,정성재, ,윤은섭,기타법인,180111-1228328,766-87-01420,"부산광역시 남구 유엔로 216 3층 (대연동,명진빌딩)",-,,광고업,2019-07-01,12월
(주)정안건축종합건축사사무소,JUNGAHN ARCHITECTURE INC,정안건축종합건축사사무소, ,우순곤,기타법인,110111-2954546,211-87-45326,"서울특별시 강남구 선릉로 340 (대치동, 대치EM프라자) 7층", ,,건축설계 및 관련 서비스업,2004-02-17,12월
정안회계법인,JUNG AHN Corporation,정안회계법인, ,손창환,기타법인,200134-0026522,545-88-00030,"광주광역시 서구 금화로 278 (풍암동, 종합체육관)2층", ,,회계 및 세무관련 서비스업,2015-03-11,03월
주식회사 정엔지니어링,"JUNG ENGINEERING CO.,LTd.",정엔지니어링, ,장경영,기타법인,110111-1269152,220-81-18200,"강원도 속초시 중앙로 190 (동명동, 설악센트리움)712호", ,,건물 및 토목 엔지니어링 서비스업,1996-05-08,12월
정윤회계법인,Jeongyoon Accounting Corporation,정윤회계법인, ,이상수,기타법인,110134-0103717,304-86-02277,"서울특별시 강남구 도곡로3길 27 (역삼동, 동일빌딩) 7층", ,,공인회계사업,2021-07-30,12월
주식회사 정인건축엔지니어링,Jeong-In Industrial Engineering  company,정인건축엔지니어링, ,송건수,기타법인,110111-1041188,215-81-39902,서울특별시 송파구 송파동, ,,건축설계 및 관련 서비스업,1994-05-27,12월
(주)정인파트너스,JUNGINPARTNERS CO.LTD.,정인파트너스, ,"장정희, 김남인",기타법인,110111-6705333,578-86-01016,"경기도 성남시 분당구 동판교로 123 (백현동, 백현마을1단지판교푸르지오그랑블아파트)101동402호", ,,경영 컨설팅업,2018-03-30,12월
정인회계법인,JUNGIN Accounting Corporation,정인회계법인, ,정창기,기타법인,110134-0091178,318-86-01054,"서울특별시 강남구 강남대로 464 7층(역삼동, 비제바노)",www.jungincpa.co.kr,,공인회계사업,2018-01-26,03월
(주)정일엔지니어링종합건축사사무소,JUNGIL ENGINEERING INC.,정일엔지니어링종합건축사사무소, ,송기덕,기타법인,110111-0215239,106-81-31872,서울특별시 용산구 서계동 주연빌딩 209번지 ,www.jungilar.com,,건축설계 및 관련 서비스업,1977-07-21,12월
정일회계법인,JUNG IL,정일회계법인, ,김용정,기타법인,110114-0035912,214-86-94547,서울특별시 구로구 경인로53가길 10 (구로동) 구로대명밸리온지식산업센타 1302호,www.jungilacc.com,,공인회계사업,2001-12-01,03월
정진세림회계법인,JungjinSerim Accounting Corp.,정진세림회계법인, ,전이현,기타법인,114634-0029612,220-86-34525,서울특별시 강남구 역삼로 121 유성빌딩 4~6층,www.serimac.co.kr,,공인회계사업,2002-03-15,12월
정진회계법인,JungJin Accounting Corporation,정진회계법인, ,전이현,기타법인,274134-0006310,110-81-69663,서울특별시 강남구 역삼로3길 11 (역삼동) 광성빌딩 신관8층,www.jjaco.co.kr,,공인회계사업,2005-03-15,03월
정토이앤씨건축사사무소(주),JUNGTO engineering & architects,정토이앤씨건축사사무소, ,김영우,기타법인,230111-0156769,620-81-34322,울산광역시 남구 월평로 68 (신정동),jt5505@daum.net,,건물 및 토목 엔지니어링 서비스업,2009-08-03,12월
유한회사 정현회계법인,Jung Hyeon Accounting Corporation,정현회계법인, ,노은한,기타법인,110114-0142642,120-88-10310,"서울특별시 강남구 테헤란로88길 17 7층 (대치동, 세안빌딩)", ,,공인회계사업,2014-03-11,03월
주식회사 정혜실업,"Junghye Enterprise Co.,Ltd",정혜실업, ,조윤상,기타법인,110111-1132044,101-86-06602,서울특별시 서초구 잠원동 41-10 해동빌딩 301호, ,,광고 대행업,2002-06-01,12월
주식회사 정희,"JUNGHEE Co,, Ltd.",정희, ,이주희,기타법인,134811-0674607,655-87-02584,경기도 화성시 동탄대로 677-5 (영천동) 비젼아이티타워 419호, ,,기타 전문 서비스업,2022-02-28,12월
제네럴에퀴티파트너스주식회사,General Equity Partners.co.kr,제네럴에퀴티파트너스, ,권지훈,기타법인,110111-2912015,211-87-42504,"서울특별시 강남구 도산대로 171 (신사동, 피에스그룹빌딩) 3층", ,,경영 컨설팅업,2003-12-10,12월
주식회사 제네시스프라이빗에쿼티,"GENESISPRIVATE EQUITY, INC",제네시스프라이빗에쿼티, ,이유재,기타법인,110111-8375879,239-87-02553,"서울특별시 영등포구 국제금융로 10 (여의도동, 서울국제금융센터) ONE IFC 27층 10호", ,,경영 컨설팅업,2023-09-22,12월
(주)제넥신,"Genexine, Inc.",제넥신,095700,"홍성준, 최재현",코스닥시장,171711-0036705,506-81-31989,서울특별시 강서구 마곡중앙로 172 바이오이노베이션파크,genexine.com,,의학 및 약학 연구개발업,1999-06-08,12월
(주)제넨바이오,GenNBio Inc.,제넨바이오,072520,황병호,기타법인,170111-0150847,514-81-33009,경기도 평택시 청북읍 드림산단2로 80 -,gennbio.com,,자연과학 및 공학 연구개발업,1999-05-14,12월
(주)제로니모,"Geronimo Co., Ltd.",제로니모, ,홍정봉,기타법인,110111-3854836,206-86-23264,서울특별시 성동구 홍익동 298 우림빌딩이노피스 114, ,,경영 컨설팅업,2008-03-06,12월
제리코파트너스 주식회사,"Jerico Partners Co., Ltd",제리코파트너스, ,이승호,기타법인,134511-0243698,142-81-77909,"서울특별시 종로구 종로 33 (청진동, 그랑서울) 18층", ,,경영 컨설팅업,2024-09-23,12월
제스타드커뮤니케이션 주식회사,zestadcommunication ,제스타드커뮤니케이션, ,김은영,기타법인,110111-4180842,211-88-32814,"서울특별시 마포구 독막로28길 10 (신수동, 밤섬경남아너스빌)", ,,경영 컨설팅업,2009-09-16,12월
(주)제오텍,"ZEO-Tech.Co.,Ltd",제오텍, ,장기훈,기타법인,110111-1621659,109-81-55612,서울특별시 강서구 등촌3동 684-2 우리벤처타운 702호,www.zeo-tech.co.kr,,환경 관련 엔지니어링 서비스업,1998-12-18,12월
제원회계법인,Jewon Accounting Corporation,제원회계법인, ,이건수,기타법인,114671-0022585,220-81-44163,"서울특별시 강남구 언주로 536 (역삼동, 태승빌딩) 4,5,6층", ,,공인회계사업,1997-04-25,03월
주식회사 제이더블유씨인터내셔널,JWC International,제이더블유씨인터내셔널, ,문금주,기타법인,110111-6053047,406-86-00459,"서울특별시 강남구 영동대로114길 72 (삼성동, 삼성동아펠바움) 501호", ,,경영 컨설팅업,2016-05-20,12월
(유)제이더블유얼라이언스,"JW Alliace Co.,Ltd.",제이더블유얼라이언스, ,강태욱,기타법인,131114-0008493,455-88-00829,경기도 성남시 분당구 성남대로343번길 12-2 지하1층 323호(정자동), ,,경영 컨설팅업,2017-07-03,12월
(주)제이더블유인베스트먼트,"JWINVESTMENT CO., Ltd",제이더블유인베스트먼트, ,"김현철, 김영태",기타법인,110111-4679853,120-87-73623,서울특별시 강남구 삼성동 140-3 선릉대림아크로텔 526, ,,경영 컨설팅업,2011-09-21,12월
제이더블유티 애드벤처 (주),"JWT Adventure Co.,Ltd",제이더블유티애드벤처, ,박종우,기타법인,110111-1396757,211-86-20750,서울특별시 강남구 삼성동 144-20 JS타워 8층,www.jwt.co.kr,,광고 대행업,1997-04-01,12월
제이드마운틴에쿼티 주식회사,"Jade Mountain Equity Co., Ltd.",제이드마운틴에쿼티, ,최성욱,기타법인,110111-7446861,877-81-01830,"서울특별시 서초구 사임당로 58 B1, 원스탑워크스페이스 E104 (서초동, 제일빌딩)", ,,경영 컨설팅업,2020-04-02,12월
제이디씨엔티,JDCNT,제이디씨엔티, ,김현철,기타법인,110111-7641388,256-87-01748,"서울특별시 영등포구 국제금융로8길 32 (여의도동, DB금융투자빌딩)", ,,전기ㆍ전자공학 연구개발업,2021-09-06,12월
제이디알에셋,jdr co ltd,제이디알에셋, ,신재호,기타법인,110111-5667881,115-88-00066,"경기도 성남시 분당구 성남대로 393 (정자동, 두산위브파빌리온)B동1003호", ,,경영 컨설팅업,2015-03-17,12월
주식회사 제이레퍼토리,JREPERTORY,제이레퍼토리, ,우상준,기타법인,110111-5927491,237-81-00260,서울특별시 마포구 신촌로 32,jrepertory.modoo.at/,,"그 외 기타 분류 안된 전문, 과학 및 기술 서비스업",2015-12-24,12월
제이메이슨,J.MASON.INC,제이메이슨, ,김재원,기타법인,164811-0091053,452-86-00170,충청남도 아산시 음봉면 음봉로 52-38 (동천리), ,,경영 컨설팅업,2015-10-23,12월
주식회사 제이비제이파트너스,"jbj partners co., ltd",제이비제이파트너스, ,유병윤,기타법인,110111-8326210,363-87-02410,"서울특별시 강남구 압구정로 401 53동 905호(압구정동, 한양아파트)", ,,시장조사 및 여론조사업,2022-06-09,12월
주식회사 제이스테판홀딩스,"J. Stephen Holdings Co., Ltd.",제이스테판홀딩스, ,염승용,기타법인,110111-2230540,120-86-21074,"서울특별시 강남구 학동로 201 3층 354호(논현동, 구연빌딩)", ,,경영 컨설팅업,2001-05-03,12월
제이씨데코코리아(주),JCDecaux Korea Inc.,제이씨데코코리아, ,김주용,기타법인,110111-2361105,211-87-02948,"서울특별시 서초구 바우뫼로11안길 38-21 (우면동, 제이씨데코코리아)",www.jcdecaux.co.kr,,광고 대행업,2001-10-26,12월
주식회사 제이씨래빗컴퍼니,JCRABBIT COMPANY,제이씨래빗컴퍼니, ,김영숙,기타법인,110111-5504009,120-88-18122,"서울특별시 강남구 압구정로71길 32 101동 402호(청담동, 청담파라곤2 1단지)", ,,매니저업,2014-08-29,12월
주식회사 제이씨씨홀딩스,"JCC HOLDINGS CO.,LTD.",제이씨씨홀딩스, ,최준식,기타법인,110111-7310149,629-81-01468,"서울특별시 강남구 선릉로 524 2층 213호(삼성동, 선릉대림아크로텔)", ,,경영 컨설팅업,2019-12-03,12월
주식회사 제이씨에이치홀딩컴퍼니,"JCH Holdingcompany Co.,Ltd",제이씨에이치홀딩컴퍼니, ,조창호,기타법인,110111-3765801,113-86-16777,서울특별시 강남구 역삼동 논현로72길 16 초원빌딩 4층, ,,경영 컨설팅업,2007-10-09,12월
주식회사 제이씨케이,JCK inc,제이씨케이, ,구명준,기타법인,135811-0331123,207-88-00856,"경기도 성남시 분당구 야탑로 28 비1호(야탑동, 우당프라자)", ,,경영 컨설팅업,2017-12-21,12월
제이씨파트너스 주식회사,"JC Partners Co.,Ltd.",제이씨파트너스, ,이종철,기타법인,110111-6263779,256-86-00607,"서울특별시 강남구 테헤란로 152 (역삼동, 강남파이낸스센터)",-,,경영 컨설팅업,2016-12-09,12월
주식회사 제이아이솔루션,JISOLUTION Inc.,제이아이솔루션, ,박준일,기타법인,110111-7557642,393-81-01991,"서울특별시 강남구 논현로72길 16 (역삼동, 초원빌딩)4779호", ,,경영 컨설팅업,2020-07-16,12월
(주)제이알인베스트먼트,"JR investment Co., Ltd",제이알인베스트먼트, ,우일환,기타법인,110111-6583010,713-88-00782,"서울특별시 강남구 선릉로 704 12층 1250호(청담동, 청담빌딩)",-,,경영 컨설팅업,2017-11-29,12월
주식회사 제이앤드케이인베스트먼츠,"J&K INVESTMENTS co., ltd",제이앤드케이인베스트먼츠, ,CHANG STEVEN HONG M (장홍명),기타법인,110111-6690360,627-88-00967,"서울특별시 강남구 봉은사로 418 5층 (삼성동, 조양빌딩)", ,,경영 컨설팅업,2018-03-16,12월
주식회사 제이앤디아이비,J&D IB,제이앤디아이비, ,조관행,기타법인,110111-3877135,101-86-39189,서울특별시 강남구 역삼1동 702-19 동훈타워 12층, ,,경영 컨설팅업,2008-04-10,12월
(주)제이앤디앤씨,JND&C,제이앤디앤씨, ,유재철,기타법인,110111-6185585,697-88-00495,서울특별시 서초구 방배로26길 71-5, ,,건축설계 및 관련 서비스업,2016-10-05,12월
제이앤씨인베스트먼트 유한회사,JNC Investment Ltd.,제이앤씨인베스트먼트, ,정준선,기타법인,110114-0287901,102-88-02296,"서울특별시 강남구 테헤란로 116 (역삼동, 동경빌딩) 10층, 에스1067호", ,,경영 컨설팅업,2021-12-13,12월
제이앤아이 주식회사,J&INVESTMENT,제이앤아이, ,정경태,기타법인,194211-0309478,804-81-01453,경상남도 창원시 성산구 해원로374번길 6 (성주동), ,,경영 컨설팅업,2019-12-06,12월
제이앤에스컨설팅 주식회사,J&S Consulting Co. Ltd.,제이앤에스컨설팅, ,조현철,기타법인,110111-1803017,120-81-95246,서울특별시 마포구 도화2동 한화오벨리스크 오피스텔동 1412호, ,,경영 컨설팅업,1999-11-05,12월
제이앤에스컴퍼니 주식회사,"J&S Company Co., Ltd.",제이앤에스컴퍼니, ,"김재성, 우태경",기타법인,110111-6674893,561-88-01007,서울특별시 강남구 테헤란로2길 8 4층(역삼동), ,,경영 컨설팅업,2018-03-02,12월
주식회사 제이앤에스파트너,JNS PARTNER,제이앤에스파트너, ,JIN XINGTIAN,기타법인,110111-6588119,150-88-00996,"서울특별시 중구 남대문로7길 16 (소공동, 소공한국빌딩) 5층", ,,경영 컨설팅업,2017-12-05,12월
주식회사 제이앤에이치쿼티파트너스,JNH EQUITY PARTNERS.CO.,제이앤에이치쿼티파트너스, ,이정숙,기타법인,110111-8840632,479-88-02973,서울특별시 강남구 논현로157길 15 3층 301-27호(신사동), ,,공공관계 서비스업,2024-01-11,12월
제이앤에이티홀딩스 주식회사,"J&AT Holdings Co., Ltd.",제이앤에이티홀딩스, ,이종철,기타법인,110111-8633889,728-87-02937,"서울특별시 강남구 테헤란로 152 (역삼동, 강남파이낸스센터) 33층", ,,경영 컨설팅업,2023-05-16,12월
(주)제이앤에이파트너즈,JNA PARTNERS Inc,제이앤에이파트너즈, ,조현일,기타법인,110111-3932955,214-88-29870,"서울특별시 서초구 서운로 42 2층 (서초동, 유니원빌딩)", ,,경영 컨설팅업,2008-07-10,12월
(주)제이앤에쿼티파트너스,J&Equity Partners,제이앤에쿼티파트너스, ,정민영,기타법인,110111-7544459,859-88-01850,"서울특별시 용산구 한강대로 95 (한강로2가, 래미안용산더센트럴)", ,,경영 컨설팅업,2020-07-09,12월
(주)제이앤엘파트너스,J&L partners,제이앤엘파트너스, ,정헌교,기타법인,110111-3077222,211-87-54922,서울특별시 강남구 논현동 82-20 5층 504, ,,사업 및 무형 재산권 중개업,2004-09-06,12월
(주)제이앤제이인베스트먼트,J&J Investment Co. Ltd.,제이앤제이인베스트먼트, ,김성수,기타법인,171711-0051919,506-81-44470,"충청남도 천안시 서북구 2공단7길 50 (차암동, 소니드(주))", ,,경영 컨설팅업,2002-04-02,12월
주식회사 제이앤제이홀딩스,"J&J Holdings Co., Ltd. ",제이앤제이홀딩스, ,정한나,기타법인,110111-7355856,513-86-01741,"서울특별시 강남구 테헤란로 128 (역삼동, 성곡빌딩) 2층 290호",-,,경영 컨설팅업,2020-01-14,12월
(유)제이앤케이어소시에이츠,"J&K Associates Co.,Ltd",제이앤케이어소시에이츠, ,정현용,기타법인,110114-0101391,214-88-79079,서울특별시 서초구 서초동 1355-3 서초월드오피스텔 1711, ,,경영 컨설팅업,2011-06-07,12월
제이앤피인베스트먼트,"J&P Investment Co.,Ltd",제이앤피인베스트먼트, ,송길호,기타법인,134811-0145509,124-86-59500,경기도 오산시 청학동 7-1, ,,경영 컨설팅업,2007-09-19,12월
주식회사 제이앰파트너스,JMpartners,제이앰파트너스, ,민현일,기타법인,110111-7271101,359-87-01372,"서울특별시 성동구 아차산로 92 1074(성수동2가, 광명타워)", ,,경영 컨설팅업,2019-10-28,12월
주식회사 제이에스디원,JSD1 Corp.,제이에스디원, ,염종호,기타법인,110111-3652561,211-87-95850,"서울특별시 강남구 강남대로 538 (논현동, 정일빌딩)", ,,경영 컨설팅업,2007-04-01,12월
(주)제이에스링크,"JS Link, Inc.",제이에스링크,127120,이준영,코스닥시장,110111-1907760,104-81-51912,서울특별시 강서구 마곡중앙8로3길 31 지번) 서울특별시 강서구 마곡동 787-8,www.dnalink.com,,"물리, 화학 및 생물학 연구개발업",2000-03-15,12월
주식회사 제이에스벨류파트너스,JSVALUEPARTNERS,제이에스벨류파트너스, ,윤태운,기타법인,110111-7445897,575-86-01642,서울특별시 강남구 학동로 209 4층(논현동), ,,경영 컨설팅업,2020-04-06,12월
(주)제이에스비도시환경,JSBINC,제이에스비도시환경, ,최재정,기타법인,110111-1895098,108-81-21012,서울특별시 서초구 방배동 1007-4 옥스포드하우스2층,www.jsbinc.co.kr,,"기타 전문, 과학 및 기술 서비스업",2000-03-03,12월
주식회사 제이에스아이앤,"JS I&D Co., Ltd.",제이에스아이앤, ,이윤세,기타법인,170111-0767733,655-81-01958,대구광역시 남구 안골1길 8-1 204호(대명동), ,,경영 컨설팅업,2020-04-23,12월
주식회사 제이에스아이컴퍼니,JSICOMPANY Co.Ltd,제이에스아이컴퍼니, ,김상우,기타법인,110111-1498412,119-81-26958,서울특별시 강남구 봉은사로24길 13 3층(역삼동), ,,경영 컨설팅업,1997-12-27,12월
주식회사 제이에스앤파트너스,JS & Partnes,제이에스앤파트너스, ,현지웅,기타법인,110111-4654300,211-88-63511,서울특별시 강남구 논현로63길 71 (역삼동) 지하 1층, ,,"그 외 기타 분류 안된 전문, 과학 및 기술 서비스업",2011-07-22,12월
주식회사 제이에스에이치케이,JSHK,제이에스에이치케이, ,박재수,기타법인,170111-0722018,441-86-01539,대구광역시 중구 동덕로 184-1 (동인동1가) 4층, ,,광고 대행업,2019-05-08,12월
주식회사 제이에스컴퍼니,JS COMPANY,제이에스컴퍼니, ,최나미,기타법인,124411-0144949,234-81-00539,서울특별시 강남구 삼성로64길 30 (대치동), ,,매니저업,2014-04-01,12월
주식회사제이에스코퍼레이트,jscorporate,제이에스코퍼레이트, ,이정석,기타법인,110111-5713767,761-88-00063,"서울특별시 성동구 아차산로7나길 18 (성수동2가, 대선APEXCENTER) 1204,1205호",www.avectoi.kr,,제조업 회사 본부,2015-05-01,12월
주식회사 제이에스투자원,JS Investment one,제이에스투자원, ,주기쁨,기타법인,110111-7670080,596-87-02136,"서울특별시 강남구 영동대로 602 (삼성동, 삼성동미켈란107) 6층 에프64호", ,,경영 컨설팅업,2020-11-06,12월
주식회사 제이에스피파트너스,"JSP Partners CO.,LTD",제이에스피파트너스, ,김지훈,기타법인,110111-6395829,417-86-00804,"서울특별시 강남구 언주로165길 9 4,5층 (신사동)", ,,경영 컨설팅업,2017-06-07,12월
주식회사제이에이에스건축사사무소,"JAS  ARCHITECTURE Co.,Ltd",제이에이에스건축사사무소, ,이중연,기타법인,110111-2660119,215-86-34940,"서울특별시 송파구 법원로 114 (문정동, 엠스테이트) B동 615호", ,,건축설계 및 관련 서비스업,2002-11-30,12월
주식회사제이에이치경영컨설팅,JH BUSINESS CONSULTING CO LTD,제이에이치경영컨설팅, ,김지호,기타법인,134511-0362836,490-87-01289,경기도 용인시 기흥구 예현로 23 (서천동)  304호, ,,경영 컨설팅업,2018-07-25,12월
주식회사 제이에이치리소스,JH Resource Co. Ltd.,제이에이치리소스, ,박재홍,기타법인,110111-6790095,721-87-01183,"서울특별시 강남구 선릉로131길 12 2층 비호(논현동, 로뎀2빌딩)", ,,경영 컨설팅업,2018-06-22,12월
주식회사 제이에이치사람들,JHPEOPLE,제이에이치사람들, ,"정재형외 2명(박지호, 김진환)",기타법인,110111-8576576,248-81-02725,"서울특별시 서초구 반포대로4길 54 (서초동, 한원빌딩2) 501호", ,,경영 컨설팅업,2023-03-07,12월
주식회사 제이에이치인베스트먼트,JH INVESTMENT,제이에이치인베스트먼트, ,김병화,기타법인,110111-5760958,837-81-00153,"서울특별시 영등포구 국제금융로2길 37 (여의도동, S-TRENUE) 1303호", ,,경영 컨설팅업,2015-07-04,12월
(주)제이에이치투자,"JH Investment Co., Ltd",제이에이치투자, ,손주홍,기타법인,110111-6729846,843-81-00992,서울특별시 용산구 후암로16가길 29 2층 (후암동), ,,경영 컨설팅업,2018-04-23,12월
주식회사 제이에프컴퍼니,"J.F company co., Ltd.",제이에프컴퍼니, ,이민규,기타법인,284911-0191070,699-86-01439,경기도 파주시 경의로1240번길 14-31 (와동동) 702호 월드플러스, ,,매니저업,2018-10-04,12월
주식회사 제이엔제이컴퍼니,"JNJ Company, Ltd.",제이엔제이컴퍼니, ,임정철,기타법인,200111-0510391,666-87-00927,광주광역시 서구 상무중앙로 43 (치평동) 6층 604호, ,,법무관련 서비스업,2017-10-25,12월
주식회사 제이엔컴퍼니,JN COMPANY,제이엔컴퍼니, ,정욱,기타법인,131111-0326172,144-81-06579,"경기도 용인시 수지구 신봉1로 28 (신봉동, 서홍마을효성화운트빌아파트)",-,,경영 컨설팅업,2012-11-01,12월
제이엔케이알에이엠주식회사,"JNK RAM Co., Ltd.",제이엔케이알에이엠, ,김방희,기타법인,110111-7154612,566-81-01454,"서울특별시 금천구 가산디지털1로 168 (가산동, 우림라이온스밸리) c-1401", ,,기타 엔지니어링 서비스업,2019-06-28,12월
제이엔케이 인베스트먼트,J&K Investment Co.Ltd,제이엔케이인베스트먼트, ,김보형,기타법인,110111-2946551,215-86-52894,서울특별시 강남구 테헤란로19길 40 (역삼동) 2층, ,,경영 컨설팅업,2004-02-04,12월
주식회사 제이엘리얼티,JLrealty Inc.,제이엘리얼티, ,정수환,기타법인,134511-0669315,436-86-02822,"경기도 용인시 기흥구 구갈로60번길 9-1 7층 730호(구갈동, 라파빌딩)", ,,경영 컨설팅업,2024-01-23,12월
제이엘씨파트너스 주식회사,JLC PARTNERS,제이엘씨파트너스, ,강진규,기타법인,110111-5952498,827-86-00243,"서울특별시 강남구 압구정로79길 8 5층(청담동, 하나빌딩)", ,,경영 컨설팅업,2016-01-20,12월
(주)제이엠스페이스,jmspace.co.ltd,제이엠스페이스, ,전진우,기타법인,134811-0269383,135-86-32613,"경기도 화성시 동탄지성로 11 604호(반송동, 동탄SRGOLDPLAZA)", ,,경영 컨설팅업,2013-04-30,12월
제이엠와이주식회사,JMY Co. Ltd,제이엠와이, ,김재학,기타법인,110111-6688654,324-88-00957,서울특별시 강남구 테헤란로82길 15 1678호(대치동), ,,경영 컨설팅업,2018-03-15,12월
제이엠지(주),JMG Co. Ltd,제이엠지, ,"홍석현, 송필호",기타법인,110111-4237411,104-86-24972,서울특별시 중구 순화동 중앙일보사건물 6층, ,,회사 본부 및 경영 컨설팅 서비스업,2009-12-09,12월
(주)제이엠지텍,JMnet co.LTD,제이엠지텍, ,정정환,기타법인,110111-2143347,211-86-70982,서울특별시 강남구 도산대로51길 20 중앙빌딩1층(신사동), ,,"기타 기술 시험, 검사 및 분석업",2001-01-04,12월
(주)제이엠플러스,"JMplus Co.,LTD",제이엠플러스, ,최재현,기타법인,134511-0560604,401-81-59440,"경기도 용인시 수지구 용구대로 2797 (죽전동, 수창빌딩) 3층", ,,경영 컨설팅업,2022-01-20,12월
(주)제이오,"JEIO. Co., Ltd.",제이오,418550,강득주,코스닥시장,124411-0019788,136-81-12653,"인천광역시 연수구 송도과학로 56 2214호(송도동, 송도테크노파크비티센터)",www.jeio.co.kr/,www.jeio.co.kr,"건축기술, 엔지니어링 및 관련 기술 서비스업",1994-11-28,12월
(주)제이오에이치,JOH & COMPANY,제이오에이치, ,"박상준, 김명수",기타법인,110111-4492015,211-88-53366,서울특별시 용산구 대사관로 35 (한남동),johcompany.com/,,전문 디자인업,2010-12-21,12월
(주)제이와이드컴퍼니,JWIDECOMPANY CO.KR.,제이와이드컴퍼니, ,정덕균,기타법인,110111-4763929,120-87-77158,서울특별시 강남구 봉은사로49길 43 1층 (논현동), ,,매니저업,2012-01-06,12월
제이와이리(주),"JYLee Co.,Ltd.",제이와이리, ,이철환,기타법인,110111-8813910,644-86-03005,"서울특별시 마포구 마포대로 195 (아현동, 마포래미안푸르지오)", ,,경영 컨설팅업,2024-12-11,12월
주식회사 제이와이미래기술컴퍼니,JY Future Technology Company Inc.,제이와이미래기술컴퍼니, ,박준일,기타법인,110111-7533668,793-81-02152,"서울특별시 강남구 논현로72길 16 (역삼동, 초원빌딩) 4882호", ,,경영 컨설팅업,2020-06-29,12월
주식회사 제이와이씨,JYC Inc.,제이와이씨, ,김연규,기타법인,135711-0206485,255-86-02688,"경기도 용인시 기흥구 동백중앙로 191 (중동, 씨티프라자), 8층 씨8197호", ,,경영 컨설팅업,2022-11-24,12월
주식회사 제이와이에이치,"JYH Co., Ltd.",제이와이에이치, ,길건,기타법인,160111-0485965,810-86-01055,"대전광역시 서구 대덕대로234번길 18 (둔산동, 유웰빌딩), 302호", ,,경영 컨설팅업,2018-05-29,12월
제이와이케이 핀테크,"JYK FINTEK, INC.",제이와이케이핀테크, ,Eugene Kim,기타법인, ,42333,"1040 Jackson Street, Suite 410, Albany, CA 94706", ,,경영 컨설팅업,2016-05-05,12월
(주)제이와이피퍼블리싱,JYP Publishing Corp.,제이와이피퍼블리싱, ,"이정윤, 심은지",기타법인,110111-3846940,211-88-09803,"서울특별시 강동구 강동대로 205 (성내동, JYPCenter) 6층",jyppub.com,,매니저업,2008-02-25,12월
제이원 주식회사,JONE INC,제이원, ,김민규,기타법인,220111-0160019,270-86-00530,제주특별자치도 제주시 정존3길 6 2층 (노형동), ,,기타 엔지니어링 서비스업,2017-03-14,12월
제이원개발(주),jonedevelopement,제이원개발, ,전재현,기타법인,180111-0314029,607-81-48288,부산광역시 해운대구 우동 1434 선프라자 O/T 817호, ,,도시계획 및 조경설계 서비스업,2000-02-21,12월
(주)제이원와이드,"JWONWIDE.CO.LTD.,",제이원와이드, ,유준원,기타법인,110111-6335156,548-86-00544,"서울특별시 금천구 가산디지털2로 123 1317호 (가산동, 월드메르디앙2차)", ,,경영 컨설팅업,2017-03-03,12월
제이원인베스트먼트(주),J1 INVESTMENT,제이원인베스트먼트, ,이중희,기타법인,110111-3076240,120-86-72059,"서울특별시 강남구 삼성로 528 (삼성동, 부방빌딩) 5층", ,,경영 컨설팅업,2004-08-31,12월
(주)제이이티,JET,제이이티, ,강종권,기타법인,175111-0024758,826-86-00196,경상북도 성주군 선남면 도성2길 198-16 (도성리) 제이이티, ,,제조업 회사 본부,2015-08-27,12월
(주)제이제이,"Jay Jay Co., Ltd. ",제이제이, ,"김준원, 김청숙",기타법인,141211-0115886,507-88-01717,강원특별자치도 원주시 지정면 신지정로 123-26 (신평리) 1층 102호, ,,"그 외 기타 전문, 과학 및 기술 서비스업",2020-10-12,12월
제이제이스마트,jjsmart,제이제이스마트, ,김기훈,기타법인,110111-5656040,828-81-00014,"서울특별시 성동구 고산자로 300 (마장동, 동방빌딩) 505", ,,경영 컨설팅업,2015-03-15,12월
제이제이씨앤아이,JJ C&I,제이제이씨앤아이, ,신종묵,기타법인,110111-3155424,120-86-77525,경기도 성남시 분당구 정자동 154-1 타임브릿지 208호, ,,경영 컨설팅업,2005-01-20,12월
제이제이케이주식회사,JJK LIMITED,제이제이케이, ,김재복,기타법인,110111-2476277,214-87-08257,서울특별시 서초구 서초동 1574-1 우서빌딩 4층, ,,경영 컨설팅업,2002-03-20,01월
주식회사 제이제이피파트너스,"JJP Partners Co., LTD.",제이제이피파트너스, ,박정진,기타법인,131111-0748102,735-86-03621,"경기도 성남시 분당구 황새울로200번길 28 (수내동, 오너스타워) 1106-21", ,,경영 컨설팅업,2024-10-04,12월
제이컴홀딩스 주식회사,JCOM Holdings,제이컴홀딩스, ,제현종,기타법인,110111-7050076,459-86-01428,"서울특별시 강남구 테헤란로 423 2층 2102호(삼성동, 현대타워)", ,,경영 컨설팅업,2019-03-20,12월
주식회사 제이케이메디컬그룹,JKMedicalGroup Inc.,제이케이메디컬그룹, ,주권,기타법인,110111-6589216,343-86-00949,서울특별시 강남구 논현로157길 14 (신사동) 4층 401호, ,,경영 컨설팅 및 공공 관계 서비스업,2017-12-07,12월
제이케이바이오파마솔루션즈잉크,".JK BIOPHARMA SOLUTIONS, INC.",제이케이바이오파마솔루션즈잉크, ,오정균,기타법인, ,47523,"1 Research Court, Suite 370, Rockville, MD 20850, USA",www.jkbiopharma.com,,의학 및 약학 연구개발업,2013-01-08,12월
주식회사 제이케이블리스,JK Bliss,제이케이블리스, ,송승기,기타법인,110111-4625682,105-87-59850,"서울특별시 서초구 서초대로49길 12 (서초동, 한승ASTRA2) 404호", ,,매니저업,2011-06-27,12월
주식회사 제이케이씨파트너스,JKC Partners,제이케이씨파트너스, ,채희진,기타법인,110111-4115344,201-86-11308,서울특별시 중구 충무로2가 50-6 라이온스빌딩 3층 타호비즈니스센터 111호, ,,경영 컨설팅업,2009-06-12,12월
(주)제이케이엘파트너스,JKL Partners Inc.,제이케이엘파트너스, ,정장근,기타법인,110111-2290974,106-86-01577,"서울특별시 강남구 테헤란로87길 36 (삼성동, 도심공항타워) 4층",www.jklpartners.co.kr,www.jklpartners.co.kr,경영 컨설팅업,2001-07-20,06월
(주)제이케이홀딩스,JK HOLDINGS,제이케이홀딩스, ,김두나,기타법인,134111-0470976,454-87-00737,경기도 군포시 엘에스로 172 2층 304-3호, ,,경영 컨설팅업,2017-06-20,12월
주식회사 제이투비,"J2B Co., Ltd.",제이투비, ,"신창균, 서정교",기타법인,110111-7826774,863-87-01828,서울특별시 강남구 테헤란로84길 14 (대치동) 9층 921A호, ,,경영 컨설팅업,2021-03-23,12월
(주)제이투인터렉티브,"J2 Interactive Co., Ltd.",제이투인터렉티브, ,리지,기타법인,110111-4906016,120-87-85245,서울특별시 강남구 역삼로86길 14 (대치동) 103호, ,,"패션, 섬유류 및 기타 전문 디자인업",2012-07-02,12월
제이티비씨미디어컴 주식회사,JTBC mediacomm,제이티비씨미디어컴, ,한정희,기타법인,110111-5371052,104-86-54345,서울특별시 마포구 상암산로 48-6 (상암동),www.jtbcmediacomm.co.kr,,광고 대행업,2014-03-21,12월
주식회사 제이티에스,"JTS CO.,Ltd",제이티에스, ,최규진,기타법인,110111-8667200,254-86-02915,"서울특별시 금천구 벚꽃로 278 (가산동, SJ테크노빌) 609-107호", ,,경영 컨설팅업,2023-06-19,12월
(주)제이티제이파트너스,JTJ Partners,제이티제이파트너스, ,장현수,기타법인,110111-6835867,340-87-01290,"서울특별시 강남구 테헤란로 242 (역삼동, 유창빌딩)", ,,경영 컨설팅업,2018-08-09,12월
제이파크(주),J Park,제이파크, ,강대룡,기타법인,110111-2387028,101-81-76874,서울특별시 서대문구 대현동 40-25, ,,시각 디자인업,2001-11-30,12월
주식회사 제이퍼스트,"JFirst. Co., Ltd",제이퍼스트, ,김두현,기타법인,110111-6192332,159-88-00542,"경기도 안양시 동안구 시민대로 230 디동 586호(관양동, 평촌아크로타워)", ,,기타 전문 서비스업,2016-10-05,12월
주식회사 제이포제이,JforJ Co. Ltd.,제이포제이, ,원태준,기타법인,124411-0401787,377-87-03233,경기도 김포시 김포한강9로75번길 66 (구래동) 5층 505-엠34호, ,,경영 컨설팅업,2024-08-26,12월
주식회사 제이플래너스,"J PLANNERS Co.,Ltd.",제이플래너스, ,정도영,기타법인,110111-7364609,425-81-01551,"서울특별시 마포구 월드컵북로58길 10 , 9층(상암동, 팬엔터테인먼트사옥)",-,,경영 컨설팅업,2020-01-21,12월
(주)제이피어드바이저,"JP Advisors Co., Ltd.",제이피어드바이저, ,박장호,기타법인,110111-3119339,211-87-57818,"서울특별시 강남구 학동로 342 612호(논현동, 에스케이허브블루)", ,,경영 컨설팅업,2004-11-19,12월
주식회사 제이피에셋투자,"JO Asset Investment Co., Ltd",제이피에셋투자, ,박민수,기타법인,110111-2393794,214-87-00783,"서울특별시 영등포구 여의대방로65길 6 15층(여의도동, 센터빌딩)", ,,경영 컨설팅업,2015-11-30,12월
주식회사 제이피엠엔지니어링,JPM engineering,제이피엠엔지니어링, ,유병호,기타법인,220111-0058264,616-81-58155,제주특별자치도 제주시 원노형6길 6 (노형동) 제이피엠빌딩,www.jpmeng.co.kr,,엔지니어링 서비스업,2006-10-18,12월
제이헨주식회사,-,제이헨, ,김정한,기타법인,110111-3811943,206-86-21757,서울특별시 성동구 아차산로 166 (성수동2가), ,,경영 컨설팅업,2008-01-04,12월
(주)제일기획,Cheil Worldwide Inc,제일기획,030000,김종현,유가증권시장,110111-0139017,202-81-45960,서울특별시 용산구  이태원로 222 제일기획,www.cheil.co.kr,,광고 대행업,1973-01-17,12월
주식회사 제일다이렉트,cheil dinect. co. ltd.,제일다이렉트, ,배경윤,기타법인,110111-0702775,120-81-06272,서울특별시 강남구 논현동 101-21,www.cheildirect.co.kr,,광고 대행업,1990-06-04,12월
(주)제일엔지니어링종합건축사사무소,"CHEILENGINEERING CO.,LTD.",제일엔지니어링종합건축사사무소, ,오승교,기타법인,110111-0595003,229-81-07980,서울특별시 서초구 강남대로16길 22-6 (양재동 제일엔지니어링),www.cheileng.com,,기타 엔지니어링 서비스업,1988-11-01,12월
제일특허법인(유),FIRSTLAW ,제일특허법인, ,"김창세, 김원준",기타법인,110171-0092805,214-88-70404,"서울특별시 서초구 마방로 60 (양재동, 동원에프앤비빌딩)19층",www.firstlaw.co.kr,,변리사업,2011-01-01,12월
제일파마홀딩스(주),JEIL PHARMA HOLDINGS INC.,제일파마홀딩스,002620,한상철,유가증권시장,110111-0026652,114-81-01234,서울특별시 서초구 사평대로 343,www.jeilpharm.co.kr,,회사 본부 및 경영 컨설팅 서비스업,1959-03-07,12월
제일피알 (주),JPR,제일피알, ,전병은,기타법인,110111-2031740,215-81-95563,서울특별시 서초구 양재동,www.jpr.co.kr,,광고 대행업,2000-07-22,12월
제일화섬 주식회사,"JEIL SYNTHETIC FIBERS CO., LTD.",제일화섬, ,조인식,기타법인,110111-0071227,214-86-02902,"서울특별시 서초구 서초대로 396 (서초동, 강남빌딩) 1404호", ,,경영 컨설팅업,1966-09-26,12월
제일회계법인,Foremost Accounting Corporation,제일회계법인, ,김종오,기타법인,184734-0002258,309-81-06633,부산광역시 금정구 부곡로 140 (부곡동),-,,공인회계사업,2018-04-04,03월
제일회계법인,Cheil Accounting Corporation,제일회계법인, ,김희선,기타법인,114634-0031972,220-86-81839,서울특별시 강남구 삼성동 37-17번지 에프오빌딩 5층,cheilcpa.co.kr,,공인회계사업,2004-03-17,03월
주식회사 제주솔,jejusol co.Ltd,제주솔, ,현경철,기타법인,220111-0169087,636-88-00675,제주특별자치도 제주시 1100로 3055 (노형동) 2층, ,,경영 컨설팅업,2017-11-22,12월
(주)제주에코힐,JEJU ECOHILL,제주에코힐, ,이현철,기타법인,220111-0178294,878-87-01005,"제주특별자치도 제주시 516로 2596-117 (용강동, 제주컨트리클럽뉴코스)", ,,광고업,2018-07-06,12월
주식회사 제트케이디홀딩스코리아,zkdholdingskorea,제트케이디홀딩스코리아, ,김국희,기타법인,110111-6199552,779-86-00551,"서울특별시 금천구 가산디지털2로 123 1010-204호(가산동, 월드메르디앙2차)", ,,경영 컨설팅업,2016-10-12,12월
"젠센휴즈 주식회사(Jensen Hughes Co., Ltd.)","Jensen Hughes Co., Ltd.","젠센휴즈(JensenHughesCo.,Ltd.)", ,박승민,기타법인,110111-4262319,119-86-24921,"서울특별시 금천구 가산디지털1로 226 802호, 803호, 804호, 1102호(가산동, 에이스하이엔드타워5차)",www.jensenhuges.com,,기타 엔지니어링 서비스업,2010-01-14,12월
유한회사 젠스퀘어,GENSQUARE LLC,젠스퀘어, ,김명수,기타법인,110114-0287620,299-87-02327,서울특별시 강남구 강남대로62길 38 2층(역삼동), ,,"기타 전문, 과학 및 기술 서비스업",2021-12-07,12월
(주)젠텍엔지니어링,"ZENTECH ENGINEERING,.CO.LTD",젠텍엔지니어링, ,최병렬,기타법인,110111-2878085,220-86-72835,"서울특별시 강남구 역삼로 159 (역삼동, 젠텍타워)",www.zentechpe.co.kr,,건물 및 토목 엔지니어링 서비스업,2003-10-17,12월
주식회사 젤록스,zellox,젤록스, ,오창근,기타법인,110111-7119905,749-87-01293,"서울특별시 강남구 테헤란로51길 18 450호 (역삼동, 광진빌딩)", ,,경영 컨설팅업,2019-05-27,12월
주식회사 젤코바홀딩스,"ZELCOVA HOLDINGS Co., LTD.",젤코바홀딩스, ,안효진,기타법인,110111-6645852,224-81-67891,"서울특별시 중구 서소문로11길 50 (서소문동, 신아빌딩) 5층 503호", ,,경영 컨설팅업,2018-02-02,12월
주식회사 젬백스인베스트,"Gemvaxinvest Co., Ltd.",젬백스인베스트, ,김상재,기타법인,110111-6300472,506-88-00603,"서울특별시 영등포구 영등포로 272 (영등포동3가, 포니링크타워)", ,,경영 컨설팅업,2017-01-24,12월
(주)젬앤컴퍼니,Gem&Company,젬앤컴퍼니, ,김상재,기타법인,110111-3082007,220-86-91661,"경기도 성남시 분당구 운중로 146 (운중동, 젬백스타워)", ,,시장조사 및 여론조사업,2008-12-03,12월
주식회사 조광벤처스,Jokwang Ventures,조광벤처스, ,김우동,기타법인,110111-7012464,639-86-01252,서울특별시 성동구 상원1길 25 (성수동1가) 4255,-,,경영 컨설팅업,2019-02-13,12월
주식회사 조선미디어렙,Chosun Media Representative Corporation,조선미디어렙, ,박남규,기타법인,110111-5362069,104-86-54103,서울특별시 중구 세종대로21길 40 (태평로1가) 조선일보씨스퀘어빌딩 5층, ,,그 외 기타 광고 관련 서비스업,2014-03-12,12월
조선아이에스(주),"Chosun Information Service Co., Ltd.",조선아이에스, ,심형권,기타법인,110111-1453581,120-81-75745,"경기도 안양시 동안구 관평로 175 (관양동, 조선일보) 2층",www.chosunis.com,,광고 대행업,1997-08-21,12월
(주) 조앤파트너스건축사사무소,CHONPARTNERS,조앤파트너스건축사사무소, ,이철호,기타법인,110111-6249240,536-86-00648,서울특별시 중구 만리재로35길 43 (만리동1가),www.choandpartners.com/,,건축설계 및 관련 서비스업,2017-01-02,12월
조이앤제이파트너스 주식회사,joyandjpartners,조이앤제이파트너스, ,박정욱,기타법인,110111-6092285,703-81-00414,"서울특별시 서초구 서초중앙로 227 (반포동, 진일빌딩) 201호", ,,경영 컨설팅업,2016-06-16,12월
(주) 조이앤줄라이,"Joy and July Co., Ltd.",조이앤줄라이, ,박형민,기타법인,110111-5920883,741-88-00230,"서울특별시 영등포구 국제금융로 10 (여의도동, 서울국제금융센터)Three IFC 44층", ,,경영 컨설팅업,2015-12-21,12월
(주)조이포라이프,joeyforlife,조이포라이프, ,하기호,기타법인,110111-2626252,120-86-43097,경기도 화성시 장안면 장안로 480-192 (독정리),www.joeyforlife.com,,제조업 회사 본부,2002-11-01,12월
(주)조인시스템,"Join Systems.,inc.",조인시스템, ,이충식,기타법인,110111-0716740,220-81-23455,서울특별시 강남구 역삼동 708-22,www.join.co.kr,,기타 엔지니어링 서비스업,1990-08-14,12월
(주)종로씨앤씨,-,종로씨앤씨, ,박춘경,기타법인,110111-3265926,101-86-16551,서울특별시 종로구 종로1가,-,,전기ㆍ전자공학 연구개발업,2005-07-08,12월
(주)종선,Exergy21.inc,종선, ,이용흥,기타법인,110111-8327284,515-81-57080,서울특별시 강남구 도산대로 549 (청담동) 7층, ,,경영 컨설팅업,2022-06-21,12월
주식회사 종이와사람들,"PAPER AND PEOPLE CO., LTD",종이와사람들, ,조상권,기타법인,204411-0000087,408-81-11898,"전라남도 화순군 능주면 능주농공길 26 (잠정리, 광주상무용사촌복지공사)",www.ppcopy.com,,제조업 회사 본부,1991-01-05,12월
주식회사종합건축사사무소가람건축,Garam Architects & Associates,종합건축사사무소가람건축, ,장연철,기타법인,110111-0659370,211-81-53940,서울특별시 강남구 신사동 563 -17 유평빌딩 4층,www.garam.net,,건축설계 및 관련 서비스업,1984-04-20,12월
(주)종합건축사사무소 건원,KUNWON PLANNER ARCHITECT & ENGINEERS.INC.,종합건축사사무소건원, ,"곽홍길, 강봉수",기타법인,110111-0609614,220-81-24906,"서울특별시 서초구 효령로 267 (서초동, 명인타워)4~6층",www.kunwon.com,,건축설계 및 관련 서비스업,1989-02-15,12월
(주)종합건축사사무소고우건축,DESIGN GROUP GHOWOO,종합건축사사무소고우건축, ,양승관,기타법인,110111-1677355,114-81-97235,"서울특별시 서초구 강남대로79길 42 (반포동, 성미빌딩)", ,,건축설계 및 관련 서비스업,2000-04-01,12월
(주)종합건축사사무소그룹예성,YeSUNG ARCHITECTS & ENGINEERS,종합건축사사무소그룹예성, ,박재호,기타법인,110111-1231937,102-81-39038,"서울특별시 종로구 새문안로 42 (신문로2가, 피어선빌딩) 901호",www.ye-sung.co.kr,,제도업,1985-07-02,12월
(주)종합건축사사무소근정,Keun Jeong Architects&Engineers Inc.,종합건축사사무소근정, ,"안상구, 김종문",기타법인,110111-0754683,120-81-25721,"서울특별시 강남구 학동로 411 (청담동, 원일빌딩5층)",www.kjaco.com,,건축설계 및 관련 서비스업,1990-12-28,12월
(주)종합건축사사무소담,DOM ARCHITECTS AND ENGINEERS,종합건축사사무소담, ,김동술,기타법인,110111-0879936,207-81-34828,"서울특별시 광진구 아차산로 334 (자양동,예담빌딩)",www.domarchi.co.kr,,건축설계 및 관련 서비스업,1992-07-16,12월
주식회사 종합건축사사무소동일건축,dongil,종합건축사사무소동일건축, ,"오봉석, 윤수현",기타법인,110111-0553720,105-81-32709,서울특별시 강남구 논현동 91-10 동일빌딩, ,,건축설계 및 관련 서비스업,1988-01-01,12월
(주)종합건축사사무소디자인캠프문박디엠피,"designcamp moonpark dmp Co., Ltd.",종합건축사사무소디자인캠프문박디엠피, ,"김혁, 오호근",기타법인,110111-3717141,120-87-17617,"서울특별시 강남구 테헤란로69길 9 디엠피건축3층(삼성동, dmp)", ,,건축설계 및 관련 서비스업,2007-07-11,12월
종합건축사사무소 명승건축(주),MAC Architects Consultant,종합건축사사무소명승건축, ,이효추,기타법인,110111-0659718,229-81-04533,"서울특별시 강남구 선릉로 614-1 (삼성동, 삼성동나라빌딩) 4층", ,,건축설계 및 관련 서비스업,1989-11-21,12월
(주)종합건축사사무소이공,beyondspace partners,종합건축사사무소이공, ,류춘수,기타법인,110111-0632806,112-81-32027,"서울특별시 강남구 삼성동 154-11 엠타워8,9층", ,,"건축기술, 엔지니어링 및 기타 과학기술 서비스업",1989-07-01,12월
(주)종합건축사사무소이피아이,TOTAL ACHITECTURE ENGINEERING 2PI.COMPANY ,종합건축사사무소이피아이, ,임창섭,기타법인,110111-1465172,220-86-42078,서울특별시 강남구 도곡동 448-15 다남빌딩2층, ,,건축설계 및 관련 서비스업,2002-07-08,12월
주식회사 종합건축사사무소창,CHANG ARCHITECTURE,종합건축사사무소창, ,"정현아, 김용주",기타법인,285011-0141501,128-86-31732,"전라남도 화순군 화순읍 자치샘로 48 (향청리, 미래타워), 302호", ,,건축설계 및 관련 서비스업,2016-03-21,12월
주)바산인베스트먼트,bashan investment,주)바산인베스트먼트, ,박종건,기타법인,134511-0473914,890-81-02002,"서울특별시 강남구 선릉로93길 54 (역삼동, 일환빌딩)6114호", ,,경영 컨설팅업,2020-08-27,12월
주)서울 글로벌광고,seoul global ad,주)서울글로벌광고, ,조현주 조희량,기타법인,110111-5304764,264-81-27558,"서울특별시 강남구 선릉로93길 26 (역삼동, 우리빌딩) 5층", ,,기타 광고업,2014-01-01,12월
주)세종엘에프,Corporation)Sejong L.F,주)세종엘에프, ,원경환,기타법인,110111-5499466,261-81-17158,"서울특별시 영등포구 경인로 775 2동 401호(문래동3가, 에이스하이테크시티)", ,,경영 컨설팅업,2014-08-26,12월
주)에프엘홀딩스,"FLHOLDINGS CO.,LTD",주)에프엘홀딩스, ,이용혁,기타법인,110111-3291236,211-87-69750,서울특별시 강남구 삼성동 161-8 세요빌딩5층, ,,사업 및 무형 재산권 중개업,2005-08-19,12월
주식회사 주니글로벌,"Juni Global co., Ltd",주니글로벌, ,김경준,기타법인,131111-0427144,306-81-36555,경기도 성남시 분당구 판교로 700 분당테크노파크 E동 603호(야탑동),www.juniglobal.com,,경영 컨설팅업,2015-10-29,12월
주성회계법인,JUSEONG Accounting Corporation,주성회계법인, ,고득성,기타법인,110134-0011722,639-81-03798,"서울특별시 강남구 논현로 616 4층, (논현동,대일빌딩)", ,,공인회계사업,2025-09-25,06월
주식회사 주신엔지니어링,"Jooshin Engineering Co., Ltd",주신엔지니어링, ,신지호,기타법인,134111-0540597,871-87-01644,"경기도 안양시 동안구 흥안대로427번길 16 216호 (관양동, 평촌디지털엠파이어)", ,,"그 외 기타 전문, 과학 및 기술 서비스업",2019-12-26,12월
주영엔에스(주),"JU YEONG NS CO.,LTD.",주영엔에스, ,오성훈,기타법인,110111-2684193,214-87-26143,"서울특별시 송파구 송파대로 201 (문정동, 송파테라타워2) A동 1404-10호", ,,"물리, 화학 및 생물학 연구개발업",2003-01-02,12월
주코백화점주식회사,JUCO DEPARTMENT STORE,주코백화점, ,정생균,기타법인,111511-0047823,127-81-49947,경기도 의정부시 의정부동 100-1, ,,공인회계사업,2001-12-01,12월
주식회사 준,"Joon Co.,Ltd.",준, ,김윤철,기타법인,131111-0130870,129-81-79995,"서울특별시 강남구 테헤란로103길 14 (삼성동,3층 엘에스07호)", ,,경영 컨설팅업,2007-12-03,12월
준건축사사무소 주식회사,JUNEARCHITECTS&ASSOCIATES,준건축사사무소, ,황영란,기타법인,134511-0120573,142-81-10742,"경기도 용인시 기흥구 흥덕중앙로 120 (영덕동, U-TOWER) 3001호", ,,건축설계 및 관련 서비스업,2007-12-17,12월
준호기업 주식회사,Junho Corporation,준호기업, ,엄봉성,기타법인,110111-1847586,106-81-86076,"서울특별시 영등포구 영신로 220 19층(영등포동8가, KnK디지털타워)", ,,경영 컨설팅업,2000-01-10,12월
(주)중국검험인증그룹코리아컴퍼니,"CHINA CERTIFICATION & INSPECTION GROUP KOREA CO., LTD.",중국검험인증그룹코리아컴퍼니, ,YU KAIGUO,기타법인,110111-2987894,220-86-82686,"서울특별시 마포구 월드컵북로 402 (상암동, 케이지아이티센터) 21층", ,,"기타 기술 시험, 검사 및 분석업",2004-04-09,12월
중앙대학교 산학협력단,CHUNG-ANG University Industry Academic Cooperation Foundation,중앙대학교산학협력단, ,김민성,기타법인,115071-0004394,108-82-05979,"서울특별시 동작구 흑석로 84 (흑석동, 중앙대학교)",iacf.cau.ac.kr/page/main.php,,기타 전문 서비스업,2004-04-08,02월
중앙디앤엘 유한회사,Jung Ang D&L Inc.,중앙디앤엘, ,이만규,기타법인,154314-0000274,301-86-04844,"충청북도 진천군 백곡면 배티로 818-105 (성대리, 중앙골프장)", ,,경영 컨설팅업,2009-11-30,12월
(주)중앙디자인,"Joong Ang Design Co., Ltd",중앙디자인,030030,"변인근, 임명환, 최의종(각자대표)",기타법인,110111-0760937,104-81-26539,서울특별시 중구 남창동 51-1 ,www.jad.co.kr,,인테리어 디자인업,1991-03-22,12월
중앙생명연구원(주),Centrallifelab,중앙생명연구원, ,박명희,기타법인,284111-0168653,489-86-00551,"경기도 남양주시 순화궁로 249 (별내동, 별내역파라곤스퀘어) N동 12층", ,,"물리, 화학 및 생물학 연구개발업",2017-01-20,12월
주식회사 중앙엔지니어링건축사사무소,Co. JoongAngENG,중앙엔지니어링건축사사무소, ,강미숙,기타법인,180111-0860056,607-86-08715,부산광역시 동래구 아시아드대로 111-1 (사직동),www.jungangeng.co.kr,,건축설계 및 관련 서비스업,2013-05-14,12월
주식회사 중앙인베스트,JUNGANGINVEST,중앙인베스트, ,강승구,기타법인,110111-7365475,673-81-01446,"서울특별시 서초구 강남대로51길 10 비1층 102-221호(서초동, 강남효성해링턴타워)", ,,경영 컨설팅업,2020-01-21,12월
중앙일보미디어디자인(주),JoongAng Ilbo Media Design,중앙일보미디어디자인, ,노상훈,기타법인,110111-3165142,104-81-91990,서울특별시 중구 순화동중앙일보사건물 5층, ,,"광고물 문안, 도안, 설계 등 작성업",2005-02-03,12월
중앙일보에스(주),JOONGANGILBOs,중앙일보에스, ,"박장희, 신용호",기타법인,110111-2831679,220-86-68312,"서울특별시 마포구 상암산로 48-6 (상암동, 중앙일보빌딩), 12층",jmplus.joins.com/,,그 외 기타 광고 관련 서비스업,2003-07-30,12월
중앙일보재무법인(주),"JoongAng Ilbo Financial co., Ltd",중앙일보재무법인, ,김상규,기타법인,110111-2038671,104-81-55669,서울특별시 중구 순화동 중앙문화센터빌딩 8층, ,,기타 회계 관련 서비스업,2000-07-28,12월
중앙탱크터미널홀딩스 주식회사,Joongang Tank Terminal Holdings Limited,중앙탱크터미널홀딩스, ,고웨이총매튜,기타법인,230111-0402112,733-87-02996,울산광역시 남구 번영로124번길 21 2층 208호 (달동), ,,경영 컨설팅업,2023-12-04,12월
(주)중앙퍼시픽,-,중앙퍼시픽, ,정의석,기타법인,110111-3847154,120-87-25761,"서울특별시 강남구 삼성동 77-11,12",-,,경영 컨설팅업,2008-02-25,12월
중앙항업 주식회사,"Chung-Ang Aerosurvey Co.,Ltd",중앙항업, ,사재광,기타법인,110111-0124406,110-81-10726,"서울특별시 종로구 통일로 146-1 (교남동, 중앙빌딩)",www.caas.co.kr,,측량업,1971-12-23,12월
중앙회계법인,Joong Ang Accounting Corp.,중앙회계법인, ,박광주,기타법인,114634-0031964,211-87-47552,서울특별시 강남구 학동로 336 중앙빌딩 2층 (논현동),www.jaac.co.kr,,공인회계사업,2004-03-29,12월
(주)중원이엔아이,"jungwon E&I CO.,LTD.",중원이엔아이, ,이일수,기타법인,230111-0152634,610-81-96942,"경상남도 창원시 의창구 소계로 12 (팔용동, 창원테크노밸리) 파크동 502호",jweni.com,,"기타 기술 시험, 검사 및 분석업",2009-03-09,12월
(주)중원종합건축사사무소,joongwon,중원종합건축사사무소, ,김한준,기타법인,110111-0778493,211-81-70158,"서울특별시 종로구 사직로 101 (필운동, 필운빌딩)", ,,"건축기술, 엔지니어링 및 기타 과학기술 서비스업",1991-05-24,12월
중정회계법인,JUNGJEONG ACCOUNTING CORPORATION,중정회계법인, ,이진복,기타법인,170134-0027866,749-81-01985,"대구광역시 남구 대명로 302 (대명동)4층,5층", ,,공인회계사업,2020-11-01,03월
주식회사 중화명장,Liu Fang Ning,중화명장, ,최창조,기타법인,120111-1036343,164-88-01562,"서울특별시 영등포구 여의대로 108 지하1층 (여의도동, 더현대서울점)", ,,경영 컨설팅업,2019-12-03,12월
주식회사 지구야고마워,Geosan Park Support & Export,지구야고마워, ,김균섭,기타법인,154411-0025234,317-81-45938,"충청북도 괴산군 괴산읍 자연식품1길 14 (능촌리, 식품산업육성지원센터)", ,,경영 컨설팅업,2014-12-17,12월
지구환경관리 주식회사,"Golbal Environment Management Co., Ltd.",지구환경관리, ,유재형,기타법인,110111-2204959,211-86-73640,서울특별시 강남구 논현동 210-3 보우회관 3층,www.okgem.co.kr,,물질성분 검사 및 분석업,2001-03-29,12월
지나인인베스트먼트 주식회사,"G9 INVESTMENT CO., LTD",지나인인베스트먼트, ,리나,기타법인,131411-0226938,134-86-57208,서울특별시 강남구 논현로131길 41-5 4층(논현동), ,,경영 컨설팅업,2020-11-09,12월
(주)지노믹트리,Genomictree Inc.,지노믹트리,228760,안성환,코스닥시장,160111-0105498,314-81-36987,대전광역시 유성구 테크노10로 44-6,genomictree.com/ko/,,자연과학 및 공학 연구개발업,2000-10-06,12월
지노바아시아(주),XINOVA ASIA,지노바아시아, ,김용성,기타법인,135811-0290931,449-81-00408,서울특별시 강남구 영동대로 513 (삼성동) 2층 C-100,www.xinova.co.kr,,"기타 전문, 과학 및 기술 서비스업",2016-05-01,12월
주식회사 지노스,"JINOS Co.,Ltd",지노스, ,이원준,기타법인,160111-0338122,314-86-42806,"대전광역시 대덕구 문평서로 42 (문평동, (주)진합)", ,,회사 본부 및 경영 컨설팅 서비스업,2013-01-01,12월
(주)지노첵,"Genocheck co., Ltd",지노첵, ,황승용,기타법인,135011-0102380,134-81-54676,서울특별시 구로구 구로3동 에이스테크노타워 5차 306호,www.genocheck.com,,의학 및 약학 연구개발업,2000-05-01,12월
주식회사 지뉴브,GENUV Inc.,지뉴브, ,한성호,기타법인,110111-6000163,869-86-00325,"서울특별시 중구 청계천로 14 (무교동, 한국정보화진흥원) 5층",www.genuv.com,,의학 및 약학 연구개발업,2016-03-14,12월
지니너스 주식회사,GENINUS Inc.,지니너스,389030,박웅양,코스닥시장,110111-6728781,203-88-01251,"서울특별시 송파구 정의로 70 4층, 5층(문정동, 케이디유타워)",kr-geninus.com,,의학 및 약학 연구개발업,2018-04-20,12월
주식회사 지니앤솔루션,"GENIE N SOLUTION.,Ltd",지니앤솔루션, ,"조은석, 최영식",기타법인,110111-7292579,671-87-01613,서울특별시 강남구 논현로 412, ,,광고 대행업,2019-11-11,12월
주식회사 지디파인더,"GD FINDER Co.,Ltd",지디파인더, ,이규덕,기타법인,110111-7390919,293-88-01652,"서울특별시 영등포구 경인로77길 49 (문래동4가, 리버뷰신안인스빌) 109동 상가 2층", ,,경영 컨설팅업,2020-02-14,12월
지멘스에너지 유한회사,Siemens Energy Limited,지멘스에너지, ,홍성호,기타법인,110114-0250099,425-87-01820,"서울특별시 종로구 종로3길 17 (청진동, D타워)", ,,기타 엔지니어링 서비스업,2019-10-25,09월
지믹컨설팅주식회사,G-MIC Consulting Inc.,지믹컨설팅, ,김동환,기타법인,110111-2321323,117-81-35320,서울특별시 영등포구 문래동3가 54-66 에이스하이테크시티 2동 1101호,www.g-mic.co.kr,,경영 컨설팅업,2001-08-31,12월
지베스코 주식회사,GVESCO Corporation,지베스코, ,김준우,기타법인,110111-7210860,388-87-01327,"서울특별시 종로구 종로 33 15층, (청진동, 그랑서울)", ,,기타 전문 서비스업,2019-08-22,12월
주식회사 지베이스,G-BAISE Inc.,지베이스, ,강선주,기타법인,131111-0364180,129-86-85599,"경기도 성남시 중원구 둔촌대로 545 비1층 (상대원동, 한라시그마밸리)", ,,회사 본부 및 경영 컨설팅 서비스업,2014-01-20,12월
(주)지비인베스트먼트,GB INVESTMENT,지비인베스트먼트, ,서학석,기타법인,110111-2941428,107-86-45317,경기도 성남시 분당구 판교로256번길 25 씨동9층 (삼평동), ,,경영 컨설팅업,2008-12-23,12월
주식회사 지사이언스,G Science,지사이언스, ,정재영,기타법인,110111-8215603,388-87-02438,"서울특별시 구로구 경인로43길 21 (고척동, 소천지) 203호", ,,"광고물 문안, 도안, 설계 등 작성업",2022-03-17,12월
(주)지산엔터프라이즈,G-san M&A Consulting,지산엔터프라이즈, ,김호림,기타법인,110111-0946339,112-81-35214,서울특별시 강남구 역삼동668-2 용마빌딩2층, ,,사업 및 무형 재산권 중개업,1993-06-01,12월
주식회사지성네트워크,"jiseongnetwork co,.ltd",지성네트워크, ,장창선,기타법인,110111-6821676,561-88-01180,"서울특별시 강남구 테헤란로 146 (역삼동, 현익빌딩)", ,,경영 컨설팅업,2018-07-24,12월
지성회계법인,JISUNG Accounting Corporation,지성회계법인, ,이재호,기타법인,170134-0031982,766-81-03580,대구광역시 남구 대명로 218 한경회계법인 2층, ,,공인회계사업,2024-12-10,03월
지성회계법인,JISUNG Accounting Corporation,지성회계법인, ,이의웅,기타법인,114634-0029985,211-87-20344,"서울특별시 강남구 강남대로 334 (역삼동, SM타워) 9층",www.jisungacc.com,,공인회계사업,2002-09-01,03월
주식회사 지송건축사사무소,jisongarchi,지송건축사사무소, ,손천익,기타법인,110111-7502069,721-81-01819,경기도 양평군 양서면 목왕로 13 (용담리) 302호, ,,건축설계 및 관련 서비스업,2020-05-29,12월
지수회계법인,Z-SOO ACCOUNTING CORPORATION,지수회계법인, ,고주현,기타법인,240134-0034569,711-88-02969,"서울특별시 송파구 법원로 128 (문정동, 문정역SKV1) 씨동 1613호", ,,공인회계사업,2023-08-17,12월
주식회사 지스,JIS,지스, ,이서윤,기타법인,280211-0231585,459-86-02354,경기도 양주시 부흥로 1932 5층 118호(광사동), ,,경영 컨설팅 및 공공 관계 서비스업,2021-08-13,12월
(주)지스콥,"JISCORP., Ltd",지스콥, ,이승훈,기타법인,110111-0875413,211-81-92429,서울특별시 강남구 도산대로51길 20 (신사동), ,,"기타 기술 시험, 검사 및 분석업",1992-07-03,12월
(주)지씨셀,GC CELL CORPORATION,지씨셀,144510,"원성용, 김재왕",코스닥시장,134511-0172532,142-81-37741,경기도 용인시 기흥구 이현로30번길 107 -,www.gclabcell.com,,"그 외 기타 분류 안된 전문, 과학 및 기술 서비스업",2011-06-21,12월
주식회사 지씨씨엘,"GCCL Co.,Ltd",지씨씨엘, ,양송현,기타법인,134511-0405503,253-88-01348,경기도 용인시 기흥구 용구대로2469번길 15 (보정동) 4층, ,,"기타 기술 시험, 검사 및 분석업",2019-08-01,12월
(주)지씨지놈,GC Genome Corporation,지씨지놈,340450,기창석,코스닥시장,134511-0215100,142-81-61687,경기도 용인시 기흥구 이현로30번길 107,www.gcgenome.com,,"그 외 기타 전문, 과학 및 기술 서비스업",2013-07-31,12월
주식회사 지씨티리써치,"GCT Research, Inc.",지씨티리써치, ,김정민,기타법인,110111-1663958,112-81-51683,서울특별시 동작구 보라매로5길 15, ,,시장조사 및 여론조사업,1999-03-15,12월
주식회사 지아앤지나,"Gia&Gina Co.,Ltd",지아앤지나, ,이혜정,기타법인,110111-2270281,110-81-51858,서울특별시 동작구 상도동 25-8, ,,경영 컨설팅업,2001-06-26,12월
주식회사 지아웃도어,G outdoor,지아웃도어, ,성태연,기타법인,110111-3352012,107-86-72532,서울특별시 마포구 공덕2동 LG마포빌딩 14층, ,,옥외 광고업,2006-01-01,12월
주식회사 지아이롱제비티,GI biome Inc.,지아이롱제비티, ,양보기,기타법인,110111-6868678,196-81-01352,"경기도 성남시 중원구 갈마치로288번길 14 비동 1567호(상대원동, 성남에스케이브이1타워)",https://www.gi-biome.com/,,의학 및 약학 연구개발업,2018-09-13,12월
주식회사 지아이셀,"GI Cell, Inc.",지아이셀, ,홍천표,기타법인,110111-6899954,250-81-01224,"경기도 성남시 중원구 갈마치로288번길 14 B동 1553호(상대원동, 성남SKV1tower)",www.gi-cell.com,,의학 및 약학 연구개발업,2018-10-18,12월
지아이씨리얼에스테이트인터내셔널코리아주식회사,"GIC Real Estate International Korea Co., Ltd",지아이씨리얼에스테이트인터내셔널코리아, ,"김소희, 자스민루리이",기타법인,110111-3204594,104-81-93187,"서울특별시 강남구 테헤란로 152 (역삼동, 강남파이낸스센터) 26층", ,,경영 컨설팅업,2005-04-08,03월
주식회사 지아이씨월드와이드,"GIC Worldwide, Inc.",지아이씨월드와이드, ,안성화,기타법인,110111-3581885,101-86-28590,"서울특별시 강남구 영동대로 602 6층 E114호(삼성동, 삼성동미켈란107)", ,,경영 컨설팅업,2006-12-18,12월
(주)지아이이노베이션,GI Innovation Inc.,지아이이노베이션,358570,"장명호, 홍준호(각자대표이사)",코스닥시장,145211-0021112,682-86-00771,"서울특별시 송파구 송파대로 167 비동 1014호(문정동, 문정역 테라타워)",www.gi-innovation.com/kr/,,의학 및 약학 연구개발업,2017-07-19,12월
(주)지아이홀딩스,"G.I. Holdings Co., Ltd",지아이홀딩스, ,김준익,기타법인,171211-0070935,505-81-71445,경상북도 경주시 건천읍 용명공단길 173-160, ,,경영 컨설팅업,2012-11-19,12월
지안회계법인,Jian Accounting Corporation,지안회계법인, ,고준모,기타법인,274134-0009132,270-81-01058,"서울특별시 서대문구 충정로7길 15 2층 (충정로3가, 신한토건(주))", ,,공인회계사업,2018-04-23,03월
지암회계법인,Jiam Accounting Corporation,지암회계법인, ,김성년,기타법인,274134-0006336,110-81-69741,서울특별시 강남구 강남대로122길 22 미래빌딩 4층 지암회계법인, ,,공인회계사업,2005-03-23,03월
지앤디솔루션주식회사,gndsolution,지앤디솔루션, ,정효경,기타법인,110111-6169141,608-86-10456,서울특별시 강남구 개포로20길 20 (개포동), ,,기타 전문 서비스업,2017-10-24,12월
지앤비에너지(주),"GNB ENERGY CO., LTD",지앤비에너지, ,이용우,기타법인,131111-0256759,129-86-46941,경기도 성남시 분당구 구미동 153 로드랜드이지타워 610호, ,,환경 관련 엔지니어링 서비스업,2010-06-08,12월
지앤아이네트웍스(주),G&Inetworks,지앤아이네트웍스, ,박도우,기타법인,110111-2021155,107-81-86797,서울특별시 영등포구 여의도동 45-5,없음,,경영 컨설팅업,2000-07-11,12월
(주)지앤에이치,"Global n Harvest Co., Ltd.",지앤에이치, ,강재호,기타법인,131111-0316610,129-86-76106,"경기도 성남시 중원구 산성대로 106 (성남동, 원진빌딩) 1201호", ,,경영 컨설팅업,2012-06-29,12월
주식회사 지앤케이네트워크,G&K Network,지앤케이네트워크, ,고광만,기타법인,110111-2389818,214-87-00105,서울특별시 서초구 서초동 1328-10 덕흥빌딩 4층, ,,경영 컨설팅업,2001-12-05,12월
지앤플러스 주식회사,GNPLUS,지앤플러스, ,박민우,기타법인,110111-2518392,211-87-14099,"서울특별시 강남구 도산대로 225 (신사동, 현대썬앤빌) 402호",www.gnplus.co.kr,,광고 대행업,2002-05-08,12월
(주)지에스넷비전,GS Netvision,지에스넷비전, ,권기환,기타법인,110111-3862897,107-87-07004,"서울특별시 강남구 테헤란로 201 9층(역삼동, 아주빌딩)",-,,광고업,2008-03-20,12월
지에스비홀딩스,GSB Holdings,지에스비홀딩스, ,최범권,기타법인,110111-5082047,206-86-75495,서울특별시 강남구 언주로172길 23 2층(신사동), ,,경영 컨설팅업,2013-03-06,12월
주식회사 지에스씨코리아,GSC KOREA,지에스씨코리아, ,오에릭종,기타법인,110111-4239409,113-86-34682,서울특별시 강남구 도산대로15길 16 4층(신사동), ,,경영 컨설팅업,2009-12-11,12월
주식회사 지에스엠홀딩스,"GSM Holdings Co., Ltd",지에스엠홀딩스, ,임지원,기타법인,110111-4975590,211-88-84457,"서울특별시 서초구 강남대로109길 73-21 2층(잠원동, 그린빌딩)", ,,경영 컨설팅업,2012-10-09,12월
지에이디플러스 주식회사,GADPLUS CO.LTD,지에이디플러스, ,손진영,기타법인,131311-0268883,217-88-02303,경기도 평택시 중앙2로 13 602-1-477호(평택동), ,,경영 컨설팅업,2021-11-05,12월
주식회사 지에이리조트,GA Resort Corp.,지에이리조트, ,김영만,기타법인,134511-0561686,673-81-02412,경기도 용인시 기흥구 기흥단지로 406 (고매동), ,,경영 컨설팅업,2022-01-26,12월
(주)지에이치씨,GHC.,지에이치씨, ,최규성,기타법인,110111-2241860,201-81-65513,서울특별시 중구 을지로2가 199-59 3층, ,,경영 컨설팅업,2004-11-05,12월
주식회사 지에이치코어,"GHCORE Co., Ltd.",지에이치코어, ,금동현,기타법인,194211-0236275,608-86-08912,경상남도 고성군 동해면 동해로 1469 (장기리), ,,경영 컨설팅업,2015-01-12,12월
(주)지에프알앤디,GF RND corp.,지에프알앤디, ,김진수,기타법인,110111-6842432,688-86-01327,"서울특별시 서초구 마방로2길 94 (양재동, O.S.L빌딩) 6층", ,,기타 전문 서비스업,2018-08-14,12월
주식회사 지에프에스,"GFS Co., Ltd.",지에프에스, ,김종민,기타법인,110111-8096855,436-87-02493,"서울특별시 중구 퇴계로 173 (충무로3가, 남산스퀘어)",-,,경영 컨설팅 및 공공 관계 서비스업,2021-11-18,12월
지에프케이리테일앤테크놀로지코리아리미티드(주),GfK Retail and Technology Korea Ltd.,지에프케이리테일앤테크놀로지코리아리미티드, ,장재섭,기타법인,110111-1923641,220-81-82513,"서울특별시 서대문구 충정로 70 (미근동, 웨스트게이트타워)웨스트게이트타워 12층",www.gfkrt.co.kr,,시장조사 및 여론조사업,2000-03-29,12월
(주)지에프파트너스,GF PARTNERS,지에프파트너스, ,권기홍,기타법인,110111-3844762,214-88-34941,"서울특별시 서초구 강남대로327(서초동, 대륭서초타워 520호)", ,,경영 컨설팅업,2008-11-26,12월
(주)지엔비에셋홀딩스,GNB ASSET HOLDINGS Co. Ltd.,지엔비에셋홀딩스, ,최우식,기타법인,110111-3611096,120-87-12117,경기도 성남시 분당구 야탑동 360-1,www.gnbasset.com,,경영 컨설팅업,2007-01-30,12월
주식회사 지엔씨파트너스,GNC partners,지엔씨파트너스, ,이민혁,기타법인,110111-6110368,431-86-00358,"서울특별시 서초구 강남대로107길 21 (잠원동, 대능빌딩), 2층", ,,경영 컨설팅업,2016-07-06,12월
주식회사 지엔앰퍼포먼스,"GnM Performance co.,Ltd.",지엔앰퍼포먼스, ,노희종,기타법인,110111-4854819,211-88-76923,"서울특별시 강남구 봉은사로 114 (역삼동, 반디빌딩) 2층",www.makeulike.com,,광고 대행업,2012-04-26,12월
(주)지엔에스엔진컴포넌트,"GNSENGINECOMPONENT CO.,LTD",지엔에스엔진컴포넌트, ,공문규,기타법인,164811-0052435,312-86-13741,충청남도 아산시 인주면 걸매리 1043, ,,제조업 회사 본부,2010-01-01,12월
(주)지엔텔,GNTEL. Inc.,지엔텔, ,이맹희,기타법인,134111-0114615,123-81-95565,"서울특별시 금천구 벚꽃로 278 (가산동, SJ테크노빌) 8층",www.lgntel.com,,기타 엔지니어링 서비스업,2004-02-01,12월
주식회사 지엔티바이오홀딩스,GNTBIOHOLDINGS Co. Ltd,지엔티바이오홀딩스, ,전준수,기타법인,110111-6140646,734-86-00505,서울특별시 은평구 진흥로1길 13 2층 202호(역촌동),-,,경영 컨설팅업,2016-08-04,12월
주식회사 지엔티파마,GNT PHARMA,지엔티파마, ,곽병주,기타법인,110111-1531303,124-81-58170,경기도 용인시 기흥구 용구대로1855번길 23 GNT B/D(하갈동),gntpharma.com,http://gntpharma.com,의학 및 약학 연구개발업,1998-04-03,12월
주식회사 지엘디,General Lighting & Displays,지엘디, ,김청수,기타법인,161511-0032783,312-81-38204,충청남도 천안시 백석동 719, ,,전기ㆍ전자공학 연구개발업,1999-10-05,01월
주식회사 지엘케이에쿼티인베스트,"CREAS F&C INVEST Co.,ltd",지엘케이에쿼티인베스트, ,서영운,기타법인,110111-6384632,870-88-00708,"서울특별시 영등포구 영등포로 272 (영등포동3가, 필링크타워) 10층", ,,경영 컨설팅업,2017-04-24,12월
지엘팜텍주식회사,GL Pharmtech Inc,지엘팜텍, ,왕훈식,기타법인,131111-0080801,129-81-53258,경기도 성남시 중원구 사기막골로 137 중앙인더스피아 5차 714호,www.glpt.co.kr,,의학 및 약학 연구개발업,2002-08-01,12월
지엠벨리 주식회사,GMVALLY Corporation,지엠벨리, ,차정환,기타법인,134511-0488575,147-86-02126,"경기도 용인시 수지구 신수로 767 (동천동, 분당수지U-TOWER)  비동 2119호", ,,경영 컨설팅업,2020-12-01,12월
(주)지엠비,GMB Inc.,지엠비, ,곽정호,기타법인,230111-0086172,610-81-58763,울산광역시 울주군 삼동면 작동리 208-34,www.gmbmarine.com,,기타 엔지니어링 서비스업,2002-05-20,12월
주식회사 지엠알코리아,GMR Korea,지엠알코리아, ,김동은,기타법인,110111-5943851,853-87-00370,"서울특별시 강남구 테헤란로 407 (삼성동, 이케이타워)  4층", ,,경영 컨설팅업,2016-01-14,12월
주식회사 지엠에셋,GMASSET,지엠에셋, ,서현수,기타법인,214911-0059256,167-86-01500,전북특별자치도 익산시 중앙로 48 (갈산동) 1층 1호, ,,"광고물 문안, 도안, 설계 등 작성업",2019-11-13,12월
주식회사 지엠유홀딩스,GMU Holdings,지엠유홀딩스, ,조경호,기타법인,110111-6118958,261-88-00506,"서울특별시 강남구 역삼로9길 27 3층(역삼동, 로뎀빌딩)", ,,경영 컨설팅업,2016-07-13,12월
지엠테크니컬센터코리아 주식회사,"GM Technical Center Korea, Ltd.",지엠테크니컬센터코리아, ,브라이언맥머레이,기타법인,120111-0975295,778-86-01159,인천광역시 부평구 부평대로 233 (청천동), ,,기타 공학 연구개발업,2019-01-01,12월
(주)지엠홀딩스,"GMHOLDINGS CO., LTD",지엠홀딩스, ,송태석,기타법인,131311-0044712,125-81-44951,경기도 안성시 죽산면 장계리 695-1, ,,사업 및 무형 재산권 중개업,2002-11-01,12월
(주)지오로직스,GEOLOGICS,지오로직스, ,고인환,기타법인,110111-4507525,209-81-52540,인천광역시 부평구 주부토로 66 (부평동)4층 402호, ,,지질 조사·탐사 및 지도 제작업,2011-01-24,12월
주식회사지오뷰,"GEOVIEW CO.,LTD.",지오뷰, ,김현도,기타법인,180111-0514059,603-81-58858,"부산광역시 사하구 하신번영로 423 (하단동, 세진빌딩4층)",www.geoview.co.kr,,기타 엔지니어링 서비스업,2005-03-22,12월
(주)지오시스템리서치,GeoSystem Research Corporation,지오시스템리서치, ,김홍선,기타법인,134111-0075601,123-81-58672,"경기도 군포시 엘에스로 172 (금정동, 한림휴먼타워) 306",www.geosr.com,,기타 엔지니어링 서비스업,2000-07-04,12월
주식회사 지오원,"GOONE CO.,Ltd.",지오원, ,이선희,기타법인,110111-6203973,149-87-00719,"서울특별시 서초구 강남대로 631 1501호(잠원동, 크레신타워)", ,,경영 컨설팅업,2016-10-17,12월
주식회사 지오인베스트,"GO Investment Co., Ltd.",지오인베스트, ,장명종,기타법인,110111-1735707,214-86-35228,서울특별시 강남구 도곡로 206 지오빌딩 8층 (도곡동), ,,경영 컨설팅업,1999-07-15,12월
(주)지오케어,geocare,지오케어, ,김진태,기타법인,110111-5589960,110-86-15954,"서울특별시 서대문구 성산로 321 1층 (연희동, 1층)", ,,경영 컨설팅업,2014-12-18,12월
주식회사 지와이에스,"GYS Co., Ltd.",지와이에스, ,신예지,기타법인,135711-0127607,532-88-00878,"서울특별시 강남구 선릉로112길 23 4, 5층(삼성동)", ,,광고 대행업,2018-03-22,12월
지우회계법인,EONE Accounting Corporation,지우회계법인, ,서영석,기타법인,110134-0089959,821-88-00803,"서울특별시 서초구 반포대로 79 (서초동, 개념원리빌딩 6층)", ,,공인회계사업,2017-08-17,03월
(주)지원이엔티,G1ENT,지원이엔티, ,최진한,기타법인,110111-3717430,211-87-99972,서울특별시 강남구 논현동 101-8 상조빌딩 3층, ,,매니저업,2007-07-12,12월
지율회계법인,G-YUL Accounting Corporation,지율회계법인, ,윤주영,기타법인,110134-0088315,760-81-00611,"서울특별시 서초구 반포대로 306 5층 502호(잠원동, 우진빌딩)", ,,공인회계사업,2017-03-03,03월
유한회사 지음,Jieum,지음, ,이해영,기타법인,131114-0003568,129-86-68775,"경기도 성남시 분당구 정자일로 239 (정자동, 아이파크분당1) 104동 2103호", ,,전문 서비스업,2011-11-28,12월
(주)지음네트웍스,"zieumnetworks.co.,ltd",지음네트웍스, ,최원구,기타법인,110111-7374971,463-88-01718,"서울특별시 송파구 중대로 135 (가락동, 아이티벤처타워), 11층", ,,경영 컨설팅업,2020-02-01,12월
(주)지음종합건축사사무소,Jieum Registered Architect Office Inc.,지음종합건축사사무소, ,"김천규, 윤정두",기타법인,110111-2980088,120-86-65728,서울특별시 강남구 일원동 645-7, ,,건축설계 및 관련 서비스업,2004-03-24,12월
지이에프 주식회사,"GEF CO.,LTD.",지이에프, ,송문기,기타법인,134811-0376592,247-87-00425,경기도 평택시 진위면 동부대로 96 (가곡리),newgef.co.kr,,기타 엔지니어링 서비스업,2016-05-16,12월
주식회사 지이티코리아,GET KOREA,지이티코리아, ,이종준,기타법인,134111-0362470,123-86-39194,경기도 화성시 동탄순환대로 878 (영천동)동탄아이티타워 6층 612, ,,"기타 전문, 과학 및 기술 서비스업",2013-07-01,12월
지인회계법인,Jee In Accounting Corporation,지인회계법인, ,송재철,기타법인,110134-0112726,403-88-03048,서울특별시 강남구 테헤란로103길 6 5층 (삼성동), ,,공인회계사업,2024-04-01,03월
주식회사 지케이알파트너스,GKR Partners Inc.,지케이알파트너스, ,김현수,기타법인,110111-3742156,220-87-53612,서울특별시 강남구 강남대로94길 9 5층(역삼동), ,,기타 전문 서비스업,2007-08-24,12월
지코아 주식회사,"GCoA Co., Ltd.",지코아, ,안승호,기타법인,110111-7168019,427-86-01455,"서울특별시 서초구 매헌로 54-1 (양재동, 양재동빌딩) 5층", ,,사업 및 무형 재산권 중개업,2019-07-11,12월
주식회사 지텍홀딩스,"Z-tec Holdings Co., Ltd",지텍홀딩스, ,유해귀,기타법인,285011-0530902,340-86-02837,"서울특별시 서초구 서초대로77길 39 (서초동, MK빌딩) 1105호", ,,경영 컨설팅업,2023-05-01,12월
주식회사 지투지,G2G),지투지, ,"황동연, 김형준",기타법인,110111-7316452,411-81-92219,"서울특별시 강남구 도산대로55길 46 (청담동) 1층(청담동, 효영빌딩)", ,,기타 전문 서비스업,2019-12-11,12월
주식회사 지투코리아그룹,"G2KOREA Group Co., Ltd.",지투코리아그룹, ,곽병현,기타법인,110111-6553550,395-81-00950,"서울특별시 강남구 테헤란로 134 (역삼동, 포스코P&S타워) 16층 8호", ,,경영 컨설팅업,2017-10-31,12월
지티산업 주식회사,"GT Industry co.,Ltd",지티산업, ,정석영,기타법인,110111-4726307,107-87-61070,서울특별시 영등포구 여의도동 대영빌딩 341, ,,경영 컨설팅업,2011-11-14,12월
주식회사 지티에프홀딩스,"GTF Holdings Co., Ltd.",지티에프홀딩스, ,김상우,기타법인,110111-0933810,564-87-03439,"서울특별시 동작구 여의대방로62길 1 (대방동, 이투데이빌딩)", ,,경영 컨설팅업,2025-08-06,12월
주식회사 지파인딩, ,지파인딩, ,조경민,기타법인,110111-3579012,211-87-90326,경기도 포천시 신읍동 72-7 문암빌딩 2층, ,,경영 컨설팅업,2006-12-13,12월
주식회사 지팸,"G-PEM Engineers,Inc.",지팸, ,박성순,기타법인,110111-1885255,119-81-35985,"서울특별시 구로구 디지털로 272 (구로동, 한신아이티타워 902호)",www.g-pem.com,,기타 엔지니어링 서비스업,2000-07-06,12월
지프라자 주식회사 ,"GPLAZA Co., Ltd.",지프라자, ,김세중,기타법인,110111-5423134,264-81-36590,인천광역시 강화군 강화읍 강화대로 158 (용정리), ,,경영 컨설팅업,2014-05-23,12월
(주)지플러스생명과학,"G+Flas Life Sciences, Inc",지플러스생명과학, ,최성화,기타법인,135811-0255828,135-86-47872,서울특별시 관악구 낙성대로 38 (봉천동) 낙성대 R&D Center 1층,www.gflas.com,,의학 및 약학 연구개발업,2014-10-01,12월
지피다이쿄코리아(주),GPDaikyo Korea Corporation,지피다이쿄코리아, ,인노마사카즈,기타법인,110111-2153429,211-81-00138,"경기도 군포시 엘에스로 172 (금정동, 한림휴먼타워 )910호", ,,기타 엔지니어링 서비스업,2001-01-22,12월
(주)지피씨알,"GPCR Therapeutics, Inc.",지피씨알, ,신동승,기타법인,110111-5263019,114-87-12922,서울특별시 관악구 낙성대로 38 (봉천동) 낙성대R&D센터 407호,www.gpcr.co.kr,,의학 및 약학 연구개발업,2013-11-06,12월
지피테라퓨틱스코리아 주식회사,"ZP Therapeutics Korea co.,Ltd.",지피테라퓨틱스코리아, ,Frank Marc,기타법인,110111-6324224,517-86-00633,"서울특별시 용산구 한강대로 92 (한강로2가, LS용산타워) 3층 지피테라퓨틱스코리아", ,,기타 전문 서비스업,2017-02-28,12월
직산개발 주식회사,"Jiksan Development Co.,Ltd.",직산개발, ,안태일,기타법인,110111-7542081,708-86-01830,"인천광역시 계양구 계양문화로 54 (계산동, 대산월드프라자), 10층 48-1호", ,,경영 컨설팅업,2020-07-02,12월
(주)진광건설엔지니어링,"JIN KWANG CNSTRUCTION ENGINEERING CO.,LTD.",진광건설엔지니어링, ,오명훈,기타법인,115911-0010274,135-81-18222,"경기도 수원시 장안구 경수대로 1016 (송죽동, 신협경제연합회)  4층",jkceng.com,,건물 및 토목 엔지니어링 서비스업,1994-04-20,12월
(주)진매트릭스,GENEMATRIX INC.,진매트릭스,109820,김수옥,코스닥시장,110111-2124389,101-81-65547,"경기도 성남시 분당구  대왕판교로 700 삼평동 코리아바이오파크 8층,7층",www.genematrix.net,,의학 및 약학 연구개발업,2000-12-07,12월
진메디신 주식회사,"Genemedicine Co.,Ltd.",진메디신, ,윤채옥,기타법인,110111-5567205,114-87-22129,"서울특별시 성동구 왕십리로 222 7층 707호 (사근동, 한양대학교 퓨전테크센터)", ,,의학 및 약학 연구개발업,2014-11-18,12월
(주)진명엔지니어링건축사사무소,"JinMyung Engingineering ang Architecture Co.,Ltd",진명엔지니어링건축사사무소, ,서정학,기타법인,170111-0083452,502-81-29273,대구광역시 동구 신천4동 292-24번지,jm21c.co.kr,,건축설계 및 관련 서비스업,1995-01-05,12월
진산회계법인,Jinsan Accounting Corporation,진산회계법인, ,김대준,기타법인,110134-0108296,378-88-02888,서울특별시 강남구 언주로129길 15 402호 (논현동), ,,공인회계사업,2022-12-12,03월
진성씨에이치,"JINSUNG CH Co., Ltd ",진성씨에이치, ,김정국,기타법인,131311-0113153,125-86-00619,경기도 평택시 세교동 542-4(세교산단로22번길 35), ,,경영 컨설팅업,2011-12-28,12월
진성회계법인,JINSUNG Accounting Corporation,진성회계법인, ,박지승,기타법인,110134-0031570,101-86-34054,서울특별시 강남구 강남대로140길 46 지앤에이학동파크 3층(논현동), ,,공인회계사업,2007-08-01,03월
주식회사 진앤온,GeneN On,진앤온, ,진승현,기타법인,134511-0618685,763-88-02747,"경기도 용인시 수지구 신수로 767 (동천동, 분당수지U-TOWER) 에이동 1304호", ,,경영 컨설팅업,2023-02-01,12월
(주)진양엔지니어링건축사사무소,JINYANG ENGINEERING ARCHITECTURE,진양엔지니어링건축사사무소, ,"노병채, 이범구",기타법인,110111-2579287,215-86-29388,"서울특별시 강동구 강동대로53길 80 (성내동, 하모니마트)3층", ,,"건축기술, 엔지니어링 및 기타 과학기술 서비스업",2002-07-30,12월
(주)진엔지니어링건축사사무소,jin electrical co,진엔지니어링건축사사무소, ,오호진,기타법인,110111-1253741,120-81-60091,서울특별시 성동구 아차산로17길 49 (성수동2가)성수데시앙플랙스 415호, ,,엔지니어링 서비스업,1996-04-01,12월
주식회사 진영피엠,"JINYOUNG PM CO.,LTD.",진영피엠, ,이상욱,기타법인,110111-2673641,206-81-76714,서울특별시 성동구 하왕십리2동 966-17 설악빌딩 302호, ,,시장조사 및 여론조사업,2002-12-16,12월
주식회사 진우엔지니어링코리아,JINWOO ENGINEERING KOREA,진우엔지니어링코리아, ,김명철,기타법인,134911-0023753,130-81-91738,"서울특별시 금천구 가산디지털1로 151 1202-1207호(가산동, 이노플렉스1차)",www.jinwoo-kor.com,,건물 및 토목 엔지니어링 서비스업,2002-10-07,12월
(주)진웅이노텍,"JINWOONG INNOTECH CO.,LTD",진웅이노텍, ,김지용,기타법인,110111-2974768,220-86-81479,서울특별시 강남구 역삼동 705-1 빅토리아빌딩 410호, ,,제조업 회사 본부,2004-03-16,12월
주식회사 진이어스,"GENIUS Co.,Ltd.",진이어스, ,김민경,기타법인,110111-6515930,832-87-00811,"서울특별시 강남구 강남대로 556 17층 (논현동, 논현빌딩)", ,,"광고물 문안, 도안, 설계 등 작성업",2017-10-01,12월
진주중앙청과(주),Jin Ju Jungang fnv.ltd,진주중앙청과, ,전윤호,기타법인,191111-0015096,613-81-16006,경상남도 진주시 초전동 260번지,www.fnv.co.kr,,"그 외 기타 분류 안된 전문, 과학 및 기술 서비스업",1998-03-16,12월
주식회사 진코어,GenKOre Inc.,진코어, ,김용삼,기타법인,160111-0527923,540-87-01721,"대전광역시 유성구 과학로 125 (어은동, 한국생명공학연구원) 바이오벤처센터동 303호",www.genkore.com/,,"물리, 화학 및 생물학 연구개발업",2019-09-23,12월
진평회계법인,JinPyung Corporation,진평회계법인, ,김용환,기타법인,250134-0042891,438-88-02614,"서울특별시 영등포구 양산로 91 (당산동3가, 리드원센터) 1311호", ,,공인회계사업,2022-04-06,03월
(주)진화기술공사,JINHWA CONSULTING ENGINEERING ,진화기술공사, ,최한중,기타법인,110111-0672132,221-81-04989,강원도 춘천시 춘천로 334 (후평동),www.jinhwaeng.co.kr,,건물 및 토목 엔지니어링 서비스업,1990-02-15,12월
진회계법인,JEAN ACCOUNTING,진회계법인, ,변정호,기타법인,254334-0017531,335-87-00305,"서울특별시 금천구 서부샛길 632 201호(가산동, 대륭테크노타운5차)",www.jeanaccounting.com,,공인회계사업,2015-11-09,03월
(주)차바이오랩,"Cha Biolab Co., Ltd",차바이오랩, ,최종성,기타법인,131111-0523372,299-81-01267,경기도 성남시 분당구 판교로 335 (삼평동), ,,의학 및 약학 연구개발업,2018-06-29,12월
(주)차백신연구소,CHA Vaccine Research Institute,차백신연구소,261780,한성일,코스닥시장,110111-1992670,209-81-25738,"경기도 성남시 중원구 둔촌대로 560,  406,407호(상대원동, 벽산테크노피아)",www.chavaccine.com,chavaccine.irpage.co.kr/,의학 및 약학 연구개발업,2000-06-09,12월
차의과학대학교 산학협력단,CHA IACF,차의과학대학교산학협력단, ,이상조,기타법인,284431-0016375,127-82-12767,"경기도 포천시 해룡로 120 (동교동, 차의과학대학교)",www.cha.ac.kr,,기타 전문 서비스업,2004-04-16,02월
(주)차이커뮤니케이션,"Chai Communication Co., LTD.",차이커뮤니케이션,351870,최영섭,코스닥시장,110111-3034363,211-87-51624,서울특별시 강남구 학동로43길 6,www.artistchai.co.kr,,광고 대행업,2004-06-22,12월
주식회사 차헬스케어,"CHA Healthcare Co., Ltd",차헬스케어, ,윤경욱,기타법인,110111-5203809,220-88-63460,서울특별시 강남구 봉은사로6길 10 5층(역삼동),www.chahealthcare.com,,"그 외 기타 분류 안된 전문, 과학 및 기술 서비스업",2013-08-01,12월
참회계법인,Charm Accounting Corporation,참회계법인, ,김성균,기타법인,114634-0030312,220-86-58226,"서울특별시 서초구 서운로 13 (서초동, 중앙로얄) 1층",www.charmbiz.com,,공인회계사업,2003-02-21,03월
창원문성대학교산학협력단,CHANGWON MOONSUNG UNIVERSITY INDUSTRY ACADEMY CENTER ,창원문성대학교산학협력단, ,박성호,기타법인,194271-0004387,609-82-10257,"경상남도 창원시 성산구 충혼로 91 (두대동, 창원문성대학)",www.cmu.ac.kr,,기타 전문 서비스업,2004-07-23,02월
창원복합행정타운개발 주식회사,Changwon Mulltipurpose Adminstrative town Co.Ltd,창원복합행정타운개발, ,백효기,기타법인,194211-0311960,799-86-01724,경상남도 창원시 의창구 평산로 23 (팔용동)572호, ,,기타 전문 서비스업,2020-01-22,12월
창원에스지에너지 주식회사,"Changwon SG Energy Co., Ltd.",창원에스지에너지, ,이철욱,기타법인,194211-0370578,744-88-02668,경상남도 창원시 의창구 북면 동전산단동로12번길 53 창원에스지에너지 주식회사 사무실, ,,경영 컨설팅업,2023-07-11,12월
창의회계법인,Changeui Accounting Firm,창의회계법인, ,김형석,기타법인,250134-0048526,239-88-03414,"서울특별시 구로구 디지털로31길 20 (구로동, 에이스테크노타워5차) 404호",https://changeui.co.kr,,공인회계사업,2024-07-26,03월
창조경영리서치 주식회사,"changjo management research Co, Ltd.",창조경영리서치, ,유신자,기타법인,110111-4491992,215-87-47914,서울특별시 송파구 신천동 11-6, ,,경영 컨설팅업,2010-12-16,12월
(주)창조이앤씨,CHANGJO E&C CO.LTD,창조이앤씨, ,오정애,기타법인,110111-2874885,210-81-51158,서울특별시 성북구 동선동2가 120 아이텍스필빌딩 5층, ,,도시계획 및 조경설계 서비스업,2003-10-14,02월
주식회사 창조종합건축사사무소,"CHANG-JO ARCHITECTS., INC.",창조종합건축사사무소, ,김영관,기타법인,110111-0375968,107-81-30634,서울특별시 영등포구 버드나루로 15 (영등포동2가),www.cja.co.kr,,건물 및 토목 엔지니어링 서비스업,1984-06-11,12월
창준(주),"CHANG JOON CO.,LTD",창준, ,이만희,기타법인,160111-0135180,305-81-55296,대전광역시 동구 용전동 70번지, ,,공인회계사업,2002-03-23,12월
(주)창하이앤지,CHANGHAENG,창하이앤지, ,김창석,기타법인,131311-0172646,252-86-00599,경기도 평택시 오성면 오성산단1로 24-89 (양교리) 창하이앤지, ,,제조업 회사 본부,2016-11-09,12월
(주)채널커뮤니케이션,channel communication,채널커뮤니케이션, ,김재학,기타법인,110111-1602956,112-81-50739,서울특별시 동작구 대방동 유한양행빌딩 10층 ,www.iamchannel.com,,광고 대행업,1998-11-03,12월
(주)채선당,"Caesundang Co., LTD",채선당, ,김익수,기타법인,280111-0066603,127-81-90373,경기도 남양주시 진건읍 용정1리 67번지 201호,www.chaesundang.co.kr,,경영 컨설팅업,2004-12-21,12월
주식회사 채정,"ChaejungCo., Ltd.",채정, ,조현홍,기타법인,180111-1205871,296-81-01195,부산광역시 금정구 중앙대로 2073 (남산동) 2층, ,,경영 컨설팅업,2019-03-27,12월
주식회사천마기술단,chunma engineering consultants,천마기술단, ,최규영,기타법인,164811-0022579,312-81-53485,충청남도 아산시 둔포면 윤보선로 517 (신법리),chunmaeng.com/,,건물 및 토목 엔지니어링 서비스업,2002-02-01,03월
(주)천산건축사사무소,"cheonsan architectural co.,ltd.",천산건축사사무소, ,하인철,기타법인,110111-3181429,206-81-97719,서울특별시 강남구 논현로8길 32-19 4층(개포동), ,,건축설계 및 관련 서비스업,2005-03-04,12월
천세엔지니어링(주), ,천세엔지니어링, ,유재영,기타법인,135011-0046091,133-81-25159,경기도 시흥시 정왕동 1271-3, ,,기타 엔지니어링 서비스업, , 
천원기술자문 주식회사,Cheonwon Technology Consulting Co.,천원기술자문, ,이종철,기타법인,134811-0432071,496-86-00923,"서울특별시 마포구 마포대로 86 (도화동, 창강빌딩),410호", ,,사업 및 무형 재산권 중개업,2017-12-12,09월
(주)천일,chunil engineering ,천일, ,김도빈,기타법인,110111-0190663,120-81-22990,서울특별시 강남구 언주로30길 10 522,www.chunileng.co.kr,,건물 및 토목 엔지니어링 서비스업,1976-02-16,12월
(주)천일건축엔지니어링종합건축사사무소,cheonil architectural design & engineering ,천일건축엔지니어링종합건축사사무소, ,한규봉,기타법인,110111-0219794,213-81-48856,서울특별시 강남구 개포로32길 7 (개포동), ,,건축설계 및 관련 서비스업,1977-10-01,09월
천지회계법인,CHEON JI ACCOUNTING CORPORATION,천지회계법인, ,황용현,기타법인,114634-0028888,220-86-19785,"서울특별시 서초구 명달로 65 8층 (서초동, 일흥스포렉스)",www.cjac.net,,공인회계사업,2001-09-06,03월
주식회사 천화동인1호,"CheonHwaDongin Co.,Ltd",천화동인1호, ,이한성,기타법인,131111-0412509,594-87-00108,"경기도 성남시 분당구 서판교로 164 2층 (판교동, 훼미리프라자)", ,,경영 컨설팅업,2015-06-10,12월
(주)천화동인7호,"chenhwadongin co.,Ltd",천화동인7호, ,양재희,기타법인,131111-0412567,380-86-00142,"서울특별시 서초구 사임당로 178 12층 1220호(서초동, 이즈타워)", ,,전문 서비스업,2015-06-18,12월
철산개발(주),Cheolsan Development co.,철산개발, ,안세희,기타법인,134911-0000363,133-81-06263,경기도 광명시 철산로30번길 15 (철산동), ,,농림수산학 및 수의학 연구개발업,1971-03-26,12월
(주)청남건축사사무소,"CHUNGNAM Architecture Co., Ltd.",청남건축사사무소, ,김중구,기타법인,110111-1238165,109-81-46001,"서울특별시 서초구 동작대로 204 (방배동, 청남빌딩)", ,,건축설계 및 관련 서비스업,1996-02-01,12월
청남회계법인,Cheong Nam Accounting Corporation,청남회계법인, ,전승택,기타법인,184134-0005816,605-81-93356,부산광역시 부산진구 서전로38번길 78 천광빌딩 301호 (전포동), ,,공인회계사업,2009-04-01,03월
(주)청담1운영,cheongdam1,청담1운영, ,강채원,기타법인,110111-8917019,816-86-03221,서울특별시 강남구 논현로118길 27 2층(논현동), ,,전문 서비스업,2024-04-09,12월
주식회사 청라투자개발,cheongna i&d,청라투자개발, ,전평열,기타법인,110111-4235829,211-88-38875,서울특별시 강남구 논현동 90-7, ,,광고 대행업,2009-12-08,12월
청람에듀빌10차 주식회사,CHEONGRAMEDUVIL10TH,청람에듀빌10차, ,조명원,기타법인,160111-0675037,874-86-02927,대전광역시 서구 문정로48번길 48 (탄방동), ,,"그 외 기타 분류 안된 전문, 과학 및 기술 서비스업",2023-11-13,12월
청람에듀빌5차(주),CHEONGRAMEDUVIL5TH,청람에듀빌5차, ,윤길호,기타법인,160111-0567870,635-87-01752,대전광역시 서구 문정로48번길 48 (탄방동), ,,"그 외 기타 분류 안된 전문, 과학 및 기술 서비스업",2020-09-28,12월
청람에듀빌6차 주식회사,CHEONGRAMEDUVIL6TH,청람에듀빌6차, ,윤길호,기타법인,160111-0595087,858-87-02276,대전광역시 서구 문정로48번길 48 (탄방동), ,,"그 외 기타 분류 안된 전문, 과학 및 기술 서비스업",2021-06-22,12월
청람에듀빌7차(주),CHEONGRAM EDUVILLE 7TH,청람에듀빌7차, ,조명원,기타법인,160111-0648159,757-88-02645,대전광역시 서구 문정로48번길 48 (탄방동), ,,"그 외 기타 분류 안된 전문, 과학 및 기술 서비스업",2022-12-12,12월
(주)청룡환경,CHUNGRYONG Environmnet Co,청룡환경, ,"윤정섭, 윤호종",기타법인,110111-0357510,119-81-16902,"서울특별시 구로구 디지털로31길 20 (구로동, 에이스테크노타워5차) 209호",www.cec99.co.kr,,물질성분 검사 및 분석업,1984-11-04,12월
청맥,CheongMaek,청맥, ,이충호,기타법인,180111-0626812,603-81-68088,경상북도 구미시 3공단3로 118-21 (시미동), ,,"그 외 기타 분류 안된 전문, 과학 및 기술 서비스업",2008-04-01,12월
주식회사 청명종합엔지니어링,CHEONG MYUNG CIVIL ENGINEERING,청명종합엔지니어링, ,이상활,기타법인,171211-0015949,505-81-13746,경상북도 경주시 양정로252번길 11 (동천동) 201호, ,,건물 및 토목 엔지니어링 서비스업,1997-08-04,12월
주식회사 청석엔지니어링,CHUNG SUK ENGINEERING CO.LTD.,청석엔지니어링, ,정희용,기타법인,110111-0384919,215-81-49356,서울특별시 송파구 가락본동 57, ,,건물 및 토목 엔지니어링 서비스업,1984-11-15,12월
(주)청안인베스트먼트,chunganinvest.co.ltt,청안인베스트먼트, ,정인구,기타법인,110111-7938983,170-86-03315,"서울특별시 강남구 테헤란로 311 (역삼동, 아남타워빌딩) 2004호", ,,경영 컨설팅업,2021-06-29,12월
청연의학연구소(주),Chung Yeon Medical Center Inc.,청연의학연구소, ,고용준,기타법인,200111-0332696,410-86-57403,"광주광역시 서구 상무중앙로 64 (치평동), 12층", ,,의학 및 약학 연구개발업,2011-12-22,12월
청연홀딩스(주),Chung Yeon Holdings Inc.,청연홀딩스, ,이상영,기타법인,200111-0367974,409-86-37111,"광주광역시 서구 상무중앙로72번길 3 (치평동, 화신빌딩2) 2층", ,,경영 컨설팅 및 공공 관계 서비스업,2013-05-09,12월
주식회사 청우건강스토리,cwstory,청우건강스토리, ,원종태,기타법인,110111-6410099,623-81-00762,"서울특별시 강동구 구천면로 192 (천호동, 천호역한강푸르지오시티)", ,,"광고물 문안, 도안, 설계 등 작성업",2017-05-29,12월
(주)청우구조안전기술,"cheongwoo structural engineers co.,ltd",청우구조안전기술, ,박영배,기타법인,180111-0701250,605-81-98327,부산광역시 사하구 신산로 120 (신평동) 펜타플렉스부산 b1201호, ,,제도업,2010-01-18,12월
주식회사 청우엔지니어링,ChungWoo Engineering,청우엔지니어링, ,손창현,기타법인,174111-0005022,515-81-03565,"경상북도 문경시 시청2길 21 (모전동, 성덕오피스텔) 1001호",www.chweng.co.kr,,건물 및 토목 엔지니어링 서비스업,1991-08-12,12월
(주)청우종합건축사사무소,Cheong-woo total architect & engineering,청우종합건축사사무소, ,"연동익, 정보라",기타법인,150111-0017108,301-81-19298,"충청북도 청주시 흥덕구 사운로 190 2,3층(운천동, 주성빌딩)", ,,건축설계 및 관련 서비스업,1994-01-05,12월
주식회사 청우중공업,"Chungwoo Heavy Industry Co., Ltd",청우중공업, ,전희수,기타법인,205411-0014772,411-81-53346,전라남도 영암군 삼호읍 난전리 1714-1,-,,"건축기술, 엔지니어링 및 관련 기술 서비스업",2008-06-04,12월
주식회사 청운파트너스,"Cheongwoon partners Co.,ltd",청운파트너스, ,노화순,기타법인,134511-0514776,391-81-02145,"경기도 용인시 기흥구 흥덕2로87번길 18 (영덕동, 이씨티) 에이동 306호", ,,경영 컨설팅업,2022-06-01,12월
청운회계법인,Chong Un & Company,청운회계법인, ,,기타법인,110134-0000757,202-81-42551,"서울특별시 중구 을지로 4가 310-68 삼풍빌딩 5,7층", ,,공인회계사업,1970-04-06,03월
청토산업주식회사,"CHEONGTO INDUSTRIAL CO.,LTD",청토산업, ,"이영재, 서창제",기타법인,110111-0635693,214-81-12462,서울특별시 서초구 서초동 1348-21, ,,건물 및 토목 엔지니어링 서비스업,1989-06-28,12월
청현회계법인,CHUNGHYUN Accounting Corporation,청현회계법인, ,문챵규,기타법인,110134-0099346,861-87-01690,서울특별시 강남구 테헤란로 314 (역삼동),www.chacc.co.kr,,공인회계사업,2020-06-23,12월
(주)청화종합감리공단건축사사무소,cheongwha,청화종합감리공단건축사사무소, ,고기홍,기타법인,220111-0017004,616-81-15592,"경기도 용인시 기흥구 흥덕중앙로 59 (영덕동, 용인흥덕노블레스흥덕노블레스)905호",-,,건축설계 및 관련 서비스업,1995-09-29,12월
(주)체리스톤코리아,"Cherrystone Korea Co.,LTD",체리스톤코리아, ,박병호,기타법인,110111-2345208,214-86-91860,서울특별시 강남구 신사동 634-3,-,,사업 및 무형 재산권 중개업,2001-09-29,12월
주식회사 체리스톤 코리아,Cherry Stone Korea Corporation,체리스톤코리아, ,하곤철,기타법인,110111-2888696,211-87-42203,서울특별시 서초구 서초동 1327-29 케이티파라곤 711, ,,경영 컨설팅업,2003-11-10,12월
체리힐파트너스 주식회사,"Cherryhill Partners Co., Ltd.",체리힐파트너스, ,신동범,기타법인,110111-5966671,320-88-00329,"대구광역시 중구 국채보상로 726 2층 255호(동인동4가, 강남빌딩)", ,,경영 컨설팅업,2016-02-03,12월
체이스기업구조조정전문(주),"Chase Restructuring Co,Ltd.",체이스기업구조조정전문, ,최일한,기타법인,110111-2059924,201-81-60181,서울특별시 중구 명동1가 계양빌딩 1201호, ,,사업 및 무형 재산권 중개업,2000-08-29,12월
주식회사 초.힐로 에이 플러스 유,CHO.HELO A + U,초.힐로에이플러스유, ,조신형,기타법인,110111-6035384,478-81-00293,"서울특별시 강남구 도산대로 442 (청담동, 피엔폴루스)",www.chohelo.com,,제도업,2016-04-19,12월
주식회사 초무,Chan corp.,초무, ,노찬,기타법인,110111-8198586,162-86-02450,"서울특별시 송파구 석촌호수로 278 (송파동, 여흥레이크빌) 302호", ,,경영 컨설팅 및 공공 관계 서비스업,2022-02-14,12월
주식회사 초이락게임즈,CHOIROCK Games corp.,초이락게임즈, ,장원봉,기타법인,110111-2731829,211-87-29608,서울특별시 금천구 가산동 60-21 IT미래타워 16-17층,wwwchoirockgames.com,,시각 디자인업,2003-03-06,12월
주식회사 초이컨설팅,-,초이컨설팅, ,이민규,기타법인,110111-2592031,214-87-17703,서울특별시 강남구 역삼동 825 미진플라자 14층,-,,경영 컨설팅업,2002-08-21,12월
충정회계법인,Choongjung Accounting Corp.,충정회계법인, ,황흥주,기타법인,110134-0028288,104-81-65342,"서울특별시 마포구 마포대로 78 도화동,경찰공제회 자람빌딩 16층",www.crowehorwath.net/kr/,,공인회계사업,2001-09-18,03월
(주)친환경계획그룹청연,CHUNGYEON SUSTAINBLE ARCHITECTURE DESIGN GROUP,친환경계획그룹청연, ,김학건,기타법인,110111-3865338,220-87-64521,"서울특별시 강남구 논현로71길 6 (역삼동, 청연빌딩)",www.chungyeon.co.kr/,,건물 및 토목 엔지니어링 서비스업,2008-03-24,12월
주식회사 칩스페이스,"Chipspace co.,Ltd.",칩스페이스, ,하경빈,기타법인,110111-3777830,214-88-17296,서울특별시 종로구 내수동 경희궁의아침3단지 1012호,없슴,,경영 컨설팅업,2007-10-29,09월
주식회사 카나리아바이오 ,CANARIABIO INC.,카나리아바이오, ,유병우,기타법인,131311-0263875,583-81-02308,경기도 평택시 중앙로 29 5층 519호(통복동), ,,의학 및 약학 연구개발업,2021-09-03,12월
주식회사 카나프테라퓨틱스,Kanaph Therapeutics Inc.,카나프테라퓨틱스, ,이병철(Byung Chul Lee),기타법인,110111-7013206,643-87-01092,"서울특별시 용산구 이태원로55가길 3 3~5층 (한남동, 골든너겟)",www.kanaphtx.com,,의학 및 약학 연구개발업,2019-02-14,12월
(주)카노히,-,카노히, ,YUN JIN S,기타법인,110111-2945967,220-86-81197,"서울특별시 강남구 논현로 509 (역삼동, 송암II빌딩) 비-905호", ,,경영 컨설팅업,2004-04-01,12월
카라홀딩스주식회사,KARA HOLDINGS INTERNATIONAL PTE. LTD.,카라홀딩스, ,KIM KWANG SEUN,기타법인, ,200702336D,55 NIVEN ROAD SINGAPORE (228403), ,,경영 컨설팅업,2007-02-08,12월
주식회사카르보인베스트먼트,CARBO INVESTMENT,카르보인베스트먼트, ,김용광,기타법인,110111-8448379,644-87-02610,"서울특별시 강남구 영동대로 602 (삼성동, 삼성동미켈란107)", ,,전문 서비스업,2022-10-13,12월
주식회사 카르파토스,Karpathos,카르파토스, ,오인화,기타법인,110111-6768589,397-81-00956,"서울특별시 송파구 송파대로28길 13 (가락동, 거북이빌딩) 3층", ,,경영 컨설팅업,2018-06-07,03월
주식회사 카브(KHAV),KHAV. Co. Ltd,카브(KHAV), ,송창선,기타법인,110111-5589712,206-87-03682,경기도 안성시 서운면 사갑1길 261-34 1층(신흥리),www.khav.co.kr/,,"물리, 화학 및 생물학 연구개발업",2014-12-22,12월
주식회사 카사인베스트먼트,CASAINVESTMENT,카사인베스트먼트, ,전환희,기타법인,284111-0269740,861-86-02033,"인천광역시 연수구 인천타워대로 99 (송도동, 애니오션빌딩)", ,,경영 컨설팅업,2021-09-09,12월
주식회사 카엘젬백스,"Kael-GemVax Co., Ltd.",카엘젬백스, ,김상재,기타법인,110111-3988312,120-87-33655,서울특별시 강남구 삼성동 84-1,www.kaelgemvax.com/,,"기타 전문, 과학 및 기술 서비스업",2008-10-22,12월
주식회사 카이노스메드,"KAINOS MEDICINE, INC.",카이노스메드,284620,이기섭,코스닥시장,110111-6558469,784-87-00768,경기도 성남시 분당구 대왕판교로 700 코리아바이오파크 제3층 제에이-301호 일부,www.kainosmedicine.com,,자연과학 및 공학 연구개발업,2017-11-03,12월
(주)카이노스메드,"KAINOS MEDICINE, INC.",카이노스메드,220250,"이기섭, 유성은(각자 대표이사)",기타법인,110111-3698656,220-87-50731,경기도 성남시 분당구 대왕판교로712번길 16한국파스퇴르연구소 4층,www.kainosmedicine.com,,의학 및 약학 연구개발업,2007-06-15,12월
카이로스인비테이션 유한회사,Kairos Invitation LLC,카이로스인비테이션, ,김은희,기타법인,110114-0137396,220-88-67976,"서울특별시 중구 삼일대로 363 (장교동, 장교빌딩) 810호", ,,경영 컨설팅업,2013-11-05,09월
(주)카이윈홀딩스,kywinholdings,카이윈홀딩스, ,최형석,기타법인,161411-0022512,316-81-14150,충청남도 서산시 예천동 617-10, ,,경영 컨설팅업,2009-12-24,12월
(주)카이인베스트먼트,KHAIINVESTMENT,카이인베스트먼트, ,김선우,기타법인,110111-5198307,220-88-63382,"서울특별시 구로구 디지털로34길 55 803호(구로동, 코오롱싸이언스밸리2차)", ,,경영 컨설팅업,2013-08-21,12월
주식회사 카이코,"KAICO Co.,Ltd.",카이코, ,정정일,기타법인,110111-3218462,211-87-64847,"서울특별시 서초구 방배로27길 27 (방배동, 동우빌딩)", ,,경영 컨설팅업,2005-04-28,12월
(주)카이텍,KAITEC,카이텍, ,홍순신 외 1명,기타법인,160111-0065650,314-81-19896,대전광역시 유성구 덕진동 150번지,www.kaitec.co.kr,,"기타 기술 시험, 검사 및 분석업",1997-09-13,12월
(주)카인사이언스,"KINE SCIENCES CO., Ltd.",카인사이언스, ,조대호,기타법인,110111-6123957,550-81-00504,"서울특별시 강남구 언주로85길 24 (역삼동, PNMTOWER) 6층",www.kinesciences.com,http://www.kinesciences.com/m11.php,의학 및 약학 연구개발업,2016-08-05,12월
주식회사 카일룸파트너스,SSI PARTNERS,카일룸파트너스, ,강민수,기타법인,110111-6064474,880-87-00479,"서울특별시 서초구 서초중앙로 110 지하1층173호(서초동, 서초동롯데캐슬메디치)", ,,경영 컨설팅업,2016-05-18,12월
(주)카일앤파트너스,"Kyle&Partners,Inc",카일앤파트너스, ,백승원,기타법인,110111-5724920,155-86-00056,"서울특별시 강남구 영동대로 648 (삼성동, 삼안빌딩)", ,,경영 컨설팅업,2015-05-14,12월
주식회사 카카오게임즈홀딩스,"Kakaogames Holdings, CO,. LTD.",카카오게임즈홀딩스, ,김창준,기타법인,110111-5623883,106-87-11975,경기도 성남시 분당구 판교역로 231 (삼평동) 에이치스퀘어 에스동 3층,www.kvgcorp.com,,경영 컨설팅업,2015-01-23,12월
주식회사 카카오인베스트먼트,"Kakao Investment CO.,LTD",카카오인베스트먼트, ,김도영,기타법인,131111-0478957,756-81-00780,"경기도 성남시 분당구 판교역로 166 (백현동, 카카오판교아지트) B동 9층",www.kakaoinvestment.com,,경영 컨설팅업,2017-04-05,12월
(주)카툰코리아,CARTOONKOREA,카툰코리아, ,안룡,기타법인,131111-0568625,303-81-79967,경기도 성남시 분당구 성남대로926번길 10 (야탑동), ,,경영 컨설팅업,2019-10-01,12월
카페스 주식회사,"KAPES, Inc.",카페스, ,김정인,기타법인,110111-5023520,120-87-91790,"서울특별시 송파구 삼학사로 31 (삼전동, 카페스빌딩)",www.kapes.co.kr,,기타 엔지니어링 서비스업,2012-12-14,12월
주식회사 칸젠,"KAN ZEN CO.,LTD",칸젠, ,박태규,기타법인,110111-5782853,683-88-00195,"서울특별시 관악구 관악로 1 81동 225호(신림동, 서울대학교)",www.kanzen.co.kr,,연구개발업,2015-07-15,12월
칸커뮤니케이션즈 주식회사,"KaN communications Co., Ltd.",칸커뮤니케이션즈, ,조영환,기타법인,131111-0292068,129-86-66044,경기도 성남시 분당구 서현동 266-1 분당퍼스트타워 13층,www.kancomms.com,,광고 대행업,2011-09-15,12월
주식회사 칸타코리아,Taylor Nelson Sofres Korea,칸타코리아, ,데이비드 알렌 리차드슨,기타법인,110111-1574618,116-81-69472,서울특별시 영등포구 국제금융로 52 (여의도동) 심팩빌딩 10층,http://www.tns-global.co.kr,,시장조사 및 여론조사업,1998-08-12,12월
(주)캄웨이인베스트먼트,Kamway Investment,캄웨이인베스트먼트, ,한승우,기타법인,110111-3888223,220-87-65379,서울특별시 강남구 대치4동 891-23 대우아이빌 1002호, ,,경영 컨설팅업,2008-06-01,12월
캐논쎄미콘덕터엔지니어링코리아(주),CANON SEMICONDUCTOR ENGINEERING KOREA,캐논쎄미콘덕터엔지니어링코리아, ,니지마 유지,기타법인,110111-0942692,120-81-28994,서울특별시 강남구 테헤란로 607,www.canon-se.co.kr/,,기타 엔지니어링 서비스업,1993-05-13,12월
주식회사 캐러트코리아,"Carat Korea Co., Ltd.",캐러트코리아, ,"남우현, 로버트알란휴즈",기타법인,110111-2304973,101-81-73159,서울특별시 강남구 테헤란로79길 6 제이에스타워 9층 (삼성동),www.carat.com,,광고 대행업,2001-08-10,12월
(주)캐릭터랜드,"Character Land Co., Ltd.",캐릭터랜드, ,최규동,기타법인,110111-1570343,211-86-45033,서울특별시 강남구 신사동 541-7 약신빌딩 2층,www.character-land.com,,시각 디자인업,1998-07-30,12월
캐스트닷에라 유한책임회사,CAST.ERA LLC,캐스트닷에라, ,KEVIN DAVID GAGE,기타법인,110115-0014998,686-88-02756,"서울특별시 종로구 종로3길 17 (청진동, D타워)", ,,"그 외 기타 분류 안된 전문, 과학 및 기술 서비스업",2022-11-14,12월
(주)캐슬렉스칭따오,"CASTLEXQINGDAO.,CORP",캐슬렉스칭따오, ,최세환,기타법인,110111-3613539,120-87-11516,서울특별시 강남구 대치동 1001 사조씨에스빌딩, ,,경영 컨설팅업,2007-02-02,12월
캐피탈링크(주),Capitalink,캐피탈링크, ,정현성,기타법인,110111-1650210,202-81-63110,서울특별시 중구 을지로1가 101-1 하나은행빌딩 16층, ,,경영 컨설팅업,1999-02-11,03월
주식회사 캐피탈익스프레스,"Capital Express Co., Ltd.",캐피탈익스프레스, ,김정실,기타법인,110111-4090455,220-87-80841,서울특별시 강남구 도곡동 545-7 소프트포럼빌딩 7층,www.capitalexpress.co.kr,,전문 서비스업,2009-05-06,12월
주식회사캐피탈파워스,"Capitalpawers. Co., Ltd.",캐피탈파워스, ,이재수,기타법인,110111-3671660,220-87-48399,서울특별시 강남구 역삼동 747-3 명우빌딩 5층, ,,경영 컨설팅업,2007-05-03,12월
(주)캔서롭홀딩스,"Cancer Rop Holdings Co., Ltd.",캔서롭홀딩스, ,이왕준,기타법인,110111-6781755,529-81-01120,"서울특별시 금천구 벚꽃로 234 1004호 (가산동, 에이스하이엔드타워6차)", ,,경영 컨설팅업,2018-06-15,12월
캠앤아이코리아(주),"Capital Asset Management & Investment Co.,Ltd",캠앤아이코리아, ,김성원,기타법인,110111-1983794,114-81-99607,서울특별시 서초구 방배동 1027-4, ,,경영 컨설팅업,2000-05-30,12월
캠코에스지인베스터스(주),"KAMCO-SG Investors, Inc.",캠코에스지인베스터스, ,임창빈,기타법인,110111-1916737,120-86-02359,서울특별시 서초구 서초1동 국제전자센터 23층, ,,사업 및 무형 재산권 중개업,2000-03-23,12월
커넥트엔터테인먼트 주식회사,"Konnect Entertainment Co., Ltd",커넥트엔터테인먼트, ,강다니엘,기타법인,110111-7130448,466-88-01376,서울특별시 강남구 언주로159길 7 (신사동),www.konnectent.com,,매니저업,2019-06-05,12월
주식회사 커넥트웰,CONNECTWELL,커넥트웰, ,나선웅,기타법인,110111-8610746,521-87-02845,"서울특별시 송파구 백제고분로7길 3-10 (잠실동, 잠실동렉스빌2차)", ,,광고 대행업,2023-04-14,12월
(주)커뮤니케이션 윌,Communication Will ,커뮤니케이션윌, ,최진수,기타법인,110111-2008799,107-81-85895,서울특별시 강남구 대치동 942 해성빌딩 7층, ,,광고 대행업,2000-07-01,12월
커피패밀리 주식회사,"Coffee Family Co., Ltd.",커피패밀리, ,CHEN BO,기타법인,110111-0930685,295-81-03676,"서울특별시 강남구 테헤란로82길 15 ,797호(대치동, 디아이타워)", ,,경영 컨설팅업,2025-07-01,12월
주식회사 컨버전스파트너스,"Convergence Partners Co.,Ltd.",컨버전스파트너스, ,신승주,기타법인,110111-6635283,443-81-00846,"서울특별시 성동구 성수이로 51 6층, 610호(성수동2가, 서울숲한라시그마벨리)", ,,매니저업,2018-01-19,12월
(주)컨서트,concert,컨서트, ,고상휘,기타법인,120111-0414558,121-81-81537,"인천광역시 중구 공항동로3길 72 (운서동, 인천공항) 여객터미널 지하1층", ,,"광고물 문안, 도안, 설계 등 작성업",2006-10-02,12월
(주)컨티넨탈홀딩스,"Continental holdings cCo, Ltd",컨티넨탈홀딩스, ,임인규,기타법인,110111-3527003,220-87-35763,"서울특별시 강남구 언주로 708 (논현동, 경원빌딩) 8층", ,,경영 컨설팅업,2006-09-13,12월
주식회사 컬쳐앤피플,"CULTURE&PEOPLE CO., LTD.",컬쳐앤피플, ,노승훈,기타법인,110111-5649847,362-81-00023,"서울특별시 강남구 강남대로160길 35-5 지하1층,3층,4층(신사동)", ,,경영 컨설팅업,2015-02-25,12월
(주)컴온21,COMON21,컴온21, ,이승목,기타법인,110111-1924227,120-86-02586,"서울특별시 강남구 논현2동 213-5,6 JS빌딩 5,6층",www.comon21.com,,광고 대행업,2000-03-30,12월
주식회사 컴투게더피알케이,COMM.TOGETHER-PRK Co.,컴투게더피알케이, ,한상규,기타법인,110111-4359306,120-87-54892,"서울특별시 강남구 언주로147길 9-11 (논현동, 보전빌딩 서관 3층)",www.commtogether.co.kr,,광고 대행업,2016-05-10,12월
주식회사 컴팩트디,COMPACT.D,컴팩트디, ,김환중,기타법인,110111-5129873,120-87-98100,"서울특별시 강남구 언주로 703 (논현동, LX한국국토정보공사) 2층",www.compactd.com/,,제품 디자인업,2013-05-01,12월
주식회사 컴퍼니에스피씨,"COMPANYSPC CO.,LTD.",컴퍼니에스피씨, ,이명호,기타법인,110111-1674054,229-81-37112,서울특별시 마포구 성지5길 5-15 (합정동) 벤처빌딩 3층, ,,"광고물 문안, 도안, 설계 등 작성업",1999-04-01,03월
(주)컴포즈커피,COMPOSECOFFEE,컴포즈커피, ,김홍석,기타법인,180111-1396068,521-81-02386,"부산광역시 해운대구 센텀중앙로 48 (우동, 에이스하이테크21) 812,813,814호", ,,기타 전문 서비스업,2021-10-08,12월
(주)컵아이앤엠,CUP INM Inc.,컵아이앤엠, ,"육성철, 정길석",기타법인,110111-6643343,663-88-00814,"서울특별시 마포구 월드컵북로 402 (상암동, 케이지아이티센터) 1903호", ,,광고 대행업,2018-02-01,12월
(주)케마스,"CHEMAS.CO.,LTD",케마스, ,김태식,기타법인,110111-1915911,107-81-79603,"서울특별시 강남구 봉은사로 502 3층 (삼성동, 삼하빌딩)",www.chemas.co.kr,,의학 및 약학 연구개발업,2000-03-23,12월
(주)케미메디,KEMIMEDI Co.Ltd,케미메디,205290,최건섭,기타법인,214911-0029051,403-81-50862,경상북도 안동시 풍산읍 산업단지길 88 (재)경북바이오벤처프라자 3층 302호,www.wellcan.co.kr,,자연과학 및 공학 연구개발업,2008-07-02,12월
(주)케어랩스,"Carelabs Co.,Ltd",케어랩스,263700,이민경,코스닥시장,120111-0607278,220-88-36643,서울특별시 강남구 역삼로2길 16 S타워 11층,carelabs.co.kr,,광고업,2012-04-10,12월
(주)케이디앤비,KD&B ,케이디앤비, ,박선용,기타법인,110111-3099060,120-86-73285,서울특별시 서초구 서초동 1337-20 대륭서초타워 센추리비즈니스타워 202,www.kdnb.co.kr,,경영 컨설팅업,2004-10-18,12월
(주)케이디엔지니어링건축사사무소,KD ARCHICTECTURE&ENG,케이디엔지니어링건축사사무소, ,최재영,기타법인,134811-0034083,124-81-52860,"경기도 성남시 분당구 구미로9번길 3-10 (구미동, 글로리타워) 8층", ,,건축설계 및 관련 서비스업,1997-11-20,12월
주식회사 케이디케이,KDK,케이디케이, ,강승구,기타법인,134111-0579471,236-86-01956,"경기도 군포시 용호2로 61 203-125호 (당동, 무광프라자)", ,,경영 컨설팅업,2021-04-23,12월
(주)케이디파트너스,KD Partners Co. Ltd.,케이디파트너스, ,이창섭,기타법인,110111-2428062,120-86-32907,서울특별시 강남구 대치동 944-29 은탑빌딩8층, ,,경영 컨설팅업,2002-01-22,12월
케이라인(주),KLINE,케이라인, ,김태형,기타법인,110111-4062743,211-88-24537,서울특별시 강남구 도곡동 168번지 에스케이리더스뷰803호, ,,경영 컨설팅업,2009-03-23,12월
주식회사 케이라인홀딩스,KLINEHOLDINGS,케이라인홀딩스, ,이광보,기타법인,110111-6649002,554-87-00963,"서울특별시 강남구 강남대로132길 55 5층, 5441호(논현동, 광림빌딩)", ,,경영 컨설팅업,2018-02-08,12월
(주)케이머스,CAYMUS,케이머스, ,최윤근,기타법인,110111-5963023,636-88-00243,"서울특별시 강남구 강남대로 310 1708호 (역삼동, 유니온센터오피스텔)", ,,경영 컨설팅업,2016-02-12,12월
(주)케이메이드,K.made,케이메이드, ,김형중,기타법인,110111-4454156,220-88-06644,"서울특별시 강남구 강남대로44길 7 (도곡동, 글수레빌딩) 2층", ,,경영 컨설팅업,2010-10-05,12월
(주) 케이벡붕따우,"KBEC VUNG TAU CO.,LTD.",케이벡붕따우, ,류해렬,기타법인,110111-3930727,215-87-16838,"울산광역시 남구 용잠로 419 (용잠동, 유성(주))", ,,환경 관련 엔지니어링 서비스업,2008-07-08,12월
(주)케이벡코리아,"KBEC Korea Co., Ltd.",케이벡코리아, ,송테드,기타법인,110111-2954174,215-86-53364,"서울특별시 강남구 선릉로 614-1(삼성동, 삼성동나라빌딩 6층)",www.kbec.co.kr,,환경 관련 엔지니어링 서비스업,2004-02-19,12월
(주)케이벤처그룹,"K Venture Group CO., LTD.",케이벤처그룹, ,권기수,기타법인,131111-0482693,311-88-00795,"경기도 성남시 분당구 판교역로 231 (삼평동), 3층", ,,경영 컨설팅업,2017-06-01,12월
주식회사 케이비국보,"KB Kukbo Co., Ltd.",케이비국보, ,하현,기타법인,110111-7512315,769-88-01649,서울특별시 종로구 세종대로23길 47 (당주동) 6층 601-91호, ,,경영 컨설팅업,2020-06-01,12월
(주)케이비더블유,KBW Corporation,케이비더블유, ,"백성훈, 우성진",기타법인,134111-0363840,138-81-85152,경기도 의왕시 오봉산단1로 42 (이동), ,,"기타 기술 시험, 검사 및 분석업",2013-07-01,12월
주식회사 케이비스타애프앤디,kbstarfnd,케이비스타애프앤디, ,조원희,기타법인,110111-3774141,211-88-04507,"서울특별시 강남구 선릉로 578 (삼성동, 태정빌딩) 779호", ,,경영 컨설팅업,2007-10-23,12월
(주)케이비씨이엔지,"KBC ENG Co., Ltd.",케이비씨이엔지, ,변영록,기타법인,110111-1741431,118-81-21187,"서울특별시 구로구 디지털로31길 53 701호(구로동, 이앤씨벤처드림타워5차)",www.kbceng.com,,기타 엔지니어링 서비스업,1999-08-10,12월
케이비에이치파트너스 주식회사,"KBH Partners Co.,Ltd.",케이비에이치파트너스, ,김중희,기타법인,110111-6618536,669-88-00904,"서울특별시 강남구 테헤란로86길 14 8층(대치동, 윤천빌딩)", ,,경영 컨설팅업,2018-01-04,12월
주식회사 케이비엘아이앤에이치,KBLINH,케이비엘아이앤에이치, ,배오석,기타법인,110111-3116252,212-81-69580,경기도 안산시 단원구 고잔동 704-4 대원프라자 603호, ,,경영 컨설팅업,2004-11-15,12월
(주)케이스톤매니지먼트,kstonemanagement,케이스톤매니지먼트, ,김정용,기타법인,110111-3851816,101-86-38502,"서울특별시 서초구 논현로 125 (양재동, 케이스톤빌딩)", ,,기타 전문 서비스업,2008-03-03,12월
케이스톤파트너스 주식회사,"Keistone Partners, Inc.",케이스톤파트너스, ,유현갑,기타법인,110111-7680914,107-86-93518,"서울특별시 영등포구 국제금융로 10 (여의도동, 서울국제금융센터) Two IFC 23층",keistone.co.kr,,경영 컨설팅업,2007-07-18,12월
주식회사 케이시홀딩스,"KC Holdings Co.,Ltd",케이시홀딩스, ,윤대식,기타법인,131111-0068386,107-86-36555,서울특별시 영등포구 여의도동 미원빌딩 1005호, ,,"그 외 기타 분류 안된 전문, 과학 및 기술 서비스업",2001-11-14,12월
주식회사 케이씨더블유,KCW Corporation,케이씨더블유, ,권성욱,기타법인,110111-8160064,485-86-02163,"서울특별시 서초구 사평대로 344 (서초동, 금강빌딩)", ,,경영 컨설팅업,2022-01-10,12월
케이씨브이씨에스 주식회사,KCVCS,케이씨브이씨에스, ,나건현,기타법인,110111-6957140,751-86-01173,서울특별시 마포구 상암산로 34 (상암동) 디지털큐브 11층,www.kcvcs.com/ko/,,환경 관련 엔지니어링 서비스업,2018-12-14,12월
주식회사 케이씨비그룹,"KCB Group Co. , Ltd",케이씨비그룹, ,변석재,기타법인,110111-8731831,116-81-97513,서울특별시 강남구 도산대로83길 40 (청담동) 5층, ,,"그 외 기타 전문, 과학 및 기술 서비스업",2023-08-31,12월
케이씨안전기술 주식회사,KC Safety&Technologies,케이씨안전기술, ,김정완,기타법인,131311-0024227,125-81-24896,전라남도 광양시 옥곡면 신금산단1길 29, ,,"기타 기술 시험, 검사 및 분석업",1998-02-04,12월
케이씨에이도이탁드릴링코리아 주식회사,"KCA Deutag Drilling Korea Co., Ltd.",케이씨에이도이탁드릴링코리아, ,톰에이나르아아슬란드,기타법인,194911-0030102,621-86-05164,경상남도 거제시 장평1로 59 2층(장평동), ,,기타 엔지니어링 서비스업,2013-09-16,12월
케이씨엘엔지테크 주식회사,"KC LNG Tech Co.,Ltd.",케이씨엘엔지테크, ,여욱종,기타법인,180111-1020005,430-86-00409,"부산광역시 해운대구 센텀2로 24 (우동, 센텀다이아몬드) 10층", ,,기타 엔지니어링 서비스업,2016-02-24,12월
(주)케이씨타운,kctown,케이씨타운, ,조원국,기타법인,170111-0607012,312-88-00478,대구광역시 수성구 고모로26길 1 (가천동), ,,연구개발업,2016-06-15,12월
케이씨티시이앤티 주식회사,"KCTC E&T CO.,Ltd.",케이씨티시이앤티, ,바하르엠디하비블라,기타법인,110111-8908274,895-87-03162,"서울특별시 중구 무교로 15 (무교동, 남강건설회관빌딩) 1006호", ,,기타 엔지니어링 서비스업,2024-03-28,12월
케이아이비큐로인수목적제이차주식회사,"KIBCUROACQUISITION 2nd CO.,Ltd",케이아이비큐로인수목적제이차, ,정혁철,기타법인,110111-7430236,482-86-01812,"경기도 용인시 수지구 대지로 43 (죽전동, 금강프라자) 6F 606-633", ,,경영 컨설팅업,2020-03-18,12월
케이아이비패밀리블라인드(주),KIBFAMILYBLIND,케이아이비패밀리블라인드, ,최수현,기타법인,110111-8648961,219-87-03223,"서울특별시 영등포구 양산로 53 1005-1-14호 (양평동3가, 월드메르디앙비즈센터)", ,,경영 컨설팅업,2023-05-26,12월
주식회사케이아이엠지,"KIMG CO., LTD.",케이아이엠지, ,김세윤,기타법인,110111-0335186,114-81-35942,"서울특별시 강남구 학동로 230 (논현동, 유빔빌딩)6층",WWW.KWANGIN.CO.KR,,옥외 광고업,1974-01-30,12월
(주)케이아이피,KIP,케이아이피, ,강인규,기타법인,160111-0325400,314-86-37036,"대전광역시 유성구 문지로 193 (문지동, KAIST문지캠퍼스)", ,,변리사업,2012-07-02,12월
케이아이피인베스트 주식회사,"KIP Invest Co., Ltd.",케이아이피인베스트, ,김상협,기타법인,110111-8630637,204-87-02504,"서울특별시 강남구 영동대로 517 37층 3751호 (삼성동, 아셈타워)", ,,경영 컨설팅업,2023-05-08,12월
주식회사 케이알쓰리,"KR3 CO,. LTD",케이알쓰리, ,라영창,기타법인,110111-4741686,211-88-69572,"서울특별시 강남구 학동로 338 303(논현동, 강남파라곤)", ,,경영 컨설팅업,2011-12-12,12월
(주)케이알앤파트너스,"KR&Partners Co.,Ltd.",케이알앤파트너스, ,"김대중, 유세현",기타법인,110111-5988196,640-88-00320,"서울특별시 영등포구 국제금융로2길 37 (여의도동, S-TRENUE) 3503호", ,,경영 컨설팅업,2016-03-02,12월
케이알컨설팅(주),"KR Consulting Co., Ltd.",케이알컨설팅, ,이강락,기타법인,110111-1699606,117-81-23877,서울특별시 마포구 동교로17길 35 (서교동), ,,경영 컨설팅업,1999-05-19,12월
(주)케이알티씨,KRTC CO.LTD.,케이알티씨, ,이상진,기타법인,110111-3086380,119-81-75764,서울특별시 관악구 승방4길 14 (남현동),WWW.KRTC.CO.KR,,건물 및 토목 엔지니어링 서비스업,2004-09-17,12월
케이알홀딩스(주),KR HOLDINGS,케이알홀딩스, ,한희석,기타법인,110111-3328089,214-87-79844,서울특별시 송파구 가락동 78 아이티벤처타워 동관 9층, ,,경영 컨설팅업,2005-10-21,12월
케이앤엠에셋(주),KNMASSET,케이앤엠에셋, ,김일권,기타법인,135711-0155187,395-86-01594,경기도 용인시 기흥구 기흥로 58-1 (구갈동) 기흥ICT밸리 에이동 1201호, ,,경영 컨설팅업,2020-05-06,12월
주식회사 케이앤지코퍼레이션,"K&G Corporation Co., Ltd.",케이앤지코퍼레이션, ,김유선,기타법인,110111-7663910,640-81-01975,"서울특별시 강남구 봉은사로 317 (논현동, 아모제논현빌딩)", ,,경영 컨설팅업,2020-10-27,12월
(주)케이에스씨앤씨,"KS C&C Co., Ltd.",케이에스씨앤씨, ,Yakusevych Sergiy,기타법인,110111-5317775,110-86-09864,"서울특별시 영등포구 국제금융로 70 (여의도동, 미원빌딩) 806호", ,,경영 컨설팅업,2014-01-16,12월
케이에스어소시에이트(주),KS Associates. Inc.,케이에스어소시에이트, ,박상길,기타법인,110111-1168156,102-81-38117,서울특별시 강남구 대치3동 942-10,www.cyberpulsenetwork.com,,경영 컨설팅업,1995-08-30,03월
케이에스엠기술(주),"KSM Engineering Co., Ltd.",케이에스엠기술, ,"홍현표, 김창명",기타법인,110111-1636997,120-81-86276,"경상남도 창원시 성산구 완암로 50 (성산동, SK테크노파크 넥스동 509호)",www.ksmeng.co.kr,,건물 및 토목 엔지니어링 서비스업,1999-01-20,12월
주식회사 케이에스와이,"KSY Co.,Ltd.",케이에스와이, ,위채훈,기타법인,110111-6251154,609-87-00583,"서울특별시 서초구 언남길 79 (양재동, 동원빌딩) 201호", ,,경영 컨설팅업,2016-12-06,12월
케이에스컴퍼니 주식회사,"KS company Co., Ltd",케이에스컴퍼니, ,최성문,기타법인,110111-6143963,853-81-00418,서울특별시 영등포구 여의나루로 61 (여의도동), ,,회사 본부 및 경영 컨설팅 서비스업,2016-08-08,02월
케이에스 희망 컨설팅,KS HOPE CONSULTING,케이에스희망컨설팅, ,김광석,기타법인,110111-5538248,264-81-43878,"서울특별시 서초구 효령로55길 15 (서초동, 벨타워비지니스텔) 805호",www.kshope.co.kr,,경영 컨설팅업,2014-10-15,03월
케이에이에스 주식회사,"KAS CO.,Ltd",케이에이에스, ,강철웅,기타법인,164811-0019679,259-86-03980,"충청남도 아산시 배방읍 수철리길 90-15 (수철리, 아산엠이터네셔)", ,,경영 컨설팅업,2025-12-05,12월
주식회사 케이에이취,KH Incorporated,케이에이취, ,김성중,기타법인,135311-0004100,123-81-54491,경기도 과천시 별양동 1-23 , ,,경영 컨설팅업,2000-02-19,12월
(주)케이에이치엠홀딩스,KHMholdings,케이에이치엠홀딩스, ,김병숙,기타법인,110111-1781354,211-86-57387,"서울특별시 강남구 영동대로 647 (삼성동, 청담역푸르지오시티) 1609호", ,,광고 대행업,2013-06-27,12월
케이에프알엔디 주식회사,"KF R&D Co., Ltd",케이에프알엔디, ,오상태,기타법인,110111-5948215,711-81-00375,경기도 용인시 기흥구 기흥단지로24번길 9 (고매동)4층 KF R&D,www.kofi.re.kr,,전기ㆍ전자공학 연구개발업,2016-02-24,12월
(주)케이엔,KN,케이엔, ,유시만,기타법인,284911-0098713,141-81-25714,경기도 고양시 덕양구 고양동 1 ~198, ,,경영 컨설팅업,2011-10-01,12월
케이엔디이주식회사,"knde co.,ltd",케이엔디이, ,서칠수,기타법인,180111-0506006,606-81-89777,부산광역시 강서구 명지동 2956 ~3219, ,,"건축기술, 엔지니어링 및 기타 과학기술 서비스업",2005-01-04,12월
주식회사 케이엔브라더스,"K&BROTHERS CO., LTD.",케이엔브라더스, ,김동호,기타법인,110111-5050870,215-87-78396,서울특별시 송파구 잠실동 레이크팰리스 508호, ,,경영 컨설팅업,2013-01-22,12월
(주)케이엔와이씨오,K&Y co,케이엔와이씨오, ,남정우,기타법인,110111-1759963,120-81-92948,서울특별시 강남구 논현동 동익빌딩 8층, ,,경영 컨설팅업,1999-08-20,12월
케이엔와이파트너스(주),K&Y Partners,케이엔와이파트너스, ,성명희,기타법인,110111-3086934,220-86-91827,서울특별시 강남구 역삼동 677-25 큰길타워 16층, ,,경영 컨설팅업,2004-09-17,12월
케이엔티그룹,KNTGROUP co.Ltd.,케이엔티그룹, ,이종기,기타법인,110111-1783376,120-81-94096,서울특별시 송파구 방이동 227-4 싸파리스포츠빌딩 5층,www.kntgroup.com,,번역 및 통역 서비스업,1999-10-05,12월
케이엘에이텐코 코리아 주식회사,KLA-Tencor Korea Inc.,케이엘에이텐코코리아, ,김양형,기타법인,110111-0952849,229-81-05890,"경기도 화성시 동탄순환대로 830 (영천동, 동탄SKV1center) 14층,15층",,,기타 엔지니어링 서비스업,1993-06-25,06월
주식회사 케이엘파트너스,"KL Partners Co.,Ltd",케이엘파트너스, ,남영우,기타법인,164311-0022636,114-87-25581,충청남도 부여군 부여읍 계백로 405, ,,경영 컨설팅업,2018-11-28,12월
주식회사 케이엘홀딩스,KL HOLDINGS.CO.LTD.,케이엘홀딩스, ,최승석,기타법인,200111-0378319,408-86-04617,광주광역시 동구 금남로 238 (금남로2가) 5층, ,,경영 컨설팅업,2013-09-09,12월
주식회사 케이엘홀딩스이호,KL HOLDINGS 2.CO.LTD.,케이엘홀딩스이호, ,박도순,기타법인,200111-0378632,408-86-04640,광주광역시 동구 중앙로196번길 21 (궁동), ,,경영 컨설팅업,2013-09-12,12월
주식회사 케이엠기술,KM TECH,케이엠기술, ,김영민,기타법인,131111-0586198,607-87-01664,"서울특별시 강남구 밤고개로21길 69 (율현동, 엘리온빌딩) 204호", ,,경영 컨설팅업,2020-03-17,12월
(주)케이엠기획,K.M Corporation,케이엠기획, ,방상규,기타법인,161511-0059018,312-81-63931,충청남도 천안시 동남구 신부동 494-6, ,,"그 외 기타 분류 안된 전문, 과학 및 기술 서비스업",2003-08-04,12월
(주)케이엠디에셋매니지먼트,"KMD ASSET MANAGEMENT CO., LTD",케이엠디에셋매니지먼트, ,양영수,기타법인,110111-3597410,113-86-10400,"서울특별시 송파구 충민로 66 (문정동, 가든파이브라이프)",www.lasvegas-sun.com,,경영 컨설팅업,2007-01-11,12월
(주)케이엠에스아이,"Korea Medical Science Institute Co., Ltd.",케이엠에스아이, ,김지년,기타법인,110111-1983637,105-86-12557,인천광역시 연수구 송도동 7-20,http://www.kmsi.co.kr,,의학 및 약학 연구개발업,2000-05-30,12월
케이엠엘벤처스(주),KML ventures Corporation,케이엠엘벤처스, ,금영섭,기타법인,110111-1920192,206-81-23560,"서울특별시 용산구 한강대로 148 7층 (한강로2가, 웰컴금융타워)", ,,"그 외 기타 분류 안된 전문, 과학 및 기술 서비스업",2000-04-01,12월
주식회사 케이엠와이,KMY,케이엠와이, ,윤창환,기타법인,230111-0329522,212-87-01831,울산광역시 남구 신정로204번길 42 (신정동) 1803호, ,,경영 컨설팅업,2020-04-10,12월
주식회사 케이오지 엔터테인먼트,"KOZ entertainment co., Ltd.",케이오지엔터테인먼트, ,이순환,기타법인,110111-6937134,360-81-01195,"서울특별시 용산구 한강대로 42 (한강로3가, HYBE) 11층", ,,매니저업,2018-11-26,12월
케이와이아이(유),"KYI, INC.",케이와이아이, ,권용일,기타법인,110115-0000179,105-87-80877,서울특별시 마포구 도화동 566 경찰공제회관 자람빌딩 10층,www.kyifamily.com,,회사 본부 및 경영 컨설팅 서비스업,2012-12-28,12월
케이와이에스제이엔홀딩스주식회사,"KYS JN Holdings Co.,Ltd",케이와이에스제이엔홀딩스, ,유진크리스토퍼국,기타법인,110111-0938062,577-87-03584,"서울특별시 강남구 삼성로 728 (청담동, 준오헤어청담동사옥) 5층", ,,기타 전문 서비스업,2025-09-22,12월
케이워터기술주식회사,K-water Tech Corporation,케이워터기술, ,박태현,기타법인,160111-0604945,784-86-02468,대전광역시 서구 대덕대로 226 (둔산동) 7층, ,,"기타 전문, 과학 및 기술 서비스업",2021-09-17,12월
주식회사 케이원피플,k1people,케이원피플, ,노금희,기타법인,110111-5049229,723-88-00912,"경기도 용인시 기흥구 흥덕1로 13 (영덕동, 흥덕IT밸리) 1702호", ,,경영 컨설팅업,2013-01-18,12월
주식회사케이유융합의과학연구소,KUMSI,케이유융합의과학연구소, ,최재도,기타법인,110111-5387538,209-81-61544,"경기도 오산시 수목원로 606 (세교동, 오산세교CL타워) 10층 1호", ,,의학 및 약학 연구개발업,2014-04-09,12월
(주)케이이씨씨,KECC,케이이씨씨, ,구재범,기타법인,110111-1525223,203-81-25948,서울특별시 서초구 양재천로19길 14 (양재동), ,,광고 대행업,1998-03-23,12월
케이이에스환경개발주식회사,KES Landfill Service,케이이에스환경개발, ,김용모,기타법인,134811-0364224,579-88-00386,경기도 화성시 남양읍 역골동로36번길 9 (남양리) 101호, ,,경영 컨설팅업,2016-03-25,12월
케이인베스트먼트 주식회사,"K Investment Co., Ltd",케이인베스트먼트, ,"이한세, 주성호",기타법인,110111-5649532,105-88-15621,"서울특별시 영등포구 국제금융로2길 37 2901호 (여의도동, S-TRENUE)", ,,경영 컨설팅업,2015-02-24,12월
케이제이코퍼레이션(주),"KJ corporation.,LTD",케이제이코퍼레이션, ,김명진,기타법인,110111-6377405,573-81-00695,"경기도 하남시 아리수로 570 (망월동, 미사역효성해링턴타워더퍼스트) 101동 405호", ,,경영 컨설팅업,2017-04-20,12월
주식회사 케이제이홀딩스,KJ,케이제이홀딩스, ,윤정순,기타법인,134511-0277267,891-86-00356,경기도 화성시 봉담읍 세자로 367-6 (수기리), ,,경영 컨설팅업,2015-12-17,12월
주식회사 케이지,KG Corp.,케이지, ,고규영,기타법인,135511-0207370,130-86-48269,경기도 성남시 분당구 대왕판교로 660 유스페이스 에이동 603호, ,,회사 본부 및 경영 컨설팅 서비스업,2009-12-18,12월
주식회사 케이지디지털에셋홀딩스,KG Digital Asset Holdings,케이지디지털에셋홀딩스, ,곽정현,기타법인,110111-8213532,471-87-02725,"서울특별시 중구 통일로 92 (순화동, 케이지타워) 13층", ,,경영 컨설팅업,2022-02-25,12월
(주)케이지에스테크,KGSTEC.Co.Ltd,케이지에스테크, ,이완복,기타법인,110111-2387979,101-81-77039,"서울특별시 종로구 율곡로 75 (계동, 현대빌딩) B1",www.kgstec.com,,측량업,2002-01-01,12월
주식회사 케이지에이치,KGH co ltd,케이지에이치, ,김현,기타법인,110111-6529569,596-81-00951,"서울특별시 강서구 마곡서로 158 (마곡동, 마곡센트럴타워Ⅱ) 514호", ,,전문 서비스업,2017-09-27,12월
주식회사 케이지에프앤비,Corporation KG F&B,케이지에프앤비, ,곽정현,기타법인,131111-0476737,235-81-00911,"경기도 성남시 분당구 대왕판교로 660 (삼평동, 유스페이스1) A동 5층", ,,경영 컨설팅업,2017-03-17,12월
케이지엔지니어링(주), ,케이지엔지니어링, ,최근철,기타법인,110111-2102153,211-86-68375,서울특별시 강남구 논현1동 영풍빌딩, ,,건물 및 토목 엔지니어링 서비스업,2000-11-01,12월
(주)케이지엔지니어링종합건축사사무소,"KG ENGINEERING & ARCHITECTECTURE., LTD",케이지엔지니어링종합건축사사무소, ,천병희,기타법인,111511-0019187,127-81-60942,경기도 의정부시 의정로 20 (의정부동),www.kgenc.co.kr,,건물 및 토목 엔지니어링 서비스업,1994-09-29,12월
(주)케이케이앤 파트너스,"KK& Partners Co., Ltd.",케이케이앤파트너스, ,김근영,기타법인,110111-6496114,284-88-00737,"서울특별시 송파구 법원로11길 28 (문정동, 비케이타워) 5층", ,,경영 컨설팅업,2017-08-23,12월
주식회사 케이케이엠에프,"KKMF Co., Ltd.",케이케이엠에프, ,김기범,기타법인,120111-1065540,263-81-01588,"인천광역시 연수구 인천타워대로 323 (송도동, 송도센트로드) 비동 30층 브이202호", ,,경영 컨설팅업,2020-04-13,12월
(유)케이케이홀딩스,KK Holdings Inc.,케이케이홀딩스, ,김성일,기타법인,110114-0215770,567-87-00367,"서울특별시 강남구 도산대로 442 1704호 (청담동, 피엔폴루스)", ,,경영 컨설팅업,2016-03-01,12월
(주)케이크리에이티브센터,"K Creative Center Co., Ltd",케이크리에이티브센터, ,이재욱,기타법인,110111-2937336,211-87-44462,서울특별시 강남구 대치동 1000-12, ,,광고 대행업,2004-01-16,12월
주식회사 케이클라비스,"Kclavis Co.,Ltd.",케이클라비스, ,구재상,기타법인,110111-5099042,107-87-90798,"서울특별시 영등포구 국제금융로 10 (여의도동, Three IFC) 31층", ,,경영 컨설팅업,2013-03-28,12월
주식회사 케이테스트,"K-TEST CO.,LTD",케이테스트, ,이대표,기타법인,134211-0291362,593-87-02985,경기도 이천시 마장면 서이천로 138 케이테스트,www.k-testsemi.com,,"기타 기술 시험, 검사 및 분석업",2024-02-05,12월
케이테코,KTECO.CO.LTD.,케이테코, ,김분애,기타법인,110111-3424621,214-87-87247,서울특별시 금천구 가산동 481-4,www.kteco.co.kr,,건물 및 토목 엔지니어링 서비스업,2006-03-28,12월
주식회사 케이티,KT Cooatio,케이티, ,이영순,기타법인, ,134-81-08997,경기도 안산시 고잔동 541-3,KTENG.o.k,,기타 엔지니어링 서비스업,1989-07-31,12월
(주)케이티링크,KTLink Inc,케이티링크, ,이혁,기타법인,110111-1925233,214-86-54448,서울특별시 서초구 서초동 1359-4 동영빌딩 3층,www.ktlink.com,,"그 외 기타 분류 안된 전문, 과학 및 기술 서비스업",2000-03-30,04월
케이티아이씨인베스트 (주),KTIC INVEST,케이티아이씨인베스트, ,김수형,기타법인,110111-1402356,120-81-73048,서울특별시 강남구 대치동 942-20 마루빌딩 3층, ,,경영 컨설팅업,1997-04-30,12월
주식회사 케이티앤지바이오,KT&G Bio Corporation,케이티앤지바이오, ,전장호,기타법인,110111-4184472, ,서울특별시 영등포구 문래동5가 4-1, ,,의학 및 약학 연구개발업,2009-09-22,12월
(주)케이티앤지생명과학,KT&G Life Sciences Corporation,케이티앤지생명과학, ,박영호,기타법인,160111-0136138,314-81-49750,대전광역시 대덕구 벚꽃길 71 청사동 2층,www.ktngls.com,,의학 및 약학 연구개발업,2002-04-10,12월
케이티에스파트너스,"KTS Partners Co,.Ltd",케이티에스파트너스, ,강희준,기타법인,110111-7331468,893-86-01458,"서울특별시 서초구 강남대로51길 10 비1층 101-237호(서초동, 강남효성해링턴타워)",-,,경영 컨설팅업,2019-12-19,12월
주식회사 케이티엘컨설팅,Ktl consulting,케이티엘컨설팅, ,이진명,기타법인,134511-0466406,590-81-01724,"경기도 용인시 기흥구 언남로 15 (언남동, 하마비마을동일하이빌2차아파트) 210동203호", ,,경영 컨설팅업,2020-06-29,12월
케이티이 주식회사,"Korea Testing Engineering Co.Ltd.,",케이티이, ,김윤길,기타법인,180111-0743244,603-81-76536,부산광역시 사하구 비봉로 23 1층(신평동),www.kteco.kr,,"기타 기술 시험, 검사 및 분석업",2011-01-07,12월
(주)케이티인터넷,KTInternet.com,케이티인터넷, ,"김태윤, 김갑록",기타법인,110111-1611436,101-81-46540,서울특별시 강남구 삼성동 159-9 도심공항타워 4층,www.ktinternet.com,,광고 대행업,1998-11-23,12월
케이파트너스(주),"K Partners Co., Ltd.",케이파트너스, ,"조중기, 김정규",기타법인,110111-4272011,120-87-50197,"경기도 성남시 분당구 분당내곡로 159 에이동 914호 (삼평동, 판교역케이씨씨웰츠타워)", ,,경영 컨설팅업,2010-01-29,12월
케이프이스트주식회사,CAPE EASK JUSIK HOESA,케이프이스트, ,Dismore Colin John,기타법인,110111-5569300,261-81-21443,"경상남도 거제시 장평3로 80 (장평동, 삼성중공업(주)거제조선소) K안벽 CAPE", ,,기타 엔지니어링 서비스업,2014-11-20,12월
케이프인베스트먼트(주),CAPE Investment Corporation,케이프인베스트먼트, ,현주식,기타법인,110111-5109164,220-88-55693,"서울특별시 영등포구 여의대로 108, 22층 (여의도동, 파크원 타워2)",-,,경영 컨설팅업,2013-04-04,12월
주식회사 케이피씨에셋,KPC ESSET,케이피씨에셋, ,김인천,기타법인,110111-2777063,120-86-53256,서울특별시 마포구 동교동 165-8 엘지팰리스506, ,,경영 컨설팅업,2007-08-20,12월
(주)케이피알앤드어소시에이츠,"KPR & Associates, Inc.",케이피알앤드어소시에이츠, ,신성인,기타법인,110111-0850720,203-81-61115,"서울특별시 중구 퇴계로 173 14층 (충무로3가, 남산스퀘어)",www.kpr.co.kr,,광고 대행업,1992-04-28,12월
케이피에스 주식회사,"KPS Co., Ltd",케이피에스, ,고주봉,기타법인,110111-8974085,563-87-03120,"서울특별시 중구 남대문로 63 (소공동, 한진빌딩)", ,,경영 컨설팅업,2024-06-13,12월
(주)케이피엠인베스트먼트,KPMinvestment,케이피엠인베스트먼트, ,이청균,기타법인,131411-0385081,166-87-00693,"경기도 안산시 단원구 산단로163번길 122 (원시동, (주)케이피엠테크)", ,,경영 컨설팅업,2017-02-27,12월
주식회사 케파스에셋,"KAPAS ASSET  Co.,Ltd",케파스에셋, ,최낙훈,기타법인,110111-2765563,107-86-33941,"서울특별시 송파구 충민로 5 (문정동, 송파한화오벨리스크)C-418", ,,사업 및 무형 재산권 중개업,2003-04-22,12월
주식회사 케플러밸류파트너스,"Kepler Value Partners Co.,Ltd.",케플러밸류파트너스, ,김현제,기타법인,110111-6358851,854-88-00647,경기도 화성시 동탄산단10길 61 (방교동), ,,경영 컨설팅업,2017-03-30,12월
켄젠 코퍼레이션,"Cangen Corportion d/b/a Cangen Biotechnologies, Inc.",켄젠코퍼레이션, ,Chulso Moon,기타법인, ,2003-1442,"10320 Little Patuxent Parkway, Suite 312, Columbia, MD, USA 21044", ,,의학 및 약학 연구개발업,2000-11-16,01월
켈리인베스트먼트 주식회사,Kelly Investment ,켈리인베스트먼트, ,박재영,기타법인,110111-6621216,505-81-85328,"서울특별시 금천구 가마산로 96 (가산동, 대륭테크노타운8차) 1007호", ,,기타 전문 서비스업,2018-01-08,12월
(주)켐온,CHEMON INC.,켐온, ,송시환,기타법인,110111-1848542,108-81-19928,"경기도 수원시 영통구 광교로 147 (이의동, 경기바이오센터) 15층",www.chemon.co.kr,,의학 및 약학 연구개발업,2000-01-11,12월
(주)켐온,CHEMON Inc.,켐온,217600,송시환,기타법인,110111-5678846,333-86-00035,경기도 용인시 처인구 양지면 남평로 240 (주)켐온,www.chemon.co.kr ,,자연과학 및 공학 연구개발업,2015-03-26,12월
(주)켐토피아,Chemtopia,켐토피아, ,박상희,기타법인,110111-3499806,119-81-91594,"서울특별시 구로구 디지털로33길 48 (구로동, 대륭포스트타워7차) 12층", ,,기타 전문 서비스업,2006-08-01,12월
주식회사 켑코우데,KEPCO-Uhde Inc.,켑코우데, ,김종영,기타법인,110111-4640466,120-87-70155,"서울특별시 강남구 삼성로 530 (삼성동, 부방빌딩) 별관 4층",www.kepco-uhde.com,,기타 엔지니어링 서비스업,2011-07-05,12월
켑코이에스 주식회사,"KEPCO ES Co.,Ltd",켑코이에스, ,이준호,기타법인,110111-6107480,182-81-00465,"서울특별시 송파구 중대로 113 (가락동, 대한전기협회) 9층", ,,"그 외 기타 분류 안된 전문, 과학 및 기술 서비스업",2016-06-30,12월
(주)코나드,CONAD,코나드, ,"한광섭, 배성호",기타법인,110111-6253697,856-86-00616,"서울특별시 강남구 논현로71길 20 4층 (역삼동, 현덕빌딩)",conad.co.kr/,,광고 대행업,2016-12-08,12월
(주)코나안,"konaan co,.ltd",코나안, ,김태윤,기타법인,110111-5753763,836-81-00112,"서울특별시 서초구 서초대로77길 62 (서초동, 강남역IPARK)", ,,공공관계 서비스업,2015-06-18,12월
(유)코너스톤글로벌인베스트먼트,Cornerstoneglobalinvestment,코너스톤글로벌인베스트먼트, ,장철진,기타법인,110114-0125333,211-88-90677,"서울특별시 강동구 양재대로 1498 (길동, 호석빌딩)", ,,경영 컨설팅업,2013-02-18,12월
주식회사 코너스톤인터내셔널,"cornerstoneinternational Co., Ltd.",코너스톤인터내셔널, ,김나은,기타법인,110111-4420412,120-87-58700,서울특별시 강남구 삼성동 158-24 동성빌딩 4층 , ,,경영 컨설팅업,2010-08-30,12월
코넥스파트너스 주식회사,konex partners inc.,코넥스파트너스, ,김승찬,기타법인,110111-7586849,358-88-01755,"서울특별시 강남구 영동대로 407 (대치동, 코니빌딩) 7층", ,,경영 컨설팅업,2020-08-12,12월
(주)코다에이앤디,"CODA A&D CO., LTD",코다에이앤디, ,지호식,기타법인,110111-3548801,220-87-37209,서울특별시 강남구 포이동 163-5 서흥빌딩 2층, ,,"건축기술, 엔지니어링 및 관련 기술 서비스업",2006-10-25,12월
코데코에코파워 주식회사,"kodecoecopower co.,ltd.",코데코에코파워, ,박민정,기타법인,110111-6603206,694-88-00803,"서울특별시 마포구 토정로35길 11 (용강동, 인우빌딩) 5층 5025호", ,,기타 전문 서비스업,2017-12-19,12월
코람두올(주),Koramdoall Corporation,코람두올, ,금영섭,기타법인,110111-6522571,178-88-00922,"서울특별시 용산구 한강대로 148 7층 (한강로2가, 웰컴금융타워)", ,,경영 컨설팅업,2017-09-20,12월
(주)코래드,"KORAD COMPANY, LIMITED.",코래드, ,조재승,기타법인,110111-0298904,107-81-35885,서울특별시 강남구 대치동 1000-12 ,www.korad.co.kr,,광고 대행업,1981-07-01,12월
코레일애드컴 주식회사,KORAILADCOMM inc,코레일애드컴, ,이병진,기타법인,110111-1010555,106-81-46899,서울특별시 용산구 한강로3가 40-(999) 철도회관7층,www.korailad.com,,광고 대행업,1994-02-08,12월
(주)코르드발레홀딩스,Cordevale Holdings Co.Ltd.,코르드발레홀딩스, ,한승엽,기타법인,121111-0171008,130-86-34595,경기도 부천시 원미구 상동 544-11 새롬프라자 401, ,,경영 컨설팅업,2008-05-19,12월
(주)코르몬파트너스,"KORMON PARTNERS CO.,LTD.",코르몬파트너스, ,박성모,기타법인,110111-7318086,887-87-01708,"서울특별시 중랑구 봉우재로37길 6-20 3층, 303호(상봉동)", ,,경영 컨설팅업,2019-12-09,12월
(주)코리녹스이엔티,"KORINOX ENT Co.,Ltd",코리녹스이엔티, ,박종희,기타법인,110111-4424597,107-87-40681,서울특별시 송파구 석촌호수로12길 32, ,,매니저업,2010-09-01,12월
(주)코리아네트웍스,"KOREA NETWORKS Co,.Ltd",코리아네트웍스, ,유호진,기타법인,110111-4872093,220-88-37943,"서울특별시 강남구 역삼로 556 (대치동, 서울아카데미빌딩) 2층", ,,경영 컨설팅업,2012-05-18,12월
코리아바나나프로젝트컬처디벨롭먼트 주식회사,"Korea Bananaprojectculture Development Co.,Ltd.",코리아바나나프로젝트컬처디벨롭먼트, ,코우청,기타법인,110111-5862613,486-86-00135,"서울특별시 강남구 봉은사로 446 3층(삼성동, 올림푸스타워)", ,,매니저업,2015-10-15,12월
코리아벌처투자주식회사,"Korea Vulture Investment Co.,Ltd.",코리아벌처투자, ,이재일,기타법인,110111-1726003,220-81-63705,서울특별시 강남구 역삼동 838-9 거암빌딩5층, ,,경영 컨설팅업,1999-07-05,12월
코리아오메가주식회사,"Korea Omega Co., Ltd.",코리아오메가, ,안준,기타법인,110111-1551955,120-81-80762,"서울특별시 중구 퇴계로 166 (주자동, 흥국빌딩)", ,,경영 컨설팅업,1998-06-02,03월
(주)코리아이엔씨건축사사무소,KOREA E&C,코리아이엔씨건축사사무소, ,안일정,기타법인,110111-4169945,214-88-46694,"서울특별시 서초구 사임당로 27 6층 (서초동, 평환빌딩)",www.kae21.co.kr,,건축설계 및 관련 서비스업,2009-09-01,12월
코리아이엔티(주),KOREAENT,코리아이엔티, ,조영재,기타법인,180111-0642173,617-81-73163,"부산광역시 수영구 광남로 103-3 (광안동,은도빌딩)", ,,측량업,2008-08-01,12월
주식회사 코리아전력투자,"Korea Power Investments Co., Ltd.",코리아전력투자, ,방승규,기타법인,110111-3207275,104-81-93440,서울특별시 종로구 공평동 제일은행본점건물 20층, ,,"그 외 기타 분류 안된 전문, 과학 및 기술 서비스업",2005-04-22,12월
주식회사 코리아카본매니지먼트,Korea Carbon Management Ltd.,코리아카본매니지먼트, ,토마스 윈클리너,기타법인,134511-0205341,142-81-56603,"서울특별시 서초구 서초대로74길 45 (서초동, ENDEAVORTOWER) 9층", ,,환경 관련 엔지니어링 서비스업,2013-02-19,12월
코리아카본제일차 주식회사,"Korea Carbon 1st Co.,Ltd",코리아카본제일차, ,이옥란,기타법인,110111-5718402,647-87-00116,"서울특별시 영등포구 국제금융로6길 11 (여의도동, 삼덕빌딩)", ,,"그 외 기타 전문, 과학 및 기술 서비스업",2015-05-14,12월
(주)코리아컨소시엄,"Korea Consortium Co., Ltd",코리아컨소시엄, ,김동호,기타법인,110111-5914042,583-86-00265,"서울특별시 강남구 삼성로95길 23 (삼성동, 남양빌딩)2층", ,,경영 컨설팅업,2015-12-10,12월
(주)코리아테크노에이전시,"KOREATECHNOAGENCY CO.,LTD.",코리아테크노에이전시, ,이기덕,기타법인,110111-2522351,211-87-14309,서울특별시 서초구 서초대로48길 84 (서초동), ,,번역 및 통역 서비스업,2002-05-13,12월
코리아테크인스펙션(주),"KOREA TECH INSPECTION CO.,LTD.",코리아테크인스펙션, ,홍종희,기타법인,110111-1049372,229-81-18134,"서울특별시 서초구 강남대로53길 7 (서초동, 강남애니타워) 803호", ,,"그 외 기타 분류 안된 전문, 과학 및 기술 서비스업",1994-07-01,12월
(주)코리아텍,KoreaTech,코리아텍, ,유재근,기타법인,135011-0115367,134-81-71258,경기도 광명시 기아로 34 (소하동) 4층, ,,기타 엔지니어링 서비스업,2001-07-19,12월
(주)코마스인터렉티브,"COMAS INTERACTIVE.CO.,LTD.",코마스인터렉티브, ,정인식,기타법인,110111-3926940,211-88-15173,서울특별시 강남구 학동로 311 미성빌딩 6층 (논현동), ,,광고 대행업,2008-07-02,12월
주식회사 코마코,korea marketing communication,코마코, ,이태림,기타법인,110111-0634736,104-81-26636,"서울특별시 중구 동호로17길 13 (신당동, komako)",www.komaco.co.kr,,광고 대행업,1989-06-22,12월
(주)코머스경영전략연구소,"Kormerce MSI Co., Ltd.",코머스경영전략연구소, ,이정주,기타법인,110111-2467987,211-87-10491,서울특별시 강남구 논현동 242-44 남영빌딩 2층,www.kormerce.com,,경영 컨설팅업,2002-03-12,12월
(주)코머스에셋,Kormerce Asset,코머스에셋, ,임세미,기타법인,110111-2422501,211-87-07598,서울특별시 강남구 논현2동 242-44 남영빌딩 4층, ,,경영 컨설팅업,2002-01-15,12월
코메드앤파트너스엔코 주식회사,"COMAD & PARTNERS & CO.,LTD",코메드앤파트너스엔코, ,박진경,기타법인,110111-5913234,254-88-00250,"서울특별시 용산구 한강대로 26 102동 1902호 (한강로3가, 한강대우트럼프월드3차)", ,,경영 컨설팅업,2015-12-15,12월
코비코리아(주),"COWI Korea Co.,Ltd",코비코리아, ,PARK CHAN-MIN,기타법인,131111-0085679,129-81-55988,"경기도 성남시 분당구 황새울로258번길 37 (수내동, 흥국생명빌딩)", ,,건물 및 토목 엔지니어링 서비스업,2002-11-18,12월
(주)코센,KOCEN.CO.LTD,코센, ,임영하,기타법인,134511-0030889,135-81-29165,"경기도 성남시 중원구 둔촌대로 388 (상대원동, 크란츠테크노)",www.kocen.com,,기타 엔지니어링 서비스업,1998-12-08,12월
코스맥스엔에스,"COSMAX NS, INC.",코스맥스엔에스, ,김상우,기타법인,110111-5326445,110-86-10003,"경기도 성남시 분당구 판교로255번길 62 (삼평동, 파마리서치및아이코닉스판교사옥) 301호, 401호", ,,"물리, 화학 및 생물학 연구개발업",2014-01-27,12월
(주)코스모스스카이어소시에이츠,COSMOS SKY ASSOCIATES,코스모스스카이어소시에이츠, ,양기성,기타법인,131111-0552389,286-86-01382,"경기도 성남시 수정구 단대로15번길 2 (단대동, 코오롱하늘채) 102동 1105호(단대동, 코오롱하늘채)", ,,경영 컨설팅업,2019-04-17,12월
주식회사 코스모앤홀딩스,cosmo&holdings,코스모앤홀딩스, ,김석근,기타법인,131111-0105063,129-81-66694,경기도 성남시 분당구 수내동 83-3, ,,경영 컨설팅업,2003-11-01,06월
(주)코스모인베스트먼트,COSMOINV,코스모인베스트먼트, ,현상엽,기타법인,110111-0929353,136-88-03319,"서울특별시 서초구 서초대로29길 10-15 2층 (방배동, 크레썸)", ,,경영 컨설팅업,2025-06-24,12월
(주)코스모진텍,"Cosmo Genetech Co., LTD.",코스모진텍, ,마상혁,기타법인,110111-1968358,209-81-25456,서울특별시 성동구 성수이로10길 14 (성수동2가) 에이스하이엔드성수타워 305호,www.cosmogenetech.com,,"물리, 화학 및 생물학 연구개발업",2000-05-15,12월
주식회사 코스타밸리,Costa valley.Co.Ltd,코스타밸리, ,이정협,기타법인,230111-0397909,394-81-03181,울산광역시 북구 동대로 130 2층(신천동),www.costav.com,,사업 및 무형 재산권 중개업,2023-08-28,12월
(주)코스탄자,"Balancers Co., Ltd",코스탄자, ,YOO ANDY C,기타법인,110111-5718957,445-87-00086,서울특별시 마포구 독막로6길 9 (합정동) 2층 2237호,www.balancers.co.kr,,경영 컨설팅업,2015-05-11,12월
코스텍기술(주),"KOSTEC CO., LTD",코스텍기술, ,김인기,기타법인,110111-1328148,114-81-76375,"경기도 성남시 중원구 사기막골로 159 (상대원동, 금강하이테크밸리2차) 608호",www.kostec.kr,,"기타 기술 시험, 검사 및 분석업",1996-10-09,12월
코아기업구조조정전문(주),Core Financial Advisors Group,코아기업구조조정전문, ,김왕순,기타법인,110111-1769699,120-81-93326,서울특별시 강남구 삼성동 143-40 현대스위스타워 10층,www.cfag.co.kr,,경영 컨설팅업,1999-09-09,12월
코아솔,coressol,코아솔, ,김필종,기타법인,110111-4130326,220-87-85676,"경기도 성남시 중원구 양현로405번길 4-11 (여수동, 유아이빌딩) 3층",www.coressool.com,,전기ㆍ전자공학 연구개발업,2009-08-14,12월
(주)코아인터내쇼날,"Core International co., Ltd",코아인터내쇼날, ,이상두,기타법인,110111-0920250,120-81-00322,서울특별시 강남구 대치동 943-9 근광빌딩 3층,www.coreinter.com,,"그 외 기타 분류 안된 전문, 과학 및 기술 서비스업",1993-03-01,12월
코아젠투스 파마 유한회사,"COAGENTUS PHARMA, LLC",코아젠투스파마, ,"Chris Kim, Harry A, Arena",기타법인, ,45572,"6 Center ponite Dr. #625, La Palma, CA 90623",coagentuspharma.com,,의학 및 약학 연구개발업,2017-05-01,12월
주식회사 코어브릿지컨설팅,"CoreBridgeConsulting co.,Ltd.",코어브릿지컨설팅, ,강세종,기타법인,110111-5723617,218-81-22939,"서울특별시 강남구 테헤란로 203 4층 (역삼동, 서울인터내셔널타워)",www.thecorebridge.com,,경영 컨설팅업,2015-05-14,12월
주식회사 코어식스,Core 6,코어식스, ,권우석,기타법인,135811-0461855,295-87-02679,"경기도 수원시 영통구 법조로 25 (하동, 광교SKVIEWLake) A동 2505호", ,,경영 컨설팅업,2023-02-06,12월
(주)코어원에셋,COREONE ASSET CO.LTD,코어원에셋, ,이상욱,기타법인,110111-3510587,104-86-02833,서울특별시 중구 을지로2가 148-28 대일빌딩 202, ,,경영 컨설팅업,2006-08-17,12월
(주)코엔스타즈,"KOEN STARS CO., LTD.",코엔스타즈, ,안인배,기타법인,110111-3524786,107-86-81972,"서울특별시 마포구 월드컵북로 402 2401호 (상암동, 케이지아이티센터)",www.koengroup.co.kr,,매니저업,2006-09-08,12월
코오롱에코너지 (주),KOLON ECONERGY INC.,코오롱에코너지, ,전용주,기타법인,200111-0255228,410-86-17338,서울특별시 서초구 서초대로70길 32, ,,"물리, 화학 및 생물학 연구개발업",2008-02-04,12월
코오롱에코원(주),"KOLON Energy CO,.LTD.",코오롱에코원, ,이수영,기타법인,134111-0429121,809-88-00332,"경기도 과천시 코오롱로 13 (별양동, 코오롱타워 별관)", ,,엔지니어링 서비스업,2015-12-29,12월
(주)코우홀딩스,"Kouholdings Co., Ltd.",코우홀딩스, ,곽종윤,기타법인,110111-2166307,211-81-01286,"서울특별시 강남구 학동로 338 비동 1402호(논현동, 강남파라곤)", ,,경영 컨설팅업,2001-02-01,12월
(주)코원,cowon,코원, ,장명진,기타법인,110111-7490909,734-88-01755,경기도 화성시 동탄대로 636-1 (영천동), ,,자연과학 및 공학 융합 연구개발업,2020-05-19,12월
코웰엠앤에이주식회사,"Cowell M&A Company, Ltd.",코웰엠앤에이, ,정태화,기타법인,110111-2266090,110-81-51765,서울특별시 영등포구 여의도동 중소기업중앙회 614호, ,,사업 및 무형 재산권 중개업,2001-06-20,12월
(주)코이스,KOIS,코이스, ,허찬,기타법인,110111-1680217,229-81-37198,"서울특별시 강서구 마곡중앙14로 28 (마곡동, 코이스)",www.kois.co.kr,,광고 대행업,1999-04-13,12월
코젤랜드주식회사,kogelland,코젤랜드, ,전유식,기타법인,160111-0445141,437-86-00564,대전광역시 유성구 계백로 927 (원내동), ,,경영 컨설팅업,2017-03-30,12월
코크레인에스피씨(주),"Cochrane SPC Co.,Ltd.",코크레인에스피씨, ,함종범,기타법인,284411-0113024,506-86-01893,경기도 포천시 창수면 포천로2797번길 17 (추동리), ,,경영 컨설팅업,2020-03-10,12월
(주)코타케이엔,COTANK,코타케이엔, ,김정기,기타법인,110111-6110772,514-81-98958,서울특별시 서대문구 명지길 5 201호(홍은동), ,,경영 컨설팅업,2016-07-01,12월
코테에프엔디,cotefnd,코테에프엔디, ,김병석,기타법인,110111-2984626,211-87-47682,"서울특별시 강남구 언주로 804 6층(신사동, 신사빌딩)", ,,"기타 전문, 과학 및 기술 서비스업",2004-03-31,12월
주식회사 코템,KOTEM,코템, ,김은경,기타법인,110111-6116572,697-87-00367,"서울특별시 금천구 벚꽃로 286  1107호(가산동, 삼성리더스타워)", ,,건물 및 토목 엔지니어링 서비스업,2016-07-11,12월
(주)코펜하겐오프쇼어파트너스코리아,"Copenhagen Offshore Partners Korea Co.,Ltd.",코펜하겐오프쇼어파트너스코리아, ,"SPINK JONATHAN MICHAEL, 토르벤룬드폴센",기타법인,110111-6908143,672-86-01225,"서울특별시 종로구 우정국로 26 (공평동, 센트로폴리스) 16층", ,,기타 엔지니어링 서비스업,2018-10-26,12월
주식회사 콘텐츠빌리지홀딩스,"Contents Village Holdings Co.,Ltd.",콘텐츠빌리지홀딩스, ,최준봉,기타법인,110111-5140027,220-88-59122,서울특별시 서초구 강남대로51길 10 비1층 105-28호(서초동), ,,경영 컨설팅업,2013-05-21,12월
주식회사 콘텐츠엑스,Contentsx.Inc,콘텐츠엑스, ,"송동훈, 정원정",기타법인,110111-6996825,844-86-01096,"서울특별시 광진구 자양로 137 (자양동, HY구의사옥) 1층",www.contentsx.net,,그 외 기타 광고 관련 서비스업,2019-02-11,12월
콜렉티브서와정 주식회사,"Collective Seowajeong Co.,Ltd.",콜렉티브서와정, ,"서지현, 정현구",기타법인,134811-0671083,443-88-02260,경기도 화성시 동탄대로21길 10 (영천동) 1512호, ,,경영 컨설팅업,2022-02-10,12월
콜마글로벌 주식회사,"KOLMAR GLOBAL CO., LTD",콜마글로벌, ,원승찬,기타법인,164711-0105450,642-87-02161,"서울특별시 서초구 헌릉로8길 61 (내곡동, 한국콜마종합기술원)",www.kolmarglobal.com,,의학 및 약학 연구개발업,2020-12-17,12월
(주)콤마엔터테인먼트,COMMA ENTERTAINMENT,콤마엔터테인먼트, ,이승택,기타법인,110111-6639904,731-88-00946,"서울특별시 강남구 도산대로54길 53 (논현동, 콤마빌딩)", ,,광고 대행업,2018-01-24,12월
콤프에어코리아,CompAir Korea Limited,콤프에어코리아, ,앤드류알쉬슬,기타법인,110111-2825854,220-86-67782,경기도 화성시 향남읍 발안공단로 14, ,,회사 본부 및 경영 컨설팅 서비스업,2003-07-22,12월
쿠시먼앤드웨이크필드코리아 유한회사,Cushman & Wakefield Korea Ltd.,쿠시먼앤드웨이크필드코리아, ,황점상,기타법인,110114-0194461,104-81-51299,"서울특별시 중구 세종대로 136 (태평로1가, 파이낸스빌딩) 6층", ,,경영 컨설팅업,2000-03-20,12월
(주)쿠옥션,KUAUCTION,쿠옥션, ,최광현,기타법인,110111-0825765,112-81-32105,서울특별시 종로구 적선동 적선현대빌딩 905, ,,경영 컨설팅업,2006-07-10,12월
주식회사 쿠차,COOCHA,쿠차, ,임진석,기타법인,110111-6736619,133-86-01114,"서울특별시 강남구 도산대로 139 A동 4층 (신사동, 제이타워)",www.coocha.co.kr,,광고 대행업,2018-04-27,12월
(주)쿠키랭스,"COOKIE LANGS. Co.,Ltd.",쿠키랭스, ,최승현,기타법인,174811-0094211,628-81-00995,"서울특별시 구로구 디지털로29길 38 (구로동, 에이스테크노타워Ⅲ)  201호, 202호", ,,경영 컨설팅업,2018-07-09,12월
주식회사 쿤스이엔티,KUNS ENT,쿤스이엔티, ,박민구,기타법인,110111-7152335,869-88-01288,"서울특별시 서초구 강남대로51길 10 (서초동, 강남효성해링턴타워)", ,,매니저업,2019-07-04,12월
주식회사 쿨인베스트,COOL INVEST,쿨인베스트, ,이결,기타법인,110111-6615889,775-86-00786,서울특별시 강남구 테헤란로82길 15 917호 디아이타워 (대치동), ,,경영 컨설팅업,2018-01-10,12월
(주)퀘이커즈,"Quakerz.Co.,Ltd.",퀘이커즈, ,허재영,기타법인,110111-7345378,723-81-01358,서울특별시 강남구 학동로 329 퀘이커즈빌딩 (논현동), ,,광고 대행업,2020-01-03,12월
주식회사 큐더스,"KUDOS.Co.,Ltd.",큐더스, ,정연서,기타법인,110111-1652422,211-86-49835,"서울특별시 영등포구 국제금융로8길 2 (여의도동, 농협재단빌딩)14층",www.kudos.co.kr,,경영 컨설팅업,1999-03-01,12월
주식회사큐더스파트너스,KUDOS PARTNERS,큐더스파트너스, ,정연서,기타법인,110111-3868522,107-87-07168,"서울특별시 영등포구 국제금융로8길 2 (여의도동, 농협재단빌딩) 14층",www.kudos.co.kr,,경영 컨설팅업,2008-03-26,12월
(주)큐라클,"curacle co., ltd.",큐라클,365270,유재현,코스닥시장,110111-6058485,740-81-00539,서울특별시 서초구 효령로 23-1 -,www.curacle.com,,의학 및 약학 연구개발업,2016-05-12,12월
(주)큐라티스,Quratis Inc.,큐라티스,348080,김성준,코스닥시장,110111-6122983,402-86-14683,충청북도 청주시 흥덕구 오송읍 의료단지길 143 -,quratis.com,,의학 및 약학 연구개발업,2016-07-15,12월
(주)큐러블,Curable. Inc.,큐러블,086460,-,기타법인,110111-1980584,201-81-57518,경기도 화성시 동탄대로23길 93 10층,www.curablent.com,,의학 및 약학 연구개발업,2000-05-26,12월
주식회사 큐로셀,Curocell Inc.,큐로셀,372320,김건수,코스닥시장,131111-0466283,148-88-00557,대전광역시 유성구 국제과학16로 11,curocellbtx.com,,의학 및 약학 연구개발업,2016-12-01,12월
주식회사 큐로젠,"CUROGEN Technology Co., Ltd.",큐로젠, ,이창우,기타법인,135811-0365776,696-86-01333,"경기도 수원시 장안구 서부로 2066 (천천동, 성균관대학교) 71동 3309, 6308호",www.curogentech.com/,,의학 및 약학 연구개발업,2019-04-24,12월
주식회사 큐롬바이오사이언스,"Curome Biosciences Co., Ltd.",큐롬바이오사이언스, ,윤주석,기타법인,164811-0103692,792-87-00643,"경기도 수원시 영통구 창룡대로256번길 50 (이의동) 1211호, 1214호",www.curome.co.kr,,의학 및 약학 연구개발업,2017-04-01,12월
(주)큐리언트,"Qurient Co., Ltd.",큐리언트,115180,남기연,코스닥시장,110111-3926875,209-81-47197,"경기도 성남시 분당구 판교로 242, C동 8층",www.qurient.com,,의학 및 약학 연구개발업,2008-07-02,12월
(주)큐릭스홀딩스,"Qrix Holdings, Inc.",큐릭스홀딩스, ,김형준,기타법인,170111-0290354,514-81-55283,대구광역시 남구 현충로 87-2 (대명동),www.tbroad.com,,경영 컨설팅업,2005-06-29,12월
(주)큐베스트바이오,"Qu-BEST.Co.,Ltd.",큐베스트바이오, ,김수헌,기타법인,131111-0215979,129-86-25247,"경기도 용인시 기흥구 흥덕중앙로 120 (영덕동, UTOWER) 1304호",www.qubest.co.kr,,의학 및 약학 연구개발업,2008-08-14,12월
주식회사 큐브릭스,cuburix.inc,큐브릭스, ,이소민,기타법인,120111-1054246,367-88-01593,인천광역시 서구 신진말로14번길 36 (가좌동) 내제2호, ,,"기타 전문, 과학 및 기술 서비스업",2020-02-26,12월
(주)큐브바이오,CUBEBIO,큐브바이오, ,최은종,기타법인,110111-4724038,211-88-68480,"서울특별시 금천구 디지털로10길 9 8층 (가산동, 현대시티아울렛가산점)",www.cubebio.co.kr,,의학 및 약학 연구개발업,2011-11-08,12월
(주)큐브아이엔씨,Cube inc,큐브아이엔씨, ,이영호,기타법인,110111-2681222,120-86-46357,서울특별시 서초구 양재동 275-4번지 트윈타워 B동 1907호, ,,경영 컨설팅업,2002-12-18,12월
주식회사 큐브인사이트,cube insight inc,큐브인사이트, ,곽주식,기타법인,110111-4615716,215-87-56524,"경기도 용인시 기흥구 동백중앙로 219 308호(중동, 용인동백역현성더테라스)",www.cubeinsight.com,,광고 대행업,2011-07-27,12월
(주)큐비컨설팅,QB.FNC,큐비컨설팅, ,김지후,기타법인,131111-0687318,377-81-02547,경기도 성남시 중원구 시민로 107-4 (성남동), ,,제품 디자인업,2022-11-01,12월
큐씨피13케이 주식회사,QCP13K,큐씨피13케이, ,박성문,기타법인,110111-5595397,220-88-93682,"서울특별시 강남구 테헤란로 306 11층(역삼동, 카이트타워)", ,,경영 컨설팅업,2014-12-22,12월
주식회사 큐아이엠,"QIM Co.,Ltd.",큐아이엠, ,상경필,기타법인,134511-0326709,147-81-00822,"경기도 용인시 수지구 디지털벨리로 81 (죽전동, 4층 큐아이엠)", ,,기타 엔지니어링 서비스업,2017-06-26,12월
큐알티 주식회사,Quality Reliability Technology Inc.,큐알티,405100,김영부,코스닥시장,134411-0059857,126-86-75409,경기도 이천시 부발읍 경충대로 2091 큐알티 주식회사,qrtkr.com,,"그 외 기타 분류 안된 전문, 과학 및 기술 서비스업",2014-04-02,12월
(주)큐알티반도체,QRT Semiconductor,큐알티반도체, ,김영배,기타법인,134411-0028547,126-81-85858,경기도 이천시 부발읍 아미리 산136-1,www.qrtkr.com,,"그 외 기타 분류 안된 전문, 과학 및 기술 서비스업",2005-04-01,12월
주식회사 큐어버스,Cureverse Inc.,큐어버스, ,조성진,기타법인,110111-8065206,318-87-02481,서울특별시 성북구 화랑로14길 5 (하월곡동) 한국과학기술연구원 V1동 212호,cureverse.co.kr/,,의학 및 약학 연구개발업,2021-10-22,12월
주식회사 큐엠그린, QM Green,큐엠그린, ,조대희,기타법인,110111-6781911,291-81-01021,서울특별시 강남구 테헤란로20길 18 2층 (역삼동), ,,경영 컨설팅업,2018-06-15,12월
큐원메이트 주식회사,Qonemate Incc.,큐원메이트, ,정병식,기타법인,120111-1334010,456-87-02968,"인천광역시 서구 경명대로 322 (경서동, 엘지전자인천캠퍼스) 복합동 5층 일부", ,,"그 외 기타 분류 안된 전문, 과학 및 기술 서비스업",2023-09-20,12월
주식회사 크라켄,Kraken Co. Ltd,크라켄, ,서웅배,기타법인,110111-1919096,220-81-82610,서울특별시 서초구 방배동 981-15 양지빌딩 4층 415호, ,,경영 컨설팅업,2000-03-24,12월
주식회사 크래커엔터테인먼트,Cre.Ker Entertainment,크래커엔터테인먼트, ,"윤영로, 김영석",기타법인,110111-6049567,406-81-63838,"서울특별시 강남구 영동대로96길 8 (삼성동, 석광빌딩) 2층", ,,매니저업,2016-05-02,12월
(주)크래프트테크놀로지스,Qraft Technologies Inc.,크래프트테크놀로지스, ,김형식,기타법인,110111-5942499,294-87-00377,"서울특별시 성동구 왕십리로 58 (성수동1가, FORHU)",www.qraft.co.kr,,전기ㆍ전자공학 연구개발업,2016-01-31,12월
크레도오프쇼어 주식회사,"KREDO OFFSHORE Co., Ltd.",크레도오프쇼어, ,도정훈,기타법인,110111-7204251,163-81-01366,"서울특별시 중구 을지로5길 26 동관 16층 (수하동, 미래에셋센터원(MiraeAssetCENTER1))", ,,경영 컨설팅업,2019-08-14,12월
크레도파트너스(주),"Credo partners Co., Ltd.",크레도파트너스, ,이재학,기타법인,110111-5491298,113-86-90286,"서울특별시 서초구 남부순환로 2636 (양재동, 성문빌딩)501-A47호", ,,경영 컨설팅업,2014-08-15,12월
크레도홀딩스 주식회사,KREDO Holdings Ltd.,크레도홀딩스, ,도정훈,기타법인,110111-6788941,103-88-00874,"서울특별시 중구 을지로5길 26 동관, 13층(수하동, 미래에셋센터원(MiraeAssetCENTER1))",kredoholdings.com/,,경영 컨설팅업,2018-06-22,12월
주식회사 크레딧먼트,"MI mind CO.,LTD,",크레딧먼트, ,강미영,기타법인,134511-0274370,438-86-00214,"경기도 용인시 수지구 용구대로 2725-2 (죽전동, EXR) 201호", ,,경영 컨설팅업,2015-11-09,12월
주식회사크레아,"CREA CO.,LTD",크레아, ,채창원,기타법인,120111-0370677,131-81-90542,인천광역시 부평구 부평대로297번길 58 (청천동),www.groupcrea.com,,전기ㆍ전자공학 연구개발업,2005-04-01,12월
주식회사 크레아,"CREA Co.,",크레아, ,양영억,기타법인,110111-1434474,220-81-45712,서울특별시 강남구 삼성로 729 (청담동),www.wellz.co.kr,,제품 디자인업,1997-07-01,12월
주식회사 크레아랩,crealab. co. ltd,크레아랩, ,신명섭,기타법인,110111-4606294,114-86-88594,"서울특별시 서초구 방배동 475-20, 3층", ,,광고 대행업,2011-05-20,12월
(주)크레오인베스트먼트,"Creo Investment Co.,Ltd.",크레오인베스트먼트, ,이상희,기타법인,164711-0021268,307-81-32514,충청남도 연기군 동면 명학리 414-1, ,,경영 컨설팅업,2010-08-17,12월
크로넥스(주),"CRONEX.CO.,LTD",크로넥스,215570,"이상철, 김태호(공동대표)",코넥스시장,134811-0243379,143-81-01703,경기도 화성시 팔탄면 주석로778번길 55,www.cronex.co.kr,,의학 및 약학 연구개발업,2012-05-01,12월
(주)크로스미디어,CrossMedia Co. Ltd.,크로스미디어, ,정이규,기타법인,110111-2882010,120-86-58794,서울특별시 강남구 논현동 20-17 제일빌딩 3층,www.crossmedia.co.kr,,광고 대행업,2003-10-27,12월
크로스엠인사이트 주식회사,"Cross M Insight Co.,Ltd.",크로스엠인사이트, ,"이시혁, 양범준",기타법인,110111-3983106,220-87-72870,서울특별시 강남구 역삼2동 720-4 대봉빌딩,www.crossminsight.com,,광고 대행업,2008-10-13,12월
주식회사 크로스코어,"CROSSCORE Co.,Ltd.",크로스코어, ,이성규,기타법인,110111-6044038,245-88-00372,"서울특별시 송파구 올림픽로 88 1207호(잠실동, 올림픽타워)", ,,경영 컨설팅업,2016-04-26,12월
크론컨셉 주식회사,"Crone Concept Co., Ltd.",크론컨셉, ,OKSANA HOLOBORODKO,기타법인,110111-6544252,731-88-00849,"서울특별시 마포구 독막로 22 (합정동, 청명빌딩) 4층", ,,경영 컨설팅업,2017-10-20,12월
크루시블 제이브이 유한책임회사,CRUCIBLE JV LLC,크루시블제이브이, ,Chris LeWand (Greenleaf,기타법인, ,984-50-054053A0839FE79,"850 New Burton Road, Suite 201, Dover, Delaware 19904, United States", ,,경영 컨설팅업,2025-11-24,12월
크리스탈사모M&A펀드2호,Crystal Private Placement M&A Fund2,크리스탈사모M&A펀드2호, ,박근섭,기타법인,110111-2582701,107-86-22444,서울특별시 영등포구 여의도동 23-7,www.abrain.co.kr,,경영 컨설팅업,2002-08-05,08월
크리스탈엠앤에이사모펀드1호,Crystal M&A Private Placement Fund1,크리스탈엠앤에이사모펀드1호, ,김남엽,기타법인,110111-2514324,107-86-17126,서울특별시 영등포구 여의도동 23-7,www.abrain.co.kr,,경영 컨설팅업,2002-05-02,05월
(주)크리에이티브에어,creativeair,크리에이티브에어, ,최창희,기타법인,110111-3043182,120-86-69632,서울특별시 강남구 삼성1동 53-1 현빌딩5층, ,,광고 대행업,2006-07-01,12월
주식회사 크리컬쳐,criculture,크리컬쳐, ,박재남,기타법인,110111-5128304,114-87-08864,"서울특별시 강남구 테헤란로34길 21-4 6층 (역삼동, 코스트하우스)", ,,매니저업,2013-05-06,12월
크리테오코리아 유한회사,Criteo Korea Ltd,크리테오코리아, ,고민호 외 2인,기타법인,110114-0233657,559-88-01270,"서울특별시 서초구 강남대로 343 (서초동, 신덕빌딩) 8층",www.criteo.com,,광고 대행업,2018-11-22,12월
(주)크린토피아,cleantopia.com,크린토피아, ,변성현,기타법인,121111-0059387,130-81-55163,"경기도 성남시 중원구 순환로 222 (상대원동, (주)크린토피아성남공장)",www.cleantopia.com,,경영 컨설팅업,1998-01-01,12월
크림슨에이치앤씨(주),"Crimson H&C Co.,Ltd",크림슨에이치앤씨, ,이재완,기타법인,110111-3682229,220-87-48555,서울특별시 강남구 역삼동 702-10 아남타워 1905, ,,경영 컨설팅업,2007-05-14,12월
주식회사 크립토아이알,Cryto-IR,크립토아이알, ,박남호,기타법인,110111-6727816,764-87-00920,"경기도 가평군 상면 수목원로386번길 75 (행현리, Overthemountain), 에이동 2층", ,,경영 컨설팅업,2018-04-23,12월
주식회사 큰사람유통,"Giant Distribution co.,ltd.",큰사람유통, ,최정봉,기타법인,180111-0991182,883-86-00224,부산광역시 사상구 광장로 30 (괘법동),-,,경영 컨설팅업,2015-09-03,12월
클라크이엔지주식회사,"CLARK ENG CO., LTD",클라크이엔지, ,한철환,기타법인,121111-0166273,130-86-31619,경기도 부천시 오정구 오정동 202-1, ,,경영 컨설팅업,2007-12-24,12월
주식회사 클로드,CLAUDE,클로드, ,"최진국, 이민족",기타법인,110111-7464772,657-87-01844,서울특별시 강남구 선릉로119길 28 (논현동), ,,인물사진 및 행사용 영상 촬영업,2020-04-21,12월
클리랜드제일차 주식회사,"Cleland First Co.,Ltd.",클리랜드제일차, ,박태규,기타법인,110111-7957339,127-88-02484,"서울특별시 송파구 법원로11길 11 비동 1406호(문정동, 문정현대지식산업센터1-1)", ,,경영 컨설팅업,2021-07-14,12월
클리비든 유한회사,Cliveden LLC,클리비든, ,이은영,기타법인,110114-0118841,209-81-57133,서울특별시 성북구 선잠로5마길 42 (성북동), ,,경영 컨설팅 및 공공 관계 서비스업,2012-10-05,12월
클립스비엔씨 주식회사,"CLIPS BnC Co.,Ltd.",클립스비엔씨, ,지준환,기타법인,110111-5418755,105-88-02994,"서울특별시 마포구 마포대로 78 (도화동, 자람빌딩)",www.clipsbnc.com,,의학 및 약학 연구개발업,2014-05-20,12월
주식회사 키글로벌홀딩스,"KEY GLOBAL HOLDINGS CO., LTD",키글로벌홀딩스, ,김창근,기타법인,110111-4932334,113-86-62422,"서울특별시 구로구 경인로 579 (신도림동, 안성빌딩) 에이동 2층 21호", ,,경영 컨설팅업,2012-08-03,12월
키노톤코리아 주식회사,"Kinoton Korea, Inc.",키노톤코리아, ,배윤성,기타법인,110111-3474006,211-87-82980,"서울특별시 서초구 양재천로3길 12 (양재동, 키노톤빌딩)",www.kinoton.co.kr,,"건축기술, 엔지니어링 및 기타 과학기술 서비스업",2006-06-12,12월
주식회사 키라에셋,KIRA Asset Inc.,키라에셋, ,조선희,기타법인,110111-2270489,211-86-78169,"서울특별시 송파구 송파대로 167 1008호, 1009호(문정동, 문정역테라타워)",www.kira.co.kr,,경영 컨설팅업,2001-06-26,12월
주식회사 키로스,"Cyrus Co., Ltd.",키로스, ,강경주,기타법인,110111-5388099,261-81-10738,"서울특별시 강남구 강남대로 624 , 809호 (신사동, ICTTOWER)", ,,경영 컨설팅 및 공공 관계 서비스업,2014-04-09,12월
주식회사키스톤마케팅컴퍼니,Keystone Marketing Company.Inc,키스톤마케팅컴퍼니, ,"이영훈, 이기호, 김웅열",기타법인,110111-4352623,211-88-43738,"서울특별시 서초구 서초대로78길 5 13층(서초동, 대각빌딩)",www.keystonemc.com,,광고 대행업,2010-05-18,12월
키스톤프라이빗에쿼티(주),"Keystone Private Equity Co., Ltd.",키스톤프라이빗에쿼티, ,현상순,기타법인,110111-4866260,101-86-71893,"서울특별시 영등포구 여의대로 24, 20층 (여의도동, 전경련회관)", ,,경영 컨설팅업,2012-05-11,12월
주식회사 키위바인,"Kiwi Vine, Inc.",키위바인, ,박정진,기타법인,110111-6655489,281-86-00938,서울특별시 금천구 가산디지털1로 146 1405호 (가산동),kiwivine.kr,,번역 및 통역 서비스업,2018-02-08,12월
(주)키이엔지니어링,KEY ENGINEERING,키이엔지니어링, ,서정,기타법인,200111-0262182,410-86-20702,"경기도 수원시 권선구 산업로156번길 142-10 (고색동, 수원벤처밸리∥) B406,407",www.keyeng.com/,,환경 관련 엔지니어링 서비스업,2008-07-09,12월
주식회사 키프라임리서치,KEYPRIME RESEARCH,키프라임리서치, ,김동일,기타법인,150111-0302335,203-86-01989,충청북도 청주시 흥덕구 오송읍 오송생명1로 193 (연제리),www.keyprime.com,,의학 및 약학 연구개발업,2021-02-03,12월
주식회사 키프론바이오,"Keyfronbio Co., Ltd.",키프론바이오, ,강종구,기타법인,150111-0147814,317-81-23652,충청북도 청주시 청원구 오창읍 연구단지로 53 (양청리), ,,"물리, 화학 및 생물학 연구개발업",2011-05-02,12월
킨앤파트너스(주),"KEEN&PARTNERS Co.,Ltd",킨앤파트너스, ,이지훈,기타법인,110111-5283059,114-87-13391,서울특별시 성동구 연무장7길 11 5층(성수동2가),www.keennpartners.com,,경영 컨설팅업,2013-12-03,12월
주식회사 킴스브릿지,"KIM'S BRIDGE Co., Ltd.",킴스브릿지, ,김형규,기타법인,110111-3218959,214-87-70047,"서울특별시 서초구 서초동 1685-8 G5 센트럴프라자 310, 311호", ,,경영 컨설팅업,2005-05-02,12월
주식회사 킴즈스퀘어(Kim's Square),Kim's Square,킴즈스퀘어(Kim'sSquare), ,"오하영, 이의주",기타법인,134411-0101377,848-81-02369,경기도 이천시 부발읍 죽당로 167-90, ,,경영 컨설팅업,2021-04-26,12월
(주)킹애드,KING AD,킹애드, ,박명전,기타법인,110111-3585613,113-86-10244,서울특별시 구로구 구로동 197-10 이앤씨벤처드림타워 2차 5층, ,,광고 대행업,2006-12-22,12월
주식회사 킹콩엔터테인먼트,KINGKONG ENTERTAINMENT,킹콩엔터테인먼트, ,"이진성, 김영석",기타법인,110111-4083575,114-86-72850,서울특별시 강남구 테헤란로51길 46-12 (역삼동),www.kingkongent.com,,매니저업,2009-04-22,12월
타운보드중앙 주식회사,Townboard Joongang Corporation,타운보드중앙, ,"박장희, 김종윤",기타법인,110111-0933566,396-88-03395,"서울특별시 마포구 상암산로 48-6 (상암동, 중앙일보빌딩)",townboard.co.kr/,,옥외 광고업,2025-08-01,12월
(주)타이타늄22,TITANIUM22,타이타늄22, ,안호정,기타법인,110111-0924179,202-81-18522,"서울특별시 종로구 통일로 134 21층 (평동, 디타워(돈의문))",www.ti22.co.kr,,광고 대행업,1993-03-02,12월
(주)탈리온,"TALION Co., LTD.",탈리온, ,이학영,기타법인,110111-6538510,174-81-01084,"서울특별시 강남구 봉은사로 129-1 7층 702-씨에스04호 (논현동, 751빌딩)", ,,경영 컨설팅업,2017-12-18,12월
주식회사 탐스미디어,TAMS MEDIA,탐스미디어, ,염병윤,기타법인,110111-2833063,107-86-37990,서울특별시 영등포구 여의도동 맨하탄빌딩 1216, ,,옥외 광고업,2003-08-01,12월
주식회사 탑보이,"TOPBOY CO.,Ltd",탑보이, ,고종민,기타법인,110111-5298909,204-86-47538,"서울특별시 성동구 성수일로8길 5 에이동 1006호-1010호 (성수동2가, 서울숲SKV1TOWER)", ,,제조업 회사 본부,2014-01-01,12월
주식회사탑중앙연구소,TOP CENTRAL R&D CENTER  ,탑중앙연구소, ,김원남,기타법인,131111-0339365,144-81-12616,경기도 성남시 분당구 판교로255번길 74 (삼평동),www.toprnd.co.kr/,,전기ㆍ전자공학 연구개발업,2013-04-22,12월
태가 주식회사,"TEGA Co., Ltd.",태가, ,김두현,기타법인,110111-5702215,477-86-00427,"서울특별시 강남구 강남대로136길 11 5층(논현동, 논현제일빌딩)", ,,경영 컨설팅업,2015-04-21,12월
(주)태강로지스,Taegang Logis,태강로지스, ,김태석,기타법인,120111-1150466,641-81-02244,"인천광역시 계양구 계산새로 71 (계산동, 하이베라스), 디동 1111호", ,,연구개발업,2021-05-14,12월
태경회계법인,Tae Kyung Accounting Coporation,태경회계법인, ,"김상운, 김종일",기타법인,240171-0008970,206-86-42145,"서울특별시 강남구 테헤란로 520 (대치동, 삼안빌딩) 2층",www.tkac.kr,,공인회계사업,2010-04-01,03월
태림인더스트리(주),"TAERIM INDUSTRY CO., LTD",태림인더스트리, ,임은태,기타법인,205511-0006074,412-81-12940,전라남도 나주시 남평읍 동촌로 19 (수원리),www.taeri.co.kr,,환경 관련 엔지니어링 서비스업,1997-04-25,12월
태림회계법인,Taerim Accounting Corporation,태림회계법인, ,김정희,기타법인,250134-0041976,249-88-02111,서울특별시 금천구 벚꽃로36길 30 (가산동) 1515호, ,,공인회계사업,2021-11-02,03월
(주)태성종합기술,"TaeSung Engineering Consultants Co., Ltd.",태성종합기술, ,정창화,기타법인,174811-0038524,515-81-28149,"경상북도 구미시 백산로 167 (송정동,3층)", ,,환경 관련 엔지니어링 서비스업,2005-03-24,12월
태성회계법인,TAE SUNG,태성회계법인, ,남상환,기타법인,114634-0035643,220-87-60393,서울특별시 강남구 역삼로25길 35 씨앤케이빌딩5층, ,,공인회계사업,2008-01-21,03월
주식회사 태승아이엔씨,TAESEUNG INC. CO. LTD,태승아이엔씨, ,유준,기타법인,110111-8732334,103-88-02815,서울특별시 강남구 언주로 640 비3, ,,경영 컨설팅업,2023-09-01,12월
주식회사 태승엘피,"Tae Seung LP Co., Ltd.",태승엘피, ,김학재,기타법인,110111-5302700,101-86-86678,"서울특별시 종로구 창경궁로 120 (인의동, 종로플레이스) 14층", ,,경영 컨설팅업,2013-12-26,12월
태양기술개발,"TAEYANG ENGINEERING CO., LTD.",태양기술개발, ,안규철,기타법인,110111-0564462,220-81-32347,"서울특별시 구로구 디지털로32길 30 1401호(구로동, 코오롱디지털타워빌란트)",www.tyecl.com,,엔지니어링 서비스업,1988-03-22,12월
태양회계법인,Tae-Yang Accounting Corporation,태양회계법인, ,오철호,기타법인,194234-0010241,230-88-01928,"경상남도 창원시 의창구 중앙대로 166 4층(신월동, 창원상공회의소)", ,,공인회계사업,2020-11-01,03월
태영엔지니어링(주),"TAEYOUNG ENGINEERING CO.,LTD",태영엔지니어링, ,최규양,기타법인,194211-0044000,609-81-44973,"경상남도 창원시 마산회원구 3·15대로 629 (석전동), 5층", ,,환경 관련 엔지니어링 서비스업,2000-12-01,12월
(주)태영이엔지홀딩스,Taeyoung E&G Holdings,태영이엔지홀딩스, ,이정남,기타법인,200111-0646302,406-81-65893,광주광역시 광산구 소촌로85번길 14-29 (소촌동), ,,경영 컨설팅업,2021-09-10,12월
태영회계법인,Taeyoung Accounting Corporation,태영회계법인, ,이병권,기타법인,114634-0029886,211-87-18815,서울특별시 중구 삼일대로 363 1304 호,www.tya.co.kr,,공인회계사업,2002-08-05,03월
(주)태웅홀딩스,TAEWOONG HOLDINGS Co Ltd,태웅홀딩스, ,박판연,기타법인,180111-1000205,274-87-00257,부산광역시 강서구 화전산단1로 15 (화전동),www.taewoong.com,,회사 본부 및 경영 컨설팅 서비스업,2015-11-02,12월
태원세무법인,Taewon Tax Management Corporation,태원세무법인, ,이태원,기타법인,111671-0002788,128-85-65327,"경기도 고양시 일산서구 강성로 121 609호(주엽동, 일산삼희프라자)",www.taewontax.com,,세무사업,2014-03-01,03월
(주)태원종합기술단건축사사무소,"Taewon Architects & Engineering Co.,Ltd",태원종합기술단건축사사무소, ,양철웅,기타법인,120111-0221797,122-81-61820,인천광역시 서구 승학로 209 (심곡동),www.taewongamri.co.kr,,건축설계 및 관련 서비스업,2000-05-12,12월
(주)태원코퍼레이션,TAEWON CORPORATION,태원코퍼레이션, ,"이기선, 박영민",기타법인,110111-0611180,138-81-04275,경기도 안양시 동안구 관양동 1458-4,www.mycon.co.kr,,건물 및 토목 엔지니어링 서비스업,1989-03-06,12월
태율회계법인,taeyul accounting corporation,태율회계법인, ,정구진,기타법인,114634-0038283,120-87-52517,서울특별시 강남구 영동대로86길 21 태화빌딩 3층, ,,공인회계사업,2010-04-01,03월
태인솔루션스 주식회사,"Taein-Solutions Co,Ltd. ",태인솔루션스, ,유신자,기타법인,110111-4529941,215-87-50025,서울특별시 송파구 신천동 11-6, ,,경영 컨설팅업,2011-02-10,02월
태인컨설팅, ,태인컨설팅, ,진순안,기타법인,110111-0968466, ,서울특별시 마포구 아현동 424-14, ,,경영 컨설팅업, ,12월
태인회계법인,TAEIN Accounting Corporation,태인회계법인, ,"김혁, 최영식",기타법인,110134-0097788,440-88-01525,"서울특별시 서초구 사임당로1길 7 2층(서초동, 세현빌딩)",www.taeincpa.co.kr,,공인회계사업,2020-01-13,06월
태일회계법인,Taeil Accounting Corporation,태일회계법인, ,배영석 권순식 남기권,기타법인,254134-0016199,107-87-18699,"서울특별시 영등포구 국회대로62길 15 2층, 3층(여의도동,광복회관)",www.taeilcpa.com,,공인회계사업,2009-04-03,03월
(주)태조엔지니어링,"TESO ENGINEERING CO.,LTD.",태조엔지니어링, ,한명식,기타법인,110111-2583452,215-86-29656,"서울특별시 송파구 백제고분로 503 (방이동, 유정빌딩)",www.teso.co.kr,,건물 및 토목 엔지니어링 서비스업,2002-08-06,12월
(주)태홍,"TAEHONG Co.,Ltd",태홍, ,조태호,기타법인,135011-0080784,134-81-39132,경기도 안산시 고잔동 528-3 한미은행 빌딩 5층,taehong.com,,경영 컨설팅업,1998-04-01,12월
(주)태화산업,TEAWHA,태화산업, ,차준오,기타법인,206211-0006491,417-81-13565,"전라남도 여수시 여수산단1로 276-29 (화치동, (주)태화산업)", ,,제조업 회사 본부,1996-10-26,12월
태흥씨앤이(유),teaheungC&E,태흥씨앤이, ,신문수,기타법인,110114-0179116,227-81-22457,"서울특별시 영등포구 의사당대로 8 (여의도동, 삼환까뮤빌딩) 11층", ,,경영 컨설팅업,2016-04-21,12월
주식회사 탠덤,TANDEM,탠덤, ,이득원,기타법인,110111-6194594,888-86-00438,"서울특별시 송파구 위례순환로 387 (장지동, 대신위례센터(DaishinWiryeCenter)) 2관 404호", ,,의학 및 약학 연구개발업,2016-10-06,12월
주식회사 탭엔젤파트너스,TAP ANGEL PARTNERS CO LTD,탭엔젤파트너스, ,박재현,기타법인,110111-6858629,719-86-01072,인천광역시 연수구 컨벤시아대로 204 (송도동)M506호,tapaps.com,,경영 컨설팅업,2018-08-31,12월
(주)탱그램디자인연구소,"Tangram Design Lab., Inc",탱그램디자인연구소, ,"정덕희, 권기수",기타법인,110111-4002377,220-87-74316,"서울특별시 성동구 서울숲2길 32-14 (성수동1가, 갤러리아포레), 101동 202호",www.tangram.kr,,전문 디자인업,2008-11-20,12월
주식회사 터치스톤 홀딩스,Touch Stone Holdings Inc.,터치스톤홀딩스, ,최세진,기타법인,110111-2497075,120-86-36432,서울특별시 마포구 공덕동 254-8, ,,경영 컨설팅업,2002-04-12,12월
(주)테너지,TENERGY,테너지, ,최재권,기타법인,135811-0149542,135-81-96188,경기도 수원시 영통구 이의동 906-5번지 (재)차세대융합기술원 고화중실험실,www.tenergy.co.kr,,자연과학 및 공학 연구개발업,2008-03-04,12월
테넥스 코리아 주식회사,"TENEX-KOREA CO., LTD",테넥스코리아, ,Muravyev Denis,기타법인,110111-2714833,120-86-48471,"서울특별시 강남구 강남대로 358 (역삼동, 강남358타워) 8층", ,,시장조사 및 여론조사업,2003-02-18,12월
(주)테드인베스트먼트,"tedinvestment Co.,Ltd.",테드인베스트먼트, ,한상우,기타법인,110111-7337440,160-87-01559,"서울특별시 서초구 사임당로 173 (서초동, 서전빌딩)9층", ,,경영 컨설팅업,2019-12-26,12월
(주)테라,Terra Corporation,테라, ,서순만,기타법인,110111-0633449,105-81-38343,"서울특별시 종로구 새문안로 82 (신문로1가, 에스타워)", ,,경영 컨설팅업,2018-09-18,12월
테라다인코리아,Teradyne Korea,테라다인코리아, ,찰스제프리그레이,기타법인,110114-0162426,211-87-74398,"서울특별시 서초구 매헌로 16 (양재동, 하이브랜드) 10층", ,,기타 엔지니어링 서비스업,2005-11-30,12월
(주) 테라베스트,GNSBIO,테라베스트, ,기평석,기타법인,131111-0329308,144-81-07637,"서울특별시 서초구 서초대로40길 41 (서초동, 대호IR빌딩) 7층",www.therabest.co.kr,,"그 외 기타 분류 안된 전문, 과학 및 기술 서비스업",2012-12-18,12월
주식회사 테라젠바이오,"Theragen Bio Co.,Ltd",테라젠바이오, ,황태순,기타법인,135811-0391911,816-86-01640,"경기도 수원시 영통구 광교로 145 에이동 7층(이의동, 차세대융합기술연구원)", ,,의학 및 약학 연구개발업,2020-05-04,12월
테라젠지놈케어,Theragengenomecare,테라젠지놈케어, ,"고진업, 임홍계",기타법인,135811-0218313,264-81-05909,"경기도 수원시 영통구 창룡대로 260 (이의동, 광교센트럴비즈타워) 810호",https://www.genomecare.net,,물질성분 검사 및 분석업,2012-11-10,12월
주식회사 테라젠헬스,"Theragen Health Co., Ltd.",테라젠헬스, ,"황태순, 정재호",기타법인,131111-0681550,846-86-02989,"경기도 성남시 분당구 판교역로 240 에이동 10층 1003전부, 1002일부호(삼평동,삼환하이펙스A동)", ,,물질성분 검사 및 분석업,2022-09-01,12월
주식회사 테라투자파트너스,terra corp,테라투자파트너스, ,이현,기타법인,134511-0364056,680-86-01186,경기도 용인시 수지구 광교중앙로 305 (상현동) 씨동 302호, ,,경영 컨설팅업,2018-08-07,12월
(주)테마디자인그룹,ThemeDesignGroup,테마디자인그룹, ,최인균,기타법인,134811-0136847,134-86-40032,강원도 춘천시 서면 신매리 36-8 2-201,www.themedesigngroup.co.kr,,건축설계 및 관련 서비스업,2007-06-01,12월
(주)테스콤엔지니어링,"TESCOM ENGINEERING CO., LTD.",테스콤엔지니어링, ,박영복,기타법인,110111-1164378,229-81-09203,"서울특별시 영등포구 당산로50길 1 (당산동6가, 동남빌딩) 2층",www.tesc.co.kr/,,건물 및 토목 엔지니어링 서비스업,1995-06-07,12월
테이블링홀딩스 주식회사,Tabling holdings co ltd,테이블링홀딩스, ,최규석,기타법인,110111-5919141,676-81-00301,"서울특별시 서초구 방배로 123 (방배동, 사단법인대한미용사회) 2층 3호", ,,경영 컨설팅업,2015-12-16,12월
(주)테크로스워터앤에너지,Techcross Water & Energy Inc.,테크로스워터앤에너지, ,윤혁노,기타법인,110111-4777201,119-86-51753,"경기도 안양시 동안구 관악대로 104 (비산동, 부방유통), 104호",www.techcross.com,,환경 관련 엔지니어링 서비스업,2012-01-17,12월
주식회사 테크메이트홀딩스,Techmateholdings,테크메이트홀딩스, ,심형석,기타법인,110111-7237054,137-88-01411,"서울특별시 마포구 마포대로 137 (공덕동, KPX빌딩) 3층 10호", ,,경영 컨설팅업,2019-09-27,12월
텐케이컴퍼니 주식회사,"10Kcompany Co.,ltd.",텐케이컴퍼니, ,이봉관,기타법인,110111-6617009,346-88-00919,서울특별시 영등포구 의사당대로 97 17층(여의도동), ,,경영 컨설팅업,2018-01-03,12월
텔로미어 주식회사,TELOMERE,텔로미어, ,오필선,기타법인,110111-6521086,515-81-55025,"서울특별시 강남구 언주로130길 13 (논현동, 다은빌딩)", ,,"그 외 기타 전문, 과학 및 기술 서비스업",2017-09-19,12월
템퍼스인베스트먼트 주식회사,"Tempus Investment Co.,Ltd",템퍼스인베스트먼트, ,김향연,기타법인,110111-4782200,220-88-31783,"경기도 용인시 기흥구 죽전로 10 (보정동, 장은메디칼프라자) 6층 601-8호",-,,경영 컨설팅업,2012-01-26,12월
주식회사 토랜스인베스트,Torrance Invest,토랜스인베스트, ,이명선,기타법인,110111-5471852,264-81-38661,"서울특별시 서초구 반포대로30길 63 (서초동, 영서빌딩)",-,,경영 컨설팅업,2014-07-22,12월
주식회사 토마토,"TOMATO Co., Ltc",토마토, ,남기중,기타법인,110111-3283142,105-86-82242,"서울특별시 마포구 양화진4길 32 (합정동, (주)이토마토)", ,,기타 산업 회사 본부,2005-08-05,12월
(주)토마토디앤씨,TOMATO D&C,토마토디앤씨, ,김윤희,기타법인,180111-0627703,617-81-71210,서울특별시 서초구 효령로 274 (서초동), ,,경영 컨설팅업,2008-04-01,12월
주식회사 토모,"TOMO Co., LTD",토모, ,이재혁,기타법인,110111-6851516,166-86-01337,"서울특별시 마포구 백범로 8 312호(노고산동, 우정마샹스오피스텔)", ,,경영 컨설팅업,2018-09-04,12월
(주)토문건축사사무소,"TOMOON CO.,LTD.",토문건축사사무소, ,"최기철, 한대수",기타법인,110111-2882218,211-87-40447,"서울특별시 송파구 충민로 52 (문정동, 가든파이브웍스)10층", ,,"건축기술, 엔지니어링 및 관련 기술 서비스업",2003-10-23,12월
(주)토문엔지니어링건축사사무소,TOMOOON.CO.KR,토문엔지니어링건축사사무소, ,최기철,기타법인,110111-0725204,211-81-60214,서울특별시 강남구 논현동 91-20, ,,건축설계 및 관련 서비스업,1991-12-03,06월
(주)토우종합거축사사무소,towooarch,토우종합거축사사무소, ,박형배,기타법인,120111-0172635,139-81-36940,"인천광역시 부평구 길주로 491 (청천동, 미가로아파트)미가로아파트 상가 201호",www.towooarch.co.kr,,건축설계 및 관련 서비스업,1998-07-01,12월
주식회사 토이랜드,"TOYLAND CO., LTD",토이랜드, ,최기보,기타법인,110111-5561968,114-87-22416,"서울특별시 서초구 신반포로 314 401호 (반포동, 임송빌딩)", ,,경영 컨설팅업,2014-10-31,12월
토자이캐피탈코리아 주식회사,"Tozai Capital Korea, Inc.",토자이캐피탈코리아, ,카즈히로 코이케,기타법인,110111-3797309,120-87-22973,서울특별시 강남구 대치동 942-1 퍼시픽타워 18층,www.tozaicapital.com,,경영 컨설팅업,2007-11-30,12월
주식회사 토탈골프멤버십,"TOTALGOLFMEMBERSHIP Co.,Ltd",토탈골프멤버십, ,이종범,기타법인,110111-8505939,226-81-54859,"서울특별시 성동구 상원1길 26 (성수동1가, 서울숲A타워) 1110호", ,,사업 및 무형 재산권 중개업,2022-12-20,12월
주식회사 토탈매니지먼트인터내셔널,Total Managment International,토탈매니지먼트인터내셔널, ,박현주,기타법인,110111-2197857,101-81-68957,"서울특별시 강서구 하늘길 233 (공항동, 골프포트)2층", ,,"광고물 문안, 도안, 설계 등 작성업",2001-03-21,12월
(주)토탈커뮤니케이션그룹영컴,YoungComm,토탈커뮤니케이션그룹영컴, ,이성석,기타법인,110111-1366411,207-81-48341,서울특별시 광진구 구의동 546-4 테크노마트29층,youngcomm.co.kr,,광고 대행업,1997-01-17,12월
토트에듀 주식회사,"Thoth Edu co., Ltd",토트에듀, ,고사무열,기타법인,110111-6262226,294-87-00682,"서울특별시 영등포구 여의대방로65길 6 1534호 (여의도동, 센터빌딩)", ,,경영 컨설팅업,2016-12-20,12월
(주)토펙엔지니어링건축사사무소,"TOPEC ENGINEERING CO.,LTD",토펙엔지니어링건축사사무소, ,현군출,기타법인,110111-0946652,229-81-19550,"서울특별시 강남구 논현로28길 29 (도곡동, 토펙빌딩)",topec.co.kr,,건물 및 토목 엔지니어링 서비스업,1993-06-28,12월
주식회사 투엔티투엔티,Twenty Twenty,투엔티투엔티, ,신현일,기타법인,110111-3217670,107-86-63576,서울특별시 마포구 공덕2동 LG마포빌딩 15층, ,,광고 대행업,2005-05-01,12월
투케이월드 (주),twokworld ,투케이월드, ,이재경,기타법인,110111-8192017,117-87-02627,"서울특별시 중랑구 용마산로72길 24-9 (면목동, 골든네스트) 104동 502호", ,,경영 컨설팅업,2022-02-09,12월
주식회사 투팩미디어,"twopackmedia co.,Ltd.",투팩미디어, ,강공빈,기타법인,160111-0248090,314-86-00655,대전광역시 유성구 전민동 461-33, ,,광고 대행업,2008-09-29,12월
(주)툴젠,ToolGen Incorporated,툴젠,199800,유종상,코스닥시장,110111-1785827,108-81-18555,"서울특별시 강서구 마곡중앙로 172 바이오이노베이션파크,8층",toolgen.com,,자연과학 및 공학 연구개발업,1999-10-08,12월
튜더앤컴퍼니 주식회사,"Tudor&company Co.,Ltd",튜더앤컴퍼니, ,한명건,기타법인,110111-5485910,120-88-16798,"서울특별시 강남구 테헤란로 425 (삼성동, 신일빌딩)", ,,경영 컨설팅업,2014-08-11,12월
트라움스트로이(주),"traum stroi co.,ltd",트라움스트로이, ,조태영,기타법인,110111-3670620,217-81-23731,서울특별시 강남구 역삼동 826-7 해동빌딩 306호, ,,공인회계사업,2007-05-02,12월
트라움파트너스,TRAUM PARTNERS,트라움파트너스, ,김형민,기타법인,110111-4811611,214-88-92602,"서울특별시 서초구 서초동 (서초중앙로 24길 5, 201호)",-,,경영 컨설팅업,2012-03-08,12월
(주)트라이글로벌홀딩스,"Try Global Holdings. Co., LTD.",트라이글로벌홀딩스, ,김경오,기타법인,135811-0081413,135-81-53990,경기도 수원시 장안구 파장동 583-30, ,,광고 대행업,2002-04-26,12월
주식회사 트라이던트,-,트라이던트, ,윤강혁,기타법인,110111-6498318,124-88-00911,"서울특별시 영등포구 국제금융로 20 (여의도동, 율촌빌딩) 3층 354호",-,,경영 컨설팅업,2017-08-25,12월
트랙터벨코리아(주),Tractebel Korea,트랙터벨코리아, ,죤 류크 케빌스,기타법인,110111-1721706,229-81-39139,경기도 동두천시 생연동 607-7, ,,"그 외 기타 분류 안된 전문, 과학 및 기술 서비스업",1999-07-05,12월
트랜드인베스트먼트(주),TrendInvestment,트랜드인베스트먼트, ,백상준,기타법인,110111-6022969,766-86-00439,서울특별시 강남구 봉은사로 449 11층(삼성동), ,,사업 및 무형 재산권 중개업,2016-04-05,12월
트레스칼코리아 주식회사,"Trescal Korea Co., Ltd.",트레스칼코리아, ,이정창,기타법인,130111-0052843,124-81-63218,경기도 화성시 동탄첨단산업2로 72 (영천동),www.sict.co.kr,,"기타 기술 시험, 검사 및 분석업",1999-07-01,12월
트렌스젠바이오 주식회사,"transgenebio co.,ltd",트렌스젠바이오, ,조상환,기타법인,110111-7918802,479-87-02068,"서울특별시 금천구 가산디지털1로 149 3층 304A-Z호(가산동, 신한이노플렉스)", ,,연구개발업,2021-06-11,12월
트루반포제일차 주식회사,"TRUE BANPO Co., Ltd.",트루반포제일차, ,박주연,기타법인,110111-8573275,413-81-08963,"서울특별시 영등포구 국제금융로 10 (여의도동, 서울국제금융센터)", ,,"그 외 기타 분류 안된 전문, 과학 및 기술 서비스업",2023-03-06,12월
주식회사 트루컬러,"truecolor co.,ltd",트루컬러, ,방상호,기타법인,110111-6805521,542-81-01180,서울특별시 강남구 테헤란로38길 40-12 5층(역삼동),www.tcolor.co.kr,,광고업,2018-08-09,12월
트리니티에쿼티 유한회사,Trinity Equity.Ltd,트리니티에쿼티, ,천승재,기타법인,110114-0205333,250-81-00865,경기도 안성시 양성면 양성로 112 (동항리), ,,경영 컨설팅업,2017-06-16,12월
주식회사 트리아스파트너스,"TRIASPARTNERS Co,. Ltd",트리아스파트너스, ,이현웅,기타법인,110111-5867952,574-87-00517,"서울특별시 강남구 도산대로 415 ,6층(청담동)", ,,경영 컨설팅업,2015-10-21,12월
트리엔파트너스 주식회사,"Triene Partners Co.,Ltd.",트리엔파트너스, ,"김정환, 권민석",기타법인,110111-4794172,120-87-78725,서울특별시 강남구 학동로 231 10층 (논현동 백영논현센터), ,,경영 컨설팅업,2012-02-13,12월
주식회사 트리즈컴퍼니,"Trizcompany Co.,",트리즈컴퍼니, ,김지현,기타법인,110111-6767854,131-86-71763,서울특별시 강남구 봉은사로18길 56 (역삼동), ,,경영 컨설팅업,2018-06-01,12월
주식회사 트리플렛,"Triplet Co.,Ltd.",트리플렛, ,송기영,기타법인,124411-0373423,521-88-03104,"경기도 김포시 김포한강4로 131 302호 (장기동, 정현메디피아)", ,,경영 컨설팅업,2023-10-12,12월
주식회사 트리플아이앤디,"TRIPLEIND CO., LTD.",트리플아이앤디, ,김경동,기타법인,110111-5865849,224-88-00128,"경기도 과천시 과천대로7나길 60 (갈현동, 과천어반허브) C-120",www.tripleind.com/,,경영 컨설팅업,2015-10-20,12월
트윈스밸런스M&A사모펀드,Twins Balance M&A Private Placement Fund,트윈스밸런스M&A사모펀드, ,한홍규,기타법인,110111-2309725,107-86-04295,서울특별시 영등포구 여의도동 23-7,www.abrain.co.kr,,경영 컨설팅업,2001-08-16,08월
트윈스신클레어엠앤에이사모펀드,Twins Sinclair M&A Private Placement Fund,트윈스신클레어엠앤에이사모펀드, ,한홍규,기타법인,110111-2308834,107-86-04219,서울특별시 영등포구 여의도동 23-7,www.abrain.co.kr,,경영 컨설팅업,2001-08-14,08월
트윈스파워엠앤에이사모펀드,Twins Power M&A Private Placement Fund,트윈스파워엠앤에이사모펀드, ,장웅주,기타법인,110111-2250431,107-86-00697,서울특별시 영등포구 여의도동 23-7,www.abrain.co.kr,,경영 컨설팅업,2001-05-30,05월
트윈피그바이오랩 주식회사,"Twinpig Biolab Co., Ltd.",트윈피그바이오랩, ,강문규,기타법인,110111-7256202,632-88-01333,"서울특별시 동대문구 경희대로 23 (회기동, 경희의료원) 구)이과대학 서관 607호",www.twinpigbio.com,,의학 및 약학 연구개발업,2019-10-10,12월
트윈픽스코퍼레이션 주식회사,Twin peaks Corporation,트윈픽스코퍼레이션, ,최정,기타법인,110111-8508834,271-88-02739,서울특별시 강남구 영동대로85길 20-7 (대치동) 453호, ,,경영 컨설팅업,2022-12-22,12월
주식회사 티디,T. D  Ltd,티디, ,배태하,기타법인,171711-0110244,506-81-87601,경상북도 포항시 남구 대송로 95 (장흥동),-,,경영 컨설팅업,2014-03-06,12월
주식회사 티디아이플레이,"TDI Play Co., Ltd.",티디아이플레이, ,신도연,기타법인,110111-6562296,601-81-37139,서울특별시 서초구 서초대로64길 8 (서초동) 4층, ,,광고 대행업,2017-11-01,12월
티디에이엠 주식회사 ,"THIRD MOVEMENT CO.,LTD",티디에이엠, ,민경기,기타법인,110111-5796515,472-88-00111,서울특별시 강남구 논현로145길 50 (논현동) 3층, ,,건물 및 토목 엔지니어링 서비스업,2015-07-30,12월
티디엠 주식회사,"TDM Co.,Ltd",티디엠, ,심성빈,기타법인,110111-5936054,793-87-00248,서울특별시 성동구 광나루로 275, ,,경영 컨설팅업,2016-01-05,12월
티디엠프라이빗에쿼티 주식회사,"TDM Private Equity Co.,Ltd.",티디엠프라이빗에쿼티, ,이명제,기타법인,110111-7548633,221-86-01764,"서울특별시 성동구 뚝섬로1길 25 (성수동1가, 서울숲한라에코밸리) 408호", ,,기타 전문 서비스업,2020-07-08,12월
주식회사 티로지스틱스앤캐피탈,"T Logistics & Capital Co., LTD",티로지스틱스앤캐피탈, ,김성묵,기타법인,110111-7544920,398-86-02097,"서울특별시 강남구 테헤란로 151 (역삼동, 역삼하이츠빌딩) 7층 727호", ,,경영 컨설팅업,2020-07-06,12월
(주)티브로드,"Tbroad.Co.,Ltd.",티브로드, ,오용일,기타법인,135811-0121764,135-81-82971,경기도 수원시 팔달구 우만동 228, ,,경영 컨설팅업,2005-12-23,12월
티비더블유에이 코리아 주식회사,TBWA KOREA LTD,티비더블유에이코리아, ,"KEITH D, SMITH",기타법인,110111-1396591,120-81-72675,서울특별시 강남구 역삼동 823번지 풍림빌딩 17층,www.tbwa-korea.com,,광고 대행업,1997-03-31,12월
(주)티비디,"TBD.Co.,Ltd",티비디, ,유문선,기타법인,110111-2016784,220-81-91991,서울특별시 서초구 반포동 59-4, ,,경영 컨설팅업,2000-07-04,12월
(주)티비스톰,TVSTORM INC.,티비스톰, ,정상필,기타법인,110111-3529562,214-87-96601,"서울특별시 서초구 효령로 255 (서초동, 성현빌딩)",www.tvstorm.com,,"건축기술, 엔지니어링 및 기타 과학기술 서비스업",2006-09-18,12월
티스톤,TStone Corp.,티스톤, ,원준희,기타법인,110111-2327595,104-81-65075,서울특별시 강남구 역삼1동 스타타워 28층, ,,경영 컨설팅업,2001-09-07,12월
(주)티씨노바이오사이언스,Txinno Bioscience Inc.,티씨노바이오사이언스, ,박찬선,기타법인,110111-7609469,674-81-02088,"경기도 용인시 수지구 광교중앙로 338 C동 707호 (상현동, 광교우미뉴브)",www.txinno.com,,의학 및 약학 연구개발업,2020-09-02,12월
티씨에스씨 주식회사,TCSC,티씨에스씨, ,정형지,기타법인,110111-5311537,104-86-53119,"서울특별시 중구 세종대로9길 60 10층 (서소문동, 동화주차빌딩)", ,,경영 컨설팅업,2014-01-09,12월
주식회사 티아이에셋,TIASSET,티아이에셋, ,정현철,기타법인,200111-0686150,469-81-03016,"광주광역시 서구 운천로 273 (치평동),13층", ,,경영 컨설팅업,2022-12-27,12월
주식회사 티아이에이엠2,TIAM2,티아이에이엠2, ,정현철,기타법인,200111-0710793,708-87-03193,광주광역시 서구 운천로 273 (치평동) 13층, ,,경영 컨설팅업,2023-11-22,12월
주식회사 티알에스티,"TRST Co., Ltd.",티알에스티, ,조영묵,기타법인,284111-0048492,473-81-03596,경기도 남양주시 와부읍 월문천로173번길 30 (월문리), ,,기타 전문 서비스업,2025-07-03,12월
주식회사 티앤에스파트너스,"T&S partners Co., Ltd.",티앤에스파트너스, ,김준환,기타법인,110111-5571701,114-87-22788,"서울특별시 서초구 강남대로 483 7층 (반포동, 청호빌딩)", ,,경영 컨설팅업,2015-01-01,12월
(주)티앤엠커뮤니케이션즈,T&M Communications,티앤엠커뮤니케이션즈, ,정만식,기타법인,110111-2223694,211-86-74538,"서울특별시 마포구 독막로 328 (도화동, 신원빌딩 2층)", ,,광고 대행업,2001-05-01,12월
티앤제이인베스트먼트 주식회사,"T&J INVESTMENT CO.,LTD.",티앤제이인베스트먼트, ,정동하,기타법인,131411-0575385,787-86-03170,경기도 안산시 단원구 해안로 104 (목내동), ,,경영 컨설팅 및 공공 관계 서비스업,2024-02-22,12월
(주)티에스골프회원권,TSLEISURE,티에스골프회원권, ,이태식,기타법인,110111-8929072,153-87-03485,"서울특별시 송파구 중대로 101 613호 (가락동, 동부썬빌)", ,,사업 및 무형 재산권 중개업,2024-04-29,12월
주식회사 티에스바이오,"TS BIO Co., Ltd.",티에스바이오, ,이형승,기타법인,110111-6490728,255-86-00787,"서울특별시 구로구 디지털로 272 6층 601호, 602호, 7층 702호(구로동, 한신아이티타워)",tsvbio.com,,의학 및 약학 연구개발업,2017-08-17,12월
(주)티에스아이이십일,TSI 21,티에스아이이십일, ,양대석,기타법인,110111-1773202,220-81-67036,서울특별시 강남구 대치동 944-11 동원제 2빌딩 5층,www.tsi21.com,,경영 컨설팅업,1999-09-14,12월
(주)티에스이엔엠,TSENM,티에스이엔엠, ,박찬홍,기타법인,110111-2708795,113-81-82345,"인천광역시 남동구 남동서로 251 (논현동, (주)TS이엔씨)", ,,환경 관련 엔지니어링 서비스업,2003-02-05,12월
주식회사 티에스인베스트홀딩스,Spring rain holdings Inc. ,티에스인베스트홀딩스, ,김웅,기타법인,110111-3110147,214-87-61290,"서울특별시 강남구 언주로 542 (역삼동, ENPTower) 6층 2호", ,,경영 컨설팅업,2004-11-03,12월
주식회사 티에스컨설팅,TSConsulting corp.,티에스컨설팅, ,한대규,기타법인,110111-4506246,107-87-46050,서울특별시 영등포구 여의대로 56 (여의도동), ,,경영 컨설팅업,2011-01-06,03월
티에이어드바이저 유한회사,TA Advisor LLC,티에이어드바이저, ,강수진,기타법인,110114-0096592,211-88-52673,서울특별시 강남구 압구정로42길 26 (신사동), ,,경영 컨설팅업,2010-12-06,12월
티에이지(T.A.G) 유한회사,"T.A.G Co., Ltd.",티에이지(T.A.G), ,강대준,기타법인,130114-0021660,517-87-03165,"경기도 화성시 동탄순환대로 823 4층 409-209호 (영천동, 에이팩시티)", ,,경영 컨설팅업,2024-08-20,12월
주식회사 티에이치디,THD,티에이치디, ,정명안,기타법인,110111-7601267,740-88-01861,"서울특별시 금천구 가산디지털1로 119 제지2층 제218-20 (가산동, SK트윈테크타워)", ,,경영 컨설팅업,2020-09-10,12월
주식회사 티에이치물산,THcompany,티에이치물산, ,김영애,기타법인,110111-4992627,104-86-44736,"서울특별시 영등포구 의사당대로 8 (여의도동, 삼환까뮤빌딩) 11층", ,,경영 컨설팅업,2012-11-01,12월
주식회사 티에이치씨엔에스,THC&S,티에이치씨엔에스, ,유지은,기타법인,110111-6603561,208-87-00911,"경기도 고양시 덕양구 화정로 53-1 217호(화정동, 글로리아빌딩)",www.thcns.co.kr,,경영 컨설팅업,2017-12-19,12월
주식회사 티에이치엠컨설팅,"THM Consulting Co.,Ltd.",티에이치엠컨설팅, ,이성배,기타법인,110111-4149682,201-86-12006,서울특별시 중구 장충동2가 162-1, ,,경영 컨설팅업,2009-07-31,12월
주식회사 티에프홀딩스,"TF HOLDINGS CO,.LTD.",티에프홀딩스, ,강재명,기타법인,120111-1240564,713-86-02618,"인천광역시 연수구 아트센터대로 149 (송도동, 커낼워크D1SPRING)", ,,경영 컨설팅업,2022-06-16,12월
티엔엑스인베스트먼트(주),TNX Investment Co.ltd,티엔엑스인베스트먼트, ,김상욱,기타법인,110111-3688615,220-87-49762,서울특별시 강남구 도곡동 467-6 대림아크로텔 c-1701, ,,사업 및 무형 재산권 중개업,2007-05-31,12월
주식회사 티엔홀딩스,"TN Holdings Co., Ltd.",티엔홀딩스, ,신방섭,기타법인,110111-6577609,644-81-00643,"서울특별시 송파구 가락로 231 (방이동, 트니트니빌딩) 2층", ,,경영 컨설팅업,2017-11-23,12월
(주)티엘엔지니어링,"TL Engineering  Co., Ltd.",티엘엔지니어링,413300,서충옥,코넥스시장,110111-2669260,107-86-27639,경기도 광명시 원광명로37번길 32,tleng.kr,,기타 엔지니어링 서비스업,2002-12-09,12월
티엠디교육그룹,Tmd Education Group,티엠디교육그룹, ,고봉익,기타법인,110111-3652751,211-87-96577,"서울특별시 서초구 서초중앙로8길 26 (서초동, 유노피스빌딩)",www.tmdedu.co.kr,,경영 컨설팅업,2007-04-04,12월
(주)티엠디네트웍스,"TMD Networks. Co., Ltd",티엠디네트웍스, ,이준삼,기타법인,110111-4774570,211-88-71758,"서울특별시 마포구 토정로35길 26 (용강동, 3층)", ,,광고 대행업,2012-01-13,12월
(주)티엠씨,TMC,티엠씨, ,박길수,기타법인,204611-0025536,416-81-57139,"전라남도 광양시 폭포사랑길 20-26 (금호동, 광양제철소)", ,,기타 엔지니어링 서비스업,2007-07-27,12월
(주)티엠씨케이,TMCK CO LTD,티엠씨케이, ,임성윤,기타법인,110111-4965096,107-87-79319,"서울특별시 서초구 강남대로 263 (서초동, 새움빌딩) 3층,5층", ,,광고 대행업,2012-09-25,12월
티엠지종합엔지니어링건축사사무소 주식회사,TMG CIVIL ENGINEERING & ARCHITECTS,티엠지종합엔지니어링건축사사무소, ,류정우 정민영,기타법인,134111-0460456,197-88-00660,"경기도 안양시 동안구 엘에스로 136 16층 1609~1615호, 1618호(호계동, 금정역2차SKV1tower)", ,,건물 및 토목 엔지니어링 서비스업,2017-02-01,12월
(주) 티오이십일,"TO21 Co.,Ltd.",티오이십일, ,박현수,기타법인,110111-1835078,119-81-34254,"서울특별시 서초구 서초대로 350 (서초동, 서초동동아빌라트)",www.to21.co.kr,,환경 관련 엔지니어링 서비스업,1999-12-23,12월
주식회사 티와이파트너스,TY partners Inc.,티와이파트너스, ,박영엽,기타법인,110111-7646320,442-86-02074,"서울특별시 영등포구 국제금융로 10 (여의도동, 서울국제금융센터) 3IFC 43층", ,,경영 컨설팅업,2020-10-13,12월
주식회사 티움바이오,"TiumBio Co., Ltd.",티움바이오,321550,김훈택,코스닥시장,110111-6250940,291-87-00645,"경기도 성남시 수정구 창업로40번길 30 6층 (시흥동, 판교아이티센터)",www.tiumbio.com,,의학 및 약학 연구개발업,2016-12-06,12월
티유브이노르트코리아 주식회사,TUV NORD KOREA LTD.,티유브이노르트코리아, ,김광태,기타법인,110111-2441684,214-87-04659,서울특별시 강남구 도곡로3길 20 (역삼동),www.tuvnord.or.kr,,"그 외 기타 분류 안된 전문, 과학 및 기술 서비스업",2002-02-05,12월
티유브이라인란드코리아(주),TUV Rheinland Korea Ltd,티유브이라인란드코리아, ,Juettner Frank Michael,기타법인,110111-0585369,120-81-06059,"서울특별시 영등포구 문래로28길 25 (문래동3가, 세미콜론문래) 2층, 지하2층",www.kor.tuv.com,,"그 외 기타 분류 안된 전문, 과학 및 기술 서비스업",1988-08-16,12월
티유브이슈드코리아(주),TUV SUD Korea Ltd,티유브이슈드코리아, ,서정욱,기타법인,110111-1546146,116-81-68264,"서울특별시 영등포구 국제금융로 10 (여의도동, 서울국제금융센터)  IFC 2 29층",www.tuv-sud.kr,,"기타 기술 시험, 검사 및 분석업",1998-05-14,12월
(주)티이바이오스,"TE BioS.Co.,Ltd",티이바이오스, ,정도선,기타법인,160111-0261480,314-86-06907,"충청북도 청주시 흥덕구 오송읍 오송생명1로 194-41 (연제리, 커뮤니케이션및벤처연구센터) 기업연구1과 609호",www.tebios.com,,의학 및 약학 연구개발업,2009-06-30,12월
(주)티이솔루션,"TESolution Co., Ltd",티이솔루션, ,김윤석,기타법인,131111-0056787,129-81-39561,경기도 안성시 공도읍 승진길 142 (주)티이솔루션,www.tesolution.com,,건물 및 토목 엔지니어링 서비스업,2001-01-19,12월
주식회사 티제이엠씨,TJMC,티제이엠씨, ,이채은,기타법인,134511-0583242,293-88-02461,"경기도 용인시 기흥구 흥덕2로87번길 9 (영덕동, 용인메디컬센터) 1층 109호", ,,경영 컨설팅업,2022-05-25,12월
티제이컨설팅 주식회사,"TJconsulting, Inc.",티제이컨설팅, ,이봉관,기타법인,110111-6649721,506-86-01025,서울특별시 영등포구 의사당대로 97 17층 (여의도동), ,,회사 본부 및 경영 컨설팅 서비스업,2018-03-02,12월
(주)티지바이오텍,TG BioTec,티지바이오텍, ,허태린,기타법인,110111-1912389,212-81-46248,"대구광역시 북구 경대로17길 47 B123호 (복현동, 경북대학교 테크노빌딩)", ,,의학 및 약학 연구개발업,2000-03-20,12월
주식회사 티지앰,"TGM CO.,LTD.",티지앰, ,이종범,기타법인,110111-7441407,453-81-01876,"서울특별시 성동구 상원1길 26 1108호(성수동1가, 서울숲A타워)", ,,사업 및 무형 재산권 중개업,2020-03-30,12월
(주)티지앰골프,TGMGOLF,티지앰골프, ,이종범,기타법인,110111-8484662,872-86-02746,"서울특별시 성동구 상원1길 26 (성수동1가, 서울숲A타워) 507호", ,,경영 컨설팅업,2022-11-24,12월
주식회사 티지홀딩컴퍼니,"TG Holding Co., Inc.",티지홀딩컴퍼니, ,신승학,기타법인,110111-6456671,893-87-00951,서울특별시 종로구 비봉길 12 (구기동), ,,경영 컨설팅업,2017-07-10,12월
주식회사 티카로스,TICAROS,티카로스, ,"이재원, 최경호",기타법인,110111-6768331,287-81-01100,"서울특별시 성동구 연무장길 76 (성수동2가, 성수AK밸리) 1102-1105호",www.ticaros.com/kr/index.asp,,기타 전문 서비스업,2018-06-01,12월
주식회사티케이자산,"TKFINANCING.Co.,Ltd",티케이자산, ,장효성,기타법인,110111-7901302,221-81-50843,서울특별시 강남구 논현로75길 10 (역삼동)4층, ,,경영 컨설팅업,2021-05-27,12월
주식회사 티티씨디펜스,"TTC Defence, INC.",티티씨디펜스,309900,윤성욱,기타법인,110111-6526052,589-86-00787,경기도 부천시 조마루로385번길 122삼보테크노타워 B214호,ttcdefence.com/,,"그 외 기타 전문, 과학 및 기술 서비스업",2017-09-22,12월
(주)팀케이건축사사무소,Team K architects & associates,팀케이건축사사무소, ,박선,기타법인,110111-4748658,220-88-29671,"서울특별시 강남구 언주로30길 13 2913호 (도곡동, 대림아크로빌,대림아크로텔)", ,,건축설계 및 관련 서비스업,2011-12-13,12월
(주)파괴연구소,PAGE LAB Inc.,파괴연구소, ,장자성,기타법인,110111-7152369,364-86-01417,서울특별시 강남구 영동대로85길 34 (대치동) 11층 1101호, ,,광고 대행업,2019-06-27,12월
주식회사 파낙스,"PANAX Co., Ltd.",파낙스, ,변준석,기타법인,180111-0863860,621-86-03185,부산광역시 금정구 금사로 188 (회동동), ,,경영 컨설팅업,2013-06-07,12월
(주)파라다이스에이치앤알,"PARADISE H&R CO., Ltd.",파라다이스에이치앤알, ,최종환,기타법인,110111-6114641,308-88-00542,서울특별시 중구 퇴계로 299 (쌍림동), ,,기타 전문 서비스업,2016-07-07,12월
주식회사 파라다이스이앤에이,"PARADISE E&A Co.,Ltd",파라다이스이앤에이, ,박우정,기타법인,110111-6177079,729-87-00548,서울특별시 강남구 선릉로 837 (신사동) 3층, ,,경영 컨설팅업,2016-09-19,12월
주식회사 파로스백신,Pharos Vaccine Inc.,파로스백신, ,전철민,기타법인,110111-4576009,120-87-66724,"경기도 성남시 중원구 갈마치로288번길 14 13층 1311호(상대원동, 성남SKV1tower)",pharosvaccine.com/,,의학 및 약학 연구개발업,2011-04-08,12월
주식회사 파로스생명과학,Pharos Life Science Inc.,파로스생명과학, ,정수연,기타법인,110111-2632431,107-86-25266,"경기도 성남시 중원구 둔촌대로 545 1809호(상대원동, 한라시그마밸리)", ,,경영 컨설팅업,2002-10-17,12월
주식회사 파로스아이바이오,"Pharos iBio Co., Ltd.",파로스아이바이오,388870,윤정혁,코스닥시장,131111-0444346,409-87-00402,"경기도 안양시 동안구 흥안대로427번길 38, 1408호(관양동, 성지스타위드)",www.pharosibio.com/,www.pharosibio.com,의학 및 약학 연구개발업,2016-04-19,12월
파로스젠(주),"Pharosgen Co., Ltd.",파로스젠, ,이득원,기타법인,110111-5568146,261-81-21216,"서울특별시 송파구 위례순환로 387 2관 404호(장지동, 대신위례센터)",www.pharosgen.co.kr,,"물리, 화학 및 생물학 연구개발업",2014-11-19,12월
주식회사 파마엔텍,Pharma&Tech,파마엔텍, ,"박승배, 최재진",기타법인,134511-0305761,448-81-00614,"경기도 용인시 기흥구 흥덕1로 13 에이동 1501호, 1502호, 1503호, 1504호, 1506호, 1507호, 1508호(영덕동, 흥덕IT밸리)(영덕동, 흥덕IT밸리)", ,,의학 및 약학 연구개발업,2016-11-09,12월
(주)파마코디자인,"PharmacoDesign, Inc.",파마코디자인, ,조은진,기타법인,110111-1895551,211-86-92308,대전광역시 유성구 구성동한국과학기술원 신기술창업관 4113호,www.pharamcodesign.com,,"물리, 화학 및 생물학 연구개발업",2000-03-03,12월
파머수티컬리서치어소시에이츠코리아 (유),Pharmaceutical Research Associates Korea Limited,파머수티컬리서치어소시에이츠코리아, ,크리스토퍼존그레이,기타법인,110114-0079796,120-87-38801,"서울특별시 강남구 논현로 508 (역삼동, GS강남타워) 11층", ,,"그 외 기타 분류 안된 전문, 과학 및 기술 서비스업",2009-04-07,12월
주식회사 파미노젠,Pharminogen Inc,파미노젠, ,김영훈,기타법인,134511-0292851,491-87-00357,"경기도 용인시 수지구 신수로 767 (동천동, 분당수지U-TOWER) 에이동 1212호,1213호,1214호", ,,의학 및 약학 연구개발업,2016-06-17,12월
(주)파미비트,PHARMIBIT,파미비트, ,서승원,기타법인,110111-4084200,211-88-25860,서울특별시 강남구 논현동 61-5 디엠씨씨빌딩 501호, ,,의학 및 약학 연구개발업,2009-04-23,12월
파미셀 주식회사,PHARMICELL CO.LTD,파미셀, ,정성철,기타법인,135811-0081736,124-81-96081,경기도 성남시 중원구 상대원동 513-14 시콕스타워 921호,http://pharmicell.co.kr/,,의학 및 약학 연구개발업,2002-05-03,12월
주식회사파스텔,BABYPASTEL,파스텔, ,서길호,기타법인,134511-0234093,142-81-72618,경기도 용인시 기흥구 동백죽전대로 491-13 (동백동) 파스텔빌딩,www.babypastel.com/new/,,인물사진 및 행사용 영상 촬영업,2014-05-20,12월
주식회사 파우컴퍼니,PAWCOMPANY Inc,파우컴퍼니, ,김정은,기타법인,110111-5209188,220-88-64246,"서울특별시 강남구 언주로135길 28 (논현동, 파우더룸7723)", ,,광고 대행업,2013-08-21,12월
파워시스템즈엠에프지코리아(유),Power Systems mfg. Korea Yuhan Hoesa,파워시스템즈엠에프지코리아, ,김수경,기타법인,110114-0181252,318-81-08329,"경기도 고양시 덕양구 화중로130번길 14 (화정동, 아성프라자) 301의 2호(화정동)", ,,기타 엔지니어링 서비스업,2016-05-30,12월
파이낸스그룹텐(주),Finance Group 10,파이낸스그룹텐, ,박향열,기타법인,110111-1203431,214-81-94445,서울특별시 영등포구 여의도동 증권업협회 9층, ,,경영 컨설팅업,1995-10-25,12월
파이브케이컴퍼니 주식회사,-,파이브케이컴퍼니, ,이봉관,기타법인,110111-6567931,838-88-00892,"서울특별시 영등포구 의사당대로 97 (여의도동, 교보증권빌딩)",-,,회사 본부 및 경영 컨설팅 서비스업,2017-11-14,01월
주식회사 파이즈홀딩스,"PHYS HOLDINGS CO.,LTD.",파이즈홀딩스, ,윤재현,기타법인,110111-5946673,855-81-00317,"서울특별시 성동구 동일로 123 (성수동2가, 선빌딩) 2 층,230호", ,,경영 컨설팅업,2016-01-14,12월
주식회사 파인컴퍼니,"Fine Company Co.,Ltd",파인컴퍼니, ,이재원,기타법인,110111-4711621,211-88-67652,서울특별시 강남구 논현동 어반하이브빌딩 15층, ,,그 외 기타 광고 관련 서비스업,2011-11-01,12월
(주)파인콘에셋,"Pinecone Asset Co.,Ltd.",파인콘에셋, ,김도현,기타법인,110111-3215319,214-87-69837,서울특별시 서초구 서초2동 1338-21 코리아비즈니스센터 2010호, ,,경영 컨설팅업,2005-04-25,03월
(주)파일엔지니어링,"PILE ENGINEERING CO.,LTD",파일엔지니어링, ,이문승,기타법인,110111-7057527,610-86-34830,"서울특별시 금천구 가산디지털1로 165 (가산동, 가산비지니스센터) 1401호", ,,건물 및 토목 엔지니어링 서비스업,2019-03-27,12월
파크엠 주식회사,"ParkM Co., Ltd",파크엠, ,이강명,기타법인,110111-5638973,107-88-41028,"서울특별시 강남구 언주로85길 14 (역삼동, 엠코스퀘어720) 1002호", ,,"그 외 기타 전문, 과학 및 기술 서비스업",2015-02-10,12월
주식회사 팍스유앤에이 ,PAX U&A Inc.,팍스유앤에이, ,송민아,기타법인,110111-6989549,497-81-01314,서울특별시 강남구 선릉로138길 24 비1-5층 (청담동),www.designpax.co.kr/,,시각 디자인업,2019-01-18,12월
(주)판타지오,"Fantagio Co., LTD",판타지오,187770,나병준,기타법인,110111-3969750,211-88-18471,"서울특별시 강남구  역삼로 248 역삼동, 판타지오빌딩",www.fantagio.kr,,매니저업,2008-09-16,12월
(유)판토스홀딩스,Pantos Holdings Inc.,판토스홀딩스, ,김성일,기타법인,110114-0215746,610-86-33622,"서울특별시 중구 을지로 100 비동 19층 (을지로2가, 파인애비뉴)", ,,경영 컨설팅업,2015-05-01,12월
주식회사 팜젠헬스케어,"PharmGen Healthcare, Inc.",팜젠헬스케어, ,박희덕,기타법인,110111-8089884,508-81-42672,"서울특별시 서초구 동작대로 216 5층(방배동, 팜젠사이언스빌딩)", ,,"기타 전문, 과학 및 기술 서비스업",2021-11-12,12월
(주)팜크린에너지,PalmClean Energy Inc,팜크린에너지, ,오성엽,기타법인,110111-3517046,220-87-34954,서울특별시 강남구 역삼동 637-24 명신빌딩 403, ,,경영 컨설팅업,2006-09-01,12월
팝인베스트먼트(주),"PAP Investment, Inc",팝인베스트먼트, ,황종국,기타법인,110111-3878034,215-87-13850,서울특별시 송파구 삼전동 49-14,-,,경영 컨설팅업,2008-04-14,12월
주식회사 패러다임파트너스,"paradigm partners, inc",패러다임파트너스, ,송재환,기타법인,134811-0301383,143-81-23070,"경기도 가평군 상면 수목원로386번길 75 (행현리, Overthemountain)",www.bizpool.co.kr,,경영 컨설팅업,2014-05-23,12월
주식회사 패스트레인,Fastlane Inc.,패스트레인, ,손승우,기타법인,110111-5971894,692-86-00235,"서울특별시 강남구 테헤란로 423 8층, 10층 (삼성동, 현대타워)", ,,광고 대행업,2016-04-05,12월
패스트인베스트먼트 주식회사,"Fast Investment Co.,Ltd.",패스트인베스트먼트, ,박지웅,기타법인,110111-5645192,232-86-00028,"서울특별시 강남구 테헤란로 419 15층 (삼성동, 삼성금융프라자)", ,,경영 컨설팅업,2015-02-16,12월
패스트트랙아시아(주),"FAST TRACK ASIA Co.,Ltd.",패스트트랙아시아, ,박지웅,기타법인,110111-4800268,211-88-73552,"서울특별시 강남구 테헤란로 419 15층(삼성동, 삼성금융프라자)", ,,경영 컨설팅업,2012-02-20,12월
주식회사 패키징얼라이언스그룹,"Packaging Alliance Group., Ltd",패키징얼라이언스그룹, ,윤여준,기타법인,134811-0485476,440-86-01308,경기도 화성시 팔탄면 버들로1362번길 53-43,www.pag.co.kr,,경영 컨설팅업,2019-02-01,06월
주식회사 팩스,"PAGS Co., Ltd.",팩스, ,김기덕,기타법인,110111-7083655,123-86-49289,"서울특별시 동작구 동작대로 139 3층 (사당동, 산양빌딩)",www.pags.co.kr,,의학 및 약학 연구개발업,2019-04-19,12월
주식회사 팩트코퍼레이션,Factcorporation,팩트코퍼레이션, ,최재호,기타법인,110111-6509967,250-86-00889,"서울특별시 강남구 선릉로 653 (논현동, 보성럭스타운) 3층",fact-corporation.com/,,광고 대행업,2017-09-07,12월
주식회사 팬덤파트너스,Fandom partners Inc.,팬덤파트너스, ,이영배,기타법인,151111-0068150,284-88-01094,충청북도 충주시 주덕읍 화개2길 64 (화곡리), ,,경영 컨설팅업,2018-12-17,12월
주식회사 팬스타테크솔루션,"PANSTAR TECHSOLUTION CO., Ltd.",팬스타테크솔루션, ,권재근,기타법인,180111-0607614,602-81-43686,부산광역시 중구 해관로 30 (중앙동2가), ,,기타 엔지니어링 서비스업,2007-10-04,12월
주식회사 팬제노믹스,"Pangenomics Co., Ltd",팬제노믹스, ,강창율,기타법인,110111-1946528,119-81-37611,서울특별시 관악구 봉천동 1661-4 오너벤처빌딩 305호,www.pangenomics.com,,의학 및 약학 연구개발업,2000-04-20,12월
(주)팬텀엔터테인먼트그룹,"FANTOM ENTERTAINMENT GROUP CO., LTD",팬텀엔터테인먼트그룹,025460,김옥평,기타법인,110111-0702848,220-81-16667,서울특별시 특별시 강남구 청담동 70-9 정인빌딩 ,www.fantoment.com,,매니저업,1990-06-05,12월
퍼블리시스다이알로그(주),Publicis Dialog LTD.,퍼블리시스다이알로그, ,김양훈,기타법인,110111-3554642,211-87-88932,서울특별시 강남구 논현동 231-13 팍스타워 14층, ,,광고업,2006-11-01,12월
주식회사 퍼스트바이오테라퓨틱스,1ST Biotherapeutics Inc.,퍼스트바이오테라퓨틱스, ,김재은,기타법인,110111-6073409,510-88-00408,"경기도 용인시 수지구 광교중앙로 338 씨동 406호 407호 408호 409호 803호 806호 807호 808호 809호(상현동, 광교우미뉴브)",www.1stbio.com,,의학 및 약학 연구개발업,2016-05-26,12월
(주)퍼스트에이스폴딩스,First Ace Holdlings Ltd.,퍼스트에이스폴딩스, ,유원희,기타법인,110111-3097684,215-86-62790,서울특별시 강남구 신사동 539-10 진우빌딩 7층, ,,경영 컨설팅업,2004-10-13,12월
(주)퍼스트페이지,"First page Co.,Ltd.",퍼스트페이지, ,이홍민,기타법인,110111-6999085,688-86-01439,"서울특별시 강남구 강남대로 328 (역삼동, 강남역쉐르빌) 817호", ,,경영 컨설팅업,2019-01-28,12월
주식회사 퍼시피코에너지코리아,Pacifico Energy Korea,퍼시피코에너지코리아, ,조동욱,기타법인,110111-6651023,411-86-01071,"서울특별시 중구 서소문로 116 (서소문동, 유원빌딩) 15층 1504호",www.pacificoenergy.co.kr,,경영 컨설팅업,2018-02-05,12월
(주)퍼시픽어소시에이트,"Pacific Associate Co.,Ltd",퍼시픽어소시에이트, ,양근식,기타법인,110111-0936118,733-86-03829,"서울특별시 강남구 테헤란로7길 12 5층 507호(역삼동,허바허바빌딩)", ,,경영 컨설팅업,2025-09-01,12월
퍼시픽엔지니어링(주),"PACIFIC ENGINEERING CO.,LTD.",퍼시픽엔지니어링, ,김남덕,기타법인,110111-1586548,104-81-44385,"서울특별시 중구 세종대로 64 (태평로2가, 해남빌딩)",www.sinokor-eng.com,,"그 외 기타 분류 안된 전문, 과학 및 기술 서비스업",1998-10-01,12월
(주)퍼틸레인,"Fertilerains Communications Co., LTD",퍼틸레인, ,김진,기타법인,110111-4232114,211-88-36090,서울특별시 강남구 테헤란로51길 21 (역삼동) 퍼틸레인 빌딩,www.fertilerains.com/,,광고 대행업,2009-12-02,12월
주식회사 퍼포먼스바이티비더블유에이,"Performance by TBWA Co.,",퍼포먼스바이티비더블유에이, ,김형태,기타법인,110111-6784220,504-88-00873,"서울특별시 구로구 디지털로32길 30 (구로동, 코오롱디지털타워빌란트) 1301호", ,,"광고물 문안, 도안, 설계 등 작성업",2018-07-18,12월
퍼포먼스옵틱스 유한회사,Performance Optics Korea,퍼포먼스옵틱스, ,정병헌,기타법인,160114-0013364,311-87-00221,대전광역시 서구 월평북로 85 (월평동) 학산빌딩 4층 418호,dmo.co.kr,,경영 컨설팅업,2015-10-14,03월
주식회사 퍼플렉시티,"Purple Lexy Co., Ltd",퍼플렉시티, ,김병진,기타법인,110111-9033020,379-87-03073,"서울특별시 강남구 선릉로135길 5 (논현동, 드래곤타워) 3층", ,,경영 컨설팅 및 공공 관계 서비스업,2024-08-28,12월
주식회사 펀앤펀홀딩스,Fun and Fun holdings,펀앤펀홀딩스, ,윤설아,기타법인,284411-0074531,120-88-05175,"서울특별시 강남구 테헤란로64길 13 (대치동, 선릉역풍림아이원레몬) 제10층 오1007에이호", ,,경영 컨설팅업,2013-11-11,12월
주식회사 펌프킨,"PUMPKIN CO.,ltd",펌프킨, ,"최도용, 최용하",기타법인,284511-0012886,132-81-99639,경기도 남양주시 화도읍 경춘로 1955 (창현리)주식회사 펌프킨,www.epumpkin.co.kr/,,제조업 회사 본부,2011-08-26,12월
펍스케일 회계법인,Pupscale Accounting Corporation,펍스케일회계법인, ,박현정,기타법인,240134-0033925,847-87-02989,서울특별시 성동구 무학로 8-3 2층 (도선동),www.pupscaleacc.co.kr,,공인회계사업,2023-04-03,03월
페더럴모굴아시아인베스트먼츠홀딩코리아,"Federal-Mogul Asia Investments Holding Korea, Ltd.",페더럴모굴아시아인베스트먼츠홀딩코리아, ,스테파니진오코너,기타법인,110114-0137974,264-81-24852,"서울특별시 서초구 마방로10길 5 7층 (양재동, 태석빌딩)", ,,경영 컨설팅업,2013-11-15,12월
주식회사 페리에셋,PERI ASSET,페리에셋, ,박데이비드상민,기타법인,131111-0381499,144-81-28160,"경기도 성남시 중원구 성남대로 985 401, 405, 406호 (여수동, 스카이프라자)", ,,경영 컨설팅업,2014-07-16,03월
페리지에어로스페이스 주식회사,PERIGEE AEROSPACE INC.,페리지에어로스페이스, ,신동윤,기타법인,160111-0488696,178-88-01182,"대전광역시 서구 대덕대로 398 (만년동), 4층",perigee.kr,,기타 공학 연구개발업,2018-06-29,12월
페리투스파트너스주식회사,"Peritus Partners Co., Ltd.",페리투스파트너스, ,박고경,기타법인,110111-7697539,210-88-01977,"서울특별시 강남구 언주로93길 10 (역삼동, 후너스역삼빌딩) 3층", ,,경영 컨설팅업,2020-11-26,12월
주식회사 페스카로,"FESCARO  Co., Ltd.",페스카로,0015S0,홍석민,코스닥시장,160111-0431299,738-86-00448,"경기도 수원시 영통구 광교중앙로266번길 40, 4층(하동, 에스케이법조타운) &nbsp",www.fescaro.com,,"그 외 기타 전문, 과학 및 기술 서비스업",2016-07-14,12월
주식회사 페어,Pear Inc.,페어, ,황선응,기타법인,110111-8922406,374-88-02998,서울특별시 마포구 월드컵로10길 43 1층 (서교동), ,,경영 컨설팅업,2024-04-16,12월
주식회사 페이브엔터테인먼트,Fave Entertainment,페이브엔터테인먼트, ,"Jang Danny Hyunjin, 김영석",기타법인,110111-6049674,613-86-00362,"서울특별시 강남구 영동대로96길 8 (삼성동, 석광빌딩) 2층", ,,매니저업,2016-05-02,12월
페이스북코리아 유한회사,Facebook Korea Limited,페이스북코리아, ,데미안여관야오,기타법인,110114-0094801,120-87-60695,"서울특별시 강남구 테헤란로 142 (역삼동, 캐피탈타워) 23층", ,,광고 대행업,2010-10-12,12월
(주)페이홀딩스 컴퍼니,payholdings compdany,페이홀딩스컴퍼니, ,임제민,기타법인,110111-6279982,473-81-00610,"서울특별시 송파구 석촌호수로 284 (송파동, 현대레이크빌), 302호", ,,경영 컨설팅업,2017-02-10,12월
주식회사 페타필드,"Peta Field co, Ltd",페타필드, ,이창수,기타법인,110111-8425765,798-88-02739,서울특별시 서초구 서초중앙로8길 89-2 (서초동) 69호, ,,경영 컨설팅업,2022-09-26,12월
주식회사 펜디타,Pendata,펜디타, ,한상일,기타법인,110111-3733311,220-87-52796,서울특별시 강남구 역삼동 681-51 예전빌딩 지하 1층, ,,매니저업,2007-08-08,12월
주식회사 펜타,Penta,펜타, ,박필준,기타법인,134511-0482444,786-87-01818,"경기도 용인시 수지구 동천로 17 (동천동, 신영프라자)    403호", ,,경영 컨설팅업,2020-01-30,12월
펜타앤,Pentaand,펜타앤, ,김민형,기타법인,110111-4781434,110-81-98697,"서울특별시 용산구 한강대로62다길 9 (한강로1가), 2층", ,,경영 컨설팅업,2012-01-25,12월
펠리츠파트너스,peliz partners,펠리츠파트너스, ,신현기,기타법인,110111-3814319,105-87-15828,서울특별시 마포구 대흥동 13-39, ,,경영 컨설팅업,2007-12-31,12월
(주)펨코엔지니어링건축사사무소,"PEMCO ENGINEERING CO.,LTD.",펨코엔지니어링건축사사무소, ,홍정선,기타법인,176011-0013827,513-81-11531,"서울특별시 서초구 반포대로12길 30 (서초동, 펨코사옥)",www.pemcocm.com,,건축설계 및 관련 서비스업,1997-01-30,12월
평택엔바이로 주식회사 ,Pyeongtaek Enviro,평택엔바이로, ,박정수,기타법인,110111-8906905,846-88-03134,경기도 평택시 세교산단로101번길 114-2 (세교동)  비동 301호, ,,환경 관련 엔지니어링 서비스업,2024-03-27,12월
평택이오스 주식회사,Pyeongtaek EOS,평택이오스, ,고연환,기타법인,131311-0156715,454-86-00157,경기도 평택시 고덕면 고덕로 215-64 (해창리), ,,환경 관련 엔지니어링 서비스업,2015-10-30,12월
(주)평화엔지니어링,"Pyeong hwa engineering & consulting co.,ltd",평화엔지니어링, ,박수웅,기타법인,111511-0019608,127-81-52705,경기도 안양시 동안구 관양2동 1474-21,www.pec.kr,,건물 및 토목 엔지니어링 서비스업,1995-01-27,12월
주식회사 포가스템,POCASTEM,포가스템, ,신건철,기타법인,110111-4681759,114-86-90673,"서울특별시 서초구 반포대로 222 (반포동, 가톨릭대서울성모병원,가톨릭대성의교정) 성의회관 13층", ,,의학 및 약학 연구개발업,2011-09-02,12월
주식회사 포래드컴,FORADCOM.CO.LTD,포래드컴, ,장갑자,기타법인,170111-0131582,502-81-42408,서울특별시 강남구 역삼2동 769 정빌딩 4층,www.foradcom.co.kr,,광고 대행업,1998-02-25,12월
포레스트카운티에이3개발주식회사,FOREST COUNTY A3 DEVELOPMENT CO. LTD,포레스트카운티에이3개발, ,권지훈,기타법인,120111-0743139,815-86-00027,"서울특별시 강남구 언주로 711 (논현동, 건설회관) 17층", ,,회사 본부 및 경영 컨설팅 서비스업,2015-01-16,12월
주식회사 포스에너지,"Posenergy Co., Ltd.",포스에너지, ,이재운,기타법인,206411-0006471,416-81-15444,서울특별시 강남구 대치4동 892번지(포스코센타 동관 19층), ,,기타 엔지니어링 서비스업,1996-11-01,12월
포스원회계법인,Vanguard Accounting Corporation,포스원회계법인, ,민경업,기타법인,164734-0009282,560-87-02189,"세종특별자치시 갈매로 353 5024호 (어진동, 에비뉴힐)", ,,공인회계사업,2021-04-05,12월
(주)포스코디엑스,POSCO DX COMPANY LTD.,포스코DX,022100,심민석,유가증권시장,110111-0658637,219-81-00428,경상북도 포항시 남구 호동로 68,www.poscodx.com/kor/,,기타 엔지니어링 서비스업,1989-11-18,12월
(주)포스코경영연구원,POSCO Research Institute,포스코경영연구원, ,박현성,기타법인,110111-1042350,120-81-53057,"서울특별시 강남구 테헤란로 440 (대치동, 포스코센터) 동관 6,7층",www.posri.re.kr,,경영 컨설팅업,1994-06-01,12월
포스코세이프티솔루션 주식회사,"POSCO Safety Solution Co., Ltd.",포스코세이프티솔루션, ,유인종,기타법인,131111-0077629,873-86-04000,"경기도 성남시 분당구 판교로 255 (삼평동, 판교이노밸리)", ,,경영 컨설팅업,2025-09-19,12월
(주)포스코아이에이치,POSCO IH,포스코아이에이치, ,박부현,기타법인,110111-6423894,687-87-00749,"서울특별시 강남구 테헤란로 440 포스코센터 서관 12층 (대치동, 포스코센터)",https://www.poscoih.com,,연구개발업,2017-06-16,12월
(주)포스코에이앤씨건축사사무소,"POSCO A&C CO.,LTD.",포스코에이앤씨건축사사무소, ,김동근,기타법인,174611-0003448,120-81-60368,"인천광역시 연수구 컨벤시아대로 165 (송도동, 포스코타워-송도) 24층",https://www.poscoanc.com,,건축설계 및 관련 서비스업,1979-03-21,12월
(주)포스코엔지니어링,"POSCO ENGINEERING CO., LTD",포스코엔지니어링, ,박정환,기타법인,110111-0203268,229-81-11505,인천광역시 연수구 인천타워대로 323,www.poscoengineering.com/,,건축설계 및 관련 서비스업,1976-10-04,12월
포스코지에스에코머티리얼즈 주식회사,"POSCO-GS Eco materials Co.,Ltd.",포스코지에스에코머티리얼즈, ,이재영,기타법인,110111-8515706,830-88-02810,"서울특별시 강남구 테헤란로 440 (대치동, 포스코센터)", ,,경영 컨설팅 및 공공 관계 서비스업,2022-12-29,12월
(주)포스트글로벌,"POST GLOBAL CO.,ltd.",포스트글로벌, ,백광열,기타법인,110111-3528332,214-87-96386,서울특별시 강남구 삼성1동 147-2 미켈란147 403호, ,,경영 컨설팅업,2006-09-15,12월
(주) 포애드원,Fouradone,포애드원, ,권한욱,기타법인,110111-4172443,104-86-22839,"서울특별시 중구 통일로 86 (순화동, 바비엥빌딩, 909호)", ,,광고 대행업,2009-09-08,12월
(주)포에이오컴퍼니,POAOCOMPANY,포에이오컴퍼니, ,이동규,기타법인,110111-7406451,439-81-01870,"서울특별시 송파구 송파대로 201 제에이동 지 129-1 티에스 58호(문정동, 송파테라타워2)", ,,매니저업,2020-03-03,12월
포엠이,4Me,포엠이, ,김경욱,기타법인,110111-1401803,114-81-78825,서울특별시 강남구 압구정2동 521번지,www.smtown.com,,매니저업,1997-04-12,12월
포워드쓰리디코리아(주),"FORWARD 3D KOREA Co., Ltd.",포워드쓰리디코리아, ,MICHAEL THOMAS LAW,기타법인,110111-5379949,220-88-76913,"서울특별시 강남구 테헤란로 427 (삼성동, 위워크타워) 13층 101호", ,,광고 대행업,2014-04-01,12월
주식회사 포웰홀딩스,"fowellholdings Co., Ltd.",포웰홀딩스, ,소성민,기타법인,110111-7100574,268-88-01506,"서울특별시 은평구 응암로 264 지하 1층 (응암동, 서울빌딩)", ,,상업용 사진 촬영업,2019-05-08,12월
주식회사 포유스토리,FORUSTORY,포유스토리, ,이만희,기타법인,110111-8121264,770-81-02784,서울특별시 광진구 영화사로 64 2층(중곡동),www.forustory.com,,경영 컨설팅업,2022-11-01,12월
포커스미디어코리아(주),FOCUS MEDIA KOREA LIMITED,포커스미디어코리아, ,윤제현,기타법인,110111-6435732,726-88-00639,"서울특별시 영등포구 여의대로 24 (여의도동, 전국경제인연합회회관) 45층",www.focusmediakorea.com,,광고 대행업,2017-06-23,12월
포케이컴퍼니 주식회사,-,포케이컴퍼니, ,이봉관,기타법인,110111-6568012,475-86-00926,"서울특별시 영등포구 의사당대로 97 (여의도동, 교보증권빌딩)",-,,회사 본부 및 경영 컨설팅 서비스업,2017-11-14,01월
(주)포켓돌스튜디오,pocketdol studio,포켓돌스튜디오, ,손용근,기타법인,110111-6458768,842-81-00892,"서울특별시 강남구 선릉로145길 19-1 (논현동, 새하늘빌딩) 3층", ,,매니저업,2017-07-12,12월
포트래치 주식회사,Potlatch,포트래치, ,강대열,기타법인,110111-4368935,104-86-28702,대구광역시 서구 가르뱅이로10길 31 (상리동) 포트래치(주), ,,환경 관련 엔지니어링 서비스업,2010-06-01,12월
포트리아코리아 유한회사,FORTREA KOREA LIMITED,포트리아코리아, ,아메데오조셉데리시,기타법인,110114-0052338,104-81-91613,"서울특별시 강남구 학동로 343 (논현동, ThePinnacleGangnam) 13층", ,,의학 및 약학 연구개발업,2005-01-12,12월
주식회사 포틀랜드아시아,"Portland Asia Co.,Ltd.",포틀랜드아시아, ,최현식,기타법인,110111-6203957,321-81-00677,"서울특별시 광진구 아차산로 262 비동 1905호 (자양동, 더샵스타시티)", ,,경영 컨설팅업,2016-10-17,12월
주식회사 포틴앤컴퍼니,FOURTEEN AND COMPANY,포틴앤컴퍼니, ,이승호,기타법인,110111-6410271,422-81-00873,서울특별시 서초구 반포대로 15 (서초동) 2층, ,,경영 컨설팅업,2017-05-24,12월
포항공과대학교기술지주 주식회사,"POSTECH Holdings Co., Ltd.",포항공과대학교기술지주, ,유주현,기타법인,171711-0100063,506-81-80200,"경상북도 포항시 남구 청암로 77 (지곡동, 포항공과대학교), 208호",www.postechholdings.com/,,기타 전문 서비스업,2012-06-12,12월
포항공과대학교 산학협력단,POSTECH Research & Business Development Foundation,포항공과대학교산학협력단, ,김상우,기타법인,171771-0003550,506-82-07303,"경상북도 포항시 남구 청암로 77 (지곡동, 포항공과대학교)",aif.postech.ac.kr/,,기타 전문 서비스업,2004-04-02,02월
포항산업과학연구원,RIST(Research Institute of Industrial Science &Technology),포항산업과학연구원, ,김학동,기타법인,174631-0004155,506-82-02443,"경상북도 포항시 남구 청암로 67 (효자동, 포항산업과학연구원)",www.rist.re.kr/rist/main.jsp,,자연과학 및 공학 연구개발업,1987-03-03,12월
(주)포휴먼,"FORHUMAN CO., LTD",포휴먼,049690,이용희,기타법인,110111-0626171,113-81-28754,경기도 시흥시 정왕동 1600-1 ,www.forhuman.co.kr,,회사 본부 및 경영 컨설팅 서비스업,1989-05-01,12월
주식회사 폰글로우타워,PonglowTower Inc.,폰글로우타워, ,신봉건,기타법인,284111-0266811,546-81-02478,"경기도 남양주시 순화궁로 249 2층 제에이211호 (별내동, 별내역파라곤스퀘어)", ,,경영 컨설팅업,2021-08-10,12월
주식회사 폴라버텍스,polar vertex,폴라버텍스, ,KIM YOUJEONG,기타법인,110111-7009560,603-86-01331,서울특별시 서초구 강남대로69길 8 (서초동) 10층, ,,경영 컨설팅업,2019-02-14,12월
주식회사 폴루스홀딩스,POLUS HOLDINGS Inc.,폴루스홀딩스, ,남승헌,기타법인,131111-0429869,475-86-00299,"인천광역시 연수구 송도과학로 32 (송도동, 송도테크노파크IT센터) M동 1201호",www.polusholdings.co.kr,,경영 컨설팅업,2015-11-25,12월
폴스타파트너스 주식회사,Polestar Partners Corp.,폴스타파트너스, ,홍정환,기타법인,110111-7781754,228-86-01988,"서울특별시 강남구 테헤란로 152 (역삼동, 강남파이낸스센터) 25층", ,,경영 컨설팅업,2021-02-10,12월
폴스타홀딩스 주식회사,Polestar Holdings Corp.,폴스타홀딩스, ,홍정환,기타법인,110111-7926566,379-88-02222,"서울특별시 강남구 선릉로 578 (삼성동, 태정빌딩) 738", ,,경영 컨설팅업,2021-06-17,12월
(주)폴앤브라더스,Paul&Brothers,폴앤브라더스, ,김홍철,기타법인,110111-2228975,107-81-99725,서울특별시 강남구 대치동 945-1 홍우빌딩 8층, ,,사업 및 무형 재산권 중개업,2001-05-02,03월
주식회사 폴인브레드,Fallinbread,폴인브레드, ,박준서,기타법인,134511-0277720,217-86-00280,"경기도 용인시 기흥구 서천로201번길 14 (농서동, 프리미엄원희캐슬기흥서천) 350호", ,,제조업 회사 본부,2016-01-01,12월
(주)푸드죤,"FOOD ZONE Co., Ltd.",푸드죤, ,이영존,기타법인,110111-3748724,113-86-16326,"인천광역시 남동구 앵고개로 944 3,4층",www.pizzamaru.co.kr,,경영 컨설팅업,2007-09-13,12월
주식회사 푸른솔,PRUNSOL,푸른솔, ,함태호,기타법인,134211-0145543,126-86-70632,경기도 광주시 오포읍 오포로171번길 5 (능평리), ,,전기ㆍ전자공학 연구개발업,2013-11-10,12월
주식회사푸른하늘,skyblue,푸른하늘, ,최명섭,기타법인,131411-0364291,532-87-00279,"경기도 안산시 단원구 광덕대로 154 634호(고잔동, 로데오타운)", ,,경영 컨설팅업,2016-04-06,12월
퓨리오젠 주식회사,PurioGen inc.,퓨리오젠, ,"변장웅, 신용철",기타법인,110111-7911616,109-86-56372,"전라남도 여수시 여수산단로 223 (월하동, 퓨리오젠)",www.puriogen.com,,의학 및 약학 연구개발업,2021-06-03,12월
퓨어셀에너지솔루션 주식회사,"Fuel Cell Energy Solution Co., Ltd",퓨어셀에너지솔루션, ,양진호,기타법인,176011-0158532,674-86-02410,경상북도 구미시 인동25길 15 (인의동) 202, ,,경영 컨설팅업,2022-06-22,12월
주식회사 퓨어정홀딩스컴퍼니,Purejungholdings Company,퓨어정홀딩스컴퍼니, ,공명수,기타법인,110111-6211710,366-88-00567,"서울특별시 서초구 서초중앙로 18 4층 410호(서초동, 서초쌍용플래티넘)", ,,경영 컨설팅업,2016-10-24,12월
(주)퓨얼텍케이씨,Fueltechkc,퓨얼텍케이씨, ,박정봉,기타법인,110111-3159434,107-86-59183,경기도 부천시 원미구 평천로 655 (약대동)부천테크노파크 403동 903호,www.fueltechkc.co.kr,,환경 관련 엔지니어링 서비스업,2005-01-27,12월
주식회사 퓨처테크원,"FUTURE TECH ONE Co., Ltd",퓨처테크원, ,"백운성, 장원",기타법인,110111-6677441,144-81-36980,"서울특별시 강남구 학동로 342 (논현동, 에스케이허브블루)", ,,경영 컨설팅업,2018-03-06,12월
퓨쳐메디신 주식회사,"Future Medicine  Co., Ltd.",퓨쳐메디신,341170,"정낙신, 정완석",코넥스시장,110111-5742831,153-88-00092,경기도 성남시 수정구 창업로 54 619호,www.futuremedicine.co.kr/,,의학 및 약학 연구개발업,2015-06-04,12월
주식회사 프라이머시즌3,-,프라이머시즌3, ,권도균,기타법인,110111-5598523,220-88-94134,"서울특별시 강남구 역삼로 180 (역삼동, MARU180) 제5층35", ,,연구개발업,2014-12-24,12월
프라이머시즌4 유한회사,-,프라이머시즌4, ,권도균,기타법인,110114-0167723,505-87-00184,경기도 성남시 분당구 대왕판교로 660 (삼평동) A동 3층 303호, ,,전문 서비스업,2015-09-03,12월
주식회사 프라이머시즌5,-,프라이머시즌5, ,권도균,기타법인,110111-6468155,277-87-00708,"서울특별시 서초구 서초대로 397 (서초동, 부띠크모나코) 비동 1401호", ,,전문 서비스업,2017-07-21,12월
(주)프라이머원,PRIMERONE,프라이머원, ,김길현,기타법인,110111-6322301,308-87-00623,"서울특별시 강남구 학동로 201 (논현동, 구연빌딩) 455호", ,,경영 컨설팅업,2017-02-20,12월
프라이메탈스테크놀리지스코리아 유한회사,Primetals Technologies Korea Ltd.,프라이메탈스테크놀리지스코리아, ,이석규,기타법인,110114-0150653,110-86-13811,"서울특별시 마포구 독막로 311 16층 (염리동, 재화스퀘어)", ,,기타 엔지니어링 서비스업,2014-09-01,03월
주식회사 프라이빗벤처스,"PRIBIT Ventures, Inc",프라이빗벤처스, ,김영랑,기타법인,110111-4915190,113-86-61840,"서울특별시 금천구 벚꽃로 298 1303호(가산동, 대륭포스트타워6차)",www.pribit.com,,"기타 전문, 과학 및 기술 서비스업",2012-07-13,06월
(유)프라이스워터하우스쿠퍼스컨설팅,Pricewaterhousecoopersconsulting,프라이스워터하우스쿠퍼스컨설팅, ,이기학,기타법인,110114-0069490,106-81-19640,"서울특별시 용산구 한강대로 92 (한강로2가, LS용산타워) 7층",www.pwcconsulting.co.kr,,경영 컨설팅업,1986-12-16,06월
프라임대영,PRIME DAEYOUNG ,프라임대영, ,표지우,기타법인,134511-0629062,463-81-02983,"경기도 용인시 기흥구 동백4로 53 (중동, 성산마을어울림타운하우스)", ,,경영 컨설팅업,2023-04-20,12월
프라임서키트(주),primecircuite.co.ltd,프라임서키트, ,백종안,기타법인,110111-1683659,207-81-54810,서울특별시 서초구 서초동 1338-11 대현블루타워 6층, ,,경영 컨설팅업,2007-07-05,12월
주식회사 프라임인베스트먼트,"Prime Investment Co., Ltd",프라임인베스트먼트, ,차순연,기타법인,110111-2342527,106-86-04405,서울특별시 종로구 수송동 이마빌딩 8400, ,,경영 컨설팅업,2001-10-20,12월
프라임플러스캐피탈(주),"Prime Plus Capital Co., Ltd.",프라임플러스캐피탈, ,기위호,기타법인,110111-1478745,102-81-42834,서울특별시 강남구 삼성1동 무역센타무역회관 1701-1호, ,,경영 컨설팅업,1997-10-29,12월
주식회사 프랜차이즈서비스아시아리미티드,FRANCHISE SERVICE ASIA LIMITED. co.,프랜차이즈서비스아시아리미티드, ,박현종,기타법인,110111-5151339,215-87-82342,"서울특별시 송파구 올림픽로 299 (신천동, 대한제당)", ,,경영 컨설팅업,2013-06-07,12월
주식회사 프랩스,F-LABS Inc.,프랩스, ,김항기,기타법인,110111-7003067,119-87-08516,"서울특별시 광진구 뚝섬로34길 67 (자양동, 광진트라팰리스) 에이동 1404호", ,,경영 컨설팅업,2019-01-31,12월
유한회사 프랭클린필드파트너스,Franklin Field Partners Pte. Ltd.,프랭클린필드파트너스, ,한창준,기타법인,170114-0014071,740-86-01682,대구광역시 남구 봉덕로 72 2층(봉덕동), ,,경영 컨설팅업,2020-06-02,12월
프런티어인베스트먼트(주),Frontier Investment Corp.,프런티어인베스트먼트, ,조수원,기타법인,110111-6646462,328-88-00793,"서울특별시 강남구 봉은사로 543 7층 (삼성동, 두에빌딩)", ,,경영 컨설팅업,2018-01-30,12월
(주)프레빌,neoadvisors.Inc.,프레빌, ,박훈,기타법인,110111-2416166,120-86-32023,"서울특별시 강남구 테헤란로 512 (대치동, 신안빌딩) 19층",www.shinan.co.kr,,사업 및 무형 재산권 중개업,2002-01-08,12월
프레스티지바이오파마,Prestige BioPharma Limited,프레스티지바이오파마,950210,박소연,유가증권시장, ,49190,21 BIOPOLIS ROAD #04-24 NUCLEOS SINGAPORE (138567) -,www.prestigebiopharma.com,,의학 및 약학 연구개발업,2015-07-13,06월
프레스티지바이오파마아이디씨 주식회사,"Prestige BioPharma IDC Co., Ltd",프레스티지바이오파마아이디씨, ,서석재,기타법인,180111-1358133,313-81-35665,"부산광역시 강서구 명지국제7로 44 (명지동, 퍼스트월드브라이튼)",www.prestigebio.com/,,의학 및 약학 연구개발업,2021-04-22,06월
주식회사 프레이저테라퓨틱스,Prazer Therapeutics Inc.,프레이저테라퓨틱스, ,인경수,기타법인,110111-7254925,184-88-01440,"서울특별시 동대문구 회기로 117-3 글로벌센터동 3층 306호(회기동, 서울바이오허브)",www.prazertx.com,,의학 및 약학 연구개발업,2019-10-10,12월
주식회사 프레인글로벌,PRAIN GLOBAL INC,프레인글로벌, ,"여준영, 김덕희",기타법인,110111-2029802,104-81-55432,"서울특별시 중구 칠패로 37 (봉래동1가, 에이취에스비씨빌딩) 12, 14층",www.prain.com,,공공관계 서비스업,2000-07-27,12월
주식회사 프레젼트,"Present Co., Ltd.",프레젼트, ,양성일,기타법인,110111-7637171,853-88-01833,서울특별시 강남구 도산대로49길 6-8 5층(신사동), ,,경영 컨설팅업,2020-09-25,12월
주식회사 프로그레스미디어,Progress Media,프로그레스미디어, ,구동엽,기타법인,110111-4031988,113-86-27124,"서울특별시 구로구 디지털로26길 43 (구로동, 대륭포스트타워8차) L동 1901-1905호",roas-expert.com,,"광고물 문안, 도안, 설계 등 작성업",2009-01-20,12월
주식회사 프로닉스,"Fronics. Co., Ltd.",프로닉스, ,김기수,기타법인,160111-0434590,702-86-00508,서울특별시 성동구 성수일로8길 55 B동 7층 708호(성수동2가),www.fronics.com,,전기ㆍ전자공학 연구개발업,2016-08-31,12월
(주)프로랭스,Prolangs Inc.,프로랭스, ,권태영,기타법인,110111-0855811,116-81-42925,"서울특별시 금천구 디지털로 130 (가산동, 남성프라자(에이스9차))801호",www.prolangs.co.kr,,번역 및 통역 서비스업,1992-05-27,12월
주식회사 프로메디텍,"ProMediTech.Co,Ltd",프로메디텍, ,이봉진,기타법인,110111-2113267,220-86-01121,서울특별시 관악구 신림1동 1578-51 방송정보빌딩 402호,www.promeditech.com,,의학 및 약학 연구개발업,2000-11-18,12월
주식회사 프로비아이티,PROBIT.LTD,프로비아이티, ,김학겸,기타법인,110111-6527571,183-86-00731,서울특별시 강남구 테헤란로82길 15 989호(대치동), ,,경영 컨설팅업,2017-09-25,12월
(주)프로셀테라퓨틱스,ProCell Therapeutics Inc.,프로셀테라퓨틱스, ,이병규,기타법인,200111-0219498,408-81-69726,"서울특별시 구로구 디지털로 273 1009호(구로동, 에이스트윈타워2차)",www.procellrx.co.kr,,의학 및 약학 연구개발업,2006-04-20,12월
주식회사 프로스테믹스,PROSTEMICS Co.Ltd.,프로스테믹스, ,이원종,기타법인,110111-3300152,220-87-15321,서울특별시 강남구 논현동 60-6 리더스피부과 3층,www.prostemics.co.kr,,"물리, 화학 및 생물학 연구개발업",2005-09-08,12월
프로젝트큐레이터스 주식회사,"Project Curators Co., Ltd.",프로젝트큐레이터스, ,서익현,기타법인,110111-7641461,548-88-01872,"서울특별시 용산구 서빙고로 17 (한강로3가) 센트럴파크타워 1505호, 1509호, 1510호", ,,기타 전문 서비스업,2020-10-06,12월
(주)프로젠,"ProGen, Co,, LTD.",프로젠,296160,김종균,코넥스시장,134511-0030227,135-81-28583,"서울특별시 강서구 마곡중앙로 172, 6층, 7층",progen.co.kr/,,의학 및 약학 연구개발업,1998-10-21,12월
주식회사 프로토타입홀딩스,Prototype Holdings,프로토타입홀딩스, ,이주연,기타법인,110111-8043418,147-86-02446,서울특별시 강남구 선릉로119길 24-4, ,,경영 컨설팅업,2021-10-08,12월
(주)프로티나,"PROTEINA CO.,LTD.",프로티나,468530,윤태영,코스닥시장,160111-0405070,596-88-00192,"서울특별시 구로구 디지털로33길 11 구로동, 에이스테크노타워8차 13층 1301호",/www.proteina.co.kr,https://www.proteina.co.kr/,자연과학 및 공학 연구개발업,2015-08-05,12월
주식회사 프로티움사이언스,"Protium Science Co., Ltd.",프로티움사이언스, ,안용호,기타법인,131111-0631349,842-86-02099,"경기도 성남시 분당구 대왕판교로 660 제에이동 제9층 908호(삼평동, 유스페이스1)",www.protiumscience.com,,의학 및 약학 연구개발업,2021-05-10,12월
프로페이스 사이언시스(유),"Prophase Sciences, LLC",프로페이스사이언시스, ,Chris Kim,기타법인, ,48202,"Newport Beach, CA 92660 4695 Macarthur CT#1100", ,,의학 및 약학 연구개발업,2018-04-12,12월
프론테오코리아 주식회사,"FRONTEO KOREA, Inc.",프론테오코리아, ,조용민,기타법인,110111-4740646,119-86-49602,"서울특별시 강남구 테헤란로 142 (역삼동, 아크플레이스) 11층", ,,기타 전문 서비스업,2011-12-05,03월
(주)프론트바이오,Frontbio Inc.,프론트바이오, ,이재용,기타법인,140111-0041539,221-81-35162,강원도 춘천시 소양강로 32 (후평동) 춘천바이오산업타운 301호 ~ 302호,www.frontbio.com,,의학 및 약학 연구개발업,2010-03-04,12월
(주)프론티어씨알씨,"Frontier CRC Co.,Ltd",프론티어씨알씨, ,성보경,기타법인,110111-2109828,114-86-04124,서울특별시 서초구 반포4동 57-1,www.turnarounds.co.kr,,경영 컨설팅업,2000-11-14,12월
(주)프론티어엠앤에이,"Frontier M&A Co., Ltd",프론티어엠앤에이, ,성보경,기타법인,110111-0986228,211-86-11377,서울특별시 서초구 반포4동 57-1 금복빌딩 4층,www.merger.co.kr,,경영 컨설팅업,1994-03-10,12월
(주)프룩투스,FRUCTUS CORP,프룩투스, ,성장용,기타법인,110111-6393120,681-88-00641,"경기도 성남시 분당구 판교역로192번길 22 (삼평동, 판교효성해링턴타워) 716호", ,,경영 컨설팅업,2017-05-02,12월
주식회사 프리모리스테라퓨틱스,"PRIMORIS THERAPEUTICS CO.,LTD.",프리모리스테라퓨틱스, ,나규흠,기타법인,134911-0089581,617-87-01486,"경기도 광명시 하안로 60 (소하동, 광명테크노파크)", ,,의학 및 약학 연구개발업,2019-05-17,12월
(주)프리모젠,Primogene Co.Ltd,프리모젠, ,오승관,기타법인,110111-2284521,220-86-16148,서울특별시 광진구 구의동 547-8 리젠트오피스텔 108호,www.primogene.com,,물질성분 검사 및 분석업,2001-07-11,12월
(주)프리사이트인베스트먼트,"Presight Investment Co. Ltd.,",프리사이트인베스트먼트, ,백경아,기타법인,110111-6261814,820-88-00514,서울특별시 서초구 서초대로 141-19 (방배동) 5층, ,,경영 컨설팅업,2016-12-16,12월
프리스틴 주식회사,"Pristine co.,Ltd.",프리스틴, ,김종원,기타법인,135811-0369877,511-87-01403,"경기도 수원시 권선구 산업로92번길 62 (고색동, 비앤에스(주)) 3층", ,,기타 엔지니어링 서비스업,2019-07-22,12월
주식회사 플라티노,Platino,플라티노, ,노경렬,기타법인,110111-4222884,211-88-37503,서울특별시 강남구 논현동 36-8 로얄토토빌딩 3층, ,,경영 컨설팅업,2009-11-19,12월
(주)플래티늄인베스트먼트,"Platinum Investment Co.,Ltd",플래티늄인베스트먼트, ,박형준,기타법인,110111-3493387,220-87-33014,서울특별시 강남구 역삼동 736-24 엘지에클라트11층 1107, ,,경영 컨설팅업,2006-07-14,12월
주식회사플랜비경영자문,"PlanB Consulting Co, Ltd.",플랜비경영자문, ,홍봉기,기타법인,110111-5707512,318-81-07922,"서울특별시 서초구 사임당로17길 60 1층 (서초동, 진송빌딩)", ,,경영 컨설팅업,2015-05-01,12월
(주)플랜에이건축사사무소,plan-a Company Limited,플랜에이건축사사무소, ,"심성보, 이배원",기타법인,110111-3373373,120-87-00552,"서울특별시 강남구 테헤란로 516 6층 플랜에이건축사사무소(대치동, 정헌빌딩)",http:/www.plana.co.kr,,건축설계 및 관련 서비스업,2006-01-05,12월
플랜에이치벤처스,Plan H Ventures Inc.,플랜에이치벤처스, ,"원한경, 민병규",기타법인,110111-7009578,314-86-66074,"서울특별시 서초구 양재대로2길 18 (우면동, 호반파크2관)",www.planhventures.co.kr,,경영 컨설팅업,2019-02-12,12월
(주)플랜트리파트너스,PlantreePartners inc.,플랜트리파트너스, ,강준열,기타법인,110111-5884237,791-87-00257,서울특별시 강남구 테헤란로20길 18 (역삼동) 2층, ,,경영 컨설팅 및 공공 관계 서비스업,2015-11-06,12월
플랫바이오 주식회사,PLATBIO Inc.,플랫바이오, ,KIM SUN JIN,기타법인,131111-0527150,449-87-01151,"경기도 수원시 영통구 창룡대로256번길 91 (이의동, 에이스광교타워2)", ,,의학 및 약학 연구개발업,2018-08-03,12월
주식회사 플러그박스,"PLUG BOX Co.,Ltd.",플러그박스, ,정상훈,기타법인,110111-7879799,839-81-02216,서울특별시 강남구 학동로50길 14-1 (논현동) 2층, ,,경영 컨설팅업,2021-05-18,12월
플러스에이파트너스(주),"PlusA Partners Co.,Ltd.",플러스에이파트너스, ,장웅주,기타법인,110111-2315582,220-86-18904,서울특별시 서초구 효령로34길 4 (방배동), ,,경영 컨설팅업,2001-08-27,12월
플러스에프앤씨(주),PLUS FNC,플러스에프앤씨, ,윤정치,기타법인,110111-2125387,120-86-14952,서울특별시 중구 을지로2가 199-59 4층, ,,경영 컨설팅업,2000-12-08,12월
주식회사 플러스준스튜디오,"PLUSJUN STUDIO Co., Ltd",플러스준스튜디오, ,허준성,기타법인,110111-6511102,837-87-01038,서울특별시 용산구 이태원로45길 64 (한남동), ,,기타 전문 서비스업,2017-10-01,12월
(주)플럼디자인,"PLUMDESIGN CO., LTD.",플럼디자인, ,정후표,기타법인,110111-1836448,206-81-20336,서울특별시 광진구 구의동 546-4,www.plumdesign.co.kr,,광고 대행업,1999-12-24,12월
(주)플럼라인생명과학,"Plumbline Life Sciences, Inc.",플럼라인생명과학,222670,김앤토니경태,코넥스시장,110111-5304897,264-81-27107,서울특별시 서초구 반포대로 222성의교정 성의회관 1315호,www.plsdna.com,,자연과학 및 공학 연구개발업,2014-01-02,12월
주식회사 플레디스엔터테인먼트,"Pledis Entertainment, INC",플레디스엔터테인먼트, ,김연수,기타법인,110111-4385640,211-88-46472,"서울특별시 용산구 한강대로 42 13층(한강로3가, 용산트레이드센터)",www.pledis.co.kr,,매니저업,2010-07-01,12월
(주)플레리어엔터테인먼트,"PLAYER ENTERTAINMENT CO., LTD",플레리어엔터테인먼트, ,김정수,기타법인,110111-2569931,211-87-17757,서울특별시 강남구 청담동 78-18 한영센타 4층, ,,매니저업,2002-07-18,12월
주식회사 플레이디,"PlayD Co., Ltd.",플레이디,237820,이준용,코스닥시장,131111-0251048,129-86-43885,경기도 성남시 분당구 황새울로359번길 11,www.playd.com,,광고 대행업,2010-03-12,12월
주식회사 플레이버스,"PLAYVERSE co,. Ltd",플레이버스, ,김태우,기타법인,110111-8018370,568-87-02276,"서울특별시 마포구 월드컵북로 400 (상암동, 서울경제진흥원) 2층", ,,경영 컨설팅업,2021-09-07,12월
플레이스포(주),"PLACE 4 Co.,Ltd",플레이스포, ,이지훈,기타법인,110111-5724467,848-81-00129,서울특별시 성동구 연무장7길 11 5층 (성수동2가),playcegroup.com,,경영 컨설팅업,2015-05-15,12월
주식회사 플렉스엠,FLEX M Corp,플렉스엠, ,최갑원,기타법인,110111-7306700,451-81-01846,"서울특별시 강남구 도곡로 130 지하1층(도곡동, 창우빌딩)", ,,매니저업,2019-11-27,12월
(주)플렉스톤인베스트먼트,FLEXSTONEINVESTMENT,플렉스톤인베스트먼트, ,엄수열,기타법인,110111-6019205,169-81-00332,"서울특별시 서초구 서초대로 397 (서초동, 부띠크모나코)", ,,경영 컨설팅업,2016-04-01,12월
주식회사 플루투스홀딩스,PLUTUS HOLDINGS,플루투스홀딩스, ,박성권,기타법인,110111-8316584,738-87-02574,"서울특별시 강남구 선릉로93길 54 (역삼동, 일환빌딩)", ,,경영 컨설팅업,2022-06-02,12월
피네이션 주식회사,P NATION CORPORATION,피네이션, ,KIM LIONEL SOO,기타법인,110111-6909597,379-81-01210,서울특별시 용산구 이태원로 252 2층(한남동), ,,매니저업,2018-10-29,12월
주식회사 피노바이오,"PINOTBIO, INC.",피노바이오, ,정두영,기타법인,160111-0447824,650-86-00532,"경기도 수원시 영통구 광교로 156 803호(이의동, 광교비즈니스센터)",www.pinotbio.com,,의학 및 약학 연구개발업,2017-02-07,12월
주식회사 피닉스라이징,PHOENIX RISING PTE.LTD.,피닉스라이징, ,김우성,기타법인,121111-0191254,130-86-45049,경기도 화성시 비봉면 현대기아로 839 2층(양노리), ,,경영 컨설팅업,2009-09-01,12월
(주)피데스하우징,fideshousing,피데스하우징, ,김승배,기타법인,160111-0284375,314-86-17307,"서울특별시 강남구 봉은사로 418 (삼성동, 조양빌딩)4층",ifides.co.kr,,"그 외 기타 분류 안된 전문, 과학 및 기술 서비스업",2010-08-17,12월
주식회사 피디알아이,PDR impact inc.,피디알아이, ,박성배,기타법인,110111-8015798,387-87-02304,"서울특별시 중구 동호로 272 (장충동2가, 디자인하우스) 3층", ,,경영 컨설팅업,2021-09-09,12월
(주)피디에스미디아,"PDS MEDIA, INC.",피디에스미디아, ,지덕현,기타법인,110111-1732951,120-81-91162,서울특별시 강남구 삼성동 159-1 아셈타워35층,www.pdsmedia.co.kr,,광고 대행업,1999-07-12,12월
주식회사 피션스파트너스,PceansPartners,피션스파트너스, ,조창현,기타법인,135811-0302596,436-81-00571,"부산광역시 해운대구 해운대해변로 203 (우동, 오션타워) 1314호", ,,경영 컨설팅업,2016-10-25,12월
주식회사 피씨지,"PCG Co., Ltd.",피씨지, ,민영근,기타법인,110111-2465676,107-86-14304,서울특별시 강남구 논현로76길 25 (역삼동)3층, ,,연구개발업,2002-03-08,12월
주식회사 피아이파트너스,PI Partners Inc.,피아이파트너스, ,김학완,기타법인,110111-6072831,114-87-24879,"서울특별시 강남구 논현로98길 28 (역삼동, 시티빌딩)", ,,경영 컨설팅업,2016-05-26,12월
주식회사 피아이피파트너스,PIP PARTNERS,피아이피파트너스, ,황형기,기타법인,110111-5460251,101-86-91429,"서울특별시 종로구 율곡로 84 (운니동, 가든타워)", ,,경영 컨설팅업,2014-07-08,12월
(주)피알원,"PRONE Co., Ltd",피알원, ,"조재형, 이백수",기타법인,110111-3473363,110-81-75199,"서울특별시 서대문구 충정로 70 (미근동, 웨스트게이트타워) 19층",www.prone.co.kr,,공공관계 서비스업,2006-06-12,12월
(주)피알지에스앤텍,PRG S&Tech Inc.,피알지에스앤텍, ,박범준,기타법인,180111-1118553,399-88-00742,"부산광역시 금정구 금정로 252 (구서동, 세정타워) 9층",prgst.com,,의학 및 약학 연구개발업,2017-09-29,12월
주식회사 피알티코리아,"P.R.T. Korea, Co., Ltd.",피알티코리아, ,김성호,기타법인,141211-0009641,224-81-12168,강원도 원주시 일산동 333-3 우보삼성아파트상가 B 201호,www.prtkorea.co.kr,,건물 및 토목 엔지니어링 서비스업,1997-01-23,12월
피애이코리아(주),PAE KOREA LIMITED,피애이코리아, ,정창욱,기타법인,110111-0846092,105-81-52364,"서울특별시 마포구 마포대로 38 (도화동, 일신빌딩)", ,,"그 외 기타 분류 안된 전문, 과학 및 기술 서비스업",1992-03-26,12월
피앤텔기업인수목적 주식회사,"YM Company Co, Ltd.",피앤텔기업인수목적, ,김일호,기타법인,110111-5334498,264-81-28993,"서울특별시 서초구 효령로53길 45 (서초동, 서초이오빌 201-38호)", ,,경영 컨설팅업,2014-02-10,12월
(주)피앤피리서치,"P&P Research Co., Ltd",피앤피리서치, ,이은우,기타법인,110111-1506877,116-81-67251,서울특별시 종로구 평창동 571-45,http://www.pandp.com,,시장조사 및 여론조사업,1998-01-23,12월
(주)피앰아이,"PMI CO., LTD.",피앰아이, ,"이창재, 조민희",기타법인,110111-4756049,214-88-88281,서울특별시 서초구 강남대로91길 16 서울 서초구 강남대로91길 16,pmirnc.com/,,시장조사 및 여론조사업,2011-12-22,12월
(주)피어나홀딩스코리아,Piana Holdings Korea,피어나홀딩스코리아, ,이병호,기타법인,110111-6750239,270-88-00951,"서울특별시 강남구 테헤란로64길 13 1210B(대치동, 선릉역풍림아이원레몬)", ,,경영 컨설팅업,2018-05-14,12월
피에스아이인터내셔널아시아,PSI International Asia,피에스아이인터내셔널아시아, ,서정호,기타법인,110111-5647114,354-86-00013,서울특별시 강남구 테헤란로33길 12 (역삼동)3층 302호,www.psiasia.net,,경영 컨설팅업,2015-02-24,12월
피에스피에프앤디 주식회사,PSP F&D,피에스피에프앤디, ,박상용,기타법인,110111-5158228,215-87-82890,"서울특별시 송파구 송이로 99 (가락동, PSP빌딩)",pspfnd.winko.net/,,경영 컨설팅업,2013-06-14,12월
주식회사 피에이치씨발레오,"Valeo PHC Co., LTD.",피에이치씨발레오, ,"김상태, 에릭발리베",기타법인,170111-0751512,702-86-01638,대구광역시 달서구 성서로 236 (장동), ,,경영 컨설팅업,2020-01-02,12월
피에이치아이(주),"PHI.co., ltd.",피에이치아이, ,김상태,기타법인,170111-0590655,578-81-00292,대구광역시 달성군 유가면 테크노순환로1길 56, ,,경영 컨설팅업,2016-01-01,12월
(주)피에이치와이에비뉴,PHY Avenue,피에이치와이에비뉴, ,길상필,기타법인,110111-8820973,872-87-03102,"서울특별시 서초구 서초대로 356 (서초동, 서초지웰타워) 504호", ,,경영 컨설팅업,2023-12-22,12월
주식회사 피에이치파마,"pH Pharma Co.,Ltd.",피에이치파마, ,"허호영, 김재식",기타법인,110111-5843639,234-87-00225,경기도 성남시 분당구 대왕판교로 670 (삼평동) B동 1009호,www.ph-pharma.com/,,의학 및 약학 연구개발업,2015-09-28,12월
피엔케이피부임상연구센타(주),"P&K Skin Research Center Co.,Ltd.",피엔케이피부임상연구센타,347740,"박진오, 이해광(각자대표)",코스닥시장,110111-4445725,108-81-93781,서울특별시 영등포구 국회대로62길 25 교육시설재난공제회관 4층,www.pnkskin.com,,"그 외 기타 전문, 과학 및 기술 서비스업",2010-10-07,12월
(주)피엔피코리아글로벌,PNPKOREAGLOBAL,피엔피코리아글로벌, ,이만형,기타법인,110111-2909509,214-87-46722,경기도 고양시 덕양구 화정동 968 비젼타워21 906호, ,,사업 및 무형 재산권 중개업,2004-01-01,12월
주식회사 피엠엘코프,PMLcorp,피엠엘코프, ,이종호,기타법인,134811-0621525,667-81-02038,"경기도 화성시 향남읍 행정서로 32 202호(행정리, 센타프라자)", ,,경영 컨설팅업,2021-05-26,12월
피엠지인티그레이티드 커뮤니케이션즈(주),"PMG Integrated Communications CO.,LTD.",피엠지인티그레이티드커뮤니케이션즈, ,KONG MAN HAW,기타법인,110111-3271171,214-87-75440,"서울특별시 강남구 테헤란로 132 7층(역삼동, 한독약품빌딩)", ,,광고 대행업,2005-07-15,12월
피오르드프로세싱코리아 주식회사,"Fjords Processing Korea Co.,Ltd.",피오르드프로세싱코리아, ,이린,기타법인,110111-4502210,214-88-70419,"서울특별시 서초구 방배천로2길 61 (방배동, 화산빌딩) 5층", ,,엔지니어링 서비스업,2010-12-29,12월
피이아이코리아사모엠엔에이삼호펀드,PEI Korea M&A3 Fund,피이아이코리아사모엠엔에이삼호펀드, ,서정선,기타법인,110111-2706898,107-86-31491,서울특별시 영등포구 여의도동 유화증권빌딩 23-7,www.abrain.co.kr,,경영 컨설팅업,2003-01-29,01월
피츠버그인베스트먼트(주),Pittsburgh Investment Co.,피츠버그인베스트먼트, ,박기태,기타법인,110111-2277592,211-86-78529,서울특별시 강남구 논현동 105-7 두산빌딩 3층 일부, ,,경영 컨설팅업,2001-07-03,12월
주식회사 피케이앤컴퍼니,PKn COMPANY,피케이앤컴퍼니, ,김한준,기타법인,110111-8171780,538-81-02633,"서울특별시 강남구 학동로 175 (논현동, 미디어센타)6층", ,,경영 컨설팅업,2022-01-18,12월
피케이투 주식회사,"PK2 Co., Ltd.",피케이투, ,"스티븐에스최, 최영익",기타법인,110111-3470450,220-87-31092,서울특별시 서초구 양재1동67-8, ,,경영 컨설팅업,2006-06-05,05월
주식회사 피코엔텍,PICO ENTECH CO LTD,피코엔텍, ,권흥택,기타법인,110111-5335579,215-87-89063,"경기도 성남시 중원구 갈마치로288번길 14 (상대원동, 성남SKV1tower) 613 ,614호",www.picoentech.com,,의학 및 약학 연구개발업,2014-02-11,12월
주식회사 피키캐스트,Pikicast Inc.,피키캐스트, ,장윤석,기타법인,110111-5192060,211-88-98285,"서울특별시 강남구 도산대로 139 (신사동, 제이타워) 2층",https://www.pikicast.com/,,광고 대행업,2013-07-25,12월
주식회사 피투피시스템즈,"P2P Systems Co., Ltd.",피투피시스템즈, ,김윤환,기타법인,110111-2304171,110-81-53273,"서울특별시 서대문구 연세로 10-1 (창천동, 즐거운빌딩9층)",www.tozgroup.co.kr,,경영 컨설팅업,2001-08-08,12월
주식회사 피팟,peapod inc.,피팟, ,김봉소,기타법인,110111-8873831,651-81-03202,"서울특별시 강남구 삼성로 629 (삼성동, 삼성동센트럴아이파크) 303-402", ,,경영 컨설팅업,2024-02-21,12월
피프티씨에프오(주),"Fifty CFO Co.,Ltd",피프티씨에프오, ,이석호,기타법인,110111-2292699,120-86-24426,"서울특별시 강남구 테헤란로10길 6 3층(역삼동, 녹명빌딩)", ,,경영 컨설팅 및 공공 관계 서비스업,2001-07-27,12월
주식회사 피플웍스커뮤니케이션,peopleworks communicating,피플웍스커뮤니케이션, ,김영율,기타법인,110111-1751604,106-81-81197,서울특별시 용산구 서빙고동 181-1,www.pwad.co.kr,,광고 대행업,1999-08-12,12월
피피에이에이치주식회사,"PPAH Co., Ltd",피피에이에이치, ,김경회,기타법인,110111-7106910,103-88-01247,"서울특별시 구로구 디지털로27길 24 5층 504호(구로동, 벽산디지털밸리1차)", ,,경영 컨설팅업,2019-05-14,12월
주식회사 핀테라퓨틱스,Pin Therapeutics,핀테라퓨틱스, ,조현선,기타법인,110111-6662046,392-87-00875,강원특별자치도 춘천시 충혼길52번길 10 (온의동) 드림타워 3층 302호-2,www.pintherapeutics.com/,,의학 및 약학 연구개발업,2018-02-23,12월
(주)필라웨어,"Feelaware Co., Ltd.",필라웨어, ,김윤철,기타법인,110111-4260339,120-87-49462,"서울특별시 성동구 성수이로7길 27 (성수동2가, 서울숲코오롱디지탈타워) 603-605호",www.feelaware.com,,기타 엔지니어링 서비스업,2010-01-14,12월
(주)필로스홀딩스,Philos Holdings Inc.,필로스홀딩스, ,허선녕,기타법인,110111-5577527,114-87-22677,"서울특별시 강남구 테헤란로 101 (역삼동, 이즈타워) 15층", ,,공공관계 서비스업,2014-12-01,12월
주식회사 필인베스트랜드,pylinbestland,필인베스트랜드, ,양현승,기타법인,110111-7119004,301-87-01349,"경기도 용인시 기흥구 구갈로72번길 14-1 (구갈동, 서안빌딩)", ,,경영 컨설팅업,2019-06-01,12월
필즈엔지니어링(주),"PIELDS engineering Co.,Ltd.",필즈엔지니어링, ,나장훈,기타법인,110111-3480392,220-87-31976,"서울특별시 금천구 가산디지털1로 186 (가산동, 제이플라츠) 904,905호",www.pields.com,,기타 엔지니어링 서비스업,2006-06-26,12월
필트리움 주식회사,"Cntus-Sungjin Co.,Ltd.",필트리움, ,하춘욱,기타법인,110111-6594306,283-87-00931,"서울특별시 서초구 동작대로 114 (방배동, (재)원불교유문빌딩) 8층", ,,엔지니어링 서비스업,2017-12-01,12월
주식회사 필홀딩스,Phil Holdings Corp.,필홀딩스, ,윤제필,기타법인,160111-0561301,719-88-01697,대전광역시 서구 청사서로 16 2층 201호(월평동), ,,경영 컨설팅업,2020-07-15,12월
주식회사 핏콜라보,FITCOLLABO,핏콜라보, ,이동복,기타법인,131111-0199991,129-86-16210,서울특별시 서초구 남부순환로 2457 (서초동) 601호,www.fitcollabo.co.kr,,기타 공학 연구개발업,2007-12-07,12월
주식회사 하나애드아이엠씨,Hanaad IMC Corporation,하나애드아이엠씨, ,김진백,기타법인,110111-2894792,117-81-48164,"서울특별시 영등포구 의사당대로 8 2층(여의도동, 삼환까뮤빌딩)", ,,광고 대행업,2003-11-12,12월
하나원자력기술주식회사,"HANA NUCLEAR POWER ENGINEERING CO., LTD",하나원자력기술, ,"전준, 이미숙",기타법인,135711-0102584,233-81-05069,"경기도 하남시 하남대로 804 2층 하나원자력기술(주) (신장동, 심산빌딩)", ,,기타 엔지니어링 서비스업,2014-09-17,12월
(주)하나이엔씨종합건축사사무소,"HANA E&C Co.,Ltd",하나이엔씨종합건축사사무소, ,백창원,기타법인,234111-0098983,808-87-01175,"경상남도 김해시 활천로15번길 22 (부원동, 화산빌딩) 3층",hana-enc.co.kr/,,건물 및 토목 엔지니어링 서비스업,2018-03-23,12월
하나코비 주식회사,HANA COBI,하나코비, ,김준일,기타법인,110111-3749780,214-88-15454,"서울특별시 서초구 양재천로 131 2층(양재동, 진영산업(주)양재동사옥)", ,,"기타 전문, 과학 및 기술 서비스업",2007-09-06,12월
하나회계법인,Deloitte & Touche LLC.,하나회계법인, ,이재술,기타법인,111471-0010404,105-86-31307,"서울특별시 종로구 공평동 제일은행본점건물 21,22층",www.deloittekorea.co.kr,,공인회계사업,2001-10-12,03월
하나회계법인,HANA Accounting Corporation ,하나회계법인, ,유종목,기타법인,110134-0088696,335-81-00701,"서울특별시 강남구 강남대로78길 12 8층 (역삼동, 예미프레스티지)",www.hana-acc.com,,공인회계사업,2017-04-04,03월
(주)하남에프앤비,Hanamfnb,하남에프앤비, ,장보환,기타법인,135711-0089302,126-86-52672,경기도 하남시 덕풍로 61 (덕풍동), ,,경영 컨설팅업,2012-06-05,12월
(주)하늘마음바이오,"HAMABIO.,LTD",하늘마음바이오, ,박성배,기타법인,121111-0122473,130-86-07536,서울특별시 강남구 논현로30길 6 (도곡동),www.hamabio.com,,경영 컨설팅업,2004-07-15,12월
하늘 회계법인,Hanl accounting corp,하늘회계법인, ,남영우,기타법인,110134-0088547,897-88-00775,서울특별시 강남구 선릉로 801 (신사동) 배강빌딩 6층,www.skycpa.co.kr,,공인회계사업,2017-04-04,03월
주식회사 하드리엘,"HADRIEL CO., LTD.",하드리엘, ,이정혁,기타법인,110111-8140058,646-88-02291,"서울특별시 강남구 테헤란로20길 18 201(역삼동, 부봉빌)", ,,경영 컨설팅업,2021-12-23,12월
(주)하림애니멀클리닉,HARIM ANIMAL CLINIC LTD,하림애니멀클리닉, ,권정택,기타법인,214911-0033177,403-81-59505,전라북도 익산시 중앙로 121 (마동), ,,수의업,2010-07-30,12월
주식회사 하바스코리아,"Havas Korea Co.,Ltd",하바스코리아, ,곽지영,기타법인,110111-1051111,211-86-03445,"서울특별시 강남구 봉은사로86길 6 (삼성동, 빌딩레베쌍트)",www.havasworldwide.com,,광고 대행업,1994-07-07,12월
주식회사 하베스트로즈,harvest rose,하베스트로즈, ,KIM YOUJEONG,기타법인,131111-0624550,822-86-02057,경기도 성남시 분당구 성남대로331번길 9-14 (정자동) 2층, ,,경영 컨설팅업,2021-03-17,12월
하비포스트원 주식회사,"HAVIPOSTONE CO.,LTD",하비포스트원, ,김미선,기타법인,110111-4164846,211-88-31625,서울특별시 강남구 신사동 563-19 더블유빌딩 101, ,,경영 컨설팅업,2009-08-24,12월
하사미 주식회사,"Hasami co., Ltd.",하사미, ,최재서,기타법인,110111-5976547,842-86-00280,"경기도 하남시 미사강변한강로 60 (선동, 미사강변2차푸르지오) 102동 2104호", ,,엔지니어링 서비스업,2016-02-18,12월
하슬라파트너스 주식회사,HASLA Parners,하슬라파트너스, ,배성훈,기타법인,141111-0065752,644-88-01826,"강원도 강릉시 옥천로 48 2층 202-2호(옥천동, 동부시장)", ,,경영 컨설팅업,2020-05-15,12월
하온회계법인,Haon Accounting Corporation,하온회계법인, ,김철홍,기타법인,110134-0105268,166-81-02229,"서울특별시 강남구 언주로 311 (역삼동, 로즈1타워) 6층", ,,공인회계사업,2022-01-11,12월
(주)하우드엔지니어링,HAUD ENG,하우드엔지니어링, ,"문홍길, 채희, 이재규, 김성우",기타법인,110111-1360174,220-81-41550,서울특별시 강동구 성내동 320-17, ,,건축설계 및 관련 서비스업,1997-01-03,12월
(주)하우엔지니어링건축사사무소,"HOW ENGINEERING CONSULTANT CO.,LTD",하우엔지니어링건축사사무소, ,손병찬,기타법인,180111-0147602,621-81-11768,경상남도 양산시 남부동 472-10번지, ,,"건축기술, 엔지니어링 및 관련 기술 서비스업",1993-11-01,12월
하운드 주식회사,Hound Co. Ltd.,하운드, ,이준상,기타법인,110111-8779344,403-81-85755,"서울특별시 강남구 테헤란로83길 33 (삼성동), 4층", ,,경영 컨설팅업,2023-10-31,12월
하이드렉스 주식회사,"HYDREX CO., LTD.",하이드렉스, ,김현미,기타법인,110111-3850644,211-88-10047,서울특별시 동작구 남부순환로 2049 (사당동) 네오티스빌딩 6층, ,,경영 컨설팅업,2008-03-03,12월
주식회사 하이라인엔터테인먼트,House of music Corporation,하이라인엔터테인먼트, ,심세란,기타법인,110111-6545739,290-87-00851,"서울특별시 강남구 봉은사로 151 (논현동, 스타힐빌딩) 3층", ,,매니저업,2017-11-13,12월
주식회사 하이멕,HANIL MECH.ELEC.CONSULTANTS,하이멕, ,"이수연, 정차수",기타법인,110111-0764393,106-81-27344,"서울특별시 영등포구 양산로 53 8층 (양평동3가, 월드메르디앙비즈센터)",www.himec.co.kr,,기타 엔지니어링 서비스업,1991-03-28,12월
주식회사 하이센스바이오,"HysensBio Co., Ltd.",하이센스바이오, ,박주철,기타법인,110111-6131348,296-88-00384,경기도 과천시 뒷골로 10 (과천동)2층 만산빌딩,www.hysensbio.com,,의학 및 약학 연구개발업,2016-07-25,12월
주식회사 하이애드원,"HIADONE Co.,Ltd",하이애드원, ,조성진,기타법인,110111-3240415,101-86-15488,"서울특별시 금천구 가산디지털1로 128 1206호~1208호 (가산동, 에스티엑스브이타워)",www.hiadone.com/,,광고 대행업,2005-06-02,12월
하이얼코리아알앤디주식회사,"HAIER KOREA R&D CO.,LTD",하이얼코리아알앤디, ,신동수,기타법인,110111-6021383,657-88-00366,"경기도 성남시 분당구 대왕판교로644번길 49 (삼평동, DTC타워) 4층",www.geappliances.com,,전기ㆍ전자공학 연구개발업,2016-04-04,12월
주식회사 하이웰,hiwell,하이웰, ,김용두,기타법인,120111-0443002,121-81-87133,"인천광역시 서구 원적로7번길 21 (가좌동, (주)하이웰)", ,,제조업 회사 본부,2007-08-31,12월
하이지음스튜디오 주식회사,HI-STORY D&C Inc.,하이지음스튜디오, ,이재원,기타법인,110111-7306172,143-88-01487,서울특별시 용산구 장문로 54 (동빙고동) 3층,www.hi-story.co.kr/,,매니저업,2019-11-27,12월
(주)하이콘엔지니어링,Highcon Engineering Consultants,하이콘엔지니어링, ,박권제,기타법인,110111-1293648,229-81-08878,전라남도 화순군 화순읍 만연로 66-3 (만연리),www.highcon.co.kr,,건물 및 토목 엔지니어링 서비스업,1996-07-04,12월
하이태양광발전 주식회사,"HI Photovoltaic Power Generation Co.,Ltd.",하이태양광발전, ,정은정,기타법인,110111-5612985,264-81-48247,"서울특별시 서초구 강남대로41길 15-19 6층(서초동, 정진빌딩)", ,,경영 컨설팅업,2015-01-12,12월
(주)하이테크엔지니어링,"HI-TECH ENGINEERING CO., LTD",하이테크엔지니어링, ,장영,기타법인,206211-0005427,417-81-11835,전라남도 여수시 화치동 국민임대단지 011-06-0004 구역,hi-techeng.co.kr,,엔지니어링 서비스업,1996-01-10,12월
(주)하이텍환경,hytech environment,하이텍환경, ,구경보,기타법인,135511-0163291,140-81-10692,경기도 안산시 단원구 엠티브이10로10번길 5 (성곡동),www.hyenv.co.kr/,,물질성분 검사 및 분석업,2001-11-30,12월
하이트러스트제일차 주식회사,"Hi-Trust 1st Co.,Ltd.",하이트러스트제일차, ,최성문,기타법인,110111-6489763,530-81-00816,서울특별시 영등포구 여의나루로 61 (여의도동), ,,회사 본부 및 경영 컨설팅 서비스업,2017-08-17,01월
(주)하이홈코리아,HIHOMEKOREA,하이홈코리아, ,정재근,기타법인,131111-0600427,854-86-01827,충청북도 음성군 삼성면 대성로547번길 94 (용성리) 다동 2층, ,,경영 컨설팅업,2020-07-24,12월
(주)하일랜드에쿼티파트너스,Highland Equity Partners,하일랜드에쿼티파트너스, ,"신동철, 최협규",기타법인,110111-6005064,205-87-00436,"서울특별시 영등포구 국제금융로8길 25 (여의도동, 주택건설회관빌딩)",www.highlandep.co.kr,,경영 컨설팅업,2016-03-18,12월
주식회사 하쿠호도제일,Hakuhodo Cheil Inc.,하쿠호도제일, ,이승훈,기타법인,110111-0661771,102-81-36327,"서울특별시 마포구 마포대로 20 (마포동, 다보빌딩) 8층",www.hakuhodocheil.co.kr,,광고 대행업,1989-12-04,12월
(주)한가람,HANGARAM,한가람, ,"박동렬, 이상진",기타법인,180111-0339431,605-81-40617,"부산광역시 부산진구 신천대로220번길 65 (부암동, 부산서면동문굿모닝힐)",www.hangaram.com/,,건물 및 토목 엔지니어링 서비스업,2000-10-19,12월
한강파크빌딩 주식회사,-,한강파크빌딩, ,송재현,기타법인,110111-3669904,206-86-15686,서울특별시 광진구 능동로 7 7층(자양동), ,,경영 컨설팅업,2012-05-29,12월
주식회사 한강홀딩스,Hangang Holdings,한강홀딩스, ,정종채,기타법인,110111-5995414,658-87-00270,"서울특별시 강남구 논현로 528 (역삼동, 온누리빌딩)", ,,시장조사 및 여론조사업,2016-03-09,12월
(주)한결멘토,hangyulmentor,한결멘토, ,김도현,기타법인,110111-2258021,220-86-15436,"서울특별시 강남구 삼성로96길 6 (삼성동, LG트윈텔1) 1205호", ,,경영 컨설팅업,2006-06-01,12월
(주)한결인베스트,"Han Kyul Co.,Ltd.",한결인베스트, ,최은진,기타법인,110111-5464823,264-81-38356,"서울특별시 강남구 논현로28길 30 (도곡동, 대원빌딩) 3층", ,,경영 컨설팅업,2014-07-14,12월
주식회사 한경핫벤처,Hankyung Hotventure,한경핫벤처, ,정인철,기타법인,110111-1983968,105-86-12576,서울특별시 마포구 도화동 544,www.hotventure.co.kr,,경영 컨설팅업,2000-05-30,12월
한경회계법인,Han Kyung Accounting Corporation,한경회계법인, ,홍재선,기타법인,114634-0032516,120-86-75129,서울특별시 강남구 영동대로86길 21 태화빌딩, ,,공인회계사업,2004-11-29,03월
(주)한국가스기술공사,KOREA GAS TECHNOLOGY CORPORATION,한국가스기술공사, ,이석순,기타법인,110111-0945612,138-81-08704,대전광역시 유성구 대덕대로 1227 (봉산동 839),www.kogas-tech.co.kr,,건물 및 토목 엔지니어링 서비스업,1993-05-27,12월
(주)한국감염관리본부,Korea Infection Control Headquarters Inc.,한국감염관리본부, ,김윤일 전성희,기타법인,110111-3089665,109-81-93988,경기도 성남시 중원구 사기막골로 99 (상대원동) 성남센트럴비즈타워2차 A동 1303호,13201,,"물리, 화학 및 생물학 연구개발업",2004-09-20,12월
(주)한국건설관리공사,KOREA CONSTRUCTION MANAGEMENT CORPORATION,한국건설관리공사, ,이명훈,기타법인,110111-0991219,215-81-37132,"경상북도 김천시 혁신2로 40 (율곡동, 경북김천혁신도시산학연유치지원센터)",www.korcm.co.kr/,,건물 및 토목 엔지니어링 서비스업,1993-12-06,12월
(주)한국건설안전공사,Korea Construction Safety Corp.,한국건설안전공사, ,지성갑,기타법인,160111-0065395,314-81-20317,"대전광역시 유성구 북유성대로 219 (지족동, 인앤인주상복합) 201,202호",www.k-cosco.com/,,건물 및 토목 엔지니어링 서비스업,1997-11-12,12월
한국검정주식회사,TUV NORD INCOK,한국검정, ,김광태,기타법인,110111-0017437,220-81-22306,서울특별시 강남구 도곡로3길 20 (역삼동),www.tuv-nord.com/ic,,기타 엔지니어링 서비스업,1964-01-24,12월
(주)한국경영인증원,Korea Management Registrar Inc.,한국경영인증원, ,황은주,기타법인,110111-2382333,105-86-32572,"서울특별시 영등포구 경인로 775 (문래동3가, 에이스하이테크시티)1-1204", ,,"그 외 기타 전문, 과학 및 기술 서비스업",2001-11-23,12월
(주)한국공업엔지니어링,"HANKUK INDUSTRIAL ENGINEERING CO., LTD.",한국공업엔지니어링, ,백재규,기타법인,110111-0097364,108-81-35632,"서울특별시 송파구 오금로 471 (거여동, 풍산빌딩) 5층",www.hiendt.co.kr,,"기타 기술 시험, 검사 및 분석업",1968-12-23,12월
한국공장지붕태양광지주 주식회사,"Korea Factory Rooftop Solar Holdings, Inc.",한국공장지붕태양광지주, ,이영호,기타법인,214611-0010486,727-81-02043,전라북도 고창군 무장면 옥산리 1242-2, ,,경영 컨설팅업,2020-02-27,12월
한국과학기술연구원,Korea Institute of Science and Technology,한국과학기술연구원, ,이병권,기타법인,114422-0000174,209-82-03522,서울특별시 성북구 화랑로14길 5 (하월곡동),www.kist.re.kr,,자연과학 및 공학 융합 연구개발업,1966-02-10,12월
한국관광개발사업단 주식회사,KOREA TOURISM DEVELOPMENT PROJECT GROUP,한국관광개발사업단, ,오윤근,기타법인,110111-7264734,899-87-01720,"경기도 과천시 과천대로7길 65 (갈현동, 과천상상자이타워) B동 1513호", ,,경영 컨설팅업,2019-11-05,12월
주식회사 한국구조물안전연구원,korea infrastructure safety institute,한국구조물안전연구원, ,김대호,기타법인,205211-0015964,408-81-46795,"서울특별시 송파구 송이로 147 (가락동, 정이품빌딩) 3,4,5,6층", ,,건물 및 토목 엔지니어링 서비스업,2001-06-01,12월
 주식회사 한국국제회의통번역센터,Korea Communication Bridge Center Inc.,한국국제회의통번역센터, ,전제형,기타법인,134511-0430047,339-86-01857,경기도 용인시 기흥구 기흥단지로24번길 9 401호, ,,번역 및 통역 서비스업,2020-01-15,12월
한국기가포톤 주식회사,GIGAPHOTON KOREA INC.,한국기가포톤, ,박호근,기타법인,134511-0175833,142-81-39341,경기도 화성시 동탄대로21길 24 (영천동), ,,"그 외 기타 분류 안된 전문, 과학 및 기술 서비스업",2011-08-16,03월
한국기계검사소이엔씨(주),"KOREA MACHINERY INSPECTION E&C CO.,LTD.",한국기계검사소이엔씨, ,윤무웅,기타법인,110111-1613622,120-81-84905,경기도 성남시 분당구 쇳골북로32번길 29 101호(금곡동),www.kmienc.co.kr,,"기타 기술 시험, 검사 및 분석업",1998-12-15,12월
한국기계연구원 부설 재료연구소,KIMS,한국기계연구원부설재료연구소, ,김해두,기타법인,194222-0000031,609-82-01836,"경상남도 창원시 성산구 창원대로 797 (상남동, 한국기계연구원부설재료연구소)", ,,기타 공학 연구개발업,1981-01-01,12월
한국기업투자주식회사,Korea Investment Corporation,한국기업투자, ,권재륜,기타법인,110111-1132680,214-81-97442,"서울특별시 서초구 서초대로74길 23 (서초동, 서초타운트라팰리스) 7층 704호", ,,사업 및 무형 재산권 중개업,1995-03-13,12월
주식회사 한국나이스기술단,HANKOOK NICE Company lntroduction,한국나이스기술단, ,송해남,기타법인,180111-0262955,607-81-42095,"부산광역시 동래구 온천천로337번길 25 3층(수안동, 해성퓨리스빌딩)",www.hankooknice.com,,기타 엔지니어링 서비스업,1998-07-29,12월
주식회사 한국능률협회컨설팅,KMA Consultants Inc.,한국능률협회컨설팅, ,한수희,기타법인,110111-0665377,116-81-29581,"서울특별시 영등포구 여의공원로 101 (여의도동, C.C.M.M빌딩)",www.kmac.co.kr,,경영 컨설팅업,1989-12-21,12월
한국도로공사서비스 주식회사 ,Korea Expressway Corporation Service,한국도로공사서비스, ,노항래,기타법인,131111-0554591,734-88-01357,경기도 성남시 수정구 창업로57번길 11 (시흥동) EX 스마트센터 2층, ,,기타 전문 서비스업,2019-05-15,12월
주식회사 한국디지틀애드컴,Korea Digital Adcom,한국디지틀애드컴, ,황병용,기타법인,110111-2957805,106-86-26414,서울특별시 영등포구 여의도동 진미파라곤 1204, ,,광고 대행업,2004-02-15,12월
(주)한국리서치,HANKOOK RESEARCH,한국리서치, ,노익상,기타법인,110111-0522949,220-81-13224,"서울특별시 강남구 봉은사로 179 (논현동, H타워)",WWW.HANKOOKRESEARCH.CO.KR,,시장조사 및 여론조사업,1987-03-11,03월
한국바이오플랜트 주식회사,"HANGOOK BIO PLANT, INC",한국바이오플랜트, ,김학전,기타법인,134111-0365763,123-86-39419,경기도 안산시 상록구 한양대학로 30 (사동) 3층 302호,www.thenergy.co.kr,,기타 엔지니어링 서비스업,2013-07-26,12월
한국발전기술주식회사,"Korea  Engineering & Power Services Co., Ltd.",한국발전기술, ,박경석,기타법인,110111-4532291,120-87-64366,"서울특별시 영등포구 여의대로 24 34층 (여의도동, 전경련회관)",www.keps.kr/,,기타 엔지니어링 서비스업,2011-02-10,12월
한국벤처IR센터,korea venture ir center,한국벤처IR센터, ,이청종,기타법인,110111-2005927,120-86-07301,서울특별시 강남구 삼성동 143-39 신일빌딩 1층,www.ir.tv,,경영 컨설팅업,2000-06-23,01월
한국벤처파트너스 주식회사,korea venture partners inc.,한국벤처파트너스, ,김승찬,기타법인,110111-6722973,708-88-00965,"서울특별시 강남구 영동대로 407 (대치동, 코니빌딩) 7층", ,,경영 컨설팅업,2018-04-26,12월
(주)한국분석기술연구원,KATRI,한국분석기술연구원, ,이태훈,기타법인,180111-0450245,605-81-60613,부산광역시 동구 대영로 267 (초량동) 해광빌딩,www.katri.co.kr,,물질성분 검사 및 분석업,2003-05-22,12월
한국뷰로베리타스 주식회사,"Bureau Veritas Korea Co., Ltd.",한국뷰로베리타스, ,양조셉,기타법인,110111-1589138,220-81-54910,"서울특별시 강남구 테헤란로 223 (역삼동, 큰길타워빌딩) 1102호 603호",www.bureauveritas.co.kr/,,"기타 기술 시험, 검사 및 분석업",1998-10-13,12월
한국블럭체인연구개발협회 주식회사,KBR&D,한국블럭체인연구개발협회, ,김승관,기타법인,110111-6313441,731-87-00667,"서울특별시 서초구 강남대로93길 32 (잠원동, 한골빌딩) 2층 105호",kbrnd.net/,,경영 컨설팅업,2017-03-03,12월
(주)한국비티티,BTT KOREA,한국비티티, ,안희석,기타법인,110111-1814098,214-86-42485,서울특별시 서초구 서초동 1338-4 한교빌딩 1층,http://www.btt.co.kr,,경영 컨설팅업,1999-11-23,12월
한국산업기술진흥협회,KOITA,한국산업기술진흥협회, ,강신호,기타법인,111221-0000157,220-82-00051,서울특별시 강남구 역삼동 635-4 한국과학기술회관 신관 10층,http://www.koita.or.kr,,공공관계 서비스업,1979-02-01,12월
(주)한국산업안전,"Korea Industry Safety Co,.Ltd",한국산업안전, ,"박영수, 이병희",기타법인,174611-0015972,506-81-14243,경상북도 포항시 북구 두호로 56 4층 (두호동),www.kisco.or.kr/,,"기타 기술 시험, 검사 및 분석업",1993-08-19,12월
한국삼미 주식회사,"KOREA MITSUMI Co., Ltd",한국삼미, ,오구라 마사키,기타법인,194111-0001076,609-81-07551,"경기도 성남시 분당구 황새울로258번길 29 (수내동, 티맥스수내타워), 12층", ,,사업 및 무형 재산권 중개업,1987-09-10,03월
한국생산성본부인증원(주),Korea Productivity Center Quality Assurance,한국생산성본부인증원, ,강장진,기타법인,110111-1002536,102-81-33505,"서울특별시 중구 세종대로 39 (남대문로4가, 대한서울상공회의소) 12층",www.kpcqa.or.kr,,"그 외 기타 분류 안된 전문, 과학 및 기술 서비스업",1994-01-20,12월
한국선박금융(주),KOREA MARINE FINANCE CORPORATION,한국선박금융, ,이종익,기타법인,110111-2711376,101-81-91439,서울특별시 서대문구 신촌역로 30 (신촌동) 3층,www.komarf.com,,경영 컨설팅업,2003-02-07,12월
(주)한국스탠다드차타드펀드서비스,Standard Chartered Fund Services Korea Limited. ,한국스탠다드차타드펀드서비스, ,송성규,기타법인,110111-1801590,107-81-72482,"서울특별시 영등포구 의사당대로 82 (여의도동, 하나대투증권 18층)",www.scfs.co.kr,,경영 컨설팅업,1999-11-03,12월
(주)한국시설안전연구원,Korea Infrastructure Safety Research Institute,한국시설안전연구원, ,엄경득,기타법인,110111-3166744,220-87-04241,"서울특별시 성동구 왕십리로 58 (성수동1가, FORHU) 6층 (성수동1가, 서울숲포휴)", ,,건물 및 토목 엔지니어링 서비스업,2005-02-05,12월
한국식품연구원,Korea Food Research Institute,한국식품연구원, ,박용곤,기타법인,130122-0001269,129-82-02585,전라북도 완주군 이서면 농생명로 245, ,,연구개발업,2007-08-16,12월
한국신용평가주식회사,"Korea Investors Service, Inc.",한국신용평가, ,이재홍,기타법인,110111-1576458,116-81-69360,"서울특별시 영등포구 63로 50 (여의도동, 63한화생명빌딩) 55층",www.kisrating.com,,"그 외 기타 분류 안된 전문, 과학 및 기술 서비스업",1998-08-20,12월
한국아이비엠테크니컬솔루션(유),IBMKOREA TECHNICAL SOLUTIONS,한국아이비엠테크니컬솔루션, ,김대석,기타법인,131114-0002437,116-81-34105,"경기도 성남시 중원구 양현로405번길 12 (여수동, 티엘아이사옥)5층",www.ibm-korea-ts.co.kr,,"건축기술, 엔지니어링 및 관련 기술 서비스업",1994-04-01,12월
한국아이큐비아 주식회사,IQVIA Korea Co. Ltd.,한국아이큐비아, ,바바니시바링검,기타법인,110111-2032029,120-86-09347,"서울특별시 송파구 송파대로 558 (신천동, 월드타워빌딩) 13층", ,,의학 및 약학 연구개발업,2000-07-21,12월
한국아이큐비아솔루션스 주식회사,IQVIA Solutions Korea Ltd.,한국아이큐비아솔루션스, ,정수용,기타법인,110111-1369118,116-81-63139,"서울특별시 중구 퇴계로 173 23층 (충무로3가, 남산스퀘어)",https://www.iqvia.com/ko-kr/locations/korea,,시장조사 및 여론조사업,1997-02-01,12월
주식회사 한국아이티컨설팅,"KOREA IT CONSULTING CO., LTD.",한국아이티컨설팅, ,최지윤,기타법인,110111-1738834,203-81-64688,"서울특별시 서초구 서초중앙로 63 (서초동, 리더스빌딩)",www.itall.net,,"그 외 기타 분류 안된 전문, 과학 및 기술 서비스업",1999-07-12,12월
(주)한국아이티평가원,Korea Security Evaluation Laboratory,한국아이티평가원, ,윤여웅,기타법인,110111-3951856,215-87-17439,"서울특별시 송파구 송파대로 167 (문정동, 문정역테라타워) 에이동 513호, 513-1호, 513-2호",www.ksel.co.kr,,"기타 기술 시험, 검사 및 분석업",2008-08-04,12월
주식회사 한국안전원,korea instltute of security,한국안전원, ,오현학,기타법인,200111-0166532,409-81-72224,광주광역시 광산구 손재로 368-61 (오선동), ,,"건축기술, 엔지니어링 및 기타 과학기술 서비스업",2002-11-22,12월
한국앤컴퍼니벤처스 주식회사,"Hankook & Company Ventures Co., Ltd.",한국앤컴퍼니벤처스, ,권혁,기타법인,110111-0925878,357-87-03243,"서울특별시 강남구 테헤란로 133 (역삼동, 한국타이어빌딩)", ,,경영 컨설팅업,2025-05-09,12월
주식회사 한국에스알, SR Korea Company,한국에스알, ,권세라 외 1명,기타법인,110111-6039592,517-81-00322,"서울특별시 송파구 올림픽로 96 (잠실동, 동신빌딩)501-1", ,,경영 컨설팅업,2016-06-01,12월
한국에스지에스(주),"SGS Korea Co., Ltd.",한국에스지에스, ,피터 포세미어스,기타법인,110111-0245757,106-81-59002,서울특별시 용산구 갈월동 청룡빌딩 12층,www.sgs.com,,물질성분 검사 및 분석업,1979-02-02,12월
한국에어가스퍼실리티 유한회사,Korea Airgas Facility Limited Company,한국에어가스퍼실리티, ,안동준,기타법인,134414-0002305,293-87-02106,경기도 이천시 마장면 중부고속도로 82 (목리) 3층, ,,경영 컨설팅업,2021-03-23,12월
한국엠앤에이거래소,Korea M&A Exchange,한국엠앤에이거래소, ,이창헌,기타법인,110111-3701772,107-86-92479,"서울특별시 영등포구 여의대로 66 (여의도동, 하이투자증권) 16층 한국M&A거래소",www.kmx.kr,,사업 및 무형 재산권 중개업,2007-06-20,12월
한국엠엔에이(주),Korea M&A Corporation,한국엠엔에이, ,권재륜,기타법인,110111-1116402,214-81-99533,서울특별시 강남구 역삼동 826-14 KTB네트워크빌딩 8층,www.koreamna.com,,경영 컨설팅업,1995-01-07,12월
한국오길비앤매더주식회사,Ogilvy & Mather Korea Ltd.,한국오길비앤매더, ,백제열,기타법인,110111-1537848,120-81-80684,서울특별시 강남구 삼성동 157-27(경암빌딩 14층),brands.co.kr,,광고 대행업,1998-04-22,12월
한국원자력연구원,Korea  Atomic  Energy  Research  Institute,한국원자력연구원, ,김종경,기타법인,160122-0000307,314-82-00813,대전광역시 유성구 대덕대로989번길 111,www.kaeri.re.kr,,"물리, 화학 및 생물학 연구개발업",1959-02-03,12월
(주)한국유로핀즈 분석서비스,Eurofins Analytic Services,한국유로핀즈분석서비스, ,정명호,기타법인,110111-2078346,211-86-66794,경기도 군포시 산본로101번길 13 (당정동),www.eurofins.com,,물질성분 검사 및 분석업,2000-09-28,12월
한국유지관리(주),"KOREA MAINTENANCE CO., LTD",한국유지관리, ,최준성,기타법인,110111-2696833,113-81-81967,"서울특별시 구로구 가마산로 263 (구로동, 뉴월드빌딩 10층)",www.kmbest.co.kr,,건물 및 토목 엔지니어링 서비스업,2013-01-16,12월
주식회사 한국의약연구소,Korea Medicine Research Institute,한국의약연구소, ,김호현,기타법인,131111-0256618,129-86-46903,"경기도 성남시 중원구 갈마치로 302 (상대원동) 우림라이온스밸리5차 B동 804호, 809~814호",www.kmri.co.kr,,의학 및 약학 연구개발업,2010-06-07,12월
(주)한국이알이시,KOREA EREC,한국이알이시, ,이성욱,기타법인,110111-1806003,119-81-33726,"세종특별자치시 한누리대로 193 제1동 403호 (나성동, 참미르빌딩)", ,,엔지니어링 서비스업,1999-11-13,12월
한국이에스아이(주),HANKOOK ESI,한국이에스아이, ,장봉식,기타법인,110111-1188807,116-81-52724,"서울특별시 강서구 양천로 357 (가양동, 려산빌딩)",www.esi.co.kr/,,기타 엔지니어링 서비스업,1995-09-01,01월
(주)한국이에스지연구소,Korea ESG Research,한국이에스지연구소, ,백재욱,기타법인,110111-7977486,866-88-02352,"서울특별시 중구 삼일대로 343 (저동1가, 대신파이낸스센터(DaishinFinanceCenter)) 15층",www.kesgresearch.com/,,경영 컨설팅업,2021-08-02,12월
한국인터텍테스팅서비스(주),Intertek Testing Services Korea Ltd.,한국인터텍테스팅서비스, ,"김주용, 김용혁",기타법인,110111-1010406,104-81-28783,서울특별시 성동구 아차산로5길 7 아주디지털타워 1층 (성수동2가),www.intertek.co.kr,,"기술 시험, 검사 및 분석업",1994-05-01,12월
주식회사 한국임팩카본,Korea Impact Carbon Corporation.,한국임팩카본, ,하상선,기타법인,110111-7053434,136-87-01575,서울특별시 금천구 두산로 70 (독산동) 비동 704호, ,,사업 및 무형 재산권 중개업,2019-03-22,12월
(주)한국자산연구원,"Korea Asset Research Institute co.,ltd.",한국자산연구원, ,김연욱,기타법인,134511-0418340,171-86-01722,"경기도 화성시 동탄기흥로 590 (영천동, 동탄센트럴에이스타워) 비동 12층 1214호", ,,경영 컨설팅업,2019-11-08,12월
주식회사 한국전기공사협회 안전기술원,Korea Institute of Electrical Safety Technology,한국전기공사협회안전기술원, ,"김동국, 전연수",기타법인,110111-7223524,185-88-01405,"충청북도 청주시 흥덕구 오송읍 오송생명8로 9 (정중리), 교육동 4층",www.kiest.co.kr/,,"그 외 기타 분류 안된 전문, 과학 및 기술 서비스업",2019-09-04,12월
한국전기안전써비스(주),"Korea Electrical Safety Service Co., LTD",한국전기안전써비스, ,"고준영, 심유수",기타법인,110111-1248809,215-81-52619,"서울특별시 송파구 오금로36길 60 (가락동, KESS빌딩)",www.kess.kr,,"기타 기술 시험, 검사 및 분석업",1996-04-01,12월
한국전자통신연구원,Electronics and Telecommunications Research Institute,한국전자통신연구원, ,김명준,기타법인,160171-0002177,314-82-04099,"대전광역시 유성구 가정로 218 (가정동, 한국전자통신연구원)",www.etri.re.kr,,전기ㆍ전자공학 연구개발업,1995-04-06,12월
한국전통디자인 주식회사,K-Design Communication,한국전통디자인, ,임종성,기타법인,120111-0795924,708-86-00321,"인천광역시 서구 북항로 28-54 (원창동, 한국전통디자인주식회사)", ,,제품 디자인업,2016-01-01,12월
한국전파진흥원,KORPA,한국전파진흥원, ,최수만,기타법인,244271-0005235,105-82-09132,"서울특별시 송파구 중대로 135 (가락동, 아이티벤처타워) 서관 18층",http://www.kora.or.kr,,"그 외 기타 분류 안된 전문, 과학 및 기술 서비스업",1990-08-01,12월
한국정밀기공업(주),"HAN KOOK CHONG MIL KI IND. CO., LTD.",한국정밀기공업, ,장병희,기타법인,110111-0063144,116-81-15506,서울특별시 영등포구 여의도동 36-2 맨하탄빌딩 1110호, ,,공공관계 서비스업,1977-01-20,12월
주식회사 한국제대혈,"KOREA CORDBLOOD CO.,LTD.",한국제대혈, ,이승한,기타법인,110111-2805137,120-86-53936,서울특별시 강남구 삼성동 157-3 LG트윈텔 2차 1804호, ,,의학 및 약학 연구개발업,2003-06-21,12월
(주)한국종합건축사사무소,Han-kuk Architects & Engineers,한국종합건축사사무소, ,전상백 윤재일,기타법인,110111-0430796,114-81-19428,"서울특별시 강남구 논현로87길 15-8 (역삼동, 종합빌딩)",han-kuk.co.kr,,건축설계 및 관련 서비스업,1986-06-27,12월
(주)한국종합기술,Korea Engineering Consultants Corp.,한국종합기술,023350,김한영,유가증권시장,110111-0038326,129-81-20591,경기도 하남시 덕풍동로 111-21 (덕풍동),www.kecc.co.kr,,건물 및 토목 엔지니어링 서비스업,1963-03-09,12월
주식회사 한국종합기술홀딩스,KECC Holdings INC,한국종합기술홀딩스, ,김영수,기타법인,110111-6579142,747-81-01029,서울특별시 강동구 상일로6길 21 (상일동), ,,경영 컨설팅업,2017-11-24,12월
(주)한국종합엔지니어링,Hankuk Engineering Consultants,한국종합엔지니어링, ,한명웅,기타법인,134111-0034392,138-81-04732,"경상남도 창원시 성산구 완암로 50 ,넥스동 8층 811호(성산동, SK테크노파크)",hankukeng.com,,건물 및 토목 엔지니어링 서비스업,1991-08-13,12월
(주)한국줄기세포뱅크,"KSCB Co., LTD",한국줄기세포뱅크, ,김택근,기타법인,110111-3363233,120-86-90310,"경기도 성남시 분당구 운중로 146 (운중동, 젬백스타워) 5층",www.kscb.co.kr,,자연과학 연구개발업,2005-12-21,12월
한국중입자암치료센터(주),"korea particle therapy cancer center co., ltd",한국중입자암치료센터, ,조규면,기타법인,110111-6588523,892-87-00865,"서울특별시 종로구 종로 51 18층(종로2가, 종로타워)",www.kptcc.co.kr,,경영 컨설팅업,2017-12-06,12월
한국지멘스일렉트로닉디자인오토메이션 유한회사,Siemens Electronic Design Automation (Korea) LLC,한국지멘스일렉트로닉디자인오토메이션, ,김준환,기타법인,110114-0141181,120-81-31844,"경기도 성남시 분당구 판교역로192번길 12 (삼평동, 판교미래에셋센터), 7층", ,,기타 전문 서비스업,1993-09-17,09월
한국지역난방기술(주),"Korea District Heating Engineering Co.,LTD.",한국지역난방기술, ,탁현수,기타법인,110111-0813942,129-81-11485,"경기도 성남시 분당구 분당로 55 (서현동,퍼스트타워빌딩 6층)",www.kdhec.com,,엔지니어링 서비스업,1991-11-01,12월
(주)한국지오컨설턴트,"Korean Geo-Consultants Co.,Ltd",한국지오컨설턴트, ,김옥선,기타법인,110111-1197238,211-86-10738,"서울특별시 서초구 강남대로12길 23-13 (양재동, 엄지빌딩)",www.koreangeo.co.kr,,건물 및 토목 엔지니어링 서비스업,1995-10-02,12월
재단법인 한국청정수소진흥연구원,Korea Promotion and Research Institute of Clean Hydrogen ,한국청정수소진흥연구원, ,황용우,기타법인,134122-0010357,325-82-00701,"경기도 과천시 과천대로7나길 48 (갈현동, KOTITIAuroraSquare) 비즈동 2층 1호",www.kprich.or.kr/html/,,"기타 전문, 과학 및 기술 서비스업",2025-01-10,12월
(주)한국체육시설운영,"KOREA ATHLETICS SERVICE CO., LTD. ",한국체육시설운영, ,박전형,기타법인,110111-0569777,214-81-36450,경기도 성남시 분당구 서현동 90번지,www.kas1988.com,,경영 컨설팅업,1988-04-07,12월
한국축산데이터 주식회사 농업회사법인,"Animal Industry Data Korea Co., Ltd",한국축산데이터농업회사법인, ,경노겸,기타법인,164711-0072344,872-88-00873,"대전광역시 유성구 가정로 218 (가정동, 한국전자통신연구원)", ,,"그 외 기타 분류 안된 전문, 과학 및 기술 서비스업",2017-11-20,12월
(주)한국췌도이식연구소,Korea Islet Transplantation Institute(Inc.),한국췌도이식연구소, ,윤태욱,기타법인,134311-0003210,132-81-27339,서울특별시 성북구 안암동5가고려대학교 생명과학대학,http://www.kiti98.com,,의학 및 약학 연구개발업,1998-01-30,12월
한국캘랩(주),HANKOOK CLA-LAB,한국캘랩, ,오인환,기타법인,110111-3562744,119-81-93777,"서울특별시 금천구 서부샛길 606 (가산동,대성디-폴리스지식산업센터비동8층1~11호, 비동9층 904,905호)",bestcal.co.kr/,,제조업 회사 본부,2006-11-16,12월
한국코넥스파트너스 주식회사,"KONEX Partners Korea Co., Ltd",한국코넥스파트너스, ,김승찬,기타법인,110111-8635877,716-86-03315,"서울특별시 강남구 영동대로 407 7층 (대치동, 코니빌딩)", ,,경영 컨설팅업,2023-05-12,12월
(주)한국코아엔지니어링,hankook ,한국코아엔지니어링, ,유충희,기타법인,180111-0210459,604-81-32166,"부산광역시 동구 자성로141번길 11 (범일동, 삼환오피스텔) 5층501호", ,,건축설계 및 관련 서비스업,1996-07-15,12월
한국코플랜드(주),Emerson Electric Korea Ltd.,한국코플랜드, ,산딥산카란쿠티나이어,기타법인,110111-1005126,211-86-01199,"서울특별시 중구 청계천로 14 (무교동, 한국정보화진흥원) 5층", ,,기타 엔지니어링 서비스업,1994-03-03,09월
한국탄소중립투자 주식회사,"CarbonLess energy Investment Korea Co.,Ltd.",한국탄소중립투자, ,김병준,기타법인,110111-8874582,195-87-03193,"서울특별시 강남구 영동대로 602 6층 디80(삼성동, 삼성동미켈란107)", ,,기타 전문 서비스업,2024-02-22,12월
(주)한국태양광발전기술평가원,"Kernel Energy co., Ltd.",한국태양광발전기술평가원, ,김경수,기타법인,110111-4212364,114-86-76860,서울특별시 성북구 선잠로2길 20-9 (성북동), ,,제조업 회사 본부,2009-11-04,12월
한국 파렉셀 주식회사,Parexel Korea Co. Ltd,한국파렉셀, ,마이클프란시스크라울리3세,기타법인,110111-2090035,220-81-98922,"서울특별시 강남구 테헤란로 534 (대치동, 글라스타워빌딩) 9츧",home.epsp.pxl.int/pages/home.aspx,,"물리, 화학 및 생물학 연구개발업",2000-10-13,06월
재단법인 한국파스퇴르연구소,Institut Pasteur Korea,한국파스퇴르연구소, ,류왕식,기타법인,114422-0006023,209-82-08323,경기도 성남시 분당구 대왕판교로712번길 16 (삼평동),www.ip-korea.org,,의학 및 약학 연구개발업,2004-03-02,12월
한국피부과학연구원 주식회사,Korea Institute of Dermatological Sciences,한국피부과학연구원, ,안인숙,기타법인,150111-0207022,426-88-00229,"서울특별시 송파구 법원로11길 25 에이동 6층 (문정동, 에이치비지니스파크)",www.skinresearch.or.kr,,자연과학 및 공학 연구개발업,2015-07-27,12월
한국항공대학교 산학협력단,KOREA AEROSPACE UNIVERSITY UNIVERSITY-INDUSTRY COOPERATION FOUND,한국항공대학교산학협력단, ,곽재수,기타법인,284871-0002174,128-82-08698,"경기도 고양시 덕양구 항공대학로 76 (화전동, 한국항공대학교) 산학협력단",research.kau.ac.kr,,기타 전문 서비스업,2004-08-09,05월
주식회사 한국해사기술,"Korea Maritime Consultants Co., LTD",한국해사기술, ,신동식,기타법인,110111-0100373,211-86-06947,"서울특별시 강남구 학동로 175 (논현동, 3rd빌딩) 5층",www.komac1.com,,기타 엔지니어링 서비스업,1969-03-04,12월
(주)한국해외기술공사,KOREA CONSULTANTS INTERNATIONAL,한국해외기술공사, ,이길용,기타법인,110111-0340127,211-81-57140,충청남도 천안시 신부동 466-3,WWW.KCIENG.COM,,건물 및 토목 엔지니어링 서비스업,1982-12-21,12월
한국홀딩스(주),"HANKOOK HOLDINGS CO., LTD.",한국홀딩스, ,하성식,기타법인,194311-0002137,608-81-11921,경상남도 함안군 군북면 장백로 394, ,,경영 컨설팅업,1990-09-17,12월
(주)한국홀딩스,HANKOOK HOLDINGS Inc.,한국홀딩스, ,김용석,기타법인,110111-2827777,114-86-29654,"서울특별시 중구 소월로2길 30 (남대문로5가, 남산트라팰리스)", ,,경영 컨설팅업,2003-07-24,12월
한국환경에너지 주식회사,"Korea Environmental Energy Co., Ltd.  ",한국환경에너지, ,변용관,기타법인,131411-0163924,134-86-20491,경기도 시흥시 정왕동 2170-1 시화공단 2바 101, ,,"그 외 기타 분류 안된 전문, 과학 및 기술 서비스업",2005-01-18,12월
(주)한국환경종합건축사사무소,Environmental Professionals Group.Korea,한국환경종합건축사사무소, ,"김무영, 양성현",기타법인,110111-1015076,220-81-11342,서울특별시 강남구 봉은사로30길 74 (역삼동)2층,www.hanepg.com,,건물 및 토목 엔지니어링 서비스업,1994-03-03,12월
주식회사 한길이앤씨,HANKIL E&C,한길이앤씨, ,김진우,기타법인,110111-2116451,104-81-58439,서울특별시 중구 남대문로5가 대우센터빌딩 541번지 ,www.hankilarch.com,,기타 엔지니어링 서비스업,2001-01-01,12월
(주)한길종합건축사사무소엔지니어링,hankil architects & engineers,한길종합건축사사무소엔지니어링, ,김흥수,기타법인,110111-0816194,104-81-21359,서울특별시 중구 남대문로5가 대우센터빌딩1015호,www.hankilarch.com,,건축설계 및 관련 서비스업,1991-11-14,12월
한길회계법인,HangilAccounting Corporation,한길회계법인, ,최지광,기타법인,111134-0005312,207-81-49092,"서울특별시 강남구 선릉로 514 13층 (삼성동, 성원빌딩)", ,www.hangilac.co.kr,공인회계사업,1997-04-28,03월
한남테크노(주),"HANNAM TECHNO CO.,LTD.",한남테크노, ,"박상돈, 이창옥",기타법인,110111-0678007,220-81-18608,"서울특별시 강남구 강남대로 310 (역삼동, 유니온센터오피스텔)1001호",www.inspect.co.kr,,"기타 기술 시험, 검사 및 분석업",1990-03-21,12월
(주)한도엔지니어링,Han Do Enjineering Co.Ltd,한도엔지니어링, ,강태중,기타법인,174811-0005797,515-81-08385,경상북도 경산시 중방동 829-1, ,,건물 및 토목 엔지니어링 서비스업,1991-08-21,12월
주식회사 한들종합건축사사무소,HANDEUL Architects & Planners,한들종합건축사사무소, ,김영근,기타법인,110111-7443859,762-81-01708,"서울특별시 송파구 법원로11길 7 620호 (문정동, 문정현대지식산업센터1-2)", ,,건축설계 및 관련 서비스업,2020-04-01,12월
한라아이앤씨(주),Halla Investment & Consulting Company,한라아이앤씨, ,홍석화,기타법인,110111-3245621,215-86-72060,서울특별시 송파구 올림픽로 289 12층 한라아이앤씨,www.hallainc.co.kr,,경영 컨설팅업,2005-06-10,12월
(주)한림건축씨엠종합건축사사무소,"Hanlim Architecture Group Co., Ltd.",한림건축씨엠종합건축사사무소, ,박진순,기타법인,110111-2617053,120-86-42875,"서울특별시 중구 서소문로 120 704호(서소문동, ENACenter)",https://www.hanlimgroup.com/,,제도업,2002-09-26,12월
(주)한림이앤씨건축사사무소,HANLIM E&c Architect Co.. Ltd.,한림이앤씨건축사사무소, ,윤찬중,기타법인,181211-0027886,610-81-19493,"울산광역시 남구 북부순환도로 17 1605(무거동, 남운프라자)", ,,전문 서비스업,1994-08-01,12월
한림회계법인,Han Lim Accounting Corporation,한림회계법인, ,유호성,기타법인,110134-0028329,104-81-66661,서울특별시 강서구 공항대로 103 (마곡동) 엠밸리9단지 업무시설동 9층 904호, ,,공인회계사업,2001-11-08,03월
주식회사 한마루,-,한마루, ,이여송,기타법인,131111-0073666,129-81-49638,광주광역시 동구 금남로2가 20.2,-,,공인회계사업,2002-03-19,12월
주식회사 한마루씨앤디,"Hanmaru C&D Co,. Ltd.",한마루씨앤디, ,임석빈,기타법인,131111-0113925,129-81-71426,경기도 성남시 분당구 정자동 159-5, ,,전기ㆍ전자공학 연구개발업,2004-03-30,12월
주식회사 한맥기술,"hanmaeck techno co.,ltd",한맥기술, ,이경훈,기타법인,110111-1267875,220-81-29615,"충청남도 당진시 고대면 성산로 464 (성산리, 장헌산업)",-,,건물 및 토목 엔지니어링 서비스업,1996-05-03,03월
한맥파트너스 주식회사,"Hanmaek Partners co.,ltd",한맥파트너스, ,김유찬,기타법인,285011-0375027,250-88-00879,"서울특별시 구로구 디지털로 306 (구로동, 대륭포스트타워2차) 810호",없음,,경영 컨설팅업,2018-02-01,12월
(주)한미글로벌건축사사무소,"HanmiGlobal Co., Ltd.",한미글로벌,053690,"윤요현, 박서영",유가증권시장,110111-1283657,220-81-33593,서울특별시 강남구 테헤란로87길 36 도심공항타워 층,www.hanmiparsons.com,,건축설계 및 관련 서비스업,1996-06-18,12월
주식회사 한미이앤씨기술사사무소,Hanmi E&C Inc,한미이앤씨기술사사무소, ,정수영 외 1,기타법인,110111-8009428,757-88-02039,"서울특별시 서초구 사평대로 140 417호(반포동, 코웰빌딩)", ,,기타 엔지니어링 서비스업,2021-08-31,06월
한미회계법인,Hanmi Accounting Corporation,한미회계법인, ,김성규,기타법인,114634-0030586,220-86-66522,서울특별시 강남구 테헤란로77길 13 6층(삼성동 창조비딩),www.hanmia.com,,공인회계사업,2003-07-01,03월
한바이오 주식회사,"HANBIO Co.,Ltd.",한바이오, ,강다윗,기타법인,110111-7000948,718-86-01254,"서울특별시 강남구 테헤란로4길 40 (역삼동, 신소애빌딩) 11층",www.h-bio.co.kr,,기타 자연과학 연구개발업,2019-01-29,12월
주식회사 한방,"HanBang Co.,Ltd.",한방, ,김진구,기타법인,110111-4639550,220-88-20802,서울특별시 강남구 논현로30길 47,hanbang1947.co.kr,,"건축기술, 엔지니어링 및 기타 과학기술 서비스업",2011-07-01,12월
한방유비스 주식회사,"korea Fire Protection UBIS Co.,Ltd.",한방유비스, ,"황현수, 최두찬",기타법인,110111-0878532,220-81-15635,"서울특별시 성동구 성수일로 77 (성수동1가, 서울숲IT밸리) 9층",www.kfubis.co.kr,,기타 엔지니어링 서비스업,1992-07-09,12월
(주)한백에프앤씨,HANBEAK F&C,한백에프앤씨, ,박종아,기타법인,110111-4356344,215-87-41360,서울특별시 송파구 동남로20길 32 (가락동) 한백빌딩,www.hbfnc.com,,건축설계 및 관련 서비스업,2010-05-24,12월
(주) 한백종합기술공사,Han Baek. ltd,한백종합기술공사, ,이준희,기타법인,170111-0001066,502-81-26859,대구광역시 동구 신천동 339-4,없음.,,건물 및 토목 엔지니어링 서비스업,1970-03-20,02월
(주)한빛안전기술단,"Hanbit Safety Engineering Co., Ltd.",한빛안전기술단, ,조용선,기타법인,110111-5382421,113-86-83320,"서울특별시 금천구 가산디지털2로 70 1003호(가산동, 대륭테크노타운19차)",www.한빛안전기술단.한국,,기타 엔지니어링 서비스업,2014-04-03,12월
(주)한빛엔지니어링건축사사무소,HANBIT ARCHITECTS & ENGINEERS CO.KR,한빛엔지니어링건축사사무소, ,황광범,기타법인,110111-5949560,379-81-00263,"서울특별시 송파구 법원로 127 808호(문정동, 문정대명벨리온)",www.hanbit-eng.co.kr,,건축설계 및 관련 서비스업,2016-01-18,12월
(주)한빛파워,"HANVIT Power,INC.",한빛파워, ,김수동,기타법인,110111-1717044,212-81-42956,"서울특별시 성동구 성수이로7길 27 (성수동2가, 서울숲코오롱디지탈타워) 2차 601호", ,,기타 엔지니어링 서비스업,1999-06-18,12월
한빛회계법인,Hanvit Accounting Corporation,한빛회계법인, ,윤한술,기타법인,114634-0035065,220-87-46367,서울특별시 서초구 남부순환로 2634-27 성원빌딩3층, ,,공인회계사업,2007-04-11,12월
한샘글로벌 주식회사,"Hansem Co.,Ltd",한샘글로벌, ,김양숙,기타법인,194211-0068678,609-81-64474,경기도 수원시 팔달구 권광로142번길 24 (인계동),hansem.com,,"그 외 기타 분류 안된 전문, 과학 및 기술 서비스업",2004-07-26,12월
(주)한샘서비스,HANSSEM SERVICEONE.CO.LTD,한샘서비스, ,이승호,기타법인,110111-0964399,114-81-54463,"서울특별시 서초구 방배로 285 (방배동, 한샘빌딩) 6층", ,,건축설계 및 관련 서비스업,2002-12-01,12월
한서회계법인,Han Seo Accounting Corporation,한서회계법인, ,김영린,기타법인,110134-0077178,120-88-11075,"서울특별시 강남구 강남대로 334 (역삼동, SM타워) 10층-1001",www.hanseo.co.kr,,공인회계사업,2014-04-03,03월
(주)한섬커뮤니케이션,HANDSOME COMMUNICATIONS CORPORATION,한섬커뮤니케이션, ,정재봉,기타법인,110111-0966501,120-81-31320,"서울특별시 강남구 압구정로 459 (청담동, 진빌딩)", ,,전문 서비스업,1993-08-24,06월
주식회사 한성개발공사,Hansung Development Corporation,한성개발공사, ,이재식,기타법인,184611-0018544,622-81-14531,경상남도 김해시 부원동 67-4, ,,건물 및 토목 엔지니어링 서비스업,1999-04-27,12월
한성크린텍(주),"HANSUNG CLEANTECH CO., LTD.",한성크린텍,066980,"오태석, 정진학(각자 대표이사)",코스닥시장,131311-0026091,125-81-26555,서울특별시 강남구 강남대로 556 이투데이빌딩 6층,www.hscleantech.com,,"건축기술, 엔지니어링 및 관련 기술 서비스업",1998-09-24,12월
한성회계법인,Han Sung Accounting Corporation,한성회계법인, ,서개석,기타법인,254134-0017197,107-87-46934,서울특별시 서초구 동광로 6 한덕빌딩 3층, ,,공인회계사업,2011-01-20,03월
한솔기업자문(주),hansol business consulting,한솔기업자문, ,김영철,기타법인,110111-2198516,220-86-08556,서울특별시 강남구 역삼동 707-1두꺼비빌딩1105호, ,,경영 컨설팅업,2001-03-22,12월
한솔라이팅투자(주),Hansol Lighting Investment Inc.,한솔라이팅투자, ,이상용,기타법인,110111-5798545,338-88-00067,"서울특별시 중구 을지로 100 (을지로2가, 파인애비뉴)",www.hansollighting.com,,경영 컨설팅업,2015-08-03,12월
(주)한솔바이오텍,HANSOLBIOTEC,한솔바이오텍, ,이영종,기타법인,110111-6073029,749-88-00398,"서울특별시 영등포구 국제금융로8길 27-8 (여의도동, 엔에이치농협캐피탈빌딩)", ,,경영 컨설팅업,2016-05-26,12월
한솔이엠이주식회사,"Hansol EME Co., Ltd.",한솔이엠이, ,조신환,기타법인,160111-0123185,314-81-44231,경기도 성남시 분당구 판교로255번길 68 (삼평동) 3층,www.hansoleme.com,,환경 관련 엔지니어링 서비스업,2001-08-27,12월
한솔헬스케어 주식회사,Hansol Healthcare,한솔헬스케어, ,유화석,기타법인,110111-3858078,220-87-63274,"서울특별시 강남구 봉은사로26길 10,403(역삼동,한양빌딩)",www.vitaminmd.co.kr,,전문 서비스업,2008-03-12,12월
(주)한스홀딩스,hans holdings ,한스홀딩스, ,KIM ANNIE EUNHEE,기타법인,110111-5780691,706-86-00174,"서울특별시 서초구 서초대로 397 (서초동, 부띠크모나코)비동 1001호", ,,경영 컨설팅업,2015-07-21,12월
주식회사 한승홀딩스,HANSEUNG HOLDINGS CORPORATION,한승홀딩스, ,이옥주,기타법인,110111-7795953,611-81-29053,"서울특별시 영등포구 신풍로 118 5층 (신길동, (주)신한에디피스빌딩)", ,,경영 컨설팅업,2021-02-24,12월
한신회계법인,HANSHIN ACCOUNTING FIRM,한신회계법인, ,문승석,기타법인,110234-0013253,214-87-94506,서울특별시 서초구 남부순환로 2634-8 단성빌딩 5층,www.hsacc.co.kr,,공인회계사업,2006-07-24,03월
한싱파트너스,HAVSING PARTNERS PTE.LTD,한싱파트너스, ,KIM MIN SU,기타법인, ,201325368Z,10 ANSON ROAD #23-14H INTERNATIONALPLAZA SINGAPORE, ,,경영 컨설팅업,2013-09-18,12월
(주)한아엔지니어링,"HAN AH ENGINEERING CO.,LTD.",한아엔지니어링, ,정공일,기타법인,110111-1009300,211-86-01146,서울특별시 강남구 논현동 209-9,http://www.hanah.co.kr,,건물 및 토목 엔지니어링 서비스업,1994-02-15,12월
한양이엔지(주),"HANYANG ENG CO.,LTD",한양이엔지,045100,"김윤상, 이종근(공동 대표이사)",코스닥시장,110111-0582547,124-81-37874,"경기도 화성시 영통로26번길 72 (반월동,외2필지)",www.hanyangkorea.com,,"건축기술, 엔지니어링 및 관련 기술 서비스업",1988-07-11,12월
(주)한양지에스티,"HYNYANGGST Co.,LTD",한양지에스티, ,성천경,기타법인,130111-0005511,124-81-10327,경기도 수원시 영통구 동탄원천로 1019-15 (매탄동) 한양지에스티, ,,지질 조사·탐사 및 지도 제작업,1986-02-21,12월
한영회계법인,Ernst & Young Han Young,한영회계법인, ,박용근,기타법인,111234-0000118,116-81-01389,서울특별시 영등포구 여의공원로 111 태영빌딩 한영회계법인 3F-8F,www.ey.com/kr,,공인회계사업,1982-04-01,06월
주식회사 한울에스티이앤지,HANUL STE&G Co. Ltd,한울에스티이앤지, ,김영철,기타법인,110111-3909847,201-86-07968,서울특별시 강남구 개포동 1193 썬테크빌딩 4층, ,,경영 컨설팅업,2008-08-25,12월
한울 회계법인,Hanul LLC,한울회계법인, ,신성섭,기타법인,114634-0031659,120-86-60835,"서울특별시 강남구 테헤란로88길 14 (대치동, 신도리코빌딩) 4층",hanulac.co.kr,,공인회계사업,2003-12-08,03월
주식회사 한유지주,"Hanyu Holdings Co., Ltd",한유지주, ,박원석,기타법인,110111-0943882,404-81-48563,서울특별시 관악구 남부순환로 1883 (봉천동) 4층 일부, ,,경영 컨설팅업,2025-12-08,12월
한일원자력(주),HANIL NUCLEAR,한일원자력, ,서승범,기타법인,110111-0278394,118-81-06885,"경기도 안양시 만안구 덕천로 45 (안양동, 동영벤처스텔) 301호",www.hanilnuclear.co.kr,,"그 외 기타 분류 안된 전문, 과학 및 기술 서비스업",1980-10-05,12월
한일인베스트먼트(주),HANIL INVESTMENT CO..LTD.,한일인베스트먼트, ,김지훈,기타법인,110111-5943405,834-81-00270,서울특별시 강남구 봉은사로 469 (삼성동) S-TOWER 7층, ,,경영 컨설팅업,2016-01-12,12월
주식회사한일종합산업,HANIL GENERAL CORPORATION,한일종합산업, ,박준용,기타법인,110111-0258908,112-81-18909,서울특별시 관악 봉천7동 1663-5,www.hanilech.com,,기타 엔지니어링 서비스업,1979-08-22,12월
(주)한일환경디자인,"Hanil Landscape Architecture Design Co., Ltd",한일환경디자인, ,이희종,기타법인,120111-0100214,111-81-23054,서울특별시 마포구 공덕동 385-64 공덕빌딩 3층,www.sanbyuk.com,,도시계획 및 조경설계 서비스업,1994-09-15,12월
한일회계법인,Hanil Accounting Corp.,한일회계법인, ,유승안,기타법인,254134-0021510,588-86-00315,"서울특별시 영등포구 국제금융로8길 11 10층(여의도동, 대영빌딩)",www.hifac.co.kr,,공인회계사업,2016-04-15,03월
한국전력기술(주),"KEPCO Engineering & Construction Company, Inc",한전기술,052690,김태균,유가증권시장,110111-0186307,120-81-01490,경상북도 김천시 혁신로 269 (율곡동),www.kepco-enc.com,,기타 엔지니어링 서비스업,1975-10-01,12월
한전산업개발(주),"Korea Electronic Power Industrial Development Co., Ltd",한전산업,130660,함흥규,유가증권시장,110111-0692875,203-81-58148,서울특별시 중구  서소문로 115 한산빌딩,www.kepid.co.kr,,기타 엔지니어링 서비스업,1990-04-11,12월
(주)한주엔지니어링,HANJUENG,한주엔지니어링, ,"정웅권, 김재구, 최기식",기타법인,176011-0026549,513-81-23357,경상북도 구미시 새마을로 44 (형곡동) 2층, ,,기타 엔지니어링 서비스업,2001-09-01,12월
한주회계법인,Hanju Accounting Corporation,한주회계법인, ,이승용,기타법인,114634-0038217,120-87-51482,대구광역시 중구 경상감영길 235 (동문동),www.hanjucpa.co.kr,,공인회계사업,2010-04-06,03월
주식회사 한중네트웍스,"hanjung networks. Co., Ltd",한중네트웍스, ,김동원,기타법인,191311-0025182,572-86-00076,경상남도 밀양시 부북면 사포산단1길 140 (전사포리),www.baiksanopc.com,,회사 본부 및 경영 컨설팅 서비스업,2015-05-29,12월
주식회사 한진중티엠에스,"HHIC-TMS Co., Ltd.",한진중티엠에스, ,장순석,기타법인,180111-0715897,602-81-52040,"부산광역시 중구 충장대로 6 (중앙동4가, (주)한진중공업R&D센터)",www.tms2010.co.kr,,기타 엔지니어링 서비스업,2010-06-01,12월
주식회사 한컴,Hancomm Inc.,한컴, ,박병철,기타법인,110111-0362957,110-81-19902,"서울특별시 강남구 언주로 726 (논현동, 두산빌딩)",www.hancomm.co.kr,,광고 대행업,1983-12-30,12월
주식회사 한컴케어링크,"Hancomcarelink., Ltd",한컴케어링크, ,천창기,기타법인,110111-5971373,738-86-00322,"경기도 성남시 분당구 대왕판교로644번길 49 (삼평동, 한컴타워) 5층",hcarelink.co.kr,,물질성분 검사 및 분석업,2016-02-15,12월
주식회사 한투오,"Han2o Co., Ltd.",한투오, ,한수지,기타법인,134511-0476215,231-86-01738,"서울특별시 영등포구 국제금융로 10 43층(여의도동, 서울국제금융센터)",-,,경영 컨설팅업,2020-09-07,12월
주식회사 한형,han hyung cop.,한형, ,이기근,기타법인,110111-6578839,377-87-01007,서울특별시 강남구 테헤란로82길 15 (대치동) 1368호 디아이타워, ,,경영 컨설팅업,2017-11-24,12월
한화오션엔지니어링(주),"Hanwha Ocean Engineering Co., Ltd.",한화오션엔지니어링, ,이권섭,기타법인,194911-0061264,245-81-02444,"경상남도 거제시 거제대로 3370 (아주동, 대우조선해양)",https://www.hanwhaoceanengineering.com,,"기타 기술 시험, 검사 및 분석업",2022-01-01,12월
한화케미칼오버시즈홀딩스주식회사,"Hanwha Chemical Overseas Holdings, Co., Ltd.",한화케미칼오버시즈홀딩스, ,염형석,기타법인,110111-4137207,104-86-21811,"서울특별시 중구 청계천로 86 (장교동, 한화빌딩)", ,,회사 본부 및 경영 컨설팅 서비스업,2009-07-13,12월
할시온코리아홀드코 주식회사,Halcyon Korea Holdco Inc.,할시온코리아홀드코, ,데이비드크레이그레인체스,기타법인,110111-6946995,669-88-01219,"서울특별시 강남구 테헤란로 425 (삼성동, 신일빌딩) 4층", ,,경영 컨설팅업,2018-12-05,12월
주식회사 함샤우트글로벌,Hahmshout Global,함샤우트글로벌, ,김재희,기타법인,110111-7687754,882-86-01894,"서울특별시 마포구 포은로2가길 57 (합정동, 함샤우트글로벌빌딩)", ,,광고 대행업,2020-11-18,12월
주식회사 함파트너스,"HAHM PARTNERS CO., LTD.",함파트너스, ,함시원,기타법인,110111-3626342,106-86-49566,"서울특별시 마포구 마포대로 89 4층 (도화동, 서울마포우체국)",www.hahmpartners.com,www.hahmpartners.com,공공관계 서비스업,2007-02-20,12월
(주)항도엔지니어링,Hang Do Engineering,항도엔지니어링, ,황기정,기타법인,110111-2713984,214-87-28743,"전라북도 군산시 대학로 10 (영화동, 김이비인후과의원) 3층",www.hangdoeng.co.kr,,건물 및 토목 엔지니어링 서비스업,2003-02-12,12월
주식회사 해금광고,HAEKUMAD corp.,해금광고, ,이영식,기타법인,180111-0148410,602-81-09238,부산광역시 사상구 사상로 375 (덕포동),www.haekumad.co.kr,,광고업,1993-11-20,12월
(주) 해냄기획,"HAENEM PLAN Co,.Ltd",해냄기획, ,안기범,기타법인,110111-5532307,230-81-08446,"서울특별시 강남구 헌릉로745길 25 지하1층 124호(율현동, 에이동 지하1층)",-,,그 외 기타 광고 관련 서비스업,2014-10-08,12월
(주)해동기술개발공사,"HAEDONG ENGINEERING & CONSULTANTS CO.,LTD",해동기술개발공사, ,구용호,기타법인,174811-0013352,515-81-10902,"경상북도 경산시 중앙초등길 14 (중방동),1층", ,,건물 및 토목 엔지니어링 서비스업,1996-12-12,12월
(주)해동엔지니어링,"Haedong engineering Co., Ltd.",해동엔지니어링, ,김찬호,기타법인,280211-0106572,127-86-30889,"경기도 시흥시 거북섬1길 4 1동 2층 210호(정왕동, 제일타운)", ,,건물 및 토목 엔지니어링 서비스업,2011-04-19,12월
(주)해동이엔지,"Hae Dong Engineering co .,ltd",해동이엔지, ,정상전,기타법인,194911-0017275,612-81-27418,경상남도 거제시 옥포로 122, ,,"기타 전문, 과학 및 기술 서비스업",2007-07-06,12월
주식회사 해든메디머스,HAEDUN MEDIMERCE,해든메디머스, ,배상윤,기타법인,110111-7335668,747-88-01450,경기도 화성시 동탄기흥로353번길 102 (오산동) JS타워 302호, ,,"그 외 기타 분류 안된 전문, 과학 및 기술 서비스업",2019-12-24,12월
주식회사 해든성장,HAEDEUN,해든성장, ,김태림,기타법인,110111-9069992,680-87-03105,"서울특별시 강남구 영동대로 517 37층 (삼성동, ASEM및한국종합무역센타단지)", ,,경영 컨설팅업,2024-10-07,12월
해림회계법인,Haerim Accountung Corporation,해림회계법인, ,한세희,기타법인,110134-0114219,602-88-03290,"서울특별시 강남구 선릉로112길 40 (삼성동, GW빌딩) 1층", ,,공인회계사업,2024-10-04,03월
주식회사 해마종합건축사사무소,"HAEMA Architects Co., Ltd.",해마종합건축사사무소, ,전권식,기타법인,110111-2749385,120-86-51262,"서울특별시 강남구 역삼로 162 (역삼동, 안진빌딩)",www.haemaarch.com,,건축설계 및 관련 서비스업,2003-04-16,12월
해밀아이비주식회사,"Haemil Investment Bureau Co., Ltd.",해밀아이비, ,조길연,기타법인,110111-7283479,558-88-01506,"서울특별시 강서구 마곡중앙6로 63 674호(마곡동, 마곡테크노타워)", ,,경영 컨설팅업,2019-11-06,12월
주식회사해밀투자파트너스,HAMIL,해밀투자파트너스, ,배형철,기타법인,110111-8699758,452-81-03304,"서울특별시 서초구 법원로1길 16 (서초동, 조양빌딩)", ,,경영 컨설팅업,2023-07-25,12월
해밀회계법인,Haemil accounting corporation,해밀회계법인, ,"차정훈, 장홍석",기타법인,131434-0024730,594-87-03177,"경기도 안산시 단원구 초지로 124 (초지동, 골드프라자) 503호", ,,공인회계사업,2023-11-01,03월
해성홀딩스 주식회사,"HAESUNG HOLDINGS Co.,Ltd.",해성홀딩스, ,최종현,기타법인,120111-0669541,137-86-36731,"인천광역시 서구 심곡로100번길 31 지하1층(심곡동, 마리스텔라)", ,,경영 컨설팅업,2013-08-02,12월
주식회사 해승종합건축사사무소,"Haeseung Architecture & Engineering Co., Ltd.",해승종합건축사사무소, ,김병진,기타법인,110111-0910665,220-81-31256,"서울특별시 강남구 도곡로 182 5층(도곡동, 양제벤처타워)",www.hsarchi.net/,,건축설계 및 관련 서비스업,1993-01-01,12월
주식회사 해시태그이엔엠(HASHTAG ENM INC),HASHTAG ENM INC,해시태그이엔엠(HASHTAGENMINC), ,김민기,기타법인,110111-8162268,326-81-02307,서울특별시 강남구 논현로 561 (역삼동) 언주S타워 8층,www.hashtagenm.com/,,매니저업,2022-01-11,12월
해쌀태양광 주식회사,"Hae-ssal Solar Power Co., Ltd.",해쌀태양광, ,최윤호,기타법인,161411-0049376,832-87-01810,충청남도 서산시 성연면 성연1로 10 (오사리) 신성빌딩 201호, ,,기타 전문 서비스업,2020-08-06,12월
(주)해안종합건축사사무소,Haeahn Architecture Inc.,해안종합건축사사무소, ,윤세한,기타법인,110111-1039779,220-81-03987,"서울특별시 강남구 봉은사로 208 (역삼동, 해안건축)", ,,건축설계 및 관련 서비스업,1994-05-24,12월
주식회사 해양에너지기술원,"OFFSHORE ENERGY TECHNOLOGY CO., LTD.",해양에너지기술원, ,선민철,기타법인,211111-0046351,858-86-00330,"전북특별자치도 전주시 덕진구 백제대로 567 (금암동, 전북대학교)", ,,기타 엔지니어링 서비스업,2016-02-24,12월
(주)해양정보기술,Marine Information Technology Corp.,해양정보기술, ,강용덕,기타법인,110111-3156779,105-86-75135,"서울특별시 금천구 가산디지털2로 14 (가산동, 대륭테크노타운12차) 1310~1312호",www.mitkorea.com,,측량업,2005-01-24,12월
(주)해우엔지니어링건축사사무소,HAE WOO Engineering Architects Co. Ltd.,해우엔지니어링건축사사무소, ,김지언,기타법인,131111-0202364,129-86-17145,경기도 성남시 수정구 복정로 111 (복정동) 경원빌딩2층, ,,건축설계 및 관련 서비스업,2008-01-18,03월
(주)해파랑에너지,"Haeparang Energy CO.,LTD",해파랑에너지, ,손준영,기타법인,171611-0023382,511-81-25228,경상북도 영덕군 영해면 예주길 98 (성내리), ,,건축설계 및 관련 서비스업,2017-06-22,12월
재단법인 해피빈,Happybean Foundation,해피빈, ,이일구,기타법인,135622-0004143,129-82-10367,"경기도 성남시 분당구 황새울로 246 (수내동, 도담빌딩) 에이동 5층",happybean.naver.com,,광고 대행업,2009-05-12,12월
(주)해피소닉,HAPPYSONIC,해피소닉, ,임성빈,기타법인,110111-4721282,114-86-91783,"서울특별시 동작구 동작대로7길 97 (사당동, 창정빌딩 3층)", ,,경영 컨설팅업,2011-11-03,12월
핸즈파트너스 유한회사,HANDS PARTNERS,핸즈파트너스, ,박대우,기타법인,110114-0167898,395-81-00251,"서울특별시 영등포구 여의대방로67길 10 (여의도동, 외교빌딩)", ,,경영 컨설팅업,2015-09-02,12월
햄워디컴버스쳔엔지니어링(주),"Hamworthy Combustion Engineering Co., Ltd.",햄워디컴버스쳔엔지니어링, ,이주택,기타법인,110111-3003946,119-81-73349,서울특별시 금천구 가산동 426-5 월드메르디앙벤쳐센타 2차 608호, ,,엔지니어링 서비스업,2004-05-07,12월
(주)행림종합건축사사무소,"Haenglim Aachitects & Planners Co., Ltd.",행림종합건축사사무소, ,이용호,기타법인,110111-0843501,213-81-54324,경기도 안양시 동안구 관양동 1505-22 멤피스타워빌딩 13층, ,,건축설계 및 관련 서비스업,1992-03-18,12월
허드슨 어드바이저 코리아,Hudson Advisors Korea Inc.,허드슨어드바이저코리아, ,폴 에스 페텔,기타법인,110111-1645063,101-81-47175,서울특별시 종로구 서린동 33 영풍빌딩 6층, ,,"그 외 기타 분류 안된 전문, 과학 및 기술 서비스업",1999-02-03,12월
허브넷굿컴퍼니닷컴주식회사,HUBNETGOODCOMPANY,허브넷굿컴퍼니닷컴, ,조창구,기타법인,285011-0184303,128-86-53736,"서울특별시 영등포구 국제금융로 10 (여의도동, 서울국제금융센터) IFC THREE 29층",www.2hub.net,,광고 대행업,2010-10-07,12월
주식회사 헌터하우스,HUNTER HOUSE,헌터하우스, ,이학영,기타법인,110111-8077003,561-88-02535,"서울특별시 강남구 테헤란로 116 (역삼동, 동경빌딩) 10층 에스 1056호(역삼동, 동경빌딩)", ,,경영 컨설팅업,2021-11-05,12월
험블비파트너스 주식회사,humblebee partners,험블비파트너스, ,김윤민,기타법인,135511-0397064,474-88-02677,"경기도 시흥시 중심상가로 288 (정왕동, 두산아파트)제상가동 제지하층 제비7호", ,,경영 컨설팅업,2021-12-31,12월
헤라홀딩스주식회사,"Heraholdings Co.,Ltd",헤라홀딩스, ,조창배,기타법인,110111-2193946,220-86-42248,서울특별시 강남구 대치동 983-3, ,,경영 컨설팅업,2001-03-16,12월
(주)헤럴드팝,HERALD POP,헤럴드팝, ,최진영,기타법인,110111-5847574,329-81-00235,서울특별시 용산구 후암로4길 10 (후암동), ,,광고 대행업,2015-09-24,12월
주식회사 헤렌코퍼레이션,Heren Corporation Inc.,헤렌코퍼레이션, ,김민수,기타법인,110111-8629771,706-87-02451,"서울특별시 종로구 새문안로 76 3층 303호 (신문로1가, 콘코디언(concordian))", ,,경영 컨설팅업,2023-05-04,12월
주식회사 헤론에셋,"HERON ASSET Co.,Ltd.",헤론에셋, ,여인기,기타법인,110111-3358143,120-86-90042,서울특별시 강남구 삼성동 157-12 중아B/D 9층, ,,경영 컨설팅업,2005-12-12,12월
(주)헤리티지파트너즈,"Heritagept partners Co., LTD",헤리티지파트너즈, ,김정섭,기타법인,110111-2607400,211-87-20460,"경기도 성남시 분당구 성남대로 345 (정자동, 정자역프라자) 407호", ,,경영 컨설팅업,2002-09-11,12월
주식회사 헤링스,HERINGS,헤링스, ,남병호,기타법인,110111-5818351,516-87-00127,"서울특별시 강남구 언주로 560 (역삼동, 화물재단빌딩) 14층",heringsglobal.com,,"그 외 기타 분류 안된 전문, 과학 및 기술 서비스업",2015-10-01,12월
헤브론월드 주식회사,Hebron World co. ltd,헤브론월드, ,박에스더,기타법인,110111-4625187,220-88-19737,"서울특별시 강남구 개포로 623 1103(개포동, 대청타워)", ,,옥외 광고업,2011-06-16,12월
주식회사 헤세드,"Hessed.Co.,Ltd",헤세드, ,하태형,기타법인,160111-0482979,426-81-01097,대전광역시 중구 어덕마을로10번길 97 502호 (용두동), ,,경영 컨설팅업,2018-04-19,12월
주식회사 헤이스가든,Hayesgarden.co.kr,헤이스가든, ,정주연,기타법인,110111-6564937,481-81-00872,서울특별시 서초구 신흥안길 40-15 (내곡동), ,,인물사진 및 행사용 영상 촬영업,2017-11-10,12월
헤이컨설팅그룹주식회사,"Hay Group., Ltd",헤이컨설팅그룹, ,"채은주, 박진석",기타법인,110111-3103663,104-81-90235,"서울특별시 종로구 청계천로 41 (서린동, 영풍빌딩) 11층", ,,경영 컨설팅업,2004-10-22,04월
(주)헤임달프라이빗에쿼티,"Heimdall Private Equity Co.,Ltd.",헤임달프라이빗에쿼티, ,정현창,기타법인,110111-7774692,822-81-01922,"서울특별시 강남구 영동대로 511 3402호(삼성동, 트레이드타워)", ,,경영 컨설팅업,2021-02-04,12월
주식회사 헥토,"Hecto Co., Ltd.",헥토, ,도형동,기타법인,110111-7075090,732-86-01395,"서울특별시 강남구 테헤란로 223 (역삼동, 큰길타워빌딩) 3층 301호",https://hecto.co.kr/,,경영 컨설팅업,2019-04-11,12월
(주) 헬름어드바이저즈, Helm advisors Inc.,헬름어드바이저즈, ,"이강만, 강의중",기타법인,110111-4053106,206-86-31255,"서울특별시 중구 명동2길 34 913호(충무로1가, 중앙전화국)", ,,경영 컨설팅업,2009-03-03,12월
(주)헬릭서,"HELIXIR CO., LTD",헬릭서, ,김종문,기타법인,110111-3330430,119-81-84550,서울특별시 관악구 대학동 서울대학교 유전공학특화창업보육센터 304호,www.helixir.co.kr,,자연과학 및 공학 연구개발업,2005-10-26,12월
(주)헬릭스미스,"Helixmith Co., Ltd",헬릭스미스,084990,장송선,코스닥시장,110111-1343930,101-81-42428,서울특별시 강서구 마곡중앙8로7길 21 -,helixmith.com,,의학 및 약학 연구개발업,1996-11-21,12월
헬릭스에셋 유한회사,Helix Asset,헬릭스에셋, ,"김형식, 문성원",기타법인,110114-0067692,211-87-96470,서울특별시 강남구 역삼동 707-34 한신인터밸리 서관 11층, ,,경제 및 경영학 연구개발업,2007-04-17,12월
(주)헬스클릭,"Health click co.,Ltd",헬스클릭, ,정금아,기타법인,110111-9054373,723-88-03184,서울특별시 성동구 아차산로 49 제비101호, ,,경영 컨설팅업,2024-09-23,12월
(주)혁성실업,"HYUKSUNG Co.,Ltd",혁성실업, ,윤여찬,기타법인,110111-1685879,120-81-88691,인천광역시 계양구 방축동 80-4, ,,광고 대행업,2005-11-22,12월
주식회사 혁신광고기획,Hyeoksin Advertiement Plan,혁신광고기획, ,이나연,기타법인,110111-6984086,156-81-01091,"서울특별시 강남구 강남대로132길 55 5층 (논현동, 엠브이타워)", ,,경영 컨설팅업,2019-01-23,12월
현대에이디엠바이오(주),Hyundai ADM Bio lnc.,현대ADM,187660,"조원동, 진근우(공동 대표이사)",코스닥시장,110111-2887193,101-81-98897,"서울특별시 종로구 새문안로5길 19, 7층 711호(당주동, 로얄빌딩)",hdadmbio.com,,의학 및 약학 연구개발업,2003-10-31,12월
주식회사 현대건축사사무소,Hyundai Architect''s Office,현대건축사사무소, ,조연성,기타법인,200111-0247423,409-81-97958,"광주광역시 북구 무등로 182-1 (신안동, 광주은혜교회)", ,,"건축기술, 엔지니어링 및 기타 과학기술 서비스업",2007-08-29,12월
(주)현대경제연구원,Hyundai Research Institute,현대경제연구원, ,김주현,기타법인,110111-0507660,102-81-39251,서울특별시 종로구 율곡로 194 (연지동),hri.co.kr,,경영 컨설팅업,1986-10-10,12월
현대네트워크 주식회사,"Hyundai Network Co., Ltd.",현대네트워크, ,정재학,기타법인,110111-8708369,430-88-02508,"서울특별시 종로구 율곡로 194 (연지동, 현대그룹빌딩동관)", ,,경영 컨설팅업,2023-08-01,12월
현대미래로주식회사,"Hyundai Miraero Co., Ltd.",현대미래로, ,정몽일,기타법인,110111-6127264,643-81-00408,"서울특별시 강남구 삼성로 566 (삼성동, 빌딩엠)", ,,경영 컨설팅업,2016-07-20,12월
현대성우홀딩스(주),"HYUNDAI SUNGWOO HOLDINGS CO.,LTD",현대성우홀딩스, ,정몽용,기타법인,110111-0529490,214-81-24269,"서울특별시 강남구 봉은사로 609 (삼성동, 현대성우홀딩스빌딩)",www.swa.co.kr,,회사 본부 및 경영 컨설팅 서비스업,1987-05-02,12월
현대엔지니어링(주),"HYUNDAI ENGINEERING CO., LTD",현대엔지니어링, ,주우정,기타법인,110111-2153015,101-81-66755,서울특별시 종로구 율곡로 75,www.hec.co.kr,,건물 및 토목 엔지니어링 서비스업,2001-01-17,12월
현대엔지비(주),Hyundai NGV,현대엔지비, ,오정훈,기타법인,110111-2094201,119-81-42676,서울특별시 관악구 관악로1 서울대학교 현대기아차세대자동차연구관 5층 현대엔지비,www.hyundai-ngv.com,,기타 엔지니어링 서비스업,2000-10-20,12월
현대엔터프라이즈 주식회사,"Hyundai Enterprise Co.,Ltd.",현대엔터프라이즈, ,정문선,기타법인,110111-7590345,264-88-01969,"서울특별시 강남구 테헤란로 507 14층 111호 (삼성동, WeWork빌딩)", ,,경영 컨설팅업,2020-08-20,12월
현대엠파트너스(주),"HYUNDAI M Partners Co., Ltd.",현대엠파트너스, ,정몽일,기타법인,110111-1238628,114-81-69554,"서울특별시 강남구 삼성로 566 (삼성동, 빌딩엠)", ,,경영 컨설팅업,1996-02-01,12월
현대오트론 주식회사,Hyundai Auto Electronics Company Ltd,현대오트론, ,문대흥,기타법인,134111-0134001,138-81-30171,서울특별시 강남구 테헤란로113길 12,www.hyundai-autron.com,,전기ㆍ전자공학 연구개발업,2005-10-06,12월
현대홀딩스컴퍼니 주식회사,"HYUNDAI HOLDINGS Co., LTD",현대홀딩스컴퍼니, ,김호진,기타법인,110111-3259408,101-86-16129,서울특별시 종로구 율곡로 194 현대그룹빌딩, ,,경영 컨설팅업,2005-07-01,12월
현대회계법인,HYUNDAI ACCOUNTING CORPORATION,현대회계법인, ,곽규백,기타법인,114634-0034059,220-87-26833,"서울특별시 강남구 역삼로 542 5층 (대치동, 신사S&G)",hdcpa.co.kr,,공인회계사업,2006-03-22,03월
현무회계법인,HyunMoo Accounting Corporation,현무회계법인, ,이충민,기타법인,110134-0096764,354-81-01415,"서울특별시 강남구 선릉로85길 8 2층 (역삼동,유화빌딩)",www.hmacc.kr,,공인회계사업,2019-10-07,06월
주식회사 현웅,"Hyunwoong Co., Ltd. ",현웅, ,"황성웅, 배현정",기타법인,134511-0641743,750-88-03060,"경기도 용인시 수지구 수지로342번길 32 508호 (풍덕천동, 상경빌딩)", ,,자연과학 및 공학 융합 연구개발업,2023-07-11,12월
현파이브 주식회사,"Hyun-Five Co,Ltd.",현파이브, ,유신자,기타법인,110111-4520501,107-87-46972,서울특별시 영등포구 여의대로 56 (여의도동), ,,경영 컨설팅업,2011-01-24,09월
(주)협우지여엔지니어링,"Hyubwoojiyeu Engineering Co,.Ltd",협우지여엔지니어링, ,김영곤,기타법인,110111-0682818,211-86-10039,"서울특별시 구로구 디지털로 243 1701-170호(구로동, 지하이시티)",www.hwjy.co.kr,,기타 엔지니어링 서비스업,1990-03-29,12월
(주)혜성환경,"Heysoung Environment Co.,Ltd.",혜성환경, ,장공례,기타법인,134111-0091467,123-81-73431,경기도 안양시 동안구 귀인로79번길 35 (호계동),www.heysoung.co.kr,,물질성분 검사 및 분석업,2001-12-11,12월
혜성 회계법인,Hyesung Accounting Corporation ,혜성회계법인, ,송치욱,기타법인,110134-0107256,308-86-02696,"서울특별시 강남구 강남대로 308 (역삼동, 랜드마크타워)2106-2107호", ,,공인회계사업,2022-08-04,03월
(주)혜인이엔씨,"HYEIN E&C Co.,Ltd",혜인이엔씨, ,안익장,기타법인,205211-0009355,408-81-32821,"경상남도 창원시 성산구 중앙대로61번길 4 1315(중앙동, 캔버라호텔)",www.hyein.com/,,기타 엔지니어링 서비스업,1998-07-15,12월
주식회사 혜재,"Hyejae Co.,LTD",혜재, ,이경하,기타법인,110111-6719532,594-88-00901,"서울특별시 강남구 테헤란로8길 37 (역삼동, 한동빌딩사옥) 7층", ,,경영 컨설팅업,2018-04-12,12월
(유)호라이즌,Horizon Ltd.,호라이즌, ,임창빈,기타법인,110114-0029981,120-86-05429,경기도 성남시 분당구 판교로255번길 20 (삼평동), ,,경영 컨설팅업,1999-12-23,12월
호수회계법인,HOSU ACCOUNTING CORPORATION,호수회계법인, ,박병갑,기타법인,131434-0023831,534-87-02666,"서울특별시 강남구 선릉로 510 3층(삼성동, 오성빌딩)",www.hosuac.com,,공인회계사업,2022-03-28,03월
호스트웨이아이디씨(주),HOSTWAY IDC INC.,호스트웨이아이디씨, ,김성민,기타법인,131111-0158012,129-81-94230,경기도 성남시 분당구 야탑동 343-1 2층,www.hostway.co.kr,,기타 과학기술 서비스업,2006-02-10,12월
호연회계법인,Hoyeon Accounting Coperattion,호연회계법인, ,김재문,기타법인,110134-0084933,528-81-00356,"서울특별시 강남구 테헤란로81길 14 (삼성동, KIMA(카이마)빌딩) 9층", ,,공인회계사업,2016-03-23,12월
호크아이즈글로벌(주),HAWKEYES GLOBAL CO.LTD,호크아이즈글로벌, ,김창준,기타법인,180111-0594936,617-81-67773,부산광역시 해운대구 중동 1392-100 씨클라우드호텔 511, ,,공인회계사업,2007-05-29,12월
(주) 호키,"HOKI CO.,LTD",호키, ,김진원,기타법인,110111-2003442,105-86-15097,서울특별시 마포구 서교동 358-115 이화빌딩 2층, http://www.hokitkd.com,,기타 인문 및 사회과학 연구개발업,2000-06-20,12월
(주)홀딩피디에이,Holding PDa Company Limited,홀딩피디에이, ,박대성,기타법인,224111-0012703,616-81-56536,"서울특별시 송파구 올림픽로 212 (잠실동, 갤러리아팰리스)", ,,경영 컨설팅업,2006-06-01,12월
(주)홍익기술단,Hong ik engineering consultants.co.ltd,홍익기술단, ,성낙전,기타법인,160111-0020117,315-81-05115,충청북도 청주시 흥덕구 가경동 1454-2, ,,건물 및 토목 엔지니어링 서비스업,1990-02-20,12월
홍익에프앤드씨(주),HONGIK F&C,홍익에프앤드씨, ,김정호,기타법인,110111-2989189,206-81-89878,"서울특별시 송파구 가락로 113 5층 (석촌동, 금도빌딩)", ,,경영 컨설팅업,2004-04-07,12월
홍인터내셔날,Hong International Inc.,홍인터내셔날, ,홍상진,기타법인,110111-7167061,763-87-01528,"서울특별시 영등포구 국제금융로 10 (여의도동, 서울국제금융센터) 52층 5230호", ,,경영 컨설팅업,2019-09-01,12월
홍인테크(주),"Hongintech co.,Ltd.",홍인테크, ,최용병,기타법인,110111-1253048,214-86-02464,"서울특별시 금천구 가산디지털2로 184 (가산동, 벽산디지털밸리2차) 316호",www.hongintech.co.kr,,엔지니어링 서비스업,1996-04-01,12월
재단법인 홍진기법률연구재단,HONGJINGI LEGAL RESEARCH FOUNDATION,홍진기법률연구재단, ,홍석조,기타법인,110322-0047114,252-82-00140,서울특별시 종로구 동숭3길 26-12 2층,www.yuminlaw.or.kr/,,기타 인문 및 사회과학 연구개발업,2016-07-01,12월
화성산업기계(주),Whasung Industry,화성산업기계, ,이곤호,기타법인,230111-0092210,610-81-63271,울산광역시 남구 여천동 383-1번지,www.whasungind.com,,제조업 회사 본부,2003-01-10,12월
주식회사 화신엔지니어링,"HWASHIN Engineering Consultant Co., Ltd",화신엔지니어링, ,최기영,기타법인,140111-0007490,221-81-06648,강원도 강릉시 하슬라로 32 (홍제동),www.hwashineng.co.kr,,건물 및 토목 엔지니어링 서비스업,1993-10-04,12월
주식회사 화신투자,HHA SHIN INVESTMENT Co.,화신투자, ,한종덕,기타법인,110111-4437582,107-87-41545,서울특별시 영등포구 여의도동 15-24, ,,경영 컨설팅업,2010-09-20,12월
(주)화이델인베스트코리아,FYDEL INVESTMENT KOREA,화이델인베스트코리아, ,최종국,기타법인,115411-0022849,127-81-38455,경기도 포천시 선단동 461-1, ,,경영 컨설팅업,2004-04-01,12월
화이트하우징 주식회사,"Whitehousingco.,ltd",화이트하우징, ,이옥란,기타법인,110111-5020071,220-88-51343,"서울특별시 강남구 강남대로 388 (역삼동, 강남센타빌딩)", ,,회사 본부 및 경영 컨설팅 서비스업,2012-12-11,07월
화인세무회계,Fine tax-accounting,화인세무회계, ,김삼현,기타법인,620424-1535616,209-02-74476,서울특별시 서초구 남부순환로339길 60 (서초동)국제빌딩 401호,-,,공인회계사업,1995-10-09,12월
화인엔지니어링 주식회사,"Fine Engineering Co.,Ltd",화인엔지니어링, ,김재호,기타법인,110111-6414190,156-88-00693,"서울특별시 영등포구 여의공원로 111 9층 905호(여의도동, 여의도태영빌딩)",x,,경영 컨설팅업,2017-05-29,12월
화인엠앤알 주식회사,"FineM&R Co,Ltd.",화인엠앤알, ,안정수,기타법인,110111-4503557,215-87-48631,서울특별시 송파구 신천동 11-6, ,,경영 컨설팅업,2011-01-05,01월
주식회사 화인폰,FINE PHONE CO.LTD,화인폰, ,신경식,기타법인,110111-3084631,119-81-75653,"광주광역시 북구 추암로 193 주3동,주4동,주5동 1층 일부(월출동, (주)태신)", ,,"기타 기술 시험, 검사 및 분석업",2004-09-14,12월
(주)환경비젼이십일,없음,환경비젼이십일, ,김동우,기타법인,110111-1546633,20381263,서울특별시 강남구 역삼동 738-32 대삼빌딩 4층,없음,,환경 관련 엔지니어링 서비스업,1998-06-01,12월
(주)환호,"hwanho co.,ltd",환호, ,전재언,기타법인,200111-0537254,814-86-01270,광주광역시 북구 설죽로 254 (용봉동) 4층 23호, ,,경영 컨설팅업,2018-08-02,12월
회계법인 공감,"Gongam Accounting Services,LLC",회계법인공감, ,정일,기타법인,184134-0008406,337-87-00392,"부산광역시 부산진구 동천로 116 1415호(전포동, 한신밴)", ,,공인회계사업,2016-04-04,03월
회계법인 공명,Gong-Myoung Accounting Corporation,회계법인공명, ,최국용,기타법인,250134-0031406,718-86-00653,"서울특별시 영등포구 국제금융로 20 (여의도동, 율촌빌딩) 9층",-,,공인회계사업,2017-04-04,03월
회계법인 공의,Accounting Corporation Gongui,회계법인공의, ,김우철,기타법인,110134-0011596,306-81-39983,"서울특별시 강남구 봉은사로 303 2층 201호(논현동, TGL경복빌딩)", ,,공인회계사업,2025-04-11,03월
회계법인 권,Kwon Accounting Corporation,회계법인권, ,조현우,기타법인,131334-0007142,536-81-02369,경기도 평택시 중앙2로 122 (합정동), ,,공인회계사업,2022-04-20,03월
회계법인길인,GILIN,회계법인길인, ,성주형,기타법인,114634-0037110,211-88-26011,"서울특별시 강남구 언주로129길 20 (논현동, 한국관세사회관)",www.ghilin.com,,공인회계사업,2009-05-01,03월
회계법인 나루,Naru Accounting Corporation,회계법인나루, ,김주형,기타법인,250134-0045241,492-88-02748,"서울특별시 영등포구 여의나루로 57 (여의도동, 신송센타빌딩)", ,,공인회계사업,2023-04-07,03월
회계법인나무,NAMU Acoounting Corp,회계법인나무, ,홍창희,기타법인,114634-0032665,120-86-75852,"서울특별시 강남구 논현로 563 7층(역삼동,언주타워)", ,,공인회계사업,2004-12-17,03월
회계법인 늘봄,Accounting Corporation NEULBOM,회계법인늘봄, ,최경석,기타법인,250134-0041968,168-87-02381,"서울특별시 영등포구 국회대로70길 18 (여의도동, 한양빌딩) 7층 1호", ,,공인회계사업,2021-10-27,03월
회계법인 대광,Dae Gwang Accounting Corporation,회계법인대광, ,이영우,기타법인,114634-0038259,120-87-51648,서울특별시 강남구 테헤란로 126 대공빌딩 15층 (역삼동),www.dg-ac.co.kr,,공인회계사업,2010-03-10,12월
회계법인 대륙아주,Daeryookaju Accounting Corporation,회계법인대륙아주, ,이영식,기타법인,110134-0011790,746-81-03999,"서울특별시 강남구 테헤란로 317 , 19층 (역삼동, 동훈타워)", ,,공인회계사업,2026-01-13,06월
회계법인 대평,Daepyung Accounting Corporation,회계법인대평, ,박헌진,기타법인,134134-0001627,706-86-03827,"경기도 과천시 관문로 92 (중앙동, 힐스테이트과천중앙) 101동 1502호", ,,회계 및 세무관련 서비스업,2025-05-08,03월
회계법인 더올,The All Accounting Corporation,회계법인더올, ,조완석,기타법인,110134-0099437,469-87-01820,"서울특별시 강남구 테헤란로 141 10층(역삼동,KR타워)", ,,공인회계사업,2020-07-01,03월
회계법인 더위즈,The Wiz Accounting Corporation,회계법인더위즈, ,"우승백, 이윤기",기타법인,110134-0011734,765-86-03466,"서울특별시 서초구 서초중앙로 217 (반포동, 대동빌딩)", ,,공인회계사업,2025-10-22,06월
회계법인 더함,Accounting Corporation DUHAM,회계법인더함, ,최호윤,기타법인,270134-0033507,163-86-01963,"서울특별시 용산구 청파로47길 52 (청파동2가, 명신프라자) 6층", ,,공인회계사업,2020-08-27,03월
회계법인 동행,Accounting Corporation Donghaeng,회계법인동행, ,유환철,기타법인,250134-0032892,779-87-00918,"서울특별시 강서구 마곡서로 152 오비동 401호 (마곡동, 두산더랜드타워)", ,,공인회계사업,2017-12-13,12월
회계법인 두레,Accounting firm DooRae,회계법인두레, ,이승현,기타법인,131434-0016026,134-86-21239,경기도 안산시 단원구 광덕서로 82 한남법조타운 613호 (고잔동),www.lshtax.co.kr,,공인회계사업,2005-03-02,12월
회계법인 라온,Accounting Corporation Raon,회계법인라온, ,전성범,기타법인,285034-0013728,549-81-02934,"경기도 고양시 덕양구 권율대로 656 (원흥동, 클래시아더퍼스트)", ,,공인회계사업,2023-08-23,03월
회계법인 리안,Lian Accounting Corporation,회계법인리안, ,이상은,기타법인,110234-0012792,114-86-50332,"서울특별시 서초구 서초중앙로 199 (반포동, 장학재단빌딩) 1층", ,,공인회계사업,2006-02-28,03월
회계법인리파인드,Refined Accounting Corporation,회계법인리파인드, ,이종헌,기타법인,110134-0011811,830-81-03620,"서울특별시 강남구 강남대로140길 18 3층(논현동, 크레아빌딩)", ,,공인회계사업,2026-01-08,03월
회계법인 마일스톤 ,Accounting Corporation Milestone,회계법인마일스톤, ,양제경,기타법인,110134-0096954,557-87-01715,서울특별시 강남구 봉은사로74길 8 (삼성동) 마일스톤 빌딩,www.mstacc.com,,공인회계사업,2019-10-22,03월
회계법인 바른,Barun Accounting Corporation,회계법인바른, ,오윤택,기타법인,254134-0017246,107-87-48252,"서울특별시 영등포구 국회대로70길 19 (여의도동, 대하빌딩 3층)", ,,공인회계사업,2011-02-22,03월
회계법인 베율,BEYUL Accounting Corporation,회계법인베율, ,"박진우, 박장우",기타법인,270134-0017030,802-86-00787,"서울특별시 강남구 테헤란로 407 (삼성동, 이케이타워) 5층",www.beyul.co.kr,,공인회계사업,2017-02-17,06월
회계법인 보명,BOMYUNG ACCOUNTING CORPORATION,회계법인보명, ,이만호,기타법인,194234-0007561,751-88-00052,"경상남도 창원시 의창구 중앙대로 257 201호 (용호동, 경남무역회관)",www.bmac.co.kr,,공인회계사업,2015-04-01,12월
회계법인 브릭스,Bricks Accounting Corportaion,회계법인브릭스, ,김도연,기타법인,170134-0003260,734-81-03531,대구광역시 동구 동대구로99길 10 (신암동) 3층,www.brcpa.co.kr,,세무사업,2025-10-02,03월
회계법인 브릿지,Bridge Accounting Corporation,회계법인브릿지, ,강경구,기타법인,270134-0003939,690-87-03645,서울특별시 용산구 한강대로23길 25 나인트리 로카우스 3층 6호 (한강로3가), ,,공인회계사업,2025-09-01,03월
회계법인 상지원,Sangjeewon Accounting Corporation,회계법인상지원, ,이상윤,기타법인,244234-0005027,215-86-76649,서울특별시 강남구 영동대로 708 정화빌딩 2층 201호,www.sangjeewon.co.kr,,공인회계사업,2005-10-04,03월
회계법인 새길,Saegil Accounting Corporation,회계법인새길, ,이희영,기타법인,110134-0077277,120-88-10834,"서울특별시 강남구 선릉로100길 30 (삼성동, 유니콘빌딩) 6층", ,,공인회계사업,2014-03-26,03월
회계법인새시대,Saesidae Accounting Corporation,회계법인새시대, ,김택수,기타법인,116134-0012996,107-86-32471,서울특별시 영등포구 양산로19길 13-2 프러스빌딩 4층 (당산동3가), ,,공인회계사업,2003-03-25,03월
회계법인서본,seobon accounting co.,회계법인서본, ,정진호,기타법인,110334-0021197,402-86-16056,"서울특별시 중구 서소문로11길 50 (서소문동, 신아빌딩) 신아빌딩 305호", ,,공인회계사업,2020-07-01,03월
회계법인 서정,SOJONG Accounting Corporation,회계법인서정, ,이재원,기타법인,114634-0031906,220-86-80179,"서울특별시 서초구 강남대로 273 (서초동, 송남빌딩) 10층",-,,공인회계사업,2004-02-20,03월
회계법인 성실,SUNSIL ACCOUNTING CORPORATION,회계법인성실, ,최성실,기타법인,250134-0048922,427-88-03627,"서울특별시 영등포구 국회대로70길 15-1 (여의도동, 극동브이아이피빌딩)",www.sscpa.co.kr,,공인회계사업,2024-10-11,06월
회계법인 성지,"Sungjee Accounting Corp.,",회계법인성지, ,김진헌,기타법인,114634-0032574,220-87-01093,"서울특별시 강남구 역삼로 221 3층(역삼동,여성기업종합지원센터)", ,,공인회계사업,2004-12-13,03월
회계법인 세일원,Accounting Corporation UHY Seil One,회계법인세일원, ,권순식,기타법인,110234-0009864,214-87-30268,"서울특별시 강남구 테헤란로8길 21 6층 (역삼동, 화인강남빌딩)",www.seilone.com,,공인회계사업,2003-02-27,03월
회계법인 세종,Sejong Accounting LLC.,회계법인세종, ,이진웅,기타법인,110134-0028527,104-81-70850,"서울특별시 종로구 종로3길 17 (청진동, D타워), D2 16층", ,,공인회계사업,2002-03-21,03월
회계법인 세진,Sejin Accounting Corporation,회계법인세진, ,김정보,기타법인,114634-0034041,211-87-78981,"서울특별시 송파구 백제고분로 364 4층 (석촌동, 대신빌딩)",www.withsejin.com,,공인회계사업,2006-03-20,03월
회계법인세현,Sehyun accounting corporation,회계법인세현, ,이재욱,기타법인,114634-0029539,120-86-33323,서울특별시 강남구 삼성동 169-11 한진빌딩 6층,www.cpasehyun.co.kr,,공인회계사업,2002-02-19,03월
회계법인 숲,FOREST Accounting Corporation,회계법인숲, ,김재훈,기타법인,240134-0031391,789-87-02169,서울특별시 강남구 도산대로 544 5층(청담동),www.forestac.co.kr,,공인회계사업,2021-10-13,06월
회계법인 아성,STN ASUNG,회계법인아성, ,옥광수,기타법인,110134-0109666,899-86-02950,서울특별시 강남구 테헤란로8길 11-4 (역삼동) 8층, ,,공인회계사업,2023-05-19,03월
회계법인 아우름,AUREUM Accounting Corporation,회계법인아우름, ,이헌직,기타법인,110134-0011598,473-81-03539,"서울특별시 강남구 봉은사로 439 8층 (삼성동, CC빌딩)", ,,공인회계사업,2025-04-09,03월
회계법인에이블,Accounting Corporation Able,회계법인에이블, ,"김민지, 경주현",기타법인,110134-0109799,890-88-02812,"서울특별시 강남구 테헤란로 501 (삼성동, 브이플렉스) 204호", ,,공인회계사업,2023-05-24,06월
회계법인 예광,Accounting Corporation YE KWANG,회계법인예광, ,주홍희,기타법인,110134-0107876,543-88-02575,"서울특별시 강남구 선릉로93길 15 (역삼동, 제이더블유타워) 5층", ,,공인회계사업,2022-11-10,12월
회계법인 예다움,yedaum accounting firm,회계법인예다움, ,심현령,기타법인,240134-0035773,346-88-03177,"서울특별시 송파구 새말로5길 11 6층 (문정동, MASTERTOWER)",www.yedaum.kr,,공인회계사업,2024-04-30,12월
회계법인예서,YESEO ACCOUNTING CORPORATION,회계법인예서, ,최성진,기타법인,250134-0049194,574-81-03453,"서울특별시 구로구 디지털로30길 28 907호 (구로동, 마리오타워)", ,,공인회계사업,2024-12-05,12월
회계법인 예원,Yewon Accounting Corporation,회계법인예원, ,한경열,기타법인,254334-0014636,113-86-70413,"서울특별시 구로구 경인로54길 4 J동 602호(구로동, 구로유통상가)", ,,공인회계사업,2013-04-03,03월
회계법인 오현,Ohyeon Accounting Corporation,회계법인오현, ,이성훈,기타법인,110134-0081195,125-87-00106,"서울특별시 강남구 봉은사로 610 4층 (삼성동, 수도빌딩)", ,,공인회계사업,2015-04-01,03월
회계법인 올빛,orbit accounting corporation ,회계법인올빛, ,김성훈,기타법인,110134-0114590,594-81-03457,"서울특별시 강남구 봉은사로 628 5층 (삼성동, ELSON빌딩)", ,,공인회계사업,2024-11-25,12월
회계법인 원,One accounting corporation ,회계법인원, ,배현원,기타법인,110134-0114269,226-81-55445,"서울특별시 강남구 학동로 208 3층 306호 (논현동, 용문빌딩)", ,,공인회계사업,2024-10-17,03월
회계법인 원,One Accounting Corporation,회계법인원, ,문길모,기타법인,114634-0033689,220-87-18385,"서울특별시 강남구 역삼로 415 성진빌딩 4층 (대치동, 성진빌딩)",www.onecpa.net,,공인회계사업,2005-10-17,03월
회계법인원지,ONE JI ACCOUNTING GROUP LLC,회계법인원지, ,이종희,기타법인,254334-0016921,411-87-00064,"서울특별시 서초구 서초대로74길 45 15층 (서초동, ENDEAVORTOWER)", ,,공인회계사업,2015-04-21,03월
회계법인윤,Accounting Corporation Yoon,회계법인윤, ,공보경,기타법인,240134-0035384,662-81-03084,"서울특별시 송파구 법원로11길 7 (문정동, 문정현대지식산업센터1-2), 10층, 1006호", ,,공인회계사업,2024-01-17,03월
회계법인윤현,Yoonhyun Accounting Firm,회계법인윤현, ,변지형,기타법인,110334-0022319,534-87-02370,"서울특별시 중구 무교로 28 5층 (무교동, 시그너스빌딩)", ,,공인회계사업,2021-08-02,03월
회계법인 이상,Isang Accounting Corporation,회계법인이상, ,장호열,기타법인,110134-0091912,617-87-01017,"서울특별시 강남구 영동대로 607 (삼성동, 랜드마크빌딩) 5층",www.isangcpa.com,,공인회계사업,2018-03-26,06월
회계법인 정연,Jeong Yeon Accounting Corporation,회계법인정연, ,"지세환, 김석로",기타법인,116234-0003919,215-86-18974,서울특별시 강남구 언주로 538 대웅빌딩 6층, ,,공인회계사업,2002-01-07,03월
회계법인 정인,JungIn Accounting Corporation,회계법인정인, ,라현주,기타법인,110234-0017411,214-88-58114,서울특별시 서초구 서초동 1581-7 세현빌딩 3층, ,,공인회계사업,2010-04-13,03월
회계법인 정후,Accounting Corporation JungHu,회계법인정후, ,김석훈,기타법인,250134-0044748,799-87-02623,"서울특별시 영등포구 여의대방로65길 6 301호 (여의도동, 센터빌딩)", ,,공인회계사업,2023-01-04,03월
회계법인 조은,Joeun Accounting Corporation,회계법인조은, ,김태영,기타법인,250134-0031399,681-81-00720,"서울특별시 강서구 공항대로 227 (마곡동, 마곡센트럴타워Ⅰ) 308호",없음,,공인회계사업,2017-04-03,03월
회계법인지평,G-pyung Accounting Corporation,회계법인지평, ,이강희,기타법인,250134-0002663,120-86-80689,"서울특별시 강남구 테헤란로84길 15 (대치동, 시몬타워) 8층", ,,공인회계사업,2005-04-07,03월
회계법인 창천,Chang Chun Accounting Corporation,회계법인창천, ,"최완길, 태건우",기타법인,110134-0092019,889-87-01081,서울특별시 강남구 선릉로131길 16 우노빌딩 7층 (논현동),www.atcc.co.kr,,공인회계사업,2018-04-09,03월
회계법인 청,Accounting Corporation Cheong,회계법인청, ,박성호,기타법인,110134-0083472,339-81-00208,"서울특별시 영등포구 대방천로 258 202호(신길동, 보라매골프존)",cheongcpa.net/,,공인회계사업,2015-11-02,03월
회계법인청담,Cheongdam Accounting Corporation,회계법인청담, ,이무섭,기타법인,110134-0091920,797-88-00965,"서울특별시 강남구 언주로134길 14 (논현동, EsTower)4층 회계법인청담",www.cdac.kr,,공인회계사업,2018-04-01,03월
회계법인청인,Accounting Corporation Cheongin,회계법인청인, ,"노경환, 정도희",기타법인,110134-0113815,295-87-03076,서울특별시 강남구 논현로79길 8 2층(역삼동),www.ciacc.co.kr,,공인회계사업,2024-08-09,03월
회계법인 파인우드,Pinewood Accounting Corp,회계법인파인우드, ,윤장원,기타법인,110134-0110720,391-87-03068,서울특별시 강남구 봉은사로22길 30 (역삼동)2층, ,,공인회계사업,2023-09-12,03월
회계법인 평진,Pyeong Jin Accounting Corporation,회계법인평진, ,전종문,기타법인,110234-0018295,114-86-87519,"서울특별시 영등포구 국제금융로 70 502호 (여의도동, 미원빌딩)", ,,공인회계사업,2011-04-12,03월
회계법인하나로,Hanaro Accounting Corporation,회계법인하나로, ,백경민,기타법인,171834-0007532,373-87-00286,"대구광역시 달서구 달서대로 559 808호 (신당동, 이앤씨이노비즈타워)",www.hanacpa.co.kr,,공인회계사업,2016-04-04,03월
회계법인 해솔,HaeSol Accounting Corporation,회계법인해솔, ,김성용,기타법인,110134-0104278,492-88-02092,"서울특별시 강남구 봉은사로37길 5 (논현동, 캠프지) 6층", ,,공인회계사업,2021-09-24,12월
회계법인 현,HYUN Accounting Corporation,회계법인현, ,윤석진,기타법인,110134-0094073,727-87-00896,"서울특별시 강남구 도산대로 149 8층 801호(신사동, 진우빌딩)", ,,공인회계사업,2018-12-06,12월
회계법인 혜안,Accounting corporation HYE AN,회계법인혜안, ,윤창인,기타법인,110134-0101331,338-87-01905,서울특별시 강남구 선릉로85길 8 5층 502호 (역삼동), ,,공인회계사업,2020-12-03,03월
회계법인 호안,Accounting Corporation HOAN,회계법인호안, ,김정현,기타법인,240134-0035286,519-88-02927,"서울특별시 송파구 올림픽로 102 (잠실동, 서일빌딩) 7층", ,,공인회계사업,2024-01-03,03월
(주)횡성유선방송,Hoengseong CATV ,횡성유선방송, ,정성필,기타법인,145111-0002338,224-81-12722,강원도 횡성군 횡성읍 섬강로 142-17 (북천리), ,,기타 엔지니어링 서비스업,1997-05-22,12월
(주)효림개발,"HYORIM CO.,LTD",효림개발, ,김기석,기타법인,110111-6577617,178-86-01010,서울특별시 강남구 역삼로25길 32 (역삼동) 1층, ,,광고 대행업,2017-11-22,12월
효림회계법인,HYORIM Accounting Corporation,효림회계법인, ,김수년,기타법인,114634-0032904,120-86-76787,"서울특별시 강남구 논현로 651 (논현동, 법무사회관) 3층", ,,공인회계사업,2004-12-29,12월
효성기계서비스주식회사,HYOSUNG MOTORCYCLE SERVICE INC,효성기계서비스, ,주상돈,기타법인,110111-0766985,120-81-66886,경상남도 창원시 성산동 77번지,www.hsmc.co.kr,,"기타 기술 시험, 검사 및 분석업",2005-04-01,12월
효성네오켐홀딩스 주식회사,"HYOSUNG NEOCHEM HOLDINGS Co., Ltd.",효성네오켐홀딩스, ,김치형,기타법인,110111-9158381,785-88-02941,서울특별시 서초구 반포대로 235 (반포동), ,,경영 컨설팅 및 공공 관계 서비스업,2025-01-15,12월
효성비에이솔라 주식회사,"Hyosung BA Solar Co., Ltd.",효성비에이솔라, ,박정호,기타법인,211111-0008670,407-87-03494,전북특별자치도 군산시 새만금북로 424 3층 302호 (오식도동), ,,경영 컨설팅업,2025-08-04,12월
효성지에스솔라 주식회사,"Hyosung GS Solar Co., Ltd.",효성지에스솔라, ,박정호,기타법인,211111-0008669,493-81-03611,전북특별자치도 군산시 새만금북로 424  3층 301호 (오식도동), ,,경영 컨설팅업,2025-08-04,12월
효성지제이솔라 주식회사,"Hyosung GJ Solar Co., Ltd.",효성지제이솔라, ,박정호,기타법인,214811-0003587,244-81-03611,전북특별자치도 김제시 도작로 27 2층 (신풍동), ,,경영 컨설팅업,2025-08-04,12월
(주)효천,hyochun,효천, ,김용배,기타법인,110111-3696395,220-87-49817,"서울특별시 서대문구 신촌역로 30 (신촌동, 신촌민자역사) 2번출구 이대방향 주차장내",www.hyochun.co.kr,,광고 대행업,2007-06-13,12월
주식회사 후니즈,"Whoniz Co., Ltd.",후니즈, ,최종천,기타법인,110111-7334834,120-88-27621,"서울특별시 강남구 개포로 224 (개포동, 준빌딩) 6층",www.whoniz.com,,기타 공학 연구개발업,2019-12-24,12월
후성글로벌 주식회사,"FOOSUNG GLOBAL CO., LTD",후성글로벌, ,오영석,기타법인,134811-0613093,856-81-02225,경기도 화성시 팔탄면 현대기아로 72-37 (노하리), ,,경영 컨설팅업,2021-04-06,12월
후성홀딩스 (주),"Foosung Holdings Co., LTD.",후성홀딩스, ,김용민,기타법인,181211-0003091,610-81-04947,경기도 화성시 팔탄면 현대기아로 72-37,www.foosung.com,,경영 컨설팅업,1983-06-23,12월
후지필름디스플레이솔루션즈코리아(주),FUJIFILM Display Solutions korea,후지필름디스플레이솔루션즈코리아, ,ITO SENSHU,기타법인,110111-6861523,528-81-01258,"서울특별시 강남구 테헤란로87길 36 (삼성동, 도심공항타워) 2503호", ,,기타 산업 회사 본부,2018-09-04,03월
주식회사 훈민정음엔터테이먼트,HUNNINJEONGEUM ENTERTAIN,훈민정음엔터테이먼트, ,황정음,기타법인,110111-5191377,212-86-05558,"서울특별시 강동구 성내로6가길 9 (성내동, 라온하늘채) 501호", ,,매니저업,2013-07-25,12월
주식회사 훈유,Hoon Yu,훈유, ,송창호,기타법인,160111-0432693,853-87-00536,"대전광역시 서구 둔산중로 66 (둔산동, 메트로팰리스) 1212", ,,광고 대행업,2016-08-03,12월
휘닉스개발투자(주),"Phoenix Development &Investment Co.,Ltd",휘닉스개발투자, ,박문수 안명호,기타법인,110111-1855472,120-81-98388,서울특별시 강남구 대치3동 글라스타워빌딩 30층,www.pdni.co.kr,,경영 컨설팅업,2000-01-20,12월
(주)휘닉스커뮤니케이션즈,"PHOENIX COMMUNICATIONS, INC.",휘닉스커뮤니케이션즈, ,강영훈,기타법인,110111-5305572,120-88-07173,"서울특별시 강남구 테헤란로 534 (대치동, 글라스타워빌딩) 30층",www.pci.co.kr/,,"광고물 문안, 도안, 설계 등 작성업",2015-01-02,12월
(주)휴곤,HUGON,휴곤, ,조수영,기타법인,110111-7854270,709-87-02178,서울특별시 용산구 소월로38길 25 (이태원동)5층, ,,"그 외 기타 전문, 과학 및 기술 서비스업",2021-04-20,12월
주식회사 휴림바이오셀,"HURIM BIOCELL, INC",휴림바이오셀, ,최준우,기타법인,110111-3279828,211-87-68799,"서울특별시 강서구 허준로 217 403호(가양동, 가양테크노타운)",www.hurimbiocell.com,,"물리, 화학 및 생물학 연구개발업",2005-07-29,12월
(주)휴림홀딩스,Hyulimholdings,휴림홀딩스, ,김도영,기타법인,110111-7711454,782-86-01949,"서울특별시 서초구 남부순환로323길 56-3 4층 7호(서초동, 산도스S빌딩)",-,,"기타 전문, 과학 및 기술 서비스업",2020-12-09,12월
주식회사 휴먼애드,-,휴먼애드, ,정찬영,기타법인,110111-3430058,107-86-76969,서울특별시 강남구 논현동 6-21 세양에이팩스타워 1207, ,,경영 컨설팅업,2006-04-03,12월
휴먼에이엠씨 주식회사,HUMAN AMC,휴먼에이엠씨, ,박효석,기타법인,110111-4033843,214-88-37180,서울특별시 서초구 서초동 1445-14 더샵서초 102-102, ,,경영 컨설팅업,2009-01-23,12월
(주)휴먼인베스트먼트,Human Investment,휴먼인베스트먼트, ,나채정,기타법인,131111-0229508,129-86-32001,경기도 성남시 중원구 상대원동 333-7 금강펜테리움IT타워 A동410호, ,,경영 컨설팅업,2009-04-14,12월
(주)휴먼텍코리아,HUMAN & TECHNOLOGIES CORPORATION,휴먼텍코리아,066060,"박청윤, 정한슬",기타법인,110111-1588677,215-81-71713,경기도 성남시 수정구 수진동 4624 삼성화재성남사옥 3층,www.humantec.co.kr,,기타 엔지니어링 서비스업,1998-09-22,12월
(주)휴먼텍코리아엔지니어링건축사사무소,"HUMAN&TECHNOLOGIES ENGINEERING & ARCHITECTS Co.,Ltd",휴먼텍코리아엔지니어링건축사사무소, ,이충기,기타법인,110111-1612525,215-81-73365,"서울특별시 송파구 법원로 127 (문정동, 문정대명벨리온) 708호, 709호, 710호",www.humanteceng.co.kr,,건축설계 및 관련 서비스업,1998-11-25,12월
(주)휴먼패스,Humanpass Inc.,휴먼패스, ,이승재,기타법인,135111-0054084,123-81-61099,"서울특별시 강서구 양천로 401 (가양동, 강서한강자이타워)",www.humanpass.co.kr,,자연과학 및 공학 연구개발업,2000-09-19,12월
주식회사 휴먼힐스컴퍼니,Human Heals Company Inc,휴먼힐스컴퍼니, ,이동기,기타법인,110111-6165131,779-88-00502,"서울특별시 강남구 테헤란로 128 (역삼동, 성곡빌딩)", ,,경영 컨설팅업,2016-08-31,12월
휴메인개발 주식회사,HUMAIN,휴메인개발, ,김승건,기타법인,110111-4153378,214-88-45661,강원도 홍천군 홍천읍 갈마로 23 (갈마곡리), ,,경영 컨설팅업,2009-08-13,12월
주식회사 휴벳바이오,"Huvet bio, Inc",휴벳바이오, ,정형화,기타법인,110111-5820356,254-88-00153,"서울특별시 송파구 법원로 127 (문정동, 문정대명벨리온) 717,718,719호",www.huvetbio.com,,의학 및 약학 연구개발업,2015-08-26,12월
(주)휴시스,"HUSIS.CO.,LTD",휴시스, ,고창국,기타법인,115911-0022766,128-81-40202,경기도 남양주시 화도읍 창현리 301-4,www.husis.com,,"물리, 화학 및 생물학 연구개발업",1999-05-31,12월
(주)휴코드홀딩스,"Hucord Co., Ltd.",휴코드홀딩스,036840,김준홍,기타법인,131111-0003655,126-81-21908,"경기도 용인시 기흥구 강남로 9 (구갈동, 태평양프라자) 503-63호",www.hucordholdings.com,,의학 및 약학 연구개발업,1979-01-24,12월
주식회사 흥창,heungchang,흥창, ,이상철,기타법인,110111-4598962,217-81-34387,"서울특별시 서초구 신반포로47길 33-8 (잠원동, 옥토빌딩) 5층", ,,경영 컨설팅업,2011-05-09,12월
(주)희림종합건축사사무소,Heerim Architects & Planners,희림,037440,"정영균, 권기재 (각자대표)",코스닥시장,110111-0660806,214-81-15867,서울특별시 강동구 상일로6길 39-,www.heerim.com,,건축설계 및 관련 서비스업,1996-07-30,12월
(주)희우산업,Heewoo,희우산업, ,정성준,기타법인,230111-0313616,749-88-01397,"울산광역시 북구 진장유통로 51-10 (진장동, CGV)", ,,경영 컨설팅업,2019-06-25,12월
희진개발주식회사,HIJIN,희진개발, ,오혜성,기타법인,180111-1266443,436-81-01677,부산광역시 금정구 청룡로 34 청룡동 45-2번지, ,,경영 컨설팅업,2020-01-31,12월
주식회사 히스토스템,HistoStem Corporation,히스토스템, ,한훈,기타법인,110111-1870272,114-81-94669,서울특별시 강동구 둔촌동 518-4 탯줄빌딩 3층 ,www.histostem.co.kr,,의학 및 약학 연구개발업,2000-02-02,12월
주식회사 힐리노엘에스,Healinnols Inc.,힐리노엘에스, ,김진희,기타법인,160111-0580088,838-88-01853,"대전광역시 유성구 유성대로 1662 (전민동, 대전바이오벤처타운)", ,,의학 및 약학 연구개발업,2021-02-01,12월
