회사이름,영문명,공시회사명,종목코드,대표자명,법인구분,법인등록번호,사업자등록번호,주소,홈페이지,IR홈페이지,업종명,설립일,결산월
주식회사 2016하이웨이,2016 highway Inc.,2016하이웨이, ,김선웅,기타법인,141211-0081748,796-88-00579,"서울특별시 강남구 테헤란로77길 11-18 (삼성동, 스마트빌딩) 6층", ,,태양력 발전업,2016-11-01,12월
주식회사 2018동부하이웨이솔라,2018 dongbu highway solar Inc.,2018동부하이웨이솔라, ,김선웅,기타법인,141211-0098610,378-87-01164,"서울특별시 강남구 테헤란로77길 11-18 (삼성동, 스마트빌딩) 6층", ,,태양력 발전업,2019-01-01,12월
주식회사 2021서부하이웨이솔라,2021 seobu highway Inc.,2021서부하이웨이솔라, ,김선웅,기타법인,141211-0123615,368-87-02512,"서울특별시 강남구 테헤란로77길 11-18 (삼성동, 스마트빌딩) 6층", ,,태양력 발전업,2021-07-29,12월
GS파워(주),"GS Power Co., Ltd.",GS파워, ,유재영,기타법인,134111-0074744,123-81-57770,경기도 안양시 동안구 부림로 100,www.gspower.co.kr,,발전업,2000-06-07,12월
(주)JW솔라파크 ,JWSOLARPARK,JW솔라파크, ,이정원,기타법인,170111-0503236,504-86-08527,대구광역시 북구 칠곡중앙대로 286 (태전동)2층, ,,전기업,2013-09-03,12월
MS종합가스주식회사,MS GENERAL GAS .CO.LTD.,MS종합가스, ,남택윤,기타법인,184511-0010493,621-81-22305,경상남도 양산시 소주공단2길 48 (주남동),www.msgas.co.kr,,연료용 가스 제조 및 배관공급업,1993-11-30,12월
NIPPON SANSO,NIPPON SANSO,NIPPONSANSO, ,HIROSHI TAGUCHI,기타법인, ,28302,서울특별시 종로구 신문로 1가 226 흥국생명 18층 살로먼스미스바니증권 증권관리팀, ,,연료용 가스 제조 및 배관공급업,1918-07-20,03월
OCI SE 주식회사,"OCI SE Co., Ltd.",OCISE, ,김원현,기타법인,211111-0035867,401-81-47852,"전라북도 군산시 새만금산단3로 213 (오식도동, OCISE)",ocise.co.kr,,전기업,2012-07-31,12월
Pacific Gas Supply Corporation,Pacific Gas Supply Corporation,PacificGasSupplyCorporation, ,"Anthony L, Elshout",기타법인, ,11838,"330 Ignacio Boulevard Ignacio, California 94949, U.S.A.", ,,연료용 가스 제조 및 배관공급업,1982-12-07,12월
(주)PSG,PSG CORPORATION,PSG, ,"문영만, 우지숙",기타법인,195011-0000912,612-81-04093,부산광역시 강서구 과학산단2로19번길 200 (지사동),www.psgas.com,,연료용 가스 제조 및 배관공급업,1993-04-21,12월
SGC에너지(주),"SGC Energy Co.,Ltd.",SGC에너지,005090,"이우성, 박준영, 이복영",유가증권시장,110111-0079817,214-81-89700,"서울특별시 서초구 양재대로 246 2층,3층 한국소비자원",www.sgcenergy.co.kr,,전기업,1967-06-27,12월
(주)가나에너지,Gana Energy Co. Ltd,가나에너지, ,최해두 안종호,기타법인,110111-6161543,182-86-00475,경기도 양주시 남면 삼일로485번길 92 (상수리), ,,"증기, 냉ㆍ온수 및 공기조절 공급업",2016-08-26,12월
가로림조력발전(주),"Garolim Tidal Power Plant Co.,Ltd",가로림조력발전, ,김종선,기타법인,161411-0018834,316-81-10168,충청남도 태안군 원북면 발전로 457 (방갈리) 태안건설본부 내, ,,발전업,1997-09-19,12월
가시리사랑 주식회사,Gashirisarang,가시리사랑, ,오혜택,기타법인,220111-0182112,789-86-01237,"제주특별자치도 제주시 아봉로 88 (아라이동, 다담빌리지) 101동 105호", ,,태양력 발전업,2020-11-01,12월
주식회사 가시태양광발전,Ga-Si Solar Power Inc.,가시태양광발전, ,이은표,기타법인,224111-0040986,158-81-01063,제주특별자치도 서귀포시 표선면 표선중앙로 74 표선면 가시리 1609, ,,태양력 발전업,2018-02-01,12월
주식회사 가이아에너지,GAIAENERGY,가이아에너지, ,김동수,기타법인,135811-0214197,135-86-23318,"경기도 용인시 기흥구 흥덕1로 13 1402호(영덕동, 흥덕IT밸리)", ,,태양력 발전업,2012-06-05,12월
강동그린컴플렉스 주식회사,GANGDONG GREEN COMPLEX,강동그린컴플렉스, ,주성준,기타법인,171211-0127207,745-88-02185,경상북도 경주시 강동면 강동산단로2길 102 (왕신리), ,,"전기, 가스, 증기 및 공기조절 공급업",2022-01-19,12월
강릉사천연료전지 주식회사,Gangneung Sacheon FuelCell,강릉사천연료전지, ,이재동,기타법인,110111-7014288,235-87-01339,강원도 강릉시 동해대로 3298 (죽헌동),www.gsfc.kr,,기타 발전업,2019-02-14,12월
강릉에코파워 주식회사,"Gangneung Eco Power Co., Ltd.",강릉에코파워, ,유준석,기타법인,141111-0045829,226-81-50381,강원특별자치도 강릉시 강동면 율곡로 1954,www.gepower.co.kr,,화력 발전업,2014-06-27,12월
강릉윈드파워(주),GANGNUNG WIND POWER Ltd.,강릉윈드파워, ,서보원,기타법인,141111-0029360,226-81-36017,강원도 강릉시 왕산면 대기리 2214-120, ,,발전업,2006-12-20,12월
강원도시가스주식회사, ,강원도시가스, ,유춘재,기타법인,140111-0002010,221-81-02394,강원도 춘천시 후평동 311번지 8호,없음,,연료용 가스 제조 및 배관공급업,1984-02-21,12월
강원도시가스(주),"KANGWON City Gas.co.,Ltd ",강원도시가스, ,하형은,기타법인,140111-0002010,221-81-02394,강원도 춘천시 삭주로 163 강원도시가스(주),www.kangwoncitygas.co.kr,,연료용 가스 제조 및 배관공급업,1984-02-21,12월
강원솔라파크(주),"GangWon Solar Park Co., Ltd",강원솔라파크, ,장치평,기타법인,140111-0030392,221-81-27056,강원도 춘천시 송암동 466-2, ,,발전업,2006-01-17,12월
강원풍력발전주식회사,"Gangwon Wind Power Co., Ltd.",강원풍력발전, ,이규환,기타법인,145011-0003651,226-81-27518,강원도 평창군 대관령면 꽃밭양지길 688-206 강원풍력발전주식회사, ,,발전업,2001-09-15,12월
주식회사 강원학교태양광,Kangwonschoolsolr,강원학교태양광, ,고석범,기타법인,140111-0054920,221-81-46034,강원도 강릉시 남부로 197 (노암동), ,,발전업,2014-03-25,12월
(주)강진항촌태양광,"TOPINFRA YEONGAM SOLAR CO.,LTD",강진항촌태양광, ,양홍석,기타법인,205411-0022030,412-81-47584,전라남도 강진군 도암면 월하안길 31-49 (석문리)  산 194-3, ,,발전업,2013-04-05,12월
강화조력발전주식회사,Ganghwa tidal power corporation,강화조력발전, ,김토문,기타법인,120111-0521692,131-86-19258,"서울특별시 중구 을지로 170 (을지로4가, 을지트윈타워)", ,,발전업,2010-01-28,12월
(주)거금솔라파크,"GeoGeum Solar Park Co., Ltd.",거금솔라파크, ,최규석,기타법인,161511-0100837,312-86-01532,"전라남도 고흥군 금산면 석산길 262 (어전리, 일반공장)", ,,발전업,2008-07-31,12월
거금이에스에스주식회사,GGESS,거금이에스에스, ,윤상권,기타법인,110111-6742070,780-88-01063,서울특별시 종로구 자하문로1길 34 지하층(체부동), ,,태양력 발전업,2018-05-04,12월
거창이에스에스주식회사,GEOCHANGESS,거창이에스에스, ,김종보,기타법인,110111-6136801,370-87-00410,경상남도 거창군 신원면 과정1길 22-3 (과정리), ,,발전업,2016-08-01,12월
거창풍력발전(주),Geochang Wind Power,거창풍력발전, ,노광철,기타법인,191411-0012210,611-81-25488,경상남도 거창군 신원면 과정1길 10 (과정리) 산 150-1, ,,풍력 발전업,2014-07-21,12월
주식회사 검바위솔라,gumbawisolar,검바위솔라, ,장주원,기타법인,200111-0541776,487-88-01131,"광주광역시 광산구 첨단중앙로68번길 22 (산월동, 부영아파트)", ,,태양력 발전업,2018-09-18,12월
경기그린에너지 주식회사,"Gyeonggi Green Energy Co., Ltd",경기그린에너지, ,김대영,기타법인,134811-0229816,124-87-22844,경기도 화성시 향남읍 발안공단로3길 77 경기그린에너지,www.ggey.co.kr,,발전업,2011-11-11,12월
경남에너지(주),"KYUNGNAM ENERGY CO.,LTD",경남에너지,008020,신창동,기타법인,190111-0001509,609-81-11676,경상남도 창원시 성산구  연덕로 18 (웅남동),www.knenergy.co.kr,,연료용 가스 제조 및 배관공급업,1972-07-11,12월
경남파워(주),"Kyungnam Power Co.,Ltd.",경남파워, ,신기택,기타법인,194211-0092776,609-81-83544,경상남도 창원시 웅남동 55-5,www.kn-power.co.kr,,발전업,2008-06-13,12월
(주)경동도시가스,"KYUNGDONG CITY GAS CO.,LTD",경동도시가스,267290,"송재호, 나윤호",유가증권시장,230111-0274751,143-81-32491,울산광역시 북구 염포로 260-10(진장동) 주식회사 경동도시가스,www.kdgas.co.kr,,연료용 가스 제조 및 배관공급업,2017-04-01,12월
경원파워주식회사,KYUNGWON POWER,경원파워, ,조영호,기타법인,195311-0010543,611-81-23933,대구광역시 수성구 화랑로 164 (만촌동),www.kwpower.co.kr,,태양력 발전업,2013-04-05,12월
경주산업단지풍력발전(주),G.I.C.W.P,경주산업단지풍력발전, ,강욱호,기타법인,180111-0805911,617-81-98581,경상북도 경주시 강동면 강동산단로 43-10, ,,발전업,2012-04-25,12월
경주운곡풍력발전 주식회사,"Gyeongju Ungog wind power co., Ltd",경주운곡풍력발전, ,박진우,기타법인,134111-0070356,295-88-03428,"경기도 과천시 코오롱로 11 (별양동, 코오롱)", ,,풍력 발전업,2025-12-05,12월
경주풍력발전(주),"GYEONGJU WIND POWER CO.,LTD",경주풍력발전, ,윤화식,기타법인,171211-0064045,505-81-64250,경상북도 경주시 양북면 불국로 1605-6, ,,발전업,2011-05-18,12월
경현솔라텍(주),KH SOLARTECH,경현솔라텍, ,이석구,기타법인,110111-3781740,512-81-14423,경상북도 봉화군 상운면 하눌리 산200-4, ,,발전업,2007-11-05,12월
(주)경휘,KYUNG HWI SOLARTECH,경휘, ,황인배,기타법인,134311-0013300,507-81-08332,경상북도 울진군 평해읍 오곡리 산94-1, ,,발전업,2007-11-13,12월
고군산해상풍력 주식회사,Gogunsan Offshore Windpower Corporation,고군산해상풍력, ,구현근,기타법인,110111-8915964,290-86-03021,"서울특별시 중구 청계천로 86 (장교동, 한화빌딩)", ,,기타 발전업,2024-04-08,12월
고덕그린에너지(주),"Godeok Green Energy Co., Ltd",고덕그린에너지, ,홍성범,기타법인,110111-5428796,104-86-55233,서울특별시 강동구 아리수로87길 90 (강일동), ,,기타 발전업,2014-05-30,12월
고덕에너지솔루션 주식회사,"Godeok Energy Solution Co.,Ltd.",고덕에너지솔루션, ,김창식,기타법인,131311-0033995,824-87-03331,경기도 평택시 고덕면 도시지원1길 59 (해창리), ,,발전업,2025-02-04,12월
고덕청정에너지 주식회사,"Godeok Clean Energy Co., Ltd.",고덕청정에너지, ,박승철,기타법인,110111-7345617,468-88-01407,"서울특별시 강동구 아리수로93길 27 (강일동, 강일타워) 2층 202,203호",gdcleanenergy.co.kr,,기타 발전업,2020-01-03,12월
고려광발전(주),,고려광발전, ,장용수,기타법인,110111-3684621,214-88-09364,서울특별시 서초구 서초동 1544-12 대성빌딩 302호,,,발전업,2007-06-01,12월
주식회사 고려산기,"korea industrial machinery co.,ltd",고려산기, ,김종의,기타법인,184611-0017865,622-81-13885,경상남도 김해시 한림면 한림로343번길 33-9 (장방리) 고려산기, ,,태양력 발전업,1996-04-12,12월
고성그린파워 주식회사,Goseong Green Power,고성그린파워, ,임진규,기타법인,195011-0015995,612-81-49071,경상남도 고성군 하이면 하이로 34 (덕호리), ,,화력 발전업,2014-06-27,12월
고속도로태양광발전(주),Expressway Solar-light Power Generation Co. Ltd,고속도로태양광발전, ,김춘근,기타법인,120111-0607583,121-86-16327,"인천광역시 옹진군 영흥면 영흥남로293번길 52 (외리, 에너지파크)", ,,발전업,2012-04-13,12월
(주)고암태양광발전,-,고암태양광발전, ,"심상제, 엄달찬",기타법인,195111-0010240,608-81-65524,경상남도 창녕군 대합면 평지리 28-1,-,,전기업,2007-12-30,12월
(주)고원풍력발전 ,GOWON WIND POWER CORPORATION,고원풍력발전, ,박정규,기타법인,144811-0009456,222-81-29964,강원도 태백시 초막2길 3 (화전동), ,,기타 발전업,2013-04-24,12월
(주)고창솔라파크,"Gochang Solarpark co.,ltd",고창솔라파크, ,박현우,기타법인,110111-3601980,120-87-10292,전라북도 고창군 흥덕면 치룡리 100, ,,발전업,2007-01-17,12월
고흥그린솔라타운(주),GO Heung Green Solar Town Co.,고흥그린솔라타운, ,조명희,기타법인,204911-0008130,416-81-60162,전라남도 고흥군 도덕면 오마리 339-1, ,,발전업,2008-02-26,12월
고흥솔라파크 주식회사,"Goheung Solar Park Co., Ltd.",고흥솔라파크, ,김정구,기타법인,131111-0386465,144-81-31705,전라북도 고창군 흥덕면 부안로 148, ,,발전업,2014-10-30,12월
고흥신에너지 주식회사,GOHEUNGSINENERGY,고흥신에너지, ,"손홍철, 한민수",기타법인,204911-0015953,681-81-00851,전라남도 고흥군 포두면 팔영로 431 (송산리) 2층, ,,태양력 발전업,2017-10-24,12월
고흥에너지 주식회사,"Goheung Energy Co,, Ltd",고흥에너지, ,김상준,기타법인,204911-0019327,817-86-01639,"전라남도 고흥군 포두면 우주로 605-1 (길두리, 사무소)",ghe3600@naver.com,,태양력 발전업,2020-03-31,12월
고흥에너지홀딩스 주식회사,"Goheung Energy Holdings Co., Ltd.",고흥에너지홀딩스, ,김선웅,기타법인,110111-8982038,185-86-03355,"서울특별시 강남구 테헤란로77길 11-18 (삼성동, 스마트빌딩) 6층", ,,태양력 발전업,2024-06-26,12월
고흥큐파워솔라팜1호,"Goheung Q Power Solarfarm 1 Co., Ltd.",고흥큐파워솔라팜1호, ,이동훈,기타법인,205411-0035265,291-81-02087,"경기도 수원시 팔달구 권광로 199 (인계동, 세영빌딩) 3층", ,,발전업,2021-07-23,12월
골든루트태양광발전 주식회사,goldenroot solar co.,골든루트태양광발전, ,김장면,기타법인,195511-0148316,615-81-92470,경상남도 김해시 주촌면 농소리 226-3, ,,발전업,2012-06-01,12월
주식회사 광명그린에너지,"Gwangmyeong Green Energy Co.,Ltd",광명그린에너지, ,김주일,기타법인,110111-5867019,779-86-00245,서울특별시 영등포구 국제금융로6길 42 (여의도동), ,,화력 발전업,2015-10-15,12월
광명태양광 주식회사,bright solar.ltd,광명태양광, ,유양우,기타법인,110111-5334430,230-81-04800,"서울특별시 송파구 오금로 189 (방이동, (주)광명전기사옥 6층)", ,,태양력 발전업,2014-02-07,12월
주식회사 광석태양광발전소,"GWANG SEOK SOLAR POWER STATION CO.,LTD",광석태양광발전소, ,박연진,기타법인,204911-0007926,416-81-60099,전라남도 고흥군 도화면 가화리 556, ,,발전업,2007-12-21,12월
광양그린에너지 주식회사,"Gwangyang Green Energy Co., Ltd.",광양그린에너지, ,이용희,기타법인,110111-5875228,469-81-00270,전라남도 광양시 광양읍 서천2길 21 (칠성리) 2층, ,,화력 발전업,2015-10-29,12월
주식회사 광양에너지,GWANGYANG ENERGY,광양에너지, ,유새아,기타법인,204611-0053149,834-86-00765,전라남도 광양시 봉강면 성불로 678-21 구서리 산 14, ,,전기업,2017-06-09,12월
주식회사 광온그린태양광발전소,Gwangongreen solar,광온그린태양광발전소, ,이지은,기타법인,205911-0040892,467-88-01520,전라남도 장성군 동화면 전자농공단지길 32 (남평리), ,,태양력 발전업,2019-04-24,12월
주식회사 광전사,"Gwanggeonsa Co., LTD",광전사, ,오형석,기타법인,205811-0015201,410-87-03165,전라남도 영광군 영광읍 물무로6길 9 (교촌리), ,,태양력 발전업,2014-08-21,12월
광진쏠라 주식회사,"GWANGJIN SOLAR Co., Ltd.",광진쏠라, ,채호중,기타법인,200111-0436307,623-81-00156,광주광역시 북구 자동차로 20 (임동) 1층, ,,태양력 발전업,2015-07-28,12월
주식회사 광호,GWANG HO,광호, ,박희채,기타법인,180111-0946541,617-86-24560,"부산광역시 남구 용호로 64 8층 (용호동, 중앙해수월드)", ,,태양력 발전업,2015-01-01,12월
구래주민풍력 주식회사,GURAEJUMINPUNGNYEOK,구래주민풍력, ,김석면,기타법인,141411-0015149,529-87-01743,강원특별자치도 영월군 상동읍 태백산로 3246 101호, ,,기타 발전업,2020-01-22,12월
주식회사 구미그린에너지,"Gumi Green Energy.Co.,Ltd.",구미그린에너지, ,황병소,기타법인,176011-0113627,584-86-00711,경상북도 구미시 1공단로7길 86-1 (공단동), ,,발전업,2017-04-05,12월
구미에너파크 주식회사,"Gumi EnerPark Co.,Ltd.",구미에너파크, ,유재욱,기타법인,176011-0127743,284-88-01129,경상북도 구미시 신시로 75-1 (형곡동) 동우빌딩 3층, ,,화력 발전업,2018-12-28,12월
주식회사 구미오창태양광발전,"Gumiochang photovoltaic co.,Ltd",구미오창태양광발전, ,방관수,기타법인,176011-0076370,513-81-69289,경상북도 구미시 공단동 77 엘지전자 3공장, ,,발전업,2012-04-30,12월
군산도시가스(주),Gunsan Citygas Corporation,군산도시가스, ,윤인식,기타법인,211111-0003418,401-81-03946,"전라북도 군산시 해망로 178 (장미동, 근로복지공단) 군산도시가스",www.gunsancity.co.kr,,연료용 가스 제조 및 배관공급업,1990-01-06,12월
군산바이오에너지 주식회사,"Gunsan Bio Energy Co., Ltd",군산바이오에너지, ,양경호,기타법인,211111-0043670,599-86-00014,전라북도 군산시 월명로 215 203호(수송동),www.jbbioenergy.co.kr/,,화력 발전업,2015-04-02,12월
군산육상태양광 주식회사,Gunsan Land Solar Co. Ltd,군산육상태양광, ,서지만,기타법인,211111-0063454,411-81-92510,전라북도 군산시 궁포3로 5 (조촌동) 성보빌딩 501호, ,,태양력 발전업,2020-09-29,12월
군위솔라테크(주),"Gunwi Solar Tech Co.,Ltd",군위솔라테크, ,신인수,기타법인,174311-0005672,508-81-21492,경상북도 군위군 소보면 내의리 807-7, ,,전기업,2007-05-09,12월
군장에너지주식회사,"Gunjang Energy co., Ltd.",군장에너지, ,박준영,기타법인,211111-0014332,401-81-20998,전라북도 군산시 임해로 333, ,,발전업,2001-11-01,12월
군장열병합발전 주식회사,GUNJANG Cogeneration Corporation,군장열병합발전, ,진영대,기타법인,110111-3780932,104-86-11098,전라북도 군산시 비응도동 31번지, ,,발전업,2007-11-02,12월
굴업풍력개발 주식회사,Gulup Wind Power Development Corp.,굴업풍력개발, ,박영훈,기타법인,120111-1196064,741-86-02568,"인천광역시 연수구 센트럴로 263 (송도동, 송도국제업무단지C8-2블럭업무복합시설)", ,,전기 판매업,2021-12-02,12월
(주)귀뚜라미에너지,"Kiturami Energy Co., Ltd ",귀뚜라미에너지, ,"최성환, 이명호",기타법인,110111-0385199,113-81-04145,서울특별시 구로구 경인로46길 51 고척동66-12,www.kituramienergy.co.kr,,연료용 가스 제조 및 배관공급업,1984-11-21,12월
주식회사그린나래에너지,"Green Nare Energy Co.,Ltd",그린나래에너지, ,위재성,기타법인,110111-5473634,114-87-19420,"광주광역시 북구 양산제로 51-6 2층 (연제동, 태성빌딩)", ,,발전업,2014-07-28,12월
(주)그린사이언스파워,"GREENSCIENCE POWER Co.,ltd",그린사이언스파워, ,이봉주,기타법인,144811-0010057,222-81-32101,강원도 태백시 동태백로 363 철암동 374-4, ,,화력 발전업,2014-07-22,12월
주식회사 그린솔라,"Green Sola Co.,Ltd",그린솔라, ,허훈,기타법인,170111-0294215,502-81-81809,전라남도 함평군 대동면 상옥리, ,,"전기, 가스, 증기 및 공기조절 공급업",2006-01-01,12월
주식회사 그린솔라에너지,greensolar Co. Ltd.,그린솔라에너지, ,장종민,기타법인,180111-1373868,335-87-02114,"부산광역시 중구 충장대로9번길 46 (중앙동4가, 한진해운빌딩), 8층", ,,태양력 발전업,2021-07-02,12월
주식회사 그린수소에너지,"G.H.E Co.,Ltd",그린수소에너지, ,조동희,기타법인,135811-0369801,180-87-01290,"경기도 수원시 권선구 경수대로 349 ,2층(권선동)",www.k-h-e.kr,,연료용 가스 제조 및 배관공급업,2019-06-25,12월
주식회사 그린아이씨티,GreenICT,그린아이씨티, ,고복연,기타법인,205511-0059940,414-88-01166,전라남도 나주시 남평읍 풍림죽림길 38 (풍림리), ,,태양력 발전업,2019-01-08,12월
그린에너지발전 주식회사,"Green Energy Power Co.,Ltd",그린에너지발전, ,이상득,기타법인,110111-6413100,185-86-00794,강원도 태백시 천제단길 13 1층 (소도동), ,,기타 발전업,2017-05-26,12월
주식회사 그린에너지영광,Green Energy Yeonggwang Inc.,그린에너지영광, ,도진현,기타법인,205811-0026000,850-86-02523,"경기도 용인시 수지구 광교중앙로 338 비동 916-052호 (상현동, 광교우미뉴브)", ,,태양력 발전업,2021-12-24,12월
그린에어(주),"Green Air Co., Ltd.",그린에어, ,"김태영, 한선욱",기타법인,165011-0026005,311-81-29702,충청남도 당진시 송산면 북부산업로 1526 현대제철B지구 산소공장, ,,연료용 가스 제조 및 배관공급업,2008-12-18,12월
주식회사 그린영암에너지,Co. greenyungamenergy,그린영암에너지, ,김남길,기타법인,205911-0018592,409-86-47996,전라남도 장성군 동화면 전자농공단지길 32 (남평리), ,,태양력 발전업,2012-02-28,12월
그린퓨처 주식회사,Green Future Ltd.,그린퓨처, ,양성욱,기타법인,110111-4093938,105-87-31283,서울특별시 마포구 공덕동 257-3 국민서관빌딩 3층 302호, ,,발전업,2009-05-13,12월
주식회사 금산태양광발전소,gumsan,금산태양광발전소, ,김춘학,기타법인,201111-0033821,411-81-70286,전라남도 신안군 안좌면 안좌동부길 484-12 (금산리), ,,발전업,2011-10-12,12월
금성산풍력발전 주식회사,Geumsungsan Wind Power Corporation,금성산풍력발전, ,정연수,기타법인,110111-5711000,603-86-00138,전라남도 화순군 춘양면 변천길 313-64 (가동리), ,,풍력 발전업,2015-04-30,12월
(주)금오에너지,"Kumohenergy co., ltd.",금오에너지, ,윤정택,기타법인,205911-0024713,598-87-00167,"광주광역시 북구 서강로 150 (운암동, 남양휴튼) 101동 1303호", ,,태양력 발전업,2015-11-23,12월
금오자원개발(주),KUMOHSAN,금오자원개발, ,김태수,기타법인,195011-0006118,612-81-24110,경상남도 창녕군 영산면 신제리 62, ,,화력 발전업,2006-01-30,12월
금평전력(주),KUM PYUNG POWER CO,금평전력, ,조명희,기타법인,200111-0228506,410-86-04610,전라남도 영암군 시종면 신학리 1340번지, ,,전기업,2006-07-20,12월
금화씨앤이 주식회사,geumhwa c&e,금화씨앤이, ,육상윤,기타법인,110111-2193029,220-86-08046,경기도 성남시 중원구 둔촌대로466번길 8 금화씨앤이빌딩(상대원동),www.geumhwacne.co.kr,,전기업,2001-03-15,12월
주식회사 기가에너지파트너스,"Giga Energy Partners Co., Ltd.",기가에너지파트너스, ,김봉주,기타법인,110111-8071485,859-88-02295,"서울특별시 종로구 종로1길 50 (중학동, 더케이트윈타워) A동 9층", ,,태양력 발전업,2021-10-28,12월
(주)기선,solar energy & system,기선, ,한광현,기타법인,191111-0034509,609-81-86653,"경상남도 창원시 성산구 완암로 50 (성산동, SK테크노파크) 테크동 1007,1008호",www.solarens.kr,,발전업,2009-01-23,12월
(주)길쌈에너지,Gilssam energy,길쌈에너지, ,서재필,기타법인,160111-0339047,314-86-46097,대전광역시 서구 도산로 158 402호(변동), ,,발전업,2013-01-11,12월
김천에너빅스주식회사,"Gimcheon Enervix Co.,Ltd.",김천에너빅스, ,이중영,기타법인,171311-0016391,510-81-19835,경상북도 김천시 어모면 옥계리 산103, ,,발전업,2008-01-18,12월
김천에너지서비스주식회사,"Gimcheon energy service Co.,Ltd.",김천에너지서비스, ,임락근,기타법인,171311-0019238,510-81-23455,경상북도 김천시 공단4길 118-10,-,,"증기, 냉ㆍ온수 및 공기조절 공급업",2009-12-14,12월
김천풍력발전주식회사,"Gimcheon Wind Power Co., Ltd.",김천풍력발전, ,김양곤,기타법인,110111-3386798,120-86-92303,"서울특별시 강남구 테헤란로 422 (대치동, KT선릉타워East) 11층", ,,풍력 발전업,2006-01-26,12월
나래에너지서비스 주식회사,Narae Energy Service Co.,나래에너지서비스, ,"김명윤, 류진숙",기타법인,110111-4926006,101-86-73756,경기도 하남시 위례대로4길 29 나래에너지서비스, ,,"증기, 냉ㆍ온수 및 공기조절 공급업",2012-07-25,12월
나래에너지서비스 주식회사,"Narae Energy Service Co.,Ltd.",나래에너지서비스, ,"유범희, 김달곤",기타법인,135711-0092181,126-86-59637,경기도 하남시 위례대로4길 29 (학암동),-,,"증기, 냉ㆍ온수 및 공기조절 공급업",2012-11-22,12월
주식회사 나전솔라,Co. najeonsolar,나전솔라, ,"나상태, 전정란",기타법인,160111-0360547,314-86-60390,충청북도 청주시 서원구 남이면 대림로 334-25 (석판리)3층 301호, ,,태양력 발전업,2013-12-04,12월
나주호배꽃품은햇빛발전소 주식회사,najusolarpower,나주호배꽃품은햇빛발전소, ,김정용,기타법인,205511-0090811,430-87-03252,전라남도 나주시 배멧1길 46 (빛가람동) 1동 303호, ,,태양력 발전업,2024-08-27,12월
(주)나투라파워,NATURA POWER,나투라파워, ,"박건표, 정승훈",기타법인,211111-0023276,401-81-32534,전라북도 군산시 조촌동 5-3, ,,발전업,2007-10-23,12월
낙월블루하트 주식회사,"NAKWOL BLUEHEART Co., Ltd.",낙월블루하트, ,강현재,기타법인,205811-0025416,871-86-02215,전라남도 영광군 홍농읍 가마미로 137 (칠곡리), ,,기타 발전업,2021-07-15,12월
남도풍력발전 주식회사,"Namdo Wind Power Co., Ltd.",남도풍력발전, ,박근식,기타법인,200111-0426902,386-87-01049,광주광역시 광산구 장신로 140 501호(수완동), ,,기타 발전업,2018-05-01,12월
주식회사 남양주열병합,"Namyangju Combined Heat and Power Co.,Ltd",남양주열병합, ,문제중,기타법인,284111-0432066,537-86-03070,경기도 남양주시 다산순환로 20 (다산동) 10층 에이에이 10-046~049호, ,,"증기, 냉ㆍ온수 및 공기조절 공급업",2023-12-19,12월
주식회사 남원사랑발전소,주식회사 남원사랑발전소,남원사랑발전소, ,한순종,기타법인,110111-3850181,113-86-20010,서울특별시 종로구 인사동 194-27 태화빌딩 11층, ,,발전업,2008-02-28,12월
주식회사 남정수상태양광운영,Namjung Water Solar,남정수상태양광운영, ,정회걸,기타법인,200111-0544605,196-86-01319,광주광역시 서구 상무누리로 57-6 (치평동), ,,기타 발전업,2018-11-01,12월
남해에너지개발(주),namhai energy development,남해에너지개발, ,김형석,기타법인,200111-0214505,408-81-67408,전라남도 강진군 신전면 백도로 1241-16 (용월리), ,,발전업,2005-08-24,12월
(주)내추럴오투피아 ,natureottopia,내추럴오투피아, ,윤정택,기타법인,110111-4751437,220-88-29521,경기도 이천시 대월면 대월로932번길 94 (초지리), ,,발전업,2012-07-30,12월
내포그린에너지 주식회사,Naepo Green Energy,내포그린에너지, ,김태완,기타법인,164911-0020901,311-81-48427,충청남도 예산군 삽교읍 홍예로 390 (목리)114-9,npge.co.kr,,"증기, 냉ㆍ온수 및 공기조절 공급업",2014-05-01,12월
넥스트리뉴어블스솔루션,"Next Renewables Solution Co., Ltd.",넥스트리뉴어블스솔루션, ,김기환,기타법인,110111-8749694,522-81-02905,"서울특별시 송파구 법원로 128 (문정동, 문정역SKV1), 에이동 7층 706호", ,,발전업,2023-09-20,12월
(주)넥스포쏠라,Nexpo Solar,넥스포쏠라, ,김정호,기타법인,131111-0493434,117-86-00525,강원도 정선군 신동읍 곰봉길 120, ,,태양력 발전업,2017-09-11,12월
(주)넥스포에너지,Nexpo Energy,넥스포에너지, ,김정호,기타법인,131111-0493426,441-86-00942,강원도 정선군 신동읍 곰봉길 120, ,,태양력 발전업,2017-09-11,12월
주식회사 노랑에너지,"Norang Energy Co., Ltd.",노랑에너지, ,윤선우,기타법인,204611-0048736,698-87-00259,전라남도 광양시 마장1길 5-18 (중동), ,,기타 발전업,2016-03-30,12월
(주)노원뉴파워,"NOWONNEWPOWER., LTD",노원뉴파워, ,정택진,기타법인,120111-0815227,599-86-00294,"서울특별시 노원구 덕릉로70길 99 (상계동, SH공사집단에너지사업단(동부지사)외2)",nowonnp@nate.com,,전기업,2016-05-02,12월
노을그린에너지 주식회사,"Noeul Green Energy Co., Ltd",노을그린에너지, ,정형종,기타법인,110111-5476274,105-88-07174,서울특별시 마포구 하늘공원로 108-2 (상암동), ,,발전업,2014-07-25,12월
농업회사법인 미래농산주식회사,mearae,농업회사법인미래농산, ,김상헌,기타법인,201411-0009230,415-81-32964,전라남도 해남군 산이면 덕호길 92-111 (덕호리), ,,태양력 발전업,2009-08-12,12월
뉴에너지파워 주식회사,"New Energy Power CO., Ltd",뉴에너지파워, ,김우태,기타법인,194211-0197427,609-86-04700,"경상남도 창원시 성산구 중앙대로 33 (중앙동, 대흥인터빌) 1022호", ,,발전업,2012-03-12,12월
뉴에너텍(주),"NEW ENERTECH Co.,Ltd",뉴에너텍, ,이충남,기타법인,170111-0375784,502-86-00010,서울특별시 마포구 상암동1654 DMC이안빌딩 1-2306, ,,발전업,2009-04-15,12월
늘샘우이해상풍력발전 주식회사,"Neulsaem Ui Offshore Wind Power Co . ,Ltd",늘샘우이해상풍력발전, ,"문고영, Jones David Edward Lloyd",기타법인,201111-0066608,286-81-02635,전라남도 신안군 압해읍 원가룡길 83-4 (가룡리), ,,기타 발전업,2021-12-16,12월
주식회사 니켈,"Nickel Co., Ltd.",니켈, ,김희성,기타법인,285011-0492409,163-86-01357,"광주광역시 서구 상무중앙로78번길 5-6 (치평동, 영효빌딩), 901호", ,,태양력 발전업,2019-01-24,12월
(주)다남솔라,danamsolar,다남솔라, ,박윤숙,기타법인,200111-0337133,410-86-59532,전라남도 해남군 황산면 염수들길 103-12 (호동리), ,,발전업,2012-03-12,12월
다산태양광발전(주),"Dasan solar generation co.,Ltd",다산태양광발전, ,이창직,기타법인,205311-0004220,415-81-22845,전라남도 강진군 강진읍 남성리 18-6, ,,발전업,2006-06-28,12월
(주)다인태양광발전소,"Dain Photovoltaic Power CO., LTD",다인태양광발전소, ,허필수,기타법인,170111-0360248,502-81-97107,대구광역시 동구 신천동 79-1번지,-,,발전업,2008-05-01,12월
주식회사 담훈개발 ,Damhoon corp.,담훈개발, ,류근하,기타법인,224111-0052816,255-81-01874,"제주특별자치도 서귀포시 중산간서로 777 (중문동), 제 B동", ,,태양력 발전업,2020-06-09,12월
닷스테이션 주식회사,"DOTSTATION CO. ,Ltd",닷스테이션, ,이윤조,기타법인,110111-8357067,571-88-02527,"대구광역시 달서구 성서공단로11길 62 (호산동, 대구테크노파크성서캠퍼스S)",dotstation.kr/,,전기 판매업,2022-07-06,12월
당진에코파워 주식회사,dangjin eco power corporation,당진에코파워, ,김봉학,기타법인,165011-0069097,197-87-01401,충청남도 당진시 시청2로 20 (수청동) 301호, ,,태양력 발전업,2019-08-20,12월
당진행복솔라 주식회사,"Dangjin Haengbok Solar Co., Ltd.",당진행복솔라, ,유영욱,기타법인,110111-8022925,287-88-02302,"서울특별시 중구 남대문로 117 11층 (다동, 동아빌딩)", ,,발전업,2021-09-10,12월
(주)대광반도체,"DAE KWANG SEMICONDUCTOR CO.,LTD.",대광반도체, ,김종화,기타법인,135211-0004615,138-81-15904,"경기도 군포시 농심로59번길 1 (당정동, (주)대광반도체)",www.dksblu.com,,태양력 발전업,1998-01-01,12월
대구그린파워주식회사,"Daegu Green Power Co.,Ltd.",대구그린파워, ,김동권,기타법인,170111-0403197,502-86-05368,대구광역시 동구 율암동 524-13,www.e-dgpower.co.kr,,화력 발전업,2010-05-04,12월
대구태양광발전(주),daegusolar,대구태양광발전, ,최민,기타법인,170111-0468323,502-86-19182,대구광역시 달서구 와룡로45길 72-14 (용산동) 대구태양광발전(주), ,,발전업,2012-08-06,12월
대기풍력발전 주식회사,"DaeGi WIndPower.CO,Ltd",대기풍력발전, ,"황의정, 이세형",기타법인,141111-0047601,259-86-00038,강원도 강릉시 왕산면 안반데기2길 46-15 (대기리), ,,기타 발전업,2015-03-10,12월
(주)대덕그린에너지,"Deadeok Green Energy Co.,Ltd",대덕그린에너지, ,채상협,기타법인,160111-0302028,314-86-25582,"대전광역시 대덕구 문평동로48번길 125 (문평동, (주)동양환경)", ,,"증기, 냉ㆍ온수 및 공기조절 공급업",2011-10-01,12월
주식회사 대륜E&S,"DAERYUN E&S CO., LTD.",대륜E&S, ,전동수,기타법인,110111-1720633,217-81-16055,서울특별시 노원구 덕릉로70길 54 (상계동),www.daeryunens.com,,연료용 가스 제조 및 배관공급업,1999-06-23,12월
주식회사 대륜발전,"DAERYUN POWER CO.,LTD",대륜발전, ,전동수,기타법인,110111-4247676,206-86-39053,경기도 양주시 화합로1710번길 125 (옥정동),www.daeryunpower.com,,"증기, 냉ㆍ온수 및 공기조절 공급업",2009-12-23,12월
(주)대륜에너지,"DAERYUN ENERGY CO.,LTD.",대륜에너지, ,김성회,기타법인,110111-3945734,206-86-27033,경기도 의정부시 민락로 244-6,www.daeryunenergy.com,,"증기, 냉ㆍ온수 및 공기조절 공급업",2008-07-31,12월
대명지이씨풍력발전주식회사,"Dae Myoung Global Engineering Construction Wind Power Co.,Ltd.",대명지이씨풍력발전, ,서기섭,기타법인,234111-0056452,621-81-84989,경상남도 양산시 어곡동 2091-3, ,,발전업,2010-06-07,12월
대불그린1호 주식회사,"DaebulGreen1 Co.,Ltd.",대불그린1호, ,강화구,기타법인,205411-0033516,535-86-01964,전라남도 영암군 삼호읍 나불로 230, ,,전기업,2020-08-31,12월
대산그린에너지(주),Daesan Green Energy Co. Ltd.,대산그린에너지, ,유동석,기타법인,161411-0041942,750-86-01020,"충청남도 서산시 대산읍 독곶해변길 130 (독곶리, 대산그린에너지)", ,,기타 발전업,2018-01-25,12월
대산에너지(주),DaesanEnergy Corporation,대산에너지, ,문재경,기타법인,120111-0659229,131-86-48700,인천광역시 남동구 청능대로 353 (고잔동), ,,발전업,2013-05-13,12월
대산열병합발전 주식회사,"Daesan Combined Heat and Power Co.,Ltd.",대산열병합발전, ,김홍철,기타법인,161211-0022475,307-81-31062,"충청남도 서산시 읍내3로 28 (읍내동, 서림빌딩)",www.daesanchp.com,,화력 발전업,2010-01-13,12월
대성에너지(주),"DAESUNG ENERGY CO.,LTD",대성에너지,117580,대표이사 김영훈 대표이사 박문희,유가증권시장,170111-0387416,504-81-83652,대구광역시 중구 명덕로 85 (남산동),www.daesungenergy.com,,연료용 가스 제조 및 배관공급업,2009-10-01,12월
대성청정에너지(주),"DAESUNGCLEANENERGY CO., LTD.",대성청정에너지, ,최동원,기타법인,171111-0004861,508-81-05702,경상북도 안동시 모래골1길 61 (송현동),daesungcleanenergy.co.kr,,연료용 가스 제조 및 배관공급업,1997-07-12,12월
대영산업 주식회사,DAEYOUNG,대영산업, ,민기훈,기타법인,201411-0000379,415-81-01480,전라남도 해남군 옥천면 영신리 605-1, ,,발전업,1989-11-03,12월
대재에너지 주식회사,"Daejae energy Co., Ltd",대재에너지, ,안동환,기타법인,284611-0015060,127-86-35661,경기도 동두천시 동두천동 544, ,,"증기, 냉ㆍ온수 및 공기조절 공급업",2011-11-29,12월
대전열병합발전주식회사,"Daejeon Cogeneration Plant Co., Ltd.",대전열병합발전, ,이영준,기타법인,160111-0191083,314-81-74846,"대전광역시 대덕구 신일서로68번길 71 (신일동, 대전열병합발전(주))",www.djcp.co.kr,,"증기, 냉ㆍ온수 및 공기조절 공급업",2005-05-25,12월
대정해상풍력발전주식회사,"Daejung Offshore Wind Power Co., Ltd",대정해상풍력발전, ,김철용,기타법인,220111-0095315,616-81-99059,"제주특별자치도 서귀포시 대정읍 상모대서로 5 (상모리, 모닝글로리)", ,,발전업,2012-09-05,12월
주식회사 대척태양광발전소,Daecheok Solar Energy ,대척태양광발전소, ,김춘학,기타법인,201111-0033813,411-81-69227,전라남도 신안군 안좌면 안좌동부길 611-29 (대척리), ,,발전업,2012-01-05,12월
대한테크렌(주),TAIHAN TECHREN CO.LTD,대한테크렌, ,한광현,기타법인,110111-3354711,104-81-97918,서울특별시 중구 회현동1가 인송빌딩 14층,www.techren.co.kr,,발전업,2005-12-12,12월
대호에너지(주),"DAEHO ENERGY Co.,LTD",대호에너지, ,최영종,기타법인,201111-0026404,411-81-49594,전라남도 신안군 팔금면 읍리 921, ,,발전업,2007-06-13,12월
대호지솔라파크,"Daehoji Solar Park Co., Ltd.",대호지솔라파크, ,채재훈,기타법인,165011-0072983,620-87-01838,충청남도 당진시 대호지면 조금리 162-2, ,,태양력 발전업,2020-06-16,12월
더솔라파워(주),The Solar Power Ltd,더솔라파워, ,송수연,기타법인,135111-0086095,123-86-11366,충청남도 부여군 세도면 화수리, ,,"전기, 가스, 증기 및 공기조절 공급업",2007-08-22,12월
(주)덕양도시가스서비스,DUK YANG CITY GAS SERVICE,덕양도시가스서비스, ,박상박,기타법인,285011-0142210,128-86-29634,경기도 고양시 덕양구 고양대로 1387 (성원코아) 204호, ,,연료용 가스 제조 및 배관공급업,2008-04-01,12월
(주)덕양에너젠,DEOKYANG ENERGEN CORPORATION,덕양에너젠,0001A0,"김기철, 박주동",코스닥시장,206211-0077244,121-88-01866,전라남도 여수시 산단중앙로 233,www.dyenergen.com/,,연료용 가스 제조 및 배관공급업,2020-11-09,12월
주식회사 덕일,DEOKIL,덕일, ,김인석,기타법인,141211-0085625,530-88-00528,강원도 원주시 지정면 보통로 380 (보통리), ,,연료용 가스 제조 및 배관공급업,2016-10-06,12월
도음산풍력발전(주),"Doeumsan Windfarm.co.,Ltd",도음산풍력발전, ,노광철,기타법인,110111-5752567,160-81-00126,"서울특별시 강남구 테헤란로 422 (대치동, KT선릉타워East) 11층", ,,풍력 발전업,2015-06-15,12월
도촌솔라테크(주),DOCHON SOLARTECH,도촌솔라테크, ,김치욱,기타법인,110111-3684796,512-81-13797,경상북도 봉화군 봉화읍 도촌리 산73-12, ,,발전업,2007-05-23,12월
동강풍력발전 주식회사,"Donggang Wind Power Co., Ltd.",동강풍력발전, ,신광수,기타법인,171711-0120772,652-87-00267,전라남도 고흥군 과역면 과역로 859 (과역리) 201호, ,,기타 발전업,2015-10-13,12월
동남태양광발전 주식회사,"dongnam Fotovoltaik co,.ltd",동남태양광발전, ,최영상,기타법인,194211-0213489,609-86-12758,"경상남도 창원시 성산구 완암로 84 (성산동, 엘지전자(주)창원2공장비2동3층(주)서브원)", ,,발전업,2013-05-21,12월
동남해안해상풍력 주식회사,"DongNam Offshore Wind Co., Ltd.",동남해안해상풍력, ,윤광수,기타법인,110111-8180335,427-81-02482,"울산광역시 북구 강동산하4로 21 502호(산하동, 센트럴 플레이스)", ,,풍력 발전업,2022-01-25,12월
동두천드림파워(주),DONGDUCHEON DREAM POWER Co. Ltd.,동두천드림파워, ,최백순,기타법인,284611-0014541,127-86-31796,경기도 동두천시 쇠목길 110,www.iddp.co.kr,,화력 발전업,2011-06-03,12월
(주)동복에너지,"Dongbok Energy. Co.,Ltd.",동복에너지, ,홍사혁,기타법인,134811-0407777,770-88-00596,"서울특별시 금천구 디지털로9길 99 (가산동, 스타밸리)1209호", ,,기타 발전업,2017-08-01,12월
동부당진솔라 주식회사,"Dongbu Dangjin Solar Co.,Ltd.",동부당진솔라, ,김완석,기타법인,165011-0036864,311-81-40764,충청남도 당진시 송악읍 북부산업로 1228, ,,발전업,2011-12-26,12월
동부발전삼척(주),DONGBU POWER SAMCHOEK CORPORATION,동부발전삼척, ,최경진,기타법인,144611-0015895,222-81-28102,강원도 강릉시 하슬라로 15 (홍제동), ,,화력 발전업,2012-03-26,12월
주식회사 동부에너지,DONG BU ENERGY.LTD,동부에너지, ,권오장,기타법인,230111-0175363,610-86-06988,울산광역시 남구 부두로 50 (매암동 360-65), ,,연료용 가스 제조 및 배관공급업,2011-04-04,12월
동부하슬라파워 주식회사,DONGBU HASLLA POWER CORPORATION,동부하슬라파워, ,최경진,기타법인,141111-0041322,226-81-45836,강원도 강릉시 하슬라로 15 (홍제동), ,,화력 발전업,2012-07-24,12월
(주)동부하이웨이솔라,Co.Dongbu highway solar,동부하이웨이솔라, ,김선웅,기타법인,141211-0091094,715-87-00781,"서울특별시 영등포구 선유서로21길 14 (양평동2가, 양평동오피스텔) 2층 201-비307호", ,,태양력 발전업,2017-07-25,12월
동성윈드파워(주),Dongsung Windpower Co,동성윈드파워, ,김장수,기타법인,141111-0029691,226-81-36337,강원도 강릉시 두산동 30, ,,발전업,2007-02-15,12월
동신주식회사,"Dongshin co., ltd.",동신, ,여영동,기타법인,170111-0014291,502-81-02065,경상북도 경산시 와촌면 금송로 421 (소월리) 동신주식회사, ,,태양력 발전업,1977-12-23,12월
(주)동양고속발전,"Dong Yang Express Power Co., Ltd",동양고속발전, ,윤기상,기타법인,164811-0038641,312-81-86856,전라남도 신안군 지도읍 태천리 1524 105, ,,발전업,2006-11-24,12월
(주)동양그린발전,"Dong Yang Green Power Co., Ltd",동양그린발전, ,강세환,기타법인,134111-0147989,138-81-37382,전라남도 신안군 지도읍 태천리 1524 107, ,,발전업,2006-11-24,12월
(주)동양에너지,"Dong Yang Energy Co.,Ltd",동양에너지, ,신기호,기타법인,131311-0069851,125-81-65596,전라남도 신안군 지도읍 태이길 31-69 (태천리), ,,발전업,2006-11-24,12월
(주)동양에너지,TONG YANG ENERGY,동양에너지, ,이동호,기타법인,110111-4835794,101-86-71592,서울특별시 영등포구 국제금융로2길 24 (여의도동), ,,화력 발전업,2012-04-03,12월
(주)동인태양광발전소,Donginsolar,동인태양광발전소, ,유새아,기타법인,201311-0067024,599-88-00662,전라남도 순천시 외서면 반월로 224-43 반용리 288, ,,전기업,2017-03-15,12월
(주)동진쏠라에너지,"Dong Jin Solar Energy Co., Ltd ",동진쏠라에너지, ,허훈,기타법인,174711-0018643,505-81-41863,광주광역시 광산구 용동 671-2, ,,발전업,2006-10-13,12월
주식회사동화에너지,"Donghwa Energy Co.,Ltd",동화에너지, ,곽병호,기타법인,214311-0001374,407-81-14586,전라북도 장수군 산서면 동화리 603-2, ,,발전업,2006-04-24,12월
드림라인쏠라파워1호 주식회사,DREAMLINE SOLAR-POWER 1,드림라인쏠라파워1호, ,김창호,기타법인,110111-6279809,598-81-00675,"서울특별시 송파구 중대로 135 (가락동, 아이티벤처타워) 동관 9층",www.dreamline-spc1.co.kr,,발전업,2017-01-04,12월
드림라인쏠라파워4호 주식회사,DREAMLINE SOLAR-POWER 4,드림라인쏠라파워4호, ,한명훈,기타법인,110111-6390530,394-86-00796,"서울특별시 중구 세종대로 92 (태평로2가, 한화금융센터태평로) 17층", ,,전기업,2017-04-28,12월
드림라인쏠라파워5호 주식회사,DREAMLINE SOLAR-POWER 5,드림라인쏠라파워5호, ,안상수,기타법인,110111-6432225,186-81-00827,"서울특별시 중구 세종대로 92 (태평로2가, 한화금융센터태평로) 17층", ,,전기업,2017-06-16,12월
디쏠라에너지주식회사,"DSolar Energy Co.,Ltd",디쏠라에너지, ,허훈,기타법인,110111-3753955,107-87-00578,"전라남도 영광군 백수읍 백수로3길 171 (하사리, 테양광발전소)", ,,발전업,2007-09-12,12월
주식회사 디에이치홀딩스,DHholdings,디에이치홀딩스, ,김명희,기타법인,200111-0280572,409-86-09779,광주광역시 서구 상무대로 837 (쌍촌동), ,,태양력 발전업,2009-08-19,12월
(주)디와이발전산업,"DY Power Industrial Co., Ltd",디와이발전산업, ,이선재,기타법인,135811-0132993,124-86-50076,전라남도 신안군 지도읍 태천리 1524 106, ,,발전업,2006-11-24,12월
디와이뱅크(주),"DY BANK CO., LTD",디와이뱅크, ,최영근,기타법인,200111-0224893,410-86-02757,광주광역시 광산구 하남대로 135 (흑석동), ,,발전업,2006-04-17,12월
주식회사 디케이에너지,corporation DKenergy ,디케이에너지, ,윤성희,기타법인,150111-0232540,738-88-00710,충청북도 청주시 흥덕구 남석로 535-54 1층 (석곡동), ,,전기 판매업,2017-03-03,12월
유한회사 라미솔라,ramisolar.Ltd,라미솔라, ,박범진,기타법인,110114-0171542,808-81-01829,"서울특별시 영등포구 여의나루로 57 (여의도동, 신송센타빌딩) 12층", ,,태양력 발전업,2015-11-19,12월
라온태양광,"Raon Co., Ltd.",라온태양광, ,홍순필,기타법인,154411-0032429,419-86-01134,충청북도 괴산군 소수면 수동길 2-23, ,,태양력 발전업,2018-08-20,03월
주식회사 루시드에너지,"Lucid Energy Co, Ltd.",루시드에너지, ,한정탁,기타법인,201111-0068274,895-88-02549,전라남도 목포시 영산로 93-1 (명륜동) 301호, ,,"증기, 냉ㆍ온수 및 공기조절 공급업",2022-06-02,12월
르솔레이 유한회사,"Le Soleil, Inc.",르솔레이, ,이영호,기타법인,210114-0109071,378-88-00518,전라북도 고창군 무장면 가라1길 23 (옥산리) 1242-2, ,,태양력 발전업,2016-03-14,12월
리뉴에너지(주),"Renew Energy Co., Ltd",리뉴에너지, ,김정훈,기타법인,164211-0019205,305-86-05942,충청남도 금산군 추부면 금산로 2443 (추정리),www.anothen.co.kr/,,"증기, 냉ㆍ온수 및 공기조절 공급업",2010-07-19,12월
주식회사 리벤트에너지,REVENT ENERGY Inc.,리벤트에너지, ,이영수,기타법인,171611-0029918,392-88-03239,경상북도 영덕군 영덕읍 해맞이길 247 (창포리), ,,발전업,2024-05-30,12월
리클린대구 주식회사,Re-Clean Daegu Company Limited,리클린대구, ,이승훈,기타법인,194511-0013700,233-81-09895,대구광역시 달서구 성서공단남로 126 (월암동), ,,발전업,2017-07-21,03월
주식회사 마루태양광,"Maru Co., Ltd.",마루태양광, ,박한주,기타법인,154411-0032388,432-87-01022,충청북도 괴산군 소수면 수동길 2-23, ,,태양력 발전업,2018-08-20,03월
마스터솔라(주),master corp.,마스터솔라, ,위재성,기타법인,141211-0132335,233-87-02915,경기도 화성시 동탄첨단산업1로 14 (영천동) 5층 515호, ,,태양력 발전업,2022-10-20,12월
주식회사 맑은제주에너지,Mal-Keun Jeju Energy Inc.,맑은제주에너지, ,이은표,기타법인,220111-0173012,162-87-01050,제주특별자치도 제주시 조천읍 신북로 194 조천읍 북선서길 25, ,,태양력 발전업,2018-03-01,12월
맹골도해상풍력발전 주식회사,"Maenggoldo Offshore Wind Power Co., Ltd.",맹골도해상풍력발전, ,"최우진, 신정원",기타법인,110111-7283346,224-81-68551,전라남도 목포시 영산로 93-1 (명륜동) 3층 359호, ,,풍력 발전업,2019-11-06,03월
주식회사 멧카코리아,"METKA KOREA Co., Ltd.",멧카코리아, ,권진형,기타법인,164711-0076429,701-86-00989,"서울특별시 영등포구 선유서로21길 14 (양평동2가, 양평동오피스텔) 2층 201-비433호", ,,태양력 발전업,2018-05-01,12월
명지에너지 주식회사,"MyeongJi Energy Co., Ltd.",명지에너지, ,이종식,기타법인,180111-1034105,825-87-00360,"부산광역시 수영구 수영로 480 (남천동, 씨드이빌딩) 2층", ,,"전기, 가스, 증기 및 공기조절 공급업",2016-05-17,12월
모두의알이백2호 주식회사,"Modu RE100 No.2 Co., Ltd.",모두의알이백2호, ,박충수,기타법인,110111-0935616,201-87-03483,"서울특별시 강남구 학동로 402 707호 (삼성동, 천마빌딩)", ,,태양력 발전업,2025-08-25,12월
(주)모하솔라,MOHA SOLAR,모하솔라, ,문진열,기타법인,200111-0492523,845-87-00796,전라남도 장성군 동화면 전자농공단지길 32 (남평리), ,,태양력 발전업,2017-04-13,12월
묘도연료전지발전 주식회사,"Myodo Fuel Cell Power Co., Ltd.",묘도연료전지발전, ,공용남,기타법인,206211-0070123,150-86-02646,전라남도 여수시 여수산단로 1469-80 (낙포동), ,,기타 발전업,2019-06-05,12월
묘도열병합 주식회사,"Myodo CHP Co., Ltd.",묘도열병합, ,이경진,기타법인,206211-0077624,465-86-02586,전라남도 여수시 여수산단로 1469-80 (낙포동), ,,"증기, 냉ㆍ온수 및 공기조절 공급업",2020-12-01,12월
무림파워텍 주식회사,"MOORIM POWERTECH C0.,LTD.",무림파워텍, ,주철우,기타법인,191111-0010575,613-81-10695,경상남도 진주시 남강로1317번길 24 무림파워텍(상대동),www.moorimpowertech.co.kr,,화력 발전업,1995-03-30,12월
주식회사 무안솔라파크,MUANSOLARPARK,무안솔라파크, ,백종관,기타법인,200111-0547443,692-81-01151,광주광역시 북구 첨단연신로30번길 41 (연제동), ,,태양력 발전업,2018-12-03,12월
(주)무안햇빛발전소,muansunlight,무안햇빛발전소, ,윤찬국,기타법인,205711-0020385,123-86-48728,전라남도 무안군 운남면 농장길 159, ,,태양력 발전업,2017-08-09,12월
유한회사 문경가온태양광발전,Moonkyung Gaon Solar Power,문경가온태양광발전, ,김근식,기타법인,175414-0000582,797-88-01305,경상북도 문경시 신기로 20 (유곡동), ,,태양력 발전업,2018-12-11,12월
주식회사 미래,MIRAE CORPORATION,미래, ,김용태,기타법인,140111-0065141,394-86-00568,강원도 춘천시 신북읍 사랑말1길 62 (율문리), ,,태양력 발전업,2016-07-26,12월
주식회사 미래빛에너지,"MiRaeBit Energy Co., Ltd.",미래빛에너지, ,김찬수,기타법인,161511-0269758,637-87-02121,"서울특별시 용산구 한강대로 366 5층 (동자동, 트윈시티남산)", ,,태양력 발전업,2022-12-31,12월
(주)미래에너지,"Mirae Energy Co., Ltd.",미래에너지, ,유정령,기타법인,135311-0009465,138-81-36025,"경기도 과천시 별양상가로 7 203호(별양동, 벽산상가)", ,,발전업,2006-08-11,12월
미래엔서해에너지,Mirae'N Seohae Energy,미래엔서해에너지, ,송민섭,기타법인,165011-0013911,311-81-19747,"충청남도 당진시 시곡로 348 (시곡동, (주)미래엔서해에너지)",www.miraense.com,,연료용 가스 제조 및 배관공급업,2003-09-24,12월
주식회사 미르태양광,"Mir Solar Co., Ltd.",미르태양광, ,김인성,기타법인,154411-0032437,237-81-01255,충청북도 괴산군 소수면 수동길 2-23, ,,태양력 발전업,2018-08-20,03월
밀양수소발전(주),"Miryang Hydrogen Power Co., Ltd",밀양수소발전, ,박인호,기타법인,180111-1227156,267-81-01426,부산광역시 동구 중앙대로 391 5층 505호(수정동), ,,전기업,2019-07-31,12월
(주)백양솔라텍,BaekYang,백양솔라텍, ,이병근,기타법인,200111-0247621,408-81-75062,광주광역시 동구 호남동 23-1 충장로빌딩 9층 901, ,,"전기, 가스, 증기 및 공기조절 공급업",2007-09-03,12월
백운세일에너지주식회사,"baeunsaeilenergy co.,ltd",백운세일에너지, ,정종수,기타법인,195211-0006635,611-81-15388,경상남도 함양군 백전면 운산리 811, ,,발전업,2007-11-09,12월
백한에너지(주),BeckHan Energy,백한에너지, ,문명만,기타법인,110111-3786047,209-81-45336,서울특별시 성북구 동소문동4가 236 프란체스카빌딩3층,101eng.com,,발전업,2007-11-12,12월
주식회사 범우에너지,"bumwooenergy co., ltd.",범우에너지, ,강수범,기타법인,230111-0334563,689-86-01830,울산광역시 울주군 온산읍 온산로 219-3 (학남리), ,,"증기, 냉ㆍ온수 및 공기조절 공급업",2020-09-23,12월
베스트솔라에너지 주식회사,BESTSOLAR ENERGY. CO.LTD,베스트솔라에너지, ,김지훈,기타법인,110111-5108116,113-86-70562,경기도 광주시 중부면 해공로 48 (상번천리), ,,발전업,2013-04-10,12월
베올리아코리아에너지 ,veolia korea enery,베올리아코리아에너지, ,가보렐마르셀루시앙프랑소와,기타법인,131311-0141675,125-86-26943,경기도 평택시 진위면 진위서로 23, ,,"증기, 냉ㆍ온수 및 공기조절 공급업",2014-11-01,12월
별내에너지 주식회사,"BYEOLLAE ENERGY CO.,LTD",별내에너지, ,전동수,기타법인,110111-3802546,204-86-06236,경기도 남양주시 별내3로 391 (별내동),www.star-energy.co.kr,,"증기, 냉ㆍ온수 및 공기조절 공급업",2007-12-11,12월
(주)보광에너지,"Bokwang Energy Co., Ltd.",보광에너지, ,"박종팔, 한창호",기타법인,284311-0021261,514-87-00965,경기도 연천군 청산면 초대로 219-11 (대전리), ,,"전기, 가스, 증기 및 공기조절 공급업",2018-04-24,12월
보령녹도해상풍력 주식회사,BoryeongNokdo Offshore Windpower Corporation,보령녹도해상풍력, ,이용안,기타법인,164511-0039231,582-87-02461,충청남도 보령시 한내로 62 (명천동) 213호, ,,기타 발전업,2022-05-04,12월
보령엘엔지터미널 주식회사,"Boryeong LNG Terminal Co., Ltd.",보령엘엔지터미널, ,은종원,기타법인,164511-0021527,313-81-27748,충청남도 보령시 오천면 오천해안로 333 (영보리),www.lng-tml.com/,,연료용 가스 제조 및 배관공급업,2013-02-27,12월
보임열병합발전주식회사,BOIM COMBINED HEAT & POWER PLANT,보임열병합발전, ,한문선,기타법인,206211-0039541,417-81-38800,전라남도 여수시 여수산단로 727, ,,"증기, 냉ㆍ온수 및 공기조절 공급업",2009-09-07,12월
봄바디어 트랜스포테이숀 코리아 (주),Bombardier Transportation Korea Ltd.,봄바디어트랜스포테이숀코리아, ,레이먼드티베틀러,기타법인,110111-1205065,120-81-55093,서울특별시 중구 소공동,www.bombardier.com,,전기업,1995-10-14,12월
봉화솔라테크주식회사,Bonghwa Solartech,봉화솔라테크, ,신인수,기타법인,175611-0009106,512-81-13588,경상북도 영주시 풍기읍 성내리 50-13, ,,발전업,2007-07-25,12월
부경에너지 주식회사,BOO KYUNG,부경에너지, ,허부경,기타법인,200111-0560784,847-87-01388,광주광역시 북구 무등로 239 (중흥동) 11층, ,,태양력 발전업,2019-04-19,12월
부사호행복나눔솔라 주식회사,"Busa Solar Power Co., Ltd.",부사호행복나눔솔라, ,최윤호,기타법인,200111-0654256,403-88-02296,광주광역시 북구 첨단연신로30번길 41 (연제동), ,,발전업,2021-12-08,12월
부산가스(주),"Pusan Gas CO., LTD.",부산가스, ,장상돈,기타법인,180111-0022185,606-81-03537,부산광역시 사상구 학장동 731-8, ,,연료용 가스 제조 및 배관공급업,1975-03-25,12월
부산그린에너지(주),Busan Green Energy,부산그린에너지, ,주환오,기타법인,180111-0950295,617-86-25346,부산광역시 해운대구 해운대로 896 (좌동)부산그린에너지, ,,발전업,2015-01-02,12월
(주)부산도시가스,"BUSAN CITY GAS CO.,LTD",부산도시가스,015350,구태고,기타법인,180111-0039495,617-81-01562,부산광역시 수영구  황령대로 513,www.busangas.co.kr,,연료용 가스 제조 및 배관공급업,1981-03-04,12월
(주)부산바이오에너지,"BUSAN BIO ENERGY CO.,LTD",부산바이오에너지, ,김두현,기타법인,180111-0861129,607-86-08942,부산광역시 동래구 온천천남로 185 (안락동), ,,연료용 가스 제조 및 배관공급업,2013-05-20,12월
부산산단태양광 주식회사,co. busansandan solar,부산산단태양광, ,강남욱,기타법인,180111-1127918,405-81-11768,"부산광역시 해운대구 마린시티3로 1 (우동, 썬프라자)440호", ,,태양력 발전업,2017-12-01,12월
부산산업태양광 주식회사,"Busan Industrial Solar Power CO.,Ltd",부산산업태양광, ,강남욱,기타법인,180111-1190709,494-87-01127,"부산광역시 해운대구 마린시티3로 1 440호 (우동, 썬프라자)", ,,태양력 발전업,2018-12-18,12월
부산솔라주식회사,"Busan Solar Co.,Ltd.",부산솔라, ,정종수,기타법인,180111-0776568,606-86-32736,부산광역시 해운대구 센텀중앙로 48 에이스하이테크21 1101호(우동), ,,발전업,2011-09-30,12월
부산신호태양광발전(주),"Busan Shin Ho Photovoltaic Power Co.,Ltd",부산신호태양광발전, ,신정국,기타법인,180111-0788969,606-86-38555,부산광역시 강서구 르노삼성대로 14 (신호동), ,,발전업,2012-06-01,12월
부산신호태양광발전2호 주식회사,Busan Shin Ho Photovoltaic Power No.2 Ltd,부산신호태양광발전2호, ,허훈,기타법인,110111-5322419,105-87-99449,부산광역시 강서구 르노삼성대로 61 (신호동), ,,발전업,2014-01-22,12월
부산연료전지발전(주),Busan Fuel Cell Power,부산연료전지발전, ,김도윤,기타법인,180111-0753300,606-86-28718,부산광역시 강서구 화전산업대로 171, ,,발전업,2011-03-31,12월
주식회사 부여에너지팜,Buyeo,부여에너지팜, ,오형석,기타법인,164311-0016100,308-81-40638,충청남도 부여군 세도면 의자로269번길 139 (사산리), ,,발전업,2013-11-06,12월
주식회사 불가리아나눔발전소,Bulgaria Power Plant,불가리아나눔발전소, ,김태호,기타법인,285011-0199922,128-86-62822,"경기도 고양시 덕양구 성신로 77 (행신동, 햇빛마을18단지아파트)", ,,발전업,2011-07-01,12월
브라이트에너지파트너스(주),"Brite Energy Partners Co., Ltd.",브라이트에너지파트너스, ,김희성,기타법인,110111-6469054,518-86-00766,"서울특별시 종로구 종로1길 50 (중학동, 더케이트윈타워)",www.bepsolar.com,,태양력 발전업,2007-08-01,12월
브라이트전국태양광12호 주식회사,"Brite Nationwide Photovoltaic 12 Co., Ltd.",브라이트전국태양광12호, ,유대원,기타법인,110111-8482327,570-88-02499,"서울특별시 종로구 종로1길 50 (중학동, 더케이트윈타워), A동 9층", ,,태양력 발전업,2022-11-22,12월
브라이트전국태양광2호 주식회사,"Brite Nationwide Photovoltaic 2 Co., Ltd.",브라이트전국태양광2호, ,김희성,기타법인,110111-8095039,524-87-02223,"서울특별시 종로구 종로1길 50 9층 (중학동, 더케이트윈타워)", ,,태양력 발전업,2021-11-17,12월
브라이트전국태양광3호 주식회사,"Brite Nationwide Photovoltaic 3 Co., Ltd.",브라이트전국태양광3호, ,김희성,기타법인,110111-8095021,880-86-02432,"서울특별시 종로구 종로1길 50 에이동 9층(중학동, 더케이트윈타워)", ,,태양력 발전업,2021-11-17,12월
브라이트전국태양광4호 주식회사 ,"Brite Nationwide Photovoltaic 4 Co., Ltd.",브라이트전국태양광4호, ,김희성,기타법인,110111-8095063,183-86-02345,"서울특별시 종로구 종로1길 50 (중학동, 더케이트윈타워)", ,,태양력 발전업,2021-11-17,12월
브라이트전국태양광5호 주식회사,"Brite Nationwide Photovoltaic 5 Co., Ltd.",브라이트전국태양광5호, ,김희성,기타법인,110111-8482228,178-87-02995,"서울특별시 종로구 종로1길 50 (중학동, 더케이트윈타워) A동 9층", ,,태양력 발전업,2022-11-22,12월
(주)브이엘코리아,"VL Korea.co.,Ltd.",브이엘코리아, ,조윤형,기타법인,110111-4630839,220-88-20307,전라남도 목포시 미항로 99 (상동) 원준빌딩3층, ,,태양력 발전업,2011-06-27,12월
블랙우드(주),Namjung,블랙우드, ,정회걸,기타법인,200111-0343213,410-86-62599,광주광역시 서구 상무대로 825-1 (치평동), ,,태양력 발전업,2012-05-18,12월
(주)비가코리아 태안,"VigaKoreaTaeahn Co., Ltd",비가코리아태안, ,정영환,기타법인,164711-0080199,887-81-01614,"세종특별자치시 가름로 232 (어진동, 세종비지니스센터) 3층 320호", ,,태양력 발전업,2018-09-06,12월
비그림파워코리아 주식회사,B.Grimm Power Korea Limited,비그림파워코리아, ,"PERADACH PATANACHAN, PREEYANAT SOONTORNWATA",기타법인,134511-0385036,153-88-01219,"경기도 용인시 기흥구 구갈로60번길 9 301-B호(구갈동, 로얄프라자)", ,,기타 발전업,2019-02-28,12월
주식회사 비금그린에너지,"Bigeum Green Energy Co., Ltd.",비금그린에너지, ,원승재,기타법인,201111-0056740,439-87-01402,전라남도 신안군 비금면 서남문로 784 1동 1층, ,,태양력 발전업,2019-05-20,12월
비금주민태양광발전(주),"Bigeum Resident Solar Power Co.,Ltd",비금주민태양광발전, ,강영철,기타법인,201111-0055982,479-86-01500,전라남도 신안군 비금면 서남문로 760-4 (덕산리) 1층, ,,태양력 발전업,2019-04-09,12월
(주)비오앤,B.O.N,비오앤, ,이덕용,기타법인,205911-0017750,409-86-22530,전라남도 장성군 동화면 남평리 1058-1, ,,발전업,2011-07-12,12월
유한회사 빌드윈그린에너지태양광발전,Buildwin Greenenergy Solar Power,빌드윈그린에너지태양광발전, ,이상림,기타법인,161514-0006766,344-86-01882,충청남도 천안시 서북구 입장면 독정기로길 17 (독정리), ,,태양력 발전업,2020-10-20,12월
(유)빌드윈인동태양광발전,Buildwin-indong solarpower LLC,빌드윈인동태양광발전, ,이상림,기타법인,176014-0002014,815-88-01302,"경상북도 구미시 3공단2로 238 (진평동, 엘에스전선(주)인동공장)", ,,태양력 발전업,2018-12-11,12월
(주)빛고을메트로,BITGOEULMETRO,빛고을메트로, ,"양홍석, 정회걸",기타법인,200111-0445316,293-88-00202,광주광역시 북구 추암로 69, ,,발전업,2015-11-05,12월
빛고을신재생 주식회사,Bitgoeul Solar,빛고을신재생, ,오형석,기타법인,200111-0379763,409-86-40839,"광주광역시 북구 첨단벤처소로 16-8 (월출동, (주)탑인프라솔라)", ,,발전업,2013-11-06,12월
빛고을에코에너지 주식회사,bitgoeul eco energy,빛고을에코에너지, ,이형국,기타법인,200111-0616628,650-88-01928,"광주광역시 서구 운천로 247 (치평동, 스타타워) 706호", ,,기타 발전업,2020-11-13,12월
빛고을햇빛발전소(주),bitgoeul,빛고을햇빛발전소, ,임효정,기타법인,195111-0018228,409-86-40009,광주광역시 북구 첨단벤처로40번길 24 3층(대촌동), ,,발전업,2013-09-24,12월
빛솔라 에너지 주식회사,"Bit Solar Energy Co., Ltd.",빛솔라에너지, ,Cho Eon woo,기타법인,201111-0050073,362-88-01322,전라남도 신안군 임자면 임자로 129-5, ,,태양력 발전업,2019-04-01,12월
주식회사 사연에너지,"Sayeon Co.,Ltd",사연에너지, ,황형석,기타법인,200111-0309166,410-86-45019,광주광역시 광산구 광산로 36, ,,발전업,2010-12-08,12월
사이스여수열병합발전(유),Sithe Yosu Cogeneration Co Ltd,사이스여수열병합발전, ,와타나베신노수케,기타법인,110114-0034021,101-81-69771,"전라남도 여수시 여수산단2로 284 (화치동, 여수국가산업단지 확장단지 10블록 3로트)", ,,"증기, 냉ㆍ온수 및 공기조절 공급업",2001-05-02,03월
주식회사 산소솔라,Co. sanso solar,산소솔라, ,김필곤,기타법인,204611-0049148,753-88-00489,전라남도 광양시 행정3길 18 (중동)3층, ,,태양력 발전업,2016-07-01,12월
주식회사 삼수풍력발전 ,SAMSU WIND POWER CORPORATION,삼수풍력발전, ,"박정규, 김종현",기타법인,144811-0011667,232-88-00681,강원도 태백시 백두대간로 789-3 (창죽동), ,,기타 발전업,2017-08-08,12월
삼양태양광 주식회사,Samyang Solar Co.,삼양태양광, ,조효현,기타법인,165111-0018993,169-86-01302,"충청남도 태안군 태안읍 원이로 341 (삭선리, (주)서환산업) 1층일부", ,,태양력 발전업,2019-04-18,12월
삼영이앤이(주),"SAMYOUNG E&E CO., LTD",삼영이앤이, ,기준호,기타법인,134611-0076881,490-88-00308,경기도 용인시 처인구 남사면 천덕산로428번길 22 (세탁동 3층), ,,전기 판매업,2016-02-03,12월
삼정가스공업(주),SAMJUNG GAS CO.LTD,삼정가스공업, ,심승일,기타법인,120111-0050419,137-81-04025,인천광역시 서구 신현동 224 번지,www.sjgas.co.kr,,"전기, 가스, 증기 및 공기조절 공급업",1989-03-10,12월
(주)삼정태양광발전소,_,삼정태양광발전소, ,박정오,기타법인,195411-0015145,613-81-46738,경상남도 사천시 곤명면 삼정리 산4-1, ,,전기업,2007-12-14,12월
삼척블루파워 주식회사,"Samcheok Blue Power Co.,Ltd.",삼척블루파워, ,이형수,기타법인,110111-4722438,101-86-67540,강원특별자치도 삼척시 박걸남로 906 (적노동),www.scpower.kr,,발전업,2011-11-04,12월
삼척오두풍력발전 주식회사 ,"Sam Cheok O-du power co., Ltd ",삼척오두풍력발전, ,최재서,기타법인,134111-0594560,649-86-02239,"경기도 의왕시 이미로 40 디동 1010호 (포일동, 인덕원IT밸리)", ,,발전업,2021-10-29,12월
삼천리(주),"SAMCHULLY CO.,LTD",삼천리,004690,"이찬의, 유재권",유가증권시장,110111-0005929,116-81-00755,"서울특별시 영등포구  국제금융로6길 42 (여의도동, 삼천리빌딩)",www.samchully.co.kr,,연료용 가스 제조 및 배관공급업,1966-07-07,12월
(주)삼한에너지,"SAMHAN ENERGY CO.,LTD",삼한에너지, ,성종환,기타법인,150111-0092762,301-81-87160,강원도 정선군 정선읍 송오안길 49-26 (덕송리), ,,수력 발전업,2009-08-01,12월
주식회사 상공에너지,"Commerce & Industry Energy Co.,Ltd ",상공에너지, ,김관행,기타법인,214911-0027633,403-81-48196,"전라북도 익산시 석암로7길 29 (용제동, (주)상공에너지)", ,,"전기, 가스, 증기 및 공기조절 공급업",2007-11-28,12월
상주솔라,Sangju Sola,상주솔라, ,최미나,기타법인,171411-0012610,511-81-15055,경상북도 상주시 공검면 부곡리 209 1, ,,발전업,2007-08-30,12월
상주수상태양광(주),"SANGJU FLOATING SOLAR CO., LTD",상주수상태양광, ,주대중,기타법인,194211-0236233,609-86-24410,전라북도 군산시 중가도길 63 (오식도동), ,,발전업,2015-01-12,12월
상주태양광발전소,Sangju TY,상주태양광발전소, ,노성,기타법인,171411-0012579,511-81-15002,경상북도 상주시 화서면 금산리 504 1, ,,발전업,2008-04-01,12월
주식회사 새만금세빛발전소,"Saemangeum Sebit Power Plant Co., Ltd",새만금세빛발전소, ,서남석,기타법인,210111-0156721,382-86-01939,전라북도 군산시 월명로 245 4층(수송동), ,,태양력 발전업,2020-07-28,12월
주식회사 새만금희망태양광 ,SAEMANGEUM HOPE PV,새만금희망태양광, ,안동희,기타법인,211111-0059784,257-88-01452,"전라북도 군산시 새만금북로 510 (오식도동), 3층 새만금희망태양광", ,,태양력 발전업,2019-10-10,12월
(주)서강솔라테크,SK SOLARTECH,서강솔라테크, ,강경구,기타법인,110111-3644790,108-81-79154,경상북도 봉화군 물야면 북지리 산26-3, ,,발전업,2007-03-23,12월
(주)서강에너지,Sogang energy,서강에너지, ,전주희,기타법인,175411-0008029,511-81-15021,경상북도 문경시 영순면 오룡리 516, ,,발전업,2007-07-31,12월
주식회사 서고지에너지,SEOGOJI ENERGY,서고지에너지, ,강창원,기타법인,200111-0491632,759-86-00877,전라남도 장성군 동화면 전자농공단지길 32 (남평리), ,,태양력 발전업,2017-04-05,12월
서귀포사랑 주식회사,Seogwiposarang,서귀포사랑, ,박환민,기타법인,220111-0182120,822-86-01140,"제주특별자치도 제주시 아봉로 88 (아라이동, 다담빌리지) 101동 105호", ,,태양력 발전업,2020-11-01,12월
서남그린에너지(주),"Seonam Green Energy Co., Ltd.",서남그린에너지, ,강태구,기타법인,110111-5809334,707-86-00196,"서울특별시 종로구 종로1길 36 11층 (수송동, 대림빌딩)", ,,"증기, 냉ㆍ온수 및 공기조절 공급업",2015-08-17,12월
서남바이오에너지주식회사,"Seonam Bio Energy Co., Ltd.",서남바이오에너지, ,김현수,기타법인,110111-5162401,105-87-88753,서울특별시 강서구 양천로 201 서남물재생센터 내(마곡동), ,,화력 발전업,2013-06-20,12월
주식회사 서대구에너지,sdeenergy,서대구에너지, ,김철민,기타법인,170111-0417700,503-81-91940,대구광역시 서구 와룡로87길 92 (이현동), ,,"증기, 냉ㆍ온수 및 공기조절 공급업",2010-12-10,12월
서라벌도시가스(주),"Seorabeol City Gas Co.,Ltd",서라벌도시가스, ,김준석,기타법인,171211-0024180,505-81-26936,경상북도 경주시 유림로5번길 183 (용강동), ,,연료용 가스 제조 및 배관공급업,2000-08-17,12월
주식회사 서보일렉트릭,seobo electric,서보일렉트릭, ,이소원,기타법인,171511-0012478,508-81-40257,대구광역시 달서구 월성로 42 (월성동) 205호, ,,태양력 발전업,2014-03-17,12월
서부솔라발전 주식회사,"Seobu Solar-Power Generation Co,.Ltd",서부솔라발전, ,구남중,기타법인,164411-0009575,313-81-32182,충청남도 서천군 서면 갯벌체험로 120 (신합리), ,,발전업,2014-07-07,12월
(주)서부하이웨이솔라,Corp.the west highway solar,서부하이웨이솔라, ,김선웅,기타법인,141211-0091101,187-88-00872,"서울특별시 영등포구 선유서로21길 14 (양평동2가, 양평동오피스텔) 2층 201-비406호", ,,태양력 발전업,2017-07-25,12월
서울도시가스(주),"SEOUL CITY GAS CO.,LTD",서울도시가스,017390,공동대표이사 진용민 공동대표이사 황주석,유가증권시장,110111-0360399,109-81-31605,서울특별시 강서구 공항대로 607 (염창동),www.seoulgas.co.kr,,연료용 가스 제조 및 배관공급업,1983-11-28,12월
서울에너지환경주식회사,seoul energy & environment company,서울에너지환경, ,김영훈,기타법인,110111-1617012,117-81-22669,서울특별시 종로구 관훈동151-8 동덕빌딩10층, ,,"증기, 냉ㆍ온수 및 공기조절 공급업",1999-01-01,12월
서해그린에너지(주),"Seohae Green Energy.,Ltd.",서해그린에너지, ,모종면,기타법인,160111-0245913,314-81-99930,충청남도 서산시 대산읍 죽엽로 388 (대죽리),없음,,"증기, 냉ㆍ온수 및 공기조절 공급업",2008-08-12,12월
서해에너지주식회사,"SuHae Energy Co., Ltd.",서해에너지, ,홍경진,기타법인,131411-0141376,134-86-01330,경기도 안산시 단원구 성곡동 679-2 시화공단 6바 103, ,,"증기, 냉ㆍ온수 및 공기조절 공급업",2003-06-05,12월
서해에너지(주),"SeoHae Energy Co.,Ltd.",서해에너지, ,최성희,기타법인,160111-0116081,314-81-92994,"대전광역시 유성구 갑동로 49 (갑동, 엘리시움캐슬) 103동 102호", ,,태양력 발전업,2001-04-16,12월
주식회사 서해열병합발전,"SEOHAE Combined Heat&Power CO., LTD.",서해열병합발전, ,김기룡,기타법인,161411-0041900,656-88-00951,충청남도 서산시 대산읍 죽엽로 397 (대죽리), ,,화력 발전업,2018-02-02,12월
서해파워(주),"West Sea Power Co.,Ltd.",서해파워, ,유방희,기타법인,161411-0017448,316-81-08997,충청남도 서산시 대산읍 독곳리 411-4, ,,화력 발전업,2006-11-15,12월
주식회사 석문그린에너지,SEOKMUN GREEN ENERGY Co. Ltd.,석문그린에너지, ,송민섭,기타법인,165011-0084384,276-88-02559,충청남도 당진시 석문면 산단4로 20, ,,기타 발전업,2022-06-02,12월
주식회사 석문에너지,Seokmun Energy,석문에너지, ,시명권,기타법인,131111-0335917,144-81-10428,충청남도 당진시 석문면 산단4로 341,www.smep.co.kr,,전기업,2013-02-27,12월
석문호수상태양광(주),"Sukmunho Water Solar Co., Ltd",석문호수상태양광, ,방정석,기타법인,165011-0061928,223-86-00908,"충청남도 서산시 한마음16로 60 (석림동, 한화종합화학)", ,,전기업,2018-02-02,12월
석천솔라파워 주식회사,SEOKCHUN SOLAR POWER Co.Ltd,석천솔라파워, ,이태준,기타법인,110111-4964585,104-86-44231,부산광역시 수영구 구락로141번길 37 (망미동), ,,발전업,2012-09-20,12월
선우에너지(주),"Sunwoo Energy Co., Ltd ",선우에너지, ,이철호,기타법인,110111-3677288,113-86-13877,서울특별시 구로구 구로동184-1 우림 e-Biz센터2차 907호, ,,발전업,2007-05-11,12월
주식회사 선포커스,sunfocus,선포커스, ,강민경,기타법인,110111-5434024,261-81-13720,"서울특별시 강남구 언주로 620 2층(논현동, 현대인텔렉스)", ,,발전업,2014-06-11,12월
주식회사 성광,SungGwang Company,성광, ,김영욱,기타법인,191111-0027463,613-81-31410,경상남도 진주시 진성면 천곡리, ,,"증기, 냉ㆍ온수 및 공기조절 공급업",2003-02-13,12월
(주)성부그린발전,"Sung Bu Green Power Co., Ltd.",성부그린발전, ,송인명,기타법인,161511-0084578,312-81-86934,전라남도 신안군 지도읍 태천리 1524 104, ,,발전업,2006-11-24,12월
(주)성원에너지,sungwon energy,성원에너지, ,김태중,기타법인,211111-0052796,498-87-00998,전라북도 군산시 공단대로 248 (수송동) 지석빌딩 4층, ,,태양력 발전업,2018-03-09,12월
성원에코너지(주),sungwoneco.Co.Ltd.,성원에코너지, ,김성우,기타법인,195511-0127774,615-81-77218,경상남도 김해시 한림면 신천리 434-9, ,,"증기, 냉ㆍ온수 및 공기조절 공급업",2010-05-28,12월
주식회사성주산업,sungju indstry Ltd.,성주산업, ,원춘희,기타법인,194911-0034633,612-81-51728,"경상남도 거제시 거제대로 3370 (아주동, 대우조선해양)", ,,원자력 발전업,2014-03-01,12월
성진종합전기(주),"sungjin general electric co.,ltd",성진종합전기, ,김정환,기타법인,135011-0059094,133-81-27763,경기도 화성시 남양읍 화성로1424번길 17-26,www.sjtr.co.kr,,전기 판매업,1995-01-01,12월
(주)세아솔라시스템즈,SeAH Solar Systems,세아솔라시스템즈, ,김진규,기타법인,110111-3788655,119-86-03061,서울특별시 금천구 가산동 IT캐슬 2-804, ,,발전업,2007-11-15,12월
주식회사 세영에너텍,"Seyung Ener-tech Co.,Ltd",세영에너텍, ,허행조,기타법인,191411-0007386,611-81-16499,부산광역시 동구 범일1동 122-4 성우빌딩 6층,www.koreasy.co.kr,,"증기, 냉ㆍ온수 및 공기조절 공급업",2008-08-20,12월
세종그린파워 주식회사,Sejong Green Power Corporation,세종그린파워, ,윤성원,기타법인,110111-5586065,104-86-58166,"세종특별자치시 장군면 장기로 836-11 (봉안리, 남양유업㈜)", ,,화력 발전업,2014-12-11,12월
세현에너지 주식회사,sehyun,세현에너지, ,서상혁,기타법인,134511-0208478,142-81-58881,충청남도 당진시 석문면 난지1길 300 (난지도리), ,,태양력 발전업,2013-04-08,12월
소버린이피에스 주식회사,Sovereign EPS,소버린이피에스, ,최문영,기타법인,120111-1113521,546-87-02126,인천광역시 연수구 인천타워대로197번길 16 2층 주차관리실(송도동), ,,전기 판매업,2021-03-01,12월
주식회사 소수태양광,"Sosu Solar Co., Ltd",소수태양광, ,박승빈,기타법인,154411-0032396,638-86-01088,충청북도 괴산군 소수면 수동길 2-23, ,,태양력 발전업,2018-08-20,03월
(주)솔라,"Solar. Co., Ltd",솔라, ,"한상두, 윤지은",기타법인,175711-0004542,502-81-98407,대구광역시 동구 신천동 348-2 석세스빌딩 1102호, ,,전기업,2008-11-25,12월
솔라닉스일호 주식회사,solarnix1ho corp.,솔라닉스일호, ,김보행,기타법인,110111-9088314,680-81-03137,"서울특별시 영등포구 여의나루로 67 10층 1006호(여의도동, 신송빌딩)", ,,태양력 발전업,2024-10-28,12월
주식회사 솔라스페이스제이차,Solar Space 2,솔라스페이스제이차, ,장주원,기타법인,205911-0041155,688-87-01154,전라남도 장성군 동화면 전자농공단지길 32 (남평리), ,,태양력 발전업,2018-02-09,12월
솔라시도태양광발전 주식회사,"Solaseado Solar Power co., Ltd.",솔라시도태양광발전, ,문옥식,기타법인,201411-0018207,329-86-00676,전라남도 해남군 산이면 관광레저로 1998, ,,태양력 발전업,2017-07-11,12월
주식회사 솔라오션,solarocean,솔라오션, ,윤정택,기타법인,200111-0353733,410-86-72248,전라남도 장성군 동화면 전자농공단지길 32 (남평리), ,,태양력 발전업,2017-10-16,12월
솔라원사호 주식회사,"Solarone 4th Co, ltd",솔라원사호, ,김호빈,기타법인,214611-0014115,829-86-03358,"전북특별자치도 고창군 흥덕면 부안로 148 (치룡리, 쏠라파크태양광발전소)", ,,태양력 발전업,2024-07-16,12월
솔라원삼호 주식회사,"Solarone 3rd Co, ltd",솔라원삼호, ,박한음,기타법인,214611-0013547,618-86-02991,"전북특별자치도 고창군 흥덕면 부안로 148 (치룡리, 쏠라파크태양광발전소)", ,,태양력 발전업,2023-12-14,12월
솔라원이호 주식회사,"Solarone 2nd Co, ltd",솔라원이호, ,조성학,기타법인,214611-0012094,704-81-02429,전라북도 고창군 흥덕면 부안로 148 (치룡리), ,,태양력 발전업,2021-11-17,12월
솔라원일호 주식회사,"Solarone 1st Co, Ltd",솔라원일호, ,서익현,기타법인,214611-0011442,520-81-01818,전라북도 고창군 흥덕면 부안로 148 (치룡리), ,,태양력 발전업,2021-03-11,12월
솔라플러스 주식회사,solarplus co. ltd.,솔라플러스, ,박순용,기타법인,200111-0189419,410-81-85980,광주광역시 서구 화정동 755-48, ,,발전업,2004-02-12,12월
(주)솔라플레이,"Solarplay Co., Ltd.",솔라플레이, ,안병준,기타법인,110111-2243931,107-86-00246,경기도 화성시 비봉면 주석로701번길 25 (청요리),www.solarplay.co.kr,,태양력 발전업,2001-05-22,12월
(주)솔키스아일랜드 멱덕우,solkiss land myegdegwoo,솔키스아일랜드멱덕우, ,우도영,기타법인,214811-0015945,403-81-70081,전라북도 김제시 죽산면 옥성로 152 (옥성리), ,,태양력 발전업,2012-10-16,12월
송도파워주식회사,"Songdo Power Co.,Ltd.",송도파워, ,손한집,기타법인,110111-3936189,107-87-11401,"서울특별시 종로구 율곡로 6 (중학동, 트윈트리타워A동6층)", ,,화력 발전업,2008-07-16,12월
주식회사 송산그린에너지,"Songsan Green Energy Co., Ltd.",송산그린에너지, ,김진택,기타법인,134811-0635906,581-87-02338,경기도 화성시 송산면 삼일공원로 122 (봉가리) 백송타운 101동 3층, ,,기타 발전업,2021-08-05,12월
(주)송정기업,"Songjeong company Co., Ltd.",송정기업, ,손호진,기타법인,180111-1218965,361-87-01360,부산광역시 해운대구 해운대로 1108 (송정동), ,,전기 판매업,2019-05-17,12월
주식회사 수리태양광,"Suri Solar Co., Ltd.",수리태양광, ,황지훈,기타법인,154411-0032403,379-88-01242,충청북도 괴산군 소수면 수동길 2-23, ,,태양력 발전업,2018-08-20,03월
주식회사 수망풍력,"sumang wind power Co.,Ltd.",수망풍력, ,김병진,기타법인,110111-3807942,120-87-23235,제주특별자치도 제주시 정존3길 6 (노형동) 2층, ,,기타 발전업,2007-12-18,12월
(주)수서에너지,SUSEO ENERGY,수서에너지, ,임영재,기타법인,110111-2591752,120-86-41347,서울특별시 강남구 자곡동 204-1, ,,"전기, 가스, 증기 및 공기조절 공급업",2002-08-20,12월
(주) 수성이앤씨,su sung e.n.c,수성이앤씨, ,손충석,기타법인,170111-0354928,502-81-96603,전라남도 신안군 지도읍 내양리, ,,발전업,2008-05-02,12월
수영시민햇빛발전 주식회사,"sooyoungsunway co.,ltd",수영시민햇빛발전, ,차득근,기타법인,180111-0637132,605-81-89930,부산광역시 동구 초량3동 1147-14 국제오피스텔 1902호, ,,발전업,2008-06-18,12월
수완에너지주식회사,"SUWAN ENERGY CO.,LTD",수완에너지, ,김상완,기타법인,200111-0235189,410-86-07621,광주광역시 광산구 수완로 130 (수완동) 수완에너지주식회사,www.suwanenergy.co.kr,,"증기, 냉ㆍ온수 및 공기조절 공급업",2007-01-03,12월
(주)수원뉴파워,SUWON NEW POWER co. ltd,수원뉴파워, ,강석남,기타법인,120111-0963802,685-88-01055,경기도 수원시 영통구 영통로 383 9층, ,,화력 발전업,2018-10-24,12월
(주)스칸디나비안바이오가스코리아,"SCANDINAVIAN BIOGAS KOREA CO.,LTD.",스칸디나비안바이오가스코리아, ,심덕섭,기타법인,230111-0145481,610-84-00961,울산광역시 남구 용연로 360 (황성동),www.scandinavianbiogas.se,,연료용 가스 제조 및 배관공급업,2008-06-27,12월
(주)시흥시민햇빛발전,Siheung Citizen Sunlight Power Station,시흥시민햇빛발전, ,서정철,기타법인,135511-0222774,140-81-51470,경기도 시흥시 정왕동 1728-17, ,,발전업,2011-04-05,12월
(주) 신선에너지,sinsun company Ltd.,신선에너지, ,성현도,기타법인,180111-0637546,617-81-72602,부산광역시 남구 대연4동 949-5, ,,"전기, 가스, 증기 및 공기조절 공급업",2008-06-20,12월
주식회사 신세계태양광발전소,new world sola company,신세계태양광발전소, ,채용석,기타법인,134511-0285757,198-88-00358,"서울특별시 영등포구 여의나루로 67 (여의도동, 신송빌딩) 신송빌딩 10층 1006호", ,,태양력 발전업,2016-03-28,12월
(주)신아,Shina,신아, ,조민석,기타법인,230111-0341360,734-87-01651,"울산광역시 동구 방어진순환도로 1000 (전하동, 현대중공업)", ,,태양력 발전업,2020-11-17,12월
주식회사 신안그린에너지,shinan green energy,신안그린에너지, ,조승룡,기타법인,205711-0014156,411-81-81672,전라남도 신안군 자은면 자은서부2길 308-86, ,,발전업,2013-01-31,12월
신안우이해상풍력 주식회사,Shinan Ui Offshore Windpower Corporation,신안우이해상풍력, ,이용안,기타법인,201111-0072019,157-87-02552,전라남도 목포시 비파로43번길 31-1 (상동) 선영빌딩 303호, ,,기타 발전업,2023-06-02,12월
주식회사 신안증도태양광,"Sinan Jeungdo Solar Power Co., Ltd.",신안증도태양광, ,최윤호,기타법인,201111-0052938,850-88-00820,전라남도 목포시 영산로 93-1 5층 550호 (명륜동), ,,태양력 발전업,2018-05-04,12월
신평택발전 주식회사,"Shin Pyeongtaek Power Co., LTD.",신평택발전, ,황우선,기타법인,131311-0138721,125-86-23965,"경기도 평택시 경기대로 271 (비전동, 패밀리타운) 4층",www.sppc.co.kr,,화력 발전업,2014-06-30,12월
신흥풍력주식회사,sinhug,신흥풍력, ,고영신,기타법인,144811-0010560,352-87-00130,전라남도 무안군 삼향읍 남악로 234 (남악리) 에이동 308호, ,,기타 발전업,2015-06-15,12월
썬레이에너지주식회사,sunrayenergy Ltd,썬레이에너지, ,최갑열,기타법인,200111-0246623,410-86-12779,광주광역시 서구 치평동 1176-3 상무타워 9층,-,,발전업,2007-08-13,12월
(주)썬볼트전력,sunvolt power company,썬볼트전력, ,전진석,기타법인,110111-2634445,211-87-22191,서울특별시 서초구 양재동 120 전진빌딩 지하1층, ,,발전업,2002-10-18,12월
썬샤인에너지(주),Sunshine Energy Inc,썬샤인에너지, ,여승용,기타법인,175611-0008421,512-81-12541,경상북도 영주시 선비로 104 (휴천동), ,,발전업,2006-05-24,12월
주식회사 쏠리스,Sollease,쏠리스, ,"최윤호, 박형준",기타법인,205711-0024452,267-86-01440,전라남도 무안군 삼향읍 남악로 234 에이동 301호, ,,태양력 발전업,2019-10-30,12월
(주)씨그마이티엔,"Sigma ETN Co.,Ltd",씨그마이티엔, ,최현우,기타법인,110111-3186437,214-87-67708,서울특별시 서초구 서초동 1669-10 일암빌딩 301, ,,발전업,2005-03-14,12월
씨더블유알이 주식회사,CWRE,씨더블유알이, ,"박종환, 박근식",기타법인,205811-0027298,516-87-02391,전라남도 영광군 영광읍 그린테크로 23 (송림리), ,,기타 발전업,2022-10-05,12월
씨더블유엔알이 주식회사,CWNRE,씨더블유엔알이, ,김상민,기타법인,200111-0512280,103-86-01151,광주광역시 광산구 풍영로145번길 82 (흑석동) 401호, ,,기타 발전업,2018-05-28,12월
(주)씨디에스인천에너지,CDS ,씨디에스인천에너지, ,김용상,기타법인,120111-0536295,121-86-03929,인천광역시 중구 신흥동3가 64번지, ,,"증기, 냉ㆍ온수 및 공기조절 공급업",2010-06-21,12월
주식회사 씨브이네트삼성솔라,cvnetsamsungsolar,씨브이네트삼성솔라, ,장준기,기타법인,170111-0887234,569-86-03005,대구광역시 달성군 옥포읍 비슬로447길 25-6 (본리리), ,,발전업,2022-11-15,12월
씨에스에너지주식회사,"CS ENERGY CO., Ltd.",씨에스에너지, ,전원태,기타법인,284311-0020289,706-81-00640,경기도 연천군 청산면 초대로 246 (대전리), ,,기타 발전업,2017-05-02,12월
씨엔씨티쏠라넷 주식회사,"CNCITY Solanet Co., Ltd.",씨엔씨티쏠라넷, ,오은태,기타법인,160111-0677348,654-88-03044,"대전광역시 중구 유등천동로 762 (중촌동, 씨엔씨티에너지)", ,,태양력 발전업,2023-12-22,12월
씨엔씨티쏠라넷에스투(주),"CNCITY Solanet S2 Co., Ltd.",씨엔씨티쏠라넷에스투, ,임세정,기타법인,160111-0476485,859-87-00908,"대전광역시 중구 유등천동로 762 (중촌동, 씨엔씨티에너지)", ,,태양력 발전업,2018-02-06,12월
씨엔씨티쏠라넷에이치원(주),"CNCITY Solanet H1 Co., Ltd.",씨엔씨티쏠라넷에이치원, ,백석현,기타법인,160111-0476451,265-87-00947,"대전광역시 중구 유등천동로 762 (중촌동, 씨엔씨티에너지)", ,,태양력 발전업,2018-02-06,12월
씨엔씨티쏠라넷에이치투(주),"CNCITY Solanet H2 Co., Ltd.",씨엔씨티쏠라넷에이치투, ,송호동,기타법인,160111-0476469,341-86-00943,"대전광역시 중구 유등천동로 762 (중촌동, 씨엔씨티에너지)", ,,태양력 발전업,2018-02-06,12월
씨엔씨티에너지주식회사,"CNCITY energy CO.,LTD",씨엔씨티에너지, ,"황인규, 양대우",기타법인,160111-0007595,305-81-07023,대전광역시 중구 유등천동로 762 (중촌동),www.cncityenergy.com,,연료용 가스 제조 및 배관공급업,1985-10-21,12월
씨엔피브이파워코리아 주식회사 ,"CNPV POWER KOREA Co.,ltd. ",씨엔피브이파워코리아, ,장성군,기타법인,131111-0388932,144-81-31234,전라북도 군산시 새만금북로 466 (오식도동), ,,발전업,2014-10-14,12월
씨지앤대산전력 주식회사,"CGN DAESAN POWER COMPANY CO., LTD",씨지앤대산전력, ,송주호,기타법인,110111-4075069,101-86-46259,충청남도 서산시 대산읍 독곶1로 82 씨지앤대산전력 주식회사, ,,전기업,2009-04-08,12월
씨지앤율촌전력주식회사,"CGN YULCHON GENERATION CO., LTD.",씨지앤율촌전력, ,송주호,기타법인,201311-0041094,416-81-67786,전라남도 광양시 광양읍 인덕로 360-202 씨지앤율촌전력주식회사, ,,발전업,2009-07-28,12월
씨지앤코리아홀딩스주식회사,"CGN Korea Holdings Co.,Ltd",씨지앤코리아홀딩스, ,니옌량,기타법인,206211-0006582,417-81-13721,전라남도 광양시 광양읍 인덕로 360-202 씨지앤코리아홀딩스 주식회사,ni yanliang,,발전업,1996-11-22,12월
(주)씨케이솔라,"CK SOLAR CO., LTD.",씨케이솔라, ,허훈,기타법인,175211-0019806,513-81-36677,전라남도 해남군 화원면 장춘리 산55번지, ,,발전업,2005-03-28,12월
주식회사 씨텍,"SEETEC co., Ltd.",씨텍, ,"백상덕, 선우기병",기타법인,110111-0589171,310-81-01943,충청남도 서산시 대산읍 독곶1로 54 주식회사 씨텍,www.seetec.com,,"증기, 냉ㆍ온수 및 공기조절 공급업",1988-09-01,12월
주식회사 아란태양광,"Aran Solar Co., Ltd",아란태양광, ,박상도,기타법인,154411-0032411,286-87-01017,충청북도 괴산군 소수면 수동길 2-23, ,,태양력 발전업,2018-08-20,03월
아리울태양광발전 주식회사,ARIUL SOLAR POWER Corp.,아리울태양광발전, ,김완호,기타법인,110111-7623039,622-86-01929,전라북도 군산시 옥구읍 남군산로 1543-7 (어은리) 1536, ,,태양력 발전업,2020-09-14,12월
아리울행복솔라 주식회사,"Ariul Solar Power Co.,Ltd.",아리울행복솔라, ,최윤호,기타법인,110111-7725041,587-81-02066,전북특별자치도 군산시 새만금북로 424 201-에이호 (오식도동), ,,발전업,2020-12-22,12월
아미파워주식회사,"AmiPowerCo.,Ltd",아미파워, ,김상근,기타법인,134411-0043488,126-86-27998,경기도 이천시 대월면 대흥리 1-1,gw.amiplus.co.kr,,"증기, 냉ㆍ온수 및 공기조절 공급업",2010-01-26,12월
(주)아산그린에너지,Corp. asangreenenergy,아산그린에너지, ,안상일,기타법인,164811-0081939,312-86-71095,충청남도 아산시 번영로 113-12 (온천동), ,,태양력 발전업,2014-09-26,12월
주식회사 아산신재생복합발전,Gridwiz(Asan) Inc.,아산신재생복합발전, ,류준우,기타법인,164811-0117487,599-81-01212,충청남도 아산시 탕정면 탕정로 253-6 2층 (명암리), ,,태양력 발전업,2018-09-18,12월
아산씨에이치피 주식회사,"ASAN CHP CO.,LTD",아산씨에이치피, ,정두표,기타법인,164811-0094453,807-81-00318,"충청남도 아산시 배방읍 고속철대로 147 (장재리, 우성메디피아)", ,,"증기, 냉ㆍ온수 및 공기조절 공급업",2016-03-25,12월
주식회사 아시아그린에너지,AsiaGreenEnergy,아시아그린에너지, ,오명석,기타법인,220111-0166009,826-81-00610,"제주특별자치도 제주시 아봉로 88 101동 105호(아라이동, 다담빌리지)", ,,태양력 발전업,2017-08-14,12월
아시아엘엔지허브 주식회사,"ASIA LNGHUB CO.,LTD",아시아엘엔지허브, ,김광진,기타법인,180111-0724624,105-87-51464,서울특별시 마포구 마포대로 86 창강빌딩 11층,hlc-ihlee@lnghub.com,,연료용 가스 제조 및 배관공급업,2010-07-28,12월
아이에프컴퍼니 주식회사,Next energy,아이에프컴퍼니, ,김원식,기타법인,284611-0022007,817-86-00718,경기도 연천군 전곡읍 양연로 316 (간파리), ,,기타 발전업,2017-05-10,12월
주식회사 아이오,"AIO Co., LTD",아이오, ,김선중,기타법인,201311-0052033,416-81-89849,"전라남도 순천시 서면 순천로 758 (학구리, 송치재주유소,케노피)", ,,발전업,2013-03-11,12월
아이원주식회사,IONE,아이원, ,최진호,기타법인,134811-0273491,143-81-12234,"경기도 의왕시 옥박골서길 26 (청계동, 관송헌)", ,,"증기, 냉ㆍ온수 및 공기조절 공급업",2013-06-25,12월
(주)아이유에스엔비,IUSNB,아이유에스엔비, ,박상민,기타법인,110111-3718131,211-88-00272,서울특별시 구로구 구로동 197-28 이앤씨벤처드림타워6차 10층, ,,발전업,2007-07-12,12월
아이지이(주),"IGE Co., Ltd.",아이지이, ,박흥락,기타법인,120111-1134494,304-87-01955,인천광역시 서구 중봉대로306번길 33 (원창동), ,,연료용 가스 제조 및 배관공급업,2021-03-08,12월
아일랜드발전인프라 주식회사,"ISLAND POWER INFRASTRUCTURE Co., Ltd.",아일랜드발전인프라, ,박재형,기타법인,110111-5233898,144-81-23210,"전라남도 완도군 신지면 신지로 1134-287 (월양리, 신지풍력발전관리동)", ,,기타 발전업,2013-09-26,12월
주식회사 아침태양광,"ACHIM SOLAR POWER CO.,LTD.",아침태양광, ,KIM BRADLEY BYUNGKI(김병기),기타법인,121111-0283225,651-88-00238,경기도 여주시 강천면 강천로 123, ,,태양력 발전업,2015-02-02,03월
주식회사 아폴로거창,KW Energy Inc.,아폴로거창, ,정세연,기타법인,200111-0463318,815-88-00341,경상남도 거창군 남하면 오가1길 181 (대야리 산 199-4), ,,태양력 발전업,2016-06-01,12월
주식회사 아폴로당진,Rezzler Solar Co.,아폴로당진, ,이은표,기타법인,160111-0459051,595-81-00754,충청남도 당진시 고대면 당미로 157 옥현리 814-2, ,,태양력 발전업,2017-09-01,12월
아폴로솔라5호(주),APOLOSOLA 5TH LTD.,아폴로솔라5호, ,지성배,기타법인,110111-6141066,826-88-00453,"서울특별시 강남구 논현로72길 16 (역삼동, 초원빌딩)", ,,태양력 발전업,2016-08-09,12월
주식회사 아폴로송당,J-One Solar Power Inc.,아폴로송당, ,이은표,기타법인,220111-0160001,441-81-00743,제주특별자치도 제주시 구좌읍 구좌로 1 구좌읍 송당리 2074, ,,태양력 발전업,2017-03-14,12월
주식회사 악시오나 에너지 코리아,"Acciona Energy Korea, Inc",악시오나에너지코리아, ,에두아르도메디나산체스,기타법인,110111-3677981,214-88-08462,서울특별시 강남구 대치4동 890-8 연봉빌딩 17층, ,,발전업,2007-05-14,12월
주식회사 악시오나윈드파워코리아,"Acciona Wind Power Korea, Inc",악시오나윈드파워코리아, ,뻬드로산띠아고루이스오스따,기타법인,110111-3772236,214-88-16695,서울특별시 강남구 대치4동 890-8 연봉빌딩 17층, ,,발전업,2007-10-19,12월
안마해상풍력 주식회사,"Anma Offshore Wind Energy Co., Ltd",안마해상풍력, ,조언우,기타법인,110111-6520187,732-87-00864,전라남도 영광군 영광읍 옥당로 125 다동 1층, ,,기타 발전업,2017-09-19,12월
안산그린에너지,ANSAN GREEN ENERGY,안산그린에너지, ,유석종,기타법인,110111-8607389,241-88-02664,"서울특별시 중구 을지로 170 (을지로4가, 을지트윈타워) 서관 9층", ,,기타 발전업,2023-04-11,12월
안산그린파워 주식회사,"Ansan Green Power Co., Ltd.",안산그린파워, ,유석종,기타법인,131411-0594541,357-87-03073,경기도 안산시 단원구 첨단로 670 2층(초지동), ,,기타 발전업,2024-12-26,12월
안산도시개발 주식회사,Ansan Urban Development Inc.,안산도시개발, ,"최영길, 안민호",기타법인,135011-0047362,134-81-27219,경기도 안산시 단원구 첨단로 670,www.asudi.co.kr,,"증기, 냉ㆍ온수 및 공기조절 공급업",1995-06-28,12월
안산에너지개발 주식회사,"Ansan Energy Development Co., Ltd",안산에너지개발, ,김재인,기타법인,205211-0025369,408-81-72065,전라남도 화순군 화순읍 교리 101-3,www.namhai21.co.kr,,발전업,2006-12-13,12월
주식회사 안양아삼파워,"Anyang Asampower Co.,Ltd",안양아삼파워, ,KIM JUNG WOOK,기타법인,134111-0588349,880-86-02276,"경기도 안양시 만안구 안양로 115 (안양동, 도정오피스텔) 1006호", ,,전기 판매업,2021-08-10,12월
안정에너지주식회사,"Anjung Energy Co., Ltd.",안정에너지, ,정태훈,기타법인,110111-3174713,104-81-92529,서울특별시 중구 남대문로5가대우센터빌딩 , ,,발전업,2005-02-23,12월
안좌쏠라시티 주식회사,"Anjwa Solar City Co., Ltd.",안좌쏠라시티, ,박정근,기타법인,201111-0052623,318-81-08936,전라남도 신안군 안좌면 안좌남부길 530-94 (구대리), ,,태양력 발전업,2018-03-20,12월
알이백아이피피1호 유한회사,"RE100 IPP No. 1 Co., Ltd.",알이백아이피피1호, ,박충수,기타법인,110114-0036474,437-86-03479,"서울특별시 강남구 학동로 402 707호 (삼성동, 천마빌딩)", ,,태양력 발전업,2025-05-30,12월
주식회사 알코타스코리아,"RCOTAS KOREA CO.,LTD",알코타스코리아, ,이광원,기타법인,170111-0609406,125-87-00412,경기도 안성시 대덕면 무능로 118, ,,"증기, 냉ㆍ온수 및 공기조절 공급업",2017-07-07,12월
주식회사 압해풍력발전소,APHAEWP.INC,압해풍력발전소, ,전대영,기타법인,200111-0418363,410-87-07268,전라남도 신안군 압해읍 압해로 861 (학교리) 4층, ,,풍력 발전업,2015-01-22,12월
애플에너지주식회사,appleenergy,애플에너지, ,박정환,기타법인,110111-6558633,735-81-00973,강원도 정선군 정선읍 송오안길 49-26 (덕송리) 소수력발전소, ,,수력 발전업,2017-11-03,12월
주식회사 야월해상풍력,Yawol Offshore Wind Power,야월해상풍력, ,배병준,기타법인,205811-0029004,736-81-02988,전라남도 영광군 영광읍 그린테크로 23, ,,기타 발전업,2024-02-07,12월
약목에코파크(주),Yakmok Eco Park,약목에코파크, ,김기호,기타법인,175211-0084552,346-87-02846,경상북도 칠곡군 약목면 복성8길 46 (복성리), ,,기타 발전업,2023-09-01,12월
양구수상태양광 주식회사,Yanggu Floating Photovoltaic Power Plant Inc.,양구수상태양광, ,이태연,기타법인,140111-0086931,883-81-02310,강원특별자치도 춘천시 터미널길 14 (온의동) 2층, ,,태양력 발전업,2020-09-22,12월
주식회사 양산솔라,YANGSANSOLAR,양산솔라, ,전완수,기타법인,175011-0017391,503-86-12576,경상북도 고령군 성산면 성산로 1050 (득성리), ,,발전업,2014-04-02,12월
양산에덴밸리풍력발전(주),"Yangsan Eden Valley wind power co., Ltd.",양산에덴밸리풍력발전, ,최재서,기타법인,234111-0138078,193-88-02948,경상남도 양산시 어실로 910-47, ,,기타 발전업,2023-07-20,12월
주식회사 양산햇빛발전소,yangsan sunshine solar power plant,양산햇빛발전소, ,김영기,기타법인,234111-0075238,621-86-10032,"경상남도 양산시 중앙로 92-1 (남부동, 남부종합건재)2층", ,,태양력 발전업,2014-04-10,12월
양양수리풍력 주식회사,"Yangyang Suri Wind Power co.,Ltd.",양양수리풍력, ,김시옥,기타법인,144511-0016035,777-88-02936,강원특별자치도 양양군 양양읍 남문9길 21-1 (남문리) 2층, ,,기타 발전업,2022-08-30,12월
양양풍력발전(주),"YANGYANG WIND POWER Co., Ltd.",양양풍력발전, ,최재서,기타법인,134511-0297223,193-87-00486,강원도 양양군 현남면 화상천로 609 (하월천리),-,,발전업,2016-08-03,12월
에너원주식회사,enerone,에너원, ,김상권,기타법인,210111-0057119,402-81-76200,전라북도 군산시 소룡동 1633, ,,"증기, 냉ㆍ온수 및 공기조절 공급업",2007-08-01,12월
에너지나투라주식회사,"ENERGY NATURA CO,.KOREA",에너지나투라, ,김대오,기타법인,180111-0575572,605-81-80564,부산광역시 동구 초량동 1147-14 국제오피스텔 1901호,www.energynatura.org,,발전업,2006-12-06,12월
에너지농장주식회사,"Energy Farmco., LTD",에너지농장, ,임인철,기타법인,201311-0030443,416-81-48737,전라남도 순천시 별량면 두고리 301-2, ,,발전업,2005-05-09,12월
주식회사 에너지링크나주,"ENERGY LINK NAJU Co., Ltd.",에너지링크나주, ,박성옥,기타법인,205511-0089179,358-86-03443,전라남도 나주시 왕곡면 영산포로 30-9, ,,전기 판매업,2024-05-20,12월
주식회사 에너지링크울산,"ENERGY LINK ULSAN Co., Ltd.",에너지링크울산, ,김대근,기타법인,230111-0396919,778-81-02833,"울산광역시 울주군 청량읍 온산로 545 (상남리, 덕하공영차고지)", ,,전기 판매업,2023-08-08,12월
주식회사 에너지전주,"ECORBIT ENERGY Jeonju Co., Ltd",에너지전주, ,이재환,기타법인,214911-0036717,403-81-65517,전라북도 전주시 덕진구 감수길 10-54 (팔복동4가),www.ecorbit.com,,"증기, 냉ㆍ온수 및 공기조절 공급업",2011-12-19,12월
주식회사 에너지코, energy co,에너지코, ,이종조,기타법인,211111-0069791,773-88-00668,전라북도 군산시 옥구읍 어은남1길 17-11 (어은리), ,,태양력 발전업,2017-06-01,12월
주식회사 에너지플래닛,"Energy Planet Co., Ltd.",에너지플래닛, ,이형래,기타법인,110111-1271131,229-81-18978,서울특별시 서초구 서초동 1536-13 5~6층, ,,발전업,1996-05-14,12월
(주)에너지홀딩스,energyhoidings,에너지홀딩스, ,이완구,기타법인,120111-1139494,240-86-01940,인천광역시 서구 검단천로356번길 11 (오류동), ,,태양력 발전업,2021-04-01,12월
주식회사 에버온,"Ever ON Co.,Ltd.",에버온, ,유동수,기타법인,110111-5000081,105-87-79517,"서울특별시 중구 을지로 100 (을지로2가, 파인에비뉴) b동 3층 에버온",www.everon.co.kr,www.everon.co.kr,전기 판매업,2012-11-14,12월
(주)에버온 인프라,"Everon infra Co.,Ltd",에버온인프라, ,유동수,기타법인,110111-7978559,330-86-02392,"서울특별시 중구 을지로 100 (을지로2가, 파인에비뉴) b동 3층 에버온",www.everon.co.kr,,전기 판매업,2021-08-03,12월
에스디와이에너지(주),"SDYenergy co., ltd.",에스디와이에너지, ,조현식,기타법인,205711-0010196,411-81-55043,전라남도 무안군 운남면 내리 587-52, ,,발전업,2008-08-06,06월
(주)에스알비태양광,"SRB solar co., ltd.",에스알비태양광, ,조경선,기타법인,200111-0443378,757-86-00231,"광주광역시 북구 제봉로 324 (중흥동, SRB빌딩) 9층", ,,태양력 발전업,2015-10-15,12월
에스앤이에너지(주),"S&E Energy Co.,Ltd",에스앤이에너지, ,박주원,기타법인,280211-0140132,754-87-00035,경기도 양주시 남면 검준2길 21 에스앤이에너지 주식회사,-,,"증기, 냉ㆍ온수 및 공기조절 공급업",2015-03-02,12월
주식회사 에스앤제이피,S&JP,에스앤제이피, ,신석환,기타법인,206211-0066940,582-81-01209,"전라남도 여수시 웅천남1로 8 (웅천동, 웅천자이더스위트) 104동 3803호", ,,태양력 발전업,2018-08-10,12월
(주)에스앤피,solar&park,에스앤피, ,전영환,기타법인,200111-0203136,410-81-92521,광주광역시 북구 일곡동 839-5 6층, ,,발전업,2004-12-24,12월
주식회사에스에이치개발,SHDEVELOPEMENT,에스에이치개발, ,이길형,기타법인,171211-0113214,184-88-01514,경상북도 경주시 강동면 강동산단로 61 강동일반산업단지23블럭, ,,기타 발전업,2020-01-03,12월
에스오더블유피(주),"SOWP Co., Ltd.",에스오더블유피, ,"선민철, PATANACHAN PERADACH",기타법인,211111-0044438,116-87-00121,"전라북도 전주시 덕진구 백제대로 567 (덕진동1가, 전북대학교 해상풍력 국제공동연구소)", ,,기타 발전업,2015-06-29,12월
주식회사 에스이그린에너지,"SE Greenenergy Co.,Ltd.",에스이그린에너지, ,배영진,기타법인,110111-5015056,143-81-07895,경기도 화성시 장안면 화곡로 280-50 에스이그린에너지, ,,발전업,2012-12-04,12월
주식회사 에스이모빌리티,"S.E Mobility Co.,Ltd.",에스이모빌리티, ,최진태,기타법인,135811-0457953,342-88-02685,경기도 수원시 권선구 세화로 220 (서둔동), ,,전기 판매업,2022-12-05,12월
에스지씨그린파워 주식회사,SMG Energy Co.Ltd.,에스지씨그린파워, ,박준영,기타법인,211111-0042698,401-81-56346,전라북도 군산시 임해로 297 (소룡동), ,,화력 발전업,2014-12-04,12월
에스케이멀티유틸리티 주식회사,"SK multi utility Co., Ltd.",에스케이멀티유틸리티, ,김남규,기타법인,230111-0363760,794-88-02402,울산광역시 남구 처용로 718 (황성동), ,,"증기, 냉ㆍ온수 및 공기조절 공급업",2021-12-01,12월
에스케이이엔에스(주),"SK E&S Co., Ltd.",에스케이이엔에스, ,추형욱,기타법인,110111-1632979,116-81-71167,서울특별시 종로구 종로 26,www.skens.com,www.skens.com,화력 발전업,1999-01-13,12월
에스케이일렉링크,SK electlink,에스케이일렉링크, ,류영준,기타법인,131111-0687582,378-86-02680,서울특별시 송파구 올림픽로 295 17층 (신천동), ,,전기 판매업,2022-11-09,12월
(주)에스티더블유홀딩스,"S.T.W. Holdings Co,.Ltd",에스티더블유홀딩스, ,김민규,기타법인,110111-2964850,120-86-64428,서울특별시 용산구 용산동2가 산1-3 서울타워1층,www.stwholdings.com,,발전업,2004-03-02,12월
(주)에스파워,"S-Power Co., Ltd",에스파워, ,김원중,기타법인,131411-0270307,134-86-84627,경기도 안산시 단원구 엠티브이2로 14, ,,화력 발전업,2012-01-02,12월
(주)에스피솔라,"SPSOLAR.CO.,LTD",에스피솔라, ,송우근,기타법인,200111-0241467,410-86-10790,전라남도 장성군 삼서면 구적길 29 (대곡리), ,,발전업,2007-04-30,12월
에스피아이(서산)코젠 엘티디,SPI(Seosan)Cogen Ltd,에스피아이(서산)코젠엘티디, ,John Christopher Brown,기타법인, ,310-84-00076,충청남도 서산시 대산읍 삼성종합화학(주) SPI SEOSAN COGEN, ,,발전업,1999-06-16,03월
(주)에스피에너지,"SPENERGY Co.,Ltd",에스피에너지, ,송우근,기타법인,175411-0006495,511-81-12742,경상북도 문경시 산북면 대상리 39-4, ,,발전업,2004-11-10,12월
(주)에스피지케미칼,SPG CHEMICAL,에스피지케미칼, ,이성재,기타법인,161411-0012547,316-81-04026,충청남도 서산시 대산읍 독곳리 413-3, ,,연료용 가스 제조 및 배관공급업,2003-02-12,12월
(주)에스피티,"SPT.co,.ltd",에스피티, ,문진수,기타법인,110111-3604744,114-86-57539,전라남도 여수시 상암동 510, ,,"증기, 냉ㆍ온수 및 공기조절 공급업",2007-01-22,12월
주식회사 에스피티,SPT,에스피티, ,김영민,기타법인,206211-0071832,308-86-01571,전라남도 여수시 상암로 639 2층 2호(상암동), ,,"증기, 냉ㆍ온수 및 공기조절 공급업",2019-10-17,12월
주식회사 에쓰엠씨전력,SMC,에쓰엠씨전력, ,신명철,기타법인,164211-0028769,705-88-00554,충청남도 금산군 금산읍 후곤천길 53 (상리), ,,태양력 발전업,2016-07-21,12월
(주)에이더블유피,"AWP Co. , Ltd.",에이더블유피, ,김수연,기타법인,171111-0022996,508-81-31025,"경상북도 영양군 영양읍 석영로 1419 (서부리, KT영양지점)", ,,발전업,2011-06-29,12월
(주)에이전트에이아이,"Agent AI Co.,Ltd.",에이전트AI,060900,"염제우, 조헌정 각자대표이사",코스닥시장,110111-1384075,220-81-43198,전라남도 영광군 영광읍 그린테크로 23 -,www.agentai.xyz,www.agentai.xyz,전기업,1997-02-28,12월
(주)에이제트솔라,AZSOLAR,에이제트솔라, ,김영필,기타법인,110111-4522789,119-86-38366,경기도 광명시 일직로 72 A동 1421호(일직동), ,,태양력 발전업,2011-01-21,12월
에이치씨태양광발전 주식회사,HC Solra Power Generation Corporation,에이치씨태양광발전, ,배진우,기타법인,180111-0619891,617-81-70036,대구광역시 북구 학남로15길 14-1 (국우동), ,,태양력 발전업,2008-01-21,12월
(주)에이치에스이앤피,"HS ENERGY AND POWER Co., Ltd.",에이치에스이앤피, ,한병훈,기타법인,210111-0057101,402-81-76291,전라북도 완주군 봉동읍 둔산리 870-9, ,,화력 발전업,2007-08-01,12월
주식회사 에이치에스파워,HS Power,에이치에스파워, ,박환민,기타법인,200111-0708459,335-81-03047,광주광역시 북구 첨단연신로30번길 41 (연제동), ,,태양력 발전업,2023-10-23,12월
에이치이에스에스주식회사,"HESS Co., Ltd.",에이치이에스에스, ,백종근,기타법인,285011-0400353,467-86-01375,"경기도 고양시 일산동구 탄중로 429 504-45호 (중산동, 성지프라자)",,,전기 판매업,2018-12-24,12월
(주)에이케이태양광,"AK SOLAR CO.,LTD.",에이케이태양광, ,김유웅,기타법인,214611-0003712,404-81-23790,서울특별시 강남구 역삼1동 유니온센터오피스텔 1504호, ,,발전업,2007-08-01,12월
에이피개발 주식회사,APDevelop Co.Ltd,에이피개발, ,고정범,기타법인,201111-0068498,776-87-02649,"경기도 용인시 기흥구 강남서로 9 7층 703-비 451호(구갈동, 아카데미프라자)", ,,태양력 발전업,2022-06-22,12월
주식회사 에코비트 에너지 울산,"Energy Ulsan Co.,LTD",에코비트에너지울산, ,주승환,기타법인,230111-0205160,610-86-20388,"울산광역시 남구 여천로 228 (여천동, (주)티에스케이이앤피)", ,,"증기, 냉ㆍ온수 및 공기조절 공급업",2013-03-15,12월
주식회사 에코빌리지,ECOVILLAGE,에코빌리지, ,박영석,기타법인,200111-0403645,410-86-94669,광주광역시 서구 상무대로 825-1, ,,발전업,2014-08-04,12월
주식회사 에코에너지,ecosolar Co. Ltd.,에코에너지, ,장종민,기타법인,191311-0038359,508-81-42629,"경상남도 밀양시 상동면 상동로 455-8 (금산리), 라동", ,,태양력 발전업,2021-07-20,12월
에코에너지,eco energy,에코에너지, ,조동일,기타법인,110111-2770299,101-81-94173,"인천광역시 서구 거월로 61 (백석동, 수도권매립지공사) 내 에코에너지 주식회사",www.ecoenergy.co.kr,,발전업,2003-04-30,12월
주식회사 에팩,"EFAC Co.,Ltd.",에팩, ,"송영빈, 정성훈",기타법인,110111-5210557,114-87-11321,"서울특별시 서초구 나루터로 59 (잠원동, 라성빌딩)", ,,"증기, 냉ㆍ온수 및 공기조절 공급업",2013-08-23,12월
주식회사 에프지,"FG Co., Ltd.",에프지, ,신양우,기타법인,200111-0611884,427-81-02051,"광주광역시 북구 첨단벤처소로15번길 19 (월출동, (주)에프지)", ,,기타 발전업,2020-09-18,12월
(주)엔.에이치,N.H,엔.에이치, ,박창기,기타법인,204911-0006374,416-81-50437,전라남도 고흥군 고흥읍 신계학림길 20 (남계리), ,,전기업,2005-08-26,12월
엔솔브(주),"Ensolve Co., Ltd.",엔솔브, ,이현부,기타법인,180111-0484898,621-81-58894,부산광역시 기장군 정관읍 산단1로 83 (달산리),https://www.skens.com/ensolve,,발전업,2004-05-18,12월
주식회사엔이티,"New Energy Tech Co., Ltd.",엔이티, ,권혁준,기타법인,150111-0148424,301-86-11928,충청북도 청주시 흥덕구 옥산면 옥산산단로 76 (호죽리)907, ,,"증기, 냉ㆍ온수 및 공기조절 공급업",2011-06-10,12월
엔텍월드(주),ENTECHWORLD,엔텍월드, ,안병립,기타법인,110111-3242396,119-81-81214,"서울특별시 금천구 가산디지털1로 196 (가산동, 에이스테크노타워10차) 1210호",www.entechworld.net,,전기업,2005-06-03,12월
주식회사 엔프로텍,"ENPROTECH.CO,.LTD",엔프로텍, ,고원영,기타법인,214911-0026479,403-81-45205,전라북도 완주군 봉동읍 완주산단1로 229, ,,기타 발전업,2007-03-29,12월
엘에스영종스카이솔라 주식회사,LS Yeongjong Skysolar,엘에스영종스카이솔라, ,송우섭,기타법인,120111-1308346,850-87-02952,"인천광역시 중구 공항동로1길 20-45 (운서동, 삼목캠프단지 LS일렉트릭사무실)", ,,태양력 발전업,2023-05-12,12월
엘에스이링크(주),LS E-Link,엘에스이링크, ,김대근,기타법인,110111-8285416,744-86-02437,"서울특별시 용산구 한강대로 92 (한강로2가, LS용산타워) 3층", ,,전기 판매업,2022-05-02,12월
주식회사 엘지솔라에너지,LG Solar Energy Inc.,엘지솔라에너지, ,김정래,기타법인,110111-3759408,107-87-00603,서울특별시 영등포구 여의대로 128 (여의도동), ,,발전업,2007-09-21,12월
주식회사 엘지유플러스볼트업,LG Uplus VoltUp Corp.,엘지유플러스볼트업, ,염상필,기타법인,110111-8966933,882-88-02878,"서울특별시 강남구 테헤란로98길 11 7층 (대치동, 이지빌딩)",lgvoltup.com,,전기 판매업,2024-06-05,12월
엘티솔라 주식회사,ET Solar,엘티솔라, ,송우섭,기타법인,200111-0710892,503-87-03206,광주광역시 북구 첨단연신로30번길 41 (연제동), ,,태양력 발전업,2023-11-22,12월
엠씨에너지(주) (MC ENERGY),MC ENERGY,엠씨에너지(MCENERGY), ,정경오,기타법인,201111-0001357,411-81-01998,전라남도 목포시 영산로 742 (석현동)목포도시가스(주), ,,연료용 가스 제조 및 배관공급업,1982-07-15,12월
(주)엠제이에너지,"mjenergy CO.,Ltd. ",엠제이에너지, ,박미자,기타법인,160111-0429385,566-88-00395,"대전광역시 서구 둔산북로 121 (둔산동, 아너스빌오피스텔),506호", ,,태양력 발전업,2016-06-22,12월
주식회사 엠케이솔라,MK SOLAR CO LTD,엠케이솔라, ,박승재,기타법인,110111-7198131,289-86-01440,"서울특별시 중구 한강대로 416 (남대문로5가, 서울스퀘어) 14층", ,,태양력 발전업,2019-08-12,12월
엠함안 주식회사,M-Haman Company Limited,엠함안, ,이승훈,기타법인,110111-6323416,644-86-00667,"경상남도 함안군 대산면 대부로 420 (부목리, 강산자원(주))", ,,발전업,2017-02-20,03월
여수그린에너지,Yoesu Green Energy,여수그린에너지, ,박현철,기타법인,206211-0055612,664-88-00103,전라남도 여수시 여수산단로 1384 (낙포동), ,,발전업,2015-06-26,12월
여수바이오에너지 주식회사,"Yeosu Bioenergy Co., Ltd",여수바이오에너지, ,한문선,기타법인,206211-0058244,272-87-00339,전라남도 여수시 율촌면 여순로 386 여수바이오에너지주식회사, ,,화력 발전업,2016-03-18,12월
여수에코에너지 주식회사,YEOSUEco-Energy,여수에코에너지, ,유동석,기타법인,206211-0093000,616-88-02984,전라남도 여수시 산단중앙로 145 (화치동), ,,"증기, 냉ㆍ온수 및 공기조절 공급업",2024-06-24,12월
여수에코파워 주식회사,Yeosu Eco Power,여수에코파워, ,최영선,기타법인,206211-0093125,450-86-03211,전라남도 여수시 산단중앙로 145 (화치동), ,,발전업,2024-07-10,12월
여수퓨어파워 주식회사,Yeosu Pure Power,여수퓨어파워, ,오기환,기타법인,206211-0093133,792-87-03198,전라남도 여수시 산단중앙로 145 (화치동), ,,발전업,2024-07-10,12월
여주에너지서비스,Yeoju Energy Service,여주에너지서비스, ,한수미,기타법인,110111-6897817,467-86-01297,경기도 여주시 북내면 외재로 185 (외룡리) 여주에너지서비스,https://www.skens.com/yeoju/main/index2.do,https://www.skens.com/yeoju/main/index2.do,화력 발전업,2018-10-17,12월
(주)여천이피에스,Yeocheon EPS,여천이피에스, ,김수동,기타법인,230111-0318377,822-88-01561,"울산광역시 남구 여천로 228 (여천동, (주)울산이앤피)", ,,기타 발전업,2019-10-01,12월
(주)연안솔라,"YunanSolar CO.,Ltd.",연안솔라, ,강창원,기타법인,160111-0333172,314-86-40467,"서울특별시 영등포구 국제금융로2길 25 (여의도동, (주)유수홀딩스) 19층", ,,발전업,2012-10-24,12월
주식회사 연우,"yunwoo Co.,Ltd",연우, ,김금자,기타법인,195511-0147623,615-81-91689,경상남도 김해시 진영읍 서부로378번길 52-21,www.ywkorea.co.kr,,"증기, 냉ㆍ온수 및 공기조절 공급업",2012-04-25,12월
염수봉풍력발전 주식회사,"Yeomsubong wind power Co., Ltd.",염수봉풍력발전, ,김영철,기타법인,180111-0976530,142-86-00201,부산광역시 서구 대신로 89 (서대신동3가) 3층, ,,기타 발전업,2015-12-01,03월
영광백수풍력발전 주식회사,"Yeonggwang Baeksu Wind Power Co.,Ltd.",영광백수풍력발전, ,고석범,기타법인,200111-0366942,408-86-02147,전라남도 영광군 백수읍 백수로 479-60 (상사리),-,,발전업,2013-04-30,12월
영광약수풍력발전주식회사,"YeongGwang YakSu Wind Electric.co.,Ltd",영광약수풍력발전, ,김양수,기타법인,200111-0371123,408-86-02787,전라남도 영광군 백수읍 백수로 763 (약수리)1161-1,jy1047@cnpower.co.kr,,발전업,2013-06-10,12월
영광열병합발전주식회사,"yeong gwang combined heat & power plant co.,ltd",영광열병합발전, ,김광식,기타법인,205811-0017786,459-88-00573,전라남도 영광군 홍농읍 홍농로 457-8 (상하리), ,,기타 발전업,2016-09-06,12월
영광칠해해상풍력 주식회사,Yeonggwang Chilhae Offshore Windpower Corporation,영광칠해해상풍력, ,구현근,기타법인,110111-8590344,386-81-02954,"서울특별시 중구 청계천로 86 (장교동, 한화빌딩)", ,,기타 발전업,2023-03-23,12월
영광풍력발전(주),"YEONGGWANG WIND POWER CO.,LTD. ",영광풍력발전, ,정복화,기타법인,200111-0369920,408-86-02773,전라남도 영광군 염산면 봉덕로 221-65, ,,기타 발전업,2013-05-28,12월
영남에너지서비스(주),Yeongnam energy service,영남에너지서비스, ,"차용철, 곽원병",기타법인,175311-0001570,513-81-02333,경상북도 포항시 북구 소티재로 208 (창포동),www.ynes.co.kr,,연료용 가스 제조 및 배관공급업,1986-03-20,12월
영덕블루윈드 주식회사,Yeongdeok Blue Wind Corporation,영덕블루윈드, ,"김병용, 박효섭",기타법인,171611-0029653,387-88-02989,경상북도 영덕군 영덕읍 화개동길 9-1 (화개리) 101호, ,,기타 발전업,2023-12-05,12월
영덕제1풍력발전,"Yeongdeok Windpower Corporation1 Co., Ltd. ",영덕제1풍력발전, ,김수연,기타법인,171611-0023655,403-81-83363,경상북도 영덕군 영덕읍 경동로 8300 (화개리), ,,기타 발전업,2017-11-01,12월
(주)영덕제2풍력발전," Yeongdeok Windpower Corporation 2 Co., Ltd.",영덕제2풍력발전, ,김수연,기타법인,171111-0033133,221-81-48992,경상북도 영덕군 영덕읍 경동로 8300 1층, ,,발전업,2016-02-26,12월
영덕풍력발전(주),"Youngduk Wind Power  Co., Ltd",영덕풍력발전, ,김용훈,기타법인,171611-0015355,507-81-05577,경상북도 영덕군 영덕읍 해맞이길 247 (창포리), ,,발전업,2002-10-17,12월
영덕해맞이풍력발전 주식회사,"Yeongdeok Sunrise Wind Power Co., Ltd.",영덕해맞이풍력발전, ,최재서,기타법인,171711-0164043,410-87-10929,경상북도 영덕군 영덕읍 해맞이길 227 (창포리 847), ,,발전업,2021-06-02,12월
영덕해파랑풍력발전 주식회사,"Youngduk Haeparang Wind power CO., LTD.",영덕해파랑풍력발전, ,김용훈,기타법인,171611-0024976,712-87-01078,경상북도 영덕군 영덕읍 해맞이길 247 (창포리), ,,발전업,2018-08-31,12월
영백풍력태양광발전(주),"Yeongbaek Wind Power Solar Power Generation Co., Ltd.",영백풍력태양광발전, ,"김영관, 민동성",기타법인,205811-0019691,644-81-00717,전라남도 영광군 염산면 칠산로9길 185-86 (두우리), ,,풍력 발전업,2018-02-22,12월
영암에프원태양광발전주식회사,"Yeongam F1 Solar Power Plant Co.,Ltd",영암에프원태양광발전, ,오경홍,기타법인,205411-0020282,411-81-71970,전라남도 영암군 삼호읍 에프원로 2, ,,발전업,2012-02-01,12월
영암이에스에스(주),Young Am Energy Storage System  ,영암이에스에스, ,기찬수,기타법인,110111-5833573,221-87-00118,서울특별시 서초구 양재천로19길 10 (양재동), ,,발전업,2015-11-26,12월
영암큐파워솔라팜1호(주),"Youngam Q Power Solarfarm 1 Co., Ltd.",영암큐파워솔라팜1호, ,이동훈,기타법인,205411-0034374,896-86-01952,"경기도 수원시 팔달구 권광로 199 (인계동, 세영빌딩) 3층", ,,태양력 발전업,2021-02-25,12월
영암태양광발전 주식회사,"Yeongam solar farm co., Ltd",영암태양광발전, ,노문철,기타법인,110111-6340402,494-87-00623,전라남도 영암군 금정면 활성산길 219 2층, ,,전기업,2017-03-09,12월
영암테크노태양광 주식회사,Young Am Techno Solar Corporation,영암테크노태양광, ,기일,기타법인,200111-0372907,409-86-37881,전라남도 영암군 삼호읍 나불로 206 2층 205호, ,,발전업,2013-06-27,12월
영암풍력발전(주),YEONG AM WIND,영암풍력발전, ,서기섭,기타법인,205411-0019912,412-81-44461,전라남도 영암군 금정면 활성산길 219, ,,발전업,2011-10-13,12월
영암해오름태양광주식회사,Young Am Hae-oh-rm Solar Corporation,영암해오름태양광, ,기일,기타법인,200111-0372890,410-86-77127,충청북도 진천군 이월면 산수산단2로 202, ,,발전업,2013-06-27,12월
주식회사 영양에코파워,"YeongYang Eco Power Co.,Ltd",영양에코파워, ,정용수,기타법인,174511-0004886,508-81-40446,경상북도 영양군 일월면 영양로 2201-6 (곡강리), ,,전기업,2015-02-11,12월
영양윈드파워 주식회사,"YeongYang Wind Power Co.,Ltd",영양윈드파워, ,정용수,기타법인,110111-5296797,264-81-26961,"경기도 성남시 분당구 성남대로331번길 8 (정자동, 킨스타워) 506호", ,,전기업,2013-12-19,12월
(주)영양제2풍력발전,Yeong Yang Wind Power Corporation-2,영양제2풍력발전, ,김수연,기타법인,174511-0003333,508-81-26954,경상북도 영양군 석보면 화무로 857-98 (삼의리), ,,발전업,2009-11-13,12월
(주)영양풍력발전공사,Yeong Yang Wind Power Corporation,영양풍력발전공사, ,김용훈,기타법인,174511-0002393,508-81-18740,경상북도 영양군 석보면 맹동산길 284-40 (요원리), ,,발전업,2005-11-01,12월
(주)영월솔라테크,"Yeongwol Solartech Co., Ltd.",영월솔라테크, ,김정태,기타법인,110111-2352831,212-81-54689,"서울특별시 송파구 올림픽로 378 5층(방이동, 세민빌딩)", ,,발전업,2001-10-16,12월
영월에코윈드(주),"Yeongwol Eco Wind Co., Ltd. ",영월에코윈드, ,조우진,기타법인,110111-6068153,810-81-00497,강원도 영월군 영월읍 하송로 43 (하송리) 2층, ,,기타 발전업,2016-05-23,12월
영월연당에너지 주식화사,"Yeongwol Yeondang Energy Co., Ltd.",영월연당에너지주식화사, ,김선웅,기타법인,110111-0923079,454-81-03732,서울특별시 영등포구 국제금융로6길 33 (여의도동), ,,태양력 발전업,2025-04-03,12월
영월천평풍력(주),"Yeongwolcheon Pyungpyeong Wind Power Co., Ltd.",영월천평풍력, ,유재홍,기타법인,141411-0016527,161-88-02219,강원도 영월군 영월읍 단종로33번길 30 (영흥리) 3층(KT영월빌딩), ,,기타 발전업,2021-06-14,12월
영종이피주식회사,YEONGJONG-EP,영종이피, ,홍학표,기타법인,120111-0472382,121-81-92238,인천광역시 중구 운서동 2650 ~2808, ,,"증기, 냉ㆍ온수 및 공기조절 공급업",2008-08-11,12월
영천바이오에너지(주),"Yeongchen Bio Energy Co.,LTD.",영천바이오에너지, ,장호철,기타법인,174711-0038013,505-81-82199,경상북도 영천시 금호읍 칠백로 713 (구암리) 영천바이오에너지(주),www.ycbio.co.kr/,,연료용 가스 제조 및 배관공급업,2014-10-21,12월
(주)예스코,"Yesco Co., Ltd.",예스코, ,김환,기타법인,110111-6708494,732-88-01079,서울특별시 성동구 자동차시장길 23,www.lsyesco.com,,연료용 가스 제조 및 배관공급업,2018-04-03,12월
주식회사 예종솔라,"Yejong Solar Co., Ltd",예종솔라, ,권영만,기타법인,141211-0075816,812-86-00066,강원도 원주시 흥업면 광터길 33 (사제리), ,,태양력 발전업,2015-04-23,12월
오대양태양광발전주식회사,"Odaeyang Photovoltaic Power Generation Co.,Ltd.",오대양태양광발전, ,임민규,기타법인,211111-0039009,401-81-52409,전라북도 군산시 임해로 423,www.oci.co.kr,,발전업,2013-09-17,12월
오미산풍력발전 주식회사,"Omisan Wnd Power Co.,Ltd.",오미산풍력발전, ,전형구,기타법인,175711-0011886,151-86-01408,경상북도 봉화군 봉화읍 봉화로 1035 (해저리), ,,기타 발전업,2019-03-08,12월
주식회사 오산에너지,"Osan Energy CO.,LTD",오산에너지, ,정광우,기타법인,134811-0046799,124-81-68625,경기도 오산시 누읍동 332,http://OSANENERGY.CO.KR,,"증기, 냉ㆍ온수 및 공기조절 공급업",2000-01-05,12월
오씨아이남부태양광발전주식회사,"OCI South Photovoltaic Power Generation Co.,Ltd.",오씨아이남부태양광발전, ,임민규,기타법인,211111-0037491,401-81-50736,"전라북도 군산시 외항로 82 (소룡동, OCI주식회사)",www.ocipower.co.kr,,발전업,2013-03-12,12월
오씨아이서울태양광발전주식회사,"OCI Seoul Photovoltaic Power Generation Co., Ltd.",오씨아이서울태양광발전, ,임민규,기타법인,110111-4989111,104-86-45467,"서울특별시 중구 소공로 94 (소공동, OCI주식회사)", ,,발전업,2012-10-26,12월
오씨아이파워주식회사,"OCI Power Co., Ltd.",오씨아이파워, ,김성엽,기타법인,110111-4984137,104-86-44532,전라북도 군산시 자유무역2길 15 5동, ,,발전업,2012-10-19,12월
(주)오엠시솔라에너지,"OMC SOLAR ENERGY CO.,LTD",오엠시솔라에너지, ,최귀동,기타법인,201111-0030968,411-81-59879,전라남도 신안군 지도읍 해제지도로 1004-5 (광정리), ,,태양력 발전업,2009-10-14,12월
주식회사 온누리,ONNURI Co. Ltd,온누리, ,임원철,기타법인,205411-0013427,412-81-32515,전라남도 영암군 신북면 갈곡리 59-23, ,,발전업,2007-08-28,12월
온천천시민햇빛발전(주),Oncheoncheon Citizen Sunlight Plant ,온천천시민햇빛발전, ,김재규,기타법인,180111-0658310,605-81-92115,부산광역시 동구 초량동 1147-14 국제 O/T 801, ,,발전업,2009-01-16,12월
주식회사 와이즈솔라 군산,"Wise Solar Gunsan Co.,Ltd",와이즈솔라군산, ,이은표,기타법인,110111-5309285,401-81-53617,전라북도 군산시 서해로 692 (비응도동), ,,발전업,2014-03-10,12월
(주)와이지이,"YGE.Co.,Ltd",와이지이, ,김기환,기타법인,171111-0026906,508-81-36184,경상북도 영양군 영양읍 석영로 1419, ,,발전업,2013-06-04,12월
주식회사 와이케이에너지2호,ykenergy2,와이케이에너지2호, ,주홍상,기타법인,110111-6717841,136-87-01177,"서울특별시 종로구 필운대로 91 1층, 에이호 (신교동, 코리아나하우스)", ,,태양력 발전업,2018-04-11,12월
와이티썬 주식회사,YTSUN Corporation,와이티썬, ,김선웅,기타법인,164311-0013578,308-81-35251,충청남도 부여군 초촌면 금백로 821, ,,발전업,2011-07-11,12월
와이피피쏠라(주),YPPSSOLLA,와이피피쏠라, ,전정옥,기타법인,110111-3834937,119-86-04774,전라남도 보성군 겸백면 도안리 산 3, ,,전기업,2008-01-30,12월
욕지도해상풍력(주),"Yokjido Marine Wind Power Co., Ltd",욕지도해상풍력, ,이상헌,기타법인,191211-0041289,521-87-02850,경상남도 통영시 광도면 죽림2로 86-26 (죽림리) 2층(일산파크빌), ,,기타 발전업,2023-04-11,12월
욕지풍력 주식회사,"Yokji Wind Power Co., Ltd.",욕지풍력, ,정광진,기타법인,191211-0028112,875-81-00422,"경상남도 통영시 중앙로 297 (북신동, 삼성생명빌딩) 9층", ,,기타 발전업,2016-08-05,12월
용성솔라에너지주식회사,"YongSeong Sola Energe Co., Ltd.",용성솔라에너지, ,김범헌,기타법인,170111-0537657,502-86-34844,"경상북도 경산시 진량읍 공단6로 77 (신상리, 에스엘주진량공장)", ,,발전업,2014-08-11,12월
우람파워 주식회사,"WooRam Power Co.,Ltd",우람파워, ,이수영,기타법인,191111-0085528,452-88-01421,경상남도 진주시 금산면 중천로 16 (중천리)305호,-,,기타 발전업,2019-04-12,12월
주식회사 우림이앤에스,"Woolim E&S Co.,Ltd",우림이앤에스, ,정성태,기타법인,131111-0455608,782-86-00479,경기도 성남시 분당구 판교로255번길 9-22 (삼평동) 805호,www.woolimes.co.kr/,,태양력 발전업,2017-02-22,12월
(주)우수영에너지,WOOSUYOUNGENERGE.CO.LTD,우수영에너지, ,허훈,기타법인,200111-0250575,415-81-26098,전라남도 해남군 화원면 장춘리 산94, ,,발전업,2008-01-01,12월
(주)우실태양광,"Wooshil solar co., ltd.",우실태양광, ,민현주,기타법인,206211-0056719,376-88-00152,전라남도 여수시 남면 우실해안길 23-2 (우학리), ,,태양력 발전업,2015-10-16,12월
주식회사 울산에너루트1호,ULSAN ENEROOT NO.1 CORPORATION,울산에너루트1호, ,"김용학, 심영선",기타법인,230111-0381514,808-87-02761,울산광역시 남구 사평로 119 (상개동) 지피오사무동, ,,기타 발전업,2022-10-12,12월
주식회사 울산에너루트2호,ULSAN ENEROOT NO.2 CORPORATION,울산에너루트2호, ,"심미향, 길호문",기타법인,230111-0381522,342-87-02655,울산광역시 남구 사평로 119 (상개동) 지피오사무동, ,,기타 발전업,2022-10-12,12월
(주)울산에너루트3호,ULSAN ENEROOT NO.3 CORPORATION,울산에너루트3호, ,"김용학, 심영선",기타법인,230111-0395169,791-88-02984,울산광역시 남구 사평로 119 롯데케미칼 울산1공장 내 지피오사무동 2층(상개동), ,,기타 발전업,2023-07-07,12월
울산지피에스(주),Ulsan GPS Corporation,울산지피에스, ,조승호,기타법인,165011-0035072,311-81-39175,울산광역시 남구 문수로 482, ,,전기업,2011-07-01,12월
울산풍력발전 주식회사,"Ulsan Wind Power Co.,Ltd.",울산풍력발전, ,석득원,기타법인,230111-0242568,172-88-00133,경상남도 사천시 정동면 바느실길 227-5 (예수리) 227-5, ,,기타 발전업,2015-07-09,12월
울진풍력 주식회사,"Uljin Wind force Co., Ltd.",울진풍력, ,변상현,기타법인,110111-5691145,248-88-00084,"서울특별시 영등포구 국제금융로2길 25 (여의도동, (주)유수홀딩스) 19층", ,,발전업,2015-04-08,12월
워터솔라(주),Water Solar Co. Ltd.,워터솔라, ,한상준,기타법인,150111-0211627,371-86-00231,충청북도 청주시 흥덕구 직지대로474번길 60 (송정동), ,,발전업,2015-11-13,12월
(주)원광발전산업,"Wong Gwang Power Industial Co., Ltd.",원광발전산업, ,김광욱,기타법인,134811-0130336,124-86-50057,전라남도 신안군 지도읍 태천리 1524 103, ,,발전업,2006-11-24,12월
원동풍력 주식회사,"Wondong Wind Power Co.,Ltd",원동풍력, ,김양곤,기타법인,110111-5849372,153-88-00184,경상남도 양산시 어실로 910-1 (어곡동), ,,기타 발전업,2015-09-30,12월
(주)원호태양광발전소,wonhosolarplant,원호태양광발전소, ,"김성국, 신재섭",기타법인,201111-0042450,411-81-88281,울산광역시 동구 후릉길 17-3 (방어동) 2층, ,,발전업,2014-10-23,12월
(주)월드,world,월드, ,원부갑,기타법인,134311-0000828,132-81-20734,경기도 양평군 용문면 신점리 604-1, ,,"증기, 냉ㆍ온수 및 공기조절 공급업",1996-11-01,12월
위드인천에너지(주),"With Incheon Energy Co., Ltd.",위드인천에너지, ,전태현,기타법인,120111-0577124,131-86-30044,인천광역시 남동구 논현고잔로 173 (고잔동),www.withie.co.kr,,"증기, 냉ㆍ온수 및 공기조절 공급업",2011-07-28,12월
윈드밀파워(주),"WINDMILL POWER CO., LTD.",윈드밀파워, ,류승보,기타법인,234111-0059472,621-81-88535,경상남도 양산시 원동면 어실로 910 910-47, ,,발전업,2011-02-09,12월
주식회사 윈드쏠라에너지,Windsolar Energy Inc.,윈드쏠라에너지, ,고영익,기타법인,200111-0425152,261-81-26040,전라남도 장성군 남면 나노산단5로 45 (삼태리) 5동 1층 2호, ,,발전업,2015-03-30,12월
유당솔라 주식회사,"YuDang Solar Co., Itd.",유당솔라, ,조진우,기타법인,200111-0548516,161-86-01399,광주광역시 북구 금남로 146 (누문동), ,,태양력 발전업,2018-12-17,12월
주식회사 유림이피씨,urimepc,유림이피씨, ,김진수,기타법인,124411-0195182,345-81-00692,경기도 김포시 통진읍 김포대로2385번길 111 (옹정리), ,,태양력 발전업,2017-06-23,12월
주식회사 유에이치파워,"UH  Power Co., Ltd.",유에이치파워, ,"김상현, 최대열",기타법인,280211-0250684,317-81-49759,경기도 의정부시 민락로 244-6 (민락동), ,,전기업,2022-09-21,12월
유일에너지(주),Yuil energy co.Ltd.,유일에너지, ,박인택,기타법인,201411-0008349,127-86-18416,경기도 연천군 청산면 대전리 594, ,,발전업,2009-08-06,12월
유일열에너지(주),Yuil steam energy Co.Ltd.,유일열에너지, ,박인택,기타법인,284311-0014597,127-86-31554,경기도 연천군 청산면 대전리, ,,"증기, 냉ㆍ온수 및 공기조절 공급업",2011-05-18,12월
(주)유진에너지,YOOJIN ENERGY INC,유진에너지, ,이현배,기타법인,171511-0007552,508-81-21809,경상북도 의성군 금성면 하리 산 98-12, ,,전기업,2007-07-12,12월
육백산풍력발전 주식회사,"Yukbaeksan Wind Power Co.,Ltd.",육백산풍력발전, ,허화도,기타법인,144611-0021363,870-81-00747,강원도 삼척시 대학로 82-3 (교동) 2층, ,,기타 발전업,2017-05-31,12월
은성쏠라(주),"EUNSEONG Solar Co.,Ltd",은성쏠라, ,한동석,기타법인,200111-0436315,768-87-00179,광주광역시 북구 용봉택지로 59 (용봉동) 1층, ,,발전업,2015-07-28,12월
은평도시가스이엔지(주),Eun Pyeong City Gas ENG,은평도시가스이엔지, ,김동춘,기타법인,110111-3920497,110-81-82633,"서울특별시 서대문구 세검정로1길 95 (홍은동, 벽산아파트상가 에이동301,302,303)", ,,"전기, 가스, 증기 및 공기조절 공급업",2008-07-01,12월
음성에코파크주식회사,"Eumsung Ecopark Co.,Ltd",음성에코파크, ,변상현,기타법인,110111-7316337,575-81-01569,충청북도 음성군 금왕읍 대금로1278번길 17 (오선리) 524-2,esecopark.co.kr,,발전업,2019-12-06,12월
음성천연가스발전(주),"Eumseong Natural Gas Power Co.,Ltd",음성천연가스발전, ,정필식,기타법인,154511-0085559,143-81-33296,충청북도 음성군 음성읍 시장로 53 (읍내리) 아우룸 204호, ,,화력 발전업,2019-08-22,12월
의령풍력발전 주식회사,"Uiryeong Wind Power co.,Ltd.",의령풍력발전, ,이형배,기타법인,194511-0011225,608-86-02126,경상남도 의령군 의령읍 충익로 49-5 제1동호, ,,발전업,2013-12-24,12월
의성솔라파크 주식회사,uiseong -solar-park co.ltd,의성솔라파크, ,조대호,기타법인,171511-0007643,508-81-22185,경상북도 의성군 금성면 학미리 산 60, ,,"전기, 가스, 증기 및 공기조절 공급업",2007-08-16,12월
의성수상태양광(주),Uiseong floating PV corp,의성수상태양광, ,정호찬,기타법인,285011-0314471,712-88-00299,"경기도 고양시 일산동구 장백로 56 801호(백석동, 크리스탈빌딩)", ,,태양력 발전업,2016-01-14,12월
의성황학산풍력발전 주식회사,Uiseong wind,의성황학산풍력발전, ,차현우,기타법인,175911-0019365,192-88-02703,경상북도 울진군 기성면 삼산신흥로 881-77 (삼산리) 2층, ,,발전업,2022-12-06,12월
이건에너지(주),"EAGON ENERGY CO., LTD",이건에너지, ,이길수,기타법인,120111-0518962,121-86-00257,"인천광역시 남구 송림로307번길 132 (도화동, 이건에너지)",www.eagon.com,,"증기, 냉ㆍ온수 및 공기조절 공급업",2009-12-30,12월
(주)이노에너지,innoenergy. inc,이노에너지, ,임영,기타법인,200111-0223960,408-81-69594,"광주광역시 광산구 서봉동 59-1, 호남대학교 BI센터",www.innoenergy.co.kr,,발전업,2006-03-28,12월
주식회사 이래에이치티,Co. Eraeht,이래에이치티, ,김성락,기타법인,120111-1012541,626-88-01380,"인천광역시 부평구 부평대로 283 (청천동, 부평우림라이온스밸리) C동 506호", ,,태양력 발전업,2019-07-18,12월
이레에너지(주),"erenerge co.,ltd",이레에너지, ,박은환,기타법인,230111-0261211,102-88-00376,경상북도 영천시 고경면 차당실2길 181 (삼귀리), ,,태양력 발전업,2016-07-13,12월
이맥스에너지 주식회사,"Emax Energy Co., Ltd.",이맥스에너지, ,김선웅,기타법인,110111-8981072,476-81-03668,"서울특별시 강남구 테헤란로77길 11-18 (삼성동, 스마트빌딩) 6층", ,,태양력 발전업,2024-06-25,12월
(주)이맥스이에스에스,EMAXESS,이맥스이에스에스, ,이종욱,기타법인,110111-5940930,270-81-00272,"서울특별시 서초구 서초대로 334 (서초동, 브라운스톤서초)", ,,발전업,2016-01-08,12월
이스트블루파워 주식회사 ,"EAST BLUE POWER CO., LTD. ",이스트블루파워, ,RODRIGUEZ BAUTISTA (로드리게스산체스바우티스타훌리오),기타법인,230111-0308807,277-88-01155,"울산광역시 남구 삼산로 182 16층 (달동, 보림타워)", ,,기타 발전업,2019-03-18,12월
주식회사 이에스비오비,ESBOB Company Limited,이에스비오비, ,신경수,기타법인,150111-0170162,301-86-21125,"충청북도 청주시 흥덕구 덕암로12번길 37-1 (봉명동,3층)", ,,"증기, 냉ㆍ온수 및 공기조절 공급업",2013-01-04,12월
이에스에너지주식회사,"ES Energy Co., Ltd.",이에스에너지, ,신경수,기타법인,150111-0152566,301-86-13566,충청북도 청주시 흥덕구 봉명동 2832, ,,"증기, 냉ㆍ온수 및 공기조절 공급업",2011-10-07,12월
주식회사 이에스에스에스코,ESSESCO,이에스에스에스코, ,변상현,기타법인,110111-6801115,251-86-01111,"서울특별시 영등포구 국제금융로2길 25 19층 (여의도동, (주)유수홀딩스)", ,,전기 판매업,2018-06-29,12월
이에스파워 유한회사,ESPOWER,이에스파워, ,반석걸,기타법인,154614-0000244,304-81-27439,"충청북도 단양군 매포읍 우덕길 18 (우덕리, 아로니아가공센터)", ,,발전업,2012-12-06,12월
(주)이엔이,ENVIRONMENT & ENERGY CO.LTD,이엔이, ,고성호,기타법인,210111-0087413,402-81-99595,"전라북도 전주시 완산구 천잠로 303 (효자동2가, 전주대학교) 본관 B103호",ene12.com,,발전업,2012-12-12,12월
(주)이엔테크,entech.co.kr,이엔테크, ,신귀환,기타법인,284311-0013458,127-86-17625,경기도 연천군 전곡읍 양연로 490 (간파리) 254-2, ,,"전기, 가스, 증기 및 공기조절 공급업",2014-05-13,12월
(주)이오스,EOS,이오스, ,이한규,기타법인,175411-0007758,511-81-14532,경상북도 문경시 호계면 견탄리 4-1, ,,발전업,2007-01-17,12월
(주)이원브이엘,eonevl co.Ltd.,이원브이엘, ,황병직,기타법인,284311-0013440,127-86-24150,경기도 포천시 신북면 신창길 34 (신평리), ,,발전업,2010-04-28,12월
주식회사 이원신재생에너지복지마을,"E1 Renewable Energy Welfare Village  Co., Ltd.",이원신재생에너지복지마을, ,신경철,기타법인,165111-0017630,494-88-00917,충청남도 태안군 태안읍 중앙로 79 2층 204호(대원빌딩), ,,태양력 발전업,2018-04-13,12월
이원쏠라,E1 Solar,이원쏠라, ,공주영,기타법인,110111-7605649,334-87-02014,"서울특별시 용산구 한강대로 92 (한강로2가, LS용산타워) 21층", ,,기타 발전업,2020-08-31,12월
(주)이웰,EWELL,이웰, ,김영길,기타법인,180111-0835190,607-86-06323,제주특별자치도 서귀포시 신서귀로97번길 45 (강정동)3층, ,,"전기, 가스, 증기 및 공기조절 공급업",2012-12-10,12월
이지에코텍(주),"EG ECOTECH Co.,ltd",이지에코텍, ,김병국,기타법인,131411-0304172,134-87-14434,경기도 안산시 상록구 석삼말로 15 102호 (일동), ,,"증기, 냉ㆍ온수 및 공기조절 공급업",2013-08-26,12월
이천에너지주식회사,"ICHEON ENERGY Co.,Ltd.",이천에너지, ,김대봉,기타법인,134411-0041680,126-86-22673,경기도 이천시 부발읍 신하리 27-2, ,,"전기, 가스, 증기 및 공기조절 공급업",2009-07-21,12월
익산에너지(주),"IKSAN ENERGY CO,LTD",익산에너지, ,김광곤,기타법인,214911-0004136,403-81-04844,전라북도 익산시 신흥동 401∼900, ,,발전업,1988-12-16,12월
인지솔라 주식회사,"INZI SOLAR CO.,LTD.",인지솔라, ,정혜승,기타법인,161311-0034460,308-81-37303,"경기도 시흥시 소망공원로 205 (정왕동, 시화공단2다)", ,,태양력 발전업,2012-05-22,12월
인진,INGINE,인진, ,성용준,기타법인,110111-4644781,220-88-22552,서울특별시 동대문구 천호대로 395-2 5층 (장안동),https://ingine.co.kr/,,기타 발전업,2011-08-09,12월
인천공항에너지(주),"INCHEON AIRPORT ENERGY CO.,LTD.",인천공항에너지, ,김종서,기타법인,110111-1415408,109-81-50510,인천광역시 중구 영종해안북로1050번길 78-43 (운서동),www.iae.co.kr,,발전업,1997-05-19,12월
인천국제공항급유시설주식회사,"Incheon Int'l Airport Fuel Facilities Co.,Ltd.",인천국제공항급유시설, ,강영식,기타법인,110111-1409443,109-81-50387,인천광역시 중구 운서동 2837,www.iaff.co.kr,,연료용 가스 제조 및 배관공급업,1997-04-30,12월
주식회사 인천뉴파워,"Incheon New Power Co., Ltd",인천뉴파워, ,이중량 외,기타법인,120111-0631566,137-86-27057,"인천광역시 연수구 인천신항대로892번길 50 (송도동, 인천환경공단)", ,,화력 발전업,2012-11-05,12월
인천도시가스(주),INCHON CITY GAS,인천도시가스,034590,정진서,유가증권시장,120111-0014027,137-81-02459,인천광역시 서구  백범로934번길 23,www.icgas.co.kr,,연료용 가스 제조 및 배관공급업,1983-03-07,12월
인천연료전지(주),Incheon Fucell Co.Ltd,인천연료전지, ,김형섭,기타법인,120111-0952714,446-81-01257,"인천광역시 동구 방축로 42 (송림동, 인천연료전지(주))",www.incfc.co.kr,,기타 발전업,2018-08-16,12월
인천종합에너지(주),Incheon Total Energy Co.,인천종합에너지, ,전태현,기타법인,120111-0348096,131-81-85471,인천광역시 연수구 아카데미로51번길 37 (송도동),www.e-inteco.co.kr,,"증기, 냉ㆍ온수 및 공기조절 공급업",2004-06-10,12월
인천클린에너지허브(주),"Incheon Clean Energy Hub Co., Ltd.",인천클린에너지허브, ,이창수,기타법인,120111-1412692,175-81-03557,인천광역시 중구 서해대로93번길 42 (항동7가), ,,연료용 가스 제조 및 배관공급업,2024-09-25,12월
(주)일광태양광발전소,_,일광태양광발전소, ,전정옥,기타법인,171111-0016874,508-81-22021,경상북도 영덕군 지품면 삼화리 118-1, ,,전기업,2007-08-20,12월
일산도시가스이앤지(주),IL SAN ENG,일산도시가스이앤지, ,유장근,기타법인,285011-0142129,128-86-29629,경기도 고양시 일산동구 일산로358번길 15 (정발산동), ,,연료용 가스 제조 및 배관공급업,2008-04-01,12월
(주)일산태양광,ilsan solar,일산태양광, ,이영수,기타법인,165111-0006998,316-81-10057,충청남도 태안군 소원면 법산2리196, ,,발전업,2007-08-24,12월
임계솔라파크 주식회사,IMGYE SOLARPARK,임계솔라파크, ,김낙서,기타법인,144911-0013752,661-81-00838,강원도 정선군 임계면 평양마을길 647-58 (임계리), ,,태양력 발전업,2017-07-07,12월
임하수상태양광 주식회사,Imha Floating Solor Power Plant,임하수상태양광, ,임하수상태양광,기타법인,171111-0053959,671-88-02735,경상북도 안동시 임하면 호계길 257 (임하리),경상북도 안동시 임하면 호계길 257,,태양력 발전업,2022-09-07,12월
자은주민바람발전소(주),JAEUN PEOPLE WIND POWER PLANT,자은주민바람발전소, ,임춘호,기타법인,201111-0038029,411-81-82201,전라남도 신안군 자은면 고장길 10-8 (고장리), ,,기타 발전업,2012-11-14,12월
주식회사 자혜태양광,JAHAE.CO,자혜태양광, ,안광식,기타법인,131311-0158224,422-88-00514,"전라북도 전주시 덕진구 백제대로 555 (금암동, 아레나스포츠)",aks4541@naver.com,,"전기, 가스, 증기 및 공기조절 공급업",2017-04-10,12월
주식회사 장감솔라,janggamsolar,장감솔라, ,박상용,기타법인,200111-0548128,804-81-01088,전라남도 장성군 동화면 전자농공단지길 32 (남평리), ,,태양력 발전업,2018-12-06,12월
(주)장산태양광발전소,"JANG-SAN SOLAR POWER PLANT CO.,LTD",장산태양광발전소, ,구윤덕,기타법인,201111-0025761,411-81-48561,전라남도 신안군 장산면 오음산길 167-27 (오음리), ,,발전업,2007-05-15,12월
주식회사 재산에너지,JAESAN ENERGY,재산에너지, ,국진,기타법인,134111-0119912,123-81-99178,경기도 안양시 만안구 안양5동 458-19 성주빌딩 701호, ,,발전업,2004-07-08,12월
전남2해상풍력 주식회사,"Jeonnam II Offshore Wind Power Co., Ltd.",전남2해상풍력, ,차태병,기타법인,110111-7985661,706-88-02410,"서울특별시 종로구 청계천로 41 (서린동, 영풍빌딩)", ,,기타 발전업,2021-08-09,12월
전남3해상풍력 주식회사,"Jeonnam III Offshore Wind Power Co., Ltd.",전남3해상풍력, ,차태병,기타법인,110111-7985934,439-87-02231,"서울특별시 종로구 청계천로 41 (서린동, 영풍빌딩)", ,,기타 발전업,2021-08-09,12월
전남도시가스(주),Chonnam City Gas,전남도시가스, ,김은규,기타법인,201311-0000503,416-81-01275,"전라남도 순천시 장선배기길 31, 8증",https://www.skens.com/jeonnam/main/index.do#,,연료용 가스 제조 및 배관공급업,1983-10-17,12월
전남솔라 주식회사,Jeonnam Solar,전남솔라, ,허훈,기타법인,205211-0035516,408-86-02754,"전라남도 목포시 삼향천로 177 (석현동, 청정에너지기술연구원)", ,,발전업,2013-06-05,12월
전남해상풍력 주식회사,"Jeonnam Offshore Wind Power Co.,Ltd.",전남해상풍력, ,김진철,기타법인,110111-7400817,409-86-54798,"서울특별시 종로구 청계천로 41 (서린동, 영풍빌딩) 10층 전남해상풍력", ,,기타 발전업,2020-02-24,12월
전북도시가스(주),"JEONBUK CITY GAS CO., LTD",전북도시가스, ,김홍식,기타법인,210111-0002221,418-81-03911,전라북도 전주시 덕진구 장재안길 31 (우아동3가), ,,연료용 가스 제조 및 배관공급업,1982-06-23,12월
전북에너지서비스(주),"Jeonbuk energy service Co.,Ltd",전북에너지서비스, ,서경석,기타법인,214911-0004699,403-81-05334,전라북도 익산시 삼기면 산단도마4길 87,www.jeonbukes.co.kr/,,연료용 가스 제조 및 배관공급업,1990-02-17,12월
전북집단에너지주식회사,Jeonbuk co-generation,전북집단에너지, ,이수형,기타법인,214911-0044364,403-81-80629,전라북도 익산시 서동로23길 63 전북집단에너지주식회사(신흥동), ,,"증기, 냉ㆍ온수 및 공기조절 공급업",2014-12-01,12월
유한회사 전주가온태양광발전,BUILDWINJEONJUGAON,전주가온태양광발전, ,이상호,기타법인,210114-0156121,895-86-02512,"전라북도 전주시 덕진구 서귀로 77 (팔복동3가, 가온전선(주))", ,,태양력 발전업,2021-11-10,12월
전주바이오그린에너지(주),Jeonju Bio Green Energy,전주바이오그린에너지, ,남인석,기타법인,210111-0190894,793-87-02815,"전북특별자치도 전주시 완산구 중화산로 68 (중화산동2가, 강석빌딩) 201호", ,,기타 발전업,2023-05-18,12월
(주)전주솔라에너지,"Jeonju Solar Enerey Co., Ltd.",전주솔라에너지, ,김태용,기타법인,110111-3293373,201-81-93703,전라북도 전주시 완산구 삼천동3가 280-1, ,,발전업,2005-08-24,12월
주식회사 전주원파워,Jeonju Onepower Corporation,전주원파워, ,심철식,기타법인,210111-0022435,418-81-17792,전라북도 전주시 덕진구 팔복로 59,www.jeonjuonepower.com,,기타 발전업,1998-12-10,12월
주식회사 전주파워,Jeonju Power Corporation,전주파워, ,박홍주,기타법인,210111-0099757,418-81-50715,전라북도 전주시 덕진구 팔복로 59 전주파워, ,,발전업,2014-08-08,12월
정암풍력발전주식회사,"Jeongam Wind Power Co., Ltd",정암풍력발전, ,이용운,기타법인,144911-0010542,225-81-24217,"강원도 정선군 고한읍 고한6길 16 (고한리, 신한은행) 3층", ,,발전업,2013-01-29,12월
(주)정읍솔라라이트,JEONGEUPSOLARLIGHT,정읍솔라라이트, ,정동수,기타법인,210111-0055345,402-81-74880,전라북도 전주시 완산구 효자동1가 669-4 청한빌딩 1층, ,,발전업,2007-04-01,12월
제1호서울시민햇빛발전소 주식회사,No. 1 Seoul citizens sunshine solar power plant,제1호서울시민햇빛발전소, ,국자중,기타법인,110111-5506774,119-86-93904,"서울특별시 강남구 삼성로 438 14층(대치동, 도화타워)", ,,발전업,2014-09-03,12월
주식회사제스코파워,JESCO POWER ,제스코파워, ,"김관홍, 임상보",기타법인,150111-0185583,317-81-41330,충청북도 청주시 흥덕구 강내면 태성1길 20-46 (태성리), ,,화력 발전업,2014-03-18,12월
주식회사 제이더블유에너지,"JWENERGY.co.,Ltd",제이더블유에너지, ,이정원,기타법인,170111-0446543,502-86-17767,대구광역시 북구 칠곡중앙대로 286 (태전동) 2층, ,,전기업,2011-12-21,12월
제이비주식회사,JB Corp.,제이비, ,"김영석, 우재화",기타법인,161511-0010739,312-81-12621,"충청남도 아산시 음봉면 산동안길 14 (산동리, JB주식회사)", ,,연료용 가스 제조 및 배관공급업,1992-06-03,12월
주식회사 제이비씨,JW Business co.,제이비씨, ,정귀동,기타법인,110111-0540090,201-81-13956,"서울특별시 강남구 논현로 555 (역삼동, JW빌딩)", ,,발전업,1987-08-05,12월
제이비에셋매니지먼트 주식회사,"JB asset Management Co.,ltd",제이비에셋매니지먼트, ,임종학,기타법인,110111-8492756,282-87-02635,"서울특별시 강남구 선릉로152길 30 (청담동, 스페이스청담(SPACECHUNGDAM)) 지하 1층", ,,"증기, 냉ㆍ온수 및 공기조절 공급업",2022-12-02,12월
주식회사 제이씨에너지,"JCENERGY CO., LTD.",제이씨에너지, ,문감사,기타법인,124411-0134354,137-86-34581,"전라남도 영암군 삼호읍 나불로 230 (난전리, (주)제이씨에너지)", ,,태양력 발전업,2013-06-07,12월
주식회사 제이에스에너지,"JSEnergy Co.,Ltd.",제이에스에너지, ,허훈,기타법인,205811-0008420,410-86-13142,전라남도 영광군 군서면 만곡리 636-31, ,,"전기, 가스, 증기 및 공기조절 공급업",2008-07-30,12월
(주)제이에스영광솔라파크,"JS Yeonggwang Solar Park Co., LTD",제이에스영광솔라파크, ,백종관,기타법인,205811-0013247,410-86-67992,전라남도 영광군 영광읍 옥당로 140 (신하리) 1층, ,,태양력 발전업,2012-11-14,12월
제이와이피브이 주식회사,jypv corp.,제이와이피브이, ,황순태,기타법인,164911-0027048,574-88-01473,충청남도 예산군 삽교읍 신갈길 79, ,,태양력 발전업,2019-11-19,12월
주식회사 제주그린파워,"JEJU GREEN POWER Co., Ltd.",제주그린파워, ,손기태,기타법인,220111-0132000,649-81-00177,제주특별자치도 제주시 월산남길 312,www.jejugreenpower.co.kr,,발전업,2015-08-05,12월
제주김녕풍력발전주식회사,Jeju Gimnyeong Wind Power,제주김녕풍력발전, ,강철순,기타법인,220111-0071399,616-81-72763,제주특별자치도 제주시 구좌읍 김송로 280, ,,발전업,2009-07-21,12월
(주)제주도시가스,"jejuecitygas co.,ltd",제주도시가스, ,"김문수, 김민수",기타법인,220111-0026823,616-81-30725,제주특별자치도 제주시 미리내길 153 (노형동), ,,연료용 가스 제조 및 배관공급업,1999-11-10,12월
주식회사 제주오름에너지,Jeju Oreum Energy Inc.,제주오름에너지, ,이은표,기타법인,220111-0173046,609-87-00943,제주특별자치도 제주시 첨단로동길 106 월평동 222, ,,태양력 발전업,2018-03-01,12월
주식회사 제주자연에너지,Jeju Jayeon Energy Inc.,제주자연에너지, ,이은표,기타법인,224111-0040952,588-81-00912,제주특별자치도 서귀포시 표선면 표선중앙로 74 표선면 가시리 2561, ,,태양력 발전업,2018-02-01,12월
제주태양에너지발전 주식회사,JejuS,제주태양에너지발전, ,김태주,기타법인,220111-0063130,616-81-63207,제주특별자치도 제주시 이도2동 315 미래빌딩 5층, ,,발전업,2007-10-23,12월
제주한림해상풍력 주식회사,"Jeju Hanlim Offshore Wind Co., Ltd",제주한림해상풍력, ,서근배,기타법인,220111-0170307,149-81-00885,제주특별자치도 제주시 한림읍 수원9길 78 (수원리), ,,기타 발전업,2017-12-19,12월
제피로스에너지(주),"Zephyrus Energy Co.,Ltd.",제피로스에너지, ,노광철,기타법인,110111-7369203,678-88-01590,전라남도 화순군 춘양면 돌정3길 12 (가동리 306), ,,태양력 발전업,2020-01-28,12월
조이에너지,JOYENERGY,조이에너지, ,김창덕,기타법인,134111-0132005,138-81-29295,"경기도 안양시 동안구 평촌대로 363 (비산동, 조은빌딩)", ,,연료용 가스 제조 및 배관공급업,2005-07-28,09월
주)엔알이홀딩스,"NRE HOLDINGS CO.,LTD.",주)엔알이홀딩스, ,강태윤,기타법인,161511-0130511,312-86-28962,"충청남도 천안시 서북구 성정공원6길 9-13 (성정동, 진영빌딩)",www.nreh.co.kr,,"증기, 냉ㆍ온수 및 공기조절 공급업",2011-06-17,12월
주식회사 준규솔라,jungu.ltd,준규솔라, ,김희정,기타법인,141211-0082374,480-86-00345,강원도 원주시 양지로 70 605호 (반곡동), ,,태양력 발전업,2016-05-12,12월
준앤씨티타워에너지 유한회사,Junandcity tower energy,준앤씨티타워에너지, ,권혁율,기타법인,110114-0119063,206-86-70525,서울특별시 강남구 강남대로118길 59 (논현동) 301호, ,,태양력 발전업,2012-10-11,12월
준앤씨티타워에너지제삼차 유한회사,Junandcity tower energy third LLc,준앤씨티타워에너지제삼차, ,권혁율,기타법인,110114-0122420,107-87-84511,서울특별시 강남구 강남대로118길 59 (논현동) 301호, ,,태양력 발전업,2012-12-18,12월
준앤씨티타워에너지제육차 유한회사,Junandcity tower energy sixth LLc,준앤씨티타워에너지제육차, ,권혁율,기타법인,110114-0132172,107-87-98276,서울특별시 강남구 강남대로118길 59 (논현동) 301호, ,,태양력 발전업,2013-07-15,12월
주식회사 중부하이웨이솔라원,"Jungbu Highway Solar One Co., Ltd.",중부하이웨이솔라원, ,이영욱,기타법인,150111-0319041,682-86-02221,충청북도 청주시 흥덕구 옥산면 과학산업1로 140, ,,태양력 발전업,2021-11-18,12월
지더블유이엔지 주식회사,"GEUM YEO POWERTEC CO., LTD",지더블유이엔지, ,황태경,기타법인,140111-0028230,221-81-25650,전라북도 김제시 금구면 금구로 50 1층 (금구리), ,,"증기, 냉ㆍ온수 및 공기조절 공급업",2005-02-24,12월
주식회사 지셀태양광발전소,"Gsells Photovoltaic Power Plant Co., Ltd.",지셀태양광발전소, ,정규철,기타법인,131111-0364982,144-81-21925,경기도 성남시 분당구 대왕판교로395번길 8 (백현동), ,,발전업,2014-01-22,12월
주식회사 지에스구미열병합발전,"GS Gumi CHP Co., Ltd",지에스구미열병합발전, ,이정균,기타법인,176011-0170122,597-86-03242,경상북도 구미시 1공단로6길 54, ,,"증기, 냉ㆍ온수 및 공기조절 공급업",2024-01-03,12월
지에스당진솔라팜 주식회사 ,GS Dangjin Solarfarm Co.Ltd.,지에스당진솔라팜, ,김기환,기타법인,165011-0074814,388-87-01744,충청남도 당진시 송악읍 송악로 734 (중흥리), ,,태양력 발전업,2020-10-14,12월
(주)지에스동해전력,"GS Donghae Electric Power Co., Ltd.",지에스동해전력, ,황병소,기타법인,144711-0019225,222-81-27078,"강원도 동해시 공단4로 36 (구호동, GS동해전력)", ,,화력 발전업,2011-08-09,12월
주식회사 지에스반월열병합발전,"GS Banwol CHP Co., Ltd",지에스반월열병합발전, ,이정균,기타법인,131411-0572191,354-88-03218,경기도 안산시 단원구 해안로 404, ,,"증기, 냉ㆍ온수 및 공기조절 공급업",2024-01-03,12월
(주)지에스이,"GSE Co., Ltd.",지에스이,053050,유석형,코스닥시장,110111-0624969,105-81-37529,경상남도 사천시 사천읍 구암두문로 412-30,www.yesgse.com,www.yesgse.com,연료용 가스 제조 및 배관공급업,1989-04-21,12월
(주)지에스이,"GSE Co.,Ltd.",지에스이, ,유석형,기타법인,191211-0009550,613-81-30629,경상남도 사천시 사천읍 장전리 877,www.yesgse.com,,연료용 가스 제조 및 배관공급업,2003-01-01,12월
지에스이더블유티이 주식회사,"GSE WTE Co.,Ltd.",지에스이더블유티이, ,정해흥,기타법인,110111-4943191,220-88-43746,대전광역시 유성구 유성대로1628번길 62 (전민동), ,,"증기, 냉ㆍ온수 및 공기조절 공급업",2012-08-22,12월
(주)지에스이앤알,GS E&R Corp.,지에스이앤알, ,황병소,기타법인,135011-0121570,134-81-78493,경기도 안산시 단원구 해안로 404 (초지동),www.gsenr.com,,"증기, 냉ㆍ온수 및 공기조절 공급업",2002-01-01,12월
지에스이피에스(주),"GS EPS CO.,LTD.",지에스이피에스, ,김석환,기타법인,165011-0004621,311-81-08518,충청남도 당진시 송악읍 부곡공단로 241,www.gseps.com,,화력 발전업,1996-10-09,12월
지에스차지비 주식회사,GS ChargEV. Inc,지에스차지비, ,김정욱,기타법인,131111-0567164,467-81-01443,서울특별시 서초구 서초중앙로8길 117,www.gschargev.co.kr,,전기 판매업,2019-09-16,12월
지에스커넥트 주식회사,GSCONNECT,지에스커넥트, ,하훈철,기타법인,110111-7918638,254-81-02190,서울특별시 서초구 서초중앙로8길 117,www.gsconnect.co.kr,,전기 판매업,2021-08-01,12월
주식회사 지에스포천그린에너지,GS Pocheon Green Energy Corp.,지에스포천그린에너지, ,백윤현,기타법인,284411-0079755,231-81-07775,경기도 포천시 신북면 장자경제로 78, ,,"증기, 냉ㆍ온수 및 공기조절 공급업",2014-10-31,12월
주식회사 지에스풍력발전,"GS Windpower Co., Ltd.",지에스풍력발전, ,김수연,기타법인,174511-0004266,508-81-33931,경상북도 영양군 영양읍 석영로 1419 (서부리) KT영양빌딩 3층, ,,발전업,2012-08-31,12월
한국지역난방공사,KOREA DISTRICT HEATING CORPORATION,지역난방공사,071320,정용기,유가증권시장,111271-0005962,129-82-02760,경기도 성남시 분당구 분당로 368,www.kdhc.co.kr,,"증기, 냉ㆍ온수 및 공기조절 공급업",1985-11-01,12월
진도산월태양광발전 주식회사,Jindo Sanwol Solar Power. Inc.,진도산월태양광발전, ,성승준,기타법인,206111-0009926,823-86-02685,전라남도 진도군 진도읍 남산로 130-50 3층, ,,발전업,2022-11-17,12월
(주)진도선파크,Jindosun Park Inc.,진도선파크, ,카네코 야스유키,기타법인,206111-0003035,415-81-25823,전라남도 진도군 군내면 한의길 43-1 (덕병리), ,,발전업,2007-11-01,12월
주식회사 진도쏠라에너지,Jindo solar energy,진도쏠라에너지, ,김경환,기타법인,206111-0002946,415-81-25240,전라남도 진도군 진도읍 동외리 1160-1 2층, ,,발전업,2007-08-01,12월
(주)진슬태양광,Jinseulsolar,진슬태양광, ,유진슬,기타법인,205011-0011081,416-81-96786,전라남도 보성군 보성읍 흥성로 2319-19 (원봉리), ,,발전업,2014-04-25,12월
진양쏠라 주식회사,"Jinyang Solar Co., Ltd.",진양쏠라, ,김태승,기타법인,200111-0429138,866-88-00131,광주광역시 서구 화운로 304-1 (광천동)3층, ,,발전업,2015-05-15,12월
진영ETS(주),"JINYOUNG ETS CO.LTD,.",진영ETS, ,이순철,기타법인,230111-0050276,620-81-17245,서울특별시 마포구 공덕2동 풍림빌딩 1204, ,,전기업,1998-06-01,12월
진천그린에너지 주식회사,"Jincheon Green Energy Co., Ltd",진천그린에너지, ,김창배,기타법인,154311-0063327,802-87-03078,"충청북도 진천군 덕산읍 귀농3길 136 (합목리, 해오름타운) 328호", ,,기타 발전업,2024-02-02,12월
진코솔라코리아 주식회사,"JINKOSOLAR Ltd, Co",진코솔라코리아, ,리시안더,기타법인,110111-6932358,769-87-01453,"서울특별시 서초구 강남대로 373 (서초동, 홍우빌딩) 10층", ,,태양력 발전업,2018-11-21,12월
주식회사 찌레본에너지홀딩스,"Cirebon Energy Holdings Co., Ltd",찌레본에너지홀딩스, ,이영수,기타법인,110111-5806314,284-86-00131,서울특별시 강남구 도산대로 441, ,,발전업,2015-08-11,12월
(주)찌레본파워홀딩스,"Cirebon Power Holdings Co.,Ltd",찌레본파워홀딩스, ,이영수,기타법인,110111-4246420,120-87-49574,서울특별시 강남구 도산대로 441, ,,발전업,2009-12-22,12월
참빛도시가스공업주식회사,"Charm vit city gas co.,ltd",참빛도시가스공업, ,"이대봉, 김준영",기타법인,110111-0380066,106-81-46657,서울특별시 용산구 남영동 17-1, ,,연료용 가스 제조 및 배관공급업,1984-08-21,12월
참빛영동도시가스공업주식회사,"CHARM-VIT YOUNG DONG CITY GAS CO., LTD",참빛영동도시가스공업, ,최승익외2,기타법인,141111-0006756,226-81-06624,강원도 강릉 죽현 313-1,없음,,연료용 가스 제조 및 배관공급업,1993-07-02,12월
참빛원주도시가스(주),"Chamvit wonju city gas industries Co., Ltd",참빛원주도시가스, ,김문택,기타법인,141211-0005649,224-81-06327,강원도 원주시 호저면 원문로 376-27 (만종리), ,,연료용 가스 제조 및 배관공급업,1992-10-27,12월
참빛충북도시가스공업주식회사,"CHARM VIT CHUNGBUK CITY GAS CO.,LTD",참빛충북도시가스공업, ,"최승익, 이대봉",기타법인,151111-0006142,303-81-10411,충청북도 충주시 목행동 20-12, ,,연료용 가스 제조 및 배관공급업,1994-02-24,12월
주식회사 창대글로리솔라,"Changdae Glory Solar Co., Ltd.",창대글로리솔라, ,김승철,기타법인,111511-0003990,409-81-18351,"전라남도 담양군 무정면 병목로 603-129 (덕곡리, 담양석재산업)", ,,발전업,1983-09-15,12월
(주)창원기전,Changwon.Corporation,창원기전, ,김귀범,기타법인,134411-0015734,126-81-45759,"경기도 성남시 분당구 야탑로81번길 10 613gh(야탑동, 분당아미고타워)", ,,전기업,2000-05-29,12월
창원누리에너지 주식회사,"Changwon Nu-ri Energy Co.,Ltd",창원누리에너지, ,서혁강,기타법인,194211-0357691,613-88-02438,"경상남도 창원시 성산구 중앙대로 64 (상남동, 신텍타워) 503호", ,,"전기, 가스, 증기 및 공기조절 공급업",2022-09-19,12월
창원에너파크 주식회사,"ChangwonEnerPark Co.,Ltd",창원에너파크, ,최상기,기타법인,194211-0294835,413-88-01412,"경상남도 창원시 성산구 창원대로 754 (외동, 한국산업단지공단동남지역본부)", ,,화력 발전업,2018-12-28,12월
창죽풍력발전주식회사,"Changjuk Wind Piwer Co., Ltd",창죽풍력발전, ,박종환,기타법인,144811-0008101,222-81-25954,강원도 태백시 태붐로 6 (황지동), ,,발전업,2010-11-25,12월
창환개발주식회사,"CHANG HWAN DEP.CO.,LTD.",창환개발, ,전영수,기타법인,110111-2013029,220-81-91797,서울특별시 종로구 종로3가 166, ,,발전업,2000-06-30,12월
(주)천광에너지,"CHUNKWANG ENERGY CO.,LTD.",천광에너지, ,박상옥,기타법인,175611-0008926,512-81-13292,서울특별시 중구 회현동1가 인송빌딩 14층, ,,발전업,2007-02-26,12월
천열에너지(주),Chunyul Energy Co.,천열에너지, ,김두년,기타법인,110111-1562564,209-81-21315,경기도 남양주시 화도읍 월산 212-1,www.chunyul.co.kr,,"증기, 냉ㆍ온수 및 공기조절 공급업",1998-07-20,12월
주식회사 천일솔라파트,"CHEONIL SOLARPARK.CO.,LTD.",천일솔라파트, ,박천돈,기타법인,214711-0639771,404-81-24692,전라북도 부안군 줄포면 대동리 655-1, ,,발전업,2006-08-14,12월
(주)천일에너지,"CHUNIL ENERGY CO., LTD",천일에너지, ,박상원,기타법인,284411-0058056,127-86-25218,경기도 포천시 영중면 양문리 982-1,www.ichunil.com,,"전기, 가스, 증기 및 공기조절 공급업",2010-05-12,12월
천장산풍력 주식회사,Cheonjangsan Pung Ryeok Corporation,천장산풍력, ,유재홍,기타법인,174711-0054879,806-88-01730,경상북도 영천시 호국로 240, ,,기타 발전업,2020-02-28,12월
철도솔라주식회사,"KR Solar Co., Ltd.",철도솔라, ,고석범,기타법인,110111-5223964,120-88-02765,광주광역시 광산구 고봉로 238 (장수동)101-3, ,,발전업,2013-09-09,12월
청라에너지주식회사,"CHEONGNA ENERGY CO.,LTD.",청라에너지, ,김영남,기타법인,110111-3256818,114-86-45159,"인천광역시 서구 원당대로 1045 (원당동, 금호헤리티지7),1동 901호,902호,1001호",www.e-cheongna.co.kr/,,"증기, 냉ㆍ온수 및 공기조절 공급업",2005-06-28,12월
주식회사청명,Cheongmyeong company,청명, ,김희정,기타법인,175411-0014787,376-81-00401,경상북도 문경시 당교12길 5-8 (모전동)303층, ,,태양력 발전업,2016-03-31,12월
청산풍력발전(주),"Chungsan Wind Poewer Co, LTD.",청산풍력발전, ,정호찬,기타법인,141111-0046314,226-81-50983,강원도 강릉시 강변로670번길 19 1층 (두산동), ,,발전업,2014-09-17,12월
청송노래산풍력발전 주식회사,"Cheongsongnoraesan a wind farm Co., Ltd.",청송노래산풍력발전, ,노광철,기타법인,110111-5734630,802-81-00123,경상북도 청송군 안덕면 새노래길 745-8, ,,풍력 발전업,2015-05-27,12월
주식회사 청안,Cheong Ahn,청안, ,김기환,기타법인,171111-0017038,508-81-22360,경상북도 포항시 남구 대송로 62 (장흥동), ,,기타 발전업,2007-10-11,12월
주식회사 청주그린에너지,"Cheongju Green Energy Co., Ltd.",청주그린에너지, ,김주일,기타법인,150111-0196100,301-86-32210,"충청북도 청주시 흥덕구 공단로 134 (송정동, 세중테크노밸리) 801호", ,,"증기, 냉ㆍ온수 및 공기조절 공급업",2014-12-01,12월
청주에코파크 주식회사,"Cheongju Eco Park Co.,Ltd.",청주에코파크, ,오태환,기타법인,110111-7260807,332-88-01409,충청북도 청주시 흥덕구 산단로 149 (송정동1-58), ,,기타 발전업,2019-10-16,12월
초록에너지 주식회사,"Chorok energy Co., LTD",초록에너지, ,임동수,기타법인,134811-0732463,339-86-03103,경기도 화성시 양감면 정문송산로184번길 228 (송산리), ,,기타 발전업,2023-02-28,12월
(주)초포솔라,"Choposolar co., ltd.",초포솔라, ,강창원,기타법인,200111-0443360,691-88-00158,"광주광역시 북구 서하로94번길 60 (용봉동, 용봉엘리체)", ,,태양력 발전업,2015-10-15,12월
춘천그린에너지 주식회사,"Chuncheon Green Energy Co.,Ltd. ",춘천그린에너지, ,정문영,기타법인,110111-7341003,435-81-01859,강원도 춘천시 사우로 154 4층(우두동),www.cgeco.co.kr,,기타 발전업,2019-12-31,12월
(주)춘천쏠라테크,CHUN CHEON SOLAR TECH CORPORATION,춘천쏠라테크, ,이상영,기타법인,140111-0059582,811-88-00198,강원도 춘천시 신북읍 사랑말1길 62 (율문리), ,,태양력 발전업,2015-05-18,12월
춘천에너지 주식회사,Chuncheon Energy Corp.,춘천에너지, ,이수현,기타법인,110111-5282431,107-88-07919,"강원도 춘천시 동산면 원무동길 82 (봉명리, 춘천에너지주식회사)",www.ccenergy.co.kr,,화력 발전업,2013-12-03,12월
춘천태양광발전소(주),"Chuncheon Solar Park Co., Ltd",춘천태양광발전소, ,장치평,기타법인,140111-0046886,221-81-39116,강원도 춘천시 송암동 스포츠타운길 125, ,,발전업,2011-10-13,12월
충주에코파크 주식회사 ,Chungju Ecopark,충주에코파크, ,변상현,기타법인,110111-7389441,756-88-01696,충청북도 충주시 대소원면 메가폴리스3로 76 영평리 757, ,,기타 발전업,2020-02-25,12월
유한회사 충주지앤피태양광발전,Buildwinchungju G&P Solar Power,충주지앤피태양광발전, ,박경원,기타법인,151114-0002566,837-81-01939,충청북도 충주시 국원대로 448 (목행동), ,,태양력 발전업,2020-09-15,12월
충청에너지서비스(주),"Chungcheong energy service Co.,Ltd",충청에너지서비스, ,강동호,기타법인,150111-0006200,315-81-01647,충청북도 청주시 흥덕구 산단로 244 (송절동) 충청에너지서비스(주),www.cces.co.kr,,연료용 가스 제조 및 배관공급업,1987-08-25,12월
칠곡에코파크 주식회사,CHilgok Eco Park,칠곡에코파크, ,김기호,기타법인,175211-0070890,433-87-02214,경상북도 칠곡군 석적읍 강변대로 2383-5 (중리), ,,전기업,2020-09-09,12월
주식회사 카이로스에너지,kairosenergy,카이로스에너지, ,위대호,기타법인,110111-5217256,113-86-75494,광주광역시 북구 양산제로 51-6 (연제동), ,,발전업,2013-08-30,12월
주식회사 케이디이에너지,"KDE Energy Co.,Ltd",케이디이에너지, ,안재홍,기타법인,201111-0024820,411-81-45259,충청남도 아산시 음봉면 산동리 139-1, ,,발전업,2006-08-03,12월
(주)케이디파워텍,"KD Powertech Co., Ltd.",케이디파워텍, ,강원구,기타법인,230111-0217925,620-81-52048,울산광역시 울주군 온산읍 당월로 456-61, ,,기타 발전업,2014-01-22,12월
주식회사 케이비스프랏태양광발전제1호,KB-Sprott Solar Power I Corp.,케이비스프랏태양광발전제1호, ,정병권,기타법인,144311-0010057,263-81-00745,"경기도 용인시 기흥구 죽전로 10 (보정동, 장은메디칼프라자) 601호", ,,전기업,2017-10-18,12월
주식회사 케이솔라신안,TS Energy 25,케이솔라신안, ,신윤오,기타법인,205911-0023385,346-86-01383,전라남도 신안군 지도읍 동천길 779 (태천리), ,,태양력 발전업,2015-02-26,12월
케이솔라이호 주식회사,"K-Solar 2 Co., Ltd",케이솔라이호, ,서익현,기타법인,214611-0011046,223-81-19585,전라북도 고창군 흥덕면 부안로 148 (치룡리), ,,태양력 발전업,2020-10-07,12월
케이솔라일호 주식회사,"K-Solar 1 Co., Ltd",케이솔라일호, ,박병한,기타법인,214611-0010668,487-81-01622,전라북도 고창군 흥덕면 부안로 148 (치룡리), ,,태양력 발전업,2020-04-24,12월
케이씨솔팜1호,KC SolFarm No.1,케이씨솔팜1호, ,신성룡,기타법인,110111-6730538,880-81-00991,서울특별시 마포구 상암산로 34 (상암동), ,,태양력 발전업,2018-07-01,12월
케이알에너지(주),"KR ENERGY CO., LTD",케이알에너지, ,"홍덕기, 김진우",기타법인,230111-0228724,610-86-31089,울산광역시 남구 장생포고래로29번길 7 (매암동), ,,"증기, 냉ㆍ온수 및 공기조절 공급업",2014-10-07,12월
주식회사 케이앤에이치솔라,"K&H SOLAR co.,ltd",케이앤에이치솔라, ,반기호,기타법인,110111-4690528,113-86-52114,경기도 광주시 남한산성면 해공로 48 (상번천리), ,,발전업,2011-10-01,12월
케이에스솔라 주식회사,"KS Solar Co.,Ltd",케이에스솔라, ,신성룡,기타법인,110111-5086271,215-87-79828,서울특별시 마포구 양화로 151 (동교동), ,,발전업,2013-03-12,12월
케이에스솔라2호(주),"KS SOLAR2 CO.,LTD",케이에스솔라2호, ,허훈,기타법인,110111-5432630,105-88-05195,서울특별시 마포구 상암산로 34 (상암동)11층, ,,발전업,2014-06-13,12월
케이에이치파워(주),"KHPOWER CO.,LTD",케이에이치파워, ,엄정근,기타법인,120111-0734518,131-86-67236,"인천광역시 연수구 송도과학로 32 (송도동, 송도테크노파크IT센터) S동 25층", ,,발전업,2014-11-17,12월
주식회사 케이와이케이,KYK Inc,케이와이케이, ,김영국,기타법인,141211-0090161,380-87-00737,서울특별시 서초구 방배천로4길 42 3층(방배동), ,,태양력 발전업,2017-05-29,12월
케이지그린텍(주),"KG Greentech Co.,Ltd",케이지그린텍, ,"김준모, 이제중",기타법인,230111-0164077,610-86-01998,울산광역시 울주군 온산읍 이진로 139, ,,"전기, 가스, 증기 및 공기조절 공급업",2010-04-01,12월
케이지에너지(주),"KG ENERGY Co., Ltd.",케이지에너지, ,변용관,기타법인,135011-0075404,133-81-30986,경기도 시흥시 정왕동 2170-1 시화공단 2바 101호,www.kgenergy.co.kr,,"전기, 가스, 증기 및 공기조절 공급업",1996-12-02,12월
케이파워주식회사,"K-Power Co.,Ltd.",케이파워, ,박영덕,기타법인,110111-1492240,116-81-66631,서울특별시 종로구 서린동 88,www.k-power.co.kr,,발전업,1997-12-08,12월
주식회사 케이피이그린에너지,"KPE Green Energy Co., Ltd.",케이피이그린에너지, ,김종필,기타법인,230111-0328467,599-87-01631,울산광역시 북구 효암로 84-21 (명촌동),울산광역시 북구 효암로 84-13,,기타 발전업,2020-03-24,12월
주식회사 케일럼엠,"CAELUM M Co.,Ltd.",케일럼엠, ,진형일,기타법인,110111-8470653,750-88-02815,서울특별시 종로구 세종대로23길 47 6층 601호 (당주동. 미도파광화문 빌딩), ,,전기 판매업,2022-11-08,12월
켑코솔라 주식회사,"KEPCO Solar co.,Ltd",켑코솔라, ,하봉수,기타법인,110111-6097285,685-87-00480,"서울특별시 송파구 중대로 113 (가락동, 대한전기협회 10층)",www.kepcosolar.com,,발전업,2016-06-21,12월
(주)코너지,-,코너지, ,강대문,기타법인,206211-0033189,417-81-33727,전라남도 여수시 화장동 861-4, ,,발전업,2007-02-01,12월
코리아로드태양광발전소 주식회사,Korea Road Solar photovoltaic power station,코리아로드태양광발전소, ,이승구,기타법인,284911-0159789,161-86-00783,경기도 파주시 방촌로 308 (맥금동), ,,태양력 발전업,2016-10-17,12월
코리아로지스틱스리뉴어블에너지 주식회사,"Korea Logistics Renewable Energy, Inc.",코리아로지스틱스리뉴어블에너지, ,윤원섭,기타법인,110111-8474796,723-88-02512,"서울특별시 영등포구 국제금융로 10 35층(여의도동, 쓰리아이에프씨)", ,,태양력 발전업,2022-11-11,12월
코리아솔라홀딩컴퍼니(주),"Korea Solar Holding Company Co.,Ltd.",코리아솔라홀딩컴퍼니, ,강태일,기타법인,195511-0101215,615-81-58996,경상남도 김해시 한림면 명동리 736-1, ,,발전업,2007-08-29,12월
코리아에너지발전소(주),Korea Energy Power Plant,코리아에너지발전소, ,고석범,기타법인,110111-4881218,211-88-78936,"경상남도 사천시 사남면 공단1로 78 (유천리, 한국항공우주산업)", ,,발전업,2012-06-01,12월
(주)코스코가스텍,"KOSCOGASTECH CO., LTD",코스코가스텍, ,신은수,기타법인,204611-0033109,416-81-74292,전라남도 광양시 광양읍 제철로 226 (초남리), ,,연료용 가스 제조 및 배관공급업,2010-11-01,12월
코스콘태양광 주식회사,"KOSKON Photovotaic Co.,Ltd.",코스콘태양광, ,김선웅,기타법인,200111-0347439,409-86-31757,광주광역시 북구 첨단벤처로16번길 30 (대촌동), ,,발전업,2012-10-16,12월
코스포영남파워주식회사,"KOSPO Youngnam Power Co., Ltd",코스포영남파워, ,권도경,기타법인,230111-0248219,342-81-00301,울산광역시 남구 장생포로 373 (매암동),www.y-power.co.kr,,화력 발전업,2015-10-27,12월
(주)코엔텍,"Korea Environment Technology Co., LTD.",코엔텍,029960,"이민석, 김재일",기타법인,181211-0024485,610-81-16574,울산광역시 남구 용잠로 328 (용잠동),www.koentec.co.kr,,"증기, 냉ㆍ온수 및 공기조절 공급업",1993-07-16,12월
코원에너지서비스(주),"Ko-one energy service co.,ltd.",코원에너지서비스,026870,대표이사 유범희,기타법인,110111-0235617,120-81-14525,서울특별시 강남구 남부순환로 3165 코원에너지서비스(주),www.ko-one.co.kr,,연료용 가스 제조 및 배관공급업,1978-07-07,12월
주식회사 코포스,"KOPOS CO., LTD.",코포스, ,김재윤,기타법인,110111-6351243,606-86-63170,"경기도 용인시 기흥구 구갈로60번길 9 301-B호(구갈동, 로얄프라자)", ,,기타 발전업,2017-03-21,12월
(주)콘카그린쏠라,Co.concagreensolar,콘카그린쏠라, ,김희정,기타법인,200111-0499298,668-86-00703,광주광역시 동구 의재로 34-1 (학동)3층, ,,태양력 발전업,2017-06-30,12월
큐원솔라 주식회사,Q-ONE SOLAR. CO. LTD,큐원솔라, ,김도열,기타법인,110111-4859215,113-86-59723,경기도 광주시 중부면 해공로 48 (상번천리), ,,발전업,2012-05-03,12월
(주)크린텍,"Cleantech co., ltd.",크린텍, ,홍덕기,기타법인,230111-0141322,610-81-91272,울산광역시 남구 장생포고래로29번길 7 (매암동), ,,"증기, 냉ㆍ온수 및 공기조절 공급업",2008-02-20,12월
(주)탄천이앤이,tancheon E&E,탄천이앤이, ,강석주,기타법인,110111-4926220,120-87-86341,서울특별시 강남구 테헤란로 440, ,,"증기, 냉ㆍ온수 및 공기조절 공급업",2012-07-30,12월
탐라해상풍력발전주식회사,"Tamra Offshore Wind Power Co., Ltd",탐라해상풍력발전, ,홍성의,기타법인,220111-0083865,616-81-87062,제주특별자치도 제주시 한경면 두모11길 19 탐라해상풍력발전 (두모리), ,,발전업,2011-06-15,12월
(주)탑선전남에너지,Topsunjunnamenergy,탑선전남에너지, ,윤정택,기타법인,205911-0019277,409-86-39671,전라남도 장성군 동화면 전자농공단지길 32, ,,발전업,2012-08-07,12월
주식회사탑선태양광1호,TOPSUN SOLAR NO.1,탑선태양광1호, ,김형근,기타법인,205911-0018310,409-86-28311,전라남도 장성군 동화면 전자농공단지길 32 (남평리), ,,발전업,2011-12-14,12월
주식회사 탑선태양광2호,Co. topsunsolar2,탑선태양광2호, ,박광수,기타법인,205911-0018328,409-86-35374,전라남도 장성군 동화면 전자농공단지2길 17 (남평리), ,,태양력 발전업,2011-12-14,12월
(주)태기산풍력발전,TAEGISAN WIND POWER CORPORATION,태기산풍력발전, ,박정규,기타법인,145111-0007297,224-81-36006,강원도 횡성군 둔내면 경강로 6011 (태기리), ,,기타 발전업,2006-02-13,12월
주식회사 태모,tamo corporation ,태모, ,위대호,기타법인,164711-0058352,718-88-00604,광주광역시 북구 양산제로 51-6 (연제동)태성빌딩 2층, ,,태양력 발전업,2016-11-18,12월
태백가덕산풍력발전 주식회사,"TAEBAEK GADEOK MOUNTAIN  WIND POWER CO., LTD.",태백가덕산풍력발전, ,홍동표,기타법인,144811-0012467,308-88-01158,강원도 태백시 오투로 133 (황지동) 464, ,,기타 발전업,2018-10-01,12월
태백귀네미풍력발전 주식회사,"TaebackGuinemi Wind Power Co,. Ltd.",태백귀네미풍력발전, ,박종환,기타법인,210111-0070434,402-81-87105,강원도 태백시 태붐로 6 (황지동) 5층, ,,발전업,2010-06-03,12월
태백풍력발전 주식회사,"Taebaek Wind Power Co., Ltd",태백풍력발전, ,박종환,기타법인,144811-0007492,222-81-24329,강원도 태백시 귀네미길 401 (하사미동), ,,발전업,2009-10-06,12월
태안솔라팜(주),Taeansolarfarm Corp.,태안솔라팜, ,박정호,기타법인,165111-0007293,316-81-10760,충청남도 태안군 태안읍 동백로 267 (동문리), ,,발전업,2008-01-30,12월
주식회사 태안신재생에너지,"Taean Renewable Energy co.,Ltd.",태안신재생에너지, ,이영호,기타법인,165111-0006782,316-81-09768,충청남도 태안군 태안읍 남문리, ,,발전업,2007-05-28,12월
주식회사 태안안면클린에너지,TACE Inc.,태안안면클린에너지, ,김상권,기타법인,110111-6165602,247-88-00534,"서울특별시 강남구 언주로 730 6층 (논현동, 동익빌딩)", ,,전기 판매업,2016-09-05,12월
주식회사 태안풍력발전,"Taean Wind Power Co.,Ltd.",태안풍력발전, ,추병원,기타법인,165111-0017870,269-81-01311,충청남도 태안군 태안읍 군청로 31 (남문리) 2층, ,,기타 발전업,2018-06-22,12월
태안햇들원태양광 주식회사,"Sun-field Solar Power Co., Ltd.",태안햇들원태양광, ,전종수,기타법인,165111-0023603,548-81-02630,충청남도 태안군 태안읍 원이로 341, ,,발전업,2021-11-22,12월
주식회사 태양쏠라,taeyang solar,태양쏠라, ,변상현,기타법인,205911-0041832,650-81-01614,전라남도 장성군 동화면 전자농공단지길 32 (남평리), ,,태양력 발전업,2019-07-09,12월
(주)태인태양광발전소,Taein solar power plant,태인태양광발전소, ,정길성,기타법인,205311-0004650,415-81-25236,전라남도 강진군 칠량면 영복리 640-11, ,,발전업,2007-07-26,12월
태초에너지 주식회사,Taecho Energy Co Ltd,태초에너지, ,김재윤,기타법인,144811-0012813,376-86-01327,"강원도 태백시 반딧불길 35 (황지동, 한전기공태백출장소)", ,,태양력 발전업,2019-05-13,12월
주식회사 태초에너지2호,"TEACHO NO2 CO,LTD",태초에너지2호, ,서용운,기타법인,144811-0012946,339-81-01605,"강원특별자치도 태백시 반딧불길 35 (황지동, 한전기공태백출장소)", ,,태양력 발전업,2019-07-23,12월
주식회사 태초에너지3호,"TEACHO NO3 CO,LTD",태초에너지3호, ,황현운,기타법인,144811-0012954,231-86-01344,"강원특별자치도 태백시 반딧불길 35 (황지동, 한전기공태백출장소)", ,,태양력 발전업,2019-07-23,12월
주식회사 태초에너지4호,"TEACHO NO4 CO,LTD",태초에너지4호, ,PATANACHAN PERADACH,기타법인,144811-0012962,452-81-01500,"강원특별자치도 태백시 반딧불길 35 (황지동, 한전기공태백출장소)", ,,태양력 발전업,2019-07-23,12월
(주)태화에너루트1호,TAEHWA ENEROOT NO.1 CORPORATION,태화에너루트1호, ,"김용학, 심영선",기타법인,230111-0395151,678-87-02985,울산광역시 남구 사평로 119 롯데케미칼 울산1공장 내 지피오사무동 2층(상개동), ,,기타 발전업,2023-07-07,12월
(주)태화에너루트2호,TAEHWA ENEROOT NO.2 CORPORATION,태화에너루트2호, ,"김용학, 심영선",기타법인,230111-0395101,873-88-03102,울산광역시 남구 사평로 119 롯데케미칼 울산1공장 내 지피오사무동 2층(상개동), ,,기타 발전업,2023-07-07,12월
주식회사 테크윈에너지,TECHWINENERGY,테크윈에너지, ,정붕익,기타법인,150111-0182513,301-86-26514,충청북도 보은군 삼승면 남부로 3790-37 (주)테크운에너지, ,,태양력 발전업,2014-01-02,12월
토탈이엔에스 주식회사,"Total E&S Co., Ltd",토탈이엔에스, ,송효순,기타법인,110111-0677588,214-86-07362,서울특별시 서초구 서초동 1302-7,www.totalens.com,,발전업,1990-03-10,12월
통영미래해상풍력,Tongyeong Mirae Offshore Windfarm,통영미래해상풍력, ,백상현,기타법인,110111-0921127,854-86-03499,서울특별시 종로구 율곡로 75 본간 5층 (계동), ,,발전업,2025-03-17,12월
통영에코파워 주식회사,Tongyeong Eco Power,통영에코파워, ,이흥복,기타법인,191211-0022239,612-81-44421,경상남도 통영시 광도면 춘원1로 77, ,,화력 발전업,2013-05-27,12월
티더블유바이오매스에너지 주식회사,"TW Biomassenergy Co., Ltd",티더블유바이오매스에너지, ,변용만,기타법인,206211-0088192,241-87-02672,전라남도 여수시 여수산단2로 116-8 (화치동), ,,기타 발전업,2023-04-28,12월
티씨에스원 주식회사,TCS1,티씨에스원, ,정형지,기타법인,170111-0401852,514-81-72341,대구광역시 달서구 성서4차첨단로 5 (대천동), ,,발전업,2010-04-12,12월
주식회사티아이솔라5,TISOLAR5,티아이솔라5, ,정현철,기타법인,200111-0697230,225-88-02736,"광주광역시 서구 운천로 273 (치평동),13층", ,,태양력 발전업,2023-05-18,12월
주식회사 티에스에너지26호,Co. TS ENERGRY 26.,티에스에너지26호, ,윤정택,기타법인,205911-0023393,194-88-00415,전라남도 장성군 동화면 전자농공단지길 32 (남평리), ,,태양력 발전업,2016-05-09,12월
(주)티에스에너지28호,Co. tsenergy28,티에스에너지28호, ,윤정택,기타법인,205911-0023418,326-88-00220,전라남도 장성군 동화면 전자농공단지길 32 (남평리), ,,태양력 발전업,2015-02-26,12월
주식회사 티에스에너지7호,tsenergy7ho,티에스에너지7호, ,윤정택,기타법인,205911-0022551,129-86-93217,전라남도 장성군 동화면 전자농공단지길 32, ,,태양력 발전업,2014-10-17,12월
(주)티에스에너지8호,tsenergy8,티에스에너지8호, ,하상아,기타법인,205911-0022569,286-87-01604,전라남도 장성군 동화면 전자농공단지길 32 (남평리), ,,태양력 발전업,2014-10-17,12월
주식회사 티에스에너지9호,"TSENERGY9HO Co.,Ltd",티에스에너지9호, ,윤정택,기타법인,205911-0022577,380-81-00055,전라남도 장성군 동화면 전자농공단지길 32 (남평리), ,,태양력 발전업,2014-10-17,12월
티엠솔라원 주식회사,Co. TMSOLARONE,티엠솔라원, ,서상혁,기타법인,121111-0346586,232-87-01043,전라북도 전주시 덕진구 안덕원로 51 (진북동)3층 358호, ,,태양력 발전업,2018-09-01,12월
티지솔라넷 주식회사,"Tg Solar Co,. Ltd.",티지솔라넷, ,안상수,기타법인,164311-0016887,308-81-42408,"서울특별시 중구 세종대로 92 (태평로2가, 한화금융센터태평로) 17층", ,,전기업,2014-07-23,12월
주식회사 티큐디에네르히아,"TQD ENERGIA Co., Ltd.",티큐디에네르히아, ,LEE SIN CHANG SUM(이창선),기타법인,144811-0010510,513-81-89489,"서울특별시 마포구 월드컵북로54길 11 (상암동, 전자회관) 6층 602호", ,,기타 발전업,2015-05-01,12월
티피피(주),"The Power Plant Co.,Ltd",티피피, ,정형지,기타법인,280111-0074599,127-81-98486,경기도 양주시 고읍남로 110-4 (광사동),tppc.co.kr,http://tppc.co.kr,화력 발전업,2006-03-31,12월
파낙스에너지(주),"panaxenergy Co.,Ltd.",파낙스에너지, ,김학선,기타법인,180111-0870906,621-86-03905,"부산광역시 금정구 금사로 183 (회동동, (주)욱성화학)", ,,발전업,2013-07-24,12월
파인태양광(주),"Pine Photovoltaic Co., Ltd.",파인태양광, ,정연숙,기타법인,200111-0287809,409-86-11412,광주광역시 북구 대촌동 959-70,-,,발전업,2009-11-20,12월
파주에너지서비스 주식회사,"Paju Energy Service Co., Ltd.",파주에너지서비스, ,윤정원,기타법인,110111-4629501,101-86-64320,경기도 파주시 파주읍 휴암로 336-234 (봉암리)544-4, ,,화력 발전업,2011-06-21,12월
파주에코에너지(주),PAJU ECO ENERGY,파주에코에너지, ,홍동표,기타법인,284911-0212644,109-87-01762,경기도 파주시 월롱면 정문로293번길 105 (도내리) 파주에코에너지(주), ,,기타 발전업,2019-11-19,12월
주식회사 페트로코너지,Petroconergy Co.Ltd,페트로코너지, ,오수현,기타법인,110111-4896704,104-86-42193,경상남도 양산시 상북면 효충2길 13 (소토리), ,,"증기, 냉ㆍ온수 및 공기조절 공급업",2012-06-21,12월
주식회사 평창원길리태양광1호,"wongillri1 solar co,.ltd",평창원길리태양광1호, ,이경순,기타법인,145011-0023245,894-81-01854,강원특별자치도 평창군 봉평면 북길동길 61-83 원길리 320번지, ,,태양력 발전업,2021-01-31,12월
평창풍력발전 주식회사,"PyeongChang Wind Power Co., Ltd",평창풍력발전, ,백흥건,기타법인,145011-0012107,225-81-21355,강원도 평창군 미탄면 샘내천길 92, ,,발전업,2010-06-21,12월
평택에너지앤파워 (주),"Pyeongtaek Energy & Power Co.,Ltd",평택에너지앤파워, ,정유형,기타법인,131311-0082267,125-81-74737,경기도 평택시 오성면 서동대로 2427-177 오성발전소,ptenp.co.kr,,전기업,2008-05-15,12월
주식회사 포레스트앤리에너지,Forest&Lee Energy,포레스트앤리에너지, ,윤세영,기타법인,110111-4849860,120-87-81730,강원도 영월군 남면 나뱅이길 62 (연당리), ,,발전업,2012-04-27,12월
포스코그린가스텍주식회사,"POSCO Green Gas Technology Co., Ltd",포스코그린가스텍, ,이상홍,기타법인,204611-0042621,416-81-96336,전라남도 광양시 제철로 2626 (금호동), ,,연료용 가스 제조 및 배관공급업,2014-04-01,12월
포스코에너지(주),"POSCO ENERGY Co., Ltd.",포스코에너지, ,정기섭,기타법인,110111-1829576,104-81-48528,서울특별시 강남구 테헤란로 440,www.poscoenergy.com,,발전업,1999-12-16,12월
포승그린파워(주),"Poseung Green Power Co.,Ltd",포승그린파워, ,이명훈,기타법인,131311-0143077,125-86-28276,"경기도 평택시 포승읍 평택항로156번길 94 (내기리, 포승그린파워(주))", ,,"증기, 냉ㆍ온수 및 공기조절 공급업",2014-11-13,12월
주식회사 포에버,FOREVER solar,포에버, ,이영경,기타법인,200111-0385447,409-86-41731,광주광역시 북구 양산제로 42-1 (연제동), ,,발전업,2013-12-20,12월
포천민자발전 주식회사,"POCHEON IPP CO., LTD.",포천민자발전, ,박영진,기타법인,284411-0072163,231-81-00355,경기도 포천시 신북면 청신로1526번길 19 계류리 607-5,www.pocheonipp.com,,화력 발전업,2013-06-04,12월
포천파워(주),"Pocheon Power Co., Ltd.",포천파워, ,정삼두,기타법인,284411-0050771,127-86-12125,경기도 포천시 창수면 포천로2797번길 17, ,,화력 발전업,2008-07-24,12월
포항도시가스(주),"POHANG CITY GAS CO.,LTD",포항도시가스, ,조용우,기타법인,174611-0007531,506-81-06573,경상북도 포항시 남구 호동 산 29번지,www.skens.com,,연료용 가스 제조 및 배관공급업,1989-03-02,12월
포항신재생에너지(주),"Pohang Renewable Energy, Inc.",포항신재생에너지, ,이길구,기타법인,110111-6089018,456-87-00373,"서울특별시 마포구 마포대로 119 (공덕동, 효성[HYOSUNG]공덕빌딩)", ,,기타 발전업,2016-06-14,12월
포항연료전지발전(주),pohang feul cell co.,포항연료전지발전, ,김중곤,기타법인,171711-0076256,506-81-63064,경상북도 포항시 북구 흥해읍 죽천리 산 13-9번지, ,,발전업,2008-01-02,12월
(주)포항윈드파워,"Pohang Windpower Corporation Co.,Ltd.",포항윈드파워, ,김수연,기타법인,171711-0167261,383-86-02284,"경상북도 포항시 북구 흥해읍 중성로 19 (옥성리), 2층", ,,발전업,2021-10-12,12월
(주)포항지열발전,pohang production of electricity from geothermal energy,포항지열발전, ,박정훈,기타법인,171711-0102233,506-81-82023,경상북도 포항시 북구 흥해읍 영일만대로 493 (남송리), ,,발전업,2012-10-22,12월
주식회사 푄코리아,"Fohn Korea CO.,LTD",푄코리아, ,이용걸,기타법인,110111-6032299,539-88-00302,"서울특별시 강남구 테헤란로 134 (역삼동, 포스코P&S타워) 17층", ,,기타 발전업,2016-04-14,12월
표선발전태양광 주식회사,Pyoseon generation,표선발전태양광, ,오선택,기타법인,220111-0182104,426-86-01108,"제주특별자치도 제주시 아봉로 88 (아라이동, 다담빌리지) 101동 105호", ,,태양력 발전업,2020-11-01,12월
풍백풍력발전 주식회사,PungBaekWindSolar,풍백풍력발전, ,강창원,기타법인,110111-5945469,697-87-00300,"서울특별시 영등포구 국제금융로 10 (여의도동, 서울국제금융센터) 22층", ,,기타 발전업,2016-01-13,12월
퓨처에너지인프라,Future Energy Infra,퓨처에너지인프라, ,사승재,기타법인,194211-0282020,721-86-00945,"경상남도 창원시 성산구 두산볼보로 22 (귀곡동, 두산중공업(주)), 본관 3층", ,,태양력 발전업,2018-02-05,12월
프로젝트큐레이터스에너지 주식회사,"ProjectCuratorsEnergy Co, ltd",프로젝트큐레이터스에너지, ,박한음,기타법인,214611-0014256,795-88-03234,"전북특별자치도 고창군 흥덕면 부안로 148 (치룡리, 쏠라파크태양광발전소)", ,,태양력 발전업,2024-09-06,12월
피브이에너지 주식회사,pvenergy,피브이에너지, ,김봉가,기타법인,134511-0308476,549-88-00522,"경기도 용인시 수지구 신수로 767 에이동 13층 1313호(동천동, 분당수지U-TOWER)",www.pvenergy.co.kr/,,태양력 발전업,2016-12-16,12월
주식회사 피앤디솔라,"PND solar co., ltd",피앤디솔라, ,박식,기타법인,211111-0045931,573-87-00251,전라북도 군산시 외항로 1372 (비응도동), ,,태양력 발전업,2015-12-28,12월
(주)하늘과에너지,Sky and Energy,하늘과에너지, ,채태평,기타법인,210111-0053844,418-81-21239,전라북도 전주시 완산구 신촌4길 18-7 (중화산동2가) 3층, ,,전기업,2006-11-22,12월
하늘농장주식회사,sky farm solar,하늘농장, ,김준성,기타법인,174411-0005183,508-81-36904,대구광역시 수성구 지범로39길 21-1 2층(범물동), ,,태양력 발전업,2013-11-18,12월
주식회사 하이원태양광발전,High-on Solar,하이원태양광발전, ,김형석,기타법인,234111-0053242,621-81-81003,경상남도 양산시 물금읍 증산리 936-4, ,,발전업,2009-08-05,12월
하이웨이솔라(주),"Highway Solar Co., Ltd.",하이웨이솔라, ,윤세영,기타법인,170111-0514895,504-86-12638,"서울특별시 영등포구 선유서로21길 14 (양평동2가, 양평동오피스텔) 2층 201-비371호", ,,발전업,2013-12-30,12월
하이창원퓨얼셀(주),Hy-Changwon Fuel Cell co.Ltd,하이창원퓨얼셀, ,김덕환,기타법인,194211-0332750,403-86-02104,경상남도 창원시 성산구 두산볼보로 22 318동 하이창원퓨얼셀(주),hychang.gabia.io,,기타 발전업,2021-04-07,12월
하이패스태양광(주),Hi-pass Solar Corporation,하이패스태양광, ,이동훈,기타법인,110111-4974336,104-86-44473,서울특별시 중구 청계천로 86 (장교동), ,,발전업,2012-10-05,12월
하장2풍력발전(주),Hajang 2 Wind power Co. Lted.,하장2풍력발전, ,최재영,기타법인,144611-0020381,238-81-00467,강원도 삼척시 하장면 판문길 714-649 (판문리), ,,발전업,2016-07-08,12월
하장3풍력발전(주),Hajang 3 Wind power Co.Ltd,하장3풍력발전, ,최재영,기타법인,144611-0020894,623-86-00582,강원도 삼척시 하장면 판문길 714-647 (판문리), ,,기타 발전업,2017-03-03,12월
하장5풍력발전 주식회사,Hajang5 Wind Power Corporation,하장5풍력발전, ,"박정규, 손상식",기타법인,174811-0120256,338-81-02751,강원특별자치도 태백시 백두대간로 789-3 (창죽동), ,,기타 발전업,2022-07-25,12월
하장풍력발전 주식회사,"Hajang Windpower Co.,Ltd",하장풍력발전, ,최재영,기타법인,144811-0010601,198-81-00121,강원도 삼척시 하장면 하장길 62-12 판문리 4-1, ,,발전업,2015-07-01,12월
한국CES주식회사,"Korea Community Energy System Co.,Ltd",한국CES, ,박삼랑,기타법인,200111-0096763,410-81-49704,광주광역시 서구 치평동 1163,www.ikoces.co.kr,,"증기, 냉ㆍ온수 및 공기조절 공급업",1999-03-24,12월
한국가스공사(주),KoreaGasCorporation,한국가스공사,036460,최연혜,유가증권시장,114671-0006125,120-82-00557,대구광역시 동구 첨단로 120-,www.kogas.or.kr,,연료용 가스 제조 및 배관공급업,1983-08-18,12월
한국남동발전 주식회사,"Korea South-East Power Co., Ltd",한국남동발전, ,김회천,기타법인,110111-2207119,120-86-19151,경상남도 진주시 사들로123번길 32 (충무공동),www.koenergy.kr,,발전업,2001-04-02,12월
한국남부발전주식회사,"Korea Southern Power Co., Ltd.",한국남부발전, ,이승우,기타법인,110111-2207135,120-86-19165,"부산광역시 남구 문현금융로 40 (문현동, 부산국제금융센터) 40 BIFC",www.kospo.co.kr,,발전업,2001-04-02,12월
한국녹색철도태양광발전 주식회사,Korea green railway solar power co.Ltd,한국녹색철도태양광발전, ,임종완,기타법인,110111-5029263,215-87-77039,"경기도 성남시 분당구 대왕판교로395번길 8 (백현동, 신성솔라에너지1층)", ,,발전업,2012-12-24,12월
한국동서발전주식회사,"Korea East-West Power Co., Ltd.",한국동서발전, ,권명호,기타법인,110111-2207151,120-86-19199,울산광역시 중구 종가로 395 (북정동),www.ewp.co.kr,,발전업,2001-04-02,12월
한국부유식풍력 주식회사,"Korea Floating Wind Power Co., Ltd.",한국부유식풍력, ,RODRIGUEZ BAUTISTA(로드리게스산체스바우티스타훌리오),기타법인,110111-6510063,482-87-00858,"울산광역시 남구 삼산로 182 16층 (달동, 보림타워)",www.koreafloatingwind.kr/,,기타 발전업,2017-09-09,12월
한국북부발전 주식회사,KOREA NORTHERN POWER,한국북부발전, ,민용기,기타법인,110111-5792183,506-81-92119,경기도 포천시 신북면 청신로 1550-80 (계류리),www.knp.co.kr,,화력 발전업,2015-07-24,12월
한국산업태양광 주식회사,"KoreaIndustrySolarPower Co.,Ltd",한국산업태양광, ,강남욱,기타법인,180111-1330024,198-88-01963,"부산광역시 강서구 유통단지1로97번길 12 (대저2동, 서부산철강단지) 318동", ,,태양력 발전업,2021-01-04,12월
한국서부발전주식회사,"Korea Western Power Co., Ltd",한국서부발전, ,박형덕,기타법인,110111-2207177,120-86-19205,"충청남도 태안군 태안읍 중앙로 285 (평천리, 한국서부발전(주)본사)",www.westernpower.co.kr,,발전업,2001-04-02,12월
주식회사 한국솔라파크,Korea solapark cor.,한국솔라파크, ,허훈,기타법인,205411-0012156,412-81-30915,전라남도 영암군 덕진면 장선리 243-1, ,,발전업,2006-12-14,12월
한국수력원자력주식회사,"Korea Hydro & Nuclear Power Co., Ltd.",한국수력원자력, ,황주호,기타법인,110111-2207127,120-86-18943,경상북도 경주시 문무대왕면 불국로 1655 한국수력원자력주식회사,www.khnp.co.kr,http://www.khnp.co.kr,발전업,2001-04-02,12월
(주)한국쏠렉에너지,"Korea Ssolek Energy Co., Ltd.",한국쏠렉에너지, ,윤정택,기타법인,174711-0018627,505-81-41859,전라남도 영광군 법성면 용덕리 산 23-1,없음,,발전업,2006-01-01,12월
주식회사 한국에너지파워,Corp koreaenergypower,한국에너지파워, ,최현돈,기타법인,170111-0735136,455-86-01479,대구광역시 동구 이노밸리로 3 (상매동)3층 302호, ,,태양력 발전업,2019-08-22,12월
한국엘엔지벙커링 주식회사,Korea LNG Bunkering Co. Ltd,한국엘엔지벙커링, ,이계정,기타법인,110111-7706471,262-88-01809,"서울특별시 중구 청계천로 14 (무교동, 한국정보화진흥원)  3층", ,,"전기, 가스, 증기 및 공기조절 공급업",2020-12-04,12월
한국전력공사(주),KOREA ELECTRIC POWER CORPORATION,한국전력공사,015760,김동철,유가증권시장,114671-0001456,120-82-00052,전라남도 나주시 전력로 55 -,www.kepco.co.kr,,송전 및 배전업,1961-07-01,12월
한국중부발전 주식회사,"Korea Midland Power co., Ltd.",한국중부발전, ,이영조,기타법인,110111-2207193,120-86-19170,충청남도 보령시 보령북로 160 (대천동),www.komipo.co.kr,,발전업,2001-04-02,12월
주식회사 한국태양광발전 1호,"Korea Photovoltaic No.1 Co., Ltd.",한국태양광발전1호, ,조혁종,기타법인,201311-0044569,416-81-74502,전라남도 순천시 별량면 두고리 301-2, ,,발전업,2010-11-05,12월
주식회사 한국태양광발전5호,Hankooksolar5,한국태양광발전5호, ,강창원,기타법인,110111-4937186,206-86-68733,충청남도 아산시 둔포면 아산밸리남로 146, ,,발전업,2012-08-10,12월
주식회사 한국태양광발전소,Corp. korea solarphotovoltaic power station,한국태양광발전소, ,이광우,기타법인,154611-0011122,304-81-31404,"서울특별시 동대문구 제기로 91 (청량리동, 홍릉빌딩) 2층", ,,태양력 발전업,2014-12-09,12월
(주)한국태양광발전연구소,Korea Research Institute of Photovoltaic Corp,한국태양광발전연구소, ,김경수,기타법인,110111-4409078,220-88-03399,"서울특별시 성북구 선잠로5길 11 (성북동, 태양의집)", ,,발전업,2012-06-01,12월
한국태양보성1호발전소 주식회사,BOSEONG PORTABLE POWER PLANT,한국태양보성1호발전소, ,곽선신,기타법인,110111-3939878,214-88-30886,서울특별시 서초구 양재동 275, ,,발전업,2008-09-17,12월
한국해상풍력주식회사,"korea offshore wind power coporation co., ltd",한국해상풍력, ,김석무,기타법인,110111-5018092,120-87-91451,"전북특별자치도 부안군 부안읍 석정로 179 3층 (선은리, KT부안지사)", ,,발전업,2012-12-07,12월
주식회사 한뉴딜에너지,Corp Hannewdealenergy,한뉴딜에너지, ,김장진,기타법인,170111-0824997,393-87-02240,"대구광역시 북구 태전로3길 24 (태전동, 강북화성파크드림와이드) 101동 605호", ,,태양력 발전업,2021-06-21,12월
주식회사 한라전공,"Halla Electric Co., Ltd",한라전공, ,김범헌,기타법인,170111-0173683,502-81-52584,대구광역시 수성구 지산동 1056-5,-,,발전업,2002-11-23,12월
한라풍력(주),"Halla Wind Energy Co., Ltd.",한라풍력, ,이임택,기타법인,110111-4232742,120-87-47732,서울특별시 강남구 삼성동 145 삼하빌딩 604호, ,,발전업,2009-12-03,12월
한마을태양광(주),"Hanmaeul Solar Co., Ltd.",한마을태양광, ,안상수,기타법인,110111-6564812,661-81-00935,"서울특별시 중구 세종대로 92 (태평로2가, 한화금융센터태평로) 17층", ,,전기업,2017-11-10,12월
한미글로벌이앤씨1호 주식회사,"hanmiglobalENC1ho Co.,ltd",한미글로벌이앤씨1호, ,정수영,기타법인,110111-7901138,840-86-02147,"서울특별시 동작구 노량진로 206 2층(노량진동, 백명트렌디타워)", ,,태양력 발전업,2021-05-06,12월
한반도태양광 주식회사,Han-Ban-Do Solar Corporation,한반도태양광, ,심승보,기타법인,164311-0015954,308-81-40356,충청남도 부여군 초촌면 금백로 821 해당없음, ,,발전업,2013-09-04,12월
주식회사 한백에어솔라,"Hanbaek AirSolar Co., Ltd.",한백에어솔라, ,최이슬,기타법인,110111-5409150,261-81-12250,"대전광역시 대덕구 신일동로17번길 5 (신일동, 테크노시티)", ,,태양력 발전업,2014-05-08,12월
주식회사 한빛그린파워에너지,"Hanvit Green Power Energy co.,Ltd.",한빛그린파워에너지, ,허훈,기타법인,110111-3671826,104-86-09423,전라북도 고창군 고창읍 읍내리 197-2 3층, ,,발전업,2007-05-03,12월
한빛해상풍력 주식회사,"Hanbit Wind Power Co.,Ltd",한빛해상풍력, ,위진복,기타법인,205811-0025036,725-81-02090,전라남도 영광군 홍농읍 가마미로 137 (칠곡리) 2층, ,,풍력 발전업,2021-04-15,12월
한스에너지 주식회사,"HANSENERGY CO., LTD.",한스에너지, ,한혜수,기타법인,150111-0327507,705-81-02631,충청남도 논산시 성동면 우곤3길 129-56 (우곤리), ,,태양력 발전업,2022-04-05,12월
한신에너지,"Hanshin Energy Co.,Ltd",한신에너지, ,김형석,기타법인,110111-3581455,120-87-09441,"광주광역시 동구 서석로 42 (광산동), 안산빌딩 2층", ,,발전업,2006-12-21,12월
(주)한양솔라파크,HanYang SoLar Park,한양솔라파크, ,박창호,기타법인,211211-0010370,404-81-23204,전라북도 정읍시 연지동 27-9, ,,발전업,2007-05-10,12월
한영강재공업(주),"HAN YOUNG STEEL IND CO.,LTD.",한영강재공업, ,엄정헌,기타법인,110111-0166169,109-81-00586,"서울특별시 중구 동호로 336 (쌍림동, 한림빌딩)",www.hanyoungsteel.co.kr,,태양력 발전업,1974-07-08,12월
한으뜸태양광(주),"Hanfirst Solar Co., Ltd.",한으뜸태양광, ,안상수,기타법인,110111-6606903,578-87-00732,"서울특별시 중구 세종대로 92 (태평로2가, 한화금융센터태평로) 17층", ,,전기업,2017-12-22,12월
주식회사 한자태양광,hanjataeyangkwang,한자태양광, ,정수현,기타법인,204611-0049156,718-86-00497,전라남도 광양시 행정3길 30 3층(중동), ,,태양력 발전업,2016-04-06,12월
(주)한주,HANJU CORPORTATION,한주, ,임중규,기타법인,181211-0007663,610-81-04501,울산광역시 남구 사평로 60 (부곡동),www.hanjucorp.co.kr,,"증기, 냉ㆍ온수 및 공기조절 공급업",1987-03-17,12월
(주)한진중공업홀딩스,"HANJIN HEAVY IND. & CONST. HOLDINGS CO., LTD",한진중공업홀딩스,003480,조원국,유가증권시장,110111-0110083,601-81-08008,경기도 남양주시 별내3로 391 관리동 1층,www.hhic-holdings.com,,연료용 가스 제조 및 배관공급업,1937-07-10,12월
주식회사 한태연3호,hantaeyun3ho,한태연3호, ,이경순,기타법인,205011-0011528,416-81-99731,전라남도 보성군 보성읍 흥성로 2319-19, ,,발전업,2014-10-08,12월
한화솔라파워 주식회사,"Hanwha Solar Power Co., Ltd.",한화솔라파워, ,방정석,기타법인,110111-6426434,322-86-00506,"서울특별시 중구 청계천로 86 18층 (장교동, 한화빌딩)", ,,전기업,2017-06-12,12월
한화솔라파워글로벌(주),"Hanwha Solar Power Global Co., Ltd.",한화솔라파워글로벌, ,방정석,기타법인,110111-6560745,596-81-00984,"서울특별시 중구 청계천로 86 18층, (장교동, 한화빌딩)", ,,전기업,2017-11-07,12월
한화신한테라와트아워,"Hanwha Shinhan TWh Co., Ltd.",한화신한테라와트아워, ,고성훈,기타법인,110111-8731964,243-81-02905,"서울특별시 중구 삼일대로 363 (장교동, 장교빌딩)", ,,전기 판매업,2023-09-01,12월
한화에너지(주),HANWHA ENERGY CORPORATION ,한화에너지, ,이재규,기타법인,110111-3807223,104-86-11837,"세종특별자치시 한누리대로 411 (어진동, KT&G세종타워A)",hec.hanwha.co.kr,,발전업,2007-12-18,12월
주식회사 함구미태양광,Hamgumi Solar,함구미태양광, ,박광수,기타법인,200111-0477971,295-88-00590,"광주광역시 서구 마재로 57 102동 1005호 (금호동, 마재마을주은아파트)", ,,송전 및 배전업,2016-11-23,12월
주식회사 함안그린에너지,"Haman Green Energy Co., Ltd",함안그린에너지, ,정재건,기타법인,194311-0057091,470-87-01892,경상남도 함안군 가야읍 함마대로 1256-43 (사내리), ,,발전업,2020-11-02,12월
주식회사 함평태양광발전소,"Hampyeong Solar Park Co., Ltd.",함평태양광발전소, ,현치웅,기타법인,205611-0007426,105-87-15264,서울특별시 영등포구 여의도동 35-6, ,,발전업,2007-12-05,12월
합천솔라파크(주),hapcheunsolarpark,합천솔라파크, ,조대호,기타법인,170111-0340795,503-81-77797,경상남도 합천군 가회면 월계리, ,,발전업,2007-10-07,12월
합천수상태양광 주식회사,Hapcheon Floating Photovoltaic Power Plant Inc.,합천수상태양광, ,윤보훈,기타법인,195311-0017846,130-88-01671,"경상남도 합천군 봉산면 서부로 4358 (김봉리), 101호", ,,태양력 발전업,2021-03-17,12월
해나라태양광 주식회사,"Haenara Solar Co,. Ltd.",해나라태양광, ,안상수,기타법인,110111-6437118,799-87-00737,"서울특별시 중구 세종대로 92 (태평로2가, 한화금융센터태평로) 17층", ,,전기업,2017-06-20,12월
주식회사 해남그린에너지,"Haenamgreenenergy co.,Ltd",해남그린에너지, ,오형석,기타법인,201411-0012605,415-81-47939,전라남도 해남군 송지면 학가1길 53 (학가리), ,,태양력 발전업,2013-02-21,12월
해남내사리태양광(주),"Haenam Naesari Solar Power Co., Ltd.",해남내사리태양광, ,김민태,기타법인,201411-0026995,666-87-02944,"전라남도 해남군 해남읍 중앙2로 33 (읍내리, 옹달샘,유니여화점가방,굽네치킨)", ,,태양력 발전업,2023-03-08,12월
해넘이태양광(주),"Haenumi Solar Co,. Ltd.",해넘이태양광, ,안상수,기타법인,110111-6496891,606-87-00866,"서울특별시 중구 세종대로 92 (태평로2가, 한화금융센터태평로) 17층", ,,전기업,2017-08-24,12월
해누리태양광 주식회사,"Haenuri Solar Co., Ltd.",해누리태양광, ,안상수,기타법인,110111-6435352,837-81-00662,"서울특별시 중구 세종대로 92 (태평로2가, 한화금융센터태평로) 17층", ,,전기업,2017-06-20,12월
해돋이태양광 주식회사,"Haedoji Solar Co., Ltd.",해돋이태양광, ,안상수,기타법인,110111-6435518,811-88-00709,"서울특별시 중구 세종대로 92 (태평로2가, 한화금융센터태평로) 17층", ,,전기업,2017-06-20,12월
해런솔라 주식회사,Hareonsolar Inc.,해런솔라, ,정세연,기타법인,141111-0052444,279-81-00610,강원특별자치도 강릉시 옥가로 5 2층 (옥천동), ,,태양력 발전업,2016-10-31,12월
해맞이태양광발전(주),Sunrise Solar,해맞이태양광발전, ,기일,기타법인,200111-0352272,409-86-31719,광주광역시 북구 추암로 93 (대촌동), ,,발전업,2012-10-09,12월
해모둠태양광(주),"Haemodum Solar Co,. Ltd.",해모둠태양광, ,방정석,기타법인,161411-0047445,259-88-01443,"충청남도 서산시 한마음16로 60 (석림동, 한화종합화학)", ,,태양력 발전업,2019-12-23,12월
해미솔라에너지 (주),HEMISOLA ENERGY CORPORATION,해미솔라에너지, ,김범헌,기타법인,164311-0016043,308-81-40512,"경상북도 경산시 진량읍 공단6로 77 (신상리, 에스엘주진량공장)", ,,발전업,2013-10-18,12월
주식회사 해봄,"HAEBOM CO.,LTD",해봄, ,방희석,기타법인,180111-0795815,617-81-97016,"부산광역시 해운대구 마린시티2로 38 제업무동 제9층 제오에프-901호(우동, 해운대아이파크)", ,,태양력 발전업,2012-02-16,12월
해사랑태양광 주식회사,Hae Sarang Solar Corporation,해사랑태양광, ,기일,기타법인,110111-5446863,104-86-55913,"서울특별시 중구 청계천로 86 (장교동, 한화빌딩 9층)", ,,발전업,2014-06-23,12월
해솔라에너지 주식회사,"Haesolarenergy, Inc.",해솔라에너지, ,오지훈,기타법인,201111-0050106,827-86-01131,전라남도 신안군 임자면 임자로 129-5, ,,태양력 발전업,2017-07-18,12월
(주)해양에너지,"Haeyang Energy Co., Ltd.",해양에너지, ,정회,기타법인,200111-0004906,410-81-18569,광주광역시 광산구 손재로287번길 59 (하남동),www.hyenergy.co.kr,,연료용 가스 제조 및 배관공급업,1982-05-11,12월
해오름태양광발전소 주식회사,Haeorum PV Plant Corporation,해오름태양광발전소, ,김선웅,기타법인,154311-0050192,598-81-01655,"서울특별시 강남구 테헤란로77길 11-18 (삼성동, 스마트빌딩) 6층", ,,태양력 발전업,2019-10-21,12월
주식회사 핼리오그린솔라,healrio green solar.ltd,핼리오그린솔라, ,이흥기,기타법인,171311-0027504,510-81-34364,경상북도 김천시 영남대로 1321 2층 (백옥동), ,,태양력 발전업,2014-09-05,12월
햇들원지붕형태양광1호 주식회사,HAETDLEWON Roof PV 1 Project,햇들원지붕형태양광1호, ,전종수,기타법인,134511-0578996,191-87-02606,경기도 용인시 처인구 이동읍 덕성산단2로6번길 29 (덕성리), ,,태양력 발전업,2022-05-02,12월
햇들원지붕형태양광2호 주식회사,Haetdeulone Roof-type Solar Power Plant No.2 Co. Ltd.,햇들원지붕형태양광2호, ,류영하,기타법인,134511-0671815,554-81-03065,"경기도 용인시 처인구 이동읍 덕성산단2로6번길 29 (덕성리, 용인엘리시안리닝센터)", ,,전기 판매업,2024-02-07,12월
행복도시태양광발전소(주),"Heang Bok Do Si Photovoltaic Power Co.,Ltd.",행복도시태양광발전소, ,김성엽,기타법인,131111-0336311,144-81-11053,"경기도 성남시 분당구 판교로 253 (삼평동,비동501호)",www.oci.co.kr,,발전업,2013-03-05,12월
주식회사 행복에너지,HB. Energy Co.,행복에너지, ,박동현,기타법인,150111-0215140,865-88-00370,경기도 성남시 분당구 대왕판교로 322 (궁내동) 신풍pi 2층, ,,연료용 가스 제조 및 배관공급업,2016-04-15,12월
주식회사 행원풍력에너지특성화마을법인,Hangwon Village Wind Farm,행원풍력에너지특성화마을법인, ,박경희,기타법인,220111-0094466,616-81-98050,제주특별자치도 제주시 구좌읍 행원로7길 18-21, ,,발전업,2012-08-03,12월
현단태양광발전주식회사,"Hyeondan Solar Power Co.,Ltd",현단태양광발전, ,임순덕,기타법인,205811-0015285,410-87-03530,전라남도 영광군 군남면 봉덕로 1128-26 1층(설매리), ,,태양력 발전업,2014-09-12,12월
주식회사 현대가스텍,HYUNDAI GASTEC CO.LTD,현대가스텍, ,"조윤석, 조윤수, 홍승표",기타법인,110111-6062684,892-88-00386,서울특별시 강북구 도봉로20가길 33,www.hyundaigastec.co.kr,,연료용 가스 제조 및 배관공급업,2016-05-17,12월
현대그린파워주식회사,HYUNDAI GREENPOWER,현대그린파워, ,이윤덕,기타법인,165011-0020867,311-81-25929,"충청남도 당진시 송산면 북부산업로 1526 (동곡리, 현대그린파워주식회사)",www.hg-power.co.kr/,,화력 발전업,2007-04-02,12월
현대아산태양광발전 주식회사,hyundaiasan photovoltaic power generation,현대아산태양광발전, ,임장순,기타법인,120111-0651514,131-86-46885,인천광역시 연수구 벤처로 67 3층 (송도동), ,,발전업,2013-03-21,12월
(주)현대에너지,"Hyundai Energy Co.,Ltd",현대에너지, ,장희근,기타법인,211211-0015263,404-81-36863,전라북도 정읍시 첨단1로 60 (신정동), ,,태양력 발전업,2012-06-12,12월
현대에너지(주),.,현대에너지, ,김영학,기타법인,135511-0184528,140-81-24560,경기도 시흥시 정왕동 1367-1 시화유통상가2동 222호, ,,발전업,2007-10-01,12월
현대에코에너지 주식회사,HYUNDAI ECOENERGY,현대에코에너지, ,최병길,기타법인,161411-0040506,151-88-00650,충청남도 서산시 부석면 천수만로 535 현대에코에너지 관리동 2층, ,,태양력 발전업,2017-07-26,12월
형진쏠라 주식회사,"Hyungjin Solar Co.,Ltd",형진쏠라, ,채성열,기타법인,200111-0429146,811-86-00059,광주광역시 광산구 평동산단6번로 30 (월전동), ,,발전업,2015-05-15,12월
(주)혜인산업,Haein Industry,혜인산업, ,도원종,기타법인,201411-0007341,415-81-23602,"서울특별시 서초구 동산로 86 (양재동, 혜인빌딩 6층)", ,,발전업,2006-11-07,12월
호남풍력발전 주식회사,honamwindpower,호남풍력발전, ,임승환,기타법인,205411-0019863,411-81-70160,전라남도 영광군 백수읍 하사리 3186-12, ,,발전업,2012-10-17,12월
호랑에너지 주식회사,HORANG ENERGY Inc.,호랑에너지, ,김우곤,기타법인,131111-0509489,630-86-01124,"인천광역시 서구 염곡로 52 (가좌동, 엠파크허브) 204호", ,,기타 발전업,2018-03-05,12월
호반블루에너지 주식회사,Hoban Blue Energy ltd,호반블루에너지, ,"정맹화, 류병욱",기타법인,205811-0028410,433-88-02865,"전라남도 영광군 영광읍 옥당로 185 (단주리, 상가) 201호", ,,기타 발전업,2023-08-02,12월
(주)홍천율전풍력발전,Hongchonwuljon windy power ,홍천율전풍력발전, ,구영임,기타법인,145211-0020924,259-86-00829,강원도 홍천군 홍천읍 신장대로 110 1츠 101호, ,,기타 발전업,2017-05-24,12월
주식회사 화남삼,Corp. hwanamsam,화남삼, ,박유진,기타법인,175211-0059159,868-81-01118,경상북도 칠곡군 동명면 송산2길 34-19 송산리 산 127-12, ,,태양력 발전업,2018-03-13,12월
주식회사 화남이,Corp. hwanami,화남이, ,박우창,기타법인,175211-0059141,783-86-01092,경상북도 칠곡군 동명면 송산2길 34-19 송산시 산 127-12, ,,태양력 발전업,2018-03-13,12월
주식회사 화남일,Corp.hwanamil,화남일, ,박상태,기타법인,175211-0059133,775-87-01201,경상북도 칠곡군 동명면 송산2길 34-19 송산리 산 127-12, ,,태양력 발전업,2018-03-13,12월
횡계신재생발전 주식회사,"Hoenggye Renewable Energy. Co.,Ltd",횡계신재생발전, ,김성훈,기타법인,145011-0015250,226-81-50187,"강원특별자치도 평창군 대관령면 대관령로 65 (횡계리, 현대힐스700) 상가동 209호", ,,기타 발전업,2014-05-23,12월
효성솔텍 주식회사,"Hyosung Soltech Co., Ltd",효성솔텍, ,정호찬,기타법인,110111-7744968,175-88-02125,"경기도 부천시 송내대로265번길 59 (상동, 한솔프라자) 620-2호", ,,태양력 발전업,2021-01-12,12월
효성윈드파워홀딩스(주),HYOSUNG WIND POWER HOLDINDS LTD.,효성윈드파워홀딩스, ,이규환,기타법인,141111-0028461,226-81-35148,강원도 강릉시 왕산면 안반덕길 435, ,,발전업,2006-03-24,12월
주식회사휴맥스이브이 ,HUMAX EV,휴맥스이브이, ,장지욱,기타법인,131111-0590222,266-81-02058,"경기도 성남시 분당구 황새울로 216 (수내동, 휴맥스빌리지)", ,,송전 및 배전업,2020-04-24,12월
(주)휴세스,HUCES,휴세스, ,김진묵,기타법인,110111-3520354,107-86-81725,경기도 수원시 권선구 호매실로90번길 11 (호매실동) 호매실상현재오키드 2층, ,,"증기, 냉ㆍ온수 및 공기조절 공급업",2006-09-01,12월
희망빛발전 주식회사,"HeeMang Sunlight Power Co., Ltd",희망빛발전, ,박종명,기타법인,191311-0025281,706-81-00107,"경상남도 밀양시 가곡7길 30 (가곡동, 한국전력밀양지점)", ,,발전업,2015-06-11,12월
