회사이름,영문명,공시회사명,종목코드,대표자명,법인구분,법인등록번호,사업자등록번호,주소,홈페이지,IR홈페이지,업종명,설립일,결산월
(사)한국예술문화단체총연합회,THE FEDERATION OF ARTISTIC & CULTURAL ORGANIZATIONS OF KOREA,(사)한국예술문화단체총연합회, ,조강훈,기타법인,110121-0003435,208-82-02796,"서울특별시 양천구 목동서로 225 (목동, 대한민국예술인센터)", ,,협회 및 단체,1961-12-05,12월
(주)21세기기아자동차회사,21C KIA-MOTOR,21세기기아자동차회사, ,김재성,기타법인,285011-0585288,490-86-03387,경기도 고양시 일산동구 고양대로 900-28 (풍동),경기도 고양시 일산동구 풍동,,자동차 종합 수리업,2024-11-25,12월
주식회사 AS상조,"assangjo.co.,ltd",AS상조, ,이연순,기타법인,141111-0030086,226-81-36619,강원도 강릉시 교2동 711-13 AS빌딩,www.assangjo.com,,장례식장 및 장의관련 서비스업,2007-04-25,12월
재단법인 DB김준기문화재단,DB Kim Jun Ki Cultural Foundation,DB김준기문화재단, ,이근영,기타법인,110122-0023077,201-82-30646,"서울특별시 강남구 테헤란로 432 (대치동, DB금융센터) 33층",www.dbfoundation.or.kr/,,그 외 기타 협회 및 단체,1992-03-25,12월
Kornhill Management Ltd,Kornhill Management Ltd,KornhillManagementLtd, ,FUNG Wing Ha,기타법인, ,2002-019,"IFS Chambers,Roadtown, Tortola, British Virgin Islands", ,,그 외 기타 분류 안된 개인 서비스업,2000-08-16,12월
SK네트웍스서비스,SK Networks Service,SK네트웍스서비스, ,전형일,기타법인,135811-0141788,135-81-92479,"경기도 수원시 장안구 장안로 120 (정자동, 세기빌딩) 5층 SK네트웍스서비스",www.sknservice.com,http://www.sknservice.com,통신장비 수리업,2007-07-10,12월
(재)간송미술문화재단,kansong art & culture foundation,간송미술문화재단, ,전영우,기타법인,110122-0107045,209-82-11584,"서울특별시 성북구 성북로 102-11 (성북동, 간송미술관)",www.kansong.org,,협회 및 단체,2013-07-30,12월
재단법인감산장학회, ,감산장학회, ,고희석,기타법인,110122-0030486,101-82-06531,"서울특별시 강남구 밤고개로1길 10 1819호 (수서동, 수서현대벤쳐빌)", ,,그 외 기타 협회 및 단체,1998-11-30,12월
갑지오토서비스(주),Kabjiautoservice.co.ltd,갑지오토서비스, ,윤덕수,기타법인,134111-0041529,138-81-03878,경기도 안양시 동안구 관양동934-8, ,,자동차 종합 수리업,1995-05-10,12월
갓바위워터피아온천(주),GATBAWI WATERPIASPA.CO.LTD,갓바위워터피아온천, ,류홍훈,기타법인,174811-0024945,515-81-19183,경상북도 경산시 와촌면 팔공로 237-14, ,,욕탕업,2000-12-15,12월
(주)강화파라다이스,KANGHWAPARADISE,강화파라다이스, ,조임제,기타법인,110111-0981004,119-81-62764,인천광역시 강화군 송해면 하도리 208-7,www.kanghwaparadise.co.kr,,"화장터 운영, 묘지 분양 및 관리업",2003-01-25,12월
주식회사 건곤이감,gungonleegam,건곤이감, ,박찬우,기타법인,110111-1775977,105-86-03683,경기도 의정부시 의정부동 494 센트럴타워 17층,www.ucwedding.co.kr,,예식장업,1999-09-18,12월
주식회사 검단,Geom dan,검단, ,김창남,기타법인,134211-0159502,233-81-08708,"인천광역시 연수구 송도과학로 32 에스2202호(송도동, 송도테크노파크IT센터)", ,,그 외 기타 협회 및 단체,2015-01-23,12월
주식회사 경도기업,"KYONG DO INDUSTRY CO.,LTD.",경도기업, ,황광수,기타법인,124411-0049892,137-81-39975,경기도 김포시 풍무동 1-10번지,www.cleanpro.co.kr,,산업용 세탁업,2001-10-08,12월
주식회사 경동티에스,KYUNG DONG TS,경동티에스, ,손연호,기타법인,110111-0984503,118-81-08525,"서울특별시 영등포구 국회대로76길 22 (여의도동, 기계산업진흥회)",www.kdts.co.kr/,,그 외 기타 개인 및 가정용품 수리업,1993-11-08,12월
주식회사 경성모터스,Kyoungsung Motors,경성모터스, ,김인영,기타법인,110111-1351511,109-81-49309,서울특별시 강서구 염창동 273-34, ,,자동차 종합 수리업,1997-01-01,12월
(주)경우라이프,KYUNGWOOLIFE,경우라이프, ,이규석,기타법인,110111-4238021,201-86-13591,서울특별시 서초구 효령로 313 (서초동) 다샤인빌딩 5층,www.kwlife.co.kr,,장례식장 및 장의관련 서비스업,2009-12-09,12월
경원문화재단,KYUNGWON FOUNDATION,경원문화재단, ,유중근,기타법인,114222-0000574,106-82-01128,서울특별시 강남구 강남대로 542,kwmoonhwa.or.kr,,그 외 기타 협회 및 단체,1984-11-16,12월
(주)고든하우징,GODENHOUSING,고든하우징, ,이진수,기타법인,110111-4837063,104-86-40856,제주특별자치도 제주시 구남로2길 54 (아라일동), ,,산업 단체,2012-04-04,12월
고려상조주식회사,Goryeosangjo Ltd.,고려상조, ,황병태,기타법인,210111-0043134,402-81-58497,전라북도 전주시 완산구 중화산동2가 571-2 4층, ,,장례식장 및 장의관련 서비스업,2004-03-15,12월
재단법인고촌장학재단, ,고촌장학재단, ,김도근,기타법인,184222-0001311,621-82-00123,부산광역시 금정구 금사동 7, ,,그 외 기타 협회 및 단체,1990-03-31,12월
주식회사 공감도시개발,GONGGAMDOSIGAEBAL,공감도시개발, ,은상용,기타법인,170111-0802919,620-86-01980,"대구광역시 중구 대봉로 200 (대봉동, 세원빌딩)", ,,산업 단체,2021-01-11,12월
주식회사공감도시개발2단지,GONGGAM DOSOGAEBAL2,공감도시개발2단지, ,은상용,기타법인,170111-0825713,356-88-01889,대구광역시 수성구 청수로24길 59 (두산동)1동 107호 쉉헤센더테라스, ,,산업 단체,2021-06-28,12월
재단법인 곽재선 문화재단,EDAILY FOUNDATION OF CULTURE,곽재선문화재단, ,곽재선,기타법인,110322-0053624,401-82-11064,"서울특별시 중구 통일로 92 (순화동, 케이지타워)",efc.edaily.co.kr/,,그 외 기타 협회 및 단체,2022-04-17,12월
광산현대서비스(주),Kwangsan Hyundai Service Inc.,광산현대서비스, ,조용균,기타법인,200111-0380190,410-86-81790,광주광역시 광산구 동곡로 663 (송촌동), ,,자동차 종합 수리업,2013-11-01,12월
주식회사 광장투자개발,"GwangJang Investment & Development Co., Ltd.",광장투자개발, ,황시빈,기타법인,134811-0347361,367-88-00240,"경기도 화성시 동탄중심상가2길 2 (반송동, 아인슈타인타워) 502호",없음,,그 외 기타 협회 및 단체,2015-10-01,12월
광주남문장례식장(주),NAMMUN,광주남문장례식장, ,양승남,기타법인,200111-0362495,408-86-00834,"광주광역시 남구 서문대로499번길 26-15 (송하동, 광주남문장례식장)",www.남문.com,,장례식장 및 장의관련 서비스업,2013-03-13,12월
(주)광주텔레콤,"KWANGJU TELECOM CO., LTD.",광주텔레콤, ,최정원,기타법인,200111-0038096,409-81-18502,"광주광역시 북구 금남로 146 광주 서구 운천로162번길 29(쌍촌동, 쌍촌동용산그린아파트)", ,,산업 단체,1993-02-03,12월
주식회사교산,weddinghall dream palace,교산, ,박석훈,기타법인,160111-0138077,314-81-50505,대전광역시 서구 변동 70-9, ,,예식장업,2002-05-09,12월
주식회사 교원라이프,"KYOWON LIFE, Inc.",교원라이프, ,장평순,기타법인,110111-4430833,104-86-30469,"서울특별시 중구 을지로 51 (을지로2가, 내외빌딩)", ,,장례식장 및 장의관련 서비스업,2010-09-08,12월
구민주식회사,"KUMIN CO., LTD",구민, ,김철호,기타법인,180111-0614932,602-81-45078,부산광역시 영도구 대교동1가 188-1,*,,장례식장 및 장의관련 서비스업,2007-12-07,12월
(주)국민상조,"Kookminsangjo co.,ltd.",국민상조, ,라기천,기타법인,110111-2921983,117-81-48806,서울특별시 양천구 신정동 321-6 센트럴프라자 1112, ,,장례식장 및 장의관련 서비스업,2004-01-07,12월
주식회사 국빈장례문화원,gukbin funeral hall,국빈장례문화원, ,김성호,기타법인,200111-0498240,343-86-00819,광주광역시 서구 회재로 825 (매월동), ,,장례식장 및 관련 서비스업,2017-07-01,12월
(주)국화,GUKHWA,국화, ,임은남,기타법인,200111-0383061,410-86-83594,광주광역시 서구 회재로 825 (매월동),www.국화장례문화원.com,,장례식장 및 장의관련 서비스업,2013-12-11,12월
(주)궁바이오랩스,THE GUNG,궁바이오랩스, ,장경희,기타법인,110111-4718354,120-87-79796,"서울특별시 강남구 봉은사로111길 13 (삼성동, 마당빌딩)", ,,개인 간병 및 유사 서비스업,2011-10-31,03월
(주)그랜드부민,grandbumin,그랜드부민, ,강동훈,기타법인,220111-0085605,616-81-89570,제주특별자치도 제주시 도남동, ,,장례식장 및 관련 서비스업,2011-08-26,12월
주식회사그랜드컨벤션,GRANDCONVENTION,그랜드컨벤션, ,이항구,기타법인,151211-0029522,304-81-28817,충청북도 제천시 청전대로 51 (청전동),www.jcgrand.co.kr/,,예식장업,2013-08-21,12월
주식회사 그린랜드,"GREENLAND.CO.,LTD",그린랜드, ,최재원,기타법인,134211-0049696,126-81-73876,경기도 광주시 퇴촌면영동리 산37-2,www.spagreenland.co.kr,,욕탕업,2003-09-02,12월
주식회사 그린랜드,"GREEN LAND CO.,LTD",그린랜드, ,이태경,기타법인,175211-0040653,513-81-77697,경상북도 칠곡군 북삼읍 인강5길 75 (인평리), ,,욕탕업,2013-05-21,12월
주식회사 그린산업,"Green Industry Co,, Ltd.",그린산업, ,유성곤,기타법인,164911-0021462,311-81-50092,"충청남도 예산군 덕산면 온천단지3로 45-7 (사동리, 스파캐슬)", ,,산업용 세탁업,2014-11-01,12월
그린장례문화원(주),greenfuneral,그린장례문화원, ,김영관,기타법인,200111-0150410,409-81-67018,광주광역시 북구 하서로663번길 97 (용전동), ,,장례식장 및 장의관련 서비스업,2002-03-01,12월
주식회사근훈웰빙스카이,"kunhon  wellbeing sky. co.,ltd",근훈웰빙스카이, ,김대기,기타법인,181211-0014923,610-81-12087,울산광역시 울주군 범서읍 구영리 1004번지, ,,욕탕업,1991-03-12,12월
(주)글로리아,Gloria.Co,글로리아, ,박찬희,기타법인,170111-0112871,514-81-26186,대구광역시 달서구 유천동 360-1,www.gloriawedding.co.kr,,예식장업,1996-11-22,12월
(주)금강레져타운,KUMGANGLASERTOWN,금강레져타운, ,최상무,기타법인,211111-0030081,401-81-39629,전라북도 군산시 미원동 370, ,,기타 개인 서비스업,2010-03-22,12월
금강문화허브(주),"KUMKANG MUTUAL AID CO.,LTD",금강문화허브, ,김호철,기타법인,230111-0086487,610-81-58953,"서울특별시 중구 통일로 92 (순화동, 에이스타워) 19층",www.ikumkang.com,,장례식장 및 장의관련 서비스업,2002-05-30,12월
금강산랜드주식회사,"KUMKANG SANLAND CO.,LTD",금강산랜드, ,"이인순, 정욱교",기타법인,115611-0001807,128-81-04074,경기도 파주시 월롱면 위전리 89-1,kumkangsanland.co.kr,,욕탕업,1982-11-18,12월
(주)금호로지스,KUMHOROJIS,금호로지스, ,이지태,기타법인,211111-0039794,401-81-52689,전북특별자치도 군산시 대야면 석화들길 189, ,,노동조합,2014-01-01,12월
(주)금호상조,KHsangjo,금호상조, ,"기노석, 이광숙",기타법인,200111-0218242,409-81-88629,광주광역시 북구 제봉로 301,www.khsangjo.com,,장례식장 및 장의관련 서비스업,2005-11-22,12월
주식회사 금홍,KUMHONG LTD.,금홍, ,나우태,기타법인,170111-0330019,514-81-64273,대구광역시 달서구 화암로73길 8-21 1층 (대곡동),www.elybaden.com,,욕탕업,2008-03-10,12월
기업과사람들(주),CP,기업과사람들, ,이우필,기타법인,161511-0063598,312-81-68182,"충청남도 천안시 서북구 성정1길 8 (성정동, 엔피엘)2층", ,,협회 및 단체,2004-04-10,12월
주식회사 길쌈상조,"gilssam sangzo co., ltd",길쌈상조, ,왕성희,기타법인,160111-0200389,314-81-79249,"대전광역시 서구 배재로 78 (도마동, 계룡파크빌) 101-2호",www.gilssam.co.kr,,장례식장 및 장의관련 서비스업,2015-12-16,12월
김천온천니아 주식회사,GIMCHEONONCHEONNIA,김천온천니아, ,김정숙,기타법인,176011-0102191,304-86-00250,경상북도 김천시 시청앞길 10 (신음동) 김천온천니아, ,,욕탕업,2015-11-10,12월
주식회사 까사그랑데,"CASA GRANDE CENTRO Co., Ltd",까사그랑데, ,신동윤,기타법인,110111-8696697,403-81-85702,"서울특별시 광진구 능동로 87 401,501,601,701호 (자양동, 건대입구역자이엘라)",www.casagrande.co.kr/,,예식장업,2023-07-21,12월
(재)꽃과어린왕자,KOLON FOUNDATION,꽃과어린왕자, ,서창희,기타법인,110122-0036088,104-82-08197,"경기도 과천시 코오롱로 11 (별양동, 코오롱)코오롱타워 17층", ,,그 외 기타 협회 및 단체,2002-12-26,12월
나눔축산운동본부,NANUMCHUKSAN MOVEMENT,나눔축산운동본부, ,안병우 이승호,기타법인,110321-0038751,104-82-12269,서울특별시 송파구 동남로23길 56 (오금동) 4층,www.nanumchuksan.or.kr,,그 외 기타 협회 및 단체,2012-02-20,12월
나이스엔지니어링(주),NAIS ENGINEERING,나이스엔지니어링, ,조희길,기타법인,110111-6718740,433-81-01168,"서울특별시 서초구 서초중앙로 53 8층(서초동, 대림빌딩)", ,,가전제품 수리업,2018-04-12,12월
(주)나현산업개발,nahyun construction ,나현산업개발, ,이효정,기타법인,284111-0141419,169-88-00082,경기도 남양주시 별내중앙로 26 (별내동) 803호, ,,그 외 기타 협회 및 단체,2015-05-13,12월
주식회사 남대구전문장례식장,YEIJIWON,남대구전문장례식장, ,갈성기,기타법인,170111-0811340,790-86-02177,대구광역시 달서구 성서공단로 312 대구광역시 달서구 성서공단로 317, ,,장례식장 및 장의관련 서비스업,2021-03-15,12월
남천안현대서비스(주),"NamCheonAn Hyundai service co.,ltd",남천안현대서비스, ,이교열,기타법인,161511-0061774,312-81-66433,충청남도 천안시 동남구 천안천변길 79-27 (신방동), ,,자동차 종합 수리업,2004-01-02,12월
재단법인 남촌재단,JKHuh Foundation,남촌재단, ,허창수,기타법인,110122-0043299,101-82-14822,"서울특별시 종로구 필운대로 80 (옥인동, GS건설연구소)", ,,그 외 기타 협회 및 단체,2006-12-22,12월
(재)네이버문화재단,NAVER CULTURAL FOUNDATION,네이버문화재단, ,채선주,기타법인,135622-0004458,129-82-11051,"경기도 성남시 분당구 황새울로360번길 42 (서현동, 16층)",www.naverfoundation.org/,,그 외 기타 협회 및 단체,2010-05-10,12월
(주)넥스젠아이앤씨,NEXZEN INC,넥스젠아이앤씨, ,이승환,기타법인,110111-3403071,120-86-93068,서울특별시 서초구 언남길 65 (양재동), ,,자동차 전문 수리업,2016-02-17,12월
넥스트미디어홀딩스(주),Next Media Holding Ltd.,넥스트미디어홀딩스, ,이정우,기타법인,110111-1997860,107-81-85217,서울특별시 강남구 논현동 206-16, ,,그 외 기타 분류 안된 개인 서비스업,2000-06-20,12월
재단법인 넥슨재단,NEXONFOUNDATION,넥슨재단, ,김정욱,기타법인,110122-0121904,388-82-00231,경기도 성남시 분당구 판교로256번길 25 (삼평동) GB2동 5층,www.nexonfoundation.org,,그 외 기타 협회 및 단체,2018-02-01,12월
재단법인 넷마블문화재단,netmarble cultural foundation,넷마블문화재단, ,방준혁,기타법인,250122-0037219,415-82-15701,"서울특별시 구로구 디지털로26길 38 (구로동, G-Tower) 14층", ,,그 외 기타 협회 및 단체,2017-08-16,12월
주식회사 노비아갈라,"Noviagala Co., Ltd.",노비아갈라, ,김미란,기타법인,176011-0084266,513-81-77663,대구광역시 동구 동촌로 87 (검사동), ,,예식장업,2013-07-18,12월
농심근로복지기금, ,농심근로복지기금, ,"홍긍일, 지재영",기타법인,115071-0002454,118-82-01698,서울특별시 동작구 신대방2동 농심사옥 농심근로복지기금, ,,그 외 기타 협회 및 단체,1996-09-23,06월
농업회사법인 주식회사 로하스팜,lohasfarm,농업회사법인로하스팜, ,윤규진,기타법인,284411-0067552,127-86-40937,경기도 포천시 관인면 뗏마루길 272 (사정리), ,,산업 단체,2012-12-13,12월
늘곁애라이프온(주),LIFEON,늘곁애라이프온, ,정연기,기타법인,180111-0043917,604-81-04641,"부산광역시 연제구 중앙대로 1066 (연산동, 동천빌딩)",www.aidclub.com,,그 외 기타 분류 안된 개인 서비스업,1982-04-16,12월
(주)능암,"ngam.Ltd,",능암, ,김진옥,기타법인,151111-0022578,303-81-37744,"충청북도 충주시 앙성면 새바지길 37 (능암리, 능암온천랜드)", ,,욕탕업,2003-10-28,12월
다나상조주식회사,"danasangjo.Co.,Ltd.",다나상조, ,김웅열,기타법인,170111-0331041,503-81-76027,대구광역시 달서구 두류3동 495 -43번지,www.danasj.co.kr,,장례식장 및 장의관련 서비스업,2007-05-01,12월
주식회사 다온플랜,"Daonplan Co.,Ltd.",다온플랜, ,정윤모,기타법인,131111-0278597,129-86-58694,경기도 성남시 분당구 정자동 KT본사 2층,www/daonplan.com,,장례식장 및 장의관련 서비스업,2011-04-01,12월
다옴세종개발(주),DAONSEJONG,다옴세종개발, ,김주영,기타법인,150111-0317508,152-86-02583,충청북도 청주시 흥덕구 예체로 155 (봉명동), ,,예식장업,2021-10-26,12월
주식회사 다원위드,DAWONWITH,다원위드, ,하대용,기타법인,160111-0413651,492-86-00334,"대전광역시 유성구 대학로 31 1405호 (봉명동, 한진리조트)", ,,개인 간병 및 유사 서비스업,2015-12-01,12월
주식회사 다이렉트컴즈,"Directcoms.Co.,Ltd",다이렉트컴즈, ,장용준,기타법인,110111-5435080,261-81-13735,"서울특별시 강남구 도산대로 221 (신사동, 동남빌딩) 603호",directwedding.co.kr,,결혼 상담 및 준비 서비스업,2014-06-10,12월
(주)다인상조,dainsangjo,다인상조, ,최순삼,기타법인,200111-0259501,409-86-02102,광주광역시 북구 우치로 47 (중흥동) 4층,www.dainsangjo.co.kr,,장례식장 및 장의관련 서비스업,2008-06-01,12월
주식회사 닥터메포츠,Dr.Meports,닥터메포츠, ,송경애,기타법인,180111-1291391,747-87-01905,부산광역시 연제구 거제시장로 42 (거제동),부산 연제구 거제시장로 42,,욕탕업,2020-06-01,12월
재단법인 단빛재단,DANVIT FOUNDATION,단빛재단, ,신희영,기타법인,110322-0060405,664-82-00659,"서울특별시 종로구 청계천로 41 (서린동, 영풍빌딩) 20층",danvit.org/,,그 외 기타 협회 및 단체,2024-09-25,12월
(주)대경씨앤디,DAEKYUNG C&D,대경씨앤디, ,박윤훈,기타법인,170111-0572405,601-86-00092,대구광역시 수성구 청수로24길 41 (두산동) 타미우스 1105호, ,,그 외 기타 협회 및 단체,2015-07-01,12월
주식회사 대경컨벤션,daekyung con,대경컨벤션, ,양희준,기타법인,110111-6044088,553-81-01502,"경기도 안산시 단원구 광덕1로 171 (고잔동, AW웨딩컨벤션) 지하층", ,,예식장업,2019-05-15,12월
주식회사 대구전문장례식장,DAEGUFUNERAL SERVICES-HALL,대구전문장례식장, ,박은희,기타법인,170111-0285793,502-81-79661,"대구광역시 동구 금호강변로 71 (용계동, 대구전문장례식장)",www.daegu-fn.com,,장례식장 및 장의관련 서비스업,2005-04-20,12월
주식회사 대노복지사업단,korean senior citizens welfare agency,대노복지사업단, ,박남희,기타법인,110111-3919606,106-86-59521,"서울특별시 용산구 임정로 54 (효창동, (사)대한노인회중앙회 별관)",www.koreapeople.net/,,장례식장 및 장의관련 서비스업,2008-06-20,12월
대림수암장학문화재단,DAELIM SUAM SCHOLARSHIP AND CULTURE FOUNDATION,대림수암장학문화재단, ,차국헌,기타법인,110122-0023168,102-82-07829,"서울특별시 종로구 통일로 134 (평동, 디타워(돈의문))", ,,그 외 기타 협회 및 단체,1989-11-29,12월
대명개발(주),DAE MYOUNG GAEBAL,대명개발, ,김승구,기타법인,110111-1106750,213-81-98278,서울특별시 은평구 불광2동 500번지,hangukwed.com,,예식장업,1998-05-07,12월
(주)대명컨벤션,DAEMYUNG CONVENTION lnc,대명컨벤션, ,서경선,기타법인,110111-1066409,120-81-42467,"서울특별시 강남구 테헤란로87길 22 3층 (삼성동, 한국도심공항터미널)",www.sonofeliceconvention.com,,예식장업,1994-08-12,12월
(재)대산문화재단,The Daesan Foundation,대산문화재단, ,신창재,기타법인,110122-0025875,102-82-06951,"서울특별시 종로구 종로 1 (종로1가, 교보생명빌딩) 9층",daesan.or.kr/,,그 외 기타 협회 및 단체,1992-12-29,12월
대성공업(주),Daesung Industries Co. Ltd.,대성공업, ,임재풍,기타법인,110111-0053960,110-81-28982,서울특별시 영등포구 당산동6가 337-23, ,,예식장업,1965-05-19,04월
대신네트웍스(주),"DAESHIN NETWORKS Co., Ltd.",대신네트웍스, ,연규현,기타법인,130111-0013069,124-81-37312,경기도 수원시 영통구 중부대로 327 (원천동) 대신빌딩3층, ,,산업 단체,1989-06-26,06월
재단법인 대신송촌문화재단,Daishin Songchon Foundation,대신송촌문화재단, ,양홍석,기타법인,111222-0005220,412-82-03550,"전라남도 나주시 송현길 41-7 (송촌동, 대신송촌문화재단)", ,,그 외 기타 협회 및 단체,1990-07-02,12월
대우김해서비스(주),Daewoo Kim-hae service corp.,대우김해서비스, ,문병근,기타법인,184611-0009098,622-81-05032,경상남도 김해시 안동 256-1, ,,자동차 종합 수리업,1995-01-09,12월
대우남대구서비스(주),Daewoo South-daegu service corp.,대우남대구서비스, ,권기덕,기타법인,170111-0062282,514-81-14661,대구광역시 달서구 대천동 530, ,,자동차 종합 수리업,1993-05-18,12월
대우분당서비스(주),Daewoo Bun-dang service corp.,대우분당서비스, ,손두원,기타법인,131111-0020411,129-81-16059,경기도 성남시 분당구 야탑동 403, ,,자동차 종합 수리업,1996-02-24,12월
대우사상서비스(주),Daewoo Sa-sang service corp.,대우사상서비스, ,신대균,기타법인,180111-0138338,606-81-47520,부산광역시 사상구 학장동 708-1, ,,자동차 종합 수리업,1994-03-18,12월
대우수원서비스(주),Daewoo Su-won service corp,대우수원서비스, ,유재희,기타법인,134511-0011219,135-81-09704,경기도 용인시 기흥구 영덕동 548번지, ,,자동차 종합 수리업,1994-04-07,12월
대우양산서비스(주),Daewoo Yang-san service corp.,대우양산서비스, ,이인규,기타법인,180111-0133635,618-81-15680,경상남도 양산시 북정동 291-5, ,,자동차 종합 수리업,1994-04-28,12월
대우익산서비스(주),Daewoo Ik-san service corp,대우익산서비스, ,유홍철,기타법인,214911-0006207,403-81-07797,전라북도 익산시 신흥동 853-5, ,,자동차 종합 수리업,1994-03-28,12월
대우일산서비스(주),Daewoo il-san service corp.,대우일산서비스, ,조성호,기타법인,115911-0009277,128-81-13665,경기도 고양시 일산서구 덕이동 270, ,,자동차 종합 수리업,1995-01-09,12월
(주)대우전자서비스,Daewoo Electronics Service Corp.,대우전자서비스, ,백성식,기타법인,110111-1498777,104-81-42785,광주광역시 광산구 용아로 559 (장덕동),www.dwesvc.com,,개인 및 소비용품 수리업,1997-12-29,12월
대우제주서비스(주),Daewoo Je-ju service corp.,대우제주서비스, ,배진홍,기타법인,220111-0018771,616-81-17853,제주특별자치도 제주시 화북1동 2163-2, ,,자동차 종합 수리업,1997-07-01,12월
대우조선해양상조(주),DSME MUTUAL AID.CO.LTD,대우조선해양상조, ,이준호,기타법인,110111-4017087,211-88-21883,서울특별시 강남구 논현동 221-17 8층, ,,"화장터 운영, 묘지 분양 및 관리업",2008-12-22,12월
대우청주서비스(주),Daewoo Cheong-joo service corp.,대우청주서비스, ,서창교,기타법인,150111-0018651,315-81-07001,충청북도 청주시 흥덕구 신봉동 214-2, ,,자동차 종합 수리업,1995-09-25,12월
대우포항서비스(주),Daewoo Po-hang service corp.,대우포항서비스, ,장후식,기타법인,174611-0017770,506-81-18292,경상북도 포항시 남구 연일읍 오천리 598, ,,자동차 종합 수리업,1995-04-25,12월
주식회사 대운씨앤디,Daewoon C & D,대운씨앤디, ,지상운,기타법인,170111-0577398,249-87-00246,대구광역시 달성군 현풍면 테크노대로 61 중리 505-2, ,,그 외 기타 협회 및 단체,2015-08-28,12월
(주)대원크리닝,DAEWON CLEANING,대원크리닝, ,최인오,기타법인,234111-0070650,621-86-03021,"경상남도 양산시 소주공단1길 97 (주남동, (주)대원크리닝)", ,,산업용 세탁업,2013-05-30,12월
대준산업(주),"DAE JUN CO., LTD",대준산업, ,김영대,기타법인,110111-0266539,214-81-10300,서울특별시 서초구 서초동 1318-5, ,,"화장터 운영, 묘지 분양 및 관리업",1980-02-15,12월
(주)대청레포츠센터,DAE CHEONG REPORTS CENTER CO.LTD,대청레포츠센터, ,최용섭,기타법인,110111-2418047,120-86-31932,서울특별시 강남구 개포동 대청타워 13-3 대청타워 4층,www.nkfg.com,,예식장업,2002-01-10,12월
(주)대한공업사,DAEHAN,대한공업사, ,최창목,기타법인,134711-0014459,125-81-15854,경기도 평택시 평택로 124 (신대동), ,,자동차 종합 수리업,1968-06-03,12월
(주)대한라이프보증,Daehan life guarantee,대한라이프보증, ,엄애란,기타법인,110111-3292911,212-81-72877,"경기도 성남시 분당구 대왕판교로 670 B-702 (삼평동,유스페이스2)",www.dh-life.com,,장례식장 및 장의관련 서비스업,2005-08-25,12월
대한민국재향군인회,Korean Veterans Association,대한민국재향군인회, ,박세환,기타법인,110121-0004558,219-82-00503,서울특별시 성동구 성수동1가 656-75 에스콰이어빌딩,www.korvagreen.or.kr,,그 외 기타 협회 및 단체,1959-02-15,12월
대한임상병리사협회,KAMT,대한임상병리사협회, ,장인호,기타법인,111221-0000496,120-82-03312,서울특별시 성북구 종암로 41 (종암동) 대한임상병리사회관, ,,협회 및 단체,1966-06-12,12월
대한항공 노동조합,Labor Union Korean Air,대한항공노동조합, ,최대영,기타법인,114943-0000584,109-82-04196,서울특별시 강서구 공항대로2길 11 (공항동), ,,노동조합,1981-05-04,12월
주식회사 대현하이웨이,daehyun hiway,대현하이웨이, ,남양우,기타법인,110111-3935165,120-87-30677,서울특별시 강남구 삼성동 59-10, ,,장례식장 및 장의관련 서비스업,2008-07-15,12월
주식회사 더누벨웨딩컨벤션,THE NOUVELLE CONVENTION,더누벨웨딩컨벤션, ,정경진,기타법인,171711-0145267,671-81-01926,경상북도 포항시 남구 희망대로 805 (대도동), ,,예식장업,2020-03-05,12월
주식회사 더뉴,THENEW Convention Wedding,더뉴, ,전건오,기타법인,110111-5939652,595-87-00251,"서울특별시 강서구 공항대로36길 57 (내발산동, 더뉴컨벤션웨딩)", ,,예식장업,2016-01-07,12월
더리본 주식회사,THE REBORN,더리본, ,허준,기타법인,180111-0657891,605-81-92018,"부산광역시 부산진구 자유평화로 11(범천동,누리엔13층)",www.knnlife.com,,장례식장 및 장의관련 서비스업,2009-01-01,12월
더블에이치엠,DOUBLEHM,더블에이치엠, ,정승국,기타법인,110111-7925419,741-81-02302,서울특별시 성동구 자동차시장1길 9, ,,자동차 종합 수리업,2021-06-17,12월
주식회사 더블유웨딩,"W-Wedding Co., Ltd.",더블유웨딩, ,이병규,기타법인,110111-3753905,204-86-05241,서울특별시 중랑구 묵동 175-1,w-wedding.co.kr,,예식장업,2007-09-13,12월
(주)더블유웨딩,corporation W wedding,더블유웨딩, ,김보민,기타법인,180111-0865056,607-86-09470,"부산광역시 연제구 중앙대로 1000 (연산동, 국민연금공단부산회관빌딩)", ,,결혼 상담 및 준비 서비스업,2013-07-01,12월
(주)더블제이디앤씨,WJDANDC ,더블제이디앤씨, ,구성호,기타법인,110111-4956219,120-87-87980,울산광역시 울주군 온양읍 덕망로 290 (망양리), ,,그 외 기타 협회 및 단체,2012-09-12,12월
더빈컨벤션주식회사,thebiin,더빈컨벤션, ,빈창범,기타법인,150111-0204052,158-81-00119,충청북도 청주시 흥덕구 강내면 학천길 5 (학천리),www.thebiin.co.kr,,예식장업,2015-06-01,12월
주식회사 더스타,"The Star Co.,Ltd.",더스타, ,구은회,기타법인,164811-0062799,312-86-32957,충청남도 아산시 배방읍 희망로46번길 19-3 엑스큐브 8층, ,,예식장업,2012-03-05,12월
더케이예다함(주),The K YEDAHAM,더케이예다함, ,김도한,기타법인,110111-4169862,101-86-49300,서울특별시 마포구 마포대로 86 (도화동) 창강빌딩16층,www.yedaham.co.kr,,장례식장 및 장의관련 서비스업,2009-09-01,12월
(주)더파티움,thepartyum,더파티움, ,장영식,기타법인,110111-5261477,261-81-02975,"서울특별시 영등포구 은행로 30 (여의도동, 중소기업중앙회)B1,1,2,3층",www.thepartyum.com,,예식장업,2014-02-15,12월
주식회사 더퍼스트에스제이,thefirstsj,더퍼스트에스제이, ,김수정,기타법인,170111-0734930,394-87-01467,"대구광역시 동구 동대구로 442 (신천동, 성진빌딩) 3층", ,,"화장터 운영, 묘지 분양 및 관리업",2019-08-19,12월
(주)더피플라이프,thepeoplelife INC.,더피플라이프, ,차용섭,기타법인,110111-3304419,105-86-83519,서울특별시 마포구 신촌로12길 4 (동교동) 더피플빌딩,thepeoplelife.co.kr,,장례식장 및 장의관련 서비스업,2005-10-01,03월
더한모터스주식회사,THEHAN MOTORS,더한모터스, ,박용환,기타법인,141211-0071640,224-81-64031,강원도 원주시 치악로 1221-10 (관설동), ,,자동차 종합 수리업,2014-07-23,12월
주식회사 덕경,deuk kyung,덕경, ,김덕준,기타법인,200111-0402910,409-86-47905,광주광역시 북구 북문대로 167 (운암동), ,,예식장업,2014-08-01,12월
(주)덕송디엔씨,"Deoksongdnc co., Ldt",덕송디엔씨, ,김창언,기타법인,110111-5752400,865-86-00129,서울특별시 동작구 대방동1길 7 제이타운 2층 1호(대방동), ,,그 외 기타 협회 및 단체,2015-06-15,12월
주식회사 덕임,deokim,덕임, ,김현덕,기타법인,200111-0640346,550-86-02467,"광주광역시 서구 상무누리로 33 (치평동, 갤러리303) 105동702호", ,,자동차 세차업,2021-07-14,12월
데이온 주식회사,PRI-EX INC,데이온, ,박돈화,기타법인,110111-0774970,105-81-48050,서울특별시 강남구 삼성동 154-16 청림빌딩 3층, ,,그 외 기타 분류 안된 개인 서비스업,1991-07-01,12월
주식회사 델타,DELTA,델타, ,이혜인,기타법인,134511-0208890,142-81-58538,"경기도 용인시 수지구 신봉1로 175 6층 601호(신봉동, 진성프라자)",delta5006@naver.com,,그 외 기타 협회 및 단체,2013-04-23,12월
주식회사 도약,"DO YAK CO., LTD",도약, ,이종만,기타법인,134811-0116047,124-86-42106,경기도 화성시 기안동 371-2, ,,욕탕업,2005-12-25,12월
(주)도원이엔지,"DOWON,LTD",도원이엔지, ,목지영,기타법인,180111-0798653,621-81-94624,"부산광역시 금정구 중앙대로 1689 (부곡동, 순산후조리원)", ,,개인 간병 및 유사 서비스업,2012-03-05,12월
도이치앤베엠베모터스 주식회사,Deutsch&BMW motors INC.,도이치앤베엠베모터스, ,권오수,기타법인,110111-3892159,120-87-27380,서울특별시 강동구 천호동 452-4, ,,자동차 종합 수리업,2008-05-07,12월
재단법인 동곡산림문화재단,Donggok Forest Cultural Foundation,동곡산림문화재단, ,김석만,기타법인,140122-0007645,824-82-00625,"강원특별자치도 춘천시 중앙로 23 (중앙로1가, 강원일보사)", ,,그 외 기타 협회 및 단체,2023-10-24,12월
동광주타워주식회사,DongGwangJu Tower ,동광주타워, ,이대영,기타법인,200111-0393325,410-86-88755,광주광역시 북구 무등로 1021-25 2층(화암동), ,,예식장업,2014-03-25,12월
동국상선주식회사,"DONGKUK MARINE CO.,LTD.",동국상선, ,박향무,기타법인,180111-0048579,604-81-05257,부산광역시 동구 중앙대로180번길 6-12 (초량동)4층,www.dongkukmarine.co.kr,,그 외 기타 분류 안된 개인 서비스업,1983-03-24,12월
동군산현대서비스(주),"Donggunsan Hyundai Service Co., Ltd.",동군산현대서비스, ,채정균,기타법인,211111-0060830,555-86-01672,전북특별자치도 군산시 개정면 모갱이1길 62, ,,자동차 종합 수리업,2020-01-09,12월
(주)동방종합상조,DONG BANG TOTAL CO,동방종합상조, ,손미자,기타법인,190111-0033370,608-81-32402,"경상남도 마산시 양덕동 151-25 한백빌딩 7,8층",www.dbsangjo.com,,장례식장 및 장의관련 서비스업,1998-10-23,12월
주식회사 동부산홀딩스,DONGBUSANHDS,동부산홀딩스, ,김창근,기타법인,180111-0928268,617-86-21035,부산광역시 기장군 기장읍 기장해안로 98 1층 씨111호(시랑리), ,,"화장터 운영, 묘지 분양 및 관리업",2014-08-18,12월
동아상조(주),dongasj. co. ltd.,동아상조, ,전상수,기타법인,230111-0064772,610-81-41374,울산광역시 남구 달동 1325-10 동아빌딩 전관,www.dongasj.co.kr,,장례식장 및 장의관련 서비스업,2000-03-23,12월
재단법인 동원육영재단,Dongwon Education Foundation ,동원육영재단, ,김재철,기타법인,110122-0002435,229-82-00460,"서울특별시 서초구 마방로 68 (양재동, 동원산업빌딩)", ,,그 외 기타 협회 및 단체,1979-07-02,12월
(주)동인,"Dong-In Co., Ltd",동인, ,김정호,기타법인,170111-0007684,501-81-02422,서울특별시 은평구 대조동 197-1,www.yangjispotec.co.kr,,욕탕업,1977-06-02,12월
(주)동인천서비스,dongincheon service ,동인천서비스, ,박경준,기타법인,120111-0143743,131-81-43068,인천광역시 중구 인중로 43 (신흥동3가), ,,자동차 종합 수리업,1997-01-01,12월
(주)동일자동차공업사,Dongil Auto Industry Co,동일자동차공업사, ,황금복,기타법인,110111-0154643,218-81-00385,서울특별시 성동구 성수1가1동 617-41, ,,"화장터 운영, 묘지 분양 및 관리업",1973-11-02,12월
재단법인 동진장학연구재단 ,DONGJIN RESEARCH&ENCOURAGE LEARNING FOUNDATION,동진장학연구재단, ,이부섭,기타법인,270122-0024931,105-82-14969,서울특별시 마포구 동교동 146-8, ,,그 외 기타 분류 안된 개인 서비스업,2006-08-03,12월
두원개발(주),Doo Won,두원개발, ,박찬희,기타법인,170111-0099243,514-81-23103,대구광역시 수성구 두산동 275, ,,예식장업,1996-01-01,12월
재단법인 두을장학재단,Dooeul scholarship Foundation,두을장학재단, ,이부진,기타법인,114622-0026186,220-82-03951,"서울특별시 중구 을지로 100 (을지로2가, 파인에비뉴)",www.dooeul.or.kr,,그 외 기타 협회 및 단체,2000-02-26,12월
두제이산업 주식회사,DUJ industry co. Ltd,두제이산업, ,윤경화,기타법인,206211-0077781,684-81-02218,전라남도 여수시 호명1길 98-6 (호명동) 1층, ,,산업 단체,2020-12-21,12월
주식회사 둥지,doongji,둥지, ,공원호,기타법인,180111-0918376,617-86-19034,부산광역시 기장군 기장읍 기장해안로 32 (시랑리), ,,산업 단체,2014-06-17,12월
듀오정보주식회사,"Duo information, inc",듀오정보, ,박수경,기타법인,110111-1475410,214-86-28824,서울특별시 강남구 강남대로 406 글라스타워 11층,duo.co.kr,,결혼 상담 및 준비 서비스업,1999-01-01,12월
주식회사 드림누리,DREAMNURI CO.LTD,드림누리, ,정만근,기타법인,110111-6560282,356-88-00857,"서울특별시 강서구 마곡중앙로 150 (마곡동, 에스앤아이강서사옥)", ,,그 외 기타 달리 분류되지 않은 개인 서비스업,2017-11-07,12월
디더블유(주),DW Corporation,디더블유, ,현연주,기타법인,174611-0022761,506-81-19928,경상북도 포항시 남구 중섬로 84 (상도동)파티움하우스포항, ,,예식장업,1995-10-18,12월
(주)디아너스,The Honors,디아너스, ,장윤규,기타법인,171211-0039733,505-81-42692,경상북도 경주시 천군동 산 31번지,www.thehonors.co.kr,,그 외 기타 분류 안된 개인 서비스업,2005-11-01,12월
디에스라이프주식회사,"DS LIFE CO., LTD.",디에스라이프, ,이곤,기타법인,170111-0016750,501-81-06001,"대구광역시 수성구 달구벌대로 2461 (범어동, 디에스라이프빌딩)",WWW.SANGJO.COM,,장례식장 및 장의관련 서비스업,1982-10-07,12월
주식회사 디에스에스에프앤비,DSSF&B,디에스에스에프앤비, ,사공훈,기타법인,135811-0193557,124-87-31436,대구광역시 동구 동부로 194 101호 (효목동), ,,산업 단체,2012-05-03,12월
디에이치상조주식회사,"DH Global Co.,Ltd",디에이치상조, ,강동규,기타법인,180111-0247783,607-81-40535,부산광역시 연제구 연산5동 1287-2 은강빌딩 6층,www.globaldh.com,,그 외 기타 분류 안된 개인 서비스업,1997-12-19,12월
디오션시티이차,theoceancity2,디오션시티이차, ,채상훈,기타법인,110111-6042587,289-86-00378,서울특별시 강남구 테헤란로2길 36 460-14호(역삼동), ,,그 외 기타 협회 및 단체,2016-04-25,12월
주식회사 라움,"RAUM CO., LTD.",라움, ,손성건,기타법인,171711-0135763,225-88-00927,"경상북도 포항시 북구 소티재로151번길 5 (우현동, 라움컨벤션)", ,,예식장업,2017-10-23,12월
로얄파크컨벤션 유한회사,ROYALPARK CONVENTION,로얄파크컨벤션, ,조상연,기타법인,110114-0304060,170-88-02644,"서울특별시 용산구 이태원로 29 (용산동1가, 전쟁기념관)",www. royalpark.kr,,예식장업,2022-11-11,12월
주식회사 로터스101,"LOTUS 101 CO.,LTD.",로터스101, ,"김기필, 김민정",기타법인,175111-0022330,510-81-33273,경상북도 경산시 화랑로8길 204 (갑제동), ,,예식장업,2014-06-27,12월
롯데삼동복지재단,Lotte Samdong Welfare Foundation,롯데삼동복지재단, ,신영자,기타법인,230132-0004675,620-82-07609,울산광역시 울주군 삼동면 둔기리 588-3, ,,그 외 기타 협회 및 단체,2009-12-04,12월
롯데오토케어(주),"LOTTE auto care co.,ltd.",롯데오토케어, ,이규필,기타법인,110111-5082922,117-81-83462,"서울특별시 영등포구 문래로 83 (문래동3가, 아라비즈타워)",www.lotteautocare.com,,자동차 전문 수리업,2013-03-07,12월
롯데장학재단,Lotte scholarship foundation,롯데장학재단, ,장혜선,기타법인,181222-0000036,620-82-01186,울산광역시 울주군 삼동면 대암둔기로 246 롯데장학재단,www.lottefoundation.or.kr,,그 외 기타 협회 및 단체,1983-12-22,12월
(주)루미가넷,LUMIGARNET,루미가넷, ,전성실,기타법인,110111-1540396,211-86-28956,"서울특별시 강남구 역삼로 432 (대치동, 쌔씨존)",sassi@sassi.co.kr,,두발 미용업,1998-05-01,12월
(주)류마,ryuma,류마, ,김은주,기타법인,124411-0182676,890-86-00673,경기도 김포시 고촌읍 김포대로 349 (신곡리)1동 802호, ,,그 외 기타 협회 및 단체,2016-09-07,12월
주식회사 르노삼성자동차 사상정비사업소,"RSMsasangESC,.CO",르노삼성자동차사상정비사업소, ,이태경,기타법인,180111-0622125,607-81-84076,"부산광역시 사상구 학감대로 184-1 (학장동, 르노삼성자동차사상사업소)", ,,자동차 종합 수리업,2008-02-14,12월
르노코리아써비스코너북구점(주),Renault Korea Bukgu,르노코리아써비스코너북구점, ,석영선,기타법인,180111-1049477,691-88-00328,"부산광역시 북구 의성로 85 (덕천동, 르노삼성자동차서비스코너북구점)", ,,자동차 수리 및 세차업,2016-08-01,12월
주식회사 르노코리아자동차 서비스코너 대연점,RenaultKorea Motors Service Center Daeyeon Inc.,르노코리아자동차서비스코너대연점, ,윤원욱,기타법인,180111-0786830,617-81-95769,부산광역시 남구 유엔로 218 (대연동), ,,자동차 종합 수리업,2011-12-15,12월
리드드래곤유한공사,LEAD DRAGON LIMITED,리드드래곤유한공사, ,리밍,기타법인, ,1460632,"at Road Town, Tortola, British Virgin Islands", ,,산업 단체,2008-01-23,12월
주식회사 리치홀딩스,rich holdings,리치홀딩스, ,황성림,기타법인,180111-0896316,617-86-16833,부산광역시 해운대구 중동1로19번길 9 (중동)2층, ,,그 외 기타 협회 및 단체,2014-01-22,12월
주식회사 리컴인터내셔널,"Licom internation.co.,LTD.",리컴인터내셔널, ,정해진,기타법인,110111-1552078,120-81-81233,서울특별시 강남 논현동50-1 세라빌딩 6층,www.blueclub.co.kr,,이용업,1998-06-01,12월
린나이씨에스(주),Rinnai SC Corp.,린나이씨에스, ,서정률,기타법인,110111-2554825,110-81-57454,서울특별시 서대문구 창천동 린나이빌딩 515-1 린나이빌딩6층, ,,그 외 기타 개인 및 가정용품 수리업,2002-07-01,12월
린텍스기업주식회사,"LINTEX CO.,LTD.",린텍스기업, ,탁정식,기타법인,115911-0030884,128-81-51640,경기도 파주시 법원읍 술이홀로 960-1,www.lintex.co.kr,,세탁물 공급업,2000-08-28,12월
(주)마리진,Marizin.Inc,마리진, ,이재상,기타법인,110111-2809402,120-86-54385,"서울특별시 강남구 영동대로 506 (삼성동, 유니온타),3층",www.marizin.com,,예식장업,2003-06-30,12월
(주)마벨러스,MARVELOUS,마벨러스, ,오은환,기타법인,110111-4149533,120-87-43134,서울특별시 강남구 대치동 1004-1 ,www.marvelous.co.kr,,예식장업,2009-08-07,12월
(주)매일,-,매일, ,박호민,기타법인,200111-0358262,410-86-87528,광주광역시 광산구 용아로379번길 14 (하남동),-,,욕탕업,2014-03-06,12월
주식회사 매일상조,maeil sangjo,매일상조, ,이성억,기타법인,170111-0388349,504-81-83841,"대구광역시 중구 서성로 20 (계산동2가, 대구매일신문사,대구은행계산동지점)4층 402호",www.msangjo.com/,,장례식장 및 장의관련 서비스업,2009-10-19,12월
주식회사 메리다,MERIDA,메리다, ,김영식,기타법인,150111-0364434,419-88-02699,"충청북도 청주시 청원구 내수읍 충청대로 400 (구성리, 메리다웨딩컨벤션)",merida.kr/,,예식장업,2024-04-11,12월
(주)메리빌리아,MARRYVILIA,메리빌리아, ,장문혁,기타법인,120111-0926446,445-88-01006,"인천광역시 연수구 송도과학로16번길 33-1 (송도동, 송도트리플스트리트)A동", ,,예식장업,2018-03-15,12월
메리즈웨딩컨설팅(주),"Marrys Wedding Consulting, Inc.",메리즈웨딩컨설팅, ,송문수,기타법인,110111-2156671,211-81-00216,서울특별시 강남구 청담동 85-2 유리빌딩 1층,www.marrys.co.kr,,그 외 기타 분류 안된 개인 서비스업,2001-01-26,12월
(주)메이세이금속공업,"MEISEI METAL INDUSTRIES CO., LTD",메이세이금속공업, ,YOZO UEDA,기타법인, ,12276,4-5-12. NOZIKI. DAITO CITY. OSAKA. JAPAN, ,,그 외 기타 분류 안된 개인 서비스업,1970-11-14,12월
명일주차장주식회사,MYUNG IL,명일주차장, ,조규동,기타법인,110111-0900103,212-81-23473,서울특별시 강동구 명일동 47-7, ,,그 외 기타 분류 안된 개인 서비스업,1992-11-06,12월
모닝브릿지(주),morning bridge,모닝브릿지, ,이계진,기타법인,134511-0091253,135-81-78652,경기도 용인시 기흥구 보정동 1195-1 메트로프라자 603호, ,,"화장터 운영, 묘지 분양 및 관리업",2005-06-10,12월
모던종합상조주식회사,MODERN.CO.LTD,모던종합상조, ,김호철,기타법인,160111-0177786,305-81-70638,"대전광역시 동구 동대전로 200 4층 (자양동, 예일크리닉빌딩)",www.md1766.com,,장례식장 및 장의관련 서비스업,2004-08-11,12월
주식회사 모두커뮤니케이션,Modoo Communication. co.Ltd.,모두커뮤니케이션, ,신동선,기타법인,160111-0232803,305-81-89743,충청북도 청주시 흥덕구 봉명동 2449 청주파비뇽2층, ,,예식장업,2007-11-01,12월
모아빛 주식회사,"MOREBIT Co., Ltd.",모아빛, ,송지웅,기타법인,110111-0944380,194-81-03994,"서울특별시 강남구 선릉로111길 8 (논현동, 윙갤러리빌딩)", ,,자동차 세차업,2025-12-08,12월
재단법인 목암과학장학재단,MSSF,목암과학장학재단, ,허은철,기타법인,134522-0001209,135-82-12055,"서울특별시 서초구 강남대로41길 15-19 (서초동, M11빌딩) 3층",www.mogamfoundation.or.kr,,그 외 기타 협회 및 단체,2005-12-21,12월
주식회사 목화, ,목화, ,김재용,기타법인,180111-0376615,607-81-55682,부산광역시 연제구 연산동 1124-3번지,-,,예식장업,2001-09-13,12월
(주)무궁,MU KUNG,무궁, ,신상수,기타법인,110111-4723692,220-88-27523,"서울특별시 강남구 논현로79길 72 (역삼동, 올림피아센타)",scalatium.com,,예식장업,2011-11-15,12월
(주)무등산랜드,"MudeungsanLand co., Ltd.",무등산랜드, ,고영수,기타법인,200111-0334733,410-86-59963,광주광역시 광산구 우산동 1581-3, ,,욕탕업,2012-01-19,12월
재단법인 무봉,-,무봉, ,김명환,기타법인,250122-0041244,167-82-00269,서울특별시 양천구 남부순환로 322 (신월동) 덕신빌딩 5층, ,,그 외 기타 협회 및 단체,2019-07-01,12월
재단법인 묵암재단,MUKAM Foundation,묵암재단, ,박현규,기타법인,110122-0138371,574-82-00472,"서울특별시 서초구 서초대로53길 25 5층(서초동, 티유빌딩)", ,,그 외 기타 협회 및 단체,2023-09-04,12월
문경온천관광(주),Mungyeong hot spring tourism co.Ltd,문경온천관광, ,이선화,기타법인,175411-0003665,511-81-08651,경상북도 문경시 문경읍 온천2길 24 (하리), ,,욕탕업,2000-03-23,12월
재단법인 문암장학문화재단,MUNAM SCHOLARSHIP FOUNDATION,문암장학문화재단, ,권혁운,기타법인,184122-0009748,157-82-00073,"부산광역시 남구 이기대공원로 57-170 (용호동, 이기대동생말지구편익시설)",www.munamfoundation.or.kr,,그 외 기타 협회 및 단체,2016-03-31,12월
재단법인 물류산업진흥재단,KLIP,물류산업진흥재단, ,심재선,기타법인,270122-0031879,105-82-21704,"서울특별시 마포구 마포대로 34 (도화동, 도원빌딩) 9층",www.klip.or.kr,,그 외 기타 협회 및 단체,2013-12-18,12월
재단법인 미래국제재단,MIRAE INTERNATIONAL FOUNDATION,미래국제재단, ,김선동,기타법인,254122-0019239,107-82-14136,"서울특별시 영등포구 국회대로 800 (여의도동, 진미파라곤) 324호", ,,협회 및 단체,2010-02-18,12월
(주)미래상조119,ASAN,미래상조119, ,채규정,기타법인,110111-3432559,212-81-75364,"서울특별시 마포구 마포대로 180-13 (공덕동, 영지빌딩) 2층", ,,장례식장 및 장의관련 서비스업,2006-04-05,12월
미래상조119(주),miraesangjo,미래상조119, ,송기호,기타법인,210111-0062077,418-81-26914,"전라북도 전주시 완산구 전라감영5길 20 4층 (경원동1가, 전주경원동우체국)", ,,장례식장 및 장의관련 서비스업,2008-10-24,12월
재단법인 미래에셋희망재단 ,Miraeasset hope foundation,미래에셋희망재단, ,김승건,기타법인,205321-0000186,414-82-02125,"광주광역시 서구 시청로 81 (치평동, 대아빌딩)",hopemiraeasset.com/,,그 외 기타 협회 및 단체,1998-04-30,12월
미래웨딩캐슬(주),"MIRAE WEDDING CASTLE CO.,LTD",미래웨딩캐슬, ,김미영,기타법인,194211-0074237,609-81-69009,경상남도 창원시 팔용동 34-10, ,,예식장업,2005-06-27,12월
재단법인 미래콘텐츠재단,Gamein Foundation,미래콘텐츠재단, ,남궁훈,기타법인,135622-0005620,144-82-00645,경기도 성남시 분당구 판교로256번길 19 (삼평동) 3층,www.gamein.or.kr/,,그 외 기타 협회 및 단체,2013-11-27,12월
주식회사 미르,AMIJI WELLPORTS CENTER,미르, ,하국택,기타법인,176011-0021549,513-81-17947,경상북도 구미시 구평동 709-7,www.amiji.co.kr,,욕탕업,2000-04-03,12월
주식회사 미즈맘메디컬센터,"Mizmam Medical Center Co.,LTD.",미즈맘메디컬센터, ,조재관,기타법인,110111-5114618,113-86-69949,"서울특별시 구로구 중앙로3길 46 (고척동, 강서빌딩602호)", ,,개인 간병 및 유사 서비스업,2013-04-01,12월
(주)미쯔비시상사,MITSUBISHI CORPORATION,미쯔비시상사, ,TAKESHI SAKURAI,기타법인, ,7813,6-3. MARUNOUCHI 2-CHOME. CHITODA-KU. TOKYO. JAPAN, ,,그 외 기타 분류 안된 개인 서비스업,1950-04-01,12월
주식회사 민탑,MINTOP,민탑, ,한정수,기타법인,200111-0628425,847-86-01950,광주광역시 서구 전평길 48 광주 서구 전평길 48 (매월동), ,,욕탕업,2021-03-11,12월
주식회사 밀코오토월드,MILCO AUTOWORLD,밀코오토월드, ,양창수,기타법인,130111-0018324,124-81-27570,경기도 수원시 영통구 매탄동 296-4, ,,자동차 종합 수리업,1992-01-21,06월
주식회사 바로연,baroyeon,바로연, ,고영득,기타법인,110111-4403210,220-88-02876,"서울특별시 강남구 테헤란로1길 28-11 4층 4075호(역삼동,조이빌딩)",www.baroyeon.co.kr/,,결혼 상담 및 준비 서비스업,2010-08-09,12월
(주)백악관웨딩하우스,the white wedding house,백악관웨딩하우스, ,우창훈,기타법인,110111-1254939,207-81-45441,"서울특별시 광진구 천호대로 643 (중곡동, 웨딩부띠크르블랑)",www.whwh.co.kr,,예식장업,1996-04-15,12월
주식회사 백양실업,baekyang.co.kr,백양실업, ,최희숙,기타법인,205911-0003262,409-81-39642,전라남도 장성군 황룡면 신기길 93 주식회사 백양실업,byclean.kr/,,산업용 세탁업,1997-10-01,12월
백운산업개발주식회사,baekwoon corporation,백운산업개발, ,송윤숙,기타법인,110111-0986418,110-81-60395,서울특별시 서대문구 창천동 13-52번지, ,,욕탕업,2002-11-22,12월
주식회사 베스트장례문화원,Best funeral cultural center,베스트장례문화원, ,이병규,기타법인,200111-0731880,559-87-03363,광주광역시 광산구 상무대로 509 (우산동), ,,장례식장 및 관련 서비스업,2024-08-30,12월
주식회사 벨티스톤,"VELTISTON Co., Ltd.",벨티스톤, ,고은서,기타법인,110111-4857532,120-87-82345,"경기도 하남시 조정대로 35 (풍산동, 미사하우스디엘타워) 5층 F504호 일부", ,,반려동물 장묘 및 보호 서비스업,2012-05-01,12월
주식회사 별빛에너지,starlight energy,별빛에너지, ,김혜림,기타법인,120111-1404623,417-81-54533,인천광역시 연수구 경원대로535번길 21 (선학동), ,,자동차 세차업,2024-08-14,12월
보듬컴퍼니,Bodeum Company,보듬컴퍼니, ,강형욱,기타법인,110111-5446665,114-87-19376,경기도 남양주시 오남읍 진건오남로667번길 64-33 (오남리), ,,반려동물 장묘 및 보호 서비스업,2014-06-23,12월
보람상조개발(주),"Boram Sangjo Development Co,. Ltd.",보람상조개발, ,"오준오, 이창우",기타법인,180111-0121060,604-81-31279,"서울특별시 중구 세종대로 73 (서소문동, 태평로빌딩) 23층", ,,장례식장 및 장의관련 서비스업,1992-01-01,12월
보람상조라이프(주),"Boram Sangjo Co., Ltd.",보람상조라이프, ,오준오,기타법인,180111-0149517,604-81-23895,"서울특별시 중구 세종대로 73 (서소문동, 태평로빌딩) 24층", ,,장례식장 및 장의관련 서비스업,1994-01-01,12월
보람상조리더스(주),"Boram Sangjo Leaders Co., Ltd.",보람상조리더스, ,김미자,기타법인,180111-0180826,604-81-27834,"서울특별시 성동구 광나루로 130 (성수동1가, 서울숲IT캐슬)", ,,장례식장 및 장의관련 서비스업,1995-04-15,12월
보람상조실로암(주),Boram Sangio Silroam,보람상조실로암, ,오준오,기타법인,110111-3540873,212-81-77208,"서울특별시 중구 세종대로 73 24층(서소문동, 태평로빌딩)",www.boramsangjosiloam.com,,장례식장 및 장의관련 서비스업,2006-10-16,12월
보람상조애니콜 주식회사,Boram Anycall,보람상조애니콜, ,이창우,기타법인,110111-3811282,215-87-10848,"서울특별시 중구 세종대로 73 (서소문동, 태평로빌딩) 25층", ,,장례식장 및 장의관련 서비스업,2008-01-02,12월
보람상조유니온(주),"Boram Sangjo Union Co., Ltd.",보람상조유니온, ,김미자,기타법인,110111-4078782,220-87-80502,서울특별시 강남구 역삼동 642-19 역삼하이츠빌딩 2층, ,,장례식장 및 장의관련 서비스업,2009-04-16,12월
보람상조임팩트(주),"Boram Sangjo Impact Co., Ltd.",보람상조임팩트, ,김미자,기타법인,110111-4058388,220-87-78710,"서울특별시 성동구 광나루로 130 709호, (성수동1가, 서울숲IT캐슬)", ,,장례식장 및 장의관련 서비스업,2009-03-17,12월
보람상조피플(주),"Boram Sangjo People Co., Ltd",보람상조피플, ,김미자,기타법인,110111-4058354,220-87-79209,"서울특별시 성동구 광나루로 130 7층(성수동1가, 서울숲IT캐슬)", ,,장례식장 및 장의관련 서비스업,2009-03-17,12월
주식회사 보릿골푸드,"borigolfood.,Co.Ltd",보릿골푸드, ,김춘수,기타법인,120111-0295445,122-81-74117,인천광역시 계양구 경명대로 977 (계산동) 나동 지1호,bori-1101@daum.net,,산업 단체,2002-08-23,12월
(주)보테가마지오,bottegamaggio,보테가마지오, ,황정연,기타법인,110111-5024700,206-86-72805,"서울특별시 성동구 서울숲2길 32-14 (성수동1가, 갤러리아포레)",bottegam@hometax.go.kr,,예식장업,2012-12-20,12월
(주)보훈상조,bohoon,보훈상조, ,박병곤,기타법인,194211-0210154,609-86-10987,경상남도 창원시 의창구 원이대로 58 (도계동)농업인회관 302호, ,,장례식장 및 장의관련 서비스업,2013-02-07,12월
(주)부림랜드,Bulim-land,부림랜드, ,여문섭,기타법인,220111-0047077,616-81-47264,제주특별자치도 제주시 연동 1409, ,,욕탕업,2004-03-26,12월
부모사랑주식회사,BUMOSARANG Corp.,부모사랑, ,배석도,기타법인,110111-3872648,114-86-66402,"서울특별시 서초구 방배로 123 4층 (방배동, 사단법인대한미용사회)",www.bumo-sarang.com,,장례식장 및 장의관련 서비스업,2008-05-06,12월
주식회사 부송개발,"Boosong Development Co.,Ltd",부송개발, ,심윤갑,기타법인,191111-0075016,355-86-00734,경상남도 진주시 충의로 119 (충무공동), ,,욕탕업,2017-01-26,12월
(주)부천장례예식장,Bucheon Funeral Home,부천장례예식장, ,이범주,기타법인,121111-0051490,130-81-51890,경기도 부천시 원미로 213 (춘의동),www.부천장례예식장.kr,,장례식장 및 장의관련 서비스업,1997-03-10,12월
주식회사 북대전현대상용서비스,North daejeon hyundai service,북대전현대상용서비스, ,정진숙,기타법인,160111-0621147,372-88-02425,대전광역시 대덕구 대전로 1324 (읍내동), ,,자동차 종합 수리업,2022-02-25,12월
북서울서비스(주), ,북서울서비스, ,이재인,기타법인,110111-0574487,210-81-10900,서울특별시 도봉구 도봉 2동 62-3, ,,자동차 종합 수리업,1988-05-12,12월
분당앤스퀘어,BUNDANG NSQUARE,분당앤스퀘어, ,최희자,기타법인,131111-0485655,543-81-00791,"경기도 성남시 분당구 탄천상로151번길 20 (구미동, 월드쇼핑,삼성SDA), 분당앤스퀘어 4, 5층",www.bundangn.co.kr,,예식장업,2017-06-23,12월
재단법인 브라이언임팩트,Brian Impact Foundation,브라이언임팩트, ,김정호,기타법인,135622-0007725,809-82-00437,서울특별시 강남구 테헤란로98길 11 (대치동),www.brianimpact.org,,그 외 기타 협회 및 단체,2021-06-01,12월
(주)브이아이피장례타운,vip장례타운,브이아이피장례타운, ,"고병희, 김판동, 김해용, 김성중",기타법인,200111-0414056,408-86-13120,광주광역시 서구 풍서좌로 237 (매월동), ,,장례식장 및 장의관련 서비스업,2014-12-08,12월
비엠케이코스모(주),bmkcosmo,비엠케이코스모, ,배중순,기타법인,160111-0290984,305-86-15528,대전광역시 중구 서문로 133 (문화동),"www.thebmk.co,kr",,예식장업,2012-01-03,12월
주식회사 비와이드,BWIDE,비와이드, ,강영모,기타법인,134811-0644626,742-81-02310,경기도 군포시 산본로386번길 4-19 2층(산본동), ,,개인 간병 및 유사 서비스업,2021-09-17,12월
주식회사 비젼오스텍,"VISION AST CO.,LTD.",비젼오스텍, ,정연철,기타법인,110111-1130551,109-81-42738,서울특별시 강서구 등촌동 660-12,www.seo-seoul.com,,자동차 종합 수리업,1995-09-21,12월
(주)비즈넷파트너스,Biz.Net,비즈넷파트너스, ,장종원,기타법인,110111-2580242,120-86-40576,서울특별시 강남구 역삼동 654-3 프라자빌딩 6층, ,,그 외 기타 분류 안된 개인 서비스업,2002-08-01,12월
주식회사 빌드원주택,buildone,빌드원주택, ,장지언,기타법인,171711-0118074,281-88-00096,"경상북도 포항시 북구 법원로8번길 28 (장성동, 빌드원르헤브)", ,,산업 단체,2015-06-02,12월
사단법인 대산신용호기념사업회,Daesan Shin Yong Ho Memorial Society,사단법인대산신용호기념사업회, ,남궁훈,기타법인,110121-0040685,104-82-09314,"서울특별시 동대문구 왕산로 10 (신설동, 한성빌딩)",www.daesanmemorial.org,,그 외 기타 협회 및 단체,2005-09-15,12월
사단법인 루트임팩트,Root Impact,사단법인루트임팩트, ,허재형,기타법인,110321-0039915,101-82-21959,"서울특별시 성동구 뚝섬로1나길 5 (성수동1가, 헤이그라운드(HEYGROUND)) G205",rootimpact.org/,,그 외 기타 협회 및 단체,2012-07-23,12월
사단법인 아시안미션,ASIAN MISSION,사단법인아시안미션, ,정재철,기타법인,111421-0022610,105-82-13131,"서울특별시 금천구 가산디지털1로 186 (가산동, 제이플라츠) 204호", ,,그 외 기타 협회 및 단체,2003-05-20,12월
사단법인 우리농업지키기운동본부,JIKIGI,사단법인우리농업지키기운동본부, ,우진하,기타법인,110121-0042194,104-82-09667,서울특별시 중구 통일로 120 5층,www.jikigi.nonghyup.com/,,그 외 기타 협회 및 단체,2006-05-10,12월
사단법인 의령군장학회,Incorporated association Uiryeong scholarship association,사단법인의령군장학회, ,오영호,기타법인,194521-0000540,286-82-00051,경상남도 의령군 의령읍 충익로 63,www.uiryeong.go.kr/edu,,그 외 기타 협회 및 단체,2016-09-01,12월
사단법인 한국번역가협회,KOREAN SOCIETY OF TRANSLATORS,사단법인한국번역가협회, ,임승표,기타법인,111421-0008545,105-82-10473,"서울특별시 도봉구 노해로63길 43 (창동, 도봉구행정지원센터) 지하 102호 한국번역가협회",kstinc.or.kr/,,전문가 단체,1998-03-10,12월
사단법인 한미동맹친선협회,ROK-US Alliance Friendship Association,사단법인한미동맹친선협회, ,우현의,기타법인,270121-0028240,105-82-18140,서울특별시 동작구 장승배기로 118-1 (노량진동), ,,그 외 기타 협회 및 단체,2010-03-10,12월
주식회사 사일온천,"Sailspa Co.,Ltd",사일온천, ,전주근,기타법인,174711-0014964,505-81-36939,경상북도 영천시 서산동 산123,www.sailspa.com,,욕탕업,2002-12-09,12월
주식회사 사평,sapyeong,사평, ,강석식,기타법인,191111-0070008,369-87-00287,서울특별시 강남구 논현로132길 5 (논현동) 3층303호, ,,그 외 기타 협회 및 단체,2015-12-14,12월
사회복지법인 동행복지재단,DONGHAENG FOUNDATION,사회복지법인동행복지재단, ,허동수,기타법인,110332-0016837,845-82-00049,"서울특별시 종로구 계동길 31 1층 (재동, 보헌빌딩)", ,,그 외 기타 협회 및 단체,2015-11-26,12월
사회복지법인미래에셋박현주재단,Mirae Asset Park Hyeon Joo Foundation,사회복지법인미래에셋박현주재단, ,장용성,기타법인,116132-0009070,107-82-06844,"서울특별시 중구 을지로5길 26 (수하동, 미래에셋센터원(MiraeAssetCENTER1)) 동관 12층",foundation.miraeasset.com/,,그 외 기타 협회 및 단체,2000-03-28,12월
사회복지법인 성우희망재단,Social Welfare Foundation       Sungwoo Hope Foundation,사회복지법인성우희망재단, ,이명근,기타법인,181132-0003122,621-82-12804,부산광역시 기장군 정관면 농공길 2-9, ,,그 외 기타 협회 및 단체,2012-09-04,12월
사회복지법인진암사회복지재단,JIN AM Social Welfare Foundation,사회복지법인진암사회복지재단, ,김정완,기타법인,134732-0001197,125-82-04131,"서울특별시 종로구 종로1길 50 (중학동, 더케이트윈타워)", ,,그 외 기타 협회 및 단체,1994-01-04,12월
사회복지법인 현대백화점사회복지재단,HYUNDAI DEPARTMENT STORE FOUNDATION ,사회복지법인현대백화점사회복지재단, ,정지선,기타법인,114632-0034475,211-82-15453,"서울특별시 강남구 테헤란로98길 12 (대치동, 현대백화점본사)",www.ehyundai.com/newportal/sc/main/main.do,,그 외 기타 협회 및 단체,2006-07-28,12월
재단법인 사회적가치연구원,Center for Social value Enhancement Studies,사회적가치연구원, ,최태원,기타법인,110122-0122712,578-82-00187,서울특별시 강남구 테헤란로 211 (역삼동) 17층,www.cses.re.kr,,그 외 기타 협회 및 단체,2018-04-25,12월
(주)산수디앤씨,san soo bosuk-sauna,산수디앤씨, ,정종기,기타법인,110111-1406613,214-86-16236,서울특별시 도봉구 쌍문1동 508-1,www.sansusauna.co.kr,,욕탕업,1997-04-23,12월
재단법인 산업안전상생재단,Foundation for Industrial Safety Partnerships,산업안전상생재단, ,안경덕,기타법인,110322-0057494,602-82-09633,"서울특별시 종로구 율곡로 75 (계동, 현대빌딩) 3층",ispf.or.kr/,,그 외 기타 협회 및 단체,2022-10-04,12월
삼동물산(주),"SAMDONG MULSAN CO..,LTD",삼동물산, ,김태환,기타법인,160111-0082034,305-81-32615,충청북도 청원군 현도면 죽암리273-1, ,,그 외 기타 분류 안된 개인 서비스업,1999-05-13,12월
재단법인 삼라희망재단,SM HOPE,삼라희망재단, ,우연아,기타법인,254122-0021127,107-82-15509,"서울특별시 영등포구 선유동1로 22 (당산동2가, 당산주차빌딩)",삼라희망재단.com/,,그 외 기타 협회 및 단체,2011-10-20,12월
삼보엔알디주식회사,"Sambo, co.ltd",삼보엔알디, ,김정곤,기타법인,194211-0198904,609-86-05392,경상남도 밀양시 삼문동 562-12,-,,욕탕업,2012-04-13,12월
주식회사 삼산,SAMSAN,삼산, ,도동학,기타법인,220111-0238246,557-88-02443,"제주특별자치도 제주시 서해안로 236 (도두일동, 도두해수파크)", ,,욕탕업,2022-04-22,12월
삼성복지상조(주),SAMSUNGHELP Co.Ltd,삼성복지상조, ,이명우,기타법인,160111-0186828,314-81-72979,부산광역시 연제구 거제1동 1-73 중앙빌딩 3층,www.samsunghelp.com,,장례식장 및 장의관련 서비스업,2005-03-10,12월
재단법인삼성언론재단,Samsung Press Foundation,삼성언론재단, ,이재경,기타법인,110121-0028010,104-82-05981,"서울특별시 서초구 서초대로74길 4 (서초동, 삼성생명서초타워) 19층",samsungpf.org/,,그 외 기타 협회 및 단체,1995-12-09,12월
삼성전자 서비스주식회사,"SAMSUNNG ELECTRONICS SERVICE CO., LTD",삼성전자서비스, ,김영호,기타법인,130111-0049139,124-81-58485,경기도 수원시 영통구 삼성로 290 (원천동),www.samsungsvc.co.kr,,개인 및 소비용품 수리업,1998-10-27,12월
삼성플러스상조 주식회사,"SamsungPlus Co., Ltd.",삼성플러스상조, ,정재섭,기타법인,190111-0062030,608-81-64660,"경상남도 창원시 마산회원구 북성로 118 401(회원동, 한효프라자)", ,,장례식장 및 장의관련 서비스업,2006-10-25,12월
삼신전문장례식장주식회사,"SAMSIN FUNERAL HOME CO., LTD.",삼신전문장례식장, ,안영선,기타법인,180111-0500636,606-81-89025,부산광역시 사상구 감전동 161-5, ,,장례식장 및 장의관련 서비스업,2004-11-08,12월
(주)삼연,"THREE YOUN CO.,LTD",삼연, ,이곤,기타법인,170111-0401844,504-81-86663,"대구광역시 중구 명덕로 127 (남산동, 대구상조)", ,,장례식장 및 장의관련 서비스업,2010-04-12,12월
(주)삼원,"KUMHO.CO.,LTD",삼원, ,이둘숙,기타법인,176011-0008365,513-81-07788,경상북도 구미시 원평동 964-740, ,,예식장업,1994-04-16,12월
주식회사 삼육리더스라이프,SAHMYOOK LEADER''S LIFE,삼육리더스라이프, ,최명섭,기타법인,110111-4423945,204-86-22857,"서울특별시 동대문구 망우로 82 (휘경동, 삼육서울병원)",www.sda36sj.com,,장례식장 및 장의관련 서비스업,2010-09-01,12월
삼정에스디주식회사,SamjungSD,삼정에스디, ,정명균,기타법인,110111-1369142,220-81-42165,서울특별시 중구 순화동 151 지하2층 201, ,,욕탕업,1997-01-23,12월
삼척온천주식회사,Samcheok Inc,삼척온천, ,이인교,기타법인,144611-0004070,222-81-09236,강원도 삼척시 정상동 70~455 351-1, ,,욕탕업,1998-11-09,12월
상조보증주식회사,"sangjo guarantee co,.ltd",상조보증, ,조중래,기타법인,180111-0309567,605-81-35128,부산광역시 동구 초량3동 1155 반도보라 103호, ,,그 외 기타 협회 및 단체,2000-01-01,12월
주식회사 새라컴퍼니,SAERA LTD,새라컴퍼니, ,김정선,기타법인,121111-0261883,130-86-88242,서울특별시 강서구 화곡로66길 181 (등촌동) 2층, ,,자동차 전문 수리업,2013-12-16,12월
주식회사 새부산상조,"NEWPUSAN SANGJO CO., LTD",새부산상조, ,고봉복,기타법인,180111-0104347,604-81-14213,부산광역시 동구 초량3동 1154-1,www.saebusan.co.kr,,그 외 기타 협회 및 단체,1990-10-22,12월
새하늘공원 주식회사,"NEW SKY PARK CO., LTD.",새하늘공원, ,구정모,기타법인,134311-0010174,132-81-58768,경기도 양평군 지평면 고재길 90 (곡수리), ,,"화장터 운영, 묘지 분양 및 관리업",2004-12-31,12월
주식회사 샘,sem co.ltd,샘, ,권순임,기타법인,131111-0333276,144-81-11617,"경기도 성남시 분당구 서현로 170 (서현동, 풍림아이원플러스) 3층 제에스 331호", ,,산업 단체,2013-03-15,12월
재단법인 서경배과학재단,Suh Kyungbae Foundation,서경배과학재단, ,서경배,기타법인,110322-0047338,382-82-00121,"서울특별시 용산구 한강대로 100 (한강로2가, 아모레퍼시픽) 14층",www.suhf.org,,그 외 기타 협회 및 단체,2016-08-26,12월
서대전서비스 기아오토큐(주),"Sdkia Co.,Ltd",서대전서비스기아오토큐, ,"이지훈, 이형풍",기타법인,110111-5234721,217-81-42607,"대전광역시 서구 도안동로12번길 26 (도안동, 기아오토큐정비공장)", ,,자동차 종합 수리업,2013-09-27,12월
주식회사 서린,jeong yeon mi,서린, ,정연미,기타법인,180111-1054905,281-81-00516,"부산광역시 강서구 명지국제1로 60-1 (명지동, SR빌딩) 610호", ,,그 외 기타 협회 및 단체,2016-09-27,12월
(재)서암윤세영재단,Seoam Yoon Se Young Foundation,서암윤세영재단, ,윤세영,기타법인,111222-0000626,105-82-10056,"서울특별시 강서구 양천로 442 (등촌동, SBS방송국등촌동스튜디오) 3층",foundation.sbs.co.kr/seoam.cmd?act=index,,그 외 기타 협회 및 단체,1989-08-23,12월
서울레저프라자 주식회사,Seoul Leisure plaza ,서울레저프라자, ,이순빈,기타법인,110111-0938352,112-81-38716,서울특별시 성북구 길음1동 540-2,www.sltown.co.kr,,욕탕업,2002-10-02,12월
(재)서한장학문화재단,Seo Han Encouragement Foundation,서한장학문화재단, ,김을영,기타법인,170122-0006071,502-82-16571,대구광역시 수성구 수성동2가 교보빌딩, ,,그 외 기타 협회 및 단체,2005-07-28,12월
주식회사 선동,sun dong,선동, ,김남규,기타법인,134211-0161002,577-81-00042,"인천광역시 연수구 송도과학로 32 에스2202호(송도동, 송도테크노파크IT센터)", ,,그 외 기타 협회 및 단체,2015-03-10,12월
재단법인 선현,SUNHYUN FOUNDATION,선현, ,곽재선,기타법인,121122-0001955,130-82-14932,"서울특별시 중구 통일로 92 (순화동, 케이지타워) 21층",www.sunhyun.or.kr,,그 외 기타 협회 및 단체,2007-12-11,12월
설악웨딩타운 주식회사,"Seolak wedding town Co.,Ltd.",설악웨딩타운, ,김석형,기타법인,165011-0015587,311-81-21428,충청남도 당진군 당진읍 채운리 30-24, ,,예식장업,2004-11-04,12월
성민개발 (주),sungmindevelopment Ltd.,성민개발, ,전영종,기타법인,110111-0760218,211-87-24054,서울특별시 서초구 서초동 1321-6 동아타워지층, ,,욕탕업,2002-11-20,12월
(주)성서현대정비센터,SEONGSEO HYUNDAE,성서현대정비센터, ,김용규,기타법인,170111-0402652,503-81-89478,대구광역시 달서구 달서대로109길 58 (호산동), ,,자동차 전문 수리업,2010-06-10,12월
주식회사 성원건업,"Sungwon Construction Co., Ltd",성원건업, ,김기호,기타법인,234111-0120546,280-81-02258,경상남도 양산시 동면 양산대로 450 (석산리) 2층, ,,산업 단체,2021-03-05,12월
(주)성원공업정비센타,Seong won car maintenance centa,성원공업정비센타, ,최명철,기타법인,134111-0012033,133-81-04737,경기도 시흥시 시흥대로 1124-2 (신천동), ,,자동차 종합 수리업,1985-12-05,12월
(주)성진정비,SUNGJIN MOTORS,성진정비, ,조현우,기타법인,195511-0220429,764-81-01121,경상남도 김해시 서김해산단안길 76 (풍유동), ,,자동차 종합 수리업,2018-07-01,12월
재단법인 세계평화통일가정연합유지재단,Foundation for the support of the Family Federation for World Pease and Unification,세계평화통일가정연합유지재단, ,WILLIS GERARD FRANCIS,기타법인,114222-0000053,106-82-02582,"서울특별시 마포구 마포대로 34 (도화동, 도원빌딩)", ,,기독교 단체,1963-10-04,12월
세룡건설주식회사,"seryong constrution co.,ltd",세룡건설, ,김재연,기타법인,110111-0758619,105-81-67310,서울특별시 마포구 동교동 158-28, ,,그 외 기타 분류 안된 개인 서비스업,1995-01-03,12월
(주)세명홀딩스,"SOEMYUNG HOLDINGS. CO,LTD.",세명홀딩스, ,김미영,기타법인,180111-1406734,224-87-02454,"경상남도 창원시 의창구 용동로57번안길 9-11 104호(사림동,미래리움2)", ,,예식장업,2021-11-26,12월
(주)세보연,seboyun,세보연, ,빈창범 박진석,기타법인,150111-0141585,301-86-09441,충청북도 청주시 흥덕구 강내면 학천길 5 (학천리), ,,예식장업,2010-11-17,12월
주식회사 세븐업,SEVEN UP,세븐업, ,김성수,기타법인,134511-0211447,142-81-59764,"경기도 용인시 기흥구 영통로501번길 1-16 (영덕동, 업타운코트)", ,,그 외 기타 협회 및 단체,2013-06-01,12월
재단법인 세아이운형문화재단,SeAH Woon Hyung Lee Foundation,세아이운형문화재단, ,박의숙,기타법인,270122-0031514,105-82-21252,"서울특별시 마포구 양화로 45 (서교동, 세아타워) 18층",woonhyungleefoundation.org/,,그 외 기타 협회 및 단체,2013-08-07,06월
재단법인 세아재단,Sea-A Foundation,세아재단, ,김수남,기타법인,110122-0114701,851-82-00059,"서울특별시 강남구 영동대로 429 (대치동, 세아빌딩)", ,,그 외 기타 협회 및 단체,2015-10-30,12월
(재)세아해암학술장학재단,SeAH Haiam Scholarship Foundation,세아해암학술장학재단, ,이순형,기타법인,114222-0006506,106-82-06119,"서울특별시 마포구 양화로 45 (서교동, 메세나폴리스) 세아타워",haiam.seah.co.kr,,그 외 기타 협회 및 단체,1992-12-31,12월
재단법인 세종재단,Sejong Foundation,세종재단, ,공로명,기타법인,131122-0000046,129-82-01698,경기도 성남시 수정구 시흥동 230,www.sejong.org,,그 외 기타 협회 및 단체,1983-12-01,12월
주식회사 세진.오션스파,coperation  sejin. ocean spar,세진.오션스파, ,노일석,기타법인,200111-0219612,410-86-00292,"광주광역시 광산구 월계동 893-9 4,5층", ,,욕탕업,2005-12-22,12월
주식회사 세컨신드롬,Second Syndrome Inc.,세컨신드롬, ,홍우태,기타법인,110111-6029387,676-87-00400,"서울특별시 강남구 논현로 417 2층 (역삼동, 화원빌딩)", ,,그 외 기타 달리 분류되지 않은 개인 서비스업,2016-04-12,12월
주식회사 센트럴세종,CENTRALSEJONG,센트럴세종, ,이정희,기타법인,150111-0285523,392-86-01635,충청북도 청주시 상당구 사직대로361번길 158-10 3층 (북문로3가), ,,예식장업,2020-04-09,05월
셀트리온에스티,Celltrion ST Inc.,셀트리온에스티, ,권기성,기타법인,110111-1995731,105-86-13575,인천광역시 연수구 아카데미로51번길 19 (송도동) 5층,www.celltrionst.com,,컴퓨터 및 주변 기기 수리업,2000-06-15,12월
주식회사 소노스테이션,"daemyung Station Co., Ltd",소노스테이션, ,최성훈,기타법인,110111-4488816,220-88-09321,"강원특별자치도 홍천군 서면 한치골길 262 (팔봉리, 대명비발디파크)",www.daemyunglifeway.com,,장례식장 및 장의관련 서비스업,2010-12-09,12월
소닉모터스(주),SONIC MOTORS,소닉모터스, ,"박승원, 한인환",기타법인,110111-6109915,441-87-00411,서울특별시 강남구 양재천로 175 (도곡동) 소닉모터스, ,,자동차 전문 수리업,2016-07-04,12월
소학레저개발주식회사,Sohak Leisure & Resort Corporation,소학레저개발, ,임정희,기타법인,141311-0007916,227-81-11213,강원도 속초시 노학동 972-6, ,,욕탕업,2003-09-01,12월
솔토황토방(주),"SOLTOHOANGTOBANG. Co.,Ltd,",솔토황토방, ,박명자,기타법인,190111-0046357,608-81-47282,경상남도 김해시 장유면대청리 510,www.ijabove.com,,욕탕업,2002-10-22,12월
재단법인 송강재단,SongGang Foundation,송강재단, ,구자열,기타법인,110122-0107037,120-82-11317,"서울특별시 용산구 한강대로30길 25 (한강로2가, 아스테리움용산) 4층",www.songgang.or.kr,,그 외 기타 협회 및 단체,2013-07-26,12월
재단법인 송원문화재단,songwon foundation,송원문화재단, ,장세욱,기타법인,184322-0000487,617-82-03698,"부산광역시 남구 전포대로 133 3710호 (문현동, IFC부산)",songwonfd.org,,그 외 기타 협회 및 단체,1996-12-28,12월
(주)송촌기업,Song Chon Spa Plus,송촌기업, ,김춘택,기타법인,160111-0158364,305-81-63438,대전광역시 대덕구 송촌동 295-8/10, ,,욕탕업,2003-06-05,12월
(주)수지자동차,suzimotors,수지자동차, ,오세돈,기타법인,134511-0047389,135-81-44360,"경기도 용인시 수지구 풍덕천로190번길 15-4 (풍덕천동, 수지자동차서비스)", ,,자동차 종합 수리업,2001-04-01,12월
수협노량진수산주식회사,SUHYUPNORYANGJIN FISHERIES MARKETING CO,수협노량진수산, ,박세형,기타법인,110111-0348915,108-81-14995,"서울특별시 동작구 노들로 674 (노량진동, 노량진수산물도매시장)",www.susansijang.co.kr,,그 외 기타 분류 안된 개인 서비스업,1983-06-01,12월
재단법인 숨마문화재단,Summa Cultural Foundation,숨마문화재단, ,이양희,기타법인,240122-0004063,621-82-94844,"서울특별시 성동구 독서당로 156 (옥수동, 한남하이츠아파트),상가동 206호", ,,그 외 기타 협회 및 단체,2026-01-12,12월
재단법인 숲과나눔,Korea SHE Foundation,숲과나눔, ,장재연,기타법인,110122-0123273,624-82-00248,"서울특별시 서초구 남부순환로 2606 (양재동, 금정빌딩) 6층",koreashe.org/,,그 외 기타 협회 및 단체,2018-07-04,12월
(주)스카이웨딩컨벤션,SKYWEDDINGCONVENTION,스카이웨딩컨벤션, ,손명윤,기타법인,201111-0043060,411-81-89562,"전라남도 무안군 삼향읍 남악로162번길 110 (남악리, 스카이웨딩컨벤션)", ,,예식장업,2015-01-09,12월
주식회사 스카이장례식장,SKY Funeral Hall,스카이장례식장, ,박화자,기타법인,200111-0339808,410-86-59982,광주광역시 광산구 북문대로 603 (수완동), ,,장례식장 및 장의관련 서비스업,2012-03-27,12월
스카이캐슬,skycastle,스카이캐슬, ,최영,기타법인,134211-0073330,126-81-88549,"경기도 광주시 오포읍 머루숯길 61-33 (신현리, 분당스카이캐슬추모공원)",www.sky-castle.co.kr/,,"화장터 운영, 묘지 분양 및 관리업",2005-07-18,12월
주식회사 스타오토케어 ,Star auto care.,스타오토케어, ,주재형,기타법인,131411-0385502,318-87-00616,경기도 용인시 처인구 포곡읍 금어로 276 (주)스타오토케어, ,,자동차 종합 수리업,2017-03-06,12월
주식회사 스타하우스,"Mstarhouse.Co.,Ltd",스타하우스, ,서은수,기타법인,170111-0330374,502-81-90424,대구광역시 동구 동촌로 316 (방촌동), ,,예식장업,2007-04-12,12월
스토어허브파이오니어3 주식회사,Storhub Pioneer 3 CH,스토어허브파이오니어3, ,박상용,기타법인,110111-7892197,487-88-01882,"서울특별시 송파구 송파대로28길 27 (가락동, 송파성원쌍떼빌)", ,,그 외 기타 달리 분류되지 않은 개인 서비스업,2021-05-25,12월
스토어허브파이오니어7 주식회사,Storhub Pioneer 7 CH,스토어허브파이오니어7, ,박상용,기타법인,110111-8239182,617-88-02202,서울특별시 중구 수표로 37 (저동2가), ,,그 외 기타 달리 분류되지 않은 개인 서비스업,2022-03-22,12월
주식회사 스튜디오클론,STUDIO CLON,스튜디오클론, ,황경섭,기타법인,110111-4201060,105-87-60624,"서울특별시 마포구 매봉산로 45 19층(상암동, KBS미디어센터)", ,,컴퓨터 및 주변 기기 수리업,2011-07-13,12월
(주)스파라쿠아,spalaqua corporation ,스파라쿠아, ,정성진,기타법인,210111-0059305,402-81-78251,"전라북도 전주시 완산구 신촌3길 24 (중화산동2가, 스파라쿠아)",www.spalaqua.com,,욕탕업,2008-02-27,12월
스파마린 주식회사,spamarine,스파마린, ,구본욱,기타법인,180111-0972190,835-88-00118,"부산광역시 해운대구 마린시티2로 33 104동 B107호(우동, 해운대두산위브더제니스)", ,,욕탕업,2015-07-01,12월
주식회사 슬로우포레스트,Slow Forest,슬로우포레스트, ,이정현,기타법인,110111-7355369,293-81-01600,서울특별시 종로구 삼청로5길 20, ,,반려동물 장묘 및 보호 서비스업,2020-02-01,12월
재단법인 승산나눔재단,SEUNGSAN NANUM FOUNDATION,승산나눔재단, ,김영자,기타법인,191122-0003147,605-82-50198,"경상남도 진주시 동부로169번길 12 에이동 1805호(충무공동, 윙스타워)",nanum.sig.co.kr/home,,그 외 기타 협회 및 단체,2017-06-13,12월
주식회사 승익,Seung Ik Co.Ltd,승익, ,김승남,기타법인,170111-0145369,502-81-50607,대구광역시 동구 동촌로11길 38 (검사동),www.weddingrenaissance.co.kr,,예식장업,1999-02-01,12월
승일자동차공업(주),SEUNGIL,승일자동차공업, ,김영목,기타법인,120111-0144238,139-81-30664,"인천광역시 남동구 청능대로 459 (고잔동, 승일자동차정비공장)", ,,자동차 종합 수리업,1996-12-20,12월
(주)시민장례식장,siminfuneralhall,시민장례식장, ,문성훈,기타법인,180111-0458497,605-81-62004,부산광역시 부산진구 자유평화로 31 (범천동), ,,장례식장 및 관련 서비스업,2003-09-01,03월
주식회사 시티필드,City Field,시티필드, ,강은주,기타법인,120111-0979073,277-87-01124,"인천광역시 연수구 컨벤시아대로 233 (송도동, 호텔스카이파크인천송도) 업무동 4층", ,,"화장터 운영, 묘지 분양 및 관리업",2019-01-22,12월
신개발(주),Sin Development Co,신개발, ,전상수,기타법인,110111-6094869,335-81-00394,"서울특별시 영등포구 경인로 900 (영등포동1가, 여의도더리브스타일) 101동1812호", ,,산업 단체,2016-06-20,12월
신대웨딩홀 유한회사,"Sin Dae weddinghall co,ltd",신대웨딩홀, ,최준호,기타법인,200114-0054294,410-87-01094,"광주광역시 서구 죽봉대로 62 (농성동, 아웃백)", ,,예식장업,2014-09-12,12월
신라문화장학재단,SILLA S.F,신라문화장학재단, ,박준형,기타법인,110122-0002021,219-82-00764,서울특별시 송파구 석촌동 286-7, ,,그 외 기타 협회 및 단체,1978-03-11,12월
신북온천주식회사,sinbukspa,신북온천, ,정완용,기타법인,115411-0024902,127-81-42658,경기도 포천군 신북면 덕둔리 635-3, ,,욕탕업,2000-11-27,12월
(주)신성,"SINSUNG CO.,LTD.",신성, ,이기성,기타법인,176011-0080743,513-81-74195,경상북도 구미시 산업로 164 (원평동), ,,예식장업,2013-01-14,12월
신성피와이 주식회사,sinsungpy,신성피와이, ,박건우,기타법인,201311-0030873,416-81-49376,"전라남도 순천시 망산1길 19 (가곡동, 동부웨딩타운)", ,,예식장업,2005-09-01,12월
신유산업(주),"SHINYOO INDUSTRIAL CO.,LTD",신유산업, ,이경훈,기타법인,110111-0804272,122-81-71463,인천광역시 부평구 부평1동 541-4, ,,"화장터 운영, 묘지 분양 및 관리업",2001-09-13,12월
(주)신조씨앤디,SHINJO C&D,신조씨앤디, ,오경환,기타법인,110111-1069982,114-86-29708,서울특별시 강남구 청담동 31-10 청진빌딩 401호, ,,그 외 기타 분류 안된 개인 서비스업,2003-08-01,12월
(주)신진자동차공업사,sinjin motors,신진자동차공업사, ,정완기,기타법인,134111-0078449,123-81-62050,경기도 안양시 만안구 덕천로 51 (안양동), ,,자동차 종합 수리업,2000-10-25,12월
(주)신천지문화센터,Sinchungi Munhwa Center co.kr,신천지문화센터, ,김남일,기타법인,110111-0971427,119-81-13910,서울특별시 금천구 독산동 152-1, ,,예식장업,1993-09-13,12월
(주)신혼프라자, ,신혼프라자, ,서성수,기타법인,170111-0097700,503-81-30244,대구광역시 동구 신천4동 296-10, ,,예식장업,1996-03-30,12월
재단법인 심헌문화재단,Simhun Foundation,심헌문화재단, ,박치영,기타법인,200122-0013582,409-82-12714,"광주광역시 북구 북문대로 161 (운암동, 모아미래도빌딩 3층)",www.simhun.or.kr,,그 외 기타 협회 및 단체,2005-12-02,12월
싸이버테크(주),"cybertech.co.,ltd",싸이버테크, ,조성희,기타법인,200111-0058317,410-81-29576,"광주광역시 동구 동계천로 150 (동명동, I-PLEX광주)", ,,산업 단체,1995-08-04,12월
쌍용자동차 부산정비사업소 주식회사,ssangyoungmotor pusan maintenance,쌍용자동차부산정비사업소, ,엄익찬,기타법인,180111-1083805,581-81-00624,"부산광역시 사상구 대동로239번길 7 (학장동, 쌍용자동차부산정비사업소)", ,,자동차 종합 수리업,2018-02-09,12월
쌍용자동차부평정비사업소(주),SSANGYONG MOTOR BUCHUN MAINTENANCE CENTER,쌍용자동차부평정비사업소, ,김병철,기타법인,124611-0275823,122-81-71804,인천광역시 부평구 청천2동 391-9, ,,자동차 종합 수리업,2002-01-28,12월
쌍용자동차성남정비사업소(주),ssangyong motor seongnam sevice canter,쌍용자동차성남정비사업소, ,유광만,기타법인,131111-0034494,129-81-25844,경기도 성남시 중원구 상대원1동 178번지, ,,자동차 종합 수리업,1998-10-01,12월
쌍용자동차인천정비사업소 주식회사,SsangYong Motor Incheon Service,쌍용자동차인천정비사업소, ,최영구,기타법인,124611-0251443,121-81-44866,인천광역시 동구 송현동 140-11,service.smotor.com/incheon,,자동차 종합 수리업,2001-05-10,12월
쌍용자동차일산정비사업소(주),SSANGYONG MOTOR ILSAN MAINTENANCE CENTER,쌍용자동차일산정비사업소, ,강한염,기타법인,115911-0053399,128-81-60061,"경기도 고양시 일산서구 덕이로 50-16 (덕이동, 쌍용자동차일산정비사업소)", ,,자동차 종합 수리업,2001-06-01,03월
쌍용자동차청주정비사업소(주),ssangyongmotor chengju,쌍용자동차청주정비사업소, ,박정일,기타법인,150111-0056453,301-81-54198,충청북도 청주시 흥덕구 무심서로 785, ,,자동차 종합 수리업,2001-07-19,12월
㈜쌍용자동차평택정비사업소,Ssangyong Motor repair shop in Pyeongtaek,쌍용자동차평택정비사업소, ,전호석,기타법인,134711-0013120,125-81-16396,경기도 평택시 경기대로 161-9 (합정동), ,,자동차 종합 수리업,1995-09-01,12월
썬페트로주식회사,sun petro.co.ltd.,썬페트로, ,이혁수,기타법인,110111-3668518,120-87-14468,서울특별시 강남구 청담동 101-13,-,,그 외 기타 분류 안된 개인 서비스업,2007-05-01,12월
(주)씨앤케이종합서비스,"CNK TOTALL SERVICE CO,LTD",씨앤케이종합서비스, ,김수호,기타법인,110111-3332840,214-87-79766,서울특별시 서초구 효령로53길 39, ,,협회 및 단체,2005-11-01,03월
씨제이엔시티주식회사,"CJ N CITY CO., Ltd. ",씨제이엔시티, ,정문목,기타법인,110111-3350016,106-86-40003,"서울특별시 용산구 남산공원길 105 3층 (용산동2가, N서울타워본관)",www.cjncity.com,,그 외 기타 분류 안된 개인 서비스업,2005-11-28,12월
씨제이엠키친,CJ MKITCHEN,씨제이엠키친, ,안병연,기타법인,134511-0143020,142-81-22326,경기도 용인시 기흥구 하갈동, ,,그 외 기타 분류 안된 개인 서비스업,2009-09-01,12월
아가페라이프(주),-,아가페라이프, ,유경세,기타법인,180111-0203975,606-81-61124,부산광역시 사상구 사상로 330 (덕포동),www.agapelife.co.kr,,기타 개인 서비스업,1996-04-26,12월
아남전자서비스(주),"ANAM Electonics Service Co.,LTD",아남전자서비스, ,김재일,기타법인,120111-0182410,122-81-56443,인천광역시 부평구 청천2동 409-2,www.anames.co.kr,,개인 및 소비용품 수리업,1999-01-04,12월
(주)아르델웨딩컨벤션,Ardel Wedding Convention,아르델웨딩컨벤션, ,이경일,기타법인,161411-0029089,316-81-21613,충청남도 서산시 음암면 서해로 3839 (상홍리), ,,예식장업,2013-04-10,12월
아름다운상조주식회사,"Areumdawoon co.,Ltd",아름다운상조, ,최영찬,기타법인,160111-0199194,305-81-78625,"대전광역시 중구 중앙로122번길 17 (대흥동, 대일빌딩 5층)", ,,장례식장 및 장의관련 서비스업,2005-11-21,12월
(주)아름다운컨벤션,beautifulconvention,아름다운컨벤션, ,여운환,기타법인,200111-0106231,410-81-60562,광주광역시 광산구 상무대로 509 (우산동),www.beautifulconvention.com/,,예식장업,2001-01-01,12월
아모레퍼시픽재단,AMOREPACIFIC FOUNDATION,아모레퍼시픽재단, ,서경배,기타법인,114622-0000427,106-82-05895,"서울특별시 용산구 한강대로 100 (한강로2가, 아모레퍼시픽) 16층",ascf.amorepacific.co.kr/apfoundation.do,,그 외 기타 협회 및 단체,1973-06-01,12월
(주)아모르컨벤션웨딩,"Amor Convention Wedding Co., Ltd.",아모르컨벤션웨딩, ,김주홍,기타법인,134411-0080232,438-88-00902,"경기도 이천시 이섭대천로 921 (율현동, 아모르컨벤션웨딩홀)", ,,예식장업,2018-02-13,12월
(주)아모르컨벤션웨딩,amorcwd,아모르컨벤션웨딩, ,김종태,기타법인,175611-0007283,512-81-11009,"강원특별자치도 원주시 북원로 2888 (태장동, 아모르컨벤션웨딩홀)",www.villadeamor.com/,,예식장업,2005-01-10,12월
주식회사 아산,saan,아산, ,박기수,기타법인,220111-0117391,616-86-21629,제주특별자치도 제주시 비월길 22 1층(연동),sungjun4251@gmail.com,,그 외 기타 협회 및 단체,2014-09-19,12월
아산상조(주),asansangio,아산상조, ,한위숙,기타법인,110111-2711392,215-86-37781,서울특별시 강동구 성내1동 442 두울빌딩2층, ,,장례식장 및 장의관련 서비스업,2003-02-07,12월
재단법인 아산정책연구원,The Asan Institute for Policy Studies,아산정책연구원, ,이준규,기타법인,110122-0045352,101-82-16363,"서울특별시 종로구 경희궁1가길 11 (신문로2가, 아산정책연구소)",www.asaninst.org/,,그 외 기타 협회 및 단체,2008-02-04,12월
아샘자산운용(주),"ASAM Asset Management co., Ltd.",아샘자산운용, ,"김환균, 조철희",기타법인,110111-1295850,201-81-55000,서울특별시 영등포구 여의나루로 53-1 대오빌딩 804호 (여의도동),www.asam4u.com,,그 외 기타 분류 안된 개인 서비스업,1996-07-09,03월
아시아드파크주식회사,ASIADPARK,아시아드파크, ,장석재,기타법인,120111-0913922,849-86-00812,"인천광역시 서구 봉수대로 806 (연희동, 인천아시아드주경기장) 아시아드웨딩컨벤션", ,,예식장업,2018-04-17,12월
(주)아이넷라이프,inetlife,아이넷라이프, ,이승렬,기타법인,134111-0152813,138-81-39828,"서울특별시 서초구 양재천로11길 34 2층(양재동, 아이넷빌딩)", ,,장례식장 및 장의관련 서비스업,2014-08-08,12월
(주) 아이니웨딩네트웍스,INIWEDDING NETWORKS,아이니웨딩네트웍스, ,이성만,기타법인,110111-3906471,211-88-13587,"서울특별시 강남구 언주로130길 35 (논현동, 동양애니메이션빌딩)", ,,결혼 상담 및 준비 서비스업,2008-05-29,12월
아이비코어(주),ivycore,아이비코어, ,강병철,기타법인,200111-0492573,226-88-00707,광주광역시 서구 상무대로 1096 (농성동), ,,자동차 종합 수리업,2017-12-28,12월
주식회사 아이스퀘어,isquare wedding,아이스퀘어, ,하숙이,기타법인,195511-0165691,615-86-05140,경상남도 김해시 김해대로 2360 (부원동), ,,예식장업,2013-11-13,12월
(주)아이앤지건설,I&G Construction. co. ltd,아이앤지건설, ,이희선,기타법인,205311-0004155,409-81-90784,광주광역시 서구 하남대로 698 (동천동) 일군타워, ,,그 외 기타 협회 및 단체,2006-04-14,12월
(주)아이언사천,"IRON SACHEON CO., LTD",아이언사천, ,김용근,기타법인,195411-0009966,613-81-33344,"경상남도 사천시 축동면 두량로 59 (배춘리, (주)아이언사천)", ,,자동차 종합 수리업,2003-10-23,12월
(주)아이와 산업,"AIWA SANGYO CO., LTD",아이와산업, ,KOZO IKEDA,기타법인, ,12277,"2-36-1, Nishi-Ikebukuro, Toshima-Ku, Tokyo. JAPAN", ,,그 외 기타 분류 안된 개인 서비스업,1974-09-01,12월
주식회사 아이케이,"IK Co.,Ltd",아이케이, ,강남욱,기타법인,180111-1029859,496-88-00456,"부산광역시 북구 만덕대로 30 (덕천동, 미래빌딩)", ,,그 외 기타 협회 및 단체,2016-04-01,12월
(주)아자산업,"AJA Co, Ltd",아자산업, ,오동현,기타법인,124411-0070657,137-81-66360,경기도 김포시 풍무동 532-3 프라임빌프라자 4층, ,,욕탕업,2005-02-22,12월
주식회사아젠토피오레컨벤션,ARGENTOFIORECONVENTION,아젠토피오레컨벤션, ,강영철,기타법인,220111-0193250,302-81-30262,제주특별자치도 제주시 서광로 112 (오라삼동), ,,예식장업,2019-08-08,12월
아주모터스(주),AJU MOTORS,아주모터스, ,최광석,기타법인,135811-0376830,547-81-01415,경기도 수원시 영통구 매영로220번길 21 (원천동), ,,자동차 종합 수리업,2019-10-14,12월
주식회사 아카,"aka co.,ltd",아카, ,주봉만 최종성,기타법인,134811-0783416,109-87-03310,경기도 화성시 동탄역로 56 (오산동), ,,자동차 세차업,2024-01-30,12월
(주)아쿠아랜드,co. aqua land,아쿠아랜드, ,김종운,기타법인,224111-0011036,616-81-49355,제주특별자치도 서귀포시 법환동 914, ,,욕탕업,2004-10-25,12월
아트샵모터스 주식회사,artshop motors ,아트샵모터스, ,신태호,기타법인,120111-0684341,137-86-41253,인천광역시 서구 백범로 706 (가좌동),www.artshopmotors.co.kr,,자동차 종합 수리업,2013-12-31,12월
재단법인 아트실비아,ARTSYLVIA FOUNDATION,아트실비아, ,신영애,기타법인,114622-0042106,211-82-17484,"서울특별시 강남구 영동대로 721 (청담동, 리버뷰오피스텔) 1503호", ,,그 외 기타 협회 및 단체,2011-04-04,12월
아펠가모(주),"APELGAMO CO.,LTD.",아펠가모, ,이시형,기타법인,110111-6108024,592-86-00444,"서울특별시 서초구 강남대로51길 1 (서초동, 511TOWER),6층",www.apelgamo.co.kr/,,예식장업,2016-07-01,12월
안락주식회사,"AN LAC C0.,LTD.",안락, ,김태열,기타법인,180111-0140482,607-81-31002,부산광역시 동래구 낙민동 13-1, ,,예식장업,1993-04-21,03월
(주)안세기술,"Anse Technologies co.,ltd",안세기술, ,이용안,기타법인,110111-1055519,118-81-09785,"서울특별시 구로구 디지털로26길 5 (구로동, 에이스하이엔드타워1차) 701호", ,,산업 단체,1994-07-20,12월
주식회사 알리앙스,"SEO WON Co.,Ltd",알리앙스, ,정명표,기타법인,170111-0020561,503-81-06536,대구광역시 달서구 감삼동 141-5번지,www.alliance.co.kr,,예식장업,1994-03-01,12월
알바이십일회원권거래소(주),"ALBA21 MEMBERSHIP TRADING AGENCY CO., LTD.",알바이십일회원권거래소, ,김명호,기타법인,110111-2626814,211-87-21566,서울특별시 강남구 논현동 81-12 서울빌딩,www.alba21golf.com,,그 외 기타 분류 안된 개인 서비스업,2002-10-09,03월
(주)알티베이스,ALTIBASE,알티베이스, ,김기완,기타법인,110111-1816169,105-86-05167,서울특별시 영등포구 여의도동 44-11 인영빌딩 5층,www.altibase.com,,그 외 기타 분류 안된 개인 서비스업,1999-11-26,12월
(주)앙츠,"Antz. Co., Ltd",앙츠,267810,박창진,기타법인,110111-5730810,404-88-00118,"서울특별시 영등포구 여의서로 43(여의도동 11-11, 제4층 제401호)",www.iantz.co.kr,,통신장비 수리업,2015-05-22,12월
재단법인 애경복지재단,Aekyung Welfare Foundation,애경복지재단, ,홍미경,기타법인,115122-0001713,113-82-04875,"서울특별시 마포구 양화로 188 14층 (동교동, 애경타워)", ,,그 외 기타 협회 및 단체,2000-07-29,12월
약산개발(주),YARK SAN,약산개발, ,제갈 홍기,기타법인,170111-0124868,514-81-30069,대구광역시 달성군 논공읍 하리 509,없음,,욕탕업,1998-04-25,12월
(재)양영재단,yangyoungfoundation,양영재단, ,김윤,기타법인,110122-0001479,208-82-00968,서울특별시 종로구 종로33길 31,samyang.yangyoungfoundation.org,,그 외 기타 협회 및 단체,1939-06-26,12월
양지대형서비스기아오토큐 주식회사,dongilcar,양지대형서비스기아오토큐, ,홍삼선,기타법인,134511-0346640,261-86-00929,경기도 용인시 처인구 양지면 중부대로 2318 (양지리), ,,자동차 종합 수리업,2018-03-01,12월
주식회사 어린농부,"Little Farmer.,co.LTD",어린농부, ,"정금자, 천재용",기타법인,110111-4160612,105-87-34728,서울특별시 마포구 성산동 250-26,www.dalki.com,,기타 개인 및 가정용품 수리업,2009-08-18,12월
(주)얼머스인베스트먼트,Ulmus partners.Inc,얼머스인베스트먼트, ,손양철,기타법인,110111-6620482,498-87-00945,"서울특별시 강남구 영동대로 316 8층(대치동, 새마을운동중앙회)", ,,그 외 기타 협회 및 단체,2018-02-01,12월
에벌루션 주식회사,EVOLUTION,에벌루션, ,임삼택,기타법인,200111-0196703,410-81-91779,광주광역시 서구 치평동 573-1, ,,예식장업,2004-07-13,12월
(주)에스가든웨딩홀,S Garden Wedding Hall,에스가든웨딩홀, ,이지선,기타법인,150111-0341474,187-88-02865,"충청북도 청주시 서원구 1순환로 854 (산남동, CJB미디어센터)", ,,예식장업,2022-12-28,12월
(주)에스디씨,-,에스디씨, ,김정숙,기타법인,160111-0353683,314-86-54734,대전광역시 유성구 도안대로 93 (대정동)서대전컨벤션웨딩, ,,예식장업,2014-02-20,12월
(주)에스디하우징,SDHOUSING,에스디하우징, ,조준모,기타법인,110111-6966084,117-81-93072,경상북도 포항시 남구 효성로30번길 25-6 (효자동), ,,산업 단체,2018-12-24,12월
(재)에스비에스문화재단,SBS FOUNDATION,에스비에스문화재단, ,윤세영,기타법인,111222-0006828,116-82-04743,"서울특별시 강서구 양천로 442 (등촌동, SBS방송국등촌동스튜디오) 3층",foundation.sbs.co.kr/,,그 외 기타 협회 및 단체,1993-10-25,12월
주식회사에스에이치파워,"SH POWER Co., Ltd.",에스에이치파워, ,한봉섭,기타법인,161511-0238547,420-87-01257,"충청남도 천안시 서북구 천일고3길 47 (신당동, 석원산업(주))", ,,그 외 기타 달리 분류되지 않은 개인 서비스업,2018-09-14,12월
에스제이산림조합상조 주식회사,Forestry Cooperative Funeral Service Inc,에스제이산림조합상조, ,이창석,기타법인,110111-6162799,227-86-00536,"서울특별시 송파구 석촌호수로 166 (삼전동, 산림조합중앙회)10층 에스제이산림조합상조",www.sjsangjo.com,,장례식장 및 장의관련 서비스업,2016-08-29,12월
주식회사 에스제이써미트,sjsummit,에스제이써미트, ,조태호,기타법인,210111-0137903,402-81-27693,전라북도 전주시 완산구 평화7길 22 상가동 313호 (평화동2가), ,,산업 단체,1999-07-15,12월
주식회사 에스지아이,없음,에스지아이, ,홍금선,기타법인,110111-0746614,114-81-40542,서울특별시 강남구 청담동 53-8 은성빌딩,없음,,그 외 기타 분류 안된 개인 서비스업,1991-01-29,12월
(주) 에스컨벤션,"s convention co.,ltd",에스컨벤션, ,심동준,기타법인,160111-0337380,314-86-42581,대전광역시 서구 동서대로 1040 (변동),없음,,예식장업,2012-12-31,12월
에스케이인텔릭스서비스(주),SK Magic Service Co. Ltd,에스케이인텔릭스서비스, ,장상욱,기타법인,134811-0039752,124-81-60109,"서울특별시 금천구 가산디지털1로 168 (가산동, 우림라이온스밸리) A동 405호",www.skmagic.com,,개인 및 소비용품 수리업,1999-01-09,12월
재단법인 에쓰-오일 과학문화재단,S-OIL Science and Culture Foundation,에쓰-오일과학문화재단, ,백운규,기타법인,254122-0020319,107-82-14970,"서울특별시 마포구 백범로 192 (공덕동, 에쓰오일사옥빌딩) 9층",www.s-oil.com/relation/contribution04.aspx,,그 외 기타 협회 및 단체,2011-01-06,12월
에이스상조(주),-,에이스상조, ,정영일,기타법인,110111-3558024,215-86-91728,서울특별시 금천구 가산동 이앤씨드림타워7차 1205호,-,,장례식장 및 장의관련 서비스업,2006-11-16,12월
(주)에이치모터스,"HT Motors co.,ltd",에이치모터스, ,김은경,기타법인,110111-3709338,214-88-11273,서울특별시 서초구 서초동 1617-37,www.htmotors.co.kr,,자동차 종합 수리업,2007-06-29,12월
주식회사 에이치봄,Hbom,에이치봄, ,박말불,기타법인,180111-1188613,867-88-00930,"부산광역시 해운대구 중동2로 16 (중동, 해운대온천센터)",해운대온천센터,,욕탕업,2018-12-05,03월
주식회사 에이치앤에이치디벨롭먼트,"HNH Development Co., Ltd.",에이치앤에이치디벨롭먼트, ,김지훈,기타법인,120111-1005314,319-87-01511,인천광역시 남동구 호구포로 139 (고잔동), ,,그 외 기타 협회 및 단체,2019-06-19,12월
(주)에이치엔디,"HND Co., Ltd.",에이치엔디, ,최상화,기타법인,230111-0236743,295-87-00050,울산광역시 울주군 청량면 삼정로 38 (삼정리), ,,그 외 기타 협회 및 단체,2015-03-19,12월
(주)에이치투디앤아이,"h2d&i.co,ltd",에이치투디앤아이, ,홍상혁,기타법인,110111-3763342,214-88-16036,"서울특별시 동대문구 장한로 52 (장안동, 경남빌딩) 603-1호", ,,그 외 기타 협회 및 단체,2007-10-09,12월
주식회사 에이치티개발,happy together development,에이치티개발, ,이지택,기타법인,131411-0369986,769-86-00383,"경기도 안산시 단원구 동산로 63 410호 (원시동, 이마트)", ,,그 외 기타 협회 및 단체,2016-07-11,12월
에이텍시스템,"ATEC SYSTEM Co., Ltd.",에이텍시스템, ,한가진,기타법인,110111-3792482,214-88-18539,"경기도 성남시 분당구 판교로 289 (삼평동, 에이텍빌딩)",www.atecsystem.kr,,컴퓨터 및 주변 기기 수리업,2008-01-01,12월
에이플러스,A.plus,에이플러스, ,이진형,기타법인,140111-0029189,221-81-26299,강원도 춘천시 석사동 285번지 춘천 로데오 B동 203호, ,,"화장터 운영, 묘지 분양 및 관리업",2005-07-05,12월
(주)에이플러스라이프,APLUSLIFE,에이플러스라이프, ,서덕태,기타법인,110111-3989245,120-87-33918,"서울특별시 강남구 역삼로 415 (대치동, 성진빌딩)",www.apluslife.co.kr/mutual/default/index.php,,장례식장 및 장의관련 서비스업,2008-11-01,12월
에프씨인베스트주식회사,"FCINVEST CO., LTD",에프씨인베스트, ,원덕연,기타법인,180111-0602565,603-81-66232,부산광역시 서구 남부민동 523-53,songdohaesoopia.com,,욕탕업,2007-08-07,03월
주식회사 엔에이치테크,NAUTILUS HYOSUNG TECH INC.,엔에이치테크, ,이동훈,기타법인,110111-2744327,211-87-30541,경기도 성남시 중원구 마지로 52 (하대원동) 5층,www.nhtec.com/,,컴퓨터 및 주변 기기 수리업,2003-04-01,12월
주식회사 엔젤플러스,ANGELPLUS,엔젤플러스, ,김태훈,기타법인,110111-3249699,220-87-12396,"서울특별시 서초구 반포대로30길 5 (서초동, 홍은빌딩) B1,2,3,8층",www.1588-1004.co.kr,,그 외 기타 달리 분류되지 않은 개인 서비스업,2005-06-27,12월
(주)엔파크,n park,엔파크, ,김인자,기타법인,110111-0764129,113-81-33067,경기도 양주시 산북동 산 68-1, ,,"화장터 운영, 묘지 분양 및 관리업",1991-03-28,12월
엘리에나호텔 주식회사,elienahotel ltd.,엘리에나호텔, ,송미경,기타법인,110111-3700120,117-81-62531,"서울특별시 강남구 논현로 645 (논현동, 엘리에나호텔)", ,,예식장업,2007-07-13,12월
엘비라이프주식회사,ELBEE LIFE Co.Ltd,엘비라이프, ,임세환,기타법인,110111-4570746,211-88-58191,"서울특별시 강남구 강남대로 574 (논현동, 전기공사공제조합회관)",www.elbeelife.com,,장례식장 및 장의관련 서비스업,2011-04-01,12월
(주)엘비젼,"SAMJUNG INT'L CO.,LTD.",엘비젼, ,이강인,기타법인,110111-0287163,229-81-11811,"서울특별시 서초구 강남대로 213 (양재동, 스포타임)",www.sportime.co.kr,,예식장업,1981-02-01,12월
엘시자산개발 주식회사,lcjasan,엘시자산개발, ,이성철,기타법인,180111-0880062,605-86-23613,부산광역시 동구 중앙대로226번길 7-5 (초량동), ,,그 외 기타 협회 및 단체,2013-10-07,12월
재단법인 엘지생활건강미래화장품육성재단,LG H&H FUTURE COSMETIC SUPPORT FOUNDATION,엘지생활건강미래화장품육성재단, ,박선규,기타법인,150122-0010993,632-82-00079,"서울특별시 강서구 마곡중앙10로 70 (마곡동, LG사이언스파크) 이10 서관8층", ,,그 외 기타 협회 및 단체,2016-01-18,12월
(주)엘케이디앤씨,LK D&C,엘케이디앤씨, ,유진용,기타법인,110111-1464124,218-81-21376,"경기도 의정부시 비우로 117 (가능동, 운암빌딩) 1층", ,,"화장터 운영, 묘지 분양 및 관리업",2006-11-30,12월
주식회사 엠,"M ENGINEERING & CONSTRUCTION CO.,Ltd. ",엠, ,임종근,기타법인,120111-0524464,121-86-01673,"경기도 성남시 분당구 판교로255번길 9-22 602호(삼평동, 판교우림 W-city)", ,,그 외 기타 협회 및 단체,2010-03-08,12월
(주)엠디엠에프엔씨,MDM F&C Corp.,엠디엠에프엔씨, ,문황석,기타법인,110111-1150195,215-81-46024,"서울특별시 강남구 테헤란로 306 (역삼동, 카이트타워) 20층", ,,예식장업,1995-04-20,12월
재단법인 엠앤제이 문화복지재단,M&J Foundation,엠앤제이문화복지재단, ,홍은진,기타법인,240122-0013576,206-82-13701,"서울특별시 성동구 광나루로6길 35 (성수동2가, 성수동우림이비즈센터) 705호",www.mnjfoundation.org/,,그 외 기타 협회 및 단체,2015-02-03,12월
엠에스씨코리아,MSC KOREA,엠에스씨코리아, ,최진욱,기타법인,110111-2445446,220-86-30475,인천광역시 남동구 고잔동 663-3, ,,그 외 기타 분류 안된 개인 서비스업,2002-02-08,12월
(주)엠엘씨,"MLC Co., Ltd",엠엘씨, ,유교선,기타법인,180111-0368539,617-81-34520,부산광역시 남구 이기대공원로 57-73 (용호동),www.metrolands.com,,욕탕업,2001-07-09,12월
(주)영남상조,youngnam sangjo,영남상조, ,신기진,기타법인,170111-0131756,514-81-29674,대구광역시 중구 남산동 2107-6 코스모스빌딩 8층,www.ynsangjo.com,,장례식장 및 장의관련 서비스업,1998-02-27,12월
영원무역사내근로복지기금,Youngone Corporation Employee Welfare Fund,영원무역사내근로복지기금, ,성기학,기타법인,110171-0002697,110-82-07970,서울특별시 중구 만리동2가171, ,,그 외 기타 협회 및 단체,1998-10-01,12월
주식회사 영재,"Youngjae Co., Ltd",영재, ,김정래,기타법인,110111-5198852,204-86-44230,"서울특별시 중랑구 사가정로 399 8층 (면목동, 동부빌딩)", ,,장례식장 및 장의관련 서비스업,2013-08-01,12월
(재)영주문화관광재단,YeongJu Culture & Tourism Foundation,영주문화관광재단, ,장욱현,기타법인,175622-0001125,418-82-09474,경상북도 영주시 가흥로 109 (가흥동) (재)영주문화관광재단,www.yjyctf.or.kr,,그 외 기타 협회 및 단체,2016-05-18,02월
(재)영풍문화재단,young poong culture foundation,영풍문화재단, ,장형진,기타법인,114622-0000229,211-82-03641,서울특별시 강남구 강남대로 542,www.ypmoonhwa.or.kr,,그 외 기타 협회 및 단체,1980-04-20,12월
재단법인 예강희망키움재단,Yegang Hope Kiwoom Foundation,예강희망키움재단, ,박상조,기타법인,270122-0006829,268-82-00733,서울특별시 마포구 독막로 311 재화스퀘어 17층,www.yegangfoundation.org,,그 외 기타 협회 및 단체,2025-05-12,12월
(주)예술웨딩컨벤션,Art Wedding Convention,예술웨딩컨벤션, ,이현수,기타법인,205411-0018097,412-81-39973,전라남도 영암군 영암읍 춘양리 499,art2760060naver.com,,예식장업,2010-07-28,12월
주식회사 오션식스,Oceansix,오션식스, ,심용만,기타법인,110111-2751356,215-86-40535,"경기도 성남시 분당구 수내동 1 ~23 수내동다운타운 801호, 901호", ,,욕탕업,2009-03-16,12월
주식회사 오스티엄,OSTIUM ,오스티엄, ,전하영,기타법인,110111-3686700,211-87-98518,서울특별시 강남구 신사동 613-5 캐럴라인타워 지하1층,www.ostium.co.kr,,예식장업,2007-05-29,12월
재단법인오씨아이장학회,OCI Scholarship ,오씨아이장학회, ,한철,기타법인,211122-0002136,401-82-09044,전라북도 군산시 외항로 82 재단법인오씨아이장학회, ,,그 외 기타 협회 및 단체,2010-05-04,12월
(주)오앤제이, The Laville,오앤제이, ,오기수,기타법인,110111-5108869,206-86-76572,"서울특별시 강남구 봉은사로 531 (삼성동, 봉은사)",www.thelaville.com,,예식장업,2013-04-12,12월
오운문화재단,OWOON FOUNDATION,오운문화재단, ,백기훈,기타법인,110122-0002732,202-82-31008,"서울특별시 서초구 서초대로70길 32 (서초동, 코오롱스포렉스)", ,,그 외 기타 협회 및 단체,1981-10-19,12월
재단법인 오케이배정장학재단,OK Bae&Jung Scholarship Foundation,오케이배정장학재단, ,최윤,기타법인,114622-0029815,220-82-05129,"서울특별시 중구 세종대로 39 (남대문로4가, 대한서울상공회의소) 10층",www.okscholarship.or.kr,,그 외 기타 협회 및 단체,2002-04-04,03월
주식회사오토맥스,AUTOMAX,오토맥스, ,김대성,기타법인,121111-0114884,130-86-02244,경기도 부천시 부천로 190 경기도 부천시 부천로 190(춘의동),www.automaxcar.co.kr,,자동차 종합 수리업,2003-12-01,12월
주식회사 오토킹,AUTOKING,오토킹, ,박정호,기타법인,115911-0021643,128-81-38405,경기도 고양시 덕양구 충장로 208, ,,자동차 종합 수리업,1999-03-17,12월
주식회사 오토테크,AUTOTECH,오토테크, ,손남식,기타법인,120111-0184664,139-81-39710,인천광역시 남동구 남동서로 198 (고잔동), ,,자동차 종합 수리업,1999-02-01,12월
오토플러스주식회사,AutoPlus.Co.Ltd.,오토플러스, ,송재성,기타법인,110111-1847784,105-86-06429,"서울특별시 영등포구 선유동2로 57 신관 11층(양평동4가, 이레빌딩)",www.autoplus.co.kr,,자동차 전문 수리업,2000-01-10,12월
주식회사 오페라하우스,-,오페라하우스, ,김인하,기타법인,200111-0151905,409-81-67129,광주광역시 동구 동명동 80 - 1, ,,예식장업,2002-03-13,12월
주식회사 온유산업,Onyu industrial Co. Ltd,온유산업, ,홍채희,기타법인,201111-0052491,246-87-00927,광주광역시 북구 필문대로 3-1 (풍향동), ,,자동차 세차업,2018-03-07,12월
와이엠이십일유통주식회사,"ym21 distribution, Inc.",와이엠이십일유통, ,박윤순,기타법인,110111-1943962,214-86-55807,서울특별시 서초구 효령로4길 24 (방배동) 와이엠빌딩4층,ym21.co.kr,,산업 단체,2000-04-19,12월
주식회사 와이케이이노베이션,"Y.K.Innovation Co., Ltd.",와이케이이노베이션, ,하용진,기타법인,110111-1472177,217-81-13801,"강원도 원주시 시청로 22 503호(무실동,리젠트프라자)", ,,그 외 기타 협회 및 단체,1997-10-14,12월
주식회사용궁온천,없음,용궁온천, ,홍순필,기타법인,120111-0307224,137-81-50965,"인천광역시 강화군 강화읍 남문로 41 ,107동 201호(남산리, 남산리이지미래지향아파트)", ,,욕탕업,2003-01-09,12월
재단법인 용문장학회,youngmun,용문장학회, ,이준근,기타법인,134622-0000019,125-82-00019,경기도 안성시 장기2길 43 (신흥동), ,,그 외 기타 협회 및 단체,1967-08-23,12월
(주)용인공원라이프,yonginparklife.com,용인공원라이프, ,김현호,기타법인,110111-4420024,220-88-04156,"경기도 안양시 동안구 시민대로 260 (관양동, 안양금융센터A.F.C) 810호",www.yonginparklife.com,,장례식장 및 장의관련 서비스업,2010-08-25,12월
용천개발주식회사,해당사항없음,용천개발, ,전선자,기타법인,115411-0011694,127-81-54023,경기도 포천군 일동면 수입리 69,해당사항없음,,욕탕업,1996-03-15,12월
우국물산(주),"wookook mulsan co., ltd",우국물산, ,이기영,기타법인,110111-0115629,104-81-01391,서울특별시 중구 북창동 10-4 삼흥빌딩 6층, ,,"욕탕, 마사지 및 기타 신체관리 서비스업",1971-05-26,12월
(주)우리들에셋매니지먼트,Wooridle Asset Management Company,우리들에셋매니지먼트, ,노종구,기타법인,110111-2716467,107-86-30546,서울특별시 영등포구 여의도동 리버타워, ,,욕탕업,2003-02-14,12월
우리상조개발,woorisangjo,우리상조개발, ,최영철,기타법인,110111-3292052,114-86-46352,서울특별시 서초구 잠원동 76-4번지,www.woori-sangjo.co.kr/,,장례식장 및 장의관련 서비스업,2005-08-23,12월
주식회사 우리전기,"woori electric.co.,Ltd",우리전기, ,고도영,기타법인,180111-0373942,607-81-55343,"부산광역시 사상구 괘감로 67 4층 (괘법동, 서감카인테리어)", ,,산업 단체,2001-08-21,12월
우리제주상조 주식회사,woorijeju-sangjo,우리제주상조, ,한경봉,기타법인,220111-0088576,616-81-91950,"제주특별자치도 제주시 승천로 62 (아라이동,5층)", ,,장례식장 및 장의관련 서비스업,2012-01-02,12월
주식회사 우림공업사,"WOOLIM IND. CO.,LTD",우림공업사, ,허기영,기타법인,284111-0172696,435-81-00786,"경기도 남양주시 진접읍 양진로 989-34 (연평리, ㈜우림공업사)", ,,자동차 종합 수리업,2017-04-28,12월
주식회사 우림자동차,woorimmotors,우림자동차, ,오헌식,기타법인,110111-3212787,214-87-70799,경기도 화성시 원고매로2번길 30 (영천동)우림자동차, ,,자동차 종합 수리업,2005-08-01,12월
(주)우신오토파트너스,"Wooshin Autopartners Co.,Ltd.",우신오토파트너스, ,조종현,기타법인,110111-7677995,826-87-02129,서울특별시 서초구 과천대로 840 (방배동) 3층,www.autopartners.co.kr/,,자동차 전문 수리업,2020-11-09,12월
주식회사 우전타워,woojeon tower,우전타워, ,이기호,기타법인,134511-0236239,114-87-15915,"경기도 용인시 기흥구 구갈로 25-1 (구갈동,3층)", ,,그 외 기타 협회 및 단체,2014-06-18,12월
재단법인 우정교육문화재단,Woojung Education and Culture Foundation,우정교육문화재단, ,이세중,기타법인,110122-0047283,104-82-10728,"서울특별시 중구 세종대로9길 42 (서소문동, 부영빌딩) 5층", ,,그 외 기타 협회 및 단체,2008-12-29,12월
(주)우정라이프,ujeonglife. co.,우정라이프, ,김우형,기타법인,280211-0101803,127-86-26099,"경기도 의정부시 시민로 31 14층 (의정부동, 네오타워빌딩)",ujeonglife.com,,장례식장 및 장의관련 서비스업,2010-08-11,12월
재단법인 우촌심뇌혈관연구재단,Woochon Cardio-Neuro-Vascular Research Foundation,우촌심뇌혈관연구재단, ,서정욱,기타법인,121122-0003399,130-82-17808,"인천광역시 계양구 계양문화로 7 (작전동, 문화빌딩) 2층",woochon.org,,그 외 기타 협회 및 단체,2013-06-25,12월
(주)울산국화원장례식장,ULSAN FUNERAL HALL,울산국화원장례식장, ,신정균,기타법인,230111-0126853,610-81-86895,울산광역시 남구 산업로 88 (상개동),www.ulsanfh.com,,장례식장 및 장의관련 서비스업,2007-04-19,12월
(주)웅진프리드라이프,"PreedLife Co.,Ltd",웅진프리드라이프, ,문호상,기타법인,230111-0083681,610-81-56858,"서울특별시 중구 세종대로 14 (남대문로5가, 그랜드센트럴(GRANDCENTRAL)), B동 13층",www.preedlife.com,,장례식장 및 장의관련 서비스업,2002-02-21,12월
주식회사 워시스왓,WASHSWAT INC.,워시스왓, ,"예상욱, 남궁진아",기타법인,110111-5667807,865-88-00031,서울특별시 금천구 범안로11길 65 (독산동),www.getwashswat.com,,가정용 세탁업,2015-03-17,12월
주식회사 원스톱서비스,One-stop Service Co.Ltd,원스톱서비스, ,홍차옥,기타법인,110111-5854058,801-87-00312,"경기도 하남시 대청로 119-1 (창우동, 부영아파트상가동) 401호", ,,전문가 단체,2015-11-23,12월
(주)원천기업,"WONCHON ENTERPRISE CO.,LTD",원천기업, ,이재설,기타법인,110111-0352320,212-81-04286,"서울특별시 강동구 양재대로 1396 (둔촌동, 원천빌딩)", ,,그 외 기타 협회 및 단체,1983-06-28,12월
주식회사 월드드림랜드,worlddreamland co.kr,월드드림랜드, ,장오용,기타법인,200111-0380786,410-86-81223,"광주광역시 광산구 풍영로 83 (월곡동, 우석빌딩) 4-5층", ,,욕탕업,2013-10-17,12월
주식회사 월드아이,iconventionwedding,월드아이, ,송재필,기타법인,131411-0211947,106-86-69897,"서울특별시 용산구 한강대로23길 55 (한강로3가, 용산역)", ,,예식장업,2008-05-13,12월
웨딩그랜덤,WEDDING GRANDOM,웨딩그랜덤, ,이일규,기타법인,190111-0070455,608-81-75925,"경상남도 창원시 마산합포구 오동동14길 39 (오동동, 웨딩팰리스) 웨딩그랜덤",www.grandom.co.kr,,예식장업,2009-04-20,12월
주식회사 웨딩그룹위더스광주,weddinggroup withus,웨딩그룹위더스광주, ,이병규,기타법인,200111-0432131,598-81-00092,광주광역시 서구 죽봉대로 153 (광천동),withusgj.co.kr,,예식장업,2015-07-01,12월
주식회사 웨딩그룹위더스광주,weddinggroup withus,웨딩그룹위더스광주, ,이병규,기타법인,200111-0719969,449-88-03059,광주광역시 서구 죽봉대로 153 (광천동), ,,예식장업,2024-05-01,12월
주식회사웨딩그룹위더스안양,wedding group withus anyang,웨딩그룹위더스안양, ,이병규,기타법인,110111-4088195,212-81-86309,경기도 안양시 만안구 안양로 104 55 웨딩그룹위더스, ,,예식장업,2009-05-01,12월
주식회사웨딩그룹위더스영등포,wedding group withus,웨딩그룹위더스영등포, ,이병규,기타법인,110111-4870047,105-87-72135,"서울특별시 영등포구 영중로 55 (영등포동6가, 웨딩그룹위더스)",www.withus.kr,,예식장업,2012-05-29,12월
주식회사 웨딩그룹위더스영등포,WITHUS Y,웨딩그룹위더스영등포, ,이병규,기타법인,135111-0053987,237-88-02404,"서울특별시 영등포구 영중로 55 (영등포동6가, 티에스타워)", ,,예식장업,2022-03-14,12월
주식회사 웨딩그룹케이 파티앤조이,Wedding Group K Party & Joy,웨딩그룹케이파티앤조이, ,강호순,기타법인,194211-0189911,609-86-00776,"경상남도 창원시 성산구 중앙대로 64 2,3층 (상남동, 신텍타워)", ,,예식장업,2011-08-29,12월
(주)웨딩앤아이엔씨,WEDDINGN INC,웨딩앤아이엔씨, ,최인석,기타법인,110111-4374825,211-88-45852,"서울특별시 강남구 학동로 314 (논현동, 영남빌딩)2층 2호", ,,결혼 상담 및 준비 서비스업,2010-07-01,12월
웨딩팰리스주식회사,Wedding Palace,웨딩팰리스, ,안재형,기타법인,190111-0055217,608-81-57306,경상남도 마산시 오동동 18-61 기산프라자 235호, ,,예식장업,2004-10-14,12월
(주)웨딩팰리스,WEDDINGPALACE.Co.Ltd,웨딩팰리스, ,정병률,기타법인,201111-0020646,411-81-36240,전라남도 목포시 석현동 815-12,www.e-wp.co.kr,,예식장업,2003-11-08,12월
(주)웰랜드디앤씨,DOHWA ,웰랜드디앤씨, ,김태훈,기타법인,200111-0501621,666-86-00838,"광주광역시 서구 상무대로 928 (쌍촌동, 동광회관)", ,,산업 단체,2017-07-26,12월
주식회사 위니아에이드,"WINIA AID CO.,LTD.",위니아에이드,377460,김희웅,코스닥시장,200111-0418983,410-87-07666,광주광역시 광산구 소촌로123번길 40-11 소촌동,www.winiaaid.com,,개인 및 가정용품 수리업,2015-01-26,12월
주식회사 위더스,withus.co.ltd,위더스, ,조규한,기타법인,201311-0065763,178-88-00577,전라남도 순천시 장선배기길 33 (조례동), ,,산업 단체,2016-10-14,12월
(주)위드라이프그룹,withlifegroup.co..ltd,위드라이프그룹, ,오일록,기타법인,110111-3346205,212-81-73804,"서울특별시 송파구 올림픽로35다길 32 8층 (신천동, 예전빌딩)",www.with-life.com,,장례식장 및 장의관련 서비스업,2005-11-23,12월
주식회사 위드랜드,"Withland Co., Ltd.",위드랜드, ,김문희,기타법인,110111-7146916,480-88-01538,서울특별시 서초구 사평대로57길 139 (반포동),www.withland.co.kr,,반려동물 장묘 및 보호 서비스업,2019-06-21,12월
(주)윌스파,-,윌스파, ,"이견락, 김점석",기타법인,170111-0489775,504-86-05840,대구광역시 달서구 달구벌대로308길 36 (감삼동), ,,욕탕업,2013-04-10,12월
유)상현PMC,SANGHYUN PMC,유)상현PMC, ,유승욱,기타법인,210114-0110440,681-88-00321,전라북도 완주군 이서면 오공로 11-13 5층 (갈산리), ,,산업 단체,2016-05-04,12월
유가증권시장본부,The Korea Stock Exchange,유가증권시장본부, ,,기타법인, , ,서울특별시 영등포구 여의도동 33, ,,그 외 기타 분류 안된 개인 서비스업, , 
(주)유경,UKYEONG,유경, ,이원석,기타법인,111511-0036610,127-81-34537,"경기도 의정부시 회룡로 181 (신곡동, 유경빌딩2)",uky664@naver.com,,그 외 기타 협회 및 단체,1999-11-01,12월
(주)유니디아,unidia,유니디아, ,이성중 이경중,기타법인,110111-2011536,110-81-46807,"서울특별시 영등포구 선유서로 117 602호(양평동3가, 월드프라자)",www.unidia.co.kr/,,컴퓨터 및 주변 기기 수리업,2000-07-01,12월
(주)유니프레스,UNIPRES CORPORATION,유니프레스, ,TORIUMI HIROYOSI,기타법인, ,12444,19-1. AOBACHO. FUJI-CITY. SHIZUOKA. JAPAN, ,,그 외 기타 분류 안된 개인 서비스업,1945-03-01,12월
주식회사 유명파트너스,neungam partners,유명파트너스, ,오인호,기타법인,151111-0043780,303-81-66803,충청북도 충주시 예성로 114 (용산동), ,,"화장터 운영, 묘지 분양 및 관리업",2012-07-01,12월
유모멘트 주식회사,"U MOMENT Co.,Ltd.",유모멘트, ,이시형,기타법인,110111-7236634,106-87-02253,"서울특별시 서초구 강남대로51길 1 6층(서초동, 511TOWER)",www.thechapel.co.kr/,,예식장업,2013-10-11,12월
재단법인 유민문화재단,The Yumin Cultural Foundation,유민문화재단, ,이홍구,기타법인,110122-0030692,110-82-08061,"서울특별시 중구 서소문로 100 (서소문동, 중앙일보구관)",yumin.org,,그 외 기타 협회 및 단체,1999-01-28,12월
재단법인 유비씨 문화장학재단,UBC Culture Scholarship Foundation,유비씨문화장학재단, ,우오현,기타법인,230122-0002779,610-82-10446,"울산광역시 중구 구교로 41 (학산동, UBC울산방송국)", ,,그 외 기타 협회 및 단체,2003-12-23,12월
주식회사 유성씨앤에프,"Yusung Culture and Food Co., Ltd.",유성씨앤에프, ,나광무,기타법인,170111-0566739,493-88-00063,대구광역시 달서구 조암로 38 (월성동), ,,욕탕업,2015-05-22,12월
주식회사 유스파,Youspar,유스파, ,배상욱,기타법인,174811-0088107,459-87-00746,경상북도 경산시 백천길 21 (백천동), ,,욕탕업,2017-05-19,12월
(주)유심천온천리조트,USIMCHON THERMAL SPRING RESORT Inc.,유심천온천리조트, ,"김진호, 김세일, 김영완, 김영권",기타법인,201311-0005082,416-81-08846,전라남도 여수시 소라면 안심산길 155 (죽림리) 117-7, ,,욕탕업,1994-06-01,12월
(주)유토피아스파,utopiaspa,유토피아스파, ,조성호,기타법인,110111-0994578,211-86-41129,서울특별시 구로구 구로동186-7예성유토피아b01호, ,,욕탕업,2005-08-08,12월
주식회사유토피아퓨처,UTOPIAFUTURE,유토피아퓨처, ,우원기,기타법인,110111-3158311,206-81-96587,서울특별시 광진구 구의강변로 47 (구의동)4층,www.utopiafuture.co.kr,,장례식장 및 장의관련 서비스업,2005-01-25,12월
(주)유학산업개발,-,유학산업개발, ,강태헌,기타법인,175211-0006308,504-81-24084,경상북도 칠곡군 석적읍 도개리 36-1,-,,욕탕업,1997-07-01,12월
유한재단,Yuhan Foundation,유한재단, ,한배호,기타법인,115022-0000121,118-82-00122,서울특별시 동작구 대방동 유한양행빌딩 4층, ,,그 외 기타 협회 및 단체,1971-01-17,12월
재단법인 윤재경재단,Jaekyung Foundation,윤재경재단, ,이상희,기타법인,360522-1068317,109-82-07607,"서울특별시 강서구 양천로 442 (등촌동, SBS방송국등촌동스튜디오) 3층",www.jaekyungfoundation.org/main.jsp,,그 외 기타 협회 및 단체,2000-07-07,12월
주식회사율암센타,"Yulam Center Co., Ltd.",율암센타, ,백승호,기타법인,134811-0100777,124-86-26315,경기도 화성시 팔탄면 율암리 483-26,www.hapyspaland.com,,욕탕업,2004-11-17,12월
(재)율촌재단,Youlchon Foundation,율촌재단, ,심선택,기타법인,114222-0000475,118-82-01719,"서울특별시 동작구 여의대방로 112 (신대방동, 농심신대방사옥)",www.youlchon.org/,,그 외 기타 협회 및 단체,1955-06-11,12월
(주)은산유통,"Eun San Distribution Co., Ltd.",은산유통, ,안용준,기타법인,110111-0653041,130-81-41373,경기도 부천시 원미구 원미동 40-4, ,,"화장터 운영, 묘지 분양 및 관리업",1989-10-05,12월
주식회사 의식주컴퍼니,Lifegoeson Company Corp.,의식주컴퍼니, ,조성우,기타법인,110111-6637768,561-87-00957,서울특별시 강서구 양천로60길 40 (등촌동), ,,가정용 세탁업,2018-01-23,12월
(재)이니스프리 모음재단,Innisfree Moeum Foundation,이니스프리모음재단, ,이진호,기타법인,220122-0007747,879-82-00061,"제주특별자치도 제주시 연북로 92 (연동, 진현빌딩) 3층",www.innisfreemoeum.or.kr,,그 외 기타 협회 및 단체,2015-11-19,12월
(재)이랜드문화재단,E-Land Cultural Foundation,이랜드문화재단, ,박병율,기타법인,254322-0007008,119-82-65040,"서울특별시 금천구 가산디지털1로 159 (가산동, 이랜드가산동사옥)",elandculture.com,,그 외 기타 협회 및 단체,2005-05-29,12월
재단법인 이랜드재단,ELAND FOUNDATION,이랜드재단, ,장광규,기타법인,114222-0005912,107-82-05258,"서울특별시 금천구 가산디지털1로 186 (가산동, 제이플라츠) 2층 204호", ,,그 외 기타 협회 및 단체,1991-12-27,12월
이십일세기레저주식회사,21 Century Leisure Co.Ltd,이십일세기레저, ,강둘임,기타법인,110111-2166323,106-86-20327,서울특별시 용산구 이촌동 746, ,,욕탕업,2001-02-08,12월
주식회사 이에스에이그룹,"ESA GROUP Co., Ltd.",이에스에이그룹, ,오지환,기타법인,110111-7497286,283-86-01928,"서울특별시 강남구 선릉로131길 15 (논현동, 희승빌딩) 3층", ,,그 외 기타 달리 분류되지 않은 개인 서비스업,2020-05-25,12월
주식회사 이자르씨앤에스,IZARCNSCORP.,이자르씨앤에스, ,신현호,기타법인,110111-4702076,212-81-97131,"서울특별시 서초구 서초중앙로 101 (서초동, 신아빌딩) 2층",www.izzar.co.kr,,개인 간병 및 유사 서비스업,2011-10-07,12월
주)이지스상조,"AEGISSANGJO CO.,LTD",이지스상조, ,김정연,기타법인,180111-0375310,607-81-55514,서울특별시 영등포구 여의도동 호성신관 44-24 5층,www.aegissj.co.kr,,장례식장 및 장의관련 서비스업,2001-08-30,12월
(주)이천설봉온천,Icheon Seolbong Oncheon,이천설봉온천, ,고덕례,기타법인,134411-0053891,126-86-59898,"경기도 이천시 애련정로 67-16 (안흥동, (주)이천설봉온천)", ,,욕탕업,2012-12-20,12월
이한모터서비스주식회사,leehanmotors,이한모터서비스, ,이승준,기타법인,200111-0311830,409-86-18813,광주광역시 서구 상무대로 1226 (양동), ,,자동차 종합 수리업,2011-01-25,12월
(주)이화상조,yihwasangjo,이화상조, ,서원찬,기타법인,191111-0032834,613-81-37127,경상남도 진주시 진양호로 427-1 (인사동),www.yhsj.co.kr,,장례식장 및 장의관련 서비스업,2005-03-09,12월
(주)익성,"Ikseong CO,.LTD ",익성, ,조성경,기타법인,110111-4083187,117-81-68419,"서울특별시 강남구 삼성로 434 (대치동, 쥬비스타워)", ,,"욕탕, 마사지 및 기타 신체관리 서비스업",2009-05-01,12월
(주)인백,INBAEK,인백, ,조정훈,기타법인,180111-0742585,617-81-88953,"부산광역시 해운대구 해운대로 875 (좌동, 인제대학교해운대백병원) 장례예식장", ,,장례식장 및 장의관련 서비스업,2011-03-10,12월
인베스트비전(주),"investvision co.,ltd.",인베스트비전, ,민정홍,기타법인,110111-5536789,107-88-31156,"서울특별시 영등포구 의사당대로 97 (여의도동, 교보증권빌딩)", ,,그 외 기타 협회 및 단체,2014-10-13,12월
(주)인스파월드,INSPAWORLD CORPORATION,인스파월드, ,정기철,기타법인,110111-1706443,204-81-43162,인천광역시 중구 신흥동3가 31-35, ,,욕탕업,1999-06-01,12월
주식회사 인천오토컴퍼니,"Incheon Auto Company, Ltd.",인천오토컴퍼니, ,이용주,기타법인,120111-0565848,131-86-28010,인천광역시 중구 서해대로180번길 65 (신흥동3가), ,,자동차 종합 수리업,2011-05-16,12월
(주)인천장례식장,INCHEON FUNERAL,인천장례식장, ,신융화,기타법인,120111-0074617,122-81-24145,인천광역시 계양구 아나지로 554 (서운동),www.infuneral.kr/,,장례식장 및 장의관련 서비스업,1992-05-19,12월
(주)인철스카이정비 ,inchel sky ,인철스카이정비, ,이상섭,기타법인,121111-0095729,130-81-87404,경기도 부천시 송내대로518번길 30 (삼정동), ,,자동차 종합 수리업,2002-04-19,12월
(주)인텔로그디앤씨,"INTELOG D&C Co., Ltd",인텔로그디앤씨, ,김영덕,기타법인,110111-0901771,116-81-51384,서울특별시 중구 광희동1가 광희빌딩 5층, ,,그 외 기타 분류 안된 개인 서비스업,1992-11-16,12월
(주)일광,illkoung,일광, ,최대근,기타법인,131111-0025162,129-81-19755,경기도 성남시 중원구 상대원동 233-9, ,,그 외 기타 분류 안된 개인 서비스업,1996-07-16,06월
(주)일동유황온천,ILDONGYUHWANG,일동유황온천, ,김승학,기타법인,115436-0005431,127-81-19555,경기도 포천시 일동면 사직리 743, ,,욕탕업,1992-04-29,12월
주식회사 일산,Ilsan Corp.,일산, ,이상민,기타법인,154111-0000349,301-81-06658,충청북도 청주시 상당구 금천동 167-4, ,,예식장업,1988-05-30,12월
(재) 일주학술문화재단,Ilju academy and culture foundation,일주학술문화재단, ,김민수,기타법인,110122-0024091,203-82-31786,"서울특별시 종로구 새문안로 68 (신문로1가, 흥국생명빌딩) 2층",www.iljufoundation.org/,,그 외 기타 협회 및 단체,1990-07-19,12월
주식회사 자동차와사람,Carnpeople,자동차와사람, ,양영제,기타법인,124411-0215823,515-81-55331,경기도 김포시 대곶면 대곶남로 491 (대능리),carnpeople.co.kr,,자동차 세차업,2018-07-16,12월
(주)자유로 청아공원,chungahpark,자유로청아공원, ,김영복,기타법인,115911-0029069,128-81-48994,경기도 고양시 일산구 설문동478-11, ,,"화장터 운영, 묘지 분양 및 관리업",2000-05-23,12월
자일남서울서비스(주),Daewoo South seoul service corp.,자일남서울서비스, ,김경환,기타법인,134111-0038295,138-81-03034,경기도 안양시 동안구 벌말로 40 (관양동), ,,자동차 종합 수리업,1993-12-20,12월
(주)자후,JAHOO.CO.LTD,자후, ,노민성,기타법인,110111-5280138,206-86-84688,"서울특별시 성동구 왕십리광장로 17 (행당동, 6층.7층)",www.dinozze.co.kr,,예식장업,2013-11-29,12월
작스모터스(주),Flying Motors,작스모터스, ,유형민,기타법인,110111-5776509,280-81-00207,"서울특별시 서초구 동산로16길 14 (양재동, 작스모터스)", ,,자동차 전문 수리업,2015-08-01,12월
(주)장원,"JANGWON,LTD",장원, ,김정수,기타법인,180111-0667634,621-81-79375,부산광역시 금정구 부곡동 225-24, ,,개인 간병 및 유사 서비스업,2009-04-10,12월
주식회사 장유스파랜드,JANGYOO SPALAND,장유스파랜드, ,유영서,기타법인,195511-0258892,593-88-02148,경상남도 김해시 대청로104번길 84, ,,욕탕업,2021-05-21,12월
장유워터피아(주),"JangYu AquaWave Co., Ltd.",장유워터피아, ,양영주,기타법인,191111-0018537,613-81-19380,경상남도 진주시 칠암동 517-7,www.aquawave.co.kr,,욕탕업,1999-11-16,12월
주식회사 전북현대상용서비스,Jeonbuk Hyundai Sangyong Service,전북현대상용서비스, ,이중재,기타법인,210111-0156804,354-88-01831,전라북도 전주시 덕진구 원만성로 61 (팔복동3가), ,,자동차 종합 수리업,2020-08-01,12월
정관온천 주식회사,Jeongkwan Spa.co.Ltd,정관온천, ,김상,기타법인,180111-0724088,621-81-85784,부산광역시 기장군 정관면 정관8로 16-5 (매학리),-,,욕탕업,2010-07-23,12월
주식회사 정석,JEONGSUK,정석, ,장호석,기타법인,230111-0209401,610-86-22182,울산광역시 남구 중앙로 228 (신정동), ,,그 외 기타 협회 및 단체,2013-06-24,12월
주식회사 정왕점현대자동차,JEONGWANGJEOM,정왕점현대자동차, ,이용선,기타법인,135511-0193719,140-81-31514,경기도 시흥시 중심상가로 48 (정왕동),hyeonju33@hanmail.net,,자동차 종합 수리업,2008-12-10,12월
(주)정원장례식장,gardenfuneral,정원장례식장, ,권승한,기타법인,205511-0036964,412-81-48282,전라남도 순천시 서면 강청삼막동길 24 (선평리) 248, ,,장례식장 및 장의관련 서비스업,2013-05-30,12월
정원컴퍼니 주식회사,Jungwon Company,정원컴퍼니, ,손혜영,기타법인,110111-6273512,584-87-00488,"서울특별시 송파구 양재대로60길 3-13 (가락동, 가락동문산부인과)", ,,개인 간병 및 유사 서비스업,2017-01-01,12월
(재)정인욱학술장학재단,Chunginwook Scholarship Foundation,정인욱학술장학재단, ,정도원,기타법인,110122-0026063,102-82-07076,"서울특별시 종로구 종로1길 42 (수송동, 이마빌딩) 15층", ,,협회 및 단체,1993-02-08,12월
주식회사 제라컴퍼니,ZERA company,제라컴퍼니, ,김정민,기타법인,220111-0217604,307-86-02164,제주특별자치도 제주시 신대로14길 47 (연동)501,www.zeracompany.com/,,산업 단체,2021-03-12,12월
재단법인 제산장학문화재단,Jesan Encouragement Foundation,제산장학문화재단, ,이일영,기타법인,174822-0003376,515-82-08704,경상북도 경산시 사정동 141번지 2층, ,,그 외 기타 협회 및 단체,2008-11-27,12월
제이더블유빌리지 주식회사,JW village.co.ltd,제이더블유빌리지, ,최정우,기타법인,170111-0959752,171-87-03426,"대구광역시 동구 장등로 56 제상가동2층106호(신천동, 벽산e-솔렌스힐)", ,,예식장업,2024-05-23,12월
제이더블유컨벤션,jw convention,제이더블유컨벤션, ,최정우,기타법인,230111-0268027,199-86-00449,"울산광역시 북구 명촌로 91 (명촌동, 평창리비에르2차아파트),213동103호",www.jwwedding.kr,,예식장업,2016-12-01,12월
주식회사 제이센트럴파크,"JCENTRALPARK CO.,LTD.",제이센트럴파크, ,이기성,기타법인,174811-0095730,385-87-01177,"충청북도 청주시 서원구 남이면 청남로 1759 (가마리, 마리앙스)",www.mariance.kr,,예식장업,2018-10-15,12월
제이아트컨벤션 주식회사,J-Art Convention Co.,제이아트컨벤션, ,최장권,기타법인,200111-0400039,409-86-46677,"광주광역시 서구 풍서좌로 269 (벽진동, 제이아트웨딩홀)", ,,예식장업,2014-06-18,12월
제이앤씨티주식회사,"J&city  co. ,Ltd",제이앤씨티, ,강경식,기타법인,110111-5165017,106-87-00099,"서울특별시 구로구 경인로 624 (신도림동, 신도림동라마다호텔)",www.ramadasindorim.com,,예식장업,2013-06-24,12월
(주)제이앤제이아트컨벤션,JnJ Art Convention,제이앤제이아트컨벤션, ,조남규,기타법인,131311-0136288,125-86-21351,"경기도 평택시 비전5로 20-46 (비전동, 제이앤제이아트컨벤션)", ,,예식장업,2014-04-14,12월
(주)제이엠씨코퍼레이션,jmccorporation,제이엠씨코퍼레이션, ,박광운,기타법인,110111-2819609,119-86-41842,"서울특별시 강남구 삼성로100길 23-26 (삼성동, 미래빌딩)", ,,협회 및 단체,2011-05-01,12월
(주)제이케이주택건설,JKJUTAEK,제이케이주택건설, ,전경국,기타법인,110111-7179496,555-88-01943,"서울특별시 강북구 덕릉로42길 12 2층 (번동, 번동상가)", ,,산업 단체,2019-07-22,12월
주식회사 제일정비,"Jeiljungbi Co., Ltd.",제일정비, ,김성훈,기타법인,180111-0075910,606-81-11740,부산광역시 사상구 학장동 287-10, ,,자동차 종합 수리업,1987-10-20,12월
(주)제일피알,Jeilpr corporation,제일피알, ,기노창,기타법인,110111-1277387,106-81-60737,서울특별시 용산구 한남동 686-1,www.jpr.co.kr,,그 외 기타 분류 안된 개인 서비스업,1996-06-11,12월
주식회사 조흥,jiheung,조흥, ,"김덕필, 이정우",기타법인,180111-0115089,604-81-27611,"부산광역시 동구 조방로 39 (범일동, 썬오피스텔) 1,2층",www.chsangjo.co.kr/,,장례식장 및 장의관련 서비스업,1991-06-11,06월
좋은라이프 주식회사,"JOUNLIFE.CO.LTD.,",좋은라이프, ,김호철,기타법인,110111-3186586,107-86-61020,"서울특별시 중구 세종대로 73 (서소문동, 태평로빌딩) 7층",www.jounlife.com,,장례식장 및 장의관련 서비스업,2005-03-14,12월
주)유월드,yoo world,주)유월드, ,이상운,기타법인,120111-0322800,121-81-71403,인천광역시 중구 흰바위로92번길 6-4 302호(운서동), ,,그 외 기타 협회 및 단체,2007-09-14,12월
주현의료법인상조주식회사,wngus juhyunlire,주현의료법인상조, ,주영님,기타법인,110111-3337436,108-81-72942,서울특별시 영등포구 대림3동 667-11호 주현빌딩 6층,www.juhyunlire.co.kr,,장례식장 및 장의관련 서비스업,2005-11-07,12월
(주)준오뷰티,Juno Beauty Co.Ltd.,준오뷰티, ,강윤선,기타법인,110111-2682783,110-81-60003,서울특별시 강남구 삼성로 728 애브뉴준오 5층, ,,두발 미용업,2002-12-30,12월
(주)중부VTS,Jung Bu Corporation,중부VTS, ,차종걸,기타법인,151211-0020033,304-81-20509,충청북도 제천시 금성면 청풍호로 510 (양화리), ,,자동차 종합 수리업,2008-05-20,12월
주식회사 중부리츠,Jungbu Reits Company,중부리츠, ,김동하,기타법인,161511-0048772,312-81-54470,충청남도 천안시 신방동 920,www.jbreits.com,,욕탕업,2002-03-11,12월
(주)중앙레포츠,"Joongang Sealand Co., Ltd",중앙레포츠, ,박희채,기타법인,180111-0294453,621-81-35023,부산광역시 남구 용호동 170,-,,욕탕업,1999-07-21,12월
중앙생명과학원주식회사,"Central Institude of Life Science Co., Ltd.",중앙생명과학원, ,이영,기타법인,164811-0023361,312-81-54975,충청남도 아산시 탕정면 호산리 406-3,www.jalifelab.com,,그 외 기타 분류 안된 개인 서비스업,2002-05-01,12월
중앙에이치앤디(주),joong ang h&d,중앙에이치앤디, ,김영기,기타법인,110111-1841041,201-81-27940,서울특별시 양천구 목동 128-4 1층 101호, ,,"화장터 운영, 묘지 분양 및 관리업",2006-08-03,12월
재단법인 중앙화동재단,Joongang Hwadong Foundation,중앙화동재단, ,홍석현,기타법인,110122-0044677,104-82-10204,"서울특별시 중구 서소문로 100 (서소문동, 중앙일보구관)",hwadongcf.org,,그 외 기타 협회 및 단체,2007-08-30,12월
(주)중천디앤씨,JOONGCHEON D&C,중천디앤씨, ,이성우,기타법인,110111-1366924,129-81-99540,경기도 성남시 분당구 수내동 로얄팰리스하우스빌 A-2305, ,,"화장터 운영, 묘지 분양 및 관리업",1997-01-20,12월
(주)중천산업개발,"JOONGCHEON CONSTRUCTION CO., LTD.",중천산업개발, ,윤중천,기타법인,110111-1924342,220-87-19031,서울특별시 강남구 도곡동 552-22 대광빌딩 8층, ,,"화장터 운영, 묘지 분양 및 관리업",2000-03-29,12월
재단법인 중흥장학회,Jungheung Scholarship foundation,중흥장학회, ,신경식,기타법인,200122-0019887,409-82-16947,광주광역시 북구 무등로 204 (신안동), ,,그 외 기타 협회 및 단체,2012-05-07,12월
(주)쥬비스다이어트,JUVISDIET,쥬비스다이어트, ,김대경,기타법인,110111-4855172,220-88-37259,"서울특별시 강남구 삼성로 434 (대치동, 쥬비스타워) 15층", ,,체형 등 기타 신체관리 서비스업,2012-04-26,12월
(주)지디그룹,"GD group co.,Ltd.",지디그룹, ,황수원,기타법인,131411-0304338,134-87-15035,서울특별시 강남구 언주로126길 23 (논현동), ,,예식장업,2013-08-23,12월
(주)지디파트너스,gdwedding,지디파트너스, ,문주,기타법인,211111-0035403,220-88-40851,"경기도 안산시 단원구 광덕4로 140 지하1층 (고잔동, GD팰리스타워)", ,,결혼 상담 및 준비 서비스업,2012-06-01,12월
(주)지엔지트럭센터,"G&G TRUCK CENTER CO.,LTD",지엔지트럭센터, ,노수일,기타법인,115611-0039676,128-81-74997,경기도 파주시 교하읍 다율리 116-14,-,,자동차 종합 수리업,2002-09-11,12월
(주)지엘브이,"GLOBAL LOGISTICS VEHICLES Co.,Ltd.",지엘브이, ,박해광,기타법인,131311-0081681,125-81-74227,경기도 평택시 포승읍 서동대로 437-154, ,,자동차 전문 수리업,2008-07-01,12월
진해개발(주), ,진해개발, ,박원자,기타법인,120111-0192279,121-81-32171,인천광역시 중구 운남동 1129-11, ,,욕탕업,1999-05-10,12월
주식회사 찬흥,"Chanheung co.,ltd.",찬흥, ,전성자,기타법인,110111-5499317,264-81-40769,"서울특별시 송파구 법원로 128 (문정동, 문정에스케이브이원지엘메트로시티) C동 1417호", ,,산업 단체,2014-08-01,12월
(주)참존서비스,CHARMZON SERVICE,참존서비스, ,"김한균, 전기성",기타법인,110111-2438558,215-86-21386,서울특별시 송파구 가락동 155-5, ,,자동차 종합 수리업,2002-02-21,12월
주식회사 척산온천휴양촌,cheoksan spa&hotel,척산온천휴양촌, ,임정희,기타법인,141311-0000407,227-81-00749,강원도 속초시 노학동 972-1, ,,욕탕업,1982-12-15,12월
(주)천궁실버라이프,"CHUNGOONG SILVER LIFE CO,.LTD",천궁실버라이프, ,최정익,기타법인,110111-2871021,107-86-43584,"서울특별시 영등포구 영중로 114-1 (영등포동8가, 대하빌딩)",www.chungoong.co.kr/,,장례식장 및 장의관련 서비스업,2003-10-08,12월
주식회사 천생연분,"Chonsaengyeonbun Co.,Ltd.",천생연분, ,김연희,기타법인,161311-0035913,308-81-38748,충청남도 논산시 시민로 173-8 (내동), ,,예식장업,2013-01-08,12월
천안아산서비스 기아오토큐(주),Cheonan Asan Service KIA AutoQ Inc.,천안아산서비스기아오토큐, ,김형길,기타법인,160111-0426109,741-87-00441,충청남도 아산시 탕정면 삼성로 457 천안아산서비스 기아오토큐(주), ,,자동차 종합 수리업,2016-05-11,12월
주식회사 천안하늘공원,cheonanhaneulgongwon,천안하늘공원, ,서호경,기타법인,161511-0161003,312-86-56449,"충청남도 천안시 동남구 만남로 114 (신부동, 하늘공원장례식장)", ,,장례식장 및 장의관련 서비스업,2013-12-24,12월
천우모빌리티(주),"Chunwoo Mobility Co.,Ltd",천우모빌리티, ,정세림,기타법인,110111-5850494,245-86-00228,서울특별시 용산구 녹사평대로 206 (이태원동), ,,자동차 종합 수리업,2015-10-01,12월
천우모터스 주식회사,"Chunwoo Motors co., Ltd",천우모터스, ,정세림,기타법인,110111-0551568,106-81-35543,서울특별시 용산구 녹사평대로 206 (이태원동), ,,자동차 종합 수리업,1999-01-10,12월
주식회사천지문화원,Cheonji funeral hall,천지문화원, ,배창숙 임성엽,기타법인,200111-0490543,510-81-35719,광주광역시 서구 풍서좌로 173-1 (매월동), ,,장례식장 및 장의관련 서비스업,2017-03-27,12월
(주)천지장례식장,Cheonji Funeral Hall,천지장례식장, ,이민영,기타법인,200111-0267207,409-86-04852,광주광역시 서구 매월동 250-6번지,www.cheonji.com,,장례식장 및 장의관련 서비스업,2009-06-01,12월
(주)천화,CHUNHWA,천화, ,남상찬,기타법인,170111-0129694,503-81-36404,"충청북도 영동군 양산면 양산심천로 144 (봉곡리, 선교국조전)", ,,장례식장 및 장의관련 서비스업,1998-01-07,12월
(주)청산건설,"CHEONG SAN CONSTRUCTION CO., LTD",청산건설, ,조경배,기타법인,134111-0136726,138-81-31786,경기도 안양시 동안구 호계동 915-2 외 3필지 4층 일부, ,,"미용, 욕탕 및 유사 서비스업",2006-01-01,12월
재단법인 최종현학술원,Chey Institute for Advanced Studies,최종현학술원, ,최태원,기타법인,110122-0124114,752-82-00204,"서울특별시 강남구 테헤란로 211 (역삼동) ,17 층",www.chey.org,,그 외 기타 협회 및 단체,2018-10-18,12월
충북온천 주식회사,CBSPA,충북온천, ,김천재,기타법인,150111-0154174,301-86-21450,충청북도 청주시 흥덕구 백봉로 171 (봉명동), ,,욕탕업,2011-11-24,12월
(주)카맨모터스,carmanmoters,카맨모터스, ,김원호,기타법인,170111-0329377,502-81-91379,대구광역시 동구 안심로59길 26 (각산동),ecarman.co.kr/,,자동차 종합 수리업,2007-06-18,12월
재단법인 카카오모빌리티상생재단,Kakaomobility Foundation for Mobility Partnership,카카오모빌리티상생재단, ,하헌구,기타법인,250122-0005307,539-82-00595,"서울특별시 영등포구 양산로19길 19 (당산동3가, 랩스페이스) 3층",www.kmfoundation.or.kr,,그 외 기타 협회 및 단체,2025-02-13,12월
재단법인 카카오임팩트,Kakao Impact Foundation,카카오임팩트, ,홍은택,기타법인,135622-0006941,116-82-39621,"경기도 성남시 분당구 판교역로 235 (삼평동, 에이치스퀘어엔동)",www.kakaoimpact.org,,그 외 기타 협회 및 단체,2018-04-10,12월
재단법인 카카오창작재단, Kakao Creative Foundation,카카오창작재단, ,이진수,기타법인,270122-0063765,263-82-00418,"서울특별시 마포구 양화로 19 (합정동, 합정오피스빌딩) 22층",kakaocf.org/about/index.html,,그 외 기타 협회 및 단체,2022-05-25,12월
주식회사 칼라디움,"Colordium.Co.,Ltd.",칼라디움, ,김채환,기타법인,170111-0668189,461-81-00989,"대구광역시 동구 반야월로 400 (신서동, 칼라디움웨딩)",www.colordium.com,,예식장업,2018-01-11,12월
주식회사 캐처스,"CATCHERS CO.,LTD",캐처스, ,김정달,기타법인,195511-0093488,615-81-52629,경상남도 김해시 분성로557번길 8, ,,산업용 세탁업,2006-12-26,12월
(주)캠프아레나,"camp Arena. CO,",캠프아레나, ,임종훈,기타법인,110111-8480066,396-87-02803,"서울특별시 강남구 논현로 641 (논현동, 논현동대우아이빌힐타운) 515호", ,,산업 단체,2022-11-26,12월
(주)커커,KERKER,커커, ,이승철,기타법인,110111-2020040,211-86-62084,서울특별시 강남구 청담2동 88-18, ,,두발 미용업,2000-07-07,12월
주식회사 컨벤션헤리츠,CONVENTION HERITZ,컨벤션헤리츠, ,임상황,기타법인,110111-4181246,211-88-33074,"서울특별시 강남구 논현로 662 (논현동, 헤리츠타워)1층외", ,,예식장업,2009-09-16,12월
주식회사 컴피아,"COMPIA.Co,.Ltd",컴피아, ,고석만,기타법인,134111-0127840,138-81-26833,"경기도 안양시 동안구 시민대로 171 (비산동, 금강벤처텔) 1710호",www.compia.co.kr,,산업 단체,2005-04-01,12월
주식회사 케이비케이,KBK,케이비케이, ,김종선,기타법인,160111-0235021,314-81-95292,대전광역시 유성구 대정동 37-10,www.서대전컨벤션.kr,,예식장업,2007-12-14,12월
주식회사 케이앤에스,K&S co.LTD,케이앤에스, ,김진수,기타법인,164811-0030788,312-81-70072,충청남도 아산시 선장면신성리 405, ,,기타 개인 서비스업,2004-07-27,12월
케이엠베스트솔루션 주식회사,KM best solution,케이엠베스트솔루션, ,조금규,기타법인,110111-6192514,188-88-00593,"서울특별시 서초구 서초대로56길 38 (서초동, 세오빌딩)", ,,그 외 기타 협회 및 단체,2016-10-05,12월
케이지모빌리티대구서비스센터주식회사,kgm daeguservice center,케이지모빌리티대구서비스센터, ,박기홍,기타법인,170111-0199077,503-81-50750,대구광역시 서구 와룡로 489 (이현동),www.service.smotor.com/daegu,,자동차 종합 수리업,2001-06-18,12월
케이지모빌리티해운대서비스센터 주식회사,KGM HAEUNDAE SERVICE,케이지모빌리티해운대서비스센터, ,김정균,기타법인,234111-0049035,621-81-75821,부산광역시 해운대구 선수촌로 187 (반여동),service.smoter.com/haeundae,,자동차 종합 수리업,2008-05-09,12월
(재)케이티그룹희망나눔재단,kt group Hope Sharing Foundation,케이티그룹희망나눔재단, ,오태성,기타법인,110122-0024273,102-82-06382,"서울특별시 종로구 창경궁로 136 (원남동, 보령빌딩) 14층 kt그룹희망나눔재단",www.ktgf.or.kr,,그 외 기타 협회 및 단체,1990-11-15,12월
재단법인 케이티앤지장학재단,KT&G Scholarship Foundation,케이티앤지장학재단, ,백복인,기타법인,114622-0037735,120-82-08767,"서울특별시 성동구 뚝섬로13길 38 (성수동2가, 상상플래닛) 706호",scholarship.ktngtogether.com/,,그 외 기타 협회 및 단체,2008-06-02,12월
주식회사 케이티희망지음,KT Hopemate,케이티희망지음, ,정구학,기타법인,134111-0515920,441-88-01101,"경기도 과천시 새술막길 39 2층 (중앙동, kt과천스마트타워)",https://www.kthopemate.com/,,자동차 세차업,2019-02-08,12월
(주)케이피아이,(주)KPI,케이피아이, ,박영인,기타법인,110111-1332280,120-81-67283,경기도 김포시 장기동 1850, ,,"화장터 운영, 묘지 분양 및 관리업",1996-12-01,12월
유한회사 코뎀,"Kodem Co., Ltd.",코뎀, ,김하현,기타법인,210114-0165734,402-81-49095,전라북도 전주시 완산구 여울로 19 (서신동), ,,욕탕업,2002-08-14,12월
(주)코리아,KOREA Co. LTD,코리아, ,김광삼,기타법인,150111-0023600,301-81-25484,"충청북도 청주시 청원구 내수읍 충청대로 400 (구성리, 메리다웨딩컨벤션)", ,,예식장업,1995-12-18,12월
(주)코브디엠씨,COBDMC,코브디엠씨, ,한도성,기타법인,110111-2994386,215-86-55829,서울특별시 성동구 행당동 168-10, ,,욕탕업,2004-04-16,12월
코스메틱케어코리아주식회사,Cosmetic Care Korea Ltd,코스메틱케어코리아, ,쳉호벵,기타법인,110111-1480477,104-81-42903,서울특별시 강남구 역삼동 825-13 강남센타빌딩 4F,www.svenson.co.kr,,두발 미용업,1998-01-05,01월
(주)코스모스제일장례식장,-,코스모스제일장례식장, ,송영진,기타법인,131411-0262990,134-86-79823,"경기도 안산시 상록구 수인로 1222 (일동, 제일장례식장)",-,,장례식장 및 장의관련 서비스업,2011-08-04,12월
(주)코아플러스,"Core plus co.,Ltd.",코아플러스, ,김종관,기타법인,120111-0921967,680-86-01003,"인천광역시 계양구 아나지로 402 (작전동, 대원산업공장)", ,,그 외 기타 달리 분류되지 않은 개인 서비스업,2018-02-13,12월
코웨이(주),"COWAY Co., Ltd.",코웨이,021240,서장원,유가증권시장,110111-0626501,307-81-06054,충청남도 공주시 유구읍 유구마곡사로 136-23,company.coway.com,www.cowayir.co.kr,그 외 기타 개인 서비스업,1989-05-02,12월
크리스찬상조,christiansangjo,크리스찬상조, ,김현재,기타법인,110111-3860049,120-87-25612,서울특별시 강남구 선릉로115길 3,www.4christian.co.kr,,장례식장 및 장의관련 서비스업,2008-03-14,12월
(주)크린누리,CLEANNURI,크린누리, ,김형기,기타법인,284911-0161221,318-86-00676,경기도 파주시 법원읍 술이홀로 956 (법원리), ,,산업용 세탁업,2017-08-01,12월
(주)탑솔티엔에스,topsoltns,탑솔티엔에스, ,차상환,기타법인,160111-0156623,314-81-58905,대전광역시 서구 갈마동 361-7번지 4층, ,,그 외 기타 분류 안된 개인 서비스업,2003-04-25,12월
(주)태성에스더블유,TAESEONG SW ,태성에스더블유, ,신폴성범,기타법인,195511-0259650,648-87-02096,경상남도 김해시 주촌면 선천로 65 (선지리) 센텀해수사우나, ,,산업 단체,2021-06-01,12월
주식회사 태성에프앤알,TAESEONGEPEUAENAL,태성에프앤알, ,이영,기타법인,110111-4946955,107-87-77698,"경기도 안양시 동안구 관평로170번길 22 (평촌동, 한림대학교성심병원) 지층.", ,,장례식장 및 장의관련 서비스업,2012-08-27,12월
(주)태안모터스영등포서비스,TeianMotorsYeongdeungpo,태안모터스영등포서비스, ,서덕중,기타법인,110111-1534307,107-81-63396,"서울특별시 영등포구 영신로 224 (영등포동8가, 아우디서비스센터)", ,,자동차 종합 수리업,1998-04-14,12월
태양상조주식회사,"Taengyang sangjo. co, ltd",태양상조, ,김옥,기타법인,195411-0011565,613-81-37622,경상남도 진주시 진주대로 554 (가좌동),www.tysangjo.co.kr,,장례식장 및 장의관련 서비스업,2005-05-20,12월
주식회사 태우산업,TAEWOO Co.Ltd.,태우산업, ,문종식,기타법인,200111-0169908,410-81-78363,광주광역시 북구 삼각동 752-16번지, ,,욕탕업,2003-01-27,12월
주식회사 태인,"TAEIN Co.,Ltd",태인, ,김석영,기타법인,120111-0642513,122-86-29413,"인천광역시 남동구 남동대로747번길 51 (구월동, 버들빌딩지하1층)",www.icsungmo.or.kr,,장례식장 및 장의관련 서비스업,2013-01-11,12월
(주)태인리사이클링,"TAEIN RECYCLING CO.,LTD",태인리사이클링, ,이봉규,기타법인,284111-0111941,132-86-13126,경기도 남양주시 오남읍 양지로 149-46 (오남리), ,,산업 단체,2013-01-22,12월
(주)태종대온천,-,태종대온천, ,성민호,기타법인,180111-0322220,602-81-17515,부산광역시 영도구 동삼2동 972번지,http://www.tjdspa.com,,욕탕업,2000-05-03,12월
태천개발(주),"Tae-Cheon Development Co.,Ltd.",태천개발, ,김창규,기타법인,110111-1252644,104-81-38879,충청남도 아산시 음봉면신수리 288-6,www.spavis.co.kr,,욕탕업,1996-03-20,12월
텍넷 주식회사,Tacnet,텍넷, ,김종서,기타법인,110111-4342765,206-86-42878,"서울특별시 광진구 아차산로78길 44 (광장동, 크레스코빌딩) 805호", ,,산업 단체,2010-05-03,12월
투어라이프(주),TOURLIFE,투어라이프, ,박충배,기타법인,210111-0046542,402-81-64024,"전라북도 전주시 덕진구 백제대로 827 (우아동3가, 예일빌딩 3층)",www.itourlife.co.kr,,장례식장 및 장의관련 서비스업,2005-02-22,12월
주식회사 트라움에스앤씨,"Traum S&C Co., Ltd.",트라움에스앤씨, ,Kim Jin-Min,기타법인,110111-4483999,220-88-09054,"서울특별시 강남구 언주로 564 (역삼동, 라움)",www.theraum.co.kr/,,예식장업,2010-12-10,12월
주식회사 트라이랜드엔터프라이즈,trilandenterprise,트라이랜드엔터프라이즈, ,장순용,기타법인,110111-5711521,141-86-00095,서울특별시 마포구 독막로 68 (상수동), ,,"화장터 운영, 묘지 분양 및 관리업",2015-04-29,12월
(주) 트리플하이엠,Triple HM,트리플하이엠, ,박혁,기타법인,110111-3091686,220-86-93067,"서울특별시 금천구 가산디지털1로 145 (가산동, 에이스하이엔드타워3차) 1205,1206호",hmcorp.co.kr,,그 외 기타 개인 서비스업,2004-10-04,12월
티비테크애드(주),"TBTECHAD.CO.,LTD.",티비테크애드, ,유상술,기타법인,110111-2267444,206-81-59433,경기도 하남시 조정대로 150 아이테코블루존 1012호 (덕풍동),www.tbtechad.com,,그 외 기타 분류 안된 개인 서비스업,2001-06-23,12월
재단법인 티앤씨재단,T&C FOUNDATION,티앤씨재단, ,나석권,기타법인,274322-0033843,840-82-00156,서울특별시 용산구 이태원로 244 2층 (한남동),tncfoundation.org,,그 외 기타 협회 및 단체,2018-01-04,12월
주식회사 티웨딩,T WEDDING,티웨딩, ,김병호,기타법인,131311-0140990,125-86-25978,경기도 평택시 평택5로34번길 6-5 (합정동), ,,예식장업,2014-09-15,12월
재단법인 파라다이스 문화재단 ,PARADISE CULTURAL FOUNDATION,파라다이스문화재단, ,최윤정,기타법인,110122-0023192,203-82-31092,서울특별시 중구 퇴계로 299 (쌍림동) 3층 파라다이스문화재단,pcf.or.kr/,,그 외 기타 협회 및 단체,1989-02-16,12월
주식회사 파티웨딩유,"PARTYWEDDINGYOU Co.,Ltd",파티웨딩유, ,박상훈,기타법인,135811-0233353,124-87-42200,경기도 수원시 권선구 세화로 220 (서둔동),www.partyou.co.kr/,,예식장업,2013-07-23,12월
팔공산추모공원주식회사,"Palgongpark co.,Ltd",팔공산추모공원, ,김영일,기타법인,180111-0462810,605-81-63018,대구광역시 동구 인산로 264 (진인동), ,,"화장터 운영, 묘지 분양 및 관리업",2003-10-06,12월
(주)평화누리,"PYEONGHWA NURI Co.,Ltd.",평화누리, ,천만성,기타법인,110111-6769397,813-88-01058,"서울특별시 서초구 반포대로 22 (서초동, 서초평화빌딩,대호빌딩)",https://www.phfs.co.kr/,,장례식장 및 장의관련 서비스업,2018-06-01,12월
(주)평화목화예식장, ,평화목화예식장, ,이영학,기타법인,181211-0011333,610-81-21311,울산광역시 남구 달동 1252-1, ,,예식장업,1990-01-01,12월
(주)평화원,proung wha won,평화원, ,천영무,기타법인,160111-0166359,305-81-66930,대전광역시 중구 대전천서로 745 (중촌동) 1층, ,,장례식장 및 장의관련 서비스업,2003-12-14,12월
포니정장학재단,Pony Chung Foundation,포니정장학재단, ,정몽규,기타법인,114622-0034260,120-82-07695,"서울특별시 용산구 한강대로23길 55 (한강로3가, 용산역)",www.ponychung.org,,그 외 기타 협회 및 단체,2005-11-07,12월
주식회사 포스위드,"POSWITH CO., LTD.",포스위드, ,이광호,기타법인,171711-0075927,506-81-62783,경상북도 포항시 남구 동촌동 5번지,www.poswith.com,,산업용 세탁업,2007-12-01,12월
재단법인 포스코1퍼센트나눔재단,POSCO 1 Foundation,포스코1퍼센트나눔재단, ,장인화,기타법인,110122-0108093,120-82-11485,"서울특별시 강남구 테헤란로 440 (대치동, 포스코센터)",www.poscofoundation.org,,그 외 기타 협회 및 단체,2013-11-12,12월
재단법인 포스코청암재단,POSCO TJ PARK FOUNDATION,포스코청암재단, ,김선욱,기타법인,174671-0003947,506-82-00014,경상북도 포항시 남구 포스코대로 10 (지곡동), ,,그 외 기타 협회 및 단체,1971-01-27,12월
주식회사 포항서밋에프앤비,corporation PhohangsummitF&B,포항서밋에프앤비, ,서진영,기타법인,171711-0164473,499-88-02074,"경상북도 포항시 북구 소티재로151번길 5 (우현동, 서밋컨벤션)",pohangconvention.com/,,예식장업,2021-06-22,12월
(주)포항서밋컨벤션, pohang summit convention,포항서밋컨벤션, ,서진영,기타법인,171711-0150224,440-86-01521,"경상북도 포항시 북구 소티재로151번길 5 (우현동, 포항서밋컨벤션)",pohangconvention.com,,예식장업,2019-10-16,12월
(주)포항온천,"POHANG HOT SPRING CO.,LTD",포항온천, ,황성곤,기타법인,171711-0076181,506-81-63083,경상북도 포항시 북구 법원로97번길 44 (장성동), ,,욕탕업,2007-12-26,12월
재단법인 플라톤 아카데미,Foundation Platonica Academia,플라톤아카데미, ,최창원,기타법인,110122-0050989,104-82-11557,"서울특별시 종로구 인사동7길 32 (관훈동, SK건설빌딩) 2층",www.platonacademy.org,,그 외 기타 협회 및 단체,2010-11-04,12월
피에스씨네트웍스,"PSC Networks.co,.ltd",피에스씨네트웍스, ,박승철,기타법인,110111-2385048,211-87-05421,"서울특별시 강남구 언주로 869 (신사동, 서영빌딩) 3층",www.pschair.co.kr,,두발 미용업,2002-01-01,12월
주식회사 피에스씨컨설팅,PSC consulting,피에스씨컨설팅, ,최운,기타법인,110111-3260934,113-86-00673,"서울특별시 강북구 도봉로 308 7층(번동, 북한산스카이빌딩)", ,,"화장터 운영, 묘지 분양 및 관리업",2005-09-27,12월
(주)피엠피,PMP Ltd,피엠피, ,남호정,기타법인,171211-0024883,505-81-27750,경상북도 경주시 외동읍 문산리 742-25, ,,자동차 전문 수리업,2003-04-01,12월
필중극본 주식회사,PILJOONG KEUKBON,필중극본, ,김순옥,기타법인,110111-4189539,220-87-88033,서울특별시 강남구 도산대로101길 3 동원빌딩 (청담동), ,,전문가 단체,2009-10-01,12월
하나다개발(주),"HANADA Development co., Ltd.",하나다개발, ,김익규,기타법인,230111-0207984,610-86-21688,울산광역시 울주군 청량면 삼정로 38 (삼정리), ,,그 외 기타 협회 및 단체,2013-05-21,12월
유한회사 하나한주택,hanahanhousing,하나한주택, ,김삼락,기타법인,191414-0000409,611-81-23855,"경상남도 거창군 거창읍 거열로4길 98 (중앙리, 하나로3차) 304호", ,,산업 단체,2013-03-11,12월
하늘문주식회사,haneulmun,하늘문, ,주은형,기타법인,281111-0122983,128-86-18777,경기도 고양시 덕양구 벽제동 523-24, ,,"화장터 운영, 묘지 분양 및 관리업",2007-01-26,12월
재단법인 하림재단,halim foundation,하림재단, ,김홍국,기타법인,110222-0010345,114-82-07443,서울특별시 강남구 도산대로 130 (논현동) 하림빌딩 7층,www.halim.or.kr,,기타 협회 및 단체,2003-01-29,12월
(주)하이빌,hibill.co,하이빌, ,강재철,기타법인,180111-1163756,726-87-01121,"부산광역시 사하구 하신중앙로 331 (하단동, 하이웰빌딩)6층", ,,산업 단체,2021-03-20,12월
(주)하이텍영상,"HITEK VISION CO.,LTD.",하이텍영상, ,최종만,기타법인,110111-2558009,107-86-19861,서울특별시 금천구 가산디지털1로 204 (가산동) 1501호-1515호, ,,산업 단체,2002-07-02,12월
(주)한가람개발,Hangaram Development CO LTD,한가람개발, ,신달순,기타법인,110111-1110925,114-81-62677,서울특별시 서초구 반포동 19-3 센트럴시티 1층, ,,기타 개인 서비스업,1994-12-22,12월
한강라이프(주),HANKANGLIFE co.ltd,한강라이프, ,김옥권,기타법인,160111-0182610,305-81-72728,대전광역시 대덕구 선비마을로5번길 8 (송촌동),www.hankanglife.com,http://www.hankanglife.com,장례식장 및 장의관련 서비스업,2004-12-14,12월
한국고등교육재단,KFAS,한국고등교육재단, ,최태원,기타법인,114622-0000613,220-82-01496,서울특별시 강남구 테헤란로 211 (역삼동) 7층,www.kfas.or.kr,,그 외 기타 협회 및 단체,1974-11-14,12월
한국농어촌공사,Korea Rural Community & Agriculture Corporation,한국농어촌공사, ,홍문표,기타법인,135271-0000021,123-82-08470,경기도 의왕시 포일동 한국농촌공사,www.ekr.or.kr,,그 외 기타 분류 안된 개인 서비스업,2000-01-01,12월
(주)한국블록체인,"Korea Blockchain Co., Ltd.",한국블록체인, ,김용호,기타법인,110111-6340684,181-86-00695,"서울특별시 서초구 효령로 22 (방배동, 멤버스뷰) 310호", ,,그 외 기타 달리 분류되지 않은 개인 서비스업,2017-03-09,12월
한국산업금융개발공단주식회사,KoreaInssutitutte fanance deveiiopment.L.T.D,한국산업금융개발공단, ,이정숙,기타법인,110111-2692740,204-81-80153,"서울특별시 동대문구 청량리동235-4, 미주A상가433호",kifd@hanmail.net,,기타 개인 서비스업,2003-01-13,12월
한국상용트럭 주식회사,"Korea Commercial Truck co., Ltd",한국상용트럭, ,조용균,기타법인,131311-0197991,407-81-31305,경기도 평택시 진위면 남부대로 552 (청호리), ,,자동차 종합 수리업,2019-05-21,12월
한국상용트럭 주식회사,"Korea Commercial Truck Co.,Ltd",한국상용트럭, ,조용균,기타법인,220111-0176355,451-87-01135,제주특별자치도 제주시 애월읍 평화로 2585 (고성리), ,,자동차 종합 수리업,2018-05-21,12월
주식회사 한국애경컨벤션,Amourart wedding convention,한국애경컨벤션, ,박종찬,기타법인,150111-0208971,439-86-00139,충청북도 청주시 흥덕구 남석로 579 (석곡동)305-2,www.amourart.co.kr/,,예식장업,2015-09-07,12월
재단법인 한국유방건강재단,Korea Breast Cancer Foundation,한국유방건강재단, ,노동영,기타법인,114222-0008863,106-82-11311,"서울특별시 용산구 한강대로 100 (한강로2가, 아모레퍼시픽) 16층", ,,그 외 기타 협회 및 단체,2000-07-29,12월
한국장묘개발(주),"KOREA JANG-MYO CO,.",한국장묘개발, ,장사인,기타법인,130111-0053239,135-81-32603,경기도 수원시 장안구 정자동 91,http://www.goutopia.co.kr,,"화장터 운영, 묘지 분양 및 관리업",1999-07-01,12월
한국제지공업협동조합,Korea Paper Industry Cooperrative,한국제지공업협동조합, ,권혁홍,기타법인,114650-0001294,220-82-00444,"서울특별시 강남구 강남대로 354 405호(역삼동, 혜천빌딩)", ,,산업 단체,1962-05-03,12월
한국증권업협회,Korea Securities Dealers Association,한국증권업협회, ,황건호,기타법인,116171-0008070,116-82-00349,서울특별시 영등포구 여의도동 증권업협회 21층 증권산업지원부,www.ksda.or.kr,,협회 및 단체,1953-11-18,03월
한국타이어나눔재단,HANKOOKTIRE FOUNDATION,한국타이어나눔재단, ,조희경,기타법인,115122-0001565,220-82-01860,"서울특별시 서초구 서초대로74길 23 (서초동, 서초타운트라팰리스) 707호",hankooktirefoundation.or.kr/,,그 외 기타 협회 및 단체,1990-12-10,12월
한국통합상조(주),"Korea Integrated Mutual Aid Co., Ltd",한국통합상조, ,이성욱,기타법인,110111-5136018,106-86-93970,"서울특별시 용산구 한강대로 397 6층 (동자동, 부양빌딩)", ,,장례식장 및 장의관련 서비스업,2013-05-15,12월
(주)한국티씨엠,hanguktcm,한국티씨엠, ,강종수,기타법인,131411-0159387,134-86-17429,대구광역시 수성구 달구벌대로 3173 (매호동)4층 (주)한국티씨엠, ,,전문가 단체,2004-09-13,12월
한근자동차공업(주),hangunmotors,한근자동차공업, ,이한근,기타법인,134111-0052427,138-81-12829,경기도 안양시 동안구 시민대로 367 (관양동),www.hkmotors.net,,자동차 수리 및 세차업,1996-11-27,12월
한남기업 주식회사,HANNAM Corp,한남기업, ,손성학,기타법인,110111-1466401,214-86-19010,"서울특별시 서초구 청계산로 195 (신원동, 프라임시티) 204호", ,,그 외 기타 협회 및 단체,1997-10-01,12월
한라상조(주),"HANLA MUTUAL AID Corp, LTD",한라상조, ,문병우,기타법인,230111-0097707,610-81-67883,"경기도 용인시 기흥구 흥덕1로 13 (영덕동, 흥덕IT밸리) 타워동 에이 603호",www.hanlasangjo.com,,장례식장 및 장의관련 서비스업,2003-08-07,12월
재단법인한반도평화만들기,koreapeacefoundation,한반도평화만들기, ,홍석현,기타법인,110322-0049285,351-82-00210,서울특별시 성북구 성북로 148 (성북동),www.koreapeace.foundation/,,그 외 기타 협회 및 단체,2017-11-20,12월
(주)한솥,"HANSOT CO.,LTD",한솥, ,이영덕,기타법인,110111-0619829,214-81-96569,"서울특별시 강남구 강남대로 318 역삼동, 타워837 8~9층",www.hsd.co.kr,,기타 개인 서비스업,1989-04-03,12월
재단법인 한우리나눔재단,FOUNDATION OF HANWOORINANUM,한우리나눔재단, ,선우중호,기타법인,131222-0001331,126-82-13176,경기도 여주시 능서면 능여로 344, ,,그 외 기타 협회 및 단체,2012-11-20,12월
한울아이디 주식회사,hanulid,한울아이디, ,이영범,기타법인,135511-0277901,686-86-00093,"경기도 안산시 상록구 원당골1길 1 201호(수암동, 펠리체)", ,,그 외 기타 협회 및 단체,2015-03-13,12월
주식회사 한원컨벤션,hanwonconvention,한원컨벤션, ,김금옥,기타법인,211111-0038986,401-81-51958,"전라북도 군산시 대학로 430 (나운동, 궁전웨딩홀)", ,,예식장업,2013-09-13,12월
(주)한일공업,Corp.HANIL Company,한일공업, ,권기대,기타법인,170111-0177114,503-81-46241,경상북도 포항시 남구 섬안로45번길 26 (괴동동), ,,자동차 종합 수리업,2011-12-28,12월
한일전기씨에스 주식회사,"HANIL ELECTRIC CS CO., LTD.",한일전기씨에스, ,김범수,기타법인,110111-3541152,107-86-83330,"서울특별시 영등포구 당산로33길 7 1층 (당산동3가, 성화빌딩)",www.hanilelec.co.kr,,가전제품 수리업,2006-10-12,12월
한진흥업 주식회사,"Hanjin Heungup Co.,ltd",한진흥업, ,왕성희,기타법인,110111-0020810,203-81-43500,서울특별시 중구 필동로5길 7 (필동3가) 라비두스, ,,예식장업,1970-03-17,12월
(주)한효라이프,"Hanhyo Life co., Ltd.",한효라이프, ,정재섭,기타법인,190111-0059326,608-81-61417,"경상남도 창원시 마산회원구 북성로 118 403(회원동, 한효프라자)", ,,장례식장 및 장의관련 서비스업,2006-01-03,12월
해영선박(주),"Haeyoung Maritime Services Co., Ltd.",해영선박, ,권주석,기타법인,180111-0516766,602-81-36225,부산광역시 중구 중앙대로 63 부산우체국보험회관 7층 (중앙동3가), ,,그 외 기타 분류 안된 개인 서비스업,2005-04-14,12월
(주)해운대레저,HAEUNDAE LESURE,해운대레저, ,정영식,기타법인,180111-0626614,617-81-70884,"부산광역시 해운대구 해운대로 814 (좌동, 세종월드프라자)",www.hltown.co.kr,,"미용, 욕탕 및 유사 서비스업",2008-03-21,12월
주식회사 해태산업,HAETAE INDUSTRY INC.,해태산업, ,오희영,기타법인,160111-0385991,318-81-05638,"대전광역시 유성구 동서대로 639 (원신흥동, 라도무스아트센터) 1층", ,,예식장업,2014-11-28,12월
(주)해피맘월드,HAPPYMOM WORLD,해피맘월드, ,손남경,기타법인,110111-5196377,220-88-62516,"서울특별시 송파구 법원로 114 C동 301,303호 (문정동, 엠스테이트)",www.happymomw.com,,마사지업,2013-08-01,12월
해피엔딩 주식회사,Happyending.Co.Ltd,해피엔딩, ,박덕만,기타법인,110111-3621764,110-81-77620,"경기도 구리시 한다리길 29 (교문동, 해피엔딩빌딩)", ,,장례식장 및 장의관련 서비스업,2007-02-16,12월
주식회사 행복,hangbouk,행복, ,최경달,기타법인,220111-0067124,616-81-67576,"제주특별자치도 제주시 과원로 70 (연동, 부림랜드)", ,,욕탕업,2008-08-29,12월
재단법인 행복그린넷,Happy Green Net Foundation,행복그린넷, ,최승원,기타법인,134622-0001968,125-82-11175,경기도 안성시 공도읍 기업단지로 264 (용두리),happygr.org,,통신장비 수리업,2011-11-17,12월
(주)행복드림,happydream,행복드림, ,"채하기, 채인기",기타법인,200111-0311195,410-86-46089,광주광역시 광산구 무진대로 266 (우산동),http://xn--lz2b888b.com/,,장례식장 및 장의관련 서비스업,2011-01-12,12월
재단법인 행복커넥트,happyconnect,행복커넥트, ,이준호,기타법인,160122-0008681,314-82-16576,"대전광역시 동구 계족로 151 (대동, 대전지식산업센터) 5층",happyconnect.co.kr/,,통신장비 수리업,2013-04-01,12월
(주)헤리티지산후조리원,Heritage Postpartum Care Center,헤리티지산후조리원, ,이수진,기타법인,110111-5271161,120-88-05345,"서울특별시 강남구 삼성로 635 (삼성동, 한섬빌딩)", ,,개인 간병 및 유사 서비스업,2013-11-19,12월
현대강남자동차서비스(주),HYUNDAI GANGNAM,현대강남자동차서비스, ,권오규,기타법인,110111-1989776,214-86-60654,"서울특별시 서초구 마방로 26 (양재동, 현대기아자동차서비스)", ,,자동차 종합 수리업,2000-06-07,12월
(주)현대기아남구정비서비스,HYUNDAI-KIASERVICE,현대기아남구정비서비스, ,전용근외1,기타법인,180111-0069129,617-81-02862,"부산광역시 남구 신선로 340 (용당동, 기아자동차금성정비)",www.hyundai-kiaservice.co.kr/,,자동차 종합 수리업,1986-11-01,12월
현대디지텍(주),"Hyundai Digitech co., Ltd",현대디지텍, ,김승기,기타법인,110111-2166480,214-86-76608,서울특별시 용산구 원효로3가 53-5 청진빌딩 13층,www.hdigitech.com,,컴퓨터 및 주변 기기 수리업,2001-02-08,12월
주식회사 현대서대구정비센타,Hyundai Seodaegu ,현대서대구정비센타, ,최봉순,기타법인,170111-0023408,503-81-08039,대구광역시 달서구 달구벌대로308길 24 (감삼동), ,,자동차 종합 수리업,1981-11-20,12월
현대서부서비스(주),Hyundai Seobu Service Company,현대서부서비스, ,박종관,기타법인,200111-0482871,733-88-00637,"광주광역시 서구 풍서좌로 247 (세하동, 현대서부서비스(주))", ,,자동차 종합 수리업,2017-01-18,12월
현대에스라이프 주식회사,"HYUN DAI S LIFE CO.,LTD",현대에스라이프, ,이봉상,기타법인,170111-0219536,504-81-45435,대구광역시 동구 안심로 52 (율하동),songjo114.net,,장례식장 및 관련 서비스업,2002-03-15,12월
현대영등포서비스,"HYUNDAI YUNGDEUNGPO SERVICE,INC",현대영등포서비스, ,임경표,기타법인,110111-2998768,117-81-50151,서울특별시 영등포구 문래동1가 22-19, ,,자동차 종합 수리업,2004-05-01,12월
(주)현대자동차충청써비스,HyundaiCarCHService,현대자동차충청써비스, ,김송,기타법인,164811-0030176,312-81-68805,충청남도 아산시 곡교천로125번길 35 (실옥동), ,,자동차 종합 수리업,2004-10-30,12월
재단법인 현대중공업그룹일퍼센트나눔재단,HHI GROUP 1PERCENT NANUM FOUNDATION,현대중공업그룹일퍼센트나눔재단, ,권오갑,기타법인,110322-0038361,104-82-12158,"서울특별시 종로구 율곡로 75 (계동, 현대빌딩) 14층", ,,그 외 기타 협회 및 단체,2011-12-06,12월
현대증권노동조합,Hyundai Securities Trade Union,현대증권노동조합, ,민경윤,기타법인,254143-0013526,107-82-61231,서울특별시 영등포구 여의도동현대증권빌딩 10층 노동조합, ,,그 외 기타 분류 안된 개인 서비스업,1980-05-12,12월
(재) 현대차 정몽구 재단,Chung Mong-Koo Foundation,현대차정몽구재단, ,권오규,기타법인,110122-0045013,101-82-15971,"서울특별시 종로구 율곡로 75 (계동, 현대빌딩) 3층",www.hyundai-cmkfoundation.org/,,그 외 기타 협회 및 단체,2007-11-16,12월
주식회사 현진시닝,HYUNJIN SEENING CORP.,현진시닝, ,이호성,기타법인,110111-3538000,101-86-26646,경기도 과천시 향나무로 6 (과천동),www.hyunjinsn.com,,장례식장 및 장의관련 서비스업,2006-10-09,12월
(주)현한,hyunhan,현한, ,김한성,기타법인,110111-3920322,206-86-28352,서울특별시 성동구 성수1가1동 656 ~661,jsuysu@hanmail.net,,"화장터 운영, 묘지 분양 및 관리업",2008-06-23,12월
협신자동차서비스(주),HYUPSINMOTORS CO. LTD,협신자동차서비스, ,"심영태, 서성대",기타법인,180111-0466763,607-81-67039,부산광역시 연제구 월드컵대로 180,www.hyupsinmotors.com,,자동차 종합 수리업,2003-11-11,12월
호국장학재단,hoguk foundation,호국장학재단, ,장수만,기타법인,114222-0006142,106-82-05920,서울특별시 용산구 용산동3가 국방부 별관B112호,hoguk.or.kr,,그 외 기타 협회 및 단체,1992-06-24,12월
호남문화재단,honam foundation for arts and culture,호남문화재단, ,허진규,기타법인,215122-0007306,402-82-18212,전라북도 전주시 덕진구 정여립로 1083 (만성동), ,,그 외 기타 협회 및 단체,2006-06-29,12월
재단법인 호반문화재단,Hoban Culture Foundation,호반문화재단, ,우현희,기타법인,204122-0001971,410-82-13519,"광주광역시 서구 상무대로 943 (쌍촌동, 호반건설), 5층", ,,그 외 기타 협회 및 단체,2004-10-14,12월
재단법인 호반장학회,Hoban scholaship foundation,호반장학회, ,김상열,기타법인,204122-0000345,410-82-11355,"광주광역시 서구 상무대로 943 (쌍촌동, 호반건설) 5층", ,,그 외 기타 협회 및 단체,1999-11-12,12월
주식회사 호산산후웰빙센타,"HOSAN POSTPARTUM CARE WELLBING CENTER CO., LTD",호산산후웰빙센타, ,조인수,기타법인,110111-1558612,203-81-26535,서울특별시 강남구 신사동 616-3, ,,개인 간병 및 유사 서비스업,1998-06-23,12월
주식회사 호안,HOAN,호안, ,오승현,기타법인,134611-0105052,519-88-01632,"경기도 안성시 공도읍 송원길 43 ,3층 (만정리)", ,,이용 및 미용업,2020-04-20,12월
주식회사 홍인개발,"HONG IN Co.,Ltd",홍인개발, ,유선종,기타법인,170111-0457920,502-86-16579,대구광역시 동구 안심로22길 14 (율하동), ,,욕탕업,2012-04-13,12월
주식회사홍진,hongjin,홍진, ,윤진근,기타법인,170111-0814823,353-81-02385,대구광역시 수성구 청호로85안길 11 (범어동) 101호, ,,"화장터 운영, 묘지 분양 및 관리업",2021-04-09,12월
홍학산업개발,HONGHAK,홍학산업개발, ,도동학,기타법인,220111-0072412,616-81-73909,"제주특별자치도 제주시 서해안로 236 (도두일동, 도두해수파크)", ,,욕탕업,2009-09-22,12월
화성상용서비스(주),"hsa sung co.,ltd",화성상용서비스, ,이종명,기타법인,135811-0159161,124-86-73365,경기도 화성시 양감면 암소고개로 255-18 (요당리)583-5, ,,자동차 종합 수리업,2008-10-01,12월
주식회사 화이트 클린,WHITE CLEAN,화이트클린, ,조성철,기타법인,220111-0163857,322-87-00798,제주특별자치도 제주시 애월읍 하소로 571, ,,세탁물 공급업,2017-06-20,12월
주식회사 황금스파,goldspa,황금스파, ,백승수,기타법인,110111-4597914,201-86-20919,"서울특별시 중구 청계천로 400 (황학동, 롯데캐슬베네치아) 지하2층 2001,2002,2005호", ,,욕탕업,2011-09-20,12월
황태자온천스포츠 주식회사,Prince Sports Spa,황태자온천스포츠, ,김점호,기타법인,180111-0406727,617-81-39694,부산광역시 사상구 주례1동, ,,욕탕업,2002-04-30,12월
효경라이프(주),"HYOEVENT CO., LTD. ",효경라이프, ,류준근,기타법인,180111-0629577,605-81-88173,부산광역시 부산진구 중앙대로 980 (양정동) 3층,hyoevent.co.kr,,장례식장 및 장의관련 서비스업,2008-04-14,12월
효명레저산업(주),"Hyomyung Leisure Industry Co.,Ltd",효명레저산업, ,정수화,기타법인,150111-0074299,301-81-69954,충청북도 청원군 부용면 문곡리 산234번지,www.spais.co.kr,,욕탕업,2003-06-12,12월
(주)효원상조,"HYOWONSANGJO MUTUAL AID Co.,Ltd.",효원상조, ,이선주,기타법인,134211-0067226,126-81-81624,서울특별시 강동구 풍성로38길 9 바로빌딩 3층 (성내동),www.hwsj.co.kr,,장례식장 및 장의관련 서비스업,2004-09-23,12월
재단법인 효정글로벌통일재단,HJ Global Unification Foundation,효정글로벌통일재단, ,김석병,기타법인,111422-0009692,105-82-11768,"서울특별시 마포구 마포대로 34 (도화동, 도원빌딩)", ,,기타 종교 단체,2000-06-26,12월
(주)효진산업개발,Hyojin Industrial Development,효진산업개발, ,박은희,기타법인,134811-0566820,590-87-01916,경기도 화성시 동탄역로 56 (오산동),경기도 화성시 동탄역로 56(오산동),,자동차 세차업,2020-07-01,12월
(주)훼미리월드,FAMILY WORLD,훼미리월드, ,김성권,기타법인,134111-0091532,123-81-73504,서울특별시 서초구 서초중앙로18길 43 (서초동),www.saunapark.co.kr,,욕탕업,2001-12-15,12월
휴먼라이프 주식회사,HUMANLIFE,휴먼라이프, ,박남하,기타법인,110111-4818245,114-86-94252,서울특별시 서초구 언남12길 12 (양재동) 1층 휴먼라이프,humanlifesj.com/,,장례식장 및 장의관련 서비스업,2012-03-13,12월
주식회사 휴민시티,MUNYOUNG INT CO.LTD,휴민시티, ,김동일,기타법인,110111-4132405,211-88-29911,서울특별시 강남구 논현로 742 (논현동),www.patio9.com,,예식장업,2009-07-07,12월
(주)흥지디앤피,heungdnp,흥지디앤피, ,문병철,기타법인,110111-3294404,220-87-17561,서울특별시 종로구 돈화문로4길 29 (종로3가) 2층, ,,산업 단체,2005-10-07,12월
주식회사희경이엔씨,hee kyung E&C,희경이엔씨, ,강재철,기타법인,180111-1295038,258-86-01806,"부산광역시 사하구 하신중앙로 331 (하단동, 하이웰빌딩)6층", ,,산업 단체,2020-06-08,12월
