회사이름,영문명,공시회사명,종목코드,대표자명,법인구분,법인등록번호,사업자등록번호,주소,홈페이지,IR홈페이지,업종명,설립일,결산월
주식회사 1997빠리엔터,1997 Parisenter Corp,1997빠리엔터, ,정용화,기타법인,170111-0814922,243-81-02021,대구광역시 수성구 용학로 84 (두산동), ,,공연 기획업,2021-04-07,12월
(주)AD엔터테인먼트,"AD Entertainment Co.,Ltd.",AD엔터테인먼트, ,이영관,기타법인,180111-0302545,621-81-36172,부산광역시 금정구 구서2동184-3 해강빌딩5층,www.ADEXE.com,,공연 기획업,1999-11-01,12월
그랜드코리아레저(주),"Grand Korea Leisure Co.,Ltd",GKL,114090,윤두현,유가증권시장,110111-3301457,104-81-96184,서울특별시 강남구 삼성로 610 삼성동,www.grandkorea.com,,기타 사행시설 관리 및 운영업,2005-09-06,12월
주식회사 KBS비즈니스,"KBS Business Company, Ltd",KBS비즈니스, ,박승규,기타법인,110111-0621064,109-81-20807,서울특별시 강서구 공항대로 376 KBS비즈니스,www.kbs88.co.kr,,종합 스포츠시설 운영업,1989-04-01,12월
주식회사 KBS 아트비전,KBS ART VISION LTD.,KBS아트비전, ,정철훈,기타법인,110111-0803597,116-81-41095,"서울특별시 영등포구 여의대방로 359 (여의도동, KBS별관)",www.kbsart.co.kr,,그 외 기타 창작 및 예술관련 서비스업,1991-09-11,12월
주식회사 LG스포츠,LG SPORTS Ltd.,LG스포츠, ,김인석,기타법인,110111-0359300,120-81-57558,서울특별시 송파구 올림픽로 25 종합운동장내 야구장,www.lgtwins.com,,스포츠 클럽 운영업,1983-11-07,12월
MABUCHI S&T INC,MABUCHI S&T INC,MABUCHIS&TINC, ,HIROTARO MABUCHI,기타법인, ,812-66-410001,1842-7 TATSUNO KAMIINA NAGANO JAPAN, ,,그 외 기타 분류 안된 오락관련 서비스업,2000-04-04,03월
(주)가산골프연습장,"ks,ltd",가산골프연습장, ,강순세,기타법인,234111-0132129,299-87-02521,경상남도 양산시 동면 금산2길 32 201호(금산리),-,,그 외 기타 스포츠 서비스업,2022-08-24,12월
(유)가승개발,Gaseung Development Company,가승개발, ,이승민,기타법인,134514-0003989,119-88-00340,"경기도 용인시 기흥구 고매로 86 (고매동, 신일빌딩) 3층", ,,골프장 및 스키장 운영업,2016-01-21,12월
가야개발(주),"GAYA Development Co., Ltd.",가야개발, ,김영섭,기타법인,184611-0000913,622-81-00022,"경상남도 김해시 상동면 인제로 502 (묵방리, 가야컨트리클럽)",www.gayacc.com,,골프장 운영업,1984-02-28,12월
(주) 가오닉스스포츠,"gaonixsports co.,ltd",가오닉스스포츠, ,김진우,기타법인,110111-1106148,211-87-05284,서울특별시 강남구 신사동 575,http://www.gaonixclub.co.kr,,체력단련시설 운영업,2001-12-10,12월
주식회사 가평개발,GAPYEONG DEVELOPMENT,가평개발, ,김길수,기타법인,115511-0000481,132-81-04369,경기도 가평군 상면 율길리 476, ,,골프장 운영업,1989-04-04,12월
주식회사 감지원,GAM JI ONE Inc.,감지원, ,홍서안,기타법인,110111-8735859,141-88-02928,서울특별시 광진구 강변북로 2234 (자양동) 서운겸지, ,,그 외 기타 스포츠시설 운영업,2023-10-01,12월
강남300컨트리클럽 주식회사,"Jain Tour Co., Ltd.",강남300컨트리클럽, ,정상교,기타법인,134211-0003117,126-81-08429,경기도 광주시 새말길 353 (목동),www.kn300.com,,골프장 운영업,1990-07-01,12월
주식회사 강남스포렉스,Gang Nam Sporex,강남스포렉스, ,김병규,기타법인,284411-0077543,231-81-05587,경기도 포천시 소흘읍 솔모루로 124-18 (송우리)주식회사 강남스포렉스, ,,종합 스포츠시설 운영업,2014-06-19,12월
(주)강변스포렉스,KANG BYUN,강변스포렉스, ,강응서,기타법인,110111-0730196,109-81-46054,서울특별시 강서구 염창동 산27-10번지,없음,,종합 스포츠시설 운영업,1996-03-01,12월
(주)강원랜드,"Kangwon Land, Inc.",강원랜드,035250,최철규,유가증권시장,144911-0001666,225-81-10770,강원도 정선군 사북읍 하이원길 265 강원랜드,kangwonland.high1.com ,http://kangwonland.high1.com,기타 사행시설 관리 및 운영업,1998-06-29,12월
강원레저개발(주),"KANGWON LEISURE CO.,LTD",강원레저개발, ,이동우,기타법인,110111-0236508,224-81-04009,강원도 원주시 소초면 바우실길 281 (수암리) 강원레저개발,www.parkvalley.co.kr,,골프장 운영업,1978-08-16,12월
강원특별자치도민프로축구단,GANGWON FOOTBALL CLUB,강원특별자치도민프로축구단, ,김병지,기타법인,140111-0036564,221-81-31526,강원도 강릉시 남부로 222 (노암동),www.gangwon-fc.com,,스포츠 클럽 운영업,2008-07-23,12월
(주)강진베이스볼파크,gangjin baseball park,강진베이스볼파크, ,우수창,기타법인,110111-3701227,211-87-98600,전라남도 강진군 도암면 학장리 83-9,www.gjbp.co.kr,,스포츠 및 오락관련 서비스업,2007-06-20,12월
(주)강촌레일파크,"Gangchon Railpark Co.,Ltd.",강촌레일파크, ,김찬용,기타법인,140111-0046810,221-81-38586,강원도 춘천시 신동면 김유정로 1383 (증리),www.railpark.co.kr,,그 외 기타 분류 안된 오락관련 서비스업,2011-10-04,12월
(주)강호개발,Ganho Development Co.,강호개발, ,금경화,기타법인,120111-0315772,137-81-59215,인천광역시 강화군 길상면 해안남로 392 (선두리), ,,골프장 운영업,2003-04-16,12월
주식회사 강화바이오골프리조트,"Kang hwa bio golf resort Co., Ltd.",강화바이오골프리조트, ,김춘란,기타법인,120111-0406331,137-81-75438,인천광역시 강화군 강화읍 관청리 175-15 청담빌딩 701호, ,,골프장 운영업,2006-06-20,12월
(주)갤럭시스포츠,galaxy sports,갤럭시스포츠, ,박남주,기타법인,206211-0037082,417-81-36516,"전라남도 여수시 주삼덕양로 78 (화장동, (주)갤럭시스포츠)", ,,골프장 운영업,2008-07-24,12월
(주)갤럭시아 에스엠,"Galaxia SM, INC.",갤럭시아에스엠,011420,이반석,유가증권시장,130111-0008771,134-81-02367,서울특별시 강남구  학동로 311 미성빌딩 7층,galaxiasme.com,,스포츠 서비스업,1975-05-06,12월
(주)갤럭시코퍼레이션,"Galaxy Corporation. Co., Ltd..",갤럭시코퍼레이션, ,최용호,기타법인,110111-7198694,781-86-01607,"서울특별시 영등포구 국제금융로 10 (여의도동, 서울국제금융센터), 53층 5350호",www.galaxyuniverse.ai,,그 외 기타 창작 및 예술관련 서비스업,2019-08-09,12월
주식회사 거성광명,"Geoseong Gwangmyeong Co., Ltd",거성광명, ,최진혁,기타법인,134911-0139774,202-86-03344,"경기도 광명시 하안로 289 (하안동, 태홍빌딩) 에이동 1층", ,,전자 게임장 운영업,2024-11-25,12월
주식회사 거성마곡,"Geoseong Magok Co., Ltd",거성마곡, ,최진혁,기타법인,110111-9108584,146-86-03836,"서울특별시 강서구 강서로 385 (마곡동, 우성에스비타워) 116호, 119호", ,,전자 게임장 운영업,2024-11-19,12월
주식회사 거성아케이드,"Geoseong Arcade Co., Ltd",거성아케이드, ,최진혁,기타법인,110111-8812904,333-88-02982,"서울특별시 영등포구 영중로4길 9 (영등포동3가, WD스퀘어) 101호", ,,전자 게임장 운영업,2024-03-18,12월
주식회사 거성와와,"Geoseong wawa Co., Ltd",거성와와, ,최진,기타법인,121111-0470228,319-86-03147,"경기도 부천시 원미구 중동로254번길 53 (중동, 세종프라자) 1층 101호", ,,전자 게임장 운영업,2024-07-16,12월
(주)거제씨월드,"Geoje Sea World Co.,Ltd.",거제씨월드, ,림치용,기타법인,180111-0772243,617-81-93252,경상남도 거제시 일운면 지세포해안로 15 (소동리),www.geojeseaworld.com,,식물원 및 동물원 운영업,2011-08-25,12월
(주)건강나라,"HELTH CUNTRY CO.,LTD",건강나라, ,이병주,기타법인,205711-0007367,411-81-37201,전라남도 무안군 무안읍 성동리 846-1, ,,골프장 운영업,2004-01-01,12월
(주)건민,GUN MIN,건민, ,이동진,기타법인,170111-0187048,504-81-37750,대구광역시 수성구 달구벌대로 3188 (신매동), ,,종합 스포츠시설 운영업,2000-12-19,12월
주식회사 건하,GEON HA,건하, ,박성호,기타법인,220111-0058149,616-81-58650,"제주특별자치도 제주시 탑동로 47 (삼도이동, 제주오리엔탈호텔)", ,,기타 사행시설 관리 및 운영업,2006-12-01,12월
주식회사 건훈,"Gunhun co., ltd",건훈, ,강용준,기타법인,110111-2895732,104-81-84714,경기도 안양시 동안구 호계동 1040-1 NC백화점 12층, ,,체력단련시설 운영업,2003-11-13,12월
(주)경,"KYUNG CO.,LTD.",경, ,송영주,기타법인,180111-0471754,617-81-49663,경상남도 김해시 구산동 635-2, ,,그 외 기타 스포츠시설 운영업,2003-12-31,12월
경기관광개발 주식회사,"KYONGKI TOURIST DEP. CO., LTD.",경기관광개발, ,김대웅,기타법인,110111-3348839,120-86-89531,경기도 광주시 곤지암읍 오향길 180 (오향리),https://logebiengc.com,,골프장 운영업,2005-11-25,12월
주식회사 경남도민프로축구단,gyeongnam football.club,경남도민프로축구단, ,지현철,기타법인,194211-0074534,609-81-69085,경상남도 창원시 성산구 비음로 97 주경기장 1층 경남FC 사무국,www.gsndfc.co.kr,,스포츠 클럽 운영업,2005-07-14,12월
주식회사 경북관광개발공사,kyungbuk Tourism Development Corporation,경북관광개발공사, ,권순,기타법인,171211-0000346,505-81-00635,경상북도 경주시 신평동 375, ,,사적지 관리 운영업,1975-07-29,12월
경산개발주식회사,Kyungsan Development,경산개발, ,우승수,기타법인,174811-0000200,515-81-00248,"경상북도 경산시 진량읍 일연로 718-42 (선화리, 대구컨트리클럽)",dgcc.co.kr,,골프장 운영업,1971-06-11,12월
경안레저산업(주),"KYUNG AN  Leisure Industry Co.,Ltd",경안레저산업, ,홍수영,기타법인,134811-0011768,124-81-35861,경기도 화성시 팔탄면 월문리 산235-30, ,,유원지 및 테마파크 운영업,1988-06-15,12월
주식회사 경암,Kyung am,경암, ,김기만,기타법인,281111-0075851,128-81-91773,경기도 양주시 칠봉산로332번길 97-1 (봉양동), ,,골프장 운영업,2004-02-20,12월
경원개발(주),kyungwon development co,경원개발, ,조성태,기타법인,184511-0004727,621-81-14504,부산광역시 기장군 정관읍 병산2로 265 (병산리),www.haeundaecc.com,,골프장 운영업,1992-07-01,05월
경원건설주식회사,"kyungWonConstruction Co., ltd.",경원건설, ,정철승,기타법인,131111-0000164,129-81-00028,경기도 성남시 분당구 안양판교로1201번길 161 (백현동),www.nscc.co.kr,,골프장 운영업,1954-12-30,12월
주식회사 경원실업,Kyung Won company limited,경원실업, ,홍승우,기타법인,150111-0079512,301-81-74855,충청북도 청주시 상당구 미원면 대신2길 31, ,,골프장 운영업,2004-04-02,12월
(주)경주버드파크,kyung bird park co ltd,경주버드파크, ,황성춘,기타법인,171211-0069300,505-81-69880,경상북도 경주시 보문로 4-71 185-1(북군동), ,,공연시설 운영업,2012-06-30,12월
경주보문타워 주식회사,"Gyeongju Bomun Tower CO., LTD.",경주보문타워, ,이상헌,기타법인,171211-0128247,570-87-02468,"경상북도 경주시 경감로 587-18 302호(천군동, 경주스마트미디어센터)", ,,그 외 기타 오락관련 서비스업,2022-03-18,12월
(주)경주신라컨트리클럽,gyeongju silla country club corporation,경주신라컨트리클럽, ,박태일,기타법인,171211-0026326,505-81-29480,경상북도 경주시 보문로 319 (신평동),www.sillacc.co.kr,,골프장 운영업,2001-04-17,12월
경주월드 주식회사,"GyeongjuWorld Co.,Ltd",경주월드, ,"정원기, 함영관",기타법인,110111-2676752,220-86-53968,"서울특별시 강남구 논현로 430 (역삼동, 아세아타워빌딩)",www.gjw.co.kr,,유원지 및 테마파크 운영업,2002-12-20,12월
주식회사  경주타워랜드,"GYEONGJU TOWERLAND CO.,LTD",경주타워랜드, ,김경선,기타법인,171211-0021780,505-81-24660,대구광역시 수성구 범어동 13-1 협성빌딩 4층,www.towerland21.com,,그 외 기타 분류 안된 오락관련 서비스업,1999-11-08,12월
주식회사 경포아쿠아리움,"Gyeong Po Aquarium Co., Ltd.",경포아쿠아리움, ,남양,기타법인,141111-0043146,226-81-47775,강원도 강릉시 난설헌로 131 (초당동),gg-aqua.com,,식물원 및 동물원 운영업,2013-05-21,12월
계룡레저산업주식회사,KYERYONG Leisure Industrial Co. Ltd,계룡레저산업, ,호충환,기타법인,160111-0114374,314-81-40443,대전광역시 중구 사정동 34번지,www.zooland.net,,유원지 및 테마파크 운영업,2002-03-22,12월
고령컨트리클럽 주식회사,GORYEONG C.C,고령컨트리클럽, ,박선자,기타법인,170111-0204123,514-81-41848,경상북도 고령군 고령읍 내곡리 1085-2, ,,골프장 운영업,2001-08-31,12월
(주)고성관광개발,"GOSEONG NOBEL CO.,LTD",고성관광개발, ,"박광환, 최경훈",기타법인,180111-0530104,617-81-57649,"부산광역시 남구 자성로 152 (문현동, 한일오피스텔)",-,,골프장 운영업,2005-08-31,12월
(주)고암개발,GOAM Development,고암개발, ,노승현,기타법인,230111-0114254,610-81-77872,울산광역시 울주군 서생면 명산리 130, ,,골프장 운영업,2005-07-15,12월
고양컨트리클럽(주),goyang country club,고양컨트리클럽, ,이일준,기타법인,285011-0156948,128-86-37866,경기도 고양시 덕양구 흥도로 304-23 (도내동), ,,골프장 운영업,2009-03-25,12월
주식회사 고은컨트리클럽,goeuncc,고은컨트리클럽, ,허석출,기타법인,110111-1369978,210-81-55907,경상북도 안동시 풍천면 풍일로 1572 (어담리),goeuncc.com/,,골프장 운영업,2005-08-18,12월
주식회사 곤지암레저,"Konjiam Leisure CO., Ltd.",곤지암레저, ,이규홍,기타법인,134211-0048325,126-81-58860,경기도 광주시 도척면 도웅리 산 41,@kcc.lg.co.kr,,골프장 운영업,2002-01-01,12월
(주)골드뱅크 클리커스,goldbankclickers.ltd,골드뱅크클리커스, ,이형석,기타법인,110111-1779177,201-81-25689,서울특별시 중구 초동 106-9 골드타워 7증, ,,스포츠 클럽 운영업,1999-11-15,05월
주식회사골드샤인,GOLD SHINE,골드샤인, ,김옥삼,기타법인,180111-1401429,301-87-02222,경상남도 양산시 물금읍 서들로 134 (가촌리)2층, ,,골프연습장 운영업,2021-11-23,12월
(주)골드시코리아인베스트먼트,"Goldsea Korea Investment Co.,Ltd.",골드시코리아인베스트먼트, ,림치용,기타법인,180111-0869115,617-86-09797,"경상남도 거제시 일운면 지세포해안로 15 (소동리, 거제씨월드)", ,,식물원 및 동물원 운영업,2013-07-11,12월
(주)골드힐,GOLDHILL,골드힐, ,이휘복,기타법인,161511-0084297,312-81-86633,"충청남도 천안시 서북구 입장면 기로3길 162 (기로리, 골드힐골프연습장)", ,,골프장 및 스키장 운영업,2006-11-14,12월
(주)골든블루마리나,goldenblue marina,골든블루마리나, ,김영진,기타법인,110111-2513699,105-86-39366,부산광역시 강서구 가덕해안로 1229 (대항동),yonsi1784@naver.com,,기타 수상오락 서비스업,2002-05-02,12월
(주)골든쌔들,Golden Inc.,골든쌔들, ,장세준,기타법인,110111-4308709,220-87-97911,경기도 양평군 용문면 경강로 2960 (다문리), ,,그 외 기타 스포츠시설 운영업,2010-03-19,12월
주식회사 골든이엔씨,"Golden E&C Co.,Ltd.",골든이엔씨, ,김재현,기타법인,154511-0035794,303-81-48106,충청북도 음성군 금왕읍 대금로 1507 (금석리) 3층, ,,골프장 운영업,2007-04-27,12월
주식회사 골든크라운,"GOLDEN CROWN Co., Ltd",골든크라운, ,안위수,기타법인,171211-0015791,505-81-13353,"대구광역시 수성구 팔현길 212 (만촌동, 호텔인터불고)",www.daegucasino.com,,기타 사행시설 관리 및 운영업,1997-06-18,12월
골든힐골프연습장(주),GOLDENHILL GOLFDRIVING RANGE,골든힐골프연습장, ,홍성섭,기타법인,194211-0088311,609-81-79962,경상남도 창원시 의창구 충혼로 53 (두대동) 골든힐골프연습장(주), ,,스포츠 및 오락관련 서비스업,2007-10-09,12월
주식회사골프이쩜영,GOLF2.0,골프이쩜영, ,조옥구,기타법인,110111-3798076,109-86-11017,서울특별시 강서구 가양동 162-1 스타디움 골프클럽, ,,골프연습장 운영업,2007-12-13,12월
골프존지디알아카데미 주식회사,Golfzon GDR Academy,골프존지디알아카데미, ,박강수,기타법인,110111-7155686,563-88-01454,서울특별시 강남구 도산대로 544 (청담동) 파라곤빌딩 6층, ,,골프연습장 운영업,2019-07-01,12월
(주)골프존카운티,"Golfzon County Co., Ltd",골프존카운티, ,서상현,기타법인,110111-6615748,530-87-01006,"대전광역시 유성구 엑스포로97번길 40 (도룡동, 골프존대전사옥) 6층",www.golfzoncounty.com/,,골프장 운영업,2018-01-02,12월
(주)골프존카운티매니지먼트,"Golfzon County Management Co., Ltd",골프존카운티매니지먼트, ,박세하,기타법인,110111-5256113,261-81-02636,"대전광역시 유성구 엑스포로97번길 40 (도룡동, 골프존대전사옥) 5층", ,,골프장 운영업,2013-10-29,12월
(주)골프존카운티선운,"Golfzon County Sunwoon co.,Ltd",골프존카운티선운, ,서상현,기타법인,214611-0003035,404-81-19277,"전라북도 고창군 아산면 운곡로 418 (용계리, 골프존카운티선운)",www.golfzoncounty.com,,골프장 운영업,2005-02-04,12월
(주)골프존카운티자산관리,Golfzon County Asset Management Co. Ltd.,골프존카운티자산관리, ,최덕형,기타법인,110111-3375486,120-86-91696,서울특별시 강남구 영동대로 735 골프존타워서울 11층 (청담동), ,,골프장 운영업,2006-01-06,12월
골프클럽큐레저산업 주식회사,"Golfclubq leisure industry CO., LTD",골프클럽큐레저산업, ,전상필,기타법인,110111-3316761,120-86-87945,경기도 안성시 죽산면 장계길 20-229 1층, ,,골프장 운영업,2005-10-10,12월
(주)공정관광,"KONG JUNG TOURIST CO., LTD",공정관광, ,국정주,기타법인,110111-0826911,616-81-16378,제주특별자치도 제주시 용담1동 159-1, ,,기타 사행시설 관리 및 운영업,1992-01-06,12월
공주개발(주),GONGJU DEVELOPMENT.CO.LTD,공주개발, ,임춘규,기타법인,110111-0717590,307-81-03305,충청남도 공주시 정안면 방자들길 81-50 (인풍리),www.princessgc.co.kr,,골프장 운영업,1990-08-20,12월
관성개발주식회사,"GWANSUNG DEVELOPMENT CO., LTD",관성개발, ,이강명,기타법인,160111-0285779,305-86-07237,"대전광역시 서구 둔산중로134번길 13 1901호(둔산동, 토요코인호텔)", ,,골프장 운영업,2010-09-14,12월
주식회사 관악,"gwanak co.,Ltd",관악, ,이진철,기타법인,134811-0056756,124-81-80503,"경기도 화성시 동탄면 중리길 183 (오산리, 리베라CC클럽하우스)",www.shinan.co.kr,,골프장 운영업,2001-01-17,12월
(주)광령리조트,"GWANGRYOUNG RESORT CO., LTD",광령리조트, ,고정배,기타법인,220111-0044015,616-81-44442,제주특별자치도 제주시 노형동 1295-11 유성빌딩 2층,없음,,골프장 운영업,2003-07-11,12월
광릉레저개발(주),KwangNeungCC,광릉레저개발, ,이태섭,기타법인,115211-0008851,132-81-04073,경기도 남양주시 진접읍 팔야로 280 번지, ,,골프장 운영업,1989-04-07,12월
광산관광개발주식회사,"Gwang San Tourism Cultivation Co.,Ltd.",광산관광개발, ,추연익,기타법인,210111-0007700,407-81-01155,"전라북도 임실군 신덕면 수지로 559-90 (지장리, 전주샹그릴라컨트리클럽(골프장))", ,,골프장 운영업,1991-09-01,09월
주식회사 광양900,-,광양900, ,반재경,기타법인,204611-0030915,416-81-69824,전라남도 광양시 광영동 730-9,-,,골프장 운영업,2009-12-07,12월
광주관광개발 주식회사,"KWANGJU TOURISM DEVELOPMENT CO.,LTD",광주관광개발, ,고제철,기타법인,200111-0003552,408-81-03379,전라남도 곡성군 옥과면 입면로 455 광주관광개발(주),없음,,골프장 운영업,1981-10-08,12월
주식회사 광주시민프로축구단,Gwangju Football Club,광주시민프로축구단, ,노동일,기타법인,200111-0298393,410-86-39517,"광주광역시 서구 금화로 240 (풍암동, 월드컵경기장 내)", ,,스포츠 클럽 운영업,2010-05-26,12월
광주투자개발주식회사,Gwangju Investment & Development Inc.,광주투자개발, ,김성완,기타법인,134211-0099310,126-86-17433,"경기도 광주시 곤지암읍 신대길 8 (신대리, 곤지암비즈니스센터) 507호",www.akdjbcc.co.kr,,골프장 운영업,2008-12-24,12월
(주)교원투어,"kyowontour co.,LTD",교원투어, ,장동하,기타법인,110111-1795975,104-81-48192,"서울특별시 종로구 청계천로 51-1 (관철동, 교원투어빌딩)",www.kyowontour.com,,"도서관, 사적지 및 유사 여가관련 서비스업",1999-10-25,12월
주식회사 구갈스포츠센타,"GUGAL SPORTS CENTER CO., LTD",구갈스포츠센타, ,윤영태,기타법인,134511-0063111,135-81-56298,경기도 용인시 기흥읍 구갈리351, ,,체력단련시설 운영업,2002-07-30,12월
주식회사 구봉산골프클럽,Gubongsan Golf Club,구봉산골프클럽, ,신승남,기타법인,131111-0340932,144-81-12542,경기도 화성시 병점중앙로22번길 7-25 능동, ,,골프연습장 운영업,2013-04-19,12월
(주)구평골프클럽,gupyeonggolfclub,구평골프클럽, ,조성대,기타법인,176011-0082921,513-81-76140,경상북도 구미시 인동36길 71 (구평동), ,,골프연습장 운영업,2013-06-10,12월
주식회사 구학파크랜드,Guhak Parkland CO LTD.,구학파크랜드, ,신학명,기타법인,141211-0039630,224-81-38246,강원특별자치도 원주시 신림면 구학산로 1520 (구학리), ,,골프장 운영업,2007-01-25,12월
군산레져산업(주),KunSan Leisure Inc.,군산레져산업, ,김춘동,기타법인,211111-0016156,401-81-23409,전라북도 군산시 옥서면 남군산로 1911-7 (옥봉리),없음,,골프장 운영업,2003-06-01,12월
군위관광레저개발(주),Gunwi Tourism leisure Development,군위관광레저개발, ,신동열,기타법인,174311-0003874,508-81-19735,경상북도 군위군 군위읍 수서리 산33, ,,골프장 운영업,2006-05-01,12월
주식회사 군위컨트리클럽,"Gunwi Country Club Co., Ltd.",군위컨트리클럽, ,배은선,기타법인,175011-0000586,508-81-21319,"대구광역시 중구 달구벌대로 2209 (삼덕동2가, 동현빌딩) 2층", ,,골프장 운영업,1991-05-31,12월
주식회사 굿네이버,Good Neighbor,굿네이버, ,"조희제, 최한경",기타법인,230111-0329457,514-87-01678,대구광역시 동구 화랑로100길 135 (용계동), ,,골프연습장 운영업,2020-04-09,12월
주식회사 귀뚜라미랜드,Kiturami land,귀뚜라미랜드, ,이의병,기타법인,115711-0000386,127-81-12886,"강원도 철원군 갈말읍 순담길 59 (군탄리, 한탄강골프클럽)",www.hantancc.co.kr,,골프장 운영업,1989-06-09,12월
그랑블제주알앤지(주),"GrandBleu Jeju R&G Co.,Ltd",그랑블제주알앤지, ,"최평석, 홍성진",기타법인,220111-0051888,616-81-51962,제주특별자치도 제주시 한림읍 화전길 82 (금악리), ,,골프장 운영업,2005-05-06,12월
그리심레져개발주식회사,"GERIZIM CO.,LTD",그리심레져개발, ,강석민,기타법인,194611-0004426,613-81-47998,경상남도 남해군 남해읍 북변리 158-30 남해군수협중북지소 2층, ,,스포츠 및 오락관련 서비스업,2008-04-07,12월
그린나래 주식회사,GREEN NARAE.INC,그린나래, ,이정윤,기타법인,161511-0078133,312-81-80930,충청남도 천안시 동남구 목천읍 충절로 1048-68,whcc.kolon.co.kr/,,골프장 운영업,2006-02-13,12월
주식회사 그린필드 ,GREEN FIELD Co.,그린필드, ,신현준,기타법인,134211-0297675,609-86-28191,"경기도 광주시 역동로 5 104호 (역동, 갤러리아플라자)", ,,종합 스포츠시설 운영업,2024-07-05,12월
극동개발주식회사,극동 C.C (gdong country club),극동개발, ,황병관,기타법인,115411-0001075,127-81-11887,경기도 포천군 화현면 810-27, ,,골프장 운영업,1986-07-26,12월
주식회사 극동스포랜드,"Fareast Sports Co., Ltd.",극동스포랜드, ,곽봉금,기타법인,110111-4095108,211-88-27382,경기도 안산시 단원구 초지동로 7 (초지동), ,,스포츠 서비스업,2009-05-14,12월
극동지앤에스(주),FAR EAST GNS,극동지앤에스, ,김동극,기타법인,214911-0001702,403-81-01570,서울특별시 강남구 신사동 575, ,,종합 스포츠시설 운영업,1980-12-17,12월
근영농산주식회사,"GUN YOUNG FARM,.LTC",근영농산, ,이종철,기타법인,110111-0068282,132-81-05295,"경기도 남양주시 화도읍 북한강로 1525-52 (금남리, 양주컨트리클럽)", ,,골프장 운영업,1966-06-11,12월
(주)글라인,"Gleline CO., LTD.",글라인, ,김선영,기타법인,110111-5740645,245-86-00077,서울특별시 용산구 이촌로88길 30 (이촌동) 106동 1401호,www.gleline.com/,,"창작, 예술 및 여가관련 서비스업",2015-06-03,12월
주식회사 금강랜드,"KUMGANG  LAND CO.,LTD",금강랜드, ,김진혁  강기수,기타법인,110111-3343219,220-87-23379,경기도 용인시 기흥구 농서동 38-2,www.ekumganggolfland.com,,그 외 기타 스포츠시설 운영업,2005-11-16,12월
(주)금강레저,KUMGANG LEISURE LTD.,금강레저, ,조종호,기타법인,131211-0001433,126-81-07997,경기도 여주시 가남읍 여주남로 541 금강레저,없음,,골프장 운영업,1989-08-01,12월
금강센테리움 주식회사,Keumkang Centeriumcc,금강센테리움, ,권기억,기타법인,151111-0021009,303-81-35367,충청북도 충주시 노은면 솔고개로 750,www.centeriumcc.com,,골프장 운영업,2003-01-20,12월
주식회사 금곡골프프라자,Geum Gok Golf Plaza Co.,금곡골프프라자, ,이을우,기타법인,180111-0417394,606-81-76272,"부산광역시 북구 금곡대로 479 (금곡동, 금곡골프프라자)", ,,그 외 기타 스포츠시설 운영업,2002-07-29,12월
(주)금당개발,KUMDANG,금당개발, ,소홍서,기타법인,134811-0086026,124-86-12368,경기도 화성시 마도면 고모리 625-2, ,,골프연습장 운영업,2003-08-19,12월
금보개발(주),GEUM BO,금보개발, ,정원석,기타법인,130111-0004422,135-81-08307,경기도 용인시 기흥구 사은로 163 남부컨트리클럽 (보라동),www.namboocc.co.kr,,골프장 운영업,1982-12-30,12월
금실레져산업(주),"Gumsil Leisure Co.,Ltd",금실레져산업, ,정영숙,기타법인,160111-0219413,314-81-87865,대전광역시 유성구 테크노4로 65 (관평동), ,,종합 스포츠시설 운영업,2007-02-12,12월
주식회사 금천레저,"Geumcheon Leisure Co., Ltd",금천레저, ,김상진,기타법인,174911-0017518,371-81-02030,경상북도 청도군 금천면 금천로 709 (갈지리),www.pentaview.co.kr,,골프장 운영업,2020-10-30,12월
주식회사 금호개발,"KUMHO DEVELOPMENT CO.,LTD",금호개발, ,김도윤,기타법인,174711-0017455,505-81-40258,경상북도 영천시 청통면 청통로 334-41 시엘골프클럽,cielgolf.com,,골프장 운영업,2004-09-14,12월
재단법인 금호문화재단,Kumho Cultural Foundation,금호문화재단, ,이원태,기타법인,200122-0000323,408-82-05035,"서울특별시 종로구 삼청로 18 (사간동, 금호미술관)",www.kumhoarts.com,,박물관 운영업,1977-11-29,12월
금화산업개발(주),"KUM HWA HOUSING@INDUSTRIAL DEV.CO.,LTD.",금화산업개발, ,천정우,기타법인,110111-0675079,621-81-00693,부산광역시 금정구 남산동 68-1, ,,그 외 기타 분류 안된 오락관련 서비스업,1990-01-28,12월
기아타이거즈(주),"KIA TIGERS CO.,LTD",기아타이거즈, ,최준영,기타법인,200111-0003883,409-81-02844,광주광역시 북구 서림로 10 (임동),www.kiatigers.co.kr,,스포츠 클럽 운영업,1982-05-29,12월
기안레져 주식회사,KIAN LESUIRE ,기안레져, ,김창곤,기타법인,204411-0005780,408-81-75887,전라남도 곡성군 옥과면 소룡리 427-2, ,,골프장 운영업,2007-04-24,12월
기흥관광개발,Kihung Resort Corp.,기흥관광개발, ,"이용성, 이호섭",기타법인,134511-0002903,135-81-05329,경기도 용인시 기흥구 기흥단지로 398 (고매동), ,,골프장 운영업,1982-08-23,12월
(주)길벗블랙스톤,"gilbutblackstoneresort co.,Ltd",길벗블랙스톤, ,원용권,기타법인,154411-0027636,838-81-00516,충청북도 청주시 청원구 충청대로 101 2층(율량동), ,,유원지 및 테마파크 운영업,2016-05-31,12월
(주)길산골프클럽,"gilsan golf club co.,ltd.",길산골프클럽, ,정길영,기타법인,160111-0150138,314-81-55553,대전광역시 유성구 원내동 1-10,www.gilsan.co.kr,,골프연습장 운영업,2002-12-20,12월
길상창휘 유한회사,GILSANGCHANGHUI,길상창휘, ,찬웽린외2인,기타법인,220114-0006192,623-88-00344,"제주특별자치도 제주시 탑동로 66 (삼도이동, 라마다프라자호텔 내 사무실)", ,,기타 사행시설 관리 및 운영업,2016-06-30,12월
(주)김미파이브,Gim me five ltd,김미파이브, ,이상민,기타법인,110111-2848244,120-86-57102,서울특별시 강남구 삼성동 159 컨벤션별관 지하1층 1A7, ,,그 외 기타 창작 및 예술관련 서비스업,2003-08-27,12월
(주)김미현골프월드,K.M.H GOLF WORID,김미현골프월드, ,김정길,기타법인,120111-0490152,131-86-12876,인천광역시 남동구 고잔동 519-4, ,,골프연습장 운영업,2009-03-10,12월
주식회사꿈,"Dream Co. ,Ltd",꿈, ,남혁진,기타법인,224111-0029146,292-81-00141,"제주특별자치도 서귀포시 하예로 56 (하예동, 베네치아빌) 602호", ,,유원지 및 테마파크 운영업,2015-06-16,12월
나이스관광개발(주),Nice Tourist Development Company,나이스관광개발, ,권순민,기타법인,160111-0201692,314-81-79894,대전광역시 서구 둔산동 1469번지 대승빌딩 502호,-,,골프장 운영업,2006-01-12,12월
나인개발(주),sportsnine,나인개발, ,유명순,기타법인,110111-1591232,203-81-27403,경기도 성남시 분당구 서현동255-1풍림아이원플러스스포츠센터3층, ,,체력단련시설 운영업,1998-10-31,12월
나인산업개발(주),"NINE INDUSTRIAL DEVELOPMENT CO.,LTD",나인산업개발, ,박정숙,기타법인,195511-0061419,615-81-30436,경상남도 김해시 주촌면 금관대로775번길 80,bluebar55@nate.com,,골프연습장 운영업,2002-12-26,12월
(주)나인스포렉스,ninesporex,나인스포렉스, ,이준희,기타법인,284111-0049572,132-81-53900,경기도 남양주시 와부읍 월문리 109-10,www.nsgolfclub.co.kr,,골프연습장 운영업,2009-02-03,12월
(주)나인포인트,ninepoint co.ltd,나인포인트, ,변재길,기타법인,151111-0068233,707-86-01439,"충청북도 충주시 앙성면 상대촌1길 198 (지당리, 스타cc)", ,,골프장 및 스키장 운영업,2019-01-01,12월
나주관광개발(주),Naju Tourism Development Co. Ltd,나주관광개발, ,이부성,기타법인,200111-0068754,409-81-34803,전라남도 나주시 남평읍 나주호로 442-129 (우산리),www.goldlake.co.kr,,골프장 운영업,1986-09-16,12월
주식회사 나주컨트리클럽,Co.Inc NAJOO Country Club,나주컨트리클럽, ,김천종,기타법인,205511-0009177,412-81-20625,전라남도 나주시 공산면 상방리 7, ,,골프장 운영업,2000-11-14,12월
주식회사 난장컬쳐스,"NANJANG CULTURES, INC.",난장컬쳐스, ,"김덕수, 주재연",기타법인,110111-2286600,101-81-72451,서울특별시 종로구 동숭동 1-100,http://www.nanjangcultures.com,,무용 및 음악단체,2001-07-13,12월
(주)남경레저,NAMKYONG  LEISURE,남경레저, ,정택충,기타법인,134811-0142232,124-86-57410,충청북도 음성군 금왕읍 대금로 1529 2층(호암빌딩), ,,골프장 운영업,2007-07-11,12월
남광주관광주식회사,"Namkwnagju Contury CLUB Co., Ltd",남광주관광, ,박창열,기타법인,200111-0016969,408-81-08957,전라남도 화순군 춘양면 양곡리 산 67번지,없음,,골프장 운영업,1989-03-23,12월
남양개발(주),Huton Country Club,남양개발, ,마형렬,기타법인,200111-0148853,408-81-63436,광주광역시 북구 중흥동 712 14, ,,골프장 운영업,2004-08-24,12월
남여주레저개발주식회사,"Namyeoju Leisure Development Co.,Ltd",남여주레저개발, ,강봉석,기타법인,110111-1064742,126-81-17608,경기도 여주시 가여로 532 (하거동),www.namyeoju.co.kr,,골프장 운영업,1994-08-08,12월
(주)남이섬,"nami island, lnc.",남이섬, ,전명준,기타법인,110111-0129125,110-81-31565,"강원도 춘천시 남산면 남이섬길 1 (방하리, 남이섬)",www.namisum.com/,,유원지 및 테마파크 운영업,1968-04-01,12월
남일물산(주),"Namil Moolsan Co., Ltd.",남일물산, ,천용실,기타법인,180111-0678087,605-81-95387,"부산광역시 수영구 수영로 754 (민락동, 센텀비스타동원) 상가 402호", ,,그 외 기타 스포츠 서비스업,2009-07-06,06월
남촌레저개발주식회사,"Namchon leisure dev.co.,ltd.",남촌레저개발, ,이완희,기타법인,110111-1616874,207-81-53179,경기도 광주시 곤지암읍 부항길 135-38 (이선리), ,,골프장 운영업,1998-12-07,12월
남한강개발 주식회사, ,남한강개발, ,최재용,기타법인,151111-0000722,303-81-24249,충청북도 충주시 금가면 월상리 산 95-1, ,,골프장 운영업,1984-06-01,12월
남한강에스파크컨트리클럽(주),"Namhangang Spark CC Co., Ltd.",남한강에스파크컨트리클럽, ,손호영,기타법인,141211-0094535,512-87-01032,강원도 원주시 부론면 법천시장길 52, ,,골프장 운영업,2018-01-19,12월
남해레저개발 주식회사,"NAMHAI  LEISURE DEVELOPMENT CO.,LTD.",남해레저개발, ,김응서,기타법인,200111-0196919,408-81-62965,광주광역시 동구 서석로 42 (광산동), ,,골프장 운영업,2008-10-01,12월
남화산업(주),"Namhwa Industrial Co.,Ltd.",남화산업,111710,"최재훈, 최영곤 (공동대표이사)",코스닥시장,200111-0021009,408-81-11016,전라남도 무안군 청계면 서호로 162,www.muangc.co.kr,,골프장 운영업,1990-02-23,12월
(주)내외리버스퀘어,"Naewae River Square Co., Ltd.",내외리버스퀘어, ,이충식,기타법인,174811-0091019,437-87-01084,경상북도 경산시 강변동로 378 (대평동) (주)내외리버스퀘어 건물, ,,체력단련시설 운영업,2018-07-01,12월
(주)내외웰빙스포츠,co.ltd naewaewellbeingsport,내외웰빙스포츠, ,이충식,기타법인,174811-0038128,515-81-27820,경상북도 경산시 대평동 77-3, ,,그 외 기타 스포츠시설 운영업,2005-02-21,12월
내포개발 주식회사,naepo development,내포개발, ,박주정,기타법인,165011-0093517,389-81-03398,충청남도 당진시 합덕읍 면천로 1156-34 205호, ,,골프장 운영업,2024-03-18,12월
(주)노머스,Knowmerce Corp.,노머스,473980,김영준,코스닥시장,110111-7042247,225-87-01399,"서울특별시 강남구 논현로149길 67-5 1층, 2층, 3층, 4층, 5층 (논현동)",knowmerce.com,https://knowmerce.com/31,그 외 기타 창작 및 예술관련 서비스업,2019-03-13,12월
주식회사 노스빌골프랜드,Northvill Golfland .Co.Ltd,노스빌골프랜드, ,윤계숙,기타법인,194211-0082280,609-81-75229,경상남도 창원시 북면 감계리 29-12,-,,골프연습장 운영업,2006-11-08,12월
주식회사 노스팜,north palm,노스팜, ,김정춘,기타법인,110111-3513755,107-86-81502,"경기도 파주시 광탄면 쇠장이길 265 (기산리, 노스팜컨트리클럽)",https://www.npcc.co.kr,,골프장 운영업,2006-08-23,12월
(주)놀씨어터,"NOL THEATER Co.,Ltd",놀씨어터, ,백새미,기타법인,110111-4035625,214-88-37365,"서울특별시 용산구 이태원로 294 (한남동, 블루스퀘어)",www.bluesquare.kr,,공연시설 운영업,2009-01-30,12월
농심개발주식회사,nongshim development,농심개발, ,정철수,기타법인,115411-0002700,127-81-13551,경기도 포천시 일동면 화동로 738,ildonglakes.co.kr,,골프장 운영업,1989-04-14,12월
농심이스포츠 주식회사,"NONGSHIM ESPORTS Co., Ltd.",농심이스포츠, ,오지환,기타법인,110111-7076022,653-87-01293,서울특별시 강남구 선릉로131길 15 희승빌딩,ns-esports.com/,,스포츠 클럽 운영업,2019-04-12,12월
농업회사법인 대광 주식회사, ,농업회사법인대광, ,이건,기타법인,201111-0018154,411-81-31833,전라남도 신안군 임자면 도찬리 389-4, ,,기타 유사 여가관련 서비스업,2002-04-11,12월
농업회사법인 주식회사 베어트리파크,Beartree Park,농업회사법인베어트리파크, ,이선용,기타법인,164711-0043486,307-81-45076,세종특별자치시 전동면 신송로 217 (송성리),beartreepark.com,,자연공원 운영업,2014-05-07,12월
농업회사법인 주식회사 솔모로,Solmoro,농업회사법인솔모로, ,박영훈,기타법인,134511-0561850,545-87-02268,경기도 용인시 처인구 묵동로39번길 39-4 (운학동), ,,자연공원 운영업,2022-02-01,12월
농업회사법인 주식회사 아침고요수목원,GARDEN OF MORNING CALM,농업회사법인아침고요수목원, ,한상경,기타법인,284511-0007100,132-81-61545,"경기도 가평군 상면 수목원로 432 (행현리, 아침고요수목원)", ,,자연공원 운영업,2005-07-01,12월
농업회사법인 주식회사 여울,Yeoul.Co.,농업회사법인여울, ,권은영,기타법인,180111-1046738,102-87-00457,경기도 포천시 영북면 우물목길 171-18 (산정리) 2층,www.peacelandkorea.com,,식물원 및 동물원 운영업,2016-09-01,12월
농업회사법인 유한회사 효정,hyojeong,농업회사법인효정, ,유광현,기타법인,284514-0000497,127-86-60568,경기도 가평군 설악면 미사리로270번길 30 (송산리) 주3동, ,,식물원 및 동물원 운영업,2016-05-30,12월
(주)누가개발,"NuGaDevelopment  Co., Ltd. ",누가개발, ,김인탁,기타법인,110111-2833245,503-81-62713,경상북도 고령군 고령읍 장기리, ,,골프장 운영업,2003-08-01,12월
누리이음 주식회사,Nurieum Ltd.,누리이음, ,김진구,기타법인,134111-0070109,591-81-03593,"경기도 군포시 공단로140번길 27 (당정동, 군포LSR&D센터) 1층", ,,무용 및 음악단체,2025-10-31,12월
뉴경기관광주식회사,Newkyunggi Resort Corp,뉴경기관광, ,"이용성, 이석호",기타법인,134511-0006898,135-81-01468,"경기도 용인시 처인구 이동면 기흥단지로 579 (서리, 코리아CC)",www.kgav.com,,골프장 운영업,1988-09-13,12월
(주)뉴딘콘텐츠,"NEWDIN CONTENTS CO.,Ltd",뉴딘콘텐츠, ,김효겸,기타법인,110111-5359206,220-88-75253,"서울특별시 강남구 선릉로 529 (역삼동, 함양재빌딩) 3층",www.strikezon.com,,그 외 기타 스포츠 서비스업,2014-04-01,12월
뉴서울레저주식회사,New Seoul Leisure Co.,뉴서울레저, ,"황호직, 류덕희",기타법인,134211-0106032,126-86-25229,경기도 광주시 삼동 1, ,,골프장 운영업,2009-10-28,12월
뉴유아이(주),"NEW UI CO.,LTD",뉴유아이, ,"류영열, 류장미",기타법인,110111-3151480,120-86-76899,서울특별시 강남구 삼성동 119-63,무,,골프장 운영업,2005-01-18,12월
주식회사 다니엘시네마,DANIEL CINEMA,다니엘시네마, ,이광희,기타법인,170111-0372029,502-81-99255,경상북도 안동시 용상동 1426-1,-,,공연시설 운영업,2009-02-23,12월
주식회사 다림개발,Dalim development,다림개발, ,경지은,기타법인,135811-0091769,124-86-07171,경기도 안성시 서운면 오촌길 97-31 (오촌리), ,,골프장 운영업,2003-03-14,12월
주식회사 다모,Damo,다모, ,반정수,기타법인,224111-0005170,616-81-21487,서울특별시 강남구 신사동 642-14미도빌딩3층,http://,,그 외 기타 창작 및 예술관련 서비스업,1997-07-25,12월
다산베아체컨트리클럽 주식회사,"Dasan Beache Country Club Co.,Ltd.",다산베아체컨트리클럽, ,이애자,기타법인,205311-0009733,384-81-00421,전라남도 강진군 도암면 부흥길 15-7 (용흥리), ,,골프장 운영업,2016-06-07,12월
다옴홀딩스주식회사,DAOMHOLDINGS INC.,다옴홀딩스, ,김주영,기타법인,150111-0008537,301-81-08637,"충청북도 청주시 서원구 남이면 문곡구절골길 235 (산막리, 실크리버C.C)",www.silkrivercc.co.kr,,골프장 운영업,1989-10-01,12월
주식회사 다함레저,"Dahaam Leisure Co., Ltd",다함레저, ,안응수,기타법인,115511-0000497,132-81-04132,"경기도 가평군 조종면 운악청계로 809 (하판리, 썬힐골프클럽)",www.sunhillgolf.co.kr,,골프장 운영업,1989-06-01,12월
단양레일코스터 주식회사,Danyang Rail Coster,단양레일코스터, ,권용철,기타법인,110111-8134340,363-88-02149,"서울특별시 서초구 서초대로74길 23 (서초동, 서초타운트라팰리스)", ,,유원지 및 테마파크 운영업,2021-12-22,12월
(주)단월드, ,단월드, ,류승원,기타법인,161511-0011290,215-81-37578,서울특별시 강남구 논현동 261,www.dahnhak.co.kr,,체력단련시설 운영업,1993-03-01,12월
주식회사 단톡,dantalk,단톡, ,이청아,기타법인,164811-0029351,312-81-67280,"충청남도 아산시 영인면 영인산로 440 (신현리, 아름다운골프장)",www.arumdaunresort.com,,골프장 운영업,2007-01-01,12월
주식회사 담양골프랜드,DAMYANG GOLFLAND.CO,담양골프랜드, ,김형준,기타법인,200111-0124035,408-81-43110,광주광역시 동구 금남로1가 1번지 전일빌딩, ,,골프장 운영업,2000-10-24,12월
(주)담양컨트리클럽,DANYANG COUNTRY CLUB Co.ltd,담양컨트리클럽, ,남영진,기타법인,204311-0015418,409-81-84244,전라남도 담양군 금성면 원율리 399, ,,골프장 운영업,2004-12-23,12월
대곡스포렉스(주),DAEGOK SPOREX,대곡스포렉스, ,최준,기타법인,170111-0169450,514-81-36423,대구광역시 달서구 도원동 1442-1, ,,종합 스포츠시설 운영업,2000-03-14,03월
(주)대구시민프로축구단,Daegu Football Club,대구시민프로축구단, ,조광래,기타법인,170111-0234386,502-81-67049,대구광역시 수성구 유니버시아드로 180 대구스타디움내,www.daegufc.co.kr,,스포츠 클럽 운영업,2002-10-16,12월
대둔산레저주식회사,Taedunsan Country Club,대둔산레저, ,김영활,기타법인,164211-0000890,305-81-10377,충청남도 금산군 진산면 행정리 산22-2, ,,골프장 운영업,1999-09-01,12월
(재)대림문화재단,DAELIM CULTURAL FOUNDATION,대림문화재단, ,이해욱,기타법인,160122-0002724,305-82-09028,"서울특별시 종로구 자하문로4길 21 (통의동, 대림미술관)",www.daelimmuseum.org,,박물관 운영업,1996-05-21,12월
(주)대명비발디파크 CC,Daemyung Vivaldi park CC,대명비발디파크CC, ,조현철,기타법인,145211-0008441,223-81-08337,강원도 홍천군 서면 팔봉리 산 120-31, ,,골프장 운영업,2005-10-01,12월
(주)대명티피앤이,Daemyung TP&E,대명티피앤이, ,최주영,기타법인,145211-0022962,569-87-01168,"강원도 홍천군 서면 한치골길 264 (팔봉리, 대명비발디파크)", ,,유원지 및 테마파크 운영업,2018-10-01,12월
주식회사 대복골프연습장,"DAEBOK DRIVING RANGE CO., LTD",대복골프연습장, ,최제원,기타법인,230111-0137503,610-81-89567,울산광역시 울주군 웅촌면 삼동로 1665-8 (대복리) 대복골프연습장, ,,골프연습장 운영업,2007-10-22,12월
주식회사 대산골프프라자,"Daesangolfplasa.co.,ltd",대산골프프라자, ,이성용,기타법인,230111-0142122,610-81-91684,울산광역시 남구 선암동 611,-,,스포츠 및 오락관련 서비스업,2008-03-20,12월
주식회사대승팜스,PAGANICA,대승팜스, ,최상진,기타법인,110111-1416258,214-86-16463,강원도 춘천시 남면 소주고개로 145-10 (후동리),paganicacc.com,,골프장 운영업,2005-06-20,12월
주식회사 대아기업,Dae-a.co,대아기업, ,구흥회,기타법인,120111-0038259,131-81-04935,인천광역시 부평구 부평동 738-21번지, ,,골프장 운영업,1987-04-09,12월
주식회사 대영레포츠,"DAE YOUNG REPORTS CO.,LTD",대영레포츠, ,이석준,기타법인,180111-0450360,607-81-66684,부산광역시 연제구 연산동 420-3, ,,종합 스포츠시설 운영업,2003-05-23,12월
(주)대영베이스,"DAE YOUNG BASE CO.,LTD",대영베이스, ,권혁희,기타법인,151111-0017313,124-81-98022,"충청북도 충주시 대소원면 성종두담길 113 (장성리, 대영베이스골프장)", ,,골프장 운영업,2001-05-23,12월
주식회사 대영온천,DAEYOUNG SPA,대영온천, ,이석준,기타법인,180111-1045780,880-88-00331,부산광역시 남구 황령대로492번길 10 (대연동),www.dyspa.co.kr,,종합 스포츠시설 운영업,2016-06-01,12월
대운월드와이드 주식회사 ,"Daewoon Worldwide, Inc",대운월드와이드, ,최병걸,기타법인,180111-0004604,607-81-17067,부산광역시 기장군 장안읍 상장안1길 29-15 (장안리), ,,그 외 기타 스포츠시설 운영업,1964-06-26,12월
(주)대일내장산컨트리클럽,"CO.,LTD DAEILNAJANGSAN COUNTRY CLUB",대일내장산컨트리클럽, ,"김호석, 김은정",기타법인,211211-0018928,597-88-00201,전라북도 정읍시 서당길 50-14 (신정동), ,,골프장 운영업,2015-07-24,12월
(주)대전시티즌,DAEJEON CITIZEN FOOTBALL CLUB,대전시티즌, ,최용규,기타법인,160111-0057540,305-81-26490,대전광역시 유성구 월드컵대로 32 대전월드컵경기장 서관 3층 (노은동),www.dcfc.co.kr,,스포츠 클럽 운영업,1996-10-11,12월
주식회사 대전아쿠아월드,Daejoen Aquaworld,대전아쿠아월드, ,김승민,기타법인,176011-0056405,513-81-50534,대전광역시 중구 대사동 198-14, ,,식물원 및 동물원 운영업,2008-10-22,12월
대지개발(주),Yangpyung Country Club,대지개발, ,문병근,기타법인,134311-0003872,132-81-34086,"경기도 양평군 지평면 대평평장길 113-8 (대평리, 양평TPC골프클럽)", ,,골프장 운영업,2000-01-04,12월
주식회사대창기업,DAECHANG.CORP,대창기업, ,배동건,기타법인,180111-1060241,814-81-00577,부산광역시 금정구 중앙대로1685번길 15 부산광역시 금정구 중앙대로 1685번길 12(부곡동), ,,골프연습장 운영업,2016-10-25,12월
주식회사 대청, ,대청, ,"한진열, 정상만, 최창락",기타법인,160111-0014368,302-81-06398,충청북도 옥천군 안내면 장리 산 7-1, ,,유원지 및 테마파크 운영업,1988-01-29,12월
대호관광개발 주식회사,DHET.CO.LTD,대호관광개발, ,이기상,기타법인,200111-0140867,409-81-63690,광주광역시 북구 신안동 250-1,www.dhet.co.kr,,골프장 운영업,2001-09-01,12월
(주)대호아이알,DAEHO IR,대호아이알, ,황호연,기타법인,120111-0119918,131-81-52801,인천광역시 남동구 남동서로269번길 22 (논현동), ,,골프연습장 운영업,1995-06-23,12월
(주)대호헬스랜드,DAEHO HEALTH LAND,대호헬스랜드, ,이창남,기타법인,110111-0998398,214-81-63923,서울특별시 서초구 서초동 1451-34, ,,종합 스포츠시설 운영업,1994-01-01,12월
더리얼산업(주),"thereal industry co.,ltd",더리얼산업, ,권형우,기타법인,171111-0030808,471-87-00052,경상북도 안동시 풍천면 풍일로 1572 (어담리),www.안동리버힐.com,,골프장 운영업,2015-03-27,12월
주식회사 더스타아시아,"the Star Asia Co., Ltd.",더스타아시아, ,김민정,기타법인,110111-5705251,580-86-00117,"서울특별시 강남구 언주로 729 (논현동, 마스터스729빌딩) 8층", ,,기타 창작 및 예술관련 서비스업,2015-04-20,12월
(주) 더  원,"The Won., Inc",더원, ,정우석,기타법인,220111-0036989,616-81-40053,제주특별자치도 제주시 조천읍 번영로 1278-169 (대흘리),-,,골프장 운영업,2002-01-28,12월
(주)더존비앤씨티,"DOUZONE B&CT CO., LTD",더존비앤씨티, ,김용우,기타법인,140111-0098556,813-81-02650,강원도 춘천시 남산면 충효로 437 (광판리),dforest.co.kr/,,박물관 운영업,2022-05-30,12월
더케이소피아그린 주식회사,The-K Sophiagreen,더케이소피아그린, ,김용덕,기타법인,140111-0020088,221-81-19949,경기도 여주시 점동면 소피아그린길 84,www.sophiagreen.co.kr,,골프장 운영업,2001-10-09,12월
(주)더클래식씨씨,HOWON CO. Ltd,더클래식씨씨, ,"신명호, 최병영",기타법인,220111-0044099,616-81-44549,"제주특별자치도 서귀포시 남원읍 남조로 1105 (수망리, 더클래식골프리조트)", ,,골프장 운영업,2003-07-18,12월
(주)더파크,"THE PARK.CO.,LTD",더파크, ,김희상,기타법인,180111-0026450,605-81-04019,부산광역시 부산진구 초읍동 45번지,www.thepark.co.kr,,식물원 및 동물원 운영업,1980-04-01,03월
(주)더펄스트,Thefirst,더펄스트, ,정의현,기타법인,180111-0564509,617-81-62837,부산광역시 해운대구 해운대해변로 163 (우동 1432)현대베네시티상가 B101호,www.benecity-venezia.com,,스포츠 서비스업,2006-09-01,12월
주식회사 더플레이어스,THE PLAYERS,더플레이어스, ,권성호,기타법인,140111-0084315,127-88-02034,"강원도 춘천시 동산면 새술막길 438 (군자리, 더플레이어스CC)",www.plaersgc.com,,골프장 운영업,2020-04-20,12월
(주)더헤븐리조트,ISLAND,더헤븐리조트, ,이창희,기타법인,131411-0194854,134-86-38098,"경기도 안산시 단원구 대선로 466 (대부남동, 아일랜드CC)",https://www.islandresort.co.kr,,골프장 운영업,2007-04-03,12월
(주)덕송,desk song,덕송, ,윤인여,기타법인,115311-0010151,127-81-84565,경기도 연천군 전곡읍 고능리 101번지, ,,골프장 운영업,2003-12-16,12월
덕승개발(주),Ds eng,덕승개발, ,김희,기타법인,205911-0012354,409-81-97244,전라남도 장성군 북이면 사거리 산123-1, ,,골프장 운영업,2007-06-13,12월
주식회사 도고칸트리구락부,"DOGO COUNTRY CLUB CO.,LTD",도고칸트리구락부, ,김진수,기타법인,164811-0000129,312-81-00483,충청남도 아산시 선장면 삼봉산길 188 (신성리), ,,골프장 운영업,1972-11-29,12월
도두마리나,Dodoo Marina,도두마리나, ,나병영,기타법인,220111-0065532,616-81-66596,제주특별자치도 제주시 도공로 4-6 (도두일동), ,,기타 수상오락 서비스업,2008-07-01,12월
동광레저 주식회사,donggwang,동광레저, ,이창기,기타법인,131211-0019147,126-81-91030,경기도 여주시 강천면 강문로 872 (부평리), ,,골프장 운영업,2005-11-16,12월
주식회사 동광스포츠센타,"DONG GWANG sports center.,LTD",동광스포츠센타, ,성요한,기타법인,174611-0015261,506-81-12978,경상북도 포항시 북구 용흥동 366, ,,종합 스포츠시설 운영업,1992-10-29,12월
(주)동국개발,"DONGKOOK DEVELOPMENT CO., LTD",동국개발, ,강국창,기타법인,224111-0010468,616-81-46019,제주특별자치도 서귀포시 서귀동 527,www.springdale.co.kr,,골프장 운영업,2003-12-08,12월
주식회사 동군,donggoon,동군, ,"임광수, 임재원",기타법인,131211-0024188,126-86-04321,인천광역시 서구 중봉대로612번길 10 904호(청라동), ,,골프장 운영업,2007-07-10,12월
주식회사 동부레저,DongBoo Leisure Corporation,동부레저, ,현동부,기타법인,224111-0013561,616-81-60175,제주특별자치도 서귀포시 표선면 번영로 2454 (성읍리), ,,그 외 기타 스포츠시설 운영업,2007-03-26,12월
주식회사 동부산컨트리클럽,DONG BUSAN COUNTRY CLUB,동부산컨트리클럽, ,최성필,기타법인,184511-0004660,621-81-09525,경상남도 양산시 매곡외산로 282 (매곡동),www.dongpusancc.co.kr,,골프장 운영업,1991-07-01,12월
동서개발주식회사,"Dongseo Deveopment Co., Ltd.",동서개발, ,배홍철,기타법인,220111-0008368,616-81-12498,"제주특별자치도 제주시 노연로 42 507호 (노형동, 정한오피스텔)",www.ewtour.co.kr,,골프장 운영업,1994-06-21,12월
주식회사 동서울,Dong Seoul Co.,동서울, ,배옥광,기타법인,134211-0000078,126-81-00354,경기도 하남시 감이동 260-1,해당사항없음,,골프장 운영업,1971-10-20,12월
주식회사 동승골프앤리조트,"Dong Sung Golf & Resort co.,Ltd",동승골프앤리조트, ,홍건표,기타법인,134411-0002317,126-81-06663,"경기도 이천시 모가면 사실로527번길 158 (두미리, 뉴스프링C.C)", ,,골프장 운영업,1988-12-26,12월
주식회사 동승레저,"Dong Sung Leisure Co.,Ltd",동승레저, ,홍건표,기타법인,171411-0003866,726-81-03995,경상북도 상주시 모서면 백화로 40 (호음리), ,,골프장 운영업,2025-10-01,12월
주식회사 동아스포츠센터,"DONG-A SPORTS CENTER.CO.,LTD",동아스포츠센터, ,차도열,기타법인,170111-0404963,502-86-05728,"대구광역시 수성구 지범로 59 (지산동, 동아스포츠센터,국민은행지산동지점)", ,,스포츠 서비스업,2010-06-03,12월
주식회사 동양관광레저,"DongYang GwanGwang Leisure Co., Ltd.",동양관광레저, ,박광태,기타법인,165011-0061556,541-87-00889,충청남도 당진시 송산면 무수들길 90 (무수리) 주식회사 동양관광레저,www.pinestonecc.com,,골프장 운영업,2018-01-12,12월
주식회사 동양레저,"Tong Yang Leisure Co.,Ltd",동양레저, ,강선,기타법인,160111-0018964,125-81-14587,경기도 안성시 양성면 안성맞춤대로 2417-13,www.tyleisure.co.kr,,골프장 운영업,1989-10-05,12월
동양산업주식회사,"DONGYANG INDUSTRY Co., Ltd.",동양산업, ,최영귀,기타법인,115211-0000493,132-81-00418,"경기도 남양주시 와부읍 덕소로2번길 17-32 (덕소리, 덕소골프클럽)", ,,골프연습장 운영업,1974-12-20,12월
(주)동우몽베르,DONG WOO MONTVERT,동우몽베르, ,손권용,기타법인,170111-0252502,514-81-49189,대구광역시 수성구 범어동 175-4,-,,골프장 운영업,2003-07-31,12월
동원관광개발(주),dongwon tourist development co.LTD,동원관광개발, ,황정련,기타법인,180111-0785486,605-86-10272,"부산광역시 부산진구 부전로 43 (부전동, 서면베르빌401호)",www.dongwonapt.co.kr,,골프장 운영업,2011-12-07,09월
(주)동일리조트,"DONG IL RESORT CO., LTD.",동일리조트, ,"김은수, 김천욱",기타법인,184511-0000452,621-81-04118,"경상남도 양산시 하북면 신평남부길 78-130 (답곡리, 통도컨트리클럽)",www.tongdocc.co.kr,,골프장 운영업,1980-01-24,12월
(주)동재가산수피아,"Dongjae Gasan Supia.Co,Ltd",동재가산수피아, ,이재원,기타법인,171111-0024851,508-81-33421,경상북도 칠곡군 가산면 학하4길 57-105 (학하리), ,,자연공원 운영업,2012-05-04,12월
주식회사 동진골프앤피트니스클럽,DONGJIN GOLF & FITNESS CLUB,동진골프앤피트니스클럽, ,이관수,기타법인,131311-0329669,889-86-03423,경기도 평택시 도일유통길 95-50 (도일동), ,,골프연습장 운영업,2024-07-01,12월
(주)동진앤컴퍼니,DONGJIN&COMPANY,동진앤컴퍼니, ,이도경,기타법인,110111-1644172,120-81-86446,"서울특별시 송파구 충민로 10 8층 S22호 (문정동, 가든파이브툴)", ,,종합 스포츠시설 운영업,2003-07-11,12월
(주)동해임산,"DONGHAE DEVELOPMENT CO., LTD ",동해임산, ,김봉현,기타법인,141111-0030359,226-81-36865,강원도 강릉시 구정면 설래길 35-64, ,,골프장 운영업,2007-06-28,12월
주식회사 동행복권,"donghang lottery co.,Ltd.",동행복권, ,조형섭,기타법인,110111-6695352,866-87-00833,"서울특별시 서초구 남부순환로 2423 (서초동, 한원빌딩) 4층",www.dhlottery.co.kr/,,복권발행 및 판매업,2018-03-22,12월
동호레져(주),"DONGHO LEISURE CO., LTD.",동호레져, ,박창열,기타법인,200111-0166475,408-81-55523,광주광역시 동구 학동 650-2 학산빌딩5층,-,,골프장 운영업,2002-11-21,12월
동화기업(주),Dong Hwa ,동화기업, ,"유순태, 최종성",기타법인,205911-0009632,409-81-81932,"전라남도 장성군 동화면 임정로 155 (남산리, 푸른솔골프클럽장성)", ,,골프장 운영업,2004-07-14,12월
주식회사 동화레져,donghwa leisure,동화레져, ,문종혁,기타법인,170111-0592370,614-87-00246,"대구광역시 중구 국채보상로 729 (동인동4가, 동화주택)", ,,스포츠 서비스업,2016-01-20,12월
두로개발(주),DOORO,두로개발, ,현호섭,기타법인,134511-0111647,142-81-06383,경기도 안성시 양성면 도곡리 225번지,www.soopaegreen.co.kr,,골프장 운영업,2007-03-21,12월
주식회사 두리랜드,dooriland,두리랜드, ,임채무,기타법인,280211-0202552,344-81-01612,경기도 양주시 장흥면 권율로 120 (일영리),www.doriland.co.kr,,유원지 및 테마파크 운영업,2020-01-30,12월
두미종합개발(주),DOOMI CONSTRUCTION CO.LTD,두미종합개발, ,송형진,기타법인,134411-0010833,126-81-31842,경기도 이천시 모가면 사실로725번길 119-73, ,,골프장 운영업,1997-07-15,12월
두산기업주식회사,"Doosan Enterprise Corporation., Ltd.",두산기업, ,경창호,기타법인,211111-0000779,221-81-03087,강원도 춘천시 신동면 정족리 1007-1,없음,,골프장 운영업,1977-11-22,12월
(주)두산베어스,DOOSANBEARS Inc,두산베어스, ,고영섭,기타법인,110111-0346919,107-81-13241,서울특별시 송파구 올림픽로 25 (잠실동) 잠실야구장내,www.doosanbears.com,,스포츠 클럽 운영업,1983-03-24,12월
드림씨어터(주),DREAM THEATRE,드림씨어터, ,설도권,기타법인,110111-5572824,261-81-21685,"서울특별시 강남구 강남대로 564 4층(논현동, 원빌딩)", ,,공연시설 운영업,2014-12-01,12월
(주)드림엔터테인먼트,Dream Entertainment,드림엔터테인먼트, ,정수세,기타법인,160111-0106719,305-81-41531,대전광역시 유성구 도룡동 3-1,www.kumdori.co.kr,,유원지 및 테마파크 운영업,2000-10-01,12월
드비치골프클럽 주식회사,"Debeach Golf Club Co.,Ltd",드비치골프클럽, ,송영재,기타법인,110111-3021790,104-81-87671,"경상남도 거제시 장목면 거제북로 1573 (구영리, 드비치골프장)",http://www.debeach.co.kr,,골프장 운영업,2004-06-01,12월
주식회사 디비월드,Dongbu World Inc.,디비월드, ,윤순균,기타법인,110111-0628086,214-81-12142,서울특별시 강남구 테헤란로 432, ,,골프장 운영업,1989-05-15,12월
디아이개발(주),"Greenland co.,ltd",디아이개발, ,박춘영,기타법인,170111-0601486,743-81-00329,경상북도 안동시 일직면 풍일로 1887 (국곡리), ,,골프장 운영업,2016-06-01,12월
디알엑스 주식회사,DRX Corp.,디알엑스, ,"박정무, 양선일",기타법인,110111-7165841,352-88-01475,"서울특별시 마포구 독막로7길 59 (서교동, DRX빌딩)",drx.gg,,그 외 기타 스포츠 서비스업,2019-07-09,12월
(주)디에이치에스앤이,"DHS&E CO.,LTD",디에이치에스앤이, ,권세진,기타법인,110111-0405608,204-81-31268,"서울특별시 동대문구 답십리로 209 (답십리동, 힐스포츠파크)",없음,,그 외 기타 스포츠시설 운영업,1995-02-02,12월
(주)디케이레저,DKLeisure,디케이레저, ,김대웅,기타법인,200111-0635181,880-86-02164,전북특별자치도 순창군 순창읍 금산로 152 (순화리), ,,골프장 운영업,2021-05-17,12월
디큐브시티 뽀로로파크 주식회사,"D-CUBE CITY PORORO PARK CO.,LTD.",디큐브시티뽀로로파크, ,"김성수, 이진태",기타법인,110111-4651984,113-86-50659,"서울특별시 구로구 경인로 662 (신도림동, 디큐브시티) 4층", ,,유원지 및 테마파크 운영업,2011-07-20,12월
주식회사 떼제베운영,"Tzebe Management Co.,Ltd",떼제베운영, ,최영범,기타법인,150111-0311261,639-87-02073,충청북도 청주시 흥덕구 옥산면 동림2길 149 (동림리),tgv.kmhleisure.com,,골프장 운영업,2021-07-12,12월
라싸디벨로프먼트주식회사,Lassa Development,라싸디벨로프먼트, ,양창모,기타법인,110111-4322022,127-86-23923,경기도 포천시 이동면 제비울1길 40 (연곡리), ,,골프장 운영업,2010-04-06,12월
라온랜드주식회사,raonland,라온랜드, ,손광섭,기타법인,220111-0058800,616-81-58908,"제주특별자치도 제주시 한림읍 월림7길 155 (월림리, 더마파크)",www.mapark.co.kr,,기타 공연단체,2006-12-06,12월
(주)라우드코퍼레이션,"STILL8 Co,. Ltd.",라우드코퍼레이션, ,서경종,기타법인,110111-5366970,206-86-88632,"서울특별시 서초구 서초대로78길 5 (서초동, 대각빌딩), 15층", ,,스포츠 클럽 운영업,2014-03-24,12월
라운더스,Rounders,라운더스, ,홍미래,기타법인,170111-0808298,519-86-02146,경기도 하남시 감초로 20 (감북동), ,,유원지 및 테마파크 운영업,2021-02-19,12월
주식회사 라움이엔씨,RAUM ENC,라움이엔씨, ,김은숙,기타법인,131411-0542160,147-88-02436,경기도 화성시 노들길 6-15 (새솔동) 301호, ,,실내 경기장 운영업,2022-10-12,12월
(주)라이브네이션코리아,Live Nation Korea Corporation,라이브네이션코리아, ,"조용배, 김형일",기타법인,110111-4759275,105-87-65842,"서울특별시 마포구 와우산로 49 8층 801호(상수동, 상수아뜨리에)",www.livenation.kr,,공연 기획업,2011-12-28,12월
주식회사 라이브러리컴퍼니,librarycompany,라이브러리컴퍼니, ,채진아,기타법인,110111-6345303,405-81-11486,서울특별시 서초구 서초대로54길 29-22 (서초동) 2층,www.weclassic.co.kr/,,공연 기획업,2017-03-15,12월
주식회사 라이트리움,"LIGHTRIUM Co., Ltd.",라이트리움, ,박용동,기타법인,224111-0018157,616-81-83877,제주특별자치도 서귀포시 상효로 39 (상효동), ,,박물관 운영업,2011-02-16,12월
주식회사 라피크,RAFIK,라피크, ,이동열,기타법인,134511-0430849,585-86-01616,"경기도 용인시 기흥구 보정로 32 (보정동, 지젤스포츠클럽)", ,,종합 스포츠시설 운영업,2020-02-17,12월
라헨느리조트(주),"La Reine Resort Co, LTD",라헨느리조트, ,강창원,기타법인,220111-0048538,616-81-48638,"제주특별자치도 제주시 명림로 374 (봉개동, 라헨느리조트)",www.lareine.co.kr,,골프장 운영업,2004-07-29,12월
람정엔터테인먼트코리아(주),"Landing Entertainment Korea Co.,Ltd.",람정엔터테인먼트코리아, ,홍재성,기타법인,220111-0111632,616-86-16830,제주특별자치도 서귀포시 안덕면 신화역사로304번길 38 (서광리),www.landingkorea.com/cn,,기타 사행시설 관리 및 운영업,2014-03-27,12월
래복,RAEBOK,래복, ,김효일,기타법인,110111-3425942,104-86-01101,"서울특별시 중구 무교로 16 (무교동, 체육회관) 602호", ,,기타 스포츠시설 운영업,2006-03-24,12월
램코 주식회사,lamdco corporation,램코, ,심천보,기타법인,135711-0184293,354-86-02331,충청북도 음성군 감곡면 오갑길 195 (문촌리) 감곡컨트리클럽, ,,골프장 운영업,2021-10-15,12월
레고랜드코리아유한회사,LEGOLAND Korea LLC,레고랜드코리아, ,매튜폴조엣,기타법인,180114-0010902,617-81-99974,강원도 춘천시 중앙로 16 (요선동) 무림빌딩 8층, ,,유원지 및 테마파크 운영업,2012-06-12,12월
(주)레드스톤에스테이트,JEJU ANIMAL THEME PARK,레드스톤에스테이트, ,서경선,기타법인,220111-0045740,616-81-46101,제주특별자치도 제주시 조천읍 선흘민오름길 50,www.daemyung.com,,유원지 및 테마파크 운영업,2003-12-09,12월
(주)레이포드, ,레이포드, ,정창균,기타법인,170111-0281022,504-81-60678,대구광역시 수성구 중동 30-4번지 상지빌딩 8층, ,,골프장 운영업,2005-02-01,12월
레인보우(주),rainbow,레인보우, ,전문수,기타법인,151311-0016262,797-87-01900,충청북도 영동군 영동읍 영동힐링로 161 (매천리), ,,골프장 운영업,2020-06-26,12월
(주)렉스필드컨트리클럽,Rexfield Country Club,렉스필드컨트리클럽, ,송호정,기타법인,131211-0017571,126-81-71408,"경기도 여주시 산북면 광여로 1115 (상품리, 클럽하우스)",www.rexfield.co.kr,,골프장 운영업,2003-05-03,12월
로데오로주식회사,rodeoro.co.ltd,로데오로, ,이성재,기타법인,141211-0084833,183-86-00497,강원도 원주시 만대로 17-1 201호(무실동), ,,골프연습장 운영업,2016-08-23,12월
로봇파크(주),Robot PARK,로봇파크, ,정재영,기타법인,110111-2425000,206-81-66370,서울특별시 구로구 경인로43길 28 3층 302호(고척동), ,,체육공원 및 유사 공원 운영업,2002-01-17,12월
로얄링스 주식회사,"ROYAL LINKS CO.,LTD.",로얄링스, ,정재섭,기타법인,110111-5143477,120-87-98658,충청남도 태안군 태안읍 기업도시6길 43 (반곡리), ,https://www.royallinks.co.kr/,골프장 운영업,2013-05-24,12월
(주)로터스힐헬스타운, ,로터스힐헬스타운, ,최만식,기타법인,180111-0433960,607-81-62581,부산광역시 연제구 연산1동 105-5, ,,골프장 운영업,2002-12-27,12월
주식회사 로테이션,"ROTATION CO.,LTD.",로테이션, ,임덕희,기타법인,110111-6942555,495-86-01332,"서울특별시 강남구 선릉로112길 34 (삼성동, HS빌딩)", ,,공연 기획업,2018-11-30,12월
주식회사 록,Lok Corp.,록, ,박찬수,기타법인,224111-0035391,695-88-00408,"제주특별자치도 서귀포시 표선면 가시로 384 (가시리, 샤인빌골프장)", ,,골프장 운영업,2016-11-01,12월
재단법인 롯데문화재단,LOTTE foundation for arts,롯데문화재단, ,김성환,기타법인,244222-0011441,401-82-10731,"서울특별시 송파구 올림픽로 300 (신천동, 롯데월드타워앤드롯데월드몰) 롯데콘서트홀",www.lotteconcerthall.com/kor,,공연시설 운영업,2015-10-08,12월
(주)롯데자이언츠,lotte giants baseball club,롯데자이언츠, ,이강훈,기타법인,110111-0317556,607-81-19196,부산광역시 동래구 사직로 45 종합운동장 내 (사직동),www.giantsclub.com,,스포츠 클럽 운영업,1982-05-10,12월
(주)르네상스마리나클럽,Renaiassance Marina Club,르네상스마리나클럽, ,강기훈,기타법인,110111-3858961,211-88-10353,서울특별시 영등포구 여의도동 83-6 한강시민공원여의도지구내유선장, ,,스포츠 및 오락관련 서비스업,2008-03-13,12월
리그오브레전드챔피언스코리아 유한회사,"League of Legends Champions Korea, Ltd.",리그오브레전드챔피언스코리아, ,오상헌,기타법인,110114-0266509,675-86-02015,"서울특별시 종로구 종로 33 (청진동, 그랑서울) 202호", ,,그 외 기타 스포츠 서비스업,2020-09-25,12월
주식회사 리더스,leader''s,리더스, ,홍경선,기타법인,134811-0073510,124-86-03520,경기도 화성시 북양동 172번지, ,,골프장 운영업,2003-01-01,12월
주식회사리더스스타코리아,leders star korea,리더스스타코리아, ,강지훈,기타법인,110111-3236547,106-86-40473,서울특별시 용산구 한강대로 23 (한강로3가), ,,골프연습장 운영업,2006-12-05,12월
주식회사 리도코리아,"LIDO KOREA Co.,Ltd",리도코리아, ,한덕순,기타법인,134811-0536617,553-88-01587,"서울특별시 강남구 테헤란로1길 28-11 5층 5081호(역삼동, 조이빌딩)", ,,자연공원 운영업,2020-01-21,12월
주식회사 리솜웨이하이골프리조트,"RESOM WEIHAI GOLF RESORT CO., LTD.",리솜웨이하이골프리조트, ,윤건덕,기타법인,110111-3414953,220-87-25998,"서울특별시 강남구 논현로 626 (논현동, 엠빌딩) 3층", ,,골프장 운영업,2006-03-09,12월
(주)리앤에스스포츠,"Lee&S Sports Co.,Ltd.",리앤에스스포츠, ,박해동,기타법인,110111-4282226,215-87-37420,"서울특별시 마포구 월드컵북로 375 , 3107호 (상암동, DMC이안상암1단지)", ,,기타 스포츠 서비스업,2010-02-10,12월
리얼엔젤플러스(주),realangelplus.co.kr,리얼엔젤플러스, ,양재찬,기타법인,110111-2675647,220-86-53745,"서울특별시 동작구 현충로 131 (흑석동, 블루스톤스포츠)",www.blue-stone.co.kr,,종합 스포츠시설 운영업,2002-12-18,12월
주식회사 림스코,"Limsco Co,Ltd.",림스코, ,임경상,기타법인,171111-0016692,508-81-22701,경상북도 안동시 정상동 산18, ,,골프연습장 운영업,2007-07-20,12월
(주)마리나아리수,Marina Arisoo,마리나아리수, ,이상석,기타법인,110111-3953828,206-86-27601,서울특별시 광진구 자양동 427-7 한강시민공원내, ,,스포츠 서비스업,2008-09-01,12월
(주)마린월드,"Marine World CO., LTD.",마린월드, ,김화석,기타법인,110111-0573629,214-86-09152,"경기도 시흥시 월곶중앙로 38 137호 (월곶동, 마린월드상가)",www.marine-world.co.kr,,기타 유사 여가관련 서비스업,1988-05-06,12월
마산개발주식회사,MaSan Development Ltd,마산개발, ,김병태,기타법인,190111-0052487,608-81-54051,경상남도 마산시 중앙동2가 1-461,-,,골프장 운영업,2003-11-06,12월
(주)마스트엔터테인먼트,MAST Entertainment Ltd.,마스트엔터테인먼트, ,김용관,기타법인,110111-3238949,220-87-10156,"서울특별시 강남구 도산대로 224 6층(논현동, DMCC빌딩)", ,,공연 기획업,2005-06-01,12월
주식회사 마스트인터내셔널,MAST INTERNATIONAL,마스트인터내셔널, ,김용관,기타법인,110111-5486017,261-81-16784,"서울특별시 강남구 삼성로 757 5층 (청담동, 소성빌딩)", ,,공연 기획업,2014-08-07,12월
주식회사 마이뮤직테이스트,"MyMusicTaste Co., Ltd.",마이뮤직테이스트, ,이재석,기타법인,110111-4752237,220-88-29856,서울특별시 강남구 논현로131길 41-5 (논현동) ESPACE8빌딩 3층,https://www.mymusictaste.com/,,그 외 기타 창작 및 예술관련 서비스업,2011-12-16,12월
마장뮤직앤픽처스(주),"MACHANG MUSIC AND PICTURES CO,.Ltd",마장뮤직앤픽처스, ,"하종욱, 홍건택",기타법인,110111-6044103,801-81-00396,서울특별시 성동구 마장로 300 1층(마장동), ,,공연 기획업,2016-05-01,12월
주식회사 마제스타,"MAJESTA Co.,Ltd",마제스타, ,이준민,기타법인,131111-0317618,129-86-76483,"제주특별자치도 서귀포시 색달동 중문관광로 72번길 75 (색달동,제주신라호텔 Casino)", ,,기타 사행시설 관리 및 운영업,2012-07-25,12월
만진집단 주식회사,"MANJIN CO., LTD.",만진집단, ,김학인,기타법인,165011-0052894,280-88-00259,충청남도 당진시 신평면 계명길 33 (도성리),www.panaceagc.com,,골프장 운영업,2016-01-04,12월
유한회사 매디슨카운티의 다리,The Bridges Of Madison County Ltd.,매디슨카운티의다리, ,이명한,기타법인,110114-0192605,506-81-92609,"서울특별시 용산구 한남대로42길 14 (한남동, 목멱산방) 지하1층", ,,공연 기획업,2016-11-16,12월
매직플로우 주식회사,Magicflow Inc.,매직플로우, ,"정세영, 이주희",기타법인,110111-8567137,366-81-02872,"서울특별시 강남구 역삼로77길 13 1층 (대치동, 비채빌딩)", ,,기타 창작 및 예술관련 서비스업,2023-03-16,12월
(주)맥스무비,"Maxmovie Co., Ltd.",맥스무비, ,주태산,기타법인,110111-1717226,120-81-90256,서울특별시 강남구 신사동 629-15 평화빌딩5층, ,,그 외 기타 창작 및 예술관련 서비스업,1999-06-19,12월
멀린엔터테인먼트코리아(주),Merlin Entertainments Korea,멀린엔터테인먼트코리아, ,"김영필, 메이케슐즈",기타법인,180111-0247163,618-81-22731,부산광역시 해운대구 해운대해변로 266 (중동),www.busanaquarium.com,,식물원 및 동물원 운영업,1997-12-12,12월
멀린엔터테인먼트코리아 주식회사,"Merlin Entertainments Korea Co., Ltd.",멀린엔터테인먼트코리아, ,이성호 외 1명,기타법인,180111-0551598,617-81-61162,부산광역시 해운대구 해운대해변로 266, ,,식물원 및 동물원 운영업,2006-06-01,12월
멀티소프트(주),"MultiSoft co., Ltd",멀티소프트, ,김민석,기타법인,110111-1564289,207-81-52393,서울특별시 광진구 화양동 113-1 젤코바빌딩 2층, ,,전자 게임장 운영업,1998-07-13,12월
주식회사 메가럭,MEGALUCK,메가럭, ,우광수,기타법인,220111-0073600,616-81-75362,제주특별자치도 제주시 중앙로 151 (이도일동), ,,기타 사행시설 관리 및 운영업,2009-12-15,12월
(주)메가비엠씨,"MEGABMC CO.,Ltd.",메가비엠씨, ,"손주은, 김기종",기타법인,110111-3673963,220-87-47973,"서울특별시 서초구 효령로 321 (서초동, 메가스터디)",megabmc.com/,,골프장 운영업,2007-05-07,12월
(주)메카포럼,"MECCA FORUM CO., LTD",메카포럼,035830,장기남,기타법인,110111-0857601,229-81-07622,서울특별시 강남구 논현동 130-17 그린빌딩 4층 ,www.imartin.co.kr,,공연 기획업,1992-05-15,12월
명동휘트니스주식회사,Myoungdong fitness co.ltd,명동휘트니스, ,황규성,기타법인,110111-2960999,201-81-86181,서울특별시 중구 명동2가 31-1 명동타워,www.hurest.co.kr,,체력단련시설 운영업,2004-02-25,12월
(주)명문투자개발,"Myungmoon Investment Development Co., Ltd.",명문투자개발, ,우석민,기타법인,134411-0040301,126-86-18771,경기도 이천시 대월면 도리리 66,www.theban.co.kr,,골프장 운영업,2009-02-18,12월
모노리스인천파크(주),MONOLITH INCHEON PARK,모노리스인천파크, ,김종석,기타법인,120111-1175307,161-81-02471,"인천광역시 중구 공항로424번길 60 (운서동, 대우스카이월드) 1210호", ,,유원지 및 테마파크 운영업,2021-09-08,12월
모노리스제주파크(주),MONOLITH JEJU PARK INC.,모노리스제주파크, ,김종석,기타법인,220111-0118406,616-86-22439,제주특별자치도 제주시 애월읍 산록서로 15 산131-3 (어음리),www.monolith.co.kr,,유원지 및 테마파크 운영업,2014-10-10,12월
주식회사 모던필라테스예체능,Modern Pilates Artists and Sports,모던필라테스예체능, ,김항진,기타법인,110111-7468683,238-87-01833,"서울특별시 강남구 압구정로30길 17 1층 101호(신사동, 이소니프라자)", ,,그 외 기타 스포츠시설 운영업,2020-04-24,12월
모아레포츠타운(주),MOALREPORTS TOWN,모아레포츠타운, ,김영문,기타법인,200111-0219646,410-86-00287,광주광역시 서구 풍암동 423-2, ,,골프연습장 운영업,2005-12-23,06월
(주)모츠,MOTZ,모츠, ,손동명,기타법인,110111-4263226,211-88-38778,서울특별시 강남구 논현로158길 6 모츠타워(신사동),motz.kr/,,그 외 기타 창작 및 예술관련 서비스업,2010-02-01,12월
모현지디알(주),MoHyun GDR,모현지디알, ,유재동,기타법인,134511-0073326,135-81-64712,경기도 용인시 처인구 모현면 오산리 254-6, ,,그 외 기타 스포츠시설 운영업,2003-08-19,12월
주식회사 몰디브코리아,"Maldives Korea Co., Ltd.",몰디브코리아, ,전영만,기타법인,170111-0405440,504-81-87468,대구광역시 중구 삼덕동1가 5-2,www.mdvkorea.com,,체력단련시설 운영업,2010-06-09,12월
(주)무등산골프앤리조트,Dongkwang leisure.co.,무등산골프앤리조트, ,이승,기타법인,205211-0021226,408-81-61520,"전라남도 화순군 화순읍 오성로 292-90 (서태리, 무등산CC)",www.mudeungsancc.com/,,골프장 운영업,2004-07-01,12월
무주기업도시(주),"Muju Enterprise City Co.,Ltd.",무주기업도시, ,송경,기타법인,214211-0002217,418-81-21831,전라북도 무주군 무주읍 읍내리 232-3, ,,종합 스포츠시설 운영업,2007-01-23,12월
(주)무주덕유산리조트,"Muju Deogyusan Resort Co.,Ltd",무주덕유산리조트, ,"최양환, 주강식",기타법인,110111-0282098,214-81-79916,"서울특별시 중구 세종대로9길 42 (서소문동, 부영빌딩)",www.deogyusanresort.com,,골프장 및 스키장 운영업,1980-10-20,12월
무진개발주식회사,MOOJIN DEVELOPMENT CO.LTD.,무진개발, ,최건,기타법인,115511-0000460,132-81-03924,경기도 안성시 금광면 삼흥리 산 1,해당사항없음,,골프장 운영업,1989-10-01,12월
문경관광개발주식회사,mgtd,문경관광개발, ,박시복,기타법인,175411-0005364,511-81-11461,경상북도 문경시 중앙로 188 (흥덕동), ,,유원지 및 테마파크 운영업,2003-01-04,12월
주식회사문경레저타운,"Mun Gyeong Leisure Town Co., Ltd.",문경레저타운, ,김진수,기타법인,175411-0005497,511-81-11608,경상북도 문경시 마성면 문경골프장길 240,www.mgle.co.kr,,골프장 운영업,2003-02-25,12월
문성레저개발(주),"moonseong leisure dev.co.,ltd.",문성레저개발, ,남지헌,기타법인,110111-3529463,206-86-10769,"충청북도 충주시 노은면 감노로 1327 (문성리, 동촌골프클럽)", ,,골프장 운영업,2006-09-18,12월
(주)뮤지컬해븐,musicalheaven,뮤지컬해븐, ,박용호,기타법인,110111-3667205,101-86-32018,서울특별시 종로구 이화동 95-1 동인빌딩 1층,www.musicalheaven.co.kr/,,공연 기획업,2007-04-25,12월
주식회사 미광스포렉스,"MIGWANG SPOLEX CO.,LTD",미광스포렉스, ,"이희화, 이유현",기타법인,170111-0214255,503-81-53835,대구광역시 달서구 이곡동로 55 (이곡동) 미광스포렉스 5층, ,,체력단련시설 운영업,2002-01-15,12월
미래개발 주식회사,"Pineresort co., Ltd",미래개발, ,임태주,기타법인,110111-0107105,211-81-49484,"경기도 용인시 처인구 양지면 남평로 112 (남곡리, 양지파인리조트)",pinresort.com,,골프장 운영업,1971-03-13,12월
미르개발주식회사,"MIR Development Co., Ltd.",미르개발, ,최효섭,기타법인,134511-0089597,135-81-77556,경기도 용인시 기흥구 중동 25-1,dragonmir.co.kr,,골프장 운영업,2005-04-18,12월
주식회사 미리내개발,MIRINAE,미리내개발, ,엄은주,기타법인,140111-0025682,221-81-24059,강원도 춘천시 석사동 807-2 하나빌딩 3층, ,,골프장 운영업,2004-01-07,12월
주식회사 미션리조트,mission resort,미션리조트, ,석영상,기타법인,110111-0330251,120-81-15766,경기도 여주군 강천면 부평리 산 47 -1,없음,,골프장 운영업,1987-07-13,12월
주식회사 미켈란매니지먼트,MICHELAN MANAGEMENT,미켈란매니지먼트, ,"김정호, 박영진",기타법인,131111-0572030,247-81-01612,"경기도 성남시 분당구 정자일로 100 305호(정자동, 미켈란쉐르빌)", ,,종합 스포츠시설 운영업,2019-11-07,12월
주식회사 미켈란스포츠센터,MICHELAN SPORTS CENTER,미켈란스포츠센터, ,"김정호, 박영진",기타법인,110111-1680093,114-81-88283,"경기도 성남시 분당구 정자일로 100 301호 (정자동, 미켈란쉐르빌)", ,,체력단련시설 운영업,1999-04-23,12월
(주)밀리언 골프클럽,million golf club,밀리언골프클럽, ,"양재양, 김대욱",기타법인,110111-0848907,219-81-13447,"서울특별시 구로구 안양천로537길 56 (고척동, 고척동골프연습장)", ,,그 외 기타 스포츠시설 운영업,2004-08-20,12월
주식회사 밀양관광개발,"MiryangTourism Development.Co.,Ltd",밀양관광개발, ,우정수,기타법인,191311-0010323,615-81-38627,경상남도 밀양시 단장면 단장로 986 (안법리), ,,골프장 운영업,2004-07-01,12월
(주)밀양컨트리클럽,Miryang country club,밀양컨트리클럽, ,임경주,기타법인,191311-0011420,615-81-46151,경상남도 밀양시 부북면 사포산단1길 157 (전사포리 941),www.miryangcc.co.kr,,골프장 운영업,2005-11-25,12월
유한회사 바넘문화산업전문회사,-,바넘문화산업전문회사, ,나종헌,기타법인,110114-0224490,740-87-01001,서울특별시 중구 장충단로8길 11 3층 301호(장충동1가),-,,그 외 기타 창작 및 예술관련 서비스업,2018-06-07,12월
주식회사 바디스타,bodystar,바디스타, ,신운기,기타법인,110111-4739756,101-86-68011,"서울특별시 성북구 동소문로 40 (동소문동3가, 연세빌딩)", ,,체력단련시설 운영업,2011-11-30,12월
(주)바운스,"Vaunce Co.,Ltd.",바운스, ,류호준,기타법인,110111-5701879,631-86-00114,"서울특별시 강남구 봉은사로 524 (삼성동, 코엑스인터콘티넨탈서울) 비 130호, 비 131호 (스파크플러스코엑스점)", ,,그 외 기타 분류 안된 오락관련 서비스업,2015-04-20,12월
주식회사 바이오컨트리클럽,"BIO COUNTRY CLUB CO., LTD.",바이오컨트리클럽, ,홍정우,기타법인,134311-0011693,132-81-64881,경기도 양평군 양평읍 공흥리 441 9, ,,골프장 운영업,2006-03-09,12월
(주)바이오컨트리클럽,Bio Country Club,바이오컨트리클럽, ,최영수,기타법인,171511-0006471,508-81-18449,"경상북도 의성군 봉양면 농공마전길 125-78 (신평리, 엠스클럽의성골프클럽)", ,,골프장 운영업,2005-08-24,12월
주식회사 바이칼토탈휘트니스,BAIKALTOTALFITNESS,바이칼토탈휘트니스, ,임익구,기타법인,131111-0300358,144-81-03010,"서울특별시 송파구 중대로 207 2층 201-제이139호 (가락동, 대명빌딩)", ,,종합 스포츠시설 운영업,2011-12-27,12월
(주)반도개발,bandobora,반도개발, ,이무균,기타법인,181211-0011226,620-81-03004,울산광역시 울주군 삼동면 삼동로 404 (금곡리), ,,종합 스포츠시설 운영업,1989-09-01,12월
재단법인 반도문화재단,Bando Cultural Foundation,반도문화재단, ,권홍사,기타법인,134822-0004984,244-82-00299,"경기도 화성시 동탄광역환승로 73 (오산동, 동탄역반도유보라아이비파크8.0) 207동 E262호",www.bandofoundation.org/,,도서관 및 기록보존소 운영업,2019-07-15,12월
백두개발(주),.,백두개발, ,윤동균,기타법인,190111-0061165,608-81-63661,"경상남도 창원시 마산회원구 합성남17길 38 (합성동, 노블레스골프랜드)", ,,골프연습장 운영업,2006-07-12,12월
백양개발(주),"BAEKYANG DEVELOPMENT Co., Ltd",백양개발, ,서군석,기타법인,110111-0226963,221-81-06819,강원도 춘천시 남산면 백양리 29-1,www.kangchon.co.kr,,골프장 운영업,1978-03-07,12월
백제컨트리클럽 주식회사,"BAEKJE COUNTRY CLUB Co., Ltd",백제컨트리클럽, ,형남순,기타법인,160111-0042517,307-81-06923,충청남도 부여군 은산면 충절로 3734-82 1동 클럽하우스,없음,,골프장 운영업,1994-10-04,12월
백학관광개발원 주식회사,baekhak,백학관광개발원, ,구자태,기타법인,284311-0013656,127-86-21207,경기도 연천군 백학면 노아로297번길 179-55 (학곡리),http://www.jayurocc.com,,골프장 운영업,2009-12-18,12월
주식회사 밸류컬처앤미디어,"VALUECULTURE & MEDIA CO., LTD.",밸류컬처앤미디어, ,이철,기타법인,110111-5345437,261-81-08493,"서울특별시 강남구 언주로 609 (논현동, 팍스타워) B동 4층", ,,공연 기획업,2014-02-20,12월
(주)버드우드,birdwood,버드우드, ,홍성섭,기타법인,164811-0003248,312-81-05979,"충청남도 천안시 동남구 병천면 매성2길 103 (매성리, 버드우드골프클럽)",www.birdwood.co.kr,,골프장 운영업,1988-12-15,12월
버디톡골프아카데미 주식회사,birdietokgolf academy ,버디톡골프아카데미, ,"이종우, 김성주",기타법인,134811-0578312,269-81-02004,"경기도 화성시 동탄순환대로27길 5-8 비146호(영천동,동탄케이씨티타워)", ,,골프연습장 운영업,2020-09-08,12월
주식회사 버핏서울,butfitseoul Inc.,버핏서울, ,장민우,기타법인,110111-6917178,548-81-01437,"서울특별시 강남구 논현로 336 (역삼동, 건일빌딩), 3층",www.butfitground.com/,,체력단련시설 운영업,2018-12-05,12월
(주)법면녹화육운,"Bupmyun Nokhwa Yukwoon Co., Ltd.",법면녹화육운, ,김진철,기타법인,134511-0061272,135-81-54738,"경기도 용인시 처인구 원삼면 가재월로 23 9동 903호(개포동,경남아파트)", ,,사적지 관리 운영업,2002-05-24,12월
(주)베네씨씨,BENE C.C,베네씨씨, ,안성구,기타법인,110111-1215501,105-81-78933,서울특별시 서초구 서초동 1302-2 대지스포츠프라자 2층, ,,골프장 운영업,1995-11-22,12월
베네치아코리아(주),"Venezia Co. Ltd.,",베네치아코리아, ,이흥례,기타법인,120111-0380098,121-81-74166,경상북도 김천시 구성면 송죽리 611-2, ,,골프장 운영업,2005-07-22,12월
베네핏서클 주식회사,Benefit Circle Inc,베네핏서클, ,신동원,기타법인,110111-7067873,814-87-01471,"서울특별시 강남구 강남대로 564 6층(논현동, 원빌딩)", ,,공연 기획업,2019-04-11,12월
베뉴지씨씨(주),"Bukuk Resort Co., Ltd.",베뉴지씨씨, ,김연경,기타법인,115511-0000596,132-81-04656,"경기도 가평군 가평읍 용추로171번길 100 (승안리, 가평베뉴지골프장)",없음,,골프장 운영업,1989-12-08,12월
주식회사 베니체지,venicheg,베니체지, ,권근범,기타법인,124411-0273277,235-87-01979,"인천광역시 서구 원당대로 1045 (원당동, 금호헤리티지7) 7층", ,,골프연습장 운영업,2020-08-04,12월
베르아델승마클럽(주),"HORSE RIDING CLUB CO.,LTD",베르아델승마클럽, ,김운영,기타법인,131411-0138901,134-81-98373,경기도 안산시 단원구 대부남동 7-11,horseride.co.kr,,그 외 기타 스포츠시설 운영업,2003-04-03,12월
주식회사베스타골프,VESTA GOLF,베스타골프, ,여이태,기타법인,180111-0569509,617-81-63253,부산광역시 해운대구 반송동 744-2,VESTA GOLF.COM,,골프연습장 운영업,2006-10-10,12월
(주)베스트밸리골프클럽,"BEST VALLEY GOLF CLUB Co., Ltd.",베스트밸리골프클럽, ,박세철,기타법인,284911-0047588,141-81-00294,경기도 파주시 광탄면 장지산로200번길 32-41, ,,골프장 운영업,2004-04-26,12월
주식회사 베스트탑,best top,베스트탑, ,권혁원,기타법인,131311-0250765,366-86-02260,경기도 평택시 도일로 165 (도일동), ,,골프연습장 운영업,2021-02-15,12월
베스티아골프클럽(주),bestia golf club,베스티아골프클럽, ,"강윤석, 김형판",기타법인,110111-2750457,109-81-84475,서울특별시 강서구 가양1동 162-1, ,,그 외 기타 스포츠시설 운영업,2003-04-01,12월
주식회사 베어리버,"Bearriver Co.,Ltd.",베어리버, ,박진영,기타법인,214911-0044132,403-81-80901,전라북도 익산시 웅포면 강변로 130 베어포트리조트 내(웅포리),cafe.naver.com/bearrivermember,,골프장 운영업,2014-11-05,12월
주식회사 베어포트리조트,"bearport resort co., ltd.",베어포트리조트, ,박재형,기타법인,214911-0038648,403-81-69513,전라북도 익산시 웅포면 강변로 130 (웅포리 172-9) 베어포트골프리조트,www.bearportcc.co.kr,,골프장 운영업,2012-08-28,12월
주식회사 벨라비손,BellaBison,벨라비손, ,원종화,기타법인,145111-0024556,147-86-02771,강원도 횡성군 횡성읍 한우로 696 (조곡리) 2층, ,,골프장 운영업,2022-06-08,12월
주식회사 벽은,byouk eun inc.co,벽은, ,변상진,기타법인,150111-0079025,301-81-74909,충청북도 청원군 오창면양청리 818 2, ,,그 외 기타 스포츠시설 운영업,2004-10-01,12월
보광개발(주),"Bokwang Development Co.,Ltd",보광개발, ,심춘석,기타법인,131211-0001300,126-81-06794,경기도 여주시 금사면 장흥로 416 (장흥리),www.ipo-cc.co.kr,,골프장 운영업,1989-03-02,12월
주식회사 보나엔에스,BONA NS,보나엔에스, ,장석진,기타법인,110111-6172079,637-86-00505,서울특별시 강동구 올림픽로48길 27 3층 (성내동), ,,창작 및 예술관련 서비스업,2016-09-12,12월
보림개발(주),"BORIM DEVELOPMENT CO., LTD.",보림개발, ,김각수,기타법인,110111-3646952,214-88-05539,강원도 홍천군 남면 한서로 2840,www.hilldeloci.co.kr,,골프장 운영업,2007-03-27,12월
보문개발 주식회사,"POMUN DEVELOPMENT CO., LTD.",보문개발, ,박흥국,기타법인,171211-0004207,505-81-04835,"경상북도 경주시 보문로 182-98 (북군동, 경주컨트리클럽)", ,,골프장 운영업,1989-12-22,12월
보성레저개발(주),"Bosung Leisure Development Co., Ltd.",보성레저개발, ,이화영,기타법인,200111-0166417,408-81-55412,전라남도 해남군 화원면 시아로 224,없음,,골프장 운영업,2002-11-20,12월
보승개발(주),bosung,보승개발, ,강재호,기타법인,170111-0248965,502-81-70791,대구광역시 수성구 수성동1가 96-150번지, ,,체력단련시설 운영업,2003-05-29,12월
본다빈치주식회사,Bondavinci,본다빈치, ,박상흥,기타법인,110111-5141918,101-86-81066,서울특별시 강남구 봉은사로111길 18-7,www.bondavinci.com,,그 외 기타 창작 및 예술관련 서비스업,2013-05-23,12월
(주)볼카노골프앤리조트,"LakeHills Co., Ltd.",볼카노골프앤리조트, ,윤진섭,기타법인,224111-0007340,616-81-31189,"제주특별자치도 서귀포시 산록남로 1391 (중문동, 레이크힐스제주컨트리클럽)",www.lakehillscccheju.co.kr,,골프장 운영업,2000-08-22,12월
주식회사 부건,"BuGun Co., Ltd",부건, ,"김용덕, 안흥용",기타법인,220111-0029950,616-81-30481,제주특별자치도 제주시 오등동 산 57, ,,골프장 운영업,2000-07-27,12월
(주)부산동물원,"pusan zoo co.,ltd",부산동물원, ,박상천,기타법인,180111-1086669,143-81-32550,"부산광역시 부산진구 중앙대로775번길 5 (부전동, 대림빌딩)",www.samjungthepark.com/,,식물원 및 동물원 운영업,2017-03-24,12월
부성개발주식회사,"Boo Sung Development Co.,Ltd.",부성개발, ,이정익,기타법인,170111-0224238,505-81-39353,"경상북도 영천시 고경면 호국로 1221-24 (동도리, 영천오펠클럽)", ,,골프장 운영업,2002-05-15,12월
주식회사 부영CC,booyoungcc,부영CC, ,"신명호, 최병영",기타법인,224111-0014725,616-81-66048,"제주특별자치도 서귀포시 남원읍 남조로 960 (수망리, 부영C.C)",www.booyoungcc.co.kr,,골프장 운영업,2008-06-01,12월
주식회사 부천스포츠,bucheon sports,부천스포츠, ,곽근영,기타법인,121111-0187922,130-86-43546,경기도 부천시 소사구 중동로71번길 43 (송내동), ,,종합 스포츠시설 운영업,2009-06-08,12월
(주)부토,BOOTO,부토, ,"양경섭, 오효미",기타법인,160111-0126030,314-81-45453,"충청남도 금산군 진산면 살구정길 167 (행정리, 에딘버러CC)",edinburgh.co.kr,,골프장 운영업,2001-10-14,12월
유한회사 분필,LIMITED COMPANY BOONPILL,분필, ,김일석,기타법인,131114-0001688,396-87-03777,"경기도 성남시 분당구 구미로9번길 3-10 401호 (구미동, 글로리타워)", ,,공연 기획업,2025-09-29,12월
브레이브엔터테인먼트(주),BRAVE ENTERTAINMENT,브레이브엔터테인먼트, ,강동철,기타법인,110111-4908947,211-88-82070,서울특별시 강남구 논현로104길 10, ,,그 외 기타 창작 및 예술관련 서비스업,2012-07-04,12월
블랙밸리컨트리클럽(주),BLACK VALLEY COUNTRY  CLUB,블랙밸리컨트리클럽, ,최승희,기타법인,144611-0009864,222-81-18069,강원도 삼척시 도계읍 도상로 307-84 (블랙밸리골프장),www.blackcc.co.kr,,골프장 운영업,2004-08-17,12월
주식회사 블랙스톤리조트,BLACKSTONE RESORT,블랙스톤리조트, ,원기룡,기타법인,220111-0039769,616-81-40602,"제주특별자치도 제주시 한림읍 한창로 925-122 (금악리, 블랙스톤골프클럽)",blackstonegolf.com,,골프장 운영업,2002-08-21,12월
(주)블랙스톤리조트 이천,BLACKSTONERESORT ICHEON.CO,블랙스톤리조트이천, ,원기룡,기타법인,134411-0068569,217-81-48649,경기도 이천시 장호원읍 장여로 459-160, ,,골프장 운영업,2015-12-28,12월
주식회사블랙스톤에듀팜리조트,"Blackstoneedufarmresort.Co.,Ltd.",블랙스톤에듀팜리조트, ,원용권,기타법인,154411-0028030,535-86-00475,충청북도 증평군 도안면 벼루재길 512-15 (연촌리), ,,유원지 및 테마파크 운영업,2016-09-05,12월
(주)블루아일랜드개발,"Blueisland Developement Co.,Ltd.",블루아일랜드개발, ,석균성,기타법인,120111-0429721,137-81-80474,인천광역시 서구 청라대로316번길 45 베어즈베스트 청라GC,bearsbestcheongnagc.com,,골프장 운영업,2007-03-27,12월
(주)블루원,"BlueOne Co., Ltd.",블루원, ,정필묵,기타법인,110111-0617659,135-81-11215,경기도 용인시 처인구 원삼면 보개원삼로1534번길 40,www.blueone.com,,골프장 운영업,1989-03-22,12월
주식회사 블루원레저,BlueOneLeisure,블루원레저, ,김춘수,기타법인,134511-0480092,820-81-02041,"경기도 안성시 양성면 약산길 67-6 (미산리, 안성아덴힐CC)", ,,골프장 운영업,2020-10-07,12월
주식회사 블루웨일골프클럽,"Bluewhale golf club Co.,Ltd.",블루웨일골프클럽, ,박경호,기타법인,230111-0342029,533-86-02045,울산광역시 남구 신정로37번길 34 (달동), ,,골프장 운영업,2020-11-27,12월
블루헤런 주식회사,"BLUEHERON CO., LTD.",블루헤런, ,권오삼,기타법인,131211-0015971,126-81-64682,경기도 여주시 대신면 고달사로 67,www.blueheron.co.kr,,골프장 운영업,2002-08-02,12월
(주)블리츠웨이엔터테인먼트,"Blitzway Entertainment Co., Ltd.",블리츠웨이엔터테인먼트,369370,"최승원, 이승우 (각자 대표이사)",코스닥시장,110111-7655868,640-87-01749,"서울특별시 강남구 논현로131길 35 (논현동, 리손빌)",http://blitzwayentertainment.com,,창작 및 예술관련 서비스업,2020-10-20,12월
(주)비베타,CLARKHATCHSEOUL.CO.LTD,비베타, ,김연복,기타법인,110111-2157166,120-86-16533,서울특별시 강남구 수서동 724, ,,골프장 운영업,2001-01-29,12월
주식회사 비앤지,"Co.,B&G",비앤지, ,"김진혁, 이교림",기타법인,171711-0161643,697-87-01895,경상북도 울진군 매화면 매화로 115-99 울진마린cc,www.marinecc.co.kr,,골프장 운영업,2021-02-23,12월
주식회사 비에스골프,BS GOLF,비에스골프, ,고병순,기타법인,195411-0042255,418-88-02401,경상남도 사천시 새고개길 31 (동림동), ,,골프연습장 운영업,2022-01-12,12월
(주)비와이월드,"BYWORLD.Co.,LTD",비와이월드, ,최양환,기타법인,194211-0249351,313-81-33497,"경상남도 창원시 진해구 신항동로 141 (용원동, 애플타운헤리티지) 216호", ,,유원지 및 테마파크 운영업,2015-11-17,12월
(주)비이피씨탄젠트,BEPC TANGENT CREATIVE,비이피씨탄젠트, ,김은성,기타법인,110111-3182732,215-86-68154,"서울특별시 강남구 역삼로98길 23 2층 (대치동, 태범빌딩)",bepc.co.kr/,,그 외 기타 창작 및 예술관련 서비스업,2005-03-08,12월
(주)비전힐스,"visionhillscc,co.",비전힐스, ,김상대,기타법인,110111-0584361,219-81-01048,"경기도 남양주시 화도읍 마치로 226-220 (녹촌리, (주)비전힐스)",visionhillscc.co.kr,,골프장 운영업,1988-07-22,12월
주식회사 빅랜드,Bigland,빅랜드, ,조수영,기타법인,134811-0735251,256-87-02693,"경기도 화성시 동탄대로 446 지하1층 B1101호 (청계동, 동탄역그란비아스타)", ,,볼링장 운영업,2023-03-17,12월
빅스톤사이언스센터 주식회사,BIG STONE SCIENCE CENTER CO.,빅스톤사이언스센터, ,문영식,기타법인,110111-3196709,212-81-71091,강원도 평창군 용평면 도사리 108, ,,박물관 운영업,2005-03-29,12월
빅스포주식회사,"BIGSPO.,LTD",빅스포, ,하상호,기타법인,200111-0228811,408-81-70636,"광주광역시 남구 서문대로 745 (주월동, 빅스포)", ,,체력단련시설 운영업,2006-08-01,12월
(주)빅터코리아,VICTOR KOREA INC.,빅터코리아, ,박상진,기타법인,110111-1262487,220-81-09977,서울특별시 송파구 잠실동 228-9 혜명빌딩 2층,www.victorkorea.com,,그 외 기타 스포츠 서비스업,1996-04-18,12월
주식회사 빅히트쓰리식스티,"Big Hit Three Sixty Co., Ltd.",빅히트쓰리식스티, ,윤석준,기타법인,110111-7247780,351-81-01721,"서울특별시 강남구 테헤란로108길 42 (대치동, 엠디엠타워)", ,,공연 기획업,2019-10-01,12월
(주)빌드온,Buildon,빌드온, ,이상운,기타법인,285011-0182878,128-86-52834,경기도 고양시 일산동구 중산동 4-2, ,,골프연습장 운영업,2010-09-02,12월
주식회사 빠제로골프타운,Pajero Golf Town,빠제로골프타운, ,조강인,기타법인,110111-3369728,109-86-01163,서울특별시 강서구 공항동 281 ,www.pajerogolf.com,,그 외 기타 스포츠시설 운영업,2005-12-28,12월
(주)뽀로로파크,"PororoPark Co., Ltd",뽀로로파크, ,"최종일, 김일호",기타법인,110111-4211241,214-88-49634,경기도 성남시 분당구 판교로255번길 64 아이코닉스 8층(삼평동),www.pororopark.com,,그 외 기타 분류 안된 오락관련 서비스업,2009-11-03,12월
(주)사계절,Fourseasons.Ltd,사계절, ,김건우,기타법인,164911-0035257,568-81-02333,충청남도 예산군 삽교읍 예학로 81 (목리)404호(SS프라자), ,,골프장 운영업,2021-08-12,12월
사단법인 로카피스생활체육회,ROKAFIS sports club,사단법인로카피스생활체육회, ,이중근,기타법인,110321-0056993,498-82-00412,"서울특별시 중구 세종대로9길 42 (서소문동, 부영빌딩)",www.rokafis.com/,,기타 스포츠 서비스업,2022-05-25,12월
(주)사운드얼라이언스,Sound Alliance Korea,사운드얼라이언스, ,한문규,기타법인,110111-6703048,370-86-01090,"서울특별시 종로구 동숭길 145 (동숭동) 4,5층", ,,그 외 기타 창작 및 예술관련 서비스업,2018-04-02,12월
주식회사 사유원,SAYUWON,사유원, ,한상철,기타법인,174311-0014152,428-81-01768,경상북도 군위군 부계면 치산효령로 1176 (창평리),sayuwon.com,,자연공원 운영업,2020-03-02,12월
(주)사이렌,SIREN,사이렌, ,배우리,기타법인,110111-7584950,763-87-01853,"서울특별시 강남구 논현로132길 6 (논현동, 미래빌딩) 2층", ,,골프연습장 운영업,2020-08-11,12월
(주)사직골프랜드,sajik golf land,사직골프랜드, ,김기표,기타법인,180111-1227065,423-87-01391,부산광역시 연제구 경기장로 21 (거제동) 사직골프랜드, ,,골프연습장 운영업,2019-07-04,12월
사천리조트 주식회사,"Sa Cheon co, LTD.",사천리조트, ,강대신,기타법인,195411-0012505,613-81-40113,경상남도 사천시 벌리동 454-2, ,,골프장 운영업,2006-03-15,12월
주식회사 삼공,"SAM KONG CO.,LTD",삼공, ,"홍준기, 임재현",기타법인,205311-0004006,415-81-22049,전라남도 강진군 강진읍 서성리168 제이엠오션빌306호, ,,골프장 운영업,2005-12-28,12월
(주)삼구골프클럽,39golfclub,삼구골프클럽, ,황정부,기타법인,134811-0203076,124-87-00592,경기도 화성시 원천동 샘실길100, ,,골프장 운영업,2010-07-01,12월
(주)삼남,samnam,삼남, ,유영열,기타법인,181211-0000039,620-81-00308,울산광역시 울주군 삼남면 방기리산82번지, ,,골프장 운영업,1973-04-11,12월
삼남개발(주),SAM NAM KAE BAL,삼남개발, ,김장자,기타법인,110111-0231970,111-81-12843,경기도 화성시 풀무골로106번길 244, ,,골프장 운영업,1987-11-04,12월
삼대양레저주식회사,"Samdaeyang Leisure Co., Ltd.",삼대양레저, ,유두열,기타법인,110111-1190430,211-87-06551,강원도 횡성군 우천면 한우로 1295 (하대리),www.alpsdy.com,,골프장 운영업,1995-08-25,12월
삼모흥업(주),SAMMO INDUSTRIAL CO. LTD,삼모흥업, ,이도영,기타법인,110111-0094104,112-81-00961,"서울특별시 관악구 신림로59길 23 1101호(신림동, 삼모스포렉스)",www.sammoadmin@sammo.co.kr,,그 외 기타 스포츠시설 운영업,1968-10-01,12월
삼보개발주식회사,sambo,삼보개발, ,류경호,기타법인,115411-0014733,127-81-27642,경기도 포천시 화현면 달인동로 35 (지현리),www.bearcreek.co.kr,,골프장 운영업,1999-09-30,12월
삼삼레져개발 주식회사,"SAMSAM LEISURE DEVELOPMENT CO., LTD",삼삼레져개발, ,박명식,기타법인,191111-0039153,613-81-43575,경상남도 사천시 축동면 화당산로 224 (반용리),www.samsamcc.co.kr,,골프장 운영업,2007-03-19,12월
(주)삼성라이온즈,"Samsung Lions co., Ltd",삼성라이온즈, ,유정근,기타법인,170111-0015786,504-81-03755,"대구광역시 수성구 야구전설로 1 (연호동, 대구삼성라이온즈파크)",www.samsunglions.com,,스포츠 클럽 운영업,1982-03-05,11월
삼성문화재단,SAMSUNG FOUNDATION OF CULTURE,삼성문화재단, ,이실,기타법인,110122-0010579,110-82-05953,서울특별시 중구 순화동 중앙일보사건물, ,,박물관 운영업,1965-04-02,12월
주식회사 삼성에이치제이에스,"Samsung HJS Co.,Ltd.",삼성에이치제이에스, ,"윤석태, 윤홍준",기타법인,134811-0104133,124-86-29802,경기도 오산시 외삼미동 562-6, ,,그 외 기타 스포츠시설 운영업,2005-03-02,12월
(주)삼세룡,seoul water world,삼세룡, ,임익용,기타법인,110111-0610124,219-81-01413,서울특별시 강남구 압구정1동 378 선상,www.njoyct.com,,기타 수상오락 서비스업,1986-10-01,03월
삼풍관광(주),SAMPOONG RESORT&LEASURE CO.LTD,삼풍관광, ,최철종,기타법인,130111-0012243,124-81-48634,경기도 이천시 모가면 어농로 272,www.bavista.co.kr,,골프장 운영업,1988-12-13,12월
삼피케이기업(주),sampk,삼피케이기업, ,박성수,기타법인,110111-3251686,114-86-44922,서울특별시 서초구 반포2동 12, ,,체력단련시설 운영업,2005-06-21,12월
(주)삼흥,SamHeung.Co.,삼흥, ,김효석,기타법인,134511-0000220,135-81-05071,경기도 용인시 기흥구 중부대로 495 (구갈동),www.suwoncc.co.kr,,골프장 운영업,1973-09-26,12월
삼흥개발주식회사,Sam Heung Developmet CO.LTD,삼흥개발, ,김효석,기타법인,220111-0018648,616-81-17741,제주특별자치도 제주시 연삼로 366 (도남동), ,,골프장 운영업,1996-08-02,12월
(주)상개골프연습장,"SANGGAEGOLF CO,.LTD",상개골프연습장, ,서진국,기타법인,230111-0325611,418-81-55215,울산광역시 남구 산업로 148-5 (상개동), ,,골프연습장 운영업,2020-03-15,12월
주식회사상떼힐,Ltd.co.santehill,상떼힐, ,"권기법, 이강지",기타법인,110111-1117468,303-81-39820,충청북도 충주시 앙성면지당리 산93,www.santehillcc.com,,골프장 운영업,2004-07-01,12월
(주)상수허브랜드,Sangsooherbland,상수허브랜드, ,이상은,기타법인,150111-0041652,301-81-38451,충청북도 청원군 부용면 외천리 480번지, ,,식물원 및 동물원 운영업,1999-09-13,12월
(주)상유리조트,sangyou resort,상유리조트, ,정성욱,기타법인,110111-3633420,114-86-57863,서울특별시 강남구 논현동 2-13 신정빌딩6층, ,,골프장 및 스키장 운영업,2007-03-08,12월
주식회사상효원,"Sanghyo Botanical Garden Co.,Ltd",상효원, ,이재영,기타법인,224111-0011622,616-81-52049,제주특별자치도 서귀포시 상효동 산25, ,,식물원 및 동물원 운영업,2005-06-01,12월
새들브룩프레파라토리스쿨코리아(주),Saddlebrookkorea,새들브룩프레파라토리스쿨코리아, ,이용백,기타법인,110111-5341766,264-81-30107,서울특별시 서초구 서초중앙로 58 비-106(서초동), ,,골프연습장 운영업,2014-02-07,12월
새방,SAEBANG,새방, ,양상구,기타법인,170111-0849573,882-87-02250,대구광역시 달서구 새방로7길 12 (용산동), ,,골프연습장 운영업,2022-12-20,12월
(주)새서울레저,seolhaeone,새서울레저, ,안제근,기타법인,144511-0002844,227-81-09624,강원도 양양군 손양면 공항로 230 (설해원),www.seolhaeone.com,,골프장 운영업,2002-08-08,12월
주식회사 새정스타즈,SAEJEONGSTARS,새정스타즈, ,정상헌,기타법인,230111-0283174,653-87-00765,울산광역시 북구 미포산업로 800 베이스타즈cc (신현동), ,,골프장 운영업,2017-10-16,12월
샤크존주식회사,sharkzone incorporated,샤크존, ,이성수,기타법인,160111-0090665,314-81-29701,대전광역시 서구 탄방동 590 샤크존,sharkzone7@yahoo.co.kr,,골프장 운영업,2000-11-24,12월
주식회사 샴발라,SHAMBHALA,샴발라, ,이완국,기타법인,110111-2739980,119-81-64267,경기도 포천시 중앙로 63 (신읍동), ,,골프장 운영업,2003-03-20,12월
주식회사 샹그릴라자산관리,Shangrila jasan guan li Co,샹그릴라자산관리, ,최자영,기타법인,214411-0007247,813-88-02023,"전라북도 임실군 신덕면 수지로 559-90 (지장리, 전주샹그릴라컨트리클럽(골프장)), 1층", ,,스포츠 서비스업,2021-02-08,12월
서경타니골프앤리조트 주식회사,Seo-Kuyng Tani Golf & Resort  Inc. ,서경타니골프앤리조트, ,윤철지,기타법인,110111-3358846,109-86-00941,"경상남도 사천시 곤양면 흥신로 210 (가화리, 타니골프앤리조트)",www.tanicc.com,,골프장 운영업,2005-12-13,12월
(주)서라벌,Seorabol Ltd.,서라벌, ,김광세,기타법인,171211-0003928,505-81-04359,경상북도 경주시 외동읍 내외로 577-189 (석계리), ,,골프장 운영업,1989-09-01,12월
주식회사 서산수골프앤리조트,"SEOSANSOOGOLF&RESORTS.CO.,LTD.",서산수골프앤리조트, ,이규완,기타법인,135811-0091743,124-86-07190,충청남도 서산시 대산읍 삼길포7로 6 (화곡리), ,,골프장 운영업,2003-03-14,12월
주식회사 서영,"SeoYoung Co.,Ltd",서영, ,이성원,기타법인,131311-0112692,125-86-00375,경기도 평택시 산단로 64번길 110(모곡동), ,,골프장 운영업,2011-12-16,12월
(주)서울드림랜드, ,서울드림랜드, ,김향술,기타법인,110111-2365420,210-81-37419,서울특별시 강북구 번동 산 28-6, ,,기타 유사 여가관련 서비스업,2001-11-01,12월
주식회사 서울랜드,"SEOULLAND CO., LTD.",서울랜드, ,최형기,기타법인,134111-0022777,138-81-04654,경기도 과천시 광명로 181 1층 (막계동),www.seoulland.co.kr,,유원지 및 테마파크 운영업,1986-01-23,12월
주식회사 서울레이크사이드,Seoul Lake Side co.LTD,서울레이크사이드, ,문지태,기타법인,110111-0504070,135-81-02491,경기도 용인시 처인구 모현읍 능원로 181 레이크사이드cc,www.lakeside.kr,,골프장 운영업,1986-08-22,12월
서울레저관광타운(주),SEOUL LEISURE TOUR TOWN.CO.LTD,서울레저관광타운, ,이옥례,기타법인,110111-0296966,118-81-07716,서울특별시 송파구 오금동 28, ,,실내 경기장 운영업,1981-07-11,12월
(주)서울마리나,"SEOUL MARINA CO.LTD.,",서울마리나, ,김종민,기타법인,110111-4207373,215-87-32764,서울특별시 영등포구 여의서로 160 (여의도동),www.seoul-marina.com,,기타 수상오락 서비스업,2009-10-28,12월
(주)서울시민프로축구단,Seoul Citizen Professional Football Club Ltd,서울시민프로축구단, ,장성학,기타법인,110111-1772519,214-86-38832,서울특별시 송파구 잠실동 10 올림픽주경기장 213호,www.seoulfc.com,,스포츠 클럽 운영업,2009-09-23,12월
주식회사 서울아레나,"Seoularena Co., Ltd.",서울아레나, ,오지훈,기타법인,131111-0674563,439-81-02791,서울특별시 강남구 테헤란로98길 11 (대치동) EG빌딩 6, ,,공연 기획업,2022-06-09,12월
(주)서울오션아쿠아리움,"SEOUL OCEAN AQUARIUM, LTD",서울오션아쿠아리움, ,양수용,기타법인,110111-1648017,211-86-49403,"서울특별시 강남구 영동대로 513 (삼성동, 코엑스아쿠아리움)",www.coexaqua.com,,식물원 및 동물원 운영업,1999-02-09,12월
(주)서울오션아쿠아리움,"Seoul Ocean Aquarium Co., Ltd.",서울오션아쿠아리움, ,박현우,기타법인,110111-1686257,211-86-51710,서울특별시 강남구 삼성동 159 코엑스아쿠아리움,coexaqua.co.kr,,식물원 및 동물원 운영업,1999-04-23,12월
(주)서울히어로즈,HEROES CO.,서울히어로즈, ,하송,기타법인,110111-3715814,104-86-09248,"서울특별시 구로구 경인로 431 (고척동,고척스카이돔구장내)",heroes-baseball.com,,스포츠 클럽 운영업,2007-07-10,12월
서원레저주식회사,Seowon Leisure Co.LTD,서원레저, ,오성배,기타법인,110111-0705032,110-81-34204,경기도 파주시 광탄면 서원길 333 (발랑리) 서원밸리CC,www.seowongolf.co.kr,,골프장 운영업,1991-10-01,12월
주식회사 서전리젠시시시,seojeonregency,서전리젠시시시, ,김원우,기타법인,194911-0056083,683-87-01843,경상남도 거제시 중곡1로 28 (고현동) 2층, ,,골프장 운영업,2020-09-01,12월
서전문화재단법인,Seojeon Cultural Foundation,서전문화, ,정재림,기타법인,240122-0032055,152-82-00189,"서울특별시 성동구 광나루로6길 35 205호(성수동2가, 성수동우림이비즈센터)",www.seojeonfoundation.org,,박물관 운영업,2019-07-19,12월
주식회사 서정아트센터,SEOJUNG ART CENTER CORP.,서정아트센터, ,이대희,기타법인,110111-5854610,787-81-00182,"서울특별시 강남구 봉은사로47길 12 1동 서정아트센터 (논현동, 진현빌딩)", ,,창작 및 예술관련 서비스업,2015-10-07,12월
(주)서주,"SEOJU CO.,LTD",서주, ,강희준,기타법인,110111-3527350,220-87-35588,강원특별자치도 홍천군 서면 개야로 579-12 두미리 산226 (산주소로 인한 근처 도로명주소 입력), ,,그 외 기타 스포츠시설 운영업,2006-09-11,12월
서초구민체육센터,SCYMCA,서초구민체육센터, ,여봉구,기타법인,580901-1023414,114-82-62112,서울특별시 서초구 반포동 114-3, ,,종합 스포츠시설 운영업,2008-01-01,12월
주식회사 서클컨텐츠컴퍼니,CIRLCE CONTENTS COMPANY,서클컨텐츠컴퍼니, ,김양선,기타법인,110111-5293751,264-81-26850,서울특별시 강남구 삼성로 512 (삼성동), ,,공연 기획업,2013-12-16,12월
주식회사 석성,suk sung,석성, ,홍종열,기타법인,134511-0105848,142-81-03178,경기도 용인시 기흥구 중동 152번지, ,,박물관 운영업,2006-10-02,12월
석정골프앤리조트 주식회사,Seokjeok golf and resort Inc.,석정골프앤리조트, ,송기철,기타법인,174711-0059407,391-88-02182,"경상북도 영천시 영화로 334-1 (조교동, 세종그랜드빌) 디동, 307호", ,,골프연습장 운영업,2021-10-12,12월
석정레져주식회사,"seok jeongryejyeo, Corp",석정레져, ,김혜성,기타법인,214611-0005578,404-81-39235,"전라북도 고창군 고창읍 석정2로 192 (석정리, 클럽하우스)",hillcc.co.kr,,골프연습장 운영업,2013-03-23,12월
석천씨씨주식회사,-,석천씨씨, ,임재관,기타법인,134511-0051778,135-81-48712,경기도 용인시 백암면 석천리 산 40 3,-,,골프장 운영업,2001-08-25,12월
주식회사 석파문화원,"Sukpa cultural center Co., Ltd",석파문화원, ,서유진,기타법인,110111-0278518,102-81-40097,서울특별시 종로구 부암동 208-39, ,,박물관 운영업,1980-08-07,12월
주식회사 선영,SUN YOUNG CORPORATION,선영, ,배청,기타법인,170111-0016396,502-81-09490,대구광역시 수성구 범어4동 332번지,www.sun-sports.co.kr,,종합 스포츠시설 운영업,1982-07-19,12월
(주)선영스토리,"SUNYOUNG STORY. CO., LTD",선영스토리, ,김선영,기타법인,110111-7199163,263-86-01526,"서울특별시 성북구 북악산로 742-12 (정릉동, 정릉우정에쉐르) 102동 1201호", ,,"창작, 예술 및 여가관련 서비스업",2019-08-10,12월
(주)선운,philos g.c,선운, ,안필호,기타법인,214611-0001120,404-81-07432,경기도 포천시 일동면 운악청계로 1507,www.philosgc.com,,골프장 운영업,1997-04-23,12월
주식회사 설악농원,-,설악농원, ,안일헌,기타법인,110111-3576787,204-86-00436,서울특별시 강남구 논현동 149-17,-,,골프장 운영업,2006-12-08,12월
주식회사 설앤컴퍼니,SEOL&COMPANY,설앤컴퍼니, ,설도윤,기타법인,110111-2556079,211-87-17077,서울특별시 강남구 논현1동 133-11 노블레스빌딩 2층,www.seolcompany.com,,공연 기획업,2002-07-01,12월
주식회사 성남시민프로축구단,Seongnam Football Club,성남시민프로축구단, ,이재하,기타법인,110111-0595194,106-81-35806,경기도 성남시 분당구 탄천로 215 탄천종합운동장 내 성남시민프로축구단 (야탑동),www.seongnamfc.com,,스포츠 클럽 운영업,1998-10-28,12월
(주)성담 솔트베이,sungdam saltbay,성담솔트베이, ,홍필선,기타법인,135511-0311733,555-86-00654,경기도 시흥시 마유로 987 (장곡동),www.saltbay.co.kr,,골프장 운영업,2017-06-01,12월
성림레저개발(주),"sung-lim leisure co., ltd",성림레저개발, ,임규석,기타법인,110111-3080720,220-86-91375,서울특별시 강남구 역삼동 676 삼부빌딩 9층, ,,골프장 운영업,2004-09-08,12월
(주)성림스포렉스,SUNG LIM SPOREX C0.,성림스포렉스, ,이정옥,기타법인,115211-0009817,132-81-04995,경기도 구리시 인창동 527-44,없음,,수영장 운영업,1985-03-28,12월
성보문화재단,HORIM MUSEUM,성보문화재단, ,윤장섭,기타법인,110122-0002683,120-82-00498,서울특별시 관악구 신림11동 1707, ,,박물관 운영업,1981-08-11,12월
(주)성산레저,sungsan leisure,성산레저, ,손창성,기타법인,134511-0057304,135-81-51425,경기도 여주군 가남면 송림리214, ,,골프장 운영업,2002-01-16,12월
주식회사 성우알앤디,HAERA COUNTRY CLUB,성우알앤디, ,"양근동, 김대원",기타법인,180111-1020055,178-87-00319,부산광역시 강서구 과학산단로306번길 77 (지사동),www.haeracc.co.kr,,골프장 운영업,2016-02-24,12월
주식회사 성원레저,"Sungwon Leisure Co.,Ltd",성원레저, ,노상덕,기타법인,115611-0003720,128-81-05879,경기도 파주시 조리읍 장곡리 402-1,-,,유원지 및 테마파크 운영업,1988-07-07,12월
주식회사 성지,seongji,성지, ,이형주,기타법인,220111-0188368,685-87-01228,제주특별자치도 제주시 제원길 15 306호(연동), ,,식물원 및 동물원 운영업,2019-03-14,12월
성진건설산업(주),Seong Ji construction and industry Inc.,성진건설산업, ,백찬효,기타법인,220111-0002170,616-81-02194,제주특별자치도 제주시 삼도2동 1259, ,,유원지 및 테마파크 운영업,1981-03-17,12월
(주)세가어뮤즈먼츠코리아,Sega amusements korea Co,세가어뮤즈먼츠코리아, ,백원기,기타법인,110111-0630742,120-81-55564,서울특별시 서초구 서초동 1674-4,없음,,전자 게임장 운영업,1989-05-30,12월
주식회사 세강개발,"Segang Delopment Co.,Ltd",세강개발, ,김한국,기타법인,170111-0724767,579-88-01202,대구광역시 동구 동화천로 467-1, ,,볼링장 운영업,2019-05-28,12월
재단법인 세계청소년문화재단,World Youth Culture Foundation ,세계청소년문화재단, ,강영중,기타법인,274322-0028919,106-82-13624,서울특별시 서초구 방배2동 446-3 눈높이서초센터, ,,그 외 기타 스포츠 서비스업,2007-09-21,12월
세광종합에스엔디 주식회사,"Segwangsnd. Co.,LTD",세광종합에스엔디, ,윤춘석,기타법인,161511-0089586,312-81-91252,충청남도 천안시 두정동1389유강복합빌딩3층, ,,골프장 운영업,2007-05-23,12월
주식회사 세마,SEMA,세마, ,임봉춘,기타법인,134811-0094798,124-86-23716,경기도 오산시 외삼미동 450-5 세마골프클럽, ,,그 외 기타 스포츠시설 운영업,2004-07-12,12월
주식회사 세명랜드,"Semyoung Development Co., Ltd.",세명랜드, ,김애순,기타법인,115411-0027708,127-81-48327,경기도 포천군 화현면 명덕리 산 222, ,,종합 스포츠시설 운영업,2001-07-31,12월
세븐럭코리아주식회사,sevenluckkorea.co.ltd,세븐럭코리아, ,최문성,기타법인,110111-3602962,120-87-10540,서울특별시 강남구 삼성동 145 삼하빌딩3층, ,,그 외 기타 분류 안된 오락관련 서비스업,2007-01-19,12월
(주)세븐밸리제이씨,SevenvalleyJC,세븐밸리제이씨, ,"김관영, 유진선",기타법인,170111-0291443,502-81-81212,경상북도 칠곡군 왜관읍 봉계3길 180 (봉계리), ,,골프장 운영업,2005-07-29,12월
세안레져산업(주),"Sean Leisure Industrial Co., Ltd.",세안레져산업, ,이은상,기타법인,145211-0008110,223-81-08109,강원도 홍천군 서면 한서로 133, ,,골프장 운영업,2005-04-06,12월
세연개발주식회사,"seyeon developmnet co.,ltd.",세연개발, ,권기봉,기타법인,171211-0043346,505-81-44652,"울산광역시 북구 신답1길 25-16 (상안동, 상안골프연습장)", ,,골프연습장 운영업,2006-05-29,12월
(재)세연문화재단,SEYUN CULTURAL FOUNDATION,세연문화재단, ,이동식,기타법인,154222-0000055,302-82-02098,충청북도 음성군 감곡면 영산로 360 (오향리),www.ironmuseum.or.kr,,박물관 운영업,1991-09-11,12월
(주)세영디앤씨,"SEYOUNG D&C Co., Ltd.",세영디앤씨,052190,신재흠,기타법인,110111-1093882,114-81-61794,서울특별시 강남구 학동로 215 4층 401호(씨엘타워),www.sydnc.kr,,창작 및 예술관련 서비스업,1994-10-28,12월
(주)세영레저산업,seyeong leisure industry,세영레저산업, ,안희정,기타법인,171111-0036880,678-86-00734,"경상북도 안동시 경북대로 389 B104(옥동,세영빌딩)", ,,유원지 및 테마파크 운영업,2017-07-14,12월
주식회사 세인트포,SAINT FOUR CO.LTD,세인트포, ,김정욱,기타법인,220111-0047796,616-81-47925,제주특별자치도 제주시 연동 262-43, ,,유원지 및 테마파크 운영업,2004-05-27,12월
세종개발 주식회사,"Sejong Development. Co., LTD",세종개발, ,김태원,기타법인,164711-0024022,307-81-35786,"세종특별자치시 연기면 정안세종로 1569 (산울리, 건설공제조합세종필드골프클럽)",www.sejonggc.com,,골프장 운영업,2011-12-22,12월
주식회사 세종디앤지,sejongdng,세종디앤지, ,홍성섭,기타법인,141111-0072624,588-88-02092,"강원도 원주시 문막읍 만디길 146 (궁촌리, 예동터문화마을청소년수련원), 4층", ,,골프장 운영업,2021-10-28,12월
(주)세종씨씨,SEJONG CC,세종씨씨, ,강명재,기타법인,164711-0036936,307-81-41314,세종특별자치시 조치원읍 충현로 187 (침산리) 대샘빌딩 202호, ,,골프장 운영업,2013-05-29,12월
세종에머슨 주식회사,The Emerson Sejong,세종에머슨, ,이중명,기타법인,110111-1323354,214-86-09865,세종특별자치시 전의면 운주산로 1510, ,,골프장 운영업,1996-09-20,12월
주식회사 세풍월드,Sepoong World Co. Ltd.,세풍월드, ,서흥석,기타법인,211111-0000357,401-81-00032,전라북도 군산리 옥서면 선연리 2100, ,,경주장 및 동물 경기장 운영업,1972-12-30,12월
주식회사 세현씨씨,"Sehyeon Country Club CO., LTD",세현씨씨, ,이용학,기타법인,131111-0391208,144-81-31966,경기도 용인시 처인구 이동읍 백자로 450 (서리), ,,골프장 운영업,2014-11-03,12월
재단법인 세화예술문화재단,Sehwa art and culture foundation,세화예술문화재단, ,서혜옥,기타법인,110122-0049065,101-82-18721,"서울특별시 종로구 새문안로 68 (신문로1가, 흥국생명빌딩)",www.sehwamuseum.org/,,박물관 운영업,2009-10-21,12월
센추리개발(주),"CENTURY DEVEL OPMENT CO., LTD",센추리개발, ,이병철,기타법인,141211-0014070,224-81-16882,강원도 원주시 문막읍 궁말길 193 (궁촌리), ,,골프장 운영업,1999-07-23,12월
주식회사 셀럽골프앤리조트,"celeb Golf and Regort co.,Ltd.",셀럽골프앤리조트, ,김일중,기타법인,110111-8216354,394-87-02490,"서울특별시 강남구 영동대로122길 15 (삼성동, 시공간빌딩)", ,,골프장 운영업,2022-03-02,12월
주식회사 소요나아트매니지먼트,-,소요나아트매니지먼트, ,박정하,기타법인,110111-7219367,121-86-41879,"서울특별시 용산구 독서당로 111 (한남동, 한남더힐)",-,,창작 및 예술관련 서비스업,2019-09-01,12월
소요산야구공원 주식회사,"soyosan baseball park co., ltd.",소요산야구공원, ,박문창,기타법인,284611-0015953,127-86-43894,경기도 동두천시 평화로 3030 114-4(하봉암동),www.soyobaseball.com,,스포츠 및 오락관련 서비스업,2012-10-10,12월
(주)소인국테마파크,SOINGOOK THEMEPARK ,소인국테마파크, ,김남훈,기타법인,220111-0013622,616-81-23205,제주특별자치도 서귀포시 안덕면 중산간서로 1878 (서광리) 소인국테마파크, ,,유원지 및 테마파크 운영업,1998-04-13,12월
솔라시도골프앤빌리지(주),Solasido G&V Inc.,솔라시도골프앤빌리지, ,김만겸,기타법인,201411-0009975,415-81-37519,전라남도 해남군 산이면 산이로 2247 (구성리), ,,골프장 운영업,2010-08-31,12월
주식회사 솔밭,"SOLBAT Co.,LTD",솔밭, ,김차인,기타법인,230111-0258193,394-88-00280,울산광역시 중구 함월20길 65 (성안동), ,,골프연습장 운영업,2016-05-17,12월
주식회사 송도골프,"SONGDOGOLF CO.,LTD",송도골프, ,이윤길,기타법인,120111-0057548,131-81-13977,인천광역시 연수구 동춘동 844-1, ,,골프장 운영업,1990-02-27,12월
송도국제스포츠클럽(유),"Songdo International Sports Club, LLC",송도국제스포츠클럽, ,이문표,기타법인,120114-0004478,131-86-22127,인천광역시 연수구 아카데미로 209 (송도동 117-1),www.jacknicklausgolfclubkorea.com,,골프장 운영업,2010-06-25,12월
송도국제해양도시개발주식회사,SONGDO INTERNATIONAL OCEAN CITY DVELOPMENT CO.,송도국제해양도시개발, ,최영희,기타법인,180111-0604040, ,부산광역시 서구 암남동 334-10 송도 혜성주상복합빌딩306호, ,,기타 수상오락 서비스업,2007-08-22,12월
송도블루오션골프클럽(주),songdoblueoceangolfclub,송도블루오션골프클럽, ,엄태성,기타법인,120111-0664400,131-86-49766,"인천광역시 연수구 지식기반로 152 (송도동, 송도블루오션골프클럽)",www.bogc.kr,,골프연습장 운영업,2013-07-01,12월
(주)송산수목원,songsan arboretum,송산수목원, ,남궁호,기타법인,110111-1311763,101-81-42054,경기도 의정부시 낙양동, ,,자연공원 운영업,2005-08-05,12월
재단법인 송암스페이스센터,Songam Space Center,송암스페이스센터, ,엄춘보,기타법인,280222-0002610,127-82-19644,경기도 양주시 장흥면 석현리 410-5,www.songamspacecenter.com,,박물관 운영업,2011-12-01,12월
주식회사 송운개발,"Songun Development CO.,LTD",송운개발, ,이상민,기타법인,134511-0318334,126-87-00676,경기도 용인시 처인구 지삼로 470 (삼가동) 조일프라자골프클럽,www.joilgolf.com,,골프장 운영업,2017-01-02,12월
재단법인 송은문화재단,SongEun Art and Cultural Foundation,송은문화재단, ,유상덕,기타법인,111222-0000616,120-82-01634,서울특별시 강남구 도산대로 441 (청담동),songeun.or.kr,,박물관 운영업,1989-06-07,12월
(주)송천기업,Songcheon.Co,송천기업, ,김정치,기타법인,180111-0055566,617-81-07004,부산광역시 남구 대연동 산 53-20,없음,,종합 스포츠시설 운영업,1985-10-25,12월
송촌개발주식회사,Songchon Company,송촌개발, ,박완규,기타법인,164811-0030374,312-81-79471,충청남도 아산시 음봉면 송촌리 산 79, ,,골프연습장 운영업,2006-01-31,12월
주식회사 쇼노트,SHOWNOTE Inc.,쇼노트, ,김영욱,기타법인,110111-5586693,201-81-93474,"서울특별시 용산구 한남대로42길 14 3층 (한남동, 목멱산방)",www.shownote.com,,공연 기획업,2005-08-03,12월
(주)쇼플레이,SHOWPLAY,쇼플레이, ,임동균,기타법인,110111-3610030,220-87-43040,"서울특별시 강남구 언주로138길 9 3층 (논현동, 꾸메하임)", ,,공연 기획업,2007-02-07,12월
주식회사 수공단개발,SUGONGDAN DEVEL,수공단개발, ,이기영,기타법인,171211-0072650,505-81-73138,"경상북도 경주시 양정로 233 6층(동천동, 공단빌딩)", ,,유원지 및 테마파크 운영업,2013-03-14,12월
수원삼성축구단(주),"Suwon Samsung Football Club Co.,Ltd",수원삼성축구단, ,박찬형,기타법인,135811-0160126,135-86-00289,"경기도 수원시 팔달구 월드컵로 310 (우만동, 수원월드컵경기장 4층)",bluewings.kr,,스포츠 서비스업,2008-12-01,12월
(주)순창골드마운틴레저산업,"Sunchang Gold Mt. CC Co., Ltd.",순창골드마운틴레저산업, ,문연봉,기타법인,214511-0001726,407-81-12235,전라북도 순창군 순창읍 순화리 482-1,www.gmscgc.co.kr,,골프장 운영업,2006-01-01,12월
(주)순창씨씨(CC),"SUNCHANG Country Club  Co.,Ltd",순창씨씨(CC), ,김대식,기타법인,214511-0004241,643-88-00047,"전라북도 순창군 순창읍 금산로 152 (순화리, 컨트리클럽)",www.sunchangcc.co.kr,,골프장 운영업,2015-04-14,12월
주식회사 쉼,Mokpo Artland,쉼, ,김건,기타법인,206211-0067906,662-87-00963,"전라남도 목포시 장좌도길 1-52 (율도동, 가동)", ,,박물관 운영업,2018-11-15,12월
(주)슈퍼레이스,SUPERRACE,슈퍼레이스, ,김동빈,기타법인,110111-3402114,212-81-74953,"서울특별시 중구 동호로 330 7층(쌍림동, 씨제이제일제당센터)",www.superrace.co.kr,,그 외 기타 스포츠 서비스업,2006-02-20,12월
주식회사 슈퍼문픽쳐스,Supermoon pictures inc.,슈퍼문픽쳐스, ,신인수,기타법인,110111-5913672,815-81-00298,서울특별시 강남구 선릉로99길 12 2층 (역삼동), ,,그 외 기타 창작 및 예술관련 서비스업,2015-12-11,12월
(주)스마트홀딩스,"SMART HOLDINGS CO., LTD",스마트홀딩스, ,권의경,기타법인,200111-0317622,408-81-90821,광주광역시 광산구 용아로 559 (장덕동),-,,골프장 운영업,2011-04-11,12월
주식회사 스몹컴퍼니,Smob Company Inc.,스몹컴퍼니, ,박세효,기타법인,110111-3542423,214-87-97600,"경기도 성남시 분당구 대왕판교로 660 6층 에이-602호 일부(삼평동,유스페이스1)", ,,종합 스포츠시설 운영업,2006-10-19,12월
주식회사 스카이21,sky21,스카이21, ,이지애,기타법인,150111-0196762,317-81-45923,충청북도 청주시 청원구 사천로 35 (사천동), ,,골프연습장 운영업,2014-12-30,12월
스카이라인루지부산 주식회사,"Skyline Luge Busan Co.,Ltd",스카이라인루지부산, ,RICHARD THOMAS,기타법인,191211-0030753,305-88-00859,경상남도 통영시 발개로 178 (도남동), ,,유원지 및 테마파크 운영업,2017-12-26,03월
스카이라인루지통영 주식회사,"Skyline Luge Tongyeong  Co., Ltd",스카이라인루지통영, ,RICHARD THOMAS,기타법인,191211-0022578,612-81-45513,"경상남도 통영시 발개로 178 (도남동, 통영스카이라인루지)",www.skylineluge.com,,종합 스포츠시설 운영업,2013-08-29,03월
스카이미디어 주식회사,skymedia,스카이미디어, ,장종삼,기타법인,170111-0958960,174-87-03430,대구광역시 달서구 화암로 322 (대곡동), ,,스포츠 및 오락관련 서비스업,2024-05-17,12월
(주)스카이빌딩,sky building inc.,스카이빌딩, ,이종운 이옥희,기타법인,110111-6026383,545-86-00303,"대구광역시 북구 칠곡중앙대로 411 (태전동,스카이빌딩)", ,,스포츠 및 오락관련 서비스업,2016-04-08,12월
스카이원레져주식회사,skyoneleisure,스카이원레져, ,권양미,기타법인,110111-4336172,110-81-90211,"서울특별시 서대문구 모래내로 151 (남가좌동, 디엠씨엘가) 213호", ,,골프연습장 운영업,2010-04-23,12월
스카이칠십이(주),SKY72 GOLF CLUB,스카이칠십이, ,김영재,기타법인,110111-2492687,214-87-09498,"인천광역시 중구 공항동로 392 (운서동, 스카이72골프클럽)",www.sky72.com,,골프장 운영업,2002-04-11,12월
주식회사 스카이힐,"Sky Hill Co., Ltd.",스카이힐, ,정용남,기타법인,135811-0118638,124-86-36884,경기도 수원시 영통구 원천동 415-11, ,,그 외 기타 스포츠시설 운영업,2005-09-12,12월
주식회사 스타캠프202,Starcamp202,스타캠프202, ,임정은,기타법인,110111-5990315,219-81-30499,"서울특별시 성동구 성수이로 89 9층 (성수동2가, MG빌딩)", ,,그 외 기타 창작 및 예술관련 서비스업,2016-03-03,12월
유한회사 스톤쉽문화산업전문회사,-,스톤쉽문화산업전문회사, ,나종헌,기타법인,110114-0195310,642-88-00476,"서울특별시 영등포구 여의나루로4길 18 (여의도동, 키움파이낸스스퀘어) 11층",-,,그 외 기타 창작 및 예술관련 서비스업,2016-12-23,12월
(주)스튜디오 산타클로스 엔터테인먼트,"STUDIO SANTA CLAUS ENTERTAINMENT Co., Ltd.",스튜디오산타클로스,204630,배준오,코스닥시장,110111-5488493,107-88-26110,"서울특별시 성동구 독서당로39길 37-37 302호(옥수동, 루하우스)",www.studiosantaent.com,www.fleetent.com,창작 및 예술관련 서비스업,2014-08-12,12월
스튜디오파크 주식회사,"Studio Park.co.,ltd",스튜디오파크, ,박상언,기타법인,120111-0462010,131-86-08014,인천광역시 남동구 고잔동 650 ~666, ,,유원지 및 테마파크 운영업,2008-05-01,12월
스튜디오피닉스 주식회사,"Studio PHOENIX Co., Ltd.",스튜디오피닉스, ,김석윤,기타법인,110111-7401889,222-88-01612,"서울특별시 마포구 매봉산로2길 15 3층 302호 (상암동, 효인빌딩)", ,,창작 및 예술관련 서비스업,2020-02-27,12월
주식회사 스파밸리,"spavalley co.,ltd",스파밸리, ,홍호용,기타법인,170111-0309147,514-81-57919,대구광역시 달성군 가창면 냉천리 27-9,www.spavalley.co.kr,,유원지 및 테마파크 운영업,2006-05-01,12월
(주)스페이스에이,space A,스페이스에이, ,홍성섭,기타법인,110111-1392945,312-81-82321,충청남도 천안시 병천면 병천리 191-4 창풍빌딩 2층, ,,골프장 운영업,2006-04-10,12월
주식회사 스포이즘,spoizm,스포이즘, ,손수향,기타법인,120111-0544579,121-86-05174,"인천광역시 연수구 센트럴로 313 (송도동, 송도씨워크인테라스한라) B동 2116호", ,,기타 스포츠시설 운영업,2010-09-12,12월
스포츠랜드부산(주),Sportsland Busan,스포츠랜드부산, ,하성희,기타법인,180111-0334431,602-81-18474,부산광역시 수영구 광안동 774-28 호암빌딩 4층 501,www.skidome.net,,종합 스포츠시설 운영업,2000-08-25,12월
(주)스포츠아일랜드,sportsisland,스포츠아일랜드, ,백성욱,기타법인,135811-0351973,657-87-01261,경기도 수원시 팔달구 월드컵로 310 경기도수원월드컵스포츠센터 스포츠아일랜드(우만동),www.sports-island.co.kr/,,종합 스포츠시설 운영업,2018-10-10,12월
(주)스포츠앤스파코리아,"Sports & Spa Korea co., Ltd.",스포츠앤스파코리아, ,김한선,기타법인,110111-3203265,107-86-62219,서울특별시 양천구 목5동 목동트윈빌 4층,www.lifecenteryeon.com,,스포츠 서비스업,2005-04-11,12월
스포츠 토토(주),"Sports TOTO Co., Ltd.",스포츠토토, ,오일호,기타법인,110111-2129785,107-81-93565,서울특별시 강남구 도산대로 310 916빌딩 4층 (논현동),www.sportstoto.co.kr,,그 외 기타 분류 안된 오락관련 서비스업,2000-12-14,12월
스포츠토토코리아,SPORTSTOTO KOREA,스포츠토토코리아, ,송영웅,기타법인,110111-7378551,442-81-01726,"서울특별시 중구 세종대로12길 12 (남대문로4가) 해남2빌딩 4,5층",https://www.sportstoto.co.kr/,,그 외 기타 스포츠 서비스업,2020-02-05,12월
(주)스포케이,spo-k,스포케이, ,양재신,기타법인,180111-0901537,621-86-07560,부산광역시 금정구 구서중앙로15번길 20 스포케이,www.spok.co.kr,,종합 스포츠시설 운영업,2014-03-15,12월
(주)스포티즌,"Sportizen Co.,Ltd.",스포티즌, ,심찬구,기타법인,110111-1876387,220-81-77984,"서울특별시 강남구 삼성로 739 (청담동, 이따리아나빌딩) 신관 4층",www.sportizen.co.kr,,그 외 기타 스포츠 서비스업,2000-02-14,03월
(주)승광,"SEUNG KWANG CO., LTD",승광, ,김상면,기타법인,204611-0000372,416-81-01969,전라남도 순천시 상사면오곡리 산177번지,www.sjcc.co.kr,,골프장 운영업,1988-02-17,12월
(주)승산레저,SUNGSAN LEISURE INC,승산레저, ,서군석,기타법인,141111-0022893,226-81-30600,강원도 강릉시 저동 522, ,,골프장 운영업,2003-04-16,12월
(주)승진스포텍,SUNGJIN SPORTEC,승진스포텍, ,김은순,기타법인,180111-0294619,621-81-35038,부산광역시 금정구 구서동 203-5,www.tspa.co.kr,,체력단련시설 운영업,1999-07-23,12월
주식회사 시그너스컨트리클럽,"CYGNUS COUNTRY CLUB CO.,LTD",시그너스컨트리클럽, ,김영란,기타법인,151111-0001837,303-81-04262,충청북도 충주시 앙성면 중방곡길 57-44 (중전리),www.cygnuscc.com,,골프장 운영업,1989-11-01,12월
시네마게임음악문화산업전문회사 유한회사,-,시네마게임음악문화산업전문회사, ,나종헌,기타법인,110114-0207628,873-81-00799,인천광역시 계양구 봉오대로 650 2층 (작전동),-,,그 외 기타 창작 및 예술관련 서비스업,2017-07-26,12월
시라아트(주),SHILLA ART,시라아트, ,박상언,기타법인,171211-0072816,505-81-73220,"경상북도 경주시 북천길 57 (동천동, 만유빌딩)2층",.,,유원지 및 테마파크 운영업,2013-03-25,12월
유한회사 시에나벨루토,Siena Belluto LLC,시에나벨루토, ,신동휴,기타법인,110114-0344983,867-87-03298,"경기도 여주시 여양로 530 (오금동, 세라지오cc)", ,,골프장 운영업,2024-08-11,12월
유한회사 시에나서울컨트리클럽,Siena Seoul Country Club LLC,시에나서울컨트리클럽, ,신동휴,기타법인,220114-0001260,168-87-03717,경기도 광주시 곤지암읍 경충대로 451 (곤지암리), ,,골프장 운영업,2025-06-10,12월
주식회사 시에나컨트리클럽,JEJU COUNTRY CLUB,시에나컨트리클럽, ,백일선,기타법인,220111-0002930,616-81-03081,제주특별자치도 제주시 516로 2695 (영평동),www.jejucountryclub.com,,골프장 운영업,1984-08-31,12월
주식회사 시티라이프,CITY Life,시티라이프, ,임성빈,기타법인,284411-0043445,127-81-98768,경기도 포천시 선단동 511-3 2층 2호, ,,골프장 운영업,2006-04-21,12월
신고려관광주식회사,new korea country club,신고려관광, ,고승환,기타법인,114711-0000014,128-81-00442,경기도 고양시 덕양구 신원2로 57 (신원동),www.newkoreacc.co.kr,,골프장 운영업,1966-11-27,12월
신구미개발(주),SINGUMIDE.CO.LTD,신구미개발, ,박병웅,기타법인,176011-0034617,513-81-30649,경상북도 구미시 송정동 454, ,,골프장 운영업,2003-07-03,12월
(주)신라레저,"KMH Shilla Leisure co.,Ltd",신라레저, ,박형식,기타법인,115511-0000380,126-81-07513,경기도 여주시 북내면 신라그린길 84,www.shillacc.com,,골프장 운영업,1986-11-05,12월
주식회사 신라레져,silla leisure,신라레져, ,이상균,기타법인,154511-0031130,303-81-43042,충청북도 음성군 삼성면 덕호로 382 (용대리),www.zensfield.com,,골프장 운영업,2005-08-01,12월
(주)신라밀레니엄,shilla millennium co.kr,신라밀레니엄, ,조남원,기타법인,171211-0043792,505-81-45097,경상북도 경주시 신평동 719-70, ,,체육공원 및 유사 공원 운영업,2006-07-13,12월
주식회사신성엘에스디,SHINSEONG LSD,신성엘에스디, ,이경석,기타법인,134611-0137055,801-88-02957,경기도 안성시 안성맞춤대로 827 (계동), ,,골프연습장 운영업,2024-03-12,12월
(주)신세계야구단,"SHINSEGAE BASEBALL CLUB CO., LTD",신세계야구단, ,김재섭,기타법인,120111-0217366,131-81-54702,인천광역시 미추홀구 매소홀로 618 (문학동),www.ssglanders.com,,스포츠 클럽 운영업,2000-03-22,12월
(주)신시컴퍼니,SEENSEE COMPANY,신시컴퍼니, ,최은경,기타법인,110111-2007402,214-86-62064,서울특별시 서초구 양재동 399-1,www.iseensee.com,,연극단체,2000-06-26,12월
주식회사 신아, ,신아, ,김귀선,기타법인,181211-0012274,221-81-05178,강원도 화천군 간동면 방천리 1352-1, ,,기타 오락장 운영업,1990-03-07,12월
신아농산 주식회사,SIN A NONG SAN.CO,신아농산, ,김광식,기타법인,110111-0231144,106-81-36557,서울특별시 용산구 용산동 69-167, ,,골프장 운영업,1989-03-02,12월
신안개발주식회사,green country club,신안개발, ,박훈,기타법인,150111-0008371,126-81-17286,경기도 광주시 곤지암읍 내선길 190 (이선리 208-2),www.shinan.co.kr,,골프장 운영업,1989-07-19,12월
신안리조트주식회사,shinan country club,신안리조트, ,조현종,기타법인,160111-0018378,125-81-06073,경기도 안산시 고삼 가유 650,www.shinancorp.co.kr,,골프장 운영업,1989-08-16,12월
(주) 신안스포츠클럽,Shinan Sports Club Co.,신안스포츠클럽, ,박훈,기타법인,110111-1244766,120-81-59105,서울특별시 강남구 대치동 943-19, ,,체력단련시설 운영업,1996-02-24,12월
신안종합레져 (주),shinan country club,신안종합레져, ,박훈,기타법인,134611-0035390,125-81-69855,경기도 안성시 고삼면 개울말길 149 (가유리),www.shinan.co.kr/,,골프장 운영업,2007-08-01,12월
신애개발주식회사,Sin Ae Development Ltd.,신애개발, ,정용현,기타법인,171311-0010187,510-81-13281,경상북도 김천시 남산동 16-12, ,,골프장 및 스키장 운영업,2004-01-01,12월
신양월드레저 주식회사,"Shinyang World Leisure Co.,Ltd",신양월드레저, ,정일용,기타법인,110111-4069591,220-87-79494,서울특별시 강남구 테헤란로 133 한국타이어빌딩 15층 (역삼동), ,,스포츠 및 오락관련 서비스업,2009-03-31,12월
재단법인 신영문화재단,JASAN,신영문화재단, ,김일권,기타법인,110322-0053749,423-82-00325,"서울특별시 종로구 율곡로2길 7 (수송동, 서머셋팰리스서울) 202호", ,,기타 창작 및 예술관련 서비스업,2020-05-19,12월
신영종합개발 주식회사,"shinyoung development co.,Ltd",신영종합개발, ,이정덕,기타법인,110111-3638503,109-86-07226,강원도 춘천시 동산면 종자리로 148-16 로드힐스 골프&리조트,www.lordhills.co.kr,,골프장 운영업,2007-03-23,12월
주식회사신우,shin woo,신우, ,양진수,기타법인,180111-0428755,603-81-51573,부산광역시 수영구 민락동 114, ,,골프연습장 운영업,2002-11-12,12월
(주)신우,Shin woo Co.Ltd,신우, ,장흥덕,기타법인,115711-0004388,127-81-49122,"강원도 원주시 서원대로 106 (단계동,4층)", ,,골프연습장 운영업,2001-09-10,12월
신우개발주식회사,"Shin Woo Development Co., Ltd  ",신우개발, ,이정익,기타법인,174711-0030936,508-81-32572,경상북도 군위군 산성면 운산리 산 151, ,,골프장 운영업,2012-01-06,12월
신주개발주식회사,shin ju,신주개발, ,백병준,기타법인,160111-0108137,314-81-37967,대전광역시 서구 만년동 297,emh8514@hanmail.net,,체력단련시설 운영업,2000-11-25,12월
(주)신천지리조트,shincheonjiresort co.ltd,신천지리조트, ,정세일,기타법인,151111-0014096,303-81-24249,충청북도 충주시 금가면 월상리 산 95-1번지, ,,골프장 운영업,1999-10-14,12월
(주)신태진,shin tae jin.co.ltd,신태진, ,"허박자, 강형식",기타법인,120111-0001181,137-81-02240,인천광역시 서구 경서동 177-1,www.inchoncc.com,,골프장 운영업,1970-02-05,12월
신한골프주식회사,SHINHAN GOLF,신한골프, ,박윤용,기타법인,110111-2321795,220-86-20491,서울특별시 서초구 서초동 1601-1 브이샤르망 4층 408호, ,,골프장 운영업,2001-09-20,12월
신한관광개발주식회사,"shinhan development.,ltd",신한관광개발, ,임승호,기타법인,220111-0050418,616-81-50416,제주특별자치도 북제주군 애월읍 소길리 155-101, ,,박물관 운영업,2005-01-17,12월
신한레저 주식회사,"SHINHAN LEISURE CO.,Ltd",신한레저, ,박남식,기타법인,211311-0004785,407-81-14403,"전라북도 남원시 대산면 대사로 500 (옥율리, 드라곤레이크컨트리클럽)", ,,골프장 운영업,2006-04-03,12월
신한성관광개발주식회사,shinhansong,신한성관광개발, ,전영자,기타법인,110111-0314833,202-81-50804,경기도 남양주시 수동면 비룡로 1430-3 신한성관광개발,agreewife@lycos.co.kr,,골프장 운영업,1982-03-11,04월
(주)심석,SIMSOC,심석, ,정일화,기타법인,170111-0413708,514-81-73807,대구광역시 달성군 가창면 가창로 1003,www.herbhillz.com,,유원지 및 테마파크 운영업,2010-09-01,12월
주식회사 싸운즈굿,"Sounds Good Co., Ltd.",싸운즈굿, ,이장희,기타법인,110111-2895518,211-87-41392,"서울특별시 송파구 가락로6길 4 , 102호 (석촌동)", ,,그 외 기타 창작 및 예술관련 서비스업,2003-11-12,12월
주식회사 싸이더스에스엘,SidusSL Corp.,싸이더스에스엘, ,이원형,기타법인,110111-3268623,105-86-81656,서울특별시 마포구 아현2동 267-1,www.sidussl.com,,종합 스포츠시설 운영업,2005-07-13,12월
주식회사 싸이더스에이치큐,SidusHQ. Inc,싸이더스에이치큐, ,정훈탁,기타법인,110111-2516940,120-86-37130,서울특별시 강남구 삼성동 88 삼보기업빌딩 1층,www.sidus.net,,그 외 기타 창작 및 예술관련 서비스업,2002-05-06,12월
주식회사 쌍마,ssang ma,쌍마, ,김기석,기타법인,190111-0054277,608-81-56291,경상남도 고성군 고성읍 월평3길 250,gosungcc.com,,골프장 및 스키장 운영업,2004-06-15,12월
(주)써미트,summit.co,써미트, ,정순례,기타법인,210111-0044249,402-81-60256,전라북도 진안군 부귀면 부귀로 72-161 (봉암리), ,,골프장 운영업,2004-07-05,12월
썬카운티 주식회사,"SUN COUNTY CO.,LTD",썬카운티, ,이재성,기타법인,201111-0026181,411-81-48936,서울특별시 서초구 반포4동 66-1, ,,골프장 운영업,2008-04-30,12월
썬카운티 주식회사,"SUNCOUNTY.CO.,LTD.",썬카운티, ,이상민,기타법인,205411-0027775,369-87-00593,전라남도 영암군 삼호읍 에프원로 121-1 (난전리) 사우스링스 영암,www.southlinks.co.kr/,,골프장 운영업,2017-01-11,12월
씨더블유엑스코리아(주),"CWX Korea Co.,Ltd",씨더블유엑스코리아, ,오진택,기타법인,110111-3407982,211-87-78583,"서울특별시 강남구 신사동 665-1 한양타운빌딩 2,5층", ,,그 외 기타 스포츠시설 운영업,2006-02-24,12월
(주)씨쓰리엔터테인먼트,C3entertainment Inc.,씨쓰리엔터테인먼트, ,조성진,기타법인,110111-3506643,211-87-85385,서울특별시 광진구 광장동 319-33 1층,www.c3ent.co.kr/,,공연 기획업,2006-08-08,12월
(주)씨앤시디벨로퍼,"C&C Developer Co., Ltd.",씨앤시디벨로퍼, ,황용식,기타법인,110111-3567710,220-87-39584,대구광역시 동구 도학동 산 1번지, ,,골프장 운영업,2006-11-30,12월
주식회사 씨앤아일랜드,C&ISLAND,씨앤아일랜드, ,김현철,기타법인,206211-0081253,552-87-02214,전라남도 여수시 돌산읍 무술목길 141, ,,골프장 운영업,2021-08-20,12월
주식회사 씨앤아트컬쳐,"C&Art Culture CO., LTD",씨앤아트컬쳐, ,명재곤,기타법인,110111-3578931,104-86-05164,서울특별시 종로구 종로1가 24번지 르메이에르 종로타운 A동 1501호, ,,공연 기획업,2006-12-13,12월
(주)씨앤제이관광산업,"C&J Tour Co., Ltd",씨앤제이관광산업, ,정병국,기타법인,210111-0052937,402-81-61560,전라북도 전주시 완산구 서신동 853-4 4층, ,,골프장 운영업,2004-05-25,12월
(주)씨앤케이건설,songdoresort,씨앤케이건설, ,조용준,기타법인,120111-0001470,131-81-06651,인천광역시 연수구 능허대로 192 (옥련동), ,,유원지 및 테마파크 운영업,1963-04-30,12월
주식회사 씨어터앤컴퍼니,Theatre & Company,씨어터앤컴퍼니, ,박성민,기타법인,110111-6434049,270-81-00762,서울특별시 강남구 테헤란로82길 15 16호 (대치동), ,,공연 기획업,2017-06-19,12월
주식회사 씨엔케이와이홀딩스,-,씨엔케이와이홀딩스, ,최정환,기타법인,110111-6000220,108-88-00340,"서울특별시 강남구 테헤란로87길 33 (삼성동, 융전빌딩) 8층", ,,그 외 기타 창작 및 예술관련 서비스업,2016-03-14,12월
씨이디(주),"C.E.D. Co., Ltd.",씨이디, ,김상희,기타법인,110111-1765704,120-81-93063,서울특별시 서초구 방배3동 1024-6 삼원빌딩 309호,www.koreagameworks.com,,유원지 및 테마파크 운영업,1999-09-02,12월
재단법인 씨제이문화재단,CJ CULTURE FOUNDATION,씨제이문화재단, ,이재현,기타법인,110122-0042150,104-82-09634,"서울특별시 중구 동호로 330 (쌍림동, 씨제이제일제당센터)",www.cjazit.org/,,공연시설 운영업,2006-05-02,12월
주식회사 씨제이스포츠 ,"CJ Sports Co., Ltd.",씨제이스포츠, ,한준상,기타법인,110111-3338947,104-81-97276,서울특별시 중구 남대문로5가 CJ빌딩 7층, ,,스포츠 클럽 운영업,2006-11-08,12월
씨피씨개발주식회사,"CPC DEVELOPMENT Co.,LTD",씨피씨개발, ,윤재경,기타법인,110111-2917833,114-86-32746,서울특별시 서초구 방배본동 750-14, ,,그 외 기타 스포츠시설 운영업,2003-12-18,12월
아난티클럽서울 주식회사,"Ananti Club,Seoul Co., Ltd.",아난티클럽서울, ,이만규,기타법인,115511-0003201,132-81-33184,경기도 가평군 설악면 유명로 961-34 (방일리 산90-2), ,,골프장 운영업,1999-06-17,12월
아덴힐리조트앤골프 주식회사,ArdenHill Resort&Golf,아덴힐리조트앤골프, ,정종인,기타법인,110111-7942546,664-86-02126,"제주특별자치도 제주시 한림읍 화전길 82 (금악리, 아덴힐CC)",www.ardenhillresort.com,,골프장 운영업,2021-07-02,12월
주식회사 아도니스,"ADONIS CO., LTD.",아도니스, ,이경렬,기타법인,110111-0608971,104-81-36037,경기도 포천시 신북면 포천로 2499 (고일리), ,,골프장 운영업,1989-02-04,12월
주식회사 아떼오드,A-teod,아떼오드, ,송은도,기타법인,134611-0099966,363-86-01355,"경기도 안성시 삼죽면 동아예대길 47 (진촌리, 동아방송예술대학교) 기예관 30중 03호", ,,"창작, 예술 및 여가관련 서비스업",2019-08-02,12월
(주)아름다은,"Arumdaeun CO.,LTD",아름다은, ,정현숙,기타법인,154311-0015435,301-81-72987,"충청북도 진천군 백곡면 소토골길 61 (갈월리, 히든밸리골프클럽)", ,,골프장 운영업,2003-12-15,12월
(주)아름인사이트,Arum Insite Ltd.,아름인사이트, ,박훈영,기타법인,110111-3824699,211-88-08110,서울특별시 강남구 신사동 655-11 아름빌딩 4층, ,,유원지 및 테마파크 운영업,2008-01-16,12월
주식회사 아리온,ARION Corporation,아리온, ,김현진,기타법인,160111-0397037,668-88-01706,"충청남도 천안시 동남구 태조산길 157 (유량동, 태조산레저타운)",taejosan-leisuretown.com,,골프연습장 운영업,2020-05-01,12월
(주)아리지,"ARIJI CO.,LTD",아리지, ,김양원,기타법인,131211-0021382,126-81-91082,경기도 여주시 가남읍 아리지그린길 68 (안금리)산 103, ,,골프장 운영업,2005-11-21,12월
아미람(주),AMIRAM,아미람, ,김현호,기타법인,110111-0747927,219-81-03954,서울특별시 마포구 도화동 46-1 한화오벨리스크내스포츠센타, ,,체력단련시설 운영업,1991-03-11,12월
주식회사 아산골프클럽,ASangolfclub ,아산골프클럽, ,김홍석,기타법인,161511-0314298,464-88-02350,충청남도 아산시 음봉면 음봉로 52-38 (동천리), ,,골프연습장 운영업,2022-02-22,12월
주식회사 아세코,ASECO,아세코, ,김도훈,기타법인,135111-0086508,123-86-12633,"경기도 시흥시 마전로 307 (거모동, 시흥아세코밸리골프장)",www.asecovalley.co.kr,,골프장 운영업,2007-09-27,12월
아시아나레저 주식회사,"asiana leisure,co.ltd",아시아나레저, ,김창규,기타법인,110111-0773552,135-81-09631,경기도 용인시 양지면 대대리 산 281-1,asianacc.co.kr,,골프장 운영업,1991-05-01,12월
아시아드컨트리클럽(주),asiadcc,아시아드컨트리클럽, ,구영소,기타법인,180111-0221919,607-81-37364,"부산광역시 기장군 일광면 차양길 26 (이천리, 아시아드CC)",www.asiadcc.co.kr,,골프장 운영업,1997-01-10,12월
주식회사 아이들,aidle co.lte,아이들, ,천호균,기타법인,284911-0056761,141-81-04683,"경기도 파주시 탄현면 헤이리마을길 59-118 (법흥리, 딸기가좋아)", ,,유원지 및 테마파크 운영업,2005-12-27,12월
(주)아이스타네트워크,"ISTAR NETWORK CO., LTD.",아이스타네트워크, ,이준규,기타법인,110111-1514789,120-81-78591,서울특별시 강남구 신사동 665-1 한양타운 B1,www.istar.co.kr,,그 외 기타 창작 및 예술관련 서비스업,1998-02-19,12월
아이엔디앤씨,ind&c,아이엔디앤씨, ,배인호,기타법인,170111-0815847,763-88-02034,"경상남도 사천시 용현면 시청3길 44 303호 (덕곡리, 신명빌딩)", ,,그 외 기타 분류 안된 오락관련 서비스업,2021-04-14,12월
주식회사 아이월드컴퍼니,IWORLD COMPANY,아이월드컴퍼니, ,안재일,기타법인,170111-0618647,132-87-00481,대구광역시 북구 연암로 103-6 (산격동), ,,공연 기획업,2016-10-13,12월
주식회사 아이지엘,"IGL Co.,Ltd.",아이지엘, ,홍덕기,기타법인,220111-0132307,323-81-00222,서울특별시 서초구 남부순환로315길 6 (서초동), ,,복권발행 및 판매업,2015-08-12,12월
아이파크마리나주식회사,"IPARKMarina Co.,Ltd.",아이파크마리나, ,이성용,기타법인,180111-0910166,617-86-17507,"부산광역시 해운대구 마린시티2로 38 (우동, 해운대아이파크)", ,,스포츠 및 오락관련 서비스업,2014-04-23,12월
(주)아이피,IP(INTER POINT),아이피, ,최승일,기타법인,115211-0022827,132-81-24287,경기도 남양주시 호평동 23-15, ,,그 외 기타 스포츠시설 운영업,1997-04-18,12월
주식회사아일랜드조이,island joy Ltd,아일랜드조이, ,이장우,기타법인,220111-0058082,616-81-57909,제주특별자치도 서귀포시 색달동 2864-2, ,,박물관 운영업,2006-10-30,12월
주식회사 아진,ajin corp.,아진, ,정경운,기타법인,234111-0091680,886-81-00932,경상남도 양산시 회현2길 37 (교동)제이드힐골프파크, ,,골프연습장 운영업,2017-01-19,12월
아진건업(주),"Ahjin development co., Ltd",아진건업, ,김석구,기타법인,110111-0209258,202-81-07893,서울특별시 강남구 역삼동 718-17 상우빌딩 2층,www.kjw.co.kr,,유원지 및 테마파크 운영업,1977-02-07,12월
(주)아쿠아월드,AQUAWORLD,아쿠아월드, ,강우석,기타법인,170111-0558702,256-81-00015,"대구광역시 동구 동부로 149 9층(신천동, 신세계동대구복합환승센터)", ,,식물원 및 동물원 운영업,2015-03-05,12월
(주)아트밸리,"ART VALLEY Co., Ltd.",아트밸리, ,윤성민,기타법인,280111-0087485,127-86-10786,경기도 양주시 장흥면 가마골로 239, ,,그 외 기타 창작 및 예술관련 서비스업,2008-05-08,12월
주식회사 아트인모션,"Arts in Motion Co., Ltd",아트인모션, ,이호중,기타법인,110111-2901828,120-86-60136,서울특별시 강남구 대치동 889-11 대치빌딩 지하 1층, ,,공연 기획업,2003-11-24,12월
(주)아트파크,artpark,아트파크, ,송희진,기타법인,280111-0068790,127-81-92459,경기도 양주시 장흥면 권율로 117 아트파크,www.artpark.co.kr,,박물관 운영업,2005-04-15,12월
주식회사 아프리카오픈스튜디오,"Afreeca Openstudio co., Ltd",아프리카오픈스튜디오, ,정진우,기타법인,110111-6799568,135-87-01233,"충청남도 천안시 동남구 먹거리11길 37 (신부동, 세세빌딩)", ,,컴퓨터 게임방 운영업,2019-07-02,12월
(주)악기거리로데클래식,"Akgigeori Rode Classic Co., Ltd.",악기거리로데클래식, ,손영호,기타법인,110111-7408217,415-86-01618,"서울특별시 서초구 남부순환로317길 79 (서초동, 로데아트센터)", ,,그 외 기타 창작 및 예술관련 서비스업,2020-02-28,12월
(주)악스코리아,AX-KOREA Inc.,악스코리아, ,허강원,기타법인,110111-3240233,120-86-82445,서울특별시 강남구 청담동 133번지 소천빌딩5층 (주)악스코리아,www.ax-korea.com,,공연시설 운영업,2005-06-10,03월
안동개발(주), ,안동개발, ,장성우,기타법인,170111-0114752,502-81-37905,경상북도 안동시 일직면 119, ,,골프장 운영업,1997-01-03,12월
안산스포츠파크 주식회사,Ansansportspark Corp.,안산스포츠파크, ,강욱순,기타법인,131411-0292830,134-87-05707,경기도 안산시 단원구 첨단로 644 (초지동), ,,종합 스포츠시설 운영업,2013-02-15,12월
알에프케이알 주식회사,RFKR Corporation,알에프케이알, ,LEE MICHAEL,기타법인,120111-0637936,121-86-21515,인천광역시 중구 운서로7번길 21 (운서동) 103호, ,,기타 사행시설 관리 및 운영업,2012-12-06,12월
주식회사알프스보석궁전테마파크뮤지엄,ALPSJEWEL,알프스보석궁전테마파크뮤지엄, ,김부원,기타법인,220111-0108639,616-86-12891,제주특별자치도 제주시 한경면 두신로 84,www.jejualps.com,,유원지 및 테마파크 운영업,2014-01-16,12월
애경개발(주),"Aekyung Developement Co., LTD",애경개발, ,송병호,기타법인,134211-0002321,126-81-05010,경기도 이천시 모가면 사실로 984 (신갈리),www.termeden.com,,유원지 및 테마파크 운영업,1951-10-25,12월
주식회사 애니멀킹덤,"animalkingdom co., ltd",애니멀킹덤, ,서병향,기타법인,195411-0037644,316-81-28601,경상남도 사천시 초양길 8 (늑도동) 아라마루 아쿠아리움,aramaruaquarium.com/,,식물원 및 동물원 운영업,2019-10-01,12월
주식회사 애플우드크리에이티브,"APPLEWOOD CREATIVE Co., Ltd",애플우드크리에이티브, ,최유성,기타법인,110111-6300076,539-86-00574,서울특별시 마포구 독막로 88 4층 (상수동), ,,그 외 기타 창작 및 예술관련 서비스업,2017-01-01,12월
애플트리컨트리클럽(주),Appletry Country Club,애플트리컨트리클럽, ,오성배,기타법인,151111-0021877,303-81-36880,충청북도 충주시 노은면 수룡리 산 88, ,,골프장 운영업,2003-05-31,12월
(주)앤앤컴퍼니,NNCOMPANY,앤앤컴퍼니, ,구진완,기타법인,110111-5526590,117-81-89883,"서울특별시 영등포구 여의대로 14 (여의도동, KT여의도지점)", ,,체력단련시설 운영업,2014-09-30,12월
주식회사 야킨에이엠씨,"jakin AMC Co.,Ltd.",야킨에이엠씨, ,이지홍,기타법인,110111-6622826,237-87-00772,"경기도 용인시 기흥구 용구대로2469번길 164 (보정동, 르노삼성남분당정비사업소) 203-2호", ,,스포츠 및 오락관련 서비스업,2018-01-09,12월
양산그레이스골프클럽(주),The Grace Golf,양산그레이스골프클럽, ,이철규,기타법인,180111-0836453,605-86-17294,"경상남도 양산시 동면 양산대로 542-65 (석산리, 그레이스골프클럽)", ,,골프연습장 운영업,2013-02-01,12월
양산컨트리클럽(주),Yangsan Country Club Corp.,양산컨트리클럽, ,현재열,기타법인,184511-0004579,621-81-03711,"경상남도 양산시 상북면 충렬로 687 (소토리, 양산컨트리클럽)",https://www.yangsancc.co.kr,,골프장 운영업,1989-06-05,12월
(주)양주골프클럽,"Yangju Golf Club. Co., Ltd.",양주골프클럽, ,권정달,기타법인,280111-0074937,127-81-99239,경기도 양주시 덕정동 131-21 1층, ,,골프연습장 운영업,2006-04-18,12월
어도어즈 주식회사,"ADORES, Inc.",어도어즈, ,우에하라 세이지,기타법인, ,38998,"서울특별시 강남구 테헤란로 133 (역삼동, 한국타이어빌딩) - 대리인 주소",www.adores.co.jp,,전자 게임장 운영업,1967-12-25,03월
주식회사 어비스컴퍼니,ABYSS company,어비스컴퍼니, ,이동형,기타법인,110111-6988400,349-87-01375,서울특별시 강남구 강남대로146길 39 (논현동),www.abysscompany.com/,,공연 기획업,2019-01-17,12월
(주)에너진월드, ,에너진월드, ,조철승,기타법인,110111-1378151,107-81-89120,서울특별시 영등포구 여의도동61-4 라이프콤비빌딩1003호, ,,그 외 기타 분류 안된 오락관련 서비스업,2000-09-01,12월
주식회사 에버빌리조트,EVERVILL RESORT.CO.LTD.,에버빌리조트, ,전영표,기타법인,110111-2867400,220-86-71743,서울특별시 강남구 역삼동 735-3 포스틸타워 20층,www.hyunjin21.co.kr,,골프장 운영업,2003-10-01,12월
(주)에버씨티,EVERCITY,에버씨티, ,강상원,기타법인,150111-0136859,301-86-07690,충청북도 청주시 청원구 사천로 35 (사천동) 스카이21골프연습장, ,,골프연습장 운영업,2010-06-11,12월
에스디그룹(주),SDGROUP,에스디그룹, ,김기만,기타법인,280211-0106332,127-86-30711,경기도 양주시 봉양동 507-3번지, ,,골프연습장 운영업,2011-04-07,12월
주식회사 에스디에듀,SD Edu,에스디에듀, ,김범조,기타법인,171211-0073575,505-81-74326,"경상북도 경주시 보문로 383 (신평동, 경주관광호텔)", ,,공연 기획업,2013-09-30,06월
(주)에스디엔제이홀딩스,(주)SD&J홀딩스,에스디엔제이홀딩스, ,김장자,기타법인,110111-3961681,220-87-71736,서울특별시 강남구 역삼동 825-21, ,,골프장 운영업,2008-08-29,12월
(주)에스메카,Inc smeca,에스메카, ,류기호,기타법인,110111-2167868,114-86-06078,제주특별자치도 남제주군 안덕면 감산리 1736번지 ,www.sexmuseum.or.kr,,박물관 운영업,2001-02-14,12월
에스비레져 주식회사,"SB Leisure Co., Ltd.",에스비레져, ,원용석,기타법인,110111-6093069,710-87-00597,경기도 여주시 가남읍 송삼로 191 (송림리),kmj2213@nsb.co.kr,,골프장 및 스키장 운영업,2016-06-17,12월
(주)에스비에스아트텍,SBS ART & TECHNOLOGY,에스비에스아트텍, ,강선모,기타법인,115911-0020033,128-81-36111,"경기도 고양시 일산서구 일현로 111 (탄현동, 에스비에스일산제작센터)",www.sbsat.co.kr,,그 외 기타 창작 및 예술관련 서비스업,1998-10-29,12월
(주)에스비에스아프리카티비,"SBS-Afreeca TV Co.,Ltd.",에스비에스아프리카티비, ,"서수길, 김용재",기타법인,110111-5768324,868-81-00119,"경기도 성남시 분당구 판교로228번길 15 (삼평동, 판교세븐벤처밸리1)",www.sbsafreecatv.com,,그 외 기타 스포츠 서비스업,2015-07-01,12월
(주)에스비엑스지,"SBXG, Inc.",에스비엑스지, ,정인모,기타법인,110111-7477204,636-86-01777,"부산광역시 남구 전포대로 133 14층 122호 (문현동, 위워크빌딩)", ,,종합 스포츠시설 운영업,2020-05-06,12월
에스알레저개발(주),SR,에스알레저개발, ,최영수,기타법인,135811-0093749,124-86-09674,경기도 남양주시 오남읍 오남리 365-5, ,,골프장 운영업,2003-05-22,12월
주식회사 에스알피엔터테인먼트,"SRP Entertainment Co., Ltd.",에스알피엔터테인먼트, ,최유리,기타법인,110111-5195478,220-88-62608,"서울특별시 강남구 압구정로18길 30 (신사동, SRPBLDG)",서울특별시 강남구 압구정로18길 30 3층,,공연 기획업,2013-07-31,12월
주식회사 에스앤가든,"SN Garden Co.,Ltd.",에스앤가든, ,김우석,기타법인,220111-0169996,723-87-00711,제주특별자치도 제주시 구좌읍 금백조로 916 2층(송당리),www.snoopygarden.com/,,박물관 운영업,2017-12-12,12월
(주)에스앤지,SPORTS&GOODLIFE,에스앤지, ,송상훈,기타법인,134111-0090964,123-81-72922,경기도 안양시 만안구 안양7동 219-7 에스앤지빌딩,www.snglife.com,,그 외 기타 분류 안된 오락관련 서비스업,2001-11-23,12월
에스앤코 주식회사,S&CO LTD,에스앤코, ,신동원,기타법인,110111-5256642,261-81-02524,"서울특별시 강남구 도산대로 149 6층(신사동, 진우빌딩)",www.sncokorea.com,,공연 기획업,2013-10-29,12월
(주)에스에스피기업,"SSP Enterprise Co., Ltd",에스에스피기업, ,박성수,기타법인,110111-5207778,114-87-11452,"서울특별시 서초구 신반포로 83 (반포동,지하1층)", ,,체력단련시설 운영업,2013-08-20,12월
주식회사 에스에이치피코퍼레이션,SHP Corporation,에스에이치피코퍼레이션, ,김기원,기타법인,110111-8151310,716-88-02417,"서울특별시 강남구 언주로30길 26 (도곡동, 타워팰리스)", ,,종합 스포츠시설 운영업,2022-01-03,12월
주식회사 에스에이커뮤니케이션,SACOMMUNICATION,에스에이커뮤니케이션, ,민태홍,기타법인,110111-4463363,107-87-42942,"서울특별시 영등포구 국회대로72길 4 (여의도동, 아이비피아빌딩) 9층1호", ,,공연 기획업,2010-11-02,12월
주식회사 에스엘세레스,S&L CERES,에스엘세레스, ,안중기,기타법인,150111-0092332,301-81-86782,충청북도 충주시 앙성면 가곡로 1334 (돈산리), ,,골프장 운영업,2005-11-16,12월
(주)에스엘에스코프,SLS Corp,에스엘에스코프, ,김성철,기타법인,110111-4943745,215-87-72863,경기도 평택시 지산천로 10 (독곡동), ,,골프연습장 운영업,2012-08-27,12월
(주)에스엠스포츠,Smsports,에스엠스포츠, ,정현운,기타법인,134811-0163105,124-86-71993,"경기도 의왕시 계원대학로 40 (내손동, 반도프라자) 703호",www.smsports.co.kr,,스포츠 및 오락관련 서비스업,2008-09-12,12월
주식회사 에스엠아트컴퍼니,"SM ART COMPANY Co., LTD",에스엠아트컴퍼니, ,"표인봉, 정창환",기타법인,110111-3041516,101-86-06688,서울특별시 종로구 동숭동 1-94,www.tintinhall.co.kr,,공연 기획업,2004-07-01,12월
주식회사 에스이십칠,"S27 Co., Ltd",에스이십칠, ,박진철,기타법인,170111-0456980,504-81-98742,"서울특별시 성동구 성수이로 69 (성수동2가, 삼화빌딩) 301호", ,,공연 기획업,2012-04-04,12월
에스케이텔레콤씨에스티원 주식회사,"SK telecom CS T1 Co., Ltd.",에스케이텔레콤씨에스티원, ,조세프 패트릭 마쉬,기타법인,110111-7170189,614-81-05875,서울특별시 강남구 선릉로 627, ,,스포츠 클럽 운영업,2019-07-12,12월
주식회사 에스투플래닝,s2planning CO.LTD.,에스투플래닝, ,서명환,기타법인,174911-0013483,215-88-00653,"대구광역시 북구 대현남로 25 (대현동, 대현한신휴플러스) 206동 1903호", ,,골프장 운영업,2016-10-17,12월
(주)에스티에스로지스틱스,STSLOGISTICS INC.,에스티에스로지스틱스, ,허인영,기타법인,110111-1999197,220-81-90522,"서울특별시 중구 서소문동 동화빌딩 106, 6층(서소문동,동화빌딩)", ,,골프장 운영업,2000-06-16,12월
주식회사 에어라이브테크놀로지,"Air Live Technology Co., Ltd.",에어라이브테크놀로지, ,이시우,기타법인,131111-0512424,879-88-01306,"서울특별시 서초구 법원로3길 19 (서초동, 양지원)",-,,그 외 기타 창작 및 예술관련 서비스업,2019-03-21,12월
주식회사 에이브스토리,AVESTORY,에이브스토리, ,최성현,기타법인,110111-5944031,510-81-35325,"서울특별시 강남구 압구정로79길 6 (청담동, 테스트설), 6층",없음,,"창작, 예술 및 여가관련 서비스업",2016-01-12,12월
주식회사 에이스컨트리클럽,"Ace Country Club Co., Ltd.",에이스컨트리클럽, ,이종훈,기타법인,195311-0005445,611-81-12848,경상남도 합천군 가야면 가조가야로 1916-10 클럽하우스,www.adelscott.co.kr,,골프장 운영업,2005-04-21,12월
주식회사 에이알스포츠,"AR SPORTS, INC.",에이알스포츠, ,박성구,기타법인,134111-0192463,138-81-60864,"서울특별시 서초구 반포대로22길 14-9 (서초동, 준오빌딩)", ,,골프연습장 운영업,2010-06-24,12월
에이에프씨투비즈코리아 주식회사,"A.F.C. Tubize Korea Co.,Ltd.",에이에프씨투비즈코리아, ,심찬구,기타법인,110111-5482073,261-81-16125,"서울특별시 강남구 삼성로 739 (청담동, 이따리아나빌딩) 5층", ,,그 외 기타 스포츠 서비스업,2014-08-04,12월
주식회사 에이엘,awesomelife,에이엘, ,이성수,기타법인,170111-0814493,368-87-02114,경상북도 구미시 인동36길 71 (구평동), ,,골프연습장 운영업,2021-04-14,12월
에이원컨트리클럽주식회사(구:한교관광개발주식회사),A-ONE contry club,에이원컨트리클럽(구:한교관광개발), ,이경재,기타법인,184511-0003183,621-81-09277,"경상남도 양산시 덕명로 190 (매곡동, 에이원컨트리클럽)",aone@aonecc.net,,골프장 운영업,1988-12-15,12월
(주)에이취.에이취레저,"H.H LEISURE CO., LTD.",에이취.에이취레저, ,"황길순, 김익중",기타법인,200111-0109706,408-81-38219,광주광역시 동구 남동 36-9,없음,,골프장 운영업,2000-01-08,12월
(주)에이치.디.비,H.D.B,에이치.디.비, ,현동배,기타법인,160111-0192198,314-81-75340,대전광역시 서구 유등로17번길 83 (복수동), ,,그 외 기타 스포츠시설 운영업,2005-06-20,12월
에이치디씨스포츠㈜,HDCSPORTS CO.LTD,에이치디씨스포츠, ,김병석,기타법인,180111-0441153,607-81-63616,"부산광역시 강서구 체육공원로 43 (대저1동,강서체육공원내)",www.busanipark.com,,스포츠 클럽 운영업,2003-02-27,12월
(주)에이치디현대스포츠,"HD Hyundai Sports Co., Ltd",에이치디현대스포츠, ,강명원,기타법인,230111-0141413,620-81-30457,"울산광역시 동구 봉수로 507 (서부동, 현대스포츠클럽)", ,,스포츠 클럽 운영업,2008-03-01,12월
주식회사 에이치엔에스,HNS INC,에이치엔에스, ,최종환,기타법인,110111-5029792,113-86-66807,"서울특별시 성동구 왕십리로 58 (성수동1가, FORHU) 709호", ,,그 외 기타 스포츠 서비스업,2012-12-24,12월
주식회사에이치엠지엔터테인먼트,HMGentertainment.co.ltd,에이치엠지엔터테인먼트, ,홍시현,기타법인,110111-3869140,104-86-13801,서울특별시 송파구 방이동 196 대덕빌딩,www.hmgent.co.kr,,공연 기획업,2008-04-02,12월
에이치제이디벨롭먼트 주식회사,heungil,에이치제이디벨롭먼트, ,김동진,기타법인,110111-4098491,101-86-47092,"서울특별시 마포구 마포대로 34 (도화동, 도원빌딩) 14층", ,,자연공원 운영업,2009-05-20,12월
주식회사 에이치제이매그놀리아용평파인리즈골프앤리조트,"Jinheung Leisure Development Co., Ltd.",에이치제이매그놀리아용평파인리즈골프앤리조트, ,신달순,기타법인,141311-0007255,227-81-09871,"강원도 고성군 토성면 잼버리동로 267 (인흥리, 파인리즈컨트리클럽)",https://www.pineridge.co.kr/,,골프장 운영업,2002-09-27,12월
주식회사 에이치투지,"H2G Co.,Ltd.",에이치투지, ,위준안,기타법인,224111-0064332,834-81-02507,"제주특별자치도 서귀포시 대정읍 중산간서로2262번길 44-5 (구억리, 트루하우스) 2호", ,,종합 스포츠시설 운영업,2022-05-23,12월
에이케이레저 주식회사,"AK LEISURE CO.,LTD.",에이케이레저, ,이창훈,기타법인,134411-0015627,126-81-45517,경기도 이천시 모가면 사실로 984 (신갈리),www.termeden.com,,유원지 및 테마파크 운영업,2000-06-01,12월
(주)에프엔씨엔터테인먼트,"FNC ENTERTAINMENT Co., Ltd.",에프엔씨엔터,173940,"한성호, 김유식",코스닥시장,110111-3580390,211-87-90928,서울시 강남구 청담동 111,www.fncent.com,,창작 및 예술관련 서비스업,2006-12-14,12월
주식회사 에픽셀,"Epicxell Co.,Ltd",에픽셀, ,김요한,기타법인,110111-5079268,105-87-83933,서울특별시 마포구 월드컵북로6길 3 이노베이스빌딩 3층,www.toonburi.com,,그 외 기타 창작 및 예술관련 서비스업,2013-03-04,12월
유한회사 엑셀로이콰인알앤디센터,Excello Equine R&D Center,엑셀로이콰인알앤디센터, ,이학림,기타법인,131114-0010696,612-88-01417,경기도 성남시 수정구 여수대로29번길 50-1 (시흥동), ,,그 외 기타 스포츠시설 운영업,2019-09-26,12월
주식회사 엑트켐,Actchem,엑트켐, ,김연진,기타법인,110111-3915191,215-87-16648,"서울특별시 강남구 선릉로 807 (신사동, 영동농장사옥)", ,,박물관 운영업,2008-07-01,12월
주식회사 엔비전스,NVISIONS,엔비전스, ,송영희,기타법인,110111-4044808,120-87-37063,서울특별시 종로구 북촌로 71 (가회동), ,,"창작, 예술 및 여가관련 서비스업",2014-12-01,12월
엔시개발주식회사,"NC Development Co., Ltd.",엔시개발, ,박윤배,기타법인,110111-2606634,220-86-47490,서울특별시 강남구 도곡로1길 25 8층 (역삼동), ,,골프장 운영업,2002-09-10,12월
(주)엔씨다이노스,NC DINOS BASEBALL COMPANY,엔씨다이노스, ,이진만,기타법인,194211-0185034,608-81-86121,경상남도 창원시 마산회원구 삼호로 63 종합운동장 내 (양덕동),www.ncdinos.com/,,스포츠 서비스업,2011-04-11,12월
(주)엔씨씨,NCC GOLF CLUB CO.,엔씨씨, ,KWON JOHN HYCK,기타법인,110111-0520894,124-81-39663,경기도 안산시 단원구 대부황금로 746 (대부동동),www.nccgolf.co.kr,,그 외 기타 스포츠시설 운영업,1991-09-15,12월
(주)엔에스디영상,NSD ,엔에스디영상, ,진재철,기타법인,110111-3434331,105-86-91101,제주특별자치도 제주시 삼도2동 1255 라마다호텔내 카지노,www.ramadacasino.co.kr/,,기타 사행시설 관리 및 운영업,2006-04-06,12월
엘리체레저(유),elichecc,엘리체레저, ,류채봉,기타법인,205214-0003971,527-87-00262,"전라남도 화순군 춘양면 장곡길 55 (양곡리, 엘리체레저유한회사)",www.elichecc.co.kr,,골프장 운영업,2015-11-10,12월
엘림레져개발(주),Elim Leisure.Co.Ltd.,엘림레져개발, ,김홍식,기타법인,110111-2975807,209-81-37423,서울특별시 성북구 보문동 121-6 벧엘빌딩 2층,www.racingpark.co.kr,,경기장 운영업,2006-07-01,12월
엘오에스,LOS,엘오에스, ,박성진,기타법인,110111-5161255,762-87-01694,"서울특별시 송파구 백제고분로 364 6층 (석촌동, 대신빌딩)", ,,볼링장 운영업,2013-06-18,12월
주식회사 엘티엔터테인먼트,LT ENTERTAINMENT,엘티엔터테인먼트, ,김한준,기타법인,110111-0552847,220-81-01505,"제주특별자치도 제주시 노연로 12 (노형동, 제주드림타워복합리조트)", ,,기타 사행시설 관리 및 운영업,1987-12-08,12월
유한회사 엠데일,MDALE.CO.Ltd,엠데일, ,최진원,기타법인,134314-0000872,687-88-02161,경기도 양평군 양동면 메덩골길 43 (금왕리), ,,유원지 및 테마파크 운영업,2021-08-19,12월
주식회사엠브릿지홀딩스,"M Bridge Holdings Co., Ltd.",엠브릿지홀딩스, ,"정영조, 장홍호",기타법인,200111-0206536,410-81-94081,서울특별시 마포구 마포동 금호전기빌딩 12층, ,,경주장 및 동물 경기장 운영업,2005-03-14,12월
(주)엠비씨플레이비,MBC PlayBe Co.,엠비씨플레이비, ,강재형,기타법인,110111-3974618,107-87-13471,서울특별시 송파구 올림픽로 240 키자니아 4층 (잠실동),www.kidzania.co.kr,,유원지 및 테마파크 운영업,2008-09-25,12월
엠앤씨웍스주식회사 ,"M&C WORKS CO.,LTD",엠앤씨웍스, ,문대진,기타법인,134511-0363694,224-86-01254,"경기도 용인시 처인구 백암면 고안로51번길 184 씨동,디동 엠앤씨웍스주식회사 (고안리)",mncworks.co.kr,,그 외 기타 창작 및 예술관련 서비스업,2018-08-08,12월
엠에스레저(주),"MSLeisure.CO.,LTD",엠에스레저, ,손주은,기타법인,110111-8333257,572-88-02568,경상남도 김해시 진례면 고모로134번길 54-49 (송현리), ,,골프장 운영업,2022-06-15,12월
(주)엠오디,"MOD Co.,Ltd",엠오디, ,장재혁,기타법인,171211-0045128,505-81-45966,경상북도 경주시 양남면 동남로 982,www.mauna.co.kr,,골프장 운영업,2006-11-01,12월
엠제이드림월드(주),"MJ Dream World,Inc.",엠제이드림월드, ,신준용,기타법인,144811-0001957,228-81-03069,강원도 태백시 동점동 372,www.mjdream.com,,경주장 및 동물 경기장 운영업,2000-01-10,12월
주식회사 엠지에이,"mga co., ltd",엠지에이, ,이상학,기타법인,134811-0107533,124-86-33494,경기도 화성시 동탄면 영천리 98-3, ,,골프연습장 운영업,2005-05-26,12월
엠케스,mkass,엠케스, ,정수미,기타법인,110111-4688929,105-87-62281,"대전광역시 유성구 엑스포로 1 지하1층(도룡동, 신세계아트앤사이언스)", ,,식물원 및 동물원 운영업,2018-07-25,12월
주식회사 엠피엠지,"MPMG CO., LTD.",엠피엠지, ,김상규,기타법인,110111-2628117,117-81-41900,"서울특별시 마포구 서강로 78 (창전동, 엠피엠지)",www.mpmg.co.kr,,공연 기획업,2002-10-10,12월
주식회사 여수관광레저,"City Park CC Co.,Ltd",여수관광레저, ,김영한,기타법인,206211-0028461,417-81-29863,"전라남도 여수시 좌수영로 641 (둔덕동, (주)여수관광레저)",citypark.co.kr,,골프장 운영업,2004-09-15,12월
주식회사 여수레저개발,"Yeosu Leisure Development Co.,Ltd",여수레저개발, ,송용민,기타법인,200111-0566419,288-87-01333,"광주광역시 북구 북문대로 161 2층 (운암동, 모아미래도빌딩)", ,,그 외 기타 분류 안된 오락관련 서비스업,2019-06-24,12월
주식회사 여수씨월드,yeosu sea world corporation,여수씨월드, ,김기문,기타법인,110111-4284602,104-86-26290,전라남도 여수시 오동도로 61-11 (수정동)350-77, ,,식물원 및 동물원 운영업,2010-02-16,12월
여수챌린지파크루지 주식회사,"Yeosu Challenge Park Luge Co.,Ltd",여수챌린지파크루지, ,윤재복,기타법인,206211-0080148,241-88-02005,전라남도 여수시 화양면 굴구지길 122-21 (나진리) 348, ,,유원지 및 테마파크 운영업,2021-06-02,12월
(주)연우개발,YONWOODEVELOPMENT.INC,연우개발, ,김태연,기타법인,175111-0007506,510-81-13205,경상북도 성주군 초전면 소성리 산 51번지,www.heavencc.com,,골프장 운영업,2002-11-06,12월
(주)연타운,-,연타운, ,김지수,기타법인,110111-4040111,101-86-44979,서울특별시 종로구 우정국로2길 43 (관철동) 6층,-,,노래연습장 운영업,2009-02-09,12월
주식회사영남알프스레져,Young Nam Alps Leisure,영남알프스레져, ,고명현,기타법인,181211-0007241,620-81-01971,울산광역시 울주군 삼남면 자수정로 112,www.jsjland.co.kr,,유원지 및 테마파크 운영업,1986-11-11,12월
주식회사 영산,YOUNG SAN,영산, ,이영길,기타법인,200111-0315022,410-86-47884,광주광역시 광산구 신가동 302-32, ,,골프장 운영업,2011-03-10,12월
주식회사 영선개발,Yeongseon Development,영선개발, ,박찬종,기타법인,230111-0350452,321-86-01900,"부산광역시 동래구 금정마을로 135-11 (온천동, 제이에스엠빌딩) 601호", ,,골프연습장 운영업,2021-04-22,12월
영암관광개발(주),Yeongam tourist development.co.LTD,영암관광개발, ,김남호,기타법인,200111-0125728,408-81-43629,"전라남도 영암군 금정면 안적동길 403 (세류리, 아크로컨트리클럽)",www.acrogolf.co.kr/,,골프장 운영업,2000-11-30,12월
(주)영종오렌지,Yeongjong orange,영종오렌지, ,김기열,기타법인,120111-0934283,725-86-01081,인천광역시 중구 영종해안남로321번길 186 (운서동), ,,골프장 운영업,2018-04-25,12월
(주)영진레저,YOUNGJIN LEISURE,영진레저, ,박상근,기타법인,134511-0102919,142-81-01559,경기도 용인시 처인구 삼가동 419-3, ,,그 외 기타 스포츠시설 운영업,2006-06-17,12월
(주)예감,YEGAM INC,예감, ,김경훈,기타법인,110111-2738643,101-81-92928,"서울특별시 중구 정동길 3 (정동, 경향신문사건물) 12층",www.hijump.co.kr,,공연 기획업,2003-03-17,12월
(주)예지실업,"Yejisilup Co., Ltd.",예지실업, ,윤성대,기타법인,115411-0000811,127-81-07739,경기도 포천시 내촌면 금강로2536번길 27,www.bearstown.com,,골프장 및 스키장 운영업,1984-12-05,06월
(주)오디뮤지컬컴퍼니,OD MUSICAL COMPANY,오디뮤지컬컴퍼니, ,신춘수,기타법인,110111-2891897,220-86-74319,서울특별시 강남구 역삼동 784번지 화화빌 1.2.3층,www.odmusical.com,,공연 기획업,2003-11-10,12월
오디컴퍼니주식회사,OD COMPANY,오디컴퍼니, ,신춘수,기타법인,110111-3862235,220-87-63600,"서울특별시 강남구 도산대로81길 51 3층(청담동, 루미안빌)",www.odmusical.com,,공연 기획업,2008-03-18,12월
(주)오렌지링스,"Orange Links CO., LTD",오렌지링스, ,강문탁,기타법인,120111-0567472,131-86-27947,인천광역시 연수구 송도동 347,www.orangedunes.com,,골프장 운영업,2011-05-04,12월
(주)오리온레포츠,ORION REPORTS,오리온레포츠, ,심용섭,기타법인,110111-1358210,229-81-25237,서울특별시 용산구 문배동 (주)오리온 30-10 ,orions.co.kr,,스포츠 클럽 운영업,1996-12-27,05월
주식회사 오브이,"OVE Co.,Ltd.",오브이, ,이정은,기타법인,110111-8146387,849-88-02319,"서울특별시 종로구 통일로 134 (평동, 디타워(돈의문)), 22층",www.ove.io/,,"창작, 예술 및 여가관련 서비스업",2021-12-29,12월
주식회사 오산버드파크,osanbirdpark,오산버드파크, ,황성춘,기타법인,134811-0483967,472-88-01181,"경기도 오산시 성호대로 141 (오산동, 오산시청) 오산버드파크", ,,식물원 및 동물원 운영업,2019-02-25,12월
(주)오성레저,OSUNG GOLF CLUB,오성레저, ,장창환,기타법인,284911-0099802,141-81-26218,경기도 파주시 교하읍 상지석리 551-36,www.osung.cc,,골프연습장 운영업,2011-11-02,12월
주식회사 오션디앤씨,Ocean D&C,오션디앤씨, ,이원석,기타법인,180111-0710665,605-81-99802,부산광역시 기장군 일광면 곡천길 317 (용천리), ,,골프장 운영업,2010-04-06,12월
주식회사 오션비치,oceanbeach country club,오션비치, ,조재관,기타법인,170111-0234526,506-81-46880,"경상북도 영덕군 강구면 동해대로 4265-43 (삼사리, 오션비치컨트리클럽)",www.oceanviewcc.com,,골프장 운영업,2002-10-19,12월
주식회사 오션식스리조트,ocean six resort,오션식스리조트, ,김경준,기타법인,131411-0173543,134-86-26175,경기도 안산시 단원구 고잔동 706-1 신양타운 605호,oceansix.co.kr,,수영장 운영업,2005-09-26,12월
오션힐스골프앤리조트(주),Oceanhills Golf&Resort,오션힐스골프앤리조트, ,이승도,기타법인,174611-0007739,506-81-07460,경상북도 포항시 북구 송라면 대전길 7,www.oceanhills.com,,골프장 운영업,1991-09-01,12월
(주)오스트리아마을,austria village,오스트리아마을, ,김동환,기타법인,145011-0022346,717-81-01635,"강원도 평창군 대관령면 솔봉로 296 (용산리, 티롤빌리지) 127호", ,,박물관 운영업,2019-11-20,12월
주식회사 오아르미술관,"OAR Contemporary Art Museum CO., LTD.",오아르미술관, ,김문호,기타법인,171211-0123429,898-88-02005,경상북도 경주시 금성로 260-6 오아르미술관,www.oar-museum.com/,,박물관 운영업,2021-07-02,12월
오이코스산업(주),Oicos industrial,오이코스산업, ,이옥춘,기타법인,110111-8994554,567-88-02912,경상북도 안동시 풍천면 풍일로 1572 (어담리) 안동리버힐컨트리클럽(오이코스산업), ,,골프장 운영업,2024-07-05,12월
(주)오케아노스,"Oceanos Co., Ltd",오케아노스, ,장기수,기타법인,110111-5064847,120-87-94026,"서울특별시 강남구 영동대로 513 (삼성동, 코엑스(COEX))", ,,식물원 및 동물원 운영업,2013-02-08,12월
오향관광개발주식회사,"Ohhang Tour Co., Ltd.",오향관광개발, ,홍병기,기타법인,134211-0043242,126-81-52338,경기도 광주시 실촌면 오향리 156-1, ,,골프장 운영업,2001-03-30,12월
옥산개발주식회사,OKSAN Developing Co.Ltd,옥산개발, ,김태열,기타법인,171711-0065689,505-81-42810,경상북도 경주시 안강읍 낙산길 85 (옥산리), ,,골프장 운영업,2005-07-22,12월
옥산레저 주식회사,"OKSAN LEISURE CO.,LTD",옥산레저, ,오세길,기타법인,150111-0008066,301-81-07939,충청북도 청주시 흥덕구 옥산면 동림2길 149 (동림리),www.tgvcc.co.kr,,골프장 운영업,1989-04-28,12월
주식회사 올댓바스켓,AII THAT BASEKET,올댓바스켓, ,오세호,기타법인,110111-6944907,696-86-01196,서울특별시 강남구 도곡로 505 (대치동) 태성빌딩 지하1층, ,,종합 스포츠시설 운영업,2018-12-18,12월
주식회사 올림픽컨트리클럽,OLYMPIC COUNTRY CLUB,올림픽컨트리클럽, ,이관식,기타법인,124311-0003816,128-81-06238,경기도 고양시 덕양구 벽제동 산65-1,www.olympicgolf.co.kr,,골프장 운영업,1978-04-29,12월
(주)올림픽콜로세움,OLYMPIC COLISEUM,올림픽콜로세움, ,이관식,기타법인,110111-0171671,211-81-62129,"서울특별시 강남구 선릉로 757 (논현동, 올림픽콜로세움)",www.olympicsports.co.kr,,체력단련시설 운영업,1974-11-08,12월
주식회사 와이에스콘텐츠랜드,YSCL Contentsland Inc.,와이에스콘텐츠랜드, ,이철호,기타법인,110111-5358828,107-88-14031,"서울특별시 강남구 선릉로 577 (역삼동, 조선내화빌딩) 4층",www.ysclgroup.com,,공연 기획업,2014-03-07,12월
와이에이치 주식회사,"YH Co.,Ltd.",와이에이치, ,윤한봉,기타법인,131311-0277818,651-88-02269,"경기도 평택시 노루댕이1길 22 (장당동, 피티씨골프클럽)", ,,골프연습장 운영업,2022-03-10,12월
주식회사 와이에이치레저개발,"YH Leisure Development co., Ltd.",와이에이치레저개발, ,"박윤하, 박현규",기타법인,200111-0604946,227-86-01869,강원도 홍천군 서면 장락동길 111 (모곡리), ,,골프장 운영업,2020-07-03,12월
(주)와이엔텍레포츠,"Y-ENTEC LEPORTS CO.,LTD.",와이엔텍레포츠, ,김태일,기타법인,205011-0005349,416-81-47290,전라남도 보성군 조성면 대곡리 산49, ,,골프장 운영업,2005-01-21,12월
주식회사 와이제이그룹,YJ GROUP,와이제이그룹, ,최영진,기타법인,170111-0481672,514-81-85962,"대구광역시 달서구 조암남로 42 (월성동,트럼프스타) 405호", ,,체력단련시설 운영업,2013-01-10,12월
와이제이씨 주식회사,"YJC CO., LTD",와이제이씨, ,김도훈,기타법인,131211-0000120,126-81-00112,경기도 여주시 월평로 78 (월송동) 여주클래식골프클럽,www.yeojoocc.co.kr,,골프장 운영업,1973-09-28,12월
와이즈 인코어(주),Wise In Core,와이즈인코어, ,오인수,기타법인,110111-2009440,110-81-46772,서울특별시 강남구 삼성2동 140-8 해평B 2F, ,,공연 기획업,2000-06-29,12월
와이지도시개발 주식회사,YG,와이지도시개발, ,박용수,기타법인,230111-0357755,260-81-02424,울산광역시 남구 테크노산업로55번길 49-20 (두왕동) THE101, ,,종합 스포츠시설 운영업,2021-09-01,12월
(주) 와팝,DORMARTHALL,와팝, ,김일규,기타법인,110111-2718570,206-81-78973,"서울특별시 광진구 능동로 216 (능동, 어린이대공원)", ,,공연시설 운영업,2003-02-18,12월
(주)왕산레저개발,"WLD Co., Ltd.",왕산레저개발, ,박철형,기타법인,120111-0587462,121-86-12694,인천광역시 중구 왕산마리나길 143 (을왕동),www.wangsanmarina.co.kr,,스포츠 및 오락관련 서비스업,2011-11-07,12월
(주)외도보타니아,Oedo Botania,외도보타니아, ,최호숙,기타법인,194911-0002474,612-81-20977,경상남도 거제시 일운면 와현리 산109번지,www.oedobotania.com,,식물원 및 동물원 운영업,1994-03-24,12월
용원개발주식회사,"YONG WON DEVELOPMENT CO., LTD.",용원개발, ,최정호,기타법인,190111-0011764,609-81-13693,경상남도 창원시 진해구 가주로 133 (용원동),yw13693@hanmail.net,,골프장 운영업,1986-08-01,12월
주식회사 용인씨씨,-,용인씨씨, ,조성남,기타법인,134511-0032190,135-81-30492,경기도 용인시 백암면 석천리 산 40 4,-,,골프장 운영업,1999-03-01,12월
용인자작나무숲 주식회사 농업회사법인,"Healing lsland, an agricultural company",용인자작나무숲농업회사법인, ,백운정,기타법인,160111-0404642,664-87-00111,경기도 용인시 처인구 백암면 황새울로 231 (석천리), ,,유원지 및 테마파크 운영업,2015-07-30,12월
우경개발(주),wookyung development corpration,우경개발, ,정찬우,기타법인,170111-0009408,502-81-09563,"대구광역시 동구 팔공산로237길 186 (도학동, 팔공컨트리클럽)", ,,골프장 운영업,1971-02-02,12월
재단법인 우란문화재단,WOORAN FOUNDATION,우란문화재단, ,최기원,기타법인,274322-0031714,106-82-16392,서울특별시 성동구 연무장7길 11 (성수동2가) 4층,www.wooranfdn.org,,"창작, 예술 및 여가관련 서비스업",2014-01-01,12월
(주)우리개발,woori ,우리개발, ,김종원,기타법인,140111-0032398,221-81-28448,강원도 춘천시 석사동 880-1 로얄프라자 304호, ,,골프장 운영업,2006-11-29,12월
(주) 우민,woomin,우민, ,이영일,기타법인,144411-0002490,227-81-08775,강원도 고성군 간성읍 흘리 72,WWW.alpsresort.co.kr,,스키장 운영업,2001-12-27,12월
(주)우삼개발,woosam development corporation,우삼개발, ,김순악,기타법인,170111-0284927,514-81-54678,제주특별자치도 제주시 구좌읍 비자림로 1181,www.cheflineworld.kr,,유원지 및 테마파크 운영업,2005-04-07,12월
우신레저주식회사,wooshin Leisure,우신레저, ,강헌석,기타법인,230111-0168037,610-86-03749,부산광역시 동구 조방로 27 (범일동) 우신빌딩,www.rieoncc.co.kr,,골프장 운영업,2010-08-23,12월
주식회사 우주엔비텍,"WOO JOO ENVIRONMENT.Co.,Ltd",우주엔비텍, ,"김찬수, 이재녕",기타법인,170111-0296576,502-81-82375,대구광역시 달서구 대천동 1011, ,,사적지 관리 운영업,2005-10-07,12월
주식회사 우창,WOOCHANG co.,우창, ,김종태,기타법인,180111-0380608,617-81-36528,부산광역시 해운대구 좌동순환로 77 우창골프클럽,www.sporink.com,,그 외 기타 스포츠시설 운영업,2002-05-31,12월
주식회사 우창금정,WOOCHANG GOLF,우창금정, ,김재엽,기타법인,180111-0729749,607-81-95670,"부산광역시 금정구 금샘로 478 (남산동, 우창골프연습장)",woochanggolf.modoo.at/,,골프연습장 운영업,2010-10-01,12월
(주)운주산업개발,woonjucc,운주산업개발, ,김형준,기타법인,160111-0197619,314-81-77810,대전광역시 서구 용문동255-66주원빌딩 208호, ,,골프장 운영업,2005-10-18,12월
운하리조트(주),"Woonha Resort Co.,Ltd",운하리조트, ,"오형근, 이창옥",기타법인,160111-0177900,305-81-70657,대전광역시 서구 복수동로52번길 56 (복수동),-,,골프연습장 운영업,2004-08-13,03월
(주)웅진,-,웅진, ,권영기,기타법인,161211-0018284,307-81-27097,충청남도 공주시 의당면 청룡리 산28-1,www.goldrivercc.com,,골프장 운영업,2007-05-16,12월
(주)웅진플레이도시,"WOONGJINPLAYDOCI CO.,Ltd",웅진플레이도시, ,송호정,기타법인,110111-4103894,201-86-11045,"경기도 부천시 원미구 조마루로 2 (상동, 부천체육문화센터)",www.playdoci.com,,유원지 및 기타 오락관련 서비스업,2009-05-28,12월
워너관광개발(주),"Warner T&D, Corp.",워너관광개발, ,김준식,기타법인,110111-4206333,120-87-46126,강원도 춘천시 남산면 동촌로 667 (수동리),www.ownersgc.co.kr,,골프장 운영업,2009-10-26,12월
워너채플뮤직코리아(주),Warner Chappell Music Korea INC,워너채플뮤직코리아, ,성호재,기타법인,110111-1553430,220-81-58916,"서울특별시 강남구 도산대로16길 20 (논현동), 2층", ,,그 외 기타 창작 및 예술관련 서비스업,1999-03-02,09월
주식회사 원더풀,WONDERFUL SPA LAND. CO. KR,원더풀, ,함숙희,기타법인,170111-0611857,280-87-00567,대구광역시 달서구 조암로 48 (월성동), ,,종합 스포츠시설 운영업,2016-08-01,12월
주식회사 원마운트,"Onemount co.,ltd",원마운트, ,석준호,기타법인,285011-0141189,128-86-29293,"경기도 고양시 일산서구 한류월드로 300 (대화동, 원마운트)",www.onemount.co.kr,,유원지 및 테마파크 운영업,2008-03-11,12월
(주)원정,"One Jung Co., Ltd.",원정, ,송정근,기타법인,110111-0368814,107-81-36453,서울특별시 영등포구 양평동5가 41-1, ,,실내 경기장 운영업,1984-03-13,12월
원하레저 주식회사,"WONHALEISURE CO.,LTD.",원하레저, ,최영숙,기타법인,110111-3949752,220-87-70305,"서울특별시 강남구 도곡로 233 405호(역삼동, 원하빌딩)", ,,골프장 운영업,2008-08-07,12월
(주)월드벨리,world valley,월드벨리, ,김정익,기타법인,134511-0071479,135-81-63178,경기도 용인시 상현동 443-8, ,,그 외 기타 스포츠시설 운영업,2003-06-10,12월
(주)월드이스포츠게임즈,World e-Sports Games,월드이스포츠게임즈, ,강석희,기타법인,110111-3223099,120-86-82504,서울특별시 강남구 청담동 97-1 4층,www.theweg.net,,그 외 기타 분류 안된 오락관련 서비스업,2005-05-06,12월
주식회사 웹스파빌,"Webspabill Ltd,.co",웹스파빌, ,홍재구,기타법인,170111-0050716,504-81-13777,대구광역시 북구 칠성2가 421-3,없음,,체력단련시설 운영업,1991-04-21,12월
주식회사 유니골프앤리조트,UNI GOLF & RESORT,유니골프앤리조트, ,김동환,기타법인,145211-0026063,896-87-01852,강원도 홍천군 북방면 팔봉산로 1759 (원소리), ,,골프장 운영업,2020-06-22,12월
주식회사 유리섬,"GLASS ISLAND CO.,LTD",유리섬, ,이경숙,기타법인,110111-4265678,220-87-93690,"경기도 안산시 단원구 부흥로 254 (대부남동, 유리박물관/미술관)", ,,박물관 운영업,2010-01-20,12월
(주)유성,YUSUNG,유성, ,김유현,기타법인,170111-0022674,502-81-08434,대구광역시 수성구 국채보상로 826 (범어동)  (주)유성,www.yusung.co.kr,,종합 스포츠시설 운영업,1987-10-01,12월
(주)유성골프사우나,Green Golf Park,유성골프사우나, ,박유성,기타법인,134811-0470914,208-81-29823,경기도 화성시 봉담읍 삼천병마로 998-9 (왕림리), ,,골프연습장 운영업,2018-10-11,12월
유성관광주식회사,YUSEONG COUNTRY CO.,유성관광, ,"강형모, 강은모",기타법인,160111-0005440,314-81-00704,"대전광역시 유성구 현충원로 200 (덕명동, 유성관광컨츄리클럽)", ,,골프장 운영업,1975-11-05,12월
주식회사 유심천레저산업,YUSIMCHEON LEISURE INDUSTRY Inc.,유심천레저산업, ,김영권,기타법인,206211-0066057,630-81-01041,전라남도 여수시 소라면 안심산길 155 (죽림리), ,,유원지 및 테마파크 운영업,2018-04-25,12월
유지알지 주식회사,ugrg.co.,유지알지, ,박기범,기타법인,110111-3258856,107-86-65967,서울특별시 강남구 청담동118-17,www.ugrg.co.kr,,그 외 기타 스포츠 서비스업,2005-06-30,12월
유진레저 주식회사,"Eugene Leisure.,Ltd.co",유진레저, ,조일구,기타법인,110111-4281319,101-86-53110,"경기도 포천시 가산면 금우로 276 (우금리, 푸른솔골프클럽포천)", ,,골프장 운영업,2010-02-09,12월
유진비디에스 주식회사,Eugene BDS ,유진비디에스, ,신현식,기타법인,110111-3726746,101-86-33676,"서울특별시 영등포구 국제금융로 24 (여의도동, 유진빌딩) 14층",www.nanumlotto.co.kr/,,복권발행 및 판매업,2007-07-27,12월
유진엠플러스(주),eugenemplus,유진엠플러스, ,이수혁,기타법인,110111-5205011,105-87-92811,"서울특별시 영등포구 의사당대로1길 34 (여의도동, 인영빌딩) 8층, 801호", ,,공연 기획업,2013-10-01,12월
유창개발 주식회사,"YOUCHANG Development Co., Ltd",유창개발, ,김도균,기타법인,174911-0007585,515-81-33531,경상북도 청도군 매전면 곰티로 370-204 (용산리),-,,골프장 운영업,2007-11-20,12월
(주)유토힐개발,"Utohill Development co.,ltd.",유토힐개발, ,홍범식,기타법인,134411-0030914,126-81-92437,서울특별시 강남구 선릉로125길 5 2층, ,,골프장 운영업,2006-01-18,12월
유한산업주식회사,"Yuhansanup Co., Ltd.",유한산업, ,김민석,기타법인,110111-0394405,105-81-23516,경기도 군포시 산본로 276 (금정동),yuhansanup@naver.com,,종합 스포츠시설 운영업,1985-03-18,12월
융창레저개발 주식회사,YUNGCHANG LEISURE INDUSTRY.CO.LTD,융창레저개발, ,정영한,기타법인,110111-3593749,105-87-04656,강원도 원주시 무실동 1663-3, ,,골프장 운영업,2007-01-05,12월
은화삼컨트리클럽주식회사,EUN HWA SAM COUNTRY CLUB,은화삼컨트리클럽, ,"공비상, 이상우",기타법인,134511-0002490,135-81-02787,"경기도 용인시 처인구 백옥대로 860-38 (호동, 은화삼C.C)",없음,,골프장 운영업,1982-05-13,12월
이도클럽디해운대 주식회사,"YIDO CLUBD HAEUNDAE CO.,LTD.,",이도클럽디해운대, ,정종찬,기타법인,180111-1479210,133-86-02980,"부산광역시 해운대구 달맞이길 30 4,5층 (중동, 엘시티)", ,,유원지 및 테마파크 운영업,2022-12-09,12월
(주)이랜드스포츠,E.Land Sports Limited,이랜드스포츠, ,우상배,기타법인,110111-5472206,119-86-91736,"서울특별시 송파구 올림픽로 25 (잠실동, 잠실주경기장) 지하1층", ,,스포츠 클럽 운영업,2014-07-22,12월
(주)이산레저,ISAN ENENGINEERING& CONSTRUCTION,이산레저, ,강광희,기타법인,281111-0096906,128-86-04365,경기도 파주시 교하읍 상지석리 551-36, ,,골프장 운영업,2005-07-01,12월
주식회사 이스트원,EAST-ONE,이스트원, ,조재관,기타법인,171611-0029075,690-86-02649,경상북도 영덕군 영덕읍 중앙길 10 (덕곡리), ,,골프장 운영업,2023-02-07,12월
이어도컨트리클럽 주식회사,"Eardo country club CO.,LTD",이어도컨트리클럽, ,"이대봉, 양철홍",기타법인,220111-0020495,616-81-20154,제주특별자치도 제주시 연동 1486 주흥빌딩3층, ,,골프장 운영업,1997-04-01,12월
주식회사 이엠케이뮤지컬컴퍼니,EMK Musical Company,이엠케이뮤지컬컴퍼니, ,엄홍현,기타법인,110111-4037514,105-87-28060,"서울특별시 종로구 자하문로4길 6 (통의동, 우진빌딩) 3,4층",www.emkmusical.com/,,공연 기획업,2009-02-04,12월
주식회사 이제이파트너스,EJ PARTNERS,이제이파트너스, ,이영주,기타법인,110111-5460392,261-81-14938,"서울특별시 강남구 논현로155길 31-1 (신사동, 꿈나무빌)", ,,공연 기획업,2014-07-08,12월
주식회사  이즈엘,"ISEL  CO.,Ltd",이즈엘, ,박초희,기타법인,110111-5904100,387-86-00314,"서울특별시 강남구 테헤란로83길 14 (삼성동, 두산위브센티움) 922호", ,,그 외 기타 스포츠 서비스업,2015-11-30,12월
(주)이지알앤에스, ,이지알앤에스, ,김태곤,기타법인,180111-0483460,602-81-33290,부산광역시 중구 광복동1가 7, ,,골프연습장 운영업,2004-04-30,12월
(주) 이지컨트리클럽,easy country club,이지컨트리클럽, ,박현철,기타법인,174311-0004707,508-81-18885,경상북도 군위군 군위읍 대흥1길 48-148 (대흥리),easyskycc.co.kr/,,골프장 운영업,2005-12-12,12월
이천실크밸리(주),ILJUK CO.LTD,이천실크밸리, ,우경선,기타법인,134411-0023513,126-81-71131,경기도 이천시 율면 임오산로 296 (월포리), ,,골프장 운영업,2003-04-07,12월
주식회사 이캐슬,"ecastle Co., Ltd.",이캐슬, ,김수훈,기타법인,110111-8287579,807-88-02130,경기도 성남시 분당구 판교역로 231 (삼평동) 에스동 710호, ,,유원지 및 테마파크 운영업,2022-05-03,12월
이케이월드,ek world,이케이월드, ,성남경,기타법인,121111-0058595,130-81-54301,경기도 부천시 원미구 상동 454-1, ,,자연공원 운영업,1997-10-01,12월
주식회사 이큐티와이,EQTY Inc.,이큐티와이, ,현혜정,기타법인,110111-8167143,226-88-02423,"서울특별시 강남구 논현로 509 (역삼동, 송암II빌딩)", ,,공연 기획업,2022-01-14,12월
(주)이키즈랜드,"EKIDSLAND CO., LIMITED",이키즈랜드, ,조일성,기타법인,110111-7278107,821-81-01671,서울특별시 구로구 구로중앙로28길 35-2 (구로동), ,,오락장 운영업,2019-11-01,12월
익산관광개발주식회사 ,SUNG WON DEVELOPMENT CO.LTD,익산관광개발, ,전광수,기타법인,214911-0011826,403-81-17863,전라북도 익산시 무왕로38길 111 (덕기동) 상떼힐익산컨트리클럽,www.santehill.com,,골프장 운영업,1999-01-12,12월
주식회사 인드림이앤씨,Indream E&C,인드림이앤씨, ,장영숙,기타법인,110111-5826932,464-86-00149,"충청북도 진천군 이월면 밤디길 136 (미잠리, 홀인원골프랜드)", ,,골프연습장 운영업,2015-09-04,12월
인서울27골프클럽 주식회사,"InSeoul27GolfClub  Co., Ltd.",인서울27골프클럽, ,이의병,기타법인,110111-5502574,109-86-50494,"서울특별시 강서구 오정로 443-198 (오곡동, 인서울27골프클럽)", ,,골프장 운영업,2014-08-28,12월
(주)인아츠프로덕션,IN Arts Production Inc.,인아츠프로덕션, ,허인영,기타법인,110111-7001665,307-88-01121,"서울특별시 용산구 한남대로 98, 2층 (한남동, 일신빌딩)", ,,공연 기획업,2019-01-30,12월
주식회사 인제스피디움,"Inje Speedium. Co., Ltd",인제스피디움, ,이정민,기타법인,144311-0006311,223-81-11040,강원도 인제군 기린면 상하답로 130 (주)인제스피디움 컨트롤타워3층,www.speedium.co.kr/,,경주장 및 동물 경기장 운영업,2009-06-12,12월
주식회사인제스피디움매니지먼트,Inje Speedium Management,인제스피디움매니지먼트, ,정필묵,기타법인,144311-0006329,223-81-11055,"서울특별시 영등포구 여의공원로 111 태영빌딩 909호 (여의도동, 여의도태영빌딩)", ,,경주장 및 동물 경기장 운영업,2009-06-12,12월
주식회사 인천골프클럽,Inchongolfclub. LTD,인천골프클럽, ,이금숙,기타법인,120111-0299447,121-81-56168,인천광역시 중구 운서동 2850 아이엔지모터스 3층, ,,골프장 운영업,2002-10-11,12월
(주)인천유나이티드,"INCHEON UNITED CO.,LTD",인천유나이티드, ,조건도,기타법인,120111-0324228,121-81-62544,"인천광역시 중구 참외전로 246 3층 (도원동, 인천축구전용경기장)",www.incheonutd.com,https://www.incheonutd.com/main/index.php,스포츠 클럽 운영업,2003-08-01,12월
주식회사 인타이글로벌,Yintai Global,인타이글로벌, ,YANG CHEN(양첸),기타법인,110111-8410708,897-86-02667,서울특별시 강남구 테헤란로82길 15 (대치동), ,,기타 창작 및 예술관련 서비스업,2022-08-31,12월
일광개발(주),ILGWANG DEVELOPMENT CO. LTD.,일광개발, ,백규현,기타법인,180111-0188531,621-81-20141,부산광역시 기장군 일광면 이천8길 100 베이사이드골프클럽,www.bayside.co.kr,,골프장 운영업,1995-07-01,12월
일광레저개발 주식회사,IL KWANG LEISURE DEVELOPEMENT CO.,일광레저개발, ,임창진,기타법인,161511-0126255,312-86-24307,충청남도 천안시 동남구 병천면 매성리 산 27-24, ,,골프장 운영업,2011-02-15,12월
주식회사 일산레저,"ilsanleisure co.,ltd",일산레저, ,이준엽,기타법인,110111-3684233,106-86-51441,서울특별시 종로구 자하문로 120 (청운동), ,,골프연습장 운영업,2007-05-10,01월
(주)일산씨월드,"Ilsan Seaworld,Co.,Ltd.",일산씨월드, ,최대순,기타법인,110111-4368901,104-86-28696,"경기도 고양시 일산서구 한류월드로 282 (대화동, 아쿠아플라넷일산)", ,,식물원 및 동물원 운영업,2010-06-10,12월
일산컨트리클럽 주식회사,springhills CC,일산컨트리클럽, ,이종일  김명두,기타법인,110111-3761916,108-81-81572,경기도 고양시 일산동구 산황로 108 스프링힐스골프장 사무실,www.springhilld.co.kr,,골프장 운영업,2007-10-01,12월
주식회사 일상,IL SANG Co.Ltd,일상, ,김용기,기타법인,161311-0016898,308-81-20383,충청남도 논산시 상월면 대우리 산 38-2,www.thehill.co.kr,,골프장 운영업,2004-01-29,12월
일석그린 주식회사,"Ilsukgreen.Co,.Ltd",일석그린, ,양일석,기타법인,110111-0001167,220-87-15850,경기도 광주시 오포읍 고산리 1-5, ,,그 외 기타 스포츠시설 운영업,2005-08-10,12월
일송개발(주),LAKE HILLS YONGIN COUNTRY CLUB,일송개발, ,윤석한,기타법인,110111-0348890,135-81-03660,경기도 용인시 처인구 남사면 경기동로 628, ,,골프장 운영업,1983-04-15,12월
(주)일신레져,"Ilshin Leisure Co., Ltd",일신레져, ,이소미,기타법인,134511-0034930,135-81-32942,경기도 용인시 처인구 이동면 이원로 225 신원컨트리클럽,www.swcc.co.kr,,골프장 운영업,1999-07-10,12월
주식회사 일신우일신,Ilsinwoo-Ilsin,일신우일신, ,현승원,기타법인,120111-0151225,131-81-45334,인천광역시 부평구 구산동 7-7, ,,그 외 기타 스포츠시설 운영업,1997-04-22,03월
일진레이크우드 주식회사,"ILJIN LAKEWOOD Co., Ltd",일진레이크우드, ,공병철,기타법인,110111-1325988,105-81-82403,서울특별시 마포구 도화동 173 삼창빌딩 910, ,,골프장 운영업,1996-10-01,12월
일진레져주식회사,"ILJIN LEISURE CO., LTD",일진레져, ,박경재,기타법인,165111-0013084,316-81-26068,충청남도 태안군 태안읍 소곳이길 92-234 (송암리), ,,골프장 운영업,2014-10-14,12월
임고개발 주식회사,Imgo Development co.,임고개발, ,김도균,기타법인,174711-0033930,505-81-73273,경상북도 영천시 임고면 방목길 34-2,www.yeongcheoncc.co.kr,,골프장 운영업,2013-03-20,12월
임광개발주식회사,"LimKwang Development Co.,LTD.",임광개발, ,김성수,기타법인,131211-0026647,126-86-16507,경기도 여주군 가남면 태평리 229-2, ,,골프장 운영업,2008-11-11,12월
(주)자광홀딩스,Ja Gwang Holdings Corp.,자광홀딩스, ,전은수,기타법인,110111-5460011,532-87-00094,"경기도 용인시 기흥구 기흥역로9 시티동22층(구갈동,기흥역롯데캐슬레이시주상복합)", ,,골프장 운영업,2015-07-10,12월
주식회사 자마이카휘트니스,GAUDIKOREA,자마이카휘트니스, ,최영일,기타법인,110111-5775585,792-86-00156,"경기도 가평군 조종면 청군로 1171 (현리, 한맥공인중개사사무소) 1층", ,,종합 스포츠시설 운영업,2015-07-08,12월
주식회사 자생웰니스,jaseng wellness center,자생웰니스, ,전일색,기타법인,110111-4391514,215-87-42904,서울특별시 송파구 잠실동 40-1 롯데월드스포츠동 , ,,체력단련시설 운영업,2010-10-01,12월
장사도해상공원주식회사,JANG SADO Sea Park ,장사도해상공원, ,김봉렬,기타법인,191211-0010846,612-81-19107,경상남도 통영시 한산면 장사도길 95, ,,식물원 및 동물원 운영업,2008-03-22,12월
장수레저 주식회사,jangsu leisure co.ltd,장수레저, ,박평섭,기타법인,214311-0001019,402-81-65834,전라북도 장수군 계남면 장안산로 303 (궁양리) 장수골프리조트,www.jangsugolf.com,,골프장 운영업,2005-03-30,12월
장흥다이너스티(주),"Jangheung Dynasty CC Co., Ltd.",장흥다이너스티, ,이상식,기타법인,200111-0241681,408-81-73725,광주광역시 동구 금남로2가 20-2 무등빌딩 16층,없음,,골프장 운영업,2007-05-04,12월
전광영스튜디오 주식회사,CHUNKWANGYOUNG STUDIO,전광영스튜디오, ,전용운,기타법인,131111-0367308,144-81-22958,경기도 용인시 수지구 샘말로 122-1, ,,비공연 예술가,2014-02-21,12월
전북현대모터스에프씨 주식회사,"JEONBUK HYUNDAI MOTORS FC CO., LTD",전북현대모터스에프씨, ,최재호,기타법인,210111-0062829,418-81-27460,전라북도 전주시 덕진구 기린대로 1055 전주월드컵경기장 서측 전북현대축구단,www.hyundai-motorsfc.com/,,스포츠 클럽 운영업,2009-01-02,12월
주식회사 전북회원권거래소,-,전북회원권거래소, ,손성공,기타법인,210111-0032377,402-81-41453,전라북도 전주시 완산구 중화산동2가 743-1 2층,-,,그 외 기타 분류 안된 오락관련 서비스업,2001-08-09,12월
전주월드컵개발주식회사,"Jeon Ju World cup GaeBal Co.,Ltd",전주월드컵개발, ,오택연,기타법인,210111-0040213,402-81-54088,전라북도 전주시 덕진구 반월동 763-1 월드컵경기장내 B 148,worldcupcc.com,,골프장 운영업,2003-05-12,12월
정남진골프리조트 주식회사,JungNamJin Golf Resort,정남진골프리조트, ,조광한,기타법인,161511-0124564,312-86-22712,전라남도 장흥군 장평면 기동리 181,www.jnjgolfresort.co.kr/,,골프장 운영업,2010-12-22,12월
정동레저산업 주식회사,jeongdong,정동레저산업, ,전덕균,기타법인,110111-7806130,156-86-01761,충청남도 천안시 동남구 북면 납안5길 74 사무동, ,,골프장 운영업,2021-03-08,12월
주식회사 정동씨앤씨,JEONGDONG C&C,정동씨앤씨, ,이승재,기타법인,131311-0271729,442-81-02614,경기도 평택시 중앙로 254 2층 (합정동), ,,그 외 기타 스포츠시설 운영업,2021-12-14,12월
정산개발주식회사,"Jeongsan Development Co., Ltd.",정산개발, ,김호철,기타법인,184611-0038287,615-81-12326,경상남도 김해시 주촌면 서부로1637번길 299-194 (덕암리),www.jeongsancc.co.kr,,골프장 운영업,2000-03-04,12월
주식회사 정석골프앤리조트 ,JSGNR,정석골프앤리조트, ,정석,기타법인,161511-0287734,614-87-01769,충청남도 천안시 동남구 북면 명덕2길 43 (명덕리), ,,골프장 운영업,2021-01-28,12월
(주)정현,"Jung Hyun Co.,Ltd",정현, ,조태현,기타법인,180111-0980119,513-86-00140,"부산광역시 해운대구 아랫반송로50번길 110 (반송동, 베스타골프)", ,,골프연습장 운영업,2015-07-01,12월
(주)제동레저,"Jedong Leisure Co., Inc.",제동레저, ,이성환,기타법인,220111-0042077,616-81-46886,제주특별자치도 제주시 중앙로 150 대한항공빌딩, ,,골프장 운영업,2003-02-19,12월
주식회사 제드,"JADE.Co., Ltd.",제드, ,이성하,기타법인,170111-0690356,747-88-01009,"대구광역시 수성구 달구벌대로 2435  301동 비301호(범어동, 두산위브더제니스)",www.jadefitness.co.kr/,,체력단련시설 운영업,2018-08-10,12월
주식회사 제미로,ZEMIRO.INC,제미로, ,문영주,기타법인,110111-2010174,211-86-61329,서울특별시 강남구 논현동 91-6,WWW.ZEMIRO.CON,,그 외 기타 창작 및 예술관련 서비스업,2000-06-28,12월
제이글로벌앤주식회사,JGROBERN ,제이글로벌앤, ,전미선,기타법인,110111-4636366,217-81-34811,경기도 의정부시 오목로225번길 115 (민락동), ,,골프장 운영업,2011-06-29,12월
(주)제이드컬쳐,JadeCulture Inc,제이드컬쳐, ,한만옥,기타법인,110111-4654962,107-87-55879,서울특별시 영등포구 여의도동 45 -18, ,,창작 및 예술관련 서비스업,2011-07-11,12월
제이레저주식회사,"j leisure Co.,Ltd",제이레저, ,정길연,기타법인,220111-0007641,616-81-07068,경기도 동두천시 평화로 3202 (하봉암동) 티클라우드CC,www.teecloud.co.kr,,골프장 운영업,1990-02-01,12월
제이슨골프,JasonGolf,제이슨골프, ,강제이슨,기타법인,110111-3548653,120-87-07458,서울특별시 강남구 삼성동 69 지하 1층, ,,골프연습장 운영업,2006-11-01,12월
주식회사 제이씨개발,corporation jc development,제이씨개발, ,이창주,기타법인,194211-0302365,451-88-01447,경상남도 창원시 진해구 충장로657번길 38 제이씨빌딩 801호 701호(장천동), ,,볼링장 운영업,2019-06-21,12월
(주)제이에스리미티드,"jslimited ltd., co",제이에스리미티드, ,안용선,기타법인,135811-0128265,135-81-86735,경기도 수원시 팔달구 인계동 1016-2번지 현대하이엘오피스텔 1204호, ,,스포츠 서비스업,2006-07-11,12월
(주)제이엔제이엔터테인먼트,J&J ENTERTAINMENT,제이엔제이엔터테인먼트, ,강위흥,기타법인,110111-1758064,120-81-92860,서울특별시 강남구 대치동 950-1 송석빌딩 6층, ,,공연 기획업,1999-08-23,12월
제이엠골프,JMGOLF,제이엠골프, ,박경철,기타법인,131311-0060528,125-81-58722,경기도 평택시 장당동 329-23, ,,골프연습장 운영업,2005-06-29,12월
주식회사 제이원,Jone,제이원, ,진천식,기타법인,180111-0579053,514-81-68003,대구광역시 달서구 월성로 42 .401호(월성동), ,,체력단련시설 운영업,2007-01-09,12월
주식회사제이제이골프클럽,"J J GOLF CO.,LTD",제이제이골프클럽, ,이우현,기타법인,130111-0010057,124-81-34014,경기도 용인시 기흥구 하갈동 403-2, ,,그 외 기타 스포츠시설 운영업,1986-08-21,12월
제이타우젠트주식회사,J. Tausned Inc.,제이타우젠트, ,김태호,기타법인,110111-2767626,214-87-33208,경기도 여주시 강천면 부평로 609 (부평리), ,,골프장 운영업,2003-04-24,12월
제이티앤미디어(주),"JTN MEDIA Co., Ltd.",제이티앤미디어, ,정연우,기타법인,110111-4025204,104-86-18688,"서울특별시 종로구 이화장길 26 (이화동, 대학로JTN아트홀)",www.jtnevent.com,,공연시설 운영업,2009-02-01,12월
주식회사 제이파크,j-park.co,제이파크, ,최진식,기타법인,224111-0048261,468-86-01553,"제주특별자치도 서귀포시 천제연로178번길 37 (중문동, 상지타운)", ,,박물관 운영업,2019-06-17,12월
(주)제인,jein,제인, ,박원규,기타법인,150111-0171839,317-81-34498,강원도 원주시 문막읍 원문로 1379 (동화리), ,,골프연습장 운영업,2013-03-01,12월
주식회사 제일스포츠센타,"JAEIL SPORTS CENTER Co.,Ltd.",제일스포츠센타, ,신용상,기타법인,130111-0009836,134-81-03615,경기도 안산시 부곡동 587,없음,,골프장 운영업,1982-11-02,03월
주식회사 제주골프앤리조트개발,JEJU GOLF & RESORT,제주골프앤리조트개발, ,김봉옥,기타법인,220111-0187261,747-88-01182,"제주특별자치도 제주시 노연로 130 (연동, 서진팰리스) 3층", ,,골프장 운영업,2019-02-26,12월
제주리조트주식회사,JEJU RESORT.CO.LTD,제주리조트, ,김진형,기타법인,224111-0001764,616-81-05212,제주특별자치도 남제주군 표선면성읍리 3129, ,,골프장 운영업,1989-06-02,03월
주식회사 제주매직월드,JEJU MAGICWORLD CORP.,제주매직월드, ,정영기,기타법인,220111-0057969,616-81-57836,제주특별자치도 제주시 해안동 2137-1, ,,공연시설 운영업,2006-09-18,12월
제주뮤지엄컴플렉스(주),jeju-museum complex,제주뮤지엄컴플렉스, ,전선권,기타법인,220111-0071711,616-81-73253,"제주특별자치도 제주시 한림읍 광산로 942 (금악리, 그리스신화박물관)",www.greekmythology.co.kr/,,박물관 운영업,2009-08-10,12월
(주)제주미니미니랜드,jejuminiland,제주미니미니랜드, ,오혁진,기타법인,220111-0021922,616-81-21925,제주특별자치도 제주시 조천읍 비자림로 606 (교래리), ,,박물관 운영업,1999-03-01,12월
주식회사 제주미술관,JEJU ART GALLERY CORPORATION,제주미술관, ,주병수,기타법인,110111-3685918,104-86-08104,제주특별자치도 제주시 연동 680-7, ,,박물관 운영업,2007-05-28,12월
제주에스케이에프씨주식회사,JEJU SK FC CORPORATION,제주에스케이에프씨, ,조자룡,기타법인,224111-0015012,616-81-67770,제주특별자치도 서귀포시 일주서로 166-31 제주에스케이에프씨, ,,스포츠 클럽 운영업,2008-10-01,12월
주식회사 제주에코빌리지,JEJU ECO VILLAGE,제주에코빌리지, ,임미숙,기타법인,224111-0021530,616-86-01211,제주특별자치도 서귀포시 남원읍 태위로 536 (남원리),www.cocomongjeju.com,,유원지 및 테마파크 운영업,2012-11-26,12월
주식회사 제주월드타워,JEJU WORLD TOWER CO.,제주월드타워, ,김장호,기타법인,220111-0031299,616-81-31743,제주특별자치도 제주시 연동 276-6 대경빌딩 8층, ,,유원지 및 테마파크 운영업,2000-10-31,12월
제주유리의성,JEJU GLASSCASTLE,제주유리의성, ,강신보,기타법인,220111-0058561,616-81-58586,제주특별자치도 제주시 한경면 저지리 3135-1,www.jejuglasscastle.com,,박물관 운영업,2006-11-07,12월
(주)제주테마조각공원,Jeju Sculpture Theme Park,제주테마조각공원, ,최은주,기타법인,110111-2794471,220-86-65294,제주특별자치도 제주시 연동 680-26 제주러브랜드,www.jejuloveland.com,,박물관 운영업,2004-11-22,12월
주식회사 제주패밀리,"WOO KYUNG CO., LTD",제주패밀리, ,주용순,기타법인,220111-0007758,616-81-11126,제주특별자치도 북제주군 애월읍 납융리 483, ,,체력단련시설 운영업,1990-03-03,12월
(주)제주해양과학관,Jeju Ocean Science Museum Corporation,제주해양과학관, ,김정인,기타법인,110111-4143577,104-86-22085,"제주특별자치도 서귀포시 성산읍 섭지코지로 95 (고성리, AquaPlanetJeju)", ,,식물원 및 동물원 운영업,2009-07-22,12월
(주)제주힐C.C,JEJU HILL COUNTRY CLUB,제주힐C.C, ,박원석,기타법인,220111-0080126,616-81-82903,제주특별자치도 제주시 용강동 산5, ,,골프장 운영업,2010-12-28,12월
(주)제피로스,ZEPHYROS GOLF CLUB,제피로스, ,정홍희,기타법인,131111-0194561,129-86-12892,경기도 성남시 분당구 구미동 151 ~200 EZ타워410호, ,,골프장 운영업,2007-09-01,12월
주식회사 제피로스,ZEPHYROS,제피로스, ,정정문,기타법인,220111-0009978,616-81-11499,"제주특별자치도 제주시 조천읍 번영로 1040-70 (와흘리, 제피로스골프클럽)",www.zephyrosgc.co.kr,,골프장 운영업,1991-07-20,12월
주식회사 조아,"Joa Development Engineering Co, Ltd.",조아, ,조우석,기타법인,205211-0019932,408-81-57555,"전라남도 화순군 도곡면 고인돌2로 450 (대곡리, 조아밸리)",www.joavalleycc.co.kr,,골프장 운영업,2003-04-15,12월
조아조아(주),ZOAZOA,조아조아, ,조선희,기타법인,110111-2809121,211-87-35167,"서울특별시 강남구 학동로50길 36 (논현동, ZOAZOA빌딩) 401호", ,,창작 및 예술관련 서비스업,2003-06-26,12월
조원관광진흥(주),"jo won tourist promotion co., ltd.",조원관광진흥, ,정원석,기타법인,134511-0000139,135-81-05111,"경기도 용인시 기흥구 민속촌로 90 (보라동, 한국민속촌)",www.korean folk.co.kr,,유원지 및 테마파크 운영업,1974-10-03,12월
주식회사 조은골프,JOEUNGOLF,조은골프, ,임찬규,기타법인,180111-1525592,368-81-03111,부산광역시 사상구 사상로 85 (감전동), ,,골프연습장 운영업,2023-09-19,12월
주식회사 조이,JOY,조이, ,박진상,기타법인,210111-0115173,273-86-00427,전라북도 완주군 구이면 신전길 75-96 (항가리),amazon92.com,,유원지 및 테마파크 운영업,2016-05-02,12월
주식회사 조이스포츠,"JOY Sports Co.,Ltd.",조이스포츠, ,이영진,기타법인,206211-0043021,417-81-41533,전라남도 여수시 여천체육공원길 53-64 (시전동) 조이스포츠센타, ,,골프연습장 운영업,2011-01-28,12월
주식회사 조창,"JO CHANG CO., LTD.",조창, ,안인섭,기타법인,180111-0168814,617-81-17370,부산광역시 남구 대연4동 967-6, ,,그 외 기타 스포츠시설 운영업,1994-11-23,12월
좋은콘서트주식회사,goodconcert,좋은콘서트, ,최성욱,기타법인,110111-1985013,220-81-89097,서울특별시 마포구 상암동 1606 CJ E&M센터 7층,www.goodconcert.com,,공연 기획업,2000-05-31,12월
주)두성디엔에스,doosungsporex,주)두성디엔에스, ,채제두,기타법인,110111-4510130,114-86-85700,"경기도 수원시 영통구 청명로 28 (영통동, 보보스스포렉스) 2층",www.doosungsporex.co.kr,,골프연습장 운영업,2020-01-07,12월
주)삼이,sanee,주)삼이, ,김형태,기타법인,214911-0050907,585-87-00536,"전라북도 익산시 고봉로 313 (영등동, 익산아이스링크)",kht0302@hanmail.net,,스포츠 및 오락관련 서비스업,2017-04-13,12월
주)트럼프스포츠,Trump sports,주)트럼프스포츠, ,이민규,기타법인,170111-0676869,306-86-01013,"대구광역시 수성구 동대구로 59 (두산동, 대우트럼프월드수성아파트) c   b1", ,,종합 스포츠시설 운영업,2018-03-29,12월
죽향산업 주식회사,"jukhyang Industrial.Co.,Ltd.",죽향산업, ,한정수,기타법인,204311-0036331,749-88-01233,전라남도 담양군 창평면 창평로 159 (광덕리)죽향컨트리클럽,https://www.jhcc.co.kr,,골프연습장 운영업,2019-01-15,12월
(주)줄리어스,"JULIUS Co., Ltd",줄리어스, ,"정영석, 정지원",기타법인,110111-7485124,266-86-01689,"서울특별시 서초구 강남대로 455 909호(서초동, 강남태영데시앙루브)",06083,,공연 기획업,2020-05-13,12월
중부종합개발(주),"JUNG BU CO., LTD",중부종합개발, ,한관희,기타법인,150111-0073366,301-81-69105,충청북도 청주시 흥덕구 사창동 222-16, ,,골프장 운영업,2003-04-28,12월
중앙관광개발(주),The Emerson Golf Club,중앙관광개발, ,이만규,기타법인,154311-0000634,301-81-07467,"충청북도 진천군 백곡면 배티로 818-105 (성대리, 중앙골프장)", ,,골프장 운영업,1989-03-03,12월
주식회사 중앙스포츠,"JOONG ANG SPORTS CO., LTD",중앙스포츠, ,강현화,기타법인,134211-0048854,126-81-60333,경기도 광주시 오포읍능평리 366-4,-,,골프장 운영업,2002-01-29,12월
중원골프클럽유한회사,JOONGWONGOLFCLUB,중원골프클럽, ,김영민,기타법인,110114-0069458,303-81-49221,"충청북도 충주시 산척면 인등로 392 (영덕리, 중원G.C)",www.joongwongolf.co.kr,,골프장 운영업,2007-07-31,12월
(주)쥬라리움,"ZOORARIUM Co., Ltd.",쥬라리움, ,소순희,기타법인,134811-0452003,283-86-01118,경기도 고양시 덕양구 원당로458번길 7-42 (관산동), ,,식물원 및 동물원 운영업,2018-05-14,12월
(주)쥬쥬랜드,zoozooland,쥬쥬랜드, ,소순희,기타법인,285011-0444054,722-87-01696,경기도 고양시 덕양구 원당로458번길 7-42 (관산동), ,,식물원 및 동물원 운영업,2020-06-17,12월
(주)지사컨트리클럽,GISA CONTURY CLUB CO.KR,지사컨트리클럽, ,전영옥,기타법인,180111-0485094,606-81-86601,부산광역시 강서구 지사동 산 9-3번지, ,,골프장 운영업,2005-05-04,12월
지산개발(주),JISAN DEVELOPMENT CO.,지산개발, ,홍호정,기타법인,134411-0002235,126-81-06659,경기도 용인군 원삼면 맹리 산28-7 지산컨트리클럽, ,,골프장 운영업,1988-08-03,12월
지산리조트(주),JISAN RESORT CO.LTD,지산리조트, ,홍완표,기타법인,134411-0004844,126-81-10959,"경기도 이천시 마장면 지산로 197-10 (해월리, 지산콘도)",jisanresort.co.kr,,스키장 운영업,1992-03-02,03월
주식회사 지씨감포,"GC GAMPO CO.,LTD",지씨감포, ,서상현,기타법인,171211-0077551,505-81-78036,"경상북도 경주시 감포읍 동해안로 1819-59 (나정리, 제이스컨트리클럽시사이드(사무실))",www.golfzoncounty.com/gampo/main?t=11,,골프장 운영업,2014-01-01,12월
주식회사 지씨경남,GC GYEONGNAM Co.Ltd,지씨경남, ,서상현,기타법인,194311-0009563,608-81-43307,경상남도 함안군 칠원읍 운무로 470 골프존카운티 경남, ,,골프장 운영업,2001-07-06,12월
주식회사 지씨구미,"GC GUMI CO.,LTD",지씨구미, ,서상현,기타법인,176011-0087244,513-81-81037,경상북도 구미시 산동면 강동로 953-74 (신당리), ,,골프장 운영업,2014-01-01,12월
주식회사 지씨사천,"GCSACHEON  CO.,LTD",지씨사천, ,서상현,기타법인,134511-0147725,142-81-24718,"경상남도 사천시 서포면 구송로 151 (다평리, 사천골프장)",www.golfzoncounty.com/gcounty/info/main?cc_code=37,,골프장 운영업,2009-12-21,12월
주식회사 지씨선산,"GC SUNSAN CO.,LTD",지씨선산, ,서상현,기타법인,175311-0003120,513-81-02968,경상북도 구미시 산동면 강동로 953-73 (신당리), ,,골프장 운영업,1987-09-12,12월
주식회사 지씨순천,lakehillssuncheon,지씨순천, ,서상현,기타법인,201311-0026020,416-81-42198,"전라남도 순천시 주암면 행정1길 77 (행정리, 레이크힐스골프장)", ,,골프장 운영업,2003-08-14,12월
주식회사 지씨에이치피,GC hp Corporation,지씨에이치피, ,서상현,기타법인,134111-0470306,875-88-00663,경기도 안성시 보개면 보삼로 106 (동평리), ,,골프장 운영업,2017-06-09,12월
(주)지씨진천,"GCjincheon co,. ltd",지씨진천, ,서상현,기타법인,134811-0098352,124-86-24210,"충청북도 진천군 진천읍 송강로 783-51 (지암리, 아트밸리C.C)",www.golfzoncounty.com,,골프장 운영업,2004-09-06,12월
주식회사 지씨천안,GC Cheonan Corporation,지씨천안, ,서상현,기타법인,160111-0622856,731-81-02552,충청남도 천안시 동남구 병천면 매성2길 103 주식회사 지씨천안, ,,골프장 운영업,2022-03-11,12월
주식회사 지씨화랑,"GCHWARANG CO,. LTD.",지씨화랑, ,서상현,기타법인,154311-0056926,145-81-02203,충청북도 진천군 문백면 농다리로 809 (평산리) 골프존카운티 화랑, ,,골프장 운영업,2021-11-08,12월
(주)지앤엘,"GOLDEN & LUXURY Co., Ltd",지앤엘,014590,이성열,기타법인,110111-0353659,207-81-41902,제주특별자치도 제주시 삼무로 67 (연동) 썬호텔제주,www.jejusunresort.com,,기타 사행시설 관리 및 운영업,1979-11-05,12월
(주)지앤지,"GNG GOLF CLUB CO.,LTD.",지앤지, ,양외석,기타법인,115611-0041994,215-86-56508,경기도 파주시 교하읍 다율리 116-7, ,,골프연습장 운영업,2003-05-09,12월
재단법인 지에스문화재단,GS Cultural Foundation,지에스문화재단, ,박선희,기타법인,110122-0140847,416-82-22262,"서울특별시 강남구 논현로 508 (역삼동, GS강남타워) 5층",www.gsartscenter.com,,그 외 기타 창작 및 예술관련 서비스업,2024-08-21,12월
주식회사 지에스 스포츠,GS SPORTS.LTD,지에스스포츠, ,여은주,기타법인,110111-3024330,105-86-66994,서울특별시 마포구 월드컵로 240 (성산동 월드컵경기장내),www.fcseoul.com,,스포츠 클럽 운영업,2004-06-01,12월
재단법인 지에스칼텍스재단,GSCALTEX FOUNDATION,지에스칼텍스재단, ,허진수,기타법인,114622-0035250,220-82-07054,"서울특별시 강남구 논현로 508 (역삼동, GS강남타워) 36층",www.gscf.or.kr,,공연시설 운영업,2006-06-29,12월
주식회사 지에이코리아,GA KOREA CORPORATION.,지에이코리아, ,이용성,기타법인,134511-0071817,135-81-63483,"경기도 용인시 기흥구 기흥단지로 224 (고매동, 코리아퍼블릭코스)", ,www.gakorea.com,골프장 운영업,2003-06-19,12월
주식회사 지오그룹,GO group,지오그룹, ,최선우,기타법인,200111-0468772,777-88-00428,"광주광역시 북구 서암대로 315 (우산동, 지오빌딩)",www.gogroup.co.kr,,유원지 및 테마파크 운영업,2016-08-18,12월
(주)진미선서아,inc jin mi sun seoah,진미선서아, ,양동수,기타법인,134811-0284745,135-86-37976,"경기도 용인시 기흥구 삼성2로 168 (농서동, 진미선골프클럽)", ,,골프연습장 운영업,2013-11-14,12월
(주)진미선에프엔디,chinmisunfandd,진미선에프엔디, ,서영철,기타법인,134511-0134459,142-81-20065,경기도 오산시 오산동 268, ,,기타 스포츠시설 운영업,2009-01-15,12월
진양개발 주식회사,"Chinyang Development Co.,Ltd",진양개발, ,이종현,기타법인,184511-0027208,621-81-45690,충청북도 음성군 삼성면 금일로 1195, ,,골프장 운영업,2001-09-25,12월
주식회사 진영,JINYOUNG,진영, ,정창호,기타법인,161411-0002621,310-81-20896,충청남도 서산시 예천동 555, ,,체력단련시설 운영업,1994-03-09,12월
진주개발주식회사,"Chinju Development Co., Ltd.",진주개발, ,김영재,기타법인,191111-0023049,613-81-25484,"경상남도 진주시 진성면 진성로464번길 82 (구천리, 진주컨트리클럽골프)", ,,골프장 운영업,2001-07-13,03월
주식회사 진홍개발,JUKHAYNG ,진홍개발, ,김승원,기타법인,204311-0018537,409-81-97695,"전라남도 담양군 창평면 창평로 159 (광덕리, 주식회사진홍개발)",www.jhcc.co.kr/,,골프연습장 운영업,2007-08-03,12월
주식회사 차산골프장지주회사,"CHASAN.CO.,LTD",차산골프장지주회사, ,김창희,기타법인,284111-0058036,132-81-62530,경기도 남양주시 와부읍덕소리 208-3, ,,골프장 운영업,2005-09-22,12월
창원개발주식회사,CHANG WON COUNTRA CLUB,창원개발, ,박재복,기타법인,194211-0000745,609-81-03972,경상남도 창원시 봉림동 산 50 번지,해당사항없음,,골프장 운영업,1982-01-19,12월
주식회사창원컨트리클럽,changwon country club corporation,창원컨트리클럽, ,신진기,기타법인,194211-0050451,609-81-51834,경상남도 창원시 의창구 대봉로 137,changwoncountryclub.co.kr,,골프장 운영업,2001-10-08,12월
주식회사 천기개발,없음,천기개발, ,송길용,기타법인,131211-0001326,126-81-24899,경기도 여주군 점동면 현수리 280,없음,,골프장 운영업,1989-02-14,12월
천룡종합개발(주),CHUNRYONG COUNTRY CLUB,천룡종합개발, ,윤진동,기타법인,110111-0226773,102-81-25209,충청북도 진천군 이월면 신계리 산 77,www.chunryongcc.co.kr,,골프장 운영업,1978-03-04,12월
주식회사 천명개발, ,천명개발, ,황하균,기타법인,170111-0171653,503-81-45413,대구광역시 달서구 이곡동 1198-3, ,,체력단련시설 운영업,2000-04-17,12월
(주)천안스포렉스,CHEONAN SPOREX  INC.,천안스포렉스, ,박갑서,기타법인,161511-0048285,312-81-58914,충청남도 천안시 유량동 271-8, ,,골프장 운영업,2002-06-26,12월
천원종합개발,Chunwon construction co.,천원종합개발, ,"신명호, 이성욱",기타법인,134611-0023006,125-81-48355,경기도 안성시 양성면 안성맞춤대로 2134-36 (노곡리) 123,www.maestrocc.co.kr,,골프장 운영업,2003-07-07,12월
(주)천일산업개발,Chunil Development Company,천일산업개발, ,"조제선, 김용빈",기타법인,134111-0426739,848-86-00255,"경기도 군포시 공단로 215 (금정동, 그린파워골프장)", ,,골프연습장 운영업,2015-12-22,12월
청남관광주식회사,cheongnam country club,청남관광, ,김일중,기타법인,110111-0395718,126-81-07852,경기도 광주시 곤지암읍 건업길 195 청남관광(주),없음,,골프장 운영업,1985-04-26,12월
주식회사 청라스매시파크,"CheongnaSmasyPark Co., LTD.",청라스매시파크, ,"정민오, 이용희",기타법인,120111-0863664,424-86-00651,"인천광역시 서구 청라루비로 76 401호 (청라동, 청라스퀘어7)", ,,그 외 기타 스포츠시설 운영업,2017-02-20,12월
주식회사 청라스포츠,cheongra sports,청라스포츠, ,박현성,기타법인,120111-1125774,536-81-02108,"인천광역시 서구 청라에메랄드로 99 (청라동, 지젤엠청라) 401호", ,,종합 스포츠시설 운영업,2021-06-01,12월
(주)청솔,chung sol co ltd,청솔, ,박헌재,기타법인,284911-0054799,141-81-03821,경기도 파주시 문산읍 문산리 128-17, ,,골프장 운영업,2005-08-31,12월
청솔개발주식회사,cheong Sol Development Company,청솔개발, ,황선문,기타법인,284511-0007449,132-81-65032,"경기도 가평군 상면 대보간선로 602-111 (항사리, 크리스탈밸리CC(클럽하우스))", ,,골프장 운영업,2006-03-21,12월
청신레저주식회사,"Cheonshin Leisure.Co.,Ltd.",청신레저, ,김무정,기타법인,160111-0593750,417-87-02304,대전광역시 유성구 테크노중앙로 210 (용산동),www.hanmircc.com,,골프장 운영업,2021-06-08,12월
(주)청암영상테마파크,chungam cinematic theme park,청암영상테마파크, ,장석환,기타법인,220111-0054254,616-81-54353,제주특별자치도 북제주군 구좌읍 김녕리 산 157-4, ,,박물관 운영업,2005-12-13,12월
주식회사 청원,"Cheong Won Co., Ltd.",청원, ,성주엽,기타법인,220111-0034123,616-81-36165,"제주특별자치도 제주시 한경면 녹차분재로 675 (저지리, 생각하는정원)",www.spiritedgarden.com,,식물원 및 동물원 운영업,2001-09-01,12월
청주개발주식회사,CHONG JU DEVELOPMENT.CO,청주개발, ,임재풍,기타법인,150111-0003222,301-81-04418,충청북도 청주시 청원구 오창읍 꽃화산길 14 그랜드컨트리클럽,www.grandglof.co.kr,,골프장 운영업,1984-09-05,12월
(주)청풍개발,"Chungpung Development Co., Ltd.",청풍개발, ,김규원,기타법인,151211-0017402,304-81-18570,충청북도 제천시 내토로7길 136,www.hildesheimcc.kr/,,골프장 운영업,2006-12-07,12월
주식회사 청학,changhuk.ltd,청학, ,김유영,기타법인,135811-0248930,124-87-47393,경기도 수원시 권선구 효원로266번길 24 (권선동), ,,골프장 운영업,2014-03-01,12월
주식회사 청해,"Cheonghae Co., Ltd.",청해, ,박성철,기타법인,210111-0110389,418-81-30140,"제주특별자치도 서귀포시 중문관광로72번길 35 (색달동, 호텔롯데제주) (주)청해", ,,기타 사행시설 관리 및 운영업,2014-07-23,12월
(주)청호레저,-,청호레저, ,장기대,기타법인,150111-0075031,301-81-70640,충청북도 청원군 오창면 성산리 11,-,,골프장 운영업,2004-12-30,12월
체리파크리조트,CHERRY PARK RESORT,체리파크리조트, ,김영희,기타법인,110111-3550947,220-87-37553,충청북도 충주시 금릉동 720 부용빌딩 3층, ,,골프장 운영업,2006-10-27,12월
주식회사 초록뱀엔터테인먼트,"Chorokbaem Entertainment Co., Ltd.",초록뱀엔터테인먼트, ,"김동준, 윤동현",기타법인,110111-2559239,101-81-84336,서울특별시 강남구 도산대로 414 7층(청담동), ,,그 외 기타 창작 및 예술관련 서비스업,2002-07-11,12월
주식회사 초이스골프,CHOICEGOLF,초이스골프, ,박춘서,기타법인,170111-0865678,105-88-17901,대구광역시 서구 북비산로 193-14 (평리동), ,,골프연습장 운영업,2022-05-31,12월
㈜춘천골프아카데미		,CHUNCHEON GOLF ACADEMY CO.,춘천골프아카데미, ,"이상영, 홍순주",기타법인,140111-0021804,221-81-21289,강원도 춘천시 조양동 37-17 씨티은행 5층, ,,골프장 운영업,2002-05-13,12월
주식회사 충일개발,"CHUNG IL Co., Ltd.",충일개발, ,이덕인,기타법인,116511-0030550,132-81-34392,경기도 구리시 인창동 산 2-150, ,,그 외 기타 스포츠시설 운영업,2000-04-21,12월
칠곡다이너스티컨트리클럽(주),"Chilgok Dynasty CC CO., Ltd.",칠곡다이너스티컨트리클럽, ,이상식,기타법인,201111-0220544,408-81-68751,경상북도 칠곡군 가산면 학하리 1206-1,없슴,,골프장 운영업,2006-01-13,12월
카맨파크(주),skyline choi,카맨파크, ,최상기,기타법인,110111-1786411,105-86-03820,서울특별시 마포구 서교동 466-5 카맨빌딩,www.cm-park.com,,그 외 기타 분류 안된 오락관련 서비스업,1999-10-09,12월
카밀농산개발(주),taeanbeach country club,카밀농산개발, ,김형수,기타법인,165111-0006039,316-81-07585,"충청남도 태안군 근흥면 갈음이길 77 (정죽리, 카밀리아하우스)", ,,골프장 운영업,2005-12-09,12월
카이스아트(주),cais art co,카이스아트, ,유명분,기타법인,110111-1904253,211-86-93044,서울특별시 강남구 청담동97-16 카이스갤러리, ,,기타 창작 및 예술관련 서비스업,2000-03-15,12월
카펠라골프앤피트니스 주식회사,CAPELLA,카펠라골프앤피트니스, ,김광수,기타법인,284611-0026611,778-81-01848,강원도 춘천시 지석로 88 (퇴계동) 8층 801호, ,,종합 스포츠시설 운영업,2020-06-19,12월
칸컴스 주식회사,khancomes,칸컴스, ,류석구,기타법인,110111-5828780,618-81-25795,"서울특별시 구로구 디지털로32가길 25 ,202호(구로동, 티타운빌딩)", ,,공연 기획업,2015-09-11,12월
(주)캐슬렉스서울,"CASTLEX SEOUL CO.,LTD",캐슬렉스서울, ,이성무,기타법인,110111-0627426,119-81-05481,경기도 하남시 감이로 317 (감이동),www.castlexgc.com,,골프장 운영업,1989-05-09,12월
(주)캐슬렉스제주,castlexjeju golf club,캐슬렉스제주, ,이성무,기타법인,220111-0006247,616-81-04775,제주특별자치도 서귀포시 안덕면 평화로 1241 (광평리), ,,골프장 운영업,1988-12-28,12월
캐슬파인리조트 (주),CASTLE PINE RESORTS.CO.LTD,캐슬파인리조트, ,정귀수,기타법인,131211-0011151,126-81-44968,경기도 여주시 강천면 부평로 580 (부평리),www.castlepine.co.kr,,골프장 운영업,2000-04-26,12월
캥거루리퍼블릭,kangaroo republic,캥거루리퍼블릭, ,이동훤,기타법인,110111-5266609,106-87-02888,"서울특별시 서초구 신반포로 332 301호(반포동, 우진빌딩)",www.littlesocium.com,,유원지 및 테마파크 운영업,2013-11-12,12월
(주)컬트엔터테인먼트,cult entertainment,컬트엔터테인먼트, ,정찬우,기타법인,110111-1604291,208-81-26428,서울특별시 마포구 서교동 380-6 원오빌딩 2층,limolisa@cult2.com,,공연 기획업,1998-11-09,12월
컴퍼니에스에스(주),Company SS ,컴퍼니에스에스, ,김준,기타법인,110111-4757584,105-87-65750,"서울특별시 마포구 어울마당로 65 (서교동, 상상마당빌딩)",https://www.sangsangmadang.com,,그 외 기타 창작 및 예술관련 서비스업,2011-12-23,12월
주식회사 케이디헬스케어,kdhealthcare,케이디헬스케어, ,이규정,기타법인,131111-0294626,129-86-66817,"서울특별시 송파구 충민로 10 5층 E13호 (문정동, 가든파이브툴)",www.spoany.com,,체력단련시설 운영업,2011-10-18,12월
주식회사 케이비오피,"KBOP Co.,Ltd",케이비오피, ,유대환,기타법인,110111-2554007,220-86-41462,"서울특별시 강남구 강남대로 278 (도곡동, KBO)", ,,그 외 기타 스포츠 서비스업,2002-07-02,12월
케이알레저 주식회사,KR Leisure,케이알레저, ,정하석,기타법인,160111-0528707,474-81-01489,대전광역시 서구 월평중로 25 (월평동) 303, ,,골프장 운영업,2019-10-08,12월
케이알스포츠 주식회사,krsports,케이알스포츠, ,정하석,기타법인,170111-0294231,503-81-69389,경상북도 군위군 군위읍 도군로 2450 (외량리) 케이알스포츠 주식회사,www.gunicc.co.kr,,골프장 운영업,2005-09-01,12월
(주)케이앤제이관광산업,"K&J Tour Co., Ltd.",케이앤제이관광산업, ,"정규수, 고병민",기타법인,210111-0055361,402-81-69067,전라북도 전주시 덕진구 호성동1가 836-3 남촌빌딩 비동 302호, ,,골프장 운영업,2005-11-10,12월
케이앤케이 주식회사,K&K ,케이앤케이, ,김태형,기타법인,110111-1026586,208-81-18495,경기도 광주시 오포읍 문형산길 56 (신현리) 케이앤케이(주), ,,골프연습장 운영업,1995-01-01,12월
주식회사 케이에스지스포텍,"KSGSPORTTECH CO.,LTD.",케이에스지스포텍, ,김종현,기타법인,180111-1396076,217-86-02255,부산광역시 해운대구 좌동순환로8번길 90 (중동), ,,골프연습장 운영업,2021-10-08,12월
케이엔티디(주),KNTT,케이엔티디, ,김태연,기타법인,110111-1261843,220-86-65066,서울특별시 강남구 역삼1동 736∼745, ,,골프장 운영업,2005-04-01,12월
주식회사 케이엘리더스,KL LEADERS,케이엘리더스, ,석은경,기타법인,191311-0010290,615-81-38059,"경상남도 밀양시 활성로 455 (활성동, 리더스컨트리클럽)",www.leaderscc.co.kr,,골프장 운영업,2004-05-25,12월
(주)케이엠아이티,KMIT,케이엠아이티, ,강득수,기타법인,110111-1905227,220-81-80586,서울특별시 강남구 삼성동 150-30 예성빌딩 702호, ,,그 외 기타 스포츠시설 운영업,2000-04-01,12월
(주)케이와이필통존,KY Piltong Zone Ltd.,케이와이필통존, ,김경율,기타법인,110111-2215998,211-86-77404,서울특별시 서초구 서초동 1308-10 서초월드상가 6층, ,,노래연습장 운영업,2001-04-13,12월
주식회사케이원스포츠,KOREA NUMBER ONE SPORTS,케이원스포츠, ,강정구,기타법인,200111-0102148,409-81-48743,전라남도 화순군 동면 언도리 산 6-1,-,,골프장 운영업,1999-08-01,12월
주식회사 케이제이에이엠,"RADO CO., LTD.",케이제이에이엠, ,이유라,기타법인,210111-0044835,402-81-61196,"전북특별자치도 전주시 완산구 팔달로 157-3 (경원동1가, 한지문화센터)", ,,골프장 운영업,2004-09-01,12월
케이지써닝라이프 주식회사,SLK,케이지써닝라이프, ,임노원,기타법인,134511-0637031,258-87-02947,경기도 용인시 처인구 백암면 고안로 51 205, ,,골프장 및 스키장 운영업,2023-06-07,12월
주식회사 케이큐엔터테인먼트,"KQ Entertainment Co., Ltd.",케이큐엔터테인먼트, ,김규욱,기타법인,110111-5190832,105-87-90055,"서울특별시 마포구 동교로25길 28 (동교동) 제이스튜디오빌딩 지하1층,2층,3층,4층",kqent.com/,,공연 기획업,2013-07-24,12월
주식회사 케이티스포츠,kt sports,케이티스포츠, ,이호식,기타법인,131111-0338870,144-81-11688,"경기도 수원시 장안구 경수대로 893 (조원동, 수원종합운동장(주경기장))",kt-sports.co.kr,,스포츠 클럽 운영업,2013-04-01,12월
주식회사 케이퍼필름,CAPERFILM,케이퍼필름, ,안수현,기타법인,110111-3686271,211-87-97799,"서울특별시 종로구 이화장길 46 (이화동,디에스알빌딩 4층)", ,,"창작, 예술 및 여가관련 서비스업",2007-05-30,12월
(주)케이피씨,"Korea polo country club co., ltd.",케이피씨, ,고영만,기타법인,110111-3197187,105-86-77905,"제주특별자치도 제주시 구좌읍 월행남길 322-30 (행원리, 제주폴로승마리조트)", ,,기타 스포츠시설 운영업,2005-03-29,12월
케이피지엠 주식회사,KPGM,케이피지엠, ,김승학,기타법인,214911-0016090,403-81-26469,전라북도 익산시 웅포면 강변로 130, ,,골프장 운영업,2001-07-19,12월
(주)코로코,coloco,코로코, ,"임재득, 임영묵",기타법인,134211-0139653,126-86-64275,경기도 광주시 장지1길 90 (역동) 2층, ,,골프연습장 운영업,2013-05-01,12월
주식회사 코리아골프프라자,-,코리아골프프라자, ,김희우,기타법인,180111-0989442,658-87-00187,"부산광역시 사하구 장림번영로103번길 39 (장림동, 코리아골프프라자)",-,,골프연습장 운영업,2015-08-25,12월
주식회사 코리아모빌리티그룹,"Korea MotorSports Group Co., Ltd.",코리아모빌리티그룹, ,성정민,기타법인,135711-0159337,275-87-01661,경기도 하남시 산곡동로14번길 10 (하산곡동), ,,그 외 기타 스포츠 서비스업,2020-07-15,12월
코리아오토밸리오퍼레이션(주),korea auto vally operation,코리아오토밸리오퍼레이션, ,김영창,기타법인,201111-0024937,411-81-45467,전라남도 영암군 삼호읍 삼포리, ,,경주장 및 동물 경기장 운영업,2006-09-13,12월
(주)코리핸랜드,"Korihanland Co.,Ltd",코리핸랜드, ,이수혁,기타법인,110111-3468596,117-81-58508,경기도 포천시 가산면 우금리 88-5,www.gasannoblige.com,,스포츠 및 오락관련 서비스업,2006-06-01,12월
(주)코바이엔이,KORVAE&E,코바이엔이, ,송미자,기타법인,110111-5099860,108-86-05642,대전광역시 대덕구 신탄진로115번길 70 (신대동), ,,골프연습장 운영업,2013-12-31,12월
코오롱개발(주),"KOLON DEVELOPMENT CO.,LTD",코오롱개발, ,김종근,기타법인,144611-0000705,505-81-08995,경상북도 경주시 양남면신대리 산140-1,www.mauna.co.kr,,골프장 운영업,1988-04-08,12월
(주)코오롱스포렉스,"KOLON SPOREX CO.,LTD.",코오롱스포렉스, ,김종근,기타법인,134811-0000191,214-81-51086,서울특별시 서초구 서초2동 1324-2,KOLONSPOREX.COM,,종합 스포츠시설 운영업,1972-12-21,12월
주식회사 코펌,KOFUM,코펌, ,심종현,기타법인,110111-4005412,209-81-47620,서울특별시 성북구 선잠로2길 55 1층, ,,박물관 운영업,2008-11-26,12월
주식회사 크라운컨트리클럽,"CROWN COUNTRY CLUB CO., LTD.",크라운컨트리클럽, ,신흥철,기타법인,220111-0007980,616-81-06109,제주특별자치도 북제주군 조천읍 북촌리 산65번지, ,,골프장 운영업,1990-04-19,12월
주식회사 크리에이션뮤직라이츠,"Kreation Music Rights Co.,Ltd",크리에이션뮤직라이츠, ,허영아,기타법인,110111-7683760,418-88-01867,"서울특별시 성동구 뚝섬로1길 56 지하1층,지상2,3,4층(성수동1가)",kreation.co.kr,,그 외 기타 오락관련 서비스업,2020-11-13,12월
주식회사 클럽보드,"CLUB BOARD Co., Ltd.",클럽보드, ,서철,기타법인,115511-0001792,132-81-11123,경기도 가평군 가평읍 금대리 510, ,,그 외 기타 스포츠시설 운영업,1995-11-19,12월
주식회사 클럽제패,Club Jefe,클럽제패, ,하장수,기타법인,110111-0711211,114-81-59089,서울특별시 서초구 반포동 1333 한강반포지구내 유선장, ,,수상오락 서비스업,1990-07-13,12월
클립서비스(주),clipservice Inc.,클립서비스, ,설도권,기타법인,110111-1908693,211-86-93404,"서울특별시 강남구 도산대로 149 (신사동, 진우빌딩 7층)",www.clipservice.co.kr,,그 외 기타 창작 및 예술관련 서비스업,2000-03-16,12월
주식회사 키덱,KIDEC(Korea Investment & Development Efficiency Consulting),키덱, ,이승환,기타법인,110111-2770984,201-81-81769,부산광역시 연제구 거제동 1208, ,,종합 스포츠시설 운영업,2003-04-30,12월
주식회사 키즈엔터테인먼트문화산업전문회사,Kids entertainment,키즈엔터테인먼트문화산업전문회사, ,최진욱,기타법인,110111-5096098,211-88-92582,"서울특별시 강남구 도산대로 207 (신사동, 성도빌딩207)",-,,유원지 및 테마파크 운영업,2013-03-25,12월
킹스데일 주식회사,"Kings Dale Co.,Ltd.",킹스데일, ,김종해,기타법인,151111-0036553,303-81-57100,충청북도 충주시 주덕읍 기업도시 3로2,kingsdale.co.kr,,골프장 운영업,2010-01-11,12월
주식회사 타미우스골프앤빌리지,TAMEUS GOLF & VILLAGE,타미우스골프앤빌리지, ,신진성,기타법인,220111-0034834,616-81-35720,제주특별자치도 제주시 애월읍 화전길 201 주식회사 타미우스골프앤빌리지, ,,골프장 운영업,2001-07-13,12월
(주)타이거 레저,"Tiger Project Financing Investment Co., Ltd.",타이거레저, ,임계자,기타법인,110111-4793786,209-81-55310,경기도 파주시 법원읍 술이홀로 1803 (웅담리), ,,골프장 운영업,2012-02-10,12월
타이거풀스인터내셔널(주),TIGER POOLS INTERNATIONAL,타이거풀스인터내셔널, ,맹응열,기타법인,110111-1536650,114-81-83804,서울특별시 강남구 역삼동 825 미진빌딩 3층, ,,그 외 기타 스포츠 서비스업,1998-04-17,12월
주식회사 타이토코리아,TAITO KOREA CO.,타이토코리아, ,에가시라 겐스케,기타법인,110111-3010834,104-81-87370,서울특별시 중구 소공동 91-1 센터빌딩 16층,www.taito-korea.co.kr,,전자 게임장 운영업,2004-05-12,03월
주식회사 타이틀롤,Title role inc,타이틀롤, ,옥주현,기타법인,284111-0372030,336-88-02429,경기도 남양주시 식송1로 166 (별내동) 411호, ,,공연 기획업,2022-03-23,12월
(주)타조이엔터테인먼트,"TAJOY entertainment co., LTD",타조이엔터테인먼트,476710,이성호,코넥스시장,110111-4663301,107-87-56524,서울특별시 마포구 토정로 255 수성빌딩 3층(용강동),tajoyent.com/,,창작 및 예술관련 서비스업,2011-08-05,12월
(주)태안리조트,"Taean Resort.co.,ltd",태안리조트, ,안상국,기타법인,110111-2624082,120-86-43160,충청남도 태안군 태안읍 남문리 679-12, ,,골프장 운영업,2002-10-07,12월
(주)태영레저상주,TaeYoung Leisure Sangju Co. Ltd. ,태영레저상주, ,정필묵,기타법인,134511-0045523,135-81-42493,경상북도 상주시 모서면 삼포리 462-8,www.blueonesangju.com,,골프장 운영업,2000-12-19,12월
주식회사 태왕아너스,"TAEWANG HONORS CO.,LTD",태왕아너스, ,정석봉,기타법인,174911-0006280,515-81-29376,경상북도 청도군 이서면 서녁길 91 (각계리),-,,골프장 운영업,2005-11-16,12월
태우관광개발주식회사,Tai Woo Tour Development Co.,태우관광개발, ,이태석,기타법인,134211-0003373,126-81-07338,경기도 광주군 실촌면 오향리 156-1, ,,골프장 운영업,1989-06-26,12월
(주)테디베어뮤지엄,TEDDY BEAR MUSEUM INC.,테디베어뮤지엄, ,"김정수, 김준",기타법인,224111-0050050,495-87-01760,"제주특별자치도 서귀포시 중문관광로110번길 31 (색달동, 테디베어박물관)",teddybearmuseum.com,,박물관 운영업,2019-11-29,12월
(주)테마,"THEME CO.,LTD",테마, ,이필근,기타법인,134811-0571952,353-86-02003,"서울특별시 강동구 천호대로 1124 5층 513호(성내동,홍익빌딩)",t-sports.kr,,그 외 기타 스포츠시설 운영업,2020-07-23,12월
(주)테마파크ZOOZOO,THEMEPARKZOOZOO Inc.,테마파크ZOOZOO, ,최실경,기타법인,285011-0252754,128-86-92267,경기도 고양시 덕양구 원당로458번길 7-42 (관산동),www.themezoozoo.or.kr/,,박물관 운영업,2013-11-04,12월
테크로또주식회사,"TechLotto.,Ltd.",테크로또, ,민병초,기타법인,110111-2673831,107-86-28128,서울특별시 영등포구 여의도동 15-15 일신빌딩 4층,www.techlotto.co.kr,,그 외 기타 분류 안된 오락관련 서비스업,2003-12-01,12월
주식회사 텐빌리언컴퍼니,"Ten billion Co., Ltd.",텐빌리언컴퍼니, ,설미향,기타법인,174811-0127442,505-86-02905,대구광역시 서구 북비산로 78 (이현동), ,,골프연습장 운영업,2023-11-01,12월
주식회사템플럼,templum,템플럼, ,박광조,기타법인,110111-1643140,213-86-37693,서울특별시 강남구 삼성동 154-16 청림빌딩 2층, ,,체력단련시설 운영업,1999-01-29,12월
(주)토즈스터디센터,"TOZ Study Center Co., Ltd.",토즈스터디센터, ,김윤환,기타법인,110111-4394568,214-88-62791,"서울특별시 마포구 동교로25길 15 2층(동교동, 성도빌딩)",www.tozsc.co.kr,,독서실 운영업,2010-07-15,12월
트라이앵글 마케팅 주식회사,"TRIANGLE MARKETING CO.,LTD.",트라이앵글마케팅, ,신용원,기타법인,110111-3395509,120-86-92977,서울특별시 강남구 삼성동 35-15 나라빌딩 6층, ,,공연 기획업,2006-02-15,12월
(주)트로피엔터테인먼트,TROPHY ENTERTAINMENT,트로피엔터테인먼트, ,최준영,기타법인,110111-4073112,211-88-25157,서울특별시 강남구 논현동 63-13,www.trophyent.com,,그 외 기타 창작 및 예술관련 서비스업,2009-04-19,12월
트릭아이미술관(주),trickeyemuseum,트릭아이미술관, ,권용석,기타법인,110111-1057664,207-81-39425,"서울특별시 마포구 홍익로3길 20 (서교동, 서교오피스텔) 지하2층",www.trickeye.com,,박물관 운영업,1994-08-10,12월
(주)티에스개발,TS DEVELOPMENT,티에스개발, ,조용문,기타법인,110111-0178057,116-81-12076,"서울특별시 영등포구 국회대로70길 7 (여의도동, 동아빌딩)",www.songchoo.co.kr,,골프장 운영업,1995-06-28,12월
주식회사 티엠지개발,TMG Inc.,티엠지개발, ,정대영,기타법인,160111-0365282,314-86-57181,전라북도 김제시 온천길 37 (흥사동),www.spahillscc.co.kr,,골프장 운영업,2014-02-12,12월
주식회사 티오엠,TOM Corporation,티오엠, ,성가은,기타법인,110111-8422969,711-87-02676,"서울특별시 종로구 대학로8가길 85 (동숭동, 대학로문화공간)", ,,공연 기획업,2022-09-15,12월
(주)파디글스,PADIGLS,파디글스, ,류지훈,기타법인,180111-0076364,621-81-00413,"부산광역시 금정구 수림로 26 (부곡동, 파디글스)",-,,골프연습장 운영업,1988-01-01,12월
(주)파라다이스,"PARADISE.Co.,Ltd.",파라다이스,034230,최종환,유가증권시장,110111-0129274,203-81-43553,서울특별시 중구 퇴계로 299,www.paradise.co.kr/ko/main,http://www.paradisegroup.co.kr/kor/invest/corporate.asp,기타 사행시설 관리 및 운영업,1972-04-27,12월
(주)파라다이스골프랜드,PARADISE GOLFLAND,파라다이스골프랜드, ,추혜영,기타법인,110111-3065706,114-86-38774,경기도 성남시 분당구 율동 200-3, ,,그 외 기타 스포츠시설 운영업,2004-08-11,12월
주식회사 파라지오,PALAZZO,파라지오, ,"최정헌, 정영권",기타법인,110111-4393122,214-88-63072,서울특별시 서초구 방배4동 876-45 4층, ,,골프장 운영업,2010-07-15,12월
(주)파스텔골프,Pastel Golf Co.,파스텔골프, ,한윤일,기타법인,281111-0114766,128-86-14238,경기도 포천시 창수면 가양리 421-3, ,,골프장 운영업,2006-08-01,12월
(주)파워펄스,"POWERPULSE Co.,LTD",파워펄스, ,양시헌,기타법인,110111-2729650,215-86-39061,서울특별시 영등포구 여의도동 17-8 동성빌딩2층, ,,그 외 기타 창작 및 예술관련 서비스업,2003-03-04,12월
주식회사 파인비치,pinebeachcc,파인비치, ,이화영,기타법인,201411-0021169,871-87-01469,"전라남도 해남군 화원면 시아로 224 (주광리, 파인비치골프장)", ,,골프장 운영업,2019-07-01,12월
(주)파인스톤리조트,Mujuresort Pinestone Country Club,파인스톤리조트, ,최승현,기타법인,165011-0033109,311-81-36294,충청남도 당진군 송산면 무수리 458-1, ,,골프장 운영업,2010-11-19,12월
주식회사 파인스톤컨트리클럽,PINE STONE CC.,파인스톤컨트리클럽, ,박공덕,기타법인,165011-0019331,311-81-24615,인천광역시 강화군 교동면 읍내리 464-14,pscc.kr,,골프장 운영업,2006-09-13,12월
(주)파인힐스,"PINEHILLS CO., LTD.",파인힐스, ,이화영,기타법인,200111-0012933,408-81-10531,"전라남도 순천시 주암면 송광사길 99 (복다리, 파인힐스골프장,티하우스,클럽하우스)",없음,,골프장 운영업,2003-03-18,12월
(주)파주컨트리클럽,Paju Country Club,파주컨트리클럽, ,이강봉,기타법인,115611-0019355,128-81-47170,경기도 파주시 법원읍 화합로 306 (갈곡리), ,,골프장 운영업,2000-03-20,12월
(주)파크뷰휘트니스클럽,PARKVIEW FITNESS CLUB,파크뷰휘트니스클럽, ,홍순원,기타법인,110111-0905294,104-81-38961,경기도 성남시 분당구 정자동 6 파크뷰상가,www.parkviewfc.com,,그 외 기타 스포츠시설 운영업,1999-12-11,12월
파크카운티 주식회사,"PARKCOUNTY.CO.,LTD.",파크카운티, ,김상진,기타법인,205411-0033227,271-87-01790,전라남도 영암군 삼호읍 에프원로 121-1 (난전리), ,,골프장 운영업,2020-06-12,12월
(주)판타지오,Fantagio Corp.,판타지오,032800,신영진,코스닥시장,160111-0023757,301-81-26727,서울특별시 강남구 삼성로 648 2층,www.fantagio.kr,,창작 및 예술관련 서비스업,1991-01-08,06월
팔경개발주식회사,palgyeong development co.ltd,팔경개발, ,제갈양호,기타법인,195311-0012911,440-81-00279,대구광역시 북구 침산로 168 (침산동), ,,골프장 운영업,2015-10-22,12월
주식회사 팜스산업,"Fams Industrial Co.,Ltd",팜스산업, ,이용춘,기타법인,110111-3296822,110-81-71849,"서울특별시 은평구 불광로 20 (대조동, NC백화점) 지하2층", ,,기타 오락장 운영업,2005-08-31,12월
주식회사 팜트리커머스,"PalmTree Commerce Co., Ltd",팜트리커머스, ,조대한,기타법인,110111-5570092,220-88-91874,"서울특별시 송파구 올림픽로 300 (신천동, 롯데월드타워앤드롯데월드몰) 6108호", ,,공연 예술가,2014-11-27,12월
유한회사 팝뮤직문화산업전문회사,-,팝뮤직문화산업전문회사, ,나종헌,기타법인,110114-0220729,550-81-01051,서울특별시 강남구 도산대로17길 8 203호(신사동),-,,그 외 기타 창작 및 예술관련 서비스업,2018-03-29,12월
패어리랜드,Fairy land,패어리랜드, ,이광수,기타법인,180111-0411099,617-81-40416,부산광역시 수영구 민락동112번지, ,,유원지 및 테마파크 운영업,2002-06-07,08월
(주)퍼블릭개발,"public development co., Ltd.",퍼블릭개발, ,임태수,기타법인,134511-0031837,135-81-29919,"경상북도 경주시 양남면 동남로 972 (신대리, 우리골프클럽)",www.urigolfclub.co.kr,,골프장 운영업,1999-01-29,12월
주식회사 퍼스트비앤피,"FIRST B&P Co., ltd.",퍼스트비앤피, ,강병식,기타법인,110111-3978082,210-81-61414,"서울특별시 영등포구 국회대로 800 제지2층 비201,202, 203호(여의도동, 여의도파라곤)",www.firstbnp.com,,볼링장 운영업,2008-10-01,12월
퍼시픽랜드주식회사,"Pacificland Co.,Ltd.",퍼시픽랜드, ,박종춘,기타법인,220111-0020908,616-81-20606,제주특별자치도 서귀포시 중문관광로 154-17 (색달동),없음,,식물원 및 동물원 운영업,1997-04-25,12월
주식회사펀스테이션,"FUNSTATION CO.,LTD",펀스테이션, ,김용석,기타법인,131111-0143998,129-81-86652,경기도 성남시 분당구 수내동 8-1, ,,유원지 및 테마파크 운영업,2005-07-01,06월
(주)펀인스퀘어,FUNINSQUARE,펀인스퀘어, ,이병국,기타법인,171211-0109180,432-86-01312,경상북도 경주시 보문로 465-67 (신평동) 정글의법칙 미디어 파크 지하1F,junglemediapark.co.kr,,유원지 및 테마파크 운영업,2020-03-01,12월
(주)평산투자개발,"PYONGSAN DEVELOPMENT CO.,LTD.",평산투자개발, ,"박정호, 박치웅",기타법인,124311-0024375,120-81-06419,"경기도 가평군 설악면 유명로 1243-199 (이천리, 프리스틴밸리)",www.ptistinevalley.co.kr,,골프장 운영업,1989-06-03,12월
평주개발주식회사,pyeongju,평주개발, ,홍용표,기타법인,154511-0030231,303-81-42117,충청북도 음성군 음성읍 읍내리 542 2층, ,,골프장 운영업,2005-04-19,12월
포뮬러이코리아 유한회사,"Formula E Korea, Ltd.",포뮬러이코리아, ,문재식,기타법인,110114-0234936,725-86-01325,서울특별시 강남구 영동대로 324 타워크리스탈빌딩 2층(대치동),formulaekorea.co.kr/,,스포츠 서비스업,2018-12-13,12월
(주)포항건강랜드,"POHANG  KUN KANGLAND  CO.,LTD",포항건강랜드, ,김재동,기타법인,171711-0094498,506-81-76216,경상북도 포항시 남구 이동 608-2, ,,골프연습장 운영업,2011-06-27,12월
(주)폴라리스이앤엠,polaris e&m,폴라리스이앤엠, ,최익봉,기타법인,110111-4744648,209-81-54761,"서울특별시 성북구 삼선교로18길 23 (삼선동3가, (주)일광공영사옥)", ,,공연 예술가,2011-12-07,12월
주식회사 푸른뫼,푸른뫼,푸른뫼, ,이병일,기타법인,161511-0057096,312-81-62612,충청남도 천안시 동면 수남리 산 92-4, ,,골프장 운영업,2003-05-12,12월
푸른산(주),HUNEST,푸른산, ,"유명수, 한청수",기타법인,145211-0010032,223-81-09618,강원도 홍천군 두촌면 광석로 898-160 (괘석리), ,,골프장 운영업,2007-08-13,12월
주식회사 퓨처라이징,"Future Rising Co.,Ltd.",퓨처라이징, ,김선곤,기타법인,170111-0898562,494-87-02922,"경상북도 경주시 천북남로 176 (손곡동, 주식회사퓨처라이징)", ,,공연시설 운영업,2023-03-06,12월
(주)프라이빗커브,"PRIVATECURVE Co.,LTD.",프라이빗커브, ,김지연,기타법인,110111-3107508,120-86-73908,"서울특별시 송파구 올림픽로35가길 10 B동 310호 (신천동, 잠실더샵스타파크)",www.privatecurve.com,,공연 기획업,2004-11-01,12월
주식회사 프렌즈에스앤디(FRIENDS S&D),"FRIENDS S&D Co., Ltd.",프렌즈에스앤디(FRIENDSS&D), ,어경준,기타법인,131111-0454527,226-87-00471,경기도 남양주시 다산중앙로145번길 17 (다산동) 802호, ,,그 외 기타 스포츠시설 운영업,2016-07-22,12월
프로덕션에이치 주식회사,production H,프로덕션에이치, ,조혜린,기타법인,110111-6195930,796-87-00422,"서울특별시 마포구 상암산로 38 (상암동, JTBC빌딩), 18층", ,,창작 및 예술관련 서비스업,2016-10-10,12월
주식회사 프로페셔널,"co,.Ltd.Corperation",프로페셔널, ,김정숙,기타법인,174811-0054869,515-81-39665,경상북도 경산시 경청로 1055 (백천동) 산29-4, ,,골프연습장 운영업,2010-06-10,12월
주식회사프린스산업개발,"prince.co.,ltd",프린스산업개발, ,정중군,기타법인,200111-0125273,409-81-57956,전라남도 장성군 북이면 사거리 산 123-1, ,,골프장 운영업,2002-12-07,12월
주식회사 플라밍고,"RAGOON Co.,Ltd.",플라밍고, ,최영수,기타법인,284111-0072177,132-81-76714,"경기도 양평군 지평면 대평평장길 113-8 (대평리, 양평TPC골프클럽)", ,,골프장 운영업,2008-03-28,12월
플라이스테이션코리아 주식회사,flystationkorea,플라이스테이션코리아, ,이종도,기타법인,134211-0173362,744-86-00287,경기도 용인시 처인구 포곡읍 성산로 521 (마성리),flystation.kr,,그 외 기타 스포츠시설 운영업,2016-02-12,12월
플라티스이엔티(주),Platys Entertainment Inc.,플라티스이엔티, ,최용석,기타법인,110111-3920166,114-86-67677,서울특별시 서초구 잠원동 12-25 케이타워 13층,www.platysent.com,,"창작, 예술 및 여가관련 서비스업",2008-06-23,12월
주식회사 플레이어스골프클럽,"The Players golf club.co.,ltd",플레이어스골프클럽, ,김동환,기타법인,140111-0033312,221-81-29277,강원도 춘천시 동산면 새술막길 438 (군자리), ,,골프장 운영업,2007-03-31,12월
플레이타임중앙(주),Playtime Joongang Inc.,플레이타임중앙, ,홍정인,기타법인,110111-2190885,215-86-05260,"서울특별시 강남구 광평로51길 6-27 (수서동, 성우빌딩) 5층",www.playtime.co.kr,,기타 오락장 운영업,2001-03-12,12월
(주)피나클랜드농업회사법인,pinnacleland,피나클랜드농업회사법인, ,류일우,기타법인,164811-0146212,829-86-02174,충청남도 아산시 영인면 월선길 20-42, ,,자연공원 운영업,2021-05-20,12월
주식회사 피더블유피,pwp inc.,피더블유피, ,안권수,기타법인,110111-1308794,114-81-76152,"서울특별시 송파구 송파대로 111 하비오길동 호텔로 202동 213호(문정동, 파크하비오)",waterkingdom.habio.co.kr/,,유원지 및 테마파크 운영업,1996-12-02,12월
(주)피렌체,PIRENCHE,피렌체, ,윤양금,기타법인,170111-0618697,103-88-00480,대구광역시 중구 중앙대로 403 (남일동), ,,유원지 및 테마파크 운영업,2016-11-30,12월
피앤케이산업개발(주),"P&K Industries co., ltd",피앤케이산업개발, ,박인석,기타법인,135211-0020926,138-81-40024,충청남도 서산시 예천동 555, ,,종합 스포츠시설 운영업,2007-04-10,12월
(주)피엠씨프러덕션,PMC PRODUCTION CO LTD.,피엠씨프러덕션, ,"윤철중, 홍창도",기타법인,110111-1349813,104-81-40579,제주특별자치도 제주시 선돌목동길 56-26 (오등동),www.nanta.co.kr,,공연 기획업,1996-12-06,12월
(주)피터스원,PITERS ONE,피터스원, ,최병조,기타법인,230111-0323285,318-86-01641,"울산광역시 중구 종가로 310 (우정동, M빌딩) 5층",www.pitersone.com,,오락장 운영업,2020-01-01,12월
(주)필라멘트,-,필라멘트, ,유상호,기타법인,110111-3609520,214-88-03278,서울특별시 서초구 서초동 1585-18 동정빌딩 107, ,,공연 기획업,2007-01-26,12월
필립 주식회사,phillip,필립, ,정승만,기타법인,110111-1472482,207-81-50319,"경기도 성남시 분당구 내정로 58 (정자동, 스포라이프스포츠센타)",www.sportsclubphillip.co.kr/,,종합 스포츠시설 운영업,2002-12-23,12월
(주)필에이젠시,Feel Agency Ltd.,필에이젠시, ,전선미,기타법인,195511-0188073,244-87-00085,경상남도 김해시 가락대로 929-1 (수가동) 경마공원 일루미아 사무실, ,,유원지 및 테마파크 운영업,2015-09-30,12월
주식회사 하나리조트,Hana Resot. inc.,하나리조트, ,박재신,기타법인,161511-0305586,674-86-02142,"충청남도 천안시 서북구 성성9로 7 202호 (성성동, 하나타워)", ,,골프장 운영업,2021-10-21,12월
하늘목장 주식회사,"SKY RANCH CO., LTD.",하늘목장, ,이재승,기타법인,145011-0012149,226-81-41975,강원도 평창군 대관령면 꽃밭양지길 458-23 (횡계리),www.skyranch.co.kr,,유원지 및 테마파크 운영업,2010-06-25,12월
(주)하늘빛컨트리클럽,Haneulbit Golf Club,하늘빛컨트리클럽, ,지병훈,기타법인,110111-4975681,106-86-89364,충청남도 아산시 음봉면 음봉로 52-38 (동천리) (주)하늘빛컨트리클럽, ,,골프연습장 운영업,2012-10-09,12월
(주)하얀세상,HAYAN SEANG.Co.Ltd,하얀세상, ,김우창,기타법인,110111-3075276,220-86-90959,서울특별시 강남구 신사동 587-21 대동빌딩8층 801, ,,그 외 기타 창작 및 예술관련 서비스업,2004-08-30,12월
주식회사 하이브스튜디오,HIVE STUIO INC.,하이브스튜디오, ,이경면,기타법인,131111-0641710,392-81-02264,"경기도 성남시 수정구 창업로 17 F동 1층(시흥동, 판교아이스퀘어)", ,,공연시설 운영업,2021-07-28,12월
재단법인 하이트문화재단,HITE FOUNDATION,하이트문화재단, ,최철환,기타법인,114622-0036513,211-82-15851,"서울특별시 강남구 영동대로 714 (청담동, 하이트진로빌딩)",www.hitefoundation.com,,그 외 기타 창작 및 예술관련 서비스업,2007-07-10,12월
학림실업(주),"Hak Lim Co., Ltd.",학림실업, ,김창좌,기타법인,170111-0039918,502-81-28352,대구광역시 수성구 신매동 567, ,,종합 스포츠시설 운영업,1994-11-01,12월
주식회사한강골프랜드,hanganggolfland,한강골프랜드, ,노준호,기타법인,124411-0221771,850-81-01081,"경기도 김포시 김포한강6로 47 (장기동, 한강랜드)", ,,골프연습장 운영업,2018-09-01,12월
(주)한경엘앤디,Hankyung l&d co.ltd,한경엘앤디, ,정구학,기타법인,134511-0094611,127-86-02118,"경기도 포천시 군내면 반월산성로375번길 34 (상성북리, 포천힐스)", ,,골프장 운영업,2005-10-11,12월
주식회사 한국그레이하운드파크,"Korea Greyhound Park Co., Ltd.",한국그레이하운드파크, ,김수환,기타법인,110111-2289688,120-86-24294,서울특별시 송파구 방이동 39-2 신동아타워 3층,www.greypark.co.kr ,,경주장 및 동물 경기장 운영업,2001-07-18,12월
(주)한국그린산업,"Korea Green Industry Co., Ltd.",한국그린산업, ,구상구,기타법인,195511-0084312,615-81-46772,경상남도 김해시 삼계동 936-1, ,,골프장 운영업,2005-12-22,12월
재단법인 한국근현대미술연구재단,Korean Research Institute of Contemporary Art,한국근현대미술연구재단, ,박명자,기타법인,141122-0003478,523-82-00514,강원특별자치도 강릉시 저동등길 53 (저동) 3층,korica.org,,박물관 운영업,2021-08-30,12월
한국마사회,Korea Racing Association,한국마사회, ,정기환,기타법인,111121-0000018,138-82-00451,경기도 과천시 경마공원대로 107 한국마사회,kra.co.kr,,경주장 및 동물 경기장 운영업,1949-09-29,12월
한국스포츠레저 주식회사,"Korea Sports Leisure Co., LTD",한국스포츠레저, ,박용철,기타법인,110111-0923181,172-87-03278,"서울특별시 중구 세종대로12길 12 (남대문로4가) 4층, 5층", ,,사행시설 관리 및 운영업,2025-04-07,12월
한국여자프로골프투어 주식회사,"Korea Ladies Professional Golf Tour Co., Ltd.",한국여자프로골프투어, ,이영미,기타법인,110111-3780312,120-87-21445,"서울특별시 강동구 천호대로 1221 4층(길동, 케이엘피지에이빌딩)",https://www.klpga.co.kr,,그 외 기타 스포츠 서비스업,2007-11-01,12월
한국연합복권 주식회사,"Korea Union Lottery Co., Ltd.",한국연합복권, ,강원순,기타법인,135311-0012559,138-81-52059,경기도 과천시 별양동1-16 교보빌딩 6층,www.bokgwon.or.kr,,복권발행 및 판매업,2009-03-23,12월
주식회사 한국우사회,"KOREABULLs Co., Ltd.",한국우사회, ,박성구,기타법인,180111-0312031,607-81-48240,경상북도 청도군 화양읍 남성현로 348,www.koreabulls.com,,경주장 및 동물 경기장 운영업,2000-01-27,12월
(주)한국자산개발,Korea Asset Development. ,한국자산개발, ,안삼상,기타법인,230111-0106475,620-81-20755,울산광역시 북구 연암동 827-6번지, ,,골프연습장 운영업,2004-10-29,12월
주식회사 한국컴피티션,Hankook Competition,한국컴피티션, ,Cho steven H (조항우),기타법인,134511-0147791,142-81-24775,경기도 용인시 처인구 포곡읍 석성로888번길 28 (마성리), ,,그 외 기타 스포츠 서비스업,2009-12-23,12월
주식회사 한국해양레포츠송정마리나,Song Jeong Marina,한국해양레포츠송정마리나, ,오동열,기타법인,180111-1247328,232-88-01598,"부산광역시 해운대구 송정구덕포길 37 (송정동, 송정해양레포츠시설) 1층", ,,기타 수상오락 서비스업,2020-05-15,12월
(주)한길,hangil.co.ltd,한길, ,황광재 임충성 김형일,기타법인,175211-0010276,513-81-21932,경상북도 칠곡군 왜관읍 봉계로 263 (매원리),www.palmyhillscc.co.kr,,골프장 운영업,2000-12-26,12월
(주)한듬레포츠,HANDUM,한듬레포츠, ,김선규,기타법인,200111-0248588,409-81-98471,광주광역시 광산구 왕버들로 217 3층 (수완동), ,,종합 스포츠시설 운영업,2007-10-01,12월
(주)한라세라지오,HALLA CERAGIO Corporation,한라세라지오, ,신현수,기타법인,134911-0005074,133-81-14652,경기도 여주시 여양로 530, ,,골프장 운영업,1992-04-30,12월
한려주식회사,"HANLYO CO.,LTD",한려, ,노기현,기타법인,194711-0006206,613-81-39033,경상남도 하동군 금남면 노량리 232-3, ,,골프장 운영업,2005-10-25,12월
주식회사 한림공원,"HallimPark co.,Ltd",한림공원, ,송상훈,기타법인,220111-0003194,616-81-03403,제주특별자치도 제주시 한림읍 한림로 300 (협재리),hallimpark.co.kr,,식물원 및 동물원 운영업,1986-04-23,12월
한맥개발주식회사,"HANMAEK DEVELOPMENT Co., Ltd",한맥개발, ,임기주,기타법인,175511-0003275,512-81-10354,경상북도 예천군 호명면 한맥골프장길 72, ,,골프장 운영업,2004-09-01,12월
주식회사 한반도레저,"HANBANDOLEISURE Co.,Ltd",한반도레저, ,송장관,기타법인,191111-0086609,886-87-01364,"경상남도 진주시 진주대로 1134 (봉곡동, 선샤인빌리지)",-,,골프장 운영업,2019-06-19,12월
한빛문화재단,THE HAHN CULTURAL FOUNDATION,한빛문화재단, ,한광호,기타법인,110122-0025891,102-82-07116,서울특별시 종로구 평창8길 3,www.hjmueum.or.kr,,박물관 운영업,1992-12-30,12월
한성관광개발주식회사,"Hansung Tourism Development Co., Ltd",한성관광개발, ,강대규,기타법인,134511-0164042,142-81-32881,"경기도 용인시 기흥구 구교동로 151 (마북동, 한성컨트리클럽)",www.hansung-cc.co.kr,,골프장 운영업,2010-12-20,12월
한성홀딩스주식회사,hansung holdings,한성홀딩스, ,전영자,기타법인,134511-0003456,135-81-05765,경기도 용인시 기흥구 구교동로 151 경기도 용인시 기흥구 구교동로 151 (한성컨트리클럽),없음,,골프장 운영업,1981-05-25,03월
주식회사 한송,Crystal Valley Country Club,한송, ,최흥묵,기타법인,110111-1237050,220-81-41827,경기도 가평군 상면 대보간선로 602-111 크리스탈밸리CC,www.crystalvalley.co.kr,,골프장 운영업,1997-01-03,12월
(주)한스코퍼레이션,hans,한스코퍼레이션, ,김준구,기타법인,141211-0099494,342-88-01240,충청북도 충주시 국원대로 107 (교현동)한스타워 9층, ,,볼링장 운영업,2018-09-30,12월
(주)한양컨트리클럽,HANYANG COUNTRY CLUB,한양컨트리클럽, ,이승호,기타법인,114711-0000387,128-81-00438,경기도 고양시 덕양구 고양대로1643번길 164 (원당동), ,,골프장 운영업,1964-09-01,12월
주식회사 한울케이케이,hanwool KK co.ltd,한울케이케이, ,김대연,기타법인,170111-0656879,195-88-00927,대구광역시 북구 연암로42길 11 (산격동), ,,골프연습장 운영업,2017-10-10,12월
주식회사 한원개발,Hanwon Development. co.ltd..,한원개발, ,서영무,기타법인,140111-0035954,221-81-31055,강원도 춘천시 온의동 513 학국교직원공제회강원회관 9층, ,,골프장 운영업,2008-05-02,12월
(주)한원컨트리클럽,HANWON COUNTRY CLUB,한원컨트리클럽, ,박병윤,기타법인,134511-0000056,135-81-01003,경기도 용인시 처인구 남사면 전나무골길2번길 94,www.hanwoncc.co.kr,,골프장 운영업,1969-11-18,12월
(주)한일,"Hanil. Co., LTD.",한일, ,한수일,기타법인,134611-0002315,125-81-05429,경기도 안성시 죽산면 장계리 736-4, ,,골프장 운영업,1987-07-12,12월
주식회사 한일개발,"hanil development co., ltd.",한일개발, ,박근숙,기타법인,110111-1578032,220-81-54545,강원도 횡성군 서원면 경강로유현6길 28 (유현리), ,,골프장 운영업,1998-08-22,12월
(주)한일레저,HANIL LEISURE,한일레저, ,박정재,기타법인,131211-0001292,126-81-06630,경기도 여주시 가남읍 솔모로그린길 171 경기도 여주시 가남읍 솔모로그린길 171,www.solmoro.com,,골프장 운영업,1988-12-24,12월
(주)한창산업개발,"HANCHANG DEVELOPMENT CO.,LTD.",한창산업개발, ,최인욱,기타법인,134311-0012071,132-81-67985,"경기도 양평군 양동면 양동로 756 (고송리, 더스타휴골프장)", ,,골프장 운영업,2006-07-26,12월
한창스포츠 주식회사,-,한창스포츠, ,"권승진, 나경보",기타법인,176011-0059079,513-81-53017,경상북도 구미시 구평동 679,-,,골프연습장 운영업,2010-03-01,12월
한화넥스트(주),Hanwha Next Co. Ltd.,한화넥스트, ,최석진,기타법인,110111-8288337,749-88-02488,"서울특별시 중구 소공로 119 (태평로2가, 더플라자)", ,,기타 스포츠시설 운영업,2022-05-04,12월
재단법인 한화문화재단,Hanwha Foundation of Culture,한화문화재단, ,최선목,기타법인,110122-0043063,104-82-09954,"서울특별시 중구 서소문로 125 (서소문동, 서소문한화빌딩)",www.hanwhafoundation.org,,창작 및 예술관련 서비스업,2007-02-06,12월
(주)한화이글스,HANWHA Eagles Professional Baseball club,한화이글스, ,박종태,기타법인,160111-0007214,306-81-12757,"대전광역시 중구 대종로 373 (부사동,2층)",www.hanwhaeagles.co.kr,,스포츠 클럽 운영업,1985-03-11,12월
주식회사 할렐루야축구단,"HALLELUJAH FOOTBALL CLUB,LTD",할렐루야축구단, ,최성규,기타법인, , ,인천광역시 남구 관교동13-2호, ,,실외 경기장 운영업, ,12월
(주)함양리조트,"HAMYAN RESORT CO.,LTD",함양리조트, ,이희준,기타법인,195211-0004829,611-81-11607,경상남도 함양군 서상면 대남리 492-24, ,,골프장 운영업,2004-03-05,12월
(주)합천국보테마파크,hapcheon national treasure theme park,합천국보테마파크, ,양용만,기타법인,195311-0014264,539-86-00666,경상남도 합천군 용주면 연촌우곡길 320-33 (방곡리), ,,유원지 및 테마파크 운영업,2017-04-13,12월
항석개발,"HANG SEOK DEVELOPMENT CO,.LTD.",항석개발, ,이종광,기타법인,110111-2969462,215-86-54169,충청북도 음성군 음성읍 동음로 318 (동음리), ,,골프장 운영업,2004-03-09,12월
해강개발주식회사,HAEGANG DEVELOPMENT CO.,해강개발, ,임낙규,기타법인,124411-0008989,136-81-05531,경기도 김포시 월곶면 김포대로2801번길 219 (포내리), ,,골프장 운영업,1989-11-11,12월
해륜개발주식회사,HAERYUN ,해륜개발, ,윤희준,기타법인,120111-0334342,137-81-58007,인천광역시 강화군 삼산면 어류정길 98 (매음리) 363-15, ,,골프장 운영업,2003-12-27,12월
(주)해브펀,HAVEFUN.CO.LTD,해브펀, ,이하나비,기타법인,284911-0235034,226-88-01889,경기도 파주시 월롱면 도감로 130 (위전리), ,,유원지 및 테마파크 운영업,2020-10-26,12월
해비치레저 주식회사,"HAEVICHI LEISURE CO.,LTD",해비치레저, ,김창희,기타법인,134611-0028121,125-81-57913,경기도 안성시 영동 581-1, ,,골프장 운영업,2005-04-20,12월
해비치컨트리클럽 주식회사 ,"HAEVICHI COUNTRY CLUB.,LTD",해비치컨트리클럽, ,황규석,기타법인,110111-0616049,105-81-37005,경기도 남양주시 화도읍 재재기로190번길 160, ,,골프장 운영업,1989-03-16,12월
해운대블루라인(주),"Haeundae Blueline Co., Ltd",해운대블루라인, ,배종진,기타법인,180111-1020336,259-87-00262,"부산광역시 해운대구 세실로69번길 15 (좌동, 윈프라자), 701호",www.bluelinepark.com/,,유원지 및 테마파크 운영업,2016-02-26,12월
해피니스컨트리클럽 주식회사,Happiness C.C.,해피니스컨트리클럽, ,차재진,기타법인,205511-0029787,412-81-39648,"전라남도 나주시 다도면 다도로 171-60 (송학리, 해피니스컨트리클럽)",www.happinesscc.com,,골프장 운영업,2010-07-01,12월
주식회사 해피아,HAPPIA,해피아, ,이재웅,기타법인,285011-0128533,128-86-21947,경기도 파주시 교하읍 문발리 503-1 달관동 지층 7호,www.happia.net,,스포츠 및 오락관련 서비스업,2007-05-28,12월
주식회사해호,HaeHo,해호, ,김민석,기타법인,141311-0027906,577-87-02625,"강원도 속초시 동해대로 3958 상가동 101호 (조양동, 속초서희스타힐스더베이)", ,,"창작, 예술 및 여가관련 서비스업",2022-11-17,12월
주식회사 헤븐팩토리,"HEAVEN FACTORY CO., LTD",헤븐팩토리, ,한미숙,기타법인,110111-1556385,211-86-45557,서울특별시 강남구 역삼동 648-18 부옥빌딩 701, ,,그 외 기타 창작 및 예술관련 서비스업,2003-03-24,12월
주식회사 혁진,Company Limited Hyeokjin,혁진, ,최순권,기타법인,191111-0074696,231-87-00643,"경상남도 진주시 충의로 119 비동 201호 (충무공동, 진주혁신도시아슬란스포츠몰)", ,,골프연습장 운영업,2017-01-09,12월
(주)현대레저,HYUNDAE,현대레저, ,이승재,기타법인,134811-0117756,124-86-42289,경기도 화성시 향남읍 도이리 317-1, ,,골프연습장 운영업,2006-02-08,12월
현대레저개발주식회사,"Hyundai liesure development Co,. Ltd.",현대레저개발, ,이은진,기타법인,200111-0263081,410-86-21701,경기도 포천시 영중면 양문리 766-5,-,,골프장 운영업,2008-07-23,12월
(주)현대유니콘스,HYUNDAI UNICORNS CO.,현대유니콘스, ,김용휘,기타법인,110111-0546866,139-81-24920,경기도 수원시 권선구 권선동 1014 현대해상빌딩 9층, ,,스포츠 클럽 운영업,1987-10-14,12월
현대카스올림픽골프파크(주), ,현대카스올림픽골프파크, ,김경식,기타법인,131111-0059674,129-81-41261,경기도 성남시 분당구 서현동 90,www.ikas.co.kr,,종합 스포츠시설 운영업,2001-04-06,12월
현일개발주식회사,"Hyunil Development Co., Ltd.",현일개발, ,이치백,기타법인,190111-0005121,615-81-01794,경상남도 창녕군 부곡면 거문리 산 263번지, ,,골프장 운영업,1983-03-08,12월
(주)호반,"Hoban Co., Ltd.",호반, ,송종민,기타법인,110111-0638259,120-81-16218,"서울특별시 서초구 양재대로2길 18 (우면동, 호반파크2관)",www.ihoban.co.kr,,골프장 운영업,1990-04-01,12월
호반서서울(주),"SEO SEOUL TOUR CO., Ltd",호반서서울, ,이은래,기타법인,115611-0004025,128-81-06427,"경기도 파주시 광탄면 혜음로 324 (용미리, 서서울컨츄리클럽)", ,,골프장 운영업,1989-01-19,12월
호반써밋주식회사,"Hoban SUMMIT Co., Ltd.",호반써밋, ,김석진,기타법인,134411-0001452,126-81-03875,"경기도 이천시 호법면 장자터로 115 (매곡리, 덕평C.C)",www.dpcc.co.kr,,골프장 운영업,1984-11-01,12월
(주)호법포레,-,호법포레, ,김한룡,기타법인,134411-0077164,567-87-00805,"경기도 이천시 호법면 중부대로798번길 177 더크로스비골프클럽(단천리, 클럽하우스)",www.thecrosbygc.co.kr/,,골프장 운영업,2017-08-04,12월
호정개발주식회사,GOLD NINE COUNTRY CLUB,호정개발, ,정용희,기타법인,150111-0062236,301-81-58627,충청북도 청주시 상당구 낭성면 산성로 1520-71 (호정리) 골드나인C.C,www.gold-9.co.kr,,골프장 운영업,2002-02-01,12월
주식회사 홍익개발,"HONG IK DEVELOPMENT co.,Ltd",홍익개발, ,구형,기타법인,170111-0275992,502-81-77606,대구광역시 수성구 범어2동 167-18번지. 우리빌딩 5층., ,,골프장 운영업,2004-11-12,12월
주식회사 홍익레저산업,"HONG IK LEISURE SERVICES co.,Ltd",홍익레저산업, ,김청룡,기타법인,170111-0280876,502-81-78532,경상북도 포항시 북구 송라면 동해대로2751번길 126 포항컨트리클럽, ,,골프장 운영업,2005-01-28,12월
주식회사홍익스포츠,hongiksports,홍익스포츠, ,임옥산,기타법인,161511-0131866,312-86-28507,충청남도 천안시 동남구 천안대로 802,www.hongiksports.co.kr,,수영장 운영업,2011-07-01,12월
화산개발(주),Hwasan country club,화산개발, ,정수련,기타법인,134511-0007367,135-81-01809,"경기도 용인시 처인구 이동읍 화산로 239 (화산리, 화산C.C)",www.hwasancc.com,,골프장 운영업,1989-03-30,12월
화순컨트리클럽,Hwasun country club,화순컨트리클럽, ,최창식,기타법인,200111-0015911,408-81-11001,"전라남도 화순군 도곡면 천태로 1000-151 (쌍옥리, 900컨트리클럽)",www.hwasuncc.co.kr,,골프장 운영업,1989-08-29,12월
(주)화인골프클럽,FINE GOLF CLUB,화인골프클럽, ,심성부외2,기타법인,135511-0131561,134-81-90236,경기도 시흥시 정왕동 시화공단2가 101, ,,그 외 기타 스포츠시설 운영업,2002-09-30,12월
주식회사 화인레스피아,"Fine respia co., Ltd.",화인레스피아, ,박진호,기타법인,110111-1032781,120-86-00410,서울특별시 강남구 역삼동 826-24, ,,골프장 운영업,1994-04-27,12월
화현개발 주식회사,"Hwa Hyun Development Co., Ltd",화현개발, ,황병관,기타법인,115211-0008942,127-86-02011,"경기도 포천시 화현면 봉화로 253 (명덕리, 포레스트힐C.C)", ,,골프장 운영업,1989-05-04,12월
주식회사 화현관광개발,"HWAHYUN Tourism Development Co., Ltd.",화현관광개발, ,조광희,기타법인,110111-7485299,736-87-01695,경기도 포천시 호병골길 33 나동 3층(신읍동), ,,골프장 운영업,2020-05-13,12월
주식회사 회명,Hoemyung co ltd,회명, ,정진기,기타법인,120111-0910366,680-86-00907,인천광역시 서구 가좌로95번길 54 (가좌동) 별관2층, ,,골프장 운영업,2017-12-11,12월
(주)훼미리,family co.ltd,훼미리, ,정태규,기타법인,230111-0100427,610-81-70239,울산광역시 중구 복산동 100-24, ,,수영장 운영업,2003-12-17,12월
(주)휘닉스아일랜드,"Phoenix Island CO.,LTD",휘닉스아일랜드, ,안명호,기타법인,224111-0012753,616-81-56588,제주특별자치도 남제주군 성산읍 고성리 895-1, ,,종합 스포츠시설 운영업,2006-06-07,12월
휘닉스중앙 주식회사,"PHOENIX JOONGANG  CO., LTD.",휘닉스중앙, ,전영기,기타법인,110111-0357445,120-81-00400,"서울특별시 강남구 도산대로 156 (논현동, 중앙엠앤비사옥) 6층",www.phoenixhnr.co.kr,,스키장 운영업,1983-10-06,12월
휘트니스서비스인터내셔날(주),"Fitness Service Int''l Co.,Ltd",휘트니스서비스인터내셔날, ,선권수,기타법인,110111-1581093,211-86-47782,서울특별시 강남구 남부순환로 2763 (도곡동), ,,스포츠 서비스업,1998-09-01,12월
주식회사 휴그린,hugreen. co. ltd.,휴그린, ,이철주,기타법인,170111-0392382,502-86-03360,대구광역시 수성구 청수로 513 (만촌동) 2층, ,,골프장 운영업,2009-12-11,12월
주식회사 휴먼시아산업,-,휴먼시아산업, ,김현수,기타법인,131111-0228120,129-86-31619,경기도 성남시 분당구 서현동 89 지하 1층,www.familysports.co.kr,,종합 스포츠시설 운영업,2009-03-25,12월
(주)휴앤락그룹,HUE&ROCK GRUP,휴앤락그룹, ,김용우,기타법인,140111-0093093,368-87-02341,강원도 춘천시 남산면 충효로 437 (광판리), ,,골프장 운영업,2021-09-03,12월
주식회사 흥진레저,"Daegaya Country Club Co.,Ltd.",흥진레저, ,심병재,기타법인,230111-0204584,620-81-47773,경상북도 고령군 대가야읍 대가야로 1103 대가야컨트리클럽, ,,골프장 운영업,2013-03-11,12월
주식회사 희림미디어,HEERIM MEDIA,희림미디어, ,이민숙,기타법인,170111-0579104,389-81-00329,"대구광역시 수성구 동대구로 346 (범어동, 범어서한포레스트), 201동 2101호", ,,골프장 운영업,2015-09-11,12월
주식회사 희석그린,Heesukgreen Co.Ltd,희석그린, ,양일석,기타법인,134211-0086440,126-86-02997,서울특별시 강남구 역삼동 723-7, ,,골프장 운영업,2007-04-24,12월
주식회사 히든스페이스,ZOOLUNGZOOLUNG,히든스페이스, ,정상민,기타법인,180111-0815671,607-86-04228,"경기도 고양시 일산서구 주엽로 79 (대화동, 롯데마트빅마켓일산킨텍스점), 지하 1층",https://zoolungzoolung22.imweb.me/,,식물원 및 동물원 운영업,2012-07-03,12월
(주)히어로플레이파크,heroplaypark,히어로플레이파크, ,박진용,기타법인,171211-0097848,349-86-01010,"경상북도 경주시 강변로 200 (노서동, 황실예식장)", ,,유원지 및 테마파크 운영업,2017-07-01,12월
주식회사 힐스카이컨트리클럽,"Hillsky country club co., Ltd",힐스카이컨트리클럽, ,고진호,기타법인,180111-1574862,255-81-03509,부산광역시 해운대구 반송로525번길 25 (석대동) 6층,www.hillskycc.com,,골프장 운영업,2024-08-07,12월
