회사이름,영문명,공시회사명,종목코드,대표자명,법인구분,법인등록번호,사업자등록번호,주소,홈페이지,IR홈페이지,업종명,설립일,결산월
1020와이오엔지4지아이엘 주식회사,YONGFILM INC.,1020와이오엔지4지아이엘, ,임승용,기타법인,110111-4942680,101-86-74570,"서울특별시 성동구 서울숲4길 12-8 (성수동1가, 용빌딩), 4층", ,,"영화, 비디오물, 방송프로그램 제작 및 배급업",2012-08-21,12월
111퍼센트 주식회사,111percent Inc.,111퍼센트, ,김강안,기타법인,110111-5858927,136-87-00241,"서울특별시 강남구 테헤란로 152 (역삼동, 강남파이낸스센터)",111percent.net,,모바일 게임 소프트웨어 개발 및 공급업,2015-10-13,12월
(주) 21 엔케이,"21NK Co., Ltd",21엔케이, ,"이상우, 엄종옥, 허동명",기타법인,120111-0216045,121-81-35687,인천광역시 중구 율목동 47 21NK 빌딩 2층,http://www.21nk.com,,시스템 소프트웨어 개발 및 공급업,2000-03-08,12월
주식회사248마일,248MILES Inc.,248마일, ,박재홍,기타법인,110111-6187664,670-88-00447,"서울특별시 강남구 논현로79길 47 (역삼동, 열린기술빌딩) 2층",www.8miles.co.kr/,,소프트웨어 개발 및 공급업,2016-10-04,12월
(주)5민랩,5minlab Corp.,5민랩, ,박문형,기타법인,110111-5231074,220-88-66851,서울특별시 마포구 독막로 5 (합정동) 4층, ,,게임 소프트웨어 개발 및 공급업,2013-09-24,12월
(주)740게임즈,740Games Inc.,740게임즈, ,김경희,기타법인,110111-7206637,886-86-01498,서울특별시 마포구 독막로6길 9 (합정동) 2층 2433호, ,,게임 소프트웨어 개발 및 공급업,2019-08-19,12월
주식회사 76소프트,"76SOFT Co.,Ltd",76소프트, ,이경학,기타법인,110111-7066734,174-88-01161,경기도 안양시 동안구 시민대로327번길 11-41 (관양동) 안양창업지원센터 217호,www.76soft.net,,응용 소프트웨어 개발 및 공급업,2019-04-05,12월
"ACCESS CO., LTD.","ACCESS CO., LTD.","ACCESSCO.,LTD.", ,Tomihisa Kamada,기타법인, ,28848,경기도 성남시 분당구 정자동 6번지 파크뷰타워 22층,www.access-company.com/,,응용 소프트웨어 개발 및 공급업,1984-02-01,01월
Advanced Manufacturing Corporation Pte. Ltd. ,Advanced Manufacturing Corporation Pte. Ltd. ,AdvancedManufacturingCorporationPte.Ltd., ,Philip Poh Siew Chuan,기타법인, ,200209571E,23 Ubi Crescent Singapore 408579,www.advancedmanufacturing.com,,시스템 소프트웨어 개발 및 공급업,2002-11-02,12월
ANIMATION INTERNATIONAL HOLDINGS LIMITED,ANIMATION INTERNATIONAL HOLDINGS LIMITED,ANIMATIONINTERNATIONALHOLDINGSLIMITED, ,Hiroshi Kondo,기타법인, ,36978,"P.O.Box 2208, Road Town Tortola, British Virgin Island", ,,"영화, 비디오물 및 방송프로그램 배급업",1993-05-12,12월
(주)비에프랩스,"BFLABS Co.,LTD.",BF랩스,139050,한상우,코스닥시장,121111-0142596,138-81-32903,경기도 안양시 만안구 예술공원로 153-323층(석수동 825-1 3층),-,,컴퓨터시스템 통합 자문 및 구축 서비스업,2006-02-20,12월
CBC 株式會社,"CBC Co., Ltd.",CBC株式會社, ,Doi Utaro,기타법인, ,010-00-1050333,"Tsukishima, Chuo-ku, Tokyo 104-0052 2-15-13", ,,응용 소프트웨어 개발 및 공급업,1925-01-20,12월
Cintel Corp.,Cintel Corp.,CintelCorp., ,김상돈,기타법인, ,C17454-1996,"9900 Corporate Campus Drive Suite 3000, Louisville, KY 40223, U.S.A.",www.cintelcorp.com,,기타 정보기술 및 컴퓨터운영 관련 서비스업,1996-08-16,12월
씨제이씨지브이(주),"CJ CGV CO.,LTD.",CJ CGV,079160,정종민,유가증권시장,110111-1673220,104-81-45690,서울특별시 용산구 한강대로23길 55 아이파크몰 6층(한강로동),www.cgv.co.kr,,영화관 운영업,1999-03-30,12월
(주)씨제이이엔엠,"CJ ENM CO., Ltd.",CJ ENM,035760,윤상현,코스닥시장,110111-1109134,106-81-51510,서울특별시 서초구  과천대로 870-13,www.cjmall.com,,텔레비전 방송업,1994-12-16,12월
"CJ CGV VIETNAM HOLDINGS CO., LTD","CJ CGV VIETNAM HOLDINGS CO., LTD","CJCGVVIETNAMHOLDINGSCO.,LTD", ,심준범,기타법인, ,600263,"Craigmuir Chambers, P.O. Box 71, Road Town, Tortola, British Virgin Islands", ,,영화 및 비디오물 상영업,2004-06-11,12월
"Cyber Agent, Ltd.","Cyber Agent, Ltd.","CyberAgent,Ltd.", ,Susumu Fujita,기타법인, ,011-00-1034156,서울특별시 영등포구 여의도동 대한투자신탁 6층,http://,,컴퓨터시설 관리업,1998-03-18,09월
(주) DB Inc.,DB Inc.,DB,012030,"문덕식, 강운식 (각자 대표이사)",유가증권시장,110111-0210859,211-81-19938,서울특별시 강남구 삼성로96길 23 7층,www.dbinc.co.kr,,컴퓨터시스템 통합 자문 및 구축 서비스업,1977-03-15,12월
DMG (Hong Kong) Group Limited,DMG (Hong Kong) Group Limited,DMG(HongKong)GroupLimited, ,Wu Bing,기타법인, ,41186,"Units 3306-12, 33/F, Shui On Centre, Nos. 6-8 Harbour Road, Wanchai, HK", ,,일반 영화 및 비디오물 제작업,2004-04-15,12월
(주)E&C 정보기술,"E&C info., tec.",E&C정보기술, ,오병두,기타법인,110111-1630288,214-86-28479,서울특별시 성동구 성수1가동 685-20 성동한양벤처파크 303호,http://www.encinfo.co.kr,,시스템 소프트웨어 개발 및 공급업,1999-01-08,01월
(주)e-편한세상,e-easylife,e-편한세상, ,서재웅,기타법인,110111-1906853,220-81-80626,서울특별시 서초구 방배동1823번지 도림빌딩5층,45mart.com,,데이터베이스 및 온라인정보 제공업,2000-03-15,12월
이에이트 주식회사,"E8IGHT Co., Ltd",E8,418620,김진현,코스닥시장,110111-4861971,215-87-68656,"서울특별시 송파구 올림픽로 300 25층(신천동, 롯데월드타워)",e8ight.co.kr/,,소프트웨어 개발 및 공급업,2012-05-07,12월
Electronic Arts Inc.,Electronic Arts Inc.,ElectronicArtsInc., ,"John S, Riccitiello",기타법인, ,31285,"209 Redwood Shores Parkway, Redwood City, CA 94065 USA",www.ea.com,,게임 소프트웨어 개발 및 공급업,1991-05-08,12월
Electronic Arts Nederland B.V.,Electronic Arts Nederland B.V.,ElectronicArtsNederlandB.V., ,"Florin, Gerhard",기타법인, ,24276634,"De Koumen 100, 6433KE Hoensbroek, The Netherlands", ,,게임 소프트웨어 개발 및 공급업,1997-08-04,12월
FORCE NO AS,FORCE NO AS,FORCENOAS, ,Tom Buhl,기타법인, ,13113,"Niels Lauritssonsvei 39A, PO Box 77, Tasen, N-0801 Oslo, Norway", ,,컴퓨터시스템 통합 자문 및 구축 서비스업,1986-05-26,01월
Fox Video Limited,Fox Video Limited,FoxVideoLimited, ,"Zhou, Jing",기타법인, ,38874,"Floor 4, Willow House, Cricket Square, P O Box 2804, Grand Cayman KY1-1112, Cayman Islands", ,,포털 및 기타 인터넷 정보매개 서비스업,2011-07-26,12월
(주)에프에스엔,"FSN Co., Ltd.",FSN,214270,"서정교, 박태순(공동대표이사)",코스닥시장,110111-5617076,220-88-95545,서울특별시 강남구 언주로 637 싸이칸타워,fsn.co.kr,,소프트웨어 개발 및 공급업,2015-01-16,12월
G+J Electronic Media Service GmbH,G+J Electronic Media Service GmbH,G+JElectronicMediaServiceGmbH, ,Harald Kratel,기타법인, ,10351,"Am Baumwall 11, D-20459 Hamburg, Germany", ,,일반 영화 및 비디오물 제작업,1986-10-29,01월
GB카드 주식회사,GB Card Corporation,GB카드, ,이동호,기타법인,170111-0094368,514-81-23573,서울특별시 구로구 구로3동 212-8 대륭포스트트타워1차 6층,www.gbcard.co.kr,,데이터베이스 및 온라인정보 제공업,1996-01-25,12월
(주)GF스튜디오,"GFSTUDIO.CO.,LTD",GF스튜디오, ,김명길,기타법인,110111-1713349,216-81-16294,서울특별시 중구 신당동 50-7 구일빌딩 4층,http://www.jystech.com,,게임 소프트웨어 개발 및 공급업,1999-06-12,12월
GIS소프트(주),GISSOFT,GIS소프트, ,정동회,기타법인,110111-1226839,112-81-41341,서울특별시 관악구 신림본동 1411-24 GLSsoft 빌딩2층,www.gissoft.com,,시스템 소프트웨어 개발 및 공급업,1995-12-28,12월
HAUMAN TECHNOLOGIES CORP,HAUMAN TECHNOLOGIES CORP,HAUMANTECHNOLOGIESCORP, ,팽이호,기타법인, ,22043,8th Floor. No.67 Tze Yu Road Hsinchu, ,,그 외 기타 전기 통신업,1979-04-26,12월
HIGHRIDGE TECHNOLOGY LP,HIGHRIDGE TECHNOLOGY LP,HIGHRIDGETECHNOLOGYLP, ,"JoyPort Management Pte, Ltd",기타법인, ,T18LP0128E,"서울특별시 종로구 종로3길 17 (청진동, D타워) D2 23층",-,,컴퓨터시스템 통합 자문 및 구축 서비스업,2018-03-12,12월
HSBC펀드서비스(주),ASSET MANAGEMENT TECHNOLOGY KOREA,HSBC펀드서비스, ,염대곤,기타법인,110111-1917355,107-81-79845,서울특별시 영등포구 여의도동 26-4 교보증권빌딩 6층,www.amtek.co.kr,,데이터베이스 및 온라인정보 제공업,2000-03-23,12월
ibcs,ibcs,ibcs, ,안중혁,기타법인,110111-1989099,114-81-99761,서울특별시 영등포구 여의동 15-3 미주빌딩 4층,www.ibcs.co.kr,,데이터베이스 및 온라인정보 제공업,2000-06-05,01월
(주)아이엠비씨,"iMBC Co., Ltd.",iMBC,052220,이선태,코스닥시장,110111-1903643,107-81-78996,"서울특별시 마포구 성암로 25510층(상암동, 문화방송미디어센터)",corp.imbc.com,,영상·오디오물 제공 서비스업,2000-03-11,12월
(주)jec,JuST Enhancement Convenience. co,jec, ,최두희,기타법인,181211-0045796,620-81-15970,울산광역시 남구 달동 1325-10 jec빌딩 7층,www.jec.co.kr,,시스템 소프트웨어 개발 및 공급업,1997-08-11,12월
Juna International Limited,Juna International Limited,JunaInternationalLimited, ,Kwok Fu Hong,기타법인, ,35776173-000-06-14-3,"22/Fl, Henan Building, 90 Jaffe Road, Wanchai, Hong Kong", ,,영상ㆍ오디오 기록물 제작 및 배급업,2005-06-18,12월
(주)제이와이피엔터테인먼트,JYP Entertainment Corporation,JYP Ent.,035900,정욱,코스닥시장,110111-1264764,229-81-09576,"서울특별시 강동구 강동대로 205 (성내동, JYP Center 빌딩)",www.jype.com,,음악 및 기타 오디오물 출판업,1996-04-25,12월
KBS미디어주식회사,KBS MEDIA,KBS미디어, ,문보현,기타법인,110111-0798467,116-81-40951,서울특별시 마포구 매봉산로 45 (상암동) KBS미디어센터,www.kbsmedia.co.kr,,방송 프로그램 제작업,1991-08-17,12월
KBS인터넷(주),KBSi,KBS인터넷, ,송종문,기타법인,110111-1955363,117-81-28552,서울특별시 마포구 상암동 1652번지,www.kbsi.co.kr,,데이터베이스 및 온라인정보 제공업,2000-04-28,12월
KBS한국방송,Korean Broadcating System,KBS한국방송, ,김인규,기타법인,111271-0001225,116-82-00640,서울특별시 영등포구 여의도동 한국방송공사,www.kbs.co.kr,,지상파 방송업,1973-03-03,12월
주식회사 KCTV 제주방송,Korea Cable TV Jeju Broadcasting Co.Ltd.,KCTV제주방송, ,공성용,기타법인,220111-0013888,616-81-11863,"제주특별자치도 제주시 아연로 2 (연동, (주)한국케이블티브이제주방송)",www.kctvjeju.com,,유선 방송업,1994-02-23,12월
(주)케이지모빌리언스,"KGMobilians Co., Ltd.",KG모빌리언스,046440,유승용,코스닥시장,110111-1911050,220-81-82546,서울특별시 중구 통일로 92 케이지타워 16층,www.mobilians.co.kr,,소프트웨어 개발 및 공급업,2000-03-17,12월
(주)케이지이니시스,"KGINICIS CO.,LTD.",KG이니시스,035600,이선재,코스닥시장,110111-1602667,220-81-55597,"서울특별시 중구 통일로 92 케이지타워 14,15층",www.inicis.com,,시스템 소프트웨어 개발 및 공급업,1998-11-03,12월
KING POWER INTERNATIONAL LIMITED,KING POWER INTERNATIONAL LIMITED,KINGPOWERINTERNATIONALLIMITED, ,Yin Fangming,기타법인, ,64281268,"ROOM 1318-19, 13/F, HOLLYWOOD PLAZA, 610 NATHAN ROAD, MONGKOK, KOWLOON, HONGKONG", ,,기타 정보기술 및 컴퓨터운영 관련 서비스업,2015-01-09,12월
KIS정보통신주식회사,"KIS Information&Communication,inc",KIS정보통신, ,조용수,기타법인,110111-0898241,116-81-43939,"서울특별시 구로구 새말로 97 (구로동, 신도림테크노마트) 센터포인트웨스트 22,23층",www.kisvan.co.kr,www.kisvan.co.kr,그 외 기타 전기 통신업,1992-10-28,12월
(주)케이엔엔,KOREA NEW NETWORK CORPORATION,KNN,058400,이오상,코스닥시장,180111-0162585,607-81-28429,부산광역시 해운대구  센텀서로 30 케이엔엔타워,www.knn.co.kr,,지상파 방송업,1994-09-07,12월
(주)KRG SOFT,KRG SOFT Corp.,KRGSOFT, ,전진수,기타법인,110111-1608970,105-81-96343,서울특별시 금천구 가산동 459-11, ,,게임 소프트웨어 개발 및 공급업,1998-11-17,12월
(주)케이티씨에스,ktcs corporation,KTcs,058850,지정용,유가증권시장,160111-0119712,314-81-42683,대전광역시 서구 갈마로 160,www.ktcs.co.kr,,데이터베이스 및 온라인정보 제공업,2001-07-02,12월
(주)케이티아이에스,ktis Corporation,KTis,058860,이선주,유가증권시장,110111-2271510,101-81-71660,서울특별시 영등포구 여의대로 14 케이티빌딩 10층,www.ktis.co.kr,,데이터베이스 및 온라인정보 제공업,2001-06-27,12월
(주)케이티밀리의서재,"kt millie seojae Co.,Ltd",KT밀리의서재,418470,박현진,코스닥시장,110111-6114451,423-88-00370,서울특별시 마포구 양화로 45 메세나폴리스 세아타워 16층,www.millie.town,,"서적, 잡지 및 기타 인쇄물 출판업",2016-07-12,12월
(주)케이티지니뮤직,KT GENIE MUSIC CORPORATION,KT지니뮤직,043610,Seo In Wook,코스닥시장,160111-0024284,314-81-03453,"서울특별시 강남구 강남대로 456 4~9층(역삼동, 한석타워)",www.geniemusic.co.kr,https://www.geniemusic.co.kr/main/index.do,영상·오디오물 제공 서비스업,1991-02-07,12월
(주)케이엑스이노베이션,"KX Innovation Co., Ltd.",KX,122450,이강봉,코스닥시장,110111-2093237,101-81-63762,서울특별시 강동구 고덕비즈밸리로6길 90 9층,www.kxgroup.co.kr,http://www.kxgroup.co.kr/,프로그램 공급업,2000-10-19,12월
 Lezhin Entertainment Corporation, Lezhin Entertainment Corporation,LezhinEntertainmentCorporation, ,Lee Jae Joon,기타법인, ,353800279ADEFGKNTV65,"1-9-9 Shibadaimon, Minato-ku, Tokyo, Japan 6th Floor", ,,데이터베이스 및 온라인정보 제공업,2015-10-26,12월
(주)엘지씨엔에스,"LG CNS Co., Ltd.",LG씨엔에스,064400,현신균,유가증권시장,110111-0516695,116-81-19477,서울특별시 강서구 마곡중앙8로 71,www.lgcns.com,,컴퓨터시스템 통합 자문 및 구축 서비스업,1987-01-14,12월
(주)LG유플러스,LG Uplus Corp,LG유플러스,032640,홍범식,유가증권시장,110111-1296676,220-81-39938,서울특별시 용산구 한강대로 32 (한강로3가) LG유플러스 용산사옥,www.uplus.co.kr,,무선 및 위성 통신업,1996-07-11,12월
주식회사LG인터넷,LG IteNet I.,LG인터넷, ,김영찬,기타법인,110111-1437676,116-81-65059,서울특별시 영등포구 여의도동 20,www.haeli.et,,그 외 기타 전기 통신업,1997-07-10,12월
(주)LG파워콤,LG Powercom Corporation,LG파워콤,045820,이정식,기타법인,110111-1863889,120-81-98035,서울특별시 서초구 서초동 1329-7 신덕빌딩,www.lgpwc.com,,유선 통신업,2000-01-26,12월
(주)엘지헬로비전,LG HelloVision Corp.,LG헬로비전,037560,송구영,유가증권시장,110111-1144297,117-81-13423,"서울특별시 마포구 월드컵북로56길 19 6층(상암동, 드림타워)",www.lghellovision.net,,유선 방송업,1995-03-31,12월
LINFRA CORP.,LINFRA CORP.,LINFRACORP., ,KITH JAMBONGANAN,기타법인, ,53301,"07390 (삼각동, 신한금융그룹) 1층 신한투자증권 서울금융센터", ,,전기 통신업,2000-12-14,12월
LOCOJOY HONG KONG HOLDINGS LIMITED,LOCOJOY HONG KONG HOLDINGS LIMITED,LOCOJOYHONGKONGHOLDINGSLIMITED, ,Xing Shanhu,기타법인, ,1670641,"FLAT 2, 19/F HENAN BLDG 90-92 JAFFE RD WANGHAL Hong Kong", ,,게임 소프트웨어 개발 및 공급업,2011-10-11,12월
엘에스티라유텍(주),"LS THiRA-UTECH CO.,LTD",LS티라유텍,322180,김정하,코스닥시장,110111-3516105,214-87-95621,서울특별시 강남구 학동로5길 7,ls-thirautech.com,,소프트웨어 개발 및 공급업,2006-08-25,12월
(주)엠83,"M eighty-three Co.,Ltd.",M83,476080,정성진,코스닥시장,110111-7398913,414-88-01623,"서울특별시 마포구 양화로 176, 4층(동교동)",m83.co.kr,,일반 영화 및 비디오물 제작업,2020-02-20,12월
Magilink PTE. LTD.,Magilink PTE. LTD.,MagilinkPTE.LTD., ,Lee Nag Young,기타법인, ,25864,"3 Anthony Road, #09-03 Orchard Scotts, Singapore 229953", ,,기타 정보기술 및 컴퓨터운영 관련 서비스업,2000-03-02,12월
(주)MDS테크,MDS Tech Inc.,MDS테크,086960,"이창열, 이정승",코스닥시장,110111-1626188,117-81-22859,"경기도 성남시 분당구 대왕판교로644번길 49 9층(삼평동, DTC타워)",www.mdstech.co.kr,,시스템 소프트웨어 개발 및 공급업,1998-12-29,12월
네이버(주),NAVER Corporation,NAVER,035420,최수연,유가증권시장,110111-1707178,220-81-62517,경기도 성남시 분당구 정자일로 95 1784,www.navercorp.com,https://www.navercorp.com/investment/investors,포털 및 기타 인터넷 정보매개 서비스업,1999-06-02,12월
(주)넥스트엔터테인먼트월드,"Next Entertainment World Co., Ltd.",NEW,160550,김우택,코스닥시장,110111-3922550,120-87-29530,서울특별시 강남구 학동로9길 5 -,www.its-new.co.kr,,"영화, 비디오물, 방송프로그램 제작 및 배급업",2008-06-25,12월
"NEXON Co., Ltd.","NEXON Co., Ltd.","NEXONCo.,Ltd.", ,Owen Mahoney,기타법인, ,34680,2-3-1 Shinkawa Chuo-ku Tokyo 104-0033 Japan,www.nexon.co.jp,,게임 소프트웨어 개발 및 공급업,2002-12-18,12월
(주)엔이능률,"NE Neungyule, Inc.",NE능률,053290,주민홍 (각자 대표이사) 이정진 (각자 대표이사),코스닥시장,110111-1051137,105-81-65267,서울특별시 마포구 월드컵북로 396 누리꿈스퀘어 비즈니스타워 10층,www.neungyule.com,,서적 출판업,1994-06-28,12월
엔에이치엔(주),NHN Corporation,NHN,181710,정우진,유가증권시장,131111-0350139,144-81-15549,경기도 성남시 분당구  대왕판교로645번길 16 플레이뮤지엄,www.nhn.com,,게임 소프트웨어 개발 및 공급업,2013-08-01,12월
(주)엔에이치엔벅스,NHN BUGS Corporation,NHN벅스,104200,왕문주,코스닥시장,110111-2539322,211-87-15555,"서울특별시 강남구 강남대로 586 (논현동, 제이빌딩)",www.bugs.co.kr,https://www.bugscorp.co.kr/ir/notification,소프트웨어 개발 및 공급업,2002-06-03,12월
나이스평가정보 주식회사,"NICE Information Service Co., Ltd.",NICE평가정보,030190,김종윤,유가증권시장,110111-0393283,116-81-15020,서울특별시 영등포구 은행로 17,www.niceinfo.co.kr,www.niceinfo.co.kr,데이터베이스 및 온라인정보 제공업,1985-02-28,12월
"NTT DoCoMo, Inc.","NTT DoCoMo, Inc.","NTTDoCoMo,Inc.", ,Masao Nakamura,기타법인, ,010-00-1067912,"2-11-1, Nagato-cho, Chiyoda-ku, Tokyo 100-6150 Japan", ,,무선 및 위성 통신업,1972-08-14,12월
NURI Technologies Inc.,NURI Technologies Inc.,NURITechnologiesInc., ,"Park, Elizabeth",기타법인, ,BC1131516,SUITE 1800-510 WEST GEORGIA STREET VANCOUVER BC V6B 0M3 CANADA,https://apivio.com,,소프트웨어 개발 및 공급업,2013-09-09,12월
OCI정보통신(주),OCI Information & Communication,OCI정보통신, ,오선관,기타법인,110111-1443780,104-81-41995,"서울특별시 중구 소공로 94 (소공동, OCI주식회사)",www.ocic.co.kr,,기타 정보기술 및 컴퓨터운영 관련 서비스업,1997-07-23,12월
Oniontech Limited,Oniontech Limited,OniontechLimited, ,장종정,기타법인, ,19177,"8 Cross Street #11-00 PWC Building, Singapore 048424",www.oniontech.com,,시스템 소프트웨어 개발 및 공급업,2004-09-16,12월
(주)SA&K,SA&K Inc,SA&K, ,김용욱,기타법인,135011-0080750,134-81-39087,경기도 안산시 사1동 한양대학교안산캠퍼스 창업보육센터 306호,www.SA3000.com,,시스템 소프트웨어 개발 및 공급업,1998-04-03,06월
(주)에스에이엠지엔터테인먼트,"SAMG ENTERTAINMENT CO.,LTD",SAMG엔터,419530,김수훈,코스닥시장,110111-2034562,214-86-64290,서울특별시 강남구 테헤란로 325 8층,www.samg.net,,애니메이션 영화 및 비디오물 제작업,2000-07-26,12월
SBI핀테크솔루션즈(주),"SBI FinTech Solutions Co., Ltd.",SBI핀테크솔루션즈,950110,카네코 유이치,기타법인, ,35194,"일본 동경 시부야구 시부야 2-1-1, 아오야마 퍼스트 빌딩",https://www.sbi-finsol.co.jp/kr/,www.sbi-finsol.co.jp/kr,응용 소프트웨어 개발 및 공급업,2011-04-04,03월
(주)SBS,SEOUL BROADCASTING SYSTEM,SBS,034120,방문신,유가증권시장,110111-0731483,116-81-39357,서울특별시 양천구  목동서로 161,www.sbs.co.kr,,지상파 방송업,1990-11-14,12월
SBS미디어홀딩스(주),SBS Media Holdings,SBS미디어홀딩스,101060,신경렬,기타법인,110111-3852856,117-81-64510,서울특별시 양천구  목동서로 161,www.sbsmedia.co.kr,,텔레비전 방송업,2008-03-04,12월
(주)SC유나이티드,"SC UNITED Co., Ltd",SC유나이티드, ,성현기,기타법인,131111-0045590,129-81-32234,서울특별시 강남구 논현로145길 20 논현빌라 1층,-,,시스템 소프트웨어 개발 및 공급업,2000-01-20,12월
에스지에이 솔루션즈(주),"SGA Solutions Co.,Ltd.",SGA솔루션즈,184230,최영철,코스닥시장,110111-5221158,107-88-01818,경기도 의왕시 광진말로 54 의왕스마트시티퀀텀 B525호,sgasol.kr,,소프트웨어 개발 및 공급업,2013-09-05,12월
SINCETIMES HK SCIENCE COMPANY LIMITED,SINCETIMES HK SCIENCE COMPANY LIMITED,SINCETIMESHKSCIENCECOMPANYLIMITED, ,WANG Bin,기타법인, ,2124323,"서울특별시 강남구 테헤란로 312 (역삼동, 비젼타워)", ,,게임 소프트웨어 개발 및 공급업,2014-07-24,12월
(주)스카이월드와이드,"SKAI worldwide Co., Ltd.",SKAI,357880,신재혁,코스닥시장,110111-5255214,220-88-68408,서울특별시 강남구 테헤란로 516 정헌빌딩 4층,www.skaiworldwide.com,,응용 소프트웨어 개발 및 공급업,2013-10-28,12월
SKC&C(주), ,SKC&C, ,변재국,기타법인, , ,서울특별시 강남구 대치동 892 포스코센타서관15, ,,시스템 소프트웨어 개발 및 공급업, , 
SK IMT 주식회사,"SK IMT Co., Ltd.",SKIMT, ,강용수,기타법인,110111-2188129,101-81-68016,서울특별시 중구 태평로 1가 84 서울파이낸스센터, ,,무선 및 위성 통신업,2001-03-08,12월
"Skywinds Technology Co., Ltd","Skywinds Technology Co., Ltd","SkywindsTechnologyCo.,Ltd", ,Yunpeng He,기타법인, ,43772,"OMC Chambers, Wickhams Cay 1, Road Town, Tortola, British Virgin Island", ,,시스템 소프트웨어 개발 및 공급업,2014-08-26,12월
SK마케팅앤컴퍼니 주식회사,SK Marketing & Company Co. Ltd,SK마케팅앤컴퍼니, ,이방형,기타법인,110111-3874066,104-86-13723,서울특별시 중구 남대문로4가 45, ,,데이터베이스 및 온라인정보 제공업,2008-04-07,12월
SK텔레콤(주),"SK TELECOM CO.,LTD",SK텔레콤,017670,유영상,유가증권시장,110111-0371346,104-81-37225,서울특별시 중구  을지로 65 (을자로2가),www.sktelecom.com,,무선 및 위성 통신업,1984-04-20,12월
So-net Entertainment Corporation,So-net Entertainment Corporation,So-netEntertainmentCorporation, ,요시다 겐이치로,기타법인, ,31522,"ThinkPark Tower, 2-1-1 Osaki, Shinagawa-ku, Tokyo, 141-6010 Japan", ,,유선 통신업,1995-11-01,03월
(주)숲,"SOOP CO., LTD.",SOOP,067160,"Seo Soo Kiel, Choi Young Woo",코스닥시장,110111-1263203,220-81-10886,"경기도 성남시 분당구  판교로228번길 15 판교7벤처밸리3 1단지 2동 201, 901호",corp.afreecatv.com,corp.afreecatv.com/ir.php,소프트웨어 개발 및 공급업,1996-04-22,12월
SR정보통신주식회사,"SR Information Communication CO.,LTD.",SR정보통신, ,최형섭,기타법인,110111-1298713,211-86-15577,서울특별시 서초구 잠원동 25-30 부림빌딩 2층,www.sr.co.kr,,시스템 소프트웨어 개발 및 공급업,1996-07-18,12월
Sun Seven Stars Hong Kong Cultural Development Limited,Sun Seven Stars Hong Kong Cultural Development Limited,SunSevenStarsHongKongCulturalDevelopmentLimited, ,"WANG, PAO-YUN",기타법인, ,41442,"서울특별시 강남구 압구정로 208 (신사동, 본경빌딩) 3층", ,,"영화, 비디오물 및 방송프로그램 배급업",2015-04-30,12월
더이앤엠(주),"THE E&M Co., Ltd.",THE E&M,089230,신환률,코스닥시장,180111-0414837,603-81-50424,서울특별시 서초구 강남대로101안길 41 .,www.theenm.com,,기타 정보 서비스업,2002-07-08,12월
UNITED TECHNOLOGIES CORP.,UNITED TECHNOLOGIES CORP.,UNITEDTECHNOLOGIESCORP., ,GILLES A RENAUD,기타법인, ,5458,서울특별시 종로구 신문로2가 시티빌딩, ,,컴퓨터시스템 통합 자문 및 구축 서비스업,1934-07-21,01월
"VeriSign, Inc.","VeriSign, Inc.","VeriSign,Inc.", ,"Richard H, Goshorn",기타법인, ,IRS 94-3221585,"21355 Ridgetop Circle, Dulles, Virginia 20166, USA",www.verisign.com,,응용 소프트웨어 개발 및 공급업,1995-04-12,12월
WEBTOON ENTERTAINMENT INC.,WEBTOON ENTERTAINMENT INC.,WEBTOONENTERTAINMENTINC., ,JUN KOO KIM,기타법인, ,3948558,"5700 WILSHIRE BLVD. SUITE 220 LOS ANGELES, CA 90036", ,,만화 출판업,2016-09-09,12월
WEMIX PTE. LTD.,WEMIX PTE. LTD.,WEMIXPTE.LTD., ,"Kim, Suk Hwan",기타법인, ,201-90-34329,"CAPITAGREEN, SINGAPORE 048946", ,,게임 소프트웨어 개발 및 공급업,2019-01-29,12월
Wiselink Holdings Limited,Wiselink Holdings Limited,WiselinkHoldingsLimited, ,"MichaelV, Pollcarplo",기타법인, ,k0027701,IFS chambers road town british vlrgin Islands, ,,기타 정보기술 및 컴퓨터운영 관련 서비스업,1999-07-15,12월
(주)와이지플러스,"YG PLUS, INC.",YG PLUS,037270,최성준,유가증권시장,110111-1342289,120-81-67338,"서울특별시 영등포구 국제금융로 10 19층, (여의도동, 쓰리아이에프씨)",www.ygplus.com,,"자료처리, 호스팅, 포털 및 기타 인터넷 정보매개 서비스업",1996-11-15,12월
(주)와이티엔,YTN,YTN,040300,-,코스닥시장,110111-0971873,102-81-32883,서울특별시 마포구 상암산로 76와이티엔뉴스퀘어,www.ytn.co.kr,,"영화, 비디오물, 방송프로그램 제작 및 배급업",1993-09-14,12월
주식회사가람코리아,"Garam.co.,ltd",가람코리아, ,김석철,기타법인,200111-0194658,410-81-89268,광주광역시 광산구 우산동 1587-1, ,,영화관 운영업,2004-06-03,12월
(주)가민정보시스템,"COMIN Information Systems Inc,.",가민정보시스템, ,"신용민, 이신성",기타법인,200111-0045918,410-81-22404,광주광역시 남구 진월동 314-7번지 광주은행3층,www.comin.com,,시스템 소프트웨어 개발 및 공급업,1994-07-01,12월
(주)가브린트,"Gavrint Co.,Ltd.",가브린트, ,김용휴,기타법인,131111-0427855,178-86-00272,"경기도 성남시 분당구 황새울로200번길 28 (수내동, 오너스타워) 11층 알1182호",www.gavrint.com,,모바일 게임 소프트웨어 개발 및 공급업,2015-11-23,12월
(주)가비아,"GABIA,Inc.",가비아,079940,"김홍국, 원종홍 (공동대표이사)",코스닥시장,110111-1777585,214-86-39239,"경기도 과천시 과천대로7나길 34 4~6층 (갈현동, 가비아 앳)",www.gabia.com,,시스템 소프트웨어 개발 및 공급업,1999-09-21,12월
주식회사 가비아씨엔에스,"gabia C&S Co.,Ltd.",가비아씨엔에스, ,원종홍,기타법인,110111-3820499,113-86-18829,"경기도 성남시 분당구 대왕판교로 670 A동 403,404호 B동 312,322,323호", ,,응용 소프트웨어 개발 및 공급업,2008-01-10,12월
가산디씨제이브이 주식회사,"Gasan DC JV Co., Ltd.",가산디씨제이브이, ,최재우,기타법인,110111-8104955,176-86-02541,"서울특별시 영등포구 국제금융로 10 (여의도동, 서울국제금융센터)", ,,호스팅 및 관련 서비스업,2021-11-24,12월
(주) 가야미디어,KAYA MEDIA CORPORATION,가야미디어, ,김영철,기타법인,110111-0895445,120-81-28164,서울특별시 중구 정동 15-5 정동빌딩 5층,www. kayamedia.com,,잡지 및 정기간행물 발행업,1992-10-13,12월
(주)가온데이터,Gaondata,가온데이터, ,이태재,기타법인,110111-5205772,108-86-07693,"서울특별시 영등포구 여의대방로69길 7 (여의도동, 충무빌딩) 607호", ,,기타 정보기술 및 컴퓨터운영 관련 서비스업,2013-08-16,12월
가온소프트(주),"GAONSOFT CO.,LTD.",가온소프트, ,남창현,기타법인,190111-0040292,608-81-40222,경상남도 창원시 마산회원구 봉암공단13길 15-13 나래관 3층,www.gaonsoft.com,,소프트웨어 개발 및 공급업,2000-11-07,12월
가온아이,"KAONI Co., Ltd",가온아이, ,조창제,기타법인,110111-1957038,211-86-97088,"경기도 과천시 과천대로12길 117 (갈현동, 과천펜타원) D동 15층",www.kaoni.com,,시스템 소프트웨어 개발 및 공급업,2000-05-01,12월
(주)가이블,GIBLE,가이블, ,김대중,기타법인,120111-0221119,121-81-37050,인천광역시 남구 용현동 253 인하대 창업지원센타 221호,www.gible.com,,게임 소프트웨어 개발 및 공급업,2000-05-03,12월
주식회사 가이아모바일코리아,"gaea mobile korea co., ltd.",가이아모바일코리아, ,YANG ZHUO(양탁),기타법인,110111-5594521,220-88-93912,"서울특별시 강남구 테헤란로8길 40 (역삼동, 알티넷빌딩) 4층", ,,게임 소프트웨어 개발 및 공급업,2014-10-24,12월
주식회사 가이온,"GAION Co.,Ltd.",가이온, ,강현섭,기타법인,110111-3643198,204-86-02491,대전광역시 유성구 엑스포로 1 (도룡동) 19층 1902,www.gaion.kr,,응용 소프트웨어 개발 및 공급업,2007-04-02,12월
가인정보처리주(주),"Kain Infomation Co., LTD",가인정보처리주, ,"이형남, 양병수",기타법인,115911-0019416,128-81-35131,서울특별시 종로구 연지동 136-74 서울보증보험빌딩5층,www.magic-sw.co.kr,,시스템 소프트웨어 개발 및 공급업,1998-07-29,03월
(주)가자아이,gajai,가자아이, ,박준수,기타법인,110111-1938856,119-81-37834,서울특별시 금천구 독산동 146-14,gajai.co.kr,,게임 소프트웨어 개발 및 공급업,2000-04-12,12월
(주)가치네트,"Gaccinet Co., Ltd.",가치네트, ,홍석진,기타법인,110111-1997654,220-81-90390,서울특별시 강남구 테헤란로 318 (역삼동) 일옥빌딩 23층,www.wealthia.com,,시스템 소프트웨어 개발 및 공급업,2000-06-15,12월
(주)가톨릭신문사,The Catholic Times,가톨릭신문사, ,황용식,기타법인,170111-0064816,501-81-15062,"대구광역시 중구 서성로 20 5층(계산동2가, 대구매일신문사,대구은행계산동지점)",www.catholictimes.org,,잡지 및 정기간행물 발행업,1993-03-02,12월
주식회사 가하티에스,KAHA TS,가하티에스, ,박광호,기타법인,110111-3603225,101-86-29060,서울특별시 종로구 관훈동 155-2, ,,시스템 소프트웨어 개발 및 공급업,2007-01-19,12월
(주)갈라랩,GALA LAB Corp.,갈라랩, ,김현수,기타법인,110111-2515786,120-86-37085,"경기도 성남시 분당구 분당내곡로 117 5층 (백현동, 그레이츠판교(GREITSPANGYO))",www.galalab.kr,,게임 소프트웨어 개발 및 공급업,2002-05-04,12월
(주)갑우문화사,"GABWOO PRINTING CO., LTD",갑우문화사, ,전순관,기타법인,110111-0913049,107-81-40772,경기도 파주시 산업단지길 179, ,,기타 인쇄물 출판업,1993-02-01,12월
강남대성수능연구소,GANGNAM DAESUNG RESEARCH,강남대성수능연구소, ,김대연,기타법인,110111-6604220,461-88-00896,서울특별시 강남구 테헤란로8길 21 화인강남빌딩 3층(역삼동), ,,교과서 및 학습서적 출판업,2017-12-20,12월
강남테크 주식회사,"Gangnam Tech Co.,Ltd",강남테크, ,최인오,기타법인,121111-0311498,747-88-00539,"경기도 부천시 길주로 243 304호(중동, 제일프라자)", ,,그 외 기타 정보 서비스업,2016-07-25,10월
(주) 강동종합유선방송,"Kangdong CATV Co., Ltd.",강동종합유선방송, ,정영우,기타법인,110111-0803159,212-81-20156,서울특별시 강동구 천호동 338-23 ,www.cnm.co.kr,,유선 방송업,1999-10-13,12월
주식회사 강원네트웍스,Kangwon Networks,강원네트웍스, ,조병기,기타법인,140111-0012879,221-81-15749,강원도 춘천시 후평3동 795-1, ,,유선 방송업,1999-12-17,12월
(주)강원도민일보,THE KANGWON DOMIN ILBO,강원도민일보, ,김중석,기타법인,140111-0006938,221-81-05601,"강원도 춘천시 후석로462번길 22 (후평동, 강원도민일보사)",www.kado.net,,신문 발행업,1992-07-24,12월
주)강원일보,kang won il bo,강원일보, ,박진오,기타법인,140111-0000246,221-81-00187,"강원도 춘천시 중앙로 23 (중앙로1가, 강원일보사)",www.kwnews.co.kr,,"서적, 잡지 및 기타 인쇄물 출판업",1945-10-24,12월
(주)강제규필름,"Kang JeGyu Films Co., Ltd.",강제규필름, ,최진화,기타법인,110111-1527550,120-81-79076,서울특별시 서초구 양재2동 363 엔게디빌딩 ,http://www.kjgfilm.com,,일반 영화 및 비디오물 제작업,1998-03-25,12월
주식회사개금유선방송,"GAGUM YUSUN BROADECASTING CO.,Ltd.",개금유선방송, ,이준영,기타법인,180111-0298786,605-81-33080,부산광역시 부산진구 개금동 554-157번지, ,,유선 방송업,1999-09-04,12월
(주)개념원리,"GAENYEOMWONRI CO., LTD",개념원리, ,고사무열,기타법인,110111-2788408,220-86-64126,"서울특별시 강남구 강남대로 262 (도곡동, 캠코양재타워) 14층",www.imath.tv,,서적 출판업,2003-05-27,12월
개봉뉴스테이제이차주식회사,"Gae bong new stay 2nd co., ltd",개봉뉴스테이제이차, ,조형일,기타법인,110111-6252566,763-87-00591,서울특별시 영등포구 국제금융로 24 (여의도동), ,,그 외 기타 정보 서비스업,2016-12-07,04월
개암나무(주),GAEAMNAMU PUBLISHER,개암나무, ,김보경,기타법인,110111-3475012,214-87-91867,"서울특별시 마포구 독막로 320 (도화동, 마포태영데시앙) 10층 1008호", ,,일반 서적 출판업,2006-06-13,12월
(주)객체정보기술,objectsoft,객체정보기술, ,김계철,기타법인,110111-1566425,108-81-16770,서울특별시 서초구 서초동1625-2 한광빌딩,www.objectsoft.co.kr,,시스템 소프트웨어 개발 및 공급업,1998-08-01,12월
갤럭시아넥스트 주식회사,"Galaxia Next Co.,Ltd.",갤럭시아넥스트, ,신동훈,기타법인,110111-8237011,252-81-02549,"서울특별시 강남구 광평로 281 (수서동, 수서빌딩) 12층 1503호",https://www.metagalaxia.com/,,응용 소프트웨어 개발 및 공급업,2022-03-21,12월
갤럭시아마이크로페이먼트 주식회사,"Galaxia Micro Payment Co., Ltd.",갤럭시아마이크로페이먼트, ,김용광,기타법인,110111-5744689,147-87-00052,서울특별시 강남구 광평로 281 (수서동) 12층 1501호, ,,포털 및 기타 인터넷 정보매개 서비스업,2015-06-08,12월
갤럭시아머니트리(주),"GalaxiaMoneytree Co.,Ltd.",갤럭시아머니트리,094480,신동훈,코스닥시장,110111-1081928,120-81-60844,서울시 강남구 수서동 715번지 수서오피스 빌딩 12층,www.galaxiamoneytree.co.kr,https://galaxiamoneytree.irpage.co.kr/#/main,시스템 소프트웨어 개발 및 공급업,1994-10-05,12월
갤럭시아메타버스(주),"Galaxia Metaverse Co.,Ltd.",갤럭시아메타버스, ,한봉용,기타법인,110111-7894010,351-86-02157,"서울특별시 강남구 광평로 281 12층 1502호(수서동, 수서오피스빌딩)",https://kor.galaxiametaverse.com/,,응용 소프트웨어 개발 및 공급업,2021-05-21,12월
갤럭시아미디어 (주),GALAXIA MEDIA,갤럭시아미디어, ,김성남,기타법인,110111-1849847,220-81-74333,서울특별시 강남구 논현동237-11 파크랜드빌딩 13층,www.infobada.com,,시스템 소프트웨어 개발 및 공급업,2000-01-12,12월
갤럭시아커뮤니케이션즈 (주),Galaxia Communications,갤럭시아커뮤니케이션즈, ,김성남,기타법인,110111-2558174,220-86-41991,서울특별시 강남구 청담동 52 청담빌딩 9층,www.galaxiacommunications.co.kr,,출판업,2002-06-29,12월
(주)갬코,Gamco,갬코, ,김병술,기타법인,200111-0313456,410-86-47074,광주광역시 남구 송하동 373-3 씨지아이센터,-,,"영화, 비디오물 및 방송프로그램 제작 관련 서비스업",2011-02-15,12월
주식회사 거산엔터,"Co., Ltd KEOSAN ENTER ",거산엔터, ,강만중,기타법인,210111-0054967,418-81-22029,전라북도 전주시 덕진구 송천동2가 66-15, ,,영화관 운영업,2007-02-06,12월
(주)거세기술,GUSE Technologies Inc.,거세기술, ,박정호,기타법인,110111-1344665,220-81-40191,서울특별시 강남구 역삼동 645-14(신한빌딩 3층),www.gusetech.co.kr,,시스템 소프트웨어 개발 및 공급업,1996-11-22,12월
주식회사 거인미디어,GEOINMEDIA CORPORATION,거인미디어, ,최형일,기타법인,110111-5114642,110-86-05290,"서울특별시 서대문구 신촌역로 22-6 (대현동, 한국정책신문빌딩)",geoinmedia.com,,방송 프로그램 제작업,2013-04-16,12월
(주)건설기계인,kungiin,건설기계인, ,김태영,기타법인,110111-1882235,204-81-48231,"서울특별시 중랑구 용마산로 194 (면목동, 용마산타워) 202호", ,,"신문, 잡지 및 정기간행물 출판업",2000-02-18,12월
주식회사 건한시스템,"Conhan Systems Co.,LTD",건한시스템, ,신동헌,기타법인,110111-1577539,120-81-82436,서울특별시 강남구 역삼동 648-26 진진빌딩 12층,www.conhan.com,,시스템 소프트웨어 개발 및 공급업,1998-08-21,12월
게이트아이닷컴 주식회사,GATEI.COM,게이트아이닷컴, ,윤석천,기타법인,110111-1853583,120-81-98151,서울특별시 강남구 도곡동 902-124 트윈빌딩 2F, ,,데이터베이스 및 온라인정보 제공업,2000-01-17,12월
주식회사 게임덱스,gamedex corporation,게임덱스, ,배준석,기타법인,110111-6022836,144-87-00392,"경기도 성남시 분당구 황새울로 324 (서현동, 송강빌딩) 4층",gamedex.co.kr/,,모바일 게임 소프트웨어 개발 및 공급업,2016-04-05,12월
주식회사 게임듀오,Gameduo Co Ltd,게임듀오, ,"최재원, 송승준",기타법인,110111-7188471,552-86-01407,경기도 성남시 수정구 창업로 43 (시흥동) B동 907-909호, ,,모바일 게임 소프트웨어 개발 및 공급업,2019-08-19,12월
게임마케팅앤비즈니스(주),Game Marketing & Business,게임마케팅앤비즈니스, ,정연훈,기타법인,110111-4342426,214-88-59296,"경기도 성남시 분당구 대왕판교로645번길 16 (삼평동, 플레이뮤지엄)",www.gamemb.co.kr/,,응용 소프트웨어 개발 및 공급업,2010-06-01,12월
게임벤처(주),GameVenture Inc.,게임벤처, ,윤기수,기타법인,110111-1904683,120-86-01331,서울특별시 강남구 삼성동 143-42 원방빌딩 14층,http://www.gvinc.co.kr/,,게임 소프트웨어 개발 및 공급업,2000-03-14,12월
(주)게임아이,GAME i CO.LTD,게임아이, ,이석건,기타법인,110111-1669419,120-81-87751,서울특별시 영등포구 여의도동 45-13 코오롱 포레스텔 1101호,www.gamei.co.kr,,시스템 소프트웨어 개발 및 공급업,1999-03-14,12월
(주)게임알로,GAMEALLO.co.ltd,게임알로, ,노재학,기타법인,110111-2098063,108-81-25264,서울특별시 동작구 사당동 278-2 3층,www.gameallo.com,,게임 소프트웨어 개발 및 공급업,2000-11-25,12월
게임웍스 주식회사,"Gameworks, Inc",게임웍스, ,김상규,기타법인,110111-3114933,220-86-94601,서울특별시 강남구 역삼1동 746-16 영화빌딩 3층,http://www.gameworks.co.kr,,게임 소프트웨어 개발 및 공급업,2004-11-11,12월
(주)게임펍,"Gamepub co.,ltd.",게임펍, ,조성태,기타법인,110111-5735703,279-81-00148,"서울특별시 구로구 디지털로26길 111 (구로동, 제이앤케이디지털타워) 601~603호",gamepub.co.kr/,,모바일 게임 소프트웨어 개발 및 공급업,2015-05-28,12월
게임하이(주),GameHi Inc.,게임하이, ,배한욱,기타법인,110111-2015174,114-86-00512,서울특별시 서초구 서초3동 1596-3 쿠스코빌딩 ,www.gamehi.net,,게임 소프트웨어 개발 및 공급업,2000-07-03,12월
(주)게토코리아,"GETOKOREA., CO., LTD.",게토코리아, ,이광섭,기타법인,110111-1326275,116-81-61766,서울특별시 마포구 동교동 165-5 대아빌딩 9층,www.geto.co.kr,,시스템 소프트웨어 개발 및 공급업,1996-10-10,12월
(주)겜채널,"Gamchannel Co., LTd",겜채널, ,김계수,기타법인,110111-2207359,114-86-07515,서울특별시 금천구 가산동 484-11 대륭테크노타운 8차1011호,http://www.gamchannel.com,,프로그램 공급업,2001-04-02,12월
주식회사 겜프스,GAMFS Inc.,겜프스, ,"이준희, 김승철",기타법인,134111-0238811,138-81-84513,"경기도 성남시 분당구 대왕판교로645번길 14 (삼평동, 네오위즈) 네오위즈판교타워 4층", ,,모바일 게임 소프트웨어 개발 및 공급업,2013-06-04,12월
주식회사 겜프스엔,GAMFS N Inc.,겜프스엔, ,이준희,기타법인,131111-0655513,230-81-13105,"경기도 성남시 분당구 대왕판교로645번길 14 (삼평동, 네오위즈) 4층", ,,모바일 게임 소프트웨어 개발 및 공급업,2021-12-17,12월
(주)겟앤쇼,Get & Show,겟앤쇼, ,강호남,기타법인,170111-0453150,502-86-15755,"서울특별시 마포구 마포대로 109 (공덕동, 롯데캐슬프레지던트) 101동 3402호",getn.show/,,포털 및 기타 인터넷 정보매개 서비스업,2012-02-28,12월
주식회사 경기방송,GYEONGGI BROADCASTING,경기방송, ,최승대,기타법인,130111-0041341,124-81-47896,"경기도 수원시 영통구 매영로345번길 111 (영통동, (주)경기방송)5층 경영지원국",kfm.co.kr,,라디오 방송업,1997-01-15,12월
(주)경기일보,kyeonggiilbo,경기일보, ,신항철,기타법인,130111-0021707,135-81-07633,경기도 수원시 장안구 경수대로973번길 6 (송죽동),www.kyeonggi.com,,신문 발행업,1988-08-08,12월
주식회사 경남도민일보,THE KYOUNG NAM DOMIN ILBO,경남도민일보, ,이순항,기타법인,190111-0034609,608-81-33944,경상남도 마산시 회원구 양덕동 151-25번지, ,,신문 발행업,1999-03-26,12월
(주)경남문화창작소,"Gyeongnam Munhwa Changjacso Co., Ltd.",경남문화창작소, ,권화영,기타법인,194911-0012506,612-81-18883,경상남도 창원시 마산합포구 합포로 161 2층 (산호동), ,,유선 통신업,2004-03-09,12월
주식회사경남신문사,The Kyongnam Shinman,경남신문사, ,남길우,기타법인,194211-0000860,609-81-04438,"경상남도 창원시 성산구 중앙대로210번길 3 (신월동, (주)경남신문사)",www.knnews.co.kr,,신문 발행업,1962-05-31,12월
주식회사 경상일보,KYUNGSANG ILBO,경상일보, ,홍남출,기타법인,181211-0009924,610-81-07906,울산광역시 남구 무거동 299-10,WWW. KSILBO.CO.KR,,신문 발행업,1994-08-15,12월
(주)경인기술,Kyeong In Tec.Co.,경인기술, ,김혜중,기타법인,110111-1781031,113-81-56416,"서울특별시 영등포구 양산로 43 601호(양평동3가, 양평동우림이비지센타)", ,,정보서비스업,1999-10-01,12월
(주)경인방송,"Kyung-In Broadcasting,limited",경인방송, ,이춘재,기타법인,120111-0145244,131-81-43054,인천광역시 남구 학익동 587-46,www.itv.co.kr,,지상파 방송업,1997-01-07,12월
(주) 경인일보,THE KYEONG IN IL BO,경인일보, ,김화양,기타법인,130111-0001634,124-81-00173,경기도 수원시 팔달구 효원로 299 (인계동),www.kyeongin.com,,신문 발행업,1945-10-07,12월
주식회사 경포씨엔씨,Kyungpo Cumputer & Communication,경포씨엔씨, ,남기원,기타법인,110111-2615528,105-86-44840,"서울특별시 성동구 성수이로20길 16 6층 (성수동2가, 제이케이타워)",www.kpcnc.co.kr,,시스템 소프트웨어 개발 및 공급업,2002-10-01,12월
(주)경향닷컴,kyunghyang.com,경향닷컴, ,조성환,기타법인,110111-1874521,104-81-50140,서울특별시 중구 정동 22 경향신문사본관 15층,www.khan.co.kr,,기타 정보기술 및 컴퓨터운영 관련 서비스업,2000-02-11,03월
(주)경향미디어그룹,Kyunghyang Media Group,경향미디어그룹, ,이상우,기타법인,110111-2256348,104-81-62888,서울특별시 중구 정동 경향신문사건물 3층,www.hot.co.kr,,잡지 및 정기간행물 발행업,2001-06-08,12월
(주)경향신문사,THE KYUNGHYANG DAILY NEWS,경향신문사, ,김석종,기타법인,110111-0706501,110-81-23070,"서울특별시 중구 정동길 3 (정동, 경향신문사건물)",www.khan.co.kr,,신문 발행업,1946-10-06,12월
(주)경희매니지먼트컴퍼니,"KYUNGHEEMANAGEMENTCOMPANY CO.,LTD",경희매니지먼트컴퍼니, ,오건영,기타법인,110111-3392505,204-81-95694,서울특별시 동대문구 회기동 36-26,www.kh-kmc.co.kr,,소프트웨어 개발 및 공급업,2006-02-03,12월
주식회사 계림북스,"kyelimbooks co., ltd.",계림북스, ,오형석 외 1,기타법인,110111-1970444,101-81-58309,서울특별시 마포구 창전로 74 (신수동),www.kyelimbook.com,,교과서 및 학습서적 출판업,2000-05-17,12월
(주)계몽드림웍스,KEMONGDREAMWORKS,계몽드림웍스, ,이종호,기타법인,110111-4937756,220-88-44518,"서울특별시 마포구 독막로 10 302호(합정동, 성지빌딩 3층)", ,,일반 서적 출판업,2012-09-01,12월
(주)계몽사,KEMONGSA CO. LTD,계몽사, ,이대영,기타법인,110111-0207210,220-81-03804,서울특별시 종로구 홍지동 36-33,www.kemongsa.co.kr,,서적 출판업,1976-12-29,12월
계영정보통신(주),"GYEYOUNG CO.,LTD",계영정보통신, ,유상선,기타법인,110111-2481218,120-86-35336,"경기도 안양시 동안구 학의로 282 919호(관양동, 금강펜테리움IT타워)",14056,,"컴퓨터 프로그래밍, 시스템 통합 및 관리업",2002-04-01,12월
주식회사 고구려인베스트먼트,Goguryeo Investment,고구려인베스트먼트, ,장동명,기타법인,110111-5510527,107-88-29382,"경기도 용인시 수지구 풍덕천로129번길 9 (풍덕천동, 오성빌딩)", ,,"자료처리, 호스팅, 포털 및 기타 인터넷 정보매개 서비스업",2014-09-05,12월
주식회사 고구미,GOGUMI,고구미, ,"고유철, 강명구",기타법인,135811-0161025,135-86-00708,경기도 부천시 원미구 길주로 1 한국만화영상진흥원 402호(상동),gogumi.co.kr,,애니메이션 영화 및 비디오물 제작업,2008-12-15,12월
주식회사 고누소프트,gonusoft inc.,고누소프트, ,박흥호,기타법인,110111-2235425,214-86-81794,서울특별시 광진구 구의동 546-4 프라임빌딩22층,www.gonusoft.com,,게임 소프트웨어 개발 및 공급업,2001-05-10,12월
주식회사 고려원,Koreaone press. INC.,고려원, ,김낙천,기타법인,110111-0564032,101-81-19698,서울특별시 강남구 논현동 60-13 부광빌딩 4층,koreaone.or.kr,,서적 출판업,1978-05-25,12월
고려이스쿨,coryoeschool,고려이스쿨, ,문상주,기타법인,110111-2025826,106-81-91619,"서울특별시 용산구 한강대로 259 (갈월동, 고려에이트리움)",www.coryoe.com,,교과서 및 학습서적 출판업,2000-07-12,12월
고려정보테크(주),korea it inc,고려정보테크, ,김달문,기타법인,160111-0036453,314-81-07634,서울특별시 강남구 삼성동 143-48 대종빌딩 10층,www.koreait.co.kr,,시스템 소프트웨어 개발 및 공급업,1993-09-01,12월
주식회사 고미코퍼레이션,GOMI CORPORATION,고미코퍼레이션, ,"장건영, 이상",기타법인,110111-7010202,613-86-01212,"서울특별시 강남구 강남대로 624 (신사동, ICTTOWER) 5~7층",www.gomicorp.com/,,컴퓨터 프로그래밍 서비스업,2019-02-12,12월
(주)고속데이타,"SPEED DATA CO., LTD",고속데이타, ,김선경,기타법인,110111-1096612,116-81-35521,서울특별시 서초구 방배2동 449-4 신원빌딩3층,www.speedwin.co.kr,,시스템 소프트웨어 개발 및 공급업,1993-09-15,12월
고스트스튜디오(주),"GHOST STUDIO CO., LTD.",고스트스튜디오,950190,"손창욱, 최명규 (공동대표)",코스닥시장, ,48063,"308 CENTRAL DES VOEUX, NO.308 DES VOEUX, ROAD CENTRAL, HONG KONG UNIT 2601-02, 26/F",www.ghoststudio.net,https://www.ghoststudio.net/ko/referenceRoom,모바일 게임 소프트웨어 개발 및 공급업,2016-09-06,12월
주식회사 고퀄,GOQUAL INC.,고퀄, ,우상범,기타법인,170111-0519316,514-81-92269,"서울특별시 금천구 가산디지털1로 165 1301호(가산동, 가산비지니스센터)", ,,시스템 소프트웨어 개발 및 공급업,2014-02-12,12월
주식회사 고페츠,GOPETS.LTD,고페츠, ,에릭베스키,기타법인,110111-3060748,220-86-89471,"서울특별시 강남구 대치동 942-18 세풍빌딩 2,3,4층",www.gopets.net,,게임 소프트웨어 개발 및 공급업,2004-08-04,12월
주식회사 골드매니지먼트컨설팅,"Gold Management Conslting Co., Ltd",골드매니지먼트컨설팅, ,이대웅,기타법인,110111-1215238,114-81-92924,서울특별시 중랑구 상봉동 92-2 시네마시티, ,,영화관 운영업,1995-11-21,12월
(주)골드앤에스,"Gold&S Co.,Ltd",골드앤에스,035290,신승호,코스닥시장,110111-1100926,120-81-63837,"서울특별시 영등포구 영신로 166 7층 712호,719호~721호  (영등포동6가, 영등포반도아이비밸리)",www.goldns.co.kr,,"서적, 잡지 및 기타 인쇄물 출판업",1994-11-14,12월
(주)골드윈텔레콤,Goldwin Telecom Inc,골드윈텔레콤, ,이정환 외 1명,기타법인,110111-2058306,220-81-96754,서울특별시 강남구 도곡동412-5 아나빌딩,www.goldwinn.com,,통신 재판매업,2000-09-06,12월
(주)골드인터넷,"gold internet co., ltd.",골드인터넷, ,정민호,기타법인,110111-1860215,120-81-99150,서울특별시 강남구 삼성동 161-7번지 성익빌딩 5층,goldspin.com,,시스템 소프트웨어 개발 및 공급업,2000-01-22,03월
골드케이프인베스트먼트(주),Gold Cape Invesment Co.,골드케이프인베스트먼트, ,박주미,기타법인,110111-3436048,214-87-88284,서울특별시 서초구 서초동 1685-8, ,,방송 프로그램 제작업,2006-04-13,12월
주식회사 골드파로스 ,"GoldPharos Co., Ltd",골드파로스, ,현병훈,기타법인,110111-3014919,120-86-68837,서울특별시 영등포구 여의도동 24-5 파이낸셜빌딩 5층 , ,,데이터베이스 및 온라인정보 제공업,2004-06-01,03월
골드플러스제십칠차주식회사,"Gold plus the 17th co., ltd",골드플러스제십칠차, ,고봉준,기타법인,110111-5930402,871-81-00357,서울특별시 영등포구 여의대로 60 (여의도동), ,,그 외 기타 정보 서비스업,2015-12-28,06월
골든벨엔터테인먼트주식회사,"Goldenbell Entertainment Co., Ltd.",골든벨엔터테인먼트, ,정진영,기타법인,110111-0948434,220-81-08401,서울특별시 강남구 대치동 981, ,,게임 소프트웨어 개발 및 공급업,1993-06-11,12월
(주)골든벨코리아,"Golden Bell Korea Co., Ltd.",골든벨코리아, ,이상돈,기타법인,110111-2278863,212-81-52890,서울특별시 성동구 성수동2가 277-17 성수아카데미타워 1803호, ,,시스템 소프트웨어 개발 및 공급업,2001-07-04,12월
(주)골든스토리픽처스,"Goldenstory pictures Co., Ltd.",골든스토리픽처스, ,장정호,기타법인,160111-0421240,151-87-00366,"서울특별시 강남구 선릉로119길 6 4층(논현동, 운빌딩)", ,,"영화, 비디오물 및 방송프로그램 제작 관련 서비스업",2016-03-07,12월
(주)골든썸픽쳐스,GOLDENTHUMB PICTURES,골든썸픽쳐스, ,김용훈,기타법인,110111-4820828,211-88-74833,서울특별시 강남구 도산대로37길 19 (신사동)티엔티빌딩 6층,goldenthumb.co.kr,,영상ㆍ오디오 기록물 제작 및 배급업,2012-03-15,12월
골든웨이브파트너스,"Goldenwavepartners Co.,Ltd.",골든웨이브파트너스, ,김삼수,기타법인,124411-0117714,137-86-16278,"경기도 김포시 사우중로74번길 29 701호 (사우동, 시그마프라자)", ,,기타 정보 서비스업,2011-12-27,12월
(주)골든프레임,"GOLDEN FRAME CO., LTD.",골든프레임, ,박도준,기타법인,110111-3361120,220-87-24460,서울특별시 강남구 역삼동 658-7, ,,일반 영화 및 비디오물 제작업,2006-01-01,12월
(주)골든플래닛,Goldenplanet,골든플래닛, ,김동성,기타법인,131111-0228641,129-86-31676,서울특별시 강남구 언주로 535 (역삼동)골든플래닛타워, ,,응용 소프트웨어 개발 및 공급업,2009-04-09,12월
(주)골콘다아이,"GOLCONDA I Co.,ltd",골콘다아이, ,김평택,기타법인,110111-3929142,120-87-31074,서울특별시 강남구 역삼동 746 PMK빌딩 8층,www.golcondai.com,,포털 및 기타 인터넷 정보매개 서비스업,2008-07-07,12월
(주)골프앤데이타시스템,Golf & Data System,골프앤데이타시스템, ,문태식,기타법인,110111-4009224,105-87-27606,"경기도 성남시 분당구 성남대로 393 (정자동, 두산위브파빌리온) 비-106", ,,데이터베이스 및 온라인정보 제공업,2009-01-19,12월
(주)골프존,"GOLFZON Co., Ltd.",골프존,215000,"최덕형, 박강수",코스닥시장,160111-0393069,122-87-00053,서울특별시 강남구 영동대로 735 -,www.golfzon.com,,기타 게임 소프트웨어 개발 및 공급업,2015-03-03,12월
주식회사 곰앤컴퍼니,Gom&Company,곰앤컴퍼니, ,이병기,기타법인,110111-1649578,120-81-86669,"서울특별시 송파구 문정로4길 16 (문정동, 곰앤컴퍼니빌딩)",www.gomcorp.com,,기타 정보기술 및 컴퓨터운영 관련 서비스업,1999-02-19,12월
(주)곰픽쳐스,com pictures,곰픽쳐스, ,이성진,기타법인,110111-5785162,551-87-00168,서울특별시 강남구 논현로128길 22-4 (논현동) 세은빌딩 2층, ,,"영화, 비디오물 및 방송프로그램 제작 관련 서비스업",2015-07-17,12월
(주)공게임즈,GONGGAMES Corp.,공게임즈, ,공두상,기타법인,131111-0301330,129-86-70572,경기도 성남시 분당구 판교로255번길 58 (삼평동) 씨즈타워 602호,www.gonggames.com,,게임 소프트웨어 개발 및 공급업,2012-01-02,12월
주식회사 공부선배,Corp. studysenior,공부선배, ,이용운,기타법인,110111-5603471,261-81-23776,서울특별시 강남구 봉은사로5길 6  코너빌딩 3층 (논현동), ,,데이터베이스 및 온라인정보 제공업,2015-01-01,12월
과본통신 주식회사,Keben Telecom,과본통신, ,문혜숙,기타법인,110111-3079707,113-81-93105,서울특별시 구로구 구로동 191-7, ,,컴퓨터시스템 통합 자문 및 구축 서비스업,2004-09-06,12월
과천중계유선방송(주),KWACHUN BROADCASTING CORPORATION,과천중계유선방송, ,이상윤,기타법인,135311-0008459,138-81-26231,경기도 안양시 동안구 호계동 1041, ,,유선 방송업,2005-02-14,12월
(주)관악도서유통,"kwanahkbook co.,ltd",관악도서유통, ,장흥수,기타법인,110111-2130211,108-81-25508,서울특별시 금천구 가산동 345-48, ,,교과서 및 학습서적 출판업,2000-12-15,12월
(주)관악인터넷,KWANAK INTERNET,관악인터넷, ,유정석,기타법인,110111-1235236,119-81-34346,서울특별시 관악구 신림동 1578-51,.,,그 외 기타 전기 통신업,1999-12-29,12월
(주)관악케이블TV방송,Kwanak Cable TV Systems Co. LTD ,관악케이블TV방송, ,유정석,기타법인,110111-1017361,112-81-35946,서울특별시 관악구 봉천동 861-6,www.hcn.co.kr,,유선 방송업,1994-03-25,12월
관우정보기술,Kwanwoo Information Technology,관우정보기술, ,류재화,기타법인,110111-0955447,114-81-53595,서울특별시 서초구 방배동 811-15 삼안빌딩4층,www.kitland.co.kr,,시스템 소프트웨어 개발 및 공급업,1993-07-05,12월
광주문화방송주식회사,GWANGJU MUNWHA BROADCASTING CORPORATION,광주문화방송, ,김낙곤,기타법인,200111-0000186,410-81-06350,"광주광역시 남구 월산로116번길 17 (월산동, 광주문화방송)",www.kjmbc.co.kr,,지상파 방송업,1968-07-24,12월
광주문화방송주식회사,KWANGJU MUNHWA BROADCASTING CO. LTD,광주문화방송, ,박진홍,기타법인,200111-0000186,410-81-06350,광주광역시 남구 월산동 300번지,www.kjm.o.k,,지상파 방송업,1968-07-24,12월
(주)광주문화콘텐츠투자법인,GwangJu Cultural-Contents Investment Corporation,광주문화콘텐츠투자법인, ,김병술,기타법인,200111-0311327,410-86-45950,광주광역시 남구 송암로 60(송하동) 씨지아이센타,-,,"영화, 비디오물 및 방송프로그램 제작 관련 서비스업",2011-01-13,12월
주식회사 광주방송,"Kwang Ju Broadcasting Company., Ltd. (KBC)",광주방송, ,조억헌,기타법인,200111-0048409,410-81-23664,광주광역시 서구 무진대로 919 (광천동),www.ikbc.co.kr,,지상파 방송업,1994-09-30,12월
(주)광주싸이더스씨앤아이,"Gwangjoo Sidus CNI Ltd.,",광주싸이더스씨앤아이, ,홍동진,기타법인,200111-0247093,410-86-12954,광주광역시 서구 치평동 1218-1 6층, ,,영화관 운영업,2007-09-17,12월
주식회사 광주에이치비,"Gwangju HB, Inc.",광주에이치비, ,조재옥,기타법인,110111-5395812,106-87-06109,서울특별시 용산구 원효로 153,www.ghb2015.com,,방송 프로그램 제작업,2014-04-17,12월
주식회사 광주일보사,THE KWANGJUILBO,광주일보사, ,김여송,기타법인,201111-0044612,116-88-00109,광주광역시 동구 금남로 224 (금남로3가) SC은행 10층,kwangju.co.kr,,신문 발행업,2015-06-22,12월
(주)광주타임즈신문사,Gwang Ju Times ,광주타임즈신문사, ,박성호,기타법인,200111-0079503,408-81-31822,광주광역시 남구 사동 84-6, ,,신문 발행업,1998-04-01,12월
교보다솜케어 주식회사,"Kyobodasomcare Co., Ltd.",교보다솜케어, ,원형규,기타법인,110111-9073357,477-86-03365,"서울특별시 중구 삼일대로6길 5 3층 (충무로2가, 조양빌딩신관)", ,,데이터베이스 및 온라인정보 제공업,2024-10-11,12월
교보디티에스(주),"Kyobo Digital Technology Service CO., LTD.",교보디티에스, ,권창기,기타법인,110111-0118459,209-81-01546,"서울특별시 종로구 새문안로3길 23 (내수동, 경희궁의아침4단지) 13층",www.kyobodts.co.kr,,컴퓨터시스템 통합 자문 및 구축 서비스업,1971-07-24,12월
(주)교원,"KYOWON Co., Ltd.",교원, ,장평순,기타법인,110111-0556617,101-81-39748,서울특별시 종로구 관철동 258,www.kyowon.co.kr,,서적 출판업,1988-01-07,12월
(주)교원교육,KYOWON. EDUCATION CO,교원교육, ,장평순,기타법인,110111-0803365,101-81-39772,서울특별시 종로구 관철동 258,www.kyowon.co.kr,,서적 출판업,1991-09-10,12월
(주)교원프라퍼티,"Kyowon Property Co., Ltd.",교원프라퍼티, ,장평순,기타법인,110111-0679394,101-81-39767,"서울특별시 중구 을지로 51 (을지로2가, 내외빌딩)",www.kyowon.co.kr,,서적 출판업,1990-03-02,12월
(주)교육과인터넷,"EDUIN. CO., LTD.",교육과인터넷, ,남헌기,기타법인,110111-1751993,110-81-42529,서울특별시 종로구 연지동 136-56 한국기독교연합회관 501호,www.edupassm.com,,데이터베이스 및 온라인정보 제공업,1999-08-12,12월
교육정보시스템, ,교육정보시스템, ,김출생,기타법인,110111-1077894,214-81-75598,서울특별시 서초구 서초동 1597-3 태풍빌딩, ,,시스템 소프트웨어 개발 및 공급업, ,12월
교육지대(주),eduzone,교육지대, ,우희철,기타법인,110111-2057845,214-86-66871,"서울특별시 구로구 디지털로33길 55 805호(구로동, 이앤씨벤처드림타워2차)",www.eduzone.co.kr,,데이터베이스 및 온라인정보 제공업,2000-08-28,12월
(주)교차로,KYOCHARO,교차로, ,정병양,기타법인,170111-0061789,502-81-21422,대구광역시 수성구 범어동 175-6,www.catchall.co.kr,,신문 발행업,1992-09-20,12월
구글클라우드코리아 유한회사 ,Goolge Cloud Korea LLC ,구글클라우드코리아, ,스빌렌이바노프카라이바노프,기타법인,110114-0217817,103-86-01049,"서울특별시 강남구 테헤란로 152 (역삼동, 강남파이낸스센터)22층", ,,정보서비스업,2018-02-05,12월
구글페이먼트코리아 유한회사 ,Google Payment Korea Ltd ,구글페이먼트코리아, ,스빌렌이바노프카라이바노프,기타법인,110114-0096055,220-88-09374,"서울특별시 강남구 테헤란로 152 (역삼동, 강남파이낸스센터) 22층", ,,정보서비스업,2010-11-23,12월
(주)구로가로수,Guro Garosu corp. Ltd,구로가로수, ,김정수,기타법인,110111-1606411,119-81-29222,서울특별시 금천구 가산동 554-2 마이크로빌딩 2층,-,,잡지 및 정기간행물 발행업,1998-11-11,12월
구로발게임즈 주식회사 ,Its Games Inc.,구로발게임즈, ,"이승원, 신종섭",기타법인,110111-5902980,511-81-24632,"서울특별시 구로구 디지털로 300 (구로동, 지밸리비즈플라자) 11층", ,,게임 소프트웨어 개발 및 공급업,2015-11-27,12월
구륜소프트 주식회사,"KooRyun  Soft  Co.,Ltd.",구륜소프트, ,심재붕,기타법인,110111-1432535,229-81-28122,서울특별시 서초구 양재동 378-4 신성빌딩 302,www.krsoft.co.kr,,컴퓨터시스템 통합 자문 및 구축 서비스업,1997-06-27,12월
주식회사 구름,goorm,구름, ,류성태,기타법인,135811-0227314,124-87-39200,경기도 성남시 분당구 판교로 242 PDC A동 9층(삼평동),goorm.co,,컴퓨터 프로그래밍 서비스업,2013-03-08,12월
구름커뮤니케이션,gurum communication.inc,구름커뮤니케이션, ,이승훈,기타법인,110111-2972746,206-81-89015,서울특별시 종로구 동숭동 1-5,www.gurum.com,,시스템 소프트웨어 개발 및 공급업,2004-01-01,12월
주식회사 구미인터넷,"Gumi Internet Co.,Ltd",구미인터넷, ,장정교,기타법인,176011-0019742,513-81-16119,경상북도 구미시 오태동 산89-14, ,,유선 방송업,1999-08-26,12월
주식회사 구미케이블티브이,"Gumi CableTV Co.,Ltd",구미케이블티브이, ,장정교,기타법인,176011-0006947,513-81-06232,경상북도 구미시 오태동 산89-14, ,,유선 방송업,1992-07-08,12월
주식회사 구하다,"GUHADA CO.,LTD",구하다, ,윤재섭,기타법인,110111-7055456,876-86-01259,"경기도 성남시 분당구 이매로 45 507호(이매동, 이수프라자)", ,,시스템 소프트웨어 개발 및 공급업,2019-03-25,12월
국민방송주식회사,kpb.tv,국민방송, ,서종열,기타법인,110111-2103937,110-81-48649,서울특별시 서대문구 충정로2가 37-14,www.kpb.tv,,데이터베이스 및 온라인정보 제공업,2000-11-03,12월
국민서관주식회사,Kookminseogwan,국민서관, ,이유숙,기타법인,110111-0067771,105-81-64860,서울특별시 마포구 공덕동 257-3,kookminbooks.co.kr,,서적 출판업,1971-01-14,12월
국민일보(주),THE KUKMIN DAILY,국민일보, ,김경호,기타법인,110111-0549745,105-81-40913,서울특별시 영등포구 여의공원로 101 CCMM빌딩 (여의도동) 5층,www.kukminilbo.co.kr,,신문 발행업,1987-11-11,12월
국민전화번호부(주),"KOOK MIN TELEPHONE DIRECTORY CO.,LTD",국민전화번호부, ,최용석,기타법인,170111-0163585,502-81-50024,서울특별시 영등포구 영등포동 8가 35-1 한국통신 영등포전화국 별관 1층,www.ikt114.co.kr,,서적 출판업,1999-12-15,12월
(주)국일신문사,Kuk-il newspaper co.Ltd.,국일신문사, ,강신한,기타법인,110111-1160483,219-81-17007,서울특별시 송파구 신천동서울시교통회관건물9층 , ,,잡지 및 정기간행물 발행업,1989-11-07,12월
주식회사 국제신문,The Kookje Daily News,국제신문, ,이정섭,기타법인,180111-0078716,607-81-28211,"부산광역시 연제구 중앙대로 1217 (거제동, 국제문화센터)",http://www.kookje.co.kr,,신문 발행업,1988-03-14,12월
(주)국제영상,KUKJEPRODUCTION,국제영상, ,권오현,기타법인,110111-0370645,106-81-18433,서울특별시 용산구 한강로2가 166-4 국제영상빌딩1층국제영상,www.kukjupro.co.kr,,광고 영화 및 비디오물 제작업,1982-08-07,03월
주식회사 국제음반,KukJe,국제음반, ,함용일,기타법인,134111-0023999,138-81-12834,경기도 의왕시 오전동 38-3, ,,음악 및 기타 오디오물 출판업,1988-02-12,03월
(주)군월드,"Goonworld Construction Co,Ltd.",군월드, ,이동군,기타법인,170111-0470188,502-86-19746,"대구광역시 수성구 알파시티1로 170 (대흥동, SW융합기술지원센터)", ,,유선 온라인 게임 소프트웨어 개발 및 공급업,2012-08-28,12월
(주)군자씨네텍,kunjacinetheq,군자씨네텍, ,박은증,기타법인,110111-3692476,206-86-16424,서울특별시 광진구 능동로 289 (군자동), ,,영화관 운영업,2007-06-07,12월
군자출판사(주),-,군자출판사, ,장주연,기타법인,110111-2479099,101-81-80719,경기도 파주시 회동길 338 (서패동),https://www.koonja.co.kr/main/main,,"서적, 잡지 및 기타 인쇄물 출판업",2002-03-23,12월
(주)굿닥,"Goodoc Co.,Ltd",굿닥, ,임진석,기타법인,110111-7542065,431-88-01818,"서울특별시 강남구 역삼로2길 16 6,7,8,9층", ,,응용 소프트웨어 개발 및 공급업,2020-07-01,12월
(주)굿데이텔레콤,"GoodDay-Telecom,.Co.Ltd",굿데이텔레콤, ,박장술,기타법인,110111-2975675,215-86-55630,서울특별시 송파구 삼전동 130-5 인터불고빌딩 7층, ,,통신 재판매업,2004-03-17,12월
주식회사 굿스플로,goodsFLOW,굿스플로, ,박지연,기타법인,134511-0318285,303-81-79195,"서울특별시 강남구 봉은사로 479 (삼성동), 16층",www.goodsflow.com,,데이터베이스 및 온라인정보 제공업,2017-03-20,12월
(주)굿아이솔루션스,"Goodi soln's . , Ltd",굿아이솔루션스, ,정창수,기타법인,110111-2930257,214-87-46678,서울특별시 서초구 서초동 1485-1 구진빌딩 207호, ,,데이터베이스 및 온라인정보 제공업,2004-01-07,12월
굿어스주식회사,Goodus,굿어스, ,임기영,기타법인,110111-2485616,120-86-35317,서울특별시 강남구 선릉로 514 성원빌딩 14층,www.goodus.com,,컴퓨터시스템 통합 자문 및 구축 서비스업,2002-03-30,12월
굿어스데이터 주식회사,"Goodus Data,Inc.",굿어스데이터, ,전상현,기타법인,110111-6889153,679-81-01070,"서울특별시 강남구 선릉로 514 (삼성동, 성원빌딩) 14층",blog.goodus.com/,,컴퓨터시스템 통합 자문 및 구축 서비스업,2018-10-01,12월
굿어스스마트솔루션 주식회사,"Goodus Smart Solution, Inc.",굿어스스마트솔루션, ,김형우,기타법인,110111-6889161,336-86-01144,"서울특별시 강남구 선릉로 514 (삼성동, 성원타워) 14층",www.goodussolution.com/,,컴퓨터시스템 통합 자문 및 구축 서비스업,2018-10-08,12월
주식회사 굿엔터테인먼트,"goodentertainment Co.,Ltd",굿엔터테인먼트, ,박권영,기타법인,110111-2764490,211-87-33378,서울특별시 강남구 신사동 630-7호 HBC빌딩 5층,www.goodenter.com,,음악 및 기타 오디오물 출판업,2004-04-21,12월
(주)굿이에프,Good. E. F.,굿이에프, ,박병두,기타법인,110111-2196552,105-86-23578,"서울특별시 강남구 강남대로84길 23 601(역삼동,한라클래식오피스텔)",www.goodef.com,,기타 정보 서비스업,2001-03-20,12월
(주)굿이엠지,GOOD EMG.INC,굿이엠지,051530,이혁수,기타법인,120111-0199829,122-81-58683,인천광역시 부평구 청천동 380-5 ,www.goodemg.co.kr,,음악 및 기타 오디오물 출판업,1999-08-12,12월
(주)굿투굿,"goodtogood co.,Ltd",굿투굿, ,노봉호,기타법인,110111-1923849,214-86-53449,서울특별시 서초구 양재동 12-11 삼형빌딩 1층,www.flyadnet.com,,시스템 소프트웨어 개발 및 공급업,2000-03-29,12월
(주) 굿티비,"Goodtv Co.,Ltd.",굿티비, ,이영민,기타법인,110111-2592601,214-87-17789,서울특별시 서초구 양재동 249-14 보광빌딩3층,www.ipgoodtv.com,,시스템 소프트웨어 개발 및 공급업,2002-08-21,12월
주식회사 그라비티,"GRAVITY Co., Ltd.",그라비티, ,박현철,기타법인,110111-1929839,201-81-56197,"서울특별시 마포구 월드컵북로 396 (상암동, 누리꿈스퀘어) 연구개발타워 15층",www.gravity.co.kr,,게임 소프트웨어 개발 및 공급업,2000-04-04,12월
(주)그라비티네오싸이언,"GRAVITY NEOCYON,INC",그라비티네오싸이언, ,KITAMURA YOSHINORI,기타법인,110111-2074055,211-86-66362,"서울특별시 마포구 월드컵북로 396 (상암동, 누리꿈스퀘어 연구개발타워 12)",www.gravityneocyon.com,,게임 소프트웨어 개발 및 공급업,2000-09-25,12월
주식회사 그라운드엑스,GroundX Corporation.,그라운드엑스, ,박성준,기타법인,110111-6699346,356-88-00968,"경기도 성남시 분당구 판교역로 152 (백현동, 알파돔타워) 12층",www.groundx.xyz,,시스템ㆍ응용 소프트웨어 개발 및 공급업,2018-03-26,12월
(주)그래커뮤니케이션,"GRAE COMMUNICATION.CO.,LTD",그래커뮤니케이션, ,백인철,기타법인,110111-1862732,120-81-98689,서울특별시 강남구 대치동 889-5,www.netter.co.kr,,기타 정보기술 및 컴퓨터운영 관련 서비스업,2000-01-25,09월
(주)그랜드넷,"Grand Internet Korea co., Ltd.",그랜드넷, ,홍성철,기타법인,110111-1848766,214-86-45556,서울특별시 강남구 역삼동 831-47 광성빌딩 901호,www.grandnet.co.kr,,게임 소프트웨어 개발 및 공급업,2000-01-11,09월
주식회사 그램리치,-,그램리치, ,이난희,기타법인,120111-1077230,254-86-01823,"인천광역시 부평구 경인로 858 (부평동, 신성미소지움아파트) 102동 503호", ,,모바일 게임 소프트웨어 개발 및 공급업,2020-06-09,12월
(주)그랩디,grabD,그랩디, ,지윤미,기타법인,110111-3725631,209-81-44579,서울특별시 서초구 고무래로8길 7 (반포동) B1, ,,컴퓨터 프로그래밍 서비스업,2007-08-01,12월
주식회사 그레이드헬스체인,"GradeHealthChain Co., Ltd",그레이드헬스체인, ,이형주,기타법인,110111-7114509,205-81-42749,서울특별시 마포구 큰우물로 64 5층(용강동),www.gradehc.com,,응용 소프트웨어 개발 및 공급업,2019-05-22,12월
그레이스노트코리아 주식회사,GRACENOTE KOREA LTD,그레이스노트코리아, ,살바도르카로트키,기타법인,110111-3423871,120-86-94806,"서울특별시 중구 후암로 110 (남대문로5가, 서울시티타워빌딩) 22층",www.gracenote.com,,컴퓨터 프로그래밍 서비스업,2006-03-22,12월
"주식회사 그레이스제이(Gracej Co., Ltd)","GraceJ Co.,Ltd","그레이스제이(GracejCo.,Ltd)", ,장근석,기타법인,110111-4412005,119-86-32116,"서울특별시 구로구 디지털로34길 43 (구로동, 코오롱싸이언스밸리1차) B103호",www.gracej.co.kr,,컴퓨터 프로그래밍 서비스업,2010-08-12,12월
그레이오렌지코리아 주식회사,Grey Orange Korea Inc.,그레이오렌지코리아, ,브래드닐이스트만,기타법인,110111-8076310,788-87-02230,"서울특별시 영등포구 영등포로 150 (당산동1가, 생각공장당산) B동 817호", ,,응용 소프트웨어 개발 및 공급업,2021-11-01,03월
(주) 그레이트북스,great books,그레이트북스, ,김경택,기타법인,110111-2837833,105-86-57350,"서울특별시 구로구 디지털로31길 20 (구로동, 에이스테크노타워5차)  12층",www.greatbooks.co.kr,,서적 출판업,2008-08-08,12월
(주)그레이해쉬,"Grayhash Co.,Ltd.",그레이해쉬, ,이승진,기타법인,131111-0377521,144-81-27104,"경기도 성남시 분당구 성남대로 345 (정자동, 정자역프라자) 5층 504호", ,,포털 및 기타 인터넷 정보매개 서비스업,2014-06-09,12월
주식회사 그렉터,gractor,그렉터, ,그렉터,기타법인,110111-6023272,344-81-00364,"서울특별시 송파구 올림픽로 82 (잠실동, 잠실현대빌딩) 3층", ,,"컴퓨터시스템 통합 자문, 구축 및 관리업",2016-04-06,12월
그렙,Grepp. Inc,그렙, ,"이확영, 임성수",기타법인,110111-5366350,220-88-75699,"서울특별시 서초구 강남대로 327 (서초동, 대륭서초타워) 2층(서초동, 대륭서초타워)", ,,응용 소프트웨어 개발 및 공급업,2014-03-20,12월
주식회사 그로들,Growdle Corporation,그로들, ,김규영,기타법인,110111-8076302,158-88-02187,"서울특별시 강남구 테헤란로20길 9 12층(역삼동, 동궁빌딩)", ,,출판업,2021-11-02,12월
(주)그로비교육,GrowV Edu Corp.,그로비교육, ,박철우,기타법인,110111-8089157,463-81-02469,"서울특별시 동작구 남부순환로 2049 3층(사당동,네오티스빌딩)",www.growv.com,,응용 소프트웨어 개발 및 공급업,2021-11-11,12월
(주)그로슨트,GLOCENT CORPERATION,그로슨트, ,박경원,기타법인,210111-0024655,402-81-28047,전라북도 전주시 덕진구 서노송동 대우빌딩 17층,www.glocent.co.kr,,시스템 소프트웨어 개발 및 공급업,1999-08-31,12월
(주)그루눈,grunoon,그루눈, ,전희준,기타법인,110111-6414900,662-86-00724,"서울특별시 영등포구 63로 32 (여의도동, 콤비빌딩) 312호", ,,포털 및 기타 인터넷 정보매개 서비스업,2017-06-01,12월
그리곤엔터테인먼트(주),"Grigon Entertainment Co. Ltd.,",그리곤엔터테인먼트, ,조병규,기타법인,110111-1533490,220-81-51489,"서울특별시 강남구 논현동 49-4 트라이브랜즈빌딩 2,3층",www.grigon.co.kr,,게임 소프트웨어 개발 및 공급업,1998-04-09,12월
(주)그린멤버스, ,그린멤버스, ,박영조,기타법인,180111-0261890,603-81-35651,부산광역시 사상구 엄궁동 651-1 부산벤쳐빌딩 3.4, ,,시스템 소프트웨어 개발 및 공급업,1998-07-14,12월
주식회사 그린웍스 ,GREEN WORKS,그린웍스, ,조성준,기타법인,110111-3594953,214-88-01775,서울특별시 강서구 하늘길 233 (공항동),www.xgolf.com,,포털 및 기타 인터넷 정보매개 서비스업,2007-01-08,12월
그린웍스,GREENWORKS,그린웍스, ,조성준,기타법인,110111-2768525,220-86-62069,서울특별시 성동구 자동차시장길 42 (용답동) 엑스골프연습장,https://www.xgolf.com,,포털 및 기타 인터넷 정보매개 서비스업,2003-04-25,12월
주식회사 그린웹서비스,Greenweb Service,그린웹서비스, ,김효중,기타법인,131111-0246536,129-86-41664,서울특별시 금천구 가산디지털1로 186 제이플라츠 15층 (가산동),www.gwebscorp.com/,,포털 및 기타 인터넷 정보매개 서비스업,2010-01-04,12월
(주)그린잇,GREENIT,그린잇, ,박준태,기타법인,110111-3289637,106-86-38206,"서울특별시 용산구 한강대로98길 3 (갈월동, KCCIT빌딩) 10층", ,,시스템 소프트웨어 개발 및 공급업,2005-08-18,12월
그린정보통신(주),"Green Information & Communication Co., Ltd.",그린정보통신, ,한지무,기타법인,110111-0986210,116-81-33635,서울특별시 강남구 역삼동 636-1,www.greenia.co.kr,,컴퓨터시스템 통합 자문 및 구축 서비스업,1993-11-16,12월
그린텔정보시스템(주),Greentell Information Systems,그린텔정보시스템, ,문성학,기타법인,110111-1838684,108-81-20497,서울특별시 동작구 대방동 381-1,www.greentell.com,,데이터베이스 및 온라인정보 제공업,1999-12-28,12월
그린플루토시그마 주식회사,-,그린플루토시그마, ,박양준,기타법인,110111-7123831,672-87-01386,"서울특별시 영등포구 의사당대로 97 19층(여의도동, 교보증권빌딩)", ,,"컴퓨터 프로그래밍, 시스템 통합 및 관리업",2019-05-30,12월
주식회사 그림비,"Greembee Co., Ltd.",그림비, ,곽미정,기타법인,110111-7447083,836-86-01794,"경기도 성남시 분당구 판교역로192번길 16 8층 806호 에이496(삼평동, 판교타워)",www.greembee.com,,정보서비스업,2020-04-06,12월
주식회사 극동일보,gugdongilbo,극동일보, ,정실,기타법인,230111-0074193,610-81-49454,울산광역시 남구 신정동 1287-2 그린텍빌딩 5층,http://gugdongilbo.hihome.com,,신문 발행업,2001-03-28,12월
유한회사 극한직업문화산업전문회사,HARDWORK LLC,극한직업문화산업전문회사, ,송묘순,기타법인,110114-0215895,223-87-00939,"서울특별시 마포구 상암산로 66 17층(상암동, CJE&MCENTER)", ,,일반 영화 및 비디오물 제작업,2018-01-04,12월
근남테크(주),GEUNNAM TECH,근남테크, ,조성희,기타법인,110111-1589609,105-81-95500,서울특별시 구로구 구로동 182-4 대륭포스트타워 3차 508호,www.geunnam.com,,시스템 소프트웨어 개발 및 공급업,1998-09-24,12월
(주)근영전자통신,"Keun Young Electronics & Communication Co., Ltd.",근영전자통신, ,강정모,기타법인,110111-0660781,105-81-39809,서울특별시 마포구 대흥동 325-76,www.ky.co.kr,,컴퓨터시설 관리업,1989-12-26,12월
(주)글로만,"GIOMAN CO.,LTD",글로만, ,김상담,기타법인,120111-1840209,211-86-88347,서울특별시 강남구 논현동 111-25,ssdmdeia@hanmail.net,,서적 출판업,1999-12-27,12월
(주)글로벌다윈,Globaldawin,글로벌다윈, ,한신권,기타법인,110111-2948359,215-86-53122,서울특별시 송파구 방이동 35-8 두양빌딩 601, http://www.globaldawin.com ,,시스템 소프트웨어 개발 및 공급업,2004-04-06,12월
(주)글로벌데이타시스템,"Global Data System Co,. Ltd.",글로벌데이타시스템, ,이경렬,기타법인,110111-1717440,214-86-34175,"서울특별시 강남구 논현동 50번지 삼익전자빌딩 7,8층",http://www.gdsystem.co.kr,,시스템 소프트웨어 개발 및 공급업,1999-06-21,12월
주식회사 글로벌디지털에셋그룹,"Global Digital Asset Group Co., Ltd.",글로벌디지털에셋그룹, ,남궁경록,기타법인,110111-8082375,121-87-02228,"서울특별시 용산구 서빙고로51길 52 (서빙고동, 비비안) 8층", ,,응용 소프트웨어 개발 및 공급업,2021-11-08,12월
주식회사 글로벌몬스터,GLOBAL MONSTER INC.,글로벌몬스터, ,남인호,기타법인,176011-0116291,511-87-00796,대구광역시 중구 국채보상로 586 1629호 (동성로2가), ,,소프트웨어 개발 및 공급업,2017-08-14,12월
글로벌에이아이플랫폼코퍼레이션코리아 주식회사,"Global AI Platform Corporation Korea Co., Ltd.",글로벌에이아이플랫폼코퍼레이션코리아, ,정석근,기타법인,131111-0710903,618-86-02822,"경기도 성남시 분당구 분당내곡로 117 5층 (백현동, 그레이츠판교(GREITSPANGYO))", ,,"컴퓨터 프로그래밍, 시스템 통합 및 관리업",2023-07-18,12월
주식회사 글로벌익스터널트러스트,"GLOBAL EXTERNAL TRUST, Ltd.",글로벌익스터널트러스트, ,나병직,기타법인,110111-2643975,105-86-46834,서울특별시 영등포구 여의도동 15 -13 3층,www.stay7.com,,데이터베이스 및 온라인정보 제공업,2002-11-01,12월
(주)글로벌 인포시스,Global InfoSys.Inc,글로벌인포시스, ,윤재성,기타법인,110111-1627342,214-86-28106,서울특별시 서초구 양재동 114번지 덕산빌딩 502호,www.global-mart.co.kr,,데이터베이스 및 온라인정보 제공업,1998-12-31,12월
글로벌푸드테크 주식회사,Global Foodtech Company,글로벌푸드테크, ,정범진,기타법인,110111-7715141,797-81-01854,"서울특별시 강남구 논현로153길 53 6층 (신사동, 제이엔디스튜디오)",globalfoodtech.net/,,응용 소프트웨어 개발 및 공급업,2020-12-11,12월
글로벨(주),"Globell Co,Ltd",글로벨, ,서명원,기타법인,110111-1069479,211-86-16824,서울특별시 서초구 방배1동 907-4 석교B/D 3층,globell.co.kr,,통신 재판매업,1998-04-01,12월
글로우업리즈 주식회사,GLOWUPRIZZ INC.,글로우업리즈, ,권기준,기타법인,110111-6989218,516-87-01107,"서울특별시 성동구 연무장19길 6 (성수동2가, RIZZ)",www.glowuprizz.com,,일반 영화 및 비디오물 제작업,2019-01-17,12월
글로웍스(주),"Gloworks Co.,Ltd.",글로웍스,034600,박성훈,기타법인,110111-0712392,105-81-42963,서울특별시 서초구 반포동 107-3 4층 ,www.gloworks.co.kr,,시스템 소프트웨어 개발 및 공급업,1990-07-20,09월
글로웍스커뮤니케이션즈 (주),BUGS CORPORATION,글로웍스커뮤니케이션즈, ,김경남,기타법인,180111-0313980,605-81-41241,서울특별시 강남구 대치동 942-10 해성2빌딩 11층,www.bugs.co.kr,,데이터베이스 및 온라인정보 제공업,2002-02-17,12월
(주)글로칼리,"Clocali Co., Ltd",글로칼리, ,존제이박,기타법인,110111-1887219,107-81-79092,서울특별시 용산구 한남동 76-42, ,,기타 정보 서비스업,2000-04-01,12월
(주)글로포스트,"Glopost CO., Ltd.",글로포스트,037830,문원호,기타법인,110111-1569958,214-86-24959,서울특별시 서초구 잠원동 28-1 ,www.glopost.co.kr,,시스템 소프트웨어 개발 및 공급업,1998-07-28,12월
(주)글루시스,GLUESYS,글루시스, ,박성순,기타법인,134111-0073407,123-81-56179,"경기도 안양시 동안구 시민대로327번길 11-31 (관양동, 글로텍디지털센터) 5층", ,,시스템 소프트웨어 개발 및 공급업,2020-04-17,12월
주식회사 글루온시스템,Gluon System,글루온시스템, ,조인하,기타법인,110111-1658412,215-86-36399,서울특별시 송파구 가락동99-5번지 효원빌딩 11층 ,http://www.gluonsystem.co.kr,,게임 소프트웨어 개발 및 공급업,2002-12-31,12월
주식회사 글앤그림미디어,STORY & PICTURES MEDIA,글앤그림미디어, ,황지우,기타법인,110111-6278364,627-87-00669,"서울특별시 종로구 경희궁1길 1 (신문로2가, 주식회사투바앤) 4층", ,,"영화, 비디오물 및 방송프로그램 제작업",2017-01-12,12월
금강방송 주식회사,"Keumgang Cable Network CO., LTD",금강방송, ,"이종성, 이한오",기타법인,214911-0010232,403-81-15491,전라북도 익산시 신용동 323-1,http://www.kcn.tv,,유선 방송업,1997-07-22,12월
금방주식회사,KEUMBANG,금방, ,임진리,기타법인,110111-6997568,689-87-01235,"서울특별시 종로구 돈화문로 49 (묘동, 익선빌딩)", ,,응용 소프트웨어 개발 및 공급업,2019-02-22,12월
(주)금상미디어,KEUMSANG Media,금상미디어, ,김은모,기타법인,110111-3139585,211-87-59403,서울특별시 강남구 포이동 239-17, ,,일반 영화 및 비디오물 제작업,2004-12-28,12월
( 주)금성출판사,"Kumsung Publishing Co.,Ltd",금성출판사, ,김무상,기타법인,110111-0503494,105-81-25270,"서울특별시 마포구 만리재옛길 23 (공덕동, 금성출판사)",www.kumsung.co.kr/main.jsp,,일반 서적 출판업,1986-04-25,12월
(주)금송,"KUMSONG.CO.,LTD",금송, ,안경철,기타법인,176011-0022547,513-81-18932,경상북도 구미시 원평동 1037-15, ,,영화관 운영업,2000-07-19,12월
금아시스템주식회사,"Kum-A system Co., Ltd",금아시스템, ,임만섭,기타법인,180111-0196170,605-81-23452,부산광역시 사상구 모라3동 75-8 신모라공단 801,www.kuma.co.kr,,시스템 소프트웨어 개발 및 공급업,1995-12-21,12월
(주)금영정보기술,kumyoung information technology,금영정보기술, ,김성욱,기타법인,110111-1936305,104-81-52696,서울특별시 중구 수표동 56-1 강남빌딩 903호,www.kyit.co.kr,,시스템 소프트웨어 개발 및 공급업,2000-04-11,12월
기가미디어 프리스타일 홀딩스 리미티드,Gigamedia Freestyle Holdings Limited,기가미디어프리스타일홀딩스리미티드, ,"Mr, Thomas To Hui(토머스 후이)",기타법인, ,27194,"10F, 392 Ruiguang Road, Taipei, Taiwan, R.O.C.",gigamedia.com,,"자료처리, 호스팅, 포털 및 기타 인터넷 정보매개 서비스업",2009-08-17,12월
(주)기독교복음방송,CHRISTIAN SATELLITE BROADCASTING CO LTD,기독교복음방송, ,김명전,기타법인,110111-1664310,117-81-23969,"서울특별시 영등포구 양평로21길 26 (양평동5가, 선유도역1차아이에스비즈타워) 18층",www.goodtv.co.kr/,,위성 및 기타 방송업,1999-07-01,12월
(주)기독교텔레비젼,christian Television System,기독교텔레비젼, ,"신경하, 김용실, 김영태",기타법인,110111-1120966,120-81-54212,서울특별시 동작구 노량진동 27-2, ,,유선 방송업,1995-03-13,12월
주식회사 기브릿지,"Gibridge Co., Ltd",기브릿지, ,이진용,기타법인,110111-8321517,588-87-02886,"경기도 안양시 동안구 흥안대로427번길 38 (관양동, 인덕원성지스타위드)", ,,시스템 소프트웨어 개발 및 공급업,2022-06-03,12월
기웅정보통신,"KIWOONG I&T CO.,LTD.",기웅정보통신, ,최병인,기타법인,110111-0933518,214-81-59394,"서울특별시 금천구 가산디지털2로 98 (가산동, IT캐슬) 2동 613호~615호",www.kwic.co.kr,,"컴퓨터 프로그래밍, 시스템 통합 및 관리업",1993-04-26,12월
주식회사 기원테크,"Kiwontech Co., Ltd",기원테크, ,김동철,기타법인,110111-5450799,117-81-88813,"서울특별시 구로구 디지털로31길 62 (구로동, 아티스포럼) 1001호,1002호,1003호,1004호",www.kiwontech.com,,응용 소프트웨어 개발 및 공급업,2014-07-01,12월
(주) 기장종합유선방송,Kijang Cable Netork Co. Ltd,기장종합유선방송, ,왕용훈,기타법인,180111-0271419,618-81-24893,부산광역시 기장군 기장읍 대라리 98-3, ,,유선 방송업,1999-05-01,12월
기제케+데브리엔트 모바일 세큐리티 게엠베하,Giesecke+Devrient Mobile Security GmbH,기제케+데브리엔트모바일세큐리티게엠베하, ,"Ahrens, Carsten Wolfgang 외 3인",기타법인, ,43542,"Prinzregentenstrasse 159, 81677 Munich, Germany", ,,응용 소프트웨어 개발 및 공급업,2016-03-24,12월
(주)기탄교육,Gitan Educational Publishing CO. Ltd.,기탄교육, ,정지향,기타법인,110111-1955339,114-81-98501,서울특별시 서초구 방배3동 537-5 기탄출판문화센터,www.gitan.co.kr,,서적 출판업,2000-04-28,12월
긱플러스코리아 유한회사,Geekplus Korea Limited,긱플러스코리아, ,Zheng Yong (정용),기타법인,110114-0286185,442-81-02593,서울특별시 마포구 상암산로 34 디지털큐브 10층, ,,시스템 소프트웨어 개발 및 공급업,2021-11-11,12월
길정보시스템(주),Gil Information Systems,길정보시스템, ,김원연,기타법인,110111-2342238,215-86-14959,경기도 성남시 분당구 삼평동 625 판교세븐벤쳐밸리 3동 3층,www.gilis.co.kr,,컴퓨터시스템 통합 자문 및 구축 서비스업,2001-09-26,12월
주식회사 길픽쳐스,Gill Pictures,길픽쳐스, ,박민엽,기타법인,110111-6404828,579-86-00723,"서울특별시 마포구 성암로 189 (상암동, 중소기업DMC타워) 501호", ,,방송 프로그램 제작업,2017-05-18,12월
주식회사 김영사,"Gimm-Young Publishers,Inc",김영사, ,박은주,기타법인,110111-0989248,101-81-26734,서울특별시 종로구 북촌로 63-3 (가회동),www.gimmyoung.com,,서적 출판업,1994-01-01,12월
주식회사 김정현스튜디오,"Kimjunghyun Studio Co.,Ltd.",김정현스튜디오, ,김정현,기타법인,110111-6827278,103-87-00902,"서울특별시 마포구 양화로11길 56 (서교동, 영창빌딩)", ,,만화 출판업,2018-07-30,12월
(주)김종학프로덕션,"kimjonghakproduction.,ltd",김종학프로덕션, ,박창식,기타법인,110111-4639873,211-88-62749,서울특별시 강남구 압구정2동 491 ~528, ,,방송 프로그램 제작업,2011-07-01,12월
(주)김종학프로덕션,KIMJONGHAKPRODUCTION,김종학프로덕션, ,김종학,기타법인,115911-0018161,128-81-32944,서울특별시 강남구 압구정동 518번지 금산빌딩 5층,www.kjhpro.com,,방송 프로그램 제작업,1998-02-19,12월
주식회사 김종학프로덕션,"KIMJONGHAK PRODUCTION Co.,Ltd.",김종학프로덕션, ,손기원,기타법인,110111-1863566,114-81-94470,"서울특별시 마포구 월드컵북로 361 (상암동, DMC이안오피스텔) 8층",kjhpro.com,,방송 프로그램 제작업,2000-01-26,12월
주식회사 김포케이블방송,Kimpo Media,김포케이블방송, ,안면수,기타법인,124411-0029555,136-81-24353,경기도 김포시 북변동 241 준빌딩 4층,www.dreamcity.co.kr,,유선 방송업,1997-07-25,12월
주식회사 깊은책속옹달샘,GIPUN BOOK Corporation,깊은책속옹달샘, ,이석순,기타법인,110111-2494493,119-81-56132,서울특별시 금천구 가산동 60-11,www.gipunbook.com,,서적 출판업,2002-04-10,12월
(주)까치라인, ,까치라인, ,유경석,기타법인,110111-1002940,217-81-07503,서울특별시 광진구 노유2동 74-14 한강빌딩2층,iline.co.kr,,자료 처리업,1994-01-15,12월
주식회사 꾸욱꾸욱 ,GOOGGOOG,꾸욱꾸욱, ,염규복,기타법인,110111-5026954,211-88-87982,"서울특별시 강남구 논현로151길 30-5 (신사동, 꾸욱꾸욱빌딩) 2층 1호",www.googgoog.com,,광고 영화 및 비디오물 제작업,2013-01-01,12월
나날에스엠아이(주),"Nanal SMI Co., Ltd.",나날에스엠아이, ,장신규,기타법인,110111-2185042,220-86-13501,서울특별시 강남구 논현로34길 26 유창빌딩 2층(도곡동), ,,컴퓨터시스템 통합 자문 및 구축 서비스업,2001-05-01,12월
주식회사 나노아이티,"NANOIT CO.,LTD",나노아이티, ,박상수,기타법인,170111-0262030,502-81-74287,"대구광역시 수성구 알파시티1로31길 26 5층(대흥동, 아트브릿지)",www.nanoit.kr,,응용 소프트웨어 개발 및 공급업,2004-02-13,12월
주식회사  나누리 티비,"Nanuri TV CO.,Ltd",나누리티비, ,한장섭,기타법인,110111-4890813,119-86-57271,서울특별시 관악구 봉천동 1574-6 하임빌 102 호 /쑥고개로22길 10,www.nanuri.tv,,포털 및 기타 인터넷 정보매개 서비스업,2012-06-15,12월
(주)나눔기술,"Nanum Technologies co., Ltd",나눔기술, ,서흥대,기타법인,110111-0735667,107-81-51022,"서울특별시 강남구 논현로 626 5층 (논현동, 엠빌딩)",www.nanum.co.kr,,응용 소프트웨어 개발 및 공급업,1990-12-11,12월
(주) 나눔소프트,"NanumSoft co.,ltd",나눔소프트, ,민경신,기타법인,200111-0112444,410-81-56239,광주광역시 서구 화정동 740-6번지,http://www.nanumsoft.com,,시스템 소프트웨어 개발 및 공급업,2000-02-26,12월
주식회사 나들커뮤니케이션,"Nadle communication Co., Ltd.",나들커뮤니케이션, ,최동섭,기타법인,110111-4478742,206-86-48829,"서울특별시 마포구 성암로 189 16층 11호 (상암동, 중소기업DMC타워)",www.nadl.kr,,데이터베이스 및 온라인정보 제공업,2010-11-25,12월
주식회사 나딕게임즈,"Naddic Games Co., Ltd",나딕게임즈, ,이선주,기타법인,110111-4769927,220-88-30668,서울특별시 강남구 논현로79길 8 아이네트빌딩 1층(역삼동),www.naddic.com,,게임 소프트웨어 개발 및 공급업,2012-01-06,12월
(주)나라미디어,"NARAMEDIA CO.,LTD",나라미디어, ,김병수,기타법인,110111-1712747,211-86-53270,서울특별시 광진구 중곡2동 130-9 영진빌딩 1층,www.naramedia.co.kr,,통신 재판매업,1999-06-15,12월
(주)나라비전 ,"NARA VISION CO.,LTD.",나라비전, ,한이식,기타법인,170111-0094219,514-81-23520,서울특별시 서초구 서초동 1306-6번지 미래빌딩 6층,www.nara.co.kr,,시스템 소프트웨어 개발 및 공급업,1996-01-22,12월
(주)나라소프트,"NARASOFT Co.,Ltd.",나라소프트,288490,황승현,기타법인,110111-2669369,214-87-27142,서울특별시 서초구 논현로 131 라닉스빌딩 3층(양재동),www.narasoft.com,,응용 소프트웨어 개발 및 공급업,2002-12-09,12월
나라아이넷(주),"korea internet business network co.,ltd",나라아이넷, ,김찬훈,기타법인,110111-1353260,214-86-12318,서울특별시 서초구 양재동 347-11 샤프빌딩,yeslaw.com,,데이터베이스 및 온라인정보 제공업,1996-12-16,12월
주식회사 나라원시스템,asadal system inc,나라원시스템, ,이종원,기타법인,110111-8042519,147-86-02432,"서울특별시 금천구 가산디지털1로 168 (가산동, 우림라이온스밸리)A동 806호", ,,시스템 소프트웨어 개발 및 공급업,2021-10-01,12월
(주)나래소프트시스템,"nare soft system co.,ltd",나래소프트시스템, ,오세문,기타법인,135011-0100920,134-81-53094,경기도 수원시 팔달구 인계동 1017 경기벤처빌딩 1006호,www.naresoft.com,,시스템 소프트웨어 개발 및 공급업,2000-04-01,12월
나무기술 주식회사,"NAMU TECH CO., LTD.",나무기술,167380,정철,기타법인,110111-2373358,215-86-17029,"경기도 성남시 분당구 판교로 2555층(삼평동, 이노밸리F동)",www.namutech.co.kr,,소프트웨어 개발 및 공급업,2001-11-11,12월
나무기술(주),"NAMU TECH CO.,LTD.",나무기술,242040,정철,코스닥시장,110111-6016673,638-81-00309,"서울특별시 강서구 마곡중앙8로3길 41 (마곡동, 나무기술 마곡R&D센터)",namutech.co.kr,,소프트웨어 개발 및 공급업,2016-03-30,12월
(주)나무플래닛,namuplanet,나무플래닛, ,공경식,기타법인,110111-5026574,220-88-50081,"서울특별시 송파구 송파대로 167 A동 910호 (문정동, 문정역테라타워)",www.namuplanet.com,,시스템 소프트웨어 개발 및 공급업,2012-12-20,12월
나비스(주),"Navis co., Ltd.",나비스, ,정희석,기타법인,180111-0367987,617-81-35892,"부산광역시 해운대구 동백로 23 201호 (우동, 현대아쿠아팰리스동백섬)",www.e-navis.co.kr/,,응용 소프트웨어 개발 및 공급업,2001-09-01,12월
나비스오토모티브시스템즈주식회사,"Navis Automotive Systems, Inc.",나비스오토모티브시스템즈, ,정희석,기타법인,180111-0535203,617-81-58406,"부산광역시 해운대구 센텀중앙로 78 (우동, 센텀그린타워 8층)",www.navis-ams.com,,응용 소프트웨어 개발 및 공급업,2005-11-01,06월
주식회사 나비타스,"navitas co., Ltd.",나비타스, ,손관수,기타법인,110111-2516114,105-86-39779,서울특별시 강남구 역삼동 735-11 신일유토빌 519, ,,시스템 소프트웨어 개발 및 공급업,2000-05-04,12월
주식회사 나비픽처스,nabi pictures,나비픽처스, ,조민환,기타법인,110111-2387713,120-86-30200,"서울특별시 강남구 역삼2동 733-23 대사빌딩 3,4층",www.nabipictures.com,,일반 영화 및 비디오물 제작업,2001-12-08,12월
(주)나스연구소,Next Advanced Solution,나스연구소, ,김준엽,기타법인,110111-1049322,213-86-26600,서울특별시 강남구 도곡동 411-19 지승빌딩6층,"www.nas.co.kr, www.ures.co.kr",,시스템 소프트웨어 개발 및 공급업,1994-06-25,12월
주식회사 나스카,"NAZCA.Co.,Ltd.",나스카, ,선경래,기타법인,110111-1720815,105-86-00949,"서울특별시 강남구 남부순환로 2736 (도곡동, 지앤지빌딩)", ,,게임 소프트웨어 개발 및 공급업,1999-06-26,12월
(주)나온소프트,NAONSOFT,나온소프트, ,강갑렬,기타법인,110111-2985004,220-86-82309,"서울특별시 강남구 강남대로 286 (도곡동, 부영빌딩) 5,6층", ,,응용 소프트웨어 개발 및 공급업,2004-04-01,12월
주식회사 나우뉴스,nownews,나우뉴스, ,김태균,기타법인,110111-9096218,322-88-03297,"서울특별시 중구 세종대로 124 (태평로1가, 한국프레스센터) 비1층",nownews.seoul.co.kr,,뉴스 제공업,2024-11-05,12월
나우링크(주),NOWLINK,나우링크, ,구자훈,기타법인,110111-1126310,105-81-69905,인천광역시 남동구 구월동 1139-8,WWW.NOWLINK.NET,,그 외 기타 전기 통신업,1995-02-07,12월
주식회사 나우아이엔에스,"Now Information & Services, Inc.",나우아이엔에스, ,고순종,기타법인,110111-1776438,220-81-67661,서울특별시 강남구 역삼동 828-10 올림피아센터 3층,www.nowins.net,,시스템 소프트웨어 개발 및 공급업,1999-09-20,12월
(주)나우콤,"NOWCOM Co., Ltd",나우콤, ,문용식,기타법인,110111-0904030,114-81-57489,서울특별시 서초구 방배동 852-22 단우빌딩,http://www.nowcom.co.kr,,기타 정보기술 및 컴퓨터운영 관련 서비스업,1992-11-26,12월
(주)나우테스,nautes,나우테스, ,"김봉재, 강성호",기타법인,180111-0299487,603-81-39429,부산광역시 부산진구 부전동 515-35,www.nautes.com,,데이터베이스 및 온라인정보 제공업,1999-09-13,12월
(주)나우티앤에스,"Nawoo Technology&Service Co., Ltd.",나우티앤에스, ,김영규,기타법인,110111-1722019,105-86-01026,"서울특별시 구로구 디지털로 273 1302호 (구로동, 에이스트윈타워2차)",www.nwtns.com,,컴퓨터시스템 통합 자문 및 구축 서비스업,1999-06-25,12월
주식회사 나우필,nowfeel.co.ltd,나우필, ,김영훈,기타법인,110111-3289223,220-87-14550,서울특별시 용산구 후암로 57 (후암동),www.nowfeel.com,,시스템 소프트웨어 개발 및 공급업,2005-08-19,12월
주)나은미디어,naunmedia,나은미디어, ,김두진,기타법인,110111-2038663,206-81-28639,서울특별시 강남구 논현동 241-9,www.naunmedia.co.kr,,시스템 소프트웨어 개발 및 공급업,2000-07-31,01월
유한회사 나의나라문화산업전문회사,My Contury''Tis of three,나의나라문화산업전문회사, ,오환민,기타법인,110114-0240115,498-81-01485,서울특별시 마포구 상암산로 48-6 15층(상암동), ,,방송 프로그램 제작업,2019-04-03,12월
나이스디앤알 주식회사,"NICE Data&Research, Inc",나이스디앤알, ,박정우,기타법인,110111-3877101,107-87-08207,"서울특별시 서대문구 충정로 36 (충정로3가, 국민연금충정로사옥) 6,7층",www.nicednr.co.kr,,시스템ㆍ응용 소프트웨어 개발 및 공급업,2008-04-10,12월
나이스비즈니스플랫폼 주식회사,"NICE BUSINESS PLATFORM CO.,LTD.",나이스비즈니스플랫폼, ,최정환,기타법인,110111-7077070,458-87-01363,"서울특별시 영등포구 국회대로62길 21 (여의도동, 동성빌딩) 8층",www.niceabc.co.kr,,응용 소프트웨어 개발 및 공급업,2019-04-15,12월
나이스신용평가(주),"NICE Investors Service Co.,Ltd",나이스신용평가, ,김영대,기타법인,110111-3783142,107-87-01956,"서울특별시 영등포구 은행로 17 (여의도동, 나이스1사옥) 5층",www.nicerating.com,,그 외 기타 정보 서비스업,2007-11-01,12월
나이스정보통신(주),NICE INFORMATION & TELECOMMUNICATION INC.,나이스정보통신,036800,김승현,코스닥시장,110111-0574453,220-81-15770,서울특별시 영등포구 은행로 17 NICE 그룹1사옥,www.nicevan.co.kr,,그 외 기타 전기 통신업,1988-05-12,12월
(주)나이스칩,"NICECHIP Co., Ltd.",나이스칩, ,이경규,기타법인,110111-1914799,220-81-81402,서울특별시 강남구 역삼동 702-10 아남타워 2007호,http://www/.nicechip.com,,데이터베이스 및 온라인정보 제공업,2000-03-22,12월
(주)나이스클릭닷컴,NiceClick.com Incorporation,나이스클릭닷컴, ,육태수,기타법인,160111-0092710,305-81-35572,대전광역시 동구 가양동 42-12,niceclick.com,,게임 소프트웨어 개발 및 공급업,2000-01-28,12월
나이스페이먼츠 주식회사,"NICE Payments.co.,Ltd",나이스페이먼츠, ,황윤경,기타법인,110111-6137809,815-81-00527,"서울특별시 마포구 마포대로 217 (아현동, 크레디트센터빌딩) 6층",www.nicepay.co.kr,,컴퓨터 프로그래밍 서비스업,2016-08-01,12월
나이스피앤아이,NICE Pricing & Information ,나이스피앤아이, ,염성필,기타법인,110111-1999064,214-86-61444,"서울특별시 영등포구 국회대로68길 11 (여의도동, 삼보호정빌딩) 9층",www.nicepni.com,,데이터베이스 및 온라인정보 제공업,2000-06-16,12월
주식회사 나이스핀링크,Nicefinlink,나이스핀링크, ,구자성,기타법인,110111-6270716,574-87-00555,"서울특별시 금천구 가산디지털1로 168 (가산동, 우림라이온스밸리) B동 1211호,1212호",www.nicefinlink.co.kr,,자료 처리업,2016-12-23,12월
(주)나인비스튜디오,9B STUDIO,나인비스튜디오, ,김성훈,기타법인,110111-0932758,711-87-03511,"서울특별시 강남구 테헤란로 223 (역삼동, 큰길타워빌딩) 4층", ,,게임 소프트웨어 개발 및 공급업,2025-07-25,12월
주식회사 나인아크,Nine Ark Inc.,나인아크, ,이건,기타법인,134511-0412772,872-88-01455,"경기도 용인시 수지구 신수로 767 A동 1404호,1405호,1413호,1414호,1501호,1512호,1513호,1514호(동천동, 분당수지유타워)", ,,응용 소프트웨어 개발 및 공급업,2019-09-30,12월
(주)나일론코리아미디어,Nylon korea media,나일론코리아미디어, ,오구석,기타법인,110111-6328333,873-88-00634,"서울특별시 서초구 신반포로47길 81 (잠원동, 대성빌딩)", ,,"신문, 잡지 및 정기간행물 출판업",2017-03-01,12월
(주)나일소프트,NileSOFT Ltd.,나일소프트, ,송영호,기타법인,110111-1022790,116-81-47522,서울특별시 영등포구 여의도동 13-4 동우국제빌딩 4층,http://www.nilesoft.co.kr,,시스템 소프트웨어 개발 및 공급업,1994-04-01,01월
(주)나컴마트,"nacommart co.ltd.,",나컴마트, ,김대근,기타법인,194211-0039695,609-81-41127,경상남도 창원시 용호동 73-60번지,www.nacommart.co.kr,,데이터베이스 및 온라인정보 제공업,2000-03-16,01월
주식회사 나코인터랙티브,"NAKO Interactive Co., Ltd.",나코인터랙티브, ,서정원,기타법인,110111-2025339,211-86-62390,"서울특별시 강남구 역삼동 825-26 동심빌딩 3,4,5층",http://www.laghaim.com,,시스템 소프트웨어 개발 및 공급업,2000-07-13,12월
낙스넷(주),"NACSSNET  Co., LTD",낙스넷, ,천기대,기타법인,110111-0992580,120-81-34176,서울특별시 강남구 역삼동 787-6,http://www.nacss.com,,시스템 소프트웨어 개발 및 공급업,1993-12-13,12월
(주)남도일보,NAMDOILBO,남도일보, ,김성의,기타법인,200111-0223895,408-81-70427,광주광역시 동구 금남로 238 (금남로2가) 무등빌딩 9층,www.namdonews.com,,신문 발행업,2006-03-23,12월
주식회사 남부공원,southpark,남부공원, ,최중열,기타법인,110111-7158391,162-86-01368,"서울특별시 강남구 영동대로 602 (삼성동, 삼성동미켈란107) 6층, A12호", ,,일반 영화 및 비디오물 제작업,2019-07-01,12월
남양정보기술 주식회사,"nam yang information technology co.,Ltd",남양정보기술, ,마찬호,기타법인,200111-0068407,408-81-27236,광주광역시 북구 중흥동 712-3(남양건축프라자 2층),www.nyinfo.co.kr,,컴퓨터시스템 통합 자문 및 구축 서비스업,1996-09-03,12월
(주)낫씽, ,낫씽, ,박진혁,기타법인,180111-0302678,617-81-25263,부산광역시 금정구 장전동 산30 창업지원센타 13호, ,,시스템 소프트웨어 개발 및 공급업,1999-10-23,12월
(주)내일네트워크,"Naeil Network Co., Ltd.",내일네트워크, ,최선호,기타법인,115911-0048077,128-81-54045,경기도 고양시 덕양구 주교동 609-12, ,,유선 통신업,2000-12-01,12월
(주)내일신문,naeilshinmoon,내일신문, ,장명국 문진헌,기타법인,110111-0951338,111-81-19851,"서울특별시 종로구 새문안로3길 3 (신문로1가, 내일신문)",www.naeil.com,,신문 발행업,1993-06-21,12월
내일을사는사람들 주식회사,people for tomorrow,내일을사는사람들, ,권지혜,기타법인,110111-8080296,684-88-02236,"서울특별시 강남구 영동대로 741 (청담동, 은성빌딩)", ,,포털 및 기타 인터넷 정보매개 서비스업,2021-11-04,12월
주식회사 넘버쓰리픽쳐스,"Numberthreepictures, Inc.",넘버쓰리픽쳐스, ,김미나,기타법인,110111-4386002,105-87-46262,서울특별시 마포구 연남로3길 18-8 (연남동), ,,방송 프로그램 제작업,2010-07-05,12월
주식회사 넘버웍스,NUMBERWORKS Corp.,넘버웍스, ,하용호,기타법인,110111-5730943,397-88-00085,"경기도 성남시 분당구 판교역로 235 7층 (삼평동, 에이치스퀘어엔동)",-,,컴퓨터 프로그래밍 서비스업,2015-05-21,12월
넛지헬스케어 주식회사,NudgeHealthcare Inc.,넛지헬스케어, ,박정신,기타법인,131111-0454965,849-88-00418,"서울특별시 강남구 역삼로1길 8 (역삼동, 평익빌딩)",https://www.cashwalk.com/,,응용 소프트웨어 개발 및 공급업,2016-07-27,12월
(주)네그,"NEG Co., Ltd.",네그, ,임성환,기타법인,110111-4044949,114-86-71619,서울특별시 마포구 잔다리로2길 19,www.neg.co.kr,,데이터베이스 및 온라인정보 제공업,2009-01-19,12월
주식회사 네띠앙,Netian CO.LTD,네띠앙, ,전하진,기타법인,110111-1429441,107-81-60332,서울특별시 강남구 역삼동,www.netian.com,,기타 정보기술 및 컴퓨터운영 관련 서비스업,1999-07-30,06월
(주) 네모난오렌지,"Nemonan Orange co., Ltd.",네모난오렌지, ,안혜미,기타법인,110111-6155083,484-87-00475,"서울특별시 강남구 남부순환로 2722 (도곡동, 삼원빌딩) 3층",www.nemonanorange.com/,,시스템 소프트웨어 개발 및 공급업,2016-08-30,12월
(주)네모이십일정보통신,"Nemo21 Information & Communication Co.,ltd",네모이십일정보통신, ,김성철,기타법인,110111-1807548,108-81-19030,서울특별시 동작구 대방동 395-69 보라매아카데미 623,nemo21.com,,무선 및 위성 통신업,1999-11-12,12월
(주)네비스탁,NAVISTOCK,네비스탁, ,김정현,기타법인,110111-4092279,214-88-41573,서울특별시 마포구 독막로15길 3-11 (상수동) 3층,www.navistock.com,,포털 및 기타 인터넷 정보매개 서비스업,2009-05-08,12월
(주)네비웍스,"Naviworks Co.,Ltd.",네비웍스, ,원준희,기타법인,110111-1872418,220-81-77117,"경기도 안양시 동안구 부림로170번길 41-18 (관양동, (주)네비웍스)",www.naviworks.com,,소프트웨어 개발 및 공급업,2000-02-08,12월
주식회사 네시삼십삼분,FourThirtyThree Inc.,네시삼십삼분, ,한성진,기타법인,110111-4113512,107-87-21419,"서울특별시 강남구 삼성로104길 22 (삼성동, 예림빌딩)",www.433.co.kr,,게임 소프트웨어 개발 및 공급업,2009-06-11,12월
(주)네오굿케어,"Neogoodcare Co.,Ltd.",네오굿케어, ,김성용,기타법인,110111-8041545,788-88-02071,"서울특별시 구로구 공원로 41 513호(구로동, 현대파크빌)", ,,시스템ㆍ응용 소프트웨어 개발 및 공급업,2021-10-01,12월
주식회사 네오닷컴,Neo.com.co.kr,네오닷컴, ,김양미,기타법인,110111-1880156,214-86-49227,서울특별시 서초구 서초3동 1544-4 남양빌딩 601호,www.neodotcom.co.kr,,시스템 소프트웨어 개발 및 공급업,2000-02-16,12월
(주)네오디스,"neothis co., ltd.",네오디스, ,손미영,기타법인,134811-0092841,124-86-18945,경기도 수원시 영통구 영통동 1008-13 영혁빌딩 5층,http://neothis.com,,시스템 소프트웨어 개발 및 공급업,2004-03-12,12월
(주)네오로직스,neoLOGIX inc.,네오로직스, ,이강부,기타법인,110111-0543937,116-81-20009,서울특별시 영등포구 여의도동 25-4,http://www.neologix.co.kr,,시스템 소프트웨어 개발 및 공급업,1987-10-01,12월
(주)네오리진,"NEORIGIN Co., Ltd.",네오리진,094860,첸보(Chen Bo),코스닥시장,110111-3623463,114-86-57392,"서울특별시 강남구 학동로 155 (논현동, 원영빌딩지하1층,3층, 4층, 5층, 6층)",www.neorigin.com,,시스템 소프트웨어 개발 및 공급업,2007-02-20,12월
네오맵닷컴(주),"Neomap.com co., ltd",네오맵닷컴, ,정동회,기타법인,110111-1898810,119-81-36378,서울특별시 관악구 신림본동 1411-24 지아이에스소프트빌딩 ,www.neomap.com,,데이터베이스 및 온라인정보 제공업,2000-03-07,12월
네오바이오 주식회사,"NEOBIO CO., LTD",네오바이오, ,유종철,기타법인,135811-0088782,124-86-04344,경기도 수원시 영통구 영통동 980-3 디지털엠파이어 E동1104호,www.neobio.biz,,시스템 소프트웨어 개발 및 공급업,2002-12-30,12월
주식회사 네오바자르,NeoBazar Inc.,네오바자르, ,성진일,기타법인,131111-0398725,144-81-35088,"경기도 성남시 분당구 황새울로335번길 8 (서현동, 덕산빌딩) 439호",www.neobazar.net,,게임 소프트웨어 개발 및 공급업,2015-01-28,12월
네오보탈닷컴(주),Neovortal.com corp,네오보탈닷컴, ,서상재,기타법인,214911-0013517,403-81-20811,서울특별시 성동구 성수2가3동 277-9 (3층),http://www.neovortal.com ,,시스템 소프트웨어 개발 및 공급업,2000-03-21,12월
(주)네오비엔에스,NEO B&S Co. Ltd.,네오비엔에스, ,김영호,기타법인,110111-3032953,120-86-69059,"서울특별시 성동구 뚝섬로17가길 48 807호 (성수동2가, 성수에이원센터)", ,,소프트웨어 개발 및 공급업,2004-06-18,12월
(주)네오빌,"NeoBill.co.,LTD",네오빌, ,최해원,기타법인,110111-1975981,220-81-88346,서울특별시 강남구 삼성동 169 대하빌딩 5층,www.neobill.co.kr,,데이터베이스 및 온라인정보 제공업,2000-05-23,12월
네오사피엔스 주식회사,"Neosapience, Inc.",네오사피엔스, ,김태수,기타법인,110111-6562866,883-86-00767,"서울특별시 강남구 영동대로96길 20 5층 (삼성동, 대화빌딩)",typecast.ai,,응용 소프트웨어 개발 및 공급업,2017-11-15,12월
주식회사 네오소프트,"KNEOSOFT CO.,LTD.",네오소프트, ,안철우,기타법인,180111-0187335,617-81-15372,부산광역시 해운대구 우2동 13B-4 센텀벤처타운 3층 304호,www.keno.com,,시스템 소프트웨어 개발 및 공급업,1995-07-20,12월
(주)네오옥션테크놀로지,"NEOAUCTION TECHNOLOGY Co.,Ltd.",네오옥션테크놀로지, ,전영하,기타법인,110111-1174682,116-81-52350,서울특별시 서초구 방배동 751-11 광명빌딩 2층,www.neoauction.co.kr,,데이터베이스 및 온라인정보 제공업,1995-07-15,12월
네오워크,neowork,네오워크, ,임승업,기타법인,160111-0093734,314-81-31037,대전광역시 유성구 궁동 충남대학교 산학연606,www.com.ne.kr,,데이터베이스 및 온라인정보 제공업,2000-02-19,03월
(주)네오위드넷,"Neowithnet,Inc.",네오위드넷, ,탁지훈,기타법인,110111-3929663,220-87-68809,경기도 성남시 수정구 창업로 17 판교아이스퀘어 F동 3층 313호(시흥동),www.neowithnet.com,,응용 소프트웨어 개발 및 공급업,2008-07-07,12월
(주)네오위즈,NEOWIZ,네오위즈,095660,"김승철, 배태근 (공동대표)",코스닥시장,110111-3667552,120-87-14245,경기도 성남시 분당구 대왕판교로645번길 14네오위즈판교타워,www.neowizgames.com,,게임 소프트웨어 개발 및 공급업,2007-04-26,12월
주식회사 네오위즈블레스스튜디오,NEOWIZ BLESS STUDIO Corporation,네오위즈블레스스튜디오, ,이기원,기타법인,131111-0300431,129-86-70039,"경기도 성남시 분당구 대왕판교로645번길 14 (삼평동, 네오위즈판교타워 5층)", ,,게임 소프트웨어 개발 및 공급업,2011-12-27,12월
(주)네오위즈아이엔에스,NEOWIZINS,네오위즈아이엔에스, ,최관호,기타법인,110111-3103647,215-86-63033,경기도 성남시 분당구 구미동 188 M타워 3층, ,,컴퓨터시스템 통합 자문 및 구축 서비스업,2004-10-27,12월
주식회사 네오위즈아이엔에스,neowizins,네오위즈아이엔에스, ,최관호,기타법인,110111-4195370,120-87-45618,경기도 성남시 분당구 대왕판교로645번길 14 (삼평동), ,,"컴퓨터시스템 통합 자문, 구축 및 관리업",2009-10-09,12월
(주)네오위즈에이블스튜디오,NEOWIZ ABLE STUDIO CORPORATION,네오위즈에이블스튜디오, ,김인권,기타법인,110111-4842690,220-88-36944,"경기도 성남시 분당구 대왕판교로645번길 14 (삼평동, 네오위즈) 네오위즈판교타워", ,,게임 소프트웨어 개발 및 공급업,2012-04-12,12월
(주)네오위즈인터넷,NEOWIZ INTERNET Corporation,네오위즈인터넷, ,나성균,기타법인,110111-3667578,120-87-14231,서울특별시 강남구 삼성1동 159- 1 아셈타워, ,,게임 소프트웨어 개발 및 공급업,2007-04-26,12월
주식회사 네오위즈플레이스튜디오,NEOWIZ PLAY STUDIO Corporation,네오위즈플레이스튜디오, ,오은석,기타법인,131111-0390094,144-81-31535,"경기도 성남시 분당구 대왕판교로645번길 14 (삼평동, 네오위즈) 네오위즈판교타워",neowizplaystudio.com/,,게임 소프트웨어 개발 및 공급업,2014-10-24,12월
(주)네오위즈홀딩스,NEOWIZ HOLDINGS Corporation,네오위즈홀딩스,042420,김상욱,코스닥시장,110111-1419517,214-86-16503,경기도 성남시 분당구 대왕판교로645번길 14네오위즈판교타워,www.neowiz.com,,소프트웨어 개발 및 공급업,1997-06-06,12월
(주)네오이데아,"NeoIdea Co., Ltd",네오이데아, ,김종현,기타법인,110111-1843378,214-86-45008,경기도 안양시 동안구 달안동 1113-1 IT벤처센터 504호,www.neoidea.com,,시스템 소프트웨어 개발 및 공급업,2000-01-05,03월
(주)네오캐스트,Neocast Inc.,네오캐스트, ,김병태,기타법인,110111-1642225,105-81-97702,서울특별시 강남구 삼성동 141-26 은경빌딩 신관 3층,www.neocst.co.kr,,시스템 소프트웨어 개발 및 공급업,1999-01-28,12월
(주)네오티스,"NEOTS. Co.,Ltd",네오티스, ,이운학,기타법인,110111-2069600,214-86-68087,"경기도 하남시 미사대로 520,C동 7층 A705호 (덕풍동, 현대지식산업센터한강미사2차(25BL))",www.neots.co.kr,,"컴퓨터 프로그래밍, 시스템 통합 및 관리업",2000-09-25,12월
(주)네오패드,"NEOPAD, Inc.",네오패드, ,정희성,기타법인,164811-0016829,312-81-41728,서울특별시 금천구 가산동 371-28 우림라이온스벨리 B-1501,www.neopad.com,,시스템 소프트웨어 개발 및 공급업,2000-07-01,03월
(주)네오팬넷,NEOPANNET,네오팬넷, ,김범태,기타법인,110111-1702475,108-81-17615,서울특별시 동작구 상도5동 126-15 평우빌딩,www.threestock.com,,데이터베이스 및 온라인정보 제공업,1999-05-25,12월
(주)네오포스트,NEOPOST.Co.Ltd,네오포스트, ,이광희,기타법인,131111-0045467,129-81-32078,경기도 성남시 분당구 구미동 시그마 오피스텔 B동 833호,www.neopost.co.kr,,데이터베이스 및 온라인정보 제공업,2000-01-08,12월
(주)네오프레스,"NEOPRESS. Co. Ltd.,",네오프레스, ,110111-1585061,기타법인,110111-1585061,208-81-26205,서울특별시 강남구 수서동 725 미씨오피스텔 1709호,www.neopress.com,,시스템 소프트웨어 개발 및 공급업,1998-09-15,12월
주식회사 네오플,Neople,네오플, ,윤명진,기타법인,110111-2207268,201-81-64417,제주특별자치도 제주시 1100로 3198-13 (노형동) 네오마루,neople.co.kr/,,게임 소프트웨어 개발 및 공급업,2001-04-02,12월
(주)네오플러스,"NEOPLUS CO.,LTD",네오플러스, ,백영삼,기타법인,110111-1806897,106-81-83332,"서울특별시 구로구 디지털로 306 (구로동, 대륭포스트타워2차) 1101호",http;//www.neoplus.co.kr,,소프트웨어 개발 및 공급업,1999-11-11,12월
(주)네온펌킨,NEONPUMPKIN INC.,네온펌킨, ,한옥례,기타법인,110111-3401075,220-87-24664,서울특별시 강남구 역삼2동 774-46 KH빌딩 4층,www.neonpumpkin.com,,애니메이션 영화 및 비디오물 제작업,2006-03-01,12월
네이버랩스 주식회사,NAVER LABS CORP,네이버랩스, ,석상옥,기타법인,131111-0469344,617-86-27548,"경기도 성남시 분당구 구미로 8 (구미동, 분당 엠타워) 3층,4층",https://www.naverlabs.com/,,정보서비스업,2017-01-10,12월
네이버시스템(주),"Neighbor System Co., Ltd",네이버시스템, ,임병조,기타법인,110111-1540685,215-81-69556,서울특별시 송파구 가락본동 IT벤쳐타워 동관 16층,www.neighbor21.co.kr,,시스템 소프트웨어 개발 및 공급업,1998-04-28,12월
네이버웹툰 유한회사,NAVER WEBTOON Ltd.,네이버웹툰, ,김준구,기타법인,131114-0011991,669-86-01888,"경기도 성남시 분당구 불정로 6 6층, 7층, 8층, 9층, 10층 (정자동, 네이버그린팩토리)", ,,포털 및 기타 인터넷 정보매개 서비스업,2020-05-29,12월
네이버웹툰컴퍼니 주식회사,NAVER WEBTOON COMPANY Corporation,네이버웹툰컴퍼니, ,김준구,기타법인,131111-0481364,125-86-31602,"경기도 성남시 분당구 불정로 6 10층 (정자동, 네이버그린팩토리)",https://www.webtoonscorp.com,,정보서비스업,2017-05-01,12월
네이버제트 주식회사,NAVER Z Corporation,네이버제트, ,김창욱,기타법인,131111-0591014,683-88-01933,"경기도 성남시 분당구 불정로 6 (정자동, 네이버그린팩토리)",www.naverz-corp.com,,데이터베이스 및 온라인정보 제공업,2020-05-01,12월
네이버클라우드 주식회사,NAVER Cloud Corp.,네이버클라우드, ,김유원,기타법인,131111-0230662,129-86-31394,"경기도 성남시 분당구 불정로 6 (정자동, 네이버그린팩토리)",www.navercloudcorp.com,,포털 및 기타 인터넷 정보매개 서비스업,2009-05-01,12월
네이버클라우드트러스트서비스 주식회사,NAVER Cloud Trust Services Corp.,네이버클라우드트러스트서비스, ,김유원,기타법인,131111-0703792,325-88-02958,"경기도 성남시 분당구 분당내곡로 131 씨동 14층(백현동, 판교테크원타워)",www.navercloudtrust.com,,기타 정보기술 및 컴퓨터운영 관련 서비스업,2023-05-02,12월
(주)네이블,Nable Inc.,네이블,153460,"양건열, 조종화",코스닥시장,110111-2707367,214-87-28030,"서울특별시 강남구 봉은사로 129 1213호(논현동, 거평타운)",www.nablecomm.com,,응용 소프트웨어 개발 및 공급업,2003-01-29,12월
네이트커뮤니케이션즈 주식회사,NATE Communications Corporation,네이트커뮤니케이션즈,066270,이종성,기타법인,110111-1322885,220-81-37906,서울특별시 중구 소월로2길 30 티타워 17층,www.natecorp.com,,"자료처리, 호스팅, 포털 및 기타 인터넷 정보매개 서비스업",1996-09-19,12월
(주)네콘,necon,네콘, ,박승안,기타법인,176011-0068327,513-81-61706,경상북도 구미시 구미대로 350-27 3D프린팅제조혁신센터 302호,www.necon.co.kr,,시스템 소프트웨어 개발 및 공급업,2011-01-01,12월
주식회사네트라인,"netline information & communication co., ltd",네트라인, ,류종선,기타법인,210111-0020794,402-81-24833,전라북도 전주시 덕진구 우아동 3가 746-30번지 4층,www.netline.co.kr,,컴퓨터시스템 통합 자문 및 구축 서비스업,1998-02-24,12월
(주)네트라인플러스,"NETLINEPLUS co., LTD",네트라인플러스, ,박경태,기타법인,110111-1813727,120-81-95907,서울특별시 강남구 대치동 995-23 양유빌딩 2층 전관,www.oknp.com,,시스템 소프트웨어 개발 및 공급업,1999-11-23,12월
네트로이십일,"Netro21 Co., Ltd.",네트로이십일, ,최영일,기타법인,110111-1449994,120-81-75352,서울특별시 강남구 역삼동 679-5 서울벤쳐타운 1501호,http://www.netro.net,,데이터베이스 및 온라인정보 제공업,1997-08-11,12월
(주)네트워크앤크리에이티브,Network & creative,네트워크앤크리에이티브, ,구홍표,기타법인,110111-1468796,112-81-48757,서울특별시 관악구 봉천동 1661-4 오너벤처타운 904호,www.nccorp.co.kr,,시스템 소프트웨어 개발 및 공급업,1997-10-02,12월
주식회사 네트컴,Netcom systems.Inc.,네트컴, ,정선용,기타법인,110111-0653934,116-81-27337,서울특별시 금천구 가산동 426-5 월드메르디앙벤처센타Ⅱ 13층,http://www.netcom.co.kr,,컴퓨터시스템 통합 자문 및 구축 서비스업,1989-10-14,12월
주식회사 네트컴시스템,"NETCOMSYSTEMS Co., Ltd.",네트컴시스템, ,김진수,기타법인,110111-6555895,598-86-00985,"서울특별시 금천구 서부샛길 606 제19층 제에이1903호 (가산동, 대성디폴리스지식산업센터)",www.netcom.co.kr,,컴퓨터시스템 통합 자문 및 구축 서비스업,2017-11-02,12월
(주)네트플러스,netplus corporation,네트플러스, ,김성균,기타법인,110111-0767248,203-81-50243,서울특별시 중구 신당 4동 369-26 우봉빌딩 4층,www.np.co.kr,,컴퓨터시스템 통합 자문 및 구축 서비스업,1991-04-02,12월
(주)네티움,"NETIUM CO.,LTD",네티움, ,이재일,기타법인,110111-1594343,113-81-49439,서울특별시 서초구 서초동 1451-86 석탑빌딩5층,www.yagh.com,,데이터베이스 및 온라인정보 제공업,1998-10-12,12월
(주)네프로아이티,"NEPRO IT CO., LTD.",네프로아이티,950030,카나이 타케시,기타법인, ,24377,일본 도쿄도 주오구 쿄바시 1-11-8번지 니시긴빌딩 5층,www.nepro.jp/it/,,데이터베이스 및 온라인정보 제공업,2000-02-09,03월
(주)네프로재팬,"Nepro Japan Co., Ltd.",네프로재팬, ,카나이 타케시,기타법인, ,0199-01-067118,일본 도쿄도 주오구 쿄바시 1-11-8 니시긴빌딩 6층, ,,기타 전기 통신업,1991-12-11,03월
(주)넥서브,nexerve,넥서브, ,오병기,기타법인,110111-2027559,107-81-87097,서울특별시 영등포구 여의도동 24, ,,시스템 소프트웨어 개발 및 공급업,2000-07-15,12월
(주)넥서스,Nexus Press Ltd.,넥서스, ,임상진,기타법인,110111-0847321,110-81-30208,경기도 파주시 지목로 5 (신촌동),www.nexusbook.com,,서적 출판업,1992-04-06,12월
주식회사 넥서스커뮤니티,Nexus Community Inc.,넥서스커뮤니티, ,양재현,기타법인,110111-0826169,215-81-58684,"서울특별시 구로구 디지털로26길 61 (구로동, 에이스하이엔드타워2차)1503호",http://nexus.co.kr,,시스템 소프트웨어 개발 및 공급업,1991-12-30,12월
주식회사넥센,nexen.inc.,넥센, ,최우진,기타법인,110111-1438898,108-81-15882,서울특별시 강남 신사 595-6 동호빌딩 지하1층,www.nexen.co.kr,,데이터베이스 및 온라인정보 제공업,1997-07-12,12월
주식회사 넥셀론,NEXELON.INC,넥셀론, ,"박영곤, 강율빈",기타법인,131111-0498799,803-86-00868,"경기도 성남시 분당구 대왕판교로644번길 49 5층 501호(삼평동, 위메이드타워)", ,,모바일 게임 소프트웨어 개발 및 공급업,2017-11-13,12월
(주)넥소어,NEXOAR,넥소어, ,정문재,기타법인,110111-1604853,215-81-72968,서울특별시 은평구 역촌동 16-19, ,,시스템 소프트웨어 개발 및 공급업,1998-11-12,12월
(주)넥스밸리,"nexvalley. co., ltd.",넥스밸리, ,윤형돈,기타법인,110111-2326802,107-86-05412,서울특별시 용산구 한강로3가 16-60 한통빌딩 2층,http://www.nexvalley.com,,시스템 소프트웨어 개발 및 공급업,2001-09-06,12월
주식회사 넥스시스템,Nex system,넥스시스템, ,김귀만,기타법인,110111-1779242,117-81-25332,서울특별시 양천구 목1동 404-80,www.stock21.co.kr,,컴퓨터시스템 통합 자문 및 구축 서비스업,1999-10-01,12월
(주)넥스에어,"NEXAIR CO.,LTD",넥스에어, ,손동훈,기타법인,110111-2068537,211-86-65908,서울특별시 강남구 압구정동 450번지, ,,그 외 기타 전기 통신업,2000-09-09,12월
넥스젠엔씨지(주),NexgenNCG Inc.,넥스젠엔씨지, ,유형규,기타법인,110111-1917694,114-81-96707,서울특별시 영등포구 문래동3가 54-66 에이스하이테크시티 1-1407,http://www.nexgentech.co.kr/,,시스템 소프트웨어 개발 및 공급업,2000-03-24,12월
(주)넥스챌,Nexchal,넥스챌, ,장학,기타법인,110111-1615082,214-86-27714,경기도 성남시 분당구 판교로 242 (삼평동) PDC A동 502호, ,,시스템 소프트웨어 개발 및 공급업,1998-12-02,12월
(주)넥스쳐,NEXTURE Corporation,넥스쳐,194510,이대훈,기타법인,110111-4508151,120-87-63386,"서울특별시 양천구 목동중앙북로 112 1층,2층",www.nexturecorp.com,,게임 소프트웨어 개발 및 공급업,2011-01-05,12월
주식회사 넥스코닉스,Nexkonics Inc,넥스코닉스, ,유원형,기타법인,110111-5855262,107-88-32631,"경기도 성남시 중원구 둔촌대로 545 비2층(상대원동, 한라시그마밸리)", ,,응용 소프트웨어 개발 및 공급업,2014-10-27,12월
넥스텍, NEXTech. Inc,넥스텍, ,문일호,기타법인,110111-1203176,229-81-11470,서울특별시 강남구 역삼동 648-1 BYC 빌딩 2층,www.nextech.co.kr,,시스템 소프트웨어 개발 및 공급업,1995-10-09,12월
(주)넥스텔,NEXTEL INCORPORATED.,넥스텔,037220,진규선,기타법인,110111-1059024,215-81-44313,"경기도 군포시 산본동 1142-2,3 산본대우디오플러스 제1413호",www.nextel.co.kr,,시스템 소프트웨어 개발 및 공급업,1994-07-20,12월
넥스텝미디어 주식회사,NEXTEPMEDIA,넥스텝미디어, ,주성진,기타법인,110111-2522301,220-86-49130,서울특별시 강남구 역삼동 733-11 신한빌딩5층,www.nextepmedia.co.kr,,게임 소프트웨어 개발 및 공급업,2002-08-30,12월
주식회사 넥스토릭,Nextoric Corporation,넥스토릭, ,김영구,기타법인,110111-4057075,220-87-78097,경기도 성남시 분당구 삼평동 판교로 256번길 25B ( 삼평동 판교테크노밸리 C3-7),www.nextoric.com,,게임 소프트웨어 개발 및 공급업,2009-03-10,12월
넥스트디앤드에스주식회사,Next D&S,넥스트디앤드에스, ,계상범,기타법인,110111-1206360,113-81-35876,서울특별시 영등포구 여의도동 12번지 CCMM빌딩3층, ,,신문 발행업,1995-11-20,12월
주식회사 넥스트레벨스튜디오,NEXT LEVEL Studio Inc.,넥스트레벨스튜디오, ,박성인,기타법인,110111-8099388,276-87-02192,"서울특별시 도봉구 시루봉로 166 (방학동, 동양크레오아파트)", ,,기타 인쇄물 출판업,2021-11-19,12월
넥스트리 주식회사,NEXTREE,넥스트리, ,"송태국, 박진철",기타법인,110111-5459486,119-86-91148,서울특별시 금천구 가산디지털2로 144 914호(가산동), ,,시스템 소프트웨어 개발 및 공급업,2014-07-07,12월
넥스트미디어아이(주),"nextmediai CO., LTD",넥스트미디어아이, ,안세환,기타법인,110111-1380809,116-81-63594,서울특별시 영등포구 여의도동 12번지 CCMM빌딩 4층,www.stoo.com,,데이터베이스 및 온라인정보 제공업,1997-02-27,12월
주식회사 넥스트솔루션,"NEXT. Co., Ltd.",넥스트솔루션, ,이신종,기타법인,110111-1706378,110-81-41272,"서울특별시 구로구 디지털로34길 55   B2층 (구로동, 코오롱싸이언스밸리2차)",www.next.kr,,시스템 소프트웨어 개발 및 공급업,1999-06-01,12월
(주)넥스트씬,NEXT SCENE,넥스트씬, ,박신우 오충환,기타법인,110111-7946910,290-86-02172,"경기도 고양시 덕양구 으뜸로 130 1406호 (덕은동, 위프라임트윈타워)", ,,방송 프로그램 제작업,2021-07-07,12월
(주)넥스트엔터테인먼트월드,"NEXTENTERTAINMENTWORLD Co., Ltd",넥스트엔터테인먼트월드, ,서동욱,기타법인,110111-3961045,214-88-31696,서울특별시 강남구 논현동 240-10 중앙빌딩 4층, ,,"영화, 비디오물 및 방송프로그램 배급업",2008-09-01,12월
넥스트포인트(주),Nextpoint Inc.,넥스트포인트, ,김호빈,기타법인,110111-1804734,220-81-70040,서울특별시 강남구 역삼동 667 금석빌딩 4층,www.nextpoint.co.kr,,시스템 소프트웨어 개발 및 공급업,1999-11-10,12월
(주)넥스트플레이,NEXTPLAY,넥스트플레이, ,양기창,기타법인,110111-2873176,220-86-72285,서울특별시 강남구 역삼동 702-29 아름빌딩,www.nextplay.co.kr,,게임 소프트웨어 개발 및 공급업,2003-10-13,12월
주식회사 넥스트플로어지하연구소,-,넥스트플로어지하연구소, ,김재욱,기타법인,110111-6172243,479-86-00587,"서울특별시 서초구 강남대로 479 (반포동, 신논현타워) 5층 일부", ,,"컴퓨터 프로그래밍, 시스템 통합 및 관리업",2016-09-08,12월
(주)넥스포츠,NEXPORTS Corporation,넥스포츠, ,정욱,기타법인,131111-0561819,816-86-01432,"경기도 성남시 분당구 성남대로331번길 8 604호 (정자동, 킨스타워)", ,,모바일 게임 소프트웨어 개발 및 공급업,2019-07-19,12월
(주)넥슨게임즈,"NEXON Games Co., Ltd.",넥슨게임즈,225570,박용현,코스닥시장,110111-5781277,186-86-00123,"서울특별시 강남구 남부순환로 2621 5층(도곡동, 에스앤아이강남빌딩)",nexongames.co.kr,,소프트웨어 개발 및 공급업,2015-07-14,12월
주식회사 넥슨레드,NEXON RED Corp.,넥슨레드, ,김대훤,기타법인,110111-5453652,206-86-92359,"경기도 성남시 분당구 판교로256번길 25 (삼평동, 판교테크노밸리씨3-7 비동)", ,,게임 소프트웨어 개발 및 공급업,2014-07-01,12월
(주)넥슨모바일,Nexonmobile Corporation,넥슨모바일, ,이승한,기타법인,110111-2338667,204-81-62174,서울특별시 강남구 삼성1동 151-7, ,,게임 소프트웨어 개발 및 공급업,2001-04-30,12월
주식회사 넥슨유니버스,Nexon Universe Corporation ,넥슨유니버스, ,배정일,기타법인,131111-0689504,283-87-02958,경기도 성남시 분당구 판교로256번길 25 씨3-7 비동 6층(삼평동), ,,시스템ㆍ응용 소프트웨어 개발 및 공급업,2022-12-01,12월
넥슨지티(주),"Nexon GT Co., Ltd.",넥슨지티,041140,신지환,기타법인,110111-0984587,126-81-15901,"경기도 성남시 분당구 판교로 256번길 25 (삼평동, 판교테크노밸리 씨3-7비동)",www.nexon-gt.com,,게임 소프트웨어 개발 및 공급업,1993-11-08,12월
(주) 넥슨코리아,NEXON Korea Corporation,넥슨코리아, ,"강대현, 김정욱",기타법인,110111-3320241,220-87-17483,경기도 성남시 분당구 판교로256번길 7 (삼평동),www.nexon.com,,게임 소프트웨어 개발 및 공급업,2005-10-01,12월
(주)넥써쓰,"NEXUS Co., Ltd.",넥써쓰,205500,장현국,코스닥시장,110111-5501302,107-88-27934,경기도 성남시 분당구 대왕판교로606번길 10 15층(알파리움 제타워 1동),www.action2quare.com,,소프트웨어 개발 및 공급업,2014-08-27,12월
주식회사 넵튠,Neptune Company,넵튠, ,정욱,기타법인,131111-0302817,129-86-71829,"경기도 성남시 분당구 성남대로331번길 8 14층 1402호 (정자동, 킨스타워)",www.neptunegames.co.kr,,게임 소프트웨어 개발 및 공급업,2012-01-31,12월
(주)넵튠,Neptune Company,넵튠,217270,강율빈,코스닥시장,110111-5671171,806-88-00032,서울특별시 강남구 언주로 508 11층,neptunecompany.kr/,,소프트웨어 개발 및 공급업,2015-03-19,12월
(주)넵튠마스터,Neptune master corporation,넵튠마스터, ,유태웅,기타법인,131111-0540706,823-88-01147,"경기도 성남시 분당구 성남대로331번길 8 604호 (정자동, 킨스타워)", ,,모바일 게임 소프트웨어 개발 및 공급업,2019-01-02,12월
(주)넷게임즈,"NAT GAMES CO.,LTD",넷게임즈, ,박용현,기타법인,110111-5128164,120-87-98089,"서울특별시 강남구 강남대로 308 2층(역삼동, 랜드마크타워)", ,,게임 소프트웨어 개발 및 공급업,2013-05-06,12월
(주)넷더스,"Netdus Co.,Ltd",넷더스, ,"심봉학, 배기교",기타법인,110111-1901788,209-81-24670,서울특별시 강남구 역삼동 738-39 부성빌딩 3층,www.netdus.com,,시스템 소프트웨어 개발 및 공급업,2000-03-09,12월
넷마블(주),Netmarble Corporation,넷마블,251270,김병규,유가증권시장,110111-4731299,105-87-64746,"서울특별시 구로구 디지털로26길 38 (구로동, 지타워)",company.netmarble.com,,게임 소프트웨어 개발 및 공급업,2011-11-17,12월
주식회사 넷마블,Netmarble Inc.,넷마블, ,방준혁,기타법인,110111-1893589,220-81-79041,서울특별시 강남구 삼성동 공항타워22층,www.netmarble.net,,게임 소프트웨어 개발 및 공급업,2000-03-02,12월
넷마블네오(주),NetmarbleNeo Inc.,넷마블네오, ,권영식,기타법인,110111-4886151,113-86-60405,"서울특별시 구로구 디지털로26길 38 (구로동, G-TOWER) 넷마블네오", ,,게임 소프트웨어 개발 및 공급업,2012-06-08,12월
넷마블넥서스 주식회사,Netmarble Nexus Inc,넷마블넥서스, ,"김정민, 배경태",기타법인,110111-5047687,264-81-09749,"서울특별시 구로구 디지털로26길 38 (구로동, 지타워)",www.netmarblenexus.com,,게임 소프트웨어 개발 및 공급업,2013-01-22,12월
넷마블몬스터주식회사,Netmarble Monster Inc.,넷마블몬스터, ,김건,기타법인,110111-2044214,101-81-61463,"서울특별시 구로구 디지털로26길 38 (구로동, 지타워)",www.netmarblemonster.com,,게임 소프트웨어 개발 및 공급업,2000-08-07,12월
넷마블앤파크(주),NetmarbleNpark Inc.,넷마블앤파크, ,이건희,기타법인,110111-1896286,214-86-50516,"서울특별시 구로구 디지털로 306 13층 (구로동, 대륭포스트타워2차)",www.netmarblenpark.com,,게임 소프트웨어 개발 및 공급업,2000-03-04,12월
넷마블에프앤씨 주식회사 ,Netmarble F&C Inc.,넷마블에프앤씨, ,서우원,기타법인,110111-5356062,113-86-81996,"서울특별시 구로구 디지털로26길 38 (구로동, 지타워)", ,,게임 소프트웨어 개발 및 공급업,2014-03-05,12월
넷마블엔투주식회사,Netmarble N2 Inc.,넷마블엔투, ,권민관,기타법인,110111-4697920,113-86-52337,"서울특별시 구로구 디지털로26길 38 (구로동,지타워)",company.netmarble.com/,,게임 소프트웨어 개발 및 공급업,2011-09-30,12월
넷마블체리(주),CHERRY BUGS Inc.,넷마블체리, ,정철호,기타법인,110111-5231248,109-86-43654,"서울특별시 구로구 디지털로 300 (구로동, 지밸리비즈플라자)", ,,모바일 게임 소프트웨어 개발 및 공급업,2013-10-01,12월
(주)넷브레인,"NetBrain Co., Ltd",넷브레인, ,최상덕,기타법인,110111-2048084,120-86-10053,서울특별시 서초구 우면동 64 대성빌딩 5층,http://www.netbrain.co.kr,,시스템 소프트웨어 개발 및 공급업,2000-08-11,12월
(주)넷소사이어티,Net society,넷소사이어티, ,황리규,기타법인,110111-1864704,214-86-47234,서울특별시 마포구 도화동 250-4 근신빌딩 신관 408호,http://www.netso.co.kr,,시스템 소프트웨어 개발 및 공급업,2000-01-27,12월
주식회사 넷소프트,NETSOFT  INC.,넷소프트, ,박형용,기타법인,130111-0051283,124-81-62053,경기도 수원시 권선구 매교동 175-28 당성빌딩 3층,http://www.netsoft.co.kr,,시스템 소프트웨어 개발 및 공급업,1999-03-18,12월
(주)넷소프트,"netsoft co.,ltd.",넷소프트, ,지호윤,기타법인,160111-0059215,314-81-17689,대전광역시 유성구 봉명동536-9 홍인오피스텔304호,net-soft.co.kr,,시스템 소프트웨어 개발 및 공급업,1996-12-28,12월
주식회사 넷솔테크,NETSOULTECH CO. LTD.,넷솔테크, ,강동규,기타법인,110111-2386426,214-86-94886,"서울특별시 영등포구 국회대로70길 19 1101호~1105호 (여의도동, 대하빌딩)",www.netsoultech.com,,컴퓨터시스템 통합 자문 및 구축 서비스업,2001-12-01,12월
(주)넷스루,NETHRU,넷스루, ,최원홍,기타법인,171711-0037555,506-81-32824,서울특별시 성동구 광나루로8길 31 (성수동2가) 성수SKV1센터 2동 7층,www.nethru.co.kr,,응용 소프트웨어 개발 및 공급업,1999-07-30,12월
넷시큐어테크놀러지(주),"NetSecure Technology, Inc",넷시큐어테크놀러지, ,안용태,기타법인,110111-1824732,214-86-43126,서울특별시 강남구 대치4동 890-38 동산빌딩3층,www.netsecuretech.com,,시스템 소프트웨어 개발 및 공급업,1999-12-09,12월
주식회사 넷앤드,NETAND,넷앤드, ,신호철,기타법인,110111-3809435,109-86-11375,"서울특별시 영등포구 의사당대로1길 25 10층(여의도동, 하남빌딩)",www.netand.co.kr,,시스템 소프트웨어 개발 및 공급업,2008-01-01,12월
(주)넷츠,"NETS Co., Ltd.",넷츠, ,백황현,기타법인,110111-1546021,229-81-32228,"서울특별시 강남구 논현로36길 20 3~4층 (도곡동, 동운빌딩)",www.nets.co.kr,,컴퓨터 프로그래밍 서비스업,1998-05-15,12월
주식회사 넷츠고,"NETSGO CO., LTD.",넷츠고, ,김정수,기타법인,110111-2052093,104-81-56144,서울특별시 중구 남대문로5가 그린빌딩 sk빌딩, ,,그 외 기타 전기 통신업,2000-08-18,12월
(주)넷커스터마이즈,Network Customizing Technologies Inc,넷커스터마이즈, ,안명수,기타법인,160111-0092059,314-81-30324,"대전광역시 유성구 유성대로1184번길 29 (신성동, (주)넷커스터마이즈)",www.netcus.com,,시스템 소프트웨어 개발 및 공급업,2000-01-14,12월
(주) 넷큐빅,"Netcubic Co.,Ltd",넷큐빅, ,손창근,기타법인,110111-1659460,116-81-72375,서울특별시 강남구 대치3동 942 해성1빌딩 3층,www.netcubic.co.kr,,기타 정보기술 및 컴퓨터운영 관련 서비스업,1999-03-08,12월
주식회사 넷티스네트,"NETis Network,Inc",넷티스네트, ,백대현,기타법인,110111-1650666,214-86-29726,서울특별시 강남구 역삼동 837-26 삼일프라자 1410호,http://www.netis.net,,컴퓨터시설 관리업,1999-02-12,12월
(주)넷파워정보통신,netpower Information&communications  Inc.,넷파워정보통신, ,이한우,기타법인,110111-1777501,114-81-91702,서울특별시 특별시 서초구 방배1동 940-1 옥산빌딩 3층,netpower.co.kr,,시스템 소프트웨어 개발 및 공급업,1999-09-21,12월
(주)넷퓨어,"Netpure.Co.,Ltd",넷퓨어, ,김태훈,기타법인,170111-0355877,502-81-96170,서울특별시 강남구 신사동 512-10번지 대성빌딩 5층,www.netpure.co.kr,,포털 및 기타 인터넷 정보매개 서비스업,2008-05-20,12월
(주)넷피아,Netpia.com,넷피아, ,이판정,기타법인,110111-1438525,120-81-74896,"서울특별시 종로구 새문안로3길 7 (신문로1가, 한글회관)",www.netpia.com,,시스템 소프트웨어 개발 및 공급업,1997-07-10,12월
(주)넷피플,NetPeople,넷피플, ,이만량,기타법인,110111-2173831,101-81-67583,서울특별시 종로구 충신동 60 예일빌딩 3층,www.people475.com,,기타 정보기술 및 컴퓨터운영 관련 서비스업,2001-02-17,12월
(주)넷필드,"NETFIELD Co., LTD",넷필드, ,정재용,기타법인,181211-0044938,610-81-29477,울산광역시 남구 삼산동 1590-3,www.nfield.com,,시스템 소프트웨어 개발 및 공급업,1997-06-17,12월
(주)넷핑정보시스템, ,넷핑정보시스템, ,오장환,기타법인,110111-1586952,229-81-33794,서울특별시 서초구 양재동 392-8 세기빌딩2층, ,,그 외 기타 전기 통신업, ,12월
노드스트롬제일차 주식회사,-,노드스트롬제일차, ,조한나,기타법인,110111-6587666,616-88-00837,"서울특별시 영등포구 여의대로 66 4층(여의도동, KTB)", ,,"컴퓨터 프로그래밍, 시스템 통합 및 관리업",2017-12-05,12월
노드시스템,NODESYSTEM INC.,노드시스템, ,이금석,기타법인,110111-1886253,114-81-95275,서울특별시 성북구 하월곡동 39-1 한국과학기술연구원내 벤처타운 934호,www.nodesystem.com,,통신 재판매업,2000-06-22,12월
(주)노르마,NORMA Inc.,노르마, ,정현철,기타법인,110111-4702729,209-81-54271,"서울특별시 성동구 아차산로15길 52 (성수동2가, 삼환디지털벤처타워) 203호", ,,시스템 소프트웨어 개발 및 공급업,2011-10-12,12월
노리시스템 주식회사,"Norisystem  Co., Ltd.",노리시스템, ,송호선,기타법인,161511-0138911,312-86-36894,충청남도 천안시 서북구 백석공단1로 10 (백석동) 미래에이스하이테크시티 B동 501호,www.norisystem.co.kr,,시스템 소프트웨어 개발 및 공급업,2012-03-01,12월
(주)노리하우스,"Norihouse Co., Ltd.",노리하우스, ,남성하,기타법인,110111-2716376,120-86-48340,전라북도 전주시 완산구 중노송동 470-4 멀티미디어기술지원센터 3층 302, ,,방송 프로그램 제작업,2003-02-14,12월
노머니커뮤니케이션주식회사,"NOMONEY COMMUNICATION Co., Ltd.",노머니커뮤니케이션, ,임태형,기타법인,110111-1706352,113-81-53345,서울특별시 송파구 방이동 44-3 현대토픽스빌딩 4층,www.hanstay.com,,데이터베이스 및 온라인정보 제공업,1999-06-01,12월
(주)노버스미디어코프,NOVUSMEDIACORP,노버스미디어코프, ,정석영,기타법인,110111-4189993,211-88-33598,광주광역시 동구 중앙로160번길 16-7 (불로동),www.novusmediacorp.com/html/main.html,,"영화, 비디오물 및 방송프로그램 배급업",2009-10-01,12월
(주)노벨과개미,"Nobel & Gaemi co.,ltd",노벨과개미, ,이형수,기타법인,110111-1245706,211-86-13244,"서울특별시 강남구 테헤란로78길 16 (대치동, 노벨빌딩)",www.nobelsang.com,,기타 인쇄물 출판업,1996-02-16,12월
(주)노벨아이,"NOBELI CO.,LTD",노벨아이, ,이동원,기타법인,110111-1113036,211-86-34652,"서울특별시 강남구 테헤란로78길 16 (대치동, 노벨빌딩, 9층)",www.nobeli.co.kr,,서적 출판업,1994-12-27,12월
노블레스미디어인터내셔날,Noblesse Media International Inc.,노블레스미디어인터내셔날, ,명제열,기타법인,110111-0692833,120-81-48160,서울특별시 강남구 청담동 78-8 노블레스빌딩, ,,잡지 및 정기간행물 발행업,1990-04-11,12월
(주)노스스타컨설팅,"Northstar Consultig, Inc.",노스스타컨설팅, ,이도원,기타법인,110111-3459909,120-87-01814,"서울특별시 성동구 성수이로 51 (성수동2가, 서울숲한라시그마벨리) 401호",www.northstar.co.kr,,"컴퓨터 프로그래밍, 시스템 통합 및 관리업",2006-05-01,12월
노스텍 주식회사,"NOS Tech. Co., Ltd",노스텍, ,홍동진,기타법인,110111-1822083,214-86-42879,서울특별시 강남구 논현동 221-2 씨앤에스벤처빌딩,www.ss7.co.kr,,시스템 소프트웨어 개발 및 공급업,1999-12-04,12월
노아시스템주식회사,NOAHSYSTEM,노아시스템, ,조재준,기타법인,110111-2049719,114-86-01786,"서울특별시 금천구 가산디지털1로 171 (가산동, 가산에스케이브이원센터)1807호", ,,유선 온라인 게임 소프트웨어 개발 및 공급업,2000-08-16,12월
노아에이티에스(주),NOA Advanced Technology Solutions,노아에이티에스, ,엄동현,기타법인,110111-1556814,220-81-53250,"경기도 성남시 분당구 판교로 253 B동 901호(삼평동, 판교이노밸리)",www.noaats.com,,컴퓨터시스템 통합 자문 및 구축 서비스업,1998-07-15,03월
(주)노아테크놀로지,NOA TECHNOLOGY INC.,노아테크놀로지, ,장재석,기타법인,110111-1941362,211-86-95794,서울특별시 서초구 서초동 1425-1 보성빌딩 6층,www.noat.co.kr,,컴퓨터시설 관리업,2000-04-17,12월
(주)노원좋은통신,qlnowon,노원좋은통신, ,전현용,기타법인,110111-3655218,217-81-23522,경기도 부천시 원미구 상동 615-4 승림프라자 3층, ,,유선 통신업,2007-04-09,12월
주식회사 노크,KNOWCK Co. Ltd.,노크, ,김정호,기타법인,110111-4719914,104-86-37778,"서울특별시 성동구 성수일로4길 25 (성수동2가, 서울숲코오롱디지털타워) 615호",www.knowck.com,,컴퓨터 프로그래밍 서비스업,2011-11-04,12월
주식회사 노크랩,KNOCKLAB Corporation,노크랩, ,김연빈,기타법인,110111-0919027,758-87-03446,"서울특별시 성북구 종암로 13 4층 409(종암동, 고려대학교교우회)",04051,,컴퓨터시스템 통합 자문 및 구축 서비스업,2025-02-21,12월
주식회사 노타,Nota Inc.,노타,486990,채명수,코스닥시장,160111-0397409,694-88-00138,"대전광역시 유성구 문지로 272-16, 502호",/www.nota.ai,,시스템 소프트웨어 개발 및 공급업,2015-04-24,12월
노튼힐(주),Notenhill,노튼힐, ,김준호,기타법인,110111-1915490,120-86-02005,서울특별시 서초구 방배본동 764-19 바른손빌딩 4층,notenhill.com,,기타 정보기술 및 컴퓨터운영 관련 서비스업,2000-03-22,12월
녹색지팡이(주),GREENSTICK,녹색지팡이, ,홍성기,기타법인,110111-3088055,220-86-91905,서울특별시 강남구 논현동 90-2, ,,기타 정보기술 및 컴퓨터운영 관련 서비스업,2004-09-21,12월
주식회사 녹스게임즈,"Nox Games Co. ,Ltd",녹스게임즈, ,홍준수,기타법인,110111-4746545,107-87-62502,"서울특별시 영등포구 선유로 146 (양평동3가, 이앤씨드림타워)", ,,게임 소프트웨어 개발 및 공급업,2011-12-09,12월
농업회사법인 (주)고산들,"Gosandeul Agricultural Co., Ltd.",농업회사법인고산들, ,조미희,기타법인,175411-0009845,511-81-17505,대구광역시 달서구 성서공단로 275 (장동) (주)고산들, ,,정보서비스업,2011-05-09,12월
(주)농협정보시스템,"NH INFORMATION SYSTEM CO., LTD.",농협정보시스템, ,도기윤,기타법인,110111-3455527,120-87-01755,"서울특별시 서초구 매헌로 24 (양재동, 농협전산정보) 2층",www.nonghyupit.com,,컴퓨터 프로그래밍 서비스업,2006-05-10,12월
주식회사 누날,Noonal Corp,누날, ,홍은영,기타법인,110111-7103932,238-87-01492,서울특별시 마포구 희우정로 50 (합정동) 301호,www.noonal.com,,데이터베이스 및 온라인정보 제공업,2019-05-10,12월
주식회사 누리미디어,"NURIMEDIA Co.,Ltd.",누리미디어, ,최순일,기타법인,110111-6417912,816-81-00840,"서울특별시 영등포구 선유로 63 4층 (문래동6가, EEU동신타워)",www.nurimedia.co.kr,,데이터베이스 및 온라인정보 제공업,2017-06-01,12월
누리보듬제일차,-,누리보듬제일차, ,권승길,기타법인,110111-6721024,448-81-01215,"서울특별시 영등포구 여의대로 60 (여의도동, NH투자증권빌딩)", ,,"컴퓨터 프로그래밍, 시스템 통합 및 관리업",2018-04-16,12월
(주)누리솔루션,"Nuri Solution Co., Ltd.",누리솔루션, ,김종현,기타법인,110111-1866213,105-86-07369,서울특별시 영등포구 경인로 775 에이스 하이테크 시티 1동 709호,www.nurisol.co.kr,,시스템 소프트웨어 개발 및 공급업,2000-01-28,12월
누리엔소프트(주),"NURIEN SOFT Co.,Ltd",누리엔소프트, ,김태욱,기타법인,110111-4431196,220-88-04781,"서울특별시 구로구 디지털로30길 28 (구로동, 마리오타워)6층 606호", ,,소프트웨어 개발 및 공급업,2010-09-09,12월
누리엔소프트웨어(주),"Nurien software co.,Ltd",누리엔소프트웨어, ,구준회,기타법인,110111-3020354,110-81-66268,서울특별시 서초구 양재동 275-5 태석빌딩 13층,www.nurien.com,,게임 소프트웨어 개발 및 공급업,2004-05-25,12월
(주)누리인포스,"NURI INFOS CO.,LTD. ",누리인포스, ,허용도,기타법인,110111-0945141,116-81-45276,서울특별시 영등포구 여의도동 24-1,www.nis.co.kr,,시스템 소프트웨어 개발 및 공급업,1993-06-01,12월
(주)누리플렉스,"NuriFlex Co.,Ltd.",누리플렉스,040160,한정훈,코스닥시장,110111-1029671,116-81-34196,서울특별시 서초구 사평대로 16(방배동 750-14번지),www.nuriflex.co.kr,www.nuritelecom.co.kr,시스템 소프트웨어 개발 및 공급업,1994-04-18,12월
주식회사 누턴,NUTURN Corp.,누턴, ,남호형,기타법인,110111-7713228,877-81-02130,"서울특별시 송파구 법원로 128 (문정동, 문정에스케이브이원지엘메트로시티), B동 10층 1011호", ,,광고 영화 및 비디오물 제작업,2020-12-11,12월
(주)눈앤누브시스템,NUN&NHB SYSTEM,눈앤누브시스템, ,김광남,기타법인,110111-1708291,120-81-90028,서울특별시 강남구 대치동 936-17 한증빌딩 3층,http://www.nunnhb.com,,시스템 소프트웨어 개발 및 공급업,1999-06-04,12월
눔코리아 주식회사,"Noom Korea, Inc.",눔코리아, ,김영인,기타법인,110111-5122950,264-81-15858,"서울특별시 영등포구 국제금융로2길 37 704호 (여의도동, S-TRENUE)",noom.com/ko,,응용 소프트웨어 개발 및 공급업,2013-05-16,01월
(주)뉴라커뮤니케이션,"NewLa Communication co., ltd",뉴라커뮤니케이션, ,신승철,기타법인,180111-0319178,607-81-48973,부산광역시 연제구 연산동 1123-21 해성빌딩 701호,www.newla.co.kr,,데이터베이스 및 온라인정보 제공업,2000-04-04,12월
뉴로핏 주식회사,NEUROPHET Inc.,뉴로핏,380550,"빈준길, 김동현",코스닥시장,200111-0455472,204-86-57415,"서울특별시 강남구 테헤란로 124 삼원타워, 12층",www.neurophet.com/,,응용 소프트웨어 개발 및 공급업,2016-03-14,12월
(주)뉴메디컴,"Newmedicom Co., Ltd.",뉴메디컴, ,이명수,기타법인,160111-0033772,314-81-06595,대전광역시 유성구 구암동 628-2,http://www.Newmedi.com,,컴퓨터시스템 통합 자문 및 구축 서비스업,1992-12-30,12월
주식회사 뉴블라코리아,Neubla Corporation,뉴블라코리아, ,윤종희,기타법인,110111-8076427,832-88-02214,서울특별시 서초구 서초대로77길 5 (서초동) 9층, ,,출판업,2021-11-02,12월
(주)뉴비지니스시스템,New Business System CO.LTD,뉴비지니스시스템, ,강우현,기타법인,110111-0848759,120-81-64141,서울특별시 서초구 논현로27길 98,www.nbs.co.kr,,컴퓨터시스템 통합 자문 및 구축 서비스업,1992-05-01,10월
주식회사 뉴빌리티,NEUBILITY INC.,뉴빌리티, ,이상민,기타법인,285011-0367511,539-87-00775,서울특별시 성동구 왕십리로 115 (성수동1가) 헤이그라운드 2층,www.neubility.co.kr,,컴퓨터 프로그래밍 서비스업,2017-11-01,12월
주식회사 뉴스1,"NEWS1 Co., Ltd.",뉴스1, ,이백규,기타법인,110111-4575043,101-86-62870,"서울특별시 종로구 종로 47 17층(공평동, SC제일은행본점)", ,,뉴스 제공업,2011-04-07,12월
주식회사 뉴스토마토,NEWSTOMATO,뉴스토마토, ,정광섭,기타법인,110111-6616259,723-87-00725,"서울특별시 마포구 양화진4길 32 (합정동, (주)이토마토)", ,,뉴스 제공업,2018-01-03,12월
주식회사 뉴스핌,NEWSPIM,뉴스핌, ,민병복,기타법인,110111-2783432,104-81-81003,"서울특별시 영등포구 국제금융로 70 (여의도동, 미원빌딩 906호)",www.newspim.com,,신문 발행업,2003-05-21,12월
(주)뉴시스,newsis,뉴시스, ,김현호,기타법인,110111-1119620,102-81-36588,서울특별시 중구 퇴계로 173 (충무로3가)남산스퀘어빌딩 12층,www.newsis.com,,뉴스 제공업,2014-11-11,12월
뉴씨앤씨,"NEW C&C Co.,Ltd",뉴씨앤씨, ,정연범,기타법인,110111-1245938,229-81-19093,서울특별시 강남구 논현2동 237-10 서진빌딩 5층,www.newcc.co.kr,,컴퓨터시스템 통합 자문 및 구축 서비스업,1996-02-28,12월
(주)뉴아이디,"NEW ID Co., Ltd.",뉴아이디, ,박준경,기타법인,110111-7252177,808-81-01488,"서울특별시 강남구 강남대로132길 55 (논현동, 엠브이타워), 3층", ,,방송 프로그램 제작업,2019-10-11,12월
주식회사 뉴에라파트너스인베스트먼트,New Era Partners Investment Inc.,뉴에라파트너스인베스트먼트, ,김민수,기타법인,134411-0081925,147-86-01262,경기도 이천시 부발읍 죽당로 131 167-64 (죽당리), ,,포털 및 기타 인터넷 정보매개 서비스업,2018-06-20,12월
(주)뉴엔에이아이,NEWEN AI,뉴엔AI,463020,배성환,코스닥시장,281111-0080389,128-81-94256,경기도 고양시 일산서구 킨텍스로 240 킨텍스 꿈에그린 GIFC 타워 24층,www.newen.ai,,응용 소프트웨어 개발 및 공급업,2004-05-31,12월
주식회사 뉴웨이브컴퍼니,New wave company,뉴웨이브컴퍼니, ,강성모,기타법인,110111-3035676,211-87-51890,서울특별시 강남구 신사동 654-15 중앙빌딩 3층,www.nwc.co.kr,,일반 영화 및 비디오물 제작업,2004-06-23,12월
(주)뉴젠솔루션,"newgensolution Co.,Ltd.",뉴젠솔루션, ,장선수,기타법인,110111-4481208,105-87-51159,"서울특별시 영등포구 경인로 775 1동 1006호(문래동3가, 에이스하이테크시티)", ,,응용 소프트웨어 개발 및 공급업,2010-12-01,12월
주식회사 뉴젠스,"NEWGENS. CO.,LTD",뉴젠스, ,임영필,기타법인,110111-3067463,220-86-91701,"경기도 과천시 과천대로7길 20 (갈현동, 과천스마트케이업무시설) 과천스마트케이 A타워 6층",www.newgens.co.kr,www.newgens.co.kr,컴퓨터시스템 통합 자문 및 구축 서비스업,2004-08-16,12월
뉴젠홀딩스 주식회사,NEWZENHOLDINGS CO. LTD.,뉴젠홀딩스, ,최영신,기타법인,131411-0215030,134-86-50317,"서울특별시 영등포구 경인로 775 1동 1103호(문래동3가, 에이스하이테크시티)",www.moduware.co.kr,,응용 소프트웨어 개발 및 공급업,2008-07-28,12월
뉴콤씨스템 주식회사,NEWCOM SYSTEM CO. LTD,뉴콤씨스템, ,이문환,기타법인,110111-0924880,106-81-42267,서울특별시 송파구 석촌동 235-2 금산빌딩 3층,"http://www.newcoms.co,kr",,그 외 기타 전기 통신업,1993-03-10,12월
주식회사 뉴포인트,"ENGINE VISUAL WAVE CO., LTD.",뉴포인트, ,김우택,기타법인,110111-7093753,460-81-01549,"서울특별시 마포구 상암산로 34 (상암동), 22충", ,,"영화, 비디오물 및 방송프로그램 제작업",2019-05-07,12월
(주)뉴포트픽쳐스,"newport pictures co., ltd",뉴포트픽쳐스, ,강철화,기타법인,110111-3370791,105-86-87363,서울특별시 마포구 성산동 245-15 대성빌딩 4층, ,,"영화, 비디오물, 방송프로그램 제작 및 배급업",2006-01-02,12월
(주)니어스랩,Nearthlab Inc.,니어스랩, ,최재혁,기타법인,131411-0342669,129-87-00068,"서울특별시 송파구 정의로8길 9 (문정동, AJ빌딩) 3층",www.nearthlab.com,,시스템 소프트웨어 개발 및 공급업,2015-05-15,12월
주식회사 니오위즈,"Niowiz Co.,ltd",니오위즈, ,문영수,기타법인,110111-1838204,220-81-73159,서울특별시 영등포구 여의도동 28-1 전경련회관 18층,http://www.tradealive.com,,데이터베이스 및 온라인정보 제공업,1999-12-28,12월
니즈게임즈 주식회사,NEEDSGAMES,니즈게임즈, ,임명훈,기타법인,110111-6972883,380-87-01279,"서울특별시 강남구 테헤란로 218 14층 (역삼동, APTower(에이피타워))",needsgames.com,,모바일 게임 소프트웨어 개발 및 공급업,2019-01-04,12월
니즈솔루션(주),Needs Solution Inc.,니즈솔루션, ,엄지혜,기타법인,110111-2081323,120-86-12497,서울특별시 구로구 구로3동 1131-1,www.nizent.com,,게임 소프트웨어 개발 및 공급업,2000-10-02,12월
주식회사 니트로 스튜디오,"Nitro Studio Co., Ltd.",니트로스튜디오, ,서재우,기타법인,110111-7600623,177-88-01781,"서울특별시 강남구 테헤란로 412 (대치동, T412)", ,,유선 온라인 게임 소프트웨어 개발 및 공급업,2020-08-26,12월
주식회사 니트로아이,"NITROEYE Co.,Ltd",니트로아이, ,곽영진,기타법인,135811-0193333,135-86-14177,"경기도 수원시 팔달구 경수대로446번길 24 (인계동), 5층", ,,정보서비스업,2011-01-01,12월
닉스테크(주),"NICSTECH CO., LTD",닉스테크,063840,박동훈,기타법인,110111-1204538,114-81-67672,서울특별시 강서구  양천로 583 우림블루나인 A동 1306호,www.nicstech.com,,시스템 소프트웨어 개발 및 공급업,1995-10-12,12월
닐슨코리아(주),Nielsen Korea Ltd.,닐슨코리아, ,신은희,기타법인,110111-0556807,116-81-20955,서울특별시 중구 중림동 419번지 센트럴플레이스 13~16층,www.nielsen.com,,데이터베이스 및 온라인정보 제공업,1988-01-18,12월
(주)님블뉴런,Nimbleneuron Corp.,님블뉴런, ,김승후,기타법인,131111-0338755,129-86-80309,"경기도 성남시 분당구 황새울로 246 (수내동, 도담빌딩) 9층", ,,모바일 게임 소프트웨어 개발 및 공급업,2013-03-29,12월
(주)다가올아이앤씨,"Dagaol I&C Co.,Ltd",다가올아이앤씨, ,곽영주,기타법인,110111-5782564,317-86-00197,"서울특별시 성동구 성수일로 77 (성수동1가, 서울숲IT밸리) 1305호",www.dagaol.com,,출판업,2015-07-15,12월
(주)다날,"DANAL CO., LTD.",다날,064260,백현숙,코스닥시장,110111-1435810,113-81-44055,"경기도 성남시 분당구 분당로 55, 9층(서현동, 분당퍼스트타워)",www.danal.co.kr,,소프트웨어 개발 및 공급업,1997-07-04,12월
주식회사 다날엔터테인먼트,"DANAL Entertainment Co., Ltd.",다날엔터테인먼트, ,임유엽,기타법인,131111-0300944,129-86-70437,"경기도 성남시 분당구 황새울로335번길 10 (서현동, 멜로즈프라자) 2층",www.danalenter.co.kr,,데이터베이스 및 온라인정보 제공업,2012-01-01,12월
(주)다노,DANO INC.,다노, ,정범윤,기타법인,110111-5180297,106-87-00202,"서울특별시 마포구 토정로 271 3층 (용강동, 대현빌딩)",corp.dano.me/,,응용 소프트웨어 개발 및 공급업,2013-07-11,12월
(주) 다드림커뮤니케이션,Dadream Communication Inc.,다드림커뮤니케이션, ,표철민,기타법인,110111-2028838,107-81-87438,서울특별시 영등포구 여의도동 14-5 아크로폴리스빌딩 1113호,http://www.dadream.com,,시스템 소프트웨어 개발 및 공급업,2000-07-19,12월
(주)다락원,DARAKWON,다락원, ,정규도,기타법인,110111-1136955,110-81-32211,경기도 파주시 교하읍 문발리 509-1,www.darakwon.co.kr,,서적 출판업,1995-03-15,12월
주식회사 다른신문,Darnsinmun.co.Ltd,다른신문, ,문병훈,기타법인,200111-0153597,408-81-52114,광주광역시 남구 방림동 21-12,WWW.darnsinmun.com,,신문 발행업,2002-04-08,12월
(주)다름테크,"DarumTech co., ltd.",다름테크, ,장주현,기타법인,110111-5029247,105-87-80810,"서울특별시 구로구 디지털로31길 20 608호 (구로동, 에이스테크노타워5차)",www.darumtech.co.kr/main/,,응용 소프트웨어 개발 및 공급업,2012-12-24,12월
(주)다름테크놀러지,Darum Technologies,다름테크놀러지, ,김재용,기타법인,110111-2002684,220-81-90992,서울특별시 금천구 가산동 에이스테크노타워10차 601호, ,,시스템 소프트웨어 개발 및 공급업,2000-06-23,12월
(주) 다린정보,"Darin info Co.,Ltd",다린정보, ,이명덕,기타법인,110111-2625006,110-81-58792,서울특별시 서대문구 합동 21-23 성일B/D 302, ,,시스템 소프트웨어 개발 및 공급업,2002-10-08,12월
(주)다모임,"DAMOIM Corp.,",다모임, ,이규웅,기타법인,110111-1795868,107-81-71993,서울특별시 서초구 서초동 1631-1 신우빌딩 3층,www.damoim.net,,데이터베이스 및 온라인정보 제공업,1999-10-25,12월
주식회사 다물텔레콤,"Damul Telecom Co.,Ltd",다물텔레콤, ,장건수,기타법인,134511-0033304,135-81-31318,경기도 용인시 수지읍 풍덕천리 85-6,http://www.damul.net,,통신 재판매업,1999-04-15,12월
(주) 다비오,dabeeo,다비오, ,박주흠,기타법인,110111-4805995,105-87-68437,"서울특별시 마포구 마포대로 144 (공덕동, 마포T타운) 8층",www.dabeeo.com,,응용 소프트웨어 개발 및 공급업,2012-02-28,12월
(주) 다산기술,"DASAN Technology co., Ltd",다산기술, ,강철구,기타법인,180111-0266139,621-81-31444,서울특별시 강남구 역삼동 688-6 킴스빌딩 2층,http://www.tagfree.com,,시스템 소프트웨어 개발 및 공급업,1998-09-17,12월
(주)다산디엠씨,"DASAN DMC Co., Ltd.",다산디엠씨,208860,"김장식, 남윤우 (각자 대표이사)",코스닥시장,110111-1574709,213-86-36108,서울특별시 성동구 아차산로 49 서울숲코오롱디지털타워 3차 10층,www.engistech.com,,응용 소프트웨어 개발 및 공급업,1998-08-12,12월
(주)다산북스,DASANBOOKS,다산북스, ,김선식,기타법인,110111-3363788,105-86-87039,서울특별시 마포구 서교동 395-27번지,www.dasanbooks.com/,,일반 서적 출판업,2006-01-01,12월
다산씨앤에스,Dasan CNS Co. Ltd,다산씨앤에스, ,문광언,기타법인,110111-2898950,120-86-59852,경기도 성남시 분당구 야탑동 분당테크노파크 E동 309, ,,컴퓨터시스템 통합 자문 및 구축 서비스업,2003-11-19,12월
(주)다산전자,"DASAN Electronics Co., Ltd.",다산전자, ,나영민,기타법인,110111-0855704,105-81-69303,서울특별시 강남구 대치3동 950-1 송석빌딩5층,www.dasan.com,,컴퓨터시스템 통합 자문 및 구축 서비스업,1992-05-01,12월
(주)다산티피에스,"DASAN TPS, Inc.",다산티피에스, ,문광언,기타법인,131111-0175561,129-86-03734,"경기도 성남시 분당구 수내동 11-4, 휴맥스 빌리지 6층", ,,컴퓨터시스템 통합 자문 및 구축 서비스업,2006-12-01,12월
주식회사 다솔정보통신,"Dasolnet Co., Ltd.",다솔정보통신, ,김대규,기타법인,110111-0989959,119-81-14466,서울특별시 영등포구 여의도동 27-2 사학연금회관 8층 805호,www.dasolnet.com,,시스템 소프트웨어 개발 및 공급업,1993-12-01,12월
(주)다솔테크놀로지,"Dasol Technology CO., LTD.",다솔테크놀로지, ,임완선,기타법인,110111-1400996,215-81-62441,경기도 안양시 동안구 관양동 1590 시청사 713호, ,,컴퓨터시설 관리업,1997-04-10,12월
주식회사 다온크리에이티브,Daon Creative inc,다온크리에이티브, ,이용만,기타법인,110111-5485746,261-81-16407,"서울특별시 강남구 선릉로119길 5 (논현동, 플랜에이빌딩) 5층", ,,기타 인쇄물 출판업,2014-08-07,12월
다온플러스주식회사,"Daon Plus Co.,Ltd",다온플러스, ,최인숙,기타법인,134811-0276510,143-81-13780,경기도 화성시 향남읍 제암고주로53번길 23-2 (제암리), ,,영화관 운영업,2013-07-09,12월
다올컨텐츠 주식회사,"Daowl Contents Co., Ltd. ",다올컨텐츠, ,이영호,기타법인,110111-6932978,237-86-01148,"서울특별시 마포구 월드컵북로54길 17 411호 (상암동, 사보이시티디엠씨)", ,,기타 인쇄물 출판업,2018-11-22,12월
(주)다우기술,DAOU TECHNOLOGY INC,다우기술,023590,김윤덕,유가증권시장,110111-0414758,220-81-02810,경기도 성남시 수정구 금토로 69 4층,www.daou.co.kr,,"자료처리, 호스팅, 포털 및 기타 인터넷 정보매개 서비스업",1986-01-09,12월
(주)다우리엔터테인먼트,Dawoori Entertainment Inc.,다우리엔터테인먼트, ,홍종원,기타법인,110111-2717986,211-87-28628,서울특별시 강남구 신사동 592-9 성호빌딩 3층, ,,일반 영화 및 비디오물 제작업,2003-02-18,12월
(주)다우시스템,dawoo system co.ltd,다우시스템, ,김정기,기타법인,200111-0055181,409-81-27656,광주광역시 북구 북 동 236-2,www.dawoo.co.kr,,시스템 소프트웨어 개발 및 공급업,1995-04-25,12월
다원기술 주식회사,DAWON TECHNOLOGY INC.,다원기술, ,김정연,기타법인,110111-5389336,113-86-83640,"서울특별시 구로구 디지털로26길 61 (구로동, 에이스하이엔드타워2차) 1704호", ,,시스템 소프트웨어 개발 및 공급업,2014-04-10,12월
(주)다음게임,"Daum Games Co.,Ltd.",다음게임, ,홍성주,기타법인,131111-0375880,144-81-26686,경기도 성남시 분당구 판교로256번길 19 (삼평동) 3층, ,,게임 소프트웨어 개발 및 공급업,2014-05-21,12월
다음솔루션(주),Daumsolutions Corp.,다음솔루션, ,이경봉,기타법인,110111-1563471,214-86-24527,서울특별시 강남구 삼성2동 삼화빌딩 20층,www.daumsolutions.com,,시스템 소프트웨어 개발 및 공급업,1998-07-07,12월
(주)다음정보시스템즈,"Daum Information Systems Co., Ltd.",다음정보시스템즈, ,"조은지, 오제관",기타법인,110111-7221461,524-86-01474,"서울특별시 관악구 관악로 120 (봉천동, 우주빌딩) 3층", ,,시스템 소프트웨어 개발 및 공급업,2019-09-02,12월
(주)다음핑거터치,"Daum Finger Touch Co., Ltd.",다음핑거터치, ,이원일,기타법인,110111-4107903,220-87-82441,서울특별시 강남구 봉은사로 105 동양빌딩 8층, ,,기타 정보기술 및 컴퓨터운영 관련 서비스업,2009-06-04,12월
다음헬스닷컴, DaumhealthDotcom,다음헬스닷컴, ,신동우 송원종,기타법인,110111-1745962,107-81-69522,서울특별시 영등포구 당산동1가 53-4 호성 B/D,www.daumhealth.com,,데이터베이스 및 온라인정보 제공업,1999-08-02,12월
다이너스티텔레콤(주), ,다이너스티텔레콤, ,장대윤,기타법인,110111-1727019,220-81-64188,서울특별시 서초구 서초동1305-2 유화빌딩 2층, ,,통신 재판매업,1999-07-02,12월
다이렉터치 매니지먼트 리미티드,Directouch Management Limited,다이렉터치매니지먼트리미티드, ,천하오즈,기타법인, ,1540331,"Flat 2, 19/F, Henan Building, 90-92 Jaffe Road, Wanchai, Hong Kong", ,,게임 소프트웨어 개발 및 공급업,2010-12-14,12월
 주식회사 다이렉트,Direct Co.,다이렉트, ,정재천,기타법인,110111-5487940,206-86-93775,서울특별시 강남구 언주로71길 31 대봉빌딩 5층(역삼동),directdirect.kr,,컴퓨터시스템 통합 자문 및 구축 서비스업,2014-08-11,12월
주식회사 다이버스,Diverse Inc,다이버스, ,이상윤,기타법인,131111-0641083,628-86-02042,"경기도 성남시 분당구 판교로228번길 15 (삼평동, 판교세븐벤처밸리1) 10층 1001호", ,,기타 게임 소프트웨어 개발 및 공급업,2021-08-03,12월
(주)다이퀘스트,NHN Diquest Inc.,다이퀘스트, ,강락근,기타법인,110111-1896187,105-86-08825,"서울특별시 구로구 디지털로30길 31 (구로동, 코오롱디지털타워빌란트2차), 5층",www.diquest.com/,,시스템 소프트웨어 개발 및 공급업,2000-03-03,12월
주식회사 다자요,"Dazayo Co., Ltd",다자요, ,남성준,기타법인,220111-0134733,459-81-00313,제주특별자치도 제주시 수목원길 39-1 1층(연동),www.dazayo.com,,소프트웨어 개발 및 공급업,2015-10-06,12월
(주)다코비젼,DOTCOVISION,다코비젼, ,가재운,기타법인,110111-1597587,229-81-34264,서울특별시 서초구 서초1동 1430-1 정신빌딩 3층,WWW.DOTCOVISION.CO.KR,,시스템 소프트웨어 개발 및 공급업,1998-10-20,12월
(주)다코스정보통신,"DAKOS E&I Co., Ltd.",다코스정보통신, ,김부연,기타법인,110111-1159121,213-86-09066,서울특별시 구로구 구로3동 170-5 우림 e-Biz센타1차 211호,www.dakos.net,,컴퓨터시스템 통합 자문 및 구축 서비스업,1995-05-18,12월
(주)다크호스,DARKHORSE. CO.LTD,다크호스, ,김군,기타법인,110111-1764392,119-81-34666,서울특별시 관악구 봉천7동 1624∼1629,www.darkhorse.co.kr,,시스템 소프트웨어 개발 및 공급업,1999-09-01,12월
닥스클럽(주),"Daks Club CO., LTD",닥스클럽, ,류제천,기타법인,110111-1743081,105-86-02253,"서울특별시 서초구 서초동 1685-10 한울빌딩 5,6,7층",http;//www.daksclub.com,,데이터베이스 및 온라인정보 제공업,1999-07-28,12월
(주)닥터다이어리,"Dr. Diary Co., Ltd",닥터다이어리, ,송제윤,기타법인,110111-6438116,832-87-00733,"서울특별시 서초구 효령로77길 28 7층 (서초동, 경농사옥)",www.drdiary.co.kr/main.html,,그 외 기타 정보 서비스업,2017-06-26,12월
주식회사 닥터소프트,"Doctorsoft Co., Ltd",닥터소프트, ,홍윤환,기타법인,110111-1957418,215-81-91403,"서울특별시 구로구 디지털로26길 43 엘305호(구로동, 대륭포스트타워8차)",www.doctorsoft.co.kr,,응용 소프트웨어 개발 및 공급업,2000-05-08,12월
(주)닥터허준닷컴,drhujun.com,닥터허준닷컴, ,장재호,기타법인,110111-2023523,214-86-63383,대전광역시 중구 은행동 114-12 1층,www.drherjun.com,,데이터베이스 및 온라인정보 제공업,2000-07-11,12월
(주)닥터헬프,Dr.help,닥터헬프, ,김진,기타법인,110111-1506322,201-81-21683,서울특별시 강남구 대치동 994-3 메디다스벤쳐프라자 5층,www.drhelp.net,,시스템 소프트웨어 개발 및 공급업,1998-01-22,12월
주식회사 단꿈아이,DANKKUM i,단꿈아이, ,"설민석, 장군",기타법인,131111-0567990,127-88-01812,경기도 성남시 분당구 판교로 242 (삼평동) C동 701-2호,www.dankkumi.com,,만화 출판업,2019-09-23,12월
(주)단비교육,"Danbi Education Co.,Ltd.",단비교육, ,"권영금, 최형순",기타법인,131111-0445807,629-87-00476,"서울특별시 강남구 개포로 640 (일원동, JS빌딩)",www.wink.co.kr,,교과서 및 학습서적 출판업,2016-05-02,12월
단암데이타시스템(주),danam data systems inc,단암데이타시스템, ,배영훈,기타법인,110111-1591109,104-81-44406,서울특별시 강남구 삼성동 170-7 1층,www.danam21.co.kr,,시스템 소프트웨어 개발 및 공급업,1998-10-01,12월
단암홀딩스 주식회사,DANAM HOLDINGS INC,단암홀딩스, ,이성혁,기타법인,110111-2170118,101-81-67619,서울특별시 강남구 선릉로 816 (청담동) 6층, ,,데이터베이스 및 온라인정보 제공업,2001-02-13,03월
단지넷 주식회사,"DANJINET Co.,Ltd",단지넷, ,이경훈,기타법인,110111-1922776,117-81-27795,서울특별시 양천구 신정3동 1254번지 신트리테크노타운 8층, ,,그 외 기타 전기 통신업,2003-03-29,12월
주식회사 달콤소프트,"Dalcomsoft, Inc.",달콤소프트, ,"김현걸, 한성진",기타법인,110111-5366532,261-81-09357,서울특별시 강남구 선릉로93길 35 (역삼동) 2층,www.dalcomsoft.com,,게임 소프트웨어 개발 및 공급업,2014-03-18,12월
(주)담당,"DAMDANG CO.,LTD",담당, ,김민정,기타법인,110111-6213500,856-81-00644,"서울특별시 마포구 토정로 121-1 7층(상수동, 알에스디티)", ,,교과서 및 학습서적 출판업,2016-11-03,12월
(주)닷밀,dotmill Inc.,닷밀,464580,정해운,코스닥시장,110111-5931319,710-88-00288,서울특별시 마포구 동교로41길 41,dot-mill.com/,,"영화, 비디오물, 방송프로그램 제작 및 배급업",2015-12-29,12월
주식회사 당근마켓,Danggeun Market Inc.,당근마켓, ,"김용현, 황도연",기타법인,110111-5782150,375-87-00088,"서울 서초구 강남대로 465 10, 11, 12층",www.daangn.com,about.karrotmarket.com,응용 소프트웨어 개발 및 공급업,2015-07-15,12월
주식회사 대교출판,"DAEKYO PUBLISHING CO.,LTD",대교출판, ,정금조,기타법인,110111-0668074,112-81-41128,서울특별시 관악구 봉천1동 대교빌딩 8층,"www.daekyobook.co,kr",,서적 출판업,1990-01-08,12월
주식회사 대교통신,daekyo telecom,대교통신, ,권순택,기타법인,134111-0072095,123-81-54808,경기도 안양시 만안구 안양로 234 (안양동), ,,무선 및 위성 통신업,2000-02-28,12월
대구문화방송주식회사,Daegu Munhwa Broadcasting Corporation,대구문화방송, ,이동민,기타법인,170111-0002288,502-81-01334,대구광역시 수성구 욱수길 56 (욱수동),www.dgmbc.com,,지상파 방송업,1968-08-08,12월
주식회사 대구시네마,Daegu Cinema Corporation,대구시네마, ,강용석,기타법인,170111-0194100,504-81-39175,대구광역시 북구 칠성동2가 42-9번지 진성빌딩 5층,-,,"영화, 비디오물 및 방송프로그램 배급업",2001-04-04,12월
대구엠비씨미디컴(주),DAEGU MBC MEDICOM INC.,대구엠비씨미디컴, ,이동웅,기타법인,170111-0092718,502-81-32588,대구광역시 수성구 범어2동 범어타워 1906호,www.dgmbcmedi.com,,일반 영화 및 비디오물 제작업,1995-12-06,12월
(주)대구중앙케이블티비북부방송,Daegu Bukbu Cable TV,대구중앙케이블티비북부방송, ,이영희,기타법인,170111-0201161,504-81-40274,대구광역시 북구 고성동3가 5-18,dbs.hcn.co.kr,,유선 방송업,2001-07-12,12월
대구케이블방송(주),"TAEGU CABLE NETWORK CO., LTD",대구케이블방송, ,이상윤,기타법인,170111-0060492,514-81-17824,"대구광역시 중구 서성로 2 (계산동2가, TCN케이블방송)",www.tgcatv.co.kr,,유선 방송업,1992-06-30,12월
대길산업(주),"DEGIL Co.,Ltd",대길산업, ,조현택,기타법인,164811-0039730,310-81-19900,"충청남도 홍성군 홍성읍 조양로247번길 9 (고암리, 롯데마트,홍성터미널)(5층)", ,,영화관 운영업,2007-02-28,12월
(주)대단한이야기,Great Story,대단한이야기, ,김하정,기타법인,110111-7502043,544-81-01788,"서울특별시 강남구 선릉로 524 (삼성동, 선릉대림아크로텔) 323허", ,,방송 프로그램 제작업,2020-06-03,12월
주식회사 대동애그테크,DAEDONG AGTECH CORPORATION,대동애그테크, ,원유현,기타법인,110111-8199542,196-88-02423,"서울특별시 서초구 효령로 328 (서초동,아트리트21빌딩) 2,3층", ,,컴퓨터시스템 통합 자문 및 구축 서비스업,2022-02-15,12월
(주)대동홀딩스,MOMMEDIA Corp.,대동홀딩스, ,안정호,기타법인,110111-2682767,211-87-27783,서울특별시 강남구 신사동 655-8 포스탐빌빙 6층,www.mommedia.net,,데이터베이스 및 온라인정보 제공업,2003-01-02,12월
(주)대륙위성방송,Daeryuk Satellite Broadcasting Co.Ltd,대륙위성방송, ,임흥식,기타법인,110111-1846869,107-81-75494,서울특별시 서초구 서초동 1485-8 데이타링크빌딩, ,,그 외 기타 전기 통신업,2000-01-12,12월
대림아이앤에스(주),"DAELIM I&S CO.,LTD.",대림아이앤에스, ,이병찬,기타법인,110111-1143009,102-81-37345,"서울특별시 마포구 매봉산로 45 (상암동, KBS미디어센터) 19층",www.daelimins.com,,시스템 소프트웨어 개발 및 공급업,1995-03-29,12월
(주)대명문화공장,"DAEMYUNG CULTURE FACTORY CO.,LTD.",대명문화공장, ,서준혁,기타법인,174811-0050081,515-81-36009,"강원도 홍천군 서면 한치골길 262 (팔봉리, 대명비발디파크) 메이플동 4층",www.dmcf.co.kr,,일반 영화 및 비디오물 제작업,2008-12-15,12월
(주)대명인포테크,"DaeMyung Infotech Co.,Ltd",대명인포테크, ,전의명,기타법인,110111-0604044,220-81-01621,서울특별시 용산구 서계동 209번지 주연빌딩 4층,www.dmi.co.kr,,시스템 소프트웨어 개발 및 공급업,1989-01-07,03월
주식회사 대범,"DAEBUM CORPORATION LTD.,",대범, ,한승완,기타법인,180111-1360790,190-86-02299,부산광역시 동구 자유평화로 32 (범일동), ,,그 외 기타 정보 서비스업,2021-05-04,12월
대상정보기술주식회사,"Daesang Information Technology Co.,Ltd",대상정보기술, ,오승후,기타법인,110111-0789432,218-81-19939,"서울특별시 광진구 천호대로 549 (중곡동, 지타워)",www.daesangit.com,www.daesangit.com,시스템 소프트웨어 개발 및 공급업,1991-07-05,12월
대성계전주식회사,"DAESUNG MEASURING CO.,LTD",대성계전, ,"김영대, 고봉식",기타법인,110111-0555768,211-81-76074,경상북도 문경시 호계면 태봉1길 5 (견탄리),www.dsmeters.co.kr,,컴퓨터시스템 통합 자문 및 구축 서비스업,1987-12-30,12월
(주)대성메디테크,"DAESUNG TECHNOLOGY CO.,LTD.",대성메디테크, ,이봉순,기타법인,110111-1250846,114-81-75944,서울특별시 서초구 서초동 1305-2 유화빌딩 12층,www.dsmed.co.kr,,시스템 소프트웨어 개발 및 공급업,1996-03-15,12월
대성엘앤에이(주),DAESUNG L&A,대성엘앤에이, ,김정한,기타법인,110111-2791295,206-81-81522,서울특별시 구로구 경인로 610 리더스코리아빌딩 11층 (신도림동),www.dslna.com,,시스템 소프트웨어 개발 및 공급업,2003-06-02,12월
(주)대성정보시스템,DAESUNG INFORMATION SYSTEMS,대성정보시스템, ,김정한,기타법인,110111-3338252,101-86-19029,서울특별시 구로구 신도림동 692번지 디큐브시티 15층,www.daesungis.co.kr,,응용 소프트웨어 개발 및 공급업,2005-11-08,12월
(주)대성지주,DAESUNG GROUP HOLDINGS,대성지주, ,전성희,기타법인,110111-2025511,211-86-62497,"서울특별시 구로구 경인로 662 (신도림동, 디큐브시티)", ,,시스템 소프트웨어 개발 및 공급업,2000-07-13,12월
대신정보통신(주),DaishinInformation,대신정보통신,020180,"이재원, 최현택 (각자 대표이사)",코스닥시장,110111-0542484,408-81-18945,광주광역시 서구 상무중앙로 98 14층(치평동),www.dsic.co.kr,,컴퓨터시스템 통합 자문 및 구축 서비스업,1987-08-28,03월
(주)대아미디어테크,"DAEA MEDIA TECH CO., LTD",대아미디어테크, ,김군식,기타법인,110111-1317232,118-81-15220,서울특별시 영등포구 신길1동95-66 충일빌딩3 층,www.elotouch.co.kr,,컴퓨터시스템 통합 자문 및 구축 서비스업,1996-09-03,12월
(주)대양글로벌,Daeyang Global Inc.,대양글로벌,040180,김주연,기타법인,110111-0892136,214-81-47340,서울특별시 강남구 신사동 502-5 뮤직메트로빌딩 별관2층 ,www.koreahinet.co.kr,,컴퓨터시스템 통합 자문 및 구축 서비스업,1992-09-25,12월
주식회사 대용2555,"DAE YONG 2555 Co., Ltd",대용2555, ,채기영,기타법인,110111-4748749,101-86-68160,서울특별시 종로구 종로2가 524호, ,,시스템 소프트웨어 개발 및 공급업,2011-12-13,12월
대원방송(주),"Daewon Broadcasting Co.,Ltd.",대원방송, ,곽영빈,기타법인,110111-2361593,106-86-04201,"서울특별시 마포구 월드컵북로56길 19 14층 에이(상암동, 드림타워)",http://www.anionetv.com,,프로그램 공급업,2001-10-26,12월
대원씨아이 주식회사,DAEWON. C. I. INC,대원씨아이, ,황민호 외 1명,기타법인,110111-3578923,106-86-47762,서울특별시 용산구 한강대로15길 9-12,www.dwci.co.kr,,잡지 및 정기간행물 발행업,2006-12-13,12월
(주)대원씨앤씨,DAEWON C&C,대원씨앤씨, ,성준호,기타법인,110111-3226671,104-81-94003,"서울특별시 영등포구 국제금융로2길 37 (여의도동, S-TRENUE) 503호", ,,컴퓨터시스템 통합 자문 및 구축 서비스업,2005-05-15,12월
대원아카데미,daewon academy,대원아카데미, ,김성희,기타법인,170111-0442921,504-81-95390,대구광역시 중구 남일동 65-1, ,,영화관 운영업,2011-11-04,12월
(주)대유넥스티어,Inc. DaeU nextier,대유넥스티어, ,이응도,기타법인,110111-5081247,220-88-53899,서울특별시 성동구 상원12길 34 (성수동1가) 서울숲에이원센터 1504-1510호,www.daeunextier.com,,응용 소프트웨어 개발 및 공급업,2013-03-05,12월
주식회사 대이룸,daeiroom,대이룸, ,신충희,기타법인,110111-3140805,211-87-59285,서울특별시 강남구 논현1동 200-6 동양빌딩6층,www.daeiroom.com,,시스템 소프트웨어 개발 및 공급업,2004-12-30,12월
주식회사 대전가오시네마,"DaejeonGaoCinema Co.,Ltd.",대전가오시네마, ,한영규,기타법인,160111-0244650,305-81-93723,대전광역시 동구 가오동 557, ,,영화관 운영업,2008-07-08,12월
대전교차로 주식회사,The Daejeon Kyocharo.co.Ltd,대전교차로, ,장성자,기타법인,160111-0059132,306-81-28002,대전광역시 동구 동서대로 1669 (용전동) 교차로 빌딩, ,,"신문, 잡지 및 정기간행물 출판업",1997-01-01,12월
대전문화방송주식회사,DAEJEON MUNHWA BROADCASTING CORPORATION,대전문화방송, ,진종재,기타법인,160111-0000193,305-81-02144,"대전광역시 유성구 엑스포로 161 (도룡동, 대전문화방송국)",www.tjmbc.co.kr,,지상파 방송업,1970-02-18,12월
(주) 대전방송,TAEJON BROADCASTING CO.LTD,대전방송, ,"강선모, 정보연",기타법인,160111-0041973,306-81-19895,"대전광역시 유성구 엑스포로 131 (도룡동, (주)대전방송)",www.tjb.co.kr,,지상파 방송업,1994-09-08,12월
주식회사 대전일보사,TAEJON TIMES,대전일보사, ,김재철,기타법인,160111-0000523,305-81-05364,"대전광역시 서구 계룡로 314 (갈마동, 대전일보사)",www.daejonilbo.com,,신문 발행업,1950-10-03,12월
대주정보산업(주),"DAEJOO Information Industry Co., Ltd.",대주정보산업, ,임완순,기타법인,160111-0032112,305-81-16158,대전광역시 동구 판암동 230-4 동석빌딩,http://www.daejooinfo.co.kr,,시스템 소프트웨어 개발 및 공급업,1992-07-22,12월
(주)대통기획,DAETONG,대통기획, ,조우기,기타법인,110111-0553449,203-81-40861,서울특별시 중구 남학동 23-8 대통빌딩,DAETONGWEL.COM,,잡지 및 정기간행물 발행업,1988-01-21,12월
(주)대평유선,Dae Pyung Cable,대평유선, ,전영일,기타법인,164711-0012332,307-81-21899,충청남도 연기군 금남면 용포리,www.tbroad.com,,그 외 기타 전기 통신업,2004-07-01,12월
대한강군비씨앤주식회사,Daehan Kanggun BcN Co. Ltd.,대한강군비씨앤, ,허훈,기타법인,110111-4091411,104-86-20578,"서울특별시 중구 퇴계로 24 (남대문로5가, SK남산그린빌딩) 20층 대한강군비씨앤", ,,유선 통신업,2009-05-08,12월
(주)대한경제신문사,The Korea Economic News,대한경제신문사, ,유일동,기타법인,110111-6214061,702-81-00497,"서울특별시 강남구 언주로 711 (논현동, 건설회관) 12층",www.dnews.co.kr,,신문 발행업,2016-10-26,12월
대한공인중개사정보통신주식회사,"korea Real Estate Broker's Information Co., Ltd",대한공인중개사정보통신, ,정종철,기타법인,110111-2479594,119-81-55792,"서울특별시 송파구 오금로11길 34 (방이동, 용준빌딩)",www.krebi.com,,데이터베이스 및 온라인정보 제공업,2002-03-25,12월
대한에프에이시스템(주),"Korea FA Systems CO., LTD",대한에프에이시스템, ,강영근,기타법인,110111-0562193,214-81-07237,"서울특별시 강남구 삼성로 570 (삼성동,석천빌딩)",www.kfa.co.kr,,시스템 소프트웨어 개발 및 공급업,1988-02-12,12월
(주)대한유선방송,"Daehan Cable System Co,.Ltd.",대한유선방송, ,박연수,기타법인,110111-1842627,212-81-45254,서울특별시 강동구 천호동 338-23, ,,유선 방송업,2000-02-01,12월
(주)대한정보시스템즈,Daehan Information System corp,대한정보시스템즈, ,오태권,기타법인,110111-0708002,214-81-29435,서울특별시 강남구 역삼동 830-47 조선빌딩 4층,www.daehan.co.kr,,시스템 소프트웨어 개발 및 공급업,1991-07-01,03월
(주)대헌정보,"DAEHUN INFO CO., LTD",대헌정보, ,송대호,기타법인,110111-1627607,106-81-76281,서울특별시 양천구 목1동 917-6 인터넷 비지니스센터 1203호,www.daehun.com,,데이터베이스 및 온라인정보 제공업,1999-01-04,12월
대형웍스(주),GREATWORKS  CORPORATION,대형웍스, ,이동의,기타법인,194211-0025123,609-81-29268,"경상남도 창원시 의창구 원이대로285번길 5 901호 (봉곡동, O.K메디컬빌딩)",http//www.greatworks.co.kr,,컴퓨터시스템 통합 자문 및 구축 서비스업,1997-02-04,12월
주식회사 대흥정보,DAEHEUNGINFO Inc.,대흥정보, ,"여범수, 박기범",기타법인,110111-5955525,772-88-00234,"서울특별시 영등포구 문래북로 116 4층 403호(문래동3가, 트리플렉스)",www.dhicc.com,,응용 소프트웨어 개발 및 공급업,2016-01-25,12월
주식회사 더그림엔터테인먼트,"The Grimm entertainment Co.,Ltd.",더그림엔터테인먼트, ,박태준,기타법인,110111-6431558,896-88-00559,"서울특별시 강남구 도산대로11길 29 (신사동, 박태준만화회사)", ,,만화 출판업,2017-06-16,12월
(주)더기프팅컴퍼니,The Gifting Company,더기프팅컴퍼니, ,김형수,기타법인,110111-6543501,554-81-00879,"서울특별시 성동구 상원12길 1 (성수동1가, 유앤아이빌딩)",inthewear.com,,응용 소프트웨어 개발 및 공급업,2017-10-20,12월
더 램프 주식회사,The LAMP ltd.,더램프, ,박은경,기타법인,110111-4710128,119-86-47720,서울특별시 강남구 도산대로26길 35 (논현동), ,,"영화, 비디오물 및 방송프로그램 제작업",2011-10-19,12월
(주)더벨,thebell,더벨, ,성화용,기타법인,110111-3765166,101-86-35198,"서울특별시 중구 무교로 6 (을지로1가, 금세기빌딩) 5층",www.thebell.co.kr,,뉴스 제공업,2007-10-10,12월
(주)더북컴퍼니,THE BOOK COMPANY,더북컴퍼니, ,이소영,기타법인,110111-2959710,211-87-45869,"서울특별시 강남구 봉은사로 226 (역삼동, 더북컴퍼니)",www.thebookcompany.co.kr,,잡지 및 정기간행물 발행업,2004-03-05,12월
주식회사 더블다운인터액티브,"DoubleDown Interactive Co., Ltd.",더블다운인터액티브, ,김인극,기타법인,131111-0200623,129-86-17373,"서울특별시 강남구 테헤란로 152 (역삼동, 강남파이낸스센터) 13층", ,,유선 온라인 게임 소프트웨어 개발 및 공급업,2008-02-29,12월
(주)더블미,DOUBLEME INC.,더블미, ,김희관,기타법인,131111-0402831,733-88-00035,"서울특별시 중구 청계천로 24 (다동, 케이스퀘어시티) 13층",ko.doubleme.me/,,응용 소프트웨어 개발 및 공급업,2015-04-02,12월
주식회사 더블미디어,DOUBLEMEDIA INC,더블미디어, ,"박효창, 이병근",기타법인,110111-7245065,842-86-01445,"서울특별시 강남구 언주로 609 (논현동, 팍스타워) 에이동 3층",https://www.pandalive.co.kr/,,응용 소프트웨어 개발 및 공급업,2019-10-01,12월
주식회사더블씨앤씨,"Double C&C Co,.LTD",더블씨앤씨, ,최시열,기타법인,110111-3089459,108-81-68088,서울특별시 구로구 구로3동 에이스테크노6차 212-1 1007호, ,www.doublecnc.com,컴퓨터시설 관리업,2004-09-22,12월
주식회사 더블아이소프트,doubleisoft corp,더블아이소프트, ,이원형,기타법인,110111-3980988,119-86-11197,"서울특별시 구로구 디지털로30길 28 (구로동, 마리오타워) 1309호-1", ,,컴퓨터 프로그래밍 서비스업,2008-10-08,12월
더블업커뮤니케이션,"Double Up Communication Co.,Ltd",더블업커뮤니케이션, ,유동환,기타법인,110111-4551803,120-87-65327,서울특별시 강남구 삼성동 130-9 장산빌딩 3층,www.doubleup.kr,,데이터베이스 및 온라인정보 제공업,2011-03-09,12월
(주)더블유게임즈,"DoubleUGames Co., Ltd.",더블유게임즈,192080,김가람,유가증권시장,110111-4855924,214-88-96326,서울특별시 강남구 테헤란로 152 강남파이낸스센터 16층,www.doubleugames.com,www.doubleugames.com/investors/governance__shareholder.html,게임 소프트웨어 개발 및 공급업,2012-05-01,12월
주식회사더블유메카,W-mecha,더블유메카, ,김명섭,기타법인,120111-0404070,131-81-97036,서울특별시 금천구 가산동 345-33 에이스하이엔드7차1203호,www.w-mecha.com,,게임 소프트웨어 개발 및 공급업,2008-02-10,12월
(주)더블유쇼핑,W SHOPPING ,더블유쇼핑, ,방선홍,기타법인,110111-3215294,220-87-08311,"서울특별시 서초구 서초대로 301 (서초동, 동익성봉빌딩) 12층",w-shopping.co.kr,,위성 및 기타 방송업,2005-04-25,12월
더블유에이테크놀러지(주),"WA Technology Co., Ltd.",더블유에이테크놀러지, ,신헌,기타법인,110111-1371064,110-81-36707,"서울특별시 서초구 사임당로1길 13 (서초동, (주)에이드)",www.watechnology.co.kr/,,시스템 소프트웨어 개발 및 공급업,1997-01-28,12월
주식회사 더블유제이인터내셔날,WJ International,더블유제이인터내셔날, ,이상욱,기타법인,110111-6893550,441-88-01023,서울특별시 강남구 논현로140길 32 (논현동)4층, ,,컴퓨터시스템 통합 자문 및 구축 서비스업,2018-10-12,12월
더블유파트너스(주),W Parteners.Inc,더블유파트너스, ,김광명,기타법인,135311-0014901,138-81-64405,경기도 과천시 코오롱로 11 코오롱빌딩 17층 (별양동), ,,정보서비스업,2010-12-27,12월
주식회사 더블이엔엠,DOUBLEENM,더블이엔엠, ,"박효창, 황성배",기타법인,161411-0053103,360-81-02286,"충청남도 서산시 안견로 242 (동문동, 디퍼아울렛타운) 1층 131호", ,,영화관 운영업,2021-08-01,12월
(주)더블체인,DOUBLECHAIN CO.INC,더블체인, ,전삼구,기타법인,110111-5371755,261-81-09546,"서울특별시 강남구 언주로 725 (논현동, 보전빌딩)",www.doublechain.co.kr,,응용 소프트웨어 개발 및 공급업,2014-04-01,12월
(주)더비즈,"THEBIZ Co., Ltd",더비즈, ,윤성호,기타법인,110111-4070358,220-87-79062,"서울특별시 서초구 방배로 107 (방배동, 디엠타워3관) 3,4층", ,,데이터베이스 및 온라인정보 제공업,2009-04-01,12월
주식회사 더스윙,"The Swing Co., Ltd",더스윙, ,김형산,기타법인,110111-6969161,880-88-01247,"서울특별시 종로구 세종대로 149 (세종로, 광화문빌딩) 19층", ,,소프트웨어 개발 및 공급업,2018-12-28,12월
주식회사 더스카이케이,The skyk Co.ltd,더스카이케이, ,송성용,기타법인,110111-7842796,191-81-02185,서울특별시 마포구 상암산로 34 (상암동) 14F,www.sky-k.co.kr,,프로그램 공급업,2021-04-01,12월
주식회사 더스톰프,The STOMP Inc.,더스톰프, ,김정현,기타법인,110111-7133054,895-81-01269,"경기도 김포시 고촌읍 장차로5번길 5-25 (신곡리, 엔타운)", ,,음악 및 기타 오디오물 출판업,2019-06-10,12월
(주)더스튜디오엠,"THE STUDIO M CO.,Ltd.",더스튜디오엠, ,유진오,기타법인,110111-7338018,458-81-01435,"서울특별시 서초구 방배로 43 (방배동, TJ빌딩) 5층", ,,일반 영화 및 비디오물 제작업,2019-12-26,12월
더쏘올 주식회사,"THE SOUL CO.,LTD",더쏘올, ,김지숙,기타법인,110111-7070644,897-86-01163,"서울특별시 강남구 논현로158길 24 ,1층(신사동)", ,,데이터베이스 및 온라인정보 제공업,2019-04-09,12월
(주)더안코어컴퍼니,THE ENCORE COMPANY,더안코어컴퍼니, ,신다니엘현성,기타법인,110111-6527240,445-88-00900,"서울특별시 성동구 왕십리로 125 (성수동1가, KD타워) 3층", ,,시스템 소프트웨어 개발 및 공급업,2017-09-26,12월
주식회사 더에스와이지연구원,"The SYG Institute Co.,Ltd.",더에스와이지연구원, ,이성운,기타법인,110111-6171336,404-87-00523,"서울특별시 강남구 테헤란로 313 1301호(역삼동, 성지하이츠1)", ,,정보서비스업,2016-09-12,12월
주식회사 더에이치소프트,thehsoft,더에이치소프트, ,신종혁,기타법인,131111-0518399,882-86-01012,"서울특별시 서초구 서초대로 286 (서초동, 서초프라자) 708호",www.thehsoft.com,,컴퓨터시스템 통합 자문 및 구축 서비스업,2018-05-09,12월
(주)더와이앤비,THE YANDB,더와이앤비, ,김문배,기타법인,110111-4104925,105-87-31809,서울특별시 마포구 토정로 17 (합정동), ,,방송 프로그램 제작업,2009-06-02,12월
주식회사 더원그룹,THE ONE GROUP INC.,더원그룹, ,차명훈,기타법인,110111-7219862,541-86-01353,"서울특별시 동작구 현충로2길 4 801호(흑석동, 마크힐스)", ,,시스템 소프트웨어 개발 및 공급업,2019-08-29,12월
(주)더잼존부천,"The JJam Zone Buchon Co.,Ltd",더잼존부천, ,"한탁희, 손인영",기타법인,110111-1304023,130-86-02069,경기도 부천시 원미구 심곡동 175-6 5층, ,,영화관 운영업,1996-08-01,12월
(주)더존디지털웨어,"Duzon Digital Ware Co.,Ltd.",더존디지털웨어,045380,육근승,기타법인,110111-1219298,111-81-25348,서울특별시 영등포구 양평동4가 2번지 이레빌딩 ,www.thezone4u.net,,시스템 소프트웨어 개발 및 공급업,1995-12-05,12월
주식회사 더존비앤에프,Douzone B&F,더존비앤에프, ,김용우,기타법인,110111-3970997,114-86-69490,강원도 춘천시 남산면 버들1길 130 (수동리),www.dztechfin.com/,http://www.dztechfin.com/,그 외 기타 정보 서비스업,2008-09-18,12월
(주)더존비즈온,"DOUZONE BIZON CO.,LTD",더존비즈온,012510,김용우,유가증권시장,120111-0005266,134-81-08473,강원도 춘천시 남산면 버들1길 130,www.douzone.com,www.douzone.com,컴퓨터시설 관리업,1977-08-20,12월
주식회사 더존씨앤티,DuzonCNT,더존씨앤티, ,김종일,기타법인,131111-0121762,129-81-75626,서울특별시 영등포구 양평동4가 이레빌딩,www.duzoncnt.co.kr,,시스템 소프트웨어 개발 및 공급업,2004-08-04,12월
(주)더존에스엔에스,"DUZON SNS Co.,Ltd",더존에스엔에스, ,이중현,기타법인,110111-3089475,107-86-55076,강원도 춘천시 남산면 버들1길 130 (수동리) 강촌캠퍼스 연구동 4층,www.duzon.co.kr,,시스템 소프트웨어 개발 및 공급업,2004-10-23,12월
더존이디원,Duzon ED1,더존이디원, ,김용우,기타법인,110111-4095679,107-87-20370,서울특별시 영등포구 양평동4가 이레빌딩 20층, ,,소프트웨어 개발 및 공급업,2009-05-15,12월
주식회사더존홀딩스,"DUZON DASS CO.,Ltd",더존홀딩스, ,김용우,기타법인,110111-2803214,107-86-35992,강원도 춘천시 남산면 버들1길 130 더존ICT그룹,www.douzone.com,www.douzone.com,시스템 소프트웨어 개발 및 공급업,2003-06-19,12월
(주)더즌,Dozn Inc.,더즌,462860,조철한,코스닥시장,110111-6577188,378-88-00880,서울특별시 서초구 강남대로 465,www.dozn.co.kr/,https://dozn.irpage.co.kr/,전기 통신업,2017-11-23,12월
더컨텐츠컴퍼니(주),The Contents Company,더컨텐츠컴퍼니, ,조재수,기타법인,110111-2033423,104-81-55505,"서울특별시 강남구 역삼동 720-4, 대봉빌딩",www.thecoco.co.kr,,기타 정보기술 및 컴퓨터운영 관련 서비스업,2000-07-25,12월
더컨텐츠콤(주),The Contents Company,더컨텐츠콤, ,박성준,기타법인,110111-3180059,105-86-76551,서울특별시 강남구 논현로75길 10 영창빌딩 3층 (역삼동), ,,소프트웨어 개발 및 공급업,2005-03-03,12월
주식회사 더코더,"THE CODER Co.,Ltd.",더코더, ,박행운,기타법인,284911-0157246,811-88-00510,경기도 파주시 운정4길 203 1동 (상지석동),www.thecoder.co.kr,,소프트웨어 개발 및 공급업,2016-08-17,12월
(주)더콘텐츠온,"The Contents On Co., Ltd.",더콘텐츠온,302920,김상윤,코넥스시장,110111-5017614,211-88-87003,"서울특별시 강남구 테헤란로 322서관 1410~1412호(역삼동, 한신인터밸리24)",www.tcokr.com,,"영화, 비디오물 및 방송프로그램 배급업",2012-12-06,12월
더텍스트,THE TEXT,더텍스트, ,민선식,기타법인,110111-0388862,101-81-23116,서울특별시 종로구 관수동 125-1 경산빌딩 9층, ,,교과서 및 학습서적 출판업,1984-12-26,12월
유한회사 더패키지문화산업전문회사,THEPACKAGE SPC.ltd,더패키지문화산업전문회사, ,함영훈,기타법인,110114-0193190,228-87-00588,"서울특별시 마포구 상암산로 48-6 (상암동, 중앙일보빌딩)", ,,방송 프로그램 제작업,2016-11-22,12월
(주)더퍼스트인베스트먼트,thefirstinvestment,더퍼스트인베스트먼트, ,이승우,기타법인,110111-6469468,430-87-00876,"서울특별시 금천구 가산디지털1로 168 (가산동, 우림라이온스밸리) B동 1211호, 1212호",www.ginvest.co.kr,,데이터베이스 및 온라인정보 제공업,2017-07-24,12월
주식회사 더프라자,THE PLAZA,더프라자, ,이종훈,기타법인,110111-6194528,417-88-00531,"서울특별시 서초구 강남대로 581 (잠원동, 푸른빌딩) 8층",tpzstudio.com,,응용 소프트웨어 개발 및 공급업,2016-10-07,12월
더핑크퐁컴퍼니(주),"The Pinkfong Company, Inc.",더핑크퐁컴퍼니,403850,김민석,코스닥시장,110111-4357110,214-88-59980,서울특별시 서초구 명달로 94,www.pinkfongcompany.com,,"영화, 비디오물, 방송프로그램 제작 및 배급업",2010-05-26,12월
더화이트커뮤니케이션 주식회사,The White Communication,더화이트커뮤니케이션, ,박민영,기타법인,110111-6020533,192-86-00356,서울특별시 성동구 성수이로24길 32 (성수동2가),www.thewc.co.kr,,응용 소프트웨어 개발 및 공급업,2016-04-04,12월
(주)더휴먼플러스,THE HUMAN PLUS Inc.,더휴먼플러스, ,이재정,기타법인,135811-0353581,645-86-01602,"서울특별시 강남구 논현로 704 4층(논현동, 아이캐슬투빌딩)",www.hupayx.com,,응용 소프트웨어 개발 및 공급업,2018-10-30,12월
주식회사 데니앤씨씨컴퍼니,Danny&Cc Company,데니앤씨씨컴퍼니, ,YANG JUN,기타법인,110111-6411922,367-86-00630,"서울특별시 금천구 디지털로9길 68 (가산동, 대륭포스트타워5차), 1606호", ,,모바일 게임 소프트웨어 개발 및 공급업,2017-06-01,12월
데브시스터즈(주),Devsisters corporation,데브시스터즈,194480,조길현,코스닥시장,110111-3687568,211-87-97881,서울특별시 강남구 도산대로 327 데브시스터즈(주),www.devsisters.com,https://www.devsisters.com/investors/governance/shares,모바일 게임 소프트웨어 개발 및 공급업,2007-05-30,12월
주식회사 데브캣,"devCAT Co., Ltd.",데브캣, ,"정길수, 김동건",기타법인,110111-7586039,597-87-01839,서울특별시 강남구 테헤란로98길 11 (대치동),devcat.com,,모바일 게임 소프트웨어 개발 및 공급업,2020-08-12,12월
(주)데브피아,DEVPIA,데브피아, ,홍영준,기타법인,110111-1991797,220-81-90008,서울특별시 강남구 신사동630-7번지 코오롱빌딩 5층,www.devpia.com,http://www.devpia.com/Company/,시스템 소프트웨어 개발 및 공급업,2000-06-09,12월
주식회사 데이드림엔터테인먼트,"Daydream Entertainment Co., Ltd.",데이드림엔터테인먼트,348840,송정우,기타법인,110111-3831644,107-87-04986,서울특별시 영등포구 여의대방로65길 20 15F (호성빌딩 신관),www.daydream.kr ,,"영화, 비디오물, 방송프로그램 제작 및 배급업",2008-01-25,12월
주식회사 데이블,Dable Inc.,데이블, ,"이채현, 백승국",기타법인,110111-5715903,765-88-00046,"서울특별시 강남구 테헤란로 507 4층 (삼성동, WeWork빌딩)",www.dable.io,,출판업,2015-05-06,12월
데이즈엔터 주식회사,DAYS ENTER CORPORATION,데이즈엔터, ,조승진,기타법인,285011-0309810,552-87-00313,"서울특별시 강서구 양천로 570 19층 (등촌동, NH서울축산농협NH서울타워)", ,,일반 서적 출판업,2016-05-10,12월
(주)데이지엔터테인먼트,cinergy,데이지엔터테인먼트, ,이정민,기타법인,110111-3333020,105-86-85875,서울특별시 마포구 서교동 483-36번지, ,,일반 영화 및 비디오물 제작업,2005-11-07,12월
(주)데이콤새틀라이트멀티미디어시스템,Dacom Satelite Multimedia System Corp.,데이콤새틀라이트멀티미디어시스템, ,유세준,기타법인,110111-1437824,214-86-17410,서울특별시 서초구 서초동 1467-80 아리랑 타워,www.dsm21.com,,그 외 기타 전기 통신업,1997-07-09,12월
주식회사 데이콤아이엔,DacomⓘN,데이콤아이엔, ,남영우,기타법인,110111-0991079,106-81-45852,서울특별시 서초구 서초동 1301-4 금강고려화학빌딩 3층,DACOMIN.COM,,컴퓨터시스템 통합 자문 및 구축 서비스업,1993-12-06,12월
데이콤콜투게더(주),Dzcom calltogether Inc.,데이콤콜투게더, ,이병철,기타법인,110111-1846299,214-86-45114,서울특별시 강남구 논현동 261 현대인텔레스빌딩,www.calltogether.co.kr,,통신 재판매업,2000-01-07,12월
(주)데이콤크로싱,DACOM Crossing Corporation,데이콤크로싱, ,노숙원,기타법인,110111-2234683,220-86-11707,"서울특별시 종로구 종로1길 42 (수송동, 이마빌딩), 908호",www.dacomcrossing.co.kr,,유선 통신업,2001-05-10,12월
주식회사 데이타링크,Data Link ltd,데이타링크, ,김동관,기타법인,110111-1924128,120-86-02816,서울특별시 서초구 서초동 1485-8 데이타링크빌딩,www.db2db.co.kr,,데이터베이스 및 온라인정보 제공업,2000-03-29,12월
(주)데이타뱅크,DATABANK SYSTEMS LTD,데이타뱅크, ,홍병진,기타법인,170111-0229155,502-81-65793,"대구광역시 남구 명덕로 104 505호 (대명동, 대구디지털산업진흥원 본관)",www.idatabank.com,,기타 정보기술 및 컴퓨터운영 관련 서비스업,2002-07-23,12월
(주)데이타솔루션,DATA SOLUTION INC,데이타솔루션, ,정진섭,기타법인,110111-0699441,220-81-13753,서울특별시 서초구 양재동 매헌로 16 하이브랜드리빙관 4층,spss.co.kr,,정보서비스업,1990-08-29,12월
(주)데이타웨이엔지니어링,DATAWAYENG.CO.LTD,데이타웨이엔지니어링, ,신종수,기타법인,110111-1406332,211-86-21220,서울특별시 광진구 구의3동 테크노마트 34층 3401호,http://WWW.DATAWAY.CO.KR,,게임 소프트웨어 개발 및 공급업,1997-04-24,12월
(주)데이타이음,"dataeum Co., Ltd.",데이타이음, ,이지환,기타법인,160111-0430001,259-86-00436,"세종특별자치시 남세종로 446 (보람동, 스마트허브 4차) 504호", ,,응용 소프트웨어 개발 및 공급업,2016-06-29,12월
(주)데이타헤븐,DATA HEAVEN,데이타헤븐, ,홍승민,기타법인,110111-2653875,120-86-44816,경기도 성남시 분당구 판교역로 230 (삼평동)B동 517호, ,,컴퓨터시스템 통합 자문 및 구축 서비스업,2002-11-19,12월
(주)데이터스트림즈,Data Streams Corp.,데이터스트림즈,199150,이영상,코넥스시장,110111-2331918,214-86-91079,"서울특별시 서초구 사임당로 28 6층 (서초동, 청호나이스)",www.datastreams.co.kr,,시스템 소프트웨어 개발 및 공급업,2001-09-13,12월
주식회사 데이터유니버스,"Data Universe, Inc.",데이터유니버스, ,강원석,기타법인,110111-6778629,382-86-01230,"서울특별시 영등포구 여의대로 70 (여의도동, ONECENTINEL) 10층", ,,응용 소프트웨어 개발 및 공급업,2018-06-12,12월
(주)데이터젠,DATAGEN,데이터젠, ,임선묵,기타법인,160111-0223737,305-81-86921,"대전광역시 유성구 배울1로 277 (탑립동, 한국원자력기술) 2층 (주)데이터젠",datagen.co.kr,,"컴퓨터 프로그래밍, 시스템 통합 및 관리업",2007-05-01,12월
(주)데이터커뮤니케이션즈,Data Communication Inc.,데이터커뮤니케이션즈, ,하영선,기타법인,110111-1705065,116-81-74150,서울특별시 동대문구 답십리4동 961-9 우성빌딩 343호,www.cybermotorshow.com,,그 외 기타 전기 통신업,1999-05-28,02월
데이트닷코리아,daate.co.kr,데이트닷코리아, ,이웅진,기타법인, , ,서울특별시 서초구 서초동 1585-7 서문빌딩 3층,www.date.co.kr,,데이터베이스 및 온라인정보 제공업,2006-08-09,12월
주식회사 데일리노컷뉴스,"Daily NoCut News Co.,Ltd.",데일리노컷뉴스, ,홍원기,기타법인,110111-3543413,117-81-59657,서울특별시 양천구 목1동 기독교방송국건물 18층,www.cbs.co.kr/nocut/daily,,신문 발행업,2006-10-17,12월
주식회사 데일리인텔리전스,DAYLI Intelligence Inc.,데일리인텔리전스, ,이경준,기타법인,110111-5808071,618-86-00222,서울특별시 중구 삼일대로 343 12층(저동 1가), ,,응용 소프트웨어 개발 및 공급업,2015-08-13,12월
(주)덱스터스튜디오,"Dexter studios Co., Ltd.",덱스터,206560,"김욱, 강종익",코스닥시장,285011-0209804,128-86-68864,"서울특별시 마포구 매봉산로 75 1801호, 1901호(상암동,디디엠씨)",www.dexterstudios.com,,"영화, 비디오물 및 방송프로그램 제작 관련 서비스업",2011-12-29,12월
주식회사 덱스터커뮤니케이션,"Dexter Communication Co., Ltd ",덱스터커뮤니케이션, ,이신욱,기타법인,110111-1894123,220-81-79852,경기도 성남시 분당구 백현동 404-1,www.dextercomm.com,,시스템 소프트웨어 개발 및 공급업,2000-03-02,12월
주식회사 덱스터픽쳐스,"DexterPictures Co., Ltd.",덱스터픽쳐스, ,김동현,기타법인,110111-6816586,422-86-01125,"서울특별시 마포구 매봉산로 75 (상암동, 디디엠씨(DDMC)), 1801호", ,,일반 영화 및 비디오물 제작업,2018-07-18,12월
델인터내셔날 주식회사,Dell international Inc.,델인터내셔날, ,김경진,기타법인,110111-1200247,102-81-38311,"서울특별시 강남구 테헤란로 152 (역삼동, 강남파이낸스센터) 18층",www.dell.co.kr/,,컴퓨터시스템 통합 자문 및 구축 서비스업,1995-09-28,01월
(주)델타소프트,Deltasoft co. ltd.,델타소프트, ,임병택,기타법인,110111-1935216,110-81-45486,서울특별시 서대문구 충정로2가 8-2 충정로우체국5층,www.deltasoft.co.kr,,시스템 소프트웨어 개발 및 공급업,2000-04-10,12월
델타피디에스 주식회사,"Delta PDS Co., Ltd.",델타피디에스, ,최재호,기타법인,110111-5459155,106-87-07995,"서울특별시 용산구 서빙고로 413 102-703(한남동, 한남동하이페리온)", ,,시스템 소프트웨어 개발 및 공급업,2014-07-07,12월
주식회사 도남익,"DO NAM IK Co.,LTD",도남익, ,임의빈,기타법인,131111-0205524,129-86-19314,"경기도 용인시 기흥구 동백죽전대로 444 (중동, 쥬네브썬월드빌딩) 7001호", ,,영화 및 비디오물 상영업,2008-03-11,12월
(주) 도레미음악출판사,"DOREMI MUSIC PUBLISHING CO.,LTD",도레미음악출판사, ,서만식,기타법인,110111-1282675,111-81-26615,"서울특별시 구로구 구로동 197-5, 삼성IT밸리 13층 (1301호)", ,,출판업,1996-06-04,12월
(주)도메인모아,"domainmoa co., ltd",도메인모아, ,유철준,기타법인,170111-0170879,514-81-36739,서울특별시 노원구 월계동 광운대학교 정보통신 센터 B215-1,http://www.domainmoa.com,,정기 광고간행물 발행업,1999-11-01,12월
(주)도서출판 길벗,"Gilbut Publishing Co., Ltd",도서출판길벗, ,이종원,기타법인,110111-1113995,105-81-69021,서울특별시 마포구 서교동 380-15,www.gilbut.co.kr,,서적 출판업,2005-01-01,12월
(주)도서출판두란노,-,도서출판두란노, ,송영태,기타법인,110111-0827167,207-81-36170,서울특별시 용산구 서빙고동 95,-,,서적 출판업,1992-01-06,12월
주식회사도서출판삼성당,SAM SEONG CANG QUQLISHNG CO.LTD,도서출판삼성당, ,강종길,기타법인,110111-0930001,211-86-14525,서울특별시 강남구 논현동 101-14,WWW.SSDP.CO.KR,,서적 출판업,1993-03-24,12월
(주)도우넷컴,"dounet.com co., ltd.",도우넷컴, ,이정곤,기타법인,110111-1747215,220-81-65173,서울특별시 강남구 역삼동 831-42 오성빌딩 3층,www.dounet.com,,데이터베이스 및 온라인정보 제공업,1999-08-01,12월
도원닷컴주식회사,Dowon International,도원닷컴, ,김수천,기타법인,110111-1847073,220-81-74162,서울특별시 강남구 역삼동 823-14 신원빌딩 5층,www.dowon.com,,데이터베이스 및 온라인정보 제공업,2000-01-08,12월
(주)도원유비텍,DOWONUBTECH,도원유비텍, ,도원국,기타법인,180111-0432863,602-81-27880,서울특별시 영등포구 양평동3가 우림e-BIZ센터 1212호, ,,소프트웨어 개발 및 공급업,2002-12-18,12월
주식회사 도코모인터터치,"DOCOMO interTouch Co.,Ltd",도코모인터터치, ,엔리코노라,기타법인,110111-3820902,214-88-20388,서울특별시 용산구 한남동 123번지 고뫄스빌딩 3층, ,,기타 정보기술 및 컴퓨터운영 관련 서비스업,2008-01-10,12월
도쿄방송,"TOKYO BROADCASTING, INC.,",도쿄방송, ,Hiroshi Inoue,기타법인, ,22264,서울특별시 영등포구 여의도동 신송센터빌딩 , ,,지상파 방송업,1951-05-17,12월
주식회사 도트리,"Dotri Co., Ltd",도트리, ,이성진,기타법인,110111-0946774,781-86-04002,서울특별시 성동구 광나루로 275 3층 312-29호(송정동), ,,방송 프로그램 제작업,2026-01-06,12월
주식회사 도하,DOHA,도하, ,김성민,기타법인,180111-1361780,187-88-02278,서울특별시 강남구 선릉로 624 (삼성동)1층, ,,응용 소프트웨어 개발 및 공급업,2021-05-17,12월
동국시스템즈 주식회사,"DONGKUK SYSTEMS CO., LTD.",동국시스템즈, ,김오련,기타법인,110111-1462524,102-81-42611,"서울특별시 중구 을지로5길 19 (수하동, FERRUMTOWER) 9층",www.dongkuksystems.com,www.dongkuksystems.com,시스템 소프트웨어 개발 및 공급업,1997-09-11,12월
동방미디어 주식회사,"DONGBAMG MEDIA CO.,LTD",동방미디어, ,김용인,기타법인,110111-1539646,102-81-43788,서울특별시 종로구 관훈동 197-28 백상빌딩 10층,www.dbmedia.co.kr,,데이터베이스 및 온라인정보 제공업,1998-04-25,12월
동방에스앤디(주),"DONGBANG S&D CO., LTD.",동방에스앤디, ,김종태,기타법인,110111-0609698,105-81-69749,"서울특별시 중구 남대문로 63 (소공동, 한진빌딩)",www.dongbangsystem.com/,,시스템 소프트웨어 개발 및 공급업,1989-03-06,12월
동부디아이에스 주식회사,DiS Inc.,동부디아이에스, ,이봉,기타법인,110111-1236739,202-81-53330,서울특별시 강남구 삼성동 154-17 동부아남반도체빌딩 3층,www.dis.co.kr,,시스템 소프트웨어 개발 및 공급업,1996-01-26,09월
(주)동부산방송,DONGBUSAN CABLE,동부산방송, ,"이관훈, 김구환",기타법인,180111-0371566,617-81-34888,부산광역시 해운대구 좌동 1479-1번지 웅신시네아트빌딩 5층, ,,유선 방송업,2001-07-28,12월
동부씨엔아이(주),"Dongbu CNI Co.,Ltd.",동부씨엔아이,044640,"김준기, 이봉",기타법인,110111-1054339,211-86-03751,서울특별시 강남구 삼성동 154-17 ,www.dongbucni.co.kr,,시스템 소프트웨어 개발 및 공급업,1994-07-06,12월
동부에프아이에스 주식회사,FIS Inc.,동부에프아이에스, ,이봉,기타법인,110111-2246943,214-86-82809,서울특별시 강남구 삼성동 154-17 아남반도체빌딩 3층,www.dfis.co.kr,,시스템 소프트웨어 개발 및 공급업,2001-05-25,03월
주식회사 동부해운,"DONGBU SHIPPING CO.,LTD.",동부해운, ,이신원,기타법인,180111-1315034,899-88-01799,"부산광역시 동구 중앙대로226번길 3-8 (초량동,그로발스타빌딩)", ,,정보서비스업,2020-09-23,12월
(주)동서디지털방송,"Dongseo Digital Broadcasting Co.,Ltd",동서디지털방송, ,이상윤,기타법인,180111-0371574,603-81-46556,부산광역시 사하구 괴정동 577-4,www.dsdcatv.com,,유선 방송업,2001-07-28,12월
(주)동서아이티에스,"Dong-seo ITS Co.,Ltd",동서아이티에스, ,김인석,기타법인,180111-0572669,602-81-40675,부산광역시 영도구 영선동1가 112,www.eapat.co.kr,,"자료처리, 호스팅, 포털 및 기타 인터넷 정보매개 서비스업",2006-11-06,12월
동서울케이블TV(주),"Dong Seoul CABLE TV Co., LTD",동서울케이블TV, ,김택중,기타법인,110111-1012759,218-81-13124,서울특별시 성동구 성수2가 276-9, ,,유선 방송업,1994-02-21,12월
동서전산인테크, ,동서전산인테크, ,김인석,기타법인,180111-0241743, ,부산광역시 영도구 봉래동3가 161-10, ,,시스템 소프트웨어 개발 및 공급업, ,12월
(주)동서정보기술,"Dong Seo Information Technology Co., Ltd.",동서정보기술,055000,이희봉,기타법인,110111-1259525,220-81-03653,서울특별시 강남구 대치동 997-4 ,http://www.dsit.co.kr,,시스템 소프트웨어 개발 및 공급업,1996-04-10,12월
(주)동숭아트센터,DONGSOONG ART CENTER,동숭아트센터, ,김옥랑,기타법인,110111-0116627,208-81-09695,서울특별시 종로구 동숭동 1-5,DSARTCENTER.CO.KR,,영화관 운영업,1972-06-16,06월
(주)동심,"DONGSIMEDPIA CO., LTD.",동심, ,정신,기타법인,134511-0016285,124-81-41704,"서울특별시 서초구 강남대로 190 (양재동, 대관빌딩) 3층", ,,기타 인쇄물 출판업,1995-06-07,12월
(주)동아사이언스,Donga Science,동아사이언스, ,김두희,기타법인,110111-2062331,101-81-62201,"서울특별시 용산구 청파로 109 (한강로3가, 나진상가) 7층",www.dongascience.com/,,출판업,2000-09-01,12월
주식회사동아수출공사,"DONG-A EXPORT.CO.,LTD",동아수출공사, ,이우석,기타법인,110111-0003379,220-81-14558,서울특별시 강남구 역삼동 814-6, ,,"영화, 비디오물 및 방송프로그램 제작 관련 서비스업",1970-08-29,06월
주식회사 동아씨네,Dongacine,동아씨네, ,윤도형,기타법인,206211-0050711,417-81-47726,전라남도 여수시 웅천로 19-35 (웅천동) CGV 영화관, ,,영화관 운영업,2013-12-05,12월
주식회사동아일보사,DONG-A ILBO,동아일보사, ,김재호,기타법인,110111-0013310,102-81-03525,서울특별시 종로구 청계천로 1,www.donga.com,,신문 발행업,1920-04-01,12월
동아출판(주),"Dong-A publishing co., ltd",동아출판, ,이욱상,기타법인,110111-3977117,101-86-42059,"서울특별시 영등포구 은행로 30 (여의도동) 9, 10층",www.dongapublishing.com,http://company.dong-a.com,출판업,2008-10-01,12월
주식회사 동아티브이,Dong Ah TV Corporation,동아티브이, ,변우형,기타법인,110111-1715949,120-81-90222,서울특별시 강남 삼성 158-9(동성빌딩 4층),www.dongahTV.com,,지상파 방송업,1999-06-17,12월
(주)동양게임즈,"Tong Yang Games Co., Ltd.",동양게임즈, ,정인수,기타법인,110111-4316265,105-87-43004,서울특별시 마포구 상암동 누리꿈스퀘어 비즈니스타워 20층, ,,게임 소프트웨어 개발 및 공급업,2010-03-29,12월
동양시스템즈 주식회사,"TONGYANG SYSTEMS Co.,Ltd.",동양시스템즈, ,최장림,기타법인,110111-7419074,399-87-01706,서울특별시 성동구 왕십리로 326 (도선동) 코스모타워 8층,www.tynetworks.com,,컴퓨터시스템 통합 자문 및 구축 서비스업,2020-03-03,12월
동양온라인 (주),Tongyangonline co. ltd,동양온라인, ,정인수,기타법인,110111-1919608,211-86-95324,서울특별시 마포구 상암동 1605번지 누리꿈스퀘어 IT BIZ센타 21층,www.tyonline.co.kr,,시스템 소프트웨어 개발 및 공급업,2000-04-01,12월
동양유선방송(주),"Dong Yang Cable Co., Ltd.",동양유선방송, ,이상윤,기타법인,180111-0144947,617-81-11828,부산광역시 남구 용호동 486-3, ,,유선 방송업,1993-08-12,12월
주식회사 동연에스엔티,"DONGYEON S&T CO., LTD.",동연에스엔티, ,김문섭,기타법인,110111-3401059,104-81-99352,부산광역시 동래구 온천장로107번길 10,www.dysnt.co.kr/,,시스템 소프트웨어 개발 및 공급업,2006-02-14,12월
동우에이앤이 주식회사,"Dong Woo Animation Co., ltd.",동우에이앤이, ,김영두,기타법인,110111-1662009,112-81-51951,"서울특별시 구로구 디지털로27길 36 7층 703-1호(구로동, 이스페이스)",www.anidong.com,,애니메이션 영화 및 비디오물 제작업,1999-03-11,12월
(주)동유정보통신,"Dong You I&C Co., LTD",동유정보통신, ,김경철,기타법인,110111-1747819,211-86-55360,서울특별시 강남구 신사동 567-21 구미 B/D 6F,www.all4shop.co.kr,,시스템 소프트웨어 개발 및 공급업,1999-08-15,12월
동은정보기술주식회사,DONGEUN INFORMATION TECHNOLOGY CO.,동은정보기술, ,이해석,기타법인,121111-0182039,130-86-39741,"경기도 부천시 길주로 281 (중동, 동화빌딩) 2층",yib@dongeunit.com,,기타 정보기술 및 컴퓨터운영 관련 서비스업,2009-02-01,12월
주식회사 동화사,"DONGHWA PUBLISHING CO.,LTD.",동화사, ,이상운,기타법인,170111-0262519,504-81-54889,대구광역시 북구 노원동3가 411,www.dhbook.co.kr,,서적 출판업,2004-01-01,12월
(주)동훈아이텍,DONGHOONITech Inc.,동훈아이텍, ,신재욱,기타법인,110111-1967160,220-81-88123,"서울특별시 강남구 역삼로 225 5,6층 (역삼동, 동훈빌딩)",www.dhitech.co.kr,,시스템 소프트웨어 개발 및 공급업,2000-05-12,12월
(주)두꺼비세상,"Dukkubi Sesang Co.,ltd",두꺼비세상, ,유광연,기타법인,110111-5079416,204-86-40665,"서울특별시 구로구 디지털로 300 15층 (구로동, 지밸리비즈플라자)",www.duse.co.kr,,데이터베이스 및 온라인정보 제공업,2013-03-12,12월
두나무 주식회사,Dunamu Inc.,두나무, ,오경석,기타법인,110111-4834853,119-86-54968,"서울특별시 서초구 강남대로 369 (서초동, 디에프타워) 8층, 12층, 15층, 17층, 18층",www.dunamu.com,,정보서비스업,2012-04-03,12월
(주)두루넷,"KOREA THRUNET Co.,Ltd",두루넷, ,권순엽,기타법인,110111-1303455,116-81-60530,서울특별시 서초구 서초2동 1338-5,http://www.thrunet.com,,유선 통신업,1996-07-30,12월
주식회사 두루안,DURUAN,두루안, ,김명락,기타법인,110111-3766429,113-86-16909,"서울특별시 금천구 디지털로10길 78 1201호~1209호 (가산동, 가산테라타워)", ,,시스템 소프트웨어 개발 및 공급업,2007-10-15,12월
(주)두베,"DUBHE co.,ltd",두베, ,"윤장준, 석광진",기타법인,110111-3369710,105-86-87140,경기도 고양시 덕양구 청초로 10 A2동 701호~707호(덕은동),www.do-best.co.kr,,컴퓨터시스템 통합 자문 및 구축 서비스업,2005-12-31,12월
주식회사 두빅,"DOOBIC CO., LTD",두빅, ,임준혁,기타법인,110111-4055201,220-87-77953,"서울특별시 서초구 방배동 797-7번지, 5층,6층",www.doobic.com,,게임 소프트웨어 개발 및 공급업,2009-03-01,12월
두산로지스틱스솔루션(주),"Doosan Logistics Solutions Co.,Ltd.",두산로지스틱스솔루션, ,김덕현,기타법인,134511-0391661,895-86-01468,"경기도 용인시 수지구 수지로112번길 10 (성복동, (주)두산)",www.doosanlogistics.com,,컴퓨터시스템 통합 자문 및 구축 서비스업,2019-04-16,12월
두산티엠에스주식회사,DOOSANTMS CORP.,두산티엠에스, ,이정호,기타법인,134511-0048072,135-81-44981,경기도 용인시 성복동 (주)두산 6층,www.doosantms.co.kr,,시스템 소프트웨어 개발 및 공급업,2001-03-28,12월
(주)두성멀티미디어,"Doosung Multimedia Co.,Ltd.",두성멀티미디어, ,강병성,기타법인,110111-1889158,114-81-95386,서울특별시 서초구 방배4동 864-19 상록빌딩 3층,http://www.dsmp.co.kr,,시스템 소프트웨어 개발 및 공급업,1998-04-18,12월
두손테크피아(주),DoosonTechpia Corp.,두손테크피아, ,손성필,기타법인,110111-1119836,116-81-35894,경기도 성남시 분당구 야탑동 344-1 코리아디자인센터 경기벤처빌딩 504호,www.dooson21.com,,시스템 소프트웨어 개발 및 공급업,1995-01-20,03월
주식회사 두애드,DOADD,두애드, ,오영일,기타법인,131311-0300601,143-81-34806,"서울특별시 서초구 서초대로60길 18 (서초동, 교대정인빌딩) 6층", ,,광고 영화 및 비디오물 제작업,2023-02-22,12월
(주)두웰,Dowell Corporation,두웰, ,최종수,기타법인,160111-0288872,305-86-07974,대전광역시 중구 계룡로 807 7층(용두동), ,,유선 통신업,2010-11-16,12월
두잉랩,doinglab,두잉랩, ,진송백,기타법인,110111-6199669,552-88-00440,"서울특별시 강남구 선릉로93길 27 (역삼동, 아름빌딩) 5층", ,,소프트웨어 개발 및 공급업,2016-10-11,12월
(주)두타아이티,"DOOTAIT Co.,Ltd.",두타아이티, ,"황대순, 황성주",기타법인,110111-2617665,214-87-20101,경기도 화성시 동탄산단9길 17 (방교동),www.dootait.com,,"컴퓨터 프로그래밍, 시스템 통합 및 관리업",2002-10-01,12월
(주)듀비스커뮤니케이션,"Duvis Communication co.,ltd",듀비스커뮤니케이션, ,권진수,기타법인,110111-1748932,114-81-90417,서울특별시 서초구 반포4동 107-45 이지스빌딩2층,http://www.oklove.co.kr,,데이터베이스 및 온라인정보 제공업,1999-08-07,12월
듀오스산업 주식회사,Duos Industry,듀오스산업, ,박세현,기타법인,110111-5012185,215-87-76082,"서울특별시 영등포구 의사당대로 97 (여의도동, 교보증권빌딩)", ,,정보서비스업,2012-11-28,12월
주식회사 듀오플,DUOPLE,듀오플, ,최문상,기타법인,110111-5237064,119-86-77530,"서울특별시 금천구 가산디지털1로 171 3층 306호(가산동, 가산에스케이브이원센터)", ,,데이터베이스 및 온라인정보 제공업,2013-10-01,12월
주식회사 듀웰스,DuWells,듀웰스, ,박광혁,기타법인,110111-4545806,107-87-48489,서울특별시 영등포구 당산동1가 53-1 당산빌딩 6층, ,,컴퓨터 프로그래밍 서비스업,2011-02-28,12월
드라마하우스(주),DRAMAHOUSE,드라마하우스, ,김지일,기타법인,110111-3687154,211-87-97713,서울특별시 중구 순화동 중앙일보사건물 M층,www.jdramahouse.co.kr/,,"영화, 비디오물, 방송프로그램 제작 및 배급업",2007-05-29,12월
(주)드라큐라,DRACULA.CO.LTD,드라큐라, ,김성길,기타법인,180111-0302793,607-81-46897,서울특별시 서초구 서초동 1599-11 리더스빌딩 1006호,www.rururara.co.kr,,데이터베이스 및 온라인정보 제공업,1999-10-23,12월
(주)드래곤플라이,"Dragonfly GF Co., Ltd.",드래곤플라이,030350,조철,코스닥시장,110111-0685309,118-81-03312,서울특별시 서초구 서초중앙로22길 80 (서초동),www.dragonflygame.com,,게임 소프트웨어 개발 및 공급업,1990-03-22,12월
주식회사 드래곤플라이,DRAGONFLY GF Co. Ltd,드래곤플라이, ,박철우,기타법인,110111-1559165,220-81-53658,서울특별시 강남구 논현동 30-10 드래곤플라이빌딩,www.dragonflygame.com/,,게임 소프트웨어 개발 및 공급업,1998-06-24,12월
(주)드림기술,"Dream Technology Co.,Ltd.",드림기술, ,강건수,기타법인,110111-1490583,220-81-48999,서울특별시 강남구 역삼동 830-47 조선빌딩 1층,http://www.dreamtch.co.kr,,시스템 소프트웨어 개발 및 공급업,1997-12-01,12월
(주)드림데이타,"DreamData, Inc",드림데이타, ,이종웅,기타법인,110111-1441594,114-81-80409,서울특별시 강남구 논현동 210,www.dreamdata.com,,시스템 소프트웨어 개발 및 공급업,1997-07-18,12월
드림라인(주),Dreamline Corporation,드림라인,035430,한윤재,기타법인,110111-1447021,220-81-44955,"서울특별시 구로구 디지털로31길 61 (구로동, 드림마크원데이터센타) 8층",www.dreamline.co.kr,,유선 통신업,1997-07-31,12월
드림마크원 주식회사,DREAMMARKⅠ,드림마크원, ,유지창,기타법인,110111-6252144,154-88-00585,"서울특별시 구로구 디지털로31길 61 (구로동, 드림마크원데이터센타) 7층 701호",www.dream-mark1.co.kr,,통신 재판매업,2016-12-07,12월
드림마크원인천 주식회사,DREAMMARK1 Incheon,드림마크원인천, ,유지창,기타법인,120111-1292143,561-86-02638,인천광역시 서구 백범로677번길 14 (가좌동), ,,출판업,2023-03-01,12월
주식회사 드림모션,"Dreamotion Inc,",드림모션, ,이준영,기타법인,131111-0453040,173-87-00560,"경기도 성남시 분당구 황새울로335번길 10 (서현동, 멜로즈프라자) 402호", ,,모바일 게임 소프트웨어 개발 및 공급업,2016-07-12,12월
(주)드림미즈,Dreammiz.Co.Ltd,드림미즈, ,천선아,기타법인,110111-1875272,101-81-54206,서울특별시 종로구 공평동 34 교우회 빌딩 602호,www.cyberjubu.com www.suksuk.com,,기타 정보기술 및 컴퓨터운영 관련 서비스업,2000-02-11,01월
주식회사 드림볼,"DREAMBALL CO.,LTD",드림볼, ,부원영,기타법인,110111-1762023,108-81-18104,"서울특별시 강남구 역삼동 KMIT벤처타워 4층, 8층",dreamball.co.kr,,게임 소프트웨어 개발 및 공급업,1999-08-27,12월
(주)드림시큐리티,"Dreamsecurity.Co.,Ltd.",드림시큐리티, ,범진규,기타법인,110111-1571242,209-81-21464,"서울특별시 송파구 중대로8길 8 (문정동, 서경빌딩 5층~7층)",www.dreamsecurity.com,,시스템 소프트웨어 개발 및 공급업,1998-07-31,12월
(주)드림시큐리티,"Dream Security Co.,Ltd.",드림시큐리티,203650,"범진규, 오석주 (각자대표)",코스닥시장,110111-5448356,107-88-22434,"서울특별시 성동구 아차산로 126 10층 (성수동2가, 더리브세종타워)",www.dreamsecurity.com,,소프트웨어 개발 및 공급업,2014-06-25,12월
드림씨티은평방송(주),Dreamcity Unpyong Media,드림씨티은평방송, ,주영민,기타법인,110111-1519903,111-81-30628,서울특별시 은평 응암 739 금호상가2층, ,,유선 방송업,1998-03-06,12월
(주)드림아이씨티,DreamICT,드림아이씨티, ,"손창식, 홍동균",기타법인,110111-3800334,212-81-81584,서울특별시 강동구 천호대로200길 54 (둔촌동)드림아이씨티빌딩 4층,www.dreamict.com,,시스템 소프트웨어 개발 및 공급업,2007-12-06,12월
(주)드림아카데미,dreamacademy,드림아카데미, ,김영일,기타법인,110111-1581077,215-81-71275,서울특별시 성동구 성수1가1동 685-20 성동한양 벤처파크 201호,www.dreamacademy.co.kr,,시스템 소프트웨어 개발 및 공급업,1998-09-01,12월
(주)드림어스컴퍼니,Dreamus Company,드림어스컴퍼니,060570,이기영,코스닥시장,110111-1637383,214-86-29288,서울특별시 서초구 강남대로 311 드림플러스 강남,dreamuscompany.com,,영상·오디오물 제공 서비스업,1999-01-20,12월
드림업엔터테인먼트(주),Dream Up Entertainment.Inc.,드림업엔터테인먼트, ,오윤경,기타법인,134511-0175312,142-81-39133,"서울특별시 강남구 영동대로 506 지하1층 (삼성동, 유니온테크빌딩)", ,,"영화, 비디오물, 방송프로그램 제작 및 배급업",2011-08-09,12월
주식회사 드림에이스 ,DRIMAES Inc.,드림에이스, ,임진우,기타법인,170111-0586274,390-87-00302,"대구광역시 북구 경대로17길 47 9층 909호,910호(복현동,IT융합산업빌딩)", ,,응용 소프트웨어 개발 및 공급업,2016-01-01,12월
주식회사 드림에이지,"DRIMAGE Co., Ltd",드림에이지, ,정우용,기타법인,110111-8237219,843-86-02224,"서울특별시 강남구 테헤란로108길 42 (대치동, 엠디엠타워) 2층", ,,모바일 게임 소프트웨어 개발 및 공급업,2022-03-21,12월
(주)드림월드넷,dream world net,드림월드넷, ,김재월,기타법인,110111-1568455,120-81-82023,경기도 고양시 일산구 마두동 1010번지 한국통신 정보센타 5층,www.ad-casino.com,,게임 소프트웨어 개발 및 공급업,1998-07-23,12월
주식회사 드림위즈,DREAMWIZ INC.,드림위즈, ,이찬진,기타법인,110111-0815568,215-81-21552,서울특별시 광진구 구의동 594-4 남전빌딩 4층,www.dreamwiz.com,,데이터베이스 및 온라인정보 제공업,1991-11-15,12월
주식회사 드림인터렉티브,"Dream Interactive Co.,Ltd",드림인터렉티브, ,조희석외,기타법인,110111-1799216,214-86-41147,서울특별시 강남구 삼성동 143-40,www.wav.co.kr,,시스템 소프트웨어 개발 및 공급업,1999-10-19,12월
(주)드림캐스트,DREAMCAST,드림캐스트, ,이유인,기타법인,110111-1582893,120-81-82886,서울특별시 영등포구 여의도동 12 CCMM빌딩 706A호,www.dreamcast.co.kr,,시스템 소프트웨어 개발 및 공급업,1998-09-09,12월
(주)드림 컨텐츠,Dream contents,드림컨텐츠, ,김양수,기타법인,110111-1928518,114-81-97365,서울특별시 서초구 방배2동 446-27번지 아라빌딩1F, ,,그 외 기타 전기 통신업,2000-04-07,01월
드림타워솔루션 주식회사,Dream Tower Solution Corporation,드림타워솔루션, ,유지창,기타법인,110111-8569547,719-87-02554,"서울특별시 구로구 디지털로31길 61 (구로동, 드림마크원데이터센타)7층 701호", ,,전기 통신업,2023-02-28,12월
주식회사 드림파워네트워크,Dream Power Networks,드림파워네트워크, ,김정수,기타법인,144311-0003002,223-81-07380,강원도 인제군 인제읍 남북리 790-11번지, ,,유선 방송업,2004-02-25,12월
(주)드림플러스프로덕션,"Dreamplus Production., Co. Ltd.",드림플러스프로덕션, ,최형철,기타법인,110111-4990241,220-88-47382,"서울특별시 서초구 강남대로 311 (서초동, 한화생명보험빌딩)", ,,소프트웨어 개발 및 공급업,2012-10-29,12월
주식회사드림피어,"Dreampeer Company, Ltd.",드림피어, ,박성환,기타법인,110111-5057313,211-88-89689,서울특별시 강남구 논현1동 42-9 광림빌딩 5층, ,,시스템ㆍ응용 소프트웨어 개발 및 공급업,2013-01-29,12월
주식회사 드림픽쳐스21,DREAMPICTURES21,드림픽쳐스21, ,김일권,기타법인,110111-1886344,105-86-09260,경기도 부천시 원미구 상동 446-3 동양화재BD 5F,http://www.dreampictures21.com,,애니메이션 영화 및 비디오물 제작업,2000-02-22,12월
주식회사 디고,The Digital Global Company,디고, ,이정근,기타법인,110111-0920656,211-86-43656,서울특별시 강남구 도곡동 553-5,http://www.thedigo.com,,시스템 소프트웨어 개발 및 공급업,1993-02-15,12월
(주)디그,"DIG Co., Ltd",디그, ,김철수,기타법인,110111-1614282,106-81-75865,서울특별시 서초구 서초3동1594-4,http://www.dig.co.kr,,시스템 소프트웨어 개발 및 공급업,1998-11-30,12월
주식회사 디나인컴즈,di9coms,디나인컴즈, ,안소연,기타법인,110111-4226547,114-86-77331,"서울특별시 마포구 잔다리로2길 7 (서교동, S368빌딩) 3층",www.di9.co.kr,,컴퓨터시스템 통합 자문 및 구축 서비스업,2009-11-26,12월
디노커뮤니케이션즈(주),Dinno Communication,디노커뮤니케이션즈, ,이상균,기타법인,110111-1122087,211-86-35006,서울특별시 강남구 논현2동 239-1 유경빌딩 6층, ,,시스템 소프트웨어 개발 및 공급업,1995-01-23,12월
주식회사 디더블유홀딩스,DW HDS Corp,디더블유홀딩스, ,추석연,기타법인,284911-0318921,853-87-02951,경기도 포천시 소흘읍 소흘로 29 (무봉리), ,,그 외 기타 정보 서비스업,2024-02-01,12월
(주)디디오넷,"DideoNET Co., Ltd.",디디오넷, ,강용일,기타법인,230111-0079044,610-81-53114,서울특별시 강남구 대치동 961 메디앙스빌딩 6층, ,,시스템 소프트웨어 개발 및 공급업,2001-09-12,12월
디딤365 주식회사 (Didim365 Inc.),Didim365 Inc.,디딤365(Didim365Inc.), ,장민호,기타법인,110111-3232660,220-87-09625,"서울특별시 금천구 디지털로9길 68 2006호~2010호 1601호~1602호(가산동, 대륭포스트타워5차)",www.didim365.com/,,"컴퓨터 프로그래밍, 시스템 통합 및 관리업",2005-05-24,12월
(주)디딤돌교육,"DIDIMDOL CO.,LTD",디딤돌교육, ,이기열,기타법인,110111-1113987,105-81-69017,서울특별시 마포구 월드컵북로 122 (성산동) 청원빌딩 6층,www.didimdol.com,,"서적, 잡지 및 기타 인쇄물 출판업",1995-01-01,12월
(주)디딤돌넷스쿨,"DIDIMDOL NETSCHOOL Co.,Ltd.",디딤돌넷스쿨, ,김정민,기타법인,110111-2043688,105-86-15914,서울특별시 영등포구 양평동4가 신동방빌딩 9층,www.didimnet.com,,서적 출판업,2000-08-05,12월
주식회사 디랩스,Delabs Inc,디랩스, ,권준모,기타법인,110111-8305371,287-81-02701,"서울특별시 강남구 영동대로 602 (삼성동, 삼성동미켈란107) 6층 제트413", ,,모바일 게임 소프트웨어 개발 및 공급업,2022-05-19,12월
주식회사 디럭스미디어코리아,Deluxe Media Korea Inc.,디럭스미디어코리아, ,김신영,기타법인,110111-8478293,718-87-03074,"서울특별시 강남구 도산대로 146 (논현동) 6층, 7층",www.bydeluxe.com/korea,,"영화, 비디오물 및 방송프로그램 배급업",2022-11-16,12월
(주)디렉터스,DIRECTORS,디렉터스, ,조성진,기타법인,284911-0067081,141-81-09960,서울특별시 강남구 삼성동 149-24 예논빌딩 3층, ,,일반 영화 및 비디오물 제작업,2007-08-09,12월
주식회사 디리아,"Direa Co., LTD",디리아, ,배현기,기타법인,110111-1974545,214-86-58954,"서울특별시 서초구 강남대로 331 (서초동, 서초동광일빌딩) 6층",www.direa.co.kr,,컴퓨터시스템 통합 자문 및 구축 서비스업,2000-05-20,12월
(주)디머스소프트,"Demers Soft CO.,LTD",디머스소프트, ,이석재,기타법인,120111-0225666,121-81-38272,인천광역시 남구 주안동 175-3 효광빌딩 202호,www.idemers.com,,게임 소프트웨어 개발 및 공급업,2000-06-21,01월
(주)디미디어,"Digital Media Co.,Ltd.",디미디어, ,구자혁,기타법인,134811-0038704,124-81-58864,서울특별시 광진구 구의3동 테크노마트 36층 7호,http://www.dmedia.co.kr,,시스템 소프트웨어 개발 및 공급업,1998-11-15,12월
주식회사 디벨록,"Develock Co.,Ltd",디벨록, ,김서진,기타법인,160111-0559710,346-81-02048,"대전광역시 서구 둔산중로 50 1203비호 (둔산동, 파이낸스빌딩)", ,,컴퓨터 프로그래밍 서비스업,2020-07-01,12월
디비앤드소프트,Dbandsoft,디비앤드소프트, ,박준,기타법인,110111-1636129,212-81-41132,서울특별시 강남 삼성 154-11 와이즈내일벤쳐빌딩 10층,Dbandsoft.com,,데이터베이스 및 온라인정보 제공업,1999-01-18,12월
디비에프아이에스(주),DB FIS,디비에프아이에스, ,강운식,기타법인,110111-5576727,120-88-21855,"서울특별시 강남구 삼성로96길 23 (삼성동, DB삼성동빌딩) 3층", ,,컴퓨터시스템 통합 자문 및 구축 서비스업,2014-12-01,12월
(주)디비엠코리아,"DBM Korea, Inc.",디비엠코리아, ,최홍국,기타법인,110111-1132375,120-81-47744,서울특별시 강남구 삼성동 143-42,dbmkorea.co.kr,,데이터베이스 및 온라인정보 제공업,1995-03-02,12월
주식회사 디비인터랙티브,"DBINTERACTIVE,CO.,LTD",디비인터랙티브, ,안경훈,기타법인,110111-1798953,107-81-72236,서울특별시 영등포구 여의도동 63대한생명빌딩7층,www.dbinteractive.co.kr,,시스템 소프트웨어 개발 및 공급업,1999-10-29,12월
(주)디셈버홈,"DecemberHome Co.,Ltd",디셈버홈, ,"최승희, 김훈",기타법인,110111-2598386,105-86-44554,서울특별시 서초구 반포대로 53 7층 (서초동), ,,일반 영화 및 비디오물 제작업,2002-09-17,12월
주식회사 디쉐어,"D.SHARE Co,. Ltd.",디쉐어, ,고사무열,기타법인,131411-0358054,638-81-00269,"서울특별시 성동구 성수일로12길 35 (성수동2가, 보문243) 7층, 8층",www.dshare.co.kr,,포털 및 기타 인터넷 정보매개 서비스업,2016-01-20,12월
주식회사 디스코미디어,"Thisco Media Co., Ltd",디스코미디어, ,김성일,기타법인,110111-5171684,120-88-00210,"서울특별시 강남구 대치동 삼성로 86길 11, 802", ,,프로그램 공급업,2013-07-01,12월
디스크뱅크(주),Diskbank.Inc.,디스크뱅크, ,김영기,기타법인,110111-1908776,214-86-51849,서울특별시 강남구 역삼동 725-25 포커스빌딩 3층,www.diskbank.co.kr,,시스템 소프트웨어 개발 및 공급업,2000-03-16,12월
(주)디스트릭트코리아,"D'STRICT KOREA, Inc.",디스트릭트코리아, ,이성호,기타법인,110111-3038951,211-87-51959,"서울특별시 강남구 테헤란로87길 29 9층 904호 (삼성동, M타워)",kr.dstrict.com,,"영화, 비디오물 및 방송프로그램 제작 관련 서비스업",2004-06-28,12월
주식회사 디스페이스코리아,dSPACE Korea Ltd.,디스페이스코리아, ,WOEHRLE MARTIN EDGAR,기타법인,110111-7835808,536-81-02020,"서울특별시 서초구 마방로 60 (양재동, 동원에프앤비빌딩) 16층", ,,응용 소프트웨어 개발 및 공급업,2021-03-31,12월
(주)디시인사이드,"Dcinside Co.,Ltd.",디시인사이드, ,김유식,기타법인,110111-4500462,220-88-10037,"서울특별시 강남구 테헤란로77길 14 10층(삼성동, 이에스타워)",www.dcinside.com/,,포털 및 기타 인터넷 정보매개 서비스업,2010-12-27,12월
(주)디시인사이드,"Digital Inside Co., Ltd.",디시인사이드, ,"김유식, 박주돈",기타법인,110111-1917743,108-81-21268,서울특별시 강남구 논현동 203번지 신천빌딩 1층,www.digitalinside.co.kr,,시스템 소프트웨어 개발 및 공급업,2000-03-24,12월
디씨브릿지,DC Bridge,디씨브릿지, ,양재권,기타법인,110111-7896082,358-86-02425,"서울특별시 종로구 종로 33 (청진동, 그랑서울)", ,,"자료처리, 호스팅 및 관련 서비스업",2021-05-21,12월
(주) 디씨엔씨,DCNC,디씨엔씨, ,홍성표,기타법인,110111-6029113,366-81-00331,"서울특별시 성동구 광나루로8길 10 (성수동2가, 에이스성수타워1) 604-1호", ,,소프트웨어 개발 및 공급업,2016-04-11,12월
주식회사 디씨지플러스,"DCGplus Co., Ltd.",디씨지플러스, ,김영업,기타법인,110111-3027251,107-86-51181,서울특별시 서초구 방배본동 766-4 예주빌딩 203호, ,,일반 영화 및 비디오물 제작업,2004-06-09,12월
(주)디씨진닷컴,dczine,디씨진닷컴, ,이성훈,기타법인,110111-1861320,107-81-76493,서울특별시 서초구 방배동 778-18호 2층,http://www.dczine.com/,,잡지 및 정기간행물 발행업,2000-01-24,01월
디씨케이원 주식회사,"DCK One Co., Ltd.",디씨케이원, ,박앤드류영,기타법인,110111-8191655,412-81-56860,"서울특별시 강남구 테헤란로 152 (역삼동, 강남파이낸스센터) 4층 409-6호", ,,컴퓨터시설 관리업,2022-02-08,12월
(주)디아이씨코리아,"DIC Korea Co., Ltd.",디아이씨코리아, ,최영준,기타법인,110111-1794109,106-81-82861,서울특별시 용산구 한남동 32-17 한남빌딩 3층,http://www.e-refrigeration.co.kr,,시스템 소프트웨어 개발 및 공급업,1999-10-23,12월
(주)디아이앤씨,"DINC CO., LTD.",디아이앤씨, ,정충교,기타법인,180111-0278019,604-81-39607,"부산광역시 해운대구 센텀중앙로 78 2101호 (우동, 센텀그린타워)",www.dincon.co.kr,,시스템 소프트웨어 개발 및 공급업,1999-02-03,12월
디아이웨어 주식회사,"DIWare Co., LTD",디아이웨어, ,김정수,기타법인,110111-6602133,194-81-01093,"서울특별시 용산구 한강대로71길 4  4층 (갈월동, (주)한진중공업)",www.diware.co.kr,,"컴퓨터시스템 통합 자문, 구축 및 관리업",2017-12-19,12월
(주)디아이지커뮤니케이션,"D.I.G. Communication Co.,Ltd.",디아이지커뮤니케이션, ,정원석,기타법인,110111-1502552,105-81-91222,서울특별시 강남구 삼성동75-6 수당빌딩 4층,www.dig24.com,,컴퓨터시스템 통합 자문 및 구축 서비스업,1998-01-13,12월
(주)디아이티,"DIT Co.,Ltd",디아이티, ,"한원석, 최중호",기타법인,110111-1008295,116-81-47070,서울특별시 강남구 논현로 656 8층(논현동), ,,컴퓨터시스템 통합 자문 및 구축 서비스업,1994-02-01,12월
주식회사 디알무비,"DR MOVIE CO.,LTD.",디알무비, ,정정균,기타법인,110111-1959464,113-81-61170,서울특별시 구로구 구로3동 216-16 벽산디지털밸리,www.DRmovie.biz,,애니메이션 영화 및 비디오물 제작업,2000-05-03,12월
(주)디알엠에스글로벌,"DRMS Global Co.,Ltd.",디알엠에스글로벌, ,김선아,기타법인,174811-0083701,185-86-00436,"경기도 용인시 기흥구 동백죽전대로527번길 80 (중동, 신동백롯데캐슬에코1단지)", ,,컴퓨터 프로그래밍 서비스업,2016-08-02,12월
(주)디앤디기술,"DND tech Co., Ltd.",디앤디기술, ,민태영,기타법인,110111-3275587,101-86-16828,"서울특별시 서초구 바우뫼로 158 (양재동, 유창빌딩) 5층", ,,자료 처리업,2005-07-22,12월
주식회사 디앤시엔터테인먼트,"D&C ENTERTAINMENT Co.,Ltd",디앤시엔터테인먼트, ,김원국,기타법인,110111-4908658,105-87-74680,"서울특별시 마포구 월드컵북로 502 (상암동, 월드컵파크프라자) 206호", ,,"영화, 비디오물 및 방송프로그램 배급업",2012-07-04,12월
주식회사 디앤씨미디어,"D&C MEDIA CO.,LTD.",디앤씨미디어,263720,최원영,코스닥시장,110111-4767153,105-87-67194,서울특별시 구로구 디지털로32길 30 코오롱디지털타워빌란트. 1301-1308호,www.dncmedia.co.kr,,"서적, 잡지 및 기타 인쇄물 출판업",2012-01-04,12월
주식회사 디앤씨웹툰비즈,"D&C WEBTOON Biz Co., Ltd.",디앤씨웹툰비즈, ,이왕호,기타법인,110111-7703360,827-87-02011,"서울특별시 구로구 디지털로26길 123 (구로동, 지플러스타워) 1305호", ,,서적 출판업,2020-12-01,12월
(주)디앤씨테크,"Dnc Tech.,Inc",디앤씨테크, ,박한서,기타법인,110111-1500770,214-86-20860,서울특별시 금천구 가산동 493-6 대륭테크노타운6차 805호,http://www.dnctech.com,,시스템 소프트웨어 개발 및 공급업,1998-01-08,12월
디앤케이세종 주식회사,-,디앤케이세종, ,김미지,기타법인,110111-6827484,477-87-01200,"서울특별시 영등포구 여의대로 60 (여의도동, NH투자증권빌딩)", ,,"컴퓨터 프로그래밍, 시스템 통합 및 관리업",2018-07-30,12월
주식회사 디어유,"DEAR U Co.,Ltd.",디어유,376300,안종오,코스닥시장,110111-6450615,111-87-00747,서울특별시 강남구 언주로172길 8 -,www.dear-u.co,,응용 소프트웨어 개발 및 공급업,2017-07-04,12월
디어젠 주식회사,Deargen Inc.,디어젠, ,강길수,기타법인,161511-0205815,711-86-00588,"대전광역시 유성구 문지로 193 (문지동, KAIST문지캠퍼스) 행정동 A602호",deargen.me,,데이터베이스 및 온라인정보 제공업,2016-12-06,12월
디에스대포후,-,디에스대포후, ,김현아,기타법인,110111-6666139,597-86-01114,"서울특별시 영등포구 여의대로 60 (여의도동, NH투자증권빌딩)", ,,"컴퓨터 프로그래밍, 시스템 통합 및 관리업",2018-02-27,12월
(주)디에스솔루션즈,DS SOLUTIONS,디에스솔루션즈, ,양승화,기타법인,110111-5912327,853-87-00346,"서울특별시 서초구 강남대로 331 (서초동, 서초동광일빌딩) 12층", ,,그 외 기타 정보 서비스업,2015-12-14,12월
주식회사 디에스시네마,"DSCINEMA co., Ltd",디에스시네마, ,문현규,기타법인,161511-0342421,750-87-02730,충청남도 천안시 서북구 번영로 201 (불당동) 252호, ,,영화관 운영업,2023-06-14,12월
주식회사 디에스알브이랩스,"dsrv labs Co., Ltd.",디에스알브이랩스, ,김지윤,기타법인,110111-7233739,659-87-01307,"서울특별시 강남구 봉은사로20길 38 (역삼동, 데미테르)",dsrv.com/,,시스템 소프트웨어 개발 및 공급업,2019-09-17,12월
(주)디에스앤텍,DSNTech. Inc.,디에스앤텍, ,장경수,기타법인,110111-1938921,220-81-85223,"서울특별시 강남구 역삼로9길 28 (역삼동, 도원빌딩)4층",www.dsntech.com,,시스템 소프트웨어 개발 및 공급업,2000-04-12,12월
주식회사 디에스컴퍼니,DSD Networks,디에스컴퍼니, ,서우영,기타법인,171711-0132305,265-87-00699,경상북도 포항시 북구 법원로 162 (양덕동) 204호, ,,그 외 기타 전기 통신업,2017-04-25,12월
디에스티 주식회사,DST Corporation,디에스티, ,나기철,기타법인,131111-0035294,129-81-25994,경기도 성남시 분당구 수내동 6-4, ,,시스템 소프트웨어 개발 및 공급업,1998-10-15,12월
(주)디에스플러스텍,DREAM STORE PLUS TEK,디에스플러스텍, ,호대성,기타법인,131111-0287118,129-86-62975,"경기도 성남시 분당구 서현로180번길 26 (서현동, 서현동아름빌딩) 402호",www.dsptek.co.kr,,컴퓨터시스템 통합 자문 및 구축 서비스업,2011-07-11,12월
(주)디에스피미디어,"DSPmedia co.,Ltd",디에스피미디어, ,김진우,기타법인,110111-3971482,114-86-69559,제주특별자치도 제주시 구좌읍 덕행로 490 2층 일부,www.dspmedia.co.kr,,음악 및 기타 오디오물 출판업,2008-09-19,12월
(주)디에이치링크,"DHOLINK CO.,LTD",디에이치링크, ,김금도,기타법인,110111-3740481,214-88-13849,서울특별시 구로구 구로동182-4번지 대륭포스트타워3차1009호, ,,우편 및 통신업,2007-08-27,12월
주식회사 디에프랩,"DF Lab Co., Ltd.",디에프랩, ,김재식,기타법인,110111-7297793,342-87-01369,서울특별시 서초구 서초중앙로22길 80, ,,유선 온라인 게임 소프트웨어 개발 및 공급업,2019-11-19,12월
(주)디엔에스,"Digital Network Solutions Co.,Ltd.",디엔에스, ,장승웅,기타법인,110111-1600679,214-86-27091,서울특별시 강남구 도곡동467-6 대림아크로타운C동 13층,hidns.com,,시스템 소프트웨어 개발 및 공급업,1998-10-28,12월
(주)디엠넷, ,디엠넷, ,이원우,기타법인,110111-1758486,220-81-66003,서울특별시 강남구 역삼동 831-37 건암빌딩 702호, ,,시스템 소프트웨어 개발 및 공급업, ,12월
디엠에스플렉스(주),DMSFLEX,디엠에스플렉스, ,황정태,기타법인,110111-1519846,119-81-27447,서울특별시 양천구 목동 923-14 현대드림타워 1824,icore.co.kr,,기타 정보기술 및 컴퓨터운영 관련 서비스업,1998-03-06,12월
(주)디엠엑스테크놀로지스코리아,DMX Technologies Korea,디엠엑스테크놀로지스코리아, ,이문영,기타법인,110111-2664244,220-86-52576,서울특별시 강남구 삼성동,www.dmxkorea.com,,컴퓨터시스템 통합 자문 및 구축 서비스업,2002-11-30,12월
디엠엔정보기술(주),"DMN Information Technology Co., Ltd.",디엠엔정보기술, ,신재풍,기타법인,110111-1401895,207-81-49146,서울특별시 마포구 백범로21안길 14-4 1층 101호(염리동),www.z24.co.kr,,시스템 소프트웨어 개발 및 공급업,1997-04-14,12월
주식회사 디오디홀딩스,DOD Holdings Corporation,디오디홀딩스, ,문선영,기타법인,110111-3398884,211-87-77395,서울특별시 강남구 신사동 589 JS빌딩 3층,www.dodholdings.com,,일반 영화 및 비디오물 제작업,2006-02-13,12월
주식회사 디오시스템,"Dosystem Co., Ltd",디오시스템, ,허춘근,기타법인,180111-0137059,607-81-24404,부산광역시 금정구 장전 산 30 산학협동관 7층,www.dosystem.com,,시스템 소프트웨어 개발 및 공급업,1993-02-01,12월
디와이에셋주식회사,"DY Asset Management Co., Ltd",디와이에셋, ,김도욱,기타법인,131411-0138779,134-81-98543,경기도 안산시 단원구 원시동 725-8번지, ,,기타 정보기술 및 컴퓨터운영 관련 서비스업,2003-04-01,12월
(주)디웍스,Dworks,디웍스, ,이영선,기타법인,110111-1606891,211-86-47439,서울특별시 강남구 논현동 237-10 서진빌딩 2층,www.dworks.co.kr,,시스템 소프트웨어 개발 및 공급업,1998-11-12,12월
주식회사 디웨이브개발,"Dwave Development Co., Ltd",디웨이브개발, ,김선웅,기타법인,110111-7423760,369-88-01599,"서울특별시 서초구 사임당로 180 (서초동, 보원빌딩) 303호", ,,컴퓨터시설 관리업,2020-03-12,12월
주식회사 디유넷,DUNET. lnc,디유넷, ,김승환,기타법인,110111-2052283,110-81-47558,서울특별시 서대문구 충정로3가 동아일보사건물,www.dunet.co.kr,,응용 소프트웨어 개발 및 공급업,2000-08-19,12월
(주)디자인97,Design97 co.Ltd,디자인97, ,이창훈,기타법인,110111-1723926,220-81-63568,서울특별시 서초구 우면동 64-1 중평빌딩 9층,http://design97.co.kr,,시스템 소프트웨어 개발 및 공급업,1999-07-01,12월
(주)디자인스톰,"designstorm co., Ltd.",디자인스톰, ,손정숙,기타법인,110111-1741853,214-86-35548,서울특별시 강남구 논현2동 237-10 서진빌딩 8층,http://www.designstorm.com,,시스템 소프트웨어 개발 및 공급업,1999-07-26,12월
(주)디자인하우스,design house,디자인하우스, ,이영혜,기타법인,110111-0534952,203-81-43529,서울특별시 중구 장충동2가 186-210,www.design.co.kr,,잡지 및 정기간행물 발행업,1987-09-01,12월
(주)디조콤,DIZZOCOM Inc.,디조콤, ,서원석,기타법인,110111-1586506,104-81-44600,서울특별시 강남구 역삼동 747-29 로케트빌딩 6층,ums.dizzo.com,,통신 재판매업,1998-09-16,12월
디지엠시스(주),DIGIMSYS.Co.Ltd,디지엠시스, ,"이태균, 이준필",기타법인,110111-1781198,206-81-17957,서울특별시 강남구 대치동 891-43 엠에스에이 2층,WWW.DIGIMSYS.COM,,시스템 소프트웨어 개발 및 공급업,1999-10-08,12월
주식회사 디지웍스,"Digiworks Co.,LTD",디지웍스, ,김의근,기타법인,170111-0321323,514-81-59799,대구광역시 동구 화랑로 459 (용계동),www.dgwrks.co.kr,,시스템 소프트웨어 개발 및 공급업,2006-12-06,12월
(주)디지웨이브,digiwave.co,디지웨이브, ,조사무엘민제,기타법인,110111-1517189,211-86-27694,서울특별시 영등포구 여의도동 12 ccmm빌딩 4층,www.digiwave.co.kr,,시스템 소프트웨어 개발 및 공급업,1998-02-26,12월
(주)디지캡,"DigiCAP Co., Ltd.",디지캡,197140,범진규,코스닥시장,110111-1928295,101-81-57784,서울특별시 강서구 마곡중앙8로7길 11 &nbsp,www.digicaps.com,,시스템 소프트웨어 개발 및 공급업,2000-04-01,12월
주식회사 디지큐,"DigiQ Co.,Ltd.",디지큐, ,김용광,기타법인,110111-5083459,120-87-95248,서울특별시 강남구 광평로 281 (수서동) 수서빌딩 15층,www.digiq.co.kr/ko/home.html,,소프트웨어 개발 및 공급업,2013-03-07,12월
(주)디지탈드림시티,"DIGITALDREAMCITY Co,Ltd",디지탈드림시티, ,"유경수, 김응태",기타법인,210111-0023681,418-81-18826,전라북도 전주시 덕진구 서노송동 대우빌딩1604호,www.digitaldreamcity.com,,일반 영화 및 비디오물 제작업,1999-04-28,12월
(주)디지탈밸리,"digital valley Co., Ltd.",디지탈밸리, ,원종호,기타법인,110111-1825342,220-81-72048,서울특별시 강남구 역삼동 668-5 상은빌딩 4층,www.digitalvalley.co.kr,,시스템 소프트웨어 개발 및 공급업,1999-11-10,12월
(주)디지탈선일,"DIGITAL SUNIL CO.,LTD.",디지탈선일, ,김장호,기타법인,110111-1011363,211-86-30374,서울특별시 강남구 신사동 630-7,www.digitalsunil.com,,시스템 소프트웨어 개발 및 공급업,1994-02-16,12월
디지탈에프케이(주),Digital FK corp,디지탈에프케이, ,이준석,기타법인,110111-1546550,214-86-23488,경기도 군포시 금정동 1-40 한림휴먼타워 1126,http://www.digitalfk.com,,컴퓨터시스템 통합 자문 및 구축 서비스업,1998-05-15,12월
(주)디지탈엔비전,Digital EnVision Inc.,디지탈엔비전, ,왕영국,기타법인,110111-1287435,229-81-00032,서울특별시 강남구 역삼동 776 명진빌딩 3층,http://www.digitalenvision.com,,시스템 소프트웨어 개발 및 공급업,1992-05-01,12월
(주)디지탈웨이브,"DIGITALWAVE,INC.",디지탈웨이브, ,원태환,기타법인,110111-1626576,207-81-53427,"서울특별시 서초구 양재동 118-3 용두빌딩 2,3층",http://www.digitalwave.co.kr,,시스템 소프트웨어 개발 및 공급업,1998-12-30,12월
디지탈이메이션 주식회사,Digital Emation,디지탈이메이션, ,윤성현,기타법인,110111-1139008,211-86-43850,서울특별시 강남구 도곡동 542,www.Emation.co.kr,,애니메이션 영화 및 비디오물 제작업,1995-03-18,12월
(주)디지탈인포메이션뱅크, ,디지탈인포메이션뱅크, ,한승준,기타법인,110111-1409881,120-81-73295,서울특별시 강남구 신사동 637-15 대명빌딩5층,www.dib.net,,시스템 소프트웨어 개발 및 공급업,1997-05-01,12월
(주)디지탈컨텐츠,Digital Contents Inc.,디지탈컨텐츠, ,노현철,기타법인,110111-1779143,211-86-57223,서울특별시 강남구 청담동 124-13,www.digicon.co.kr,,시스템 소프트웨어 개발 및 공급업,1999-09-29,12월
주식회사 디지탈케이아이엔,"DIGITAL KIN CO., LTD",디지탈케이아이엔, ,김신일,기타법인,110111-1565790,211-86-44897,서울특별시 강남구 신사동 532-11, ,,"영화, 비디오물 및 방송프로그램 제작 관련 서비스업",1998-08-10,12월
주식회사 디지탈테트라,DIGITALTETRA.CO.KR,디지탈테트라, ,한민호,기타법인,110111-1947427,211-86-97152,서울특별시 강남구 논현동 15-11,www.digitaltetra.com,,애니메이션 영화 및 비디오물 제작업,2000-04-21,12월
디지탈토네이도(주),Digital Tornado Inc.,디지탈토네이도, ,이정태,기타법인,110111-1750474,110-81-41966,서울특별시 관악구 봉천6동 1679-21 성강빌딩 3층,www.dito.co.kr,,시스템 소프트웨어 개발 및 공급업,1999-08-10,12월
(주)디지털골드익스체인지,"Digital Gold Exchange, Co., Ltd",디지털골드익스체인지, ,문영일,기타법인,110111-6282050,714-88-00621,"서울특별시 서초구 서초대로77길 58 902호(서초동, 트라이랜드빌딩)",thedigitalgoldexchange.com/,,"컴퓨터 프로그래밍, 시스템 통합 및 관리업",2017-01-06,12월
(주)디지털네임즈,DigitalNames,디지털네임즈, ,조관현,기타법인,110111-2839756,101-81-96958,서울특별시 강남구 논현동 210-3 SH빌딩 2층,www.digitalnames.net,,그 외 기타 정보 서비스업,2003-08-14,12월
(주)디지털라이언, ,디지털라이언, ,안유수,기타법인,110111-1888994,220-81-78760,서울특별시 강남구 역삼동 823-21 대공빌딩 611호,www.digitalion.co.kr,,시스템 소프트웨어 개발 및 공급업,2000-02-24,12월
디지털리얼티코리아 유한회사,DIGITAL REALTY KOREA LTD.,디지털리얼티코리아, ,데이비드루시,기타법인,110114-0242773,320-88-01309,서울특별시 마포구 월드컵북로60길 12 (상암동), ,,데이터베이스 및 온라인정보 제공업,2019-06-03,12월
(주)디지털베이시스템,Digital bay system,디지털베이시스템, ,하동우,기타법인,110111-2893801,117-81-47995,서울특별시 금천구 가산동 371-37 stx v-tower 910호,www.dbays.com,,컴퓨터 프로그래밍 서비스업,2003-11-11,12월
디지털 브레인,"Digital Brain Co.,Ltd",디지털브레인, ,이영근,기타법인,184611-0038641,615-81-12438,부산광역시 중구 중앙동5가 34,www.dbrain.co.kr,,시스템 소프트웨어 개발 및 공급업,2000-03-17,12월
(주)디지털비젼엔터테인먼트,Digitalvision Entertainment,디지털비젼엔터테인먼트, ,김덕수,기타법인,110111-4481745,211-88-52727,서울특별시 강남구 논현동 231-13 팍스타워 5층, ,,"영화, 비디오물 및 방송프로그램 제작업",2010-11-30,12월
디지털비즈니스넷(주), ,디지털비즈니스넷, ,이용국,기타법인,110111-1253600,214-86-02479,서울특별시 영등포구 여의도동 35-2,http://,,시스템 소프트웨어 개발 및 공급업,1996-03-22,12월
주식회사 디지털세영,DIGITAL SEYOUNG,디지털세영, ,이승익,기타법인,110111-1793838,114-81-91963,서울특별시 서초구 방배동 1027-4 수암빌딩4층, ,,애니메이션 영화 및 비디오물 제작업,1999-10-21,12월
디지털스튜디오투엘(주),DIGITALSTUDIO2L,디지털스튜디오투엘, ,임정훈,기타법인,110111-3046962,211-87-52486,"서울특별시 성동구 성수일로8길 5 1010호 (성수동2가, 서울숲SKV1TOWER)",www.2lfilm.com,,"영화, 비디오물 및 방송프로그램 제작 관련 서비스업",2004-07-09,12월
주식회사디지털씨엔씨,"Baroh.com. Co.,Ltd.",디지털씨엔씨, ,임상진,기타법인,110111-1892458,105-86-08733,서울특별시 마포구 동교동 상진빌딩7층,http://www.baroh.com,,데이터베이스 및 온라인정보 제공업,2000-02-28,12월
(주)디지털알엑스솔루션,DIGITAL RX SOLUTION,디지털알엑스솔루션, ,박정관,기타법인,110111-6531366,899-81-00980,서울특별시 서초구 명달로 134 (서초동) 4층,drxsolution.co.kr,,응용 소프트웨어 개발 및 공급업,2017-10-01,12월
(주)디지털어드벤처,"DIGITAL ADVENTURE,INC",디지털어드벤처, ,やじまじゅうひこ,기타법인,010401036776 ,35053,도쿄도 미나토구 시바 4쵸메 5번지 10호, ,,"영화, 비디오물, 방송프로그램 제작 및 배급업",1971-12-24,12월
디지털엣지코리아 유한회사,Digital Edge (Korea) Yuhan Hoesa,디지털엣지코리아, ,조나단폴월브릿지,기타법인,110114-0267292,391-87-02017,"서울특별시 강남구 테헤란로 152 (역삼동, 강남파이낸스센터) 4층 403호", ,,컴퓨터시설 관리업,2020-10-16,12월
주식회사 디지털오비밴,"Digital Outside Broadcasting Van co.,Ltd",디지털오비밴, ,이상현,기타법인,131111-0166255,129-81-98823,"경기도 성남시 분당구 황새울로311번길 28 (서현동, 롯데서현주차빌딩), 803호",www.digitalobvan.com,,방송 프로그램 제작업,2006-07-01,12월
디지털온라인(주),"DIGITAL ON LINE CO.,LTD",디지털온라인, ,신민구,기타법인,110111-1755127,120-81-93286,서울특별시 강남구 삼성동 144-27 본솔빌딩 9층,www.digital-online.co.kr,,시스템 소프트웨어 개발 및 공급업,1999-09-01,12월
디지털월드주식회사,digital world co.ltd,디지털월드, ,국필종,기타법인,115911-0025728,128-81-44227,경기도 고양시 일산구 백석동 1141-1 일산테크노타운701호,http://www.magicict.net,,시스템 소프트웨어 개발 및 공급업,1999-12-08,12월
(주)디지털월드,Digital World,디지털월드, ,김휘용,기타법인,194211-0019465,609-81-23662,경상남도 창원시 봉곡동 36-8 국민은행 2층,www.digital-camp.com,,광고 영화 및 비디오물 제작업,1995-07-12,12월
(주)디지털타임스,Digital Times.inc,디지털타임스, ,박학용,기타법인,110111-1825764,104-81-49376,서울특별시 중구 새문안로 22 9층,www.dt.co.kr,,신문 발행업,1999-12-10,12월
(주)디지털태인,"Digital Taein Co., Ltd.",디지털태인, ,이동중,기타법인,110111-0968466,105-81-66081,서울특별시 강남구 대치동 944 삼흥2빌딩 14층,www.taein.co.kr,,데이터베이스 및 온라인정보 제공업,1993-09-01,12월
(주)디지털 택스월드,Digital Taxworld Co.,디지털택스월드, ,임상철,기타법인,110111-1903057,220-81-80325,서울특별시 서초구 방배2동 978-42 2층,www.taxworld.co.kr,,시스템 소프트웨어 개발 및 공급업,2000-03-15,12월
(주)디지털퓨전,Digital Fusion Inc.,디지털퓨전, ,김태완,기타법인,110111-1395238,214-86-14897,"서울특별시 금천구 가산디지털1로 168 C동 702호(가산동, 우림라이온스밸리)",http://www.digitalrose.com,,시스템 소프트웨어 개발 및 공급업,1997-03-27,12월
(주)디지털프로그,"DigitalFrog Co., Ltd.",디지털프로그, ,노태윤,기타법인,110111-3922609,110-81-82652,"서울특별시 서대문구 연세로 50 (신촌동, 연세대학교)", ,,게임 소프트웨어 개발 및 공급업,2008-06-25,12월
(주)디지털플러스시스템,"Digital Plus System Co., Ltd.",디지털플러스시스템, ,박창규,기타법인,110111-2473497,107-86-14513,"서울특별시 영등포구 경인로 775 2-901 (문래동3가, 에이스하이테크시티)", ,,시스템 소프트웨어 개발 및 공급업,2002-03-18,12월
(주)디지토닷컴,Digito.Com Inc.,디지토닷컴, ,김근태,기타법인,110111-1281114,211-86-41435,서울특별시 강남구 역삼동 645-18 동복빌딩 2층,http://www.digito.com,,시스템 소프트웨어 개발 및 공급업,1996-06-12,12월
(주)디지투스,Digitus Inc.,디지투스, ,김중일,기타법인,110111-6473964,803-87-00695,"서울특별시 강남구 강남대로 464 7층(역삼동, 비제바노)",digitus.kr/,,컴퓨터 프로그래밍 서비스업,2017-07-28,12월
(주)디지트럼 ,Digitrum ,디지트럼, ,이경민,기타법인,120111-0203860,121-81-32375,서울특별시 관악구 봉천8동 927-3 제형빌딩 3층 ,서울시 관악구 봉천8동 927-3,,게임 소프트웨어 개발 및 공급업,1999-10-08,12월
(주)디지트리얼 테크놀로지,"DigiTreal Technology Co., Ltd.",디지트리얼테크놀로지, ,이창규,기타법인,110111-1437709,106-81-68480,경기도 안양시 동안구 비산동1107 안양무역센터 704호,www.digitreal.com,,시스템 소프트웨어 개발 및 공급업,1997-07-08,12월
(주)디지트메이트,"Digitmate co., Ltd.",디지트메이트, ,한재민,기타법인,110111-1717416,201-81-24550,서울특별시 마포구 도화동 173 삼창프라자빌딩 307호,http://www.digitmate.com,,시스템 소프트웨어 개발 및 공급업,1999-06-19,06월
(주)디지틀영산,"Digital YoungSan.Co.,Ltd",디지틀영산, ,김완혁,기타법인,110111-1860504,114-81-94320,서울특별시 서초구 반포동 59-4, ,,컴퓨터 프로그래밍 서비스업,2000-01-26,12월
(주)디지틀온미디어,"Digital On Media, Corp.",디지틀온미디어, ,김성수,기타법인,131111-0069938,129-81-47270,경기도 성남시 분당구 서현동 249-1번지,www.digitalonmedia.com,,유선 방송업,2001-12-26,12월
(주)디지틀조선일보,DigitalChosun,디지틀조선,033130,김영수,코스닥시장,110111-1201071,104-81-37808,서울특별시 중구  세종대로21길 52 (태평로1가),www.chosun.com,,"자료처리, 호스팅, 포털 및 기타 인터넷 정보매개 서비스업",1995-10-02,12월
주식회사 디케이비엠시,"DK BMC Co., Ltd.",디케이비엠시, ,배창욱,기타법인,110111-4446963,210-81-65384,"서울특별시 강남구 봉은사로 434 3층(삼성동, 석수빌딩)",www. dkbmc.com,,컴퓨터시스템 통합 자문 및 구축 서비스업,2010-10-11,12월
주식회사 디케이비즈니스,dk business Corp.,디케이비즈니스, ,박대영,기타법인,110111-5799535,632-87-00225,"서울특별시 금천구 가산디지털1로 186 6층 (가산동, 제이플라츠)",www.dkbusiness.co.kr/,,포털 및 기타 인터넷 정보매개 서비스업,2015-08-01,12월
(주)디케이아이테크놀로지,"DKI Technology Co., Ltd.",디케이아이테크놀로지, ,허경수,기타법인,110111-1483934,128-81-30534,"서울특별시 영등포구 여의나루로 71 1005호(여의도동, 동화빌딩)",www.dkitec.com,,시스템 소프트웨어 개발 및 공급업,1997-08-14,12월
주식회사 디케이알인베스트먼트,"DKR INVESTMENT Co., Ltd.",디케이알인베스트먼트, ,박철현,기타법인,110111-5813187,452-87-00196,"서울특별시 강남구 테헤란로14길 6 745호 (역삼동, 남도빌딩)", ,,소프트웨어 개발 및 공급업,2015-08-24,12월
주식회사 디케이이앤엠,DK E&M,디케이이앤엠, ,김동구,기타법인,110111-8424618,385-87-02782,"서울특별시 강남구 영동대로 638 (삼성동, 삼보빌딩)7층 702호", ,,방송 프로그램 제작업,2022-09-16,12월
(주)디케이이앤엠,DK E&M,디케이이앤엠, ,김동구,기타법인,110111-4808569,120-87-80084,"서울특별시 강남구 영동대로122길 15 (삼성동, 클레어홀딩스빌딩)", ,,방송 프로그램 제작업,2012-07-10,12월
주식회사 디케이테크인,dk techin Corp.,디케이테크인, ,이원주,기타법인,131111-0418804,606-87-00134,"경기도 성남시 분당구 판교역로 235 3층 (삼평동, 에이치스퀘어엔동)",www.dktechin.com,,소프트웨어 개발 및 공급업,2015-08-01,12월
주식회사 디클라우드,"D.Cloud Co., Ltd.",디클라우드, ,신동근,기타법인,110111-7985819,466-86-02328,"서울특별시 중구 을지로 50 (을지로2가, 을지한국빌딩) 17층", ,,기타 정보기술 및 컴퓨터운영 관련 서비스업,2021-08-10,12월
주식회사 디킴스커뮤니케이션즈,"DKIMS COMMUNICATIONS CO., LTD.",디킴스커뮤니케이션즈, ,백준호,기타법인,110111-1126295,120-81-47079,서울특별시 구로구 구로동 212-8 대륭포스트타워 1차 4층,www.dkims.co.kr,,데이터베이스 및 온라인정보 제공업,1995-02-07,12월
주식회사 디킴스커뮤니케이션즈,"DKIMS Communications Co.,Ltd",디킴스커뮤니케이션즈, ,김동준,기타법인,110111-1126295,120-81-47079,서울특별시 강남구 논현동 50-1 세라빌딩 3층,www.dkims.co.kr,,데이터베이스 및 온라인정보 제공업,1995-02-07,12월
주식회사 디타스,"DTAAS CO., LTD.",디타스, ,윤수근,기타법인,195511-0219480,804-87-01061,"서울특별시 서초구 강남대로 329 19층 (서초동, 산학재단빌딩)", ,,소프트웨어 개발 및 공급업,2018-05-10,12월
디토닉 주식회사,Dtonic Corporation,디토닉, ,전용주,기타법인,110111-5454197,264-81-37380,"경기도 안양시 동안구 시민대로248번길 25 (관양동, 경기창조산업안양센터) 1006호",www.dtonic.io,,시스템 소프트웨어 개발 및 공급업,2014-07-01,12월
주식회사 디투엘,DTOL,디투엘, ,이두희,기타법인,110111-3429481,113-86-04965,"서울특별시 금천구 가산디지털2로 53 (가산동, 한라시그마밸리) 604호",www.dtol.co.kr,,컴퓨터 프로그래밍 서비스업,2006-03-30,12월
주식회사 디투이노베이션,D2innovation.co.kr C0..LTD,디투이노베이션, ,안지환,기타법인,110111-3749748,214-88-14533,경기도 성남시 수정구 창업로 43 (시흥동) A-811, ,,정보서비스업,2007-09-07,12월
(주)디파이,DFY Inc,디파이, ,황병삼,기타법인,110111-4516493,211-88-54706,서울특별시 강남구 강남대로140길 20 (논현동),www.dfy.co.kr,,응용 소프트웨어 개발 및 공급업,2011-01-17,12월
(주)디패션,"De Passion co.,ltd.",디패션,030420,신칠성,기타법인,110111-0609127,105-81-47411,"서울특별시 강남구 삼성동 35-15 나라빌딩 3, 4층 ",www.mtrack.co.kr,,데이터베이스 및 온라인정보 제공업,1989-02-09,12월
(주)디퍼씨네마,dippercinema,디퍼씨네마, ,안영환,기타법인,161411-0019577,316-81-11115,"충청남도 서산시 안견로 242 (동문동, 디퍼아울렛타운) 3층 cgv서산", ,,영화관 운영업,2008-03-20,12월
주식회사 디퍼홀딩스,dipperholdings,디퍼홀딩스, ,안영환,기타법인,110111-6794211,179-86-01139,"충청남도 서산시 안견로 242 (동문동, 디퍼아울렛타운) 3층", ,,"영화, 비디오물 및 방송프로그램 배급업",2018-06-27,12월
디포커스 주식회사,"DFOCUS CO., LTD",디포커스, ,선은두,기타법인,110111-2212465,109-81-70175,"서울특별시 성동구 성수이로 51 (성수동2가, 서울숲한라시그마벨리) 304호",www.dfocus.net,,응용 소프트웨어 개발 및 공급업,2001-04-10,12월
(주)디프로텍,Dprotech,디프로텍, ,김대영,기타법인,121111-0120568,130-86-06333,서울특별시 강남구 대치동 983번지 일동빌딩 별관 1층, ,,시스템 소프트웨어 개발 및 공급업,2004-05-27,12월
디플래닉스 주식회사,DPLANEX,디플래닉스, ,김유신,기타법인,110111-8133334,626-88-02259,"서울특별시 서초구 강남대로 465 (서초동, 교보생명보험(주)서초사옥) B동 4층",dplanex.com,,데이터베이스 및 온라인정보 제공업,2021-12-17,12월
주식회사 디플러스스튜디오,KPJ,디플러스스튜디오, ,장진욱,기타법인,110111-5528653,107-88-30614,"서울특별시 영등포구 의사당대로 38 (여의도동, 여의도더샵아일랜드파크) 101동 1315호", ,,방송 프로그램 제작업,2014-10-01,12월
주식회사 딜라이브,"DLIVE Co., Ltd ",딜라이브, ,김덕일,기타법인,110111-1862758,120-81-98660,"서울특별시 강남구 테헤란로103길 9 (삼성동, 제일빌딩)",www.dlive.kr,,유선 방송업,2000-01-25,12월
(주)딜라이브강남케이블티브이,"DLIVE Gangnam Cable TV Co.,Ltd",딜라이브강남케이블티브이, ,곽철남,기타법인,110111-1009780,211-86-30433,서울특별시 강남구 학동로 318 (논현동),www.dlive.kr,,유선 방송업,1994-02-05,12월
(주)딜라이브경기동부케이블티브이,"DLIVE Gyounggidongbu Cable TV Co.,Ltd",딜라이브경기동부케이블티브이, ,곽철남,기타법인,135711-0049710,126-81-70277,경기도 남양주시 경춘로 1298 혜림빌딩 4층 (평내동),www.dlive.kr,,유선 방송업,2003-03-20,12월
(주)딜라이브티브이,"Seoul Gyeonggi Cable TV Co., Ltd",딜라이브티브이, ,류종문,기타법인,110111-1944126,120-86-04018,"서울특별시 마포구 월드컵북로54길 11 (상암동, 전자회관)3층", ,,프로그램 공급업,2000-04-19,12월
주식회사 딜라이트룸,"Delightroom co,.ltd",딜라이트룸, ,신재명,기타법인,131111-0343689,129-86-81104,"서울특별시 서초구 사평대로 368 (서초동, 케이플라츠신논현(구.중앙화촌빌딩))12,13층", ,,응용 소프트웨어 개발 및 공급업,2013-05-16,12월
주식회사 딥노이드,DEEPNOID Inc.,딥노이드,315640,최우식,코스닥시장,110111-3841627,107-87-05990,"서울특별시 구로구 디지털로33길 48 19층(구로동, 대륭포스트타워 7차)",www.deepnoid.com,,소프트웨어 개발 및 공급업,2008-02-04,12월
주식회사 딥바이오,Deep Bio Inc.,딥바이오, ,김선우,기타법인,110111-5856369,226-87-00262,"서울특별시 구로구 디지털로33길 27 610-613호(구로동, 삼성IT밸리)",www.deepbio.co.kr,,응용 소프트웨어 개발 및 공급업,2015-10-08,12월
주식회사 딥브레인에이아이,DeepBrain AI INC. ,딥브레인에이아이, ,장세영,기타법인,110111-6107167,121-86-40924,서울특별시 강남구 역삼로7길 6 (역삼동),www.deepbrain.io/ko/home,,데이터베이스 및 온라인정보 제공업,2016-06-29,12월
주식회사 딥서치,"DeepSearch, Inc",딥서치, ,김재윤,기타법인,180111-0841436,603-81-82945,서울특별시 영등포구 국제금융로 10 TWO IFC 15F,www.deepsearch.com,,응용 소프트웨어 개발 및 공급업,2013-01-08,12월
(주) 딥엑스,"DEEPX Co., Ltd.",딥엑스, ,김녹원,기타법인,161511-0228184,898-86-01088,"경기도 성남시 분당구 판교역로241번길 20 (삼평동, 미래에셋벤처타워) 5F",deepx.co.kr,,응용 소프트웨어 개발 및 공급업,2018-02-23,12월
(주)딴지그룹,DDanzi Group. co,딴지그룹, ,김어준,기타법인,110111-1886716,105-86-08349,서울특별시 영등포구 문래동3가 49번지 3호창고,www.ddanzi.com,,데이터베이스 및 온라인정보 제공업,2000-02-23,12월
(주)띵소프트,ThingSoft,띵소프트, ,정상원,기타법인,110111-3213959,120-86-81316,서울특별시 강남구 삼성1동 아셈타워 12층, ,,게임 소프트웨어 개발 및 공급업,2005-05-10,12월
(주)띵소프트,"THINGSOFT Co.,Ltd",띵소프트, ,김주현,기타법인,110111-4263903,120-87-50367,"경기도 성남시 분당구 판교로256번길 25 삼평동, 3층 (삼평동)", ,,게임 소프트웨어 개발 및 공급업,2010-01-18,12월
(주)띵스플로우,thingsflow Inc.,띵스플로우, ,이수지,기타법인,110111-6430261,894-86-00831,"서울특별시 성동구 성수이로20길 51 (성수동2가, (주)대륭)", ,,게임 소프트웨어 개발 및 공급업,2017-06-15,12월
(주)라다스튜디오,"RADA STUDIO CO.,LTD",라다스튜디오, ,김현익,기타법인,110111-4954320,220-88-44560,서울특별시 강남구 역삼동 823-30 라인빌딩8층, ,,게임 소프트웨어 개발 및 공급업,2012-09-06,12월
주식회사라라잡,"rarajob Co., Ltd.",라라잡, ,이정희,기타법인,131111-0540136,705-86-01369,"서울특별시 구로구 디지털로34길 43 (구로동, 코오롱싸이언스밸리1차) 201호", ,,데이터베이스 및 온라인정보 제공업,2019-01-28,12월
(주)라바웨이브,LAVARWAVE.INC,라바웨이브, ,김준엽,기타법인,110111-6986123,475-81-01371,서울특별시 강남구 헌릉로571길 32 (세곡동),www.lavarwave.co.kr/,,포털 및 기타 인터넷 정보매개 서비스업,2019-01-18,12월
주식회사 라성식자재,"Lasung Sikjajae Ltd., Co.",라성식자재, ,신시원,기타법인,110111-4568238,220-88-15371,"서울특별시 성동구 성수이로 118 지하1층 101,102호(성수동2가, 성수아카데미타워)",-,,공영 우편업,2011-03-30,12월
(주)라스이십일,LAS21 CORP,라스이십일, ,임갑철,기타법인,110111-0711873,215-81-44142,서울특별시 강남구 삼성동 142-39 태양빌딩 3층, ,,시스템 소프트웨어 개발 및 공급업,1990-07-18,12월
(주)라스코엔터테인먼트,lascaux,라스코엔터테인먼트, ,민경조,기타법인,110111-1618846,229-81-35074,서울특별시 서초구 양재동 67번지,lascaux.co.kr,,애니메이션 영화 및 비디오물 제작업,2000-08-22,12월
라온시큐어(주),"RaonSecure Co., Ltd.",라온시큐어,042510,"이순형, 이정아(각자대표)",코스닥시장,135311-0002964,138-81-16484,"서울특별시 영등포구 여의대로 108 48층(여의도동,파크원타워2)",www.raonsecure.com,,소프트웨어 개발 및 공급업,1998-04-16,12월
(주)라온엔터테인먼트,Rhaon Entertainment,라온엔터테인먼트, ,박재숙,기타법인,170111-0173146,514-81-37077,대구광역시 남구 대명동2139,www.rhaon.com,,그 외 기타 정보 서비스업,2000-05-10,12월
라온코퍼레이션 주식회사,"BTL Co.,Ltd.",라온코퍼레이션, ,박종원,기타법인,110111-6894433,881-86-01213,"서울특별시 서대문구 연희로 160 2층 202호(연희동, 연희동빌딩)", ,,시스템 소프트웨어 개발 및 공급업,2018-10-02,12월
라온피플 주식회사,LaonPeople Inc.,라온피플,300120,이석중,코스닥시장,131111-0246859,129-86-41679,"경기도 과천시 과천대로7나길 60 과천어반허브 C동 5층, 6층",www.laonpeople.com/,,소프트웨어 개발 및 공급업,2010-01-18,12월
라온화이트햇 주식회사,"Raon WhiteHat Co., Ltd.",라온화이트햇, ,이정아,기타법인,110111-4980953,120-87-90336,"서울특별시 영등포구 여의대로 108 47층 (여의도동, 파크원타워2)",https://www.whitehat.co.kr,,시스템 소프트웨어 개발 및 공급업,2012-10-16,12월
주식회사 라이드플럭스,RideFlux Inc.,라이드플럭스, ,박중희,기타법인,110111-6739340,282-86-01172,제주특별자치도 제주시 노형11길 25 4층 (노형동), ,,시스템 소프트웨어 개발 및 공급업,2018-05-02,12월
라이브게임주식회사,"livegame co.,Ltd",라이브게임, ,최경진,기타법인,110111-2022731,105-86-14763,서울특별시 강남구 역삼동 651-3 봉은사로 213 지하1층,www.livesoft.net,,게임 소프트웨어 개발 및 공급업,2000-07-11,12월
주식회사 라이브엑스,"LIVE X Co.,Ltd",라이브엑스, ,송정웅,기타법인,180111-1352458,290-88-02007,부산광역시 부산진구 전포대로 190 2층 201호(전포동),www.livex.kr/,,그 외 기타 정보 서비스업,2021-04-01,12월
라이브엔터테인먼트 주식회사,Live Enteretainment co.ltd,라이브엔터테인먼트, ,안형조,기타법인,110111-6168929,153-88-00393,"서울특별시 강남구 봉은사로 313 313호 (논현동, 크린랩빌딩)", ,,방송 프로그램 제작업,2016-09-05,12월
주식회사 라이언게임즈,"LIONGAMES CO., Ltd",라이언게임즈, ,윤성준,기타법인,110111-4632893,211-88-62598,"서울특별시 강남구 테헤란로79길 6 (삼성동, 제이에스타워) 13층",www.liongames.co.kr,,게임 소프트웨어 개발 및 공급업,2011-07-04,12월
주식회사 라이언테크,Lyon Tech co,라이언테크, ,곽기봉,기타법인,110111-8741616,618-81-37442,경기도 김포시 양촌읍 석모로45번길 99 (석모리) 1동, ,,게임 소프트웨어 개발 및 공급업,2023-09-25,12월
라이엇게임즈코리아 유한회사,"Riot Games Korea, Ltd",라이엇게임즈코리아, ,조혁진,기타법인,110114-0129252,120-87-68488,"서울특별시 강남구 테헤란로 521 (삼성동, 파르나스타워) 30층",www.leagueoflegends.co.kr,,게임 소프트웨어 개발 및 공급업,2011-05-25,12월
주식회사 라이온브리지테크놀로지스코리아,"Lionbridge Technologies Korea Co., Ltd.",라이온브리지테크놀로지스코리아, ,존설리반페넬리,기타법인,110111-0672413,116-81-28428,"서울특별시 마포구 월드컵북로 396 (상암동, 누리꿈스퀘어)",www.lionbridge.com,,시스템 소프트웨어 개발 및 공급업,1990-01-01,12월
주식회사 라이온하트스튜디오,Lionheart Studio,라이온하트스튜디오, ,김재영,기타법인,131111-0518696,481-87-01024,경기도 성남시 분당구 분당내곡로 131 (백현동) 판교테크원타워 14층, ,,모바일 게임 소프트웨어 개발 및 공급업,2018-05-10,12월
라이징윙스 주식회사,"RisingWings, Inc.",라이징윙스, ,김정훈,기타법인,110111-4869123,215-87-68786,서울특별시 강남구 영동대로82길 7,www.pnixgames.com/,,모바일 게임 소프트웨어 개발 및 공급업,2012-06-01,12월
(주)라이트브레인,"RightBrain Co., Ltd.",라이트브레인, ,황기석,기타법인,110111-3550179,220-87-37422,서울특별시 강남구 도산대로 301 (신사동) 5층, ,,컴퓨터 프로그래밍 서비스업,2006-10-26,12월
(주)라이트컨,"LightCON Co., Ltd.",라이트컨, ,이길형,기타법인,131111-0626796,235-87-02212,"경기도 성남시 분당구 대왕판교로644번길 49 (삼평동, 위메이드타워) 4층",www.wemademax.com/,,게임 소프트웨어 개발 및 공급업,2021-04-02,12월
주식회사 라이프사이언스테크놀로지,Life Science Technology Inc.,라이프사이언스테크놀로지,285770,김정환,기타법인,121111-0160093,214-88-12379,"서울특별시 강서구 양천로 401 B-1207(가양동, 강서한강자이타워)",www.lstgrp.com,,시스템 소프트웨어 개발 및 공급업,2007-07-03,12월
주식회사 라이프엠엠오,Life MMO Corp.,라이프엠엠오, ,"정욱, 박영호",기타법인,131111-0547992,533-88-01225,경기도 성남시 분당구 판교로256번길 19 (삼평동) 3층, ,,시스템ㆍ응용 소프트웨어 개발 및 공급업,2019-03-08,12월
(주) 라이프오버플로우,"LifeOverflow Co., Ltd.",라이프오버플로우, ,하지훈,기타법인,110111-6521119,876-81-00880,"서울특별시 강남구 삼성로 517 (삼성동, 채널리저브) 102동 1103호(삼성동, 채널리저브)", ,,컴퓨터 프로그래밍 서비스업,2017-09-19,12월
라이프타임채널코리아 유한회사,Lifetime Channel Korea Ltd.,라이프타임채널코리아, ,소영선,기타법인,110114-0226587,211-87-61914,"서울특별시 종로구 율곡로 6 (중학동, 트윈트리빌딩) A동 15층", ,,유선 방송업,2005-03-07,09월
라인게임즈(주),LINE Games Corporation,라인게임즈, ,"박성민, 조동현",기타법인,110111-4978007,120-87-89182,"서울특별시 강남구 테헤란로 218 1~14층(역삼동, APTower(에이피타워))",https://line.games/,,게임 소프트웨어 개발 및 공급업,2012-10-11,12월
라인게임즈 주식회사,Line Games Corporation.,라인게임즈, ,김민규,기타법인,131111-0484194,238-88-00660,"서울특별시 서초구 강남대로 479 14층 (반포동, 신논현타워)", ,,게임 소프트웨어 개발 및 공급업,2017-06-07,12월
라인넥스트 주식회사,Line Next Corporation,라인넥스트, ,고영수,기타법인,131111-0652519,688-81-02471,"경기도 성남시 분당구 분당내곡로 117 (백현동, 크래프톤타워)", ,,응용 소프트웨어 개발 및 공급업,2021-11-22,03월
라인비즈플러스 주식회사,LINE Biz Plus Corporation,라인비즈플러스, ,강재승,기타법인,131111-0385011,144-81-29418,"경기도 성남시 분당구 분당내곡로 117 (백현동, 크래프톤타워)", ,,시스템 소프트웨어 개발 및 공급업,2014-08-26,03월
라인스튜디오 주식회사,LINE Studio Corporation,라인스튜디오, ,이정원,기타법인,131111-0497816,742-88-00801,"경기도 성남시 분당구 황새울로360번길 42 (서현동, AK플라자) 13층", ,,정보서비스업,2017-11-01,12월
라인업 주식회사,LINE UP Corporation,라인업, ,이정화,기타법인,131111-0497824,789-88-00590,"경기도 성남시 분당구 황새울로359번길 11 (서현동, 미래에셋플레이스) 3층", ,,소프트웨어 개발 및 공급업,2017-11-10,12월
(주)라인엔터테인먼트,"LINE Entertainment Co., Ltd",라인엔터테인먼트, ,천정희,기타법인,110111-4516378,107-87-46929,"서울특별시 마포구 월드컵북로 375 2202(상암동, DMC이안상암1단지)", ,,방송 프로그램 제작업,2011-01-17,12월
라인파이낸셜 주식회사,LINE Financial Corporation,라인파이낸셜, ,황인준,기타법인,131111-0513365,503-88-01049,"경기도 성남시 분당구 분당내곡로 117 (백현동, 그레이츠 판교)", ,,소프트웨어 개발 및 공급업,2018-03-26,03월
라인페이플러스(주),LINE Pay Plus Corporation,라인페이플러스, ,강재승,기타법인,131111-0701085,685-87-02815,"경기도 성남시 분당구 분당내곡로 117 (백현동, 그레이츠판교(GREITSPANGYO)) 7층", ,,응용 소프트웨어 개발 및 공급업,2023-04-03,03월
라인플러스 주식회사,LINE Plus Corporation,라인플러스, ,이은정,기타법인,131111-0336030,144-81-10490,"경기도 성남시 분당구 황새울로360번길 42 (서현동, AK플라자)",line.me,,포털 및 기타 인터넷 정보매개 서비스업,2013-02-28,03월
라인플레이 주식회사,LINE PLAY Corporation.,라인플레이, ,이지호,기타법인,110111-4713164,220-88-26636,"서울특별시 강남구 테헤란로 152 (역삼동, 강남파이낸스센터) 13층", ,,소프트웨어 개발 및 공급업,2011-10-21,12월
(주)라임,"RHYME CO.,LTD",라임, ,노종호,기타법인,170111-0465022,502-86-18408,대구광역시 달서구 달구벌대로 1158 (신당동) 3층,www.rhym2.com/,,시스템 소프트웨어 개발 및 공급업,2012-07-01,12월
라임아이 주식회사,"LIMEI co., Ltd.",라임아이, ,이병갑,기타법인,110111-5498690,113-86-89080,"서울특별시 구로구 디지털로 288 705호(구로동, 대륭포스트타워1차)",www.lime-i.com/,,시스템 소프트웨어 개발 및 공급업,2014-08-25,12월
주식회사 라임에스엔씨,"LIMESNC Co., Ltd",라임에스엔씨, ,김종훈,기타법인,110111-5227172,120-88-02896,"서울특별시 금천구 벚꽃로 298 (가산동, 대륭포스트타워6차)1814호", ,,응용 소프트웨어 개발 및 공급업,2013-09-16,12월
라임정보통신(주),"LAIM I&C Co.,Ltd.",라임정보통신, ,박총,기타법인,110111-1473175,113-81-45447,서울특별시 중구 을지로5가 275-1 국영빌딩,www.laim.net,,그 외 기타 전기 통신업,1997-10-16,12월
라파앤컴퍼니(주),LAPHA&COMPANY INC.,라파앤컴퍼니, ,이범진,기타법인,110111-2266800,220-86-14908,서울특별시 강남구 삼성동 159-1 트레이드타워4201호,www.lapha.net,,시스템 소프트웨어 개발 및 공급업,2001-06-22,12월
주식회사 라포랩스,Rapport Labs,라포랩스, ,"최희민, 홍주영",기타법인,110111-7490214,848-87-01718,"서울특별시 강남구 테헤란로98길 8 (대치동, KOSMODAECHI) 6층", ,,응용 소프트웨어 개발 및 공급업,2020-05-19,12월
라프드래프트코리아주식회사,Rough Draft Korea Co. LTD,라프드래프트코리아, ,박경숙,기타법인,110111-1493694,213-86-33800,서울특별시 서초구 방배동 807-3번지, ,,잡지 및 정기간행물 발행업,1998-01-01,12월
주식회사 라프텔,Laftel Inc.,라프텔, ,박종원,기타법인,110111-8125216,535-86-02250,"서울특별시 영등포구 국제금융로 10 13층 (여의도동, 서울국제금융센터 투아이에프씨)", ,,"영화, 비디오물 및 방송프로그램 배급업",2021-12-10,12월
(주)라피치,"RAPEECH Co.,Ltd",라피치,403360,김경회,코넥스시장,110111-3334101,220-87-18861,"서울특별시 강남구 도곡로8길 6, 3층(도곡동, 지호빌딩)",www.rapeech.com,,시스템 소프트웨어 개발 및 공급업,2005-11-01,12월
주식회사 락스퀘어,"Rock Square, Inc.",락스퀘어, ,조성환,기타법인,110111-6389757,474-88-00761,서울특별시 강남구 강남대로112길 15 3층(논현동),www.rocksquare.co.kr,,모바일 게임 소프트웨어 개발 및 공급업,2017-04-28,12월
락크우드(주),lockwood llc,락크우드, ,송병권,기타법인,134511-0446680,808-81-01590,경기도 용인시 처인구 백암면 고안로51번길 136-6 (고안리), ,,"영화, 비디오물 및 방송프로그램 배급업",2020-03-30,12월
(주)락플레이스,"rockPLACE, Inc",락플레이스, ,"김재준, 김연수",기타법인,110111-3337147,120-86-88605,"서울특별시 종로구 종로33길 15 (연지동, 두산아트센터) 5층", ,,컴퓨터시스템 통합 자문 및 구축 서비스업,2005-11-04,12월
람다256 주식회사,"Lambda256 Co., Ltd",람다256, ,"정의정, 박용신",기타법인,110111-7039567,694-86-01434,"서울특별시 서초구 강남대로 369 7층 (서초동, DFTower(DF타워))",luniverse.io/?lang=ko,,컴퓨터시스템 통합 자문 및 구축 서비스업,2019-03-12,12월
래블업 주식회사,Lablup Inc.,래블업, ,신정규,기타법인,110111-5701382,864-88-00080,"서울특별시 강남구 선릉로 577 (역삼동, 조선내화빌딩) 8층",www.lablup.com/,,시스템 소프트웨어 개발 및 공급업,2015-04-20,12월
(주)래빗워크,Rabbit Walk Inc,래빗워크, ,"이중재, 김승모",기타법인,110111-4271261,211-88-39971,서울특별시 강남구 학동로5길 24 (논현동),rabbitwalks.com,,광고 영화 및 비디오물 제작업,2010-02-16,12월
주식회사 래티브,spidorcraft,래티브, ,"문지영, 유현철",기타법인,110111-7004958,522-81-01279,"서울특별시 강남구 논현로131길 20 (논현동, 에이치시하우스)", ,,응용 소프트웨어 개발 및 공급업,2019-02-01,12월
(주)랜드마크아시아,"Landmark Asia, Inc.",랜드마크아시아, ,김성우,기타법인,110111-2219411,120-86-20380,서울특별시 서초구 반포대로 43 코스모빌딩 3층 (서초동), ,,일반 영화 및 비디오물 제작업,2001-04-19,12월
(주)랩소프트,Lab Soft LTD,랩소프트, ,정석균,기타법인,110111-1402942,106-81-66880,서울특별시 광진구 구의동 54-13,http://www.labsoft.co.kr,,시스템 소프트웨어 개발 및 공급업,1997-04-15,12월
주식회사 랭크웨이브,"RANKWAVE Co., Ltd.",랭크웨이브, ,심성화,기타법인,110111-4783696,108-81-99790,"서울특별시 중구 동호로 330 (쌍림동, 씨제이제일제당센터) 7층", ,,컴퓨터 프로그래밍 서비스업,2012-02-01,12월
주식회사 러브앤드머니,LOVEANDMONEY,러브앤드머니, ,고한기,기타법인,110111-3836553,106-86-56387,"서울특별시 강남구 봉은사로67길 5 (삼성동, HJ0410)", ,,일반 영화 및 비디오물 제작업,2008-02-01,12월
(주)럭시,"luxi co.,ltd.",럭시, ,이창민,기타법인,131111-0381134,144-81-28097,"경기도 성남시 분당구 대왕판교로645번길 14 (삼평동, 네오위즈)", ,,그 외 기타 정보 서비스업,2014-07-10,12월
럭키테마닷컴,luckytheme.com,럭키테마닷컴, ,방건호,기타법인,110111-2107682,107-81-92509,서울특별시 영등포구 여의도동 한서오피스텔빌딩,www.luckytheme.com,,기타 정보기술 및 컴퓨터운영 관련 서비스업,2000-11-09,12월
(주)럭키포유,L4U Crebiz,럭키포유, ,조중연,기타법인,110111-1755581,229-81-40219,서울특별시 서초구 서초동 1425-10(효천빌딩 402호),www.L4U.co.kr,,게임 소프트웨어 개발 및 공급업,1999-08-18,12월
레드나인픽쳐스(주),REDNINEOICTURES,레드나인픽쳐스, ,유홍구,기타법인,110111-7100962,725-88-01066,"서울특별시 강남구 선릉로162길 12 (청담동, 마드레스)  3층", ,,방송 프로그램 제작업,2019-05-01,12월
(주)레드덕,REDDUCK INC,레드덕, ,오승택,기타법인,110111-3392745,120-86-92865,서울특별시 강남구 삼성1동 154-11 M타워빌딩,www.redduck.com,,게임 소프트웨어 개발 및 공급업,2006-02-01,12월
주식회사 레드독컬처하우스,"REDDOG CULTURE HOUSE Co.,Ltd",레드독컬처하우스, ,배기용,기타법인,121111-0270347,130-86-94157,"경기도 부천시 원미구 조마루로385번길 122 2604~2608호(춘의동, 삼보테크노타워)",www.reddogch.com,,애니메이션 영화 및 비디오물 제작업,2014-06-02,12월
주식회사 레드랩게임즈,"Redlab Games, Inc.",레드랩게임즈, ,신현근,기타법인,110111-7828192,204-88-02063,"서울특별시 강남구 테헤란로 416 17층 (대치동, 연봉빌딩)",www.redlabgames.net/,,모바일 게임 소프트웨어 개발 및 공급업,2021-03-24,12월
(주)레드로버,"REDROVER CO.,LTD",레드로버,060300,최윤석,기타법인,110111-1282740,113-81-38005,경기도 광주시 중앙로 78 (역동) 3층 카페24 311호,www.redrover.co.kr,,애니메이션 영화 및 비디오물 제작업,1996-06-15,12월
레드벤드소프트웨어코리아(주),Redbend Software Korea Ltd.,레드벤드소프트웨어코리아, ,에후드 다간,기타법인,110111-3613315,120-87-11097,"서울특별시 강남구 선릉로90길 36 (대치동, 미소빌딩) 6층", ,,응용 소프트웨어 개발 및 공급업,2007-02-02,12월
주식회사 레드브릭,Redbrick Inc.,레드브릭, ,중화인민공화국 양영모,기타법인,110111-6858025,636-87-01115,"서울특별시 강남구 테헤란로 427 15-101호  (삼성동, 위워크선릉2호점)",www.wizschool.io,,컴퓨터 프로그래밍 서비스업,2018-09-04,12월
(주)레드비씨,"REDBC Co.,Ltd.",레드비씨, ,최영철,기타법인,110111-2418089,215-86-19518,"서울특별시 서초구 마방로2길 44 오상빌딩 4,5층 (양재동)", ,,시스템 소프트웨어 개발 및 공급업,2002-01-10,12월
(주)레드비쥬얼,corporation RedVisual,레드비쥬얼, ,김훈,기타법인,110111-4366559,117-81-72719,"서울특별시 마포구 동교로8안길 31 (합정동, 금악빌딩)", ,,방송 프로그램 제작업,2010-06-08,12월
레드사하라스튜디오,redsaharastudio,레드사하라스튜디오, ,이지훈,기타법인,131111-0354016,144-81-17697,"경기도 성남시 분당구 분당로 55 (서현동, 분당퍼스트타워) 7층", ,,게임 소프트웨어 개발 및 공급업,2013-09-17,12월
레드아이스 스튜디오 주식회사,REDICE STUDIO INC ,레드아이스스튜디오, ,장정숙,기타법인,121111-0350868,623-87-01220,"경기도 부천시 조마루로385번길 92 (원미동, 부천테크노밸리U1center) 7층 701~712호", ,,애니메이션 영화 및 비디오물 제작업,2018-07-27,12월
주식회사 레드아이스앤컴퍼니,"Redice & Company, Inc.",레드아이스앤컴퍼니, ,하태혁,기타법인,121111-0345900,472-81-01066,"경기도 부천시 원미구 조마루로385번길 92 (원미동, 부천테크노밸리U1center)", ,,일반 영화 및 비디오물 제작업,2018-05-04,12월
주식회사 레드아이스엔터테인먼트,REDICE ENTERTAINMENT INC,레드아이스엔터테인먼트, ,한상욱,기타법인,121111-0435412,256-86-02866,서울특별시 마포구 월드컵북로2길 19 10층 (동교동), ,,"영화, 비디오물 및 방송프로그램 배급업",2022-08-08,12월
(주)레드우즈,"Redwoods Co., Ltd",레드우즈,266170,이재원,코넥스시장,110111-4339316,220-87-98832,"서울특별시 송파구 법원로 128 C동 1103-9호(문정동, 문정역SKV1)",www.redwoods.co.kr,,방송 프로그램 제작업,2010-04-28,12월
(주)레드우즈콘텐츠,"Redwoods contents Co., Ltd.",레드우즈콘텐츠, ,이재원,기타법인,141211-0129217,524-86-02610,"강원도 원주시 지정면 기업도시로 229 (가곡리, 더시티) 701호", ,,일반 영화 및 비디오물 제작업,2022-03-03,12월
(주)레디소프트,"Ready Soft co., Ltd",레디소프트, ,전선용,기타법인,110111-1736078,220-81-64460,서울특별시 강남구 역삼동 838-9 거암빌딩 3층,www.ready21.com,,시스템 소프트웨어 개발 및 공급업,1999-07-16,12월
주식회사 레디앙미디어,Redianmedia,레디앙미디어, ,조성호,기타법인,110111-3364471,107-86-72584,서울특별시 영등포구 여의도동 13-5 오성빌딩 1104호,http://redian.org,,잡지 및 정기간행물 발행업,2005-11-01,12월
주식회사 레멕아시아,REMEC ASIA PACIFIC INC.,레멕아시아, ,OH HARRY WON J,기타법인,110111-2734154,220-86-59297,서울특별시 강남구 역삼동 601-18 은성빌딩 5층,없슴,,무선 및 위성 통신업,2003-03-10,12월
주식회사레몬엔터테인먼트,LEMON ENTERTAINMENT,레몬엔터테인먼트, ,양성휘,기타법인,110111-5410222,220-88-79545,"서울특별시 금천구 가산디지털1로 137 (가산동, IT캐슬2차)1302호", ,,게임 소프트웨어 개발 및 공급업,2014-05-09,12월
주식회사 레몬헬스케어,"LEMONHEALTHCARE CO.Ltd.,",레몬헬스케어, ,홍병진,기타법인,110111-6446995,761-86-00598,"서울특별시 금천구 가산디지털1로 145 (가산동, 에이스하이엔드타워3차) 1005호",www.lemonhc.com,,응용 소프트웨어 개발 및 공급업,2017-12-01,12월
주식회사 레미제라블코리아,LES MISERABLES KOREA INC,레미제라블코리아, ,"백새미, CHUNG MARK JIWON",기타법인,110111-4837196,114-87-00557,"서울특별시 용산구 이태원로 294 (한남동, 블루스퀘어)", ,,광고 영화 및 비디오물 제작업,2012-04-04,12월
주식회사 레비데오,Revideo,레비데오, ,김태은,기타법인,110111-7828001,675-88-02023,"경기도 용인시 기흥구 강남로 8 (구갈동, 우성메디피아)9층 903-09", ,,유선 온라인 게임 소프트웨어 개발 및 공급업,2021-03-31,12월
(주)레스컴닷컴,"Lesscom.com Co., Ltd.",레스컴닷컴, ,김지훈,기타법인,110111-1704067,220-81-62235,서울특별시 강남구 삼성동 162-23 화성빌딩 4층,http://www.lesscom.com,,시스템 소프트웨어 개발 및 공급업,1999-06-01,12월
레스퍼블리카 주식회사,Respublica Inc.,레스퍼블리카, ,이승행,기타법인,180111-1204104,374-87-01046,"부산광역시 해운대구 센텀중앙로 97 A동 2801호(재송동, 센텀스카이비즈)", ,,포털 및 기타 인터넷 정보매개 서비스업,2019-03-05,12월
(주)레이더스컴퍼니,"Raiders Company Co., Ltd.",레이더스컴퍼니,047420,"윤종순, 장정호",기타법인,110111-1210436,116-81-53403,서울특별시 강남구 삼성동 142-3 엘지에클라트 B동 842호,www.raiderscompany.com,,시스템 소프트웨어 개발 및 공급업,1995-11-02,03월
레이싱조이,RacingJoy,레이싱조이, ,배치권,기타법인,110111-1873945,214-86-48664,서울특별시 서초구 서초동 1427-19 3층,http://www.racingjoy.co.kr,,데이터베이스 및 온라인정보 제공업,2000-02-10,12월
레이컬처컴퍼니(주),LEY Culture company,레이컬처컴퍼니, ,임유신,기타법인,110111-4395061,214-88-62715,서울특별시 서초구 서초동 1598-3, ,,그 외 기타 정보 서비스업,2010-07-16,12월
(주)레이콤,LACOMM.CO,레이콤, ,최원하,기타법인,184611-0033302,622-81-25076,경상남도 김해시 안동공업지구 1B-5L,www.lacomm.com,,시스템 소프트웨어 개발 및 공급업,1999-06-14,12월
(주)레인보우8,"RAINBOW8 CO.,LTD.",레인보우8, ,고광웅,기타법인,110111-5270220,110-86-08583,"서울특별시 강남구 테헤란로87길 29 3층(삼성동, MTOWER)",www.rainbow.co.kr,,시스템 소프트웨어 개발 및 공급업,2013-11-18,12월
레인비 네트워크(주),"LeinB Network Co.,Ltd",레인비네트워크, ,안주호,기타법인,110111-1827679,220-81-72408,서울특별시 영등포구 대림3동 775-4 이현B/D 302호,www.leinb.com,,데이터베이스 및 온라인정보 제공업,1999-12-04,12월
(주)레전더리스,BATTLE ENTERTAINMENT CORP.,레전더리스, ,배승익,기타법인,110111-5164580,215-87-83263,"서울특별시 강남구 테헤란로 501 (삼성동, 브이플렉스) 4층 403호", ,,시스템ㆍ응용 소프트웨어 개발 및 공급업,2013-06-21,12월
주식회사 레진엔터테인먼트,"Lezhin Entertainment, Inc.",레진엔터테인먼트, ,"허흥범, 박건원",기타법인,110111-4853291,114-87-00708,"서울특별시 성동구 연무장11길 8 (성수동2가, CORNER50)",www.lezhin.com,,데이터베이스 및 온라인정보 제공업,2012-04-24,12월
레터컴퍼니 주식회사,Letter Company Inc,레터컴퍼니, ,박인애,기타법인,110111-6646884,889-86-00902,"서울특별시 강남구 역삼로 223 (역삼동, 대사빌딩)", ,,시스템ㆍ응용 소프트웨어 개발 및 공급업,2018-02-01,12월
주식회사 레프트라이트,"Left Right Co., Ltd",레프트라이트, ,유정상,기타법인,131111-0442712,756-81-00422,"경기도 성남시 분당구 구미로9번길 10 221호 (구미동, 세종그랑시아오피스텔)",-,,교과서 및 학습서적 출판업,2016-04-25,12월
레피니티브코리아 주식회사,Refinitiv Korea Limited,레피니티브코리아, ,김석준,기타법인,110111-1195844,116-81-37515,"서울특별시 종로구 새문안로 82 (신문로1가, 에스타워) 9층", ,,데이터베이스 및 온라인정보 제공업,1995-09-14,12월
렉스소프트(주),"Rexsoft,Inc.",렉스소프트, ,김준용,기타법인,110111-1439383,116-81-65122,서울특별시 용산구 한강로3가 40-17 금영빌딩 4층,www.rexsoft.co.kr,,시스템 소프트웨어 개발 및 공급업,1997-07-12,12월
주식회사 렌딧,"Lendit Co.,Ltd.",렌딧, ,김성준,기타법인,110111-5676270,258-87-00070,"서울특별시 중구 을지로5길 19 18층 (수하동, FERRUMTOWER)", ,,소프트웨어 개발 및 공급업,2015-03-23,12월
(주)렌탈브레인,(주)Rental Brain,렌탈브레인, ,정창호,기타법인,110111-1809130,211-86-59444,서울특별시 강남구 논현동 8-2 벽은빌딩 1층,www.rentalbrain.co.kr,,시스템 소프트웨어 개발 및 공급업,1999-11-16,12월
(주)렐루게임즈,ReLU Games,렐루게임즈, ,김민정,기타법인,131111-0706522,351-87-02718,"경기도 성남시 분당구 성남대로 151 (구미동, 분당엠코헤리츠)", ,,게임 소프트웨어 개발 및 공급업,2023-06-01,12월
주식회사 렛츠,"Lets CO., LTD",렛츠, ,장영승,기타법인,110111-2644618,104-81-76494,서울특별시 중구 다88번지 동아빌딩 11층,http://www.lets.com,,데이터베이스 및 온라인정보 제공업,2002-10-31,12월
(주)로고스이넷,"LOGOS E-NET CO.,LTD.",로고스이넷, ,최중현,기타법인,110111-1193038,118-81-15273,서울특별시 영등포구 여의도동 24-2 월드비전 401호,http://www.logos-enet.com,,컴퓨터시스템 통합 자문 및 구축 서비스업,1995-09-06,12월
로고스필름(주),Logos Film Corporation,로고스필름, ,이장수,기타법인,110111-2120460,114-86-04478,"서울특별시 강남구 도산대로53길 7 (신사동, 장우빌딩)",www.logosfilm.co.kr,,"영화, 비디오물 및 방송프로그램 제작업",2000-11-30,12월
(주)로그온,"Logon co.,ltd",로그온, ,김경학,기타법인,110111-1849392,214-86-45712,서울특별시 성북구 동소문동1가 42번지 정화빌딩4층,www.logon21.com,,시스템 소프트웨어 개발 및 공급업,2000-01-11,12월
주식회사 로그인코리아,"Login Korea Co., Ltd.",로그인코리아, ,이길우,기타법인,110111-1724726,112-81-52718,서울특별시 구로구 오류동 136-53 동윤빌딩 1층,http://www.loginkorea.co.kr,,시스템 소프트웨어 개발 및 공급업,1999-06-30,12월
로드원오원 주식회사,ROAD101,로드원오원, ,권경달,기타법인,110111-6713336,599-88-01088,서울특별시 강남구 도산대로 317 2층 (신사동), ,,광고 영화 및 비디오물 제작업,2018-04-09,12월
주식회사 로드컴플릿,"LoadComplete Co., Ltd.",로드컴플릿, ,"배정현, 배수정",기타법인,135811-0174747,135-86-06323,"경기도 성남시 분당구 판교역로 225-18 301호, 401호(삼평동,이룸빌딩)", ,,모바일 게임 소프트웨어 개발 및 공급업,2009-12-11,12월
로또,lotto,로또, ,박동우,기타법인,110111-1903479,220-81-81095,서울특별시 서초구 잠원동 22-4 한영빌딩,www.lotto.co.kr,,시스템 소프트웨어 개발 및 공급업,2000-03-10,12월
주식회사로먼기술,"Steveholdings CO.,Ltd.",로먼기술, ,"박상만, 안기성",기타법인,110111-7257325,347-81-01528,"서울특별시 강남구 역삼로2길 17 2층(역삼동, 제이플러스타워)", ,,"컴퓨터 프로그래밍, 시스템 통합 및 관리업",2019-10-11,12월
주식회사 로보에테크놀로지,ROBOE TECHNOLOGIES Inc.,로보에테크놀로지, ,이상훈,기타법인,110111-7865631,299-87-02098,"서울특별시 강남구 학동로97길 30 (청담동, ADLV빌딩) 4층",www.roboe.ai/ko,,컴퓨터 프로그래밍 서비스업,2021-04-26,12월
로봇앤컴주식회사,ROBOT N COM Corp.,로봇앤컴, ,이경일,기타법인,110111-6601028,897-86-00790,"서울특별시 광진구 능동로3나길 26 1층, 102호 (자양동)", ,,컴퓨터 프로그래밍 서비스업,2018-01-01,12월
(주)로얄쏘사이어티,"ROYAL SOCIETY Co., ltd",로얄쏘사이어티, ,최광준,기타법인,110111-1959589,220-81-87008,서울특별시 강남구 역삼동 702-10 아남타워 1914,www.royalsociety.co.kr,,데이터베이스 및 온라인정보 제공업,2000-05-03,03월
(주)로이비쥬얼,"ROI VISUAL Co., Ltd.",로이비쥬얼, ,이동우,기타법인,110111-3015339,211-87-50168,"서울특별시 강남구 학동로30길 5 , 6층 (논현동,양진프라자)",https://roivisual.com/,,애니메이션 영화 및 비디오물 제작업,2004-05-19,12월
로이터코리아주식회사,Reuters Korea Inc.,로이터코리아, ,Daniel Loh(다니엘 로),기타법인,110111-0721195,106-81-47388,서울특별시 중구 태평로 1가 64-8 광화문빌딩 14층, ,,데이터베이스 및 온라인정보 제공업,1990-09-10,12월
(주)로이트,"LOIT CO., Ltd",로이트, ,김용재,기타법인,110111-0095649,120-81-12342,서울특별시 송파구 방이동 44-3 현대토픽스 20층, ,,컴퓨터시스템 통합 자문 및 구축 서비스업,1968-11-11,12월
(주)로제타시네마,"ROSETTA CINEMA CO., LTD",로제타시네마, ,김학순,기타법인,110111-4788480,105-87-67909,서울특별시 용산구 한강대로10길 17 (한강로3가), ,,일반 영화 및 비디오물 제작업,2012-02-03,12월
(유)로지소프트,Logisoft,로지소프트, ,이영수,기타법인,110114-0244050,215-86-30245,서울특별시 강남구 테헤란로 439 (삼성동) 2층, ,,응용 소프트웨어 개발 및 공급업,2002-08-09,12월
(주)로지시스,LOGISYS INC.,로지시스,067730,이호성,코스닥시장,110111-1293119,105-81-80119,서울특별시 마포구 독막로 281,www.logisys.co.kr,,기타 정보기술 및 컴퓨터운영 관련 서비스업,1996-07-04,12월
주식회사 로지올,"LOGIALL.CO.,LTD",로지올, ,최종진,기타법인,170111-0590845,573-86-00351,서울특별시 송파구 백제고분로37길 4 (석촌동) 4층,www.logiall.com,,시스템 소프트웨어 개발 및 공급업,2016-01-05,12월
주식회사 로지필드,LOGIFIELD Corp.,로지필드, ,이주배,기타법인,110111-7801974,261-81-28053,"서울특별시 강남구 테헤란로 410 (대치동, 금강타워)", ,,출판업,2021-03-05,12월
주식회사 로커스,LOCUS Corporation,로커스, ,홍성호,기타법인,110111-4095645,211-88-26855,"서울특별시 강남구 도산대로 128 (논현동, 국민연금강남회관)",www.locus.com,,애니메이션 영화 및 비디오물 제작업,2009-05-19,12월
로켓뷰(주),rocketview,로켓뷰, ,김화경,기타법인,110111-6243391,474-87-00594,"서울특별시 서초구 매헌로8길 47 (양재동, 희경재단2-3)",www.rocketview.io/,,시스템 소프트웨어 개발 및 공급업,2016-11-28,12월
(주)로크미디어,ROKMEDIA,로크미디어, ,김관영,기타법인,110111-2741216,106-86-18097,"서울특별시 마포구 마포대로 45 (도화동, 일진빌딩) 6층",blog.naver.com/rokmediabooks,,일반 서적 출판업,2003-03-19,12월
(주) 로티스,ROTIS Inc,로티스, ,이진철,기타법인,110111-1832272,206-81-19993,서울특별시 성동구 성수1가동 656-3,www.rotis.com,,그 외 기타 전기 통신업,1999-12-20,12월
주식회사 로티플,Lotiple Inc.,로티플, ,김창준,기타법인,110111-4539528,220-88-13505,"경기도 성남시 분당구 판교역로 235 (삼평동, 에이치스퀘어엔동) 6층", ,,출판업,2011-02-21,12월
(주)로팝,lopop,로팝, ,홍기수,기타법인,110111-1940538,120-86-03789,서울특별시 서초구 양재동 16-5 면화빌딩 5층,www.lopop.com,,데이터베이스 및 온라인정보 제공업,2000-04-14,12월
주식회사 로프트아일랜드,"Loft Island Co., Ltd.",로프트아일랜드, ,윤채성,기타법인,110111-8589040,820-87-02999,"서울특별시 송파구 가락로 231 (방이동, 소망빌딩)",viewtrap.com,,"자료처리, 호스팅, 포털 및 기타 인터넷 정보매개 서비스업",2023-03-22,12월
록앤올 (주),LOC&ALL.INC.,록앤올, ,김원태,기타법인,110111-4352227,220-87-99675,"경기도 성남시 분당구 판교역로 235 (삼평동, 에이치스퀘어엔동) 7층",www.locnall.com,,응용 소프트웨어 개발 및 공급업,2010-05-24,12월
롯데시네마 주식회사,"LOTTE CINEMA CO., LTD.",롯데시네마, ,차원천,기타법인,110111-6429529,463-87-00629,"서울특별시 송파구 올림픽로 269 (신천동, 롯데캐슬골드) 4층",www.lottecinema.co.kr,,영화 및 비디오물 상영업,2017-06-14,12월
롯데이노베이트(주),"LOTTE INNOVATE Co.,Ltd",롯데이노베이트,286940,김경엽,유가증권시장,110111-6557114,687-81-00785,서울특별시 금천구 가산디지털2로 179 롯데센터,www.lotteinnovate.com,,컴퓨터시스템 통합 자문 및 구축 서비스업,2017-11-02,12월
롯데컬처웍스 주식회사,"LOTTE CULTUREWORKS CO., LTD.",롯데컬처웍스, ,김종열,기타법인,110111-6768969,313-87-00979,서울특별시 송파구 올림픽로 295 (신천동) 삼성생명 18층,www.lottecinema.co.kr/,,영화 및 비디오물 상영업,2018-06-01,12월
"롯데헬스케어 주식회사(Lotte Healthcare Co.,Ltd)","Lotte Healthcare Co.,Ltd","롯데헬스케어(LotteHealthcareCo.,Ltd)", ,우웅조,기타법인,110111-8251269,736-88-02556,"서울특별시 송파구 올림픽로 300 (신천동, 롯데월드타워앤드롯데월드몰) 27층 롯데헬스케어(주)", ,,컴퓨터시설 관리업,2022-04-01,12월
주식회사 루넷,"Roonets co.,ltd",루넷, ,지광현,기타법인,110111-1914236,215-81-88887,서울특별시 송파구 신천동 7-28 3층,http//www.roonets.com,,시스템 소프트웨어 개발 및 공급업,2000-03-21,12월
주식회사 루닛,Lunit Inc.,루닛,328130,서범석,코스닥시장,160111-0354045,314-86-50626,"서울특별시 강남구 강남대로 374 4층~9층(역삼동, 케이스퀘어 강남II)",www.lunit.io,,응용 소프트웨어 개발 및 공급업,2013-08-23,12월
루덴스개발(주),"Ludensdevelopment Co., Ltd.",루덴스개발, ,김도식,기타법인,110111-4937855,264-81-01830,"서울특별시 강남구 도산대로37길 19 5층(신사동, 티엔티빌딩)", ,,소프트웨어 개발 및 공급업,2012-08-16,12월
주식회사 루디우스게임즈,LUDIUS GAMES,루디우스게임즈, ,서민석,기타법인,131111-0075815,213-87-03661,"경기도 성남시 분당구 대왕판교로644번길 12 N타워3층 (삼평동, 엔씨소프트판교R&D센터)", ,,게임 소프트웨어 개발 및 공급업,2025-02-03,12월
루멘소프트주식회사,"Lumensoft.co.,LTD",루멘소프트, ,"장만호, 한형선",기타법인,110111-3906653,211-88-13855,서울특별시 강남구 삼성동 147-17 레베쌍트빌딩 6층,www.lumensoft.co.kr,,컴퓨터시스템 통합 자문 및 구축 서비스업,2008-06-01,12월
주식회사 루시드컬러,Lucid colour,루시드컬러, ,고원석,기타법인,110111-5751692,424-87-00094,서울특별시 강남구 논현로133길 7, ,,일반 영화 및 비디오물 제작업,2015-06-12,12월
주식회사 루씨이앤티,LUCY ENT,루씨이앤티, ,전미영,기타법인,110111-8369468,164-88-02668,서울특별시 강남구 논현로76길 24 (역삼동) 5층 5174호, ,,일반 영화 및 비디오물 제작업,2022-07-19,12월
주식회사 루이웍스미디어,LUYWORKS MEDIA,루이웍스미디어, ,한율,기타법인,110111-6582070,741-86-00949,"광주광역시 동구 금남로 245 7층 709호 (금남로1가, 전일빌딩)",www.luyworks.com,,방송 프로그램 제작업,2017-11-30,12월
루컴즈씨엔에스 주식회사,lucomscns,루컴즈씨엔에스, ,최태달,기타법인,110111-2812827,107-86-37082,경기도 용인시 처인구 포곡읍 금어로 238 (금어리),lucomscns.com/,,"컴퓨터 프로그래밍, 시스템 통합 및 관리업",2003-07-02,12월
주식회사 루텍,"RUTEC CO., Ltd.",루텍, ,한정수,기타법인,110111-4517011,215-87-49339,"서울특별시 서초구 논현로 19 301호(양재동, 포엠아이빌딩)", ,,컴퓨터시스템 통합 자문 및 구축 서비스업,2011-01-18,12월
(주)루트디지텍,Root Digitech Inc.,루트디지텍, ,김석한,기타법인,110111-1732125,220-81-64077,서울특별시 서초구 서초3동 1491-14 상지리츠빌 서초5차 602호, ,,컴퓨터 프로그래밍 서비스업,1999-07-09,12월
(주)루프이칠사사,"ROOF2744 CO., LTD.",루프이칠사사, ,김영진,기타법인,110111-6487262,275-88-00636,"서울특별시 강남구 테헤란로 124 (역삼동, 삼원타워) 17층", ,,시스템 소프트웨어 개발 및 공급업,2017-08-17,12월
주식회사 루프탑게임즈,Rooftop Games Corp.,루프탑게임즈, ,최성욱,기타법인,110111-6363470,312-86-77648,"서울특별시 서초구 강남대로 479 (반포동, 신논현타워) 7층", ,,"컴퓨터 프로그래밍, 시스템 통합 및 관리업",2017-04-13,12월
(주)룬샷게임즈,Loonshot Games,룬샷게임즈, ,배형욱,기타법인,110111-0944725,315-88-03682,"서울특별시 강남구 테헤란로 231 (역삼동, 센터필드)", ,,게임 소프트웨어 개발 및 공급업,2025-12-11,12월
주식회사 룰루랩,lululab Inc.,룰루랩, ,최용준,기타법인,110111-6385250,435-88-00655,"서울특별시 강남구 도산대로 318 (논현동, SBTOWER) 13층 1,2,3,4호",www.lulu-lab.com/,,응용 소프트웨어 개발 및 공급업,2017-05-02,12월
룰루메딕 주식회사,LULUMEDIC Inc.,룰루메딕, ,김영웅,기타법인,110111-8242862,370-86-02648,"서울특별시 영등포구 국제금융로2길 37 (여의도동, S-TRENUE) 21층 2101호",www.lulumedic.com,,응용 소프트웨어 개발 및 공급업,2022-03-24,12월
룽투게임 홍콩 리미티드,LONGTUGAME HK LIMITED,룽투게임홍콩리미티드, ,양성휘,기타법인, ,039995,"서울특별시 영등포구 의사당대로 97 (여의도동, 교보증권빌딩)", ,,게임 소프트웨어 개발 및 공급업,2013-12-30,12월
(주)뤼이드,Riiid.Inc,뤼이드, ,장영준,기타법인,110111-5407568,106-87-06394,"서울특별시 강남구 테헤란로 521 (삼성동, 파르나스타워) 10층",company.riiid.co,,응용 소프트웨어 개발 및 공급업,2014-05-01,12월
주식회사 뤼튼테크놀로지스,Wrtn Technologies Inc.,뤼튼테크놀로지스, ,이세영,기타법인,110111-7851789,202-81-67042,"서울특별시 서초구 서초대로77길 17 1401~1404호, 1408호, 1412~1413호, 1415호 (서초동, BLOCK77)",wrtn.io,,응용 소프트웨어 개발 및 공급업,2021-04-13,12월
주식회사 르,RRR,르, ,"김유빈, 김민선",기타법인,110111-7394169,165-81-01800,서울특별시 강남구 도산대로67길 30 1층 (청담동),www.rrrentertainment.co.kr,,오디오물 출판 및 원판 녹음업,2020-02-10,12월
(주)리노시스템즈,Reno Systems ,리노시스템즈, ,김상연,기타법인,110111-4469238,211-88-51790,"서울특별시 송파구 송이로 145 (가락동, 리노타운)", ,,시스템ㆍ응용 소프트웨어 개발 및 공급업,2010-11-11,12월
(주)리눅스데이타시스템,Linuxdatasystem,리눅스데이타시스템, ,정정모,기타법인,110111-2591554,211-87-19599,"서울특별시 강남구 봉은사로114길 40 (삼성동, 홍선빌딩) 2층", ,,"컴퓨터 프로그래밍, 시스템 통합 및 관리업",2002-08-20,12월
(주)리더스초이스,"Leaders Choice CO.,LTD.",리더스초이스, ,이영두,기타법인,110111-1910705,220-81-80723,서울특별시 강남구 역삼동 648-23, ,,기타 정보기술 및 컴퓨터운영 관련 서비스업,2000-03-17,12월
(주)리드정보시스템,Lead Information System co.Ltd,리드정보시스템, ,천종철,기타법인,191111-0018933,613-81-20062,경상남도 진주시 가좌동 780 연암공대 창업보육센타 311호,www.leadinfo.co.kr,,시스템 소프트웨어 개발 및 공급업,2000-01-24,12월
(주)리드포인트시스템,Lead Point System,리드포인트시스템, ,백은주,기타법인,110111-4009787,107-87-15130,전북특별자치도 전주시 덕진구 오공로 123 (만성동) 608호,www.leadpoint.co.kr,,컴퓨터시설 관리업,2008-12-05,12월
리디 주식회사,Ridi Corporation,리디, ,배기식,기타법인,110111-3870098,120-87-27435,서울특별시 강남구 테헤란로 325 어반벤치빌딩 10층 (역삼동),ridicorp.com,,응용 소프트웨어 개발 및 공급업,2008-03-31,12월
주식회사 리로디드스튜디오,"Reloaded Studios, Inc",리로디드스튜디오, ,조기용,기타법인,110111-3708075,215-87-04405,서울특별시 송파구 오금로13길 3-11 한길빌딩 5층 (방이동),www.reloadedstudios.com,,게임 소프트웨어 개발 및 공급업,2007-06-28,12월
(주) 리멤버앤컴퍼니,"Drama & Company Co., Ltd.",리멤버앤컴퍼니, ,최재호,기타법인,110111-4922939,211-88-81111,"서울특별시 강남구 테헤란로79길 6 (삼성동, 제이에스타워) 6층", ,,정보서비스업,2012-07-23,12월
주식회사 리버스,RIVERSE INC.,리버스, ,손지연,기타법인,110111-7513884,301-86-34805,"서울특별시 금천구 가산디지털1로 171 4층 412,413호(가산동, 가산에스케이브이원센터)", ,,애니메이션 영화 및 비디오물 제작업,2019-01-01,12월
리본게임즈(주),"Reborn Games Co.,Ltd",리본게임즈, ,최인우,기타법인,110111-4082808,214-88-40915,"서울특별시 구로구 디지털로30길 28 (구로동, 마리오타워) 6층",www.reborngames.co.kr,,출판업,2009-04-22,12월
(주)리빙티브이,"LIVING TV CO., LTD",리빙티브이, ,윤명수,기타법인,110111-0702270,211-81-62717,서울특별시 강남구 역삼동 747-29, ,,프로그램 공급업,1990-05-31,12월
주식회사 리스너,"LISNER Co.,Ltd.",리스너, ,"최성천, 김원",기타법인,110111-6084365,367-87-00428,"서울특별시 강남구 선릉로93길 27 9층 (역삼동, 아름빌딩)", ,,시스템 소프트웨어 개발 및 공급업,2016-06-09,12월
(주)리아모어소프트,"RiaMore Soft Co.,Ltd",리아모어소프트, ,심재홍,기타법인,110111-3818080,105-87-15982,"서울특별시 영등포구 영신로 220 (영등포동8가, KnK디지털타워) 611호",www.riamore.net,,응용 소프트웨어 개발 및 공급업,2008-01-07,12월
리얼네트웍스아시아퍼시픽 (주),"RealNetworks Asia Pacific Co.,Ltd.",리얼네트웍스아시아퍼시픽, ,이동진,기타법인,110111-1998701,104-81-54506,서울특별시 서대문구 충정로3가 케이원리트빌딩14층~17층,http://www.widerthan.com,,기타 정보기술 및 컴퓨터운영 관련 서비스업,2000-06-16,12월
리얼라이즈픽쳐스(주),Realies Pictures Co.ltd,리얼라이즈픽쳐스, ,원동연,기타법인,110111-3383364,211-87-76590,서울특별시 중구 퇴계로36나길 10 (필동2가), ,,일반 영화 및 비디오물 제작업,2006-01-18,12월
(주)리얼 시스템 코리아,"REAL SYSTEM KOREA co.,ltd",리얼시스템코리아, ,이경민,기타법인,110111-1829964,114-81-93317,서울특별시 서초구 잠원동 42-5 대원B/D 201호 2F,www.rskore.com,,컴퓨터시스템 통합 자문 및 구축 서비스업,1999-12-17,12월
(주)리얼커뮤니케이션,Real Communication,리얼커뮤니케이션, ,이광노,기타법인,110111-1782336,120-81-94136,서울특별시 강남구 삼성동 168 삼성빌딩 304-4,http://www.realbiz.co.kr,,시스템 소프트웨어 개발 및 공급업,1999-10-04,12월
(주)리얼타임웨이브,"REALTIMEWAVE CO.,LTD",리얼타임웨이브, ,하경탁,기타법인,110111-2615445,108-81-56942,"경기도 성남시 분당구 판교역로 240 , 에이동 710호(삼평동,삼환하이펙스)", ,,시스템 소프트웨어 개발 및 공급업,2002-09-25,12월
리얼텔레콤(주),Real Telecom Corp.,리얼텔레콤, ,백원장,기타법인,110111-1299505,229-81-19002,서울특별시 강남 삼성 143-40 오렌지타워 7.8층, ,,무선 및 위성 통신업,1996-07-19,12월
리치앤타임 주식회사,"Rich&Time Co.,Ltd.",리치앤타임, ,정용호,기타법인,110111-2532293,107-86-18241,"경상남도 창원시 성산구 원이대로 320 202호 (대원동, 더시티세븐)",www.rntime.com,,"컴퓨터 프로그래밍, 시스템 통합 및 관리업",2002-05-25,12월
주식회사 리치커뮤니케이션즈,richcommunication,리치커뮤니케이션즈, ,장대용,기타법인,110111-4052629,211-88-24051,서울특별시 강남구 테헤란로 325 어반벤치빌딩 12층(역삼동), ,,데이터베이스 및 온라인정보 제공업,2009-03-02,12월
주식회사 리치케이블코리아,REACH CABLE KOREA LIMITED,리치케이블코리아, ,람캉퐁,기타법인,110111-2306531,120-86-25162,"서울특별시 서초구 서초대로 396 16층, (서초동, 강남빌딩)",none,,유선 통신업,2001-08-10,12월
(주)리코시스,"Reakosys,Inc.",리코시스, ,이창근,기타법인,110111-2148339,120-86-16116,서울특별시 강남구 삼성동 142-39 태양빌딩 9층,www.reakosys.com,,시스템 소프트웨어 개발 및 공급업,2001-01-11,12월
주식회사 리턴제로,Return Zero Inc.,리턴제로, ,이참솔,기타법인,110111-6702157,436-87-01005,"서울특별시 서초구 강남대로 343 (서초동, 신덕빌딩) 8층", ,,소프트웨어 개발 및 공급업,2018-03-28,12월
리테일네트워킹주식회사,"RETAIL NETWORKING CO.,LTD.",리테일네트워킹, ,이부경,기타법인,110111-1494006,113-81-46086,서울특별시 서초구 서초동 1536-6 진석빌딩 7층,WWW.RNET.CO.KR,,컴퓨터시스템 통합 자문 및 구축 서비스업,1997-12-15,12월
(주)리테일테크,"RetailTech Co., Ltd.",리테일테크, ,안재명,기타법인,110111-2816481,117-81-46093,"경기도 성남시 수정구 고등로2길 5 (고등동, 안단테)",www.retailtech.co.kr,,시스템 소프트웨어 개발 및 공급업,2003-07-09,12월
리텍커런시주식회사,"Ritech currency co., ltd",리텍커런시, ,김기원,기타법인,110111-1864861,110-81-44527,서울특별시 서대문구 충정로3가 463번지 해동화재보험빌딩 2층,www.ritech.co.kr,,데이터베이스 및 온라인정보 제공업,2000-01-27,12월
주식회사 리트빅,Litbig Inc.,리트빅, ,이인섭,기타법인,134111-0218912,138-81-74219,"경기도 성남시 분당구 판교로228번길 17 이렌텍동 6층 (삼평동, 판교세븐벤처밸리2)", ,,시스템 소프트웨어 개발 및 공급업,2012-03-29,12월
(주)리틀빅픽쳐스,little big pictures,리틀빅픽쳐스, ,권지원,기타법인,110111-5160877,201-86-33641,서울특별시 중구 충무로13길 10 엘크루메트로시티 611호, ,,"영화, 비디오물 및 방송프로그램 배급업",2013-06-18,12월
주식회사 리파인,"REFINE Co., Ltd.",리파인,377450,서호성,코스닥시장,110111-2564478,120-86-40033,서울특별시 송파구 송파대로49길 41 -,www.refine.co.kr,,데이터베이스 및 온라인정보 제공업,2002-07-10,12월
주식회사 리플포유,ripple4y,리플포유, ,황춘일,기타법인,110111-5400926,220-88-78420,"서울특별시 강남구 밤고개로1길 10 13층 23호 (수서동, 수서현대벤쳐빌)", ,,소프트웨어 개발 및 공급업,2014-04-25,12월
링구아포럼(주),"Linguaforum Co.,Ltd",링구아포럼, ,김성수,기타법인,110111-1958466,101-81-57372,서울특별시 종로구 평창동 66-38 1층, ,,출판업,2000-05-02,03월
(주)링네트,"RingNet Co., Ltd.",링네트,042500,"이주석, 이정민 (각자대표)",코스닥시장,110111-1927958,113-81-60244,"서울특별시 구로구 디지털로33길 28 1001호 (구로동, 우림이비지센터 1차 10층)",www.ringnet.co.kr,,컴퓨터시스템 통합 자문 및 구축 서비스업,2000-04-01,12월
링크나인,LinkNine,링크나인, ,나형욱,기타법인,131111-0478270,844-81-00471,"경기도 성남시 분당구 장미로 42 (야탑동, 야탑리더스) 3층 303호", ,,시스템 소프트웨어 개발 및 공급업,2017-04-03,12월
(주)링크제니시스,"Linkgenesis Co., Ltd.",링크제니시스,219420,정성우,코스닥시장,110111-2914459,119-81-70245,"경기도 안양시 동안구 시민대로 401, 319호(관양동, 대륭테크노타운15차)",www.linkgenesis.co.kr,,응용 소프트웨어 개발 및 공급업,2003-12-12,12월
링크투모로우 주식회사,"Link Tomorrow CO., Ltd",링크투모로우, ,이길형,기타법인,110111-4324581,220-87-97930,"서울특별시 강남구 삼성로85길 26 (대치동, V&S) 8층",-,,소프트웨어 개발 및 공급업,2010-04-01,12월
주식회사 링키지랩,"LINKAGE LAB Co., Ltd.",링키지랩, ,박대영,기타법인,110111-5980316,235-88-00278,"서울특별시 성동구 성수일로6길 33 (성수동2가, 아연디지털타워) 3층", ,,포털 및 기타 인터넷 정보매개 서비스업,2016-02-22,12월
마곡오피스제일차 주식회사,-,마곡오피스제일차, ,이미희,기타법인,110111-6841541,223-87-01170,"서울특별시 종로구 새문안로 68 (신문로1가, 흥국생명빌딩)", ,,"컴퓨터 프로그래밍, 시스템 통합 및 관리업",2018-08-13,12월
(주)마그넷,MMAGNET Corp.,마그넷, ,김소희,기타법인,110111-5488740,114-87-19717,"서울특별시 서초구 남부순환로289길 5 (방배동, 삼영빌딩) 101호",없음,,소프트웨어 개발 및 공급업,2014-08-12,12월
(주)마니네트웍,MANI NETWORK CO.LTD.,마니네트웍, ,허승표,기타법인,110111-0855647,116-81-51666,서울특별시 구로구 구로동 197-17 에이스테크노타워 501,WWW.MANINET.COM,,컴퓨터시스템 통합 자문 및 구축 서비스업,1992-05-01,12월
(주)마더텅,MotherTongue Co.Ltd,마더텅, ,문숙영,기타법인,110111-2204438,110-81-50562,"서울특별시 금천구 가마산로 96 (가산동, 대륭테크노타운8차) 708호", ,,서적 출판업,2001-03-29,12월
마드라스체크 주식회사,"Madras Check Co., Ltd.",마드라스체크, ,이학준,기타법인,110111-5878256,189-87-00172,"서울특별시 영등포구 영신로 220 (영등포동8가, KnK디지털타워) 1408호, 1409호, 1410호, 1411호, 1412호",www.flow.team,,응용 소프트웨어 개발 및 공급업,2015-11-02,12월
주식회사 마로테크,"MAROTECH,INC.",마로테크, ,서정화,기타법인,110111-1013096,208-81-16880,서울특별시 서초구 서초동 1327-33 비트빌 4층,http://www.marotech.co.kr/,,컴퓨터시스템 통합 자문 및 구축 서비스업,1994-03-01,12월
마브렉스 주식회사,MARBLEX Inc.,마브렉스, ,정용,기타법인,110111-8183115,662-88-02406,"서울특별시 구로구 디지털로26길 38 (구로동, G-Tower) 12층", ,,"컴퓨터 프로그래밍, 시스템 통합 및 관리업",2022-01-27,12월
(주)마상소프트,Masangsoft Inc.,마상소프트, ,강삼석,기타법인,110111-2933285,220-86-77941,"부산광역시 해운대구 센텀서로 30 19층(우동, 케이엔엔타워)",www.masangsoft.com,,게임 소프트웨어 개발 및 공급업,2004-01-10,12월
(주)마음에이아이,"MAUM.AI, INC.",마음AI,377480,유태준,코스닥시장,160111-0362866,314-86-55446,"경기도 성남시 수정구 창업로40번길 30 4층(시흥동, 판교IT센터)",maum.ai,,응용 소프트웨어 개발 및 공급업,2014-01-08,12월
(주)마이다스아이티,MIDAS IT,마이다스아이티, ,정승식,기타법인,131111-0052834,129-81-36924,경기도 성남시 분당구 판교로228번길 17,www.midasit.com,http://www.midasit.com,시스템 소프트웨어 개발 및 공급업,2000-09-01,12월
(주)마이다스인,"MIDAS In Co.,Ltd.",마이다스인, ,신대석,기타법인,131111-0581015,817-87-01669,"경기도 성남시 분당구 판교로228번길 17 (삼평동, 판교세븐벤처밸리2)", ,,컴퓨터 프로그래밍 서비스업,2020-02-03,12월
마이다스텍, ,마이다스텍, ,전광만,기타법인,110111-1047110,106-81-48674,서울특별시 용산구 한강로3가 40-171, ,,컴퓨터시스템 통합 자문 및 구축 서비스업,1994-06-01,12월
(주)마이디지털,"Mydigital Co., Ltd.",마이디지털, ,신재호,기타법인,110111-1735872,104-81-46501,서울특별시 동대문구 신설동 102-4 청암빌딩 4층, ,,포털 및 기타 인터넷 정보매개 서비스업,1999-08-01,12월
(주)마이에스크로,myescrow,마이에스크로, ,박순문,기타법인,110111-1963465,117-81-28625,서울특별시 양천구 목1동917-6 인터넷비즈니스센터 1305호,myescrow.co.kr,,기타 정보기술 및 컴퓨터운영 관련 서비스업,2000-05-09,12월
주식회사 마이에트엔터테인먼트,"MAIET entertainment, Inc.",마이에트엔터테인먼트, ,조중필,기타법인,110111-1748297,211-86-55453,서울특별시 강남구 논현동 16-44번지 컴셀빌딩 3층,www.maietgames.com,,기타 게임 소프트웨어 개발 및 공급업,1999-08-05,12월
주식회사 마이지놈박스,"MyGenomeBox Co.,Ltd",마이지놈박스, ,박영태,기타법인,120111-0789315,861-87-00158,"인천광역시 연수구 송도과학로16번길 13-18 (송도동, 송도건원테크노큐브) 806호",www.mygenomebox.com,,응용 소프트웨어 개발 및 공급업,2015-11-11,12월
주식회사 마이체크업,"MY CHECKUP CO., Ltd",마이체크업, ,김경곤,기타법인,110111-7118874,213-86-42314,"서울특별시 양천구 안양천로 1071 (목동, 이화여대목동병원) 의학관 비동 704호,706호",www.mycheckup.co.kr,,데이터베이스 및 온라인정보 제공업,2019-05-24,12월
(주)마이크로스피델리오코리아,"Micros Fidelio Korea Co., Ltd",마이크로스피델리오코리아, ,김동식,기타법인,110111-1853385,120-81-98281,"서울특별시 종로구 삼일대로 469 3층 (경운동, 서원빌딩)",www.micros-fidelio.co.kr,,컴퓨터시스템 통합 자문 및 구축 서비스업,2000-01-18,06월
주식회사 마이크로프로텍트,Microprotect Inc.,마이크로프로텍트, ,권상민,기타법인,110111-7170452,146-86-01731,서울특별시 금천구 가산디지털2로 35 6층 지엔텍잔카드림타워(가산동), ,,"컴퓨터 프로그래밍, 시스템 통합 및 관리업",2019-07-12,12월
마이클럽닷컴코리아(주),"miclub.com Korea, Ltd.",마이클럽닷컴코리아, ,이철승,기타법인,110111-1846942,104-81-49570,서울특별시 강남구 논현동 202번지 코너빌딩 4층,http://www.miclub.com,,데이터베이스 및 온라인정보 제공업,2000-01-08,12월
주식회사 마이티넷,"Mighty Net Co., Ltd.",마이티넷, ,김경근,기타법인,110111-1894438,215-81-87777,서울특별시 강남구 삼성동 109-17 현대빌딩 7층,www.mightynet.net,,컴퓨터시스템 통합 자문 및 구축 서비스업,2000-03-02,12월
(주)마이플랜,"Myplan co., Inc",마이플랜, ,김도석,기타법인,110111-1752769,220-81-65552,서울특별시 강남구 역삼1동 668-9 해석빌딩3층, ,,시스템 소프트웨어 개발 및 공급업,1999-08-16,12월
(주)마이하우스,MYHOUSE,마이하우스, ,김원재,기타법인,115911-0030115,128-81-50466,경기도 고양시 일산구 마두동 1010번지 한국통신 벤처센타 407호,www.myhouse.co.kr,,시스템 소프트웨어 개발 및 공급업,2000-07-08,12월
마인드노크(주),"Mindknock Co.,Ltd",마인드노크, ,이재원,기타법인,110111-6638873,824-86-00910,"서울특별시 관악구 남부순환로 1926 (봉천동, 경동제약빌딩)", ,,컴퓨터 프로그래밍 서비스업,2018-01-23,12월
주식회사 마인드마크,MINDMARK INC.,마인드마크, ,김현우,기타법인,110111-7467130,141-87-01844,서울특별시 강남구 선릉로162길 35 (청담동), ,,"영화, 비디오물 및 방송프로그램 제작 관련 서비스업",2020-04-27,12월
주식회사 마인드웨어웤스,"MindwareWorks Co., Ltd.",마인드웨어웤스, ,이재인,기타법인,110111-4346907,105-87-44546,"서울특별시 마포구 월드컵북로12길 19 2층 (성산동, 대성빌딩)",https://mindwareworks.com/,,소프트웨어 개발 및 공급업,2010-05-11,12월
주식회사 마인드크립션,MindCryption Inc.,마인드크립션, ,조민현,기타법인,110111-6451895,619-87-00649,"서울특별시 강남구 테헤란로 238 (역삼동, 대봉빌딩) 5층", ,,소프트웨어 개발 및 공급업,2017-07-05,12월
주식회사 마인소프트,MineSoft,마인소프트, ,박희완,기타법인,110111-1751349,211-86-55394,서울특별시 서초구 서초동 1319-11 두산베어스텔 803,www.boombo.com,,데이터베이스 및 온라인정보 제공업,1999-08-11,12월
주식회사 마일로,mylo,마일로, ,"박아름, 이홍석",기타법인,160111-0604119,704-81-02337,"충청남도 아산시 배방읍 광장로 177-10 1동 301호 (장재리, 펜타폴리스)", ,,시스템 소프트웨어 개발 및 공급업,2021-09-10,12월
마일로스(주),MYLOS Inc.,마일로스, ,김길연,기타법인,200111-0468269,348-86-00513,광주광역시 동구 금남로 193-22 (금남로4가) 2층, ,,데이터베이스 및 온라인정보 제공업,2016-07-25,12월
주식회사 마케팅이즈,marketingis,마케팅이즈, ,김정환,기타법인,110111-4978437,206-86-70618,서울특별시 광진구 천호대로 676 7층 (구의동),marketing-is.co.kr/,,포털 및 기타 인터넷 정보매개 서비스업,2012-10-12,12월
주식회사 마켓보로,marketboro,마켓보로, ,임사성,기타법인,110111-6002903,479-86-00423,"경기도 성남시 분당구 판교로 323 (삼평동, 벤처포럼벤처타워) 8층",marketboro.com/,,시스템 소프트웨어 개발 및 공급업,2016-03-25,12월
주식회사 마크비전코리아,Marq Vision Korea Inc.,마크비전코리아, ,이인섭,기타법인,110111-7321344,490-81-01666,"서울특별시 서초구 서초대로77길 55 (서초동, 에이프로스퀘어) 8층", ,,응용 소프트웨어 개발 및 공급업,2019-12-12,12월
주식회사 마크애니,MarkAny Inc.,마크애니, ,최종욱,기타법인,110111-1651218,101-81-47345,서울특별시 중구 쌍림동 151-11,www.markany.com,,시스템 소프트웨어 개발 및 공급업,1999-02-13,12월
주식회사 마키나락스,"MakinaRocks Co., Ltd",마키나락스, ,"윤성호, 이재혁",기타법인,110111-6605856,441-86-01015,"서울특별시 서초구 강남대로 343 (서초동, 신덕빌딩) 12F",www.makinarocks.ai/,,컴퓨터 프로그래밍 서비스업,2017-12-21,12월
(주)마하인더스트리, ,마하인더스트리, ,김영철,기타법인,161511-0053507,312-81-59039,충청남도 천안시 병천면 가전리 177-12, ,,일반 영화 및 비디오물 제작업,1999-05-02,12월
주식회사 만나코퍼레이션,MANNA CORPORATION,만나코퍼레이션, ,조양현,기타법인,110111-5405116,113-86-84260,"서울특별시 구로구 경인로 662 (신도림동, 디큐브시티) 37층",www.manna-corp.com,,포털 및 기타 인터넷 정보매개 서비스업,2014-05-08,12월
(주)만나플래닛,manna planet,만나플래닛, ,조양현,기타법인,110111-6034112,140-88-00325,"서울특별시 구로구 경인로 661 (신도림동, 신도림1차푸르지오) 101동 1401호", ,,응용 소프트웨어 개발 및 공급업,2016-04-15,12월
(주)만남과축복, ,만남과축복, ,김성준,기타법인,110111-2154344,105-86-20983,서울특별시 종로구 숭인동 1404 타임빌딩 502,www.myrose.biz,,데이터베이스 및 온라인정보 제공업,2001-01-18,12월
(주) 만화가족,TOONS FAMILY,만화가족, ,김동우,기타법인,110111-5524297,261-81-18972,"서울특별시 중구 퇴계로20길 32 4층 402호(남산동2가, 사보이빌딩)",toons.kr,,기타 인쇄물 출판업,2014-09-26,12월
(주)말문이터지는영어,super speaking english,말문이터지는영어, ,류일윤,기타법인,110111-2296542,220-86-17773,경기도 파주시 교하읍 문발리 출판문화정보산업단지 534-2, ,,일반 서적 출판업,2001-07-28,12월
주식회사 맘모식스,"MAMMOSSIX Co . , Ltd",맘모식스, ,유철호,기타법인,134111-0400832,138-86-01332,"대구광역시 북구 호암로 51 (침산동) 4층, 대구창조경제혁신센터",www.mammo6.com/,,모바일 게임 소프트웨어 개발 및 공급업,2015-01-05,12월
(주)망고앱스,MANGOAPPS CO.LTD,망고앱스, ,정윤영,기타법인,110111-4412831,105-87-47655,서울특별시 구로구 디지털로26길 72 서울시창업지원센터 30 (구로동),www.mangoapps.co.kr/,,게임 소프트웨어 개발 및 공급업,2010-08-13,12월
(주)매경에이엑스,Maekyung AX,매경에이엑스, ,김명수,기타법인,110111-1787617,201-81-25980,"서울특별시 중구 퇴계로 190 매경미디어센터 8층, 매경에이엑스",www.mk.co.kr,,데이터베이스 및 온라인정보 제공업,1999-10-12,12월
주식회사 매그넘빈트,magnumvint,매그넘빈트, ,이형주,기타법인,110111-4363753,220-88-00636,"서울특별시 강남구 강남대로132길 55 (논현동, 엠브이타워) 2층,6층",www.magnumvint.com,,컴퓨터 프로그래밍 서비스업,2010-05-15,12월
(주)매드나인,MAD9,매드나인, ,김희정,기타법인,110111-1633109,118-81-19696,경기도 부천시 원미구 심곡동 383-1,www.MAD9.com,,영화관 운영업,1999-01-13,12월
(주) 매드스마트,"Madsmart, Inc.",매드스마트, ,김창하,기타법인,110111-4560424,120-87-65967,서울특별시 강남구 역삼동 696-36 유림빌딩 2층, ,,응용 소프트웨어 개발 및 공급업,2011-03-21,12월
주식회사 매드업,Madup Inc.,매드업, ,"이주민, 이동호",기타법인,110111-5628156,119-87-06634,"서울특별시 서초구 서초대로74길 4 (서초동, 삼성생명서초타워) 20층", ,,응용 소프트웨어 개발 및 공급업,2015-02-03,12월
주식회사 매드엔진, MADNGINE Inc.,매드엔진, ,"이정욱, 손면석",기타법인,131111-0614402,217-86-01902,경기도 성남시 분당구 대왕판교로644번길 49 위메이드 타워 5층,www.madngine.com/webdev2022/,,모바일 게임 소프트웨어 개발 및 공급업,2022-12-14,12월
주식회사 매사,"MESA CO., LTD.",매사, ,강종효,기타법인,110111-5308609,109-86-45502,"서울특별시 영등포구 선유로49길 23 (양평동4가, 선유도역2차아이에스비즈타워) 1001,1107,1108호",www.mesa.kr,,컴퓨터시스템 통합 자문 및 구축 서비스업,2014-01-07,12월
(주)매스메스에이지,MassMessAge,매스메스에이지, ,박명천,기타법인,110111-1374547,120-81-71147,서울특별시 강남구 논현동 30-6, ,,광고 영화 및 비디오물 제작업,1997-02-05,12월
(주)매스엔닷컴,mathn.com,매스엔닷컴, ,안재찬,기타법인,110111-1819139,214-86-42898,서울특별시 서초구 양재동 275-6 삼호물산빌딩 B동4층,www.mathn.com,,그 외 기타 전기 통신업,1999-12-01,12월
매스웍스코리아 유한회사,Mathworks Korea LLC,매스웍스코리아, ,이종민,기타법인,110114-0045953,120-86-60062,"서울특별시 강남구 테헤란로 521 (삼성동, 파르나스타워 14층)", ,,응용 소프트웨어 개발 및 공급업,2017-12-11,12월
(주)매스프레소,Mathpresso Inc.,매스프레소, ,"이종흔, 이용재",기타법인,110111-5740992,381-87-00138,서울특별시 강남구 선릉로 428 (대치동) 위워크 선릉 3호점 17층,mathpresso.com/ko,,응용 소프트웨어 개발 및 공급업,2015-06-03,12월
매일경제신문사,MAEIL BUSINESS NEWSPAPER,매일경제신문사, ,장승준,기타법인,110111-0046808,203-81-08444,"서울특별시 중구 퇴계로 190 (필동1가, 매경미디어센터)",www.mk.co.kr,,신문 발행업,1964-09-21,12월
(주)매일경제티브이,Maeil Business TV,매일경제티브이, ,장용수,기타법인,110111-4689836,201-86-23124,"서울특별시 중구 퇴계로 190 (필동1가, 매경미디어센터)", ,,유선 방송업,2011-09-20,12월
(주)매일방송,Maeil Broadcasting Network(MBN),매일방송, ,이동원,기타법인,110111-0974794,203-81-53328,서울특별시 중구 퇴계로 190 매경미디어센터,www.mbn.co.kr,,프로그램 공급업,1993-09-23,12월
주식회사 매일신문사,The Maeil Shinmun,매일신문사, ,정창룡,기타법인,170111-0000480,501-81-01501,"대구광역시 중구 서성로 20 (계산동2가, 대구매일신문사,대구은행계산동지점)",news.imaeil.com/,,신문 발행업,1950-12-15,12월
주식회사 매일신문인쇄,"Maeil N.P co.,LTD",매일신문인쇄, ,김영석,기타법인,110111-3473107,119-81-90144,충청남도 천안시 북면 연춘리 237, ,,잡지 및 정기간행물 발행업,2006-06-12,06월
(주)매지링크,"Magilink Co., Ltd.",매지링크, ,민순기,기타법인,110111-1148760,211-86-36062,서울특별시 강남구 테헤란로 328 7층, ,,유선 방송업,1995-04-17,12월
(주)매직스,"Magics Co.,Ltd",매직스, ,신호철,기타법인,110111-1257595,120-81-60219,"서울특별시 강남구 강남대로 382 (역삼동, 메리츠타워) 1814호", ,,유선 온라인 게임 소프트웨어 개발 및 공급업,1996-04-03,12월
(주)매직앤드림,MAGICANDDREAM.CO.LTD,매직앤드림, ,이주한,기타법인,110111-2034760,214-86-64887,서울특별시 서초구 서초동 1338-21 코리아비즈니스센터 1918호,www.magicndream.com,,시스템 소프트웨어 개발 및 공급업,2000-07-26,01월
(주)매커스시스템즈,Makus Systems Inc.,매커스시스템즈, ,신동철,기타법인,110111-5178622,264-81-18520,서울특별시 서초구 마방로4길 16-15 (양재동) 서흥빌딩 2층,makus.com,,컴퓨터시스템 통합 자문 및 구축 서비스업,2013-07-01,12월
(주)매크로이십일,"Macro21 Co.,Ltd",매크로이십일, ,김복수,기타법인,110111-1712846,214-86-33818,서울특별시 서초구 양재동,www.macro21.com,,데이터베이스 및 온라인정보 제공업,1999-06-15,12월
(주)매터스인류크,matters in liukh,매터스인류크, ,유광굉,기타법인,110111-3932757,211-88-15590,서울특별시 강남구 학동로23길 49 (논현동), ,,광고 영화 및 비디오물 제작업,2008-07-10,12월
(주)매트릭스투비,"Matrix2B Co.,Ltd",매트릭스투비, ,한학희,기타법인,110111-0525886,101-81-23659,서울특별시 구로구 구로3동 222-12,www.matrix2b.com,,시스템 소프트웨어 개발 및 공급업,1987-04-01,03월
(주)맥서러씨,MAXURACY.CO.LTD,맥서러씨, ,김현진,기타법인,110111-2589723,119-81-59274,"서울특별시 강남구 논현로18길 11 6층 (개포동, 제일빌딩)",www.maxuracy.com,,게임 소프트웨어 개발 및 공급업,2002-08-20,12월
(주)맥스미디어코리아,MAXMEDIA KOREA,맥스미디어코리아, ,유성경,기타법인,110111-1600596,120-81-84171,서울특별시 강남구 논현동 202-5 영화빌딩 4층,www.softroad.co.kr,,시스템 소프트웨어 개발 및 공급업,1998-11-11,12월
(주)맥스소프트,"MAXSOFT CO.,LTD.",맥스소프트, ,박영운,기타법인,110111-1758163,217-81-16467,서울특별시 강남구 역삼동 679-5 서울벤처타운1006호,http://www.maxsoft.co.kr,,시스템 소프트웨어 개발 및 공급업,1999-08-23,12월
주식회사 맥스포츠티비,"Maxportstv Co.,Ltd.",맥스포츠티비, ,"김봉주, 안지환",기타법인,110111-8757126,504-88-02736,서울특별시 강서구 방화대로21길 72 7층(공항동),maxports.kr/,,유선 방송업,2023-10-04,12월
(주)맨텍,mantech,맨텍, ,김형일,기타법인,110111-0651350,229-81-11674,서울특별시 성동구 성수동2가 308-4 서울숲 코오롱디지탈타워12층,www.mantech.co.kr,,시스템 소프트웨어 개발 및 공급업,1989-09-29,12월
주식회사 맨텍솔루션,Mantech Solution Inc.,맨텍솔루션, ,"김형일, 김윤원",기타법인,110111-8652102,819-86-03079,"서울특별시 성동구 성수일로4길 25 (성수동2가, 서울숲코오롱디지털타워) 12층", ,,소프트웨어 개발 및 공급업,2023-06-01,12월
(주)맵퍼스,"Mappers Co., Ltd.",맵퍼스, ,김명준,기타법인,110111-3542829,215-86-90506,"서울특별시 송파구 오금로 182 (송파동, M&SPLAZA)",www.mappers.kr,,응용 소프트웨어 개발 및 공급업,2006-10-16,12월
(주)머니스팟,"Moneyspot Co., Ltd.",머니스팟, ,윤석부,기타법인,110111-2037003,105-86-15423,서울특별시 마포구 서교동 규수당빌딩 9층,www.moneyspot.co.kr,,기타 정보기술 및 컴퓨터운영 관련 서비스업,2000-07-27,12월
머니텐홈쇼핑(주),"MONEY10 HS CO,.LTD",머니텐홈쇼핑, ,유덕영,기타법인,110111-1813579,107-81-73365,서울특별시 영등포구 여의도동 17-8 동성빌딩 6층,www.bbcn.co.kr/www.money10.co.kr,,데이터베이스 및 온라인정보 제공업,1999-11-23,12월
주식회사 머니투데이,"MONEY TODAY Co., Ltd.",머니투데이, ,강호병,기타법인,110111-8784434,762-86-02890,"서울특별시 종로구 청계천로 11 (서린동, 청계한국빌딩), 6층", ,,신문 발행업,2023-11-02,12월
주식회사 머니투데이방송,Money Today Network,머니투데이방송, ,유승호,기타법인,110111-2239899,107-86-00057,"서울특별시 영등포구 의사당대로 82 (여의도동, 하나금융투자빌딩)",www.mtn.co.kr,,프로그램 공급업,2001-05-16,12월
(주)머린,MRELIN Company,머린, ,정성욱,기타법인,110111-1897929,214-86-51005,서울특별시 서초구 서초동 1599-11 리더스 빌딩 1201호,www.merlin21.com,,데이터베이스 및 온라인정보 제공업,2000-03-06,12월
주식회사 머큐리아이피테크,MERCURY IP TECH,머큐리아이피테크, ,강성혁,기타법인,110111-6129575,359-86-00468,"서울특별시 강남구 논현로 503 5층 548-1호(역삼동, 송촌빌딩)", ,,시스템 소프트웨어 개발 및 공급업,2016-07-28,12월
멀티라인(주),multi-line.co,멀티라인, ,김화선,기타법인,115911-0026255,128-81-45018,경기도 고양시 일산구 백석동 1141-2 풍산아파트형공장 424호,www.m7.co.kr,,시스템 소프트웨어 개발 및 공급업,2000-01-06,12월
주식회사 멀티미디어컨텐트,"MULTIMEDIA CONTENT Co., Ltd.",멀티미디어컨텐트, ,이용래,기타법인,160111-0081185,314-81-25888,대전광역시 유성구 도룡동3-1엑스포과학공원내 벤처영상특구,www.hannori.co.kr,,게임 소프트웨어 개발 및 공급업,1999-04-17,12월
(주)멀티스터디,MULTISTUDY Inc,멀티스터디, ,설종안,기타법인,110111-1680910,229-81-37301,서울특별시 서초구 서초동 1305 KDS벤처센터6층,www.multistudy.com,,시스템 소프트웨어 개발 및 공급업,1999-04-14,12월
(주)멀티엔터프라이즈,"MULTIENTERPRISE CO.,LTD.",멀티엔터프라이즈, ,지헌민,기타법인,110111-1685150,106-81-78668,서울특별시 광진구 구의동 546-4 테크노마트 31층 11호, ,,게임 소프트웨어 개발 및 공급업,1999-04-26,12월
(주)멀티플러스엔터테인먼트,Multiplusentertainment,멀티플러스엔터테인먼트, ,조성삼,기타법인,110111-1320300,114-81-74789,서울특별시 강남구 수서동 724 로즈데일빌딩 6층, ,,시스템 소프트웨어 개발 및 공급업,1996-09-12,12월
주식회사 메가데이타코리아,MEGADATAKOREA Inc,메가데이타코리아, ,강영성,기타법인,134511-0535102,580-87-02029,"강원특별자치도 원주시 황금로 11 (반곡동) 104,105호", ,,"컴퓨터 프로그래밍, 시스템 통합 및 관리업",2019-09-01,12월
(주)메가라인 포항,MEGALINE POHANG,메가라인포항, ,이중호,기타법인,171711-0051662,506-81-45260,경상북도 포항시 북구 덕산동 235-4,www.megalinepohang.com,,영화관 운영업,2002-06-02,12월
메가몬스터 주식회사,Mega Monster Corporation,메가몬스터, ,이준호,기타법인,285011-0280466,128-87-16378,서울특별시 마포구 상암산로 34 (상암동) 디지털큐브 20층, ,,방송 프로그램 제작업,2014-11-20,12월
주식회사 메가박스 이시아점,MEGABOX ESIA,메가박스이시아점, ,한석수,기타법인,170111-0690554,559-87-00968,대구광역시 동구 팔공로49길 51 (봉무동) 메가맥스타워 2층, ,,영화관 운영업,2018-07-25,12월
메가박스중앙 주식회사,"MegaboxJoongAng, Inc.",메가박스중앙, ,홍정인 남용석,기타법인,110111-1809403,211-86-59478,"서울특별시 강남구 테헤란로87길 22 (삼성동, 한국도심공항터미널)", ,,영화관 운영업,1999-11-16,12월
메가북스 주식회사,"MegaBooksCo.,Ltd.",메가북스, ,최봉수,기타법인,110111-2297871,214-86-87385,"서울특별시 마포구 잔다리로 81 (서교동, 창평빌딩 2,3,4층)",www.megabooks.co.kr/,,교과서 및 학습서적 출판업,2001-07-30,12월
메가스터디(주),"MegaStudyCo.,Ltd.",메가스터디,072870,"손주은, 손은진(각자 대표이사)",코스닥시장,110111-2024026,214-86-64631,"서울특별시 서초구 효령로 304 24층(서초동, 국제전자센터)",www.megastudyholdings.com,,"서적, 잡지 및 기타 인쇄물 출판업",2000-07-12,12월
주식회사 메가엔터프라이즈,"Mega Enterprise co.,ltd",메가엔터프라이즈, ,이상민,기타법인,110111-1583619,105-81-94914,서울특별시 영등포구 여의도동 13-19 남중빌딩 8층,www.megaking.co.kr,,게임 소프트웨어 개발 및 공급업,1998-09-08,12월
메가존 주식회사,MEGAZONE Corporation,메가존, ,장지황,기타법인,110111-2195132,214-86-79342,"서울특별시 강남구 논현로85길 46 (역삼동, GALA빌딩) 7층",www.mz.co.kr,,컴퓨터시스템 통합 자문 및 구축 서비스업,2001-03-31,12월
메가존소프트 주식회사,Megazone Soft Corporation,메가존소프트, ,이주완,기타법인,110111-8021357,199-81-02457,"서울특별시 강남구 테헤란로26길 14 (역삼동, 대세빌딩) 3층", ,,"컴퓨터 프로그래밍, 시스템 통합 및 관리업",2021-09-09,12월
메가존클라우드 주식회사,Megazone Cloud Corporation,메가존클라우드, ,이주완,기타법인,110111-6803400,232-88-00982,경기도 과천시 과천대로7길 74,https://www.megazone.com/,,호스팅 및 관련 서비스업,2018-07-03,12월
주식회사 메뉴잇,menuit,메뉴잇, ,김동훈,기타법인,120111-0805096,127-87-00330,경기도 부천시 소사구 경인로 264 (심곡본동),www.menuit.io/,,컴퓨터시설 관리업,2016-02-25,12월
메뉴판닷컴,"MENUPAN.COM, INC",메뉴판닷컴, ,이원우,기타법인,110111-1758486,220-81-66003,"서울특별시 서초구 강남대로 535 13층 (반포동, 프린스빌딩)",www.menupan.com,,데이터베이스 및 온라인정보 제공업,1995-07-10,12월
(주)메드밴,"Medvan.Co.,Ltd",메드밴, ,박민정,기타법인,150111-0042254,301-81-39066,서울특별시 강남구 논현동 19-2 동화빌딩 602호,http://www.medvan.net,,시스템 소프트웨어 개발 및 공급업,1999-10-19,12월
메드파파 인터내셔널(주),MEDpapa international inc.,메드파파인터내셔널, ,곽경호,기타법인,110111-1985071,201-81-57653,서울특별시 강남구 삼성동 159 코엑스4층 벤쳐비즈니스센타 103호,www.medpapa.com,,데이터베이스 및 온라인정보 제공업,2000-05-31,06월
주식회사 메드픽쳐스,MADPICTURES,메드픽쳐스, ,황용태,기타법인,110111-6831112,552-88-01089,서울특별시 강남구 봉은사로69길 19 (삼성동),www.madpictures.co.kr,,"영화, 비디오물 및 방송프로그램 제작업",2018-08-08,12월
(주)메디밸리,"MedicValley Co.,Ltd",메디밸리, ,설경수,기타법인,170111-0165341,514-81-35633,대구광역시 수성구 지산동 1011-2 2층,www.medicvalley.co.kr,,컴퓨터시설 관리업,2000-01-15,05월
(주)메디씨앤씨,"Medi C&C Co.,Ltd.",메디씨앤씨, ,심재원,기타법인,110111-2063222,220-81-96507,서울특별시 강남구 영동대로 702 (청담동) 6층,www.medicnc.co.kr,,포털 및 기타 인터넷 정보매개 서비스업,2000-09-04,03월
주식회사 메디에이지,"MEDIAGE Co.,Ltd",메디에이지, ,이건웅,기타법인,110111-4609305,105-87-58491,"경기도 성남시 수정구 창업로 42 경기기업성장센터 635호 (시흥동, 판교제2테크노밸리경기기업성장센터)",mediage.co.kr,,응용 소프트웨어 개발 및 공급업,2011-05-24,12월
메디오피아테크,MEDIOPIA TECH,메디오피아테크, ,장일홍,기타법인,110111-3534719,220-87-36025,서울특별시 강남구 도곡로 182 양제빌딩 4층 (도곡동),www.mediopia.co.kr,,시스템 소프트웨어 개발 및 공급업,2006-09-23,12월
주식회사 메디웨일,Mediwhale,메디웨일, ,최태근,기타법인,110111-6275485,618-88-00662,"서울특별시 강남구 논현로 746 (논현동, 석호빌딩) 4층", ,,시스템 소프트웨어 개발 및 공급업,2016-12-29,12월
주식회사 메디제네틱스,"MEDI GENETICS CO., LTD",메디제네틱스, ,최선덕,기타법인,135811-0189283,135-86-12446,경기도 평택시 청북읍 청북산단로 166 (율북리 1026-1 어연한산산업단지 4-4블럭 ), ,,응용 소프트웨어 개발 및 공급업,2010-11-10,12월
(주)메디칼스탠다드,MEDICAL STANDARD,메디칼스탠다드, ,이승묵,기타법인,110111-1893521,110-81-44755,"서울특별시 송파구 정의로 67 701(문정동, MK타워)",www.medicalstandard.com,,시스템 소프트웨어 개발 및 공급업,2000-03-02,12월
메디컬아이피 주식회사,"MEDICALIP Co., Ltd.",메디컬아이피, ,박상준,기타법인,140111-0061024,406-81-04085,"강원도 춘천시 강원대학길 1 보듬관 1204호(효자동, 강원대학교)",medicalip.com/,,응용 소프트웨어 개발 및 공급업,2015-09-11,12월
주식회사 메디컬에이아이,"Medical AI Co., Ltd.",메디컬에이아이, ,권준명,기타법인,110111-7305174,721-88-01365,"서울특별시 강남구 영동대로85길 38 (대치동, 진성빌딩) 13층",www.medicalai.com/,,응용 소프트웨어 개발 및 공급업,2019-12-04,12월
(주)메디텔,"MEDITEL CO., LTD",메디텔, ,박용한,기타법인,110111-1793656,107-81-72518,서울특별시 영등포구 여의도동 15-3 미주빌딩 11층,www.meditel.co.kr,,데이터베이스 및 온라인정보 제공업,1999-10-21,12월
주식회사 메디픽셀,"Medipixel, Inc.",메디픽셀, ,송교석,기타법인,110111-6368181,692-86-00540,"서울특별시 강남구 테헤란로108길 22 지상 3층 (대치동, 서경빌딩)",medipixel.io/,,응용 소프트웨어 개발 및 공급업,2017-04-06,12월
주식회사 메딕션,Meddiction Corp,메딕션, ,YOO ANDY C,기타법인,110111-3935628,107-87-11416,"서울특별시 금천구 가산디지털1로 225 11층 1123호(가산동, 에이스가산포휴)", ,,응용 소프트웨어 개발 및 공급업,2008-07-16,12월
메를로랩 주식회사,MERLOT LABORATORIES INC.,메를로랩, ,신소봉,기타법인,110111-4889642,119-86-57418,"서울특별시 금천구 디지털로9길 68 2002~2005호(가산동, 대륭포스트타워5차)",www.merlotlab.com,https://www.merlotlab.com/ir/disclosures,시스템 소프트웨어 개발 및 공급업,2012-06-13,12월
메리츠금융정보서비스(주),"Meritz Financial Information Service Co., Ltd.",메리츠금융정보서비스, ,최원규,기타법인,110111-3871046,107-87-07402,서울특별시 영등포구 여의도동 25-1,www.meritzfis.com,,컴퓨터시스템 통합 자문 및 구축 서비스업,2008-04-01,03월
주식회사 메리크리스마스,MERRYCHRISTMAS Inc.,메리크리스마스, ,유정훈,기타법인,110111-6717586,221-87-01010,"서울특별시 강남구 테헤란로 425 (삼성동, 신일빌딩 10층)", ,,일반 영화 및 비디오물 제작업,2018-04-11,12월
(주)메리트엔닷컴,Merit N.COM,메리트엔닷컴, ,김성길,기타법인,110111-1898464,215-81-88169,서울특별시 송파구 방이동 38-9 벧엘 빌딩 2층,www.MeritN.com,,그 외 기타 전기 통신업,2000-03-07,12월
메리티움(주),meritium cop,메리티움, ,방치일,기타법인,110111-5361839,120-88-10246,"서울특별시 금천구 가산디지털1로 5 (가산동, 대륭테크노타운20차)1206호", ,,응용 소프트웨어 개발 및 공급업,2014-03-14,12월
주식회사 메먼트,"MEMENT co., ltd.",메먼트, ,하은환,기타법인,110111-6577740,364-86-00795,"서울특별시 강남구 봉은사로2길 21 (역삼동, 반석빌딩) 5층",mement.net/,,응용 소프트웨어 개발 및 공급업,2017-11-23,12월
(주)메버릭시스템,MAVERICKSYSTEMS INC,메버릭시스템, ,최영열,기타법인,110111-2474304,214-87-08183,서울특별시 구로구 구로3동 대륭포스트타워2차 908호,www.mavericksys.co.kr,,컴퓨터시스템 통합 자문 및 구축 서비스업,2002-03-19,12월
(주)메시안,"MESIAN Co., Ltd",메시안, ,김종천,기타법인,110111-3095068,220-86-92700,서울특별시 강남구 신사동 502-5 뮤직메트로빌딩 5층,www.zeroauction.co.kr,,기타 정보 서비스업,2004-10-15,12월
주식회사 메이드인유,MadeinU,메이드인유, ,정찬식,기타법인,110111-4667600,120-87-72148,서울특별시 강남구 삼성동 88 삼보빌딩 3층, ,,"영화, 비디오물 및 방송프로그램 제작 관련 서비스업",2011-08-22,12월
메이사,Meissa,메이사, ,"최석원, 김동영",기타법인,110111-6581452,276-87-00796,서울특별시 강남구 봉은사로18길 70 (역삼동) 1~4층,www.meissa.ai/kr,,데이터베이스 및 온라인정보 제공업,2017-11-28,12월
(주)메이스 엔터테인먼트,MAYS ENTERTAINMENT,메이스엔터테인먼트, ,박매희,기타법인,110111-3948431,114-86-69340,"서울특별시 강남구 학동로1길 10 (논현동, 논현H빌딩) 2층", ,,일반 영화 및 비디오물 제작업,2008-08-27,12월
메이저텍(주),"MAJORTECH CO.,LTD",메이저텍, ,임창근,기타법인,110111-2037657,211-86-63690,서울특별시 서초구 양재동 275-6 삼호물산빌딩 B동 801호,www.majortech.co.kr,,시스템 소프트웨어 개발 및 공급업,2000-08-01,12월
주식회사 메이츠,"Mates co.,Ltd",메이츠, ,이창우,기타법인,134111-0407680,631-86-00040,"경기도 안양시 동안구 시민대로 230 (관양동, 평촌아크로타워),비동 2807호", ,,정보서비스업,2015-04-03,12월
주식회사 메이코더스,Maycoders,메이코더스, ,최새미,기타법인,110111-7608198,447-81-01963,"서울특별시 송파구 법원로11길 11 (문정동, 문정현대지식산업센터1-1)",www.maycoders.com,,시스템 소프트웨어 개발 및 공급업,2020-09-01,12월
주식회사 메이퀸픽쳐스,mayqueen pictures,메이퀸픽쳐스, ,김진천,기타법인,110111-4731885,106-86-82532,서울특별시 성동구 성수일로 45 (성수동1가)메이퀸빌딩4층, ,,"영화, 비디오물 및 방송프로그램 배급업",2011-11-23,12월
주식회사 메이크스타,MAKESTAR Inc.,메이크스타, ,김재면,기타법인,110111-5615111,120-88-24134,서울특별시 강남구 학동로23길 29,www.makestar.com,,응용 소프트웨어 개발 및 공급업,2015-01-14,12월
주식회사 메이크어스,"MakeUs Co.,Ltd.",메이크어스, ,우상범,기타법인,170111-0515249,504-86-11022,서울특별시 강남구 봉은사로18길 36 (역삼동),www.makeus.com,,광고 영화 및 비디오물 제작업,2014-02-01,12월
(주)메이트아이,MATEI,메이트아이, ,"강경원, 신민수",기타법인,110111-2766579,215-86-41873,"서울특별시 구로구 디지털로26길 61 (구로동, 에이스하이엔드타워2차) 1802호",www.matei.co.kr,,데이터베이스 및 온라인정보 제공업,2003-05-01,12월
주식회사 메인라인,"Mainline Co.,Ltd",메인라인, ,최현길,기타법인,110111-3175167,105-86-76323,"서울특별시 마포구 양화로 92 (서교동, 유남빌딩) 6층",www.mainlineit.com/,,응용 소프트웨어 개발 및 공급업,2005-02-28,12월
(주)메일캐스터,Mailcaster Inc.,메일캐스터, ,최주선,기타법인,110111-2018003,220-81-92156,서울특별시 강남구 역삼동 642-16 성지하이츠2차 507호,www.mailbanking.co.kr,,데이터베이스 및 온라인정보 제공업,2000-07-05,12월
주식회사 메타넷글로벌,"Metanet Global Co., Ltd.",메타넷글로벌, ,"정일, 김기호",기타법인,110111-7287231,116-81-43211,"서울특별시 강남구 영동대로 517 (삼성동, ASEM및한국종합무역센타단지)",metanetglobal.com/,,컴퓨터시스템 통합 자문 및 구축 서비스업,1986-09-04,12월
메타넷디지털 주식회사,"METANET DIGITAL CO., LTD",메타넷디지털, ,"정일, 이창열, 김기호",기타법인,110111-0625991,104-81-18820,"서울특별시 종로구 종로33길 15 (연지동, 두산아트센터)",www.metanetdigital.com,,컴퓨터시스템 통합 자문 및 구축 서비스업,1989-04-29,12월
(주)메타넷 비피오,METANET BPO,메타넷비피오, ,이해승,기타법인,110111-1992365,215-81-93186,서울특별시 강남구 수서동 734 KT수서지점 5층,metanet.co.kr,,기타 정보기술 및 컴퓨터운영 관련 서비스업,2000-06-09,06월
주식회사 메타넷엑스,"METANET T Platform Co., Ltd.",메타넷엑스, ,"김용배, 안현덕",기타법인,110111-3669508,101-86-31606,"서울특별시 종로구 종로33길 15 (연지동, 두산아트센터) 2층",www.metanettplatform.com,www.metanettplatform.com,컴퓨터시스템 통합 자문 및 구축 서비스업,2007-04-27,12월
(주)메타넷이에스지,"METANET ESG, Inc",메타넷이에스지, ,이해승,기타법인,110111-1817167,120-81-96056,서울특별시 강남구 수서동 734 KT수서지점 5층, ,,"컴퓨터 프로그래밍, 시스템 통합 및 관리업",1999-12-01,12월
주식회사 메타넷인터랙티브,"Metanet Interactive Co., Ltd",메타넷인터랙티브, ,정일,기타법인,110111-4506981,220-88-11297,"서울특별시 종로구 청계천로 85 (관철동, 삼일빌딩)",www.metanetinteractive.com,,컴퓨터시스템 통합 자문 및 구축 서비스업,2011-01-04,12월
주식회사 메타록,Metarock Inc.,메타록, ,조영욱,기타법인,284911-0198159,831-87-01160,"서울특별시 강남구 선릉로 703 , 8층 (논현동, HS TOWER)",www.metarock.co.kr,,시스템 소프트웨어 개발 및 공급업,2019-03-08,12월
메타버스게임즈 주식회사,METAVERSEGAMES INC.,메타버스게임즈, ,오태훈,기타법인,110111-5587881,114-87-22809,"서울특별시 강남구 테헤란로 134 (역삼동, 포스코타워역삼)", ,,게임 소프트웨어 개발 및 공급업,2014-12-12,12월
메타버스랩스 주식회사,Metaverse World Inc.,메타버스랩스, ,김성훈,기타법인,110111-6745751,535-87-00958,"서울특별시 강남구 테헤란로 134, 9층 (역삼동, 포스코타워역삼)", ,,게임 소프트웨어 개발 및 공급업,2018-05-09,12월
메타버스엔터테인먼트 주식회사,Metaverse Entertainment Inc.,메타버스엔터테인먼트, ,서우원,기타법인,110111-7999472,727-88-02436,"서울특별시 강남구 테헤란로 427 (삼성동, 위워크타워)", ,,"영화, 비디오물 및 방송프로그램 제작업",2021-08-20,12월
메타버스월드 주식회사,Metaverse World Inc.,메타버스월드, ,박현,기타법인,110111-8807559,767-87-02664,"서울특별시 강남구 테헤란로 134 9층, (역삼동, 포스코타워역삼)", ,,게임 소프트웨어 개발 및 공급업,2023-12-01,12월
(주)메타보라,"Metabora Co.,Ltd.",메타보라, ,"최세훈, 임영준",기타법인,110111-5699165,594-81-00052,"경기도 성남시 수정구 창업로40번길 30 201-214 (시흥동, 판교아이티센터)",https://www.metabora.io,,게임 소프트웨어 개발 및 공급업,2015-04-17,12월
메타빌드 주식회사,METABUILD,메타빌드, ,조풍연,기타법인,110111-1611486,214-86-27387,"서울특별시 서초구 서초중앙로 62 (서초동, 메타빌드빌딩)", ,,기타 정보기술 및 컴퓨터운영 관련 서비스업,1998-11-23,12월
(주)메타올,METAALL,메타올, ,양재문,기타법인,110111-7191672,693-88-01420,"서울특별시 강남구 영동대로106길 41 (삼성동, 동영빌딩) 3층", ,,시스템 소프트웨어 개발 및 공급업,2019-08-02,12월
(주)메타컴플렉스,"metacomplex Co.,Ltd.",메타컴플렉스, ,황영훈,기타법인,131111-0456440,523-88-00350,경기도 의정부시 용민로 192 (민락동) 306호, ,,호스팅 및 관련 서비스업,2016-08-18,12월
주식회사 메타크래프트,METACRAFT,메타크래프트, ,유정석,기타법인,110111-7766920,210-81-79781,"서울특별시 구로구 디지털로31길 12 9층 (구로동, 태평양물산)",novelpia.com/,,일반 영화 및 비디오물 제작업,2021-02-01,12월
주식회사 메타툰,METATOON,메타툰, ,"김재훈, 황정훈",기타법인,110111-8617966,384-88-02898,"서울특별시 송파구 충민로 66 8층 T8018,8019,8026호(문정동, 가든파이브라이프)",metatoon.co.kr/,,만화 출판업,2023-05-15,12월
(주)메타티엔씨,META TNC,메타티엔씨, ,허경,기타법인,110111-3320473,211-87-71993,서울특별시 강남구 역삼동 683-39 대명빌딩 402, ,,통신 재판매업,2005-10-12,12월
주식회사 메타핀컴퍼니,MetaFin Company,메타핀컴퍼니, ,이재학,기타법인,110111-8247268,770-86-02192,"서울특별시 중구 통일로 92 (순화동, 케이지타워) 13층", ,,시스템 소프트웨어 개발 및 공급업,2022-03-29,12월
메트로넷,metronet,메트로넷, ,박노영,기타법인,110111-1843899,220-81-73616,서울특별시 종로구 운니동 98-78 가든타워 802호,www.metronetwork.co.kr,,시스템 소프트웨어 개발 및 공급업,2000-01-05,12월
(주)메트로신문사,Metro Seoul Holdings Inc.,메트로신문사, ,"남궁호, 김승종",기타법인,110111-2295057,206-81-60793,서울특별시 중구 태평로1가대한매일신보사빌딩,www.metroseoul.co.kr,,신문 발행업,2001-07-25,12월
멘델체인 주식회사,Mendel Chain Inc.,멘델체인, ,오태민,기타법인,110111-7214747,620-87-01589,"서울특별시 서초구 사임당로 149-5 (서초동, 프라임빌딩) 2층", ,,기타 정보기술 및 컴퓨터운영 관련 서비스업,2019-08-27,12월
(주)멘토뱅크,"Mentorbank Co., Ltd.",멘토뱅크, ,박정환,기타법인,110111-1029308,106-81-47637,"서울특별시 종로구 새문안로3길 12 (신문로1가, 신문로빌딩) 6층",www.anymentor.co.kr/,,통신 재판매업,1994-04-16,12월
(주)멘티스코,"Mantisco Co.,Ltd.",멘티스코, ,윤정현,기타법인,110111-6520442,827-87-00842,"서울특별시 강남구 삼성로85길 35-6 4층 (대치동, 목천빌딩)", ,,유선 온라인 게임 소프트웨어 개발 및 공급업,2017-09-19,12월
(주)멤레이비티,"MemRAY BT Co., LTD.",멤레이비티,072770,이정남(단독 대표이사),코스닥시장,110111-1518418,113-81-46922,서울특별시 서초구 서초대로 6 13층,www.neodian.co.kr,,"컴퓨터 프로그래밍, 시스템 통합 및 관리업",1998-03-03,12월
(주)명경유니티,"MKunity CO,LTD.",명경유니티, ,심상홍,기타법인,110111-2764177,113-86-21192,서울특별시 구로구 구로동 212-2 에이스트윈타워 1차 910호,www.pointland.co.kr,www.pointland.co.kr,"컴퓨터 프로그래밍, 시스템 통합 및 관리업",2003-04-19,12월
명인투자개발(주),"MyeongIn Investment & Development Co., Ltd.",명인투자개발, ,김성미,기타법인,160111-0375231,314-86-60293,"대전광역시 유성구 계룡로132번길 10 (봉명동, 도안쎈트럴프라자) 4층 401호", ,,영화관 운영업,2014-06-26,12월
주식회사 명필름,"Myung Films Co., Ltd.",명필름, ,심재명,기타법인,110111-1184681,208-81-23057,서울특별시 종로구 혜화동 10-12,www.myungfilm.com,,일반 영화 및 비디오물 제작업,1995-08-07,12월
(주)명필름,myungfilm,명필름, ,"이은, 심재명",기타법인,110111-4009513,101-86-44116,서울특별시 종로구 필운동 85,www.myungfilm.com,,광고 영화 및 비디오물 제작업,2008-12-05,12월
모나드산업 주식회사,"MONAD Ind. Co.,Ltd.",모나드산업, ,최성문,기타법인,110111-5007912,104-86-45128,서울특별시 영등포구 여의도동 26-4, ,,소프트웨어 개발 및 공급업,2012-11-22,04월
(주)모노리스,MONOLITH INC.,모노리스, ,"김종석, 김나영",기타법인,220111-0162817,556-87-00649,제주특별자치도 제주시 애월읍 천덕로 880-24,www.monolith.co.kr,,시스템 소프트웨어 개발 및 공급업,2017-05-25,12월
(주)모니네,MONEYne CO. LTD.,모니네, ,김려성,기타법인,110111-1745029,113-81-54795,서울특별시 금천구 가산동 60-4 코오롱테크노밸리 3층,www.moneyne.com,,데이터베이스 및 온라인정보 제공업,1999-07-29,12월
(주)모니터랩,"MONITORAPP CO., LTD.",모니터랩,434480,이광후,코스닥시장,110111-3173351,214-87-66413,서울특별시 구로구 디지털로 306 대륭포스트타워 2차 1008호,www.monitorapp.com,,시스템 소프트웨어 개발 및 공급업,2005-02-22,12월
모닝스타코리아주식회사,Morningstar Korea Ltd.,모닝스타코리아, ,채정태,기타법인,110111-1992844,107-81-85139,"서울특별시 마포구 마포대로 20 (마포동, 다보빌딩)",www.morningstar.co.kr,,데이터베이스 및 온라인정보 제공업,2000-06-15,12월
주식회사 모두다,MODUDA ,모두다, ,박비,기타법인,134911-0067743,662-81-00113,"서울특별시 성동구 성수일로4길 25 806호 (성수동2가, 서울숲코오롱디지털타워)",-,,게임 소프트웨어 개발 및 공급업,2015-06-01,12월
(주)모두모두,modumodu,모두모두, ,김창남,기타법인,120111-0146747,122-81-59678,인천광역시 부평구 부평1동 224-1 로타리지하상가175호,http://www.modumodu.co.kr,,시스템 소프트웨어 개발 및 공급업,1999-11-09,12월
모두벤처스 주식회사,moduventures,모두벤처스, ,정은영,기타법인,200111-0696430,745-88-02680,"광주광역시 서구 상무화원로 34 (치평동, U.G빌딩)",moduventures.com/,,일반 영화 및 비디오물 제작업,2023-05-09,12월
(주)모두사,"Modusa Co.,Ltd",모두사, ,주승철,기타법인,110111-1766356,117-81-25123,서울특별시 양천구 목5동 907 현대월드타워 1024호,www.modusa.net,,시스템 소프트웨어 개발 및 공급업,1999-09-28,12월
(주)모디아,"MODIA CO., LTD.",모디아,046000,김도현,기타법인,110111-1573454,105-81-94442,서울특별시 영등포구 여의도동 15-24 익스콘벤처빌딩 10-11층,www.modia.co.kr,,컴퓨터시스템 통합 자문 및 구축 서비스업,1998-08-07,12월
주식회사 모디엠,Modim,모디엠, ,박현열,기타법인,110111-4495001,206-86-49094,"서울특별시 성동구 성수일로4길 25 1203,1204호 (성수동2가, 서울숲코오롱디지털타워)", ,,응용 소프트웨어 개발 및 공급업,2010-12-20,12월
(주)모라이즌인터렉티브,Morizon Interactive Corp.,모라이즌인터렉티브, ,안대원,기타법인,110111-1637896,206-81-14509,"경기도 성남시 분당구 황새울로311번길 8-5 (서현동, 코암빌딩)", ,,게임 소프트웨어 개발 및 공급업,1999-01-21,12월
주식회사 모레,Moreh Corp,모레, ,"윤도연, 조강원",기타법인,110111-7615581,541-86-01839,"서울특별시 강남구 테헤란로63길 20 (삼성동, 제이제이빌딩)",moreh.io/,,컴퓨터 프로그래밍 서비스업,2020-09-07,12월
주식회사 모르페우스,"Morpheus Co.,Ltd.",모르페우스, ,"최흥산, 김진수",기타법인,110111-4554633,120-87-65666,경기도 용인시 수지구 신봉1로 283 (신봉동),www.morpheus3d.co.kr,,응용 소프트웨어 개발 및 공급업,2011-03-11,12월
모멘스솔루션 주식회사,"MOMENS SOLUTION Co., Ltd.",모멘스솔루션, ,김보연,기타법인,110111-6748599,456-81-01045,"서울특별시 구로구 디지털로33길 48 305호 (구로동, 대륭포스트타워7차)", ,,시스템 소프트웨어 개발 및 공급업,2018-05-11,12월
주식회사 모멘토,Momento Inc.,모멘토, ,김선희,기타법인,110111-7546059,694-87-01902,"서울특별시 강남구 강남대로 354 (역삼동, 혜천빌딩)1117호", ,,응용 소프트웨어 개발 및 공급업,2020-07-07,12월
(주)모모웹,"MOMOWEB CO.,LTD.",모모웹, ,박은수,기타법인,110111-1915549,120-86-03227,경기도 안양시 동안구 관양동 1121-4,http://www.momoweb.co.kr,,시스템 소프트웨어 개발 및 공급업,2000-03-22,12월
(주)모바인,Mobine,모바인, ,김효상,기타법인,110111-2352055,212-81-54388,서울특별시 성동구 성수동2가 1동 231-1번지 성수벤처타운 3층,www.mobine.co.kr,,게임 소프트웨어 개발 및 공급업,2001-10-15,01월
모바일어플라이언스 주식회사,"MOBILE APPLIANCE, INC.",모바일어플라이언스,087260,김진영,코스닥시장,131111-0115054,129-81-72027,경기도 안양시 동안구 시민대로 401,www.mobileappliance.co.kr,,소프트웨어 개발 및 공급업,2004-04-16,12월
모바일웰컴(주),"Mobilewelcom Co., Ltd.",모바일웰컴, ,정아람,기타법인,110111-1954894,120-86-04793,서울특별시 강남구 삼성동 170-12 대윤빌딩 B1,http://www.mobilewel.com,,시스템 소프트웨어 개발 및 공급업,2000-04-28,12월
주식회사모바일이지배하는세상,MOJISE,모바일이지배하는세상, ,김종석,기타법인,110111-2775207,110-81-61642,서울특별시 마포구 마포대로4다길 8 (마포동), ,,응용 소프트웨어 개발 및 공급업,2003-04-15,12월
(주)모바일인프라,"mobileinfra co.,ltd",모바일인프라, ,구영재,기타법인,110111-2358441,220-86-23144,서울특별시 강남구 역삼동 769, ,,컴퓨터시스템 통합 자문 및 구축 서비스업,2001-10-24,12월
모바일커머스 주식회사,Mobilecommerce Co. Ltd.,모바일커머스, ,임상진,기타법인,110111-2275372,105-86-27540,서울특별시 마포구 동교동 159-1 상진빌딩 7층,www.mvt.co.kr,,컴퓨터시스템 통합 자문 및 구축 서비스업,2001-06-30,12월
모벤시스 주식회사,"Movensys, Inc.",모벤시스, ,PAK PYONGWON,기타법인,161511-0163877,312-86-62688,"경기도 성남시 분당구 황새울로258번길 25 (수내동, 서영빌딩) 8층", ,,시스템 소프트웨어 개발 및 공급업,2014-03-10,12월
(주)모비루스,MOBILUS,모비루스, ,조병호,기타법인,170111-0280660,504-81-60421,경기도 성남시 수정구 창업로 43 (시흥동) 판교글로벌비즈센터 A동 311호,www.mobilus.co.kr/,,시스템 소프트웨어 개발 및 공급업,2005-01-26,12월
주식회사 모비릭스,MOBIRIX Corporation,모비릭스,348030,"이남일, 이승균(각자 대표이사)",코스닥시장,121111-0160415,130-86-28545,"서울특별시 금천구 가산디지털1로 186 604~607호, 901호, 902호 일부(가산동, 제이플라츠)",www.mobirix.com,,게임 소프트웨어 개발 및 공급업,2007-07-09,12월
(주)모비스,"Mobiis Co., Ltd.",모비스,250060,김지헌,코스닥시장,110111-6108587,715-87-00423,경기도 성남시 분당구 판교로 253 이노밸리C동 2층 203호,www.mobiis.com/,,"컴퓨터 프로그래밍, 시스템 통합 및 관리업",2016-07-01,12월
(주)모비야,"Mobiya Co., Ltd.",모비야, ,변재국,기타법인,110111-2196693,104-81-60804,서울특별시 중구 남대문로5가 세브란스빌딩 5층,www.mobiya.com,,기타 정보기술 및 컴퓨터운영 관련 서비스업,2001-03-20,12월
모비어스 주식회사,"MOBYUS Co., Ltd.",모비어스, ,백준호,기타법인,110111-4881010,214-88-97795,"서울특별시 강남구 테헤란로 326 (역삼동, 태보역삼아이타워) 4층",www.mobyus.com,,컴퓨터 프로그래밍 서비스업,2012-05-31,12월
(주)모비젠,"MOBIGEN CO., LTD.",모비젠, ,김태수,기타법인,110111-1912496,220-81-81227,"경기도 성남시 수정구 금토로80번길 37 W동 8층 (금토동, 인피니티타워)",www.mobigen.com,,시스템 소프트웨어 개발 및 공급업,2000-03-21,12월
(주)모비츠,Mobits,모비츠, ,정철모,기타법인,180111-0360808,605-81-44758,부산광역시 부산진구 가야동 256-7 부산진우체국 4층,mobits.co.kr,,무선 및 위성 통신업,2001-05-07,12월
(주)모비클,"Mobicle.Co.,Ltd.",모비클, ,정희철,기타법인,110111-3029033,114-86-36946,"서울특별시 강남구 삼성동 141-3 세웅타워 5,6,7층",www.mobicle.co.kr,,게임 소프트웨어 개발 및 공급업,2004-06-11,12월
주식회사 모빌,MOVILL Co.Ltd,모빌, ,서대규,기타법인,110111-6743599,741-86-01123,"서울특별시 서초구 강남대로 369 12-1276(서초동, 에이플러스에셋타워)",hello.movill.net/,,응용 소프트웨어 개발 및 공급업,2018-05-09,12월
주식회사 모빌랩,"Mobilab.Co.,Ltd",모빌랩, ,김수연,기타법인,174811-0024383,515-81-18243,대구광역시 북구 동천동 952-3 플러스빌딩 4층,www.mobilab.co.kr,,시스템 소프트웨어 개발 및 공급업,2000-10-01,12월
모빌링크텔레콤(주),"Mobilink Telecom Co., Ltd.",모빌링크텔레콤,041310,나재호,기타법인,110111-0586119,106-81-35636,경상북도 구미시 산동면 신당리 292-3 ,www.molink.co.kr,,시스템 소프트웨어 개발 및 공급업,1988-08-08,12월
모빌링크텔레콤주식회사,"Mobilink Telecom Co., Ltd.",모빌링크텔레콤, ,하동국,기타법인,110111-2010942,215-81-94147,경기도 성남시 분당구 수내동 9-4 현대오피스텔 9층,www.molink.co.kr,www.molink.co.kr,시스템 소프트웨어 개발 및 공급업,2000-06-29,12월
(주)모빌씨앤씨,Mobile C&C Corporation,모빌씨앤씨, ,황보 영철,기타법인,110111-1139040,116-81-51064,"서울특별시 강남구 학동로 158 (논현동, 율암빌딩) 2층",www.mcnc.co.kr,,시스템 소프트웨어 개발 및 공급업,1995-03-24,12월
(주)모빌탑,"MobiletopCo.,Ltd.",모빌탑,085680,권태형,기타법인,110111-1670630,213-86-38805,서울특별시 구로구 구로동 811번지 코오롱싸이언스밸리 15층 ,www.mobiletop.co.kr,,시스템 소프트웨어 개발 및 공급업,1999-03-25,12월
모빌토크 주식회사,mobiletalk,모빌토크, ,홍승우,기타법인,110111-1890436,220-81-78718,"서울특별시 강남구 테헤란로 326 B1F A-3호(역삼동, 역삼아이타워)",www.mobiletalk.co.kr,,기타 정보기술 및 컴퓨터운영 관련 서비스업,2000-03-01,12월
주식회사 모션,"MOCEAN Co.,Ltd",모션, ,김성철,기타법인,134511-0414108,141-86-01492,"경기도 용인시 수지구 신수로 767 에이동 907호(동천동, 분당수지U-TOWER)", ,,응용 소프트웨어 개발 및 공급업,2019-10-11,12월
주식회사 모션일공일,"Motion101,Inc",모션일공일, ,김우택,기타법인,110111-3517088,114-86-53891,서울특별시 서초구 잠원동 36-14, ,,일반 영화 및 비디오물 제작업,2006-08-29,12월
(주)모스트콘텐츠,"MOST CONTENTS？Co.,Ltd.",모스트콘텐츠, ,유진오,기타법인,110111-5514735,114-87-20378,"서울특별시 서초구 방배로 43 (방배동, TJ빌딩)", ,,음악 및 기타 오디오물 출판업,2014-09-17,12월
(주)모아데이타,"Moadata Co., Ltd.",모아데이타,288980,한상진,코스닥시장,110111-5373933,220-88-76854,"경기도 성남시 수정구 달래내로 46 810호 (시흥동, 성남글로벌융합센터)",www.moadata.co.kr,,응용 소프트웨어 개발 및 공급업,2014-03-25,12월
(주)모아바,morebar,모아바, ,강윤환,기타법인,110111-1999717,212-81-47534,서울특별시 서초구 방배본동 779-20 영재빌? 2층,http://www.morebar.com,,데이터베이스 및 온라인정보 제공업,2000-06-17,01월
(주)모아소프트,Moasoft Corp.,모아소프트, ,장주수,기타법인,110111-1884918,215-81-87398,"서울특별시 송파구 오금로 422 (가락동, 연암빌딩)",moasoftware.co.kr,,컴퓨터 프로그래밍 서비스업,2000-02-21,12월
주식회사 모아이게임즈,MOAI GAMES Corporation.,모아이게임즈, ,이찬,기타법인,110111-6011912,434-86-00449,"서울특별시 송파구 법원로8길 9 8층(문정동, 청림타워(CHUNGLIMTOWER))",moaigames.co.kr/,,게임 소프트웨어 개발 및 공급업,2016-03-24,12월
주식회사 모음정보,"moum information co., Ltd",모음정보, ,고동호,기타법인,110111-1867229,220-81-76331,서울특별시 강남구 역삼동 820-8 신설빌딩,www.moumnet.com,,그 외 기타 전기 통신업,2000-01-31,12월
주식회사 모이존,moizone,모이존, ,백승중,기타법인,164811-0017299,312-81-42732,서울특별시 금천구 가산동 대륭테크노타워8차 509호,www.moizone.com,,시스템 소프트웨어 개발 및 공급업,2000-06-22,12월
주식회사 모인그룹,MORE IN GROUP INC.,모인그룹, ,정태진,기타법인,110111-1112335,203-81-56795,서울특별시 강남구 테헤란로19길 27 (역삼동) 유림빌딩 4층, ,,영상ㆍ오디오 기록물 제작 및 배급업,1995-01-03,12월
(주)모인밸리,MOINVALLEY.CO.LTD,모인밸리, ,양현택,기타법인,201311-0005743,416-81-10513,서울특별시 강남구 논현동 216-8 논현빌딩4층,moinvalley.co.kr,,기타 정보기술 및 컴퓨터운영 관련 서비스업,1994-12-19,12월
(주)모인유비쿼터스,moin ubiquitous,모인유비쿼터스, ,박창수,기타법인,110111-3234632,214-87-71541,서울특별시 강남구 대치동 891-62 동영빌딩 3층,www.unicdom.com,,데이터베이스 및 온라인정보 제공업,2005-05-23,12월
(주)모자익,"Mosaic Co., Ltd.",모자익, ,박희경,기타법인,110111-2018863,214-86-62972,"서울특별시 서초구 방배로27길 8 (방배동, 지엔에이) 4층",www.mosaic.kr/,,그 외 기타 정보 서비스업,2000-07-06,12월
주식회사 모즐,"Mozle Co., Ltd.",모즐, ,김부회,기타법인,110111-3095696,105-86-71901,서울특별시 마포구 연남동 504-3 펠릭스빌딩 6층,www.mozle.net,,그 외 기타 정보 서비스업,2004-10-11,12월
모지도코화이어코리아 유한회사,"Mozido CorFire Korea, Ltd",모지도코화이어코리아, ,홍준식,기타법인,131114-0006124,144-81-34605,"경기도 성남시 분당구 성남대로343번길 9 (정자동, 에스케이유타워) 20층", ,,컴퓨터 프로그래밍 서비스업,2015-01-21,12월
(주)모코엠시스,"MOCOMSYS, Inc.",모코엠시스,333050,"김인수, 윤영호 (각자 대표이사)",코스닥시장,110111-7189544,510-86-01378,서울특별시 마포구 상암산로 76 YTN 뉴스퀘어 14층,www.mocomsys.com,,소프트웨어 개발 및 공급업,2019-07-31,12월
(주)모코엠시스,"MOCOMSYS, Inc.",모코엠시스, ,김인수,기타법인,110111-3754896,206-86-19116,서울특별시 마포구 상암산로 76 (상암동) (주)YTN 14층,www.mocomsys.com,,응용 소프트웨어 개발 및 공급업,2007-09-14,12월
(주)모키,Mokey ,모키, ,최지웅,기타법인,110111-3067504,220-86-90115,서울특별시 서초구 서초동 1327-27 강남역한화오벨리스크 301호,www.mokey.co.kr,,포털 및 기타 인터넷 정보매개 서비스업,2004-08-16,12월
주식회사 모팩,Mofac Inc.,모팩, ,장성호,기타법인,110111-2976954,211-87-47251,"서울특별시 서초구 남부순환로 2205 (방배동, 이엑스알타워)",www.mofac.com,,일반 영화 및 비디오물 제작업,2004-03-19,12월
(주)모호필름,mohofilm Corp.,모호필름, ,백지선,기타법인,110111-2563157,220-86-42253,"경기도 고양시 일산서구 킨텍스로 240 (대화동, 킨텍스꿈에그린) GIFC 2807호", ,,일반 영화 및 비디오물 제작업,2002-07-10,12월
목포문화방송,MOKPO MUNHWA BROADCASTING CORP.,목포문화방송, ,이순용,기타법인,201111-0000408,411-81-00285,전라남도 목포시 영산로 101 (명륜동),www.mokpombc.co.kr,,지상파 방송업,1968-08-17,12월
몬덱스코리아 주식회사,"Mondex Korea Co., Ltd",몬덱스코리아, ,김근배,기타법인,110111-1626972,101-81-46875,서울특별시 종로구 서린동 33번지 영풍빌딩 9층,www.mondexkorea.com,,시스템 소프트웨어 개발 및 공급업,1998-12-30,12월
(주)몬스터유니온,"Monster Union Co.,Ltd",몬스터유니온, ,정해룡,기타법인,110111-6084753,609-86-25423,"서울특별시 마포구 매봉산로 45 (상암동, KBS미디어센터) 20층", ,,방송 프로그램 제작업,2016-06-09,12월
주식회사 몬티스타텔레콤, ,몬티스타텔레콤, ,김태암,기타법인,110111-3035098,220-86-87435,서울특별시 구로구 구로동182-13 대륭포스트타워 2차 501-507호, ,,통신 재판매업,2004-06-23,12월
주식회사 몽작소,mongjakso,몽작소, ,유병술,기타법인,110111-5072890,211-88-91206,"충청남도 천안시 서북구 봉정로 116 (성정동, 성정빌딩) 318호", ,,음악 및 기타 오디오물 출판업,2013-03-01,12월
(주)뫼비우스,MOEBIUS,뫼비우스, ,김동일,기타법인,110111-1957004,105-86-11602,"경기도 파주시 문발로 171 (문발동, SBG) 1층", ,,"서적, 잡지 및 기타 인쇄물 출판업",2000-05-01,12월
주식회사 무노스,"MOONOS, Inc",무노스, ,임재일,기타법인,110111-7511218,643-87-01700,"서울특별시 마포구 마포대로 217 8층 (아현동, 크레디트센터빌딩)",https://www.moonos.net/,,시스템 소프트웨어 개발 및 공급업,2020-06-01,12월
(주)무노스,MOONOS,무노스, ,박현섭,기타법인,110111-2309189,107-86-04465,"서울특별시 마포구 마포대로 217 (아현동, 크레디트센터빌딩) 8층", ,,시스템 소프트웨어 개발 및 공급업,2010-10-05,12월
주식회사 무브인터렉티브,"MOVE INTERACTIVE Co.,Ltd.,",무브인터렉티브, ,김동성,기타법인,160111-0102246,314-81-48576,"서울특별시 마포구 성암로 330 (상암동, DMC첨단산업센터) A동601호",www.moveint.io,www.moveint.io,게임 소프트웨어 개발 및 공급업,2000-08-02,12월
(주) 무비락,MOVIEROCK,무비락, ,김재중,기타법인,110111-4766585,110-81-98377,서울특별시 서초구 능안말2길 15 (내곡동),없음,,"영화, 비디오물 및 방송프로그램 제작업",2012-01-03,12월
(주)무비랜드,"MOVIELAND CO.,LTD",무비랜드, ,원종성,기타법인,110111-1801342,105-86-04703,서울특별시 중구 필동 3-26 동국대학교 M관,www.movieland.co.kr,,데이터베이스 및 온라인정보 제공업,1999-11-03,12월
(주)무빙넷,"MOVINGNET CO.,LTD.",무빙넷, ,김순철,기타법인,110111-1797426,117-81-25685,서울특별시 영등포구 여의도동 14-31 한양빌딩 2층,www.zimpass.com,,데이터베이스 및 온라인정보 제공업,1999-10-27,12월
주식회사 무이테크,Mooii Tech,무이테크, ,임효상,기타법인,110111-2148363,220-86-04263,"충청남도 천안시 동남구 만남로 9 1742호 (신부동, 더샵)", ,,시스템 소프트웨어 개발 및 공급업,2001-01-11,12월
주식회사 무하유,MUHAYU Inc.,무하유, ,신동호,기타법인,110111-4644103,206-86-55577,"서울특별시 성동구 성수일로8길 5 A동 201,202,203호 (성수동2가, 서울숲SKV1TOWER)",www.muhayu.com/,,컴퓨터 프로그래밍 서비스업,2011-07-08,12월
(주)무한넷코리아,MooHannet,무한넷코리아, ,심영섭,기타법인,180111-0316968,621-81-37996,경기도 군포시 금정동 693-4 갑을빌딩 1층,www.moohan.net,,유선 통신업,2000-03-15,12월
(주)무한비트,"Muhanbit Co., Ltd.",무한비트, ,한남석,기타법인,110111-2129941,113-81-65986,서울특별시 강남구 봉은사로20길 54 (역삼동),www.muhanbit.com,,시스템ㆍ응용 소프트웨어 개발 및 공급업,2000-12-15,12월
주식회사 문앤폴라리스,"Moon&Poaris Co.,Ltd..",문앤폴라리스, ,문학동,기타법인,110111-3473298,110-81-75336,"서울특별시 중구 통일로 102 (의주로1가, 바비엥-1) 1205호", ,,시스템 소프트웨어 개발 및 공급업,2006-06-12,12월
(주)문자나라,"Munjanara Co.,Ltd.",문자나라, ,홍성하,기타법인,110111-1064122,220-81-15616,"서울특별시 강남구 테헤란로 311 (역삼동, 아남타워빌딩)", ,,시스템 소프트웨어 개발 및 공급업,1994-08-03,12월
주식회사 문피아,munpia inc.,문피아, ,손제호,기타법인,110111-5032258,264-81-08435,"서울특별시 강남구 강남대로 308 (역삼동, 랜드마크타워) 12층",www.munpia.com,,일반 서적 출판업,2012-12-27,12월
유한회사 문피아웹툰문화산업전문회사,Munpia Webtoon Cultural Industry Specialized company Ltd. SPC,문피아웹툰문화산업전문회사, ,"김환철, 신동운",기타법인,110114-0226537,393-86-00997,"서울특별시 강남구 강남대로 308 (역삼동, 랜드마크타워) 12층", ,,만화 출판업,2018-07-13,12월
(주)문학동네,"MUNHAKDONGNE PUBLISHING CO.,LTD",문학동네, ,강병선,기타법인,110111-1472010,208-81-24906,경기도 파주시 교하읍 문발리 513-8 출판문화정보산업단지,www.munhak.com,,일반 서적 출판업,1997-10-13,12월
(주)문화강국,Culture of Korea,문화강국, ,이정숙,기타법인,110111-1806970,211-86-59482,서울특별시 강남구 논현1동 20번지 광윤빌딩 2층,www.sorigol.co.kr,,데이터베이스 및 온라인정보 제공업,1999-11-11,12월
주식회사 문화방송,MBC,문화방송, ,안형준,기타법인,110111-0039069,116-81-13833,서울특별시 마포구 성암로 267 (주) 문화방송 (상암동),www.imbc.com,https://with.mbc.co.kr/,지상파 방송업,1961-12-02,12월
(주) 문화방송아이피티브이에스피씨,MBC IPTV SPC,문화방송아이피티브이에스피씨, ,송병희,기타법인,110111-4435114,107-87-41394,서울특별시 영등포구 여의도동 문화방송(주)빌딩 10층, ,,방송 프로그램 제작업,2010-09-15,12월
주식회사 문화방송케이티에스피씨,mbcktspc,문화방송케이티에스피씨, ,송병희,기타법인,110111-4238071,107-87-29411,서울특별시 영등포구 여의도동 문화방송(주)빌딩 8층, ,,방송 프로그램 제작업,2009-12-10,12월
(주) 문화일보,The Munhwa Ilbo Company,문화일보, ,이병규,기타법인,110111-0719471,110-81-30950,서울특별시 중구 충정로 1가 68번지,www.munhwa.com,,신문 발행업,1990-08-29,12월
주식회사 뮤즈라이브,MUZLIVE Inc.,뮤즈라이브, ,석철,기타법인,110111-5895193,724-86-00298,"서울특별시 마포구 월드컵북로56길 19 10층 (상암동, 드림타워)",www.kitbetter.com/kr,,음악 및 기타 오디오물 출판업,2015-11-19,12월
(주)뮤즈월드,"MUSEWORLD CO., LTD.",뮤즈월드, ,박경현,기타법인,110111-2023911,220-81-92670,서울특별시 강남구 역삼동 664-35,http://museworld.co.kr,,컴퓨터시스템 통합 자문 및 구축 서비스업,2000-07-12,12월
(주)뮤직시티,musiccity,뮤직시티, ,김민욱,기타법인,110111-2424044,211-87-07394,"서울특별시 강남구 논현동 211-20 강남빌딩2,4층",http://www.muz.co.kr,,데이터베이스 및 온라인정보 제공업,2002-01-17,12월
주식회사 뮤직시티미디어,"musiccity media co.,Ltd",뮤직시티미디어, ,홍원근,기타법인,110111-3077743,107-86-54679,경기도 고양시 일산동구 장항동 856-3 낙원프라자 501호, ,,라디오 방송업,2004-09-01,12월
주식회사 뮤직앤뉴,"Music&New Co., Ltd.",뮤직앤뉴, ,김우택,기타법인,110111-4071413,107-87-18796,"서울특별시 마포구 월드컵북로58길 10 6층(상암동, 팬엔터테인먼트사옥)", ,,영상ㆍ오디오 기록물 제작 및 배급업,2009-04-02,12월
(주) 뮤직엔필름컴퍼니,"MUSIC & FILM CREATION CO., LTD.",뮤직엔필름컴퍼니, ,조성우,기타법인,110111-1825897,105-86-06507,서울특별시 마포구 합정동 394-7,www.mnfc.co.ke,,일반 영화 및 비디오물 제작업,1999-12-10,12월
(주)뮤직카우,"Musicow, Inc.",뮤직카우, ,"정현경, 김지수",기타법인,110111-6002010,176-88-00310,서울특별시 마포구 토정로5길 17 2~5층(합정동),www.musicow.com,,응용 소프트웨어 개발 및 공급업,2016-04-25,12월
뮤투엔터테인먼트(주),"MU2 Entertainment Co., Ltd.",뮤투엔터테인먼트, ,김성화,기타법인,110111-2775554,211-87-32627,서울특별시 강남구 역삼동 654-3 프라자 빌딩 2층,www.mu2ent.com,,음악 및 기타 오디오물 출판업,2003-05-09,12월
(주)미니게이트,minigate,미니게이트, ,정훈,기타법인,110111-3043223,211-87-52128,서울특별시 금천구 가산동 459-11 제이플라츠 1105, ,,포털 및 기타 인터넷 정보매개 서비스업,2004-07-10,12월
주식회사 미디랩스,midilabs,미디랩스, ,양재원,기타법인,110111-7493680,686-81-01893,"서울특별시 서초구 서초대로46길 19-18 3층 301호 (서초동, 성진빌딩)", ,,"영화, 비디오물 및 방송프로그램 배급업",2020-05-26,12월
(주)미디어그룹사람과숲,"HUMAN&FOREST co., Ltd.",미디어그룹사람과숲, ,한윤기,기타법인,110111-2487703,120-86-35675,서울특별시 서초구 방배천로 155 (방배동) 2층, ,,소프트웨어 개발 및 공급업,2002-04-02,12월
(주)미디어넷플러스,MedianetPlus Limited,미디어넷플러스, ,김계홍,기타법인,110111-8482632,129-81-41126,"서울특별시 마포구 상암산로 82 (상암동, SBS프리즘타워)",sbsm.sbs.co.kr,,유선 방송업,2001-04-02,12월
(주)미디어래보러토리,"Media Laboratory Co., Ltd.",미디어래보러토리, ,유재학,기타법인,110111-1590143,211-86-46314,서울특별시 종로구 신문로2가 1-135,www.tubemusic.com,,데이터베이스 및 온라인정보 제공업,1998-09-25,12월
주식회사미디어랜드,Medialand. Inc,미디어랜드, ,이수희,기타법인,110111-1162447,220-81-19247,서울특별시 송파구 방이동 22-3 한국투자신탁증권 잠실사옥 4층,www.medialand.co.kr,,시스템 소프트웨어 개발 및 공급업,1995-05-30,12월
(주)미디어렉스,MEDIAREX.CORP,미디어렉스, ,서명원,기타법인,110111-2381658,107-86-08646,서울특별시 영등포구 당산동3가 264번지 대흥빌딩 3층,www.mediarex.co.kr,,프로그램 공급업,2001-11-22,12월
(주)미디어로그,Medialog corp.,미디어로그, ,송대원,기타법인,110111-1905441,114-81-96221,"서울특별시 마포구 월드컵북로56길 19 (상암동, 드림타워) 5층, 6층",www.medialog.co.kr,,그 외 기타 전기 통신업,2000-03-14,12월
(주)미디어밸리소프트웨어,"Media valley Software Co., Ltd",미디어밸리소프트웨어, ,김수영,기타법인,110111-1613573,220-81-56301,서울특별시 강남구 역삼동 831-46 후림빌딩 501호,www.mvsoft.co.kr,,시스템 소프트웨어 개발 및 공급업,1998-11-27,12월
미디어에스 주식회사,"Media S.Co.,Ltd",미디어에스, ,김혁,기타법인,110111-7739191,156-88-02032,"서울특별시 중구 퇴계로 10 (남대문로5가, 메트로타워) 11층",media-s.kr/,,"영화, 비디오물 및 방송프로그램 제작업",2021-01-05,12월
(주)미디어오늘,mediatoday,미디어오늘, ,이희정,기타법인,110111-1211278,102-81-38534,"서울특별시 영등포구 당산로47길 19 (당산동6가, 고암빌딩 3층)",www.mediatoday.co.kr/,,잡지 및 정기간행물 발행업,1995-11-06,12월
(주)미디어웹,Mediaweb INC.,미디어웹, ,김종인,기타법인,110111-1796486,206-81-18465,"서울특별시 금천구 가산디지털1로 149 1302(가산동, 신한이노플렉스)",www.mediaweb.co.kr,,응용 소프트웨어 개발 및 공급업,1999-10-26,12월
(주)미디어웹아이,"Mediaweb-I Co.,Ltd",미디어웹아이, ,성진일,기타법인,131111-0236842,129-86-36273,경기도 성남시 분당구 야탑동 358-2 아미고타워 7층,www.mediaweb.co.kr,,응용 소프트웨어 개발 및 공급업,2009-08-10,12월
주식회사 미디어윌,"Media Will CO.,LTD",미디어윌, ,주원석 장영보,기타법인,121111-0177973,130-86-37705,"경기도 부천시 원미구 신흥로 167 (중동, 신영빌딩) 3층",www.mediawill.com,,그 외 기타 정보 서비스업,2008-10-01,12월
주식회사 미디어윌네트웍스,"Mediawill Networks, Inc. ",미디어윌네트웍스, ,김병섭,기타법인,180111-0461896,617-81-48252,"서울특별시 강남구 테헤란로 322 (역삼동, 한신인터밸리24빌딩) 동관 20층",corp.alba.co.kr,,포털 및 기타 인터넷 정보매개 서비스업,2003-09-25,12월
주식회사 미디어윌홀딩스,"Media Will holdings Co., LTD",미디어윌홀딩스, ,"주원석, 장영보",기타법인,124311-0036578,130-81-34154,경기도 부천시 수도로 164 (도당동),www.findall.co.kr/www.mediawill.com,,정기 광고간행물 발행업,1992-09-01,12월
주식회사 미디어이음,"Media eum Co., Ltd.",미디어이음, ,김봉주,기타법인,110111-0930698,533-87-03551,"서울특별시 강서구 양천로 570 (등촌동, NH서울축산농협NH서울타워) 7층", ,,방송 프로그램 제작업,2025-07-01,12월
미디어젠(주),"MediaZen, Inc.",미디어젠,279600,송민규,코스닥시장,110111-2001842,209-81-25868,경기도 성남시 분당구 판교역로 230 삼환하이펙스B동 9층 제906호  (지번주소:경기도 성남시 분당구 삼평동,www.mediazen.co.kr,,응용 소프트웨어 개발 및 공급업,2000-06-20,12월
주식회사 미디어지니,"MEDIA GENIE Co., ltd.",미디어지니, ,윤용필,기타법인,110111-3213206,211-87-64212,"서울특별시 마포구 월드컵북로54길 25 (상암동, 상암DMC푸르지오시티,S-City) 5층",https://www.mediagenie.co.kr,,프로그램 공급업,2005-04-26,12월
주식회사 미디어캐슬,media castle,미디어캐슬, ,강상욱,기타법인,110111-3245069,107-86-65104,서울특별시 강남구 강남대로114길 20 (논현동) 동명빌딩 4층,www.playmovie.net,,"영화, 비디오물 및 방송프로그램 제작 관련 서비스업",2005-06-10,12월
(주)미디어캔,"Mediacan Co., Ltd.",미디어캔, ,김봉주,기타법인,110111-3896341,105-87-20374,"서울특별시 마포구 매봉산로 45 (상암동, KBS미디어센터) 18층",www.mediacan.co.kr/,,유선 방송업,2008-05-14,12월
(주)미디어커널,"MediaKernel.Co.,Ltd",미디어커널, ,차진영,기타법인,180111-1374461,605-81-47283,부산광역시 동구 범일동 830-266 우신빌딩8층,http://www.mediakernel.com,,시스템 소프트웨어 개발 및 공급업,2001-08-22,12월
주식회사 미디어코보코리아,media kobo korea INC.,미디어코보코리아, ,조남기,기타법인,110111-5067023,220-88-52696,"서울특별시 성동구 성수일로4길 25 (성수동2가, 서울숲코오롱디지털타워1차) 1404호", ,,컴퓨터 프로그래밍 서비스업,2013-02-14,12월
(주)미디어코프,"MEDIAcorp, INC.",미디어코프,053890,최영재,기타법인,110111-1574965,106-81-74153,서울특별시 강남구 대치동 997-10 (유니온빌딩 7층) ,준비중,,서적 출판업,1998-08-13,12월
(주)미디어트랜스,"mediatrans co.,ltd",미디어트랜스, ,강정구,기타법인,110111-1160384,116-81-51841,서울특별시 금천구 가산동 60-4 코오롱테크노벨리 805,mediatrans.co.kr,,통신 재판매업,1995-05-25,12월
(주)미디어파트너스, ,미디어파트너스, ,김근형,기타법인,110111-1261504,118-81-14099,서울특별시 강남구 청담동 132-12, ,,데이터베이스 및 온라인정보 제공업,1996-04-16,12월
주식회사 미디어팝,Media pop inc.,미디어팝, ,조진우,기타법인,110111-7516391,266-86-01786,"서울특별시 영등포구 국제금융로6길 33 919호 비497(여의도동, 맨하탄 빌딩)", ,,"영화, 비디오물 및 방송프로그램 제작 관련 서비스업",2020-07-16,12월
(주)미디어포스얼라이언스,Media4th Alliance,미디어포스얼라이언스, ,허승일,기타법인,110111-4857441,114-87-00538,"서울특별시 서초구 신반포로 304 5~6층 (반포동, 에이치원)", ,,기타 정보기술 및 컴퓨터운영 관련 서비스업,2012-05-01,12월
(주)미디어포트,"MEDIAPORT. CO.,LTD",미디어포트, ,문인영,기타법인,110111-3105445,220-86-93602,"서울특별시 강남구 역삼2동 707-10 승진빌딩 7,8층", ,,시스템 소프트웨어 개발 및 공급업,2004-10-26,12월
주식회사 미디어프론트,mediafront.co.ltd,미디어프론트, ,"박수왕, 박홍규, 박순우",기타법인,110111-1584055,120-81-82907,"서울특별시 서초구 명달로 94 (서초동, (주)삼성출판사사옥) 2층,3층",www.mediafront.co.kr,,광고 영화 및 비디오물 제작업,1998-09-15,12월
미디어프린팅넷(주),mpn,미디어프린팅넷, ,조주환,기타법인,170111-0383745,514-81-69507,경상남도 김해시 진영읍 본산로269번길 6 (본산리), ,,신문 발행업,2009-08-01,12월
주식회사 미디어플래닛,Mediaplanet Inc.,미디어플래닛, ,성상엽,기타법인,110111-1872228,211-86-90329,서울특별시 강남구 논현동 98 동익빌딩 7층,http://www.mediaplanet.co.kr,,시스템 소프트웨어 개발 및 공급업,2000-02-08,12월
주식회사 미디어플러스,"MEDIA PLUS CO.,LTD",미디어플러스, ,이택수,기타법인,110111-1317886,116-81-61112,서울특별시 종로구 사직동 262-85, ,,광고 영화 및 비디오물 제작업,1996-09-05,12월
주식회사 미디움,MEDIUM INC.,미디움, ,김판종,기타법인,284911-0191690,863-88-01091,서울특별시 강남구 학동로 211 (논현동) 4층, ,,시스템 소프트웨어 개발 및 공급업,2018-10-26,12월
주식회사 미띵스,"methinks Co.,Ltd",미띵스, ,윤정섭,기타법인,110111-6258390,473-86-00522,"경기도 성남시 분당구 판교로256번길 25 비동 5층(삼평동, 판교테크노밸리 씨3-7) (삼평동)", ,,게임 소프트웨어 개발 및 공급업,2016-12-14,12월
(주)미라콤아이앤씨,Miracom Inc.,미라콤아이앤씨, ,강석립,기타법인,110111-1617533,120-81-84846,"서울특별시 송파구 올림픽로35길 123 10층(신천동, 향군타워)",www.miracom-inc.com,,컴퓨터시스템 통합 자문 및 구축 서비스업,1998-12-08,12월
(주)미라클정보통신,qlmiracle ,미라클정보통신, ,전현용,기타법인,120111-0433491,131-86-02553,부산광역시 수영구 남천2동 3-2 삼성전자 남천사옥 6층, ,,유선 통신업,2007-05-09,12월
주식회사 미래넷,"Miraenet.co.,Ltd",미래넷, ,박광호,기타법인,110111-1393109,120-81-72146,서울특별시 서초구 양재2동 315-6 아산벤처타워,http://www.miraenet.com,,시스템 소프트웨어 개발 및 공급업,1997-03-22,12월
(주)미래랩,"MIRALAB CO., LTD.",미래랩, ,이정석,기타법인,110111-1735236,120-81-91309,서울특별시 강남구 삼성동, ,,시스템 소프트웨어 개발 및 공급업,1999-07-15,12월
(주)미래로시스템,Mirero Inc.,미래로시스템, ,두영수,기타법인,110111-1005366,229-81-09538,"경기도 용인시 기흥구 흥덕중앙로 120 (영덕동, U-TOWER) 203,204,2905호",www.mirero.co.kr,,응용 소프트웨어 개발 및 공급업,1994-01-30,12월
(주)미래성 ,"Miraesung Trading Co.,Ltd",미래성, ,구자화,기타법인,110111-1800857,214-86-41074,서울특별시 서초구 양재동 350-6,http://www.miraesung.com,,시스템 소프트웨어 개발 및 공급업,1999-11-02,12월
미래시티닷컴(주),"Miraecity.com Co., Ltd.",미래시티닷컴, ,하진식,기타법인,110111-1947013,214-86-55957,서울특별시 서초구 서초동 1358-6 송남빌딩 715호,www.miraecity.com,,시스템 소프트웨어 개발 및 공급업,2000-04-20,12월
미래아이닷컴,Miraei.com,미래아이닷컴, ,정부승,기타법인,110111-1891343,204-81-48298,서울특별시 동대문구 회기동 60-281,http://www.miraei.com,,데이터베이스 및 온라인정보 제공업,2000-02-28,12월
(주)미래아이앤지,"MiraeING.Co.,Ltd.",미래아이앤지,007120,김학수,유가증권시장,110111-0100951,114-81-10728,서울시 강남구 삼성로648 삼성동,www.miraeing.co.kr,,"컴퓨터 프로그래밍, 시스템 통합 및 관리업",1971-03-01,12월
(주)미래엔,"MiraeN Co.,Ltd",미래엔, ,신광수,기타법인,110111-0016869,214-81-04977,서울특별시 서초구 신반포로 321 (주)미래엔,www.mirae-n.com,,서적 출판업,1948-09-24,12월
주식회사 미래오성모빌리티,"Miraeohsung Mobility Co., Ltd.",미래오성모빌리티, ,김범창,기타법인,110111-5957836,366-88-00363,"서울특별시 금천구 가산디지털2로 67 804-78호(가산동, 에이스하이엔드타워7차)",www.osiv.kr,,기타 정보기술 및 컴퓨터운영 관련 서비스업,2016-01-26,12월
(주)미래온라인,MIRAEONLINE,미래온라인, ,"홍석환, 고석주",기타법인,131111-0047041,129-81-33010,경기도 성남시 분당구 서현동 271-1 ,www.miraeonline.com,,무선 및 위성 통신업,2000-03-09,12월
주식회사 미래와도전,"FNC Technology Co., Ltd.",미래와도전, ,이병철,기타법인,110111-2013532,119-81-39996,"서울특별시 관악구 관악로 1 135-306(신림동, 서울대학교)",www.fnctech.com,,시스템 소프트웨어 개발 및 공급업,2000-07-01,12월
(주)미래테크놀로지,"MIRAE TECHNOLOGY, CO., LTD.",미래테크놀로지,213090,임수익,기타법인,110111-1431347,120-81-74315,서울특별시 구로구 디지털로26길 123 지플러스코오롱디지털타워 907호,www.mirae-tech.co.kr,,시스템 소프트웨어 개발 및 공급업,1997-06-25,12월
미래투자파트너스,Miraeinvest,미래투자파트너스, ,이희문,기타법인,110111-5589910,113-86-93599,"서울특별시 강남구 테헤란로87길 17 (삼성동, 마젤란21아스테리움) 705호", ,,데이터베이스 및 온라인정보 제공업,2015-01-01,12월
(주)미로비젼,MIROVISION,미로비젼, ,채희승,기타법인,110111-1574676,101-81-45634,서울특별시 종로구 신문로 2가 1-151,www.mirovision.com,,"영화, 비디오물 및 방송프로그램 배급업",1998-08-24,03월
주식회사미로쿠정보서비스,"Miroku Jyoho Service Co., Ltd.",미로쿠정보서비스, ,코레에다 노부히코,기타법인, ,0111-01-020774,일본 도쿄도 신주쿠구 요츠야 4쵸메 29번지 1호,www.mjs.co.jp,,정보서비스업,1977-11-02,03월
(주)미르헨지,"Mirhenge co., Ltd.",미르헨지, ,"김진영, 박병오",기타법인,110111-4523050,113-86-45592,"서울특별시 영등포구 은행로 11 (여의도동, 일신빌딩) 1~2F",www.mirhenge.com,,컴퓨터시스템 통합 자문 및 구축 서비스업,2011-01-01,12월
(주) 미리디,"MIRI D.I.H Co.,ltd",미리디, ,강창석,기타법인,110111-3902651,113-86-21886,"서울특별시 구로구 디지털로33길 27 (구로동, 삼성IT밸리) 303호",www.miridih.com,,응용 소프트웨어 개발 및 공급업,2008-05-30,12월
주식회사 미셀주,"mecelljoo.co.,Ltd",미셀주, ,김기춘,기타법인,110111-7211850,597-86-01680,"서울특별시 구로구 디지털로32가길 16 (구로동, 파트너스타워2차) 401호", ,,그 외 기타 정보 서비스업,2019-09-02,12월
(주)미소정보기술,MISO Info Tech Inc.,미소정보기술, ,안동욱,기타법인,110111-3406364,220-87-25270,"서울특별시 성동구 광나루로 130 (성수동1가, 서울숲IT캐슬) 1010호",www.misoinfo.co.kr,,시스템 소프트웨어 개발 및 공급업,2006-03-02,12월
(주)미술과사람,yomiyomi,미술과사람, ,여수현,기타법인,110111-2935786,214-87-47279,서울특별시 마포구 서교동 464-41 미진빌딩 6층, ,,교과서 및 학습서적 출판업,2004-01-15,12월
주식회사 미스리 메신저,Misslee Messanger,미스리메신저, ,윤효윤,기타법인,131111-0214830,129-86-24520,"경기도 성남시 분당구 황새울로 234 (수내동, 분당트라팰리스) 939호",https://www.misslee.net/,,시스템 소프트웨어 개발 및 공급업,2008-08-01,12월
(주)미스터로맨스,Mr.Romance,미스터로맨스, ,"심세윤, 유재혁",기타법인,110111-4663773,211-88-64499,"서울특별시 강남구 언주로133길 21 2층 (논현동, 아이소이빌딩)",www.mrromance.co.kr,,"영화, 비디오물 및 방송프로그램 제작업",2011-08-10,12월
미스터블루(주),Mr. Blue Corporation,미스터블루,207760,조승진,코스닥시장,110111-5535038,107-88-30967,서울특별시 강서구 양천로 570 17~19 층,www.mrbluecorp.com/,http://www.mrblue.com,데이터베이스 및 온라인정보 제공업,2014-10-10,12월
미스터블루(주),Mr. Blue Corporation,미스터블루, ,조승진,기타법인,110111-2647167,220-86-52858,"서울특별시 마포구 동교로23길 27 (동교동, 청운빌딩)",www.mrblue.com,,만화 출판업,2002-11-06,12월
주식회사 미탭스플러스,Metaps Plus Inc. ,미탭스플러스, ,김승연,기타법인,110111-4194372,217-81-29623,"서울특별시 강남구 테헤란로 134 4층 (역삼동, 포스코P&S타워)",www.metapsplus.com/,,게임 소프트웨어 개발 및 공급업,2009-10-08,08월
(주)미투온,"ME2ON CO., LTD",미투온,201490,손창욱,코스닥시장,110111-4358382,120-87-55019,서울특별시 강남구 선릉로 577 4층(역삼동),www.me2on.com,https://www.me2on.com/board/board.php?bo_table=irdata,게임 소프트웨어 개발 및 공급업,2010-06-01,12월
(주)미트박스글로벌,MeatBox Global Inc.,미트박스,475460,김기봉,코스닥시장,131111-0375757,129-86-87864,서울특별시 강남구 테헤란로34길 22(역삼동) 미트박스빌딩,www.meatbox.co.kr,,기타 정보 서비스업,2014-05-19,12월
민간조달(주),MINKANJODAL,민간조달, ,한석상,기타법인,110111-2733502,215-86-39310,서울특별시 강남구 역삼동 827-67 2층,http://www.ejodal.com,,데이터베이스 및 온라인정보 제공업,2003-03-07,12월
주식회사 민음인,"minumIN Co.,Ltd",민음인, ,김세희,기타법인,110111-4189175,211-88-33701,서울특별시 강남구 신사동 506 강남출판문화센타, ,,서적 출판업,2009-09-29,12월
주식회사 민트로켓,Mintrocket,민트로켓, ,황재호,기타법인,131111-0749259,438-87-03256,"경기도 성남시 분당구 판교로 253 (삼평동, 판교이노밸리),  A동 3층,4층", ,,게임 소프트웨어 개발 및 공급업,2024-10-18,12월
민트모바일 주식회사,MINTMOBILE Corp.,민트모바일, ,김길연,기타법인,120111-1186932,702-87-02347,"인천광역시 연수구 컨벤시아대로 165 26층 v418호 (송도동, 포스코타워-송도)", ,,모바일 게임 소프트웨어 개발 및 공급업,2021-10-27,12월
(주)밀레21,"Mille21 Co.,Ltd",밀레21, ,유영진,기타법인,110111-1826267,214-86-43387,서울특별시 강남 역삼 814-6 동아극장 7층,http://www.mille21.com,,데이터베이스 및 온라인정보 제공업,1999-12-10,12월
(주)밀레니엄아이씨,mic,밀레니엄아이씨, ,김해영,기타법인,110111-2112996,214-86-71582,서울특별시 서초구 서초2동, ,,시스템 소프트웨어 개발 및 공급업,2000-11-17,12월
(주)밀레소프트벤처,"MILLE SOFTVENTURE CO.,LTD",밀레소프트벤처, ,정석주,기타법인,110111-1373341,201-81-20156,서울특별시 송파구 방이동 38-11 신아빌딩 302호,www.smille.co.kr,,시스템 소프트웨어 개발 및 공급업,2000-01-04,12월
(주)밀리언볼트,"MILLIONVOLT CO., LTD",밀리언볼트, ,맹주공,기타법인,110111-6959170,230-87-01085,"서울특별시 성동구 상원1길 26 (성수동1가, 서울숲A타워) 12층",www.millionvolt.com/,,애니메이션 영화 및 비디오물 제작업,2018-12-03,12월
(주)밉스소프트웨어,mips software,밉스소프트웨어, ,박민규,기타법인,180111-0249664,617-81-21044,부산광역시 동구 초량3동 162-4번지 3층,http://www.mips.co.kr,,게임 소프트웨어 개발 및 공급업,1998-01-20,12월
바나나컬쳐게이밍앤미디어 주식회사,"Banana Culture Gaming & Media Co., Ltd.",바나나컬쳐게이밍앤미디어, ,위영광,기타법인,110111-6859916,796-88-01087,"서울특별시 영등포구 양평로25길 8 (양평동5가, URBAN322) 4층 401호, 402호, 403호, 404호, 405호", ,,정보서비스업,2018-09-03,12월
바나플 주식회사,BANAPLE,바나플, ,송민기,기타법인,110111-8555083,215-86-82632,"서울특별시 강남구 테헤란로81길 9 (삼성동, 바나플빌딩)",www.banaple.co.kr/,,응용 소프트웨어 개발 및 공급업,2006-02-17,12월
(주)바닐라소프트,"VANILLA SOFT CO., LTD.",바닐라소프트, ,이용복,기타법인,110111-1760481,208-81-28294,서울특별시 강남구 역삼동 651-3 한신빌딩,www.vanilla.co.kr,,게임 소프트웨어 개발 및 공급업,1999-08-26,12월
바닐라스튜디오 주식회사,"Vanila Studio Co., Ltd",바닐라스튜디오, ,박기우,기타법인,110111-8002456,761-88-02246,"서울특별시 서초구 강남대로 311 (서초동, 한화생명보험빌딩) 1609호",www.linkedin.com/company/vanilastudio,,응용 소프트웨어 개발 및 공급업,2021-09-01,12월
바다소프트(주),"Badasoft..Co,Ltd",바다소프트, ,양행만,기타법인,110111-1925803,119-81-37149,서울특별시 관악구 남현동 1060-4 ,www.badasoft.com,,기타 정보기술 및 컴퓨터운영 관련 서비스업,2000-04-06,12월
주식회사 바다코리아,vadakorea,바다코리아, ,배기훈,기타법인,110111-5417145,119-86-88361,"서울특별시 강남구 언주로134길 32 (논현동, 씨앤에스빌딩)지하1층,2층,6층",www.vadakorea.com/,,시스템 소프트웨어 개발 및 공급업,2014-05-16,12월
주식회사 바달,"Badal Co.,LTD",바달, ,박승현,기타법인,110111-5970515,351-86-00294,"서울특별시 마포구 양화로11길 60 (서교동, 푸른숲서교)",www.ba-dal.com,,시스템ㆍ응용 소프트웨어 개발 및 공급업,2016-02-11,12월
주식회사바둑텔레비전,korea badook television.inc,바둑텔레비전, ,심용섭,기타법인,110111-1113812,117-81-12782,경기도 성남 분당 서현 249-1,www.onbadook.com,,프로그램 공급업,1994-12-29,12월
바라비티주식회사,"Bara-VT Korea Co.,Ltd.",바라비티, ,김영수,기타법인,110111-1405615,117-81-19354,서울특별시 강남구 청담동48-1 삼화빌딩502호,www. baltimore.co.kr,,시스템 소프트웨어 개발 및 공급업,1997-04-22,12월
주식회사 바람이분다,Barami Bunda,바람이분다, ,조정호,기타법인,110111-4902577,211-88-79819,서울특별시 강남구 삼성로119길 37-4 (삼성동), ,,방송 프로그램 제작업,2012-06-27,12월
주식회사 바람픽쳐스,Baram Pictures Corp.,바람픽쳐스, ,박호식,기타법인,110111-6319605,808-87-00711,"서울특별시 마포구 월드컵북로58길 10 (상암동, 팬엔터테인먼트사옥) 8층", ,,방송 프로그램 제작업,2017-02-16,12월
주식회사 바로고,CO.BAROGO,바로고, ,이태권,기타법인,110111-5396472,119-86-87135,"서울특별시 강남구 언주로134길 32 (논현동, 씨앤에스빌딩)",www.barogo.com,,소프트웨어 개발 및 공급업,2014-04-18,12월
(주)바로네트웍스,"varoneteworks co,.Ltd.",바로네트웍스, ,전병권,기타법인,110111-5232189,215-87-85373,"서울특별시 강남구 테헤란로82길 15 3층(대치동,디아이타워)",ㅂ,,데이터베이스 및 온라인정보 제공업,2013-09-25,12월
(주)바로커뮤니티,"BARO community co.,ltd",바로커뮤니티, ,박태범,기타법인,110111-1011181,120-81-38226,서울특별시 강남구 청담동 126-6,www.campcamp.net,,시스템 소프트웨어 개발 및 공급업,1994-04-23,12월
바른경제티브이 주식회사,"barun economic tv co.,ltd.",바른경제티브이, ,"강우진, 이종명",기타법인,110111-6779669,712-81-01057,"서울특별시 영등포구 국제금융로 10 (여의도동, 서울국제금융센터)", ,,위성 및 기타 방송업,2018-06-21,12월
주식회사 바른손스튜디오,"Barunsonstudio Co., Ltd.",바른손스튜디오, ,안은미,기타법인,110111-7816973,427-81-02181,"서울특별시 용산구 한남대로 130 (한남동, 볼보빌딩) 2층", ,,일반 영화 및 비디오물 제작업,2021-03-16,12월
(주)바른손이앤에이,Barunson Entertainment & Arts Corporation,바른손이앤에이,035620,"문양권, 최윤희",코스닥시장,110111-1354961,220-81-41526,서울특별시 용산구 한남대로 130 볼보빌딩 3층,www.barunsonena.com/,,"영화, 비디오물, 방송프로그램 제작 및 배급업",1996-12-20,12월
주식회사 바른손인터랙티브,BarunsonInteractive co.Ltd.,바른손인터랙티브, ,이승구,기타법인,110111-2689911,201-81-79360,서울특별시 강남구 삼성동 161-15 중앙빌딩 3층,www.barunsoninter.com,,컴퓨터 프로그래밍 서비스업,2003-01-09,12월
(주)바른컴퍼니,Barunn Company Inc.,바른컴퍼니, ,박정식,기타법인,140111-0002961,221-81-03108,"경기도 파주시 회동길 219 (문발동, 바른손카드)", ,,기타 인쇄물 출판업,1999-01-01,12월
바리코퍼레이션 주식회사,Baree Inc.,바리코퍼레이션, ,염승우,기타법인,110111-7387263,269-81-01780,"서울특별시 서초구 반포대로26길 15 2층(서초동, 리우빌딩)", ,,응용 소프트웨어 개발 및 공급업,2020-02-10,12월
(주)바비톡,"Babitalk Co.,Ltd",바비톡, ,신정인,기타법인,110111-7875242,836-86-02172,"서울특별시 서초구 강남대로 363 11층(서초동, 363강남타워)",https://web.babitalk.com/,,응용 소프트웨어 개발 및 공급업,2021-05-01,12월
주식회사 바스젠바이오,basgenbio,바스젠바이오, ,"김호, 장일태",기타법인,110111-6724911,724-81-01180,"서울특별시 마포구 마포대로 109 (공덕동, 롯데캐슬프레지던트) 19층 오(101동)-1901호",www.basgenbio.com,,소프트웨어 개발 및 공급업,2018-04-19,12월
(주)바운드엔터테인먼트,"Bound Entertainmnet, Inc",바운드엔터테인먼트, ,하연주,기타법인,110111-6871829,329-87-01288,"서울특별시 서초구 방배로 208 (방배동, 소암빌딩)", ,,일반 영화 및 비디오물 제작업,2018-09-18,12월
(주)바이나믹,"BYNAMIC CO., LTD.",바이나믹,067850,오승석,기타법인,110111-1774622,220-81-67263,서울특별시 강남구 역삼동 830-9 영광빌딩 3층 ,www.yellowfilm.com,,방송 프로그램 제작업,1999-09-16,12월
주식회사 바이너리코리아,"Binary Korea Co.,Ltd",바이너리코리아, ,김성민,기타법인,110111-8376562,240-86-02430,"서울특별시 용산구 한강대로 42 (한강로3가, HYBE) 8층", ,,시스템ㆍ응용 소프트웨어 개발 및 공급업,2022-07-26,12월
(주)바이널,"VINYL Co., LTD.",바이널, ,"조홍래, 박영민, 곽승훈",기타법인,110111-1964398,211-86-97846,"서울특별시 강남구 삼성로 757 3~6층 (청담동, 소성빌딩)",www.vi-nyl.com,,컴퓨터 프로그래밍 서비스업,2000-05-09,12월
(주)바이널씨,VINYLC,바이널씨, ,박영민,기타법인,110111-4959320,211-88-83574,"서울특별시 강남구 논현로 748 (논현동, 세화빌딩) 3-4층",www.vinylc.com/,,응용 소프트웨어 개발 및 공급업,2012-09-12,12월
(주)바이러스체이서,"virus chaser co.,Ltd",바이러스체이서, ,나상국,기타법인,110111-4883412,214-88-97820,"서울특별시 서초구 마방로2길 44 (양재동, 전신빌딩)",https://www.viruschaser.com/,,시스템 소프트웨어 개발 및 공급업,2012-06-01,12월
주식회사 바이버,viver,바이버, ,문제연,기타법인,110111-7778074,693-88-02128,"서울특별시 강남구 선릉로 818 (청담동, 디자이너크럽)", ,,출판업,2021-02-05,12월
(주)바이브컴퍼니,VAIV company Inc.,바이브컴퍼니,301300,김경서,코스닥시장,110111-2021501,120-86-08334,서울특별시 용산구 독서당로 97 (한남동),www.vaiv.kr,,응용 소프트웨어 개발 및 공급업,2000-07-08,12월
주식회사 바이셀스탠다드,Buysellstandards Inc ,바이셀스탠다드, ,신범준,기타법인,110111-7035606,803-88-01202,"서울특별시 영등포구 의사당대로 82 (여의도동, 하나증권빌딩) 11층",https://www.piece.run,,응용 소프트웨어 개발 및 공급업,2019-03-07,12월
(주)바이스톡,"BuyStock.co.,ltd",바이스톡, ,박성준,기타법인,110111-1750234,229-81-40000,서울특별시 용산구 한강로3가 16-58 용산전자오피스텔,http://www.buystock.co.kr,,데이터베이스 및 온라인정보 제공업,1999-08-09,12월
주식회사 바이엘,byL Corp.,바이엘, ,김경환,기타법인,110111-8323365,844-86-02377,"서울특별시 강남구 선릉로90길 34 (대치동, 우진사옥) 8층",www.byl.im,,응용 소프트웨어 개발 및 공급업,2022-06-07,12월
주식회사 바이클립,-,바이클립, ,박환효,기타법인,110111-6262466,225-87-00634,서울특별시 서초구 반포대로27길 16 (서초동) 파크빌딩 4층, ,,"컴퓨터 프로그래밍, 시스템 통합 및 관리업",2017-01-02,12월
(주)바이텍씨스템,BITEK SYSTEM INC.,바이텍씨스템, ,이백용,기타법인,110111-0556823,120-81-03917,경기도 성남시 분당구 대왕판교로 670 유스페이스 B 동 903호(삼평동),www.bitek.co.kr,,시스템 소프트웨어 개발 및 공급업,1988-01-08,12월
(주)바이텍정보통신,BITET INFORMATION & COMMICATION INC,바이텍정보통신, ,임현철,기타법인,110111-1047178,120-81-39623,서울특별시 강남구 삼성동159-1 무역센타 1404, ,,컴퓨터시스템 통합 자문 및 구축 서비스업,1994-06-20,12월
바이트댄스 주식회사,"ByteDance Co., Ltd",바이트댄스, ,Liu Zhao,기타법인,170111-0686454,396-87-01084,서울특별시 강남구 영동대로 417 (대치동) 지하1층 (오토웨이타워), ,,시스템 소프트웨어 개발 및 공급업,2018-06-19,12월
(주)바인아이엔지,"baining.co.,ltd",바인아이엔지, ,박순영,기타법인,160111-0093841,314-81-31100,대전광역시 서구 만년동 358 팝콘빌딩 4층, ,,데이터베이스 및 온라인정보 제공업,2000-02-22,12월
(주)박스인시네,"BOXINCINE.CO.,LTD",박스인시네, ,김선욱,기타법인,176011-0042983,513-81-38355,경상북도 구미시 공단동 253-2, ,,영화관 운영업,2005-09-29,12월
주식회사 박영사,pakyoungsa,박영사, ,"안종만, 안상준",기타법인,110111-0862254,110-81-34015,"서울특별시 금천구 가산디지털2로 53 (가산동, 한라시그마밸리)210호",www.pakyoungsa.co.kr,,서적 출판업,1992-06-04,12월
(주)반장프렌즈,"BANJANG FRIENDS Co., Ltd.",반장프렌즈, ,"강중식, 최대열",기타법인,110111-7514410,566-86-01857,"서울특별시 강남구 테헤란로 124 (역삼동, 삼원타워) 17층", ,,그 외 기타 정보 서비스업,2020-06-09,12월
발라모굴리스소프트 주식회사,Valarmoguhlissoft Com,발라모굴리스소프트, ,한순례,기타법인,110111-6350328,296-88-00540,"서울특별시 종로구 새문안로 68 (신문로1가, 흥국생명빌딩)", ,,소프트웨어 개발 및 공급업,2017-03-20,08월
(주)방송과사람,Construction Real Estate Television,방송과사람, ,김홍범,기타법인,110111-2911041,107-86-43153,대구광역시 북구 침산동 416-8,www.crtv.co.kr,,프로그램 공급업,2003-12-10,12월
배네코 주식회사,"BAENECO CO.,Ltd",배네코, ,허수미,기타법인,110111-4695502,107-87-58895,"서울특별시 영등포구 여의대로 56 (여의도동, 한화증권빌딩)", ,,소프트웨어 개발 및 공급업,2011-09-27,09월
주식회사 배움닷컴,Baeoom.com Inc.,배움닷컴, ,임춘수,기타법인,110111-1865306,120-81-98980,서울특별시 강남구 삼성동 141-28 동신빌딩 5층, ,,데이터베이스 및 온라인정보 제공업,2000-01-28,12월
(주)배틀탑,Battletop Co. Ltd.,배틀탑, ,김태용,기타법인,110111-1548853,112-81-49872,서울특별시 강남구 대치동 994-3 메디다스벤처타워 6층,www.battletop.com,,데이터베이스 및 온라인정보 제공업,1998-06-08,12월
백호프오토메이션 주식회사,Tri-TEK Corp.,백호프오토메이션, ,유기석,기타법인,110111-1188584,116-81-37382,"서울특별시 금천구 가산디지털2로 115 1201호,1202호(가산동, 대륭테크노타운3차)", ,,시스템 소프트웨어 개발 및 공급업,1995-08-25,12월
(주)밴하우스,vanhouse,밴하우스, ,유기정,기타법인,110111-1858450,206-81-21335,서울특별시 광진구 구의동 546-4 테크노마트빌딩 34층 1호,www.vanhouse.co.kr,,게임 소프트웨어 개발 및 공급업,2000-01-20,12월
주식회사 밸럽스,-,밸럽스, ,강성재,기타법인,110111-3829805,108-81-82912,경기도 안양시 만안구 덕천로 52 (안양동) 청솔프라자 502, ,,"컴퓨터 프로그래밍, 시스템 통합 및 관리업",2013-08-09,12월
(주)밸로프,"VALOFE Co.,Ltd.",밸로프,331520,신재명,코스닥시장,110111-7171731,737-81-01610,서울특별시 금천구 남부순환로 1282 밸로프타워,없음,,소프트웨어 개발 및 공급업,2019-07-15,12월
(주)밸로프,"VALOFE Co., Ltd.",밸로프, ,신재명,기타법인,110111-3671602,120-87-14959,"서울특별시 금천구 디지털로 130 601,602,603호(가산동, 남성프라자)",www.valofe.com,,유선 온라인 게임 소프트웨어 개발 및 공급업,2007-05-03,12월
주식회사 밸류라이징,Value rising,밸류라이징, ,박성민,기타법인,131111-0632462,792-81-02348,"경기도 용인시 기흥구 죽전로 17 (보정동, 풍산프라자) 801호내 에이치 226", ,,모바일 게임 소프트웨어 개발 및 공급업,2021-05-26,12월
주식회사밸류링크유,"ValuelinkU Co., Ltd",밸류링크유, ,남영수,기타법인,110111-6621208,155-86-00662,"서울특별시 마포구 마포대로 19 (마포동, 신화빌딩) 1005-6호",www.valuelinku.com,,응용 소프트웨어 개발 및 공급업,2018-01-08,12월
(주)밸류버거시스템즈,Value Burger Systems Inc.,밸류버거시스템즈, ,이성한,기타법인,110111-2166109,105-86-21906,서울특별시 금천구 가산동 60-69 엘리시아 14층 1401,www.mteksoft.com,,시스템 소프트웨어 개발 및 공급업,2001-02-07,12월
(주)밸류스페이스,"ValueSpace co., Ltd",밸류스페이스, ,최연욱,기타법인,110111-2570227,220-86-43010,서울특별시 강동구 성내동551-1 삼원타워5층,www.valuespace.co.kr,,컴퓨터시스템 통합 자문 및 구축 서비스업,2002-07-01,12월
주식회사 뱅모프로덕션,"Bangmo Production Co., Ltd.",뱅모프로덕션, ,홍은영,기타법인,110111-6633972,213-86-41839,서울특별시 서초구 도구로 127 (방배동), ,,방송 프로그램 제작업,2018-01-17,12월
뱅크웨어글로벌(주),"Bankware Global Co., Ltd.",뱅크웨어글로벌,199480,"이경조, 이은중",코스닥시장,110111-5141877,106-86-72164,서울특별시 중구 서소문로11길 19 B동 12층,bankwareglobal.com,bankwareglobal.com,응용 소프트웨어 개발 및 공급업,2010-06-03,12월
(주)뱅크타운,"Banktown Co., Ltd",뱅크타운, ,김춘길,기타법인,110111-2328965,117-81-35316,서울특별시 양천구 목동 924 한국통신정보전산센터,www.banktown.com,,시스템 소프트웨어 개발 및 공급업,2001-09-11,12월
(주)뱅크풀,"Bankpool Co., Ltd.",뱅크풀, ,이성렬,기타법인,110111-2017857,220-81-91967,서울특별시 강남구 역삼동 647-9 삼성역삼빌딩 17층,http://www.how2loan.com,,시스템 소프트웨어 개발 및 공급업,2000-07-05,12월
(주)버넥트,"VIRNECT Co., Ltd.",버넥트,438700,하태진,코스닥시장,205511-0049363,194-81-00551,서울특별시 용산구 한강대로7길 10-15  버넥트 익스피리언스센터,www.virnect.com,,응용 소프트웨어 개발 및 공급업,2016-10-04,12월
(주)버드커뮤니케이션,"BIRD COMMUNICATION CO.,LTD.",버드커뮤니케이션, ,김창열,기타법인,110111-1814535,120-81-95964,서울특별시 강남구 대치동 890-44 두원빌딩 3층,www.birdcom.com,,게임 소프트웨어 개발 및 공급업,1999-11-24,12월
버디버디 주식회사,"BuddyBuddy Co., Ltd.",버디버디, ,김형철,기타법인,110111-1850828,110-81-44264,서울특별시 구로구 구로동 222-12 마리오타워 2층,www.buddybuddy.co.kr,,데이터베이스 및 온라인정보 제공업,2000-01-13,12월
버라이존코리아 주식회사,Verizon Korea Limited,버라이존코리아, ,패르틱알룬설리반,기타법인,110111-1645659,101-81-47985,"서울특별시 강남구 테헤란로 152 41층 (역삼동, 강남파이낸스센터)", ,,그 외 기타 전기 통신업,1999-02-04,12월
주식회사 버즈피아,"Buzzpia Co., Ltd. ",버즈피아, ,유강원,기타법인,131111-0321651,144-81-04722,"경기도 성남시 분당구 판교역로 235 (삼평동, 에이치스퀘어엔동) 6층", ,,출판업,2012-08-31,12월
(주)버츄얼웨어,Virtualware Co. Ltd,버츄얼웨어, ,구경백,기타법인,110111-1445132,105-81-88542,서울특별시 강남구 논현동 14-2 백송빌딩 4층,www.virtualware.co.kr,,시스템 소프트웨어 개발 및 공급업,1997-08-01,12월
주식회사 버키,BALKY,버키, ,"변준석, 전상호",기타법인,110111-6140654,381-88-00362,"서울특별시 강남구 논현로 404 4층(역삼동, 정안빌딩)",www.balky.kr,,소프트웨어 개발 및 공급업,2016-08-04,12월
(주)버킷스튜디오,"BUCKET STUDIO Co.,Ltd.",버킷스튜디오,066410,강지연,코스닥시장,110111-1646889,120-81-86617,서울특별시 강남구 언주로135길 21 (논현동),www.towin-global.com,,전기 통신업,1999-02-05,12월
주식회사 버튼스,"Buttons Co., Ltd.",버튼스, ,김현,기타법인,110111-8876463,807-86-02854,서울특별시 강남구 테헤란로98길 8 5층(대치동), ,,게임 소프트웨어 개발 및 공급업,2024-02-23,12월
버프컨트롤,Buff Control Inc.,버프컨트롤, ,최조은,기타법인,110111-5749176,665-86-00081,서울특별시 강동구 천중로 213 (길동)1137호, ,,일반 서적 출판업,2015-06-11,12월
번개장터 주식회사,Bungaejangter Inc.,번개장터, ,최재화 강승현,기타법인,110111-4525030,113-86-45836,"서울특별시 서초구 서초대로38길 12 타워2, 7층 , 10층 (서초동, 마제스타시티)",m.bunjang.co.kr,,응용 소프트웨어 개발 및 공급업,2011-02-01,12월
(주)범일정보,"BUMIL Information Co., Ltd",범일정보, ,박영기,기타법인,170111-0067729,502-81-29666,대구광역시 수성구 알파시티1로35길 5 (대흥동),-,,컴퓨터시스템 통합 자문 및 구축 서비스업,1993-07-08,12월
주식회사 베넥스,"VANEX CO., LTD.",베넥스, ,박규태,기타법인,110111-2175499,114-86-06461,서울특별시 마포구 동교동 165-8 LG팰리스빌딩 506호,www.vanex.co.kr,,컴퓨터시스템 통합 자문 및 구축 서비스업,2001-02-21,12월
베리굿스튜디오(주),VERYGOODSTUDIO,베리굿스튜디오, ,조성걸,기타법인,110111-5471969,105-88-06554,서울특별시 마포구 와우산로29가길 54-8 (서교동) 1층,verygood-studio.com,,"영화, 비디오물 및 방송프로그램 제작 관련 서비스업",2014-08-06,12월
주식회사 베리미디어,"G-TELEVISION CO.,LTD",베리미디어, ,하용운,기타법인,110111-2140723,220-86-03094,"서울특별시 강서구 까치산로 112 4층 (화곡동, 티브로드강서방송(주))",www.igtv.co.kr,,프로그램 공급업,2001-01-01,12월
주식회사 베리어스 아트텍,various artech,베리어스아트텍, ,장완규,기타법인,170111-0842577,178-88-02444,대구광역시 수성구 달구벌대로 2881, ,,영상ㆍ오디오 기록물 제작 및 배급업,2021-10-29,12월
베리타스소프트웨어(주),VERITAS SOFTWEAR INC,베리타스소프트웨어, ,김석한,기타법인,110111-3159591,220-87-03863,"서울특별시 영등포구 여의대로 8 A동 3402호(여의도동, 여의도파크센터)", ,,컴퓨터시스템 통합 자문 및 구축 서비스업,2005-02-14,12월
베리타스코리아 유한회사,Veritas Korea,베리타스코리아, ,"래리오웬마틴, 헨크산자이코마르나토니",기타법인,110114-0162327,763-88-00152,"서울특별시 송파구 올림픽로 300 (신천동, 롯데월드타워앤드롯데월드몰) 35층",www.veritas.com/ko/kr,,컴퓨터시설 관리업,2015-07-03,03월
주식회사 베스텔라랩,VEStellaLab Inc.,베스텔라랩, ,정상수,기타법인,110111-6842606,302-88-01107,경기도 성남시 분당구 판교로289번길 20 2동 8층, ,,데이터베이스 및 온라인정보 제공업,2018-08-16,12월
주식회사 베스트인터넷,Best internet.inc,베스트인터넷, ,이한순,기타법인,110111-1653363,201-81-23997,서울특별시 서초구 서초동 1713-1,www.bi.co.kr,,데이터베이스 및 온라인정보 제공업,1999-02-23,12월
베스트존,Best Zone,베스트존, ,김숙자,기타법인,160111-0090920,305-81-35136,대전광역시 동구 용전동 167-1 한국통신 용전전화국청사 3층 405호,webload.net,,기타 정보기술 및 컴퓨터운영 관련 서비스업,1999-12-22,03월
베스티안파트너스(주),"Bestian Partners Co., Ltd.",베스티안파트너스, ,오현성,기타법인,160111-0095285,314-81-31847,서울특별시 마포구 동교동 LG펠리스빌딩 8층,www.b-p.co.kr,,시스템 소프트웨어 개발 및 공급업,2000-03-20,12월
베스핀글로벌 주식회사,Bespin Global Inc.,베스핀글로벌, ,"이해민, LEE JOHN HANJOO",기타법인,131111-0426097,638-87-00223,"서울특별시 서초구 강남대로 327 (서초동, 대륭서초타워) 13, 14, 15, 16층",www.bespinglobal.com,,컴퓨터시스템 통합 자문 및 구축 서비스업,2015-10-19,12월
주식회사 베어로보틱스코리아,Bear Robotics Korea Inc.,베어로보틱스코리아, ,김준수,기타법인,110111-6516532,148-88-00881,"서울특별시 성동구 성수일로 10 (성수동1가, 서울숲ITCT지식산업센터)", ,,시스템 소프트웨어 개발 및 공급업,2017-09-14,12월
(주)베어엔터테인먼트,"Bear Entertainment inc,.",베어엔터테인먼트, ,허대영,기타법인,110111-1026065,120-81-37815,서울특별시 강남구 삼성동 159-9 도심공항타워 7층 705,www.ibear.co.kr,,일반 영화 및 비디오물 제작업,1994-04-11,12월
(주)베이글코드,"Bagelcode, Inc.",베이글코드, ,"김준영, 윤일환",기타법인,110111-5024875,107-87-84490,"서울특별시 강남구 테헤란로 328 (역삼동, 동우빌딩) 16층", ,,유선 온라인 게임 소프트웨어 개발 및 공급업,2012-12-17,12월
(주)베이넥스,"Baynex Co., Ltd",베이넥스, ,연광흠,기타법인,110111-3341594,107-86-71299,"서울특별시 영등포구 당산로41길 11 (당산동4가, 당산SKV1center) 더블유동 1209 ~1212 비202호",www.baynex.co.kr,,기타 정보기술 및 컴퓨터운영 관련 서비스업,2005-12-01,12월
주식회사 베이리스,"BEYLESS CO.,LTD.",베이리스, ,김형준,기타법인,110111-4789701,214-88-90958,"대구광역시 북구 연암로 40 (산격동, 대구광역시산격청사) 201동 4층",www.beyless.com/,,응용 소프트웨어 개발 및 공급업,2012-02-06,12월
베이브닷컴(주),Veib.com,베이브닷컴, ,김재은,기타법인,110111-1540726,116-81-68186,서울특별시 영등포구 여의도동 34-2 부국증권빌딩 906호,www.veib.com,,시스템 소프트웨어 개발 및 공급업,1998-05-01,12월
(주)베이비이천,(c)baby2000,베이비이천, ,최재혁,기타법인,110111-1858442,215-81-85968,서울특별시 서초구 양재동 67-5 대원빌딩 402호,www.baby2000.co.kr,,데이터베이스 및 온라인정보 제공업,2000-01-20,12월
주식회사 베이스스토리,"BASESTORY CO.,LTD.",베이스스토리, ,김정미,기타법인,110111-6474342,497-87-00826,"서울특별시 마포구 월드컵북로 323 6층, 7층(상암동, 제일라아트홀)", ,,방송 프로그램 제작업,2017-08-08,12월
주식회사 베이칩스,"Baychips Co.,Ltd",베이칩스, ,최낙규,기타법인,110111-2979734,110-81-65600,"서울특별시 마포구 성암로 189 (상암동, 중소기업DMC타워) 20층 2002-1호",baychips.com/,,소프트웨어 개발 및 공급업,2004-04-01,12월
(주)베텐벨,BETENBEL,베텐벨, ,안진균,기타법인,110111-2178039,206-81-55607,서울특별시 송파구 석촌동 60-16 동양빌딩 5층, ,,시스템 소프트웨어 개발 및 공급업,2001-03-01,12월
주식회사 벡터코리아아이티,Vector Korea IT,벡터코리아아이티, ,"토마스알버트벡, 토마스가이어",기타법인,110111-3757402,113-86-16516,서울특별시 용산구 한남대로11길 12 고뫄스빌딩 5층 (한남동), ,,컴퓨터 프로그래밍 서비스업,2007-09-19,12월
(주)벤처테크,"Venture Technology Co.,Ltd",벤처테크, ,안창용,기타법인,110111-1764334,107-81-70126,서울특별시 영등포구 여의도동 중소기업중앙회 빌딩 8층,www.cyberventure.co.kr,,시스템 소프트웨어 개발 및 공급업,1999-09-01,12월
벤처포럼비아이(주),"Venture Forum BI Co., Ltd.",벤처포럼비아이, ,신재균,기타법인,110111-1838494,110-81-46146,경기도 성남시 분당구 판교로 323, ,,시스템 소프트웨어 개발 및 공급업,1999-12-28,12월
주식회사 벤티지홀딩스,"Vantage Holdings Co., LTD.",벤티지홀딩스, ,"정의석, 한영철",기타법인,194911-0000874,612-81-02232,서울특별시 강남구 신사동 600, ,,일반 영화 및 비디오물 제작업,1987-07-09,12월
주식회사 벨로크,Bellock Inc.,벨로크,424760,이정현,코스닥시장,110111-8233415,693-87-02475,울산광역시 중구 종가8길 45 (복산동),www.bellock.co.kr,,"컴퓨터 프로그래밍, 시스템 통합 및 관리업",2022-03-17,12월
벨정보(주),Bell information technology.Inc,벨정보, ,김철호 백휘형,기타법인,170111-0170895,502-81-51722,대구광역시 달서구 달서대로 559 (신당동) 이노비즈타워 410호,www.bellinfo.co.kr,,컴퓨터시스템 통합 자문 및 구축 서비스업,2000-04-04,12월
병원과컴퓨터(주),BYUNGCOM INC.,병원과컴퓨터, ,이민경,기타법인,110111-2242884,117-81-33676,서울특별시 강남구 역삼로2길 16 (역삼동) 9층, ,,시스템 소프트웨어 개발 및 공급업,2001-05-21,12월
보고정보시스템(주),BOGO INFORMATION SYSTEM,보고정보시스템, ,송상선,기타법인,110111-1513913,116-81-67381,"서울특별시 금천구 벚꽃로 286 508호(가산동, 삼성리더스타워)", ,,컴퓨터시스템 통합 자문 및 구축 서비스업,1998-02-15,12월
(주)보나비젼,Bonavision Inc.,보나비젼, ,신홍식,기타법인,110111-1431181,211-86-23311,서울특별시 서초구 잠원동 76-4 우진빌딩 6층,http://www.Bonavision.net,,시스템 소프트웨어 개발 및 공급업,1997-07-19,12월
보나캠프주식회사,"BONACAMP Co.,Ltd",보나캠프, ,강기성,기타법인,110111-2042432,214-86-65741,"서울특별시 금천구 디지털로9길 68 (가산동, 대륭포스트타워5차) 20층",www.bona-camp.com,,응용 소프트웨어 개발 및 공급업,2000-08-03,12월
주식회사 보난자팩토리,"Bonanza Factory Co,.Ltd.",보난자팩토리, ,김영석,기타법인,110111-6297942,818-88-00715,"서울특별시 영등포구 양평로 12 (당산동6가, 정오빌딩) 7층", ,,시스템 소프트웨어 개발 및 공급업,2017-01-23,12월
주식회사 보더리스필름,Borderless Film,보더리스필름, ,박세진,기타법인,110111-6668292,116-86-01012,서울특별시 영등포구 국회대로30길 10 2층(당산동3가), ,,"영화, 비디오물 및 방송프로그램 제작업",2018-02-23,12월
주식회사 보더스티엠,VODUS TM,보더스티엠, ,김순경,기타법인,110111-3237446,220-87-10063,서울특별시 강남구 역삼동 648-3 아로마빌딩 1층,www.voduskorea.com,,시스템 소프트웨어 개발 및 공급업,2005-05-27,12월
(주)보라존,"Borazone Co., Ltd.",보라존, ,"최동욱, 한희택",기타법인,110111-1971228,105-86-12372,서울특별시 마포구 상암동 DMC단지 E3-2 산학협력연구센터 10층, ,,프로그램 공급업,2000-05-17,12월
(주)보람엔터테인먼트,BORAM ENTERTAINMENT CO.,보람엔터테인먼트, ,이주익,기타법인,110111-2850249,211-87-38301,서울특별시 강남구 논현동 9-14 2층, ,,일반 영화 및 비디오물 제작업,2003-07-01,12월
보람정보산업(주),boramgroup,보람정보산업, ,오준오,기타법인,220111-0021930,604-81-37410,"서울특별시 강남구 테헤란로 151 (역삼동, 역삼하이츠빌딩) 3층", ,,컴퓨터 프로그래밍 서비스업,1998-04-01,12월
주식회사 보람패밀리,BORAM FAMILY,보람패밀리, ,김지은,기타법인,110111-6420014,822-81-00807,"서울특별시 용산구 이촌로54길 5 (이촌동, 코스모스맨션) 101호", ,,프로그램 공급업,2017-06-09,12월
(주) 보보텍,"VOVOTEC CO.,LTD",보보텍, ,문정호,기타법인,110111-1774169,206-81-17618,서울특별시 중구 신당5동 101-7 동원빌딩 7층,http://www.vovo.co.kr,,시스템 소프트웨어 개발 및 공급업,1999-09-15,12월
주식회사 보스윈,BOSWIN,보스윈, ,강승식,기타법인,110111-1291204,106-81-61319,서울특별시 동작구 사당동 1047-25 한화빌딩 2층,www.boswin.com,,시스템 소프트웨어 개발 및 공급업,1996-07-01,12월
보스포러스인베스트먼트 주식회사,"Bosphorus Investment Co., Ltd",보스포러스인베스트먼트, ,최정필,기타법인,180111-1032232,640-87-00323,"부산광역시 부산진구 동천로 4 (전포동, 지오플레이스) 6층", ,,영화관 운영업,2016-05-04,12월
(주)보안마법사,Security Wizard,보안마법사, ,박창민,기타법인,110111-1940124,220-81-84637,서울특별시 서초구 양재동 276-1 대성빌딩 4층,www.securewiz.net,,시스템 소프트웨어 개발 및 공급업,2000-04-14,03월
보이스아이(주),"VOICEYE Co., Ltd.",보이스아이, ,은유진,기타법인,110111-7707007,212-87-02086,"서울특별시 송파구 정의로8길 4 (문정동, KD70)",www.voiceye.com,,소프트웨어 개발 및 공급업,2020-12-07,12월
주식회사 보이스텍,Voicetech Inc,보이스텍, ,강수웅,기타법인,110111-1720443,208-81-27903,서울특별시 영등포구 여의도동 25-11 한진해운빌딩 15층,www. voicetech.co.kr,,시스템 소프트웨어 개발 및 공급업,1999-06-23,12월
주식회사 보이저엑스,VoyagerX,보이저엑스, ,남세동,기타법인,110111-6338655,852-88-00656,서울특별시 서초구 서초대로38길 12 마제스타시티타워1 10층,www.voyagerx.com,,응용 소프트웨어 개발 및 공급업,2017-03-08,12월
주식회사 보천가족,cinemine,보천가족, ,김형일,기타법인,110111-2737306,106-86-17991,서울특별시 강남구 신사동 666-6, ,,영화관 운영업,2003-03-13,12월
복스넷,"voxnet co., ltd",복스넷, ,조성민,기타법인,110111-1841124,109-81-61109,서울특별시 영등포구 당산동1가 307번지 성도빌딩 4층,www.voxnet.co.kr,,시스템 소프트웨어 개발 및 공급업,1999-12-30,12월
(주)본엔터테인먼트,VON ENTERTAINMENT INC.,본엔터테인먼트, ,남궁본,기타법인,110111-0758239,211-86-42185,서울특별시 강남구 대치동 1024 나산빌딩 3층,www.vonentertainment.com,,일반 영화 및 비디오물 제작업,1991-03-11,12월
(주)본정보,"Boninfo Co., Ltd.",본정보, ,김명호,기타법인,110111-5921477,582-88-00285,"서울특별시 강서구 양천로 547 15층, 1501호 (가양동, 마스터밸류)",www.boninfo.co.kr,,기타 정보기술 및 컴퓨터운영 관련 서비스업,2015-12-18,12월
주식회사 본팩토리,"BON FACTORY CO.,LTD",본팩토리, ,"문석환, 오광희",기타법인,110111-3954298,211-88-17389,서울특별시 강남구 삼성로119길 45 (삼성동)4층, ,,"영화, 비디오물 및 방송프로그램 배급업",2008-08-18,12월
주식회사 봉봉,vonvon inc,봉봉, ,김종화,기타법인,131111-0398048,144-81-35166,"서울특별시 서초구 효령로77길 28 (서초동, 경농사옥) 3층", ,,정보서비스업,2015-01-01,12월
(주)부동산닷컴,"Budongsan.com co., Ltd.",부동산닷컴, ,하태웅,기타법인,110111-1900194,110-81-45017,서울특별시 구로구 구로3동 212-30 에이스 트윈타워 2차 1105호,http://www.Budongsan.com,,데이터베이스 및 온라인정보 제공업,2000-03-08,03월
부동산일번지(주),Real Estate 1st,부동산일번지, ,이태규,기타법인,110111-1767594,214-86-38977,서울특별시 강남구 역삼동 719-4 도원빌딩 10층, ,,데이터베이스 및 온라인정보 제공업,1999-10-01,12월
부동산일일사주식회사,Real Estate 114 Inc.,부동산일일사, ,김성은,기타법인,110111-1705205,211-86-53421,"서울특별시 서초구 효령로 346 8층, 9층(서초동, 에이치디씨 랩스타워)",www.r114.com,,데이터베이스 및 온라인정보 제공업,1999-05-28,12월
주식회사부드러운돌멩이,"SOFT ROCK Co.,Ltd.",부드러운돌멩이, ,송현석,기타법인,110111-7487526,865-81-01803,"서울특별시 성동구 연무장5길 9-16 (성수동2가, 블루스톤타워) 10층 1003,1004,1005호", ,,출판업,2020-05-15,12월
(주)부뜰정보시스템,"Buttle Information Systems co.,Ltd",부뜰정보시스템, ,서철욱,기타법인,110111-1500225,229-81-30593,"서울특별시 영등포구 영등포로 144 (당산동1가, (주)유니디아)",www.buttle.co.kr,,시스템 소프트웨어 개발 및 공급업,1998-01-10,12월
부루소인터내셔날(주),Buruso International,부루소인터내셔날, ,오상균,기타법인,110111-1800469,107-81-72819,서울특별시 영등포구 여의도동 대하빌딩 1001호,www.buruso.com,,시스템 소프트웨어 개발 및 공급업,1999-11-01,12월
주식회사 부릉,Vroong,부릉, ,"김형설, 채윤서",기타법인,110111-5049055,206-86-73707,"서울특별시 서초구 강남대로 577 (잠원동, HY빌딩) 3,4층", ,,정보서비스업,2013-01-18,12월
주식회사 부릉솔루션스,"Vroong Solutions Co., Ltd.",부릉솔루션스, ,최지현,기타법인,131111-0478288,248-88-00779,"경기도 성남시 분당구 황새울로 216 (수내동, 휴맥스빌리지) 12층", ,,그 외 기타 정보 서비스업,2017-04-14,12월
(주)부림특수유통,-,부림특수유통, ,추교정,기타법인,110111-2663551,214-87-24261,서울특별시 강남구 대치동 889-47 샹제리제센터 B동 502호,-,,자료 처리업,2002-12-01,12월
주식회사 부산극장,Busan Theater,부산극장, ,연제민,기타법인,180111-0007161,602-81-00353,부산광역시 중구 남포동 5가 18번지,www.pusantheater.co.kr,,영화관 운영업,1951-07-03,12월
부산문화방송(주),BUSAN MUNWHA BROADCASTING CO.,부산문화방송, ,최병한,기타법인,180111-0000222,601-81-06335,"부산광역시 동구 자성로133번길 15 (범일동, 부산문화방송)",www.busanmbc.co.kr,,지상파 방송업,1959-04-15,12월
주식회사 부산벼룩시장,CORP. CLASSIFIED FLEA MARKET,부산벼룩시장, ,권종수,기타법인,180111-0131887,621-81-17137,부산광역시 연제구 거제1동 1-11번지,http://busan.findall.co.kr,,정기 광고간행물 발행업,1992-08-12,12월
재단법인 부산영어방송재단,Busan English Broadcasting System Foundation,부산영어방송재단, ,박재민,기타법인,180122-0008322,607-82-11944,"부산광역시 해운대구 센텀동로 41 (우동, 센텀벤처타운 401호)",www.befm.or.kr,,라디오 방송업,2008-09-26,12월
(주)부산인터넷무역센터,Internet Trade Center Corp.,부산인터넷무역센터, ,송영조,기타법인,180111-0299130,607-81-46316,부산광역시 사상구 주례2동 경남정보대학 산학협력관,www.tradeopen.com,,시스템 소프트웨어 개발 및 공급업,1999-09-09,12월
부산일보(주),THE BUSANILBO,부산일보, ,김진수,기타법인,180111-0002989,604-81-06917,"부산광역시 동구 중앙대로 365 (수정동, 부산일보)",www.busan.com,,신문 발행업,1946-09-10,12월
(주)부영CNI,"Booyoung create & innovate Co., Ltd",부영CNI, ,김정환,기타법인,110111-3920447,104-86-15639,서울특별시 중구 서소문동 부영빌딩 14층, ,,소프트웨어 개발 및 공급업,2008-06-23,12월
(주)부영엔터테인먼트,"BOOYOUNG ENTERTAINMENT Co.,Ltd",부영엔터테인먼트, ,이유근,기타법인,110111-1538896,109-81-53711,"서울특별시 양천구 목동동로 411 (목동, 부영그린타운3차아파트)", ,,"영화, 비디오물 및 방송프로그램 제작업",1998-04-23,12월
(주)부영엔터테인먼트,"BOOYONUG ENTERTAINMENT Co.,Ltd",부영엔터테인먼트, ,이성한,기타법인,110111-4113629,117-81-68888,"서울특별시 양천구 목5동 부영그린타운3차 지하101호, 지하112호", ,,"영화, 비디오물, 방송프로그램 제작 및 배급업",2009-06-11,12월
부평유선방송(주),"Bupyung television network.co, Ltd",부평유선방송, ,이기장,기타법인,120111-0163759,122-81-54727,인천광역시 부평구 부평4동 433-98,www.pcntv.co.kr,,유선 방송업,1998-01-01,12월
(주)북부산정보통신,"Bukbusan info-communications Co., Ltd.",북부산정보통신, ,홍영근,기타법인,180111-0339655,606-81-64005,부산광역시 북구 구포동 1009-38, ,,기타 정보기술 및 컴퓨터운영 관련 서비스업,2000-10-20,12월
(주)북이십일,Book21 Publishing Group,북이십일, ,김영곤,기타법인,110111-1959612,105-86-11709,"경기도 파주시 회동길 201 (문발동, 북이십일)",www.book21.co.kr,,서적 출판업,2000-05-06,12월
(주)북큐브네트웍스,"BOOKCUBE NETWORKS CO., Ltd.",북큐브네트웍스, ,유철종,기타법인,110111-3956393,113-86-24199,"서울특별시 구로구 디지털로33길 27 905호,906호,907호 (구로동, 삼성IT밸리)",www.bookcube.com,,데이터베이스 및 온라인정보 제공업,2008-08-21,12월
(주)북토피아,"BookTopia, Inc.",북토피아, ,오재혁,기타법인,110111-1699789,105-81-99961,서울특별시 마포구 서교동 355-28,http://www.booktopia.com,,시스템 소프트웨어 개발 및 공급업,1999-05-19,12월
주식회사 북팔,"Bookpal Co., Ltd.",북팔, ,김형석,기타법인,110111-4560606,214-88-74813,"서울특별시 마포구 월드컵북로 396 비즈니스타워 21층(상암동, 누리꿈스퀘어)",bookpalcorp.com/,,그 외 기타 정보 서비스업,2011-03-21,12월
불교텔레비전(주),Buddhist Television Network Co.Ltd,불교텔레비전, ,"강성태, 구본일",기타법인,110111-1017353,105-81-63314,서울특별시 서초구 남부순환로 2265 (방배동),www.btn.co.kr,,"유선, 위성 및 기타 방송업",1994-03-09,12월
주식회사 불리언게임즈,BOOLEAN GAMES,불리언게임즈, ,반승철,기타법인,131111-0323475,144-81-05473,"경기도 성남시 분당구 분당로 55 (서현동, 분당퍼스트타워7층)", ,,게임 소프트웨어 개발 및 공급업,2012-09-21,12월
불혹소프트 주식회사,BullhocSoft Inc.,불혹소프트, ,하성준,기타법인,134111-0392972,138-81-97134,"경기도 성남시 분당구 판교역로 230 (삼평동, 삼환하이펙스) B동 726호",www.bullhoc.co.kr,,소프트웨어 개발 및 공급업,2014-09-19,12월
주식회사 뷰노,"VUNO, Inc.",뷰노,338220,이예하,코스닥시장,134811-0319279,135-86-50644,서울특별시 서초구 강남대로 479 9층,www.vuno.co,,소프트웨어 개발 및 공급업,2014-12-10,12월
주식회사 브라이센코리아,"BRYCEN KOREA CO., LTD.",브라이센코리아, ,양현구,기타법인,135811-0325572,293-87-00864,"경기도 수원시 팔달구 효원로 299 (인계동,경인일보하이엔드) 507호",www.brycenkorea.co.kr/,,컴퓨터 프로그래밍 서비스업,2017-09-21,09월
(주)브라흐마컴퍼니,"BRAHMA COMPANY CO.,LTD",브라흐마컴퍼니, ,박영민,기타법인,134111-0134382,138-81-30375,경기도 안양시 동안구 관양동 1606 8층 10호, ,,게임 소프트웨어 개발 및 공급업,2005-10-17,12월
주식회사 브랜뉴뮤직,BRANDNEW MUSIC,브랜뉴뮤직, ,김세환,기타법인,110111-4870667,114-87-01177,"서울특별시 강남구 언주로75길 10 (역삼동, 브랜뉴빌딩)",brandnewmusic.co.kr,,음악 및 기타 오디오물 출판업,2012-05-17,12월
주식회사 브랜드리팩터링,"brandrefactoring.Co.,Ltd",브랜드리팩터링, ,백서현,기타법인,110111-8394423,209-86-02458,서울특별시 강남구 언주로135길 19 (논현동), ,,데이터베이스 및 온라인정보 제공업,2022-08-22,12월
주식회사 브랜드위원회,Brand Community Co.Ltd,브랜드위원회, ,박찬도,기타법인,110111-2297780,211-86-79815,"서울특별시 강남구 논현로24길 21 3층, (도곡동)", ,,광고 영화 및 비디오물 제작업,2001-07-30,12월
브랜스테크놀로지,"Brans Technologies, Inc.",브랜스테크놀로지, ,이준성,기타법인,110111-1341661,202-81-55696,서울특별시 동작구 신대방동 395-69,brans.co.kr,,시스템 소프트웨어 개발 및 공급업,1996-11-15,12월
(주)브레이브모바일,BRAVE MOBILE INC,브레이브모바일, ,KIM ROBIN H,기타법인,110111-5584556,120-88-22325,"서울특별시 강남구 테헤란로 415 (삼성동, L7HOTELS강남타워) 5층",www.soomgo.com,,소프트웨어 개발 및 공급업,2014-12-09,12월
(주)브레인룸,"J.ONE DATA SYSTEM.CO.,LTD.",브레인룸, ,김용주,기타법인,110111-1242497,211-86-13002,서울특별시 송파구 가락동 99-3, ,,시스템 소프트웨어 개발 및 공급업,1996-03-04,03월
브레인즈컴퍼니(주),"Brainzcompany Co., Ltd.",브레인즈컴퍼니,099390,강선근,코스닥시장,110111-1909865,220-81-80932,서울특별시 성동구 성수이로 87,www.brainz.co.kr,,시스템 소프트웨어 개발 및 공급업,2000-03-16,12월
(주)브레인커머스,Braincommerce Inc.,브레인커머스, ,"황희승, 윤신근",기타법인,110111-4943555,120-87-92182,"서울특별시 강남구 테헤란로 415 (삼성동, L7HOTELS강남타워) 3층 307호", ,,포털 및 기타 인터넷 정보매개 서비스업,2013-01-03,12월
주식회사 브레인테크,"Braintech.,Co Ltd",브레인테크, ,최윤희,기타법인,115911-0024100,128-81-41822,서울특별시 송파구 잠실동 191-8 3층,http://www.brain-tech.co.kr,,시스템 소프트웨어 개발 및 공급업,1999-08-11,12월
브로드밴드노원방송(주),"Broadband Nowon Co.,LTd.",브로드밴드노원방송, ,유창완,기타법인,110111-2261909,210-81-36477,서울특별시 강북구 도봉로81길 21,www.skbroadband.com,,유선 방송업,2001-06-15,12월
브로드밴드미디어 (주),"Broadband Media Co., Ltd.",브로드밴드미디어, ,임진채,기타법인,110111-3292664,215-86-75086,서울특별시 중구 남대문로5가 84-11번지 연세세브란스빌딩 7층,www.broadbandmedia.kr,,데이터베이스 및 온라인정보 제공업,2005-08-25,12월
(주)브로드밴드솔루션즈,"Broadband Solutions, Inc.",브로드밴드솔루션즈, ,이상용,기타법인,110111-2165177,101-81-67211,경기도 안양시 만안구 안양7동 200-12 데이콤빌딩 5층,www.bsiasia.com,,유선 방송업,2001-02-07,12월
주식회사 브리즈랩,"Breeze LAB Co., Ltd.",브리즈랩, ,최지현,기타법인,211111-0065723,760-81-02211,"전라북도 군산시 상신6길 12 1층(나운동,)",www.breezelab.co.kr,,시스템 소프트웨어 개발 및 공급업,2020-12-10,12월
(주)브리지텍,BRIDGETECCorp.,브리지텍,064480,신경식,코스닥시장,110111-1143950,116-81-53835,"서울특별시 영등포구 국제금융로2길 32 여의도파이낸스타워 17,18층",www.bridgetec.co.kr,,시스템 소프트웨어 개발 및 공급업,1995-03-31,12월
브릿지커뮤니케이션, ,브릿지커뮤니케이션, ,전영훈,기타법인,110111-1822843,220-81-72067,서울특별시 양천구 목5동 907 현대월드타워 820호, ,,기타 정보기술 및 컴퓨터운영 관련 서비스업,1996-06-12,12월
브이씨엔씨 주식회사,VCNC.CO.LTD,브이씨엔씨, ,강희수,기타법인,110111-4525915,119-86-38202,"서울특별시 성동구 상원길 26 7층 (성수동1가, MILK)",https://tadatada.com,,컴퓨터 프로그래밍 서비스업,2011-02-09,12월
브이씨엠미디어 주식회사,VCMMEDIA.CO.LTD.,브이씨엠미디어, ,안상현,기타법인,110111-2289696,206-81-60420,서울특별시 강남구 삼성동 158-4 두산위브센티움 220,www.icinematv.com,,프로그램 공급업,2001-07-18,12월
브이아이피스탁컴(주),"VIP STOCK COM CO., LTD.",브이아이피스탁컴, ,구승엽,기타법인,110111-1816101,220-81-71258,서울특별시 강남구 도곡동 957-5 승림빌딩,www.vipstock.com,,시스템 소프트웨어 개발 및 공급업,1999-11-25,12월
(주)브이알랩,"VSST.,Inc",브이알랩, ,소민석,기타법인,110111-2151548,120-86-16270,서울특별시 서초구 양재2동 205-2 희경빌딩 3층,www.vsst.com,,시스템 소프트웨어 개발 및 공급업,2001-01-16,12월
주식회사 브이에이코퍼레이션,VA Corporation,브이에이코퍼레이션, ,김진선,기타법인,110111-7768314,503-86-20023,서울특별시 강남구 논현로152길 18 (신사동) 7층,www.vacorp.co.kr,,광고 영화 및 비디오물 제작업,2021-01-28,12월
브이에잇피스톤즈 주식회사,"V8 Pistons Co.,Ltd.",브이에잇피스톤즈, ,정선영,기타법인,110111-7919628,375-81-02046,"서울특별시 영등포구 국회대로66길 19 10층 1007호 (여의도동, 여의도프리베로오피스텔)", ,,애니메이션 영화 및 비디오물 제작업,2021-06-11,12월
(주)브이엔티지,VNTG Corp.,브이엔티지, ,김태근,기타법인,110111-7507291,403-86-01798,"서울특별시 마포구 양화로 45 6층 및 7층(서교동, 세아타워)", ,,시스템 소프트웨어 개발 및 공급업,2020-06-01,12월
(주)브이엠에스솔루션스,"VMS SOLUTIONS Co., Ltd.",브이엠에스솔루션스, ,김병희,기타법인,160111-0103749,314-81-36027,"경기도 용인시 수지구 신수로 767 (동천동, 분당수지U-TOWER) 에이동 2001호",www.vms-solutions.com/,,컴퓨터시스템 통합 자문 및 구축 서비스업,2000-08-29,12월
브이엠웨어코리아 유한회사,"VMware Korea Co., Ltd.",브이엠웨어코리아, ,마이클 찰스 헌터,기타법인,110114-0149812,120-88-18063,"서울특별시 강남구 영동대로 517 (삼성동, ASEM및한국종합무역센타단지) 13층",www.vmware.com/kr,,기타 정보기술 및 컴퓨터운영 관련 서비스업,2014-08-12,01월
브이캐시 주식회사,"VCASH CO, LTD.",브이캐시, ,장성태,기타법인,110111-2006636,104-81-54563,서울특별시 구로구 구로동 197-33 이앤씨벤처드림타워 3차 6층,http://www.visacash.co.kr,,그 외 기타 전기 통신업,2000-06-24,12월
주식회사 브이티더블유,"vtw.co.,LTD",브이티더블유, ,조미리애,기타법인,110111-2120410,211-86-69582,"서울특별시 용산구 후암로 107 (동자동, 게이트웨이타워19층)", ,,정보서비스업,2000-11-30,12월
브이피케이(주),VPK.Inc,브이피케이, ,"김한성, 전인기",기타법인,110111-1670424,116-81-72695,"경기도 성남시 분당구 수내로46번길 12 4층 (수내동,코아빌딩)",www.vp-korea.com,,컴퓨터시스템 통합 자문 및 구축 서비스업,1999-03-25,12월
주식회사 브이핑크홀딩스,vpinkholdings,브이핑크홀딩스, ,전성찬,기타법인,110111-5303617,114-87-15050,"서울특별시 서초구 강남대로 329 (서초동, 산학재단빌딩) 4층",www.vpink.kr,,시스템 소프트웨어 개발 및 공급업,2014-01-01,12월
주식회사 블라드스튜디오,Blaadstudios,블라드스튜디오, ,서호진,기타법인,110111-7279402,324-88-01581,"서울특별시 서초구 강남대로 305 (서초동, 현대렉시온) 2523호",www.blaadstudios.com/,,일반 영화 및 비디오물 제작업,2019-11-04,12월
블래스트 주식회사,"Vlast.Co.,Ltd.",블래스트, ,이성구,기타법인,110111-8177142,350-81-02289,서울특별시 마포구 월드컵북로 44-1 (연남동) 카스빌딩 4층, ,,음악 및 기타 오디오물 출판업,2022-01-21,12월
블랙박스,Black Box. Ltd,블랙박스, ,김지강,기타법인,110111-0892194,220-81-25282,서울특별시 강남구 청담동 97-1,www.blackbox.co.kr,,서적 출판업,1992-09-25,12월
(주)블레이즈엔터테인먼트,BLAZE ENTERTAINMENT,블레이즈엔터테인먼트, ,유창희,기타법인,110111-3099672,108-81-68341,"서울특별시 금천구 가산동 우림라이온스밸리 C동705,706호", ,,게임 소프트웨어 개발 및 공급업,2004-10-15,12월
주식회사 블렌딩,"Vlending co.,Ltd.",블렌딩, ,신철호,기타법인,110111-7317153,329-81-01568,"서울특별시 강남구 논현로 164 7층 (도곡동, 유니북스빌딩)", ,,음악 및 기타 오디오물 출판업,2019-12-16,12월
주식회사 블렌딩,"Vlending Co., Ltd.",블렌딩, ,엄재용,기타법인,110111-6292710,299-88-00549,"서울특별시 영등포구 여의나루로 96 (여의도동, 문화방송(주)빌딩), 3층",www.vlending.co.kr,,음악 및 기타 오디오물 출판업,2017-01-17,12월
(주)블로코,Blocko Inc.,블로코, ,김원범,기타법인,110111-5558585,144-81-32698,"경기도 성남시 분당구 성남대로331번길 9-13 3층 (정자동, 이현빌딩)",www.blocko.io,,시스템 소프트웨어 개발 및 공급업,2014-11-07,12월
블록썸 주식회사,Blocsum Inc.,블록썸, ,임건기,기타법인,180111-1095834,287-87-00888,부산광역시 남구 전포대로 133 (문현동) 4904 3호,blocksum.net/,,시스템 소프트웨어 개발 및 공급업,2018-05-18,12월
주식회사 블록체인엔터테인먼트랩,"BLOCKCHAIN ENTERTAINMENT LAB co., Ltd.",블록체인엔터테인먼트랩, ,노기태,기타법인,110111-3767170,107-87-01242,경기도 성남시 분당구 판교로256번길 7 (삼평동), ,,게임 소프트웨어 개발 및 공급업,2007-10-11,12월
(주)블루넷,BLUENET INC.,블루넷, ,장형진,기타법인,110111-1351587,204-81-37864,서울특별시 강남구 역삼동 169-9 디지탈퍼스트 빌딩 4층,www.bluenet.co.kr,,시스템 소프트웨어 개발 및 공급업,1996-02-08,12월
블루라인제일차 주식회사,-,블루라인제일차, ,박용현,기타법인,110111-6494639,327-81-00689,"서울특별시 영등포구 여의대로 60 (여의도동, NH투자증권빌딩)", ,,"컴퓨터 프로그래밍, 시스템 통합 및 관리업",2017-08-22,12월
주식회사 블루래빗,Blue Rabbit Publishing Co.,블루래빗, ,임재운,기타법인,110111-4763846,214-88-89034,서울특별시 강남구 논현로 144 (도곡동) 블루래빗빌딩 5층,www.brbooks.co.kr/,,일반 서적 출판업,2012-01-01,12월
주식회사 블루로터스,bluelotus,블루로터스, ,박효대,기타법인,110111-2082991,220-81-98335,"서울특별시 강남구 선릉로 514 15층(삼성동, 성원빌딩)", ,,컴퓨터시스템 통합 자문 및 구축 서비스업,2000-10-09,12월
블루밍홀딩스(주),Blooming Holdings,블루밍홀딩스, ,이종석,기타법인,110111-6200599,810-88-00405,"서울특별시 강남구 삼성로85길 42 (대치동, 대치동대우아이빌멤버스)", ,,"영화, 비디오물 및 방송프로그램 제작 관련 서비스업",2016-10-12,12월
주식회사 블루버드,Bluebird Inc.,블루버드, ,이장원,기타법인,110111-1352741,120-81-68832,"서울특별시 강남구 일원로 115 (일원동, 삼성생명일원역빌딩) A동 3층",www.bluebirdcorp.com,,시스템 소프트웨어 개발 및 공급업,1996-12-16,12월
주식회사 블루베리메타,"Blueberry Meta Co.,Ltd.",블루베리메타, ,홍상혁,기타법인,110111-7823572,371-86-02113,"서울특별시 강남구 언주로 702 4층 (논현동, 경남제약타워)", ,,응용 소프트웨어 개발 및 공급업,2021-03-19,12월
(주)블루사이드,Blueside Inc.,블루사이드, ,김세정,기타법인,110111-2868341,211-87-39557,경기도 성남시 분당구 판교로 242 판교디지털센터 C동 10층,www.blueside.co.kr,,게임 소프트웨어 개발 및 공급업,2003-10-01,12월
(주)블루스톤디앤아이,"Blue Stone D&I Co., Ltd.",블루스톤디앤아이,033720,"김영렬, 김영기",기타법인,110111-0850382,120-81-51379,서울특별시 강남구 역삼동 607-13 삼정빌딩((주)아윌패스 빌딩) 5층 ,www.intus.co.kr,,시스템 소프트웨어 개발 및 공급업,1992-04-10,12월
주식회사 블루스톤엔터테인먼트,Bluestone Entertainment,블루스톤엔터테인먼트, ,김한민,기타법인,110111-5131125,211-88-98325,"서울특별시 마포구 월드컵북로48길 29-5 6층 (상암동, 빅스톤빌딩)", ,,일반 영화 및 비디오물 제작업,2013-07-01,12월
(주)블루아크글로벌,bluearkglobal,블루아크글로벌, ,구준회,기타법인,110111-4193423,220-87-88498,"서울특별시 강남구 봉은사로 213 (논현동, 센트럴타워) 11층", ,,게임 소프트웨어 개발 및 공급업,2009-10-07,12월
(주)블루웨일즈,Blue Whales Co. Ltd.,블루웨일즈, ,장소영,기타법인,110111-9089619,664-81-03377,서울특별시 강남구 학동로5길 7 (논현동) 7층, ,,"컴퓨터 프로그래밍, 시스템 통합 및 관리업",2024-10-29,12월
(주)블루커뮤니케이션,"Blue Communication Co., LTD.",블루커뮤니케이션, ,정희용,기타법인,110111-5266948,105-87-94707,"인천광역시 미추홀구 석정로150번길 43 (도화동, 어썸빌딩)",www.bluecom.kr,,응용 소프트웨어 개발 및 공급업,2013-11-13,12월
주식회사 블루타일랩,"BlueTile Lab,Inc.",블루타일랩, ,김형우,기타법인,160111-0423197,464-87-00302,"대전광역시 유성구 가정로 218 (가정동, 한국전자통신연구원) 402호",bluetilelab.com/,,시스템 소프트웨어 개발 및 공급업,2016-03-25,12월
주식회사 블루트리,BLUETREE CO. LTD,블루트리, ,윤일오,기타법인,110111-4782135,220-88-31556,서울특별시 강남구 역삼1동 823-42 그랑프리빌딩 7층,www.bigfile.co.kr,,데이터베이스 및 온라인정보 제공업,2012-01-30,12월
주식회사 블루페이스,Blue Face Inc.,블루페이스, ,조용호,기타법인,110111-5031036,264-81-08454,"서울특별시 강남구 봉은사로38길 6 (역삼동, 청보빌딩) 3층", ,,정보서비스업,2012-12-26,12월
블루포션게임즈(주),"Blue Potion Games Co.,Ltd",블루포션게임즈, ,정재목,기타법인,110111-6893097,422-88-01250,"서울특별시 강남구 테헤란로 309 (역삼동, 삼성제일빌딩)",bluepotion.co.kr,,게임 소프트웨어 개발 및 공급업,2018-10-15,12월
(주)블루포트,"BluePort, Inc.",블루포트, ,박재영,기타법인,110111-1748833,211-86-55017,"서울특별시 강남구 테헤란로 120 9층(역삼동, 상경빌딩)",www.blueport.co.kr,,소프트웨어 개발 및 공급업,1999-08-06,12월
주식회사 블루홀스튜디오,"Bluehole Studio, Inc.",블루홀스튜디오, ,조두인,기타법인,131111-0613347,390-81-01861,"경기도 성남시 분당구 분당내곡로 117 (백현동, 크래프톤타워) 13층", ,,시스템ㆍ응용 소프트웨어 개발 및 공급업,2020-12-02,12월
블룸버그코리아(유),Bloomberg Korea Ltd.,블룸버그코리아, ,멜라니수잔코트,기타법인,110114-0043618,102-81-38946,"서울특별시 중구 을지로5길 26 (수하동, 미래에셋센터원(MiraeAssetCENTER1)) 서관 28층", ,,그 외 기타 전기 통신업,1995-12-08,12월
주식회사 블룸에이아이,Blumn AI corp.,블룸에이아이, ,"김범수, 박진영",기타법인,110111-6017366,773-87-00356,"서울특별시 중구 서소문로 89 (순화동, 순화빌딩) 6층", ,,시스템 소프트웨어 개발 및 공급업,2016-03-30,12월
주식회사 블룸즈베리리소시스리미티드,Bloomsbury Resources Ltd.,블룸즈베리리소시스리미티드, ,김요섭,기타법인,110111-2680860,114-86-24417,"서울특별시 강남구 봉은사로86길 6 (삼성동, 빌딩레베쌍트) 9층 902호",www.bloomsburymedia.com,,"영화, 비디오물 및 방송프로그램 배급업",2003-01-02,12월
(주)블룸테크놀로지,Bloomtechnology Inc.,블룸테크놀로지, ,이상윤,기타법인,110111-1256604,114-81-70691,"경기도 성남시 분당구 판교로228번길 15 2동 802호 (삼평동, 판교세븐벤처밸리1)",www.bloomtechnology.co.kr,,게임 소프트웨어 개발 및 공급업,1996-04-01,03월
블리자드엔터테인먼트유한회사,BLIZZARD ENTERTAINMENT LIMITED,블리자드엔터테인먼트, ,"전동진, 자렛알렌브랙",기타법인,110114-0048345,211-87-49910,"서울특별시 강남구 테헤란로 521 (삼성동, 파르나스타워) 15층", ,,응용 소프트웨어 개발 및 공급업,2004-06-01,12월
(주)비글,"BEAGLE Co.,Ltd.",비글, ,김정현,기타법인,110111-3230648,105-86-79276,경기도 성남시 분당구 판교역로 240 (삼평동) A동 9층,www.tranggle.com,,시스템ㆍ응용 소프트웨어 개발 및 공급업,2005-05-18,12월
주식회사 비닷두,v.do Corp,비닷두, ,김대식,기타법인,135811-0317785,703-88-00602,경기도 수원시 영통구 봉영로 1612 (영통동) 7층 710-16호, ,,시스템ㆍ응용 소프트웨어 개발 및 공급업,2017-06-05,12월
비드코칭연구소(주),bidcoaching,비드코칭연구소, ,강사돈,기타법인,160111-0416415,450-81-00316,"대전광역시 중구 계룡로 928 (대사동, 오성빌딩)", ,,데이터베이스 및 온라인정보 제공업,2016-01-01,12월
주식회사 비디,BD.Inc,비디, ,김기용,기타법인,110111-2881038,214-87-42783,"서울특별시 구로구 디지털로 288 1708호(구로동, 대륭포스트타워1차)",www.bluedigm.com,,응용 소프트웨어 개발 및 공급업,2003-10-23,12월
비디에스인포컴(주),"BDS infocom Co., Ltd.",비디에스인포컴, ,김영수,기타법인,110111-1065948,116-81-36267,서울특별시 금천구 가산동 448 대륭테크노3차 1010호,www.bdsic.co.kr,,시스템 소프트웨어 개발 및 공급업,1994-08-08,12월
주식회사 비로보틱스,B-robotics Co.,비로보틱스, ,김민수,기타법인,110111-8544359,847-88-02666,"서울특별시 송파구 충민로 10 (문정동, 가든파이브툴) 5층 S01호",www.brobotics.kr/,,기타 정보 서비스업,2023-02-01,12월
(주)비룡소,"BIR Publishing Co., Ltd>",비룡소, ,박상희,기타법인,110111-1175565,211-86-37362,서울특별시 강남구 신사동 506,www.bir.co.kr,,서적 출판업,1995-08-01,12월
주식회사 비마이프렌즈,"bemyfriends co.,Ltd",비마이프렌즈, ,"서우석, 이기영",기타법인,110111-7761384,824-81-01928,"서울특별시 강남구 테헤란로7길 22 (역삼동, 한국과학기술회관) 2관 812",bemyfriends.com,,시스템 소프트웨어 개발 및 공급업,2021-01-14,12월
비미디어컴퍼니 주식회사,B Media Company,비미디어컴퍼니, ,김명수,기타법인,110111-7347382,455-86-01601,서울특별시 용산구 대사관로 35 2층 (한남동), ,,잡지 및 정기간행물 발행업,2020-01-06,12월
비바시스템즈코리아 유한회사,Veeva Systems Korea YH,비바시스템즈코리아, ,조나단웨이드패디스,기타법인,110114-0174009,627-87-00368,"서울특별시 강남구 테헤란로87길 36 19층 (삼성동, 도심공항타워)", ,,응용 소프트웨어 개발 및 공급업,2016-01-13,01월
주식회사 비브로스,BBros Corporation,비브로스, ,김형석,기타법인,110111-5299030,114-87-13917,"서울특별시 성동구 왕십리로 241 201동, 지에프층 (행당동, 서울숲더샵)",www.bbros.co.kr,,데이터베이스 및 온라인정보 제공업,2013-12-23,12월
주식회사 비브스튜디오스,"VIVE STUDIOS Co., Ltd.",비브스튜디오스, ,김세규,기타법인,110111-3480780,211-87-83752,"서울특별시 강남구 언주로 727 (논현동, 트리스빌딩) 4층",www.vivestudios.com,,"영화, 비디오물 및 방송프로그램 배급업",2006-07-01,12월
(주)비비아이코리아,BBI KOREA,비비아이코리아, ,이호용,기타법인,110111-1206261,214-81-95013,서울특별시 서초구 서초동1593-7서초이오빌2117,bbi.co.kr,,데이터베이스 및 온라인정보 제공업,1995-10-18,12월
주식회사비비앤씨,Best Business & Consulting Co. Ltd,비비앤씨, ,손주선,기타법인,110111-1420126,203-81-24013,서울특별시 강남 역삼 824 11 한라클래식오피스 1704,http://info.bbc.co.kr,,그 외 기타 전기 통신업,1997-05-29,03월
비비토엘엠씨 주식회사,비비토LMC,비비토엘엠씨, ,이영규,기타법인,110111-3493527,214-87-93400,서울특별시 강남구 대치동 943-24 1115호, ,,컴퓨터 프로그래밍 서비스업,2006-07-07,12월
주식회사 비비티에이아이코리아,Vivity AI Korea Inc.,비비티에이아이코리아, ,장유성,기타법인,110111-8361787,735-86-02864,"서울특별시 강남구 봉은사로18길 85 1층 (역삼동, 아트리아)",vivity.ai,,컴퓨터 프로그래밍 서비스업,2022-07-08,12월
(주)비상교육,VISANG EDUCATION INC,비상교육,100220,양태회,유가증권시장,110111-2427098,211-87-07735,경기도 과천시 과천대로2길 54 그라운드브이 14층,www.visang.com,http://visang.irpage.co.kr/,서적 출판업,2002-01-21,12월
(주)비상이에스엔,VISANGESN Inc.,비상이에스엔, ,김정민,기타법인,110111-3972109,113-86-24831,서울특별시 구로구 구로동 811 코오롱싸이언스밸리 2차 209호,www.ivytz.com,,교과서 및 학습서적 출판업,2008-10-01,12월
(주)비스코,"BISCO Co., Ltd.",비스코, ,이지영,기타법인,110111-0822919,215-81-38067,서울특별시 송파구 오금동 23-2 SOK빌딩 Orange Floor,www.bisco.co.kr,,게임 소프트웨어 개발 및 공급업,1991-12-17,12월
(주) 비스텔,BISTEL,비스텔, ,최운규,기타법인,110111-2051904,214-86-66264,"서울특별시 서초구 효령로 414 (서초동, 정풍빌딩) 2층,3층", ,,소프트웨어 개발 및 공급업,2000-08-18,12월
주식회사 비스텔리젼스,"BISTelligence, Inc.",비스텔리젼스, ,최운규,기타법인,110111-7971371,743-86-02088,"서울특별시 서초구 바우뫼로 128 (양재동, 비스텔)", ,,시스템 소프트웨어 개발 및 공급업,2021-07-27,12월
(주)비씨엔이글로발,BcNE Global,비씨엔이글로발, ,유기석,기타법인,110111-3405788,220-87-25585,서울특별시 서초구 서초동 1592-2 재우빌딩 4층, ,,유선 통신업,2006-02-22,12월
(주)비아네트,Vianet,비아네트, ,최춘성,기타법인,110111-1555907,116-81-68809,서울특별시 영등포구 영등포동8가 74-4 비아네트빌딩3층,www.vianet.co.kr,,컴퓨터시스템 통합 자문 및 구축 서비스업,1998-07-01,12월
(주)비아이매트릭스,"BI MATRIX Co., Ltd.",비아이매트릭스,413640,배영근,코스닥시장,110111-3200360,120-86-79936,"서울특별시 강남구 선릉로 433, 신관 17층(역삼동)",www.bimatrix.co.kr,,시스템ㆍ응용 소프트웨어 개발 및 공급업,2005-04-02,12월
(주)비아이씨엔에스,"BI C&S Co., Ltd.",비아이씨엔에스, ,박주성,기타법인,110111-1729156,211-86-54342,"경기도 성남시 분당구 판교로 253 C동 603호(삼평동,판교이노밸리)",www.bicns.com,,시스템ㆍ응용 소프트웨어 개발 및 공급업,1999-07-06,12월
(주)비알네트콤,BRNETCOMM,비알네트콤, ,김은선,기타법인,134111-0051809,138-81-12265,"서울특별시 종로구 창경궁로 136 (원남동, 보령빌딩)","www,brnetcomm.co.kr",,시스템 소프트웨어 개발 및 공급업,1996-10-01,12월
비앤에프테크놀로지(주),BNF Technology Inc.,비앤에프테크놀로지, ,서호준,기타법인,160111-0107395,314-81-37588,대전광역시 유성구 테크노2로 170-10 (용산동),www.bnftech.com,,시스템 소프트웨어 개발 및 공급업,2000-11-10,12월
(주)비에나래,"Bien-Aller Inc.,Ltd.",비에나래, ,손동규,기타법인,110111-1679062,214-86-31576,서울특별시 서초구 서초동 1553-3 지성빌딩 3층,http://www.bien.co.kr,,데이터베이스 및 온라인정보 제공업,1999-04-12,12월
(주)비에네스소프트,BNSoft.Inc.,비에네스소프트, ,박상호,기타법인,110111-1916472,120-86-02209,"서울특별시 구로구 디지털로 306 (구로동, 대륭포스트타워2차) 702호",www.bns.co.kr,,시스템 소프트웨어 개발 및 공급업,2000-03-27,12월
주식회사 비에스그룹,BSGROUP,비에스그룹, ,이영식,기타법인,110111-1940380,104-81-52828,서울특별시 중구 태평로2가 43 신동아화재빌딩 20층,www.bsgroup.co.kr,,시스템 소프트웨어 개발 및 공급업,2000-04-14,12월
주식회사 비에스지트라이어스,BSGTRIUS,비에스지트라이어스, ,김윤혁,기타법인,110111-6523107,508-81-41300,"서울특별시 강남구 논현로85길 21 (역삼동, BSG빌딩 1층)", ,,시스템 소프트웨어 개발 및 공급업,2017-09-20,12월
(주)비에스지파트너스,"BSG PARTNERS Co., Ltd.",비에스지파트너스, ,박철욱,기타법인,110111-2032053,201-81-22611,"서울특별시 강남구 논현로85길 21 (역삼동, BSG빌딩)",www.bsgglobal.com,,시스템 소프트웨어 개발 및 공급업,1998-07-31,12월
(주)비에이엔터테인먼트,BA ENTERTAINMENT,비에이엔터테인먼트, ,장원석,기타법인,110111-5040897,220-88-50854,서울특별시 마포구 월드컵로 50 2층 (서교동), ,,일반 영화 및 비디오물 제작업,2013-01-15,12월
(주)비엔시컴,bncom,비엔시컴, ,최인식,기타법인,110111-1849945,119-81-34875,서울특별시 관악구 봉천4동 869-10호 관악센츄리타워1416호,http://www.bible2000.co.kr,,시스템 소프트웨어 개발 및 공급업,2000-01-12,12월
비엔씨피(주),"bncp co.,ltd.",비엔씨피, ,나경덕,기타법인,110111-4232479,119-86-23558,"서울특별시 금천구 가산디지털1로 142 (가산동, 가산더스카이밸리1차)714호",www.bncp.co.kr,,데이터베이스 및 온라인정보 제공업,2009-12-02,12월
주식회사 비엔케이시스템,BNK SYSTEM,비엔케이시스템, ,박일용,기타법인,180111-0759605,602-81-54897,"부산광역시 강서구 미음산단로127번길 21 (구랑동, BNK금융그룹IT센터)",www.bnksys.co.kr,,컴퓨터시스템 통합 자문 및 구축 서비스업,2011-05-20,12월
(주)비엠데이타통신,"BM DATA COMMUNICATION CO., LTD.",비엠데이타통신, ,김서원,기타법인,110111-1567209,215-81-70688,서울특별시 송파구 가락 99-1 밀리아나 609,www.bestmall.co.kr,,시스템 소프트웨어 개발 및 공급업,1998-07-20,12월
주식회사 비엠소프트,"bmsoft co.,ltd.",비엠소프트, ,전성식,기타법인,175611-0003835,512-81-06393,서울특별시 서초구 잠원동 23-4 삼우빌딩 3층,www.gtube.co.kr,,게임 소프트웨어 개발 및 공급업,1999-06-20,12월
(주)비엠씨기업전산시스템,"BMC Co., Ltd.",비엠씨기업전산시스템, ,기현철,기타법인,200111-0114440,409-81-12245,광주광역시 남구 구동 27-4,www.bmckorea.co.kr,,시스템 소프트웨어 개발 및 공급업,1991-03-15,12월
주식회사 비엠아이티,BMIT inc.,비엠아이티, ,김석기,기타법인,110111-4312007,114-86-79872,"서울특별시 구로구 디지털로31길 62 (구로동, 아티스포럼)",www.bmit.co.kr/,,응용 소프트웨어 개발 및 공급업,2010-03-24,12월
비엠텍시스템 주식회사,"BMtech System Co., Ltd",비엠텍시스템, ,김봉구,기타법인,110111-6659291,111-81-34231,"서울특별시 송파구 백제고분로 107 (잠실동, 장학빌딩) 2, 4, 5F",www.bmtsys.com,,응용 소프트웨어 개발 및 공급업,2018-02-23,12월
(주)비온시이노베이터,"BonC Innovators Co., Ltd.",비온시이노베이터, ,김용수,기타법인,200111-0224017,409-81-90412,"전라남도 나주시 그린로 229 5층 501,502호 (빛가람동, 그린타워)",www.bonc.co.kr,,컴퓨터시스템 통합 자문 및 구축 서비스업,2006-03-28,12월
주식회사 비욘드뮤직,"BEYOND MUSIC CO., LTD.",비욘드뮤직, ,이장원,기타법인,110111-5545714,264-81-45667,"서울특별시 서초구 강남대로 479 비1층 183호 (반포동, 신논현타워)", ,,영상ㆍ오디오 기록물 제작 및 배급업,2014-10-23,12월
주식회사 비욘드솔루션,"BEYONDSOLUTION CO.,LTD",비욘드솔루션, ,김승현,기타법인,110111-4199851,105-87-36916,"서울특별시 구로구 디지털로26길 5 (구로동, 에이스하이엔드타워1차) 1012호",www.besol.co.kr,,시스템 소프트웨어 개발 및 공급업,2009-10-25,12월
비욘드스튜디오시티 주식회사,Beyond Studio City Inc.,비욘드스튜디오시티, ,김재필,기타법인,110111-8543377,476-88-02692,"서울특별시 성동구 광나루로 130 5층 510호 (성수동1가, 서울숲IT캐슬)", ,,방송 프로그램 제작업,2023-02-01,12월
주식회사 비욘드제이,"BEYOND J Co., Ltd.",비욘드제이, ,정아름,기타법인,110111-6345858,801-88-00565,"서울특별시 마포구 토정로 112 7층(상수동, 로이코빌딩)", ,,"영화, 비디오물 및 방송프로그램 제작업",2017-03-20,12월
비욘드플랫폼서비스 주식회사,Beyond Platform Service,비욘드플랫폼서비스, ,서준섭,기타법인,110111-5850858,761-81-00195,"서울특별시 강남구 봉은사로37길 5 301호 (논현동, 태양빌딩)",https://www.beyondfund.co.kr/,,그 외 기타 정보 서비스업,2015-10-01,12월
비유바움 주식회사,BUBAUM,비유바움, ,윤건,기타법인,120111-1129495,372-87-02035,"인천광역시 연수구 인천타워대로 323 (송도동, 송도센트로드) A동 2503-04,2509,2707-09호", ,,시스템 소프트웨어 개발 및 공급업,2021-02-09,12월
(주)비유테크놀러지,B.U Technology,비유테크놀러지,230980,위용현,코스닥시장,110111-5868041,721-86-00251,부산광역시 강서구 명지국제2로28번길 34 에코팰리스 318호,www.aiitone.com,,소프트웨어 개발 및 공급업,2015-10-22,12월
비이에이시스템즈코리아(주),BEA Systems Korea,비이에이시스템즈코리아, ,심풍식,기타법인,110111-1317399,116-81-61219,서울특별시 영등포구 여의도동 23-5 한화증권빌딩,http://www.bea.co.kr,,시스템 소프트웨어 개발 및 공급업,1996-09-30,01월
주식회사 비인텍,Beintech,비인텍, ,장성학,기타법인,110111-2732603,211-87-29587,"서울특별시 구로구 디지털로 273 (구로동, 에이스트윈타워2차)",www.beintech.co.kr,,컴퓨터시스템 통합 자문 및 구축 서비스업,2003-03-07,12월
(주)비전소프트,Visionsoft,비전소프트, ,김홍태,기타법인,110111-1341885,107-81-57778,경기도 부천시 원미구 춘의동 202 춘의테크노파크2차 201동 1406호,www.visionsoft.co.kr,,시스템 소프트웨어 개발 및 공급업,1996-11-15,12월
비전컨설팅그룹 주식회사,"Vision Consulting Group Co., Ltd",비전컨설팅그룹, ,김명관,기타법인,110111-7659810,551-87-01696,"서울특별시 강남구 도산대로 158 404호(논현동, 세양APEXTOWER)", ,,데이터베이스 및 온라인정보 제공업,2020-10-23,12월
비제이네트웍스(주),"BJ Networks Co.,Ltd",비제이네트웍스, ,조승무,기타법인,110111-2679384,107-86-28899,서울특별시 강남구 역삼로 519 (대치동) KJ빌딩 3층,www.worldroaming.co.kr,,통신 재판매업,2003-01-15,12월
주식회사 비제이모노,BJmono,비제이모노, ,배영관,기타법인,110111-2336744,220-86-21049,서울특별시 마포구 합정동 419-16 성일빌딩4층,www.bjmono.com,,시스템 소프트웨어 개발 및 공급업,2001-09-20,12월
비제이소프트 주식회사,"BJ SOFT CO., Ltd.",비제이소프트, ,장은경,기타법인,110111-4808311,107-87-67263,서울특별시 영등포구 여의나루로 61 (여의도동), ,,소프트웨어 개발 및 공급업,2012-02-28,01월
비젠(주),"BiZEN Co., Ltd",비젠, ,이윤성,기타법인,110111-2278730,120-86-23602,경기도 성남시 분당구 대왕판교로 660 유스페이스 1 에이동 6층,www.bizen.co.kr,,컴퓨터시스템 통합 자문 및 구축 서비스업,2001-07-04,12월
비젠트로 주식회사,"Bizentro Co.,Ltd",비젠트로, ,김홍근,기타법인,131111-0283918,129-86-61715,경기도 성남시 분당구 대왕판교로 660 (삼평동) 유스페이스 1-A동 10층,www.bizentro.com,,컴퓨터시스템 통합 자문 및 구축 서비스업,2011-05-30,12월
주식회사 비젯,BIZET Inc.,비젯, ,장건,기타법인,110111-2959265,206-81-88597,서울특별시 마포구 상암동 DMC산학협력연구센터 14층 2호,www.bizet.co.kr,,소프트웨어 개발 및 공급업,2004-02-23,12월
비젼플랜트주식회사,Vision Plant Inc.,비젼플랜트, ,곽치영,기타법인,110111-2678344,220-86-54079,서울특별시 중구 소공동 91-9 서울센터빌딩 6층 602호, ,,그 외 기타 전기 통신업,2002-12-23,12월
(주)비쥬얼아이덴티티시스템,Visual Identity System. co. LTD ,비쥬얼아이덴티티시스템, ,박주영,기타법인,110111-2922543,211-87-43987,경기도 고양시 덕양구 행신동 707 남정시티빌 6차 603호,www.visuals.co.kr,,서적 출판업,2004-01-14,12월
(주)비즈니스온커뮤니케이션,"BusinessOn Communication Co.,Ltd",비즈니스온커뮤니케이션,138580,노태완,기타법인,110111-3805293,220-87-58882,서울특별시 성동구 광나루로 172 3층,www.businesson.co.kr,,응용 소프트웨어 개발 및 공급업,2007-12-18,12월
(주)비즈니스인사이트,"Business Insight, Inc.",비즈니스인사이트, ,성준경,기타법인,110111-4197029,220-87-90830,"서울특별시 강남구 테헤란로 305 (역삼동, 한국기술센터) 18층", ,,시스템 소프트웨어 개발 및 공급업,2009-10-14,12월
주식회사 비즈니스콜렉티브,Businesscollective Co. Ltd.,비즈니스콜렉티브, ,성준경,기타법인,110111-8441795,186-88-02498,"서울특별시 강남구 테헤란로 305 (역삼동, 한국기술센터)", ,,컴퓨터시스템 통합 자문 및 구축 서비스업,2022-10-05,12월
주식회사 비즈데이터,BizData,비즈데이터, ,"김태진, 안태",기타법인,110111-5423803,264-81-35854,"서울특별시 서초구 남부순환로350길 12 (양재동, PENTATOWER) 2층,3층,4층",www.bizdata.kr/,,응용 소프트웨어 개발 및 공급업,2014-06-01,12월
(주)비즈아이솔루션,BIZiSolution corp,비즈아이솔루션, ,김효준,기타법인,110111-3192559,206-81-97999,서울특별시 중구 수표로 45 405호 (저동2가 비즈센터),www.bizisolution.co.kr,www.bizisolution.co.kr,컴퓨터시스템 통합 자문 및 구축 서비스업,2005-03-22,12월
(주)비즈테크아이,"BizTechi Co.,Ltd.",비즈테크아이, ,권주오,기타법인,110111-2689507,220-86-55078,서울특별시 마포구 매봉산로 75 (상암동) 상암DDMC 12층,www.biztechi.co.kr,,"컴퓨터시스템 통합 자문, 구축 및 관리업",2003-01-09,12월
비즈플레이 주식회사,"Bizplay Co., Ltd.",비즈플레이, ,김홍기,기타법인,110111-5577353,107-88-36127,"서울특별시 영등포구 영신로 220 (영등포동8가, KnK디지털타워) 19층(영등포동8가, 케아앤케이디지털타워)", ,,응용 소프트웨어 개발 및 공급업,2014-12-01,12월
(주)비지니스서비스그룹,"BUSINESS SERVICE GROUP CO., LTD.",비지니스서비스그룹, ,고봉군,기타법인,110111-3333187,113-86-01347,경기도 성남시 분당구 서현동 245-1, ,,컴퓨터시스템 통합 자문 및 구축 서비스업,2009-02-01,12월
비츠로글로리 주식회사,"Vitzro Glory Co.,Ltd.",비츠로글로리, ,전은정,기타법인,110111-4735241,107-87-61783,서울특별시 영등포구 여의도동 교보증권빌딩, ,,소프트웨어 개발 및 공급업,2011-11-25,11월
(주)비츠코리아,BITZKOREA.INC,비츠코리아, ,임달혁,기타법인,110111-2025686,105-86-14725,"서울특별시 강서구 양천로 583 (염창동, 우림블루나인비즈니스센터동1610호,1611호)",www.bitzkorea.com,,시스템 소프트웨어 개발 및 공급업,2000-07-14,06월
비케이중동제일차,-,비케이중동제일차, ,이미희,기타법인,110111-6847854,655-88-01001,"서울특별시 영등포구 여의대로 60 (여의도동, NH투자증권빌딩)", ,,"컴퓨터 프로그래밍, 시스템 통합 및 관리업",2018-08-21,12월
비케이탑스(주),"BK Tops Co.,Ltd",비케이탑스,030790,정상룡,기타법인,110111-0766703,215-81-44176,"서울특별시 강남구 테헤란로 401 17층(삼성동, 남경센타)",www.bktops.co.kr,,"컴퓨터 프로그래밍, 시스템 통합 및 관리업",1991-03-30,12월
주식회사 비콘게임즈,BECONN GAMES,비콘게임즈, ,이종석,기타법인,131111-0276765,129-86-58317,경기도 성남시 분당구 성남대로779번길 20 (이매동) 4층 407호,www.beconngames.com/,,게임 소프트웨어 개발 및 공급업,2011-03-21,12월
(주)비큐에이아이,BECU AI Inc.,비큐AI,148780,임경환,코스닥시장,140111-0011243,221-81-13339,서울특별시 중구 퇴계로 385 준타워 9층,becuai.com,,응용 소프트웨어 개발 및 공급업,1998-08-25,12월
(주)비투비 M&A,B TO B M&A Co.Ltd,비투비M&A, ,박중규,기타법인,110111-1996804,220-81-90600,서울특별시 강남구 논현동 77-29 3층,http://www.mna4u.co.kr,,시스템 소프트웨어 개발 및 공급업,2000-06-15,12월
주식회사 비투비인터넷,"B2Binternet, Inc.",비투비인터넷, ,이한주,기타법인,110111-1842718,120-81-97550,서울특별시 영등포구 문래동3가 54-66번지 에이스하이테크시티1동 622호,www.b2binternet.co.kr,,시스템 소프트웨어 개발 및 공급업,2000-01-05,12월
(주)비투엔,B2EN,비투엔, ,조광원,기타법인,110111-3097353,220-86-92980,"서울특별시 영등포구 선유로 146 (양평동3가, 이앤씨드림타워), 2층 210호",www.b2en.com,,컴퓨터시스템 통합 자문 및 구축 서비스업,2004-10-13,12월
(주)비투엔,"B2En Co., Ltd.",비투엔,307870,"이창현, 이정훈 (각자 대표이사)",코스닥시장,110111-6869965,302-87-00950,"서울특별시 영등포구 선유로 146 2층 210호(양평동3가, 이앤씨드림타워)",www.b2en.com,,소프트웨어 개발 및 공급업,2018-09-12,12월
주식회사 비트,BEET,비트, ,김동수,기타법인,131111-0652105,545-81-02174,경기도 성남시 분당구 판교역로 230 (삼평동) 삼환하이펙스 B동 304호, ,,"컴퓨터 프로그래밍, 시스템 통합 및 관리업",2021-12-13,12월
주식회사 비트리,"BTREE Co., Ltd.",비트리, ,김종필,기타법인,131111-0372422,144-81-24771,경기도 성남시 분당구 성남대로925번길 41 (야탑동) 5층,www.btree.co.kr/,,컴퓨터 프로그래밍 서비스업,2014-04-15,12월
주식회사 비트망고,BitMango Corp.,비트망고, ,이기섭,기타법인,131111-0288877,129-86-64032,"경기도 성남시 분당구 대왕판교로645번길 14 3층 (삼평동, 네오위즈)",www.bitmango.com,,모바일 게임 소프트웨어 개발 및 공급업,2011-07-29,12월
주식회사 비트망고,"BitMango, Inc.",비트망고, ,이기섭,기타법인,110111-1446007,110-81-37929,"경기도 성남시 분당구 대왕판교로645번길 14 3층 (삼평동, 네오위즈)", ,,모바일 게임 소프트웨어 개발 및 공급업,1997-07-29,03월
비트맥스(주),"BITMAX CO., LTD",비트맥스,377030,홍상혁,코스닥시장,110111-4445072,114-86-83769,"서울특별시 강남구 남부순환로 351길4, 2층(도곡동 STAY77) -",bitmax.im,,소프트웨어 개발 및 공급업,2010-10-07,12월
(주)비트뱅크닷컴,bittbank.com  ,비트뱅크닷컴, ,박형현,기타법인,110111-1889108,108-81-20648,서울특별시 마포구 도화동 553 마스타즈타워1405,www.bittbank.co.kr,,데이터베이스 및 온라인정보 제공업,2000-02-28,12월
(주)비트윈어스,Between Us Co. Ltd.,비트윈어스, ,손현일,기타법인,110111-7808251,122-87-02105,"서울특별시 서초구 서초대로38길 12 (서초동, 마제스타시티,힐스테이트서리풀) 11층", ,,그 외 기타 정보 서비스업,2021-03-09,12월
(주)비트컴퓨터,BITComputer,비트컴퓨터,032850,"전진옥, 조현정",코스닥시장,110111-0397699,220-81-29726,서울특별시 서초구 서초대로74길 33,www.bit.co.kr,,시스템 소프트웨어 개발 및 공급업,1985-04-18,12월
(주)비트팍스,"BITPAX., Inc.",비트팍스, ,박평원,기타법인,110111-6800076,351-81-01191,서울특별시 강남구 논현로 803 (신사동),www.bitpax.co.kr,,포털 및 기타 인터넷 정보매개 서비스업,2018-07-03,12월
(주)비트플래닛,"BITPLANET Co.,Ltd.",비트플래닛,049470,"이성훈, 박재한(각자대표)",코스닥시장,110111-1487267,109-81-52385,경기도 의왕시 광진말로 54 의왕스마트시티퀀텀 A516호,bit-planet.kr,,소프트웨어 개발 및 공급업,1997-11-21,12월
비트플로 주식회사,Bitflow Inc.,비트플로, ,김성준,기타법인,110111-7235496,427-81-01391,대구광역시 북구 호암로 51 (침산동) 대구창조경제혁신센터 4층,bitflow.ai,,컴퓨터 프로그래밍 서비스업,2019-09-19,12월
비티글로벌서비스코리아주식회사,BT Global Services Korea Limited,비티글로벌서비스코리아, ,승인아나벨리야우,기타법인,110111-2800658,104-81-82448,"서울특별시 영등포구 여의대로 66 (여의도동, KTB) 8층",www.bt.com,,통신 재판매업,2003-06-16,03월
(주)비티비솔루션,"BTB Solution Co.,Ltd",비티비솔루션, ,문윤수,기타법인,110111-3017971,104-81-87555,서울특별시 구로구 구로3동 한신IT타워 808호,www.btbsolution.co.kr,,응용 소프트웨어 개발 및 공급업,2004-05-25,12월
주식회사 비팩토리,"B factory, Inc",비팩토리, ,노정석,기타법인,110111-6187515,815-86-00459,"서울특별시 강남구 테헤란로20길 18 (역삼동) 6층(역삼동, 부봉빌딩)", ,,시스템 소프트웨어 개발 및 공급업,2016-09-29,12월
주식회사 비포시스템 ,Before System,비포시스템, ,길경택,기타법인,131111-0328889,129-86-78953,"경기도 하남시 하남대로 947 (풍산동, 하남테크노밸리U1CENTER) 씨동 1405, 1406, 1407호", ,,컴퓨터시스템 통합 자문 및 구축 서비스업,2012-12-07,12월
(주)비핸즈,"YOOSAMI CO.,LTD.",비핸즈, ,박영춘,기타법인,110111-1528706,201-81-22019,경기도 파주시 교하읍 문발리 출판문화정보산업단지,www.yoosami.com,,기타 인쇄물 출판업,1998-03-25,06월
주식회사 비햅틱스,BHAPTICS INC,비햅틱스, ,곽기욱,기타법인,160111-0397954,738-88-00059,대전광역시 유성구 갑천로 361-17 201-B호,www.bhaptics.com,,기타 게임 소프트웨어 개발 및 공급업,2015-05-01,12월
(주)빅게임스튜디오,Vic Game Studios,빅게임스튜디오, ,최재영,기타법인,110111-7652781,116-81-96339,"서울특별시 강남구 선릉로 551 (역삼동, 새롬빌딩) 지하1층", ,,게임 소프트웨어 개발 및 공급업,2020-10-16,12월
주식회사 빅브레이크게임즈,"BIGBREAKGAMES Co., LTD.",빅브레이크게임즈, ,박수용,기타법인,110111-7519709,794-88-01719,"서울특별시 송파구 중대로 135 서관 9층 906호(가락동, 아이티벤처타워)", ,,게임 소프트웨어 개발 및 공급업,2020-06-15,12월
주식회사 빅스톤픽쳐스,Big stone Pictures Inc.,빅스톤픽쳐스, ,김한민,기타법인,110111-4274273,114-86-81494,"서울특별시 강남구 논현로150길 20 (논현동, 성원빌딩) 5층", ,,일반 영화 및 비디오물 제작업,2010-01-29,12월
(주)빅슨커뮤니케이션,VIXEN Communication,빅슨커뮤니케이션, ,임귀자,기타법인,110111-1545619,211-86-29085,서울특별시 강남구 논현2동 80-32,www.vixen.co.kr,,광고 영화 및 비디오물 제작업,1998-05-13,12월
(주)빅아이엔터테인먼트,BIG I ENTERTAINMETN,빅아이엔터테인먼트, ,최용석,기타법인,110111-1907364,211-86-93078,서울특별시 서초구 양재동 66-1 수암빌딩3층,www.bigient.com,,시스템 소프트웨어 개발 및 공급업,2000-03-16,12월
주식회사 빅오션이엔엠,"BIG OCEAN ENM Co.,LTD",빅오션이엔엠, ,"신인수, 이성진",기타법인,110111-7581013,435-88-01580,"서울특별시 강남구 강남대로128길 73 (논현동, 덕양빌딩)", ,,"영화, 비디오물 및 방송프로그램 제작 관련 서비스업",2020-08-06,12월
주식회사 빅웨이브로보틱스,"Bigwaverobotics, Inc.",빅웨이브로보틱스, ,김민교,기타법인,110111-7638517,706-86-01945,"서울특별시 강남구 영동대로106길 11 (삼성동, 창성빌딩) 5층 501호",myrobotsolution.com/,,응용 소프트웨어 개발 및 공급업,2020-09-29,12월
주식회사 빅인스퀘어,BIGINSQUARE,빅인스퀘어, ,이대연,기타법인,110111-6050556,830-87-00270,서울특별시 강남구 학동로21길 35 (논현동) 지하2층, ,,광고 영화 및 비디오물 제작업,2016-05-02,12월
빅토리아피크시스템 주식회사,"Victoria Peak System co.,Ltd.",빅토리아피크시스템, ,이동현,기타법인,110111-6706266,711-88-01048,"서울특별시 영등포구 여의대방로67길 21 9층 938호(여의도동, 정곡빌딩)", ,,시스템 소프트웨어 개발 및 공급업,2018-04-02,02월
빅트레이드,VicTrade,빅트레이드, ,정영근,기타법인,110111-1633365,214-86-28708,서울특별시 영등포구 여의도동 증권거래소 본관 209호,http://www.victrade.co.kr,,시스템 소프트웨어 개발 및 공급업,1999-01-13,12월
주식회사 빅파이어게임즈,"BigFire Games Co., Ltd.",빅파이어게임즈, ,배재현,기타법인,131111-0075813,843-87-03308,"경기도 성남시 분당구 대왕판교로644번길 12 (삼평동, 엔씨소프트판교R&D센터)",bigfiregames.career.greetinghr.com/intro,,게임 소프트웨어 개발 및 공급업,2025-02-03,12월
주식회사 빅팟게임즈,BIGPOTGAMES Inc,빅팟게임즈, ,이상윤,기타법인,131111-0406875,218-87-00053,경기도 성남시 분당구 판교로 242 (삼평동) 판교디지털센터 A동 7층, ,,게임 소프트웨어 개발 및 공급업,2015-04-20,12월
빅픽처인터렉티브,Bigpicture Interactive,빅픽처인터렉티브, ,송광준,기타법인,110111-5685792,286-87-00056,서울특별시 금천구 두산로9길 31 빅픽처인터렉티브,www.bigpi.co/,,그 외 기타 정보 서비스업,2015-04-06,12월
주식회사 빅픽처팀,Bigpictureteam Inc.,빅픽처팀, ,현우진,기타법인,110111-6214029,876-87-00562,"서울특별시 강남구 역삼로 216 (역삼동, 타워770), 지하2층, 2층, 3층, 6층",bigpicture.team/,,응용 소프트웨어 개발 및 공급업,2016-10-26,12월
빈스네트워크 주식회사,"Bins network co.,ltd",빈스네트워크, ,유신자,기타법인,110111-4695015,107-87-58880,서울특별시 영등포구 여의대로 56 (여의도동), ,,출판업,2011-09-27,08월
주식회사 빈에스,BINS,빈에스, ,안형진,기타법인,110111-5835462,472-87-00166,"서울특별시 강남구 논현로142길 13 (논현동, 씨꼴빌딩)",binsoundtax@gmail.com,,그 외 기타 정보 서비스업,2015-09-16,12월
주식회사 빈지웍스,Binge Works,빈지웍스, ,전규아,기타법인,110111-6665222,454-88-01053,"서울특별시 마포구 동교로8안길 31 3층 (합정동, 금악빌딩)", ,,방송 프로그램 제작업,2018-02-21,12월
(주)빈티지랩,Vintagelab Inc.,빈티지랩, ,김태근,기타법인,110111-3770826,211-88-04147,"서울특별시 강남구 강남대로 464 7층(역삼동, 비제바노)", ,,시스템 소프트웨어 개발 및 공급업,2007-10-17,12월
(주)빌리언스플러스,"BILLIONS PLUS Co., Ltd.",빌리언스플러스, ,김우재,기타법인,110111-4810184,206-86-63441,"서울특별시 서초구 반포대로39길 47-3 (반포동, 서우빌딩)",www.billionsplus.co.kr,,일반 영화 및 비디오물 제작업,2012-03-02,12월
(주)빌리프랩,Belift Lab Inc,빌리프랩, ,김태호,기타법인,110111-6873883,564-87-01090,서울특별시 강남구 테헤란로108길 42 2층,belift.kr,,음악 및 기타 오디오물 출판업,2018-09-17,12월
빌플러스 주식회사,Billplus,빌플러스, ,정만원,기타법인,110111-2113738,101-81-64664,서울특별시 종로구 서린동 99,해당사항없음,,그 외 기타 전기 통신업,2000-11-20,12월
빔모빌리티코리아 주식회사,"Beam Mobility Korea Co.,Ltd.",빔모빌리티코리아, ,앨런 줄리안 쟝,기타법인,134211-0211451,844-87-01389,"서울특별시 성동구 성수일로8길 59 비동 8층 803호, 804호(성수동2가)", ,,시스템 소프트웨어 개발 및 공급업,2018-12-26,12월
주식회사 빗썸파트너스,"Bithumb Partners Co., Ltd.",빗썸파트너스, ,임태성,기타법인,110111-8201529,711-87-02491,"서울특별시 강남구 테헤란로 124 (역삼동, 삼원타워) 17층", ,,그 외 기타 정보 서비스업,2022-02-16,12월
주식회사 빗썸홀딩스,"Bithumb Holdings Co., Ltd.",빗썸홀딩스, ,이재원,기타법인,110111-5712579,830-88-00087,"서울특별시 강남구 테헤란로 124 (역삼동, 삼원타워)17층", ,,그 외 기타 정보 서비스업,2015-04-30,12월
빛엔터테이너먼트,Lightent,빛엔터테이너먼트, ,염보성,기타법인,131111-0750222,145-87-03733,"서울특별시 서초구 사평대로56길 12 (서초동, 정경4041) 지하1층", ,,출판업,2024-10-29,12월
(주)사계절출판사,SAKYEJUL PUBLISHING LTD.,사계절출판사, ,강맑실,기타법인,110111-1063421,102-81-35065,경기도 파주시 교하읍 문발리 출판문화정보산업단지 513-3,www.sakyejul.co.kr,,서적 출판업,1982-06-01,12월
(주)사나이픽처스,sanai pictures,사나이픽처스, ,한재덕,기타법인,110111-4779497,206-86-61782,"서울특별시 용산구 대사관로 72 507(한남동, 제일빌딩)", ,,일반 영화 및 비디오물 제작업,2012-01-26,12월
사내스포츠,"SANE SPORTS CO.,LTD",사내스포츠, ,김수창,기타법인,110111-1005912,114-81-95862,서울특별시 서초구 반포동 54-15 미성빌딩 4층,www.come.to/sane,,게임 소프트웨어 개발 및 공급업,2000-03-07,12월
(주)사람인,"Saramin Co., Ltd.",사람인,143240,황현순,코스닥시장,110111-3318387,113-86-00917,서울특별시 강서구 공항대로 165 C동 11층(마곡동),www.saramin.co.kr,,포털 및 기타 인터넷 정보매개 서비스업,2005-10-07,12월
주식회사 사랑방미디어,"sarangbangsinmoonsa,co.,ltd.",사랑방미디어, ,"조덕선, 조경선",기타법인,200111-0035969,409-81-17181,"광주광역시 북구 제봉로 324 (중흥동, SRB빌딩)",www.sarangbang.com,,정기 광고간행물 발행업,1992-07-28,12월
주식회사 사삼구구코리아,"4399 korea Co.,Ltd",사삼구구코리아, ,DAI XIAOFENG,기타법인,110111-4848680,113-86-58836,"서울특별시 금천구 서부샛길 606 (가산동, 대성디폴리스지식산업센터)B동1908호",www.4399.co.kr/,,모바일 게임 소프트웨어 개발 및 공급업,2012-04-16,12월
(주)사운디스트엔터테인먼트,"Soundist Entertainment.Co.,Ltd.",사운디스트엔터테인먼트, ,김승준,기타법인,110111-6196011,207-88-00574,"서울특별시 강남구 논현로152길 32 (신사동, 카라코람빌딩) 1층, 2층, 3층", ,,오디오물 출판 및 원판 녹음업,2016-10-10,12월
(주)사이냅소프트,Synapsoft Corp.,사이냅소프트,466410,전경헌,코스닥시장,110111-2035172,214-86-64984,서울특별시 강서구 마곡중앙4로 62,/www.synapsoft.co.kr,,응용 소프트웨어 개발 및 공급업,2000-07-26,12월
(주)사이넷,"PSYNET Co.,Ltd",사이넷, ,김광묵,기타법인,110111-1890890,215-81-89135,"서울특별시 송파구 송파대로 167 , A동 1601호~1605호(문정동, 문정역테라타워)",http://www.psynet.co.kr/,,그 외 기타 정보 서비스업,2000-02-26,12월
(주) 사이렌스튜디오,SIREN STUDIOS,사이렌스튜디오, ,이형민,기타법인,110111-1591480,111-81-31457,서울특별시 관악구 신림본동 409-100 동서리치빌딩 403호,www.sirenstudio.com,,시스템 소프트웨어 개발 및 공급업,1998-10-28,01월
사이버게이트기술(주),CYBERGATE TECH. INC.,사이버게이트기술, ,정종근,기타법인,110111-1371882,214-86-13369,서울특별시 서초구 방배동 931-26,http://www.cybergate.co.kr,,시스템 소프트웨어 개발 및 공급업,1997-01-30,12월
주식회사 사이버다임,"CYBERDIGM CO., LTD.",사이버다임, ,김경채,기타법인,110111-4480573,211-88-52348,"서울특별시 송파구 올림픽로 299 12층 (신천동, 대한제당)", ,,컴퓨터시스템 통합 자문 및 구축 서비스업,2010-11-29,12월
(주)사이버랜드,"cyberland  co,.ltd",사이버랜드, ,박응영,기타법인,135011-0100053,134-81-51494,서울특별시 마포구 성산동 81-6 수흥빌딩 202호,cyberland21c.com,,데이터베이스 및 온라인정보 제공업,2000-02-10,12월
(주)사이버리아,"Cyberria Co., Ltd.",사이버리아, ,정훈,기타법인,110111-1917850,212-81-51120,서울특별시 강동구 천호동 563 동아코아빌딩 5층,www.cyberria.com,,게임 소프트웨어 개발 및 공급업,2000-03-24,12월
주식회사 사이버메드,CYBERMED INC.,사이버메드, ,김철영,기타법인,110111-1610454,214-86-27261,"대전광역시 유성구 유성대로1205번길 6-26 (자운동, (주)사이버메드)",www.cybermed.co.kr,,응용 소프트웨어 개발 및 공급업,1998-11-20,12월
(주)사이버문,"cybermoon co.,ltd",사이버문, ,최창석,기타법인,194211-0039968,609-81-41393,경상남도 창원시 용호동 4-1 경남행정동우회관 104호,www.cybermoon.net,,데이터베이스 및 온라인정보 제공업,2000-04-01,12월
사이버씨브이에스(주),"CyberCVS CO.,LTD",사이버씨브이에스, ,김경곤,기타법인,110111-1896343,107-81-78531,서울특별시 마포구 동교동 200-30 디비엠빌딩 501호,www.cybercvs.com,,"컴퓨터 프로그래밍, 시스템 통합 및 관리업",2000-03-04,12월
사이버아트드림, ,사이버아트드림, ,김광균,기타법인,110111-1908370,211-86-93175,서울특별시 강남구 신사동 587-23 성도빌딩, ,,애니메이션 영화 및 비디오물 제작업,2000-03-15,12월
사이버에듀이십일(주),cyberedu21,사이버에듀이십일, ,장일홍,기타법인,110111-2038085,120-86-09594,서울특별시 강남구 신사동634-4 화경빌딩,cyberedu21,,시스템 소프트웨어 개발 및 공급업,2000-07-28,12월
(주)사이버에듀타운,"CyberEdu Town Co., Ltd.",사이버에듀타운, ,이상문,기타법인,110111-1657373,113-81-51764,서울특별시 영등포구 영등포동8가 35-1 영등포전화국 별관201호,www.cyberedu.co.kr,,시스템 소프트웨어 개발 및 공급업,1999-03-03,12월
주식회사 사이버타운,Cybertown Co.,사이버타운, ,임성호,기타법인,200111-0105423,409-81-49965,광주광역시 남구 월산동 76-1 서현빌딩 4층, ,,데이터베이스 및 온라인정보 제공업,1999-09-30,12월
(주)사이버텔브릿지,CYBERTELBRIDGE,사이버텔브릿지, ,남백산,기타법인,160111-0100034,305-81-38619,"서울특별시 구로구 디지털로 272 901,902,903,904호(구로동, 한신아이티타워)",www.cybertel.co.kr,,시스템 소프트웨어 개발 및 공급업,2000-06-23,12월
(주)사이버패스,CyberpassIncorporation,사이버패스,063280,유종준,기타법인,110111-2034372,211-86-63201,서울특별시 강남구 논현동 36-8 로얄토토빌딩 34층 ,www.cyberpass.com,,시스템 소프트웨어 개발 및 공급업,2000-07-24,12월
(주)사이버패트롤,"Cuberpatrol Co.,Ltd",사이버패트롤, ,김활중,기타법인,160111-0064438,314-81-19407,서울특별시 강남구 도곡1동 949-3 텔슨벤처타워 6층,www.cyberpatrol.co.kr,,컴퓨터시스템 통합 자문 및 구축 서비스업,1997-07-18,12월
(주)사이버프로덕션,cyberproduction.co.ltd,사이버프로덕션, ,김현진,기타법인,110111-1815707,113-81-56847,서울특별시 서초구 서초동1327-35 우전빌딩6층,www.musicfestival.co.kr,,데이터베이스 및 온라인정보 제공업,1999-11-27,12월
(주)사이텍시스템,"SITECSOFT CO.,LTD",사이텍시스템, ,이강동,기타법인,110111-1917082,220-81-81737,서울특별시 강남구 삼성동 145-18 구구빌딩7층,www.sitecsoft.com,,시스템 소프트웨어 개발 및 공급업,2000-03-23,12월
사이트온(주),SITEON.INC,사이트온, ,"안인찬, 남제희",기타법인,110111-2863987,210-81-50917,서울특별시 금천구 가산동 60-21 IT미래타워 605호, ,,시스템ㆍ응용 소프트웨어 개발 및 공급업,2003-09-25,12월
(주)사이퍼스,"CYPUS CO., LTD.",사이퍼스, ,김명수,기타법인,110111-1850539,214-86-45920,서울특별시 서초구 서초동 1631-5 번지 수복빌딩 3 층,http://www.cypus.com,,시스템 소프트웨어 개발 및 공급업,2000-01-15,12월
(주)사임당더허스토리,"Saimdang, the Herstory",사임당더허스토리, ,송병준,기타법인,110111-5759737,103-86-00109,서울특별시 강남구 강남대로132길 27 103호 (논현동), ,,방송 프로그램 제작업,2015-06-22,12월
(주)사조시스템즈,"sajosystems Co.,Ltd",사조시스템즈, ,이인우,기타법인,110111-0335178,212-81-21816,서울특별시 서대문구 통일로 107-39 403호 (주)사조시스템즈,sys.sajo.co.kr,,"컴퓨터 프로그래밍, 시스템 통합 및 관리업",1983-01-15,12월
(주)사회평론,"SAHOI PYOUNGNON PUBLISHING CO.,INC",사회평론, ,윤철호,기타법인,110111-0905202,105-81-55677,"서울특별시 마포구 월드컵북로12길 17 (성산동, 사평빌딩)",www.sapyoung.com,,일반 서적 출판업,1992-11-30,12월
(주)산돌,"Sandoll, Inc.",산돌,419120,윤영호 (단독대표),코스닥시장,110111-6908870,582-88-01149,서울특별시 성동구 아차산로17길 49 601-612호,www.sandoll.co.kr,,응용 소프트웨어 개발 및 공급업,2018-10-29,12월
(주)산들 네트웍스,"Sandeul Networks co., ltd.",산들네트웍스, ,안정화,기타법인,110111-1203879,105-81-81141,서울특별시 마포구 마포동 대농빌딩 1002호,www.sandeul.co.kr,,컴퓨터시스템 통합 자문 및 구축 서비스업,1995-10-11,12월
(주)산심,SAN SIM,산심, ,김택수,기타법인,110111-1719462,203-81-64577,서울특별시 중구 필동1가 3-3 세원빌딩 403호,www.coreanews.co.kr,,신문 발행업,1999-06-22,12월
산업정보기술주식회사,"Industrial Information Technologu CO., LTD",산업정보기술, ,이국상,기타법인,211111-0006830,105-81-76901,대전광역시 서구 둔산동 921번지 주은리더스텔,iitcopr.co.kr,,기타 정보기술 및 컴퓨터운영 관련 서비스업,1995-04-21,12월
주식회사 산책,SANCHECK.Co.Ltd.,산책, ,박준호,기타법인,134511-0509462,123-88-02013,"경기도 용인시 수지구 광교중앙로296번길 10 (상현동, 광교리치안오피스텔)209호", ,,출판업,2021-04-13,12월
(주)산천컴퍼니,SAN CHEON COMPANY,산천컴퍼니, ,이승훈,기타법인,220111-0177460,684-81-01242,"제주특별자치도 제주시 기와4길 20 (영평동, 영평휴먼빌)A동101호", ,,서적 출판업,2018-06-19,12월
주식회사 산하정보기술,"Sanha Information Technology Co., LTD",산하정보기술, ,손학기,기타법인,110111-1104481,214-81-79819,"서울특별시 금천구 디지털로9길 68 (가산동, 대륭포스트타워5차), 15F", ,,시스템 소프트웨어 개발 및 공급업,1994-11-28,12월
(주)살림출판사,Sallim Publishing,살림출판사, ,심만수,기타법인,110111-1225667,102-81-38873,경기도 파주시 교하읍 문발리 출판문화정보산업단지 522-2,www.sallimbooks.com,,일반 서적 출판업,1996-01-01,03월
삼건베리클주식회사,"SAMKUN VERYCLE CO.,LTD.",삼건베리클, ,이태철,기타법인,110111-1544273,220-81-52038,서울특별시 서초구 서초동 1329-4번지 우남빌딩9층,www.verycle.co.kr,,응용 소프트웨어 개발 및 공급업,1998-05-08,12월
주식회사 삼공퍼센트,"Thirty Percent Co.,Ltd.",삼공퍼센트, ,임태호,기타법인,194211-0323444,386-87-01938,"경상남도 창원시 마산회원구 북성로 138 301호(회원동, 천지리치빌)", ,,응용 소프트웨어 개발 및 공급업,2020-09-18,12월
(주)삼두디엔에스,SAMDOO DNS.CO.KR,삼두디엔에스, ,정일공,기타법인,110111-1569007,229-81-33101,서울특별시 서초구 양재동 109-1,@SAMDOODNS.COM,,컴퓨터시스템 통합 자문 및 구축 서비스업,1998-07-25,03월
주식회사 삼디이모션,"3D-EMOTION Co., Ltd.",삼디이모션, ,이영우,기타법인,110111-1956027,206-81-58676,서울특별시 광진구 중곡2동 131-7 율림B/D B1,http://www.3d-emotion.co.kr,,일반 영화 및 비디오물 제작업,2000-04-28,12월
삼륙인쇄(주),-,삼륙인쇄, ,서준모,기타법인,110111-0223894,106-81-07367,경기도 안양시 만안구 안양동 220-6, ,,기타 인쇄물 출판업,1978-03-01,12월
삼부파이낸스엔터테인먼트주식회사,"SAMBOO FINANCE ENTERTAINMENT CO., LTD.",삼부파이낸스엔터테인먼트, ,민경,기타법인,110111-1553365,120-81-81970,서울특별시 강남구 삼성동 143-37,-,,일반 영화 및 비디오물 제작업,1998-07-01,12월
삼성네트웍스주식회사,"Samsung Networks,Inc.",삼성네트웍스, ,김인,기타법인,110111-1894339,214-86-49528,서울특별시 강남구 삼성1동 아셈타워 159-1번지 11층,www.samsungnetworks.co.kr,,유선 통신업,2000-03-02,12월
삼성에스디에스(주),"SAMSUNG SDS CO., LTD.",삼성에스디에스,018260,이준희,유가증권시장,110111-0398556,110-81-28774,서울특별시 송파구 올림픽로35길 125(신천동),www.samsungsds.com,,컴퓨터시스템 통합 자문 및 구축 서비스업,1985-05-01,12월
(주)삼성출판사,"SAMSUNG PUBLISHING CO.,LTD",삼성출판사,068290,김진용,유가증권시장,110111-2559411,214-87-14287,서울특별시 서초구  명달로 94 (주)삼성출판사,www.samsungbooks.com,,서적 출판업,2002-07-02,12월
주식회사 삼신정보기술,"SAMSIN INFORMATION TECHNOLOGY CO.,LTD.",삼신정보기술, ,최미정,기타법인,110111-3928011,113-86-23211,전라남도 나주시 석전2길 60-24 1-301호 (빛가람동),www.samsinit.com/,,컴퓨터시스템 통합 자문 및 구축 서비스업,2008-07-03,12월
삼양데이타시스템(주),Samyang Data Systems Inc.,삼양데이타시스템, ,변수식,기타법인,110111-1153545,208-81-19494,"서울특별시 종로구 종로33길 31 (연지동, 삼양사사옥) 3층",http://www.syds.com,,컴퓨터시스템 통합 자문 및 구축 서비스업,1995-04-29,12월
(주)삼양씨앤씨,"SamyangCNC Co.,Ltd.",삼양씨앤씨, ,박성인,기타법인,110111-6595495,831-88-01041,"서울특별시 강북구 도봉로 173 5층 (미아동, 캠프)", ,,기타 인쇄물 출판업,2017-12-12,12월
(주)삼영필림,"SAMYEONG FILMS CO.,LTD",삼영필림, ,강대진,기타법인,110111-0109771,209-81-04368,서울특별시 성북구 동선동4가 70,www.mmc24.co.kr,,영화관 운영업,1969-10-30,12월
(주)삼우엔앤에스,"Infnis, Inc.",삼우엔앤에스, ,정한결,기타법인,110111-2424515,120-86-32038,서울특별시 성동구 성수동2가 예림문화출판센터7층,infnis.com,,시스템 소프트웨어 개발 및 공급업,2002-01-17,12월
삼우정보기술주식회사,Samwoo Information  Technology Inc.,삼우정보기술, ,유용식,기타법인,110111-1844459,214-86-45070,서울특별시 서초구 서초2동 1338-20 우진빌딩2층,www.swdata.co.kr,,시스템 소프트웨어 개발 및 공급업,2000-01-06,12월
삼우통신공업(주),"Samwoo Communications Co., Ltd",삼우통신공업, ,김정현,기타법인,135111-0078670,123-86-04638,경기도 군포시 당정동 171번지,samwoo.co.kr,,그 외 기타 전기 통신업,2006-01-04,12월
삼육오홈케어(주),365homecare,삼육오홈케어, ,이강예,기타법인,110111-2032243,220-81-93271,서울특별시 마포구 상암산로 48-6 (상암동) 5층,www.365homecare.com,,데이터베이스 및 온라인정보 제공업,2000-07-22,12월
(주)삼의종합정보,"SAMWYU TOTAL INFORM CO.,LTD",삼의종합정보, ,신영혜,기타법인,110111-1287659,120-81-63123,서울특별시 관악구 봉천4동 882-5 관악전화국 207호,WWW.SAMWYU.CO.KR,,시스템 소프트웨어 개발 및 공급업,1996-07-01,12월
(주)삼일아이에스,"Samil IS, Inc.",삼일아이에스, ,한평철,기타법인,110111-1824120,114-81-93151,서울특별시 용산구 한강로2가 한일그룹빌딩 11층,www.samilis.com,,시스템 소프트웨어 개발 및 공급업,1999-12-08,12월
삼정데이타서비스(주),samjung data service co.ltd,삼정데이타서비스, ,오충용,기타법인,110111-1435026,213-86-32489,"서울특별시 구로구 디지털로 306 제4층 416호,417호,421호(구로동,대륭포스트타워2차)",www.sds.co.kr,,시스템 소프트웨어 개발 및 공급업,1997-08-01,12월
(주)삼주,SAMJOO CORPORATION,삼주, ,백승용,기타법인,180111-0570027,602-81-40485,부산광역시 동래구 여고로 1 (사직동) 삼주빌딩8층, ,,데이터베이스 및 온라인정보 제공업,2006-10-16,12월
삼척문화방송(주),SAMCHEOK MUNHWA BROADCASTING CORP,삼척문화방송, ,임무혁,기타법인,144611-0000226,222-81-00201,강원도 삼척시 갈천동 삼척문화방송국,www.scmbc.co.kr,,지상파 방송업,1971-04-10,12월
주식회사 삼팔커뮤니케이션,38 communication co.,삼팔커뮤니케이션, ,서성기,기타법인,110111-1935208,108-81-21496,서울특별시 영등포구 대림3동 682-2,www.38.co.kr,,데이터베이스 및 온라인정보 제공업,2000-04-10,12월
(주)삼화네트웍스,"SAMHWA NETWORKS Co.,Ltd.",삼화네트웍스,046390,"공동대표이사 안제현, 신상윤",코스닥시장,110111-0809595,114-81-55119,서울특별시 마포구 매봉산로2안길 8 -,www.shnetworks.co.kr,,"영화, 비디오물 및 방송프로그램 제작 관련 서비스업",1991-10-12,12월
삼화인쇄주식회사,SAM HWA Printing Co.,삼화인쇄, ,유성근,기타법인,110111-0031081,113-81-33825,"서울특별시 구로구 디지털로27길 33 (구로동, (주)삼화인쇄)",www.samhwaprinting.com,,서적 출판업,1957-07-12,12월
삼화프로덕션(주),"SAMHWA Production Co., Ltd.",삼화프로덕션, ,신현택,기타법인,110111-0356257,114-81-06317,서울특별시 강남구 역삼동 705-17 신아트스페이스빌딩 5층,www.samhwapd.co.kr,,방송 프로그램 제작업,1983-09-12,12월
주식회사상무시네마,smcinema,상무시네마, ,이윤선,기타법인,200111-0317151,410-86-49048,광주광역시 서구 치평동 1218-1 6층, ,,영화관 운영업,2011-04-11,06월
주식회사 상봉그랜드,"sangbong grand co., ltd",상봉그랜드, ,김우석,기타법인,110111-5303203,204-86-47315,"서울특별시 중랑구 망우로30길 3 (상봉동, 안산빌딩)", ,,영화관 운영업,2013-12-30,12월
(주)상상인,"Sangsangin Co., Ltd.",상상인,038540,"유준원, 이민식(각자 대표이사)",코스닥시장,120111-0050104,122-81-18380,경기도 성남시 분당구 황새울로 358 -,www.sangsanginworld.co.kr,www.sangsanginworld.co.kr,"컴퓨터 프로그래밍, 시스템 통합 및 관리업",1989-02-23,12월
상상필름 주식회사,"sangsang film co.,ltd.",상상필름, ,안상훈,기타법인,110111-2986135,211-87-48454,"경기도 고양시 일산동구 고봉로 32-19 501호 (장항동, 남정씨티프라자7차)", ,,일반 영화 및 비디오물 제작업,2004-04-01,12월
상생방송주식회사,sangsaeng broadcasting,상생방송, ,안세찬,기타법인,160111-0193237,305-81-77489,"대전광역시 대덕구 한밭대로 1133 (중리동, 증산도교육문화회관) 8층", ,,텔레비전 방송업,2007-03-28,12월
상진개발주식회사,Sang Jin development Inc,상진개발, ,김병옥,기타법인,150111-0042816,301-81-39557,충청북도 청주시 흥덕구 사창동 488,www.kinopia.com,,영화관 운영업,1999-11-17,12월
상하이글로벌소프트 주식회사,"Shanghai Global Soft co.,ltd",상하이글로벌소프트, ,이지연,기타법인,110111-6166733,616-87-00427,서울특별시 종로구 새문안로 68 (신문로1가), ,,소프트웨어 개발 및 공급업,2016-09-02,03월
(주)상현,SANGHYUNN,상현, ,배평호,기타법인,161511-0227144,529-86-00918,"충청남도 천안시 서북구 성정두정로 70 (두정동,아크로텔) 134호", ,,응용 소프트웨어 개발 및 공급업,2018-01-31,12월
주식회사 상화,"SANGWHA Co., Ltd.",상화, ,정범준,기타법인,110111-3751230,120-87-19916,"서울특별시 강남구 봉은사로112길 12 (삼성동, 상화빌딩)",www.sangwha.com,,소프트웨어 개발 및 공급업,2007-09-01,12월
주식회사 새길정보통신,Newway Information Communication co.,새길정보통신, ,김수겸,기타법인,160111-0085517,314-81-27324,대전광역시 서구 만년동 381 엑스포오피스텔 308호,www.newway.co.kr,,시스템 소프트웨어 개발 및 공급업,1999-08-03,12월
새로넷미디컴 주식회사,"Saeronet Medicom Co.,Ltd",새로넷미디컴, ,장정교,기타법인,176011-0037786,513-81-33705,경상북도 구미시 송정동 274-9, ,,유선 방송업,2004-06-14,12월
새로운넷(주),SAEROUNNET.CO.LTD,새로운넷, ,함종인,기타법인,110111-1769904,119-81-32111,서울특별시 동작구 신대방동 삼성옴니타워10층 새로운넷(주),www.saeroun.co.kr,,그 외 기타 전기 통신업,1999-09-09,12월
(주)새롬소프트,"SEROME SOFT,INC.",새롬소프트, ,임태훈,기타법인,110111-1633878,106-81-76748,서울특별시 강남구 도곡동 대림아크로텔12층,SEROME.NET,,컴퓨터시스템 통합 자문 및 구축 서비스업,1999-01-18,12월
(주)새롬애니메이션,SAEROM ANIMATION.INC,새롬애니메이션, ,김길환,기타법인,110111-0797683,120-81-00360,서울특별시 서초구 잠원동 18-1, ,,애니메이션 영화 및 비디오물 제작업,1991-09-01,12월
(주)새롬정보시스템,"Serom Information Systems, Inc.",새롬정보시스템, ,진성철,기타법인,110111-1076250,118-81-11845,서울특별시 금천구 가산디지털1로 219 벽산디지털밸리6차 601호,www.saerom.co.kr,,응용 소프트웨어 개발 및 공급업,1994-09-15,12월
주식회사 새미스,(주) SAMIS,새미스, ,강신태,기타법인,110111-0303414,106-81-19636,서울특별시 용산구 한강로2가 314-1 용성비즈텔 703, ,,시스템 소프트웨어 개발 및 공급업,1981-10-01,06월
주식회사 새빛기술,SAEBIT TECHNOLOGIES INC,새빛기술, ,"박정임, 김홍채 (각자 대표)",기타법인,110111-1917751,211-86-94039,"서울특별시 서초구 방배4동 837-6번지, 부림빌딩 1층",www.070pasukkun.com,,통신 재판매업,2000-03-29,09월
주식회사 새빛컬쳐,saevit culture,새빛컬쳐, ,이윤중,기타법인,110111-2436627,117-81-37798,서울특별시 영등포구 당산동3가 396-20 당산랜드 505, ,,서적 출판업,2002-01-31,12월
새시대방송통신(주),"New Era Broadcasting TV Co.,Ltd.",새시대방송통신, ,최선호,기타법인,110111-1778971,105-86-03567,서울특별시 마포구 서교동 377-3,www.cnm.co.kr,,유선 방송업,1999-09-29,12월
새턴정보통신(주),Saturn Information & Communication Corp.,새턴정보통신, ,김영수,기타법인,110111-1349227,118-81-15856,서울특별시 영등포구 여의도동 44-16 외교빌딩 6층,http://www.saturninfo.co.kr,,시스템 소프트웨어 개발 및 공급업,1996-12-05,12월
주식회사 새하컴즈,"SAEHA Co., LTD",새하컴즈, ,서장열,기타법인,110111-4250893,113-86-35153,"서울특별시 구로구 디지털로26길 61 2002호 (구로동, 에이스하이엔드타워2차)",www.saeha.com,,시스템 소프트웨어 개발 및 공급업,2009-12-30,12월
새한아이티(주),"SAEHAN IT Co., Ltd",새한아이티, ,김광,기타법인,110111-1676878,220-81-60197,서울특별시 강남구 삼성동 119-9 경산빌딩 3층,www.sitc.co.kr,,시스템 소프트웨어 개발 및 공급업,1999-04-07,12월
새한음반(주),"SAE HAN RECORDING CO.,LTD",새한음반, ,김연홍,기타법인,154211-0000040,302-81-00133,충청북도 옥천군 동이면 적하리 960, ,,음악 및 기타 오디오물 출판업,1965-12-15,12월
새한텔레콤 주식회사,Saehan telecom. ltd.,새한텔레콤, ,이길훈,기타법인,150111-0014831,315-81-05075,충청북도 청주시 흥덕구 봉명1동 211번지 새한빌딩 3층, ,,무선 및 위성 통신업,1992-09-14,12월
주식회사 샌드박스네트워크,Sandbox Network Inc.,샌드박스네트워크, ,차병곤,기타법인,110111-5532852,220-88-89136,"서울특별시 용산구 서빙고로 17 (한강로3가, 센트럴파크타워) 29층",www.sandbox.co.kr,,"영화, 비디오물 및 방송프로그램 제작업",2014-10-08,12월
주식회사 샌즈랩,SANDS LAB Inc.,샌즈랩,411080,김기홍,코스닥시장,110111-3108465,110-81-68136,경기도 과천시 과천대로7나길 25 12층,www.sandslab.io,,소프트웨어 개발 및 공급업,2004-11-01,12월
주식회사 샘넷,"Internet Education Broadcasting Service co.,ltd",샘넷, ,신차용,기타법인,110111-1711567,114-81-89185,서울특별시 서초구 방배3동 478-7 대지빌딩 2층,www.semnet.co.kr,,데이터베이스 및 온라인정보 제공업,1999-06-10,12월
샤이나 주식회사,Shaina Corp.,샤이나, ,"장다겸, 홍세윤",기타법인,110111-6778166,726-81-01245,경기도 화성시 동탄대로 683 717호 (영천동), ,,교과서 및 학습서적 출판업,2018-06-21,12월
주식회사 서경방송,"Sea Kyung cable television Co., Ltd",서경방송, ,윤철지,기타법인,191111-0013834,613-81-15007,경상남도 진주시 진양호로 532 (동성동),www.iscs.co.kr,,유선 방송업,1997-07-22,12월
주식회사 서로넷,"SEORONET Co.,Ltd",서로넷, ,김진갑,기타법인,131111-0019876,129-81-15685,경기도 성남시 분당구 수내동 9-4 현대오피스 701호, ,,유선 방송업,1995-01-01,12월
서린정보기술(주),SORIN INFORMATION THECHNOLOGY CORP,서린정보기술, ,최범수,기타법인,110111-1260077,211-86-13749,"서울특별시 종로구 종로 33 (청진동, 그랑서울)", ,,시스템 소프트웨어 개발 및 공급업,1996-04-12,12월
(주)서버뱅크,SERVERBANK,서버뱅크, ,김기용,기타법인,110111-2207367,108-81-27618,서울특별시 동작구 신대방2동 395-65,www.e-serverbank.com,,컴퓨터시설 관리업,2001-04-02,12월
주식회사 서번텍,"SVTECK.CO.,LTD",서번텍, ,김철호,기타법인,110111-1079577,220-81-07135,"서울특별시 송파구 충민로 66 , 제10층 제티-10007-1-1호(문정동,가든파이브라이프)",www.svteck.co.kr,,컴퓨터시설 관리업,1994-09-28,12월
서보스타,"SERVOSTAR CO.,LTD",서보스타, ,이기진,기타법인,110111-3070870,119-81-75236,"경기도 시흥시 목감둘레로 168-28 501호 (조남동, 서보스타지식산업센터)",www.servostar.co.kr,,응용 소프트웨어 개발 및 공급업,2004-09-01,12월
서비스인(주),"SERVICE-IN CO., LTD",서비스인, ,김봉현,기타법인,110111-4571017,119-86-40367,"서울특별시 금천구 디지털로 173 엘리시아빌딩 12,13층 (가산동)", ,,포털 및 기타 인터넷 정보매개 서비스업,2011-04-04,12월
주식회사 서서울케이블티브이,Seoseoul CATV Ltd.,서서울케이블티브이, ,"최선호, 오광성",기타법인,110111-1017395,110-81-29701,서울특별시 서대문구 충정로3가 63-1,www.scatv.co.kr,,유선 방송업,1994-03-09,12월
주식회사 서세원프로덕션,"SUH SE WON PRODUCTION.CO.,LTD",서세원프로덕션, ,유재영,기타법인,110111-2237679,211-86-75783,서울특별시 강남구 삼성동 60-13, ,,일반 영화 및 비디오물 제작업,2001-05-15,12월
주식회사 서울경제신문,Seoul Economic Daily,서울경제신문, ,손동영,기타법인,110111-0661317,208-81-10310,"서울특별시 종로구 율곡로 6 B동 16층(중학동, 트윈트리빌딩)",www.sedaily.com,,신문 발행업,1989-11-30,12월
(주)서울국제위성뉴스,Seoul International Sattellite News Corp,서울국제위성뉴스, ,김도진,기타법인,110111-1212945,208-81-21796,서울특별시 종로구 연지동 1-30 은석빌딩 동관2층, ,,그 외 기타 전기 통신업,1995-11-11,12월
서울국제전화(주),Seoul Telenet,서울국제전화, ,박광석,기타법인,110111-1532533,220-81-51553,"서울특별시 강남구 테헤란로87길 36 (삼성동, 도심공항타워) 2303호",www.flagtelecom.com,,우편 및 통신업,1998-06-01,12월
(주)서울나비,"SeoulNavi, Inc.",서울나비, ,풍희섭,기타법인,110111-1893787,204-81-47775,서울특별시 중구 신당2동 432 -695 신영빌딩3층,www.seoulnavi.com,,데이터베이스 및 온라인정보 제공업,2000-03-02,12월
주식회사 서울무비,"SEOUL MOVIE CO., LTD.",서울무비, ,전창록,기타법인,110111-1000788,114-81-56568,서울특별시 서초구 양재동 67-6 KOKO빌딩,www.seoulmovie.com,,애니메이션 영화 및 비디오물 제작업,1994-01-07,12월
주식회사 서울문화사,"SEOUL CULTURAL PUBLISHERS, INC.",서울문화사, ,조대웅,기타법인,110111-0556675,106-81-48164,서울특별시 용산구 한강로2가 서울문화사, ,,"서적, 잡지 및 기타 인쇄물 출판업",1988-01-07,12월
주식회사 서울미디어코믹스,"Seoulmedia Comics, Inc",서울미디어코믹스, ,오태엽,기타법인,110111-6675023,159-81-01014,"서울특별시 용산구 새창로 221-19 5층(한강로2가, 서울문화사)",www.ismg.co.kr,,만화 출판업,2019-03-02,12월
주식회사 서울사랑,"Loveseoul co.,ltd.",서울사랑, ,이민호,기타법인,110111-2816184,107-86-37097,"서울특별시 구로구 구로동170-5 우림 이비지센타 9층 906, 907호",www.loveseoul.kr,,컴퓨터 프로그래밍 서비스업,2003-07-07,12월
서울신교통카드(주),seoul,서울신교통카드, ,신인식,기타법인,131111-0478767,552-87-00628,경기도 성남시 분당구 판교로 338 (삼평동) 한국무역정보통신 건물 3층, ,,자료 처리업,2017-03-31,12월
주식회사 서울신문사,THE SEOUL SHINMUN,서울신문사, ,김성수,기타법인,110111-0013493,104-81-24680,서울특별시 중구 세종대로 124,www.seoul.co.kr,,신문 발행업,1938-04-28,12월
서울에스티비(주),seoulstv,서울에스티비, ,"안희선, 남상용",기타법인,110111-2653263,211-87-23716,"서울특별시 중구 삼일대로 308 (충무로2가, 조양빌딩본관) 9층",www.seoulstv.co.kr,,프로그램 공급업,2002-11-14,12월
(주)서울인터넷티브이,SIBSTV,서울인터넷티브이, ,이승아,기타법인,110111-2228470,211-86-75070,서울특별시 강남구 신사동 595-1안국빌딩 B2,WWW.SIBSTV.COM,,데이터베이스 및 온라인정보 제공업,2001-04-30,12월
서울평가정보(주),Seoul Information Service Inc.,서울평가정보,036120,고인묵,코스닥시장,110111-0853419,114-81-47958,서울특별시 영등포구 국회대로70길 23 -,www.sci.co.kr,,데이터베이스 및 온라인정보 제공업,1992-04-23,12월
(주)서융소프트웨어,"SEOYUNG SOFTWARE CO.,LTD",서융소프트웨어, ,고지흔,기타법인,184511-0021614,621-81-35362,"부산광역시 부산진구 서전로47번길 47 2층(전포동, 화이트캐슬)", ,,컴퓨터 프로그래밍 서비스업,1999-08-17,12월
(주)서인디지탈,SEOIN DIGITAL Corp.,서인디지탈, ,송윤정,기타법인,135011-0085247,134-81-42224,"경기도 안양시 동안구 동편로 188 201호,202호(관양동, 네이처빌딩)",seoindgt.co.kr/,,컴퓨터시스템 통합 자문 및 구축 서비스업,1999-01-01,12월
서초남부미디넷케이블티브이(주),Seocho Nambu Cable Tv Co. Ltd.,서초남부미디넷케이블티브이, ,최선호 오규석,기타법인,110111-1914880,214-86-52926,서울특별시 서초구 서초동 1440-7,nambu.cnm.co.kr/,,유선 방송업,2000-04-01,12월
서치솔루션 주식회사,-,서치솔루션, ,김태웅,기타법인,110111-1868368,114-81-94621,"경기도 성남시 분당구 불정로 6 (정자동, 그린팩토리) 5층", ,,그 외 기타 정보 서비스업,2000-02-01,12월
(주)선광, ,선광, ,김재식,기타법인,134111-0042296,138-81-01642,인천광역시 부평구 부평대로313번길 14 (청천동), ,,잡지 및 정기간행물 발행업,1994-03-14,12월
주식회사선데이토즈,SUNDAYTOZ Corp.,선데이토즈, ,이정웅,기타법인,131111-0223518,129-86-28962,경기도 성남시 분당구 서현동 250-2 5층 경영전략팀,www.sundaytoz.com,,게임 소프트웨어 개발 및 공급업,2009-01-06,12월
(주)선도소프트,SUNDOSOFT,선도소프트, ,윤훈주,기타법인,110111-5315539,119-86-82412,"서울특별시 금천구 가산디지털1로 181 (가산동, 가산더블유센터)1701-5호",www.sundosoft.co.kr,,응용 소프트웨어 개발 및 공급업,2014-01-14,12월
(주)선민이미지픽쳐스,"SUN MIN IMAGE PICTURES CO.,LTD",선민이미지픽쳐스, ,상영환,기타법인,110111-1303760,219-81-20900,서울특별시 강남구 포이동 239-15 덕흥빌딩,www.sunmin.com,,애니메이션 영화 및 비디오물 제작업,1990-12-14,06월
주식회사선우엔터인먼트,.,선우엔터인먼트, ,이성희,기타법인,110111-1631475,214-81-28760,서울특별시 서초구 서초동 1462-2,.,,애니메이션 영화 및 비디오물 제작업,1991-05-31,12월
(주)선우엔터테인먼트,"Sunwoo Entertainment Co.,Ltd.",선우엔터테인먼트, ,강한영,기타법인,110111-3162875,120-86-77563,서울특별시 구로구 구로3동 222-7 코오롱디지털타워빌란트 14층,www.sunwoo.com,,애니메이션 영화 및 비디오물 제작업,2005-02-01,12월
주식회사 선우프로덕션,"Sunwoo Productions,Inc",선우프로덕션, ,김찬,기타법인,110111-0295249,120-81-30694,서울특별시 강남구 삼성동 161-9,www.filmmobydick.com,,광고 영화 및 비디오물 제작업,1985-05-01,12월
(주)선한아이디,SUN HAN ID.CO,선한아이디, ,정윤호,기타법인,134511-0110475,142-81-05647,"경기도 성남시 분당구 대왕판교로 660 (삼평동, 유스페이스1)A동 808호",www.filenori.com,,데이터베이스 및 온라인정보 제공업,2007-02-28,12월
선헬스케어인터내셔널 주식회사,Sun Healthcare International Corp.,선헬스케어인터내셔널, ,선승훈,기타법인,160111-0094683,305-81-36571,"대전광역시 중구 대종로 645 지하1층 (중촌동, 부원빌딩)", ,,그 외 기타 정보 서비스업,2000-04-01,12월
성남교통 주식회사,seo hyun,성남교통, ,심정환,기타법인,131111-0064657,129-81-50135,경기도 성남시 분당구 서현로 459 (분당동), ,,지상파 방송업,2002-04-10,12월
성북유선방송 주식회사,"SUNG BUK Retransmissiom TV Co., Ltd.",성북유선방송, ,양주황,기타법인,110111-0939293,209-81-13213,서울특별시 성북구 하월곡동 90-1558,www.bcstv.co.kr,,유선 방송업,1994-03-15,12월
주식회사 성산시네마,Sung San Sinema,성산시네마, ,최성학,기타법인,194211-0082488,609-81-74685,"경상남도 창원시 성산구 용지로 58 (중앙동, 8층~12층)", ,,영화관 운영업,2006-09-23,12월
성산여객주식회사,sungsanpassenger,성산여객, ,"노승후, 박호정",기타법인,120111-0077497,137-81-06998,인천광역시 부평구 세월천로 201 (청천동), ,,지상파 방송업,1992-09-15,12월
주식회사 성서원,"Bible House,Inc",성서원, ,김영진,기타법인,110111-1433385,208-81-24172,서울특별시 종로구 명륜동1가 46-1,www.biblehouse.co.kr,,서적 출판업,1997-06-28,12월
(주)성안당,SUNG AN DANG INC,성안당, ,이종춘,기타법인,284911-0146984,526-87-00162,"경기도 파주시 문발로 112 (문발동, 성안당)",www.cyber.co.kr,,교과서 및 학습서적 출판업,2015-09-01,12월
성우시스템(주),Sung Woo Systems. Inc.,성우시스템, ,이지성,기타법인,110111-0668347,116-81-27943,서울특별시 구로구 구로동 235-2 에이스하이엔드타워 508,www.sws.co.kr,,시스템 소프트웨어 개발 및 공급업,1990-01-10,12월
성우정보통신(주),"Sungwoo I&C Co., Ltd.",성우정보통신, ,정몽훈,기타법인,141211-0009930,224-81-12396,서울특별시 서초구 서초동 1316-17,http//www.sungwoo.com,,유선 통신업,1997-03-22,12월
성은정보주식회사,"Sung Eun Information Co., Ltd.",성은정보, ,이평구,기타법인,110111-1589328,219-81-27107,서울특별시 구로구 구로3동 212-16 벽산디지털 밸리1차 405호,http://http//www.seic.co.kr,,시스템 소프트웨어 개발 및 공급업,1998-09-24,12월
주식회사 성음,SUNG EUM LIMITED,성음, ,이승배,기타법인,110111-0231334,218-81-01012,서울특별시 성동구 성수2가 300-14,sungeum.com,,음악 및 기타 오디오물 출판업,1978-05-13,12월
성지출판(주),SUNGJI Publications,성지출판, ,홍상욱,기타법인,110111-1417652,229-81-27711,서울특별시 서초구 양재1동 14-4 모산빌딩 7층, ,,서적 출판업,1997-05-23,12월
주식회사 세가퍼블리싱코리아,SEGA Pulishing KOREA,세가퍼블리싱코리아, ,노모토 아키라,기타법인,110111-3874321,101-86-39044,"서울특별시 금천구 디지털로9길 68 (가산동, 대륭포스트타워5차) 1801호", ,,기타 게임 소프트웨어 개발 및 공급업,2008-04-07,03월
주식회사 세계로시스템,SEGARO CONSULTING CO. LTD,세계로시스템, ,진병식,기타법인,134911-0017780,130-81-94579,서울특별시 금천구 가산디지털1로 137 1501호 (IT캐슬2차),www.aca2000.co.kr,,응용 소프트웨어 개발 및 공급업,2003-01-02,12월
세계무역센터인포텍(주),"World Trade Center  InfoTech Inc,.",세계무역센터인포텍, ,최영근,기타법인,110111-0907901,204-81-24113,서울특별시 동대문구 청량리동 206-16,www.wtcit.co.kr,,데이터베이스 및 온라인정보 제공업,1992-12-15,12월
주식회사 세계일보,The SEGYE TIMES,세계일보, ,정희택,기타법인,110111-0562002,106-81-36130,"서울특별시 용산구 서빙고로 17 31층, 32층, 33층(한강로3가, 센트럴파크타워)",segye.com,,신문 발행업,1988-02-12,12월
세광정보통신(주),"sekwang telecom Co.,Ltd.",세광정보통신, ,지성윤,기타법인,151111-0015581,303-81-26631,충청북도 충주시 교현1동 412-1,www.skinterpia.co.kr,,유선 통신업,2000-07-11,12월
(주)세기링크,Segi LInk,세기링크, ,정우재,기타법인,110111-1694656,214-86-32589,서울특별시 강남구 논현동 261 현대인텔렉스 8-c, ,,기타 정보기술 및 컴퓨터운영 관련 서비스업,1999-05-14,12월
(주)세넥스 테크놀로지,senex technologies,세넥스테크놀로지, ,남궁종,기타법인,110111-1616882,210-81-24855,서울특별시 강남구 논현동 237-10호 서진빌딩 5층,senextech.com,,시스템 소프트웨어 개발 및 공급업,1998-12-07,12월
(주)세다스미디어,SEDAS MEDIA,세다스미디어, ,정수호,기타법인,110111-1167976,211-86-40926,서울특별시 서초구 잠원동 39-11 정덕빌딩3층 301호,www.sedas.co.kr,,시스템 소프트웨어 개발 및 공급업,1995-07-07,12월
세리정보기술(주),seritech,세리정보기술, ,이금모,기타법인,110111-1595573,116-81-69996,"서울특별시 영등포구 영신로 220 (영등포동8가, KnK디지털타워) 1810호",www.seritech.co.kr,,응용 소프트웨어 개발 및 공급업,1998-10-15,12월
(주)세림아이텍,Selim I Tech Inc,세림아이텍, ,고영규,기타법인,170111-0061903,501-81-14457,대구광역시 달서구 갈산동 358-38,www.selimitech.co.kr,,무선 및 위성 통신업,1992-09-17,12월
세림티에스지 주식회사,SELIM TSG,세림티에스지, ,이병철,기타법인,160111-0212756,314-81-84913,대전광역시 유성구 테크노1로 62-16 (관평동 755),www.selim.co.kr,,컴퓨터시스템 통합 자문 및 구축 서비스업,2006-10-02,12월
주식회사 세미콜론스튜디오,Semicolon Corporation,세미콜론스튜디오, ,김창욱,기타법인,110111-7222112,249-81-01544,"서울특별시 강남구 테헤란로 151 (역삼동, 역삼하이츠빌딩) 4층 406호", ,,영상ㆍ오디오 기록물 제작 및 배급업,2019-09-02,12월
세방현상(주),"Sebang Film Laboratory Co.,Ltd.",세방현상, ,김석중,기타법인,110111-0271778,110-81-09063,서울특별시 중구 만리동1가 54-12, ,,"영화, 비디오물 및 방송프로그램 제작 관련 서비스업",1982-03-28,12월
주식회사세븐디씨,"7DC, Inc",세븐디씨, ,신동규,기타법인,210111-0010589,418-81-06897,서울특별시 강남구 도곡동467-23,www.7dc.com,,무선 및 위성 통신업,1992-02-28,12월
(주)세븐리더,Sevenleader Inc,세븐리더, ,최성민,기타법인,110111-2737851,114-86-26448,서울특별시 강남구 삼성동 141-30 동신빌딩 7층, ,,방송 프로그램 제작업,2003-03-28,12월
세븐킴스파트너스 주식회사,"Sevenkims Partners Co.,Ltd.",세븐킴스파트너스, ,김상후,기타법인,110111-4737297,107-87-61895,서울특별시 영등포구 여의도동 한화증권빌딩, ,,소프트웨어 개발 및 공급업,2011-11-28,11월
주식회사 세송아이티,"Co.,Ltd.sesongit",세송아이티, ,박상원,기타법인,110111-3632589,209-81-43847,"서울특별시 성동구 성수일로4길 25 (성수동2가, 서울숲코오롱디지털타워) 412호",행당로79,,시스템ㆍ응용 소프트웨어 개발 및 공급업,2007-03-11,12월
(주)세스영어,"CESENGLISH Co.,Ltd",세스영어, ,황규동,기타법인,110111-1861263,105-86-08000,서울특별시 영등포구 당산동5가 9-13,http://www.cesenglish.co.kr,,음악 및 기타 오디오물 출판업,2000-02-11,12월
(주)세스컴,"Cesscom Co.,Ltd.",세스컴, ,전병엽,기타법인,110111-1575723,110-81-39567,서울특별시 강남구 논현동 6-8,www.cesscom.som,,시스템 소프트웨어 개발 및 공급업,1998-08-17,12월
주식회사 세시소프트,"SesiSoft Co.,Ltd.",세시소프트, ,강성욱,기타법인,110111-4041622,214-88-37555,서울특별시 서초구 방배로22길 20 (방배동) 2층, ,,모바일 게임 소프트웨어 개발 및 공급업,2009-02-11,12월
주식회사 세실에이스,SESILACE CORPORATION,세실에이스, ,이기상,기타법인,161311-0025063,308-81-27969,충청남도 논산시 연무읍 동산리 135, ,,만화 출판업,2008-04-08,09월
(주)세아정보시스템,"SeAH Information System Co., Ltd.",세아정보시스템, ,백시열,기타법인,110111-0613855,113-81-20596,서울특별시 금천구 가산동 60-44 이앤씨드림타워 7차 12층,www.seahinfo.co.kr,,기타 정보기술 및 컴퓨터운영 관련 서비스업,1989-03-04,12월
세연아이넷(주),"SEYEONINET CO.,LTD",세연아이넷, ,정은호,기타법인,110111-3523308,107-86-81986,"서울특별시 영등포구 영신로 220 10층 (영등포동8가, KnK디지털타워)",www.syinet.com,,시스템 소프트웨어 개발 및 공급업,2006-09-07,12월
세연테크놀로지(주),"CEYON TECHNOLOGY CO.,LTD.",세연테크놀로지, ,손영전,기타법인,110111-2154873,214-86-75351,경기도 과천시 과천동 638-5,www.ceyon.co.kr,,소프트웨어 개발 및 공급업,2001-01-19,12월
(주)세영,seyeong,세영, ,한재근,기타법인,204611-0048033,804-81-00231,전라남도 순천시 대석초등길 26 (연향동) 2층, ,,그 외 기타 정보 서비스업,2016-01-01,12월
(주)세원이디에스,SEWONEDS CO.LTD,세원이디에스, ,이현주,기타법인,110111-1658884,211-86-50104,서울특별시 구로구 구로3동우림E.BI 2차 1106호,http://www.sewoneds.co.kr,,시스템 소프트웨어 개발 및 공급업,1999-03-05,12월
주식회사 세윤씨앤에스,SEYUNCNS INC.,세윤씨앤에스, ,이방희,기타법인,110111-3205972,117-81-54123,"경기도 과천시 과천대로7길 33 B동 502호(갈현동, 디테크타워과천)", ,,응용 소프트웨어 개발 및 공급업,2005-04-13,12월
세이온미디어(주),AURA MEDIA,세이온미디어, ,임성균,기타법인,110111-4968769,106-86-89059,"서울특별시 마포구 매봉산로 45 (상암동, KBS미디어센터) 13층",www.auramedia.co.kr,,영상ㆍ오디오 기록물 제작 및 배급업,2012-09-28,12월
(주)세이퍼존,"SaferZone Co.,Ltd",세이퍼존, ,권창훈,기타법인,110111-2282070,220-86-15945,"대전광역시 서구 둔산중로 66 (둔산동, 메트로팰리스) 3층",www.saferzone.com,,시스템 소프트웨어 개발 및 공급업,2001-07-09,12월
(주)세인시스템,"Sanesystem Co., LTD",세인시스템, ,"박종서, 김종복 공동대표",기타법인,134111-0056213,123-81-44197,경기도 안양시 동안구 호계동 894 피카빌딩 4층,www.sanesys.com,,시스템 소프트웨어 개발 및 공급업,1997-07-25,12월
세일즈포스닷컴코리아 유한회사,Salesforce.com Korea Limited,세일즈포스닷컴코리아, ,벤슨웡,기타법인,110114-0060349,120-86-92851,서울특별시 강남구 영동대로 417 (대치동), ,,데이터베이스 및 온라인정보 제공업,2006-02-17,01월
(주)세정아이앤씨,Sejung I&C,세정아이앤씨, ,심현녀,기타법인,180111-0196237,606-81-59313,부산광역시 금정구 무학송로 158 (부곡동), ,,"컴퓨터 프로그래밍, 시스템 통합 및 관리업",1995-12-21,12월
세종네트웍스 주식회사,"SEJONG Networks, Inc.",세종네트웍스, ,"이병국, 박명동",기타법인,134111-0660171,894-88-02963,"경기도 과천시 과천대로7길 12 (갈현동, 프리즘스퀘어2)",www.sejongnetworks.com,,유선 통신업,2024-04-01,12월
(주)세종아이티엘,"SejongITL Co., Ltd.",세종아이티엘, ,박준규,기타법인,110111-5328805,113-86-80944,"서울특별시 구로구 디지털로33길 55 (구로동, 이앤씨벤처드림타워2차) 301호",www.sejongitl.co.kr,,컴퓨터시스템 통합 자문 및 구축 서비스업,2014-01-29,12월
(주)세중,"SEJOONG CO., LTD.",세중,039310,"천신일, 김기백",코스닥시장,110111-1220063,118-81-13090,서울특별시 종로구 창경궁로 143 세중타워 10층,www.sejoong.com,,소프트웨어 개발 및 공급업,1995-12-07,12월
(주)세중게임박스,"sejoong gamebox co.,ltd",세중게임박스, ,천신일,기타법인,110111-2603739,104-81-75025,서울특별시 강남구 대치4동 포스코센터 서관3층, ,,시스템 소프트웨어 개발 및 공급업,2002-09-05,12월
(주)세중모비즈,"SEJOONG MOBIZ Co., Ltd.",세중모비즈, ,천신일 김도형,기타법인,110111-1999692,215-81-93570,서울특별시 서초구 서초1동 1425-10 효천빌딩3층,www.sjmobiz.co.kr,,시스템 소프트웨어 개발 및 공급업,2000-06-17,12월
(주)세중에스앤씨,"Sejoong S&C Co.,Ltd.",세중에스앤씨, ,"천신일, 김기백",기타법인,110111-3798737,214-88-18728,"서울특별시 서초구 남부순환로333길 9 (서초동, 효천빌딩)",www.sjsnc.co.kr,,시스템 소프트웨어 개발 및 공급업,2007-12-04,12월
(주)세중정보기술,"Sejoong Information Technology Co.,Ltd.",세중정보기술, ,강종연,기타법인,110111-0924674,104-81-22789,"서울특별시 서초구 남부순환로333길 9 4,5층(서초동,효천빌딩)",www.sjit.co.kr,,시스템 소프트웨어 개발 및 공급업,1993-03-03,12월
주식회사 세중클라우드,Sejoong Cloud,세중클라우드, ,강종연,기타법인,110111-8422795,454-88-02557,"서울특별시 종로구 창경궁로 143 (원남동, 세중타워) 7층", ,,"컴퓨터 프로그래밍, 시스템 통합 및 관리업",2022-09-15,12월
주식회사 세진아이앤씨,SEJIN I&C Corp.,세진아이앤씨, ,조현석,기타법인,134511-0266830,672-88-00180,경기도 성남시 분당구 대왕판교로 670 (삼평동) 유스페이스2 비동 806호,na,,정보서비스업,2015-08-04,12월
주식회사 세컨드다이브,second dive corp,세컨드다이브, ,반승철,기타법인,131111-0560506,858-88-01293,"경기도 성남시 분당구 황새울로 246 (수내동, 도담빌딩) A동 8층", ,,컴퓨터 프로그래밍 서비스업,2019-07-09,12월
세현제오차 주식회사,"Sehyen 5st. Co., Ltd",세현제오차, ,"이건희, 박양준",기타법인,134811-0470980,317-86-01196,경기도 용인시 처인구 이동읍 백자로 450 (서리), ,,"컴퓨터 프로그래밍, 시스템 통합 및 관리업",2018-10-12,12월
(주)세호정보통신,SEHO Information & communication co.ltd,세호정보통신, ,김기형,기타법인,110111-1656549,214-86-34699,서울특별시 서초구 서초동 1439-4 동원빌딩 2층,www.yovi.co.kr,,시스템 소프트웨어 개발 및 공급업,1999-03-02,12월
세화인터넷, ,세화인터넷, ,이광섭,기타법인,110111-1326275,116-81-61766,서울특별시 영등포구 여의도동 61-4, ,,시스템 소프트웨어 개발 및 공급업, ,12월
주식회사 섹타나인,"Secta9ine Co., LTD",섹타나인, ,김대일,기타법인,110111-3586471,113-86-10017,경기도 성남시 중원구 사기막골로31번길 18 (상대원동),www.spcnetworks.co.kr,,컴퓨터시스템 통합 자문 및 구축 서비스업,2006-12-26,12월
(주)센드버드코리아,"SendBird Korea, Inc.",센드버드코리아, ,이상희,기타법인,110111-4993592,264-81-06382,"서울특별시 강남구 선릉로 514 (삼성동, 성원빌딩) 16,17층",https://sendbird.com,,소프트웨어 개발 및 공급업,2012-11-01,12월
주식회사 센스톤,SSenStone Inc.,센스톤, ,유창훈,기타법인,110111-5892553,680-81-00237,"서울특별시 동대문구 천호대로 329 (답십리동, 도이치모터스빌딩) 5층",www.ssenstone.com,,응용 소프트웨어 개발 및 공급업,2015-11-17,12월
센시 주식회사,"SENSEE, Inc.",센시, ,서인식,기타법인,160111-0411853,459-88-00291,대전광역시 중구 테미로44번안길 33 (대흥동),www.sensee.kr,,교과서 및 학습서적 출판업,2015-11-09,12월
(주)센티스,"Centis co.,ltd",센티스, ,김해승,기타법인,160111-0032807,306-81-15322,대전광역시 동구 용전동 24-9,www.centis.co.kr,,무선 및 위성 통신업,1992-10-01,12월
주식회사 센티오스,"CENTIOS Co., Ltd.",센티오스, ,송형권,기타법인,110111-4705905,101-86-66653,인천광역시 연수구 아트센터대로 175 지타워 21층,www.centiosglobal.com,,"컴퓨터시스템 통합 자문, 구축 및 관리업",2011-10-12,12월
셀렉트스타 주식회사,Selectstar Inc,셀렉트스타, ,김세엽,기타법인,160111-0500721,626-87-01194,서울특별시 강남구 테헤란로38길 8 오피스B 9층, ,,기타 정보기술 및 컴퓨터운영 관련 서비스업,2018-11-27,12월
(주)셀리지온,"CELIZION, INC.",셀리지온, ,하재명,기타법인,131111-0087154,129-81-56731,"경기도 성남시 분당구 성남대로 69 202,205(구미동, 로드랜드EZ타워)",www.celizion.com,,응용 소프트웨어 개발 및 공급업,2002-12-02,12월
(주)셀바스에이아이,SELVAS AI Inc.,셀바스AI,108860,곽민철,코스닥시장,110111-1673816,114-81-87983,서울특별시 금천구 가산디지털1로 19 대륭테크노타운 18차 20층,www.selvasai.com,,시스템ㆍ응용 소프트웨어 개발 및 공급업,1999-03-31,12월
주식회사 셀잇,Sellit Inc.,셀잇, ,김대현,기타법인,110111-5340966,105-87-98417,서울특별시 성동구 아차산로 66 (성수동2가) 3층,www.withsellit.com,,응용 소프트웨어 개발 및 공급업,2014-02-17,12월
(주)셀젠텍,"CELLGENTEK Co., Ltd",셀젠텍,258250,이세비(단독대표),기타법인,200111-0168265,409-81-72807,충청북도 청주시 흥덕구 오송읍 오송생명2로 110-6 셀젠텍,cellgentek.co.kr,,소프트웨어 개발 및 공급업,2002-08-02,12월
주식회사 셀트리온엔터테인먼트,"CELLTRION ENTERTAINMENT CO., LTD.",셀트리온엔터테인먼트, ,박재삼,기타법인,110111-4767757,107-87-63802,서울특별시 서초구 강남대로99길 7 2층 (잠원동),www.celltrionenter.com,,방송 프로그램 제작업,2012-01-06,12월
(주)셀파닷컴,"sellpar Co.,Ltd",셀파닷컴, ,김홍진,기타법인,110111-1921174,107-81-80610,서울특별시 영등포구 여의도동36-2 맨하탄빌딩1126호,http://www.omom.co.kr,,데이터베이스 및 온라인정보 제공업,2000-03-28,12월
(주)셈스게임즈,"SEMS GAMES CO., LTD.",셈스게임즈, ,안정훈,기타법인,110111-4990382,220-88-47136,"경기도 성남시 분당구 판교로289번길 20 (삼평동, 판교테크노밸리스타트업캠퍼스) 3동 411호",www.semsgames.com,,소프트웨어 개발 및 공급업,2012-10-29,12월
소넷엔터테인먼트코퍼레이션,So-net Entertainment Corporation,소넷엔터테인먼트코퍼레이션, ,히데키 나가노,기타법인, ,0107-01-027563,서울특별시 강남구 테헤란로 133 (역삼동) - 공시 대리인 주소, ,,방송 프로그램 제작업,2013-02-20,03월
(주)소년한국일보,The Hankook Children''s Daily,소년한국일보, ,장재국,기타법인,110111-1022526,102-81-33882,서울특별시 종로구 수송동 거양빌딩 51-8 7층,kids.hankooki.com,,신문 발행업,1994-04-01,12월
소녕환구전매유한공사,"Suning Universal Media Co., Ltd.",소녕환구전매유한공사, ,장계평,기타법인, ,310-10-7000795823,"경기도 성남시 분당구 판교역로146번길 20 (백현동, 현대백화점판교점) 12/13층 - 대리인주소", ,,"영화, 비디오물 및 방송프로그램 배급업",2015-05-13,12월
소노엔터테인먼트(주),SONOENTERTAINMENT,소노엔터테인먼트, ,한선호,기타법인,110111-1865075,211-86-90294,서울특별시 강남구 신사동 656-23 2F,www.sonoi.com,,음악 및 기타 오디오물 출판업,2000-01-27,12월
소니픽쳐스홈엔터테인먼트코리아 (주),"COLUMBIA TRISTAR FILMS OF KOREA,INC",소니픽쳐스홈엔터테인먼트코리아, ,권혁조,기타법인,110111-0699628,120-81-64535,서울특별시 강남구 삼성동 157-27 경암빌딩 8층,www.columbia.co.kr,,"영화, 비디오물 및 방송프로그램 배급업",1989-06-28,03월
(주)소닉앤트,"SonicAnt co.,Ltd.",소닉앤트, ,장상옥,기타법인,110111-3201566,220-87-07141,"서울특별시 강남구 대치동 950-11 성연빌딩 5,6층",www.sonicant.co.kr/,,게임 소프트웨어 개발 및 공급업,2005-04-06,12월
(주)소닉티어,SonicTier Inc.,소닉티어, ,박준서,기타법인,285011-0195590,128-86-60218,"경기도 포천시 자작로 155 (자작동, 경기대진테크노파크종합지원센터) 1층 106-3호",www.sonictier.com,,영상ㆍ오디오 기록물 제작 및 배급업,2011-04-25,12월
소레즈(주),SOREZE,소레즈, ,하재희,기타법인,110111-5391307,101-86-89108,서울특별시 종로구 북촌로5나길 32 (삼청동), ,,그 외 기타 정보 서비스업,2014-04-14,12월
주식회사 소리바다,SORIBADA. Inc,소리바다, ,양션정환,기타법인,110111-2890469,120-86-59323,서울특별시 강남구 역삼동 706-1 데이콤빌딩 8층,www.soribada.com,,데이터베이스 및 온라인정보 제공업,2003-11-05,12월
(주)소리바다,SORIBADA INC.,소리바다,053110,"신종태, 오재명",기타법인,171211-0017953,505-81-15915,"서울특별시 강남구 도산대로 217 3층(신사동, 강남빌딩)",www.soribada.com/corp,,"자료처리, 호스팅, 포털 및 기타 인터넷 정보매개 서비스업",1998-08-13,12월
(주)소만사,somansa,소만사, ,김대환,기타법인,110111-1394115,214-86-14882,서울특별시 영등포구 양평동3가 13번지 이노플렉스 701호,www.somansa.com,,시스템 소프트웨어 개발 및 공급업,1997-03-25,12월
주식회사 소바넥,"sovanec co., Ltd.",소바넥, ,이태희,기타법인,110111-1540081,213-86-34911,서울특별시 송파구 가락동97-2번지 2F 소바넥,www.sovanec.com,http://www.sovanec.com,시스템 소프트웨어 개발 및 공급업,1998-04-20,12월
주식회사 소셜뉴스,SOCIAL NEWS,소셜뉴스, ,공훈의,기타법인,110111-4086222,101-86-46526,"서울특별시 중구 정동길 35 (정동, 두비빌딩) 202",www.wikitree.co.kr,,뉴스 제공업,2009-04-28,12월
(주)소프닉스,sofnics,소프닉스, ,진영민,기타법인,110111-3869405,113-86-20631,"서울특별시 구로구 디지털로 272 (구로동,한신IT 타워 616호)",www.sofnics.com,,컴퓨터시스템 통합 자문 및 구축 서비스업,2008-03-28,12월
(주)소프트그램,"SOFTGRAM CO.,LTD",소프트그램, ,김현수,기타법인,110111-1625239,220-81-57178,서울특별시 중구 삼각동 115번지 경기빌딩303,www.softgram.com,,시스템 소프트웨어 개발 및 공급업,1998-12-28,12월
(주)소프트나라,"SOFTNARA Co., Ltd",소프트나라, ,천주현,기타법인,160111-0080765,314-81-25516,대전광역시 유성구 화암동 62-1 KAIST 첨단기술사업화센타 4207호,www.softnara.co.kr,,시스템 소프트웨어 개발 및 공급업,1999-04-08,12월
주식회사소프트넷,softnet.co.ltd,소프트넷, ,이상수,기타법인,110111-1504087,211-86-26910,"서울특별시 강남구 삼성로 566 (삼성동, 빌딩엠) 3층",www.softnet.co.kr,,기타 정보기술 및 컴퓨터운영 관련 서비스업,1998-01-19,12월
(주)소프트닉스,"Softnyx co.,Ltd.",소프트닉스, ,"신우제, 임춘근",기타법인,110111-2209066,107-81-98309,"서울특별시 강남구 선릉로93길 40 7층(역삼동,나라키움역삼에이빌딩)",corp.softnyx.co.kr,,게임 소프트웨어 개발 및 공급업,2001-04-06,12월
주식회사 소프트라인,"softline Co.,Ltd.",소프트라인, ,이경철,기타법인,110111-1501439,110-81-38520,인천광역시 중구 운서동 2721-8,www.totodisk.com,,기타 정보기술 및 컴퓨터운영 관련 서비스업,1998-01-09,12월
소프트런,"SoftRun, Inc.",소프트런, ,황태현,기타법인,110111-2692956,114-86-24829,서울특별시 송파구 방이동 65-5 태원빌딩 7층,www.softrun.com,,시스템 소프트웨어 개발 및 공급업,2003-01-14,12월
소프트레이어테크놀로지스코리아 유한회사,SoftLayer Technologies Korea Ltd.,소프트레이어테크놀로지스코리아, ,송기홍,기타법인,131114-0007198,683-87-00316,"경기도 성남시 분당구 판교로255번길 46 (삼평동, SK판교캠퍼스A)", ,,컴퓨터시설 관리업,2016-03-04,12월
(주)소프트리치,SoftRich,소프트리치, ,장호정,기타법인,110111-4359893,113-86-39708,서울특별시 영등포구 여의도동 44-1 대영빌딩 961, ,,기타 정보기술 및 컴퓨터운영 관련 서비스업,2010-06-01,12월
(주)소프트뱅크미디어,SOFTBANK Media Inc.,소프트뱅크미디어, ,허두영,기타법인,110111-0343832,214-81-03755,서울특별시 강남구 삼성동 165-2 성도벤처타워,www.sbmedia.co.kr,,잡지 및 정기간행물 발행업,1983-03-02,12월
소프트브리지, ,소프트브리지, ,엄민영,기타법인,121111-0061746,130-81-56478,서울특별시 영등포구 국제금융로6길 33 (여의도동) 10층  1025호, ,,시스템 소프트웨어 개발 및 공급업,1998-06-27,12월
(주) 소프트센,"SOFTCEN CO., LTD.",소프트센,032680,얼티앤수(데이비드스미스),코스닥시장,110111-0570442,137-81-02916,"서울특별시 서초구 반포대로 13 1층 (서초동, 아이티센빌딩)",www.softcen.co.kr,,기타 정보 서비스업,1988-04-11,12월
(주)소프트아이텍,"Softitech Co,. Ltd",소프트아이텍, ,이학수,기타법인,160111-0104870,314-81-36537,"대전광역시 유성구 죽동로 69 5F(죽동, 소프트아이텍)",www.sit21c.com,,시스템 소프트웨어 개발 및 공급업,2000-09-21,12월
(주)소프트와이즈,"Softwise.Co.,Ltd",소프트와이즈, ,김완혁,기타법인,110111-1112161,214-81-82406,서울특별시 서초구 반포동 59-4, ,,응용 소프트웨어 개발 및 공급업,1994-12-23,12월
(주)소프트원,"SOFTONE CO.,Ltd",소프트원, ,조홍제,기타법인,110111-2348426,120-86-27419,"서울특별시 강서구 양천로 583 B-901(염창동, 우림블루나인비즈니스센터)",www.softone.co.kr,,시스템 소프트웨어 개발 및 공급업,2001-10-11,12월
주식회사 소프트위즈,SOFTWIZ Corporation,소프트위즈, ,김경남,기타법인,110111-6507648,305-88-00733,"서울특별시 강남구 테헤란로 326 14층 (역삼동, 태보역삼아이타워)", ,,시스템 소프트웨어 개발 및 공급업,2017-09-05,12월
(주)소프트캔,Softcan,소프트캔, ,이경준,기타법인,110111-1893670,120-86-01030,서울특별시 서대문구 충정로 3가 32-11 충정빌딩 ,www.softcan.com,,시스템 소프트웨어 개발 및 공급업,2000-03-02,12월
소프트캠프(주),"SOFTCAMP CO., LTD",소프트캠프,210610,배환국,기타법인,110111-1735880,108-81-17861,경기도 과천시 삼부골로 26 2층,www.softcamp.co.kr,,응용 소프트웨어 개발 및 공급업,1999-07-15,12월
소프트캠프(주),"SOFTCAMP CO., LTD",소프트캠프,258790,배환국,코스닥시장,110111-6219037,346-88-00563,"경기도 과천시 과천대로7나길 9 5층(갈현동,디엑스타워)",www.softcamp.co.kr,,소프트웨어 개발 및 공급업,2016-11-01,12월
(주)소프트코리아,"SoftKorea Co.,Ltd",소프트코리아, ,이효준,기타법인,110111-5453834,220-88-83108,"서울특별시 서초구 서초대로78길 5 6층(서초동, 대각빌딩)",www.softkorea.co.kr,,시스템ㆍ응용 소프트웨어 개발 및 공급업,2014-07-01,12월
주식회사 소프트텍글로벌,SOFT-TECH GLOBAL Inc,소프트텍글로벌, ,이호상,기타법인,110111-1648653,116-81-71911,서울특별시 강남구 역삼동 718-1 일월빌딩 5층,www.soft-tech.co.kr,,시스템 소프트웨어 개발 및 공급업,1999-02-09,12월
(주)소프트프로텍,softprotec co.,소프트프로텍, ,최광윤,기타법인,200111-0095400,408-81-34566,광주광역시 서구 양동 60-37 금호생명빌딩 2512호,www.softprotec.com,,컴퓨터시스템 통합 자문 및 구축 서비스업,1999-02-24,12월
(주)소프티안,"Softian co.,Ltd",소프티안, ,성용택,기타법인,110111-1518963,106-81-71952,서울특별시 동작 신대방2동 395-70 전문건설회관,www.softian.co.kr,,게임 소프트웨어 개발 및 공급업,1998-03-04,12월
소피아 인터내셔널 주식회사,"STI Co., Ltd., Japan",소피아인터내셔널, ,Kentoku Kinoshita,기타법인, ,2005-1617,"4F, Otowa B/D, 3-11-2, Otsuka, Bunkyo-ku, Tokyo Japan",www.stij.co.jp,,시스템 소프트웨어 개발 및 공급업,2004-05-28,03월
유한회사 소호브릭스,"NXBricks,LLC",소호브릭스, ,김덕용,기타법인,134514-0004721,309-87-00612,경기도 용인시 기흥구 고매로 125 (공세동), ,,시스템ㆍ응용 소프트웨어 개발 및 공급업,2016-11-21,12월
주식회사 손노리,sonnori corp.,손노리, ,이원술,기타법인,110111-1511107,212-81-38675,서울특별시 서초구 서초동 1677-11 라이포 빌딩,www.sonnori.co.kr,,게임 소프트웨어 개발 및 공급업,1998-02-11,12월
주식회사 손노리,Sonnori corp,손노리, ,이원술,기타법인,110111-5466928,261-81-15238,"경기도 성남시 분당구 판교역로192번길 16 8층 806호 씨320(삼평동, 판교타워)",www.sonnori.co.kr,,게임 소프트웨어 개발 및 공급업,2014-07-21,12월
주식회사손오공아이비,"SONOKONGIB.Co.,Ltd",손오공아이비, ,김종완,기타법인,110111-3810052,119-86-03794,경기도 부천시 원미구 안곡로 266 (역곡동),www.sokib.co.kr,,게임 소프트웨어 개발 및 공급업,2007-12-21,12월
주식회사 손자소프트,"Sonja Soft Co.,Ltd.",손자소프트, ,이준희,기타법인,110111-5096014,211-88-92637,서울특별시 강남구 봉은사로37길 41 (논현동) 2층, ,,시스템ㆍ응용 소프트웨어 개발 및 공급업,2013-03-22,12월
솔라브리지주식회사 ,"SolarBridge, Inc.",솔라브리지, ,강인철,기타법인,110111-6643235,226-81-52695,서울특별시 강남구 강남대로94길 10 11층 1103호(역삼동),https://www.solarbridge.kr/,,데이터베이스 및 온라인정보 제공업,2017-06-16,12월
(주)솔로몬텍,Solomon Techno Supply,솔로몬텍, ,"홍성진, 김선태, 홍대오",기타법인,110111-4810407,114-86-94266,서울특별시 영등포구 당산로37길 16 복합동 3층(씨에스복합건물),solomontech.net,,기타 정보기술 및 컴퓨터운영 관련 서비스업,2012-03-02,12월
(주)솔루젠,SOLUGEN,솔루젠, ,김인중,기타법인,110111-3786378,220-87-57108,서울특별시 구로구 구로동 184-1 우림이비즈센터 2차 1401호,www.solugen.co.kr,,"컴퓨터 프로그래밍, 시스템 통합 및 관리업",2007-11-14,12월
(주)솔루티온,"Solution Co., Ltd.",솔루티온, ,이정구,기타법인,135711-0157117,348-86-01884,"서울특별시 송파구 법원로11길 7 (문정동, 문정현대지식산업센터1-2) 4층 413호",www.solu-tion.co.kr,,시스템ㆍ응용 소프트웨어 개발 및 공급업,2020-06-04,12월
주식회사 솔리데오,"Solideo Systems Co., Ltd.",솔리데오, ,김숙희,기타법인,110111-1619307,116-81-70775,"서울특별시 영등포구 국제금융로 70 14층 (여의도동, 미원빌딩)",www.solideos.com/,,컴퓨터시스템 통합 자문 및 구축 서비스업,1998-12-15,12월
주식회사솔리드,"SOLID VFX Co.,Ltd",솔리드, ,장강기,기타법인,110111-4853671,211-88-77107,"서울특별시 강남구 학동로41길 26 (논현동, SOLID) 솔리드빌딩",solidvfx.com/,,광고 영화 및 비디오물 제작업,2012-05-07,12월
(주)솔모정보기술,Solmo Information Tech Co.Ltd,솔모정보기술, ,이병두,기타법인,120111-0299041,122-81-74607,서울특별시 광진구 아차산로 309 2층 (자양동), ,,기타 정보기술 및 컴퓨터운영 관련 서비스업,2002-10-09,12월
주식회사 솔박스,Solbox Inc.,솔박스, ,박태하,기타법인,110111-2632283,214-87-21395,"서울특별시 강남구 테헤란로 124 10층 (역삼동, 삼원타워)",www.solbox.com,,시스템 소프트웨어 개발 및 공급업,2002-10-17,12월
(주)솔보텍,"Solvotek Co.,Ltd.",솔보텍, ,박성호,기타법인,110111-3335274,206-86-03119,서울특별시 서초구 양재동 80-10 정우빌딩 6층,www.solvotek.com,,컴퓨터시스템 통합 자문 및 구축 서비스업,2005-11-10,12월
(주)솔빅스테크놀로지,"SOLVIX TECHNOLOGY Co., Ltd.",솔빅스테크놀로지, ,김석경,기타법인,110111-1885734,220-81-78436,서울특별시 강남구 대치4동 903-15,www.solvixtech.com,,시스템 소프트웨어 개발 및 공급업,2000-02-22,12월
(주)솔탑,"SOLETOP.CO.,LTD",솔탑, ,사공영보,기타법인,160111-0077340,314-81-24273,대전광역시 유성구 엑스포로 409 (문지동),www.soletop.com,,응용 소프트웨어 개발 및 공급업,1999-02-01,12월
(주)솔트룩스,SALTLUX Inc,솔트룩스,304100,이경일,코스닥시장,110111-0301632,102-81-13061,서울특별시 송파구 올림픽로35길 123 향군타워 9층,www.saltlux.com/,,소프트웨어 개발 및 공급업,1981-08-17,12월
(주)솔트웍스,"Soltworks Co., Ltd.",솔트웍스,222520,김기호,기타법인,195511-0112874,615-81-66424,"서울특별시 구로구 디지털로33길 11 에이스테크노타워 8차 405호, 1204호",www.soltworks.com,,응용 소프트웨어 개발 및 공급업,2008-11-20,12월
솔트웨어(주),"SALTWARE CO .,LTD",솔트웨어, ,이정근,기타법인,110111-2901795,214-87-44535,"서울특별시 구로구 디지털로34길 55 901호(구로동, 코오롱싸이언스밸리2차)",www.saltware.co.kr,,"컴퓨터 프로그래밍, 시스템 통합 및 관리업",2003-11-24,12월
솔트웨어 주식회사,"Saltware Co., Ltd.",솔트웨어,328380,이정근,코스닥시장,110111-7128211,321-81-01680,"경기도 과천시 과천대로12길 117 지동 701호,702호,802호(문원동 과천지식정보타운공공주택지구지식10블록",saltware.co.kr,,"컴퓨터 프로그래밍, 시스템 통합 및 관리업",2019-06-04,12월
송도애니파크(주),"Songdo Anipark Co., Ltd.",송도애니파크, ,김철,기타법인,120111-0478009,131-86-10602,인천광역시 연수구 송도동 4-1 더샾퍼스트월드 F동705호, ,,애니메이션 영화 및 비디오물 제작업,2008-10-20,12월
(주)송원정보시스템,"songwon informaton system co.,ltd.",송원정보시스템, ,권영찬,기타법인,110111-1302449,214-86-08018,"서울특별시 강남구 신사동 509-3 201호, 수원시 장안구 율전동 92-2 송원빌딩",www.songwon.co.kr,,컴퓨터시스템 통합 자문 및 구축 서비스업,1996-07-26,12월
주식회사 쇼골프,"SHOWGOLF., INC. ",쇼골프, ,조성준,기타법인,110111-8144315,404-86-02621,"서울특별시 강서구 하늘길 233 3층 (공항동, 쇼골프타운)",www.xgolf.com,,포털 및 기타 인터넷 정보매개 서비스업,2021-12-28,12월
(주)쇼러너스,SHOWRUNNERS,쇼러너스, ,장영우,기타법인,110111-7373767,768-86-01623,서울특별시 용산구 녹사평대로 170 (이태원동) 2층 쇼러너스, ,,방송 프로그램 제작업,2020-01-31,12월
(주)쇼박스,"SHOWBOX INC.,",쇼박스, ,이화경,기타법인,110111-2424937,211-87-07434,서울특별시 강남구 논현동 91-6 씨네하우스 6층,www.showbox.co.kr,,"영화, 비디오물 및 방송프로그램 배급업",2002-01-17,12월
(주)쇼박스,SHOWBOX Corp.,쇼박스,086980,신호정,코스닥시장,110111-1712309,106-81-79629,서울특별시 강남구 도산대로 310(논현동) 916빌딩 7~9층,www.showbox.co.kr,https://showbox.co.kr/forums/QN8HD5GTN/threads/T3YUPHDA6,"영화, 비디오물 및 방송프로그램 배급업",1999-06-10,12월
(주)쇼우테크,"SHOWTECH Co., Ltd.",쇼우테크, ,김상우,기타법인,180111-0534784,605-81-74612,"경상남도 김해시 번화1로67번길 2 (대청동, 남명프라자) 8층", ,,자료 처리업,2005-10-24,12월
쇼이스트 주식회사,"SHOW EAST.Co.,Ltd.",쇼이스트, ,김동주,기타법인,110111-2652124,211-87-23583,서울특별시 강남구 신사동 618-3 뉴서울빌딩1006호, ,,일반 영화 및 비디오물 제작업,2002-11-13,12월
(주)쇼테크,"SHOTECH CO., LTD.",쇼테크, ,유석호,기타법인,110111-1767891,220-81-67642,서울특별시 서초구 서초동 1364-29 에머랄드빌딩 2층,www.shotech.com,,데이터베이스 및 온라인정보 제공업,1999-09-07,12월
쇼트케이크주식회사,SHOTCAKE Corp.,쇼트케이크, ,김명진,기타법인,110111-7021530,328-81-01546,"서울특별시 강남구 언주로147길 29-5 (논현동, 넥서스빌딩) 4층", ,,"영화, 비디오물 및 방송프로그램 제작업",2019-02-21,12월
(주)쇼핑코리아닷컴,shoppingkorea.com,쇼핑코리아닷컴, ,송영석,기타법인,110111-0840846,211-81-74343,서울특별시 강남구 역삼동702-22 유성B/D 502호,http://www.shoppingkorea.co.kr,,그 외 기타 전기 통신업,1998-09-14,12월
(주)수경출판사,sookyung publishing company,수경출판사, ,박영란,기타법인,110111-4920256,105-87-80386,"서울특별시 영등포구 양평로21길 26 807~809 (양평동5가, 선유도역1차아이에스비즈타워)",www.book-sk.co.kr,,교과서 및 학습서적 출판업,2013-01-01,12월
(주)수산아이앤티,"SOOSAN INT Co., LTD.",수산아이앤티,050960,정은아,코스닥시장,110111-1518830,207-81-51341,"서울특별시 강남구 밤고개로5길 13 (수서동, 수산빌딩)",www.soosanint.co.kr,,소프트웨어 개발 및 공급업,1998-03-03,12월
(주)수에즈,"Suez Co., Ltd.",수에즈, ,조영표,기타법인,110111-1817076,107-81-73889,서울특별시 마포구 상수동 86-22 전원빌딩 301호,www.suez.co.kr,,데이터베이스 및 온라인정보 제공업,1999-11-26,12월
(주)수원교차로,KCR Corporation,수원교차로, ,김해옥,기타법인,130111-0019976,124-81-22444,경기도 수원시 권선구 권광로109번길 48 (권선동),www.ikcr.co.kr,,정기 광고간행물 발행업,1992-08-13,12월
수퍼게이트 주식회사,"Supergate Co., Ltd.",수퍼게이트, ,심승필,기타법인,131111-0527530,126-86-82195,"서울특별시 강남구 테헤란로 407 (삼성동, 이케이타워) 11층",supergate.cc,,컴퓨터 프로그래밍 서비스업,2018-08-08,12월
주식회사 수퍼톤,SUPERTONE INC.,수퍼톤, ,이교구,기타법인,131111-0586362,720-88-01571,서울특별시 강남구 학동로9길 13,supertone.ai,,시스템 소프트웨어 개발 및 공급업,2020-03-19,12월
(주)수퍼트리,SuperTree,수퍼트리, ,서지학,기타법인,110111-6355162,478-87-00596,"경기도 성남시 분당구 판교로255번길 35 (삼평동, 판교실리콘파크) 1층",supertree.co/,,기타 정보기술 및 컴퓨터운영 관련 서비스업,2017-03-22,12월
주식회사 쉐르파                                                   ,"sherpa.Ltd.,co",쉐르파, ,한장섭,기타법인,110111-1720691,116-81-75071,"서울특별시 영등포구 여의도동 45-13 코오롱 포레스텔 14, 15층",www.sherpa.co.kr,,데이터베이스 및 온라인정보 제공업,1999-06-24,12월
주식회사 쉐어비트,"Sharebit Co., ltd",쉐어비트, ,안시후,기타법인,134511-0534641,793-88-02582,"경기도 용인시 수지구 대지로 43 (죽전동, 금강프라자) 606-263호", ,,영상물 제공 서비스업,2021-09-01,12월
쉬프트정보통신(주),"SHIFT Co. Ltd.,",쉬프트정보통신, ,최영식,기타법인,110111-0894299,110-81-34126,경기도 성남시 분당구 판교로 242 (삼평동) IT밸리 PDC타워 C동 403호,shift.co.kr,,컴퓨터시스템 통합 자문 및 구축 서비스업,1992-11-05,12월
슈어소프트테크 주식회사,Suresofttech Inc.,슈어소프트테크,298830,"배현섭, 오승욱",코스닥시장,110111-2462002,211-87-10133,경기도 성남시 수정구 금토로80번길 37 인피니티타워 E동,www.suresofttech.com/,,소프트웨어 개발 및 공급업,2002-03-06,12월
슈어엠주식회사,"SUREM Co., Ltd.",슈어엠, ,임남호,기타법인,110111-1918189,211-86-93893,"서울특별시 광진구 광나루로56길 85 8층 씨120호, 19층 6호 (구의동, 테크노-마트21)", ,,시스템 소프트웨어 개발 및 공급업,2000-03-24,12월
슈엘로제일차 주식회사,"Sewelo First Co.,Ltd.",슈엘로제일차, ,이미희,기타법인,110111-7398567,508-86-01619,"서울특별시 영등포구 여의대로 14 (여의도동, KT여의도지점)", ,,"컴퓨터 프로그래밍, 시스템 통합 및 관리업",2020-02-20,12월
(주)슈퍼넷,Supernet Co.Ltd,슈퍼넷, ,이운용,기타법인,131111-0040904,129-81-29267,경기도 성남시 분당구 수내동 11-1 청구블루빌,www.supercdn.net,,기타 정보기술 및 컴퓨터운영 관련 서비스업,1999-06-30,12월
슈퍼랩스 주식회사,Superlabs Corporation,슈퍼랩스, ,"김창욱, 전진수",기타법인,131111-0666940,507-87-02271,"경기도 성남시 분당구 분당내곡로 117 (백현동, 크래프톤타워) 8층", ,,그 외 기타 정보 서비스업,2022-04-01,12월
(주)슈퍼마켓크리에이티브,SUPERMARKET CREATIVE,슈퍼마켓크리에이티브, ,"정승혁, 이재석",기타법인,110111-5437573,120-88-14086,서울특별시 강남구 선릉로126길 14-5 (삼성동), ,,광고 영화 및 비디오물 제작업,2014-06-16,12월
(주)슈퍼박스,SUPERBOX,슈퍼박스, ,조형우,기타법인,110111-6222783,428-86-00463,"서울특별시 구로구 디지털로31길 53 1201호(구로동, 이앤씨벤처드림타워5차)", ,,모바일 게임 소프트웨어 개발 및 공급업,2016-11-10,12월
(주)슈퍼보드테크놀러지,"SuperBoard Technology, Inc.",슈퍼보드테크놀러지, ,김연호,기타법인,110111-1763584,211-86-56433,서울특별시 중구 신당2동 366-440 대영빌딩3층,www.superboard.com,,시스템 소프트웨어 개발 및 공급업,1999-08-31,12월
(주)슈퍼브에이아이,"Superb AI Co., Ltd.",슈퍼브에이아이, ,김현수,기타법인,110111-6720414,140-81-96929,"서울특별시 강남구 테헤란로 427 18층 101호 (삼성동, 위워크타워)",www.superb-ai.com/ko,,응용 소프트웨어 개발 및 공급업,2018-04-16,12월
슈퍼센트,Supercent Inc.,슈퍼센트, ,공준식,기타법인,110111-7833216,271-87-02106,"서울특별시 송파구 올림픽로 295 (신천동), 삼성잠실생명빌딩 15층, 슈퍼센트(주)",corp.supercent.io/,,모바일 게임 소프트웨어 개발 및 공급업,2021-03-29,12월
주식회사 슈퍼스타소프트웨어,SUPERSTAR SOFTWARE.CO.LTD,슈퍼스타소프트웨어, ,강영선,기타법인,110111-0994883,220-81-04972,서울특별시 강남구 역삼동 747-26,www.superstar.co.kr,,시스템 소프트웨어 개발 및 공급업,1993-12-20,12월
(주)슈퍼아이텔레콤,SUPERITELECOM.INC,슈퍼아이텔레콤, ,이동희,기타법인,120111-0191346,139-81-41268,서울특별시 강남구 역삼동 738-18 중앙빌딩 3층,www.010sit.com,,시스템 소프트웨어 개발 및 공급업,1999-04-26,12월
(주)슈퍼애시드,weredsoft,슈퍼애시드, ,강지원,기타법인,110111-5054583,105-87-82690,"경기도 성남시 분당구 판교로256번길 19 (삼평동) GB1빌딩,2층", ,,모바일 게임 소프트웨어 개발 및 공급업,2013-01-28,12월
슈퍼어썸,Super Awesome Inc.,슈퍼어썸, ,조동현,기타법인,110111-5486249,114-87-19610,"서울특별시 강남구 테헤란로 218 (역삼동, APTower(에이피타워)) 9층",www.superawesome.co.kr/,,모바일 게임 소프트웨어 개발 및 공급업,2014-08-12,12월
주식회사 슈퍼진,Supergene Inc.,슈퍼진, ,"나영채, 이진호",기타법인,134211-0183262,347-86-00581,"서울특별시 서초구 강남대로 373 (서초동, 홍우빌딩)", ,,시스템 소프트웨어 개발 및 공급업,2016-12-08,12월
(주)슈퍼진스,"Supergenes Co., Ltd.",슈퍼진스, ,강은성,기타법인,110111-6966422,849-87-01157,"서울특별시 강남구 테헤란로55길 30 4층(역삼동, H473빌딩)",supergenes.co.kr/,,유선 온라인 게임 소프트웨어 개발 및 공급업,2018-12-27,12월
슈퍼캣,SUPERCAT,슈퍼캣, ,김원배,기타법인,110111-6013207,272-88-00336,"경기도 성남시 분당구 분당로 55 (서현동, 분당퍼스트타워) 13F",www.corp.supercat.co.kr/,,모바일 게임 소프트웨어 개발 및 공급업,2016-04-15,12월
주식회사 슈퍼캣알피지,SUPERCAT RPG INC,슈퍼캣알피지, ,김영을,기타법인,131111-0666437,218-81-74121,"경기도 성남시 분당구 분당로 55 (서현동, 분당퍼스트타워)", ,,모바일 게임 소프트웨어 개발 및 공급업,2022-03-29,12월
주식회사 슈퍼코믹스스튜디오,SUPERCOMIX STUDIO Corp.,슈퍼코믹스스튜디오, ,김기범,기타법인,131111-0543669,756-87-01229,경기도 성남시 분당구 대왕판교로 660 (삼평동) 유스페이스1 A-1011, ,,출판업,2019-01-30,12월
주식회사 슈퍼크리에이티브,Super Creative Inc.,슈퍼크리에이티브, ,"강기현, 김형석",기타법인,110111-5807867,699-87-00121,"경기도 성남시 분당구 판교역로192번길 12 6층 (삼평동, 판교미래에셋센터)", ,,모바일 게임 소프트웨어 개발 및 공급업,2015-08-12,12월
슈퍼패스트 주식회사,SUPERFAST INC,슈퍼패스트, ,김강안,기타법인,110111-7644192,108-87-01610,"서울특별시 송파구 올림픽로 300 제월드타워동 67층 4호 6704(신천동, 롯데월드타워앤드롯데월드몰)", ,,모바일 게임 소프트웨어 개발 및 공급업,2020-10-08,12월
주식회사 스냅컴퍼니,"SnapCompany Co.,Ltd",스냅컴퍼니, ,이민수,기타법인,131411-0392317,858-88-00654,"서울특별시 강남구 테헤란로32길 27 (역삼동, 동원빌딩)", ,,응용 소프트웨어 개발 및 공급업,2017-06-21,12월
스노우 주식회사,SNOW Corporation,스노우, ,김창욱,기타법인,131111-0455731,786-87-00371,"경기도 성남시 분당구 불정로 6 (정자동, 네이버그린팩토리) 15층",www.snowcorp.com,,응용 소프트웨어 개발 및 공급업,2016-08-01,12월
주식회사 스노우파이프,"SNOWPIPE CO.,LTD",스노우파이프, ,김정익,기타법인,110111-5310745,264-81-27937,"서울특별시 강남구 압구정로 152 극동타워 9층 902호, 903호, 904호 (신사동)", ,,모바일 게임 소프트웨어 개발 및 공급업,2014-01-09,12월
주식회사 스누아이랩,"SNUAILAB Co.,Ltd.",스누아이랩, ,유명호,기타법인,110111-7025251,309-88-01205,"서울특별시 관악구 관악로 1 (신림동, 서울대학교) 연구공원본관 111,112호",www.snuailab.ai,,소프트웨어 개발 및 공급업,2019-02-26,12월
주식회사 스룩,"SROOK Co.,Ltd",스룩, ,곽정현 권연현,기타법인,131111-0446590,618-81-34692,"서울특별시 중구 통일로 92 (순화동, 케이지타워) 5층",www.srook.net,,응용 소프트웨어 개발 및 공급업,2016-05-11,12월
주식회사 스마일게이트,"Smilegate, Inc.",스마일게이트, ,성준호,기타법인,284111-0055793,132-81-60298,"경기도 성남시 분당구 판교역로 220 5층(삼평동, 쏠리드스페이스 빌딩)",https://www.smilegate.com/,,유선 온라인 게임 소프트웨어 개발 및 공급업,2005-04-19,12월
스마일게이트게임즈,smilegategames,스마일게이트게임즈, ,장인아,기타법인,110111-4748921,220-88-29254,"경기도 성남시 분당구 판교역로 220 (삼평동, 솔리드스페이스3층,4층)",www.smilegate.com,,게임 소프트웨어 개발 및 공급업,2011-12-16,12월
(주)스마일게이트 메가포트,Smilegate Megaport Inc.,스마일게이트메가포트, ,장인아,기타법인,131111-0324639,144-81-05911,"경기도 성남시 분당구 판교로 344 (삼평동, 스마일게이트캠퍼스 9층)",www.smilegate.com,,게임 소프트웨어 개발 및 공급업,2010-10-10,12월
(주) 스마일게이트스토브,"Smilegate Stove, Inc.",스마일게이트스토브, ,양동기,기타법인,131111-0454816,423-81-00537,경기도 성남시 분당구 판교로 344 (삼평동) 10층 1002-B호, ,,게임 소프트웨어 개발 및 공급업,2016-08-01,12월
(주)스마일게이트 알피지,Smilegate RPG,스마일게이트알피지, ,지원길,기타법인,110111-4749169,220-88-29249,경기도 성남시 분당구 판교로 344 (삼평동) 스마일게이트캠퍼스 6층,www.smilegate.com,,게임 소프트웨어 개발 및 공급업,2011-12-16,12월
(주)스마일게이트 엔터테인먼트,"Smilegate Entertainment, Inc.",스마일게이트엔터테인먼트, ,"장인아, 성준호",기타법인,110111-2545155,211-87-16229,경기도 성남시 분당구 판교역로 220 쏠리드스페이스,www.smilegate.com,,게임 소프트웨어 개발 및 공급업,2002-06-11,12월
스마일샤크주식회사,"Smileshark Co.,Ltd",스마일샤크, ,장진환,기타법인,120111-1038638,198-87-01516,서울특별시 강남구 테헤란로44길 5 (역삼동)8,116804166740,,컴퓨터시스템 통합 자문 및 구축 서비스업,2019-12-11,12월
(주)스마일서브,"SMILESERV CO.,LTD",스마일서브, ,김병철,기타법인,110111-2538978,119-81-57510,경기도 성남시 분당구 대왕판교로644번길 86 (삼평동) KT동판교빌딩 3층,www.cloudv.kr,,호스팅 및 관련 서비스업,2002-06-01,12월
(주)스마텔,SMARTEL INC,스마텔, ,고명수,기타법인,110111-1568570,220-81-53532,서울특별시 송파구 올림픽로12길 17 (잠실동), ,,통신 재판매업,1998-07-27,12월
(주)스마트나우,"Smart Now Co., Ltd",스마트나우, ,송현두,기타법인,110111-4956475,119-86-61101,"서울특별시 금천구 가산디지털1로 171 제15층 1503호, 1504호(가산동, 가산에스케이브이원센터)", ,,모바일 게임 소프트웨어 개발 및 공급업,2012-09-13,12월
(주)스마트넷테크놀로지,SmartNet Technology Inc.,스마트넷테크놀로지, ,김영국,기타법인,110111-1764300,120-81-93044,"경기도 안양시 동안구 흥안대로 415 (평촌동, 두산벤처다임) 1123호~1128호",www.smartnet.co.kr,,컴퓨터시스템 통합 자문 및 구축 서비스업,1999-09-01,12월
(주)스마트스코어,SMARTSCORE,스마트스코어, ,정성훈,기타법인,110111-5534337,106-87-09839,서울특별시 강남구 영동대로 312 5층(대치동),www.smartscore.kr,,데이터베이스 및 온라인정보 제공업,2014-10-10,12월
(주)스마트앤그로스,"SMART&GROWTH Co.,Ltd.",스마트앤그로스, ,형인우,기타법인,110111-4640367,211-88-63525,"서울특별시 서초구 서초대로 397 1602호 (서초동, 부띠크모나코)",www.smartngrowth.com,,소프트웨어 개발 및 공급업,2011-07-05,12월
(주)스마트유,SMART U,스마트유, ,이장호,기타법인,110111-6580818,276-87-00781,"서울특별시 영등포구 여의대방로65길 6 (여의도동, 센터빌딩)", ,,데이터베이스 및 온라인정보 제공업,2017-11-28,12월
주식회사 스마트투데이,"Smart Today Co. , Ltd.",스마트투데이, ,"엄재용, 이경탑",기타법인,110111-0928829,610-86-37098,"서울특별시 종로구 새문안로 68 9층 (신문로1가, 흥국생명빌딩)",www.smarttoday.co.kr/,,신문 발행업,2025-06-13,12월
스마트포트테크놀로지,"Smartport Technology Co.,Ltd",스마트포트테크놀로지, ,박현지 함재삼,기타법인,110111-0712425,220-86-30325,인천광역시 계양구 벌말로566번길 13-1 (상야동) 1층,www.smartport.kr,,시스템 소프트웨어 개발 및 공급업,2004-09-23,12월
스마트퓨쳐웍스(주),Smart Purter Works. Co.Ltd,스마트퓨쳐웍스, ,이정자,기타법인,110111-4465541,107-87-43499,서울특별시 영등포구 여의도동 11-11 한서빌딩 1309, ,,"컴퓨터 프로그래밍, 시스템 통합 및 관리업",2010-11-05,12월
주식회사 스마틱스,"SMARTIX. co., ltd.",스마틱스, ,김인석,기타법인,110111-4339051,113-86-38602,"서울특별시 영등포구 경인로 775 (문래동3가, 에이스하이테크시티) 2동 1603호",www.smartix.co.kr,,시스템 소프트웨어 개발 및 공급업,2010-04-19,12월
주식회사 스위치원,"Switchwon Co.,Ltd.",스위치원, ,서정아,기타법인,110111-7750600,618-88-02127,"부산광역시 남구 전포대로 133 12층 117호 (문현동, BIFC)",www.switchwon.com/,,컴퓨터시스템 통합 자문 및 구축 서비스업,2021-01-15,12월
주식회사 스윗코리아,SWIT KOREA INC,스윗코리아, ,이주환,기타법인,120111-0696635,122-86-37650,"서울특별시 강남구 삼성로 570 (삼성동, 석천빌딩) 6층, 9층", ,,시스템ㆍ응용 소프트웨어 개발 및 공급업,2014-02-25,12월
(주)스카우트,"SCOUT CO.,LTD",스카우트, ,민병도,기타법인,110111-0724230,110-81-29244,서울특별시 강남구 역삼2동 786-18 비즈허브타워 3층,www.scout.co.kr,,데이터베이스 및 온라인정보 제공업,1990-09-28,12월
(주)스카이아이앤디,"SKYIND CO., LTD",스카이아이앤디, ,이재춘,기타법인,110111-4998162,107-87-83472,서울특별시 강남구 테헤란로69길 10 (삼성동) 403호, ,,정보서비스업,2012-11-20,12월
(주)스카이온,SKYON,스카이온, ,김송철,기타법인,110111-2841305,220-86-69422,서울특별시 서초구 반포1동 748-1 청호빌딩 9층,www.skysms.co.kr,,우편 및 통신업,2003-08-18,12월
주식회사 스카이티엘,Sky Testing Laboratory Inc,스카이티엘, ,최진호,기타법인,134511-0271524,334-81-00334,"경기도 군포시 산본로324번길 8 (금정동, 동영센트럴타워 101호)", ,,응용 소프트웨어 개발 및 공급업,2015-10-01,12월
스캐니글로벌(주),scanny global,스캐니글로벌, ,은유진,기타법인,110111-2869571,214-87-41727,전라북도 전주시 덕진구 우아동3가 734-21 호빈빌딩 3층,www.scannyglobal.com,,시스템 소프트웨어 개발 및 공급업,2003-10-06,03월
(주)스켈터랩스,SKELTERLABS,스켈터랩스, ,조원규,기타법인,110111-5901990,485-86-00132,서울특별시 성동구 성수이로22길 60 7층,www.skelterlabs.com,,응용 소프트웨어 개발 및 공급업,2015-11-27,12월
(주)스코넥엔터테인먼트,"SKONEC ENTERTAINMENT Co., Ltd.",스코넥,276040,"박원철, AOKI EIJI (각자 대표이사)",코스닥시장,110111-2499641,107-86-16262,서울특별시 강남구 논현로68길 14 -,www.skonec.com/,http://skonec.com,게임 소프트웨어 개발 및 공급업,2002-04-16,12월
스퀘어세븐씨네마 주식회사,"Square7Cinema Co., Ltd.",스퀘어세븐씨네마, ,정민오,기타법인,120111-0923905,611-87-00849,"인천광역시 서구 청라루비로 76 166호 (청라동, 청라스퀘어7)", ,,영화관 운영업,2018-02-28,12월
스크린엑스(주),"Screen X Co., Ltd",스크린엑스, ,김종열,기타법인,150111-0271035,602-86-01605,충청북도 청주시 청원구 오창읍 두릉유리로 24-31 1층,www.screenx.co.kr,,영상ㆍ오디오 기록물 제작 및 배급업,2019-06-27,12월
(주)스타맥스,"Starmax Co., Ltd.",스타맥스,017050,심수연,기타법인,174811-0001224,515-81-03100,서울특별시 강남구 신사동 575 가오닉스빌딩 ,www.starmax21.co.kr,,일반 영화 및 비디오물 제작업,1983-06-10,12월
주식회사 스타맥스,"STARMAX Co., Ltd",스타맥스, ,"김민기, 요코하마토요유끼",기타법인,110111-0371172,120-81-55472,서울특별시 강남구 삼성동 159-1 아셈타워 23층,www.STARMAX21.co.kr,,일반 영화 및 비디오물 제작업,1984-03-27,12월
(주)스타밴코리아,STARVANKOREA,스타밴코리아, ,장서규,기타법인,110111-3061291,120-86-70726,서울특별시 강남구 수서동 734번지 수서전화국3층,WWW.STARVANKOREA.COM,,그 외 기타 전기 통신업,2004-08-03,12월
(주)스타시네마,SINUS JEONDAE ,스타시네마, ,홍정범,기타법인,200111-0190705,409-81-80025,광주광역시 북구 중흥2동 362-3, ,,영화관 운영업,2004-03-09,12월
(주)스타시아엔터테인먼트,stasia entertainment,스타시아엔터테인먼트, ,정태한,기타법인,110111-2788680,211-87-33757,서울특별시 강남구 신사동630-2 신사빌딩501, ,,방송 프로그램 제작업,2003-06-01,12월
(주)스타엠플래닝,starm planning,스타엠플래닝, ,이인광,기타법인,110111-2359605,211-87-49531,서울특별시 강남구 논현동, ,,일반 영화 및 비디오물 제작업,2001-10-24,12월
(주)스타코리아웹케스팅,Starkoreawebcasting,스타코리아웹케스팅, ,김형태,기타법인,110111-1882673,107-81-77814,서울특별시 영등포구 여의도동 라이프콤비빌딩 823,www.starkorea.co.kr,,데이터베이스 및 온라인정보 제공업,2000-02-23,12월
(주)스타핑,"Staping Co., Ltd.",스타핑, ,강성추,기타법인,110111-6651867,796-86-00973,"서울특별시 송파구 충민로 66 (문정동, 가든파이브라이프) 9층, L-9005호",www.staping.co.kr/,,"컴퓨터 프로그래밍, 시스템 통합 및 관리업",2018-02-06,12월
스탁키퍼,Stockeeper,스탁키퍼, ,안재현,기타법인,110111-7642245,574-81-01983,"서울특별시 영등포구 의사당대로 83 (여의도동, 오투타워)", ,,소프트웨어 개발 및 공급업,2020-10-07,12월
(주)스탁폴즈,"Stockpolls Co., Ltd.",스탁폴즈, ,선종기,기타법인,110111-1837884,120-81-97114,서울특별시 강남구 대치동 895-2,www.idaebak.co.kr,,시스템 소프트웨어 개발 및 공급업,1999-12-27,03월
스탠드컴퍼니 주식회사,Treenod Inc.,스탠드컴퍼니, ,김준수,기타법인,180111-0763614,603-81-77587,부산광역시 해운대구 센텀2로 25 (우동) 센텀드림월드 15층,treenod.com/,,게임 소프트웨어 개발 및 공급업,2011-06-22,12월
주식회사스탠딩,Standing.corp,스탠딩, ,우의수,기타법인,110111-2784183,214-87-34736,서울특별시 서초구 서초동 1364-39 지훈빌딩 301호,www.standing.co.kr,,데이터베이스 및 온라인정보 제공업,2003-05-20,12월
(주)스테이션3,STATION3 LTD.,스테이션3, ,"유형석, HAN EUSOON",기타법인,110111-5139541,220-88-59156,"서울특별시 서초구 서초대로 301 , 10층 1001, 1002호(서초동, 동익성봉빌딩)",www.station3.co.kr/,,그 외 기타 정보 서비스업,2013-05-21,12월
(주)스테이지원엔터,"STAGEONE ENTER CO.,Ltd.",스테이지원엔터,078860,고병철 (단독 대표이사),코스닥시장,110111-1952567,211-86-96978,서울특별시 강남구 강남대로122길 22 2층,www.iok.co.kr,,"영화, 비디오물, 방송프로그램 제작 및 배급업",2000-04-26,12월
(주)스테이지파이브,"stagefive Co., Ltd.",스테이지파이브, ,"서상원, 이제욱",기타법인,110111-5685411,756-86-00029,"서울특별시 송파구 올림픽로35길 123 6층 (신천동, 향군타워)", ,,소프트웨어 개발 및 공급업,2015-04-02,12월
주식회사 스토리위즈,"Storywiz Co., Ltd",스토리위즈, ,전대진,기타법인,110111-7397981,382-86-01768,서울특별시 종로구 북촌로1길 5 (재동) 비동 1층 (엠제이빌딩),www.storywiz.co.kr,,일반 서적 출판업,2020-02-20,12월
(주)스토리작,"StoryZAK Co., Ltd",스토리작, ,정동훈,기타법인,110111-7659555,199-88-01592,서울특별시 금천구 가산디지털2로 101 한라원앤원타워 A동 1807호,xn--oy2b17ne7dism.com/,,만화 출판업,2020-10-22,12월
스토리티비,StoryTV,스토리티비, ,배선해,기타법인,110111-4459073,211-88-51086,"경기도 고양시 일산동구 태극로 60 12층 2호 스토리티비(장항동, 빛마루)",storytv.co.kr/,,방송 프로그램 제작업,2010-10-27,12월
(주)스토리팜,abc online,스토리팜, ,이태형,기타법인,110111-7141859,276-87-01330,"서울특별시 강남구 강남대로 636 (신사동, 두원빌딩)", ,,시스템 소프트웨어 개발 및 공급업,2019-06-19,12월
주식회사 스토리팜픽처스,storyfarmpictures,스토리팜픽처스, ,이호형,기타법인,110111-8392419,122-88-02548,"서울특별시 강남구 선릉로93길 54 (역삼동, 일환빌딩) 6층 6157호", ,,일반 영화 및 비디오물 제작업,2022-08-11,12월
스톡캐스터, ,스톡캐스터, ,정회선,기타법인,110111-1753014,112-81-53338,서울특별시 관악구 봉천동 875-7, ,,시스템 소프트웨어 개발 및 공급업,1999-08-13,12월
(주)스톰이앤에프,"Stom EnF Co.,Ltd.",스톰이앤에프,043680,이준,기타법인,160111-0041733,314-81-09777,서울특별시 강남구 논현동 267-15 봄빌딩 B동 ,www.dechocolateentf.com,,"영화, 비디오물 및 방송프로그램 제작업",1994-08-19,12월
주식회사 스튜디오329,"STUDIO329 Co., Ltd.",스튜디오329, ,윤신애,기타법인,110111-6112421,760-81-00396,서울특별시 성동구 아차산로17길 49 (성수동2가)708호,www.studio329.net,,"영화, 비디오물, 방송프로그램 제작 및 배급업",2016-07-04,12월
(주)스튜디오 8,"STUDIO 8 Co., Ltd.",스튜디오8, ,"문양권, 윤용기",기타법인,110111-2249145,104-81-62461,"서울특별시 강남구 봉은사로 509 4층 (삼성동, 수당빌딩)", ,,게임 소프트웨어 개발 및 공급업,2001-05-29,12월
스튜디오그리고 주식회사,Studio Grigo Inc.,스튜디오그리고, ,남주현,기타법인,110111-8188256,315-86-02506,"서울특별시 구로구 디지털로 300 (구로동, 지밸리비즈플라자)", ,,만화 출판업,2022-02-04,12월
주식회사 스튜디오 글로빅,STUDIO GLOVIC,스튜디오글로빅, ,박철수,기타법인,110111-5657270,623-87-00032,서울특별시 강남구 테헤란로33길 39 (역삼동) 해성빌딩 3층,www.glovicentertainment.co.kr,,영상물 제공 서비스업,2015-03-15,12월
(주)스튜디오나인,"STUDIO9.Co.,Ltd",스튜디오나인, ,최종신,기타법인,110111-2749442,120-86-50448,서울특별시 강남구 대치4동 상제리제빌딩 A-702,www.studio9nine.com,,게임 소프트웨어 개발 및 공급업,2003-03-31,12월
(주)스튜디오더블랙,Studiotheblack,스튜디오더블랙, ,안창호,기타법인,110111-7363867,532-81-01674,경기도 고양시 일산동구 고봉로578번길 93-13 (성석동), ,,일반 영화 및 비디오물 제작업,2020-01-20,12월
스튜디오더블엠(주),Studio Double-M,스튜디오더블엠, ,"조군원, 남주현",기타법인,110111-8599669,807-86-02664,서울특별시 마포구 동교로23길 10 2층(동교동), ,,"영화, 비디오물 및 방송프로그램 제작업",2023-04-04,12월
주식회사 스튜디오돌핀,studiodolphin,스튜디오돌핀, ,김동희,기타법인,110111-7604170,171-88-01672,서울특별시 마포구 잔다리로7안길 10 (서교동) 2층, ,,음악 및 기타 오디오물 출판업,2020-08-28,12월
스튜디오드래곤(주),Studio Dragon Corporation,스튜디오드래곤,253450,Jang Kyung-ik,코스닥시장,110111-6052164,747-81-00388,"서울특별시 마포구 매봉산로 75 1701호 (상암동, 디디엠씨)",www.studiodragon.net,,방송 프로그램 제작업,2016-05-03,12월
주식회사 스튜디오레논,"STUDIO LENNON Co.,Ltd",스튜디오레논, ,"서채원, 장호석",기타법인,110111-7361423,588-86-01634,서울특별시 강남구 선릉로125길 30 (논현동), ,,광고 영화 및 비디오물 제작업,2020-01-17,12월
(주)스튜디오리얼라이브,"STUDIO KWANGYA CO., Ltd",스튜디오리얼라이브, ,이승우,기타법인,110111-8343173,838-88-02492,"서울특별시 성동구 왕십리로 83-21 (성수동1가, 아크로서울포레스트)", ,,"영화, 비디오물 및 방송프로그램 제작업",2022-06-23,12월
스튜디오리코 주식회사,STUDIO LICO Corp.,스튜디오리코, ,최준,기타법인,131111-0486504,687-88-00601,경기도 성남시 분당구 분당내곡로 131 (백현동), ,,정보서비스업,2017-07-03,12월
(주)스튜디오매크로그래프,Studios Macrograph Inc.,스튜디오매크로그래프, ,이인호,기타법인,110111-5254951,119-86-78640,"서울특별시 금천구 가산디지털1로 131 C동 7,9,11층(가산동, BYCHIGHCITY)",www.macrograph.co.kr,,애니메이션 영화 및 비디오물 제작업,2013-10-30,12월
주식회사 스튜디오미르,"Studio Mir Co., LTD.",스튜디오미르,408900,유재명,코스닥시장,110111-4460046,119-86-34716,"서울특별시 금천구 디지털로9길 33 1701호(가산동, 아이티미래타워)",www.studiomir.co.kr/,,애니메이션 영화 및 비디오물 제작업,2010-10-28,12월
주식회사 스튜디오발키리,"studio Valkyrie, Inc.",스튜디오발키리, ,윤주현,기타법인,110111-5852763,537-88-00140,"서울특별시 강남구 테헤란로 218 (역삼동, APTower(에이피타워))", ,,게임 소프트웨어 개발 및 공급업,2015-10-05,12월
스튜디오 버드 주식회사,STUDIO VIRD,스튜디오버드, ,조용석,기타법인,110111-7430153,240-87-01670,"서울특별시 강남구 도산대로 156 (논현동, 중앙엠앤비사옥)", ,,일반 영화 및 비디오물 제작업,2020-03-18,12월
주식회사 스튜디오브레이브,"Studio Brave Co., Ltd.",스튜디오브레이브, ,이지선,기타법인,110111-0935768,783-86-03649,"서울특별시 종로구 새문안로 68 (신문로1가, 흥국생명빌딩)", ,,방송 프로그램 제작업,2025-08-28,12월
(주)스튜디오브이플러스,"Studio V Plus Co.,Ltd.",스튜디오브이플러스, ,"이경선, CHO DAVID",기타법인,110111-8390893,110-88-02579,"서울특별시 영등포구 국회대로76길 10 7층(여의도동, 기독교한국침례회총회빌딩)", ,,방송 프로그램 제작업,2022-08-12,12월
주식회사 스튜디오비사이드,"Studiobside Co.,Ltd",스튜디오비사이드, ,류금태,기타법인,131111-0487875,349-81-00767,경기도 성남시 분당구 판교역로 182 6층(삼평동), ,,모바일 게임 소프트웨어 개발 및 공급업,2017-07-24,12월
스튜디오슬램 주식회사,STUDIO SLAM Corp.,스튜디오슬램, ,윤현준,기타법인,110111-7528528,277-88-01572,"서울특별시 마포구 상암산로 48-6 (상암동, 중앙일보빌딩) 14층",studioslam.net/,,"영화, 비디오물 및 방송프로그램 제작업",2020-06-24,12월
주식회사 스튜디오시나트,STUDIO SCENART,스튜디오시나트, ,조여래,기타법인,110111-7238804,833-81-01655,서울특별시 성동구 상원12길 23 (성수동1가) 8층, ,,광고 영화 및 비디오물 제작업,2019-09-20,12월
스튜디오씨드코리아 주식회사,"Studio XID Korea, Inc.",스튜디오씨드코리아, ,김수,기타법인,110111-5583368,120-88-22422,서울특별시 용산구 회나무로13가길 37-6 (이태원동),www.kr.protopie.io/,,시스템 소프트웨어 개발 및 공급업,2014-12-08,12월
스튜디오아예중앙 주식회사,"Studio Ah Yeah Joongang Co., Ltd.",스튜디오아예중앙, ,전진배,기타법인,110111-6667864,146-87-00874,서울특별시 마포구 상암산로 48-6, ,,"유선, 위성 및 기타 방송업",2018-02-23,12월
주식회사 스튜디오아이,"STUDIO EYE.Co.,Ltd.",스튜디오아이, ,박용진,기타법인,110111-7359874,512-87-01691,서울특별시 성동구 광나루로 162 (성수동1가) 5층, ,,광고 영화 및 비디오물 제작업,2020-01-16,12월
(주)스튜디오아이콘,"Studio Icon Co., Ltd",스튜디오아이콘, ,"안제현, 신상윤",기타법인,110111-6907898,802-86-01243,서울특별시 강남구 선릉로91길 8 2층(역삼동), ,,"영화, 비디오물 및 방송프로그램 배급업",2018-10-26,12월
(주)스튜디오앤뉴,"Studio&NEW Co.,Ltd.",스튜디오앤뉴, ,김우택,기타법인,110111-6163763,568-88-00538,"서울특별시 강남구 학동로9길 5, 5층 (논현동)", ,,영상ㆍ오디오 기록물 제작 및 배급업,2016-08-30,12월
주식회사 스튜디오어빗,"STUDIO ABIT CO.,LTD.",스튜디오어빗, ,황지영,기타법인,110111-8713839,879-87-02915,"서울특별시 용산구 녹사평대로 170 3층, (이태원동)", ,,방송 프로그램 제작업,2023-08-10,12월
스튜디오에스(주),"Studio S Co., Ltd.",스튜디오에스,046140,홍성창,기타법인,110111-1757694,116-81-76255,"서울특별시 마포구 상암산로 82 상암동, 에스비에스프리즘타워",s-studio.co.kr,s-studio.co.kr,"영화, 비디오물, 방송프로그램 제작 및 배급업",1999-08-21,12월
스튜디오에스(주),"Studio S Co.,Ltd",스튜디오에스, ,한정환,기타법인,285011-0173588,128-86-47739,경기도 고양시 일산서구 일현로 111 에스비에스일산제작센터 별관3층,https://s-studio.co.kr/,,"영화, 비디오물, 방송프로그램 제작 및 배급업",2010-04-01,12월
(주)스튜디오에이,"STUDIO A Co.,Ltd.",스튜디오에이, ,이승준,기타법인,110111-8391859,526-88-02643,"서울특별시 강남구 테헤란로 415 (삼성동, L7HOTELS강남타워) 7층", ,,일반 영화 및 비디오물 제작업,2022-08-10,12월
스튜디오엔 주식회사,Studio N Corporation,스튜디오엔, ,권미경,기타법인,110111-6835958,681-87-01115,"서울특별시 용산구 독서당로 122-1 (한남동, 포트힐(FortHill)빌딩) 4층", ,,"영화, 비디오물 및 방송프로그램 제작 관련 서비스업",2018-08-08,12월
(주)스튜디오엠앤씨,"STUDIO M&C, Inc.",스튜디오엠앤씨, ,이상수,기타법인,110111-8377320,512-81-26477,"서울특별시 마포구 상암산로 82 (상암동, SBS프리즘타워) 12층", ,,프로그램 공급업,2022-08-04,12월
(주)스튜디오원픽,Studio1pic Corp.,스튜디오원픽, ,김현주,기타법인,110111-7780433,298-87-02080,"서울특별시 강남구 봉은사로 418 (삼성동, 조양빌딩) 503호",www.studio1pic.com,,응용 소프트웨어 개발 및 공급업,2021-02-09,12월
스튜디오웨이브 주식회사,Studio Wavve Corp.,스튜디오웨이브, ,이찬호,기타법인,110111-7891785,419-87-02085,서울특별시 영등포구 국회대로72길 5 (여의도동) 4층 402호 여의도 플렉시움 오피스텔,studiowavve.com,,"영화, 비디오물 및 방송프로그램 배급업",2021-05-18,12월
(주)스튜디오육공오,studio605.co.ltd,스튜디오육공오, ,이강현,기타법인,110111-4030592,107-87-16385,서울특별시 마포구 상암산로 76 (상암동) ytn뉴스퀘어 16층 일부,www.studio605.kr,,방송 프로그램 제작업,2009-01-28,12월
(주)스튜디오이쩜영,"STUDIO2.0, Inc.",스튜디오이쩜영, ,김승범,기타법인,110111-3362087,211-87-74928,서울특별시 강남구 대치동 997-10 미디어코프빌딩 6층,www.tube-entertainment.co.kr,,일반 영화 및 비디오물 제작업,2005-12-01,12월
(주)스튜디오인빅투스,studio invictus,스튜디오인빅투스, ,"이웅세, 김경원",기타법인,110111-6015641,130-88-00430,"서울특별시 영등포구 국제금융로 106 (여의도동, 행진빌딩) 311호실", ,,프로그램 공급업,2016-03-29,12월
(주)스튜디오일육일,"SBS Digital News Lab Co., Ltd",스튜디오일육일, ,"박진호, 하현종",기타법인,110111-6595817,344-87-00992,"서울특별시 양천구 목동서로 161 (목동, 에스비에스방송센터)",https://sbsdlab.co.kr/,,데이터베이스 및 온라인정보 제공업,2017-12-12,12월
스튜디오잼 주식회사,"Studio JAMM Co. , Ltd.",스튜디오잼, ,제찬웅,기타법인,110111-8151435,111-81-94020,서울특별시 마포구 상암산로 48-6, ,,방송 프로그램 제작업,2022-01-03,12월
유한회사 스튜디오제이앤에스,Studio JNS LLC.,스튜디오제이앤에스, ,윤희웅,기타법인,110114-0280278,147-86-02349,서울특별시 마포구 상암산로 48-6 15층, ,,방송 프로그램 제작업,2021-07-07,12월
주식회사 스튜디오제이에이치에스,Studio JHS,스튜디오제이에이치에스, ,손제호,기타법인,285011-0380810,787-86-01172,"경기도 고양시 일산동구 백마로 195 100012-2호(장항동, 엠시티타워 오피스 일반동 10층)", ,,만화 출판업,2018-04-13,12월
스튜디오킹덤 주식회사,Devsisters Kingdom Corporation,스튜디오킹덤, ,"조길현, 이은지",기타법인,110111-7334842,309-81-07200,서울특별시 강남구 도산대로 327 12층 (신사동), ,,모바일 게임 소프트웨어 개발 및 공급업,2019-12-23,12월
주식회사 스튜디오테이크원,"STUDIOTAKEONE Co.,Ltd.",스튜디오테이크원, ,"이사호, 신의철",기타법인,110111-6425262,320-86-00742,"서울특별시 마포구 상암산로 34 14층(상암동,디지털큐브)",www.studiotakeone.com,,방송 프로그램 제작업,2017-06-09,12월
주식회사 스튜디오툰(Studio Toon Corp.),Studio Toon Corp.,스튜디오툰(StudioToonCorp.), ,"LEE HYEONGTAEK(이형택), NAGAO AKIRA",기타법인,110111-8296562,372-87-02544,서울특별시 마포구 양화로 147 6층(동교동), ,,기타 인쇄물 출판업,2022-05-11,12월
(주) 스튜디오팟,STUDIO POT,스튜디오팟, ,김동우,기타법인,110111-7353735,437-86-01603,서울특별시 중구 퇴계로20길 32 4층 401호 (남산동2가), ,,기타 인쇄물 출판업,2020-01-10,12월
주식회사 스튜디오포립,Studio 4LEAF Corporation,스튜디오포립, ,김현수,기타법인,110111-6404399,817-87-00637,"서울특별시 강남구 테헤란로 218 3층(역삼동, APTower(에이피타워))", ,,출판업,2017-05-18,12월
주식회사 스튜디오푸르지오,STUDIO PRUGIO,스튜디오푸르지오, ,서원아,기타법인,110111-0939691,233-86-03668,"서울특별시 중구 을지로 170 (을지로4가, 을지트윈타워)", ,,일반 영화 및 비디오물 제작업,2025-10-17,12월
주식회사 스튜디오프리즘,"SBS Plus CO.,Ltd.",스튜디오프리즘, ,"조재룡, 박정훈",기타법인,110111-7130919,439-87-01421,"서울특별시 마포구 상암산로 82 15층 (상암동, SBS프리즘타워)", ,,방송 프로그램 제작업,2019-06-01,12월
주식회사 스튜디오플로우,"Studio Flow, Inc.",스튜디오플로우, ,박우람,기타법인,110111-7950466,580-88-02123,"서울특별시 마포구 월드컵북로 361 오피스동 16층 (상암동, DMC이안오피스텔)", ,,방송 프로그램 제작업,2021-07-08,12월
주식회사 스트라드비젼,"StradVision, Inc.",스트라드비젼, ,김준환,기타법인,171711-0113628,506-81-90203,"경상북도 포항시 남구 지곡로 394 제 5벤처동 304~308호 (지곡동, 포항테크노파크)",https://www.stradvision.com/,https://www.stradvision.com/,소프트웨어 개발 및 공급업,2014-09-22,12월
주식회사 스트라베이스,strabase inc.,스트라베이스, ,이상오,기타법인,110111-3094242,214-87-59931,"서울특별시 서초구 마방로6길 3 (양재동, 린빌딩) 6층",www.strabase.com,,데이터베이스 및 온라인정보 제공업,2004-10-07,12월
스트라토 주식회사,"Strato Co.,Ltd.",스트라토, ,채현종,기타법인,110111-7575313,452-86-01859,"서울특별시 서초구 효령로 17 (방배동,청진빌딩) 8층", ,,시스템 소프트웨어 개발 및 공급업,2020-08-03,12월
(주)스트리미,streami,스트리미, ,이준행,기타법인,110111-5790236,432-87-00120,"서울특별시 강남구 영동대로 704 (청담동, 삼강빌딩) 7층",https://www.streami.co,,컴퓨터 프로그래밍 서비스업,2015-07-28,12월
(주)스트림박스코리아,Streambox Inc korea,스트림박스코리아, ,카토이 신,기타법인,110111-1433418,211-86-23058,서울특별시 광진구 광장동 110번지 학산빌딩 11층,http://www. streambox.co.kr,,데이터베이스 및 온라인정보 제공업,1997-06-30,12월
스티븐슨 글로벌,"STG, Co., LTD.",스티븐슨글로벌, ,이차리,기타법인,110111-6331013,193-86-00591,"서울특별시 금천구 가산디지털1로 151 (가산동, 이노플렉스1차) 1503호", ,,소프트웨어 개발 및 공급업,2017-02-28,12월
(주)스파이어테크놀로지,SPIRETECHNOLOGY INC.,스파이어테크놀로지, ,강군화,기타법인,110111-1577076,214-86-25531,경기도 성남시 분당구 판교로228번길 15 판교세븐벤처밸리 1단지 3동 7층,www.spiretech.co.kr,,"컴퓨터 프로그래밍, 시스템 통합 및 관리업",1998-09-01,12월
스파크엔터테인먼트주식회사,spark entertainment,스파크엔터테인먼트, ,최진혁,기타법인,180111-0570671,617-81-63442,부산광역시 해운대구 중동 1554 아크로뷰 508, ,,영화관 운영업,2006-10-19,12월
주식회사 스패로우,"Sparrow Co., Ltd.",스패로우, ,장일수,기타법인,110111-6743143,588-81-01022,"서울특별시 마포구 월드컵북로 396 (상암동, 누리꿈스퀘어) 비즈니스타워 13층",sparrowfasoo.com,,응용 소프트웨어 개발 및 공급업,2018-05-08,12월
(주)스펀지엔터테인먼트,"SPONGE ENTERTAINMENT Co., Ltd.",스펀지엔터테인먼트, ,이상목,기타법인,110111-2941189,211-87-44477,서울특별시 강남구 신사동 655-8 포스탐빌딩 6층, ,,음악 및 기타 오디오물 출판업,2004-01-26,12월
(주)스페이스다이브게임즈,spacedivegames,스페이스다이브게임즈, ,소현호,기타법인,110111-6559847,708-87-00895,"서울특별시 강남구 테헤란로 218 (역삼동, APTower(에이피타워))", ,,유선 온라인 게임 소프트웨어 개발 및 공급업,2017-11-06,12월
주식회사 스페이스리버,"Space River Co.,Ltd.",스페이스리버, ,황보순,기타법인,124411-0199671,198-81-00984,"서울특별시 강서구 공항대로 168 (마곡동, 747) 12층 1207호", ,,시스템 소프트웨어 개발 및 공급업,2017-09-14,12월
(주)스페이스링크,SpaceLink Corporation,스페이스링크, ,양희식,기타법인,110111-1423534,229-81-27797,서울특별시 구로구 구로3동에이스테크노5차 509호,www.spacelink.co.kr,,컴퓨터시스템 통합 자문 및 구축 서비스업,1997-06-07,12월
(주)스페이스솔루션,SPACE SOLUTION INC.,스페이스솔루션,245030,손민선,기타법인,110111-2697609,119-81-62575,"서울특별시 금천구 디지털로9길 33 (가산동, IT미래TOWER) 1903호",www.spacesolution.kr,,소프트웨어 개발 및 공급업,2003-01-17,12월
(주)스페이스인포테크,SPACE InfoTech Inc.,스페이스인포테크, ,김형근,기타법인,110111-1764219,211-86-56054,서울특별시 강남구 논현동 203 거평타운B동 5층,www.itwell.com,,시스템 소프트웨어 개발 및 공급업,1999-09-04,12월
스페이스 타임(주),space Time,스페이스타임, ,최무영,기타법인,110111-1219272,214-81-98403,서울특별시 서초구 양재동 16-6호 스페이스타임 빌딩,www.ako.net,,시스템 소프트웨어 개발 및 공급업,1996-01-08,12월
(주)스펙업애드,SPECUP AD,스펙업애드, ,박찬현,기타법인,110111-4601062,105-87-57696,"서울특별시 강남구 역삼로 114 (역삼동, 현죽빌딩) 11층", ,,일반 서적 출판업,2011-05-19,12월
주식회사 스펙트라,SPECTRA INC.,스펙트라, ,심성훈,기타법인,110111-1660764,220-81-59157,"서울특별시 서초구 반포대로27길 16 3층(서초동,파크빌딩)",www.spectra.co.kr,,응용 소프트웨어 개발 및 공급업,1999-03-09,12월
(주)스펜오컴,SPENOCOM.CO.LTD,스펜오컴, ,정성기,기타법인,110111-1700817,120-81-89370,서울특별시 영등포구 가마산로 343 (대림동) 콤텍빌딩 6층,www.speno.co.kr/,,시스템 소프트웨어 개발 및 공급업,1999-05-20,12월
(주)스포츠뱅크코리아,"Sports Bank Korea co., Ltd",스포츠뱅크코리아, ,여해규,기타법인,110111-1745574,220-81-65019,서울특별시 영등포구 당산동6가 297번지 유상빌딩2층,www.ssbb.co.kr,,데이터베이스 및 온라인정보 제공업,1999-07-31,12월
(주)스포츠서울,"The Sports Seoul Co., Ltd.",스포츠서울,039670,"이장혁, 이존백 (각자 대표이사)",기타법인,110111-1840928,104-81-48945,"서울특별시 중구 삼일대로6길 5 11층(충무로2가, 조양빌딩신관)",www.sportsseoul.com,,신문 발행업,1999-12-30,03월
주식회사 스포츠서울데일리,"The Sports Seoul Daily Co., Ltd.",스포츠서울데일리, ,김학균,기타법인,110111-4006949,107-87-14975,서울특별시 영등포구 문래동3가 에이스하이테크시티 1-5,www.sportsseoul.com,,신문 발행업,2008-12-01,12월
주식회사 스포츠이즈,sportsis,스포츠이즈, ,오상준,기타법인,110111-1923047,214-86-53487,서울특별시 서초구 양재동 392-6 진빌딩6층,sportsis.com,,데이터베이스 및 온라인정보 제공업,2000-03-29,01월
(주)스포츠조선,THE SPORTS CHOSUN,스포츠조선, ,"방성훈, 방준식",기타법인,110111-0665260,104-81-24701,"서울특별시 양천구 목동동로 233-1 (목동, 드림타워 20층)",sports.chosun.com/,,신문 발행업,1989-12-21,12월
스포츠토토온라인(주),"SPORTSTOTO ONLINE Co.,Ltd",스포츠토토온라인, ,"오일호, 조경민",기타법인,110111-2905309,211-87-42090,서울특별시 강남구 논현동 91-6,www.betman.co.kr,,데이터베이스 및 온라인정보 제공업,2003-11-29,12월
스포츠투데이미디어(주),Sportstodaymidea,스포츠투데이미디어, ,오규식,기타법인,110111-2110297,107-81-92116,서울특별시 영등포구 여의도동 12번지,www.stoo.com,,신문 발행업,2000-11-24,12월
스포츠투아이(주),SPORTS2I.CO.LTD,스포츠투아이, ,이기주,기타법인,110111-1825102,211-86-88712,"경기도 성남시 분당구 벌말로50번길 41 (야탑동, 투아이센터)6층",www.sports2i.com,,데이터베이스 및 온라인정보 제공업,1999-12-09,12월
(주) 스포티비,"SPOTV Co., Ltd.",스포티비, ,홍원의,기타법인,110111-3927998,220-87-69074,"서울특별시 마포구 월드컵북로56길 12 (상암동, TrutecBuilding) 5층",www.spotv.net/,,프로그램 공급업,2008-07-03,12월
스포티파이코리아 주식회사,"Spotify Korea, Ltd.",스포티파이코리아, ,피터그란델리우스,기타법인,110111-7350921,204-87-01387,"서울특별시 서초구 강남대로 373 18층 (서초동, 홍우빌딩)", ,,그 외 기타 정보 서비스업,2020-01-08,12월
주식회사 스포피드,"SPOFEED Co.,Ltd",스포피드, ,"이상연, 김홍민",기타법인,110111-5225142,264-81-21573,"서울특별시 강남구 학동로 206 (논현동, 동화빌딩) 2층",www.spolive.com,,게임 소프트웨어 개발 및 공급업,2013-09-12,12월
주식회사 스폰지이엔티,SPONGE ENT,스폰지이엔티, ,조은운,기타법인,110111-3025552,114-86-36965,서울특별시 강남구 신사동 600-4 계진빌딩 6층, ,,"영화, 비디오물, 방송프로그램 제작 및 배급업",2004-06-07,12월
주식회사 스푼랩스,spoonlabs,스푼랩스, ,최혁재,기타법인,110111-5134319,211-88-94896,"서울특별시 강남구 테헤란로4길 14 (역삼동, 미림타워) 13층",https://www.spoonlabs.com/kr/,,응용 소프트웨어 개발 및 공급업,2013-05-13,12월
주식회사 스프링워크,"Springwalk, Inc.",스프링워크, ,이주희,기타법인,131111-0300986,129-86-70742,경기도 성남시 분당구 판교원로117번길 4 지하1층(운중동),www.springwalk.net,,소프트웨어 개발 및 공급업,2012-01-02,12월
(주)스프링웨이브,"Springwave Co.,Ltd.",스프링웨이브, ,이이철,기타법인,131111-0054591,129-81-38301,경기도 성남시 분당구 대왕판교로 660 USPACE1차 B동 703호 (삼평동),www.springwave.co.kr,,시스템 소프트웨어 개발 및 공급업,2000-11-07,12월
주식회사 스프링클라우드,SpringCloud Inc.,스프링클라우드, ,송영기,기타법인,134511-0327640,155-88-00685,"대구광역시 수성구 알파시티1로 160 (대흥동, SW융합테크비즈센터) 307호", ,,응용 소프트웨어 개발 및 공급업,2017-07-06,12월
(주)스피드로,Speedro Co. Ltd,스피드로, ,황병하,기타법인,110111-1864217,106-81-85683,서울특별시 중구 충무로3가 60-1 극동빌딩19층,http://www.speedro.net,,그 외 기타 전기 통신업,2000-01-27,12월
스피아소프트 주식회사,SPEARSOFT Corp.,스피아소프트, ,이석호,기타법인,120111-1186966,249-86-02704,"인천광역시 연수구 센트럴로 263 24층 2446호 (송도동, 송도국제업무단지C8-2블럭업무복합시설)", ,,모바일 게임 소프트웨어 개발 및 공급업,2021-10-27,12월
(주)스피어코퍼레이션,Sphere Corp.,스피어,347700,최광수,코스닥시장,110111-4969189,120-87-88602,서울특별시 강남구 삼성로95길 27 3층,spherecorp.kr/,,응용 소프트웨어 개발 및 공급업,2012-09-26,12월
주식회사 스피어에이엑스,"WOOKYOUNG INFORMATION TECHNOLOGY CO., LTD.",스피어에이엑스, ,박윤하,기타법인,170111-0367814,502-81-98620,대구광역시 수성구 알파시티1로31길 24-5 (대흥동) 스피어AX빌딩,www.wkit.co.kr,,시스템 소프트웨어 개발 및 공급업,2008-12-10,12월
스피어헤드,SPEARHEAD,스피어헤드, ,박인엽,기타법인,110111-1946320,215-81-90495,서울특별시 송파구 삼전동 181-6 해광빌딩 508호,www.spearhead.co.kr,,시스템 소프트웨어 개발 및 공급업,2000-04-20,12월
스피타 주식회사,SPITHA INC.,스피타, ,박성빈,기타법인,110111-8373154,152-86-02939,서울특별시 용산구 대사관로 43 3층 (한남동), ,,시스템 소프트웨어 개발 및 공급업,2022-07-21,12월
주식회사 스핏,"SPIT Co., Ltd.",스핏, ,최종호,기타법인,110111-2735615,120-86-49674,서울특별시 강남구 대치4동 923-8 제일빌딩 2층,www.sp-it.co.kr,,컴퓨터시설 관리업,2003-03-12,12월
(주)슬링샷스튜디오,"Slingshot Studios Co., Ltd",슬링샷스튜디오, ,강보영,기타법인,110111-7067914,219-88-01445,"서울특별시 마포구 상암산로 34 22층 (상암동, 디지털큐브)", ,,방송 프로그램 제작업,2019-05-15,12월
(주) 시공사,Sigongsa,시공사, ,"조윤성, 윤호권",기타법인,110111-0612287,214-81-33375,"서울특별시 성동구 광나루로 172 4층 (성수동1가, 린하우스)",www. sigongsa. com,,서적 출판업,1989-02-27,12월
주식회사 시그널리포트,SIGNAL REPORT Inc,시그널리포트, ,김효현,기타법인,110111-6455673,764-88-00854,경기도 양평군 양서면 복개길5번길 40-21 1층 (국수리), ,,데이터베이스 및 온라인정보 제공업,2017-07-10,12월
시나이미디어(주),sinai media co.ltd,시나이미디어, ,"이동윤, 김영훈",기타법인,110111-1157365,120-81-50399,서울특별시 중구 남대문로4가 상공회의소회관 9층,www.sinaimedia.com,,기타 정보기술 및 컴퓨터운영 관련 서비스업,1995-05-12,12월
(주)시냅스엠,SCENAPPSM inc.,시냅스엠,246830,김덕조,기타법인,110111-3389586,220-87-23442,"서울특별시 강남구 학동로 318(논현동, 유경빌딩)",www.scenappsm.com,,포털 및 기타 인터넷 정보매개 서비스업,2006-01-27,12월
(주)시너지미디어,SYNERGYMEDIA INC.,시너지미디어, ,강유신,기타법인,110111-2588882,114-86-21195,"서울특별시 마포구 성암로 330 (상암동, DMC첨단산업센터)",www.synergymedia.co.kr/,,"영화, 비디오물 및 방송프로그램 제작 관련 서비스업",2002-08-14,12월
시너지온,SYNERGION,시너지온, ,김완호,기타법인,110111-9045356,234-81-11716,"서울특별시 서초구 반포대로 13 (서초동, 아이티센빌딩)",www.synergion.co.kr,,소프트웨어 개발 및 공급업,2024-09-01,12월
(주)시너지티비,synergytv,시너지티비, ,이상옥,기타법인,110111-5651157,464-88-00013,"서울특별시 구로구 디지털로30길 28 (구로동, 마리오타워)1213호",www.synergytv.co.kr,,정보서비스업,2015-03-03,12월
주식회사 시너지하우스,Synergy house Co. Ltd,시너지하우스, ,이정민,기타법인,110111-3775470,105-87-14310,서울특별시 마포구 서교동 466 ~490 483-36번지,www.daisybnp.co.kr,,"영화, 비디오물 및 방송프로그램 배급업",2007-10-24,12월
(주)시네라인-투,CINELINE TWO,시네라인-투, ,석명홍,기타법인,110111-1979454,201-81-57459,서울특별시 강남구 역삼동 681-17 소프트파워빌딩 3층, ,,일반 영화 및 비디오물 제작업,2000-05-26,12월
시네마 박스(주),sinema box,시네마박스, ,윤권엽,기타법인,110111-3223106,220-87-08887,서울특별시 강남구 포이동 218 우창빌딩 5층, ,,광고 영화 및 비디오물 제작업,2005-05-09,12월
주식회사 시네마비와이,"Cinema BY Co., Ltd.",시네마비와이, ,박찬복,기타법인,165011-0069568,713-87-01519,충청남도 당진시 시청2로 49-19 (수청동) 801호, ,,영화관 운영업,2020-09-30,12월
(주)시네마서비스,"CINEMA SERVICE CO.,LTD",시네마서비스, ,김정상,기타법인,110111-3022516,201-81-87424,서울특별시 중구 주자동 43-1 흥국빌딩 5층,kds@cinemaservice.com,,일반 영화 및 비디오물 제작업,2004-06-01,12월
주식회사시네마서비스,"Cinema Seruice Co., Ltd.",시네마서비스, ,김정상,기타법인,110111-0948137,102-81-35895,서울특별시 중구 주자동 43-1 흥국빌딩 5층,www.cinemaseruice.com,,일반 영화 및 비디오물 제작업,1993-06-08,12월
(주)시네마지,cinemag ,시네마지, ,공창원,기타법인,110111-2336231,214-86-91138,서울특별시 서초구 서초동 1317-20, ,,영화관 운영업,1995-08-01,12월
시네마튜브,CINEMA TUBE,시네마튜브, ,황우현,기타법인,110111-2052788,211-86-65403,서울특별시 강남구 신사동 523-5 청암빌딩 2~4층,http://www.tube-pictures.co.kr,,일반 영화 및 비디오물 제작업,2000-08-21,12월
주식회사 시네마허브,CINEMA HUB,시네마허브, ,윤종호,기타법인,110111-5111945,211-88-93562,"서울특별시 서초구 신반포로45길 9-26 4층 (잠원동, 은정빌딩)", ,,일반 영화 및 비디오물 제작업,2013-04-16,12월
시네온티브이 주식회사,Cineontv,시네온티브이, ,안승현,기타법인,110111-2673071,220-86-53575,"서울특별시 성동구 광나루로6길 20 (성수동2가, 이글타운아파트형공장) 703호", ,,프로그램 공급업,2002-12-13,12월
(주)시네픽스,Cinepix Inc.,시네픽스, ,황경준,기타법인,110111-1470105,211-86-25186,서울특별시 강남구 대치동 1009-1 한국토지공사 서울지사6층,www.cinepix.co.kr,,애니메이션 영화 및 비디오물 제작업,1997-10-20,12월
시노조익(주),"Cenozoic Co.,Ltd",시노조익, ,김성민,기타법인,110111-1409683,211-86-21588,서울특별시 서초구 서초동 1699-1 서원빌딩7층,http://www.joy-land.com,,게임 소프트웨어 개발 및 공급업,1997-05-06,03월
(주)시높시스 코리아,Synopsys Korea lnc.,시높시스코리아, ,최세열,기타법인,110111-0863806,220-81-07848,서울특별시 강남구 역삼동 736-1 한솔빌딩 19층,www.synopsys.com,,기타 정보기술 및 컴퓨터운영 관련 서비스업,1992-06-10,10월
유한회사 시높시스코리아,"Synopsys Korea, Inc.",시높시스코리아, ,소경신,기타법인,110114-0031895,220-81-96846,"경기도 성남시 분당구 판교역로 235 (삼평동, 에이치스퀘어엔동) 5층 501호", ,,시스템 소프트웨어 개발 및 공급업,1992-06-10,10월
주식회사 시니스트,SHINEST Corporation ,시니스트, ,신경태,기타법인,120111-0931578,642-88-00909,서울특별시 강남구 학동로9길 33 시니스트빌딩(논현동), ,,시스템ㆍ응용 소프트웨어 개발 및 공급업,2018-04-11,12월
(주)시대고시기획시대교육,Sidaegosi Publishing Corporation,시대고시기획시대교육, ,박영일,기타법인,110111-4504927,105-87-52478,"서울특별시 마포구 큰우물로 75 6층(도화동, 성지빌딩)",www.sdedu.co.kr,,교과서 및 학습서적 출판업,2011-01-01,12월
(주)시드코어,"SEEDCORE CO.,LTD",시드코어, ,박기준,기타법인,160111-0240377,314-81-97359,"대전광역시 유성구 유성대로1628번길 37-17 (전민동, (주)시드코어)",www.seedcore.co.kr,,시스템 소프트웨어 개발 및 공급업,2008-04-07,12월
시만텍코리아 주식회사,Symantec Korea Ltd,시만텍코리아, ,정경원,기타법인,110111-1401861,120-81-72660,서울특별시 강남구 역삼동 737 강남파이낸스센터 빌딩 28층,www.symantec.com,,시스템 소프트웨어 개발 및 공급업,1997-04-14,03월
(주)시맨틱스,SEMANTICS,시맨틱스, ,조광현,기타법인,110111-3433458,120-87-00080,충청남도 천안시 서북구 직산읍 삼은리 511 충남테크노파크영상미디어센터,www.semantics.co.kr,,포털 및 기타 인터넷 정보매개 서비스업,2006-04-05,12월
(주)시머스,"SIMUS Technologies,Inc",시머스, ,강호신,기타법인,110111-1904120,220-81-80169,서울특별시 강남구 역삼동 708-33 파라다이스벤처타워 201호,www.simus.net,,시스템 소프트웨어 개발 및 공급업,2000-03-14,12월
(주)시메트릭스페이스,SYMMETRIC SPACE,시메트릭스페이스, ,고강일,기타법인,110111-3390327,120-86-92360,서울특별시 강남구 역삼1동 694-12 명일빌딩 2층, ,,게임 소프트웨어 개발 및 공급업,2006-02-07,12월
시민사회신문사,The corean civil-society times,시민사회신문사, ,설동본,기타법인,110111-3646085,105-87-07798,서울특별시 마포구 서교동 354-14 3층,www.ingopress.com,,신문 발행업,2007-03-15,12월
시민행복서비스(주),Citizen Happinness Service Co.ltd,시민행복서비스, ,김장훈,기타법인,110111-7041231,539-86-01379,"서울특별시 강남구 언주로 609 A동 2층 2호(논현동, 팍스타워)", ,,기타 정보기술 및 컴퓨터운영 관련 서비스업,2019-03-13,12월
(주)시사저널사,sisajournal.co.ltd,시사저널사, ,권대우,기타법인,110111-1782443,104-81-47645,"서울특별시 용산구 한강대로43길 5 (한강로2가, 서울문화사일요신문사)", ,,잡지 및 정기간행물 발행업,1999-10-04,12월
주식회사 시사피엔씨,"mbu.inc.,",시사피엔씨, ,우동호,기타법인,110111-0657051,102-81-31545,서울특별시 종로구 종로2가 56-15,없음,,서적 출판업,1989-11-02,12월
(주)시선에이아이,"SECERN AI Co., Ltd.",시선AI,340810,남운성,코스닥시장,110111-4361161,120-87-55358,서울특별시 강남구 테헤란로22길 12,http://www.cubox.ai,,시스템 소프트웨어 개발 및 공급업,2010-05-31,12월
주식회사시스게이트,"SysGATE Co., Ltd",시스게이트, ,홍성완,기타법인,135311-0003863,138-81-20877,경기도 과천시 별양동 교보빌딩 7층, ,,기타 정보기술 및 컴퓨터운영 관련 서비스업,1999-08-11,12월
주식회사 시스네트,"SISNET.CO.,LTD",시스네트, ,한남섭,기타법인,110111-3503558,119-81-91411,서울특별시 금천구 벚꽃로 278 SJ테크노빌 1409호 (가산동),www.sisnet.co.kr,,컴퓨터시스템 통합 자문 및 구축 서비스업,2006-08-02,12월
(주)시스넷,CISSNET CO,시스넷, ,배문열,기타법인,230111-0059070,620-81-19660,울산광역시 남구 무거2동 울산대학교울산창업보육센타305호,www.cissnet.co.kr,,데이터베이스 및 온라인정보 제공업,1999-07-23,12월
(주)시스원,SysOne. Co Ltd,시스원, ,"이상훈, 서일종",기타법인,110111-0327018,106-81-17749,서울특별시 강서구 마곡중앙14로 26 (마곡동),www.sysone.co.kr,,컴퓨터시스템 통합 자문 및 구축 서비스업,1982-10-15,12월
주식회사 시스윈로보틱스,"Syswin Robotics, Inc.",시스윈로보틱스, ,유완옥,기타법인,110111-3101659,214-87-60554,경기도 화성시 동탄기흥로 64-4 (방교동),www.syswin.co.kr,,시스템 소프트웨어 개발 및 공급업,2004-10-20,12월
(주)시스케이블코리아,syscable korea inc.,시스케이블코리아, ,성창엽,기타법인,110111-3648304,212-81-79040,"서울특별시 송파구 법원로11길 11 B동 1507,1508 (문정동, 문정현대지식산업센터1)",www.syscable.co.kr,,"컴퓨터 프로그래밍, 시스템 통합 및 관리업",2007-03-29,03월
주식회사 시스포유,SYSFORU INC.,시스포유, ,장상훈,기타법인,110111-3455395,211-87-81598,서울특별시 강남구 삼성동 129-10 3층,www.sysforu.co.kr,,시스템 소프트웨어 개발 및 공급업,2006-05-11,12월
주식회사 시스폴리오,"Sysfolio Co.,Ltd",시스폴리오, ,유재종,기타법인,110111-2875528,105-86-59775,서울특별시 영등포구 여의도동 44-2 태양빌딩 905, ,,시스템 소프트웨어 개발 및 공급업,2003-10-01,12월
주식회사 시어스랩,SeersLab Inc.,시어스랩, ,정진욱,기타법인,110111-5423267,105-88-03237,"서울특별시 서초구 강남대로 315 2층 (서초동, 파이낸셜뉴스빌딩)",www.seerslab.com/,,컴퓨터 프로그래밍 서비스업,2014-05-21,12월
(주)시엔엠코리아,(주)CNMKOREA,시엔엠코리아, ,"박승희, 김정욱",기타법인,110111-1692197,118-81-20494,서울특별시 금천구 가산동 371∼716, ,,시스템 소프트웨어 개발 및 공급업,1999-05-04,12월
주식회사 시엘에스,"CLS CO.,Ltd.",시엘에스, ,황선복,기타법인,110111-8652946,361-86-03075,"서울특별시 마포구 상암산로 82 (상암동, SBS프리즘타워) 14층", ,,"영화, 비디오물 및 방송프로그램 배급업",2023-06-01,12월
주식회사 시우컴퍼니,SIWOO COMAPANY,시우컴퍼니, ,이응복,기타법인,284911-0157238,747-81-00511,"경기도 파주시 금빛로 44-1 (금촌동, 힘찬프라자) 504호", ,,"영화, 비디오물 및 방송프로그램 제작 관련 서비스업",2016-08-17,12월
시이오랭킹닷컴 주식회사,CEORANKING DOTCOM Inc.,시이오랭킹닷컴, ,한상희,기타법인,110111-5781087,166-86-00167,"서울특별시 서초구 사임당로 34 601호 (서초동, 대하빌딩)",www.ceoranking.com,,포털 및 기타 인터넷 정보매개 서비스업,2015-08-15,12월
주식회사 시즐,SIZL,시즐, ,이지현,기타법인,110111-6140480,204-88-00482,"경기도 안양시 동안구 벌말로102번길 49 (관양동, 안양스마트베이2)",www.sizl.co.kr,,컴퓨터 프로그래밍 서비스업,2016-08-04,12월
시지테크, ,시지테크, ,이연주,기타법인,180111-0211952, ,부산광역시 해운대구 재송1동 509-20 향기빌딩 5층, ,,시스템 소프트웨어 개발 및 공급업, ,12월
(주)시큐레이어,"SecuLayer Co., Ltd",시큐레이어, ,전주호,기타법인,110111-4785915,214-88-90415,"서울특별시 성동구 성수이로10길 14 1202호(성수동2가,에이스하이엔드성수타워)",www.seculayer.co.kr,,소프트웨어 개발 및 공급업,2012-02-01,12월
시큐레터 주식회사,"SecuLetter Co., Ltd.",시큐레터,418250,정동진,코스닥시장,120111-0780818,459-88-00248,"경기도 성남시 수정구 금토로80번길 11, 14층 1401호 &nbsp",www.seculetter.com/,,시스템 소프트웨어 개발 및 공급업,2015-09-10,12월
시큐리티플랫폼 주식회사,Securityplatform Inc.,시큐리티플랫폼, ,황수익,기타법인,110111-5751973,365-88-00109,"대구광역시 동구 동대구로 523 3층 378호 신천동, 금수강산빌딩 (신천동)",www.securityplatform.co.kr/,,시스템 소프트웨어 개발 및 공급업,2015-07-01,12월
주식회사 시큐리티허브,"SECURITYHUB Co., Ltd",시큐리티허브, ,이경빈,기타법인,110111-5532513,104-86-57148,"서울특별시 강남구 테헤란로 329 8층 (역삼동, 삼흥빌딩)",www.securityhub.co.kr/,,시스템 소프트웨어 개발 및 공급업,2014-10-07,12월
(주)시큐브,"SECUVE Co., Ltd.",시큐브,131090,이규호,코스닥시장,131111-0047447,129-81-33306,"서울특별시 구로구  디지털로26길 111 JnK디지털타워 801,802,803호",www.secuve.com,,시스템 소프트웨어 개발 및 공급업,2000-03-23,12월
(주)시큐아이,SECUi Corp.,시큐아이, ,정삼용,기타법인,110111-1912503,220-81-81057,"서울특별시 종로구 종로 51 (종로2가, 종로타워)3,5,6층 (주)시큐아이",www.secui.com,,시스템 소프트웨어 개발 및 공급업,2000-03-20,12월
(주)시큐어소프트,SecureSoft Inc.,시큐어소프트,037060,이재간,기타법인,110111-1347859,116-81-62431,서울특별시 동대문구 신설동 97-8 베르빌 8층,www.securesoft.co.kr,,시스템 소프트웨어 개발 및 공급업,1996-12-02,12월
주식회사 시큐어원,SECUREONE CO. LTD,시큐어원, ,이상훈,기타법인,110111-3170919,106-86-34189,"서울특별시 용산구 한강대로98길 3 (갈월동, KCCIT빌딩)",www.secureone.co.kr,,"컴퓨터시스템 통합 자문, 구축 및 관리업",2005-02-20,12월
(주)시큐에버,secuever,시큐에버, ,"변혜진, 이준엽",기타법인,110111-4045286,215-87-23270,서울특별시 송파구 오금로36길 68 (가락동) 서관5층,secuever.com,,시스템 소프트웨어 개발 및 공급업,2009-02-17,12월
(주)시크릿뱅크넷,secret bank,시크릿뱅크넷, ,박종천,기타법인,110111-1913189,119-81-36683,서울특별시 관악구 신림4동 526-6 중앙빌딩 4층,http://www.secretbank.net,,컴퓨터시스템 통합 자문 및 구축 서비스업,2000-03-20,12월
주식회사 시크먼트 ,Chicment Co. Ltd,시크먼트, ,류진혁,기타법인,200111-0348586,409-86-31664,"광주광역시 서구 화운로 24 (화정동, 유니버시아드힐스테이트3단지) 상가 4동 103호", ,,그 외 기타 정보 서비스업,2012-07-31,12월
(주)시터스,CITUS,시터스, ,이준표,기타법인,110111-1878896,220-81-78208,서울특별시 금천구 가산동 SJ테크노빌 1505호, ,,시스템 소프트웨어 개발 및 공급업,2000-02-15,12월
(주)시티넷, ,시티넷, ,윤준호,기타법인,110111-1391856,211-86-20556,서울특별시 서초구 잠원동 35-33 유광빌딩 203호, ,,유선 통신업, ,12월
(주)시티미디어,"citymedia.co.,LTD",시티미디어, ,조충연,기타법인,110111-3592212,206-86-12919,서울특별시 종로구 신문로1가 58-1 구세군회관3층,www.citydaily.co.kr,,신문 발행업,2007-01-04,12월
주식회사 시프트,-,시프트, ,이철호,기타법인,110111-6336162,764-81-00613,서울특별시 서초구 반포대로27길 16 (서초동) 파크빌딩 7층, ,,정보서비스업,2017-03-09,12월
(주)시프트업,SHIFT UP Corporation.,시프트업,462870,김형태,유가증권시장,110111-5281897,230-81-03325,서울특별시 서초구 서초대로77길 55,shiftup.co.kr,,모바일 게임 소프트웨어 개발 및 공급업,2013-12-02,12월
식신주식회사,SIKSIN ,식신, ,안병익,기타법인,110111-4350065,214-88-59748,서울특별시 강남구 테헤란로10길 8 (역삼동) 9층, ,,응용 소프트웨어 개발 및 공급업,2010-05-13,12월
(주) 신나라뮤직,"SYNNARA MUSIC CO.,LTD",신나라뮤직, ,정문교,기타법인,115611-0007756,128-81-11861,경기도 파주시 월롱면 영태리 770-2,WWW.SYN-NARA.COM,,녹음시설 운영업,1992-05-01,12월
(주)신바람리츠,ShinbaramReits.co,신바람리츠, ,맹완호,기타법인,110111-1742330,213-86-40752,서울특별시 강남구 논현동 158 해림빌딩 2층,http://www.Shibaram.com,,시스템 소프트웨어 개발 및 공급업,1999-07-26,12월
주식회사신성정보기술,"Shinsung Information Technology Co., Ltd.",신성정보기술, ,김도헌,기타법인,230111-0063211,610-81-40263,울산광역시 남구 신정3동 울산상공회의소 1층,http://www.ssit.co.kr,,시스템 소프트웨어 개발 및 공급업,2000-01-24,12월
(주)신세계아이앤씨,SHINSEGAE INFORMATION & COMMUNICATION Inc.,신세계I&C,035510,양윤지,유가증권시장,110111-1408867,201-81-20549,"서울특별시 강남구 테헤란로 231 이스트 24층(역삼동, 센터필드)",www.shinsegae-inc.com,,컴퓨터시스템 통합 자문 및 구축 서비스업,1997-04-29,12월
주식회사 신세계페이먼츠,Shinsegae Payments Inc.,신세계페이먼츠, ,최우정,기타법인,110111-5209196,104-86-50432,"서울특별시 중구 퇴계로 100 20층(회현동2가, 스테이트타워 남산)",www.ssgpg.com,,컴퓨터 프로그래밍 서비스업,2013-08-21,12월
(주)신세기엔터프라이즈,"New Century Enterprise Co., Ltd.",신세기엔터프라이즈, ,안장환,기타법인,110111-1485146,214-86-20026,서울특별시 강남구 삼성동 162-1,www.vdoguide.com,,"영화, 비디오물 및 방송프로그램 배급업",1997-11-17,01월
주식회사신세기통신,Shinsegi Telecom.Inc,신세기통신, ,김대기,기타법인,110111-1033846,202-81-52156,서울특별시 중구 을지로1가 16,www.shinsegi.com,,무선 및 위성 통신업,1994-05-02,12월
(주)신신엠앤씨,SINSINMNC,신신엠앤씨, ,황상필,기타법인,170111-0392829,504-81-84781,대구광역시 북구 침산남로9길 20 신신빌딩 4층(침산동),www.16882298.com,,컴퓨터 프로그래밍 서비스업,2009-12-18,12월
(주)신씨네,"Shincine Communications co.,ltd",신씨네, ,신철,기타법인,110111-0872930,208-81-12924,"경기도 성남시 분당구 판교역로 109 에이동2층258호(백현동, SKHUB오피스텔)",www.shincine.com,,일반 영화 및 비디오물 제작업,1992-07-28,06월
신우프레스 (주),SW PRESS CO LTD,신우프레스, ,김현수,기타법인,115611-0012903,128-81-27437,"경기도 파주시 방촌로396번길 48-7 (맥금동, 신우프레스(주))",www.swpress.co.kr,,서적 출판업,1997-01-21,12월
주식회사 신원,shinwon,신원, ,정관우,기타법인,206211-0074795,251-81-01979,전라남도 여수시 만성로 294 (만흥동), ,,일반 영화 및 비디오물 제작업,2020-05-13,12월
신원정보기술주식회사,Bankorea.com co.,신원정보기술, ,김갑수,기타법인,180111-0271766,621-81-32045,부산광역시 사상구 모라3동 신모라공단 5층,http://www.sitec.co.kr,,시스템 소프트웨어 개발 및 공급업,1998-11-27,12월
(주)신지소프트,SINJISOFTCorporation,신지소프트,078700,강근호,기타법인,110111-1916836,105-86-09765,서울특별시 용산구 한남동 123번지 고뫄스빌딩 5층 ,www.sinjisoft.com,,시스템 소프트웨어 개발 및 공급업,2000-03-28,12월
(주)신테카바이오,"SyntekaBio,Inc.",신테카바이오,226330,정종선,코스닥시장,110111-4179457,105-87-35732,대전광역시 유성구 국제과학17로 18 -,www.syntekabio.com,,소프트웨어 개발 및 공급업,2009-09-15,12월
주식회사 신텔정보통신,"CinTel Co.,Ltd",신텔정보통신, ,김진환,기타법인,110111-1423675,105-81-87693,서울특별시 강남구 신사동 578∼587 대동빌딩 9층, ,,시스템 소프트웨어 개발 및 공급업,1997-06-07,12월
(주)신한디에스,SHINHAN DS,신한디에스, ,YI SUNNY(이성용),기타법인,110111-0775960,110-81-34825,"서울특별시 중구 남대문로10길 29 (삼각동, 신한은행백년관)",www.shinhands.co.kr,,컴퓨터시스템 통합 자문 및 구축 서비스업,1991-05-13,12월
(주)실리몬스터,Silly Monster Korea,실리몬스터, ,이정호,기타법인,110111-2771247,107-86-34289,서울특별시 서초구 방배동 765-1 조일빌딩 5층,www.sillymonster.com,,게임 소프트웨어 개발 및 공급업,2003-05-01,12월
(주)실버리아,Hyunsong Infocom,실버리아, ,유도곤,기타법인,110111-1828479,107-81-74234,서울특별시 구로구 구로5동 544-1 용마빌딩 202호,http://www.silveria.co.kr,,데이터베이스 및 온라인정보 제공업,1999-12-15,12월
실크우드 주식회사,SILKWOOD,실크우드, ,김한양,기타법인,110111-5639046,769-86-00011,"서울특별시 중구 동호로 195-15 (신당동, 110빌딩) 3,4층", ,,방송 프로그램 제작업,2015-02-10,12월
(주)심네트,"SIMNET Co.Ltd.,",심네트, ,차진섭,기타법인,115911-0021594,128-81-38443,"대전광역시 유성구 죽동로 157 (죽동, 심네트)", ,,시스템 소프트웨어 개발 및 공급업,1999-03-19,12월
(주)심마니,simmani Inc,심마니, ,손승현,기타법인,110111-1529358,106-81-72437,서울특별시 강남구 논현동 98 동익빌딩 2층,www.simmani.com,,데이터베이스 및 온라인정보 제공업,1998-03-30,12월
(주)심바이커뮤니티,"SYMBI COMMUNITY CO., LTD.",심바이커뮤니티, ,조승래,기타법인,110111-1959224,114-81-98480,서울특별시 서초구 반포1동 747-14 유성빌딩 402호,symbi.co.kr,,데이터베이스 및 온라인정보 제공업,2000-05-03,12월
주식회사 심슨영어사,Shimson English Lab corp.,심슨영어사, ,김선아,기타법인,110111-4470433,106-86-75180,"서울특별시 동작구 양녕로 264 (상도1동, 동은빌딩) 동은빌딩 3층", ,,교과서 및 학습서적 출판업,2010-11-15,03월
(주)심플랫폼,"Simplatform Co., Ltd.",심플랫폼,444530,"임대근, 강태신",코스닥시장,110111-4739730,120-87-75830,"서울특별시 금천구 가산디지털1로 226, 2003호",simplatform.com/,https://www.simplatform.com/ko/ir/ir-materials.html,응용 소프트웨어 개발 및 공급업,2011-11-30,12월
싱가폴텔레콤코리아주식회사,Singapore Telecom Korea Limited,싱가폴텔레콤코리아, ,림셍콩,기타법인,110111-1715163,116-81-74581,"서울특별시 강남구 영동대로 511 (삼성동, 트레이드타워) 3501호",www.singtel.com,,그 외 기타 전기 통신업,1999-06-16,03월
주식회사 싱글티브이,Singletv,싱글티브이, ,안승현,기타법인,110111-5346518,120-88-09088,"서울특별시 강남구 테헤란로70길 14-6 (대치동, 세왕종합상사빌딩) 843호", ,,프로그램 공급업,2014-02-21,12월
(주)싸이더스,Sidus Corporation,싸이더스, ,"김형순, 홍성호",기타법인,110111-1185803,211-86-37606,"서울특별시 강남구 도산대로 128 (논현동, 국민연금강남회관) 7층",www.sidus.com,,일반 영화 및 비디오물 제작업,1995-08-10,12월
주식회사 싸이런픽쳐스,Siren Pictures Inc.,싸이런픽쳐스, ,김지연,기타법인,285011-0208517,128-86-68073,"경기도 고양시 일산동구 호수로 662 (장항동, 삼성라끄빌) 1541호",해당사항 없음,,일반 영화 및 비디오물 제작업,2011-12-12,12월
(주)싸이렌엔터테인먼트,"Siren Entertainment co,.ltd",싸이렌엔터테인먼트, ,신해철,기타법인,110111-3369314,105-86-87776,서울특별시 마포구 신공덕동 146-59 신보빌딩 3층,www.sirenent.co.kr,,음악 및 기타 오디오물 출판업,2006-02-01,12월
(주)싸이버로지텍,"CyberLogitec Co., Ltd.",싸이버로지텍, ,송영규,기타법인,110111-1922750,107-81-80100,서울특별시 마포구 월드컵북로 396 연구개발타워 16층(상암동),www.cyberlogitec.com,,시스템 소프트웨어 개발 및 공급업,2000-03-29,12월
(주)싸이버릭스,"Cyberics Co., Ltd.",싸이버릭스, ,천동춘,기타법인,110111-1908263,107-81-79262,서울특별시 영등포구 여의도동 45-13 코오롱 포레스텔 빌딩 509호,www.cyberics.com,,시스템 소프트웨어 개발 및 공급업,2000-03-18,12월
주식회사 싸이버원,"CyberOne Co., Ltd.",싸이버원,356890,육동현,코스닥시장,110111-3149287,214-87-64564,서울특별시 서초구 효령로 39,www.cyberone.kr/,,소프트웨어 개발 및 공급업,2005-01-12,12월
(주)싸이언소프트,"CIONSOFT CO., LTD.",싸이언소프트, ,이찬일,기타법인,206411-0012569,416-81-28463,전라남도 광양시 옥곡면 신금리 1507-70,www.cionsoft.com,,시스템 소프트웨어 개발 및 공급업,2000-07-13,12월
주식회사 싸이에이,cya,싸이에이, ,서원교,기타법인,110111-3251553,108-81-71244,서울특별시 동작구 사당동 1043-9 601호,http://www.mycya.com,,시스템 소프트웨어 개발 및 공급업,2005-06-21,12월
주식회사 싸이월드제트,cyworld z co.,싸이월드제트, ,"손성민, 김태훈",기타법인,110111-6372489,313-81-33895,서울특별시 강남구 논현로158길 29-1, ,,출판업,2017-04-11,12월
주식회사 싸이웰시스템,cywellsystem,싸이웰시스템, ,정낙현,기타법인,110111-3638339,107-86-88709,"서울특별시 강서구 양천로 551-17 (가양동, 한화비즈메트로1차) 1104호",www.cywellsystem.com,,시스템 소프트웨어 개발 및 공급업,2007-03-16,12월
(주)싸이칸아이티티,"CYKANENTERTAINMENT CO., LTD.",싸이칸아이티티, ,김종규,기타법인,110111-3419482,220-87-26395,경기도 성남시 분당구 삼평동 판교이노밸리 F동,www.cykanholdings.com,,게임 소프트웨어 개발 및 공급업,2006-03-15,12월
주식회사 싸이클럽,"CYCLUB,Inc",싸이클럽, ,차경상대표 최무겸대표,기타법인,110111-7435608,711-87-01755,서울특별시 강남구 선릉로119길 14 (논현동)2-4층, ,,영상ㆍ오디오 기록물 제작 및 배급업,2020-04-25,12월
싸인시스템,"Sign System Co., Ltd",싸인시스템, ,이제훈,기타법인,110111-1280041,211-86-14753,서울특별시 서초구 서초동 1451-1 원일빌딩 403호,www.sign-system.co.kr,,시스템 소프트웨어 개발 및 공급업,1996-06-01,12월
주식회사 쌤앤파커스,"Sam&Parkers Co., Ltd.",쌤앤파커스, ,"김상현, 최세현",기타법인,110111-3473545,106-86-44144,"경기도 파주시 회동길 174 1층(문발동, 대한골프협회)", ,,일반 서적 출판업,2006-06-12,12월
주식회사 써니로프트,Sunnyloft Corp.,써니로프트, ,김창준,기타법인,110111-4562800,119-86-40066,"경기도 성남시 분당구 판교역로 235 (삼평동, 에이치스퀘어엔동) 6층", ,,출판업,2011-03-23,12월
(주)써니트렌드,"Sunny Trends Co.,ltd",써니트렌드,035500,박진호,기타법인,110111-0926620,211-86-08741,서울특별시 성동구 성수동2가 278-20 이글타운 204호 ,www.enterone.co.kr,,일반 영화 및 비디오물 제작업,1993-03-12,12월
주식회사 써머스플랫폼,SummercePlatform Inc.,써머스플랫폼, ,김기범,기타법인,110111-1789845,206-81-18164,"서울특별시 중구 퇴계로 18 9층(남대문로5가, 대우재단빌딩)",www.enuri.com,,그 외 기타 전기 통신업,1999-10-14,12월
써클엠,circlem,써클엠, ,안정훈,기타법인,110111-5225481,105-87-91980,"서울특별시 강서구 마곡서로 133 (마곡동, 마곡엠밸리7단지) 701호",www.circlem.co.kr,,컴퓨터시스템 통합 자문 및 구축 서비스업,2013-09-11,12월
주식회사 써티웨어,"CERTIWARE Co.,LTD",써티웨어, ,고병도,기타법인,110111-4068121,114-86-72452,"서울특별시 서초구 남부순환로 2311-1 (방배동, 덕윤빌딩)",www.certiware.co.kr,,컴퓨터시스템 통합 자문 및 구축 서비스업,2009-03-27,12월
주식회사써티코프,certicorp,써티코프, ,정양진,기타법인,110111-3295270,120-86-87057,서울특별시 강남구 대치동 891-44 노벨빌딩 7층, ,,게임 소프트웨어 개발 및 공급업,2005-08-29,12월
주식회사 썬더소프트코리아,"Thundersoft Korea Co., Ltd.",썬더소프트코리아, ,박종오,기타법인,131111-0458115,160-86-00489,경기도 성남시 분당구 대왕판교로 670 (삼평동) 유스페이스2 비동 4층 401호, ,,"컴퓨터 프로그래밍, 시스템 통합 및 관리업",2016-09-02,12월
썬아티피셜인텔리젼스 주식회사,sunAI,썬아티피셜인텔리젼스, ,한종원,기타법인,120111-1070052,121-87-01627,서울특별시 강남구 논현로132길 13 (논현동)4411호, ,,일반 영화 및 비디오물 제작업,2020-05-06,12월
주식회사 썸에이지,"Thumbage Co.,Ltd.",썸에이지, ,백승훈,기타법인,131111-0339000,144-81-11709,"경기도 성남시 분당구 대왕판교로 660 (삼평동, 유스페이스1)", ,,게임 소프트웨어 개발 및 공급업,2013-04-01,12월
(주)썸에이지,"Thumbage Co., Ltd.",썸에이지,208640,정기홍,코스닥시장,110111-5545962,261-81-19952,"경기도 성남시 분당구 황새울로 246 B동 6층(수내동, 도담빌딩)",www.thumbage.co.kr,,소프트웨어 개발 및 공급업,2014-10-23,12월
(주)쎄듀,CEDU Inc.,쎄듀, ,"김기훈, 김진희",기타법인,110111-2936156,214-87-47833,"서울특별시 강남구 논현로 305 지하1층,3층,4층,5층,7층 (역삼동)",www.cedubook.com,,교과서 및 학습서적 출판업,2004-01-15,12월
(주)쎄스,CEST,쎄스, ,이영식,기타법인,110111-1777098,113-81-55853,서울특별시 서초구 서초1동 1677-8 프로비스타빌딩 207호,http://WWW.CEST.CO.KR,,시스템 소프트웨어 개발 및 공급업,1999-09-27,12월
주식회사 쏘울픽쳐스,"SOULPictures, ltd.",쏘울픽쳐스, ,조재연,기타법인,110111-4363068,120-87-55187,"서울특별시 영등포구 경인로 775 (문래동3가, 에이스하이테크시티) 1동 817호",www.soulpictures.kr,,"영화, 비디오물, 방송프로그램 제작 및 배급업",2010-06-03,12월
(주)쏜다넷,"xonda.net co., Ltd",쏜다넷, ,송승한,기타법인,110111-2104521,101-81-64285,"서울특별시 구로구 디지털로26길 5 (구로동, 에이스하이엔드타워1차) 614호",www.xonda.net,ir.xonda.net,데이터베이스 및 온라인정보 제공업,2000-11-04,12월
(주)쓰리디넷,"3D NET Co.,Ltd.",쓰리디넷,035400,민봉기,기타법인,110111-0829501,214-86-07080,서울특별시 강남구 개포동 1228-1 세영빌딩 5층,vsst.com,,시스템 소프트웨어 개발 및 공급업,1992-01-15,12월
쓰리디메디비젼,3dmedivision,쓰리디메디비젼, ,김기진,기타법인,110111-4746686,107-87-62609,"서울특별시 중구 을지로 16 (을지로1가, 프레지던트호텔) 1002호",www.3dmedivision.com,,데이터베이스 및 온라인정보 제공업,2011-12-19,12월
(주)쓰리디시스템즈 코리아,"3D SYSTEMS KOREA, Inc.",쓰리디시스템즈코리아, ,허정훈,기타법인,110111-1535264,220-81-51403,서울특별시 강남구 역삼1동 696-35 인포스톰빌딩,www.rapidform.com,,컴퓨터 프로그래밍 서비스업,2008-04-15,12월
주식회사 쓰리디엔터,threeD-Ent,쓰리디엔터, ,고유철,기타법인,110111-4970269,105-87-77805,"서울특별시 강남구 언주로 551 3층 (역삼동, 프라자654빌딩)",didimdolstory.com/,,일반 서적 출판업,2012-09-27,12월
(주)쓰리디컴넷,3dcomnet,쓰리디컴넷, ,김종길,기타법인,210111-0022857,402-81-26530,전라북도 전주시 완산구 중노송동470-4멀티미디어지원센타307호,www.3dcomnet.co.kr,,게임 소프트웨어 개발 및 공급업,1999-02-08,12월
주식회사 쓰리디팩토리,"3D Factory Co., Ltd.",쓰리디팩토리, ,오병기,기타법인,110111-3978165,211-88-18883,"서울특별시 마포구 월드컵북로58길 10 (상암동, 팬엔터테인먼트사옥)",www.3df.co.kr,,소프트웨어 개발 및 공급업,2008-10-07,12월
(주)쓰리소프트,3SOFT. Inc.,쓰리소프트,036360,김학겸,기타법인,110111-0980676,116-81-37043,"서울특별시 동작구 신대방동 395-68 보라매 나산 스위트 20, 21층 ",www.3soft.com,,시스템 소프트웨어 개발 및 공급업,1993-10-23,12월
주식회사 쓰리아이,"3i,INC.",쓰리아이, ,"정지욱, 김켄",기타법인,170111-0627242,109-86-54850,대구광역시 동구 동대구로 465 (신천동) 9층 903호 (대구스케일업허브), ,,응용 소프트웨어 개발 및 공급업,2016-12-30,12월
쓰리알소프트,"3R Soft, Incorporation",쓰리알소프트, ,유병선,기타법인,110111-1605174,229-81-34605,서울특별시 강남구 논현동 71-2 건설회관 5층,www.3rsoft.com,,시스템 소프트웨어 개발 및 공급업,1998-11-01,12월
(주)쓰리에스소프트,"3S SOFT CO., LTD.",쓰리에스소프트, ,김종택,기타법인,110111-1926116,214-86-53717,서울특별시 서초구 마방로6길 3 3 4 5 층,www.3ssoft.co.kr,,시스템 소프트웨어 개발 및 공급업,2000-03-30,12월
주식회사 쓰리에이치미디어,"3H Media Co., Ltd.",쓰리에이치미디어, ,한상훈,기타법인,110111-3575078,211-87-90059,서울특별시 강남구 청담동 69-3 테디빌 1층, ,,방송 프로그램 제작업,2006-12-06,12월
주식회사 쓰리와이코프레이션,3YCORPORATION,쓰리와이코프레이션, ,임환,기타법인,110111-7525409,444-86-01921,"서울특별시 강남구 압구정로79길 41 2층, 4층(청담동)", ,,"영화, 비디오물 및 방송프로그램 제작업",2020-06-18,12월
쓰리이주식회사,3e,쓰리이, ,임태영,기타법인,110111-2236069,120-86-21322,서울특별시 강남구 역삼2동 세방빌딩,www.3-e.co.kr,,시스템 소프트웨어 개발 및 공급업,2001-05-11,03월
(주)씨그널엔터테인먼트그룹,Signal Entertainment Group Corp.,씨그널엔터테인먼트그룹,099830,김정상,기타법인,110111-0744139,211-81-61514,"서울특별시 성동구 성수이로 89 9층(성수동2가,엠지빌딩)",www.signal-ent.com,,"영화, 비디오물, 방송프로그램 제작 및 배급업",1991-01-18,12월
(주)씨너스티브이,cinus,씨너스티브이, ,여환주,기타법인,110111-2179897,220-86-09953,경기도 성남시 분당구 이매동 106-2 아거스빌딩3층,www.cinus.co.kr,,영화관 운영업,2001-02-26,12월
(주) 씨너지,"CnerG Co., Ltd.",씨너지, ,JIN YONG NAM(진용남),기타법인,110111-7433701,181-88-01873,"광주광역시 북구 첨단벤처로40번길 29 (대촌동, 엔하이테크) 2층",cnerg.net,,응용 소프트웨어 개발 및 공급업,2020-03-24,12월
(주)씨네그릴,CINEGRILL,씨네그릴, ,박광선,기타법인,110111-5605592,217-81-47825,서울특별시 도봉구 도봉로 558 (창동)  메가박스창동, ,,영화관 운영업,2015-01-05,12월
주식회사 씨네마라인,"Cinemaline Co.,Ltd",씨네마라인, ,김희찬,기타법인,110111-2495483,114-86-18292,경기도 안산시 단원구 초지동 726-4 미강프라자5층 506, ,,영화관 운영업,2002-04-11,12월
(주)씨네메카,CINEMECA ,씨네메카, ,이호성,기타법인,160111-0164543,314-81-62016,대전광역시 서구 탄방동 746 로데오타운5층 (주)씨네메카, ,,영화관 운영업,2003-11-03,12월
(주)씨네시티부산,CINECITYBUSAN,씨네시티부산, ,김현숙,기타법인,180111-0014166,602-81-00620,부산광역시 중구 비프광장로 28 (남포동5가), ,,영화관 운영업,1970-12-31,12월
주식회사 씨네올넷,CineallNet,씨네올넷, ,조연희,기타법인,110111-0719108,120-81-16917,경기도 부천시 원미구 상동 461 뉴코아중동백하점 9층,www.cineall.net,,영화관 운영업,1990-09-20,12월
(주)씨네월드,sineworld,씨네월드, ,이준익,기타법인,110111-0933104,201-81-51101,서울특별시 중구 충무로3가 59-23, ,,일반 영화 및 비디오물 제작업,1993-04-15,12월
 (주) 씨네이천,cine 2000,씨네이천, ,이춘연,기타법인,110111-1496549,203-81-25327,서울특별시 중구 주자동 43-1 흥국빌딩 3층 씨네이천, ,,일반 영화 및 비디오물 제작업,1998-01-01,12월
(주)씨네일레븐,CINE11,씨네일레븐, ,박광수,기타법인,110111-1097553,212-81-58424,"서울특별시 강동구 천호옛길 85 (성내동, 영화관씨네일레븐)",www.cine11.co.kr,,영화관 운영업,1994-11-01,12월
(주)씨네큐,"CINE Q Co.,Ltd.",씨네큐, ,유제천,기타법인,110111-7504635,656-88-01741,서울특별시 강남구 학동로9길 5 4층 (논현동), ,,영화관 운영업,2020-06-01,12월
(주)씨네티아정보통신,"cnetia I.T co.,ltd",씨네티아정보통신, ,성낙출,기타법인,110111-1628176,220-81-57033,서울특별시 서초구 양재동 107번지 동일빌딩 2층,"www.cnetia.co,kr",,그 외 기타 전기 통신업,1999-01-05,12월
(주)씨네파크,CINEPARK,씨네파크, ,최은용,기타법인,131411-0239759,134-86-65498,경기도 안산시 단원구 고잔동 725-3 스타맥스타워 5층,cgv안산,,영화관 운영업,2010-04-07,12월
(주)씨네파크,CINE PARK CORPORATION,씨네파크, ,가갑손,기타법인,131311-0066063,125-81-62906,경기도 평택시 평택동 35-3 6층,-,,영화관 운영업,2008-05-02,12월
씨네플랜,CINEPLAN,씨네플랜, ,박광선,기타법인,110111-0917207,212-81-39937,서울특별시 강동구 성내동 549-1,www.cineworld.co.kr,,영화관 운영업,1993-02-01,12월
(주)씨네하우스포항,cinehauspohang,씨네하우스포항, ,김주학,기타법인,171711-0104958,506-81-85092,경상북도 포항시 북구 서동로 93 (덕산동), ,,영화관 운영업,2013-08-01,12월
(주)씨디네트웍스,"CDNetworksCo.,Ltd.",씨디네트웍스,073710,쩌우환잉,기타법인,110111-1981649,211-86-99301,"서울특별시 강남구 테헤란로8길 37 한동빌딩3,4,6,7층 (역삼동)",www.cdnetworks.co.kr,,"자료처리, 호스팅, 포털 및 기타 인터넷 정보매개 서비스업",2000-05-27,12월
주식회사 씨디 데이타,"CD DATA CO.,LTD",씨디데이타, ,심영현,기타법인,110111-0826200,211-81-72990,서울특별시 강남구 논현동 237-11 삼정빌딩 14층,www.cd data .co.kr,,컴퓨터시스템 통합 자문 및 구축 서비스업,1991-12-30,12월
(주)씨맥스커뮤니케이션즈,CIMAXCOMMUNICATIONS,씨맥스커뮤니케이션즈, ,이호근,기타법인,110111-1674781,220-81-60014,서울특별시 강남구 신사동 634-10 윤당빌딩 5층,www.spicetv.co.kr,,프로그램 공급업,1999-04-02,12월
씨비스퀘어 주식회사,-,씨비스퀘어, ,김동홍,기타법인,131111-0364586,144-81-21774,"경기도 성남시 분당구 판교로 253 (삼평동, 판교이노밸리) 비동 1003호", ,,정보서비스업,2017-04-24,12월
(주)씨스퀘어소프트,CSQUARE SOFT,씨스퀘어소프트, ,박현진,기타법인,110111-2340638,120-86-27025,"서울특별시 강남구 언주로 726 (논현동, 두산빌딩) 11층 2호",www.mainticket.co.kr,,시스템 소프트웨어 개발 및 공급업,2001-09-24,12월
씨씨알주식회사,CCR Inc,씨씨알, ,윤석호,기타법인,110111-1141409,219-81-15839,"서울특별시 강남구 테헤란로77길 13 (삼성동, 창조빌딩) 4층",www.ccr.co.kr,,게임 소프트웨어 개발 및 공급업,1995-03-10,12월
(주)씨씨에스충북방송,"KOREA CABLE T.V CHUNG-BUK SYSTEM CO., LTD.",씨씨에스,066790,"정평영, 권영완 각자대표",코스닥시장,151111-0009906,303-81-18621,충북 충주시 용산동 35,www.ccstv.co.kr,,유선 방송업,1997-07-15,12월
(주)씨씨엘 커뮤니케이션,CCL COMUNICATION CO.LTD,씨씨엘커뮤니케이션, ,윤정우,기타법인,110111-1841710,108-81-20406,서울특별시 동작구 상도4동 346-1, ,,시스템 소프트웨어 개발 및 공급업,2000-01-04,12월
주식회사 씨씨케이밴,CCKVAN,씨씨케이밴, ,이정호,기타법인,110111-1844649,211-86-91537,서울특별시 강남구 신사동 588-21 강남빌딩 13층,www.cckvan.com,,그 외 기타 전기 통신업,2000-01-06,12월
주식회사 씨씨케이솔루션,CCK Solution Inc.,씨씨케이솔루션, ,조현수,기타법인,110111-7727295,462-86-02025,대구광역시 북구 호암로 51 (침산동) 메이커스페이스동 2층 206호 대구삼성창조캠퍼스,www.ccksolution.co.kr,,응용 소프트웨어 개발 및 공급업,2020-12-23,12월
(주)씨아이솔루션,cisolution,씨아이솔루션, ,최동성,기타법인,110111-2005969,214-86-62161,경기도 과천시 뒷골2로 35 (과천동), ,,"컴퓨터 프로그래밍, 시스템 통합 및 관리업",2000-06-23,12월
(주)씨아이에스텍,"CISTECH  Co., Ltd",씨아이에스텍, ,이준,기타법인,110111-1359565,112-81-47044,서울특별시 금천구 가산동 60-5 갑을그레이트밸리 A동 3층,www.cistch.com,,시스템 소프트웨어 개발 및 공급업,1997-01-03,12월
(주)씨아이정보기술,"CIIT CO.,LTD.",씨아이정보기술, ,전인오,기타법인,110111-1518682,116-81-67440,서울특별시 영등포구 여의도동 정우빌딩,www.ciitech.co.kr,,컴퓨터시스템 통합 자문 및 구축 서비스업,1998-03-02,12월
(주)씨알스페이스,"CR-Space Co.,Ltd.",씨알스페이스, ,이태균,기타법인,110111-1814428,220-81-71001,서울특별시 강남구 삼성동 143-8 승광빌딩 5층,www.doonline.co.kr,,게임 소프트웨어 개발 및 공급업,1999-11-24,12월
주식회사 씨알에스큐브,CRScube Inc.,씨알에스큐브, ,김기돈,기타법인,110111-4605668,101-86-63689,"서울특별시 마포구 양화로 19 4층 (합정동, 합정오피스빌딩)",www.crscube.io,,응용 소프트웨어 개발 및 공급업,2011-05-17,12월
(주)씨알엔터,CRenter. Inc.,씨알엔터, ,"김종열, 엄기원",기타법인,110111-1817141,114-81-92846,서울특별시 서초구 잠원동 47-4 샤인빌딩 1층,www.crenter.com,,데이터베이스 및 온라인정보 제공업,1999-11-27,12월
씨앤비멀티플렉스(주),C&B MULTIPLEX,씨앤비멀티플렉스, ,임석기,기타법인,161411-0011945,316-81-03293,충청남도 서산시 율지18로 38 (동문동),lottecinema.co.kr,,영화관 운영업,2002-09-10,12월
(주)씨앤씨,C&C,씨앤씨, ,이우일,기타법인,150111-0018510,315-81-06787,충청북도 청주시 흥덕구 옥산면 과학산업4로 9 (남촌리),data114.com,,기타 정보기술 및 컴퓨터운영 관련 서비스업,1994-06-23,12월
(주)씨앤씨미디어,CNCMEDIA,씨앤씨미디어, ,김정환,기타법인,110111-4659095,113-86-51115,서울특별시 구로구 구로동 222-14 에이스하이앤드타워2차 603호, ,,데이터베이스 및 온라인정보 제공업,2011-08-01,12월
(주)씨앤앤인베스트,cnninvest,씨앤앤인베스트, ,박창환,기타법인,110111-3963570,211-88-18054,서울특별시 강남구 압구정로36길 18 (신사동) 신구빌딩, ,,게임 소프트웨어 개발 및 공급업,2008-09-03,12월
(주)씨앤앰경기케이블티브이,Kyong gi Cable TV,씨앤앰경기케이블티브이, ,"오광성, 최선호, 송낙섭",기타법인,115911-0016305,128-81-29809,경기도 고양시 일산구 덕이동 236-1,http://digitalsystem.co.kr,,유선 방송업,1997-07-04,12월
주식회사 씨앤앰노원케이블티브이,NOWONCATV,씨앤앰노원케이블티브이, ,"이동호, 고진웅",기타법인,110111-1013236,217-81-07600,서울특별시 노원구 상계동 714번지,www.nowoncatv.co.kr,,유선 방송업,1994-02-22,12월
(주)씨앤앰마포케이블티브이,"Korea Cable TV  Mapo System.co.,Ltd",씨앤앰마포케이블티브이, ,최선호,기타법인,110111-1008188,105-81-62538,서울특별시 마포구 대흥동 433-2번지, ,,유선 방송업,1994-02-01,12월
주식회사 씨앤앰용산케이블티브이,"Korea cable TV Yongsan system CO., LTD",씨앤앰용산케이블티브이, ,"하해수, 오광성",기타법인,110111-1017866,106-81-46910,서울특별시 용산구 후암동 244-9 ,www.vsctv.co.kr,,유선 방송업,1994-03-10,12월
(주)씨앤앰우리케이블티브이,woori cablebroadcasting corp,씨앤앰우리케이블티브이, ,최정우,기타법인,111511-0054779,127-81-78030,경기도 의정부시 의정부동 531-5, ,,유선 방송업,2002-12-11,12월
(주)씨앤앰울산케이블티브이,"C&M Ulsan Cable TV Co.,Ltd.",씨앤앰울산케이블티브이, ,배기수,기타법인,181211-0045481,610-81-29443,울산광역시 남구 신정1동 700-4 번지,www.cnm.co.kr,,유선 방송업,1997-07-14,12월
(주)씨앤에스,"C&S Co.,Ltd.",씨앤에스, ,공영화,기타법인,161511-0037452,312-81-43032,경기도 화성시 영통로 14-6 2층(반월동), ,,시스템 소프트웨어 개발 및 공급업,2000-06-28,12월
씨앤에프시스템(주),"C&FSYSTEM Co., Ltd.",씨앤에프시스템, ,박정수,기타법인,110111-4021509,114-86-70930,"서울특별시 송파구 법원로11길 11 A동 1207-1210호 (문정동, 문정현대지식산업센터1-1)",www.cnfsystem.co.kr,,응용 소프트웨어 개발 및 공급업,2008-12-31,12월
주식회사 씨앤엘,"CNL Co., Ltd.",씨앤엘, ,장윤환,기타법인,134511-0421319,864-88-01570,"경기도 용인시 수지구 광교중앙로 338 C동 904호 (상현동, 광교우미뉴브)", ,,응용 소프트웨어 개발 및 공급업,2019-11-29,12월
씨앤토트플러스(주),"CnThothPlus Co.,Ltd.",씨앤토트플러스, ,최병도,기타법인,110111-4553536,114-86-86806,"서울특별시 서초구 방배천로 91 (방배동, 구산타워) 5층", ,,시스템 소프트웨어 개발 및 공급업,2011-03-10,12월
씨앤필름(주),"C&film co., Ltd.",씨앤필름, ,"장윤현, 정준호",기타법인,110111-1918478,107-81-80736,서울특별시 강남구 삼성동 143-8번지 승광빌딩 3층,www.cnfilm.co.kr,,일반 영화 및 비디오물 제작업,2000-04-06,12월
주식회사 씨에스리,CSLEE,씨에스리, ,이춘식,기타법인,110111-5117828,105-87-86298,"서울특별시 마포구 월드컵북로 396 비즈니스타워 8층(상암동, 누리꿈스퀘어)", ,,컴퓨터시스템 통합 자문 및 구축 서비스업,2013-04-19,12월
(유)씨에스지,Corporate Software Group LLC,씨에스지, ,신재철,기타법인,110114-0028412,116-81-59881,서울특별시 강남구 삼성동 159-1 아셈타워 40층, ,,시스템 소프트웨어 개발 및 공급업,1988-11-02,06월
씨에스캠 주식회사,"CScam,inc.",씨에스캠, ,이철수,기타법인,110111-1892292,220-81-79319,광주광역시 광산구 평동산단로 239-15 (옥동),cscam.co.kr,,응용 소프트웨어 개발 및 공급업,2000-02-28,12월
(주)씨에스테크놀로지,"Computer Solution Technology Co., Ltd.",씨에스테크놀로지, ,안형기,기타법인,180111-0277079,604-81-39344,서울특별시 강남구 도곡2동 대림아크로텔 C동 13층,http://www.cst21.com,,컴퓨터시스템 통합 자문 및 구축 서비스업,1999-02-10,12월
(주)씨에스파트너스,CSPARTNERS.CO.LTD,씨에스파트너스, ,정대현,기타법인,110111-2789125,119-81-65854,서울특별시 강남구 삼성동 125-3 203, ,,컴퓨터시스템 통합 자문 및 구축 서비스업,2003-05-28,12월
(주)씨에스피아이,"CSPI, Inc.",씨에스피아이, ,심보년,기타법인,110111-1810278,220-81-70512,서울특별시 서초구 바우뫼로27길 7-31 예원빌딩 10층(양재동),www.cspi.co.kr,,시스템 소프트웨어 개발 및 공급업,1999-11-17,12월
주식회사 씨에이블,"C-ABLE Co., Ltd.",씨에이블, ,손홍근,기타법인,134111-0067468,138-81-20635,서울특별시 강남구 대치동 907-1 코람벤처빌딩 601호, ,,시스템 소프트웨어 개발 및 공급업,1999-07-28,06월
(주)씨에이에스,"CAS Co., Ltd.",씨에이에스, ,전영하,기타법인,110111-1209413,116-81-37757,"서울특별시 금천구 가산디지털1로 168 (가산동, 우림라이온스밸리) C동 1106,1206호",www.casit.co.kr,,그 외 기타 정보 서비스업,1995-11-06,12월
주식회사 씨에이엔,CAN Co.,씨에이엔, ,정상진,기타법인,110111-1274341,106-81-60590,"서울특별시 동작구 동작대로 89 (사당동, 골든시네마타워 7층,12층)", ,,영화관 운영업,1996-05-22,12월
씨에이치텔레컴(주),CH-TELECOM,씨에이치텔레컴, ,한창주,기타법인,110111-1451832,220-81-46856,서울특별시 서초구 서초동 1358번지 17호 돔빌딩 2층, ,,기타 정보기술 및 컴퓨터운영 관련 서비스업,1997-07-14,12월
유한회사 씨엑스케이,CXK Ltd.,씨엑스케이, ,김상준,기타법인,110114-0036268,562-81-03843,"서울특별시 마포구 독막로 311 (염리동, 재화스퀘어) 3층",www.cxk.co.kr/,,"컴퓨터시스템 통합 자문, 구축 및 관리업",2025-05-12,12월
주식회사 씨엔씨기술,"CNC Tech Co.,Ltd",씨엔씨기술, ,임채성,기타법인,110111-4553106,215-87-51776,"서울특별시 강남구 밤고개로21길 69 2층 204호 (율현동, 엔투셀빌딩)", ,,기타 정보기술 및 컴퓨터운영 관련 서비스업,2011-03-23,12월
씨엔씨레볼루션(주),C&C Revolution Inc.,씨엔씨레볼루션, ,이재식,기타법인,110111-2383133,220-86-24783,"서울특별시 서초구 강남대로 331 (서초동, 서초동광일빌딩), 16층 1601호", ,,기타 정보기술 및 컴퓨터운영 관련 서비스업,2001-11-24,12월
(주)씨엔에스,C&S co.ltd,씨엔에스, ,서정율,기타법인,180111-0338649,607-81-51181,부산광역시 동래구 명륜동 681-31번지,www.c1s.co.kr,,데이터베이스 및 온라인정보 제공업,2000-10-13,01월
(주)씨엔에스아이엔티,C&S INT Ltd.,씨엔에스아이엔티, ,손주동,기타법인,110111-6014099,620-86-00318,"경기도 성남시 수정구 창업로 42 경기기업성장센터 704,705호", ,,컴퓨터 프로그래밍 서비스업,2016-03-30,12월
(주)씨엔지테크놀러지,"C&G Technology, Inc.",씨엔지테크놀러지, ,조종걸,기타법인,110111-0922686,211-81-90154,경기도 성남시 분당구 서현동 267-1농협빌딩4층,http://cng.co.kr,,컴퓨터시설 관리업,1993-02-23,12월
(주)씨엔티브이(CNTV),"CNTV Co., Ltd",씨엔티브이(CNTV), ,박성호,기타법인,110111-2582678,113-81-78856,"서울특별시 영등포구 여의나루로 53-1 1201호 (여의도동, 대오빌딩)",www.cntv.co.kr,,프로그램 공급업,2002-08-05,12월
씨엔티테크(주),CNTTech,씨엔티테크, ,전화성,기타법인,110111-2803719,119-81-66566,서울특별시 서대문구 증가로29길 35 씨엔티테크빌딩 (북가좌동),www.cntt.co.kr,,소프트웨어 개발 및 공급업,2003-07-07,12월
(주)씨엔피정보기술,"COMMNETPLUS CO.,LTD.",씨엔피정보기술, ,최두일,기타법인,135311-0003855,138-81-20881,경기도 과천시 별양동 1-12 영덕개발빌딩,http://www.cnp.co.kr,,컴퓨터시스템 통합 자문 및 구축 서비스업,1999-08-11,12월
주식회사 씨엘모빌리티,Ciel Mobility Inc.,씨엘모빌리티, ,박무열,기타법인,170111-0458910,514-81-81461,"대구광역시 동구 동대구로 475 14층 (신천동, 대구테크노파크동대구캠퍼스1동)",www.ciel.co.kr,,응용 소프트웨어 개발 및 공급업,2012-04-24,12월
주식회사씨엘씨소프트,CLCsoft Co.,씨엘씨소프트, ,박규호,기타법인,160111-0095714,314-81-32069,대전광역시 유성구 구성동 373-1 한국과학기술원내 3217,http://www.josuya.com,,시스템 소프트웨어 개발 및 공급업,2000-03-27,12월
주식회사 씨엠비,"CMB Daejeon Broadcasting Co.,Ltd",씨엠비, ,"이한담, 이한성, 김태율",기타법인,160111-0118780,305-81-46536,"대전광역시 중구 대종로584번길 20 (선화동, CMB대전방송)",www.icmb.tv,,유선 방송업,2001-06-12,12월
(주)씨엠비광주동부방송,CMB KJDB,씨엠비광주동부방송, ,나봉수,기타법인,200111-0135909,408-81-46887,광주광역시 동구 수기동 94-1,cmb.tv,,유선 방송업,2001-06-14,12월
주식회사 씨엠비 광주미디어,cmbgm,씨엠비광주미디어, ,이인석 이근호,기타법인,200111-0201106,408-81-64279,광주광역시 서구 화정동 95-1,www.cmb.tv,,방송 프로그램 제작업,2004-11-08,12월
(주)씨엠비광주방송,CMBGJB,씨엠비광주방송, ,"이한담, 이한성, 황태익",기타법인,200111-0044019,410-81-21313,"광주광역시 서구 상무중앙로104번길 13 (치평동, 씨엠비방송국)",www.cmb.tv,,유선 방송업,1994-03-04,12월
(주)씨엠비광주방송,CMB KJ,씨엠비광주방송, ,"이인석, 이근호",기타법인,200111-0135892,410-81-64985,광주광역시 서구 화정동 179-33,cmb.tv,,유선 방송업,2001-06-14,12월
(주)씨엠비대구동부방송,"Central Multi Broadcasting dong bu bangsung co, ltd",씨엠비대구동부방송, ,황광주,기타법인,170111-0201179,502-81-58405,대구광역시 동구 신천4동 351-4,cmbtg.tv,,유선 방송업,2001-06-16,12월
주식회사 씨엠비동대전,"CMB Dongdaejeon Co.,Ltd",씨엠비동대전, ,이인석,기타법인,160111-0118772,305-81-46521,대전광역시 중구 선화동 95-3,http://www.icmb.tv,,유선 방송업,2001-06-12,12월
(주)씨엠비동서방송,Dong Seo Cable Brodcasting,씨엠비동서방송, ,이인석,기타법인,110111-0599815,205-81-18439,서울특별시 동대문구 제기동 1158-50호 금성빌딩3층 (주)씨엠비동서방송,www.cmbds.tv,,유선 방송업,1988-12-07,12월
(주)씨엠비전남방송,CMB JN,씨엠비전남방송, ,"이인석, 이근호",기타법인,205511-0006248,412-81-13371,전라남도 나주시 송월동 1095-12,없음,,유선 방송업,1997-08-02,12월
(주)씨엠비충청방송,Chungcheong Midea Broadcasting,씨엠비충청방송, ,"이한성, 김태율",기타법인,161211-0005273,307-81-10918,충청남도 공주시 봉황로 125 (교동),www.cmbtv.com,,유선 방송업,1997-09-27,12월
(주)씨엠비한강케이블티비,HANKANG CABLE TV,씨엠비한강케이블티비, ,이인석,기타법인,110111-1011462,107-81-44502,서울특별시 영등포구 양평동4가 22 씨엠비빌딩,www.hankangtv.co.kr,,유선 방송업,1994-08-16,12월
(주)씨엠비홀딩스,"CMB HOLDINGS CO.,LTD",씨엠비홀딩스, ,"이한담, 김태율",기타법인,110111-2208349,108-81-27826,서울특별시 영등포구 양평로17길 22 CMB빌딩 3층 (양평동4가), ,,프로그램 공급업,2004-04-01,12월
(주)씨엠엔피,CMNP Corp.,씨엠엔피, ,채정식,기타법인,110111-7152377,390-86-01401,"서울특별시 송파구 중대로 146 7층(가락동, 유나프라자)", ,,시스템 소프트웨어 개발 및 공급업,2019-06-27,12월
(주)씨엠지초록별,cmgchorokstars,씨엠지초록별, ,김태연,기타법인,110111-3746207,120-87-19430,"서울특별시 마포구 월드컵북로 323 (상암동, 제일라아트홀)4층",www.chorokstars.com,,"영화, 비디오물 및 방송프로그램 제작업",2007-09-01,12월
씨엠티정보통신 주식회사,"CMT INFO & COMM CO., LTD.",씨엠티정보통신, ,김국동,기타법인,110111-3871393,215-87-14581,"서울특별시 성동구 성수이로22길 37 803호 (성수동2가, 성수동아크벨리)",www.cmtinfo.co.kr,,컴퓨터시설 관리업,2008-04-02,12월
주식회사 씨와이,"CY CO., LTD",씨와이, ,조영득,기타법인,134111-0457239,796-86-00629,"경기도 안양시 동안구 시민대로248번길 25 (관양동, 경기창조산업안양센터) 505호, 506호", ,,기타 정보기술 및 컴퓨터운영 관련 서비스업,2016-12-20,12월
(주)씨유미디어,CUMEDIA INC.,씨유미디어, ,전용주,기타법인,110111-2818825,220-86-67123,서울특별시 강서구 가양동 192-2,www.cu-media.co.kr,,프로그램 공급업,2003-07-10,12월
주식회사 씨유미디어,C U Media.Inc,씨유미디어, ,전용주,기타법인,110111-2031477,109-81-65430,서울특별시 강서구 가양동 192-2, ,,프로그램 공급업,2000-07-21,12월
(주)씨이랩,"XIIlab Co., Ltd",씨이랩,189330,"윤세혁, 채정환 (각자 대표이사)",코스닥시장,110111-4401438,119-86-31534,"서울특별시 강남구 언주로 617 3,4층 (논현동)",www.xiilab.com,,소프트웨어 개발 및 공급업,2010-07-27,12월
주식회사 씨제스걸리버스튜디오,C-jeS Gulliver Studios,씨제스걸리버스튜디오, ,백창주,기타법인,110111-6859239,313-81-34439,"경기도 고양시 일산서구 킨텍스로 217-59 오피스동 14층 1401~1405호 (대화동, 제2킨텍스)", ,,"영화, 비디오물 및 방송프로그램 제작 관련 서비스업",2018-08-31,12월
씨제이골든빌리지주식회사,"CJ Golde Village Co.,Ltd.",씨제이골든빌리지, ,여훈필,기타법인,110111-1354911,104-81-40827,서울특별시 광진구 구의동 546-4 테크노마트 B/D 15층,www.CGV.o.k,,영화관 운영업,1996-12-20,12월
씨제이디지털뮤직 주식회사,CJ DIGITAL MUSIC Corporation,씨제이디지털뮤직, ,신형관,기타법인,110111-6248391,573-86-00690,"서울특별시 마포구 월드컵북로56길 19 8층, 9층 (상암동, 드림타워)",www.mnet.com/,,오디오물 출판 및 원판 녹음업,2016-12-02,12월
씨제이뮤직 주식회사,CJ Music Corporration,씨제이뮤직, ,김종진,기타법인,110111-2699936,214-87-27216,"서울특별시 강남구 청담동92-4 삼이빌딩4,6층",www.cjmusic.net,,음악 및 기타 오디오물 출판업,2003-01-22,12월
씨제이미디어 주식회사,"CJ MEDIA, Inc.",씨제이미디어, ,이관훈,기타법인,110111-4442490,105-87-49217,"서울특별시 마포구 상암동 1606번지 씨제이 이앤엠센터 8,9층",www.cjmedia.net,,프로그램 공급업,2010-10-04,12월
주식회사 씨제이비엔터컴,cjbentercom,씨제이비엔터컴, ,홍순목,기타법인,150111-0116702,301-81-98158,"충청북도 청주시 서원구 사운로 59-1 4층 (사직동, CJB청주방송)", ,,방송 프로그램 제작업,2008-06-19,12월
씨제이엔키노 주식회사,"Kinonet Co.,Ltd",씨제이엔키노, ,이욱,기타법인,110111-1742190,203-81-64655,서울특별시 서초구 서초동 1445-14 더샵 103-1105,www.nkino.com,,데이터베이스 및 온라인정보 제공업,1999-07-27,12월
씨제이엔터테인먼트 주식회사,CJ Entertainment,씨제이엔터테인먼트, ,김주성,기타법인,110111-3438424,220-87-27996,서울특별시 강남구 역삼동 737 스타타워 26층, ,,"영화, 비디오물 및 방송프로그램 배급업",2006-04-10,12월
씨제이엔터테인먼트(주),CJ Entertainment INC.,씨제이엔터테인먼트,049370,박동호,기타법인,110111-1445231,214-86-17894,서울특별시 강남구 역삼동 737 스타타워 26층,www.cjent.co.kr,,"영화, 비디오물 및 방송프로그램 배급업",1997-07-28,12월
씨제이올리브네트웍스(주),"CJ OliveNetworks Co., Ltd",씨제이올리브네트웍스, ,유인상,기타법인,110111-1138498,104-81-36565,"서울특별시 용산구 한강대로 366 (동자동, 트윈시티남산) 10층",www.cjolivenetworks.co.kr/,,"컴퓨터시스템 통합 자문, 구축 및 관리업",1995-03-15,12월
씨제이이앤엠(주),CJ E&M Corporation,씨제이이앤엠,130960,김성수,기타법인,110111-4434554,114-86-83380,서울특별시 마포구  상암산로 66 CJ E&M CENTER,www.cjenm.com,,텔레비전 방송업,2010-09-02,12월
씨제이이엔엠스튜디오스 주식회사,"CJ ENM Studios Co.,Ltd.",씨제이이엔엠스튜디오스, ,하용수,기타법인,110111-8254544,619-87-02671,"서울특별시 마포구 월드컵북로 396 (상암동, 누리꿈스퀘어) 11층", ,,"영화, 비디오물, 방송프로그램 제작 및 배급업",2022-04-05,12월
씨제이인터넷(주),CJ Internet Corp.,씨제이인터넷,037150,남궁훈,기타법인,110111-0330962,135-81-06099,서울특별시 마포구 상암동 1590 상암 IT 타워 6층 ~ 10층 ,www.cjinternet.com,,게임 소프트웨어 개발 및 공급업,1982-09-30,12월
씨제이케이블넷가야방송(주),CJ CabletNet Gaya Broadcasting corporation,씨제이케이블넷가야방송, ,"이관훈, 김신일",기타법인,184611-0023816,622-81-18162,경상남도 김해시 내동 1139-1 송암빌딩 4층,http//www.gytv.co.kr,,유선 방송업,1997-08-22,12월
씨제이케이블넷경남방송(주),"CJ CableNet KYUNGNAM BROADCASTING CO.,LTD.",씨제이케이블넷경남방송, ,허진,기타법인,194211-0014655,609-81-18247,경상남도 창원시 신월동 101-1 국민연금관리공단창원지사 5층,http://www.knmtv.co.kr,,유선 방송업,1994-02-22,12월
씨제이케이블넷마산방송(주),"CJ CableNet MASAN BROADCASTING CO.,LTD.",씨제이케이블넷마산방송, ,김태봉,기타법인,190111-0030152,608-81-28984,경상남도 마산시 회원구 양덕2동 155-16,http://www.mstv.co.kr,,유선 방송업,1997-07-03,12월
씨제이케이블넷 북인천방송주식회사,"CJ CableNet Pukincheon Broadcasting Co., Ltd",씨제이케이블넷북인천방송, ,"이관훈, 이준영",기타법인,120111-0093857,122-81-27652,인천광역시 부평구 부평4동 433-98,www.pcntv.co.kr,,유선 방송업,1994-03-05,12월
씨제이 케이블넷 중부산방송 주식회사,CJ CableNet JOONG-BUSAN BROADCASTING CORPORATION,씨제이케이블넷중부산방송, ,이관훈 최동준,기타법인,180111-0152825,601-81-24328,부산광역시 영도구 대교동1가 71번지,www.jbctv.co.kr,,유선 방송업,1994-02-23,12월
씨제이코드(주),"CJ Code, Inc.",씨제이코드, ,서상원,기타법인,110111-3289091,220-87-14680,서울특별시 강남구 역삼동 736-40 아름다운빌딩 6층, ,,"영화, 비디오물 및 방송프로그램 배급업",2005-08-18,12월
씨제이티브이엔(주),CJ TVN,씨제이티브이엔, ,윤석암 송창의,기타법인,110111-2949373,211-87-45118,서울특별시 마포구 상암동 DMC C-3지역 DMS 6~9층,www.chtvn.com,,프로그램 공급업,2004-02-09,12월
씨제이파워캐스트주식회사,CJ PowerCast Inc.,씨제이파워캐스트, ,최도성,기타법인,131111-0107572,129-81-68203,경기도 성남시 분당구 서현로180번길 19 비젼월드빌딩 3층 (서현동),www.cjpowercast.co.kr,,"유선, 위성 및 기타 방송업",2003-12-15,12월
씨제이포디플렉스(주),"CJ 4DPLEX Co.,Ltd",씨제이포디플렉스, ,방준식,기타법인,160111-0287527,314-86-18854,"서울특별시 마포구 월드컵북로56길 19 (상암동, 드림타워) 8층",https://www.cj4dplex.com/,,영상ㆍ오디오 기록물 제작 및 배급업,2010-10-18,12월
주식회사 씨제이헬로비전강원방송,CJhellovisionGangwonbroadband,씨제이헬로비전강원방송, ,우영상,기타법인,140111-0007664,221-81-07079,강원도 춘천시 동면 소양강로 76 (장학리),www.cjhellovision.com,,"유선, 위성 및 기타 방송업",1994-04-01,12월
(주)씨제이헬로비전금정방송,"CJ CableNet Geum-Jeong co., LTD",씨제이헬로비전금정방송, ,"변동식, 이준영",기타법인,180111-0371558,621-81-44838,부산광역시 부산진구 전포동 677-1 중앙빌딩4층,www.kcstv.co.kr,,유선 방송업,2001-07-01,12월
(주)씨제이헬로비전대구동구방송,"CJ Hellovision Daegu Donggu Broadcasting Co.,Ltd",씨제이헬로비전대구동구방송, ,노성철,기타법인,170111-0082446,502-81-29161,대구광역시 수성구 청수로 165,www.cjhellovision.co.kr,,유선 방송업,1994-11-30,12월
(주)씨제이헬로비전대구수성방송,"CJ Hellovision Daegu Suseong Broadcasting Co.,Ltd",씨제이헬로비전대구수성방송, ,노성철,기타법인,170111-0073362,502-81-25689,대구광역시 수성구 청수로 165,www.cjhellovision.co.kr,,유선 방송업,1994-02-24,12월
(주)씨제이헬로비전드림씨티방송,"CJ Hellovision Dreamcity Broadcasting Co., Ltd",씨제이헬로비전드림씨티방송, ,"김신일, 변동식",기타법인,121111-0057331,130-81-53355,경기도 부천시 소사구 송내1동 423-6,www.dreamcity.co.kr,,유선 방송업,1997-07-14,12월
(주)씨제이헬로비전신라방송,"CJ HelloVision Silla Broadcasting Co.,Ltd.",씨제이헬로비전신라방송, ,이상용,기타법인,171211-0015973,505-81-13576,경상북도 경주시 봉황로 139 CJ헬로비전신라방송,sbctv.co.kr,,유선 방송업,1997-07-09,12월
(주)씨제이헬로비전아라방송,"CJ HelloVision Ara Broadcasting Co., Ltd",씨제이헬로비전아라방송, ,김영흥,기타법인,201311-0009688,416-81-18140,전라남도 순천시 장선배기길 31 (조례동),www.cjhellovision.com,,유선 방송업,1997-07-15,12월
(주)씨제이헬로비전영남방송,"CJ     HelloVision Youngnam Broadcasting Co., Ltd.",씨제이헬로비전영남방송, ,"변동식, 지효철",기타법인,171111-0004986,508-81-05871,경상북도 안동시 안막동 94-1,www.ynctv.co.kr,,유선 방송업,1997-09-19,12월
(주)씨제이헬로비전영동방송,"CJHELLOVISION YOUNGDONG BROADCASTING SYSTEM., LTD",씨제이헬로비전영동방송, ,노성철,기타법인,141111-0010848,226-81-20704,강원도 강릉시 강릉대로 422-3 강원도 강릉시 강릉대로 422-3(포남동),www.cjhellovision.com,,유선 방송업,1997-08-12,12월
(주)씨제이헬로비전영서방송,"CJHELLOVISION Youngseo Broadcasting Network Co., Ltd.",씨제이헬로비전영서방송, ,우영상,기타법인,141211-0026223,224-81-27434,강원도 원주시 동부순환로 154-25,www.ybn.co.kr,,유선 방송업,2002-12-31,12월
(주)씨제이헬로비전전북방송,JEONBUK CATV Co,씨제이헬로비전전북방송, ,이재형,기타법인,211211-0003599,404-81-07941,"전라북도 정읍시 수성6로 5-10 (수성동, 한국케이블TV전북방송)", ,,유선 방송업,1997-10-10,12월
(주)씨제이헬로비전중앙방송,"CJ HelloVision JOONG-ANG BROADCASTING Co., Ltd",씨제이헬로비전중앙방송, ,"변동식, 이준영",기타법인,180111-0031566,605-81-03761,부산광역시 부산진구 전포1동 677-1,www.ngntv.co.kr,,유선 방송업,1978-09-29,12월
(주)씨제이헬로비전충남방송,Chungnam cable TV Broadcasting Corporation,씨제이헬로비전충남방송, ,"변동식, 노성철",기타법인,165011-0005273,311-81-10348,충청남도 당진군 당진읍 채운리 123-6,www.cjhellovision.com/,,유선 방송업,1997-08-21,12월
(주)씨제이헬로비전해운대기장방송,"CJ HelloVision HaeundaeGijang Broadcasting Co., Ltd",씨제이헬로비전해운대기장방송, ,이준영,기타법인,180111-0153576,618-81-17427,부산광역시 해운대구 좌동 1479-1번지 웅신시네아트빌딩 5층,www.hctv.co.kr,,유선 방송업,1994-03-09,12월
(주)씨제이헬로비전호남방송,"CJ HelloVision Honam Broadcasting Co.,Ltd",씨제이헬로비전호남방송, ,김영흥,기타법인,201111-0016637,411-81-28492,전라남도 목포시 하당로 115-1, ,,유선 방송업,2001-05-24,12월
씨지브이시네마(주),CGV CINEMA,씨지브이시네마, ,김진환,기타법인,110111-1455610,105-81-88881,서울특별시 강서구 방화동 712-1 스카이시티몰 3층 영상관, ,,영화관 운영업,1997-08-26,12월
씨지에스아이티(주),"CGS Intelligent Technology Co., Ltd",씨지에스아이티, ,최규식,기타법인,110111-3435735,107-86-77070,"서울특별시 금천구 가산디지털1로 1 (가산동, 더루벤스밸리) 1208호",cgsit.imweb.me/,,"컴퓨터 프로그래밍, 시스템 통합 및 관리업",2006-04-10,12월
(주)씨케이앤비,"CK&B CO., LTD.",씨케이앤비, ,배기혁,기타법인,110111-3792656,206-86-20888,"서울특별시 성동구 성수일로8길 5 (성수동2가, 서울숲SKV1TOWER) 410호",www.cknb.co.kr,,응용 소프트웨어 개발 및 공급업,2007-12-03,12월
주식회사 씨케이커뮤스트리,"CK Commustry, Inc",씨케이커뮤스트리, ,최영태,기타법인,110111-3359935,101-86-20021,"서울특별시 송파구 법원로 127 713호,714호(문정동, 문정대명벨리온)", ,,통신 재판매업,2005-12-14,12월
씨코드,CCODE,씨코드, ,정원주,기타법인,131111-0231016,129-86-32812,경기도 용인시 기흥구 기흥로 58-1 (구갈동)기흥ICT밸리 A동 1001호, ,,시스템 소프트웨어 개발 및 공급업,2009-06-08,12월
(주)씨큐텍,SECURITY TECHNOLOGY CO.LTD,씨큐텍, ,유택수,기타법인,160111-0025448,306-81-17499,대전광역시 중구 선화동 374-1,www.secutec.co.kr,,기타 인쇄물 출판업,1991-06-10,12월
(주)씨테크놀로지시스템,Ci-Tech,씨테크놀로지시스템, ,"황우정, 노완",기타법인,110111-1472127,109-81-51993,서울특별시 강서구 등촌1동 668-10 에이스빌딩 304호,www.ci-tech.co.kr,,시스템 소프트웨어 개발 및 공급업,1997-10-17,12월
주식회사 씨투커뮤니케이션,C2Communication Inc,씨투커뮤니케이션, ,박도준,기타법인,110111-2045808,120-86-09935,서울특별시 중구 충무로3가 극동빌딩 7층, ,,"영화, 비디오물 및 방송프로그램 제작 관련 서비스업",2000-08-28,12월
주식회사 씨티,"Classting, INC.",씨티, ,조현구,기타법인,110111-4923490,113-86-62155,"서울특별시 강남구 테헤란로 503 (삼성동, 하이브로빌딩) 5층",www.classting.com,,포털 및 기타 인터넷 정보매개 서비스업,2012-07-26,12월
주식회사 씨티아이앤씨,"CT I&C CO.,LTD",씨티아이앤씨, ,임형섭,기타법인,110111-4554089,113-86-46887,"경기도 성남시 분당구 판교로 253 (삼평동, 판교이노밸리) b동902호",www.ctinc.co.kr,,컴퓨터시스템 통합 자문 및 구축 서비스업,2011-03-14,12월
주식회사씨포넷,caseinc,씨포넷, ,손욱,기타법인,110111-1648710,118-81-19959,서울특별시 동작구 신대방2동 보라매나산스위트 18층,www.caseic.com,,시스템 소프트웨어 개발 및 공급업,2000-02-09,12월
(주)씨플랫폼,CPLATFORM,씨플랫폼, ,김중균,기타법인,110111-7448966,565-88-01595,"서울특별시 영등포구 가마산로 343 (대림동,콤텍빌딩)", ,,컴퓨터시스템 통합 자문 및 구축 서비스업,2020-04-06,12월
씨피엔터테인먼트 주식회사,CP Entertainment Corp.,씨피엔터테인먼트, ,최종욱,기타법인,110111-8684006,677-81-03126,"서울특별시 마포구 월드컵북로 396 13층(상암동, 누리꿈스퀘어)", ,,"영화, 비디오물 및 방송프로그램 제작업",2023-07-07,12월
씬앤스튜디오 주식회사,syn&studio,씬앤스튜디오, ,송인성,기타법인,110111-7161055,769-87-01676,"서울특별시 마포구 성암로 189 (상암동, 중소기업DMC타워) 710호",https://synnstudio.com,,방송 프로그램 제작업,2019-07-04,03월
(주)씽커즈,Thinkers,씽커즈, ,황진성,기타법인,110111-1352303,214-86-13938,서울특별시 강남구 삼성동 144-29 동진빌딩 5층,www.thinkers.co.kr,,시스템 소프트웨어 개발 및 공급업,1997-02-24,12월
주식회사 씽크로드,"Thinkroad CO,. LTD.",씽크로드, ,이영배,기타법인,110111-2153205,206-81-54398,서울특별시 강남구 논현동 160-1 조안빌딩2층,www.thinkroad.net,,시스템 소프트웨어 개발 및 공급업,2001-01-17,12월
(주) 씽크리얼스,Thinkreals Corp.,씽크리얼스, ,김창준,기타법인,131111-0248681,129-86-42552,"경기도 성남시 분당구 판교역로 235 (삼평동, 에이치스퀘어엔동) 6층", ,,출판업,2010-02-04,12월
주식회사 씽크풀,"THINKPOOL Co.,Ltd.",씽크풀, ,김동진,기타법인,110111-1001570,116-81-54775,"서울특별시 영등포구 국제금융로 70 17층 (여의도동, 미원빌딩)",www.thinkpool.com,,시스템 소프트웨어 개발 및 공급업,1994-01-11,12월
주식회사 씽크프리코리아,ThinkFree Korea Corporation,씽크프리코리아, ,강태진,기타법인,110111-1522724,107-81-63358,서울특별시 마포구 서교동 374-2,www.thinkfree.com,,시스템 소프트웨어 개발 및 공급업,1998-03-13,12월
(주)아가페출판사,"Agape Publishing CO.,LTD",아가페출판사, ,곽성종,기타법인,110111-1141011,114-81-64369,"서울특별시 서초구 효령로8길 5 4층 (방배동, 하은빌딩)",www.iagape.co.kr,,출판업,1995-04-20,12월
주식회사 아경미디어,"The Asia Media Co., Ltd.",아경미디어, ,최영범,기타법인,110111-6695360,850-87-01045,"서울특별시 중구 충무로 29 11층 (초동, 아시아미디어타워)",nc.asiae.co.kr/,,포털 및 기타 인터넷 정보매개 서비스업,2018-03-22,12월
유한회사 아남,"ANAM CO., LTD.",아남, ,김주채,기타법인,110114-0165818,134-86-43835,"서울특별시 구로구 디지털로27가길 27 (구로동, 대양빌딩)", ,,시스템 소프트웨어 개발 및 공급업,2007-11-21,12월
아남텔레콤(주),"ANAMTelecom Co., Ltd.",아남텔레콤, ,조보준,기타법인,110111-1303869,218-81-19017,서울특별시 서초구 반포동 736-2 대유빌딩,www.anamtel.co.kr,,무선 및 위성 통신업,1996-08-01,12월
아담소프트,Adamsoft Company Limited,아담소프트, ,박종만,기타법인,110111-1317547,214-86-09846,서울특별시 서초구 양재동 10-6 동원BD 201,http://www.adamsoft.com,,게임 소프트웨어 개발 및 공급업,1996-09-04,12월
주식회사 아데나소프트웨어,"ADENA SOFTWARE CO.,LTD.",아데나소프트웨어, ,정승우,기타법인,110111-6148228,138-88-00375,"서울특별시 강남구 테헤란로 207 (역삼동, 아가방빌딩) 14층",www.adenasoft.com,,컴퓨터 프로그래밍 서비스업,2016-08-11,12월
주식회사 아드리엘,Adriel,아드리엘, ,엄수원,기타법인,110111-6597029,838-87-00916,"서울특별시 종로구 삼봉로 94 (공평동, 94빌딩) 2층",www.adriel.com,,응용 소프트웨어 개발 및 공급업,2017-12-20,12월
주식회사 아들과딸,S&D Corp.,아들과딸, ,조진석,기타법인,120111-0633413,121-86-20758,"인천광역시 연수구 인천타워대로 323 (송도동, 송도센트로드) 비동 31층",www.아들과딸북클럽몰.com,,일반 서적 출판업,2012-11-07,12월
(주)아디아스,"ADIAS CO.,LTD",아디아스, ,이옥경,기타법인,110111-1811200,220-81-70579,서울특별시 양천구 목동 917-6 행복한세상 10층,http://www.adias.co.kr,,시스템 소프트웨어 개발 및 공급업,1999-11-18,12월
(주)아라기술,"ARA Networks co.,Ltd.",아라기술, ,이재혁,기타법인,160111-0082307,314-81-26039,"대전광역시 유성구 가정로 99 201,202,203,204,205호(신성동, 쌍용기술연구소)",www.aranetworks.com,,시스템 소프트웨어 개발 및 공급업,1999-05-19,12월
주식회사 아라드네트웍스,"ARAD Networks Co.,Ltd",아라드네트웍스, ,정현우,기타법인,110111-4771930,214-88-89878,"대전광역시 중구 대종로550번길 5 1204호(선화동, 유원오피스텔)",aradnetworks.com/,,컴퓨터 프로그래밍 서비스업,2012-02-01,12월
아라소프트 주식회사,"ARASOFT CO.,LTD",아라소프트, ,강정현,기타법인,110111-6181757,724-86-00546,경상남도 진주시 정촌면 뿌리산단로 90 (예하리),www.arasoft.net,,시스템 소프트웨어 개발 및 공급업,2016-10-01,12월
(주)아라아이디시,ARAIDC,아라아이디시, ,현영권,기타법인,110111-1826811,209-81-23860,서울특별시 종로구 부암동 182-1,www.araidc.com,,게임 소프트웨어 개발 및 공급업,1999-12-15,12월
(주)아라온테크,"Araontech Co., Ltd.",아라온테크,041060,"홍진규, 조명학(공동대표이사)",기타법인,110111-1257339,211-86-41060,경기도 성남구 분당구 황새울로 200번길 28 오너스타워 701호,www.eolith.co.kr,,시스템 소프트웨어 개발 및 공급업,1996-04-03,12월
아라정보기술(주),"Ara Infotech Co.,Ltd",아라정보기술, ,김석재,기타법인,110111-2071168,106-81-93198,서울특별시 영등포구 영등포동7가 94-44 2층,www.arait.co.kr,,시스템 소프트웨어 개발 및 공급업,2000-09-19,12월
주식회사 아람북스,ARAMBOOKS,아람북스, ,이병수,기타법인,110111-3614694,215-86-94216,"서울특별시 성동구 성수이로 147 (성수동2가, 아이에스비즈타워) 209호", ,,일반 서적 출판업,2007-02-07,12월
(주)아레스넷,ARESNET,아레스넷, ,박정규,기타법인,110111-1789035,114-81-91847,서울특별시 종로구 홍파동 20-2 두원빌딩 4층,http://www.aresnet.co.kr,,시스템 소프트웨어 개발 및 공급업,1999-10-14,12월
(주)아레오네트웍스,Arreonetworks Inc.,아레오네트웍스, ,이주호,기타법인,110111-1775638,110-81-42553,서울특별시 강남구 역삼1동 833-2 성보역삼빌딩 3층,www.arreonetworks.com,,소프트웨어 개발 및 공급업,1999-09-17,12월
(주)아론티,"ARONTI CO.,LTD.",아론티, ,서한영,기타법인,110111-1941479,104-81-52416,서울특별시 양천구 목1동 한국방송회관10층,www.aronti.com,,프로그램 공급업,2000-04-17,12월
주식회사 아름방송네트워크,Areum Broadcasting network,아름방송네트워크, ,박조신,기타법인,131111-0029619,129-81-22930,경기도 성남시 분당구 성남대로343번길 14 (정자동), ,,유선 방송업,1997-07-21,12월
재단법인 아름지기,Arumjigi Culture Keepers Foundation,아름지기, ,신연균,기타법인,110122-0034470,101-82-08989,서울특별시 종로구 효자로 17, ,,일반 서적 출판업,2001-12-18,12월
(주)아리라,"ARIRA Co., LTD",아리라, ,김인국,기타법인,110111-2679798,220-86-54216,"서울특별시 서초구 논현로 133 (양재동, 구보빌딩)",www.arira.co.kr,,"컴퓨터시스템 통합 자문, 구축 및 관리업",2002-12-26,12월
아리바코리아 주식회사,Ariba Korea Ltd,아리바코리아, ,김정범,기타법인,110111-2186298,101-81-68525,서울특별시 종로구 종로2가 6 ,http://kr.ariba.com,,시스템 소프트웨어 개발 및 공급업,2001-03-26,12월
(주)아리수인터넷,Arisoo Internet Inc.,아리수인터넷, ,김상동,기타법인,110111-1447956,214-86-17889,서울특별시 서초구 서초동 1490-25 일흥스포렉스빌딩 201호,www.web114.com,,시스템 소프트웨어 개발 및 공급업,1997-08-04,12월
주식회사 아리엘네트웍스,Ariel networks,아리엘네트웍스, ,정해석,기타법인,131111-0323954,129-86-77629,"서울특별시 성동구 성수일로8길 5 (성수동2가, 서울숲SKV1TOWER) 1107~1110호",www.arielnetworks.co.kr/,,시스템 소프트웨어 개발 및 공급업,2012-09-28,12월
(주)아리온소프트,Arionsoft,아리온소프트, ,임기철,기타법인,110111-2424581,107-86-11404,서울특별시 영등포구 여의도동 45-11 신한빌딩 705, ,,시스템 소프트웨어 개발 및 공급업,2002-01-17,12월
주식회사 아만타,Amnata Inc,아만타, ,주현민,기타법인,110111-4467810,119-86-35001,"서울특별시 관악구 남부순환로 1944 301, 401, 402",www.amanta.net,,"컴퓨터 프로그래밍, 시스템 통합 및 관리업",2010-11-09,12월
주식회사 아메바컬쳐 ,"Amoeba Culture Co., Ltd.",아메바컬쳐, ,최규상,기타법인,110111-3511501,211-87-86026,"서울특별시 강남구 논현로146길 8-3 (논현동, 제이빌딩)", ,,오디오물 출판 및 원판 녹음업,2006-08-18,12월
아모넷(주),"AMONET Co.,Ltd",아모넷, ,박문성,기타법인,110111-1855919,220-81-75012,서울특별시 강남구 역삼동 696-40 삼능빌딩 3층,www.kyungli.com,,시스템 소프트웨어 개발 및 공급업,2000-01-19,12월
(주)아모르소프트,"Amorsoft Co., Ltd",아모르소프트, ,김정환,기타법인,110111-4681577,211-88-66236,"서울특별시 강남구 영동대로 741 (청담동, 은성빌딩)", ,,시스템ㆍ응용 소프트웨어 개발 및 공급업,2011-09-02,12월
아바드(주),"AVAD Co.,Ltd",아바드, ,유병철,기타법인,110111-2112574,215-86-00168,경상북도 구미시 구평동 450-2 보람빌딩 801, ,,시스템 소프트웨어 개발 및 공급업,2000-11-17,12월
주식회사 아바티,"AVATYE Co., Ltd",아바티, ,최원혁,기타법인,131111-0556307,218-81-24150,"경기도 성남시 분당구 운중로 249 6층(판교동, 더제이에스)",avatye.com/,,응용 소프트웨어 개발 및 공급업,2019-05-24,12월
아비바소프트웨어코리아 유한회사,Schneider Electric Software Korea Ltd.,아비바소프트웨어코리아, ,라비샨카르고피나쓰,기타법인,110114-0192770,783-88-00549,"서울특별시 중구 을지로5길 26 (수하동, 미래에셋센터원(MiraeAssetCENTER1)) 서관 25층", ,,소프트웨어 개발 및 공급업,2017-01-01,12월
아비바코리아(주),AVEVA Korea Ltd.,아비바코리아, ,피터 존 핀치,기타법인,110111-2045204,120-86-10107,"서울특별시 중구 을지로5길 26 (수하동, 미래에셋센터원(MiraeAssetCENTER1)) 서관 25층",www.aveva.com,,시스템 소프트웨어 개발 및 공급업,2000-08-08,03월
(주) 아비즈,"ABYZ CO.,LTD",아비즈, ,송창훈,기타법인,110111-4219659,211-88-35470,"경기도 하남시 하남대로 947 (풍산동, 하남테크노밸리U1CENTER) A1510호",www.publog.co.kr,,응용 소프트웨어 개발 및 공급업,2009-11-18,12월
주식회사 아비커스,"Avikus Co., Ltd.",아비커스, ,임도형,기타법인,110111-7702940,786-81-02265,서울특별시 강남구 논현로85길 70 (역삼동) 10층 및 11층, ,,응용 소프트웨어 개발 및 공급업,2020-12-02,12월
주식회사 아사달,ASADAL INC.,아사달, ,서창녕,기타법인,110111-1940504,206-81-24351,"서울특별시 금천구 가산디지털1로 168 (가산동, 우림라이온스밸리) 8층",www.asadal.com,,컴퓨터시스템 통합 자문 및 구축 서비스업,2000-04-14,12월
주식회사 아산카카오메디컬데이터,"AsanKakao Medical Data Co., Ltd.",아산카카오메디컬데이터, ,"권기오, 김종철",기타법인,110111-6981040,310-81-33256,"서울특별시 송파구 올림픽로43길 88 6층(풍납동, 아산생명과학연구원 교육연구관)", ,,응용 소프트웨어 개발 및 공급업,2019-01-10,12월
아산케이블방송(주),"ASAN CableTV Broadcasting co., Ltd.",아산케이블방송, ,남철희,기타법인,164811-0012447,312-81-29933,충청남도 아산시 권곡동 524-13, ,,유선 방송업,1998-03-04,12월
주식회사 아산플러스,"ASAN PLUS Co.,Ltd",아산플러스, ,황재수,기타법인,164811-0099271,672-81-00556,충청남도 아산시 모종남로42번길 9 지락빌딩 301호 (모종동), ,,출판업,2016-10-17,12월
(주)아세아텔레콤,Asia Telecom,아세아텔레콤, ,박현서,기타법인,134811-0043448,124-81-64518,서울특별시 강남구 역삼동 601-20,asia-telecom.com,,통신 재판매업,1999-07-27,12월
(주)아세테크,ASETEC,아세테크, ,주두식,기타법인,110111-1268427,213-86-24086,"경기도 성남시 분당구 성남대로331번길 8 2201호 (정자동, 킨스타워)",www.asetec.co.kr,,컴퓨터시스템 통합 자문 및 구축 서비스업,1996-05-06,12월
주식회사 아센디오,"Ascendio Co., Ltd.",아센디오,012170,신민규,유가증권시장,110111-0253908,105-81-04294,"서울특별시 강남구 언주로 729 8층(논현동, 마스터스빌딩)",ascendio.co.kr,,"영화, 비디오물, 방송프로그램 제작 및 배급업",1977-04-21,12월
주식회사 아스크스토리,"Askstory co.,ltd",아스크스토리, ,권지훈,기타법인,110111-5259092,220-88-68000,"서울특별시 서초구 매헌로 16 (양재동, 하이브랜드) 1303호",www.askstorygroup.com,,소프트웨어 개발 및 공급업,2013-10-12,12월
주식회사 아스크스토리디에스,AskStoryDS,아스크스토리디에스, ,"권승현, 황지용",기타법인,110111-7062146,280-81-01472,"서울특별시 성북구 화랑로14길 5 H-1동 953A호 (하월곡동, KIST)", ,,시스템 소프트웨어 개발 및 공급업,2019-04-01,12월
아스펜스 주식회사,"ASPENS Co., Ltd.",아스펜스, ,이수병,기타법인,110111-4266527,120-87-49934,"경기도 성남시 분당구 판교로 255 F동 5층(삼평동, 판교이노밸리)",www.aspens.co.kr,,컴퓨터시스템 통합 자문 및 구축 서비스업,2010-01-11,12월
(주)아시아경제,"The Asia Business Daily Co., Ltd.",아시아경제,127710,"장범식, 마영민(각자대표)",코스닥시장,110111-3251165,101-86-15912,"서울특별시 중구 충무로 29 아시아미디어타워 10층,11층 &nbsp",www.asiae.co.kr,,포털 및 기타 인터넷 정보매개 서비스업,2005-06-20,12월
아시아나아이디티(주),"Asiana IDT, Inc.",아시아나IDT,267850,김응철,유가증권시장,110111-0801848,104-81-22547,"서울특별시 종로구 우정국로 26 에이동 21층, 22층(표시층 23층, 25층) (공평동, 센트로폴리스)",www.asianaidt.com,,컴퓨터시스템 통합 자문 및 구축 서비스업,1991-09-02,12월
아시아나세이버(주),"Asiana Sabre, Inc.",아시아나세이버, ,조용록,기타법인,110111-3010925,101-86-05210,"서울특별시 종로구 우정국로 26 에이동23층(표시층 26층)(공평동, 센트로폴리스)",www.asianasabre.co.kr/,,데이터베이스 및 온라인정보 제공업,2004-05-12,12월
(주)아시아미디어홀딩스,"Asia Media Holdings Co.,Ltd.",아시아미디어홀딩스,052810,임영욱,기타법인,110111-0767206,211-81-69011,서울특별시 중구 초동 42 아시아미디어타워5층 504호,www.edi.co.kr,,시스템 소프트웨어 개발 및 공급업,1991-04-02,12월
(주)아시아방송네트웍스,Asia Broadcasting Network,아시아방송네트웍스, ,송기석,기타법인,110111-2491738,109-81-77407,경기도 고양시 일산구 백석동 1331-1 크리스탈빌딩704호, ,,위성 및 기타 방송업,2002-04-08,12월
주식회사 아시아인베스트먼트,"ASIA INVESTMENT Co.,Ltd.",아시아인베스트먼트, ,홍현덕,기타법인,131111-0062966,129-81-43221,경기도 성남시 중원구 상대원동5439-1 스타우드프라자510, ,,방송 프로그램 제작업,2001-07-02,12월
(주)아시아하우징네트웍,"Asia Housing Network Co.,Ltd.",아시아하우징네트웍, ,조동주,기타법인,170111-0160549,502-81-49250,대구광역시 수성구 상동 8-1(한국통신 3F),asiahn.net,,그 외 기타 전기 통신업,2000-01-19,12월
주식회사 아실,Asil,아실, ,"유거상, 전병옥",기타법인,170111-0679847,589-88-00855,"대구광역시 달서구 장산남로 21 707호 (용산동, 법조빌딩)", ,,데이터베이스 및 온라인정보 제공업,2018-04-19,12월
(주)아씨오,Acciio Inc.,아씨오, ,윤동희,기타법인,110111-6019479,150-87-00359,서울특별시 강남구 테헤란로6길 26 (역삼동) 4층, ,,시스템ㆍ응용 소프트웨어 개발 및 공급업,2016-04-01,12월
주식회사 아우라홀딩스,AURAHOLDINGS,아우라홀딩스, ,전제석,기타법인,110111-5939884,280-81-00357,서울특별시 동대문구 장한로 96 (장안동) 5층,www.filecity.co.kr,,데이터베이스 및 온라인정보 제공업,2016-01-07,12월
아우토크립트 주식회사,"Autocrypt Co., Ltd.",아우토크립트,331740,"이석우, 김덕수(각자대표이사)",코스닥시장,110111-7213757,810-88-01404,"서울특별시 영등포구 여의공원로 115 세우빌딩, 8층",autocrypt.co.kr/,,응용 소프트웨어 개발 및 공급업,2019-08-23,12월
주식회사 아이게이밍파트너스,IGAMING PARTNERS,아이게이밍파트너스, ,박준서,기타법인,110111-7243887,652-81-01532,"서울특별시 강남구 영동대로 511 (삼성동, 트레이드타워)4004호", ,,출판업,2019-09-26,12월
아이글라스,KOREA EGLS LTD,아이글라스, ,유한옥,기타법인,110111-5486984,119-86-92642,"서울특별시 금천구 가산디지털1로 137 (가산동, IT캐슬2차) 404호", ,,모바일 게임 소프트웨어 개발 및 공급업,2014-08-12,12월
주식회사 아이나,"AINA Co.,Ltd.",아이나, ,박순택,기타법인,131111-0323897,144-81-05599,경기도 성남시 분당구 운중로267번길 3-5 (판교동) 6층,없음,,게임 소프트웨어 개발 및 공급업,2012-09-27,12월
(주)아이네임즈,"INAMES CO., LTD",아이네임즈, ,김태제,기타법인,110111-2219073,214-86-80418,"경기도 성남시 분당구 성남대로925번길 37 201호 (야탑동, 한승베네피아오피스텔)",www.inames.co.kr,,호스팅 및 관련 서비스업,2001-04-18,12월
(주)아이넷방송,INET TV CO.LTD,아이넷방송, ,이충국,기타법인,110111-2623365,109-81-80969,서울특별시 강서구 염창동 260-15 도레미빌딩 6층, ,,프로그램 공급업,2002-10-04,12월
(주)아이누리커뮤니케이션,inuri communications. co,아이누리커뮤니케이션, ,윤태웅,기타법인,110111-1843584,108-81-19985,서울특별시 동작구 대방동 유한양행빌딩8층,www.inuri.com,,시스템 소프트웨어 개발 및 공급업,2000-01-05,12월
(주)아이닉스,"EYENIX CO.,LTD",아이닉스, ,황정현,기타법인,135811-0096884,124-86-13391,"경기도 수원시 영통구 덕영대로1556번길 16 (영통동, 디지털엠파이어빌딩) C동 1004호",www.eyenix.com,,시스템 소프트웨어 개발 및 공급업,2003-09-19,12월
주식회사아이덴티티게임즈,Eyedentity Games Inc.,아이덴티티게임즈, ,TAN YANFENG,기타법인,110111-3654129,215-87-01432,"서울특별시 중구 서애로 33 (필동3가, 티엔에스빌딩) 2F~3F",www.eyedentitygames.com/,,유선 온라인 게임 소프트웨어 개발 및 공급업,2007-04-16,12월
(주)아이덴티티엔터테인먼트,"Eyedentity Entertainment Co., Ltd.",아이덴티티엔터테인먼트, ,구오하이빈,기타법인,110111-5662021,897-88-00019,"서울특별시 서초구 서초대로 301 6층, 7층, 8층 (서초동, 동익성봉빌딩)", ,,게임 소프트웨어 개발 및 공급업,2015-03-10,12월
주식회사 아이도트,AIDOT Inc.,아이도트, ,정재훈,기타법인,110111-5432177,264-81-36227,"서울특별시 송파구 법원로 128 C동 1007호, 1008호 (문정동, 문정에스케이브이원지엘메트로시티)",aidot.ai/,,응용 소프트웨어 개발 및 공급업,2014-06-05,12월
(주)아이디노,IDINO,아이디노, ,이태신,기타법인,180111-0547018,603-81-61668,"부산광역시 해운대구 센텀중앙로 66 (우동, 센텀T타워) 3층, (주)아이디노",www.idino.co.kr,,컴퓨터 프로그래밍 서비스업,2006-02-22,12월
아이디스파워텔 주식회사,Korea Telecom Powertel,아이디스파워텔, ,김영달,기타법인,110111-0414344,116-81-37548,서울특별시 양천구 목동서로 201 KT정보전산센터 19층 KT파워텔,www.idispowertel.com,,무선 및 위성 통신업,1985-12-30,12월
주식회사 아이디씨당진제일차,"IDC Dangjin Jeilcha Co.,Ltd.",아이디씨당진제일차, ,이순석,기타법인,165011-0079757,152-88-02307,충청남도 당진시 시청2로 49-19 (수청동) 1018호, ,,호스팅 및 관련 서비스업,2021-08-11,12월
주식회사 아이디씨텍,Idctech,아이디씨텍, ,김대영,기타법인,110111-4560052,215-87-51951,서울특별시 송파구 가락동 154-1 4층, ,,응용 소프트웨어 개발 및 공급업,2011-03-18,12월
주식회사 아이디어랩스,Idea Laps Inc,아이디어랩스, ,강민수,기타법인,110111-6238194,391-86-00628,"서울특별시 강남구 테헤란로34길 32 (역삼동, 우일빌딩) 1층", ,,시스템 소프트웨어 개발 및 공급업,2016-11-21,12월
(주)아이디에스앤트러스트,"IDSTRUST CO., LTD",아이디에스앤트러스트, ,박영호,기타법인,110111-1234006,120-81-70696,"서울특별시 강남구 봉은사로 644 (삼성동, 대웅제약빌딩)",www.idstrust.co.kr,,시스템 소프트웨어 개발 및 공급업,1996-01-16,12월
(주)아이디엠피,IDMP,아이디엠피, ,강신길,기타법인,110111-1902843,120-86-01535,서울특별시 종로구 원남동 66-21 보령빌딩 6층 ,www.idmp.co.kr,,애니메이션 영화 및 비디오물 제작업,2000-03-10,12월
주식회사 아이디일오삼,"ID153 Co.,Ltd",아이디일오삼, ,이충훈,기타법인,131111-0649079,856-86-02308,"경기도 성남시 분당구 성남대로916번길 11 (야탑동, 글라스타워) 401호", ,,응용 소프트웨어 개발 및 공급업,2021-10-22,12월
아이라인텔레콤(주),"i-line telecom Co., Ltd.",아이라인텔레콤, ,김재경,기타법인,110111-3466029,107-86-78900,서울특별시 영등포구 여의도동 미원빌딩 1604호,www.i-line.kr,,통신 재판매업,2006-05-26,12월
주식회사 아이러브스쿨,"iloveschool Co.,Ltd.",아이러브스쿨, ,김상민,기타법인,110111-1776090,105-86-03456,서울특별시 강남구 수서동 724번지 V-Valley빌딩 2층,www.iloveschool.co.kr,,데이터베이스 및 온라인정보 제공업,1999-09-21,12월
(주)아이러브시네마,"ilovecinema Co., Ltd.",아이러브시네마, ,정찬식,기타법인,110111-2950940,120-86-63564,서울특별시 강남구 삼성동88 , ,,"영화, 비디오물 및 방송프로그램 배급업",2004-02-16,12월
(주)아이런,"i run co.,ltd",아이런, ,장헌정,기타법인,110111-1599864,229-81-34532,서울특별시 강남구 도곡동 412-4 재경빌딩 2층,www.irun.net,,데이터베이스 및 온라인정보 제공업,1998-11-10,03월
(주)아이레터, ,아이레터, ,양일선,기타법인,115911-0026726,128-81-45736,경기도 고양시 일산구 마두2동,www.ilertter.co.kr,,시스템 소프트웨어 개발 및 공급업,2000-01-25,01월
(주)아이리스이십일,IRIS21 Inc.,아이리스이십일, ,심태보,기타법인,110111-1543027,114-81-83861,서울특별시 서초구 서초3동 1527-11 제이와이타워 4층,www.iris21.com,,게임 소프트웨어 개발 및 공급업,1998-05-06,12월
아이리텍,"Iritech, Inc.",아이리텍, ,김대훈,기타법인, ,3159681,"Fairfax, VA 22030,   U.S.A. 11166 Fairfax Blvd., Suite 302",www.iritech.com,,응용 소프트웨어 개발 및 공급업,2000-03-29,03월
(주)아이마스,"IMAS CO., LTD.",아이마스, ,김민영,기타법인,110111-1613630,211-86-47399,서울특별시 강남구 신사동 590,http://www.imas.co.kr,,시스템 소프트웨어 개발 및 공급업,1998-11-27,12월
(주)아이맷,IMAT,아이맷, ,김정호,기타법인,131111-0033595,129-81-25126,서울특별시 영등포구 신길동 1673 모든벤쳐타운 4층,www.imat.co.kr,,음악 및 기타 오디오물 출판업,1998-05-26,12월
주식회사 아이메코,"IMECO Co.,Ltd",아이메코, ,전석환,기타법인,110111-1922643,107-81-80226,"서울특별시 강서구 화곡로 416 (등촌동, 가양역더스카이밸리5차지식산업센터)",www.imeco.co.kr,,기타 정보기술 및 컴퓨터운영 관련 서비스업,2000-03-28,12월
아이모바일컴퓨팅(주),imobilecomputing corp.,아이모바일컴퓨팅, ,임해룡,기타법인,110111-1939010,211-86-95488,서울특별시 동작구 신대방동395-65,www.imcc.cc,,컴퓨터시스템 통합 자문 및 구축 서비스업,2000-04-12,12월
(주)아이뱅크,ibank Inc.,아이뱅크, ,정용관,기타법인,110111-1560211,116-81-68774,"서울특별시 금천구 가산디지털1로 145 701(가산동, 에이스하이엔드타워3차)",www.ibank.co.kr,,시스템 소프트웨어 개발 및 공급업,1998-06-23,12월
주식회사 아이브,"AIV Co., Ltd.",아이브, ,성민수,기타법인,110111-7394747,792-81-01918,"경기도 용인시 수지구 광교중앙로 338 (상현동, 광교우미뉴브) 제에이 721호, 722호", ,,컴퓨터 프로그래밍 서비스업,2020-02-18,12월
주식회사 아이브릿지홀딩스,"IBRIDGEHOLDINGS. CO., INC.",아이브릿지홀딩스, ,엄상문,기타법인,110111-1657571,214-86-30112,서울특별시 강남구 역삼동 737번지 스타타워 17층, ,,시스템 소프트웨어 개발 및 공급업,1999-03-04,12월
아이브스(주),IVS Inc.,아이브스, ,배영훈,기타법인,110111-4353564,220-87-99807,"서울특별시 성동구 광나루로6길 35 (성수동2가, 성수동우림이비즈센터) 706-2호", ,,시스템 소프트웨어 개발 및 공급업,2010-05-19,12월
(주)아이블리스,IBLISS Co. LTD.,아이블리스, ,최창호,기타법인,110111-3364512,107-86-72624,서울특별시 종로구 서린동 149 청계11빌딩 13층,www.ibliss.co.kr,,"컴퓨터시스템 통합 자문, 구축 및 관리업",2005-12-21,12월
주식회사 아이비리더스,IB Leadees Ltd.,아이비리더스, ,정광천,기타법인,110111-2768731,214-87-33800,"서울특별시 구로구 디지털로 242 1501호 (구로동, 한화비즈메트로1차)", ,,컴퓨터 프로그래밍 서비스업,2003-05-01,12월
(주)아이비샛,"IBSAT CO., LTD.",아이비샛, ,김용승,기타법인,110111-1840978,220-81-73498,서울특별시 강서구 염창동 260-15 도레미빌딩 6층,http://www.ibsat.co.kr,,그 외 기타 전기 통신업,1999-12-31,12월
(주)아이비센터,ibcenter,아이비센터, ,이용문,기타법인,110111-2069931,214-86-67680,"서울특별시 서초구 남부순환로 2457 (서초동, 보성빌딩) 302호",www.ibcenter.co.kr,,소프트웨어 개발 및 공급업,2000-09-15,12월
주식회사 아이비스,IVIS Inc.,아이비스, ,남기모,기타법인,131111-0249168,129-86-43022,"경기도 수원시 영통구 창룡대로256번길 50 4층 (이의동, 광교플렉스데시앙)",www.ivis.ai,,시스템 소프트웨어 개발 및 공급업,2010-02-22,12월
(주)아이비스포츠,IB Sports Inc.,아이비스포츠, ,김정환,기타법인,110111-4109925,211-88-27548,"서울특별시 강남구 학동로23길 55 (논현동, 코데즈빌딩)",www.ibsports.com,,프로그램 공급업,2009-06-10,12월
(주)아이비스포츠,IBSPORTS,아이비스포츠, ,이희진,기타법인,110111-3119743,105-86-73160,서울특별시 강남구 신사동 563-30 PSG빌딩 8층,www.ibsports.com,,프로그램 공급업,2004-11-22,12월
주식회사 아이비시스템,I B SYSTEM Co.Ltd,아이비시스템, ,심재붕,기타법인,110111-1785637,214-86-39641,서울특별시 서초구 양재동 314,www.dashn.com,,게임 소프트웨어 개발 및 공급업,1999-10-08,12월
(주)아이비아이닷넷,ibi.net,아이비아이닷넷, ,박영옥,기타법인,110111-2841686,107-86-38534,서울특별시 금천구 가산동 459-11 제이플라츠빌딩 14층 1404~1406,ibi.net,,시스템 소프트웨어 개발 및 공급업,2003-08-18,12월
(주)아이비알,IBR. Inc.,아이비알, ,유지선,기타법인,110111-1649130,120-81-86688,서울특별시 서초구 서초동 1337-31 산학재단빌딩 12층, ,,시스템 소프트웨어 개발 및 공급업,1999-02-10,12월
아이비에스패컴(주),"IBS f comm.co.,ltd",아이비에스패컴, ,김석규,기타법인,110111-1815351,113-81-56828,서울특별시 서초구 서초동 1474-16 미진빌딩 3층,www.f-club.co.kr,,데이터베이스 및 온라인정보 제공업,1999-11-25,12월
(주)아이비엠케이,InternetBMKorea,아이비엠케이, ,신창훈,기타법인,150111-0055611,301-81-52977,충청북도 청주시 상당구 내덕동 36 청주대인터넷센터 B-6,www.internetbmkorea.com,,데이터베이스 및 온라인정보 제공업,2001-04-09,12월
(주)아이비젠,iBGEN Inc.,아이비젠, ,신양호,기타법인,110111-1589211,205-81-39429,서울특별시 강남구 역삼동 825-13 강남센타빌딩 3층,ibgen.com,,시스템 소프트웨어 개발 및 공급업,1998-09-23,12월
(주)아이비젼엔터테인먼트,"i-vision entertainment co,ltd.",아이비젼엔터테인먼트, ,전호진,기타법인,110111-2029852,211-86-63119,서울특별시 강남구 신사동 652-16 KMD빌딩501호,www.ivision4u.com,,일반 영화 및 비디오물 제작업,2000-07-20,12월
주식회사 아이비케이시스템,"IBK System Co., Ltd",아이비케이시스템, ,김윤기,기타법인,110111-0760531,101-81-26317,"서울특별시 중구 퇴계로 141-7 (충무로2가, 뉴서울빌딩)",www.ibksystem.co.kr,,시스템 소프트웨어 개발 및 공급업,1991-03-22,12월
(주)아이비 테크놀리지,IBT,아이비테크놀리지, ,정창무,기타법인,110111-1304130,220-81-35780,서울특별시 마포구 서교동467-25 유삼빌딩202호,www.bonusok.co.kr,,시스템 소프트웨어 개발 및 공급업,1996-08-01,12월
(주)아이비피,"IBP Co.,Ltd",아이비피, ,이준형,기타법인,110111-5416254,105-88-02989,"서울특별시 강서구 양천로 400-12 (등촌동, 더리브골드타워) 809호",www.ibpkr.com,,시스템 소프트웨어 개발 및 공급업,2014-05-17,12월
(주)아이서티,"Icerti Co.,Ltd",아이서티, ,김영후,기타법인,110111-4456061,107-87-42618,"대전광역시 유성구 테크노중앙로 55 (관평동, 에이스타워)901-3",www.icerti.com,,컴퓨터시스템 통합 자문 및 구축 서비스업,2010-10-22,12월
(주)아이센트,"icent co., ltd.",아이센트, ,문원상,기타법인,110111-1890139,211-86-91842,서울특별시 성동구 아차산로17길 49 (성수동2가)생각공장 데시앙플렉스 15층,www.icent.co.kr,,컴퓨터시스템 통합 자문 및 구축 서비스업,2002-02-25,12월
(주)아이센트릭,"iCentric Co.,Ltd",아이센트릭, ,한상모,기타법인,110111-7661542,638-86-01905,"서울특별시 강남구 학동로31길 12 6층 (논현동, 벤쳐캐슬빌딩)",www.icentric.co.kr,,"컴퓨터 프로그래밍, 시스템 통합 및 관리업",2020-10-26,12월
주식회사 아이셋디에이,"ISET-DA  CO., LTD.",아이셋디에이, ,김종열,기타법인,131111-0222247,129-86-28676,"경기도 성남시 분당구 판교역로 230 B동 407호(삼평동, 삼환하이펙스)",www.iset-da.com,,시스템 소프트웨어 개발 및 공급업,2008-12-09,12월
(주)아이소프트, ,아이소프트, ,이철호,기타법인,110111-1147192,220-81-04822,서울특별시 서초구 양재동 377-3 7층,www.isoft.co.kr,,시스템 소프트웨어 개발 및 공급업,1995-04-13,12월
(주)아이솔루션,ISOLUTION COPERATION,아이솔루션, ,이기용,기타법인,110111-1684516,220-81-60805,서울특별시 강남구 역삼동 789-30 광암빌딩 3층,www.isolution.co.kr,,시스템 소프트웨어 개발 및 공급업,1999-04-01,12월
(주)아이스마트앤,Ismartn,아이스마트앤, ,최건섭,기타법인,110111-5785394,433-86-00223,서울특별시 강남구 논현로152길 13 (신사동)유림빌딩,www.ismartn.com,,포털 및 기타 인터넷 정보매개 서비스업,2015-07-17,12월
아이스카이컴,"iSkyCom ,Inc",아이스카이컴, ,박유선,기타법인,110111-2051780,206-81-29244,서울특별시 강남구 논현동 101,www.iskycom.tv,,위성 및 기타 방송업,2000-08-18,06월
유한회사 아이스콘,-,아이스콘, ,김수현,기타법인,110114-0141983,105-87-99395,"서울특별시 마포구 마포대로 109 (공덕동, 롯데캐슬프레지던트) 제18층 제오-1804호", ,,정보서비스업,2014-02-25,12월
(주)아이스크림미디어,"i-Scream Media CO., LTD.",아이스크림미디어,461300,"허주환, 현준우(각자대표)",코스닥시장,110111-2453184,120-86-33565,경기도 성남시 분당구 판교역로 225-20,www.i-screammedia.com,,소프트웨어 개발 및 공급업,2002-02-22,12월
(주)아이스크림에듀,"i-Scream Edu Co., Ltd.",아이스크림에듀,289010,박기석,코스닥시장,110111-5125649,120-87-97004,"서울특별시 서초구 매헌로 16 하이브랜드빌딩 16층, 18층",www.i-screamedu.co.kr,,기타 인쇄물 출판업,2013-04-21,12월
주식회사 아이스타,"ISTAR.CO.,LTD",아이스타, ,김혁,기타법인,110111-1944928,211-86-96599,서울특별시 강남구 신사동 665-1 한양타운 B1,www.istar.co.kr,,그 외 기타 전기 통신업,2000-04-19,12월
아이스타뮤직,istarmusic,아이스타뮤직, ,장의식,기타법인,110111-1994725,211-86-60451,서울특별시 강남구 신사동 665-1한양타운b1, ,,음악 및 기타 오디오물 출판업,2001-06-13,12월
(주)아이스타 시네마,ISTAR CINEMA,아이스타시네마, ,곽호영,기타법인,110111-2788466,211-87-33683,서울특별시 강남구 논현동 269-8 코리아아트센타 3층, ,,일반 영화 및 비디오물 제작업,2003-05-28,12월
(주)아이스피릿,"iSpirit, Inc",아이스피릿, ,"임성근, 이기엽",기타법인,110111-2457061,211-87-09752,서울특별시 금천구 가산동 429-1 뉴티캐슬 910호,www.i-spirit.co.kr,,음악 및 기타 오디오물 출판업,2007-03-05,12월
(주)아이시스테크놀러지,ICIS TECHNOLOGY INC.,아이시스테크놀러지, ,이승규,기타법인,110111-1430993,220-81-45726,서울특별시 강남구 청담동 53-8 은성빌딩 13층,www.icis.co.kr,,시스템 소프트웨어 개발 및 공급업,1997-06-24,12월
아이시어스(주),I-CIUS,아이시어스, ,박재우,기타법인,110111-4638867,120-87-70024,서울특별시 용산구 한강대로 308 한국정보통신공사협회 12층 (갈월동),www.i-cius.com,,데이터베이스 및 온라인정보 제공업,2011-07-01,12월
(주)아이시티,"icity co.,ltd.",아이시티, ,남수현,기타법인,160111-0061020,314-81-18276,서울특별시 서초구 양재동 275-5 태석빌딩18층,www.icity.co.kr,,시스템 소프트웨어 개발 및 공급업,1997-03-13,12월
주식회사 아이써치마케팅,isearchmarketing,아이써치마케팅, ,김성철,기타법인,110111-7531068,848-86-01841,"서울특별시 강동구 양재대로 1443 (길동, 동우빌딩) 5층", ,,시스템 소프트웨어 개발 및 공급업,2020-07-01,12월
아이써프(주),Isurf Inc.,아이써프, ,예종욱,기타법인,110111-2197047,214-86-78718,서울특별시 서초구 서초동 1534-5번지 코스모빌딩 501호,www.isurf.co.kr,,게임 소프트웨어 개발 및 공급업,2001-03-21,12월
(주)아이쎈,"issan co., ltd.",아이쎈, ,강현석,기타법인,110111-1869332,107-81-77134,서울특별시 영등포구 여의도동 12번지 CCMM B/D10층,www.issan.net,,유선 통신업,2002-02-02,12월
아이씨앤인천방송(주),INCHEON BROADCASTING,아이씨앤인천방송, ,전영일,기타법인,120111-0122119,139-81-22941,인천광역시 남동구 간석동 282-1,www.icntv.co.kr,,그 외 기타 전기 통신업,1995-07-28,12월
(주)아이씨에스에스,ICSS,아이씨에스에스, ,이권희,기타법인,110111-1326613,116-81-61446,서울특별시 서초구 서초동 1708-2 소프트웨어 벤처 프라자 5층,www.icss.co.kr,,시스템 소프트웨어 개발 및 공급업,1998-11-19,12월
아이씨엔텔레콤, ,아이씨엔텔레콤, ,김태윤,기타법인,110111-1511876,208-81-25318,서울특별시 종로구 원남동 66-21 보령빌딩 5층, ,,그 외 기타 전기 통신업,1998-02-12,12월
아이씨티웨이주식회사,"ICTWAY CO.,LTD,",아이씨티웨이, ,조유복,기타법인,134111-0215124,138-81-72429,"경기도 안양시 동안구 학의로 282 (관양동, 금강펜테리움IT타워) A동 1403~1405호",www.ictway.co.kr,,컴퓨터시스템 통합 자문 및 구축 서비스업,2012-01-12,12월
아이아키텍트,Iarchitect,아이아키텍트, ,문성원,기타법인,110111-4396572,220-88-02459,서울특별시 강남구 학동로 329 (논현동) 북플라자 5층, ,,일반 서적 출판업,2010-07-19,12월
아이알컴주식회사,"IRCOMM Co.,Ltd.",아이알컴, ,고현석,기타법인,110111-1830341,211-86-87431,서울특별시 강남구 신사동 600-2 동신빌딩7층,www.danmuzy.com,,그 외 기타 정보 서비스업,1999-12-17,12월
(주)아이액츠,"iacts co.,ltd",아이액츠, ,조성옥,기타법인,180111-0450279,617-81-46405,경상남도 김해시 인제로39번길 35 (삼정동) 201호,www.iacts.co.kr,,컴퓨터 프로그래밍 서비스업,2003-05-23,12월
(주)아이앤나,I&NA inc.,아이앤나, ,이경재,기타법인,110111-6432374,363-81-01044,"경기도 성남시 분당구 판교역로 180 (삼평동, 알파타워) 5층", ,,소프트웨어 개발 및 공급업,2017-06-15,12월
(주)아이앤브이컨설팅,I&V Consulting. co,아이앤브이컨설팅, ,왕은광,기타법인,110111-2041624,211-86-64044,서울특별시 강남구 논현동 158 해림빌딩,http://www.ir21.co.kr,,데이터베이스 및 온라인정보 제공업,2000-08-03,12월
주식회사 아이앤아이소프트,"INISOFT Co., LTd.",아이앤아이소프트, ,김태현,기타법인,110111-2164723,214-86-76331,"경기도 용인시 수지구 신수로 767 (동천동, 분당수지U-TOWER)", ,,시스템 소프트웨어 개발 및 공급업,2001-02-06,12월
(주)아이야닷컴,"iyah.com, INC.",아이야닷컴, ,김용원,기타법인,110111-1923873,106-81-87662,서울특별시 중구 을지로6가 두산타워 21층 18-12,http://www.iyah.com,,데이터베이스 및 온라인정보 제공업,2000-03-29,12월
(주)아이야이앤씨,IYAHENC Co. Ltd.,아이야이앤씨, ,이봉환,기타법인,110111-2470526,214-87-07277,서울특별시 영등포구 문래동3가 54-66 에이스하이테크시티 1동 14층,http://www.iyahenc.com,,시스템 소프트웨어 개발 및 공급업,2002-03-14,12월
주식회사 아이언메이스,"IRONMACE Co., Ltd.",아이언메이스, ,PARK TERENCE SEUNGHA,기타법인,131111-0648617,718-87-02610,경기도 성남시 분당구 판교역로 225-18 (삼평동) 8층 아이언메이스,darkanddarker.com/,,유선 온라인 게임 소프트웨어 개발 및 공급업,2021-10-20,12월
주식회사 아이에스다은,"ISDaEun, inc",아이에스다은, ,고국훈,기타법인,110111-1571185,215-81-70825,서울특별시 강동구 둔촌동 161번지 삼보빌딩 5층,www.daeun.co.kr,,시스템 소프트웨어 개발 및 공급업,1999-08-01,12월
(주)아이에스지,"ISG Co., LTD.",아이에스지, ,이성하,기타법인,110111-1383936,229-81-26497,서울특별시 강남구 역삼동 746-9 명진빌딩 3층,www.isg21.co.kr,,시스템 소프트웨어 개발 및 공급업,1997-02-28,12월
(주) 아이에스티엔,ISTN,아이에스티엔, ,"임해각, 김종도",기타법인,110111-3935389,220-87-69695,"서울특별시 송파구 법원로9길 26 (문정동, 에이치비지니스파크) C동 901호",www.istn.co.kr,,컴퓨터시스템 통합 자문 및 구축 서비스업,2008-07-15,12월
(주)아이에이엠,IAM Corp.,아이에이엠, ,김동규,기타법인,150111-0146006,301-86-11025,충청북도 청주시 흥덕구 비하로63번길 31 (비하동), ,,포털 및 기타 인터넷 정보매개 서비스업,2011-03-15,12월
(주)아이에이치큐,"IHQ, INC",아이에이치큐,003560,오준,기타법인,110111-0042393,211-81-20395,서울특별시 강서구 강서로 501-8 (가양동),www.ihq.co.kr,,"영화, 비디오물, 방송프로그램 제작 및 배급업",1962-08-24,12월
아이에프에스솔루션스코리아(주),IFS solutions korea corporation,아이에프에스솔루션스코리아, ,이완영,기타법인,110111-2350786,220-86-21700,서울특별시 강남구 역삼동 823-22,www.IFSkorea.com,,컴퓨터시스템 통합 자문 및 구축 서비스업,2001-10-12,12월
주식회사 아이엔소프트,"IN Soft Co., Ltd",아이엔소프트, ,황광익,기타법인,160111-0131328,314-81-47669,"서울특별시 영등포구 경인로 775 2동 504호 (문래동3가, 에이스하이테크시티)",www.in-soft.co.kr,,컴퓨터시스템 통합 자문 및 구축 서비스업,2002-01-21,12월
(주)아이엔에스 테크놀러지,"I & S technology co.,ltd",아이엔에스테크놀러지, ,박종문,기타법인,110111-1687073,119-81-30618,서울특별시 강남구 역삼동 834-34 홍우빌딩 3층,www.instro.co.kr,,시스템 소프트웨어 개발 및 공급업,1997-08-26,12월
(주)아이엔에쓰,INS,아이엔에쓰, ,정용기,기타법인,110111-6401840,545-81-00671,"서울특별시 마포구 삼개로 16 (도화동, 근신빌딩) 2신관 201호",www.inscorp.co.kr/,,시스템 소프트웨어 개발 및 공급업,2017-05-22,12월
주식회사 아이엔엘,INL corp.,아이엔엘, ,김현석,기타법인,120111-0385981,131-81-93684,인천광역시 남구 주안동 169-1 창보빌딩 201,inlcorp.com,,포털 및 기타 인터넷 정보매개 서비스업,2005-10-18,12월
(주)아이엘포유,il4u,아이엘포유, ,류병수,기타법인,110111-3246562,220-87-10947,"서울특별시 서초구 바우뫼로37길 45 (양재동, 영산양재홀) 3층",www.il4u.co.kr,,기타 정보기술 및 컴퓨터운영 관련 서비스업,2005-06-13,12월
(주)아이엠넷, ,아이엠넷, ,김용훈,기타법인,200111-0113575,409-81-52970,광주광역시 북구 두암동 771 동강대학 창업보육센타, ,,데이터베이스 및 온라인정보 제공업,2000-03-20,12월
주식회사 아이엠데이터시스템,"iM DS Co.,Ltd.",아이엠데이터시스템, ,유충식,기타법인,170111-0457508,502-86-16545,"대구광역시 동구 팔공로53길 70 (봉무동, 대구은행DGB혁신센터) 3층",www.imds.co.kr,,컴퓨터 프로그래밍 서비스업,2012-04-09,12월
(주) 아이엠 스테이션,IM Station Inc.,아이엠스테이션, ,황혜남,기타법인,110111-1749302,220-81-65509,서울특별시 중구 초동 106-9 골드타워 8층,www.imstation.com,,시스템 소프트웨어 개발 및 공급업,1999-08-06,12월
주식회사 아이엠씨,"IMC.co.,Ltd",아이엠씨, ,이상락,기타법인,180111-0424571,602-81-26921,부산광역시 영도구 영선동1가 113번지,www.apyhomepy.com,,시스템 소프트웨어 개발 및 공급업,2002-10-08,12월
(주)아이엠씨게임즈,"IMC GAMES CO., LTD",아이엠씨게임즈, ,김학규,기타법인,110111-2742751,211-87-30385,"서울특별시 강남구 테헤란로77길 14 (삼성동, ES타워) 4,5,6 F",www.imc.co.kr,,기타 게임 소프트웨어 개발 및 공급업,2003-03-21,12월
(주)아이엠씨 일레븐,imc-11,아이엠씨일레븐, ,김광수,기타법인,121111-0109017,130-81-97289,경기도 부천시 원미구 상동 535-5,www.imc11.co.kr,,영화관 운영업,2003-05-19,12월
아이엠씨코리아, ,아이엠씨코리아, ,"최남권, 정재완",기타법인,110111-1852361,211-86-90708,서울특별시 강남구 신사동 634-10 윤당빌딩 7층, ,,데이터베이스 및 온라인정보 제공업,2000-01-14,12월
아이엠씨큐브,IMCCUBE,아이엠씨큐브, ,신동희,기타법인,110111-2863375,211-87-39125,"서울특별시 강남구 도산대로4길 15 (논현동, 큐브타워)", ,,포털 및 기타 인터넷 정보매개 서비스업,2003-10-01,12월
(주) 아이엠아이,"IMI Co., LTD.",아이엠아이, ,박수종,기타법인,210111-0037939,402-81-50705,전라북도 전주시 덕진구 가리내로 56 (금암동) 아이엠아이빌딩,www.imicorp.co.kr,,데이터베이스 및 온라인정보 제공업,2002-11-05,12월
(주)아이엠아이티,"IMIT. CO., LTD.",아이엠아이티,038100,이한철,기타법인,110111-0950710,113-81-27487,서울특별시 영등포구 문래동3가 55-7 에이스테크노타워 4층,www.imit.co.kr,,시스템 소프트웨어 개발 및 공급업,1993-06-17,12월
주식회사 아이엠에스시스템,"IMS System Co.,Ltd.",아이엠에스시스템, ,임화,기타법인,110111-0918916,120-81-37912,서울특별시 강남구 대치동 945 삼안빌딩 5층,imssystem.com,,컴퓨터시스템 통합 자문 및 구축 서비스업,1993-02-08,12월
(주)아이엠제이,IMJ,아이엠제이, ,Kashino Takato,기타법인, ,20319,"1-1 NishiGotanda 7chome, Shinagawa-Ku, Tokyo",www.imj.co.jp,,시스템 소프트웨어 개발 및 공급업,1996-07-04,12월
(주)아이엠코리아,IM Korea Company Inc,아이엠코리아, ,조동문,기타법인,110111-1895676,110-81-44774,서울특별시 서대문구 연희동 121-14 2층,http://www.imikorea.co.kr,,서적 출판업,2000-03-03,12월
(주)아이엠코어,im-core inc,아이엠코어, ,김용만,기타법인,110111-6736388,631-81-01097,"서울특별시 강남구 선릉로 667 (논현동, 요현빌딩) 11층",https://www.im-core.com/,,응용 소프트웨어 개발 및 공급업,2018-04-27,12월
(주)아이엠티,"IMT CO., LTD",아이엠티, ,조자연,기타법인,160111-0095540,314-81-31963,"세종특별자치시 연동면 명학산단서로 19 (내판리, (주)아이엠티)",www.imtplus.com,,컴퓨터시스템 통합 자문 및 구축 서비스업,2000-03-23,12월
(주)아이엠티브이,IMTV,아이엠티브이, ,이영숙,기타법인,110111-2173021,107-81-96446,"서울특별시 마포구 월드컵북로 434 (상암동, 상암ITTower) 12층 02호", ,,"영화, 비디오물 및 방송프로그램 배급업",2001-02-16,12월
아이엠티웍스,IMTWORKS,아이엠티웍스, ,심보현,기타법인,110111-1710551,229-81-38519,서울특별시 서초구 양재동 402-4 윤남빌딩3층,http://interkorea.moya.net,,게임 소프트웨어 개발 및 공급업,1999-06-08,12월
주식회사 아이엠픽쳐스,IM PICTURES GORP,아이엠픽쳐스, ,최완,기타법인,110111-1932220,211-86-95168,서울특별시 강남구 논현동,impictures.co.kr,,일반 영화 및 비디오물 제작업,2000-04-06,12월
주식회사 아이오시스템,"I.O SYSTEM CO.,LTD",아이오시스템, ,이승재,기타법인,110111-0963838,219-81-10402,서울특별시 송파구 가락로 43 (석촌동),www.iosystem.co.kr,,시스템 소프트웨어 개발 및 공급업,1993-08-07,12월
(주)아이오엔터테인먼트,"IO ENTERTAINMENT CO., LTD",아이오엔터테인먼트, ,박종하,기타법인,110111-2261850,206-81-59321,경기도 성남시 분당구 대왕판교로644번길 49 (삼평동) DTC타워 8층,www.ioenter.com,,게임 소프트웨어 개발 및 공급업,2001-06-15,12월
(주)아이오탑테크놀로지,IOTOP Technology,아이오탑테크놀로지, ,박동윤,기타법인,110111-2172792,214-86-76840,서울특별시 서초구 서초동 1580-17 2층,www.iotop.com,,컴퓨터시스템 통합 자문 및 구축 서비스업,2001-02-16,04월
(주)아이온커뮤니케이션즈,"I-ON COMMUNICATION CO.,LTD",아이온커뮤니케이션즈, ,오재철,기타법인,110111-1728249,229-81-39181,서울특별시 강남구 테헤란로10길 15 (역삼동) 아이온빌딩,www.i-on.net,,시스템 소프트웨어 개발 및 공급업,1999-07-05,12월
(주)아이옵스,"I-OPS Co,. Ltd.",아이옵스, ,김영욱,기타법인,160111-0394306,514-88-00036,"대전광역시 서구 월평중로 30 301호 (월평동, 트리플타워)",i-ops.co.kr/,,시스템 소프트웨어 개발 및 공급업,2015-03-23,12월
주식회사 아이웍스,"IWORKS CO., LTD.",아이웍스, ,김상흠,기타법인,110111-1803819,206-81-20049,서울특별시 광진구 구의동 254-36 우남빌딩 502호,http://www.iworksns.com,,시스템 소프트웨어 개발 및 공급업,1999-11-06,12월
주식회사 아이원건설,ionewon,아이원건설, ,채대웅,기타법인,220111-0147702,898-87-00354,"제주특별자치도 제주시 과원북4길 95-2 (연동, 에이스아크로텔) 802호", ,,"컴퓨터 프로그래밍, 시스템 통합 및 관리업",2016-06-08,12월
주식회사 아이월드네트워킹,"Iworld Networking, Inc.",아이월드네트워킹, ,허진호,기타법인,110111-1874844,220-81-77252,서울특별시 강남구 논현동 216-14,www.iworld.co.kr,,컴퓨터시설 관리업,2000-02-11,12월
(주)아이윌미디어,iWill Media Corporation,아이윌미디어, ,전용주,기타법인,110111-4495283,117-81-74473,"서울특별시 영등포구 국제금융로2길 32 (여의도동, 여의도파이낸스타워) 18층 일부",iwillmedia.co.kr,,"영화, 비디오물 및 방송프로그램 제작업",2010-12-20,12월
아이인터넷주식회사,"iinternet.co., LTD",아이인터넷, ,유근일,기타법인,110111-1705578,116-81-74164,서울특별시 영등포구 여의도동 25-5 동화빌딩 1105호,www.iinternet.co.kr,,시스템 소프트웨어 개발 및 공급업,1999-05-29,10월
(주)아이즈비전,EYESVISION CORPORATION,아이즈비전,031310,"김상우, 안필성(각자 대표이사)",코스닥시장,180111-0132801,607-81-34770,서울특별시 강남구 강남대로 556 17층,www.eyesvision.com,,전기 통신업,1992-09-09,12월
(주)아이지넷,Aiji net Inc.,아이지넷,462980,"김창균, 김지태",코스닥시장,135811-0248964,124-87-49810,"서울특별시 송파구 법원로8길 9 청림타워 5,6층",www.bodoc.kr/,,데이터베이스 및 온라인정보 제공업,2014-05-16,12월
아이지시스템(주),"AIJI SYSTEM CO., LTD.",아이지시스템, ,김창균,기타법인,130111-0048595,124-81-57981,경기도 수원시 팔달구 인계동 1122-10 삼호파크타워208호,www.aijisystem.com,,시스템 소프트웨어 개발 및 공급업,1998-09-12,12월
아이지에스(주),"IGS CO.,LTD.",아이지에스, ,강민혁,기타법인,110111-3157199,220-87-03922,"서울특별시 영등포구 문래로28길 25 7층, 8층 일부(문래동3가, 세미콜론문래)",igsinc.co.kr,,게임 소프트웨어 개발 및 공급업,2005-01-24,12월
주식회사 아이지에이웍스,IGAWORKS INC.,아이지에이웍스, ,마국성,기타법인,110111-3585704,220-87-41741,"서울특별시 마포구 양화로 45 (서교동, 메세나폴리스)",www.igaworks.com,,게임 소프트웨어 개발 및 공급업,2006-12-22,12월
주식회사 아이지엠홀딩스,"IGM Holdings Co.,LTD",아이지엠홀딩스, ,김영수,기타법인,110111-3905861,107-87-09531,서울특별시 강남구 언주로 734 싸이칸빌딩 12층,www.igmarketing.co.kr,,컴퓨터시스템 통합 자문 및 구축 서비스업,2008-06-02,12월
아이진로,IJINRO,아이진로, ,이완,기타법인,110111-2986911,108-81-65607,서울특별시 동작구 노량진로 90-1 (노량진동) 제이빌딩, ,,교과서 및 학습서적 출판업,2004-04-08,12월
(주) 아이커넥트,-,아이커넥트, ,정명원,기타법인,110111-4442333,113-86-43110,"서울특별시 구로구 디지털로26길 123 (구로동, 지플러스코오롱디지털타워) 907호, 908호", ,,"컴퓨터 프로그래밍, 시스템 통합 및 관리업",2010-10-13,12월
(주)아이컴피아,"icompia co, LTD",아이컴피아, ,정혜영,기타법인,110111-1908768,211-86-93137,서울특별시 강남구 논현동 90-6 히테크로이빌딩 5층,http://www.icompia.com,,시스템 소프트웨어 개발 및 공급업,2000-03-16,12월
(주)아이케이비씨,ikbc,아이케이비씨, ,안승순,기타법인,110111-7767077,772-81-02247,"서울특별시 서초구 양재대로2길 18 (우면동, 호반파크2관)", ,,"신문, 잡지 및 정기간행물 출판업",2021-01-28,12월
(주)아이코닉스,ICONIX.CO.LTD,아이코닉스, ,최종일,기타법인,110111-2341305,114-86-12435,경기도 성남시 분당구 판교로255번길 64 (삼평동),www.iconix.co.kr,,애니메이션 영화 및 비디오물 제작업,2001-09-26,12월
(주)아이콘랩,ICONLAB INC.,아이콘랩, ,이재준,기타법인,110111-1852139,214-86-46313,서울특별시 강남구 논현2동 237-10번지 서진빌딩 6층, ,,시스템 소프트웨어 개발 및 공급업,2000-01-14,12월
(주)아이콘루프,ICONLOOP Inc.,아이콘루프, ,김종협,기타법인,110111-6058807,647-81-00375,"서울특별시 중구 청계천로 100 (수표동, 시그니쳐타워) 3층",https://www.iconloop.com/,,컴퓨터시스템 통합 자문 및 구축 서비스업,2016-05-12,12월
아이콘아트(주),"iconart co.,ltd",아이콘아트, ,안수열,기타법인,110111-1807837,220-81-70356,서울특별시 강남구 역삼동 825-27 천궁빌딩 405,iconart.co.kr,,시스템 소프트웨어 개발 및 공급업,1999-11-12,12월
(주)아이퀘스트,"IQUEST Co., Ltd.",아이퀘스트,262840,"김순모, 박원일(각자대표)",코스닥시장,110111-1346439,101-81-42433,"서울특별시 강남구 도곡로 121 (역삼동), (주)아이퀘스트 빌딩",www.iquest.co.kr,,응용 소프트웨어 개발 및 공급업,1996-11-27,12월
아이크래프트(주),"iCRAFTCo.,Ltd.",아이크래프트,052460,"박우진, 서익수(각자 대표이사)",코스닥시장,110111-1858814,220-81-75308,서울특별시 강남구 테헤란로44길 8 아이콘역삼 7층 및 8층,www.icraft21.com,,"컴퓨터 프로그래밍, 시스템 통합 및 관리업",2000-01-21,12월
(주)아이크로스테크놀로지,iCross Technology Inc.,아이크로스테크놀로지, ,이현규,기타법인,131111-0078103,129-81-51828,서울특별시 강남구 대치3동 966-7 부림빌딩 201호,http://www.icrosstech.com,,시스템 소프트웨어 개발 및 공급업,2002-06-07,12월
아이클라우드 주식회사,i-Cloud,아이클라우드, ,임재용,기타법인,110111-7457420,523-87-01823,"서울특별시 영등포구 영등포로 150 A동 1311호외(당산동1가, 생각공장당산)",www.i-cloud.co.kr,,"컴퓨터시스템 통합 자문, 구축 및 관리업",2020-04-14,12월
주식회사 아이테스,"i TESS CO., LTD.",아이테스, ,진태윤,기타법인,110111-1789217,214-86-39807,서울특별시 서초구 서초동 1604-19 대호프레조빌 B1, ,,시스템 소프트웨어 개발 및 공급업,1999-10-24,12월
(주)아이텍로드,ITECHROAD,아이텍로드, ,이성영,기타법인,110111-2782773,107-86-34921,서울특별시 강남구 대치동 890-54 풍림아이원레몬 312, ,,컴퓨터시설 관리업,2003-05-21,12월
(주)아이템플,"ITEMPOOL CO.,LTD",아이템플, ,권진수,기타법인,110111-1780520,206-81-17807,서울특별시 성동구 성수2가 269-25,http:＼＼www.ITEMPOOL.CO.KR,,서적 출판업,1999-09-30,06월
(주)아이톡시,ITOXI Corp.,아이톡시,052770,"전봉규, 최치경(각자대표)",코스닥시장,110111-1434218,211-86-23306,"서울특별시 강남구 언주로125길 4 B동 401호(논현동, 중건빌딩)",www.itoxi.co.kr,,소프트웨어 개발 및 공급업,1997-06-30,12월
(주)아이투맥스,"I2MAX Co. ,Ltd",아이투맥스, ,김근모,기타법인,110111-2697766,120-86-47303,"서울특별시 마포구 마포대로 137 (공덕동, KPX빌딩) 6층",www.i2max.co.kr,,시스템 소프트웨어 개발 및 공급업,2003-01-17,12월
주식회사아이투에스,information & intelligence technology service co.ltd,아이투에스, ,도지출,기타법인,110111-1918410,209-81-24869,서울특별시 성동구 성수동2가3동 273-60, ,,자료 처리업,2000-03-24,12월
(주)아이티노매즈,"IT Nomads Co., LTD",아이티노매즈, ,유승재,기타법인,110111-3358870,113-86-02138,"서울특별시 구로구 디지털로 306 (구로동, 대륭포스트타워2차) 1201호",www.itnomads.com,,시스템 소프트웨어 개발 및 공급업,2005-12-16,12월
(주)아이티룩스,ITLUX.co.kr,아이티룩스, ,김종문,기타법인,110111-1814410,220-81-70996,"서울특별시 강남구 테헤란로8길 37 ,지하1층(역삼동, 한동빌딩사옥)",www.itlux.co.kr/,,컴퓨터시설 관리업,2008-04-01,12월
(주)아이티메이트,itmate,아이티메이트, ,고재용,기타법인,110111-2442757,214-87-04800,"서울특별시 송파구 법원로11길 7 C동821호(문정동, 문정현대지식산업센터1-2)",www.itmate.co.kr,,응용 소프트웨어 개발 및 공급업,2002-02-07,12월
아이티멕스(주),ITMEX.CO.LTD,아이티멕스, ,박용정,기타법인,110111-2076184,220-81-97729,서울특별시 강남구 삼성동 169 대화벤쳐프라자10층,www.itmex.com,,데이터베이스 및 온라인정보 제공업,2000-09-25,12월
주식회사 아이티뱅크,"IHBank co.,LTD",아이티뱅크, ,장승조,기타법인,180111-0259613,606-81-18608,부산광역시 동구 초량동 1198-1 신흥빌딩 7층,www.itbank.co.kr,,시스템 소프트웨어 개발 및 공급업,1998-06-21,12월
아이티브이미디어,itvmedia,아이티브이미디어, ,박상곤,기타법인,110111-1691446,220-81-62216,서울특별시 송파구 문정동137번지,itvmedia@itvmedia.net,,통신 재판매업,1999-06-01,12월
(주)아이티센글로벌,"ITCENGLOBAL CO.,LTD.",아이티센글로벌,124500,강진모,코스닥시장,110111-3224849,120-86-81451,"경기도 과천시 과천대로12길 117 제E동(갈현동, 과천펜타원)",www.itcen.co.kr,,컴퓨터시스템 통합 자문 및 구축 서비스업,2005-05-10,12월
(주)아이티센네트웍스,"ITCEN NETWORKS CO., LTD.",아이티센네트웍스,057110,강영석,기타법인,170111-0119869,501-81-21545,대구광역시 남구 대명3동 2139번지 대구디지털산업진흥원 본관 301호,www.itcen.com,,컴퓨터시스템 통합 자문 및 구축 서비스업,1997-04-23,12월
(주)아이티센씨티에스,ITCENCTS,아이티센씨티에스,031820,한상욱,유가증권시장,110111-0414126,229-81-12824,"경기도 과천시 과천대로12길 117 제이동 801호,802호,901호(갈현동,과천펜타원)",www.comtec.co.kr,,컴퓨터 프로그래밍 서비스업,1983-08-18,12월
(주)아이티센엔텍,"ITCENENTEC CO.,LTD.",아이티센엔텍,010280,신장호,코스닥시장,110111-0307870,202-81-32975,"경기도 과천시 과천대로12길 117 (갈현동, 과천펜타원)",www.itcenentec.com,www.itcenentec.com,컴퓨터시스템 통합 자문 및 구축 서비스업,1981-12-08,12월
(주)아이티센코어,"ITCENCORE CO.,LTD.",아이티센코어,243870,김완호,코넥스시장,110111-3091107,107-86-55213,"경기도 과천시 과천대로12길 117 제E동(갈현동, 과천펜타원)",www.goodcen.com,,컴퓨터시스템 통합 자문 및 구축 서비스업,2004-09-30,12월
주식회사 아이티센클로잇,"ITCENCLOIT CO.,LTD.",아이티센클로잇, ,김우성,기타법인,110111-0434300,116-81-33315,"경기도 과천시 과천대로12길 117 (갈현동, 과천펜타원), 제이동 11층",www.itcencloit.com,,컴퓨터시스템 통합 자문 및 구축 서비스업,1986-08-06,03월
(주)아이티센피엔에스,"ITCENPNS CO.,LTD.",아이티센피엔에스,232830,한상욱,코스닥시장,110111-4736520,120-87-75882,"경기도 과천시 과천대로12길 117 (갈현동, 과천펜타원)",www.secucen.com/,,시스템 소프트웨어 개발 및 공급업,2011-11-25,12월
(주)아이티시크릿,"ItSecret Co., Ltd.",아이티시크릿, ,김한열,기타법인,131111-0324118,129-86-77745,"경기도 성남시 분당구 백현로 97 1233호 (수내동, 분당다운타운)", ,,소프트웨어 개발 및 공급업,2012-10-04,12월
(주)아이티씨에스남부,-,아이티씨에스남부, ,박인규,기타법인,135811-0147067,135-81-94730,경기도 수원시 영통구 매탄동 111번지 kt동수원지사 4층,itcsnb.co.kr,,그 외 기타 정보 서비스업,2007-12-21,12월
주식회사 아이티아이즈,ITEYES Inc.,아이티아이즈,372800,이성남,코스닥시장,110111-4934273,117-81-81348,"서울특별시 영등포구 은행로 37, 5층",www.iteyes.co.kr/,,시스템 소프트웨어 개발 및 공급업,2012-08-07,12월
(주)아이티앤씨,Information Technology & Consulting,아이티앤씨, ,"한경림, 한승림",기타법인,110111-1802473,214-86-41303,"서울특별시 서초구 강남대로27길 7-15 (양재동, 홍산빌딩) 5층",www.itnc.co.kr,,시스템 소프트웨어 개발 및 공급업,1999-11-04,12월
주식회사 아이티엔방송,"itn broadcasting co., ltd.",아이티엔방송, ,김영훈,기타법인,110111-1968580,101-81-57896,서울특별시 종로구 서린동 영풍빌딩 9층,www.itnteps.com,,위성 및 기타 방송업,2000-05-15,12월
(주)아이티엔씨21,information technology & consulting 21 co.ltd,아이티엔씨21, ,유병삼,기타법인,160111-0078661,306-81-34090,대전광역시 서 내동 31-8 하정빌딩 2층,www.itnc21.co.kr,,시스템 소프트웨어 개발 및 공급업,1999-02-20,12월
(주)아이티엔터테인,IT ENTERTAIN,아이티엔터테인, ,최건,기타법인,110111-2179954,120-86-18171,서울특별시 강남구 대치3동 1001-10 동남빌딩4층,itentertain.com,,시스템 소프트웨어 개발 및 공급업,2001-02-27,12월
(주)아이티엠,ITM lnc.,아이티엠, ,장대곤,기타법인,110111-1609283,116-81-70324,서울특별시 강남구 역삼동 826-20 우리종금빌딩 15층,www.itm.co.kr,,시스템 소프트웨어 개발 및 공급업,1998-11-18,12월
(주)아이티원,"itone,co.kr",아이티원, ,김영평,기타법인,131111-0203776,129-86-18163,"경기도 수원시 영통구 창룡대로 260 (이의동, 광교센트럴비즈타워) 207호",www.it-1.kr/,,응용 소프트웨어 개발 및 공급업,2008-02-15,12월
주식회사 아이티이지,ITEASY Corp.,아이티이지, ,조명래,기타법인,110111-3172353,214-87-66295,"서울특별시 서초구 서초대로 250 3층 (서초동, 스타갤러리브릿지)",https://www.iteasy.co.kr/,,호스팅 및 관련 서비스업,2005-02-21,12월
아이티인프라넷(주),"ITINFRANET Co.,Ltd.",아이티인프라넷, ,이준영,기타법인,110111-2265076,120-86-23072,서울특별시 서초구 서운로9길 14 일석빌딩 3층 (서초동),www.itinfranet.co.kr,,컴퓨터 프로그래밍 서비스업,2001-06-20,12월
(주)아이티젠,"ITGEN Co.,Ltd.",아이티젠, ,이용석,기타법인,110111-1972820,108-81-22248,"서울특별시 영등포구 여의나루로 71 (여의도동, 동화빌딩) 1304호 1305호",www.itgen.co.kr/,,응용 소프트웨어 개발 및 공급업,2000-05-18,12월
(주)아이티켓,iticket,아이티켓, ,김태연,기타법인,110111-1738496,214-86-35378,서울특별시 서초구 잠원동 38-2 3층,www.iticket.co.kr,,기타 정보기술 및 컴퓨터운영 관련 서비스업,1999-07-21,12월
(주)아이파이어웍스,I-fireworks,아이파이어웍스, ,장재원,기타법인,110111-5234466,113-86-76135,서울특별시 강남구 테헤란로19길 10 (역삼동) 4층, ,,시스템ㆍ응용 소프트웨어 개발 및 공급업,2013-09-27,12월
아이파트너즈,IPARTNERS,아이파트너즈, ,문준호,기타법인,110111-1849649,101-81-53172,서울특별시 강남구 학동로3길 10 (논현동),www.ipartners.co.kr/,,응용 소프트웨어 개발 및 공급업,2000-01-12,12월
(주)아이팝미디어,IPOPMEDIA CORP.,아이팝미디어, ,임태형,기타법인,110111-3677064,120-87-15128,서울특별시 강남구 논현동 61-5 디엠씨씨빌딩 9층,www.ipop.co.kr,,포털 및 기타 인터넷 정보매개 서비스업,2007-05-11,12월
아이패스(주),"IEPASS.CO.,LTD",아이패스, ,김병주,기타법인,110111-1730088,120-81-91594,서울특별시 강남구 대치동 996-17 진성빌딩 비동 6층,www.iepass.com,,시스템 소프트웨어 개발 및 공급업,1999-07-07,12월
주식회사 아이퍼스,"IPers co.,Ltd.",아이퍼스, ,양승효,기타법인,110111-7111258,195-88-01310,"서울특별시 서초구 강남대로99길 57 (잠원동, 화림빌딩) 지하1층,3층,4층",ipers.co.kr,,음악 및 기타 오디오물 출판업,2019-05-17,12월
주식회사 아이페이지온,"Ipageon Co.,Ltd.",아이페이지온, ,김영환,기타법인,110111-5052420,120-87-93560,서울특별시 강남구 테헤란로14길 5 (역삼동) 삼흥빌딩 9층,www.ipageon.com,,응용 소프트웨어 개발 및 공급업,2013-01-24,03월
(주)아이펜텍,IPENTEC INC.,아이펜텍, ,강명필,기타법인,110111-1870545,120-81-99413,서울특별시 강남구 역삼동 651-3 한솔빌딩 3층,www.ipentec.co.kr,,시스템 소프트웨어 개발 및 공급업,2000-02-03,12월
(주) 아이플러스테크놀로지,IPLUST ECHNOLOGES,아이플러스테크놀로지, ,황택,기타법인,110111-1918353,214-86-53639,서울특별시 구로구 구로동 235-2 에이스하이엔드타워, ,,시스템 소프트웨어 개발 및 공급업,2000-03-20,12월
(주)아이피에스,"IPS, Inc.",아이피에스, ,노명래,기타법인,160111-0072712,314-81-22315,대전광역시 대덕구 신일동 1688-5 벤처타운 장영실관 404호,www. siki.com,,컴퓨터시스템 통합 자문 및 구축 서비스업,1998-07-11,12월
(주)아이픽처스,ipictures.Inc.,아이픽처스, ,차승재,기타법인,110111-1875032,120-81-99669,서울특별시 강남구 역삼동 725-25 포커스빌딩 2층,ipiceures.co.kr,,일반 영화 및 비디오물 제작업,2000-02-11,12월
(주)아이필넷,"IFEELNET Co.,Ltd.",아이필넷, ,임창경,기타법인,160111-0091556,314-81-30019,서울특별시 서초구 방배동 481-5 삼영빌딩3층,www.ifeelnet.com,,시스템 소프트웨어 개발 및 공급업,2000-01-05,12월
주식회사 아이필름코퍼레이션,"iFilm Co.,Ltd.",아이필름코퍼레이션, ,정찬식,기타법인,110111-6010500,238-81-00356,"서울특별시 강남구 선릉로 629 비동 301호(논현동,싸이더스에이치큐타워)", ,,일반 영화 및 비디오물 제작업,2016-03-23,12월
(주)아이필름코퍼레이션,"ifilm Co.,Ltd",아이필름코퍼레이션, ,"정훈탁, 오정환",기타법인,110111-2857451,211-87-38747,서울특별시 강남구 청담동 69-3 테디빌1층, ,,일반 영화 및 비디오물 제작업,2003-09-16,12월
주식회사 아인스아이엔에스,Ein''s I&S,아인스아이엔에스, ,진상호,기타법인,110111-4005933,220-87-74510,서울특별시 강남구 논현동 231-13 팍스타워 5층, ,,시스템 소프트웨어 개발 및 공급업,2008-11-27,12월
(주)아인스엠앤엠,"Ein's M&M CO., LTD",아인스엠앤엠,040740,김수겸,기타법인,110111-1697832,220-81-61779,서울특별시 강남구 논현동 231-13 팍스타워 5층 ,www.taewon.com,,일반 영화 및 비디오물 제작업,1999-05-14,12월
(주)아인시스아이엔씨,Einsis inc,아인시스아이엔씨, ,최창근,기타법인,110111-4729690,107-87-61838,"서울특별시 영등포구 선유로13길 25 (문래동6가, 에이스하이테크시티2) 703~706호",www.einsis.com,,컴퓨터시설 관리업,2011-11-16,12월
아일라(Ayla) 주식회사,Ayla Inc.,아일라(Ayla), ,신민철,기타법인,110111-7445243,735-86-01827,"서울특별시 성동구 뚝섬로 310 (성수동1가, 한진타운아파트) 105동 303호",www.ayla.land,,시스템 소프트웨어 개발 및 공급업,2020-04-02,03월
아일랜드프렌드 주식회사,-,아일랜드프렌드, ,이미희,기타법인,110111-6835932,262-87-01030,"서울특별시 영등포구 여의대로 60 (여의도동, NH투자증권빌딩)", ,,"컴퓨터 프로그래밍, 시스템 통합 및 관리업",2018-08-10,12월
주식회사 아임웹,Imweb Corp.,아임웹, ,이수모,기타법인,110111-5071967,105-87-83592,"서울특별시 강남구 테헤란로 501 14층, 15층 (삼성동, 브이플렉스)",imweb.me/,,호스팅 및 관련 서비스업,2013-03-01,12월
주식회사 아주뉴스코퍼레이션,Aju news corporation,아주뉴스코퍼레이션, ,곽영길,기타법인,110111-3753525,104-86-10221,"서울특별시 종로구 종로1길 42 (수송동, 이마빌딩) 11층",www.ajunews.com,,신문 발행업,2007-09-12,12월
(주)아즈텍 정보통신,Aztech Information & communication co. ltd,아즈텍정보통신, ,조성천,기타법인,115911-0024697,105-86-04402,서울특별시 마포구 마포동 한신빌딩 1013호, ,,시스템 소프트웨어 개발 및 공급업,1999-09-01,12월
(주)아지트,"Aziit Co., Ltd.",아지트, ,김성화,기타법인,110111-2659089,114-86-23704,서울특별시 강남구 역삼동 654-3 프라자 빌딩 2층,www.aziit.com,,데이터베이스 및 온라인정보 제공업,2002-11-22,12월
주식회사 아카데미 시네마,"Academy Cinema Co., Ltd.",아카데미시네마, ,안재수,기타법인,170111-0022872,501-81-00443,대구광역시 중구 남일동 65-1,www.AcademyCinema.Co.kr,,영화관 운영업,1961-03-24,12월
(주)아카데미테크롤로지,academy technology,아카데미테크롤로지, ,이명재,기타법인,110111-1756935,209-81-23313,서울특별시 성북구 안암동5가 134-94,http://www.acdm.co.kr,,데이터베이스 및 온라인정보 제공업,1999-08-20,01월
아카마이테크놀로지스 유한회사,Akamai Technologies Korea Limited,아카마이테크놀로지스, ,"제라드 테크, 스티븐 알란포만",기타법인,110114-0073508,120-87-26417,"서울특별시 강남구 강남대로 382 (역삼동, 메리츠타워) 21층", ,,컴퓨터시설 관리업,2008-04-11,12월
주식회사 아카이브엔터테인먼트,Akaiv Entertainment,아카이브엔터테인먼트, ,김기강,기타법인,134511-0637859,181-87-03078,"경기도 용인시 기흥구 강남서로 9 (구갈동, 아카데미프라자), 7층 703호 비-703", ,,영상ㆍ오디오 기록물 제작 및 배급업,2023-06-15,12월
(주)아퀴스코리아,Arques,아퀴스코리아, ,권영민,기타법인,220111-0090373,616-81-94001,"서울특별시 강남구 도산대로 313 (신사동, 313빌딩), 4층", ,,시스템ㆍ응용 소프트웨어 개발 및 공급업,2012-03-09,12월
(주)아크로마트,acromart,아크로마트, ,기연,기타법인,110111-3694042,119-81-99295,서울특별시 관악구 봉천동1718벽산블루밍 B/D1층,cooplife.net,,출판업,2007-06-15,12월
(주)아크론,ACRON,아크론, ,오대석,기타법인,110111-1593410,211-86-57830,서울특별시 강남구 신사동 609 이소니 프라자 301호,www.acn.co.kr,,데이터베이스 및 온라인정보 제공업,1998-10-08,12월
(주)아크릴,Acryl Inc.,아크릴,0007C0,박외진,코스닥시장,110111-4561985,214-88-74981,서울특별시 강남구 선릉로 704 청담벤처프라자 8층 &nbsp,www.acryl.ai/,,응용 소프트웨어 개발 및 공급업,2011-03-22,12월
주식회사 아크미디어 ,ARC Media,아크미디어, ,김한상,기타법인,110111-7465217,650-81-01818,서울특별시 마포구 상암산로 34 (상암동) 디지털큐브 22층,www.arc-media.net,,방송 프로그램 제작업,2020-04-24,03월
(주)아크프로덕션,ARK PRODUCTION,아크프로덕션, ,장현덕,기타법인,134511-0277085,743-81-00197,경기도 용인시 기흥구 동백8로131번길 66-28 10단지 1012동 201호, ,,광고 영화 및 비디오물 제작업,2015-12-15,12월
(주)아키스케치,Archidraw Inc.,아키스케치, ,이주성,기타법인,110111-5565382,261-81-21220,"서울특별시 성동구 성수이로20길 16 (성수동2가, 제이케이타워) 3층",www.archisketch.com,,시스템 소프트웨어 개발 및 공급업,2014-11-10,12월
주식회사 아키아카,"AKIAKA CO.,LTD",아키아카, ,최광훈,기타법인,110111-4738534,108-81-99034,"서울특별시 서초구 서초중앙로 63-6 (서초동, RM서초빌딩)",https://www.akiaka.co.kr,,컴퓨터 프로그래밍 서비스업,2011-12-01,01월
아키정보기술(주),"ARCHI INFORMATION TECHNOLOGY CO.,LTD.",아키정보기술, ,이수일,기타법인,180111-0205749,604-81-31702,부산광역시 금정구 부곡동 13-18 한국센타빌딩 4층,WWW.ARCHIIT.COM,,컴퓨터시스템 통합 자문 및 구축 서비스업,1996-06-01,12월
아토리서치(주),"ATTO Research Co., Ltd.",아토리서치, ,정재웅,기타법인,110111-4775560,107-87-64946,"서울특별시 서초구 강남대로43길 6 (4~6층, 서초동)",www.atto-research.com/,,시스템 소프트웨어 개발 및 공급업,2012-01-13,12월
(주)아토메가,"ATOMEGA Co., Ltd",아토메가, ,김선홍,기타법인,110111-1866726,220-81-76608,서울특별시 강남구 역삼동 832-2 우덕빌딩 6층,www.atomega.com,,시스템 소프트웨어 개발 및 공급업,2000-01-29,12월
주식회사 아토스,"ATOS CO.,LTD",아토스, ,정효남,기타법인,110111-0640171,112-81-20633,서울특별시 서초구 양재2동 265-14 동아빌딩 302호,www.atos.co.kr,,시스템 소프트웨어 개발 및 공급업,1989-07-24,12월
주식회사 아톤,ATON Inc.,아톤,158430,"김종서, 우길수(각자 대표이사)",코스닥시장,110111-1788566,107-81-71649,서울특별시 영등포구 여의대로 108 파크원타워1 26층,www.atoncorp.com,http://www.atoncorp.com/aton/investor-relations/,시스템 소프트웨어 개발 및 공급업,1999-10-13,12월
(주)아트닉스,ARTNIX INC.,아트닉스, ,박창수,기타법인,110111-1469893,214-86-19271,충청남도 아산시 배방면 산29-1 호서신기술창업센터,www.artnix.co.kr,,시스템 소프트웨어 개발 및 공급업,1997-10-07,12월
(주)아트서비스,ART SERVICE,아트서비스, ,정명수,기타법인,110111-2356429,201-81-68446,서울특별시 마포구 상암산로 48-6 DMCC빌딩 10층,www.art-service.co.kr,,"영화, 비디오물 및 방송프로그램 제작 관련 서비스업",2001-10-19,12월
(주)아트스페이스,artspace,아트스페이스, ,박범식,기타법인,134111-0113980,123-81-94682,강원도 원주시 단계동 873번지 아트스페이스빌딩 3층, ,,영화관 운영업,2004-01-01,12월
(주)아트오브테크놀로지,"Art of Technology Co., Ltd.",아트오브테크놀로지, ,구본광,기타법인,110111-1553729,203-81-26627,서울특별시 관악구 남현동 1057-15 광일빌딩4층,www.aot.co.kr,,시스템 소프트웨어 개발 및 공급업,1998-07-01,12월
(주)아트웨어,ART WARE,아트웨어, ,Shin Young seok,기타법인,110111-1297335,229-81-20101,"서울특별시 구로구 디지털로 288 1602호 (구로동, 대륭포스트타워1차)",www.artware.co.kr,,컴퓨터시스템 통합 자문 및 구축 서비스업,1996-07-12,12월
주식회사 아트이즈마인드,ART IS MIND,아트이즈마인드, ,장성규,기타법인,110111-7551123,511-86-01916,"서울특별시 강남구 도산대로100길 18 (청담동, GL빌딩) 4층", ,,"영화, 비디오물 및 방송프로그램 제작업",2020-07-10,12월
(주)아티스트스튜디오,Artist Studio Inc.,아티스트스튜디오,200350,안형조,코스닥시장,110111-3629841,114-86-57714,"서울특별시 강남구 선릉로148길 43 1층, 2층(청담동)",www.artiststudio.co.kr,,"영화, 비디오물, 방송프로그램 제작 및 배급업",2007-03-02,12월
주식회사 아티스트컴퍼니,"ARTIST COMPANY CO., LTD",아티스트컴퍼니, ,이상일,기타법인,110111-5104594,211-88-93091,서울특별시 강남구 도산대로 430 401호(청담동), ,,일반 영화 및 비디오물 제작업,2013-04-03,12월
(주)아티스트컴퍼니,Artist Company Inc.,아티스트컴퍼니,321820,황경주,코스닥시장,110111-4391837,114-86-82149,서울특별시 강남구 도산대로 430 3층(청담동),www.widerplanet.com,,소프트웨어 개발 및 공급업,2010-07-17,12월
(주)아티언스,Artience Inc.,아티언스, ,강무진,기타법인,110111-4039156,106-86-63059,"서울특별시 마포구 양화로 45 (서교동, 세아타워 12층)",www.artience.com,,데이터베이스 및 온라인정보 제공업,2009-02-06,12월
(주)아파치커뮤니케이션,"Aapachi Communication Co., Ltd",아파치커뮤니케이션, ,이종구,기타법인,110111-1722473,114-81-89623,서울특별시 서초구 양재동 275-1 삼호물산빌딩 A동 1518호,http://www.apachi.co.kr,,시스템 소프트웨어 개발 및 공급업,1999-06-25,12월
주식회사 아페쎄,apc,아페쎄, ,"나연, 이창재",기타법인,110111-5424439,106-87-06958,서울특별시 용산구 보광로 107 (이태원동),production-apc.com/,,광고 영화 및 비디오물 제작업,2014-05-27,12월
(주)아프리카픽쳐스,A.free-Ca.Co.Ltd,아프리카픽쳐스, ,차은택,기타법인,110111-2165474,211-81-01160,서울특별시 강남구 봉은사로37길 20 (논현동), ,,광고 영화 및 비디오물 제작업,2001-02-06,12월
(주)아해미래,"Ahaemirae CO., LTD",아해미래, ,김진수,기타법인,110111-1919533,214-86-52983,서울특별시 서초구 서초동 1624-12 화선빌딩 2층,http://www.edu4i.com,,시스템 소프트웨어 개발 및 공급업,2000-03-25,12월
주식회사 악어디지털,ACUODIGITAL Corporation,악어디지털, ,김용섭,기타법인,135811-0242057,135-86-39601,"경기도 용인시 기흥구 구성로 357 (청덕동, 용인테크노밸리) A동 10층",https://akuo.ai,,자료 처리업,2014-01-08,12월
안동문화방송주식회사,ANDONGMUNHWA BROADCASTING CORPORATIO ,안동문화방송, ,김상철,기타법인,171111-0000166,508-81-00288,경상북도 안동시 단원로 20 안동문화방송 (태화동),www.andongmbc.co.kr,,지상파 방송업,1970-09-12,12월
(주)안랩,"AHNLAB,INC.",안랩,053800,강석균,코스닥시장,110111-1138985,214-81-83536,경기도 성남시 분당구  판교역로 220,www.ahnlab.com,,시스템 소프트웨어 개발 및 공급업,1995-03-18,12월
주식회사 안랩코코넛,"AhnLab Coconut, Inc.",안랩코코넛, ,이정규,기타법인,110111-1777725,211-86-57150,서울특별시 강남구 청담2동 41 청담벤처프라자 12층,www.coconut.co.kr,,시스템 소프트웨어 개발 및 공급업,1999-09-21,12월
(주)안랩클라우드메이트,"AHNLABCLOUDMATE, INC.",안랩클라우드메이트, ,"김형준, 고창규",기타법인,110111-6929678,789-81-01310,"서울특별시 구로구 경인로 662 (신도림동, 디큐브시티) 오피스동 29층",www.ahnlabcloudmate.com,,기타 정보기술 및 컴퓨터운영 관련 서비스업,2018-11-19,12월
주식회사안산아이티,"ANSNAIT Co.,Ltd.",안산아이티, ,권성호,기타법인,131411-0564320,372-81-03124,"경기도 화성시 병점노을5로 26 (병점동),1동806호", ,,컴퓨터시설 관리업,2023-09-01,12월
(주)안성유선방송사,Anseong Broadcasting COMM.,안성유선방송사, ,이상윤,기타법인,134611-0009684,125-81-24090,경기도 안성시 서인동 5, ,,유선 방송업,1997-09-13,12월
알디에스(주),"RDS CO., LTD",알디에스, ,신동준,기타법인,110111-1243130,120-81-69199,서울특별시 강남구 봉은사로51길 19 알디에스 사옥 2층,www.richwood.co.kr,,컴퓨터시스템 통합 자문 및 구축 서비스업,1996-02-15,12월
주식회사 알디와이,RDY,알디와이, ,유두열,기타법인,134511-0209955,109-88-00168,경기도 안성시 아양2로 109 (석정동), ,,영화관 운영업,2015-08-04,12월
알렉스테크놀러지 주식회사,"Alex Technology Co., Ltd",알렉스테크놀러지, ,"이선림, 박종하",기타법인,110111-2030750,107-81-87286,서울특별시 영등포구 여의도동 44-11,http://www.alextech.co.kr,,시스템 소프트웨어 개발 및 공급업,2000-07-20,12월
알리바바코리아 유한회사,Alibaba Korea Limited,알리바바코리아, ,LEE YIK LAM(이익람),기타법인,110114-0143971,220-88-77775,"서울특별시 중구 퇴계로 100 (회현동2가, 스테이트타워남산)", ,,유선 온라인 게임 소프트웨어 개발 및 공급업,2014-04-15,03월
알리익스프레스코리아 유한 회사,AliExpress Korea Limited,알리익스프레스코리아, ,HUI Yat Sin Cindy,기타법인,110114-0319738,805-88-02959,"서울특별시 강남구 테헤란로 521 29층 (삼성동, 파르나스타워)", ,,그 외 기타 정보 서비스업,2023-09-04,03월
주식회사 알리테크,"ALI-Tech Co.,Ltd.",알리테크, ,김정현,기타법인,110111-7662152,831-81-01931,"서울특별시 강남구 광평로 280 (수서동, 로즈데일오피스텔)", ,,컴퓨터 프로그래밍 서비스업,2020-10-26,12월
주식회사 알비더블유,RBW Inc.,알비더블유,361570,"김진우, 김도훈",코스닥시장,110111-4297944,211-88-40371,"서울특별시 광진구 자양로 129 12층(자양동, 알비더블유타워)",www.rbbridge.com,,음악 및 기타 오디오물 출판업,2010-03-05,12월
알서포트(주),"RSUPPORT Co., Ltd.",알서포트,131370,서형수,코스닥시장,110111-4398859,114-86-82265,서울특별시 강동구 고덕비즈밸리로2가길 12 -,www.rsupport.com,http://www.rsupport.com/AboutUs/Pubdisclosures,응용 소프트웨어 개발 및 공급업,2010-07-22,12월
알서포트주식회사,"Rsupport Co., Ltd.",알서포트, ,서형수,기타법인,110111-2369290,212-81-54772,"서울특별시 송파구 방이동 45 한미타워 15층, 16층",www.rsupport.com,,응용 소프트웨어 개발 및 공급업,2001-11-06,12월
(주)알앤디아시아,"R&D Asia Co.,Ltd.",알앤디아시아, ,변원섭,기타법인,110111-7044194,289-86-01305,"서울특별시 송파구 올림픽로 300 30층 (신천동, 롯데월드타워앤드롯데월드몰)",www.smileup.site,,응용 소프트웨어 개발 및 공급업,2019-03-14,12월
(주)알앤비소프트,"RnBsoft Co., Ltd.",알앤비소프트, ,강응호,기타법인,110111-2746258,107-86-32618,"경기도 성남시 분당구 구미로 8 ,3층(구미동,분당엠타워)",www.rnbsoft.com,,시스템 소프트웨어 개발 및 공급업,2003-03-24,12월
(주)알에스미디어,"RS MEDIA Co., Ltd.",알에스미디어, ,손병태,기타법인,121111-0271519,130-86-93819,"경기도 부천시 부천로198번길 18 (춘의동, 춘의테크노파크II) 201동 503호",www.rsmedia.kr,,기타 인쇄물 출판업,2014-06-24,12월
(주)알에이,RA CORP,알에이, ,이원일,기타법인,110111-3971309,214-88-32716,"서울특별시 강동구 올림픽로 752 (천호동, 케이타워) 4F",www.racorp.co.kr,,소프트웨어 개발 및 공급업,2008-09-25,12월
주식회사 알에이치코리아,RHKOREA,알에이치코리아, ,양원석,기타법인,110111-2730251,104-81-79337,"서울특별시 금천구 가산디지털2로 53 (가산동, 한라시그마밸리20층)",www.rhk.co.kr,,서적 출판업,2003-03-04,12월
알엔딥 주식회사,RNDEEP,알엔딥, ,강문중,기타법인,134511-0378057,450-81-01334,"서울특별시 성동구 왕십리로 58 (성수동1가, FORHU) 10층", ,,응용 소프트웨어 개발 및 공급업,2019-01-01,12월
(주)알엔에이,RNA Inc.,알엔에이, ,정대균,기타법인,134511-0037728,135-81-35269,경기도 용인시 기흥읍 경희대학교수원캠퍼스 멀티미디어관 820호,www.yesrna.com,,시스템 소프트웨어 개발 및 공급업,1999-12-23,12월
알엠솔루션(주),RMSolution,알엠솔루션, ,장기성,기타법인,110111-1945025,105-86-10700,서울특별시 영등포구 여의도동 대우증권빌딩 34-3 13층,www.rmfs.co.kr,,시스템 소프트웨어 개발 및 공급업,2000-04-21,03월
알지프린스필름(주),RG PRINCE FILMS .INC,알지프린스필름, ,레지스게젤바쉬,기타법인,110111-1632127,211-86-48781,서울특별시 강남구 대치동 967-6,www.rgpf.com,,"영화, 비디오물 및 방송프로그램 제작 관련 서비스업",1999-01-11,12월
주식회사 알체라,Alchera Inc.,알체라,347860,황영규,코스닥시장,110111-6080032,643-87-00337,"경기도 성남시 분당구 매화로 51 302-648호(야탑동, 로즈프라자)",www.alchera.ai,,응용 소프트웨어 개발 및 공급업,2016-06-03,12월
주식회사 알통,Altong Inc.,알통, ,장덕수,기타법인,110111-4886812,113-86-60593,"서울특별시 구로구 디지털로30길 31 (구로동, 코오롱디지털타워빌란트Ⅱ) 905호",www.altong.com,,포털 및 기타 인터넷 정보매개 서비스업,2012-06-19,12월
주식회사 알트나인,Alt9 Inc.,알트나인, ,김효수,기타법인,131111-0653707,279-86-02030,"경기도 성남시 분당구 판교역로146번길 20 (백현동, 현대백화점판교점) 오피스 H 12층", ,,모바일 게임 소프트웨어 개발 및 공급업,2021-12-01,12월
(주)알트소프트,ALTSOFT,알트소프트, ,김찬홍,기타법인,110111-2398728,211-87-05872,서울특별시 강남구 봉은사로55길 20 (삼성동) 에이플러스하우스 2층,altsoft.co.kr/,,소프트웨어 개발 및 공급업,2001-12-17,12월
알트에드,AltEd Inc.,알트에드, ,이주형,기타법인,130111-0056952,124-81-68305,서울특별시 종로구 효자동,www.alted.com,,기타 정보기술 및 컴퓨터운영 관련 서비스업,1999-12-23,12월
(주)알트원,"ALT1.CO.,LTD",알트원, ,홍창우,기타법인,110111-2668866,106-86-15052,서울특별시 금천구 가산동 319 호서대벤처타워 13층, ,,게임 소프트웨어 개발 및 공급업,2002-12-07,12월
주식회사 알트탭,ALTTAB,알트탭, ,김종원,기타법인,110111-6052099,233-81-09430,"서울특별시 강남구 테헤란로 317 17층 (역삼동, 동훈타워)", ,,포털 및 기타 인터넷 정보매개 서비스업,2016-05-03,12월
알티엔방송(주),"Korea real estate information center co.,ltd",알티엔방송, ,성천경,기타법인,110111-1373698,214-86-15450,서울특별시 서초구 서초동 1305-2 유화빌딩 1002,retn.co.kr,,데이터베이스 및 온라인정보 제공업,1997-02-03,12월
(주)알티이솔루션,soft-power,알티이솔루션, ,백훈기,기타법인,110111-0725577,215-81-58383,서울특별시 강남구 역삼1동 681-17,www.rte-solution.com,,시스템 소프트웨어 개발 및 공급업,1990-10-15,12월
(주)알티즌,"altizen, inc",알티즌, ,최재혁,기타법인,135011-0047750,113-81-39343,서울특별시 구로구 구로동 188-5 키콕스벤처센터 901호,http://www.altizen.com,,시스템 소프트웨어 개발 및 공급업,1995-08-01,12월
(주)알티캐스트,Alticast Corporation,알티캐스트,085810,정욱재,코스닥시장,110111-1643736,211-86-48990,서울특별시 강남구 테헤란로7길 12 허바허바빌딩 4층,www.alticast.co.kr,,응용 소프트웨어 개발 및 공급업,1999-02-01,12월
(주)알파디엑스솔루션,"alpha DX solution Co., Ltd.",알파디엑스솔루션, ,정훈,기타법인,110111-8412960,797-81-02566,"서울특별시 동작구 보라매로5길 23 (신대방동, 삼성보라매옴니타워) 3층",www.alphadxsolution.com,,기타 전기 통신업,2022-09-02,12월
주식회사 알파플러스,Alpha Plus,알파플러스, ,조태석,기타법인,110111-6389806,606-87-00736,"서울특별시 금천구 가산디지털1로 171 (가산동, 가산에스케이브이원센터) 305-319호",-,,잡지 및 정기간행물 발행업,2017-04-27,12월
알피지,"Rent Phone Gude Co., Ltd.",알피지, ,정철수,기타법인,110111-2063975,105-86-17402,서울특별시 마포구 서교동 394-78,www.rpg21.com,,시스템 소프트웨어 개발 및 공급업,2000-09-04,01월
주식회사 알피지리퍼블릭,RPG Republic Company,알피지리퍼블릭, ,이재영,기타법인,110111-6719970,160-87-00939,"서울특별시 송파구 정의로8길 4 (문정동, KD70) 7층", ,,모바일 게임 소프트웨어 개발 및 공급업,2018-05-03,12월
주식회사 암펠,"AMPEL Co., Ltd.",암펠, ,조상원,기타법인,124411-0210592,898-86-01128,"경기도 고양시 일산동구 애현로 60 2층, 3층 (풍동)", ,,응용 소프트웨어 개발 및 공급업,2018-04-16,12월
(주)앞선그룹,(주)AHPSUN GROUP,앞선그룹, ,손재호,기타법인,110111-5906461,544-86-00260,"부산광역시 해운대구 센텀2로 33 (우동, 센텀뷰라움) 2905호",https://goinvest.co.kr/,,데이터베이스 및 온라인정보 제공업,2015-12-02,12월
애니네트워크,"AnyNetwork, Inc.",애니네트워크, ,신봉석,기타법인,110111-1877434,210-81-28133,서울특별시 강북구 번동 446-13 가든타워 1013,anytrade.net,,데이터베이스 및 온라인정보 제공업,2000-02-14,12월
(주)애니넷,ANTNET INC.,애니넷, ,이원걸,기타법인,170111-0116435,502-81-38205,대구광역시 동구 신천3동 95 대구벤처센타13층,anynet2000.com,,시스템 소프트웨어 개발 및 공급업,1997-02-14,12월
(주)애니랙티브,Anyractive,애니랙티브, ,임성현,기타법인,110111-4954586,110-86-02139,"서울특별시 성동구 상원1길 26 (성수동1가, 서울숲A타워) 803,804호",www.anyractive.com,,시스템 소프트웨어 개발 및 공급업,2012-09-17,12월
주식회사 애니맥스브로드캐스팅코리아,"ANIMAX BROADCASTING KOREA Co.,Ltd.",애니맥스브로드캐스팅코리아, ,홍승화,기타법인,110111-9012462,101-86-20166,서울특별시 영등포구 국제금융로2길 17 대한빌딩 7층 (여의도동),www.animaxtv.co.kr,,프로그램 공급업,2005-12-26,12월
(주)애니솔루션,"ANYSOLUTION Co.,Ltd.",애니솔루션, ,장영복,기타법인,160111-0096952,314-81-32773,대전광역시 유성구 화암동 62-1 KT대덕1연구센타 3층, ,,시스템 소프트웨어 개발 및 공급업,2000-04-20,12월
(주)애니아트,"Aniart co.,ltd",애니아트, ,정귀동,기타법인,170111-0172809,504-81-34073,대구광역시 중구 계산동2가 대구매일신문사건물,www.ani-art.com,,데이터베이스 및 온라인정보 제공업,2000-05-03,12월
주식회사 애니유저넷,ANYUSER CORPORATION,애니유저넷, ,김진용,기타법인,110111-1553042,120-81-82800,서울특별시 강남구 대치동945 삼안빌딩 11층,www.anyuser.co.kr,,유선 통신업,1998-06-08,12월
(주)애니캐스팅,"AnyCasting.Co.,Ltd",애니캐스팅, ,김성빈,기타법인,110111-2148305,106-81-96079,서울특별시 강서구 염창동 우림블루나인 B동 1603호~1606호,www.anycasting.com,,응용 소프트웨어 개발 및 공급업,2001-01-11,12월
(주)애니컴퍼니,AnyCompany.Inc,애니컴퍼니, ,김시열,기타법인,110111-1940132,120-86-03682,서울특별시 강남구 삼성동 143-37 현대타워 801호,www.AnyCompany.co.kr,,데이터베이스 및 온라인정보 제공업,2000-04-14,09월
(주)애니파이브,"ANYFIVE Co.,Ltd",애니파이브, ,김기종,기타법인,110111-2724486,120-86-49219,"서울특별시 구로구 디지털로 288 1603호 (구로동, 대륭포스트타워1차)",www.anyfive.com,,데이터베이스 및 온라인정보 제공업,2003-02-25,12월
애니팬,ANIFAN,애니팬, ,이경찬,기타법인,110111-6736312,474-88-01265,경기도 화성시 향남읍 토성로 310-15 2층 (백토리), ,,시스템 소프트웨어 개발 및 공급업,2018-04-27,12월
주식회사 애니팬비티에스,ANIFANBTS Corp.,애니팬비티에스, ,이경찬,기타법인,110111-7366035,612-88-01566,"서울특별시 구로구 디지털로34길 55 (구로동, 코오롱싸이언스밸리2차) 705호 내 105호", ,,응용 소프트웨어 개발 및 공급업,2020-01-21,12월
주식회사 애니펜,ANIPEN Inc.,애니펜, ,전재웅,기타법인,131111-0332426,144-81-09033,"경기도 성남시 분당구 분당내곡로 131 7층 (백현동, 판교테크원)",www.anipen.com,,소프트웨어 개발 및 공급업,2013-01-21,12월
주식회사 애니포유,NE4U,애니포유, ,하혜란,기타법인,110111-5689538,623-88-00039,"서울특별시 구로구 디지털로26길 43 (구로동, 대륭포스트타워8차) 알1509호, 알1510호, 알1511호, 알 1512호, 알 1513호, 알 1514호, 알 1515호, 알 1516호", ,,"영화, 비디오물, 방송프로그램 제작 및 배급업",2015-04-07,12월
(주)애니플러스,ANIPLUS INC.,애니플러스,310200,전승택,코스닥시장,110111-6895217,318-81-09181,"서울특별시 영등포구 국제금융로 10 28층(여의도동, Three IFC)",www.aniplustv.com,,"영화, 비디오물, 방송프로그램 제작 및 배급업",2018-10-15,12월
주식회사 애니플러스,ANIPLUS INC.,애니플러스, ,전승택,기타법인,110111-3059907,211-87-53563,"서울특별시 강남구 언주로 727 (논현동, 트리스빌딩) 12층",www.aniplustv.com,,프로그램 공급업,2004-07-31,12월
(주)애니피플,"AnyPeople Co., Ltd",애니피플, ,이용호,기타법인,110111-1940215,220-81-84563,서울특별시 강남구 역삼동 697-11 신성프라자 7층,www.anypeople.co.kr,,데이터베이스 및 온라인정보 제공업,2000-04-14,09월
(주)애닉,Anic Inc.,애닉,299910,문성준,기타법인,110111-5131886,120-87-98186,서울특별시 강남구 강남대로 636 6층,www.vespainteractive.com/,,게임 소프트웨어 개발 및 공급업,2013-05-09,12월
(주)애드게이터컴,"Adgator.com Co., Ltd",애드게이터컴, ,송경호,기타법인,134111-0065321,138-81-19439,서울특별시 서초구 서초동 1594-4 대아벤처빌딩 201호,http://www.adgator.com,,시스템 소프트웨어 개발 및 공급업,1999-04-07,12월
애드넷,adnet,애드넷, ,김병학,기타법인,230111-0059393,610-81-37069,울산광역시 중구 다운동 552-2 대왕빌딩 503,adnet.co.kr,,시스템 소프트웨어 개발 및 공급업,1999-08-10,12월
애드라닷컴(주),"addra.com.Co,.Ltd",애드라닷컴, ,유진환,기타법인,110111-1364837,116-81-62940,서울특별시 강남구 삼성동 128-22 삼혜빌딩 2층,www.addra.com,,시스템 소프트웨어 개발 및 공급업,1997-01-15,12월
주식회사 애드모바일, ,애드모바일,032600,김용석,기타법인,110111-1166837,120-81-51156,서울특별시 강서구 가양동 1458-9 동남빌딩 2층,www.kdline.co.kr,,시스템 소프트웨어 개발 및 공급업,1995-06-14,12월
주식회사애드엑스,AD(X) Inc.,애드엑스, ,강율빈,기타법인,110111-6186997,111-87-00499,"서울특별시 성동구 뚝섬로1길 31 1301호 (성수동1가, 서울숲M타워)",www.adxcorp.kr/,,소프트웨어 개발 및 공급업,2016-09-28,12월
(주)애드온,addon,애드온, ,최영선,기타법인,110111-0966139,214-81-59114,서울특별시 서초구 서초동 1425-1 보성빌딩 402호,www.addon.co.kr,,컴퓨터시스템 통합 자문 및 구축 서비스업,1990-01-22,12월
(주)애드캡슐소프트,"AdcapsuleSoft Co, Ltd",애드캡슐소프트, ,정희현,기타법인,110111-1766687,211-86-56388,서울특별시 서초구 동광로12길 84 성산관 4층,adcapsule.kr,,컴퓨터 프로그래밍 서비스업,1999-09-03,12월
주식회사 애드팝콘,"adPOPcorn Co.,Ltd.",애드팝콘, ,김흥택,기타법인,110111-8040894,694-88-02136,"서울특별시 마포구 양화로 45 (서교동, 메세나폴리스) 15층",www.adpopcorn.com,,데이터베이스 및 온라인정보 제공업,2021-09-30,12월
주식회사 애드페이지,Add Page Corp.,애드페이지, ,권미진,기타법인,131111-0574309,613-88-01365,경기도 성남시 분당구 판교역로 152 (백현동) 알파돔 타워 14층, ,,모바일 게임 소프트웨어 개발 및 공급업,2019-12-02,12월
주식회사 애자일소다,"AGILESODA, Inc",애자일소다, ,최대우,기타법인,110111-5699024,789-87-00079,"서울특별시 강남구 선릉로 525 (역삼동, 인포스톰빌딩) 3층",www.agilesoda.ai,,시스템 소프트웨어 개발 및 공급업,2015-04-22,12월
주식회사 애커튼테크놀로지서비스,"Ackerton Technology Services Co., Ltd.",애커튼테크놀로지서비스, ,박호진,기타법인,131111-0718676,538-86-03132,"경기도 성남시 분당구 판교로255번길 38 (삼평동, SK판교캠퍼스B) 6층",www.ackertonts.com,,컴퓨터시스템 통합 자문 및 구축 서비스업,2023-10-24,12월
애커튼파트너스 주식회사,"Ackerton Partners Co,. Ltd.",애커튼파트너스, ,"유해진, 홍승민",기타법인,110111-8644943,422-81-03278,"서울특별시 종로구 청계천로 41 7층 (서린동, 영풍빌딩)", ,,"컴퓨터시스템 통합 자문, 구축 및 관리업",2023-05-23,12월
주식회사애플비,"APPLEBEE CO.,LTD.",애플비, ,오형석오세경,기타법인,284911-0060936,141-81-06959,"서울특별시 마포구 창전로 74 (신수동, 3층)",www.applebeebook.co.kr,,일반 서적 출판업,2006-08-24,12월
주식회사 애플스탁,"Apple Stock Co., Ltd",애플스탁, ,이재춘,기타법인,110111-5656511,732-88-00032,경기도 이천시 대월면 사동로 175 (사동리) 2층, ,,기타 정보 서비스업,2015-03-04,12월
(주)애플애드벤처,APPLEADVENTURE,애플애드벤처, ,장기진,기타법인,170111-0364480,504-81-78784,대구광역시 중구 달구벌대로 2219 (삼덕동3가) 3층,www.applead.co.kr,,포털 및 기타 인터넷 정보매개 서비스업,2008-10-15,12월
(주)액션스퀘어 ,"Action Square Co., Ltd.",액션스퀘어, ,김재영,기타법인,131111-0320017,144-81-04270,"경기도 성남시 분당구 판교역로 221 3층 (삼평동,투썬월드빌딩)", ,,게임 소프트웨어 개발 및 공급업,2012-08-08,12월
주식회사 액션스퀘어데브,"ACTION SQUARE DEV co., Ltd.",액션스퀘어데브, ,김연준,기타법인,131111-0550408,209-86-01293,"서울특별시 강남구 테헤란로 419 20층 (삼성동, 강남파이낸스플라자)", ,,모바일 게임 소프트웨어 개발 및 공급업,2019-04-02,12월
주식회사 액션파워,ActionPower Corp.,액션파워, ,"조홍식, 이지화",기타법인,110111-5943249,139-81-44004,"서울특별시 관악구 남부순환로 1838 (봉천동, C.S타워) 9층", ,,응용 소프트웨어 개발 및 공급업,2016-01-12,12월
주식회사 액시스소프트,AXISSOFT. CORP,액시스소프트, ,박경근,기타법인,110111-3804047,106-86-55092,"서울특별시 강남구 논현로102길 55 (역삼동, 에스엔에스빌딩). 3층",www.axissoft.co.kr,,시스템 소프트웨어 개발 및 공급업,2007-12-12,12월
(주)액토즈소프트,"ACTOZ SOFT CO., LTD.",액토즈소프트,052790,구오하이빈(Guo Haibin),코스닥시장,110111-1335656,201-81-55470,"서울특별시 중구 서애로 33 1층, 4층, 5층(필동3가,티엔에스빌딩)",www.actoz.com,,게임 소프트웨어 개발 및 공급업,1996-10-29,12월
(주)액티즌닷컴,"actizen.com Co.,Ltd.",액티즌닷컴, ,김창섭,기타법인,110111-1831464,214-86-43903,서울특별시 강남구 논현동 64-13 새들빌딩 4층,www.sitedaq.com,,기타 정보기술 및 컴퓨터운영 관련 서비스업,1999-12-18,12월
(주)액팀스,acctims corp,액팀스, ,박승창,기타법인,160111-0055114,314-81-15982,대전광역시 서구 월평동 427,www.acctims.com,,컴퓨터시스템 통합 자문 및 구축 서비스업,1996-04-15,03월
앤디애드 주식회사,NDAD INC.,앤디애드, ,명재창,기타법인,110111-3278044,117-81-55307,서울특별시 서초구 서초동 1364-39 지훈빌딩 407호, ,,정기 광고간행물 발행업,2005-07-28,12월
앤솔로지스튜디오(주),ANTHOLOGY STUDIOS,앤솔로지스튜디오, ,최재원,기타법인,110111-7686631,147-87-02098,"서울특별시 중구 장충단로 213 (광희동2가, 동훈빌딩) 8층", ,,"영화, 비디오물 및 방송프로그램 제작 관련 서비스업",2020-12-03,12월
앤시정보기술(주),NC INFOTECH,앤시정보기술, ,김태연,기타법인,180111-0339697,607-81-51293,"부산광역시 해운대구 센텀서로 30 (우동, 케이엔엔타워)2003-5호",www.ncin.co.kr,,컴퓨터시스템 통합 자문 및 구축 서비스업,2000-10-20,12월
(주)앤써러,ANSWERER,앤써러, ,이남,기타법인,110111-1861148,119-81-35137,서울특별시 강남구 삼성동 144-1 시몬느B/D 12층,WWW.ANSWERER.CO.KR,,데이터베이스 및 온라인정보 제공업,2000-01-24,12월
(주)앤아이박스,"Nibox.co.,ltd",앤아이박스, ,강성추,기타법인,160111-0097330,305-81-37376,서울특별시 강남구 대치4동 896-4 삼정빌딩 4층,www.nibox.com,,시스템 소프트웨어 개발 및 공급업,2000-04-26,12월
앤앤지 주식회사,"NNG.CO.,LTD",앤앤지, ,"강대진, 이규덕",기타법인,110111-2796112,114-86-28198,서울특별시 서초구 방배동 925-3 성보빌딩,www.nngsoft.com,,게임 소프트웨어 개발 및 공급업,2003-06-10,12월
주식회사 앤유,NYOU,앤유, ,김정환,기타법인,131111-0464675,465-88-00637,"경기도 성남시 분당구 대왕판교로 670 (삼평동)유스페이스2, 10층 비-1001호", ,,모바일 게임 소프트웨어 개발 및 공급업,2016-11-11,12월
(주)앳폰텔레콤,"Atphone Telecom co., Ltd.",앳폰텔레콤, ,전국제,기타법인,110111-2028599,220-81-93010,서울특별시 강남구 역삼1동 679-5 아주빌딩 901,www.atphone.com,,통신 재판매업,2000-07-18,12월
(주)야긴스텍,YAGINSTEK,야긴스텍, ,임민수,기타법인,110111-3418533,220-87-26565,서울특별시 서초구 서초3동 1597-2 청호나이스빌딩 3층,yagins.com,,시스템 소프트웨어 개발 및 공급업,2006-03-14,12월
(주)야나두,Kakao Kids ,야나두, ,"김정수, 김민철",기타법인,131111-0213981,129-86-23477,"서울특별시 강남구 봉은사로 619 (삼성동, JBKTOWER빌딩) 4층,5층",www.kakaokids.com,,응용 소프트웨어 개발 및 공급업,2008-07-11,12월
(주)야놀자,yanolja,야놀자, ,이수진,기타법인,110111-3612375,220-87-42885,서울특별시 강남구 테헤란로108길 42,www.yanolja.com,,데이터베이스 및 온라인정보 제공업,2007-02-01,12월
주식회사 야놀자클라우드고글로벌코리아,"Yanolja Cloud Go Global Korea Co.,Ltd.",야놀자클라우드고글로벌코리아, ,김민우,기타법인,110111-8055653,155-86-01981,"서울특별시 강남구 테헤란로 151 지상 3,4,5,6,7층 (역삼동, 역삼하이츠빌딩)", ,,데이터베이스 및 온라인정보 제공업,2021-10-14,12월
주식회사 야놀자플랫폼,"Yanolja Platform Co., Ltd.",야놀자플랫폼, ,배보찬,기타법인,110111-9078034,138-87-03429,"서울특별시 강남구 테헤란로108길 42 (대치동, 엠디엠타워) 4층-9층", ,,데이터베이스 및 온라인정보 제공업,2024-10-15,12월
주식회사 야웨이정밀레이저코리아,"YAWEI PRECISION LASER KOREA Co., Ltd.",야웨이정밀레이저코리아, ,렁쯔빈,기타법인,110111-7172119,850-88-01173,"서울특별시 서초구 서초대로 396 16층 1602호(서초동, 강남빌딩)", ,,응용 소프트웨어 개발 및 공급업,2019-07-15,12월
(주)야컴,"YACOM CO.,LTD",야컴, ,최재봉,기타법인,110111-1263998,105-81-78651,서울특별시 마포구 망원동 481-1,yacom.com,,서적 출판업,1996-04-23,12월
(주)야호커뮤니케이션,"YAHOH Communication Co., Ltd.",야호커뮤니케이션,059720,이인광,기타법인,110111-1706766,105-86-00314,서울특별시 강남구 대치동 983-1 해암빌딩 9층 ,www.yahohpia.com,,데이터베이스 및 온라인정보 제공업,1999-06-01,12월
야후코리아(주),Yahoo! Korea Corp.,야후코리아, ,김진수,기타법인,110111-1469322,110-81-38156,서울특별시 강남구 삼성동 144-19 제이에스타워,kr.yahoo.com,,데이터베이스 및 온라인정보 제공업,1997-10-06,12월
(주)얄개네트워크,yalge network inc.,얄개네트워크, ,안남훈,기타법인,110111-2099574,214-86-70360,서울특별시 서초구 반포동 59-6 교통신문빌딩 2층,www.yalge.com,,시스템 소프트웨어 개발 및 공급업,2000-10-27,12월
(주)얍글로벌,YAP Global,얍글로벌, ,조상우,기타법인,110111-6304284,683-86-00584,"서울특별시 종로구 율곡로 88 (운니동, 삼환빌딩) 10층", ,,컴퓨터시스템 통합 자문 및 구축 서비스업,2017-02-01,12월
주식회사 얍컴퍼니,YAP Company,얍컴퍼니, ,안경훈,기타법인,110111-5168839,114-87-10109,"서울특별시 종로구 율곡로 6 (중학동, 트윈트리빌딩)A동 16,17층",www.yap.net,,기타 정보 서비스업,2013-06-27,12월
(주)양산케이블티브이방송,YangSan CableTV,양산케이블티브이방송, ,김신일,기타법인,184511-0023173,621-81-37225,"경상남도 양산시 북부동 698-4번지, 4층", ,,유선 방송업,2000-03-30,12월
(주)양천유선방송,Yang-Chon Lelay Brodcasting,양천유선방송, ,조재구,기타법인,110111-1906879,117-81-27500,서울특별시 양천구 목1동 918-1호 목동전화국 5층,www.ycntv.co.kr,,그 외 기타 전기 통신업,2000-03-15,12월
주식회사 어뉴,"ANEW CO. ltd.,",어뉴, ,강민규,기타법인,110111-5666122,788-86-00031,서울특별시 강남구 도산대로38길 46 (논현동) 1층, ,,"영화, 비디오물 및 방송프로그램 제작 관련 서비스업",2015-03-13,12월
어뉴텍코리아(주),"AnewTechnology Korea, Ltd.",어뉴텍코리아, ,박청정,기타법인,110111-1202699,116-81-54173,서울특별시 영등포구 여의도동 43-3 홍우빌딩 804호, ,,응용 소프트웨어 개발 및 공급업,1995-10-06,12월
주식회사 어니스트에이아이,"HonestFund Co., LTD.",어니스트에이아이, ,서상훈,기타법인,110111-5639640,184-81-00063,서울특별시 강남구 선릉로93길 40 (역삼동) 나라키움역삼에이빌딩 6층,www.honestfund.kr,,시스템ㆍ응용 소프트웨어 개발 및 공급업,2015-02-10,12월
(주)어니언소프트웨어,ONIONSOFTWARE. INC.,어니언소프트웨어, ,조창희,기타법인,110111-2062901,214-86-67152,"서울특별시 마포구 월드컵북로 396 (상암동, 누리꿈스퀘어) 연구개발타워 7층",www.onionsoftware.com/,,응용 소프트웨어 개발 및 공급업,2020-09-01,12월
(주)어니언홀딩스,"OnionHoldings.Co.,Ltd.",어니언홀딩스, ,장종정,기타법인,110111-1927552,214-86-54278,경기도 성남시 분당구 판교로 242 (삼평동) 판교디지털센터 C동 3층,www.oniontech.co.kr/,,시스템 소프트웨어 개발 및 공급업,2000-04-06,12월
어니컴 주식회사,"ONYCOM, INC.",어니컴, ,"양인집, 이석호",기타법인,110111-1582116,120-81-82737,"서울특별시 용산구 두텁바위로 21 (갈월동, 어니컴빌딩) 5층",www.onycom.com,,응용 소프트웨어 개발 및 공급업,1998-09-10,12월
어드밴스트테크놀로지벤처스(주),ATV Inc.,어드밴스트테크놀로지벤처스, ,배재광,기타법인,110111-2186313,120-86-18638,서울특별시 강남구 대치동 943-27 신도빌딩 8층,www.cyberlaw.co.kr,,시스템 소프트웨어 개발 및 공급업,2001-03-06,12월
(주)어드벤스,Advance Information Technology.Co.Ltd,어드벤스, ,김형식,기타법인,110111-1548639,105-81-93123,서울특별시 성동구 성수1가 2동 656-766 개풍빌딩 7층,www.advanceit.co.kr,,컴퓨터시스템 통합 자문 및 구축 서비스업,1998-05-23,12월
주식회사 어바웃콘텐츠,"about contents Co., Ltd.",어바웃콘텐츠, ,오창묵,기타법인,121111-0383025,613-86-01658,"서울특별시 마포구 월드컵북로 375 (상암동, DMC이안상암1단지) 707호", ,,"영화, 비디오물 및 방송프로그램 제작업",2020-02-17,12월
(주)어바웃타임,About Time Corp.,어바웃타임, ,이승준,기타법인,110111-5560051,144-81-32849,"경기도 성남시 분당구 판교역로 235 (삼평동, 에이치스퀘어엔동) 7층", ,,출판업,2014-11-10,12월
어바웃피싱,About fishing,어바웃피싱, ,송동현,기타법인,110111-7901972,631-81-02422,서울특별시 종로구 효자로 15 (통의동) 코오롱빌딩 3층,company.aboutfishing.kr,,포털 및 기타 인터넷 정보매개 서비스업,2021-05-28,12월
(주)어빌리티시스템즈,ABILISY SYSTEMS,어빌리티시스템즈, ,신재일,기타법인,110111-3045104,114-86-37590,"서울특별시 송파구 송파대로 111 205동 515,514,513,503호(문정동, 파크하비오)",www.abilsys.com,,컴퓨터시스템 통합 자문 및 구축 서비스업,2004-07-07,12월
주식회사 어스빌리지,"US VILLAGE Co.,Ltd.",어스빌리지, ,"김명운, 성남현",기타법인,110111-7536539,516-81-01779,"서울특별시 강남구 학동로11길 6 (논현동, (주)에땅빌딩) 4층",usvillage.co.kr/,,기타 정보기술 및 컴퓨터운영 관련 서비스업,2020-07-03,12월
어스얼라이언스 주식회사,US Alliance,어스얼라이언스, ,김선우,기타법인,110111-4734152,119-86-49349,"서울특별시 마포구 양화로 78-22 (서교동), 3층",https://www.us-alliance.co.kr/,,데이터베이스 및 온라인정보 제공업,2011-12-12,12월
주식회사 어스에이트,Earth Eight Inc.,어스에이트, ,김정훈,기타법인,131111-0669126,391-81-02524,"경기도 성남시 분당구 정자로 2 (정자동, 분당정자동푸르지오시티) 1층 131호", ,,무선 및 위성 통신업,2022-04-20,12월
(주)어썸피스,"Awesomepiece,inc",어썸피스, ,김재우,기타법인,110111-4385046,110-81-91224,"서울특별시 관악구 남부순환로 1926 (봉천동, 경동제약빌딩) 7층", ,,모바일 게임 소프트웨어 개발 및 공급업,2010-07-01,12월
어쎔블게임즈 주식회사,Assemble Games Inc.,어쎔블게임즈, ,이윤재,기타법인,110111-8807567,694-88-02908,"서울특별시 강남구 테헤란로 134 12층, (역삼동, 포스코타워역삼)", ,,게임 소프트웨어 개발 및 공급업,2023-12-01,12월
어울림엘시스(주),Oullim Elses Inc.,어울림엘시스,033280,설진연,기타법인,170111-0051988,515-81-07386,서울특별시 서초구 양재2동 315-1 어울림빌딩 5층,www.netsecuretech.com,,시스템 소프트웨어 개발 및 공급업,1991-05-10,12월
어울림정보기술(주),"Oullim Information Technology, Inc",어울림정보기술,038320,설진연,기타법인,130111-0045210,124-81-52875,경기도 성남시 분당구 서현동 258-1번지 아름빌딩 3층,www.oullim.co.kr,,시스템 소프트웨어 개발 및 공급업,1997-11-13,12월
(주)어콜레이드,"Accolade Co.,LTD",어콜레이드, ,홍기준,기타법인,110111-3185166,214-87-67353,서울특별시 서초구 양재동 272-5 석산빌딩 6층, ,,게임 소프트웨어 개발 및 공급업,2005-03-10,12월
주식회사 어플라이드엔지니어링,"APPLIED ENGINEERING.CO.,LTD",어플라이드엔지니어링, ,김룡영,기타법인,110111-0297477,107-81-16253,서울특별시 영등포구 당산동3가 388,www.ael.co.kr,,시스템 소프트웨어 개발 및 공급업,1981-06-05,12월
어피닛,"Afinit Co.,Ltd",어피닛, ,이철원,기타법인,110111-5462570,220-88-83715,"서울특별시 강남구 테헤란로 427 13층(삼성동, 위워크타워)",truebalance.io,,응용 소프트웨어 개발 및 공급업,2014-07-17,12월
언블락 주식회사,Unblock corporation,언블락, ,이희우,기타법인,110111-4621680,119-86-43229,경기도 성남시 분당구 분당내곡로 117 (백현동) 4동 7층, ,,정보서비스업,2011-06-13,12월
(주)언아더월드,AnotherWorld. Inc.,언아더월드, ,성필문,기타법인,134511-0030251,135-81-28598,경기도 용인시 이동면 서리 908-1,www.anotherworld.to,,시스템 소프트웨어 개발 및 공급업,1998-10-23,12월
(주)언어공학연구소,"Worldman co., Ltd.",언어공학연구소, ,장충엽,기타법인,110111-1187437,112-81-42748,서울특별시 용산구 동자동 벽산빌딩 17층,www.worldman.com,,시스템 소프트웨어 개발 및 공급업,1995-08-17,12월
주식회사 언어세상,"LANGUAGE WORLD Co, Ltd.",언어세상, ,유성철,기타법인,110111-1948582,209-81-25117,"서울특별시 양천구 목동서로 211 (목동, 범문빌딩) 2층", ,,서적 출판업,2000-05-01,12월
언체인 주식회사,unchain Corporation,언체인, ,이홍규,기타법인,110111-6713633,225-81-28042,"서울특별시 중구 삼일대로 343 (저동1가, 대신파이낸스센터(DaishinFinanceCenter)), 13층 127호", ,,시스템 소프트웨어 개발 및 공급업,2018-04-09,12월
언코어 주식회사,"Uncore Co., Ltd.",언코어, ,박준서,기타법인,110111-7564077,722-87-01717,서울특별시 강남구 테헤란로19길 77 (역삼동), ,,방송 프로그램 제작업,2020-07-22,12월
(주)얼라이드이십일,ALLIED21,얼라이드이십일, ,이재일,기타법인,110111-1921348,113-81-60069,"서울특별시 강남구 테헤란로 218 (역삼동, 나래빌딩) 13층", ,,응용 소프트웨어 개발 및 공급업,2000-03-28,12월
얼라이언스시스템주식회사,"Alliance System Co.,Ltd.",얼라이언스시스템, ,조성구,기타법인,110111-1411349,211-86-21462,서울특별시 강남구 삼성동 157-21 소석B/D 4층,www.allisys.co.kr,,시스템 소프트웨어 개발 및 공급업,1997-05-07,12월
얼라이트크리에이티브 주식회사,Alight Creative. Inc.,얼라이트크리에이티브, ,FEINBERG MATTHEW AARON,기타법인,110111-6683274,251-88-00912,"서울특별시 서초구 서초대로 2 (방배동, 이수파이브) 12층", ,,시스템 소프트웨어 개발 및 공급업,2018-03-12,12월
(주)얼리언,EARLION,얼리언, ,권준혁,기타법인,131111-0234622,129-86-34921,서울특별시 강남구 언주로 551 프라자빌딩 7층(역삼동),www.earlion.com/,,응용 소프트웨어 개발 및 공급업,2009-07-06,12월
주식회사 얼반웍스 ,Urban works,얼반웍스, ,"허건, 김동현",기타법인,110111-4059534,211-88-24352,"서울특별시 양천구 오목로 325 4층,7층(목동 대학빌딩)",www.urbanworks.co.kr,,방송 프로그램 제작업,2009-03-12,12월
업라이즈 주식회사,"UPRISE, Inc.",업라이즈, ,이충엽,기타법인,110111-6635530,596-87-01059,경기도 성남시 분당구 황새울로360번길 25 1201호 (서현동), ,,시스템 소프트웨어 개발 및 공급업,2018-01-23,12월
주식회사 업스테이지,"Upstage Co., Ltd.",업스테이지, ,김성,기타법인,134511-0479962,830-88-01918,"경기도 용인시 수지구 광교중앙로 338 A동 815호 (상현동, 광교우미뉴브)",www.upstage.ai/,,컴퓨터 프로그래밍 서비스업,2020-10-05,12월
(주)에그이즈커밍,"egg is coming co., Ltd.",에그이즈커밍, ,고중석,기타법인,110111-6860020,418-88-01076,"서울특별시 마포구 월드컵북로 361 (상암동, DMC이안오피스텔), 1601호", ,,방송 프로그램 제작업,2018-09-03,12월
(주)에너윈,"ENERWIN Co.,Ltd.",에너윈,055970,김동훈,기타법인,110111-1002510,106-81-46303,서울특별시 강남구 논현동 70-6 트리스빌딩 10층,www.syswill.co.kr,,기타 정보기술 및 컴퓨터운영 관련 서비스업,1994-01-14,12월
(주)에너지솔루션즈,energysloutions,에너지솔루션즈, ,강영권,기타법인,110111-1501554,116-81-66927,"서울특별시 영등포구 경인로 775 (문래동3가, 에이스하이테크시티) 2동 804호", ,,방송 프로그램 제작업,1998-01-09,12월
에너지엑스 주식회사,EnergyX Inc.,에너지엑스, ,"박성현, 홍두화",기타법인,210111-0140427,736-86-01306,서울특별시 강남구 강남대로102길 38 (역삼동) 2층,www.energyx.ai/,,데이터베이스 및 온라인정보 제공업,2019-02-28,12월
(주)에네메스,"ENEMES.CO,.LTD",에네메스, ,최진,기타법인,110111-2456279,214-87-06021,서울특별시 금천구 가산동 대륭테크노타워6차 1405호, ,,애니메이션 영화 및 비디오물 제작업,2002-02-26,12월
(주)에넥스엠앤씨,AnnexM&C,에넥스엠앤씨, ,윤성철,기타법인,110111-4227850,220-87-90844,서울특별시 강남구 테헤란로 151 역삼하이츠 1914호 (역삼동), ,,무선 및 위성 통신업,2009-11-26,12월
(주)에넥스텔레콤,annextelecom,에넥스텔레콤, ,문성광,기타법인,110111-2910100,120-86-60757,"서울특별시 강남구 학동로 122 (논현동, 백석빌딩)", ,,통신 재판매업,2003-12-05,12월
주식회사 에누마코리아,ENUMA KOREA INC,에누마코리아, ,전유택,기타법인,110111-6722775,883-86-00976,"서울특별시 성동구 뚝섬로1나길 5 (성수동1가, 헤이그라운드(HEYGROUND)) G301호", ,,소프트웨어 개발 및 공급업,2018-04-20,12월
(주)에듀빅닷컴,Edubig.com Corp,에듀빅닷컴, ,김준희,기타법인,110111-1970337,214-86-58522,서울특별시 서초구 서초동 1458-6,www.edubig.com,,데이터베이스 및 온라인정보 제공업,2000-05-17,12월
주식회사 에듀서브,"eduserve Co., Ltd ",에듀서브, ,김택진,기타법인,110111-2626096,107-86-24554,서울특별시 영등포구 영등포동7가 제일빌딩 ,www.edusv.co.kr,,서적 출판업,2002-10-09,12월
(주)에듀스타,"edstar co,Ltd.,",에듀스타, ,김시걸,기타법인,110111-1924350,107-81-80167,서울특별시 강서구 내발산동 649번지 콤가빌딩,edustartv.com,,게임 소프트웨어 개발 및 공급업,2000-03-30,12월
에듀스파(주),Eduspa.co.Ltd.,에듀스파, ,박용,기타법인,110111-2127995,214-86-73144,서울특별시 서초구 서초1동 1602-2 서경빌딩 3층,eduspa.com,,데이터베이스 및 온라인정보 제공업,2000-12-12,12월
주식회사 에듀왕,Eduwang,에듀왕, ,최봉수,기타법인,110111-1924996,214-86-54036,서울특별시 구로구 구로3동 이앤씨벤쳐드림타워2차 5층,www.eduwang.com,,서적 출판업,2000-04-03,12월
(주)에듀왕,"Eduwang Co., Ltd.",에듀왕, ,박명전,기타법인,164211-0014586,305-81-86450,"경기도 파주시 광탄면 세류길 101 (용미리, (주)에듀왕)",eduwang.com,,교과서 및 학습서적 출판업,2007-04-01,12월
(주)에듀챌린지,"Educhallenge. Co.,Ltd.",에듀챌린지, ,김우정,기타법인,110111-3042895,220-86-87788,"서울특별시 강남구 개포로 619 10층 (개포동, 서울강남우체국)",www.i-challenge.co.kr,,교과서 및 학습서적 출판업,2004-07-02,12월
주식회사 에듀타운,Edu town,에듀타운, ,이승훈,기타법인,130111-0038124,124-81-43319,서울특별시 송파구 잠실본동 198 MBC 문화센터 7층,www.edutown.co.kr,,시스템 소프트웨어 개발 및 공급업,1996-04-01,03월
에듀토피아중앙교육(주),edutopia.inc,에듀토피아중앙교육, ,"허대건, 허필수",기타법인,110111-2594441,206-81-73982,서울특별시 성동구 하왕십리동 977-1,www.edutopia.co.kr,,서적 출판업,2002-08-23,12월
(주)에듀티브이,EDUTV  Co. Ltd.,에듀티브이, ,김교현,기타법인,110111-2458647,113-81-75432,서울특별시 금천구 가산동 345-9 SK 트윈테크타워 B-210,www. iedutv.co.kr,,프로그램 공급업,2002-02-28,12월
에디슨에이아이(주),"EDISON AI CO., LTD.",에디슨에이아이, ,김현곤,기타법인,195211-0017690,832-86-02049,경상남도 함양군 수동면 산업단지길 148, ,,시스템ㆍ응용 소프트웨어 개발 및 공급업,2021-02-16,12월
에르메스남천제일차 주식회사,-,에르메스남천제일차, ,김미지,기타법인,110111-7415923,563-86-01580,"서울특별시 영등포구 여의대로 60 (여의도동, NH투자증권빌딩)", ,,"컴퓨터 프로그래밍, 시스템 통합 및 관리업",2020-03-05,12월
에버그린솔루션주식회사,EVERGREEN SOLUTION INC.,에버그린솔루션, ,김석한,기타법인,135511-0157111,140-81-06484,"서울특별시 영등포구 여의대로 8 A동 3402호 (여의도동, 여의도파크센터)", ,,컴퓨터시스템 통합 자문 및 구축 서비스업,2005-02-16,12월
(주)에버리치홀딩스,everrich holdings,에버리치홀딩스, ,원국동,기타법인,110111-1621948,214-87-78767,"서울특별시 강남구 강남대로58길 61 (도곡동, EVERRICH) 5F", ,,일반 서적 출판업,2005-08-01,12월
주식회사 에버스핀,everspin,에버스핀, ,하영빈,기타법인,110111-5353050,119-86-84569,"서울특별시 동작구 노량진로 188 10~12층(노량진동, 에버스핀빌딩)", ,,시스템 소프트웨어 개발 및 공급업,2014-02-28,12월
(주) 에버영코리아,-,에버영코리아, ,정은성,기타법인,284511-0015319,132-86-20646,"서울특별시 은평구 은평로 180 (응암동, 라익빌딩) 3-6층", ,,정보서비스업,2015-06-09,12월
(주) 에버영피플,-,에버영피플, ,강윤식,기타법인,110111-6508886,320-86-00820,"서울특별시 송파구 백제고분로 216 (삼전동, 청송빌딩) 6층", ,,정보서비스업,2017-09-11,12월
주식회사 에버케어,EVERCARE Corp,에버케어, ,유중하,기타법인,110111-2099699,120-86-13517,서울특별시 강남구 신사동 620-1 에버케어사옥 5F,www.evercare.co.kr,,정보서비스업,2000-10-28,12월
주식회사 에버헬스케어,"Everhealthcare.Co.,Ltd.",에버헬스케어, ,남재우,기타법인,110111-4455279,113-86-43352,서울특별시 구로구 구로3동 우림이비지센터빌딩 1차 10층 (주)에버헬스케어,www.everhealthcare.co.kr,,그 외 기타 정보 서비스업,2010-10-22,12월
주식회사에브리온티브이,"Everyontv. co.,ltd",에브리온티브이, ,김경익,기타법인,110111-4899542,214-88-99060,서울특별시 서초구 반포대로7길 20 성훈빌딩 3층 (서초동),www.everyontv.co.kr,,데이터베이스 및 온라인정보 제공업,2012-06-21,12월
주식회사 에브리플레이,EveryPlay Inc.,에브리플레이, ,김종인,기타법인,110111-6114261,274-86-00395,서울특별시 금천구 가산디지털1로 149 (가산동), ,,응용 소프트웨어 개발 및 공급업,2016-07-07,12월
주식회사 에비드넷,EvidNet Inc.,에비드넷, ,조인산,기타법인,210111-0128267,398-81-00866,서울특별시 강남구 강남대로 292 3층 (도곡동),evidnet.com,,데이터베이스 및 온라인정보 제공업,2017-11-06,12월
에센투어닷컴 주식회사,ESSENTOUR.COM,에센투어닷컴, ,신동석,기타법인,180111-0318469,617-81-27261,부산광역시 남구 대연3동 55-1 21센츄리씨티 1001,www.essentour.com,,데이터베이스 및 온라인정보 제공업,2000-03-28,12월
(주)에셈넷커뮤니케이션,"ESEMNET COMMUNICATION, INC.",에셈넷커뮤니케이션, ,이원길,기타법인,110111-2024232,220-81-92684,경기도 고양시 덕양구 행신동 952 세신훼밀리타운 911호,http://www.esemnet.co.kr,,데이터베이스 및 온라인정보 제공업,2000-07-12,12월
(주)에셈월드,"Esemworld co.,Ltd",에셈월드, ,박영식,기타법인,110111-2038340,215-81-95753,서울특별시 송파구 문정동29-15 송학빌딩 5층,www.smworld.net,,데이터베이스 및 온라인정보 제공업,2000-08-01,12월
에스넷시스템(주),S NET SYSTEMS.INC,에스넷,038680,"박효대, 이남작 (각자대표)",코스닥시장,110111-1647671,120-81-86581,서울특별시 강남구 선릉로 514 성원빌딩,www.snetsystems.co.kr,,컴퓨터시스템 통합 자문 및 구축 서비스업,1999-02-08,12월
에스넷아이씨티(주),S.Net ICT Inc.,에스넷아이씨티, ,김정순,기타법인,160111-0337314,314-86-42451,"서울특별시 송파구 법원로11길 25 (문정동, 에이치비지니스파크)A동 1304-1306호", ,,컴퓨터시스템 통합 자문 및 구축 서비스업,2020-12-21,12월
주식회사 에스더블유엠,"SWM Co.,Ltd.",에스더블유엠, ,김기혁 정석우,기타법인,131111-0139707,129-81-84542,"경기도 안양시 동안구 시민대로327번길 28 5,6층 (관양동, 에스엘평촌R&D센터)",www.swm.ai,,응용 소프트웨어 개발 및 공급업,2005-04-29,12월
(주)에스디엑스,sdx,에스디엑스, ,최정원,기타법인,110111-2359407,104-81-66813,"서울특별시 서초구 동산로16길 39 (양재동, 동서빌딩)", ,,그 외 기타 정보 서비스업,2015-05-28,12월
주식회사 에스랩,S. Lab,에스랩, ,이규호,기타법인,131111-0624485,409-88-01989,경기도 성남시 분당구 판교역로 240 (삼평동) 삼환하이펙스 A동 501호, ,,소프트웨어 개발 및 공급업,2021-04-01,12월
에스링크(주),"S-Link Co., Ltd.   ",에스링크, ,송정호,기타법인,110111-1632549,108-81-17158,서울특별시 동작구 대방동 조선무약빌딩 339-1 12층,www.s-link.com,,시스템 소프트웨어 개발 및 공급업,1998-09-01,12월
(주)에스미에스미,"SBSme  Co.,Ltd",에스미에스미, ,박광호,기타법인,110111-2080341,107-81-90326,서울특별시 영등포구 여의도동 25-12 신송센터빌딩13층,www.sbsme.com,,데이터베이스 및 온라인정보 제공업,2000-09-29,12월
(주)에스브이에이치,"SVH co., Ltd.",에스브이에이치,046240,김형기,기타법인,180111-0241743,601-81-32319,서울특별시 서초구 서초동 1585-13 성현빌딩 ,www.edu.co.kr,,시스템 소프트웨어 개발 및 공급업,1997-09-26,12월
주식회사 에스비넷,"SBNET CO., LTD.",에스비넷, ,허훈,기타법인,110111-7071220,373-87-01418,"서울특별시 금천구 디지털로 178 에이동 1624, 1625호(가산동, 현대가산퍼블릭)", ,,컴퓨터시스템 통합 자문 및 구축 서비스업,2019-04-09,12월
(주)에스비물산,SBMS,에스비물산, ,윤동권,기타법인,110111-6162509,242-88-00510,"서울특별시 영등포구 국회대로70길 15-1 알551호(여의도동, 극동브이아이피빌딩)", ,,시스템 소프트웨어 개발 및 공급업,2016-08-29,12월
에스비솔루션 주식회사,"SB SOULTIONS CO., LTD",에스비솔루션, ,이수임,기타법인,170111-0763864,622-86-01706,대구광역시 달성군 다사읍 세천로3길 111 (세천리) 4층, ,,응용 소프트웨어 개발 및 공급업,2020-03-19,12월
(주)에스비아이엔시,SB I&C,에스비아이엔시, ,노병천,기타법인,110111-2546517,214-87-23700,서울특별시 서초구 서초동 1355-8, ,,그 외 기타 정보 서비스업,2002-06-14,12월
(주)에스비에스골프,"SBS GOLF Co., Ltd.",에스비에스골프, ,조윤증,기타법인,110111-0975479,109-81-43493,"서울특별시 마포구 상암산로 82 (상암동, SBS프리즘타워)",www.sbsgolf.com/,,프로그램 공급업,1993-09-27,12월
(주)에스비에스미디어넷,"SBS Medianet Co., Ltd.",에스비에스미디어넷, ,조재룡,기타법인,110111-2001040,215-81-93624,"서울특별시 마포구 상암산로 82 (상암동, SBS프리즘타워) 13층",sbsmedianet.sbs.co.kr,,프로그램 공급업,2000-06-20,12월
(주)에스비에스비즈니스네트워크,"SBS Business Network Co.,Ltd.",에스비에스비즈니스네트워크, ,홍성완 차형훈,기타법인,110111-3175183,104-81-92378,"서울특별시 마포구 상암산로 82 (상암동, SBS프리즘타워)",sbscnbc.sbs.co.kr,,프로그램 공급업,2005-02-23,12월
(주)에스비에스스포츠,"SBS Sports Co., Ltd",에스비에스스포츠, ,조윤증,기타법인,110111-0997043,215-81-37428,"서울특별시 마포구 상암산로 82 (상암동, SBS프리즘타워)", ,,프로그램 공급업,1993-12-27,12월
(주)에스비에스아이,"SBSi Co., Ltd.",에스비에스아이, ,김기헌,기타법인,110111-6480646,598-88-00752,서울특별시 양천구 목동서로 161,https://www.sbsi.co.kr/,,데이터베이스 및 온라인정보 제공업,2017-08-07,12월
(주)에스비에스아이피티브이에스피씨,SBSIPTVSPC,에스비에스아이피티브이에스피씨, ,이홍근,기타법인,110111-4414225,117-81-73552,서울특별시 양천구 목동서로 161, ,,"영화, 비디오물, 방송프로그램 제작 및 배급업",2010-08-17,12월
(주)에스비에스에이앤티,"SBS A&T Co., Ltd.",에스비에스에이앤티, ,이동희,기타법인,110111-1601156,116-81-70227,서울특별시 양천구 목동서로 161 (목동),www.sbsant.co.kr,,뉴스 제공업,1998-10-29,12월
(주)에스비에스이플러스,SBSEPLUS,에스비에스이플러스, ,박종,기타법인,110111-4014736,215-87-21234,"서울특별시 마포구 상암산로 82 (상암동, SBS프리즘타워)",etv.sbs.co.kr,,"유선, 위성 및 기타 방송업",2008-12-17,12월
에스비에스케이티에스피씨,SBSKTSPC,에스비에스케이티에스피씨, ,이홍근,기타법인,110111-4184894,117-81-70026,서울특별시 양천구 목동서로 161, ,,"영화, 비디오물, 방송프로그램 제작 및 배급업",2009-09-24,12월
(주)에스비에스프로덕션,SBS PRODUCTIONS INC.,에스비에스프로덕션, ,박종,기타법인,110111-0856885,116-81-42828,서울특별시 양천구 목동 920번지 SBS방송센타 21층,www.sbspro.co.kr,,방송 프로그램 제작업,1992-05-11,12월
주식회사 에스비에이치홀딩스,SBH Holdings,에스비에이치홀딩스, ,한승백,기타법인,120111-1353276,389-88-03043,"인천광역시 부평구 체육관로 18 5층 501호 일부호(6142)(삼산동, 대경프라자)", ,,포털 및 기타 인터넷 정보매개 서비스업,2023-12-21,12월
(주)에스비인터랙티브,SBinteractive,에스비인터랙티브, ,유인무,기타법인,110111-2919037,120-86-61358,서울특별시 강남구 삼성동 9-22 서경빌딩 3층,www.sbinteractive.co.kr/,,통신 재판매업,2003-12-19,12월
(주)에스비정보기술,SBIT,에스비정보기술, ,윤동권,기타법인,110111-5428192,107-88-20815,"서울특별시 영등포구 국회대로70길 15-1 알556호(여의도동, 극동브이아이피빌딩)", ,,시스템 소프트웨어 개발 및 공급업,2014-05-30,12월
(주)에스비컴,"sbcom.co.,ltd.",에스비컴, ,박현식,기타법인,110111-1782360,108-81-18439,강원도 원주시 개운동 398-11,www.sbcom.co.kr,,시스템 소프트웨어 개발 및 공급업,1999-04-05,01월
(주)에스비티글로벌,"SBT Global Co., Ltd",에스비티글로벌, ,서병구,기타법인,110111-3026625,114-86-36932,"경기도 성남시 분당구 대왕판교로 660 B동 703호 (삼평동, 유스페이스1)",www.sbtglobal.com,,시스템 소프트웨어 개발 및 공급업,2004-06-09,12월
에스씨에스프로(주),"SCSpro Co.,Ltd",에스씨에스프로, ,"김성열, 윤순기",기타법인,110111-2536104,113-81-77478,"서울특별시 금천구 가산디지털1로 205 (가산동, 케이씨씨웰츠밸리) 1203호",www.scspro.co.kr,,유선 통신업,2002-05-29,12월
(주)에스씨정보,SCINFO,에스씨정보, ,이현수,기타법인,160111-0480923,860-86-00949,"세종특별자치시 나성북로 47 (나성동, 나릿재마을4단지) D247호", ,,컴퓨터시스템 통합 자문 및 구축 서비스업,2018-04-05,12월
주식회사 에스아이에이,"SI Analytics Co.,Ltd",에스아이에이, ,전태균,기타법인,160111-0488886,202-88-01151,"대전광역시 유성구 유성대로1689번길 70 (전민동, KT대덕2연구센타)",www.si-analytics.ai,,컴퓨터 프로그래밍 서비스업,2018-07-02,12월
(주)에스아이지,"SIG Co.,Ltd",에스아이지, ,이희규,기타법인,110111-7163697,715-87-01460,"서울특별시 금천구 가산디지털1로 225 (가산동, 에이스가산포휴) 1405~1408호",www.saig.co.kr,,응용 소프트웨어 개발 및 공급업,2019-07-10,12월
(주)에스알이코퍼레이션,SRE Corporation,에스알이코퍼레이션, ,이정수,기타법인,110111-1400029,120-81-72845,서울특별시 강남구 신사동 652-16 KMD빌딩 5층,www.srecorp.com,,"영화, 비디오물 및 방송프로그램 제작 관련 서비스업",1997-04-09,12월
주식회사에스앤에프네트웍스,S&F NETWORKS INC,에스앤에프네트웍스, ,"박효대, 김창동",기타법인,110111-2382672,120-86-29493,"서울특별시 강남구 선릉로 514 (삼성동, 성원빌딩) 15층", ,,시스템 소프트웨어 개발 및 공급업,2001-11-26,12월
주식회사 에스앤에프솔루션,"S&F Solution Co., Ltd.",에스앤에프솔루션, ,권성호,기타법인,110111-4127787,214-88-44115,"서울특별시 서초구 강남대로97길 27 (잠원동, 세원빌딩)", ,,컴퓨터시스템 통합 자문 및 구축 서비스업,2009-06-30,12월
주식회사 에스앤엠코리아,S&M Korea,에스앤엠코리아, ,지미향,기타법인,110111-4105668,211-88-27311,서울특별시 강남구 논현동 231-13 팍스타워 5층, ,,영상ㆍ오디오 기록물 제작 및 배급업,2009-06-01,12월
(주)에스앤이,S&E,에스앤이, ,김정환,기타법인,110111-4173615,215-87-30596,서울특별시 노원구 공릉동 172 서울과학기술대학교창어보육센터 208호, ,,방송 프로그램 제작업,2009-09-07,12월
주식회사 에스앤케이,SNK CORPORATION,에스앤케이,950180,마츠바라 켄지,기타법인, ,45492,"1-16-17, Esakacho, Suitasi, Osaka, Japan",www.snk-corp.co.jp,,게임 소프트웨어 개발 및 공급업,2001-08-01,07월
주식회사 에스앤케이인베스트먼트,SPORTSWORKS,에스앤케이인베스트먼트, ,이영미,기타법인,110111-5826586,123-88-00223,"서울특별시 영등포구 국제금융로8길 27-8 4층 (여의도동, 엔에이치농협캐피탈빌딩)", ,,방송 프로그램 제작업,2016-01-01,12월
주식회사 에스앤케이인스티튜트,Easycerti Inc.,에스앤케이인스티튜트, ,심기창,기타법인,110111-2586654,201-81-75821,"서울특별시 강남구 선릉로 577 (역삼동, 조선내화빌딩)",www.easycerti.com,,시스템 소프트웨어 개발 및 공급업,2002-08-12,12월
주식회사 에스앤케이 인터랙티브,"SNK INTERACTIVE CO., LTD.",에스앤케이인터랙티브, ,전세환,기타법인,110111-6498079,401-81-58010,"서울특별시 강남구 테헤란로 223 (역삼동, 큰길타워빌딩) 13층",https://www.snk-corp.co.jp/kr/,,게임 소프트웨어 개발 및 공급업,2017-08-25,12월
에스앤티솔루션(주),"S&Tsolution Co.,Ltd",에스앤티솔루션, ,박천일,기타법인,194211-0068793,609-81-64571,경상남도 창원시 외동853-5,www.hisnts.com,,컴퓨터시스템 통합 자문 및 구축 서비스업,2004-07-28,12월
에스에스비젼(주),"SSVISION CO.,LTD",에스에스비젼, ,"김순중, 윤기리",기타법인,110111-2616203,215-86-31910,서울특별시 송파구 방이동 88-2 올림픽공원 제3체육관 4층,ssvision.co.kr,,방송 프로그램 제작업,2002-09-25,12월
(주)에스에스알,SSR Inc.,에스에스알,275630,고필주,코스닥시장,110111-4422103,113-86-42090,"서울특별시 구로구 디지털로26길 111, 1606,1607,1608호 (구로동, 제이앤케이디지털타워)",www.ssrinc.co.kr,,소프트웨어 개발 및 공급업,2010-08-27,12월
유한회사 에스에스알,Limited Company SSR,에스에스알, ,김수영,기타법인,200114-0045441,410-86-71138,광주광역시 광산구 무진대로 272-8 (우산동) 에이607호, ,,영화관 운영업,2013-02-25,12월
에스에스앤씨 주식회사,"SSNC Co.,Ltd.",에스에스앤씨, ,한은혜,기타법인,110111-6655603,896-87-01022,"경기도 광명시 일직로 43 C동 11층 14~19호 (일직동,GIDC)",www.ssnc.co.kr/,,소프트웨어 개발 및 공급업,2018-02-08,12월
에스에이관리(주),"SA Management Co., Ltd.",에스에이관리, ,이관훈,기타법인,110111-0972772,120-81-31878,서울특별시 마포구 상암동 1606번지 CJ E&M 센터 9층,www.cjmedia.net,,프로그램 공급업,1993-09-17,12월
(주)에스에이정보기술,"SAITECH Co.,LTD",에스에이정보기술, ,김성빈,기타법인,110111-2936693,110-81-64858,"경기도 과천시 과천대로7나길 60 A동 201호(갈현동, 과천어반허브)",www.saitech.co.kr,,시스템 소프트웨어 개발 및 공급업,2004-01-15,12월
주식회사 에스에이치정보시스템,"SH Information System.,CO.LTD",에스에이치정보시스템, ,오세호,기타법인,110111-3935636,120-87-30473,서울특별시 성동구 용답동 228-1 미라보타워 315호, ,,시스템 소프트웨어 개발 및 공급업,2008-07-16,12월
에스에이피랩스코리아(주),"SAP Labs Korea, Inc.",에스에이피랩스코리아, ,샹링주이,기타법인,110111-1962673,119-81-38250,"서울특별시 서초구 반포동 63-7번지 17,18층",www.sap.com,,시스템 소프트웨어 개발 및 공급업,2000-05-08,12월
에스에이피코리아,SAP KOREA LTD.,에스에이피코리아, ,형원준외 1인,기타법인,110111-1205023,116-81-37664,"서울특별시 강남구 남부순환로 2806 (도곡동, 군인공제회관)",WWW.SAP.CO.KR,,시스템 소프트웨어 개발 및 공급업,1995-11-01,12월
주식회사 에스엔에이치에스,SNHS,에스엔에이치에스, ,심호섭,기타법인,164811-0152293,750-86-02484,충청남도 아산시 둔포면 아산밸리로387번길 62 (석곡리) 에스엔에이치에스, ,,컴퓨터 프로그래밍 서비스업,2021-11-23,12월
(주)에스엘시스템즈,"SL Systems Co., Ltd",에스엘시스템즈, ,박인수,기타법인,110111-0802565,220-81-30830,서울특별시 강남구 역삼2동 707-7 대아빌딩7층,www.sl.co.kr,,시스템 소프트웨어 개발 및 공급업,1991-09-10,12월
에스엘엘중앙 주식회사,"SLL JOONGANG Co., Ltd",에스엘엘중앙, ,윤기윤,기타법인,110111-1764730,120-81-93457,"서울특별시 마포구 상암산로 38 (상암동, JTBC빌딩)", ,,"영화, 비디오물 및 방송프로그램 배급업",1999-09-01,12월
주식회사 에스엘이노베이션스,Slinnovations corp.,에스엘이노베이션스, ,정재훈,기타법인,110111-5165075,220-88-61439,"서울특별시 강남구 테헤란로 521 (삼성동, 파르나스타워) 28층",www.slinnovations.com,,게임 소프트웨어 개발 및 공급업,2013-07-17,12월
(주)에스엠엔터테인먼트,"SM ENTERTAINMENT CO., Ltd.",에스엠,041510,"장철혁, 탁영준",코스닥시장,110111-1128340,114-81-63109,서울특별시 성동구 왕십리로 83-21 아크로 서울포레스트 디타워,smentertainment.com,smentertainment.com,음악 및 기타 오디오물 출판업,1995-02-14,12월
(주)에스엠아이티,SMIT Inc.,에스엠아이티, ,안재기,기타법인,160111-0064694,314-81-19561,대전광역시 유성구 구성동 한국과학기술원 동문창업관 1111호,www.smit.co.kr,,시스템 소프트웨어 개발 및 공급업,1997-08-06,12월
주식회사 에스엠이 비지니스,smebusiness,에스엠이비지니스, ,신현준,기타법인,131311-0292014,183-81-03053,경기도 화성시 남양읍 역골동로 124 (남양리) 305호, ,,정보서비스업,2022-10-11,12월
(주)에스엠테크놀로지,S.M.Technology.co.kr,에스엠테크놀로지, ,손석성,기타법인,110111-1792103,220-81-69145,서울특별시 영등포구 여의도동17-10 이트로닉스빌딩6층,www.smtechnology.co.kr,,시스템 소프트웨어 개발 및 공급업,1999-10-19,03월
(주)에스엠투엠,sm2m,에스엠투엠, ,전진하,기타법인,110111-4464171,119-86-34865,"서울특별시 금천구 가산디지털1로 2 (가산동, 우림라이온스밸리2차) 406호",www.sm2m.kr,,소프트웨어 개발 및 공급업,2010-11-03,12월
주식회사 에스엠티엔티,SMTNT,에스엠티엔티, ,김문식,기타법인,110111-3457854,212-81-75893,"서울특별시 강동구 성내로 36 (성내동, 예원빌딩) 6층", ,,시스템 소프트웨어 개발 및 공급업,2019-05-02,12월
에스엠티정보기술(주),"S.M.T. Information Technology Co.,LTD",에스엠티정보기술, ,이묵희,기타법인,110111-2796732,113-81-84945,"서울특별시 금천구 가산디지털1로 30 1801~1805(가산동, 에이스하이엔드타워10)",www.smtit.co.kr,,"컴퓨터시스템 통합 자문, 구축 및 관리업",2003-06-10,12월
주식회사 에스와이 폴라리스,"S.Y.Polaris co., ltd.",에스와이폴라리스, ,"이의옥, 박상만",기타법인,110111-7945227,337-86-02151,"서울특별시 중구 정동길 14 (정동, 오송빌딩) 2층", ,,응용 소프트웨어 개발 및 공급업,2021-07-05,12월
(주)에스유엠,"SUM Co., Ltd.",에스유엠, ,현영진,기타법인,110111-7612842,738-81-01888,"경기도 시흥시 배곧2로 82 301호(배곧동, 미래모빌리티기술센터)",smobi.ai,,"컴퓨터 프로그래밍, 시스템 통합 및 관리업",2020-09-04,12월
(주)에스이,"S.E Co., Ltd.",에스이, ,신동진,기타법인,134911-0013275,133-81-37242,경기도 광명시 철산동 257 성림빌딩 3층,www.seworld.com,,시스템 소프트웨어 개발 및 공급업,1998-07-23,12월
주식회사 에스이티,S.E.T,에스이티, ,장호,기타법인,110111-2341884,107-86-06143,"서울특별시 강남구 영동대로 511 1904(삼성동, 트레이드타워)",www.set-idc.co.kr,,호스팅 및 관련 서비스업,2001-09-26,12월
(주)에스제이비파트너스,SJBPARTNERS,에스제이비파트너스, ,김성계,기타법인,110111-8639994,224-81-69924,"경상남도 창원시 성산구 용지로169번길 11-31 (용호동, 동진빌딩) 3층", ,,영화관 운영업,2023-05-17,12월
주식회사 에스제이티소프트웨어,SJT Software Corporation,에스제이티소프트웨어, ,손준태,기타법인,124411-0216201,764-81-01169,"경기도 김포시 풍년로 19 113동 107호 (사우동, 풍년마을진흥아파트)",https://sjtsoftware.co.kr,,컴퓨터 프로그래밍 서비스업,2018-07-23,12월
(주)에스제이하이테크,"SJ HIGHTECH CO., LTD",에스제이하이테크, ,김정준,기타법인,180111-0206119,604-81-31473,부산광역시 동구 초량동 1197-2 미사미빌딩10층,www.sjhightech.co.kr,,그 외 기타 전기 통신업,1996-05-28,12월
에스제이홀딩스(주),"SJ Holdings, Inc.",에스제이홀딩스, ,김병길,기타법인,134811-0259243,135-86-28365,경기도 화성시 기안길 21-4 에스제이홀딩스 주식회사, ,,기타 정보 서비스업,2012-12-18,12월
에스지에이시스템즈(주),"SGA SYSTEMS Co., Ltd.",에스지에이시스템즈,232290,김병천,기타법인,110111-3365643,220-87-21783,"대구광역시 동구 첨단로8길 20, 403호(신서동)",www.sgasys.kr,,소프트웨어 개발 및 공급업,2005-12-22,12월
에스지에이클라우드서비스 주식회사,"SGA CloudService Co., Ltd.",에스지에이클라우드서비스,224880,은유진,기타법인,135311-0014761,138-81-63842,"서울특별시 송파구 법원로11길 25에이동 908호(문정동, 에이치비지니스파크)",www.sgaemb.kr,,소프트웨어 개발 및 공급업,2010-11-26,12월
에스지에이홀딩스,"SGA Holdings Co., Ltd.",에스지에이홀딩스, ,은유진,기타법인,110111-2774118,220-86-62657,"경기도 의왕시 광진말로 54 에이동 523호 (초평동, 의왕스마트시티퀀텀)",www.sgahds.kr,,소프트웨어 개발 및 공급업,2003-05-07,12월
주식회사 에스지엠,"SGM Co., Ltd.",에스지엠, ,이의범,기타법인,131111-0717553,146-88-03112,"경기도 성남시 분당구 대왕판교로606번길 47 (삼평동, SG타워)", ,,기타 게임 소프트웨어 개발 및 공급업,2023-10-11,12월
(주)에스지케이,"SGM CO.,LTD.",에스지케이, ,박선희,기타법인,110111-1778989,210-81-26493,"경기도 성남시 분당구 대왕판교로606번길 47 (삼평동), SG타워 4층",www.sggolf.com,,기타 게임 소프트웨어 개발 및 공급업,1999-09-28,12월
에스케이네트웍스인터넷(주),"SK Networks Internet, Inc",에스케이네트웍스인터넷, ,박성균,기타법인,110111-3638917,113-86-12053,서울특별시 중구 을지로2가 198 오퍼스11빌딩 11층,www.skninternet.com,,포털 및 기타 인터넷 정보매개 서비스업,2007-03-15,12월
에스케이브로드밴드(주),"SK Broadband Co., Ltd.",에스케이브로드밴드,033630,박진효,기타법인,110111-1466659,214-86-18758,"서울특별시 중구 퇴계로 24 (남대문로5가, 남산소월타워)",www.bworld.co.kr,,유선 통신업,1997-09-26,12월
주식회사 에스케이비에스비에스에스피씨,SKBSBSSPC,에스케이비에스비에스에스피씨, ,이홍근,기타법인,110111-4192186,117-81-70176,서울특별시 양천구 목동서로 161, ,,"영화, 비디오물, 방송프로그램 제작 및 배급업",2009-10-06,12월
에스케이엠앤서비스(주),"SK m&service Co.,Ltd.",에스케이엠앤서비스, ,김성준,기타법인,110111-1873432,220-81-76893,"서울특별시 중구 수표로 34, 16층 (저동2가, 씨티센터타워)",www.skmns.co.kr,,시스템 소프트웨어 개발 및 공급업,2000-02-10,12월
에스케이커뮤니케이션즈,SK Communications,에스케이커뮤니케이션즈, ,유현오,기타법인,110111-1700924,116-81-74072,서울특별시 서대문구 미근동 257번지 임광빌딩 신관,www.nate.com,,데이터베이스 및 온라인정보 제공업,1999-05-21,12월
에스케이테크엑스(주),SKtechx,에스케이테크엑스, ,이한상,기타법인,110111-5990547,606-88-00198,"서울특별시 강남구 테헤란로 431 (삼성동, 라이언타워)",www.sktechx.com,,시스템 소프트웨어 개발 및 공급업,2016-03-04,12월
에스케이텔링크 주식회사,"SK Telink, Corp.",에스케이텔링크, ,최영찬,기타법인,110111-1533599,104-81-43391,"서울특별시 마포구 마포대로 144 (공덕동, 마포T타운)",www.sktelink.com,,유선 통신업,1998-04-09,12월
에스코어주식회사,"S-Core co.,Ltd",에스코어, ,김장현,기타법인,110111-3681031,120-87-15657,"서울특별시 송파구 올림픽로35길 123, 13층 (신천동, 향군타워)",www.s-core.co.kr,,컴퓨터시스템 통합 자문 및 구축 서비스업,2007-05-17,12월
에스큐아이소프트(주),SQISOFT Inc.,에스큐아이소프트, ,조영준,기타법인,110111-1829790,107-81-74307,"서울특별시 영등포구 선유로3길 10 13층(문래동5가, 하우스디비즈)",www.sqisoft.com,,시스템 소프트웨어 개발 및 공급업,1999-12-16,12월
(주)에스크라이프,akslife.lnc,에스크라이프, ,조준환,기타법인,110111-1899694,220-81-80742,서울특별시 강남구 역삼동 736-6 신봉빌딩 1004,http://www.asklife.co.kr,,기타 정보기술 및 컴퓨터운영 관련 서비스업,2000-03-16,06월
주식회사 에스투더블유,S2W Inc.,에스투더블유,488280,서상덕,코스닥시장,110111-6873750,641-88-00997,"경기도 성남시 분당구 판교역로192번길 12, 3층 (삼평동, 판교미래에셋센터)",s2w.inc/,,소프트웨어 개발 및 공급업,2018-09-17,12월
주식회사 에스투엔터테인먼트,"S2ENTERTAINMENT Co., Ltd.)",에스투엔터테인먼트, ,홍태화,기타법인,110111-5531367,105-88-09454,서울특별시 강남구 선릉로116길 26, ,,음악 및 기타 오디오물 출판업,2020-08-07,12월
에스트래픽 주식회사,"STraffic Co.,Ltd.",에스트래픽,234300,문찬종,코스닥시장,131111-0332864,144-81-09125,"경기도 성남시 수정구 금토로80번길 56 ,씨동(금토동, 위든타워)",www.straffic.co.kr,,"컴퓨터시스템 통합 자문, 구축 및 관리업",2013-01-25,12월
에스트랜스포트 주식회사,"S TRANSPORT Co., Ltd.",에스트랜스포트, ,최장국,기타법인,110111-6180634,759-81-00611,"서울특별시 송파구 올림픽로 370 7층 (방이동, 수성방이빌딩)",www.stransport.co.kr/,,시스템 소프트웨어 개발 및 공급업,2016-09-22,12월
주식회사 에스티디,STD,에스티디, ,이주호,기타법인,110111-3316696,206-86-03477,"서울특별시 강남구 역삼로 120 (역삼동, 성보역삼빌딩 3층)", ,,소프트웨어 개발 및 공급업,2005-11-14,12월
주식회사 에스티씨랩,"STCLab.co.,Ltd",에스티씨랩, ,박형준,기타법인,110111-7504841,538-81-02079,"서울특별시 강남구 봉은사로37길 5 (논현동, 캠프지) 2,3,5층",www.stclab.com/,,시스템 소프트웨어 개발 및 공급업,2020-06-01,12월
에스티에스정보통신주식회사,STAR TECHNOLOGY SERVICE CORPORATION,에스티에스정보통신, ,박승복,기타법인,180111-0230473,603-81-32237,부산광역시 동래구 사직3동 38-43,http://www.sts21.co.kr,,컴퓨터시스템 통합 자문 및 구축 서비스업,1997-04-25,12월
주식회사 에스티에이테스팅컨설팅,STA testing Consulting Inc.,에스티에이테스팅컨설팅, ,권원일,기타법인,110111-3843920,113-86-19814,"서울특별시 강남구 테헤란로43길 18 (역삼동, SC빌딩) 4층",www.sta.co.kr,,기타 정보기술 및 컴퓨터운영 관련 서비스업,2008-02-20,12월
주식회사 에스티엔인포텍,"STN Infotech Co., Ltd.",에스티엔인포텍, ,조민수,기타법인,134911-0066761,432-88-00020,"경기도 광명시 하안로 60 (소하동, 광명테크노파크) A동 8층 10~13호",www.stninfotech.com/homepage/,,그 외 기타 전기 통신업,2015-03-24,12월
에스티엠 주식회사,STM Incorporation,에스티엠, ,임동석,기타법인,200111-0487194,249-81-00526,"서울특별시 강서구 마곡중앙로 161-8 B동 805호(마곡동, 두산더랜드파크)", ,,기타 정보기술 및 컴퓨터운영 관련 서비스업,2017-02-22,12월
에스티지시큐리티(주),"STG Security,Inc.",에스티지시큐리티, ,문재철,기타법인,110111-1924079,101-81-56131,서울특별시 강남구 삼성동 157-8 엘지트윈텔3층,www.stgsecurity.com,,컴퓨터시스템 통합 자문 및 구축 서비스업,2000-03-29,12월
에스티커뮤니케이션,ESTICOMMUNICATION.CO.LTD ,에스티커뮤니케이션, ,김율,기타법인,110111-1988033,108-81-23058,서울특별시 서초구 반포동 51-7 해성빌딩 B1 215호,http:// www.2020club.co.kr,,데이터베이스 및 온라인정보 제공업,2000-06-03,12월
(주)에스피오홀딩스,"SPO Holdings Co.,LTD",에스피오홀딩스, ,박병건,기타법인,110111-6613015,544-86-00810,"서울특별시 강남구 논현로 503 (역삼동, 송촌빌딩)", ,,컴퓨터시스템 통합 자문 및 구축 서비스업,2018-01-02,12월
(주)에스피케이,S.P.K,에스피케이, ,김현중,기타법인,110111-1862089,211-86-89458,경기도 성남시 분당구 수내3동 114-1 지층, ,,시스템 소프트웨어 개발 및 공급업,2000-01-25,12월
에스피테크놀러지 주식회사,"SP Technology Co.,Ltd.",에스피테크놀러지, ,채현종,기타법인,110111-5406875,119-86-87514,"서울특별시 서초구 효령로 17 (방배동, 청진빌딩)", ,,시스템 소프트웨어 개발 및 공급업,2014-05-02,12월
주식회사 에쓰쎄븐,S7,에쓰쎄븐, ,이승근,기타법인,110111-6705789,506-86-01063,"서울특별시 강남구 학동로31길 12 (논현동, 벤쳐캐슬빌딩 5층)", ,,컴퓨터 프로그래밍 서비스업,2018-04-19,12월
주식회사 에쓰씨케이,SCK Corp.,에쓰씨케이, ,이승근,기타법인,110111-0750037,110-81-35159,서울특별시 강남구 학동로31길 12 벤처캐슬빙딩 4층 (논현동),www.sckcorp.co.kr,,시스템 소프트웨어 개발 및 공급업,1991-02-12,12월
주식회사 에쓰지씨컴퍼니,SGC Company,에쓰지씨컴퍼니, ,장기준,기타법인,134511-0567931,227-87-02448,"경기도 용인시 기흥구 강남로 7 (구갈동, 아트프라자) 602-다03", ,,정보서비스업,2022-03-04,12월
주식회사 에쓰피케이,SPK Corp.,에쓰피케이, ,이승근,기타법인,110111-6882131,324-87-01323,"서울특별시 강남구 학동로31길 12 (논현동, 벤쳐캐슬빌딩) 4층", ,,소프트웨어 개발 및 공급업,2018-10-01,12월
에어미디어,AIRMEDIA CORPORATION,에어미디어, ,김승목,기타법인,110111-1266900,120-81-66187,"서울특별시 성동구 성수일로8길 5 (성수동2가, 서울숲SKV1TOWER, 1509호)",www.airmedia.co.kr,,무선 및 위성 통신업,1996-05-01,12월
주식회사 에어스메디컬,AIRS Medical Inc.,에어스메디컬, ,"이혜성, 이진구",기타법인,110111-6843266,534-81-01291,"서울특별시 강남구 테헤란로 223 (역삼동, 큰길타워빌딩) 13층, 14층",airs-medical.com,,응용 소프트웨어 개발 및 공급업,2018-10-05,12월
(주)에어코드,Aircode.Co.Ltd,에어코드, ,오영식,기타법인,110111-1629421,105-81-97094,서울특별시 금천구 가산동 426-5 월드메르디앙 벤처센터2차 4층,www.aircode.co.kr,,데이터베이스 및 온라인정보 제공업,1999-01-06,12월
(주)에어큐브,AirCUVE,에어큐브, ,김유진,기타법인,110111-2655235,220-86-51922,"서울특별시 강서구 양천로 401 B동  606호 (가양동, 강서한강자이타워)",www.aricuve.com,,시스템ㆍ응용 소프트웨어 개발 및 공급업,2002-11-18,12월
(주)에어크로스,"AirCross Co., Ltd.",에어크로스, ,양범준,기타법인,110111-2121765,220-86-01650,서울특별시 강남구 역삼동 720-4,www.aircross.com,,기타 정보기술 및 컴퓨터운영 관련 서비스업,2000-12-01,12월
(주)에어키,"AIRQUAY CO.,LTD.",에어키, ,황영상,기타법인,110111-2422618,211-87-07564,"서울특별시 서초구 사평대로 16 5층(방배동, 누리빌딩)",www.airquay.com,,컴퓨터시스템 통합 자문 및 구축 서비스업,2002-01-15,12월
(주)에어패스,airpass,에어패스, ,임종호,기타법인,110111-2360131,220-86-23479,서울특별시 강남구 삼성동 166-7 건호빌딩 2층,www.airpasscorp.com,,무선 및 위성 통신업,2001-10-25,12월
주식회사 에오스,"EOS Co., Ltd.",에오스, ,김진수,기타법인,110111-6295102,745-81-00567,"경기도 과천시 과천대로7길 33 (갈현동, 디테크타워과천) A동 808호",www.eosy.co.kr,,시스템ㆍ응용 소프트웨어 개발 및 공급업,2017-01-06,12월
주식회사 에이다루트,CCmedia Service Corp.,에이다루트, ,김기수,기타법인,110111-4445478,113-86-43065,서울특별시 구로구 가마산로25길 9-9 (구로동) KM타워,ccmedia.co.kr/,,시스템 소프트웨어 개발 및 공급업,2010-10-07,12월
(주)에이다인포텍,"ADA Infotech CO., LTD.",에이다인포텍, ,김홍구,기타법인,110111-1523798,229-81-31461,서울특별시 영등포구 여의도동 17-12 신태진빌딩,www.adait.co.kr,,시스템 소프트웨어 개발 및 공급업,1998-03-16,12월
(주)에이디이,ADE Inc,에이디이, ,김용규,기타법인,110111-5822724,714-81-00087,"경기도 성남시 분당구 판교로 253 (삼평동, 판교이노밸리) 씨동 801호",adeinc.io,,시스템 소프트웨어 개발 및 공급업,2015-09-01,12월
에이디이천엔터테인먼트,A.D.2000 Entertainment,에이디이천엔터테인먼트, ,안기홍,기타법인,110111-1956361,211-86-96959,경기도 성남시 분당구 야탑동 342-1야탑리더스811호,www.maxmp3.co.kr,,데이터베이스 및 온라인정보 제공업,2000-04-28,12월
(주)에이록스,"Alox Co., Ltd",에이록스, ,이봉문,기타법인,110111-3144930,120-86-76642,서울특별시 광진구 광장동 445-5 대한제지빌딩 9층, ,,시스템 소프트웨어 개발 및 공급업,2005-01-05,12월
주식회사 에이모,"AIMMO CO .,Ltd",에이모, ,오승택,기타법인,110111-6004529,307-87-00367,"경기도 성남시 분당구 판교로228번길 17 이랜텍동 9층 (삼평동, 판교세븐벤처밸리2)", ,,소프트웨어 개발 및 공급업,2016-03-17,12월
주식회사 에이버튼,ABUTTON INC,에이버튼, ,김대훤,기타법인,131111-0727057,846-87-02948,"경기도 성남시 분당구 판교로 323 3층(삼평동, 벤처포럼벤처타워)", ,,유선 온라인 게임 소프트웨어 개발 및 공급업,2024-01-29,12월
에이벡스 주식회사,AVEX GROUP HOLDINGS,에이벡스, ,Tatsumi Yoda,기타법인, ,13556,서울특별시 영등포구 여의도동 대한투자신탁 6층,www.avex.co.jp,,음악 및 기타 오디오물 출판업,1988-04-11,12월
에이블도안제일차 주식회사,-,에이블도안제일차, ,김미지,기타법인,110111-7321641,665-86-01611,"서울특별시 영등포구 여의대로 60 (여의도동, NH투자증권빌딩)", ,,"컴퓨터 프로그래밍, 시스템 통합 및 관리업",2019-12-11,12월
주식회사 에이블정보기술,"Able I T Co.,Ltd",에이블정보기술, ,여준영,기타법인,160111-0332017,314-86-40040,세종특별자치시 집현동로 77 (집현동) 에이블빌딩 본관 4층, ,,"컴퓨터 프로그래밍, 시스템 통합 및 관리업",2012-11-15,12월
에이블컴(주),ABLECOM,에이블컴, ,"주정수, 김창범",기타법인,110111-1668726,213-86-38367,"서울특별시 구로구 디지털로 271 508호 (구로동, 벽산디지털밸리Ⅲ)",www.ablecom.co.kr,,컴퓨터시스템 통합 자문 및 구축 서비스업,1999-03-23,12월
(주)에이비씨솔루션,"ABC Solutions, Inc.",에이비씨솔루션, ,이태형,기타법인,130111-0051176,124-81-61296,서울특별시 영등포구 국회대로62길 5 (여의도동) 신태진빌딩 8층,www.abcsolution.co.kr,,컴퓨터시스템 통합 자문 및 구축 서비스업,1999-03-16,12월
주식회사 에이비오엔터테인먼트,"ABO Entertainment Co.,Ltd.",에이비오엔터테인먼트, ,석지우,기타법인,110111-7321675,259-86-01658,"서울특별시 강남구 테헤란로 322 (역삼동, 한신인터밸리24) 서관 1503호", ,,"영화, 비디오물 및 방송프로그램 배급업",2019-12-11,12월
주식회사 에이비일팔공,AB180 INC.,에이비일팔공, ,남성필,기타법인,284911-0145837,550-88-00196,"서울특별시 서초구 강남대로61길 17 (서초동, 밀라텔쉐르빌) 3층", ,,응용 소프트웨어 개발 및 공급업,2015-11-04,12월
(주)에이스골든박스,"ACEGOLDENBOX Co., Ltd.",에이스골든박스, ,이용훈,기타법인,110111-4836619,214-88-94269,"인천광역시 부평구 경원대로 1395 (부평동, 부평일번가) 607호", ,,영화관 운영업,2012-04-04,12월
(주)에이스메이커무비웍스,ACEMAKER movieworks,에이스메이커무비웍스, ,정현주,기타법인,110111-6758960,710-88-01176,서울특별시 강남구 논현로152길 18 (신사동) 4층, ,,"영화, 비디오물 및 방송프로그램 배급업",2018-06-01,12월
(주)에이스미디어프로덕션,"Ace Media Production Co.,Ltd.",에이스미디어프로덕션, ,홍금례,기타법인,110111-1452385,105-81-88732,서울특별시 마포구 도화동 544 고려빌딩 4층,www.acemedia.co.kr,,방송 프로그램 제작업,1997-08-18,12월
에이스빌 피티이 엘티디,ACEVILLE PTE. LTD.,에이스빌피티이엘티디, ,ZHOU LIHUI,기타법인, ,45636,"Capital Sky, Singapore 79 Robinson Road, No. 07-01", ,,호스팅 및 관련 서비스업,2005-07-21,12월
에이스텔 주식회사,"ACETEL. CO.,LTD ",에이스텔, ,이강현,기타법인,110111-1420928,114-81-79504,서울특별시 금천구 가산디지털1로 84 에이스하이엔드타워8차 1801호,www.acetel.co.kr,,컴퓨터시스템 통합 자문 및 구축 서비스업,1997-05-30,12월
(주)에이스토리,"ASTORY Co., Ltd.",에이스토리,241840,이상백,코스닥시장,110111-2929276,107-86-44564,"서울특별시 마포구 월드컵북로 396 연구개발타워 14층 1401호 (상암동, 누리꿈스퀘어)",www.astory.co.kr,,"영화, 비디오물, 방송프로그램 제작 및 배급업",2004-01-06,12월
유한회사 에이스톰,Astorm Inc.,에이스톰, ,김윤종,기타법인,110114-0096542,120-87-62107,"서울특별시 강남구 테헤란로 616 (대치동, 미레에셋벤처타워)", ,,유선 온라인 게임 소프트웨어 개발 및 공급업,2010-12-03,12월
주식회사 에이스팩토리,"Ace Factory.,Ltd",에이스팩토리, ,"민현일, 이성진",기타법인,110111-8252209,217-88-02472,"서울특별시 성동구 연무장5가길 25 (성수동2가, 성수역SKV1Tower) 16층 1606호", ,,일반 영화 및 비디오물 제작업,2022-04-01,06월
(주)에이시에스,ACS Corp.,에이시에스, ,김상하,기타법인,110111-0588727,116-81-24039,"서울특별시 금천구 가산동 371-6 가산비지니스센타 801,802호",www.acs.co.kr,,"컴퓨터시스템 통합 자문, 구축 및 관리업",1988-08-30,12월
(주)에이쓰리시큐리티,"A3 SECURITY Co., Ltd",에이쓰리시큐리티, ,한재호,기타법인,110111-6247997,172-81-00570,"서울특별시 금천구 가산디지털2로 53 (가산동, 한라시그마밸리) 16층",www.a3security.co.kr,,시스템 소프트웨어 개발 및 공급업,2016-12-01,12월
(주)에이씨씨엔터테인먼트,"ACC Entertainment Co.,Ltd",에이씨씨엔터테인먼트, ,남기창,기타법인,110111-1789176,215-81-82336,서울특별시 양천구 목동 923-14 현대드림타워 807호,www.accenter.co.kr,,애니메이션 영화 및 비디오물 제작업,1999-10-14,12월
(주)에이씨에스 테크놀로지,ACS Technology Co. Ltd.,에이씨에스테크놀로지, ,곽태영,기타법인,110111-1583536,220-81-54598,서울특별시 송파구 가락동 78 IT 벤처타워 동관 8층,www.acstech.co.kr,,시스템 소프트웨어 개발 및 공급업,1998-09-08,12월
(주)에이아이넷, ,에이아이넷, ,이상우,기타법인,110111-1650187,120-81-86562,서울특별시 서초구 양재동 17-1 은경빌딩 401호,www.ainet.co.kr,,시스템 소프트웨어 개발 및 공급업,1999-02-11,12월
주식회사 에이아이데이타,AIDATA,에이아이데이타, ,"김민지, 이지환",기타법인,160111-0648290,499-88-02623,경기도 성남시 분당구 운중로 227 (판교동)7층,i-data.ai,,소프트웨어 개발 및 공급업,2022-12-09,12월
에이아이메딕(주),AI Medic Inc.,에이아이메딕, ,심은보,기타법인,140111-0056116,221-81-46994,"서울특별시 강남구 봉은사로 437 2층(삼성동, 소암빌딩)",www.aimedic.kr,,응용 소프트웨어 개발 및 공급업,2014-07-25,12월
주식회사 에이아이스페라,AI Spera Inc.,에이아이스페라, ,강병탁,기타법인,110111-6554243,899-88-00811,"서울특별시 성동구 연무장5가길 7 (성수동2가, 성수역현대테라스타워) 더블유동 701-704호",aispera.com/,,응용 소프트웨어 개발 및 공급업,2017-10-31,12월
(주)에이아이썸,Aisum Inc.,에이아이썸, ,박세련,기타법인,110111-5191731,264-81-19591,"서울특별시 강남구 선릉로 578 (삼성동, 태정빌딩) 6층", ,,응용 소프트웨어 개발 및 공급업,2013-07-25,03월
주식회사 에이아이옥션,AI AUCTION,에이아이옥션, ,김호원,기타법인,134211-0201999,254-81-00931,경기도 광주시 오포읍 수레안길 51-3 (능평리)1층,aiauction.co.kr/,,정보서비스업,2018-04-25,12월
주식회사 에이아이트릭스,"AITIRCS Co.,Ltd",에이아이트릭스, ,김광준,기타법인,110111-6221842,408-86-15225,"서울특별시 강남구 테헤란로 218 (역삼동, APTower(에이피타워)) 12~13", ,,응용 소프트웨어 개발 및 공급업,2016-11-03,12월
(주)에이아이홀딩스컴퍼니,"A.I Holdings Company, Ltd.",에이아이홀딩스컴퍼니, ,강태수,기타법인,110111-6388577,649-81-00745,"서울특별시 강남구 논현로 509 (역삼동, 송암II빌딩)", ,,시스템 소프트웨어 개발 및 공급업,2017-04-26,12월
(주)에이알비전,AR VISION INC.,에이알비전, ,이영민,기타법인,110111-1868532,105-86-09125,대전광역시 서구 만년동 381 엑스포오피스텔 824,http://www.ar-vision.com,,시스템 소프트웨어 개발 및 공급업,2000-02-01,12월
(주)에이앤비소프트,"ANB SOFT Co., Ltd.",에이앤비소프트, ,최동완,기타법인,110111-3299602,113-86-00426,서울특별시 금천구 가산동 371-50 에이스하이엔드타워 3차 1001호,www.anbgames.com,,게임 소프트웨어 개발 및 공급업,2005-09-08,12월
(주)에이앤에스,Applied Network System Corp.,에이앤에스, ,이태호,기타법인,110111-0700753,220-81-12749,서울특별시 강남구 역삼동 822-4 강남제일빌딩 8층,www.ans.co.kr,,시스템 소프트웨어 개발 및 공급업,1990-05-24,12월
(주)에이에스피엔,"ASPN CO.,LTD.",에이에스피엔, ,한창직,기타법인,110111-2768476,119-81-65247,"서울특별시 서초구 남부순환로 2423 (서초동, 한원빌딩5,6)",aspn.co.kr/,,응용 소프트웨어 개발 및 공급업,2003-04-25,12월
주식회사 에이엑스지,AXZ Corp.,에이엑스지, ,양주일,기타법인,131111-0076645,690-81-03696,"경기도 성남시 분당구 판교역로 152 (백현동, 알파돔타워) 12층", ,,포털 및 기타 인터넷 정보매개 서비스업,2025-05-15,12월
(주)에이엑스트레이드,"AXTRADE Co.,Ltd",에이엑스트레이드, ,고성덕,기타법인,110111-2695637,204-81-75489,서울특별시 중랑구 면목동 178-4, ,,시스템 소프트웨어 개발 및 공급업,2003-01-16,12월
주식회사 에이엔비글로벌,ANBGLOBAL,에이엔비글로벌, ,반영진,기타법인,131111-0306512,144-81-06846,서울특별시 강남구 강남대로140길 9 (논현동)비피유빌딩 5층,anbglobal.co.kr/,,포털 및 기타 인터넷 정보매개 서비스업,2012-03-16,12월
주식회사 에이엠피,AMP Corporation,에이엠피, ,"우승현, 양주일",기타법인,131111-0486398,192-88-00796,"경기도 성남시 분당구 대왕판교로645번길 16 (삼평동, NHN) 3층",www.amp.co.kr,,포털 및 기타 인터넷 정보매개 서비스업,2017-07-03,12월
에이오엠지 주식회사,AOMG Ltd.,에이오엠지, ,김수혁,기타법인,110111-5197937,211-88-99299,"서울특별시 강남구 도산대로49길 16-4 (신사동) 2,3,4층", ,,영상ㆍ오디오 기록물 제작 및 배급업,2013-08-02,12월
에이오티주식회사,"AOT Co.,Ltd",에이오티, ,이준호,기타법인,110111-3989401,119-86-11687,"경기도 군포시 공단로 149 301호(당동, 아이밸리군포)", ,,통신 재판매업,2008-10-28,12월
에이원이노 주식회사,-,에이원이노, ,김미지,기타법인,110111-6915693,181-86-01199,"서울특별시 종로구 새문안로 68 (신문로1가, 흥국생명빌딩)", ,,"컴퓨터 프로그래밍, 시스템 통합 및 관리업",2018-11-05,12월
에이제이아이씨티 주식회사,"AJ ICT Co., Ltd.",에이제이아이씨티, ,이철,기타법인,110111-1040776,105-81-71930,"서울특별시 송파구 정의로8길 9 (문정동, AJ빌딩) 13층",www.ajict.co.kr,,컴퓨터시스템 통합 자문 및 구축 서비스업,1994-05-27,12월
에이제이아이티아카데미,AJ IT Academy Co.Ltd.,에이제이아이티아카데미, ,김수용,기타법인,110111-2029034,104-81-55392,서울특별시 서초구 잠원동 75-10 1동 503,www.ajit.ac.kr,,시스템 소프트웨어 개발 및 공급업,2000-07-19,12월
에이지엘 주식회사,AGL Inc.,에이지엘, ,황진국,기타법인,110111-7039682,483-81-01386,"서울특별시 광진구 아차산로 392 (자양동, JNCcenter)", ,,응용 소프트웨어 개발 및 공급업,2019-03-12,03월
주식회사 에이지웍스,AZworks INC. ,에이지웍스, ,"이호승, 김정상",기타법인,180111-0646662,617-81-73713,부산광역시 해운대구 센텀7로 6 (우동),www.azworks.co.kr,,애니메이션 영화 및 비디오물 제작업,2008-09-01,12월
주식회사 에이지홀딩스,AG Holdings,에이지홀딩스, ,전찬웅,기타법인,110111-4741694,215-87-61600,"서울특별시 송파구 오금로 87 (방이동, 잠실리시온 911호)", ,,응용 소프트웨어 개발 및 공급업,2011-12-07,12월
주식회사 에이징,"AZING Co., Ltd.",에이징, ,김세진,기타법인,110111-6373560,365-87-00679,서울특별시 마포구 양화로7안길 12 2층 에이징 (서교동),azing.kr,,방송 프로그램 제작업,2017-04-25,12월
(주)에이취디엔텔레콤, ,에이취디엔텔레콤, ,전영수,기타법인,110111-1658868,211-81-49868,서울특별시 강남구 논현동 261 현대인탤렉스빌딩 11층, ,,그 외 기타 전기 통신업,1999-03-05,12월
에이치디씨부동산콘텐츠 주식회사,HDC Real Estate Contents Co. LTD,에이치디씨부동산콘텐츠, ,민광희,기타법인,131111-0509025,560-81-00985,"경기도 성남시 분당구 정자일로213번길 5 (정자동, 아이파크분당3) 2층", ,,데이터베이스 및 온라인정보 제공업,2018-02-12,12월
(주)에이치디에스아이,"HDSI Co., Ltd.",에이치디에스아이, ,김종순,기타법인,110111-2572869,211-87-18080,서울특별시 강남구 압구정1동 450, ,,컴퓨터시스템 통합 자문 및 구축 서비스업,2002-07-22,12월
주식회사 에이치비네트웍크,"hbnetwork. Ltd,,",에이치비네트웍크, ,오민혁,기타법인,220111-0112549,616-86-16956,제주특별자치도 제주시 고산동산5길 3-1 (이도이동),hbnetwork.co.kr,,시스템 소프트웨어 개발 및 공급업,2014-04-23,12월
에이치비디씨(주),The christian Newspaper,에이치비디씨, ,"김명서, 유창기",기타법인,110111-0338495,206-81-31639,서울특별시 성동구 고산자로 202 무학예식장 건물내,www.gidoknews.kr,,신문 발행업,1983-01-01,02월
주식회사 에이치비엔터테인먼트,HB Entertainment,에이치비엔터테인먼트, ,문보미,기타법인,110111-3530767,211-87-87632,서울특별시 강남구 언주로170길 22 (신사동) 4~6층,www.hbenter.com,,방송 프로그램 제작업,2006-10-01,12월
에이치솔루션 주식회사 ,H-Solution Corporation,에이치솔루션, ,정인섭,기타법인,110111-2204470,104-81-61031,"서울특별시 중구 세종대로 92 (태평로2가, 한화금융플라자)",www.hsnc.co.kr,www.hsnc.co.kr,시스템 소프트웨어 개발 및 공급업,2001-03-29,12월
(주)에이치씨아이,Human Computer Interface Inc.,에이치씨아이, ,김만기,기타법인,110111-1116840,106-81-52009,서울특별시 서초구 양재동 275-6 삼호물산 B동 3층,www.hcinet.co.kr,,컴퓨터시스템 통합 자문 및 구축 서비스업,1991-05-09,12월
(주)에이치씨엔씨,,에이치씨엔씨, ,이영우,기타법인,230111-0112927,610-81-77149,"경기도 성남시 분당구 판교로255번길 9-22 304호 (삼평동,판교우림더블유시티)", ,,그 외 기타 정보 서비스업,2005-05-30,12월
(주)에이치아이엠,HALLA INTERNATIONAL MANAGEMENT,에이치아이엠, ,고대용,기타법인,220111-0126128,283-86-00083,"제주특별자치도 제주시 서사로 154 (삼도일동, 한라일보사)", ,,"신문, 잡지 및 정기간행물 출판업",2015-04-01,12월
(주)에이치아이이티,"hiet co.,ltd",에이치아이이티, ,김신일,기타법인,110111-3100081,211-87-56691,서울특별시 강남구 신사동 532-11,www.imagestar.co.kr,,"영화, 비디오물 및 방송프로그램 제작 관련 서비스업",2004-10-01,12월
주식회사 에이치알미디어,HRMEDIA,에이치알미디어, ,강호룡,기타법인,171711-0155224,605-87-01523,"경상북도 포항시 남구 중앙로 154 (해도동, 학산타워빌딩) 1012호", ,,일반 서적 출판업,2020-05-20,12월
에이치앤디마켓플레이스 주식회사,"H&D Marketplace Co., Ltd.",에이치앤디마켓플레이스, ,안문호,기타법인,110111-6116324,196-87-00490,"서울특별시 영등포구 63로 50 (여의도동, 63한화생명빌딩) 17층", ,,시스템ㆍ응용 소프트웨어 개발 및 공급업,2016-07-08,12월
에이치앤디코리아 주식회사,"H&D Korea Co., Ltd.",에이치앤디코리아, ,안문호,기타법인,110111-6098407,572-81-00523,"서울특별시 영등포구 63로 50 (여의도동, 63한화생명빌딩) 17층", ,,시스템ㆍ응용 소프트웨어 개발 및 공급업,2016-06-22,12월
주식회사 에이치앤씨게임즈,HNC Games Inc.,에이치앤씨게임즈, ,손호준,기타법인,110111-5259050,220-88-68145,"서울특별시 강남구 테헤란로83길 18 4층(삼성동, 매직킹덤빌딩)", ,,유선 온라인 게임 소프트웨어 개발 및 공급업,2013-11-01,12월
주식회사 에이치앤아이피,HNIP,에이치앤아이피, ,"박용남, 성병욱",기타법인,110111-3897555,211-88-13044,서울특별시 강남구 청담동 78-6 청담케이알빌딩 7층,www.hnip.co.kr,,그 외 기타 정보 서비스업,2008-05-15,12월
(주)에이치앤티이엔지,"Human&Technology Eng Co.,Ltd",에이치앤티이엔지, ,연종현,기타법인,161511-0036412,312-81-41960,충청북도 청주시 흥덕구 송정동 27-15, ,,시스템 소프트웨어 개발 및 공급업,2000-05-13,12월
주식회사 에이치에너지,"H Energy Co., Ltd",에이치에너지, ,함일한,기타법인,140111-0073285,103-86-01108,"경상북도 포항시 남구 청암로 87 6층 609호 (지곡동, 체인지업그라운드)",www.henergy.xyz/,,시스템 소프트웨어 개발 및 공급업,2018-03-23,12월
(주)에이치에스씨홀딩스,"GENF Co., Ltd.",에이치에스씨홀딩스,038920,남정석,기타법인,110111-1020215,214-86-08283,서울특별시 서초구 반포4동 547-6 이이빌딩 4층,www.helia-tec.co.kr,,시스템 소프트웨어 개발 및 공급업,1994-03-18,12월
(주)에이치에스홀딩컴퍼니,HS Holding Company,에이치에스홀딩컴퍼니, ,김은수,기타법인,110111-2956633,211-87-45438,"서울특별시 강남구 학동로 311  206호 (논현동, 미성빌딩)", ,,일반 영화 및 비디오물 제작업,2004-02-08,12월
에이치엔아이엑스 주식회사,"HNIX Co.,Ltd.",에이치엔아이엑스, ,차동원,기타법인,110111-8500640,796-87-02492,"서울특별시 중구 퇴계로 272 (장충동2가, 아도라타워) 4층", ,,유선 온라인 게임 소프트웨어 개발 및 공급업,2022-12-13,12월
에이치엔아이엔씨(주),"HNINC Co.,Ltd",에이치엔아이엔씨, ,"노영주, 김태영",기타법인,180111-0185264,603-81-25599,"서울특별시 중구 퇴계로 272 (장충동2가, 아도라타워)",www.hncorp.world/main/main.do,,시스템 소프트웨어 개발 및 공급업,1995-07-01,12월
에이치엔이노밸리(주),"HN Innovalley Co., Ltd",에이치엔이노밸리, ,노영주,기타법인,230111-0170199,610-86-04578,"울산광역시 남구 남중로74번길 3 2층 (삼산동, 현대썬앤빌)",www.hninnovalley.world,,"컴퓨터 프로그래밍, 시스템 통합 및 관리업",2010-11-03,12월
주식회사 에이치엘시스템,"HLSYSTEM CO.,Ltd.",에이치엘시스템, ,박재용,기타법인,110111-4441260,119-86-33833,"서울특별시 금천구 가산디지털1로 1 (가산동, 더루벤스밸리) 1008호",www.hlsys.co.kr,,"컴퓨터 프로그래밍, 시스템 통합 및 관리업",2010-10-01,12월
에이치엘엘중앙 주식회사,"HLL JOONGANG Co., Ltd",에이치엘엘중앙, ,강주연,기타법인,110111-8281399,887-86-02919,"서울특별시 강남구 도산대로 156 (논현동, 중앙엠앤비사옥)", ,,방송 프로그램 제작업,2022-04-27,12월
(주)에이치원바이오,H1BIO Corp.,에이치원바이오,052310,Robin Carl Tampoe,기타법인,110111-1325160,211-86-43511,"서울특별시 강남구 삼성동 77-11,12 ",www.drimone.co.kr,,시스템 소프트웨어 개발 및 공급업,1996-09-25,12월
(주)에이치원홀딩스,"Protong Co., Ltd",에이치원홀딩스, ,손영신,기타법인,131111-0158468,129-81-94467,서울특별시 강남구 역삼동 824-21 상경빌딩 8층,www.protong.co.kr,,시스템 소프트웨어 개발 및 공급업,2006-02-16,12월
에이치이엠코리아 주식회사,"HEM KOREA CO.,Ltd",에이치이엠코리아, ,김원태,기타법인,110111-2111443,214-86-72451,서울특별시 강남구 논현동 231-13 팍스타워 4층,www.elle.co.kr,,잡지 및 정기간행물 발행업,2000-11-16,12월
주식회사 에이치케이이앤에스,"HK E&S Co., Ltd.",에이치케이이앤에스, ,박승규,기타법인,110111-6623684,557-81-01009,"서울특별시 마포구 매봉산로 45 7층 (상암동, KBS미디어센터)", ,,위성 및 기타 방송업,2018-01-10,12월
주식회사 에이치투인터렉티브,"H2 Interactive Co., Ltd.",에이치투인터렉티브, ,허준하,기타법인,110111-4170819,206-86-35756,"서울특별시 강서구 강서로56가길 35 (등촌동, 에이치투아이앤티빌딩)",www.h2int.com,,기타 게임 소프트웨어 개발 및 공급업,2009-09-04,12월
주식회사 에이치하우스,H house Inc.,에이치하우스, ,"김홍선, 박종학",기타법인,285011-0410039,626-86-01367,경기도 파주시 회동길 216 202호(문발동), ,,방송 프로그램 제작업,2019-04-19,12월
에이캐시(주),a-cash.inc,에이캐시, ,이재정,기타법인,110111-2031443,220-81-93330,서울특별시 강남구 삼성동 159-1 무역센타 3404호,http://www.a-cash.com,,그 외 기타 전기 통신업,2000-07-21,12월
에이케이아이에스 주식회사,"AK Innovation Services Co., Ltd",에이케이아이에스, ,이찬성,기타법인,110111-8073796,376-86-02189,"서울특별시 마포구 양화로 188 (동교동, 애경타워), 8층",www.akis.co.kr,,"컴퓨터시스템 통합 자문, 구축 및 관리업",2021-10-29,12월
에이케이아이에스,AKIS(주),에이케이아이에스, ,김진기,기타법인,110111-3672543,119-81-98409,"서울특별시 금천구 가산디지털1로 137 (가산동, IT캐슬2차) 1701호",www.akis.co.kr,,컴퓨터시스템 통합 자문 및 구축 서비스업,2007-06-01,12월
(주)에이케이인터렉티브,AK Interactive,에이케이인터렉티브, ,정찬익,기타법인,110111-3842667,214-88-22784,"서울특별시 서초구 마방로6길 8-11 5층(양재동, 산정빌딩)", ,,유선 온라인 게임 소프트웨어 개발 및 공급업,2008-02-18,12월
(주)에이클라미디어그룹,"Eclat Media Group Co., Ltd.",에이클라미디어그룹, ,홍원의,기타법인,110111-7736957,869-87-01748,"서울특별시 마포구 월드컵북로56길 12 5F (상암동, TrutecBuilding)", ,,"영화, 비디오물 및 방송프로그램 배급업",2021-01-01,12월
에이투아이(주),"ATOi.CO.,LTD",에이투아이, ,홍현목,기타법인,110111-1827075,214-86-43558,서울특별시 금천구 가산동 SK트윈테크타워 801호,www.a2i.co.kr,,소프트웨어 개발 및 공급업,1999-12-13,12월
(주)에이투엠,"ATWOM CO.,LTD",에이투엠, ,김정우,기타법인,160111-0069579,314-81-21617,대전광역시 유성구 국제과학2로 27 (신동),www.a2m.co.kr,,"컴퓨터 프로그래밍, 시스템 통합 및 관리업",1998-06-10,12월
주식회사 에이투지엔터테인먼트,"A2Z Entertainment CO., LTD.",에이투지엔터테인먼트, ,조재덕,기타법인,110111-4176734,109-86-19611,"서울특별시 강서구 마곡중앙8로1길 81 10층 IT동 1001호(마곡동, 뉴브클라우드힐스)",a2zentertainment.co.kr,,방송 프로그램 제작업,2009-09-09,12월
(주)에이트픽스,Eight Peaks,에이트픽스, ,송병준,기타법인,110111-2474784,105-86-37387,서울특별시 마포구 상수동 95-3 사회교육관2층, ,,방송 프로그램 제작업,2002-03-19,12월
에이티엔티글로벌네트워크서비스코리아유한회사,AT&T Global Network Service Korea Ltd.,에이티엔티글로벌네트워크서비스코리아, ,김중헌,기타법인,110114-0029379,106-81-80053,"서울특별시 중구 후암로 110 (남대문로5가, 서울시티타워15층)", ,,통신 재판매업,1999-07-01,12월
(주) 에이티엠플러스,atmplus.Inc,에이티엠플러스, ,손현식,기타법인,110111-1920506,107-81-80094,"서울특별시 금천구 디지털로 130 (가산동, 남성프라자(에이스9차)) 1207호",www.kisbank.co.kr,,시스템 소프트웨어 개발 및 공급업,2000-03-27,12월
에이티이에스(주),ATES Ltd.,에이티이에스, ,이기훈,기타법인,110111-1178551,116-81-37247,서울특별시 강서구 등촌동 673-5 화인빌딩 8층,-,,시스템 소프트웨어 개발 및 공급업,1996-07-31,12월
주식회사 에이펀인터렉티브,AFUN INTERACTIVE INC,에이펀인터렉티브, ,권도균,기타법인,110111-6339710,407-88-00626,"서울특별시 영등포구 선유로49길 4 SK1TOWER 지하1, 105호, 2층(양평동4가)",www.afun-interactive.com,,기타 게임 소프트웨어 개발 및 공급업,2017-03-09,12월
(주)에이포미디어, ,에이포미디어, ,이종석,기타법인,110111-1862443,110-81-44323,서울특별시 서대문구 충정로2가 8-2 충정우체국건물 604호,www.onbook.co.kr,,시스템 소프트웨어 개발 및 공급업,2000-01-25,12월
에이프로시스템(주),"APRO SYSTEM Co., Ltd",에이프로시스템, ,조승진,기타법인,110111-1225279,116-81-37951,서울특별시 강남구 대치동 890-12 다봉타워 13층,www.aprosystem.com,,시스템 소프트웨어 개발 및 공급업,1995-12-22,12월
주식회사 에이프로테크,A ProTech,에이프로테크, ,박헌,기타법인,110111-4286195,220-87-95382,서울특별시 송파구 가락2동 151 2층 202호, ,,컴퓨터 프로그래밍 서비스업,2010-03-04,12월
에이프린팅(주),A-Printing,에이프린팅, ,박두원,기타법인,110111-2093162,104-81-57648,서울특별시 중구 순화동중앙일보사건물 지하3층, ,,신문 발행업,2000-10-18,12월
에이플시스템즈(주),"A-ple Systems Co., Ltd.",에이플시스템즈, ,윤진경,기타법인,131111-0060390,129-81-41752,서울특별시 금천구 가산동 319 호서대벤처타워 1008호,www.aplesystems.co.kr,,컴퓨터시스템 통합 자문 및 구축 서비스업,2001-04-24,12월
주식회사 에이피앤아이,AP&I Inc.,에이피앤아이, ,이윤재,기타법인,110111-6456936,347-88-00867,"서울특별시 영등포구 경인로 775 2동 19층 1902호(문래동3가, 에이스하이테크시티)", ,,데이터베이스 및 온라인정보 제공업,2017-07-11,12월
(주)에이피테크놀로지,ASIA PACIFIC TECHNOLOGY INC.,에이피테크놀로지, ,이원규,기타법인,110111-0835798,211-86-31484,서울특별시 서초구 서초동 1357-74 아가월드 빌딩 3층,http://www.aptech.co.kr,,컴퓨터시스템 통합 자문 및 구축 서비스업,1992-02-17,12월
에임시스템(주),"AIM Systems, Inc.",에임시스템, ,김만기,기타법인,110111-1240425,229-81-03121,경기도 성남시 분당구 황새울로 246 (수내동),http://www.aim.co.kr,,시스템 소프트웨어 개발 및 공급업,1996-02-07,12월
주식회사 에잇퍼센트,"8PERCENT, Inc.",에잇퍼센트, ,이효진,기타법인,110111-5562601,220-88-92058,"서울특별시 종로구 종로1길 50 비동 13층(중학동, 더케이트윈타워)",8percent.kr,,시스템 소프트웨어 개발 및 공급업,2014-11-13,12월
주식회사에코아이티,ECHOIT.Co.Ltd.,에코아이티, ,"최재성, 홍성호",기타법인,110111-3911305,113-86-22298,"서울특별시 강남구 테헤란로78길 14-6 (대치동, 동성빌딩)", ,,컴퓨터시스템 통합 자문 및 구축 서비스업,2008-06-10,12월
(주) 에코원,ECO1.Corp.,에코원, ,조웅래,기타법인,170111-0066838,502-81-23435,대전광역시 서구 탄방동 700 한국교직원공제회관 6층,www.5425.com,,그 외 기타 전기 통신업,1993-06-01,12월
(주)에코코리아,ECHO KOREA,에코코리아, ,김주형,기타법인,110111-1939359,109-81-63280,서울특별시 강남구 역삼동 838-9 거암빌딩6층,echokorea.com,,시스템 소프트웨어 개발 및 공급업,2000-04-14,12월
에퀴닉스코리아 유한회사,Equinix Korea LLC,에퀴닉스코리아, ,JANG HAEDEOK (장혜덕),기타법인,110114-0231792,251-88-01089,"서울특별시 영등포구 국제금융로 10 43층 (여의도동, 쓰리아이에프씨)", ,,"컴퓨터 프로그래밍, 시스템 통합 및 관리업",2018-10-22,12월
(주)에펙스디지탈,"FX DIGITAL CO.,LTD",에펙스디지탈, ,심혁,기타법인,110111-1537161,108-81-16561,서울특별시 양천구 신정동 1254 신트리테크노타운 601호,http://www.fxdigital.co.kr,,애니메이션 영화 및 비디오물 제작업,1998-04-20,12월
(주)에프아이디,"FID.Co.,Ltd",에프아이디, ,김지훈,기타법인,110111-1736557,105-86-01517,"서울특별시 마포구 동교동 159-5 춘전빌딩 B1,4,5 F",http://www.fid.co.kr,,시스템 소프트웨어 개발 및 공급업,1999-07-16,12월
(주)에프아이티아시아,FIT-ASIA,에프아이티아시아, ,김형모,기타법인,110111-1746374,105-86-01948,서울특별시 강남구 삼성동 159-1 아셈35층,WWW.FIT-ASIA.CO.KR,,시스템 소프트웨어 개발 및 공급업,1999-08-03,12월
(주)에프앤가이드,FnGuide Inc.,에프앤가이드,064850,이기태,코스닥시장,110111-2017922,220-81-91972,서울특별시 강서구 마곡중앙2로 61,www.fnguide.com,http://corp.fnguide.com/fng/index.fng,기타 정보 서비스업,2000-07-05,12월
에프앤에프 주식회사,FNF Inc.,에프앤에프, ,백만용,기타법인,110111-8347399,540-86-02835,"서울특별시 영등포구 국회대로70길 23 3층 301~303호 (여의도동, 용산빌딩)",www.fnfbiz.com,,컴퓨터시스템 통합 자문 및 구축 서비스업,2022-06-13,12월
(주)에프에이플러스,"FA PLUS CO.,LTD.",에프에이플러스, ,양해영,기타법인,160111-0105018,305-81-40702,대전광역시 유성구 신성로 119 301호 302호 (신성동), ,,컴퓨터 프로그래밍 서비스업,2000-09-27,12월
주식회사 에프엑스기어,fxgear ,에프엑스기어, ,최광진,기타법인,110111-3016311,211-87-50571,"서울특별시 강남구 선릉로 818 (청담동, 디자이너크럽) 5층", ,,응용 소프트웨어 개발 및 공급업,2004-05-20,12월
(주)에프엔비젼,"FN VISION Co., Ltd",에프엔비젼, ,김기복,기타법인,110111-2108143,105-86-18890,서울특별시 강서구 가양동 1487 가양테크노타운 804-2, ,,시스템 소프트웨어 개발 및 공급업,2000-11-10,12월
에프엔에스닷컴 주식회사,"FNS.COM Co.,Ltd.",에프엔에스닷컴, ,정지용,기타법인,110111-1910086,114-81-96430,서울특별시 서초구 잠원동 28-1 푸른빌딩 5층,www.fns.co.kr,,시스템 소프트웨어 개발 및 공급업,2000-03-17,12월
에프엔용인제일차 주식회사,-,에프엔용인제일차, ,유기현,기타법인,110111-7177391,874-86-01442,"서울특별시 영등포구 여의대로 60 (여의도동, NH투자증권빌딩)", ,,"컴퓨터 프로그래밍, 시스템 통합 및 관리업",2019-07-19,12월
(주)에프엔조이,"FNJOY Co., Ltd. ",에프엔조이, ,김훈회,기타법인,110111-1471385,211-86-25250,서울특별시 노원구 공릉동 379-29번지,www.fnjoy.com,,데이터베이스 및 온라인정보 제공업,1997-10-10,12월
에프엔해운대중동 주식회사,"FN Haeumdaejungdogn Co.,Ltd",에프엔해운대중동, ,유기현,기타법인,110111-7396602,326-81-01521,"서울특별시 영등포구 여의나루로4길 18 (여의도동, 키움파이낸스스퀘어)", ,,"컴퓨터 프로그래밍, 시스템 통합 및 관리업",2020-02-19,12월
에프엘모바일코리아,flmobilekorea,에프엘모바일코리아, ,양쑈우,기타법인,131111-0367514,144-81-22981,경기도 성남시 분당구 판교역로 225-18 (삼평동)이룸빌딩 502호,flmobile.co.kr/,,게임 소프트웨어 개발 및 공급업,2014-02-25,12월
(주)에프투시스템,f2system,에프투시스템, ,박성규,기타법인,110111-1531022,105-81-92653,서울특별시 영등포구 양평동3가 우림e-BIZ센터 707호,www.f2.co.kr,,게임 소프트웨어 개발 및 공급업,1998-04-02,12월
에프피티소프트웨어코리아 주식회사,"FPT SOFTWARE KOREA CO.,LTD",에프피티소프트웨어코리아, ,HA MINH TUAN,기타법인,110111-7410642,869-86-01697,"서울특별시 영등포구 여의공원로 115 (여의도동, 세우빌딩) 7층",www.fpt-software.kr/,,컴퓨터시스템 통합 자문 및 구축 서비스업,2020-03-04,12월
주식회사 에피드게임즈,EPIDGames Inc.,에피드게임즈, ,한정현,기타법인,110111-5078509,220-88-53701,"서울특별시 강남구 강남대로 556 (논현동, 이투데이빌딩)",www.epidgames.com/,,소프트웨어 개발 및 공급업,2013-03-05,12월
주식회사 에피온,Epion technologies Corp.,에피온, ,김용민,기타법인,140111-0010740,221-81-12761,서울특별시 강남구 역삼동 753-6,www.epiontech.com,,시스템 소프트웨어 개발 및 공급업,1998-02-25,12월
주식회사 에픽스튜디오,"Epik Studios Co.,Ltd",에픽스튜디오, ,손호준,기타법인,110111-6247632,117-88-00586,서울특별시 강남구 테헤란로82길 15 1호 (대치동), ,,게임 소프트웨어 개발 및 공급업,2016-12-01,12월
엑서스테크놀러지 주식회사,"exers technologies,INC.",엑서스테크놀러지, ,현영권,기타법인,110111-2546989,120-86-38992,서울특별시 영등포구 여의도동 35-4 화재보험협회빌딩 1107,http://www.EXERS.com,,시스템 소프트웨어 개발 및 공급업,2002-06-14,12월
(주)엑세스서울,"Access Seoul Ltd,.co",엑세스서울, ,Uematsu Michimasa,기타법인,110111-3232842,214-87-71255,서울특별시 마포구 성암로 330 DMC첨단산업센터 402호 (상암동), ,,응용 소프트웨어 개발 및 공급업,2005-05-23,12월
(주)엑세스텔코리아,AXESSTEL KOREA INC,엑세스텔코리아, ,이재헌,기타법인,110111-2604604,113-81-79710,경기도 성남시 분당구 정자동 1∼87, ,,무선 및 위성 통신업,2002-10-01,12월
(주)엑셈,"EXEM CO., LTD.",엑셈,205100,"조종암, 고평석(각자대표)",코스닥시장,110111-5496868,107-88-27157,"서울특별시 강서구 마곡중앙8로5길 40 (마곡동 785-1, (주)엑셈)",www.ex-em.com,,시스템 소프트웨어 개발 및 공급업,2014-08-21,12월
(주)엑셈,"exem co., ltd",엑셈, ,조종암,기타법인,131111-0056141,129-81-39009,"서울특별시 강서구 양천로 583 A동 1208호(염창동, 우림블루나인)",www.ex-em.com,,응용 소프트웨어 개발 및 공급업,2001-01-02,12월
엑소더스이엔티 주식회사,"Exodus Ent.co.,Ltd",엑소더스이엔티, ,한성호,기타법인,110111-5315795,220-88-72294,"경기도 화성시 동탄첨단산업1로 27 (영천동, 금강펜테리움IX타워) B동 2733~2743호,2746~2749호",www.exodusent.co.kr/,,응용 소프트웨어 개발 및 공급업,2014-02-01,12월
(주)엑스게이트,"AXGATE Co., Ltd.",엑스게이트,356680,주갑수,코스닥시장,110111-4495598,120-87-62733,"경기도 과천시 과천대로7나길 34 3층(갈현동, 가비아@)",www.axgate.com,,시스템 소프트웨어 개발 및 공급업,2010-12-10,12월
(주)엑스씨씨,XCC,엑스씨씨, ,홍정봉,기타법인,110111-3406950,211-87-78206,경기도 의왕시 고천동 201∼440, ,,"영화, 비디오물, 방송프로그램 제작 및 배급업",2006-02-23,12월
(주)엑스씨이,"eXtendedComputingEnvironmentCO.,LTD.",엑스씨이,081500,배성우,기타법인,131111-0046952,129-81-33209,서울특별시 동대문구 용두동 129-36 한독스포렉스빌딩 3층 ,www.xce.co.kr,,시스템 소프트웨어 개발 및 공급업,2000-03-07,12월
(주)엑스엔(XN)시스템즈,XN Systems,엑스엔(XN)시스템즈, ,김형정,기타법인,110111-3295965,215-86-75295,"서울특별시 금천구 가산디지털2로 123 901호,914호~917호(가산동, 월드메르디앙2차)", ,,소프트웨어 개발 및 공급업,2005-08-29,12월
주식회사 엑스엔게임즈,"XN Games.Co.,Ltd.",엑스엔게임즈, ,김민규,기타법인,110111-7346350,751-86-01547,"서울특별시 강남구 테헤란로79길 6 (삼성동, 제이에스타워)", ,,모바일 게임 소프트웨어 개발 및 공급업,2020-01-06,12월
(주)엑스엘게임즈,XLGAMES Inc.,엑스엘게임즈, ,송재경,기타법인,110111-2757437,120-86-50905,"경기도 성남시 분당구 대왕판교로645번길 14 7층(삼평동, 네오위즈판교타워)",www.xlgames.com,,게임 소프트웨어 개발 및 공급업,2003-04-10,12월
(주)엑스엘시스템,"XL System Co., Ltd.",엑스엘시스템, ,김두영,기타법인,110111-1452111,208-81-24681,서울특별시 종로구 연건동,http://www.xlsys.co.kr,,시스템 소프트웨어 개발 및 공급업,1997-08-18,12월
주식회사 엑스와이지,XYZ Inc,엑스와이지, ,황성재,기타법인,110111-7122669,105-88-16839,"서울특별시 성동구 아차산로17길 48 (성수동2가, 성수SKV1CENTERI) 401호", ,,시스템ㆍ응용 소프트웨어 개발 및 공급업,2019-05-29,12월
주식회사 엑스큐게임즈,"XQ GAMES CO.,LTD.",엑스큐게임즈, ,이대영,기타법인,110111-5535096,264-81-43238,서울특별시 강남구 논현로 427-1 3층 (역삼동), ,,유선 온라인 게임 소프트웨어 개발 및 공급업,2014-10-10,12월
엑스큐어(주),Xcure Corp.,엑스큐어,070300,"안은철, 김지원(각자 대표이사)",코스닥시장,135011-0106150,134-81-59986,"경기도 과천시 과천대로12길 117 D동 6층(갈현동, 과천 펜타원)",www.xcure.co.kr,,응용 소프트웨어 개발 및 공급업,2000-09-15,12월
주식회사 엑스큐어넷,"XCURENET CO., LTD.",엑스큐어넷, ,김용건,기타법인,110111-1669873,110-81-40818,"서울특별시 은평구 가좌로 276 (신사동, (주)엑스큐어넷신사옥)",www.xcurenet.com,,시스템 소프트웨어 개발 및 공급업,1999-03-24,12월
주식회사 엑스타임코리아,eXtime Korea,엑스타임코리아, ,금중필,기타법인,110111-6506294,229-87-00733,"서울특별시 강남구 선릉로87길 8 (역삼동, 디알스타타워) 502호", ,,컴퓨터시스템 통합 자문 및 구축 서비스업,2017-09-04,12월
(주)엑스퍼넷,"EXPERNET,CO,LTD.",엑스퍼넷, ,이종경,기타법인,110111-2872780,107-86-40587,서울특별시 구로구 구로3동 이앤씨벤쳐드림타워3차 609호,www.expernet.co.kr,,시스템 소프트웨어 개발 및 공급업,2003-10-11,12월
엑스포넷 주식회사,"Exponet co., ltd.",엑스포넷, ,조한출,기타법인,150111-0042098,301-81-39159,대전광역시 유성구 용산동 536번지,www.exponet.co.kr,,통신 재판매업,1999-10-08,12월
주식회사 엑시아소프트,"Axia Soft Co.,Ltd.",엑시아소프트, ,조강호,기타법인,110111-4802066,120-87-79307,"서울특별시 송파구 문정로 155 (가락동, 명륜재빌딩)",www.coinbit.co.kr,,시스템 소프트웨어 개발 및 공급업,2012-02-22,12월
유한회사 엑시트문화산업전문회사,EXIT LLC,엑시트문화산업전문회사, ,송묘순,기타법인,110114-0225860,881-88-01181,"서울특별시 마포구 상암산로 66 17층(상암동, CJE&MCENTER)", ,,일반 영화 및 비디오물 제작업,2018-07-02,12월
(주)엔글,NGLE Corporation,엔글, ,문소영,기타법인,131111-0420198,394-86-00200,"경기도 성남시 분당구 운중로 131 (운중동, 스타식스메트로) 903호",www.ngle.co.kr,,컴퓨터 프로그래밍 서비스업,2015-08-19,12월
(주)엔도어즈,Ndoors Corporation.,엔도어즈, ,신지환,기타법인,110111-1777311,120-81-93739,경기도 성남시 분당구 판교로256번길 25 (삼평동) GB2 C동,www.ndoors.net,,시스템 소프트웨어 개발 및 공급업,1999-09-21,12월
(주)엔드림,NDREAM Corporation,엔드림, ,조한서,기타법인,131111-0419068,547-88-00185,"경기도 성남시 분당구 황새울로258번길 25 9층(수내동, 조이시티타워)", ,,게임 소프트웨어 개발 및 공급업,2015-08-10,12월
(주)엔드림게임즈,NDREAMGAMES Corporation,엔드림게임즈, ,조성원,기타법인,110111-7858272,483-88-01857,"서울특별시 송파구 중대로 135 (가락동, 아이티벤처타워) 서관15층", ,,게임 소프트웨어 개발 및 공급업,2021-04-29,12월
(주)엔디,ND,엔디, ,김명건,기타법인,110111-3839226,107-87-05350,"서울특별시 송파구 백제고분로9길 14 5층 (잠실동, 우화빌딩)", ,,정기 광고간행물 발행업,2008-02-11,12월
주식회사 엔디소프트,"ND SOFT Co,.",엔디소프트, ,박남도,기타법인,180111-0820711,617-86-01193,"부산광역시 해운대구 센텀중앙로 48 (우동, 에이스하이테크21) 1212",www.nd1.co.kr,,응용 소프트웨어 개발 및 공급업,2012-08-02,12월
(주)엔디에스,NDS Corporation,엔디에스, ,김중원,기타법인,110111-0912687,118-81-15384,"서울특별시 동작구 여의대방로 112 (신대방동, 농심신대방사옥) 도연관 11,12층",nds.nongshim.co.kr,,컴퓨터시스템 통합 자문 및 구축 서비스업,1993-01-08,12월
주식회사 엔라이즈,"NRISE, INC",엔라이즈, ,김봉기,기타법인,110111-4641662,119-86-44136,"서울특별시 강남구 테헤란로87길 29 (삼성동, M타워) 3층", ,,응용 소프트웨어 개발 및 공급업,2011-07-07,12월
엔라이튼 주식회사,"ENlighten Co., Ltd",엔라이튼, ,이영호,기타법인,110111-6165561,884-88-00541,"서울특별시 송파구 올림픽로 289 4층 (신천동, 잠실시그마타워)",https://www.enlighten.kr/,,데이터베이스 및 온라인정보 제공업,2016-09-01,12월
주식회사 엔라인시스템,N-LINE SYSTEM CO.Ltd,엔라인시스템, ,김월영,기타법인,170111-0173592,504-81-34388,대구광역시 북구 복현2동 218 창업보육센타청문관 511,http://www.n-line.co.kr,,시스템 소프트웨어 개발 및 공급업,2000-05-19,12월
주식회사 엔레벨,"NLEVEL INC.,",엔레벨, ,유병현,기타법인,131411-0168859,134-86-23348,"서울특별시 송파구 올림픽로 300 (신천동, 롯데월드타워앤드롯데월드몰) 5304호",www.hrinvestment.co.kr,,그 외 기타 정보 서비스업,2008-05-20,12월
(주)엔미디어플랫폼,N Media Platform Corporation,엔미디어플랫폼, ,송재화,기타법인,134111-0134473,138-81-30598,경기도 성남시 분당구 판교로256번길 25 (삼평동) GB2 C동 5층,www.nmp-corp.com,,시스템ㆍ응용 소프트웨어 개발 및 공급업,2005-11-01,12월
(주)엔바이로피아,ENVIROTIA,엔바이로피아, ,유호원,기타법인,110111-1950222,212-81-47494,서울특별시 송파구 방이동 45-2 금복빌딩 1202호, ,,데이터베이스 및 온라인정보 제공업,2000-04-24,12월
(주)엔버스,NBUS INC.,엔버스, ,최민호,기타법인,134111-0602074,376-81-02786,경기도 안양시 동안구 관악대로 380 1층 (관양동),디지털 엠파이어 a동 503호,,유선 통신업,2022-02-01,12월
주식회사 엔비레즈,NBREDS Inc.,엔비레즈, ,정대근,기타법인,110111-3821893,211-88-07969,"서울특별시 성동구 아차산로 50 (성수동1가, 엔비레즈빌딩)",www.nbreds.com,,컴퓨터 프로그래밍 서비스업,2008-01-18,12월
주식회사 엔비알컴퍼니,"NBR COMPANY Co.,Ltd",엔비알컴퍼니, ,김장종,기타법인,200111-0464184,536-88-00360,"서울특별시 강남구 도산대로 165 13층(신사동, 신사힐)", ,,유선 온라인 게임 소프트웨어 개발 및 공급업,2016-06-03,12월
주식회사 엔비어스,Nvius Corporation.,엔비어스, ,김준성,기타법인,110111-4123595,114-86-74111,서울특별시 강남구 봉은사로 327 궁도빌딩 (논현동),www.nvius.co.kr,,게임 소프트웨어 개발 및 공급업,2009-06-24,12월
엔비제이게임즈(주),"NBJ GAMES Co., Ltd.",엔비제이게임즈, ,안태형,기타법인,110111-3505851,211-87-85288,서울특별시 강남구 논현동 58-9 미디어센터 9층, ,,게임 소프트웨어 개발 및 공급업,2006-08-07,12월
(주)엔비즈테크놀러지,"Nbiz TECHNOLOGY CO., LTD.",엔비즈테크놀러지, ,이동훈,기타법인,181211-0044904,610-81-29161,울산광역시 중구 성남동 311-3 나눔？殼낳仟,www.nbiztek.com,,시스템 소프트웨어 개발 및 공급업,1997-06-20,12월
엔빅스(주),"ENBIGS Co., Ltd.",엔빅스,054170,이명노,기타법인,110111-0890023,116-81-47366,서울특별시 영등포구 여의도동 14-3 엔빅스빌딩 ,www.enbigs.com,,컴퓨터시스템 통합 자문 및 구축 서비스업,1992-09-17,12월
엔셀 주식회사,ENSSEL,엔셀, ,임용일,기타법인,110111-3761255,220-87-55847,"경기도 성남시 분당구 성남대로 393 (정자동, 두산위브파빌리온) A-205", ,,응용 소프트웨어 개발 및 공급업,2007-10-16,12월
엔스토어 주식회사,NStore Corporation,엔스토어, ,박찬규,기타법인,131111-0535484,354-88-01296,"경기도 성남시 분당구 불정로 6 (정자동, 그린팩토리)", ,,포털 및 기타 인터넷 정보매개 서비스업,2018-11-05,12월
(주) 엔써즈,ENSWERS INC,엔써즈, ,살바도르카로트키,기타법인,110111-3652892,214-88-06576,"서울특별시 중구 후암로 110 (남대문로5가, 서울시티타워빌딩) 22층",www.gracenote.com,,응용 소프트웨어 개발 및 공급업,2007-04-04,12월
엔써커뮤니티 주식회사,N'ser community Inc.,엔써커뮤니티,037750,김태중,기타법인,110111-1156549,220-81-26641,서울특별시 강서구 염창동 동아3차 프라자 107-1호,http://nser.co.kr,,컴퓨터시스템 통합 자문 및 구축 서비스업,1995-05-11,12월
주식회사엔쓰리게임즈,N3 GAMES Inc.,엔쓰리게임즈, ,이상윤,기타법인,131111-0468502,550-81-00668,경기도 성남시 분당구 판교로 242 (삼평동) 판교디지털센터 A동 7층, ,,게임 소프트웨어 개발 및 공급업,2016-12-23,12월
엔쓰리엔 주식회사,"N3N Co., Ltd.",엔쓰리엔, ,남영삼,기타법인,110111-1717432,220-81-63122,"서울특별시 영등포구 국회대로76길 10 6층 (여의도동, 기독교한국침례회총회빌딩)",www.n3n.co.kr,www.n3n.co.kr,컴퓨터 프로그래밍 서비스업,1999-06-21,12월
(주)엔씨소프트,NCsoft Corporation,엔씨소프트,036570,"김택진, 박병무 (공동대표이사)",유가증권시장,110111-1387748,220-81-43000,서울특별시 강남구 테헤란로 509(삼성동),www.ncsoft.net,,소프트웨어 개발 및 공급업,1997-03-11,12월
주식회사 엔씨아이디에스,NCIDS,엔씨아이디에스, ,이재진,기타법인,131111-0747790,678-86-03463,"경기도 성남시 분당구 대왕판교로606번길 10 (백현동, 알파리움1단지)", ,,응용 소프트웨어 개발 및 공급업,2024-10-02,12월
(주)엔씨아이티에스,"NCITS Co.,Ltd",엔씨아이티에스, ,안재현,기타법인,180111-0216902,617-81-18006,"경기도 성남시 분당구 대왕판교로606번길 10 4층 (백현동, 알파리움1단지)",www.ncits.co.kr,,응용 소프트웨어 개발 및 공급업,1996-10-26,12월
주식회사 엔씨에이아이,NCAI,엔씨에이아이, ,이연수,기타법인,131111-0075814,444-86-03744,"경기도 성남시 분당구 대왕판교로644번길 12 (삼평동, 엔씨소프트판교R&D센터) N타워 5층", ,,응용 소프트웨어 개발 및 공급업,2025-02-03,12월
주식회사 엔씨엔시스템,NCN system Inc.,엔씨엔시스템, ,김재회,기타법인,110111-1862047,220-81-75860,서울특별시 강남구 역삼동 650-18 석우빌딩 6층,www.ncnsystem.com,,시스템 소프트웨어 개발 및 공급업,2000-01-25,12월
주식회사 엔씨큐에이,NCQA,엔씨큐에이, ,김진섭,기타법인,131111-0747782,675-87-03442,"경기도 성남시 분당구 대왕판교로606번길 10 (백현동, 알파리움1단지)", ,,응용 소프트웨어 개발 및 공급업,2024-10-02,12월
주식회사엔아이씨네크워크,NIC Network,엔아이씨네크워크, ,황병용,기타법인,110111-3380279,107-86-73924,"서울특별시 강남구 대치동 889-13 금강타워 4층 404,405호",-,,소프트웨어 개발 및 공급업,2006-01-13,12월
주식회사 엔아이위즈,NIWIZ.co.Ltd,엔아이위즈, ,김용진,기타법인,110111-9008049,314-87-02698,"서울특별시 금천구 가산디지털1로 137 (가산동, IT캐슬2차) 1201호", ,,데이터베이스 및 온라인정보 제공업,2024-07-18,12월
(주)엔아이지,"NIG co.,ltd",엔아이지, ,김신일,기타법인,110111-2429838,211-87-08016,서울특별시 강남구 신사동 532-11 5층, ,,"영화, 비디오물 및 방송프로그램 제작 관련 서비스업",2002-01-23,12월
엔아이티서비스 주식회사,NITService Corp.,엔아이티서비스, ,홍광표,기타법인,131111-0385607,144-81-29626,"경기도 성남시 분당구 분당로 55 2층 (서현동, 분당퍼스트타워)", ,,정보서비스업,2014-09-03,12월
주식회사 엔아이티소프트,NITSOFT,엔아이티소프트, ,김정민,기타법인,180111-1089324,864-87-00609,서울특별시 강남구 선릉로 624 3층 (삼성동), ,,시스템 소프트웨어 개발 및 공급업,2017-04-11,12월
(주)엔앤아이,N&I,엔앤아이, ,김양균,기타법인,110111-1918791,212-81-46234,서울특별시 강동구 둔촌동 53 성문빌딩 502호,www.nesro.co.kr,,시스템 소프트웨어 개발 및 공급업,2000-03-24,12월
(주)엔에스스튜디오,NS STUDIO,엔에스스튜디오, ,윤상규,기타법인,110111-4691683,120-87-73389,경기도 성남시 분당구 성남대로926번길 10 (야탑동),www.nsstudio.co.kr,,게임 소프트웨어 개발 및 공급업,2011-09-21,12월
주식회사 엔에스씨,"NSC Co., Ltd.",엔에스씨, ,강혁,기타법인,110111-4400068,114-86-82284,경기도 성남시 분당구 판교로256번길 7 (삼평동), ,,게임 소프트웨어 개발 및 공급업,2010-07-23,12월
주식회사 엔에스에이치씨,NSHC Inc,엔에스에이치씨, ,최병규,기타법인,135111-0091276,123-86-15737,"서울특별시 금천구 가산디지털1로 186 806호 (가산동, 제이플라츠)", ,,시스템 소프트웨어 개발 및 공급업,2008-11-01,12월
(주)엔에스홈쇼핑미디어센터,Hansconvergence,엔에스홈쇼핑미디어센터, ,김갑종,기타법인,110111-3925546,117-81-65580,"경기도 성남시 분당구 판교로228번길 15 (삼평동, NS홈쇼핑) 6층", ,,방송 프로그램 제작업,2008-07-01,06월
엔에이치엔게임스 주식회사,NHN Games Corporation,엔에이치엔게임스, ,김병관,기타법인,110111-3104835,220-86-93752,서울특별시 구로구 구로3동 대륭포스트타워2차 13층,www. nhngames.com,,게임 소프트웨어 개발 및 공급업,2004-11-01,12월
엔에이치엔두레이 주식회사,NHN Dooray Corp.,엔에이치엔두레이, ,백창열,기타법인,131111-0630359,843-86-01865,"경기도 성남시 분당구 대왕판교로645번길 16 (삼평동, NHN)",dooray.com,,포털 및 기타 인터넷 정보매개 서비스업,2021-07-01,12월
엔에이치엔링크(주),NHNTicketlink,엔에이치엔링크, ,왕문주,기타법인,131111-0372620,144-81-25090,"경기도 성남시 분당구 대왕판교로645번길 16 (삼평동, NHN), 3층",www.ticketlink.co.kr/,,포털 및 기타 인터넷 정보매개 서비스업,2014-04-15,12월
엔에이치엔블랙픽 주식회사,"NHN BLACKPICK. CO.,LTD",엔에이치엔블랙픽, ,우상준,기타법인,131111-0365807,144-81-21376,경기도 성남시 분당구 대왕판교로645번길 16 (삼평동) 플레이뮤지엄,www.nhnbp.com,,게임 소프트웨어 개발 및 공급업,2014-02-01,12월
엔에이치엔빅풋 주식회사,NHN BIGFOOT CORPORATION,엔에이치엔빅풋, ,김상호,기타법인,131111-0365790,144-81-21380,"경기도 성남시 분당구 대왕판교로645번길 16 (삼평동, N-Square 플레이뮤지엄)", ,,모바일 게임 소프트웨어 개발 및 공급업,2014-02-01,12월
엔에이치엔서비스 주식회사,NHN Service,엔에이치엔서비스, ,김근회,기타법인,150111-0132138,301-86-05450,"충청북도 청주시 상당구 상당로 195 (북문로3가, 한화생명빌딩) 5층", ,,포털 및 기타 인터넷 정보매개 서비스업,2010-01-04,12월
엔에이치엔서비스 주식회사,NHN SERVICES Corporation,엔에이치엔서비스, ,오승환,기타법인,131111-0146083,129-81-88233,경기도 성남시 분당구 정자동 17-1 젤존타워 8층, ,,기타 정보기술 및 컴퓨터운영 관련 서비스업,2005-08-02,12월
엔에이치엔소프트 주식회사,NHN Soft Corporation,엔에이치엔소프트, ,오준환,기타법인,131111-0597864,136-81-35767,"경기도 성남시 분당구 대왕판교로645번길 16 (삼평동, NHN)", ,,컴퓨터 프로그래밍 서비스업,2020-07-01,12월
엔에이치엔스타피쉬 주식회사,NHN Starfish Corporation,엔에이치엔스타피쉬, ,김남형,기타법인,110111-4505173,220-88-10982,"경기도 성남시 분당구 대왕판교로645번길 16 (삼평동, NHN)",www.nhnsf.com,,게임 소프트웨어 개발 및 공급업,2011-01-03,12월
엔에이치엔에듀 주식회사,NHNEDU CORPORATION,엔에이치엔에듀, ,진은숙,기타법인,160111-0328298,314-86-38490,"경기도 성남시 분당구 대왕판교로645번길 16 (삼평동, NHN)", ,,그 외 기타 정보 서비스업,2012-07-27,12월
엔에이치엔엔터프라이즈 주식회사,NHN Enterprise Corporation,엔에이치엔엔터프라이즈, ,김동훈,기타법인,131111-0625821,833-81-02275,"경기도 성남시 분당구 대왕판교로645번길 16 (삼평동, NHN) 플레이뮤지엄",nhnenterprise.com/,,시스템 소프트웨어 개발 및 공급업,2021-04-06,12월
엔에이치엔인재아이엔씨(주),"Injeinc Co.,Ltd.",엔에이치엔인재아이엔씨, ,백세련,기타법인,110111-2190083,119-81-45810,"서울특별시 구로구 디지털로33길 12 1301,1302호(구로동, 우림이비지센터2차)",injeinc.co.kr,,컴퓨터 프로그래밍 서비스업,2001-03-12,12월
엔에이치엔커머스(주),NHN COMMERCE Corp.,엔에이치엔커머스, ,"김종승, 성지현",기타법인,110111-2690421,120-86-46911,"서울특별시 구로구 디지털로26길 43 R동 6,7층 (구로동, 대륭포스트타워8차)",www.commerce.com,,시스템 소프트웨어 개발 및 공급업,2003-01-09,12월
엔에이치엔클라우드 주식회사,NHN Cloud Corporation,엔에이치엔클라우드, ,김동훈,기타법인,131111-0666966,424-88-02352,"경기도 성남시 분당구 대왕판교로645번길 16 (삼평동, NHN)",www.nhncloud.com/,,"컴퓨터 프로그래밍, 시스템 통합 및 관리업",2022-04-01,12월
엔에이치엔픽셀큐브 주식회사,"NHN PIXELCUBE.CO.,LTD",엔에이치엔픽셀큐브, ,김상복,기타법인,131111-0365815,144-81-21395,"경기도 성남시 분당구 대왕판교로645번길 16 (삼평동, N-Square 플레이뮤지엄)", ,,게임 소프트웨어 개발 및 공급업,2014-02-01,12월
주식회사 엔엑스,NX,엔엑스, ,남주현,기타법인,230111-0219088,620-81-52354,울산광역시 울주군 범서읍 대리2길 57 4층 (구영리), ,,응용 소프트웨어 개발 및 공급업,2014-02-21,12월
주식회사 엔엑스게임즈,NX Games inc.,엔엑스게임즈, ,"신성일, 강민석",기타법인,110111-6516079,768-86-00788,"서울특별시 서초구 사임당로 32 12층 (서초동,재우빌딩)",www.nxgamescorp.com,,모바일 게임 소프트웨어 개발 및 공급업,2017-08-31,12월
주식회사 엔엑스쓰리게임즈,NX3Games Corp,엔엑스쓰리게임즈, ,최재헌,기타법인,110111-6420949,769-87-00809,서울특별시 강남구 봉은사로51길 31,www.nx3games.com,,모바일 게임 소프트웨어 개발 및 공급업,2017-06-05,12월
주식회사 엔와이시스템,"NY SYSTEM CO., Ltd.",엔와이시스템, ,박상완,기타법인,110111-4732908,119-86-49354,서울특별시 금천구 가산동 327-27 이앤씨드림타워 8차 1005호,www.nysystem.co.kr,,무선 및 위성 통신업,2011-11-21,12월
(주)엔웍스,nworks,엔웍스, ,이교용,기타법인,110111-1748817,229-81-39920,서울특별시 서초구 양재동 5-6 옥토빌딩 7층,nw99.com,,데이터베이스 및 온라인정보 제공업,1999-08-09,12월
(주)엔위즈,"ENWIZ CO.,LTD",엔위즈, ,이기동,기타법인,110111-2325987,120-86-26161,서울특별시 강남구 역삼2동 726-2 맥캔리하이츠 3층,www.enwiz.com,,시스템 소프트웨어 개발 및 공급업,2004-09-04,12월
주식회사 엔이에스,"NES CO.,LTD",엔이에스, ,김영래,기타법인,176011-0035003,513-81-31065,경기도 화성시 향남읍 행정죽전로4길 11 (행정리),www.nes21.co.kr,,기타 정보기술 및 컴퓨터운영 관련 서비스업,2003-08-22,12월
엔젤게임즈,NGELGAMES,엔젤게임즈, ,박지훈,기타법인,170111-0495516,504-86-08283,대구광역시 북구 호암로 51 (침산동) 메이커스페이스 201호 ~205호,www.ngelgames.com,,모바일 게임 소프트웨어 개발 및 공급업,2013-09-01,12월
(주) 엔젤넷,Angelnet,엔젤넷, ,정명수,기타법인,110111-0594170,107-81-52429,서울특별시 영등포구 신길3동 289-6 신영빌딩 6층,http://www.wa1004.net,,시스템 소프트웨어 개발 및 공급업,1985-10-01,12월
(주)엔젤월드, ,엔젤월드, ,남궁정,기타법인,110111-1765803,220-81-66828,서울특별시 송파구 잠실동 222 서일빌딩 9층,http://www.angelworld.co.kr,,시스템 소프트웨어 개발 및 공급업,1999-09-02,12월
엔조이링크,Njoylink Inc,엔조이링크, ,황도환,기타법인,134511-0039021,135-81-37006,서울특별시 영등포구 여의도동 26-5,www.cleanloan.co.kr,,시스템 소프트웨어 개발 및 공급업,2000-03-04,12월
(주)엔지스시스템즈,"EnGIS Systems, Inc.",엔지스시스템즈, ,이진열,기타법인,110111-3655250,220-87-46386,"경기도 안양시 동안구 흥안대로 415 507호 (평촌동, 두산벤처다임)", ,,자료 처리업,2007-04-10,12월
엔지씨코리아,NGC Korea,엔지씨코리아, ,양재현,기타법인,110111-2950982,211-87-45234,"서울특별시 종로구 새문안로 68 (신문로1가, 흥국생명빌딩) 13층", ,,프로그램 공급업,2004-02-10,06월
(주)엔지인터내셔날텔레콤,NG Intenational Telecom Inc.,엔지인터내셔날텔레콤, ,이용,기타법인,110111-3060243,214-87-57156,서울특별시 강남구 도곡동 949-3 캠코양재타워 10층, ,,기타 전기 통신업,2004-08-03,12월
주식회사 엔진스튜디오,Ngine Studios Corporation,엔진스튜디오, ,배준영,기타법인,110111-4755611,114-86-92462,"경기도 성남시 분당구 판교로256번길 25 비동 201호(삼평동, 판교테크노밸리 씨3-7)", ,,게임 소프트웨어 개발 및 공급업,2011-11-21,12월
엔컴주식회사,"NCOM.CO.,LTD.",엔컴, ,오명호,기타법인,180111-0336651,602-81-18659,"부산광역시 사상구 광장로 54 (괘법동, 온세통신)",www.e-ncom.co.kr,,응용 소프트웨어 개발 및 공급업,2000-11-07,12월
(주)엔케이솔루션,"NKsoultion Co., Ltd.",엔케이솔루션, ,남기중,기타법인,180111-0597344,617-81-67074,부산광역시 해운대구 우동 1458번지 인텔리움센텀 10층, ,,응용 소프트웨어 개발 및 공급업,2007-06-20,12월
(주)엔케이홀딩스,NK holdings,엔케이홀딩스, ,김명안,기타법인,134111-0100896,123-81-82930,경기도 안양시 동안구 관양동 954-25 신화빌딩 302, ,,우편 및 통신업,2002-10-04,12월
(주)엔코아,"en-core co.,ltd",엔코아, ,명재호,기타법인,110111-1484263,229-81-30104,"서울특별시 마포구 마포대로 163 (공덕동, 서울신용보증재단) 8층",www.en-core.com,,"컴퓨터시스템 통합 자문, 구축 및 관리업",1997-11-13,12월
엔큐리티 주식회사,"Ncurity Co., Ltd.",엔큐리티, ,김동욱,기타법인,110111-4122381,214-88-43867,"경기도 성남시 분당구 황새울로 246 (수내동, 도담빌딩) 비동 8층", ,,시스템 소프트웨어 개발 및 공급업,2009-07-01,12월
주식회사 엔크로키,NCROQUIS.Inc,엔크로키, ,"강율빈, 김두식",기타법인,110111-7259610,185-86-01681,서울특별시 성동구 왕십리로2길 20 1층(성수동1가), ,,모바일 게임 소프트웨어 개발 및 공급업,2019-10-15,12월
(주)엔클릭,"N Clic Co., Ltd",엔클릭, ,이규명,기타법인,110111-2708167,215-86-37651,서울특별시 동작구 사당로 287 (사당동), ,,게임 소프트웨어 개발 및 공급업,2003-02-03,12월
엔키노에이아이주식회사,"Enkino AI Co., LTD",엔키노에이아이, ,성기범,기타법인,110111-4664482,119-86-45421,"경기도 안양시 동안구 시민대로 187 (비산동, 안양건설타워) 1006호",enkino.com,,응용 소프트웨어 개발 및 공급업,2011-08-08,12월
(주)엔키아,"NKIA Co.,Ltd.",엔키아, ,"김영부, 봉건",기타법인,110111-1654535,107-81-66898,경기도 성남시 분당구 대왕판교로 660 (삼평동)유스페이스1 B동 10층,www.nkia.co.kr/,,"컴퓨터 프로그래밍, 시스템 통합 및 관리업",1999-03-10,12월
(주)엔키화이트햇,"Enki Co., Ltd",엔키화이트햇, ,이성권,기타법인,110111-6173986,557-87-00619,"서울특별시 송파구 송파대로 167 (문정동, 문정역테라타워) B동 1214~1217호",www.enki.co.kr,,응용 소프트웨어 개발 및 공급업,2016-09-09,12월
(주)엔타즈,entaz,엔타즈, ,김현수,기타법인,110111-1885239,211-86-91444,서울특별시 강남구 역삼2동 720-2 삼익라비돌빌딩 9층,www.entaz.com,,게임 소프트웨어 개발 및 공급업,2000-02-25,12월
주식회사엔터,Enter.Co.Ltd,엔터, ,"이승기, 김관수",기타법인,200111-0074876,408-81-29398,광주광역시 동구 충장로 5가 78, ,,영화관 운영업,1997-04-22,12월
(주)엔터메이트,"Entermate Co.,Ltd.",엔터메이트, ,이태현,기타법인,131111-0067700,129-81-45966,"서울특별시 서초구 남부순환로 2634-27 1,2층 (양재동, 성원빌딩 나동)",www.entermate.com/,,게임 소프트웨어 개발 및 공급업,2001-11-01,12월
(주)엔터박스미디어그룹,"ENTERBOX MEDIA GROUP Co.,Ltd.",엔터박스미디어그룹, ,서상욱,기타법인,110111-3334896,211-87-73083,서울특별시 강남구 청담동 98-13 우경빌딩4층, ,,"영화, 비디오물 및 방송프로그램 제작 관련 서비스업",2005-11-01,12월
(주)엔터스코리아,"Enterskorea, Co. Ltd.",엔터스코리아, ,양원곤,기타법인,110111-1864655,105-86-07826,서울특별시 마포 서교 463-28 공암빌딩 5층,www.enterskorea.com,,데이터베이스 및 온라인정보 제공업,2000-01-27,12월
(주)엔터원알에스에스(구:(주)엠브이넷),Enter One RSS Corpation,엔터원알에스에스(구:엠브이넷), ,이제명,기타법인,110111-0967856,211-86-12570,서울특별시 중구 충무로3가 60-1 극동빌딩 709호, ,,일반 영화 및 비디오물 제작업,1993-09-01,12월
주식회사 엔터웨어랩,"ENTERWARELAB,CO.LTD",엔터웨어랩, ,김호준,기타법인,160111-0189228,314-81-74128,충청북도 청원군 오창읍 각리 641-1 소프트웨어지원센타410호, ,,컴퓨터 프로그래밍 서비스업,2005-04-21,12월
주식회사 엔터프라이즈블록체인,"Enterprise Blockchain Co., Ltd.",엔터프라이즈블록체인, ,이준섭,기타법인,110111-7926912,665-88-02157,"서울특별시 강남구 테헤란로 424 (대치동, 삼성생명대치타워) 19층", ,,자료 처리업,2021-06-17,12월
엔테크서비스 주식회사,N Tech Service Corp,엔테크서비스, ,조규찬,기타법인,131111-0279587,129-86-58184,경기도 성남시 분당구 황새울로359번길 11 미래에셋빌딩 (서현동),www.nts-corp.com,,데이터베이스 및 온라인정보 제공업,2011-04-11,12월
(주)엔텍정보통신,N.Tech Information Ltd.,엔텍정보통신, ,손석배,기타법인,110111-1209231,113-81-35594,"서울특별시 금천구 가산디지털2로 101 A동 707호(가산동, 한라원앤원타워)", ,,기타 정보기술 및 컴퓨터운영 관련 서비스업,1995-10-28,12월
(주)엔텔스,"nTelsCo.,Ltd.",엔텔스,069410,최일규,코스닥시장,110111-2029456,220-81-93121,"서울특별시 강남구 학동로 401 15층(청담동, 금하빌딩)",www.ntels.com,www.ntels.com,시스템 소프트웨어 개발 및 공급업,2000-07-19,12월
엔텔시스템(주),"ENTEL SYSTEM CO., LTD",엔텔시스템, ,김영춘,기타법인,110111-1514846,120-81-78612,서울특별시 영등포구 여의도동 15-24 익스콘벤처타워3층,www.entel.co.kr,,컴퓨터시스템 통합 자문 및 구축 서비스업,1998-02-20,12월
주식회사 엔토리,NTORI,엔토리, ,강일남,기타법인,110111-6808319,228-87-01141,"서울특별시 마포구 대흥로 94 (대흥동, 크로바빌딩)",n-tori.com,,모바일 게임 소프트웨어 개발 및 공급업,2018-07-10,12월
엔토스정보기술주식회사,entosit co.. ltd,엔토스정보기술, ,조성보,기타법인,194211-0039611,609-81-41054,경상남도 창원시 상남동 3-3 풍원빌딩 6층,entos.co.kr,,시스템 소프트웨어 개발 및 공급업,2000-03-10,12월
(주)엔토피아,entopia,엔토피아, ,전현도,기타법인,200111-0118426,409-81-55185,광주광역시 북구 중흥동642-4(1F),http://www.entopia.co.kr,,데이터베이스 및 온라인정보 제공업,2000-06-22,12월
엔트러스트닷넷코리아(주),Entrust.netKorea Inc.,엔트러스트닷넷코리아, ,이원열,기타법인,110111-1839418,108-81-19705,서울특별시 동작구 신대방동 전문건설회관 17층,www.entrustkorea.net,,시스템 소프트웨어 개발 및 공급업,1999-12-30,12월
엔트리 주식회사,Ntri Inc.,엔트리, ,박영재,기타법인,110111-7704235,811-86-02120,"서울특별시 구로구 디지털로26길 38 (구로동, G-Tower)", ,,게임 소프트웨어 개발 및 공급업,2020-12-03,12월
엔트리교육연구소 주식회사,-,엔트리교육연구소, ,김지현,기타법인,160111-0357007,314-86-52212,"대전광역시 유성구 문지로 193 (문지동, KAIST문지캠퍼스) 에프 534호", ,,정보서비스업,2015-08-21,12월
(주)엔트리브소프트,"Ntreev Soft Co., Ltd.",엔트리브소프트, ,이성구,기타법인,110111-2906456,120-86-60422,"경기도 성남시 분당구 대왕판교로606번길 10 1동 5층 (백현동, 알파리움1단지)",www.ntreev.com,,시스템 소프트웨어 개발 및 공급업,2003-12-01,12월
엔트릭스(주),ENTRIX,엔트릭스, ,이재환,기타법인,110111-5770105,815-87-00102,"서울특별시 중구 을지로 100 (을지로2가, 파인애비뉴) B동 3층", ,,컴퓨터 프로그래밍 서비스업,2015-07-01,12월
주식회사 엔티오스 엔터테인먼트,"ENTIOS Entertainment co., ltd",엔티오스엔터테인먼트, ,이창우,기타법인,110111-2990475,211-87-48323,서울특별시 강남구 역삼동 720-25 디오빌 역삼 1007호, ,,일반 영화 및 비디오물 제작업,2004-04-09,12월
주식회사 엔티웍스,"NT Works Co., Ltd.",엔티웍스, ,이광규,기타법인,110111-7972931,363-81-02500,"서울특별시 금천구 가산디지털1로 171 408호(가산동, 가산에스케이브이원센터)", ,,응용 소프트웨어 개발 및 공급업,2021-07-28,12월
엔티티코리아주식회사,"NTT KOREA Co., Ltd.",엔티티코리아, ,쯔도 마사시,기타법인,110111-1778400,104-81-47290,서울특별시 강남구 삼성동 159-6 한국도심공항Terminal Bldg.713호,www.ntt.co.kr,,통신 재판매업,1999-10-01,12월
주식회사 엔티티코리아솔루션즈,NTT Korea Solutions Inc.,엔티티코리아솔루션즈, ,정재성,기타법인,110111-0860125,213-81-57767,"서울특별시 영등포구 국제금융로 10 (여의도동, 서울국제금융센터)",www.dimensiondata.com/kr,,컴퓨터시스템 통합 자문 및 구축 서비스업,1992-05-30,03월
주식회사 엔프렌즈게임즈,NFRIENDS Games Inc,엔프렌즈게임즈, ,손호준,기타법인,110111-6706985,382-88-00856,"서울특별시 강남구 영동대로 602 6층(삼성동, 삼성동미켈란107)", ,,게임 소프트웨어 개발 및 공급업,2018-04-02,12월
주식회사 엔플라이스튜디오,NFLY STUDIO.INC,엔플라이스튜디오, ,"고무진, 강율빈",기타법인,180111-0972992,875-86-00067,"부산광역시 해운대구 센텀중앙로 97 에이동 1107호 (재송동, 센텀스카이비즈)", ,,모바일 게임 소프트웨어 개발 및 공급업,2015-05-21,12월
주식회사 엔플러스엠닷컴,"NPLUSM.COM., Ltd.",엔플러스엠닷컴, ,전재후,기타법인,110111-1949952,214-86-56451,서울특별시 강남구 역삼동 679-5 아주빌딩 1803호,www.nplusm.com,,데이터베이스 및 온라인정보 제공업,2000-05-01,12월
(주)엔플레버,NLFAVOR Corp.,엔플레버, ,박승현,기타법인,110111-2906802,120-86-60363,서울특별시 강남구 삼성동 154-11 5층,www.nflavor.com,,게임 소프트웨어 개발 및 공급업,2003-12-02,03월
(주)엔플렉스,"Nplex,Inc.",엔플렉스,040130,이정학,기타법인,110111-1601750,220-81-56354,서울특별시 강남구 논현동 98 동익빌딩 2층,www.gamekorea.net,,시스템 소프트웨어 개발 및 공급업,1998-10-30,12월
주식회사 엔플루토,NPLUTO,엔플루토, ,문태식,기타법인,131111-0189976,129-86-10948,"경기도 성남시 분당구 판교로228번길 17 (삼평동, 판교세븐벤처밸리2)", ,,게임 소프트웨어 개발 및 공급업,2007-06-19,12월
(주)엔플인피니티,witnetwork,엔플인피니티, ,김동국,기타법인,110111-3182667,211-87-62612,서울특별시 강남구 논현1동 36-8 로얄토토빌딩 4층, ,,시스템 소프트웨어 개발 및 공급업,2005-03-24,12월
(주)엔피아시스템즈,"Enpia systems Co., ltd",엔피아시스템즈, ,함경수,기타법인,110111-1264227,220-81-20521,서울특별시 서초구 양재동 275-6 삼호물산빌딩 B동 503호,www. enpia.co.kr,,시스템 소프트웨어 개발 및 공급업,1996-04-23,12월
주식회사 엔피코어,"NPCore, Inc.",엔피코어, ,한승철,기타법인,110111-4001767,215-87-20424,"서울특별시 영등포구 당산로 171 701호(당산동4가, 금강펜테리움IT타워)",www.npcore.com,,시스템 소프트웨어 개발 및 공급업,2008-11-19,12월
주식회사 엔픽셀,Npixel,엔픽셀, ,"배봉건, 정현호",기타법인,110111-6503886,417-86-00861,"서울특별시 강남구 테헤란로 231 12~14층 (역삼동, 센터필드)", ,,모바일 게임 소프트웨어 개발 및 공급업,2017-09-01,12월
(주)엘루오씨앤씨,ELUOCNC,엘루오씨앤씨, ,"최경은, 임혜연",기타법인,110111-3320655,117-81-55985,"서울특별시 마포구 마포대로 89 13층 (도화동, 서울마포우체국)",www.eluocnc.com,,응용 소프트웨어 개발 및 공급업,2005-10-11,12월
(주)엘르티브이코리아,"ELLE TV KOREA CO.,LTD",엘르티브이코리아, ,최종삼,기타법인,110111-4131647,211-88-29094,서울특별시 강남구 논현동 231-13 팍스타워 5층, ,,프로그램 공급업,2009-07-06,12월
(주)엘리스그룹,Elice,엘리스그룹, ,KIM JAE WON,기타법인,160111-0411655,581-88-00303,"서울특별시 강남구 선릉로 433 (역삼동, 세방빌딩) 신관6층", ,,응용 소프트웨어 개발 및 공급업,2015-11-04,12월
(주)엘리온정보기술,"Elion Information Technology Co., Ltd",엘리온정보기술, ,김성군,기타법인,110111-1452327,229-81-28990,서울특별시 강남구 역삼동 779-4 조우빌딩 5층,www.elionit.com,,데이터베이스 및 온라인정보 제공업,1997-08-18,12월
(주)엘림넷,"ELIMNET. CO., LTD.",엘림넷, ,한환희,기타법인,110111-2075152,220-81-97656,"서울특별시 서대문구 경기대로 15 (충정로3가, 엘림넷빌딩)",www.elim.net,,통신 재판매업,2000-09-20,12월
엘비에이 경제연구소 주식회사,"LBA Economic Research Institute Co., Ltd.",엘비에이경제연구소, ,김점수,기타법인,110111-3388512,211-87-78467,서울특별시 강남구 청담동 70-17 성학빌딩 201호, ,,그 외 기타 정보 서비스업,2006-01-25,12월
엘비텍주식회사,LVTek ,엘비텍, ,김정택,기타법인,110111-2413526,107-86-10652,"서울특별시 성동구 성수이로 66 (성수동2가, 서울숲드림타워) 208호",www.lvtek.co.kr,,컴퓨터시스템 통합 자문 및 구축 서비스업,2002-01-04,12월
(주)엘스타홀딩스,Lstarholdings Inc.,엘스타홀딩스, ,김은선,기타법인,180111-1093193,379-81-00716,"부산광역시 해운대구 센텀서로 30 2203(우동, 케이엔엔타워)", ,,소프트웨어 개발 및 공급업,2017-05-04,12월
(주)엘아이지시스템,"LIG System Co.,Ltd.",엘아이지시스템, ,홍길준,기타법인,284211-0041419,132-81-58074,"서울특별시 용산구 한남대로 98 (한남동, 일신빌딩) 5층 LIG시스템",www.ligs.co.kr,,컴퓨터시스템 통합 자문 및 구축 서비스업,2004-11-23,12월
엘앤에스정보기술(주),LNS Information Technology Co Ltd,엘앤에스정보기술, ,"김종휘, 김재환",기타법인,110111-1659519,214-86-30107,서울특별시 강남구 강남대로110길 83-6 LNS빌딩 (역삼동),www.lnsit.co.kr,,시스템 소프트웨어 개발 및 공급업,1999-03-10,12월
엘에스데이타(주),"LSDATA ,Inc",엘에스데이타, ,이홍섭,기타법인,110111-1133357,102-81-39886,서울특별시 구로구 구로동 222-12 마리오타워 1409호,http://www.lsdata.co.kr,,시스템 소프트웨어 개발 및 공급업,1995-03-06,12월
주식회사 엘에스씨시스템즈,LSC Systems inc.,엘에스씨시스템즈, ,최준호,기타법인,110111-4726381,114-86-91804,"경기도 의왕시 이미로 40 D동 512호(포일동, 인덕원IT밸리)", ,,컴퓨터시스템 통합 자문 및 구축 서비스업,2011-11-17,12월
엘에스아이티씨(주),"LS ITC CO., LTD",엘에스아이티씨, ,조의제,기타법인,110111-7735941,869-86-01983,"서울특별시 용산구 한강대로 92 (한강로2가, LS용산타워) 15층",www.lsitc.com,,컴퓨터시스템 통합 자문 및 구축 서비스업,2021-01-04,12월
(주)엘엔아이소프트,Language&Interface Soft.Inc,엘엔아이소프트, ,임종남,기타법인,120111-0157538,137-81-18761,인천광역시 남동구 간석4동237-1인보빌딩4층, ,www.lnisoft.co.kr,시스템 소프트웨어 개발 및 공급업,1997-09-01,12월
엘엔에이치코리아(주),"L&H Korea co., ltd",엘엔에이치코리아, ,필립보슨,기타법인,110111-0945430,106-81-43422,서울특별시 마포구 대흥동 485-1,http://www.lhsl.co.kr,,데이터베이스 및 온라인정보 제공업,1993-05-27,12월
(주)엘엔케이로직코리아,"L AND K LOGIC KOREA Co., Ltd.",엘엔케이로직코리아, ,남택원,기타법인,110111-2011205,214-86-62443,"서울특별시 강남구 역삼동 689-3 코원타워 2,3층",www.logickorea.co.kr,,게임 소프트웨어 개발 및 공급업,2000-06-29,12월
엘제이필름(주),"Light & Joy Film Co., LTD",엘제이필름, ,이승재,기타법인,110111-1946627,211-86-96212,서울특별시 강남구 논현동 25-11, ,,일반 영화 및 비디오물 제작업,2000-04-20,12월
(주)엘지데이콤,LG Dacom Corporation,엘지데이콤,015940,박종응,기타법인,110111-0315948,106-81-06499,서울특별시 강남구 역삼동 706-1 18층,www.lgdacom.net,,유선 통신업,1982-03-29,12월
(주)엘티브이아이,LTVI Limited,엘티브이아이, ,강덕진,기타법인,110111-2174037,119-81-45580,서울특별시 관악구 봉천동 729-24 우성캐릭터그린빌 202호, ,,데이터베이스 및 온라인정보 제공업,2001-02-19,12월
(주)엘피에이,"LPA, Inc.",엘피에이, ,이상엽,기타법인,110111-2632100,210-81-44114,서울특별시 강남구 역삼동 827-25번지 테라빌 ,http://www.lpatech.com,,시스템 소프트웨어 개발 및 공급업,2002-10-15,12월
주식회사 엠게임,MGAME CORP.,엠게임,058630,권이형,코스닥시장,110111-1838212,114-81-93597,서울특별시 금천구  가산디지털1로 145 에이스하이엔드타워3차,www.mgamecorp.com,,게임 소프트웨어 개발 및 공급업,1999-12-28,12월
엠넷미디어(주),Mnet Media Corp.,엠넷미디어,056200,박광원,기타법인,110111-1051814,120-81-49932,서울특별시 마포구 상암동 1606 ,www.cjmnetmedia.com,,시스템 소프트웨어 개발 및 공급업,1994-06-29,12월
(주)엠닥스,MDOCKS,엠닥스, ,유성원,기타법인,110111-2316267,220-86-18715,서울특별시 강남구 역삼동 797-22 정유빌딩 3층,www.mdocks.com,,게임 소프트웨어 개발 및 공급업,2001-08-24,12월
엠드래곤제일차 주식회사,-,엠드래곤제일차, ,조한나,기타법인,110111-7177375,643-86-01381,"서울특별시 영등포구 여의대로 60 (여의도동, NH투자증권빌딩)", ,,"컴퓨터 프로그래밍, 시스템 통합 및 관리업",2019-07-19,12월
엠드림주식회사,"M dream Co., Ltd.",엠드림, ,최종호,기타법인,110111-1879290,120-81-99956,"서울특별시 송파구 가락동 121번지 재경빌딩 3,4층",www.m-dream.com,,게임 소프트웨어 개발 및 공급업,2000-02-16,12월
(주)엠디가이드,"MDGUIDE Co., Ltd.",엠디가이드, ,박정식,기타법인,110111-2100975,206-81-52255,서울특별시 광진구 구의동 631-1,www.mdguide.net,,데이터베이스 및 온라인정보 제공업,2000-10-31,12월
(주)엠디아이티,MDIT ,엠디아이티, ,이민경,기타법인,110111-7359535,162-86-01558,"서울특별시 강남구 역삼로2길 16 (역삼동), 9층", ,,시스템 소프트웨어 개발 및 공급업,2020-01-16,12월
(주)엠디에스인텔리전스,MDS Intelligence Inc.,엠디에스인텔리전스, ,"지창건, 이정승",기타법인,131111-0597872,373-88-01958,"경기도 성남시 분당구 판교로228번길 17 (삼평동, 판교세븐벤처밸리2)1동 9층",www.hancomit.com,,시스템 소프트웨어 개발 및 공급업,2020-07-01,12월
주식회사 엠디엠아이엔씨,MDM I&C Co. Ltd.,엠디엠아이엔씨, ,이명순,기타법인,110111-2043290,209-81-26324,서울특별시 성북구 안암동5가 테크노 컴플렉스 6층,http://www.mdminc.net,,시스템 소프트웨어 개발 및 공급업,2000-08-04,12월
(주)엠디하우스,MD House,엠디하우스, ,정좌락,기타법인,120111-0208191,121-81-33807,서울특별시 구로구 구로동 212-1 에이스트윈타워 1차 3층,www.mdhouse.com,,시스템 소프트웨어 개발 및 공급업,1999-12-08,12월
(주)엠로,"EMRO., Incorporated",엠로,058970,송재민,코스닥시장,110111-1906887,220-81-81381,"서울특별시 영등포구 당산로41길 11, SK V1센터 E동 5층",www.emro.co.kr,,소프트웨어 개발 및 공급업,2000-03-15,12월
(주)엠메이커스,"MMAKERS CO., LTD.",엠메이커스, ,조성진,기타법인,110111-7160403,256-81-01576,서울특별시 강남구 논현로145길 50 1층 (논현동), ,,"영화, 비디오물 및 방송프로그램 제작 관련 서비스업",2019-07-04,12월
주식회사 엠바고미디어,EMBARGO Inc,엠바고미디어, ,우영환,기타법인,110111-4605527,106-86-79022,경기도 성남시 분당구 분당로 55 퍼스트타워 3층 (서현동), ,,포털 및 기타 인터넷 정보매개 서비스업,2011-05-19,12월
엠바로(주),MBARO Inc.,엠바로, ,정태선,기타법인,110111-4245852,211-88-37065,서울특별시 강남구 신사동 600-6 대길빌딩 5층,www.mbaro.com,,데이터베이스 및 온라인정보 제공업,2009-12-21,12월
(주)엠바이오,Mbio,엠바이오, ,김명석,기타법인,110111-6820214,262-86-01028,"서울특별시 강남구 봉은사로114길 12 (삼성동, 대웅제약빌딩)", ,,응용 소프트웨어 개발 및 공급업,2018-07-23,12월
주식회사 엠버스랩,"MVERSE LAB CO., LTD",엠버스랩, ,심화수,기타법인,110111-8188818,418-86-02334,"서울특별시 서초구 서초대로46길 19-18 2층 202호 (서초동, 성진빌딩)", ,,시스템 소프트웨어 개발 및 공급업,2022-02-04,12월
엠베스트교육(주),Mbest. Co. Ltd.,엠베스트교육, ,김성오,기타법인,110111-2637803,214-87-21963,서울특별시 강남구 도곡동 943번지 대신증권빌딩 2층,www.mbest.co.kr,,데이터베이스 및 온라인정보 제공업,2002-10-23,12월
주식회사 엠비씨강원영동,MBC EASTGANGWON,엠비씨강원영동, ,한정우,기타법인,141111-0000295,226-81-00692,강원도 강릉시 가작로 267,www.mbceg.co.kr,,지상파 방송업,1968-03-29,12월
(주)엠비씨게임,"MBC GAME CO., LTD.",엠비씨게임, ,장근복,기타법인,110111-2061573,211-86-65460,서울특별시 영등포구 여의도동 34-1,www.mbcgame.com,,프로그램 공급업,2000-08-31,12월
(주)엠비씨 경남,MBC GYEONGNAM,엠비씨경남, ,이우환,기타법인,190111-0000163,608-81-00142,"경상남도 창원시 마산회원구 양덕서9길 11-11 (양덕동, MBC경남)",www.mbcgn.kr,,지상파 방송업,1969-02-01,12월
(주)엠비씨미디어텍,MBC MEDIA TECH CO.LTD,엠비씨미디어텍, ,황희만,기타법인,110111-0742159,219-81-03819,서울특별시 마포구 상암동 1580번지 DMC첨단산업센터2층,www.mbcmt.co.kr,,방송 프로그램 제작업,1991-01-10,12월
(주)엠비씨스포츠,"MBC Sports Co., Ltd.",엠비씨스포츠, ,안현덕,기타법인,110111-2530940,107-81-97708,서울특별시 영등포구 여의도동 34-1,www.mbcsportsplus.com,,프로그램 공급업,2001-03-23,12월
(주)엠비씨씨앤아이,"MBC C&I Co.,Ltd",엠비씨씨앤아이, ,도인태,기타법인,110111-0742141,116-81-59673,"경기도 고양시 일산동구 호수로 596 (장항동, 엠비씨드림센터)",www.mbccni.co.kr,,방송 프로그램 제작업,1991-01-10,12월
(주)엠비씨충북,MBC CHUNGBUK,엠비씨충북, ,이길섭,기타법인,150111-0000418,301-81-00504,"충청북도 충주시 중원대로 3250 (호암동, MBC충북)",www.mbccb.co.kr,,지상파 방송업,1970-10-23,12월
주식회사 엠비씨플러스,"MBC PLUS Co.,Ltd",엠비씨플러스, ,강지웅,기타법인,110111-0974158,117-81-11110,"경기도 고양시 일산동구 호수로 596 (장항동, 엠비씨드림센터)",www.mbcplus.com,,프로그램 공급업,1993-09-22,12월
(주)엠비씨플러스,"MBC PLUS CO.,LTD",엠비씨플러스, ,장근복,기타법인,110111-2176520,107-81-96562,서울특별시 영등포구 여의도동 34-1,-,,프로그램 공급업,2001-02-21,12월
엠비언트알지비 주식회사,"Ambient RGB Co.,Ltd",엠비언트알지비, ,이동현,기타법인,110111-6706290,481-88-01109,"서울특별시 영등포구 여의대방로67길 21 9층 949호(여의도동, 정곡빌딩)", ,,시스템 소프트웨어 개발 및 공급업,2018-04-02,03월
(주)엠비엔미디어텍,MBN Mediatech,엠비엔미디어텍, ,류호길,기타법인,110111-6597011,363-88-00869,"서울특별시 중구 퇴계로 190 (필동1가, 매경미디어센터)", ,,"영화, 비디오물 및 방송프로그램 배급업",2017-12-19,12월
주식회사 엠비이즈,Mvis,엠비이즈, ,황성욱,기타법인,160111-0496954,733-86-01267,"서울특별시 강남구 선릉로 704,  10층 413호 (청담동, 청담벤처프라자)", ,,게임 소프트웨어 개발 및 공급업,2018-10-12,12월
(주)엠비존씨엔씨,Mbizon C&C,엠비존씨엔씨, ,허춘호,기타법인,110111-2600123,107-86-22712,경기도 성남시 분당구 삼평동 621 판교이노밸리 B동 604호,www.mbizon.com,,"자료처리, 호스팅 및 관련 서비스업",2002-08-30,12월
주식회사 엠빌,MVILLE,엠빌, ,김봉주,기타법인,131111-0222883,129-86-28638,"서울특별시 마포구 매봉산로 45 21층 (상암동, KBS미디어센터)", ,,"영화, 비디오물 및 방송프로그램 제작 관련 서비스업",2008-12-29,12월
(주)엠서클,mcircle,엠서클, ,김승수,기타법인,110111-2054297,120-86-10499,"서울특별시 강남구 봉은사로114길 12 지하1층, 6층 (삼성동, 대웅제약빌딩)",www.mcircle.co.kr,,데이터베이스 및 온라인정보 제공업,2000-08-23,12월
엠스퀘어글로벌주식회사,MSQUARE GLOBAL,엠스퀘어글로벌, ,최병호,기타법인,110111-8214051,117-86-02275,"서울특별시 송파구 송파대로 167 (문정동, 문정역테라타워) A동 917호", ,,컴퓨터시스템 통합 자문 및 구축 서비스업,2022-02-28,12월
주식회사 엠스토리허브,"Mstoryhub Co.,Ltd",엠스토리허브, ,이기수,기타법인,110111-5753440,851-81-00130,"서울특별시 금천구 벚꽃로 298 (가산동, 대륭포스트타워6차) 608호,708호", ,,만화 출판업,2015-06-16,12월
(주)엠쓰리모바일,MOBILE COMPIA,엠쓰리모바일, ,조성제,기타법인,110111-1991424,114-81-99719,"서울특별시 광진구 구의강변로 44 (구의동, 남전빌딩)", ,,무선 및 위성 통신업,2000-06-08,12월
주식회사 엠쓰리시스템즈,M3systems,엠쓰리시스템즈, ,김인한,기타법인,134511-0553386,221-88-02146,경상북도 포항시 남구 연일읍 연일로145번길 72 (오천리),m3.co.kr,,응용 소프트웨어 개발 및 공급업,2021-12-13,12월
주식회사 엠씨글로벌,"MCGlobal,Inc.",엠씨글로벌, ,조충희,기타법인,110111-0890784,116-81-37704,서울특별시 마포구 대흥동 469 벤처비즈니스센타 2층,www.mcglo.com,,시스템 소프트웨어 개발 및 공급업,1992-09-22,12월
(주)엠씨앤,"MCN CO.,LTD",엠씨앤, ,정지원,기타법인,180111-0216647,604-81-32977,부산광역시 부산진구 개금1동 196번지 개금석천 빌딩 2층,www. djn. co. kr,,시스템 소프트웨어 개발 및 공급업,1996-10-23,12월
(주)엠씨에스텍,MCST,엠씨에스텍, ,우희탁,기타법인,110111-1149205,116-81-52044,"서울특별시 영등포구 영신로 220 (영등포동8가, KnK디지털타워) 1602호",www.mcst.co.kr,,컴퓨터시스템 통합 자문 및 구축 서비스업,1995-05-01,12월
(주)엠씨케이퍼블리싱,MCK Publishing,엠씨케이퍼블리싱, ,신소희,기타법인,110111-1743685,211-86-54814,서울특별시 서초구 잠원동 41-11 삼덕빌딩, ,,"신문, 잡지 및 정기간행물 출판업",1999-07-27,12월
엠아이 주식회사,MI,엠아이, ,이정희,기타법인,110111-3906728,220-87-67042,서울특별시 용산구 한강대로7길 9-10 (한강로3가), ,,방송 프로그램 제작업,2008-05-30,12월
엠아이큐브솔루션 주식회사,"MICUBE SOLUTION, INC.",엠아이큐브솔루션,373170,"박문원, 조영택",코스닥시장,110111-3292086,106-86-38166,서울특별시 서초구 효령로55길 23 3~5층 &nbsp,www.micube.co.kr,,시스템 소프트웨어 개발 및 공급업,2005-08-23,12월
(주)엠아이티마스,"MITMAS CO.,LTD.",엠아이티마스, ,김학원,기타법인,110111-2832924,106-86-21796,"서울특별시 용산구 한강대로62길 61 (용산동3가, 신우빌딩) 2,3,4층",www.mitmas.com,,"컴퓨터 프로그래밍, 시스템 통합 및 관리업",2003-08-01,12월
엠앤디정보기술주식회사,M&D Information Teck,엠앤디정보기술, ,박영선,기타법인,110111-1338725,220-81-40717,서울특별시 강남구 수서동 미씨2000오피스텔,http://mndimfo.com,,컴퓨터시스템 통합 자문 및 구축 서비스업,1996-11-08,12월
엠앤비닷컴(주),m&b.com,엠앤비닷컴, ,이강희,기타법인,110111-1952385,120-86-04527,서울특별시 중구 순화동중앙문화센터빌딩 5층,www.patzzi.com,,시스템 소프트웨어 개발 및 공급업,2000-04-26,12월
(주)엠앤씨넷미디어,M&C Net Media,엠앤씨넷미디어, ,김영민,기타법인,110111-4425123,117-81-73697,"충청북도 청주시 흥덕구 오송읍 오송생명5로 305 (만수리) 204, 205호", ,,위성 및 기타 방송업,2010-08-31,12월
(주)엠앤와이즈,MNWISE,엠앤와이즈, ,조종철,기타법인,131111-0124724,129-81-76983,"서울특별시 구로구 디지털로 243 (구로동, 지하이시티) 601~605호", ,,시스템 소프트웨어 개발 및 공급업,2004-09-20,12월
(주)엠엔씨마루,MNCMARU Corp,엠엔씨마루, ,조용욱,기타법인,110111-4276550,105-87-41063,"서울특별시 성동구 성수일로 55 (성수동1가, SK테크노빌딩) 608호",www.mncmaru.com,,"컴퓨터 프로그래밍, 시스템 통합 및 관리업",2010-02-02,12월
(주)엠엔엘,"M&L Co., Ltd.",엠엔엘, ,조용준,기타법인,110111-2121575,215-86-00834,서울특별시 송파구 신천동 대한제당건물 8층, ,,시스템 소프트웨어 개발 및 공급업,2000-12-01,12월
주식회사 엠엔티,"M&T Co.,Ltd.",엠엔티, ,최제헌,기타법인,110111-5903318,898-81-00236,"서울특별시 강남구 선릉로 703 10층 (논현동, HSTOWER)",mntcompany.co.kr,,응용 소프트웨어 개발 및 공급업,2015-11-30,12월
(주)엠엠시네마,MMC (MY MEGAPLEX CINEMBS),엠엠시네마, ,강대진,기타법인,110111-1803851,201-81-26392,서울특별시 중구 을지로6가 거평프레야 10층,www.immc.co.kr,,영화관 운영업,1999-11-06,12월
주식회사 엠오디,MOD Inc,엠오디, ,이병주,기타법인,110111-4721232,211-88-68438,"서울특별시 송파구 새말로 125 (문정동, 어은회관)3층 302호",www.modtv.co.kr,,데이터베이스 및 온라인정보 제공업,2011-11-03,12월
주식회사 엠오에스,"MOS Co.,Ltd",엠오에스, ,"정진관, 정세영",기타법인,135811-0131151,135-81-87919,경기도 용인시 처인구 양지면 학촌로 32 (양지리), ,,"컴퓨터 프로그래밍, 시스템 통합 및 관리업",2006-10-02,12월
(주)엠웍스,MWORKS CO. LTD.,엠웍스, ,마종범,기타법인,110111-1569429,105-81-94200,서울특별시 금천구 가산디지털1로 88 1003 1004호(가산동),www.mworks.co.kr,,컴퓨터시스템 통합 자문 및 구축 서비스업,1998-07-25,12월
주식회사 엠제이씨네,MJ cine,엠제이씨네, ,김원식,기타법인,140111-0030574,221-81-27226,강원도 춘천시 죽림동 브라운 5번가 6동,www.primuscinema.com,,영화관 운영업,2006-02-13,12월
주식회사 엠지데이터시스템,MGDATASYSTEM,엠지데이터시스템, ,박도형,기타법인,110111-7651808,366-87-01915,"서울특별시 강서구 공항대로 390 7층 (화곡동, 새마을금고아이티센터)",www.mgdatasystem.co.kr,,"컴퓨터 프로그래밍, 시스템 통합 및 관리업",2020-10-16,12월
(주)엠지디,MGD,엠지디, ,윤여환,기타법인,110111-1859242,211-86-89502,서울특별시 강남구 역삼동 836-23 2f,www.agibank.com,,데이터베이스 및 온라인정보 제공업,2000-01-21,12월
(주)엠커머스,"M.Commerce Co., Ltd.",엠커머스, ,이상우,기타법인,110111-1882897,220-81-77892,서울특별시 서대문구 충정로3가 227-1 우리빌딩 3층,www.mcome.com,,시스템 소프트웨어 개발 및 공급업,2000-02-18,12월
(주)엠케이픽처스,"MKPICTURES CO.,LTD.",엠케이픽처스, ,이은,기타법인,110111-3823542,101-86-37139,서울특별시 종로구 필운동 85, ,,영상ㆍ오디오 기록물 제작 및 배급업,2008-01-04,12월
(주)엠코어컴퍼니,"Mcore Company Co., Ltd.",엠코어컴퍼니, ,전정훈,기타법인,110111-4938928,119-86-60422,"서울특별시 금천구 가산디지털1로 168 B동 401호(가산동, 우림라이온스밸리)",mcorecompany.com/,,컴퓨터 프로그래밍 서비스업,2012-08-14,12월
엠콘텐츠랩스 주식회사,M.Contens LABS Corp.,엠콘텐츠랩스, ,"김환철, 신동운",기타법인,110111-6540755,342-81-01014,"서울특별시 강남구 강남대로 308 12층(역삼동, 랜드마크타워)", ,,일반 서적 출판업,2017-10-18,12월
주식회사 엠큐닉,"MQNIC Co.,Ltd.",엠큐닉, ,유승모,기타법인,110111-5729805,450-88-00071,서울특별시 서초구 양재천로19길 42 (양재동) 세련빌딩,www.mqnic.com,,시스템 소프트웨어 개발 및 공급업,2015-05-21,12월
엠큐브웍스(주),"McubeWorks, Inc.",엠큐브웍스, ,구준모,기타법인,110111-2002395,109-81-64713,서울특별시 강남구 대치3동 미래와사람빌딩 8층, ,,소프트웨어 개발 및 공급업,2000-06-21,12월
주식회사 엠탑,MTOP,엠탑, ,송홍하,기타법인,110111-2468828,114-86-18841,서울특별시 서초구 방배4동 856∼869 시스폴빌딩 9층,www.mtopi.com,,유선 방송업,2002-03-13,12월
주식회사 엠텍크루,"MTECHCREW, INC.",엠텍크루, ,권성일,기타법인,110111-6020278,896-86-00370,"서울특별시 강남구 영동대로96길 20 3층 (삼성동, 대화빌딩)", ,,자료 처리업,2016-04-01,12월
주식회사 엠투소프트,"M2Soft co.,Ltd",엠투소프트, ,전승민,기타법인,110111-2276049,214-86-85183,서울특별시 성동구 성수이로7길 27 서울숲코오롱디지털타워2차7층,www.m2soft.co.kr,,응용 소프트웨어 개발 및 공급업,2001-07-02,12월
주식회사 엠투에스크리에이티브,M2S Creative Corporation,엠투에스크리에이티브, ,문지명,기타법인,110111-6269561,331-87-00512,"서울특별시 강남구 언주로 415 3층(역삼동, 유일빌딩)", ,,게임 소프트웨어 개발 및 공급업,2016-12-23,12월
(주)엠트렉,"Mtrack Co.,Ltd.",엠트렉, ,임승일  남현승,기타법인,110111-2054940,211-86-65344,"서울특별시 강남구 논현동 118-5 하나빌딩 3,4층",www.mtrack.co.kr,,데이터베이스 및 온라인정보 제공업,2000-08-23,12월
(주)엠티데이타,"MTDATA Co., Ltd.",엠티데이타, ,옥정원,기타법인,110111-3821215,215-87-11279,"경기도 성남시 분당구 판교로255번길 9-22 514호(삼평동, 우림더블유시티)", ,,컴퓨터시스템 통합 자문 및 구축 서비스업,2008-01-10,12월
(주)엠티씨엔씨,"MTC&C. Co.,LTD",엠티씨엔씨, ,이영재,기타법인,110111-2538621,117-81-39762,서울특별시 강남구 역삼2동 706 ~13 윤익빌딩 7층,www.mtcnc.co.kr,,시스템 소프트웨어 개발 및 공급업,2002-06-01,12월
(주)엠티티,"MTT CO.,LTD.",엠티티, ,문성진,기타법인,180111-0325349,606-81-27937,부산광역시 사상구 모라동 655-9 성원빌딩 2층,http://www.webmtt.com,,시스템 소프트웨어 개발 및 공급업,2000-06-01,12월
(주)엠파크,"M Park Co., Ltd",엠파크, ,김남렬,기타법인,180111-0521111,602-81-36583,경상남도 거제시 신현읍 고현리 961-57, ,,영화관 운영업,2005-05-27,12월
엠퍼포먼스시스템 주식회사,"M Performance System Co., Ltd.",엠퍼포먼스시스템, ,이동현,기타법인,110111-6705903,553-88-00948,"서울특별시 영등포구 여의대방로67길 21 9층 923호(여의도동, 정곡빌딩)", ,,시스템 소프트웨어 개발 및 공급업,2018-04-02,04월
(주)엠펙솔루션,"MPEG Solutions Co., Ltd.",엠펙솔루션, ,신재섭,기타법인,110111-1892622,120-86-00797,서울특별시 강남구 역삼동 733-22 동훈빌딩 5층,www.mpegsolutions.com,,시스템 소프트웨어 개발 및 공급업,2000-03-06,12월
(주)엠플레이,Mplay Corporation,엠플레이, ,김정주,기타법인,110111-1639404,220-81-57784,서울특별시 강남구 역삼동 696-34번지 인포스톰빌딩,www.mplay.com,,게임 소프트웨어 개발 및 공급업,1999-01-25,12월
주식회사 엠플레이게임즈,Mplaygames Corporation,엠플레이게임즈, ,강신철,기타법인,110111-3310656,220-87-16558,서울특별시 강남구 역삼동 696-34 인포스톰빌딩, ,,게임 소프트웨어 개발 및 공급업,2005-09-21,12월
주식회사 엠피언,MPION,엠피언, ,김흥조,기타법인,110111-2426579,220-86-28815,"서울특별시 성동구 왕십리로 58 (성수동1가, FORHU) 902호", ,,무선 및 위성 통신업,2002-01-19,12월
주식회사 엠피에스인베스트,MPS Invest,엠피에스인베스트, ,권현기,기타법인,110111-7282140,889-81-01639,"서울특별시 서초구 강남대로101안길 41 2층(잠원동, 닛시빌딩)",mpsinv.co.kr/,,위성 및 기타 방송업,2019-11-05,12월
엠피온주식회사,"MPEON CO.,LTD.",엠피온, ,강남국,기타법인,110111-2134867,220-86-02703,서울특별시 강남구 역삼동 705-19 동아신용금고빌딩 14층,www.mpeon.com,,시스템 소프트웨어 개발 및 공급업,2000-12-22,12월
엠헨즈,MHENZ,엠헨즈, ,문상수,기타법인,135311-0004142,123-81-54884,서울특별시 서초구 서초3동 1582-12 문현빌딩 5층,www.security.com,,시스템 소프트웨어 개발 및 공급업,2000-02-28,02월
(주)엣데이터,"ATDATA CO., LTD",엣데이터, ,임정철,기타법인,110111-1556484,101-81-45139,"서울특별시 성동구 성수일로8길 5 A동 2001호 (성수동2가, 서울숲SKV1TOWER)",www.atdata.co.kr,,시스템 소프트웨어 개발 및 공급업,1998-06-17,12월
주식회사 여기어때컴퍼니,GC Company Corp.,여기어때컴퍼니, ,정명훈,기타법인,110111-5845338,742-86-00224,"서울특별시 강남구 봉은사로 479 479타워,11층(삼성동)",https://www.gccompany.co.kr,,포털 및 기타 인터넷 정보매개 서비스업,2015-09-21,12월
주식회사 여보야,inforex inc.,여보야, ,박진,기타법인,200111-0103633,409-81-49209,"광주광역시 서구 상무대로 773 (치평동, 세정아울렛) 4층 413-417호",www.inforex.co.kr,,데이터베이스 및 온라인정보 제공업,1999-08-20,12월
여수문화방송(주),YEOSU MUNHWA BROADCASTING CORPORATION,여수문화방송, ,이호인,기타법인,204711-0000156,417-81-00129,"전라남도 여수시 문수로 135 (문수동, 여수문화방송)",www.ysmbc.co.kr,,지상파 방송업,1970-08-27,12월
여원미디어(주),"YEOWONMEDIA CO., LTD.",여원미디어, ,김동휘,기타법인,110111-2466781,214-87-40859,"경기도 파주시 회동길 130 (문발동, 탄탄스토리하우스)",www.tantani.com,,일반 서적 출판업,2003-09-01,12월
(주)연무기술,YeonmuTech Inc,연무기술, ,박재용,기타법인,160111-0080202,314-81-25419,"대전광역시 유성구 대덕대로590번길 11-14 (도룡동, (주)연무기술)",www.yeonmu.com,,컴퓨터시설 관리업,1999-03-30,12월
주식회사 연일커뮤니케이션,Yeonil Communication,연일커뮤니케이션, ,이현희,기타법인,110111-2337403,106-86-03522,서울특별시 마포구 대흥동 433-2 한상빌딩 2층 , ,,통신 재판매업,2001-09-20,12월
(주)연합뉴스,YONHAP NEWS AGENCY,연합뉴스, ,황대일,기타법인,110111-0285703,102-81-23273,"서울특별시 종로구 율곡로2길 25 (수송동, 연합뉴스빌딩)",www.yna.co.kr,,뉴스 제공업,1980-12-19,12월
주식회사 연합뉴스티브이,"Yonhapnews TV Co.,Ltd",연합뉴스티브이, ,안수훈,기타법인,110111-4556655,101-86-62619,서울특별시 종로구 율곡로2길 25 (수송동)연합뉴스빌딩, ,,프로그램 공급업,2011-03-15,12월
(주)연합인더시네마타워,"youn hab in the cinema tower co., ltd.",연합인더시네마타워, ,권명복,기타법인,134111-0159976,138-81-43787,경기도 안양시 동안구 관양동 1502-6 아이퍼스트 7층, ,,영화관 운영업,2007-11-07,12월
(주)연합인포맥스,YONHAP INFOMAX,연합인포맥스, ,"성기홍, 최기억",기타법인,110111-1986441,101-81-58798,"서울특별시 종로구 율곡로2길 25 (수송동, 연합뉴스빌딩)10층",www.einfomax.com,,데이터베이스 및 온라인정보 제공업,2000-06-01,12월
(주)연흥,Youn Hung co.ltd,연흥, ,김현숙,기타법인,181211-0023015,620-81-07470,울산광역시 중구 성남동 251-8, ,,영화관 운영업,1993-02-16,12월
(주)연흥개발,Yeonhung Development.co,연흥개발, ,이신근,기타법인,110111-0424806,101-81-22626,충청북도 음성군 삼성면 범말길 49 (대사리), ,,기타 정보기술 및 컴퓨터운영 관련 서비스업,1986-06-13,12월
연희정보통신(주),"Yon-Hi Information Communication Co., Ltd.",연희정보통신, ,박봉규,기타법인,110111-0244816,106-81-12249,서울특별시 강남구 논현동 6-13,www.yonhi.co.kr,,시스템 소프트웨어 개발 및 공급업,1979-04-09,12월
(주)열린기술,Yullin Technologies,열린기술, ,박준호,기타법인,131111-0032258,129-81-24393,"서울특별시 강남구 논현로79길 47 6층 (역삼동, 열린기술빌딩)",www.yullin.com,,응용 소프트웨어 개발 및 공급업,1998-02-01,12월
(주)열린책들,The Open Books Co.,열린책들, ,홍지웅,기타법인,110111-2676835,101-81-90181,경기도 파주시 문발로 253 (문발동),www.openbooks.co.kr,,서적 출판업,1986-01-07,12월
열림마케팅정보주식회사,"OPEN MARKETING INFORMATION CO., LTD.",열림마케팅정보, ,양평봉,기타법인,110111-1678733,214-86-32027,서울특별시 광진구 구의동 테크노마트 2410,www.omi.co.kr,,데이터베이스 및 온라인정보 제공업,1999-04-10,12월
(주)열심히커뮤니케이션즈,yulshimhee communications,열심히커뮤니케이션즈, ,장승웅,기타법인,110111-3848532,120-87-25140,"서울특별시 강남구 테헤란로 443 (삼성동, 애플트리타워)13층",www.keencomms.com,,데이터베이스 및 온라인정보 제공업,2008-02-11,12월
주식회사 영교,YOUNG KYO,영교, ,조은상,기타법인,110111-0426464,105-81-72133,서울특별시 동작구 신대방동 395-70 전문건설회관 20층,youngkyo.co.kr,,서적 출판업,1986-05-08,12월
(주)영구문화아트,young gu Munhwa ART,영구문화아트, ,심형래,기타법인,110111-1814808,107-81-72731,서울특별시 영등포구 양평도 3가 47,younggu-art.com,,일반 영화 및 비디오물 제작업,1999-11-24,12월
주식회사 영구크린,09Clean Inc.,영구크린, ,임한명,기타법인,131111-0206473,129-86-19522,"경기도 성남시 수정구 성남대로 1540 (복정동, 영구크린빌딩)",www.09clean.com,,데이터베이스 및 온라인정보 제공업,2008-03-20,12월
영남방송영주총국(주),YoungNam YoungJu Cable TV Network,영남방송영주총국, ,이원희,기타법인,175611-0004156,512-81-06812,경상북도 영주시 하망동 578, ,,유선 방송업,2000-01-07,12월
영남방송예천총국(주),YoungNam YeChun Cable TV Network,영남방송예천총국, ,이원희,기타법인,175511-0001849,512-81-07048,경상북도 예천군 예천읍 남본리 246-17, ,,유선 방송업,2000-04-12,12월
주식회사 영남일보,The Yeongnam Ilbo,영남일보, ,배성로,기타법인,170111-0000977,502-81-25414,대구광역시 동구 신천동 111번지,www.yeongnam.com,,신문 발행업,1945-10-11,12월
(주)영림원소프트랩,"YoungLimWon SoftLab. Co., Ltd.",영림원소프트랩,060850,권영범,코스닥시장,110111-0944036,220-81-23474,서울특별시 강서구 양천로 583 우림블루나인비즈니스센터 A동 23층,ksystem.co.kr,,시스템 소프트웨어 개발 및 공급업,1993-05-22,12월
영산정보통신, ,영산정보통신, ,유문선,기타법인,110111-0788228,213-81-44151,서울특별시 서초구 반포4동 59-4 송원빌딩4층,www.youngsan.co.kr,,시스템 소프트웨어 개발 및 공급업,1991-07-01,12월
(주)영실시스템,"youngsill system co., ltd.",영실시스템, ,김의권,기타법인,110111-1398068,211-86-20949,서울특별시 강남구 신사동 541-19 선광빌딩 4층,www.youngsill.com,,컴퓨터시스템 통합 자문 및 구축 서비스업,1989-02-01,12월
주식회사 영진닷컴,"Youngjin.com,Inc",영진닷컴, ,김길수,기타법인,110111-3667643,120-87-14492,서울특별시 마포구 마포동 금호전기빌딩 418-1 3층,www.youngjin.com,,서적 출판업,2007-04-27,12월
(유)영컨설팅,YOUNG CONSULTING,영컨설팅, ,전성희,기타법인,110114-0025632,211-86-34292,"서울특별시 구로구 경인로 662 (신도림동, 디큐브시티)", ,,일반 서적 출판업,1994-11-22,06월
주식회사 영화사두둥,Doodoong pictures,영화사두둥, ,오승현,기타법인,110111-5901461,243-87-00234,"서울특별시 중구 퇴계로 189 (필동1가, 동화빌딩) 506호", ,,"영화, 비디오물 및 방송프로그램 제작 관련 서비스업",2015-11-25,12월
주식회사 영화사봄,BOMFILM,영화사봄, ,오정완,기타법인,110111-1650426,120-81-86640,서울특별시 강남구 논현로157길 15 (신사동) 조양빌당3층,http;//www.filmbom.com,,일반 영화 및 비디오물 제작업,1999-02-12,12월
(주)영화사 비단길,BIDANGIL PICTURES,영화사비단길, ,윤인범 김수진,기타법인,110111-3165423,220-87-04090,"서울특별시 강남구 역삼로 220 5층 (역삼동, 홍성빌딩)", ,,일반 영화 및 비디오물 제작업,2005-01-25,12월
(주)영화사심플렉스,simplex,영화사심플렉스, ,임지영,기타법인,110111-5410850,206-86-90439,"서울특별시 마포구 새창로 11 (도화동) 1225호 (도화동,공덕빌딩", ,,일반 영화 및 비디오물 제작업,2014-05-09,12월
주식회사 영화사월광,moonlight film,영화사월광, ,장세정,기타법인,110111-4843820,211-88-76393,서울특별시 강남구 도산대로85길 29, ,,"영화, 비디오물 및 방송프로그램 제작업",2012-04-13,12월
(주)영화사집,ZIP CINEMA ,영화사집, ,이유진,기타법인,110111-3361708,211-87-74909,서울특별시 강남구 학동로31길 24 (논현동) 푸름빌딩 4층,https://zipcine.modoo.at/,,일반 영화 및 비디오물 제작업,2005-12-23,12월
영화사 청어람 주식회사,Chungeorahm Film,영화사청어람, ,최용배,기타법인,110111-2385957,201-81-69315,서울특별시 강남구 신사동 20-17 제일빌딩2층,www.cerfilm.com,,일반 영화 및 비디오물 제작업,2001-11-28,12월
영화사 파랑새(주),BLUEBIRD FILM CO.LTD,영화사파랑새, ,이홍주,기타법인,110111-3260025,120-86-83589,서울특별시 강남구 대치동 905-19 시상빌딩 601호, ,,일반 영화 및 비디오물 제작업,2005-07-01,12월
영화사풍년상회(주),GOOD HARVEST,영화사풍년상회, ,박미희,기타법인,110111-2924119,211-87-43629,서울특별시 강남구 역삼동748-15 중평빌딩6층,goodharvest.co.rk,,"영화, 비디오물 및 방송프로그램 제작 관련 서비스업",2003-12-30,12월
주식회사 영화사필름몬스터,FILMONSTER,영화사필름몬스터, ,김용기,기타법인,110111-6245454,287-87-00739,서울특별시 강남구 테헤란로34길 5 용빌딩 3층 (역삼동), ,,"영화, 비디오물 및 방송프로그램 제작 관련 서비스업",2016-12-01,12월
(주)영화사휘파람,Film whistle Inc.,영화사휘파람, ,김희욱,기타법인,110111-1232464,213-86-19114,서울특별시 강남구 도곡동 413-4 동운빌딩 B1, ,,일반 영화 및 비디오물 제작업,1996-01-16,12월
(주)영화조세통람,"Young Wha Jose Tongram Co., LTD",영화조세통람, ,서동혁,기타법인,110111-1356222,203-81-63108,서울특별시 중구 동호로14길 5-6 (신당동),www.taxnet.co.kr,,서적 출판업,1997-01-01,12월
주식회사 영환산업,young hwan,영환산업, ,조문환,기타법인,134111-0413851,757-87-00112,경기도 안양시 만안구 예술공원로 69 (안양동) 3층,wx15051115.kodsys.kr/,,"컴퓨터 프로그래밍, 시스템 통합 및 관리업",2015-06-20,12월
예당미디어(주),Yedang Media Corporation,예당미디어, ,석광인,기타법인,110111-3159054,214-87-65369,서울특별시 서초구 서초동 1580-3 찬우빌딩, ,,프로그램 공급업,2005-01-26,12월
(주)예당에이엔씨,yedang A&C,예당에이엔씨, ,구제모,기타법인,180111-0457291,607-81-66461,서울특별시 서초구 서초동1563-10 예당빌딩 1층, ,,프로그램 공급업,2003-10-10,12월
(주)예당컴퍼니,"YEDANG COMPANY CO., LTD.",예당컴퍼니,049000,대표이사 김선욱,기타법인,110111-0898423,105-81-55599,서울특별시 서초구 반포대로20길 29 예당빌딩 (서초동),www.yedang.co.kr,,음악 및 기타 오디오물 출판업,1992-10-28,12월
(주)예람,yeram,예람, ,강사돈,기타법인,160111-0104234,305-81-40342,대전광역시 중구 동서대로1304번길 33 예람빌딩 5층 (오류동),www.yeram.co.kr,,데이터베이스 및 온라인정보 제공업,2000-09-15,12월
(주)예림당,"YeaRimDang Publishing Co., Ltd.",예림당,036000,나성훈,코스닥시장,110111-0611693,107-81-50227,"서울시 성동구 아차산로 153 (성수동2가, 예림출판문화센터)",yearim.co.kr,,일반 서적 출판업,1989-02-22,12월
주식회사 예림당,"Yearimdang Publishing Co.,Ltd.",예림당, ,나성훈,기타법인,110111-0819255,120-81-66023,서울특별시 강남구 삼성동 153-3,www.yearim.co.kr,,서적 출판업,1991-11-28,06월
예스닉(주),"YesNic co.,Ltd",예스닉, ,이청종,기타법인,110111-1844235,120-81-97545,서울특별시 강남구 역삼동 740-3 서북빌딩,www.yesnic.com,,데이터베이스 및 온라인정보 제공업,2000-01-07,12월
예스닉,Yesnic,예스닉, ,정지훈,기타법인,110111-2223587,120-86-25589,경기도 과천시 과천대로7나길 34 5층 일부호(갈현동),yesnic.com,,정보서비스업,2001-04-04,12월
예스소프트(주),"YesSoft Co., Ltd.",예스소프트, ,고재술,기타법인,110111-1892094,220-81-78945,서울특별시 강남구 역삼동 823-21 대공빌딩 608호,http://www.info33.com,,시스템 소프트웨어 개발 및 공급업,2000-02-28,12월
예스캠프닷컴,yescamp,예스캠프닷컴, ,남석진,기타법인,121111-0053040,130-81-67446,서울특별시 용상구 한강로 3가 63-70,yescamp.com,,시스템 소프트웨어 개발 및 공급업,1996-10-14,12월
(주)예스컴,YESCOMM,예스컴, ,함기석,기타법인,110111-3090498,120-86-72933,서울특별시 강남구 논현동 241-7 상경빌딩 10층, ,,소프트웨어 개발 및 공급업,2004-09-23,12월
(주) 예스텔,YESTEL Corp.,예스텔, ,민택주,기타법인,110111-1830515,109-81-61676,서울특별시 강서구 화곡2동 886-8,www.yestel.co.kr,,게임 소프트웨어 개발 및 공급업,2000-01-27,12월
주식회사 예스폼,"YESFORM.CO.,LTD",예스폼, ,이응열,기타법인,110111-2754011,120-86-50680,"서울특별시 성동구 아차산로 49 (성수동1가, 서울숲코오롱디지털타워) 901,902호",www.yesform.com/,,포털 및 기타 인터넷 정보매개 서비스업,2003-04-07,12월
주식회사 예원북스,yewonbooks,예원북스, ,예경원,기타법인,285011-0465571,416-87-01961,"서울특별시 구로구 디지털로31길 38-9 (구로동, 에이스테크노타워1차)", ,,기타 인쇄물 출판업,2021-02-25,12월
(주)예인정보,"YEIN INFORMATION Co., Ltd.",예인정보, ,조기원,기타법인,110111-1233785,207-81-44710,서울특별시 종로구 명륜2가 41-4 동원빌딩 6층,www.yein.co.kr,,시스템 소프트웨어 개발 및 공급업,1996-01-18,12월
주식회사 예전미디어,yejeon media ,예전미디어, ,방극균,기타법인,110111-1302051,105-81-80706,서울특별시 마포구 서교동 347-18 윤우빌딩 지하,www.yjmusic.co.kr,,음악 및 기타 오디오물 출판업,1996-07-26,12월
예지정보기술 주식회사,Yeji Information Technology Co. Ltd,예지정보기술, ,권주현,기타법인,110111-1527162,116-81-67682,서울특별시 구로구 구로3동 170-5 우림 E-Biz Center 1014호,www.yejitech.co.kr,,시스템 소프트웨어 개발 및 공급업,1998-03-25,12월
주식회사옐로쇼핑미디어,Yello Shopping Media inc.,옐로쇼핑미디어, ,최성우,기타법인,110111-5670983,786-81-00082,"서울특별시 강남구 도산대로 139 4층 에이타워(신사동, 제이타워)",www.coocha.co.kr,,포털 및 기타 인터넷 정보매개 서비스업,2015-03-19,12월
주식회사 옐로오투오그룹,Yello O2O Group Inc.,옐로오투오그룹, ,최태영,기타법인,110111-4536160,211-88-55608,"서울특별시 강남구 도산대로 139 비동, 5층",www.yelloo2o.com/,,포털 및 기타 인터넷 정보매개 서비스업,2011-03-11,12월
주식회사 옐로우필름,"YELLOW FILM Co.,ltd.",옐로우필름, ,오민호,기타법인,110111-1919369,211-86-93909,서울특별시 강남구 논현동 83-25번지 옐로우빌딩,www.yellowfilm.com/,,광고 영화 및 비디오물 제작업,2000-03-25,12월
(주)오너클랜,"OWNERCLAN CO,LTD.,",오너클랜, ,김기명,기타법인,120111-0616055,122-86-25760,"서울특별시 금천구 가산디지털1로 128 806호(가산동, 에스티엑스브이타워)",www.ownerclan.com/,,소프트웨어 개발 및 공급업,2012-07-01,12월
(주)오뉴이노베이션,OHNEW,오뉴이노베이션, ,지병훈,기타법인,110111-4769000,113-86-55431,"서울특별시 구로구 디지털로26길 61 (구로동, 에이스하이엔드타워2차) 1604호", ,,컴퓨터시스템 통합 자문 및 구축 서비스업,2012-01-05,12월
주식회사 오늘의픽업,"TODAYPICKUP CO.,LTD.",오늘의픽업, ,이창민,기타법인,110111-7534294,322-87-01759,"서울특별시 용산구 만리재로40길 15 (서계동, 1층)", ,,포털 및 기타 인터넷 정보매개 서비스업,2020-06-26,12월
주식회사 오늘의픽업서비스,"ONEULUIPIKEOP SERVICE CO.,LTD.",오늘의픽업서비스, ,이창민,기타법인,110111-7859105,426-86-02179,서울특별시 용산구 백범로79나길 25 지하1층 비101호(원효로1가), ,,포털 및 기타 인터넷 정보매개 서비스업,2021-04-21,12월
오드컨셉 주식회사,Odd Concepts Inc.,오드컨셉, ,김정태,기타법인,110111-4860907,211-88-77392,"서울특별시 강남구 테헤란로19길 5 (역삼동, 동궁빌딩) 삼보빌딩 9층",oddconcepts.kr,,컴퓨터 프로그래밍 서비스업,2012-05-03,12월
주식회사 오디언소리,Audiensori Corporation.,오디언소리, ,김용호,기타법인,110111-4586412,110-81-95098,"서울특별시 마포구 월드컵북로 396 (상암동, 누리꿈스퀘어) 8층", ,,출판업,2011-04-20,12월
주식회사 오랜지랩,"Orange Lab Co.,Ltd",오랜지랩, ,최유진,기타법인,110111-7451208,222-86-01995,"서울특별시 강남구 테헤란로78길 14-8 10층 2호 (대치동, 더원빌딩)",www.hikick.kr,,응용 소프트웨어 개발 및 공급업,2020-04-08,12월
오렌지비즈니스코리아 주식회사,Orange Business Services Korea Limited,오렌지비즈니스코리아, ,정왕진,기타법인,110111-0784721,120-81-08872,"서울특별시 중구 통일로 92 (순화동, 케이지타워)",www.equant.com,,그 외 기타 전기 통신업,1991-06-17,12월
주식회사 오렌지원,orangeone,오렌지원, ,한철수,기타법인,110111-5146801,105-87-87467,"서울특별시 영등포구 은행로 29  805호,806호 (여의도동, 정우빌딩)",www.orange1.kr,,컴퓨터 프로그래밍 서비스업,2013-06-01,12월
(주)오리엔탈인베스트먼트,"Orientalinvestment co.,ltd ",오리엔탈인베스트먼트, ,황인선,기타법인,120111-0673617,131-86-52131,서울특별시 강남구 테헤란로77길 11-19, ,,시스템 소프트웨어 개발 및 공급업,2013-09-01,12월
(주)오리온시네마네트워크,"ORION CINEMA NETWORK,INC",오리온시네마네트워크, ,담철곤,기타법인,131111-0039882,129-81-28540,경기도 성남시 분당구 서현동 266-1,www.onmoviestyle.com,,프로그램 공급업,1999-05-18,12월
오리진필름(주),"ORIGIN FILM Co., Ltd.",오리진필름, ,권소은,기타법인,110111-6444329,506-81-92782,"서울특별시 영등포구 여의대로 8 (여의도동, 여의도파크센터) B동 24층 2401호", ,,"영화, 비디오물 및 방송프로그램 제작업",2017-06-28,12월
오리콘씨앤에스(주),ORICON CINS LTD,오리콘씨앤에스, ,황경선,기타법인,110111-1992795,214-86-64344,서울특별시 강남구 삼성동 145번지 삼하빌딩 2층,www.oriconcns.com,,유선 방송업,2000-07-24,12월
(주)오마이뉴스,ohmynews,오마이뉴스, ,오연호,기타법인,110111-1869910,101-81-53828,서울특별시 마포구 월드컵로14길 42-5,www.ohmynews.com/,,뉴스 제공업,2000-02-22,12월
주식회사 오메가 텐더,OMEGATENDER Co..Ltd.,오메가텐더, ,김상용,기타법인,110111-3089699,107-86-55135,서울특별시 구로구 구로동 212-13 벽산 3차 디지털밸리 11층,www.omegatender.com,,컴퓨터시스템 통합 자문 및 구축 서비스업,2004-10-01,12월
(주)오메가포인트,OMEGA POINT INC.,오메가포인트, ,이충기,기타법인,110111-2032871,114-86-01317,"서울특별시 서초구 강남대로93길 9 (잠원동), 금강헌 3층",www.cmath.co.kr,,교과서 및 학습서적 출판업,2000-07-27,12월
오메가프로젝트홀딩스주식회사,Omega Project Holdings. Co. Ltd.,오메가프로젝트홀딩스, ,요코하마 토요유키,기타법인, ,718-06-00001,일본국 동경도 시부야구 에비스 4 20-3, ,,일반 영화 및 비디오물 제작업,1976-01-24,03월
오모션 주식회사,5Motion.inc,오모션, ,오문석,기타법인,110111-7789328,702-86-02020,"서울특별시 마포구 매봉산로 37 (상암동, DMC산학협력연구센터) 606호",5motion.co.kr,,컴퓨터 프로그래밍 서비스업,2021-02-23,12월
(주)오버데어코리아,"Overdare Korea, Inc.",오버데어코리아, ,박형철,기타법인,110111-8813085,823-87-03186,"서울특별시 강남구 압구정로 152 (신사동, 극동타워), 9층", ,,게임 소프트웨어 개발 및 공급업,2023-12-07,12월
(주)오브라크리에이티브,Obra Creative Inc.,오브라크리에이티브, ,차진경,기타법인,110111-6499803,191-86-00881,서울특별시 마포구 양화진2길 13 3층 (합정동), ,,일반 영화 및 비디오물 제작업,2017-09-21,12월
오브젠 주식회사,OBZEN Inc.,오브젠,417860,"전배문, 유용희",코스닥시장,110111-1955008,120-86-04696,"서울특별시 영등포구 여의대로 14. 12층(여의도동, KT여의도타워)",obzen.com,,응용 소프트웨어 개발 및 공급업,2000-04-28,12월
오븐게임즈 주식회사,Cookie Run Corporation,오븐게임즈, ,배형욱,기타법인,110111-6762268,307-88-00971,"서울특별시 강남구 도산대로 414 8, 9, 10층(청담동)", ,,모바일 게임 소프트웨어 개발 및 공급업,2018-05-28,12월
(주)오비고,Obigo Inc.,오비고,352910,황도연,코스닥시장,110111-2739998,220-86-59870,경기도 성남시 분당구 판교로 338 3층,obigo.com/,,"컴퓨터 프로그래밍, 시스템 통합 및 관리업",2003-03-18,12월
오비에스 경인티브이주식회사,OBS GYEONGIN TV,오비에스경인티브이, ,김학균,기타법인,121111-0149021,130-86-22783,"경기도 부천시 오정구 오정로 233 (오정동, OBS경인TV)",www.obs.co.kr,,지상파 방송업,2006-08-30,12월
주식회사 오산시네마,OSAN CINEMA CO.,오산시네마, ,강영곤,기타법인,115211-0002803,132-81-31191,경기도 오산시 원동 763-21, ,,영화관 운영업,1979-03-21,12월
주식회사 오산씨네마,"Osan Cinema Co.,Ltd",오산씨네마, ,박성오,기타법인,134811-0479734,617-88-01130,"경기도 오산시 원동로 22 (원동) 르마레시티 3,4층", ,,영화관 운영업,2018-12-20,12월
오상자이엘(주),"OSANGJAIEL Co., Ltd ",오상자이엘,053980,"이국래, 김선기(각자 대표이사)",코스닥시장,120111-0083303,122-81-25877,인천 부평구 부평동 604-15,www.osangjaiel.co.kr,,소프트웨어 개발 및 공급업,1993-03-12,12월
(주)오성아이엔씨,OHSUNG  INC,오성아이엔씨, ,권택일,기타법인,110111-1326449,105-81-82515,서울특별시 마포구 합정동 414-3,ohsunginc.com,,컴퓨터시스템 통합 자문 및 구축 서비스업,1996-10-04,12월
주식회사 오세오닷컴,"OSEO Co., Ltd.",오세오닷컴, ,최형두,기타법인,110111-1694094,214-86-33050,서울특별시 강남구 대치동 996-16, ,,데이터베이스 및 온라인정보 제공업,1999-05-10,12월
주식회사 오션드라이브스튜디오,"Ocean Drive Studio, Inc.",오션드라이브스튜디오, ,김희재,기타법인,131111-0570836,791-86-01531,"경기도 성남시 분당구 성남대로331번길 8 (정자동, 킨스타워) 602호",oceandrive.studio/,,시스템 소프트웨어 개발 및 공급업,2019-10-24,12월
오션스주식회사,oceans inc.,오션스, ,도현수,기타법인,110111-6362662,262-88-00547,"서울특별시 강남구 테헤란로4길 28 (역삼동, 송민빌딩) 8층", ,,시스템 소프트웨어 개발 및 공급업,2017-04-03,12월
주식회사 오션정보기술,"Information Technology Co., Ltd.",오션정보기술, ,이종규,기타법인,160111-0249395,305-81-95207,대전광역시 서구 만년로68번길 15-23 3층 오션정보기술,www.ocean-it.co.kr/,,응용 소프트웨어 개발 및 공급업,2008-10-24,03월
주식회사오스카스튜디오,"OHKSA STUDIO CO., LTD",오스카스튜디오, ,"여훈, 문병복",기타법인,110111-4695130,211-88-66328,"서울특별시 강남구 학동로33길 15 3층 (논현동, 근영빌딩)",www.ohska.com,,광고 영화 및 비디오물 제작업,2011-09-27,12월
주식회사 오스카앤컴퍼니,HyunSeung AMC,오스카앤컴퍼니, ,장세미,기타법인,110111-5769562,498-81-00190,"서울특별시 강남구 테헤란로 620 8층 (대치동, 미래에셋타워)", ,,모바일 게임 소프트웨어 개발 및 공급업,2015-07-01,12월
(주)오씨엘솔루션,OCLSolution,오씨엘솔루션, ,최은혁,기타법인,110111-3074517,214-87-58422,서울특별시 송파구 문정동 70-14 형수빌딩 5층,www.ocl-sol.com,,무선 및 위성 통신업,2007-08-27,12월
주식회사 오에이엔터테인먼트,OA Entertainment Inc.,오에이엔터테인먼트, ,박나나,기타법인,110111-8761698,530-88-03001,서울특별시 용산구 이태원로55길 119-16, ,,음악 및 기타 오디오물 출판업,2023-11-07,12월
오엔씨네트웍스(주),ONC Networks,오엔씨네트웍스, ,정회성,기타법인,110111-2013459,215-81-94400,서울특별시 송파구 가락본동 8-2 중앙일보빌딩 6층, ,,기타 정보기술 및 컴퓨터운영 관련 서비스업,2000-07-01,12월
주식회사 오엠오타쿠,OMOTAKU,오엠오타쿠, ,김학규,기타법인,220111-0069683,616-81-70692,제주특별자치도 제주시 노형동 1288-5 501, ,,영화관 운영업,2009-04-01,12월
오오씨주식회사,Open Object Component,오오씨, ,오희택,기타법인,110111-2280602,107-86-02619,서울특별시 강남구 삼성동 159-9 도심공항타워, ,,시스템 소프트웨어 개발 및 공급업,2001-07-06,12월
오오티비 주식회사,OOTB Incorporated,오오티비, ,이현숙,기타법인,110111-8061452,513-87-02301,"서울특별시 마포구 월드컵북로54길 12 6층 (상암동, 디지털매직스페이스)", ,,"영화, 비디오물 및 방송프로그램 제작업",2021-10-20,12월
오지큐 주식회사,OGQ Corp.,오지큐, ,신철호,기타법인,110111-2914558,220-86-76113,"서울특별시 강남구 논현로 164 (도곡동, 튼튼영어빌딩) 10층",www.ogqcorp.com,,포털 및 기타 인터넷 정보매개 서비스업,2003-12-12,12월
오컴퍼니 주식회사,OCOMPANY,오컴퍼니, ,"신철호, 신동훈",기타법인,110111-5762350,655-87-00121,서울특별시 종로구 북촌로 42-9 (가회동), ,,시스템 소프트웨어 개발 및 공급업,2015-06-24,12월
오케스트로 주식회사,OKESTRO,오케스트로, ,"김민준, 김영광",기타법인,110111-6738136,674-88-01017,"서울특별시 영등포구 여의대로 108 43층 (여의도동, 파크원)",www.okestro.com/,,시스템 소프트웨어 개발 및 공급업,2018-05-02,12월
오케스트로 클라우드 주식회사,"OKESTRO CLOUD Co., Ltd.",오케스트로클라우드, ,박소아,기타법인,160111-0698930,631-86-03620,"대전광역시 서구 대덕대로 239 13층(둔산동, 대교빌딩)", ,,시스템 소프트웨어 개발 및 공급업,2024-08-19,12월
오케이데이터시스템 주식회사,OK DATA SYSTEM,오케이데이터시스템, ,최상웅,기타법인,110111-2998833,113-81-90656,"서울특별시 중구 칠패로 42 10층 (봉래동1가, 우리빌딩)",www.okds.co.kr,,정보서비스업,2004-04-22,12월
(주)오케이코리아이십일,OKKOREA21,오케이코리아이십일, ,변동욱,기타법인,110111-1929087,220-81-83389,서울특별시 강남구 역삼동 741-11 융도빌딩,www.okkorea21.com,,데이터베이스 및 온라인정보 제공업,2000-04-03,12월
주식회사 오케이포스,"OKPOS Ltd.,",오케이포스, ,김정윤,기타법인,110111-4002856,220-87-74543,"서울특별시 강남구 테헤란로87길 35 (삼성동, 금강타워3) 10층",www.okpos.co.kr,,컴퓨터 프로그래밍 서비스업,2008-12-01,12월
주식회사 오콘,OCON INC.,오콘, ,김일호,기타법인,110111-1570260,211-86-45130,"경기도 성남시 분당구 판교로 253 (삼평동, 판교이노밸리 에이동",www.ocon.co.kr,,애니메이션 영화 및 비디오물 제작업,1998-08-01,12월
오타스커뮤니케이션즈,OTTAS Communications,오타스커뮤니케이션즈, ,안수한 임경묵,기타법인,180111-0309939,607-81-47917,서울특별시 송파구 가락2동 193-3 광성빌딩,http://www.ottas.com,,유선 방송업,2000-01-05,12월
(주)오토노머스에이투지,AUTONOMOUS A2Z,오토노머스에이투지, ,한지형,기타법인,174811-0094419,282-81-01099,"경상북도 경산시 하양읍 가마실길 50 (부호리), 실습동 201호",www.autoa2z.co.kr/,,시스템ㆍ응용 소프트웨어 개발 및 공급업,2018-07-18,12월
(주)오토데스크코리아,Autodesk Korea Ltd.,오토데스크코리아, ,남기환,기타법인,110111-0890966,220-81-03385,서울특별시 강남구 삼성1동 159-1 아셈타워 17층, ,,시스템 소프트웨어 개발 및 공급업,1992-09-19,01월
오토데이타시스템(주),"Auto data system co.,ltd",오토데이타시스템, ,김응욱,기타법인,174611-0024098,506-81-21803,경상북도 포항시 북구 기계면 내단리 465-7,www.autodata.co.kr,,시스템 소프트웨어 개발 및 공급업,1996-02-02,12월
주식회사 오토브레인,AUTOBRAIN INC,오토브레인, ,최지홍,기타법인,131111-0077014,129-81-51304,"서울특별시 구로구 디지털로34길 27 , 801-5호, 810호(구로동, 대륭포스트타워3차)",https://www.autobrain.net,,시스템 소프트웨어 개발 및 공급업,2002-06-01,12월
(주)오토빌,"AUTOVILL CO.,LTD",오토빌, ,윤은석,기타법인,110111-4753706,119-86-50133,경기도 광명시 능촌1길 5-1 (노온사동),www.autovill.co.kr,,컴퓨터 프로그래밍 서비스업,2011-12-19,12월
(주)오토소프트,AUTOSOFT Inc,오토소프트, ,이남용,기타법인,110111-4750588,215-87-62064,"경기도 용인시 수지구 디지털벨리로 81 (죽전동, 다우기술) 4층", ,,시스템 소프트웨어 개발 및 공급업,2011-12-21,12월
(주)오토피온,autopion inc,오토피온, ,정길성,기타법인,110111-5281821,113-86-78389,"서울특별시 마포구 숭문길 13 (염리동, 한국통신전산지원단) 305호",www.autopionc.com,,소프트웨어 개발 및 공급업,2013-12-05,12월
주식회사 오토핸즈,AutoHands,오토핸즈, ,강귀호,기타법인,110111-5215177,107-88-01180,"서울특별시 영등포구 국회대로70길 19 (여의도동, 대하빌딩), 6층 603호", ,,데이터베이스 및 온라인정보 제공업,2013-10-01,12월
(주)오투,"OTWO Co.,ltd.",오투, ,박상철,기타법인,110111-3426255,113-86-04757,"경기도 안양시 동안구 흥안대로427번길 38 (관양동, 인덕원성지스타위드) 1212호",otwo.kr,,컴퓨터시스템 통합 자문 및 구축 서비스업,2006-04-01,12월
오티아이(주),OTI,오티아이, ,이동하,기타법인,110111-2717366,220-86-57703,"서울특별시 구로구 디지털로26길 123 1605호(구로동, 지플러스타워)",www.oti.co.kr,,컴퓨터시스템 통합 자문 및 구축 서비스업,2003-02-18,12월
(주)오티피멀티솔루션,"OTP Multi-Solution Co.,Ltd",오티피멀티솔루션, ,김성주,기타법인,110111-3347683,220-87-20668,서울특별시 중구 충무로2가 50-20 조양빌딩별관2층,www.multi-solution.co.kr,,컴퓨터시스템 통합 자문 및 구축 서비스업,2005-11-24,12월
(주)오파스넷,"OPASNET co., Ltd.",오파스넷,173130,장수현,코스닥시장,110111-3104661,204-81-88475,"서울특별시 강남구 테헤란로 512 , 10층(대치동, 신안빌딩)",www.opasnet.co.kr,,컴퓨터시스템 통합 자문 및 구축 서비스업,2004-10-25,12월
(주) 오프마이십일,"Offma21.Co.,Ltd.",오프마이십일, ,이익수,기타법인,110111-2494089,214-87-09450,서울특별시 서초구 양재동 209-5 정일빌딩, ,,일반 영화 및 비디오물 제작업,2002-04-10,12월
주식회사 오픈놀,"Openknowl Co.,Ltd.",오픈놀,440320,권인택,코스닥시장,110111-4846056,110-81-99930,서울특별시 영등포구 양평로 2(당산동6가),openknowl.com,,응용 소프트웨어 개발 및 공급업,2012-04-16,12월
(주)오픈베이스,"Openbase, Inc.",오픈베이스,049480,"황철이, 정진섭(각자 대표이사)",코스닥시장,110111-0889836,220-81-29255,"서울특별시 서초구  매헌로 16 (양재동, 하이브랜드 리빙관4층)",www.openbase.co.kr,,컴퓨터시스템 통합 자문 및 구축 서비스업,1992-09-16,12월
주식회사 오픈서베이,OPENSURVEY INCORPORATED,오픈서베이, ,황희영,기타법인,110111-4527911,106-86-77081,"서울특별시 강남구 강남대로84길 13 12~15층(역삼동, KR타워)",www.opensurvey.co.kr/,,시스템 소프트웨어 개발 및 공급업,2011-02-11,12월
주식회사 오픈소스컨설팅,OPEN SOURCE CONSULTING,오픈소스컨설팅, ,장용훈,기타법인,110111-4819061,114-86-94359,서울특별시 강남구 테헤란로83길 32 5층, ,,컴퓨터시스템 통합 자문 및 구축 서비스업,2012-03-13,12월
오픈엣지테크놀로지 주식회사,"Openedges Technology, Inc.",오픈엣지테크놀로지,394280,이성현,코스닥시장,131111-0501435,428-81-01002,서울특별시 강남구 역삼로 114 현죽빌딩 12층,www.openedges.com,,소프트웨어 개발 및 공급업,2017-12-06,12월
(주)오픈이앤씨,"OPEN E&C, CO., LTD",오픈이앤씨, ,김용원,기타법인,160111-0073497,314-81-22673,대전광역시 중구 대흥동 499-1 구.시청별관,www.openenc.co.kr,,시스템 소프트웨어 개발 및 공급업,1998-08-18,12월
주식회사 오픈클라우드랩,"open cloud lab Co., Ltd.",오픈클라우드랩, ,김철승,기타법인,110111-3319377,120-86-87590,"서울특별시 강남구 영동대로 517 (삼성동, ASEM및한국종합무역센타단지), 30층",www.openclab.com,,"컴퓨터시스템 통합 자문, 구축 및 관리업",2005-10-10,12월
(주)오픈타운,"OPENTOWN Co., Ltd.",오픈타운, ,권오형,기타법인,110111-1512527,215-81-68315,서울특별시 송파구 송파동 141-2 M&S플라자 3층,http://www.opentown.com,,게임 소프트웨어 개발 및 공급업,1998-02-13,12월
(주)오픈테크,"Opentech Co., Ltd.",오픈테크, ,김광일,기타법인,110111-0889828,220-81-29269,서울특별시 강남구 논현동 82-18 벤처캐슬B/D 3F,www.otech.co.kr,,시스템 소프트웨어 개발 및 공급업,1992-09-18,12월
오픈텍스트코리아 주식회사,"OPENTEXT KOREA CO., LTD",오픈텍스트코리아, ,"무이스제웡, 마두랑가나단, 고든앨런데이비스",기타법인,110111-1799810,104-81-47965,"서울특별시 종로구 종로1길 42 (수송동, 이마빌딩) 8층", ,,시스템ㆍ응용 소프트웨어 개발 및 공급업,1999-10-30,06월
오픈핸즈주식회사,OpenHands,오픈핸즈, ,임왕택,기타법인,131111-0266146,129-86-52327,"서울특별시 송파구 올림픽로35길 123 (신천동, 향군타워)", ,,"컴퓨터 프로그래밍, 시스템 통합 및 관리업",2010-10-15,12월
(주)오피소프트,"OPSOFT Co.,Ltd",오피소프트, ,안철,기타법인,110111-1716070,211-86-53377,서울특별시 강남구 수서동 724 로즈데일빌딩 5층,http//www.opsoft.co.kr,,시스템 소프트웨어 개발 및 공급업,1999-06-17,12월
(주)오피엠에스,OPMS,오피엠에스, ,윤세웅,기타법인,110111-3151224,220-87-03688,서울특별시 강남구 테헤란로7길 12 역삼동 허바허바빌딩 3층, ,,정보서비스업,2005-01-14,12월
주식회사 오피지지,OP.GG,오피지지, ,최상락,기타법인,110111-5647859,295-88-00023,"서울특별시 강남구 삼성로85길 35-6 (대치동) 4층, 5층",www.op.gg/,,컴퓨터 프로그래밍 서비스업,2015-02-23,12월
주식회사 오형제,oh brothers,오형제, ,김추석,기타법인,110111-6228070,153-88-00490,"서울특별시 마포구 매봉산로 45 20층(상암동, KBS미디어센터)", ,,"영화, 비디오물 및 방송프로그램 제작업",2016-11-10,12월
(주)옥천당,OKCHUNDANG,옥천당, ,구성민,기타법인,230111-0152923,620-81-33212,대구광역시 동구 율암로 142 (율암동)옥천당, ,,컴퓨터시설 관리업,2009-03-10,12월
(주)온게임네트워크,On Game Network Inc.,온게임네트워크, ,김성수,기타법인,131111-0046150,129-81-32457,경기도 성남시 분당구 서현동 266-1,www.ongamenet.com,,프로그램 공급업,2000-02-02,12월
(주)온고테크,ongotech,온고테크, ,정석종,기타법인,110111-1655624,211-86-49908,"서울특별시 성동구 성수일로 77 (성수동1가, 서울숲IT밸리) 1107호~1109호",www.ongo.co.kr,,정보서비스업,1999-03-02,12월
(주)온네트엠엔에스,"OnNet MNS co., Ltd.",온네트엠엔에스, ,강종원,기타법인,110111-4061993,120-87-37869,"서울특별시 서초구 서초대로50길 62-9 (서초동, 한림빌딩), 502호", ,,게임 소프트웨어 개발 및 공급업,2009-03-18,12월
주식회사 온누리미디어,"Onnuri Media.Co., Ltd.",온누리미디어, ,김성태,기타법인,110111-4596114,204-86-27551,서울특별시 강남구 도산대로 509 (청담동), ,,영상ㆍ오디오 기록물 제작 및 배급업,2015-12-08,12월
온누리방송(주),"ONNURI CATV CO., LTD.",온누리방송, ,인태오,기타법인,115611-0014884,128-81-32658,경기도 고양시 일산구 덕이동 236-1, ,,유선 방송업,1998-01-31,12월
주식회사 온다,ONDA Inc.,온다, ,오현석,기타법인,110111-6157253,332-87-00460,"서울특별시 강남구 테헤란로83길 49 2,4층(삼성동)", ,,시스템 소프트웨어 개발 및 공급업,2016-08-23,12월
온더아이티,ON THE IT Corporation,온더아이티, ,김범수 이병구,기타법인,110111-1674327,211-86-50948,경기도 성남시 분당구 삼평동 622번지 판교이노밸리 E동 1001호,www.ontheit.com,,컴퓨터 프로그래밍 서비스업,1999-04-01,12월
(주)온라인 잉글리쉬,online english,온라인잉글리쉬, ,박종관,기타법인,110111-1909617,220-81-80607,서울특별시 강남구 역삼동 702-10 아남타워 1818호,http://www.online-english.com,,데이터베이스 및 온라인정보 제공업,2000-03-16,12월
(주)온마인드,On Mind Inc.,온마인드, ,김형일,기타법인,110111-7466231,259-81-01819,서울특별시 서초구 반포대로12길 41 (서초동) 7층, ,,"영화, 비디오물 및 방송프로그램 제작업",2020-04-23,12월
(주)온비넷인터넷방송,"ONBINET.CO.,LTD",온비넷인터넷방송, ,김용하,기타법인,110111-1856967,120-81-98433,서울특별시 강남구 삼성동 158-3 건영B/D 5층,www.onbi.net,,데이터베이스 및 온라인정보 제공업,2000-01-19,12월
(주)온세텔레콤,Onse telecom Corporation,온세텔레콤, ,최호,기타법인,110111-1295892,120-81-64326,경기도 성남시 분당구 구미동 192-2,www.onse.net,,유선 통신업,1996-07-09,12월
온오프코리아 주식회사,"ONOFF KOREA Co., Ltd.",온오프코리아, ,이영우,기타법인,110111-2132689,120-86-15330,서울특별시 구로구 구로3동 212-30 에이스트윈타워2차 13층,www.onoffkorea.com,,데이터베이스 및 온라인정보 제공업,2000-12-01,12월
(주)온타운,"OnTown Co.,LTD",온타운, ,김종서,기타법인,110111-2957889,215-86-53840,서울특별시 송파구 가락동 16-15 3층,www.ontown.co.kr,,"영화, 비디오물 및 방송프로그램 배급업",2004-02-19,12월
주식회사 온페이스,"Onface Co., Ltd.",온페이스, ,김민석,기타법인,110111-6319853,658-86-00521,"서울특별시 구로구 디지털로 288 703호(구로동, 대륭포스트타워1차)",onface.kr,,응용 소프트웨어 개발 및 공급업,2017-02-16,12월
(주)온포스,onfos,온포스, ,이성재,기타법인,110111-3334028,101-86-18898,서울특별시 종로구 창경궁로 285, ,,"신문, 잡지 및 정기간행물 출판업",2005-11-01,12월
(주)올댓케어,All that care,올댓케어, ,채홍주,기타법인,110111-1561912,214-86-24420,서울특별시 광진구 구의동 199-6 우석빌딩 2층,www.herbncare.com,,시스템 소프트웨어 개발 및 공급업,1998-07-02,12월
(주)올라웍스,"Olaworks, Inc.",올라웍스, ,티파니둔실바,기타법인,110111-3374959,220-87-22180,서울특별시 강남구 역삼동 708-33 벤처빌딩 11층, ,,시스템 소프트웨어 개발 및 공급업,2006-01-10,12월
주식회사 올라이츠컴퍼니,Citibit Korea,올라이츠컴퍼니, ,허태영,기타법인,110111-8237558,593-88-02492,"서울특별시 강남구 선릉로 533 (역삼동, 연안이씨빌딩) 2층", ,,데이터베이스 및 온라인정보 제공업,2022-03-23,12월
주식회사 올라핀테크,allra fintech Corp.,올라핀테크, ,김상수,기타법인,135811-0380170,509-86-01645,"서울특별시 중구 을지로 66 13층(을지로2가, 하나금융그룹명동사옥)", ,,시스템 소프트웨어 개발 및 공급업,2019-12-04,12월
(주)올로케이션,Allocation Incorported,올로케이션, ,김세봉,기타법인,110111-4534388,113-86-46140,"서울특별시 구로구 디지털로 271 (구로동, 벽산디지털밸리Ⅲ) 808호",www.allocation.co.kr,,시스템 소프트웨어 개발 및 공급업,2011-02-10,12월
(주)올리브나인,"Olive Nine Co.,Ltd.",올리브나인,052970,임병동,기타법인,110111-1803869,214-86-41604,서울특별시 강남구 논현동 131-10번지 1~5층 ,www.olive9.com,,방송 프로그램 제작업,1999-11-06,12월
(주)올리브스튜디오,"OLIVE STUDIO CO.,LTD",올리브스튜디오, ,김현수,기타법인,110111-3354571,220-87-21181,"서울특별시 금천구 가산디지털1로 171 (가산동, 가산에스케이브이원센터) 717호",www.olivestudios.co.kr,,애니메이션 영화 및 비디오물 제작업,2005-12-06,12월
(주)올리브트리게임즈,Olivetree Games,올리브트리게임즈, ,이창명,기타법인,131111-0078194,344-86-03653,"경기도 성남시 분당구 분당내곡로 117 (백현동, 그레이츠판교(GREITSPANGYO))", ,,게임 소프트웨어 개발 및 공급업,2025-12-11,12월
(주)올림플래닛,OLIM PLANET INC.,올림플래닛, ,권재현,기타법인,110111-5614014,120-88-24298,"서울특별시 강남구 봉은사로 524 인터컨티넨탈 서울 코엑스 201호, 301호(삼성동)",www.olimplanet.com/,,응용 소프트웨어 개발 및 공급업,2015-01-13,12월
(주)올앤지,ALANZE,올앤지, ,박치민,기타법인,131111-0065358,129-81-44628,서울특별시 서초구 양재1동 5-11, ,,시스템 소프트웨어 개발 및 공급업,2001-09-01,12월
(주)올앤탑,ALLnTOP,올앤탑, ,이재석,기타법인,140111-0013900,221-81-17183,강원도 춘천시 후평동 189-59 하이테크벤처타운 멀티동 401호,http://www.topoa.com,,시스템 소프트웨어 개발 및 공급업,2000-08-29,12월
(주)올엠,"ALLM CO., LTD",올엠, ,이종명,기타법인,110111-1974553,119-81-38833,"서울특별시 구로구 디지털로 288 (구로동, 대륭포스트타워1차) 1502호, 1504호",www.allm.co.kr,,게임 소프트웨어 개발 및 공급업,2000-06-01,12월
(주)올인,"all in co., ltd",올인, ,정은경,기타법인,131311-0257323,662-87-01884,경기도 평택시 송탄로 89 205호(장당동), ,,그 외 기타 정보 서비스업,2021-05-13,12월
(주)올텔(ALLTEL),"ALLTEL Co., Ltd",올텔(ALLTEL), ,김원태,기타법인,110111-6018611,258-87-00390,"서울특별시 성동구 상원1길 26 808호 (성수동1가, 서울숲A타워)",www.alltel.co.kr,,통신 재판매업,2016-03-31,12월
(주)올포랜드,"ALLFORLAND CO.,LTD.",올포랜드, ,김병기,기타법인,210111-0045627,402-81-62555,"전라북도 전주시 완산구 아중로 33 202호(중노송동, 문화산업지원센터)",www.all4land.com,,시스템 소프트웨어 개발 및 공급업,2004-12-10,12월
(주)옴니씨앤에스,OMNI C&S Inc.,옴니씨앤에스, ,김용훈,기타법인,110111-5366524,113-86-82660,"서울특별시 구로구 디지털로 288 (구로동, 대륭포스트타워1차) 301호 302호",www.omnicns.com,,응용 소프트웨어 개발 및 공급업,2014-03-18,12월
옴니어스(주),OMNIOUS,옴니어스, ,전재영,기타법인,160111-0404882,417-87-00247,"서울특별시 강남구 도산대로 145 (신사동, 인우빌딩(INWOO)) 12층 1207호",omnicommerce.ai/ko-kr/,,응용 소프트웨어 개발 및 공급업,2015-08-03,12월
주식회사 옴니케어,omnicare Corp.,옴니케어, ,최국보,기타법인,110111-8457130,776-87-02839,"서울특별시 종로구 새문안로5길 19 (당주동, 로얄빌딩)", ,,응용 소프트웨어 개발 및 공급업,2022-10-24,12월
옴니크래프트랩스(주),"TipToe Games, Inc.",옴니크래프트랩스, ,임우열,기타법인,110111-7973806,873-88-02291,"서울특별시 서초구 서초대로38길 12 (서초동, 마제스타시티,힐스테이트서리풀) 9층", ,,게임 소프트웨어 개발 및 공급업,2021-07-28,12월
옵스나우 주식회사,OpsNow Inc.,옵스나우, ,"LEE JOHN HANJOO(이한주), 박승우",기타법인,110111-8664412,499-88-02735,"경기도 성남시 분당구 장미로 36 (야탑동, 분당인터넷통신센터) 2층", ,,기타 정보기술 및 컴퓨터운영 관련 서비스업,2023-06-15,12월
(주)옵티위즈,OPTIWIZ INC.,옵티위즈, ,김영덕,기타법인,110111-1746514,211-86-54930,서울특별시 마포구 공덕2동 제일빌딩 406호,www.optiwiz.co.kr,,데이터베이스 및 온라인정보 제공업,1999-08-03,12월
주식회사 와드,WAD Corp.,와드, ,용태순,기타법인,131111-0465110,614-88-00597,"경기도 성남시 분당구 성남대로331번길 8 (정자동, 킨스타워)",www.catchtable.co.kr,,응용 소프트웨어 개발 및 공급업,2016-12-01,12월
와디즈파이낸스 주식회사,"WADIZ Platform Co., Ltd.",와디즈파이낸스, ,최동철,기타법인,110111-4866658,220-88-37661,"경기도 성남시 분당구 판교로 242 에이동 4층(삼평동, 판교디지털센터)",wadiz.kr,,포털 및 기타 인터넷 정보매개 서비스업,2012-05-01,12월
(주)와우리눅스,"wowlinux.co.,ltd",와우리눅스, ,정수영,기타법인,110111-2007791,120-86-07470,서울특별시 강남구 삼성동 165-14 한호빌딩 1층,http://www.wowlinux.com,,시스템 소프트웨어 개발 및 공급업,2000-06-26,12월
와우프리커뮤니케이션,"Wowfree Communication.,Ltd",와우프리커뮤니케이션, ,최용관,기타법인,110111-1804867,206-81-19144,서울특별시 강남구 삼성동 35-6 종원빌딩 2층,http://www.wowfree.net,,시스템 소프트웨어 개발 및 공급업,1999-11-09,12월
주식회사 와우플래닛코리아,WAW pictures inc.,와우플래닛코리아, ,김주성,기타법인,110111-5509786,261-81-17541,"서울특별시 강남구 도산대로 165 (신사동, 2층 신사힐빌딩)", ,,"영화, 비디오물 및 방송프로그램 배급업",2014-09-05,12월
주식회사 와이낫미디어,"WHYNOT MEDIA Co., Ltd.",와이낫미디어, ,이민석,기타법인,110111-5945237,278-88-00300,"서울특별시 마포구 양화로 45 14층 (서교동, 메세나폴리스)",whynot.video/,,"영화, 비디오물, 방송프로그램 제작 및 배급업",2016-01-13,12월
주식회사 와이넷 컴,"Y-Net Com. Co., Ltd.",와이넷컴, ,장영수,기타법인,110111-1787013,215-81-82049,서울특별시 송파구 문정동 54-5 선우빌딩 404호,www.fashiondome.co.kr,,데이터베이스 및 온라인정보 제공업,1999-10-15,12월
주식회사 와이드넷엔지니어링,"Widenetengineering Co., Ltd",와이드넷엔지니어링, ,이맹훈,기타법인,110111-1670565,119-81-30210,"서울특별시 구로구 새말로18길 52 (구로동, 공간예다인) 5층", ,,무선 및 위성 통신업,1999-03-25,12월
주식회사 와이드모바일,WIDEMOBILE,와이드모바일, ,김만중,기타법인,120111-0341462,121-81-66458,"서울특별시 서대문구 통일로 135 (충정로2가, 충정빌딩) 6층",www.wifidosirak.com,,통신 재판매업,2004-03-18,12월
(주)와이드포스,"Widefos Co.,Ltd.",와이드포스, ,아지마 유키나오,기타법인,110111-2836447,220-86-68836,서울특별시 강남구 대치4동 889-13 금강타워 19층,www.widefos.com,,시스템 소프트웨어 개발 및 공급업,2003-08-07,10월
와이디이앤씨,YDENC,와이디이앤씨, ,염동윤,기타법인,110111-8314059,537-87-02476,"서울특별시 금천구 가산디지털1로 33-33 (가산동, 대륭테크노타운2차)", ,,뉴스 제공업,2022-06-01,12월
주식회사 와이랩,YLAB Corporation,와이랩,432430,심준경,코스닥시장,110111-4474659,105-87-50878,서울특별시 마포구 잔다리로3길 20,ylabcomics.com,,"영화, 비디오물, 방송프로그램 제작 및 배급업",2010-11-12,12월
(주)와이몰,YMALL,와이몰, ,조양규,기타법인,194211-0038209,609-81-39937,경상남도 창원시 대방동 363-1 와이몰,www.ymall.com,,데이터베이스 및 온라인정보 제공업,1999-12-20,12월
와이비네트웍스 주식회사,"YB Network Co.,Ltd.",와이비네트웍스, ,송정범,기타법인,110111-6812435,514-86-00783,"서울특별시 강남구 논현로 726 (논현동, 와이비(YB)빌딩) 4층", ,,응용 소프트웨어 개발 및 공급업,2018-07-13,12월
주식회사 와이비엠,"YBM,INC.",와이비엠, ,허문호,기타법인,110111-0315154,101-81-14655,서울특별시 종로구 종로 104 와이비엠 (종로2가),www.ybm.co.kr,,서적 출판업,1982-04-01,12월
(주)와이비엠교육,"YBM Kyoyuk, Inc.",와이비엠교육, ,화찬권,기타법인,110111-2728115,101-81-92326,"서울특별시 종로구 창경궁로 112-7 (인의동, 인의빌딩) 5층",www.ybmky.co.kr,,서적 출판업,2003-03-01,12월
와이비엠일본어,YBM JAPANESE,와이비엠일본어, ,이동현,기타법인,110111-0750433,220-81-25093,서울특별시 종로구 종로2가 56-15 9층, ,,교과서 및 학습서적 출판업,1991-02-18,12월
(주)와이비엠텍스트,"YBM TEXT, Inc.",와이비엠텍스트, ,"민선식, 장호진",기타법인,110111-4833962,101-86-71059,"서울특별시 종로구 종로 104 (종로2가, YBM)", ,,교과서 및 학습서적 출판업,2012-03-30,12월
주식회사 와이비컴즈,ybcomms,와이비컴즈, ,김태형,기타법인,135811-0249871,124-87-50262,"서울특별시 서초구 서초대로77길 62 (서초동, 강남역IPARK)301호", ,,그 외 기타 정보 서비스업,2016-12-01,12월
주식회사 와이애이치,"YH Co., Ltd.",와이애이치, ,강흑철,기타법인,110111-7565603,783-87-01920,서울특별시 광진구 천호대로 610 5층(능동), ,,음악 및 기타 오디오물 출판업,2020-07-28,12월
(주)와이앤케이파트너스,YNK PARTNERS INC.,와이앤케이파트너스, ,김학준,기타법인,110111-2453936,214-87-06040,서울특별시 서초구 서초동 1499-5, ,,게임 소프트웨어 개발 및 공급업,2002-02-23,12월
주식회사 와이어드,Wired Corp.,와이어드, ,정민철,기타법인,110111-8682175,292-87-02914,서울특별시 강남구 삼성로 715 3층 (청담동),www.wiredcorp.co.kr,,시스템 소프트웨어 개발 및 공급업,2023-07-05,12월
와이어드컴퍼니 주식회사,wiredcompany,와이어드컴퍼니, ,"홍만의, 황봄님",기타법인,110111-6812849,631-87-01013,"서울특별시 강남구 테헤란로 518 (대치동, 한국섬유산업연합회) 13층", ,,정보서비스업,2018-07-16,12월
(주)와이어블,Wiable Corp.,와이어블,065530,"장병권, 김문환(각자대표이사)",코스닥시장,110111-1359630,214-86-12657,서울특별시 송파구 법원로11길 28 BK타워 11층,www.wiable.co.kr,,그 외 기타 전기 통신업,1996-12-30,12월
와이엔비시네마,yanbcinema,와이엔비시네마, ,백선길,기타법인,180111-1115476,435-81-00923,경상남도 김해시 율하2로 111 (율하동),www.cgv.co.kr,,영화 및 비디오물 상영업,2017-09-19,12월
주식회사와이엔엔터테인먼트,"YN Entertainment Co.,Ltd.",와이엔엔터테인먼트, ,여현구,기타법인,134111-0514005,670-88-01145,서울특별시 강남구 도산대로55길 40 (청담동) 4층, ,,데이터베이스 및 온라인정보 제공업,2019-01-11,12월
주식회사 와이엔컬쳐앤스페이스,YN Culture & Space Inc.,와이엔컬쳐앤스페이스, ,유해민,기타법인,110111-7575066,262-86-01765,서울특별시 강남구 학동로1길 21 4층 (논현동), ,,광고 영화 및 비디오물 제작업,2020-07-31,12월
(주)와이엘씨,YOUNGLIM CARDINAL INC.,와이엘씨, ,양승윤,기타법인,110111-0196091,220-81-07381,"서울특별시 강남구 강남대로 354 15층 (역삼동, 혜천빌딩)", ,,서적 출판업,1983-06-04,12월
(주)와이웍스엔터테인먼트,"Yworks Entertainment  co.,ltd",와이웍스엔터테인먼트, ,선영,기타법인,110111-5573468,217-81-47349,"서울특별시 강남구 압구정로18길 30 (신사동, 정원빌딩) 4층", ,,"영화, 비디오물 및 방송프로그램 제작 관련 서비스업",2014-11-26,12월
와이이엔주식회사,"YEN CO.,LTD",와이이엔, ,이남섭,기타법인,170111-0107905,501-81-19957,대구광역시 서구 중리동 1023, ,,무선 및 위성 통신업,1996-07-09,12월
와이제이에스오산,-,와이제이에스오산, ,이미희,기타법인,110111-6829901,472-81-01052,"서울특별시 영등포구 여의대로 60 (여의도동, NH투자증권빌딩)", ,,"컴퓨터 프로그래밍, 시스템 통합 및 관리업",2018-08-01,12월
(주)와이즈넛,"WISEnut, INC.",와이즈넛,096250,강용성,코스닥시장,110111-1969942,211-86-98485,경기도 성남시 분당구 대왕판교로644번길 49,www.wisenut.com/,,시스템 소프트웨어 개발 및 공급업,2000-06-15,12월
와이즈소프트(주),WYZsoft Inc.,와이즈소프트, ,정은영,기타법인,110111-1689954,109-81-57323,"서울특별시 금천구 벚꽃로 244 (가산동, 벽산디지털밸리5차)  607호",www.wyzsoft.com,,시스템 소프트웨어 개발 및 공급업,1999-04-29,12월
(주)와이즈스톤티,WISESTONE T,와이즈스톤티, ,김인석,기타법인,110111-7300330,224-86-01685,"서울특별시 서초구 서운로 34 (서초동, 우정빌딩) 지하1층,4,5층", ,,응용 소프트웨어 개발 및 공급업,2019-12-01,12월
(주)와이즈스톰,Wise stom Corp,와이즈스톰, ,이상래,기타법인,110111-2697047,210-81-46863,서울특별시 도봉구 창동14 씨타월드 13층, ,,서적 출판업,2003-01-20,12월
(주)와이즈에이아이,WISEAI CO. LTD.,와이즈에이아이, ,송형석,기타법인,131111-0591171,810-88-01699,"경기도 성남시 분당구 대왕판교로 670 (삼평동) 유스페이스 2, A동 502호", ,,출판업,2020-05-07,12월
와이즈와이어즈 주식회사,WISEWIRES INC.,와이즈와이어즈, ,신성우,기타법인,110111-2856346,119-81-68166,"서울특별시 성동구 성수일로 10 10층 (성수동1가, 서울숲ITCT지식산업센터)", ,,응용 소프트웨어 개발 및 공급업,2003-08-01,12월
주식회사 와이즈인포넷,"WISE INFONET CO., LTD.",와이즈인포넷, ,문기수,기타법인,110111-0983125,214-86-10173,서울특별시 강남구 역삼동 823-14 신원빌딩 3층,http://www.wiseinfonet.com,,데이터베이스 및 온라인정보 제공업,1993-11-15,12월
(주)와이즈캔,WISECAN,와이즈캔, ,황희경,기타법인,110111-3004564,211-87-49206,서울특별시 강남구 언주로 531 (역삼동) 3층, ,,시스템 소프트웨어 개발 및 공급업,2004-04-30,12월
주식회사 와이즈캣,WISECAT INC.,와이즈캣, ,남민우,기타법인,110111-2352203,120-86-27608,서울특별시 강남구 대치동 890-16 하이리빙빌딩 9층,"www,wisecat.co.kr",,게임 소프트웨어 개발 및 공급업,2001-10-16,12월
(주)와이즈케어,"WISECARE CO., LTD",와이즈케어, ,송형석,기타법인,110111-4058180,107-87-17900,경기도 성남시 분당구 대왕판교로 670 유스페이스2 B동 509호 (삼평동),www.wisecare.co.kr,,데이터베이스 및 온라인정보 제공업,2009-03-11,12월
(주)와이지시네마,Y.G CINEMA,와이지시네마, ,서백범,기타법인,141211-0083695,151-87-00459,강원도 원주시 양지로 80 (반곡동) 7층 601호 외, ,,"영화, 비디오물, 방송프로그램 제작 및 배급업",2016-06-23,12월
(주)와이지엔터테인먼트,YG Entertainment Inc.,와이지엔터테인먼트,122870,양민석 (단독대표이사),코스닥시장,110111-1516397,105-81-91810,서울특별시 마포구 희우정로1길 7 -,www.ygfamily.com,,음악 및 기타 오디오물 출판업,1998-02-24,12월
주식회사 와이콘즈 ,"YCONS Co.,Ltd.",와이콘즈, ,김승일,기타법인,110111-6979491,602-88-01180,"서울특별시 서대문구 연세로 50 (신촌동, 연세대학교) 연세대학교 공학원 B187A호",yconslab.com/,,기타 정보기술 및 컴퓨터운영 관련 서비스업,2019-01-09,12월
(주)와이티엔디엠비,YTN DMB,와이티엔디엠비, ,김백,기타법인,110111-3121756,104-81-95114,서울특별시 마포구 상암산로 76 YTN뉴스퀘어,www.ytndmb.com,,지상파 방송업,2004-11-25,12월
(주)와이티엔라디오,YTNradio,와이티엔라디오, ,김백,기타법인,110111-3780437,104-86-10968,서울특별시 마포구 상암산로 76 YTN뉴스퀘어,www.ytnradio.kr,,라디오 방송업,2007-11-01,12월
(주)와이티엔플러스,-,와이티엔플러스, ,호준석,기타법인,110111-2770661,220-86-62579,서울특별시 마포구 상암산로 76 (상암동) 와이티엔뉴스퀘어2층,www.ytnplus.co.kr,,정보서비스업,2003-04-29,12월
와이티홀딩스 주식회사,YT Holdings Inc.,와이티홀딩스, ,원동원,기타법인,161511-0180334,684-86-00063,충청남도 아산시 음봉면 음봉면로30번길 77, ,,그 외 기타 정보 서비스업,2015-04-14,12월
(주)와치텍,Watchtek,와치텍, ,박권재,기타법인,110111-1633175,116-81-71304,"서울특별시 영등포구 국제금융로8길 11 (여의도동, 대영빌딩)",watchtek.co.kr,,시스템 소프트웨어 개발 및 공급업,1999-01-14,12월
주식회사와후,Wahoo Co.,와후, ,이길우,기타법인,110111-1824740,119-81-34119,서울특별시 구로구 오류동 156-94,http://www.wahoonet.co.kr,,시스템 소프트웨어 개발 및 공급업,1999-12-21,12월
(주)왈도시스템,Waldo System ,왈도시스템, ,안재성,기타법인,110111-2955403,214-87-49151,"서울특별시 강서구 양천로 660 7층,8층(염창동,왈도강서캠퍼스)",www.waldo.co.kr,,전기 통신업,2004-02-17,12월
주식회사 왓챠,"Watcha, Inc.",왓챠, ,박태훈,기타법인,110111-4691667,211-88-66013,"서울특별시 서초구 강남대로 343 (서초동, 신덕빌딩) 3층",team.watcha.com,,"영화, 비디오물 및 방송프로그램 배급업",2011-09-21,12월
주식회사 왓트,Watt co. ltd.,왓트, ,강영준,기타법인,131111-0570414,635-87-01427,"서울특별시 서초구 사임당로 174 (서초동, 강남미래타워)901호", ,,응용 소프트웨어 개발 및 공급업,2019-11-19,12월
주식회사 왕설컴퍼니,"Wang Xue Company.co.,LTD.",왕설컴퍼니, ,"WANG XUE, 전준우",기타법인,110111-5932705,116-87-00290,서울특별시 금천구 가산디지털1로 149 (가산동) 3층 431호,-,,게임 소프트웨어 개발 및 공급업,2015-12-30,12월
주식회사외유내강,"filmmaker R&K co.,ltd",외유내강, ,강혜정,기타법인,110111-3222017,211-87-64828,서울특별시 강동구 올림픽로92길 11 2층(천호동), ,,일반 영화 및 비디오물 제작업,2005-05-04,12월
(주)요넷,Yonet,요넷, ,이종호,기타법인,110111-1802283,119-81-33221,서울특별시 강남구 대치4동907-1 코람벤처빌딩401호,www.yonet.co.kr,,컴퓨터시스템 통합 자문 및 구축 서비스업,1999-11-04,12월
요다정보기술 주식회사,yottatech,요다정보기술, ,강동원,기타법인,110111-4047860,107-87-17254,"서울특별시 구로구 디지털로34길 27 (구로동, 대륭포스트타워3차) 1110호",www.yottatech.co.kr,,컴퓨터시스템 통합 자문 및 구축 서비스업,2009-02-20,12월
주식회사 용필름,YONGFILM INC,용필름, ,임승용,기타법인,110111-7425203,126-87-01622,"서울특별시 성동구 서울숲4길 12-8 (성수동1가, 용빌딩)", ,,"영화, 비디오물 및 방송프로그램 제작업",2020-03-13,12월
(주)우남신문인쇄,woo nam newspaper printing co.ltd,우남신문인쇄, ,박우용,기타법인,161511-0044259,312-81-49695,충청남도 천안 북면 연춘리 237, ,,신문 발행업,2001-11-15,12월
주식회사 우남앤파트너스,"Woonam and Partners Co., Ltd.",우남앤파트너스, ,류준상,기타법인,110111-5843506,716-88-00267,서울특별시 송파구 새말로15길 22 (문정동), ,,시스템 소프트웨어 개발 및 공급업,2015-09-21,12월
(주)우노일렉트론,"UNOELECTRON CO., LTD.",우노일렉트론, ,최경렬,기타법인,110111-1135709,212-81-29292,서울특별시 성북구 안암동5가 고려대학교 이공대학내 산학관 6층,www.unoelectron.co.kr,,시스템 소프트웨어 개발 및 공급업,1995-03-15,12월
(주)우대칼스,"WOODAI CALS Co., LTD.",우대칼스, ,김경민,기타법인,110111-1479785,211-86-25736,서울특별시 서초구 양재2동 275-6 삼호물산빌딩 B-701,http://wdcals.co.kr,,시스템 소프트웨어 개발 및 공급업,1997-10-31,12월
(주)우리교육,"URIKYOYUK CO., LTD.",우리교육, ,김윤용,기타법인,110111-0919237,110-81-28487,서울특별시 마포구 월드컵북로 43 (서교동),www.uriedu.co.kr,,잡지 및 정기간행물 발행업,1993-03-02,12월
주식회사 우리넷,"Woori Network Co.,Ltd",우리넷, ,김영국,기타법인,171411-0009055,511-81-11442,경상북도 상주시 계산동 171-11, ,,유선 방송업,2002-08-23,12월
(주)우리사이벗,"URICYBUT.Co.,Ltd",우리사이벗, ,김덕성,기타법인,110111-1619430,214-86-27956,서울특별시 강남구 논현동 122-2 남양빌딩 2층 (주)우리사이벗,www.cybut.com,,시스템 소프트웨어 개발 및 공급업,1998-12-14,12월
주식회사 우리소프트,Woorisoft Inc.,우리소프트, ,김병일,기타법인,170111-0406216,514-81-73087,대구광역시 달서구 월배로 175 8층 (상인동), ,,응용 소프트웨어 개발 및 공급업,2010-06-26,12월
우리에프아이에스(주),"WOORI  FIS  Co., Ltd.",우리에프아이에스, ,고정현,기타법인,110111-0624018,211-81-47962,서울특별시 마포구 월드컵북로60길 17 우리금융상암센터,www.woorifis.com,,컴퓨터시스템 통합 자문 및 구축 서비스업,1989-04-17,12월
우리올제시스템(주),wooriolze system ,우리올제시스템, ,김주범,기타법인,110111-2697617,107-86-29471,"서울특별시 강서구 양천로 583 B동 2302호 (염창동, 우림블루나인비즈니스센터)",www.wosystem.co.kr,,컴퓨터시스템 통합 자문 및 구축 서비스업,2003-01-17,12월
(주)우림문화사,woorimmoonhwasa,우림문화사, ,한홍열,기타법인,110111-1197684,113-81-35804,"서울특별시 동작구 여의대방로22길 121 1113호(신대방동, 보라매자이더포레스트 상가)", ,,기타 인쇄물 출판업,1996-01-01,12월
(주)우바커뮤니케이션,"UVA Communication Co.,Ltd.",우바커뮤니케이션, ,신권선,기타법인,131111-0039402,129-81-28308,서울특별시 강동구 천호동 563 동아코아 510호,www.uva.co.kr,,프로그램 공급업,1999-04-20,12월
(주)우성엔터테인먼트,"WOO SUNG ENTERTAINMENT CO.,LTD.",우성엔터테인먼트, ,이장혁,기타법인,110111-1055303,201-81-51402,서울특별시 강남구 청담동 52-16 맥B/D 3층,www.woosungent.com,,"영화, 비디오물 및 방송프로그램 제작 관련 서비스업",1994-07-15,12월
(주)우성엔터테인먼트,WOO SUNG ENTERTAINMENT,우성엔터테인먼트, ,이장혁,기타법인,110111-5190626,230-81-01220,"서울특별시 강남구 논현로 731 4층 (논현동, 키드코빌딩)", ,,"영화, 비디오물, 방송프로그램 제작 및 배급업",2013-07-24,12월
우신정보, ,우신정보, ,안명수,기타법인, , ,서울특별시 서초구 서초동 1463-21, ,,시스템 소프트웨어 개발 및 공급업, ,12월
(주)우신정보기술,"WooShin IT Co., Ltd.",우신정보기술, ,안명수,기타법인,110111-0914914,214-86-03686,서울특별시 강서구 등촌동 684-2 우리벤처타운 4층,www.wsic.co.kr,,시스템 소프트웨어 개발 및 공급업,1993-01-20,12월
주식회사 우아한형제들,Woowa Brothers Corp.,우아한형제들, ,이국환,기타법인,110111-4554063,120-87-65763,서울특별시 송파구 위례성대로 2 (방이동) 장은빌딩,www.woowahan.com/,,응용 소프트웨어 개발 및 공급업,2011-03-10,12월
주식회사우앤진,Woo And jin,우앤진, ,김왈수,기타법인,110111-7779303,203-88-02186,서울특별시 종로구 삼일대로17길 8 501호(관철동),walsu777@naver.com,,응용 소프트웨어 개발 및 공급업,2021-02-08,12월
(주)우원데이타라인,"woowon data line co.,ltd",우원데이타라인, ,김용진,기타법인,110111-0958128,211-86-32921,서울특별시 용산구 원효로3가 53-5 청진빌딩B1호,www.mb-net.co.kr,,유선 통신업,1993-07-13,12월
주식회사 우정벤쳐시스템,"WOOJUNG VENTURE SYSTEM CO., LTD.",우정벤쳐시스템, ,홍정표,기타법인,110111-1687875,114-81-88721,서울특별시 종로구 관훈동 198-8 종로빌딩 6층,www.telpartner.com,,통신 재판매업,1999-04-27,12월
주식회사 우주,-,우주, ,최동조,기타법인,110111-4632877,220-88-20331,"서울특별시 강남구 테헤란로14길 16 (역삼동, 라인빌딩) 11층", ,,"컴퓨터 프로그래밍, 시스템 통합 및 관리업",2017-06-29,12월
(주)우주 이-테크,"WOOJU e-Tech Co.,Ltd.",우주이-테크, ,장재환,기타법인,200111-0058812,409-81-29445,광주광역시 북구 월출동 970-33,www.wooju.co.kr,,컴퓨터시스템 통합 자문 및 구축 서비스업,1995-08-30,12월
우주정보통신주식회사,WOOJOO INFORMATION&,우주정보통신, ,홍기옥,기타법인,110111-0927735,214-81-59507,서울특별시 서초구 서초동 1626-3 제일빌딩 4층, ,,기타 정보기술 및 컴퓨터운영 관련 서비스업,1993-03-16,12월
주식회사우주홀딩스,"Wujoo holdings Co. , LTD",우주홀딩스, ,이석호,기타법인,110111-1530347,114-81-83459,"서울특별시 서초구 강남대로 279 (서초동, SARANGi빌딩)",www.agaworld.com,,서적 출판업,1998-04-01,12월
우춘,yoochun,우춘, ,우상춘,기타법인,110111-4323880,206-86-46909,서울특별시 성동구 마장동 700 ~782 767-36 1층, ,,정보서비스업,2010-04-08,12월
유한회사 우티,UT LLC,우티, ,WHITE THOMAS DARCY,기타법인,110114-0271780,166-86-02049,"서울특별시 중구 삼일대로 343 (저동1가, 대신파이낸스센터 15층(DaishinFinanceCenter))", ,,데이터베이스 및 온라인정보 제공업,2021-01-26,12월
(주)울림엔터테인먼트,WOOLLOM ENTERTAINMENT,울림엔터테인먼트, ,이중엽,기타법인,110111-3251090,105-86-80676,서울특별시 마포구 망원2동 471-25번지 202호,www.woolliment.com,,음악 및 기타 오디오물 출판업,2005-06-20,12월
주식회사 울바홀딩스,"Ulva Holdings Co.,Ltd",울바홀딩스, ,이종명,기타법인,141311-0021221,835-86-01113,강원도 속초시 관광로 403 가동 1층(노학동), ,,소프트웨어 개발 및 공급업,2018-11-02,12월
(주)울산교차로,"Ulsan Kyocharo Co., Ltd.",울산교차로, ,"구본욱, 구자형",기타법인,181211-0042932,610-81-28672,"울산광역시 남구 신정로68번길 4 (달동, 3층전체, 402호)",www.ulsankyocharo.com,,정기 광고간행물 발행업,1997-03-10,12월
울산문화방송(주),ULSAN MUNWHA Broadcasting Corp,울산문화방송, ,최병윤,기타법인,181211-0000089,620-81-00220,울산광역시 중구 서원3길 65 울산문화방송(주),www.usmbc.co.kr,,지상파 방송업,1968-04-10,12월
주식회사울산방송,ULSAN BROADCASTING CORP.,울산방송, ,이정환,기타법인,181211-0040788,610-81-26897,"울산광역시 중구 구교로 41 (학산동, 울산방송국)",www.ubc.co.kr,,지상파 방송업,1996-12-21,12월
울트라캡숑 주식회사,Ultra Caption Corp.,울트라캡숑, ,유강원,기타법인,110111-4717075,214-88-86060,"경기도 성남시 분당구 판교역로 235 (삼평동, 에이치스퀘어엔동) 7층", ,,출판업,2011-10-27,12월
(주)웅진미디어,WOONGJN MEDIA CORPORATION,웅진미디어, ,유재면,기타법인,110111-0554140,208-81-08911,서울특별시 마포구 신정동 2-2,WOONGJIN.CO.KR,,서적 출판업,1987-12-18,12월
(주)웅진컴퍼스,"Woongjin Compass Co., Ltd.",웅진컴퍼스, ,김홍석,기타법인,110111-2771205,214-87-35792,"서울특별시 서초구 강남대로39길 15-10 (서초동, 한라비발디스튜디오193) 3F",www.wjcompass.com,,출판업,2003-04-30,12월
워너브라더스 코리아 주식회사,Warner Bros Korea,워너브라더스코리아, ,다니엘웨인버거,기타법인,110111-0656730,211-81-56710,"서울특별시 강남구 테헤란로 142 (역삼동, 캐피탈타워) 20층", ,,"영화, 비디오물 및 방송프로그램 배급업",1989-11-01,12월
워너비데이터(주),WANNABEDATA CO.,워너비데이터, ,전영철,기타법인,160111-0431223,350-86-00345,대전광역시 유성구 왕가봉로24번길 16 1층(노은동), ,,포털 및 기타 인터넷 정보매개 서비스업,2016-07-18,12월
주식회사 워렌301,warren301,워렌301, ,이명선,기타법인,110111-7264172,591-86-01469,"서울특별시 강남구 밤고개로12길 45-1 (자곡동) 지하1층(자곡동, 디에스빌딩)", ,,소프트웨어 개발 및 공급업,2019-10-01,12월
웍스모바일 주식회사,Works Mobile Corporation,웍스모바일, ,한규흥,기타법인,131111-0404796,724-87-00053,"경기도 성남시 분당구 불정로 6 (정자동, 그린팩토리) 10층",https://www.worksmobile.com/kr/,,응용 소프트웨어 개발 및 공급업,2015-04-01,12월
(주)원더랩,WONDERLAB,원더랩, ,이용재,기타법인,110111-4776328,211-88-71781,"서울특별시 강남구 선릉로118길 9 3,4층 (삼성동, 원더랩빌딩)",www.wonderlab.co.kr,,광고 영화 및 비디오물 제작업,2012-01-01,12월
주식회사 원더풀플랫폼,"WONDERFUL PLATFORM CO.,LTD",원더풀플랫폼, ,구승엽,기타법인,110111-5954725,745-81-00271,"서울특별시 서초구 바우뫼로 216 3~5층(양재동, 화인빌딩)", ,,시스템 소프트웨어 개발 및 공급업,2016-01-21,12월
주식회사 원더피플,"Wonder Pelple Co.,Ltd",원더피플, ,류제일,기타법인,110111-4484955,120-87-62091,"서울특별시 강남구 테헤란로 616 (대치동, 미레에셋벤처타워) 3층",www.wonderpeople.co.kr/#home,,모바일 게임 소프트웨어 개발 및 공급업,2010-12-03,12월
주식회사 원메이트,onemate,원메이트, ,김명욱,기타법인,110111-0665640,120-81-04522,경기도 용인시 수지구 동천동 185-29,없음,,기타 정보기술 및 컴퓨터운영 관련 서비스업,1990-01-03,12월
원오원주식회사,"ONEOONE Co.,LTd.",원오원, ,진병환,기타법인,131111-0520287,688-81-01109,"서울특별시 중구 수표로 23 6층(저동2가, 인농빌딩)",www.oneoone.kr,,컴퓨터 프로그래밍 서비스업,2018-05-29,12월
주식회사 원온,ONE ON,원온, ,윤재연,기타법인,121111-0472977,871-86-03378,"인천광역시 연수구 컨벤시아대로 81 5층 509-제이312호(송도동, 드림시티)",1on.co.kr/,,응용 소프트웨어 개발 및 공급업,2024-09-09,12월
주식회사 원유니버스,"ONEUNIVERSE Co.,Ltd",원유니버스, ,고세준,기타법인,110111-4663921,120-87-71630,"서울특별시 강남구 테헤란로77길 17 6층(삼성동, 승광빌딩)",www.oneunivrs.com,,게임 소프트웨어 개발 및 공급업,2011-08-11,12월
원주문화방송주식회사,WonJU Munhwa broadcasting corp,원주문화방송, ,송형근,기타법인,141211-0000409,224-81-00395,"강원도 원주시 학성길 67 (학성동, MBC원주문화방송(주))",wjmbc.co.kr,,지상파 방송업,1970-09-19,12월
원주유선방송(주),Wonju Lelay Brodcasting,원주유선방송, ,백현길,기타법인,141211-0006407,224-81-07419,강원도 원주시 반곡동 1349-2, ,,유선 방송업,1994-01-01,12월
(주)원주투데이신문사,wonjutoday,원주투데이신문사, ,심형규,기타법인,141211-0009394,224-81-11892,강원도 원주시 단계동 881번지,www.wonjutoday.co.kr,,신문 발행업,1996-12-10,12월
(주)원츠넷,WANTSNET,원츠넷, ,이선혜,기타법인,110111-7156692,812-88-01472,"경기도 광명시 새빛공원로 67 (일직동) 광명역자이타워 B동 1907호, 1908호", ,,시스템 소프트웨어 개발 및 공급업,2019-07-01,12월
(주)원카드시스템즈,ONECARD SYSTEMS,원카드시스템즈, ,강학규,기타법인,110111-1567811,116-81-69147,서울특별시 영등포구 여의도동 44-11 인영빌딩 12층,www.onecard.co.kr,,데이터베이스 및 온라인정보 제공업,1998-07-22,12월
(주)원콜,ONECALL Corp.,원콜, ,"민구현, 김유진",기타법인,134111-0392039,123-86-45376,"경기도 군포시 한세로 48 (당정동) 남원빌딩 5,6층",www.15881063.co.kr,,시스템ㆍ응용 소프트웨어 개발 및 공급업,2014-09-15,12월
주식회사 원콤,"ONECOM CO., LTD.",원콤, ,이주협,기타법인,135811-0418484,710-87-02182,"경기도 수원시 영통구 창룡대로256번길 77 (이의동, 에이스광교타워3)", ,,응용 소프트웨어 개발 및 공급업,2021-04-27,12월
주식회사 원텔,ONETEL.INC,원텔, ,김춘호,기타법인,110111-1514317,220-81-50312,서울특별시 강남구 대치동 942-20 마루빌딩 5층,www.onetel.co.kr,,통신 재판매업,1998-02-19,12월
원투씨엠 주식회사,"12CM, INC.",원투씨엠, ,한정균,기타법인,131111-0336733,144-81-10980,"경기도 성남시 분당구 판교로255번길 35 (삼평동, 판교실리콘파크) A동 501호",www.12cm.co.kr,,컴퓨터 프로그래밍 서비스업,2013-03-08,12월
(주)원티드랩,Wanted Lab Inc.,원티드랩,376980,이복기,코스닥시장,131111-0405166,299-86-00021,서울특별시 송파구 올림픽로 300 35층,www.wanted.co.kr,,시스템 소프트웨어 개발 및 공급업,2015-04-06,12월
(주)원포유,"ONE4U CO.,LTD",원포유,122830,전동호,코넥스시장,110111-1532286,120-81-79417,"서울특별시 강남구 도곡로 222, 5층(도곡동, 원포유빌딩)",www.ofu.co.kr,,소프트웨어 개발 및 공급업,1998-04-20,12월
주식회사 원프레딕트,"OnePredict Co.,Ltd",원프레딕트, ,윤병동,기타법인,110111-6213683,110-88-00552,"서울특별시 강남구 언주로125길 4 (논현동) 중건빌딩 B동, 패스트파이브 학동점 1층",onepredict.ai/,,응용 소프트웨어 개발 및 공급업,2016-10-26,12월
(주)월간넥스트,Monthly Next,월간넥스트, ,송종문,기타법인,110111-1764722,104-81-47058,서울특별시 중구 순화동 2-6, ,,잡지 및 정기간행물 발행업,1999-09-01,12월
(주)월간말,Monthly Magazine Mahl,월간말, ,이명순,기타법인,110111-0670475,105-81-40359,서울특별시 용산구 효창동 5-116 동호빌딩 5층,http://www.digitalmal.com,,잡지 및 정기간행물 발행업,1990-01-17,12월
주식회사 월드에스,WORLDS,월드에스, ,김병국,기타법인,170111-0304056,504-81-65858,경상북도 경주시 동천동 895-2 롯데시네마 칠곡관 507호, ,,영화관 운영업,2006-02-10,12월
주식회사 월드이벤트티브이,"World Event Network TV Co.,Ltd",월드이벤트티브이, ,유인무,기타법인,110111-1988950,107-81-84713,경기도 고양시 일산서구 대화동 2306 한국국제전시장, ,,프로그램 공급업,2000-06-05,12월
(주)월드컴에듀,worldcom EDU,월드컴에듀, ,임병업,기타법인,110111-4856568,220-88-37389,"서울특별시 강남구 언주로 120 (도곡동, 인스토피아) 912호 월드컴에듀",www.wcbooks.co.kr,,서적 출판업,2012-04-27,12월
월드케어 아시아,WorldCare Asia Pte Ltd.,월드케어아시아, ,라지브 라마프라사드,기타법인, ,11687,"133,New bridge Road #11/05 Chinatown Point 059413 Singapore",http://www.worldcare.com.my,,유선 통신업,2000-05-02,12월
(주)월드팁스넷,"Worldtipsnet, Inc.",월드팁스넷, ,"정요원, 최성학",기타법인,110111-1785009,214-86-39563,서울특별시 강남구 논현동 151-31,http://www.worldtips.net,,데이터베이스 및 온라인정보 제공업,1999-10-07,12월
월트디즈니컴퍼니코리아 유한책임회사,The Walt Disney Company (Korea) LLC,월트디즈니컴퍼니코리아, ,토루안도,기타법인,110115-0002810,220-81-03347,"서울특별시 강남구 테헤란로 152 (역삼동, 강남파이낸스센터)",,,"영화, 비디오물 및 방송프로그램 배급업",1992-11-19,09월
주식회사 웨스트월드,"WESTWORLD CO,.LTD",웨스트월드, ,손승현,기타법인,285011-0393136,597-81-01201,"경기도 고양시 일산서구 킨텍스로 240 (대화동, 킨텍스꿈에그린) GIFC타워 36층", ,,"영화, 비디오물 및 방송프로그램 제작 관련 서비스업",2018-10-01,12월
(주)웨어밸리,WAREVALLEY,웨어밸리, ,손삼수,기타법인,110111-2159518,211-81-00569,"서울특별시 마포구 월드컵북로 396 (상암동, 누리꿈스퀘어) 비즈니스타워 22층", ,,시스템 소프트웨어 개발 및 공급업,2001-01-31,12월
(주) 웨어비즈,"WAREBIZ CO.,LTD.",웨어비즈, ,박상길,기타법인,281111-0121050,128-86-17711,"서울특별시 강서구 공항대로 242 (마곡동, 열린M타워2) 1111호, 1111-1호, 1112호", ,,응용 소프트웨어 개발 및 공급업,2006-12-06,12월
주식회사 웨어플러스,Wareplus Inc.,웨어플러스, ,김재열,기타법인,160111-0085773,314-81-27474,경기도 안양시 동안구 달안동 1113-1 평촌IT벤처센타 6층,www.wareplus.com,,시스템 소프트웨어 개발 및 공급업,1999-08-10,12월
(주)웨이버스,"WAVUS.Co.,Ltd",웨이버스, ,김학성,기타법인,110111-3100601,104-81-90104,"서울특별시 구로구 디지털로26길 61 1001호(구로동, 에이스하이엔드타워2차)",www.wavus.co.kr,,응용 소프트웨어 개발 및 공급업,2004-10-18,12월
(주)웨이버스,"WAVUS Co.,Ltd",웨이버스,336060,"김학성, 박창훈",코스닥시장,110111-7224647,535-81-01635,"서울특별시 구로구 디지털로26길 61 1001호(구로동, 에이스하이엔드타워2차)", ,,소프트웨어 개발 및 공급업,2019-09-04,12월
주식회사 웨이브릿지,Wavebridge Inc.,웨이브릿지, ,오종욱,기타법인,110111-6925709,767-88-01245,"서울특별시 중구 서소문로 50 (중림동, CENTRALPLACE)", ,,응용 소프트웨어 개발 및 공급업,2018-11-26,12월
(주)웨이브티브이,"wavetv.co.,ltd",웨이브티브이, ,정인견,기타법인,110111-2166216,220-86-05369,서울특별시 강서구 등촌동 671 SDM센터,www.wavetv.co.kr,,위성 및 기타 방송업,2001-02-08,12월
주식회사 웨이센,waycen Inc.,웨이센, ,김경남,기타법인,110111-7153169,496-81-01214,"서울특별시 강남구 삼성로 524 (삼성동, 세화빌딩), 5층",waycen.com/,,응용 소프트웨어 개발 및 공급업,2019-06-28,12월
웨이즈원 주식회사,WAYS1 Inc.,웨이즈원, ,황승호,기타법인,134111-0428595,409-86-53561,"경기도 의왕시 이미로 40 (포일동, 인덕원IT밸리) D동 521호",www.ways1.com,,시스템 소프트웨어 개발 및 공급업,2015-12-22,12월
주식회사 웨이투빗,"Way2Bit Co., Ltd.",웨이투빗, ,송계한,기타법인,131111-0501899,175-87-00907,"경기도 성남시 분당구 성남대로331번길 8 (정자동, 킨스타워)",www.way2bit.com,,응용 소프트웨어 개발 및 공급업,2017-12-11,12월
주식회사 웨이티즈,"Wayties, Inc.",웨이티즈, ,정홍종,기타법인,110111-5805225,428-86-00139,경기도 성남시 분당구 서현로 190 (서현동) 5층, ,,응용 소프트웨어 개발 및 공급업,2015-08-10,12월
주식회사 웨인힐스벤처스,Wayne Hills Ventures Inc.,웨인힐스벤처스, ,이수민,기타법인,110111-7116307,547-87-01358,"서울특별시 강서구 마곡중앙8로5길 11 (마곡동, 마곡파인스퀘어 3차, 2층)", ,,시스템 소프트웨어 개발 및 공급업,2019-05-23,12월
주식회사 웨일북,WHALE BOOK,웨일북, ,채성호,기타법인,110111-5848126,328-86-00289,"서울특별시 마포구 토정로 47 701호(합정동, 서일빌딩)", ,,일반 서적 출판업,2015-10-12,12월
(주)웰게이트,"Welgate Corporation Co., Ltd",웰게이트, ,박기오,기타법인,115911-0028772,128-81-48596,"서울특별시 강남구 봉은사로 129 (논현동, 거평타운), 19층",www.welgate.com,,소프트웨어 개발 및 공급업,2000-05-10,12월
(주)웰컴소프트,"Wellcom Soft Co., Ltd.",웰컴소프트, ,이종현,기타법인,110111-1556905,105-81-93588,서울특별시 양천구 목1동 917-6 인터넷비지니스센터 1101호,http://www.wellcom.co.kr,,시스템 소프트웨어 개발 및 공급업,1998-07-01,12월
웰컴에프앤디(주),Welcome F&D Co. Ltd.,웰컴에프앤디, ,금영섭,기타법인,110111-3255141,113-81-98885,"서울특별시 용산구 한강대로 148 5층 (한강로2가, 웰컴금융타워)", ,,시스템 소프트웨어 개발 및 공급업,2005-07-01,12월
(주)웰콤퍼블리시스월드와이드,"Welcome Publicis WorldWide Co., Ltd",웰콤퍼블리시스월드와이드, ,노유경,기타법인,110111-0753148,203-81-52902,"서울특별시 중구 청계천로 100 (수표동, 시그니쳐타워) 15층", ,,광고 영화 및 비디오물 제작업,1991-03-02,12월
(주)웹나라,"Webnara co., Ltd.",웹나라, ,고명길,기타법인,110111-0807458,220-81-29629,서울특별시 광진구 구의동 546-4 테크노마트 29층 10호,www.webnara.com,,시스템 소프트웨어 개발 및 공급업,1991-10-01,12월
웹데이터뱅크주식회사,WEB DATA BANK Inc.,웹데이터뱅크, ,김대신,기타법인,110111-1598600,120-81-83639,서울특별시 강남구 도곡동 418-4 한방빌딩1층,www.wdb.co.kr,,컴퓨터시스템 통합 자문 및 구축 서비스업,1998-10-23,12월
(주)웹비즈컨설팅,webbiz consulting Inc.,웹비즈컨설팅, ,이재홍,기타법인,110111-1914591,214-86-52611,서울특별시 서초구 양재동 2-11 단성빌딩 401호,www.webbiz114.com,,시스템 소프트웨어 개발 및 공급업,2000-03-22,12월
(주)웹솔루스,"WEBSOLUS CO.,LTD.",웹솔루스,160350,김홍식,기타법인,110111-2151803,119-81-44349,"서울특별시 구로구 디지털로 271 1201,1202,1203,1101,1102,1104,1107호(구로동, 벽산디지털밸리3차)",www.websolus.co.kr,,시스템 소프트웨어 개발 및 공급업,2001-01-15,12월
주식회사 웹인더스트리얼,Web industrial,웹인더스트리얼, ,신경중,기타법인,110111-1323726,106-81-63239,서울특별시 영등포구 여의도동 사학연금빌딩,www.wind.co.kr,,기타 정보기술 및 컴퓨터운영 관련 서비스업,1996-10-01,12월
(주)웹젠,Webzen Inc.,웹젠,069080,김태영,코스닥시장,110111-1955694,214-86-57130,"경기도 성남시 분당구 판교로 242 (삼평동, 판교디지털콘텐츠파크 B동)",company.webzen.com,,게임 소프트웨어 개발 및 공급업,2000-04-28,12월
주식회사 웹젠레드코어,WEBZEN REDCORE INC,웹젠레드코어, ,임정훈,기타법인,131111-0534246,770-87-01109,경기도 성남시 분당구 판교로 242 2층 201호 (삼평동), ,,모바일 게임 소프트웨어 개발 및 공급업,2018-10-23,12월
(주)웹젠온네트,"WEBZENONNET Co., Ltd",웹젠온네트, ,김태영,기타법인,110111-1304677,112-81-43261,"경기도 성남시 분당구 판교로 323 (삼평동, 투썬벤처포럼빌딩)6층",www.onnet.co.kr,,게임 소프트웨어 개발 및 공급업,1996-08-01,12월
웹케시(주),WebCash Corporation,웹케시,053580,강원주,코스닥시장,110111-1731135,214-86-35102,서울특별시 영등포구 영신로 220 KnK 디지털타워 20층,www.webcash.co.kr,,소프트웨어 개발 및 공급업,1999-07-08,12월
웹케시이노밸류(주),"Webcash Innovalue co.,ltd.",웹케시이노밸류, ,김한일,기타법인,110111-4616243,119-86-43326,"서울특별시 마포구 성암로 179 (상암동, 팬택빌딩) 13층",www.webcashinnovalue.co.kr/,,시스템 소프트웨어 개발 및 공급업,2011-07-01,12월
(주)웹투폰,web2phone,웹투폰, ,김수상,기타법인,120111-0204917,131-81-51646,서울특별시 서초구 방배동 793-5 남일예당빌딩 3층,http://wowcall.com,,그 외 기타 전기 통신업,1999-10-25,12월
웹티브이코리아,"WEBTVKOREA CO.,LTD",웹티브이코리아, ,우강섭,기타법인,110111-1748239,220-81-65284,경기도 안양시 동안구 관양동 1601 삼일프자자 502-1호,www.webtvkorea.net,,시스템 소프트웨어 개발 및 공급업,1999-08-10,12월
(주)웹프로모션,"web promotion co,. ltd",웹프로모션, ,윤경원,기타법인,110111-1879216,120-86-00142,서울특별시 강남구 삼성동 143-17 삼성오피스텔303호,http://www.webpro21.co.kr,,데이터베이스 및 온라인정보 제공업,2000-02-16,01월
위고데이터 주식회사,"Wigodata Co.,ltd.",위고데이터, ,고민균,기타법인,140111-0088911,681-81-02276,강원도 춘천시 동내면 춘천순환로 67 (거두리) 4층, ,,응용 소프트웨어 개발 및 공급업,2021-01-27,12월
주식회사 위너스매니지먼트,Winners management,위너스매니지먼트, ,박정환,기타법인,180111-1401982,343-88-02150,부산광역시 남구 석포로 76 6층 (대연동), ,,"영화, 비디오물 및 방송프로그램 제작업",2021-11-04,12월
주식회사위넷,"WINET CO.,LTD.",위넷, ,양승철,기타법인,110111-1650806,220-81-58615,서울특별시 구로구 구로동 606-4 삼영빌딩,http://winet.co.kr,,시스템 소프트웨어 개발 및 공급업,1999-02-22,01월
(주)위니텍,"Winitech.,co.Ltd.",위니텍, ,강은희,기타법인,170111-0125733,504-81-25346,대구광역시 남구 대명3동 2139-12 (재)대구디지털산업진흥원 본관1층,www.winitech.com,,응용 소프트웨어 개발 및 공급업,1997-09-06,12월
(주)위닉스정보,WINIX INFORMATION,위닉스정보, ,"송규화, 강창호",기타법인,110111-1631872,213-86-37524,"서울특별시 성동구 성수이로 147 (성수동2가, 아이에스비즈타워) 1507호, 1508호",www.winixinfo.co.kr,,"컴퓨터 프로그래밍, 시스템 통합 및 관리업",1999-01-11,12월
위대한블록체인이더리움,GreatBlockchainEthereum,위대한블록체인이더리움, ,신민철,기타법인,110111-6450029,171-88-00649,"서울특별시 성동구 왕십리로 38 414호 (성수동1가, 홍성빌딩)",greatethereum.modoo.at,,소프트웨어 개발 및 공급업,2017-07-04,12월
주식회사 위대한상상,"Wesang Co.,Ltd.",위대한상상, ,서성원,기타법인,110111-8271184,211-88-68802,"서울특별시 서초구 서초대로38길 12 (서초동, 마제스타시티,힐스테이트서리풀)",www.wesang.com,,포털 및 기타 인터넷 정보매개 서비스업,2011-11-18,12월
주식회사 위드원스,"WITH ONES CO.,LTD.",위드원스, ,안규진,기타법인,110111-7666956,513-81-91345,"서울특별시 금천구 범안로 1142 (가산동, 하우스디더스카이밸리가산2차) 720호", ,,시스템ㆍ응용 소프트웨어 개발 및 공급업,2020-10-29,12월
주식회사 위드웹,"WITHWEB CO.,LTD.",위드웹, ,심명섭,기타법인,180111-0627034,607-81-84663,서울특별시 강남구 봉은사로 479 11층(삼성동), ,,포털 및 기타 인터넷 정보매개 서비스업,2008-03-21,12월
주식회사 위드인사이트,with insight,위드인사이트, ,심명섭,기타법인,110111-7277183,880-87-01589,"서울특별시 서초구 서초대로 398 5층 511호(서초동, 플래티넘타워)", ,,통신 재판매업,2019-10-31,12월
주식회사 위드정보,With Information,위드정보, ,장인철,기타법인,110111-5126829,107-87-93441,"서울특별시 영등포구 양평로22길 21 806호 (양평동5가, 선유도코오롱디지털타워)", ,,응용 소프트웨어 개발 및 공급업,2013-05-03,12월
위례정보통신(주),"Werye Information Co., Ltd",위례정보통신, ,정암,기타법인,110111-1664295,215-81-75757,서울특별시 송파 방이 51-11 대종빌딩 1008호,www.werye.co.kr,,컴퓨터시스템 통합 자문 및 구축 서비스업,1999-03-15,12월
(주)위링,WERING,위링, ,김경하,기타법인,110111-7627198,786-86-02071,"서울특별시 종로구 경희궁1길 1 (신문로2가, 주식회사투바앤) 4층", ,,일반 영화 및 비디오물 제작업,2020-09-17,12월
(주)위메이드,"Wemade Co., Ltd.",위메이드,112040,"Park, Kwan Ho",코스닥시장,110111-1873755,209-81-24419,경기도 성남시 분당구 대왕판교로 644번길 49 (삼평동 코리아벤처타운 업무시설비블럭 아이레보타워),wemade.com,,게임 소프트웨어 개발 및 공급업,2000-02-10,12월
주식회사 위메이드넥스트,"Wemade Next Co.,Ltd",위메이드넥스트, ,박정수,기타법인,131111-0436567,630-87-00383,"경기도 성남시 분당구 대왕판교로644번길 49 (삼평동, 위메이드타워) 9층 901호",www.wemade.com,,유선 온라인 게임 소프트웨어 개발 및 공급업,2016-02-01,12월
(주)위메이드맥스,"Wemade Max Co., Ltd.",위메이드맥스,101730,"이길형, 손면석 각자 대표이사",코스닥시장,110111-1401051,214-86-15315,경기도 성남시 분당구 대왕판교로644번길 49 위메이드타워(삼평동) 4층,www.wemademax.com,www.wemademax.com/ir.php?type=ir_05,게임 소프트웨어 개발 및 공급업,1997-04-10,12월
주식회사 위메이드엑스알,"Wemade XR Co.,Ltd.",위메이드엑스알, ,장현국,기타법인,110111-4379833,113-86-40511,경기도 성남시 분당구 대왕판교로644번길 49 (삼평동) 위메이드타워 5층,없음,,"컴퓨터 프로그래밍, 시스템 통합 및 관리업",2010-06-25,12월
(주)위메이드커넥트,"WemadeConnect Co., Ltd.",위메이드커넥트, ,이호대,기타법인,110111-3679143,220-87-48481,경기도 성남시 분당구 판교역로 240 (삼평동) a동 6층,www.wemadeconnect.com/,,게임 소프트웨어 개발 및 공급업,2007-05-21,12월
(주)위메이드플레이,"Wemade Play Co., Ltd.",위메이드플레이,123420,우상준,코스닥시장,110111-4291540,107-87-32726,"경기도 성남시 분당구 대왕판교로644번길 49 9층, 10층(삼평동, 위믹스타워)",corp.wemadeplay.com,,게임 소프트웨어 개발 및 공급업,2010-02-25,12월
주식회사 위믹스코리아,"Wemade Innovation Co., Ltd.",위믹스코리아, ,장현국,기타법인,131111-0654656,625-87-02225,"경기도 성남시 분당구 대왕판교로644번길 49 (삼평동, 위메이드타워) 3층", ,,모바일 게임 소프트웨어 개발 및 공급업,2021-12-10,12월
주식회사 위밋모빌리티,"Wemeet Mobility Co., Ltd.",위밋모빌리티, ,강귀선,기타법인,131411-0390791,806-87-00694,서울특별시 관악구 조원로 5-14 (신림동) 3-6층,www.wemeetmobility.com/,,시스템 소프트웨어 개발 및 공급업,2017-05-31,12월
(주)위버스마인드,WEAVERSMIND ,위버스마인드, ,정성은,기타법인,110111-4050904,108-81-87203,"서울특별시 구로구 디지털로30길 28 9층 901호(구로동, 마리오타워)",www.wordsketch.co.kr/home/,,응용 소프트웨어 개발 및 공급업,2009-02-26,12월
(주)위버시스템즈,"UBERSYSTEMS Co., Ltd.",위버시스템즈, ,최병무,기타법인,110111-3396218,114-86-49591,"서울특별시 서초구 동작대로 114 9층 (방배동, (재)원불교유문빌딩)",www.ubersys.co.kr/,,컴퓨터시스템 통합 자문 및 구축 서비스업,2006-02-09,12월
(주)위사,WISA,위사, ,강윤성,기타법인,110111-3595125,110-81-77203,"서울특별시 강남구 선릉로111길 8 (논현동, 윙갤러리빌딩) 5층",www.wisa.co.kr,,응용 소프트웨어 개발 및 공급업,2007-01-10,12월
(주)위세아이텍,"WISE iTech Co., Ltd.",위세아이텍,065370,"김다산, 이제동 (각자 대표이사)",코스닥시장,110111-0723969,214-81-21976,경기도 과천시 과천대로12길 117 과천펜타원 G동 11-13층,www.wise.co.kr,,시스템 소프트웨어 개발 및 공급업,1990-09-27,12월
주식회사 위슬런,WISLEARN,위슬런, ,안무상,기타법인,110111-1264756,116-81-55100,서울특별시 강남구 역삼동 748-16,www.wislearn.com,,기타 인쇄물 출판업,1996-04-24,12월
(주)위시링크,WishLink Inc.,위시링크, ,김민욱,기타법인,110111-4595132,220-88-17457,"서울특별시 강남구 강남대로94길 94 (역삼동, KP빌딩 13층)",www.wishlink.net,,컴퓨터 프로그래밍 서비스업,2011-05-03,12월
(주)위엠비,WEMB,위엠비, ,김수현,기타법인,110111-2937609,120-86-62454,서울특별시 영등포구 영등포동 8가 디지털타워 1201호,-,,컴퓨터 프로그래밍 서비스업,2004-01-16,12월
주식회사 위우너스,"WeUNUS Corp.,LTD.",위우너스, ,이정웅,기타법인,110111-4512186,215-87-49187,"서울특별시 송파구 중대로 135 동관 1201호 (가락동, 아이티벤처타워)",www.weunus.com,,시스템 소프트웨어 개발 및 공급업,2011-01-11,12월
주식회사 위자드랩,"WIZARDLAB Co., Ltd.",위자드랩, ,정영철,기타법인,110111-4907056,114-87-02119,"서울특별시 금천구 가산디지털1로 5 1601호-1610호(가산동, 대륭테크노타운20차)",www.wizardlab.co.kr,,시스템 소프트웨어 개발 및 공급업,2012-07-03,12월
주식회사 위즈덤에프에이치,WisdomFH Publishing Co.,위즈덤에프에이치, ,김태영,기타법인,110111-2049420,104-81-56066,"경기도 고양시 일산동구 정발산로 43-20 (장항동, 센트럴프라자) 608",www.wisdomhouse.co.kr,,서적 출판업,2000-08-16,12월
주식회사 위즈덤하우스,Wisdomhouse Inc.,위즈덤하우스, ,최순영,기타법인,110111-3871864,105-87-19009,"서울특별시 마포구 양화로 19 (합정동, 합정오피스빌딩) 16층~17층",www.wisdomhouse.co.kr,,일반 서적 출판업,2008-04-01,12월
(주)위즈도메인,"WISDOMAIN, INC",위즈도메인, ,김일수,기타법인,110111-1785926,214-86-39428,"경기도 성남시 분당구 성남대로43번길 10 (구미동, 하나EZ타워)",www.wisdomain.com,,그 외 기타 정보 서비스업,1999-10-08,12월
(주)위즈맥스,wizmax co.ltd,위즈맥스, ,이동기,기타법인,110111-1831472,220-81-72733,서울특별시 강남구 대치4동 890-16 하이리빙빌딩 14층,www.wizmax.com,,시스템 소프트웨어 개발 및 공급업,1999-12-18,12월
주식회사 위즈베라,"Wizvera Co., Ltd",위즈베라, ,백효성,기타법인,110111-3810929,215-87-10208,"서울특별시 성동구 왕십리로6길 21 (성수동1가, 위즈베라빌딩) 5,6,7,8층",www.wizvera.com,,소프트웨어 개발 및 공급업,2008-01-07,12월
(주)위즈베이스,WIZBASE Inc.,위즈베이스, ,"전한태, 박태욱",기타법인,110111-2895899,215-86-49685,서울특별시 성동구 성수이로7길 7 서울숲 한라시그마밸리 2차 1103호,www.wizbase.co.kr,,컴퓨터시스템 통합 자문 및 구축 서비스업,2003-11-13,12월
(주)위즈솔루션,"wizsolution.Co.,Ltd.",위즈솔루션, ,김대중 강찬룡,기타법인,170111-0281965,502-81-78681,대구광역시 동구 신천동 90-1 대구빌딩 6층,www.wizsolution.co.kr,,호스팅 및 관련 서비스업,2005-02-22,12월
주식회사 위즈엘,WIZL Corporation,위즈엘, ,김민형,기타법인,110111-2772336,105-86-54289,"서울특별시 관악구 승방4길 32 7층, 8층(남현동, 위즈엘타워(Wiz-LTower))",www.wizl.co.kr,,데이터베이스 및 온라인정보 제공업,2003-05-02,12월
(주)위즈코다테크놀로지스,"WIZCODA Technologies, Co,.Ltd.",위즈코다테크놀로지스, ,송현호,기타법인,110111-1810517,220-81-70472,서울특별시 강남구 역삼동 788-16 원경빌딩 2층,www.wizcoda.com,,데이터베이스 및 온라인정보 제공업,1999-11-17,01월
주식회사 위즈코리아,"WEEDS KOREA Co., Ltd",위즈코리아, ,김기배,기타법인,110111-2811910,211-87-35304,"서울특별시 강서구 양천로 583 (염창동, 우림블루나인비즈니스센터) A동 2107호", ,,응용 소프트웨어 개발 및 공급업,2003-07-01,12월
위즈코어 주식회사,"Wizcore Co., LTD",위즈코어, ,박덕근,기타법인,110111-4289412,105-87-41568,서울특별시 성동구 아차산로17길 49 (성수동2가) 생각공장데시앙플렉스 1505-1508호,www.wizcore.co.kr,,시스템 소프트웨어 개발 및 공급업,2010-02-25,12월
(주)위지윅스튜디오,"WYSIWYG STUDIOS CO., LTD.",위지윅스튜디오,299900,조성완,코스닥시장,110111-6033833,289-87-00337,서울특별시 강남구 도산대로 128 국민연금강남회관 9층,www.wswgstudios.com,,"영화, 비디오물 및 방송프로그램 제작 관련 서비스업",2016-04-15,12월
위트콤,witcom,위트콤, ,신용진,기타법인,110111-4056340,114-86-72092,서울특별시 서초구 방배동 907-4 석교빌딩 4층,www.witcom.co.kr,,컴퓨터시스템 통합 자문 및 구축 서비스업,2009-03-09,12월
주식회사위펀딩,WEFUNDING,위펀딩, ,이지수,기타법인,110111-5766633,537-86-00132,"서울특별시 강남구 테헤란로 410 (대치동, 금강타워) 1502",www.wefunding.com,,소프트웨어 개발 및 공급업,2015-06-30,12월
주식회사 위허브,WEHUB Inc.,위허브, ,홍성기,기타법인,110111-8011639,332-87-02376,"서울특별시 송파구 법원로11길 7 씨동 1326호(문정동, 문정현대지식산업센터1-2)", ,,시스템 소프트웨어 개발 및 공급업,2021-09-01,12월
주식회사 윈글리쉬닷컴,"Winglish.com, Inc.",윈글리쉬닷컴, ,이명신,기타법인,110111-1602170,211-86-46876,서울특별시 강남구 논현2동 212∼227 216-8 단산논현빌딩4층,www.winglish.com,,데이터베이스 및 온라인정보 제공업,1998-10-31,12월
(주)윈드소울,"WINDSOUL CO.,LTD",윈드소울, ,남관녕,기타법인,110111-3555989,109-86-05193,"경기도 성남시 분당구 운중로 128 (운중동, 마크시티그린)", ,,컴퓨터시스템 통합 자문 및 구축 서비스업,2016-10-19,12월
(주)윈로지스뉴톤보레알,"WinLogis NewtonVaureal Co.,Ltd.",윈로지스뉴톤보레알, ,김범헌,기타법인,110111-2106396,101-81-60407,서울특별시 종로구 관훈동 198-30 오원빌딩 8층,http://www.winlogis.com,,시스템 소프트웨어 개발 및 공급업,2000-07-04,12월
주식회사 윈비트,"WINBIT CO.,LTD.",윈비트, ,"정동현, 장철민",기타법인,110111-6051257,892-86-00567,"서울특별시 강남구 강남대로114길 19 5층 (논현동,제이빌딩)",www.winbit.kr,,컴퓨터 프로그래밍 서비스업,2016-05-03,03월
(주)윈스테크넷,"WINS Technet Co., Ltd",윈스테크넷,136540,김보연,코스닥시장,131111-0272002,129-86-55101,경기도 성남시 분당구 판교로228번길 15 (삼평동) 판교세븐벤처밸리 윈스동,www.wins21.co.kr,,컴퓨터시스템 통합 자문 및 구축 서비스업,2011-01-05,12월
윈정보네트워크(주),"Win Information Network Co.,Ltd. ",윈정보네트워크, ,김남규,기타법인,110111-1856488,215-81-85916,서울특별시 송파구 송파동 137-8 보인빌딩 3층,www.jakostay.com,,시스템 소프트웨어 개발 및 공급업,2000-01-19,12월
(주)윈즈아이티,WinsIT,윈즈아이티, ,김남규,기타법인,110111-2721896,120-86-49499,"서울특별시 강남구 영동대로 511 1908호 (삼성동, 트레이드타워)",www.winsit.co.kr,,정보서비스업,2003-02-21,12월
(주)윈커스,"WINCUS CO., LTD.",윈커스, ,이정수,기타법인,194211-0037061,609-81-38938,서울특별시 서초구 방배동 871-9 우창빌딩 3층,www.wincus.com,,시스템 소프트웨어 개발 및 공급업,1999-10-01,12월
(주)윈텍코리아,"Wintech Korea, co., LTD.",윈텍코리아, ,임찬웅,기타법인,110111-1415995,220-81-45008,서울특별시 성동구 행당동 1-121,http://www.wintech.co.kr,,시스템 소프트웨어 개발 및 공급업,1997-05-20,12월
(주)윈투,"WINTO CO.,LTD",윈투, ,운일민,기타법인,131111-0041291,129-81-29438,경기도 성남시 분당구 수내동 9-4 현대오피스 908,www.winto.com,,기타 정보기술 및 컴퓨터운영 관련 서비스업,1999-07-20,12월
주식회사 윈트러스트,WINTRUST,윈트러스트, ,PARK VINCENT DAISHIG G,기타법인,110111-7209615,726-87-01422,"서울특별시 마포구 양화로 45 (서교동, 메세나폴리스) 18층", ,,유선 온라인 게임 소프트웨어 개발 및 공급업,2019-08-21,12월
(주)윈티앤티,winwint&t,윈티앤티, ,이태직,기타법인,110111-1539290,212-81-39387,서울특별시 강동구 명일2동 46-3,http://www.freecall.co.kr,,통신 재판매업,1998-04-24,12월
(주)윈피앤에스,WIN P&S,윈피앤에스, ,최홍식,기타법인,110111-0015465,218-81-00686,서울특별시 성동구 아차산로15길 19 우리W타워 (성수동2가),www.wooriservice.co.kr,,기타 인쇄물 출판업,1930-04-11,12월
(주)윌러스,WILUS.Inc,윌러스, ,황길영,기타법인,110111-2079881,201-81-60779,서울특별시 강남구 삼성동 169,www.wilus.com,,시스템 소프트웨어 개발 및 공급업,2000-09-29,12월
(주)윕스,"WIPS co.,ltd.",윕스, ,이형칠,기타법인,110111-1761140,105-86-02802,서울특별시 중구 북창동 93-45,www.wips.co.kr,,데이터베이스 및 온라인정보 제공업,1999-08-26,12월
(주)유-솔비넷,"U-Solbinet Co.,Ltd",유-솔비넷, ,설옥동,기타법인,110111-1553787,220-81-97471,서울특별시 구로구 구로동235 한신IT타워 1203,sobi.com,,시스템 소프트웨어 개발 및 공급업,1998-06-09,12월
유나이티드머천트서비스,"United Merchant Services, Inc",유나이티드머천트서비스, ,Jay Yoon,기타법인, ,010-06-67655,"255 Route 17 South, Hackensack, NJ 07601, USA",www.unitedmerchant.com,,데이터베이스 및 온라인정보 제공업,1996-06-03,12월
유나이티드픽처스 주식회사,"United Pictures Co., Ltd.",유나이티드픽처스, ,이태헌,기타법인,110111-3768243,104-86-10707,서울특별시 강남구 논현동 14-1, ,,일반 영화 및 비디오물 제작업,2007-10-12,12월
유넷시스템(주),unetsystem corporation,유넷시스템, ,심종헌,기타법인,110111-2709214,104-81-78809,서울특별시 금천구 가산동 533-2 롯데센터 7층,www.unet.kr,,시스템 소프트웨어 개발 및 공급업,2003-02-05,06월
(주) 유누스,UNUS,유누스, ,황성욱,기타법인,110111-4311405,220-87-96907,서울특별시 서초구 신반포로 320-5 하은빌딩 1층 경영지원팀,www.theunus.com,,시스템ㆍ응용 소프트웨어 개발 및 공급업,2010-03-06,12월
주식회사 유니드파트너스,"uNeedpartners.co.,Ltd",유니드파트너스, ,조규면,기타법인,110111-2450247,117-81-37838,서울특별시 서초구 효령로 46 대진빌딩 3층 303호,www.uneeds.com,,컴퓨터시스템 통합 자문 및 구축 서비스업,2002-01-01,12월
유니맥스정보시스템(주),"Unimax Information Systems Co., Ltd.",유니맥스정보시스템, ,김선태,기타법인,110111-1637002,116-81-71584,"경기도 안양시 동안구 학의로 268 (관양동, 메가밸리)",www.unimax.co.kr,,시스템 소프트웨어 개발 및 공급업,1999-01-20,12월
유니메오,UNIMEWO,유니메오, ,장승익,기타법인,110111-6369163,519-86-00793,"서울특별시 서초구 강남대로37길 56-18 (서초동, 서초에메랄드빌딩) 4층", ,,소프트웨어 개발 및 공급업,2017-04-13,12월
유니박스코리아,uniboxkorea co.ltd.,유니박스코리아, ,박동혁,기타법인,110111-1899595,214-86-52095,서울특별시 서초구 서초동1554-2,http://www.unibox.co.kr,,시스템 소프트웨어 개발 및 공급업,2000-03-08,12월
유니버설픽쳐스인터내셔널코리아유한회사,Universal Pictures International Korea Company,유니버설픽쳐스인터내셔널코리아, ,"재스퍼혹스트라, 정수진",기타법인,110114-0003266,203-81-42480,"서울특별시 종로구 종로3길 17 (청진동, D타워) 13층", ,,"영화, 비디오물 및 방송프로그램 배급업",1988-02-19,12월
유한회사 유니북스,TUNTUN ENGLISH.CO.LTD..,유니북스, ,박철균,기타법인,110114-0261020,120-81-51404,"서울특별시 강남구 논현로 164 (도곡동, 튼튼영어빌딩)",www.tuntun.com,,서적 출판업,1995-01-01,12월
유니소프트,UNISOFT,유니소프트, ,조용범,기타법인,120111-0124834,131-81-39642,인천광역시 남동구 구월1동 세정빌딩 8층,www.unisoft.co.kr,,시스템 소프트웨어 개발 및 공급업,1995-10-20,12월
유니소프트주식회사,"UNISOFT  Co., Ltd. ",유니소프트, ,김태봉,기타법인,110111-1447675,105-81-88431,서울특별시 강남구 논현동 151-31 대한법무사회관 8층,http://www.uni.co.kr,,시스템 소프트웨어 개발 및 공급업,1997-07-25,12월
(주)유니씨앤티,UNI C&T,유니씨앤티, ,김태훈,기타법인,110111-0429509,116-81-35711,서울특별시 강동구 성내동 551-1 다빛타워 2층,www.unicnt.com,,컴퓨터시스템 통합 자문 및 구축 서비스업,1986-06-17,12월
주식회사 유니온플레이스,"UNIONPLACE Co.,Ltd.",유니온플레이스, ,전종욱,기타법인,110111-5311107,119-86-83798,"서울특별시 구로구 디지털로33길 11 1302호, 1303호 (구로동, 에이스테크노타워8차)",www.unionplace.co.kr,,시스템 소프트웨어 개발 및 공급업,2014-01-09,12월
(주)유니워크,UNIWORK. INC,유니워크, ,문동찬,기타법인,110111-1844863,201-81-27727,서울특별시 중구 주자동 42-2 내외빌딩 509호,www.uniwork.co.kr,,시스템 소프트웨어 개발 및 공급업,2000-01-06,12월
유니컨버스 주식회사,"UniConverse Co.,LTD.",유니컨버스, ,하은용,기타법인,110111-3596454,109-86-06042,"서울특별시 강서구 양천로 13 (방화동, 한국공항빌딩 3층)",www.uniconverse.com,,호스팅 및 관련 서비스업,2007-01-10,12월
유니컨설팅(주),UNIBOSS Inc.,유니컨설팅, ,"오준영, 강봉주",기타법인,110111-1198955,112-81-41981,서울특별시 강남구 논현2동 116-5 성우빌딩 3층,www.uniboss.com,,시스템 소프트웨어 개발 및 공급업,1995-09-25,12월
(주)유니컴즈,UNICOMZ,유니컴즈, ,민병일,기타법인,134111-0211768,138-81-70324,경기도 군포시 엘에스로166번길 8 (금정동),www.mobing.co.kr,,통신 재판매업,2011-10-19,12월
유니코리아문예투자(주),uni-korea,유니코리아문예투자, ,염태순,기타법인,110111-1633381,214-86-28668,서울특별시 강남구 신사동 628-23 소촌빌딩 6층, ,,일반 영화 및 비디오물 제작업,1999-01-14,12월
유니코스넷(주),Unicos.net Inc,유니코스넷, ,최성호,기타법인,110111-1764350,214-86-38171,서울특별시 서초구 서초동1600-3대림빌딩9층,www.unicos.net,,시스템 소프트웨어 개발 및 공급업,1999-09-01,12월
주식회사 유니텍,Unitech Ltd.,유니텍, ,이훈민,기타법인,110111-0620555,114-81-33264,"서울특별시 구로구 디지털로33길 55 (구로동, 이앤씨벤처드림타워2차 601호)",www.unitech.co.kr,,시스템 소프트웨어 개발 및 공급업,1989-03-30,12월
유니텔네트웍스(주),UNITEL Networks,유니텔네트웍스, ,김영훈,기타법인,110111-2388026,211-87-04913,서울특별시 서초구 서초3동 1489-2 메디카빌딩 5~6층,www.udscorp.co.kr,,데이터베이스 및 온라인정보 제공업,2001-12-01,12월
유니티테크놀로지스코리아 유한회사,Unity Technologies Korea Limited,유니티테크놀로지스코리아, ,김인숙,기타법인,110114-0102654,120-87-72134,서울특별시 강남구 테헤란로 129 21층 (역삼동), ,,기타 게임 소프트웨어 개발 및 공급업,2011-07-22,12월
(주)유니파이,"BLUEWEB.Co.,Ltd",유니파이, ,김남진,기타법인,110111-1868748,106-81-85951,"서울특별시 성동구 성수일로8길 5 B동 3F (성수동2가, 서울숲SKV1TOWER)",www.blueweb.co.kr,,호스팅 및 관련 서비스업,2000-02-01,12월
주식회사 유니포스트,UNIPOST,유니포스트, ,김계원,기타법인,110111-4126028,104-86-21562,"서울특별시 강남구 강남대로 574 (논현동, 전기공사공제조합회관) 5층", ,,응용 소프트웨어 개발 및 공급업,2009-06-26,12월
(주)유니포인트,UNIPOINT Corp.,유니포인트,121060,"안국필, 정우천(공동대표이사)",코넥스시장,110111-1351660,116-81-62839,"경기도 과천시 과천대로12길 117디동 7층,8층(갈현동, 과천 펜타원)",www.unipoint.co.kr,,"컴퓨터 프로그래밍, 시스템 통합 및 관리업",1996-12-12,12월
주식회사 유닉스솔루션뱅크,Unix Solution Bank,유닉스솔루션뱅크, ,송원길,기타법인,110111-1775125,214-86-38337,경기도 성남시 분당구 이매동 75-2 위너스 빌딩 B1,www.unixsolutionbank.co.kr,,기타 정보기술 및 컴퓨터운영 관련 서비스업,1999-09-17,12월
(주)유디아이디,UDID,유디아이디, ,김재인,기타법인,110111-4790493,113-86-56537,"서울특별시 구로구 디지털로26길 61 1801호(구로동, 에이스하이엔드타워2차)", ,,시스템 소프트웨어 개발 및 공급업,2012-02-10,12월
(주)유디엠텍,"UDMTEK Co.,Ltd.",유디엠텍,389680,왕지남,코스닥시장,135811-0140053,135-81-92256,경기도 수원시 영통구 창룡대로256번길 91 에이스광교타워2 1405~1408호 &nbsp,www.udmtek.com,,응용 소프트웨어 개발 및 공급업,2007-05-28,12월
(주)유디피,UDP Technology Ltd.,유디피,091270,안정근,기타법인,110111-2115289,214-86-71980,서울특별시 강서구 마곡중앙1로 10 (마곡동) 한일노벨리아타워 717호,www.udptechnology.co.kr,,응용 소프트웨어 개발 및 공급업,2000-11-22,12월
(주)유라클,URACLE. Co. Ltd,유라클,088340,조준희,코스닥시장,110111-2155673,220-86-04415,서울특별시 서초구 방배로 231 -,www.uracle.co.kr/,,시스템 소프트웨어 개발 및 공급업,2001-01-19,12월
유리텍(주),"Uritec.co.,Ltd",유리텍, ,이주율,기타법인,110111-2004036,211-86-61203,서울특별시 동작구 흑석동 221 중앙대학교 제2공학관 창업보육센터 6층,www.uritec.com,,게임 소프트웨어 개발 및 공급업,2000-06-22,12월
주식회사 유맥시네마,"UMAC CINEMA CO.,LTD",유맥시네마, ,임장택,기타법인,200111-0237078,410-86-12217,광주광역시 광산구 손재로 436-68 (오선동), ,,영화관 운영업,2007-07-23,12월
(주)유무비,Yoomovie,유무비, ,유지태,기타법인,110111-3193317,211-87-62887,"서울특별시 서초구 명달로4길 81 (서초동, 맘편한집) 601호.", ,,일반 영화 및 비디오물 제작업,2005-04-01,12월
(주)유밥,ubob Inc.,유밥, ,민승재,기타법인,110111-4297746,214-88-55742,"서울특별시 영등포구 여의나루로 60 6층 (여의도동, 여의도우체국)", ,,응용 소프트웨어 개발 및 공급업,2010-03-05,12월
(주)유비닉스,ubnics corporation,유비닉스, ,홍성권,기타법인,110111-3094432,214-87-60248,서울특별시 서초구 서초동 다샤인 빌딩 3층,www.ubnics.com,,시스템 소프트웨어 개발 및 공급업,2004-10-01,12월
유비벨록스(주),UbiVelox Inc.,유비벨록스,089850,이흥복,코스닥시장,110111-2062167,119-81-41677,"서울특별시 구로구 디지털로26길 43 대륭포스트타워8차 엘동 15, 16, 17층(구로동)",www.veloxsoft.com,,시스템 소프트웨어 개발 및 공급업,2000-09-01,12월
(주)유비씨,"UVC Co., Ltd.",유비씨,495810,조규종,코넥스시장,110111-4340909,220-87-99108,"경기도 안양시 동안구 시민대로 248번길 25,1006호(관양동, 안양산업진흥원)",uvc.co.kr,,시스템 소프트웨어 개발 및 공급업,2010-04-30,12월
(주)유비온,UBION CO.LTD.,유비온,084440,임재환,코스닥시장,110111-1848675,119-81-34860,서울특별시 구로구 디지털로34길 27 대륭포스트타워3차 601,www.ubion.co.kr,http://www.ubion.co.kr/,소프트웨어 개발 및 공급업,2000-01-11,09월
(주)유비케어,"UBCARE CO., LTD.",유비케어,032620,김진태 대표이사,코스닥시장,110111-1105364,201-81-55688,"서울특별시 성동구 왕십리로 241 LF층(행당동, 서울숲더샵)",www.ubcare.co.kr,www.ubcare.co.kr,시스템 소프트웨어 개발 및 공급업,1994-12-02,12월
(주)유비티즌,UBITIZN,유비티즌, ,한동철,기타법인,110111-1443061,220-81-46410,서울특별시 강남구 역삼1동 824 - 24 동주빌딩 2층,www.ubitizn.com,,시스템 소프트웨어 개발 및 공급업,1997-07-22,12월
주식회사 유비플러스,"UBI-PLUS Co., Ltd.",유비플러스, ,조재억,기타법인,170111-0401026,504-81-86794,"강원도 춘천시 후석로420번길 7 820호(후평동, 하이테크타워)",www.ubi-plus.com,,시스템 소프트웨어 개발 및 공급업,2010-04-01,12월
(주)유스넷코리아,Youth net Korea Co.,유스넷코리아, ,"권용호, 박광호",기타법인,110111-1773525,211-86-56904,서울특별시 영등포구 여의도동 24번지 두레빌딩 403호,http://www.infostock.co.kr,,시스템 소프트웨어 개발 및 공급업,1999-09-15,12월
주식회사 유스토리나인,"U-Story9 Co., Ltd.",유스토리나인, ,조은영,기타법인,110111-4598318,108-81-96662,"서울특별시 서초구 방배중앙로 60 (방배동, 광희빌딩) 202호", ,,방송 프로그램 제작업,2011-05-10,12월
유스트림코리아주식회사,"USTREAM Korea Co., Ltd.",유스트림코리아, ,김진광,기타법인,110111-4792423,104-86-39849,"서울특별시 중구 후암로 110 (남대문로5가, 서울시티타워빌딩)",www.ustream.tv,,호스팅 및 관련 서비스업,2012-02-09,12월
유씨아이콜스(주),UC IndustryCommunityOnLineServices Inc.,유씨아이콜스,065810,"대표이사 이승훈의 직무대행자 박경홍, 대표이사 박준영 (각자대표)",기타법인,110111-1501249,211-86-26958,서울특별시 강남구 대치동 949-1,www.icols.com,www.icols.com,시스템 소프트웨어 개발 및 공급업,1998-01-09,12월
(주)유아이에스코리아,uiskorea,유아이에스코리아, ,고영준,기타법인,131311-0033921,125-81-34754,경기도 평택시 용이동 평택대학교 본관 404호, ,,시스템 소프트웨어 개발 및 공급업,2000-11-01,03월
주식회사 유알피,URPSYSTEM,유알피, ,이홍재,기타법인,110111-3088998,107-86-55270,"서울특별시 강서구 양천로 570 (등촌동, NH서울축산농협NH서울타워) 5층",www.urpsys.com/,,응용 소프트웨어 개발 및 공급업,2004-09-22,12월
주식회사 유에이에이코리아,"UAA KOREA Co.,Ltd.",유에이에이코리아, ,김재승,기타법인,110111-4893099,211-88-79406,"서울특별시 강남구 학동로31길 24 5층 (논현동,푸름빌딩)", ,,"영화, 비디오물 및 방송프로그램 배급업",2012-06-18,12월
주식회사 유엑스플러스엔진,UXPLUS ENGINE ,유엑스플러스엔진, ,"최영묵, 김정윤",기타법인,110111-7419652,609-88-01575,"서울특별시 서초구 서초대로46길 19-18 4층 (서초동, 성진빌딩)", ,,시스템 소프트웨어 개발 및 공급업,2020-03-10,12월
유엔아이(주),U&I INC,유엔아이, ,한창인,기타법인,164811-0016150,312-81-40016,경기도 과천시 별양동 1가 19번지 뉴코아6층,http://www.edumom.co.kr,,데이터베이스 및 온라인정보 제공업,2000-01-17,12월
유엔젤(주),UANGEL CORPORATION,유엔젤,072130,유지원,유가증권시장,131111-0041192,129-81-29383,경기도 성남시 분당구 황새울로240번길 3,www.uangel.com,,"자료처리, 호스팅, 포털 및 기타 인터넷 정보매개 서비스업",1999-07-14,12월
(주)유와이즈원,Uwiseone,유와이즈원, ,박영호,기타법인,110111-4504943,220-88-10828,"서울특별시 강남구 봉은사로 640 (삼성동, 에스빌딩)", ,,그 외 기타 정보 서비스업,2011-01-01,12월
유원미디어 주식회사,U1 media.com,유원미디어, ,"조순용, 박경수",기타법인,110111-3281625,107-86-67475,서울특별시 영등포구 여의도동 증권업협회 6층,u1media.com,,지상파 방송업,2005-08-03,12월
(주)유웨이,"Uway Co., Ltd.",유웨이, ,성윤석,기타법인,110111-1711020,208-81-27733,"서울특별시 서초구 효령로55길 23 (서초동, 동산빌딩) 9층",www.uway.com,,시스템 소프트웨어 개발 및 공급업,1999-06-10,06월
(주)유웨이어플라이,"UWAYAPPLY Co.,Ltd.",유웨이어플라이, ,성윤석,기타법인,110111-4353671,104-86-28148,"서울특별시 서초구 효령로55길 23 (서초동, 동산빌딩) 6,7,8,10층",www.uwayapply.com/,,응용 소프트웨어 개발 및 공급업,2010-05-19,03월
유윈아이티(주),"UWINIT Co., Ltd.",유윈아이티, ,정훈,기타법인,110111-4166991,107-87-25040,"서울특별시 성동구 성수일로8길 5 1901호 (성수동2가, 서울숲SKV1TOWER)",www.uwinit.co.kr,,컴퓨터 프로그래밍 서비스업,2009-08-20,12월
(주)유정메디칼,"Yoo Jeong Medical. Co.,Ltd",유정메디칼, ,윤정우,기타법인,110111-1792674,108-81-18711,서울특별시 동작구 성대로1길 9 (상도동),www.tostock.com,,데이터베이스 및 온라인정보 제공업,1999-10-19,12월
주식회사 유제이,"UJ co,.LTD",유제이, ,변성윤,기타법인,110111-4170009,107-87-24911,서울특별시 영등포구 여의도동 한서오피스텔 715, ,,응용 소프트웨어 개발 및 공급업,2009-09-01,03월
주식회사 유제티,"UXETI CO., LTD.",유제티, ,조준희,기타법인,110111-3971094,109-86-14936,서울특별시 강서구 등촌동 684-1 에이스테크노타워 901, ,,"컴퓨터 프로그래밍, 시스템 통합 및 관리업",2008-09-18,12월
주식회사 유젠,"UZEN Co., Ltd.",유젠, ,이상훈,기타법인,110111-4767195,220-88-30805,"서울특별시 강남구 테헤란로20길 9 (역삼동, 동궁빌딩) 6층",www.uzen.net,,시스템 소프트웨어 개발 및 공급업,2012-01-04,12월
주식회사 유조이월드홀딩스,"UJOY WORLD HOLDINGS CO., LTD",유조이월드홀딩스, ,양재호,기타법인,131111-0436715,881-86-00553,"서울특별시 마포구 마포대로 127 616호(공덕동, 풍림브이아이피텔)", ,,시스템 소프트웨어 개발 및 공급업,2016-02-02,12월
유진아이티서비스 주식회사 ,"EUGENE IT SERVICES Co.,Ltd.",유진아이티서비스, ,김창은,기타법인,110111-5577725,105-88-11926,"서울특별시 용산구 청파로 75 4층 (원효로3가, 전자랜드별관)",www.eugeneits.com/,,시스템 소프트웨어 개발 및 공급업,2014-12-01,12월
유진이엔티주식회사,EUGENE ENT,유진이엔티, ,강희석,기타법인,110111-8765020,429-88-03069,서울특별시 마포구 상암산로 76 (상암동), ,,일반 영화 및 비디오물 제작업,2023-10-16,12월
(주)유캠프,U-Camp Corp.,유캠프, ,이창민,기타법인,110111-7350153,207-87-01498,서울특별시 서초구 강남대로 369 12층 1668호(서초동), ,,시스템ㆍ응용 소프트웨어 개발 및 공급업,2020-01-08,12월
주식회사 유컴패니온그룹,"UCOMPANION GROUP Co., Ltd.",유컴패니온그룹, ,한수진,기타법인,110111-4890855,211-88-79196,"서울특별시 강남구 테헤란로 418 (대치동, 다봉빌딩) 12층 1218호",www.ucomp.co.kr,,"컴퓨터 프로그래밍, 시스템 통합 및 관리업",2012-06-20,12월
주식회사 유큐브,"U.CUBE Co., Ltd.",유큐브, ,김정범,기타법인,200111-0594832,228-81-05280,"서울특별시 강남구 논현로64길 18 (역삼동, 경풍빌딩) 3층",www.u-cube.kr,,컴퓨터시스템 통합 자문 및 구축 서비스업,2020-04-08,12월
유큐브(주),"UCUBE CO., LTD.",유큐브, ,허창용,기타법인,110111-2856908,220-86-70986,서울특별시 강남구 논현로28길 56 (도곡동) 정희빌딩5층,htt://www.ucube.kr,,컴퓨터시스템 통합 자문 및 구축 서비스업,2003-09-15,12월
주식회사 유클레아홀딩스,"Eucleia Holdings Co.,Ltd.",유클레아홀딩스, ,임보경,기타법인,110111-3101584,120-86-73403,"서울특별시 마포구 포은로2가길 62 4층 (합정동, 합정글로벌센터)",www.eclatnt.com,,프로그램 공급업,2004-10-19,12월
(주)유클릭,"Uclick Co., Ltd.",유클릭, ,엄남한,기타법인,110111-1735228,110-81-41781,서울특별시 중구 쌍림동 151-11번지 쌍림빌딩 9층,uclick.co.kr,,시스템 소프트웨어 개발 및 공급업,1999-07-16,12월
주식회사 유토피아게임즈,Utopiagames Inc.,유토피아게임즈, ,박준영,기타법인,110111-7766748,402-86-16304,서울특별시 강남구 학동로50길 14-1 (논현동), ,,시스템 소프트웨어 개발 및 공급업,2021-02-08,12월
주식회사 유티어,UTIER Corporation,유티어, ,황성철,기타법인,110111-3300326,220-87-15369,"경기도 안양시 동안구 학의로 250 710호 (관양동, 관양두산벤처다임)",www.utier.co.kr,,무선 및 위성 통신업,2005-09-05,12월
주식회사 유플러스기획,"uplus.co.,ltd",유플러스기획, ,김유훈,기타법인,110111-4319144,211-88-41569,"서울특별시 영등포구 양산로 91 (당산동3가, 리드원센터) 2층 210~211호, 3층 301~315호, 비401호~502호", ,,컴퓨터시설 관리업,2010-04-01,12월
주식회사 유플러스아이티,"U-PLUS IT Co.,Ltd.",유플러스아이티, ,김상하,기타법인,110111-3634676,119-81-96788,"서울특별시 영등포구 양평로21길 26 (양평동5가, 선유도역1차아이에스비즈타워) 908-909호",www.uplusit.com,,컴퓨터 프로그래밍 서비스업,2007-03-09,12월
(주)유플러스테크놀로지,U-PLUS TECHNOLOGY.Co.Ltd,유플러스테크놀로지, ,임병완,기타법인,180111-0505785,617-81-54282,대전광역시 중구 오류동 149-17 별정우체국 7층,www.uplustech.com,,시스템 소프트웨어 개발 및 공급업,2005-01-03,12월
유플리트 주식회사,UPLEAT,유플리트, ,최근화,기타법인,110111-3550799,220-87-37738,"서울특별시 마포구 잔다리로 39 (서교동, 로뎀빌딩) 4층", ,,시스템 소프트웨어 개발 및 공급업,2006-11-06,12월
(주)유피아커뮤니케이션,upiacommunication.co.ltd,유피아커뮤니케이션, ,선광호,기타법인,110111-2951534,109-81-90303,서울특별시 강서구 화곡3동 1032-23 유피아 B/D 3층,www.upia.co.kr,,데이터베이스 및 온라인정보 제공업,2004-02-01,12월
주식회사 유피케이홀딩스,"UPK Holdings Co.,Ltd.",유피케이홀딩스, ,민경임,기타법인,110111-5431179,220-88-80853,"서울특별시 강남구 테헤란로43길 14 4층 (역삼동, 청수빌딩)",-,,프로그램 공급업,2014-06-03,12월
(주)유피코리아,UP KOREA Corp.,유피코리아, ,류정호,기타법인,110111-2053033,206-81-29429,서울특별시 광진구 구의동 251-49,http://www.up119.co.kr,,서적 출판업,2000-08-21,12월
(주)유호스트,YOUHOST,유호스트, ,이윤석,기타법인,110111-3360388,119-81-85772,서울특별시 서초구 남부순환로 2495 원림빌딩 5층(서초동), ,,기타 정보기술 및 컴퓨터운영 관련 서비스업,2006-01-01,12월
주식회사 육공공구,"6009 Co,. Ltd.",육공공구, ,나홍식,기타법인,110111-6895598,361-88-01315,서울특별시 강남구 영동대로85길 34 (대치동) 8층 803호, ,,컴퓨터 프로그래밍 서비스업,2018-10-15,12월
주식회사 윤디자인,YOONDESIGN INC.,윤디자인, ,"윤영호, 조성민",기타법인,110111-3283217,211-87-69124,서울특별시 마포구 독막로9길 13 윤디자인빌딩,www.yoondesign.com,,기타 정보기술 및 컴퓨터운영 관련 서비스업,2005-08-08,12월
(주)윤선생웰스터디,"YOONS WELLSTUDY CO., LTD.",윤선생웰스터디, ,"YOON DAVID SOO, 설황수",기타법인,110111-6020228,695-81-00369,"서울특별시 강동구 강동대로 207 (성내동, 윤선생빌딩)", ,,교과서 및 학습서적 출판업,2016-04-01,12월
(주)윤스칼라,YOON'S COLOR,윤스칼라, ,윤석호,기타법인,110111-3024984,101-86-06091,서울특별시 마포구 상수동 86-10 ,www.yoonscolor.com,,방송 프로그램 제작업,2004-06-04,12월
주식회사 윤커뮤니케이션즈,"Yoon Communications Co.,Ltd.",윤커뮤니케이션즈, ,윤여주,기타법인,134111-0137568,138-81-32261,"경기도 안양시 동안구 벌말로 80 10층 (관양동, 더에이치타워919)", ,,컴퓨터시스템 통합 자문 및 구축 서비스업,2006-01-20,12월
주식회사 윤컴퍼니,"YoonCompany Co.,Ltd.",윤컴퍼니, ,윤정혁,기타법인,131111-0365188,144-81-21930,"경기도 성남시 분당구 대왕판교로 700 (삼평동, 코리아바이오파크) C동 3층", ,,컴퓨터 프로그래밍 서비스업,2014-02-24,12월
(주)융시스템,Yoong System Inc.,융시스템, ,박진기,기타법인,110111-0807474,214-81-32740,서울특별시 용산구 이태원동 34-145 양진빌딩,http://www.yoongsys.co.kr,,시스템 소프트웨어 개발 및 공급업,1991-10-10,12월
(주)을유문화사,"EULYOO PUBLISHING CO.,LTD.",을유문화사, ,정무영,기타법인,110111-0017164,102-81-01338,"서울특별시 마포구 월드컵로16길 52-7 (서교동, 을유문화사)",www.eulyoo.co.kr,,일반 서적 출판업,1945-12-01,12월
주식회사 음악과생활,music n life,음악과생활, ,조선정,기타법인,110111-5260677,108-86-08654,"서울특별시 서초구 서초대로1길 11 (방배동) 4층, 401호",www.music.re.kr,,교과서 및 학습서적 출판업,2011-02-05,06월
(주)이가엔터테인먼트,"YIGA ENTERTAINMENT CO.,LTD.",이가엔터테인먼트, ,이주형,기타법인,110111-2558736,211-87-16840,서울특별시 강남구 청담동 92-4 삼이빌딩 7층,http://www.yiga.co.kr,,음악 및 기타 오디오물 출판업,2002-07-02,12월
주식회사 이감,"YIGAM Co.,Ltd",이감, ,조성진,기타법인,110111-4920446,120-87-85755,"서울특별시 서초구 강남대로16길 3 3층,4층 (양재동, 양재디에스타워)",www.2sens.co.kr,,교과서 및 학습서적 출판업,2012-07-20,12월
(주)이게임즈,"E-Games,Inc",이게임즈, ,박호영,기타법인,110111-1863970,211-86-89671,서울특별시 중구 순화동 삼도빌딩 10층,www.game-q.com,,데이터베이스 및 온라인정보 제공업,2000-01-27,12월
(주) 이공이공,EGONGEGONG CORP.,이공이공, ,형주혁,기타법인,110111-7064457,881-88-01444,"서울특별시 서초구 서운로6길 22 (서초동) 뉴코아빌딩 2, 5층",egongegong.com/,,소프트웨어 개발 및 공급업,2019-04-02,12월
이그나이터랩스 주식회사,"Igniterlabs., Ltd",이그나이터랩스, ,김상민,기타법인,110111-8491526,312-86-79928,"서울특별시 강남구 강남대로156길 12 (신사동, 다복빌딩) 4층 디85호", ,,시스템 소프트웨어 개발 및 공급업,2022-12-01,12월
(주)이그잼,"EXAM CO.,LTD.",이그잼, ,정재윤,기타법인,110111-1967376,214-86-58430,서울특별시 동작구 노량진동 197 남강빌딩 7층,www.exam.co.kr,,데이터베이스 및 온라인정보 제공업,2000-05-13,12월
(주)이글로벌시스템,"eGlobal Systems Co.,Ltd",이글로벌시스템, ,강희창,기타법인,110111-3095026,114-86-39394,"서울특별시 강남구 선릉로93길 54 4층(역삼동, 일환빌딩)",www.eglobalsys.co.kr/,,시스템 소프트웨어 개발 및 공급업,2004-10-14,06월
(주)이글루코퍼레이션,IGLOO Corporation,이글루,067920,이득춘,코스닥시장,110111-1800659,107-81-72385,서울특별시 송파구 정의로8길 7 한스빌딩,igloo.co.kr,,기타 정보 서비스업,1999-11-02,12월
주식회사 이꼬르,ekkorr,이꼬르, ,신명용,기타법인,110111-4729145,119-86-48919,서울특별시 관악구 남부순환로 1820 (봉천동), ,,모바일 게임 소프트웨어 개발 및 공급업,2011-11-15,12월
이너비트주식회사,"Inervit,Ltd",이너비트, ,강태헌,기타법인,140111-0014522,221-81-18052,서울특별시 강남구 테헤란로21길 5 (역삼동) 이너스타워,inervit.com,,소프트웨어 개발 및 공급업,2001-06-18,12월
(주)이너큐브,"Inner Cube, Inc.",이너큐브, ,정윤기,기타법인,110111-2839714,104-81-82583,경기도 성남시 분당구 정자동 25-1번지 킨스타워 801호,www.innercube.co.kr,,데이터베이스 및 온라인정보 제공업,2003-08-13,12월
이네트웍파트너스주식회사,E-NETWORK PARTNERS CO.,이네트웍파트너스, ,안경섭,기타법인,110111-3552315,119-81-93670,서울특별시 금천구 가산동 371-28 우림라이온스밸리 B동311호,www.elogin.co.kr,,시스템 소프트웨어 개발 및 공급업,2006-11-06,12월
주식회사 이노그리드,"Innogrid co.,LTD.",이노그리드, ,김명진,기타법인,110111-3538191,220-87-36743,"서울특별시 중구 을지로 100 비동 10층 (을지로2가, 파인에비뉴)",www.innogrid.com,,시스템 소프트웨어 개발 및 공급업,2006-10-02,12월
이노뎁(주),INNODEP INC.,이노뎁,303530,이성진,코스닥시장,110111-3820738,113-86-18789,"서울특별시 금천구 디지털로9길 47 한신IT타워 2차 9층, 11층",innodep.co.kr,,소프트웨어 개발 및 공급업,2008-01-10,12월
주식회사 이노라임,"INNOLIME Co., Ltd",이노라임, ,전영진,기타법인,110111-4726373,220-88-27616,"서울특별시 서초구 남부순환로 2145(방배동, 4층)",www.innolime.com,,시스템 소프트웨어 개발 및 공급업,2011-11-10,05월
주식회사 이노라임,Innolime,이노라임, ,전영진,기타법인,110111-2396970,214-87-00949,서울특별시 강남구 역삼동 834-26 4층,www.innolime.com,,컴퓨터시스템 통합 자문 및 구축 서비스업,2001-12-17,12월
주식회사 이노레드,INNORED Inc.,이노레드, ,"박현우, 김태원",기타법인,110111-8703369,114-86-87372,서울특별시 강남구 봉은사로50길 20 (역삼동),www.innored.co.kr,,응용 소프트웨어 개발 및 공급업,2011-04-01,12월
(주)이노룰스,"INNORULES CO.,LTD",이노룰스,296640,"심현섭, 장인수(공동대표이사)",코스닥시장,110111-3598616,215-86-93537,서울특별시 송파구 법원로6길 7 유탑테크밸리 12층,innorules.com,https://innorules.irpage.co.kr/,응용 소프트웨어 개발 및 공급업,2007-01-11,12월
(주)이노솔루텍,INNOVATION SOLUTION TECHNOGOLY,이노솔루텍, ,김영일,기타법인,160111-0111643,314-81-39359,"대전광역시 유성구 원신흥로 122-11 , 3층(원신흥동, 명경프라II)",www.innost.co.kr/,,컴퓨터시스템 통합 자문 및 구축 서비스업,2001-02-08,12월
(주)이노시뮬레이션,"INNOSIMULATION CO., LTD.",이노시뮬레이션,274400,조준희,코스닥시장,110111-1977937,110-81-46170,서울특별시 강서구 마곡중앙8로7길 5 &nbsp,www.innosim.com,,시스템 소프트웨어 개발 및 공급업,2000-05-24,12월
(주)이노아이앤티,Eknow I&T,이노아이앤티, ,유택진,기타법인,110111-4474568,120-87-61414,"서울특별시 성동구 연무장5가길 25 1207호 (성수동2가, 성수역SKV1Tower)",www.eknowint.co.kr,,컴퓨터시스템 통합 자문 및 구축 서비스업,2010-11-18,12월
이노에버솔루션 주식회사,Innoever Solution,이노에버솔루션, ,김낙경,기타법인,110111-5046358,211-88-89087,"서울특별시 서초구 강남대로95길 19-4 601호(잠원동, 호영빌딩)",www.innoever.net,,응용 소프트웨어 개발 및 공급업,2013-01-22,12월
주식회사 이노에이지,InnoAG. inc,이노에이지, ,금정민,기타법인,110111-5327633,113-86-80755,서울특별시 강남구 강남대로 528 (논현동) 원앤원63.5빌딩 12층, ,,게임 소프트웨어 개발 및 공급업,2017-01-18,12월
주식회사 이노지엔에스,"Inno G&S Co.,Ltd.",이노지엔에스, ,성춘호,기타법인,110111-5122843,120-87-98022,"서울특별시 강남구 삼성로91길 28 6층(삼성동, CS빌딩)", ,,시스템 소프트웨어 개발 및 공급업,2013-04-26,12월
(주)이노크래프트,"INNO CRAFT CO.,LTD",이노크래프트, ,김종철,기타법인,110111-1899165,107-81-78720,서울특별시 금천구 가산동 345-9 SK트윈테크타워B동 614-615호,http://www.innocraft.com,,게임 소프트웨어 개발 및 공급업,2000-03-08,12월
(주)이노텔리텍,"InnoTeletek, Inc.",이노텔리텍, ,이병민,기타법인,160111-0089204,314-81-29002,대전광역시 유성구 전민동 461-25,www.innoteletek.com,,시스템 소프트웨어 개발 및 공급업,1999-11-06,12월
주식회사 이노트리,"INNOTREE CO.,LTD",이노트리, ,김병근,기타법인,110111-4758433,220-88-29991,서울특별시 강남구 테헤란로20길 20 (역삼동) 5층,innotree.com,,시스템 소프트웨어 개발 및 공급업,2011-12-27,12월
이노파이안 주식회사,"Innopaean Co., Ltd.",이노파이안, ,이승철,기타법인,110111-6658011,322-88-00908,"서울특별시 성동구 광나루로8길 31 2층201호,202호,203호(성수동2가, 성수에스케이브이원센터2))", ,,시스템 소프트웨어 개발 및 공급업,2018-02-12,12월
주식회사 이노피아테크,"Innopia Technologies, Inc.",이노피아테크, ,장만호,기타법인,110111-1918436,220-81-81912,경기도 성남시 중원구 상대원동 333-7 금강펜테리움IT타워 A동405호,www.innopiatech.com,,컴퓨터 프로그래밍 서비스업,2000-03-24,12월
주식회사 이노핀,Innofin Inc.,이노핀, ,"이승엽, 손상현",기타법인,134111-0389820,123-86-44800,서울특별시 영등포구 의사당대로 83 오투빌딩 서울핀테크랩,innofin.co.kr,,시스템 소프트웨어 개발 및 공급업,2014-07-29,12월
이노허브,innohub,이노허브, ,고성배,기타법인,110111-2798134,220-86-65367,서울특별시 금천구 가산동 롯데IT캐슬 2동 1017호,www.innohub.co.kr,,"컴퓨터 프로그래밍, 시스템 통합 및 관리업",2003-06-11,12월
(주)이누카,"Inuca Co., Ltd.",이누카, ,이순배,기타법인,110111-1991333,220-81-89710,서울특별시 강남구 역삼동 648 허바허바빌딩 8층,www.inuca.co.kr,,시스템 소프트웨어 개발 및 공급업,2000-06-08,12월
이누카인터랙티브주식회사,INUCA Interactive Corporation,이누카인터랙티브, ,김성덕,기타법인,110111-4187757,211-88-33642,서울특별시 강남구 삼성1동 무역센터아셈타워 7층,www.inuca.com,,게임 소프트웨어 개발 및 공급업,2009-10-05,12월
(주)이니즈,"E-Niz Co., Ltd.",이니즈, ,김영재,기타법인,110111-2016578,214-86-62797,서울특별시 서초구 양재동 275-7 한국전자빌딩 12층,http://www.insbox.com,,시스템 소프트웨어 개발 및 공급업,2000-07-04,12월
이니텍(주),"INITECH Co., Ltd.",이니텍,053350,김철균,코스닥시장,160111-0063240,314-81-19071,"서울특별시 구로구 디지털로26길 61 (구로동, 에이스하이앤드2차11층)",www.initech.com,,시스템 소프트웨어 개발 및 공급업,1997-06-13,12월
이데아게임즈 주식회사,IDEA Games Inc.,이데아게임즈, ,권민관,기타법인,110111-4246165,119-86-24391,"서울특별시 구로구 디지털로 300 (구로동, 지밸리비즈플라자)", ,,모바일 게임 소프트웨어 개발 및 공급업,2009-12-21,12월
이데아게임즈 주식회사,IDEA Games Inc.,이데아게임즈, ,권민관,기타법인,110111-6166577,290-87-00545,"서울특별시 구로구 디지털로 306 (구로동, 대륭포스트타워2차)", ,,모바일 게임 소프트웨어 개발 및 공급업,2016-09-01,12월
이데일리(주),"EDAILY CO.,LTD.",이데일리, ,"곽재선, 이익원",기타법인,110111-1853608,107-81-75795,"서울특별시 중구 통일로 92 (순화동, 케이지타워) 19층",www.edaily.co.kr,,데이터베이스 및 온라인정보 제공업,2000-01-15,12월
주식회사 이데일리씨앤비,"edaily C&B Co.,Ltd",이데일리씨앤비, ,이익원,기타법인,110111-2810128,114-86-28830,"서울특별시 중구 통일로 92 (순화동, 케이지타워) B1층",edaily.co.kr,,"유선, 위성 및 기타 방송업",2003-06-26,12월
이데일리엠 주식회사,"edailym Co . , Ltd",이데일리엠, ,"김상헌, 곽혜은",기타법인,110111-8319455,530-81-02788,"서울특별시 중구 통일로 92 (순화동, 케이지타워) 19층", ,,"신문, 잡지 및 정기간행물 출판업",2022-06-02,12월
주식회사 이데일리인포,"edailyinfo Co.,Ltd",이데일리인포, ,이익원,기타법인,110111-7373197,298-81-01643,"서울특별시 중구 통일로 92 (순화동, 케이지타워) 19층",www.edaily.co.kr,,그 외 기타 정보 서비스업,2020-01-31,12월
(주)이든커뮤니케이션,"Edon communication co., Ltd",이든커뮤니케이션, ,손원일,기타법인,110111-1845621,211-86-88594,서울특별시 강남구 신사동 660-14 벽천빌딩,www.ngtv.net,,데이터베이스 및 온라인정보 제공업,2000-01-07,12월
주식회사 이든티앤에스,"EDENTNS Co, Ltd",이든티앤에스, ,김연기,기타법인,110111-4086123,113-86-29442,"서울특별시 영등포구 국회대로62길 14 (여의도동, 한국보이스카우트연맹회관) 4층",www.edentns.com,,컴퓨터 프로그래밍 서비스업,2009-04-27,12월
이디비(주),EDB.CO.Ltd,이디비, ,김동선,기타법인,110111-2780355,215-86-42625,경기도 성남시 분당구 판교로255번길 58 403호(삼평동), ,,시스템ㆍ응용 소프트웨어 개발 및 공급업,2003-05-16,12월
(주)이디앤씨,"ED&C,LTD.",이디앤씨, ,조주경,기타법인,110111-1626386,116-81-70998,서울특별시 영등포구 양평동3가 46 이앤씨드림타워 11113,www.ednc.com,,소프트웨어 개발 및 공급업,1998-12-30,12월
이디에스 일렉트로닉 데이타시스템 코리아 주식회사,EDS Korea Ltd.,이디에스일렉트로닉데이타시스템코리아, ,Albert Ku,기타법인,110111-1302621,120-81-65456,서울특별시 중구 무교동 63, ,,컴퓨터시스템 통합 자문 및 구축 서비스업,1996-07-27,12월
(주)이라이프네트워크,ELIFE NETWORK,이라이프네트워크, ,김상진,기타법인,110111-2172578,114-86-06326,서울특별시 서초구 방배동 1000-1, ,,시스템 소프트웨어 개발 및 공급업,2001-02-15,12월
(주)이랜드이노플,"ELAND INNOPLE., Ltd",이랜드이노플, ,김지원,기타법인,110111-0747224,105-81-45524,서울특별시 강서구 마곡동로 146 (마곡동) 마곡이랜드글로벌알앤디센터, ,,컴퓨터시스템 통합 자문 및 구축 서비스업,1991-02-01,12월
(주)이랜서,eLancer Inc.,이랜서, ,박우진,기타법인,110111-1963639,209-81-25311,"서울특별시 강남구 테헤란로 410 11층(대치동, 금강타워)",www.elancer.co.kr,,포털 및 기타 인터넷 정보매개 서비스업,2000-05-09,12월
(주) 이레디지털,iredigital Co. Ltd,이레디지털, ,전용철,기타법인,124611-0266484,122-81-68838,인천광역시 남구 주안동 169-1 인천벤처센터 303호,www.iredigital.com,,데이터베이스 및 온라인정보 제공업,2001-10-23,01월
(주)이루넷,"Iroonet,Inc.",이루넷,041030,"김민종, 김만기(각자대표)",기타법인,110111-0838528,120-81-52062,서울특별시 강남구 도곡동 944-4 ,www.Iroonet.com,,서적 출판업,1992-02-27,12월
(주)이루온,ELUON Corporation,이루온,065440,"이승구, 이영성 (각자 대표이사)",코스닥시장,110111-1538664,214-86-23042,경기도 성남시 분당구 대왕판교로 660 유스페이스1 A동 9층 905호,eluon.com,,시스템 소프트웨어 개발 및 공급업,1998-04-23,12월
(주)이루온아이앤에스,ELUONINS Corporation,이루온아이앤에스, ,이승구,기타법인,110111-2236324,107-81-99894,"경기도 성남시 분당구 대왕판교로 660 (삼평동, 유스페이스1) A동 905호",www.eluonins.com,,"컴퓨터 프로그래밍, 시스템 통합 및 관리업",2001-05-11,12월
(주)이룸기술,"eroomtech Co., Ltd.",이룸기술, ,윤정석,기타법인,110111-0975750,220-81-06330,서울특별시 강남구 역삼동 698-30 준성빌딩 2층,www.eroomtech.com,,데이터베이스 및 온라인정보 제공업,1993-09-28,12월
(주)이룸지엔지,"EROOM G&G CO.,LTD.",이룸지엔지,050640,김문섭,기타법인,110111-1753452,109-81-59020,"서울특별시 마포구 동교로 191 (동교동, D.B.M빌딩) 501호",www.eroomkorea.com,,시스템 소프트웨어 개발 및 공급업,1999-08-13,12월
주식회사 이매지너스,"IMAGINUS Co.,Ltd.",이매지너스, ,최진희,기타법인,110111-8130562,516-86-02453,서울특별시 용산구 녹사평대로 170, ,,"영화, 비디오물 및 방송프로그램 배급업",2021-12-15,12월
주식회사 이매진스,"Imazins Co., Ltd",이매진스, ,박건원,기타법인,110111-3042324,201-81-87900,"서울특별시 마포구 독막로 311 (염리동, 재화스퀘어) 12층",www.imazins.com,,포털 및 기타 인터넷 정보매개 서비스업,2004-07-02,12월
(주)이매진아시아,"IMAGINE ASIA Co.,Ltd.",이매진아시아,036260,"김동구, 김종탁(각자 대표이사)",기타법인,131111-0004603,129-81-04567,서울특별시 강남구 도산대로30길 21 2층,www.wellmadestarment.com,http://www.imagineasia.com/,"영화, 비디오물, 방송프로그램 제작 및 배급업",1976-07-02,12월
(주)이머니,eMoney,이머니, ,성백진,기타법인,110111-2797342,107-86-35691,"서울특별시 마포구 독막로 311 (염리동, 재화스퀘어)",www.emoney.co.kr,,그 외 기타 정보 서비스업,2003-06-11,12월
주식회사 이머니,eMoney Inc.,이머니, ,김종환,기타법인,110111-1588445,105-81-95169,서울특별시 강남구 역삼동 680번지 대하빌딩 2층,http://www.emoney.co.kr,,데이터베이스 및 온라인정보 제공업,1998-10-01,12월
(주)이모션글로벌,Emotion global,이모션글로벌, ,"최복규, 강승진",기타법인,131111-0152684,129-81-91311,"서울특별시 강남구 언주로 637 (논현동, 싸이칸타워) 5층", ,,"컴퓨터시스템 통합 자문, 구축 및 관리업",2005-11-21,12월
(주)이모스트,e-MOST,이모스트, ,김성윤,기타법인,110111-2221713,120-86-20944,서울특별시 강남구 삼성동 159-6 도심공항타워 5층,www.emoden.com,,시스템 소프트웨어 개발 및 공급업,2001-04-21,01월
(주)이모코그,Emocog Inc.,이모코그, ,"노유헌, 이준영",기타법인,110111-7754511,609-87-02131,"서울특별시 관악구 보라매로5가길 7 411호(봉천동, 캐릭터그린빌)", ,,컴퓨터 프로그래밍 서비스업,2021-01-19,12월
이미래종합통신(주),"e-miraetotal communication co.,ltd.",이미래종합통신, ,장석봉,기타법인,110111-2066177,101-81-62370,서울특별시 서초구 양재동 275 동원산업빌딩 16층,www.e-miraekorea.com,,통신 재판매업,2000-09-06,12월
(주)이미르엔터테인먼트,YMIR Entertainment,이미르엔터테인먼트, ,이대영,기타법인,110111-1810492,105-86-04891,서울특별시 마포구 성산동 228-10 서교빌딩 6층,ymirgames.co.kr/,,게임 소프트웨어 개발 및 공급업,1999-11-15,12월
이미지온 주식회사,imageOn,이미지온, ,김동완,기타법인,131111-0095280,129-81-61587,"서울특별시 강남구 봉은사로103길 5 (삼성동, 성재빌딩) 4층",imageon.kr,,응용 소프트웨어 개발 및 공급업,2003-05-06,12월
(주)이바른손,E-Barunson Company Limited,이바른손, ,정기홍,기타법인,110111-2137960,114-86-05327,서울특별시 서초구 방배본동 764-19, ,,시스템 소프트웨어 개발 및 공급업,2000-12-27,12월
이베이재팬유한회사,eBay Japan LLC,이베이재팬, ,"구자현, 스티븐카이롱만",기타법인,110114-0217833,795-81-01033,서울특별시 강남구 테헤란로 142 14층, ,,시스템 소프트웨어 개발 및 공급업,2018-02-08,12월
이브로드캐스팅(주),e-broadcasting corp.,이브로드캐스팅, ,"김동환, 강준구",기타법인,110111-6845775,410-88-01145,서울특별시 영등포구 여의대로 108 파크원 타워1 28층(여의도동), ,,데이터베이스 및 온라인정보 제공업,2018-08-17,12월
(주)이브이알스튜디오,"Evr studio Co.,Ltd",이브이알스튜디오, ,"김재환, 윤용기",기타법인,110111-5948083,702-81-00236,서울특별시 강남구 테헤란로82길 15 (대치동)15호, ,,응용 소프트웨어 개발 및 공급업,2016-01-14,12월
주식회사 이비,"eB Co.,Ltd.",이비, ,최두영,기타법인,110111-2009135,214-86-62195,경기도 성남시 중원구 사기막골로 177 519호 (상대원동),ebwide.com,,기타 정보기술 및 컴퓨터운영 관련 서비스업,2000-06-27,12월
(주)이비뉴스산업경제,"ebnews Co. ,Ltd.",이비뉴스산업경제, ,김영락,기타법인,110111-1896327,104-81-50951,"서울특별시 강서구 양천로 583 (염창동, 우림블루나인비즈니스센터) 1301호 1302호",ebn.co.kr,,데이터베이스 및 온라인정보 제공업,2000-03-04,12월
이비엔코리아 주식회사,EBN KOREA,이비엔코리아, ,배정환,기타법인,154511-0010994,303-81-17831,충청북도 음성군 대소면 소석리 12-1, ,,시스템 소프트웨어 개발 및 공급업,1997-04-01,03월
(주) 이비와이스쿨,eby school Inc.,이비와이스쿨, ,박춘구,기타법인,110111-2679087,117-81-43077,서울특별시 마포구 도화동 560번지 한빛데시앙빌딩 4층,www.eby0579.com,,데이터베이스 및 온라인정보 제공업,2002-12-24,12월
(주)이비즈네트웍스,"EBIZNETWORKS.CO.,LTD ",이비즈네트웍스, ,박기범,기타법인,110111-3441211,220-87-30865,서울특별시 강남구 테헤란로82길 15 (대치동),www.ebiznetworks.co.kr,,컴퓨터 프로그래밍 서비스업,2006-05-11,12월
(주)이비즈컴,ebisscom,이비즈컴, ,한봉식,기타법인,110111-1224312,220-81-11361,서울특별시 강남구 역삼동 718-30 정인빌딩 501호,www.ebiss.co.kr,,시스템 소프트웨어 개발 및 공급업,1995-12-23,01월
이삭엔지니어링(주),"ISAAC Engineering Co., Ltd.",이삭엔지니어링,351330,"김창수, 김범수",코스닥시장,110111-3569865,113-86-10021,경기도 군포시 군포첨단산업1로 15,isaac-eng.com,,컴퓨터시스템 통합 자문 및 구축 서비스업,2006-11-28,12월
(주)이삼성,E. SAMSUNG,이삼성, ,신승익,기타법인,110111-1928120,220-81-83128,서울특별시 용산구 한남동 736-1 제일빌딩 10층, ,,데이터베이스 및 온라인정보 제공업,2000-04-01,12월
(주)이삼성인터내셔널,"e Samsung International Co., Ltd.",이삼성인터내셔널, ,박광영,기타법인,110111-1976856,220-81-88351,서울특별시 강남구 역삼동 707-19 일옥빌딩 23층, ,,자료 처리업,2000-05-23,12월
주식회사 이셀피아,"esellpia co.,Ltd",이셀피아, ,윤용,기타법인,110111-1780702,220-81-67720,서울특별시 강남구 논현2동 266∼278-3 한컴벤처타워 3층,www.esale.co.kr,,시스템 소프트웨어 개발 및 공급업,1999-10-04,12월
(주)이소프넷,"esofnet.co.,ltd.",이소프넷, ,민홍기,기타법인,110111-1785504,120-81-94271,서울특별시 강남구 도곡동 552-6 삼공빌딩,www.esofnet.com,,게임 소프트웨어 개발 및 공급업,1999-10-08,12월
주식회사 이소프팅,"esofting Co., Ltd.",이소프팅, ,"이종근, 김대수",기타법인,110111-1873383,220-81-78061,서울특별시 강남구 도곡동 467-6 대림아크로텔 C동 16층 C-1601,www.esofting.co.kr,,시스템 소프트웨어 개발 및 공급업,2000-02-09,12월
주식회사 이수시스템,ISU SYSTEM Co.Ltd,이수시스템, ,"손원동, 김상범",기타법인,110111-1304643,220-81-34781,서울특별시 서초구 사평대로 60 (반포동),www.isusystem.com/,,응용 소프트웨어 개발 및 공급업,1996-08-02,12월
이슈투데이(주),issuetoday,이슈투데이, ,임종두,기타법인,110111-1906811,119-81-36612,서울특별시 관악구 봉천7동 산4-2 서울대연구공원 본관 518호,www.issuetoday.com,,데이터베이스 및 온라인정보 제공업,2000-03-16,03월
주식회사 이스트게임즈,ESTgames Corp.,이스트게임즈, ,이형백,기타법인,110111-4635079,214-88-80538,"서울특별시 서초구 반포대로 3 5층 (서초동, 이스트빌딩)",www.estgames.co.kr,,기타 게임 소프트웨어 개발 및 공급업,2011-06-28,12월
(주)이스트랩,IST LAB,이스트랩, ,윤영진,기타법인,110111-3493973,206-86-09127,서울특별시 성동구 성수2가3동 성수아카데미타워 1505호, ,,시스템 소프트웨어 개발 및 공급업,2006-07-14,12월
(주)이스트소프트,ESTsoftCorp.,이스트소프트,047560,정상원,코스닥시장,110111-0974851,229-81-03214,"서울특별시 서초구 반포대로 3 6층,7층,8층 (서초동, 이스트빌딩)",www.estsoft.com,,시스템 소프트웨어 개발 및 공급업,1993-09-24,12월
주식회사 이스트시큐리티,ESTsecurity Corp.,이스트시큐리티, ,정진일,기타법인,110111-6278611,548-86-00471,"서울특별시 서초구 반포대로 3 (서초동, 이스트빌딩) 이스트빌딩 3층",https://www.estsecurity.com,,응용 소프트웨어 개발 및 공급업,2017-01-03,12월
(주)이스트에이드,ESTaid Corp.,이스트에이드,239340,김남현,코스닥시장,110111-5970961,598-87-00226,서울특별시 서초구 반포대로 3 이스트빌딩 -,www.zuminternet.com ,,"자료처리, 호스팅, 포털 및 기타 인터넷 정보매개 서비스업",2016-02-12,12월
(주)이스트 엔터테인먼트,East Entertainment,이스트엔터테인먼트, ,윤택중,기타법인,131111-0040110,129-81-28711,서울특별시 강남구 포이동 215-1 대산빌딩 3층,http://www.dream-east.com,,게임 소프트웨어 개발 및 공급업,1999-05-28,12월
주식회사 이스파이스,ESPICE INC,이스파이스, ,이동헌,기타법인,110111-4201466,220-87-88955,"서울특별시 송파구 송파대로 201 (문정동, 송파테라타워2) B동 707~708호", ,,컴퓨터시스템 통합 자문 및 구축 서비스업,2009-10-26,12월
이시아메디칼제일차 주식회사,-,이시아메디칼제일차, ,김미지,기타법인,110111-7179420,433-87-01684,"서울특별시 영등포구 여의대로 60 (여의도동, NH투자증권빌딩)", ,,"컴퓨터 프로그래밍, 시스템 통합 및 관리업",2019-07-22,12월
이십세기폭스코리아 주식회사,TWENTIETH CENTURY FOX KOREA INC.,이십세기폭스코리아, ,이주성,기타법인,110111-0574734,220-81-23173,"서울특별시 강남구 테헤란로 152 (역삼동, 강남파이낸스센터)",http://www.foxkorea.co.kr,,"영화, 비디오물 및 방송프로그램 배급업",1988-07-15,06월
이십세기 폭스 홈 엔터테인먼트 코리아 주식회사,Twentieth Century Fox home Entertainment Korea Inc.,이십세기폭스홈엔터테인먼트코리아, ,이주성,기타법인,110111-0919956,220-81-23187,서울특별시 강남구 역삼2동 726 아세아 타워빌딩 8층,www.fox.com,,"영화, 비디오물 및 방송프로그램 배급업",1993-03-01,06월
주식회사 이썸테크,"ESUMTECH CO.,LTD.",이썸테크, ,곽화섭,기타법인,110111-9144265,581-87-03394,"서울특별시 강남구 도산대로24길 4 (논현동, ES힐스)2층",https://www.esumtech.com/,,응용 소프트웨어 개발 및 공급업,2024-12-30,12월
(주)이쎄일,esale.inc,이쎄일, ,남민우,기타법인,110111-1819949,120-81-96245,"서울특별시 강남구 삼성동 143-40,41",esale.co.kr,,시스템 소프트웨어 개발 및 공급업,1999-12-01,12월
(주)이씨마이너,ECMiner,이씨마이너, ,민광기,기타법인,110111-1937171,108-81-21609,서울특별시 강남구 역삼1동 838-7 맥산빌딩 5층,ecminer.com,,시스템 소프트웨어 개발 및 공급업,2000-04-12,12월
(주)이씨앤아이티,"EC&iT CO., LTD.",이씨앤아이티, ,안정위,기타법인,110111-1253999,116-81-54718,서울특별시 용산구 효창동 5-601 황금빌딩3층,www.ecnit.co.kr,,시스템 소프트웨어 개발 및 공급업,1996-03-25,12월
(주)이씨에스텔레콤,"ECSTELECOMCo.,Ltd.",이씨에스,067010,현해남,코스닥시장,110111-1784457,220-81-68054,"서울특별시 서초구 반포대로28길 8 (서초동, 일홍빌딩 3,4,5층)",www.ecstel.co.kr,,"컴퓨터 프로그래밍, 시스템 통합 및 관리업",1999-10-07,03월
(주)이씨오,"ECO,Inc.",이씨오, ,이사영,기타법인,110111-1199268,211-86-14883,서울특별시 성동구 성수2가3동 277∼281,www.eco.co.kr,,시스템 소프트웨어 개발 및 공급업,1995-09-27,12월
(주)이아이디비,"E-IDB Co.,Ltd.",이아이디비, ,서정윤,기타법인,110111-2121806,211-86-69729,서울특별시 송파구 가락동 91-5 부성빌딩 3층 301,www.e-idb.co.kr,,컴퓨터시스템 통합 자문 및 구축 서비스업,2000-12-01,12월
주식회사 이안그로우미디어,IAAN GROW MEDIA,이안그로우미디어, ,고경권,기타법인,110111-2331893,215-86-53272,"서울특별시 마포구 홍익로5길 44 (서교동)  7,8,9,10층", ,,방송 프로그램 제작업,2004-01-28,12월
(주)이앤미래,LEE&Mirae,이앤미래, ,이동훈,기타법인,110111-5734226,721-86-00120,서울특별시 용산구 한강대로15길 19-15 (한강로3가), ,,일반 서적 출판업,2015-05-27,12월
이앤비스타스 주식회사,enbstars co ltd ,이앤비스타스, ,이태형,기타법인,110111-3181982,201-81-91229,서울특별시 강남구 신사동 644-3 세화빌딩 502호,www.enbstars.com,,방송 프로그램 제작업,2005-03-07,12월
(주)이앤앤,Energy Network News ,이앤앤, ,김완진,기타법인,110111-1570103,120-81-82168,서울특별시 강남구 역삼동 656-18 우진빌딩 3층,www.enn.co.kr,,신문 발행업,1998-07-28,12월
이앤텔주식회사, ,이앤텔, ,장석중,기타법인,110111-1808926,101-81-51612,서울특별시 종로구 세종로 100 한국통신빌딩706, ,,통신 재판매업,1999-11-15,12월
주식회사 이야기,"IYAGI Co., Ltd",이야기, ,금훈섭,기타법인,170111-0092859,501-81-18996,"대구광역시 남구 명덕로 104 401호(대명동, 아이씨티파크2관)",www.iyagi.co.kr,,시스템 소프트웨어 개발 및 공급업,1995-12-11,12월
(주)이야모바일,EEYA-MOBILE,이야모바일, ,장부중,기타법인,110111-5703685,879-88-00097,"서울특별시 강남구 역삼로 601 (대치동, 보성빌딩) 3층", ,,응용 소프트웨어 개발 및 공급업,2017-07-14,12월
(주)이야소프트,"EYASOFT CO.,LTD.",이야소프트, ,한정연,기타법인,110111-3091199,220-86-92471,서울특별시 강남구 역삼2동 726-1 근도빌딩 4층,www.eyasoft.co.kr,,게임 소프트웨어 개발 및 공급업,2004-09-30,12월
이에스이 주식회사,"ESE Co., Ltd.",이에스이, ,박경식,기타법인,130111-0059592,124-81-72075,"경기도 성남시 분당구 판교로228번길 15 1단지 3동 501호(삼평동, 판교세븐벤처밸리1)",www.eseict.com,,시스템 소프트웨어 개발 및 공급업,2000-04-24,12월
(주)이에스인포매틱스,ES Informatics,이에스인포매틱스, ,최정열,기타법인,110111-1903247,107-81-78905,"서울특별시 영등포구 국제금융로6길 30 407호 (여의도동, 백상빌딩)", ,,소프트웨어 개발 및 공급업,2000-03-10,12월
이에스지에이치,eSumtech,이에스지에이치, ,곽화섭,기타법인,110111-1156359,114-81-64826,"서울특별시 마포구 성암로 330 512~513호(상암동, DMC첨단산업센터)",www.esumtech.com,,시스템 소프트웨어 개발 및 공급업,1995-05-20,12월
이에스지코프 주식회사,ESG CORP,이에스지코프, ,조동익,기타법인,110111-1751810,120-81-92346,서울특별시 동대문구 답십리동 494-1 2층,http://www.esgcorp.co.kr,,시스템 소프트웨어 개발 및 공급업,1999-08-12,03월
(주)이에스프로덕션,"ES PRODUCTION CO., Ltd",이에스프로덕션, ,이승은,기타법인,110111-5689611,586-81-00065,"서울특별시 마포구 월드컵북로 361 (상암동, DMC이안오피스텔) 111호", ,,방송 프로그램 제작업,2015-04-15,12월
이에이치디닷컴,e-hd.com,이에이치디닷컴, ,김동진,기타법인,134511-0039881,135-81-37587,경기도 용인시 구성읍 마북리 산80-9,http//www.e-hd.com,,컴퓨터시스템 통합 자문 및 구축 서비스업,2000-04-06,12월
주식회사 이에이치케이이앤에스,"EHK E&S Co., Ltd.",이에이치케이이앤에스, ,안영완,기타법인,110111-6830156,339-81-01231,"서울특별시 마포구 매봉산로 45 (상암동, KBS미디어센터) 14층", ,,위성 및 기타 방송업,2018-08-01,12월
이엑스이씨엔티(주),"EXE C&T CO., LTD",이엑스이씨엔티, ,"강석현, 김형태",기타법인,110111-1410391,229-81-27273,서울특별시 강남구 역삼동 708-8번지 세방빌딩 신관 5층,www.execnt.com,,시스템 소프트웨어 개발 및 공급업,1997-05-02,12월
주식회사 이엔캐스트,ENCAST,이엔캐스트, ,조영봉,기타법인,110111-5815274,617-86-27096,"서울특별시 마포구 월드컵북로 434 (상암동, 상암ITTower) 1202호", ,,"영화, 비디오물 및 방송프로그램 배급업",2015-09-01,12월
주식회사 이엔피게임즈,"ENP Games Co.,Ltd.",이엔피게임즈, ,이승재,기타법인,110111-4965450,113-86-64298,"서울특별시 금천구 디지털로9길 65 1201호(가산동, 백상스타타워1차)",www.enpgames.co.kr,,게임 소프트웨어 개발 및 공급업,2012-09-20,12월
(주)이엘씨앤씨,EL C&C,이엘씨앤씨, ,김경호,기타법인,134911-0033629,140-81-16551,서울특별시 금천구 가산동 우림라이온스밸리 B-210, ,,게임 소프트웨어 개발 및 공급업,2006-07-05,12월
(주)이엠시네마,emcinema,이엠시네마, ,양승만,기타법인,131411-0159733,134-86-17638,부산광역시 해운대구 좌동 1479-1 웅신시네아트8층,hi-sunday@hanmail.net,,영화관 운영업,2004-09-21,12월
(주)이엠씨코리아,"Emckorea co.,ltd",이엠씨코리아, ,김점용,기타법인,180111-0259150,606-81-18253,부산광역시 남구 대연3동 21세기센츄리시티건물 908호,www.emckorea.com,,시스템 소프트웨어 개발 및 공급업,1998-06-10,12월
(주) 이엠텔,"EMTEL Co., Ltd",이엠텔, ,조계현,기타법인,110111-2576241,206-81-73100,서울특별시 광진구 자양동 685-2,www.emtel.co.kr,,정보서비스업,2002-07-25,12월
이오넥스 주식회사,"Eonex Technologies,Inc.",이오넥스, ,전성환,기타법인,110111-1941297,120-86-04003,경기도 성남시 분당구 수내동 19-1 농협빌딩 3층 ,http://www.eonex.com/,,시스템 소프트웨어 개발 및 공급업,2000-04-17,12월
주식회사 이오이스,IOYS,이오이스, ,김제형,기타법인,110111-5502764,104-86-56800,"서울특별시 금천구 디지털로10길 78 (가산동, 가산테라타워) 725호",www.ioys.co.kr,,소프트웨어 개발 및 공급업,2014-10-01,12월
(주)이웃,"hyodohaja co., ltd.",이웃, ,이흥복,기타법인,124611-0260444,121-81-46772,인천광역시 중구 도원동 12-11 도원빌딩 4층,www.hyodohaja.com,,시스템 소프트웨어 개발 및 공급업,2001-08-14,12월
(주)이원정보기술,"E1 Information Technology Co., Ltd.",이원정보기술, ,이태국,기타법인,110111-2124595,214-86-72844,경기도 성남시 분당구 판교역로 231 (삼평동) 811호,www.enterprise1.co.kr/,,응용 소프트웨어 개발 및 공급업,2000-12-07,12월
이유게임 주식회사,Eyou Game,이유게임, ,YU HONGLEI,기타법인,110111-6501749,494-87-00754,"서울특별시 금천구 가산디지털1로 181 (가산동, 가산더블유센터) 2005,2006호", ,,모바일 게임 소프트웨어 개발 및 공급업,2017-08-30,12월
(주) 이유니크,"EUNIQUE CO., LTD.",이유니크, ,박인철,기타법인,110111-1255614,107-81-91214,서울특별시 영등포구 여의도동 26-3 원창빌딩 302,-,,컴퓨터시설 관리업,1996-03-28,12월
이이씨정보통신(주),"EEC Information Technology Co., Ltd.",이이씨정보통신, ,이현종,기타법인,110111-1688443,212-81-42354,서울특별시 강동구 성내동 448-13, ,,컴퓨터시스템 통합 자문 및 구축 서비스업,1999-04-28,12월
이일켐(주),EILCHEM,이일켐, ,정대원,기타법인,206211-0049649,417-81-46969,전라남도 여수시 삼동로 27-9 (주삼동), ,,정보서비스업,2013-08-01,12월
주식회사 이제이엔,EJN Corp.,이제이엔, ,박찬제,기타법인,110111-5958248,780-86-00298,"서울특별시 강남구 테헤란로 504 8층 (대치동, 해성빌딩)",ejn.gg/,,응용 소프트웨어 개발 및 공급업,2016-01-26,12월
이제이커뮤니케이션스(주),EJ Communications,이제이커뮤니케이션스, ,김영환,기타법인,110111-2560806,201-81-75030,서울특별시 중구 을지로4가 310-68 삼풍빌딩 12층, ,,컴퓨터시설 관리업,2002-07-04,12월
(주)이젠프리글로벌,Ezenfree Global,이젠프리글로벌, ,마윤식,기타법인,110111-2272972,109-81-71757,서울특별시 강남구 역삼동 725-21 청송빌딩 3층,http://www.ki-telecom.com,,통신 재판매업,2001-06-29,12월
(주)이즈소프트,ISSOFT,이즈소프트, ,서현배,기타법인,134111-0094015,123-81-75934,"경기도 군포시 공단로140번길 46 (당정동) 1001, 1002, 1003, 1004호",www.is-soft.co.kr/,,응용 소프트웨어 개발 및 공급업,2002-02-27,12월
(주)이즈파크,"ISPARK CO.,",이즈파크, ,김갑산,기타법인,194211-0101626,609-81-90161,"경상남도 창원시 의창구 창원대로18번길 46 (팔용동, 경남창원과학기술진흥원) 816-818호",www.ispark.kr,,시스템 소프트웨어 개발 및 공급업,2009-10-09,12월
이지게임텍,eggametech,이지게임텍, ,단경호,기타법인,110111-1969091,120-86-05550,서울특별시 강남구 대치동999번지대양빌딩8층,www.eggame.com,,게임 소프트웨어 개발 및 공급업,2000-05-16,12월
(주)이지로보틱스,EZROBOTICS,이지로보틱스, ,범진환,기타법인,130111-0067983,135-81-44040,경기도 수원시 영통구 영통2동 디지탈엠파이어빌딩 D동 1101호,www.ezrobotics.com,,응용 소프트웨어 개발 및 공급업,2001-02-21,12월
이지모아닷컴(주),ezmoa.com corporation,이지모아닷컴, ,이준식,기타법인,134111-0069422,123-81-51591,서울특별시 영등포구 여의도동 17-13 중앙빌딩 10층,www.ezmoa.com,,게임 소프트웨어 개발 및 공급업,1999-10-30,12월
(주)이지소프텍,EASY SOFTEC CO.LTD.,이지소프텍, ,노영훈,기타법인,110111-0861123,220-81-00942,서울특별시 강남구 역삼동 649-6,www.jamak.co.kr,,기타 인쇄물 출판업,1992-06-05,12월
주식회사 이지스,"EGIS Co., Ltd",이지스,261520,박광목,코스닥시장,170111-0191495,503-81-49156,"대구광역시 수성구 알파시티1로31길 2, 401호",www.egiskorea.com/,,시스템 소프트웨어 개발 및 공급업,2001-02-26,12월
(주)이지스네트웍스,Igis Networks,이지스네트웍스, ,박동규,기타법인,110111-6276441,188-81-00594,"서울특별시 강남구 테헤란로4길 14 (역삼동, 미림타워) 1504호", ,,정보서비스업,2017-01-02,12월
이지스엔터프라이즈(주),AEGIS HYOSUNG,이지스엔터프라이즈, ,최병인,기타법인,110111-2109034,120-86-14122,서울특별시 강남구 청담1동 청담빌딩,www.allthegate.com,,데이터베이스 및 온라인정보 제공업,2000-11-13,12월
(주)이지스헬스케어,Eghis healthcare Inc.,이지스헬스케어, ,김승수,기타법인,120111-0862252,883-87-00463,서울특별시 강서구 마곡중앙5로 22 8층(마곡동), ,,응용 소프트웨어 개발 및 공급업,2017-02-10,12월
(주)이지시스템,Easy  System Inc.,이지시스템, ,이승호,기타법인,110111-1021304,220-81-03309,서울특별시 금천구 가산디지털1로 168 (우림라이온스밸리 C-1312호),www.easy.co.kr,,시스템 소프트웨어 개발 및 공급업,1994-03-22,12월
(주)이지씨앤씨,"EASY CONTENTS & COMMUNITY., CO.STD",이지씨앤씨, ,김용화,기타법인,134111-0058483,138-81-15850,서울특별시 마포구 망원동 481-1 동성 B/D 5층,www.egc.co.kr,,시스템 소프트웨어 개발 및 공급업,1998-01-03,12월
이지앤웰니스 주식회사,"EZNwellness Co., Ltd.",이지앤웰니스, ,강민재,기타법인,110111-5713395,423-86-00129,"서울특별시 구로구 디지털로34길 43 (구로동, 코오롱싸이언스밸리1차) 11층",www.eznwellness.com,,응용 소프트웨어 개발 및 공급업,2015-05-01,12월
이지엔컴퍼니주식회사,"EZN Company Co., Ltd.",이지엔컴퍼니, ,김상용,기타법인,110111-7549946,610-87-01675,"서울특별시 구로구 디지털로34길 43 (구로동, 코오롱싸이언스밸리1차) 11층 1106호", ,,시스템 소프트웨어 개발 및 공급업,2020-07-10,12월
(주)이지원인터넷서비스,"Ezwon internet service co.,Ltd",이지원인터넷서비스, ,김연희,기타법인,111611-0070252,128-81-87167,"경기도 성남시 수정구 위례서일로 18 (창곡동, 더존메디컬타워) 8층 801호",www.wedisk.co.kr,,데이터베이스 및 온라인정보 제공업,2003-10-02,12월
주식회사 이지컨텐츠미디어,"EG Contents Media, Co.Ltd.",이지컨텐츠미디어, ,"안제현, 김태훈",기타법인,110111-3799925,114-86-63332,서울특별시 강남구 논현동 60-9 삼화빌딩, ,,방송 프로그램 제작업,2007-12-01,12월
이지케어텍(주),"ezCaretech Co., LTD",이지케어텍,099750,홍우선,코스닥시장,110111-2165838,101-81-67322,"서울특별시 중구 퇴계로 307 4층, 5층, 6층(광희동1가,광희빌딩)",www.ezcaretech.com,,응용 소프트웨어 개발 및 공급업,2001-02-07,03월
이지콜정보통신(주),EASY-CALL TELECOM CO.,이지콜정보통신, ,이광수,기타법인,130111-0059542,124-81-71343,경기도 수원시 팔달구 인계동 1120 농조빌딩 703,WWW.EZ-CALL.CO.KR,,그 외 기타 전기 통신업,2000-03-28,12월
(주)이지통신,"IJI COM CO, LTD.",이지통신, ,김완기,기타법인,110111-1560336,120-81-81437,서울특별시 서초구 방배3동 1001-1 서초전화국빌딩,www.iji.co.kr,,시스템 소프트웨어 개발 및 공급업,1998-06-29,12월
주식회사 이채널,"e-Channel Co.,Ltd.",이채널, ,엄재용,기타법인,110111-1861685,201-81-28236,"서울특별시 종로구 새문안로 68 (신문로1가, 흥국생명빌딩) 9층",www.imtcast.com/echannel,,프로그램 공급업,2000-02-01,12월
(주)이천유선방송사,Icheon broadcasting COMM.,이천유선방송사, ,이상윤,기타법인,134411-0011047,126-81-29972,경기도 이천시 중리동 171-7, ,,유선 방송업,1997-09-09,12월
이촌매니지먼트컨설팅,echonmanagementconsulying,이촌매니지먼트컨설팅, ,이종현,기타법인,110111-2066672,107-81-89663,서울특별시 영등포구 여의도동 미원 1801, ,,컴퓨터시스템 통합 자문 및 구축 서비스업,2000-09-15,12월
주식회사 이카운트,ECOUNT Inc.,이카운트, ,김신래,기타법인,110111-1755002,220-81-65848,"서울특별시 구로구 디지털로26길 61 (구로동, 에이스하이엔드타워2차) 603호",https://www.ecount.co.kr/,,응용 소프트웨어 개발 및 공급업,1999-08-18,12월
이케이 주식회사,"EK Co., Ltd.",이케이, ,이희주,기타법인,110111-1903883,214-86-51854,"경기도 용인시 기흥구 기흥로 58 비동 2901호(구갈동, 기흥ICT밸리 SKV1)", ,,시스템 소프트웨어 개발 및 공급업,2000-03-15,12월
주식회사 이케이게임즈,EK GAMES Inc. ,이케이게임즈, ,조은기,기타법인,131111-0367209,144-81-22773,"경기도 성남시 분당구 구미로 11 (구미동, 포인트타운) 701호",ekgames.net/,,게임 소프트웨어 개발 및 공급업,2014-02-21,12월
주식회사 이콕스,e-cokes CO.,이콕스, ,이경순,기타법인,110111-2053463,105-86-16252,서울특별시 마포구 동교동 엘지팰리스빌딩,www.e-cokes.com,,기타 정보기술 및 컴퓨터운영 관련 서비스업,2000-08-22,12월
이콴트네트웍서비스(주),EQUANT,이콴트네트웍서비스, ,정왕진,기타법인,110111-1124372,110-81-31982,서울특별시 중구 순화동 1-170, ,,기타 정보기술 및 컴퓨터운영 관련 서비스업,1995-02-03,12월
이쿠얼키 주식회사,"equalkey corp.,",이쿠얼키, ,조봉한,기타법인,110111-6116069,426-87-00450,"서울특별시 강남구 테헤란로98길 28 (대치동), 성연빌딩3층",www.equalkey.com,,응용 소프트웨어 개발 및 공급업,2016-07-01,12월
주식회사 이큐포올,EQ4ALL,이큐포올, ,"고승용, 이인구",기타법인,110111-6562569,161-81-00885,서울특별시 강남구 논현로76길 11 (역삼동) 4층,www.eq4all.co.kr,,시스템ㆍ응용 소프트웨어 개발 및 공급업,2017-11-08,12월
(주)이크레더블,"e-Credible Co., Ltd.",이크레더블,092130,민영창,코스닥시장,110111-2303305,105-86-28840,서울특별시 구로구 디지털로33길 27 삼성IT밸리 8층,www.ecredible.co.kr,,데이터베이스 및 온라인정보 제공업,2001-08-06,12월
(주)이클래스소사이어티,eclassociety,이클래스소사이어티, ,정찬형,기타법인,110111-1266687,215-81-58516,서울특별시 송파구 방이동 51-11,www.eclassociety.com,,데이터베이스 및 온라인정보 제공업,1999-03-11,12월
유한회사 이태원클라쓰문화산업전문회사,Itaewon Class LLC. engaged in cultural industries,이태원클라쓰문화산업전문회사, ,함영훈,기타법인,110114-0244258,828-87-01387,서울특별시 마포구 상암산로 48-6, ,,방송 프로그램 제작업,2019-06-27,12월
(주)이텐티브이,ETN TV(Entertainment television Network),이텐티브이, ,김선욱,기타법인,110111-1981201,211-86-99276,서울특별시 서초구 서초동 1563-10 , ,,프로그램 공급업,2000-05-27,12월
(주)이토마토,etomato,이토마토, ,김성휘,기타법인,110111-1086275,118-81-10583,"서울특별시 마포구 양화진4길 32 (합정동, (주)이토마토)",www.etomato.com,,데이터베이스 및 온라인정보 제공업,1994-10-14,03월
(주)이투데이,"etoday Co., Ltd.",이투데이, ,김상우,기타법인,110111-3432674,107-86-76896,"서울특별시 동작구 여의대방로62길 1 (대방동, 이투데이빌딩)",www.etoday.co.kr,,신문 발행업,2006-04-05,12월
주식회사 이투비,e2b,이투비, ,"김두현, 이구식",기타법인,110111-1572935,116-81-70440,서울특별시 강남구 삼성동 8-2 남경빌딩 2층,www.e2b.co.kr,,시스템 소프트웨어 개발 및 공급업,1998-08-06,12월
(주)이투스그룹,Etoos Group Inc.,이투스그룹, ,김문수,기타법인,110111-2047218,119-81-41134,서울특별시 서초구 서초동 1549-7,www.etoos.co.kr,,서적 출판업,2000-08-10,12월
(주)이투시네마,"E2 CINEMA CO., LTD",이투시네마, ,이건행,기타법인,234111-0053549,621-81-81416,경상남도 양산시 중부동 685-6 바나나빌딩 6층, ,,영화관 운영업,2009-09-08,12월
이트라이브,"ETRIBE CO.,LTD.",이트라이브, ,이주민,기타법인,110111-3402586,119-81-87367,"서울특별시 마포구 월드컵북로4길 81 (동교동, WAWA109사옥)",www.etribe.co.kr/,,컴퓨터 프로그래밍 서비스업,2006-02-21,12월
(주)이티솔루션즈,THE ELECTRONIC TIMES,이티솔루션즈, ,구원모,기타법인,110111-0311938,107-81-49507,"서울특별시 영등포구 버드나루로12가길 51 (94-152,영등포동 2가)",etnews.co.kr,,서적 출판업,1982-02-04,12월
주식회사이티엠에스,"ETMS Co.,Ltd.",이티엠에스, ,김용진,기타법인,110111-7060679,256-88-01406,"서울특별시 금천구 가산디지털1로 137 (가산동, IT캐슬2차) 1201호",www.ondisk.co.kr,,데이터베이스 및 온라인정보 제공업,2019-03-29,12월
(주)이파워게이트,E-POWERGATE,이파워게이트, ,최은석,기타법인,110111-2037699,214-86-64932,서울특별시 강남구 삼성동 144-3 송현빌딩 7층,WWW.epowergate.co.kr,,기타 정보기술 및 컴퓨터운영 관련 서비스업,2000-07-29,12월
주식회사 이파피루스,ePapyrus Inc.,이파피루스, ,김정희,기타법인,110111-3017385,206-81-91016,"경기도 성남시 분당구 판교역로 230 B동 4층 408,409,410호(삼평동,삼환하이펙스)",www.epapyrus.com,,시스템 소프트웨어 개발 및 공급업,2004-05-22,12월
(주)이팝소프트,epopsoft,이팝소프트, ,"박종흠, 최영민",기타법인,110111-6902202,187-86-01090,"서울특별시 강남구 테헤란로 410 (대치동, 금강타워) 11층, 비09호(대치동, 금강타워)", ,,응용 소프트웨어 개발 및 공급업,2018-10-23,12월
주식회사 이포넷,"E4NET CO,. LTD.",이포넷, ,이수정,기타법인,131111-0030749,129-81-23676,"서울특별시 강남구 테헤란로87길 21 15층 (삼성동, 동성빌딩)",www.e4net.net,,시스템ㆍ응용 소프트웨어 개발 및 공급업,1997-10-03,12월
(주)이포인트,E.POINT Inc,이포인트, ,조명진,기타법인,110111-1078602,211-86-33070,서울특별시 강남구 신사동 630-12,www.epoint.com,,애니메이션 영화 및 비디오물 제작업,1994-09-26,12월
주식회사 이포즌,EPOZEN,이포즌, ,김영진,기타법인,110111-3336206,206-86-03201,"서울특별시 성동구 상원1길 26 (성수동1가, 서울숲A타워) 14층 1402호",www.epozen.com,,시스템ㆍ응용 소프트웨어 개발 및 공급업,2005-11-03,12월
(주)이폰,"e-phone.co.,ltd",이폰, ,남승열,기타법인,110111-5839084,527-87-00224,"서울특별시 강남구 선릉로 533 4층(역삼동, 연안이씨빌딩)",blog.naver.com/e-phone.do,,무선 및 위성 통신업,2015-09-15,12월
(주)이퓨쳐,"e-future.Co.,Ltd.",이퓨쳐,134060,이기현,코스닥시장,110111-1860083,214-86-47520,서울특별시 송파구 중대로 113 전기회관 8층,-,,교과서 및 학습서적 출판업,2000-01-21,12월
(주)이프,"IF Co.,Ltd",이프, ,김문영,기타법인,110111-3651977,214-88-06407,서울특별시 구로구 구로3동 182-4 대륭포스트타워 3차 403호,www.if7000.com,,게임 소프트웨어 개발 및 공급업,2007-04-03,12월
이프도안제삼차 주식회사,-,이프도안제삼차, ,이미희,기타법인,110111-7296282,266-81-01855,"서울특별시 영등포구 여의대로 14 (여의도동, KT여의도지점)", ,,"컴퓨터 프로그래밍, 시스템 통합 및 관리업",2019-11-18,12월
이프도안제일차 주식회사,-,이프도안제일차, ,김미지,기타법인,110111-7295987,420-88-01609,"서울특별시 영등포구 여의대로 14 (여의도동, KT여의도지점)", ,,"컴퓨터 프로그래밍, 시스템 통합 및 관리업",2019-11-18,12월
이프도화제이차 주식회사,-,이프도화제이차, ,유기현,기타법인,110111-7259644,532-86-01500,"서울특별시 영등포구 여의대로 14 (여의도동, KT여의도지점)", ,,"컴퓨터 프로그래밍, 시스템 통합 및 관리업",2019-10-15,12월
이프도화제일차 주식회사,-,이프도화제일차, ,김미지,기타법인,110111-7259636,620-88-01330,"서울특별시 영등포구 여의대로 14 (여의도동, KT여의도지점)",-,,"컴퓨터 프로그래밍, 시스템 통합 및 관리업",2019-10-15,12월
(주)이프리즘,eprism,이프리즘, ,이준희,기타법인,110111-2339821,220-86-20676,서울특별시 강남구 역삼동 789 동아빌딩 4층,www.domainbank.co.kr,,시스템 소프트웨어 개발 및 공급업,2001-10-04,12월
(주)이프리키아테크놀로지,EFRIKIA Technology,이프리키아테크놀로지, ,박연덕,기타법인,110111-3566845,114-86-55512,"서울특별시 양천구 안양천로 1131 711~714호 (목동, 신목동역LTSAMBO지식산업센터M.OK)",www.efrikia.com,,컴퓨터시스템 통합 자문 및 구축 서비스업,2006-11-24,12월
이프지금제이차 주식회사,-,이프지금제이차, ,김미지,기타법인,110111-7231212,667-81-01363,"서울특별시 영등포구 여의대로 14 (여의도동, KT여의도지점)",-,,"컴퓨터 프로그래밍, 시스템 통합 및 관리업",2019-09-11,12월
이프지금제일차 주식회사,-,이프지금제일차, ,김미지,기타법인,110111-7143334,250-86-01423,"서울특별시 영등포구 여의대로 14 (여의도동, KT여의도지점)",-,,"컴퓨터 프로그래밍, 시스템 통합 및 관리업",2019-06-19,12월
(주)이프컴, ,이프컴, ,현은정,기타법인,110111-1368582,220-81-42113,서울특별시 강남구 대치동 996-1 진성빌딩 12층, ,,그 외 기타 전기 통신업,1997-01-22,12월
(주)이플레이온,"ePLAYon,INC.",이플레이온, ,김성수,기타법인,110111-3557852,220-87-38080,경기도 성남시 분당구 서현동 249-1, ,,게임 소프트웨어 개발 및 공급업,2006-11-09,12월
주식회사익영영화,IK YOUNG FILM.CO,익영영화, ,김예환,기타법인,110111-0427511,120-81-08270,서울특별시 종로구 돈의동 144, ,,영화관 운영업,1986-05-21,12월
(주)인네트,"INNET Co., Ltd",인네트,041450,곽봉서,기타법인,110111-1275787,120-81-63481,서울특별시 강남구 대치동 967-2 ,www.innet.co.kr,,컴퓨터시스템 통합 자문 및 구축 서비스업,1996-05-28,12월
인더스트레이더,INDUSTRADER,인더스트레이더, ,이면희,기타법인,110111-1841421,120-81-97394,서울특별시 서초구 양재동 362-4 도남빌딩 6층,www.industrader.com,,시스템 소프트웨어 개발 및 공급업,2000-01-03,12월
(주)인드림,"INDREAN Co., Ltd.",인드림, ,한현호,기타법인,110111-2023961,108-81-23344,서울특별시 동작구 신대방2동 395-65 보라매 현대 1306호,www.naksitv.co.kr,,데이터베이스 및 온라인정보 제공업,2000-07-12,12월
인디스앤(주),INDISCORP LTD.,인디스앤, ,방준혁,기타법인,110111-3164863,220-87-04047,"서울특별시 금천구 가산디지털2로 101 (가산동) 135, D-101", ,,컴퓨터시스템 통합 자문 및 구축 서비스업,2005-02-14,12월
(주)인디컴,"Indecom co.,ltd",인디컴, ,김태영,기타법인,110111-0981195,105-81-61219,서울특별시 마포구 용강동 51-3 영우빌딩 5층,indecom.co.kr,,방송 프로그램 제작업,1993-11-20,03월
(주)인디펜던스,INDEPENDENCE,인디펜던스, ,조재수,기타법인,110111-2010116,211-86-61498,서울특별시 강남구 논현동 86-8 i-castle 빌딩 5층,www.independence.co.kr,,광고 영화 및 비디오물 제작업,2000-07-01,12월
주식회사 인라이플,"Enliple Co.,Ltd",인라이플, ,"한경훈, 이근옥",기타법인,110111-4896134,113-86-60934,"서울특별시 구로구 디지털로 272 (구로동, 한신아이티타워) 501호~504호",enliple.com/,,시스템 소프트웨어 개발 및 공급업,2012-06-20,12월
(주)인맥스티앤씨,"InMax T&C Co., Ltd.",인맥스티앤씨, ,김승우,기타법인,110111-1795066,214-86-43392,서울특별시 강남구 삼성동 157-3 엘지트윈텔 2차 1110호,inmax.co.kr,,시스템 소프트웨어 개발 및 공급업,1999-10-22,12월
주식회사 인바인,"Inbine Co., Ltd.",인바인, ,김성은,기타법인,110111-1552242,116-81-68546,서울특별시 영등포구 영등포동2가 28-130 가야벤쳐빌딩7층,www.inbine.com,,시스템 소프트웨어 개발 및 공급업,1998-06-01,12월
주식회사 인밸류비즈,EnvalueBiz,인밸류비즈, ,최열현,기타법인,110111-2422890,107-86-11215,"서울특별시 영등포구 영신로 220 (영등포동8가, KnK디지털타워) 1311호",envalue.biz,,시스템 소프트웨어 개발 및 공급업,2002-01-01,12월
(주)인베스트클럽,"INVESTCLUB CO., LTD",인베스트클럽, ,이성모,기타법인,110111-2300921,120-86-24810,인천광역시 부평구 청천동 425번지 우림라이온스밸리 B동 903호,www.martbiz.net,,시스템 소프트웨어 개발 및 공급업,2001-08-02,12월
주식회사 인베스티움,investium,인베스티움, ,전병혁,기타법인,131411-0196834,134-86-39350,경기도 안산시 단원구 고잔동 539-2 조이월드상가 627호외, ,,영화 및 비디오물 상영업,2007-05-11,12월
주식회사 인벤,"Inven Co.,Ltd.",인벤, ,서형준,기타법인,110111-3118985,120-86-74756,"경기도 성남시 분당구 성남대로331번길 8 17층(정자동, 킨스타워)",www.inven.co.kr,,포털 및 기타 인터넷 정보매개 서비스업,2004-11-18,12월
(주)인사이드유,InsideU,인사이드유, ,심우섭,기타법인,121111-0061267,130-81-56084,서울특별시 관악구 봉천7동 1661-4 오너벤처타운4층,http://www.3dbot.com,,시스템 소프트웨어 개발 및 공급업,1998-05-12,12월
주식회사 인사이드정보,INSIDEINFO,인사이드정보, ,최원석,기타법인,110111-4795732,119-86-52728,서울특별시 강남구 테헤란로37길 15 2층 (역삼동),www.insideinfo.co.kr,,컴퓨터시스템 통합 자문 및 구축 서비스업,2012-02-15,12월
주식회사 인사이트컴퍼니,InsightCompany Co. Ltd,인사이트컴퍼니, ,안길수,기타법인,110111-4975558,119-86-62226,"서울특별시 강남구 논현로99길 23 (역삼동, 인사이트빌딩)",https://www.insight.co.kr/,,포털 및 기타 인터넷 정보매개 서비스업,2012-10-09,12월
인성데이타(주),"INSUNGDATA Co., Ltd.",인성데이타, ,황인혁,기타법인,170111-0195679,503-81-50051,대구광역시 서구 북비산로 369 (비산동), ,,응용 소프트웨어 개발 및 공급업,2001-04-26,12월
인성데이타 주식회사,"INSUNGDATA CO., LTD.",인성데이타, ,최현환,기타법인,170111-0880642,577-86-02725,대구광역시 서구 북비산로 369 (비산동) 5층,www.insungdata.com,,응용 소프트웨어 개발 및 공급업,2022-09-01,12월
(주)인성정보,"INSUNG INFORMATION CO., LTD",인성정보,033230,조승필,코스닥시장,110111-0834378,215-81-58985,서울특별시 강남구 테헤란로 301 삼정빌딩 9층,www.insunginfo.co.kr,,컴퓨터시스템 통합 자문 및 구축 서비스업,1992-02-10,12월
인센스텔레콤(주),insenstelecom,인센스텔레콤, ,정하택,기타법인,110111-1895212,212-81-45967,서울특별시 송파구 풍납동 393-16 4층,www.insens.com,,그 외 기타 전기 통신업,2000-03-03,12월
(주)인스밸리,"Insvalley Co., Ltd.",인스밸리, ,서병남,기타법인,110111-2016586,214-86-62782,서울특별시 구로구 신도림동 337 미래타워 14층,www.insvalley.com,,시스템 소프트웨어 개발 및 공급업,2000-07-04,12월
(주)인스웨이브,"Inswave Co., Ltd.",인스웨이브,450520,어세룡,코스닥시장,110111-2498312,107-86-16054,서울특별시 영등포구 국제금융로 39 20층(앵커원),www.inswave.com,www.inswave.com,응용 소프트웨어 개발 및 공급업,2002-04-15,12월
(주)인스코비,"Inscobee, Inc",인스코비,006490,유인수,유가증권시장,110111-0018592,119-81-03654,서울특별시 금천구 디지털로 130 남성프라자 613호,www.inscobee.com,https://inscobee.irpage.co.kr/,전기 통신업,1970-07-27,12월
(주)인스퍼랩,"InsperLab Co., Ltd.",인스퍼랩, ,김윤철,기타법인,110111-6833879,501-88-00966,"서울특별시 송파구 올림픽로 300 제월드타워동제7003호(신천동, 롯데월드타워앤드롯데월드몰)", ,,응용 소프트웨어 개발 및 공급업,2018-08-07,12월
(주)인스프리트,"Insprit, Inc.",인스프리트,073130,이창석,기타법인,131111-0054020,129-81-37753,서울특별시 강남구 삼성동 159번지 아셈타워 2502호 ,www.in-sprit.com,,시스템 소프트웨어 개발 및 공급업,2000-10-23,12월
인스피언(주),"Inspien, Inc.",인스피언,465480,최정규,코스닥시장,110111-4116433,120-87-41140,"서울특별시 금천구 벚꽃로 278 507호,508호,509호,510호,511호,512호,513호,514호(가산동, 에스제이테크노？",www.inspien.co.kr,,소프트웨어 개발 및 공급업,2009-06-15,12월
주식회사 인실리코,Insilico.co.Ltd,인실리코, ,최승훈,기타법인,131111-0086809,129-81-56556,"경기도 안산시 단원구 산단로 112-19 (원시동, 주식회사인실리코)",insilico.co.kr,,응용 소프트웨어 개발 및 공급업,2002-11-27,12월
(주)인우기술,Inwoo Tech inc.,인우기술, ,심인보,기타법인,110111-1443186,120-81-74974,서울특별시 구로구 구로동 811 코오롱싸이언스밸리 2차 6층, ,,시스템 소프트웨어 개발 및 공급업,1997-07-22,12월
주식회사 인이지 (Ineeji),"INEEJI Co., Ltd.",인이지(Ineeji), ,최재식,기타법인,230111-0305176,618-87-01228,"경기도 성남시 분당구 성남대로331번길 8 B동 14층 1402호(정자동, 킨스타워)",ineeji.com,,응용 소프트웨어 개발 및 공급업,2019-01-02,12월
(주)인젠,"INZEN CO.,LTD",인젠,041630,"Mr, Wang Guanyu",기타법인,160111-0068729,314-81-20898,서울특별시 영등포구 문래동5가 9 벽산디지털밸리 701,www.inzen.com,,시스템 소프트웨어 개발 및 공급업,1998-02-01,12월
(주)인젠트,"INZENT Co.,Ltd",인젠트, ,이형배,기타법인,110111-2031732,117-81-30043,"서울특별시 영등포구 국제금융로2길 36 (여의도동, 유화증권빌딩) 8층, 9층",www.inzent.com,,컴퓨터시스템 통합 자문 및 구축 서비스업,2000-07-21,12월
(주)인조이스튜디오,inZOI Studio,인조이스튜디오, ,김형준,기타법인,131111-0752880,512-81-27175,"경기도 성남시 분당구 분당내곡로 117 (백현동, 그레이츠판교(GREITSPANGYO))", ,,게임 소프트웨어 개발 및 공급업,2024-12-02,12월
(주)인지소프트,"Inzisoft Co., Ltd.",인지소프트,100030,정정기,코스닥시장,110111-1887491,220-81-78872,서울특별시 강남구 테헤란로 131 16층,inzisoft.com,,응용 소프트웨어 개발 및 공급업,2000-02-23,12월
(주)인지소프트,"InziSoft Co.,Ltd.",인지소프트, ,정정기,기타법인,110111-1632903,229-81-35642,"서울특별시 강남구 테헤란로 131 16층 (역삼동, 한국지식재산센터)",www.inzisoft.com,,컴퓨터 프로그래밍 서비스업,1999-01-20,12월
주식회사 인천일보,INCHON ILBO,인천일보, ,김영환,기타법인,120111-0010215,121-81-07857,"인천광역시 중구 인중로 226 (항동4가, 인천일보)",www.inchonnews.co.kr,,"신문, 잡지 및 정기간행물 출판업",1980-12-09,12월
(주)인천출판사,Incheon Choolpansa,인천출판사, ,김영환,기타법인,120111-0867294,547-87-00704,"인천광역시 중구 인중로 226 (항동4가, 인천일보)", ,,"신문, 잡지 및 정기간행물 출판업",2017-03-14,12월
주식회사 인컴즈,INCOMMS,인컴즈, ,김성필,기타법인,140111-0040896,221-81-34770,강원도 춘천시 퇴계로 89 (퇴계동), ,,포털 및 기타 인터넷 정보매개 서비스업,2010-01-04,12월
주식회사 인코드에이아이,Incode AI Corp.,인코드에이아이, ,김기범,기타법인,110111-8726337,129-88-03039,"서울특별시 서초구 강남대로 447 (서초동, 남서울빌딩)", ,,컴퓨터시스템 통합 자문 및 구축 서비스업,2023-08-25,12월
(주)인코어드테크놀로지스,"Encored Technologies, Inc.",인코어드테크놀로지스, ,최종웅,기타법인,110111-5117331,220-88-56576,"서울특별시 강남구 봉은사로 327 (논현동, 궁도빌딩) 13층", ,,데이터베이스 및 온라인정보 제공업,2013-04-19,12월
(주)인콤,Incom co.Ltd.,인콤, ,곽종호,기타법인,110111-1262255,104-81-39150,서울특별시 송파구 오금동8번지 8빌딩,www.itincom.net,,기타 정보기술 및 컴퓨터운영 관련 서비스업,1996-05-15,12월
주식회사 인크,YINC Inc.,인크, ,고범석,기타법인,110111-5869825,386-81-00349,"서울특별시 중구 을지로 66 (을지로2가, 원큐랩)",www.yinc.kr,,포털 및 기타 인터넷 정보매개 서비스업,2015-10-23,12월
인크루트 주식회사,INCRUIT,인크루트, ,이광석,기타법인,110111-1676414,214-86-31483,서울특별시 강남구 논현동 278-3 프라임저축은행빌딩 4층,http://www.incruit.com,,데이터베이스 및 온라인정보 제공업,1999-04-07,12월
인크루트알바콜 주식회사,INCRUIT,인크루트알바콜, ,서미영,기타법인,110111-4527391,101-86-61449,"서울특별시 종로구 북촌로 104 (계동, 계동빌딩) 2.,3층",www.incruit.com/,,포털 및 기타 인터넷 정보매개 서비스업,2011-01-31,12월
주식회사 인타임,Intime,인타임, ,김명국,기타법인,110111-5265825,107-88-06434,"서울특별시 구로구 디지털로33길 28 (구로동, 우림이비지센터1차) 304호", ,,일반 서적 출판업,2013-11-11,12월
(주)인터내셔널미디어지니어스,Inernational Media Genius,인터내셔널미디어지니어스, ,최진희,기타법인,110111-3008673,101-86-05277,서울특별시 마포구 상암동 1606번지 CJ E&M센터,www.zhtv.co.kr,,방송 및 영상·오디오물 제공 서비스업,2004-05-10,12월
(주)인터넷방송타임앤스페이스,"internet broadcasting time&space co.,ltd",인터넷방송타임엔스페이스, ,문승진,기타법인,110111-1708093,120-81-89759,서울특별시 강남구 삼성동 109-17 현대빌딩 4층,www.pbn.co.kr,,데이터베이스 및 온라인정보 제공업,1999-06-03,12월
(주)인터넷빛고을,VITGOUL COMPANY INC,인터넷빛고을, ,엄지훈,기타법인,200111-0104003,409-81-49437,서울특별시 마포구 양화로15길 17 (서교동) 도원빌딩 2층,www.gample.net,,시스템 소프트웨어 개발 및 공급업,1999-08-31,12월
주식회사인터넷서비스, ,인터넷서비스, ,김명락,기타법인,110111-1773880,108-81-18287,서울특별시 동작구 신대방1동 693-2 일신빌딩 4층,www.haninternet.co.kr,,그 외 기타 전기 통신업,1999-09-15,12월
(주)인터넷스트리트, ,인터넷스트리트, ,김도완,기타법인,110111-1667249,212-81-41879,"서울특별시 광진구 구의동 546-4, 테크노마트21 사무동 1511", ,,그 외 기타 전기 통신업, ,12월
(주)인터넷시큐리티,"Internet Security Co.,Ltd",인터넷시큐리티, ,강형자,기타법인,110111-1214743,113-81-40103,서울특별시 구로구 신도림동 402-3 천강 201호,www.security.co.kr,,시스템 소프트웨어 개발 및 공급업,1995-11-18,12월
주식회사 인터넷일일사,Internet114,인터넷일일사, ,최규남,기타법인,110111-1676000,101-81-48247,서울특별시 서대문구 남가좌1동 150-8,www.i114.com,,데이터베이스 및 온라인정보 제공업,1999-04-06,12월
(주)인터넷제국,Internet Empire Inc.,인터넷제국, ,여찬기,기타법인,110111-1814741,211-86-59707,서울특별시 강남구 신사동 588-21 강남빌딩 4층,inempire,,컴퓨터시설 관리업,1999-11-24,12월
주식회사 인터넷취업,"Internet Employment Co.,Ltd.",인터넷취업, ,한만주,기타법인,110111-1870438,110-81-44380,서울특별시 서대문구 홍제동 90-19,http://www.px21.co.kr,,데이터베이스 및 온라인정보 제공업,2000-02-02,12월
인터넷티브이네트웍스(주),Internet TV networks Inc.,인터넷티브이네트웍스, ,김장원,기타법인,110111-1533945,214-86-22683,서울특별시 서초구 서초동 1337-21 코리아비지니스센터 1711호,www.intvnet.com,,데이터베이스 및 온라인정보 제공업,1998-04-10,12월
(주)인터넷포스트,Internetpost,인터넷포스트, ,진문영,기타법인,110111-1647233,211-86-49188,서울특별시 강남구 논현동 12-1경동빌딩2층,Internetpost.co.kr,,시스템 소프트웨어 개발 및 공급업,1996-12-08,12월
인터넷프라자시티주식회사,INTERNETPLAZA,인터넷프라자시티, ,손영주,기타법인,110111-1671175,204-81-42353,서울특별시 동대문구 용두동 754-7,INTERNETPLAZA.CO.KR,,데이터베이스 및 온라인정보 제공업,1999-04-01,12월
(주)인터랙티비,"INTERACTIVY.Co.,Ltd.",인터랙티비, ,문성운,기타법인,110111-2222430,220-86-10668,"서울특별시 강남구 선릉로 704 청담벤처프라자 11층 (청담동, 청담빌딩)",www.interactivy.com,,데이터베이스 및 온라인정보 제공업,2001-04-23,12월
인터렉티브미디어믹스,IMX,인터렉티브미디어믹스, ,손일형,기타법인,110111-2954645,211-87-45345,"서울특별시 강남구 선릉로119길 7 (논현동, 청안주택) 101호", ,,"영화, 비디오물, 방송프로그램 제작 및 배급업",2004-02-16,06월
주식회사 인터로이드,"InterRoid Co., Ltd.",인터로이드,311960,김수화,코넥스시장,110111-4969006,264-81-04609,"서울특별시 강남구 논현로 503 17층 (역삼동, 송촌빌딩)",aithenutrigene.com,,소프트웨어 개발 및 공급업,2012-09-26,12월
(주)인터미드,"intermyth co.,ltd",인터미드, ,김진호,기타법인,110111-2104878,107-81-91723,서울특별시 서대문구 대신동 126-6,http://www.intermyth.com,,시스템 소프트웨어 개발 및 공급업,2000-11-06,12월
(주) 인터벡,Inter VEG Inc.,인터벡, ,신종식,기타법인,110111-1103813,110-81-31736,서울특별시 용산구 서계동 99-15 보은개발빌딩 3층,www.interveg.co.kr,,시스템 소프트웨어 개발 및 공급업,1994-11-25,12월
인터비스코리아,Intervicekorea,인터비스코리아, ,이영규,기타법인,110111-1931868,104-81-52056,서울특별시 중구 충정로1가 58-1,www.intervice.co.kr,,시스템 소프트웨어 개발 및 공급업,2000-04-06,12월
주식회사 인터세이브,INTERSAVE,인터세이브, ,이갑형,기타법인,200111-0244461,408-81-74307,"광주광역시 서구 천변좌로 268 (양동, 금호생명보험빌딩)",www.i-save.co.kr,,게임 소프트웨어 개발 및 공급업,2007-06-29,12월
인터아이코리아(주),"INTER I KOREA CO.,LTD.",인터아이코리아, ,장민수,기타법인,110111-1810088,109-81-60298,서울특별시 서초구 서초동 1530-18 대성빌딩 3층, ,,기타 정보기술 및 컴퓨터운영 관련 서비스업,1999-11-19,12월
주식회사 인터엑스,"InterX Co.,Ltd.",인터엑스, ,박정윤,기타법인,230111-0334638,838-87-01628,"울산광역시 중구 종가6길 7 10층(우정동, 혁신더테라스)", ,,응용 소프트웨어 개발 및 공급업,2020-07-15,12월
(주)인터올넷,interallnet,인터올넷, ,박재관,기타법인,110111-1547334,214-86-23514,서울특별시 강남구 청담동 96-14 부원빌딩 2층,www.interallnet.co.kr,,데이터베이스 및 온라인정보 제공업,1998-05-18,01월
(주)인터윈도,INTERWINDOWS.COM,인터윈도, ,이구식,기타법인,110111-1465776,214-86-18947,서울특별시 서초구 서초동 1591-5 초연빌딩 2층,www.interwindows.com,,시스템 소프트웨어 개발 및 공급업,1997-09-25,12월
(주)인터정보,"InterJungbo co.,Ltd.",인터정보, ,김상백,기타법인,110111-1573222,106-81-74075,서울특별시 강남구 대치3동 999-6 대동빌딩 4층,www.movain.com,,시스템 소프트웨어 개발 및 공급업,1998-08-08,12월
(주)인터존21,INTERZONE21 CO.LTD,인터존21, ,최준,기타법인,135011-0090105,134-81-45895,서울특별시 강남구 역삼동 703-5 4층,www.interzone21.co.kr,,게임 소프트웨어 개발 및 공급업,1999-07-01,12월
인터컴소프트웨어(주),"InterCom Software. co.,ltd",인터컴소프트웨어, ,박동혁,기타법인,110111-1849251,214-86-45731,서울특별시 송파구 가락동 79-3 신영빌딩 3층,http://www.icsoft.co.kr,,시스템 소프트웨어 개발 및 공급업,2000-01-11,12월
인터케이엠(주),"interKMco.,LTD",인터케이엠, ,박명진,기타법인,110111-1063926,220-81-11304,서울특별시 서초구 서초동 1329-8 삼원빌딩 7층,www.interkm.com,,시스템 소프트웨어 개발 및 공급업,1994-08-03,12월
인터코리아네트웍(주),"Interkoreanetwork, Inc.",인터코리아네트웍, ,박완기,기타법인,110111-1841603,214-86-44727,서울특별시 성북구 삼선동 4가 375,http://www.biznetkorea.co.kr,,시스템 소프트웨어 개발 및 공급업,2000-01-04,01월
주식회사 인터크리에이티브,"InterCreative Co., Ltd.",인터크리에이티브, ,박인기,기타법인,110111-1832553,214-86-43878,인천광역시 남동구 호구포로 194 (고잔동) 마크원비즈센터 4층(415호),www.intercreative.co.kr,,시스템 소프트웨어 개발 및 공급업,1999-12-20,12월
(주)인터클러스터시스템,"interclustersystem Co,.LTd.",인터클러스터시스템, ,배병호,기타법인,110111-3965641,107-87-13020,"서울특별시 금천구 가산디지털1로 30 (가산동, 에이스하이엔드타워10)", ,,소프트웨어 개발 및 공급업,2008-09-05,12월
(주)인터클릭,"Interclick Co.,Ltd",인터클릭, ,김도훈,기타법인,110111-1886419,214-86-49585,서울특별시 강남구 대치동 891-37 인크라인빌딩 3층,www.cineclickasia.com,,"영화, 비디오물 및 방송프로그램 배급업",2000-02-22,12월
(주)인터파크ENT,INTERPARK ENT CORPORATION,인터파크ENT, ,김동업,기타법인,110111-3573585,214-87-98894,서울특별시 서초구 서초동 1304-3,www.interpark.com,,그 외 기타 전기 통신업,2006-12-01,12월
주식회사 인터파크커머스,Interpark Commerce Corporation,인터파크커머스, ,김동식,기타법인,110111-8570726,422-81-03185,서울특별시 강남구 영동대로 502 (삼성동), ,,소프트웨어 개발 및 공급업,2023-03-02,12월
(주)인터파크테크놀러지,INTERPARK TECHNOLOGY CORPORATION,인터파크테크놀러지, ,이기형,기타법인,110111-1889851,220-81-78611,서울특별시 강남구 역삼동 679-4 로담코타워 14층,tech.interpark.com,,자료 처리업,2000-02-25,12월
(주)인터폭스,InterFox Co. LTD,인터폭스, ,김성하,기타법인,110111-1834038,220-81-73407,서울특별시 강남구 역삼1동 818-11 신영빌딩 502호,www.interfox.co.kr,,시스템 소프트웨어 개발 및 공급업,1999-12-22,12월
주식회사 인터피아월드,INTERPIA WORLD CO.LTD,인터피아월드, ,고진선,기타법인,110111-1787542,120-81-94572,서울특별시 강남구 수서동 713 현대벤처빌 2012호,www.dbms.co.kr / www.jikimi.net,,컴퓨터시스템 통합 자문 및 구축 서비스업,1999-10-12,12월
(주)인터하우스,interhouse co. Ltd,인터하우스, ,한상천,기타법인,110111-1140443,108-81-47012,"서울특별시 강남구 논현로 637 (논현동, 민영빌딩6층)",interhouse.co.kr,,시스템 소프트웨어 개발 및 공급업,1995-03-22,12월
(주)인테크디지털,"INTECCH-DIGITAL Co., Ltd",인테크디지털, ,박재영,기타법인,200111-0059513,409-81-30020,광주광역시 서구 양동 60-37 금호생명빌딩 2506호,http://www.intecchdigital.co.kr,,게임 소프트웨어 개발 및 공급업,1995-10-01,12월
(주)인텔리빅스,intelliVIX Co. Ltd.,인텔리빅스, ,장정훈,기타법인,110111-1995244,114-81-99927,"서울특별시 서초구 효령로34길 4 (방배동, 프린스효령빌딩) 6층",www.intellivix.com,,시스템ㆍ응용 소프트웨어 개발 및 공급업,2000-06-13,12월
(주)인텔리안시스템즈,"Intellian Systems, Inc.",인텔리안시스템즈, ,성상엽,기타법인,110111-3326041,211-87-72861,"서울특별시 강남구 언주로 730 (논현동, 동익빌딩)",www.intelliansys.co.kr,,소프트웨어 개발 및 공급업,2005-10-19,12월
(주)인텔리전스웨어,"Intelligenceware, Inc.",인텔리전스웨어, ,박남규,기타법인,110111-2029604,120-86-09202,서울특별시 강남구 대치동 996-1 미래에셋벤처타워 9층,www.intelligenceware.com,,시스템 소프트웨어 개발 및 공급업,2000-07-19,12월
(주)인텔링스,"Intelinx, Inc.",인텔링스, ,서춘길,기타법인,110111-1409493,113-81-43115,서울특별시 강남구 신사동 성도빌딩 9층,http://www.intelinx.co.kr,,시스템 소프트웨어 개발 및 공급업,1997-04-30,12월
(주)인투데이타시스템,intodatasystem,인투데이타시스템, ,이상복 이오봉 박세원,기타법인,110111-3639155,120-87-13682,"서울특별시 구로구 디지털로30길 31 (구로동, 코오롱디지털타워빌란트Ⅱ) 406호",www.intodata.co.kr,,컴퓨터 프로그래밍 서비스업,2007-05-01,12월
인투모바일,IntoMobile,인투모바일, ,박진규,기타법인,110111-2064171,220-81-96716,서울특별시 서초구 서초동 1330-13 우영빌딩 601호,www.i2m.co.kr,,시스템 소프트웨어 개발 및 공급업,2000-09-01,12월
주식회사 인튠,INTUNE Inc,인튠, ,이수연,기타법인,110111-4020262,114-86-71069,서울특별시 서초구 효령로68길 104 (서초동) 마루린빌딩 3층, ,,응용 소프트웨어 개발 및 공급업,2008-12-29,12월
(주)인트라게임즈,"intragames co.,ltd",인트라게임즈, ,배상찬,기타법인,110111-4977695,117-81-81974,"서울특별시 금천구 벚꽃로 278 (가산동, SJ테크노빌) 1309호",www.intragames.co.kr,,기타 게임 소프트웨어 개발 및 공급업,2012-10-11,12월
주식회사 인트로모바일,"IntroMobile Co., Ltd.",인트로모바일, ,이창석,기타법인,110111-2025454,120-86-08746,서울특별시 강남구 삼성1동 아셈타워 25층,www.intromobile.com,,시스템 소프트웨어 개발 및 공급업,2000-07-13,12월
(주)인트빔,"INTVIM Co., Ltd",인트빔, ,이도엽,기타법인,180111-0268870,621-81-31857,서울특별시 서초구 양재2동 250-5 정미빌딩 1층,www.intvim.com,,시스템 소프트웨어 개발 및 공급업,1998-10-22,12월
(주)인티그레이션,INTEGRATION,인티그레이션, ,정희범,기타법인,110111-6997617,784-87-01184,"서울특별시 강남구 테헤란로 427 (삼성동, 위워크타워) 2층 101호, 102호",careers.medistream.co.kr/,,응용 소프트웨어 개발 및 공급업,2019-02-01,12월
주식회사 인퍼슨,"INFORSON CO., LTD",인퍼슨, ,진병도,기타법인,110111-1755846,229-81-40179,서울특별시 강남구 포이동 237-13 장수빌딩 2층,www.inforson.co.kr,,컴퓨터시스템 통합 자문 및 구축 서비스업,1999-08-19,03월
주식회사 인퍼텔, ,인퍼텔, ,대표이사 백종훈,기타법인,110111-1505944,114-81-83712,서울특별시 서초구 서초3동 1574-1 우서빌딩 3층, ,,그 외 기타 전기 통신업,1998-01-21,12월
(주)인포바인,"INFOvine co., Ltd.",인포바인,115310,권성준,코스닥시장,110111-1877103,106-81-86362,서울특별시 영등포구 여의대로 24 전국경제인연합회관 40층,www.infovine.co.kr,,그 외 기타 전기 통신업,2000-02-14,12월
인포뱅크(주),InfoBankCorporation,인포뱅크,039290,박태형,코스닥시장,110111-1166803,114-81-66066,경기도 성남시 분당구 대왕판교로 660 유스페이스1 A동 12층,www.infobank.net,,기타 정보 서비스업,1995-06-14,12월
인포벨리코리아(주),"Infovalley Korea Co., Ltd.",인포벨리코리아, ,정윤복,기타법인,200111-0092464,410-81-47818,광주광역시 동구 충장로5가 78번지 엔터빌딩 6층,www.invako.com,,시스템 소프트웨어 개발 및 공급업,1998-12-04,12월
주식회사 인포벨리코리아,"Info Valley Korea Co.,Ltd.",인포벨리코리아, ,김종관,기타법인,134111-0375308,123-86-41730,"경기도 안양시 동안구 시민대로248번길 25 302호(관양동, 경기창조산업안양센터)",www.invako.kr,,컴퓨터 프로그래밍 서비스업,2014-01-02,12월
(주)인포스,"INFOSE Co., Ltd",인포스, ,최동진,기타법인,160111-0120660,314-81-43061,"대전광역시 유성구 죽동로 71 (죽동, (주)인포스)",infose.net,,데이터베이스 및 온라인정보 제공업,2001-07-11,12월
주식회사인포웹,Infoweb Inc.,인포웹, ,노종섭,기타법인,110111-1460891,214-86-18587,서울특별시 성동구 성수2가동 315-58 한서빌딩 7층,http://www.infoweb.co.kr,,시스템 소프트웨어 개발 및 공급업,1997-09-08,12월
(주)인포인,"Infoin. Co., Ltd.",인포인, ,"정재원, 정인호",기타법인,110111-5893444,301-86-33878,서울특별시 강남구 역삼로5길 12 (역삼동) 인포인 메타버스빌딩,www.in4in.com,,응용 소프트웨어 개발 및 공급업,2016-01-01,12월
(주)인포인베스트,"Infoinvest.Co.,Ltd",인포인베스트, ,한동오,기타법인,110111-3899650,220-87-66664,충청북도 청주시 청원구 율봉로159번길 73-1 (율량동) 243호, ,,시스템 소프트웨어 개발 및 공급업,2008-05-20,12월
(주)인포인트기술,-,인포인트기술, ,김재철,기타법인,110111-5512078,119-86-94451,"서울특별시 금천구 가산디지털2로 18 (가산동, 대륭테크노타운1차)",-,,컴퓨터 프로그래밍 서비스업,2014-09-12,12월
주식회사 인포젠,"INFOGEN CO.,LTD.",인포젠, ,정성화,기타법인,110111-2817439,117-81-45959,"서울특별시 영등포구 영신로 220 1502호(영등포동8가, KnK디지털타워)",www.infogen.co.kr,,컴퓨터 프로그래밍 서비스업,2003-07-08,12월
(주)인포키커뮤니케이션,"infokey Communications co., Ltd",인포키커뮤니케이션, ,김명진,기타법인,110111-1845663,214-86-45293,서울특별시 강남구 대치동 1001-5,www.infostair.com,,시스템 소프트웨어 개발 및 공급업,2000-01-07,12월
주식회사 인포탈,"Infortal.co.,ltd",인포탈, ,남길현,기타법인,110111-2005795,113-81-62392,서울특별시 구로구 구로동 817,www.infortal.co.kr,,컴퓨터시스템 통합 자문 및 구축 서비스업,2000-06-23,12월
인포트러스트(주),"InfoTrust, Inc.",인포트러스트, ,손창배,기타법인,110111-2353954,220-86-22301,서울특별시 강남구 논현2동 86-6 마루빌딩 2층, ,,시스템 소프트웨어 개발 및 공급업,2001-10-23,12월
(주)인포허브,infohub.co,인포허브, ,오재일,기타법인,110111-1819171,105-86-05279,서울특별시 강남구 광평로 281 (수서동) 수서오피스빌딩 15층,www.infohub.co.kr,,데이터베이스 및 온라인정보 제공업,1999-12-01,12월
인포호스트 주식회사,INFOHOST Inc,인포호스트, ,김익재,기타법인,191111-0014725,613-81-15730,경상남도 진주시 상대1동 한보빌딩 12층,http://www.infohost.co.kr,,시스템 소프트웨어 개발 및 공급업,1997-12-17,12월
(주)인폴소프트,"Infol Software, Inc.",인폴소프트, ,권대웅,기타법인,204911-0002827,413-81-06024,전라남도 고흥군 고흥읍 남계리584,http://infolsoft.co.kr,,시스템 소프트웨어 개발 및 공급업,1999-09-01,12월
주식회사 인프니스네트웍스,"Infnis Networks, Inc.",인프니스네트웍스, ,김세곤,기타법인,110111-4757849,211-88-70609,서울특별시 강남구 논현로 653 (논현동) 3층 인프니스네트웍스,infnis.com,,응용 소프트웨어 개발 및 공급업,2011-12-23,12월
주식회사 인프라넷,infranet.inc,인프라넷, ,김형필,기타법인,120111-0202367,131-81-50929,서울특별시 서초구 잠원동 41-10 미래엔컬처빌딩 3층,www.infranet.co.kr,www.infranet.co.kr,컴퓨터시설 관리업,1999-09-16,12월
(주)인프라웨어테크놀러지,"INFRAWARE TECHNOLOGY, INC",인프라웨어테크놀러지,247300,엄태철,기타법인,110111-3676404,109-86-08147,서울특별시 금천구 가산디지털1로 19대륭테크노타운18차 20층,www.infrawaretech.com,,응용 소프트웨어 개발 및 공급업,2007-05-10,12월
(주)인프라정보통신,INFRA,인프라정보통신, ,김장수,기타법인,110111-1310814,116-81-60807,서울특별시 금천구 가산동 60-24 월드메르디앙벤처샌타 809호,www.infraic.co.kr,,시스템 소프트웨어 개발 및 공급업,1996-08-21,12월
주식회사 인플레이,"INPLAY Co., Ltd.",인플레이, ,김동현,기타법인,110111-6975019,141-87-01373,서울특별시 서대문구 신촌로 25 2층 2217호(창천동), ,,"영화, 비디오물 및 방송프로그램 배급업",2019-01-10,12월
(주)인플레이인터렉티브,"Inplay Interactive Co., LTD.",인플레이인터렉티브, ,이창성,기타법인,110111-3971747,220-87-72069,서울특별시 강남구 논현로150길 15 동성빌딩 5층 501(논현동),www.inplayinteractive.com,,게임 소프트웨어 개발 및 공급업,2008-09-22,12월
(주)인플루엔셜,INFLUENTIAL.INC,인플루엔셜, ,문태진,기타법인,110111-3876327,220-87-65006,"서울특별시 강남구 도산대로 156 (논현동, 중앙엠앤비사옥) 7층", ,,시스템 소프트웨어 개발 및 공급업,2008-04-18,12월
주식회사 인피나,infina Inc.,인피나, ,안성현,기타법인,110111-3828831,214-88-21223,서울특별시 강남구 봉은사로30길 56 402호 (역삼동),infinacme.com,,응용 소프트웨어 개발 및 공급업,2008-01-22,12월
(주)인피니트헬스케어,"INFINITT Healthcare Co., Ltd.",인피니트헬스케어,071200,"홍기태, 이원용 (공동대표이사)",코스닥시장,110111-2683179,120-86-46702,서울특별시 구로구  디지털로34길 27 대륭포스트타워3차 12층,infinitt.com,,소프트웨어 개발 및 공급업,2002-12-30,12월
주식회사 인피닉,"INFINIQ CO., LTD.",인피닉, ,"박준형, 최철규",기타법인,110111-3182500,220-87-05798,"서울특별시 금천구 가산디지털1로 186 701호(가산동, 제이플라츠)",www.infiniq.co.kr,,응용 소프트웨어 개발 및 공급업,2005-03-07,12월
(주)인픽스,"INPIX Co.,Ltd",인픽스, ,이현우,기타법인,110111-1901340,105-86-09616,"서울특별시 강남구 학동로 126 (논현동, 인픽스빌딩) B2,7층,8층",www.inpix.com,,컴퓨터시스템 통합 자문 및 구축 서비스업,2000-03-09,12월
일간스포츠 주식회사,IlganSports,일간스포츠, ,전태석,기타법인,110111-4078790,104-86-20374,"서울특별시 중구 세종대로7길 56 (서소문동, 삼성공제회관) 3,4층 일간스포츠",isplus.joins.com,,신문 발행업,2009-04-01,12월
주식회사 일공구스튜디오,"109 Studio Co., Ltd.",일공구스튜디오, ,황현순,기타법인,110111-4347385,214-88-59578,서울특별시 강남구 대치4동 891 ~900 891-47 원일빌딩 202호, ,,게임 소프트웨어 개발 및 공급업,2010-05-14,12월
(주)일래스틱네트웍스,"Elastic Networks.,Co.Ltd",일래스틱네트웍스, ,손명호,기타법인,110111-2746373,220-86-60270,서울특별시 성동구 성수2가3동 280-13 삼환디지털벤처타워 203호,www.elastic.co.kr,,"컴퓨터 프로그래밍, 시스템 통합 및 관리업",2003-03-26,12월
(주)일레아트,"ELECTRONICS ART CO., LTD.",일레아트, ,최문현,기타법인,110111-1339062,114-81-75736,서울특별시 서초구 서초동 1541-17,www.eleart.co.kr,,컴퓨터시스템 통합 자문 및 구축 서비스업,1996-11-08,12월
일렉트로맨문화산업전문회사 유한회사,ELECTROMAN LIMITED COMPANY SPECIALIZING IN THE CULTURAL INDUSTRY,일렉트로맨문화산업전문회사, ,최훈학,기타법인,110114-0227105,606-86-63675,"서울특별시 성동구 뚝섬로 377 (성수동2가, 이마트본사)", ,,일반 영화 및 비디오물 제작업,2018-07-24,12월
(주)일주지앤에스,"ILJUGNS Co.,Ltd",일주지앤에스, ,김정엽,기타법인,230111-0123685,620-81-25459,부산광역시 동래구 석사로 10-1 (사직동),www.i-gns.co.kr,,소프트웨어 개발 및 공급업,2006-06-29,12월
일진씨앤에스 주식회사,"ILJIN C&S., Ltd.",일진씨앤에스, ,허세경,기타법인,110111-7714987,731-86-01989,"서울특별시 마포구 마포대로 45 (도화동, 일진빌딩) 14층",www.iljincns.co.kr/,,응용 소프트웨어 개발 및 공급업,2020-12-11,12월
일진씨투씨주식회사,"ILJIN C2C, Ltd",일진씨투씨, ,브렛래리래이,기타법인,110111-2587660,220-86-46040,서울특별시 서초구 서초동 산학협동재단빌딩 11층, ,,유선 통신업,2002-08-13,12월
(주)임픽스,IMPIX Corp.,임픽스, ,이상호,기타법인,115911-0026346,128-81-45207,"서울특별시 동대문구 천호대로 375 (장안동, 평익빌딩) 3층",www.impix.co.kr,,컴퓨터 프로그래밍 서비스업,2000-01-10,12월
잇츠티비 주식회사,"IT'S TV Co.,Ltd",잇츠티비, ,"김진욱, 김영호",기타법인,110111-1765184,214-86-37075,서울특별시 강남구 도곡동 467-6 대림아크로텔 7층,www.its-tv.com,,통신 재판매업,1999-09-02,12월
(주)잉글리쉬무무,English MouMou.Inc,잉글리쉬무무, ,허강원,기타법인,110111-3166570,120-86-77976,서울특별시 강동구 천호3동 155-7 대세빌딩5.6층,www.moumou.co.kr,,교과서 및 학습서적 출판업,2005-02-04,12월
(주)잉스컴,INGSCOM.INC.,잉스컴, ,전재범,기타법인,110111-1454084,219-81-25190,서울특별시 강남구 삼성동 165-14 한호빌딩 2층,ingscom.com,,데이터베이스 및 온라인정보 제공업,1997-08-21,12월
(주)잉카엔트웍스,INKA ENTWORKS,잉카엔트웍스, ,안성민,기타법인,110111-2083361,206-81-51576,"서울특별시 강남구 논현로 608 1층(논현동, 덕수빌딩)",www.inka.co.kr,,시스템 소프트웨어 개발 및 공급업,2000-10-05,12월
(주)잉카인터넷,"INCA Internet Co,.Ltd.",잉카인터넷, ,주영흠,기타법인,110111-1867922,214-86-47888,서울특별시 구로구 디지털로26길 5 에이스하이엔드타워 12층 1201호 (구로동),http://www.inca.co.kr,,시스템 소프트웨어 개발 및 공급업,2000-01-31,12월
주식회사 자,ZARS INC.,자, ,이춘모,기타법인,110111-4563858,211-88-57979,"서울특별시 강남구 도산대로1길 46 (신사동, 3층)",www.zars.co.kr,,컴퓨터시스템 통합 자문 및 구축 서비스업,2011-03-24,12월
(주)자비스앤빌런즈,JOBIS & Villains Inc.,자비스앤빌런즈, ,"김범섭, 정용수",기타법인,131111-0420106,158-86-00171,서울특별시 강남구 테헤란로44길 8 (역삼동)아이콘역삼빌딩 9~10층, ,,포털 및 기타 인터넷 정보매개 서비스업,2015-08-12,12월
자유기술(주), ,자유기술, ,이동학,기타법인,110111-1349615,112-81-44407,서울특별시 서초구 서초동 1657-9,www.jayu.com,,시스템 소프트웨어 개발 및 공급업,1996-12-06,12월
(주)자음과모음,JAEUM AND MOEUM,자음과모음, ,정은영,기타법인,110111-2229593,117-81-33190,서울특별시 마포구 성지길 54 (합정동), ,,기타 인쇄물 출판업,2001-05-02,12월
자음소프트 주식회사,"Jaum soft co.,ltd",자음소프트, ,유신자,기타법인,110111-4695156,107-87-58901,서울특별시 영등포구 여의대로 56 (여의도동), ,,출판업,2011-09-27,10월
주식회사 자이냅스,"Xinapse Co.,Ltd",자이냅스, ,"이정훈, 주동원",기타법인,110111-6311958,258-86-00597,서울특별시 강남구 삼성로 555 4층 (삼성동),www.xinapse.ai/,,데이터베이스 및 온라인정보 제공업,2017-02-08,12월
(주)자이닉스,xinics,자이닉스, ,유선형,기타법인,110111-1968746,211-86-98281,"서울특별시 구로구 디지털로31길 53 1101호(구로동, 이앤씨벤처드림타워5차)", ,,응용 소프트웨어 개발 및 공급업,2000-05-18,12월
(주)자이언트스텝,GIANTSTEP Inc.,자이언트스텝,289220,"하승봉, 이지철",코스닥시장,110111-3909839,211-88-13952,서울특별시 강남구 학동로37길 8 &nbsp,www.giantstep.co.kr,,광고 영화 및 비디오물 제작업,2008-06-05,12월
(주)자이오넥스,"ZIONEX INC.,",자이오넥스, ,류동식,기타법인,110111-1715329,203-81-64392,"서울특별시 마포구 월드컵북로 396 연구개발타워 9층 (상암동, 누리꿈스퀘어)", ,,응용 소프트웨어 개발 및 공급업,1999-07-01,12월
주식회사 자이온,Xaion Inc.,자이온, ,김훈,기타법인,110111-5500312,119-86-93490,"서울특별시 강남구 봉은사로25길 32 (논현동, 자이온빌딩)", ,,시스템 소프트웨어 개발 및 공급업,2014-08-26,12월
주식회사 작가컴퍼니,Jakga Company Inc.,작가컴퍼니, ,최조은,기타법인,110111-6441713,440-81-00793,"서울특별시 마포구 동교로12안길 36 (서교동, 모드) 2층", ,,일반 서적 출판업,2017-07-03,12월
(주)작은거인,littlegiant corp,작은거인, ,이준희,기타법인,160111-0177455,314-81-68359,대전광역시 서구 둔산동 966번지,littlegiant.co.kr,,시스템 소프트웨어 개발 및 공급업,2004-08-02,12월
(주)잘레시아,Zalesia Inc.,잘레시아, ,이상준,기타법인,110111-1531486,114-81-83541,"서울특별시 서초구 동작대로 230 5층 (방배동, 화련회관)",www.zalesia.com,,응용 소프트웨어 개발 및 공급업,1998-04-06,12월
잡코리아(유),JOBKOREA Ltd.,잡코리아, ,윤병준,기타법인,110114-0112744,110-81-34859,"서울특별시 서초구 서초대로 301 16층~18층 (서초동, 동익성봉빌딩)",jobkorea.co.kr,,데이터베이스 및 온라인정보 제공업,1996-06-01,12월
잡투데이 주식회사,"JOBTODAY CO.,LTD",잡투데이, ,윤정우,기타법인,135211-0006504,123-81-53911,경기도 의왕 삼동 192-6호 밴처빌딩 3층,http://www.jobtoday.co.kr,,시스템 소프트웨어 개발 및 공급업,2000-01-27,12월
(주)장승포케이블넷,"Jangseungpo Cablenet Co., Ltd.",장승포케이블넷, ,권화영,기타법인,194911-0008365,612-81-13739,경상남도 거제시 능포로 89 (장승포동), ,,유선 통신업,2001-05-25,12월
주식회사 장원교육,JANGONE EDUCATION & PUBLISHING CO. LTD.,장원교육, ,문규식,기타법인,170111-0074534,502-81-26034,대구광역시 동구 신천동 298-6,WWW.JANGONE.CO.KR,,서적 출판업,1987-10-01,12월
주식회사재능교육,JEI Corporation,재능교육, ,박종우,기타법인,110111-0218465,204-81-03990,서울특별시 동대문구 하정로 40-12 (신설동),www.jei-edu.com,,서적 출판업,1977-08-11,12월
(주)재능이아카데미,"JEI e-ACADEMY.CO.,LTD.",재능이아카데미, ,백규태,기타법인,110111-0903769,204-81-29379,"서울특별시 금천구 가산디지털1로 186 (가산동, 제이플라츠)", ,,자료 처리업,1992-11-25,12월
주식회사재능컴퓨터,"JAENEUNG COMPUTER CO.,LTD",재능컴퓨터, ,이병욱,기타법인,110111-0948400,204-81-27221,서울특별시 동대문구 신설동 92-19, ,,시스템 소프트웨어 개발 및 공급업,1993-06-09,12월
(주)재미인터랙티브,ZEMI INTERACTIVE,재미인터랙티브, ,"황우빈, 김근철",기타법인,110111-2559536,220-86-41894,"서울특별시 서초구 서초동 1617-38 우명빌딩 4층, 5층",www.zemiinc.co.kr,,게임 소프트웨어 개발 및 공급업,2002-07-02,12월
주식회사 재믹스씨앤비,"Zemmixcnb Co.,Ltd",재믹스씨앤비, ,이상헌,기타법인,285011-0325733,290-86-00359,"서울특별시 마포구 성암로 189 12층 1201호(상암동, 중소기업DMC타워)",https://www.zemmixcnb.com/,,"영화, 비디오물 및 방송프로그램 제작 관련 서비스업",2016-06-02,12월
유한회사 재벌집막내아들문화산업전문회사,ChaebolSPC.co.ltd,재벌집막내아들문화산업전문회사, ,함영훈,기타법인,110114-0280418,143-81-34072,"서울특별시 마포구 상암산로 38 19층(상암동, JTBC빌딩)", ,,방송 프로그램 제작업,2021-07-12,12월
주식회사 재원기획,"Jae Won Co., Ltd.",재원기획, ,김건백,기타법인,180111-0268953,621-81-32588,부산광역시 금정구 부곡2동 290-2,www.o2cinema.co.kr,,영화관 운영업,1999-01-01,12월
(주)잼스튜디오,JAMSTUDIO,잼스튜디오, ,정재경,기타법인,110111-3666108,211-87-96413,서울특별시 강남구 역삼2동 723-29 금정빌딩 2층, ,,게임 소프트웨어 개발 및 공급업,2007-04-24,12월
잼팟 주식회사,Zempot Inc.,잼팟, ,"고세욱, 민혜라",기타법인,110111-5569805,113-86-92644,"서울특별시 영등포구 문래로28길 25 (문래동3가, 영시티) 7층", ,,모바일 게임 소프트웨어 개발 및 공급업,2014-11-20,12월
주식회사 전기아이피,"ChuanQi IP Co.,Ltd.",전기아이피, ,박관호,기타법인,131111-0483021,886-86-00733,경기도 성남시 분당구 대왕판교로644번길 49 5층 501호(삼평동), ,,모바일 게임 소프트웨어 개발 및 공급업,2017-05-23,12월
전능아이티주식회사,CHUNNEUNG  IT CO.LTD,전능아이티, ,박용팔,기타법인,110111-0401458,214-81-06903,서울특별시 서초구 서초동 1589-14,http://www.alm.co.kr,,시스템 소프트웨어 개발 및 공급업,1985-06-18,06월
전북이동통신주식회사,CHONBUK MOBILE TELECOMMUNICATION CORP.,전북이동통신, ,정기정,기타법인,210111-0011561,418-81-07237,전라북도 전주시 덕진구 인후동 1가 784 4번지,www.chonbuktel.co.kr,,무선 및 위성 통신업,1992-09-30,12월
(주)전북일보사,JEON BUK IL BO,전북일보사, ,서창훈,기타법인,210111-0000770,418-81-02775,전라북도 전주시 덕진구 금암1동 전북일보사건물 710-5번지,www.jjan.co.kr,,"신문, 잡지 및 정기간행물 출판업",1973-05-30,12월
(주)전유시스템,"JOUN YOU SYSTEM CO.,LTD.",전유시스템, ,김규종,기타법인,110111-1509962,214-86-21419,서울특별시 서초구 서초동 1355-3 서초월드빌딩 1707호,http://www.jyou.co.kr,,시스템 소프트웨어 개발 및 공급업,1998-02-10,12월
(주)전자신문사,The Electronic Times ,전자신문사, ,강병준,기타법인,110111-7948263,547-86-02501,"서울특별시 서초구 양재대로2길 22-16 (우면동, 호반파크1관)",www.etnews.com,,신문 발행업,2021-07-07,12월
(주)전자신문엔터테인먼트,ELECTRONIC TIMES ENTERTAINMENT,전자신문엔터테인먼트, ,소성열,기타법인,110111-5870624,841-81-00185,"서울특별시 서초구 양재대로2길 22-16 (우면동, 호반파크1관) 9층",www.rpm9.com,,포털 및 기타 인터넷 정보매개 서비스업,2015-11-01,12월
(주)전자신문인터넷,"Electronic Times Internet co.,LTD",전자신문인터넷, ,심규호,기타법인,110111-1912040,107-81-80959,"서울특별시 서초구 양재대로2길 22-16 (우면동, 호반파크1관) 7층",www.etnews.com,,포털 및 기타 인터넷 정보매개 서비스업,2000-04-01,12월
전주문화방송(주),JEONJU MUNHWA BROADCASTING CORP,전주문화방송, ,김한광,기타법인,210111-0000027,402-81-19081,"전라북도 전주시 완산구 선너머1길 50 (중화산동2가, 전주문화방송)",www.jmbc.co.kr,,지상파 방송업,1971-04-15,12월
전주반도유선방송(주),"CHON-JU BANDO CABLE BROADCASTING Co, Ltd",전주반도유선방송, ,소병옥,기타법인,210111-0017402,418-81-13608,전라북도 전주시 덕진구 금암동 768-10번지,http://www.cnctv.co.kr,,유선 방송업,1996-07-26,12월
주식회사 전주방송,"JEONJU TELEVISION Co., Ltd.",전주방송, ,한명규,기타법인,210111-0018260,418-81-14591,전라북도 전주시 덕진구 정여립로 1083 (만성동),www.jtv.co.kr,,지상파 방송업,1997-01-15,12월
(유)전주유선방송사,CHON-JU CABLE BROADCASTING CO.,전주유선방송사, ,소병옥,기타법인,210114-0019882,402-81-22854,전라북도 전주시 덕진구 금암동 768-10번지,http://www.cnctv.co.kr,,유선 방송업,1997-03-28,12월
점보엔터테인먼트,jumbo entertainment,점보엔터테인먼트, ,박태현,기타법인,110111-3194670,117-81-53935,서울특별시 양천구 목동919 성우네트빌2002, ,,방송 프로그램 제작업,2005-03-25,12월
점프컴퍼니 주식회사,"JUMPCOMPANY CO.,LTD.",점프컴퍼니, ,박희영,기타법인,135811-0365883,236-87-01405,"경기도 성남시 분당구 판교역로 240 A동 6층 601,602,603호(삼평동,삼환하이펙스)", ,,시스템 소프트웨어 개발 및 공급업,2019-05-14,12월
주식회사 정글피플,Junglepeople Inc.,정글피플, ,이상혁,기타법인,110111-5409176,261-81-12041,"서울특별시 성동구 성수일로8길 5 (성수동2가, 서울숲SKV1TOWER), B동 4층 401호", ,,유선 통신업,2014-05-08,12월
(주)정도유아이티,jungdouit,정도유아이티, ,노성기,기타법인,174811-0029127,515-81-21618,"서울특별시 강남구 테헤란로38길 29 (역삼동, 이원빌딩) 5층",www.uitgis.com,,응용 소프트웨어 개발 및 공급업,2002-04-01,12월
정문출판(주),jeongmoon publishing.co.ltd,정문출판, ,정윤곤,기타법인,110111-0350689,203-81-54540,서울특별시 중구 필동3가 62-7, ,,서적 출판업,1998-05-30,12월
(주)정보넷,"JungboNet Co., Ltd.",정보넷, ,조수현,기타법인,115911-0023110,128-81-40594,경기도 고양시 일산구 장항2동 856-3 낙원프라자빌딩 7층,http://jungbo.net,,데이터베이스 및 온라인정보 제공업,1999-07-01,12월
(주)정보보호기술,"INFOSEC Technologies Co.,Ltd.",정보보호기술, ,조명제,기타법인,110111-1933260,214-86-54768,서울특별시 서초구 서초동 1538-9 유민빌딩 4층,www.infosec.co.kr,,시스템 소프트웨어 개발 및 공급업,2000-04-07,12월
(주)정보소리텔레콤,jstelecom,정보소리텔레콤, ,박준수,기타법인,130111-0044262,135-81-24442,경기도 수원시 팔달구 이의동 산111-8 KSBC 7층 C4,jstel.co.kr,,통신 재판매업,1997-09-01,12월
정보와기술(주),in&t,정보와기술, ,이충근,기타법인,110111-2973877,119-81-72336,"서울특별시 금천구 디지털로9길 68 (가산동, 대륭포스트타워5차) 1806호", ,,기타 정보기술 및 컴퓨터운영 관련 서비스업,2004-03-15,12월
정보와기술서비스(주),"INFORMATION AND TECHNOLOGY SERVICE CO.,KR",정보와기술서비스, ,김창균,기타법인,110111-8497003,804-86-02699,"서울특별시 금천구 디지털로9길 68 (가산동, 대륭포스트타워5차) 1808호~1810호",www.lgit.co.kr,,응용 소프트웨어 개발 및 공급업,2022-12-08,12월
(주)정보티브이,"Jung Bo TV Co.,Ltd",정보티브이, ,박선희,기타법인,110111-1276024,119-81-21477,경기도 안산시 단원구 원시로 239-10 (원시동), ,,시스템 소프트웨어 개발 및 공급업,1996-06-20,12월
정우씨스템(주),"jeoung woo system co.,ltd",정우씨스템, ,함형강,기타법인,150111-0036009,315-81-33547,충청북도 청주시 흥덕구 봉명2동 752번지 2층,http://jwcom.co.kr,,컴퓨터시스템 통합 자문 및 구축 서비스업,1998-11-25,12월
주식회사 정직한기술,"Honest Technology Co., Ltd.",정직한기술, ,이수우,기타법인,160111-0076904,314-81-24045,대전광역시 유성구 지족동 906-5 경동빌딩 5층,http://www.honestech.co.kr,,시스템 소프트웨어 개발 및 공급업,1998-12-23,12월
(주)정철인터랩,JUNGCHILINTERLAB,정철인터랩, ,정철,기타법인,110111-0881296,220-81-13151,서울특별시 서초구 양재동 23 이비즈빌딩 4층,www.jungchul.com,,서적 출판업,1992-07-01,06월
(주)정현인터넷,junghyun interney.co.kr,정현인터넷, ,이규성,기타법인,110111-1907843,220-81-81061,서울특별시 강남구 역삼동 711-1,www.bubsa.co.kr,,데이터베이스 및 온라인정보 제공업,2000-03-15,12월
(주)제너시스템즈,"XENERSYSTEMS,INC.",제너시스템즈,073930,강용구,기타법인,110111-1885099,214-86-49659,서울특별시 강남구 역삼동 824-25 대우디오빌플러스1034 ,www.xener.com,,시스템 소프트웨어 개발 및 공급업,2000-02-22,03월
(주)제네시스랩,Genesis Lab Inc,제네시스랩, ,이영복,기타법인,110111-6291449,421-88-00471,"서울특별시 중구 명동길 73 (명동1가, YWCA연합회) 5층",home.genesislab.ai/,,컴퓨터 프로그래밍 서비스업,2017-01-16,12월
(주)제네시스엔알디,"GENESISNRD CO.,LTD",제네시스엔알디,052640,박형준,기타법인,110111-1000085,114-81-56326,서울특별시 강남구 삼성동 158-10 마젤란21아스테리움 1004호,www.sidus.co.kr,,컴퓨터시스템 통합 자문 및 구축 서비스업,1994-01-06,12월
주식회사 제논,GENON,제논, ,고석태,기타법인,131111-0500784,763-81-01040,"서울특별시 강남구 남부순환로 2621 (도곡동, 디앤오강남빌딩) 플래그원 13층",genon.ai/,,"컴퓨터시스템 통합 자문, 구축 및 관리업",2017-11-29,12월
(주)제누스,"Zenoos Co., Ltd",제누스, ,한택호,기타법인,170111-0157661,514-81-34366,대구광역시 남구 대명동 2033-19 한승빌딩 411,zenoos.com,,시스템 소프트웨어 개발 및 공급업,1999-09-10,12월
주식회사 제니스클라우드,"ZENITH&COMPANY CO.,LTD",제니스클라우드, ,"김영재, 이재호",기타법인,110111-3631614,220-87-44637,"서울특별시 강남구 논현로 419 (역삼동, PMK빌딩) 3층",-,,소프트웨어 개발 및 공급업,2007-03-06,12월
(주)제니퍼소프트,JENNIFERSOFT.INC,제니퍼소프트, ,이원영,기타법인,110111-3156042,113-81-95777,"경기도 파주시 탄현면 헤이리마을길 59-19 (법흥리, 제니퍼갤러리)",www.jennifersoft.com,,응용 소프트웨어 개발 및 공급업,2005-01-21,12월
주식회사 제로게임즈,"ZERO Games Co.,Ltd.",제로게임즈, ,신권호,기타법인,110111-7033080,579-87-01243,"서울특별시 강남구 테헤란로 218 (역삼동, APTower(에이피타워))", ,,모바일 게임 소프트웨어 개발 및 공급업,2019-03-06,12월
(주)제로원,"ZERO ONE CO.,LTD",제로원, ,윤영준,기타법인,180111-0113273,604-81-15584,부산광역시 동구 범일2동 830-295,www.zerone.co.kr,,시스템 소프트웨어 개발 및 공급업,1991-04-17,12월
(주)제로원인터랙티브,"ZeroOne Interactive Co.,Ltd",제로원인터랙티브,069470,강종권,기타법인,174311-0003204,508-81-13371,서울특별시 용산구 이태원동 183-1 동호프라자 6층 ,http://01inter.co.kr,,데이터베이스 및 온라인정보 제공업,2002-10-01,12월
(주)제로웹,zeroweb,제로웹, ,이재현,기타법인,180111-0824771,607-86-05339,"부산광역시 해운대구 수영강변대로 140 (우동, 부산문화콘텐츠컴플렉스) 806호",zeroweb.kr/,,응용 소프트웨어 개발 및 공급업,2012-09-05,12월
제로존시스템 주식회사,"Zero Zone System Co., Ltd",제로존시스템, ,신영수,기타법인,110111-7926243,539-81-02131,서울특별시 성북구 성북로 148 3층 (성북동), ,,컴퓨터시스템 통합 자문 및 구축 서비스업,2021-06-17,12월
(주)제민일보,THE JEMINILBO,제민일보, ,고민수외1,기타법인,220111-0007667,616-81-05755,제주특별자치도 제주시 연동 제민일보사,WWW.JEMIN.COM,,신문 발행업,1990-06-02,12월
(주)제스턴,Zestturn Entertainment,제스턴, ,조인성,기타법인,210111-0027534,402-81-32920,전라북도 전주시 덕진구 서노송동 대우빌딩 16층,www.zestturn.com,,게임 소프트웨어 개발 및 공급업,2000-06-09,12월
제스트씨앤티 주식회사,"ZEST C&T Co., Ltd.",제스트씨앤티, ,"전종희, 김승용",기타법인,110111-6512241,520-87-00960,"서울특별시 영등포구 여의대로 66 (여의도동, KTB) 15층",www.coinzest.co.kr,,그 외 기타 정보 서비스업,2017-09-01,12월
(주)제스프,"JESP.CO.,LTD",제스프, ,신장식,기타법인,176011-0035582,513-81-31672,경상북도 구미시 진평동 1023-1 시네마월드 12층, ,,영화관 운영업,2003-10-10,12월
제스프로(주),"ZESPRO CO,.LTD",제스프로, ,박용희,기타법인,110111-2926602,101-86-01005,"서울특별시 구로구 디지털로30길 28 1313호 (구로동, 마리오타워)",www.zespro.co.kr,,컴퓨터시스템 통합 자문 및 구축 서비스업,2004-01-05,12월
(주)제우미디어,"JEUMEDIA CO.,LTD.",제우미디어, ,서인석,기타법인,110111-0880610,106-81-39874,서울특별시 마포구 상수동 324-1 한주빌딩5층 ,www.jeumedia.com,,잡지 및 정기간행물 발행업,1992-07-27,12월
(주)제이넷,"Jnet Co., Ltd",제이넷, ,장기헌,기타법인,135811-0124974,135-81-85226,"경기도 수원시 팔달구 중부대로223번길 4 608호 (우만동, 블루하우스)",www.yesjnet.com,,시스템 소프트웨어 개발 및 공급업,2006-04-17,12월
주식회사 제이니몹,"Zanymob Co., Ltd",제이니몹, ,"조형우, 김민석",기타법인,110111-5077361,105-87-83893,서울특별시 마포구 동교로22길 21 2층 (서교동),zanymob.com,,게임 소프트웨어 개발 및 공급업,2013-02-27,12월
주식회사 제이디비엔터테인먼트,JDB ENTERTAINMENT CO LTD,제이디비엔터테인먼트, ,이강희,기타법인,110111-5624485,107-88-41407,"서울특별시 마포구 월드컵북로15길 30 (성산동, 올라라건물값빌딩)",jdbent@co.kr,,프로그램 공급업,2015-01-23,12월
제이비에스미디어 주식회사,JBS Media Inc,제이비에스미디어, ,이재식,기타법인,110111-1965817,105-86-12936,서울특별시 동대문구 신설동 84-4 대학빌딩 4층,www.gametv.co.kr,,프로그램 공급업,2000-05-10,12월
제이센트럴(주),Jcentral Co. Ltd,제이센트럴, ,송필호,기타법인,110111-4239722,104-86-25078,서울특별시 중구 순화동 중앙일보사건물 6층, ,,기타 정보 서비스업,2009-12-11,12월
(주)제이스원,"J''s ONE co.,ltd.",제이스원, ,김지훈,기타법인,110111-6178233,134-88-00465,"서울특별시 금천구 벚꽃로 298 (가산동, 대륭포스트타워6차) 5층",www.j-sone.com/,,모바일 게임 소프트웨어 개발 및 공급업,2016-09-20,12월
주식회사 제이스텔레콤,"JS Telecom Co., LTD",제이스텔레콤, ,우정석,기타법인,131311-0041411,125-81-42123,경기도 평택시 평택로32번길 3 (평택동), ,,출판업,2002-03-27,03월
제이스톡,"jstock Co.,Ltd",제이스톡, ,조성민,기타법인,110111-1829584,201-81-27052,서울특별시 강남구 역삼동 809 천지빌딩 B1층,"http://www.texensystem.com , http://www.jstock.com",,시스템 소프트웨어 개발 및 공급업,1999-12-17,12월
주식회사 제이스튜디오,Jstudio Company,제이스튜디오, ,박태준,기타법인,110111-6104113,845-87-00419,"서울특별시 강남구 도산대로11길 29 (신사동, 박태준만화회사)", ,,만화 출판업,2016-06-28,12월
주식회사 제이스퓨처,J''s Future Corp. ,제이스퓨처, ,장영호,기타법인,110111-5872810,350-87-00231,경기도 과천시 양지마을1로 29 (과천동),www.jsfuture.co.kr,,응용 소프트웨어 개발 및 공급업,2015-10-27,12월
제이씨비중앙케이블방송(주),"JCB JOONG ANG CABLE BROADCASTING Co, Ltd.",제이씨비중앙케이블방송, ,문진환,기타법인,110111-2579534,210-81-42815,서울특별시 도봉구 쌍문동 69-23 영광빌딩 2층, ,,유선 방송업,2002-09-01,12월
제이씨스퀘어 주식회사,JCSQUARE Incorporation,제이씨스퀘어, ,마송훈,기타법인,110111-3198177,113-81-97116,서울특별시 강남구 논현로28길 24 4층 (도곡동),www.jc-square.com/,,소프트웨어 개발 및 공급업,2005-03-31,12월
유한회사 제이씨엔,JCN LLC.,제이씨엔, ,함영훈,기타법인,110114-0205078,637-87-00894,서울특별시 마포구 상암산로 48-6, ,,방송 프로그램 제작업,2017-06-14,12월
제이씨엔울산중앙방송,"ULSAN JUNGANG BROADCASTING NETWORK, INC.",제이씨엔울산중앙방송, ,구자형,기타법인,230111-0065150,610-81-41694,울산광역시 남구 신정로 76 (달동), ,,유선 방송업,2000-04-07,12월
(주)제이씨원 ,jc1.cr,제이씨원, ,신종호,기타법인,110111-3000322,120-86-66862,서울특별시 금천구 벚꽃로 234 (가산동) 1703호,www.jcone.co.kr,,컴퓨터 프로그래밍 서비스업,2004-04-26,12월
주식회사 제이씨이노베이션,"JC Innovation Co., Ltd. ",제이씨이노베이션, ,오재준,기타법인,110111-5568055,117-81-90449,"경기도 시흥시 공단1대로 204 (정왕동, 시화유통상가) 305", ,,출판업,2014-11-19,12월
제이알씨(JRC)에듀(주),JRCEDU,제이알씨(JRC)에듀, ,김효정,기타법인,110111-4490340,220-88-09641,"서울특별시 서초구 명달로 54 (서초동, JRC빌딩) 7층", ,,일반 서적 출판업,2010-12-13,12월
제이알정보기술(주),jr infomation technology,제이알정보기술, ,김상희,기타법인,131111-0106540,129-81-68009,"경기도 성남시 분당구 벌말로50번길 41 (야탑동, 투아이센터) 306호", ,,시스템 소프트웨어 개발 및 공급업,2003-11-27,12월
주식회사 제이앤씨미디어그룹,JNC Media Group,제이앤씨미디어그룹, ,인구성,기타법인,110111-6030813,568-81-00316,서울특별시 강남구 가로수길 18 (신사동) 약산빌딩 6층, ,,일반 영화 및 비디오물 제작업,2016-04-12,12월
(주)제이앤씨 월드,"J&C WORLD CO., LTD",제이앤씨월드, ,방석원,기타법인,110111-2038142,105-86-16650,서울특별시 마포구 공덕동 237-12 세진빌딩 202호,http://www.jncworld.co.kr,,데이터베이스 및 온라인정보 제공업,2000-09-06,12월
(주)제이앤에이치 필름,J&H Film,제이앤에이치필름, ,"이호성, 전동윤, 김진수",기타법인,110111-3165340,120-86-77734,서울특별시 강남구 논현동 271-17,www.jhfilm.co.kr,,일반 영화 및 비디오물 제작업,2005-02-04,12월
(주)제이에스디피,JS Drama Producition Inc ,제이에스디피, ,이진석,기타법인,110111-1732860,116-81-76070,서울특별시 마포구 서교동 407-7,http://jspictures.tv,,방송 프로그램 제작업,1999-08-15,12월
(주)제이에스미디어,jsmedia.Co.Ltd,제이에스미디어, ,김진성,기타법인,110111-1863657,220-81-76312,"서울특별시 강남구 역삼동 675 건축문빌딩3,4층",http://www.jsmedia.co.kr,,시스템 소프트웨어 개발 및 공급업,2000-01-26,12월
제이에스애드컴,JSADCOM,제이에스애드컴, ,장봉기,기타법인,110111-2691114,110-81-60100,서울특별시 서초구 우면동 한국통신연구개발본부 JSADCOM,www.jsadcom.co.kr,,광고 영화 및 비디오물 제작업,2003-01-10,12월
제이에스픽쳐스,JSPICTURES,제이에스픽쳐스, ,이창호,기타법인,110111-4065458,105-87-29564,서울특별시 마포구 와우산로 121 삼진제약빌딩 5층 (서교동),www.jspictures.tv,,프로그램 공급업,2009-03-26,12월
(주)제이에이엠엔터테인먼트,jam entertainment,제이에이엠엔터테인먼트, ,송종탁,기타법인,110111-2118746,211-86-69485,서울특별시 강남구 신사동 666-3, ,,음악 및 기타 오디오물 출판업,2000-11-28,01월
주식회사 제이에이치코믹스,"JH Comics co.,Ltd",제이에이치코믹스, ,손제호,기타법인,285011-0314231,359-81-00333,"경기도 고양시 일산동구 호수로 662 (장항동, 삼성라끄빌)", ,,만화 출판업,2016-01-12,12월
제이에이치홀딩스주식회사, ,제이에이치홀딩스, ,전수용,기타법인,110111-2641622,120-86-44024,서울특별시 강남구 대치동 949-1, ,,시스템 소프트웨어 개발 및 공급업,2002-10-29,12월
주식회사 제이엑스원,JX1,제이엑스원, ,김현중,기타법인,120111-1177741,165-86-02482,"인천광역시 연수구 송도미래로 30 디동 909-비-2호 (송도동, 송도BRC스마트밸리지식산업센터)", ,,응용 소프트웨어 개발 및 공급업,2021-09-10,12월
(주)제이엔큐브,J&cube,제이엔큐브, ,정낙영,기타법인,110111-1945009,220-81-85067,서울특별시 영등포구 여의도동 17-9 잠사회관 601호,www.jck.co.kr,,시스템 소프트웨어 개발 및 공급업,2000-04-19,12월
제이엘씨 주식회사,JLC Corporation,제이엘씨, ,강진규,기타법인,110111-5526631,107-88-30841,서울특별시 강남구 봉은사로105길 34 (삼성동), ,,소프트웨어 개발 및 공급업,2014-10-02,12월
(주)제이엘케이,"JLK, Inc.",제이엘케이,322510,김동민,코스닥시장,110111-5340065,264-81-29857,충청북도 청주시 청원구 오창읍 양청송대길 10 청주미래누리터(지식산업센터) 204호,jlkgroup.com,,소프트웨어 개발 및 공급업,2014-02-18,12월
(주)제이원프로,"J-onepro co., Ltd.",제이원프로, ,조영옥,기타법인,110111-1730583,214-86-34990,서울특별시 강남구 신사동 665-1 한양타운3층,jonepro.com,,일반 영화 및 비디오물 제작업,1999-07-08,12월
(주)제이웨이,"J way Co.,Ltd.",제이웨이,058420,홍병한,기타법인,110111-1025439,113-81-29812,"광주광역시 서구 상무중앙로 57 402호(치평동,에스클래스상가)",jway.kr,,"영화, 비디오물 및 방송프로그램 배급업",1994-04-06,12월
주식회사 제이윈파트너스,JWINPARTNERS,제이윈파트너스, ,정인규,기타법인,110111-3969122,215-87-18632,"서울특별시 금천구 가산디지털1로 205 (가산동, 케이씨씨웰츠밸리), 801호",www.jwinpartners.com,,응용 소프트웨어 개발 및 공급업,2008-09-12,12월
제이유이티씨(주),"JU PRODUCTION Co., Ltd.",제이유이티씨, ,호수정,기타법인,110111-2252867,211-86-77312,서울특별시 강남구 신사동 584-1 주삼빌딩 3층,http://www.jupro.co.kr,,일반 영화 및 비디오물 제작업,2001-06-02,12월
(주)제이제이글로벌그룹,"JJ GLOBAL GROUP Co, Ltd.",제이제이글로벌그룹, ,임하준,기타법인,285011-0319778,371-86-00395,"서울특별시 강서구 강서로 499 7층 (가양동, 대하실업사옥)",jjglobalgroup.co.kr,,방송 프로그램 제작업,2016-04-01,12월
주식회사 제이제이미디어웍스,"JJ MediaWorks Co., Ltd.",제이제이미디어웍스, ,형민우,기타법인,110111-2444711,120-86-33191,"서울특별시 강남구 언주로 727 (논현동, 트리스빌딩) 12층", ,,게임 소프트웨어 개발 및 공급업,2002-02-08,12월
주식회사 제이제이커뮤니케이션,JJ COMMUNICATION,제이제이커뮤니케이션, ,김재상,기타법인,110111-4705294,105-87-63179,"서울특별시 중구 장충단로8길 53 지하1층 102호 (신당동, 대금빌딩)",www.jeyjey.co.kr/,,시스템 소프트웨어 개발 및 공급업,2011-10-12,12월
(주)제이제이티에스,(주)JJTS,제이제이티에스, ,신재호,기타법인,110111-1979678,215-81-92227,서울특별시 송파구 석촌동 226-7,www.godongdaemun.com,,기타 정보기술 및 컴퓨터운영 관련 서비스업,2000-05-25,12월
주식회사 제이케이엠디지털,Value&Company Inc.,제이케이엠디지털, ,김강호,기타법인,110111-7565306,714-88-01799,서울특별시 금천구 디지털로9길 99, ,,출판업,2020-07-23,12월
(주)제이케이필름,JK FILM ,제이케이필름, ,길영민,기타법인,110111-2518467,211-87-14105,"서울특별시 강남구 논현로142길 5 (논현동, 캉캉빌딩) 3층", ,,일반 영화 및 비디오물 제작업,2002-05-08,12월
주식회사 제이코믹스,"J Comics, Inc.",제이코믹스, ,정종욱,기타법인,110111-6904175,689-88-01101,서울특별시 강남구 강남대로114길 8 능인빌딩 5층 (논현동), ,,기타 인쇄물 출판업,2018-10-23,12월
주식회사 제이콘텐트리스튜디오,"Jcontentree Studios Co., Ltd.",제이콘텐트리스튜디오, ,제창웅,기타법인,110111-7580990,557-81-01917,서울특별시 강남구 도산대로 156 6층 (논현동), ,,"영화, 비디오물 및 방송프로그램 배급업",2020-08-01,12월
주식회사 제이투인터렉티브,"J2 Interactive Co.,Ltd.",제이투인터렉티브, ,사티안가즈와니,기타법인,110111-6182945,346-87-00381,"서울특별시 강남구 테헤란로 507 13층 110호 (삼성동, WeWork빌딩)", ,,응용 소프트웨어 개발 및 공급업,2016-09-23,03월
(주)제이티넷,"JTNet.co.,Ltd",제이티넷, ,염성필,기타법인,110111-0973621,107-81-55843,서울특별시 구로구 디지털로30길 28 마리오타워 9층 (구로동),www.jtnet.co.kr,,통신 재판매업,1996-06-24,12월
제이티비씨 주식회사 ,"JTBC Co., Ltd",제이티비씨, ,전진배,기타법인,110111-4560268,104-86-33995,서울특별시 마포구 상암산로 38,www.jtbc.co.kr/,,"유선, 위성 및 기타 방송업",2011-03-21,12월
제이티비씨디스커버리 주식회사,JTBC Discovery Inc.,제이티비씨디스커버리, ,"홍성완, 오영민",기타법인,110111-7960142,613-87-02222,"서울특별시 마포구 상암산로 48-6 17층(상암동, 중앙일보빌딩)", ,,"유선, 위성 및 기타 방송업",2021-07-16,12월
제이티비씨미디어텍 주식회사,JTBC MEDIATECH,제이티비씨미디어텍, ,이석호,기타법인,110111-4659144,104-86-36269,서울특별시 마포구 상암산로 48-6 4층(상암동), ,,방송 프로그램 제작업,2011-07-29,12월
제이티비씨스포츠 주식회사,JTBC SPORTS,제이티비씨스포츠, ,"홍성완, 오영민",기타법인,110111-4474625,211-88-52028,서울특별시 마포구 상암산로 48-6 (상암동), ,,프로그램 공급업,2010-11-19,12월
제이티비씨중앙(주),"JTBC JoongAng Co., Ltd",제이티비씨중앙, ,"이중원, 제찬웅",기타법인,110111-7942041,885-88-02197,서울특별시 마포구 상암산로 48-6 5층(상암동), ,,"영화, 비디오물 및 방송프로그램 배급업",2021-06-30,12월
제이티비씨플러스 주식회사,"JTBC PLUS Co.,Ltd.",제이티비씨플러스, ,"홍성완, 오영민",기타법인,110111-5748243,829-81-00109,서울특별시 마포구 상암산로 48-6 JTBC빌딩 17층(상암동), ,,방송 프로그램 제작업,2015-06-10,12월
주식회사 제이팰리스,J-palace,제이팰리스, ,김대현,기타법인,124411-0235011,396-86-01428,"경기도 김포시 양촌읍 양곡1로38번길 10 116호,117호,118호(양곡리)", ,,정보서비스업,2019-05-08,12월
제이플미디어 주식회사,"JAYPLEMEDIA Co., Ltd.",제이플미디어, ,김주형,기타법인,110111-6400983,421-86-00711,"서울특별시 구로구 디지털로33길 11 (구로동, 에이스테크노타워8차) 1101호", ,,일반 서적 출판업,2017-06-01,12월
(주)제이피디인터넷,JPD Internet .Inc,제이피디인터넷, ,장수진,기타법인,110111-1813058,120-81-95848,서울특별시 강남구 삼성 108-5 세신빌딩 1층,www.jpdinternet.com,,게임 소프트웨어 개발 및 공급업,1999-11-22,12월
주식회사 제이피원,"JP One Co., Ltd.",제이피원, ,김덕경,기타법인,131111-0463049,774-86-00541,"경기도 성남시 분당구 느티로 22 비동 3206호(정자동, 백궁동양파라곤)", ,,시스템 소프트웨어 개발 및 공급업,2016-11-01,12월
주식회사 제이피투자방송,JP INVESTMENT TV,제이피투자방송, ,이서빈,기타법인,110111-5289601,107-88-08484,경기도 용인시 수지구 풍덕천로129번길 6-4 (풍덕천동) 303호, ,,"자료처리, 호스팅, 포털 및 기타 인터넷 정보매개 서비스업",2013-12-12,12월
제일부동산경제신문(주),jeil real estate economy newspaper,제일부동산경제신문, ,박우석,기타법인,180111-0264688,604-81-38549,부산광역시 진구 범천동 858-4 대일빌딩 101호,www.jeilland.co.kr,,데이터베이스 및 온라인정보 제공업,1998-10-10,12월
제주도민일보,jejudominilbo,제주도민일보, ,오석준,기타법인,220111-0075169,616-81-77394,제주특별자치도 제주시 노형동 1054-6 아란야플라자 6층, ,,신문 발행업,2010-03-12,12월
(주)제주매일,jejumail,제주매일, ,장동훈,기타법인,220111-0091751,616-81-95602,"제주특별자치도 제주시 월광로 37 (노형동, 미듬아뜨리에)",jejumaeil.net,,"신문, 잡지 및 정기간행물 출판업",2012-05-09,12월
제주문화방송㈜,Jeju Munhwa Broadcasting Corporation,제주문화방송, ,이정식,기타법인,220111-0000760,616-81-00139,"제주특별자치도 제주시 문연로 35 (연동, 제주MBC)",www.jejumbc.com,,그 외 기타 전기 통신업,1968-09-14,12월
주식회사제주방송,Jeju Free International City Broadcasting System,제주방송, ,오헌봉,기타법인,220111-0036377,616-81-37349,제주특별자치도 제주시 일도2동 49-4, ,,지상파 방송업,2001-12-06,12월
제주이동통신주식회사,CHEJU TELE MESSAGE,제주이동통신, ,문종웅,기타법인,220111-0012070,616-81-10224,제주특별자치도 제주시 이도2동 1168-4, ,,무선 및 위성 통신업,1992-09-30,12월
주식회사 제주일보사,THE CHEJU DAILY NEWS,제주일보사, ,김대성,기타법인,220111-0000455,616-81-00648,제주특별자치도 제주시 연동 2324-6,www. chejunews.co.kr,,신문 발행업,1945-10-01,12월
(주)제타소프트, ,제타소프트, ,정승모,기타법인,110111-1710692,212-81-42655,서울특별시 송파구 가락동 79-4 세화빌딩 508호, ,,시스템 소프트웨어 개발 및 공급업,1999-06-08,12월
제페토주식회사,ZEPETTO Co.,제페토, ,김지인,기타법인,110111-1802564,106-81-83157,"서울특별시 마포구 도화동 566 자람빌딩 8,9층", ,,게임 소프트웨어 개발 및 공급업,1999-11-05,12월
(주)젝시믹스,XEXYMIX Corporation,젝시믹스,337930,이수연 (단독 대표이사),코스닥시장,110111-6496172,550-86-00867,"서울특별시 성동구 뚝섬로1길 63, 12층(성수동1가, 영창디지털타워)",www.brandxcorp.com/,,기타 정보 서비스업,2017-08-23,12월
주식회사 젠시스,ZENSYS INC.,젠시스, ,이명조,기타법인,110111-1291197,211-86-41963,서울특별시 강남구 도산대로1길 46 (신사동),"www.zensys.co,kr",,컴퓨터시스템 통합 자문 및 구축 서비스업,1996-07-01,12월
젠앤벤처스 주식회사,"Zen&Ventures Co.,Ltd",젠앤벤처스, ,이상훈,기타법인,131111-0107134,129-81-67859,"서울특별시 강남구 테헤란로20길 9 (역삼동, 동궁빌딩)6층",www.uzen.net,,컴퓨터시스템 통합 자문 및 구축 서비스업,2003-12-08,12월
젤리피쉬엔터테인먼트 주식회사,"JELLY FISH ENTERTAINMENT.CO., LTD",젤리피쉬엔터테인먼트, ,황세준,기타법인,110111-3737462,211-88-01679,서울특별시 강남구 언주로157길 3-6 (신사동),www.jelly-fish.co.kr,,음악 및 기타 오디오물 출판업,2007-08-17,12월
젬텍(주),GEMTEK,젬텍, ,이원필,기타법인,110111-5883825,883-87-00139,"서울특별시 강남구 테헤란로 322 (역삼동, 한신인터밸리24빌딩)21층 서관 2201~2209호",www.gemtek.co.kr,,시스템 소프트웨어 개발 및 공급업,2015-11-06,12월
조광출판인쇄(주),"Chokwang Publishing & Printing Co.,Ltd",조광출판인쇄, ,김화헌,기타법인,110111-0394281,119-81-16580,서울특별시 금천구 가산동 535-47,chokwangpnp.co.kr,,신문 발행업,1985-03-14,03월
(주)조선뉴스프레스,ChosunMedia,조선뉴스프레스, ,이동한,기타법인,110111-2142323,104-81-59006,서울특별시 마포구 상암산로 34 (상암동) 13층,chosunnewspress.chosun.com,,"신문, 잡지 및 정기간행물 출판업",2001-01-03,12월
조선방송,Chosun Broadcasting Corporation,조선방송, ,오지철,기타법인,110111-4528737,104-86-33258,"서울특별시 중구 세종대로21길 40 (태평로1가, 조선일보씨스퀘어빌딩)",tv.chosun.com,,유선 방송업,2011-02-08,12월
(주)조선비즈,chosunbiz i ,조선비즈, ,송의달,기타법인,110111-4253285,104-86-25549,서울특별시 중구 세종대로21길 30 조선일보사건물(태평로1가),www.chosunbiz.com,,데이터베이스 및 온라인정보 제공업,2009-12-31,12월
주식회사 조선영상비전,CHOSUN IMAGE VISION   Corp.,조선영상비전, ,김홍진,기타법인,110111-4669127,104-86-36497,"서울특별시 중구 세종대로21길 40 (태평로1가,조선일보씨스퀘어빌딩 3층)",chosunimage.com/,,방송 프로그램 제작업,2011-08-16,12월
(주)조선인터넷,DPRK.COM,조선인터넷, ,유세형,기타법인,110111-1952880,220-81-86014,서울특별시 강남구 역삼동 705-17,dprk.com,,시스템 소프트웨어 개발 및 공급업,2000-04-26,04월
(주)조선일보사,"Chosun Iibo Co., Ltd.",조선일보사, ,"방준오, 홍준호",기타법인,110111-0015457,104-81-24695,서울특별시 중구 세종대로21길 30 (태평로1가),www.chosun.com,,신문 발행업,1920-03-05,12월
주식회사 조아라,JOARA,조아라, ,이수희,기타법인,180111-0584573,617-81-65421,"서울특별시 금천구 가산디지털1로 131 B동 2104호 (가산동, BYCHIGHCITY)",www.joara.com,,데이터베이스 및 온라인정보 제공업,2007-03-01,12월
(주)조원정보,Jowon Info,조원정보, ,박남일,기타법인,110111-1852642,107-81-75679,서울특별시 영등포구 여의도동 15-4 제일정밀빌딩 3층,www.jowoninfo.co.kr,,데이터베이스 및 온라인정보 제공업,2000-01-15,12월
(주)조이닷컴,"ZOI.com Co.,Ltd.",조이닷컴, ,민태홍,기타법인,110111-0743016,220-81-23678,서울특별시 동작구 노량진동 19-6 한냉빌딩3층,www.zoi.com,,시스템 소프트웨어 개발 및 공급업,1991-01-16,12월
(주)조이시티,JoyCity Corporation,조이시티,067000,조성원,코스닥시장,110111-1041633,116-81-54101,"경기도 성남시 분당구 황새울로258번길 25 (수내동, 조이시티타워)",www.joycity.com,,게임 소프트웨어 개발 및 공급업,1994-05-30,12월
(주)조이엔터테인먼트,JOY ENTERTAINMENT INC.,조이엔터테인먼트, ,박영철,기타법인,110111-1961229,107-81-82879,서울특별시 영등포구 여의도동 44-22 호성빌딩본관 5층,Http://www.joyfree.com,,방송 프로그램 제작업,2000-05-04,12월
(주)조이온,"JoyOn Entertainment Co., Ltd.",조이온, ,조성용,기타법인,110111-1836076,214-86-44130,"서울특별시 강남구 수서동 724번지, 로즈데일빌딩 6층",www.joyon.co.kr,,게임 소프트웨어 개발 및 공급업,1999-12-24,12월
(주)조이인터렉티브,JOY INTERACTIVE Co. Ltd,조이인터렉티브, ,권영철,기타법인,110111-1734494,114-81-89943,서울특별시 강남구 논현동 90-7,www.joyable.com,,게임 소프트웨어 개발 및 공급업,1999-07-14,06월
(주)조이토토,"Joytoto Co., Ltd",조이토토,044370,조성삼,기타법인,110111-1056343,218-81-17149,서울특별시 강남구 수서동 717-3 성우빌딩 3층,www.lototo.co.kr,http://www.vlotto.co.kr,시스템 소프트웨어 개발 및 공급업,1994-07-12,12월
조인디 주식회사 ,JOIND,조인디, ,최순중,기타법인,110111-7041843,245-87-01317,"서울특별시 중구 서소문로 100 (서소문동, 중앙일보구관) 6층 조인디 주식회사", ,,포털 및 기타 인터넷 정보매개 서비스업,2019-03-14,12월
조인스중앙 주식회사,"Joins Joongang ,Inc.",조인스중앙, ,송영국,기타법인,110111-2849474,104-81-82884,"서울특별시 마포구 상암산로 48-6 (상암동, 중앙일보빌딩) 19층",www.joins.net,,컴퓨터시스템 통합 자문 및 구축 서비스업,2003-08-28,12월
주식회사 조인트리,"JOINTREE,.Co.Ltd",조인트리, ,김흥중,기타법인,200111-0124598,408-81-43838,광주광역시 서구 마륵로 28-1 (마륵동),www.jointree.co.kr,,데이터베이스 및 온라인정보 제공업,2000-12-07,12월
(주)종로아카데미,Jongro Academy inc.,종로아카데미, ,"임성호, 한장희, 최진영",기타법인,110111-1748940,116-81-75824,"서울특별시 양천구 오목로 282 (목동, 서원빌딩)",edusky.co.kr,,서적 출판업,1999-08-06,12월
(주)종로학평,JONGRO HAKPYUNG,종로학평, ,"최종학, 김명찬",기타법인,110111-0171225,106-81-38477,서울특별시 중구 청파로 456,www.jongro.co.kr,,서적 출판업,1974-11-27,12월
(주) 좋은책신사고,"Truebook Sinsago Co.,Ltd",좋은책신사고, ,홍범준,기타법인,110111-1163437,120-81-51097,"서울특별시 강서구 강서로 463 (마곡동, 새싹타워)",www.sinsago.co.kr,,서적 출판업,1995-06-02,12월
주)스마트게이트,SmartGate,주)스마트게이트, ,금동집,기타법인,110111-2421925,220-86-28381,서울특별시 강남구 역삼1동 679-5 아주빌딩 1202, WWW.smartgate.co.kr,,시스템 소프트웨어 개발 및 공급업,2002-01-01,12월
주)에이전트소프트,Agentsoft,주)에이전트소프트, ,김정태,기타법인,110111-1927586,204-81-48925,서울특별시 구로구 디지털로33길 12 우림이비지센터2차 211호 (구로동),www.agentsoft.co.kr,,데이터베이스 및 온라인정보 제공업,2000-03-31,12월
주)큐앤솔브,QNSOLV,주)큐앤솔브, ,하성욱,기타법인,110111-2003088,220-81-90949,서울특별시 강남구 논현동 192-19 한미빌딩 12~14층,http://www.qnsolv.com,,시스템 소프트웨어 개발 및 공급업,2000-06-21,12월
주)허밍플러스,hummingplus,주)허밍플러스, ,이희영,기타법인,110111-3342683,206-86-03481,서울특별시 성북구 돈암1동 30-11 돈암성심빌딩 B1,www.hummingplus.co.kr,,시스템 소프트웨어 개발 및 공급업,2005-11-15,12월
주) 헬로에이티투,HELLO EIGHTYTWO ,주)헬로에이티투, ,최재윤,기타법인,110111-6920923,186-81-01239,"서울특별시 강남구 영동대로106길 17 (삼성동, 경진빌딩) 3층",www.hello82.com,,영상ㆍ오디오 기록물 제작 및 배급업,2018-11-09,12월
주식화사 가나문화콘텐츠,GANA PUBLISHING CO.LTD,주식화사가나문화콘텐츠, ,김남전,기타법인,110111-2436437,105-86-35394,경기도 고양시 덕양구 호원길 3-2 (덕은동), ,,서적 출판업,2002-01-30,12월
주식회사 준인터,"Windysoft co.,ltd",준인터, ,백칠현,기타법인,110111-2572174,120-86-40538,서울특별시 강남구 테헤란로77길 11-9 삼성타워 4층(삼성동), ,,게임 소프트웨어 개발 및 공급업,2002-08-01,12월
줌인터넷(주),ZUM internet Corp.,줌인터넷,229480,김우승,기타법인,110111-4113273,120-87-40888,"서울특별시 서초구 반포대로 3, 7층 (서초동, 이스트빌딩)",www.zuminternet.com,,포털 및 기타 인터넷 정보매개 서비스업,2009-06-10,12월
주식회사 중고나라,"Joonggonara Co., Ltd.",중고나라, ,최인욱,기타법인,110111-5301554,215-87-87482,"서울특별시 강남구 테헤란로 415 (삼성동, L7HOTELS강남타워) 4층",https://joonggonara.co.kr/,,응용 소프트웨어 개발 및 공급업,2014-01-02,12월
(주)중국경제,"CHINA BUSINESS Consulting CO.,LTD.",중국경제, ,권오도,기타법인,170111-0157306,503-81-42245,서울특별시 서초구 방배동 753-5 화련회관 9층 907호,www.china-korea.net,,기타 정보기술 및 컴퓨터운영 관련 서비스업,1999-08-30,12월
주식회사 중랑유선방송,"Choong Rang Cable System Co,.Ltd.",중랑유선방송, ,손병직,기타법인,110111-0599229,216-81-03940,서울특별시 중랑구 상봉2동 108-6, ,,유선 방송업,1990-10-17,12월
(주)중앙교육,"Jung Ang Education Co.,Ltd.",중앙교육, ,이해홍,기타법인,110111-4525650,120-87-64274,"서울특별시 서초구 고무래로 6-6 (반포동, 선경빌딩) 2층 서관 201호",www.edujungang.com,,교과서 및 학습서적 출판업,2011-01-27,12월
(주)중앙교육문화사,"Jung-Ang Education & Culture co.,LTD",중앙교육문화사, ,허필수,기타법인,110111-1832032,119-81-34195,서울특별시 금천구 가산동 673,apluskid@edutopia.com,,서적 출판업,1999-12-20,12월
(주) 중앙교육진흥연구소,I.B.E,중앙교육진흥연구소, ,허필수,기타법인,110111-0926183,206-81-47505,서울특별시 성동구 하왕십리동 977-1,www.edutopia.com,,서적 출판업,1993-03-10,12월
중앙데일리(주),"JoongAng Daily Co.,Ltd.",중앙데일리, ,박장희,기타법인,110111-6265874,160-86-00572,"서울특별시 마포구 상암산로 48-6 (상암동, 중앙일보빌딩)",koreajoongangdaily.com,,신문 발행업,2016-12-21,12월
중앙방송(주),Joongang Broadcasting Corporation,중앙방송, ,김문연,기타법인,110111-1676547,110-81-40972,서울특별시 중구 순화동중앙일보사건물,www.qchannel.co.kr,,프로그램 공급업,1999-04-06,12월
중앙엔터테인먼트(주),JoongAng Entertainment,중앙엔터테인먼트, ,김종수,기타법인,110111-2486945,105-86-38066,서울특별시 중구 순화동중앙문화센터빌딩 9층, ,,시스템 소프트웨어 개발 및 공급업,2002-04-01,12월
중앙엔터테인먼트앤드스포츠(주),JoongAng Entertainment & Sports,중앙엔터테인먼트앤드스포츠, ,권태정외 1,기타법인,110111-3290311,104-81-96281,서울특별시 중구 중림동 441,enports.joins.com,,데이터베이스 및 온라인정보 제공업,2005-08-19,12월
중앙엠앤비(주),Joongang m&b Inc.,중앙엠앤비, ,김원태,기타법인,110111-1387607,110-81-36935,서울특별시 중구 순화동 중앙문화센터빌딩 9층,www.joongangmnb.com,,잡지 및 정기간행물 발행업,1997-03-11,12월
중앙엠앤비무비(주),JOONGANG m&b MOVIE,중앙엠앤비무비, ,배종육,기타법인,110111-3211648,104-81-93402,서울특별시 중구 중림동한국경제신문사빌딩 9층,www.movieweek.co.kr,,잡지 및 정기간행물 발행업,2005-04-19,12월
중앙엠앤비위클리(주),Joongang m&b weekly Inc.,중앙엠앤비위클리, ,강영복,기타법인,110111-3158163,104-81-91743,서울특별시 중구 중림동 한국경제신문사빌딩 9층,myfriday.joins.com,,잡지 및 정기간행물 발행업,2005-01-25,12월
(주)중앙이아이피,"JoongAng EIP.Co.,Ltd.",중앙이아이피, ,강창훈,기타법인,110111-1655541,106-81-77539,서울특별시 용산구 한강로3가 세계일보건물,//www.jeip.co.kr,,데이터베이스 및 온라인정보 제공업,1999-03-02,12월
중앙이엠티(주),JOONGANG EMT,중앙이엠티, ,곽보현,기타법인,110111-2253352,104-81-62476,서울특별시 강남구 논현동 97-26 3층,www.jaemt.com,,위성 및 기타 방송업,2001-06-04,12월
중앙일보(주),Joongang Ilbo,중앙일보, ,박장희,기타법인,110111-0051493,110-81-00999,"서울특별시 마포구 상암산로 48-6 (상암동, 중앙일보빌딩)",www.joongang.co.kr,,신문 발행업,1965-03-17,12월
중앙일보뉴미디어(주),JoongAng Ilbo New Media,중앙일보뉴미디어, ,하지윤,기타법인,110111-1515646,110-81-38758,서울특별시 중구 을지로4가 310-68 삼풍빌딩, ,,시스템 소프트웨어 개발 및 공급업,1998-02-21,12월
중앙일보시사미디어(주),JoongAng Ilbo News Magazine,중앙일보시사미디어, ,이장규외 4,기타법인,110111-1515589,110-81-38762,서울특별시 중구 순화동중앙문화센터빌딩 6층,www.sisamedia.co.kr,,잡지 및 정기간행물 발행업,1998-02-21,12월
주식회사 중앙일보엔아이이연구소,Joongang Ilbo NIE Research Institute,중앙일보엔아이이연구소, ,이태종,기타법인,110111-3441112,104-86-00378,서울특별시 중구 순화동 중앙일보사건물 9층, ,,서적 출판업,2006-04-17,12월
중앙일보 정보사업단(주),JoongAng Ilbo Information Service,중앙일보정보사업단, ,권일,기타법인,110111-1613284,110-81-40098,서울특별시 중구 순화동 중앙일보사건물 5층, ,,자료 처리업,1998-11-27,12월
중앙케이블비젼(주),Central Cablevision Inc.(C-vision),중앙케이블비젼, ,김연호,기타법인,110111-1013939,104-81-27372,서울특별시 중구 소공동 112-44 삼화빌딩,www.cvision.co.kr,,유선 방송업,1995-01-01,12월
중앙타운(주),JoongAng Town,중앙타운, ,박노근,기타법인,110111-1571119,215-81-71218,서울특별시 중구 순화동중앙문화센터빌딩 8층, ,,잡지 및 정기간행물 발행업,1998-07-30,12월
주식회사 중앙판교개발,JoongAng Pangyo Development Company,중앙판교개발, ,신지환,기타법인,110111-1269954,120-81-61542,"경기도 성남시 분당구 판교로256번길 25 (삼평동, 판교테크노밸리 씨3-7비동)",www.joongang-pangyo.com,,그 외 기타 전기 통신업,1996-05-20,12월
(주)중외정보기술,CHOONGWAE INFORMATION TECHNOLOGY,중외정보기술, ,이정하,기타법인,110111-1808306,108-81-19063,"서울특별시 금천구 디지털로9길 32 (가산동, 갑을그레이트밸리)B동10층", ,,"컴퓨터 프로그래밍, 시스템 통합 및 관리업",1999-11-19,12월
주식회사 즐거운,Zlgoon Inc.,즐거운, ,임관웅,기타법인,110111-4540541,104-86-33511,"서울특별시 강남구 언주로 709 7층 (논현동, 송암빌딩)",www.zlgoon.co.kr,,소프트웨어 개발 및 공급업,2011-02-22,12월
증권플러스비상장 주식회사,USTOCKPLUS,증권플러스비상장, ,이영민,기타법인,110111-0930588,696-86-03457,"서울특별시 서초구 서초대로78길 28 (서초동, 스퀘어큐브)",www.ustockplus.com/,,응용 소프트웨어 개발 및 공급업,2025-07-01,12월
주식회사 지구,"JI GU CO., LTD.",지구, ,임정수,기타법인,115911-0000358,128-81-06053,경기도 고양시 덕양구 대자동 233-1,www.jigurecords.co.kr,,음악 및 기타 오디오물 출판업,1988-10-01,12월
(주)지그모, ,지그모, ,조성철,기타법인,110111-1957062,220-81-86329,서울특별시 송파구 문정동 4-6번지 한영B/D 3F,http://www.zigmo.co.kr,,데이터베이스 및 온라인정보 제공업,2000-05-01,12월
(주)지노시스템,G-Inno Systems Inc.,지노시스템, ,전정철,기타법인,110111-1643661,229-81-36001,서울특별시 영등포구 문래동3가 우리벤처타운2, ,,시스템 소프트웨어 개발 및 공급업,1999-02-01,12월
(주)지노시스템,"G-Inno Systems CO., LTD.",지노시스템,033850,"이을구, 전정철( 각자대표이사)",기타법인,180111-0076645,514-81-18385,서울특별시 영등포구 문래동3가 82-29 우리벤처2빌딩 1207호 ,www.g-inno.com,,응용 소프트웨어 개발 및 공급업,1987-12-01,12월
주식회사 지노테크,corporation jinotech,지노테크, ,이지원,기타법인,161211-0006960,307-81-13481,"대전광역시 유성구 대학로 31 (봉명동, 한진리조트)",www.jinotech.com,,소프트웨어 개발 및 공급업,1999-07-01,12월
주식회사 지니,JINI,지니, ,서민철,기타법인,160111-0264020,314-86-08166,경기도 성남시 분당구 판교역로 225-18 (삼평동)671-2 이룸빌딩 8층,www.newjini.co.kr,,그 외 기타 정보 서비스업,2009-09-01,12월
주식회사 지니랩스,ZINNY LABS CORPATION,지니랩스, ,정승범,기타법인,131111-0416915,470-86-00178,경기도 성남시 분당구 운중로267번길 3-5 (판교동)6층, ,,게임 소프트웨어 개발 및 공급업,2015-07-17,12월
지니언스(주),"GENIANS, INC.",지니언스,263860,이동범,코스닥시장,131111-0131159,129-81-80148,"경기도 안양시 동안구 벌말로 66 12층 A-F(관양동,평촌역 하이필드)",www.genians.co.kr/,,시스템 소프트웨어 개발 및 공급업,2005-01-06,12월
(주)지니키즈,Genikids Ins.,지니키즈, ,김석근,기타법인,110111-1871460,120-81-99470,"서울특별시 구로구 구로동 170-5 우림이비즈 1차 301,302호", ,,데이터베이스 및 온라인정보 제공업,2000-02-07,12월
주식회사 지니픽,gini pick,지니픽, ,조현규,기타법인,110111-7813565,489-88-02010,"서울특별시 금천구 가산디지털1로 212 (가산동, 코오롱디지털타워애스턴) 202-19호", ,,데이터베이스 및 온라인정보 제공업,2021-03-17,12월
주식회사 지담,"JIDAM Co., Ltd.",지담, ,안형조,기타법인,110111-3249136,211-87-66807,"서울특별시 영등포구 국회대로76길 22 신관11층(여의도동, 기계산업진흥회)",www.jidam.co.kr,,방송 프로그램 제작업,2005-06-16,12월
(주)지디엘시스템,Global Data Link System,지디엘시스템, ,권준홍,기타법인,160111-0270481,314-86-10997,"대전광역시 유성구 테크노2로 271 (탑립동, (주)지디엘시스템)", ,,기타 정보기술 및 컴퓨터운영 관련 서비스업,2009-12-23,12월
(주)지디코프,GDCorp Inc.,지디코프,036610,최용준,기타법인,110111-1430117,105-81-87581,서울특별시 강남구 개포로 640 501호 (일원동), ,,방송 프로그램 제작업,1997-06-23,12월
(주)지란지교소프트,"JIRANSOFT.Co.,Ltd.",지란지교소프트, ,박승애,기타법인,160111-0052673,314-81-14867,대전광역시 유성구 테크노중앙로 74 (관평동) 201호,www.jiran.com,,시스템 소프트웨어 개발 및 공급업,1996-03-06,12월
(주)지란지교소프트,JIRANSOFT CO LTD,지란지교소프트, ,김형곤,기타법인,160111-0403032,264-81-50156,"서울특별시 강남구 역삼로 542 (대치동, 신사에스앤지) 5층",www.jiransoft.co.kr,,응용 소프트웨어 개발 및 공급업,2015-07-01,12월
(주)지란지교시큐리티,"Jiransecurity Co., Ltd.",지란지교시큐리티,208350,조원희(단독대표),코스닥시장,110111-5527019,107-88-31670,경기도 성남시 수정구 금토로80번길 37 인피니티타워 W동 4층,www.jiransecurity.com,,소프트웨어 개발 및 공급업,2014-09-30,12월
(주)지란지교시큐리티,JIRANSECURITY,지란지교시큐리티, ,윤두식,기타법인,110111-5311561,120-88-07310,"서울특별시 강남구 역삼로 542 (대치동, 신사제2빌딩) 5층",www.jiransecurity.com,,응용 소프트웨어 개발 및 공급업,2014-01-01,12월
지멘스인더스트리소프트웨어(주),Siemens Industry Software Ltd.,지멘스인더스트리소프트웨어, ,오병준,기타법인,110111-0658471,120-81-68297,"서울특별시 강남구 언주로30길 39 (도곡동, 린스퀘어)",www.ugs.co.kr,,시스템 소프트웨어 개발 및 공급업,1990-01-01,12월
주식회사 지브로테크놀로지,ZIBRO TECHNOLOGY INC,지브로테크놀로지, ,김인호,기타법인,131111-0613511,614-87-01721,"서울특별시 서초구 논현로 83 에이동 802호(양재동, 삼호물산빌딩)", ,,시스템 소프트웨어 개발 및 공급업,2021-12-01,12월
주식회사 지비에스방송,Gbs,지비에스방송, ,최정우,기타법인,200111-0153000,408-81-52040,광주광역시 서구 풍암동 1022 KT빌딩 3층,www.gbs.tv,,프로그램 공급업,2002-03-27,06월
(주)지슨,"GITSN, Inc.",지슨,289860,한동진,기타법인,180111-0317619,605-81-36641,"서울특별시 구로구 디지털로 288 대륭포스트타워1차 601,602호",www.gitsn.com,,시스템 소프트웨어 개발 및 공급업,2000-03-20,12월
주식회사 지씨,"GC CO., LTD.",지씨, ,이상길,기타법인,180111-0343599,605-81-41445,"부산광역시 연제구 양연로 3 (연산동, 대경빌딩)", ,,컴퓨터시스템 통합 자문 및 구축 서비스업,2000-11-27,12월
(주)지아이바이오,"GIBIO Co., Ltd.",지아이바이오,035450,심정현,기타법인,110111-1443798,117-81-19975,"서울특별시 강남구 논현로72길 16 (역삼동, 초원빌딩)",www.gi-bio.com,,컴퓨터시스템 통합 자문 및 구축 서비스업,1997-07-23,12월
(주)지아이에스,"GIS Co., LTD.",지아이에스, ,정흥구,기타법인,230111-0053353,610-81-33781,울산광역시 중구 다운동 552-2 울산S/W 지원센터,www.gis114.com,,시스템 소프트웨어 개발 및 공급업,1998-12-12,12월
(주)지아이에이치씨,"GIHC Co.,Ltd",지아이에이치씨, ,김성일,기타법인,110111-2876287,206-81-85377,서울특별시 강남구 신사동 631-25, ,,서적 출판업,2003-11-01,12월
지아이에프로시난테 주식회사,"GIF Rocinante Co.,Ltd",지아이에프로시난테, ,김미지,기타법인,110111-7231080,655-88-01414,"서울특별시 영등포구 여의대로 66 4층(여의도동, KTB)", ,,"컴퓨터 프로그래밍, 시스템 통합 및 관리업",2019-09-11,12월
(주)지앤,"GN Co., Ltd.",지앤, ,김영군,기타법인,140111-0012134,221-81-14357,강원도 춘천시 후평동 198-59,www.yesgn.com,,시스템 소프트웨어 개발 및 공급업,1999-05-07,12월
(주)지앤넷,G&Net Inc.,지앤넷, ,서광희,기타법인,110111-2073239,120-86-11824,"서울특별시 중구 소공로 116 13층 1301호(소공동, 서울센타빌딩)",www.gnnet.co.kr,,시스템 소프트웨어 개발 및 공급업,2000-09-21,12월
지앤비패럴랙스교육(주)," GnB PARALLAX Education Co., Ltd",지앤비패럴랙스교육, ,원종호,기타법인,110111-2096570,120-86-13443,서울특별시 강남구 역삼로 560 지앤비빌딩 (대치동),www.gnbenglish.com,,서적 출판업,2000-10-24,12월
지앤지엔터테인먼트,G&G Entertainment Inc,지앤지엔터테인먼트, ,정극포,기타법인,110111-1950652,220-81-86066,"서울특별시 구로구 디지털로 288 (구로동, 대륭포스트타워1차) 4층 410호",www.gngmovie.com,,애니메이션 영화 및 비디오물 제작업,2000-05-15,12월
주식회사 지앤지커머스,"G&G COMMERCE, LTD.",지앤지커머스, ,모영일,기타법인,110111-2672544,107-86-28206,"서울특별시 영등포구 국제금융로6길 30 5층 (여의도동, 백상빌딩)",gng2.ggook.com,,소프트웨어 개발 및 공급업,2002-12-12,12월
지앤지프로덕션 주식회사,"GNG Production Co.,Ltd.",지앤지프로덕션, ,오성민,기타법인,110111-3335555,211-87-73235,"서울특별시 강남구 도산대로37길 21 (신사동) 2,3층",www.gngpro.co.kr,,방송 프로그램 제작업,2005-11-03,12월
주식회사 지앤텍,"Global Solutions and Technology Co, Ltd.",지앤텍, ,조영재,기타법인,110111-0764442,220-81-01451,서울특별시 강남구 대치동 996-1 미래에셋벤처타워 3층,www.gntech.co.kr,,시스템 소프트웨어 개발 및 공급업,1991-03-28,12월
(주)지어소프트,GAEASOFT ,지어소프트,051160,김영준,코스닥시장,110111-1574874,211-86-45334,"서울특별시 종로구 종로1길 50 A동11층(중학동, 케이트윈타워)",gaeasoft.co.kr,,시스템 소프트웨어 개발 및 공급업,1998-08-13,12월
주식회사 지에스비즈플,"GSBIZPLE Co., Ltd.",지에스비즈플, ,이윤석,기타법인,110111-9066633,708-86-03352,"서울특별시 종로구 창덕궁1길 13 1층 (원서동, 원서빌딩)", ,,시스템 소프트웨어 개발 및 공급업,2024-10-02,12월
(주)지에스씨넷,GSCNET Corp.,지에스씨넷, ,박용수,기타법인,176011-0062478,513-81-56130,"세종특별자치시 한누리대로 219 (나성동, 한림프라자) 401호, 402호", ,,데이터베이스 및 온라인정보 제공업,2010-01-04,12월
(주)지에스아이엘 ,"GSIL Co., Ltd.",지에스아이엘, ,이정우,기타법인,110111-5117844,264-81-14771,경기도 성남시 수정구 청계산로 686 (고등동) 523호,gsil.klr,,시스템 소프트웨어 개발 및 공급업,2013-04-19,12월
(주)지에스아이티엠,GS ITM,지에스아이티엠, ,변재철,기타법인,110111-3451731,101-86-23426,서울특별시 종로구 계동길 31 2층(재동),www.gsitm.com,,시스템 소프트웨어 개발 및 공급업,2006-05-04,12월
(주)지에스피인터액티브,gsp-interactive,지에스피인터액티브, ,연승우,기타법인,110111-3938028,113-86-23564,서울특별시 구로구 구로동 187-10 코오롱싸이언스벨리 901,www.gsp-interactive.com,,포털 및 기타 인터넷 정보매개 서비스업,2008-08-01,12월
(주)지에스홈쇼핑,GS Home Shopping Inc.,지에스홈쇼핑,028150,김호성,기타법인,110111-1111444,117-81-13253,서울특별시 영등포구  선유로 75 GS강서타워 (문래동6가),company.gsshop.com,,텔레비전 방송업,1994-12-22,12월
(주)지에프티,GFT.CO.KR,지에프티, ,이명숙,기타법인,110111-3124172,211-87-58229,광주광역시 북구 연양로105번길 23 101호 (양산동), ,,컴퓨터시스템 통합 자문 및 구축 서비스업,2004-12-01,12월
주식회사 지엑스에스,GXS Inc.,지엑스에스, ,고든앨런데이비스,기타법인,110111-0417075,102-81-32001,"서울특별시 종로구 종로1길 42 (수송동, 이마빌딩) 8층", ,,시스템ㆍ응용 소프트웨어 개발 및 공급업,1986-02-04,06월
주식회사 지엔뷰,G&View,지엔뷰, ,정병수,기타법인,110111-3901439,113-86-21834,서울특별시 강남구 역삼1동 647-2 상원B/D 3층,www.gnview.com,,"영화, 비디오물, 방송프로그램 제작 및 배급업",2008-05-28,12월
지엔소프트(주),GNSOFT,지엔소프트, ,김진수,기타법인,160111-0217970,314-81-87147,대전광역시 유성구 문지로 272-16 2층 201호~205호 (문지동),www.gn-soft.co.kr/,,시스템 소프트웨어 개발 및 공급업,2007-02-01,12월
(주)지엔에스,GNS,지엔에스, ,이의범,기타법인,110111-1587190,220-81-54792,서울특별시 금천구 가산디지털2로 45 (가산동), ,,잡지 및 정기간행물 발행업,1998-10-01,12월
(주)지엔엔터프라이즈,GNENTERPRISE.CO.LTD,지엔엔터프라이즈, ,홍화식,기타법인,110111-1120362,229-81-20794,서울특별시 서초구 양재동 216, ,,광고 영화 및 비디오물 제작업,1995-01-18,12월
지엔케이홀딩스(주),"GNK Holdings Co., Ltd.",지엔케이홀딩스, ,유성훈,기타법인,110111-3267691,211-87-67897,"경기도 성남시 분당구 탄천상로 164 (구미동, 시그마2오피스텔) B-111", ,,응용 소프트웨어 개발 및 공급업,2005-07-13,12월
지엔터프라이즈 주식회사,Z enterprise Inc.,지엔터프라이즈, ,이성봉,기타법인,110111-6049343,236-88-00397,"서울특별시 강남구 테헤란로 507 9층 09-001호(삼성동, WeWork빌딩)",www.zent.kr/,,응용 소프트웨어 개발 및 공급업,2016-04-29,12월
주식회사 지엔티테크놀러지,GNT TECHNOLOGY CO LTD,지엔티테크놀러지, ,서금화,기타법인,110111-5368190,220-88-76612,"서울특별시 강남구 테헤란로 311 1119호 (역삼동, 아남타워빌딩)", ,,그 외 기타 정보 서비스업,2014-04-01,12월
지엠기획주식회사,"GM Entertaintment Co.,Ltd",지엠기획, ,변동진,기타법인,110111-1798383,107-81-72411,서울특별시 강남구 신사동 627-16 지엠빌딩, ,,음악 및 기타 오디오물 출판업,1999-11-01,12월
주식회사 지엠디소프트,GMDSOFT Inc.,지엠디소프트, ,김현수,기타법인,131111-0693159,599-87-02703,"경기도 성남시 분당구 판교역로 235 2층 215호(삼평동, 에이치스퀘어엔동)",www.gmdsoft.com,,응용 소프트웨어 개발 및 공급업,2023-01-10,12월
(주)지엠솔루션,"GMSOLUTION CO.,LTD.",지엠솔루션, ,정준희,기타법인,124611-0256295,121-81-46087,"서울특별시 금천구 가산디지털1로 128 (가산동, 에스티엑스브이타워) 905호(가산동, STXV타워)",https://www.gmsolution.co.kr/,,시스템 소프트웨어 개발 및 공급업,2001-07-02,12월
주식회사 지엠에스,"GMS, Inc.",지엠에스, ,박성훈,기타법인,120111-0676976,137-86-38705,인천광역시 서구 심곡로 102 (심곡동) 301호 노틀담빌딩, ,,시스템 소프트웨어 개발 및 공급업,2013-09-26,12월
주식회사 지엠에이치글로벌,GMHGLOBAL,지엠에이치글로벌, ,서현수,기타법인,110111-4422476,214-88-64839,"전북특별자치도 익산시 중앙로 48 (갈산동), 1동 (주)지엠에이치글로벌(갈산동)", ,,광고 영화 및 비디오물 제작업,2010-08-31,12월
(주)지엠티,"GMT CO., Ltd.",지엠티, ,이근석,기타법인,110111-2519770,201-81-73556,경기도 성남시 분당구 판교로255번길 9-22 (삼평동) 7층 711호~714호,www.gmtc.kr,,소프트웨어 개발 및 공급업,2002-05-09,12월
(주)지역엠비씨슈퍼스테이션,"Local MBC Superstation Co., Ltd.",지역엠비씨슈퍼스테이션, ,김창희,기타법인,110111-3544859,117-81-59813,서울특별시 양천구 목동 923-5 방송회관 12층,www.mbcnet.co.kr,,프로그램 공급업,2006-10-19,12월
주식회사 지오멕스소프트,"GEOMEXSOFT Co., Ltd",지오멕스소프트, ,안상섭,기타법인,140111-0038859,221-81-33219,강원특별자치도 춘천시 서면 박사로 900 (금산리),www.geomex.co.kr,,시스템 소프트웨어 개발 및 공급업,2009-05-27,12월
(주)지오소프트,"geosoft Co., LTD",지오소프트, ,하인현,기타법인,110111-1615206,213-86-36957,"서울특별시 강남구 언주로 819 3층(신사동, HB빌딩)",www.geosoft.co.kr,,시스템 소프트웨어 개발 및 공급업,1998-12-02,12월
(주)지오스테크널러지,GEOSTECHNOLOGY Co. Ltd,지오스테크널러지, ,김일수,기타법인,110111-1342172,114-81-75906,서울특별시 송파구 석촌동 280∼297,http://www.geostechnology.com,,시스템 소프트웨어 개발 및 공급업,1996-11-15,12월
주식회사 지오스토리,"GEOSTORY Co.,Ltd.",지오스토리, ,위광재,기타법인,110111-4924737,109-86-36323,"서울특별시 강서구 화곡로68길 82 (등촌동, 강서아이티밸리)406~408호",www.geostory.co.kr,,시스템 소프트웨어 개발 및 공급업,2012-07-30,12월
지오시스 유한회사,GIOSIS LLC,지오시스, ,정용환,기타법인,110114-0091378,220-88-00499,서울특별시 강남구 테헤란로 129 N타워 13층(역삼동), ,,시스템 소프트웨어 개발 및 공급업,2010-06-04,12월
주식회사 지오아이티,ZOIT,지오아이티, ,이성한,기타법인,160111-0231186,314-81-93066,대전광역시 서구 둔산로31번길 72 (둔산동) 홀리뷰빌딩 502호, ,,응용 소프트웨어 개발 및 공급업,2007-10-01,12월
지오윈(주), ,지오윈, ,박인철,기타법인,110111-1342172,114-81-75906,서울특별시 성동구 성수1가 685-20 성동한양벤처파크 204호, ,,시스템 소프트웨어 개발 및 공급업, ,12월
(주)지오이네트,Zoi.Net,지오이네트, ,전성영,기타법인,110111-1096901,220-81-23659,서울특별시 서초구 반포동 48-1 반도빌딩 6층,www.zoi.net,,컴퓨터시스템 통합 자문 및 구축 서비스업,1994-11-10,12월
지오인터랙티브주식회사,ZIO INTERACTIVE INC.,지오인터랙티브, ,김병기,기타법인,110111-1450298,120-81-75537,서울특별시 강남구 논현동 93 대동타워 10층,www.ziosoft.com,,시스템 소프트웨어 개발 및 공급업,1997-08-11,12월
주식회사 지오피스,Geopis,지오피스, ,김칠곤,기타법인,110111-3376468,120-86-91319,서울특별시 구로구 구로3동 197-48 에이스테크노3차 1206,www.geopis.com.,,데이터베이스 및 온라인정보 제공업,2006-01-09,12월
주식회사 지우게임즈,Jiwoo Games Inc.,지우게임즈, ,손호준,기타법인,110111-5909126,557-87-00356,"서울특별시 강남구 테헤란로83길 18 4층(삼성동, 매직킹덤빌딩)", ,,유선 온라인 게임 소프트웨어 개발 및 공급업,2015-12-04,12월
(주)지우미디어,JIWUMEDIA ,지우미디어, ,박용수,기타법인,134911-0028696,140-81-02042,인천광역시 부평구 산곡동 366-11,www.jiwumedia.com,,시스템ㆍ응용 소프트웨어 개발 및 공급업,2004-07-01,12월
(주)지우커뮤니케이션,"jiwoo comunication co,. ltd.",지우커뮤니케이션, ,진한승,기타법인,110111-2147034,101-81-66643,서울특별시 서대문구 충정로3가 충정타워빌딩 5층,www.ji-woo.com,,시스템 소프트웨어 개발 및 공급업,2001-01-10,12월
(주)지원방송,G1(Gangwon No.1 Broadcasting),지원방송, ,전종률,기타법인,140111-0018736,221-81-18649,강원도 춘천시 동면 소양강로 274 G1,www.g1tv.co.kr,,지상파 방송업,2001-04-23,12월
주식회사 지원엠케이,JIWONMK,지원엠케이, ,임헌정,기타법인,170111-0678170,434-81-00992,"대구광역시 중구 국채보상로 547 (종로1가, MMC만경관) 4층", ,,영화관 운영업,2018-04-11,12월
(주)지유온,"G.U.ON Co., Ltd.",지유온,111820,최승환,기타법인,110111-3582627,119-81-94650,"서울특별시 영등포구 국회대로62길 21 (여의도동, 동성빌딩) 11층",www.mp1.co.kr,www.guon.co.kr,기타 정보 서비스업,2006-12-19,12월
주식회사 지이모션,z-emotion,지이모션, ,HAN DONGSOO (한동수),기타법인,180111-1115533,704-87-00739,"서울특별시 강남구 선릉로99길 12 (역삼동, 모노타워)",www.z-emotion.com,,응용 소프트웨어 개발 및 공급업,2017-09-13,12월
지이스몰월드,GESMALLWORLD,지이스몰월드, ,리처드그린,기타법인,110111-1411703,214-86-15902,서울특별시 강남구 삼성동 157-8 엘지트윈텔 1관 1804,www.gepower.com,,시스템 소프트웨어 개발 및 공급업,1997-05-08,12월
(주)지존인터미디어,Z-Zone Intermedia Inc.,지존인터미디어, ,김형진,기타법인,110111-1773781,110-81-42382,서울특별시 용산구 원효로2가 16-10 402호,www.z-zone.co.kr,,시스템 소프트웨어 개발 및 공급업,1999-09-15,12월
(주)지지옥션,GG Auction,지지옥션, ,강명주,기타법인,110111-1978167,106-81-89904,"서울특별시 용산구 청파로49길 3 (청파동2가, 지지옥션빌딩)",www.ggi.co.kr,http://www.ggi.co.kr/,데이터베이스 및 온라인정보 제공업,2000-05-24,12월
(주)지캐스트코리아,"Gcast Korea Co.Ltd.,",지캐스트코리아, ,배수호,기타법인,110111-4212116,120-87-46617,"서울특별시 금천구 가산디지털1로 212 (가산동, 코오롱디지털타워애스턴) 201gh", ,,게임 소프트웨어 개발 및 공급업,2009-11-03,12월
지케이우산 주식회사,-,지케이우산, ,유기현,기타법인,110111-6753366,202-86-01007,"서울특별시 영등포구 여의나루로4길 18 (여의도동, 키움파이낸스스퀘어)", ,,"컴퓨터 프로그래밍, 시스템 통합 및 관리업",2018-05-17,12월
지케이원대삼 주식회사,-,지케이원대삼, ,이미희,기타법인,110111-6808492,531-88-00991,"서울특별시 영등포구 여의나루로4길 18 (여의도동, 키움파이낸스스퀘어)", ,,"컴퓨터 프로그래밍, 시스템 통합 및 관리업",2018-07-11,12월
(주)지콥,GCORP.corp,지콥, ,이제헌,기타법인,110111-7335907,233-86-01409,"서울특별시 강남구 논현로 622 (논현동, 금은빌딩) 4층", ,,광고 영화 및 비디오물 제작업,2020-01-01,12월
지텐엔터테인먼트코리아(주),"G10 Entertainment Korea co., ltd.",지텐엔터테인먼트코리아, ,김기영,기타법인,110111-3457557,214-87-90209,서울특별시 서초구 서초동 1553-5 오퓨런스빌딩 11층,www.g10korea.com,,게임 소프트웨어 개발 및 공급업,2006-05-15,12월
(주)지투이,"G2e Information & Technology Co., Ltd.",지투이, ,정창범,기타법인,120111-0229626,121-81-39062,"서울특별시 구로구 디지털로 242 (구로동, 한화비즈메트로1차) 206호",www.g2e.co.kr,,시스템 소프트웨어 개발 및 공급업,2000-08-10,12월
지티랜드 주식회사,"GTLAND Co.,Ltd.",지티랜드, ,김정재,기타법인,134811-0264995,135-86-31064,경상북도 경주시 엑스포로 40 신평동 150-10, ,,영화관 운영업,2013-03-05,12월
주식회사 지티스트,GTIST,지티스트, ,이동규,기타법인,110111-6294980,694-86-00681,"서울특별시 마포구 매봉산로 80 11층(상암동, PARKM)", ,,방송 프로그램 제작업,2018-12-14,12월
지티시스템 주식회사,Green Technology & System Inc,지티시스템, ,정귀영,기타법인,110111-4041557,214-88-38234,"서울특별시 서초구 논현로17길 19 6층 (양재동, 덕산빌딩)",www.gtsystem.co.kr,,시스템ㆍ응용 소프트웨어 개발 및 공급업,2009-02-20,12월
주식회사 지티에스앤,GTSn. Inc.,지티에스앤, ,"방운식, 박현철",기타법인,134111-0409503,559-87-00046,"인천광역시 부평구 평천로141번길 39 인천광역시 부평구 평천로141번길 39(청천동,GTS TOWN)",www.gtsn.co.kr,,시스템 소프트웨어 개발 및 공급업,2015-04-20,12월
주식회사 지티엔터테인먼트,GTENTERTAINMEN,지티엔터테인먼트, ,김규태,기타법인,110111-5043198,211-88-89108,"서울특별시 강남구 언주로136길 27 (논현동, 석경빌딩) 202(논형동)", ,,방송 프로그램 제작업,2013-01-22,12월
지티원 주식회사,"GTOne Co., Ltd.",지티원, ,이수용,기타법인,110111-3815284,107-87-03895,"서울특별시 영등포구 경인로 775 (문래동3가, 에이스하이테크시티) 2동 501호",gtone.co.kr,,컴퓨터시스템 통합 자문 및 구축 서비스업,2008-01-02,12월
지티플러스 주식회사,"GTPlus Co., Ltd.",지티플러스, ,김승호,기타법인,110111-3857385,107-87-06892,"서울특별시 서초구 강남대로 329 (서초동, 산학재단빌딩) 10층",www.gtplus.co.kr/,,컴퓨터시스템 통합 자문 및 구축 서비스업,2008-03-11,12월
(주)지파,JIFA,지파, ,홍성민,기타법인,110111-1441891,106-81-68710,서울특별시 용산구 용산동2가 5-(3∼491),www.jifa.co.kr,,음악 및 기타 오디오물 출판업,1997-07-19,12월
(주)지팬,"GFAN Co.,Ltd.",지팬, ,김국,기타법인,110111-1951296,105-86-11238,서울특별시 마포구 도화동 544 고려B/D 201호,gfan.co.kr,,데이터베이스 및 온라인정보 제공업,2000-04-25,12월
(주)지피에스코리아,GPS Korea. LTD.,지피에스코리아, ,이은우,기타법인,110111-1569495,120-81-81999,서울특별시 종로구 인사동 대일빌딩 1402호,www.gpsk.co.kr,,시스템 소프트웨어 개발 및 공급업,1998-07-25,12월
(주)지학사,Jihak Publishing Co.Ltd,지학사, ,권병일,기타법인,110111-0382327,105-81-31452,서울특별시 마포구 동교동 180-20,http://www.jihak.co.kr,,서적 출판업,1984-09-28,12월
주식회사 직방,"ZIGBANG CO., Ltd.",직방, ,안성우,기타법인,110111-4475300,120-87-61559,"서울특별시 강남구 영동대로 731 지하 2층, (청담동, 신영빌딩)",www.zigbang.com,,시스템 소프트웨어 개발 및 공급업,2010-11-19,12월
주식회사 직스테크놀로지,ZWCAD KOREA,직스테크놀로지, ,최종복,기타법인,110111-4749648,114-86-92399,"서울특별시 강남구 학동로23길 49 (논현동) 2층, 3층", ,,컴퓨터시스템 통합 자문 및 구축 서비스업,2011-12-16,12월
(주)진경씨엔에스,JINKYOUNG Co.,진경씨엔에스, ,장영훈,기타법인,110111-1458911,116-81-65587,서울특별시 영등포구 양평동2가 37-2 양평빌딩402호,www.jinkyoung.co.kr,,게임 소프트웨어 개발 및 공급업,1997-09-05,12월
(주)진두아이에스,"JINDOO I.S CO., INC.",진두아이에스, ,손관헌,기타법인,110111-2662909,105-86-47212,"서울특별시 금천구 가산디지털1로 2 806(가산동, 우림라이온스밸리2차)",www.jindoo-is.co.kr,,컴퓨터시스템 통합 자문 및 구축 서비스업,2002-11-28,12월
진솔시스템(주),"Gen Sol Systems co.,Ltd.",진솔시스템, ,이상준,기타법인,110111-1227134,211-86-12357,서울특별시 강남구 논현동 115-1 경원빌딩 4층,www.gensol.co.kr,,컴퓨터시스템 통합 자문 및 구축 서비스업,1995-12-28,12월
주식회사 진인프라,JININFRA,진인프라, ,김성용,기타법인,131111-0163326,129-81-96937,서울특별시 송파구 가락로16길 3-20 진인프라빌딩,https://www.jininfra.com/,,통신 재판매업,2006-05-04,12월
주식회사 진전기,"Zhen Chuanqi Co., Ltd",진전기, ,구오하이빈,기타법인,110111-7708071,173-81-02173,"서울특별시 중구 서애로 33 (필동3가, 티엔에스빌딩 5층)", ,,유선 온라인 게임 소프트웨어 개발 및 공급업,2020-12-07,12월
진주문화방송 주식회사,JINJU MUNHWA BROADCASTING CORP.,진주문화방송, ,정일윤,기타법인,191111-0000047,613-81-00426,경상남도 진주시 가좌동 700-1번지 , ,,지상파 방송업,1967-11-10,12월
(주)진학사,Jinhaksa Corporation ,진학사, ,신원근,기타법인,110111-1966930,101-81-57765,"서울특별시 종로구 경희궁길 34 (신문로2가, 진학기획)",www.jinhak.com,,데이터베이스 및 온라인정보 제공업,2000-05-01,03월
(주)진학어플라이,jinhakapply corp.,진학어플라이, ,신원근,기타법인,110111-4570308,101-86-62676,서울특별시 종로구 경희궁길 34, ,,호스팅 및 관련 서비스업,2011-04-01,03월
집닥 주식회사,ZIPDOC Inc,집닥, ,김성익,기타법인,110111-5788661,793-81-00149,서울특별시 강남구 봉은사로18길 65 (역삼동),www.zipdoc.co.kr,,데이터베이스 및 온라인정보 제공업,2015-07-22,12월
차란차 주식회사,"Charancha Co.,LTD.",차란차, ,박창우,기타법인,110111-5156074,264-81-17458,"서울특별시 동대문구 천호대로 329 (답십리동, 도이치모터스빌딩) 12층", ,,데이터베이스 및 온라인정보 제공업,2013-06-12,12월
차봇 모빌리티 주식회사,"CHABOT MOBILITY Co., Ltd.",차봇모빌리티, ,강성근,기타법인,110111-6159275,575-87-00451,"서울특별시 성동구 왕십리로 125 (성수동1가, KD타워) 801호",www.naver.com/,,시스템 소프트웨어 개발 및 공급업,2016-08-24,12월
(주)차세대정보통신,"Next Information Technology Co.,Ltd",차세대정보통신, ,원종태,기타법인,110111-1324641,214-86-10116,서울특별시 강남구 역삼동 679-5 아주빌딩 903호 서울벤처타운,www.nextinfo.co.kr,,시스템 소프트웨어 개발 및 공급업,1996-09-24,12월
주식회사 차이나랩,CHINALAB,차이나랩, ,한우덕,기타법인,110111-6200945,885-88-00466,"서울특별시 중구 서소문로 100 (서소문동, 중앙일보구관) 6층", ,,데이터베이스 및 온라인정보 제공업,2016-10-20,12월
차이나유니콤오퍼레이션스코리아 주식회사,"China Unicom Operations Korea Co.,Ltd.",차이나유니콤오퍼레이션스코리아, ,SONG XUAN(송슈안),기타법인,110111-6576362,184-81-00990,"서울특별시 종로구 우정국로 26 (공평동, 센트로폴리스) 9층", ,,통신 재판매업,2017-11-22,12월
차이엑스 주식회사,CHAI X,차이엑스, ,공기배,기타법인,160111-0396097,216-87-00076,"서울특별시 성동구 성수이로20길 16 (성수동2가, 제이케이타워) 405호", ,,응용 소프트웨어 개발 및 공급업,2015-05-11,12월
주식회사 차케어스,"CHACARES CO, LTD",차케어스, ,김창호,기타법인,110111-2066002,220-81-98242,"경기도 성남시 분당구 야탑로69번길 3 (야탑동, 강남프라자)",www.chacarescorp.com,,그 외 기타 정보 서비스업,2000-09-06,12월
참테크,chamtech,참테크, ,윤종용,기타법인,121111-0067637,130-81-60496,경기도 부천시 원미구 원미동 42-13, ,,시스템 소프트웨어 개발 및 공급업,1999-06-01,12월
(주)참텔레콤,Charmtellecom Corp.,참텔레콤, ,나한필,기타법인,110111-1925580,220-81-82774,서울특별시 강남구 역삼동 702-10 아남타워 1305호,www.charmtel.co.kr,,게임 소프트웨어 개발 및 공급업,2000-03-31,12월
(주)창비,"Changbi Publishers, Inc.",창비, ,고세현,기타법인,110111-1021908,105-81-63672,경기도 파주시 교하읍 문발리 파주출판문화정보산업단지 42-5,www.changbi.com,,서적 출판업,1994-03-24,12월
(주)창성정보시스템,ChangSung Information System.Inc,창성정보시스템, ,유병일,기타법인,110111-0744056,229-81-19491,서울특별시 서초구 양재동 2-2 정우빌딩,http://www.cssys.co.kr,,시스템 소프트웨어 개발 및 공급업,1991-02-01,12월
창신소프트(주),"Chang shin soft co,ltd",창신소프트, ,지창진,기타법인,110111-1165061,211-86-37061,서울특별시 서초구 서초동 1424-2 성우빌딩 11층,www.cssoft.co.kr,,기타 정보기술 및 컴퓨터운영 관련 서비스업,1995-06-23,12월
창유닷컴코리아 유한회사,Changyou.com Korea LLC,창유닷컴코리아, ,더원천,기타법인,110114-0090693,214-88-54044,서울특별시 강남구 테헤란로 314 (역삼동)금성빌딩 6층, ,,모바일 게임 소프트웨어 개발 및 공급업,2010-01-07,12월
(주)창의와탐구,mindalive.co.kr,창의와탐구, ,임국진,기타법인,110111-1563893,114-81-84574,"서울특별시 서초구 남부순환로 2219 (방배동, 방배동나노빌딩) 3,5층",www.askwhy.co.kr,,서적 출판업,1998-07-14,12월
(주)창일커뮤니케이션,"Chang-il Communication Co., Ltd.",창일커뮤니케이션, ,김정용,기타법인,110111-1904500,211-86-93495,서울특별시 강남구 논현동 15-3,www.chang-il.com,,시스템 소프트웨어 개발 및 공급업,2000-03-13,12월
주식회사 채널샵,"Chanel Shop Co.,Ltd",채널샵, ,박명순,기타법인,110111-2791245,211-87-33698,서울특별시 동작구 사당동1044-4 정석빌딩4층, ,,지상파 방송업,2010-02-04,12월
주식회사 채널에이,Channel A Corporation,채널에이, ,김재호,기타법인,110111-4574540,101-86-62787,서울특별시 종로구 청계천로 1 동아미디어센터 (주)채널에이,www.ichannela.com,,프로그램 공급업,2011-04-07,12월
주식회사 채널에이뉴스비전,Channel A Newsvision Corporation,채널에이뉴스비전, ,강수진,기타법인,110111-6275659,836-87-00787,"서울특별시 종로구 청계천로 1 (서린동, 동아일보사) 11층", ,,프로그램 공급업,2016-12-29,12월
(주)채널이천인터넷방송,Channel 2000 Internet Broadcasting,채널이천인터넷방송, ,박동발,기타법인,180111-0316299,617-81-26976,부산광역시 수영구 광안3동 1025-9 황우빌딩 4층,www.ch2000.co.kr,,데이터베이스 및 온라인정보 제공업,2000-03-13,12월
채널코퍼레이션,Channel Corporation,채널코퍼레이션, ,"최시원, 김재홍",기타법인,131111-0363851,144-81-21513,"서울특별시 강남구 논현로 508 8층 (역삼동, GS강남타워)", ,,응용 소프트웨어 개발 및 공급업,2014-01-10,12월
주식회사 채플린홀딩스,CHAPLINHOLDINGS LTD.,채플린홀딩스, ,임선욱,기타법인,110111-6264016,226-87-00618,"서울특별시 구로구 디지털로33길 11 (구로동, 에이스테크노타워8차) 501호", ,,모바일 게임 소프트웨어 개발 및 공급업,2016-12-19,12월
주식회사 책읽는곰,Bear Books Inc.,책읽는곰, ,임선희,기타법인,110111-6477669,170-81-01030,"서울특별시 마포구 성지길 48 (합정동) 1층,3층,4층", ,,일반 서적 출판업,2017-08-02,12월
(주)챔프비전,Champ Vision Inc.,챔프비전, ,강신웅,기타법인,110111-3167081,106-86-33991,"서울특별시 종로구 새문안로 68 (신문로1가, 흥국생명빌딩)",champtv.com,,"유선, 위성 및 기타 방송업",2005-02-14,12월
주식회사 천산홀딩스,CHUNSANHOLDINGS,천산홀딩스, ,변우식,기타법인,110111-4800888,120-87-79229,서울특별시 강남구 삼성동 37-5, ,,소프트웨어 개발 및 공급업,2012-02-21,12월
(주)천우소프트,"Chunwoo Soft Co., Ltd.",천우소프트, ,김종현,기타법인,110111-1305534,106-81-62360,서울특별시 강남구 역삼동 637-20 우영빌딩 5층,www.chunwoo.co.kr,,시스템 소프트웨어 개발 및 공급업,1996-08-06,12월
(주)천재교과서,CHUNJAE TEXTBOOK,천재교과서, ,박정과,기타법인,110111-2930687,119-81-70643,서울특별시 금천구 가산디지털1로 16 (가산동) SK-V1 AP타워 20층,https://www.chunjaetext.co.kr,,교과서 및 학습서적 출판업,2004-01-07,12월
주식회사 천재교육,Chunjae Education Inc.,천재교육, ,최용준,기타법인,110111-0511025,119-81-19350,서울특별시 금천구 가산로9길 54 (가산동),www.chunjae.co.kr,,교과서 및 학습서적 출판업,1986-11-21,12월
(주)천재문화,CHUNJAEMUNHWA CO.LTD,천재문화, ,소대봉,기타법인,110111-0559637,105-81-33090,서울특별시 금천구 가산동 673번지,www.chunjaemh.net,,교과서 및 학습서적 출판업,1988-01-27,12월
(주)첨단,"CHOM DAN,INC.",첨단, ,이준원,기타법인,110111-0357916,118-81-03520,서울특별시 마포구 양화로 127 (서교동),htt://www.hellot.net,,정기 광고간행물 발행업,1973-02-01,06월
(주)청구정보통신,"CHEONGU,Inf.Comm.co.,Ltd.",청구정보통신, ,심은택,기타법인,110111-1538440,104-81-43542,"서울특별시 구로구 디지털로26길 43 엘동 404호,405호,406호 (구로동, 대륭포스트타워8차)", ,,응용 소프트웨어 개발 및 공급업,1998-04-30,12월
(주)청라시네마,Cheongna Cinema,청라시네마, ,김용균,기타법인,120111-1125667,151-88-01815,"인천광역시 서구 청라에메랄드로 99 4층 401호 외(청라동, 지젤엠청라)", ,,영화관 운영업,2021-01-22,12월
주식회사 청람기업,churam ,청람기업, ,"장순호, 이정민",기타법인,220111-0043728,616-81-44234,제주특별자치도 제주시 삼도2동1261-8, ,,영화관 운영업,2004-06-30,12월
(주)청암엔터테인먼트,CHUNGAM ENTERTAINMENT,청암엔터테인먼트, ,김종학,기타법인,110111-3166687,211-87-61025,서울특별시 강남구 신사동 644-3 세화빌딩4층, ,,방송 프로그램 제작업,2006-02-11,12월
(주)청오이스테이션, ,청오이스테이션, ,정효건,기타법인,110111-1927255,220-81-83623,서울특별시 서초구 서초동 1533 한신리빙타워 3층,www.estation.co.kr,,데이터베이스 및 온라인정보 제공업,2000-03-31,12월
(주)청주방송,Cheongju Broadcasting.Co.LTD,청주방송, ,이두영,기타법인,150111-0027579,315-81-22337,충청북도 청주시 흥덕구 사직2동 12-16,www.cjb.co.kr,,방송 프로그램 제작업,1996-12-26,12월
체리미디어,"CHERRY MEDIA CO., LTD",체리미디어, ,ERIC LOH,기타법인, ,LL02657,서울특별시 강남구 신사동,-,,일반 영화 및 비디오물 제작업,2000-11-24,12월
(주)초록뱀미디어,"CHOROKBAEM MEDIA CO.,LTD.",초록뱀미디어,047820,"김동준, 윤동현 (각자대표이사)",코스닥시장,110111-1549786,220-81-52270,"서울특별시 강남구 언주로 726 16층(논현동, 두산빌딩)",www.chorokbaem.com,,방송 프로그램 제작업,1998-05-26,12월
(주)초록뱀엠앤씨,chorokbaem media & communication,초록뱀엠앤씨, ,김기범,기타법인,110111-2064717,211-86-65679,서울특별시 강남구 삼성동 89-7 클레어홀딩스빌딩 2층, ,,방송 프로그램 제작업,2000-09-05,12월
(주)초이락홀딩스,"CHOIROCK HOLDINGS Co.,Ltd",초이락홀딩스, ,최종일,기타법인,285011-0136841,128-86-26637,"서울특별시 구로구 부일로 869 (온수동, 초이락빌딩)",www.choirockcf.com,,애니메이션 영화 및 비디오물 제작업,2007-12-10,12월
주식회사 최배견고도,"GODO CO.,Ltd",최배견고도, ,최배견고도,기타법인,110111-7230777,746-81-01593,"서울특별시 구로구 디지털로32가길 16 (구로동, 파트너스타워2차) 405호", ,,그 외 기타 정보 서비스업,2019-09-18,12월
춘천문화방송(주),Chuncheon Munhwa Broadcasting Corp,춘천문화방송, ,최헌영,기타법인,140111-0000642,221-81-00116,강원도 춘천시 수변공원길 54,www.chmbc.co.kr,,지상파 방송업,1968-07-13,12월
충남연합방송(주), ,충남연합방송, ,주인환,기타법인,164511-0003886,313-81-05050,충청남도 부여군 규암면 규암리 130-3, ,,유선 방송업,1997-12-10,12월
(주)충북방송,CHUNGBUK CABLL SYSTEM,충북방송, ,이영희,기타법인,150111-0056172,301-81-53239,충청북도 청주시 상당구 지북동 153,ccn.hcn.co.kr,,유선 방송업,2001-06-13,12월
(주)충북이노베이션,"dycatv.co.,ltd",충북이노베이션, ,송종학,기타법인,154611-0002072,304-81-13745,충청북도 단양군 단양읍 군청로 6 (도전리) 우리누리,-,,프로그램 공급업,2003-06-25,12월
충주문화방송(주),chungju munhwa broadcasting corporation,충주문화방송, ,윤정식,기타법인,151111-0000136,303-81-00382,충청북도 충주시 호암동680,www.cjmbc.co.kr,,지상파 방송업,1970-10-10,12월
(주)충청네트워크,chungcheong network company,충청네트워크, ,빈의홍,기타법인,160111-0073744,305-81-30484,대전광역시 중구 선화동 95-3,www.icmb.tv,,유선 방송업,1998-12-01,12월
(주)츄로씨,"Chyurossi, Ltd",츄로씨, ,박용우,기타법인,110111-4948919,106-86-88666,서울특별시 은평구 통일로 599 202호 (응암동), ,,응용 소프트웨어 개발 및 공급업,2012-08-29,12월
주식회사 카닥,Cardoc Inc.,카닥, ,한현철,기타법인,131111-0363538,144-81-21245,"서울특별시 서초구 강남대로53길 8 (서초동, 스타크강남빌딩) 9층",www.cardoc.co.kr/,,포털 및 기타 인터넷 정보매개 서비스업,2014-01-10,12월
주식회사 카동,"CARDONG Co., Ltd.",카동, ,양종선,기타법인,110111-7660841,485-86-01752,"서울특별시 마포구 월드컵북로 396 11층 (상암동, 누리꿈스퀘어)", ,,시스템 소프트웨어 개발 및 공급업,2020-10-23,12월
(주)카드넷,KARDNET Inc.,카드넷, ,하기복,기타법인,110111-1837313,212-81-44895,대구광역시 수성구 범어2동 223-5 동일빌딩 2층,www.kardnet.com,,자료 처리업,1999-12-27,11월
(주)카드캐스팅 에이전시,"cardcasting agency co.,ltd",카드캐스팅에이전시, ,김현삼,기타법인,110111-2044305,201-81-59933,서울특별시 중구 신당동 377-58 환경포럼빌딩 2층,www.cardbada.com,,시스템 소프트웨어 개발 및 공급업,2000-08-08,12월
주식회사 카랑,"Carang Co.,Ltd",카랑, ,"박종관, 하상욱",기타법인,131411-0348584,242-86-00160,"서울특별시 금천구 디지털로9길 68 (가산동, 대륭포스트타워5차)", ,,응용 소프트웨어 개발 및 공급업,2015-07-31,12월
(주)카르마웍스,"KARMAWORKS Co., Ltd.",카르마웍스, ,이복영,기타법인,110111-2938673,220-86-78241,서울특별시 강서구 염창동 240-21 우림블루나인 A동 1910호 1911호,www.karmaworks.co.kr,,컴퓨터시스템 통합 자문 및 구축 서비스업,2004-01-19,12월
(주)카마디지털엔터테인먼트,Kama Digital Entertainment Inc.,카마디지털엔터테인먼트, ,박현규,기타법인,110111-1533234,120-81-79775,서울특별시 강남구 삼성동 109번지 삼창빌딩,kama.co.kr,,게임 소프트웨어 개발 및 공급업,1998-12-12,12월
(주)카비,CARVI Inc,카비, ,이은수,기타법인,121111-0202184,130-86-51099,"서울특별시 금천구 벚꽃로 244 (가산동, 벽산디지털밸리5차) 3층 301호",www.carvi.co.kr,,응용 소프트웨어 개발 및 공급업,2010-05-10,12월
주식회사 카사솔루션,"Casa solution co., ltd.",카사솔루션, ,전환희,기타법인,120111-1225136,344-81-02528,"인천광역시 연수구 인천타워대로 99 (송도동, 애니오션빌딩) 5층",-,,응용 소프트웨어 개발 및 공급업,2022-04-06,12월
주식회사 카사코리아,"kasa korea Co.,Ltd.",카사코리아, ,홍재근,기타법인,110111-6739332,368-86-01253,"서울특별시 중구 삼일대로 343 (저동1가, 대신파이낸스센터(DaishinFinanceCenter)) 15층", ,,시스템 소프트웨어 개발 및 공급업,2018-04-01,12월
카스정보통신,cas telecommunications,카스정보통신, ,박재선,기타법인,110111-1415953,114-81-79300,서울특별시 동작구 상도동 356번지 두덕빌딩9층,http://castel.co.kr,,그 외 기타 전기 통신업,1997-05-10,12월
주식회사 카이네스,"KAINESS Co.,Ltd",카이네스, ,김성룡,기타법인,110111-1631153,209-81-21974,"서울특별시 금천구 가산동 60-11 스타밸리 1007호, 1008호",www.kainess.com,,시스템 소프트웨어 개발 및 공급업,1999-01-09,12월
카이로스엔터프라이즈,"KAIROS Enterprise Co., Ltd.",카이로스엔터프라이즈, ,최준성,기타법인,110111-3255018,114-86-45085,서울특별시 영등포구 국회대로 750 금산빌딩 1-408,www.kairosent.net,,방송 프로그램 제작업,2005-06-24,12월
카이트버드코리아 유한회사,KITE BIRD KOREA YUHAN HOESA,카이트버드코리아, ,PU HAI TAO,기타법인,110114-0213005,314-86-65643,"서울특별시 중구 세종대로 55 (태평로2가, 부영태평빌딩) 25층", ,,호스팅 및 관련 서비스업,2017-11-06,12월
(주)카카오,Kakao Corp.,카카오,035720,정신아,유가증권시장,110111-1129497,120-81-47521,제주특별자치도 제주시 첨단로 242,www.kakaocorp.com,https://www.kakaocorp.com/ir/main,포털 및 기타 인터넷 정보매개 서비스업,1995-02-16,12월
(주)카카오,Kakao.Corp,카카오, ,"이제범, 이석우",기타법인,110111-3570440,119-81-93985,서울특별시 강남구 역삼동 726-2 C&K빌딩 2층, ,,포털 및 기타 인터넷 정보매개 서비스업,2006-12-01,12월
주식회사 카카오 VX,KAKAO VX Corp.,카카오VX, ,"문태식, 김창준",기타법인,131111-0318343,144-81-03460,"경기도 성남시 분당구 판교로255번길 68 3층, 4층 (삼평동)", ,,시스템ㆍ응용 소프트웨어 개발 및 공급업,2012-07-13,12월
(주)카카오게임즈,Kakao Games Corp.,카카오게임즈,293490,Sang Woo Han,코스닥시장,131111-0351682,144-81-18454,"경기도 성남시 분당구 판교역로 152, 14층(백현동, 알파돔타워 3) &nbsp",kakaogames.com,,게임 소프트웨어 개발 및 공급업,2013-08-22,12월
(주) 카카오랩,Kakao Lab Corp.,카카오랩, ,김창준,기타법인,160111-0228092,314-81-91597,"경기도 성남시 분당구 판교역로 235 (삼평동, 에이치스퀘어엔동) 3층", ,,출판업,2007-07-19,12월
주식회사 카카오모빌리티,Kakao Mobility Corp.,카카오모빌리티, ,류긍선,기타법인,131111-0481819,172-86-00842,경기도 성남시 분당구 판교역로 152 알파돔타워 13층, ,,그 외 기타 정보 서비스업,2017-06-09,12월
주식회사 카카오브레인,KAKAO BRAIN Corp.,카카오브레인, ,김일두,기타법인,131111-0472355,217-86-00621,"경기도 성남시 분당구 판교역로 152 12층 (백현동, 알파돔타워)", ,,소프트웨어 개발 및 공급업,2017-02-01,12월
주식회사 카카오스타일,Kakao Style Corp.,카카오스타일, ,서정훈,기타법인,110111-4799338,214-88-91525,"서울특별시 강남구 테헤란로 521 (삼성동, 파르나스타워) 27층",https://kakaostyle.com/,,응용 소프트웨어 개발 및 공급업,2012-02-20,12월
(주)카카오엔터테인먼트,Kakao Entertainment Corp.,카카오엔터테인먼트, ,"권기수, 장윤중",기타법인,110111-4397752,220-88-02594,경기도 성남시 분당구 판교역로 221 (삼평동) 투썬월드빌딩 6층,www.kakaoent.com,,포털 및 기타 인터넷 정보매개 서비스업,2010-07-20,12월
주식회사 카카오엔터프라이즈,Kakao Enterprise Corp.,카카오엔터프라이즈, ,이경진,기타법인,131111-0565241,741-81-01531,"경기도 성남시 분당구 판교역로 235 (삼평동, 에이치스퀘어엔동) 7층", ,,응용 소프트웨어 개발 및 공급업,2019-08-26,12월
주식회사 카카오엠,Kakao M Corp.,카카오엠, ,김성수,기타법인,110111-6837277,204-87-00957,"서울특별시 강남구 테헤란로103길 17 (삼성동, 정석빌딩)",www.kakao-m.com,,오디오물 출판 및 원판 녹음업,2018-08-08,12월
주식회사 카카오헬스케어,Kakao Healthcare Corp.,카카오헬스케어, ,황희,기타법인,131111-0665083,758-88-02124,"경기도 성남시 분당구 판교역로 235 엔동 4층(삼평동, 에이치스퀘어)", ,,"컴퓨터 프로그래밍, 시스템 통합 및 관리업",2022-03-17,12월
카테노이드 주식회사,Catenoid Inc,카테노이드, ,김형석,기타법인,110111-4642347,114-86-89540,"서울특별시 강남구 봉은사로 502 (삼성동, 삼하빌딩) 4층, 5층", ,,"컴퓨터 프로그래밍, 시스템 통합 및 관리업",2011-07-04,12월
(주)카티스,CATIS INC.,카티스,140430,김승수,코스닥시장,110111-3388025,201-81-95832,경기도 안양시 만안구 덕천로48번길 28,CATIS.CO.KR,,"컴퓨터 프로그래밍, 시스템 통합 및 관리업",2006-01-25,12월
주식회사 카티정보,"CATI Information Co.,Ltd.",카티정보, ,원석연,기타법인,110111-1179921,203-81-58492,서울특별시 중구 신당2동 821-1,http://www.cati.info,,시스템 소프트웨어 개발 및 공급업,1995-07-01,12월
카페24(주),Cafe24 Corp.,카페24,042000,이재석,코스닥시장,110111-1698145,118-81-20586,서울특별시 동작구 보라매로5길 15,www.cafe24.com,,호스팅 및 관련 서비스업,1999-05-17,12월
(주)카포넷,COPONET,카포넷, ,최송규,기타법인,110111-2041484,120-86-09629,서울특별시 강남구 대치동 미래에셋벤쳐타워 2층,www.coponet.com,,시스템 소프트웨어 개발 및 공급업,2000-08-03,12월
주식회사 칸소프트,"Khan Soft.Co., Ltd.",칸소프트, ,유윤상,기타법인,110111-1643835,214-86-29425,서울특별시 금천구 가산동 대륭테크노타워6차 1006호, ,,시스템 소프트웨어 개발 및 공급업,1999-02-01,12월
주식회사 칼리버스,CALIVERSE Inc.,칼리버스, ,김동규,기타법인,110111-6601094,283-86-01059,서울특별시 강남구 선릉로146길 27-7 (청담동),www.caliverse.co.kr,,소프트웨어 개발 및 공급업,2017-12-18,12월
칼리스타(주),"Kallista.CO.,LTD",칼리스타, ,조현경,기타법인,110111-3148536,211-87-59849,서울특별시 영등포구 여의도동 롯데캐슬엠파이어 102-507, ,,방송 프로그램 제작업,2005-01-11,12월
(주)캐드뱅크,CADBANK,캐드뱅크, ,임장순,기타법인,110111-2170506,101-81-68113,서울특별시 종로구 숭인2동 280 진선빌딩1층,http://www.cadbank.co.kr,,서적 출판업,2002-03-12,12월
(주)캐드앤소프트,Cad&Soft,캐드앤소프트, ,신준기,기타법인,180111-0300797,617-81-25021,부산광역시 남구 용당동 산100 부경대학교 기술사업단 5`13호,www.cad.co.kr,,시스템 소프트웨어 개발 및 공급업,1999-10-01,12월
주식회사 캐디안,CADian Inc.,캐디안, ,박승훈,기타법인,110111-1195175,105-81-74484,"서울특별시 금천구 가산디지털2로 115 1009호(가산동, 대륭테크노타운3차)",www.cadian.com,,응용 소프트웨어 개발 및 공급업,1995-10-01,12월
(주)캐디언스시스템,CADians System Corp,캐디언스시스템, ,이형복,기타법인,110111-1203978,113-81-35478,"서울특별시 금천구 가산디지털1로 212 1006호 (가산동, 코오롱디지털타워애스턴)",https://www.cadians.com/,,소프트웨어 개발 및 공급업,1995-10-16,12월
주식회사 캐리소프트,"CARRIESOFT Co., Ltd.",캐리소프트,317530,박창신,코스닥시장,110111-5551646,113-86-91776,"서울특별시 구로구 디지털로31길 20, 에이스테크노타워5차 1101호",www.carriesoft.com,www.carriesoft.com,일반 영화 및 비디오물 제작업,2014-10-30,12월
(주)캐스트뱅크,"CASTBANK CO.,LTD",캐스트뱅크, ,전종수,기타법인,110111-1965429,106-81-89485,서울특별시 강동구 성내동 551-1 베스컴타워 2층,http://www.castbank.com,,기타 정보기술 및 컴퓨터운영 관련 서비스업,2000-05-10,09월
주식회사 캐스트이즈,Castis Co. Ltd.,캐스트이즈, ,김승학,기타법인,110111-2024646,220-81-93209,서울특별시 관악구 행운동 1687-5 K-Tower 3F~7F,www.castis.com,,응용 소프트웨어 개발 및 공급업,2000-07-12,12월
주식회사 캐스트인사이드,CASTINSIDE.CO,캐스트인사이드, ,이종성,기타법인,110111-1943037,114-81-98379,서울특별시 용산구 한강로2가 15-2 나진상가 17동 가 307호,www.castinside.co.kr,,기타 정보기술 및 컴퓨터운영 관련 서비스업,2000-04-18,12월
(주)캐스트정보,"CAST INFORMATION.CO.,LTD.",캐스트정보, ,최석영,기타법인,110111-2052530,220-81-95342,"서울특별시 강서구 양천로 583 (염창동, 우림블루나인)",www.castinfo.co.kr,,컴퓨터시스템 통합 자문 및 구축 서비스업,2000-09-01,12월
유한회사 캐쳐스문화산업전문회사,LIMITED COMPANY SPECIALIZING IN THE CULTURAL INDUSTRY CATCHERS,캐쳐스문화산업전문회사, ,황경섭,기타법인,110114-0300480,401-88-02494,"서울특별시 마포구 매봉산로 45 19층(상암동, KBS미디어센터)", ,,"영화, 비디오물 및 방송프로그램 제작업",2022-08-25,12월
주식회사캔디엔터테인먼트,"CANDY entertainments.,co.ltd",캔디엔터테인먼트, ,김형수,기타법인,110111-2014217,105-86-14569,서울특별시 마포구 염리동 105-11 충현빌딩 2층,www.candycity.co.kr,,프로그램 공급업,2000-07-01,12월
(주)캔버스,canvas,캔버스, ,최상복,기타법인,110111-1558456,120-81-81325,서울특별시 강남구 신사동 630-23,www.ju-canvas.co.kr,,광고 영화 및 비디오물 제작업,1998-06-23,12월
(주)캔버스엔,"CANVAS N Co.,Ltd.",캔버스엔,210120,오희갑,코스닥시장,110111-2753873,101-81-93460,서울특별시 마포구 상암산로 76 16층일부(상암동),victents.com,,방송 프로그램 제작업,2003-04-04,12월
캠프모바일 주식회사,Camp Mobile Corporation,캠프모바일, ,"이람, 박종만",기타법인,110111-5079086,264-81-11885,"서울특별시 서초구 강남대로 369 (서초동,나라빌딩)",www.campmobile.com,,응용 소프트웨어 개발 및 공급업,2013-02-28,12월
(주)커넥트웨이브,"Connectwave Co., Ltd.",커넥트웨이브,119860,"이건수, 정재웅",기타법인,110111-2551996,117-81-40065,"서울특별시 금천구 벚꽃로 298 17층 (가산동, 대륭포스트타워 6차)",www.danawa.com,,시스템 소프트웨어 개발 및 공급업,2002-06-21,12월
(주) 커넥티비티,"KONNECTIVITY Co., Ltd.",커넥티비티, ,홍원의,기타법인,110111-6670049,266-87-00917,"서울특별시 마포구 월드컵북로56길 12 4F (상암동, TrutecBuilding)",www.spotvnow.co.kr,,위성 및 기타 방송업,2018-04-01,12월
주식회사 커넬씨엔씨,kernel c&c co.,커넬씨엔씨, ,김범곤,기타법인,134111-0176095,138-81-52156,서울특별시 성북구 화랑로 310 (석관동) 장원빌딩 101호, ,,"컴퓨터 프로그래밍, 시스템 통합 및 관리업",2009-03-27,12월
커런트 주식회사,CURRENT Corp.,커런트, ,김길연,기타법인,134511-0534287,696-86-02216,"경기도 용인시 기흥구 죽전로 29 6층 6064호 (보정동, 포레스트프라자)", ,,모바일 게임 소프트웨어 개발 및 공급업,2021-09-06,12월
(주)커리어넷,"CAREERNet.Co.,LTD.",커리어넷, ,강석린,기타법인,110111-2885915,220-86-73547,"서울특별시 구로구 디지털로32가길 16 (구로동, 파트너스타워2차) 13층", ,,포털 및 기타 인터넷 정보매개 서비스업,2003-11-01,12월
(주)커머스웨어,"Commerceware Co.,Ltd.",커머스웨어, ,김범연,기타법인,110111-2749921,206-81-79841,"서울특별시 강남구 강남대로136길 10 (논현동,유신빌딩 2층)",www.cware.co.kr,,컴퓨터 프로그래밍 서비스업,2003-04-01,12월
커버스토리 주식회사,COVER STORY,커버스토리, ,최성원,기타법인,110111-7317757,602-88-01424,경기도 광명시 일직로 43 (일직동) GIDC C동 1917호, ,,응용 소프트웨어 개발 및 공급업,2019-12-10,12월
주식회사 커튼콜미디어,"CURTAINCALL MEDIA CO.,LTD.",커튼콜미디어, ,박홍규,기타법인,110111-2483511,211-87-11428,"서울특별시 강남구 학동로 342 (논현동, 에스케이 허브블루901호)", ,,"영화, 비디오물, 방송프로그램 제작 및 배급업",2002-04-01,12월
커플넷,COPLE.NET,커플넷, ,이웅진,기타법인, , ,서울특별시 강남구 신사동 587-14 동현빌딩 5층,www.couple.net,,데이터베이스 및 온라인정보 제공업,2009-03-05,12월
주식회사 컨두잇,"Conduit Co., Ltd.",컨두잇, ,이상목,기타법인,110111-8320238,571-81-02697,"서울특별시 영등포구 의사당대로 83 (여의도동, 오투타워)",www.act.ag,,포털 및 기타 인터넷 정보매개 서비스업,2022-06-03,12월
(주) 컨버전스티비,"ConsTV.Co.,Ltd",컨버전스티비, ,최정열,기타법인,110111-5586437,114-87-22599,"서울특별시 서초구 나루터로10길 29 2층 (잠원동, 디올리치빌딩)",www.digitalcnm.com,,방송 프로그램 제작업,2014-12-15,12월
(주)컨텍,"CONTEC Co.,Ltd",컨텍,451760,이성희,코스닥시장,160111-0387525,318-81-06471,대전광역시 유성구 지족로148번길 5-34(지족동),kr.contec.kr/,,"컴퓨터 프로그래밍, 시스템 통합 및 관리업",2015-01-05,12월
(주)컨텐츠랩,"Contentslab Co.,LTD",컨텐츠랩, ,손창현,기타법인,110111-2791378,220-86-64539,서울특별시 송파구 삼전동 74∼103, ,,시스템 소프트웨어 개발 및 공급업,2003-05-30,12월
주식회사 컨텐츠랩 비보,"Contents Lab VIVO Co.,Ltd.",컨텐츠랩비보, ,송은이,기타법인,110111-5903219,739-86-00266,서울특별시 마포구 성암로15길 74 (상암동),www.vivotv.co.kr,,방송 프로그램 제작업,2015-11-30,12월
(주)컨텐츠제이케이,"Contents JK, Corp",컨텐츠제이케이, ,유연학,기타법인,110111-5212917,264-81-20900,"서울특별시 마포구 매봉산로 37 (상암동, DMC산학협력연구센터) 11층",-,,"영화, 비디오물 및 방송프로그램 제작 관련 서비스업",2013-08-26,12월
주식회사 컨텐츠하우스 210,contents house 210,컨텐츠하우스210, ,"김완섭, 이열",기타법인,110111-7902425,261-86-02285,서울특별시 마포구 월드컵북로 361 14층 17호(상암동), ,,일반 영화 및 비디오물 제작업,2021-06-02,12월
(주)컬러버스,COLORVERSE INC,컬러버스, ,이용수,기타법인,110111-7555266,463-88-01964,"서울특별시 강남구 학동로47길 5 1층 (논현동, 논현주차타워)",www.colorverse.co,,모바일 게임 소프트웨어 개발 및 공급업,2020-07-15,12월
컬쳐 구공일 코퍼레이션,CULTURE 901,컬쳐구공일코퍼레이션, ,김자영,기타법인,110111-1620370,207-81-53280,서울특별시 광진구 구의동 546-4 프라임 센터 36층,WWW.C901.CO.KR,,시스템 소프트웨어 개발 및 공급업,1998-12-20,12월
(주)컴네트,"COMNET Co., Ltd",컴네트, ,김강규,기타법인,194211-0014861,609-81-18359,경상남도 창원시 팔용동 7번지 농산물도매시장 2층,Http://www.com-net.co.kr,,시스템 소프트웨어 개발 및 공급업,1994-03-16,12월
(주)컴비비에스,combbs.co,컴비비에스, ,임철수,기타법인,180111-0327759,605-81-38538,부산광역시 부산진구 양정1동 402-9번지 19/3,http://www.combbs.co.kr,,기타 정보기술 및 컴퓨터운영 관련 서비스업,2000-07-03,12월
컴즈 주식회사,COMES Inc.,컴즈, ,김지형,기타법인,110111-5570414,119-87-02905,"서울특별시 구로구 디지털로34길 27 1004호,1005호 (구로동, 대륭포스트타워3차)",www.comes.co.kr,,컴퓨터 프로그래밍 서비스업,2014-11-27,12월
컴캐스트,"COMECAST  BRODCASTING CO, LTD",컴캐스트, ,연동찬,기타법인,110111-1699250,105-86-00070,서울특별시 마포구 서교동 342-12,www.comecast.co.kr,,시스템 소프트웨어 개발 및 공급업,1999-05-20,12월
주식회사 컴투버스,Com2verse,컴투버스, ,이경일,기타법인,110111-8252085,466-81-02852,"서울특별시 금천구 가산디지털1로 131 (가산동, BYCHIGHCITY), 14층 비1401호, 비1402호", ,,컴퓨터 프로그래밍 서비스업,2022-04-01,12월
(주)컴투스,Com2us Corporation,컴투스,078340,남재관,코스닥시장,110111-1571250,108-81-16843,서울특별시 금천구  가산디지털1로 131,com2us.com/corporation,,게임 소프트웨어 개발 및 공급업,1998-08-07,12월
(주)컴투스플랫폼,Com2uS Platform Corporation,컴투스플랫폼, ,송재준,기타법인,110111-6174695,491-81-00511,"서울특별시 금천구 가산디지털1로 131 C동 17층(가산동, BYCHIGHCITY)", ,,"컴퓨터 프로그래밍, 시스템 통합 및 관리업",2016-09-12,12월
(주)컴투스홀딩스,Com2uS Holdings Corporation,컴투스홀딩스,063080,정철호,코스닥시장,110111-1848914,119-81-34778,서울특별시 금천구 가산디지털1로 131 에이동 4층,holdings.com2us.com/,,소프트웨어 개발 및 공급업,2000-01-10,12월
주식회사 컴파트너스,CommPartners Corp.,컴파트너스, ,김윤호,기타법인,120111-0564030,122-86-15675,"인천광역시 부평구 경원대로 1373 (부평동, 북인천우체국)",www.cpartners-corp.com,,포털 및 기타 인터넷 정보매개 서비스업,2011-04-01,12월
컴패니에이아이 주식회사,-,컴패니에이아이, ,강지훈,기타법인,110111-6141678,334-88-00463,"서울특별시 강남구 강남대로 382 (역삼동, 메리츠타워) 16층 D1호", ,,"컴퓨터 프로그래밍, 시스템 통합 및 관리업",2017-04-28,12월
주식회사 컴퍼니상상,Company Sangsang,컴퍼니상상, ,장혁재,기타법인,110111-5858365,250-81-00263,"서울특별시 마포구 월드컵북로54길 11 4층 (상암동, 전자회관)",companysangsang.com,,방송 프로그램 제작업,2015-10-12,12월
컴퓨터(주),"Computer co., Ltd.",컴퓨터, ,최기욱,기타법인,200111-0112717,410-81-56506,광주광역시 서구 화정동 146-2 동신빌딩 3층,www.neozon.net ,,데이터베이스 및 온라인정보 제공업,2000-03-04,12월
(주)컴퓨트로닉스,"CompuTronics, Inc.",컴퓨트로닉스, ,정성훈,기타법인,110111-0986963,214-81-63165,서울특별시 종로구 신문로2가 1-128,www.cti.co.kr,,시스템 소프트웨어 개발 및 공급업,1993-11-26,12월
주식회사 컴플릿링크,Completlink Corp.,컴플릿링크, ,조재민,기타법인,170111-0621583,365-88-00448,"서울특별시 성동구 성수이로 66 (성수동2가, 서울숲드림타워) 402호",www.completlink.com,,포털 및 기타 인터넷 정보매개 서비스업,2016-11-14,12월
주식회사 케나즈,"KENAZ, Inc",케나즈, ,이우재,기타법인,220111-0171305,760-81-00950,제주특별자치도 제주시 신대로 145 (연동) 1층 1-22호,www.kenaz-re.com,,"서적, 잡지 및 기타 인쇄물 출판업",2018-01-10,12월
(주)케미스,"CAMIS CO.,LTD",케미스, ,박병형,기타법인,110111-1506950,112-81-49339,서울특별시 광진구 구의동 546-4 프라임센타 25층,www.camis.co.kr,,시스템 소프트웨어 개발 및 공급업,1998-01-23,12월
(주)케어원,IMP Vision Co. Ltd,케어원, ,이주원,기타법인,110111-1805196,107-81-73064,서울특별시 서초구 양재동 110-6번지 성진빌딩 2F,http://impvision.com,,시스템 소프트웨어 개발 및 공급업,1999-11-10,12월
케이국방주식회사,K-Gukbang Corporation,케이국방, ,김상일,기타법인,160111-0639942,376-87-02774,"대전광역시 서구 둔산북로 51 (둔산동, KT충남본부)", ,,기타 정보기술 및 컴퓨터운영 관련 서비스업,2022-08-24,12월
케이네트웍스(주),"K-NETWORKS CO., LTD.",케이네트웍스, ,"이재원, 김승일",기타법인,110111-5245942,119-86-78316,"서울특별시 금천구 가산디지털2로 18 605호 (가산동, 대륭테크노타운1차)", ,,컴퓨터시스템 통합 자문 및 구축 서비스업,2013-10-15,12월
주식회사 케이더블유북스,KWBOOKS,케이더블유북스, ,"권태완, 우천제",기타법인,110111-5705938,480-88-00091,"서울특별시 구로구 디지털로31길 38-9 (구로동, 에이스테크노타워1차) 401호", ,,출판업,2015-05-10,12월
(주)케이드림,K DREAM COMPANY,케이드림, ,김동경,기타법인,110111-3075284,117-81-51577,인천광역시 남동구 논현동 11-6 천일빌딩 2층, ,,방송 프로그램 제작업,2004-08-30,12월
케이디디아이코리아(주),KDDI Korea Corporation,케이디디아이코리아, ,이성진,기타법인,110111-1549041,101-81-45105,"서울특별시 중구 청계천로 14 (무교동, 한국정보화진흥원) 4층",www.kddi.co.kr,,그 외 기타 전기 통신업,1998-05-23,03월
케이디씨스텝스(주),"KDC Staffs Co.,Ltd.",케이디씨스텝스, ,이상검,기타법인,110111-1517999,205-81-38527,서울특별시 강남구 논현동 261번지 현대인텔렉스빌딩 5층,www.kdcstaffs.com,,통신 재판매업,1998-02-28,01월
(주)케이디아이에스,"Knowledge Design Infra Services Co., Ltd.",케이디아이에스, ,권용찬,기타법인,110111-4654863,215-87-56539,"서울특별시 영등포구 당산로41길 11 W동 1603,1604,1605호(당산동4가, 당산SKV1center)",www.kdis.co.kr,,응용 소프트웨어 개발 및 공급업,2011-07-25,12월
주식회사케이디정보기술,KDIT INC.,케이디정보기술, ,이종오,기타법인,110111-1819395,105-86-06434,서울특별시 영등포구 양평동3가 46 이엔씨드림타워1414호,www.kdit.co.kr,,컴퓨터시스템 통합 자문 및 구축 서비스업,2000-01-01,12월
주식회사 케이브레인컴퍼니,"K-Brain Company Co. Ltd.,",케이브레인컴퍼니, ,민상일,기타법인,131111-0261914,129-86-50144,"서울특별시 마포구 성암로 330 (상암동, DMC첨단산업센터) A동 704-705호",www.kbrainc.com,,응용 소프트웨어 개발 및 공급업,2010-08-20,12월
(주)케이브이씨넷,"Kvcnet Co.,Ltd",케이브이씨넷, ,정승채,기타법인,110111-1707524,214-86-33365,서울특별시 서초 서초 1376-1 외교센타 1층,http://www.kvcnet.com,,시스템 소프트웨어 개발 및 공급업,1999-06-02,12월
(주)케이비데이타시스템,"KB Data Systems Co.,Ltd",케이비데이타시스템, ,김명원,기타법인,110111-0802838,219-81-08226,서울특별시 마포구 마포대로 78 (도화동) 경찰공제회 자람빌딩 14층,www.kds.co.kr,,시스템 소프트웨어 개발 및 공급업,1991-09-06,12월
(주)케이비에스미디어텍,KBS mediatech LTd.,케이비에스미디어텍, ,이석래,기타법인,110111-4164721,107-87-24605,서울특별시 영등포구 국회대로62길 4 (여의도동),kbs-mt.com,,방송 프로그램 제작업,2009-09-01,12월
(주) 케이비에스아이피티브이에스피씨,KBS IPTV SPC LTD.,케이비에스아이피티브이에스피씨, ,오강선,기타법인,110111-4550087,107-87-48816,서울특별시 영등포구 여의도동 18-1, ,,지상파 방송업,2011-03-14,12월
(주)케이비에스엔,KBS N,케이비에스엔, ,박희성,기타법인,110111-2188335,107-81-97289,"서울특별시 마포구 매봉산로 45 (상암동, KBS미디어센터)",www.kbsn.co.kr,,프로그램 공급업,2001-03-08,12월
(주) 케이비에스케이티아이피티브이에스피씨,KBS KT IPTV SPC LTD.,케이비에스케이티아이피티브이에스피씨, ,오강선,기타법인,110111-4550194,107-87-48801,서울특별시 영등포구 여의도동 18-1, ,,지상파 방송업,2011-03-14,12월
(주)케이비에스콘텐츠특수목적회사,KBS CONTENTS SPC,케이비에스콘텐츠특수목적회사, ,송재헌,기타법인,110111-5726033,681-87-00080,"서울특별시 영등포구 여의대방로 359 (여의도동, KBS별관) 3층", ,,방송 프로그램 제작업,2015-05-18,12월
주식회사 케이비칼스,"Korea Building Cals co.,Ltd",케이비칼스, ,이상은,기타법인,110111-2004820,119-81-39827,서울특별시 관악구 남현동 1055-19 인성빌딩,www.kbcals.com,,시스템 소프트웨어 개발 및 공급업,2000-06-23,12월
케이비컨버전스 주식회사,KB Convergence Co. Ltd,케이비컨버전스, ,박형록,기타법인,110111-4651372,105-87-60401,"서울특별시 강서구 등촌1동 642-7, 화곡로 64길 97(2호, 2층)",chbeauty.co.kr,,일반 영화 및 비디오물 제작업,2011-07-19,12월
케이비텔레콤주식회사,Global Telecom,케이비텔레콤, ,권행석,기타법인,180111-0211613,604-81-32282,부산광역시 동구 좌천동 68-46, ,,무선 및 위성 통신업,1996-07-30,12월
(주)케이사인,"KSIGN CO., Ltd.",케이사인,192250,"구자동, 최현철(각자 대표이사)",코스닥시장,110111-5300647,114-87-13936,"경기도 과천시 과천대로7나길 25 13층, 14층",없음,www.ksign.com,시스템 소프트웨어 개발 및 공급업,2013-12-26,12월
(주)케이사인,KSIGN,케이사인, ,최승락,기타법인,110111-1807192,220-81-70583,"서울특별시 강남구 역삼2동 788-26 경풍빌딩 3,4,5층",www.ksign.com,,시스템 소프트웨어 개발 및 공급업,1999-11-12,12월
주식회사 케이세크,KSEC,케이세크, ,"이영태, 정경환",기타법인,131111-0469138,768-86-00624,"인천광역시 연수구 인천타워대로 323 (송도동, 송도센트로드) 에이동 3188호", ,,시스템 소프트웨어 개발 및 공급업,2016-12-30,12월
주식회사 케이스마텍,"Ksmartech Co.,Ltd.",케이스마텍, ,"고인옥, 정순호",기타법인,110111-4350544,113-86-39275,"서울특별시 금천구 가산디지털1로 168 (가산동, 우림라이온스밸리) A동 1207호",www.ksmartech.com,,시스템 소프트웨어 개발 및 공급업,2010-05-14,12월
(주)케이쓰리아이,"K3I. Co., Ltd.",케이쓰리아이,431190,이재영,코스닥시장,160111-0094576,314-81-31487,대전광역시 유성구 엑스포로 1 16층(도룡동 사이언스센터),www.k3i.co.kr,,소프트웨어 개발 및 공급업,2000-03-07,12월
케이씨네몰 주식회사,Kcinemall,케이씨네몰, ,정성상,기타법인,175511-0011559,255-88-01271,"경상북도 예천군 호명면 새움3로 70 6층 601호(산합리, K-씨네몰)", ,,영화관 운영업,2019-07-30,12월
(주)케이씨넷,"KCNET CO., LTD.",케이씨넷, ,정승환,기타법인,110111-4325349,101-86-54725,"서울특별시 금천구 가산디지털1로 137 (가산동, IT캐슬2차) 1801호",www.kcnet.co.kr/,,시스템 소프트웨어 개발 및 공급업,2010-04-16,12월
케이씨씨알 주식회사,KCCR,케이씨씨알, ,양미경,기타법인,110111-4258706,220-87-93138,서울특별시 강남구 테헤란로5길 20 (역삼동) 지하1층, ,,일반 서적 출판업,2010-01-11,06월
케이씨씨정보통신(주),KCC INFORMATION & COMMUNICAT CORP.,케이씨씨정보통신, ,"이상현, 유경태",기타법인,110111-0113970,106-81-04924,서울특별시 용산구 청파로61길 5 (청파동1가) 8층,www.kcc.co.kr,,컴퓨터시스템 통합 자문 및 구축 서비스업,1971-04-21,12월
(주)케이씨에스,Korea Computer & Systems Inc.,케이씨에스,115500,김광묵,코스닥시장,176011-0032132,513-81-28411,경상북도 구미시 3공단1로 284 (임수동),www.kcins.co.kr,,컴퓨터시스템 통합 자문 및 구축 서비스업,2002-12-06,12월
(주)케이씨에이,KOREA CONSULTING & AUDITING CO.LTD,케이씨에이, ,문대원,기타법인,110111-1690604,114-81-88624,"서울특별시 서초구 동작대로 214 (방배동, 정금빌딩)", ,,컴퓨터시스템 통합 자문 및 구축 서비스업,1999-04-30,12월
주식회사 케이씨이아이,"KCEI Co., Ltd.",케이씨이아이, ,고현준,기타법인,110111-0328264,106-81-31305,"서울특별시 구로구 디지털로32길 30 (구로동, 코오롱디지털타워빌란트) 15층",www.kcei.com,,시스템 소프트웨어 개발 및 공급업,1982-10-01,12월
(주)케이씨티,Korea Computer Terminal Inc.,케이씨티,089150,"강창귀, 김선종 각자대표",코스닥시장,135811-0088245,124-86-03350,경기도 수원시 권선구  일월천로4번길 7-10 금제빌딩,www.kctinc.co.kr,,컴퓨터시스템 통합 자문 및 구축 서비스업,2002-12-14,12월
케이아이비넷(주),KIBNET,케이아이비넷, ,"장영환, 엄봉성",기타법인,110111-2078213,107-81-90253,서울특별시 영등포구 여의도동 35-4 한국화재보험협회빌딩 13층,www.kibnet.co.kr,,데이터베이스 및 온라인정보 제공업,2000-10-01,12월
케이아이비솔루션(주),KIB solution Corp.,케이아이비솔루션, ,장영환,기타법인,110111-3819765,206-86-21965,"서울특별시 영등포구 양산로 91 (당산동3가, 리드원센터) 1009호", ,,시스템 소프트웨어 개발 및 공급업,2008-01-09,12월
(주)케이아이엔엑스,"KINX, Inc.",케이아이엔엑스,093320,김지욱,코스닥시장,110111-1999593,101-81-59273,경기도 과천시 과천대로7나길 34 4층(갈현동),www.kinx.net,,호스팅 및 관련 서비스업,2000-06-17,12월
케이아이티(주),"KIT. CO.,LTD.",케이아이티, ,하준호,기타법인,174611-0012192,506-81-10121,경상북도 포항시 북구 중흥로125번길 18 2층,www.kit.co.kr,www.kit.co.kr,시스템 소프트웨어 개발 및 공급업,1991-05-16,12월
케이아이티밸리(주),KITVALLEY,케이아이티밸리, ,장미호,기타법인,110111-1590854,116-81-69924,"서울특별시 금천구 디지털로9길 68 1902호, 1903호, 1904호(가산동, 대륭포스트타워5차)",www.kitvalley.com/,,시스템 소프트웨어 개발 및 공급업,1998-10-10,12월
(주)케이알라인,"KrLine Internet Service, Inc.",케이알라인, ,남병수,기타법인,110111-1759533,120-81-92759,서울특별시 강남구 도곡동 902-55 신한빌딩 103호,http://www.krline.net,,그 외 기타 전기 통신업,1999-08-25,12월
(주)케이알미디어,"The Korea Racing Media Co., Ltd",케이알미디어, ,김광일,기타법인,134111-0059712,138-81-16621,경기도 의왕시 삼동 436-31,http://www.krj.co.kr,,잡지 및 정기간행물 발행업,1998-04-09,12월
주식회사 케이알에이아이,"KRAI Co.,ltd",케이알에이아이, ,김영운,기타법인,110111-8451546,218-81-74325,"서울특별시 구로구 디지털로33길 48 604호-3(구로동, 대륭포스트타워7차)", ,,시스템 소프트웨어 개발 및 공급업,2022-10-17,12월
케이알정보시스템 주식회사,"KR Information System Co.,Ltd",케이알정보시스템, ,이시구,기타법인,160111-0115538,314-81-41118,대전광역시 서구 월평동 519,없음,,시스템 소프트웨어 개발 및 공급업,2001-04-06,12월
케이앤그룹 주식회사,K&Group Inc.,케이앤그룹, ,박광원,기타법인,110111-5077428,211-88-91225,"서울특별시 강남구 테헤란로 413 (삼성동, 태양빌딩) 8층, 9층", ,,포털 및 기타 인터넷 정보매개 서비스업,2013-02-27,12월
주식회사 케이앤에이치밸류,KNH VALUE CO.LTD,케이앤에이치밸류, ,홍혜전,기타법인,184611-0032742,622-81-24631,서울특별시 강남구 선릉로 711 601호 (논현동), ,,기타 인쇄물 출판업,1999-05-17,12월
(주)케이앤엔터테인먼트,"K&Entertainment.Co.,Ltd.",케이앤엔터테인먼트, ,"김성일, 신양중",기타법인,110111-3791632,114-86-63161,서울특별시 서초구 잠원동 28-1 푸른빌딩 6층,www.knent.com,,일반 영화 및 비디오물 제작업,2007-11-21,12월
(주)케이앤엔터테인먼트,"K&entertainment Co.,Ltd.",케이앤엔터테인먼트, ,"김용빈, 김성일, 정철하",기타법인,110111-3202176,114-86-43165,서울특별시 서초구 잠원동 28-1 푸른빌딩 7층, ,,일반 영화 및 비디오물 제작업,2005-04-06,06월
주식회사 케이앤웍스,"KnWorks Co., Ltd.",케이앤웍스, ,신석철,기타법인,110111-3166603,201-81-90900,"제주특별자치도 제주시 첨단로 216-19 1층 (영평동, 다음스페이스닷투)", ,,포털 및 기타 인터넷 정보매개 서비스업,2005-03-01,12월
주식회사 케이에듀,k edu,케이에듀, ,김선일,기타법인,110111-3861667,211-88-10616,서울특별시 강남구 신사동 603-1,corp.ktedui.com/,,데이터베이스 및 온라인정보 제공업,2008-03-18,12월
(주)케이에스넷 ,"KSNET, Inc.",케이에스넷, ,김명석,기타법인,110111-1841009,120-81-97322,"서울특별시 서초구 반포대로 95 (서초동, KSNET사옥)",www.ksnet.co.kr/,,그 외 기타 전기 통신업,1999-12-30,12월
주식회사 케이에스엔터테인먼트,"KS ENTERTAINMENT Co.,Ltd.",케이에스엔터테인먼트, ,이종필,기타법인,110111-2024993,114-86-00884,서울특별시 용산구 효창동 5-102 2층,koreastars.com,,일반 영화 및 비디오물 제작업,2000-07-13,12월
주식회사 케이에이치미디어,KH MEDIA Co.Ltd,케이에이치미디어, ,강정식,기타법인,121111-0399006,769-88-01843,"경기도 부천시 삼작로107번길 52 (삼정동, 삼본정밀전자(주)) 2층 202호", ,,"영화, 비디오물 및 방송프로그램 제작 관련 서비스업",2020-11-17,12월
(주)케이에이티시스템,"KATsystem Co.,Ltd",케이에이티시스템, ,국오선,기타법인,110111-1412321,113-81-43172,서울특별시 구로구 구로3동 1125-6 동해빌딩 7층,www.kat.co.kr,,시스템 소프트웨어 개발 및 공급업,1997-05-09,12월
(주)케이엑스넥스지,"KX NexG Co.,LTD.",케이엑스넥스지,081970,김익수,기타법인,110111-2359572,220-86-22617,"서울특별시 강동구 고덕비즈밸리로6길 90 (고덕동, KX), 6층",www.kxnexg.net,,시스템 소프트웨어 개발 및 공급업,2001-10-24,12월
주식회사 케이엑스엔터테인먼트,EL MEDIA COMPANY(EL MEDIA),케이엑스엔터테인먼트, ,강봉규,기타법인,110111-5028702,109-86-38700,"서울특별시 마포구 월드컵북로 402 4층(상암동, 케이지아이티센터)",elmediacorp.com/,,방송 프로그램 제작업,2012-12-21,12월
(주)케이엘넷,KL-Net Corp.,케이엘넷,039420,"정지원, 전기정",코스닥시장,110111-1023889,220-81-02504,서울 강남구 역삼로 155(역삼동 748-14),www.klnet.co.kr,,그 외 기타 전기 통신업,1994-03-30,12월
케이엘정보통신(주),"Knowledge Leaders Information Communication, Inc.",케이엘정보통신, ,강연운,기타법인,160111-0117352,314-81-41684,"서울특별시 강남구 삼성로91길 28 6층,7층(삼성동, 케이엘타워)",www.klic.co.kr,,"컴퓨터 프로그래밍, 시스템 통합 및 관리업",2001-05-15,12월
주식회사 케이엘큐브,KLCUBE,케이엘큐브, ,김종화,기타법인,110111-6574960,154-81-00795,"서울특별시 강남구 언주로 706 (논현동, 시그너스빌딩) 6층", ,,컴퓨터 프로그래밍 서비스업,2017-11-21,12월
케이엠컬쳐(주),km culture,케이엠컬쳐, ,박무승,기타법인,110111-1709116,101-81-48927,서울특별시 강남구 논현동 70-13 보전빌딩 3층, ,,일반 영화 및 비디오물 제작업,1999-06-04,12월
케이엠티브이 주식회사,-,케이엠티브이, ,박광원,기타법인,134111-0122816,138-81-24117,서울특별시 강남구 청담2동 97-1,km.mnet.com,,방송 프로그램 제작업,2004-10-26,12월
(주)케이엠티브이,"KOREA MUSIC TELEVISION CO., LTD.",케이엠티브이, ,조법선,기타법인,110111-2240606,107-86-00038,서울특별시 강남구 논현동 58-3,http://www.kmtv.co.kr,,프로그램 공급업,2001-05-17,09월
주식회사 케이엠파킹앤스페이스,Myvalet,케이엠파킹앤스페이스, ,김태성,기타법인,110111-5599117,629-88-00018,"경기도 성남시 분당구 판교역로 152 (백현동, 알파돔타워) 13층", ,,시스템ㆍ응용 소프트웨어 개발 및 공급업,2014-12-24,12월
(주)케이엠피홀딩스,"KMP Holdings Co., LTD.",케이엠피홀딩스, ,김창환,기타법인,110111-4305094,114-86-79775,서울특별시 강남구 영동대로 106길 17(삼성동), ,,음악 및 기타 오디오물 출판업,2010-03-16,12월
(주)케이와이미디어,"KYmedia Co.,Ltd",케이와이미디어, ,김병국,기타법인,110111-2103060,105-86-18610,"서울특별시 용산구 한강대로 31 (한강로3가, 금영빌딩)", ,,위성 및 기타 방송업,2000-11-02,12월
(주)케이원,"K-WON C&C CO.,LTD.",케이원, ,김승일,기타법인,110111-1242801,107-81-54150,"서울특별시 금천구 가산디지털2로 14 (가산동, 대륭테크노타운12차) 1405호",k-won.co.kr,,컴퓨터시스템 통합 자문 및 구축 서비스업,1996-02-26,12월
(주)케이원글로벌홀딩스,"K1-GOLBALHOLDINGS, COMPANY",케이원글로벌홀딩스, ,김태한,기타법인,110111-1251290,214-86-10192,서울특별시 강남구 역삼동 705-19,-,,기타 정보기술 및 컴퓨터운영 관련 서비스업,1996-03-16,12월
케이원이글제육차 주식회사,"K-one Eagle 6th Co.,Ltd",케이원이글제육차, ,유기현,기타법인,110111-6218443,248-86-00528,"서울특별시 영등포구 의사당대로 97 (여의도동, 교보증권빌딩)", ,,기타 정보 서비스업,2016-10-31,12월
케이원중동 주식회사,-,케이원중동, ,김미지,기타법인,110111-7100805,163-86-01468,"서울특별시 영등포구 여의대로 60 (여의도동, NH투자증권빌딩)", ,,"컴퓨터 프로그래밍, 시스템 통합 및 관리업",2019-05-08,12월
케이이정보기술(주),Korea Express Information Technology CO. LTD,케이이정보기술, ,이국동,기타법인,110111-2230417,104-81-61706,서울특별시 중구 서소문동 58-12,www.kecit.com,,"컴퓨터 프로그래밍, 시스템 통합 및 관리업",2001-05-03,12월
케이지아이씨티 주식회사,"KG ICT CO., LTD.",케이지아이씨티, ,이상준,기타법인,110111-7622601,627-81-01744,"서울특별시 중구 통일로 92 (순화동, 케이지타워) 12층",kgict.co.kr,,"컴퓨터시스템 통합 자문, 구축 및 관리업",2020-09-14,12월
(주)케이지제로인,KG ZEROIN Co.Ltd.,케이지제로인, ,한수혁,기타법인,110111-1269540,207-81-45704,"서울특별시 중구 통일로 92 (순화동, 케이지타워) 17층",www.zeroin.co.kr,,그 외 기타 정보 서비스업,1996-05-10,12월
케이크 주식회사,Cake Corporation,케이크, ,"이충희, 김창욱",기타법인,110111-7644986,499-86-01445,"경기도 성남시 분당구 불정로 6 (정자동, 네이버그린팩토리) 15층",https://www.cakecorp.com/,,응용 소프트웨어 개발 및 공급업,2020-10-01,12월
(주)케이템스,KTEMS,케이템스, ,남호성,기타법인,110111-3202267,204-81-90705,서울특별시 중랑구 신내동 641 KT B/D 4F,www.ktems.co.kr,,데이터베이스 및 온라인정보 제공업,2005-04-06,12월
케이투웹테크(주),K2WEBTECH CO..LTD,케이투웹테크, ,"김태일, 김동우",기타법인,110111-2170853,220-86-05961,"서울특별시 금천구 가마산로 96 (가산동, 대륭테크노타운8차) 1510호",www.k2web.co.kr/mbs/k2web/index.jsp,,시스템 소프트웨어 개발 및 공급업,2001-02-14,12월
케이투중동 주식회사,"K2 Jungdong Co.,Ltd",케이투중동, ,김미지,기타법인,110111-7479028,784-88-01648,"서울특별시 영등포구 여의대로 60 (여의도동, NH투자증권빌딩)", ,,"컴퓨터 프로그래밍, 시스템 통합 및 관리업",2020-05-08,12월
(주)케이티,KT CORPORATION,케이티,030200,김영섭,유가증권시장,110111-1468754,102-81-42945,경기도 성남시 분당구 불정로 90 KT 본사,www.kt.com,,전기 통신업,1981-12-10,12월
주식회사 케이티넥스알,"KTNEXR CO., LTD. ",케이티넥스알, ,이호재,기타법인,160111-0218803,314-81-87531,서울특별시 송파구 올림픽로 295 삼성생명잠실빌딩 16층(신천동),www.ktnexr.com,,컴퓨터시스템 통합 자문 및 구축 서비스업,2007-01-31,12월
(주)케이티디에스,"KTDS Co., Ltd.",케이티디에스, ,우정민,기타법인,110111-3940510,117-81-65799,서울특별시 서초구 효령로 176 (방배동),www.ktds.com,,컴퓨터시스템 통합 자문 및 구축 서비스업,2008-07-23,12월
(주)케이티로지스,"KT Logis Co., Ltd",케이티로지스, ,김태준,기타법인,131111-0086370,129-81-56236,경기도 성남시 분당구 야탑동 343-63번지 케이티분당아이디씨3층,www.ktlogis.com,,시스템 소프트웨어 개발 및 공급업,2002-11-18,12월
주식회사 케이티미디어허브,kt mediahub,케이티미디어허브, ,남규택,기타법인,110111-5014793,264-81-07120,"서울특별시 서초구 강남대로 369 (서초동, 나라빌딩)", ,,포털 및 기타 인터넷 정보매개 서비스업,2012-12-03,12월
케이티샛,KTsat,케이티샛, ,서영수,기타법인,110111-5015238,110-86-03399,서울특별시 강남구 테헤란로 422 14층, ,,무선 및 위성 통신업,2012-12-04,12월
(주)케이티스카이라이프,"KT Skylife Co.,Ltd.",케이티스카이라이프,053210,최영범,유가증권시장,110111-2149436,117-81-31120,"서울특별시 마포구 매봉산로 758층, 9층",www.ktskylife.co.kr,,위성 및 기타 방송업,2001-01-12,12월
주식회사 케이티스튜디오지니,"kt studiogenie Co., Ltd.",케이티스튜디오지니, ,정근욱,기타법인,110111-7767069,864-88-02017,"서울특별시 마포구 월드컵북로54길 25 (상암동, 상암DMC푸르지오시티,S-City) 11층", ,,방송 프로그램 제작업,2021-01-28,12월
주식회사 케이티시즌,"kt seezn Co., Ltd.",케이티시즌, ,장대진,기타법인,110111-8079744,297-87-02210,"서울특별시 서초구 강남대로 465 (서초동, 교보생명보험(주)서초사옥) 22층", ,,"영화, 비디오물 및 방송프로그램 배급업",2021-11-04,12월
주식회사 케이티시즌미디어,"kt seezn Co., Ltd.",케이티시즌미디어, ,장대진,기타법인,110111-7973913,283-87-02550,"서울특별시 서초구 강남대로 465 (서초동, 교보생명보험(주)서초사옥) 22층", ,,"영화, 비디오물 및 방송프로그램 배급업",2021-07-29,12월
(주)케이티씨텔레콤,"KTC TELECOM Co.,Ltd",케이티씨텔레콤, ,김명일,기타법인,131311-0079206,125-81-72234,경기도 평택시 서탄면 수월암리 520-3, ,,기타 전기 통신업,2008-05-01,12월
주식회사 케이티아이,KTI. INC,케이티아이, ,최규혁,기타법인,141211-0005798,224-81-06690,강원도 원주시 우산동 70-3,www.kti-net.com,,그 외 기타 전기 통신업,1992-12-17,12월
주식회사 케이티아이컴,"KT ICOM Co., Limited.",케이티아이컴, ,조영주,기타법인,110111-2193904,214-86-78101,서울특별시 서초구 서초동 1321-11 KT아이컴빌딩,www.kticom.com,,무선 및 위성 통신업,2001-03-16,12월
주식회사 케이티알티미디어,KT Altimedia Corporation,케이티알티미디어, ,박도사,기타법인,110111-7319927,246-87-01644,"서울특별시 서초구 반포대로27길 16 2층(서초동, 파크빌딩)",www.altimedia.com/ko,,소프트웨어 개발 및 공급업,2019-12-03,12월
주식회사 케이티에이치씨엔,"kt HCN Co.,Ltd.",케이티에이치씨엔, ,원흥재,기타법인,110111-7670238,537-87-01822,"서울특별시 마포구 매봉산로 75 (상암동, 디디엠씨(DDMC)) 1802호",www.hcn.co.kr,,유선 방송업,2020-11-01,12월
케이티에프디에스주식회사,KT FDS Corporation,케이티에프디에스, ,권치중,기타법인,110111-0696455,219-81-03196,서울특별시 중구 필동1가 44-1 SC제일은행 3층,www.ktfds.co.kr,,시스템 소프트웨어 개발 및 공급업,1990-06-01,12월
케이티엔주식회사,KTN,케이티엔, ,최인준,기타법인,161511-0038812,312-81-44249,충청남도 천안시 서북구 두정동 501 ~802,www.ok114.com,,정기 광고간행물 발행업,2000-10-02,12월
(주)케이티엠,(주)K.T.M,케이티엠, ,김형준,기타법인,174811-0030398,515-81-22484,경상북도 경산시 삼풍동 300번지 경북테크노파크 207호,htttp://www.ktm-ad.com,,광고 영화 및 비디오물 제작업,2002-07-22,12월
주식회사 케이티엠모바일,kt M mobile,케이티엠모바일, ,구강본,기타법인,110111-5684512,133-81-43410,"서울특별시 강남구 테헤란로 422 (대치동, KT타워)",www.ktmmobile.com,,통신 재판매업,2015-04-02,12월
(주)케이티엠오에스남부,kt MOS Nambu,케이티엠오에스남부, ,임보헌,기타법인,160111-0183072,314-81-71058,대전광역시 서구 괴정로 72 (괴정동) kt서대전지사 6층,www.ktmos.co.kr,,무선 및 위성 통신업,2004-12-27,12월
주식회사 케이티엠오에스북부,kt MOS Bukbu Corporation,케이티엠오에스북부, ,방대혁,기타법인,110111-2749781,215-86-40364,"서울특별시 강남구 광평로47길 28 1, 5층(수서동, KT수서빌딩)",www.ktmos.com,,무선 및 위성 통신업,2003-04-01,12월
(주)케이티엠하우스,"KT Mhows Co., Ltd",케이티엠하우스, ,문정용,기타법인,110111-3122291,120-86-74979,"서울특별시 강남구 테헤란로 415 (삼성동, (주)호텔롯데L7강남) 5,6층",www.mhows.com,,시스템 소프트웨어 개발 및 공급업,2004-11-26,12월
(주)케이티오아이씨,ktoic,케이티오아이씨, ,황경호,기타법인,110111-4236538,101-86-51510,서울특별시 강남구 테헤란로37길 7 12층,www.kt-oic.co.kr,,데이터베이스 및 온라인정보 제공업,2009-12-08,12월
케이티이(주),KTE(주),케이티이, ,전덕규,기타법인,134811-0364670,819-86-00316,경기도 화성시 향남읍 상신하길로298번길 7-21 (하길리)7층 701호, ,,영화관 운영업,2016-04-05,12월
주식회사 케이티이노에듀,ktinnoedu,케이티이노에듀, ,권기재,기타법인,110111-1964637,104-81-53429,"서울특별시 강남구 광평로47길 28 (수서동, KT)",www.ktinnoedu.com,,데이터베이스 및 온라인정보 제공업,2000-05-09,12월
케이티이노츠,kt innotz,케이티이노츠, ,최부영,기타법인,110111-4252443,220-87-92497,서울특별시 강남구 역삼동 831-11 서울빌딩3층,www.ktinnotz.com,,컴퓨터 프로그래밍 서비스업,2009-12-30,12월
(주)케이티이엔에이,"KT ENA co., Ltd.",케이티이엔에이, ,김호상,기타법인,110111-2962028,104-81-86162,"서울특별시 마포구 월드컵북로54길 25 (상암동, 상암DMC푸르지오시티,S-City) 4,5층",https://ktena.co.kr/,,프로그램 공급업,2004-02-26,12월
케이티지디에이치 주식회사,"kt gdh Co,. Ltd.",케이티지디에이치, ,김철준,기타법인,195511-0142285,615-81-87526,경상남도 김해시 분성로3번길 235-2 케이티지디에이치(주), ,,"컴퓨터 프로그래밍, 시스템 통합 및 관리업",2011-11-10,12월
주식회사 케이티클라우드,"kt cloud Co., Ltd.",케이티클라우드, ,최지웅,기타법인,110111-8252126,696-87-02611,"서울특별시 강남구 학동로 343 (논현동, 더피나클강남) 15층",www.ktcloud.com,,포털 및 기타 인터넷 정보매개 서비스업,2022-04-01,12월
(주)케이티프리텔,"KT FREETEL. CO., LTD",케이티프리텔,032390,권행민,기타법인,110111-1360405,110-81-36503,서울특별시 송파구 신천동 7-18번지 ,www.ktf.com,,무선 및 위성 통신업,1997-01-03,12월
(주)케이팍스,"KPAX Co., Ltd.",케이팍스, ,김광일,기타법인,110111-3145467,211-87-59529,"서울특별시 마포구 양화로10길 49 202호 (서교동,비케이빌딩)", ,,방송 프로그램 제작업,2005-01-04,12월
주식회사 케이풀스,"KPOOLS Co., Ltd.",케이풀스, ,주성영,기타법인,110111-5451797,105-88-04838,"서울특별시 마포구 상암산로 34 (상암동, 디지털큐브) 10층",www.kpools.co.kr,,유선 온라인 게임 소프트웨어 개발 및 공급업,2014-06-27,12월
(주)케이프로,"Kㆍ PRO CO.,LTD",케이프로, ,김학용,기타법인,110111-0605985,215-81-16781,서울특별시 영등포구 여의도동 라이프오피스텔빌딩 415호,www.kpro.co.kr,,애니메이션 영화 및 비디오물 제작업,1989-01-18,12월
케이플레이즈라운지 주식회사,"K-Playz Lounge Co., Ltd.",케이플레이즈라운지, ,김지은,기타법인,120111-0973207,875-86-01315,"인천광역시 서구 청라루비로 76 (청라동, 청라스퀘어7)", ,,영화관 운영업,2018-12-19,12월
(주)케이피아이네트웍,"korea Prime Information Network.,Ltd",케이피아이네트웍, ,맹진기,기타법인,115911-0023219,128-81-40764,서울특별시 마포구 창전동 2-92 화일빌딩 2층,kpinetwork.com,,시스템 소프트웨어 개발 및 공급업,1999-06-21,12월
케이피콤커뮤니케이션(주),KPCOM COMMUNICATION,케이피콤커뮤니케이션, ,박세운,기타법인,110111-1525330,120-81-79213,서울특별시 강남구 대치동 943-12,www.kpcom.co.kr,,시스템 소프트웨어 개발 및 공급업,1998-03-20,12월
(주)켁신시스템,"KEXIN Systems,Inc",켁신시스템, ,채희병,기타법인,110111-0790182,220-81-40319,서울특별시 강남구 삼성동 38-30번지 청림빌딩 7층,http://www.kexin.co.kr,,기타 정보기술 및 컴퓨터운영 관련 서비스업,1991-07-16,06월
주식회사 코그,"KOG CO.,LTD",코그, ,이종원,기타법인,170111-0716855,502-81-52487,"대구광역시 중구 국채보상로 586 (동성로2가, 교보생명빌딩 14층)",www.kog.co.kr,,게임 소프트웨어 개발 및 공급업,2000-05-13,12월
주식회사 코그넥스코리아,"SUALAB Co.,Ltd.",코그넥스코리아, ,문에릭응진,기타법인,110111-5100229,220-88-55558,서울특별시 서초구 서초대로38길 12 타워투 6층,www.sualab.com,,시스템 소프트웨어 개발 및 공급업,2013-03-29,12월
코나아이(주),"KONA I CO., LTD.",코나아이,052400,조정일,코스닥시장,110111-1521700,109-81-53365,서울특별시 영등포구  은행로 3 익스콘벤처타워 8층,konai.com,,시스템 소프트웨어 개발 및 공급업,1998-03-11,12월
주식회사 코난테크놀로지,KONAN TECHNOLOGY INCORPORATION,코난테크놀로지,402030,김영섬,코스닥시장,110111-1682932,229-81-37316,"서울특별시 서초구 강남대로 327 6층, 7층, 9층(서울특별시 서초구 강남대로)",konantech.com,,시스템 소프트웨어 개발 및 공급업,1999-04-17,12월
주식회사 코너스,"CORNERS Co.,Ltd",코너스, ,김동오,기타법인,110111-5583194,220-88-92965,"서울특별시 성동구 상원1길 26 (성수동1가, 서울숲A타워) 806호",www.corners.co.kr,,응용 소프트웨어 개발 및 공급업,2014-12-08,12월
주식회사 코넌코리아,"CONUNKOREA CO.,LTD",코넌코리아, ,표세인,기타법인,110111-6761418,714-81-01131,서울특별시 강남구 봉은사로37길 7-9 (논현동),conun.io,,소프트웨어 개발 및 공급업,2018-06-07,12월
주식회사 코넥,KORNEC,코넥, ,오상석,기타법인,191111-0013066,613-81-14177,경상남도 진주시 장대로 38 (장대동),www.kornec.com,,"컴퓨터 프로그래밍, 시스템 통합 및 관리업",1997-02-20,12월
(주)코넷엔지니어링,CONET ENGINEERING CORP.,코넷엔지니어링, ,오승훈,기타법인,131111-0032589,129-81-24597,경기도 성남시 분당구 수내동 9-1,http://www.coneteng.co.kr,,시스템 소프트웨어 개발 및 공급업,1998-03-03,12월
주식회사 코니아랩,ACONIC,코니아랩, ,"김규식, 나현정",기타법인,110111-6499332,180-81-00867,"서울특별시 광진구 천호대로 690 (구의동, 천우광진)",www.aconic.co.kr,,정보서비스업,2017-08-30,12월
(주)코니정보,konyinformation co. ltd,코니정보, ,김형중,기타법인,110111-1693872,109-81-57376,서울특별시 용산구 청파동3가 130-5 3층,www.kony21.com,,컴퓨터시스템 통합 자문 및 구축 서비스업,1999-04-01,12월
코닉오토메이션(주),KORNIC AUTOMATION,코닉오토메이션, ,"김혁, 나화성",기타법인,160111-0164064,305-81-65775,경기도 화성시 동탄산단9길 23-12 8층(방교동),www.kornic.co.kr,,컴퓨터 프로그래밍 서비스업,2003-10-23,12월
주식회사 코드,"CODE Co., Ltd.",코드, ,이유진,기타법인,110111-8019328,824-87-02026,서울특별시 강남구 언주로 514 (역삼동) 12층,www.codevasp.com/,,"자료처리, 호스팅 및 관련 서비스업",2021-09-08,12월
주식회사 코드독,CODDOG.INC,코드독, ,"추유현, 강율빈",기타법인,120111-1123728,229-81-42240,"인천광역시 서구 검단로487번길 10 (마전동, 투인빌딩)", ,,모바일 게임 소프트웨어 개발 및 공급업,2021-01-14,12월
주식회사 코드모바일,"Code Mobile Co., Ltd.",코드모바일, ,김성환,기타법인,110111-1741514,220-81-64820,"서울특별시 강남구 삼성로85길 28 (대치동, 우전빌딩) 9층",www.codemobil.co.kr,,통신 재판매업,1999-07-26,12월
주식회사 코드박스,"Kodebox Co., Ltd.",코드박스, ,"서광열, 이영민",기타법인,110111-6476588,107-88-42217,"서울특별시 강남구 테헤란로20길 12 5층 (역삼동, 안타워)",kodebox.io,,컴퓨터 프로그래밍 서비스업,2017-08-01,12월
주식회사 코드셋,Codeset Co. Ltd.,코드셋, ,백오영,기타법인,131111-0048667,129-81-34284,서울특별시 영등포구 여의도동 45-20 동북빌딩 1010호,www.scifin.co.kr,,시스템 소프트웨어 개발 및 공급업,2000-04-26,12월
(주)코드에셋,codeasset,코드에셋, ,신용균,기타법인,124411-0287533,210-87-01835,"서울특별시 금천구 가산디지털1로 142 (가산동, 가산더스카이밸리1차) 12층 1202호", ,,포털 및 기타 인터넷 정보매개 서비스업,2021-02-05,12월
코드정보시스템주식회사,"CODE Information systemco.,ltd",코드정보시스템, ,전춘제,기타법인,110111-1433947,105-81-87825,서울특별시 마포구 도화동538번지 성지빌딩302호,www.codeis.co.kr,,컴퓨터시스템 통합 자문 및 구축 서비스업,1997-07-01,12월
(주)코디넷,codinet.inc,코디넷, ,홍성민,기타법인,110111-1279151,105-81-79780,서울특별시 마포구 대흥동 433-2 한국문학빌딩 3층,http://www.codinet.com,,게임 소프트웨어 개발 및 공급업,1996-07-01,12월
코레시옹비탈레,correctionvitale,코레시옹비탈레, ,배용준,기타법인,110111-8018081,595-86-02567,강원도 원주시 라옹정길 51-3 (관설동) 3022호,www.wouldu.care,,기타 정보 서비스업,2021-09-07,12월
코렉(KorEC)(주),Korea Electronic Commerce Enterprise Inc.,코렉(KorEC), ,최승혁,기타법인,170111-0144254,504-81-28192,대구광역시 북구 노원3가,http://www.korec.net,,기타 정보기술 및 컴퓨터운영 관련 서비스업,1999-01-06,12월
주식회사 코리아닷컴커뮤니케이션즈,"KOREA.COM COMMUNICATIONS Co., Ltd.",코리아닷컴커뮤니케이션즈, ,"김영훈, 강석기",기타법인,110111-2258849,214-86-80927,서울특별시 금천구 가산디지털1로 128 (가산동) STX-V타워 708호,www.korea.com,,그 외 기타 전기 통신업,2001-06-12,12월
주식회사 코리아로터리 서비스,korea lottery servies co,코리아로터리서비스, ,남기태,기타법인,110111-0584080,114-81-37557,"충청남도 천안시 동남구 만남로 82 ,6층 (신부동, 소암빌딩)",http://www.klsc.co.kr,,컴퓨터시스템 통합 자문 및 구축 서비스업,1990-03-02,12월
(주)코리아링크,"Korealink Co., Ltd.",코리아링크, ,박형철,기타법인,110111-1112822,107-81-55052,서울특별시 영등포구 여의도동 12번지 10층, ,,컴퓨터시스템 통합 자문 및 구축 서비스업,1996-05-08,12월
코리아밸류에셋(주),korea value asset,코리아밸류에셋, ,신동훈,기타법인,110111-1755896,202-81-64690,서울특별시 서초구 양재동264-14 아성빌딩5층, ,,기타 정보기술 및 컴퓨터운영 관련 서비스업,1999-08-19,12월
(주)코리아센터,"Koreacenter Co.,Ltd.",코리아센터,290510,김기록,기타법인,110111-1849714,206-81-21131,서울특별시 금천구 가산디지털1로 168 A동 1401호 &nbsp,www.koreacenter.com,,시스템 소프트웨어 개발 및 공급업,2000-01-12,12월
코리아썬컴 주식회사,"KOREA SUN COM CO.,LTD",코리아썬컴, ,심판구,기타법인,200111-0036462,409-81-21744,광주광역시 북구 임동 85-2,WWW.KMTS CO.KR,,무선 및 위성 통신업,1992-09-21,12월
(주)코리아아이티솔루션,corea it solution,코리아아이티솔루션, ,김인철,기타법인,110111-4244979,120-87-48634,서울특별시 강남구 대치동 968-5, ,,소프트웨어 개발 및 공급업,2009-12-18,12월
주식회사 코리아엔터테인먼트영화홈비디오,-,코리아엔터테인먼트영화홈비디오, ,이서열,기타법인,110111-1593593,213-86-36414,서울특별시 강남구 신사동 603-2 씨네플러스 5층,-,,"영화, 비디오물 및 방송프로그램 제작 관련 서비스업",1998-10-09,12월
코리아오브컴 주식회사,KOREA ORBCOMM LTD,코리아오브컴, ,송형진,기타법인,134411-0014249,126-81-40735,"서울특별시 강남구 봉은사로 115 9층 (논현동, 노벨테크빌딩)",www.orbcomm.co.kr,,그 외 기타 전기 통신업,1999-10-01,12월
(주)코리아인터넷정보통신,KICNET,코리아인터넷정보통신, ,김용환,기타법인,110111-1740706,211-86-54852,서울특별시 강동구 성내동 551-1 베스컴2층,kicnet.co.kr,,컴퓨터시스템 통합 자문 및 구축 서비스업,1999-07-23,12월
(주)코리아컨텐츠네트워크,Korea Contents Network Inc.,코리아컨텐츠네트워크, ,박재천,기타법인,110111-0956875,118-81-08092,서울특별시 강남구 논현동 278-3 한컴벤쳐타워 7층,http://www.kocn.co.kr,,시스템 소프트웨어 개발 및 공급업,1993-07-15,12월
(주)코리아타임스,THE KOREA TIMES CO.LTD,코리아타임스, ,오영진,기타법인,110111-0343452,102-81-15074,"서울특별시 중구 세종대로 17 (남대문로5가, WISETOWER)",www.koreatimes.co.kr,,"신문, 잡지 및 정기간행물 출판업",1983-02-07,12월
주식회사 코리아퍼스텍,"KOREA FIRSTEC Co., Ltd.",코리아퍼스텍, ,장영규,기타법인,110111-0649264,109-81-38501,서울특별시 강서구 강서로 137 KF B/D(화곡동),www.first2000.co.kr,www.first2000.co.kr,시스템 소프트웨어 개발 및 공급업,1989-10-01,12월
코리아펀딩 주식회사,"Koreafunding co.,Ltd.",코리아펀딩, ,김해동,기타법인,131111-0309631,144-81-00575,"서울특별시 강남구 논현로 550 (역삼동, 우승빌딩) 2층",www.koreafunding.co.kr,,시스템 소프트웨어 개발 및 공급업,2012-04-17,12월
코리아페이넷,koreapaynet,코리아페이넷, ,이지연,기타법인,110111-2220294,107-81-98876,서울특별시 영등포구 여의도동 여의도백화점빌딩 10층,www.koreapay.net,,시스템 소프트웨어 개발 및 공급업,2001-04-19,03월
"주식회사 코리아포트원(Korea PortOne Co., Ltd.)","Korea PortOne Co., Ltd.","코리아포트원(KoreaPortOneCo.,Ltd.)", ,정영주,기타법인,110111-4727214,117-81-78260,"서울특별시 성동구 성수이로20길 16 (성수동2가, 제이케이타워) 3층, 306호", ,,응용 소프트웨어 개발 및 공급업,2011-11-11,12월
(주)코리아픽시컴,"KOREA PIXYCOM CO,.LTD",코리아픽시컴, ,나광윤,기타법인,110111-1471137,114-81-81316,"서울특별시 강남구 논현동 228-3,7 심텍빌딩 4층",www.pixy.co.kr,,시스템 소프트웨어 개발 및 공급업,1997-10-01,12월
코리아픽쳐스 주식회사,"Korea Pictures Co., Ltd.",코리아픽쳐스, ,김재영,기타법인,110111-1873979,107-81-79748,서울특별시 강남구 신사동 609 이소니플라자,www.koreapictures.co.kr,,일반 영화 및 비디오물 제작업,2000-02-10,03월
(주)코리아홈넷,"KOREAHOME.NET Co.,LTD.",코리아홈넷, ,오세열,기타법인,135111-0049671,123-81-49552,경기도 군포시 당정동 358 군포창업보육센타 2층,www.koreahome.net,,그 외 기타 전기 통신업,1999-07-01,12월
(주)코리언모터스,"KoreanMotorsCo.,Ltd",코리언모터스, ,김내동,기타법인,110111-1919731,120-86-02330,서울특별시 강남구 대치동 1009-4,www.koreanmotors.com,,데이터베이스 및 온라인정보 제공업,2000-03-25,12월
(주)코마스,COMAS INC.,코마스, ,김용배,기타법인,110111-0913502,120-81-24343,"서울특별시 종로구 청계천로 85 (관철동, 삼일빌딩) 17층",www.comas.co.kr,,시스템 소프트웨어 개발 및 공급업,1993-01-13,12월
(주)코바다,"COVADA Co.,Ltd.",코바다, ,박재범,기타법인,110111-2721143,113-81-83441,"서울특별시 성동구 성수이로10길 14 (성수동2가, 에이스하이엔드성수타워) 807호",www.covada.co.kr,,시스템 소프트웨어 개발 및 공급업,2003-02-20,12월
(주)코밴,"Korea VAN Service Co.,Ltd.",코밴, ,"김상준, 임규창",기타법인,110111-0743115,213-81-40742,서울특별시 강남구 도곡로6길 10 (도곡동),www.kovan.com,,자료 처리업,1991-01-15,12월
(주)코베스,"COBES CO., LTD.",코베스, ,유상훈,기타법인,160111-0098792,305-81-38021,대전광역시 유성구 봉명동 538-8 동아오피스텔2001,www.cobes.com,,기타 정보기술 및 컴퓨터운영 관련 서비스업,2000-05-25,12월
코벡스(주),KOVEX,코벡스, ,김현섭,기타법인,110111-6443751,344-88-00854,"서울특별시 영등포구 여의대방로69길 23 8층(여의도동, 한국금융IT빌딩)",www.kovex.co.kr,,시스템 소프트웨어 개발 및 공급업,2017-06-24,12월
(주)코비젼,COVISION ,코비젼, ,위장복,기타법인,110111-2322636,109-81-73212,"서울특별시 강서구 마곡중앙8로7길 11 (마곡동, 디앤씨캠퍼스)",www.covision.co.kr,,응용 소프트웨어 개발 및 공급업,2001-09-01,12월
주식회사 코빗,KORBIT INC,코빗, ,오세진,기타법인,110111-5175975,220-88-61399,"서울특별시 강남구 테헤란로5길 7 (역삼동, KGTower) 4층",https://www.korbit.co.kr,,"컴퓨터 프로그래밍, 시스템 통합 및 관리업",2013-07-05,12월
(주)코소넷,"KOSONET CO., LTD.",코소넷, ,이헌종,기타법인,110111-1765176,215-81-80866,서울특별시 송파구 마천동 50번지 4층,http://koso.net,,시스템 소프트웨어 개발 및 공급업,1999-09-02,12월
주식회사 코스메틱랜드,Cosmeticland.co.ltd,코스메틱랜드, ,최선호,기타법인,110111-1301186,105-81-80782,서울특별시 강남구 역삼동 688-1 동원빌딩3층,www.cosmeticland.com,,시스템 소프트웨어 개발 및 공급업,1996-07-24,12월
(주)코스모브리지,"COSMOBRIDGE.CO.,LTD.",코스모브리지, ,최찬규,기타법인,110111-0927660,209-81-13042,서울특별시 강남구 논현동 56-10 인의빌딩,www.cosmobridge.com,,시스템 소프트웨어 개발 및 공급업,1993-03-20,12월
(주)코스모스피엘씨,"Cosmos PLC Co., Ltd.",코스모스피엘씨,053170,강민수,기타법인,110111-1455264,116-81-65684,서울특별시 강남구 역삼동 707-34 한신인터밸리 동관 11층,www.cosmosplc.net,,시스템 소프트웨어 개발 및 공급업,1997-08-26,12월
(주)코스모아이넷,COSMO INET,코스모아이넷, ,이호준,기타법인,110111-2559362,214-87-14929,서울특별시 서초구 서초동 1534-5 코스모빌딩,http://www.cosmoinet.com ,,시스템 소프트웨어 개발 및 공급업,2002-07-02,12월
(주)코스모이엔지,"COSMO ENG CO.,LTD.",코스모이엔지, ,김영철,기타법인,110111-1422627,107-81-60308,서울특별시 영등포구 영등포동 7가 94-14 우성빌딩7,www.aucton.com,,데이터베이스 및 온라인정보 제공업,1997-06-04,12월
(주)코스모정보통신,cosmo i&c,코스모정보통신, ,문성일,기타법인,110111-1027500,113-81-34561,서울특별시 강남구 역삼동 641-17 한라빌딩 3층,www.cosmonet.co.kr,,시스템 소프트웨어 개발 및 공급업,1995-07-01,12월
(주)코스콤,KOREA SECURITIES COMPUTER CORPORATION,코스콤, ,홍우선,기타법인,110111-0219471,116-81-02919,"서울특별시 영등포구 여의나루로4길 21 (여의도동, 코스콤본사)",www.koscom.co.kr,,컴퓨터 프로그래밍 서비스업,1977-09-20,12월
(주)코스터,"COSTER Co.,Ld.",코스터, ,장인석,기타법인,110111-5196004,119-86-75167,"서울특별시 강남구 도산대로 532 (청담동, 인희빌딩) 3층",www.coster.kr/,http://www.ansimpay.co.kr/,시스템 소프트웨어 개발 및 공급업,2013-07-31,12월
(주)코씨크,koseek,코씨크, ,양희철,기타법인,220111-0026881,616-81-27161,제주특별자치도 제주시 이도2동 1057-3 동남빌딩5층,http://www.koseek.com,,데이터베이스 및 온라인정보 제공업,1999-10-19,12월
주식회사 코아뱅크,"CORE BANK .,LTD.",코아뱅크, ,이경인,기타법인,110111-2333922,215-86-14100,"서울특별시 송파구 백제고분로 63 (잠실동, 위너스오피스텔1)",www.corebank.co.kr,,컴퓨터 프로그래밍 서비스업,2001-09-15,12월
(주)코아아이에스,"Core I S Co., Ltd",코아아이에스, ,이존병주,기타법인,110111-3617010,215-86-94410,서울특별시 송파구 송파동 141-2 코아벤처빌, ,,컴퓨터시스템 통합 자문 및 구축 서비스업,2007-02-08,12월
(주)코아아이티,"COREIT,Inc.",코아아이티, ,신동용,기타법인,150111-0159140,301-86-16490,충청북도 청주시 청원구 오창읍 과학산업4로 8-6 (각리), ,,응용 소프트웨어 개발 및 공급업,2012-04-02,12월
(주)코아정보시스템,"Core Information System Co., Ltd.",코아정보시스템,039990,제이슨리 (Jason Lee),기타법인,110111-0736251,120-81-20139,서울특별시 강남구 역삼동 624-14 ,www.coreinfo.co.kr,,컴퓨터시스템 통합 자문 및 구축 서비스업,1990-12-13,12월
코암소프트,KOAMSOFT,코암소프트, ,김해식,기타법인,110111-2202549,104-81-61138,서울특별시 중구 산림동 207-2 대림상가 1152호,www.koamsoft.com,,게임 소프트웨어 개발 및 공급업,2001-03-27,12월
(주)코어닥스,Coredax,코어닥스, ,임요송,기타법인,110111-6838217,894-86-01183,"서울특별시 구로구 디지털로 242 (구로동, 한화비즈메트로1차) 1307호",www.coredax.com,,가상자산 매매 및 중개업,2018-10-01,12월
주식회사 코어라인소프트,"Coreline Soft Co., Ltd",코어라인소프트,384470,김진국,코스닥시장,110111-4962092,264-81-03385,서울특별시 마포구 동교로19길 12 -,www.corelinesoft.com,,응용 소프트웨어 개발 및 공급업,2012-09-17,12월
(주)코어비트,COREBIT,코어비트,056850,김지태,기타법인,130111-0022929,124-81-21692,서울특별시 강남구 논현동 61-5 디엠씨씨빌딩 801호 ,www.corebit.co.kr,,시스템 소프트웨어 개발 및 공급업,1993-09-23,12월
주식회사 코어시스템즈,"CORESYSTEMS Co., Ltd",코어시스템즈, ,윤은주,기타법인,131111-0400455,506-81-91973,"서울특별시 금천구 가산디지털1로 168 A동 1206호(가산동, 우림라이온스밸리)",wwww.cores.co.kr,,시스템 소프트웨어 개발 및 공급업,2015-02-26,12월
주식회사 코엔미디어,KOEN MEDIA,코엔미디어, ,안인배,기타법인,110111-2826175,107-86-37480,"서울특별시 마포구 월드컵북로 402 (상암동, 케이지아이티센터)",www.koengroup.co.kr,,방송 프로그램 제작업,2003-07-22,12월
(주)코엔텍,Korea Enterprise Technology Inc.,코엔텍, ,이경민,기타법인,110111-1845423,215-81-85347,서울특별시 송파구 신천동 서울시교통회관건물,www.koentek.com,,시스템 소프트웨어 개발 및 공급업,2000-01-25,12월
코오롱베니트주식회사,KOLON BENIT ,코오롱베니트, ,강이구,기타법인,135311-0003920,123-81-51422,경기도 과천시 코오롱로 11,www.kolonbenit.com,,시스템 소프트웨어 개발 및 공급업,1999-11-01,12월
코오롱아이넷(주),KOLON I' NETWORKS CORP.,코오롱아이넷,022520,박동문,기타법인,110111-0712350,110-81-25442,서울특별시 금천구 가산동 533-2 롯데센터 ,www.koloninet.com,,시스템 소프트웨어 개발 및 공급업,1990-07-20,12월
코오롱엔솔루션(주),"Kolon-En Solution co., Ltd",코오롱엔솔루션, ,이용현,기타법인,110111-4235944,214-88-51241,"인천광역시 연수구 송도과학로 32 (송도동, 송도테크노파크IT센터)",www.en-solutions.co.kr,,컴퓨터시스템 통합 자문 및 구축 서비스업,2009-12-08,12월
(주)코원플레이,"COWON PLAY Co., Ltd.",코원플레이,056000,장명진,기타법인,110111-1319858,213-86-27332,서울특별시 강남구 언주로 540 코원타워 5층,www.nesm.co.kr,,소프트웨어 개발 및 공급업,1996-09-11,12월
주식회사 코원홀딩스,COWON HOLDINGS,코원홀딩스, ,유지훈,기타법인,110111-6938091,642-81-01419,서울특별시 강남구 선릉로86길 40-4 (대치동) 2층 201호, ,,기타 정보 서비스업,2018-11-27,12월
(주)코이노,koino,코이노, ,오주병,기타법인,160111-0098495,314-81-33490,"서울특별시 구로구 디지털로26길 123 (구로동, 지플러스타워)407호",www.koino.net,,컴퓨터 프로그래밍 서비스업,2000-05-19,12월
(주)코인뱅크,KOINBANK,코인뱅크, ,박경용,기타법인,110111-1918056,114-81-96779,서울특별시 중구 서소문동 75-95 유원빌딩 3층,KOINBANK.NET,,데이터베이스 및 온라인정보 제공업,2000-03-24,12월
주식회사 코인원,Coinone Inc.,코인원, ,차명훈,기타법인,110111-5341906,261-81-07437,"서울특별시 영등포구 여의대로 108 파크원 타워1 45층, 46층",www.coinone.co.kr,,기타 정보기술 및 컴퓨터운영 관련 서비스업,2014-02-18,12월
주식회사 코인츠,"Koints Co.,Ltd",코인츠, ,서석록,기타법인,110111-2080119,106-81-93766,"경기도 성남시 분당구 정자동 159-5 백궁프라자Ⅱ 606,607호",http://www.koints.com,,시스템 소프트웨어 개발 및 공급업,2000-09-29,12월
(주)코인테스,"KOINTES Co., Ltd",코인테스, ,권오열,기타법인,110111-1219842,105-81-75858,서울특별시 영등포구 여의도동 17-8 동성빌딩 3층,http://www.kointes.co.kr,,시스템 소프트웨어 개발 및 공급업,1995-12-06,12월
주식회사 코인텍,Kointech Inc.,코인텍, ,서진구,기타법인,110111-1771777,220-81-67055,서울특별시 강남구 수서동 724번지 로즈데일빌딩 3층,www.kointech.com,,컴퓨터시스템 통합 자문 및 구축 서비스업,1999-09-13,12월
주식회사 코인플러그,"Coinplug, Inc.",코인플러그, ,어준선,기타법인,131111-0354909,144-81-18100,"경기도 성남시 분당구 판교역로146번길 20 (백현동, 현대백화점판교점) 오피스에이치 11층",www.coinplug.com,,컴퓨터 프로그래밍 서비스업,2013-10-02,12월
코코네엠 주식회사,COCONE M CORPORATION,코코네엠, ,이종일,기타법인,110111-8112932,737-81-02526,서울특별시 강남구 학동로9길 19 (논현동),cocone-m.com/,,응용 소프트웨어 개발 및 공급업,2021-12-02,12월
주식회사 코크렙제57호 위탁관리부동산투자회사,KOCREF57 RIET,코크렙제57호위탁관리부동산투자회사, ,주식회사 코람코자산신탁,기타법인,110111-7998797,342-81-02560,"서울특별시 강남구 삼성로 511 (삼성동, 골든타워) 코람코자사신탁", ,,공영 우편업,2021-08-20,04월
주식회사 코탑미디어,KORTOP Media,코탑미디어, ,고대화,기타법인,110111-6817188,889-88-01040,서울특별시 서초구 강남대로101안길 2,www.kortopmedia.co.kr,,방송 프로그램 제작업,2018-07-19,12월
(주)코파,KORPA,코파, ,이일권,기타법인,130111-0051811,124-81-62015,경기도 수원시 권선구 권선동 1011-5 중앙빌딩 4층,www.korpa.co.kr    www.korpa.com,,시스템 소프트웨어 개발 및 공급업,1999-04-15,12월
코파네트 주식회사,KOFA net.Inc,코파네트, ,이영태,기타법인,110111-1556046,120-81-81121,서울특별시 강남구 역삼동 720-18 HKC빌딩 3층,www.kofa.org,,데이터베이스 및 온라인정보 제공업,1998-06-01,12월
주식회사 코퍼스코리아,"COPUS KOREA Co.,Ltd.",코퍼스코리아, ,오영섭,기타법인,110111-3266833,211-87-67882,"서울특별시 강남구 영동대로 708 1102호 (청담동, 정화빌딩)",www.copus.co.kr,,"영화, 비디오물, 방송프로그램 제작 및 배급업",2005-07-12,12월
(주)코퍼스코리아,"COPUS KOREA Co., Ltd.",코퍼스코리아,322780,오영섭,코스닥시장,110111-7062716,206-88-01212,서울특별시 마포구 월드컵북로 361 8층(DMC이안상암2단지),-,,"영화, 비디오물, 방송프로그램 제작 및 배급업",2019-04-01,12월
(주)코퍼슨스,copersons,코퍼슨스, ,김재현,기타법인,110111-3144279,109-81-95399,서울특별시 강남구 역삼동 650-1 남곡빌딩 7층,www.copersons.com,,포털 및 기타 인터넷 정보매개 서비스업,2005-01-05,12월
주식회사 코페이,Korpay Corp,코페이, ,채수철,기타법인,110111-3010503,206-81-90716,"서울특별시 성동구 성수일로 77 608호, 609호, 610호, 611호",www.korpay.com,,전기 통신업,2004-05-12,12월
코핀홀딩스 주식회사,"Korfin Holdings Co., Ltd.",코핀홀딩스, ,양문섭,기타법인,110111-6728765,697-86-00910,"서울특별시 강남구 테헤란로 123 801,1101,1501호 (역삼동, 여삼빌딩)", ,,그 외 기타 정보 서비스업,2018-04-26,12월
주식회사 콘샐러드,"CONSALAD Co.,Ltd",콘샐러드, ,고운,기타법인,110111-6213097,795-81-00581,"서울특별시 송파구 법원로8길 8 (문정동, 문정역2차SKV1) 411호",https://www.consalad.net,,소프트웨어 개발 및 공급업,2016-11-01,12월
(주)콘텐츠난다긴다,"Contents nandakinda,lnc",콘텐츠난다긴다, ,최현묵,기타법인,110111-5424992,120-88-13466,"서울특별시 강남구 도산대로 452 (청담동, JS빌딩) 4층", ,,"영화, 비디오물 및 방송프로그램 배급업",2014-05-27,12월
주식회사 콘텐츠랩블루,Contentslabblue,콘텐츠랩블루, ,고영토,기타법인,110111-6961456,860-81-01225,"서울특별시 구로구 디지털로 300 (구로동, 지밸리비즈플라자) 9층 비호", ,,일반 서적 출판업,2018-12-19,12월
콘텐츠웨이브 주식회사,Content Wavve Corp.,콘텐츠웨이브, ,서장호,기타법인,110111-4869173,220-88-38020,"서울특별시 영등포구 여의나루로 60 (여의도동, 포스트타워) 15층",www.wavve.com,,"영화, 비디오물 및 방송프로그램 배급업",2012-05-16,12월
주식회사 콘텐츠지음,CONTENTS ZIUM,콘텐츠지음, ,한석원,기타법인,110111-6118239,672-86-00468,"서울특별시 마포구 월드컵북로 396 1202호 (상암동, 누리꿈스퀘어 연구개발타워)", ,,일반 영화 및 비디오물 제작업,2016-07-12,12월
주식회사 콘텐츠테크놀로지스,"Contents Technologies Co., Ltd.",콘텐츠테크놀로지스, ,이장원,기타법인,110111-7733888,427-86-02060,"서울특별시 서초구 서초대로77길 61 8층 (서초동, S&GTOWER서초)", ,,음악 및 기타 오디오물 출판업,2020-12-30,12월
(주)콘텐츠판다,"CONTENTS PANDA Co.,Ltd.",콘텐츠판다, ,유제천,기타법인,110111-5210052,211-88-99663,서울특별시 강남구 학동로9길 5 4층(논현동),www.its-new.co.kr,,"영화, 비디오물 및 방송프로그램 배급업",2013-08-22,12월
콘텐츠퍼스트(주),Contents First Inc.,콘텐츠퍼스트, ,방선영,기타법인,110111-5018860,113-86-67000,"서울특별시 강남구 테헤란로 211 6층 (역삼동,한국고등교육재단)", ,,만화 출판업,2013-01-02,12월
(주)콘텐트리중앙,ContentreeJoongAng corp.,콘텐트리중앙,036420,"이중원, 홍정인(각자대표)",유가증권시장,110111-0545751,216-81-10039,서울특별시 강남구 도산대로 156,www.jcontentree.com/,,"영화, 비디오물, 방송프로그램 제작 및 배급업",1987-09-28,12월
(주)콜게이트,"CallGate. Co.,Ltd.",콜게이트, ,이강민,기타법인,110111-2486995,211-87-11904,"서울특별시 서초구 효령로77길 28 8층 (서초동, 동오빌딩)",www.callgate.com,,응용 소프트웨어 개발 및 공급업,2005-12-01,12월
주식회사 콜론디,COLONDEE,콜론디, ,김수호,기타법인,110111-4964907,220-88-45138,"서울특별시 강남구 언주로 709 1301호 (논현동, 송암빌딩)", ,,유선 온라인 게임 소프트웨어 개발 및 공급업,2012-09-20,12월
(주)콜롬버스시네마,columbuscinema,콜롬버스시네마, ,한달규,기타법인,200111-0133961,410-81-64267,광주광역시 서구 치평동 1223-3 ,cbccinema@hanmail.net,,영화관 운영업,2001-05-11,12월
주식회사 콜리,"COLLEY Co., Ltd.",콜리, ,양승철,기타법인,110111-6953213,371-81-01287,"서울특별시 강남구 논현로 709 (논현동, 로얄토토논현동사옥)", ,,시스템 소프트웨어 개발 및 공급업,2018-12-12,12월
(주)콜스코,KOLSCO,콜스코, ,남호성,기타법인,110111-1679426,211-86-51855,서울특별시 중랑구 신내동 641 KT 4층,www.korealotto.co.kr,,시스템 소프트웨어 개발 및 공급업,1999-04-12,12월
콜트테크놀로지서비스 유한회사,Colt Technology Services Ltd.,콜트테크놀로지서비스, ,성수영,기타법인,110114-0109733,214-88-92771,"서울특별시 영등포구 의사당대로 83 (여의도동, 오투타워) 16층", ,,통신 재판매업,2012-03-09,12월
주식회사 콤위즈,COMWIZ.CO,콤위즈, ,정윤권,기타법인,110111-2850877,101-81-97466,"서울특별시 구로구 디지털로34길 27 (구로동, 대륭포스트타워3차) 1010호",www.icomwiz.co.kr/,,그 외 기타 전기 통신업,2003-09-01,12월
주식회사 콩스튜디오코리아,kongstudios korea,콩스튜디오코리아, ,석광원,기타법인,110111-5717123,886-86-00067,"서울특별시 서초구 사임당로 157 (서초동, 릿타워) 2층", ,,응용 소프트웨어 개발 및 공급업,2015-05-08,12월
콩테크 주식회사,KONGtech Co. Ltd,콩테크, ,이학경,기타법인,131111-0395284,129-86-91785,경기도 성남시 분당구 대왕판교로 660 유스페이스1 B동 1203호, ,,시스템 소프트웨어 개발 및 공급업,2014-12-19,12월
콴텍 주식회사,"Quantec. Co., Ltd",콴텍, ,이상근,기타법인,110111-4329367,114-86-80501,"서울특별시 영등포구 은행로 11 7층(여의도동, 일신빌딩)", ,,시스템 소프트웨어 개발 및 공급업,2010-04-15,12월
(주)쿠스코아이티,"CUZCOIT CO., LTD",쿠스코아이티, ,이규호,기타법인,110111-1727605,116-81-75386,서울특별시 강남구 역삼1동 832-2,www.cuzcoit.com,,시스템 소프트웨어 개발 및 공급업,1999-07-05,12월
(주)쿠운소프트, ,쿠운소프트, ,전경훈,기타법인,110111-1559404,116-81-68769,서울특별시 영등포구 여의도동 44-1, ,,시스템 소프트웨어 개발 및 공급업, , 
(주)쿠콘,coocon Corporation,쿠콘,294570,김종현,코스닥시장,110111-3579947,107-86-85702,"서울특별시 영등포구 영신로 220, KnK디지털타워 19층",www.coocon.net,,기타 정보 서비스업,2006-12-14,12월
(주)쿠키,kwky,쿠키, ,구태기,기타법인,191111-0018363,613-81-19075,경상남도 진주시 가좌동 780 창업보육센터 309호,http://www.kwky.co.kr,,데이터베이스 및 온라인정보 제공업,1999-10-12,12월
(주)쿠프마케팅,"COOP Marketing Co.,Ltd.",쿠프마케팅, ,전우정,기타법인,110111-3332973,105-86-86082,"서울특별시 성동구 성수이로10길 14 (성수동2가) 에이스하이앤드성수타워 904호, 905호, 10층",www.coopnc.com,,데이터베이스 및 온라인정보 제공업,2005-10-31,12월
주식회사 쿡앱스,cookapps,쿡앱스, ,박성민,기타법인,110111-4243658,220-87-92691,서울특별시 강남구 영동대로112길 36 (삼성동)108-14 오티씨빌딩 3층, ,,게임 소프트웨어 개발 및 공급업,2009-12-17,12월
주식회사 쿤룬코리아,"Kunlun Korea Co., Ltd.",쿤룬코리아, ,주아휘,기타법인,110111-4491562,214-88-70398,서울특별시 강남구 논현로85길 70 (역삼동) 823빌딩 10층, ,,게임 소프트웨어 개발 및 공급업,2010-12-14,12월
주식회사 쿼드마이너,"Quad Miners Co., Ltd.",쿼드마이너, ,"박범중, 홍재완",기타법인,110111-6577998,608-88-00869,"서울특별시 강남구 테헤란로 138 (역삼동, 성홍타워) 6층",www.quadminers.com,,시스템 소프트웨어 개발 및 공급업,2017-11-24,12월
쿼타랩 주식회사,Quota Lab Inc.,쿼타랩, ,최동현,기타법인,110111-7205796,828-81-01707,"서울특별시 강남구 테헤란로52길 21 (역삼동, 역삼동벤처빌딩) 4층", ,,시스템 소프트웨어 개발 및 공급업,2019-08-19,12월
주식회사 쿼터백그룹,Quarterback Group Inc.,쿼터백그룹, ,양신형,기타법인,110111-5816032,628-87-00191,"서울특별시 영등포구 국제금융로 10 3IFC 18층(여의도동, 서울국제금융센터)", ,,시스템 소프트웨어 개발 및 공급업,2015-08-21,12월
주식회사 퀀팃,QUANTIT INC.,퀀팃, ,한덕희,기타법인,110111-6973550,572-81-01333,"서울특별시 영등포구 여의대로 14 (여의도동, KT여의도지점), 13층",www.quantit.io/,,소프트웨어 개발 및 공급업,2019-01-03,12월
주식회사 퀄슨,Qualson,퀄슨, ,박수영,기타법인,110111-4893065,120-87-84760,"서울특별시 강남구 테헤란로 509 (삼성동, 엔씨타워I)8층", ,,소프트웨어 개발 및 공급업,2012-06-14,12월
(주)퀸스소프트,Queen''s Soft Corp.,퀸스소프트, ,서준모,기타법인,110111-3294199,120-86-86058,서울특별시 서초구 서초동 1425-1 보성빌딩 301호,www.queenssoft.com,,게임 소프트웨어 개발 및 공급업,2005-08-25,12월
주식회사 큐로드,QROAD INC.,큐로드, ,길호웅,기타법인,110111-5613850,120-88-24018,"서울특별시 영등포구 국회대로70길 18 (여의도동, 한양빌딩) 5~6층",www.qroad.net,,모바일 게임 소프트웨어 개발 및 공급업,2015-01-13,12월
(주)큐리오스엔터테인먼트,curiosentertainment,큐리오스엔터테인먼트, ,강영환,기타법인,110111-3791814,110-81-81027,"서울특별시 서대문구 연세로12길 22 (창천동, 진영빌딩)지하1층", ,,일반 영화 및 비디오물 제작업,2008-01-01,12월
(주)큐릭스광진성동방송, ,큐릭스광진성동방송, ,강진성,기타법인,110111-2264979,206-81-64479,서울특별시 광진구 자양1동 615-27, ,,유선 방송업,2001-06-19,12월
주식회사 큐릭스 대경방송, ,큐릭스대경방송, ,김희선,기타법인,170111-0200014,503-81-50556,대구광역시 서구 비산동 333-2, ,,유선 방송업,2001-06-28,12월
주식회사 큐릭스 대구방송,"MINS.Co.,Ltd",큐릭스대구방송, ,민태홍,기타법인,170111-0082082,219-81-21592,대구광역시 남구 대명동 788-6,www.mins.co.kr,,위성 및 기타 방송업,1994-11-28,12월
(주)큐릭스도봉강북방송,"Qrix DobongGangbuk, Inc.",큐릭스도봉강북방송, ,이덕선,기타법인,110111-1156789,210-81-19463,서울특별시 강북구 수유동 472-485,www.qrix.com,,유선 방송업,1995-05-11,12월
주식회사 큐릭스종로중구방송,"Qrix Jougnojunggu, Inc.",큐릭스종로중구방송, ,이덕선,기타법인,110111-1986988,201-81-57987,서울특별시 중구 을지로4가 310-68,http://www.qrix.co.kr,,유선 방송업,2000-06-02,12월
(주)큐버,"QUBER Co., Ltd.",큐버, ,이장희,기타법인,131111-0411056,349-86-00122,"경기도 성남시 분당구 판교로255번길 9-22 (삼평동, 판교우림W-CITY) A동 302호",www.quber.net,www.quber.net,시스템 소프트웨어 개발 및 공급업,2015-06-01,12월
주식회사 큐브공간기획,"CUBE SPACE PLANNING Co., Ltd.",큐브공간기획, ,박순기,기타법인,110111-7348041,175-86-01627,"서울특별시 강남구 광평로 295 서관동 1703호(수서동, 사이룩스오피스텔)", ,,기타 게임 소프트웨어 개발 및 공급업,2020-01-07,12월
(주)큐브엔터테인먼트,"CUBE ENTERTAINMENT, INC.",큐브엔터,182360,"강승곤, 안우형, 정철(공동대표)",코스닥시장,110111-5192036,107-87-99106,서울특별시 성동구 아차산로 83 -,www.cubeent.co.kr,,음악 및 기타 오디오물 출판업,2013-07-25,12월
(주)큐브코아,"Cubecore Co., Ltfd.",큐브코아, ,김연수,기타법인,110111-4009620,113-86-26047,"서울특별시 구로구 디지털로31길 20 (구로동, 에이스테크노타워5차) 606호",www.cubecore.co.kr,,컴퓨터시스템 통합 자문 및 구축 서비스업,2008-12-05,12월
큐비트시큐리티(주),Qubit Security Inc.,큐비트시큐리티, ,신승민,기타법인,135811-0245209,124-87-48126,"경기도 성남시 수정구 성남대로 1342 512호(복정동, 가천대학교)",www.qubitsec.com/,,시스템 소프트웨어 개발 및 공급업,2014-03-06,12월
(주)큐빅테크,"Cubictek co.,ltd.",큐빅테크, ,김종삼,기타법인,110111-0672926,107-81-32947,서울특별시 강서구 등촌동 684-1 에이스테크노타워 1101호,http://www.cubictek.co.kr,,시스템 소프트웨어 개발 및 공급업,1990-02-02,12월
주식회사 큐씨정보통신,qcit,큐씨정보통신, ,전현용,기타법인,110111-3675381,211-87-96882,서울특별시 강남구 논현1동 158 해림빌딩 5층, ,,유선 통신업,2007-05-09,12월
(주)큐앤에스,"Q&S Co.,Ltd ",큐앤에스, ,최웅수,기타법인,110111-1688807,112-81-52168,서울특별시 강남구 역삼동 772번지 동영문화센터 3층,www.qands.co.kr,,시스템 소프트웨어 개발 및 공급업,1999-04-28,12월
(주)큐앤에이치,"Q&H CO.,LTD",큐앤에이치, ,곽혜흔 홍석규,기타법인,110111-3329798,120-86-88468,서울특별시 강남구 대치동 946-1, ,,시스템 소프트웨어 개발 및 공급업,2005-10-25,12월
주식회사 큐앤피플,Q N PEOPLE,큐앤피플, ,권혁민,기타법인,134911-0039809,140-81-33109,"서울특별시 서초구 강남대로 309 (서초동, 코리아비지니스센타) 715호",www.qnpeople.com,,컴퓨터 프로그래밍 서비스업,2009-01-02,12월
주식회사 큐엘강동,QLKANGDONG ltd,큐엘강동, ,전현용,기타법인,110111-3729617,212-81-80192,서울특별시 강동구 길1동 416-6 우주빌딩 10층, ,,그 외 기타 전기 통신업,2007-08-02,12월
(주)큐엘관악,qlkw,큐엘관악, ,전현용,기타법인,110111-3826140,119-86-04492,서울특별시 관악구 봉천본동 931 - 8 신우빌딩 6층, ,,유선 통신업,2008-01-01,12월
큐엘동작,qldj,큐엘동작, ,전현용,기타법인,110111-3729740,108-81-80888,서울특별시 동작구 노량진동 311-27 대성빌딩 2층, ,,유선 통신업,2007-08-01,12월
(주)큐엘서초,qlsc,큐엘서초, ,전현용,기타법인,110111-3729807,114-86-61047,서울특별시 서초구 방배동 445-5 도양빌딩 3층, ,,유선 통신업,2007-08-02,12월
(주)큐엘양천,qlyc,큐엘양천, ,전현용,기타법인,110111-3729609,117-81-62773,서울특별시 양천구 신월동 1001-2 오영빌딩 3층, ,,유선 통신업,2007-08-01,12월
(주)큐엠시네마,qmcinema,큐엠시네마, ,김성길,기타법인,180111-0772780,617-81-95513,"부산광역시 해운대구 해운대로 813 (좌동, 지팝건축물)", ,,영화관 운영업,2012-01-03,12월
주식회사 큐원텔레콤에이전시,"Q1telecom Agency, Ltd",큐원텔레콤에이전시, ,최승재,기타법인,110111-2601361,215-86-31040,서울특별시 송파구 방이동 93-17, ,,공영 우편업,2002-09-03,12월
주식회사 큐픽스,"CUPIX, INC.",큐픽스, ,배석훈,기타법인,110111-5812733,782-81-00246,"경기도 성남시 분당구 대왕판교로 670 B동 605호(삼평동, 유스페이스2)",www.cupix.com,,시스템 소프트웨어 개발 및 공급업,2015-08-19,12월
크라우드베이스,Crowdbase Inc,크라우드베이스, ,고훈,기타법인,110111-6414132,420-86-00737,"서울특별시 마포구 백범로31길 21 (공덕동, 서울창업허브)",www.crowdbase.kr,ir.crowdbase.kr,포털 및 기타 인터넷 정보매개 서비스업,2017-05-29,12월
주식회사 크라우드웍스,"CrowdWorks, Inc.",크라우드웍스,355390,김광일,코스닥시장,110111-6384963,223-81-18325,"서울특별시 강남구 테헤란로 309 삼성제일빌딩, 5층",www.crowdworks.kr,,소프트웨어 개발 및 공급업,2017-04-25,12월
(주)크라이언소프트,"Cliensoft Co., Ltd",크라이언소프트, ,"김제박, 정창호",기타법인,110111-1127409,105-81-69716,서울특별시 마포구 용강동 494-38 보라빌딩 4층,www.clien.co.kr,,시스템 소프트웨어 개발 및 공급업,1995-02-10,12월
크래들스튜디오(주),Cradle Studio Corp.,크래들스튜디오, ,배성훈,기타법인,110111-7900817,832-87-02309,"서울특별시 마포구 월드컵북로 434 (상암동, 상암ITTower)", ,,"영화, 비디오물 및 방송프로그램 제작업",2021-05-27,12월
주식회사 크래프톤,"KRAFTON, Inc.",크래프톤,259960,김창한,유가증권시장,110111-3645772,220-87-45316,서울특별시 강남구 테헤란로 231,www.krafton.com,www.krafton.com,게임 소프트웨어 개발 및 공급업,2007-03-26,12월
(주)크레노바,CRENOVA Inc.,크레노바, ,이상철,기타법인,110111-4097782,113-86-29743,"서울특별시 구로구 디지털로 300 (구로동, 지밸리비즈플라자)", ,,모바일 게임 소프트웨어 개발 및 공급업,2009-05-20,12월
주식회사 크레도웨이,Credoway Corporation,크레도웨이, ,이상호,기타법인,110111-5055383,211-88-89506,"서울특별시 강남구 학동로25길 11 (논현동, 씨플레이스) 4층",www.credoway.com,,응용 소프트웨어 개발 및 공급업,2013-01-28,12월
(주)크레디트라인,CREDITLINE,크레디트라인, ,신희범,기타법인,110111-2100248,220-81-99940,"서울특별시 영등포구 경인로 775 (문래동3가, 에이스하이테크시티) 2동 1701호", ,,시스템 소프트웨어 개발 및 공급업,2000-11-01,12월
크레딧유니온복정 주식회사,"Credit Union Bokjung Co.,Ltd",크레딧유니온복정, ,유기현,기타법인,110111-7404083,368-81-01715,"서울특별시 영등포구 여의대로 14 (여의도동, KT여의도지점)", ,,"컴퓨터 프로그래밍, 시스템 통합 및 관리업",2020-02-25,12월
(주)크레비스파트너스,Crevisse Partners Corp.,크레비스파트너스, ,김재현,기타법인,110111-2992942,120-86-66237,"서울특별시 성동구 왕십리로 88 4층 (성수동1가, 노벨빌딩)",www.crevisse.com,,응용 소프트웨어 개발 및 공급업,2004-04-13,12월
주식회사 크레아스튜디오,CREA STUDIO,크레아스튜디오, ,"원호연, 서혜진, 황인영",기타법인,110111-8352463,580-87-02432,"서울특별시 마포구 월드컵북로 396 3층(상암동, 누리꿈스퀘어 비즈니스타워)", ,,방송 프로그램 제작업,2022-07-07,12월
크레아웍스(주),KREAWORKS,크레아웍스, ,김기범,기타법인,110111-4309252,211-88-41012,서울특별시 서초구 잠원동 8-2 대능빌딩 2층,www.kreaworks.com,,프로그램 공급업,2010-03-19,12월
(주)크레오에스지,"CreoSG Co.,Ltd.",크레오에스지,040350,이상균,코스닥시장,110111-1407314,215-81-62801,"서울특별시 강남구 테헤란로13길 31-1 4층(역삼동, 일리빌딩)",www.curocom.com,,"컴퓨터 프로그래밍, 시스템 통합 및 관리업",1997-04-24,12월
주식회사 크레오코리아,CreoKorea Inc,크레오코리아, ,김홍범,기타법인,110111-6268076,235-87-00612,"서울특별시 성동구 연무장5가길 7 (성수동2가, 성수역현대테라스타워) W동 1402호",https://creokorea.com,,응용 소프트웨어 개발 및 공급업,2016-12-20,12월
주식회사 크로노스튜디오,"Chrono Studio Co., Ltd.",크로노스튜디오, ,배봉건,기타법인,110111-8895447,323-81-03291,"서울특별시 강남구 테헤란로 145 15층, 16층, 17층(역삼동, 더 피나클역삼2)", ,,유선 온라인 게임 소프트웨어 개발 및 공급업,2024-03-15,12월
(주)크로니아이티,"cronyit Co.,Ltd.",크로니아이티, ,이해관,기타법인,110111-2953308,215-86-53248,서울특별시 강남구 논현로94길 3 (역삼동) 죽암빌딩,www.cronyit.co.kr/,,컴퓨터시스템 통합 자문 및 구축 서비스업,2004-02-13,12월
주식회사 크로센트,"Crossent Co., Ltd.",크로센트, ,전형철,기타법인,131111-0149392,129-81-89644,"서울특별시 서초구 강남대로43길 6 2층(서초동, 강남메인타워2차)",www.crossent.com,,컴퓨터시스템 통합 자문 및 구축 서비스업,2005-09-20,12월
주식회사 크로스앵글,CROSSANGLE INC,크로스앵글, ,"이현우, 김준우",기타법인,110111-6911352,255-88-01077,서울특별시 강남구 강남대로 376 (역삼동) 13층, ,,시스템 소프트웨어 개발 및 공급업,2018-10-31,12월
(주)크로스코믹스,KROSS KOMICS INC,크로스코믹스, ,김현우,기타법인,110111-7143574,394-86-01607,"서울특별시 강남구 학동로33길 17 3층(논현동, 수산빌딩)", ,,데이터베이스 및 온라인정보 제공업,2019-06-19,12월
크로스픽쳐스(주),"KROSS PICTURES, INC.",크로스픽쳐스, ,김현우,기타법인,110111-3079476,120-86-72137,"서울특별시 강남구 학동로33길 17 3층(논현동, 수산빌딩)",krosspictures.com/,,방송 프로그램 제작업,2004-09-06,12월
주식회사 크로커스,"Crocus Inc,.",크로커스, ,임다니엘지섭,기타법인,110111-6844339,786-81-01344,"서울특별시 강남구 선릉로 559 (역삼동, 동양빌딩)",www.crocus.ai/,,응용 소프트웨어 개발 및 공급업,2018-08-16,12월
(주)크리스탈원,CRYSTAL ONE,크리스탈원, ,강호준,기타법인,110111-3081322,106-86-31009,"서울특별시 관악구 보라매로3길 23 (봉천동, 대교빌딩)",www.twohandsmedia.com,,"컴퓨터 프로그래밍, 시스템 통합 및 관리업",2004-09-09,12월
크리스피드,"CRESPEED Co.,LTD.",크리스피드, ,최해문,기타법인,110111-2072439,215-81-97561,"서울특별시 송파구 법원로11길 25 (문정동, 에이치비지니스파크) B동 1001호",www.crespeed.com,,시스템ㆍ응용 소프트웨어 개발 및 공급업,2000-09-20,12월
(주)크리에이티브리더스그룹에이트,"Creative Leaders Group Eight, Co. Ltd",크리에이티브리더스그룹에이트, ,송병준,기타법인,110111-3453810,107-86-78481,서울특별시 용산구 이태원로15길 30-20 (이태원동), ,,방송 프로그램 제작업,2006-05-09,12월
크리에이티브멋,CREATIVEMUT,크리에이티브멋, ,김태환,기타법인,110111-7700407,302-88-02178,서울특별시 강남구 학동로44길 47-6,www.creativemut.com,,광고 영화 및 비디오물 제작업,2020-11-30,12월
주식회사 크리에이티브엑스,Creative X Co.. Ltd,크리에이티브엑스, ,조원주,기타법인,110111-5983352,178-87-00304,"서울특별시 서초구 서초대로38길 12 마제스타시티 타워2, 9층", ,,그 외 기타 정보 서비스업,2016-03-01,12월
주식회사 크리허브,Creahub.Inc,크리허브, ,박종학,기타법인,110111-5571735,264-81-45406,"서울특별시 마포구 월드컵북로 375 (상암동, DMC이안상암1단지) 2905호",www.creahub.net,,방송 프로그램 제작업,2014-11-24,12월
주식회사크립토케어,"CRYPTO CARE Co., Ltd.",크립토케어, ,김준성,기타법인,110111-8360523,822-81-02561,"서울특별시 강남구 논현로76길 16 (역삼동, 역삼동빌딩) 4층 1호", ,,그 외 기타 정보 서비스업,2022-07-08,12월
주식회사 크몽,"Kmong Co.,Ltd.",크몽, ,박현호,기타법인,191111-0054234,613-81-65278,"서울특별시 서초구 사임당로 157 3층(서초동, 릿타워)",https://kmong.com/,,데이터베이스 및 온라인정보 제공업,2012-06-01,12월
(주)큰사람커넥트,"GHCONNECT.co.,ltd",큰사람커넥트, ,김병노,기타법인,110111-1292509,102-81-40272,"서울특별시 구로구 디지털로26길 61 1303,1304호(구로동, 에이스하이엔드타워2차)",www.ghconnect.co.kr,,통신 재판매업,1996-07-04,12월
큰틀정보기술(주),"Keunteul Information Technology co.,ltd",큰틀정보기술, ,한창민,기타법인,110111-1801425,105-86-04697,서울특별시 마포구 도화동 250-4 근신빌딩신관,www.KIT2000.co.kr,,시스템 소프트웨어 개발 및 공급업,1999-11-03,06월
주식회사 클라리파이,ClariPI Inc,클라리파이, ,김종효,기타법인,110111-5636373,101-87-01564,"서울특별시 종로구 이화장1길 11 2~4층(이화동, 영광빌딩B동)", ,,응용 소프트웨어 개발 및 공급업,2015-02-06,12월
(주)클라스타,"Clustar Co.,Ltd.",클라스타,037550,정종근,기타법인,110111-0703367,214-81-51484,서울특별시 송파구 삼전동163-16 302호 ,www.clstar.kr,,시스템 소프트웨어 개발 및 공급업,1990-06-08,12월
(주)클라우드게이트,CLOUDGATE CORP.,클라우드게이트, ,오동석,기타법인,110111-5607283,119-87-05144,"서울특별시 강남구 언주로 537 14층(역삼동, 코스토리타워)",www.legendbaseball.co.kr,,게임 소프트웨어 개발 및 공급업,2015-01-06,12월
클라우드그램 주식회사,CLOUDGRAM CORPORATION,클라우드그램, ,이주완,기타법인,110111-7300611,775-81-01422,"서울특별시 강남구 테헤란로26길 14 5층(역삼동, 대세빌딩)", ,,호스팅 및 관련 서비스업,2019-11-11,12월
주식회사클라우드나인,Cloud9 co. Ltd.,클라우드나인, ,박원석,기타법인,110111-1907299,201-81-29477,서울특별시 중구 남산동3가 34-5, ,,시스템 소프트웨어 개발 및 공급업,2000-03-15,12월
(주)클라우드네트웍스,"Cloud Networks Co., Ltd.",클라우드네트웍스, ,정흥균,기타법인,110111-4765511,211-88-71684,"서울특별시 강남구 영동대로96길 20 10층 (삼성동, 대화빌딩)",www.cloudnetworks.co.kr,,컴퓨터시설 관리업,2012-01-02,12월
클라우드캐시 주식회사,"Cloudcash Co,.Ltd.",클라우드캐시, ,최정훈,기타법인,110111-6812104,374-81-01307,"서울특별시 강남구 테헤란로 507 (삼성동, WeWork빌딩) 11층 103호",www.cloudcash.kr,,컴퓨터 프로그래밍 서비스업,2018-07-13,12월
클라우딩대부 주식회사,clouding loan,클라우딩대부, ,박재석,기타법인,110111-5849041,825-81-00261,경기도 이천시 영창로 128 (관고동), ,,데이터베이스 및 온라인정보 제공업,2015-10-29,12월
클라이맥스 스튜디오 주식회사,"Climax studio, inc.",클라이맥스스튜디오, ,변승민,기타법인,110111-6921004,188-81-01201,"서울특별시 강남구 언주로152길 8 (신사동, 유일빌딩)", ,,일반 영화 및 비디오물 제작업,2018-11-09,12월
주식회사 클라이온,"Claion. Co., Ltd.",클라이온, ,박윤지,기타법인,110111-7731554,630-87-02251,"서울특별시 용산구 서빙고로 17 (한강로3가) 804,805", ,,컴퓨터시스템 통합 자문 및 구축 서비스업,2021-01-06,12월
주식회사 클래스101,CLASS101 Inc.,클래스101, ,공대선,기타법인,230111-0245786,457-81-00277,"서울특별시 강남구 테헤란로 302 (역삼동, 위워크타워) 1-12, 13층", ,,응용 소프트웨어 개발 및 공급업,2015-09-01,12월
(주)클러쉬,Clush Inc.,클러쉬, ,임정순,기타법인,110111-5612026,113-86-94225,"서울특별시 강남구 테헤란로20길 9 (역삼동, 동궁빌딩)", ,,컴퓨터시스템 통합 자문 및 구축 서비스업,2015-01-12,12월
클럽인터넷,"CLUBINTERNET CO., LTD",클럽인터넷, ,문주,기타법인,110111-1808405,117-81-25803,서울특별시 서초구 서초동 1443-162층,www.clubinternet.co.kr,,시스템 소프트웨어 개발 및 공급업,1999-11-22,12월
클로버게임즈 주식회사,Clover Games Corp.,클로버게임즈, ,윤성국,기타법인,110111-6598415,435-81-01029,"서울특별시 서초구 서초대로74길 14 (서초동, 삼성화재서초타워) 7층",https://www.clover.games,,모바일 게임 소프트웨어 개발 및 공급업,2017-12-14,12월
주식회사 클로버세븐,"Clover 7 Co., Ltd.",클로버세븐, ,정길모,기타법인,110111-4557306,206-86-53579,"서울특별시 강남구 논현로132길 6 (논현동, 미래빌딩)", ,,시스템ㆍ응용 소프트웨어 개발 및 공급업,2011-03-16,12월
유한회사 클로버에잇,Clover 8 Limited,클로버에잇, ,조의행,기타법인,110114-0136760,261-81-01850,"서울특별시 강남구 논현로132길 6 (논현동, 미래빌딩)", ,,시스템ㆍ응용 소프트웨어 개발 및 공급업,2013-10-22,12월
주식회사 클로버추얼패션,CLO Virtual Fashion Inc.,클로버추얼패션, ,"오승우, 부정혁",기타법인,110111-4032465,105-87-27625,서울특별시 강남구 도산대로8길 17-4 (논현동),www.clo3d.com,,응용 소프트웨어 개발 및 공급업,2009-01-21,12월
주식회사 클로봇,"CLOBOT Co., Ltd.",클로봇,466100,김창구,코스닥시장,110111-6394954,354-86-00594,"경기도 성남시 분당구 성남대로925번길 16, 701호",clobot.co.kr,,시스템 소프트웨어 개발 및 공급업,2017-05-08,12월
주식회사 클로잇,"CloIT Co., Ltd.",클로잇, ,박진국,기타법인,110111-8286977,640-81-02687,"서울특별시 강남구 영동대로106길 5 (삼성동, 아이파크타워2)",cloit.com,,응용 소프트웨어 개발 및 공급업,2022-05-03,12월
(주)클루넷,"CLUNET CO.,LTD",클루넷,067130,박은탁,기타법인,110111-2523010,214-87-11897,"서울특별시 구로구 디지털로26길 5 (구로동, 에이스하이엔드타워1차) 1201호",www.clunet.co.kr,www.clunet.co.kr,기타 정보기술 및 컴퓨터운영 관련 서비스업,2002-05-14,12월
(주)클루닉스,"CLUNIX, Inc.",클루닉스, ,"권대석, 서진우",기타법인,110111-1864473,119-81-35272,"서울특별시 영등포구 경인로 775 (문래동3가, 에이스하이테크시티) 1-1206", ,,소프트웨어 개발 및 공급업,2000-01-29,12월
(주)클루커스 ,"CLOOCUS Co.,Ltd ",클루커스, ,홍성완,기타법인,110111-6920717,261-87-01129,"서울특별시 강남구 논현로75길 6 (역삼동, 에비뉴75)", ,,컴퓨터시스템 통합 자문 및 구축 서비스업,2018-12-21,12월
(주)클릭커뮤니케이션,CLIC COMMUNICATION CO.'LTD.,클릭커뮤니케이션, ,강기천,기타법인,110111-1645774,220-81-58255,서울특별시 강남구 신사동 588-21번지(강남빌딩 6층),www.clic.co.kr,,시스템 소프트웨어 개발 및 공급업,1999-02-04,12월
(주)클릭큐,ClickQ Inc.,클릭큐, ,신재균,기타법인,110111-1426398,207-81-49511,서울특별시 강남구 삼성동 144-1 시몬느빌딩 9층,www.clickq.com,,시스템 소프트웨어 개발 및 공급업,1997-06-13,12월
(주)클릭히어,"CLICK HERE  CO.,LTD.",클릭히어, ,조두금,기타법인,110111-1667942,229-81-37048,서울특별시 송파구 방이동 44-3 현대토픽스빌딩 8층,http://www.clickhere.co.kr,,컴퓨터시스템 통합 자문 및 구축 서비스업,1999-04-01,12월
주식회사 클콩,"superbean Co., Ltd",클콩, ,이주원,기타법인,110111-4768101,106-86-83768,경기도 화성시 동탄대로23길 93 (영천동) 509, ,,광고 영화 및 비디오물 제작업,2012-01-07,12월
키네마스터(주),KineMaster Corporation,키네마스터,139670,"홍기태, 송광은(공동대표)",코스닥시장,110111-2605793,120-86-41987,"서울특별시 서초구 반포대로24길 21 1, 2층",www.kinemastercorp.com,,응용 소프트웨어 개발 및 공급업,2002-09-09,12월
(주)키다리스타,"KidariStar Co., Ltd.",키다리스타, ,김영훈,기타법인,110111-4638263,113-86-50023,"경기도 용인시 수지구 디지털벨리로 81 (죽전동, 다우기술) 6층", ,,모바일 게임 소프트웨어 개발 및 공급업,2011-07-01,12월
(주)키다리스튜디오,"KidariStudio, Inc.",키다리스튜디오,020120,"허흥범, 박건원 (각자대표)",유가증권시장,110111-0539382,106-81-49784,서울특별시 성동구 연무장11길 8 성수2가 273-50,www.kidaristudio.com,,"자료처리, 호스팅, 포털 및 기타 인터넷 정보매개 서비스업",1987-07-29,12월
주식회사 키다리이엔티,KIDARIENT CORP.,키다리이엔티, ,김영훈,기타법인,110111-5936591,254-81-00227,"서울특별시 영등포구 여의나루로4길 18 (여의도동, 키움파이낸스스퀘어)",www.kidarient.com,,"영화, 비디오물 및 방송프로그램 배급업",2016-01-01,12월
키룹코리아주식회사,"Keyloop Korea Co.,Ltd",키룹코리아, ,토마스애드워드킬로이,기타법인,110111-3347922,220-87-20412,"서울특별시 서초구 강남대로 279 (서초동, 백향빌딩) 6층", ,,컴퓨터시스템 통합 자문 및 구축 서비스업,2006-11-29,12월
주식회사 키링,keyring,키링, ,김봉호,기타법인,110111-5289651,261-81-04478,서울특별시 강남구 테헤란로20길 20 (역삼동), ,,애니메이션 영화 및 비디오물 제작업,2013-12-12,12월
주식회사 키미이에스,KIMIES CORPORATION,키미이에스, ,이지우,기타법인,110111-5014868,113-86-66433,"서울특별시 구로구 디지털로33길 28 (구로동, 우림이비지센터1차) 1114호",www.kimies.co.kr,,시스템 소프트웨어 개발 및 공급업,2012-12-03,12월
 키스텔주식회사,Kistel Inc,키스텔, ,김승일,기타법인,110111-1881203,220-81-78396,서울특별시 영등포구 문래동3가 54-66 에이스하이테크시티 2동 1804호, ,,"컴퓨터 프로그래밍, 시스템 통합 및 관리업",2000-02-17,12월
(주)키오스크테크놀로지,Kiosk Technologies Corporation,키오스크테크놀로지, ,김대영,기타법인,110111-3233634,215-86-71455,서울특별시 송파구 가락동 154-1번지 4층,www.idc.co.kr,,시스템 소프트웨어 개발 및 공급업,2005-05-23,12월
주식회사 키위컴퍼니,KIWI COMPANY,키위컴퍼니, ,정철웅,기타법인,110111-1703655,220-81-66565,서울특별시 용산구 소월로2나길 33 엘에이치빌딩(후암동),www.kiwi.co.kr,,컴퓨터 프로그래밍 서비스업,1999-05-27,12월
키위플주식회사,-,키위플, ,신의현,기타법인,110111-4151744,211-88-30679,서울특별시 서초구 서초대로46길 92 (서초동) 에스티 1566 빌딩 1-5층, ,,"컴퓨터 프로그래밍, 시스템 통합 및 관리업",2013-07-10,12월
(주)키이스트,"KEYEAST Co., Ltd.",키이스트,054780,조지훈,코스닥시장,110111-1327869,120-81-66644,서울특별시 강남구 학동로11길 30 -,www.keyeast.co.kr,,"영화, 비디오물 및 방송프로그램 배급업",1996-10-08,12월
(주)키즈노트,"kidsnote, inc",키즈노트, ,최장욱,기타법인,110111-4855833,108-86-01122,"경기도 성남시 분당구 판교역로 235 4층(삼평동, 에이치스퀘어엔동)", ,,출판업,2012-04-26,12월
(주)키즈엠,"KIZM CO., LTD",키즈엠, ,박형만,기타법인,285011-0139936,128-86-28784,"서울특별시 금천구 가산디지털1로 181 1114호(가산동, 가산더블유센터)",www.kizm.co.kr,,일반 서적 출판업,2008-02-01,12월
주식회사 키텔,kitel,키텔, ,박관우,기타법인,110111-1549322,117-81-21641,서울특별시 서초구 서초동 1533 한신리빙타워 301호,www.kitel.co.kr,,통신 재판매업,1998-05-25,12월
주식회사 키토크에이아이,Keytalk AI Inc. ,키토크에이아이, ,도준웅,기타법인,110111-5556901,220-88-90953,"서울특별시 강남구 테헤란로5길 7 (역삼동, KGTower) 12-109",https://www.keytalkai.com/,,그 외 기타 정보 서비스업,2014-11-05,12월
(주)키트, ,키트, ,이광한,기타법인,115911-0017452,128-81-31867,서울특별시 송파구 석촌동 282-2 서광빌딩 2층, ,,시스템 소프트웨어 개발 및 공급업,1997-11-21,12월
(주)키트맨,KITMAN,키트맨, ,노진우,기타법인,110111-1540221,108-81-27995,서울특별시 동작구 흑석동 143-46 201호,http://www.kitman.com,,데이터베이스 및 온라인정보 제공업,2001-04-18,12월
주식회사 키페어,Keypair Co. Ltd.,키페어, ,"이정엽, 이창근",기타법인,131111-0291812,129-86-65652,"서울특별시 강남구 역삼로 169 (역삼동, 명우빌딩) 7층, (주)키페어",www.keypair.co.kr,,소프트웨어 개발 및 공급업,2011-09-15,12월
킨컴퍼니 주식회사,"KIN Company Co., Ltd",킨컴퍼니, ,김동하,기타법인,110111-0921623,761-87-03383,"서울특별시 강남구 언주로129길 6 (논현동, SH빌딩) 5층 502-58호", ,,"영화, 비디오물 및 방송프로그램 배급업",2025-03-25,12월
(주)타운넷,TownNet Co. ltd,타운넷, ,박인철,기타법인,110111-1850133,220-81-74497,서울특별시 강남구 신사동 527-1 건설산업교육원 2층,www.townnet.co.kr,,데이터베이스 및 온라인정보 제공업,2000-01-12,12월
타이거솔루션주식회사,Tiger Solutions Inc.,타이거솔루션, ,"김지섭, 김학선",기타법인,135311-0004217,123-81-56368,경기도 과천시 별양동 1-13 제일쇼핑 506호,www.tigersol.com,,시스템 소프트웨어 개발 및 공급업,2000-04-20,12월
(주)타이거컴퍼니,TigerCompany Inc,타이거컴퍼니, ,김범진,기타법인,110111-4564195,105-87-55645,"서울특별시 송파구 법원로 128 (문정동, 문정역SKV1) B동 1707~1710호",www.tigris.cloud,,응용 소프트웨어 개발 및 공급업,2011-03-24,12월
타이거풀스 스나이(주),"Tiger Pools SNAI Co., Ltd.",타이거풀스스나이, ,송재빈,기타법인,110111-1907968,107-81-79210,서울특별시 강남구 역삼동 825 타이거풀스빌딩 3층,www.tigerpools.co.kr,,시스템 소프트웨어 개발 및 공급업,2000-03-15,12월
타이그리스제일호 유한회사,Tigris No.1 Limited,타이그리스제일호, ,김석원,기타법인,110114-0285228,293-81-02384,서울특별시 강남구 언주로152길 7 2층(신사동), ,,"컴퓨터 프로그래밍, 시스템 통합 및 관리업",2021-10-25,12월
(주)타이탄플랫폼,TITANPLATFORM,타이탄플랫폼, ,윤재영,기타법인,120111-0590233,131-86-32834,"서울특별시 강남구 테헤란로 146 (역삼동, 현익빌딩) 7층",www.titanplatform.net/,,시스템 소프트웨어 개발 및 공급업,2011-12-01,12월
(주)타이호인스트,"Taiho  Inst . Co, Ltd",타이호인스트, ,정희영,기타법인,110111-3280487,101-86-16959,"서울특별시 구로구 디지털로33길 55 804호(구로동, 이앤씨벤처드림타워2차)", ,,컴퓨터 프로그래밍 서비스업,2005-08-01,12월
주식회사 타인에이아이,"TAINAI, INC.",타인에이아이, ,이수완,기타법인,110111-7510046,419-87-01728,서울특별시 강남구 강남대로114길 20 (논현동) 3층,www.tain.ai/,,응용 소프트웨어 개발 및 공급업,2020-06-05,12월
(주)타임게이트,"Timegate Co.,LTD.",타임게이트, ,전화재,기타법인,110111-3649534,214-88-06130,"서울특별시 성동구 아차산로 17 (성수동1가, 서울숲L-Tower) 11층",www.time-gate.com,,시스템 소프트웨어 개발 및 공급업,2007-03-29,12월
주식회사 타임기술,TIME Technical Support. ltd,타임기술,318660,주양효,코넥스시장,194211-0291237,864-86-00956,"경상남도 창원시 성산구 완암로 50, 메카동 813호 (성산동, SK테크노파크)",timett.co.kr,,소프트웨어 개발 및 공급업,2018-10-01,12월
주식회사 타임소프트,TIMESOFT.CO.LTD,타임소프트, ,김철희,기타법인,110111-2747355,106-86-18345,"서울특별시 금천구 가산디지털1로 24 (가산동, 대륭테크노타운13차) 504-505호",www.timesoft.co.kr,,시스템ㆍ응용 소프트웨어 개발 및 공급업,2003-03-28,12월
(주)타임스토리그룹,"TIMESTORYGROUP CO.,LTD.",타임스토리그룹, ,김명은,기타법인,110111-3651563,105-87-07629,"서울특별시 강남구 언주로 425 (역삼동,재송빌딩4층)",www.timestorygroup.com,,"영화, 비디오물, 방송프로그램 제작 및 배급업",2007-04-03,12월
주식회사 타키온비앤티,"TACHYON B&T CO., LTD.",타키온비앤티, ,강덕호,기타법인,110111-6750320,198-86-00994,"서울특별시 강남구 테헤란로70길 14-8 A동 6층(대치동, 세왕개발빌딩)",www.tachyonbnt.com,,소프트웨어 개발 및 공급업,2018-05-15,12월
(주) 타파스미디어코리아 ,Tapas Media Korea Inc,타파스미디어코리아, ,김창원,기타법인,120111-0670035,121-86-27635,"서울특별시 서초구 강남대로 373 (서초동, 홍우빌딩)",tapas.io,,만화 출판업,2013-08-01,12월
주식회사 타파스엔터테인먼트코리아,"Tapas entertainment Co, Ltd.",타파스엔터테인먼트코리아, ,강정구,기타법인,110111-6074374,615-88-00343,"서울특별시 서초구 강남대로 373 (서초동, 홍우빌딩)", ,,기타 인쇄물 출판업,2016-05-27,12월
(주)탑센,TOPSEN,탑센, ,박병묵,기타법인,110111-3504499,214-87-94374,서울특별시 강남구 도곡1동 양재캠코 타워 10층, ,,무선 및 위성 통신업,2006-08-03,12월
탑앤와이즈(주),"Topnwise, Inc.",탑앤와이즈, ,안상원,기타법인,110111-1572422,214-86-25093,서울특별시 강남구 논현동 49-4 쌍방울빌딩 9층,www.topnwise.com,,시스템 소프트웨어 개발 및 공급업,1998-08-05,12월
탑엔드정보기술(주),Top-end Technology Inc,탑엔드정보기술, ,김충기,기타법인,110111-2735996,220-86-59448,서울특별시 강남구 삼성동120-8 해평빌딩 6층,www.top-end.co.kr,,시스템 소프트웨어 개발 및 공급업,2003-03-12,12월
주식회사 탑웨어,topware corporation,탑웨어, ,이경석,기타법인,110111-3145160,211-87-59586,"서울특별시 영등포구 선유로 146 (양평동3가, 이앤씨드림타워)401호", ,,컴퓨터시스템 통합 자문 및 구축 서비스업,2005-01-06,12월
(주)탑코,"TOPCO CO.,LTD",탑코, ,유정석,기타법인,110111-5325603,113-86-80702,"서울특별시 강남구 테헤란로 509 (삼성동, 엔씨타워I) 9층",www.toptoon.com,,만화 출판업,2014-01-24,12월
주식회사 탑코미디어,"Topco Media Co.,Ltd.",탑코미디어,134580,유정석,코스닥시장,110111-3615121,220-87-42930,"서울특별시 구로구 디지털로26길 38 8층(구로동, 지타워)",www.topcomedia.co.kr,,"자료처리, 호스팅, 포털 및 기타 인터넷 정보매개 서비스업",2007-02-06,12월
탑헤드(주),"TOPHEAD Co. , Ltd.",탑헤드, ,이은석,기타법인,110111-1321283,112-81-43863,서울특별시 서초구 양재동 60번지 일동제약빌딩 2층,tophead.com,,데이터베이스 및 온라인정보 제공업,1996-10-01,12월
태건에스앤아이(주),"TAEGUN S&I Co.,Ltd",태건에스앤아이, ,김영도,기타법인,110111-4796657,211-88-73149,"서울특별시 성동구 성수일로8길 5 (성수동2가, 서울숲SKV1TOWER) A동 509호",taegunsni.co.kr,,컴퓨터시설 관리업,2020-02-15,12월
태남자동화기기(주),"Taenam AMC Co., LTD                           C",태남자동화기기, ,조택래,기타법인,110111-1468845,120-81-76458,서울특별시 강남구 역삼동 769-9 디지탈퍼스트빌딩 3층,http://www.taenam.co.kr,,컴퓨터시스템 통합 자문 및 구축 서비스업,1997-10-02,12월
(주) 태신인팩,taeshin inpack co.kr,태신인팩, ,서명현,기타법인,134111-0005848,138-81-06292,서울특별시 금천구 범안로 1121 태신인팩,inpack.co.kr,,기타 인쇄물 출판업,1975-08-26,12월
태안비치골프텔(주),TAEANBEACHGOLFTEL.CO.LTD,태안비치골프텔, ,백규현,기타법인,165111-0006906,316-81-09899,"충청남도 태안군 근흥면 갈음이길 77 (정죽리, 카밀리아하우스)", ,,자료 처리업,2007-07-01,12월
주식회사 태양의 제국,empire of sun,태양의제국, ,김미경,기타법인,194211-0240755,541-88-00076,"경상남도 진주시 진주대로 1057 (대안동, Mallage1030)", ,,영화관 운영업,2015-04-22,12월
(주)태울코리아,"TAEWOOL ENTERTAINMENT Co.,LTD.",태울코리아, ,조현태,기타법인,160111-0044547,314-81-11180,"서울특별시 서초구 강남대로 331 (서초동, 서초동광일빌딩) 4층",taewool.co.kr,,시스템 소프트웨어 개발 및 공급업,1994-12-19,12월
(주)태원에프앤엠,"Taewon Film & Music Co,.Ltd",태원에프앤엠, ,태정호,기타법인,110111-1169493,120-81-65650,서울특별시 강남구 논현2동 93 대동빌딩 10층,www.taewonent.co.kr,,일반 영화 및 비디오물 제작업,1995-06-21,12월
(주)태원엔터테인먼트,"TAEWON ENTERTAINMENT Co.,Ltd.",태원엔터테인먼트, ,정재희,기타법인,110111-3957383,211-88-19126,서울특별시 강남구 신사동 626-78 램프빌딩 2층, ,,일반 영화 및 비디오물 제작업,2008-08-22,12월
(주)태진인포텍,"TAEJIN INFOTECH CO.,LTD.",태진인포텍, ,조병철,기타법인,110111-1358715,106-81-64956,서울특별시 용산구 녹사평대로11길 24 (서빙고동) 남경빌딩2층,www.taejin.co.kr,,시스템 소프트웨어 개발 및 공급업,1996-12-30,12월
주식회사 태현에스디,Taehyun SD CORP.,태현에스디, ,김응태,기타법인,134211-0170178,521-86-00253,경기도 광주시 중앙로 89 (역동), ,,영화관 운영업,2015-11-13,12월
태흥영화 주식회사, ,태흥영화, ,이태원,기타법인,110111-0113285,203-81-03207,서울특별시 용산구 한남동 3-1, ,,일반 영화 및 비디오물 제작업,1971-04-08,12월
(주)택스온넷,TAXONNET,택스온넷, ,손경식,기타법인,110111-3369512,113-86-02443,서울특별시 구로구 구로3동 E.BI2차 805호,www.taxonnet.co.kr,,시스템 소프트웨어 개발 및 공급업,2005-12-30,12월
터울(주),"Teoul Co., Ltd.",터울, ,신승호,기타법인,110111-7031729,317-87-01363,"서울특별시 동작구 현충로 75 (흑석동, 원불교100년기념관및역사문화기념관) 4층 5호", ,,시스템 소프트웨어 개발 및 공급업,2019-03-05,12월
주식회사 터칭,touching,터칭, ,이평수,기타법인,220111-0099820,616-86-03863,제주특별자치도 제주시 구산로 4 (아라일동) 메가타워, ,,영화관 운영업,2013-12-21,12월
(주)터틀,Turtl Corp.,터틀, ,김은선,기타법인,110111-7275012,624-87-01878,"서울특별시 강남구 언주로86길 12 (역삼동, 현대까르띠에710아파트)", ,,응용 소프트웨어 개발 및 공급업,2019-10-30,12월
(주)터틀이엔티, Turtle ENT,터틀이엔티, ,신운철,기타법인,110111-1841306,120-81-98054,서울특별시 강남구 역삼동 971-12 지하1층,http://turtlefilm.com,,일반 영화 및 비디오물 제작업,1999-12-30,03월
(주)테라벨류테크놀로지,"TeraValue Technology Co.,Ltd",테라벨류테크놀로지, ,이용범,기타법인,131111-0050789,129-81-35833,경기도 성남시 분당구 구미동 18 시그마II A-556,WWW.teravalue.com,,시스템 소프트웨어 개발 및 공급업,2000-06-29,12월
(주)테라소프트,TERRASOFT Corporation,테라소프트, ,예병호,기타법인,110111-1064685,116-81-34895,서울특별시 서초구 서초동 1595-3,http://www.terrasoft.co.kr,,시스템 소프트웨어 개발 및 공급업,1994-08-06,12월
(주)테라스테크놀로지,"Terrace Technologies, Inc.",테라스테크놀로지, ,어진선,기타법인,110111-2000464,206-81-27154,서울특별시 구로구 구로3동 182-13 대륭포스트타워2차 701호,www.terracetech.com,,시스템 소프트웨어 개발 및 공급업,2006-06-19,12월
(주)테라정보보호,TERA Information Security,테라정보보호, ,정화영,기타법인,110111-5340445,107-88-12576,"서울특별시 영등포구 영신로 220 1310호 (영등포동8가, KnK디지털타워)", ,,시스템 소프트웨어 개발 및 공급업,2014-02-18,12월
주식회사 테라핀,"Terapin, Inc.",테라핀, ,유영학,기타법인,110111-7196507,261-88-01446,"서울특별시 강남구 테헤란로38길 12 5층 (역삼동, 디앤와이빌딩)",www.copin.co.kr,,애니메이션 영화 및 비디오물 제작업,2019-08-07,12월
테라핀스튜디오 주식회사,"Terapin Studios, Inc.",테라핀스튜디오, ,사무엘 황(Samuel Hwang),기타법인, ,87-294582,미국 델라웨어주 뉴캐슬 웰밍턴 오렌지 스트리트 1209, ,,포털 및 기타 인터넷 정보매개 서비스업,2021-09-13,12월
주식회사 테라핀테크,"TERA FINTECH Co.,Ltd.",테라핀테크, ,양태영,기타법인,110111-5585281,264-81-47480,"서울특별시 강남구 테헤란로27길 16 11층 (역삼동, BMY역삼타워)",www.terafunding.com,,데이터베이스 및 온라인정보 제공업,2014-12-10,12월
주식회사 테스시스템,TES SYSTEM Inc.,테스시스템, ,정준유,기타법인,110111-6225399,868-88-00516,"서울특별시 강남구 강남대로128길 20 (논현동, 영동프라자) 9층", ,,시스템 소프트웨어 개발 및 공급업,2016-11-01,12월
주식회사 테스트웍스,Testworks Inc.,테스트웍스, ,윤석원,기타법인,110111-5750909,517-88-00087,"서울특별시 송파구 백제고분로41길 42-19 (송파동, 더블유123빌딩) 2층~5층",www.testworks.co.kr/,,응용 소프트웨어 개발 및 공급업,2015-06-18,12월
주식회사 테스트이앤씨,TEST E&C,테스트이앤씨, ,이지영,기타법인,110111-4765884,220-88-30431,"서울특별시 강남구 테헤란로 124 (역삼동, 삼원타워), 905호", ,,응용 소프트웨어 개발 및 공급업,2012-01-01,12월
주식회사 테오,TEO corp.,테오, ,이승준,기타법인,110111-8131685,837-81-02466,"서울특별시 마포구 월드컵북로 396 (상암동, 누리꿈스퀘어) 21층", ,,방송 프로그램 제작업,2021-12-16,12월
(주)테이블엔조이,"TABLENJOY,INC.",테이블엔조이, ,최종필,기타법인,110111-4288224,113-86-37001,"서울특별시 구로구 디지털로26길 111 (구로동, 제이앤케이디지털타워)",www.tablenjoy.com,,데이터베이스 및 온라인정보 제공업,2010-02-22,12월
(주)테이크원스튜디오,Takeone Studio,테이크원스튜디오, ,"정민채, 이상윤",기타법인,110111-7826427,446-87-01943,서울특별시 강남구 봉은사로55길 14 (삼성동),www.takeonestudio.co.kr,,정보서비스업,2021-03-23,12월
(주)테이크원컴퍼니,"Takeone Company Co., Ltd.",테이크원컴퍼니, ,정민채,기타법인,110111-5964469,371-81-00333,"서울특별시 강남구 봉은사로 327 (논현동, 궁도빌딩) 6층",www.takeonecompany.com,,모바일 게임 소프트웨어 개발 및 공급업,2016-02-01,12월
주식회사 테인스밸리,TeinsValley,테인스밸리, ,유종국,기타법인,110111-1126047,219-81-18442,"서울특별시 구로구 디지털로30길 31 (구로동, 코오롱디지털타워빌란트2차) 709호", ,,응용 소프트웨어 개발 및 공급업,1995-02-06,12월
(주)테크노하우스,"TECHNOHOUSE CO.,LTD.",테크노하우스, ,안광현,기타법인,110111-1152555,105-81-78684,서울특별시 용산구 서계동 주연빌딩 3층,www.technohouse.co.kr,,시스템 소프트웨어 개발 및 공급업,1995-04-27,12월
테크니컬러코리아 유한회사,Technicolor Korea Yuhan Hoesa,테크니컬러코리아, ,죠지마리자크모리스라플랑슈,기타법인,110114-0200581,812-86-00649,경기도 성남시 분당구 구미로 8 (구미동)6층 테크니컬러코리아,https://www.technicolor.com/,,시스템 소프트웨어 개발 및 공급업,2017-03-27,12월
주식회사 테크다임,Techdigm Corporation,테크다임, ,허지웅,기타법인,180111-0208991,604-81-31963,부산광역시 부산진구 범천1동 877-2 사학연금회관 13층,www.techdigm.co.kr,,시스템 소프트웨어 개발 및 공급업,1996-06-25,12월
테크빌교육(주), Tekville Education Inc,테크빌교육, ,이형세,기타법인,110111-2163907,220-86-05258,서울특별시 강남구 언주로 551 8층(역삼동),www.tekville.com,,데이터베이스 및 온라인정보 제공업,2001-02-05,12월
테크서치주식회사,TechSearch Corporation,테크서치, ,신수덕,기타법인,110111-1577282,214-86-25297,서울특별시 서초구 방배4동 880-3 영일빌딩 2층,www.techsearch.co.kr,,컴퓨터시스템 통합 자문 및 구축 서비스업,1998-08-20,12월
테크포인트주식회사,TECPOINT.CO.LTD,테크포인트, ,원호석,기타법인,110111-0996053,114-81-56097,서울특별시 강남구 역삼동 823 풍림빌딩908호,tecpoint.co.kr,,컴퓨터시스템 통합 자문 및 구축 서비스업,1994-01-01,12월
(주)테크플러스,Techplus,테크플러스, ,김태우,기타법인,110111-6507010,743-87-00675,"서울특별시 서초구 양재대로2길 22-16 (우면동, 호반파크1관) 7층",blog.naver.com/tech-plus,,포털 및 기타 인터넷 정보매개 서비스업,2017-09-04,12월
텐센트모빌리티리미티드,Tencent Mobility Limited,텐센트모빌리티리미티드, ,Ma Huateng,기타법인, ,42242,"Wanchai, Hong Kong  SAR 29/F Three Pacific Place, No.1 Queen’s Road East,", ,,응용 소프트웨어 개발 및 공급업,2012-02-29,12월
텐센트뮤직엔터테인먼트 홍콩 리미티드,TENCENT MUSIC ENTERTAINMENT HONG KONG LIMITED,텐센트뮤직엔터테인먼트홍콩리미티드, ,Pang Kar Shun Cussion,기타법인, ,53827,"Wanchai, Hong Kong Room 316, 3F, Wanchai Hang Seng Building, 200 Hennessy Road,", ,,오디오물 제공 서비스업,2012-07-06,12월
텐센트코리아 유한회사,Tencent Korea Yuhan Hoesa,텐센트코리아, ,LI  YAN(미합중국인 리얀),기타법인,110114-0098069,220-88-11846,"서울특별시 강남구 테헤란로 152 (역삼동, 강남파이낸스센터) 40층",tencent.co.kr/,,호스팅 및 관련 서비스업,2011-02-15,12월
주식회사 텐원더스,"10wonders co.,Ltd",텐원더스, ,이정훈,기타법인,110111-5936864,891-81-00292,"강원도 춘천시 서부대성로 12 1층 (소양로2가, 신동아아파트)",www.10wonders.com,,시스템 소프트웨어 개발 및 공급업,2016-01-06,12월
텐일레븐,TENELEVEN,텐일레븐, ,이호영,기타법인,110111-5362267,215-87-89758,"서울특별시 마포구 월드컵북로 396 (상암동, 누리꿈스퀘어) 연구개발타워 1001호", ,,응용 소프트웨어 개발 및 공급업,2014-03-12,12월
(주)텐커뮤니티,TEN Community,텐커뮤니티, ,정요한,기타법인,110111-1562027,117-81-22000,경기도 부천시 원미구 상동 448-1 뉴법조타운 801~4호,http://www.ten.co.kr,,자료 처리업,1998-07-03,12월
(주)텐핑,Tenping.Inc,텐핑, ,고준성,기타법인,110111-5631018,220-88-96563,서울특별시 강남구 강남대로136길 10 (논현동) 5층,tenping.kr,,포털 및 기타 인터넷 정보매개 서비스업,2015-01-30,12월
주식회사 텔레데이타코리아,"Teledata Korea Co., Ltd.",텔레데이타코리아, ,캘럽가우,기타법인,110111-4619148,120-87-69319,"서울특별시 중구 세종대로7길 43 16층,17층,18층,19층,20층,21층(순화동, 삼성생명SK순화빌딩)", ,,유선 통신업,2011-06-08,12월
텔레비전미디어코리아 주식회사,Television Media Korea Ltd. ,텔레비전미디어코리아, ,서성원,기타법인,110111-4362044,220-88-00825,서울특별시 강남구 테헤란로 152 강남파이낸스센터빌딩 7층 (역삼동), ,,프로그램 공급업,2010-06-01,12월
텔레킹,TELEKING Corp.,텔레킹, ,"M, THOMAS",기타법인, ,9792,"2627 MANHATAN BEACH BLVD #210 REDONDO BEACH, CA 92008",www.opicom.co.kr,,그 외 기타 전기 통신업,1999-01-08,12월
주식회사 텔레프리,"Telefree Co., Ltd.",텔레프리, ,한형남,기타법인,110111-1854903,220-81-74987,서울특별시 강남구 역삼2동 707-7 대아빌딩 2층,http://www.telefree.co.kr,,통신 재판매업,2000-01-18,12월
텔미정보통신(주),Telme Co. Ltd.,텔미정보통신, ,이동걸,기타법인,110111-1828388,106-81-84608,서울특별시 구로구 구로동 170-5 우림이비즈센터 906호,www.clickbell.com,,데이터베이스 및 온라인정보 제공업,1999-12-15,12월
텔스트라서비스코리아 주식회사,Telstra Services Korea Ltd.,텔스트라서비스코리아, ,니콜라스휴린제이홀즈워스,기타법인,110111-1714149,120-81-90085,"서울특별시 강남구 영동대로 511 (삼성동, 트레이드타워) 3602호",www.telstraglobal.com,,그 외 기타 전기 통신업,1999-07-01,06월
텔코웨어(주),"TELCOWARE CO.,LTD.",텔코웨어,078000,"금한태, 배성 (각자 대표이사)",유가증권시장,110111-1848394,120-81-97865,서울특별시 서초구  법원로3길 20-7,www.telcoware.com,,"자료처리, 호스팅, 포털 및 기타 인터넷 정보매개 서비스업",2000-01-11,12월
(주)토마토시스템,"TOMATOSYSTEM Co., Ltd.",토마토시스템,393210,조길주,코스닥시장,110111-2099425,214-86-70792,서울특별시 강남구 선릉로91길 10 -,tomatosystem.co.kr/,,소프트웨어 개발 및 공급업,2000-10-27,12월
주식회사 토마토클래식,tomatoclassic,토마토클래식, ,지성태,기타법인,110111-4469519,105-87-51033,서울특별시 마포구 양화진4길 32 (합정동), ,,프로그램 공급업,2010-11-11,12월
토미닉제일차,-,토미닉제일차, ,조한나,기타법인,110111-6747765,180-81-01186,"서울특별시 영등포구 여의대로 60 (여의도동, NH투자증권빌딩)", ,,"컴퓨터 프로그래밍, 시스템 통합 및 관리업",2018-05-11,12월
주식회사 토미스정보통신,TOMIS Information & Telecom Corp.,토미스정보통신, ,진영돈,기타법인,110111-0701551,116-81-46483,서울특별시 영등포구 여의도동 17-3 삼환까뮤빌딩 9층,www.tomis.co.kr,,시스템 소프트웨어 개발 및 공급업,1993-11-09,12월
(주)토세베라,"Tosebaera Co., Ltd.",토세베라, ,오형석,기타법인,110111-2003509,211-86-60825,서울특별시 강남구 신사동 660-18, ,,기타 인쇄물 출판업,2000-06-22,12월
토스모바일(주),"Toss Mobile CO.,Ltd",토스모바일, ,이승훈,기타법인,110111-4202406,106-86-67749,"서울특별시 금천구 가산디지털1로 145 (가산동, 에이스하이엔드타워3차) 508호, 1904호", ,,통신 재판매업,2009-10-21,12월
토스인컴 주식회사,Tossincome,토스인컴, ,박일용,기타법인,110111-7761277,481-87-02192,"서울특별시 강남구 테헤란로 134 (역삼동, 포스코타워역삼) 7층", ,,소프트웨어 개발 및 공급업,2021-01-25,12월
(주)토이소프트,"TOYSOFT Co.,Ltd",토이소프트, ,정석주,기타법인,200111-0109053,408-81-38000,서울특별시 강남구 역삼동 603-7 대림빌딩 5층,www.toysoft.co.kr,,게임 소프트웨어 개발 및 공급업,1999-12-20,03월
(주)토이온,TOIION,토이온, ,허준범 최윤석,기타법인,110111-3508326,120-87-05047,경기도 성남시 분당구 정자동 파크뷰 1401, ,,애니메이션 영화 및 비디오물 제작업,2006-08-10,05월
토이트론,TOYTRON,토이트론, ,배영숙,기타법인,110111-1780918,214-86-39791,서울특별시 서초구 효령로 236 (서초동),www.toytron.co.kr,,애니메이션 영화 및 비디오물 제작업,1999-10-01,12월
(주)토탈소프트뱅크,TOTAL SOFT BANK LTD.,토탈소프트,045340,최장수,코스닥시장,180111-0085076,601-81-18506,부산광역시 해운대구 반송로513번길 66-39(석대동),www.tsb.co.kr,,시스템 소프트웨어 개발 및 공급업,1989-01-14,12월
(주)토탈정보시스템,Totadata system co.Ltd,토탈정보시스템, ,이각윤,기타법인,110111-1407877,116-81-64235,서울특별시 영등포구 여의도동 한서오피스텔빌딩 1218호,http://www.totaldata.co.kr,,데이터베이스 및 온라인정보 제공업,1997-04-25,01월
주식회사 토토로사,TOTOROSA,토토로사, ,이동호,기타법인,120111-0587785,121-86-12786,"인천광역시 중구 영종대로 124 (운서동, 한정빌딩)",www.totorosa.com,,데이터베이스 및 온라인정보 제공업,2011-11-09,12월
토파스여행정보(주),"TOPAS CO., LTD.",토파스여행정보, ,곽진일,기타법인,110111-1674864,104-81-45671,서울특별시 중구 소공로 88 한진빌딩신관 19층,www.topas.net,,데이터베이스 및 온라인정보 제공업,1999-04-01,12월
(주)토픽이미지,TOPIC IMAGES,토픽이미지, ,이명조 김남훈,기타법인,110111-1082025,201-81-51737,서울특별시 중구 필동2가 19-5 토픽빌딩,www.topicimages.com,,데이터베이스 및 온라인정보 제공업,1994-10-05,06월
주식회사 톰슨로이터코리아,Thomson Reuters Korea Limited,톰슨로이터코리아, ,김준원,기타법인,110111-2107856,220-86-00665,"서울특별시 종로구 새문안로 82 10층 (신문로1가, 에스타워)",www.lawnb.com,,데이터베이스 및 온라인정보 제공업,2000-11-10,12월
톱파이브,"Top5 Co., Ltd.",톱파이브, ,맹정숙,기타법인,110111-1790529,113-81-56153,서울특별시 영등포구 대림동 706-3 2층,www.topfive.co.kr,,시스템 소프트웨어 개발 및 공급업,1999-10-15,12월
통로이미지 주식회사,TongRo Images Inc.,통로이미지, ,이철집,기타법인,110111-4750984,201-86-24458,서울특별시 중구 수표로 3-6 (충무로2가),https://www.tongro.co.kr,,데이터베이스 및 온라인정보 제공업,2011-12-15,12월
(주)통인물류정보통신,TONG-IN LOGISTICS DATA COMM.,통인물류정보통신, ,최효식,기타법인,110111-1274119,214-86-05189,서울특별시 서초구 서초동 1679-5,http://www.0123net.com,,컴퓨터시스템 통합 자문 및 구축 서비스업,1999-06-01,12월
주식회사 투네이션,"ToothLife co., Ltd.",투네이션, ,추연성,기타법인,110111-5421378,261-81-13002,"경기도 성남시 분당구 백현로 93 (수내동, 후너스빌딩) 11층 투스라이프",toothlife.co.kr,,응용 소프트웨어 개발 및 공급업,2014-05-22,12월
주식회사 투니드엔터테인먼트,"Tooneed Entertainment Co., Ltd",투니드엔터테인먼트, ,박철권,기타법인,110111-5153963,211-88-96142,서울특별시 마포구 양화로10길 19 (서교동) 4층 401호,www.tooneed.com,,데이터베이스 및 온라인정보 제공업,2013-06-18,12월
(주)투니버스,Tooniverse,투니버스, ,담철곤,기타법인,110111-1111296,120-81-54416,경기도 성남시 분당구 서현동 249-2,www.tooniverse.net,,프로그램 공급업,1994-12-22,12월
투니플레이,TOONIPLAY,투니플레이, ,이재용,기타법인,110111-5709998,161-81-00041,"서울특별시 강남구 언주로 527 3층(역삼동, 강남텔레피아빌딩)",tooniplay.co.kr/,,모바일 게임 소프트웨어 개발 및 공급업,2015-04-28,12월
(주)투데이게이트,TodayGate,투데이게이트, ,김익훈,기타법인,110111-3429358,113-86-04679,"서울특별시 금천구 디지털로9길 32 (가산동, 갑을그레이트밸리) 비동 804호",www.todaygate.co.kr,,컴퓨터시스템 통합 자문 및 구축 서비스업,2006-04-10,12월
투데이홀딩스주식회사,Today holdings corp.,투데이홀딩스, ,이성순,기타법인,110111-1896294,214-86-50670,서울특별시 서초구 남부순환로 2495, ,,소프트웨어 개발 및 공급업,2000-03-06,12월
(주)투라인클라우드,Twolinecloud Inc.,투라인클라우드, ,현승엽,기타법인,131111-0336650,144-81-10864,"경기도 성남시 분당구 성남대로331번길 11-3 (정자동, 여민빌딩) 5층",www.twolinecloud.com,,응용 소프트웨어 개발 및 공급업,2013-03-08,12월
(주)투미비티,"TumiBT Co.,Ltd",투미비티,058900,조상원,기타법인,110111-1170408,116-81-37010,서울특별시 강남구 역삼동 707-34번지 한신인터밸리24서관 2103호 ,www.mococo.com,,시스템 소프트웨어 개발 및 공급업,1995-06-23,12월
(주)투믹스,Toomics,투믹스, ,유영학,기타법인,110111-5405249,220-88-79282,"서울특별시 강남구 테헤란로98길 8 4층 (대치동, KOSMODAECHI)", ,,포털 및 기타 인터넷 정보매개 서비스업,2014-05-01,12월
(주)투믹스글로벌,"Toomics Global Co., Ltd.",투믹스글로벌, ,유영학,기타법인,110111-6840212,646-81-01158,"서울특별시 강남구 테헤란로98길 8 4층 (대치동, KOSMODAECHI)", ,,만화 출판업,2018-08-10,12월
(주)투바앤,TUBA n,투바앤, ,김광용,기타법인,120111-0318883,121-81-61190,"서울특별시 종로구 경희궁1길 1 (신문로2가, 주식회사투바앤)",www.tubaani.com,,애니메이션 영화 및 비디오물 제작업,2003-05-27,12월
투바이트 주식회사,2bytes Corporation,투바이트, ,함영철,기타법인,134111-0553235,631-86-01938,"경기도 안양시 동안구 시민대로327번길 24 5층 (관양동, 더프라임빌딩)",www.2bytescorp.com/ko/,,모바일 게임 소프트웨어 개발 및 공급업,2020-05-25,12월
주식회사 투비네트웍스글로벌,"ToBe Networks, Inc.",투비네트웍스글로벌, ,Wooho Yang,기타법인,134511-0217742,142-81-63647,경기도 용인시 처인구 포곡읍 성산로 434 (마성리) 3층, ,,무선 및 위성 통신업,2013-09-23,12월
(주)투비소프트,"TOBESOFT Co., Ltd.",투비소프트,079970,김모란희 단독대표,코스닥시장,110111-2021395,211-86-61993,"서울특별시 강남구 봉은사로 617 인탑스빌딩 3, 4, 5층 (삼성동)",www.tobesoft.com,,시스템 소프트웨어 개발 및 공급업,2000-07-10,12월
주식회사 투비소프트에이엑스,TOBESOFT AX,투비소프트에이엑스, ,김모란희,기타법인,110111-6997435,302-88-01280,서울특별시 강남구 봉은사로 617, ,,소프트웨어 개발 및 공급업,2019-01-25,12월
주식회사 투비시스템즈,TOBE SYSTEMS INC,투비시스템즈, ,장용희,기타법인,110111-1217804,211-86-18026,서울특별시 서초구 잠원동 46-10,www.tobesys.co.kr,,컴퓨터시스템 통합 자문 및 구축 서비스업,1995-11-29,12월
(주)투비웨이,TOBEWAY CO. LTD,투비웨이, ,오세창,기타법인,110111-2368276,220-86-23450,"서울특별시 강남구 영동대로106길 5 4층 (삼성동, 아이파크타워2)",www.tobeway.com,,응용 소프트웨어 개발 및 공급업,2001-11-05,12월
주식회사 투비콘,Tobecon Inc.,투비콘, ,노정한,기타법인,110111-5211092,211-88-99718,"서울특별시 중구 세종대로 136 (태평로1가, 파이낸스빌딩) 9층", ,,시스템ㆍ응용 소프트웨어 개발 및 공급업,2013-08-23,12월
(주)투썬디지털아이디어,"TWOSUN DIGITAL IDEA Co.,Ltd",투썬디지털아이디어, ,박성진,기타법인,110111-3674359,211-87-96941,"경기도 고양시 일산동구 백마로 195 (장항동, 엠시티타워&엠시티오피스텔) 8001",www.digitalidea.co.kr,,일반 영화 및 비디오물 제작업,2007-05-08,12월
주식회사 투썬이에스지,"TwosunESG Co., Ltd",투썬이에스지, ,이영태,기타법인,131111-0692490,323-88-02777,경기도 성남시 분당구 판교역로 221 (삼평동), ,,소프트웨어 개발 및 공급업,2023-01-03,12월
(주)투씨에스지,"ToCSG Co., Ltd.",투씨에스지, ,임천수,기타법인,110111-3830654,107-87-04690,"서울특별시 구로구 디지털로32길 30 (구로동, 코오롱디지털타워빌란트)",www.tocsg.co.kr,,컴퓨터시스템 통합 자문 및 구축 서비스업,2008-01-24,12월
투어코리아(주),"tourkorek co,.ltd",투어코리아, ,이영동,기타법인,110111-1682304,209-81-22541,서울특별시 강남구 역삼동688-2 예림빌딩 2층,www.tourkorea21.com,,게임 소프트웨어 개발 및 공급업,1999-04-16,12월
(주)투어토털닷컴,Tourtatal Dot Com Inc.,투어토털닷컴, ,박상환,기타법인,110111-1901712,101-81-55355,서울특별시 종로구 공평동 1번지 한미빌딩 12층,www.tourtatal.com,,시스템 소프트웨어 개발 및 공급업,2000-03-09,12월
주식회사 투에이스코리아,2ACE KOREA LIMITED,투에이스코리아, ,고세영,기타법인,110111-6078532,143-81-32297,"서울특별시 강남구 언주로 609 (논현동, 팍스타워) A동 14층", ,,응용 소프트웨어 개발 및 공급업,2016-06-01,12월
(주)투원미디어,twoone media,투원미디어, ,윤여창,기타법인,110111-1657456,116-81-72211,서울특별시 마포구 서교동 394 ~419,twoonemedi.co.kr,,프로그램 공급업,1999-03-03,12월
투윈문화투자주식회사,도온문화투자 주식회사,투윈문화투자, ,왕우낙,기타법인,110111-6042313,124-88-00395,서울특별시 강남구 테헤란로 207 4층 (역삼동), ,,"영화, 비디오물, 방송프로그램 제작 및 배급업",2016-04-25,12월
주식회사 투유드림,TOYOU DREAM,투유드림, ,유택근,기타법인,110111-5236793,209-81-59897,"서울특별시 성북구 종암로13길 16-10 ,2층 (종암동)", ,,영상ㆍ오디오 기록물 제작 및 배급업,2013-10-01,12월
(주)투이컨설팅,2e consulting,투이컨설팅, ,김인현,기타법인,110111-1251331,116-81-55115,"서울특별시 영등포구 영신로 220 1710호 (영등포동8가, KnK디지털타워)", ,,응용 소프트웨어 개발 및 공급업,1996-03-16,12월
주식회사 투케이엠,TWOKM,투케이엠, ,김수정,기타법인,110111-7291688,189-86-01664,서울특별시 영등포구 가마산로 343 (대림동) 7층,-,,컴퓨터시스템 통합 자문 및 구축 서비스업,2019-11-13,03월
(주)투케이엠시스템즈,"Twokm Systems. Co., Ltd.",투케이엠시스템즈, ,이동근,기타법인,110111-3107649,104-81-90287,"서울특별시 서초구 남부순환로 2395 3층, 4층(서초동, 호경빌딩)",https://twokm.co.kr,,기타 정보기술 및 컴퓨터운영 관련 서비스업,2004-10-29,12월
(주) 툰노리,Toonnori corp,툰노리, ,이원술,기타법인,110111-5208479,113-86-74952,경기도 성남시 분당구 정자일로 80 1131호,-,,게임 소프트웨어 개발 및 공급업,2013-08-20,12월
(주)튜브엔터테인먼트,TUBE ENTERTAINMENT,튜브엔터테인먼트, ,황우현,기타법인,110111-1806954,107-81-72935,서울특별시 강남구 신사동 664-21,http://www.tube-entertainment.co.kr,,"영화, 비디오물 및 방송프로그램 배급업",1999-11-11,12월
주식회사 튜브투 엔터테인먼트,"Tube two Entertainment Co.,Ltd",튜브투엔터테인먼트, ,김승범,기타법인,110111-3155523,211-87-60496,서울특별시 강남구 신사동 654-6 한조빌딩3층, ,,"영화, 비디오물 및 방송프로그램 배급업",2005-01-15,12월
(주)트라이튼테크,"tritontech,inc",트라이튼테크, ,김동열,기타법인,110111-1318719,220-81-37527,서울특별시 강남구 역삼동 837-26,www.triton.com,,시스템 소프트웨어 개발 및 공급업,1996-09-07,12월
주식회사 트라콤,Tracom Co.LTD.,트라콤, ,홍주형,기타법인,134111-0123012,138-81-24214,경기도 안양시 동안구 시민대로 401 대륭테크노타운 1501호,www.tracom.co.kr,,컴퓨터시스템 통합 자문 및 구축 서비스업,2004-11-01,12월
(주)트래니즈,Traniz Consulting Group Co. Ltd,트래니즈, ,윤준호,기타법인,110111-2737314,214-87-31118,서울특별시 서초구 서초2동 1360-18 광성빌딩 2층, ,,컴퓨터시스템 통합 자문 및 구축 서비스업,2003-03-13,12월
주식회사 트랜스지온,"Transgion Co., Ltd.",트랜스지온, ,강석원,기타법인,180111-0163754,805-87-03403,"부산광역시 해운대구 청사포로 16 401호-에이 117(좌동, 락희상가)", ,,시스템ㆍ응용 소프트웨어 개발 및 공급업,2025-10-22,12월
(주)트랜스컴,TRANSCOM,트랜스컴, ,정연홍,기타법인,110111-1830094,220-81-72470,서울특별시 용산구 동자동 벽산125빌딩 17층 ,www.transcom.co.kr,,컴퓨터시스템 통합 자문 및 구축 서비스업,1999-12-16,12월
트랜스코스모스,transcosmos inc.,트랜스코스모스, ,오쿠타 마사타카,기타법인, ,18392,도쿄도시부야구시부야3-25-18,www.trans-cosmos.co.jp/,,정보서비스업,1978-11-30,03월
(주)트러스트스튜디오,"Trust Studio Co.,Ltd",트러스트스튜디오, ,김상식,기타법인,110111-4959776,220-88-44750,서울특별시 강남구 언주로99길 5 트러스트타워(역삼동),www.truststudio.co.kr,,애니메이션 영화 및 비디오물 제작업,2012-09-13,12월
(주)트러스트테크놀로지,"Trust Technology Co., Ltd.",트러스트테크놀로지, ,김완희,기타법인,110111-1938731,220-81-84807,서울특별시 강남구 삼성동 8-2 남경빌딩 10층 1001호,www.trusttek.com,,시스템 소프트웨어 개발 및 공급업,2000-04-12,12월
유한회사 트레이스문화산업전문회사,"TRACE Culture Industry Co., Ltd ",트레이스문화산업전문회사, ,김기범외 1명,기타법인,110114-0282711,216-86-02209,"서울특별시 마포구 와우산로29길 48-24 (서교동), 2층", ,,"영화, 비디오물 및 방송프로그램 제작업",2021-08-31,12월
주식회사 트레져헌터,"Treasure Hunter Co. , Ltd",트레져헌터, ,송재룡,기타법인,110111-5606409,120-88-23509,"서울특별시 성동구 성수이로20길 16 (성수동2가, 제이케이타워) 8층",www.treasurehunter.co.kr,,방송 프로그램 제작업,2015-01-07,12월
(주)트론웰,TRONWELL INC,트론웰, ,김성준,기타법인,120111-0206286,131-81-52024,인천광역시 남동구 구월1동 1466번지 동남빌딩 5층,www.tronwell.net,,시스템 소프트웨어 개발 및 공급업,1999-11-10,12월
주식회사 트루게이트,"TRUEGATE, Inc.",트루게이트, ,이상현,기타법인,110111-2240466,220-86-12332,서울특별시 강남구 역삼동 701-2 삼정개발빌딩 9층,http://www.truegate.net,,시스템 소프트웨어 개발 및 공급업,2001-05-17,12월
(주)트루본,"TRUEBON co.,ltd.",트루본, ,임광현,기타법인,131111-0396208,144-81-34003,"경기도 성남시 분당구 판교로228번길 15 (삼평동, 판교세븐벤처밸리1) 2동6층 602호", ,,컴퓨터시스템 통합 자문 및 구축 서비스업,2015-01-02,12월
트루쇼트,True Short,트루쇼트, ,하재우,기타법인,110111-6468783,846-88-00802,"서울특별시 중구 삼일대로 343 (저동1가, 대신파이낸스센터(DaishinFinanceCenter))", ,,정보서비스업,2017-08-03,12월
주식회사 트루트라이엄프,"TRUE TRIUMPH CO.,LTD",트루트라이엄프, ,"공동대표 김철수, 김정환",기타법인,110111-3957193,215-87-17778,서울특별시 강남구 역삼동 769-9 엠트론빌딩 1층 105호,-,,컴퓨터시스템 통합 자문 및 구축 서비스업,2008-08-22,12월
트리노드 주식회사,Treenod Inc.,트리노드, ,김준수,기타법인,180111-1193399,796-86-01176,"부산광역시 해운대구 센텀2로 25 (우동, 센텀드림월드) 15층",https://www.treenod.com/,,게임 소프트웨어 개발 및 공급업,2018-12-31,12월
주식회사 트리스튜디오,"Triii studio Co.,Ltd.",트리스튜디오, ,김진이,기타법인,110111-8338679,203-88-02847,서울특별시 용산구 녹사평대로 170 (이태원동), ,,"영화, 비디오물 및 방송프로그램 제작 관련 서비스업",2022-07-01,12월
트리코인베스트먼트(주),"Trico Investment Co., Ltd",트리코인베스트먼트, ,이국진,기타법인,110111-0726707,120-81-55604,서울특별시 강남구 테헤란로 328 7층, ,,기타 정보기술 및 컴퓨터운영 관련 서비스업,1990-11-10,12월
주식회사 트리플,TRIPLE Corp,트리플, ,"최휘영, 김연정",기타법인,131111-0434537,581-87-00266,경기도 성남시 분당구 판교역로14번길 16 (백현동) 2층, ,,기타 정보기술 및 컴퓨터운영 관련 서비스업,2016-01-11,12월
트리플라 주식회사,TREEPLLA Inc,트리플라, ,허산,기타법인,110111-7889988,862-81-02138,"서울특별시 강남구 선릉로93길 27 (역삼동, 아름빌딩) 4층", ,,모바일 게임 소프트웨어 개발 및 공급업,2021-05-18,12월
주식회사 트립비토즈,TRIPBTOZ,트립비토즈, ,정지하,기타법인,110111-5823342,778-86-00179,"서울특별시 강남구 테헤란로 415 (삼성동, L7HOTELS강남타워) 3층 302호",www.tripbtoz.com/,,포털 및 기타 인터넷 정보매개 서비스업,2015-10-06,12월
주식회사 트릿지,"Tridge Co., Ltd.",트릿지, ,신호식,기타법인,110111-5927243,770-87-00283,"서울특별시 서초구 방배로 226 4,5,6층(방배동, 넥센강남타워)",www.tridge.com,,응용 소프트웨어 개발 및 공급업,2016-01-01,12월
주식회사 트윅24,twig24,트윅24, ,김태균,기타법인,110111-9116347,899-81-03575,"서울특별시 중구 세종대로 124 (태평로1가, 한국프레스센터) 지하 1층",www.twig24.com,,뉴스 제공업,2024-11-27,12월
(주)트윔,TWIM Corp,트윔,290090,정한섭(단독대표),코스닥시장,150111-0132344,317-81-16772,경기도 화성시 삼성1로4길 7-4,www.twim21.com,,응용 소프트웨어 개발 및 공급업,2010-01-21,12월
주식회사 튼튼영어,TUNTUN ENGLISH Corp.,튼튼영어, ,조덕현,기타법인,110111-7444469,241-88-01632,"서울특별시 강남구 논현로 164 (도곡동, 유니북스빌딩) 7층", ,,일반 서적 출판업,2020-04-01,12월
주식회사 티디아이,"TDI Co., Ltd.",티디아이, ,이승주,기타법인,180111-0787606,617-81-95610,"부산광역시 해운대구 센텀중앙로 78 (우동, 센텀그린타워) 1302호",www.tdi9.com,,소프트웨어 개발 및 공급업,2012-01-01,12월
주식회사 티디에프,"TDF Co., Ltd.",티디에프, ,이승면,기타법인,110111-7330329,774-88-01146,"서울특별시 강남구 언주로 560 (역삼동, 화물재단빌딩) 3층", ,,컴퓨터 프로그래밍 서비스업,2019-12-19,12월
주식회사 티마트 (TI MART Corp.),TIMART Corp.,티마트(TIMARTCorp.), ,윤휘재,기타법인,134811-0696099,480-87-02689,"서울특별시 강남구 역삼로 112 5층 (역삼동, 밀브리지홀)",timart.co.kr/,,포털 및 기타 인터넷 정보매개 서비스업,2022-06-29,12월
주식회사 티맥스가이아,"TmaxGAIA Co.,Ltd",티맥스가이아, ,박용연,기타법인,131111-0601988,298-81-01866,경기도 성남시 분당구 황새울로200번길 26 N타워가든빌딩 4층, ,,소프트웨어 개발 및 공급업,2020-08-07,12월
(주)티맥스데이터,"TmaxData Co., Ltd.",티맥스데이터, ,곽동걸,기타법인,110111-2791419,120-86-53289,"경기도 성남시 분당구 정자일로 45 10층 (금곡동, 티맥스소프트타워)",https://www.tmaxtibero.com,,"컴퓨터 프로그래밍, 시스템 통합 및 관리업",2003-05-30,12월
주식회사 티맥스디앤에스,"TmaxD&S Co., Ltd.",티맥스디앤에스, ,곽동걸,기타법인,131111-0738806,534-88-03207,"경기도 성남시 분당구 정자일로 45 (금곡동, 티맥스소프트타워), 10층 일부", ,,시스템 소프트웨어 개발 및 공급업,2024-06-12,12월
주식회사 티맥스비아이,"TmaxBI Co., Ltd.",티맥스비아이, ,박명애,기타법인,131111-0591387,247-87-01521,경기도 성남시 분당구 황새울로200번길 26 N타워가든빌딩 4층, ,,시스템 소프트웨어 개발 및 공급업,2020-05-01,12월
(주)티맥스소프트,"TmaxSoft Co.,Ltd.",티맥스소프트, ,"이형배, 김익수",기타법인,110111-1422148,220-81-45181,"경기도 성남시 분당구 황새울로258번길 29 (수내동, 수내빌딩,분당세무서) 8,9층",kr.tmaxsoft.com,,시스템 소프트웨어 개발 및 공급업,1997-06-03,12월
주식회사 티맥스에이아이,"TmaxAI Co.,Ltd.",티맥스에이아이, ,박용연,기타법인,131111-0577353,538-87-01577,경기도 성남시 분당구 황새울로200번길 26 N타워가든빌딩 4층, ,,시스템 소프트웨어 개발 및 공급업,2020-01-01,12월
(주)티맥스에이앤씨,"TmaxA&C Co., Ltd",티맥스에이앤씨, ,박삼연,기타법인,131111-0430824,216-88-00258,경기도 성남시 분당구 황새울로200번길 26 N타워가든빌딩 4층,tmaxos.com/,,소프트웨어 개발 및 공급업,2015-12-01,12월
주식회사 티맥스오에스,"TmaxOS Co.,Ltd",티맥스오에스, ,한상욱,기타법인,131111-0601962,604-87-01705,"경기도 성남시 분당구 황새울로258번길 29 (수내동, 티맥스수내타워)", ,,소프트웨어 개발 및 공급업,2020-08-07,12월
주식회사 티맥스와플,"TmaxWapl Co., Ltd.",티맥스와플, ,박삼연,기타법인,131111-0578997,635-87-01451,경기도 성남시 분당구 황새울로200번길 26 N타워가든빌딩 4층, ,,응용 소프트웨어 개발 및 공급업,2020-01-14,12월
(주)티맥스클라우드,"TmaxCloud Co., Ltd.",티맥스클라우드, ,박삼연,기타법인,131111-0430832,485-81-00229,경기도 성남시 분당구 황새울로200번길 26 N타워가든빌딩 4층, ,,응용 소프트웨어 개발 및 공급업,2015-12-01,12월
(주)티맥스티베로,"TmaxTibero Co.,Ltd.",티맥스티베로, ,박경희,기타법인,131111-0591395,306-86-01745,"경기도 성남시 분당구 정자일로 45 (금곡동, 티맥스소프트타워), 6층",www.tmaxtibero.com,,시스템 소프트웨어 개발 및 공급업,2020-05-01,12월
티맵모빌리티 주식회사,"TMAPMOBILITY CO.,LTD.",티맵모빌리티, ,이재환,기타법인,110111-7733812,640-88-02105,서울특별시 중구 충무로 15 (충무로3가) 7~9층, ,,데이터베이스 및 온라인정보 제공업,2020-12-30,12월
주식회사 티머니,"Tmoney Co.,Ltd.",티머니, ,김태극,기타법인,110111-2869430,104-81-83559,서울특별시 중구 후암로 110 서울시티타워 10층 (남대문로5가), ,,시스템 소프트웨어 개발 및 공급업,2003-10-06,12월
주식회사 티머니모빌리티,"Tmobility Mobility Co.,Ltd.",티머니모빌리티, ,조동욱,기타법인,110111-0922517,396-87-03587,"서울특별시 중구 후암로 110 (남대문로5가, 서울시티타워)", ,,데이터베이스 및 온라인정보 제공업,2025-04-01,12월
(주)티모넷,TMONET,티모넷, ,박진우,기타법인,110111-3768483,104-86-10672,"서울특별시 마포구 마포대로 86 (도화동, 창강빌딩 6층)",www.t-monet.com,,응용 소프트웨어 개발 및 공급업,2007-10-15,12월
(주)티브로드,"Tbroad Co.,Ltd. ",티브로드, ,강신웅,기타법인,210111-0013343,418-81-08013,"경기도 수원시 영통구 창룡대로 260 (이의동, 광교센트럴비즈타워)",www.tbroad.com,,유선 방송업,1994-02-19,12월
(주)티브로드ABC방송,"TBROAD ABC BROADCASTING CO,LTD",티브로드ABC방송, ,이상윤,기타법인,134111-0056362,138-81-14768,경기도 안양시 동안구 호계동 1041 흥국빌딩,www.tbroad.com,,유선 방송업,1997-07-30,12월
(주)티브로드강서방송,"TBROAD GANGSEO BROADCASTING CO.,LTD.",티브로드강서방송, ,전영일,기타법인,110111-1166275,109-81-44624,서울특별시 강서구 화곡6동 969-7 ,www.gstv.co.kr,,유선 방송업,1995-06-13,12월
(주)티브로드 강서방송,"TBROAD GANGSEO BROADCASTING CO.,LTD.",티브로드강서방송, ,전영일,기타법인,110111-1012105,109-81-39683,서울특별시 강서구 화곡6동 969-7,www.tbroad.com,,유선 방송업,1994-02-18,12월
(주)티브로드기남방송,"TBROAD GINAM BROADCASTING CO.,LTD",티브로드기남방송, ,이상윤,기타법인,131311-0022461,125-81-23242,경기도 평택시 죽백동 140-7,www.tbroad.com,,유선 방송업,1997-07-10,12월
(주)티브로드 낙동방송,"Tbroad Nakdong Broadcasting Co.,Ltd.",티브로드낙동방송, ,이상윤,기타법인,180111-0153550,606-81-51999,부산광역시 사상구 감전동 152-2 , ,,유선 방송업,1994-03-09,12월
(주)티브로드 남동방송,Inchon Cable TV Namdong Broadcast Co.,티브로드남동방송, ,이병우,기타법인,120111-0094053,139-81-12803,인천광역시 남동구 구월1동 1124 흥국생명빌딩 7층,www.namdongnet.com,,유선 방송업,1994-03-09,12월
(주)티브로드 남부산방송,"Tbroad Nambusan Broadcasting Co.,Ltd.",티브로드남부산방송, ,이상윤,기타법인,180111-0371582,617-81-34821,부산광역시 남구 대연동 73-11 텔콤빌딩 10층, ,,유선 방송업,2001-07-01,12월
(주)티브로드네트워크, ,티브로드네트워크, ,진헌진,기타법인,130111-0065482,135-81-42149,경기도 수원시 권선구 권선동 1020-6, ,,유선 방송업,2000-11-14,12월
(주)티브로드도봉강북방송,"Tbroad DobongGangbuk Broadcasting Co.,Ltd.",티브로드도봉강북방송,035210,김형준,기타법인,110111-1011909,210-81-18799,"서울특별시 강북구 도봉로81길 21 (수유동, 큐릭스)",www.tbroad.com,,유선 방송업,1994-02-17,12월
(주)티브로드 동남방송,"Tbroad Dongnam Broadcasting Co.,Ltd.",티브로드동남방송, ,소병옥,기타법인,180111-0153716,617-81-12512,부산광역시 남구 대연동 73-11, ,,유선 방송업,1994-03-11,12월
(주) 티브로드 동대문방송,"Tbroad Dongdaemun Broadcasting Co.,Ltd.",티브로드동대문방송, ,강신웅,기타법인,110111-1019292,205-81-29799,"서울특별시 동대문구 제기로38길 42 (청량리동, 세종빌딩)", ,,유선 방송업,1994-03-15,12월
(주)티브로드북부산방송,"TBROAD BUKBUSAN BROADCASTING Co.,Ltd.",티브로드북부산방송, ,"소병옥, 손영학",기타법인,180111-0381995,606-81-70996,부산광역시 사상구 감전동 152-2 우창빌딩 8층,www.tbroad.com,,유선 방송업,2001-10-25,12월
(주)티브로드 새롬방송,"tbroad saerom broadcasting. co.,Ltd",티브로드새롬방송, ,전영일,기타법인,120111-0094772,137-81-04516,인천광역시 서구 석남동 518-16,www.tbroad.com,,유선 방송업,1994-03-25,12월
(주) 티브로드서대문방송,"Qrix Seodaemoon Comunications Co,. ltd",티브로드서대문방송, ,김종요,기타법인,110111-1024655,110-81-29924,서울특별시 서대문구 연희동 149-3 성안빌딩 2층,www.qrix.com,,유선 방송업,1994-04-01,12월
(주)티브로드 서부산방송,"Tbroad Seobusan Broadcasting CO.,LTD",티브로드서부산방송, ,"배상진, 이상윤",기타법인,180111-0153104,603-81-21235,부산광역시 사하구 신평동 84-109,www.scn.co.kr,,유선 방송업,1994-03-02,12월
(주)티브로드서해방송,"Tbroad seohae broadcastiing co.,Ltd.",티브로드서해방송, ,김형준,기타법인,120111-0094037,121-81-19111,"인천광역시 남동구 예술로 174 (구월동, 흥국생명)",www.tbroad.com,,유선 방송업,1994-03-09,12월
(주)티브로드수원방송,"TBROAD SUWON BROADCASTING CO.,LTD.",티브로드수원방송, ,이상윤,기타법인,135811-0073171,124-81-88408,경기도 수원시 팔달구 우만동 228,wwww.sbncatv.co.kr,,유선 방송업,2001-08-14,12월
(주)티브로드온케이블방송,"TBROAD ON CABLE BROADCASTING CO., Ltd",티브로드온케이블방송, ,이병우,기타법인,210111-0032278,402-81-40978,전라북도 전주시 덕진구 금암동 768-10번지,http://www.cnctv.co.kr,,유선 방송업,2001-07-24,12월
(주)티브로드 전주방송,"TBROAD JEONJU BROCADTING CO., LTD.",티브로드전주방송, ,이상윤,기타법인,210111-0087950,402-81-99799,전라북도 전주시 완산구 서노송동 , ,,유선 방송업,2013-01-01,12월
(주)티브로드중부방송,Tbroad Chungbu Broadcasting Co.ltd.,티브로드중부방송, ,남철희,기타법인,161511-0013759,312-81-16379,충청남도 천안시 문화동 2-108,www.cbncatv.com,,유선 방송업,1994-03-09,12월
(주)티브로드중부방송,"Tbroad Chungbu Broadcasting Co.,Ltd.",티브로드중부방송, ,"이호진, 이상윤",기타법인,161511-0012355,312-81-14916,충청남도 천안시 문화동 2-108, ,,유선 방송업,1993-05-21,12월
(주)티브로드케이씨엔방송,"TBROAD KCN BROADCASTING CO.,LTD.",티브로드케이씨엔방송, ,이상윤,기타법인,134511-0017712,135-81-18014,경기도 용인시 마평동 534번지,www.tbroad.com,,유선 방송업,1995-12-08,12월
(주)티브로드 한빛방송,"TBROAD HANVIT BROADCASTING CO., LTD.",티브로드한빛방송,043890,김형준,기타법인,135011-0067071,134-81-36625,경기도 안산시 단원구 적금로 120 (고잔동),www.tbroad.com,,유선 방송업,1997-07-09,12월
티브이가이드 주식회사,NETWORKTV.CO.LTD,티브이가이드, ,전재호,기타법인,110111-1697626,120-81-89633,서울특별시 영등포구 여의도동 12,www.ntv19.com,,프로그램 공급업,1999-06-01,12월
(주)티비넷커뮤니케이션즈,TVNETCOMMUNICATIONS.CO.LTD,티비넷커뮤니케이션즈, ,이규동,기타법인,110111-1075517,118-81-10128,서울특별시 강남구 청담동 132-12 해피아이빌딩6층,WWW.TVNET.CO.KR,,데이터베이스 및 온라인정보 제공업,1994-09-16,12월
(주)티비씨,TBC,티비씨,033830,김한덕,코스닥시장,170111-0080458,502-81-27241,대구광역시 수성구 동대구로 23,www.tbc.co.kr,,지상파 방송업,1994-10-07,12월
주식회사 티빙,"Tving Co.,Ltd",티빙, ,최주희,기타법인,110111-7641297,188-88-01893,서울특별시 마포구 상암산로 34 (상암동) DMC디지털큐브 15층,www.tving.com,,"영화, 비디오물 및 방송프로그램 배급업",2020-10-01,12월
(주)티사이언티픽,"T Scientific Co.,Ltd",티사이언티픽,057680,"김상우, 유승재(각자대표)",코스닥시장,110111-1577604,220-81-54389,서울특별시 동작구 여의대방로62길 1 3층,www.tscientific.co.kr,,응용 소프트웨어 개발 및 공급업,1998-08-21,12월
(주)티스터디,"Tstudy Co., Ltd.",티스터디, ,박진환,기타법인,110111-3270131,119-81-82310,서울특별시 강남구 삼성동 세원빌딩 3층,www.tstudycorp.com,,응용 소프트웨어 개발 및 공급업,2005-07-15,03월
(주)티시스,"Total Service & Information System Co., Ltd.",티시스, ,"유태호, 이재석",기타법인,110111-0304016,203-81-43631,"서울특별시 중구 동호로 310 별관 7층(장충동2가, 태광산업)",www.tsis.co.kr,,컴퓨터시스템 통합 자문 및 구축 서비스업,1981-09-28,12월
(주)티시스,"Total System & Information Service Co., Ltd.",티시스, ,강태덕,기타법인,110111-2986606,107-86-48600,서울특별시 중구 남대문로4가 17-42,www.tsis.co.kr,,컴퓨터시스템 통합 자문 및 구축 서비스업,2004-04-02,12월
(주)티시스,"Total Service & Information System Co.,Ltd.",티시스, ,"김기유, 최창성, 전용인, 김영호",기타법인,110111-3300475,201-81-93775,"서울특별시 중구 동호로 310 (장충동2가, 태광산업) 태광산업 별관 8층",www.tsis.co.kr,,"컴퓨터시스템 통합 자문, 구축 및 관리업",2005-09-05,12월
(주)티쓰리엔터테인먼트,T3 Entertainment Inc.,티쓰리,204610,홍민균,코스닥시장,110111-1942485,220-81-84883,"서울특별시 금천구 가산디지털1로 186, 3층",www.t3.co.kr,,게임 소프트웨어 개발 및 공급업,2000-04-17,12월
(주)티씨에스피엘엠,TCSPLM Corp,티씨에스피엘엠, ,장상근,기타법인,110111-4095314,214-88-41699,서울특별시 서초구 효령로55길 57 (서초동) 옥정빌딩, ,,"컴퓨터시스템 통합 자문, 구축 및 관리업",2009-05-14,12월
티씨엔대구방송(주),TCN Daegu Cable-Tv network.LTD.,티씨엔대구방송, ,이상윤,기타법인,170111-0078205,503-81-24572,대구광역시 달서구 와룡로9길 95-10 (본동),www.tcncatv.com,,유선 방송업,1994-08-20,12월
(주)티아이스퀘어,TI SQUARE TECHNOLOGY LTD.,티아이스퀘어, ,이길수,기타법인,134111-0079653,123-81-62915,경기도 성남시 분당구 판교로255번길 58 (삼평동) 401호,www.tisquare.com,,응용 소프트웨어 개발 및 공급업,2000-12-08,12월
(주)티아이엔시,"TOTAL INFORMATION NETWORK CENTER, INC.",티아이엔시, ,조갑환,기타법인,170111-0123943,501-81-21680,대구광역시 북구 고성3가 도시개발공사 8층,www.tinc.co.kr,,기타 정보기술 및 컴퓨터운영 관련 서비스업,1997-07-29,12월
티알아이테인먼트 주식회사,"TRITAINMENT Co.,Ltd.",티알아이테인먼트, ,김창록,기타법인,110111-3975400,120-87-33112,서울특별시 강남구 삼성동 159 무역센타코엑스 27층,www.wigglegiggle.tv,,정보서비스업,2008-09-26,06월
(주)티알에스월드,TRS world,티알에스월드, ,양석실,기타법인,110111-2610586,106-86-13165,서울특별시 용산구 한강로3가 16-60, ,,시스템 소프트웨어 개발 및 공급업,2002-09-14,12월
(주)티앤디소프트,"T&D Soft Co.,Ltd.",티앤디소프트, ,최성묵,기타법인,110111-5531747,264-81-42938,"경기도 성남시 분당구 판교로 253 (삼평동, 판교이노밸리) C동 802호",www.tndsoft.com,,컴퓨터시스템 통합 자문 및 구축 서비스업,2014-10-07,12월
(주)티앤메타,"TNMETA. co., Ltd.",티앤메타, ,백인엽,기타법인,110111-8295994,895-86-02787,"서울특별시 성동구 성수일로8길 5 (성수동2가, 서울숲SKV1TOWER) 17층 1701호(성수동2가)", ,,시스템 소프트웨어 개발 및 공급업,2022-05-16,12월
(주)티앤아이텔레콤,T&I TELECOM CO.LTD,티앤아이텔레콤, ,양종화,기타법인,110111-2239336,220-86-12273,"서울특별시 강남구 삼성동 119-9 경산빌딩2층,6층",www.tnitelecom.net,,통신 재판매업,2001-05-16,12월
(주)티앤이,T&E,티앤이, ,김영철,기타법인,110111-0771570,101-81-39049,서울특별시 강남구 역삼동642-19 역삼하이츠빌딩 104호,www.ybmtne.co.kr,,서적 출판업,1991-06-07,12월
(주)티앤케이팩토리,TNKFACTORY,티앤케이팩토리, ,신희태,기타법인,110111-4628868,114-86-89161,"경기도 성남시 분당구 대왕판교로645번길 14 (삼평동, 네오위즈) 3층",www.tnkfactory.com,,소프트웨어 개발 및 공급업,2011-06-24,12월
주식회사 티앤티월드콤,"TNT WORLD COM., INC.",티앤티월드콤, ,허남성,기타법인,110111-1736838,213-86-40107,서울특별시 강남구 도곡동 467-10 우성리빙텔 1층,www.tntworld.co.kr,,데이터베이스 및 온라인정보 제공업,1999-07-19,12월
주식회사 티에스더블유,"TSW. Co., Ltd",티에스더블유, ,김종화,기타법인,110111-7617347,540-86-00399,서울특별시 중랑구 면목로84길 25 (면목동), ,,응용 소프트웨어 개발 및 공급업,2016-06-01,12월
티에스라인시스템(주),TSLINESYSTEM,티에스라인시스템, ,최국현,기타법인,110111-2782913,107-86-35181,"서울특별시 영등포구 영신로 220 (영등포동8가, KnK디지털타워) 805호",www.tsline.co.kr,,응용 소프트웨어 개발 및 공급업,2003-05-20,12월
주식회사 티에스빔,TSBEAM,티에스빔, ,김훈,기타법인,120111-1216648,444-87-02742,"인천광역시 연수구 하모니로 158 (송도동, 송도타임스페이스) 지하1층 CGV", ,,영화관 운영업,2022-02-28,12월
티에스온넷(주),"TSonNet CO., Ltd.",티에스온넷, ,김희천,기타법인,160111-0096043,314-81-32230,"대전광역시 유성구 가정북로 26-41 (장동, 아이티플렉스빌딩) 5층",www.tsonnet.co.kr,,응용 소프트웨어 개발 및 공급업,2000-04-01,12월
주식회사 티에스지컴퍼니,TSG Company,티에스지컴퍼니, ,남궁용 김의준,기타법인,110111-3359076,211-87-74710,서울특별시 강남구 신사동 645-1, ,,방송 프로그램 제작업,2005-12-13,12월
(주)티에스케이지,"TSKG, Inc.",티에스케이지, ,김택완,기타법인,110111-1557565,120-81-81285,서울특별시 강남구 역삼동 701-2 삼정빌딩 10층,www.tskg.com,,시스템 소프트웨어 개발 및 공급업,1998-06-19,12월
티에이치씨 주식회사,THC,티에이치씨, ,이태헌,기타법인,110111-5909689,696-88-00212,"서울특별시 강남구 삼성로126길 12 (삼성동, 소닉빌딩 지하1층)", ,,"영화, 비디오물, 방송프로그램 제작 및 배급업",2015-12-07,12월
티에이케이정보시스템(주),TAK INFORMATION SYSTEMS INC.,티에이케이정보시스템, ,강기원,기타법인,110111-1369465,120-81-70885,"서울특별시 강서구 마곡동로10길 7 (마곡동, 한국도레이R&D센터)",www.takis.co.kr,,"컴퓨터 프로그래밍, 시스템 통합 및 관리업",1997-01-24,03월
주식회사 티엔얼라이언스,-,티엔얼라이언스, ,최영철,기타법인,110111-5733210,374-88-00118,"서울특별시 서초구 마방로2길 44 (양재동, 오상빌딩) 5층",-,,시스템 소프트웨어 개발 및 공급업,2015-05-26,12월
(주)티엔엔터테인먼트,"TN entertainment Co., Ltd.",티엔엔터테인먼트,131100,"김동준, 윤동현(각자대표이사)",코스닥시장,160111-0221319,314-81-87870,"서울특별시 강남구 언주로 726 16층(논현동, 두산빌딩)",chorokbaemenm.com,www.chorokbaemenm.com,"영화, 비디오물, 방송프로그램 제작 및 배급업",2007-03-14,12월
(주)티엘정보통신,TLINC.Co.Ltd,티엘정보통신, ,조형연,기타법인,110111-0991607,118-81-08715,서울특별시 영등포구 여의도동 44-24 호성빌딩 신관 8층,http://www.tlinc.co.kr,,시스템 소프트웨어 개발 및 공급업,1993-12-08,12월
(주)티엠이 그룹,"TME GROUP Co., Ltd.,",티엠이그룹, ,안석준,기타법인,110111-5425312,105-88-03576,"서울특별시 마포구 동교로17길 42 (서교동, 서교글로벌센터)",www.higround.co.kr,,방송 프로그램 제작업,2014-05-27,12월
(주)티엠전산,TM Computering CO.LTD,티엠전산, ,신성호,기타법인,110111-2625808,214-87-20800,서울특별시 서초구 서초동 1446-1, ,,시스템 소프트웨어 개발 및 공급업,2002-10-08,12월
(주)티오더,torder Inc.,티오더, ,권성택,기타법인,110111-6973188,861-81-01247,"서울특별시 영등포구 여의대로 108 46층(여의도동, 파크원타워2)",torder.io,,시스템 소프트웨어 개발 및 공급업,2019-01-03,12월
(주)티오티비, TOTB Inc.,티오티비, ,신갑종,기타법인,131111-0239995,129-86-37762,"서울특별시 강남구 학동로2길 19 (논현동, 세일빌딩) 4층", ,,방송 프로그램 제작업,2011-12-28,12월
티온텔레콤주식회사,tontelecom,티온텔레콤, ,송재섭,기타법인,110111-1297426,220-81-16347,서울특별시 영등포구 당산로27길 16 제일빌딩 2층,www.t_ontelecom.co.kr,,무선 및 위성 통신업,1996-07-12,12월
주식회사 티와이,"TY Co., Ltd",티와이, ,김성수,기타법인,170111-0904939,568-88-02725,대구광역시 중구 국채보상로 570 (남일동) 1동 1614호, ,,출판업,2023-05-31,12월
주식회사 티와이네트웍스,"TYNetworks Co., Ltd.",티와이네트웍스, ,이창재,기타법인,110111-5641124,725-86-00025,"서울특별시 송파구 백제고분로 69 (잠실동, 애플타워)",-,,시스템 소프트웨어 개발 및 공급업,2015-02-11,12월
(주)티원시스템즈,"T1 Systems Co.,Ltd",티원시스템즈, ,정순철,기타법인,110111-3263607,214-87-73966,"서울특별시 마포구 매봉산로 37  302호  (상암동, DMC산학협력연구센터)",www.t1sys.com,,컴퓨터시스템 통합 자문 및 구축 서비스업,2005-07-06,12월
(주)티웨일,twhale,티웨일, ,김후성,기타법인,110111-6208684,152-86-00552,서울특별시 강남구 밤고개로12길 45-1 (자곡동), ,,게임 소프트웨어 개발 및 공급업,2016-10-24,12월
티유미디어 주식회사,TU Media Corporation,티유미디어, ,박병근,기타법인,110111-2907826,104-81-84674,서울특별시 중구 남대문로5가SK남산그린빌딩,www.tu4u.com,http://www.tu4u.com,위성 및 기타 방송업,2003-12-03,12월
티이씨미디어 주식회사,"TEC Media Co., Ltd.",티이씨미디어, ,안종철,기타법인,110111-3927625,104-86-15833,서울특별시 중구 회현동1가 194-15,-,,정보서비스업,2008-07-03,12월
(주)티즈,"TiZ Co., Ltd.",티즈, ,하승호,기타법인,110111-2613522,114-86-21967,서울특별시 서초구 잠원동 35-25 J빌딩 2층,www.tizsoft.com,,게임 소프트웨어 개발 및 공급업,2002-09-18,12월
주식회사 티지,"TG CO., Ltd",티지, ,전원영,기타법인,110111-4434471,105-87-48713,"서울특별시 영등포구 선유로 146 (양평동3가, 이앤씨드림타워) 1201호",www.tgin.kr,,응용 소프트웨어 개발 및 공급업,2010-08-20,12월
(주)티지나래,TG Naray Inc.,티지나래, ,손형식,기타법인,110111-1506562,220-81-49926,서울특별시 강남구 역삼동 685번지 나래텔레콤빌딩 4층,www.naraycard.co.kr,,통신 재판매업,1998-01-22,12월
주식회사티지에듀넷,"Trigem Edunet, Inc",티지에듀넷, ,김종명,기타법인,110111-1825574,113-81-57147,서울특별시 종로구 연지동 은석빌딩 서관 8층,tgedu.com,,데이터베이스 및 온라인정보 제공업,1999-12-10,12월
주식회사 티지에스,"TGS,Inc.",티지에스, ,정동훈,기타법인,131411-0194086,134-86-37589,"경기도 안산시 단원구 능안로 98-12 (신길동, (주)잉크테크)",https://tgsvc.co.kr/index.do,,기타 정보기술 및 컴퓨터운영 관련 서비스업,2007-03-13,12월
(주)티지코프,"TGCorp Co.,Ltd",티지코프, ,정정태,기타법인,110111-1675466,112-81-52213,서울특별시 강남구 대치3동942,www.tgcorp.com,,기타 정보기술 및 컴퓨터운영 관련 서비스업,1999-04-02,12월
(주)티캐스트,Tcast,티캐스트, ,엄재용,기타법인,110111-3962457,220-87-71134,"서울특별시 종로구 새문안로 68 (신문로1가, 흥국생명빌딩) 9층",www.tcast.tv,,프로그램 공급업,2008-09-01,12월
(주)티캐스트콘텐츠허브,"Tbroad Fox Korea Co.,Ltd.",티캐스트콘텐츠허브, ,강신웅,기타법인,110111-3390997,220-87-23665,"서울특별시 종로구 새문안로 68 (신문로1가, 흥국생명빌딩) 8층", ,,프로그램 공급업,2006-02-02,12월
티케이지티디에스 주식회사,"TKG TDS CO., LTD",티케이지티디에스, ,장승열,기타법인,195511-0138010,615-81-84382,경상남도 김해시 김해대로2635번길 26 (안동) 3층, ,,컴퓨터시스템 통합 자문 및 구축 서비스업,2011-07-01,12월
(주)티티아이디지탈센타,TTi Digital Center Inc.,티티아이디지탈센타, ,이주희,기타법인,110111-1781734,214-86-38996,서울특별시 서초구 서초동 1305-2 유화빌딩 2층,www.ttidigital.com,,게임 소프트웨어 개발 및 공급업,1999-10-01,12월
티페이지글로벌(주),"TpageGlobal Co., Ltd.",티페이지글로벌, ,심상군,기타법인,110111-1741697,207-81-56064,서울특별시 구로구 구로동 235번지 한신IT타워 408호,http://www.tpage.com,,데이터베이스 및 온라인정보 제공업,1999-07-26,12월
(주)티피엔에스,TP&NS,티피엔에스, ,"이상윤, 성기현",기타법인,110111-4169581,220-87-86582,서울특별시 종로구 신문로1가 226 흥국생명빌딩 8층, ,,광고 영화 및 비디오물 제작업,2009-08-31,12월
주식회사 티피지레인지,TPZRANGE,티피지레인지, ,김형성,기타법인,110111-8263777,475-86-02389,서울특별시 서초구 동산로2길 16 (양재동) 2층, ,,응용 소프트웨어 개발 및 공급업,2022-05-01,12월
주식회사 티피지온,TPZON,티피지온, ,이지훈,기타법인,110111-8447230,306-86-02652,"서울특별시 송파구 올림픽로4길 17 (잠실동, 아시아선수촌아파트) 1동 지하1층", ,,응용 소프트웨어 개발 및 공급업,2022-10-12,12월
(주)틴하우스,"TIN HOUSE CO.,LTD.",틴하우스, ,김문생,기타법인,110111-1559785,120-81-81529,서울특별시 서초구 서초동 1451-72,TINHOUSE.CO.KR,,애니메이션 영화 및 비디오물 제작업,1998-06-26,12월
(주)틸론,"TILON Co.,Ltd.",틸론,217880,최백준,코넥스시장,110111-2304387,119-81-49757,서울특별시 강서구 마곡중앙14로 22틸론,www.tilon.com,,응용 소프트웨어 개발 및 공급업,2001-08-08,12월
팀42 주식회사,"TEAM42 CO., LTD.",팀42, ,나성수,기타법인,110111-6127397,185-86-00417,"서울특별시 마포구 새창로 7 12층 (도화동, 서울대학교총동창회장학빌딩)", ,,모바일 게임 소프트웨어 개발 및 공급업,2016-07-25,12월
주식회사 팀스토리,"TEAM STORY CO. ,LTD",팀스토리, ,오선규,기타법인,110111-7908671,715-86-02079,"서울특별시 강남구 봉은사로 457 (삼성동, S&CTOWER삼성) 8층",www.teamstory.kr,,출판업,2021-06-03,12월
주식회사 팀씨,TEAM C,팀씨, ,최성필,기타법인,110111-6215407,374-87-00519,"서울특별시 구로구 디지털로 242 (구로동, 한화비즈메트로1차) 1101호", ,,데이터베이스 및 온라인정보 제공업,2016-10-27,12월
(주)팁스정보통신,Technical Information Public Service,팁스정보통신, ,박광수,기타법인,131311-0030969,125-81-31757,경기도 평택시 서정동 903-3 로얄프라자 1층,www.cytown.co.kr,,기타 정보기술 및 컴퓨터운영 관련 서비스업,2000-03-15,12월
(주)파낙시아,"Panaxia Co., Ltd.",파낙시아, ,김이엽,기타법인,214111-0000510,402-81-32653,전라북도 전주시 덕진구 진북1동 320-50 (4층),www.panaxia.com,,시스템 소프트웨어 개발 및 공급업,2000-06-02,12월
주식회사 파네,"pane.co.,ltd.",파네, ,노갑균,기타법인,214511-0004548,419-86-00246,"전라북도 순창군 순창읍 순창5길 34 비동302호(순화리, 대일맨션)", ,,포털 및 기타 인터넷 정보매개 서비스업,2015-10-19,12월
(주)파네즈,PANEZ INC.,파네즈, ,이동수,기타법인,110111-1774218,106-81-82293,서울특별시 강남구 역삼동 732-26 위너스빌딩4층,www.panez.com,,데이터베이스 및 온라인정보 제공업,1999-09-15,12월
주식회사 파라,"PARA Co., Ltd.",파라, ,황규한,기타법인,120111-0465311,131-86-08334,인천광역시 남동구 고잔동 627-6 68 블럭 4롯트 203-1호, ,,컴퓨터시스템 통합 자문 및 구축 서비스업,2008-05-22,12월
파라마운트글로벌코리아유한회사,Paramount Global Korea Limited,파라마운트글로벌코리아, ,안재현,기타법인,110114-0299021,733-81-02674,"서울특별시 종로구 종로5길 7 (청진동, Tower8) 1610호", ,,"영화, 비디오물 및 방송프로그램 제작 관련 서비스업",2022-07-20,12월
(주)파라베스,"Parabes Co,.Ltd.",파라베스, ,문인식,기타법인,110111-2003244,211-86-60960,서울특별시 강남구 논현동 86-6 마루빌딩 2층,www.parabes.com,,게임 소프트웨어 개발 및 공급업,2000-06-21,12월
파라택시스이더리움(주),"Parataxis Ethereum, Inc. ",파라택시스이더리움,290560,Myunghoon Lee,코스닥시장,134111-0125604,138-81-25547,"서울특별시 송파구 법원로9길 26, 제4층 제디-405호(문정동, 에이치비지니스파크)",www.sinsiway.com,,시스템 소프트웨어 개발 및 공급업,2005-01-21,12월
(주)파란고양이,"PARANGOYANGIMEDIA Co.,Ltd.",파란고양이, ,김남용,기타법인,110111-3331793,211-87-72968,서울특별시 마포구 상수동 109-2 선진빌딩 3층, ,,방송 프로그램 제작업,2005-10-28,12월
(주)파란불에길건너기,WALKING ON THE BLUE,파란불에길건너기, ,김광석,기타법인,110111-4125418,211-88-28625,서울특별시 강남구 선릉로121길 13,www.paranboolstudio.com/,,광고 영화 및 비디오물 제작업,2009-06-26,12월
파사디나주식회사,pasadena,파사디나, ,전명희,기타법인,110111-3722554,210-81-59354,"서울특별시 강북구 도봉로 34 (미아동, 트레지오빌딩)", ,,영화관 운영업,2007-09-20,12월
(주)파수,"FASOO Co.,Ltd.",파수,150900,조규곤,코스닥시장,110111-1991680,120-86-06582,서울특별시 마포구 상암동 1605 누리꿈스퀘어 비즈니스센타 17층,www.fasoo.com,,시스템 소프트웨어 개발 및 공급업,2000-06-08,12월
주식회사 파스토,FASSTO,파스토, ,홍종욱,기타법인,124411-0207010,372-81-00976,"서울특별시 강남구 학동로45길 3 (논현동, 성우빌딩) 3층", ,,응용 소프트웨어 개발 및 공급업,2018-03-01,12월
(주)파와네트,"PAWANET, Inc.",파와네트, ,김정수,기타법인,110111-1712359,214-86-33856,서울특별시 강남구 역삼동 823-21 대공빌딩 1001호,www.pawanet.com,,시스템 소프트웨어 개발 및 공급업,1999-06-10,12월
주식회사 파우게임즈,"FOWGAMES Co., Ltd",파우게임즈, ,이광재,기타법인,110111-6915792,454-86-01229,"경기도 성남시 분당구 대왕판교로645번길 14 (삼평동, 네오위즈) 6층",www.fowgames.com/index,,모바일 게임 소프트웨어 개발 및 공급업,2018-11-05,12월
주식회사 파우바이오,"Paubio Co.,Ltd",파우바이오, ,이상진,기타법인,110111-6714722,403-88-00944,"경기도 안양시 동안구 벌말로 123 (관양동, 평촌스마트베이) A동 1801호", ,,우편 및 통신업,2018-04-23,12월
주식회사 파운트,"fount co., Ltd.",파운트, ,김영빈,기타법인,110111-5884633,216-88-00205,"서울특별시 중구 한강대로 416 (남대문로5가, 서울스퀘어) 13층", ,,데이터베이스 및 온라인정보 제공업,2015-11-09,12월
(주)파워보이스,"POWERVOICE Co., Ltd.",파워보이스, ,정희석,기타법인,110111-2438368,210-81-39168,"경기도 성남시 분당구 판교로255번길 20 6층(삼평동,원익빌딩)",www.kpvoice.com,,시스템 소프트웨어 개발 및 공급업,2002-01-25,12월
(주)파워비젼프로그램네트워크,powervision program network,파워비젼프로그램네트워크, ,박성주,기타법인,110111-2901258,107-86-42585,서울특별시 영등포구 여의도동 13 진미파라곤 420호, ,,방송 프로그램 제작업,2003-11-22,12월
(주)파워애드넷,"poweradnet co,ltd",파워애드넷, ,배성호,기타법인,170111-0167446,504-81-32736,대구광역시 중구 대봉1동 44-30 선모빌딩3~5층,www.poweradnet.com,,시스템 소프트웨어 개발 및 공급업,2000-02-17,12월
(주)파워코리아 21,POWER KOREA 21,파워코리아21, ,송요섭,기타법인,110111-1815088,120-81-96100,서울특별시 강남구 삼성1동 무역센타무역회관 3105,www.pk21.net,,유선 통신업,1999-11-24,12월
파워테크놀로지 주식회사,power technology,파워테크놀로지, ,이케다 시게키,기타법인, ,0100-01-109981,일본국 도쿄도 치요다구 니반쵸 11-7, ,,포털 및 기타 인터넷 정보매개 서비스업,2003-04-16,03월
(주)파워텔정보통신,"Powertel comm.Co.,Ltd",파워텔정보통신, ,김수환,기타법인,110111-2035396,214-86-64437,서울특별시 서초구 서초동 1319-13(현대타워 810호), ,,통신 재판매업,2000-07-26,12월
파이낸셜뉴스신문(주),The financial news,파이낸셜뉴스신문, ,전재호,기타법인,110111-2158841,107-81-95321,"서울특별시 영등포구 여의나루로 81 (여의도동) 파이낸셜뉴스빌딩 6,7층",www.fnnews.com,,신문 발행업,2001-01-15,12월
(주)파이낸셜데이타시스템,"Financial Data System Co., Ltd",파이낸셜데이타시스템, ,"조동현, 홍기문",기타법인,110111-2769870,109-81-85076,"서울특별시 종로구 율곡로 88 5층 (운니동, 이노88타워)",www.fdsystem.co.kr/,,응용 소프트웨어 개발 및 공급업,2003-05-01,12월
주식회사 파이널데이터,"FINALDATA, INC.",파이널데이터, ,이채홍,기타법인,110111-1734767,120-81-91328,서울특별시 강남구 학동로 175 미디어센타빌딩 7층,www.finaldata.com,,시스템 소프트웨어 개발 및 공급업,1999-07-14,12월
(주)파이디지털헬스케어,PHI DIGITAL HEALTHCARE INC.,파이디지털헬스케어, ,김유석,기타법인,110111-4892629,110-86-01163,"서울특별시 서대문구 성산로 543 (대신동, 국제빌딩) 2층 서편관",www.phidigital.co.kr,,컴퓨터 프로그래밍 서비스업,2012-06-10,12월
(주)파이어독스,"FIREDOGS.CO.,LTD.",파이어독스, ,박근범,기타법인,110111-5668326,778-88-00042,"서울특별시 금천구 가산디지털2로 67 (가산동, 에이스하이엔드타워7) 1202,1203,1204호",www.firedogs.co.kr,,시스템 소프트웨어 개발 및 공급업,2015-03-17,12월
파이언넷 주식회사,PIONNET INC.,파이언넷, ,정병철,기타법인,110111-2892522,220-86-74570,"서울특별시 강서구 마곡동로 36 (마곡동, 파이언넷)",www.pionnet.co.kr,,컴퓨터 프로그래밍 서비스업,2003-11-08,12월
주식회사 파이언소프트,Pionsoft Inc.,파이언소프트, ,이상성,기타법인,110111-1109085,229-81-03820,서울특별시 강남구 삼성동 165-2 성도벤처타워 5층,http://www.pionsoft.com/,,시스템 소프트웨어 개발 및 공급업,1994-12-31,12월
주식회사 파인가든,finegarden,파인가든, ,홍기원,기타법인,110111-3718363,113-86-15462,서울특별시 구로구 구로동 212-26 이-스페이스 801, ,,출판업,2007-07-13,12월
(주)파인블루,Pine Blue,파인블루, ,김경숙,기타법인,110111-4584490,214-88-76484,"서울특별시 서초구 서초중앙로 149-5 (서초동, 파인빌딩)",www.pineblue.co.kr,,시스템 소프트웨어 개발 및 공급업,2011-04-18,12월
파인에셋서비스(주),PAS,파인에셋서비스, ,이무상,기타법인,110111-2722349,104-81-79017,서울특별시 중구 수표로 49 (저동2가) 79-11 3층, ,,통신 재판매업,2003-02-21,12월
주식회사 파인원커뮤니케이션즈,pineone communications,파인원커뮤니케이션즈, ,채지웅,기타법인,110111-8152417,195-81-02528,"서울특별시 금천구 디지털로9길 99 (가산동, 스타밸리) 812호", ,,응용 소프트웨어 개발 및 공급업,2022-01-03,12월
(주)파인원홀딩스,"PINEONE Communication Co., Ltd",파인원홀딩스, ,안상근,기타법인,110111-3088211,119-81-75779,서울특별시 서초구 효령로72길 36-5 (서초동),www.pineone.com,,소프트웨어 개발 및 공급업,2004-09-22,12월
(주)파킹스퀘어,PARKINGSQUARE,파킹스퀘어, ,김태성,기타법인,110111-5129633,104-86-48372,"경기도 성남시 분당구 판교역로 231 (삼평동) 304호(삼평동, 에이치스퀘어 에스동)", ,,응용 소프트웨어 개발 및 공급업,2013-05-07,12월
주식회사 파트너,"Partner Co.,Ltd.",파트너, ,김효빈,기타법인,120111-0621260,122-86-26094,"경기도 성남시 분당구 판교역로 235 (삼평동, 에이치스퀘어엔동) 9층", ,,응용 소프트웨어 개발 및 공급업,2012-07-30,12월
파트너스네트워크(주),The Partners Inc.,파트너스네트워크, ,이상선,기타법인,110111-1829724,120-81-96925,서울특별시 서초구 반포4동 52-14 도움빌딩301, ,,데이터베이스 및 온라인정보 제공업,1999-12-16,12월
주식회사 파파모빌리티,"PAPA Mobility Co., Ltd",파파모빌리티, ,박정훈,기타법인,110111-6736099,865-87-01066,"서울특별시 종로구 효자로 15 (통의동, 다모여빌딩) 3층",www.papamobility.com/,,소프트웨어 개발 및 공급업,2018-04-26,12월
(주)팍스넷,"PAXNet, Inc.",팍스넷,038160,고성웅,기타법인,110111-1698830,202-81-63804,"서울특별시 강남구 테헤란로 425 13층 (삼성동, 신일빌딩)",www.paxnet.co.kr,,데이터베이스 및 온라인정보 제공업,1999-05-21,12월
주식회사 팍스넷경제티브이,"Paxnetetv, Inc.",팍스넷경제티브이, ,김영무,기타법인,110111-5577444,117-81-90624,"서울특별시 서대문구 충정로 29 8층 (충정로3가, 동아일보사건물)",paxnetetv.co.kr,,프로그램 공급업,2014-12-01,12월
(주)판당고코리아,Fandango Korea,판당고코리아, ,김영민,기타법인,110111-2124066,211-86-69904,서울특별시 강남구 청담동 141-18 강숙희빌딩 4층,www.ilikepop.com,,데이터베이스 및 온라인정보 제공업,2000-12-06,12월
(주)판도라티비,"PANDORA TV CO.,LTD.",판도라티비,202960,김경익,코넥스시장,110111-1642738,220-81-57969,"경기도 성남시 분당구 판교로228번길 153동 7층 701호(삼평동,판교세븐벤처밸리1)",www.pandora.tv,,시스템 소프트웨어 개발 및 공급업,1999-01-29,12월
판씨네마주식회사,PANCINEMA,판씨네마, ,백명선,기타법인,110111-2756588,110-81-61303,서울특별시 은평구 불광1동 275-1, ,,"영화, 비디오물 및 방송프로그램 배급업",2003-04-01,12월
주식회사 판타지움,fantaseum,판타지움, ,손문선,기타법인,110111-0201452,208-81-05312,"서울특별시 중구 퇴계로 36 (남창동, 삼선빌딩)", ,,영화관 운영업,1977-07-01,12월
팔란티어코리아 유한회사,Plantir Korea LLC,팔란티어코리아, ,RYAN DOUGLAS TAYLOR (라이언더글라스테일러),기타법인,110114-0306199,856-87-02697,서울특별시 종로구 종로 96 (종로2가) 리저스 한올타워 409호, ,,시스템 소프트웨어 개발 및 공급업,2023-01-09,12월
팔란티어테크놀로지스코리아 유한회사,Palantir Technologies Korea,팔란티어테크놀로지스코리아, ,"데본알렉산드라클레인, 아나드르마노비치소로",기타법인,110114-0290574,572-87-02668,서울특별시 종로구 종로 96 (종로2가) 리저스 한올타워 408호, ,,응용 소프트웨어 개발 및 공급업,2022-02-14,12월
주식회사 팜스디앤시,"Fams D&C co.,Ltd",팜스디앤시, ,이용희,기타법인,110111-3296848,110-81-71854,"서울특별시 은평구 불광로 20 (대조동, 팜스퀘어 11층)", ,,영화관 운영업,2005-08-31,12월
주식회사 팜캐드,"PharmCADD Co,Ltd",팜캐드, ,"권태형, 우상욱",기타법인,180111-1204261,284-86-01260,"부산광역시 동구 중앙대로 331 12층 (초량동, 메리츠화재)",www.hparmcadd.com,,시스템 소프트웨어 개발 및 공급업,2019-03-05,12월
(주)팜텍홀딩스,pharmtechholdings,팜텍홀딩스, ,박성호,기타법인,110111-1885619,211-86-91274,서울특별시 강남구 청담동 91-2,http://www.drugn.com,,데이터베이스 및 온라인정보 제공업,2000-02-22,12월
(주)팝콘컴퍼니,POPCORN COMPANY,팝콘컴퍼니, ,심재만,기타법인,110111-3162130,211-87-60609,서울특별시 강남구 논현동 99-1 중앙빌딩, ,,"영화, 비디오물 및 방송프로그램 배급업",2005-01-31,12월
(주)팝콘필름,POPCORN FILM,팝콘필름, ,한성구,기타법인,110111-1635808,211-86-48592,서울특별시 강남구 논현동 99-1 중앙빌딩, ,,일반 영화 및 비디오물 제작업,1999-01-18,12월
주식회사 팝콤네트,"popcom net.co.,Ltd",팝콤네트, ,최승혁,기타법인,110111-1517808,220-81-57014,서울특별시 강남구 청담동 58-12 팝컴빌딩,popcom net,,시스템 소프트웨어 개발 및 공급업,1998-02-28,12월
(주)팡스카이,"PangSky Co., Ltd.",팡스카이,266350,이병진(단독대표이사),코넥스시장,110111-4972900,119-86-62250,"서울특별시 구로구 디지털로31길 20 709호(구로동, 에이스테크노타워5차)",www.panggame.com/,,게임 소프트웨어 개발 및 공급업,2012-10-04,12월
주식회사 패러블엔터테인먼트,PARABLE ENTERTAINMENT Inc,패러블엔터테인먼트, ,김영비,기타법인,110111-6505858,368-86-01011,"경기도 고양시 덕양구 삼송로 8 605호 (원흥동, 한일골드타워)",parable-asia.com/,,영상물 제공 서비스업,2017-09-04,12월
패밀리,FAMILY,패밀리, ,중광무웅,기타법인, ,003694,서울특별시 영등포구 여의도동 24-4 신한증권 법인영업부, ,,뉴스 제공업,1968-10-12,01월
(주)패뷸러스,Fabulous Corp.,패뷸러스, ,정성복,기타법인,110111-4332021,105-87-43741,"서울특별시 강남구 학동로 207 (논현동) K-Square Bldg 6,7F",fab-pictures.com,,"영화, 비디오물 및 방송프로그램 제작업",2010-04-10,12월
주식회사 패션온,"Fashion on Co.,Ltd.",패션온, ,김민준,기타법인,110111-8223309,468-88-02124,"서울특별시 마포구 와우산로 48 (상수동, 로하스타워) B2층 306호",www.fashionon.co.kr,,응용 소프트웨어 개발 및 공급업,2022-04-01,12월
(주)패션플러스,"Fashionplus,INC.",패션플러스, ,이중석,기타법인,110111-1714420,214-86-34194,경기도 성남시 분당구 판교로 242 (삼평동 624번지) PDCC빌딩 A동 1002호,www.fashionplus.co.kr,,기타 정보기술 및 컴퓨터운영 관련 서비스업,1999-06-15,12월
주식회사 패스트뷰,"FastView Co., Ltd.",패스트뷰, ,오하영,기타법인,134511-0354982,619-87-00936,"서울특별시 강남구 강남대로 364 (역삼동, 미왕빌딩) 12층", ,,그 외 기타 정보 서비스업,2018-04-27,12월
팩넷네트워크코리아 주식회사,Pacnet Network Korea,팩넷네트워크코리아, ,제임스앨로이셔스페이건,기타법인,110111-2120840,101-81-65187,"서울특별시 강남구 영동대로 511 (삼성동, 트레이드타워) 3602호",www.pacnet.com,,그 외 기타 전기 통신업,2000-12-02,06월
팩넷서비스코리아 (주),Pacner Services Korea,팩넷서비스코리아, ,송종선,기타법인,110111-1817878,120-81-96153,"서울특별시 강남구 영동대로 511 (삼성동, 트레이드타워) 3602호", ,,통신 재판매업,2002-09-30,12월
팩넷케이블코리아 주식회사,Pacnet Cable Korea,팩넷케이블코리아, ,브렛래리래이,기타법인,110111-2264507,104-81-62840,"서울특별시 강남구 영동대로 511 (삼성동, 트레이드타워) 3602호",www.pacnet.com,,전기 통신업,2001-09-01,12월
(주)팩시아커뮤니케이션,PAXIA Communication Inc.,팩시아커뮤니케이션, ,김경임,기타법인,110111-1328502,116-81-61558,서울특별시 영등포구 여의도동 대상빌딩 1805호,paxia.co.kr,,방송 및 영상·오디오물 제공 서비스업,1996-10-10,03월
팩트블록 주식회사,FACTBLOCK CORP.,팩트블록, ,전선익,기타법인,110111-6691673,571-88-00913,"서울특별시 서초구 강남대로 337 (서초동, 337) 8,9,14층", ,,그 외 기타 정보 서비스업,2018-04-01,12월
주식회사 팬덤스튜디오,"Fandom Studio Co.,Ltd.",팬덤스튜디오, ,황종욱,기타법인,131111-0605245,154-81-01926,"경기도 성남시 분당구 예원로6번길 35 (분당동, 그린빌라) 305호", ,,음악 및 기타 오디오물 출판업,2020-09-09,12월
(주)팬딩,Fanding Inc.,팬딩, ,엄세현,기타법인,110111-6865781,187-88-01148,"서울특별시 강남구 선릉로92길 36 대동빌딩 3,4,5,7,8층 (삼성동)", ,,응용 소프트웨어 개발 및 공급업,2018-09-07,12월
(주)팬엔터테인먼트,"PANENTERTAINMENTCO.,LTD.",팬엔터테인먼트,068050,박영석,코스닥시장,110111-1531460,120-81-80345,서울특별시 마포구  월드컵북로58길 10,www.thepan.co.kr,,방송 프로그램 제작업,1998-04-03,12월
(주)팬월드네트웍스,PanWorldNetworks,팬월드네트웍스, ,이경종,기타법인,210111-0025819,402-81-22081,서울특별시 강남구 역삼동 662-7, ,,그 외 기타 전기 통신업,1996-11-02,12월
(주)팬지아이십일,"PANGAEA21, LTD,.",팬지아이십일, ,이재극,기타법인,110111-1486409,120-81-77350,경기도 안양시 동안구 관양2동 메가밸리 824호, ,,시스템 소프트웨어 개발 및 공급업,1997-12-01,12월
(주)팬택씨앤아이,"Pantech C&I CO., LTD.",팬택씨앤아이, ,박병엽,기타법인,110111-1199250,120-81-54191,"서울특별시 영등포구 의사당대로 83 (여의도동, 한국휴렛팩커드빌딩) 12층",www.pantechcni.com,,기타 정보기술 및 컴퓨터운영 관련 서비스업,1995-09-26,12월
주식회사 팬택씨앤아이,"PANTECH C&I Co.,Ltd.",팬택씨앤아이, ,박병엽,기타법인,110111-7640934,108-86-17624,"서울특별시 영등포구 의사당대로 83 13층 (여의도동, 오투타워)",www.pantechcni.com/,,컴퓨터시스템 통합 자문 및 구축 서비스업,2020-10-05,12월
주식회사 팬텀,Fantome Inc.,팬텀, ,김동준,기타법인,110111-7229374,396-81-01501,서울특별시 마포구 와우산로29가길 69 (서교동) 3층, ,,게임 소프트웨어 개발 및 공급업,2019-09-09,12월
팹 주식회사,PAP Corp.,팹, ,"김건호, 류진혁",기타법인,110111-8177259,629-87-02396,"서울특별시 강남구 테헤란로 128 (역삼동, 성곡빌딩) 3층 389호", ,,그 외 기타 정보 서비스업,2022-01-24,12월
주식회사 퍼니글루,"Funigloo Co., Ltd",퍼니글루, ,백창흠,기타법인,110111-3993494,113-86-25577,"서울특별시 구로구 디지털로26길 111 1302,1303 (구로동, 제이앤케이디지털타워)", ,,게임 소프트웨어 개발 및 공급업,2008-11-03,03월
주식회사 퍼니지,Funny G Inc.,퍼니지, ,박세진,기타법인,110111-5241081,105-87-93595,"서울특별시 구로구 디지털로 300 (구로동, 지밸리비즈플라자)", ,,모바일 게임 소프트웨어 개발 및 공급업,2013-10-08,12월
(주)퍼니플럭스,funnyflux,퍼니플럭스, ,정길훈,기타법인,110111-3907817,201-86-06727,"서울특별시 마포구 성암로 330 (상암동, DMC첨단산업센터) 601호",www.funnyflux.kr,,"영화, 비디오물 및 방송프로그램 제작업",2008-06-04,12월
(주)퍼블릭웰,"Publicwell Co., Ltd",퍼블릭웰, ,이재익,기타법인,180111-0366377,607-81-54548,부산광역시 연제구 연산동 582-7번지 하이트빌딩 8층,www.publicwell.com,,데이터베이스 및 온라인정보 제공업,2001-06-20,12월
퍼스트데이타인터내셔널코리아(주),First Data International Korea Inc.,퍼스트데이타인터내셔널코리아, ,김태성,기타법인,110111-2015588,220-81-91841,서울특별시 관악구 봉천동 1659-5 자티전자빌딩 3층,www.firstdatacorp.co.kr,,그 외 기타 전기 통신업,2000-07-03,12월
주식회사 퍼스트맨스튜디오,"Firstman studio co., Ltd.",퍼스트맨스튜디오, ,"황동혁, 김지연",기타법인,110111-8291984,539-88-02353,"서울특별시 마포구 마포대로 92 (도화동, 효성해링턴스퀘어)", ,,방송 프로그램 제작업,2022-05-06,12월
주식회사 퍼스트스파크게임즈,"FirstSpark Games Co.,Ltd.",퍼스트스파크게임즈, ,최문영,기타법인,131111-0075811,472-88-03122,"경기도 성남시 분당구 대왕판교로644번길 12 (삼평동, 엔씨소프트판교R&D센터) N타워 10층", ,,유선 온라인 게임 소프트웨어 개발 및 공급업,2025-02-03,12월
(주)퍼스트파트너스,Firstpartners,퍼스트파트너스, ,박상준,기타법인,110111-8070974,362-81-02282,서울특별시 마포구 양화로 127 (서교동)첨단빌딩 7층, ,,데이터베이스 및 온라인정보 제공업,2021-10-27,12월
주식회사 퍼즐에이아이,"PUZZLE AI CO.,LTD.",퍼즐에이아이, ,김용식,기타법인,110111-6835990,851-86-00945,"서울특별시 서초구 반포대로 22 (서초동, 서초평화빌딩,대호빌딩), 6층",puzzle-ai.com,,시스템 소프트웨어 개발 및 공급업,2018-08-08,12월
주식회사 퍼즐원스튜디오,"Puzzle1Studio, inc.",퍼즐원스튜디오, ,이기섭,기타법인,131111-0540681,465-86-01248,"경기도 성남시 분당구 대왕판교로645번길 14 (삼평동, 네오위즈)", ,,모바일 게임 소프트웨어 개발 및 공급업,2019-01-02,12월
주식회사 퍼펙트스톰,"Perfectstorm, LTD",퍼펙트스톰, ,"박건수, 박경제",기타법인,110111-7126265,456-87-01275,서울특별시 성동구 성수일로 111 304호,www.perfect-storm.net,,그 외 기타 정보 서비스업,2019-06-01,12월
(주)퍼펙트스톰필름,PERFECTSTORMFILM,퍼펙트스톰필름, ,강명찬,기타법인,110111-5303451,261-81-05346,서울특별시 강남구 선릉로127길 11 다인빌딩 5층 (논현동), ,,일반 영화 및 비디오물 제작업,2014-01-01,12월
퍼펙트월드,"Perfect World Co., Ltd.",퍼펙트월드, ,Chi Yufeng,기타법인, ,46607,"MAPLES CORPORATE SERVICES LIMITED, PO BOX 309, UGLAND HOUSE, GRAND CAYMAN, KY1-1104,CAYMAN ISLANDS", ,,게임 소프트웨어 개발 및 공급업,2006-06-28,12월
주식회사 퍼펙트월드코리아,"Perfect World Korea Co.,ltd",퍼펙트월드코리아, ,JIANG DALI,기타법인,110111-4719229,220-88-27412,"서울특별시 강남구 선릉로87길 8 (역삼동, 디알스타타워) 10층", ,,유선 온라인 게임 소프트웨어 개발 및 공급업,2011-12-01,12월
(주)퍼플아이오,"purple io, Inc",퍼플아이오, ,윤정훈,기타법인,110111-7376505,559-87-01569,"서울특별시 강남구 테헤란로 445 (삼성동, 본솔빌딩)", ,,컴퓨터 프로그래밍 서비스업,2020-02-03,12월
퍼플엠 주식회사,"PurpleM Co.,Ltd.",퍼플엠, ,김종민,기타법인,110111-7551686,199-88-01476,"서울특별시 강남구 남부순환로 2621 (도곡동, 에스앤아이강남빌딩)", ,,시스템 소프트웨어 개발 및 공급업,2020-07-10,12월
(주)펀듀,Fundu co.ltd.,펀듀, ,"박희웅, 남상우",기타법인,110111-5866128,133-81-43647,"서울특별시 강남구 논현로 656 3층(논현동,유건빌딩)",https://www.fundu.kr/,,정보서비스업,2015-10-15,12월
(주)펀진,"Funzin Co.,Ltd.",펀진, ,김득화,기타법인,131111-0165869,129-81-98478,"서울특별시 성동구 연무장5가길 7 (성수동2가, 성수역현대테라스타워) EAST동 13층",www.funzin.co.kr,,컴퓨터시스템 통합 자문 및 구축 서비스업,2006-06-19,12월
(주)펀플웍스,FUNPLE WORKS INC.,펀플웍스, ,김현,기타법인,110111-4951417,220-88-45647,"서울특별시 강남구 테헤란로20길 20 3층(역삼동, 삼정빌딩)",www.funplecorp.com,,게임 소프트웨어 개발 및 공급업,2012-08-31,12월
주식회사 펄어비스,PearlAbyss Corp.,펄어비스,263750,허진영,코스닥시장,134111-0195582,138-81-62479,"경기도 과천시 과천대로2길 48 (갈현동, 펄어비스 홈 원)",www.pearlabyss.com,,유선 온라인 게임 소프트웨어 개발 및 공급업,2010-09-10,12월
(주)펄엔터테인먼트,"Pearl Entertainment Co., Ltd.",펄엔터테인먼트, ,이해균,기타법인,110111-1809908,220-81-70526,서울특별시 강남구 신사동 627-17 HB빌딩 5층, ,,일반 영화 및 비디오물 제작업,1999-11-17,12월
펍지 주식회사,PUBG CORPORATION,펍지, ,김창한,기타법인,110111-4142298,120-87-42722,"서울특별시 서초구 서초대로38길 12 6,7,8층(서초동,마제스타시티 타워원)",www.bluehole.net,,게임 소프트웨어 개발 및 공급업,2009-07-21,12월
주식회사 펑키스튜디오,PHUNKY STUDIO.Inc,펑키스튜디오, ,한동철,기타법인,110111-7516143,734-86-02008,"서울특별시 마포구 월드컵북로58길 10 (상암동, 팬엔터테인먼트사옥) 3층", ,,"영화, 비디오물 및 방송프로그램 배급업",2020-07-01,12월
페가수스프라이빗에퀴티,Pegasus Private Equities,페가수스프라이빗에퀴티, ,방용성,기타법인,110111-3219105,107-86-63241,"서울특별시 강남구 테헤란로52길 21 (역삼동, 역삼동벤처빌딩)4층", ,,그 외 기타 정보 서비스업,2005-04-09,03월
(주)페드넷,pednet,페드넷, ,정년하,기타법인,110111-1997513,211-86-61033,서울특별시 마포구 성산1동 278-60 2층,http://pednet.co.kr,,데이터베이스 및 온라인정보 제공업,2000-06-15,03월
(주)페르소나에이아이,"Persona AI Co,.Ltd.",페르소나에이아이, ,유승재,기타법인,110111-6343836,696-86-00654,"서울특별시 강남구 테헤란로81길 13 2층(삼성동,동원빌딩)",personaai.co.kr,,소프트웨어 개발 및 공급업,2017-03-20,12월
(주)페이게이트,paygate.co.ltd,페이게이트, ,"박소영, 이동산",기타법인,110111-1745160,212-81-43426,서울특별시 송파구 석촌호수로 258 잠실아르누보팰리스 2층 (송파동),www.paygate.net,,시스템 소프트웨어 개발 및 공급업,1999-07-30,12월
페이레터 주식회사,PAYLETTER INC,페이레터, ,이성우,기타법인,110111-2152182,114-86-05588,"서울특별시 강남구 역삼로 223 (역삼동, 대사빌딩)",www.payletter.com,,기타 게임 소프트웨어 개발 및 공급업,2001-01-29,12월
페이앤모바일주식회사,"Pay N Mobile Co., Ltd.",페이앤모바일, ,윤병한,기타법인,110111-4504860,214-88-70971,서울특별시 서초구 서초1동 1427-1번지 3층, ,,통신 재판매업,2011-01-13,12월
(주)페이오픈,"Payopen co.,ltd",페이오픈, ,이주원,기타법인,180111-0302066,603-81-39695,서울특별시 강남구 역삼동 786-18 비즈허브타워 2층,http://www.payopen.co.kr,,데이터베이스 및 온라인정보 제공업,1999-10-13,12월
(주)페이지원,"PAGE1 CO.,LTD",페이지원, ,윤재승,기타법인,110111-1771040,120-81-93476,서울특별시 강남구 대치동 994-3,WWW.HIDOC.CO.KR,,데이터베이스 및 온라인정보 제공업,1999-09-10,12월
주식회사 페이히어,Payhere inc.,페이히어, ,박준기,기타법인,131111-0561736,861-81-01475,"서울특별시 강남구 강남대로 374 (역삼동) 케이스퉤어 강남2 16,17", ,,소프트웨어 개발 및 공급업,2019-08-01,12월
주식회사 펜앤드마이크,Pen and Mike,펜앤드마이크, ,정규재,기타법인,110111-6574788,192-81-00934,"서울특별시 종로구 인사동5길 26 (관훈동, 홍익빌딩) 8층", ,,뉴스 제공업,2017-11-24,12월
주식회사 펜타브리드,"PENTABREED CO., LTD.",펜타브리드, ,박태희,기타법인,110111-2323725,114-86-12129,"서울특별시 서초구 서운로26길 9 (서초동, 펜타타워)",www.pentabreed.com,,"컴퓨터 프로그래밍, 시스템 통합 및 관리업",2001-09-03,12월
주식회사 펜타비전,"PENTA VISION CO.,LTD",펜타비전, ,차승희,기타법인,110111-2945735,214-87-48453,서울특별시 강남구 역삼동628-14 코리아스터드빌딩2층,www.pentavision.co.kr,,게임 소프트웨어 개발 및 공급업,2004-02-04,12월
펜타시스템테크놀러지주식회사,Penta Systems Technology Inc.,펜타시스템테크놀러지, ,장종준,기타법인,110111-1064859,116-81-35346,서울특별시 영등포구 여의동 23-3 하나증권빌딩 15층, ,,시스템 소프트웨어 개발 및 공급업,1994-08-08,12월
펜타시큐리티주식회사,Penta Security Systems Inc.,펜타시큐리티, ,이석우,기타법인,110111-1442469,116-81-65189,"서울특별시 영등포구 국제금융로2길 25 (여의도동, (주)유수홀딩스) 20층",www.pentasecurity.com,www.pentasecurity.com,시스템 소프트웨어 개발 및 공급업,1997-07-21,12월
펜타컴퓨터주식회사,"Penta Computer  Co., Ltd.",펜타컴퓨터, ,정진현,기타법인,110111-0529896,116-81-35351,서울특별시 영등포구 여의도동 23-3 하나증권빌딩 15층,www.penta.co.kr,,시스템 소프트웨어 개발 및 공급업,1987-05-08,12월
주식회사 펜타크리드,"Pentacreed Co., Ltd",펜타크리드, ,원동학,기타법인,110111-3641449,220-87-45238,"서울특별시 강남구 논현로 406 (역삼동, 요경빌딩) 5층",pentacreed.co.kr,,컴퓨터시스템 통합 자문 및 구축 서비스업,2007-03-20,12월
주식회사 펠릭스랩,Felix Lab Inc.,펠릭스랩, ,손호준,기타법인,110111-6240834,814-81-00596,"서울특별시 강남구 테헤란로83길 18 4층(삼성동, 매직킹덤빌딩)", ,,유선 온라인 게임 소프트웨어 개발 및 공급업,2016-11-24,12월
펭귄솔루션즈코리아,Penguin Solutions Korea Ltd,펭귄솔루션즈코리아, ,NATHAN LESTER OLMSTEAD(네이슨레스터옴스테드),기타법인,110111-1651705,120-81-87182,"경기도 성남시 분당구 분당내곡로 117 (백현동, 그레이츠판교(GREITSPANGYO)) 4층 4C5",www.penguinsolutions.com,,컴퓨터시스템 통합 자문 및 구축 서비스업,1999-03-01,08월
평창정보통신(주),Pyungchang commputer & communication Inc.,평창정보통신, ,류준걸,기타법인,110111-0805444,215-81-54617,서울특별시 강남구 역삼동 839-7,alta.co.kr,,시스템 소프트웨어 개발 및 공급업,1991-09-18,12월
평해전산용역정산(주),Pyoung Hae,평해전산용역정산, ,백소연,기타법인,110111-5099026,264-81-13224,"서울특별시 서초구 강남대로18길 16-12 (양재동,4층)", ,,자료 처리업,2013-03-27,12월
(주)평화이즈,Pyeonghwa IS.co.Ltd,평화이즈, ,박상수,기타법인,110111-3635004,214-88-04923,"서울특별시 서초구 반포대로 22 (서초동, 서초평화빌딩6층)",www.phis.co.kr,,응용 소프트웨어 개발 및 공급업,2007-03-12,12월
주식회사 포겟,"4GET CO.,LTD.",포겟, ,김성진,기타법인,110111-4273192,211-88-69043,서울특별시 서초구 방배로34길 4 (방배동),www.4get.co.kr,,포털 및 기타 인터넷 정보매개 서비스업,2011-11-23,12월
(주)포넷,FONET. Co. Ltd,포넷, ,김진도,기타법인,110111-1881831,214-86-49149,서울특별시 영등포구 여의도동 14-3번지 엔빅스빌딩8층,www.fonet.co.kr,,시스템 소프트웨어 개발 및 공급업,2000-02-17,12월
(주)포넷,"FONET Co., Ltd.",포넷,048270,김기태,기타법인,110111-1333890,220-81-39277,경기도 성남시 분당구 정자동 180 미켈란 아케이드 4층 ,"www,fonet.co.kr",,서적 출판업,1996-10-24,12월
포디리플레이코리아 주식회사,"4DREPLAY KOREA, INC.",포디리플레이코리아, ,정홍수,기타법인,131111-0303881,129-86-72134,"서울특별시 강남구 광평로 280 (수서동, 로즈데일오피스텔) 10층",4dreplay.com/,,시스템 소프트웨어 개발 및 공급업,2012-02-17,12월
포럴톤 주식회사,Portaltone. Inc,포럴톤, ,윤필환,기타법인,110111-3058545,120-86-70537,서울특별시 강남구 역삼동 707-34 한신인터벨리24 서관 21층,www.portaltone.com,,기타 정보 서비스업,2004-07-29,12월
포롬디지탈(주),Phorom Digital,포롬디지탈, ,이기붕,기타법인,121111-0061788,130-81-56463,경기도 부천시 원미구 원미동 87-2 부천시벤처보육센터 207호,www.phorom.co.kr,,시스템 소프트웨어 개발 및 공급업,1998-06-30,12월
주식회사포마인드,Four Mind Corporation,포마인드, ,전태영,기타법인,164711-0024064,307-81-35845,세종특별자치시 전의면 덕고개길 12-11 (서정리), ,,컴퓨터시스템 통합 자문 및 구축 서비스업,2011-12-29,12월
주식회사 포맷티스트,"FormatEast Co.,Ltd",포맷티스트, ,김용재,기타법인,110111-6959451,651-87-01375,서울특별시 양천구 목동서로 161 9층(목동), ,,방송 프로그램 제작업,2018-12-18,12월
포모사코리아(주),"FORMOSA KOREA CO., LTD.",포모사코리아, ,박동섭,기타법인,115611-0038305,128-81-72005,"인천광역시 남동구 남촌동 613-12, 남동공단 33블럭 12롯트",www.formosa.co.kr,,서적 출판업,2002-06-17,12월
(주)포미트,POMIT,포미트, ,강기수,기타법인,180111-0477835,617-81-50627,부산광역시 수영구 장대골로31번길 12 (광안동), ,,자료 처리업,2004-03-02,12월
주식회사 포바이포,4by4 Inc.,포바이포,389140,윤준호,코스닥시장,110111-6501830,712-87-00690,"서울특별시 서초구 강남대로 479 신논현타워, 12층, 13층, 14층",4by4inc.com,,광고 영화 및 비디오물 제작업,2017-08-30,12월
주식회사 포블게이트,FOBLGATE,포블게이트, ,이철이,기타법인,110111-6979558,136-87-01478,"서울특별시 서초구 서초대로 397 (서초동, 부띠크모나코) A동 2707호",www.foblgate.com,,시스템 소프트웨어 개발 및 공급업,2019-01-18,12월
(주)포비스네트웍,"PobisNetwork Co., Ltd",포비스네트웍, ,"이창현, 허한범",기타법인,110111-3310218,120-86-87120,서울특별시 강남구 삼성동 165-14 한호빌딩 3층,www.pobis.co.kr,,컴퓨터 프로그래밍 서비스업,2005-09-23,12월
포스크리에이티브파티 주식회사,4th Creative Party,포스크리에이티브파티, ,"이전형, 손병수",기타법인,131111-0237379,129-86-36647,"부산광역시 부산진구 동천로 109 9층 1021(부전동, 삼한골든게이트)",www.4thparty.co.kr,,일반 영화 및 비디오물 제작업,2009-09-01,12월
주식회사 포스타입,Postype Inc.,포스타입, ,신규섭,기타법인,135811-0287277,786-86-00336,"서울특별시 강남구 테헤란로4길 5 6층 (역삼동, 해암빌딩)", ,,시스템 소프트웨어 개발 및 공급업,2016-03-11,12월
(주)포스텍,"Force TEC CO., LTD.",포스텍, ,김상용,기타법인,194211-0019522,609-81-23911,"경상남도 창원시 의창구 중앙대로228번길 6 2층 (신월동, 에스티엑스빌딩)",www.forcetec.co.kr,,컴퓨터시스템 통합 자문 및 구축 서비스업,1995-10-02,12월
포스트텔링크(주),POSTTELINK.CO,포스트텔링크, ,이재성,기타법인,110111-3312066,119-81-83774,서울특별시 강남구 신사동 강남빌딩 10층, ,,데이터베이스 및 온라인정보 제공업,2005-09-27,12월
(주)포시에스,"FORCS Co., Ltd.",포시에스,189690,"박미경, 조종민",코스닥시장,110111-3940221,108-81-85184,서울특별시 강남구 논현로 646 -,www.forcs.com,www.forcs.com,응용 소프트웨어 개발 및 공급업,2008-07-23,06월
(주)포씨에스,"four c s co.,ltd",포씨에스, ,안재문,기타법인,160111-0098156,314-81-33369,대전광역시 서구 용문동 589-12 수정빌딩 6층,www.4cs.co.kr,,시스템 소프트웨어 개발 및 공급업,2000-05-12,12월
주식회사 포아이알,4IR,포아이알, ,전선미,기타법인,110111-6252285,274-88-00706,"서울특별시 강남구 학동로33길 15 (논현동, 논현오성빌딩)", ,,컴퓨터시스템 통합 자문 및 구축 서비스업,2016-12-22,12월
(주)포어링크,FORELINK,포어링크, ,송기봉,기타법인,110111-2300608,214-86-87288,"서울특별시 금천구 가산디지털2로 184 (가산동, 벽산디지털밸리2차) 1308호",www.forelink.co.kr,,컴퓨터시스템 통합 자문 및 구축 서비스업,2001-08-02,12월
(주)포인트코드,POINTCODE,포인트코드, ,권순욱,기타법인,110111-1888548,101-81-54720,"서울특별시 마포구 마포대로 20 (마포동, 다보빌딩 6층)", ,,시스템 소프트웨어 개발 및 공급업,2000-02-24,12월
주식회사 포인트파크,POINTPARK,포인트파크, ,김주한,기타법인,115911-0023532,128-81-41180,"서울특별시 중구 남대문로5길 47 10층 (북창동, 포인트원)",www.pointpark.com/pointpark/,,컴퓨터 프로그래밍 서비스업,1999-07-14,12월
주식회사 포지큐브,"Posicube Co.,Ltd.",포지큐브, ,오성조,기타법인,131111-0482635,663-87-00651,"서울특별시 강남구 테헤란로14길 16 10층(역삼동, 라인빌딩)", ,,시스템 소프트웨어 개발 및 공급업,2017-05-23,12월
포커스신문사,The Daily Focus,포커스신문사, ,"김진규, 이혜숙",기타법인,110111-2757007,104-81-80101,서울특별시 서초구 반포대로24길 21 (서초동),www.fnn.co.kr,,신문 발행업,2003-04-10,12월
주식회사 포켓모바일,POCKETMOBILE CO.LTD.,포켓모바일, ,박진홍,기타법인,110111-5629401,220-88-96748,"서울특별시 강남구 봉은사로44길 2 (역삼동, 아모제역삼빌딩) 6층",www.pocketmobile.co.kr,,컴퓨터 프로그래밍 서비스업,2015-02-13,12월
(주)포켓몬코리아,"Pokemon Korea, Inc.",포켓몬코리아, ,임재범,기타법인,110111-3516858,113-86-07676,"경기도 용인시 수지구 신수로 801 (동천동, 포켓몬코리아)", ,,기타 게임 소프트웨어 개발 및 공급업,2006-08-28,12월
(주)포톤커뮤니케이션즈,PHOTONE COMMUNICATIONS,포톤커뮤니케이션즈, ,문경수,기타법인,110111-1724271,211-86-53886,서울특별시 강남구 논현동,www.photone.co.kr,,시스템 소프트웨어 개발 및 공급업,1999-07-01,12월
주식회사 포투,"FOTTU CO., LTD",포투, ,박형열,기타법인,135111-0066021,123-81-90288,경기도 군포시 군포첨단산업2로 66 (부곡동),www.fottu.com,,유선 통신업,2003-07-18,12월
포트리스이노베이션 주식회사,FORTRESS INNOVATION,포트리스이노베이션, ,권창기,기타법인,110111-5215888,107-88-02535,서울특별시 용산구 한강대로23길 25 (한강로3가) 3층,www.fortinno.com,,응용 소프트웨어 개발 및 공급업,2013-08-29,12월
(주)포트만쉬핑,"PORTMANN SHIPPING CO., LTD.",포트만쉬핑, ,류방하,기타법인,180111-1335199,438-88-02050,"부산광역시 해운대구 해운대해변로 99 (우동, 경남마리나아파트)", ,,공영 우편업,2021-07-15,12월
포티투닷 주식회사,42dot Inc.,포티투닷, ,최진희,기타법인,131111-0547728,734-86-01407,"경기도 성남시 수정구 창업로40번길 20 센터에이동 (시흥동, SW드림센터)",42dot.ai,,소프트웨어 개발 및 공급업,2019-03-08,12월
주식회사 포티투마루,42Maru Inc.,포티투마루, ,김동환,기타법인,110111-5874816,562-88-00151,서울특별시 서초구 신반포로 310 (반포동),www.42maru.ai/kr/,,컴퓨터시스템 통합 자문 및 구축 서비스업,2015-10-22,12월
(주)포플랫,4PLAT Inc.,포플랫, ,강재호,기타법인,110111-4710574,211-88-67346,"서울특별시 구로구 디지털로 300 (구로동, 지밸리비즈플라자)", ,,모바일 게임 소프트웨어 개발 및 공급업,2011-10-19,12월
포항문화방송주식회사,POHANG MUNHWA BROADCASTING CORP.,포항문화방송, ,정기평,기타법인,174611-0000585,506-81-00282,"경상북도 포항시 남구 새천년대로 421 (대잠동, 포항문화방송)",WWW.PHMBC.CO.KR,,지상파 방송업,1971-10-01,12월
주식회사 폭스소프트,"foxSoft Co., Ltd.",폭스소프트,354230,정성주,기타법인,134111-0125034,123-86-00705,"경기도 성남시 분당구 하오개로 358-3 (운중동, 폭스소프트 센터)",www.foxsoft.kr,,시스템 소프트웨어 개발 및 공급업,2005-01-07,12월
(주)폭스존시네마,FOXZONE,폭스존시네마, ,유제백,기타법인,200111-0215024,410-81-98073,광주광역시 광산구 쌍암동 688-4,www.foxzone.co.kr,,영화관 운영업,2005-09-07,12월
주식회사 폭스커넥트,FOXEDU,폭스커넥트, ,이종탁,기타법인,131111-0642560,697-88-02547,서울특별시 강남구 도곡로1길 23 (역삼동),foxedu.kr,,응용 소프트웨어 개발 및 공급업,2021-08-18,12월
(주)폰터스맵,PONTUSMAP,폰터스맵, ,최정대,기타법인,110111-3139923,215-86-65399,서울특별시 송파구 잠실본동 222번지 서일산업빌딩 2층, ,,시스템 소프트웨어 개발 및 공급업,2004-12-29,12월
(주)폴라렉스시네마,"polarlexcinema co.,ltd",폴라렉스시네마, ,우종철,기타법인,180111-0513209,606-81-92651,부산광역시 북구 덕천동 398-2, ,,영화관 운영업,2005-03-15,12월
(주)폴라리스에이아이,Polaris AI Corp.,폴라리스AI,039980,윤정희,코스닥시장,110111-0747414,214-86-07396,"서울특별시 구로구 디지털로31길 12 16층(구로동, TP타워)",www.polarisai.co.kr/,,"컴퓨터 프로그래밍, 시스템 통합 및 관리업",1991-02-01,12월
(주)폴라리스오피스,Polaris Office Corp.,폴라리스오피스,041020,지준경,코스닥시장,110111-1398117,220-81-43747,"서울특별시 구로구 디지털로31길 12 11층, 15층",www.polarisofficecorp.com,,시스템 소프트웨어 개발 및 공급업,1997-04-07,12월
(주)폴리곤게임즈,"POLYGONGAMES CO.,LTD.",폴리곤게임즈, ,신국희,기타법인,110111-3850834,114-86-65081,"서울특별시 강남구 선릉로 643 (논현동, 풍전빌딩) 3,4,5,6층",www.polygongames.co.kr,,게임 소프트웨어 개발 및 공급업,2008-02-29,12월
폴앤어스 주식회사,"PAULNUS Co.,Ltd.",폴앤어스, ,김유찬,기타법인,110111-9042980,586-86-03349,서울특별시 강남구 논현로151길 15 5층 (신사동), ,,"영화, 비디오물 및 방송프로그램 배급업",2024-08-29,12월
주식회사 푸드테크,"FoodTech Co., Ltd.",푸드테크, ,최준영,기타법인,110111-2332148,119-81-50685,"서울특별시 강남구 삼성로85길 26 (대치동, V&amp;S) 4층",www.foodtechkorea.com,,응용 소프트웨어 개발 및 공급업,2001-09-13,12월
주식회사 푸딩,PUDDING Corp,푸딩, ,홍지완,기타법인,170111-0723529,688-87-01440,"대구광역시 동구 동부로 172 4층(신천동,푸딩빌딩)",대구광역시 동구 동부로172,,컴퓨터 프로그래밍 서비스업,2019-05-14,12월
(주)푸마시에이아이,pumasyai,푸마시에이아이, ,김희봉,기타법인,110111-0924104,612-87-03607,"서울특별시 구로구 디지털로34길 55 (구로동, 코오롱싸이언스밸리2차) B201-122호",www.pumasy.com,,시스템 소프트웨어 개발 및 공급업,2025-04-18,12월
주식회사풀러스,Poolus Inc.,풀러스, ,김태호,기타법인,110111-6016780,422-86-00349,"서울특별시 마포구 양화로19길 22-16 (동교동, 유티엘동교빌딩) 3층",poolus.kr,,응용 소프트웨어 개발 및 공급업,2016-04-04,12월
주식회사 퓨리오사에이아이,"FuriosaAI, Inc.",퓨리오사에이아이, ,BAEK JOON HO(백준호),기타법인,135811-0313494,860-87-00780,"서울특별시 강남구 도산대로 145 14층 (신사동, 인우빌딩)", ,,시스템 소프트웨어 개발 및 공급업,2017-04-04,12월
(주)퓨마정보기술,"PUMA Information technology co,Ltd.",퓨마정보기술, ,이현호,기타법인,180111-0248111,602-81-13431,부산광역시 사상구 엄궁동 651-1 부산시 지정 벤처빌딩 307호,puma.co.kr,,컴퓨터시스템 통합 자문 및 구축 서비스업,1997-12-30,12월
(주)퓨전,"Fusion Co.,Ltd",퓨전,195440,이재수,기타법인,110111-2252289,107-86-01532,"서울특별시 강남구 도산대로 532 5층(청담동,인희빌딩)",www.fusiondata.co.kr,,시스템 소프트웨어 개발 및 공급업,2001-06-01,12월
주식회사퓨전소프트,"FUSION SOFT CO.,LTD",퓨전소프트, ,박경욱,기타법인,170111-0151895,504-81-29565,대구광역시 북구 동천동 969-7, ,,시스템 소프트웨어 개발 및 공급업,1999-07-01,12월
주식회사 퓨즈,"FUZ. Co., Ltd",퓨즈, ,허재남,기타법인,110111-3364877,105-86-86914,"서울특별시 금천구 가산디지털1로 205 (가산동, 케이씨씨웰츠밸리) 1003-1005호",fuz.co.kr,,시스템 소프트웨어 개발 및 공급업,2005-12-22,12월
(주)퓨처로보틱스,Future Robotics Inc.,퓨처로보틱스, ,송영기,기타법인,134511-0582608,197-81-02728,대구광역시 달서구 두류공원로 242 (두류동) 7층 701-56호, ,,응용 소프트웨어 개발 및 공급업,2022-05-25,12월
(주)퓨처젠 씨플래닛,Futuregen C-Planet,퓨처젠씨플래닛, ,성시철,기타법인,110111-8150255,132-87-02494,"서울특별시 구로구 디지털로31길 38-21 1103호(구로동, 이앤씨벤처드림타워3차)", ,,컴퓨터 프로그래밍 서비스업,2022-01-03,12월
(주)퓨처젠 커머스,Futuregen Commerce,퓨처젠커머스, ,이태영,기타법인,110111-8150247,279-86-02044,"서울특별시 구로구 디지털로31길 38-21 1102호(구로동, 이앤씨벤처드림타워3차)", ,,컴퓨터시스템 통합 자문 및 구축 서비스업,2022-01-03,12월
주식회사 퓨처플레이,FuturePlay Inc,퓨처플레이, ,류중희,기타법인,110111-5100526,264-81-19908,"서울특별시 성동구 왕십리로 83-21 (성수동1가, 아크로서울포레스트) 8층",futureplay.co/,,소프트웨어 개발 및 공급업,2013-03-28,12월
(주)퓨쳐누리,"Futurenuri, Inc",퓨쳐누리, ,추정호,기타법인,110111-3724360,105-87-11399,"서울특별시 영등포구 경인로71길 70 (문래동5가, 벽산디지털밸리) 1102호",www.futurenuri.com/,,컴퓨터시스템 통합 자문 및 구축 서비스업,2007-07-26,12월
(주)퓨쳐랜드21,futureland21,퓨쳐랜드21, ,김선봉,기타법인,110111-1923435,120-86-02664,서울특별시 동작구 사당동 1019-34 반도빌딩 3층,www.futureland21.com,,시스템 소프트웨어 개발 및 공급업,2000-03-29,01월
(주)퓨쳐스트림네트웍스,"Futurestream Networks Co., Ltd.",퓨쳐스트림네트웍스, ,신창균,기타법인,110111-3703489,206-86-16986,서울특별시 강남구 역삼로8길 15 (역삼동) 홍우빌딩 7층,www.futurestream.co.kr,,소프트웨어 개발 및 공급업,2007-06-11,12월
주식회사 퓨쳐위즈,futurewiz,퓨쳐위즈, ,이기호,기타법인,110111-2584278,220-86-44528,"서울특별시 강남구 테헤란로4길 14 (역삼동, 미림타워) 7층",www.futurewiz.co.kr,,시스템 소프트웨어 개발 및 공급업,2002-08-07,12월
(주)퓨쳐인포넷,"Future Infonet, Inc.",퓨쳐인포넷,058690,류원기,기타법인,110111-0828933,211-86-43393,"서울특별시 강남구 대치동 1001-13,14,15 ",www.futureinfonet.com,,시스템 소프트웨어 개발 및 공급업,1992-01-13,12월
주식회사 프라노코리아,"Frano Korea Co., Ltd",프라노코리아, ,박명선 외 1명(김영선),기타법인,110111-2493362,105-86-38294,"서울특별시 마포구 홍익로5안길 36 (서교동, 지엘빌딩)", ,,시스템 소프트웨어 개발 및 공급업,2005-06-23,12월
주식회사프라이즈컨설팅그룹,prizeconsulting,프라이즈컨설팅그룹, ,조지은,기타법인,110111-7063037,575-88-01272,경기도 남양주시 별내중앙로 30 305-1247,영동대로 721,,"컴퓨터 프로그래밍, 시스템 통합 및 관리업",2019-04-02,12월
프라이즈텍 주식회사,"PRISETECH CO., LTD",프라이즈텍, ,송기원,기타법인,110111-1115751,116-81-35856,서울특별시 강남구 삼성동143-6영창빌딩,www.prisetech.com,,시스템 소프트웨어 개발 및 공급업,1995-01-04,12월
프라임방송주식회사,"Prime Broadcasting Co.,Ltd.",프라임방송, ,이춘재,기타법인,110111-3393561,206-86-05500,서울특별시 광진구 구의동 546-4 프라임센터 39층,www.rtn.co.kr,,프로그램 공급업,2006-02-06,12월
(주)프라임아이앤티홀딩스,"PRIME I&T HOLDINGS CO. LTD.,",프라임아이앤티홀딩스, ,이강진,기타법인,110111-1779698,105-86-03645,서울특별시 금천구 디지털로10길 35 (가산동), ,,데이터베이스 및 온라인정보 제공업,1999-09-29,12월
(주)프라임엔시스템,PrimeNsystem,프라임엔시스템, ,윤재중,기타법인,110111-3195636,214-87-68177,"서울특별시 구로구 디지털로26길 123 (구로동, 지플러스타워), 1208호",www.primen.co.kr,,기타 정보기술 및 컴퓨터운영 관련 서비스업,2005-04-01,12월
(주)프러스원엔터테인먼트,"Plus One Entertainment Co.,Ltd.",프러스원엔터테인먼트, ,이춘만,기타법인,110111-0846612,112-81-31197,서울특별시 서초구 서초동 1303-3,http://www.Plusoneani.com,,애니메이션 영화 및 비디오물 제작업,1992-04-01,12월
주식회사 프레스라인,Pressline,프레스라인, ,이규일,기타법인,110111-3321679,104-81-96845,서울특별시 마포구 공덕2동 LG마포빌딩 15층, ,,시스템 소프트웨어 개발 및 공급업,2005-11-01,12월
주식회사 프레스톤파트너스,Viewcap international ,프레스톤파트너스, ,김동진,기타법인,110111-5651652,619-86-00036,"서울특별시 마포구 마포대로 127 820호 (공덕동, 풍림브이아이피텔)", ,,소프트웨어 개발 및 공급업,2015-03-10,12월
주식회사 프레시코드,-,프레시코드, ,정유석,기타법인,110111-6015732,883-81-00307,서울특별시 용산구 대사관로5길 19 (한남동), ,,정보서비스업,2016-05-01,12월
(주)프레임아웃,FRAMEOUT,프레임아웃, ,노해영,기타법인,110111-2561797,215-86-28230,"서울특별시 강남구 언주로 540 6층 (역삼동, 코원타워)",www.frameout.co.kr,,컴퓨터시스템 통합 자문 및 구축 서비스업,2002-07-05,12월
프레임엔터테인먼트(주),"FRAME Entertainment Co.,Ltd",프레임엔터테인먼트, ,장종근,기타법인,110111-1572331,120-81-82270,서울특별시 강남구 삼성동 8-2 남경빌딩 3F ,www.frame-entertainment.com,,애니메이션 영화 및 비디오물 제작업,1998-08-04,12월
주식회사 프레임 픽쳐스,framepictures,프레임픽쳐스, ,김준영,기타법인,110111-5473650,220-88-84922,"서울특별시 강남구 역삼로 218 (역삼동, 재승빌딩)", ,,"영화, 비디오물 및 방송프로그램 배급업",2014-07-25,12월
주식회사 프로덕션툴즈,"Production Tools Co., Ltd.",프로덕션툴즈, ,홍원의,기타법인,110111-5820421,757-81-00269,"서울특별시 마포구 월드컵북로56길 12 (상암동, TrutecBuilding) 4층", ,,방송 프로그램 제작업,2015-09-22,12월
주식회사 프로스톡,PROSTOCD INC,프로스톡, ,이강천,기타법인,110111-1758204,120-81-92778,서울특별시 동적구 사당1동 1010-28 자매빌딩4층 402호,www.prostock.co.kr,,데이터베이스 및 온라인정보 제공업,1999-08-21,12월
(주)프로젝트문,Project Moon Corporation,프로젝트문, ,김지훈,기타법인,284911-0161247,698-87-00472,"경기도 수원시 영통구 법조로 25 씨동 110~112호 (하동, 광교SKVIEWLake)", ,,기타 게임 소프트웨어 개발 및 공급업,2016-11-18,12월
(주)프로피아,propia,프로피아, ,양진호,기타법인,110111-1942972,114-81-97841,서울특별시 강남구 삼성1동무역센터무역타워 2103호, ,,시스템 소프트웨어 개발 및 공급업,2000-04-18,12월
주식회사 프로핏,profit,프로핏, ,이승용,기타법인,110111-6023777,548-87-00293,"서울특별시 강남구 테헤란로 445 (삼성동, 본솔빌딩) 8층",www.pro-fit.co.kr,,데이터베이스 및 온라인정보 제공업,2016-04-20,12월
(주)프론티어솔루션,"frontier solution co.,ltd",프론티어솔루션, ,장기호,기타법인,110111-2127383,214-86-73542,서울특별시 강남구 역삼동 737 스타타워7층,www.frontiers.co.kr,,컴퓨터시스템 통합 자문 및 구축 서비스업,2001-01-20,12월
프롭티어 주식회사,"proptier Co., Ltd.",프롭티어, ,서동록,기타법인,110111-2493601,214-87-09557,"서울특별시 서초구 방배로 107 (방배동, 디엠타워3관)",https://www.proptier.co.kr/,,시스템 소프트웨어 개발 및 공급업,2002-04-09,12월
(주)프뢰벨미디어,Froebel media,프뢰벨미디어, ,이문용,기타법인,110111-1360877,220-81-41695,"서울특별시 강남구 테헤란로86길 14 (대치동, 윤천빌딩) 6층",froebel.co.kr,,기타 인쇄물 출판업,1997-01-07,12월
프뢰벨하우스주식회사,"Froebel House Co.,ltd",프뢰벨하우스, ,홍성기,기타법인,110111-3103192,211-87-56880,서울특별시 강남구 논현동,froebel.co.kr,,기타 인쇄물 출판업,2004-11-01,12월
프리눅스,Freenux,프리눅스, ,정은숙,기타법인,180111-0311827,605-81-35550,부산광역시 동래구 온천동 154-30 에이치아이빌딩5층,www.freenux.net,,데이터베이스 및 온라인정보 제공업,2000-01-28,12월
주식회사 프리다츠 ,FREEDOTS Co.Ltd,프리다츠, ,문영태,기타법인,135711-0157646,322-87-01744,"서울특별시 성동구 성수일로10길 26 (성수동2가, 하우스디세종타워) 207호", ,,소프트웨어 개발 및 공급업,2020-07-01,12월
주식회사 프리덤뉴스,FREEDOMNEWS,프리덤뉴스, ,김기수,기타법인,110111-6262680,332-81-00468,"서울특별시 종로구 종로 19 (종로1가, 르메이에르종로타운)B동 1817호",www.freedomnews.co.kr/,,그 외 기타 정보 서비스업,2016-12-19,12월
(주)프리머스 목포 7,Primus Mokpo 7,프리머스목포7, ,조홍연,기타법인,201111-0024614,411-81-44740,전라남도 목포시 상동 860-1, ,,영화관 운영업,2006-08-01,12월
(주)프리머스시네마,Primuscinema,프리머스시네마, ,이규,기타법인,110111-2587090,201-81-75777,서울특별시 마포구 상암동 1606번지 CJ E&M CENTER 16층,www.primuscinema.com,,영화관 운영업,2002-08-12,12월
프리스네트(주),"frissnet co.,ltd",프리스네트, ,박창영,기타법인,110111-1526651,214-86-22290,서울특별시 서초구 양재동 81-10 시화빌딩4층,www.frissnet.com,,시스템 소프트웨어 개발 및 공급업,1998-03-23,12월
주식회사 프리스톤,PRISTON.CO.LTD,프리스톤, ,정교민,기타법인,110111-1837660,214-86-44367,"서울특별시 서초구 서초동 1563-10 예당빌딩 4,5층",www.pristontale.com,,게임 소프트웨어 개발 및 공급업,1999-12-27,12월
(주)프리앤디시,FREENDC,프리앤디시, ,이창희,기타법인,110111-1925845,114-81-97138,"서울특별시 서초구 반포동 701-17,18 임송 B/D 2F",www.freendc.com,,기타 정보기술 및 컴퓨터운영 관련 서비스업,2000-04-03,12월
주식회사 프리웹미디어,"freewebmedia co.,ltd.",프리웹미디어, ,"양진수, 김석범",기타법인,110111-1696305,229-81-38125,서울특별시 마포구 서교동 247-14,www.freecity.co.kr,,시스템 소프트웨어 개발 및 공급업,1999-05-13,12월
주식회사 프리윌린,freewheelin Inc.,프리윌린, ,권기성,기타법인,110111-6353108,834-86-00713,"서울특별시 관악구 관악로 217 (봉천동, 동진빌딩) 3층, 11층", ,,응용 소프트웨어 개발 및 공급업,2017-03-22,12월
(주)프리진,Freegine Co. Ltd,프리진, ,최재완,기타법인,110111-1674400,211-86-61071,서울특별시 구로구 구로동 222-14 에이스하이엔드타워2차1302호,www.freegine.com,,"컴퓨터 프로그래밍, 시스템 통합 및 관리업",2000-05-29,12월
(주)프리챌,"Freechal, Inc. ",프리챌, ,이정한,기타법인,110111-1681827,214-86-31519,서울특별시 강남구 역삼동 702-10 아남타워빌딩 3층,www.freechal.com,,포털 및 기타 인터넷 정보매개 서비스업,1999-04-16,12월
(주)프리컴시스템,FREECOM SYSTEM CO.,프리컴시스템, ,이양주,기타법인,110111-1697551,214-86-32594,서울특별시 강남구 논현동 210 부영빌딩 6층,www.comlink.co.kr,,컴퓨터시스템 통합 자문 및 구축 서비스업,1999-05-14,12월
(주)프리텔레콤,FreeTelecom INC,프리텔레콤, ,이석환,기타법인,110111-4233328,214-88-51159,"서울특별시 성동구 성수이로22길 37 (성수동2가, 성수동아크벨리) 7층", ,,통신 재판매업,2009-12-03,12월
프리트랜,FREETRAN,프리트랜, ,김승민,기타법인,110111-1926760,114-81-97098,서울특별시 서초구 방배1동 908-14,www.freetran.com,,데이터베이스 및 온라인정보 제공업,2000-03-31,12월
프리티비지 주식회사 ,"Prettybusy Co . , Ltd .",프리티비지, ,윤나라,기타법인,285011-0467915,511-81-26682,"경기도 고양시 일산동구 중앙로1275번길 60-30 (장항동, 라페스타B)",www.prettybusy.kr,,모바일 게임 소프트웨어 개발 및 공급업,2021-03-18,12월
(주)플그림,"PLGRIM CO.,LTD",플그림, ,김영민,기타법인,110111-5503978,220-88-86764,"서울특별시 성동구 연무장5가길 7 (성수동2가, 성수역현대테라스타워) W1404호",www.plgrim.com,,시스템 소프트웨어 개발 및 공급업,2014-08-29,12월
(주)플라이웨이게임즈,"Flyway Games, Inc.",플라이웨이게임즈, ,김수영,기타법인,110111-8741103,187-81-03230,"서울특별시 서초구 강남대로 327 (서초동, 대륭서초타워), 18층", ,,게임 소프트웨어 개발 및 공급업,2023-09-12,12월
주식회사플라이트래빗,FLIGHTRABBIT,플라이트래빗, ,김재형,기타법인,110111-6433827,378-86-00718,"서울특별시 마포구 동교로23길 96 (성산동)1,2,3층", ,,응용 소프트웨어 개발 및 공급업,2017-06-19,12월
주식회사 플래닛팡,INC . PLANET PANG,플래닛팡, ,"박효창, 황성배",기타법인,110111-5260726,113-86-77380,"서울특별시 강남구 선릉로 704 (청담동, 청담빌딩) 10층 429호", ,,시스템 소프트웨어 개발 및 공급업,2013-11-05,12월
주식회사 플래디,"PLADI Co.,Ltd.",플래디, ,황형준,기타법인,110111-6778695,571-88-01023,서울특별시 성동구 광나루로 162 (성수동1가) 5층, ,,광고 영화 및 비디오물 제작업,2018-06-12,12월
(주)플래티늄미디어,"Platinum Media co., Ltd",플래티늄미디어, ,박용선,기타법인,110111-1778210,109-81-59428,서울특별시 종로구 종로2가 종로타워 7층, ,,시스템 소프트웨어 개발 및 공급업,1999-09-27,12월
(주)플래티어,"Plateer Co., Ltd.",플래티어,367000,이상훈,코스닥시장,110111-3175969,114-86-42166,"서울특별시 송파구 법원로9길 26, 디동 제6층(문정동, 에이치비지니스파크)",www.plateer.com/,,응용 소프트웨어 개발 및 공급업,2005-02-24,12월
(주)플랜아이,"plani co.,ltd",플랜아이, ,이명기,기타법인,160111-0181927,305-81-72470,대전광역시 유성구 문지로 282-10 (문지동),www.plani.co.kr,,컴퓨터 프로그래밍 서비스업,2004-11-29,12월
(주)플랜잇파트너스,PLANIT-PARTNERS Inc.,플랜잇파트너스, ,정성일,기타법인,131111-0288851,129-86-63988,"서울특별시 강남구 테헤란로20길 20 9층(역삼동, 삼정빌딩)",planit-partners.com,,시스템 소프트웨어 개발 및 공급업,2011-08-01,12월
(주)플랜잇프로덕션,"planit production co.,Ltd.",플랜잇프로덕션, ,임지영,기타법인,110111-3511361,211-87-86007,"서울특별시 강남구 언주로133길 15 2층, 3층 (논현동)", ,,광고 영화 및 비디오물 제작업,2006-08-18,12월
(주)플랜잇헬스케어,PLANIT Healthcare Inc.,플랜잇헬스케어, ,정성일,기타법인,110111-7697927,488-88-01696,"서울특별시 강남구 역삼로 111 (역삼동, 한국정보통신진흥협회빌딩) 4층", ,,응용 소프트웨어 개발 및 공급업,2020-11-27,12월
(주)플랜티넷,"PLANTYNETCo.,Ltd.",플랜티넷,075130,김태주 (단독 대표이사),코스닥시장,110111-1985914,214-86-60218,경기도 성남시 분당구  대왕판교로 670 유스페이스2 A동 6층,www.plantynet.com,,"컴퓨터 프로그래밍, 시스템 통합 및 관리업",2000-06-01,12월
(주)플러스게이트,PlusGate,플러스게이트, ,양우석,기타법인,110111-1873101,120-81-99432,서울특별시 강남구 대치동 994-3 메디다스벤쳐타워 지하 1층,www.plusgate.com,,데이터베이스 및 온라인정보 제공업,2000-02-09,12월
(주) 플러스투퍼센트,PLUS 2 PERCENT,플러스투퍼센트, ,황영자,기타법인,131111-0381267,144-81-28103,"서울특별시 강남구 테헤란로2길 8 (역삼동), 4층",-,,게임 소프트웨어 개발 및 공급업,2014-07-11,12월
(주)플러스프로핏,"Plus Profit Co., Ltd",플러스프로핏,036660,한도경,기타법인,110111-0644850,220-81-22913,전라남도 무안군 삼향면 남악지구 ,www.sejongrobot.com,,교과서 및 학습서적 출판업,1989-08-23,06월
주식회사 플럭서스,Fluxus Inc.,플럭서스, ,"송동훈, 박준석",기타법인,110111-1883712,120-86-00079,"서울특별시 성동구 성수이로 69 (성수동2가, 삼화빌딩) 5층", ,,음악 및 기타 오디오물 출판업,2020-02-19,12월
주식회사 플레이독소프트,PLAYDOGSOFT,플레이독소프트, ,최명진,기타법인,110111-4762715,211-88-70967,"서울특별시 강남구 테헤란로 422 (대치동, KT타워) 16층",www.playdogsoft.com,,게임 소프트웨어 개발 및 공급업,2012-01-02,12월
플레이리스트주식회사,Playlist Coporation,플레이리스트, ,박태원,기타법인,131111-0482966,583-88-00745,"서울특별시 성동구 성수일로8길 5 (성수동2가, 서울숲SKV1TOWER B동) 201호, 202호, 301호, 302호, 401호 , 402호", ,,정보서비스업,2017-05-30,12월
주식회사 플레이링스,PLAYLINKS Corp.,플레이링스, ,임상범,기타법인,285011-0173546,128-86-47699,경기도 성남시 분당구 황새울로 326 4층 (서현동), ,,모바일 게임 소프트웨어 개발 및 공급업,2010-03-11,12월
주식회사 플레이스앤,"Place& Co ., Ltd.",플레이스앤, ,김재헌,기타법인,110111-5547827,220-88-90365,서울특별시 강남구 테헤란로20길 20 (역삼동) 8층(삼정빌딩),www.placen.kr/,,컴퓨터 프로그래밍 서비스업,2014-10-25,12월
(주)플레이스엠,"Place M Co., Ltd",플레이스엠, ,송재철,기타법인,110111-2631235,120-86-43350,"서울특별시 강남구 논현로75길 8 (역삼동, 청산빌딩4층)",-,,소프트웨어 개발 및 공급업,2002-10-15,12월
(주)플레이어스 소프트,playus soft Inc.,플레이어스소프트, ,송의상,기타법인,110111-5355238,113-86-82302,"서울특별시 구로구 디지털로34길 27 5층 505호 (구로동, 대륭포스트타워3차)",www.playussoft.com,,모바일 게임 소프트웨어 개발 및 공급업,2014-03-04,12월
주식회사 플레이오토,"PLAYAUTO Co., Ltd.",플레이오토, ,김상혁,기타법인,110111-3326348,119-81-84318,"서울특별시 구로구 디지털로26길 123 (구로동, 지플러스타워) 14층",https://www.plto.com/,,컴퓨터 프로그래밍 서비스업,2005-10-20,12월
(주)플레이위드코리아,PLAYWITH KOREA Inc.,플레이위드,023770,김학준,코스닥시장,160111-0007660,306-81-06027,"서울특별시 서초구 마방로 60 5층, 6층, 23층",www.playwith.co.kr,,소프트웨어 개발 및 공급업,1984-07-25,12월
(주)플레이위드게임즈,PLAYWITH GAMES Inc.,플레이위드게임즈, ,김학준,기타법인,110111-2035560,214-86-64645,경기도 성남시 분당구 판교로256번길 25 C동 9층(삼평동), ,,게임 소프트웨어 개발 및 공급업,2000-07-26,12월
(주)플레이하드,"Playhard co., ltd",플레이하드, ,신중혁,기타법인,110111-6075869,418-88-00378,"서울특별시 마포구 토정로 47 3층(합정동, 서일빌딩)",playhardlab.com,,모바일 게임 소프트웨어 개발 및 공급업,2016-05-31,12월
(주)플레이홀딩스,Playholdings,플레이홀딩스, ,박정호,기타법인,110111-6858306,526-81-01209,"서울특별시 성동구 아차산로7길 15-1 4층 420호 (성수동2가, 효정빌딩)", ,,응용 소프트웨어 개발 및 공급업,2018-08-30,12월
플렉스 주식회사,flex corporation,플렉스, ,장해남,기타법인,131111-0555094,460-81-01554,"경기도 성남시 분당구 황새울로359번길 11 (서현동, 미래에셋플레이스) 7,8층", ,,시스템 소프트웨어 개발 및 공급업,2019-05-20,12월
(주)플렉스시스템,"FLEX System Co., Ltd.",플렉스시스템, ,이충환,기타법인,110111-2324038,220-86-19316,"경기도 안양시 동안구 벌말로 126 (관양동, 평촌오비즈타워)1308호~1313호",www.flexsystem.co.kr/,,응용 소프트웨어 개발 및 공급업,2021-09-01,12월
주식회사 플렉스이엔,FLEXENM INC,플렉스이엔, ,김지수,기타법인,110111-7675246,582-81-02149,서울특별시 강남구 역삼로12길 18 (역삼동), ,,시스템ㆍ응용 소프트웨어 개발 및 공급업,2020-11-19,12월
(주)플리토,Flitto Inc.,플리토,300080,이정수,코스닥시장,110111-4945246,215-87-72878,서울특별시 강남구 영동대로96길 20 대화빌딩 6층,www.flitto.com,www.flitto.com/ir/notices,포털 및 기타 인터넷 정보매개 서비스업,2012-08-24,12월
(주)플린트,Flint Inc.,플린트, ,김영모,기타법인,110111-5161875,220-88-61142,"서울특별시 강남구 테헤란로 414 (대치동, 엘앤비타워),11층", ,,게임 소프트웨어 개발 및 공급업,2013-06-19,12월
주식회사플립커뮤니케이션즈,PULIPCOMMUNICATIONS,플립커뮤니케이션즈, ,이병하,기타법인,110111-3320176,211-87-71799,"서울특별시 강남구 도산대로24길 7 3층 (논현동, 효진빌딩)",www.pulipinc.com,,컴퓨터시스템 통합 자문 및 구축 서비스업,2005-10-10,12월
피노텍,"Finotek Co.,Ltd.",피노텍,150440,김우섭,기타법인,110111-3999434,120-87-34203,"서울특별시 서초구 양재천로9길 1 3층(양재동,용두빌딩)",www.finotek.co.kr,,응용 소프트웨어 개발 및 공급업,2008-11-13,12월
피닉스스포츠인터내셔널 주식회사,Phoenix Sports International Inc.,피닉스스포츠인터내셔널, ,CHUNG SEUNGSOO(정승수),기타법인,110111-8651691,514-88-02581,"서울특별시 마포구 상암산로 48-6 17층 (상암동, 중앙일보빌딩)", ,,"유선, 위성 및 기타 방송업",2023-06-01,12월
(주)피더블유제네틱스,"PWGenetics Co., Ltd.",피더블유제네틱스,065910,강창재,기타법인,110111-0840424,214-81-39137,서울특별시 강남구 역삼동 707-34 한신인터밸리24 서관 1901호 ,www.pwgenetics.com,,컴퓨터시스템 통합 자문 및 구축 서비스업,1992-03-21,12월
주식회사 피데스홀딩스,"Fides Holdings, Inc.",피데스홀딩스, ,이진엽,기타법인,110111-8501250,226-87-02770,서울특별시 강남구 테헤란로82길 15 499호 (대치동), ,,시스템 소프트웨어 개발 및 공급업,2022-12-14,12월
주식회사 피디룸,"PDroom Co.,Ltd",피디룸, ,민린,기타법인,110111-8388187,231-81-12055,"서울특별시 성동구 성수일로8길 5 (성수동2가, 서울숲SKV1TOWER) 에이동 1606호", ,,광고 영화 및 비디오물 제작업,2022-08-05,12월
주식회사 피디정보통신,PD Information Communications,피디정보통신, ,장호,기타법인,110111-4966234,120-87-88465,서울특별시 강남구 봉은사로114길 46 (삼성동) 건호빌딩 3층,www.pdic.co.kr,,컴퓨터시스템 통합 자문 및 구축 서비스업,2012-09-21,12월
(주)피보텍,Pivotec Corporation,피보텍, ,김기종,기타법인,110111-0416481,220-81-28673,경기도 성남시 분당구 대왕판교로 670 비동 1001호(삼평동),www.kti.co.kr,,시스템 소프트웨어 개발 및 공급업,1986-01-28,12월
주식회사 피비엔제이,"PB&J Co.,Ltd.",피비엔제이, ,장기환,기타법인,110111-5246601,220-88-66754,서울특별시 강남구 봉은사로114길 46 (삼성동) 건호빌딩 1층, ,,컴퓨터시스템 통합 자문 및 구축 서비스업,2013-10-16,12월
주식회사피스티스파트너스,"fistis partners co.,ltd",피스티스파트너스, ,오창수,기타법인,110111-5831733,290-86-00136,"서울특별시 강남구 테헤란로33길 18 (역삼동, 서울철강빌딩)", ,,게임 소프트웨어 개발 및 공급업,2015-09-15,03월
피씨씨더블유글로벌코리아 주식회사,PCCW GLOBAL KOREA LIMITED,피씨씨더블유글로벌코리아, ,취카파이프레데릭,기타법인,110111-2556235,120-86-41691,"서울특별시 영등포구 국제금융로 10 (여의도동, 서울국제금융센터) THREE IFC, 43층", ,,유선 통신업,2002-06-27,12월
(주)피씨엔,pcn,피씨엔, ,송광헌,기타법인,110111-2233114,215-86-07972,"서울특별시 강남구 언주로135길 33 (논현동, PCN빌딩)  2층",www.pcninc.co.kr/,,컴퓨터 프로그래밍 서비스업,2001-05-12,12월
(주)피알앤디컴퍼니,PRND Corp.,피알앤디컴퍼니, ,박진우,기타법인,110111-5599050,220-88-95088,"서울특별시 서초구 서초대로74길 14 (서초동, TheAsset)",heydealer.com/,,응용 소프트웨어 개발 및 공급업,2015-01-01,12월
주식회사 피앤디아이앤씨,"PNDINC CO., LTD.",피앤디아이앤씨, ,최경태,기타법인,110111-2808256,120-86-54478,"서울특별시 강남구 자곡로 174-10 ,719호 (자곡동,강남에이스타워)",www.pndinc.co.kr,,컴퓨터시스템 통합 자문 및 구축 서비스업,2003-06-26,12월
(주)피앤씨미디어,Publication&Communication Media Incorporated,피앤씨미디어, ,윤상조,기타법인,110111-1159155,214-81-87721,서울특별시 강남구 청담동 49 유림빌딩 5층,www.cindy.co.kr,,잡지 및 정기간행물 발행업,1995-05-18,12월
피앤씨알엠 주식회사,"PNCRM  Co., Ltd.",피앤씨알엠, ,최필규,기타법인,110111-2784894,108-81-60640,"서울특별시 금천구 가산디지털1로 30 (가산동, 에이스하이엔드타워10) 14층(가산동)",www.openpnc.co.kr,,응용 소프트웨어 개발 및 공급업,2003-05-22,12월
(주)피앤피시큐어,PNP SECURE,피앤피시큐어, ,박천오,기타법인,110111-2925612,107-86-44093,"경기도 성남시 분당구 대왕판교로645번길 16 (삼평동, 플레이뮤지엄)",www.pnpsecure.com,,컴퓨터 프로그래밍 서비스업,2003-12-18,12월
피어슨 에듀케이션 코리아,Pearson Education Korea,피어슨에듀케이션코리아, ,오용진,기타법인,110111-1434135,111-81-29515,서울특별시 서대문구 연희동 137-5,www.pearsoned.co.kr,,서적 출판업,1997-06-30,12월
주식회사 피에스디이엔지,PSDENG,피에스디이엔지, ,손창석,기타법인,121111-0217878,130-86-60322,"경기도 부천시 조마루로385번길 122 (춘의동, 삼보테크노타워) 1305호",www.psdeng.com/,,기타 게임 소프트웨어 개발 및 공급업,2011-05-16,12월
피에스엑스 주식회사,PSX,피에스엑스, ,"양주동, 김세영",기타법인,110111-7157723,625-87-01304,"서울특별시 영등포구 의사당대로 83 (여의도동, 오투타워) 17층", ,,데이터베이스 및 온라인정보 제공업,2019-07-02,12월
(주)피엑스디,pxd Inc,피엑스디, ,이재용,기타법인,110111-2646193,119-81-60941,"경기도 성남시 분당구 대왕판교로644번길 49 (삼평동, 위믹스타워) 3층", ,,시스템 소프트웨어 개발 및 공급업,2002-11-05,12월
(주)피엔아이컴퍼니,"PNIcompany.Co.,Ltd.",피엔아이컴퍼니,242350,신재중,기타법인,110111-3044651,114-86-37585,제주특별자치도 제주시 첨단로 245-2,www.pnicompany.com,,"컴퓨터 프로그래밍, 시스템 통합 및 관리업",2004-07-06,12월
(주)피엘넷,plnet,피엘넷, ,이경재,기타법인,135011-0103891,134-81-56785,경기도 안산시 일동 752 안산1대학 창업보육센타 4층,www.plnet.co.kr,,시스템 소프트웨어 개발 및 공급업,2000-06-20,12월
주식회사 피오에스메카,"POSMECCA Co.,Ltd",피오에스메카, ,"진석, 박홍석",기타법인,110111-3722398,113-86-15399,"서울특별시 금천구 두산로 70 에이동 18층 1807호,1808호 (독산동,현대지식산업센터)",www.posmecca.com,,컴퓨터시스템 통합 자문 및 구축 서비스업,2007-08-01,12월
주식회사 피제이엠씨에프,PJ MCF,피제이엠씨에프, ,이한필,기타법인,284911-0298016,670-81-02714,"경기도 파주시 경의로 1114 (야당동, 에펠타워), 204호", ,,"영화, 비디오물 및 방송프로그램 제작 관련 서비스업",2023-02-13,12월
피치,peachy,피치, ,박영진,기타법인,110111-7850872,796-81-02258,"서울특별시 강남구 강남대로 464 (역삼동, 비제바노) 7층 (주)피치",www.peachy.run,,컴퓨터 프로그래밍 서비스업,2021-04-15,12월
(주)피치스그룹코리아,"PEACHES GROUP KOREA CO.,LTD.",피치스그룹코리아, ,여인택,기타법인,110111-6786226,347-81-01038,"서울특별시 강남구 봉은사로26길 22-8 (역삼동, 역삼동609-15공동주택) 지하1층", ,,광고 영화 및 비디오물 제작업,2018-06-20,12월
피치텔레컴(주),PEACH TELECOMMUNICATION & COMPUTER INC.,피치텔레컴, ,변윤성,기타법인,110111-1823817,204-81-45587,서울특별시 동대문구 용두동 255-53 삼광빌딩 8층,WWW.PEACHTEL.CO.KR,,컴퓨터시스템 통합 자문 및 구축 서비스업,1999-12-09,12월
주식회사 피카디리극장,PICCADILLY THEATER CO.LTD,피카디리극장, ,이준노,기타법인,110111-0014871,101-81-00729,서울특별시 종로구 돈의동 139번지, ,,영화관 운영업,1960-01-03,12월
(주)피케이오,"PKO,CO.,LTD.",피케이오, ,임영주,기타법인,110111-1749170,202-81-64588,서울특별시 강남구 대치동 945-22 수륙빌딩4층,www.pko.co.kr,,시스템 소프트웨어 개발 및 공급업,1999-08-01,12월
주식회사 피코소프트,"picosoft co.,ltd.",피코소프트,039580,유주한,기타법인,110111-0964555,213-81-86016,서울특별시 서초구 서초동 1376-1 외교센터빌딩 1105호,www.picosoft.co.kr,,시스템 소프트웨어 개발 및 공급업,1993-08-11,12월
(주)피타소프트,"PITTASOFT CO.,LTD",피타소프트, ,허현민,기타법인,110111-3706821,119-81-99771,"서울특별시 금천구 가산디지털1로 131 A동 7층 (가산동, BYCHIGHCITY)",https://www.blackvue.com/,,시스템 소프트웨어 개발 및 공급업,2017-07-02,12월
주식회사 피투피펀딩,"P2P Funding, Inc",피투피펀딩, ,박성미,기타법인,110111-5943570,825-86-00330,"서울특별시 강남구 언주로 617 (논현동), 3층", ,,시스템 소프트웨어 개발 및 공급업,2016-02-01,12월
주식회사 피트니스캔디,"FITNESSCANDY CO.,LTD",피트니스캔디, ,이승준,기타법인,110111-8178752,329-87-02536,"서울특별시 강남구 선릉로93길 50 (역삼동, 현석타워) 10층", ,,응용 소프트웨어 개발 및 공급업,2022-01-24,12월
피플러그,PEOPLUG,피플러그, ,이재상,기타법인,131111-0333002,144-81-09348,경기도 성남시 분당구 판교역로 230 삼환하이펙스B동 707호(삼평동), ,,게임 소프트웨어 개발 및 공급업,2013-02-11,12월
주식회사 피플벤처스,"People Ventures, Inc.",피플벤처스, ,현철우,기타법인,121111-0278747,130-87-04142,"서울특별시 마포구 성암로 330 (상암동, DMC첨단산업센터) 621호", ,,데이터베이스 및 온라인정보 제공업,2014-11-07,12월
주식회사 피플스토리컴퍼니,peoplestory company corp.,피플스토리컴퍼니, ,정찬희,기타법인,110111-5210317,107-88-00861,"서울특별시 마포구 양화진4길 33-5 (합정동, 평강빌딩) 2층", ,,"영화, 비디오물 및 방송프로그램 배급업",2013-08-22,12월
주식회사 피플앤드테크놀러지,People and Technology,피플앤드테크놀러지, ,"임진순, 홍성표",기타법인,110111-5268770,120-88-05364,"서울특별시 강남구 삼성로95길 27 2층,5층 (삼성동, 영창빌딩)",pntbiz.co.kr/,,시스템 소프트웨어 개발 및 공급업,2013-11-14,12월
(주)피플앤스토리,People & Story,피플앤스토리, ,김남철,기타법인,110111-5548859,105-88-10325,경상남도 김해시 관동로 14 (관동동) 경남콘텐츠기업지원센터 3층,www.pnstory.kr/,,만화 출판업,2014-10-30,12월
주식회사 피플인사이드,PEOPLEINSIDE Corp.,피플인사이드, ,박준석 변언식,기타법인,110111-5112092,105-87-85737,"서울특별시 마포구 성지3길 29 (합정동, 피플인사이드빌딩) 3~5F", ,,시스템 소프트웨어 개발 및 공급업,2013-04-12,12월
(주)피플인소프트,"People In Soft co.,Ltd",피플인소프트, ,조동진,기타법인,164711-0063492,880-86-00491,"세종특별자치시 한누리대로 1962 604호 (소담동, 법조타운B)",www.peopleinsoft.co.kr,,유선 온라인 게임 소프트웨어 개발 및 공급업,2016-11-16,12월
주식회사 피플카,"Peoplecar Co.,Ltd",피플카, ,"강석현, 안종형",기타법인,160111-0359847,314-86-53943,대전광역시 유성구 도안대로 563-1,peoplecar.co.kr,,그 외 기타 정보 서비스업,2013-12-01,12월
픽셀허브,PIXELHUB,픽셀허브, ,이순우,기타법인,131111-0367548,144-81-23054,대구광역시 북구 호암로 51 (침산동) 대구창조혁신센터 4층,www.pxh.co.kr,,응용 소프트웨어 개발 및 공급업,2014-02-01,12월
(주)픽소니어,"Pixoneer Geomatics, Inc.",픽소니어, ,윤종식,기타법인,160111-0029028,314-81-05034,대전광역시 유성구 북유성대로 172 (죽동),http://www.pixoneer.co.kr,,시스템 소프트웨어 개발 및 공급업,1992-03-01,12월
(주)픽스카우,PixCow Co. Ltd.,픽스카우, ,육상균,기타법인,110111-3331751,120-86-88167,서울특별시 강남구 삼성동 156-1 부방빌딩 3층,www.pixcow.com,,정보서비스업,2005-10-27,12월
주식회사 핀다,Finda Inc.,핀다, ,"이혜민, 박홍민",기타법인,110111-5848275,161-87-00209,"서울특별시 강남구 테헤란로 431 (삼성동, 라이언타워) 12층",www.finda.co.kr,,데이터베이스 및 온라인정보 제공업,2015-10-05,12월
핀브릿지 주식회사,"FINBRIDGE Co.,Ltd.",핀브릿지, ,김두현,기타법인,110111-6931011,719-86-01150,"서울특별시 마포구 토정로 310 4층 (용강동, 한국카본빌딩)",finbridge.co.kr,,데이터베이스 및 온라인정보 제공업,2018-11-20,12월
(주) 핀업,"FINUP CO.,LTD.",핀업, ,김인규,기타법인,110111-5767433,251-88-00208,"서울특별시 강남구 삼성로95길 10 (삼성동, 핀업빌딩) 2~4층",www.finup.co.kr,,응용 소프트웨어 개발 및 공급업,2015-06-30,12월
주식회사 핀콘,FINCON,핀콘, ,유충길,기타법인,110111-4928218,220-88-42295,"경기도 성남시 분당구 성남대로331번길 8 (정자동,킨스타워601,602호)",www.fincon.co.kr,,게임 소프트웨어 개발 및 공급업,2012-07-30,12월
(주)핀텔,"Pintel Co.,Ltd.",핀텔,291810,김동기,코스닥시장,110111-5829944,203-88-00359,경기도 용인시 기흥구 기흥로 58 기흥 ICT밸리 SKV1 B동 B335호,www.pintel.co.kr/html/index/,,응용 소프트웨어 개발 및 공급업,2015-09-04,12월
주식회사 핀포츠,Finports Inc.,핀포츠, ,김상필,기타법인,110111-7173604,313-86-01501,"서울특별시 강남구 도산대로55길 52 5층 (청담동, 금학빌딩)", ,,응용 소프트웨어 개발 및 공급업,2019-07-15,12월
주식회사 핀허브,"Finhub. Co., Ltd.",핀허브, ,"김영무, 박선희",기타법인,110111-6216976,492-88-00565,"서울특별시 영등포구 양산로 107 10층 3호(당산동3가, 인곡빌딩)", ,,응용 소프트웨어 개발 및 공급업,2016-10-28,12월
(주)필라넷,"Feelanet Co., Ltd.",필라넷, ,김상규,기타법인,110111-2519564,211-87-14314,"서울특별시 성동구 연무장5길 9-16 8층 802~8호(성수동2가, 블루스톤타워)",www.feelanet.com,,컴퓨터시스템 통합 자문 및 구축 서비스업,2002-05-09,12월
(주)필라테크,"Feelatech Co.,Ltd",필라테크, ,박동현,기타법인,110111-2514829,211-87-13620,서울특별시 강남구 선릉로125길 10 (논현동) 수창빌딩4층, ,,컴퓨터시스템 통합 자문 및 구축 서비스업,2002-05-03,12월
주식회사 필로소피,PHILOSOPHY Corp.,필로소피, ,이석호,기타법인,120111-1188037,164-86-02155,"인천광역시 연수구 센트럴로 263 (송도동, 송도국제업무단지C8-2블럭업무복합시설) 24층 에이 2449호", ,,소프트웨어 개발 및 공급업,2021-10-28,12월
주식회사 필름나루터,"FILM NARUTER CO., LTD.",필름나루터, ,김성환,기타법인,110111-3387473,211-87-77207,서울특별시 강남구 논현동 9-3 논현빌라 1층, ,,일반 영화 및 비디오물 제작업,2006-01-25,12월
(주)필름몬스터,FILMMONSTER,필름몬스터, ,박철수,기타법인,110111-5702306,754-86-00042,"서울특별시 서초구 효령로33길 27 (방배동, 싸이월드2)", ,,영상ㆍ오디오 기록물 제작 및 배급업,2015-04-21,12월
(주)필름지,FILMZ. CORP,필름지, ,이효승,기타법인,110111-1939218,204-81-49206,서울특별시 강남구 논현동 153-1 우성빌리지 102호,www.filmz.co.kr,,일반 영화 및 비디오물 제작업,2000-04-14,12월
필아이티(주),"Phill-IT Co., Ltd.",필아이티, ,신동명,기타법인,110111-1859250,220-81-75797,경기도 성남시 분당구 판교로 242 A동 504호 (삼평동. 판교디지털 센터),www.phill-it.com,,시스템 소프트웨어 개발 및 공급업,2000-01-21,12월
(주)필연매니지먼트,Feelyeon Management,필연매니지먼트, ,정세현,기타법인,110111-6850261,759-86-01070,"서울특별시 영등포구 당산로 171 (당산동4가, 금강펜테리움IT타워) 2층 204호", ,,기타 인쇄물 출판업,2018-08-23,12월
(주)필컴,Philcom Inc.,필컴, ,이천우,기타법인,110111-0847818,220-81-23358,서울특별시 강남구 역삼동 721-29 청록빌딩5층,http://www.philcom.co.kr,,컴퓨터시스템 통합 자문 및 구축 서비스업,1992-04-01,12월
(주)필컴정보시스템, ,필컴정보시스템, ,구자필,기타법인,110111-1789621,214-86-39961,서울특별시 서초구 서초동 1445-3 국제전자센터 6040호, ,,컴퓨터시스템 통합 자문 및 구축 서비스업,1999-10-14,12월
주식회사필콘미디어,"FILLCON MEDIA CO., Ltd",필콘미디어, ,김봉주,기타법인,110111-7511424,109-86-26053,"서울특별시 마포구 매봉산로 45 21층 (상암동, KBS미디어센터)", ,,프로그램 공급업,2010-11-16,12월
주식회사필콘스튜디오,"FILLCONSTUDIO.CO.,Ltd",필콘스튜디오, ,김봉주,기타법인,110111-7230909,155-86-01322,"서울특별시 마포구 매봉산로 45 21층 (상암동, KBS미디어센터)", ,,방송 프로그램 제작업,2019-10-10,12월
(주)필크립,"Philcrypt Co., Ltd.",필크립, ,김영제,기타법인,110111-1992547,120-86-07432,서울특별시 강남구 역삼동 733-11 동원빌딩 5층,www.philcrypt.com,,시스템 소프트웨어 개발 및 공급업,2000-06-09,12월
핌즈(주),PIMZ,핌즈, ,황선영,기타법인,110111-3022954,220-86-85908,서울특별시 중랑구 신내역로3길 40-36 (신내동) A동 1217호,www.ezadmin.co.kr,,응용 소프트웨어 개발 및 공급업,2014-06-02,12월
주식회사 핏펫,"FitPet Co., Ltd.",핏펫, ,고정욱,기타법인,110111-6417607,543-87-00755,"서울특별시 강남구 테헤란로 420 (대치동, 메이플타워MaypleTower) 13,14층",fitpet.co.kr/,,응용 소프트웨어 개발 및 공급업,2017-06-01,12월
㈜핑거,Finger Inc.,핑거,163730,안인주,코스닥시장,110111-2139776,120-86-15854,"서울특별시 영등포구 여의대로 24, 43층(여의도동, 전국경제인연합회회관)",www.finger.co.kr,www.finger.co.kr,소프트웨어 개발 및 공급업,2000-12-29,12월
(주)핑거스토리,"Finger Story CO., LTD.",핑거스토리,417180,라현성,코스닥시장,110111-6679992,716-81-00915,"서울특별시 강남구 테헤란로 325, 15층 (역삼동, 어반벤치빌딩)",www.mootoon.co.kr,,데이터베이스 및 온라인정보 제공업,2018-03-08,12월
(주)하나금융경영연구소,Hana Institute of Finance,하나금융경영연구소, ,서근우,기타법인,110111-0708747,120-81-18384,서울특별시 중구 을지로1가 101-1 하나은행빌딩 19층,www.hanaif.re.kr,,잡지 및 정기간행물 발행업,1990-07-14,12월
주식회사 하나금융티아이,Hana TI Company Ltd.,하나금융티아이, ,박근영,기타법인,110111-0719695,219-81-03518,"인천광역시 서구 에코로 181 (경서동, 하나금융그룹통합데이터센터) 5층",www.hanati.co.kr,,시스템 소프트웨어 개발 및 공급업,1990-08-30,12월
하나로드림주식회사,HanaroDream Incorporated,하나로드림, ,김남영,기타법인,110111-2183343,215-86-04688,서울특별시 구로구 구로3동 222-12 마리오타워 9층,www.hanafos.com,www.hanafos.com,포털 및 기타 인터넷 정보매개 서비스업,2001-03-02,12월
주식회사 하나모두,"Hana Modu co, Ltd",하나모두, ,남궁정,기타법인,110111-2810764,120-86-54707,"서울특별시 강남구 영동대로 513 100동 5호(삼성동, 코엑스상사전시장 C-)", ,,기타 인쇄물 출판업,2003-07-01,12월
주식회사 하나방송,"Hana Broadcasting Co., Ltd.",하나방송, ,김성구,기타법인,190111-0066107,608-81-70347,경상남도 창원시 마산합포구 합포로 161 (산호동),www.hanabs.com/,,유선 방송업,2008-01-18,12월
(주)하나울정보통신,"HANAWOOL.CO.,LTD",하나울정보통신, ,김재동,기타법인,110111-1563918,116-81-68978,서울특별시 영등포구 여의도동 13-21 기계진흥회관 본관 6층,hanawool.co.kr,,시스템 소프트웨어 개발 및 공급업,1998-07-08,12월
(주)하나텔,"Hanatel Co., Ltd",하나텔, ,박희수,기타법인,135011-0090402,134-81-45139,경기도 안산시 팔곡1동 262-3,www.hanate22@korea.com,,시스템 소프트웨어 개발 및 공급업,1999-07-15,12월
주식회사 하남유선방송,"Hanam Cable System Co,.Ltd.",하남유선방송, ,김응태,기타법인,134211-0013673,126-81-21252,경기도 하남시 덕풍동 418-1, ,,유선 방송업,1995-07-01,12월
하남주거제일차 주식회사,-,하남주거제일차, ,이미희,기타법인,110111-7459054,577-87-01780,"서울특별시 영등포구 여의대로 66 (여의도동, KTB) 4층",-,,"컴퓨터 프로그래밍, 시스템 통합 및 관리업",2020-04-16,12월
주식회사 하늘사랑,"SKYLOVE Co., Ltd",하늘사랑, ,나종민,기타법인,110111-1745920,112-81-53186,서울특별시 관악구 봉천8동 927-3 제형빌딩,www.skylove co.kr,,데이터베이스 및 온라인정보 제공업,1999-08-02,06월
주식회사 하니엘,"Haniel Co., Ltd.",하니엘, ,이사무엘상민,기타법인,110111-1759872,220-81-66153,서울특별시 강남구 논현동 242-29 요현빌딩 5층, ,,시스템 소프트웨어 개발 및 공급업,1999-08-25,12월
(주)하니케어,hanicare. co,하니케어, ,이세훈,기타법인,110111-1935167,209-81-25932,서울특별시 성북구 안암동5가 고려대학교 이공대 산학관 202호,"hanicare.com, hanicare.co.kr",,데이터베이스 및 온라인정보 제공업,2000-04-10,12월
주식회사 하두리,HADURI INC.,하두리, ,남궁경,기타법인,110111-2344846,120-86-27122,서울특별시 마포구 도화동 560 데시앙 한빛빌딩 4층,www.haduri.co.kr,,게임 소프트웨어 개발 및 공급업,2001-09-25,12월
하라비즈 주식회사,"Harabiz co.,ltd",하라비즈, ,유신자,기타법인,110111-4695271,107-87-58798,서울특별시 영등포구 여의대로 56 (여의도동), ,,출판업,2011-09-27,09월
(주)하만인터내셔널코리아,Harman International Korea,하만인터내셔널코리아, ,크리스천미르코소봇카,기타법인,110111-3145673,214-87-64579,"서울특별시 강남구 강남대로 298 (역삼동, 푸르덴셜타워) 5층 하만인터내셔널코리아", ,,시스템 소프트웨어 개발 및 공급업,2005-01-17,12월
(주)하몬소프트,"HAMON SOFT CO.,LTD.",하몬소프트, ,"이석호, 강원석",기타법인,110111-3812686,119-86-04153,"서울특별시 금천구 디지털로9길 32 (가산동, 갑을그레이트밸리) B동 1201~3호",hamonsoft.co.kr,,소프트웨어 개발 및 공급업,2008-01-01,12월
(주)하우리,HAURI Inc.,하우리,049130,김희천,기타법인,110111-1522534,229-81-31568,서울특별시 종로구 율곡로 238 예일빌딩 1층 (충신동),www.hauri.co.kr,,시스템 소프트웨어 개발 및 공급업,1998-03-12,12월
주식회사 하우픽쳐스,"How pictures Co.,Ltd",하우픽쳐스, ,박진형,기타법인,110111-6835643,563-88-01094,"서울특별시 마포구 상암산로 48-6 4층 (상암동, 중앙일보빌딩)", ,,방송 프로그램 제작업,2018-08-09,12월
주식회사 하운드13,HOUND13 Inc.,하운드13, ,박정식,기타법인,110111-5493004,220-88-86537,"서울특별시 서초구 서초중앙로24길 10 (서초동, 316TOWER) 10층, 11층, 12층",www.hound13.com,,"컴퓨터 프로그래밍, 시스템 통합 및 관리업",2014-08-18,12월
하이남동제이차 주식회사,Hinamdong 2nd,하이남동제이차, ,김미지,기타법인,110111-7221065,456-88-01383,"서울특별시 영등포구 여의대로 108 13층(여의도동, 파크원)", ,,"컴퓨터 프로그래밍, 시스템 통합 및 관리업",2019-08-30,12월
(주)하이네트정보통신,Hinet Advanced Technology & Information,하이네트정보통신, ,김인권,기타법인,110111-1755359,106-81-81348,서울특별시 서초구 방배동 753-3 화련회관 B/D 10층,www.hati.net,,시스템 소프트웨어 개발 및 공급업,1999-08-19,12월
주식회사 하이디어,"HIDEA Co., Ltd",하이디어, ,홍지철,기타법인,131111-0315448,144-81-02520,"경기도 성남시 분당구 대왕판교로645번길 14 (삼평동, 네오위즈) 네오위즈판교타워 2층", ,,모바일 게임 소프트웨어 개발 및 공급업,2012-06-21,12월
(주)하이라이트레코즈,Hi-Lite Records Inc.,하이라이트레코즈, ,전상현,기타법인,110111-5713816,702-81-00065,서울특별시 서초구 논현로5길 22 2층 (양재동),www.hiliterecords.com,,음악 및 기타 오디오물 출판업,2015-05-01,12월
(주)하이브,"HYBE Co., Ltd.",하이브,352820,이재상,유가증권시장,110111-3166546,120-86-78223,서울특별시 용산구 한강대로 42 용산트레이드센터,hybecorp.com,https://hybecorp.com/,오디오물 출판 및 원판 녹음업,2005-02-04,12월
주식회사 하이브랩,"Hivelab Co., Ltd.",하이브랩, ,서종혁,기타법인,131111-0311652,144-81-01176,"경기도 성남시 분당구 대왕판교로 660 A동 406호 (삼평동, 유스페이스1)",www.hivelab.co.kr/,,소프트웨어 개발 및 공급업,2012-05-09,12월
주식회사 하이브로,"highbrow, Inc.",하이브로, ,원세연,기타법인,110111-4987909,120-87-89784,서울특별시 강남구 영동대로 432 (대치동) 준앤빌딩 4층,www.highbrow.com,,모바일 게임 소프트웨어 개발 및 공급업,2012-10-24,12월
주식회사 하이브미디어코프,Hive media corp,하이브미디어코프, ,김원국,기타법인,110111-5405736,105-88-02261,"서울특별시 종로구 종로1길 50 (중학동, 더케이트윈타워) B동 2층", ,,일반 영화 및 비디오물 제작업,2014-04-30,12월
(주)하이스마텍,"HiSmarTech Co., Ltd.",하이스마텍,057100,박흥식,기타법인,110111-1577919,101-81-45541,서울특별시 강남구 대치3동 1008-4 새마을운동중앙회빌딩 ,www.hismartech.com,,시스템 소프트웨어 개발 및 공급업,1998-08-21,12월
(주)하이씨씨,HICC lnc,하이씨씨, ,이용우,기타법인,110111-4020783,107-87-17384,서울특별시 영등포구 국회대로 638 (영등포동7가),www.hiccmedia.com,,"영화, 비디오물, 방송프로그램 제작 및 배급업",2008-12-30,12월
주식회사 하이앤디,HI&D Inc,하이앤디, ,서현민,기타법인,110111-7006459,422-81-01436,서울특별시 강남구 언주로 315 (역삼동),hianddtech.com/,,시스템 소프트웨어 개발 및 공급업,2019-02-11,12월
주식회사 하이어뮤직레코즈,H1GHR MUSIC RECORDS,하이어뮤직레코즈, ,유덕곤,기타법인,110111-6420907,383-86-00802,"서울특별시 성동구 독서당로 198 (옥수동, 에벤에셀220타워)", ,,음악 및 기타 오디오물 출판업,2017-06-05,12월
주식회사 하이업엔터테인먼트,Highup Entertainment Corp.,하이업엔터테인먼트, ,최규성,기타법인,110111-6428696,728-88-00799,"서울특별시 마포구 동교로23길 67 (연남동)Y빌딩, 2층",www.highup-ent.com/,,음악 및 기타 오디오물 출판업,2017-06-14,12월
하이온넷(주),"Haionnet Co,. Ltd",하이온넷, ,박기범,기타법인,110111-2338542,214-86-90861,"서울특별시 구로구 디지털로 288 11층 1105호 (구로동, 대륭포스트타워1차)",www.haion.net,,그 외 기타 전기 통신업,2001-09-21,12월
(주)하이원엔터테인먼트,High1Entertainment,하이원엔터테인먼트, ,박상호,기타법인,144811-0007038,222-81-23067,강원도 태백시 태백로 1628 (문곡동),www.high1ent.com,,소프트웨어 개발 및 공급업,2009-01-02,12월
주식회사 하이윈,"Hi Win Coi., Ltd",하이윈, ,유행종,기타법인,110111-1856470,215-81-85823,"서울특별시 강남구 역삼동 831-47, 광성빌딩2층",www.hi-win.com,,게임 소프트웨어 개발 및 공급업,2000-01-19,12월
주식회사 하이케어시스템즈,Hycare Systems,하이케어시스템즈, ,김영애,기타법인,110111-1752389,120-81-92711,서울특별시 강남구 대치동 996-1, ,,시스템 소프트웨어 개발 및 공급업,1999-08-13,12월
(주)하이코리아플러스,HI PLUS KOREA CO.Ltd,하이코리아플러스, ,이유재,기타법인,110111-2109802,211-86-68943,서울특별시 강남구 논현동 120-1 건우빌딩 6층,www.hi-plus.com,,자료 처리업,2000-11-16,12월
(주)하이콘소프트,hyconsoft,하이콘소프트, ,황진호,기타법인,110111-7661401,744-81-01957,"서울특별시 강서구 마곡중앙로 165 (마곡동, 프라이빗타워타워1차)",www.hyconsoft.com,,시스템 소프트웨어 개발 및 공급업,2020-10-26,12월
(주)하이콤,"hicom.co.,ltd",하이콤, ,송성기,기타법인,190111-0031366,608-81-30379,경상남도 마산시 합포구 산호2동 321 가야상가 나동 203,www.hicomsys.co.kr,,컴퓨터시스템 통합 자문 및 구축 서비스업,1997-12-15,12월
(주)하이콤정보통신,Hycom Data Communications Inc.,하이콤정보통신,048540,김유현,기타법인,110111-0716667,120-81-32028,서울특별시 영등포구 영등포동2가 28-130 가야벤처빌딩 5층,http://www.hycom.com,,컴퓨터시스템 통합 자문 및 구축 서비스업,1990-08-13,12월
주식회사 하이테커,HIGHTECHER,하이테커, ,백성욱,기타법인,180111-0661199,607-81-88373,"서울특별시 성동구 상원12길 30 (성수동1가, 동진아이티타워) 1101~1111호",kfoschool.oopy.io/kfo,,응용 소프트웨어 개발 및 공급업,2009-02-13,12월
(주)하이테크미디어,Hi-Tech Media lnc,하이테크미디어, ,윤봉수,기타법인,110111-1833832,107-81-74501,서울특별시 영등포구 여의도동45-11 신한빌딩 904호,www.vr.co.kr,,시스템 소프트웨어 개발 및 공급업,1999-12-23,12월
주식회사 하이퍼리즘,HYPERITHM Inc.,하이퍼리즘, ,"오상록, 이원준",기타법인,110111-6669844,477-86-01090,"서울특별시 관악구 관악로 217 (봉천동, 동진빌딩) 2층", ,,응용 소프트웨어 개발 및 공급업,2018-02-23,12월
주식회사 하이퍼엑셀,"HyperAccel Co., Ltd.",하이퍼엑셀, ,김주영,기타법인,134811-0725377,302-81-31688,"서울특별시 서초구 강남대로 299 4층(서초동, 에피소드강남262)",hyperaccel.ai/,,시스템 소프트웨어 개발 및 공급업,2023-01-12,12월
하이퍼정보시스템(주),"HYPER INFORMATION SYSTEM CO.,LTD",하이퍼정보시스템, ,신동철,기타법인,110111-1410440,116-81-64268,서울특별시 중구 봉래동 1가 10번지 우리빌딩 15층,www.hyper.co.kr,,시스템 소프트웨어 개발 및 공급업,1997-05-07,12월
(주)하이퍼커넥트,Hyperconnect inc.,하이퍼커넥트, ,안상일,기타법인,110111-5363025,220-88-75836,"서울특별시 강남구 영동대로 517 (삼성동, 아셈타워) 20층",www.hpcnt.com,,응용 소프트웨어 개발 및 공급업,2014-03-12,12월
(주)하이픈코퍼레이션,"Hyphen, co.",하이픈코퍼레이션, ,"김대원, 정순권",기타법인,110111-8113881,498-81-02543,"서울특별시 서초구 강남대로 351 서울특별시 서초구 강남대로 351(서초동, 청남빌딩), 12층",hyphen.im/teaser,,데이터베이스 및 온라인정보 제공업,2021-12-02,12월
하이헷 주식회사,"Hi-Hat Co., Ltd.",하이헷, ,"이승주, 윤석환, 류재준",기타법인,110111-7968493,639-81-02289,서울특별시 강남구 언주로153길 6 (신사동),www.hihat.co.kr,,음악 및 기타 오디오물 출판업,2021-07-23,12월
주식회사 하트잇,Heartit Inc,하트잇, ,서수아,기타법인,110111-5755305,203-88-00174,"서울특별시 서초구 서초대로78길 22 (서초동, 홍우빌딩) 스튜디오블랙 810호", ,,소프트웨어 개발 및 공급업,2015-06-15,12월
주식회사 학산문화사,Haksan Publinshing Co.Ltd.,학산문화사, ,정동훈,기타법인,110111-1165855,106-81-54690,"서울특별시 동작구 상도로 282 (상도1동, 학산빌딩)",www.haksanpub.co.kr,,서적 출판업,1995-06-12,12월
주식회사 학원사,Hakwonsa publishing co. ltd.,학원사, ,김영수,기타법인,110111-0158041,116-81-02864,서울특별시 서초구 서초동 1573 서초프라자 3층,없음,,잡지 및 정기간행물 발행업,1974-01-10,12월
학원티브이주식회사,"HAKWONTV.CO.,LTD.",학원티브이, ,함종인,기타법인,110111-2774704,120-86-52126,서울특별시 강남구 삼성동 8-2 남경빌딩 11층,www.hwtv.co.kr,,프로그램 공급업,2003-05-07,12월
(주)학지사,HAKJISA PUBLISHER,학지사, ,김진환,기타법인,110111-3554874,105-87-03735,서울특별시 마포구 서교동 352-29 마인드월드빌딩,www.hakjisa.co.kr,,교과서 및 학습서적 출판업,2006-11-03,12월
학천미디어 주식회사,HAKCHUN INC,학천미디어, ,박대호,기타법인,110111-2397423,206-81-65406,서울특별시 금천구 가산동 371-57 4층,www.hak1000.com,,서적 출판업,2001-12-14,12월
한겨레신문(주),Hankyoreh Media Group,한겨레신문, ,최우성,기타법인,110111-0553647,105-81-50594,서울특별시 마포구 효창목길 6 한겨레신문사 (공덕동),www.hani.co.kr,,신문 발행업,1987-12-15,12월
한결정보기술주식회사,Hankyul IT Corporatopn Ltd.,한결정보기술, ,한정현,기타법인,110111-1770878,206-81-17281,서울특별시 강남구 논현2동 242-53,http://www.hankyul.net,,시스템 소프트웨어 개발 및 공급업,2000-09-10,12월
주식회사 한경,han keong,한경, ,조병한,기타법인,151211-0035983,759-88-00532,충청북도 제천시 송학면 무도길 102-43 (무도리), ,,"컴퓨터 프로그래밍, 시스템 통합 및 관리업",2018-03-28,12월
(주)한경닷컴,"Hankyung.com CO.,LTD",한경닷컴, ,노태기,기타법인,110111-1800211,104-81-47984,서울특별시 중구 중림동 441 한경센타 10층,www.hankyung.com,,데이터베이스 및 온라인정보 제공업,1999-11-01,12월
(주)한경매거진앤북,Hankyung Magazine&Book Inc.,한경매거진앤북, ,하영춘,기타법인,110111-1780851,104-81-47761,"서울특별시 중구 청파로 463 (중림동, 한국경제신문사) 6층", ,,잡지 및 정기간행물 발행업,1999-10-01,12월
한경영텅투자관리주식회사,"HAN KYEONG YONG TENG INVESTMENT MANAGEMENT CO.,LTD",한경영텅투자관리, ,윤유찬,기타법인,110111-2425753,214-87-03626,서울특별시 강남구 도곡동 467-23 인스토피아빌딩 907, ,,소프트웨어 개발 및 공급업,2002-01-18,12월
한경피씨라인,hankyung pcline,한경피씨라인, ,배영섭,기타법인,110111-0934409,214-81-53726,서울특별시 서초구 서초1동 1626-3 제일빌딩 3층,www.pcline.co.kr,,잡지 및 정기간행물 발행업,1993-04-13,12월
한교엘닷컴,HANKYOL.COM,한교엘닷컴, ,이호열,기타법인,110111-1377434,114-81-77923,서울특별시 서초구 방배동 455-17, ,,서적 출판업,1997-02-14,12월
한국가상현실(주),Korea Virtual Reality Inc.,한국가상현실, ,장호현,기타법인,110111-1633513,219-81-27960,"서울특별시 송파구 중대로 97 (가락동, 효원빌딩16층)", ,,컴퓨터 프로그래밍 서비스업,1999-01-14,12월
주식회사 한국갤럽조사연구소,"GALLUP KOREA co.,ltd",한국갤럽조사연구소, ,박무익,기타법인,110111-0166474,102-81-41325,서울특별시 종로구 사직로 70 (사직동),www.gallup.co.kr,,데이터베이스 및 온라인정보 제공업,1974-06-17,12월
한국결제네트웍스 유한회사,Korea Payment Networks Limited,한국결제네트웍스, ,백승철,기타법인,110114-0057966,119-81-84716,"서울특별시 중구 수표로 34 (저동2가, 씨티센터타워) 12층", ,,소프트웨어 개발 및 공급업,2005-11-07,12월
(주)한국경제티브이,"The Korea Economic Broadcasting CO.,LTD.",한국경제TV,039340,현승윤,코스닥시장,110111-1767510,107-81-70183,서울특별시 중구 청파로 463 한국경제신문사빌딩,www.wownet.co.kr,,프로그램 공급업,1999-09-06,12월
(주)한국경제신문,The Korea Economic Daily,한국경제신문, ,김정호,기타법인,110111-0042426,110-81-07390,"서울특별시 중구 청파로 463 (중림동, 한국경제신문사빌딩)",www.hankyung.com,,신문 발행업,1962-08-24,12월
(주)한국공간정보통신,Korea geoSpatial Information & Communication Co.Ltd,한국공간정보통신, ,김인현,기타법인,110111-1624869,206-81-14101,서울특별시 서초구 우면동 한국교원단체총연합 6층,www.ksic.net,,시스템 소프트웨어 개발 및 공급업,1998-12-26,12월
(주)한국 글로발 로지스틱스 시스템,"Global Logistics System Korea Co.,Ltd.",한국글로발로지스틱스시스템, ,한경훈,기타법인,110111-1814105,104-81-48455,"서울특별시 강서구 하늘길 246 (공항동, 대한항공화물청사) 2층",www.traxon.co.kr/,,호스팅 및 관련 서비스업,1999-11-23,12월
(주)한국금융아이티,Korea Financial IT,한국금융아이티, ,이문태,기타법인,110111-3363332,107-86-72376,"서울특별시 영등포구 여의대방로69길 23 4층(여의도동, 한국금융IT빌딩)",www.kfits.co.kr,,컴퓨터 프로그래밍 서비스업,2005-12-21,12월
한국기업정보 주식회사,"Korea Company Information Co., Ltd",한국기업정보, ,내창엽,기타법인,110111-0640957,105-81-59289,서울특별시 강남구 논현동 191-12 동림빌딩 4층,www.eccompany.co.kr,,데이터베이스 및 온라인정보 제공업,1989-07-28,12월
주식회사 한국낚시채널,korea fishing channel.co.ltd,한국낚시채널, ,나채재,기타법인,110111-1986558,215-81-92644,서울특별시 금천구 가산동 60-18 한신IT타워2차 1304호,www.kfish.co.kr,,프로그램 공급업,2000-06-01,12월
주식회사 한국네트웍스,"Hankook Networks Co,.Ltd.",한국네트웍스, ,조영민,기타법인,110111-2058778,120-86-11708,경기도 성남시 분당구 판교로 286 (삼평동) 4층,hankook-networks.com,,컴퓨터시스템 통합 자문 및 구축 서비스업,2000-08-28,12월
주식회사 한국대상,korea daesang,한국대상, ,노달순,기타법인,110111-1865413,220-81-76383,서울특별시 강남구 도곡동 419-5 석진빌딩 4층,assy.co.kr,,그 외 기타 전기 통신업,2000-02-01,12월
한국델켐(주),HANKOOK DELCAM LTD.,한국델켐, ,정찬웅,기타법인,110111-0882004,118-81-06338,서울특별시 구로구 구로3동 한신IT타워 709호,www.delcam.co.kr,,컴퓨터시스템 통합 자문 및 구축 서비스업,1992-05-08,12월
한국디엑스씨테크놀로지엔터프라이즈서비스 유한회사,Enterprise Services Korea A DXC Technology Company,한국디엑스씨테크놀로지엔터프라이즈서비스, ,박영배,기타법인,110114-0184024,809-86-00449,"서울특별시 영등포구 국제금융로 10 (여의도동, 서울국제금융센터)", ,,컴퓨터시스템 통합 자문 및 구축 서비스업,2016-07-01,03월
한국디엠비(주),"KOREA DMB, Inc.",한국디엠비, ,김경선,기타법인,110111-3007930,220-86-84684,서울특별시 구로구 구로동 212-8 대륭포스트타워1차 3층,www.kdmb.co.kr,,지상파 방송업,2004-05-07,12월
(주)한국디지탈인증,"Korea Digital Certification Co., LTD.",한국디지탈인증, ,이학찬,기타법인,110111-2284307,214-86-85863,서울특별시 강남구 포이동 220∼238,www.kdcc.co.kr,,시스템 소프트웨어 개발 및 공급업,2001-07-11,12월
(주)한국디지털케이블미디어센터,"Korea Digital Cable Media Center Co., Ltd.",한국디지털케이블미디어센터, ,강신웅,기타법인,110111-2336934,101-81-74672,경기도 수원시 팔달구 월드컵로 310 (우만동),www.kdmc.tv,,프로그램 공급업,2001-09-20,12월
한국레이저영상(주),Korea Laser Vision co.Ltd,한국레이저영상, ,전연택,기타법인,110111-1538929,214-86-23095,서울특별시 서초구 양재2동 321-2 대덕빌딩 3층,www.3dnara.co.kr,,시스템 소프트웨어 개발 및 공급업,1998-04-24,12월
한국리스크관리,KRM Co.,한국리스크관리, ,정완호,기타법인,110111-1916646,104-81-51533,"서울특별시 종로구 세종대로 149 (세종로, 광화문빌딩9층)",www.krmg.co.kr,,시스템 소프트웨어 개발 및 공급업,2000-03-23,12월
한국마이크로소프트 유한회사,"Microsoft Korea, Inc.",한국마이크로소프트, ,조원우,기타법인,110114-0053310,120-81-05948,"서울특별시 종로구 종로1길 50 (중학동, 더케이트윈타워) A동 15층",https://www.microsoft.com/ko-kr/,,컴퓨터시스템 통합 자문 및 구축 서비스업,1988-09-16,06월
(주)한국마이크로웨이브,Korea microwave Inc,한국마이크로웨이브, ,이재석,기타법인,110111-1835424,211-86-87746,서울특별시 강남구 논현동 1번지 삼주빌딩 4층,www.koreea.com,,기타 정보기술 및 컴퓨터운영 관련 서비스업,1999-12-23,12월
한국 맥그로힐(주),"McGraw-Hill, Korea Inc.",한국맥그로힐, ,채정태,기타법인,110111-1177751,105-81-72981,서울특별시 마포구 서교동 376-12 지우빌딩 2-3층,www.mcgraw-hill.co.kr/,,서적 출판업,1995-08-01,12월
한국멀티넷주식회사,koreamultinet Inc.,한국멀티넷, ,정연태,기타법인,110111-1204992,120-81-60034,서울특별시 강남구 논현동 221-5 M빌딩,www.koreamultinet.com,,무선 및 위성 통신업,1995-10-13,12월
한국멀티플렉스투자주식회사,Korea Multiplex Intestment Corporation ,한국멀티플렉스투자, ,반용음,기타법인,110111-3717745,104-86-08991,"서울특별시 중구 소공로 109 (소공동, 소공동한화빌딩) 9층", ,,영화관 운영업,2007-07-13,12월
주식회사 한국모바일상품권,KOREA FINTECH SERVICE INC.,한국모바일상품권, ,양원준,기타법인,160111-0655716,599-81-02981,대전광역시 유성구 대학로 82, ,,시스템 소프트웨어 개발 및 공급업,2020-08-21,12월
주식회사 한국몬테소리,Montessori Korea,한국몬테소리, ,김석규,기타법인,110111-0889662,139-81-24556,인천광역시 남동구 능허대로649번길 122 (고잔동),www.montessori.co.kr,,서적 출판업,1993-01-01,12월
주식회사 한국무역정보통신,KOREA TRADE NETWORK ,한국무역정보통신, ,고진,기타법인,110111-0310104,120-81-02922,"서울특별시 강남구 영동대로 511 (삼성동, 트레이드타워) 4층",www.ktnet.co.kr,,그 외 기타 전기 통신업,1982-01-14,12월
한국문헌정보기술(주),Korea Archives Information Technology,한국문헌정보기술, ,박석훈,기타법인,110111-2004549,105-86-14782,"서울특별시 용산구 청파로47길 11 (청파동3가, 한국문헌정보기술)",www.kait.co.kr/,,시스템 소프트웨어 개발 및 공급업,1999-04-01,12월
(주)한국미디어그룹, ,한국미디어그룹, ,장중호,기타법인,110111-2127143,101-81-65678,서울특별시 중구 필동1가 매일경제미디어센터8층,http://,,신문 발행업,2000-12-11,12월
(주)한국미디어산업기술,K - MEDIA. CO.LTD,한국미디어산업기술, ,정병철,기타법인,110111-1684110,214-86-31839,서울특별시 강남구 대치동 889-47 샹제리제센터 B동 1층,KMEDIA.CO.KR,,컴퓨터시스템 통합 자문 및 구축 서비스업,1999-04-20,12월
(주)한국미디어통신,KOREA MEDIA TELECOM,한국미디어통신, ,백진우,기타법인,110111-1684102,120-81-88463,서울특별시 강남구 대치동 942-10 해성 제2빌딩 10F,www.kmtel.co.kr,,통신 재판매업,1999-04-25,12월
(주)한국방송제작단,KBEST,한국방송제작단, ,유덕무,기타법인,110111-0621072,116-81-27244,서울특별시 영등포구 여의도동 46번지 KBS별관 10층,kbest.co.kr,,방송 프로그램 제작업,1989-04-01,12월
한국방송출판 주식회사,KBP,한국방송출판, ,정재구,기타법인,110111-2067216,211-86-65795,서울특별시 구로구 구로동 212-16 벽산디지털벨리I 10층,www.gmpia.co.kr,,잡지 및 정기간행물 발행업,2000-09-07,12월
한국방송플러스(주),KOREA-PLUS.CO.KR,한국방송플러스, ,신동환,기타법인,110111-3773052,107-87-01349,서울특별시 영등포구 여의도동 46 KBS별관 8층, ,,방송 프로그램 제작업,2007-10-19,12월
한국부동산네트웍,"Korea Real Estate Network Co., Ltd.",한국부동산네트웍, ,고영현,기타법인, , ,서울특별시 강남구 역삼동 824-11 한라클래식빌딩 1303-1호,www.life9000.com,,기타 정보기술 및 컴퓨터운영 관련 서비스업, ,12월
한국비엠씨소프트웨어주식회사,BMC Software Korea Ltd.,한국비엠씨소프트웨어, ,스티븐에이주커,기타법인,110111-1285877,120-81-63195,"서울특별시 영등포구 의사당대로 83 (여의도동, 한국휴렛팩커드빌딩) 16층 101호",www.bmc.com,,소프트웨어 개발 및 공급업,1996-07-03,12월
(주)한국비즈텍,koreabiztech.co.ltd,한국비즈텍, ,신동선,기타법인,110111-1019383,211-86-30715,서울특별시 서초구 양재동 66-1 수암빌딩 6층,http://korbiztech.co.kr,,시스템 소프트웨어 개발 및 공급업,1994-03-16,12월
한국비지네스써비스(주),Korea Business Service,한국비지네스써비스, ,김정근,기타법인,110111-0146533,114-81-01364,"서울특별시 서초구 신반포로 22 H동 308호(반포동, 구반포상가)",-,,시스템 소프트웨어 개발 및 공급업,1973-05-26,12월
(주)한국삐아제,Korea Piaget,한국삐아제, ,박종관,기타법인,110111-0775051,118-81-06866,경기도 고양시 일산동구 식사동 200∼299,www.piaget.co.kr,,서적 출판업,1991-09-10,12월
한국사이버페이먼트주식회사,KOREA CYBER PAYMENT INC.,한국사이버페이먼트, ,송윤호,기타법인,110111-1494882,102-81-43134,서울특별시 구로구 구로동 170-6 우림e-BIZ센터 508호,http://www.kcp.co.kr,,데이터베이스 및 온라인정보 제공업,1997-12-24,12월
한국사이베이스(주),Sybase Korea Ltd.,한국사이베이스, ,"다니엘알, 칼, 김태영",기타법인,110111-1045908,120-81-44636,경기도 성남시 분당구 삼평동 688-1 엠택IT타워 9층,www.sybase.co.kr,,응용 소프트웨어 개발 및 공급업,1994-07-04,12월
(주)한국산업데이타베이스,"KOREA INDUSTRIAL DATABASE CO.,LTD",한국산업데이타베이스, ,홍경복,기타법인,110111-1952905,107-81-82452,서울특별시 영등포구 양평로 2 (당산동6가) 관인빌딩6층,www.kidb.co.kr,,컴퓨터시스템 통합 자문 및 구축 서비스업,2000-04-26,12월
한국산학공학 주식회사,KOREA INDUSTRIAL EDUCATIONAL ENGINEERING INC.,한국산학공학, ,이혁준,기타법인,110111-1702269,211-86-52631,서울특별시 강남구 대치동 945-1 홍우빌딩 8층,www.ki2e.com,,시스템 소프트웨어 개발 및 공급업,1999-05-25,12월
한국선불카드 주식회사,"KOREA PREPAID CARD Co.,Ltd",한국선불카드, ,최병호,기타법인,110111-4619320,206-86-54302,"경기도 성남시 분당구 판교로 253 씨동 404호(삼평동, 판교이노밸리)", ,,시스템 소프트웨어 개발 및 공급업,2011-07-02,12월
한국 소니픽쳐스 릴리징 브에나비스타 영화(주),SONY PICTURES RELEASING BUENA VISTA FILM (KOREA) INC.,한국소니픽쳐스릴리징브에나비스타영화, ,"마크루이스 주커, 로렌스 카플란",기타법인,110111-3559981,120-87-08651,서울특별시 강남구 삼성동, ,,"영화, 비디오물 및 방송프로그램 배급업",2006-12-08,03월
한국소프트중심(주),Korea Software Center,한국소프트중심, ,이상훈,기타법인,110111-1777478,211-86-57126,서울특별시 강남구 역삼동 702-22 유성빌딩13층,www.kosoft.co.kr,,시스템 소프트웨어 개발 및 공급업,1999-09-21,12월
한국솔루션센터(주),Korea Solution Center Inc.,한국솔루션센터, ,박성범,기타법인,110111-1728299,211-86-54089,서울특별시 강남구 논현동 203번지 751빌딩 602호,www.hansolter.co.kr,,컴퓨터시스템 통합 자문 및 구축 서비스업,1999-07-05,12월
한국시뮬레이션기술(주),KOSTECH,한국시뮬레이션기술, ,이형주,기타법인,110111-1385362,116-81-63895,경기도 고양시 일산동구 장항동 760 남정시티프라자1차 804호,www.kostech.co.kr,,시스템 소프트웨어 개발 및 공급업,1997-03-05,12월
(주)한국시엔에이,"Korea cna Co., Ltd",한국시엔에이, ,김동원,기타법인,110111-0825939,206-81-49686,서울특별시 강남구 역삼동 736-49 종합빌딩2층,www.cna.co.kr,,시스템 소프트웨어 개발 및 공급업,1991-12-28,12월
주식회사 한국신용데이터,Korea Credit Data,한국신용데이터, ,김동호,기타법인,110111-6044236,734-88-00358,"서울특별시 강남구 테헤란로 127 4층 (역삼동, 그레이스타워)", ,,정보서비스업,2016-04-27,12월
한국신용카드결제주식회사,"Korea Credit-card Electronic-settlement Service Co.,Ltd",한국신용카드결제, ,소재광,기타법인,110111-1685209,214-86-31917,"서울특별시 강남구 영동대로 511 (삼성동, 트레이드타워) 901호",www.koces.com,,그 외 기타 전기 통신업,1999-04-26,12월
(주)한국심트라,"SYMTRA KOREA CO., LTD",한국심트라, ,김학성,기타법인,110111-1457989,214-86-18501,서울특별시 서초구 방배본동 764-22번지 정금빌딩 2층,http://www.symtra.co.kr,,컴퓨터시스템 통합 자문 및 구축 서비스업,1997-09-01,12월
한국쌔스소프트웨어 유한회사,SAS Software korea Ltd.,한국쌔스소프트웨어, ,"윌리엄데이비드데이비스, 이승우",기타법인,110114-0122983,116-81-29000,"서울특별시 서초구 서초대로 398 (서초동, 플래티넘타워) 2층, 3층",www.sas.com,,시스템 소프트웨어 개발 및 공급업,1990-04-26,12월
(주)한국아이오테크,KOREA I.O TECH INC,한국아이오테크, ,이진수,기타법인,110111-1063041,211-86-32391,서울특별시 강남구 신사동 547-9 (한국아이오테크빌딩),www.koreaiotech.com,,컴퓨터시스템 통합 자문 및 구축 서비스업,1994-08-01,12월
한국아이티진흥(주),"Korea Information Technologies Telesis Co.,Ltd.",한국아이티진흥, ,문동인,기타법인,110111-1689772,220-81-60936,서울특별시 강남구 역삼동 825 미진프라자 19층,www.kitt.co.kr,,시스템 소프트웨어 개발 및 공급업,1999-04-29,12월
한국어도비시스템즈(유),"Adobe Systems Korea Ltd.,",한국어도비시스템즈, ,송근존,기타법인,110114-0033411,120-81-76744,"서울특별시 강남구 테헤란로 521 (삼성동, 파르나스타워)19FL", ,,"컴퓨터 프로그래밍, 시스템 통합 및 관리업",1997-10-25,11월
(주)한국에스엠아이,"KSMI Co.,Ltd.",한국에스엠아이, ,정명환,기타법인,110111-2735699,107-86-32132,서울특별시 영등포구 여의도동 25 대한빌딩 3층, ,,서적 출판업,2003-04-01,12월
(주)한국에이아이소프트,A.I.SOFT KOREA.INC,한국에이아이소프트, ,석광오,기타법인,110111-0379663,220-81-23509,서울특별시 강남구 역삼동 682,WWW.AISOFT.CO.KR,,시스템 소프트웨어 개발 및 공급업,1984-08-11,12월
한국엠에스씨소프트웨어(주),MSC.Software Korea Corporation,한국엠에스씨소프트웨어, ,권병천,기타법인,110111-1061590,204-81-35245,경기도 성남시 수정구 청계산로 734 (고등동),www.mscsoftware.co.kr,,시스템 소프트웨어 개발 및 공급업,1994-07-01,12월
한국엠엔아이기술(주),KOMIT,한국엠엔아이기술, ,최동득,기타법인,110111-1872872,107-81-77298,서울특별시 구로구 구로동 212-26 e-space 308호,www.komit.co.kr,,시스템 소프트웨어 개발 및 공급업,2000-02-08,12월
한국영상투자개발주식회사,Korea Image Investment Development,한국영상투자개발, ,김병인,기타법인,110111-1238298,116-81-54227,서울특별시 영등포구 여의도동 15-15 일신빌딩3층,해당사항 없음.,,"영화, 비디오물 및 방송프로그램 배급업",1996-01-31,12월
한국오라클 유한회사,Oracle Systems Korea,한국오라클, ,강병재,기타법인,110114-0079564,116-81-27389,"서울특별시 강남구 영동대로 517 12, 15, 16, 36층(삼성동, 아셈타워)",www.oracle.com/kr/,,시스템 소프트웨어 개발 및 공급업,1989-11-01,05월
한국오피스컴퓨터주식회사,KOREA OFFICE COMPUTER INC,한국오피스컴퓨터, ,김한기,기타법인,110111-0399330,116-81-50478,"서울특별시 구로구 디지털로 272 703호 (구로동, 한신아이티타워)",www.kofficecom.co.kr,,응용 소프트웨어 개발 및 공급업,1985-06-20,12월
한국위치정보 주식회사,"Korea Location Information & Communications Co., Ltd.",한국위치정보, ,정종원,기타법인,110111-3176024,104-81-92363,서울특별시 중구 소공동 91-1 서울센타빌딩 13층,www.lbskr.com,,무선 및 위성 통신업,2005-02-23,12월
한국유비쿼터스기술센터,KUTECH,한국유비쿼터스기술센터, ,고종관,기타법인,110111-3492040,214-87-93190,서울특별시 강남구 삼성동 158-25 매직킹덤빌딩 8층,www.kutech.co.kr,,시스템 소프트웨어 개발 및 공급업,2006-07-11,12월
(주)한국유선미디어,"Korea Cable Media CO., LTD.",한국유선미디어, ,최선호,기타법인,110111-4442432,120-87-59960,경기도 광주시 역동 137-2 3층, ,,프로그램 공급업,2010-10-04,12월
(주)한국음성도메인센터,"Voicenic Co.,LTD",한국음성도메인센터, ,차정만,기타법인,110111-2108284,214-86-71210,서울특별시 서초구 서초동 1603-8 준영빌딩 4층,www.voicenic.co.kr,,시스템 소프트웨어 개발 및 공급업,2000-11-10,12월
(주)한국이디에스,korea Enterpise Data System,한국이디에스, ,김형원,기타법인,110111-1611056,214-86-27427,"서울특별시 서초구 서운로 7 (서초동, 신동아빌딩) 7층",www.edsk.co.kr,,컴퓨터시스템 통합 자문 및 구축 서비스업,1998-11-21,12월
한국이미디어,Korea e-Media,한국이미디어, ,여인석,기타법인,110111-2084054,220-81-98484,서울특별시 강서구 화곡6동 1104-2,www.kibn.co.kr,,기타 정보기술 및 컴퓨터운영 관련 서비스업,2000-10-06,12월
한국이엑쓰이테크놀로지(주),EXE Tcehnolgies Korea.LTD,한국이엑쓰이테크놀로지, ,김진하,기타법인,110111-1766794,220-81-66605,서울특별시 강남구 역삼동 708-8번지 세방빌딩 신관 5층, ,,시스템 소프트웨어 개발 및 공급업,1999-09-03,12월
(주)한국인식기술,HIART CORPORATION,한국인식기술, ,송은숙,기타법인,160111-0058316,314-81-17485,대전광역시 서구 괴정동 한국통신연수원 벤처타운 (주)한국인식기술,www.hiart.co.kr,,시스템 소프트웨어 개발 및 공급업,1996-11-15,12월
(주)한국인터넷TV방송국,"KOREA INTERNET TV BRODCASTING CO.,LTD.",한국인터넷TV방송국, ,정성연,기타법인,110111-1924459,114-81-96895,서울특별시 서초구 반포동 705-6 미성B/D 5층,WWW.Korea1tv.co.kr,,시스템 소프트웨어 개발 및 공급업,2000-03-30,12월
한국 인터넷 광고(주),KOREA Internet Ad.Co,한국인터넷광고, ,김정수,기타법인,110111-1675268,114-81-87998,서울특별시 서초구 반포4동 49-1 동환B/D 3층,www.chazri.net,,데이터베이스 및 온라인정보 제공업,1999-04-02,12월
(주)한국인터넷데이터센터,KOREA INTERNET DATA CENTER INC.,한국인터넷데이터센터, ,남영우,기타법인,110111-1967011,211-86-98016,서울특별시 강남구 논현동 261-1 KIDC 빌딩,http://www.kidc.net,,그 외 기타 전기 통신업,2000-05-12,12월
한국인터넷빌링주식회사,"Korea Internet Billing Co.,Ltd.",한국인터넷빌링, ,박병화,기타법인,110111-1844912,220-81-76869,서울특별시 마포구 월드컵북로6길 3 이노베이스빌딩 6층,www.hanbill.com,,데이터베이스 및 온라인정보 제공업,2000-01-06,12월
한국인터넷정보통신주식회사,Korea Internet Information Commumication,한국인터넷정보통신, ,황영호,기타법인,170111-0153867,503-81-41310,대구광역시 달서구 도원동1447-9,http://www.aen.co.kr,,기타 정보기술 및 컴퓨터운영 관련 서비스업,1999-07-03,12월
한국인터넷통신주식회사,Korea Internet Telecom,한국인터넷통신, ,조성규,기타법인,110111-0887707,112-81-49377,서울특별시 관악구 봉천7동 1629-2 동아타운106호,www.kitelecom.com,,그 외 기타 전기 통신업,1998-02-02,12월
한국인포비즈(주),Koreainfobiz,한국인포비즈, ,김형욱,기타법인,110111-1863219,110-81-44231,"서울특별시 성동구 성수일로12길 26 1004호 (성수동2가, 서울숲코리아IT센터)", ,,시스템 소프트웨어 개발 및 공급업,2000-01-26,12월
(주)한국인프라,"Infra Information Tech. Co.,LTD",한국인프라, ,김기영,기타법인,110111-1143265,229-81-06899,서울특별시 강남구 대치2동 511 극동교회빌딩 3층,www.krinfra.co.kr,,컴퓨터시스템 통합 자문 및 구축 서비스업,1995-05-10,12월
주식회사 한국일보사,HANKOOKILBO,한국일보사, ,이성철,기타법인,110111-0223810,102-81-00358,"서울특별시 중구 세종대로 17 (남대문로5가, WISETOWER)",www.hankookilbo.com,,신문 발행업,1977-12-14,12월
한국자산평가,Korea Asset Pricing Corporation,한국자산평가, ,김태관,기타법인,110111-1982473,104-81-53832,"서울특별시 종로구 율곡로 75 11층(계동, 현대빌딩)",www.koreaap.com,,데이터베이스 및 온라인정보 제공업,2000-05-29,12월
한국전자인증(주),KOREA ELECTRONIC CERTIFICATION AUTHORITY,한국전자인증,041460,신홍식,코스닥시장,110111-1665350,214-86-30830,서울특별시 서초구 서초대로62길 9-22 자동차산업회관 501호,www.crosscert.com,,시스템 소프트웨어 개발 및 공급업,1999-03-26,12월
주식회사 한국전자투표,"KEVOTING, Inc.",한국전자투표, ,박재영,기타법인,110111-6306769,602-87-00689,"서울특별시 영등포구 선유로 146 (양평동3가, 이앤씨드림타워) 706호",kevoting.io,,시스템 소프트웨어 개발 및 공급업,2017-02-08,12월
한국전화번호부주식회사,"Korea Telephone Directory Co., Ltd.",한국전화번호부, ,김용섭,기타법인,110111-0071300,102-81-19177,"서울특별시 마포구 연희로 11 (동교동, 한국특허정보원빌딩) 6층 한국전화번호부",www.ktdc.co.kr,,일반 서적 출판업,1999-07-01,12월
(주)한국정보기술단,"KISCA(Korea Information Systems Consulting & Audit CO., LTD.)",한국정보기술단, ,이우용,기타법인,110111-1506695,214-86-21331,경기도 과천시 뒷골2로 66-1 (과천동),www.audit.co.kr,,컴퓨터시스템 통합 자문 및 구축 서비스업,1998-01-23,12월
(주)한국정보마스타,korea information master corp,한국정보마스타, ,장명섭,기타법인,110111-1680267,101-81-48193,서울특별시 영등포구 여의도동 45-20 동북빌딩8층,http://www.kric.co.kr,,시스템 소프트웨어 개발 및 공급업,1999-04-13,12월
(주)한국정보시스템,Korea Information Systems co.Ltd,한국정보시스템, ,박병영,기타법인,160111-0081789,306-81-35065,대전광역시 동구 가양1동 436-35,http://www.kisdj.co.kr,,시스템 소프트웨어 개발 및 공급업,1999-05-04,12월
(주)한국정보시스템,KOREA INFORMATION SYSTEMS CORPORATION,한국정보시스템, ,전원배,기타법인,110111-5232121,107-88-02893,"서울특별시 영등포구 국회대로70길 22 (여의도동, 금강빌딩) 8층",www.kis.co.kr,,컴퓨터시스템 통합 자문 및 구축 서비스업,2013-09-25,12월
(주)한국정보시스템,Korea Information Systems Corporation,한국정보시스템, ,배도수,기타법인,170111-0008179,502-81-02032,대구광역시 동구 신천3동 91,www.kisco.co.kr,,시스템 소프트웨어 개발 및 공급업,1977-11-17,12월
한국정보인증(주),"KOREA INFORMATION CERTIFICATE AUTHORITY, INCORPORATED",한국정보인증,053300,조태묵,코스닥시장,110111-1727332,110-81-41568,"경기도 성남시 수정구 금토로 69 6층(금토동, 다우디지털스퀘어)",www.signgate.com,,시스템 소프트웨어 개발 및 공급업,1999-07-02,12월
주식회사 한국정보중개,Korea Information Brokery Company,한국정보중개, ,김시열,기타법인,110111-1804023,220-81-70400,서울특별시 강남구 역삼동 702-10 아남타워오피스텔 1613호 ,www.buyinfo.co.kr,,데이터베이스 및 온라인정보 제공업,1999-11-08,12월
한국정보통신(주),KoreaInformation&Communication,한국정보통신,025770,임명수,코스닥시장,110111-0426688,116-81-19948,서울특별시 중구  세종대로 39 대한서울상공회의소 7층,www.kicc.co.kr,,그 외 기타 전기 통신업,1986-05-09,12월
(주)한국종합미디어,"HAN KOOK MASS MEDIA CO.,LTD",한국종합미디어, ,이순임,기타법인,110111-0855134,101-81-42151,서울특별시 종로구 종로6가 242-1 한덕빌딩 808호, ,,잡지 및 정기간행물 발행업,1992-07-20,12월
(주)한국주켄,Zuken Korea Inc.,한국주켄, ,카츠베 진야,기타법인,110111-0831556,120-81-19215,서울특별시 강남구 대치동 1001-10 동남유화빌딩, ,,시스템 소프트웨어 개발 및 공급업,1992-02-13,02월
한국주택시설관리주식회사,korea housing facility management,한국주택시설관리, ,박수웅,기타법인,110111-0265888,213-81-22157,"서울특별시 서초구 논현로 87 (양재동, 삼호물산빌딩) b동 6층",www.yesvill.com,,컴퓨터시설 관리업,1979-12-22,12월
한국지주산업개발(주),INDUSTRY DEVELOPMENT.CO,한국지주산업개발, ,박선영,기타법인,134811-0144402,124-86-59062,경기도 화성시 향남읍 관리 96번지, ,,"컴퓨터 프로그래밍, 시스템 통합 및 관리업",2007-07-27,12월
(주)한국칼비테,karlwitte korea.inc,한국칼비테, ,이정규,기타법인,110111-0415871,219-81-20803,서울특별시 종로구 원서동 228번지 볼재빌딩 5층,www.karlwitte.co.kr,,서적 출판업,1986-10-01,12월
주식회사 한국컨텐츠거래소,KORCX,한국컨텐츠거래소, ,박건,기타법인,110111-4297928,120-87-51857,"서울특별시 강남구 테헤란로 620 (대치동, 미래에셋타워) 11층", ,,시스템 소프트웨어 개발 및 공급업,2010-03-08,12월
(주)한국케이블TV경동방송,Kyoungdong Cable Network System,한국케이블TV경동방송, ,김택중,기타법인,115211-0025954,132-81-26077,경기도 남양주시 평내동 203-2 혜림빌딩 4층, ,,유선 방송업,1997-07-21,12월
한국케이블TV남인천방송주식회사,"KOREA CABLE TV NAM-INCHEON BROADCASTING CO., LTD.",한국케이블TV남인천방송, ,김인태,기타법인,120111-0094011,131-81-33046,인천광역시 남구 주안동 203-3,www.icndp.co.kr,,유선 방송업,1994-03-08,12월
주식회사 한국케이블TV 북부방송,"Korea Cable TV Bukbu System Co.Ltd.,",한국케이블TV북부방송, ,오광성,기타법인,110111-0884315,209-81-14191,서울특별시 성북구 하월곡동 90-1558,www.bcscatv.co.kr,,유선 방송업,1994-03-15,12월
(주)한국케이블TV서남방송,SEONAM CABLE TV CO.LTD.,한국케이블TV서남방송, ,장년수,기타법인,201111-0006464,411-81-08666,전라남도 목포시 산정동 198번지,...,,유선 방송업,1994-03-04,12월
(주)한국케이블TV 서대구방송,CABLE TV SEODAEGU,한국케이블TV서대구방송, ,정태영,기타법인,170111-0083593,503-81-26060,대구광역시 서구 이현동 48-131,http://www.sdcatv.co.kr,,유선 방송업,1995-04-15,12월
(주)한국케이블TV송파방송,"KOREA CABLE TV SONGPA System co., INC ",한국케이블TV송파방송, ,"오광성, 김택중",기타법인,110111-1011397,215-81-38086,서울특별시 송파구 송파동,http://www.scntv.co.kr,,유선 방송업,1994-02-16,12월
(주)한국케이블TV수원방송,Suwon Broadcasting Network,한국케이블TV수원방송, ,이호진 이상윤,기타법인,130111-0023828,135-81-13421,경기도 수원시 팔달구 우만동228,http://,,유선 방송업,1994-02-07,12월
한국케이블TV푸른방송(주),GREEN CABLE TELEVISION STATION.,한국케이블TV푸른방송, ,조강래,기타법인,170111-0074360,503-81-23573,대구광역시 달서구 감삼동 68-7, ,,유선 방송업,1994-03-28,12월
(주)한국케이블텔레콤,"korea cable telecom co.,ltd",한국케이블텔레콤, ,박종진,기타법인,110111-3514323,120-87-04918,"서울특별시 중구 세종대로 50 7층 (남대문로4가, 흥국생명빌딩)",www.kcttel.com,,그 외 기타 전기 통신업,2006-08-23,12월
(주)한국케이블티브이강동방송,"Korea Cable TV Kangdong System Co,.Ltd.",한국케이블티브이강동방송, ,오광성,기타법인,110111-1013046,212-81-26484,서울특별시 강동구 천호동 338-23,www.kcctv.co.kr,,유선 방송업,1994-02-25,12월
(주)한국케이블티브이광주방송, ,한국케이블티브이광주방송, ,최용훈,기타법인,200111-0043855,409-81-21690,광주광역시 북구 누문동 남화빌딩 134-1,www.kctv.co.kr,,유선 방송업, ,12월
한국케이블티브이구로방송(주),KURO CATV SYSTEM,한국케이블티브이구로방송, ,오광성,기타법인,110111-1009649,119-81-14689,서울특별시 구로구 구로동 197-48 에이스테크노타워3차 403호,www.kurocatv.co.kr,,유선 방송업,1994-02-04,12월
(주)한국케이블티브이나라방송,NARACABLETV INC,한국케이블티브이나라방송, ,이상용,기타법인,111511-0024631,127-81-23078,경기도 의정부시 평화로 340,www.naraspeed.net,,유선 방송업,1998-01-01,12월
(주)한국케이블티브이동부방송,"Korea Cable TV Dongbu System Co., Ltd.",한국케이블티브이동부방송, ,김택중,기타법인,110111-1013038,216-81-07306,서울특별시 중랑구 상봉동 118-19, ,,유선 방송업,1994-02-22,12월
(주)한국케이블티브이모두방송,"Korean Cable TV MODOO Broadcasting Co.,LTD.",한국케이블티브이모두방송, ,"변동식, 노성철",기타법인,161111-0007841,310-81-16368,충청남도 홍성군 홍성읍 대교리 669,www.cjhellovision.com/,,유선 방송업,2002-12-20,12월
(주)한국케이블티브이 원주방송,WTN,한국케이블티브이원주방송, ,한재선,기타법인,141211-0010440,224-84-13022,강원도 원주시 단계동 883-2,www.iwtn.net,,유선 방송업,1997-07-18,12월
한국콩스버그마리타임 (주),Kongsberg Maritime Korea Ltd.,한국콩스버그마리타임, ,한스페터에릭슨,기타법인,110111-1723728,214-86-34442,부산광역시 기장군 정관면 산단3로 9-7,www.kongsberg.com,,시스템 소프트웨어 개발 및 공급업,1999-06-28,12월
(주)한국클라우드,HANKOOK CLOUD Inc.,한국클라우드, ,김현겸,기타법인,110111-7278868,405-86-01552,"서울특별시 금천구 서부샛길 606 (가산동, 대성디폴리스지식산업센터)", ,,응용 소프트웨어 개발 및 공급업,2019-11-01,12월
한국통신데이타(주),Korea Telecom Data Inc.,한국통신데이타,045760,진병현,기타법인,110111-1631103,209-81-21969,서울특별시 서초구 방배동 792-10 일건빌딩 402호,www.ktdata.co.kr,,시스템 소프트웨어 개발 및 공급업,1999-01-08,12월
한국통신돔닷컴 주식회사,KTdom.com.Inc,한국통신돔닷컴, ,장태두,기타법인,110111-1992638,110-81-46388,서울특별시 강남구 역삼동 721-38 케이티돔빌딩,"www,ktdom.com",,포털 및 기타 인터넷 정보매개 서비스업,2000-06-09,12월
한국통신엠닷컴(주),"KT M.com co., Ltd.",한국통신엠닷컴, ,정의진,기타법인,110111-1304403,120-81-64103,서울특별시 서초구 서초동 1321-11, ,,무선 및 위성 통신업,1996-08-01,12월
한국통신인터넷기술(주),KTIS,한국통신인터넷기술, ,이민수,기타법인,110111-1809891,110-81-43208,서울특별시 강남구 대치동 890-59 롯데골드로즈2차 208호, ,,시스템 소프트웨어 개발 및 공급업,1999-11-17,12월
(주)한국통신프리님,"KOREA TELECOM FREENIEM,CO,LTD",한국통신프리님, ,김석우,기타법인,110111-2026717,214-86-63613,서울특별시 서초구 서초동 1706-4 세광빌딩 5층,WWW.FREENIEM.COM,,그 외 기타 전기 통신업,2000-07-14,06월
(주)한국트렌드마이크로,"Trend Micro Inc., Korea",한국트렌드마이크로, ,마헨드라네기,기타법인,110111-1220956,116-81-37908,서울특별시 강남구 영동대로 416 (대치동) 케이티앤지타워 3층,www.trendmicro.co.kr/,,시스템 소프트웨어 개발 및 공급업,1996-01-01,12월
(주)한국티브이,hankooktv,한국티브이, ,신재각,기타법인,110111-1889504,209-81-24781,서울특별시 마포 서교 362-5,hankooktv.co.kr,,데이터베이스 및 온라인정보 제공업,2000-04-02,12월
한국펀드평가 주식회사,Korea Fund Ratings Co.,한국펀드평가, ,"김세진, 신동승",기타법인,110111-3879826,101-86-39200,"서울특별시 종로구 세종대로 149 (세종로, 광화문빌딩 9층)",www.kfr.co.kr,,그 외 기타 정보 서비스업,2008-04-15,12월
(주)한국페리콤,KPC,한국페리콤, ,조양현,기타법인,110111-1835028,220-81-73066,서울특별시 강남구 신사동 567-28 (수정빌딩3층),www.sinto.co.kr,,시스템 소프트웨어 개발 및 공급업,1999-12-23,12월
한국평가데이터 주식회사,"KoData Co., Ltd",한국평가데이터, ,홍두선,기타법인,110111-3173947,105-86-75080,"서울특별시 영등포구 의사당대로 21 (여의도동, 코데이터빌딩)",https://www.kodata.co.kr/,,데이터베이스 및 온라인정보 제공업,2005-02-22,12월
한국프뢰벨 주식회사,"KOREA FROEBEL CO., LTD.",한국프뢰벨, ,최재근,기타법인,110111-0411720,220-81-16478,서울특별시 강남구 논현동 90-2,froebel.co.kr,,기타 인쇄물 출판업,1985-12-02,12월
주식회사 한국피에스아이넷,PSINet Korea Inc.,한국피에스아이넷, ,채승용,기타법인,110111-1070856,220-81-04818,서울특별시 강남구 역삼동 738-37 아이네트빌딩,http://www.kr.psi.net,,그 외 기타 전기 통신업,1994-08-30,12월
한국휴먼컴퓨터주식회사,"KOREA HUMAN COMPUTER CO,. LTD.",한국휴먼컴퓨터, ,이칠수,기타법인,110111-1819254,211-86-86956,서울특별시 강남구 논현동 209-9 한국관세사회관내 3층, ,,시스템 소프트웨어 개발 및 공급업,1999-12-01,12월
(주)한글과컴퓨터,HANCOM INC.,한글과컴퓨터,030520,"변성준, 김연수 (각자대표)",코스닥시장,110111-0725064,107-81-52230,"경기도 성남시 분당구 대왕판교로644번길 49 (삼평동, 한컴타워)",www.hancom.com,,소프트웨어 개발 및 공급업,1990-11-02,12월
주식회사 한글로닷컴,Hanglro.com co.ltd,한글로닷컴, ,김홍년,기타법인,110111-1872202,101-81-54429,서울특별시 종로구 관훈동 관훈빌딩,www.hanglo.com,,시스템 소프트웨어 개발 및 공급업,2000-02-08,12월
한기술정보통신(주),HanTech,한기술정보통신, ,이유로,기타법인,110111-0397095,116-81-11344,서울특별시 영등포구 여의도동 기계공업진흥회 신관 8층,www.htinc.co.kr,,컴퓨터시스템 통합 자문 및 구축 서비스업,1985-04-12,12월
한길씨앤씨(주),HANGIL C&C,한길씨앤씨, ,신용인,기타법인,110111-1875636,110-81-48993,"서울특별시 금천구 서부샛길 632 904호 (가산동, 대륭테크노타운5차)",www.hangilcnc.com,,시스템 소프트웨어 개발 및 공급업,2000-02-11,12월
(주)한네트,"HANNET CO., LTD.",한네트,052600,김선종,코스닥시장,110111-1402851,118-81-16705,서울특별시 마포구  독막로 281,www.hannet.net,,그 외 기타 전기 통신업,1997-04-15,12월
(주)한단파트너스,"HANDAN PARTNERS CO.,LTD",한단파트너스, ,이준성,기타법인,110111-2148272,120-86-16547,서울특별시 강남구 삼성동 119-9 경산빌딩5층, ,,시스템 소프트웨어 개발 및 공급업,2001-01-11,12월
(주)한도하이테크,"HANDO HI-TECH CO., LTD.",한도하이테크,060660,김학영,기타법인,110111-0538194,214-81-10576,서울특별시 서초구 서초동 1535-12,www.handoht.co.kr,,컴퓨터시스템 통합 자문 및 구축 서비스업,1987-07-16,12월
한독커뮤니케이션,HANDOKCOMMUNICATION,한독커뮤니케이션, ,조동근,기타법인,110111-1755995,214-86-36571,서울특별시 관악구 봉천7동 산4-8 서울대학교창업보육센터 517-518호,www.v-sat.co.kr,,그 외 기타 전기 통신업,1999-08-19,12월
(주)한라일보사,HALLA ILBO,한라일보사, ,"김건일, 최병영",기타법인,220111-0005976,616-81-04474,"제주특별자치도 제주시 서사로 154 (삼도일동, 한라일보사)", ,,"신문, 잡지 및 정기간행물 출판업",1988-09-03,12월
한라정보시스템주식회사,Halla Information Systems Corp.,한라정보시스템, ,이재덕,기타법인,110111-1058125,215-81-46631,서울특별시 송파구 가락동 98-4,Halla.net,,시스템 소프트웨어 개발 및 공급업,1994-07-15,12월
한류뱅크 주식회사,"HanRyu Bank Co., Ltd.",한류뱅크, ,이기용,기타법인,110111-6894467,763-86-01220,"서울특별시 영등포구 국회대로38길 8 403호 A-164(당산동3가, 문화빌딩)",www.hanryubank.com,,시스템 소프트웨어 개발 및 공급업,2018-10-15,12월
(주)한맥정보기술,Hanmac Information Technology,한맥정보기술, ,이상용,기타법인,110111-2063610,120-86-11144,서울특별시 송파구 중대로 215 (가락동) 5층 501호, ,,컴퓨터시스템 통합 자문 및 구축 서비스업,2000-09-04,12월
(주)한메소프트,Hanmesoft Corp.,한메소프트, ,이창원,기타법인,110111-0764111,229-81-03607,서울특별시 서초구 양재동 315-6 아산벤처타워 7층,www.hanmesoft.co.kr,,시스템 소프트웨어 개발 및 공급업,1991-03-27,12월
한미IT(주),"Hanmi IT Co.,Ltd.",한미IT, ,임종훈,기타법인,110111-3206897,215-86-69866,"서울특별시 송파구 위례성대로 14 (방이동, 한미타워)",www.hanmiit.co.kr,,정보서비스업,2005-04-13,12월
한방건강TV주식회사,"Korean Traditional Medical Health TV Co.,Ltd",한방건강TV, ,황규환,기타법인,110111-2801763,108-81-60937,서울특별시 동작구 흑석동,www.hanbang.tv,,프로그램 공급업,2003-06-17,12월
한빛네트,"HanbitNet, Inc.",한빛네트,036720,강승환,기타법인,110111-1443079,208-81-24283,서울특별시 종로구 익선동 30-6,www.hanbitnet.com,,시스템 소프트웨어 개발 및 공급업,1997-07-22,12월
(주)한빛넥스젠,HANBIT NEXGEN,한빛넥스젠, ,손영림,기타법인,110111-2031667,101-81-61065,서울특별시 종로구 경운동 89-4 고합빌딩 6층,www.ihanbit.net,,시스템 소프트웨어 개발 및 공급업,2000-07-21,12월
한빛미디어(주),"HANBIT MEDIA, Inc.",한빛미디어, ,김태헌,기타법인,110111-0928460,220-81-05665,"서울특별시 서대문구 연희로2길 62 (창천동, 한빛빌딩B동)",www.hanbit.co.kr,,일반 서적 출판업,1993-03-19,06월
(주)한빛소프트,HANBIT SOFT Inc.,한빛소프트,047080,원지훈,코스닥시장,110111-1628928,118-81-19570,서울특별시 금천구 가산디지털1로 186 제이플라츠빌딩 15층 1506호,www.hanbitsoft.co.kr,,게임 소프트웨어 개발 및 공급업,1999-01-06,12월
(주)한빛유선방송,Hanvit Cable Corp.,한빛유선방송, ,이병우,기타법인,134911-0005834,133-81-15568,경기도 광명시 광명동 158-235,http://www.hanvit.net,,유선 방송업,1993-01-01,12월
한샘글로피아(주),HANSAEMGLOPIA,한샘글로피아, ,유명철,기타법인,110111-3269481,120-86-84399,서울특별시 강남구 대치동 은마상가 316 306-1호,한샘글로피아,,서적 출판업,2005-07-14,12월
한샘닷컴(주),Hansaem.com,한샘닷컴, ,서영진,기타법인,110111-2072687,110-81-47989,서울특별시 강남구 신사동 성도빌딩 587-23 1층, ,,서적 출판업,2000-09-20,12월
한성아시아개발,HanSeong Asia Development,한성아시아개발, ,최승필,기타법인,110111-5628768,105-88-14622,전라북도 전주시 완산구 반태산1길 55-1, ,,"컴퓨터 프로그래밍, 시스템 통합 및 관리업",2015-01-29,12월
(주)한성아이티엘,"HANSUNG ITL Co., Ltd.",한성아이티엘, ,이상로,기타법인,110111-3110014,109-81-94518,"서울특별시 영등포구 국회대로70길 22 (여의도동, 금강빌딩 9층)",www.itls.co.kr,,컴퓨터시스템 통합 자문 및 구축 서비스업,2004-11-04,12월
주식회사 한성종합개발 ,hansung development company,한성종합개발, ,김한성,기타법인,170111-0623563,802-86-00638,"대구광역시 동구 금강로21길 10 (괴전동, 안심역우방아이유쉘) 상가동 401호", ,,"컴퓨터 프로그래밍, 시스템 통합 및 관리업",2016-11-30,12월
한솔디케이주식회사,HansolDK,한솔디케이, ,배재학,기타법인,110111-3711367,113-86-14954,서울특별시 구로구 구로동 187-10 코오롱싸이언스밸리1차 301호, ,,교과서 및 학습서적 출판업,2007-07-01,06월
한솔아이글로브 주식회사,Hansol i Globe.Co.Ltd.,한솔아이글로브, ,권순엽,기타법인,110111-2024216,214-86-63442,서울특별시 서초구 서초동 1321-11 한국통신엠닷컴빌딩16층,www.hig.co.kr,,유선 통신업,2000-07-12,12월
한솔월드폰주식회사, ,한솔월드폰, ,심주성,기타법인,110111-1537947,214-86-22984,서울특별시 강남 도곡동 467-6 대림아크로텔 12층, ,,통신 재판매업,1998-04-22,12월
한솔인티큐브(주),"Hansol Inticube Co., Ltd.",한솔인티큐브,070590,김형준,코스닥시장,110111-2915605,120-86-61116,"서울특별시 마포구 월드컵북로 396, 14층 (상암동, 누리꿈스퀘어비즈니스타워)",www.hansolinticube.com,,컴퓨터 프로그래밍 서비스업,2003-12-15,12월
주식회사 한스디앤아이,HANSDNI,한스디앤아이, ,"김한수, 최지훈",기타법인,110111-5138882,264-81-16707,"서울특별시 강남구 논현로 414 (역삼동, 세일빌딩)", ,,응용 소프트웨어 개발 및 공급업,2013-05-23,12월
주식회사 한스타엔터테인먼트,HanStar Entertainment,한스타엔터테인먼트, ,김동진,기타법인,110111-3108887,220-86-93941,서울특별시 영등포구 여의도동 17 여의도 더샵아일랜드파크 102-1204호,www.hanryu.pro,,방송 프로그램 제작업,2010-10-25,12월
(주)한스텝,"hanstep co.,ltd",한스텝, ,한상용,기타법인,110111-1124629,220-81-18762,서울특별시 강남구 역삼동 640-13 MK빌딩 5층,www.hanstep.com,,시스템 소프트웨어 개발 및 공급업,1995-02-01,12월
(주)한신코퍼레이션,HAHN SHIN CORPORATION,한신코퍼레이션,037120,김정배,기타법인,110111-0877394,220-81-00224,서울특별시 금천구 가산동 673,www.hahnshin.co.kr,,애니메이션 영화 및 비디오물 제작업,1992-07-07,06월
(주)한싹,"Hanssak Co., Ltd.",한싹,430690,이주도,코스닥시장,110111-2003640,220-81-92516,서울특별시 강동구 고덕비즈밸리로2가길 61 한싹타워,www.hanssak.co.kr,,시스템 소프트웨어 개발 및 공급업,2000-06-22,12월
(주)한씨엔,"HANBAT CABLE NETWORK CO.,LTD",한씨엔, ,이인석,기타법인,160111-0038714,305-81-19077,대전광역시 중구 중촌동 220-2,www.icmb.tv,,유선 방송업,1994-02-26,12월
(주)한아IT,"HANA IT, InC.",한아IT, ,이상엽 도은한,기타법인,170111-0272170,504-81-58357,대구광역시 동구 매여로1길 37-18 (상매동) (주)한아IT,www.hana-it.com/,,"컴퓨터 프로그래밍, 시스템 통합 및 관리업",2004-08-27,12월
(주)한양정보통신,"Hanyang Information & Communication Co.,Ltd.",한양정보통신, ,강경수,기타법인,110111-1720790,114-81-89695,"서울특별시 서초구 방배로 114 (방배동, 다이치빌딩) 4층",www.hanyang.co.kr/,,응용 소프트웨어 개발 및 공급업,1999-06-24,06월
(주) 한언,HANEON COMMUNITY,한언, ,김철종,기타법인,110111-0525711,102-81-21498,서울특별시 마포구 신수동 63-14 구 프라자 6층,www.haneon.com,,서적 출판업,1987-08-01,12월
(주)한영시네마라이프,"hanyeong Cinemalife.co.,ltd.",한영시네마라이프, ,한웅,기타법인,201111-0024391,411-81-44319,"전라남도 목포시 원형동로 53 (상동, 롯데시네마목포8)", ,,영화관 운영업,2006-05-01,12월
주식회사 한올테크놀로지,"HANALL TECHNOLOGY.CO.,LTD",한올테크놀로지, ,채헌,기타법인,110111-0993405,116-81-33770,서울특별시 강남구 도곡동 467-12,www.hat.co.kr,,시스템 소프트웨어 개발 및 공급업,1993-12-30,12월
(주)한와이어리스,"Hanwireless Co., Ltd.",한와이어리스,037020,한희석,기타법인,120111-0003228,122-81-04213,서울특별시 강남구 논현동 261-1 논현센타 2층 ,www.ubdigm.com,,기타 정보기술 및 컴퓨터운영 관련 서비스업,1975-03-20,12월
(주)한우리열린교육,HANURI OPEN EDUCATION,한우리열린교육, ,김희선,기타법인,110111-1535181,220-81-52061,"서울특별시 영등포구 당산로27길 16 (당산동3가, 한우리빌딩)",www.hanuribook.com/,,서적 출판업,1998-05-01,12월
(주)한 인터넷,"HAN INTERNET21 CO., LTD.",한인터넷, ,전행준,기타법인,110111-1897317,211-86-92254,서울특별시 강남구 논현동 182-25 인화B/D 5F,http://www.user21.net,,시스템 소프트웨어 개발 및 공급업,2000-03-06,12월
한일기업주식회사,"CINECITY HANIL CO., LTD.",한일기업, ,연제현,기타법인,170111-0000365,501-81-00685,대구광역시 중구 동성로2가 88-22,www.CCH7.co.kr,,영화관 운영업,1967-09-01,12월
한일네트웍스(주),"HANIL NETWORKS CO., LTD.",한일네트웍스,046110,목진원,기타법인,120111-0175423,139-81-37667,"서울특별시 중구 수표로 34 (저동2가, 씨티센터타워) 11층",www.hanilnetworks.com,,호스팅 및 관련 서비스업,1998-08-26,12월
주식회사 한일정보통신,"HANIL TELECOM. CO., LTD.",한일정보통신, ,정인식,기타법인,110111-0917182,220-81-22500,서울특별시 강남구 역삼동 832-2,www.hanil.co.kr,,컴퓨터시스템 통합 자문 및 구축 서비스업,1993-02-01,12월
한주에이알티(주),"HANJOO ART Co.,LTD.",한주에이알티,058450,"윤정호, 한정수",코스닥시장,110111-0226327,139-81-01169,서울특별시 강동구 고덕비즈밸리로2가길 21 5층(고덕동),www.ilya.co.kr,,"영화, 비디오물, 방송프로그램 제작 및 배급업",1978-02-24,12월
(주)한중네트,"HANJUNG NET. Co., LTD.",한중네트, ,최성열,기타법인,110111-1951923,120-86-04487,서울특별시 강남구 삼성동 161-8 세요빌딩 5층,http://www.krcn.co.kr,,시스템 소프트웨어 개발 및 공급업,2000-04-25,12월
한진정보통신(주),"Hanjin Information Systems & Telecommunication Co., Ltd",한진정보통신, ,변봉섭(BYUN BONG SUP),기타법인,110111-0657259,201-81-46253,서울특별시 강서구 공항대로 453 등촌동 KAL빌딩,www.hist.co.kr,,시스템 소프트웨어 개발 및 공급업,1989-11-04,12월
(주)한컴리눅스,HancomLinux Inc,한컴리눅스, ,박상현,기타법인,110111-1829112,120-81-96833,서울특별시 광진구 구의동,www.hancom.com,,시스템 소프트웨어 개발 및 공급업,1999-12-15,12월
주식회사 한컴세이프티,Hancom Safety Inc,한컴세이프티, ,송문규,기타법인,131111-0410909,495-86-00099,경기도 성남시 분당구 대왕판교로644번길 49 (삼평동) 한컴타워 2층, ,,게임 소프트웨어 개발 및 공급업,2015-05-29,12월
한컴씽크프리,"Thinkfree,corp.",한컴씽크프리, ,백종진,기타법인,110111-2931601,206-81-87531,서울특별시 광진구 구의동 546-4 프라임센터 21층,www.thinkfree.com,,소프트웨어 개발 및 공급업,2004-01-08,12월
(주)한컴위드,Hancom WITH Inc.,한컴위드,054920,송상엽,코스닥시장,110111-1673585,116-81-72773,"경기도 성남시 분당구 대왕판교로644번길 49 (삼평동,한컴타워)",www.hsecure.co.kr,,시스템 소프트웨어 개발 및 공급업,1999-03-31,12월
(주)한컴이노스트림,"HANCOM INNOSTREAM Co,.Ltd",한컴이노스트림, ,"김연수, 최성",기타법인,110111-3064154,113-81-92523,"경기도 성남시 분당구 대왕판교로644번길 49 (삼평동, 한컴타워) 2층", ,,시스템 소프트웨어 개발 및 공급업,2004-08-09,12월
(주)한컴인스페이스,"HANCOM inSPACE Co.,Ltd.",한컴인스페이스, ,최명진,기타법인,160111-0314693,314-86-31838,"대전광역시 유성구 엑스포로 1 12층 (도룡동,사이언스센터)", ,,응용 소프트웨어 개발 및 공급업,2012-02-01,12월
(주)한컴지엠디,Hancom GMD Inc.,한컴지엠디,077280,김현수,기타법인,110111-1372236,229-81-25921,경기도 성남시 분당구 대왕판교로644번길 49 한컴타워,www.dawintech.com,,소프트웨어 개발 및 공급업,1997-01-30,12월
한컴통주식회사, ,한컴통, ,강태헌,기타법인,110111-0561434,120-81-04745,서울특별시 강남구 논현동 240-10 4층,http://www.unisql.com,,시스템 소프트웨어 개발 및 공급업,1988-02-08,12월
(주)한컴프론티스,FRONTIS Corporation,한컴프론티스, ,정현석,기타법인,110111-2322123,215-86-13396,"경기도 수원시 영통구 신원로 88 (신동, 디지털엠파이어2) 101동 1205호",frontis.co.kr/,,소프트웨어 개발 및 공급업,2001-08-27,12월
주식회사 한터글로벌,HANTEO GLOBAL INC.,한터글로벌, ,곽영호,기타법인,110111-6917102,715-86-01143,"서울특별시 강남구 봉은사로109길 4 (삼성동, 베페하우스)", ,,응용 소프트웨어 개발 및 공급업,2018-11-06,12월
한통정보통신(주), ,한통정보통신, ,김영배,기타법인,110111-1528079,217-81-14682,서울특별시 강남구 역삼동 746-4 화원빌딩 5층, ,,그 외 기타 전기 통신업, ,12월
(주)한페이시스,"Hanpaysys Co.,Ltd.",한페이시스, ,이근재,기타법인,200111-0292858,408-81-85459,"광주광역시 서구 상무중앙로 110 (치평동, 우체국보험광주회관) 15층",www.hanpaysys.com,,기타 정보기술 및 컴퓨터운영 관련 서비스업,2010-02-23,12월
한화에스앤씨(주),"HANWHA S&C Co., Ltd.",한화에스앤씨, ,김경한,기타법인,110111-6533601,527-86-00800,"서울특별시 중구 을지로 100 (을지로2가, 파인에비뉴)b동 14층",www.hsnc.co.kr,,컴퓨터시스템 통합 자문 및 구축 서비스업,2017-10-10,12월
한화오션디지털 주식회사,"Hanwha Ocean Digital Co.,Ltd.",한화오션디지털, ,백종현,기타법인,194911-0042446,494-88-00498,경상남도 거제시 거제대로 3370 (아주동),www.dsmeinc.com,,컴퓨터시스템 통합 자문 및 구축 서비스업,2016-12-28,12월
핫게임인터내셔널,HOT GAME INTERNATIONAL LIMITED,핫게임인터내셔널, ,Yan Jun,기타법인, ,44341,"OMC Chambers,Wickhams Cay 1, Road Town, Tortola, British Virgin Islands", ,,게임 소프트웨어 개발 및 공급업,2017-01-24,12월
주식회사 해긴,HAEGIN,해긴, ,이영일,기타법인,110111-6514833,514-88-00619,"서울특별시 구로구 경인로 662 (신도림동, 디큐브시티) 타워동 39층", ,,모바일 게임 소프트웨어 개발 및 공급업,2017-09-13,12월
(주)해냄출판사,"Hainaim Publishing Co.,Ltd",해냄출판사, ,송영석,기타법인,110111-1050171,105-81-65156,"서울특별시 마포구 잔다리로 30 (서교동, 해냄빌딩)",www.hainaim.com,,일반 서적 출판업,1994-07-01,12월
(주)해동파트너스,haegong,해동파트너스, ,공지윤,기타법인,110111-5848134,721-86-00232,"서울특별시 강남구 테헤란로25길 6-9 (역삼동, 석암빌딩)", ,,호스팅 및 관련 서비스업,2015-09-30,12월
(주)해마컴,HAEMA.COM CO.Ltd,해마컴, ,문태홍,기타법인,110111-1588205,211-86-46065,서울특별시 송파구 잠실동 175-14 두성빌딩 7층,www.haema.com,,시스템 소프트웨어 개발 및 공급업,1998-09-21,12월
(주)해빗팩토리,"HABITFACTORY CO., Ltd.",해빗팩토리, ,"이동익, 정윤호",기타법인,110111-5934404,474-87-00293,서울특별시 강남구 역삼로25길 36 (역삼동), ,,시스템 소프트웨어 개발 및 공급업,2016-01-08,12월
주식회사 해성네트워크,"HAE SUNG NETWORK CO., LTD",해성네트워크, ,정해길,기타법인,115411-0034406,127-81-81836,경기도 김포시 북변동 277-12,www.hsnetwork.co.kr,,시스템 소프트웨어 개발 및 공급업,2003-07-02,12월
주식회사 해시드,"Hashed, Inc.",해시드, ,김서준,기타법인,110111-6674702,187-88-00979,"서울특별시 강남구 테헤란로4길 14 (역삼동, 미림타워) 3층", ,,시스템 소프트웨어 개발 및 공급업,2018-03-02,12월
(주)해오름이앤피,Haeorum Education & Parenting Inc.,해오름이앤피, ,차승훈,기타법인,110111-1994064,120-86-06660,서울특별시 강남구 삼성동 156-3 세화빌딩 6층,www.haeorum.com,,데이터베이스 및 온라인정보 제공업,2000-06-12,12월
(주)해올,"Haeol.Co.,Ltd",해올, ,이영무,기타법인,110111-1373325,105-81-85259,서울특별시 마포구 도화동22 창강빌딩1711,www.haeol.co.kr,,시스템 소프트웨어 개발 및 공급업,1997-02-15,12월
주식회사 해줌,Haezoom Inc.,해줌, ,권오현,기타법인,131411-0284754,134-87-00089,"서울특별시 강남구 역삼로 136 4층 (역삼동, 신명빌딩)",www.haezoom.com,,시스템 소프트웨어 개발 및 공급업,2012-09-13,12월
주식회사 해커스랩,"HackersLab.Co.,Ltd.",해커스랩, ,김창범,기타법인,110111-1877830,211-86-90936,서울특별시 강남구 논현동 221-5 엠빌딩 3층,www.hackerslab.com,,시스템 소프트웨어 개발 및 공급업,2000-02-15,12월
주식회사 해커스어학연구소,"Hackers Language Research Institute Co., Ltd.",해커스어학연구소, ,김미준,기타법인,110111-3040948,120-86-69665,"서울특별시 서초구 강남대로61길 23 (서초동, 현대성우빌딩202호)",www.hackers.com,,교과서 및 학습서적 출판업,2004-07-01,12월
주식회사 해피넷,"Happynet Communications co., Ltd.",해피넷, ,정명준,기타법인,110111-1452947,229-81-29043,서울특별시 강남구 논현동 48 고려빌딩 3층,www.happynet.co.kr,,통신 재판매업,1997-07-19,12월
(주)해피텔레콤,Happy Telecom,해피텔레콤, ,심종관,기타법인,110111-1297872,215-81-55386,서울특별시 송파구 가락동 98-4,www.happytel.co.kr,,무선 및 위성 통신업,1996-07-06,12월
주식회사 핸드허그,HandHug Corp.,핸드허그, ,박준홍,기타법인,110111-5820413,534-88-00175,서울특별시 강남구 언주로94길 5 (역삼동), ,,데이터베이스 및 온라인정보 제공업,2015-08-31,12월
(주)핸디소프트,"HANDYSOFT, Inc.",핸디소프트,220180,이해석,코스닥시장,131111-0243912,129-86-39907,경기도 안양시 동안구 부림로170번길 41-22 4층(관양동),www.handysoft.co.kr,,응용 소프트웨어 개발 및 공급업,2009-11-19,12월
(주)핸디소프트,HandySoft Corp.,핸디소프트,032380,권석호,기타법인,110111-0747943,114-81-45926,"서울특별시 서초구 서초동 1602-5번지 로얄타워 8층~12층,15층 ",www.handysoft.co.kr,,시스템 소프트웨어 개발 및 공급업,1991-02-10,12월
햄펙스,"Hampex .Co.,Ltd",햄펙스, ,최경섭,기타법인,170111-0245648,504-81-51562,대구광역시 북구 동천동 954-1 2층,www.hampex.com,,시스템 소프트웨어 개발 및 공급업,2003-04-01,12월
행문시스템즈 주식회사,"HaengMoon Systems Co.,Ltd.",행문시스템즈, ,유신자,기타법인,110111-4695536,107-87-58819,서울특별시 영등포구 여의대로 56 (여의도동), ,,소프트웨어 개발 및 공급업,2011-09-27,08월
재단법인 행복아이씨티,The Happy ICT Foundation,행복아이씨티, ,신용운,기타법인,135622-0005026,129-82-12399,"서울특별시 성동구 성수일로6길 33 2층 (성수동2가, 아연디지털타워)",www.happyict.co.kr/,,시스템 소프트웨어 개발 및 공급업,2016-12-22,12월
허드슨텍, ,허드슨텍, ,박노춘,기타법인, , ,서울특별시 동작구 사당5동 236-16 허드슨 빌딩 5층, ,,시스템 소프트웨어 개발 및 공급업, ,12월
(주)허브코리아,"HUBKOREA CO.,LTD.",허브코리아, ,안준호,기타법인,110111-1690125,112-81-52270,서울특별시 마포구 망원동 483-20,www.okhub.com,,기타 정보기술 및 컴퓨터운영 관련 서비스업,1999-04-29,12월
주식회사 허비그하로,"HERBIGHARO Co., Ltd.",허비그하로, ,박효신,기타법인,110111-8292817,751-86-02508,서울특별시 용산구 대사관로15길 22 (한남동) 101호-301호, ,,음악 및 기타 오디오물 출판업,2022-05-09,12월
허스트중앙(유),HEARST JOONGANG,허스트중앙, ,강주연,기타법인,110114-0031613,104-81-55280,"서울특별시 강남구 도산대로 156 (논현동, 중앙엠앤비사옥)", ,,잡지 및 정기간행물 발행업,2000-07-18,12월
(주)헤럴드,Herald Co.,헤럴드, ,최진영,기타법인,110111-0154114,104-81-06004,서울특별시 용산구 후암로4길 10 (후암동),www.heraldbiz.com,,신문 발행업,1973-12-21,12월
(주)헤론헬스정보시스템,Heron Health Information system Inc.,헤론헬스정보시스템, ,"이기봉, 금웅섭",기타법인,110111-8150007,232-81-05974,"서울특별시 서대문구 성산로 543 (대신동, 국제빌딩) 2층 서편관", ,,"컴퓨터시스템 통합 자문, 구축 및 관리업",2022-01-03,12월
주식회사 헤리스테크날리지,"HerisTechnology Co., Ltd.",헤리스테크날리지, ,조현길,기타법인,230111-0063310,610-81-40282,울산광역시 중구 다운동 552-1,http://www.heristech.com,,시스템 소프트웨어 개발 및 공급업,2000-02-01,12월
(주)헤리트,Herit Corporation,헤리트, ,한미숙,기타법인,160111-0092166,314-81-30305,경기도 성남시 분당구 대왕판교로 660 (삼평동) 1A동 1008호 (유스페이스1),www.herit.net,,시스템 소프트웨어 개발 및 공급업,2000-01-21,12월
헤이아니타코리아(주),"HeyAnita Korea, Inc.",헤이아니타코리아, ,이중삼,기타법인,110111-1725493,203-81-64636,서울특별시 강남구 청담동 92-8,www.heyanita.co.kr,,그 외 기타 전기 통신업,1999-07-01,12월
(주)헥토이노베이션,"Hecto Innovation Co., Ltd.",헥토이노베이션,214180,이현철,코스닥시장,110111-4063535,214-88-39117,서울특별시 강남구 테헤란로34길 6 태광타워 13층,www.hectoinnovation.co.kr,,데이터베이스 및 온라인정보 제공업,2009-03-19,12월
(주)헥토파이낸셜,"Hecto Financial Co., Ltd.",헥토파이낸셜,234340,최종원,코스닥시장,110111-2085523,101-81-63383,"서울특별시 강남구 테헤란로34길 6, 9~10층  ;",hectofinancial.co.kr,,그 외 기타 정보 서비스업,2000-10-09,12월
(주)헥톤프로젝트,"HectonProject Co., Ltd.",헥톤프로젝트, ,이동대,기타법인,110111-6449147,105-88-16294,"서울특별시 영등포구 여의대로 108 타워2 31층(여의도동, 파크원)",www.hectonproject.com,,응용 소프트웨어 개발 및 공급업,2017-07-03,12월
헬로라이브 주식회사,Amond Inc.,헬로라이브, ,정주형,기타법인,110111-6337623,646-81-00727,서울특별시 강남구 봉은사로43길 45 (논현동), ,,응용 소프트웨어 개발 및 공급업,2017-03-07,12월
주식회사 헬로스토리,HelloStory Corporation,헬로스토리, ,이인섭,기타법인,110111-1851751,211-86-88861,서울특별시 광진구 노유1동 6-20번지 3층,www.hellostory.com,,통신 재판매업,2000-01-13,12월
(주)헬로핀테크,HELLO FINTECH,헬로핀테크, ,남기중,기타법인,110111-6142262,789-81-00529,"서울특별시 강남구 테헤란로98길 8 4층,(대치동, KOSMODAECHI)", ,,포털 및 기타 인터넷 정보매개 서비스업,2016-08-05,12월
헬스커넥트주식회사,"Health Connect Co., Ltd.",헬스커넥트, ,임동석,기타법인,110111-4758392,101-86-68364,"서울특별시 강남구 테헤란로70길 12 (대치동, H타워) 9층",www.hconnect.co.kr,,응용 소프트웨어 개발 및 공급업,2011-12-26,12월
주식회사 헬스허브,"HealthHub Co., Ltd",헬스허브, ,김기풍,기타법인,110111-4798455,105-87-68397,"서울특별시 마포구 마포대로 20 (마포동, 다보빌딩) 14층",www.healthhub.kr,,응용 소프트웨어 개발 및 공급업,2012-03-02,12월
(주)헬퍼스하이,HELPERSHIGH,헬퍼스하이, ,박완주,기타법인,131411-0346025,610-86-33694,경기도 군포시 흥안대로27번길 28-10 (금정동), ,,자료 처리업,2015-06-30,12월
(주)혁산정보시스템,hyuk san information system,혁산정보시스템, ,전세원,기타법인,110111-1177339,229-81-04907,서울특별시 마포구 동교동 180-2 에이원빌딩3층, ,,시스템 소프트웨어 개발 및 공급업,1995-07-22,12월
현대글로벌네트웍스(주),"hyundai global networks co.,ltd",현대글로벌네트웍스, ,안병철,기타법인,110111-2130386,214-86-73300,서울특별시 금천구 가산동 에이스테크노타워10차 11층, ,,통신 재판매업,2000-12-15,12월
현대디지탈테크 주식회사,"HYUNDAI DIGITAL TECHNOLOGY CO., LTD",현대디지탈테크, ,최광호,기타법인,110111-4983668,120-87-89407,"서울특별시 강남구 역삼로77길 23 (대치동, 성도빌딩) 3층",ace070.com/,,통신 재판매업,2012-11-05,12월
현대 디지털 엔터테인먼트(주),"Hyundai Digital Entertainment co.,Ltd.",현대디지털엔터테인먼트, ,전동수,기타법인,110111-0310344,220-81-40546,서울특별시 강남구 역삼동 705-17,www.hydi.co.kr,,게임 소프트웨어 개발 및 공급업,1982-01-04,12월
현대디지텍코어 주식회사,Hyundai DigitechCore Corp,현대디지텍코어, ,"현병주, 주기중",기타법인,110111-3783077,107-87-02203,"경기도 하남시 조정대로 150 (덕풍동, 아이테코) 670호", ,,컴퓨터시설 관리업,2007-11-29,12월
(주)현대미디어센터,HYUNDAI MEDIA CENTER,현대미디어센터, ,홍의찬,기타법인,110111-4274520,212-81-89344,서울특별시 강동구 천호동 454-2, ,,광고 영화 및 비디오물 제작업,2010-02-01,12월
주식회사 현대벤디스,"HYUNDAI VENDYS CO., LTD.",현대벤디스, ,조정호,기타법인,134111-0376570,138-81-90354,"서울특별시 강남구 봉은사로103길 5 4층(삼성동, 성재빌딩)",sikdae.com/,,응용 소프트웨어 개발 및 공급업,2014-01-17,12월
(주)현대불교신문사,THE HYUNDAE BULKYO,현대불교신문사, ,김광삼,기타법인,110111-1047772,102-81-34713,서울특별시 종로구 견지동 110-33,www.buddhanews.com,,신문 발행업,1994-06-18,12월
현대씨엔아이 (주),Hyundai C&I,현대씨엔아이, ,박상문,기타법인,110111-3580845,101-86-28265,"서울특별시 종로구 율곡로 75 (계동, 현대건설빌딩)", ,,시스템 소프트웨어 개발 및 공급업,2006-12-20,12월
주식회사 현대아이티앤이,"HYUNDAI IT & E Co.,Ltd.",현대아이티앤이, ,김성일,기타법인,110111-6802105,596-87-01200,"서울특별시 강남구 테헤란로98길 12 (대치동, 현대백화점본사), 6층",www.hyundai-ite.com,,"컴퓨터 프로그래밍, 시스템 통합 및 관리업",2018-07-01,12월
현대에이치디에스주식회사,"HYUNDAI HDS CO., LTD",현대에이치디에스, ,이철규,기타법인,110111-1059610,102-81-35124,서울특별시 송파구 송파대로 570 (신천동),www.hyundaihds.co.kr,,컴퓨터시스템 통합 자문 및 구축 서비스업,1994-07-21,12월
(주)현대에이치씨엔경북방송,"HCN Kyongbuk System Co.,Ltd",현대에이치씨엔경북방송, ,최익환,기타법인,174611-0017019,506-81-15280,경상북도 포항시 북구 새천년대로 1201-19,www.hcn.co.kr,,유선 방송업,1993-10-22,12월
(주)현대에이치씨엔 금호방송,"HCN Kumho Systems Co.,Ltd",현대에이치씨엔금호방송, ,심재성,기타법인,170111-0073502,504-81-15800,대구광역시 북구 유통단지로8길 108 (산격동),kcs.hcn.co.kr,,유선 방송업,1994-02-26,12월
(주)현대에이치씨엔동작방송,"HCN DONGFAK Sysems Co., Ltd",현대에이치씨엔동작방송,034750,유정석,기타법인,110111-0594097,118-81-11092,서울특별시 서초구 반포대로 19 HCN빌딩 (서초동),dcc.hcn.co.kr,,유선 방송업,1988-10-18,12월
(주)현대에이치씨엔부산방송,"HCN Busan Systems Co.,Ltd",현대에이치씨엔부산방송, ,최익환,기타법인,180111-0110493,607-81-15171,부산광역시 동래구 중앙대로 1455,www.hcn.co.kr,,유선 방송업,1991-03-25,12월
(주) 현대에이치씨엔새로넷방송,"HCN Saeronet Systems Co., Ltd.",현대에이치씨엔새로넷방송, ,심재성,기타법인,176011-0014969,513-81-12224,경상북도 구미시 송정대로 164,srn.hcn.co.kr,,유선 방송업,1997-07-21,12월
(주)현대에이치씨엔 서초방송,HCN SEOCHO,현대에이치씨엔서초방송, ,강대관,기타법인,110111-1014507,214-81-65770,서울특별시 서초구 반포대로 19,www.hcn.co.kr,,유선 방송업,1994-02-25,12월
주식회사 현대에이치씨엔서초케이블,"Hyundai HCN Seocho Cable Co., Ltd",현대에이치씨엔서초케이블, ,유정석,기타법인,110111-6912079,336-88-01115,서울특별시 서초구 반포대로 19 (서초동) 7층, ,,텔레비전 방송업,2018-10-31,12월
(주)현대에이치씨엔 충북방송,"Hyundai HCN Chungbuk System CO.,LTD",현대에이치씨엔충북방송, ,류성택,기타법인,150111-0017819,315-81-00065,충청북도 청주시 상당구 단재로 383,ccn.hcn.co.kr,,유선 방송업,1994-03-25,12월
(주)현대에이치씨엔 포항방송,KOREA POHANG CABLE TV CO.LTD,현대에이치씨엔포항방송, ,이성수,기타법인,171711-0046457,506-81-40417,"경상북도 포항시 북구 새천년대로 1201-19 (장성동, 경북케이블방송)",www.pcbtv.net,,유선 방송업,2001-07-01,12월
현대엠엔소프트(주),"HYUNDAI MNSOFT, Inc.",현대엠엔소프트, ,홍지수,기타법인,110111-1620239,229-81-35114,서울특별시 용산구 원효로 74,www.hyundai-mnsoft.com,,시스템 소프트웨어 개발 및 공급업,1998-12-15,12월
(주)현대영어사,HYUDAE YOUNG-SA CO.LTD,현대영어사, ,윤균,기타법인,110111-0555651,215-81-22361,서울특별시 강동구 강동대로 207 (성내동),www.yoons.com,,서적 출판업,1988-01-01,12월
현대오토에버(주),HYUNDAI AUTOEVER CORPORATION.,현대오토에버,307950,류석문,유가증권시장,110111-1935638,104-81-53190,서울특별시 강남구 테헤란로 510 루첸타워,www.hyundai-autoever.com,,소프트웨어 개발 및 공급업,2000-04-10,12월
(주)현대이지웰,"HYUNDAI EZWEL CO., LTD.",현대이지웰,090850,박종선,코스닥시장,110111-2693235,101-81-90575,서울특별시 서대문구 충정로 23 풍산빌딩,www.hyundaiezwel.com,,응용 소프트웨어 개발 및 공급업,2003-01-14,12월
현대정보기술(주),"Hyundai Information Technology Co.,Ltd",현대정보기술,026180,김경엽,기타법인,110111-0628078,101-81-35607,서울특별시 금천구 가산디지털2로 179 롯데센터,www.hit.co.kr,,컴퓨터시스템 통합 자문 및 구축 서비스업,1989-05-15,12월
주식회사 현대퓨처넷,"Hyundai Futurenet Co., Ltd",현대퓨처넷,126560,김성일,유가증권시장,110111-0842785,112-81-31178,"서울특별시 서초구 반포대로 19 (서초동, 현대퓨처넷빌딩)",www.hyundaifuturenet.com,,그 외 기타 전기 통신업,1992-03-16,12월
현민시스템, ,현민시스템, ,이화순,기타법인,110111-0670045, ,서울특별시 서초 양재동 92-2 올림픽 빌딩, ,,시스템 소프트웨어 개발 및 공급업, ,12월
(주)현서정보통신,HYUNSE DATA COMM. LTD.,현서정보통신, ,이지건,기타법인,110111-1135379,229-81-20080,"서울특별시 서초구 양재동 249-4 닉스테크빌딩 2,3층",WWW.HSY95.CO.KR,,컴퓨터시스템 통합 자문 및 구축 서비스업,1995-03-08,04월
(주)현영씨스템즈,"Hyun & Young Systems, inc.",현영씨스템즈, ,김현진,기타법인,110111-0244577,116-81-05880,서울특별시 영등포구 여의도동 11-14 동성빌딩,www.hysys.co.kr,,시스템 소프트웨어 개발 및 공급업,1979-01-10,12월
현재정보 (주),"Hyun Jae Jung Bo Van Co., Ltd",현재정보, ,김성열,기타법인,180111-0212108,601-81-29527,부산광역시 연제구 연산4동 603-11 대영빌딩 502호,http://www.hjvan.co.kr,,데이터베이스 및 온라인정보 제공업,1996-08-05,12월
현진개발주식회사,"hyunjin develoment. co.,Ltd",현진개발, ,황승섭,기타법인,144711-0015877,222-81-22281,강원도 동해시 천곡동 826 ~994 836번지, ,,영화관 운영업,2008-04-24,12월
(주)혜성미디어,"HYESUNG MEDIA CO,LTD",혜성미디어, ,이정무,기타법인,110111-2173162,211-81-01699,서울특별시 강남구 청담1동 121-26 삼양빌딩 201,WWW.ENJOYMUSIC.CO.KR,,음악 및 기타 오디오물 출판업,2001-02-20,12월
주식회사 혜움,"Heum Co.,Ltd.",혜움, ,옥형석,기타법인,110111-6330114,807-81-00564,"인천광역시 연수구 인천타워대로 323 (송도동, 송도센트로드) A동 1004호 A432",www.heum.ai,,응용 소프트웨어 개발 및 공급업,2017-02-27,12월
(주)호건코리아,Hogun Korea Inc,호건코리아, ,김태석,기타법인,110111-3525346,215-86-89203,서울특별시 송파구 송파대로 201 테라타워2 A동 903호 (문정동),www.hogun.co.kr,,소프트웨어 개발 및 공급업,2006-09-13,12월
주식회사 호두랩스,"Hodoo Labs Co., Ltd.",호두랩스, ,김민우,기타법인,110111-6942076,431-88-01287,"서울특별시 강남구 언주로 637 12층,(논현동, 싸이칸타워)", ,,유선 온라인 게임 소프트웨어 개발 및 공급업,2018-11-30,12월
(주)호라이즌리소스, ,호라이즌리소스, ,조혁준,기타법인,110111-2831489,206-81-83855,서울특별시 마포구 성산동 292-7 덕우빌딩 3층, ,,컴퓨터 프로그래밍 서비스업,2003-07-30,12월
주식회사 호산나넷,Hosanna.net Co,호산나넷, ,박형석,기타법인,110111-1877913,101-81-54259,경기도 성남시 분당구 야탑동 355-1 세화빌딩3층,http://www.hosanna.net,,시스템 소프트웨어 개발 및 공급업,2000-02-15,12월
호스트센터 주식회사,Hostcenter,호스트센터, ,차성진,기타법인,110111-2531609,214-87-12881,서울특별시 서초구 법원로1길 6 (서초동) 1, ,,컴퓨터 프로그래밍 서비스업,2002-05-23,12월
호스트웨이코리아 주식회사,Hostway Korea Inc.,호스트웨이코리아, ,김성민,기타법인,110111-0709943,114-86-23626,경기도 성남시 분당구 야탑동 343-1,www.hostway.co.kr,,컴퓨터시설 관리업,2003-12-10,12월
(주)호아소프트,HOA SOFT,호아소프트, ,전남규,기타법인,110111-3446005,107-86-77783,"서울특별시 영등포구 여의나루로 67 (여의도동, 신송빌딩), 14층",www.hoasoft.co.kr,,시스템 소프트웨어 개발 및 공급업,2006-05-01,12월
주식회사 호원물산,HOWON CORPORATION,호원물산, ,최광인,기타법인,110111-0398340,116-81-11062,서울특별시 영등포구 여의도동 60, ,,영화관 운영업,1985-04-26,12월
주식회사호윤,"HOYUN CO., LTD.",호윤, ,조지연,기타법인,110111-5612464,261-81-24299,서울특별시 강남구 선릉로93길 40 (역삼동),hoyun.co.kr,,시스템 소프트웨어 개발 및 공급업,2015-01-12,12월
(주) 호이드연구소,Hoide Lab.,호이드연구소, ,원남옥,기타법인,110111-3065532,107-86-53520,서울특별시 영등포구 여의도동 26-5 대오빌딩 1107호,www.hoide.co.kr,,시스템 소프트웨어 개발 및 공급업,2004-08-11,12월
(주)호텔페이지닷컴,"Hotelpage.Com,Co.Ltd.",호텔페이지닷컴, ,송문걸,기타법인,110111-1475832,211-86-25454,서울특별시 종로구 안국동 안국빌딩 175-87 5층,www.hotelpage.com,,시스템 소프트웨어 개발 및 공급업,1997-10-22,12월
(주) 홈드라마,hometv broadcasting,홈드라마, ,김성일,기타법인,110111-2401034,211-87-05794,"서울특별시 강남구 선릉로91길 8 역삼동, 신아트스페이스빌딩", ,,프로그램 공급업,2001-12-20,12월
주식회사 홈레이스,HOMERACE INC.,홈레이스, ,김종오,기타법인,110111-1806649,117-81-25841,서울특별시 영등포구 여의도동 3-25 정우빌딩 504호,www.honerace.com,,게임 소프트웨어 개발 및 공급업,1999-11-11,12월
(주)홈즈커뮤니케이션,HOMESCOMMUNICATION  INC.,홈즈커뮤니케이션, ,이병헌,기타법인,110111-1732399,110-81-41608,서울특별시 서대문구 충정로2가 5-15 서일 빌딩,www.itzhomes.com,,시스템 소프트웨어 개발 및 공급업,1999-07-10,03월
(주)홈초이스,Home Choice Corp.,홈초이스, ,김태율,기타법인,110111-3621839,220-87-43467,"서울특별시 마포구 상암산로 76 15층 (상암동, 와이티엔 뉴스퀘어)",www.homechoice.co.kr,,프로그램 공급업,2007-02-14,12월
(주)홈플릭스,homeflix,홈플릭스, ,"김근수, 윤나겸",기타법인,110111-7715448,279-88-02053,"서울특별시 강남구 언주로 609 101호 (논현동, 팍스타워)", ,,영상물 제공 서비스업,2020-12-14,12월
홍진데이타서비스(주),"HONGJIN DATA SERVECE CO., LTD.",홍진데이타서비스, ,최병인,기타법인,110111-2108086,107-81-91984,"서울특별시 금천구 가산디지털2로 98 (가산동, IT캐슬) 2동 1017호", ,,시스템 소프트웨어 개발 및 공급업,2000-11-10,12월
홍콩성통상무유한회사,HongKong Shengtong Trading Limited,홍콩성통상무, ,ChunLin Jia,기타법인, ,44202,"Unit 4, 7/F, Bright Way Tower, No.33 Mong Kok Road, Kowloon, Hongkong", ,,교과서 및 학습서적 출판업,2012-09-21,12월
(주)홍필름,HONGFILM,홍필름, ,김홍백,기타법인,110111-3320407,120-86-87964,"서울특별시 강남구 역삼로 208 (역삼동, 남경빌딩) 지하2층", ,,일반 영화 및 비디오물 제작업,2005-10-12,12월
(주)화광신문사,"hwakwang shinmun co.,ltd",화광신문사, ,정재환,기타법인,110111-2533548,113-81-19240,"서울특별시 구로구 공원로 68 (구로동, 화광신문사)",www.hknews.co.kr,,신문 발행업,1998-04-05,12월
주식회사 화수분네트웍스,"HwaSooBoon Networks Co.,LTD.",화수분네트웍스, ,서방원,기타법인,110111-5800035,294-86-00180,서울특별시 용산구 소월로 268 (이태원동),-,,유선 방송업,2015-08-04,12월
화의락항유한공사,Huayi & Joy Entertainment Limited,화의락항유한공사, ,"Wang Zhonglei, Ding Qi, Lu Yumiao",기타법인, ,41965,"서울특별시 강남구 테헤란로 133 (역삼동, 한국타이어빌딩) - 대리인 주소", ,,일반 영화 및 비디오물 제작업,2015-12-29,12월
주식회사 화이트큐브,whitecube Inc.,화이트큐브, ,최혁준,기타법인,110111-6858413,816-81-01359,"서울특별시 강남구 테헤란로 419 (삼성동, 강남파이낸스플라자) 1601호", ,,데이터베이스 및 온라인정보 제공업,2018-08-28,12월
(주)화인에스아이,"Fine S.I co.,ltd",화인에스아이, ,황재원,기타법인,110111-0846844,220-81-01617,서울특별시 강남구 역삼동 738-25,finesi.co.kr,,응용 소프트웨어 개발 및 공급업,1992-04-01,12월
(주)화천공사,"HWA CHUN TRADING CO.,LTD",화천공사, ,박종찬,기타법인,110111-0033285,202-81-47274,서울특별시 중구 다동 88번지 동아빌딩 8층,www.members.iworid.net/hwachun,,일반 영화 및 비디오물 제작업,1992-10-02,12월
주식회사 화해글로벌,Hwahae Global Inc.,화해글로벌, ,"이웅, 김경일",기타법인,285011-0269147,232-81-00912,"서울특별시 서초구 서초대로 396 (서초동, 강남빌딩) 6층",www.birdview.kr/,,응용 소프트웨어 개발 및 공급업,2014-06-24,12월
(주)확인영어사,HWAKIN ENGLISH,확인영어사, ,김상우,기타법인,110111-2974601,215-86-54913,서울특별시 강남구 대치동 960-19 정명빌딩 1-5층, ,,데이터베이스 및 온라인정보 제공업,2004-03-26,12월
(주)환경티비,Eco-TV,환경티비, ,이상욱,기타법인,110111-3479957,214-87-92755,"서울특별시 서대문구 독립문로 59 (냉천동, 농민신문사) 별관동 2층",www.greenpostkorea.co.kr/tv/,,방송 프로그램 제작업,2006-07-13,12월
활로커뮤니케이션즈(주),"Hwalro communication Co., LTD",활로커뮤니케이션즈, ,남윤성,기타법인,110111-1847453,105-86-07729,서울특별시 마포구 서교동 374-2 신흥빌딩 4층, ,,자료 처리업,2000-01-10,12월
효성에스티티지디씨 주식회사,Hyosung STT GDC Inc.,효성에스티티지디씨, ,"EE CHONG GAY, 우태희",기타법인,110111-3831165,211-88-08459,"서울특별시 영등포구 여의대로 24 (여의도동, 에프케이아이타워) 43층", ,,호스팅 및 관련 서비스업,2008-01-24,12월
효성에프엠에스 주식회사,HYOSUNG FMS INC.,효성에프엠에스, ,강인식,기타법인,110111-3694349,211-87-98181,"서울특별시 강남구 광평로 281 (수서동, 수서빌딩) 18층",www.hyosungfms.co.kr,,시스템 소프트웨어 개발 및 공급업,2007-06-11,12월
효성티앤에스(주),HYOSUNG TNS INC.,효성티앤에스, ,최방섭,기타법인,110111-0511546,120-81-30675,"서울특별시 강남구 광평로 281 수서동, 수서빌딩",www.nautilus.hyosung.co.kr,,컴퓨터시스템 통합 자문 및 구축 서비스업,1986-11-27,12월
주식회사 효손흥손,"Hyoson Heungson co.,ltd",효손흥손, ,강동구,기타법인,110111-1923394,212-81-46291,서울특별시 송파구 방이동 39-2 신동아타워 801호, ,,데이터베이스 및 온라인정보 제공업,2000-04-01,12월
주식회사 후너스엔터테인먼트,"HUNUS ENTERTAINMENT CO.,LTD",후너스엔터테인먼트, ,홍성광,기타법인,131111-0379379,144-81-27313,"경기도 성남시 분당구 백현로 93 (수내동, 후너스빌딩)",www.hunusent.co.kr,,방송 프로그램 제작업,2014-07-01,12월
후앤후(주),whoNwho Inc.,후앤후, ,선웅규,기타법인,110111-5604552,718-86-00385,"서울특별시 강남구 테헤란로 419 (삼성동, 삼성금융프라자) 18층",wwww.whonwho.com,,데이터베이스 및 온라인정보 제공업,2015-01-05,12월
후야정보통신주식회사,"hooya infocom co.,Ltd",후야정보통신, ,박정수,기타법인,110111-1648786,117-81-23182,서울특별시 용산구 한강로2가 210-1 신원빌딩 7층,http://www.hooyainfo.com,,시스템 소프트웨어 개발 및 공급업,1999-02-11,12월
후오비(주),"Huobi Co., Ltd.",후오비, ,박시덕,기타법인,110111-6536382,420-87-00883,"서울특별시 강남구 테헤란로 316 2층 (역삼동, 메트라이프타워)",www.hb.co.kr,,그 외 기타 정보 서비스업,2017-10-12,12월
(주)후이즈,WHOIS,후이즈, ,"정지훈, 우희문",기타법인,110111-7640835,896-88-01674,경기도 과천시 과천대로7나길 34 5층 (갈현동),https://whois.co.kr,,시스템 소프트웨어 개발 및 공급업,2020-10-05,12월
(주)후이즈홀딩스,"Whois Holdings Co., Ltd.",후이즈홀딩스, ,이청종,기타법인,110111-2264375,120-86-22942,"서울특별시 구로구 디지털로34길 27 (구로동, 대륭포스트타워3차)1101호",www.whoiserp.com,,시스템 소프트웨어 개발 및 공급업,2001-06-19,12월
주식회사 후후앤컴퍼니,"WHOWHO & Company., Ltd.",후후앤컴퍼니, ,허태범,기타법인,110111-6051843,463-86-00393,서울특별시 강서구 강서로 442  4층 후후앤컴퍼니,www.whox2.com,,포털 및 기타 인터넷 정보매개 서비스업,2016-05-01,12월
(주) 훈넷,"HOONNET CO., LTD",훈넷, ,김범훈,기타법인,121111-0070854,130-81-63120,서울특별시 강남구 역삼동 721-38 7cmd,www.hoonnet.co.kr,,시스템 소프트웨어 개발 및 공급업,1999-11-08,12월
(주)훈영,"Hoonyoung CO.,LTD.",훈영,017170,최영주,기타법인,134111-0022909,138-81-03806,"인천광역시 부평구 대보로 12번길 17-15, 302(삼산동)",www.primeenter.co.kr,,"영화, 비디오물, 방송프로그램 제작 및 배급업",1983-08-12,12월
주식회사 훈테크,"HUNTECH CO.,LTD.",훈테크, ,김영철,기타법인,110111-3799529,211-88-06198,서울특별시 강남구 신사동566-18 남경빌딩 3층, ,,기타 정보기술 및 컴퓨터운영 관련 서비스업,2007-12-05,12월
(주)훼밀리골프,FAMILYGOLF CO LTD,훼밀리골프, ,김재용,기타법인,124611-0254421,122-81-66989,인천광역시 계양구 서운동 125-8,www.familygolf.co.kr,,기타 게임 소프트웨어 개발 및 공급업,2001-06-15,12월
주식회사 휘리치코리아,"Firich Korea Co., Ltd.",휘리치코리아, ,뢰영보,기타법인,110111-4271708,119-86-25371,"서울특별시 금천구 가산디지털1로 219 (가산동, 벽산디지털밸리6차) 901호~903호",www.firich.co.kr,,응용 소프트웨어 개발 및 공급업,2010-01-27,12월
주식회사 휘스트,"Fist Co.,Ltd",휘스트, ,천석웅,기타법인,110111-1636913,109-81-55984,서울특별시 강남구 역삼동 645-18,www.fist.co.kr,,시스템 소프트웨어 개발 및 공급업,1999-01-19,12월
주식회사 휴네시온,"Hunesion co.,ltd",휴네시온,290270,정동섭,코스닥시장,110111-2919938,214-87-46095,서울특별시 강동구 고덕비즈밸리로2가길 67 휴네시온타워 휴네시온타워,www.hunesion.com,,소프트웨어 개발 및 공급업,2003-12-15,12월
(주)휴노,"HUNO Co., LTD",휴노, ,천정현 김영아,기타법인,110111-2124420,211-86-70740,"서울특별시 마포구 마포대로 109 101-1002(공덕동, 롯데캐슬프레지던트)", ,,데이터베이스 및 온라인정보 제공업,2000-12-29,12월
주식회사 휴데이터스,"HUDATERS, Co., Ltd",휴데이터스, ,이정재,기타법인,110111-8175815,315-87-02385,"서울특별시 중구 남대문로 63 (소공동, 한진빌딩) 본관 23층", ,,데이터베이스 및 온라인정보 제공업,2022-01-21,12월
주식회사휴랜,"HULAN CO., LTD",휴랜, ,김춘상,기타법인,120111-0944654,761-87-01070,"인천광역시 연수구 인천타워대로 99 (송도동, 애니오션빌딩) 9층",www.hulan.co.kr,,응용 소프트웨어 개발 및 공급업,2018-06-28,12월
(주)휴레이포지티브,Huraypositive Corp.,휴레이포지티브, ,최두아,기타법인,110111-3250117,220-87-11214,"서울특별시 강남구 강남대로 308 7층 (역삼동, 랜드마크타워)",www.huray.net,,응용 소프트웨어 개발 및 공급업,2005-06-20,12월
(주)휴맥스홀딩스,"Humax Holdings Co., Ltd",휴맥스홀딩스,028080,변대규,코스닥시장,110111-0604200,215-81-37923,경기도 용인시 처인구  영문로 2,holdings.humaxdigital.com/,,"컴퓨터 프로그래밍, 시스템 통합 및 관리업",1989-01-09,12월
주식회사 휴머스원,HumusOne Inc.,휴머스원, ,백동훈,기타법인,110111-1572646,116-81-69356,"서울특별시 강남구 선릉로 433 세방빌딩(신관)10층,12층 (역삼동)",www.humuson.com,,시스템 소프트웨어 개발 및 공급업,1998-08-15,12월
주식회사 휴먼스케이프,"Humanscape, Inc.",휴먼스케이프, ,장민후,기타법인,110111-5989673,636-81-00389,"서울특별시 강남구 봉은사로86길 6 (삼성동, 빌딩레베쌍트) 6층",humanscape.io,,응용 소프트웨어 개발 및 공급업,2016-03-03,12월
(주)휴먼이즈,"Human is Co., Ltd.",휴먼이즈, ,홍성호,기타법인,134511-0506971,766-81-02198,"경기도 용인시 기흥구 죽전로 29 (보정동, 포레스트프라자)6층",www.humanis.xyz,,컴퓨터시스템 통합 자문 및 구축 서비스업,2021-04-07,12월
(주)휴먼컨설팅그룹,Human Consulting Group,휴먼컨설팅그룹, ,박재현,기타법인,110111-2150425,120-86-16566,"서울특별시 서초구 사평대로 343 3층(반포동, 제일약품사옥)", ,,컴퓨터시스템 통합 자문 및 구축 서비스업,2001-01-13,12월
주식회사 휴먼텔,"HUMANTEL. Co., Ltd.",휴먼텔, ,황규한,기타법인,110111-1588429,214-86-27179,서울특별시 영등포구 여의도동 61-4 라이프콤비빌딩 316호,www.humantel.biz,,컴퓨터시스템 통합 자문 및 구축 서비스업,1998-11-25,12월
휴먼파워 주식회사,HUMANPOWER Co.Ltd.,휴먼파워, ,"엄남한, 김한",기타법인,110111-4377019,104-86-28978,"서울특별시 중구 퇴계로 286 (쌍림동, 쌍림빌딩) 8층",www.human-power.co.kr,,기타 정보기술 및 컴퓨터운영 관련 서비스업,2010-06-22,12월
(주)휴민텍,HuminTec,휴민텍, ,박범,기타법인,130111-0066117,124-81-79423,경기도 수원시 팔달구 원천동 아주대학교 창업보육센타 204호,www.humintec.com,,시스템 소프트웨어 개발 및 공급업,2000-12-13,12월
(주)휴버텍,"Huevertech Co., Ltd.",휴버텍, ,손진호,기타법인,110111-4013598,120-87-34936,"서울특별시 성동구 성수이로7길 7 (성수동2가, 서울숲한라시그마밸리Ⅱ) 303호",www.huevertech.com,,컴퓨터시스템 통합 자문 및 구축 서비스업,2008-12-15,12월
(주)휴비스텔레콤,HUVIS Telecom,휴비스텔레콤, ,김봉수,기타법인,110111-2059578,119-81-41755,서울특별시 강남구 역삼동 725-21 청송빌딩 2층, ,,통신 재판매업,2000-08-29,12월
주식회사 휴식,"Huesik Co.,Ltd.",휴식, ,김환종,기타법인,110111-6790558,646-86-01056,서울특별시 중랑구 망우로 286 (상봉동) 5층,www.huesik.co.kr,,응용 소프트웨어 개발 및 공급업,2018-06-22,12월
(주)휴즈엔터테인먼트,HUGE entertainment,휴즈엔터테인먼트, ,김환교,기타법인,110111-3194448,120-86-80734,서울특별시 강남구 청담2동 22-7,www.ihuge.co.kr,,"영화, 비디오물 및 방송프로그램 제작 관련 서비스업",2005-03-24,12월
휴쳐인터넷(주),"Future Internet Co., Ltd",휴쳐인터넷, ,이창호,기타법인,110111-1477226,229-81-29757,서울특별시 서초구 양재동 275-6 삼호물산빌딩 B동 11층,www.futureinternet.co.kr,,시스템 소프트웨어 개발 및 공급업,1997-10-25,12월
주식회사 휴톰 ,Hutom Inc.,휴톰, ,형우진,기타법인,110111-6401684,191-81-00625,"서울특별시 마포구 독막로 279 (대흥동, 상장회사회관) 상장회사회관 6층",www.hutom.io,,응용 소프트웨어 개발 및 공급업,2017-05-15,12월
(주)휴피스,"Hupis.co.,Ltd",휴피스, ,이종현,기타법인,110111-3183277,110-81-69528,서울특별시 서초구 서초동 1358-6 송남빌딩 3층,www.piuri.com,,소프트웨어 개발 및 공급업,2005-03-08,12월
(주)흰물결,whitewave,흰물결, ,윤학,기타법인,110111-2715899,214-87-29946,"서울특별시 서초구 반포대로 150 407호 (서초동,흰물결아트센터)", ,,"서적, 잡지 및 기타 인쇄물 출판업",2003-02-12,12월
주식회사 히든시퀀스,"Hiddens Sequence Co., Ltd.",히든시퀀스, ,이재문,기타법인,110111-6244026,766-87-00552,"서울특별시 마포구 매봉산로 37 1204호 (상암동, DMC산학협력연구센터)",www.hiddens.co.kr,,방송 프로그램 제작업,2016-11-29,12월
주식회사 히어로크리에이티브,HEROCREATIVE Inc.,히어로크리에이티브, ,윤민제 박준우,기타법인,134511-0538693,795-88-02477,서울특별시 강남구 언주로138길 9 (논현동) 3층,crefe.me？herocreative,,광고 영화 및 비디오물 제작업,2021-10-01,12월
주식회사 히어솔루션즈코리아,"HERE Solutions Korea CO.,LTD",히어솔루션즈코리아, ,드니스마리도일,기타법인,110111-1545627,112-81-49737,"서울특별시 강남구 테헤란로 131 (역삼동, 한국지식재산센터) 6층", ,,시스템 소프트웨어 개발 및 공급업,1998-05-13,12월
주식회사 히카리통신,Hikari tsushin Inc,히카리통신, ,Yasumitsu Shigeta,기타법인, ,9690,서울특별시 중구 을지로2가 한국외환은행본점건물, ,,유선 통신업,1952-04-01,12월
주식회사 힐룸,HEALOOM,힐룸, ,이재용,기타법인,110111-4736835,113-86-54131,"서울특별시 구로구 디지털로31길 41 (구로동, 이앤씨벤처드림타워6차), 5cmd 511호", ,,소프트웨어 개발 및 공급업,2011-11-25,12월
(주)힐링페이퍼,Healing Paper Co.LTD,힐링페이퍼, ,홍승일,기타법인,110111-4915794,117-81-81256,"서울특별시 강남구 테헤란로 124 (역삼동, 삼원타워) 13층", ,,기타 정보기술 및 컴퓨터운영 관련 서비스업,2012-07-13,12월
