원본_업종명,정규화_업종명,KSIC_코드_4자리,KSIC_명칭,매칭_레벨,매칭_방식,매칭_스코어,KSIC_코드_5자리,5자리_모호성,KSIC_코드_11차,변경유형
1차 금속 제조업,1차 금속 제조업,24,1차금속 제조업,mid,fuzzy,0.9412,,False,,
1차 금속제품 도매업,1차 금속제품 도매업,4672,금속광물 도매업,hwp_5digit,hwp_fuzzy_agg,0.75,46722,False,,
1차 금속제품 및 금속광물 도매업,1차 금속제품 및 금속광물 도매업,4672,1차 금속제품 도매업,linkage_11th,link11_fuzzy,0.7586,46721,False,46721,
1차 비철금속 제조업,1차 비철금속 제조업,24,1차금속 제조업,mid,fuzzy,0.8421,,False,,
"1차 유리제품, 유리섬유 및 광학용 유리 제조업",1차 유리제품 유리섬유 및 광학용 유리 제조업,2312,유리섬유 및 광학용 유리 제조업,hwp_5digit,hwp_fuzzy,0.8095,23121,False,,
1차 철강 제조업,1차 철강 제조업,2423,철강선 제조업,basic,fuzzy_agg,0.9231,,False,,
1차 플라스틱제품 제조업,1차 플라스틱제품 제조업,2230,플라스틱 1차제품 제조업,basic,fuzzy_agg,0.8696,,False,,
가공 공작기계 제조업,가공 공작기계 제조업,2922,기타 가공 공작기계 제조업,hwp_5digit,hwp_fuzzy,0.88,29229,False,,
가공 및 정제염 제조업,가공 및 정제염 제조업,2049,가공 및 정제염 제조업,hwp_5digit,hwp_exact,1.0,20492,False,,
가공식품 도매업,가공식품 도매업,4632,육류 가공식품 도매업,hwp_5digit,hwp_fuzzy,0.8421,46321,False,,
가공식품 소매업,가공식품 소매업,4732,가전제품 소매업,hwp_5digit,hwp_fuzzy,0.75,47320,False,,
가구 내 고용활동,가구 내 고용활동,9700,가구 내 고용활동,hwp_5digit,hwp_exact,1.0,97000,False,,
가구 소매업,가구 소매업,4752,가구 소매업,hwp_5digit,hwp_exact,1.0,47520,False,,
가구 제조업,가구 제조업,320,가구 제조업,sub,exact,1.0,,False,,
가금류 가공 및 저장 처리업,가금류 가공 및 저장 처리업,1012,육류 가공 및 저장 처리업,basic,fuzzy,0.8966,,False,,
가금류 도축업,가금류 도축업,1011,가금류 도축업,hwp_5digit,hwp_exact,1.0,10112,False,,
가발 및 유사 제품 제조업,가발 및 유사 제품 제조업,1501,"가죽, 가방 및 유사제품 제조업",basic,fuzzy,0.8,,False,,
가방 및 기타 가죽제품 소매업,가방 및 기타 가죽제품 소매업,4744,가방 및 기타 가죽제품 소매업,hwp_5digit,hwp_exact,1.0,47440,False,,
가방 및 기타 보호용 케이스 제조업,가방 및 기타 보호용 케이스 제조업,1512,가방 및 기타 보호용 케이스 제조업,hwp_5digit,hwp_exact,1.0,15129,False,,
가방 및 보호용 케이스 도매업,가방 및 보호용 케이스 도매업,4649,가방 및 보호용 케이스 도매업,hwp_5digit,hwp_exact,1.0,46491,False,,
"가방, 시계, 안경 및 기타 생활용품 도매업",가방 시계 안경 및 기타 생활용품 도매업,4649,그 외 기타 생활용품 도매업,manual,manual_override,1.0,46499,False,,
가상자산 매매 및 중개업,가상자산 매매 및 중개업,6399,가상자산 매매 및 중개업,linkage_11th,link11_exact,1.0,63992,False,63992,세분
가전제품 및 부품 도매업,가전제품 및 부품 도매업,4652,가전제품 및 부품 도매업,hwp_5digit,hwp_exact,1.0,46521,False,,
가전제품 및 정보통신장비 소매업,가전제품 및 정보통신장비 소매업,4786,중고 가전제품 및 통신장비 소매업,hwp_5digit,hwp_fuzzy,0.8571,47862,False,,
가전제품 소매업,가전제품 소매업,4732,가전제품 소매업,hwp_5digit,hwp_exact,1.0,47320,False,,
가전제품 수리업,가전제품 수리업,9531,가전제품 수리업,hwp_5digit,hwp_exact,1.0,95310,False,,
"가전제품, 통신장비 및 부품 도매업",가전제품 통신장비 및 부품 도매업,4652,가전제품 및 부품 도매업,hwp_5digit,hwp_fuzzy,0.8387,46521,False,,
가정용 가스연료 소매업,가정용 가스연료 소매업,4772,가정용 가스연료 소매업,hwp_5digit,hwp_exact,1.0,47723,False,,
가정용 기기 제조업,가정용 기기 제조업,2750,가정용 기기 제조업,basic,exact,1.0,,False,,
가정용 및 산업용 공기 조화장치 제조업,가정용 및 산업용 공기 조화장치 제조업,2917,가정용 및 산업용 공기 조화장치 제조업,linkage_11th,link11_exact,1.0,29172,False,29172,세분
가정용 및 장식용 도자기 제조업,가정용 및 장식용 도자기 제조업,2322,가정용 및 장식용 도자기 제조업,hwp_5digit,hwp_exact,1.0,23221,False,,
가정용 비전기식 조리 및 난방 기구 제조업,가정용 비전기식 조리 및 난방 기구 제조업,2852,가정용 비전기식 조리 및 난방 기구 제조업,hwp_5digit,hwp_exact,1.0,28520,False,,
가정용 세탁업,가정용 세탁업,9691,가정용 세탁업,hwp_5digit,hwp_exact,1.0,96912,False,,
가정용 액체연료 소매업,가정용 액체연료 소매업,4772,가정용 액체연료 소매업,hwp_5digit,hwp_exact,1.0,47722,False,,
가정용 연료 소매업,가정용 연료 소매업,4772,가정용 액체연료 소매업,hwp_5digit,hwp_fuzzy,0.9091,47722,False,,
가정용 유리제품 제조업,가정용 유리제품 제조업,2312,산업용 유리제품 제조업,basic,fuzzy,0.8333,,False,,
가정용 전기 난방기기 제조업,가정용 전기 난방기기 제조업,2750,가정용 기기 제조업,basic,fuzzy,0.8,,False,,
가정용 전기기기 제조업,가정용 전기기기 제조업,2750,가정용 기기 제조업,basic,fuzzy,0.9091,,False,,
가정용 직물제품 소매업,가정용 직물제품 소매업,4742,가정용 직물제품 소매업,hwp_5digit,hwp_exact,1.0,47421,False,,
가죽 및 모피의복 소매업,가죽 및 모피의복 소매업,4741,가죽 및 모피의복 소매업,hwp_5digit,hwp_exact,1.0,47416,False,,
가죽 및 모피제품 도매업,가죽 및 모피제품 도매업,4641,가죽 및 모피제품 도매업,hwp_5digit,hwp_exact,1.0,46416,False,,
"가죽, 가방 및 신발 제조업",가죽 가방 및 신발 제조업,1501,"가죽, 가방 및 유사제품 제조업",basic,fuzzy,0.8,,False,,
"가죽, 가방 및 유사제품 제조업",가죽 가방 및 유사제품 제조업,1501,"가죽, 가방 및 유사제품 제조업",basic,exact,1.0,,False,,
가죽의복 제조업,가죽의복 제조업,140,의복 제조업,sub,fuzzy,0.8571,,False,,
간이음식 포장 판매 전문점,간이음식 포장 판매 전문점,5619,간이음식 포장 판매 전문점,hwp_5digit,hwp_exact,1.0,56199,False,,
간판 및 광고물 제조업,간판 및 광고물 제조업,3391,간판 및 광고물 제조업,hwp_5digit,hwp_exact,1.0,33910,False,,
감광재료 및 관련 화학제품 제조업,감광재료 및 관련 화학제품 제조업,2049,감광재료 및 관련 화학제품 제조업,hwp_5digit,hwp_exact,1.0,20491,False,,
강관 가공품 및 관 연결구류 제조업,강관 가공품 및 관 연결구류 제조업,2413,강관 가공품 및 관 연결구류 제조업,hwp_5digit,hwp_exact,1.0,24133,False,,
강관 제조업,강관 제조업,2430,철강관 제조업,basic,fuzzy,0.9231,,False,,
강선 건조업,강선 건조업,3011,강선 건조업,basic,exact,1.0,25111101,True,,
강주물 주조업,강주물 주조업,2431,강주물 주조업,hwp_5digit,hwp_exact,1.0,24312,False,,
강화 및 재생 목재 제조업,강화 및 재생 목재 제조업,1313,강화 및 재생목재,io_name,io_fuzzy,0.9474,16212101,True,,
개발금융기관,개발금융기관,6491,개발금융기관,hwp_5digit,hwp_exact,1.0,64912,False,,
개인 간병 및 유사 서비스업,개인 간병 및 유사 서비스업,9699,개인 간병 및 유사 서비스업,hwp_5digit,hwp_exact,1.0,96993,False,,
개인 공제업,개인 공제업,6530,개인 공제업,hwp_5digit,hwp_exact,1.0,65301,False,,
개인 및 가정용품 수리업,개인 및 가정용품 수리업,9410,개인 및 소비용품 수리업,basic,fuzzy,0.8462,,False,,
개인 및 가정용품 임대업,개인 및 가정용품 임대업,6929,그 외 기타 개인 및 가정용품 임대업,hwp_5digit,hwp_fuzzy,0.7879,69299,False,,
개인 및 소비용품 수리업,개인 및 소비용품 수리업,9410,개인 및 소비용품 수리업,basic,exact,1.0,,False,,
개인 화물자동차 운송업,개인 화물자동차 운송업,4930,개별 화물자동차 운송업,hwp_5digit,hwp_fuzzy,0.9167,49303,False,,
건강기능식품 제조업,건강기능식품 제조업,1079,건강기능식품 제조업,hwp_5digit,hwp_exact,1.0,10797,False,,
건강보조식품 소매업,건강보조식품 소매업,4721,건강보조식품 소매업,hwp_5digit,hwp_exact,1.0,47217,False,,
건강보조용 액화식품 제조업,건강보조용 액화식품 제조업,1079,건강보조용 액화식품 제조업,hwp_5digit,hwp_exact,1.0,10796,False,,
건물 건설업,건물 건설업,4111,주거용 건물 건설업,manual,manual_override,1.0,41110,False,,
건물 및 구축물 해체 공사업,건물 및 구축물 해체 공사업,4211,건물 및 구축물 해체 공사업,hwp_5digit,hwp_exact,1.0,42110,False,,
건물 및 산업설비 청소업,건물 및 산업설비 청소업,7421,건축물 일반 청소업,manual,manual_override,1.0,74211,False,,
건물 및 토목 엔지니어링 서비스업,건물 및 토목 엔지니어링 서비스업,7212,건물 및 토목 엔지니어링 서비스업,hwp_5digit,hwp_exact,1.0,72121,False,,
건물ㆍ산업설비 청소 및 방제 서비스업,건물산업설비 청소 및 방제 서비스업,7421,건축물 일반 청소업,manual,manual_override,1.0,74211,False,,
건물설비 설치 공사업,건물설비 설치 공사업,4220,기타 건물 관련설비 설치 공사업,hwp_5digit,hwp_fuzzy,0.7857,42209,False,,
건물용 금속공작물 설치 공사업,건물용 금속공작물 설치 공사업,4249,건물용 금속공작물 설치 공사업,hwp_5digit,hwp_exact,1.0,42492,False,,
건물용 기계 및 장비 설치 공사업,건물용 기계 및 장비 설치 공사업,4220,건물용 기계ㆍ장비 설치 공사업,linkage_11th,link11_fuzzy,0.9091,42202,False,42202,세분
건반 악기 제조업,건반 악기 제조업,3303,악기 제조업,basic,fuzzy,0.8,,False,,
건설 및 광업용 기계장비 제조업,건설 및 광업용 기계장비 제조업,2862,건설 및 광업용 기계장비 제조업,basic,exact,1.0,,False,,
건설 및 운송 행정,건설 및 운송 행정,8422,건설 및 운송 행정,hwp_5digit,hwp_exact,1.0,84223,False,,
건설 및 채광용 기계장비 제조업,건설 및 채광용 기계장비 제조업,2862,건설 및 광업용 기계장비 제조업,basic,fuzzy,0.9412,,False,,
건설 및 토목공사용 기계ㆍ장비 임대업,건설 및 토목공사용 기계장비 임대업,6931,건설 및 토목공사용 기계장비 임대업,hwp_5digit,hwp_exact,1.0,69310,False,,
"건설 폐기물 수집, 운반업",건설 폐기물 수집 운반업,3813,"건설 폐기물 수집, 운반업",hwp_5digit,hwp_exact,1.0,38130,False,,
건설 폐기물 처리업,건설 폐기물 처리업,3823,건설 폐기물 처리업,hwp_5digit,hwp_exact,1.0,38230,False,,
건설ㆍ광업용 기계 및 장비 도매업,건설광업용 기계 및 장비 도매업,4653,건설ㆍ광업용 기계 및 장비 도매업,hwp_5digit,hwp_exact,1.0,46532,False,,
건설ㆍ광업용 기계 및 장비 수리업,건설광업용 기계 및 장비 수리업,3400,산업용 기계 및 장비 수리업,basic,fuzzy,0.875,,False,,
건설용 석재 채굴 및 쇄석 생산업,건설용 석재 채굴 및 쇄석 생산업,0712,건설용 석재 채굴 및 쇄석 생산업,hwp_5digit,hwp_exact,1.0,07121,False,,
건설용 석제품 제조업,건설용 석제품 제조업,1621,건축용 목제품 제조업,basic,fuzzy,0.8182,19210108,False,,
건설장비 운영업,건설장비 운영업,4260,건설장비 운영업,hwp_5digit,hwp_exact,1.0,42600,False,,
건어물 및 젓갈류 도매업,건어물 및 젓갈류 도매업,4631,건어물 및 젓갈류 도매업,hwp_5digit,hwp_exact,1.0,46314,False,,
건축 및 조경 설계 서비스업,건축 및 조경 설계 서비스업,7211,도시계획 및 조경설계 서비스업,hwp_5digit,hwp_fuzzy,0.7742,72112,False,,
"건축기술, 엔지니어링 및 관련 기술 서비스업",건축기술 엔지니어링 및 관련 기술 서비스업,7212,기타 엔지니어링 서비스업,manual,manual_override,1.0,72129,False,,
"건축기술, 엔지니어링 및 기타 과학기술 서비스업",건축기술 엔지니어링 및 기타 과학기술 서비스업,7212,기타 엔지니어링 서비스업,manual,manual_override,1.0,72129,False,,
건축물 일반 청소업,건축물 일반 청소업,7421,건축물 일반 청소업,hwp_5digit,hwp_exact,1.0,74211,False,,
건축설계 및 관련 서비스업,건축설계 및 관련 서비스업,7211,건축설계 및 관련 서비스업,hwp_5digit,hwp_exact,1.0,72111,False,,
건축용 비내화 요업제품 제조업,건축용 비내화 요업제품 제조업,2320,"내화, 비내화 요업제품 제조업",basic,fuzzy,0.8387,,False,,
건축용 플라스틱제품 제조업,건축용 플라스틱제품 제조업,2261,건축용 프라스틱제품 제조업,basic,fuzzy,0.9286,,False,,
"건축자재, 철물 및 난방장치 도매업",건축자재 철물 및 난방장치 도매업,4662,배관 및 냉ㆍ난방장치 도매업,manual,manual_override,1.0,46621,False,,
겉옷 제조업,겉옷 제조업,1411,여자용 겉옷 제조업,hwp_5digit,hwp_fuzzy,0.75,14112,False,,
게임 소프트웨어 개발 및 공급업,게임 소프트웨어 개발 및 공급업,5820,소프트웨어 개발 및 공급업,basic,fuzzy,0.9032,55101,True,,
"게임용구, 인형 및 장난감 소매업",게임용구 인형 및 장난감 소매업,4764,"게임용구, 인형 및 장난감 소매업",hwp_5digit,hwp_exact,1.0,47640,False,,
결혼 상담 및 준비 서비스업,결혼 상담 및 준비 서비스업,9699,결혼 상담 및 준비 서비스업,hwp_5digit,hwp_exact,1.0,96994,False,,
경 인쇄업,경 인쇄업,1811,경 인쇄업,hwp_5digit,hwp_exact,1.0,18111,False,,
경기장 운영업,경기장 운영업,9111,실외 경기장 운영업,hwp_5digit,hwp_fuzzy,0.8235,91112,False,,
경비 및 경호 서비스업,경비 및 경호 서비스업,7531,경비 및 경호 서비스업,hwp_5digit,hwp_exact,1.0,75310,False,,
"경비, 경호 및 탐정업",경비 경호 및 탐정업,7531,경비 및 경호 서비스업,manual,manual_override,1.0,75310,False,,
경성 인쇄회로기판 제조업,경성 인쇄회로기판 제조업,2622,경성 인쇄회로기판 제조업,hwp_5digit,hwp_exact,1.0,26222,False,,
경영 컨설팅 및 공공 관계 서비스업,경영 컨설팅 및 공공 관계 서비스업,7153,경영 컨설팅업,hwp_5digit,split_first,0.7778,71531,False,,
경영 컨설팅업,경영 컨설팅업,7153,경영 컨설팅업,hwp_5digit,hwp_exact,1.0,71531,False,,
경제 및 경영학 연구개발업,경제 및 경영학 연구개발업,7020,경제 및 경영학 연구개발업,hwp_5digit,hwp_exact,1.0,70201,False,,
경주장 및 동물 경기장 운영업,경주장 및 동물 경기장 운영업,9111,경주장 및 동물 경기장 운영업,hwp_5digit,hwp_exact,1.0,91113,False,,
계면활성제 제조업,계면활성제 제조업,2042,계면활성제 제조업,hwp_5digit,hwp_exact,1.0,20421,False,,
계약배달 판매업,계약배달 판매업,4799,계약배달 판매업,hwp_5digit,hwp_exact,1.0,47992,False,,
고무 및 플라스틱제품 제조업,고무 및 플라스틱제품 제조업,22,고무 및 플라스틱 제조업,mid,fuzzy,0.9286,,False,,
고무 의류 및 기타 위생용 비경화 고무제품 제조업,고무 의류 및 기타 위생용 비경화 고무제품 제조업,2219,고무 의류 및 기타 위생용 비경화 고무제품 제조업,hwp_5digit,hwp_exact,1.0,22193,False,,
고무 타이어 및 튜브 제조업,고무 타이어 및 튜브 제조업,2210,고무 타이어 및 튜브 제조업,basic,exact,1.0,,False,,
"고무, 화학섬유 및 플라스틱 성형기 제조업",고무 화학섬유 및 플라스틱 성형기 제조업,2894,"고무, 화학섬유 및 플라스틱 성형기 제조업",basic,exact,1.0,,False,,
고무제품 제조업,고무제품 제조업,2229,기타 고무제품 제조업,basic,fuzzy,0.8421,,False,,
고무패킹류 제조업,고무패킹류 제조업,2219,고무패킹류 제조업,hwp_5digit,hwp_exact,1.0,22191,False,,
고용 알선업,고용 알선업,7511,고용 알선업,hwp_5digit,hwp_exact,1.0,75110,False,,
고용알선 및 인력공급업,고용알선 및 인력공급업,7800,고용알선 및 인력공급업,basic,exact,1.0,,False,,
고체연료 및 관련제품 도매업,고체연료 및 관련제품 도매업,4671,고체연료 및 관련제품 도매업,hwp_5digit,hwp_exact,1.0,46711,False,,
곡물 가공품 제조업,곡물 가공품 제조업,1061,기타 곡물 가공품 제조업,hwp_5digit,hwp_fuzzy,0.8696,10619,False,,
곡물 도정업,곡물 도정업,1061,곡물 도정업,basic,exact,1.0,,False,,
곡물 및 기타 식량작물 재배업,곡물 및 기타 식량작물 재배업,0111,곡물 및 식량작물 재배업,basic,fuzzy,0.8966,01110,False,,
곡물 및 유지작물 도매업,곡물 및 유지작물 도매업,4620,곡물 및 유지작물 도매업,hwp_5digit,hwp_exact,1.0,46201,False,,
곡물 제분업,곡물 제분업,1061,곡물 제분업,hwp_5digit,hwp_exact,1.0,10612,False,,
곡물 혼합분말 및 반죽 제조업,곡물 혼합분말 및 반죽 제조업,1061,곡물 혼합분말 및 반죽 제조업,hwp_5digit,hwp_exact,1.0,10613,False,,
"곡물, 곡분 및 가축 사료 소매업",곡물 곡분 및 가축 사료 소매업,4721,"곡물, 곡분 및 가축 사료 소매업",hwp_5digit,hwp_exact,1.0,47211,False,,
"곡물가공품, 전분 및 전분제품 제조업",곡물가공품 전분 및 전분제품 제조업,106,"곡물가공품, 전분 및 전분제품 제조업",sub,exact,1.0,,False,,
"골재, 벽돌 및 시멘트 도매업",골재 벽돌 및 시멘트 도매업,4661,"골재, 벽돌 및 시멘트 도매업",hwp_5digit,hwp_exact,1.0,46612,False,,
골판지 및 골판지 가공제품 제조업,골판지 및 골판지 가공제품 제조업,1721,골판지 및 골판지 상자 제조업,basic,fuzzy,0.8235,20121101,True,,
골판지 상자 및 가공제품 제조업,골판지 상자 및 가공제품 제조업,1721,골판지 상자 및 가공제품 제조업,hwp_5digit,hwp_exact,1.0,17212,False,,
골판지 제조업,골판지 제조업,1721,골판지 제조업,hwp_5digit,hwp_exact,1.0,17211,False,,
"골판지, 종이 상자 및 종이 용기 제조업",골판지 종이 상자 및 종이 용기 제조업,1722,판지 상자 및 용기 제조업,hwp_5digit,hwp_fuzzy,0.8,17222,False,,
골프연습장 운영업,골프연습장 운영업,9113,골프연습장 운영업,hwp_5digit,hwp_exact,1.0,91136,False,,
골프장 및 스키장 운영업,골프장 및 스키장 운영업,9112,골프장 운영업,hwp_5digit,split_first,0.8333,91121,False,,
골프장 운영업,골프장 운영업,9112,골프장 운영업,hwp_5digit,hwp_exact,1.0,91121,False,,
공공관계 서비스업,공공관계 서비스업,7153,공공관계 서비스업,hwp_5digit,hwp_exact,1.0,71532,False,,
"공공행정, 국방 및 사회보장 행정",공공행정 국방 및 사회보장 행정,82,"공공행정, 국방 및 사회보장",mid,fuzzy,0.9032,,False,,
공구 소매업,공구 소매업,3093,공구류,io_name,io_fuzzy,0.8,25933101,True,,
공연 기획업,공연 기획업,9019,공연 기획업,hwp_5digit,hwp_exact,1.0,90191,False,,
공연 예술가,공연 예술가,9013,공연 예술가,hwp_5digit,hwp_exact,1.0,90131,False,,
공연시설 운영업,공연시설 운영업,9011,공연시설 운영업,hwp_5digit,hwp_exact,1.0,90110,False,,
공영 우편업,공영 우편업,6110,공영 우편업,hwp_5digit,hwp_exact,1.0,61100,False,,
공인회계사업,공인회계사업,7120,공인회계사업,hwp_5digit,hwp_exact,1.0,71201,False,,
공작용 기계 및 장비 도매업,공작용 기계 및 장비 도매업,4653,공작용 기계 및 장비 도매업,hwp_5digit,hwp_exact,1.0,46533,False,,
공학 연구개발업,공학 연구개발업,7012,기타 공학 연구개발업,hwp_5digit,hwp_fuzzy,0.8421,70129,False,,
공항 운영업,공항 운영업,5293,공항 운영업,hwp_5digit,hwp_exact,1.0,52931,False,,
과실 및 그 외 채소 절임식품 제조업,과실 및 그 외 채소 절임식품 제조업,1030,과실 및 그 외 채소 절임식품 제조업,hwp_5digit,hwp_exact,1.0,10302,False,,
"과실, 채소 가공 및 저장 처리업",과실 채소 가공 및 저장 처리업,1030,"과일, 채소 가공 및 저장 처리업",basic,fuzzy,0.9412,,False,,
과실류 도매업,과실류 도매업,0122,과실,io_name,io_fuzzy,0.8,01131,True,,
과실작물 재배업,과실작물 재배업,011,작물 재배업,sub,fuzzy,0.8571,,False,,
과자류 및 코코아 제품 제조업,과자류 및 코코아 제품 제조업,1071,과자류 및 코코아 제품 제조업,hwp_5digit,hwp_exact,1.0,10713,False,,
광고 대행업,광고 대행업,7131,광고 대행업,hwp_5digit,hwp_exact,1.0,71310,False,,
광고 영화 및 비디오물 제작업,광고 영화 및 비디오물 제작업,5911,광고 영화 및 비디오물 제작업,hwp_5digit,hwp_exact,1.0,59113,False,,
"광고물 문안, 도안, 설계 등 작성업",광고물 문안 도안 설계 등 작성업,7139,"광고물 문안, 도안, 설계 등 작성업",hwp_5digit,hwp_exact,1.0,71393,False,,
광고업,광고업,6930,광고업,basic,exact,1.0,,False,,
광물처리 및 취급장비 제조업,광물처리 및 취급장비 제조업,2924,광물처리 및 취급장비 제조업,hwp_5digit,hwp_exact,1.0,29242,False,,
광섬유 케이블 제조업,광섬유 케이블 제조업,2830,광섬유 케이블 제조업,hwp_5digit,hwp_exact,1.0,28301,False,,
광업 지원 서비스업,광업 지원 서비스업,7012,광업 지원 서비스업,basic,exact,1.0,,False,,
광학렌즈 및 광학요소 제조업,광학렌즈 및 광학요소 제조업,2730,광학렌즈 및 광학요소 제조업,hwp_5digit,hwp_exact,1.0,27301,False,,
교과서 및 학습서적 출판업,교과서 및 학습서적 출판업,5811,교과서 및 학습서적 출판업,hwp_5digit,hwp_exact,1.0,58111,False,,
"교량, 터널 및 철도 건설업",교량 터널 및 철도 건설업,4122,"교량, 터널 및 철도 건설업",hwp_5digit,hwp_exact,1.0,41222,False,,
교육 서비스업,교육 서비스업,8400,교육서비스업,basic,fuzzy,0.9231,,False,,
교육관련 자문 및 평가업,교육관련 자문 및 평가업,8570,교육관련 자문 및 평가업,hwp_5digit,hwp_exact,1.0,85701,False,,
교육지원 서비스업,교육지원 서비스업,8400,교육서비스업,basic,fuzzy,0.8,,False,,
교통 신호장치 제조업,교통 신호장치 제조업,2890,교통 신호장치 제조업,hwp_5digit,hwp_exact,1.0,28903,False,,
구두류 제조업,구두류 제조업,1521,구두류 제조업,hwp_5digit,hwp_exact,1.0,15211,False,,
구름베어링 제조업,구름베어링 제조업,2914,구름베어링 제조업,hwp_5digit,hwp_exact,1.0,29141,False,,
구조용 금속 판제품 및 공작물 제조업,구조용 금속 판제품 및 공작물 제조업,2511,구조용 금속 판제품 및 공작물 제조업,hwp_5digit,hwp_exact,1.0,25112,False,,
구조용 금속제품 제조업,구조용 금속제품 제조업,2511,구조용 금속제품 제조업,basic,exact,1.0,,False,,
"구조용 금속제품, 탱크 및 증기발생기 제조업",구조용 금속제품 탱크 및 증기발생기 제조업,251,"구조용 금속제품, 탱크 및 증기발생기 제조업",sub,exact,1.0,,False,,
국내은행,국내은행,6412,국내은행,hwp_5digit,hwp_exact,1.0,64121,False,,
귀금속 및 관련제품 제조업,귀금속 및 관련제품 제조업,3311,귀금속 및 관련제품 제조업,hwp_5digit,hwp_exact,1.0,33110,False,,
귀금속 및 장신용품 제조업,귀금속 및 장신용품 제조업,3304,귀금속 및 장신용품 제조업,basic,exact,1.0,,False,,
그 외 금속 압형제품 제조업,그 외 금속 압형제품 제조업,2522,금속 압형제품 제조업,basic,fuzzy,0.8462,,False,,
그 외 금속파스너 및 나사제품 제조업,그 외 금속파스너 및 나사제품 제조업,2594,그 외 금속파스너 및 나사제품 제조업,hwp_5digit,hwp_exact,1.0,25942,False,,
그 외 기타 1차 철강 제조업,그 외 기타 1차 철강 제조업,2419,그 외 기타 1차 철강 제조업,hwp_5digit,hwp_exact,1.0,24199,False,,
그 외 기타 가구 제조업,그 외 기타 가구 제조업,3209,기타 가구 제조업,basic,fuzzy,0.8182,26212100,True,,
그 외 기타 가정용품 소매업,그 외 기타 가정용품 소매업,4759,그 외 기타 분류 안된 가정용품 소매업,hwp_5digit,hwp_fuzzy,0.8333,47599,False,,
그 외 기타 개인 및 가정용품 수리업,그 외 기타 개인 및 가정용품 수리업,9539,그 외 기타 개인 및 가정용품 수리업,hwp_5digit,hwp_exact,1.0,95399,False,,
그 외 기타 개인 및 가정용품 임대업,그 외 기타 개인 및 가정용품 임대업,6929,그 외 기타 개인 및 가정용품 임대업,hwp_5digit,hwp_exact,1.0,69299,False,,
그 외 기타 개인 서비스업,그 외 기타 개인 서비스업,9500,기타 개인 서비스업,basic,fuzzy,0.8333,,False,,
그 외 기타 거주 복지시설 운영업,그 외 기타 거주 복지시설 운영업,8713,그 외 기타 거주 복지시설 운영업,hwp_5digit,hwp_exact,1.0,87139,False,,
그 외 기타 건축 마무리 공사업,그 외 기타 건축 마무리 공사업,4249,그 외 기타 건축 마무리 공사업,hwp_5digit,hwp_exact,1.0,42499,False,,
그 외 기타 건축자재 도매업,그 외 기타 건축자재 도매업,4669,그 외 기타 건축자재 도매업,hwp_5digit,hwp_exact,1.0,46699,False,,
그 외 기타 고무제품 제조업,그 외 기타 고무제품 제조업,2229,기타 고무제품 제조업,basic,fuzzy,0.8462,,False,,
그 외 기타 광고 관련 서비스업,그 외 기타 광고 관련 서비스업,5290,기타 운송 관련 서비스업,basic,fuzzy_agg,0.8462,,False,,
그 외 기타 교육기관,그 외 기타 교육기관,8569,그 외 기타 분류 안된 교육기관,hwp_5digit,hwp_fuzzy,0.7857,85699,False,,
그 외 기타 금속가공업,그 외 기타 금속가공업,2592,그 외 기타 금속가공업,hwp_5digit,hwp_exact,1.0,25929,False,,
그 외 기타 금속가공제품 제조업,그 외 기타 금속가공제품 제조업,2599,기타 금속가공제품 제조업,basic,fuzzy,0.8667,,False,,
그 외 기타 금융 지원 서비스업,그 외 기타 금융 지원 서비스업,8000,기타 사업지원 서비스업,basic,fuzzy_agg,0.8,,False,,
그 외 기타 금융업,그 외 기타 금융업,6491,그 외 기타 여신금융업,hwp_5digit,hwp_fuzzy,0.9091,64919,False,,
그 외 기타 기계 및 장비 도매업,그 외 기타 기계 및 장비 도매업,4659,그 외 기타 기계 및 장비 도매업,hwp_5digit,hwp_exact,1.0,46599,False,,
그 외 기타 나무제품 제조업,그 외 기타 나무제품 제조업,2229,기타 고무제품 제조업,basic,fuzzy_agg,0.9091,,False,,
그 외 기타 달리 분류되지 않은 개인 서비스업,그 외 기타 달리 분류되지 않은 개인 서비스업,9500,기타 개인 서비스업,basic,exact_agg,1.0,,False,,
그 외 기타 달리 분류되지 않은 운송장비 제조업,그 외 기타 달리 분류되지 않은 운송장비 제조업,3190,기타 운송장비 제조업,basic,exact_agg,1.0,,False,,
그 외 기타 달리 분류되지 않은 제품 제조업,그 외 기타 달리 분류되지 않은 제품 제조업,1629,기타 목제품 제조업,basic,fuzzy_agg,0.9474,,False,,
그 외 기타 무점포 소매업,그 외 기타 무점포 소매업,4799,그 외 기타 무점포 소매업,hwp_5digit,hwp_exact,1.0,47999,False,,
그 외 기타 보건업,그 외 기타 보건업,4290,기타 건설업,basic,fuzzy_agg,0.8333,,False,,
그 외 기타 봉제의복 제조업,그 외 기타 봉제의복 제조업,1401,봉제의복 제조업,basic,fuzzy_agg,0.8421,,False,,
그 외 기타 분류 안된 가정용품 소매업,그 외 기타 분류 안된 가정용품 소매업,4759,그 외 기타 분류 안된 가정용품 소매업,hwp_5digit,hwp_exact,1.0,47599,False,,
그 외 기타 분류 안된 개인 서비스업,그 외 기타 분류 안된 개인 서비스업,9129,그 외 기타 분류 안된 오락관련 서비스업,hwp_5digit,hwp_fuzzy,0.8571,91299,False,,
그 외 기타 분류 안된 교육기관,그 외 기타 분류 안된 교육기관,8569,그 외 기타 분류 안된 교육기관,hwp_5digit,hwp_exact,1.0,85699,False,,
그 외 기타 분류 안된 금속 가공 제품 제조업,그 외 기타 분류 안된 금속 가공 제품 제조업,2599,그 외 기타 분류 안된 금속 가공 제품 제조업,hwp_5digit,hwp_exact,1.0,25999,False,,
그 외 기타 분류 안된 금융업,그 외 기타 분류 안된 금융업,6499,그 외 기타 분류 안된 금융업,hwp_5digit,hwp_exact,1.0,64999,False,,
그 외 기타 분류 안된 비금속 광물제품 제조업,그 외 기타 분류 안된 비금속 광물제품 제조업,2399,기타 비금속광물제품 제조업,basic,fuzzy_agg,0.8,22251100,True,,
그 외 기타 분류 안된 사업지원 서비스업,그 외 기타 분류 안된 사업지원 서비스업,8000,기타 사업지원 서비스업,basic,fuzzy_agg,0.8,,False,,
그 외 기타 분류 안된 상품 전문 소매업,그 외 기타 분류 안된 상품 전문 소매업,4785,그 외 기타 분류 안된 상품 전문 소매업,hwp_5digit,hwp_exact,1.0,47859,False,,
그 외 기타 분류 안된 섬유제품 제조업,그 외 기타 분류 안된 섬유제품 제조업,1399,그 외 기타 분류 안된 섬유제품 제조업,hwp_5digit,hwp_exact,1.0,13999,False,,
그 외 기타 분류 안된 오락관련 서비스업,그 외 기타 분류 안된 오락관련 서비스업,9129,그 외 기타 분류 안된 오락관련 서비스업,hwp_5digit,hwp_exact,1.0,91299,False,,
그 외 기타 분류 안된 운송 관련 서비스업,그 외 기타 분류 안된 운송 관련 서비스업,5290,기타 운송 관련 서비스업,basic,fuzzy_agg,0.8125,,False,,
그 외 기타 분류 안된 운송장비 제조업,그 외 기타 분류 안된 운송장비 제조업,2049,그 외 기타 분류 안된 화학제품 제조업,hwp_5digit,hwp_fuzzy,0.8095,20499,False,,
"그 외 기타 분류 안된 전문, 과학 및 기술 서비스업",그 외 기타 분류 안된 전문 과학 및 기술 서비스업,7200,"기타 전문, 과학 및 기술 서비스업",basic,fuzzy_agg,0.8571,,False,,
그 외 기타 분류 안된 제품 제조업,그 외 기타 분류 안된 제품 제조업,2049,그 외 기타 분류 안된 화학제품 제조업,hwp_5digit,hwp_fuzzy,0.95,20499,False,,
그 외 기타 분류 안된 화학제품 제조업,그 외 기타 분류 안된 화학제품 제조업,2049,그 외 기타 분류 안된 화학제품 제조업,hwp_5digit,hwp_exact,1.0,20499,False,,
그 외 기타 비거주 복지 서비스업,그 외 기타 비거주 복지 서비스업,8729,그 외 기타 비거주 복지 서비스업,hwp_5digit,hwp_exact,1.0,87299,False,,
그 외 기타 비금속 광물제품 제조업,그 외 기타 비금속 광물제품 제조업,2399,기타 비금속광물제품 제조업,basic,fuzzy,0.8485,22251100,True,,
그 외 기타 비금속광물 광업,그 외 기타 비금속광물 광업,0790,기타 비금속 광업,basic,fuzzy_agg,0.9,,False,,
그 외 기타 사업지원 서비스업,그 외 기타 사업지원 서비스업,8000,기타 사업지원 서비스업,basic,fuzzy,0.8571,,False,,
그 외 기타 상품 전문 도매업,그 외 기타 상품 전문 도매업,4679,그 외 기타 상품 전문 도매업,hwp_5digit,hwp_exact,1.0,46799,False,,
그 외 기타 생활용품 도매업,그 외 기타 생활용품 도매업,4649,그 외 기타 생활용품 도매업,hwp_5digit,hwp_exact,1.0,46499,False,,
그 외 기타 섬유제품 제조업,그 외 기타 섬유제품 제조업,1399,기타 섬유제품 제조업,basic,fuzzy,0.8462,,False,,
그 외 기타 스포츠 서비스업,그 외 기타 스포츠 서비스업,9101,스포츠 서비스업,basic,fuzzy_agg,0.8421,,False,,
그 외 기타 스포츠시설 운영업,그 외 기타 스포츠시설 운영업,9113,그 외 기타 스포츠시설 운영업,hwp_5digit,hwp_exact,1.0,91139,False,,
그 외 기타 식료품 제조업,그 외 기타 식료품 제조업,1089,그외 기타 식료품 제조업,basic,fuzzy,0.963,,False,,
그 외 기타 여신금융업,그 외 기타 여신금융업,6491,그 외 기타 여신금융업,hwp_5digit,hwp_exact,1.0,64919,False,,
그 외 기타 오락관련 서비스업,그 외 기타 오락관련 서비스업,9102,유원지 및 기타 오락관련 서비스업,basic,fuzzy,0.8235,,False,,
그 외 기타 운송관련 서비스업,그 외 기타 운송관련 서비스업,5290,기타 운송 관련 서비스업,basic,fuzzy,0.8276,,False,,
그 외 기타 운송장비 제조업,그 외 기타 운송장비 제조업,3190,기타 운송장비 제조업,basic,fuzzy,0.8462,,False,,
그 외 기타 의료용 기기 제조업,그 외 기타 의료용 기기 제조업,2681,의료용 기기 제조업,basic,fuzzy_agg,0.8696,,False,,
그 외 기타 의료용품 및 의약 관련제품 제조업,그 외 기타 의료용품 및 의약 관련제품 제조업,2130,의료용품 및 기타 의약 관련제품 제조업,hwp_5digit,hwp_fuzzy,0.7826,21300,False,,
그 외 기타 의복액세서리 제조업,그 외 기타 의복액세서리 제조업,1449,그 외 기타 의복액세서리 제조업,hwp_5digit,hwp_exact,1.0,14499,False,,
그 외 기타 일반목적용 기계 제조업,그 외 기타 일반목적용 기계 제조업,2859,기타 일반 목적용 기계 제조업,basic,fuzzy,0.8571,,False,,
그 외 기타 전기 통신업,그 외 기타 전기 통신업,6190,기타 통신업,basic,fuzzy_agg,0.8,,False,,
그 외 기타 전기장비 제조업,그 외 기타 전기장비 제조업,2799,기타 전기장비 제조업,basic,fuzzy,0.8462,24119100,True,,
"그 외 기타 전문, 과학 및 기술 서비스업",그 외 기타 전문 과학 및 기술 서비스업,7200,"기타 전문, 과학 및 기술 서비스업",basic,fuzzy,0.9,,False,,
그 외 기타 전자부품 제조업,그 외 기타 전자부품 제조업,2640,기타 전자부품 제조업,basic,fuzzy,0.8462,,False,,
그 외 기타 정보 서비스업,그 외 기타 정보 서비스업,S,기타 서비스업,large,fuzzy_agg,0.8235,,False,,
그 외 기타 제품 제조업,그 외 기타 제품 제조업,1089,그외 기타 식료품 제조업,basic,fuzzy,0.8462,,False,,
그 외 기타 종이 및 판지 제품 제조업,그 외 기타 종이 및 판지 제품 제조업,1719,기타 종이 및 판지 제조업,basic,fuzzy,0.8,20112101,True,,
그 외 기타 종합 소매업,그 외 기타 종합 소매업,4719,그 외 기타 종합 소매업,hwp_5digit,hwp_exact,1.0,47190,False,,
그 외 기타 창작 및 예술관련 서비스업,그 외 기타 창작 및 예술관련 서비스업,9019,그 외 기타 창작 및 예술관련 서비스업,hwp_5digit,hwp_exact,1.0,90199,False,,
그 외 기타 축산업,그 외 기타 축산업,0129,기타 축산업,basic,exact_agg,1.0,,False,,
그 외 기타 콘크리트 제품 및 유사제품 제조업,그 외 기타 콘크리트 제품 및 유사제품 제조업,2332,그 외 기타 콘크리트 제품 및 유사제품 제조업,hwp_5digit,hwp_exact,1.0,23329,False,,
그 외 기타 특수목적용 기계 제조업,그 외 기타 특수목적용 기계 제조업,2899,기타 특수목적용 기계 제조업,basic,fuzzy,0.8824,,False,,
그 외 기타 특정 상품 중개업,그 외 기타 특정 상품 중개업,4610,그 외 기타 특정 상품 중개업,hwp_5digit,hwp_exact,1.0,46107,False,,
그 외 기타 플라스틱 제품 제조업,그 외 기타 플라스틱 제품 제조업,2269,기타 프라스틱제품 제조업,basic,fuzzy_agg,0.8889,,False,,
그 외 기타 협회 및 단체,그 외 기타 협회 및 단체,9309,기타 협회 및 사회 단체,basic,fuzzy_agg,0.8696,,False,,
그 외 기타 화학제품 제조업,그 외 기타 화학제품 제조업,2099,기타 화학제품 제조업,basic,fuzzy,0.8462,,False,,
그 외 자동차용 신품 부품 제조업,그 외 자동차용 신품 부품 제조업,2930,자동차 부품 제조업,basic,fuzzy_agg,0.8333,,False,,
"근무복, 작업복 및 유사의복 제조업",근무복 작업복 및 유사의복 제조업,1419,"근무복, 작업복 및 유사의복 제조업",hwp_5digit,hwp_exact,1.0,14192,False,,
금속 가구 제조업,금속 가구 제조업,3202,금속 가구 제조업,basic,exact,1.0,,False,,
금속 광업,금속 광업,0600,금속광업,basic,fuzzy,0.8889,,False,,
"금속 단조, 압형 및 분말야금 제품 제조업",금속 단조 압형 및 분말야금 제품 제조업,252,"금속 단조, 압형 및 분말야금제품 제조업",sub,fuzzy,0.9767,,False,,
금속 단조제품 제조업,금속 단조제품 제조업,2522,금속 압형제품 제조업,basic,fuzzy,0.8182,,False,,
"금속 문, 창, 셔터 및 관련제품 제조업",금속 문 창 셔터 및 관련제품 제조업,2511,"금속 문, 창, 셔터 및 관련제품 제조업",hwp_5digit,hwp_exact,1.0,25111,False,,
금속 성형기계 제조업,금속 성형기계 제조업,2922,금속 성형기계 제조업,hwp_5digit,hwp_exact,1.0,29224,False,,
금속 스프링 제조업,금속 스프링 제조업,2594,금속 스프링 제조업,hwp_5digit,hwp_exact,1.0,25943,False,,
"금속 열처리, 도금 및 기타 금속가공업",금속 열처리 도금 및 기타 금속가공업,2530,"금속 열처리, 도금 및 기타 금속가공업",basic,exact,1.0,,False,,
금속 열처리업,금속 열처리업,3031,금속처리,io_name,io_fuzzy,0.8,25921sc1,True,,
금속 위생용품 제조업,금속 위생용품 제조업,2599,금속 위생용품 제조업,hwp_5digit,hwp_exact,1.0,25993,False,,
금속 절삭기계 제조업,금속 절삭기계 제조업,2922,금속 절삭기계 제조업,hwp_5digit,hwp_exact,1.0,29223,False,,
금속 주조 및 기타 야금용 기계 제조업,금속 주조 및 기타 야금용 기계 제조업,2870,"가공 공작, 금속 주조 및 야금용 기계 제조업",basic,fuzzy,0.8,,False,,
금속 주조업,금속 주조업,2480,금속 주조업,basic,exact,1.0,,False,,
금속 캔 및 기타 포장용기 제조업,금속 캔 및 기타 포장용기 제조업,2593,금속캔 및 기타 포장 용기 제조업,basic,fuzzy,0.9444,,False,,
금속 표시판 제조업,금속 표시판 제조업,2599,금속 표시판 제조업,hwp_5digit,hwp_exact,1.0,25994,False,,
금속가공제품 제조업; 기계 및 가구 제외,금속가공제품 제조업,25,금속가공제품 제조업,mid,exact,1.0,,False,,
금속광물 도매업,금속광물 도매업,4672,금속광물 도매업,hwp_5digit,hwp_exact,1.0,46722,False,,
금속류 원료 재생업,금속류 원료 재생업,3831,금속류 원료 재생업,hwp_5digit,hwp_exact,1.0,38312,False,,
금속류 해체 및 선별업,금속류 해체 및 선별업,3831,금속류 해체 및 선별업,hwp_5digit,hwp_exact,1.0,38311,False,,
"금속류 해체, 선별 및 원료 재생업",금속류 해체 선별 및 원료 재생업,3831,금속류 해체 및 선별업,hwp_5digit,split_first,0.8,38311,False,,
금속선 가공제품 제조업,금속선 가공제품 제조업,25,금속가공제품 제조업,mid,fuzzy,0.9091,,False,,
금속탱크 및 저장용기 제조업,금속탱크 및 저장용기 제조업,2512,금속탱크 및 저장용기 제조업,hwp_5digit,hwp_exact,1.0,25122,False,,
"금속파스너, 스프링 및 금속선 가공제품 제조업",금속파스너 스프링 및 금속선 가공제품 제조업,2592,"금속파스너, 스프링 및 금속선 가공제품 제조업",basic,exact,1.0,,False,,
금융 및 보험 관련 서비스업,금융 및 보험 관련 서비스업,6600,금융 및 보험 관련 서비스업,basic,exact,1.0,,False,,
금융 지원 서비스업,금융 지원 서비스업,N,사업 지원 서비스업,large,fuzzy,0.8,,False,,
금융리스업,금융리스업,6491,금융리스업,hwp_5digit,hwp_exact,1.0,64911,False,,
금융시장 관리업,금융시장 관리업,6611,금융시장 관리업,hwp_5digit,hwp_exact,1.0,66110,False,,
금융업,금융업,64,금융업,mid,exact,1.0,,False,,
기계 및 장비 중개업,기계 및 장비 중개업,28,기계 및 장비 제조업,mid,fuzzy,0.8182,,False,,
기계장비 및 관련 물품 도매업,기계장비 및 관련 물품 도매업,4659,전기용 기계ㆍ장비 및 관련 기자재 도매업,linkage_11th,link11_fuzzy,0.7568,46595,False,46595,
기계장비 조립용 플라스틱제품 제조업,기계장비 조립용 플라스틱제품 제조업,2393,운송장비 및 조립용 플라스틱제품,io_name,io_fuzzy,0.8125,22241100,True,,
기관 구내식당업,기관 구내식당업,5612,기관 구내식당업,hwp_5digit,hwp_exact,1.0,56120,False,,
기관차 및 기타 철도차량 제조업,기관차 및 기타 철도차량 제조업,3120,기관차 및 기타 철도차량 제조업,hwp_5digit,hwp_exact,1.0,31201,False,,
기금 운영업,기금 운영업,6499,기금 운영업,hwp_5digit,hwp_exact,1.0,64991,False,,
기기용 자동측정 및 제어장치 제조업,기기용 자동측정 및 제어장치 제조업,2721,기기용 자동측정 및 제어장치 제조업,hwp_5digit,hwp_exact,1.0,27215,False,,
"기념품, 관광 민예품 및 장식용품 소매업",기념품 관광 민예품 및 장식용품 소매업,4784,"기념품, 관광 민예품 및 장식용품 소매업",hwp_5digit,hwp_exact,1.0,47842,False,,
기독교 단체,기독교 단체,9491,기독교 단체,hwp_5digit,hwp_exact,1.0,94912,False,,
기록매체 복제업,기록매체 복제업,1802,기록매체 복제업,basic,exact,1.0,20201101,True,,
기반조성 관련 전문공사업,기반조성 관련 전문공사업,4212,기타 기반조성 관련 전문공사업,hwp_5digit,hwp_fuzzy,0.8966,42129,False,,
기반조성 및 시설물 축조관련 전문공사업,기반조성 및 시설물 축조관련 전문공사업,4213,기타 옥외 시설물 축조 관련 전문공사업,hwp_5digit,hwp_fuzzy,0.8095,42139,False,,
기숙사 및 고시원 운영업,기숙사 및 고시원 운영업,5590,기숙사 및 고시원 운영업,hwp_5digit,hwp_exact,1.0,55901,False,,
기술 및 직업훈련학원,기술 및 직업훈련학원,8566,기타 기술 및 직업훈련학원,hwp_5digit,hwp_fuzzy,0.88,85669,False,,
"기술 시험, 검사 및 분석업",기술 시험 검사 및 분석업,7291,"기타 기술 시험, 검사 및 분석업",hwp_5digit,hwp_fuzzy,0.9032,72919,False,,
기어 및 동력전달장치 제조업,기어 및 동력전달장치 제조업,2851,"베어링, 기어 및 동력전달장치 제조업",basic,fuzzy,0.8824,,False,,
기억장치 및 주변기기 제조업,기억장치 및 주변기기 제조업,2632,기타 주변기기 제조업,hwp_5digit,hwp_fuzzy,0.7692,26329,False,,
기억장치 제조업,기억장치 제조업,2652,기억장치 제조업,basic,exact,1.0,,False,,
기체 여과기 제조업,기체 여과기 제조업,2917,기체 여과기 제조업,hwp_5digit,hwp_exact,1.0,29174,False,,
기체 펌프 및 압축기 제조업,기체 펌프 및 압축기 제조업,2820,"유압기기, 펌프 및 압축기 제조업",basic,fuzzy,0.875,,False,,
기체연료 및 관련제품 도매업,기체연료 및 관련제품 도매업,4671,기체연료 및 관련제품 도매업,hwp_5digit,hwp_exact,1.0,46713,False,,
기초 무기 화학물질 제조업,기초 무기 화학물질 제조업,202,기초 무기화학물질 제조업,sub,fuzzy,0.963,,False,,
기초 유기 화학물질 제조업,기초 유기 화학물질 제조업,201,기초유기화학물질 제조업,sub,fuzzy,0.9231,,False,,
기초 의약 물질 제조업,기초 의약 물질 제조업,2110,기초 의약 물질 제조업,linkage_11th,link11_exact,1.0,21100,False,21100,통합/세분
기초 화학물질 제조업,기초 화학물질 제조업,202,기초 무기화학물질 제조업,sub,fuzzy,0.9167,,False,,
기타 1차 비철금속 제조업,기타 1차 비철금속 제조업,2429,기타 1차 비철금속 제조업,hwp_5digit,hwp_exact,1.0,24290,False,,
기타 1차 철강 제조업,기타 1차 철강 제조업,2419,그 외 기타 1차 철강 제조업,hwp_5digit,hwp_fuzzy,0.8571,24199,False,,
기타 가공 공작기계 제조업,기타 가공 공작기계 제조업,2922,기타 가공 공작기계 제조업,hwp_5digit,hwp_exact,1.0,29229,False,,
기타 가공식품 도매업,기타 가공식품 도매업,4632,기타 가공식품 도매업,hwp_5digit,hwp_exact,1.0,46329,False,,
기타 가공식품 소매업,기타 가공식품 소매업,4632,기타 가공식품 도매업,hwp_5digit,hwp_fuzzy,0.9091,46329,False,,
기타 가구 제조업,기타 가구 제조업,3209,기타 가구 제조업,basic,exact,1.0,26212100,True,,
기타 가금류 및 조류 사육업,기타 가금류 및 조류 사육업,0123,기타 가금류 및 조류 사육업,hwp_5digit,hwp_exact,1.0,01239,False,,
기타 가정용 전기기기 제조업,기타 가정용 전기기기 제조업,2750,가정용 기기 제조업,basic,fuzzy,0.8,,False,,
기타 가죽제품 제조업,기타 가죽제품 제조업,1629,기타 목제품 제조업,basic,fuzzy,0.8571,,False,,
기타 개인 및 가정용품 수리업,기타 개인 및 가정용품 수리업,9539,그 외 기타 개인 및 가정용품 수리업,hwp_5digit,hwp_fuzzy,0.8889,95399,False,,
기타 개인 서비스업,기타 개인 서비스업,9500,기타 개인 서비스업,basic,exact,1.0,,False,,
기타 건물 관련설비 설치 공사업,기타 건물 관련설비 설치 공사업,4220,기타 건물 관련설비 설치 공사업,hwp_5digit,hwp_exact,1.0,42209,False,,
기타 건축용 나무제품 제조업,기타 건축용 나무제품 제조업,1622,기타 건축용 나무제품 제조업,hwp_5digit,hwp_exact,1.0,16229,False,,
기타 건축용 비내화 요업제품 제조업,기타 건축용 비내화 요업제품 제조업,2323,기타 건축용 비내화 요업제품 제조업,hwp_5digit,hwp_exact,1.0,23239,False,,
기타 건축용 플라스틱 조립제품 제조업,기타 건축용 플라스틱 조립제품 제조업,2222,기타 건축용 플라스틱 조립제품 제조업,hwp_5digit,hwp_exact,1.0,22229,False,,
기타 건축자재 도매업,기타 건축자재 도매업,4669,그 외 기타 건축자재 도매업,hwp_5digit,hwp_fuzzy,0.8462,46699,False,,
기타 게임 소프트웨어 개발 및 공급업,기타 게임 소프트웨어 개발 및 공급업,5820,소프트웨어 개발 및 공급업,basic,fuzzy,0.8235,55101,True,,
기타 고무제품 제조업,기타 고무제품 제조업,2229,기타 고무제품 제조업,basic,exact,1.0,,False,,
기타 곡물 가공품 제조업,기타 곡물 가공품 제조업,1061,기타 곡물 가공품 제조업,hwp_5digit,hwp_exact,1.0,10619,False,,
기타 공동 주택 건설업,기타 공동 주택 건설업,4111,기타 공동 주택 건설업,hwp_5digit,hwp_exact,1.0,41119,False,,
기타 공연단체,기타 공연단체,9012,기타 공연단체,hwp_5digit,hwp_exact,1.0,90123,False,,
기타 공학 연구개발업,기타 공학 연구개발업,7012,기타 공학 연구개발업,hwp_5digit,hwp_exact,1.0,70129,False,,
기타 과실ㆍ채소 가공 및 저장 처리업,기타 과실채소 가공 및 저장 처리업,1030,"과일, 채소 가공 및 저장 처리업",basic,fuzzy,0.8333,,False,,
기타 과학기술 서비스업,기타 과학기술 서비스업,7200,"기타 전문, 과학 및 기술 서비스업",basic,fuzzy,0.8,,False,,
기타 광고업,기타 광고업,7139,옥외 광고업,manual,manual_override,1.0,71391,False,,
기타 광학 및 정밀 기기 소매업,기타 광학 및 정밀 기기 소매업,4782,기타 광학 및 정밀 기기 소매업,hwp_5digit,hwp_exact,1.0,47829,False,,
기타 광학기기 및 사진기 제조업,기타 광학기기 및 사진기 제조업,2730,기타 광학기기 제조업,hwp_5digit,hwp_fuzzy,0.7857,27309,False,,
기타 교습학원,기타 교습학원,8563,기타 교습학원,hwp_5digit,hwp_exact,1.0,85632,False,,
기타 교육기관,기타 교육기관,8561,기타 스포츠 교육기관,hwp_5digit,hwp_fuzzy,0.7778,85612,False,,
기타 교육지원 서비스업,기타 교육지원 서비스업,8000,기타 사업지원 서비스업,basic,fuzzy,0.8333,,False,,
기타 구조용 금속제품 제조업,기타 구조용 금속제품 제조업,2511,구조용 금속제품 제조업,basic,fuzzy,0.8889,,False,,
기타 금속 가공제품 제조업,기타 금속 가공제품 제조업,2599,기타 금속가공제품 제조업,basic,fuzzy,0.963,,False,,
기타 금융 지원 서비스업,기타 금융 지원 서비스업,8000,기타 사업지원 서비스업,basic,fuzzy,0.8,,False,,
기타 금융 투자업,기타 금융 투자업,6420,기타 금융 투자업,hwp_5digit,hwp_exact,1.0,64209,False,,
기타 금융업,기타 금융업,6420,기타 금융 투자업,hwp_5digit,hwp_fuzzy,0.8,64209,False,,
기타 기계 및 장비 도매업,기타 기계 및 장비 도매업,4653,기타 산업용 기계 및 장비 도매업,hwp_5digit,hwp_fuzzy,0.875,46539,False,,
기타 기계 및 장비 제조업,기타 기계 및 장비 제조업,28,기계 및 장비 제조업,mid,fuzzy,0.88,,False,,
기타 기계ㆍ장비 조립용 플라스틱 제품 제조업,기타 기계장비 조립용 플라스틱 제품 제조업,2224,기계장비 조립용 플라스틱 제품 제조업,hwp_5digit,hwp_fuzzy,0.9302,22240,False,,
기타 기관 및 터빈 제조업,기타 기관 및 터빈 제조업,2810,내연기관 및 터빈 제조업,basic,fuzzy,0.8148,,False,,
기타 기반조성 관련 전문공사업,기타 기반조성 관련 전문공사업,4212,기타 기반조성 관련 전문공사업,hwp_5digit,hwp_exact,1.0,42129,False,,
기타 기술 및 직업훈련학원,기타 기술 및 직업훈련학원,8566,기타 기술 및 직업훈련학원,hwp_5digit,hwp_exact,1.0,85669,False,,
"기타 기술 시험, 검사 및 분석업",기타 기술 시험 검사 및 분석업,7291,"기타 기술 시험, 검사 및 분석업",hwp_5digit,hwp_exact,1.0,72919,False,,
기타 기초 무기 화학물질 제조업,기타 기초 무기 화학물질 제조업,2029,기타 기초 무기화학물질 제조업,basic,fuzzy,0.9697,,False,,
기타 기초 유기 화학물질 제조업,기타 기초 유기 화학물질 제조업,2019,기타 기초유기화학물질 제조업,basic,fuzzy,0.9375,,False,,
기타 내륙 수상 여객 및 화물 운송업,기타 내륙 수상 여객 및 화물 운송업,5020,내륙 수상 여객 및 화물 운송업,hwp_5digit,hwp_fuzzy,0.9189,50201,False,,
기타 대형 종합 소매업,기타 대형 종합 소매업,4711,기타 대형 종합 소매업,hwp_5digit,hwp_exact,1.0,47119,False,,
기타 도로화물 운송업,기타 도로화물 운송업,4922,도로 화물 운송업,basic,fuzzy,0.8,,False,,
기타 도시 정기 육상 여객 운송업,기타 도시 정기 육상 여객 운송업,4921,기타 도시 정기 육상 여객 운송업,hwp_5digit,hwp_exact,1.0,49219,False,,
기타 목재가구 제조업,기타 목재가구 제조업,3209,기타 가구 제조업,basic,fuzzy,0.9,26212100,True,,
기타 무선 통신장비 제조업,기타 무선 통신장비 제조업,2661,유선 통신장비 제조업,basic,fuzzy,0.8,,False,,
기타 물품 취급장비 제조업,기타 물품 취급장비 제조업,2916,기타 물품 취급장비 제조업,hwp_5digit,hwp_exact,1.0,29169,False,,
기타 반도체소자 제조업,기타 반도체소자 제조업,2612,기타 반도체소자 제조업,hwp_5digit,hwp_exact,1.0,26129,False,,
기타 발전업,기타 발전업,3511,기타 발전업,hwp_5digit,hwp_exact,1.0,35119,False,,
기타 발효주 제조업,기타 발효주 제조업,1119,기타 발효주 제조업,basic,exact,1.0,13104101,True,,
기타 방적업,기타 방적업,1310,기타 방적업,hwp_5digit,hwp_exact,1.0,13109,False,,
기타 법무관련 서비스업,기타 법무관련 서비스업,5290,기타 운송 관련 서비스업,basic,fuzzy,0.8,,False,,
기타 보관 및 창고업,기타 보관 및 창고업,5230,보관 및 창고업,basic,fuzzy,0.8421,,False,,
기타 보험 및 연금관련 서비스업,기타 보험 및 연금관련 서비스업,6620,기타 보험 및 연금관련 서비스업,hwp_5digit,hwp_exact,1.0,66209,False,,
기타 봉제의복 제조업,기타 봉제의복 제조업,1401,봉제의복 제조업,basic,fuzzy,0.8421,,False,,
기타 부동산 개발 및 공급업,기타 부동산 개발 및 공급업,6822,부동산 개발 및 공급업,basic,fuzzy,0.8889,,False,,
기타 부동산 임대업,기타 부동산 임대업,6821,기타 부동산 임대업,basic,exact,1.0,,False,,
기타 부정기 여객 육상 운송업,기타 부정기 여객 육상 운송업,4923,기타 부정기 여객 육상 운송업,hwp_5digit,hwp_exact,1.0,49239,False,,
기타 비거주 복지 서비스업,기타 비거주 복지 서비스업,8729,그 외 기타 비거주 복지 서비스업,hwp_5digit,hwp_fuzzy,0.875,87299,False,,
기타 비금속 광물제품 제조업,기타 비금속 광물제품 제조업,2399,기타 비금속광물제품 제조업,basic,fuzzy,0.9655,22251100,True,,
기타 비알코올 음료 제조업,기타 비알코올 음료 제조업,1120,기타 비알코올 음료 제조업,hwp_5digit,hwp_exact,1.0,11209,False,,
기타 비알코올 음료점업,기타 비알코올 음료점업,5622,기타 비알코올 음료점업,hwp_5digit,hwp_exact,1.0,56229,False,,
기타 비전기식 생활용 기기 및 기구 도매업,기타 비전기식 생활용 기기 및 기구 도매업,4643,기타 비전기식 생활용 기기 및 기구 도매업,hwp_5digit,hwp_exact,1.0,46439,False,,
기타 비주거용 건물 건설업,기타 비주거용 건물 건설업,4120,비주거용 건물 건설업,basic,fuzzy,0.88,,False,,
"기타 비철금속 압연, 압출 및 연신 제품 제조업",기타 비철금속 압연 압출 및 연신 제품 제조업,2469,"기타 비철금속 압연, 압출 및 연신제품 제조업",basic,fuzzy,0.9796,,False,,
"기타 비철금속 제련, 정련 및 합금 제조업",기타 비철금속 제련 정련 및 합금 제조업,2459,"기타 비철금속 제련, 정련 및 합금 제조업",basic,exact,1.0,,False,,
기타 비철금속 주조업,기타 비철금속 주조업,0790,기타 비금속 광업,basic,fuzzy,0.8,,False,,
기타 사무지원 서비스업,기타 사무지원 서비스업,8000,기타 사업지원 서비스업,basic,fuzzy,0.9167,,False,,
기타 사업지원 서비스업,기타 사업지원 서비스업,8000,기타 사업지원 서비스업,basic,exact,1.0,,False,,
기타 사행시설 관리 및 운영업,기타 사행시설 관리 및 운영업,9000,사행시설 관리 및 운영업,basic,fuzzy,0.8966,,False,,
기타 산업 회사 본부,기타 산업 회사 본부,7151,기타 산업 회사 본부,hwp_5digit,hwp_exact,1.0,71519,False,,
기타 산업용 기계 및 장비 도매업,기타 산업용 기계 및 장비 도매업,4653,기타 산업용 기계 및 장비 도매업,hwp_5digit,hwp_exact,1.0,46539,False,,
기타 산업용 기계 및 장비 임대업,기타 산업용 기계 및 장비 임대업,6939,기타 산업용 기계 및 장비 임대업,hwp_5digit,hwp_exact,1.0,69390,False,,
기타 산업용 농산물 도매업,기타 산업용 농산물 도매업,4620,기타 산업용 농산물 도매업,hwp_5digit,hwp_exact,1.0,46209,False,,
기타 산업용 유리제품 제조업,기타 산업용 유리제품 제조업,2312,산업용 유리제품 제조업,basic,fuzzy,0.8889,,False,,
기타 산업진흥 행정,기타 산업진흥 행정,8422,기타 산업진흥 행정,hwp_5digit,hwp_exact,1.0,84229,False,,
기타 상품 전문 소매업,기타 상품 전문 소매업,4679,그 외 기타 상품 전문 도매업,hwp_5digit,hwp_fuzzy,0.7857,46799,False,,
기타 생활용 섬유 및 직물제품 도매업,기타 생활용 섬유 및 직물제품 도매업,4641,기타 생활용 섬유 및 직물제품 도매업,hwp_5digit,hwp_exact,1.0,46419,False,,
기타 생활용품 소매업,기타 생활용품 소매업,4649,그 외 기타 생활용품 도매업,hwp_5digit,hwp_fuzzy,0.7692,46499,False,,
기타 석유정제물 재처리업,기타 석유정제물 재처리업,1922,기타 석유정제물 재처리업,hwp_5digit,hwp_exact,1.0,19229,False,,
기타 석제품 제조업,기타 석제품 제조업,1629,기타 목제품 제조업,basic,fuzzy,0.9,,False,,
기타 선박 건조업,기타 선박 건조업,3012,기타 선박 건조업,basic,exact,1.0,25113101,True,,
"기타 섬유, 의복 및 가죽 가공 기계 제조업",기타 섬유 의복 및 가죽 가공 기계 제조업,2892,"섬유, 의복 및 가죽 가공기계 제조업",basic,fuzzy,0.9048,,False,,
기타 섬유제품 제조업,기타 섬유제품 제조업,1399,기타 섬유제품 제조업,basic,exact,1.0,,False,,
기타 수산동물 가공 및 저장 처리업,기타 수산동물 가공 및 저장 처리업,1020,수산물 가공 및 저장 처리업,basic,fuzzy,0.8824,,False,,
기타 수상 운송지원 서비스업,기타 수상 운송지원 서비스업,5212,수상 운송지원 서비스업,basic,fuzzy,0.8889,,False,,
기타 수상오락 서비스업,기타 수상오락 서비스업,9123,기타 수상오락 서비스업,hwp_5digit,hwp_exact,1.0,91239,False,,
기타 숙박업,기타 숙박업,4102,기타 선박,io_name,io_fuzzy,0.8,31112101,True,,
기타 스포츠 교육기관,기타 스포츠 교육기관,8561,기타 스포츠 교육기관,hwp_5digit,hwp_exact,1.0,85612,False,,
기타 스포츠 서비스업,기타 스포츠 서비스업,9101,스포츠 서비스업,basic,fuzzy,0.8421,,False,,
기타 스포츠시설 운영업,기타 스포츠시설 운영업,9113,그 외 기타 스포츠시설 운영업,hwp_5digit,hwp_fuzzy,0.8571,91139,False,,
기타 시설작물 재배업,기타 시설작물 재배업,0115,기타 시설작물 재배업,hwp_5digit,hwp_exact,1.0,01159,False,,
기타 식료품 제조업,기타 식료품 제조업,108,기타 식료품 제조업,sub,exact,1.0,,False,,
기타 식사용 가공처리 조리식품 제조업,기타 식사용 가공처리 조리식품 제조업,1075,기타 식사용 가공처리 조리식품 제조업,hwp_5digit,hwp_exact,1.0,10759,False,,
기타 식품 제조업,기타 식품 제조업,108,기타 식료품 제조업,sub,fuzzy,0.9474,,False,,
기타 식품 첨가물 제조업,기타 식품 첨가물 제조업,1074,기타 식품 첨가물 제조업,hwp_5digit,hwp_exact,1.0,10749,False,,
기타 신발 제조업,기타 신발 제조업,1119,기타 발효주 제조업,basic,fuzzy,0.8421,13104101,True,,
기타 신선식품 및 단순 가공식품 도매업,기타 신선식품 및 단순 가공식품 도매업,4631,기타 신선식품 및 단순 가공식품 도매업,hwp_5digit,hwp_exact,1.0,46319,False,,
기타 신선식품 및 단순 가공식품 소매업,기타 신선식품 및 단순 가공식품 소매업,4631,기타 신선식품 및 단순 가공식품 도매업,hwp_5digit,hwp_fuzzy,0.9524,46319,False,,
기타 악기 및 전자 악기 제조업,기타 악기 및 전자 악기 제조업,3320,기타 악기 및 전자 악기 제조업,linkage_11th,link11_exact,1.0,33209,False,33209,통합
기타 엔지니어링 서비스업,기타 엔지니어링 서비스업,7212,기타 엔지니어링 서비스업,hwp_5digit,hwp_exact,1.0,72129,False,,
기타 여행 보조 및 예약 서비스업,기타 여행 보조 및 예약 서비스업,7529,기타 여행 보조 및 예약 서비스업,hwp_5digit,hwp_exact,1.0,75290,False,,
기타 여행보조 및 예약 서비스업,기타 여행보조 및 예약 서비스업,7529,기타 여행 보조 및 예약 서비스업,hwp_5digit,hwp_fuzzy,0.9714,75290,False,,
기타 오락용품 제조업,기타 오락용품 제조업,3340,기타 오락용품 제조업,hwp_5digit,hwp_exact,1.0,33409,False,,
기타 오락장 운영업,기타 오락장 운영업,9122,기타 오락장 운영업,hwp_5digit,hwp_exact,1.0,91229,False,,
기타 옥외 시설물 축조 관련 전문공사업,기타 옥외 시설물 축조 관련 전문공사업,4213,기타 옥외 시설물 축조 관련 전문공사업,hwp_5digit,hwp_exact,1.0,42139,False,,
기타 외국식 음식점업,기타 외국식 음식점업,5611,기타 외국식 음식점업,hwp_5digit,hwp_exact,1.0,56119,False,,
기타 운동 및 경기용구 제조업,기타 운동 및 경기용구 제조업,3302,운동 및 경기용구 제조업,basic,fuzzy,0.8966,,False,,
기타 운송관련 서비스업,기타 운송관련 서비스업,5290,기타 운송 관련 서비스업,basic,fuzzy,0.96,,False,,
기타 운송장비 임대업,기타 운송장비 임대업,3190,기타 운송장비 제조업,basic,fuzzy,0.8182,,False,,
기타 운송장비 제조업,기타 운송장비 제조업,3190,기타 운송장비 제조업,basic,exact,1.0,,False,,
기타 유사 여가관련 서비스업,기타 유사 여가관련 서비스업,9029,기타 유사 여가관련 서비스업,hwp_5digit,hwp_exact,1.0,90290,False,,
기타 육상 운송지원 서비스업,기타 육상 운송지원 서비스업,5211,육상 운송지원 서비스업,basic,fuzzy,0.8889,,False,,
기타 음ㆍ식료품 위주 종합 소매업,기타 음식료품 위주 종합 소매업,4712,기타 음ㆍ식료품 위주 종합 소매업,hwp_5digit,hwp_exact,1.0,47129,False,,
기타 음향기기 제조업,기타 음향기기 제조업,2699,기타 정밀기기 제조업,basic,fuzzy,0.8182,23993101,True,,
기타 의료용 기기 제조업,기타 의료용 기기 제조업,2681,의료용 기기 제조업,basic,fuzzy,0.8696,,False,,
기타 의복 소매업,기타 의복 소매업,4741,기타 의복 소매업,hwp_5digit,hwp_exact,1.0,47419,False,,
기타 이차전지 제조업,기타 이차전지 제조업,2820,기타 이차전지 제조업,linkage_11th,link11_exact,1.0,28209,False,28209,세분
기타 인문 및 사회과학 연구개발업,기타 인문 및 사회과학 연구개발업,7020,기타 인문 및 사회과학 연구개발업,hwp_5digit,hwp_exact,1.0,70209,False,,
기타 인쇄관련 산업,기타 인쇄관련 산업,1812,기타 인쇄관련 산업,hwp_5digit,hwp_exact,1.0,18129,False,,
기타 인쇄물 출판업,기타 인쇄물 출판업,5819,기타 인쇄물 출판업,hwp_5digit,hwp_exact,1.0,58190,False,,
기타 인쇄업,기타 인쇄업,1811,기타 인쇄업,hwp_5digit,hwp_exact,1.0,18119,False,,
기타 일반 기계 및 장비 수리업,기타 일반 기계 및 장비 수리업,3401,기타 일반 기계 및 장비 수리업,hwp_5digit,hwp_exact,1.0,34019,False,,
기타 일반 도자기 제조업,기타 일반 도자기 제조업,2321,기타 일반 도자기 제조업,hwp_5digit,hwp_exact,1.0,23219,False,,
기타 일반 목적용 기계 제조업,기타 일반 목적용 기계 제조업,2859,기타 일반 목적용 기계 제조업,basic,exact,1.0,,False,,
기타 일반 및 생활 숙박시설 운영업,기타 일반 및 생활 숙박시설 운영업,5510,기타 일반 및 생활 숙박시설 운영업,hwp_5digit,hwp_exact,1.0,55109,False,,
기타 자동차 신품 부품 및 내장품 판매업,기타 자동차 신품 부품 및 내장품 판매업,4521,기타 자동차 신품 부품 및 내장품 판매업,hwp_5digit,hwp_exact,1.0,45219,False,,
기타 자연과학 연구개발업,기타 자연과학 연구개발업,7011,기타 자연과학 연구개발업,hwp_5digit,hwp_exact,1.0,70119,False,,
기타 작물 재배업,기타 작물 재배업,011,작물 재배업,sub,fuzzy,0.8,,False,,
기타 전기 변환장치 제조업,기타 전기 변환장치 제조업,2721,전기 변환장치 제조업,basic,fuzzy,0.88,24121101,True,,
기타 전기 통신업,기타 전기 통신업,6190,기타 통신업,basic,fuzzy,0.8,,False,,
기타 전기장비 제조업,기타 전기장비 제조업,2799,기타 전기장비 제조업,basic,exact,1.0,24119100,True,,
기타 전문 도매업,기타 전문 도매업,4679,그 외 기타 상품 전문 도매업,hwp_5digit,hwp_fuzzy_agg,0.8571,46799,False,,
기타 전문 서비스업,기타 전문 서비스업,S,기타 서비스업,large,fuzzy,0.8235,,False,,
"기타 전문, 과학 및 기술 서비스업",기타 전문 과학 및 기술 서비스업,7200,"기타 전문, 과학 및 기술 서비스업",basic,exact,1.0,,False,,
기타 전자부품 제조업,기타 전자부품 제조업,2640,기타 전자부품 제조업,basic,exact,1.0,,False,,
기타 절연선 및 케이블 제조업,기타 절연선 및 케이블 제조업,2740,절연선 및 케이블 제조업,basic,fuzzy,0.8966,,False,,
기타 정보 서비스업,기타 정보 서비스업,S,기타 서비스업,large,fuzzy,0.8235,,False,,
기타 정보기술 및 컴퓨터운영 관련 서비스업,기타 정보기술 및 컴퓨터운영 관련 서비스업,6209,기타 정보기술 및 컴퓨터운영 관련 서비스업,hwp_5digit,hwp_exact,1.0,62090,False,,
기타 제철 및 제강업,기타 제철 및 제강업,2411,제철 및 제강업,basic,fuzzy,0.8421,,False,,
기타 제품 제조업,기타 제품 제조업,1629,기타 목제품 제조업,basic,fuzzy,0.9474,,False,,
기타 조명장치 제조업,기타 조명장치 제조업,2842,기타 조명장치 제조업,hwp_5digit,hwp_exact,1.0,28429,False,,
기타 종교 단체,기타 종교 단체,9491,기타 종교 단체,hwp_5digit,hwp_exact,1.0,94919,False,,
기타 종이 및 판지 제조업,기타 종이 및 판지 제조업,1719,기타 종이 및 판지 제조업,basic,exact,1.0,20112101,True,,
기타 종이 및 판지 제품 제조업,기타 종이 및 판지 제품 제조업,1719,기타 종이 및 판지 제조업,basic,fuzzy,0.9032,20112101,True,,
기타 종이 상자 및 용기 제조업,기타 종이 상자 및 용기 제조업,1722,기타 종이 상자 및 용기 제조업,hwp_5digit,hwp_exact,1.0,17229,False,,
기타 주변기기 제조업,기타 주변기기 제조업,2659,기타 컴퓨터 주변기기 제조업,basic,fuzzy,0.8462,,False,,
기타 주점업,기타 주점업,0919,기타 주류,io_name,io_fuzzy,0.8,11111101,True,,
기타 증류주 및 합성주 제조업,기타 증류주 및 합성주 제조업,1111,증류주 및 합성주 제조업,basic,fuzzy,0.8966,13101100,True,,
기타 직물제품 제조업,기타 직물제품 제조업,1629,기타 목제품 제조업,basic,fuzzy,0.8571,,False,,
기타 창작 및 예술관련 서비스업,기타 창작 및 예술관련 서비스업,9019,그 외 기타 창작 및 예술관련 서비스업,hwp_5digit,hwp_fuzzy,0.8947,90199,False,,
"기타 측정, 시험, 항해, 제어 및 정밀기기 제조업",기타 측정 시험 항해 제어 및 정밀기기 제조업,2682,"측정, 시험, 항해, 제어기기 제조업",basic,fuzzy,0.8095,,False,,
기타 토목시설물 건설업,기타 토목시설물 건설업,4122,기타 토목시설물 건설업,hwp_5digit,hwp_exact,1.0,41229,False,,
기타 통신 판매업,기타 통신 판매업,6190,기타 통신업,basic,fuzzy,0.8,,False,,
기타 특수 목적용 기계 제조업,기타 특수 목적용 기계 제조업,2899,기타 특수목적용 기계 제조업,basic,fuzzy,0.9677,,False,,
기타 판유리 가공품 제조업,기타 판유리 가공품 제조업,2319,기타 유리제품 제조업,basic,fuzzy,0.8,,False,,
기타 편조의복 액세서리 제조업,기타 편조의복 액세서리 제조업,1441,기타 편조의복 액세서리 제조업,hwp_5digit,hwp_exact,1.0,14419,False,,
기타 표시장치 제조업,기타 표시장치 제조업,2629,기타 전자표시장치 제조업,basic,fuzzy,0.9167,,False,,
기타 플라스틱 발포 성형제품 제조업,기타 플라스틱 발포 성형제품 제조업,2225,기타 플라스틱 발포 성형제품 제조업,hwp_5digit,hwp_exact,1.0,22259,False,,
기타 플라스틱제품 제조업,기타 플라스틱제품 제조업,2269,기타 프라스틱제품 제조업,basic,fuzzy,0.9231,,False,,
기타 항공 운송지원 서비스업,기타 항공 운송지원 서비스업,5213,항공 운송지원 서비스업,basic,fuzzy,0.8889,,False,,
기타 해상 운송업,기타 해상 운송업,5013,기타 해상 운송업,hwp_5digit,hwp_exact,1.0,50130,False,,
기타 협회 및 단체,기타 협회 및 단체,9309,기타 협회 및 사회 단체,basic,fuzzy,0.8696,,False,,
기타 화학물질 및 화학제품 도매업,기타 화학물질 및 화학제품 도매업,4673,기타 화학물질 및 화학제품 도매업,hwp_5digit,hwp_exact,1.0,46739,False,,
기타 화학제품 제조업,기타 화학제품 제조업,2099,기타 화학제품 제조업,basic,exact,1.0,,False,,
기타 환경 정화 및 복원업,기타 환경 정화 및 복원업,3900,환경 정화 및 복원업,basic,fuzzy,0.88,,False,,
기타 회계 관련 서비스업,기타 회계 관련 서비스업,5290,기타 운송 관련 서비스업,basic,fuzzy,0.8462,,False,,
김밥 및 기타 간이 음식점업,김밥 및 기타 간이 음식점업,5619,김밥 및 기타 간이 음식점업,hwp_5digit,hwp_exact,1.0,56194,False,,
김치류 제조업,김치류 제조업,1030,김치류 제조업,hwp_5digit,hwp_exact,1.0,10301,False,,
끈 및 로프 제조업,끈 및 로프 제조업,1392,끈 및 로프 제조업,hwp_5digit,hwp_exact,1.0,13921,False,,
나무제품 제조업,나무제품 제조업,2392,석제품 제조업,basic,fuzzy,0.8,22231100,True,,
낙농품 및 동ㆍ식물성 유지 도매업,낙농품 및 동식물성 유지 도매업,4632,낙농품 및 동ㆍ식물성 유지 도매업,linkage_11th,link11_exact,1.0,46324,False,46324,
낚시 및 수렵용구 제조업,낚시 및 수렵용구 제조업,3330,낚시 및 수렵용구 제조업,hwp_5digit,hwp_exact,1.0,33303,False,,
날붙이 제조업,날붙이 제조업,2593,날붙이 제조업,hwp_5digit,hwp_exact,1.0,25931,False,,
"날붙이, 수공구 및 일반철물 제조업",날붙이 수공구 및 일반철물 제조업,2591,"날붙이, 수공구 및 일반철물 제조업",basic,exact,1.0,,False,,
날염 가공업,날염 가공업,1340,날염 가공업,hwp_5digit,hwp_exact,1.0,13403,False,,
남녀용 겉옷 및 셔츠 도매업,남녀용 겉옷 및 셔츠 도매업,4641,남녀용 겉옷 및 셔츠 도매업,hwp_5digit,hwp_exact,1.0,46413,False,,
남자용 겉옷 소매업,남자용 겉옷 소매업,4741,남자용 겉옷 소매업,hwp_5digit,hwp_exact,1.0,47411,False,,
남자용 겉옷 제조업,남자용 겉옷 제조업,1411,남자용 겉옷 제조업,hwp_5digit,hwp_exact,1.0,14111,False,,
내륙 수상 및 항만 내 운송업,내륙 수상 및 항만 내 운송업,50,수상 운송업,mid,split_first,0.8,,False,,
내부 전기배선 공사업,내부 전기배선 공사업,4231,내부 전기배선 공사업,hwp_5digit,hwp_exact,1.0,42312,False,,
내부 통신배선 공사업,내부 통신배선 공사업,4232,내부 통신배선 공사업,hwp_5digit,hwp_exact,1.0,42322,False,,
내수면 양식 어업,내수면 양식 어업,0321,내수면 양식 어업,hwp_5digit,hwp_exact,1.0,03212,False,,
내수면 어업,내수면 어업,0312,내수면 어업,hwp_5digit,hwp_exact,1.0,03120,False,,
내연기관 및 터빈 제조업; 항공기용 및 차량용 제외,내연기관 및 터빈 제조업,2810,내연기관 및 터빈 제조업,basic,exact,1.0,,False,,
내연기관 승용차 및 기타 여객용 자동차 제조업,내연기관 승용차 및 기타 여객용 자동차 제조업,2911,승용차 및 기타 여객용 자동차 제조업,basic,fuzzy,0.8889,,False,,
내연기관 제조업,내연기관 제조업,2911,내연기관 제조업,hwp_5digit,hwp_exact,1.0,29111,False,,
내연기관 화물자동차 및 특수목적용 자동차 제조업,내연기관 화물자동차 및 특수목적용 자동차 제조업,2912,화물자동차 및 특수 목적용 자동차 제조업,basic,fuzzy,0.875,,False,,
내항 여객 운송업,내항 여객 운송업,5012,내항 여객 운송업,hwp_5digit,hwp_exact,1.0,50121,False,,
내항 운송업,내항 운송업,5100,항공 운송업,basic,fuzzy,0.8333,,False,,
내항 화물 운송업,내항 화물 운송업,5012,내항 화물 운송업,hwp_5digit,hwp_exact,1.0,50122,False,,
내화 요업제품 제조업,내화 요업제품 제조업,2320,"내화, 비내화 요업제품 제조업",basic,fuzzy,0.8462,,False,,
"냉ㆍ난방장치 및 철물, 수공구 도매업",냉난방장치 및 철물 수공구 도매업,4662,배관 및 냉ㆍ난방장치 도매업,hwp_5digit,split_first,0.7826,46621,False,,
"냉각, 공기조화, 여과, 증류 및 가스발생기 제조업",냉각 공기조화 여과 증류 및 가스발생기 제조업,284,"냉각, 공기조화, 여과, 증류 및 가스발생기 제조업",sub,exact,1.0,,False,,
냉간 압연 및 압출 제품 제조업,냉간 압연 및 압출 제품 제조업,2422,냉간 압연 및 압출제품 제조업,basic,fuzzy,0.9697,,False,,
냉장 및 냉동 창고업,냉장 및 냉동 창고업,5210,냉장 및 냉동 창고업,hwp_5digit,hwp_exact,1.0,52102,False,,
노동조합,노동조합,9420,노동조합,hwp_5digit,hwp_exact,1.0,94200,False,,
노래연습장 운영업,노래연습장 운영업,9122,노래연습장 운영업,hwp_5digit,hwp_exact,1.0,91223,False,,
노인 거주 복지시설 운영업,노인 거주 복지시설 운영업,8711,노인 요양 복지시설 운영업,hwp_5digit,hwp_fuzzy,0.8571,87111,False,,
노인 양로 복지시설 운영업,노인 양로 복지시설 운영업,8711,노인 양로 복지시설 운영업,hwp_5digit,hwp_exact,1.0,87112,False,,
노인 요양 복지시설 운영업,노인 요양 복지시설 운영업,8711,노인 요양 복지시설 운영업,hwp_5digit,hwp_exact,1.0,87111,False,,
노점 및 유사이동 소매업,노점 및 유사이동 소매업,4792,노점 및 유사이동 소매업,hwp_5digit,hwp_exact,1.0,47920,False,,
녹음시설 운영업,녹음시설 운영업,5920,녹음시설 운영업,hwp_5digit,hwp_exact,1.0,59202,False,,
놀이터용 장비 제조업,놀이터용 장비 제조업,3330,놀이터용 장비 제조업,hwp_5digit,hwp_exact,1.0,33302,False,,
농림수산학 및 수의학 연구개발업,농림수산학 및 수의학 연구개발업,7011,농림수산학 및 수의학 연구개발업,hwp_5digit,hwp_exact,1.0,70112,False,,
농림업용 기계 및 장비 도매업,농림업용 기계 및 장비 도매업,4653,농림업용 기계 및 장비 도매업,hwp_5digit,hwp_exact,1.0,46531,False,,
"농산물 건조, 선별 및 기타 수확 후 서비스업",농산물 건조 선별 및 기타 수확 후 서비스업,0141,"농산물 건조, 선별 및 기타 수확 후 서비스업",hwp_5digit,hwp_exact,1.0,01412,False,,
농산물 창고업,농산물 창고업,5210,농산물 창고업,hwp_5digit,hwp_exact,1.0,52103,False,,
농업,농업,0111,곡물 재배업,manual,manual_override,1.0,01110,False,,
농업 및 임업용 기계 제조업,농업 및 임업용 기계 제조업,2861,농업 및 임업용 기계 제조업,basic,exact,1.0,,False,,
뉴스 제공업,뉴스 제공업,6391,뉴스 제공업,hwp_5digit,hwp_exact,1.0,63910,False,,
늘찬 배달업,늘찬 배달업,4940,늘찬 배달업,hwp_5digit,hwp_exact,1.0,49402,False,,
"다이오드, 트랜지스터 및 유사 반도체소자 제조업",다이오드 트랜지스터 및 유사 반도체소자 제조업,2612,"다이오드, 트랜지스터 및 유사반도체소자 제조업",basic,fuzzy,0.9796,23222201,True,,
단독 주택 건설업,단독 주택 건설업,4111,단독 주택 건설업,hwp_5digit,hwp_exact,1.0,41111,False,,
단미 사료 및 기타 사료 제조업,단미 사료 및 기타 사료 제조업,1080,단미 사료 및 기타 사료 제조업,hwp_5digit,hwp_exact,1.0,10802,False,,
단추 및 유사 파스너 제조업,단추 및 유사 파스너 제조업,3399,단추 및 유사 파스너 제조업,hwp_5digit,hwp_exact,1.0,33991,False,,
담배 도매업,담배 도매업,1000,담배,io_name,io_exact,1.0,12000100,True,,
담배 제조업,담배 제조업,1200,담배 제조업,basic,exact,1.0,,False,,
담배제품 제조업,담배제품 제조업,1200,담배 제조업,basic,fuzzy,0.8571,,False,,
대학교,대학교,8530,대학교,hwp_5digit,hwp_exact,1.0,85302,False,,
대형 마트,대형 마트,4711,대형 마트,hwp_5digit,hwp_exact,1.0,47112,False,,
대형 종합 소매업,대형 종합 소매업,4711,기타 대형 종합 소매업,hwp_5digit,hwp_fuzzy,0.8571,47119,False,,
데이터베이스 및 온라인정보 제공업,데이터베이스 및 온라인정보 제공업,6399,데이터베이스 및 온라인정보 제공업,hwp_5digit,hwp_exact,1.0,63991,False,,
"도금, 착색 및 기타 표면처리강재 제조업",도금 착색 및 기타 표면처리강재 제조업,2419,"도금, 착색 및 기타 표면처리강재 제조업",hwp_5digit,hwp_exact,1.0,24191,False,,
도금업,도금업,2592,도금업,hwp_5digit,hwp_exact,1.0,25922,False,,
도로 건설업,도로 건설업,4211,도로시설 건설업,basic,fuzzy,0.8571,,False,,
도로 및 관련시설 운영업,도로 및 관련시설 운영업,5291,도로 및 관련시설 운영업,hwp_5digit,hwp_exact,1.0,52914,False,,
도로 화물 운송업,도로 화물 운송업,4922,도로 화물 운송업,basic,exact,1.0,,False,,
도료 도매업,도료 도매업,2211,도료,io_name,io_exact,1.0,20411101,True,,
도매 및 상품 중개업,도매 및 상품 중개업,4610,농산물 중개업,manual,manual_override,1.0,46101,False,,
"도배, 실내장식 및 내장 목공사업",도배 실내장식 및 내장 목공사업,4241,"도배, 실내장식 및 내장 목공사업",hwp_5digit,hwp_exact,1.0,42412,False,,
도서관 및 기록보존소 운영업,도서관 및 기록보존소 운영업,9021,도서관 및 기록보존소 운영업,hwp_5digit,hwp_exact,1.0,90211,False,,
"도서관, 사적지 및 유사 여가관련 서비스업",도서관 사적지 및 유사 여가관련 서비스업,8900,"도서관, 사적지 및 기타 문화관련 서비스업",basic,fuzzy,0.8182,,False,,
도시 정기 육상 여객 운송업,도시 정기 육상 여객 운송업,4921,기타 도시 정기 육상 여객 운송업,hwp_5digit,hwp_fuzzy,0.9091,49219,False,,
도시계획 및 조경설계 서비스업,도시계획 및 조경설계 서비스업,7211,도시계획 및 조경설계 서비스업,hwp_5digit,hwp_exact,1.0,72112,False,,
도시락 및 식사용 조리식품 제조업,도시락 및 식사용 조리식품 제조업,1081,도시락 및 식사용 조리식품 제조업,basic,exact,1.0,,False,,
도시락류 제조업,도시락류 제조업,1075,도시락류 제조업,hwp_5digit,hwp_exact,1.0,10751,False,,
도시철도 운송업,도시철도 운송업,4910,철도 운송업,basic,fuzzy,0.8571,,False,,
도장 공사업,도장 공사업,4241,도장 공사업,hwp_5digit,hwp_exact,1.0,42411,False,,
도장 및 기타 피막처리업,도장 및 기타 피막처리업,2592,도장 및 기타 피막처리업,hwp_5digit,hwp_exact,1.0,25923,False,,
"도장, 도배 및 내장 공사업",도장 도배 및 내장 공사업,4241,도장 공사업,hwp_5digit,split_first,0.9091,42411,False,,
"도축, 육류 가공 및 저장 처리업",도축 육류 가공 및 저장 처리업,101,"도축, 육류 가공 및 저장 처리업",sub,exact,1.0,,False,,
도축업,도축업,1011,도축업,basic,exact,1.0,,False,,
독서실 운영업,독서실 운영업,9021,독서실 운영업,hwp_5digit,hwp_exact,1.0,90212,False,,
"동 압연, 압출 및 연신제품 제조업",동 압연 압출 및 연신제품 제조업,2461,"동 압연, 압출 및 연신제품 제조업",basic,exact,1.0,,False,,
"동 제련, 정련 및 합금 제조업",동 제련 정련 및 합금 제조업,2451,"동 제련, 정련 및 합금 제조업",basic,exact,1.0,,False,,
동·식물성 유지 및 낙농제품 제조업,동식물성 유지 및 낙농제품 제조업,1041,동물성 및 식물성 유지 제조업,basic,split_first,0.8148,,False,,
동력식 수지공구 제조업,동력식 수지공구 제조업,2919,동력식 수지공구 제조업,hwp_5digit,hwp_exact,1.0,29194,False,,
동물성 및 식물성 유지 제조업,동물성 및 식물성 유지 제조업,1041,동물성 및 식물성 유지 제조업,basic,exact,1.0,,False,,
동물성 유지 제조업,동물성 유지 제조업,1040,동물성 유지 제조업,hwp_5digit,hwp_exact,1.0,10401,False,,
동물용 사료 및 조제식품 제조업,동물용 사료 및 조제식품 제조업,1090,동물용 사료 및 조제식품 제조업,basic,exact,1.0,,False,,
동물용 의약품 제조업,동물용 의약품 제조업,2123,동물용 의약품 제조업,hwp_5digit,hwp_exact,1.0,21230,False,,
두발 미용업,두발 미용업,9611,두발 미용업,hwp_5digit,hwp_exact,1.0,96112,False,,
두부 및 유사식품 제조업,두부 및 유사식품 제조업,1072,면류 및 유사 식품 제조업,basic,fuzzy,0.8148,,False,,
디스플레이 장치용 유리 제조업,디스플레이 장치용 유리 제조업,2312,디스플레이 장치용 유리 제조업,hwp_5digit,hwp_exact,1.0,23122,False,,
디스플레이 제조용 기계 제조업,디스플레이 제조용 기계 제조업,2882,평판디스플레이 제조용 기계 제조업,basic,fuzzy,0.9412,,False,,
디지털 적층 성형기계 제조업,디지털 적층 성형기계 제조업,2922,디지털 적층 성형기계 제조업,hwp_5digit,hwp_exact,1.0,29222,False,,
"떡, 빵 및 과자류 제조업",떡 빵 및 과자류 제조업,1071,"떡, 빵 및 과자류 제조업",basic,exact,1.0,,False,,
떡류 제조업,떡류 제조업,111,주류 제조업,sub,fuzzy,0.8333,,False,,
라디오 방송업,라디오 방송업,6010,라디오 방송업,hwp_5digit,hwp_exact,1.0,60100,False,,
"라디오, 녹음 및 재생 기기 제조업",라디오 녹음 및 재생 기기 제조업,2652,"라디오, 녹음 및 재생 기기 제조업",hwp_5digit,hwp_exact,1.0,26521,False,,
"라이터, 연소물 및 흡연용품 제조업",라이터 연소물 및 흡연용품 제조업,3399,"라이터, 연소물 및 흡연용품 제조업",hwp_5digit,hwp_exact,1.0,33992,False,,
레미콘 제조업,레미콘 제조업,2631,레미콘,io_name,io_exact,1.0,23321100,True,,
"레이더, 항행용 무선기기 및 측량기구 제조업",레이더 항행용 무선기기 및 측량기구 제조업,2721,"레이더, 항행용 무선기기 및 측량기구 제조업",hwp_5digit,hwp_exact,1.0,27211,False,,
마그네틱 및 광학 매체 제조업,마그네틱 및 광학 매체 제조업,2660,마그네틱 및 광학 매체 제조업,hwp_5digit,hwp_exact,1.0,26600,False,,
마사지업,마사지업,9612,마사지업,hwp_5digit,hwp_exact,1.0,96122,False,,
만화 출판업,만화 출판업,5811,만화 출판업,hwp_5digit,hwp_exact,1.0,58112,False,,
말 및 양 사육업,말 및 양 사육업,0129,말 및 양 사육업,hwp_5digit,hwp_exact,1.0,01291,False,,
매니저업,매니저업,7390,매니저업,hwp_5digit,hwp_exact,1.0,73901,False,,
매트리스 및 침대 제조업,매트리스 및 침대 제조업,3201,매트리스 및 침대 제조업,hwp_5digit,hwp_exact,1.0,32011,False,,
맥아 및 맥주 제조업,맥아 및 맥주 제조업,1112,맥아 및 맥주 제조업,basic,exact,1.0,,False,,
메모리용 전자집적회로 제조업,메모리용 전자집적회로 제조업,2611,전자집적회로 제조업,basic,fuzzy,0.8,23221101,True,,
면 방적업,면 방적업,1310,면 방적업,hwp_5digit,hwp_exact,1.0,13101,False,,
"면류, 마카로니 및 유사식품 제조업",면류 마카로니 및 유사식품 제조업,1072,면류 및 유사 식품 제조업,basic,fuzzy,0.8125,,False,,
면세점,면세점,4713,면세점,hwp_5digit,hwp_exact,1.0,47130,False,,
면직물 직조업,면직물 직조업,1321,면직물 직조업,hwp_5digit,hwp_exact,1.0,13211,False,,
모 방적업,모 방적업,1310,모 방적업,hwp_5digit,hwp_exact,1.0,13102,False,,
모래 및 자갈 채취업,모래 및 자갈 채취업,0712,모래 및 자갈 채취업,hwp_5digit,hwp_exact,1.0,07122,False,,
모바일 게임 소프트웨어 개발 및 공급업,모바일 게임 소프트웨어 개발 및 공급업,5820,소프트웨어 개발 및 공급업,basic,fuzzy,0.8,55101,True,,
모자 제조업,모자 제조업,1449,모자 제조업,hwp_5digit,hwp_exact,1.0,14491,False,,
모조 귀금속 및 모조 장신용품 제조업,모조 귀금속 및 모조 장신용품 제조업,3304,귀금속 및 장신용품 제조업,basic,fuzzy,0.8235,,False,,
모직물 직조업,모직물 직조업,1321,모직물 직조업,hwp_5digit,hwp_exact,1.0,13212,False,,
모터사이클 및 부품 도매업,모터사이클 및 부품 도매업,4530,모터사이클 및 부품 도매업,hwp_5digit,hwp_exact,1.0,45301,False,,
모터사이클 및 부품 소매업,모터사이클 및 부품 소매업,4530,모터사이클 및 부품 소매업,hwp_5digit,hwp_exact,1.0,45302,False,,
모터사이클 및 부품 판매업,모터사이클 및 부품 판매업,4530,모터사이클 및 부품 소매업,hwp_5digit,hwp_fuzzy,0.9286,45302,False,,
모터사이클 제조업,모터사이클 제조업,4291,모터사이클,io_name,io_exact,1.0,31920100,True,,
모피 및 가죽 제조업,모피 및 가죽 제조업,1511,모피 및 가죽 제조업,hwp_5digit,hwp_exact,1.0,15110,False,,
모피제품 제조업,모피제품 제조업,2392,석제품 제조업,basic,fuzzy,0.8,22231100,True,,
목재 깔판류 및 기타 적재판 제조업,목재 깔판류 및 기타 적재판 제조업,1623,목재 깔판류 및 기타 적재판 제조업,hwp_5digit,hwp_exact,1.0,16231,False,,
목재 도구 및 주방용 나무제품 제조업,목재 도구 및 주방용 나무제품 제조업,1629,목재 도구 및 주방용 나무제품 제조업,hwp_5digit,hwp_exact,1.0,16291,False,,
목재 및 건축자재 중개업,목재 및 건축자재 중개업,4610,목재 및 건축자재 중개업,hwp_5digit,hwp_exact,1.0,46104,False,,
목재 및 나무제품 제조업; 가구 제외,목재 및 나무제품 제조업,16,목재 및 목제품 제조업,mid,fuzzy,0.88,,False,,
"목재 보존, 방부처리, 도장 및 유사 처리업",목재 보존 방부처리 도장 및 유사 처리업,1610,"목재 보존, 방부처리, 도장 및 유사 처리업",hwp_5digit,hwp_exact,1.0,16103,False,,
"목재 상자, 드럼 및 적재판 제조업",목재 상자 드럼 및 적재판 제조업,1622,"목재 상자, 드럼 및 적재판 제조업",basic,exact,1.0,19210101,False,,
"목재 포장용 상자, 드럼 및 유사용기 제조업",목재 포장용 상자 드럼 및 유사용기 제조업,1623,"목재 포장용 상자, 드럼 및 유사용기 제조업",hwp_5digit,hwp_exact,1.0,16232,False,,
목재가구 제조업,목재가구 제조업,3201,목재 가구 제조업,basic,fuzzy,0.9412,26211101,True,,
목재문 및 관련제품 제조업,목재문 및 관련제품 제조업,16,목재 및 목제품 제조업,mid,fuzzy,0.8462,,False,,
무기 및 총포탄 제조업,무기 및 총포탄 제조업,2520,무기 및 총포탄 제조업,hwp_5digit,hwp_exact,1.0,25200,False,,
"무기안료, 염료, 유연제 및 기타 착색제 제조업",무기안료 염료 유연제 및 기타 착색제 제조업,2022,"무기안료, 염료, 유연제 및 기타 착색제 제조업",basic,exact,1.0,,False,,
무기안료용 금속 산화물 및 관련 제품 제조업,무기안료용 금속 산화물 및 관련 제품 제조업,2013,무기안료용 금속 산화물 및 관련 제품 제조업,hwp_5digit,hwp_exact,1.0,20131,False,,
무도 유흥주점업,무도 유흥주점업,5621,무도 유흥주점업,hwp_5digit,hwp_exact,1.0,56212,False,,
무선 및 위성 통신업,무선 및 위성 통신업,6112,무선 및 위성 통신업,basic,exact,1.0,,False,,
무용 및 음악단체,무용 및 음악단체,9012,무용 및 음악단체,hwp_5digit,hwp_exact,1.0,90122,False,,
무인 항공기 및 무인 비행장치 제조업,무인 항공기 및 무인 비행장치 제조업,3131,무인 항공기 및 무인 비행장치 제조업,hwp_5digit,hwp_exact,1.0,31312,False,,
무점포 소매업,무점포 소매업,4799,그 외 기타 무점포 소매업,hwp_5digit,hwp_fuzzy_agg,0.8235,47999,False,,
무형재산권 임대업,무형재산권 임대업,6940,무형재산권 임대업,hwp_5digit,hwp_exact,1.0,69400,False,,
문구용 종이제품 제조업,문구용 종이제품 제조업,1722,위생용 종이제품 제조업,basic,fuzzy,0.8333,20129101,True,,
문구용품 및 회화용품 소매업,문구용품 및 회화용품 소매업,4761,문구용품 및 회화용품 소매업,hwp_5digit,hwp_exact,1.0,47612,False,,
"문구용품, 회화용품, 사무용품 도매업",문구용품 회화용품 사무용품 도매업,4645,"문구용품, 회화용품, 사무용품 도매업",hwp_5digit,hwp_exact,1.0,46452,False,,
문서 작성 및 복사업,문서 작성 및 복사업,7591,문서 작성 및 복사업,linkage_11th,link11_exact,1.0,75911,False,75911,통합
문화 및 관광 행정,문화 및 관광 행정,8421,문화 및 관광 행정,hwp_5digit,hwp_exact,1.0,84212,False,,
물류 터미널 운영업,물류 터미널 운영업,5291,물류 터미널 운영업,hwp_5digit,hwp_exact,1.0,52913,False,,
"물리, 화학 및 생물학 연구개발업",물리 화학 및 생물학 연구개발업,7011,"물리, 화학 및 생물학 연구개발업",hwp_5digit,hwp_exact,1.0,70111,False,,
"물질 검사, 측정 및 분석기구 제조업",물질 검사 측정 및 분석기구 제조업,2721,"물질 검사, 측정 및 분석기구 제조업",hwp_5digit,hwp_exact,1.0,27213,False,,
물질성분 검사 및 분석업,물질성분 검사 및 분석업,7291,물질성분 검사 및 분석업,hwp_5digit,hwp_exact,1.0,72911,False,,
"물품 감정, 계량 및 견본 추출업",물품 감정 계량 및 견본 추출업,7390,"물품 감정, 계량 및 견본 추출업",hwp_5digit,hwp_exact,1.0,73904,False,,
"미용, 욕탕 및 유사 서비스업",미용 욕탕 및 유사 서비스업,9611,미용업,manual,manual_override,1.0,96111,False,,
"미장, 타일 및 방수 공사업",미장 타일 및 방수 공사업,4249,"미장, 타일 및 방수 공사업",hwp_5digit,hwp_exact,1.0,42491,False,,
바이오 연료 및 혼합물 제조업,바이오 연료 및 혼합물 제조업,2049,바이오 연료 및 혼합물 제조업,hwp_5digit,hwp_exact,1.0,20495,False,,
바이오매스계 기초 화학물질 제조업,바이오매스계 기초 화학물질 제조업,2011,바이오매스계 기초 화학물질 제조업,linkage_11th,link11_exact,1.0,20112,False,20112,명칭변경
박물관 운영업,박물관 운영업,9022,박물관 운영업,hwp_5digit,hwp_exact,1.0,90221,False,,
"박판, 합판 및 유사 적층판 제조업",박판 합판 및 유사 적층판 제조업,1621,"박판, 합판 및 유사 적층판 제조업",hwp_5digit,hwp_exact,1.0,16211,False,,
반도체 및 디스플레이 제조용 기계 제조업,반도체 및 디스플레이 제조용 기계 제조업,288,반도체 및 디스플레이 제조용 기계 제조업,sub,exact,1.0,,False,,
반도체 제조업,반도체 제조업,261,반도체 제조업,sub,exact,1.0,,False,,
반도체 제조용 기계 제조업,반도체 제조용 기계 제조업,2881,반도체 제조용 기계 제조업,basic,exact,1.0,,False,,
반려동물 장묘 및 보호 서비스업,반려동물 장묘 및 보호 서비스업,9699,애완동물 장묘 및 보호 서비스업,hwp_5digit,hwp_fuzzy,0.8824,96995,False,,
반려동물용 사료 제조업,반려동물용 사료 제조업,1090,반려동물용 사료 제조업,linkage_11th,link11_exact,1.0,10901,False,10901,세분
반려용 동물 및 관련용품 소매업,반려용 동물 및 관련용품 소매업,4785,애완용 동물 및 관련용품 소매업,hwp_5digit,hwp_fuzzy,0.8824,47852,False,,
발광 다이오드 제조업,발광 다이오드 제조업,2612,발광 다이오드 제조업,hwp_5digit,hwp_exact,1.0,26121,False,,
발전업,발전업,3511,화력 발전업,manual,manual_override,1.0,35113,False,,
발효주 제조업,발효주 제조업,1119,기타 발효주 제조업,basic,fuzzy,0.8235,13104101,True,,
방문 교육 학원,방문 교육 학원,8550,방문 교육 학원,hwp_5digit,hwp_exact,1.0,85502,False,,
방문 복지서비스 제공업,방문 복지서비스 제공업,8729,방문 복지서비스 제공업,hwp_5digit,hwp_exact,1.0,87293,False,,
방문 판매업,방문 판매업,4799,방문 판매업,hwp_5digit,hwp_exact,1.0,47993,False,,
방사선 장치 및 전기식 진단 기기 제조업,방사선 장치 및 전기식 진단 기기 제조업,2711,방사선 장치 제조업,hwp_5digit,split_first,1.0,27111,False,,
방사선 장치 제조업,방사선 장치 제조업,2711,방사선 장치 제조업,hwp_5digit,hwp_exact,1.0,27111,False,,
방사선 진단 및 병리 검사 의원,방사선 진단 및 병리 검사 의원,8620,방사선 진단 및 병리 검사 의원,hwp_5digit,hwp_exact,1.0,86204,False,,
"방사성 폐기물 수집, 운반 및 처리업",방사성 폐기물 수집 운반 및 처리업,4911,"폐기물 수집, 운반 및 처리(국공립)",io_name,io_fuzzy,0.875,38240,False,,
방송 및 무선 통신장비 제조업,방송 및 무선 통신장비 제조업,2669,방송장비 및 기타 무선 통신장비 제조업,basic,fuzzy,0.8649,,False,,
방송 및 영상·오디오물 제공 서비스업,방송 및 영상오디오물 제공 서비스업,6032,오디오물 제공 서비스업,linkage_11th,link11_fuzzy,0.7742,60320,False,60320,세분
방송 프로그램 제작업,방송 프로그램 제작업,5911,방송 프로그램 제작업,hwp_5digit,hwp_exact,1.0,59114,False,,
방송장비 제조업,방송장비 제조업,C12,운송장비 제조업,large,fuzzy,0.875,,False,,
"방음, 방진 및 내화 공사업",방음 방진 및 내화 공사업,4220,"방음, 방진 및 내화 공사업",hwp_5digit,hwp_exact,1.0,42203,False,,
방적 및 가공사 제조업,방적 및 가공사 제조업,1311,방적 및 가공사 제조업,basic,exact,1.0,16101101,True,,
방직용 섬유 및 실 도매업,방직용 섬유 및 실 도매업,4674,방직용 섬유 및 실 도매업,hwp_5digit,hwp_exact,1.0,46741,False,,
"방직용 섬유, 실 및 직물 도매업",방직용 섬유 실 및 직물 도매업,4674,방직용 섬유 및 실 도매업,hwp_5digit,hwp_fuzzy,0.8387,46741,False,,
배관 및 냉ㆍ난방 공사업,배관 및 냉난방 공사업,4220,배관 및 냉ㆍ난방 공사업,hwp_5digit,hwp_exact,1.0,42201,False,,
배관 및 냉ㆍ난방장치 도매업,배관 및 냉난방장치 도매업,4662,배관 및 냉ㆍ난방장치 도매업,hwp_5digit,hwp_exact,1.0,46621,False,,
배전반 및 전기 자동제어반 제조업,배전반 및 전기 자동제어반 제조업,3724,배전반 및 전기자동 제어반,io_name,io_fuzzy,0.9286,28123101,True,,
배합 사료 제조업,배합 사료 제조업,1080,배합 사료 제조업,hwp_5digit,hwp_exact,1.0,10801,False,,
백화점,백화점,4711,백화점,hwp_5digit,hwp_exact,1.0,47111,False,,
번역 및 통역 서비스업,번역 및 통역 서비스업,7390,번역 및 통역 서비스업,hwp_5digit,hwp_exact,1.0,73902,False,,
벌목업,벌목업,0202,벌목업,hwp_5digit,hwp_exact,1.0,02020,False,,
법무관련 서비스업,법무관련 서비스업,7110,기타 법무관련 서비스업,hwp_5digit,hwp_fuzzy,0.8571,71109,False,,
"베어링, 기어 및 동력전달장치 제조업",베어링 기어 및 동력전달장치 제조업,2851,"베어링, 기어 및 동력전달장치 제조업",basic,exact,1.0,,False,,
벽 및 바닥 피복용 플라스틱제품 제조업,벽 및 바닥 피복용 플라스틱제품 제조업,2222,벽 및 바닥 피복용 플라스틱제품 제조업,hwp_5digit,hwp_exact,1.0,22221,False,,
벽지 및 장판류 도매업,벽지 및 장판류 도매업,4669,벽지 및 장판류 도매업,hwp_5digit,hwp_exact,1.0,46692,False,,
벽지 및 장판지 제조업,벽지 및 장판지 제조업,1790,벽지 및 장판지 제조업,hwp_5digit,hwp_exact,1.0,17903,False,,
"벽지, 마루덮개 및 장판류 소매업",벽지 마루덮개 및 장판류 소매업,4751,"벽지, 마루덮개 및 장판류 소매업",hwp_5digit,hwp_exact,1.0,47513,False,,
변리사업,변리사업,7110,변리사업,hwp_5digit,hwp_exact,1.0,71102,False,,
변압기 제조업,변압기 제조업,3721,변압기,io_name,io_exact,1.0,28112101,True,,
변호사업,변호사업,7110,변호사업,hwp_5digit,hwp_exact,1.0,71101,False,,
병원,병원,8610,종합병원,manual,manual_override,1.0,86101,False,,
보건 및 복지 행정,보건 및 복지 행정,8421,보건 및 복지 행정,hwp_5digit,hwp_exact,1.0,84214,False,,
보건업,보건업,8690,그 외 기타 보건업,manual,manual_override,1.0,86909,False,,
보관 및 창고업,보관 및 창고업,5230,보관 및 창고업,basic,exact,1.0,,False,,
"보링, 그라우팅 및 관정 공사업",보링 그라우팅 및 관정 공사업,4212,"보링, 그라우팅 및 관정 공사업",hwp_5digit,hwp_exact,1.0,42122,False,,
보안시스템 서비스업,보안시스템 서비스업,7532,보안시스템 서비스업,hwp_5digit,hwp_exact,1.0,75320,False,,
보육시설 운영업,보육시설 운영업,8721,보육시설 운영업,hwp_5digit,hwp_exact,1.0,87210,False,,
보증 보험업,보증 보험업,6512,보증 보험업,hwp_5digit,hwp_exact,1.0,65122,False,,
보험 대리 및 중개업,보험 대리 및 중개업,6620,보험 대리 및 중개업,hwp_5digit,hwp_exact,1.0,66202,False,,
보험 및 연금관련 서비스업,보험 및 연금관련 서비스업,6620,기타 보험 및 연금관련 서비스업,hwp_5digit,hwp_fuzzy,0.9032,66209,False,,
보험업,보험업,6500,보험업,basic,exact,1.0,,False,,
복권발행 및 판매업,복권발행 및 판매업,9124,복권발행 및 판매업,hwp_5digit,hwp_exact,1.0,91241,False,,
복합비료 및 기타 화학비료 제조업,복합비료 및 기타 화학비료 제조업,2031,복합비료 및 기타 화학비료 제조업,hwp_5digit,hwp_exact,1.0,20312,False,,
볼링장 운영업,볼링장 운영업,9113,볼링장 운영업,hwp_5digit,hwp_exact,1.0,91134,False,,
볼트 및 너트류 제조업,볼트 및 너트류 제조업,2594,볼트 및 너트류 제조업,hwp_5digit,hwp_exact,1.0,25941,False,,
봉제의복 제조업,봉제의복 제조업,1401,봉제의복 제조업,basic,exact,1.0,,False,,
부동산 감정평가업,부동산 감정평가업,6822,부동산 감정평가업,hwp_5digit,hwp_exact,1.0,68223,False,,
부동산 개발 및 공급업,부동산 개발 및 공급업,6822,부동산 개발 및 공급업,basic,exact,1.0,,False,,
부동산 관련 서비스업,부동산 관련 서비스업,6830,부동산 관련 서비스업,basic,exact,1.0,,False,,
부동산 관리업,부동산 관리업,6821,주거용 부동산 관리업,hwp_5digit,hwp_fuzzy,0.7778,68211,False,,
부동산 분양 대행업,부동산 분양 대행업,6822,부동산 분양 대행업,linkage_11th,link11_exact,1.0,68224,False,68224,세분
부동산 임대 및 공급업,부동산 임대 및 공급업,6822,부동산 개발 및 공급업,basic,fuzzy,0.8333,,False,,
부동산 임대업,부동산 임대업,6821,기타 부동산 임대업,basic,fuzzy,0.8235,,False,,
부동산 중개 및 대리업,부동산 중개 및 대리업,6822,부동산 중개 및 대리업,hwp_5digit,hwp_exact,1.0,68221,False,,
"부동산 중개, 자문 및 감정평가업",부동산 중개 자문 및 감정평가업,6822,부동산 중개 및 대리업,hwp_5digit,split_first,0.8,68221,False,,
부동산 투자자문업,부동산 투자자문업,6822,부동산 투자자문업,hwp_5digit,hwp_exact,1.0,68222,False,,
부동산업,부동산업,68,부동산업,mid,exact,1.0,,False,,
부정기 육상 여객 운송업,부정기 육상 여객 운송업,4921,기타 도시 정기 육상 여객 운송업,hwp_5digit,hwp_fuzzy,0.7742,49219,False,,
부정형 내화 요업제품 제조업,부정형 내화 요업제품 제조업,2320,"내화, 비내화 요업제품 제조업",basic,fuzzy,0.8,,False,,
부직포 및 펠트 제조업,부직포 및 펠트 제조업,1142,부직포 및 펠트,io_name,io_exact,1.0,13992101,True,,
분말 야금제품 제조업,분말 야금제품 제조업,2591,분말 야금제품 제조업,hwp_5digit,hwp_exact,1.0,25911,False,,
분사기 및 소화기 제조업,분사기 및 소화기 제조업,2919,분사기 및 소화기 제조업,hwp_5digit,hwp_exact,1.0,29193,False,,
비 및 솔 제조업,비 및 솔 제조업,3399,비 및 솔 제조업,hwp_5digit,hwp_exact,1.0,33993,False,,
비거주 복지시설 운영업,비거주 복지시설 운영업,8713,그 외 기타 거주 복지시설 운영업,hwp_5digit,hwp_fuzzy_agg,0.8462,87139,False,,
비계 및 형틀 공사업,비계 및 형틀 공사업,4213,비계 및 형틀 공사업,hwp_5digit,hwp_exact,1.0,42137,False,,
비공연 예술가,비공연 예술가,9013,비공연 예술가,hwp_5digit,hwp_exact,1.0,90132,False,,
비금속 광물제품 제조업,비금속 광물제품 제조업,23,비금속광물제품 제조업,mid,fuzzy,0.9565,,False,,
비금속광물 광업; 연료용 제외,비금속광물 광업,0620,비철금속 광업,hwp_5digit,hwp_fuzzy,0.8,06200,False,,
비금속광물 분쇄물 생산업,비금속광물 분쇄물 생산업,2399,비금속광물 분쇄물 생산업,hwp_5digit,hwp_exact,1.0,23993,False,,
비금속류 원료 재생업,비금속류 원료 재생업,3832,비금속류 원료 재생업,hwp_5digit,hwp_exact,1.0,38322,False,,
비금속류 해체 및 선별업,비금속류 해체 및 선별업,3832,비금속류 해체 및 선별업,hwp_5digit,hwp_exact,1.0,38321,False,,
"비금속류 해체, 선별 및 원료 재생업",비금속류 해체 선별 및 원료 재생업,3832,비금속류 해체 및 선별업,hwp_5digit,split_first,0.8182,38321,False,,
비내화 모르타르 제조업,비내화 모르타르 제조업,2341,레미콘 및 비내화 모르타르 제조업,basic,fuzzy,0.8,,False,,
비내화 일반도자기 제조업,비내화 일반도자기 제조업,2321,기타 일반 도자기 제조업,hwp_5digit,hwp_fuzzy,0.7692,23219,False,,
비누 및 세정제 도매업,비누 및 세정제 도매업,4644,비누 및 세정제 도매업,hwp_5digit,hwp_exact,1.0,46444,False,,
비동력식 수공구 제조업,비동력식 수공구 제조업,2593,비동력식 수공구 제조업,hwp_5digit,hwp_exact,1.0,25933,False,,
비디오 및 기타 영상기기 제조업,비디오 및 기타 영상기기 제조업,2672,비디오 및 기타 영상기기 제조업,basic,exact,1.0,,False,,
비료 및 농약 도매업,비료 및 농약 도매업,4673,비료 및 농약 도매업,hwp_5digit,hwp_exact,1.0,46732,False,,
비료 및 질소화합물 제조업,비료 및 질소화합물 제조업,2030,비료 및 질소화합물 제조업,basic,exact,1.0,,False,,
"비료, 농약 및 살균, 살충제 제조업",비료 농약 및 살균 살충제 제조업,2060,농약 및 살균ㆍ살충제 제조업,basic,fuzzy,0.875,,False,,
비메모리용 및 기타 전자집적회로 제조업,비메모리용 및 기타 전자집적회로 제조업,2611,비메모리용 및 기타 전자집적회로 제조업,hwp_5digit,hwp_exact,1.0,26112,False,,
비알코올 음료 및 얼음 제조업,비알코올 음료 및 얼음 제조업,1120,비알콜음료 및 얼음 제조업,basic,fuzzy,0.8667,,False,,
비알코올 음료점업,비알코올 음료점업,5622,비알코올 음료점업,hwp_5digit,hwp_exact,1.0,56220,False,,
비알코올음료 도매업,비알코올음료 도매업,4633,비알코올음료 도매업,hwp_5digit,hwp_exact,1.0,46332,False,,
비알코올음료 및 얼음 제조업,비알코올음료 및 얼음 제조업,1120,비알콜음료 및 얼음 제조업,basic,fuzzy,0.8966,,False,,
비주거용 건물 개발 및 공급업,비주거용 건물 개발 및 공급업,6812,비주거용 건물 개발 및 공급업,hwp_5digit,hwp_exact,1.0,68122,False,,
비주거용 건물 건설업,비주거용 건물 건설업,4120,비주거용 건물 건설업,basic,exact,1.0,,False,,
비주거용 건물 임대업,비주거용 건물 임대업,6810,주거용 건물 임대업,basic,fuzzy,0.9524,,False,,
비주거용 부동산 관리업,비주거용 부동산 관리업,6821,비주거용 부동산 관리업,hwp_5digit,hwp_exact,1.0,68212,False,,
비철금속 광업,비철금속 광업,07,비금속광업,mid,fuzzy,0.8333,,False,,
"비철금속 압연, 압출 및 연신제품 제조업",비철금속 압연 압출 및 연신제품 제조업,246,"비철금속  압연, 압출 및 연신제품 제조업",sub,exact,1.0,,False,,
"비철금속 제련, 정련 및 합금 제조업",비철금속 제련 정련 및 합금 제조업,245,"비철금속 제련, 정련 및 합금 제조업",sub,exact,1.0,,False,,
비철금속 주조업,비철금속 주조업,2480,금속 주조업,basic,fuzzy,0.8571,,False,,
빵류 제조업,빵류 제조업,111,주류 제조업,sub,fuzzy,0.8333,,False,,
"빵류, 과자류 및 당류 소매업",빵류 과자류 및 당류 소매업,4721,"빵류, 과자류 및 당류 소매업",hwp_5digit,hwp_exact,1.0,47216,False,,
"빵류, 과자류, 당류, 초콜릿 도매업",빵류 과자류 당류 초콜릿 도매업,4632,"빵류, 과자류, 당류, 초콜릿 도매업",hwp_5digit,hwp_exact,1.0,46323,False,,
사람 분뇨 처리업,사람 분뇨 처리업,3702,사람 분뇨 처리업,hwp_5digit,hwp_exact,1.0,37021,False,,
사료 도매업,사료 도매업,0880,사료,io_name,io_exact,1.0,10801101,True,,
사무 및 회화용품 제조업,사무 및 회화용품 제조업,3392,사무 및 회화용품 제조업,hwp_5digit,hwp_exact,1.0,33920,False,,
사무ㆍ상업용 및 공공기관용 건물 건설업,사무상업용 및 공공기관용 건물 건설업,4112,사무ㆍ상업용 및 공공기관용 건물 건설업,linkage_11th,link11_exact,1.0,41121,False,41121,
사무용 가구 및 기기 도매업,사무용 가구 및 기기 도매업,4659,사무용 가구 및 기기 도매업,hwp_5digit,hwp_exact,1.0,46591,False,,
사무용 기계 및 장비 제조업,사무용 기계 및 장비 제조업,2852,사무용 기계 및 장비 제조업,basic,exact,1.0,,False,,
사무용 기기 소매업,사무용 기기 소매업,3891,사무용기기,io_name,io_fuzzy,0.9091,29180100,True,,
사무지원 서비스업,사무지원 서비스업,N,사업 지원 서비스업,large,fuzzy,0.8421,,False,,
사업 공제업,사업 공제업,6530,사업 공제업,hwp_5digit,hwp_exact,1.0,65302,False,,
사업 및 무형 재산권 중개업,사업 및 무형 재산권 중개업,7390,사업 및 무형 재산권 중개업,hwp_5digit,hwp_exact,1.0,73903,False,,
사업시설 관리 및 조경 서비스업,사업시설 관리 및 조경 서비스업,7900,사업시설 관리 및 조경 서비스업,basic,exact,1.0,,False,,
사업시설 유지ㆍ관리 서비스업,사업시설 유지관리 서비스업,7410,사업시설 유지ㆍ관리 서비스업,linkage_11th,link11_exact,1.0,74100,False,74100,
사업지원 서비스업,사업지원 서비스업,N,사업 지원 서비스업,large,fuzzy,0.9474,,False,,
사적지 관리 운영업,사적지 관리 운영업,9022,사적지 관리 운영업,hwp_5digit,hwp_exact,1.0,90222,False,,
사진 처리업,사진 처리업,7330,사진 처리업,hwp_5digit,hwp_exact,1.0,73303,False,,
사진 촬영 및 처리업,사진 촬영 및 처리업,7330,사진 처리업,manual,manual_override,1.0,73303,False,,
사진장비 및 광학기기 제조업,사진장비 및 광학기기 제조업,2691,사진장비 및 광학기기 제조업,basic,exact,1.0,23312101,True,,
사행시설 관리 및 운영업,사행시설 관리 및 운영업,9000,사행시설 관리 및 운영업,basic,exact,1.0,,False,,
사회교육시설,사회교육시설,8563,사회교육시설,hwp_5digit,hwp_exact,1.0,85630,False,,
사회보장 행정,사회보장 행정,8450,사회보장 행정,hwp_5digit,hwp_exact,1.0,84500,False,,
사회복지 서비스업,사회복지 서비스업,8600,사회복지서비스업,basic,fuzzy,0.9412,,False,,
"산소, 질소 및 기타 산업용 가스 제조업",산소 질소 및 기타 산업용 가스 제조업,2012,"산소, 질소 및 기타 산업용 가스 제조업",linkage_11th,link11_exact,1.0,20122,False,20122,세분
산업 단체,산업 단체,9411,산업 단체,hwp_5digit,hwp_exact,1.0,94110,False,,
산업생산시설 종합건설업,산업생산시설 종합건설업,423,산업시설 건설업,sub,fuzzy,0.8,,False,,
"산업설비, 운송장비 및 공공장소 청소업",산업설비 운송장비 및 공공장소 청소업,7421,"산업설비, 운송장비 및 공공장소 청소업",hwp_5digit,hwp_exact,1.0,74212,False,,
산업용 그 외 비경화 고무제품 제조업,산업용 그 외 비경화 고무제품 제조업,2219,산업용 그 외 비경화 고무제품 제조업,hwp_5digit,hwp_exact,1.0,22192,False,,
산업용 기계 및 장비 도매업,산업용 기계 및 장비 도매업,3400,산업용 기계 및 장비 수리업,basic,fuzzy,0.8667,,False,,
산업용 기계 및 장비 수리업,산업용 기계 및 장비 수리업,3400,산업용 기계 및 장비 수리업,basic,exact,1.0,,False,,
산업용 기계 및 장비 임대업,산업용 기계 및 장비 임대업,3400,산업용 기계 및 장비 수리업,basic,fuzzy,0.8667,,False,,
산업용 난방보일러 및 방열기 제조업,산업용 난방보일러 및 방열기 제조업,2512,산업용 난방보일러 및 방열기 제조업,hwp_5digit,hwp_exact,1.0,25121,False,,
"산업용 난방보일러, 금속탱크 및 유사 용기 제조업",산업용 난방보일러 금속탱크 및 유사 용기 제조업,2512,산업용 난방보일러 및 방열기 제조업,hwp_5digit,hwp_fuzzy,0.7556,25121,False,,
산업용 냉장 및 냉동 장비 제조업,산업용 냉장 및 냉동 장비 제조업,2917,산업용 냉장 및 냉동 장비 제조업,hwp_5digit,hwp_exact,1.0,29171,False,,
산업용 농ㆍ축산물 및 동ㆍ식물 도매업,산업용 농축산물 및 동식물 도매업,4620,기타 산업용 농산물 도매업,hwp_5digit,split_first,0.8462,46209,False,,
"산업용 농ㆍ축산물, 섬유 원료 및 동물 중개업",산업용 농축산물 섬유 원료 및 동물 중개업,4610,"산업용 농ㆍ축산물, 섬유 원료 및 동물 중개업",linkage_11th,link11_exact,1.0,46101,False,46101,
산업용 로봇 제조업,산업용 로봇 제조업,2893,산업용 로봇 제조업,basic,exact,1.0,,False,,
"산업용 섬유 세척, 염색, 정리 및 가공 기계 제조업",산업용 섬유 세척 염색 정리 및 가공 기계 제조업,2926,"산업용 섬유 세척, 염색, 정리 및 가공 기계 제조업",hwp_5digit,hwp_exact,1.0,29261,False,,
산업용 세탁업,산업용 세탁업,9691,산업용 세탁업,hwp_5digit,hwp_exact,1.0,96911,False,,
산업용 송풍기 및 배기장치 제조업,산업용 송풍기 및 배기장치 제조업,2917,산업용 송풍기 및 배기장치 제조업,hwp_5digit,hwp_exact,1.0,29173,False,,
"산업용 오븐, 노 및 노용 버너 제조업",산업용 오븐 노 및 노용 버너 제조업,2915,"산업용 오븐, 노 및 노용 버너 제조업",hwp_5digit,hwp_exact,1.0,29150,False,,
산업용 유리 제조업,산업용 유리 제조업,2312,산업용 유리제품 제조업,basic,fuzzy,0.9091,,False,,
산업용 트럭 및 적재기 제조업,산업용 트럭 및 적재기 제조업,2916,산업용 트럭 및 적재기 제조업,hwp_5digit,hwp_exact,1.0,29161,False,,
"산업용 트럭, 승강기 및 물품취급장비 제조업",산업용 트럭 승강기 및 물품취급장비 제조업,2830,"산업용 트럭, 승강기 및 물품취급장비 제조업",basic,exact,1.0,,False,,
산업용수 공급업,산업용수 공급업,3602,산업용수 공급업,hwp_5digit,hwp_exact,1.0,36020,False,,
산업재해 및 기타 사회보장 보험업,산업재해 및 기타 사회보장 보험업,6513,산업재해 및 기타 사회보장 보험업,hwp_5digit,hwp_exact,1.0,65139,False,,
산업처리공정 제어장비 제조업,산업처리공정 제어장비 제조업,2721,산업처리공정 제어장비 제조업,hwp_5digit,hwp_exact,1.0,27216,False,,
살균ㆍ살충제 및 농약 제조업,살균살충제 및 농약 제조업,2102,살충제 및 농약,io_name,io_fuzzy,0.8889,20321101,True,,
상업용 사진 촬영업,상업용 사진 촬영업,7330,상업용 사진 촬영업,hwp_5digit,hwp_exact,1.0,73302,False,,
상용 인력 공급 및 인사관리 서비스업,상용 인력 공급 및 인사관리 서비스업,7512,상용 인력 공급 및 인사관리 서비스업,hwp_5digit,hwp_exact,1.0,75122,False,,
상품 종합 도매업,상품 종합 도매업,4680,상품 종합 도매업,hwp_5digit,hwp_exact,1.0,46800,False,,
상품 종합 중개업,상품 종합 중개업,4610,상품 종합 중개업,hwp_5digit,hwp_exact,1.0,46109,False,,
상품 중개업,상품 중개업,4610,상품 종합 중개업,hwp_5digit,hwp_fuzzy,0.8,46109,False,,
상호저축은행 및 기타 저축기관,상호저축은행 및 기타 저축기관,6413,상호저축은행 및 기타 저축기관,hwp_5digit,hwp_exact,1.0,64132,False,,
생명 보험업,생명 보험업,6511,생명 보험업,hwp_5digit,hwp_exact,1.0,65110,False,,
생물 살균ㆍ살충제 및 식물보호제 제조업,생물 살균살충제 및 식물보호제 제조업,2032,생물 살균ㆍ살충제 및 식물보호제 제조업,linkage_11th,link11_exact,1.0,20322,False,20322,
생물 의약품 제조업,생물 의약품 제조업,2123,동물용 의약품 제조업,hwp_5digit,hwp_fuzzy,0.8571,21230,False,,
생수 생산업,생수 생산업,1120,생수 생산업,hwp_5digit,hwp_exact,1.0,11202,False,,
생활용 가구 도매업,생활용 가구 도매업,4643,생활용 가구 도매업,hwp_5digit,hwp_exact,1.0,46431,False,,
"생활용 가구, 조명기구 및 비전기식 생활용 기기 도매업",생활용 가구 조명기구 및 비전기식 생활용 기기 도매업,4643,생활용 가구 도매업,hwp_5digit,split_first,1.0,46431,False,,
생활용 섬유 및 실 도매업,생활용 섬유 및 실 도매업,4641,생활용 섬유 및 실 도매업,hwp_5digit,hwp_exact,1.0,46411,False,,
"생활용 섬유제품, 의복, 의복 액세 서리 및 모피제품 도매업",생활용 섬유제품 의복 의복 액세 서리 및 모피제품 도매업,4641,생활용 섬유 및 실 도매업,hwp_5digit,split_first,0.7692,46411,False,,
생활용 유리ㆍ요업ㆍ목재ㆍ금속 제품 및 날붙이 도매업,생활용 유리요업목재금속 제품 및 날붙이 도매업,4643,생활용 유리ㆍ요업ㆍ목재ㆍ금속 제품 및 날붙이 도매업,hwp_5digit,hwp_exact,1.0,46433,False,,
"생활용 포장 및 위생용품, 봉투 및 유사 제품 도매업",생활용 포장 및 위생용품 봉투 및 유사 제품 도매업,4645,"생활용 포장 및 위생용품, 봉투 및 유사 제품 도매업",hwp_5digit,hwp_exact,1.0,46451,False,,
"생활용 포장ㆍ위생용품, 문구용품 및 출판 인쇄물 도매업",생활용 포장위생용품 문구용품 및 출판 인쇄물 도매업,4645,"생활용 포장 및 위생용품, 봉투 및 유사 제품 도매업",manual,manual_override,1.0,46451,False,,
생활용수 공급업,생활용수 공급업,3601,생활용수 공급업,hwp_5digit,hwp_exact,1.0,36010,False,,
생활용품 도매업,생활용품 도매업,4643,생활용 가구 도매업,hwp_5digit,hwp_fuzzy,0.7778,46431,False,,
서양식 음식점업,서양식 음식점업,5612,서양식 음식점업,hwp_5digit,hwp_exact,1.0,56123,False,,
서적 및 문구용품 소매업,서적 및 문구용품 소매업,4752,서적 소매업,manual,manual_override,1.0,47521,False,,
서적 출판업,서적 출판업,5811,일반 서적 출판업,hwp_5digit,hwp_fuzzy,0.8,58113,False,,
"서적, 신문 및 잡지류 소매업",서적 신문 및 잡지류 소매업,4761,"서적, 신문 및 잡지류 소매업",hwp_5digit,hwp_exact,1.0,47611,False,,
"서적, 잡지 및 기타 인쇄물 도매업",서적 잡지 및 기타 인쇄물 도매업,5812,"서적, 잡지 및 기타 인쇄물 출판업",basic,fuzzy,0.8889,56191,True,,
"서적, 잡지 및 기타 인쇄물 출판업",서적 잡지 및 기타 인쇄물 출판업,5812,"서적, 잡지 및 기타 인쇄물 출판업",basic,exact,1.0,56191,True,,
석유 정제물 재처리업,석유 정제물 재처리업,1921,원유 정제 처리업,basic,fuzzy,0.8,,False,,
석유 정제품 제조업,석유 정제품 제조업,192,석유정제품 제조업,sub,fuzzy,0.9474,,False,,
석유화학계 기초 화학물질 제조업,석유화학계 기초 화학물질 제조업,2011,석유화학계 기초화학물질 제조업,basic,fuzzy,0.9697,,False,,
"석재, 쇄석 및 모래, 자갈 채취업",석재 쇄석 및 모래 자갈 채취업,0712,모래 및 자갈 채취업,manual,manual_override,1.0,07122,False,,
석제품 제조업,석제품 제조업,2392,석제품 제조업,basic,exact,1.0,22231100,True,,
석탄 광업,석탄 광업,0510,석탄광업,basic,fuzzy,0.8889,,False,,
"석탄, 원유 및 천연가스 광업",석탄 원유 및 천연가스 광업,05,"석탄, 원유 및 천연가스 채굴업",mid,fuzzy,0.9032,,False,,
석회 및 플라스터 제조업,석회 및 플라스터 제조업,2330,"시멘트, 석회 및 플라스터 제조업",basic,fuzzy,0.8667,,False,,
석회석 및 점토 광업,석회석 및 점토 광업,0711,석회석 및 점토 광업,hwp_5digit,hwp_exact,1.0,07110,False,,
선물 중개업,선물 중개업,6612,선물 중개업,hwp_5digit,hwp_exact,1.0,66122,False,,
선박 구성 부분품 제조업,선박 구성 부분품 제조업,3013,선박 구성 부분품 제조업,basic,exact,1.0,25122100,True,,
선박 및 보트 건조업,선박 및 보트 건조업,301,선박 및 보트 건조업,sub,exact,1.0,,False,,
선박 및 수상 부유 구조물 건조업,선박 및 수상 부유 구조물 건조업,3011,강선 건조업,manual,manual_override,1.0,30111,False,,
선박관리업,선박관리업,5292,선박관리업,linkage_11th,link11_exact,1.0,52922,False,52922,세분
선철주물 주조업,선철주물 주조업,2431,선철주물 주조업,hwp_5digit,hwp_exact,1.0,24311,False,,
설치용 및 위생용 플라스틱제품 제조업,설치용 및 위생용 플라스틱제품 제조업,2222,설치용 및 위생용 플라스틱제품 제조업,hwp_5digit,hwp_exact,1.0,22222,False,,
"섬유 원단, 실 및 기타 섬유제품 소매업",섬유 원단 실 및 기타 섬유제품 소매업,4742,"섬유 원단, 실 및 기타 섬유제품 소매업",hwp_5digit,hwp_exact,1.0,47429,False,,
"섬유, 의복 및 가죽 가공기계 제조업",섬유 의복 및 가죽 가공기계 제조업,2892,"섬유, 의복 및 가죽 가공기계 제조업",basic,exact,1.0,,False,,
"섬유, 의복, 신발 및 가죽제품 소매업",섬유 의복 신발 및 가죽제품 소매업,4610,"섬유, 의복, 신발 및 가죽제품 중개업",hwp_5digit,hwp_fuzzy,0.8947,46103,False,,
"섬유, 의복, 신발 및 가죽제품 중개업",섬유 의복 신발 및 가죽제품 중개업,4610,"섬유, 의복, 신발 및 가죽제품 중개업",hwp_5digit,hwp_exact,1.0,46103,False,,
"섬유, 직물 및 의복액세서리 소매업",섬유 직물 및 의복액세서리 소매업,4741,섬유 및 직물류 소매업,manual,manual_override,1.0,47411,False,,
섬유제품 기타 정리 및 마무리 가공업,섬유제품 기타 정리 및 마무리 가공업,1320,섬유제품 염색 및 마무리 가공업,basic,fuzzy,0.8108,,False,,
"섬유제품 염색, 정리 및 마무리 가공업",섬유제품 염색 정리 및 마무리 가공업,1320,섬유제품 염색 및 마무리 가공업,basic,fuzzy,0.9189,,False,,
섬유제품 제조업; 의복제외,섬유제품 제조업,13,섬유제품 제조업,mid,exact,1.0,,False,,
세무사업,세무사업,7120,세무사업,hwp_5digit,hwp_exact,1.0,71202,False,,
"세제, 화장품 및 광택제 제조업",세제 화장품 및 광택제 제조업,2082,세제 및 광택제 제조업,basic,fuzzy,0.8571,,False,,
세탁물 공급업,세탁물 공급업,9691,세탁물 공급업,hwp_5digit,hwp_exact,1.0,96913,False,,
세폭직물 제조업,세폭직물 제조업,1399,세폭직물 제조업,hwp_5digit,hwp_exact,1.0,13991,False,,
셔츠 및 블라우스 소매업,셔츠 및 블라우스 소매업,4741,셔츠 및 블라우스 소매업,hwp_5digit,hwp_exact,1.0,47414,False,,
셔츠 및 블라우스 제조업,셔츠 및 블라우스 제조업,1419,셔츠 및 블라우스 제조업,hwp_5digit,hwp_exact,1.0,14191,False,,
소 사육업,소 사육업,0121,젖소 사육업,hwp_5digit,hwp_fuzzy,0.9091,01211,False,,
"소독, 구충 및 방제 서비스업",소독 구충 및 방제 서비스업,7422,"소독, 구충 및 방제 서비스업",hwp_5digit,hwp_exact,1.0,74220,False,,
소매업; 자동차 제외,소매업,4510,도소매업,basic,fuzzy,0.8571,,False,,
소방시설 공사업,소방시설 공사업,4220,소방시설 공사업,hwp_5digit,hwp_exact,1.0,42204,False,,
소주 제조업,소주 제조업,111,주류 제조업,sub,fuzzy,0.8333,,False,,
소파 및 기타 내장가구 제조업,소파 및 기타 내장가구 제조업,3201,소파 및 기타 내장가구 제조업,hwp_5digit,hwp_exact,1.0,32019,False,,
소프트웨어 개발 및 공급업,소프트웨어 개발 및 공급업,5820,소프트웨어 개발 및 공급업,basic,exact,1.0,55101,True,,
소화물 전문 운송업,소화물 전문 운송업,4922,특수 화물 자동차 운송업,manual,manual_override,1.0,49224,False,,
속도계 및 적산계기 제조업,속도계 및 적산계기 제조업,2721,속도계 및 적산계기 제조업,hwp_5digit,hwp_exact,1.0,27214,False,,
속옷 및 잠옷 소매업,속옷 및 잠옷 소매업,4741,속옷 및 잠옷 소매업,hwp_5digit,hwp_exact,1.0,47413,False,,
속옷 및 잠옷 제조업,속옷 및 잠옷 제조업,1412,속옷 및 잠옷 제조업,hwp_5digit,hwp_exact,1.0,14120,False,,
손해 보험업,손해 보험업,6512,손해 보험업,hwp_5digit,hwp_exact,1.0,65121,False,,
손해 사정업,손해 사정업,6620,손해 사정업,hwp_5digit,hwp_exact,1.0,66201,False,,
솜 및 실 염색가공업,솜 및 실 염색가공업,1340,솜 및 실 염색가공업,hwp_5digit,hwp_exact,1.0,13401,False,,
송전 및 배전업,송전 및 배전업,3512,송전 및 배전업,hwp_5digit,hwp_exact,1.0,35120,False,,
수도업,수도업,3600,수도업,basic,exact,1.0,,False,,
수동식 식품 가공기기 및 금속 주방용기 제조업,수동식 식품 가공기기 및 금속 주방용기 제조업,2599,수동식 식품 가공기기 및 금속 주방용기 제조업,hwp_5digit,hwp_exact,1.0,25992,False,,
수력 발전업,수력 발전업,4501,수력,io_name,io_exact,1.0,35112,True,,
수렵 및 관련 서비스업,수렵 및 관련 서비스업,0150,수렵 및 관련 서비스업,hwp_5digit,hwp_exact,1.0,01500,False,,
수산동물 가공 및 저장 처리업,수산동물 가공 및 저장 처리업,1020,수산물 가공 및 저장 처리업,basic,fuzzy,0.9677,,False,,
수산동물 건조 및 염장품 제조업,수산동물 건조 및 염장품 제조업,1021,수산동물 건조 및 염장품 제조업,hwp_5digit,hwp_exact,1.0,10212,False,,
수산동물 냉동품 제조업,수산동물 냉동품 제조업,1021,수산동물 냉동품 제조업,hwp_5digit,hwp_exact,1.0,10213,False,,
"수산동물 훈제, 조리 및 유사 조제식품 제조업",수산동물 훈제 조리 및 유사 조제식품 제조업,1021,"수산동물 훈제, 조리 및 유사 조제식품 제조업",hwp_5digit,hwp_exact,1.0,10211,False,,
수산물 가공 및 저장 처리업,수산물 가공 및 저장 처리업,1020,수산물 가공 및 저장 처리업,basic,exact,1.0,,False,,
수산물 가공식품 도매업,수산물 가공식품 도매업,0821,수산물 가공품,io_name,io_fuzzy,0.9333,10211101,True,,
수산물 부화 및 수산종자 생산업,수산물 부화 및 수산종자 생산업,0321,수산물 부화 및 수산종자 생산업,hwp_5digit,hwp_exact,1.0,03213,False,,
수산식물 가공 및 저장 처리업,수산식물 가공 및 저장 처리업,1020,수산물 가공 및 저장 처리업,basic,fuzzy,0.9677,,False,,
수상 금속 골조 구조재 제조업,수상 금속 골조 구조재 제조업,2511,수상 금속 골조 구조재 제조업,hwp_5digit,hwp_exact,1.0,25114,False,,
수상 운송업,수상 운송업,50,수상 운송업,mid,exact,1.0,,False,,
수상 운송지원 서비스업,수상 운송지원 서비스업,5212,수상 운송지원 서비스업,basic,exact,1.0,,False,,
수상 화물 취급업,수상 화물 취급업,5220,화물 취급업,basic,fuzzy,0.8,,False,,
수상오락 서비스업,수상오락 서비스업,9123,기타 수상오락 서비스업,hwp_5digit,hwp_fuzzy,0.8571,91239,False,,
수소 제조업,수소 제조업,1112,소주 제조업,hwp_5digit,hwp_fuzzy,0.8333,11122,False,,
수송용 운송장비 도매업,수송용 운송장비 도매업,4659,수송용 운송장비 도매업,hwp_5digit,hwp_exact,1.0,46594,False,,
수영장 운영업,수영장 운영업,9113,수영장 운영업,hwp_5digit,hwp_exact,1.0,91133,False,,
수의업,수의업,7310,수의업,hwp_5digit,hwp_exact,1.0,73100,False,,
수중 공사업,수중 공사업,4213,수중 공사업,hwp_5digit,hwp_exact,1.0,42136,False,,
수프 및 균질화식품 제조업,수프 및 균질화식품 제조업,1079,수프 및 균질화식품 제조업,hwp_5digit,hwp_exact,1.0,10793,False,,
숙박업,숙박업,5500,숙박업,basic,exact,1.0,51100,True,,
슈퍼마켓,슈퍼마켓,4712,슈퍼마켓,hwp_5digit,hwp_exact,1.0,47121,False,,
스크린 인쇄업,스크린 인쇄업,1811,스크린 인쇄업,hwp_5digit,hwp_exact,1.0,18112,False,,
스키장 운영업,스키장 운영업,9112,스키장 운영업,hwp_5digit,hwp_exact,1.0,91122,False,,
스타킹 및 기타 양말 제조업,스타킹 및 기타 양말 제조업,1441,스타킹 및 기타 양말 제조업,hwp_5digit,hwp_exact,1.0,14411,False,,
스포츠 및 레크리에이션 교육기관,스포츠 및 레크리에이션 교육기관,8561,레크리에이션 교육기관,hwp_5digit,hwp_fuzzy,0.7857,85613,False,,
스포츠 및 레크리에이션 용품 임대업,스포츠 및 레크리에이션 용품 임대업,7621,스포츠 및 레크리에이션 용품 임대업,hwp_5digit,hwp_exact,1.0,76210,False,,
스포츠 및 오락관련 서비스업,스포츠 및 오락관련 서비스업,910,스포츠 및 오락관련 서비스업,sub,exact,1.0,,False,,
스포츠 서비스업,스포츠 서비스업,9101,스포츠 서비스업,basic,exact,1.0,,False,,
스포츠 클럽 운영업,스포츠 클럽 운영업,9119,스포츠 클럽 운영업,hwp_5digit,hwp_exact,1.0,91191,False,,
승강기 제조업,승강기 제조업,2916,승강기 제조업,hwp_5digit,hwp_exact,1.0,29162,False,,
시각 디자인업,시각 디자인업,7320,시각 디자인업,hwp_5digit,hwp_exact,1.0,73203,False,,
시계 및 귀금속 소매업,시계 및 귀금속 소매업,4783,시계 및 귀금속 소매업,hwp_5digit,hwp_exact,1.0,47830,False,,
시계 및 귀금속제품 도매업,시계 및 귀금속제품 도매업,4649,시계 및 귀금속제품 도매업,hwp_5digit,hwp_exact,1.0,46492,False,,
시계 및 시계부품 제조업,시계 및 시계부품 제조업,2740,시계 및 시계부품 제조업,hwp_5digit,hwp_exact,1.0,27400,False,,
시내버스 운송업,시내버스 운송업,4921,시내버스 운송업,hwp_5digit,hwp_exact,1.0,49212,False,,
시멘트 제조업,시멘트 제조업,2620,시멘트,io_name,io_exact,1.0,23311101,True,,
"시멘트, 석회, 플라스터 및 그 제품 제조업",시멘트 석회 플라스터 및 그 제품 제조업,2331,시멘트 제조업,hwp_5digit,split_first,1.0,23311,False,,
시설물 유지관리 공사업,시설물 유지관리 공사업,4250,시설물 유지관리 공사업,hwp_5digit,hwp_exact,1.0,42500,False,,
시설작물 재배업,시설작물 재배업,011,작물 재배업,sub,fuzzy,0.8571,,False,,
시스템 소프트웨어 개발 및 공급업,시스템 소프트웨어 개발 및 공급업,5820,소프트웨어 개발 및 공급업,basic,fuzzy,0.875,55101,True,,
시스템ㆍ응용 소프트웨어 개발 및 공급업,시스템응용 소프트웨어 개발 및 공급업,5820,소프트웨어 개발 및 공급업,basic,fuzzy,0.8235,55101,True,,
시외버스 운송업,시외버스 운송업,4922,시외버스 운송업,hwp_5digit,hwp_exact,1.0,49220,False,,
시장조사 및 여론조사업,시장조사 및 여론조사업,7140,시장조사 및 여론조사업,hwp_5digit,hwp_exact,1.0,71400,False,,
식료품 제조업,식료품 제조업,10,식료품 제조업,mid,exact,1.0,,False,,
식물성 유지 제조업,식물성 유지 제조업,1040,식물성 유지 제조업,hwp_5digit,hwp_exact,1.0,10402,False,,
식물원 및 동물원 운영업,식물원 및 동물원 운영업,9023,식물원 및 동물원 운영업,hwp_5digit,hwp_exact,1.0,90231,False,,
식용 정제유 및 가공유 제조업,식용 정제유 및 가공유 제조업,1040,식용 정제유 및 가공유 제조업,hwp_5digit,hwp_exact,1.0,10403,False,,
"식초, 발효 및 화학 조미료 제조업",식초 발효 및 화학 조미료 제조업,1074,"식초, 발효 및 화학 조미료 제조업",hwp_5digit,hwp_exact,1.0,10741,False,,
식품 위생용 종이 상자 및 용기 제조업,식품 위생용 종이 상자 및 용기 제조업,1722,식품 위생용 종이 상자 및 용기 제조업,hwp_5digit,hwp_exact,1.0,17223,False,,
신문 발행업,신문 발행업,5811,신문 발행업,basic,exact,1.0,56111,True,,
"신문, 잡지 및 정기간행물 출판업",신문 잡지 및 정기간행물 출판업,5812,잡지 및 정기간행물 발행업,hwp_5digit,hwp_fuzzy,0.7742,58122,False,,
신문용지 제조업,신문용지 제조업,1712,신문용지 제조업,hwp_5digit,hwp_exact,1.0,17121,False,,
신발 도매업,신발 도매업,1204,신발,io_name,io_exact,1.0,15211101,True,,
신발 및 신발 부분품 제조업,신발 및 신발 부분품 제조업,1502,신발 및 신발부분품 제조업,basic,fuzzy,0.9655,,False,,
신발 부분품 제조업,신발 부분품 제조업,1502,신발 및 신발부분품 제조업,basic,fuzzy,0.8333,,False,,
신발 소매업,신발 소매업,1204,신발,io_name,io_exact,1.0,15211101,True,,
신발 제조업,신발 제조업,1204,신발,io_name,io_exact,1.0,15211101,True,,
"신선, 냉동 및 기타 수산물 도매업",신선 냉동 및 기타 수산물 도매업,4631,"신선, 냉동 및 기타 수산물 도매업",hwp_5digit,hwp_exact,1.0,46315,False,,
"신선, 냉동 및 기타 수산물 소매업",신선 냉동 및 기타 수산물 소매업,4721,"신선, 냉동 및 기타 수산물 소매업",hwp_5digit,hwp_exact,1.0,47214,False,,
신선식품 및 단순 가공식품 도매업,신선식품 및 단순 가공식품 도매업,4631,기타 신선식품 및 단순 가공식품 도매업,hwp_5digit,hwp_fuzzy,0.9231,46319,False,,
신선식품 및 단순 가공식품 소매업,신선식품 및 단순 가공식품 소매업,4631,기타 신선식품 및 단순 가공식품 도매업,hwp_5digit,hwp_fuzzy,0.8718,46319,False,,
신용 조사 및 추심 대행업,신용 조사 및 추심 대행업,7599,신용 조사 및 추심 대행업,hwp_5digit,hwp_exact,1.0,75993,False,,
신용조합,신용조합,6413,신용조합,hwp_5digit,hwp_exact,1.0,64131,False,,
신용조합 및 저축기관,신용조합 및 저축기관,6413,기타 저축기관,manual,manual_override,1.0,64139,False,,
신용카드 및 할부금융업,신용카드 및 할부금융업,6491,신용카드 및 할부금융업,hwp_5digit,hwp_exact,1.0,64913,False,,
신체 부자유자 거주 복지시설 운영업,신체 부자유자 거주 복지시설 운영업,8712,신체 부자유자 거주 복지시설 운영업,hwp_5digit,hwp_exact,1.0,87121,False,,
신탁업 및 집합투자업,신탁업 및 집합투자업,6420,신탁업 및 집합투자업,hwp_5digit,hwp_exact,1.0,64201,False,,
실내 경기장 운영업,실내 경기장 운영업,9111,실내 경기장 운영업,hwp_5digit,hwp_exact,1.0,91111,False,,
실내건축 및 건축마무리 공사업,실내건축 및 건축마무리 공사업,4249,그 외 기타 건축 마무리 공사업,manual,manual_override,1.0,42499,False,,
실외 경기장 운영업,실외 경기장 운영업,9111,실외 경기장 운영업,hwp_5digit,hwp_exact,1.0,91112,False,,
아스팔트 콘크리트 및 혼합제품 제조업,아스팔트 콘크리트 및 혼합제품 제조업,2391,아스팔트 콘크리트 및 혼합제품 제조업,basic,exact,1.0,22221101,True,,
아이스크림 및 기타 식용빙과류 제조업,아이스크림 및 기타 식용빙과류 제조업,1050,아이스크림 및 기타 식용빙과류 제조업,hwp_5digit,hwp_exact,1.0,10502,False,,
아파트 건설업,아파트 건설업,4111,아파트 건설업,hwp_5digit,hwp_exact,1.0,41112,False,,
악기 도매업,악기 도매업,4393,악기,io_name,io_exact,1.0,33201100,True,,
악기 소매업,악기 소매업,4393,악기,io_name,io_exact,1.0,33201100,True,,
악기 제조업,악기 제조업,3303,악기 제조업,basic,exact,1.0,,False,,
안경 및 렌즈 소매업,안경 및 렌즈 소매업,4782,안경 및 렌즈 소매업,hwp_5digit,hwp_exact,1.0,47822,False,,
안경 및 안경렌즈 제조업,안경 및 안경렌즈 제조업,2719,안경 및 안경렌즈 제조업,hwp_5digit,hwp_exact,1.0,27193,False,,
"안경, 사진장비 및 광학용품 도매업",안경 사진장비 및 광학용품 도매업,4649,"안경, 사진장비 및 광학용품 도매업",hwp_5digit,hwp_exact,1.0,46493,False,,
안전유리 제조업,안전유리 제조업,2311,안전유리 제조업,hwp_5digit,hwp_exact,1.0,23112,False,,
"알루미늄 압연, 압출 및 연신제품 제조업",알루미늄 압연 압출 및 연신제품 제조업,2462,"알루미늄 압연, 압출 및 연신제품 제조업",basic,exact,1.0,,False,,
"알루미늄 제련, 정련 및 합금 제조업",알루미늄 제련 정련 및 합금 제조업,2452,"알루미늄 제련, 정련 및 합금 제조업",basic,exact,1.0,,False,,
알루미늄주물 주조업,알루미늄주물 주조업,2432,알루미늄주물 주조업,hwp_5digit,hwp_exact,1.0,24321,False,,
알코올음료 제조업,알코올음료 제조업,11,음료 제조업,mid,fuzzy,0.8,,False,,
암면 및 유사제품 제조업,암면 및 유사제품 제조업,1072,면류 및 유사 식품 제조업,basic,fuzzy,0.8148,,False,,
압축 및 액화 가스용기 제조업,압축 및 액화 가스용기 제조업,2512,압축 및 액화 가스용기 제조업,hwp_5digit,hwp_exact,1.0,25123,False,,
애니메이션 영화 및 비디오물 제작업,애니메이션 영화 및 비디오물 제작업,5911,애니메이션 영화 및 비디오물 제작업,hwp_5digit,hwp_exact,1.0,59112,False,,
액상시유 및 기타 낙농제품 제조업,액상시유 및 기타 낙농제품 제조업,1050,액상시유 및 기타 낙농제품 제조업,hwp_5digit,hwp_exact,1.0,10501,False,,
액정 표시장치 제조업,액정 표시장치 제조업,2621,액정 표시장치 제조업,basic,exact,1.0,,False,,
액체 여과기 제조업,액체 여과기 제조업,2917,액체 여과기 제조업,hwp_5digit,hwp_exact,1.0,29175,False,,
액체 펌프 제조업,액체 펌프 제조업,2913,액체 펌프 제조업,hwp_5digit,hwp_exact,1.0,29131,False,,
액체연료 및 관련제품 도매업,액체연료 및 관련제품 도매업,4671,액체연료 및 관련제품 도매업,hwp_5digit,hwp_exact,1.0,46712,False,,
야영장업,야영장업,5510,야영장업,linkage_11th,link11_exact,1.0,55105,False,55105,세분
양계업,양계업,0123,양계업,hwp_5digit,hwp_exact,1.0,01231,False,,
양돈업,양돈업,0122,양돈업,basic,exact,1.0,01131,True,,
양식 어업,양식 어업,0311,원양 어업,hwp_5digit,hwp_fuzzy,0.8,03111,False,,
어로 어업,어로 어업,0311,연근해 어업,manual,manual_override,1.0,03112,False,,
어망 및 기타 끈 가공품 제조업,어망 및 기타 끈 가공품 제조업,1392,어망 및 기타 끈 가공품 제조업,hwp_5digit,hwp_exact,1.0,13922,False,,
어업,어업,03,어업,mid,exact,1.0,,False,,
어업 관련 서비스업,어업 관련 서비스업,521,운송 관련 서비스업,sub,fuzzy,0.8,,False,,
얼음 제조업,얼음 제조업,11,음료 제조업,mid,fuzzy,0.8333,,False,,
에너지 저장장치 제조업,에너지 저장장치 제조업,2811,에너지 저장장치 제조업,hwp_5digit,hwp_exact,1.0,28114,False,,
엔지니어링 서비스업,엔지니어링 서비스업,7212,기타 엔지니어링 서비스업,hwp_5digit,hwp_fuzzy,0.8696,72129,False,,
여객 자동차 터미널 운영업,여객 자동차 터미널 운영업,5291,여객 자동차 터미널 운영업,hwp_5digit,hwp_exact,1.0,52912,False,,
여관업,여관업,5510,여관업,hwp_5digit,hwp_exact,1.0,55102,False,,
여신금융업,여신금융업,6491,그 외 기타 여신금융업,hwp_5digit,hwp_fuzzy_agg,0.7692,64919,False,,
여자용 겉옷 소매업,여자용 겉옷 소매업,4741,여자용 겉옷 소매업,hwp_5digit,hwp_exact,1.0,47412,False,,
여자용 겉옷 제조업,여자용 겉옷 제조업,1411,여자용 겉옷 제조업,hwp_5digit,hwp_exact,1.0,14112,False,,
여행사 및 기타 여행보조 서비스업,여행사 및 기타 여행보조 서비스업,9200,여행사 및 기타 여행보조 서비스업,basic,exact,1.0,,False,,
여행사업,여행사업,7521,여행사업,hwp_5digit,hwp_exact,1.0,75210,False,,
"연 및 아연 제련, 정련 및 합금 제조업",연 및 아연 제련 정련 및 합금 제조업,2453,"연 및 아연 제련, 정련 및 합금 제조업",basic,exact,1.0,,False,,
연구개발업,연구개발업,7100,연구개발업,basic,exact,1.0,,False,,
연극단체,연극단체,9012,연극단체,hwp_5digit,hwp_exact,1.0,90121,False,,
연근해 어업,연근해 어업,0311,연근해 어업,hwp_5digit,hwp_exact,1.0,03112,False,,
연금업,연금업,6530,연금업,hwp_5digit,hwp_exact,1.0,65303,False,,
연료 소매업,연료 소매업,4722,음료 소매업,hwp_5digit,hwp_fuzzy,0.8333,47221,False,,
"연료, 광물, 1차 금속, 비료 및 화학제품 중개업",연료 광물 1차 금속 비료 및 화학제품 중개업,4610,"연료, 광물, 1차 금속, 비료 및 화학제품 중개업",hwp_5digit,hwp_exact,1.0,46105,False,,
"연료, 연료용 광물 및 관련제품 도매업",연료 연료용 광물 및 관련제품 도매업,4673,"염료, 안료 및 관련제품 도매업",hwp_5digit,hwp_fuzzy,0.7778,46731,False,,
연료용 가스 제조 및 배관공급업,연료용 가스 제조 및 배관공급업,3520,연료용 가스 제조 및 배관공급업,basic,exact,1.0,,False,,
연마재 제조업,연마재 제조업,2693,연마재,io_name,io_exact,1.0,23992101,True,,
연사 및 가공사 제조업,연사 및 가공사 제조업,1311,방적 및 가공사 제조업,basic,fuzzy,0.8333,16101101,True,,
연성 및 기타 인쇄회로기판 제조업,연성 및 기타 인쇄회로기판 제조업,2622,연성 및 기타 인쇄회로기판 제조업,hwp_5digit,hwp_exact,1.0,26223,False,,
열간 압연 및 압출 제품 제조업,열간 압연 및 압출 제품 제조업,2421,열간 압연 및 압출제품 제조업,basic,fuzzy,0.9697,,False,,
"염료, 안료 및 관련제품 도매업",염료 안료 및 관련제품 도매업,4673,"염료, 안료 및 관련제품 도매업",hwp_5digit,hwp_exact,1.0,46731,False,,
"염료, 조제 무기안료, 유연제 및 기타 착색제 제조업",염료 조제 무기안료 유연제 및 기타 착색제 제조업,2022,"무기안료, 염료, 유연제 및 기타 착색제 제조업",basic,fuzzy,0.8235,,False,,
영림업,영림업,0301,영림,io_name,io_exact,1.0,02011,True,,
영상 및 음향기기 제조업,영상 및 음향기기 제조업,267,영상 및 음향기기 제조업,sub,exact,1.0,,False,,
영상·오디오물 제공 서비스업,영상오디오물 제공 서비스업,6032,오디오물 제공 서비스업,linkage_11th,link11_fuzzy,0.9231,60320,False,60320,세분
영상ㆍ오디오 기록물 제작 및 배급업,영상오디오 기록물 제작 및 배급업,5901,"영상, 오디오 기록물 제작 및 배급업",basic,fuzzy,0.973,,False,,
영상게임기 제조업,영상게임기 제조업,3340,영상게임기 제조업,hwp_5digit,hwp_exact,1.0,33402,False,,
영상물 제공 서비스업,영상물 제공 서비스업,6031,영상물 제공 서비스업,linkage_11th,link11_exact,1.0,60310,False,60310,세분
영화 및 비디오물 상영업,영화 및 비디오물 상영업,5902,영화 및 비디오물 상영업,basic,exact,1.0,,False,,
"영화, 비디오물 및 방송프로그램 배급업",영화 비디오물 및 방송프로그램 배급업,5913,"영화, 비디오물 및 방송프로그램 배급업",hwp_5digit,hwp_exact,1.0,59130,False,,
"영화, 비디오물 및 방송프로그램 제작 관련 서비스업",영화 비디오물 및 방송프로그램 제작 관련 서비스업,5912,"영화, 비디오물 및 방송프로그램 제작 관련 서비스업",hwp_5digit,hwp_exact,1.0,59120,False,,
"영화, 비디오물 및 방송프로그램 제작업",영화 비디오물 및 방송프로그램 제작업,5913,"영화, 비디오물 및 방송프로그램 배급업",hwp_5digit,hwp_fuzzy,0.9,59130,False,,
"영화, 비디오물, 방송프로그램 제작 및 배급업",영화 비디오물 방송프로그램 제작 및 배급업,5913,"영화, 비디오물 및 방송프로그램 배급업",hwp_5digit,hwp_fuzzy,0.8372,59130,False,,
영화관 운영업,영화관 운영업,5914,영화관 운영업,hwp_5digit,hwp_exact,1.0,59141,False,,
예술품 및 골동품 소매업,예술품 및 골동품 소매업,4784,예술품 및 골동품 소매업,hwp_5digit,hwp_exact,1.0,47841,False,,
"예술품, 기념품 및 장식용품 소매업",예술품 기념품 및 장식용품 소매업,4784,"기념품, 관광 민예품 및 장식용품 소매업",manual,manual_override,1.0,47842,False,,
예술학원,예술학원,8562,예술 학원,hwp_5digit,hwp_fuzzy,0.8889,85620,False,,
예식장업,예식장업,9699,예식장업,hwp_5digit,hwp_exact,1.0,96991,False,,
"오디오, 스피커 및 기타 음향기기 제조업",오디오 스피커 및 기타 음향기기 제조업,2673,"오디오, 스피커 및 기타 음향기기 제조업",basic,exact,1.0,,False,,
오디오물 제공 서비스업,오디오물 제공 서비스업,6032,오디오물 제공 서비스업,linkage_11th,link11_exact,1.0,60320,False,60320,세분
오디오물 출판 및 원판 녹음업,오디오물 출판 및 원판 녹음업,5901,"영화, 비디오물, 방송프로그램 제작업",manual,manual_override,1.0,59010,False,,
오락 및 스포츠용 보트 건조업,오락 및 스포츠용 보트 건조업,3112,오락 및 스포츠용 보트 건조업,hwp_5digit,hwp_exact,1.0,31120,False,,
오락장 운영업,오락장 운영업,9122,기타 오락장 운영업,hwp_5digit,hwp_fuzzy,0.8235,91229,False,,
오프셋 인쇄업,오프셋 인쇄업,1811,오프셋 인쇄업,hwp_5digit,hwp_exact,1.0,18113,False,,
옥외 광고업,옥외 광고업,7139,옥외 광고업,linkage_11th,link11_exact,1.0,71391,False,71391,명칭변경
온라인 교육 학원,온라인 교육 학원,8550,온라인 교육 학원,hwp_5digit,hwp_exact,1.0,85503,False,,
온라인 활용 마케팅 및 관련 사업지원 서비스업,온라인 활용 마케팅 및 관련 사업지원 서비스업,7599,온라인 활용 마케팅 및 관련 사업지원 서비스업,linkage_11th,link11_exact,1.0,75995,False,75995,세분
완제 의약품 제조업,완제 의약품 제조업,2121,완제 의약품 제조업,hwp_5digit,hwp_exact,1.0,21210,False,,
외국식 음식점업,외국식 음식점업,5611,기타 외국식 음식점업,hwp_5digit,hwp_fuzzy,0.8421,56119,False,,
외국어학원,외국어학원,8563,외국어학원,hwp_5digit,hwp_exact,1.0,85631,False,,
외국어학원 및 기타 교습학원,외국어학원 및 기타 교습학원,8563,기타 교습학원,manual,manual_override,1.0,85632,False,,
외국은행,외국은행,6412,외국은행,hwp_5digit,hwp_exact,1.0,64122,False,,
외국인 학교,외국인 학교,8542,외국인 학교,hwp_5digit,hwp_exact,1.0,85420,False,,
외항 여객 운송업,외항 여객 운송업,5010,외항 운송업,basic,fuzzy,0.8,101(410),True,,
외항 운송업,외항 운송업,5010,외항 운송업,basic,exact,1.0,101(410),True,,
외항 화물 운송업,외항 화물 운송업,5010,외항 운송업,basic,fuzzy,0.8,101(410),True,,
요양 병원,요양 병원,8610,요양 병원,hwp_5digit,hwp_exact,1.0,86105,False,,
요업용 도포제 및 관련제품 제조업,요업용 도포제 및 관련제품 제조업,2041,요업용 도포제 및 관련제품 제조업,hwp_5digit,hwp_exact,1.0,20412,False,,
"욕탕, 마사지 및 기타 신체관리 서비스업",욕탕 마사지 및 기타 신체관리 서비스업,9612,체형 등 기타 신체관리 서비스업,manual,manual_override,1.0,96129,False,,
욕탕업,욕탕업,9612,욕탕업,hwp_5digit,hwp_exact,1.0,96121,False,,
"용기 세척, 포장 및 충전기 제조업",용기 세척 포장 및 충전기 제조업,2919,"용기 세척, 포장 및 충전기 제조업",hwp_5digit,hwp_exact,1.0,29192,False,,
우편 및 통신업,우편 및 통신업,8422,우편 및 통신행정,hwp_5digit,hwp_fuzzy,0.8235,84224,False,,
운동 및 경기용구 제조업,운동 및 경기용구 제조업,3302,운동 및 경기용구 제조업,basic,exact,1.0,,False,,
운동 및 경기용품 도매업,운동 및 경기용품 도매업,4392,운동 및 경기용품,io_name,io_exact,1.0,33301100,True,,
운동 및 경기용품 소매업,운동 및 경기용품 소매업,4392,운동 및 경기용품,io_name,io_exact,1.0,33301100,True,,
운동용품 및 자전거 소매업,운동용품 및 자전거 소매업,4763,운동 및 경기용품 소매업,hwp_5digit,split_first,0.7619,47631,False,,
운송장비 임대업,운송장비 임대업,6919,기타 운송장비 임대업,hwp_5digit,hwp_fuzzy,0.8421,69190,False,,
운송장비 조립용 플라스틱제품 제조업,운송장비 조립용 플라스틱제품 제조업,2393,운송장비 및 조립용 플라스틱제품,io_name,io_fuzzy,0.9375,22241100,True,,
운송장비용 공기 조화장치 제조업,운송장비용 공기 조화장치 제조업,2842,운송장비용 조명장치 제조업,hwp_5digit,hwp_fuzzy,0.8387,28421,False,,
운송장비용 기타 가스 충전업,운송장비용 기타 가스 충전업,4771,운송장비용 가스 충전업,hwp_5digit,hwp_fuzzy,0.8889,47712,False,,
운송장비용 수소 충전업,운송장비용 수소 충전업,4771,운송장비용 가스 충전업,hwp_5digit,hwp_fuzzy,0.8333,47712,False,,
운송장비용 연료 소매업,운송장비용 연료 소매업,4771,운송장비용 수소 충전업,manual,manual_override,1.0,47712,False,,
운송장비용 이차전지 제조업,운송장비용 이차전지 제조업,2820,운송장비용 이차전지 제조업,linkage_11th,link11_exact,1.0,28202,False,28202,세분
운송장비용 조명장치 제조업,운송장비용 조명장치 제조업,2842,운송장비용 조명장치 제조업,hwp_5digit,hwp_exact,1.0,28421,False,,
운송장비용 주유소 운영업,운송장비용 주유소 운영업,4771,운송장비용 주유소 운영업,hwp_5digit,hwp_exact,1.0,47711,False,,
운전학원,운전학원,8565,운전학원,hwp_5digit,hwp_exact,1.0,85651,False,,
원목 및 건축관련 목제품 도매업,원목 및 건축관련 목제품 도매업,4661,원목 및 건축관련 목제품 도매업,hwp_5digit,hwp_exact,1.0,46611,False,,
원양 어업,원양 어업,0311,원양 어업,hwp_5digit,hwp_exact,1.0,03111,False,,
원유 및 천연가스 채굴업,원유 및 천연가스 채굴업,0520,원유 및 천연가스 채굴업,basic,exact,1.0,,False,,
원유 정제처리업,원유 정제처리업,1921,원유 정제 처리업,basic,fuzzy,0.9412,,False,,
원자력 발전업,원자력 발전업,4503,원자력,io_name,io_exact,1.0,35111,False,,
위생용 및 산업용 도자기 제조업,위생용 및 산업용 도자기 제조업,2322,위생용 및 산업용 도자기 제조업,hwp_5digit,hwp_exact,1.0,23222,False,,
위생용 원지 제조업,위생용 원지 제조업,1712,위생용 원지 제조업,hwp_5digit,hwp_exact,1.0,17125,False,,
위생용 종이제품 제조업,위생용 종이제품 제조업,1722,위생용 종이제품 제조업,basic,exact,1.0,20129101,True,,
위성 및 기타 방송업,위성 및 기타 방송업,6002,"유선, 위성 및 기타 방송업",basic,fuzzy,0.88,60221,True,,
위험물품 보관업,위험물품 보관업,5210,위험물품 보관업,hwp_5digit,hwp_exact,1.0,52104,False,,
유기발광 표시장치 제조업,유기발광 표시장치 제조업,2621,유기발광 표시장치 제조업,hwp_5digit,hwp_exact,1.0,26212,False,,
유기질 비료 및 상토 제조업,유기질 비료 및 상토 제조업,2031,유기질 비료 및 상토 제조업,hwp_5digit,hwp_exact,1.0,20313,False,,
유리 및 유리제품 제조업,유리 및 유리제품 제조업,231,유리 및 유리제품 제조업,sub,exact,1.0,,False,,
유리 및 창호 공사업,유리 및 창호 공사업,4242,유리 및 창호 공사업,hwp_5digit,hwp_exact,1.0,42420,False,,
유리 및 창호 도매업,유리 및 창호 도매업,4661,유리 및 창호 도매업,hwp_5digit,hwp_exact,1.0,46613,False,,
유선 방송업,유선 방송업,6022,유선 방송업,hwp_5digit,hwp_exact,1.0,60222,False,,
유선 온라인 게임 소프트웨어 개발 및 공급업,유선 온라인 게임 소프트웨어 개발 및 공급업,5821,유선 온라인 게임 소프트웨어 개발 및 공급업,hwp_5digit,hwp_exact,1.0,58211,False,,
유선 통신업,유선 통신업,6111,유선통신업,basic,fuzzy,0.9091,,False,,
유선 통신장비 제조업,유선 통신장비 제조업,2661,유선 통신장비 제조업,basic,exact,1.0,,False,,
"유선, 위성 및 기타 방송업",유선 위성 및 기타 방송업,6002,"유선, 위성 및 기타 방송업",basic,exact,1.0,60221,True,,
유아 교육기관,유아 교육기관,8511,유아 교육기관,hwp_5digit,hwp_exact,1.0,85110,False,,
유아용 의류 도매업,유아용 의류 도매업,4641,유아용 의류 도매업,hwp_5digit,hwp_exact,1.0,46414,False,,
유아용 의류 소매업,유아용 의류 소매업,4741,유아용 의류 소매업,hwp_5digit,hwp_exact,1.0,47417,False,,
유아용 의복 제조업,유아용 의복 제조업,1419,유아용 의복 제조업,hwp_5digit,hwp_exact,1.0,14194,False,,
유압기기 제조업,유압기기 제조업,2912,유압기기 제조업,hwp_5digit,hwp_exact,1.0,29120,False,,
유원지 및 기타 오락관련 서비스업,유원지 및 기타 오락관련 서비스업,9102,유원지 및 기타 오락관련 서비스업,basic,exact,1.0,,False,,
유원지 및 테마파크 운영업,유원지 및 테마파크 운영업,9121,유원지 및 테마파크 운영업,hwp_5digit,hwp_exact,1.0,91210,False,,
"유인 항공기, 항공우주선 및 보조장치 제조업",유인 항공기 항공우주선 및 보조장치 제조업,3131,"유인 항공기, 항공우주선 및 보조장치 제조업",hwp_5digit,hwp_exact,1.0,31311,False,,
육류 가공 및 저장 처리업,육류 가공 및 저장 처리업,1012,육류 가공 및 저장 처리업,basic,exact,1.0,,False,,
육류 가공식품 도매업,육류 가공식품 도매업,4632,육류 가공식품 도매업,hwp_5digit,hwp_exact,1.0,46321,False,,
육류 기타 가공 및 저장처리업 (가금류 제외),육류 기타 가공 및 저장처리업,1012,육류 가공 및 저장 처리업,basic,fuzzy,0.8667,,False,,
육류 도매업,육류 도매업,4631,육류 도매업,hwp_5digit,hwp_exact,1.0,46313,False,,
육류 도축업(가금류 제외),육류 도축업,1011,육류 도축업(가금류 제외),hwp_5digit,hwp_exact,1.0,10111,False,,
육류 소매업,육류 소매업,4721,육류 소매업,hwp_5digit,hwp_exact,1.0,47212,False,,
육류 포장육 및 냉동육 가공업 (가금류 제외),육류 포장육 및 냉동육 가공업,1012,육류 포장육 및 냉동육 가공업,hwp_5digit,hwp_exact,1.0,10122,False,,
육림업,육림업,0201,육림업,hwp_5digit,hwp_exact,1.0,02012,False,,
육상 금속 골조 구조재 제조업,육상 금속 골조 구조재 제조업,2511,육상 금속 골조 구조재 제조업,hwp_5digit,hwp_exact,1.0,25113,False,,
육상 여객 운송업,육상 여객 운송업,49,육상 운송업,mid,fuzzy,0.8,,False,,
육상 운송지원 서비스업,육상 운송지원 서비스업,5211,육상 운송지원 서비스업,basic,exact,1.0,,False,,
육상운송 및 파이프라인 운송업,육상운송 및 파이프라인 운송업,49,육상 운송업,mid,split_first,0.8571,,False,,
육우 사육업,육우 사육업,0121,육우 사육업,hwp_5digit,hwp_exact,1.0,01212,False,,
육지동물 및 반려동물 도매업,육지동물 및 반려동물 도매업,4620,육지동물 및 애완동물 도매업,hwp_5digit,hwp_fuzzy,0.8667,46205,False,,
윤활유 및 그리스 제조업,윤활유 및 그리스 제조업,1631,윤활유 및 그리스,io_name,io_exact,1.0,19221101,True,,
은행 및 저축기관,은행 및 저축기관,6413,상호저축은행 및 기타 저축기관,manual,manual_override,1.0,64132,False,,
음ㆍ식료품 및 담배 가공기계 제조업,음식료품 및 담배 가공기계 제조업,2891,음ㆍ식료품 및 담배 가공기계 제조업,basic,exact,1.0,,False,,
음ㆍ식료품 및 담배 도매업,음식료품 및 담배 도매업,4610,음ㆍ식료품 및 담배 중개업,hwp_5digit,hwp_fuzzy,0.8462,46102,False,,
음ㆍ식료품 및 담배 소매업,음식료품 및 담배 소매업,4610,음ㆍ식료품 및 담배 중개업,hwp_5digit,hwp_fuzzy,0.8462,46102,False,,
음ㆍ식료품 및 담배 중개업,음식료품 및 담배 중개업,4610,음ㆍ식료품 및 담배 중개업,hwp_5digit,hwp_exact,1.0,46102,False,,
음ㆍ식료품 위주 종합 소매업,음식료품 위주 종합 소매업,4712,기타 음ㆍ식료품 위주 종합 소매업,hwp_5digit,hwp_fuzzy,0.9032,47129,False,,
음료 및 담배 도매업,음료 및 담배 도매업,4610,음ㆍ식료품 및 담배 중개업,hwp_5digit,hwp_fuzzy,0.75,46102,False,,
음료 소매업,음료 소매업,4722,음료 소매업,hwp_5digit,hwp_exact,1.0,47221,False,,
음료 제조업,음료 제조업,11,음료 제조업,mid,exact,1.0,,False,,
음료용 및 향신용 작물 재배업,음료용 및 향신용 작물 재배업,0113,음료용 및 향신용 작물 재배업,hwp_5digit,hwp_exact,1.0,01132,False,,
음반 및 비디오물 도매업,음반 및 비디오물 도매업,4646,음반 및 비디오물 도매업,hwp_5digit,hwp_exact,1.0,46461,False,,
음반 및 비디오물 소매업,음반 및 비디오물 소매업,4762,음반 및 비디오물 소매업,hwp_5digit,hwp_exact,1.0,47620,False,,
"음반 및 비디오물, 악기, 오락 및 경기용품 도매업",음반 및 비디오물 악기 오락 및 경기용품 도매업,4646,음반 및 비디오물 도매업,manual,manual_override,1.0,46461,False,,
음식점 및 주점업,음식점 및 주점업,560,음식점 및 주점업,sub,exact,1.0,,False,,
음식점업,음식점업,5601,음식점업,basic,exact,1.0,,False,,
음악 및 기타 오디오물 출판업,음악 및 기타 오디오물 출판업,5920,음악 및 기타 오디오물 출판업,hwp_5digit,hwp_exact,1.0,59201,False,,
음악학원,음악학원,8562,음악학원,hwp_5digit,hwp_exact,1.0,85621,False,,
응용 소프트웨어 개발 및 공급업,응용 소프트웨어 개발 및 공급업,5820,소프트웨어 개발 및 공급업,basic,fuzzy,0.9032,55101,True,,
"의료, 정밀, 광학기기 및 시계 제조업",의료 정밀 광학기기 및 시계 제조업,140,의복 제조업,sub,split_first,0.8333,,False,,
의료기기 도매업,의료기기 도매업,3611,의료용 기기,io_name,io_fuzzy,0.8,27111101,True,,
의료용 가구 제조업,의료용 가구 제조업,2681,의료용 기기 제조업,basic,fuzzy,0.8,,False,,
의료용 기구 소매업,의료용 기구 소매업,3611,의료용 기기,io_name,io_fuzzy,0.8333,27111101,True,,
의료용 기기 제조업,의료용 기기 제조업,2681,의료용 기기 제조업,basic,exact,1.0,,False,,
의료용 물질 및 의약품 제조업,의료용 물질 및 의약품 제조업,2100,의료용 물질 및 의약품 제조업,basic,exact,1.0,,False,,
의료용품 도매업,의료용품 도매업,4644,의료용품 도매업,hwp_5digit,hwp_exact,1.0,46442,False,,
의료용품 및 기타 의약 관련제품 제조업,의료용품 및 기타 의약 관련제품 제조업,2130,의료용품 및 기타 의약 관련제품 제조업,hwp_5digit,hwp_exact,1.0,21300,False,,
의류 임대업,의류 임대업,6929,의류 임대업,hwp_5digit,hwp_exact,1.0,69292,False,,
의복 소매업,의복 소매업,4741,한복 소매업,hwp_5digit,hwp_fuzzy,0.8333,47415,False,,
의복 액세서리 및 모조 장신구 도매업,의복 액세서리 및 모조 장신구 도매업,4641,의복 액세서리 및 모조 장신구 도매업,hwp_5digit,hwp_exact,1.0,46417,False,,
의복 액세서리 및 모조 장신구 소매업,의복 액세서리 및 모조 장신구 소매업,4742,의복 액세서리 및 모조 장신구 소매업,hwp_5digit,hwp_exact,1.0,47422,False,,
의복 액세서리 제조업,의복 액세서리 제조업,1441,기타 편조의복 액세서리 제조업,hwp_5digit,hwp_fuzzy,0.8148,14419,False,,
"의복, 의복 액세서리 및 모피제품 제조업",의복 의복 액세서리 및 모피제품 제조업,140,의복 제조업,sub,split_first,1.0,,False,,
의약품 도매업,의약품 도매업,2000,의약품,io_name,io_exact,1.0,21101100,True,,
의약품 및 의료용품 소매업,의약품 및 의료용품 소매업,4781,의약품 및 의료용품 소매업,hwp_5digit,hwp_exact,1.0,47811,False,,
의약품 제조업,의약품 제조업,2000,의약품,io_name,io_exact,1.0,21101100,True,,
"의약품, 의료용 기구, 화장품 및 방향제 소매업",의약품 의료용 기구 화장품 및 방향제 소매업,4644,의약품 도매업,hwp_5digit,split_first,0.8571,46441,False,,
"의약품, 의료용품 및 화장품 도매업",의약품 의료용품 및 화장품 도매업,4644,의약품 도매업,hwp_5digit,split_first,1.0,46441,False,,
의학 및 약학 연구개발업,의학 및 약학 연구개발업,7011,의학 및 약학 연구개발업,hwp_5digit,hwp_exact,1.0,70113,False,,
이동전화기 제조업,이동전화기 제조업,2662,이동전화기 제조업,basic,exact,1.0,,False,,
이용 및 미용업,이용 및 미용업,9611,이용업,hwp_5digit,split_first,0.8571,96111,False,,
이용업,이용업,9611,이용업,hwp_5digit,hwp_exact,1.0,96111,False,,
인력 공급업,인력 공급업,7512,인력공급업,hwp_5digit,hwp_fuzzy,0.9091,75120,False,,
인문 및 사회과학 연구개발업,인문 및 사회과학 연구개발업,7020,기타 인문 및 사회과학 연구개발업,hwp_5digit,hwp_fuzzy,0.9091,70209,False,,
인물사진 및 행사용 영상 촬영업,인물사진 및 행사용 영상 촬영업,7330,인물사진 및 행사용 영상 촬영업,hwp_5digit,hwp_exact,1.0,73301,False,,
인삼식품 제조업,인삼식품 제조업,10,식료품 제조업,mid,fuzzy,0.8,,False,,
인쇄 및 기록매체 복제업,인쇄 및 기록매체 복제업,180,인쇄 및 기록매체 복제업,sub,exact,1.0,,False,,
인쇄 및 인쇄관련 산업,인쇄 및 인쇄관련 산업,1801,인쇄 및 인쇄관련 산업,basic,exact,1.0,20202101,True,,
인쇄 및 제책용 기계 제조업,인쇄 및 제책용 기계 제조업,2929,인쇄 및 제책용 기계 제조업,hwp_5digit,hwp_exact,1.0,29293,False,,
인쇄관련 산업,인쇄관련 산업,1812,기타 인쇄관련 산업,hwp_5digit,hwp_fuzzy,0.8235,18129,False,,
인쇄업,인쇄업,1811,경 인쇄업,hwp_5digit,hwp_fuzzy,0.75,18111,False,,
인쇄용 및 필기용 원지 제조업,인쇄용 및 필기용 원지 제조업,1712,"신문용지, 인쇄 및 필기용 원지 제조업",basic,fuzzy,0.8333,20111202,True,,
인쇄잉크 및 회화용 물감 제조업,인쇄잉크 및 회화용 물감 제조업,2041,인쇄잉크 및 회화용 물감 제조업,hwp_5digit,hwp_exact,1.0,20413,False,,
인쇄회로기판 및 전자부품 실장기판 제조업,인쇄회로기판 및 전자부품 실장기판 제조업,2630,인쇄회로기판 및 전자부품 실장기판 제조업,basic,exact,1.0,,False,,
인쇄회로기판용 적층판 제조업,인쇄회로기판용 적층판 제조업,2622,인쇄회로기판용 적층판 제조업,hwp_5digit,hwp_exact,1.0,26221,False,,
인테리어 디자인업,인테리어 디자인업,7320,인테리어 디자인업,hwp_5digit,hwp_exact,1.0,73201,False,,
인형 및 장난감 제조업,인형 및 장난감 제조업,3340,인형 및 장난감 제조업,hwp_5digit,hwp_exact,1.0,33401,False,,
"인형, 장난감 및 오락용품 제조업",인형 장난감 및 오락용품 제조업,3301,"인형, 장난감 및 오락용품 제조업",basic,exact,1.0,,False,,
일반 건축자재 도매업,일반 건축자재 도매업,4669,그 외 기타 건축자재 도매업,hwp_5digit,hwp_fuzzy_agg,0.8182,46699,False,,
일반 고등학교,일반 고등학교,8521,일반 고등학교,hwp_5digit,hwp_exact,1.0,85212,False,,
일반 공공 행정,일반 공공 행정,8411,기타 일반 공공 행정,hwp_5digit,hwp_fuzzy,0.8421,84119,False,,
일반 교과 학원,일반 교과 학원,8550,일반 교과 학원,hwp_5digit,hwp_exact,1.0,85501,False,,
일반 교습 학원,일반 교습 학원,8550,일반 교과 학원,hwp_5digit,hwp_fuzzy,0.875,85501,False,,
일반 기계류 수리업,일반 기계류 수리업,3401,기타 일반 기계 및 장비 수리업,manual,manual_override,1.0,34019,False,,
일반 목적용 기계 제조업,일반 목적용 기계 제조업,2859,기타 일반 목적용 기계 제조업,basic,fuzzy,0.8966,,False,,
일반 및 생활 숙박시설 운영업,일반 및 생활 숙박시설 운영업,5510,기타 일반 및 생활 숙박시설 운영업,hwp_5digit,hwp_fuzzy,0.9143,55109,False,,
일반 병원,일반 병원,8610,일반 병원,hwp_5digit,hwp_exact,1.0,86102,False,,
일반 서적 출판업,일반 서적 출판업,5811,일반 서적 출판업,hwp_5digit,hwp_exact,1.0,58113,False,,
일반 영화 및 비디오물 제작업,일반 영화 및 비디오물 제작업,5911,일반 영화 및 비디오물 제작업,hwp_5digit,hwp_exact,1.0,59111,False,,
일반 유흥주점업,일반 유흥주점업,5621,일반 유흥주점업,hwp_5digit,hwp_exact,1.0,56211,False,,
일반 제재업,일반 제재업,1610,일반 제재업,hwp_5digit,hwp_exact,1.0,16101,False,,
일반 중등 교육기관,일반 중등 교육기관,8521,일반 중학교,manual,manual_override,1.0,85211,False,,
일반 창고업,일반 창고업,5210,일반 창고업,hwp_5digit,hwp_exact,1.0,52101,False,,
일반 통신 공사업,일반 통신 공사업,4232,일반 통신 공사업,hwp_5digit,hwp_exact,1.0,42321,False,,
일반 화물자동차 운송업,일반 화물자동차 운송업,4930,일반 화물자동차 운송업,hwp_5digit,hwp_exact,1.0,49301,False,,
일반용 도료 및 관련제품 제조업,일반용 도료 및 관련제품 제조업,2041,일반용 도료 및 관련제품 제조업,hwp_5digit,hwp_exact,1.0,20411,False,,
일반용 전기 조명장치 제조업,일반용 전기 조명장치 제조업,2842,일반용 전기 조명장치 제조업,hwp_5digit,hwp_exact,1.0,28422,False,,
일반전기 공사업,일반전기 공사업,4231,일반전기 공사업,hwp_5digit,hwp_exact,1.0,42311,False,,
일반철물 제조업,일반철물 제조업,2593,일반철물 제조업,hwp_5digit,hwp_exact,1.0,25932,False,,
일식 음식점업,일식 음식점업,5612,일식 음식점업,hwp_5digit,hwp_exact,1.0,56122,False,,
일차전지 및 이차전지 제조업,일차전지 및 이차전지 제조업,2730,일차전지 및 축전지 제조업,basic,fuzzy,0.8966,24122101,True,,
일차전지 제조업,일차전지 제조업,2820,일차전지 제조업,hwp_5digit,hwp_exact,1.0,28201,False,,
임대업; 부동산 제외,임대업,0200,임업,basic,fuzzy,0.8,,False,,
임시 및 일용 인력 공급업,임시 및 일용 인력 공급업,7512,임시 및 일용 인력 공급업,hwp_5digit,hwp_exact,1.0,75121,False,,
임업,임업,0200,임업,basic,exact,1.0,,False,,
임업 관련 서비스업,임업 관련 서비스업,521,운송 관련 서비스업,sub,fuzzy,0.8,,False,,
임업용 종묘 생산업,임업용 종묘 생산업,0201,임업용 종묘 생산업,hwp_5digit,hwp_exact,1.0,02011,False,,
"잉크, 페인트, 코팅제 및 유사제품 제조업",잉크 페인트 코팅제 및 유사제품 제조업,2070,"잉크, 페인트, 코팅제 및 유사제품 제조업",basic,exact,1.0,,False,,
자가 소비를 위한 가사 생산 활동,자가 소비를 위한 가사 생산 활동,9810,자가 소비를 위한 가사 생산 활동,hwp_5digit,hwp_exact,1.0,98100,False,,
자동차 구조 및 장치 변경 업,자동차 구조 및 장치 변경 업,3020,자동차 구조 및 장치 변경업,hwp_5digit,hwp_fuzzy,0.9677,30202,False,,
자동차 내장용 신품 전기ㆍ전자ㆍ정밀 기기 판매업,자동차 내장용 신품 전기전자정밀 기기 판매업,4521,자동차 내장용 신품 전기ㆍ전자ㆍ정밀 기기판매업,linkage_11th,link11_fuzzy,0.9787,45213,False,45213,
자동차 및 부품 판매업,자동차 및 부품 판매업,4511,자동차 신품 판매업,hwp_5digit,hwp_fuzzy,0.8182,45110,False,,
자동차 및 트레일러 제조업,자동차 및 트레일러 제조업,29,자동차 및 트레일러 제조업,mid,exact,1.0,,False,,
자동차 부품 및 내장품 판매업,자동차 부품 및 내장품 판매업,4522,자동차 중고 부품 및 내장품 판매업,hwp_5digit,hwp_fuzzy,0.9143,45220,False,,
자동차 세차업,자동차 세차업,9521,자동차 세차업,hwp_5digit,hwp_exact,1.0,95213,False,,
자동차 수리 및 세차업,자동차 수리 및 세차업,9420,자동차 수리 및 세차업,basic,exact,1.0,,False,,
자동차 신품 부품 및 내장품 판매업,자동차 신품 부품 및 내장품 판매업,4521,기타 자동차 신품 부품 및 내장품 판매업,hwp_5digit,hwp_fuzzy,0.9268,45219,False,,
자동차 신품 부품 제조업,자동차 신품 부품 제조업,2930,자동차 부품 제조업,basic,fuzzy,0.8696,,False,,
자동차 신품 타이어 및 튜브 판매업,자동차 신품 타이어 및 튜브 판매업,4521,자동차 신품 타이어 및 튜브 판매업,hwp_5digit,hwp_exact,1.0,45211,False,,
자동차 신품 판매업,자동차 신품 판매업,4511,자동차 신품 판매업,hwp_5digit,hwp_exact,1.0,45110,False,,
자동차 엔진용 신품 부품 제조업,자동차 엔진용 신품 부품 제조업,3031,자동차 엔진용 신품 부품 제조업,hwp_5digit,hwp_exact,1.0,30310,False,,
자동차 임대업,자동차 임대업,6911,자동차 임대업,hwp_5digit,hwp_exact,1.0,69110,False,,
자동차 재제조 부품 제조업,자동차 재제조 부품 제조업,2930,자동차 부품 제조업,basic,fuzzy,0.8333,,False,,
자동차 전문 수리업,자동차 전문 수리업,9521,자동차 전문 수리업,hwp_5digit,hwp_exact,1.0,95212,False,,
자동차 제조업,자동차 제조업,2930,자동차 부품 제조업,basic,fuzzy,0.8235,,False,,
자동차 종합 수리업,자동차 종합 수리업,9521,자동차 종합 수리업,hwp_5digit,hwp_exact,1.0,95211,False,,
자동차 중고 부품 및 내장품 판매업,자동차 중고 부품 및 내장품 판매업,4522,자동차 중고 부품 및 내장품 판매업,hwp_5digit,hwp_exact,1.0,45220,False,,
자동차 차체 및 트레일러 제조업,자동차 차체 및 트레일러 제조업,292,자동차 차체 및 트레일러 제조업,sub,exact,1.0,,False,,
자동차 차체용 신품 부품 제조업,자동차 차체용 신품 부품 제조업,3032,자동차 차체용 신품 부품 제조업,hwp_5digit,hwp_exact,1.0,30320,False,,
자동차 판매업,자동차 판매업,4512,중고 자동차 판매업,hwp_5digit,hwp_fuzzy,0.8235,45120,False,,
자동차용 금속 압형제품 제조업,자동차용 금속 압형제품 제조업,2522,금속 압형제품 제조업,basic,fuzzy,0.8148,,False,,
자동차용 기타 신품 부품 제조업,자동차용 기타 신품 부품 제조업,3032,자동차 차체용 신품 부품 제조업,hwp_5digit,hwp_fuzzy,0.8235,30320,False,,
자동차용 신품 동력전달장치 및 전기장치 제조업,자동차용 신품 동력전달장치 및 전기장치 제조업,3033,자동차용 신품 동력전달장치 제조업,hwp_5digit,hwp_fuzzy,0.8372,30331,False,,
자동차용 신품 동력전달장치 제조업,자동차용 신품 동력전달장치 제조업,3033,자동차용 신품 동력전달장치 제조업,hwp_5digit,hwp_exact,1.0,30331,False,,
자동차용 신품 의자 제조업,자동차용 신품 의자 제조업,3039,자동차용 신품 의자 제조업,hwp_5digit,hwp_exact,1.0,30393,False,,
자동차용 신품 전기장치 제조업,자동차용 신품 전기장치 제조업,3033,자동차용 신품 전기장치 제조업,hwp_5digit,hwp_exact,1.0,30332,False,,
자동차용 신품 제동장치 제조업,자동차용 신품 제동장치 제조업,3039,자동차용 신품 제동장치 제조업,hwp_5digit,hwp_exact,1.0,30392,False,,
자동차용 신품 조향장치 및 현가장치 제조업,자동차용 신품 조향장치 및 현가장치 제조업,3039,자동차용 신품 조향장치 및 현가 장치 제조업,hwp_5digit,hwp_fuzzy,0.9787,30391,False,,
자동차용 엔진 및 자동차 제조업,자동차용 엔진 및 자동차 제조업,291,자동차용 엔진 및 자동차 제조업,sub,exact,1.0,,False,,
자동차용 엔진 제조업,자동차용 엔진 제조업,2913,자동차용 엔진 제조업,basic,exact,1.0,,False,,
자동차용 전용 신품 부품 판매업,자동차용 전용 신품 부품 판매업,4521,자동차용 전용 신품 부품 판매업,hwp_5digit,hwp_exact,1.0,45212,False,,
자동판매기 운영업,자동판매기 운영업,4799,자동판매기 운영업,hwp_5digit,hwp_exact,1.0,47991,False,,
자료 처리업,자료 처리업,6311,자료 처리업,hwp_5digit,hwp_exact,1.0,63111,False,,
"자료처리, 호스팅 및 관련 서비스업",자료처리 호스팅 및 관련 서비스업,6311,호스팅 및 관련 서비스업,hwp_5digit,hwp_fuzzy,0.8387,63112,False,,
"자료처리, 호스팅, 포털 및 기타 인터넷 정보매개 서비스업",자료처리 호스팅 포털 및 기타 인터넷 정보매개 서비스업,6312,포털 및 기타 인터넷 정보매개 서비스업,hwp_5digit,hwp_fuzzy,0.8235,63120,False,,
자수제품 및 자수용재료 제조업,자수제품 및 자수용재료 제조업,1322,자수제품 및 자수용재료 제조업,hwp_5digit,hwp_exact,1.0,13222,False,,
자연공원 운영업,자연공원 운영업,9023,자연공원 운영업,hwp_5digit,hwp_exact,1.0,90232,False,,
자연과학 및 공학 연구개발업,자연과학 및 공학 연구개발업,7013,자연과학 및 공학 융합 연구개발업,hwp_5digit,hwp_fuzzy,0.9091,70130,False,,
자연과학 및 공학 융합 연구개발업,자연과학 및 공학 융합 연구개발업,7013,자연과학 및 공학 융합 연구개발업,hwp_5digit,hwp_exact,1.0,70130,False,,
자연과학 연구개발업,자연과학 연구개발업,7011,기타 자연과학 연구개발업,hwp_5digit,hwp_fuzzy,0.8696,70119,False,,
자전거 및 기타 운송장비 도매업,자전거 및 기타 운송장비 도매업,4646,자전거 및 기타 운송장비 도매업,hwp_5digit,hwp_exact,1.0,46465,False,,
자전거 및 기타 운송장비 소매업,자전거 및 기타 운송장비 소매업,4763,자전거 및 기타 운송장비 소매업,hwp_5digit,hwp_exact,1.0,47632,False,,
자전거 및 환자용 차량 제조업,자전거 및 환자용 차량 제조업,3199,자전거 및 환자용 차량 제조업,hwp_5digit,hwp_exact,1.0,31991,False,,
작물 재배업,작물 재배업,011,작물 재배업,sub,exact,1.0,,False,,
작물재배 관련 서비스업,작물재배 관련 서비스업,0141,작물재배 지원 서비스업,hwp_5digit,hwp_fuzzy,0.8333,01411,False,,
작물재배 및 축산 관련 서비스업,작물재배 및 축산 관련 서비스업,0141,작물재배 지원 서비스업,hwp_5digit,split_first,0.8571,01411,False,,
작물재배 및 축산 복합농업,작물재배 및 축산 복합농업,0130,작물재배 및 축산 복합농업,hwp_5digit,hwp_exact,1.0,01300,False,,
작물재배 지원 서비스업,작물재배 지원 서비스업,0141,작물재배 지원 서비스업,hwp_5digit,hwp_exact,1.0,01411,False,,
잡지 및 정기간행물 발행업,잡지 및 정기간행물 발행업,5812,잡지 및 정기간행물 발행업,hwp_5digit,hwp_exact,1.0,58122,False,,
"장난감 및 취미, 오락용품 도매업",장난감 및 취미 오락용품 도매업,4391,장난감 및 오락용품,io_name,io_fuzzy,0.8696,33401101,True,,
장례식장 및 관련 서비스업,장례식장 및 관련 서비스업,9692,장례식장 및 장의관련 서비스업,hwp_5digit,hwp_fuzzy,0.9333,96921,False,,
장례식장 및 장의관련 서비스업,장례식장 및 장의관련 서비스업,9692,장례식장 및 장의관련 서비스업,hwp_5digit,hwp_exact,1.0,96921,False,,
장류 제조업,장류 제조업,111,주류 제조업,sub,fuzzy,0.8333,,False,,
장식용 목제품 제조업,장식용 목제품 제조업,1621,건축용 목제품 제조업,basic,fuzzy,0.8182,19210108,False,,
재 보험업,재 보험업,6520,재 보험업,hwp_5digit,hwp_exact,1.0,65200,False,,
재생섬유 제조업,재생섬유 제조업,2050,재생섬유 제조업,hwp_5digit,hwp_exact,1.0,20502,False,,
재생용 재료 및 기타 상품 전문 도매업,재생용 재료 및 기타 상품 전문 도매업,4679,그 외 기타 상품 전문 도매업,hwp_5digit,hwp_fuzzy,0.7568,46799,False,,
재생용 재료 수집 및 판매업,재생용 재료 수집 및 판매업,4679,재생용 재료 수집 및 판매업,hwp_5digit,hwp_exact,1.0,46791,False,,
재정 및 경제정책 행정,재정 및 경제정책 행정,8411,재정 및 경제정책 행정,hwp_5digit,hwp_exact,1.0,84114,False,,
"적층, 합성 및 특수표면처리 종이 제조업",적층 합성 및 특수표면처리 종이 제조업,1712,"적층, 합성 및 특수표면처리 종이 제조업",hwp_5digit,hwp_exact,1.0,17124,False,,
전구 및 램프 제조업,전구 및 램프 제조업,3791,전구 및 램프,io_name,io_exact,1.0,28410101,True,,
전구 및 조명장치 제조업,전구 및 조명장치 제조업,2791,전구 및 조명장치 제조업,basic,exact,1.0,24191101,True,,
"전구, 램프 및 조명장치 도매업",전구 램프 및 조명장치 도매업,4643,"전구, 램프 및 조명장치 도매업",hwp_5digit,hwp_exact,1.0,46432,False,,
전기 공급 및 제어장치 제조업,전기 공급 및 제어장치 제조업,2722,전기 공급 및 제어장치 제조업,basic,exact,1.0,24121110,True,,
전기 공사업,전기 공사업,4231,일반전기 공사업,hwp_5digit,hwp_fuzzy,0.8571,42311,False,,
전기 및 통신 공사업,전기 및 통신 공사업,4231,일반전기 공사업,hwp_5digit,split_first,0.7692,42311,False,,
전기 통신업,전기 통신업,6190,기타 통신업,basic,fuzzy,0.8333,,False,,
전기 판매업,전기 판매업,3513,전기 판매업,hwp_5digit,hwp_exact,1.0,35130,False,,
전기 화물자동차 및 특수목적용 전기 자동차 제조업,전기 화물자동차 및 특수목적용 전기 자동차 제조업,2912,화물자동차 및 특수 목적용 자동차 제조업,basic,fuzzy,0.8571,,False,,
"전기, 가스, 증기 및 공기조절 공급업",전기 가스 증기 및 공기조절 공급업,35,"전기, 가스, 증기 및 공기조절 공급업",mid,exact,1.0,,False,,
전기ㆍ전자 및 정밀기기 수리업,전기전자 및 정밀기기 수리업,9512,전기 및 정밀기기 수리업,hwp_5digit,hwp_fuzzy,0.9286,95123,False,,
전기ㆍ전자공학 연구개발업,전기전자공학 연구개발업,7012,전기ㆍ전자공학 연구개발업,hwp_5digit,hwp_exact,1.0,70121,False,,
전기경보 및 신호장치 제조업,전기경보 및 신호장치 제조업,2890,전기경보 및 신호장치 제조업,hwp_5digit,hwp_exact,1.0,28901,False,,
전기식 진단 및 요법 기기 제조업,전기식 진단 및 요법 기기 제조업,2711,전기식 진단 및 요법 기기 제조업,hwp_5digit,hwp_exact,1.0,27112,False,,
전기업,전기업,3510,전기업,basic,exact,1.0,,False,,
전기용 기계ㆍ장비 및 관련 기자재 도매업,전기용 기계장비 및 관련 기자재 도매업,4659,전기용 기계ㆍ장비 및 관련 기자재 도매업,linkage_11th,link11_exact,1.0,46595,False,46595,
전기용 탄소제품 및 절연제품 제조업,전기용 탄소제품 및 절연제품 제조업,2890,전기용 탄소제품 및 절연제품 제조업,hwp_5digit,hwp_exact,1.0,28902,False,,
전기용품 및 조명장치 소매업,전기용품 및 조명장치 소매업,4759,전기용품 및 조명장치 소매업,hwp_5digit,hwp_exact,1.0,47591,False,,
전기장비 제조업,전기장비 제조업,27,전기장비 제조업,mid,exact,1.0,,False,,
"전기회로 개폐, 보호장치 제조업",전기회로 개폐 보호장치 제조업,2812,"전기회로 개폐, 보호장치 제조업",hwp_5digit,hwp_exact,1.0,28121,False,,
전기회로 접속장치 제조업,전기회로 접속장치 제조업,2812,전기회로 접속장치 제조업,hwp_5digit,hwp_exact,1.0,28122,False,,
전동기 및 발전기 제조업,전동기 및 발전기 제조업,2710,전동기 및 발전기 제조업,basic,exact,1.0,,False,,
"전동기, 발전기 및 전기 변환ㆍ 공급ㆍ제어 장치 제조업",전동기 발전기 및 전기 변환 공급제어 장치 제조업,27,전기장비 제조업,mid,split_first,0.8,,False,,
"전동기, 발전기 및 전기 변환장치 제조업",전동기 발전기 및 전기 변환장치 제조업,27,전기장비 제조업,mid,split_first,0.8,,False,,
전문 디자인업,전문 디자인업,7320,제품 디자인업,manual,manual_override,1.0,73202,False,,
전문 서비스업,전문 서비스업,7160,기타 전문 서비스업,hwp_5digit,hwp_fuzzy,0.8235,71600,False,,
전문가 단체,전문가 단체,9412,전문가 단체,hwp_5digit,hwp_exact,1.0,94120,False,,
전문대학,전문대학,8530,전문대학,hwp_5digit,hwp_exact,1.0,85301,False,,
전문직별 공사업,전문직별 공사업,4231,일반전기 공사업,manual,manual_override,1.0,42311,False,,
전분제품 및 당류 제조업,전분제품 및 당류 제조업,1063,전분제품 및 당류 제조업,basic,exact,1.0,,False,,
전세버스 운송업,전세버스 운송업,4923,전세버스 운송업,hwp_5digit,hwp_exact,1.0,49232,False,,
전시 및 광고용 조명장치 제조업,전시 및 광고용 조명장치 제조업,2791,전구 및 조명장치 제조업,basic,fuzzy,0.8,24191101,True,,
"전시, 컨벤션 및 행사 대행업",전시 컨벤션 및 행사 대행업,7599,"전시, 컨벤션 및 행사 대행업",hwp_5digit,hwp_exact,1.0,75992,False,,
전시용 모형 제조업,전시용 모형 제조업,3393,전시용 모형 제조업,hwp_5digit,hwp_exact,1.0,33932,False,,
전자 게임장 운영업,전자 게임장 운영업,9122,전자 게임장 운영업,hwp_5digit,hwp_exact,1.0,91221,False,,
전자 응용 절삭기계 제조업,전자 응용 절삭기계 제조업,2922,전자 응용 절삭기계 제조업,hwp_5digit,hwp_exact,1.0,29221,False,,
전자감지장치 제조업,전자감지장치 제조업,262,전자표시장치 제조업,sub,fuzzy,0.8,,False,,
"전자기 측정, 시험 및 분석기구 제조업",전자기 측정 시험 및 분석기구 제조업,2721,"전자기 측정, 시험 및 분석기구 제조업",hwp_5digit,hwp_exact,1.0,27212,False,,
전자부품 실장기판 제조업,전자부품 실장기판 제조업,2622,전자부품 실장기판 제조업,hwp_5digit,hwp_exact,1.0,26224,False,,
전자부품 제조업,전자부품 제조업,2640,기타 전자부품 제조업,basic,fuzzy,0.8421,,False,,
"전자부품, 컴퓨터, 영상, 음향 및 통신장비 제조업",전자부품 컴퓨터 영상 음향 및 통신장비 제조업,2640,기타 전자부품 제조업,basic,split_first,0.8421,,False,,
전자상거래 소매 중개업,전자상거래 소매 중개업,4791,전자상거래 소매 중개업,hwp_5digit,hwp_exact,1.0,47911,False,,
전자상거래 소매업,전자상거래 소매업,4791,전자상거래 소매업,hwp_5digit,hwp_exact,1.0,47912,False,,
전자저항기 및 전자카드 제조업,전자저항기 및 전자카드 제조업,2629,전자저항기 및 전자카드 제조업,linkage_11th,link11_exact,1.0,26292,False,26292,통합
전자집적회로 제조업,전자집적회로 제조업,2611,전자집적회로 제조업,basic,exact,1.0,23221101,True,,
전자축전기 제조업,전자축전기 제조업,2629,전자축전기 제조업,hwp_5digit,hwp_exact,1.0,26291,False,,
"전자코일, 변성기 및 기타 전자 유도자 제조업",전자코일 변성기 및 기타 전자 유도자 제조업,2629,"전자코일, 변성기 및 기타 전자 유도자 제조업",hwp_5digit,hwp_exact,1.0,26294,False,,
전지 및 케이블 도매업,전지 및 케이블 도매업,3740,전선 및 케이블,io_name,io_fuzzy,0.875,28301100,True,,
절삭가공 및 유사처리업,절삭가공 및 유사처리업,2592,절삭가공 및 유사처리업,hwp_5digit,hwp_exact,1.0,25924,False,,
절연 코드세트 및 기타 도체 제조업,절연 코드세트 및 기타 도체 제조업,2830,절연 코드세트 및 기타 도체 제조업,hwp_5digit,hwp_exact,1.0,28303,False,,
절연선 및 케이블 제조업,절연선 및 케이블 제조업,2740,절연선 및 케이블 제조업,basic,exact,1.0,,False,,
접착제 및 젤라틴 제조업,접착제 및 젤라틴 제조업,2091,접착제 및 젤라틴 제조업,basic,exact,1.0,,False,,
정기 광고간행물 발행업,정기 광고간행물 발행업,5812,정기 광고간행물 발행업,hwp_5digit,hwp_exact,1.0,58123,False,,
정밀기기 및 과학기기 도매업,정밀기기 및 과학기기 도매업,4659,정밀기기 및 과학기기 도매업,hwp_5digit,hwp_exact,1.0,46593,False,,
정보서비스업,정보서비스업,6300,정보서비스업,basic,exact,1.0,58111,True,,
정부기관 일반 보조 행정,정부기관 일반 보조 행정,8412,정부기관 일반 보조 행정,hwp_5digit,hwp_exact,1.0,84120,False,,
정형 내화 요업제품 제조업,정형 내화 요업제품 제조업,2320,"내화, 비내화 요업제품 제조업",basic,fuzzy,0.8276,,False,,
정형외과용 및 신체보정용 기기 제조업,정형외과용 및 신체보정용 기기 제조업,2719,정형외과용 및 신체보정용 기기 제조업,hwp_5digit,hwp_exact,1.0,27192,False,,
젖소 사육업,젖소 사육업,0121,젖소 사육업,hwp_5digit,hwp_exact,1.0,01211,False,,
제강업,제강업,2411,제강업,hwp_5digit,hwp_exact,1.0,24112,False,,
제과점업,제과점업,5619,제과점업,hwp_5digit,hwp_exact,1.0,56191,False,,
제도업,제도업,7292,제도업,hwp_5digit,hwp_exact,1.0,72922,False,,
제재 및 목재 가공업,제재 및 목재 가공업,1610,제재 및 목재 가공업,basic,exact,1.0,19101101,True,,
제조업 및 유사 산업용 건물 건설업,제조업 및 유사 산업용 건물 건설업,4112,제조업 및 유사 산업용 건물 건설업,hwp_5digit,hwp_exact,1.0,41122,False,,
제조업 회사 본부,제조업 회사 본부,7151,제조업 회사 본부,hwp_5digit,hwp_exact,1.0,71511,False,,
제책업,제책업,1812,제책업,hwp_5digit,hwp_exact,1.0,18122,False,,
"제철, 제강 및 합금철 제조업",제철 제강 및 합금철 제조업,241,"제철, 제강 및 합금철 제조업",sub,exact,1.0,,False,,
제철업,제철업,2411,제철업,hwp_5digit,hwp_exact,1.0,24111,False,,
제판 및 조판업,제판 및 조판업,1812,제판 및 조판업,hwp_5digit,hwp_exact,1.0,18121,False,,
제품 디자인업,제품 디자인업,7320,제품 디자인업,hwp_5digit,hwp_exact,1.0,73202,False,,
조경 건설업,조경 건설업,4122,조경 건설업,hwp_5digit,hwp_exact,1.0,41226,False,,
조경 관리 및 유지 서비스업,조경 관리 및 유지 서비스업,7430,조경 관리 및 유지 서비스업,hwp_5digit,hwp_exact,1.0,74300,False,,
조리 반찬류 소매업,조리 반찬류 소매업,4721,조리 반찬류 소매업,hwp_5digit,hwp_exact,1.0,47218,False,,
조명장치 제조업,조명장치 제조업,3792,조명장치,io_name,io_exact,1.0,28421101,True,,
조미료 도매업,조미료 도매업,4632,조미료 도매업,hwp_5digit,hwp_exact,1.0,46326,False,,
조미료 및 식품 첨가물 제조업,조미료 및 식품 첨가물 제조업,1043,조미료 및 식품첨가물 제조업,basic,fuzzy,0.9677,,False,,
조적 및 석 공사업,조적 및 석 공사업,4213,조적 및 석 공사업,hwp_5digit,hwp_exact,1.0,42133,False,,
"종이 원지, 판지, 종이상자 도매업",종이 원지 판지 종이상자 도매업,4675,"종이 원지, 판지, 종이상자 도매업",hwp_5digit,hwp_exact,1.0,46750,False,,
종이 포대 및 가방 제조업,종이 포대 및 가방 제조업,1722,종이 포대 및 가방 제조업,hwp_5digit,hwp_exact,1.0,17221,False,,
"종이포대, 판지상자 및 종이용기 제조업",종이포대 판지상자 및 종이용기 제조업,1722,판지 상자 및 용기 제조업,hwp_5digit,hwp_fuzzy,0.7647,17222,False,,
종자 및 묘목 도매업,종자 및 묘목 도매업,4620,종자 및 묘목 도매업,hwp_5digit,hwp_exact,1.0,46202,False,,
종자 및 묘목 생산업,종자 및 묘목 생산업,0112,종자 및 묘목 생산업,hwp_5digit,hwp_exact,1.0,01123,False,,
종합 건설업,종합 건설업,4111,주거용 건물 건설업,manual,manual_override,1.0,41110,False,,
종합 병원,종합 병원,8610,종합 병원,hwp_5digit,hwp_exact,1.0,86101,False,,
종합 소매업,종합 소매업,4719,그 외 기타 종합 소매업,hwp_5digit,hwp_fuzzy_agg,0.8,47190,False,,
종합 스포츠시설 운영업,종합 스포츠시설 운영업,9113,종합 스포츠시설 운영업,hwp_5digit,hwp_exact,1.0,91131,False,,
종합복지관 운영업,종합복지관 운영업,8729,종합복지관 운영업,hwp_5digit,hwp_exact,1.0,87292,False,,
주거용 건물 개발 및 공급업,주거용 건물 개발 및 공급업,6812,주거용 건물 개발 및 공급업,hwp_5digit,hwp_exact,1.0,68121,False,,
주거용 건물 건설업,주거용 건물 건설업,4110,주거용 건물 건설업,basic,exact,1.0,,False,,
주거용 건물 임대업,주거용 건물 임대업,6810,주거용 건물 임대업,basic,exact,1.0,,False,,
주거용 부동산 관리업,주거용 부동산 관리업,6821,주거용 부동산 관리업,hwp_5digit,hwp_exact,1.0,68211,False,,
주류 도매업,주류 도매업,4633,주류 도매업,hwp_5digit,hwp_exact,1.0,46331,False,,
주방용 및 음식점용 목재가구 제조업,주방용 및 음식점용 목재가구 제조업,3202,주방용 및 음식점용 목재가구 제조업,hwp_5digit,hwp_exact,1.0,32021,False,,
주방용 전기기기 제조업,주방용 전기기기 제조업,2851,주방용 전기기기 제조업,hwp_5digit,hwp_exact,1.0,28511,False,,
"주방용품 및 가정용 유리, 요업 제품 소매업",주방용품 및 가정용 유리 요업 제품 소매업,4759,"주방용품 및 가정용 유리, 요업 제품 소매업",hwp_5digit,hwp_exact,1.0,47592,False,,
주점업,주점업,5813,주점,io_name,io_exact,1.0,56211,True,,
주정 제조업,주정 제조업,111,주류 제조업,sub,fuzzy,0.8333,,False,,
주차장 운영업,주차장 운영업,5291,주차장 운영업,hwp_5digit,hwp_exact,1.0,52915,False,,
주철관 제조업,주철관 제조업,2430,철강관 제조업,basic,fuzzy,0.8571,,False,,
주형 및 금형 제조업,주형 및 금형 제조업,2895,주형 및 금형 제조업,basic,exact,1.0,,False,,
중고 자동차 판매업,중고 자동차 판매업,4512,중고 자동차 판매업,hwp_5digit,hwp_exact,1.0,45120,False,,
중식 음식점업,중식 음식점업,5612,중식 음식점업,hwp_5digit,hwp_exact,1.0,56121,False,,
중앙 최고 집행기관,중앙 최고 집행기관,8411,중앙 최고 집행기관,hwp_5digit,hwp_exact,1.0,84112,False,,
중앙은행,중앙은행,6411,중앙은행,hwp_5digit,hwp_exact,1.0,64110,False,,
증권 및 선물 중개업,증권 및 선물 중개업,6612,증권 중개업,hwp_5digit,split_first,1.0,66121,False,,
"증권 발행, 관리, 보관 및 거래 지원 서비스업",증권 발행 관리 보관 및 거래 지원 서비스업,6619,"증권 발행, 관리, 보관 및 거래 지원 서비스업",hwp_5digit,hwp_exact,1.0,66191,False,,
증권 중개업,증권 중개업,6612,증권 중개업,hwp_5digit,hwp_exact,1.0,66121,False,,
"증기, 냉ㆍ온수 및 공기조절 공급업",증기 냉온수 및 공기조절 공급업,3530,"증기, 냉․온수 및 공기조절 공급업",basic,fuzzy,0.9714,,False,,
"증류기, 열교환기 및 가스발생기 제조업",증류기 열교환기 및 가스발생기 제조업,2917,"증류기, 열교환기 및 가스발생기 제조업",hwp_5digit,hwp_exact,1.0,29176,False,,
지반조성 건설업,지반조성 건설업,4121,지반조성 건설업,hwp_5digit,hwp_exact,1.0,41210,False,,
지방행정 집행기관,지방행정 집행기관,8411,지방행정 집행기관,hwp_5digit,hwp_exact,1.0,84113,False,,
"지붕, 내ㆍ외벽 축조 관련 전문 공사업",지붕 내외벽 축조 관련 전문 공사업,4219,"지붕, 내ㆍ외벽 축조 관련 전문 공사업",linkage_11th,link11_exact,1.0,42196,False,42196,코드변경
지상파 방송업,지상파 방송업,6001,지상파 방송업,basic,exact,1.0,60100,True,,
"지정 외 폐기물 수집, 운반업",지정 외 폐기물 수집 운반업,3811,"지정 외 폐기물 수집, 운반업",hwp_5digit,hwp_exact,1.0,38110,False,,
지정 외 폐기물 처리업,지정 외 폐기물 처리업,3821,지정 외 폐기물 처리업,hwp_5digit,hwp_exact,1.0,38210,False,,
"지정 폐기물 수집, 운반업",지정 폐기물 수집 운반업,3812,"지정 폐기물 수집, 운반업",hwp_5digit,hwp_exact,1.0,38120,False,,
지정 폐기물 처리업,지정 폐기물 처리업,3822,지정 폐기물 처리업,hwp_5digit,hwp_exact,1.0,38220,False,,
지주회사,지주회사,6499,지주회사,hwp_5digit,hwp_exact,1.0,64992,False,,
지질 조사·탐사 및 지도 제작업,지질 조사탐사 및 지도 제작업,7292,지질 조사·탐사 및 지도 제작업,linkage_11th,link11_exact,1.0,72923,False,72923,통합
직물 도매업,직물 도매업,4674,직물 도매업,hwp_5digit,hwp_exact,1.0,46742,False,,
직물 직조업,직물 직조업,1321,모직물 직조업,hwp_5digit,hwp_fuzzy,0.9231,13212,False,,
"직물, 편조원단 및 의복류 염색 가공업",직물 편조원단 및 의복류 염색 가공업,1340,"직물, 편조원단 및 의복류 염색 가공업",hwp_5digit,hwp_exact,1.0,13402,False,,
직물제품 제조업,직물제품 제조업,2392,석제품 제조업,basic,fuzzy,0.8,22231100,True,,
직물직조 및 직물제품 제조업,직물직조 및 직물제품 제조업,1312,직물직조 및 직물제품 제조업,basic,exact,1.0,16211101,True,,
직물포대 제조업,직물포대 제조업,1322,직물포대 제조업,hwp_5digit,hwp_exact,1.0,13225,False,,
직원훈련기관,직원훈련기관,8565,직원훈련기관,hwp_5digit,hwp_exact,1.0,85650,False,,
"질소화합물, 질소, 인산 및 칼리질 화학비료 제조업",질소화합물 질소 인산 및 칼리질 화학비료 제조업,2031,"질소화합물, 질소, 인산 및 칼리질 화학비료 제조업",hwp_5digit,hwp_exact,1.0,20311,False,,
차류 가공업,차류 가공업,1079,차류 가공업,hwp_5digit,hwp_exact,1.0,10792,False,,
차체 및 특장차 제조업,차체 및 특장차 제조업,2921,차체 및 특장차 제조업,basic,exact,1.0,,False,,
창고 및 운송관련 서비스업,창고 및 운송관련 서비스업,52,창고 및 운송 관련 서비스업,mid,fuzzy,0.9655,,False,,
창작 및 예술관련 서비스업,창작 및 예술관련 서비스업,9019,그 외 기타 창작 및 예술관련 서비스업,hwp_5digit,hwp_fuzzy,0.8,90199,False,,
"창작, 예술 및 여가관련 서비스업",창작 예술 및 여가관련 서비스업,8800,"창작, 예술 및 오락관련 서비스업",basic,fuzzy,0.8824,,False,,
"채소, 과실 및 뿌리작물 소매업",채소 과실 및 뿌리작물 소매업,4721,"채소, 과실 및 뿌리작물 소매업",hwp_5digit,hwp_exact,1.0,47215,False,,
"채소, 화훼 및 과실작물 시설 재배업",채소 화훼 및 과실작물 시설 재배업,0115,"채소, 화훼 및 과실작물 시설 재배업",hwp_5digit,hwp_exact,1.0,01152,False,,
"채소, 화훼작물 및 종묘 재배업",채소 화훼작물 및 종묘 재배업,0112,채소작물 재배업,hwp_5digit,split_first,0.8571,01121,False,,
"채소류, 서류 및 향신작물류 도매업",채소류 서류 및 향신작물류 도매업,4631,"채소류, 서류 및 향신작물류 도매업",hwp_5digit,hwp_exact,1.0,46312,False,,
채소작물 재배업,채소작물 재배업,011,작물 재배업,sub,fuzzy,0.8571,,False,,
"천막, 텐트 및 유사 제품 제조업",천막 텐트 및 유사 제품 제조업,1322,"천막, 텐트 및 유사 제품 제조업",hwp_5digit,hwp_exact,1.0,13224,False,,
천연 및 혼합조제 조미료 제조업,천연 및 혼합조제 조미료 제조업,1074,천연 및 혼합조제 조미료 제조업,hwp_5digit,hwp_exact,1.0,10742,False,,
천일염 생산 및 암염 채취업,천일염 생산 및 암염 채취업,0722,천일염 생산 및 암염 채취업,hwp_5digit,hwp_exact,1.0,07220,False,,
철 광업,철 광업,0610,철 광업,hwp_5digit,hwp_exact,1.0,06100,False,,
"철강 압연, 압출 및 연신제품 제조업",철강 압연 압출 및 연신제품 제조업,242,"철강 압연, 압출 및 연신제품 제조업",sub,exact,1.0,,False,,
철강 주조업,철강 주조업,2412,철강선 제조업,hwp_5digit,hwp_fuzzy,0.7692,24123,False,,
철강관 제조업,철강관 제조업,2430,철강관 제조업,basic,exact,1.0,,False,,
철강선 제조업,철강선 제조업,2423,철강선 제조업,basic,exact,1.0,,False,,
철골 및 관련 구조물 공사업,철골 및 관련 구조물 공사업,4213,철골 및 관련 구조물 공사업,hwp_5digit,hwp_exact,1.0,42131,False,,
"철골, 철근 및 콘크리트 공사업",철골 철근 및 콘크리트 공사업,4213,철골 및 관련 구조물 공사업,manual,manual_override,1.0,42131,False,,
철도 여객 운송업,철도 여객 운송업,4921,도로 여객 운송업,basic,fuzzy,0.8889,,False,,
철도 운송업,철도 운송업,4910,철도 운송업,basic,exact,1.0,,False,,
철도 운송지원 서비스업,철도 운송지원 서비스업,5213,항공 운송지원 서비스업,basic,fuzzy,0.8333,,False,,
철도궤도 전문공사업,철도궤도 전문공사업,4213,철도궤도 전문공사업,hwp_5digit,hwp_exact,1.0,42135,False,,
철도장비 제조업,철도장비 제조업,3110,철도장비 제조업,basic,exact,1.0,,False,,
철도차량 부품 및 관련 장치물 제조업,철도차량 부품 및 관련 장치물 제조업,3120,철도차량 부품 및 관련 장치물 제조업,hwp_5digit,hwp_exact,1.0,31202,False,,
철물 및 난방용구 소매업,철물 및 난방용구 소매업,4751,철물 및 난방용구 소매업,hwp_5digit,hwp_exact,1.0,47511,False,,
"철물, 공구, 창호 및 건설자재 소매업",철물 공구 창호 및 건설자재 소매업,4751,"페인트, 창호 및 기타 건설자재 소매업",manual,manual_override,1.0,47519,False,,
"철물, 금속 파스너 및 수공구 도매업",철물 금속 파스너 및 수공구 도매업,4662,"철물, 금속 파스너 및 수공구 도매업",hwp_5digit,hwp_exact,1.0,46622,False,,
청소년 수련시설 운영업,청소년 수련시설 운영업,8561,청소년 수련시설 운영업,hwp_5digit,hwp_exact,1.0,85614,False,,
체력단련시설 운영업,체력단련시설 운영업,9113,체력단련시설 운영업,hwp_5digit,hwp_exact,1.0,91132,False,,
체육공원 및 유사 공원 운영업,체육공원 및 유사 공원 운영업,9129,체육공원 및 유사 공원 운영업,hwp_5digit,hwp_exact,1.0,91292,False,,
체인화 편의점,체인화 편의점,4712,체인화 편의점,hwp_5digit,hwp_exact,1.0,47122,False,,
"체조, 육상 및 체력단련용 장비 제조업",체조 육상 및 체력단련용 장비 제조업,3330,"체조, 육상 및 체력단련용 장비 제조업",hwp_5digit,hwp_exact,1.0,33301,False,,
체형 등 기타 신체관리 서비스업,체형 등 기타 신체관리 서비스업,9612,체형 등 기타 신체관리 서비스업,hwp_5digit,hwp_exact,1.0,96129,False,,
초등 교육기관,초등 교육기관,8512,초등학교,manual,manual_override,1.0,85120,False,,
초등학교,초등학교,8512,초등학교,hwp_5digit,hwp_exact,1.0,85120,False,,
축산 관련 서비스업,축산 관련 서비스업,0130,농축산 관련서비스업,basic,fuzzy,0.9,,False,,
축산 분뇨 처리업,축산 분뇨 처리업,3702,축산 분뇨 처리업,hwp_5digit,hwp_exact,1.0,37022,False,,
축산업,축산업,012,축산업,sub,exact,1.0,,False,,
출장 음식 서비스업,출장 음식 서비스업,5613,출장 음식 서비스업,hwp_5digit,hwp_exact,1.0,56131,False,,
출판업,출판업,5811,서적 출판업,manual,manual_override,1.0,58110,False,,
"측량, 지질조사 및 지도제작업",측량 지질조사 및 지도제작업,7292,지질 조사·탐사 및 지도 제작업,linkage_11th,link11_fuzzy,0.7742,72923,False,72923,통합
측량업,측량업,7292,측량업,hwp_5digit,hwp_exact,1.0,72921,False,,
"측정, 시험, 항해, 제어 및 기타 정밀기기 제조업",측정 시험 항해 제어 및 기타 정밀기기 제조업,2682,"측정, 시험, 항해, 제어기기 제조업",basic,fuzzy,0.8095,,False,,
"측정, 시험, 항해, 제어 및 기타 정밀기기 제조업; 광학기기 제외",측정 시험 항해 제어 및 기타 정밀기기 제조업,2682,"측정, 시험, 항해, 제어기기 제조업",basic,fuzzy,0.8095,,False,,
치과기공물 제조업,치과기공물 제조업,2719,치과기공물 제조업,linkage_11th,link11_exact,1.0,27192,False,27192,세분
치과용 기기 제조업,치과용 기기 제조업,2681,의료용 기기 제조업,basic,fuzzy,0.8,,False,,
치과용 임플란트 제조업,치과용 임플란트 제조업,2719,치과용 임플란트 제조업,linkage_11th,link11_exact,1.0,27193,False,27193,세분
"치약, 비누 및 기타 세제 제조업",치약 비누 및 기타 세제 제조업,2042,"치약, 비누 및 기타 세제 제조업",hwp_5digit,hwp_exact,1.0,20422,False,,
치킨 전문점,치킨 전문점,5619,치킨 전문점,hwp_5digit,hwp_exact,1.0,56193,False,,
침구 및 관련제품 제조업,침구 및 관련제품 제조업,1322,침구 및 관련제품 제조업,hwp_5digit,hwp_exact,1.0,13221,False,,
침대 및 내장가구 제조업,침대 및 내장가구 제조업,3201,소파 및 기타 내장가구 제조업,hwp_5digit,hwp_fuzzy,0.7586,32019,False,,
"카펫, 마루덮개 및 유사제품 제조업",카펫 마루덮개 및 유사제품 제조업,1391,"카펫, 마루덮개 및 유사제품 제조업",hwp_5digit,hwp_exact,1.0,13910,False,,
커튼 및 유사제품 제조업,커튼 및 유사제품 제조업,1322,커튼 및 유사제품 제조업,hwp_5digit,hwp_exact,1.0,13223,False,,
커튼 및 침구용품 도매업,커튼 및 침구용품 도매업,4641,커튼 및 침구용품 도매업,hwp_5digit,hwp_exact,1.0,46412,False,,
커피 가공업,커피 가공업,1079,커피 가공업,hwp_5digit,hwp_exact,1.0,10791,False,,
커피 및 차류 도매업,커피 및 차류 도매업,1082,커피 및 차류 가공업,basic,fuzzy,0.8182,,False,,
커피 전문점,커피 전문점,5622,커피 전문점,hwp_5digit,hwp_exact,1.0,56221,False,,
컨베이어장치 제조업,컨베이어장치 제조업,2916,컨베이어장치 제조업,hwp_5digit,hwp_exact,1.0,29163,False,,
컴퓨터 게임방 운영업,컴퓨터 게임방 운영업,9122,컴퓨터 게임방 운영업,hwp_5digit,hwp_exact,1.0,91222,False,,
컴퓨터 모니터 제조업,컴퓨터 모니터 제조업,2632,컴퓨터 모니터 제조업,hwp_5digit,hwp_exact,1.0,26322,False,,
컴퓨터 및 사무용 기계ㆍ장비 임대업,컴퓨터 및 사무용 기계장비 임대업,6932,컴퓨터 및 사무용 기계장비 임대업,hwp_5digit,hwp_exact,1.0,69320,False,,
컴퓨터 및 주변 기기 수리업,컴퓨터 및 주변 기기 수리업,3409,컴퓨터 주변기기,io_name,io_fuzzy,0.8421,26322101,True,,
컴퓨터 및 주변장치 제조업,컴퓨터 및 주변장치 제조업,265,컴퓨터 및 주변장치 제조업,sub,exact,1.0,,False,,
"컴퓨터 및 주변장치, 소프트웨어 도매업",컴퓨터 및 주변장치 소프트웨어 도매업,4651,"컴퓨터 및 주변장치, 소프트웨어 도매업",hwp_5digit,hwp_exact,1.0,46510,False,,
"컴퓨터 및 주변장치, 소프트웨어 및 통신기기 소매업",컴퓨터 및 주변장치 소프트웨어 및 통신기기 소매업,4731,"컴퓨터 및 주변장치, 소프트웨어 소매업",hwp_5digit,hwp_fuzzy,0.8511,47311,False,,
"컴퓨터 및 주변장치, 소프트웨어 소매업",컴퓨터 및 주변장치 소프트웨어 소매업,4731,"컴퓨터 및 주변장치, 소프트웨어 소매업",hwp_5digit,hwp_exact,1.0,47311,False,,
컴퓨터 제조업,컴퓨터 제조업,2651,컴퓨터 제조업,basic,exact,1.0,,False,,
컴퓨터 프로그래밍 서비스업,컴퓨터 프로그래밍 서비스업,6201,컴퓨터 프로그래밍 서비스업,hwp_5digit,hwp_exact,1.0,62010,False,,
"컴퓨터 프로그래밍, 시스템 통합 및 관리업",컴퓨터 프로그래밍 시스템 통합 및 관리업,6200,"컴퓨터 프로그래밍, 시스템 통합 및 관리업",basic,exact,1.0,,False,,
컴퓨터 프린터 제조업,컴퓨터 프린터 제조업,2632,컴퓨터 프린터 제조업,hwp_5digit,hwp_exact,1.0,26323,False,,
컴퓨터 학원,컴퓨터 학원,8569,컴퓨터 학원,hwp_5digit,hwp_exact,1.0,85691,False,,
컴퓨터시설 관리업,컴퓨터시설 관리업,6202,컴퓨터시설 관리업,hwp_5digit,hwp_exact,1.0,62022,False,,
컴퓨터시스템 통합 자문 및 구축 서비스업,컴퓨터시스템 통합 자문 및 구축 서비스업,6202,컴퓨터시스템 통합 자문 및 구축 서비스업,hwp_5digit,hwp_exact,1.0,62021,False,,
"컴퓨터시스템 통합 자문, 구축 및 관리업",컴퓨터시스템 통합 자문 구축 및 관리업,6202,컴퓨터시스템 통합 자문 및 구축 서비스업,hwp_5digit,hwp_fuzzy,0.7907,62021,False,,
코르크 및 조물제품 제조업,코르크 및 조물제품 제조업,1630,코르크 및 조물제품 제조업,hwp_5digit,hwp_exact,1.0,16300,False,,
코크스 및 연탄 제조업,코크스 및 연탄 제조업,1910,코크스 및 연탄 제조업,basic,exact,1.0,,False,,
"코크스, 연탄 및 석유정제품 제조업",코크스 연탄 및 석유정제품 제조업,19,코크스 및 석유정제품 제조업,mid,fuzzy,0.9091,,False,,
콘크리트 관 및 기타 구조용 콘크리트 제품 제조업,콘크리트 관 및 기타 구조용 콘크리트 제품 제조업,2332,콘크리트 관 및 기타 구조용 콘크리트 제품 제조업,hwp_5digit,hwp_exact,1.0,23325,False,,
콘크리트 및 철근 공사업,콘크리트 및 철근 공사업,4213,콘크리트 및 철근 공사업,hwp_5digit,hwp_exact,1.0,42132,False,,
"콘크리트 타일, 기와, 벽돌 및 블록 제조업",콘크리트 타일 기와 벽돌 및 블록 제조업,2332,"콘크리트 타일, 기와, 벽돌 및 블록 제조업",hwp_5digit,hwp_exact,1.0,23324,False,,
"콘크리트, 레미콘 및 기타 시멘트, 플라스터 제품 제조업",콘크리트 레미콘 및 기타 시멘트 플라스터 제품 제조업,2342,"콘크리트, 시멘트 및 플라스터제품 제조업",manual,manual_override,1.0,23420,False,,
콜센터 및 텔레마케팅 서비스업,콜센터 및 텔레마케팅 서비스업,7599,콜센터 및 텔레마케팅 서비스업,hwp_5digit,hwp_exact,1.0,75991,False,,
크라프트지 및 기타 상자용 판지 제조업,크라프트지 및 기타 상자용 판지 제조업,1712,크라프트지 및 상자용 판지 제조업,hwp_5digit,hwp_fuzzy,0.9231,17123,False,,
타일 및 유사 비내화 요업제품 제조업,타일 및 유사 비내화 요업제품 제조업,2323,타일 및 유사 비내화 요업제품 제조업,hwp_5digit,hwp_exact,1.0,23232,False,,
탁주 및 약주 제조업,탁주 및 약주 제조업,1111,탁주 및 약주 제조업,hwp_5digit,hwp_exact,1.0,11111,False,,
탄소섬유 제조업,탄소섬유 제조업,2399,탄소섬유 제조업,hwp_5digit,hwp_exact,1.0,23995,False,,
태양력 발전업,태양력 발전업,3511,태양력 발전업,hwp_5digit,hwp_exact,1.0,35114,False,,
택배업,택배업,4940,택배업,hwp_5digit,hwp_exact,1.0,49401,False,,
택시 운송업,택시 운송업,4923,택시 운송업,hwp_5digit,hwp_exact,1.0,49231,False,,
"탭, 밸브 및 유사장치 제조업",탭 밸브 및 유사장치 제조업,2913,"탭, 밸브 및 유사장치 제조업",hwp_5digit,hwp_exact,1.0,29133,False,,
텔레비전 방송업,텔레비전 방송업,2651,텔레비전 제조업,hwp_5digit,hwp_fuzzy,0.75,26511,False,,
텔레비전 제조업,텔레비전 제조업,2671,텔레비전 제조업,basic,exact,1.0,,False,,
"텔레비전, 비디오 및 기타 영상기기 제조업",텔레비전 비디오 및 기타 영상기기 제조업,2672,비디오 및 기타 영상기기 제조업,basic,fuzzy,0.8718,,False,,
토공사업,토공사업,4212,토공사업,hwp_5digit,hwp_exact,1.0,42121,False,,
토목 건설업,토목 건설업,42,토목 건설업,mid,exact,1.0,,False,,
토목시설물 건설업,토목시설물 건설업,422,일반토목시설 건설업,sub,fuzzy,0.8421,,False,,
토양 및 지하수 정화업,토양 및 지하수 정화업,3900,토양 및 지하수 정화업,hwp_5digit,hwp_exact,1.0,39001,False,,
톱 및 호환성 공구 제조업,톱 및 호환성 공구 제조업,2593,톱 및 호환성 공구 제조업,hwp_5digit,hwp_exact,1.0,25934,False,,
통관 대리 및 관련서비스업,통관 대리 및 관련서비스업,5299,통관 대리 및 관련서비스업,hwp_5digit,hwp_exact,1.0,52991,False,,
통신 공사업,통신 공사업,4232,일반 통신 공사업,hwp_5digit,hwp_fuzzy,0.8,42321,False,,
통신 및 방송 장비 제조업,통신 및 방송 장비 제조업,266,통신 및 방송장비 제조업,sub,fuzzy,0.963,,False,,
통신 재판매업,통신 재판매업,6129,통신 재판매업,hwp_5digit,hwp_exact,1.0,61291,False,,
통신 판매업,통신 판매업,6129,통신 재판매업,hwp_5digit,hwp_fuzzy,0.9231,61291,False,,
통신ㆍ방송장비 및 부품 도매업,통신방송장비 및 부품 도매업,4652,통신ㆍ방송장비 및 부품 도매업,linkage_11th,link11_exact,1.0,46522,False,46522,
통신기기 소매업,통신기기 소매업,3511,유선통신기기,io_name,io_fuzzy,0.8,26410101,True,,
통신장비 수리업,통신장비 수리업,9512,통신장비 수리업,hwp_5digit,hwp_exact,1.0,95120,False,,
투자 자문업 및 투자 일임업,투자 자문업 및 투자 일임업,6619,투자 자문업 및 투자 일임업,hwp_5digit,hwp_exact,1.0,66192,False,,
트레일러 및 세미등산로로 제조업,트레일러 및 세미등산로로 제조업,3020,트레일러 및 세미트레일러 제조업,hwp_5digit,hwp_fuzzy,0.7647,30203,False,,
특수 목적용 기계 제조업,특수 목적용 기계 제조업,2899,기타 특수목적용 기계 제조업,basic,fuzzy,0.8571,,False,,
특수 직물 및 기타 직물 직조업,특수 직물 및 기타 직물 직조업,1321,특수 직물 및 기타 직물 직조업,hwp_5digit,hwp_exact,1.0,13219,False,,
특수여객자동차 운송업,특수여객자동차 운송업,4923,특수여객자동차 운송업,hwp_5digit,hwp_exact,1.0,49233,False,,
파이프라인 운송업,파이프라인 운송업,4950,파이프라인 운송업,hwp_5digit,hwp_exact,1.0,49500,False,,
파일공사 및 축조관련 기초 공사업,파일공사 및 축조관련 기초 공사업,4212,파일공사 및 축조관련 기초 공사업,hwp_5digit,hwp_exact,1.0,42123,False,,
판유리 및 판유리 가공품 제조업,판유리 및 판유리 가공품 제조업,2311,판유리 및 판유리 가공품 제조업,basic,exact,1.0,,False,,
판유리 제조업,판유리 제조업,2311,판유리 제조업,hwp_5digit,hwp_exact,1.0,23110,False,,
판지 상자 및 용기 제조업,판지 상자 및 용기 제조업,1722,판지 상자 및 용기 제조업,hwp_5digit,hwp_exact,1.0,17222,False,,
"패션, 섬유류 및 기타 전문 디자인업",패션 섬유류 및 기타 전문 디자인업,7320,"패션, 섬유류 및 기타 전문 디자인업",hwp_5digit,hwp_exact,1.0,73209,False,,
펄프 제조업,펄프 제조업,1711,펄프 제조업,basic,exact,1.0,20111101,True,,
"펄프, 종이 및 종이제품 제조업",펄프 종이 및 종이제품 제조업,17,펄프 및 종이제품 제조업,mid,fuzzy,0.8966,,False,,
"펄프, 종이 및 판지 제조업",펄프 종이 및 판지 제조업,171,"펄프, 종이 및 판지 제조업",sub,exact,1.0,,False,,
"펌프 및 압축기 제조업; 탭, 밸브 및 유사장치 제조 포함",펌프 및 압축기 제조업,2820,"유압기기, 펌프 및 압축기 제조업",basic,fuzzy,0.8276,,False,,
"페인트, 창호 및 기타 건설자재 소매업",페인트 창호 및 기타 건설자재 소매업,4751,"페인트, 창호 및 기타 건설자재 소매업",hwp_5digit,hwp_exact,1.0,47519,False,,
편조원단 제조업,편조원단 제조업,1391,편조원단 제조업,basic,exact,1.0,,False,,
편조의복 액세서리 제조업,편조의복 액세서리 제조업,1441,기타 편조의복 액세서리 제조업,hwp_5digit,hwp_fuzzy,0.8966,14419,False,,
편조의복 제조업,편조의복 제조업,1402,편조의복 제조업,basic,exact,1.0,,False,,
"폐기물 수집, 운반, 처리 및 원료 재생업",폐기물 수집 운반 처리 및 원료 재생업,3800,"폐기물 수집, 운반, 처리 및 원료 재생업",basic,exact,1.0,,False,,
"폐기물 수집, 운반업",폐기물 수집 운반업,3812,"지정 폐기물 수집, 운반업",hwp_5digit,hwp_fuzzy,0.8696,38120,False,,
폐기물 처리업,폐기물 처리업,3822,지정 폐기물 처리업,hwp_5digit,hwp_fuzzy,0.8235,38220,False,,
폐수 처리업,폐수 처리업,3701,폐수 처리업,hwp_5digit,hwp_exact,1.0,37012,False,,
포장 공사업,포장 공사업,4213,포장 공사업,hwp_5digit,hwp_exact,1.0,42134,False,,
포장 및 충전업,포장 및 충전업,7599,포장 및 충전업,hwp_5digit,hwp_exact,1.0,75994,False,,
포장용 유리용기 제조업,포장용 유리용기 제조업,2319,포장용 유리용기 제조업,hwp_5digit,hwp_exact,1.0,23192,False,,
포장용 플라스틱 성형용기 제조업,포장용 플라스틱 성형용기 제조업,2223,포장용 플라스틱 성형용기 제조업,hwp_5digit,hwp_exact,1.0,22232,False,,
포장용 플라스틱제품 제조업,포장용 플라스틱제품 제조업,2240,포장용 프라스틱제품 제조업,basic,fuzzy,0.9286,,False,,
포털 및 기타 인터넷 정보매개 서비스업,포털 및 기타 인터넷 정보매개 서비스업,6312,포털 및 기타 인터넷 정보매개 서비스업,hwp_5digit,hwp_exact,1.0,63120,False,,
폴리스티렌 발포 성형제품 제조업,폴리스티렌 발포 성형제품 제조업,2225,폴리스티렌 발포 성형제품 제조업,hwp_5digit,hwp_exact,1.0,22251,False,,
표구처리업,표구처리업,3393,표구처리업,hwp_5digit,hwp_exact,1.0,33933,False,,
표면 가공 목재 및 특정 목적용 제재목 제조업,표면 가공 목재 및 특정 목적용 제재목 제조업,1610,표면 가공 목재 및 특정 목적용 제재목 제조업,hwp_5digit,hwp_exact,1.0,16102,False,,
표면광택제 및 실내가향제 제조업,표면광택제 및 실내가향제 제조업,2042,표면광택제 및 실내가향제 제조업,hwp_5digit,hwp_exact,1.0,20424,False,,
표면처리 및 적층 직물 제조업,표면처리 및 적층 직물 제조업,1399,표면처리 및 적층 직물 제조업,hwp_5digit,hwp_exact,1.0,13994,False,,
표시장치 제조업,표시장치 제조업,262,전자표시장치 제조업,sub,fuzzy,0.8889,,False,,
풍력 발전업,풍력 발전업,3511,화력 발전업,hwp_5digit,hwp_fuzzy,0.8333,35113,False,,
프로그램 공급업,프로그램 공급업,6022,프로그램 공급업,hwp_5digit,hwp_exact,1.0,60221,False,,
플라스터 혼합제품 제조업,플라스터 혼합제품 제조업,2332,플라스터 혼합제품 제조업,hwp_5digit,hwp_exact,1.0,23323,False,,
플라스틱 발포 성형제품 제조업,플라스틱 발포 성형제품 제조업,2225,플라스틱 발포 성형제품 제조업,hwp_5digit,hwp_exact,1.0,22250,False,,
"플라스틱 선, 봉, 관 및 호스 제조업",플라스틱 선 봉 관 및 호스 제조업,2221,"플라스틱 선, 봉, 관 및 호스 제조업",hwp_5digit,hwp_exact,1.0,22211,False,,
플라스틱 시트 및 판 제조업,플라스틱 시트 및 판 제조업,2221,플라스틱 시트 및 판 제조업,hwp_5digit,hwp_exact,1.0,22213,False,,
"플라스틱 적층, 도포 및 기타 표면처리 제품 제조업",플라스틱 적층 도포 및 기타 표면처리 제품 제조업,2229,"플라스틱 적층, 도포 및 기타 표면처리 제품 제조업",hwp_5digit,hwp_exact,1.0,22292,False,,
플라스틱 접착처리 제품 제조업,플라스틱 접착처리 제품 제조업,2229,플라스틱 접착처리 제품 제조업,hwp_5digit,hwp_exact,1.0,22291,False,,
플라스틱 창호 제조업,플라스틱 창호 제조업,2222,플라스틱 창호 제조업,hwp_5digit,hwp_exact,1.0,22223,False,,
"플라스틱 포대, 봉투 및 유사제품 제조업",플라스틱 포대 봉투 및 유사제품 제조업,2223,"플라스틱 포대, 봉투 및 유사제품 제조업",hwp_5digit,hwp_exact,1.0,22231,False,,
플라스틱 필름 제조업,플라스틱 필름 제조업,2221,플라스틱 필름 제조업,hwp_5digit,hwp_exact,1.0,22212,False,,
플라스틱 합성피혁 제조업,플라스틱 합성피혁 제조업,2221,플라스틱 합성피혁 제조업,hwp_5digit,hwp_exact,1.0,22214,False,,
플라스틱물질 및 합성고무 도매업,플라스틱물질 및 합성고무 도매업,4673,플라스틱물질 및 합성고무 도매업,hwp_5digit,hwp_exact,1.0,46733,False,,
플라스틱제품 제조업,플라스틱제품 제조업,2230,플라스틱 1차제품 제조업,basic,fuzzy,0.8696,,False,,
피복 및 충전 용접봉 제조업,피복 및 충전 용접봉 제조업,2599,피복 및 충전 용접봉 제조업,hwp_5digit,hwp_exact,1.0,25995,False,,
"피자, 햄버거, 샌드위치 및 유사 음식점업",피자 햄버거 샌드위치 및 유사 음식점업,5619,"피자, 햄버거, 샌드위치 및 유사 음식점업",hwp_5digit,hwp_exact,1.0,56192,False,,
하수 및 폐수 처리업,하수 및 폐수 처리업,3701,하수 처리업,hwp_5digit,split_first,0.8,37011,False,,
하수 처리업,하수 처리업,3701,하수 처리업,hwp_5digit,hwp_exact,1.0,37011,False,,
"하수, 폐수 및 분뇨 처리업",하수 폐수 및 분뇨 처리업,3700,"하수, 폐수 및 분뇨 처리업",basic,exact,1.0,,False,,
한복 제조업,한복 제조업,140,의복 제조업,sub,fuzzy,0.8333,,False,,
한식 육류요리 전문점,한식 육류요리 전문점,5611,한식 육류요리 전문점,hwp_5digit,hwp_exact,1.0,56113,False,,
한식 음식점업,한식 음식점업,5612,중식 음식점업,hwp_5digit,hwp_fuzzy,0.8571,56121,False,,
한식 일반 음식점업,한식 일반 음식점업,5611,한식 일반 음식점업,hwp_5digit,hwp_exact,1.0,56111,False,,
한식 해산물요리 전문점,한식 해산물요리 전문점,5611,한식 해산물요리 전문점,hwp_5digit,hwp_exact,1.0,56114,False,,
한의약품 제조업,한의약품 제조업,2000,의약품,io_name,io_fuzzy,0.8571,21101100,True,,
합금철 제조업,합금철 제조업,2712,합금철,io_name,io_exact,1.0,24113101,True,,
합성고무 및 플라스틱 물질 제조업,합성고무 및 플라스틱 물질 제조업,204,합성고무 및 플라스틱 물질 제조업,sub,exact,1.0,,False,,
합성고무 제조업,합성고무 제조업,2041,합성고무 제조업,basic,exact,1.0,,False,,
합성섬유 제조업,합성섬유 제조업,2050,합성섬유 제조업,hwp_5digit,hwp_exact,1.0,20501,False,,
합성수지 및 기타 플라스틱 물질 제조업,합성수지 및 기타 플라스틱 물질 제조업,2042,합성수지 및 기타 플라스틱 물질 제조업,basic,exact,1.0,,False,,
합성수지선 건조업,합성수지선 건조업,3111,합성수지선 건조업,hwp_5digit,hwp_exact,1.0,31112,False,,
합성의약품 및 기타 완제 의약품 제조업,합성의약품 및 기타 완제 의약품 제조업,2121,합성의약품 및 기타 완제 의약품 제조업,linkage_11th,link11_exact,1.0,21212,False,21212,세분
항공 및 육상 화물 취급업,항공 및 육상 화물 취급업,5294,항공 및 육상 화물 취급업,hwp_5digit,hwp_exact,1.0,52941,False,,
항공 여객 운송업,항공 여객 운송업,5100,항공 운송업,basic,fuzzy,0.8,,False,,
항공 운송업,항공 운송업,5100,항공 운송업,basic,exact,1.0,,False,,
항공 운송지원 서비스업,항공 운송지원 서비스업,5213,항공 운송지원 서비스업,basic,exact,1.0,,False,,
항공 화물 운송업,항공 화물 운송업,5100,항공 운송업,basic,fuzzy,0.8,,False,,
"항공기, 우주선 및 보조장치 제조업",항공기 우주선 및 보조장치 제조업,3120,"항공기, 우주선 및 부품 제조업",basic,fuzzy,0.8235,,False,,
"항공기, 우주선 및 부품 제조업",항공기 우주선 및 부품 제조업,3120,"항공기, 우주선 및 부품 제조업",basic,exact,1.0,,False,,
항공기용 부품 제조업,항공기용 부품 제조업,3132,항공기용 부품 제조업,hwp_5digit,hwp_exact,1.0,31322,False,,
항공기용 엔진 제조업,항공기용 엔진 제조업,3132,항공기용 엔진 제조업,hwp_5digit,hwp_exact,1.0,31321,False,,
항구 및 기타 해상 터미널 운영업,항구 및 기타 해상 터미널 운영업,5292,항구 및 기타 해상 터미널 운영업,hwp_5digit,hwp_exact,1.0,52921,False,,
항만 내 여객 운송업,항만 내 여객 운송업,5020,항만 내 여객 운송업,hwp_5digit,hwp_exact,1.0,50202,False,,
"항만, 수로, 댐 및 유사 구조물 건설업",항만 수로 댐 및 유사 구조물 건설업,4122,"항만, 수로, 댐 및 유사 구조물 건설업",hwp_5digit,hwp_exact,1.0,41223,False,,
해상 운송업,해상 운송업,49,육상 운송업,mid,fuzzy,0.8333,,False,,
해수면 양식 어업,해수면 양식 어업,0321,해수면 양식 어업,hwp_5digit,hwp_exact,1.0,03211,False,,
해수면 어업,해수면 어업,0312,내수면 어업,hwp_5digit,hwp_fuzzy,0.8333,03120,False,,
"해체, 선별 및 원료 재생업",해체 선별 및 원료 재생업,3831,금속류 원료 재생업,manual,manual_override,1.0,38312,False,,
핵반응기 및 증기 보일러 제조업,핵반응기 및 증기 보일러 제조업,2513,핵반응기 및 증기보일러 제조업,hwp_5digit,hwp_fuzzy,0.9697,25130,False,,
핵반응기 및 증기보일러 제조업,핵반응기 및 증기보일러 제조업,2513,핵반응기 및 증기보일러 제조업,hwp_5digit,hwp_exact,1.0,25130,False,,
핸드백 및 지갑 제조업,핸드백 및 지갑 제조업,1512,핸드백 및 지갑 제조업,hwp_5digit,hwp_exact,1.0,15121,False,,
"핸드백, 가방 및 기타 보호용 케이스 제조업",핸드백 가방 및 기타 보호용 케이스 제조업,1512,가방 및 기타 보호용 케이스 제조업,hwp_5digit,hwp_fuzzy,0.9048,15129,False,,
협회 및 단체,협회 및 단체,930,협회 및 단체,sub,exact,1.0,,False,,
호스팅 및 관련 서비스업,호스팅 및 관련 서비스업,6311,호스팅 및 관련 서비스업,hwp_5digit,hwp_exact,1.0,63112,False,,
호텔업,호텔업,5510,호텔업,hwp_5digit,hwp_exact,1.0,55101,False,,
혼성 및 재생 플라스틱 소재 물질 제조업,혼성 및 재생 플라스틱 소재 물질 제조업,2020,혼성 및 재생 플라스틱 소재 물질 제조업,hwp_5digit,hwp_exact,1.0,20203,False,,
화력 발전업,화력 발전업,4502,화력,io_name,io_exact,1.0,35113,False,,
화물 취급업,화물 취급업,5220,화물 취급업,basic,exact,1.0,,False,,
"화물 포장, 검수 및 계량 서비스업",화물 포장 검수 및 계량 서비스업,5299,"화물 포장, 검수 및 계량 서비스업",hwp_5digit,hwp_exact,1.0,52993,False,,
"화물운송 중개, 대리 및 관련 서비스업",화물운송 중개 대리 및 관련 서비스업,5299,"화물운송 중개, 대리 및 관련 서비스업",hwp_5digit,hwp_exact,1.0,52992,False,,
화약 및 불꽃제품 제조업,화약 및 불꽃제품 제조업,2049,화약 및 불꽃제품 제조업,hwp_5digit,hwp_exact,1.0,20494,False,,
"화장터 운영, 묘지 분양 및 관리업",화장터 운영 묘지 분양 및 관리업,9692,"화장터 운영, 묘지 분양 및 관리업",hwp_5digit,hwp_exact,1.0,96922,False,,
화장품 및 화장용품 도매업,화장품 및 화장용품 도매업,4644,화장품 및 화장용품 도매업,hwp_5digit,hwp_exact,1.0,46443,False,,
화장품 제조업,화장품 제조업,2081,화장품 제조업,basic,exact,1.0,,False,,
"화장품, 비누 및 방향제 소매업",화장품 비누 및 방향제 소매업,4781,"화장품, 비누 및 방향제 소매업",hwp_5digit,hwp_exact,1.0,47813,False,,
화초 및 식물 소매업,화초 및 식물 소매업,4785,화초 및 식물 소매업,hwp_5digit,hwp_exact,1.0,47851,False,,
화학 살균ㆍ살충제 및 농업용 약제 제조업,화학 살균살충제 및 농업용 약제 제조업,2032,화학 살균ㆍ살충제 및 농업용 약제 제조업,linkage_11th,link11_exact,1.0,20321,False,20321,
화학물질 및 화학제품 도매업,화학물질 및 화학제품 도매업,20,화학물질 및 화학제품 제조업,mid,fuzzy,0.8667,,False,,
화학물질 및 화학제품 제조업; 의약품 제외,화학물질 및 화학제품 제조업,20,화학물질 및 화학제품 제조업,mid,exact,1.0,,False,,
화학섬유 방적업,화학섬유 방적업,1310,화학섬유 방적업,hwp_5digit,hwp_exact,1.0,13103,False,,
화학섬유 제조업,화학섬유 제조업,2050,화학섬유 제조업,basic,exact,1.0,,False,,
화학섬유직물 직조업,화학섬유직물 직조업,1321,화학섬유직물 직조업,hwp_5digit,hwp_exact,1.0,13213,False,,
화학용 및 비료원료용 광물 광업,화학용 및 비료원료용 광물 광업,0721,화학용 및 비료원료용 광물 광업,hwp_5digit,hwp_exact,1.0,07210,False,,
화훼류 및 식물 도매업,화훼류 및 식물 도매업,4620,화훼류 및 식물 도매업,hwp_5digit,hwp_exact,1.0,46204,False,,
화훼작물 재배업,화훼작물 재배업,011,작물 재배업,sub,fuzzy,0.8571,,False,,
환경 관련 엔지니어링 서비스업,환경 관련 엔지니어링 서비스업,7212,환경 관련 엔지니어링 서비스업,hwp_5digit,hwp_exact,1.0,72122,False,,
환경 정화 및 복원업,환경 정화 및 복원업,3900,환경 정화 및 복원업,basic,exact,1.0,,False,,
환경설비 건설업,환경설비 건설업,4122,환경설비 건설업,hwp_5digit,hwp_exact,1.0,41224,False,,
회계 및 세무관련 서비스업,회계 및 세무관련 서비스업,7211,건축설계 및 관련 서비스업,hwp_5digit,hwp_fuzzy,0.7857,72111,False,,
회사 본부,회사 본부,7153,경영 컨설팅업,manual,manual_override,1.0,71531,False,,
회사 본부 및 경영 컨설팅 서비스업,회사 본부 및 경영 컨설팅 서비스업,7153,경영 컨설팅업,manual,manual_override,1.0,71531,False,,
휴양콘도 운영업,휴양콘도 운영업,5510,휴양콘도 운영업,hwp_5digit,hwp_exact,1.0,55103,False,,
